
============================================================
beforeinfo ƒoƒbƒNƒtƒBƒ‹ ŠJŽn: 2026-07-24 16:16:20
‘ÎÛŠúŠÔ: 2026-07-02 ` 2026-07-14
Ý’è: SLEEP=7`14s(ƒ‰ƒ“ƒ_ƒ€) / “úŽŸ‹xŒe90`180s / IPƒuƒƒbƒNŒŸ’mè‡’l=3˜A‘±ƒGƒ‰[
============================================================

[2026-07-02] ŠJÃ‰ïêƒ`ƒFƒbƒN’†...
  ¨ 15‰ïê (•½˜a“‡, ‘½–€ì, •l–¼ŒÎ, Š—ŒS, íŠŠ, ”ú”iŒÎ, ŠÛ‹T, Ž™“‡, “¿ŽR, ‰ºŠÖ, Žá¼, ˆ°‰®, •Ÿ‰ª, “‚’Ã, ‘å‘º)
  [•½˜a“‡] 1R 6‘IŽè ¨ 6ŒXV
  [•½˜a“‡] 2R 6‘IŽè ¨ 6ŒXV
  [•½˜a“‡] 3R 6‘IŽè ¨ 6ŒXV
  [•½˜a“‡] 4R 6‘IŽè ¨ 6ŒXV
  [•½˜a“‡] 5R 6‘IŽè ¨ 6ŒXV
  [•½˜a“‡] 6R 6‘IŽè ¨ 6ŒXV
  [•½˜a“‡] 7R 6‘IŽè ¨ 6ŒXV
  [•½˜a“‡] 8R 6‘IŽè ¨ 6ŒXV
  [•½˜a“‡] 9R 6‘IŽè ¨ 6ŒXV
  [•½˜a“‡] 10R 6‘IŽè ¨ 6ŒXV
  [•½˜a“‡] 11R 6‘IŽè ¨ 6ŒXV
  [•½˜a“‡] 12R 6‘IŽè ¨ 6ŒXV
  [‘½–€ì] 1R 6‘IŽè ¨ 6ŒXV
  [‘½–€ì] 2R 6‘IŽè ¨ 6ŒXV
  [‘½–€ì] 3R 6‘IŽè ¨ 6ŒXV
  [‘½–€ì] 4R 6‘IŽè ¨ 6ŒXV
  [‘½–€ì] 5R 6‘IŽè ¨ 6ŒXV
  [‘½–€ì] 6R 6‘IŽè ¨ 6ŒXV
  [‘½–€ì] 7R 6‘IŽè ¨ 6ŒXV
  [‘½–€ì] 8R 6‘IŽè ¨ 6ŒXV
  [‘½–€ì] 9R 6‘IŽè ¨ 6ŒXV
  [‘½–€ì] 10R 6‘IŽè ¨ 6ŒXV
  [‘½–€ì] 11R 6‘IŽè ¨ 6ŒXV
  [‘½–€ì] 12R 6‘IŽè ¨ 6ŒXV
  [•l–¼ŒÎ] 1R 6‘IŽè ¨ 6ŒXV
  [•l–¼ŒÎ] 2R 6‘IŽè ¨ 6ŒXV
  [•l–¼ŒÎ] 3R 6‘IŽè ¨ 6ŒXV
  [•l–¼ŒÎ] 4R 6‘IŽè ¨ 6ŒXV
  [•l–¼ŒÎ] 5R 6‘IŽè ¨ 6ŒXV
  [•l–¼ŒÎ] 6R 6‘IŽè ¨ 6ŒXV
  [•l–¼ŒÎ] 7R 6‘IŽè ¨ 6ŒXV
  [•l–¼ŒÎ] 8R 6‘IŽè ¨ 6ŒXV
  [•l–¼ŒÎ] 9R 6‘IŽè ¨ 6ŒXV
  [•l–¼ŒÎ] 10R 6‘IŽè ¨ 6ŒXV
  [•l–¼ŒÎ] 11R 6‘IŽè ¨ 6ŒXV
  [•l–¼ŒÎ] 12R 6‘IŽè ¨ 6ŒXV
  [Š—ŒS] 1R 6‘IŽè ¨ 6ŒXV
  [Š—ŒS] 2R 6‘IŽè ¨ 6ŒXV
  [Š—ŒS] 3R 6‘IŽè ¨ 6ŒXV
  [Š—ŒS] 4R 6‘IŽè ¨ 6ŒXV
  [Š—ŒS] 5R 6‘IŽè ¨ 6ŒXV
  [Š—ŒS] 6R 6‘IŽè ¨ 6ŒXV
  [Š—ŒS] 7R 6‘IŽè ¨ 6ŒXV
  [Š—ŒS] 8R 6‘IŽè ¨ 6ŒXV
  [Š—ŒS] 9R 6‘IŽè ¨ 6ŒXV
  [Š—ŒS] 10R 6‘IŽè ¨ 6ŒXV
  [Š—ŒS] 11R 6‘IŽè ¨ 6ŒXV
  [Š—ŒS] 12R 6‘IŽè ¨ 6ŒXV
  [íŠŠ] 1R 6‘IŽè ¨ 6ŒXV
  [íŠŠ] 2R 6‘IŽè ¨ 6ŒXV
  [íŠŠ] 3R 6‘IŽè ¨ 6ŒXV
  [íŠŠ] 4R 6‘IŽè ¨ 6ŒXV
  [íŠŠ] 5R 6‘IŽè ¨ 6ŒXV
  [íŠŠ] 6R 6‘IŽè ¨ 6ŒXV
  [íŠŠ] 7R 6‘IŽè ¨ 6ŒXV
  [íŠŠ] 8R 6‘IŽè ¨ 6ŒXV
  [íŠŠ] 9R 6‘IŽè ¨ 6ŒXV
  [íŠŠ] 10R 6‘IŽè ¨ 6ŒXV
  [íŠŠ] 11R 6‘IŽè ¨ 6ŒXV
  [íŠŠ] 12R 6‘IŽè ¨ 6ŒXV
  [”ú”iŒÎ] 1R 6‘IŽè ¨ 6ŒXV
  [”ú”iŒÎ] 2R 6‘IŽè ¨ 6ŒXV
  [”ú”iŒÎ] 3R 6‘IŽè ¨ 6ŒXV
  [”ú”iŒÎ] 4R 6‘IŽè ¨ 6ŒXV
  [”ú”iŒÎ] 5R 6‘IŽè ¨ 6ŒXV
  [”ú”iŒÎ] 6R 6‘IŽè ¨ 6ŒXV
  [”ú”iŒÎ] 7R 6‘IŽè ¨ 6ŒXV
  [”ú”iŒÎ] 8R 6‘IŽè ¨ 6ŒXV
  [”ú”iŒÎ] 9R 6‘IŽè ¨ 6ŒXV
  [”ú”iŒÎ] 10R 6‘IŽè ¨ 6ŒXV
  [”ú”iŒÎ] 11R 6‘IŽè ¨ 6ŒXV
  [”ú”iŒÎ] 12R 6‘IŽè ¨ 6ŒXV
  [ŠÛ‹T] 1R ƒf[ƒ^‚È‚µ
  [ŠÛ‹T] 2R ƒf[ƒ^‚È‚µ
  [ŠÛ‹T] 3R ƒf[ƒ^‚È‚µ
  [ŠÛ‹T] 4R ƒf[ƒ^‚È‚µ
  [ŠÛ‹T] 5R ƒf[ƒ^‚È‚µ
  [ŠÛ‹T] 6R ƒf[ƒ^‚È‚µ
  [ŠÛ‹T] 7R ƒf[ƒ^‚È‚µ
  [ŠÛ‹T] 8R ƒf[ƒ^‚È‚µ
  [ŠÛ‹T] 9R ƒf[ƒ^‚È‚µ
  [ŠÛ‹T] 10R ƒf[ƒ^‚È‚µ
  [ŠÛ‹T] 11R ƒf[ƒ^‚È‚µ
  [ŠÛ‹T] 12R ƒf[ƒ^‚È‚µ
  [Ž™“‡] 1R 6‘IŽè ¨ 6ŒXV
  [Ž™“‡] 2R 6‘IŽè ¨ 6ŒXV
  [Ž™“‡] 3R 6‘IŽè ¨ 6ŒXV
  [Ž™“‡] 4R 6‘IŽè ¨ 6ŒXV
  [Ž™“‡] 5R 6‘IŽè ¨ 6ŒXV
  [Ž™“‡] 6R 6‘IŽè ¨ 6ŒXV
  [Ž™“‡] 7R 6‘IŽè ¨ 6ŒXV
  [Ž™“‡] 8R 6‘IŽè ¨ 6ŒXV
  [Ž™“‡] 9R 6‘IŽè ¨ 6ŒXV
  [Ž™“‡] 10R 6‘IŽè ¨ 6ŒXV
  [Ž™“‡] 11R 6‘IŽè ¨ 6ŒXV
  [Ž™“‡] 12R 6‘IŽè ¨ 6ŒXV
  [“¿ŽR] 1R ƒf[ƒ^‚È‚µ
  [“¿ŽR] 2R ƒf[ƒ^‚È‚µ
  [“¿ŽR] 3R ƒf[ƒ^‚È‚µ
  [“¿ŽR] 4R ƒf[ƒ^‚È‚µ
  [“¿ŽR] 5R ƒf[ƒ^‚È‚µ
  [“¿ŽR] 6R ƒf[ƒ^‚È‚µ
  [“¿ŽR] 7R ƒf[ƒ^‚È‚µ
  [“¿ŽR] 8R ƒf[ƒ^‚È‚µ
  [“¿ŽR] 9R ƒf[ƒ^‚È‚µ
  [“¿ŽR] 10R ƒf[ƒ^‚È‚µ
  [“¿ŽR] 11R ƒf[ƒ^‚È‚µ
  [“¿ŽR] 12R ƒf[ƒ^‚È‚µ
  [‰ºŠÖ] 1R 6‘IŽè ¨ 6ŒXV
  [‰ºŠÖ] 2R 6‘IŽè ¨ 6ŒXV
  [‰ºŠÖ] 3R 6‘IŽè ¨ 6ŒXV
  [‰ºŠÖ] 4R 6‘IŽè ¨ 6ŒXV
  [‰ºŠÖ] 5R 6‘IŽè ¨ 6ŒXV
  [‰ºŠÖ] 6R 6‘IŽè ¨ 6ŒXV
  [‰ºŠÖ] 7R 6‘IŽè ¨ 6ŒXV
  [‰ºŠÖ] 8R 6‘IŽè ¨ 6ŒXV
  [‰ºŠÖ] 9R 6‘IŽè ¨ 6ŒXV
  [‰ºŠÖ] 10R 6‘IŽè ¨ 6ŒXV
  [‰ºŠÖ] 11R 6‘IŽè ¨ 6ŒXV
  [‰ºŠÖ] 12R 6‘IŽè ¨ 6ŒXV
  [Žá¼] 1R 6‘IŽè ¨ 6ŒXV
  [Žá¼] 2R 6‘IŽè ¨ 6ŒXV
  [Žá¼] 3R 6‘IŽè ¨ 6ŒXV
  [Žá¼] 4R 6‘IŽè ¨ 6ŒXV
  [Žá¼] 5R 6‘IŽè ¨ 6ŒXV
  [Žá¼] 6R 6‘IŽè ¨ 6ŒXV
  [Žá¼] 7R 6‘IŽè ¨ 6ŒXV
  [Žá¼] 8R 6‘IŽè ¨ 6ŒXV
  [Žá¼] 9R 6‘IŽè ¨ 6ŒXV
  [Žá¼] 10R 6‘IŽè ¨ 6ŒXV
  [Žá¼] 11R 6‘IŽè ¨ 6ŒXV
  [Žá¼] 12R 6‘IŽè ¨ 6ŒXV
  [ˆ°‰®] 1R 6‘IŽè ¨ 6ŒXV
  [ˆ°‰®] 2R 6‘IŽè ¨ 6ŒXV
  [ˆ°‰®] 3R 6‘IŽè ¨ 6ŒXV
  [ˆ°‰®] 4R 6‘IŽè ¨ 6ŒXV
  [ˆ°‰®] 5R 6‘IŽè ¨ 6ŒXV
  [ˆ°‰®] 6R 6‘IŽè ¨ 6ŒXV
  [ˆ°‰®] 7R 6‘IŽè ¨ 6ŒXV
  [ˆ°‰®] 8R 6‘IŽè ¨ 6ŒXV
  [ˆ°‰®] 9R 6‘IŽè ¨ 6ŒXV
  [ˆ°‰®] 10R 6‘IŽè ¨ 6ŒXV
  [ˆ°‰®] 11R 6‘IŽè ¨ 6ŒXV
  [ˆ°‰®] 12R 6‘IŽè ¨ 6ŒXV
  [•Ÿ‰ª] 1R 6‘IŽè ¨ 6ŒXV
  [•Ÿ‰ª] 2R 6‘IŽè ¨ 6ŒXV
  [•Ÿ‰ª] 3R 6‘IŽè ¨ 6ŒXV
  [•Ÿ‰ª] 4R 6‘IŽè ¨ 6ŒXV
  [•Ÿ‰ª] 5R 6‘IŽè ¨ 6ŒXV
  [•Ÿ‰ª] 6R 6‘IŽè ¨ 6ŒXV
  [•Ÿ‰ª] 7R 6‘IŽè ¨ 6ŒXV
  [•Ÿ‰ª] 8R 6‘IŽè ¨ 6ŒXV
  [•Ÿ‰ª] 9R 6‘IŽè ¨ 6ŒXV
  [•Ÿ‰ª] 10R 6‘IŽè ¨ 6ŒXV
  [•Ÿ‰ª] 11R 6‘IŽè ¨ 6ŒXV
  [•Ÿ‰ª] 12R 6‘IŽè ¨ 6ŒXV
  [“‚’Ã] 1R 6‘IŽè ¨ 6ŒXV
  [“‚’Ã] 2R 6‘IŽè ¨ 6ŒXV
  [“‚’Ã] 3R 6‘IŽè ¨ 6ŒXV
  [“‚’Ã] 4R 6‘IŽè ¨ 6ŒXV
  [“‚’Ã] 5R 6‘IŽè ¨ 6ŒXV
  [“‚’Ã] 6R 6‘IŽè ¨ 6ŒXV
  [“‚’Ã] 7R 6‘IŽè ¨ 6ŒXV
  [“‚’Ã] 8R 6‘IŽè ¨ 6ŒXV
  [“‚’Ã] 9R 6‘IŽè ¨ 6ŒXV
  [“‚’Ã] 10R 6‘IŽè ¨ 6ŒXV
  [“‚’Ã] 11R 6‘IŽè ¨ 6ŒXV
  [“‚’Ã] 12R 6‘IŽè ¨ 6ŒXV
  [‘å‘º] 1R 6‘IŽè ¨ 6ŒXV
  [‘å‘º] 2R 6‘IŽè ¨ 6ŒXV
  [‘å‘º] 3R 6‘IŽè ¨ 6ŒXV
  [‘å‘º] 4R 6‘IŽè ¨ 6ŒXV
  [‘å‘º] 5R 6‘IŽè ¨ 6ŒXV
  [‘å‘º] 6R 6‘IŽè ¨ 6ŒXV
  [‘å‘º] 7R 6‘IŽè ¨ 6ŒXV
  [‘å‘º] 8R 6‘IŽè ¨ 6ŒXV
  [‘å‘º] 9R 6‘IŽè ¨ 6ŒXV
  [‘å‘º] 10R 6‘IŽè ¨ 6ŒXV
  [‘å‘º] 11R 6‘IŽè ¨ 6ŒXV
  [‘å‘º] 12R 6‘IŽè ¨ 6ŒXV
  [2026-07-02] ¬Œv: XV936Œ / ƒf[ƒ^‚È‚µ24Œ

  [‹xŒe] 108•b ‘Ò‹@’†...

[2026-07-03] ŠJÃ‰ïêƒ`ƒFƒbƒN’†...
  ¨ 16‰ïê (•½˜a“‡, •l–¼ŒÎ, Š—ŒS, íŠŠ, ’Ã, ”ú”iŒÎ, Z”V], “òè, ŠÛ‹T, Ž™“‡, “¿ŽR, ‰ºŠÖ, Žá¼, ˆ°‰®, •Ÿ‰ª, “‚’Ã)
  [•½˜a“‡] 1R 6‘IŽè ¨ 6ŒXV
  [•½˜a“‡] 2R 6‘IŽè ¨ 6ŒXV
  [•½˜a“‡] 3R 6‘IŽè ¨ 6ŒXV
  [•½˜a“‡] 4R 6‘IŽè ¨ 6ŒXV
  [•½˜a“‡] 5R 6‘IŽè ¨ 6ŒXV
  [•½˜a“‡] 6R 6‘IŽè ¨ 6ŒXV
  [•½˜a“‡] 7R 6‘IŽè ¨ 6ŒXV
  [•½˜a“‡] 8R 6‘IŽè ¨ 6ŒXV
  [•½˜a“‡] 9R 6‘IŽè ¨ 6ŒXV
  [•½˜a“‡] 10R 6‘IŽè ¨ 6ŒXV
  [•½˜a“‡] 11R 6‘IŽè ¨ 6ŒXV
  [•½˜a“‡] 12R 6‘IŽè ¨ 6ŒXV
  [•l–¼ŒÎ] 1R 6‘IŽè ¨ 6ŒXV
  [•l–¼ŒÎ] 2R 6‘IŽè ¨ 6ŒXV
  [•l–¼ŒÎ] 3R 6‘IŽè ¨ 6ŒXV
  [•l–¼ŒÎ] 4R 6‘IŽè ¨ 6ŒXV
  [•l–¼ŒÎ] 5R 6‘IŽè ¨ 6ŒXV
  [•l–¼ŒÎ] 6R 6‘IŽè ¨ 6ŒXV
  [•l–¼ŒÎ] 7R 6‘IŽè ¨ 6ŒXV
  [•l–¼ŒÎ] 8R 6‘IŽè ¨ 6ŒXV
  [•l–¼ŒÎ] 9R 6‘IŽè ¨ 6ŒXV
  [•l–¼ŒÎ] 10R 6‘IŽè ¨ 6ŒXV
  [•l–¼ŒÎ] 11R 6‘IŽè ¨ 6ŒXV
  [•l–¼ŒÎ] 12R 6‘IŽè ¨ 6ŒXV
  [Š—ŒS] 1R 6‘IŽè ¨ 6ŒXV
  [Š—ŒS] 2R 6‘IŽè ¨ 6ŒXV
  [Š—ŒS] 3R 6‘IŽè ¨ 6ŒXV
  [Š—ŒS] 4R 6‘IŽè ¨ 6ŒXV
  [Š—ŒS] 5R 6‘IŽè ¨ 6ŒXV
  [Š—ŒS] 6R 6‘IŽè ¨ 6ŒXV
  [Š—ŒS] 7R 6‘IŽè ¨ 6ŒXV
  [Š—ŒS] 8R 6‘IŽè ¨ 6ŒXV
  [Š—ŒS] 9R 6‘IŽè ¨ 6ŒXV
  [Š—ŒS] 10R 6‘IŽè ¨ 6ŒXV
  [Š—ŒS] 11R 6‘IŽè ¨ 6ŒXV
  [Š—ŒS] 12R 6‘IŽè ¨ 6ŒXV
  [íŠŠ] 1R 6‘IŽè ¨ 6ŒXV
  [íŠŠ] 2R 6‘IŽè ¨ 6ŒXV
  [íŠŠ] 3R 6‘IŽè ¨ 6ŒXV
  [íŠŠ] 4R 6‘IŽè ¨ 6ŒXV
  [íŠŠ] 5R 6‘IŽè ¨ 6ŒXV
  [íŠŠ] 6R 6‘IŽè ¨ 6ŒXV
  [íŠŠ] 7R 6‘IŽè ¨ 6ŒXV
  [íŠŠ] 8R 6‘IŽè ¨ 6ŒXV
  [íŠŠ] 9R 6‘IŽè ¨ 6ŒXV
  [íŠŠ] 10R 6‘IŽè ¨ 6ŒXV
  [íŠŠ] 11R 6‘IŽè ¨ 6ŒXV
  [íŠŠ] 12R 6‘IŽè ¨ 6ŒXV
  [’Ã] 1R 6‘IŽè ¨ 6ŒXV
  [’Ã] 2R 6‘IŽè ¨ 6ŒXV
  [’Ã] 3R 6‘IŽè ¨ 6ŒXV
  [’Ã] 4R 6‘IŽè ¨ 6ŒXV
  [’Ã] 5R 6‘IŽè ¨ 6ŒXV
  [’Ã] 6R 6‘IŽè ¨ 6ŒXV
  [’Ã] 7R 6‘IŽè ¨ 6ŒXV
  [’Ã] 8R 6‘IŽè ¨ 6ŒXV
  [’Ã] 9R 6‘IŽè ¨ 6ŒXV
  [’Ã] 10R 6‘IŽè ¨ 6ŒXV
  [’Ã] 11R 6‘IŽè ¨ 6ŒXV
  [’Ã] 12R 6‘IŽè ¨ 6ŒXV
  [”ú”iŒÎ] 1R 6‘IŽè ¨ 6ŒXV
  [”ú”iŒÎ] 2R 6‘IŽè ¨ 6ŒXV
  [”ú”iŒÎ] 3R 6‘IŽè ¨ 6ŒXV
  [”ú”iŒÎ] 4R 6‘IŽè ¨ 6ŒXV
  [”ú”iŒÎ] 5R 6‘IŽè ¨ 6ŒXV
  [”ú”iŒÎ] 6R 6‘IŽè ¨ 6ŒXV
  [”ú”iŒÎ] 7R 6‘IŽè ¨ 6ŒXV
  [”ú”iŒÎ] 8R 6‘IŽè ¨ 6ŒXV
  [”ú”iŒÎ] 9R 6‘IŽè ¨ 6ŒXV
  [”ú”iŒÎ] 10R 6‘IŽè ¨ 6ŒXV
  [”ú”iŒÎ] 11R 6‘IŽè ¨ 6ŒXV
  [”ú”iŒÎ] 12R 6‘IŽè ¨ 6ŒXV
  [Z”V]] 1R 6‘IŽè ¨ 6ŒXV
  [Z”V]] 2R 6‘IŽè ¨ 6ŒXV
  [Z”V]] 3R 6‘IŽè ¨ 6ŒXV
  [Z”V]] 4R 6‘IŽè ¨ 6ŒXV
  [Z”V]] 5R 6‘IŽè ¨ 6ŒXV
  [Z”V]] 6R 6‘IŽè ¨ 6ŒXV
  [Z”V]] 7R 6‘IŽè ¨ 6ŒXV
  [Z”V]] 8R 6‘IŽè ¨ 6ŒXV
  [Z”V]] 9R 6‘IŽè ¨ 6ŒXV
  [Z”V]] 10R 6‘IŽè ¨ 6ŒXV
  [Z”V]] 11R 6‘IŽè ¨ 6ŒXV
  [Z”V]] 12R 6‘IŽè ¨ 6ŒXV
  [“òè] 1R 6‘IŽè ¨ 6ŒXV
  [“òè] 2R 6‘IŽè ¨ 6ŒXV
  [“òè] 3R 6‘IŽè ¨ 6ŒXV
  [“òè] 4R 6‘IŽè ¨ 6ŒXV
  [“òè] 5R 6‘IŽè ¨ 6ŒXV
  [“òè] 6R 6‘IŽè ¨ 6ŒXV
  [“òè] 7R 6‘IŽè ¨ 6ŒXV
  [“òè] 8R 6‘IŽè ¨ 6ŒXV
  [“òè] 9R 6‘IŽè ¨ 6ŒXV
  [“òè] 10R 6‘IŽè ¨ 6ŒXV
  [“òè] 11R 6‘IŽè ¨ 6ŒXV
  [“òè] 12R 6‘IŽè ¨ 6ŒXV
  [ŠÛ‹T] 1R ƒf[ƒ^‚È‚µ
  [ŠÛ‹T] 2R ƒf[ƒ^‚È‚µ
  [ŠÛ‹T] 3R ƒf[ƒ^‚È‚µ
  [ŠÛ‹T] 4R ƒf[ƒ^‚È‚µ
  [ŠÛ‹T] 5R ƒf[ƒ^‚È‚µ
  [ŠÛ‹T] 6R ƒf[ƒ^‚È‚µ
  [ŠÛ‹T] 7R ƒf[ƒ^‚È‚µ
  [ŠÛ‹T] 8R ƒf[ƒ^‚È‚µ
  [ŠÛ‹T] 9R ƒf[ƒ^‚È‚µ
  [ŠÛ‹T] 10R ƒf[ƒ^‚È‚µ
  [ŠÛ‹T] 11R ƒf[ƒ^‚È‚µ
  [ŠÛ‹T] 12R ƒf[ƒ^‚È‚µ
  [Ž™“‡] 1R 6‘IŽè ¨ 6ŒXV
  [Ž™“‡] 2R 6‘IŽè ¨ 6ŒXV
  [Ž™“‡] 3R 6‘IŽè ¨ 6ŒXV
  [Ž™“‡] 4R 6‘IŽè ¨ 6ŒXV
  [Ž™“‡] 5R 6‘IŽè ¨ 6ŒXV
  [Ž™“‡] 6R 6‘IŽè ¨ 6ŒXV
  [Ž™“‡] 7R 6‘IŽè ¨ 6ŒXV
  [Ž™“‡] 8R 6‘IŽè ¨ 6ŒXV
  [Ž™“‡] 9R 6‘IŽè ¨ 6ŒXV
  [Ž™“‡] 10R 6‘IŽè ¨ 6ŒXV
  [Ž™“‡] 11R 6‘IŽè ¨ 6ŒXV
  [Ž™“‡] 12R 6‘IŽè ¨ 6ŒXV
  [“¿ŽR] 1R ƒf[ƒ^‚È‚µ
  [“¿ŽR] 2R ƒf[ƒ^‚È‚µ
  [“¿ŽR] 3R ƒf[ƒ^‚È‚µ
  [“¿ŽR] 4R ƒf[ƒ^‚È‚µ
  [“¿ŽR] 5R ƒf[ƒ^‚È‚µ
  [“¿ŽR] 6R ƒf[ƒ^‚È‚µ
  [“¿ŽR] 7R ƒf[ƒ^‚È‚µ
  [“¿ŽR] 8R ƒf[ƒ^‚È‚µ
  [“¿ŽR] 9R ƒf[ƒ^‚È‚µ
  [“¿ŽR] 10R ƒf[ƒ^‚È‚µ
  [“¿ŽR] 11R ƒf[ƒ^‚È‚µ
  [“¿ŽR] 12R ƒf[ƒ^‚È‚µ
  [‰ºŠÖ] 1R 6‘IŽè ¨ 6ŒXV
  [‰ºŠÖ] 2R 6‘IŽè ¨ 6ŒXV
  [‰ºŠÖ] 3R 6‘IŽè ¨ 6ŒXV
  [‰ºŠÖ] 4R 6‘IŽè ¨ 6ŒXV
  [‰ºŠÖ] 5R 6‘IŽè ¨ 6ŒXV
  [‰ºŠÖ] 6R 6‘IŽè ¨ 6ŒXV
  [‰ºŠÖ] 7R 6‘IŽè ¨ 6ŒXV
  [‰ºŠÖ] 8R 6‘IŽè ¨ 6ŒXV
  [‰ºŠÖ] 9R 6‘IŽè ¨ 6ŒXV
  [‰ºŠÖ] 10R 6‘IŽè ¨ 6ŒXV
  [‰ºŠÖ] 11R 6‘IŽè ¨ 6ŒXV
  [‰ºŠÖ] 12R 6‘IŽè ¨ 6ŒXV
  [Žá¼] 1R 6‘IŽè ¨ 6ŒXV
  [Žá¼] 2R 6‘IŽè ¨ 6ŒXV
  [Žá¼] 3R 6‘IŽè ¨ 6ŒXV
  [Žá¼] 4R 6‘IŽè ¨ 6ŒXV
  [Žá¼] 5R 6‘IŽè ¨ 6ŒXV
  [Žá¼] 6R 6‘IŽè ¨ 6ŒXV
  [Žá¼] 7R 6‘IŽè ¨ 6ŒXV
  [Žá¼] 8R 6‘IŽè ¨ 6ŒXV
  [Žá¼] 9R 6‘IŽè ¨ 6ŒXV
  [Žá¼] 10R 6‘IŽè ¨ 6ŒXV
  [Žá¼] 11R 6‘IŽè ¨ 6ŒXV
  [Žá¼] 12R 6‘IŽè ¨ 6ŒXV
  [ˆ°‰®] 1R 6‘IŽè ¨ 6ŒXV
  [ˆ°‰®] 2R 6‘IŽè ¨ 6ŒXV
  [ˆ°‰®] 3R 6‘IŽè ¨ 6ŒXV
  [ˆ°‰®] 4R 6‘IŽè ¨ 6ŒXV
  [ˆ°‰®] 5R 6‘IŽè ¨ 6ŒXV
  [ˆ°‰®] 6R 6‘IŽè ¨ 6ŒXV
  [ˆ°‰®] 7R 6‘IŽè ¨ 6ŒXV
  [ˆ°‰®] 8R 6‘IŽè ¨ 6ŒXV
  [ˆ°‰®] 9R 6‘IŽè ¨ 6ŒXV
  [ˆ°‰®] 10R 6‘IŽè ¨ 6ŒXV
  [ˆ°‰®] 11R 6‘IŽè ¨ 6ŒXV
  [ˆ°‰®] 12R 6‘IŽè ¨ 6ŒXV
  [•Ÿ‰ª] 1R 6‘IŽè ¨ 6ŒXV
  [•Ÿ‰ª] 2R 6‘IŽè ¨ 6ŒXV
  [•Ÿ‰ª] 3R 6‘IŽè ¨ 6ŒXV
  [•Ÿ‰ª] 4R 6‘IŽè ¨ 6ŒXV
  [•Ÿ‰ª] 5R 6‘IŽè ¨ 6ŒXV
  [•Ÿ‰ª] 6R 6‘IŽè ¨ 6ŒXV
  [•Ÿ‰ª] 7R 6‘IŽè ¨ 6ŒXV
  [•Ÿ‰ª] 8R 6‘IŽè ¨ 6ŒXV
  [•Ÿ‰ª] 9R 6‘IŽè ¨ 6ŒXV
  [•Ÿ‰ª] 10R 6‘IŽè ¨ 6ŒXV
  [•Ÿ‰ª] 11R 6‘IŽè ¨ 6ŒXV
  [•Ÿ‰ª] 12R 6‘IŽè ¨ 6ŒXV
  [“‚’Ã] 1R 6‘IŽè ¨ 6ŒXV
  [“‚’Ã] 2R 6‘IŽè ¨ 6ŒXV
  [“‚’Ã] 3R 6‘IŽè ¨ 6ŒXV
  [“‚’Ã] 4R 6‘IŽè ¨ 6ŒXV
  [“‚’Ã] 5R 6‘IŽè ¨ 6ŒXV
  [“‚’Ã] 6R 6‘IŽè ¨ 6ŒXV
  [“‚’Ã] 7R 6‘IŽè ¨ 6ŒXV
  [“‚’Ã] 8R 6‘IŽè ¨ 6ŒXV
  [“‚’Ã] 9R 6‘IŽè ¨ 6ŒXV
  [“‚’Ã] 10R 6‘IŽè ¨ 6ŒXV
  [“‚’Ã] 11R 6‘IŽè ¨ 6ŒXV
  [“‚’Ã] 12R 6‘IŽè ¨ 6ŒXV
  [2026-07-03] ¬Œv: XV1008Œ / ƒf[ƒ^‚È‚µ24Œ

  [‹xŒe] 97•b ‘Ò‹@’†...

[2026-07-04] ŠJÃ‰ïêƒ`ƒFƒbƒN’†...
  ¨ 17‰ïê (‹Ë¶, •½˜a“‡, •l–¼ŒÎ, Š—ŒS, íŠŠ, ’Ã, Z”V], “òè, ŠÛ‹T, Ž™“‡, ‹{“‡, “¿ŽR, ‰ºŠÖ, Žá¼, ˆ°‰®, •Ÿ‰ª, “‚’Ã)
  [‹Ë¶] 1R 6‘IŽè ¨ 6ŒXV
  [‹Ë¶] 2R 6‘IŽè ¨ 6ŒXV
  [‹Ë¶] 3R 6‘IŽè ¨ 6ŒXV
  [‹Ë¶] 4R 6‘IŽè ¨ 6ŒXV
  [‹Ë¶] 5R 6‘IŽè ¨ 6ŒXV
  [‹Ë¶] 6R 6‘IŽè ¨ 6ŒXV
  [‹Ë¶] 7R 6‘IŽè ¨ 6ŒXV
  [‹Ë¶] 8R 6‘IŽè ¨ 6ŒXV
  [‹Ë¶] 9R 6‘IŽè ¨ 6ŒXV
  [‹Ë¶] 10R 6‘IŽè ¨ 6ŒXV
  [‹Ë¶] 11R 6‘IŽè ¨ 6ŒXV
  [‹Ë¶] 12R 6‘IŽè ¨ 6ŒXV
  [•½˜a“‡] 1R 6‘IŽè ¨ 6ŒXV
  [•½˜a“‡] 2R 6‘IŽè ¨ 6ŒXV
  [•½˜a“‡] 3R 6‘IŽè ¨ 6ŒXV
  [•½˜a“‡] 4R 6‘IŽè ¨ 6ŒXV
  [•½˜a“‡] 5R 6‘IŽè ¨ 6ŒXV
  [•½˜a“‡] 6R 6‘IŽè ¨ 6ŒXV
  [•½˜a“‡] 7R 6‘IŽè ¨ 6ŒXV
  [•½˜a“‡] 8R 6‘IŽè ¨ 6ŒXV
  [•½˜a“‡] 9R 6‘IŽè ¨ 6ŒXV
  [•½˜a“‡] 10R 6‘IŽè ¨ 6ŒXV
  [•½˜a“‡] 11R 6‘IŽè ¨ 6ŒXV
  [•½˜a“‡] 12R 6‘IŽè ¨ 6ŒXV
  [•l–¼ŒÎ] 1R 6‘IŽè ¨ 6ŒXV
  [•l–¼ŒÎ] 2R 6‘IŽè ¨ 6ŒXV
  [•l–¼ŒÎ] 3R 6‘IŽè ¨ 6ŒXV
  [•l–¼ŒÎ] 4R 6‘IŽè ¨ 6ŒXV
  [•l–¼ŒÎ] 5R 6‘IŽè ¨ 6ŒXV
  [•l–¼ŒÎ] 6R 6‘IŽè ¨ 6ŒXV
  [•l–¼ŒÎ] 7R 6‘IŽè ¨ 6ŒXV
  [•l–¼ŒÎ] 8R 6‘IŽè ¨ 6ŒXV
  [•l–¼ŒÎ] 9R 6‘IŽè ¨ 6ŒXV
  [•l–¼ŒÎ] 10R 6‘IŽè ¨ 6ŒXV
  [•l–¼ŒÎ] 11R 6‘IŽè ¨ 6ŒXV
  [•l–¼ŒÎ] 12R 6‘IŽè ¨ 6ŒXV
  [Š—ŒS] 1R 6‘IŽè ¨ 6ŒXV
  [Š—ŒS] 2R 6‘IŽè ¨ 6ŒXV
  [Š—ŒS] 3R 6‘IŽè ¨ 6ŒXV
  [Š—ŒS] 4R 6‘IŽè ¨ 6ŒXV
  [Š—ŒS] 5R 6‘IŽè ¨ 6ŒXV
  [Š—ŒS] 6R 6‘IŽè ¨ 6ŒXV
  [Š—ŒS] 7R 6‘IŽè ¨ 6ŒXV
  [Š—ŒS] 8R 6‘IŽè ¨ 6ŒXV
  [Š—ŒS] 9R 6‘IŽè ¨ 6ŒXV
  [Š—ŒS] 10R 6‘IŽè ¨ 6ŒXV
  [Š—ŒS] 11R 6‘IŽè ¨ 6ŒXV
  [Š—ŒS] 12R 6‘IŽè ¨ 6ŒXV
  [íŠŠ] 1R 6‘IŽè ¨ 6ŒXV
  [íŠŠ] 2R 6‘IŽè ¨ 6ŒXV
  [íŠŠ] 3R 6‘IŽè ¨ 6ŒXV
  [íŠŠ] 4R 6‘IŽè ¨ 6ŒXV
  [íŠŠ] 5R 6‘IŽè ¨ 6ŒXV
  [íŠŠ] 6R 6‘IŽè ¨ 6ŒXV
  [íŠŠ] 7R 6‘IŽè ¨ 6ŒXV
  [íŠŠ] 8R 6‘IŽè ¨ 6ŒXV
  [íŠŠ] 9R 6‘IŽè ¨ 6ŒXV
  [íŠŠ] 10R 6‘IŽè ¨ 6ŒXV
  [íŠŠ] 11R 6‘IŽè ¨ 6ŒXV
  [íŠŠ] 12R 6‘IŽè ¨ 6ŒXV
  [’Ã] 1R 6‘IŽè ¨ 6ŒXV
  [’Ã] 2R 6‘IŽè ¨ 6ŒXV
  [’Ã] 3R 6‘IŽè ¨ 6ŒXV
  [’Ã] 4R 6‘IŽè ¨ 6ŒXV
  [’Ã] 5R 6‘IŽè ¨ 6ŒXV
  [’Ã] 6R 6‘IŽè ¨ 6ŒXV
  [’Ã] 7R 6‘IŽè ¨ 6ŒXV
  [’Ã] 8R 6‘IŽè ¨ 6ŒXV
  [’Ã] 9R 6‘IŽè ¨ 6ŒXV
  [’Ã] 10R 6‘IŽè ¨ 6ŒXV
  [’Ã] 11R 6‘IŽè ¨ 6ŒXV
  [’Ã] 12R 6‘IŽè ¨ 6ŒXV
  [Z”V]] 1R 6‘IŽè ¨ 6ŒXV
  [Z”V]] 2R 6‘IŽè ¨ 6ŒXV
  [Z”V]] 3R 6‘IŽè ¨ 6ŒXV
  [Z”V]] 4R 6‘IŽè ¨ 6ŒXV
  [Z”V]] 5R 6‘IŽè ¨ 6ŒXV
  [Z”V]] 6R 6‘IŽè ¨ 6ŒXV
  [Z”V]] 7R 6‘IŽè ¨ 6ŒXV
  [Z”V]] 8R 6‘IŽè ¨ 6ŒXV
  [Z”V]] 9R 6‘IŽè ¨ 6ŒXV
  [Z”V]] 10R 6‘IŽè ¨ 6ŒXV
  [Z”V]] 11R 6‘IŽè ¨ 6ŒXV
  [Z”V]] 12R 6‘IŽè ¨ 6ŒXV
  [“òè] 1R 6‘IŽè ¨ 6ŒXV
  [“òè] 2R 6‘IŽè ¨ 6ŒXV
  [“òè] 3R 6‘IŽè ¨ 6ŒXV
  [“òè] 4R 6‘IŽè ¨ 6ŒXV
  [“òè] 5R 6‘IŽè ¨ 6ŒXV
  [“òè] 6R 6‘IŽè ¨ 6ŒXV
  [“òè] 7R 6‘IŽè ¨ 6ŒXV
  [“òè] 8R 6‘IŽè ¨ 6ŒXV
  [“òè] 9R 6‘IŽè ¨ 6ŒXV
  [“òè] 10R 6‘IŽè ¨ 6ŒXV
  [“òè] 11R 6‘IŽè ¨ 6ŒXV
  [“òè] 12R 6‘IŽè ¨ 6ŒXV
  [ŠÛ‹T] 1R ƒf[ƒ^‚È‚µ
  [ŠÛ‹T] 2R ƒf[ƒ^‚È‚µ
  [ŠÛ‹T] 3R ƒf[ƒ^‚È‚µ
  [ŠÛ‹T] 4R ƒf[ƒ^‚È‚µ
  [ŠÛ‹T] 5R ƒf[ƒ^‚È‚µ
  [ŠÛ‹T] 6R ƒf[ƒ^‚È‚µ
  [ŠÛ‹T] 7R ƒf[ƒ^‚È‚µ
  [ŠÛ‹T] 8R ƒf[ƒ^‚È‚µ
  [ŠÛ‹T] 9R ƒf[ƒ^‚È‚µ
  [ŠÛ‹T] 10R ƒf[ƒ^‚È‚µ
  [ŠÛ‹T] 11R ƒf[ƒ^‚È‚µ
  [ŠÛ‹T] 12R ƒf[ƒ^‚È‚µ
  [Ž™“‡] 1R 6‘IŽè ¨ 6ŒXV
  [Ž™“‡] 2R 6‘IŽè ¨ 6ŒXV
  [Ž™“‡] 3R 6‘IŽè ¨ 6ŒXV
  [Ž™“‡] 4R 6‘IŽè ¨ 6ŒXV
  [Ž™“‡] 5R 6‘IŽè ¨ 6ŒXV
  [Ž™“‡] 6R 6‘IŽè ¨ 6ŒXV
  [Ž™“‡] 7R 6‘IŽè ¨ 6ŒXV
  [Ž™“‡] 8R 6‘IŽè ¨ 6ŒXV
  [Ž™“‡] 9R 6‘IŽè ¨ 6ŒXV
  [Ž™“‡] 10R 6‘IŽè ¨ 6ŒXV
  [Ž™“‡] 11R 6‘IŽè ¨ 6ŒXV
  [Ž™“‡] 12R 6‘IŽè ¨ 6ŒXV
  [‹{“‡] 1R ƒf[ƒ^‚È‚µ
  [‹{“‡] 2R ƒf[ƒ^‚È‚µ
  [‹{“‡] 3R ƒf[ƒ^‚È‚µ
  [‹{“‡] 4R ƒf[ƒ^‚È‚µ
  [‹{“‡] 5R ƒf[ƒ^‚È‚µ
  [‹{“‡] 6R ƒf[ƒ^‚È‚µ
  [‹{“‡] 7R ƒf[ƒ^‚È‚µ
  [‹{“‡] 8R ƒf[ƒ^‚È‚µ
  [‹{“‡] 9R ƒf[ƒ^‚È‚µ
  [‹{“‡] 10R ƒf[ƒ^‚È‚µ
  [‹{“‡] 11R ƒf[ƒ^‚È‚µ
  [‹{“‡] 12R ƒf[ƒ^‚È‚µ
  [“¿ŽR] 1R 6‘IŽè ¨ 6ŒXV
  [“¿ŽR] 2R 6‘IŽè ¨ 6ŒXV
  [“¿ŽR] 3R 6‘IŽè ¨ 6ŒXV
  [“¿ŽR] 4R 6‘IŽè ¨ 6ŒXV
  [“¿ŽR] 5R 6‘IŽè ¨ 6ŒXV
  [“¿ŽR] 6R 6‘IŽè ¨ 6ŒXV
  [“¿ŽR] 7R 6‘IŽè ¨ 6ŒXV
  [“¿ŽR] 8R 6‘IŽè ¨ 6ŒXV
  [“¿ŽR] 9R 6‘IŽè ¨ 6ŒXV
  [“¿ŽR] 10R 6‘IŽè ¨ 6ŒXV
  [“¿ŽR] 11R 6‘IŽè ¨ 6ŒXV
  [“¿ŽR] 12R 6‘IŽè ¨ 6ŒXV
  [‰ºŠÖ] 1R 6‘IŽè ¨ 6ŒXV
  [‰ºŠÖ] 2R 6‘IŽè ¨ 6ŒXV
  [‰ºŠÖ] 3R 6‘IŽè ¨ 6ŒXV
  [‰ºŠÖ] 4R 6‘IŽè ¨ 6ŒXV
  [‰ºŠÖ] 5R 6‘IŽè ¨ 6ŒXV
  [‰ºŠÖ] 6R 6‘IŽè ¨ 6ŒXV
  [‰ºŠÖ] 7R 6‘IŽè ¨ 6ŒXV
  [‰ºŠÖ] 8R 6‘IŽè ¨ 6ŒXV
  [‰ºŠÖ] 9R 6‘IŽè ¨ 6ŒXV
  [‰ºŠÖ] 10R 6‘IŽè ¨ 6ŒXV
  [‰ºŠÖ] 11R 6‘IŽè ¨ 6ŒXV
  [‰ºŠÖ] 12R 6‘IŽè ¨ 6ŒXV
  [Žá¼] 1R ƒf[ƒ^‚È‚µ
  [Žá¼] 2R ƒf[ƒ^‚È‚µ
  [Žá¼] 3R ƒf[ƒ^‚È‚µ
  [Žá¼] 4R ƒf[ƒ^‚È‚µ
  [Žá¼] 5R ƒf[ƒ^‚È‚µ
  [Žá¼] 6R ƒf[ƒ^‚È‚µ
  [Žá¼] 7R ƒf[ƒ^‚È‚µ
  [Žá¼] 8R ƒf[ƒ^‚È‚µ
  [Žá¼] 9R ƒf[ƒ^‚È‚µ
  [Žá¼] 10R ƒf[ƒ^‚È‚µ
  [Žá¼] 11R ƒf[ƒ^‚È‚µ
  [Žá¼] 12R ƒf[ƒ^‚È‚µ
  [ˆ°‰®] 1R 6‘IŽè ¨ 6ŒXV
  [ˆ°‰®] 2R 6‘IŽè ¨ 6ŒXV
  [ˆ°‰®] 3R 6‘IŽè ¨ 6ŒXV
  [ˆ°‰®] 4R 6‘IŽè ¨ 6ŒXV
  [ˆ°‰®] 5R 6‘IŽè ¨ 6ŒXV
  [ˆ°‰®] 6R 6‘IŽè ¨ 6ŒXV
  [ˆ°‰®] 7R 6‘IŽè ¨ 6ŒXV
  [ˆ°‰®] 8R 6‘IŽè ¨ 6ŒXV
  [ˆ°‰®] 9R 6‘IŽè ¨ 6ŒXV
  [ˆ°‰®] 10R 6‘IŽè ¨ 6ŒXV
  [ˆ°‰®] 11R 6‘IŽè ¨ 6ŒXV
  [ˆ°‰®] 12R 6‘IŽè ¨ 6ŒXV
  [•Ÿ‰ª] 1R 6‘IŽè ¨ 6ŒXV
  [•Ÿ‰ª] 2R 6‘IŽè ¨ 6ŒXV
  [•Ÿ‰ª] 3R 6‘IŽè ¨ 6ŒXV
  [•Ÿ‰ª] 4R 6‘IŽè ¨ 6ŒXV
  [•Ÿ‰ª] 5R 6‘IŽè ¨ 6ŒXV
  [•Ÿ‰ª] 6R 6‘IŽè ¨ 6ŒXV
  [•Ÿ‰ª] 7R 6‘IŽè ¨ 6ŒXV
  [•Ÿ‰ª] 8R 6‘IŽè ¨ 6ŒXV
  [•Ÿ‰ª] 9R 6‘IŽè ¨ 6ŒXV
  [•Ÿ‰ª] 10R 6‘IŽè ¨ 6ŒXV
  [•Ÿ‰ª] 11R 6‘IŽè ¨ 6ŒXV
  [•Ÿ‰ª] 12R 6‘IŽè ¨ 6ŒXV
  [“‚’Ã] 1R 6‘IŽè ¨ 6ŒXV
  [“‚’Ã] 2R 6‘IŽè ¨ 6ŒXV
  [“‚’Ã] 3R 6‘IŽè ¨ 6ŒXV
  [“‚’Ã] 4R 6‘IŽè ¨ 6ŒXV
  [“‚’Ã] 5R 6‘IŽè ¨ 6ŒXV
  [“‚’Ã] 6R 6‘IŽè ¨ 6ŒXV
  [“‚’Ã] 7R 6‘IŽè ¨ 6ŒXV
  [“‚’Ã] 8R 6‘IŽè ¨ 6ŒXV
  [“‚’Ã] 9R 6‘IŽè ¨ 6ŒXV
  [“‚’Ã] 10R 6‘IŽè ¨ 6ŒXV
  [“‚’Ã] 11R 6‘IŽè ¨ 6ŒXV
  [“‚’Ã] 12R 6‘IŽè ¨ 6ŒXV
  [2026-07-04] ¬Œv: XV1008Œ / ƒf[ƒ^‚È‚µ36Œ

  [‹xŒe] 155•b ‘Ò‹@’†...

[2026-07-05] ŠJÃ‰ïêƒ`ƒFƒbƒN’†...
  ¨ 17‰ïê (‹Ë¶, •½˜a“‡, ‘½–€ì, •l–¼ŒÎ, Š—ŒS, ’Ã, Z”V], “òè, ŠÛ‹T, Ž™“‡, ‹{“‡, “¿ŽR, Žá¼, ˆ°‰®, •Ÿ‰ª, “‚’Ã, ‘å‘º)
  [‹Ë¶] 1R 6‘IŽè ¨ 6ŒXV
  [‹Ë¶] 2R 6‘IŽè ¨ 6ŒXV
  [‹Ë¶] 3R 6‘IŽè ¨ 6ŒXV
  [‹Ë¶] 4R 6‘IŽè ¨ 6ŒXV
  [‹Ë¶] 5R 6‘IŽè ¨ 6ŒXV
  [‹Ë¶] 6R 6‘IŽè ¨ 6ŒXV
  [‹Ë¶] 7R 6‘IŽè ¨ 6ŒXV
  [‹Ë¶] 8R 6‘IŽè ¨ 6ŒXV
  [‹Ë¶] 9R 6‘IŽè ¨ 6ŒXV
  [‹Ë¶] 10R 6‘IŽè ¨ 6ŒXV
  [‹Ë¶] 11R 6‘IŽè ¨ 6ŒXV
  [‹Ë¶] 12R 6‘IŽè ¨ 6ŒXV
  [•½˜a“‡] 1R 6‘IŽè ¨ 6ŒXV
  [•½˜a“‡] 2R 6‘IŽè ¨ 6ŒXV
  [•½˜a“‡] 3R 6‘IŽè ¨ 6ŒXV
  [•½˜a“‡] 4R 6‘IŽè ¨ 6ŒXV
  [•½˜a“‡] 5R 6‘IŽè ¨ 6ŒXV
  [•½˜a“‡] 6R 6‘IŽè ¨ 6ŒXV
  [•½˜a“‡] 7R 6‘IŽè ¨ 6ŒXV
  [•½˜a“‡] 8R 6‘IŽè ¨ 6ŒXV
  [•½˜a“‡] 9R 6‘IŽè ¨ 6ŒXV
  [•½˜a“‡] 10R 6‘IŽè ¨ 6ŒXV
  [•½˜a“‡] 11R 6‘IŽè ¨ 6ŒXV
  [•½˜a“‡] 12R 6‘IŽè ¨ 6ŒXV
  [‘½–€ì] 1R 6‘IŽè ¨ 6ŒXV
  [‘½–€ì] 2R 6‘IŽè ¨ 6ŒXV
  [‘½–€ì] 3R 6‘IŽè ¨ 6ŒXV
  [‘½–€ì] 4R 6‘IŽè ¨ 6ŒXV
  [‘½–€ì] 5R 6‘IŽè ¨ 6ŒXV
  [‘½–€ì] 6R 6‘IŽè ¨ 6ŒXV
  [‘½–€ì] 7R 6‘IŽè ¨ 6ŒXV
  [‘½–€ì] 8R 6‘IŽè ¨ 6ŒXV
  [‘½–€ì] 9R 6‘IŽè ¨ 6ŒXV
  [‘½–€ì] 10R 6‘IŽè ¨ 6ŒXV
  [‘½–€ì] 11R 6‘IŽè ¨ 6ŒXV
  [‘½–€ì] 12R 6‘IŽè ¨ 6ŒXV
  [•l–¼ŒÎ] 1R 6‘IŽè ¨ 6ŒXV
  [•l–¼ŒÎ] 2R 6‘IŽè ¨ 6ŒXV
  [•l–¼ŒÎ] 3R 6‘IŽè ¨ 6ŒXV
  [•l–¼ŒÎ] 4R 6‘IŽè ¨ 6ŒXV
  [•l–¼ŒÎ] 5R 6‘IŽè ¨ 6ŒXV
  [•l–¼ŒÎ] 6R 6‘IŽè ¨ 6ŒXV
  [•l–¼ŒÎ] 7R 6‘IŽè ¨ 6ŒXV
  [•l–¼ŒÎ] 8R 6‘IŽè ¨ 6ŒXV
  [•l–¼ŒÎ] 9R 6‘IŽè ¨ 6ŒXV
  [•l–¼ŒÎ] 10R 6‘IŽè ¨ 6ŒXV
  [•l–¼ŒÎ] 11R 6‘IŽè ¨ 6ŒXV
  [•l–¼ŒÎ] 12R 6‘IŽè ¨ 6ŒXV
  [Š—ŒS] 1R 6‘IŽè ¨ 6ŒXV
  [Š—ŒS] 2R 6‘IŽè ¨ 6ŒXV
  [Š—ŒS] 3R 6‘IŽè ¨ 6ŒXV
  [Š—ŒS] 4R 6‘IŽè ¨ 6ŒXV
  [Š—ŒS] 5R 6‘IŽè ¨ 6ŒXV
  [Š—ŒS] 6R 6‘IŽè ¨ 6ŒXV
  [Š—ŒS] 7R 6‘IŽè ¨ 6ŒXV
  [Š—ŒS] 8R 6‘IŽè ¨ 6ŒXV
  [Š—ŒS] 9R 6‘IŽè ¨ 6ŒXV
  [Š—ŒS] 10R 6‘IŽè ¨ 6ŒXV
  [Š—ŒS] 11R 6‘IŽè ¨ 6ŒXV
  [Š—ŒS] 12R 6‘IŽè ¨ 6ŒXV
  [’Ã] 1R 6‘IŽè ¨ 6ŒXV
  [’Ã] 2R 6‘IŽè ¨ 6ŒXV
  [’Ã] 3R 6‘IŽè ¨ 6ŒXV
  [’Ã] 4R 6‘IŽè ¨ 6ŒXV
  [’Ã] 5R 6‘IŽè ¨ 6ŒXV
  [’Ã] 6R 6‘IŽè ¨ 6ŒXV
  [’Ã] 7R 6‘IŽè ¨ 6ŒXV
  [’Ã] 8R 6‘IŽè ¨ 6ŒXV
  [’Ã] 9R 6‘IŽè ¨ 6ŒXV
  [’Ã] 10R 6‘IŽè ¨ 6ŒXV
  [’Ã] 11R 6‘IŽè ¨ 6ŒXV
  [’Ã] 12R 6‘IŽè ¨ 6ŒXV
  [Z”V]] 1R 6‘IŽè ¨ 6ŒXV
  [Z”V]] 2R 6‘IŽè ¨ 6ŒXV
  [Z”V]] 3R 6‘IŽè ¨ 6ŒXV
  [Z”V]] 4R 6‘IŽè ¨ 6ŒXV
  [Z”V]] 5R 6‘IŽè ¨ 6ŒXV
  [Z”V]] 6R 6‘IŽè ¨ 6ŒXV
  [Z”V]] 7R 6‘IŽè ¨ 6ŒXV
  [Z”V]] 8R 6‘IŽè ¨ 6ŒXV
  [Z”V]] 9R 6‘IŽè ¨ 6ŒXV
  [Z”V]] 10R 6‘IŽè ¨ 6ŒXV
  [Z”V]] 11R 6‘IŽè ¨ 6ŒXV
  [Z”V]] 12R 6‘IŽè ¨ 6ŒXV
  [“òè] 1R 6‘IŽè ¨ 6ŒXV
  [“òè] 2R 6‘IŽè ¨ 6ŒXV
  [“òè] 3R 6‘IŽè ¨ 6ŒXV
  [“òè] 4R 6‘IŽè ¨ 6ŒXV
  [“òè] 5R 6‘IŽè ¨ 6ŒXV
  [“òè] 6R 6‘IŽè ¨ 6ŒXV
  [“òè] 7R 6‘IŽè ¨ 6ŒXV
  [“òè] 8R 6‘IŽè ¨ 6ŒXV
  [“òè] 9R 6‘IŽè ¨ 6ŒXV
  [“òè] 10R 6‘IŽè ¨ 6ŒXV
  [“òè] 11R 6‘IŽè ¨ 6ŒXV
  [“òè] 12R 6‘IŽè ¨ 6ŒXV
  [ŠÛ‹T] 1R ƒf[ƒ^‚È‚µ
  [ŠÛ‹T] 2R ƒf[ƒ^‚È‚µ
  [ŠÛ‹T] 3R ƒf[ƒ^‚È‚µ
  [ŠÛ‹T] 4R ƒf[ƒ^‚È‚µ
  [ŠÛ‹T] 5R ƒf[ƒ^‚È‚µ
  [ŠÛ‹T] 6R ƒf[ƒ^‚È‚µ
  [ŠÛ‹T] 7R ƒf[ƒ^‚È‚µ
  [ŠÛ‹T] 8R ƒf[ƒ^‚È‚µ
  [ŠÛ‹T] 9R ƒf[ƒ^‚È‚µ
  [ŠÛ‹T] 10R [Ú‘±ƒGƒ‰[ #1] HTTPSConnectionPool(host='www.boatrace.jp', port=443): Max retries exceeded with
  [ŠÛ‹T] 11R ƒf[ƒ^‚È‚µ
  [ŠÛ‹T] 12R ƒf[ƒ^‚È‚µ
  [Ž™“‡] 1R 6‘IŽè ¨ 6ŒXV
  [Ž™“‡] 2R 6‘IŽè ¨ 6ŒXV
  [Ž™“‡] 3R 6‘IŽè ¨ 6ŒXV
  [Ž™“‡] 4R 6‘IŽè ¨ 6ŒXV
  [Ž™“‡] 5R 6‘IŽè ¨ 6ŒXV
  [Ž™“‡] 6R 6‘IŽè ¨ 6ŒXV
  [Ž™“‡] 7R 6‘IŽè ¨ 6ŒXV
  [Ž™“‡] 8R 6‘IŽè ¨ 6ŒXV
  [Ž™“‡] 9R 6‘IŽè ¨ 6ŒXV
  [Ž™“‡] 10R 6‘IŽè ¨ 6ŒXV
  [Ž™“‡] 11R 6‘IŽè ¨ 6ŒXV
  [Ž™“‡] 12R 6‘IŽè ¨ 6ŒXV
  [‹{“‡] 1R ƒf[ƒ^‚È‚µ
  [‹{“‡] 2R ƒf[ƒ^‚È‚µ
  [‹{“‡] 3R ƒf[ƒ^‚È‚µ
  [‹{“‡] 4R ƒf[ƒ^‚È‚µ
  [‹{“‡] 5R ƒf[ƒ^‚È‚µ
  [‹{“‡] 6R ƒf[ƒ^‚È‚µ
  [‹{“‡] 7R ƒf[ƒ^‚È‚µ
  [‹{“‡] 8R ƒf[ƒ^‚È‚µ
  [‹{“‡] 9R ƒf[ƒ^‚È‚µ
  [‹{“‡] 10R ƒf[ƒ^‚È‚µ
  [‹{“‡] 11R ƒf[ƒ^‚È‚µ
  [‹{“‡] 12R ƒf[ƒ^‚È‚µ
  [“¿ŽR] 1R 6‘IŽè ¨ 6ŒXV
  [“¿ŽR] 2R 6‘IŽè ¨ 6ŒXV
  [“¿ŽR] 3R 6‘IŽè ¨ 6ŒXV
  [“¿ŽR] 4R 6‘IŽè ¨ 6ŒXV
  [“¿ŽR] 5R 6‘IŽè ¨ 6ŒXV
  [“¿ŽR] 6R 6‘IŽè ¨ 6ŒXV
  [“¿ŽR] 7R 6‘IŽè ¨ 6ŒXV
  [“¿ŽR] 8R 6‘IŽè ¨ 6ŒXV
  [“¿ŽR] 9R 6‘IŽè ¨ 6ŒXV
  [“¿ŽR] 10R 6‘IŽè ¨ 6ŒXV
  [“¿ŽR] 11R 6‘IŽè ¨ 6ŒXV
  [“¿ŽR] 12R 6‘IŽè ¨ 6ŒXV
  [Žá¼] 1R ƒf[ƒ^‚È‚µ
  [Žá¼] 2R ƒf[ƒ^‚È‚µ
  [Žá¼] 3R ƒf[ƒ^‚È‚µ
  [Žá¼] 4R ƒf[ƒ^‚È‚µ
  [Žá¼] 5R ƒf[ƒ^‚È‚µ
  [Žá¼] 6R ƒf[ƒ^‚È‚µ
  [Žá¼] 7R ƒf[ƒ^‚È‚µ
  [Žá¼] 8R ƒf[ƒ^‚È‚µ
  [Žá¼] 9R ƒf[ƒ^‚È‚µ
  [Žá¼] 10R ƒf[ƒ^‚È‚µ
  [Žá¼] 11R ƒf[ƒ^‚È‚µ
  [Žá¼] 12R ƒf[ƒ^‚È‚µ
  [ˆ°‰®] 1R 6‘IŽè ¨ 6ŒXV
  [ˆ°‰®] 2R 6‘IŽè ¨ 6ŒXV
  [ˆ°‰®] 3R 6‘IŽè ¨ 6ŒXV
  [ˆ°‰®] 4R 6‘IŽè ¨ 6ŒXV
  [ˆ°‰®] 5R 6‘IŽè ¨ 6ŒXV
  [ˆ°‰®] 6R 6‘IŽè ¨ 6ŒXV
  [ˆ°‰®] 7R 6‘IŽè ¨ 6ŒXV
  [ˆ°‰®] 8R 6‘IŽè ¨ 6ŒXV
  [ˆ°‰®] 9R 6‘IŽè ¨ 6ŒXV
  [ˆ°‰®] 10R 6‘IŽè ¨ 6ŒXV
  [ˆ°‰®] 11R 6‘IŽè ¨ 6ŒXV
  [ˆ°‰®] 12R 6‘IŽè ¨ 6ŒXV
  [•Ÿ‰ª] 1R 6‘IŽè ¨ 6ŒXV
  [•Ÿ‰ª] 2R 6‘IŽè ¨ 6ŒXV
  [•Ÿ‰ª] 3R 6‘IŽè ¨ 6ŒXV
  [•Ÿ‰ª] 4R 6‘IŽè ¨ 6ŒXV
  [•Ÿ‰ª] 5R 6‘IŽè ¨ 6ŒXV
  [•Ÿ‰ª] 6R 6‘IŽè ¨ 6ŒXV
  [•Ÿ‰ª] 7R 6‘IŽè ¨ 6ŒXV
  [•Ÿ‰ª] 8R 6‘IŽè ¨ 6ŒXV
  [•Ÿ‰ª] 9R 6‘IŽè ¨ 6ŒXV
  [•Ÿ‰ª] 10R 6‘IŽè ¨ 6ŒXV
  [•Ÿ‰ª] 11R 6‘IŽè ¨ 6ŒXV
  [•Ÿ‰ª] 12R 6‘IŽè ¨ 6ŒXV
  [“‚’Ã] 1R 6‘IŽè ¨ 6ŒXV
  [“‚’Ã] 2R 6‘IŽè ¨ 6ŒXV
  [“‚’Ã] 3R 6‘IŽè ¨ 6ŒXV
  [“‚’Ã] 4R 6‘IŽè ¨ 6ŒXV
  [“‚’Ã] 5R 6‘IŽè ¨ 6ŒXV
  [“‚’Ã] 6R 6‘IŽè ¨ 6ŒXV
  [“‚’Ã] 7R 6‘IŽè ¨ 6ŒXV
  [“‚’Ã] 8R 6‘IŽè ¨ 6ŒXV
  [“‚’Ã] 9R 6‘IŽè ¨ 6ŒXV
  [“‚’Ã] 10R 6‘IŽè ¨ 6ŒXV
  [“‚’Ã] 11R 6‘IŽè ¨ 6ŒXV
  [“‚’Ã] 12R 6‘IŽè ¨ 6ŒXV
  [‘å‘º] 1R 6‘IŽè ¨ 6ŒXV
  [‘å‘º] 2R 6‘IŽè ¨ 6ŒXV
  [‘å‘º] 3R 6‘IŽè ¨ 6ŒXV
  [‘å‘º] 4R 6‘IŽè ¨ 6ŒXV
  [‘å‘º] 5R 6‘IŽè ¨ 6ŒXV
  [‘å‘º] 6R 6‘IŽè ¨ 6ŒXV
  [‘å‘º] 7R 6‘IŽè ¨ 6ŒXV
  [‘å‘º] 8R 6‘IŽè ¨ 6ŒXV
  [‘å‘º] 9R 6‘IŽè ¨ 6ŒXV
  [‘å‘º] 10R 6‘IŽè ¨ 6ŒXV
  [‘å‘º] 11R 6‘IŽè ¨ 6ŒXV
  [‘å‘º] 12R 6‘IŽè ¨ 6ŒXV
  [2026-07-05] ¬Œv: XV1008Œ / ƒf[ƒ^‚È‚µ35Œ

  [‹xŒe] 144•b ‘Ò‹@’†...

[2026-07-06] ŠJÃ‰ïêƒ`ƒFƒbƒN’†...
  ¨ 14‰ïê (‹Ë¶, •½˜a“‡, ‘½–€ì, Š—ŒS, ’Ã, Z”V], “òè, ‹{“‡, “¿ŽR, Žá¼, ˆ°‰®, •Ÿ‰ª, “‚’Ã, ‘å‘º)
  [‹Ë¶] 1R 6‘IŽè ¨ 6ŒXV
  [‹Ë¶] 2R 6‘IŽè ¨ 6ŒXV
  [‹Ë¶] 3R 6‘IŽè ¨ 6ŒXV
  [‹Ë¶] 4R 6‘IŽè ¨ 6ŒXV
  [‹Ë¶] 5R 6‘IŽè ¨ 6ŒXV
  [‹Ë¶] 6R 6‘IŽè ¨ 6ŒXV
  [‹Ë¶] 7R 6‘IŽè ¨ 6ŒXV
  [‹Ë¶] 8R 6‘IŽè ¨ 6ŒXV
  [‹Ë¶] 9R 6‘IŽè ¨ 6ŒXV
  [‹Ë¶] 10R 6‘IŽè ¨ 6ŒXV
  [‹Ë¶] 11R 6‘IŽè ¨ 6ŒXV
  [‹Ë¶] 12R 6‘IŽè ¨ 6ŒXV
  [•½˜a“‡] 1R 6‘IŽè ¨ 6ŒXV
  [•½˜a“‡] 2R 6‘IŽè ¨ 6ŒXV
  [•½˜a“‡] 3R 6‘IŽè ¨ 6ŒXV
  [•½˜a“‡] 4R 6‘IŽè ¨ 6ŒXV
  [•½˜a“‡] 5R 6‘IŽè ¨ 6ŒXV
  [•½˜a“‡] 6R 6‘IŽè ¨ 6ŒXV
  [•½˜a“‡] 7R 6‘IŽè ¨ 6ŒXV
  [•½˜a“‡] 8R 6‘IŽè ¨ 6ŒXV
  [•½˜a“‡] 9R 6‘IŽè ¨ 6ŒXV
  [•½˜a“‡] 10R 6‘IŽè ¨ 6ŒXV
  [•½˜a“‡] 11R 6‘IŽè ¨ 6ŒXV
  [•½˜a“‡] 12R 6‘IŽè ¨ 6ŒXV
  [‘½–€ì] 1R 6‘IŽè ¨ 6ŒXV
  [‘½–€ì] 2R 6‘IŽè ¨ 6ŒXV
  [‘½–€ì] 3R 6‘IŽè ¨ 6ŒXV
  [‘½–€ì] 4R 6‘IŽè ¨ 6ŒXV
  [‘½–€ì] 5R 6‘IŽè ¨ 6ŒXV
  [‘½–€ì] 6R 6‘IŽè ¨ 6ŒXV
  [‘½–€ì] 7R 6‘IŽè ¨ 6ŒXV
  [‘½–€ì] 8R 6‘IŽè ¨ 6ŒXV
  [‘½–€ì] 9R 6‘IŽè ¨ 6ŒXV
  [‘½–€ì] 10R 6‘IŽè ¨ 6ŒXV
  [‘½–€ì] 11R 6‘IŽè ¨ 6ŒXV
  [‘½–€ì] 12R 6‘IŽè ¨ 6ŒXV
  [Š—ŒS] 1R 6‘IŽè ¨ 6ŒXV
  [Š—ŒS] 2R 6‘IŽè ¨ 6ŒXV
  [Š—ŒS] 3R 6‘IŽè ¨ 6ŒXV
  [Š—ŒS] 4R 6‘IŽè ¨ 6ŒXV
  [Š—ŒS] 5R 6‘IŽè ¨ 6ŒXV
  [Š—ŒS] 6R 6‘IŽè ¨ 6ŒXV
  [Š—ŒS] 7R 6‘IŽè ¨ 6ŒXV
  [Š—ŒS] 8R 6‘IŽè ¨ 6ŒXV
  [Š—ŒS] 9R 6‘IŽè ¨ 6ŒXV
  [Š—ŒS] 10R 6‘IŽè ¨ 6ŒXV
  [Š—ŒS] 11R 6‘IŽè ¨ 6ŒXV
  [Š—ŒS] 12R 6‘IŽè ¨ 6ŒXV
  [’Ã] 1R 6‘IŽè ¨ 6ŒXV
  [’Ã] 2R 6‘IŽè ¨ 6ŒXV
  [’Ã] 3R 6‘IŽè ¨ 6ŒXV
  [’Ã] 4R 6‘IŽè ¨ 6ŒXV
  [’Ã] 5R 6‘IŽè ¨ 6ŒXV
  [’Ã] 6R 6‘IŽè ¨ 6ŒXV
  [’Ã] 7R 6‘IŽè ¨ 6ŒXV
  [’Ã] 8R 6‘IŽè ¨ 6ŒXV
  [’Ã] 9R 6‘IŽè ¨ 6ŒXV
  [’Ã] 10R 6‘IŽè ¨ 6ŒXV
  [’Ã] 11R 6‘IŽè ¨ 6ŒXV
  [’Ã] 12R 6‘IŽè ¨ 6ŒXV
  [Z”V]] 1R 6‘IŽè ¨ 6ŒXV
  [Z”V]] 2R 6‘IŽè ¨ 6ŒXV
  [Z”V]] 3R 6‘IŽè ¨ 6ŒXV
  [Z”V]] 4R 6‘IŽè ¨ 6ŒXV
  [Z”V]] 5R 6‘IŽè ¨ 6ŒXV
  [Z”V]] 6R 6‘IŽè ¨ 6ŒXV
  [Z”V]] 7R 6‘IŽè ¨ 6ŒXV
  [Z”V]] 8R 6‘IŽè ¨ 6ŒXV
  [Z”V]] 9R 6‘IŽè ¨ 6ŒXV
  [Z”V]] 10R 6‘IŽè ¨ 6ŒXV
  [Z”V]] 11R 6‘IŽè ¨ 6ŒXV
  [Z”V]] 12R 6‘IŽè ¨ 6ŒXV
  [“òè] 1R 6‘IŽè ¨ 6ŒXV
  [“òè] 2R 6‘IŽè ¨ 6ŒXV
  [“òè] 3R 6‘IŽè ¨ 6ŒXV
  [“òè] 4R 6‘IŽè ¨ 6ŒXV
  [“òè] 5R 6‘IŽè ¨ 6ŒXV
  [“òè] 6R 6‘IŽè ¨ 6ŒXV
  [“òè] 7R 6‘IŽè ¨ 6ŒXV
  [“òè] 8R 6‘IŽè ¨ 6ŒXV
  [“òè] 9R 6‘IŽè ¨ 6ŒXV
  [“òè] 10R 6‘IŽè ¨ 6ŒXV
  [“òè] 11R 6‘IŽè ¨ 6ŒXV
  [“òè] 12R 6‘IŽè ¨ 6ŒXV
  [‹{“‡] 1R ƒf[ƒ^‚È‚µ
  [‹{“‡] 2R ƒf[ƒ^‚È‚µ
  [‹{“‡] 3R ƒf[ƒ^‚È‚µ
  [‹{“‡] 4R ƒf[ƒ^‚È‚µ
  [‹{“‡] 5R ƒf[ƒ^‚È‚µ
  [‹{“‡] 6R ƒf[ƒ^‚È‚µ
  [‹{“‡] 7R ƒf[ƒ^‚È‚µ
  [‹{“‡] 8R ƒf[ƒ^‚È‚µ
  [‹{“‡] 9R ƒf[ƒ^‚È‚µ
  [‹{“‡] 10R ƒf[ƒ^‚È‚µ
  [‹{“‡] 11R ƒf[ƒ^‚È‚µ
  [‹{“‡] 12R ƒf[ƒ^‚È‚µ
  [“¿ŽR] 1R 6‘IŽè ¨ 6ŒXV
  [“¿ŽR] 2R 6‘IŽè ¨ 6ŒXV
  [“¿ŽR] 3R 6‘IŽè ¨ 6ŒXV
  [“¿ŽR] 4R 6‘IŽè ¨ 6ŒXV
  [“¿ŽR] 5R 6‘IŽè ¨ 6ŒXV
  [“¿ŽR] 6R 6‘IŽè ¨ 6ŒXV
  [“¿ŽR] 7R 6‘IŽè ¨ 6ŒXV
  [“¿ŽR] 8R 6‘IŽè ¨ 6ŒXV
  [“¿ŽR] 9R 6‘IŽè ¨ 6ŒXV
  [“¿ŽR] 10R 6‘IŽè ¨ 6ŒXV
  [“¿ŽR] 11R 6‘IŽè ¨ 6ŒXV
  [“¿ŽR] 12R 6‘IŽè ¨ 6ŒXV
  [Žá¼] 1R ƒf[ƒ^‚È‚µ
  [Žá¼] 2R ƒf[ƒ^‚È‚µ
  [Žá¼] 3R ƒf[ƒ^‚È‚µ
  [Žá¼] 4R ƒf[ƒ^‚È‚µ
  [Žá¼] 5R ƒf[ƒ^‚È‚µ
  [Žá¼] 6R ƒf[ƒ^‚È‚µ
  [Žá¼] 7R ƒf[ƒ^‚È‚µ
  [Žá¼] 8R ƒf[ƒ^‚È‚µ
  [Žá¼] 9R ƒf[ƒ^‚È‚µ
  [Žá¼] 10R ƒf[ƒ^‚È‚µ
  [Žá¼] 11R ƒf[ƒ^‚È‚µ
  [Žá¼] 12R ƒf[ƒ^‚È‚µ
  [ˆ°‰®] 1R 6‘IŽè ¨ 6ŒXV
  [ˆ°‰®] 2R 6‘IŽè ¨ 6ŒXV
  [ˆ°‰®] 3R 6‘IŽè ¨ 6ŒXV
  [ˆ°‰®] 4R 6‘IŽè ¨ 6ŒXV
  [ˆ°‰®] 5R 6‘IŽè ¨ 6ŒXV
  [ˆ°‰®] 6R 6‘IŽè ¨ 6ŒXV
  [ˆ°‰®] 7R 6‘IŽè ¨ 6ŒXV
  [ˆ°‰®] 8R 6‘IŽè ¨ 6ŒXV
  [ˆ°‰®] 9R 6‘IŽè ¨ 6ŒXV
  [ˆ°‰®] 10R 6‘IŽè ¨ 6ŒXV
  [ˆ°‰®] 11R 6‘IŽè ¨ 6ŒXV
  [ˆ°‰®] 12R 6‘IŽè ¨ 6ŒXV
  [•Ÿ‰ª] 1R 6‘IŽè ¨ 6ŒXV
  [•Ÿ‰ª] 2R 6‘IŽè ¨ 6ŒXV
  [•Ÿ‰ª] 3R 6‘IŽè ¨ 6ŒXV
  [•Ÿ‰ª] 4R 6‘IŽè ¨ 6ŒXV
  [•Ÿ‰ª] 5R 6‘IŽè ¨ 6ŒXV
  [•Ÿ‰ª] 6R 6‘IŽè ¨ 6ŒXV
  [•Ÿ‰ª] 7R 6‘IŽè ¨ 6ŒXV
  [•Ÿ‰ª] 8R 6‘IŽè ¨ 6ŒXV
  [•Ÿ‰ª] 9R 6‘IŽè ¨ 6ŒXV
  [•Ÿ‰ª] 10R 6‘IŽè ¨ 6ŒXV
  [•Ÿ‰ª] 11R 6‘IŽè ¨ 6ŒXV
  [•Ÿ‰ª] 12R 6‘IŽè ¨ 6ŒXV
  [“‚’Ã] 1R ƒf[ƒ^‚È‚µ
  [“‚’Ã] 2R ƒf[ƒ^‚È‚µ
  [“‚’Ã] 3R ƒf[ƒ^‚È‚µ
  [“‚’Ã] 4R ƒf[ƒ^‚È‚µ
  [“‚’Ã] 5R ƒf[ƒ^‚È‚µ
  [“‚’Ã] 6R ƒf[ƒ^‚È‚µ
  [“‚’Ã] 7R ƒf[ƒ^‚È‚µ
  [“‚’Ã] 8R ƒf[ƒ^‚È‚µ
  [“‚’Ã] 9R ƒf[ƒ^‚È‚µ
  [“‚’Ã] 10R ƒf[ƒ^‚È‚µ
  [“‚’Ã] 11R ƒf[ƒ^‚È‚µ
  [“‚’Ã] 12R ƒf[ƒ^‚È‚µ
  [‘å‘º] 1R 6‘IŽè ¨ 6ŒXV
  [‘å‘º] 2R 6‘IŽè ¨ 6ŒXV
  [‘å‘º] 3R 6‘IŽè ¨ 6ŒXV
  [‘å‘º] 4R 6‘IŽè ¨ 6ŒXV
  [‘å‘º] 5R 6‘IŽè ¨ 6ŒXV
  [‘å‘º] 6R 6‘IŽè ¨ 6ŒXV
  [‘å‘º] 7R 6‘IŽè ¨ 6ŒXV
  [‘å‘º] 8R 6‘IŽè ¨ 6ŒXV
  [‘å‘º] 9R 6‘IŽè ¨ 6ŒXV
  [‘å‘º] 10R 6‘IŽè ¨ 6ŒXV
  [‘å‘º] 11R 6‘IŽè ¨ 6ŒXV
  [‘å‘º] 12R 6‘IŽè ¨ 6ŒXV
  [2026-07-06] ¬Œv: XV792Œ / ƒf[ƒ^‚È‚µ36Œ

  [‹xŒe] 161•b ‘Ò‹@’†...

[2026-07-07] ŠJÃ‰ïêƒ`ƒFƒbƒN’†...
  ¨ 12‰ïê (‹Ë¶, ŒË“c, •½˜a“‡, ‘½–€ì, íŠŠ, ŽO‘, ”ú”iŒÎ, Z”V], “òè, “¿ŽR, Žá¼, ‘å‘º)
  [‹Ë¶] 1R 6‘IŽè ¨ 6ŒXV
  [‹Ë¶] 2R 6‘IŽè ¨ 6ŒXV
  [‹Ë¶] 3R 6‘IŽè ¨ 6ŒXV
  [‹Ë¶] 4R 6‘IŽè ¨ 6ŒXV
  [‹Ë¶] 5R 6‘IŽè ¨ 6ŒXV
  [‹Ë¶] 6R 6‘IŽè ¨ 6ŒXV
  [‹Ë¶] 7R 6‘IŽè ¨ 6ŒXV
  [‹Ë¶] 8R 6‘IŽè ¨ 6ŒXV
  [‹Ë¶] 9R 6‘IŽè ¨ 6ŒXV
  [‹Ë¶] 10R 6‘IŽè ¨ 6ŒXV
  [‹Ë¶] 11R 6‘IŽè ¨ 6ŒXV
  [‹Ë¶] 12R 6‘IŽè ¨ 6ŒXV
  [ŒË“c] 1R 6‘IŽè ¨ 6ŒXV
  [ŒË“c] 2R 6‘IŽè ¨ 6ŒXV
  [ŒË“c] 3R 6‘IŽè ¨ 6ŒXV
  [ŒË“c] 4R 6‘IŽè ¨ 6ŒXV
  [ŒË“c] 5R 6‘IŽè ¨ 6ŒXV
  [ŒË“c] 6R 6‘IŽè ¨ 6ŒXV
  [ŒË“c] 7R 6‘IŽè ¨ 6ŒXV
  [ŒË“c] 8R 6‘IŽè ¨ 6ŒXV
  [ŒË“c] 9R 6‘IŽè ¨ 6ŒXV
  [ŒË“c] 10R 6‘IŽè ¨ 6ŒXV
  [ŒË“c] 11R 6‘IŽè ¨ 6ŒXV
  [ŒË“c] 12R 6‘IŽè ¨ 6ŒXV
  [•½˜a“‡] 1R 6‘IŽè ¨ 6ŒXV
  [•½˜a“‡] 2R 6‘IŽè ¨ 6ŒXV
  [•½˜a“‡] 3R 6‘IŽè ¨ 6ŒXV
  [•½˜a“‡] 4R 6‘IŽè ¨ 6ŒXV
  [•½˜a“‡] 5R 6‘IŽè ¨ 6ŒXV
  [•½˜a“‡] 6R 6‘IŽè ¨ 6ŒXV
  [•½˜a“‡] 7R 6‘IŽè ¨ 6ŒXV
  [•½˜a“‡] 8R 6‘IŽè ¨ 6ŒXV
  [•½˜a“‡] 9R 6‘IŽè ¨ 6ŒXV
  [•½˜a“‡] 10R 6‘IŽè ¨ 6ŒXV
  [•½˜a“‡] 11R 6‘IŽè ¨ 6ŒXV
  [•½˜a“‡] 12R 6‘IŽè ¨ 6ŒXV
  [‘½–€ì] 1R 6‘IŽè ¨ 6ŒXV
  [‘½–€ì] 2R 6‘IŽè ¨ 6ŒXV
  [‘½–€ì] 3R 6‘IŽè ¨ 6ŒXV
  [‘½–€ì] 4R 6‘IŽè ¨ 6ŒXV
  [‘½–€ì] 5R 6‘IŽè ¨ 6ŒXV
  [‘½–€ì] 6R 6‘IŽè ¨ 6ŒXV
  [‘½–€ì] 7R 6‘IŽè ¨ 6ŒXV
  [‘½–€ì] 8R 6‘IŽè ¨ 6ŒXV
  [‘½–€ì] 9R 6‘IŽè ¨ 6ŒXV
  [‘½–€ì] 10R 6‘IŽè ¨ 6ŒXV
  [‘½–€ì] 11R 6‘IŽè ¨ 6ŒXV
  [‘½–€ì] 12R 6‘IŽè ¨ 6ŒXV
  [íŠŠ] 1R 6‘IŽè ¨ 6ŒXV
  [íŠŠ] 2R 6‘IŽè ¨ 6ŒXV
  [íŠŠ] 3R 6‘IŽè ¨ 6ŒXV
  [íŠŠ] 4R 6‘IŽè ¨ 6ŒXV
  [íŠŠ] 5R 6‘IŽè ¨ 6ŒXV
  [íŠŠ] 6R 6‘IŽè ¨ 6ŒXV
  [íŠŠ] 7R 6‘IŽè ¨ 6ŒXV
  [íŠŠ] 8R 6‘IŽè ¨ 6ŒXV
  [íŠŠ] 9R 6‘IŽè ¨ 6ŒXV
  [íŠŠ] 10R 6‘IŽè ¨ 6ŒXV
  [íŠŠ] 11R 6‘IŽè ¨ 6ŒXV
  [íŠŠ] 12R 6‘IŽè ¨ 6ŒXV
  [ŽO‘] 1R 6‘IŽè ¨ 6ŒXV
  [ŽO‘] 2R 6‘IŽè ¨ 6ŒXV
  [ŽO‘] 3R 6‘IŽè ¨ 6ŒXV
  [ŽO‘] 4R 6‘IŽè ¨ 6ŒXV
  [ŽO‘] 5R 6‘IŽè ¨ 6ŒXV
  [ŽO‘] 6R 6‘IŽè ¨ 6ŒXV
  [ŽO‘] 7R 6‘IŽè ¨ 6ŒXV
  [ŽO‘] 8R 6‘IŽè ¨ 6ŒXV
  [ŽO‘] 9R 6‘IŽè ¨ 6ŒXV
  [ŽO‘] 10R 6‘IŽè ¨ 6ŒXV
  [ŽO‘] 11R 6‘IŽè ¨ 6ŒXV
  [ŽO‘] 12R 6‘IŽè ¨ 6ŒXV
  [”ú”iŒÎ] 1R 6‘IŽè ¨ 6ŒXV
  [”ú”iŒÎ] 2R 6‘IŽè ¨ 6ŒXV
  [”ú”iŒÎ] 3R 6‘IŽè ¨ 6ŒXV
  [”ú”iŒÎ] 4R 6‘IŽè ¨ 6ŒXV
  [”ú”iŒÎ] 5R 6‘IŽè ¨ 6ŒXV
  [”ú”iŒÎ] 6R 6‘IŽè ¨ 6ŒXV
  [”ú”iŒÎ] 7R 6‘IŽè ¨ 6ŒXV
  [”ú”iŒÎ] 8R 6‘IŽè ¨ 6ŒXV
  [”ú”iŒÎ] 9R 6‘IŽè ¨ 6ŒXV
  [”ú”iŒÎ] 10R 6‘IŽè ¨ 6ŒXV
  [”ú”iŒÎ] 11R 6‘IŽè ¨ 6ŒXV
  [”ú”iŒÎ] 12R 6‘IŽè ¨ 6ŒXV
  [Z”V]] 1R 6‘IŽè ¨ 6ŒXV
  [Z”V]] 2R 6‘IŽè ¨ 6ŒXV
  [Z”V]] 3R 6‘IŽè ¨ 6ŒXV
  [Z”V]] 4R 6‘IŽè ¨ 6ŒXV
  [Z”V]] 5R 6‘IŽè ¨ 6ŒXV
  [Z”V]] 6R 6‘IŽè ¨ 6ŒXV
  [Z”V]] 7R 6‘IŽè ¨ 6ŒXV
  [Z”V]] 8R 6‘IŽè ¨ 6ŒXV
  [Z”V]] 9R 6‘IŽè ¨ 6ŒXV
  [Z”V]] 10R 6‘IŽè ¨ 6ŒXV
  [Z”V]] 11R 6‘IŽè ¨ 6ŒXV
  [Z”V]] 12R 6‘IŽè ¨ 6ŒXV
  [“òè] 1R 6‘IŽè ¨ 6ŒXV
  [“òè] 2R 6‘IŽè ¨ 6ŒXV
  [“òè] 3R 6‘IŽè ¨ 6ŒXV
  [“òè] 4R 6‘IŽè ¨ 6ŒXV
  [“òè] 5R 6‘IŽè ¨ 6ŒXV
  [“òè] 6R 6‘IŽè ¨ 6ŒXV
  [“òè] 7R 6‘IŽè ¨ 6ŒXV
  [“òè] 8R 6‘IŽè ¨ 6ŒXV
  [“òè] 9R 6‘IŽè ¨ 6ŒXV
  [“òè] 10R 6‘IŽè ¨ 6ŒXV
  [“òè] 11R 6‘IŽè ¨ 6ŒXV
  [“òè] 12R 6‘IŽè ¨ 6ŒXV
  [“¿ŽR] 1R 6‘IŽè ¨ 6ŒXV
  [“¿ŽR] 2R 6‘IŽè ¨ 6ŒXV
  [“¿ŽR] 3R 6‘IŽè ¨ 6ŒXV
  [“¿ŽR] 4R 6‘IŽè ¨ 6ŒXV
  [“¿ŽR] 5R 6‘IŽè ¨ 6ŒXV
  [“¿ŽR] 6R 6‘IŽè ¨ 6ŒXV
  [“¿ŽR] 7R 6‘IŽè ¨ 6ŒXV
  [“¿ŽR] 8R 6‘IŽè ¨ 6ŒXV
  [“¿ŽR] 9R 6‘IŽè ¨ 6ŒXV
  [“¿ŽR] 10R 6‘IŽè ¨ 6ŒXV
  [“¿ŽR] 11R 6‘IŽè ¨ 6ŒXV
  [“¿ŽR] 12R 6‘IŽè ¨ 6ŒXV
  [Žá¼] 1R 6‘IŽè ¨ 6ŒXV
  [Žá¼] 2R 6‘IŽè ¨ 6ŒXV
  [Žá¼] 3R 6‘IŽè ¨ 6ŒXV
  [Žá¼] 4R 6‘IŽè ¨ 6ŒXV
  [Žá¼] 5R 6‘IŽè ¨ 6ŒXV
  [Žá¼] 6R 6‘IŽè ¨ 6ŒXV
  [Žá¼] 7R 6‘IŽè ¨ 6ŒXV
  [Žá¼] 8R 6‘IŽè ¨ 6ŒXV
  [Žá¼] 9R 6‘IŽè ¨ 6ŒXV
  [Žá¼] 10R 6‘IŽè ¨ 6ŒXV
  [Žá¼] 11R 6‘IŽè ¨ 6ŒXV
  [Žá¼] 12R 6‘IŽè ¨ 6ŒXV
  [‘å‘º] 1R 6‘IŽè ¨ 6ŒXV
  [‘å‘º] 2R 6‘IŽè ¨ 6ŒXV
  [‘å‘º] 3R 6‘IŽè ¨ 6ŒXV
  [‘å‘º] 4R 6‘IŽè ¨ 6ŒXV
  [‘å‘º] 5R 6‘IŽè ¨ 6ŒXV
  [‘å‘º] 6R 6‘IŽè ¨ 6ŒXV
  [‘å‘º] 7R 6‘IŽè ¨ 6ŒXV
  [‘å‘º] 8R 6‘IŽè ¨ 6ŒXV
  [‘å‘º] 9R 6‘IŽè ¨ 6ŒXV
  [‘å‘º] 10R 6‘IŽè ¨ 6ŒXV
  [‘å‘º] 11R 6‘IŽè ¨ 6ŒXV
  [‘å‘º] 12R 6‘IŽè ¨ 6ŒXV
  [2026-07-07] ¬Œv: XV864Œ / ƒf[ƒ^‚È‚µ0Œ

  [‹xŒe] 142•b ‘Ò‹@’†...

[2026-07-08] ŠJÃ‰ïêƒ`ƒFƒbƒN’†...
  ¨ 11‰ïê (‹Ë¶, ŒË“c, ‘½–€ì, íŠŠ, ŽO‘, ”ú”iŒÎ, Z”V], “òè, “¿ŽR, Žá¼, ‘å‘º)
  [‹Ë¶] 1R 6‘IŽè ¨ 6ŒXV
  [‹Ë¶] 2R 6‘IŽè ¨ 6ŒXV
  [‹Ë¶] 3R 6‘IŽè ¨ 6ŒXV
  [‹Ë¶] 4R 6‘IŽè ¨ 6ŒXV
  [‹Ë¶] 5R 6‘IŽè ¨ 6ŒXV
  [‹Ë¶] 6R 6‘IŽè ¨ 6ŒXV
  [‹Ë¶] 7R 6‘IŽè ¨ 6ŒXV
  [‹Ë¶] 8R 6‘IŽè ¨ 6ŒXV
  [‹Ë¶] 9R 6‘IŽè ¨ 6ŒXV
  [‹Ë¶] 10R 6‘IŽè ¨ 6ŒXV
  [‹Ë¶] 11R 6‘IŽè ¨ 6ŒXV
  [‹Ë¶] 12R 6‘IŽè ¨ 6ŒXV
  [ŒË“c] 1R 6‘IŽè ¨ 6ŒXV
  [ŒË“c] 2R 6‘IŽè ¨ 6ŒXV
  [ŒË“c] 3R 6‘IŽè ¨ 6ŒXV
  [ŒË“c] 4R 6‘IŽè ¨ 6ŒXV
  [ŒË“c] 5R 6‘IŽè ¨ 6ŒXV
  [ŒË“c] 6R 6‘IŽè ¨ 6ŒXV
  [ŒË“c] 7R 6‘IŽè ¨ 6ŒXV
  [ŒË“c] 8R 6‘IŽè ¨ 6ŒXV
  [ŒË“c] 9R 6‘IŽè ¨ 6ŒXV
  [ŒË“c] 10R 6‘IŽè ¨ 6ŒXV
  [ŒË“c] 11R 6‘IŽè ¨ 6ŒXV
  [ŒË“c] 12R 6‘IŽè ¨ 6ŒXV
  [‘½–€ì] 1R 6‘IŽè ¨ 6ŒXV
  [‘½–€ì] 2R 6‘IŽè ¨ 6ŒXV
  [‘½–€ì] 3R 6‘IŽè ¨ 6ŒXV
  [‘½–€ì] 4R 6‘IŽè ¨ 6ŒXV
  [‘½–€ì] 5R 6‘IŽè ¨ 6ŒXV
  [‘½–€ì] 6R 6‘IŽè ¨ 6ŒXV
  [‘½–€ì] 7R 6‘IŽè ¨ 6ŒXV
  [‘½–€ì] 8R 6‘IŽè ¨ 6ŒXV
  [‘½–€ì] 9R 6‘IŽè ¨ 6ŒXV
  [‘½–€ì] 10R 6‘IŽè ¨ 6ŒXV
  [‘½–€ì] 11R 6‘IŽè ¨ 6ŒXV
  [‘½–€ì] 12R 6‘IŽè ¨ 6ŒXV
  [íŠŠ] 1R 6‘IŽè ¨ 6ŒXV
  [íŠŠ] 2R 6‘IŽè ¨ 6ŒXV
  [íŠŠ] 3R 6‘IŽè ¨ 6ŒXV
  [íŠŠ] 4R 6‘IŽè ¨ 6ŒXV
  [íŠŠ] 5R 6‘IŽè ¨ 6ŒXV
  [íŠŠ] 6R 6‘IŽè ¨ 6ŒXV
  [íŠŠ] 7R 6‘IŽè ¨ 6ŒXV
  [íŠŠ] 8R 6‘IŽè ¨ 6ŒXV
  [íŠŠ] 9R 6‘IŽè ¨ 6ŒXV
  [íŠŠ] 10R 6‘IŽè ¨ 6ŒXV
  [íŠŠ] 11R 6‘IŽè ¨ 6ŒXV
  [íŠŠ] 12R 6‘IŽè ¨ 6ŒXV
  [ŽO‘] 1R 6‘IŽè ¨ 6ŒXV
  [ŽO‘] 2R 6‘IŽè ¨ 6ŒXV
  [ŽO‘] 3R 6‘IŽè ¨ 6ŒXV
  [ŽO‘] 4R 6‘IŽè ¨ 6ŒXV
  [ŽO‘] 5R 6‘IŽè ¨ 6ŒXV
  [ŽO‘] 6R 6‘IŽè ¨ 6ŒXV
  [ŽO‘] 7R 6‘IŽè ¨ 6ŒXV
  [ŽO‘] 8R 6‘IŽè ¨ 6ŒXV
  [ŽO‘] 9R 6‘IŽè ¨ 6ŒXV
  [ŽO‘] 10R 6‘IŽè ¨ 6ŒXV
  [ŽO‘] 11R 6‘IŽè ¨ 6ŒXV
  [ŽO‘] 12R 6‘IŽè ¨ 6ŒXV
  [”ú”iŒÎ] 1R 6‘IŽè ¨ 6ŒXV
  [”ú”iŒÎ] 2R 6‘IŽè ¨ 6ŒXV
  [”ú”iŒÎ] 3R 6‘IŽè ¨ 6ŒXV
  [”ú”iŒÎ] 4R 6‘IŽè ¨ 6ŒXV
  [”ú”iŒÎ] 5R 6‘IŽè ¨ 6ŒXV
  [”ú”iŒÎ] 6R 6‘IŽè ¨ 6ŒXV
  [”ú”iŒÎ] 7R 6‘IŽè ¨ 6ŒXV
  [”ú”iŒÎ] 8R 6‘IŽè ¨ 6ŒXV
  [”ú”iŒÎ] 9R 6‘IŽè ¨ 6ŒXV
  [”ú”iŒÎ] 10R 6‘IŽè ¨ 6ŒXV
  [”ú”iŒÎ] 11R 6‘IŽè ¨ 6ŒXV
  [”ú”iŒÎ] 12R 6‘IŽè ¨ 6ŒXV
  [Z”V]] 1R 6‘IŽè ¨ 6ŒXV
  [Z”V]] 2R 6‘IŽè ¨ 6ŒXV
  [Z”V]] 3R 6‘IŽè ¨ 6ŒXV
  [Z”V]] 4R 6‘IŽè ¨ 6ŒXV
  [Z”V]] 5R 6‘IŽè ¨ 6ŒXV
  [Z”V]] 6R 6‘IŽè ¨ 6ŒXV
  [Z”V]] 7R 6‘IŽè ¨ 6ŒXV
  [Z”V]] 8R 6‘IŽè ¨ 6ŒXV
  [Z”V]] 9R 6‘IŽè ¨ 6ŒXV
  [Z”V]] 10R 6‘IŽè ¨ 6ŒXV
  [Z”V]] 11R 6‘IŽè ¨ 6ŒXV
  [Z”V]] 12R 6‘IŽè ¨ 6ŒXV
  [“òè] 1R 6‘IŽè ¨ 6ŒXV
  [“òè] 2R 6‘IŽè ¨ 6ŒXV
  [“òè] 3R 6‘IŽè ¨ 6ŒXV
  [“òè] 4R 6‘IŽè ¨ 6ŒXV
  [“òè] 5R 6‘IŽè ¨ 6ŒXV
  [“òè] 6R 6‘IŽè ¨ 6ŒXV
  [“òè] 7R 6‘IŽè ¨ 6ŒXV
  [“òè] 8R 6‘IŽè ¨ 6ŒXV
  [“òè] 9R 6‘IŽè ¨ 6ŒXV
  [“òè] 10R 6‘IŽè ¨ 6ŒXV
  [“òè] 11R 6‘IŽè ¨ 6ŒXV
  [“òè] 12R 6‘IŽè ¨ 6ŒXV
  [“¿ŽR] 1R 6‘IŽè ¨ 6ŒXV
  [“¿ŽR] 2R 6‘IŽè ¨ 6ŒXV
  [“¿ŽR] 3R 6‘IŽè ¨ 6ŒXV
  [“¿ŽR] 4R 6‘IŽè ¨ 6ŒXV
  [“¿ŽR] 5R 6‘IŽè ¨ 6ŒXV
  [“¿ŽR] 6R 6‘IŽè ¨ 6ŒXV
  [“¿ŽR] 7R 6‘IŽè ¨ 6ŒXV
  [“¿ŽR] 8R 6‘IŽè ¨ 6ŒXV
  [“¿ŽR] 9R 6‘IŽè ¨ 6ŒXV
  [“¿ŽR] 10R 6‘IŽè ¨ 6ŒXV
  [“¿ŽR] 11R 6‘IŽè ¨ 6ŒXV
  [“¿ŽR] 12R 6‘IŽè ¨ 6ŒXV
  [Žá¼] 1R 6‘IŽè ¨ 6ŒXV
  [Žá¼] 2R 6‘IŽè ¨ 6ŒXV
  [Žá¼] 3R 6‘IŽè ¨ 6ŒXV
  [Žá¼] 4R 6‘IŽè ¨ 6ŒXV
  [Žá¼] 5R 6‘IŽè ¨ 6ŒXV
  [Žá¼] 6R 6‘IŽè ¨ 6ŒXV
  [Žá¼] 7R 6‘IŽè ¨ 6ŒXV
  [Žá¼] 8R 6‘IŽè ¨ 6ŒXV
  [Žá¼] 9R 6‘IŽè ¨ 6ŒXV
  [Žá¼] 10R 6‘IŽè ¨ 6ŒXV
  [Žá¼] 11R 6‘IŽè ¨ 6ŒXV
  [Žá¼] 12R 6‘IŽè ¨ 6ŒXV
  [‘å‘º] 1R 6‘IŽè ¨ 6ŒXV
  [‘å‘º] 2R 6‘IŽè ¨ 6ŒXV
  [‘å‘º] 3R 6‘IŽè ¨ 6ŒXV
  [‘å‘º] 4R 6‘IŽè ¨ 6ŒXV
  [‘å‘º] 5R 6‘IŽè ¨ 6ŒXV
  [‘å‘º] 6R 6‘IŽè ¨ 6ŒXV
  [‘å‘º] 7R 6‘IŽè ¨ 6ŒXV
  [‘å‘º] 8R 6‘IŽè ¨ 6ŒXV
  [‘å‘º] 9R 6‘IŽè ¨ 6ŒXV
  [‘å‘º] 10R 6‘IŽè ¨ 6ŒXV
  [‘å‘º] 11R 6‘IŽè ¨ 6ŒXV
  [‘å‘º] 12R 6‘IŽè ¨ 6ŒXV
  [2026-07-08] ¬Œv: XV792Œ / ƒf[ƒ^‚È‚µ0Œ

  [‹xŒe] 160•b ‘Ò‹@’†...

[2026-07-09] ŠJÃ‰ïêƒ`ƒFƒbƒN’†...
  ¨ 12‰ïê (‹Ë¶, ŒË“c, ‘½–€ì, íŠŠ, ŽO‘, ”ú”iŒÎ, –Â–å, ŠÛ‹T, Ž™“‡, “¿ŽR, Žá¼, ‘å‘º)
  [‹Ë¶] 1R 6‘IŽè ¨ 6ŒXV
  [‹Ë¶] 2R 6‘IŽè ¨ 6ŒXV
  [‹Ë¶] 3R 6‘IŽè ¨ 6ŒXV
  [‹Ë¶] 4R 6‘IŽè ¨ 6ŒXV
  [‹Ë¶] 5R 6‘IŽè ¨ 6ŒXV
  [‹Ë¶] 6R 6‘IŽè ¨ 6ŒXV
  [‹Ë¶] 7R 6‘IŽè ¨ 6ŒXV
  [‹Ë¶] 8R 6‘IŽè ¨ 6ŒXV
  [‹Ë¶] 9R 6‘IŽè ¨ 6ŒXV
  [‹Ë¶] 10R 6‘IŽè ¨ 6ŒXV
  [‹Ë¶] 11R 6‘IŽè ¨ 6ŒXV
  [‹Ë¶] 12R 6‘IŽè ¨ 6ŒXV
  [ŒË“c] 1R 6‘IŽè ¨ 6ŒXV
  [ŒË“c] 2R 6‘IŽè ¨ 6ŒXV
  [ŒË“c] 3R 6‘IŽè ¨ 6ŒXV
  [ŒË“c] 4R 6‘IŽè ¨ 6ŒXV
  [ŒË“c] 5R 6‘IŽè ¨ 6ŒXV
  [ŒË“c] 6R 6‘IŽè ¨ 6ŒXV
  [ŒË“c] 7R 6‘IŽè ¨ 6ŒXV
  [ŒË“c] 8R 6‘IŽè ¨ 6ŒXV
  [ŒË“c] 9R 6‘IŽè ¨ 6ŒXV
  [ŒË“c] 10R 6‘IŽè ¨ 6ŒXV
  [ŒË“c] 11R 6‘IŽè ¨ 6ŒXV
  [ŒË“c] 12R 6‘IŽè ¨ 6ŒXV
  [‘½–€ì] 1R 6‘IŽè ¨ 6ŒXV
  [‘½–€ì] 2R 6‘IŽè ¨ 6ŒXV
  [‘½–€ì] 3R 6‘IŽè ¨ 6ŒXV
  [‘½–€ì] 4R 6‘IŽè ¨ 6ŒXV
  [‘½–€ì] 5R 6‘IŽè ¨ 6ŒXV
  [‘½–€ì] 6R 6‘IŽè ¨ 6ŒXV
  [‘½–€ì] 7R 6‘IŽè ¨ 6ŒXV
  [‘½–€ì] 8R 6‘IŽè ¨ 6ŒXV
  [‘½–€ì] 9R 6‘IŽè ¨ 6ŒXV
  [‘½–€ì] 10R 6‘IŽè ¨ 6ŒXV
  [‘½–€ì] 11R 6‘IŽè ¨ 6ŒXV
  [‘½–€ì] 12R 6‘IŽè ¨ 6ŒXV
  [íŠŠ] 1R 6‘IŽè ¨ 6ŒXV
  [íŠŠ] 2R 6‘IŽè ¨ 6ŒXV
  [íŠŠ] 3R 6‘IŽè ¨ 6ŒXV
  [íŠŠ] 4R 6‘IŽè ¨ 6ŒXV
  [íŠŠ] 5R 6‘IŽè ¨ 6ŒXV
  [íŠŠ] 6R 6‘IŽè ¨ 6ŒXV
  [íŠŠ] 7R 6‘IŽè ¨ 6ŒXV
  [íŠŠ] 8R 6‘IŽè ¨ 6ŒXV
  [íŠŠ] 9R 6‘IŽè ¨ 6ŒXV
  [íŠŠ] 10R 6‘IŽè ¨ 6ŒXV
  [íŠŠ] 11R 6‘IŽè ¨ 6ŒXV
  [íŠŠ] 12R 6‘IŽè ¨ 6ŒXV
  [ŽO‘] 1R 6‘IŽè ¨ 6ŒXV
  [ŽO‘] 2R 6‘IŽè ¨ 6ŒXV
  [ŽO‘] 3R 6‘IŽè ¨ 6ŒXV
  [ŽO‘] 4R 6‘IŽè ¨ 6ŒXV
  [ŽO‘] 5R 6‘IŽè ¨ 6ŒXV
  [ŽO‘] 6R 6‘IŽè ¨ 6ŒXV
  [ŽO‘] 7R 6‘IŽè ¨ 6ŒXV
  [ŽO‘] 8R 6‘IŽè ¨ 6ŒXV
  [ŽO‘] 9R 6‘IŽè ¨ 6ŒXV
  [ŽO‘] 10R 6‘IŽè ¨ 6ŒXV
  [ŽO‘] 11R 6‘IŽè ¨ 6ŒXV
  [ŽO‘] 12R 6‘IŽè ¨ 6ŒXV
  [”ú”iŒÎ] 1R 6‘IŽè ¨ 6ŒXV
  [”ú”iŒÎ] 2R 6‘IŽè ¨ 6ŒXV
  [”ú”iŒÎ] 3R 6‘IŽè ¨ 6ŒXV
  [”ú”iŒÎ] 4R 6‘IŽè ¨ 6ŒXV
  [”ú”iŒÎ] 5R 6‘IŽè ¨ 6ŒXV
  [”ú”iŒÎ] 6R 6‘IŽè ¨ 6ŒXV
  [”ú”iŒÎ] 7R 6‘IŽè ¨ 6ŒXV
  [”ú”iŒÎ] 8R 6‘IŽè ¨ 6ŒXV
  [”ú”iŒÎ] 9R 6‘IŽè ¨ 6ŒXV
  [”ú”iŒÎ] 10R 6‘IŽè ¨ 6ŒXV
  [”ú”iŒÎ] 11R 6‘IŽè ¨ 6ŒXV
  [”ú”iŒÎ] 12R 6‘IŽè ¨ 6ŒXV
  [–Â–å] 1R 6‘IŽè ¨ 6ŒXV
  [–Â–å] 2R 6‘IŽè ¨ 6ŒXV
  [–Â–å] 3R 6‘IŽè ¨ 6ŒXV
  [–Â–å] 4R 6‘IŽè ¨ 6ŒXV
  [–Â–å] 5R 6‘IŽè ¨ 6ŒXV
  [–Â–å] 6R 6‘IŽè ¨ 6ŒXV
  [–Â–å] 7R 6‘IŽè ¨ 6ŒXV
  [–Â–å] 8R 6‘IŽè ¨ 6ŒXV
  [–Â–å] 9R 6‘IŽè ¨ 6ŒXV
  [–Â–å] 10R 6‘IŽè ¨ 6ŒXV
  [–Â–å] 11R 6‘IŽè ¨ 6ŒXV
  [–Â–å] 12R 6‘IŽè ¨ 6ŒXV
  [ŠÛ‹T] 1R 6‘IŽè ¨ 6ŒXV
  [ŠÛ‹T] 2R 6‘IŽè ¨ 6ŒXV
  [ŠÛ‹T] 3R 6‘IŽè ¨ 6ŒXV
  [ŠÛ‹T] 4R 6‘IŽè ¨ 6ŒXV
  [ŠÛ‹T] 5R 6‘IŽè ¨ 6ŒXV
  [ŠÛ‹T] 6R 6‘IŽè ¨ 6ŒXV
  [ŠÛ‹T] 7R 6‘IŽè ¨ 6ŒXV
  [ŠÛ‹T] 8R 6‘IŽè ¨ 6ŒXV
  [ŠÛ‹T] 9R 6‘IŽè ¨ 6ŒXV
  [ŠÛ‹T] 10R 6‘IŽè ¨ 6ŒXV
  [ŠÛ‹T] 11R 6‘IŽè ¨ 6ŒXV
  [ŠÛ‹T] 12R 6‘IŽè ¨ 6ŒXV
  [Ž™“‡] 1R 6‘IŽè ¨ 6ŒXV
  [Ž™“‡] 2R 6‘IŽè ¨ 6ŒXV
  [Ž™“‡] 3R 6‘IŽè ¨ 6ŒXV
  [Ž™“‡] 4R 6‘IŽè ¨ 6ŒXV
  [Ž™“‡] 5R 6‘IŽè ¨ 6ŒXV
  [Ž™“‡] 6R 6‘IŽè ¨ 6ŒXV
  [Ž™“‡] 7R 6‘IŽè ¨ 6ŒXV
  [Ž™“‡] 8R 6‘IŽè ¨ 6ŒXV
  [Ž™“‡] 9R 6‘IŽè ¨ 6ŒXV
  [Ž™“‡] 10R 6‘IŽè ¨ 6ŒXV
  [Ž™“‡] 11R 6‘IŽè ¨ 6ŒXV
  [Ž™“‡] 12R 6‘IŽè ¨ 6ŒXV
  [“¿ŽR] 1R 6‘IŽè ¨ 6ŒXV
  [“¿ŽR] 2R 6‘IŽè ¨ 6ŒXV
  [“¿ŽR] 3R 6‘IŽè ¨ 6ŒXV
  [“¿ŽR] 4R 6‘IŽè ¨ 6ŒXV
  [“¿ŽR] 5R 6‘IŽè ¨ 6ŒXV
  [“¿ŽR] 6R 6‘IŽè ¨ 6ŒXV
  [“¿ŽR] 7R 6‘IŽè ¨ 6ŒXV
  [“¿ŽR] 8R 6‘IŽè ¨ 6ŒXV
  [“¿ŽR] 9R 6‘IŽè ¨ 6ŒXV
  [“¿ŽR] 10R 6‘IŽè ¨ 6ŒXV
  [“¿ŽR] 11R 6‘IŽè ¨ 6ŒXV
  [“¿ŽR] 12R 6‘IŽè ¨ 6ŒXV
  [Žá¼] 1R 6‘IŽè ¨ 6ŒXV
  [Žá¼] 2R 6‘IŽè ¨ 6ŒXV
  [Žá¼] 3R 6‘IŽè ¨ 6ŒXV
  [Žá¼] 4R 6‘IŽè ¨ 6ŒXV
  [Žá¼] 5R 6‘IŽè ¨ 6ŒXV
  [Žá¼] 6R 6‘IŽè ¨ 6ŒXV
  [Žá¼] 7R 6‘IŽè ¨ 6ŒXV
  [Žá¼] 8R 6‘IŽè ¨ 6ŒXV
  [Žá¼] 9R 6‘IŽè ¨ 6ŒXV
  [Žá¼] 10R 6‘IŽè ¨ 6ŒXV
  [Žá¼] 11R 6‘IŽè ¨ 6ŒXV
  [Žá¼] 12R 6‘IŽè ¨ 6ŒXV
  [‘å‘º] 1R 6‘IŽè ¨ 6ŒXV
  [‘å‘º] 2R 6‘IŽè ¨ 6ŒXV
  [‘å‘º] 3R 6‘IŽè ¨ 6ŒXV
  [‘å‘º] 4R 6‘IŽè ¨ 6ŒXV
  [‘å‘º] 5R 6‘IŽè ¨ 6ŒXV
  [‘å‘º] 6R 6‘IŽè ¨ 6ŒXV
  [‘å‘º] 7R 6‘IŽè ¨ 6ŒXV
  [‘å‘º] 8R 6‘IŽè ¨ 6ŒXV
  [‘å‘º] 9R 6‘IŽè ¨ 6ŒXV
  [‘å‘º] 10R 6‘IŽè ¨ 6ŒXV
  [‘å‘º] 11R 6‘IŽè ¨ 6ŒXV
  [‘å‘º] 12R 6‘IŽè ¨ 6ŒXV
  [2026-07-09] ¬Œv: XV864Œ / ƒf[ƒ^‚È‚µ0Œ

  [‹xŒe] 159•b ‘Ò‹@’†...

[2026-07-10] ŠJÃ‰ïêƒ`ƒFƒbƒN’†...
  ¨ 13‰ïê (ŒË“c, •l–¼ŒÎ, íŠŠ, ’Ã, ŽO‘, ”ú”iŒÎ, –Â–å, ŠÛ‹T, Ž™“‡, ‰ºŠÖ, Žá¼, •Ÿ‰ª, “‚’Ã)
  [ŒË“c] 1R 6‘IŽè ¨ 6ŒXV
  [ŒË“c] 2R 6‘IŽè ¨ 6ŒXV
  [ŒË“c] 3R 6‘IŽè ¨ 6ŒXV
  [ŒË“c] 4R 6‘IŽè ¨ 6ŒXV
  [ŒË“c] 5R 6‘IŽè ¨ 6ŒXV
  [ŒË“c] 6R 6‘IŽè ¨ 6ŒXV
  [ŒË“c] 7R 6‘IŽè ¨ 6ŒXV
  [ŒË“c] 8R 6‘IŽè ¨ 6ŒXV
  [ŒË“c] 9R 6‘IŽè ¨ 6ŒXV
  [ŒË“c] 10R 6‘IŽè ¨ 6ŒXV
  [ŒË“c] 11R 6‘IŽè ¨ 6ŒXV
  [ŒË“c] 12R 6‘IŽè ¨ 6ŒXV
  [•l–¼ŒÎ] 1R 6‘IŽè ¨ 6ŒXV
  [•l–¼ŒÎ] 2R 6‘IŽè ¨ 6ŒXV
  [•l–¼ŒÎ] 3R 6‘IŽè ¨ 6ŒXV
  [•l–¼ŒÎ] 4R 6‘IŽè ¨ 6ŒXV
  [•l–¼ŒÎ] 5R 6‘IŽè ¨ 6ŒXV
  [•l–¼ŒÎ] 6R 6‘IŽè ¨ 6ŒXV
  [•l–¼ŒÎ] 7R 6‘IŽè ¨ 6ŒXV
  [•l–¼ŒÎ] 8R 6‘IŽè ¨ 6ŒXV
  [•l–¼ŒÎ] 9R 6‘IŽè ¨ 6ŒXV
  [•l–¼ŒÎ] 10R 6‘IŽè ¨ 6ŒXV
  [•l–¼ŒÎ] 11R 6‘IŽè ¨ 6ŒXV
  [•l–¼ŒÎ] 12R 6‘IŽè ¨ 6ŒXV
  [íŠŠ] 1R 6‘IŽè ¨ 6ŒXV
  [íŠŠ] 2R 6‘IŽè ¨ 6ŒXV
  [íŠŠ] 3R 6‘IŽè ¨ 6ŒXV
  [íŠŠ] 4R 6‘IŽè ¨ 6ŒXV
  [íŠŠ] 5R 6‘IŽè ¨ 6ŒXV
  [íŠŠ] 6R 6‘IŽè ¨ 6ŒXV
  [íŠŠ] 7R 6‘IŽè ¨ 6ŒXV
  [íŠŠ] 8R 6‘IŽè ¨ 6ŒXV
  [íŠŠ] 9R 6‘IŽè ¨ 6ŒXV
  [íŠŠ] 10R 6‘IŽè ¨ 6ŒXV
  [íŠŠ] 11R 6‘IŽè ¨ 6ŒXV
  [íŠŠ] 12R 6‘IŽè ¨ 6ŒXV
  [’Ã] 1R 6‘IŽè ¨ 6ŒXV
  [’Ã] 2R 6‘IŽè ¨ 6ŒXV
  [’Ã] 3R 6‘IŽè ¨ 6ŒXV
  [’Ã] 4R 6‘IŽè ¨ 6ŒXV
  [’Ã] 5R 6‘IŽè ¨ 6ŒXV
  [’Ã] 6R 6‘IŽè ¨ 6ŒXV
  [’Ã] 7R 6‘IŽè ¨ 6ŒXV
  [’Ã] 8R 6‘IŽè ¨ 6ŒXV
  [’Ã] 9R 6‘IŽè ¨ 6ŒXV
  [’Ã] 10R 6‘IŽè ¨ 6ŒXV
  [’Ã] 11R 6‘IŽè ¨ 6ŒXV
  [’Ã] 12R 6‘IŽè ¨ 6ŒXV
  [ŽO‘] 1R 6‘IŽè ¨ 6ŒXV
  [ŽO‘] 2R 6‘IŽè ¨ 6ŒXV
  [ŽO‘] 3R 6‘IŽè ¨ 6ŒXV
  [ŽO‘] 4R 6‘IŽè ¨ 6ŒXV
  [ŽO‘] 5R 6‘IŽè ¨ 6ŒXV
  [ŽO‘] 6R 6‘IŽè ¨ 6ŒXV
  [ŽO‘] 7R 6‘IŽè ¨ 6ŒXV
  [ŽO‘] 8R 6‘IŽè ¨ 6ŒXV
  [ŽO‘] 9R 6‘IŽè ¨ 6ŒXV
  [ŽO‘] 10R 6‘IŽè ¨ 6ŒXV
  [ŽO‘] 11R 6‘IŽè ¨ 6ŒXV
  [ŽO‘] 12R 6‘IŽè ¨ 6ŒXV
  [”ú”iŒÎ] 1R 6‘IŽè ¨ 6ŒXV
  [”ú”iŒÎ] 2R 6‘IŽè ¨ 6ŒXV
  [”ú”iŒÎ] 3R 6‘IŽè ¨ 6ŒXV
  [”ú”iŒÎ] 4R 6‘IŽè ¨ 6ŒXV
  [”ú”iŒÎ] 5R 6‘IŽè ¨ 6ŒXV
  [”ú”iŒÎ] 6R 6‘IŽè ¨ 6ŒXV
  [”ú”iŒÎ] 7R 6‘IŽè ¨ 6ŒXV
  [”ú”iŒÎ] 8R 6‘IŽè ¨ 6ŒXV
  [”ú”iŒÎ] 9R 6‘IŽè ¨ 6ŒXV
  [”ú”iŒÎ] 10R 6‘IŽè ¨ 6ŒXV
  [”ú”iŒÎ] 11R 6‘IŽè ¨ 6ŒXV
  [”ú”iŒÎ] 12R 6‘IŽè ¨ 6ŒXV
  [–Â–å] 1R 6‘IŽè ¨ 6ŒXV
  [–Â–å] 2R 6‘IŽè ¨ 6ŒXV
  [–Â–å] 3R 6‘IŽè ¨ 6ŒXV
  [–Â–å] 4R 6‘IŽè ¨ 6ŒXV
  [–Â–å] 5R 6‘IŽè ¨ 6ŒXV
  [–Â–å] 6R 6‘IŽè ¨ 6ŒXV
  [–Â–å] 7R 6‘IŽè ¨ 6ŒXV
  [–Â–å] 8R 6‘IŽè ¨ 6ŒXV
  [–Â–å] 9R 6‘IŽè ¨ 6ŒXV
  [–Â–å] 10R 6‘IŽè ¨ 6ŒXV
  [–Â–å] 11R 6‘IŽè ¨ 6ŒXV
  [–Â–å] 12R 6‘IŽè ¨ 6ŒXV
  [ŠÛ‹T] 1R 6‘IŽè ¨ 6ŒXV
  [ŠÛ‹T] 2R 6‘IŽè ¨ 6ŒXV
  [ŠÛ‹T] 3R 6‘IŽè ¨ 6ŒXV
  [ŠÛ‹T] 4R 6‘IŽè ¨ 6ŒXV
  [ŠÛ‹T] 5R 6‘IŽè ¨ 6ŒXV
  [ŠÛ‹T] 6R 6‘IŽè ¨ 6ŒXV
  [ŠÛ‹T] 7R 6‘IŽè ¨ 6ŒXV
  [ŠÛ‹T] 8R 6‘IŽè ¨ 6ŒXV
  [ŠÛ‹T] 9R 6‘IŽè ¨ 6ŒXV
  [ŠÛ‹T] 10R 6‘IŽè ¨ 6ŒXV
  [ŠÛ‹T] 11R 6‘IŽè ¨ 6ŒXV
  [ŠÛ‹T] 12R 6‘IŽè ¨ 6ŒXV
  [Ž™“‡] 1R 6‘IŽè ¨ 6ŒXV
  [Ž™“‡] 2R 6‘IŽè ¨ 6ŒXV
  [Ž™“‡] 3R 6‘IŽè ¨ 6ŒXV
  [Ž™“‡] 4R 6‘IŽè ¨ 6ŒXV
  [Ž™“‡] 5R 6‘IŽè ¨ 6ŒXV
  [Ž™“‡] 6R 6‘IŽè ¨ 6ŒXV
  [Ž™“‡] 7R 6‘IŽè ¨ 6ŒXV
  [Ž™“‡] 8R 6‘IŽè ¨ 6ŒXV
  [Ž™“‡] 9R 6‘IŽè ¨ 6ŒXV
  [Ž™“‡] 10R 6‘IŽè ¨ 6ŒXV
  [Ž™“‡] 11R 6‘IŽè ¨ 6ŒXV
  [Ž™“‡] 12R 6‘IŽè ¨ 6ŒXV
  [‰ºŠÖ] 1R 6‘IŽè ¨ 6ŒXV
  [‰ºŠÖ] 2R 6‘IŽè ¨ 6ŒXV
  [‰ºŠÖ] 3R 6‘IŽè ¨ 6ŒXV
  [‰ºŠÖ] 4R 6‘IŽè ¨ 6ŒXV
  [‰ºŠÖ] 5R 6‘IŽè ¨ 6ŒXV
  [‰ºŠÖ] 6R 6‘IŽè ¨ 6ŒXV
  [‰ºŠÖ] 7R 6‘IŽè ¨ 6ŒXV
  [‰ºŠÖ] 8R 6‘IŽè ¨ 6ŒXV
  [‰ºŠÖ] 9R 6‘IŽè ¨ 6ŒXV
  [‰ºŠÖ] 10R 6‘IŽè ¨ 6ŒXV
  [‰ºŠÖ] 11R 6‘IŽè ¨ 6ŒXV
  [‰ºŠÖ] 12R 6‘IŽè ¨ 6ŒXV
  [Žá¼] 1R 6‘IŽè ¨ 6ŒXV
  [Žá¼] 2R 6‘IŽè ¨ 6ŒXV
  [Žá¼] 3R 6‘IŽè ¨ 6ŒXV
  [Žá¼] 4R 6‘IŽè ¨ 6ŒXV
  [Žá¼] 5R 6‘IŽè ¨ 6ŒXV
  [Žá¼] 6R 6‘IŽè ¨ 6ŒXV
  [Žá¼] 7R 6‘IŽè ¨ 6ŒXV
  [Žá¼] 8R 6‘IŽè ¨ 6ŒXV
  [Žá¼] 9R 6‘IŽè ¨ 6ŒXV
  [Žá¼] 10R 6‘IŽè ¨ 6ŒXV
  [Žá¼] 11R 6‘IŽè ¨ 6ŒXV
  [Žá¼] 12R 6‘IŽè ¨ 6ŒXV
  [•Ÿ‰ª] 1R 6‘IŽè ¨ 6ŒXV
  [•Ÿ‰ª] 2R 6‘IŽè ¨ 6ŒXV
  [•Ÿ‰ª] 3R 6‘IŽè ¨ 6ŒXV
  [•Ÿ‰ª] 4R 6‘IŽè ¨ 6ŒXV
  [•Ÿ‰ª] 5R 6‘IŽè ¨ 6ŒXV
  [•Ÿ‰ª] 6R 6‘IŽè ¨ 6ŒXV
  [•Ÿ‰ª] 7R 6‘IŽè ¨ 6ŒXV
  [•Ÿ‰ª] 8R 6‘IŽè ¨ 6ŒXV
  [•Ÿ‰ª] 9R 6‘IŽè ¨ 6ŒXV
  [•Ÿ‰ª] 10R 6‘IŽè ¨ 6ŒXV
  [•Ÿ‰ª] 11R 6‘IŽè ¨ 6ŒXV
  [•Ÿ‰ª] 12R 6‘IŽè ¨ 6ŒXV
  [“‚’Ã] 1R 6‘IŽè ¨ 6ŒXV
  [“‚’Ã] 2R 6‘IŽè ¨ 6ŒXV
  [“‚’Ã] 3R 6‘IŽè ¨ 6ŒXV
  [“‚’Ã] 4R 6‘IŽè ¨ 6ŒXV
  [“‚’Ã] 5R 6‘IŽè ¨ 6ŒXV
  [“‚’Ã] 6R 6‘IŽè ¨ 6ŒXV
  [“‚’Ã] 7R 6‘IŽè ¨ 6ŒXV
  [“‚’Ã] 8R 6‘IŽè ¨ 6ŒXV
  [“‚’Ã] 9R 6‘IŽè ¨ 6ŒXV
  [“‚’Ã] 10R 6‘IŽè ¨ 6ŒXV
  [“‚’Ã] 11R 6‘IŽè ¨ 6ŒXV
  [“‚’Ã] 12R 6‘IŽè ¨ 6ŒXV
  [2026-07-10] ¬Œv: XV936Œ / ƒf[ƒ^‚È‚µ0Œ

  [‹xŒe] 174•b ‘Ò‹@’†...

[2026-07-11] ŠJÃ‰ïêƒ`ƒFƒbƒN’†...
  ¨ 15‰ïê (ŒË“c, ]ŒËì, •½˜a“‡, •l–¼ŒÎ, íŠŠ, ’Ã, ŽO‘, ”ú”iŒÎ, –Â–å, ŠÛ‹T, Ž™“‡, ‰ºŠÖ, Žá¼, •Ÿ‰ª, “‚’Ã)
  [ŒË“c] 1R 6‘IŽè ¨ 6ŒXV
  [ŒË“c] 2R 6‘IŽè ¨ 6ŒXV
  [ŒË“c] 3R 6‘IŽè ¨ 6ŒXV
  [ŒË“c] 4R 6‘IŽè ¨ 6ŒXV
  [ŒË“c] 5R 6‘IŽè ¨ 6ŒXV
  [ŒË“c] 6R 6‘IŽè ¨ 6ŒXV
  [ŒË“c] 7R 6‘IŽè ¨ 6ŒXV
  [ŒË“c] 8R 6‘IŽè ¨ 6ŒXV
  [ŒË“c] 9R 6‘IŽè ¨ 6ŒXV
  [ŒË“c] 10R 6‘IŽè ¨ 6ŒXV
  [ŒË“c] 11R 6‘IŽè ¨ 6ŒXV
  [ŒË“c] 12R 6‘IŽè ¨ 6ŒXV
  []ŒËì] 1R 6‘IŽè ¨ 6ŒXV
  []ŒËì] 2R 6‘IŽè ¨ 6ŒXV
  []ŒËì] 3R 6‘IŽè ¨ 6ŒXV
  []ŒËì] 4R 6‘IŽè ¨ 6ŒXV
  []ŒËì] 5R 6‘IŽè ¨ 6ŒXV
  []ŒËì] 6R 6‘IŽè ¨ 6ŒXV
  []ŒËì] 7R 6‘IŽè ¨ 6ŒXV
  []ŒËì] 8R 6‘IŽè ¨ 6ŒXV
  []ŒËì] 9R 6‘IŽè ¨ 6ŒXV
  []ŒËì] 10R 6‘IŽè ¨ 6ŒXV
  []ŒËì] 11R 6‘IŽè ¨ 6ŒXV
  []ŒËì] 12R 6‘IŽè ¨ 6ŒXV
  [•½˜a“‡] 1R 6‘IŽè ¨ 6ŒXV
  [•½˜a“‡] 2R 6‘IŽè ¨ 6ŒXV
  [•½˜a“‡] 3R 6‘IŽè ¨ 6ŒXV
  [•½˜a“‡] 4R 6‘IŽè ¨ 6ŒXV
  [•½˜a“‡] 5R 6‘IŽè ¨ 6ŒXV
  [•½˜a“‡] 6R 6‘IŽè ¨ 6ŒXV
  [•½˜a“‡] 7R 6‘IŽè ¨ 6ŒXV
  [•½˜a“‡] 8R 6‘IŽè ¨ 6ŒXV
  [•½˜a“‡] 9R 6‘IŽè ¨ 6ŒXV
  [•½˜a“‡] 10R 6‘IŽè ¨ 6ŒXV
  [•½˜a“‡] 11R 6‘IŽè ¨ 6ŒXV
  [•½˜a“‡] 12R 6‘IŽè ¨ 6ŒXV
  [•l–¼ŒÎ] 1R 6‘IŽè ¨ 6ŒXV
  [•l–¼ŒÎ] 2R 6‘IŽè ¨ 6ŒXV
  [•l–¼ŒÎ] 3R 6‘IŽè ¨ 6ŒXV
  [•l–¼ŒÎ] 4R 6‘IŽè ¨ 6ŒXV
  [•l–¼ŒÎ] 5R 6‘IŽè ¨ 6ŒXV
  [•l–¼ŒÎ] 6R 6‘IŽè ¨ 6ŒXV
  [•l–¼ŒÎ] 7R 6‘IŽè ¨ 6ŒXV
  [•l–¼ŒÎ] 8R 6‘IŽè ¨ 6ŒXV
  [•l–¼ŒÎ] 9R 6‘IŽè ¨ 6ŒXV
  [•l–¼ŒÎ] 10R 6‘IŽè ¨ 6ŒXV
  [•l–¼ŒÎ] 11R 6‘IŽè ¨ 6ŒXV
  [•l–¼ŒÎ] 12R 6‘IŽè ¨ 6ŒXV
  [íŠŠ] 1R 6‘IŽè ¨ 6ŒXV
  [íŠŠ] 2R 6‘IŽè ¨ 6ŒXV
  [íŠŠ] 3R 6‘IŽè ¨ 6ŒXV
  [íŠŠ] 4R 6‘IŽè ¨ 6ŒXV
  [íŠŠ] 5R 6‘IŽè ¨ 6ŒXV
  [íŠŠ] 6R 6‘IŽè ¨ 6ŒXV
  [íŠŠ] 7R 6‘IŽè ¨ 6ŒXV
  [íŠŠ] 8R 6‘IŽè ¨ 6ŒXV
  [íŠŠ] 9R 6‘IŽè ¨ 6ŒXV
  [íŠŠ] 10R 6‘IŽè ¨ 6ŒXV
  [íŠŠ] 11R 6‘IŽè ¨ 6ŒXV
  [íŠŠ] 12R 6‘IŽè ¨ 6ŒXV
  [’Ã] 1R 6‘IŽè ¨ 6ŒXV
  [’Ã] 2R 6‘IŽè ¨ 6ŒXV
  [’Ã] 3R 6‘IŽè ¨ 6ŒXV
  [’Ã] 4R 6‘IŽè ¨ 6ŒXV
  [’Ã] 5R 6‘IŽè ¨ 6ŒXV
  [’Ã] 6R 6‘IŽè ¨ 6ŒXV
  [’Ã] 7R 6‘IŽè ¨ 6ŒXV
  [’Ã] 8R 6‘IŽè ¨ 6ŒXV
  [’Ã] 9R 6‘IŽè ¨ 6ŒXV
  [’Ã] 10R 6‘IŽè ¨ 6ŒXV
  [’Ã] 11R 6‘IŽè ¨ 6ŒXV
  [’Ã] 12R 6‘IŽè ¨ 6ŒXV
  [ŽO‘] 1R 6‘IŽè ¨ 6ŒXV
  [ŽO‘] 2R 6‘IŽè ¨ 6ŒXV
  [ŽO‘] 3R 6‘IŽè ¨ 6ŒXV
  [ŽO‘] 4R 6‘IŽè ¨ 6ŒXV
  [ŽO‘] 5R 6‘IŽè ¨ 6ŒXV
  [ŽO‘] 6R 6‘IŽè ¨ 6ŒXV
  [ŽO‘] 7R 6‘IŽè ¨ 6ŒXV
  [ŽO‘] 8R 6‘IŽè ¨ 6ŒXV
  [ŽO‘] 9R 6‘IŽè ¨ 6ŒXV
  [ŽO‘] 10R 6‘IŽè ¨ 6ŒXV
  [ŽO‘] 11R 6‘IŽè ¨ 6ŒXV
  [ŽO‘] 12R 6‘IŽè ¨ 6ŒXV
  [”ú”iŒÎ] 1R 6‘IŽè ¨ 6ŒXV
  [”ú”iŒÎ] 2R 6‘IŽè ¨ 6ŒXV
  [”ú”iŒÎ] 3R 6‘IŽè ¨ 6ŒXV
  [”ú”iŒÎ] 4R 6‘IŽè ¨ 6ŒXV
  [”ú”iŒÎ] 5R 6‘IŽè ¨ 6ŒXV
  [”ú”iŒÎ] 6R 6‘IŽè ¨ 6ŒXV
  [”ú”iŒÎ] 7R 6‘IŽè ¨ 6ŒXV
  [”ú”iŒÎ] 8R 6‘IŽè ¨ 6ŒXV
  [”ú”iŒÎ] 9R 6‘IŽè ¨ 6ŒXV
  [”ú”iŒÎ] 10R 6‘IŽè ¨ 6ŒXV
  [”ú”iŒÎ] 11R 6‘IŽè ¨ 6ŒXV
  [”ú”iŒÎ] 12R 6‘IŽè ¨ 6ŒXV
  [–Â–å] 1R 6‘IŽè ¨ 6ŒXV
  [–Â–å] 2R 6‘IŽè ¨ 6ŒXV
  [–Â–å] 3R 6‘IŽè ¨ 6ŒXV
  [–Â–å] 4R 6‘IŽè ¨ 6ŒXV
  [–Â–å] 5R 6‘IŽè ¨ 6ŒXV
  [–Â–å] 6R 6‘IŽè ¨ 6ŒXV
  [–Â–å] 7R 6‘IŽè ¨ 6ŒXV
  [–Â–å] 8R 6‘IŽè ¨ 6ŒXV
  [–Â–å] 9R 6‘IŽè ¨ 6ŒXV
  [–Â–å] 10R 6‘IŽè ¨ 6ŒXV
  [–Â–å] 11R 6‘IŽè ¨ 6ŒXV
  [–Â–å] 12R 6‘IŽè ¨ 6ŒXV
  [ŠÛ‹T] 1R 6‘IŽè ¨ 6ŒXV
  [ŠÛ‹T] 2R 6‘IŽè ¨ 6ŒXV
  [ŠÛ‹T] 3R 6‘IŽè ¨ 6ŒXV
  [ŠÛ‹T] 4R 6‘IŽè ¨ 6ŒXV
  [ŠÛ‹T] 5R 6‘IŽè ¨ 6ŒXV
  [ŠÛ‹T] 6R 6‘IŽè ¨ 6ŒXV
  [ŠÛ‹T] 7R 6‘IŽè ¨ 6ŒXV
  [ŠÛ‹T] 8R 6‘IŽè ¨ 6ŒXV
  [ŠÛ‹T] 9R 6‘IŽè ¨ 6ŒXV
  [ŠÛ‹T] 10R 6‘IŽè ¨ 6ŒXV
  [ŠÛ‹T] 11R 6‘IŽè ¨ 6ŒXV
  [ŠÛ‹T] 12R 6‘IŽè ¨ 6ŒXV
  [Ž™“‡] 1R 6‘IŽè ¨ 6ŒXV
  [Ž™“‡] 2R 6‘IŽè ¨ 6ŒXV
  [Ž™“‡] 3R 6‘IŽè ¨ 6ŒXV
  [Ž™“‡] 4R 6‘IŽè ¨ 6ŒXV
  [Ž™“‡] 5R 6‘IŽè ¨ 6ŒXV
  [Ž™“‡] 6R 6‘IŽè ¨ 6ŒXV
  [Ž™“‡] 7R 6‘IŽè ¨ 6ŒXV
  [Ž™“‡] 8R 6‘IŽè ¨ 6ŒXV
  [Ž™“‡] 9R 6‘IŽè ¨ 6ŒXV
  [Ž™“‡] 10R 6‘IŽè ¨ 6ŒXV
  [Ž™“‡] 11R 6‘IŽè ¨ 6ŒXV
  [Ž™“‡] 12R 6‘IŽè ¨ 6ŒXV
  [‰ºŠÖ] 1R 6‘IŽè ¨ 6ŒXV
  [‰ºŠÖ] 2R 6‘IŽè ¨ 6ŒXV
  [‰ºŠÖ] 3R 6‘IŽè ¨ 6ŒXV
  [‰ºŠÖ] 4R 6‘IŽè ¨ 6ŒXV
  [‰ºŠÖ] 5R 6‘IŽè ¨ 6ŒXV
  [‰ºŠÖ] 6R 6‘IŽè ¨ 6ŒXV
  [‰ºŠÖ] 7R 6‘IŽè ¨ 6ŒXV
  [‰ºŠÖ] 8R 6‘IŽè ¨ 6ŒXV
  [‰ºŠÖ] 9R 6‘IŽè ¨ 6ŒXV
  [‰ºŠÖ] 10R 6‘IŽè ¨ 6ŒXV
  [‰ºŠÖ] 11R 6‘IŽè ¨ 6ŒXV
  [‰ºŠÖ] 12R 6‘IŽè ¨ 6ŒXV
  [Žá¼] 1R 6‘IŽè ¨ 6ŒXV
  [Žá¼] 2R 6‘IŽè ¨ 6ŒXV
  [Žá¼] 3R 6‘IŽè ¨ 6ŒXV
  [Žá¼] 4R 6‘IŽè ¨ 6ŒXV
  [Žá¼] 5R 6‘IŽè ¨ 6ŒXV
  [Žá¼] 6R 6‘IŽè ¨ 6ŒXV
  [Žá¼] 7R 6‘IŽè ¨ 6ŒXV
  [Žá¼] 8R 6‘IŽè ¨ 6ŒXV
  [Žá¼] 9R 6‘IŽè ¨ 6ŒXV
  [Žá¼] 10R 6‘IŽè ¨ 6ŒXV
  [Žá¼] 11R 6‘IŽè ¨ 6ŒXV
  [Žá¼] 12R 6‘IŽè ¨ 6ŒXV
  [•Ÿ‰ª] 1R 6‘IŽè ¨ 6ŒXV
  [•Ÿ‰ª] 2R 6‘IŽè ¨ 6ŒXV
  [•Ÿ‰ª] 3R 6‘IŽè ¨ 6ŒXV
  [•Ÿ‰ª] 4R 6‘IŽè ¨ 6ŒXV
  [•Ÿ‰ª] 5R 6‘IŽè ¨ 6ŒXV
  [•Ÿ‰ª] 6R 6‘IŽè ¨ 6ŒXV
  [•Ÿ‰ª] 7R 6‘IŽè ¨ 6ŒXV
  [•Ÿ‰ª] 8R 6‘IŽè ¨ 6ŒXV
  [•Ÿ‰ª] 9R 6‘IŽè ¨ 6ŒXV
  [•Ÿ‰ª] 10R 6‘IŽè ¨ 6ŒXV
  [•Ÿ‰ª] 11R 6‘IŽè ¨ 6ŒXV
  [•Ÿ‰ª] 12R 6‘IŽè ¨ 6ŒXV
  [“‚’Ã] 1R 6‘IŽè ¨ 6ŒXV
  [“‚’Ã] 2R 6‘IŽè ¨ 6ŒXV
  [“‚’Ã] 3R 6‘IŽè ¨ 6ŒXV
  [“‚’Ã] 4R 6‘IŽè ¨ 6ŒXV
  [“‚’Ã] 5R 6‘IŽè ¨ 6ŒXV
  [“‚’Ã] 6R 6‘IŽè ¨ 6ŒXV
  [“‚’Ã] 7R 6‘IŽè ¨ 6ŒXV
  [“‚’Ã] 8R 6‘IŽè ¨ 6ŒXV
  [“‚’Ã] 9R 6‘IŽè ¨ 6ŒXV
  [“‚’Ã] 10R 6‘IŽè ¨ 6ŒXV
  [“‚’Ã] 11R 6‘IŽè ¨ 6ŒXV
  [“‚’Ã] 12R 6‘IŽè ¨ 6ŒXV
  [2026-07-11] ¬Œv: XV1080Œ / ƒf[ƒ^‚È‚µ0Œ

  [‹xŒe] 163•b ‘Ò‹@’†...

[2026-07-12] ŠJÃ‰ïêƒ`ƒFƒbƒN’†...
  ¨ 16‰ïê (ŒË“c, ]ŒËì, •½˜a“‡, ‘½–€ì, •l–¼ŒÎ, íŠŠ, ’Ã, ŽO‘, ”ú”iŒÎ, –Â–å, ŠÛ‹T, Ž™“‡, ‰ºŠÖ, Žá¼, •Ÿ‰ª, “‚’Ã)
  [ŒË“c] 1R 6‘IŽè ¨ 6ŒXV
  [ŒË“c] 2R 6‘IŽè ¨ 6ŒXV
  [ŒË“c] 3R 6‘IŽè ¨ 6ŒXV
  [ŒË“c] 4R 6‘IŽè ¨ 6ŒXV
  [ŒË“c] 5R 6‘IŽè ¨ 6ŒXV
  [ŒË“c] 6R 6‘IŽè ¨ 6ŒXV
  [ŒË“c] 7R 6‘IŽè ¨ 6ŒXV
  [ŒË“c] 8R 6‘IŽè ¨ 6ŒXV
  [ŒË“c] 9R 6‘IŽè ¨ 6ŒXV
  [ŒË“c] 10R 6‘IŽè ¨ 6ŒXV
  [ŒË“c] 11R 6‘IŽè ¨ 6ŒXV
  [ŒË“c] 12R 6‘IŽè ¨ 6ŒXV
  []ŒËì] 1R 6‘IŽè ¨ 6ŒXV
  []ŒËì] 2R 6‘IŽè ¨ 6ŒXV
  []ŒËì] 3R 6‘IŽè ¨ 6ŒXV
  []ŒËì] 4R 6‘IŽè ¨ 6ŒXV
  []ŒËì] 5R 6‘IŽè ¨ 6ŒXV
  []ŒËì] 6R 6‘IŽè ¨ 6ŒXV
  []ŒËì] 7R 6‘IŽè ¨ 6ŒXV
  []ŒËì] 8R 6‘IŽè ¨ 6ŒXV
  []ŒËì] 9R 6‘IŽè ¨ 6ŒXV
  []ŒËì] 10R 6‘IŽè ¨ 6ŒXV
  []ŒËì] 11R 6‘IŽè ¨ 6ŒXV
  []ŒËì] 12R 6‘IŽè ¨ 6ŒXV
  [•½˜a“‡] 1R 6‘IŽè ¨ 6ŒXV
  [•½˜a“‡] 2R 6‘IŽè ¨ 6ŒXV
  [•½˜a“‡] 3R 6‘IŽè ¨ 6ŒXV
  [•½˜a“‡] 4R 6‘IŽè ¨ 6ŒXV
  [•½˜a“‡] 5R 6‘IŽè ¨ 6ŒXV
  [•½˜a“‡] 6R 6‘IŽè ¨ 6ŒXV
  [•½˜a“‡] 7R 6‘IŽè ¨ 6ŒXV
  [•½˜a“‡] 8R 6‘IŽè ¨ 6ŒXV
  [•½˜a“‡] 9R 6‘IŽè ¨ 6ŒXV
  [•½˜a“‡] 10R 6‘IŽè ¨ 6ŒXV
  [•½˜a“‡] 11R 6‘IŽè ¨ 6ŒXV
  [•½˜a“‡] 12R 6‘IŽè ¨ 6ŒXV
  [‘½–€ì] 1R 6‘IŽè ¨ 6ŒXV
  [‘½–€ì] 2R 6‘IŽè ¨ 6ŒXV
  [‘½–€ì] 3R 6‘IŽè ¨ 6ŒXV
  [‘½–€ì] 4R 6‘IŽè ¨ 6ŒXV
  [‘½–€ì] 5R 6‘IŽè ¨ 6ŒXV
  [‘½–€ì] 6R 6‘IŽè ¨ 6ŒXV
  [‘½–€ì] 7R 6‘IŽè ¨ 6ŒXV
  [‘½–€ì] 8R 6‘IŽè ¨ 6ŒXV
  [‘½–€ì] 9R 6‘IŽè ¨ 6ŒXV
  [‘½–€ì] 10R 6‘IŽè ¨ 6ŒXV
  [‘½–€ì] 11R 6‘IŽè ¨ 6ŒXV
  [‘½–€ì] 12R 6‘IŽè ¨ 6ŒXV
  [•l–¼ŒÎ] 1R 6‘IŽè ¨ 6ŒXV
  [•l–¼ŒÎ] 2R 6‘IŽè ¨ 6ŒXV
  [•l–¼ŒÎ] 3R 6‘IŽè ¨ 6ŒXV
  [•l–¼ŒÎ] 4R 6‘IŽè ¨ 6ŒXV
  [•l–¼ŒÎ] 5R 6‘IŽè ¨ 6ŒXV
  [•l–¼ŒÎ] 6R 6‘IŽè ¨ 6ŒXV
  [•l–¼ŒÎ] 7R 6‘IŽè ¨ 6ŒXV
  [•l–¼ŒÎ] 8R 6‘IŽè ¨ 6ŒXV
  [•l–¼ŒÎ] 9R 6‘IŽè ¨ 6ŒXV
  [•l–¼ŒÎ] 10R 6‘IŽè ¨ 6ŒXV
  [•l–¼ŒÎ] 11R 6‘IŽè ¨ 6ŒXV
  [•l–¼ŒÎ] 12R 6‘IŽè ¨ 6ŒXV
  [íŠŠ] 1R 6‘IŽè ¨ 6ŒXV
  [íŠŠ] 2R 6‘IŽè ¨ 6ŒXV
  [íŠŠ] 3R 6‘IŽè ¨ 6ŒXV
  [íŠŠ] 4R 6‘IŽè ¨ 6ŒXV
  [íŠŠ] 5R 6‘IŽè ¨ 6ŒXV
  [íŠŠ] 6R 6‘IŽè ¨ 6ŒXV
  [íŠŠ] 7R 6‘IŽè ¨ 6ŒXV
  [íŠŠ] 8R 6‘IŽè ¨ 6ŒXV
  [íŠŠ] 9R 6‘IŽè ¨ 6ŒXV
  [íŠŠ] 10R 6‘IŽè ¨ 6ŒXV
  [íŠŠ] 11R 6‘IŽè ¨ 6ŒXV
  [íŠŠ] 12R 6‘IŽè ¨ 6ŒXV
  [’Ã] 1R 6‘IŽè ¨ 6ŒXV
  [’Ã] 2R 6‘IŽè ¨ 6ŒXV
  [’Ã] 3R 6‘IŽè ¨ 6ŒXV
  [’Ã] 4R 6‘IŽè ¨ 6ŒXV
  [’Ã] 5R 6‘IŽè ¨ 6ŒXV
  [’Ã] 6R 6‘IŽè ¨ 6ŒXV
  [’Ã] 7R 6‘IŽè ¨ 6ŒXV
  [’Ã] 8R 6‘IŽè ¨ 6ŒXV
  [’Ã] 9R 6‘IŽè ¨ 6ŒXV
  [’Ã] 10R 6‘IŽè ¨ 6ŒXV
  [’Ã] 11R 6‘IŽè ¨ 6ŒXV
  [’Ã] 12R 6‘IŽè ¨ 6ŒXV
  [ŽO‘] 1R 6‘IŽè ¨ 6ŒXV
  [ŽO‘] 2R 6‘IŽè ¨ 6ŒXV
  [ŽO‘] 3R 6‘IŽè ¨ 6ŒXV
  [ŽO‘] 4R 6‘IŽè ¨ 6ŒXV
  [ŽO‘] 5R 6‘IŽè ¨ 6ŒXV
  [ŽO‘] 6R 6‘IŽè ¨ 6ŒXV
  [ŽO‘] 7R 6‘IŽè ¨ 6ŒXV
  [ŽO‘] 8R 6‘IŽè ¨ 6ŒXV
  [ŽO‘] 9R 6‘IŽè ¨ 6ŒXV
  [ŽO‘] 10R 6‘IŽè ¨ 6ŒXV
  [ŽO‘] 11R 6‘IŽè ¨ 6ŒXV
  [ŽO‘] 12R 6‘IŽè ¨ 6ŒXV
  [”ú”iŒÎ] 1R 6‘IŽè ¨ 6ŒXV
  [”ú”iŒÎ] 2R 6‘IŽè ¨ 6ŒXV
  [”ú”iŒÎ] 3R 6‘IŽè ¨ 6ŒXV
  [”ú”iŒÎ] 4R 6‘IŽè ¨ 6ŒXV
  [”ú”iŒÎ] 5R 6‘IŽè ¨ 6ŒXV
  [”ú”iŒÎ] 6R 6‘IŽè ¨ 6ŒXV
  [”ú”iŒÎ] 7R 6‘IŽè ¨ 6ŒXV
  [”ú”iŒÎ] 8R 6‘IŽè ¨ 6ŒXV
  [”ú”iŒÎ] 9R 6‘IŽè ¨ 6ŒXV
  [”ú”iŒÎ] 10R 6‘IŽè ¨ 6ŒXV
  [”ú”iŒÎ] 11R 6‘IŽè ¨ 6ŒXV
  [”ú”iŒÎ] 12R 6‘IŽè ¨ 6ŒXV
  [–Â–å] 1R 6‘IŽè ¨ 6ŒXV
  [–Â–å] 2R 6‘IŽè ¨ 6ŒXV
  [–Â–å] 3R 6‘IŽè ¨ 6ŒXV
  [–Â–å] 4R 6‘IŽè ¨ 6ŒXV
  [–Â–å] 5R 6‘IŽè ¨ 6ŒXV
  [–Â–å] 6R 6‘IŽè ¨ 6ŒXV
  [–Â–å] 7R 6‘IŽè ¨ 6ŒXV
  [–Â–å] 8R 6‘IŽè ¨ 6ŒXV
  [–Â–å] 9R 6‘IŽè ¨ 6ŒXV
  [–Â–å] 10R 6‘IŽè ¨ 6ŒXV
  [–Â–å] 11R 6‘IŽè ¨ 6ŒXV
  [–Â–å] 12R 6‘IŽè ¨ 6ŒXV
  [ŠÛ‹T] 1R 6‘IŽè ¨ 6ŒXV
  [ŠÛ‹T] 2R 6‘IŽè ¨ 6ŒXV
  [ŠÛ‹T] 3R 6‘IŽè ¨ 6ŒXV
  [ŠÛ‹T] 4R 6‘IŽè ¨ 6ŒXV
  [ŠÛ‹T] 5R 6‘IŽè ¨ 6ŒXV
  [ŠÛ‹T] 6R 6‘IŽè ¨ 6ŒXV
  [ŠÛ‹T] 7R 6‘IŽè ¨ 6ŒXV
  [ŠÛ‹T] 8R 6‘IŽè ¨ 6ŒXV
  [ŠÛ‹T] 9R 6‘IŽè ¨ 6ŒXV
  [ŠÛ‹T] 10R 6‘IŽè ¨ 6ŒXV
  [ŠÛ‹T] 11R 6‘IŽè ¨ 6ŒXV
  [ŠÛ‹T] 12R 6‘IŽè ¨ 6ŒXV
  [Ž™“‡] 1R 6‘IŽè ¨ 6ŒXV
  [Ž™“‡] 2R 6‘IŽè ¨ 6ŒXV
  [Ž™“‡] 3R 6‘IŽè ¨ 6ŒXV
  [Ž™“‡] 4R 6‘IŽè ¨ 6ŒXV
  [Ž™“‡] 5R 6‘IŽè ¨ 6ŒXV
  [Ž™“‡] 6R 6‘IŽè ¨ 6ŒXV
  [Ž™“‡] 7R 6‘IŽè ¨ 6ŒXV
  [Ž™“‡] 8R 6‘IŽè ¨ 6ŒXV
  [Ž™“‡] 9R 6‘IŽè ¨ 6ŒXV
  [Ž™“‡] 10R 6‘IŽè ¨ 6ŒXV
  [Ž™“‡] 11R 6‘IŽè ¨ 6ŒXV
  [Ž™“‡] 12R 6‘IŽè ¨ 6ŒXV
  [‰ºŠÖ] 1R 6‘IŽè ¨ 6ŒXV
  [‰ºŠÖ] 2R 6‘IŽè ¨ 6ŒXV
  [‰ºŠÖ] 3R 6‘IŽè ¨ 6ŒXV
  [‰ºŠÖ] 4R 6‘IŽè ¨ 6ŒXV
  [‰ºŠÖ] 5R 6‘IŽè ¨ 6ŒXV
  [‰ºŠÖ] 6R 6‘IŽè ¨ 6ŒXV
  [‰ºŠÖ] 7R 6‘IŽè ¨ 6ŒXV
  [‰ºŠÖ] 8R 6‘IŽè ¨ 6ŒXV
  [‰ºŠÖ] 9R 6‘IŽè ¨ 6ŒXV
  [‰ºŠÖ] 10R 6‘IŽè ¨ 6ŒXV
  [‰ºŠÖ] 11R 6‘IŽè ¨ 6ŒXV
  [‰ºŠÖ] 12R 6‘IŽè ¨ 6ŒXV
  [Žá¼] 1R 6‘IŽè ¨ 6ŒXV
  [Žá¼] 2R 6‘IŽè ¨ 6ŒXV
  [Žá¼] 3R 6‘IŽè ¨ 6ŒXV
  [Žá¼] 4R 6‘IŽè ¨ 6ŒXV
  [Žá¼] 5R 6‘IŽè ¨ 6ŒXV
  [Žá¼] 6R 6‘IŽè ¨ 6ŒXV
  [Žá¼] 7R 6‘IŽè ¨ 6ŒXV
  [Žá¼] 8R 6‘IŽè ¨ 6ŒXV
  [Žá¼] 9R 6‘IŽè ¨ 6ŒXV
  [Žá¼] 10R 6‘IŽè ¨ 6ŒXV
  [Žá¼] 11R 6‘IŽè ¨ 6ŒXV
  [Žá¼] 12R 6‘IŽè ¨ 6ŒXV
  [•Ÿ‰ª] 1R 6‘IŽè ¨ 6ŒXV
  [•Ÿ‰ª] 2R 6‘IŽè ¨ 6ŒXV
  [•Ÿ‰ª] 3R 6‘IŽè ¨ 6ŒXV
  [•Ÿ‰ª] 4R 6‘IŽè ¨ 6ŒXV
  [•Ÿ‰ª] 5R 6‘IŽè ¨ 6ŒXV
  [•Ÿ‰ª] 6R 6‘IŽè ¨ 6ŒXV
  [•Ÿ‰ª] 7R 6‘IŽè ¨ 6ŒXV
  [•Ÿ‰ª] 8R 6‘IŽè ¨ 6ŒXV
  [•Ÿ‰ª] 9R 6‘IŽè ¨ 6ŒXV
  [•Ÿ‰ª] 10R 6‘IŽè ¨ 6ŒXV
  [•Ÿ‰ª] 11R 6‘IŽè ¨ 6ŒXV
  [•Ÿ‰ª] 12R 6‘IŽè ¨ 6ŒXV
  [“‚’Ã] 1R 6‘IŽè ¨ 6ŒXV
  [“‚’Ã] 2R 6‘IŽè ¨ 6ŒXV
  [“‚’Ã] 3R 6‘IŽè ¨ 6ŒXV
  [“‚’Ã] 4R 6‘IŽè ¨ 6ŒXV
  [“‚’Ã] 5R 6‘IŽè ¨ 6ŒXV
  [“‚’Ã] 6R 6‘IŽè ¨ 6ŒXV
  [“‚’Ã] 7R 6‘IŽè ¨ 6ŒXV
  [“‚’Ã] 8R 6‘IŽè ¨ 6ŒXV
  [“‚’Ã] 9R 6‘IŽè ¨ 6ŒXV
  [“‚’Ã] 10R 6‘IŽè ¨ 6ŒXV
  [“‚’Ã] 11R 6‘IŽè ¨ 6ŒXV
  [“‚’Ã] 12R 6‘IŽè ¨ 6ŒXV
  [2026-07-12] ¬Œv: XV1152Œ / ƒf[ƒ^‚È‚µ0Œ

  [‹xŒe] 124•b ‘Ò‹@’†...

[2026-07-13] ŠJÃ‰ïêƒ`ƒFƒbƒN’†...
  ¨ 13‰ïê (]ŒËì, •½˜a“‡, ‘½–€ì, •l–¼ŒÎ, Š—ŒS, ’Ã, “òè, –Â–å, ŠÛ‹T, Ž™“‡, ‰ºŠÖ, •Ÿ‰ª, “‚’Ã)
  []ŒËì] 1R 6‘IŽè ¨ 6ŒXV
  []ŒËì] 2R 6‘IŽè ¨ 6ŒXV
  []ŒËì] 3R 6‘IŽè ¨ 6ŒXV
  []ŒËì] 4R 6‘IŽè ¨ 6ŒXV
  []ŒËì] 5R 6‘IŽè ¨ 6ŒXV
  []ŒËì] 6R 6‘IŽè ¨ 6ŒXV
  []ŒËì] 7R 6‘IŽè ¨ 6ŒXV
  []ŒËì] 8R 6‘IŽè ¨ 6ŒXV
  []ŒËì] 9R 6‘IŽè ¨ 6ŒXV
  []ŒËì] 10R 6‘IŽè ¨ 6ŒXV
  []ŒËì] 11R 6‘IŽè ¨ 6ŒXV
  []ŒËì] 12R 6‘IŽè ¨ 6ŒXV
  [•½˜a“‡] 1R 6‘IŽè ¨ 6ŒXV
  [•½˜a“‡] 2R 6‘IŽè ¨ 6ŒXV
  [•½˜a“‡] 3R 6‘IŽè ¨ 6ŒXV
  [•½˜a“‡] 4R 6‘IŽè ¨ 6ŒXV
  [•½˜a“‡] 5R 6‘IŽè ¨ 6ŒXV
  [•½˜a“‡] 6R 6‘IŽè ¨ 6ŒXV
  [•½˜a“‡] 7R 6‘IŽè ¨ 6ŒXV
  [•½˜a“‡] 8R 6‘IŽè ¨ 6ŒXV
  [•½˜a“‡] 9R 6‘IŽè ¨ 6ŒXV
  [•½˜a“‡] 10R 6‘IŽè ¨ 6ŒXV
  [•½˜a“‡] 11R 6‘IŽè ¨ 6ŒXV
  [•½˜a“‡] 12R 6‘IŽè ¨ 6ŒXV
  [‘½–€ì] 1R 6‘IŽè ¨ 6ŒXV
  [‘½–€ì] 2R 6‘IŽè ¨ 6ŒXV
  [‘½–€ì] 3R 6‘IŽè ¨ 6ŒXV
  [‘½–€ì] 4R 6‘IŽè ¨ 6ŒXV
  [‘½–€ì] 5R 6‘IŽè ¨ 6ŒXV
  [‘½–€ì] 6R 6‘IŽè ¨ 6ŒXV
  [‘½–€ì] 7R 6‘IŽè ¨ 6ŒXV
  [‘½–€ì] 8R 6‘IŽè ¨ 6ŒXV
  [‘½–€ì] 9R 6‘IŽè ¨ 6ŒXV
  [‘½–€ì] 10R 6‘IŽè ¨ 6ŒXV
  [‘½–€ì] 11R 6‘IŽè ¨ 6ŒXV
  [‘½–€ì] 12R 6‘IŽè ¨ 6ŒXV
  [•l–¼ŒÎ] 1R 6‘IŽè ¨ 6ŒXV
  [•l–¼ŒÎ] 2R 6‘IŽè ¨ 6ŒXV
  [•l–¼ŒÎ] 3R 6‘IŽè ¨ 6ŒXV
  [•l–¼ŒÎ] 4R 6‘IŽè ¨ 6ŒXV
  [•l–¼ŒÎ] 5R 6‘IŽè ¨ 6ŒXV
  [•l–¼ŒÎ] 6R 6‘IŽè ¨ 6ŒXV
  [•l–¼ŒÎ] 7R 6‘IŽè ¨ 6ŒXV
  [•l–¼ŒÎ] 8R 6‘IŽè ¨ 6ŒXV
  [•l–¼ŒÎ] 9R 6‘IŽè ¨ 6ŒXV
  [•l–¼ŒÎ] 10R 6‘IŽè ¨ 6ŒXV
  [•l–¼ŒÎ] 11R 6‘IŽè ¨ 6ŒXV
  [•l–¼ŒÎ] 12R 6‘IŽè ¨ 6ŒXV
  [Š—ŒS] 1R 6‘IŽè ¨ 6ŒXV
  [Š—ŒS] 2R 6‘IŽè ¨ 6ŒXV
  [Š—ŒS] 3R 6‘IŽè ¨ 6ŒXV
  [Š—ŒS] 4R 6‘IŽè ¨ 6ŒXV
  [Š—ŒS] 5R 6‘IŽè ¨ 6ŒXV
  [Š—ŒS] 6R 6‘IŽè ¨ 6ŒXV
  [Š—ŒS] 7R 6‘IŽè ¨ 6ŒXV
  [Š—ŒS] 8R 6‘IŽè ¨ 6ŒXV
  [Š—ŒS] 9R 6‘IŽè ¨ 6ŒXV
  [Š—ŒS] 10R 6‘IŽè ¨ 6ŒXV
  [Š—ŒS] 11R 6‘IŽè ¨ 6ŒXV
  [Š—ŒS] 12R 6‘IŽè ¨ 6ŒXV
  [’Ã] 1R 6‘IŽè ¨ 6ŒXV
  [’Ã] 2R 6‘IŽè ¨ 6ŒXV
  [’Ã] 3R 6‘IŽè ¨ 6ŒXV
  [’Ã] 4R 6‘IŽè ¨ 6ŒXV
  [’Ã] 5R 6‘IŽè ¨ 6ŒXV
  [’Ã] 6R 6‘IŽè ¨ 6ŒXV
  [’Ã] 7R 6‘IŽè ¨ 6ŒXV
  [’Ã] 8R 6‘IŽè ¨ 6ŒXV
  [’Ã] 9R 6‘IŽè ¨ 6ŒXV
  [’Ã] 10R 6‘IŽè ¨ 6ŒXV
  [’Ã] 11R 6‘IŽè ¨ 6ŒXV
  [’Ã] 12R 6‘IŽè ¨ 6ŒXV
  [“òè] 1R 6‘IŽè ¨ 6ŒXV
  [“òè] 2R 6‘IŽè ¨ 6ŒXV
  [“òè] 3R 6‘IŽè ¨ 6ŒXV
  [“òè] 4R 6‘IŽè ¨ 6ŒXV
  [“òè] 5R 6‘IŽè ¨ 6ŒXV
  [“òè] 6R 6‘IŽè ¨ 6ŒXV
  [“òè] 7R 6‘IŽè ¨ 6ŒXV
  [“òè] 8R 6‘IŽè ¨ 6ŒXV
  [“òè] 9R 6‘IŽè ¨ 6ŒXV
  [“òè] 10R 6‘IŽè ¨ 6ŒXV
  [“òè] 11R 6‘IŽè ¨ 6ŒXV
  [“òè] 12R 6‘IŽè ¨ 6ŒXV
  [–Â–å] 1R 6‘IŽè ¨ 6ŒXV
  [–Â–å] 2R 6‘IŽè ¨ 6ŒXV
  [–Â–å] 3R 6‘IŽè ¨ 6ŒXV
  [–Â–å] 4R 6‘IŽè ¨ 6ŒXV
  [–Â–å] 5R 6‘IŽè ¨ 6ŒXV
  [–Â–å] 6R 6‘IŽè ¨ 6ŒXV
  [–Â–å] 7R 6‘IŽè ¨ 6ŒXV
  [–Â–å] 8R 6‘IŽè ¨ 6ŒXV
  [–Â–å] 9R 6‘IŽè ¨ 6ŒXV
  [–Â–å] 10R 6‘IŽè ¨ 6ŒXV
  [–Â–å] 11R 6‘IŽè ¨ 6ŒXV
  [–Â–å] 12R 6‘IŽè ¨ 6ŒXV
  [ŠÛ‹T] 1R 6‘IŽè ¨ 6ŒXV
  [ŠÛ‹T] 2R 6‘IŽè ¨ 6ŒXV
  [ŠÛ‹T] 3R 6‘IŽè ¨ 6ŒXV
  [ŠÛ‹T] 4R 6‘IŽè ¨ 6ŒXV
  [ŠÛ‹T] 5R 6‘IŽè ¨ 6ŒXV
  [ŠÛ‹T] 6R 6‘IŽè ¨ 6ŒXV
  [ŠÛ‹T] 7R 6‘IŽè ¨ 6ŒXV
  [ŠÛ‹T] 8R 6‘IŽè ¨ 6ŒXV
  [ŠÛ‹T] 9R 6‘IŽè ¨ 6ŒXV
  [ŠÛ‹T] 10R 6‘IŽè ¨ 6ŒXV
  [ŠÛ‹T] 11R 6‘IŽè ¨ 6ŒXV
  [ŠÛ‹T] 12R 6‘IŽè ¨ 6ŒXV
  [Ž™“‡] 1R 6‘IŽè ¨ 6ŒXV
  [Ž™“‡] 2R 6‘IŽè ¨ 6ŒXV
  [Ž™“‡] 3R 6‘IŽè ¨ 6ŒXV
  [Ž™“‡] 4R 6‘IŽè ¨ 6ŒXV
  [Ž™“‡] 5R 6‘IŽè ¨ 6ŒXV
  [Ž™“‡] 6R 6‘IŽè ¨ 6ŒXV
  [Ž™“‡] 7R 6‘IŽè ¨ 6ŒXV
  [Ž™“‡] 8R 6‘IŽè ¨ 6ŒXV
  [Ž™“‡] 9R 6‘IŽè ¨ 6ŒXV
  [Ž™“‡] 10R 6‘IŽè ¨ 6ŒXV
  [Ž™“‡] 11R 6‘IŽè ¨ 6ŒXV
  [Ž™“‡] 12R 6‘IŽè ¨ 6ŒXV
  [‰ºŠÖ] 1R 6‘IŽè ¨ 6ŒXV
  [‰ºŠÖ] 2R 6‘IŽè ¨ 6ŒXV
  [‰ºŠÖ] 3R 6‘IŽè ¨ 6ŒXV
  [‰ºŠÖ] 4R 6‘IŽè ¨ 6ŒXV
  [‰ºŠÖ] 5R 6‘IŽè ¨ 6ŒXV
  [‰ºŠÖ] 6R 6‘IŽè ¨ 6ŒXV
  [‰ºŠÖ] 7R 6‘IŽè ¨ 6ŒXV
  [‰ºŠÖ] 8R 6‘IŽè ¨ 6ŒXV
  [‰ºŠÖ] 9R 6‘IŽè ¨ 6ŒXV
  [‰ºŠÖ] 10R 6‘IŽè ¨ 6ŒXV
  [‰ºŠÖ] 11R 6‘IŽè ¨ 6ŒXV
  [‰ºŠÖ] 12R 6‘IŽè ¨ 6ŒXV
  [•Ÿ‰ª] 1R 6‘IŽè ¨ 6ŒXV
  [•Ÿ‰ª] 2R 6‘IŽè ¨ 6ŒXV
  [•Ÿ‰ª] 3R 6‘IŽè ¨ 6ŒXV
  [•Ÿ‰ª] 4R 6‘IŽè ¨ 6ŒXV
  [•Ÿ‰ª] 5R 6‘IŽè ¨ 6ŒXV
  [•Ÿ‰ª] 6R 6‘IŽè ¨ 6ŒXV
  [•Ÿ‰ª] 7R 6‘IŽè ¨ 6ŒXV
  [•Ÿ‰ª] 8R 6‘IŽè ¨ 6ŒXV
  [•Ÿ‰ª] 9R 6‘IŽè ¨ 6ŒXV
  [•Ÿ‰ª] 10R 6‘IŽè ¨ 6ŒXV
  [•Ÿ‰ª] 11R 6‘IŽè ¨ 6ŒXV
  [•Ÿ‰ª] 12R 6‘IŽè ¨ 6ŒXV
  [“‚’Ã] 1R 6‘IŽè ¨ 6ŒXV
  [“‚’Ã] 2R 6‘IŽè ¨ 6ŒXV
  [“‚’Ã] 3R 6‘IŽè ¨ 6ŒXV
  [“‚’Ã] 4R 6‘IŽè ¨ 6ŒXV
  [“‚’Ã] 5R 6‘IŽè ¨ 6ŒXV
  [“‚’Ã] 6R 6‘IŽè ¨ 6ŒXV
  [“‚’Ã] 7R 6‘IŽè ¨ 6ŒXV
  [“‚’Ã] 8R 6‘IŽè ¨ 6ŒXV
  [“‚’Ã] 9R 6‘IŽè ¨ 6ŒXV
  [“‚’Ã] 10R 6‘IŽè ¨ 6ŒXV
  [“‚’Ã] 11R 6‘IŽè ¨ 6ŒXV
  [“‚’Ã] 12R 6‘IŽè ¨ 6ŒXV
  [2026-07-13] ¬Œv: XV936Œ / ƒf[ƒ^‚È‚µ0Œ

  [‹xŒe] 142•b ‘Ò‹@’†...

[2026-07-14] ŠJÃ‰ïêƒ`ƒFƒbƒN’†...
  ¨ 13‰ïê (‹Ë¶, ]ŒËì, •½˜a“‡, ‘½–€ì, •l–¼ŒÎ, Š—ŒS, ’Ã, “òè, ŠÛ‹T, ˆ°‰®, •Ÿ‰ª, “‚’Ã, ‘å‘º)
  [‹Ë¶] 1R 6‘IŽè ¨ 6ŒXV
  [‹Ë¶] 2R 6‘IŽè ¨ 6ŒXV
  [‹Ë¶] 3R 6‘IŽè ¨ 6ŒXV
  [‹Ë¶] 4R 6‘IŽè ¨ 6ŒXV
  [‹Ë¶] 5R 6‘IŽè ¨ 6ŒXV
  [‹Ë¶] 6R 6‘IŽè ¨ 6ŒXV
  [‹Ë¶] 7R 6‘IŽè ¨ 6ŒXV
  [‹Ë¶] 8R 6‘IŽè ¨ 6ŒXV
  [‹Ë¶] 9R 6‘IŽè ¨ 6ŒXV
  [‹Ë¶] 10R 6‘IŽè ¨ 6ŒXV
  [‹Ë¶] 11R 6‘IŽè ¨ 6ŒXV
  [‹Ë¶] 12R 6‘IŽè ¨ 6ŒXV
  []ŒËì] 1R 6‘IŽè ¨ 6ŒXV
  []ŒËì] 2R 6‘IŽè ¨ 6ŒXV
  []ŒËì] 3R 6‘IŽè ¨ 6ŒXV
  []ŒËì] 4R 6‘IŽè ¨ 6ŒXV
  []ŒËì] 5R 6‘IŽè ¨ 6ŒXV
  []ŒËì] 6R 6‘IŽè ¨ 6ŒXV
  []ŒËì] 7R 6‘IŽè ¨ 6ŒXV
  []ŒËì] 8R 6‘IŽè ¨ 6ŒXV
  []ŒËì] 9R 6‘IŽè ¨ 6ŒXV
  []ŒËì] 10R 6‘IŽè ¨ 6ŒXV
  []ŒËì] 11R 6‘IŽè ¨ 6ŒXV
  []ŒËì] 12R 6‘IŽè ¨ 6ŒXV
  [•½˜a“‡] 1R 6‘IŽè ¨ 6ŒXV
  [•½˜a“‡] 2R 6‘IŽè ¨ 6ŒXV
  [•½˜a“‡] 3R 6‘IŽè ¨ 6ŒXV
  [•½˜a“‡] 4R 6‘IŽè ¨ 6ŒXV
  [•½˜a“‡] 5R 6‘IŽè ¨ 6ŒXV
  [•½˜a“‡] 6R 6‘IŽè ¨ 6ŒXV
  [•½˜a“‡] 7R 6‘IŽè ¨ 6ŒXV
  [•½˜a“‡] 8R 6‘IŽè ¨ 6ŒXV
  [•½˜a“‡] 9R 6‘IŽè ¨ 6ŒXV
  [•½˜a“‡] 10R 6‘IŽè ¨ 6ŒXV
  [•½˜a“‡] 11R 6‘IŽè ¨ 6ŒXV
  [•½˜a“‡] 12R 6‘IŽè ¨ 6ŒXV
  [‘½–€ì] 1R 6‘IŽè ¨ 6ŒXV
  [‘½–€ì] 2R 6‘IŽè ¨ 6ŒXV
  [‘½–€ì] 3R 6‘IŽè ¨ 6ŒXV
  [‘½–€ì] 4R 6‘IŽè ¨ 6ŒXV
  [‘½–€ì] 5R 6‘IŽè ¨ 6ŒXV
  [‘½–€ì] 6R 6‘IŽè ¨ 6ŒXV
  [‘½–€ì] 7R 6‘IŽè ¨ 6ŒXV
  [‘½–€ì] 8R 6‘IŽè ¨ 6ŒXV
  [‘½–€ì] 9R 6‘IŽè ¨ 6ŒXV
  [‘½–€ì] 10R 6‘IŽè ¨ 6ŒXV
  [‘½–€ì] 11R 6‘IŽè ¨ 6ŒXV
  [‘½–€ì] 12R 6‘IŽè ¨ 6ŒXV
  [•l–¼ŒÎ] 1R 6‘IŽè ¨ 6ŒXV
  [•l–¼ŒÎ] 2R 6‘IŽè ¨ 6ŒXV
  [•l–¼ŒÎ] 3R 6‘IŽè ¨ 6ŒXV
  [•l–¼ŒÎ] 4R 6‘IŽè ¨ 6ŒXV
  [•l–¼ŒÎ] 5R 6‘IŽè ¨ 6ŒXV
  [•l–¼ŒÎ] 6R 6‘IŽè ¨ 6ŒXV
  [•l–¼ŒÎ] 7R 6‘IŽè ¨ 6ŒXV
  [•l–¼ŒÎ] 8R 6‘IŽè ¨ 6ŒXV
  [•l–¼ŒÎ] 9R 6‘IŽè ¨ 6ŒXV
  [•l–¼ŒÎ] 10R 6‘IŽè ¨ 6ŒXV
  [•l–¼ŒÎ] 11R 6‘IŽè ¨ 6ŒXV
  [•l–¼ŒÎ] 12R 6‘IŽè ¨ 6ŒXV
  [Š—ŒS] 1R 6‘IŽè ¨ 6ŒXV
  [Š—ŒS] 2R 6‘IŽè ¨ 6ŒXV
  [Š—ŒS] 3R 6‘IŽè ¨ 6ŒXV
  [Š—ŒS] 4R 6‘IŽè ¨ 6ŒXV
  [Š—ŒS] 5R 6‘IŽè ¨ 6ŒXV
  [Š—ŒS] 6R 6‘IŽè ¨ 6ŒXV
  [Š—ŒS] 7R 6‘IŽè ¨ 6ŒXV
  [Š—ŒS] 8R 6‘IŽè ¨ 6ŒXV
  [Š—ŒS] 9R 6‘IŽè ¨ 6ŒXV
  [Š—ŒS] 10R 6‘IŽè ¨ 6ŒXV
  [Š—ŒS] 11R 6‘IŽè ¨ 6ŒXV
  [Š—ŒS] 12R 6‘IŽè ¨ 6ŒXV
  [’Ã] 1R 6‘IŽè ¨ 6ŒXV
  [’Ã] 2R 6‘IŽè ¨ 6ŒXV
  [’Ã] 3R 6‘IŽè ¨ 6ŒXV
  [’Ã] 4R 6‘IŽè ¨ 6ŒXV
  [’Ã] 5R 6‘IŽè ¨ 6ŒXV
  [’Ã] 6R 6‘IŽè ¨ 6ŒXV
  [’Ã] 7R 6‘IŽè ¨ 6ŒXV
  [’Ã] 8R 6‘IŽè ¨ 6ŒXV
  [’Ã] 9R 6‘IŽè ¨ 6ŒXV
  [’Ã] 10R 6‘IŽè ¨ 6ŒXV
  [’Ã] 11R 6‘IŽè ¨ 6ŒXV
  [’Ã] 12R 6‘IŽè ¨ 6ŒXV
  [“òè] 1R 6‘IŽè ¨ 6ŒXV
  [“òè] 2R 6‘IŽè ¨ 6ŒXV
  [“òè] 3R 6‘IŽè ¨ 6ŒXV
  [“òè] 4R 6‘IŽè ¨ 6ŒXV
  [“òè] 5R 6‘IŽè ¨ 6ŒXV
  [“òè] 6R 6‘IŽè ¨ 6ŒXV
  [“òè] 7R 6‘IŽè ¨ 6ŒXV
  [“òè] 8R 6‘IŽè ¨ 6ŒXV
  [“òè] 9R 6‘IŽè ¨ 6ŒXV
  [“òè] 10R 6‘IŽè ¨ 6ŒXV
  [“òè] 11R 6‘IŽè ¨ 6ŒXV
  [“òè] 12R 6‘IŽè ¨ 6ŒXV
  [ŠÛ‹T] 1R 6‘IŽè ¨ 6ŒXV
  [ŠÛ‹T] 2R 6‘IŽè ¨ 6ŒXV
  [ŠÛ‹T] 3R 6‘IŽè ¨ 6ŒXV
  [ŠÛ‹T] 4R 6‘IŽè ¨ 6ŒXV
  [ŠÛ‹T] 5R 6‘IŽè ¨ 6ŒXV
  [ŠÛ‹T] 6R 6‘IŽè ¨ 6ŒXV
  [ŠÛ‹T] 7R 6‘IŽè ¨ 6ŒXV
  [ŠÛ‹T] 8R 6‘IŽè ¨ 6ŒXV
  [ŠÛ‹T] 9R 6‘IŽè ¨ 6ŒXV
  [ŠÛ‹T] 10R 6‘IŽè ¨ 6ŒXV
  [ŠÛ‹T] 11R 6‘IŽè ¨ 6ŒXV
  [ŠÛ‹T] 12R 6‘IŽè ¨ 6ŒXV
  [ˆ°‰®] 1R 6‘IŽè ¨ 6ŒXV
  [ˆ°‰®] 2R 6‘IŽè ¨ 6ŒXV
  [ˆ°‰®] 3R 6‘IŽè ¨ 6ŒXV
  [ˆ°‰®] 4R 6‘IŽè ¨ 6ŒXV
  [ˆ°‰®] 5R 6‘IŽè ¨ 6ŒXV
  [ˆ°‰®] 6R 6‘IŽè ¨ 6ŒXV
  [ˆ°‰®] 7R 6‘IŽè ¨ 6ŒXV
  [ˆ°‰®] 8R 6‘IŽè ¨ 6ŒXV
  [ˆ°‰®] 9R 6‘IŽè ¨ 6ŒXV
  [ˆ°‰®] 10R 6‘IŽè ¨ 6ŒXV
  [ˆ°‰®] 11R 6‘IŽè ¨ 6ŒXV
  [ˆ°‰®] 12R 6‘IŽè ¨ 6ŒXV
  [•Ÿ‰ª] 1R 6‘IŽè ¨ 6ŒXV
  [•Ÿ‰ª] 2R 6‘IŽè ¨ 6ŒXV
  [•Ÿ‰ª] 3R 6‘IŽè ¨ 6ŒXV
  [•Ÿ‰ª] 4R 6‘IŽè ¨ 6ŒXV
  [•Ÿ‰ª] 5R 6‘IŽè ¨ 6ŒXV
  [•Ÿ‰ª] 6R 6‘IŽè ¨ 6ŒXV
  [•Ÿ‰ª] 7R 6‘IŽè ¨ 6ŒXV
  [•Ÿ‰ª] 8R 6‘IŽè ¨ 6ŒXV
  [•Ÿ‰ª] 9R 6‘IŽè ¨ 6ŒXV
  [•Ÿ‰ª] 10R 6‘IŽè ¨ 6ŒXV
  [•Ÿ‰ª] 11R 6‘IŽè ¨ 6ŒXV
  [•Ÿ‰ª] 12R 6‘IŽè ¨ 6ŒXV
  [“‚’Ã] 1R 6‘IŽè ¨ 6ŒXV
  [“‚’Ã] 2R 6‘IŽè ¨ 6ŒXV
  [“‚’Ã] 3R 6‘IŽè ¨ 6ŒXV
  [“‚’Ã] 4R 6‘IŽè ¨ 6ŒXV
  [“‚’Ã] 5R 6‘IŽè ¨ 6ŒXV
  [“‚’Ã] 6R 6‘IŽè ¨ 6ŒXV
  [“‚’Ã] 7R 6‘IŽè ¨ 6ŒXV
  [“‚’Ã] 8R 6‘IŽè ¨ 6ŒXV
  [“‚’Ã] 9R 6‘IŽè ¨ 6ŒXV
  [“‚’Ã] 10R 6‘IŽè ¨ 6ŒXV
  [“‚’Ã] 11R 6‘IŽè ¨ 6ŒXV
  [“‚’Ã] 12R 6‘IŽè ¨ 6ŒXV
  [‘å‘º] 1R 6‘IŽè ¨ 6ŒXV
  [‘å‘º] 2R 6‘IŽè ¨ 6ŒXV
  [‘å‘º] 3R 6‘IŽè ¨ 6ŒXV
  [‘å‘º] 4R 6‘IŽè ¨ 6ŒXV
  [‘å‘º] 5R 6‘IŽè ¨ 6ŒXV
  [‘å‘º] 6R 6‘IŽè ¨ 6ŒXV
  [‘å‘º] 7R 6‘IŽè ¨ 6ŒXV
  [‘å‘º] 8R 6‘IŽè ¨ 6ŒXV
  [‘å‘º] 9R 6‘IŽè ¨ 6ŒXV
  [‘å‘º] 10R 6‘IŽè ¨ 6ŒXV
  [‘å‘º] 11R 6‘IŽè ¨ 6ŒXV
  [‘å‘º] 12R 6‘IŽè ¨ 6ŒXV
  [2026-07-14] ¬Œv: XV936Œ / ƒf[ƒ^‚È‚µ0Œ

============================================================
yŠ®—¹z‘S“ú•t‚Ìˆ—‚ªŠ®—¹‚µ‚Ü‚µ‚½
  entriesXV: 12312Œ
  ƒf[ƒ^‚È‚µ(beforeinfo–¢ŒöŠJ): 155Œ

y“ú•ÊŒ‹‰Êz
“ú•t             ‰ïê”   entriesXV      ƒf[ƒ^‚È‚µ
------------------------------------------
2026-07-02      15         936         24
2026-07-03      16        1008         24
2026-07-04      17        1008         36
2026-07-05      17        1008         35
2026-07-06      14         792         36
2026-07-07      12         864          0
2026-07-08      11         792          0
2026-07-09      12         864          0
2026-07-10      13         936          0
2026-07-11      15        1080          0
2026-07-12      16        1152          0
2026-07-13      13         936          0
2026-07-14      13         936          0

beforeinfo ƒoƒbƒNƒtƒBƒ‹ Š®—¹: 2026-07-28 01:34:41
============================================================
  [æµœåæ¹–] 11R 6é¸æ‰‹ â†’ 6ä»¶æ›´æ–°
  [æµœåæ¹–] 12R 6é¸æ‰‹ â†’ 6ä»¶æ›´æ–°
  [å¸¸æ»‘] 1R 6é¸æ‰‹ â†’ 6ä»¶æ›´æ–°
  [å¸¸æ»‘] 2R 6é¸æ‰‹ â†’ 6ä»¶æ›´æ–°
  [å¸¸æ»‘] 3R 6é¸æ‰‹ â†’ 6ä»¶æ›´æ–°
  [å¸¸æ»‘] 4R 6é¸æ‰‹ â†’ 6ä»¶æ›´æ–°
  [å¸¸æ»‘] 5R 6é¸æ‰‹ â†’ 6ä»¶æ›´æ–°
  [å¸¸æ»‘] 6R 6é¸æ‰‹ â†’ 6ä»¶æ›´æ–°
  [å¸¸æ»‘] 7R 6é¸æ‰‹ â†’ 6ä»¶æ›´æ–°
  [å¸¸æ»‘] 8R 6é¸æ‰‹ â†’ 6ä»¶æ›´æ–°
  [å¸¸æ»‘] 9R 6é¸æ‰‹ â†’ 6ä»¶æ›´æ–°
  [å¸¸æ»‘] 10R 6é¸æ‰‹ â†’ 6ä»¶æ›´æ–°
  [å¸¸æ»‘] 11R 6é¸æ‰‹ â†’ 6ä»¶æ›´æ–°
  [å¸¸æ»‘] 12R 6é¸æ‰‹ â†’ 6ä»¶æ›´æ–°
  [æ´¥] 1R 6é¸æ‰‹ â†’ 6ä»¶æ›´æ–°
  [æ´¥] 2R 6é¸æ‰‹ â†’ 6ä»¶æ›´æ–°
  [æ´¥] 3R 6é¸æ‰‹ â†’ 6ä»¶æ›´æ–°
  [æ´¥] 4R 6é¸æ‰‹ â†’ 6ä»¶æ›´æ–°
  [æ´¥] 5R 6é¸æ‰‹ â†’ 6ä»¶æ›´æ–°
  [æ´¥] 6R 6é¸æ‰‹ â†’ 6ä»¶æ›´æ–°
  [æ´¥] 7R 6é¸æ‰‹ â†’ 6ä»¶æ›´æ–°
  [æ´¥] 8R 6é¸æ‰‹ â†’ 6ä»¶æ›´æ–°
  [æ´¥] 9R 6é¸æ‰‹ â†’ 6ä»¶æ›´æ–°
  [æ´¥] 10R 6é¸æ‰‹ â†’ 6ä»¶æ›´æ–°
  [æ´¥] 11R 6é¸æ‰‹ â†’ 6ä»¶æ›´æ–°
  [æ´¥] 12R 6é¸æ‰‹ â†’ 6ä»¶æ›´æ–°
  [ä¸‰å›½] 1R 6é¸æ‰‹ â†’ 6ä»¶æ›´æ–°
  [ä¸‰å›½] 2R 6é¸æ‰‹ â†’ 6ä»¶æ›´æ–°
  [ä¸‰å›½] 3R 6é¸æ‰‹ â†’ 6ä»¶æ›´æ–°
  [ä¸‰å›½] 4R 6é¸æ‰‹ â†’ 6ä»¶æ›´æ–°
  [ä¸‰å›½] 5R 6é¸æ‰‹ â†’ 6ä»¶æ›´æ–°
  [ä¸‰å›½] 6R 6é¸æ‰‹ â†’ 6ä»¶æ›´æ–°
  [ä¸‰å›½] 7R 6é¸æ‰‹ â†’ 6ä»¶æ›´æ–°
  [ä¸‰å›½] 8R 6é¸æ‰‹ â†’ 6ä»¶æ›´æ–°
  [ä¸‰å›½] 9R 6é¸æ‰‹ â†’ 6ä»¶æ›´æ–°
  [ä¸‰å›½] 10R 6é¸æ‰‹ â†’ 6ä»¶æ›´æ–°
  [ä¸‰å›½] 11R 6é¸æ‰‹ â†’ 6ä»¶æ›´æ–°
  [ä¸‰å›½] 12R 6é¸æ‰‹ â†’ 6ä»¶æ›´æ–°
  [çµç¶æ¹–] 1R 6é¸æ‰‹ â†’ 6ä»¶æ›´æ–°
  [çµç¶æ¹–] 2R 6é¸æ‰‹ â†’ 6ä»¶æ›´æ–°
  [çµç¶æ¹–] 3R 6é¸æ‰‹ â†’ 6ä»¶æ›´æ–°
  [çµç¶æ¹–] 4R 6é¸æ‰‹ â†’ 6ä»¶æ›´æ–°
  [çµç¶æ¹–] 5R 6é¸æ‰‹ â†’ 6ä»¶æ›´æ–°
  [çµç¶æ¹–] 6R 6é¸æ‰‹ â†’ 6ä»¶æ›´æ–°
  [çµç¶æ¹–] 7R 6é¸æ‰‹ â†’ 6ä»¶æ›´æ–°
  [çµç¶æ¹–] 8R 6é¸æ‰‹ â†’ 6ä»¶æ›´æ–°
  [çµç¶æ¹–] 9R 6é¸æ‰‹ â†’ 6ä»¶æ›´æ–°
  [çµç¶æ¹–] 10R 6é¸æ‰‹ â†’ 6ä»¶æ›´æ–°
  [çµç¶æ¹–] 11R 6é¸æ‰‹ â†’ 6ä»¶æ›´æ–°
  [çµç¶æ¹–] 12R 6é¸æ‰‹ â†’ 6ä»¶æ›´æ–°
  [é³´é–€] 1R 6é¸æ‰‹ â†’ 6ä»¶æ›´æ–°
  [é³´é–€] 2R 6é¸æ‰‹ â†’ 6ä»¶æ›´æ–°
  [é³´é–€] 3R 6é¸æ‰‹ â†’ 6ä»¶æ›´æ–°
  [é³´é–€] 4R 6é¸æ‰‹ â†’ 6ä»¶æ›´æ–°
  [é³´é–€] 5R 6é¸æ‰‹ â†’ 6ä»¶æ›´æ–°
  [é³´é–€] 6R 6é¸æ‰‹ â†’ 6ä»¶æ›´æ–°
  [é³´é–€] 7R 6é¸æ‰‹ â†’ 6ä»¶æ›´æ–°
  [é³´é–€] 8R 6é¸æ‰‹ â†’ 6ä»¶æ›´æ–°
  [é³´é–€] 9R 6é¸æ‰‹ â†’ 6ä»¶æ›´æ–°
  [é³´é–€] 10R 6é¸æ‰‹ â†’ 6ä»¶æ›´æ–°
  [é³´é–€] 11R 6é¸æ‰‹ â†’ 6ä»¶æ›´æ–°
  [é³´é–€] 12R 6é¸æ‰‹ â†’ 6ä»¶æ›´æ–°
  [ä¸¸äº€] 1R 6é¸æ‰‹ â†’ 6ä»¶æ›´æ–°
  [ä¸¸äº€] 2R 6é¸æ‰‹ â†’ 6ä»¶æ›´æ–°
  [ä¸¸äº€] 3R 6é¸æ‰‹ â†’ 6ä»¶æ›´æ–°
  [ä¸¸äº€] 4R 6é¸æ‰‹ â†’ 6ä»¶æ›´æ–°
  [ä¸¸äº€] 5R 6é¸æ‰‹ â†’ 6ä»¶æ›´æ–°
  [ä¸¸äº€] 6R 6é¸æ‰‹ â†’ 6ä»¶æ›´æ–°
  [ä¸¸äº€] 7R 6é¸æ‰‹ â†’ 6ä»¶æ›´æ–°
  [ä¸¸äº€] 8R 6é¸æ‰‹ â†’ 6ä»¶æ›´æ–°
  [ä¸¸äº€] 9R 6é¸æ‰‹ â†’ 6ä»¶æ›´æ–°
  [ä¸¸äº€] 10R 6é¸æ‰‹ â†’ 6ä»¶æ›´æ–°
  [ä¸¸äº€] 11R 6é¸æ‰‹ â†’ 6ä»¶æ›´æ–°
  [ä¸¸äº€] 12R 6é¸æ‰‹ â†’ 6ä»¶æ›´æ–°
  [å…å³¶] 1R 6é¸æ‰‹ â†’ 6ä»¶æ›´æ–°
  [å…å³¶] 2R 6é¸æ‰‹ â†’ 6ä»¶æ›´æ–°
  [å…å³¶] 3R 6é¸æ‰‹ â†’ 6ä»¶æ›´æ–°
  [å…å³¶] 4R 6é¸æ‰‹ â†’ 6ä»¶æ›´æ–°
  [å…å³¶] 5R 6é¸æ‰‹ â†’ 6ä»¶æ›´æ–°
  [å…å³¶] 6R 6é¸æ‰‹ â†’ 6ä»¶æ›´æ–°
  [å…å³¶] 7R 6é¸æ‰‹ â†’ 6ä»¶æ›´æ–°
  [å…å³¶] 8R 6é¸æ‰‹ â†’ 6ä»¶æ›´æ–°
  [å…å³¶] 9R 6é¸æ‰‹ â†’ 6ä»¶æ›´æ–°
  [å…å³¶] 10R 6é¸æ‰‹ â†’ 6ä»¶æ›´æ–°
  [å…å³¶] 11R 6é¸æ‰‹ â†’ 6ä»¶æ›´æ–°
  [å…å³¶] 12R 6é¸æ‰‹ â†’ 6ä»¶æ›´æ–°
  [ä¸‹é–¢] 1R 6é¸æ‰‹ â†’ 6ä»¶æ›´æ–°
  [ä¸‹é–¢] 2R 6é¸æ‰‹ â†’ 6ä»¶æ›´æ–°
  [ä¸‹é–¢] 3R 6é¸æ‰‹ â†’ 6ä»¶æ›´æ–°
  [ä¸‹é–¢] 4R 6é¸æ‰‹ â†’ 6ä»¶æ›´æ–°
  [ä¸‹é–¢] 5R 6é¸æ‰‹ â†’ 6ä»¶æ›´æ–°
  [ä¸‹é–¢] 6R 6é¸æ‰‹ â†’ 6ä»¶æ›´æ–°
  [ä¸‹é–¢] 7R 6é¸æ‰‹ â†’ 6ä»¶æ›´æ–°
  [ä¸‹é–¢] 8R 6é¸æ‰‹ â†’ 6ä»¶æ›´æ–°
  [ä¸‹é–¢] 9R 6é¸æ‰‹ â†’ 6ä»¶æ›´æ–°
  [ä¸‹é–¢] 10R 6é¸æ‰‹ â†’ 6ä»¶æ›´æ–°
  [ä¸‹é–¢] 11R 6é¸æ‰‹ â†’ 6ä»¶æ›´æ–°
  [ä¸‹é–¢] 12R 6é¸æ‰‹ â†’ 6ä»¶æ›´æ–°
  [è‹¥æ¾] 1R 6é¸æ‰‹ â†’ 6ä»¶æ›´æ–°
  [è‹¥æ¾] 2R 6é¸æ‰‹ â†’ 6ä»¶æ›´æ–°
  [è‹¥æ¾] 3R 6é¸æ‰‹ â†’ 6ä»¶æ›´æ–°
  [è‹¥æ¾] 4R 6é¸æ‰‹ â†’ 6ä»¶æ›´æ–°
  [è‹¥æ¾] 5R 6é¸æ‰‹ â†’ 6ä»¶æ›´æ–°
  [è‹¥æ¾] 6R 6é¸æ‰‹ â†’ 6ä»¶æ›´æ–°
  [è‹¥æ¾] 7R 6é¸æ‰‹ â†’ 6ä»¶æ›´æ–°
  [è‹¥æ¾] 8R 6é¸æ‰‹ â†’ 6ä»¶æ›´æ–°
  [è‹¥æ¾] 9R 6é¸æ‰‹ â†’ 6ä»¶æ›´æ–°
  [è‹¥æ¾] 10R 6é¸æ‰‹ â†’ 6ä»¶æ›´æ–°
  [è‹¥æ¾] 11R 6é¸æ‰‹ â†’ 6ä»¶æ›´æ–°
  [è‹¥æ¾] 12R 6é¸æ‰‹ â†’ 6ä»¶æ›´æ–°
  [ç¦å²¡] 1R 6é¸æ‰‹ â†’ 6ä»¶æ›´æ–°
  [ç¦å²¡] 2R 6é¸æ‰‹ â†’ 6ä»¶æ›´æ–°
  [ç¦å²¡] 3R 6é¸æ‰‹ â†’ 6ä»¶æ›´æ–°
  [ç¦å²¡] 4R 6é¸æ‰‹ â†’ 6ä»¶æ›´æ–°
  [ç¦å²¡] 5R 6é¸æ‰‹ â†’ 6ä»¶æ›´æ–°
  [ç¦å²¡] 6R 6é¸æ‰‹ â†’ 6ä»¶æ›´æ–°
  [ç¦å²¡] 7R 6é¸æ‰‹ â†’ 6ä»¶æ›´æ–°
  [ç¦å²¡] 8R 6é¸æ‰‹ â†’ 6ä»¶æ›´æ–°
  [ç¦å²¡] 9R 6é¸æ‰‹ â†’ 6ä»¶æ›´æ–°
  [ç¦å²¡] 10R 6é¸æ‰‹ â†’ 6ä»¶æ›´æ–°
  [ç¦å²¡] 11R 6é¸æ‰‹ â†’ 6ä»¶æ›´æ–°
  [ç¦å²¡] 12R 6é¸æ‰‹ â†’ 6ä»¶æ›´æ–°
  [å”æ´¥] 1R 6é¸æ‰‹ â†’ 6ä»¶æ›´æ–°
  [å”æ´¥] 2R 6é¸æ‰‹ â†’ 6ä»¶æ›´æ–°
  [å”æ´¥] 3R 6é¸æ‰‹ â†’ 6ä»¶æ›´æ–°
  [å”æ´¥] 4R 6é¸æ‰‹ â†’ 6ä»¶æ›´æ–°
  [å”æ´¥] 5R 6é¸æ‰‹ â†’ 6ä»¶æ›´æ–°
  [å”æ´¥] 6R 6é¸æ‰‹ â†’ 6ä»¶æ›´æ–°
  [å”æ´¥] 7R 6é¸æ‰‹ â†’ 6ä»¶æ›´æ–°
  [å”æ´¥] 8R 6é¸æ‰‹ â†’ 6ä»¶æ›´æ–°
  [å”æ´¥] 9R 6é¸æ‰‹ â†’ 6ä»¶æ›´æ–°
  [å”æ´¥] 10R 6é¸æ‰‹ â†’ 6ä»¶æ›´æ–°
  [å”æ´¥] 11R 6é¸æ‰‹ â†’ 6ä»¶æ›´æ–°
  [å”æ´¥] 12R 6é¸æ‰‹ â†’ 6ä»¶æ›´æ–°
  [2026-07-12] å°è¨ˆ: æ›´æ–°1152ä»¶ / ãƒ‡ãƒ¼ã‚¿ãªã—0ä»¶

  [ä¼‘æ†©] 124ç§’ å¾…æ©Ÿä¸­...

[2026-07-13] é–‹å‚¬ä¼šå ´ãƒã‚§ãƒƒã‚¯ä¸­...
  â†’ 13ä¼šå ´ (æ±Ÿæˆ¸å·, å¹³å’Œå³¶, å¤šæ‘©å·, æµœåæ¹–, è’²éƒ¡, æ´¥, å°¼å´Ž, é³´é–€, ä¸¸äº€, å…å³¶, ä¸‹é–¢, ç¦å²¡, å”æ´¥)
  [æ±Ÿæˆ¸å·] 1R 6é¸æ‰‹ â†’ 6ä»¶æ›´æ–°
  [æ±Ÿæˆ¸å·] 2R 6é¸æ‰‹ â†’ 6ä»¶æ›´æ–°
  [æ±Ÿæˆ¸å·] 3R 6é¸æ‰‹ â†’ 6ä»¶æ›´æ–°
  [æ±Ÿæˆ¸å·] 4R 6é¸æ‰‹ â†’ 6ä»¶æ›´æ–°
  [æ±Ÿæˆ¸å·] 5R 6é¸æ‰‹ â†’ 6ä»¶æ›´æ–°
  [æ±Ÿæˆ¸å·] 6R 6é¸æ‰‹ â†’ 6ä»¶æ›´æ–°
  [æ±Ÿæˆ¸å·] 7R 6é¸æ‰‹ â†’ 6ä»¶æ›´æ–°
  [æ±Ÿæˆ¸å·] 8R 6é¸æ‰‹ â†’ 6ä»¶æ›´æ–°
  [æ±Ÿæˆ¸å·] 9R 6é¸æ‰‹ â†’ 6ä»¶æ›´æ–°
  [æ±Ÿæˆ¸å·] 10R 6é¸æ‰‹ â†’ 6ä»¶æ›´æ–°
  [æ±Ÿæˆ¸å·] 11R 6é¸æ‰‹ â†’ 6ä»¶æ›´æ–°
  [æ±Ÿæˆ¸å·] 12R 6é¸æ‰‹ â†’ 6ä»¶æ›´æ–°
  [å¹³å’Œå³¶] 1R 6é¸æ‰‹ â†’ 6ä»¶æ›´æ–°
  [å¹³å’Œå³¶] 2R 6é¸æ‰‹ â†’ 6ä»¶æ›´æ–°
  [å¹³å’Œå³¶] 3R 6é¸æ‰‹ â†’ 6ä»¶æ›´æ–°
  [å¹³å’Œå³¶] 4R 6é¸æ‰‹ â†’ 6ä»¶æ›´æ–°
  [å¹³å’Œå³¶] 5R 6é¸æ‰‹ â†’ 6ä»¶æ›´æ–°
  [å¹³å’Œå³¶] 6R 6é¸æ‰‹ â†’ 6ä»¶æ›´æ–°
  [å¹³å’Œå³¶] 7R 6é¸æ‰‹ â†’ 6ä»¶æ›´æ–°
  [å¹³å’Œå³¶] 8R 6é¸æ‰‹ â†’ 6ä»¶æ›´æ–°
  [å¹³å’Œå³¶] 9R 6é¸æ‰‹ â†’ 6ä»¶æ›´æ–°
  [å¹³å’Œå³¶] 10R 6é¸æ‰‹ â†’ 6ä»¶æ›´æ–°
  [å¹³å’Œå³¶] 11R 6é¸æ‰‹ â†’ 6ä»¶æ›´æ–°
  [å¹³å’Œå³¶] 12R 6é¸æ‰‹ â†’ 6ä»¶æ›´æ–°
  [å¤šæ‘©å·] 1R 6é¸æ‰‹ â†’ 6ä»¶æ›´æ–°
  [å¤šæ‘©å·] 2R 6é¸æ‰‹ â†’ 6ä»¶æ›´æ–°
  [å¤šæ‘©å·] 3R 6é¸æ‰‹ â†’ 6ä»¶æ›´æ–°
  [å¤šæ‘©å·] 4R 6é¸æ‰‹ â†’ 6ä»¶æ›´æ–°
  [å¤šæ‘©å·] 5R 6é¸æ‰‹ â†’ 6ä»¶æ›´æ–°
  [å¤šæ‘©å·] 6R 6é¸æ‰‹ â†’ 6ä»¶æ›´æ–°
  [å¤šæ‘©å·] 7R 6é¸æ‰‹ â†’ 6ä»¶æ›´æ–°
  [å¤šæ‘©å·] 8R 6é¸æ‰‹ â†’ 6ä»¶æ›´æ–°
  [å¤šæ‘©å·] 9R 6é¸æ‰‹ â†’ 6ä»¶æ›´æ–°
  [å¤šæ‘©å·] 10R 6é¸æ‰‹ â†’ 6ä»¶æ›´æ–°
  [å¤šæ‘©å·] 11R 6é¸æ‰‹ â†’ 6ä»¶æ›´æ–°
  [å¤šæ‘©å·] 12R 6é¸æ‰‹ â†’ 6ä»¶æ›´æ–°
  [æµœåæ¹–] 1R 6é¸æ‰‹ â†’ 6ä»¶æ›´æ–°
  [æµœåæ¹–] 2R 6é¸æ‰‹ â†’ 6ä»¶æ›´æ–°
  [æµœåæ¹–] 3R 6é¸æ‰‹ â†’ 6ä»¶æ›´æ–°
  [æµœåæ¹–] 4R 6é¸æ‰‹ â†’ 6ä»¶æ›´æ–°
  [æµœåæ¹–] 5R 6é¸æ‰‹ â†’ 6ä»¶æ›´æ–°
  [æµœåæ¹–] 6R 6é¸æ‰‹ â†’ 6ä»¶æ›´æ–°
  [æµœåæ¹–] 7R 6é¸æ‰‹ â†’ 6ä»¶æ›´æ–°
  [æµœåæ¹–] 8R 6é¸æ‰‹ â†’ 6ä»¶æ›´æ–°
  [æµœåæ¹–] 9R 6é¸æ‰‹ â†’ 6ä»¶æ›´æ–°
  [æµœåæ¹–] 10R 6é¸æ‰‹ â†’ 6ä»¶æ›´æ–°
  [æµœåæ¹–] 11R 6é¸æ‰‹ â†’ 6ä»¶æ›´æ–°
  [æµœåæ¹–] 12R 6é¸æ‰‹ â†’ 6ä»¶æ›´æ–°
  [è’²éƒ¡] 1R 6é¸æ‰‹ â†’ 6ä»¶æ›´æ–°
  [è’²éƒ¡] 2R 6é¸æ‰‹ â†’ 6ä»¶æ›´æ–°
  [è’²éƒ¡] 3R 6é¸æ‰‹ â†’ 6ä»¶æ›´æ–°
  [è’²éƒ¡] 4R 6é¸æ‰‹ â†’ 6ä»¶æ›´æ–°
  [è’²éƒ¡] 5R 6é¸æ‰‹ â†’ 6ä»¶æ›´æ–°
  [è’²éƒ¡] 6R 6é¸æ‰‹ â†’ 6ä»¶æ›´æ–°
  [è’²éƒ¡] 7R 6é¸æ‰‹ â†’ 6ä»¶æ›´æ–°
  [è’²éƒ¡] 8R 6é¸æ‰‹ â†’ 6ä»¶æ›´æ–°
  [è’²éƒ¡] 9R 6é¸æ‰‹ â†’ 6ä»¶æ›´æ–°
  [è’²éƒ¡] 10R 6é¸æ‰‹ â†’ 6ä»¶æ›´æ–°
  [è’²éƒ¡] 11R 6é¸æ‰‹ â†’ 6ä»¶æ›´æ–°
  [è’²éƒ¡] 12R 6é¸æ‰‹ â†’ 6ä»¶æ›´æ–°
  [æ´¥] 1R 6é¸æ‰‹ â†’ 6ä»¶æ›´æ–°
  [æ´¥] 2R 6é¸æ‰‹ â†’ 6ä»¶æ›´æ–°
  [æ´¥] 3R 6é¸æ‰‹ â†’ 6ä»¶æ›´æ–°
  [æ´¥] 4R 6é¸æ‰‹ â†’ 6ä»¶æ›´æ–°
  [æ´¥] 5R 6é¸æ‰‹ â†’ 6ä»¶æ›´æ–°
  [æ´¥] 6R 6é¸æ‰‹ â†’ 6ä»¶æ›´æ–°
  [æ´¥] 7R 6é¸æ‰‹ â†’ 6ä»¶æ›´æ–°
  [æ´¥] 8R 6é¸æ‰‹ â†’ 6ä»¶æ›´æ–°
  [æ´¥] 9R 6é¸æ‰‹ â†’ 6ä»¶æ›´æ–°
  [æ´¥] 10R 6é¸æ‰‹ â†’ 6ä»¶æ›´æ–°
  [æ´¥] 11R 6é¸æ‰‹ â†’ 6ä»¶æ›´æ–°
  [æ´¥] 12R 6é¸æ‰‹ â†’ 6ä»¶æ›´æ–°
  [å°¼å´Ž] 1R 6é¸æ‰‹ â†’ 6ä»¶æ›´æ–°
  [å°¼å´Ž] 2R 6é¸æ‰‹ â†’ 6ä»¶æ›´æ–°
  [å°¼å´Ž] 3R 6é¸æ‰‹ â†’ 6ä»¶æ›´æ–°
  [å°¼å´Ž] 4R 6é¸æ‰‹ â†’ 6ä»¶æ›´æ–°
  [å°¼å´Ž] 5R 6é¸æ‰‹ â†’ 6ä»¶æ›´æ–°
  [å°¼å´Ž] 6R 6é¸æ‰‹ â†’ 6ä»¶æ›´æ–°
  [å°¼å´Ž] 7R 6é¸æ‰‹ â†’ 6ä»¶æ›´æ–°
  [å°¼å´Ž] 8R 6é¸æ‰‹ â†’ 6ä»¶æ›´æ–°
  [å°¼å´Ž] 9R 6é¸æ‰‹ â†’ 6ä»¶æ›´æ–°
  [å°¼å´Ž] 10R 6é¸æ‰‹ â†’ 6ä»¶æ›´æ–°
  [å°¼å´Ž] 11R 6é¸æ‰‹ â†’ 6ä»¶æ›´æ–°
  [å°¼å´Ž] 12R 6é¸æ‰‹ â†’ 6ä»¶æ›´æ–°
  [é³´é–€] 1R 6é¸æ‰‹ â†’ 6ä»¶æ›´æ–°
  [é³´é–€] 2R 6é¸æ‰‹ â†’ 6ä»¶æ›´æ–°
  [é³´é–€] 3R 6é¸æ‰‹ â†’ 6ä»¶æ›´æ–°
  [é³´é–€] 4R 6é¸æ‰‹ â†’ 6ä»¶æ›´æ–°
  [é³´é–€] 5R 6é¸æ‰‹ â†’ 6ä»¶æ›´æ–°
  [é³´é–€] 6R 6é¸æ‰‹ â†’ 6ä»¶æ›´æ–°
  [é³´é–€] 7R 6é¸æ‰‹ â†’ 6ä»¶æ›´æ–°
  [é³´é–€] 8R 6é¸æ‰‹ â†’ 6ä»¶æ›´æ–°
  [é³´é–€] 9R 6é¸æ‰‹ â†’ 6ä»¶æ›´æ–°
  [é³´é–€] 10R 6é¸æ‰‹ â†’ 6ä»¶æ›´æ–°
  [é³´é–€] 11R 6é¸æ‰‹ â†’ 6ä»¶æ›´æ–°
  [é³´é–€] 12R 6é¸æ‰‹ â†’ 6ä»¶æ›´æ–°
  [ä¸¸äº€] 1R 6é¸æ‰‹ â†’ 6ä»¶æ›´æ–°
  [ä¸¸äº€] 2R 6é¸æ‰‹ â†’ 6ä»¶æ›´æ–°
  [ä¸¸äº€] 3R 6é¸æ‰‹ â†’ 6ä»¶æ›´æ–°
  [ä¸¸äº€] 4R 6é¸æ‰‹ â†’ 6ä»¶æ›´æ–°
  [ä¸¸äº€] 5R 6é¸æ‰‹ â†’ 6ä»¶æ›´æ–°
  [ä¸¸äº€] 6R 6é¸æ‰‹ â†’ 6ä»¶æ›´æ–°
  [ä¸¸äº€] 7R 6é¸æ‰‹ â†’ 6ä»¶æ›´æ–°
  [ä¸¸äº€] 8R 6é¸æ‰‹ â†’ 6ä»¶æ›´æ–°
  [ä¸¸äº€] 9R 6é¸æ‰‹ â†’ 6ä»¶æ›´æ–°
  [ä¸¸äº€] 10R 6é¸æ‰‹ â†’ 6ä»¶æ›´æ–°
  [ä¸¸äº€] 11R 6é¸æ‰‹ â†’ 6ä»¶æ›´æ–°
  [ä¸¸äº€] 12R 6é¸æ‰‹ â†’ 6ä»¶æ›´æ–°
  [å…å³¶] 1R 6é¸æ‰‹ â†’ 6ä»¶æ›´æ–°
  [å…å³¶] 2R 6é¸æ‰‹ â†’ 6ä»¶æ›´æ–°
  [å…å³¶] 3R 6é¸æ‰‹ â†’ 6ä»¶æ›´æ–°
  [å…å³¶] 4R 6é¸æ‰‹ â†’ 6ä»¶æ›´æ–°
  [å…å³¶] 5R 6é¸æ‰‹ â†’ 6ä»¶æ›´æ–°
  [å…å³¶] 6R 6é¸æ‰‹ â†’ 6ä»¶æ›´æ–°
  [å…å³¶] 7R 6é¸æ‰‹ â†’ 6ä»¶æ›´æ–°
  [å…å³¶] 8R 6é¸æ‰‹ â†’ 6ä»¶æ›´æ–°
  [å…å³¶] 9R 6é¸æ‰‹ â†’ 6ä»¶æ›´æ–°
  [å…å³¶] 10R 6é¸æ‰‹ â†’ 6ä»¶æ›´æ–°
  [å…å³¶] 11R 6é¸æ‰‹ â†’ 6ä»¶æ›´æ–°
  [å…å³¶] 12R 6é¸æ‰‹ â†’ 6ä»¶æ›´æ–°
  [ä¸‹é–¢] 1R 6é¸æ‰‹ â†’ 6ä»¶æ›´æ–°
  [ä¸‹é–¢] 2R 6é¸æ‰‹ â†’ 6ä»¶æ›´æ–°
  [ä¸‹é–¢] 3R 6é¸æ‰‹ â†’ 6ä»¶æ›´æ–°
  [ä¸‹é–¢] 4R 6é¸æ‰‹ â†’ 6ä»¶æ›´æ–°
  [ä¸‹é–¢] 5R 6é¸æ‰‹ â†’ 6ä»¶æ›´æ–°
  [ä¸‹é–¢] 6R 6é¸æ‰‹ â†’ 6ä»¶æ›´æ–°
  [ä¸‹é–¢] 7R 6é¸æ‰‹ â†’ 6ä»¶æ›´æ–°
  [ä¸‹é–¢] 8R 6é¸æ‰‹ â†’ 6ä»¶æ›´æ–°
  [ä¸‹é–¢] 9R 6é¸æ‰‹ â†’ 6ä»¶æ›´æ–°
  [ä¸‹é–¢] 10R 6é¸æ‰‹ â†’ 6ä»¶æ›´æ–°
  [ä¸‹é–¢] 11R 6é¸æ‰‹ â†’ 6ä»¶æ›´æ–°
  [ä¸‹é–¢] 12R 6é¸æ‰‹ â†’ 6ä»¶æ›´æ–°
  [ç¦å²¡] 1R 6é¸æ‰‹ â†’ 6ä»¶æ›´æ–°
  [ç¦å²¡] 2R 6é¸æ‰‹ â†’ 6ä»¶æ›´æ–°
  [ç¦å²¡] 3R 6é¸æ‰‹ â†’ 6ä»¶æ›´æ–°
  [ç¦å²¡] 4R 6é¸æ‰‹ â†’ 6ä»¶æ›´æ–°
  [ç¦å²¡] 5R 6é¸æ‰‹ â†’ 6ä»¶æ›´æ–°
  [ç¦å²¡] 6R 6é¸æ‰‹ â†’ 6ä»¶æ›´æ–°
  [ç¦å²¡] 7R 6é¸æ‰‹ â†’ 6ä»¶æ›´æ–°
  [ç¦å²¡] 8R 6é¸æ‰‹ â†’ 6ä»¶æ›´æ–°
  [ç¦å²¡] 9R 6é¸æ‰‹ â†’ 6ä»¶æ›´æ–°
  [ç¦å²¡] 10R 6é¸æ‰‹ â†’ 6ä»¶æ›´æ–°
  [ç¦å²¡] 11R 6é¸æ‰‹ â†’ 6ä»¶æ›´æ–°
  [ç¦å²¡] 12R 6é¸æ‰‹ â†’ 6ä»¶æ›´æ–°
  [å”æ´¥] 1R 6é¸æ‰‹ â†’ 6ä»¶æ›´æ–°
  [å”æ´¥] 2R 6é¸æ‰‹ â†’ 6ä»¶æ›´æ–°
  [å”æ´¥] 3R 6é¸æ‰‹ â†’ 6ä»¶æ›´æ–°
  [å”æ´¥] 4R 6é¸æ‰‹ â†’ 6ä»¶æ›´æ–°
  [å”æ´¥] 5R 6é¸æ‰‹ â†’ 6ä»¶æ›´æ–°
  [å”æ´¥] 6R 6é¸æ‰‹ â†’ 6ä»¶æ›´æ–°
  [å”æ´¥] 7R 6é¸æ‰‹ â†’ 6ä»¶æ›´æ–°
  [å”æ´¥] 8R 6é¸æ‰‹ â†’ 6ä»¶æ›´æ–°
  [å”æ´¥] 9R 6é¸æ‰‹ â†’ 6ä»¶æ›´æ–°
  [å”æ´¥] 10R 6é¸æ‰‹ â†’ 6ä»¶æ›´æ–°
  [å”æ´¥] 11R 6é¸æ‰‹ â†’ 6ä»¶æ›´æ–°
  [å”æ´¥] 12R 6é¸æ‰‹ â†’ 6ä»¶æ›´æ–°
  [2026-07-13] å°è¨ˆ: æ›´æ–°936ä»¶ / ãƒ‡ãƒ¼ã‚¿ãªã—0ä»¶

  [ä¼‘æ†©] 142ç§’ å¾…æ©Ÿä¸­...

[2026-07-14] é–‹å‚¬ä¼šå ´ãƒã‚§ãƒƒã‚¯ä¸­...
  â†’ 13ä¼šå ´ (æ¡ç”Ÿ, æ±Ÿæˆ¸å·, å¹³å’Œå³¶, å¤šæ‘©å·, æµœåæ¹–, è’²éƒ¡, æ´¥, å°¼å´Ž, ä¸¸äº€, èŠ¦å±‹, ç¦å²¡, å”æ´¥, å¤§æ‘)
  [æ¡ç”Ÿ] 1R 6é¸æ‰‹ â†’ 6ä»¶æ›´æ–°
  [æ¡ç”Ÿ] 2R 6é¸æ‰‹ â†’ 6ä»¶æ›´æ–°
  [æ¡ç”Ÿ] 3R 6é¸æ‰‹ â†’ 6ä»¶æ›´æ–°
  [æ¡ç”Ÿ] 4R 6é¸æ‰‹ â†’ 6ä»¶æ›´æ–°
  [æ¡ç”Ÿ] 5R 6é¸æ‰‹ â†’ 6ä»¶æ›´æ–°
  [æ¡ç”Ÿ] 6R 6é¸æ‰‹ â†’ 6ä»¶æ›´æ–°
  [æ¡ç”Ÿ] 7R 6é¸æ‰‹ â†’ 6ä»¶æ›´æ–°
  [æ¡ç”Ÿ] 8R 6é¸æ‰‹ â†’ 6ä»¶æ›´æ–°
  [æ¡ç”Ÿ] 9R 6é¸æ‰‹ â†’ 6ä»¶æ›´æ–°
  [æ¡ç”Ÿ] 10R 6é¸æ‰‹ â†’ 6ä»¶æ›´æ–°
  [æ¡ç”Ÿ] 11R 6é¸æ‰‹ â†’ 6ä»¶æ›´æ–°
  [æ¡ç”Ÿ] 12R 6é¸æ‰‹ â†’ 6ä»¶æ›´æ–°
  [æ±Ÿæˆ¸å·] 1R 6é¸æ‰‹ â†’ 6ä»¶æ›´æ–°
  [æ±Ÿæˆ¸å·] 2R 6é¸æ‰‹ â†’ 6ä»¶æ›´æ–°
  [æ±Ÿæˆ¸å·] 3R 6é¸æ‰‹ â†’ 6ä»¶æ›´æ–°
  [æ±Ÿæˆ¸å·] 4R 6é¸æ‰‹ â†’ 6ä»¶æ›´æ–°
  [æ±Ÿæˆ¸å·] 5R 6é¸æ‰‹ â†’ 6ä»¶æ›´æ–°
  [æ±Ÿæˆ¸å·] 6R 6é¸æ‰‹ â†’ 6ä»¶æ›´æ–°
  [æ±Ÿæˆ¸å·] 7R 6é¸æ‰‹ â†’ 6ä»¶æ›´æ–°
  [æ±Ÿæˆ¸å·] 8R 6é¸æ‰‹ â†’ 6ä»¶æ›´æ–°
  [æ±Ÿæˆ¸å·] 9R 6é¸æ‰‹ â†’ 6ä»¶æ›´æ–°
  [æ±Ÿæˆ¸å·] 10R 6é¸æ‰‹ â†’ 6ä»¶æ›´æ–°
  [æ±Ÿæˆ¸å·] 11R 6é¸æ‰‹ â†’ 6ä»¶æ›´æ–°
  [æ±Ÿæˆ¸å·] 12R 6é¸æ‰‹ â†’ 6ä»¶æ›´æ–°
  [å¹³å’Œå³¶] 1R 6é¸æ‰‹ â†’ 6ä»¶æ›´æ–°
  [å¹³å’Œå³¶] 2R 6é¸æ‰‹ â†’ 6ä»¶æ›´æ–°
  [å¹³å’Œå³¶] 3R 6é¸æ‰‹ â†’ 6ä»¶æ›´æ–°
  [å¹³å’Œå³¶] 4R 6é¸æ‰‹ â†’ 6ä»¶æ›´æ–°
  [å¹³å’Œå³¶] 5R 6é¸æ‰‹ â†’ 6ä»¶æ›´æ–°
  [å¹³å’Œå³¶] 6R 6é¸æ‰‹ â†’ 6ä»¶æ›´æ–°
  [å¹³å’Œå³¶] 7R 6é¸æ‰‹ â†’ 6ä»¶æ›´æ–°
  [å¹³å’Œå³¶] 8R 6é¸æ‰‹ â†’ 6ä»¶æ›´æ–°
  [å¹³å’Œå³¶] 9R 6é¸æ‰‹ â†’ 6ä»¶æ›´æ–°
  [å¹³å’Œå³¶] 10R 6é¸æ‰‹ â†’ 6ä»¶æ›´æ–°
  [å¹³å’Œå³¶] 11R 6é¸æ‰‹ â†’ 6ä»¶æ›´æ–°
  [å¹³å’Œå³¶] 12R 6é¸æ‰‹ â†’ 6ä»¶æ›´æ–°
  [å¤šæ‘©å·] 1R 6é¸æ‰‹ â†’ 6ä»¶æ›´æ–°
  [å¤šæ‘©å·] 2R 6é¸æ‰‹ â†’ 6ä»¶æ›´æ–°
  [å¤šæ‘©å·] 3R 6é¸æ‰‹ â†’ 6ä»¶æ›´æ–°
  [å¤šæ‘©å·] 4R 6é¸æ‰‹ â†’ 6ä»¶æ›´æ–°
  [å¤šæ‘©å·] 5R 6é¸æ‰‹ â†’ 6ä»¶æ›´æ–°
  [å¤šæ‘©å·] 6R 6é¸æ‰‹ â†’ 6ä»¶æ›´æ–°
  [å¤šæ‘©å·] 7R 6é¸æ‰‹ â†’ 6ä»¶æ›´æ–°
  [å¤šæ‘©å·] 8R 6é¸æ‰‹ â†’ 6ä»¶æ›´æ–°
  [å¤šæ‘©å·] 9R 6é¸æ‰‹ â†’ 6ä»¶æ›´æ–°
  [å¤šæ‘©å·] 10R 6é¸æ‰‹ â†’ 6ä»¶æ›´æ–°
  [å¤šæ‘©å·] 11R 6é¸æ‰‹ â†’ 6ä»¶æ›´æ–°
  [å¤šæ‘©å·] 12R 6é¸æ‰‹ â†’ 6ä»¶æ›´æ–°
  [æµœåæ¹–] 1R 6é¸æ‰‹ â†’ 6ä»¶æ›´æ–°
  [æµœåæ¹–] 2R 6é¸æ‰‹ â†’ 6ä»¶æ›´æ–°
  [æµœåæ¹–] 3R 6é¸æ‰‹ â†’ 6ä»¶æ›´æ–°
  [æµœåæ¹–] 4R 6é¸æ‰‹ â†’ 6ä»¶æ›´æ–°
  [æµœåæ¹–] 5R 6é¸æ‰‹ â†’ 6ä»¶æ›´æ–°
  [æµœåæ¹–] 6R 6é¸æ‰‹ â†’ 6ä»¶æ›´æ–°
  [æµœåæ¹–] 7R 6é¸æ‰‹ â†’ 6ä»¶æ›´æ–°
  [æµœåæ¹–] 8R 6é¸æ‰‹ â†’ 6ä»¶æ›´æ–°
  [æµœåæ¹–] 9R 6é¸æ‰‹ â†’ 6ä»¶æ›´æ–°
  [æµœåæ¹–] 10R 6é¸æ‰‹ â†’ 6ä»¶æ›´æ–°
  [æµœåæ¹–] 11R 6é¸æ‰‹ â†’ 6ä»¶æ›´æ–°
  [æµœåæ¹–] 12R 6é¸æ‰‹ â†’ 6ä»¶æ›´æ–°
  [è’²éƒ¡] 1R 6é¸æ‰‹ â†’ 6ä»¶æ›´æ–°
  [è’²éƒ¡] 2R 6é¸æ‰‹ â†’ 6ä»¶æ›´æ–°
  [è’²éƒ¡] 3R 6é¸æ‰‹ â†’ 6ä»¶æ›´æ–°
  [è’²éƒ¡] 4R 6é¸æ‰‹ â†’ 6ä»¶æ›´æ–°
  [è’²éƒ¡] 5R 6é¸æ‰‹ â†’ 6ä»¶æ›´æ–°
  [è’²éƒ¡] 6R 6é¸æ‰‹ â†’ 6ä»¶æ›´æ–°
  [è’²éƒ¡] 7R 6é¸æ‰‹ â†’ 6ä»¶æ›´æ–°
  [è’²éƒ¡] 8R 6é¸æ‰‹ â†’ 6ä»¶æ›´æ–°
  [è’²éƒ¡] 9R 6é¸æ‰‹ â†’ 6ä»¶æ›´æ–°
  [è’²éƒ¡] 10R 6é¸æ‰‹ â†’ 6ä»¶æ›´æ–°
  [è’²éƒ¡] 11R 6é¸æ‰‹ â†’ 6ä»¶æ›´æ–°
  [è’²éƒ¡] 12R 6é¸æ‰‹ â†’ 6ä»¶æ›´æ–°
  [æ´¥] 1R 6é¸æ‰‹ â†’ 6ä»¶æ›´æ–°
  [æ´¥] 2R 6é¸æ‰‹ â†’ 6ä»¶æ›´æ–°
  [æ´¥] 3R 6é¸æ‰‹ â†’ 6ä»¶æ›´æ–°
  [æ´¥] 4R 6é¸æ‰‹ â†’ 6ä»¶æ›´æ–°
  [æ´¥] 5R 6é¸æ‰‹ â†’ 6ä»¶æ›´æ–°
  [æ´¥] 6R 6é¸æ‰‹ â†’ 6ä»¶æ›´æ–°
  [æ´¥] 7R 6é¸æ‰‹ â†’ 6ä»¶æ›´æ–°
  [æ´¥] 8R 6é¸æ‰‹ â†’ 6ä»¶æ›´æ–°
  [æ´¥] 9R 6é¸æ‰‹ â†’ 6ä»¶æ›´æ–°
  [æ´¥] 10R 6é¸æ‰‹ â†’ 6ä»¶æ›´æ–°
  [æ´¥] 11R 6é¸æ‰‹ â†’ 6ä»¶æ›´æ–°
  [æ´¥] 12R 6é¸æ‰‹ â†’ 6ä»¶æ›´æ–°
  [å°¼å´Ž] 1R 6é¸æ‰‹ â†’ 6ä»¶æ›´æ–°
  [å°¼å´Ž] 2R 6é¸æ‰‹ â†’ 6ä»¶æ›´æ–°
  [å°¼å´Ž] 3R 6é¸æ‰‹ â†’ 6ä»¶æ›´æ–°
  [å°¼å´Ž] 4R 6é¸æ‰‹ â†’ 6ä»¶æ›´æ–°
  [å°¼å´Ž] 5R 6é¸æ‰‹ â†’ 6ä»¶æ›´æ–°
  [å°¼å´Ž] 6R 6é¸æ‰‹ â†’ 6ä»¶æ›´æ–°
  [å°¼å´Ž] 7R 6é¸æ‰‹ â†’ 6ä»¶æ›´æ–°
  [å°¼å´Ž] 8R 6é¸æ‰‹ â†’ 6ä»¶æ›´æ–°
  [å°¼å´Ž] 9R 6é¸æ‰‹ â†’ 6ä»¶æ›´æ–°
  [å°¼å´Ž] 10R 6é¸æ‰‹ â†’ 6ä»¶æ›´æ–°
  [å°¼å´Ž] 11R 6é¸æ‰‹ â†’ 6ä»¶æ›´æ–°
  [å°¼å´Ž] 12R 6é¸æ‰‹ â†’ 6ä»¶æ›´æ–°
  [ä¸¸äº€] 1R 6é¸æ‰‹ â†’ 6ä»¶æ›´æ–°
  [ä¸¸äº€] 2R 6é¸æ‰‹ â†’ 6ä»¶æ›´æ–°
  [ä¸¸äº€] 3R 6é¸æ‰‹ â†’ 6ä»¶æ›´æ–°
  [ä¸¸äº€] 4R 6é¸æ‰‹ â†’ 6ä»¶æ›´æ–°
  [ä¸¸äº€] 5R 6é¸æ‰‹ â†’ 6ä»¶æ›´æ–°
  [ä¸¸äº€] 6R 6é¸æ‰‹ â†’ 6ä»¶æ›´æ–°
  [ä¸¸äº€] 7R 6é¸æ‰‹ â†’ 6ä»¶æ›´æ–°
  [ä¸¸äº€] 8R 6é¸æ‰‹ â†’ 6ä»¶æ›´æ–°
  [ä¸¸äº€] 9R 6é¸æ‰‹ â†’ 6ä»¶æ›´æ–°
  [ä¸¸äº€] 10R 6é¸æ‰‹ â†’ 6ä»¶æ›´æ–°
  [ä¸¸äº€] 11R 6é¸æ‰‹ â†’ 6ä»¶æ›´æ–°
  [ä¸¸äº€] 12R 6é¸æ‰‹ â†’ 6ä»¶æ›´æ–°
  [èŠ¦å±‹] 1R 6é¸æ‰‹ â†’ 6ä»¶æ›´æ–°
  [èŠ¦å±‹] 2R 6é¸æ‰‹ â†’ 6ä»¶æ›´æ–°
  [èŠ¦å±‹] 3R 6é¸æ‰‹ â†’ 6ä»¶æ›´æ–°
  [èŠ¦å±‹] 4R 6é¸æ‰‹ â†’ 6ä»¶æ›´æ–°
  [èŠ¦å±‹] 5R 6é¸æ‰‹ â†’ 6ä»¶æ›´æ–°
  [èŠ¦å±‹] 6R 6é¸æ‰‹ â†’ 6ä»¶æ›´æ–°
  [èŠ¦å±‹] 7R 6é¸æ‰‹ â†’ 6ä»¶æ›´æ–°
  [èŠ¦å±‹] 8R 6é¸æ‰‹ â†’ 6ä»¶æ›´æ–°
  [èŠ¦å±‹] 9R 6é¸æ‰‹ â†’ 6ä»¶æ›´æ–°
  [èŠ¦å±‹] 10R 6é¸æ‰‹ â†’ 6ä»¶æ›´æ–°
  [èŠ¦å±‹] 11R 6é¸æ‰‹ â†’ 6ä»¶æ›´æ–°
  [èŠ¦å±‹] 12R 6é¸æ‰‹ â†’ 6ä»¶æ›´æ–°
  [ç¦å²¡] 1R 6é¸æ‰‹ â†’ 6ä»¶æ›´æ–°
  [ç¦å²¡] 2R 6é¸æ‰‹ â†’ 6ä»¶æ›´æ–°
  [ç¦å²¡] 3R 6é¸æ‰‹ â†’ 6ä»¶æ›´æ–°
  [ç¦å²¡] 4R 6é¸æ‰‹ â†’ 6ä»¶æ›´æ–°
  [ç¦å²¡] 5R 6é¸æ‰‹ â†’ 6ä»¶æ›´æ–°
  [ç¦å²¡] 6R 6é¸æ‰‹ â†’ 6ä»¶æ›´æ–°
  [ç¦å²¡] 7R 6é¸æ‰‹ â†’ 6ä»¶æ›´æ–°
  [ç¦å²¡] 8R 6é¸æ‰‹ â†’ 6ä»¶æ›´æ–°
  [ç¦å²¡] 9R 6é¸æ‰‹ â†’ 6ä»¶æ›´æ–°
  [ç¦å²¡] 10R 6é¸æ‰‹ â†’ 6ä»¶æ›´æ–°
  [ç¦å²¡] 11R 6é¸æ‰‹ â†’ 6ä»¶æ›´æ–°
  [ç¦å²¡] 12R 6é¸æ‰‹ â†’ 6ä»¶æ›´æ–°
  [å”æ´¥] 1R 6é¸æ‰‹ â†’ 6ä»¶æ›´æ–°
  [å”æ´¥] 2R 6é¸æ‰‹ â†’ 6ä»¶æ›´æ–°
  [å”æ´¥] 3R 6é¸æ‰‹ â†’ 6ä»¶æ›´æ–°
  [å”æ´¥] 4R 6é¸æ‰‹ â†’ 6ä»¶æ›´æ–°
  [å”æ´¥] 5R 6é¸æ‰‹ â†’ 6ä»¶æ›´æ–°
  [å”æ´¥] 6R 6é¸æ‰‹ â†’ 6ä»¶æ›´æ–°
  [å”æ´¥] 7R 6é¸æ‰‹ â†’ 6ä»¶æ›´æ–°
  [å”æ´¥] 8R 6é¸æ‰‹ â†’ 6ä»¶æ›´æ–°
  [å”æ´¥] 9R 6é¸æ‰‹ â†’ 6ä»¶æ›´æ–°
  [å”æ´¥] 10R 6é¸æ‰‹ â†’ 6ä»¶æ›´æ–°
  [å”æ´¥] 11R 6é¸æ‰‹ â†’ 6ä»¶æ›´æ–°
  [å”æ´¥] 12R 6é¸æ‰‹ â†’ 6ä»¶æ›´æ–°
  [å¤§æ‘] 1R 6é¸æ‰‹ â†’ 6ä»¶æ›´æ–°
  [å¤§æ‘] 2R 6é¸æ‰‹ â†’ 6ä»¶æ›´æ–°
  [å¤§æ‘] 3R 6é¸æ‰‹ â†’ 6ä»¶æ›´æ–°
  [å¤§æ‘] 4R 6é¸æ‰‹ â†’ 6ä»¶æ›´æ–°
  [å¤§æ‘] 5R 6é¸æ‰‹ â†’ 6ä»¶æ›´æ–°
  [å¤§æ‘] 6R 6é¸æ‰‹ â†’ 6ä»¶æ›´æ–°
  [å¤§æ‘] 7R 6é¸æ‰‹ â†’ 6ä»¶æ›´æ–°
  [å¤§æ‘] 8R 6é¸æ‰‹ â†’ 6ä»¶æ›´æ–°
  [å¤§æ‘] 9R 6é¸æ‰‹ â†’ 6ä»¶æ›´æ–°
  [å¤§æ‘] 10R 6é¸æ‰‹ â†’ 6ä»¶æ›´æ–°
  [å¤§æ‘] 11R 6é¸æ‰‹ â†’ 6ä»¶æ›´æ–°
  [å¤§æ‘] 12R 6é¸æ‰‹ â†’ 6ä»¶æ›´æ–°
  [2026-07-14] å°è¨ˆ: æ›´æ–°936ä»¶ / ãƒ‡ãƒ¼ã‚¿ãªã—0ä»¶

============================================================
ã€å®Œäº†ã€‘å…¨æ—¥ä»˜ã®å‡¦ç†ãŒå®Œäº†ã—ã¾ã—ãŸ
  entriesæ›´æ–°: 12312ä»¶
  ãƒ‡ãƒ¼ã‚¿ãªã—(beforeinfoæœªå…¬é–‹): 155ä»¶

ã€æ—¥åˆ¥çµæžœã€‘
æ—¥ä»˜             ä¼šå ´æ•°   entriesæ›´æ–°      ãƒ‡ãƒ¼ã‚¿ãªã—
------------------------------------------
2026-07-02      15         936         24
2026-07-03      16        1008         24
2026-07-04      17        1008         36
2026-07-05      17        1008         35
2026-07-06      14         792         36
2026-07-07      12         864          0
2026-07-08      11         792          0
2026-07-09      12         864          0
2026-07-10      13         936          0
2026-07-11      15        1080          0
2026-07-12      16        1152          0
2026-07-13      13         936          0
2026-07-14      13         936          0

beforeinfo ãƒãƒƒã‚¯ãƒ•ã‚£ãƒ« å®Œäº†: 2026-07-28 01:34:41
============================================================

============================================================
beforeinfo ãƒãƒƒã‚¯ãƒ•ã‚£ãƒ« é–‹å§‹: 2026-07-29 21:21:38
å¯¾è±¡æœŸé–“: 2026-07-06 ã€œ 2026-07-14
è¨­å®š: SLEEP=7ã€œ14s(ãƒ©ãƒ³ãƒ€ãƒ ) / æ—¥æ¬¡ä¼‘æ†©90ã€œ180s / IPãƒ–ãƒ­ãƒƒã‚¯æ¤œçŸ¥é–¾å€¤=3é€£ç¶šã‚¨ãƒ©ãƒ¼
============================================================

[2026-07-06] é–‹å‚¬ä¼šå ´ãƒã‚§ãƒƒã‚¯ä¸­...
  â†’ 14ä¼šå ´ (æ¡ç”Ÿ, å¹³å’Œå³¶, å¤šæ‘©å·, è’²éƒ¡, æ´¥, ä½ä¹‹æ±Ÿ, å°¼å´Ž, å®®å³¶, å¾³å±±, è‹¥æ¾, èŠ¦å±‹, ç¦å²¡, å”æ´¥, å¤§æ‘)
  [æ¡ç”Ÿ] 1R 6é¸æ‰‹ â†’ 6ä»¶æ›´æ–°
  [æ¡ç”Ÿ] 2R 6é¸æ‰‹ â†’ 6ä»¶æ›´æ–°
  [æ¡ç”Ÿ] 3R 6é¸æ‰‹ â†’ 6ä»¶æ›´æ–°
  [æ¡ç”Ÿ] 4R 6é¸æ‰‹ â†’ 6ä»¶æ›´æ–°
  [æ¡ç”Ÿ] 5R 6é¸æ‰‹ â†’ 6ä»¶æ›´æ–°
  [æ¡ç”Ÿ] 6R 6é¸æ‰‹ â†’ 6ä»¶æ›´æ–°
  [æ¡ç”Ÿ] 7R 6é¸æ‰‹ â†’ 6ä»¶æ›´æ–°
  [æ¡ç”Ÿ] 8R 6é¸æ‰‹ â†’ 6ä»¶æ›´æ–°
  [æ¡ç”Ÿ] 9R 6é¸æ‰‹ â†’ 6ä»¶æ›´æ–°
  [æ¡ç”Ÿ] 10R 6é¸æ‰‹ â†’ 6ä»¶æ›´æ–°
  [æ¡ç”Ÿ] 11R 6é¸æ‰‹ â†’ 6ä»¶æ›´æ–°
  [æ¡ç”Ÿ] 12R 6é¸æ‰‹ â†’ 6ä»¶æ›´æ–°
  [å¹³å’Œå³¶] 1R 6é¸æ‰‹ â†’ 6ä»¶æ›´æ–°
  [å¹³å’Œå³¶] 2R 6é¸æ‰‹ â†’ 6ä»¶æ›´æ–°
  [å¹³å’Œå³¶] 3R 6é¸æ‰‹ â†’ 6ä»¶æ›´æ–°
  [å¹³å’Œå³¶] 4R 6é¸æ‰‹ â†’ 6ä»¶æ›´æ–°
  [å¹³å’Œå³¶] 5R 6é¸æ‰‹ â†’ 6ä»¶æ›´æ–°
  [å¹³å’Œå³¶] 6R 6é¸æ‰‹ â†’ 6ä»¶æ›´æ–°
  [å¹³å’Œå³¶] 7R 6é¸æ‰‹ â†’ 6ä»¶æ›´æ–°
  [å¹³å’Œå³¶] 8R 6é¸æ‰‹ â†’ 6ä»¶æ›´æ–°
  [å¹³å’Œå³¶] 9R 6é¸æ‰‹ â†’ 6ä»¶æ›´æ–°
  [å¹³å’Œå³¶] 10R 6é¸æ‰‹ â†’ 6ä»¶æ›´æ–°
  [å¹³å’Œå³¶] 11R 6é¸æ‰‹ â†’ 6ä»¶æ›´æ–°
  [å¹³å’Œå³¶] 12R 6é¸æ‰‹ â†’ 6ä»¶æ›´æ–°
  [å¤šæ‘©å·] 1R 6é¸æ‰‹ â†’ 6ä»¶æ›´æ–°
  [å¤šæ‘©å·] 2R 6é¸æ‰‹ â†’ 6ä»¶æ›´æ–°
  [å¤šæ‘©å·] 3R 6é¸æ‰‹ â†’ 6ä»¶æ›´æ–°
  [å¤šæ‘©å·] 4R 6é¸æ‰‹ â†’ 6ä»¶æ›´æ–°
  [å¤šæ‘©å·] 5R 6é¸æ‰‹ â†’ 6ä»¶æ›´æ–°
  [å¤šæ‘©å·] 6R 6é¸æ‰‹ â†’ 6ä»¶æ›´æ–°
  [å¤šæ‘©å·] 7R 6é¸æ‰‹ â†’ 6ä»¶æ›´æ–°
  [å¤šæ‘©å·] 8R 6é¸æ‰‹ â†’ 6ä»¶æ›´æ–°
  [å¤šæ‘©å·] 9R 6é¸æ‰‹ â†’ 6ä»¶æ›´æ–°
  [å¤šæ‘©å·] 10R 6é¸æ‰‹ â†’ 6ä»¶æ›´æ–°
  [å¤šæ‘©å·] 11R 6é¸æ‰‹ â†’ 6ä»¶æ›´æ–°
  [å¤šæ‘©å·] 12R 6é¸æ‰‹ â†’ 6ä»¶æ›´æ–°
  [è’²éƒ¡] 1R 6é¸æ‰‹ â†’ 6ä»¶æ›´æ–°
  [è’²éƒ¡] 2R 6é¸æ‰‹ â†’ 6ä»¶æ›´æ–°
  [è’²éƒ¡] 3R 6é¸æ‰‹ â†’ 6ä»¶æ›´æ–°
  [è’²éƒ¡] 4R 6é¸æ‰‹ â†’ 6ä»¶æ›´æ–°
  [è’²éƒ¡] 5R 6é¸æ‰‹ â†’ 6ä»¶æ›´æ–°
  [è’²éƒ¡] 6R 6é¸æ‰‹ â†’ 6ä»¶æ›´æ–°
  [è’²éƒ¡] 7R 6é¸æ‰‹ â†’ 6ä»¶æ›´æ–°
  [è’²éƒ¡] 8R 6é¸æ‰‹ â†’ 6ä»¶æ›´æ–°
  [è’²éƒ¡] 9R 6é¸æ‰‹ â†’ 6ä»¶æ›´æ–°
  [è’²éƒ¡] 10R 6é¸æ‰‹ â†’ 6ä»¶æ›´æ–°
  [è’²éƒ¡] 11R 6é¸æ‰‹ â†’ 6ä»¶æ›´æ–°
  [è’²éƒ¡] 12R 6é¸æ‰‹ â†’ 6ä»¶æ›´æ–°
  [æ´¥] 1R 6é¸æ‰‹ â†’ 6ä»¶æ›´æ–°
  [æ´¥] 2R 6é¸æ‰‹ â†’ 6ä»¶æ›´æ–°
  [æ´¥] 3R 6é¸æ‰‹ â†’ 6ä»¶æ›´æ–°
  [æ´¥] 4R 6é¸æ‰‹ â†’ 6ä»¶æ›´æ–°
  [æ´¥] 5R 6é¸æ‰‹ â†’ 6ä»¶æ›´æ–°
  [æ´¥] 6R 6é¸æ‰‹ â†’ 6ä»¶æ›´æ–°
  [æ´¥] 7R 6é¸æ‰‹ â†’ 6ä»¶æ›´æ–°
  [æ´¥] 8R 6é¸æ‰‹ â†’ 6ä»¶æ›´æ–°
  [æ´¥] 9R 6é¸æ‰‹ â†’ 6ä»¶æ›´æ–°
  [æ´¥] 10R 6é¸æ‰‹ â†’ 6ä»¶æ›´æ–°
  [æ´¥] 11R 6é¸æ‰‹ â†’ 6ä»¶æ›´æ–°
  [æ´¥] 12R 6é¸æ‰‹ â†’ 6ä»¶æ›´æ–°
  [ä½ä¹‹æ±Ÿ] 1R 6é¸æ‰‹ â†’ 6ä»¶æ›´æ–°
  [ä½ä¹‹æ±Ÿ] 2R 6é¸æ‰‹ â†’ 6ä»¶æ›´æ–°
  [ä½ä¹‹æ±Ÿ] 3R 6é¸æ‰‹ â†’ 6ä»¶æ›´æ–°
  [ä½ä¹‹æ±Ÿ] 4R 6é¸æ‰‹ â†’ 6ä»¶æ›´æ–°
  [ä½ä¹‹æ±Ÿ] 5R 6é¸æ‰‹ â†’ 6ä»¶æ›´æ–°
  [ä½ä¹‹æ±Ÿ] 6R 6é¸æ‰‹ â†’ 6ä»¶æ›´æ–°
  [ä½ä¹‹æ±Ÿ] 7R 6é¸æ‰‹ â†’ 6ä»¶æ›´æ–°
  [ä½ä¹‹æ±Ÿ] 8R 6é¸æ‰‹ â†’ 6ä»¶æ›´æ–°
  [ä½ä¹‹æ±Ÿ] 9R 6é¸æ‰‹ â†’ 6ä»¶æ›´æ–°
  [ä½ä¹‹æ±Ÿ] 10R 6é¸æ‰‹ â†’ 6ä»¶æ›´æ–°
  [ä½ä¹‹æ±Ÿ] 11R 6é¸æ‰‹ â†’ 6ä»¶æ›´æ–°
  [ä½ä¹‹æ±Ÿ] 12R 6é¸æ‰‹ â†’ 6ä»¶æ›´æ–°
  [å°¼å´Ž] 1R 6é¸æ‰‹ â†’ 6ä»¶æ›´æ–°
  [å°¼å´Ž] 2R 6é¸æ‰‹ â†’ 6ä»¶æ›´æ–°
  [å°¼å´Ž] 3R 6é¸æ‰‹ â†’ 6ä»¶æ›´æ–°
  [å°¼å´Ž] 4R 6é¸æ‰‹ â†’ 6ä»¶æ›´æ–°
  [å°¼å´Ž] 5R 6é¸æ‰‹ â†’ 6ä»¶æ›´æ–°
  [å°¼å´Ž] 6R 6é¸æ‰‹ â†’ 6ä»¶æ›´æ–°
  [å°¼å´Ž] 7R 6é¸æ‰‹ â†’ 6ä»¶æ›´æ–°
  [å°¼å´Ž] 8R 6é¸æ‰‹ â†’ 6ä»¶æ›´æ–°
  [å°¼å´Ž] 9R 6é¸æ‰‹ â†’ 6ä»¶æ›´æ–°
  [å°¼å´Ž] 10R 6é¸æ‰‹ â†’ 6ä»¶æ›´æ–°
  [å°¼å´Ž] 11R 6é¸æ‰‹ â†’ 6ä»¶æ›´æ–°
  [å°¼å´Ž] 12R 6é¸æ‰‹ â†’ 6ä»¶æ›´æ–°
  [å®®å³¶] 1R ãƒ‡ãƒ¼ã‚¿ãªã—
  [å®®å³¶] 2R ãƒ‡ãƒ¼ã‚¿ãªã—
  [å®®å³¶] 3R ãƒ‡ãƒ¼ã‚¿ãªã—
  [å®®å³¶] 4R ãƒ‡ãƒ¼ã‚¿ãªã—
  [å®®å³¶] 5R ãƒ‡ãƒ¼ã‚¿ãªã—
  [å®®å³¶] 6R ãƒ‡ãƒ¼ã‚¿ãªã—
  [å®®å³¶] 7R ãƒ‡ãƒ¼ã‚¿ãªã—
  [å®®å³¶] 8R ãƒ‡ãƒ¼ã‚¿ãªã—
  [å®®å³¶] 9R ãƒ‡ãƒ¼ã‚¿ãªã—
  [å®®å³¶] 10R ãƒ‡ãƒ¼ã‚¿ãªã—
  [å®®å³¶] 11R ãƒ‡ãƒ¼ã‚¿ãªã—
  [å®®å³¶] 12R ãƒ‡ãƒ¼ã‚¿ãªã—
  [å¾³å±±] 1R 6é¸æ‰‹ â†’ 6ä»¶æ›´æ–°
  [å¾³å±±] 2R 6é¸æ‰‹ â†’ 6ä»¶æ›´æ–°
  [å¾³å±±] 3R 6é¸æ‰‹ â†’ 6ä»¶æ›´æ–°
  [å¾³å±±] 4R 6é¸æ‰‹ â†’ 6ä»¶æ›´æ–°
  [å¾³å±±] 5R 6é¸æ‰‹ â†’ 6ä»¶æ›´æ–°
  [å¾³å±±] 6R 6é¸æ‰‹ â†’ 6ä»¶æ›´æ–°
  [å¾³å±±] 7R 6é¸æ‰‹ â†’ 6ä»¶æ›´æ–°
  [å¾³å±±] 8R 6é¸æ‰‹ â†’ 6ä»¶æ›´æ–°
  [å¾³å±±] 9R 6é¸æ‰‹ â†’ 6ä»¶æ›´æ–°
  [å¾³å±±] 10R 6é¸æ‰‹ â†’ 6ä»¶æ›´æ–°
  [å¾³å±±] 11R 6é¸æ‰‹ â†’ 6ä»¶æ›´æ–°
  [å¾³å±±] 12R 6é¸æ‰‹ â†’ 6ä»¶æ›´æ–°
  [è‹¥æ¾] 1R ãƒ‡ãƒ¼ã‚¿ãªã—
  [è‹¥æ¾] 2R ãƒ‡ãƒ¼ã‚¿ãªã—
  [è‹¥æ¾] 3R ãƒ‡ãƒ¼ã‚¿ãªã—
  [è‹¥æ¾] 4R ãƒ‡ãƒ¼ã‚¿ãªã—
  [è‹¥æ¾] 5R ãƒ‡ãƒ¼ã‚¿ãªã—
  [è‹¥æ¾] 6R ãƒ‡ãƒ¼ã‚¿ãªã—
  [è‹¥æ¾] 7R ãƒ‡ãƒ¼ã‚¿ãªã—
  [è‹¥æ¾] 8R ãƒ‡ãƒ¼ã‚¿ãªã—
  [è‹¥æ¾] 9R ãƒ‡ãƒ¼ã‚¿ãªã—
  [è‹¥æ¾] 10R ãƒ‡ãƒ¼ã‚¿ãªã—
  [è‹¥æ¾] 11R ãƒ‡ãƒ¼ã‚¿ãªã—
  [è‹¥æ¾] 12R ãƒ‡ãƒ¼ã‚¿ãªã—
  [èŠ¦å±‹] 1R 6é¸æ‰‹ â†’ 6ä»¶æ›´æ–°
  [èŠ¦å±‹] 2R 6é¸æ‰‹ â†’ 6ä»¶æ›´æ–°
  [èŠ¦å±‹] 3R 6é¸æ‰‹ â†’ 6ä»¶æ›´æ–°
  [èŠ¦å±‹] 4R 6é¸æ‰‹ â†’ 6ä»¶æ›´æ–°
  [èŠ¦å±‹] 5R 6é¸æ‰‹ â†’ 6ä»¶æ›´æ–°
  [èŠ¦å±‹] 6R 6é¸æ‰‹ â†’ 6ä»¶æ›´æ–°
  [èŠ¦å±‹] 7R 6é¸æ‰‹ â†’ 6ä»¶æ›´æ–°
  [èŠ¦å±‹] 8R 6é¸æ‰‹ â†’ 6ä»¶æ›´æ–°
  [èŠ¦å±‹] 9R 6é¸æ‰‹ â†’ 6ä»¶æ›´æ–°
  [èŠ¦å±‹] 10R 6é¸æ‰‹ â†’ 6ä»¶æ›´æ–°
  [èŠ¦å±‹] 11R 6é¸æ‰‹ â†’ 6ä»¶æ›´æ–°
  [èŠ¦å±‹] 12R 6é¸æ‰‹ â†’ 6ä»¶æ›´æ–°
  [ç¦å²¡] 1R 6é¸æ‰‹ â†’ 6ä»¶æ›´æ–°
  [ç¦å²¡] 2R 6é¸æ‰‹ â†’ 6ä»¶æ›´æ–°
  [ç¦å²¡] 3R 6é¸æ‰‹ â†’ 6ä»¶æ›´æ–°
  [ç¦å²¡] 4R 6é¸æ‰‹ â†’ 6ä»¶æ›´æ–°
  [ç¦å²¡] 5R 6é¸æ‰‹ â†’ 6ä»¶æ›´æ–°
  [ç¦å²¡] 6R 6é¸æ‰‹ â†’ 6ä»¶æ›´æ–°
  [ç¦å²¡] 7R 6é¸æ‰‹ â†’ 6ä»¶æ›´æ–°
  [ç¦å²¡] 8R 6é¸æ‰‹ â†’ 6ä»¶æ›´æ–°
  [ç¦å²¡] 9R 6é¸æ‰‹ â†’ 6ä»¶æ›´æ–°
  [ç¦å²¡] 10R 6é¸æ‰‹ â†’ 6ä»¶æ›´æ–°
  [ç¦å²¡] 11R 6é¸æ‰‹ â†’ 6ä»¶æ›´æ–°
  [ç¦å²¡] 12R 6é¸æ‰‹ â†’ 6ä»¶æ›´æ–°
  [å”æ´¥] 1R ãƒ‡ãƒ¼ã‚¿ãªã—
  [å”æ´¥] 2R ãƒ‡ãƒ¼ã‚¿ãªã—
  [å”æ´¥] 3R ãƒ‡ãƒ¼ã‚¿ãªã—
  [å”æ´¥] 4R ãƒ‡ãƒ¼ã‚¿ãªã—
  [å”æ´¥] 5R ãƒ‡ãƒ¼ã‚¿ãªã—
  [å”æ´¥] 6R ãƒ‡ãƒ¼ã‚¿ãªã—
  [å”æ´¥] 7R ãƒ‡ãƒ¼ã‚¿ãªã—
  [å”æ´¥] 8R ãƒ‡ãƒ¼ã‚¿ãªã—
  [å”æ´¥] 9R ãƒ‡ãƒ¼ã‚¿ãªã—
  [å”æ´¥] 10R ãƒ‡ãƒ¼ã‚¿ãªã—
  [å”æ´¥] 11R ãƒ‡ãƒ¼ã‚¿ãªã—
  [å”æ´¥] 12R ãƒ‡ãƒ¼ã‚¿ãªã—
  [å¤§æ‘] 1R 6é¸æ‰‹ â†’ 6ä»¶æ›´æ–°
  [å¤§æ‘] 2R 6é¸æ‰‹ â†’ 6ä»¶æ›´æ–°
  [å¤§æ‘] 3R 6é¸æ‰‹ â†’ 6ä»¶æ›´æ–°
  [å¤§æ‘] 4R 6é¸æ‰‹ â†’ 6ä»¶æ›´æ–°
  [å¤§æ‘] 5R 6é¸æ‰‹ â†’ 6ä»¶æ›´æ–°
  [å¤§æ‘] 6R 6é¸æ‰‹ â†’ 6ä»¶æ›´æ–°
  [å¤§æ‘] 7R 6é¸æ‰‹ â†’ 6ä»¶æ›´æ–°
  [å¤§æ‘] 8R 6é¸æ‰‹ â†’ 6ä»¶æ›´æ–°
  [å¤§æ‘] 9R 6é¸æ‰‹ â†’ 6ä»¶æ›´æ–°
  [å¤§æ‘] 10R 6é¸æ‰‹ â†’ 6ä»¶æ›´æ–°
  [å¤§æ‘] 11R 6é¸æ‰‹ â†’ 6ä»¶æ›´æ–°
  [å¤§æ‘] 12R 6é¸æ‰‹ â†’ 6ä»¶æ›´æ–°
  [2026-07-06] å°è¨ˆ: æ›´æ–°792ä»¶ / ãƒ‡ãƒ¼ã‚¿ãªã—36ä»¶

  [ä¼‘æ†©] 164ç§’ å¾…æ©Ÿä¸­...

[2026-07-07] é–‹å‚¬ä¼šå ´ãƒã‚§ãƒƒã‚¯ä¸­...
  â†’ 12ä¼šå ´ (æ¡ç”Ÿ, æˆ¸ç”°, å¹³å’Œå³¶, å¤šæ‘©å·, å¸¸æ»‘, ä¸‰å›½, çµç¶æ¹–, ä½ä¹‹æ±Ÿ, å°¼å´Ž, å¾³å±±, è‹¥æ¾, å¤§æ‘)
  [æ¡ç”Ÿ] 1R 6é¸æ‰‹ â†’ 6ä»¶æ›´æ–°
  [æ¡ç”Ÿ] 2R 6é¸æ‰‹ â†’ 6ä»¶æ›´æ–°
  [æ¡ç”Ÿ] 3R 6é¸æ‰‹ â†’ 6ä»¶æ›´æ–°
  [æ¡ç”Ÿ] 4R 6é¸æ‰‹ â†’ 6ä»¶æ›´æ–°
  [æ¡ç”Ÿ] 5R 6é¸æ‰‹ â†’ 6ä»¶æ›´æ–°
  [æ¡ç”Ÿ] 6R 6é¸æ‰‹ â†’ 6ä»¶æ›´æ–°
  [æ¡ç”Ÿ] 7R 6é¸æ‰‹ â†’ 6ä»¶æ›´æ–°
  [æ¡ç”Ÿ] 8R 6é¸æ‰‹ â†’ 6ä»¶æ›´æ–°
  [æ¡ç”Ÿ] 9R 6é¸æ‰‹ â†’ 6ä»¶æ›´æ–°
  [æ¡ç”Ÿ] 10R 6é¸æ‰‹ â†’ 6ä»¶æ›´æ–°
  [æ¡ç”Ÿ] 11R 6é¸æ‰‹ â†’ 6ä»¶æ›´æ–°
  [æ¡ç”Ÿ] 12R 6é¸æ‰‹ â†’ 6ä»¶æ›´æ–°
  [æˆ¸ç”°] 1R 6é¸æ‰‹ â†’ 6ä»¶æ›´æ–°
  [æˆ¸ç”°] 2R 6é¸æ‰‹ â†’ 6ä»¶æ›´æ–°
  [æˆ¸ç”°] 3R 6é¸æ‰‹ â†’ 6ä»¶æ›´æ–°
  [æˆ¸ç”°] 4R 6é¸æ‰‹ â†’ 6ä»¶æ›´æ–°
  [æˆ¸ç”°] 5R 6é¸æ‰‹ â†’ 6ä»¶æ›´æ–°
  [æˆ¸ç”°] 6R 6é¸æ‰‹ â†’ 6ä»¶æ›´æ–°
  [æˆ¸ç”°] 7R 6é¸æ‰‹ â†’ 6ä»¶æ›´æ–°
  [æˆ¸ç”°] 8R 6é¸æ‰‹ â†’ 6ä»¶æ›´æ–°
  [æˆ¸ç”°] 9R 6é¸æ‰‹ â†’ 6ä»¶æ›´æ–°
  [æˆ¸ç”°] 10R 6é¸æ‰‹ â†’ 6ä»¶æ›´æ–°
  [æˆ¸ç”°] 11R 6é¸æ‰‹ â†’ 6ä»¶æ›´æ–°
  [æˆ¸ç”°] 12R 6é¸æ‰‹ â†’ 6ä»¶æ›´æ–°
  [å¹³å’Œå³¶] 1R 6é¸æ‰‹ â†’ 6ä»¶æ›´æ–°
  [å¹³å’Œå³¶] 2R 6é¸æ‰‹ â†’ 6ä»¶æ›´æ–°
  [å¹³å’Œå³¶] 3R 6é¸æ‰‹ â†’ 6ä»¶æ›´æ–°
  [å¹³å’Œå³¶] 4R 6é¸æ‰‹ â†’ 6ä»¶æ›´æ–°
  [å¹³å’Œå³¶] 5R 6é¸æ‰‹ â†’ 6ä»¶æ›´æ–°
  [å¹³å’Œå³¶] 6R 6é¸æ‰‹ â†’ 6ä»¶æ›´æ–°
  [å¹³å’Œå³¶] 7R 6é¸æ‰‹ â†’ 6ä»¶æ›´æ–°
  [å¹³å’Œå³¶] 8R 6é¸æ‰‹ â†’ 6ä»¶æ›´æ–°
  [å¹³å’Œå³¶] 9R 6é¸æ‰‹ â†’ 6ä»¶æ›´æ–°
  [å¹³å’Œå³¶] 10R 6é¸æ‰‹ â†’ 6ä»¶æ›´æ–°
  [å¹³å’Œå³¶] 11R 6é¸æ‰‹ â†’ 6ä»¶æ›´æ–°
  [å¹³å’Œå³¶] 12R 6é¸æ‰‹ â†’ 6ä»¶æ›´æ–°
  [å¤šæ‘©å·] 1R 6é¸æ‰‹ â†’ 6ä»¶æ›´æ–°
  [å¤šæ‘©å·] 2R 6é¸æ‰‹ â†’ 6ä»¶æ›´æ–°
  [å¤šæ‘©å·] 3R 6é¸æ‰‹ â†’ 6ä»¶æ›´æ–°
  [å¤šæ‘©å·] 4R 6é¸æ‰‹ â†’ 6ä»¶æ›´æ–°
  [å¤šæ‘©å·] 5R 6é¸æ‰‹ â†’ 6ä»¶æ›´æ–°
  [å¤šæ‘©å·] 6R 6é¸æ‰‹ â†’ 6ä»¶æ›´æ–°
  [å¤šæ‘©å·] 7R 6é¸æ‰‹ â†’ 6ä»¶æ›´æ–°
  [å¤šæ‘©å·] 8R 6é¸æ‰‹ â†’ 6ä»¶æ›´æ–°
  [å¤šæ‘©å·] 9R 6é¸æ‰‹ â†’ 6ä»¶æ›´æ–°
  [å¤šæ‘©å·] 10R 6é¸æ‰‹ â†’ 6ä»¶æ›´æ–°
  [å¤šæ‘©å·] 11R 6é¸æ‰‹ â†’ 6ä»¶æ›´æ–°
  [å¤šæ‘©å·] 12R 6é¸æ‰‹ â†’ 6ä»¶æ›´æ–°
  [å¸¸æ»‘] 1R 6é¸æ‰‹ â†’ 6ä»¶æ›´æ–°
  [å¸¸æ»‘] 2R 6é¸æ‰‹ â†’ 6ä»¶æ›´æ–°
  [å¸¸æ»‘] 3R 6é¸æ‰‹ â†’ 6ä»¶æ›´æ–°
  [å¸¸æ»‘] 4R 6é¸æ‰‹ â†’ 6ä»¶æ›´æ–°
  [å¸¸æ»‘] 5R 6é¸æ‰‹ â†’ 6ä»¶æ›´æ–°
  [å¸¸æ»‘] 6R 6é¸æ‰‹ â†’ 6ä»¶æ›´æ–°
  [å¸¸æ»‘] 7R 6é¸æ‰‹ â†’ 6ä»¶æ›´æ–°
  [å¸¸æ»‘] 8R 6é¸æ‰‹ â†’ 6ä»¶æ›´æ–°
  [å¸¸æ»‘] 9R 6é¸æ‰‹ â†’ 6ä»¶æ›´æ–°
  [å¸¸æ»‘] 10R 6é¸æ‰‹ â†’ 6ä»¶æ›´æ–°
  [å¸¸æ»‘] 11R 6é¸æ‰‹ â†’ 6ä»¶æ›´æ–°
  [å¸¸æ»‘] 12R 6é¸æ‰‹ â†’ 6ä»¶æ›´æ–°
  [ä¸‰å›½] 1R 6é¸æ‰‹ â†’ 6ä»¶æ›´æ–°
  [ä¸‰å›½] 2R 6é¸æ‰‹ â†’ 6ä»¶æ›´æ–°
  [ä¸‰å›½] 3R 6é¸æ‰‹ â†’ 6ä»¶æ›´æ–°
  [ä¸‰å›½] 4R 6é¸æ‰‹ â†’ 6ä»¶æ›´æ–°
  [ä¸‰å›½] 5R 6é¸æ‰‹ â†’ 6ä»¶æ›´æ–°
  [ä¸‰å›½] 6R 6é¸æ‰‹ â†’ 6ä»¶æ›´æ–°
  [ä¸‰å›½] 7R 6é¸æ‰‹ â†’ 6ä»¶æ›´æ–°
  [ä¸‰å›½] 8R 6é¸æ‰‹ â†’ 6ä»¶æ›´æ–°
  [ä¸‰å›½] 9R 6é¸æ‰‹ â†’ 6ä»¶æ›´æ–°
  [ä¸‰å›½] 10R 6é¸æ‰‹ â†’ 6ä»¶æ›´æ–°
  [ä¸‰å›½] 11R 6é¸æ‰‹ â†’ 6ä»¶æ›´æ–°
  [ä¸‰å›½] 12R 6é¸æ‰‹ â†’ 6ä»¶æ›´æ–°
  [çµç¶æ¹–] 1R 6é¸æ‰‹ â†’ 6ä»¶æ›´æ–°
  [çµç¶æ¹–] 2R 6é¸æ‰‹ â†’ 6ä»¶æ›´æ–°
  [çµç¶æ¹–] 3R 6é¸æ‰‹ â†’ 6ä»¶æ›´æ–°
  [çµç¶æ¹–] 4R 6é¸æ‰‹ â†’ 6ä»¶æ›´æ–°
  [çµç¶æ¹–] 5R 6é¸æ‰‹ â†’ 6ä»¶æ›´æ–°
  [çµç¶æ¹–] 6R 6é¸æ‰‹ â†’ 6ä»¶æ›´æ–°
  [çµç¶æ¹–] 7R 6é¸æ‰‹ â†’ 6ä»¶æ›´æ–°
  [çµç¶æ¹–] 8R 6é¸æ‰‹ â†’ 6ä»¶æ›´æ–°
  [çµç¶æ¹–] 9R 6é¸æ‰‹ â†’ 6ä»¶æ›´æ–°
  [çµç¶æ¹–] 10R 6é¸æ‰‹ â†’ 6ä»¶æ›´æ–°
  [çµç¶æ¹–] 11R 6é¸æ‰‹ â†’ 6ä»¶æ›´æ–°
  [çµç¶æ¹–] 12R 6é¸æ‰‹ â†’ 6ä»¶æ›´æ–°
  [ä½ä¹‹æ±Ÿ] 1R 6é¸æ‰‹ â†’ 6ä»¶æ›´æ–°
  [ä½ä¹‹æ±Ÿ] 2R 6é¸æ‰‹ â†’ 6ä»¶æ›´æ–°
  [ä½ä¹‹æ±Ÿ] 3R 6é¸æ‰‹ â†’ 6ä»¶æ›´æ–°
  [ä½ä¹‹æ±Ÿ] 4R 6é¸æ‰‹ â†’ 6ä»¶æ›´æ–°
  [ä½ä¹‹æ±Ÿ] 5R 6é¸æ‰‹ â†’ 6ä»¶æ›´æ–°
  [ä½ä¹‹æ±Ÿ] 6R 6é¸æ‰‹ â†’ 6ä»¶æ›´æ–°
  [ä½ä¹‹æ±Ÿ] 7R 6é¸æ‰‹ â†’ 6ä»¶æ›´æ–°
  [ä½ä¹‹æ±Ÿ] 8R 6é¸æ‰‹ â†’ 6ä»¶æ›´æ–°
  [ä½ä¹‹æ±Ÿ] 9R 6é¸æ‰‹ â†’ 6ä»¶æ›´æ–°
  [ä½ä¹‹æ±Ÿ] 10R 6é¸æ‰‹ â†’ 6ä»¶æ›´æ–°
  [ä½ä¹‹æ±Ÿ] 11R 6é¸æ‰‹ â†’ 6ä»¶æ›´æ–°
  [ä½ä¹‹æ±Ÿ] 12R 6é¸æ‰‹ â†’ 6ä»¶æ›´æ–°
  [å°¼å´Ž] 1R 6é¸æ‰‹ â†’ 6ä»¶æ›´æ–°
  [å°¼å´Ž] 2R 6é¸æ‰‹ â†’ 6ä»¶æ›´æ–°
  [å°¼å´Ž] 3R 6é¸æ‰‹ â†’ 6ä»¶æ›´æ–°
  [å°¼å´Ž] 4R 6é¸æ‰‹ â†’ 6ä»¶æ›´æ–°
  [å°¼å´Ž] 5R 6é¸æ‰‹ â†’ 6ä»¶æ›´æ–°
  [å°¼å´Ž] 6R 6é¸æ‰‹ â†’ 6ä»¶æ›´æ–°
  [å°¼å´Ž] 7R 6é¸æ‰‹ â†’ 6ä»¶æ›´æ–°
  [å°¼å´Ž] 8R 6é¸æ‰‹ â†’ 6ä»¶æ›´æ–°
  [å°¼å´Ž] 9R 6é¸æ‰‹ â†’ 6ä»¶æ›´æ–°
  [å°¼å´Ž] 10R 6é¸æ‰‹ â†’ 6ä»¶æ›´æ–°
  [å°¼å´Ž] 11R 6é¸æ‰‹ â†’ 6ä»¶æ›´æ–°
  [å°¼å´Ž] 12R 6é¸æ‰‹ â†’ 6ä»¶æ›´æ–°
  [å¾³å±±] 1R 6é¸æ‰‹ â†’ 6ä»¶æ›´æ–°
  [å¾³å±±] 2R 6é¸æ‰‹ â†’ 6ä»¶æ›´æ–°
  [å¾³å±±] 3R 6é¸æ‰‹ â†’ 6ä»¶æ›´æ–°
  [å¾³å±±] 4R 6é¸æ‰‹ â†’ 6ä»¶æ›´æ–°
  [å¾³å±±] 5R 6é¸æ‰‹ â†’ 6ä»¶æ›´æ–°
  [å¾³å±±] 6R 6é¸æ‰‹ â†’ 6ä»¶æ›´æ–°
  [å¾³å±±] 7R 6é¸æ‰‹ â†’ 6ä»¶æ›´æ–°
  [å¾³å±±] 8R 6é¸æ‰‹ â†’ 6ä»¶æ›´æ–°
  [å¾³å±±] 9R 6é¸æ‰‹ â†’ 6ä»¶æ›´æ–°
  [å¾³å±±] 10R 6é¸æ‰‹ â†’ 6ä»¶æ›´æ–°
  [å¾³å±±] 11R 6é¸æ‰‹ â†’ 6ä»¶æ›´æ–°
  [å¾³å±±] 12R 6é¸æ‰‹ â†’ 6ä»¶æ›´æ–°
  [è‹¥æ¾] 1R 6é¸æ‰‹ â†’ 6ä»¶æ›´æ–°
  [è‹¥æ¾] 2R 6é¸æ‰‹ â†’ 6ä»¶æ›´æ–°
  [è‹¥æ¾] 3R 6é¸æ‰‹ â†’ 6ä»¶æ›´æ–°
  [è‹¥æ¾] 4R 6é¸æ‰‹ â†’ 6ä»¶æ›´æ–°
  [è‹¥æ¾] 5R 6é¸æ‰‹ â†’ 6ä»¶æ›´æ–°
  [è‹¥æ¾] 6R 6é¸æ‰‹ â†’ 6ä»¶æ›´æ–°
  [è‹¥æ¾] 7R 6é¸æ‰‹ â†’ 6ä»¶æ›´æ–°
  [è‹¥æ¾] 8R 6é¸æ‰‹ â†’ 6ä»¶æ›´æ–°
  [è‹¥æ¾] 9R 6é¸æ‰‹ â†’ 6ä»¶æ›´æ–°
  [è‹¥æ¾] 10R 6é¸æ‰‹ â†’ 6ä»¶æ›´æ–°
  [è‹¥æ¾] 11R 6é¸æ‰‹ â†’ 6ä»¶æ›´æ–°
  [è‹¥æ¾] 12R 6é¸æ‰‹ â†’ 6ä»¶æ›´æ–°
  [å¤§æ‘] 1R 6é¸æ‰‹ â†’ 6ä»¶æ›´æ–°
  [å¤§æ‘] 2R 6é¸æ‰‹ â†’ 6ä»¶æ›´æ–°
  [å¤§æ‘] 3R 6é¸æ‰‹ â†’ 6ä»¶æ›´æ–°
  [å¤§æ‘] 4R 6é¸æ‰‹ â†’ 6ä»¶æ›´æ–°
  [å¤§æ‘] 5R 6é¸æ‰‹ â†’ 6ä»¶æ›´æ–°
  [å¤§æ‘] 6R 6é¸æ‰‹ â†’ 6ä»¶æ›´æ–°
  [å¤§æ‘] 7R 6é¸æ‰‹ â†’ 6ä»¶æ›´æ–°
  [å¤§æ‘] 8R 6é¸æ‰‹ â†’ 6ä»¶æ›´æ–°
  [å¤§æ‘] 9R 6é¸æ‰‹ â†’ 6ä»¶æ›´æ–°
  [å¤§æ‘] 10R 6é¸æ‰‹ â†’ 6ä»¶æ›´æ–°
  [å¤§æ‘] 11R 6é¸æ‰‹ â†’ 6ä»¶æ›´æ–°
  [å¤§æ‘] 12R 6é¸æ‰‹ â†’ 6ä»¶æ›´æ–°
  [2026-07-07] å°è¨ˆ: æ›´æ–°864ä»¶ / ãƒ‡ãƒ¼ã‚¿ãªã—0ä»¶

  [ä¼‘æ†©] 119ç§’ å¾…æ©Ÿä¸­...

[2026-07-08] é–‹å‚¬ä¼šå ´ãƒã‚§ãƒƒã‚¯ä¸­...
  â†’ 11ä¼šå ´ (æ¡ç”Ÿ, æˆ¸ç”°, å¤šæ‘©å·, å¸¸æ»‘, ä¸‰å›½, çµç¶æ¹–, ä½ä¹‹æ±Ÿ, å°¼å´Ž, å¾³å±±, è‹¥æ¾, å¤§æ‘)
  [æ¡ç”Ÿ] 1R 6é¸æ‰‹ â†’ 6ä»¶æ›´æ–°
  [æ¡ç”Ÿ] 2R 6é¸æ‰‹ â†’ 6ä»¶æ›´æ–°
  [æ¡ç”Ÿ] 3R 6é¸æ‰‹ â†’ 6ä»¶æ›´æ–°
  [æ¡ç”Ÿ] 4R 6é¸æ‰‹ â†’ 6ä»¶æ›´æ–°
  [æ¡ç”Ÿ] 5R 6é¸æ‰‹ â†’ 6ä»¶æ›´æ–°
  [æ¡ç”Ÿ] 6R 6é¸æ‰‹ â†’ 6ä»¶æ›´æ–°
  [æ¡ç”Ÿ] 7R 6é¸æ‰‹ â†’ 6ä»¶æ›´æ–°
  [æ¡ç”Ÿ] 8R 6é¸æ‰‹ â†’ 6ä»¶æ›´æ–°
  [æ¡ç”Ÿ] 9R 6é¸æ‰‹ â†’ 6ä»¶æ›´æ–°
  [æ¡ç”Ÿ] 10R 6é¸æ‰‹ â†’ 6ä»¶æ›´æ–°
  [æ¡ç”Ÿ] 11R 6é¸æ‰‹ â†’ 6ä»¶æ›´æ–°
  [æ¡ç”Ÿ] 12R 6é¸æ‰‹ â†’ 6ä»¶æ›´æ–°
  [æˆ¸ç”°] 1R 6é¸æ‰‹ â†’ 6ä»¶æ›´æ–°
  [æˆ¸ç”°] 2R 6é¸æ‰‹ â†’ 6ä»¶æ›´æ–°
  [æˆ¸ç”°] 3R 6é¸æ‰‹ â†’ 6ä»¶æ›´æ–°
  [æˆ¸ç”°] 4R 6é¸æ‰‹ â†’ 6ä»¶æ›´æ–°
  [æˆ¸ç”°] 5R 6é¸æ‰‹ â†’ 6ä»¶æ›´æ–°
  [æˆ¸ç”°] 6R 6é¸æ‰‹ â†’ 6ä»¶æ›´æ–°
  [æˆ¸ç”°] 7R 6é¸æ‰‹ â†’ 6ä»¶æ›´æ–°
  [æˆ¸ç”°] 8R 6é¸æ‰‹ â†’ 6ä»¶æ›´æ–°
  [æˆ¸ç”°] 9R 6é¸æ‰‹ â†’ 6ä»¶æ›´æ–°
  [æˆ¸ç”°] 10R 6é¸æ‰‹ â†’ 6ä»¶æ›´æ–°
  [æˆ¸ç”°] 11R 6é¸æ‰‹ â†’ 6ä»¶æ›´æ–°
  [æˆ¸ç”°] 12R 6é¸æ‰‹ â†’ 6ä»¶æ›´æ–°
  [å¤šæ‘©å·] 1R 6é¸æ‰‹ â†’ 6ä»¶æ›´æ–°
  [å¤šæ‘©å·] 2R 6é¸æ‰‹ â†’ 6ä»¶æ›´æ–°
  [å¤šæ‘©å·] 3R 6é¸æ‰‹ â†’ 6ä»¶æ›´æ–°
  [å¤šæ‘©å·] 4R 6é¸æ‰‹ â†’ 6ä»¶æ›´æ–°
  [å¤šæ‘©å·] 5R 6é¸æ‰‹ â†’ 6ä»¶æ›´æ–°
  [å¤šæ‘©å·] 6R 6é¸æ‰‹ â†’ 6ä»¶æ›´æ–°
  [å¤šæ‘©å·] 7R 6é¸æ‰‹ â†’ 6ä»¶æ›´æ–°
  [å¤šæ‘©å·] 8R 6é¸æ‰‹ â†’ 6ä»¶æ›´æ–°
  [å¤šæ‘©å·] 9R 6é¸æ‰‹ â†’ 6ä»¶æ›´æ–°
  [å¤šæ‘©å·] 10R 6é¸æ‰‹ â†’ 6ä»¶æ›´æ–°
  [å¤šæ‘©å·] 11R 6é¸æ‰‹ â†’ 6ä»¶æ›´æ–°
  [å¤šæ‘©å·] 12R 6é¸æ‰‹ â†’ 6ä»¶æ›´æ–°
  [å¸¸æ»‘] 1R 6é¸æ‰‹ â†’ 6ä»¶æ›´æ–°
  [å¸¸æ»‘] 2R 6é¸æ‰‹ â†’ 6ä»¶æ›´æ–°
  [å¸¸æ»‘] 3R 6é¸æ‰‹ â†’ 6ä»¶æ›´æ–°
  [å¸¸æ»‘] 4R 6é¸æ‰‹ â†’ 6ä»¶æ›´æ–°
  [å¸¸æ»‘] 5R 6é¸æ‰‹ â†’ 6ä»¶æ›´æ–°
  [å¸¸æ»‘] 6R 6é¸æ‰‹ â†’ 6ä»¶æ›´æ–°
  [å¸¸æ»‘] 7R 6é¸æ‰‹ â†’ 6ä»¶æ›´æ–°
  [å¸¸æ»‘] 8R 6é¸æ‰‹ â†’ 6ä»¶æ›´æ–°
  [å¸¸æ»‘] 9R 6é¸æ‰‹ â†’ 6ä»¶æ›´æ–°
  [å¸¸æ»‘] 10R 6é¸æ‰‹ â†’ 6ä»¶æ›´æ–°
  [å¸¸æ»‘] 11R 6é¸æ‰‹ â†’ 6ä»¶æ›´æ–°
  [å¸¸æ»‘] 12R 6é¸æ‰‹ â†’ 6ä»¶æ›´æ–°
  [ä¸‰å›½] 1R 6é¸æ‰‹ â†’ 6ä»¶æ›´æ–°
  [ä¸‰å›½] 2R 6é¸æ‰‹ â†’ 6ä»¶æ›´æ–°
  [ä¸‰å›½] 3R 6é¸æ‰‹ â†’ 6ä»¶æ›´æ–°
  [ä¸‰å›½] 4R 6é¸æ‰‹ â†’ 6ä»¶æ›´æ–°
  [ä¸‰å›½] 5R 6é¸æ‰‹ â†’ 6ä»¶æ›´æ–°
  [ä¸‰å›½] 6R 6é¸æ‰‹ â†’ 6ä»¶æ›´æ–°
  [ä¸‰å›½] 7R 6é¸æ‰‹ â†’ 6ä»¶æ›´æ–°
  [ä¸‰å›½] 8R 6é¸æ‰‹ â†’ 6ä»¶æ›´æ–°
  [ä¸‰å›½] 9R 6é¸æ‰‹ â†’ 6ä»¶æ›´æ–°
  [ä¸‰å›½] 10R 6é¸æ‰‹ â†’ 6ä»¶æ›´æ–°
  [ä¸‰å›½] 11R 6é¸æ‰‹ â†’ 6ä»¶æ›´æ–°
  [ä¸‰å›½] 12R 6é¸æ‰‹ â†’ 6ä»¶æ›´æ–°
  [çµç¶æ¹–] 1R 6é¸æ‰‹ â†’ 6ä»¶æ›´æ–°
  [çµç¶æ¹–] 2R 6é¸æ‰‹ â†’ 6ä»¶æ›´æ–°
  [çµç¶æ¹–] 3R 6é¸æ‰‹ â†’ 6ä»¶æ›´æ–°
  [çµç¶æ¹–] 4R 6é¸æ‰‹ â†’ 6ä»¶æ›´æ–°
  [çµç¶æ¹–] 5R 6é¸æ‰‹ â†’ 6ä»¶æ›´æ–°
  [çµç¶æ¹–] 6R 6é¸æ‰‹ â†’ 6ä»¶æ›´æ–°
  [çµç¶æ¹–] 7R 6é¸æ‰‹ â†’ 6ä»¶æ›´æ–°
  [çµç¶æ¹–] 8R 6é¸æ‰‹ â†’ 6ä»¶æ›´æ–°
  [çµç¶æ¹–] 9R 6é¸æ‰‹ â†’ 6ä»¶æ›´æ–°
  [çµç¶æ¹–] 10R 6é¸æ‰‹ â†’ 6ä»¶æ›´æ–°
  [çµç¶æ¹–] 11R 6é¸æ‰‹ â†’ 6ä»¶æ›´æ–°
  [çµç¶æ¹–] 12R 6é¸æ‰‹ â†’ 6ä»¶æ›´æ–°
  [ä½ä¹‹æ±Ÿ] 1R 6é¸æ‰‹ â†’ 6ä»¶æ›´æ–°
  [ä½ä¹‹æ±Ÿ] 2R 6é¸æ‰‹ â†’ 6ä»¶æ›´æ–°
  [ä½ä¹‹æ±Ÿ] 3R 6é¸æ‰‹ â†’ 6ä»¶æ›´æ–°
  [ä½ä¹‹æ±Ÿ] 4R 6é¸æ‰‹ â†’ 6ä»¶æ›´æ–°
  [ä½ä¹‹æ±Ÿ] 5R 6é¸æ‰‹ â†’ 6ä»¶æ›´æ–°
  [ä½ä¹‹æ±Ÿ] 6R 6é¸æ‰‹ â†’ 6ä»¶æ›´æ–°
  [ä½ä¹‹æ±Ÿ] 7R 6é¸æ‰‹ â†’ 6ä»¶æ›´æ–°
  [ä½ä¹‹æ±Ÿ] 8R 6é¸æ‰‹ â†’ 6ä»¶æ›´æ–°
  [ä½ä¹‹æ±Ÿ] 9R 6é¸æ‰‹ â†’ 6ä»¶æ›´æ–°
  [ä½ä¹‹æ±Ÿ] 10R 6é¸æ‰‹ â†’ 6ä»¶æ›´æ–°
  [ä½ä¹‹æ±Ÿ] 11R 6é¸æ‰‹ â†’ 6ä»¶æ›´æ–°
  [ä½ä¹‹æ±Ÿ] 12R 6é¸æ‰‹ â†’ 6ä»¶æ›´æ–°
  [å°¼å´Ž] 1R 6é¸æ‰‹ â†’ 6ä»¶æ›´æ–°
  [å°¼å´Ž] 2R 6é¸æ‰‹ â†’ 6ä»¶æ›´æ–°
  [å°¼å´Ž] 3R 6é¸æ‰‹ â†’ 6ä»¶æ›´æ–°
  [å°¼å´Ž] 4R 6é¸æ‰‹ â†’ 6ä»¶æ›´æ–°
  [å°¼å´Ž] 5R 6é¸æ‰‹ â†’ 6ä»¶æ›´æ–°
  [å°¼å´Ž] 6R 6é¸æ‰‹ â†’ 6ä»¶æ›´æ–°
  [å°¼å´Ž] 7R 6é¸æ‰‹ â†’ 6ä»¶æ›´æ–°
  [å°¼å´Ž] 8R 6é¸æ‰‹ â†’ 6ä»¶æ›´æ–°
  [å°¼å´Ž] 9R 6é¸æ‰‹ â†’ 6ä»¶æ›´æ–°
  [å°¼å´Ž] 10R 6é¸æ‰‹ â†’ 6ä»¶æ›´æ–°
  [å°¼å´Ž] 11R 6é¸æ‰‹ â†’ 6ä»¶æ›´æ–°
  [å°¼å´Ž] 12R 6é¸æ‰‹ â†’ 6ä»¶æ›´æ–°
  [å¾³å±±] 1R 6é¸æ‰‹ â†’ 6ä»¶æ›´æ–°
  [å¾³å±±] 2R 6é¸æ‰‹ â†’ 6ä»¶æ›´æ–°
  [å¾³å±±] 3R 6é¸æ‰‹ â†’ 6ä»¶æ›´æ–°
  [å¾³å±±] 4R 6é¸æ‰‹ â†’ 6ä»¶æ›´æ–°
  [å¾³å±±] 5R 6é¸æ‰‹ â†’ 6ä»¶æ›´æ–°
  [å¾³å±±] 6R 6é¸æ‰‹ â†’ 6ä»¶æ›´æ–°
  [å¾³å±±] 7R 6é¸æ‰‹ â†’ 6ä»¶æ›´æ–°
  [å¾³å±±] 8R 6é¸æ‰‹ â†’ 6ä»¶æ›´æ–°
  [å¾³å±±] 9R 6é¸æ‰‹ â†’ 6ä»¶æ›´æ–°
  [å¾³å±±] 10R 6é¸æ‰‹ â†’ 6ä»¶æ›´æ–°
  [å¾³å±±] 11R 6é¸æ‰‹ â†’ 6ä»¶æ›´æ–°
  [å¾³å±±] 12R 6é¸æ‰‹ â†’ 6ä»¶æ›´æ–°
  [è‹¥æ¾] 1R 6é¸æ‰‹ â†’ 6ä»¶æ›´æ–°
  [è‹¥æ¾] 2R 6é¸æ‰‹ â†’ 6ä»¶æ›´æ–°
  [è‹¥æ¾] 3R 6é¸æ‰‹ â†’ 6ä»¶æ›´æ–°
  [è‹¥æ¾] 4R 6é¸æ‰‹ â†’ 6ä»¶æ›´æ–°
  [è‹¥æ¾] 5R 6é¸æ‰‹ â†’ 6ä»¶æ›´æ–°
  [è‹¥æ¾] 6R 6é¸æ‰‹ â†’ 6ä»¶æ›´æ–°
  [è‹¥æ¾] 7R 6é¸æ‰‹ â†’ 6ä»¶æ›´æ–°
  [è‹¥æ¾] 8R 6é¸æ‰‹ â†’ 6ä»¶æ›´æ–°
  [è‹¥æ¾] 9R 6é¸æ‰‹ â†’ 6ä»¶æ›´æ–°
  [è‹¥æ¾] 10R 6é¸æ‰‹ â†’ 6ä»¶æ›´æ–°
  [è‹¥æ¾] 11R 6é¸æ‰‹ â†’ 6ä»¶æ›´æ–°
  [è‹¥æ¾] 12R 6é¸æ‰‹ â†’ 6ä»¶æ›´æ–°
  [å¤§æ‘] 1R 6é¸æ‰‹ â†’ 6ä»¶æ›´æ–°
  [å¤§æ‘] 2R 6é¸æ‰‹ â†’ 6ä»¶æ›´æ–°
  [å¤§æ‘] 3R 6é¸æ‰‹ â†’ 6ä»¶æ›´æ–°
  [å¤§æ‘] 4R 6é¸æ‰‹ â†’ 6ä»¶æ›´æ–°
  [å¤§æ‘] 5R 6é¸æ‰‹ â†’ 6ä»¶æ›´æ–°
  [å¤§æ‘] 6R 6é¸æ‰‹ â†’ 6ä»¶æ›´æ–°
  [å¤§æ‘] 7R 6é¸æ‰‹ â†’ 6ä»¶æ›´æ–°
  [å¤§æ‘] 8R 6é¸æ‰‹ â†’ 6ä»¶æ›´æ–°
  [å¤§æ‘] 9R 6é¸æ‰‹ â†’ 6ä»¶æ›´æ–°
  [å¤§æ‘] 10R 6é¸æ‰‹ â†’ 6ä»¶æ›´æ–°
  [å¤§æ‘] 11R 6é¸æ‰‹ â†’ 6ä»¶æ›´æ–°
  [å¤§æ‘] 12R 6é¸æ‰‹ â†’ 6ä»¶æ›´æ–°
  [2026-07-08] å°è¨ˆ: æ›´æ–°792ä»¶ / ãƒ‡ãƒ¼ã‚¿ãªã—0ä»¶

  [ä¼‘æ†©] 138ç§’ å¾…æ©Ÿä¸­...

[2026-07-09] é–‹å‚¬ä¼šå ´ãƒã‚§ãƒƒã‚¯ä¸­...
  â†’ 12ä¼šå ´ (æ¡ç”Ÿ, æˆ¸ç”°, å¤šæ‘©å·, å¸¸æ»‘, ä¸‰å›½, çµç¶æ¹–, é³´é–€, ä¸¸äº€, å…å³¶, å¾³å±±, è‹¥æ¾, å¤§æ‘)
  [æ¡ç”Ÿ] 1R 6é¸æ‰‹ â†’ 6ä»¶æ›´æ–°
  [æ¡ç”Ÿ] 2R 6é¸æ‰‹ â†’ 6ä»¶æ›´æ–°
  [æ¡ç”Ÿ] 3R 6é¸æ‰‹ â†’ 6ä»¶æ›´æ–°
  [æ¡ç”Ÿ] 4R 6é¸æ‰‹ â†’ 6ä»¶æ›´æ–°
  [æ¡ç”Ÿ] 5R 6é¸æ‰‹ â†’ 6ä»¶æ›´æ–°
  [æ¡ç”Ÿ] 6R 6é¸æ‰‹ â†’ 6ä»¶æ›´æ–°
  [æ¡ç”Ÿ] 7R 6é¸æ‰‹ â†’ 6ä»¶æ›´æ–°
  [æ¡ç”Ÿ] 8R 6é¸æ‰‹ â†’ 6ä»¶æ›´æ–°
  [æ¡ç”Ÿ] 9R 6é¸æ‰‹ â†’ 6ä»¶æ›´æ–°
  [æ¡ç”Ÿ] 10R 6é¸æ‰‹ â†’ 6ä»¶æ›´æ–°
  [æ¡ç”Ÿ] 11R 6é¸æ‰‹ â†’ 6ä»¶æ›´æ–°
  [æ¡ç”Ÿ] 12R 6é¸æ‰‹ â†’ 6ä»¶æ›´æ–°
  [æˆ¸ç”°] 1R 6é¸æ‰‹ â†’ 6ä»¶æ›´æ–°
  [æˆ¸ç”°] 2R 6é¸æ‰‹ â†’ 6ä»¶æ›´æ–°
  [æˆ¸ç”°] 3R 6é¸æ‰‹ â†’ 6ä»¶æ›´æ–°
  [æˆ¸ç”°] 4R 6é¸æ‰‹ â†’ 6ä»¶æ›´æ–°
  [æˆ¸ç”°] 5R 6é¸æ‰‹ â†’ 6ä»¶æ›´æ–°
  [æˆ¸ç”°] 6R 6é¸æ‰‹ â†’ 6ä»¶æ›´æ–°
  [æˆ¸ç”°] 7R 6é¸æ‰‹ â†’ 6ä»¶æ›´æ–°
  [æˆ¸ç”°] 8R 6é¸æ‰‹ â†’ 6ä»¶æ›´æ–°
  [æˆ¸ç”°] 9R 6é¸æ‰‹ â†’ 6ä»¶æ›´æ–°
  [æˆ¸ç”°] 10R 6é¸æ‰‹ â†’ 6ä»¶æ›´æ–°
  [æˆ¸ç”°] 11R 6é¸æ‰‹ â†’ 6ä»¶æ›´æ–°
  [æˆ¸ç”°] 12R 6é¸æ‰‹ â†’ 6ä»¶æ›´æ–°
  [å¤šæ‘©å·] 1R 6é¸æ‰‹ â†’ 6ä»¶æ›´æ–°
  [å¤šæ‘©å·] 2R 6é¸æ‰‹ â†’ 6ä»¶æ›´æ–°
  [å¤šæ‘©å·] 3R 6é¸æ‰‹ â†’ 6ä»¶æ›´æ–°
  [å¤šæ‘©å·] 4R 6é¸æ‰‹ â†’ 6ä»¶æ›´æ–°
  [å¤šæ‘©å·] 5R 6é¸æ‰‹ â†’ 6ä»¶æ›´æ–°
  [å¤šæ‘©å·] 6R 6é¸æ‰‹ â†’ 6ä»¶æ›´æ–°
  [å¤šæ‘©å·] 7R 6é¸æ‰‹ â†’ 6ä»¶æ›´æ–°
  [å¤šæ‘©å·] 8R 6é¸æ‰‹ â†’ 6ä»¶æ›´æ–°
  [å¤šæ‘©å·] 9R 6é¸æ‰‹ â†’ 6ä»¶æ›´æ–°
  [å¤šæ‘©å·] 10R 6é¸æ‰‹ â†’ 6ä»¶æ›´æ–°
  [å¤šæ‘©å·] 11R 6é¸æ‰‹ â†’ 6ä»¶æ›´æ–°
  [å¤šæ‘©å·] 12R 6é¸æ‰‹ â†’ 6ä»¶æ›´æ–°
  [å¸¸æ»‘] 1R 6é¸æ‰‹ â†’ 6ä»¶æ›´æ–°
  [å¸¸æ»‘] 2R 6é¸æ‰‹ â†’ 6ä»¶æ›´æ–°
  [å¸¸æ»‘] 3R 6é¸æ‰‹ â†’ 6ä»¶æ›´æ–°
  [å¸¸æ»‘] 4R 6é¸æ‰‹ â†’ 6ä»¶æ›´æ–°
  [å¸¸æ»‘] 5R 6é¸æ‰‹ â†’ 6ä»¶æ›´æ–°
  [å¸¸æ»‘] 6R 6é¸æ‰‹ â†’ 6ä»¶æ›´æ–°
  [å¸¸æ»‘] 7R 6é¸æ‰‹ â†’ 6ä»¶æ›´æ–°
  [å¸¸æ»‘] 8R 6é¸æ‰‹ â†’ 6ä»¶æ›´æ–°
  [å¸¸æ»‘] 9R 6é¸æ‰‹ â†’ 6ä»¶æ›´æ–°
  [å¸¸æ»‘] 10R 6é¸æ‰‹ â†’ 6ä»¶æ›´æ–°
  [å¸¸æ»‘] 11R 6é¸æ‰‹ â†’ 6ä»¶æ›´æ–°
  [å¸¸æ»‘] 12R 6é¸æ‰‹ â†’ 6ä»¶æ›´æ–°
  [ä¸‰å›½] 1R 6é¸æ‰‹ â†’ 6ä»¶æ›´æ–°
  [ä¸‰å›½] 2R 6é¸æ‰‹ â†’ 6ä»¶æ›´æ–°
  [ä¸‰å›½] 3R 6é¸æ‰‹ â†’ 6ä»¶æ›´æ–°
  [ä¸‰å›½] 4R 6é¸æ‰‹ â†’ 6ä»¶æ›´æ–°
  [ä¸‰å›½] 5R 6é¸æ‰‹ â†’ 6ä»¶æ›´æ–°
  [ä¸‰å›½] 6R 6é¸æ‰‹ â†’ 6ä»¶æ›´æ–°
  [ä¸‰å›½] 7R 6é¸æ‰‹ â†’ 6ä»¶æ›´æ–°
  [ä¸‰å›½] 8R 6é¸æ‰‹ â†’ 6ä»¶æ›´æ–°
  [ä¸‰å›½] 9R 6é¸æ‰‹ â†’ 6ä»¶æ›´æ–°
  [ä¸‰å›½] 10R 6é¸æ‰‹ â†’ 6ä»¶æ›´æ–°
  [ä¸‰å›½] 11R 6é¸æ‰‹ â†’ 6ä»¶æ›´æ–°
  [ä¸‰å›½] 12R 6é¸æ‰‹ â†’ 6ä»¶æ›´æ–°
  [çµç¶æ¹–] 1R 6é¸æ‰‹ â†’ 6ä»¶æ›´æ–°
  [çµç¶æ¹–] 2R 6é¸æ‰‹ â†’ 6ä»¶æ›´æ–°
  [çµç¶æ¹–] 3R 6é¸æ‰‹ â†’ 6ä»¶æ›´æ–°
  [çµç¶æ¹–] 4R 6é¸æ‰‹ â†’ 6ä»¶æ›´æ–°
  [çµç¶æ¹–] 5R 6é¸æ‰‹ â†’ 6ä»¶æ›´æ–°
  [çµç¶æ¹–] 6R 6é¸æ‰‹ â†’ 6ä»¶æ›´æ–°
  [çµç¶æ¹–] 7R 6é¸æ‰‹ â†’ 6ä»¶æ›´æ–°
  [çµç¶æ¹–] 8R 6é¸æ‰‹ â†’ 6ä»¶æ›´æ–°
  [çµç¶æ¹–] 9R 6é¸æ‰‹ â†’ 6ä»¶æ›´æ–°
  [çµç¶æ¹–] 10R 6é¸æ‰‹ â†’ 6ä»¶æ›´æ–°
  [çµç¶æ¹–] 11R 6é¸æ‰‹ â†’ 6ä»¶æ›´æ–°
  [çµç¶æ¹–] 12R 6é¸æ‰‹ â†’ 6ä»¶æ›´æ–°
  [é³´é–€] 1R 6é¸æ‰‹ â†’ 6ä»¶æ›´æ–°
  [é³´é–€] 2R 6é¸æ‰‹ â†’ 6ä»¶æ›´æ–°
  [é³´é–€] 3R 6é¸æ‰‹ â†’ 6ä»¶æ›´æ–°
  [é³´é–€] 4R 6é¸æ‰‹ â†’ 6ä»¶æ›´æ–°
  [é³´é–€] 5R 6é¸æ‰‹ â†’ 6ä»¶æ›´æ–°
  [é³´é–€] 6R 6é¸æ‰‹ â†’ 6ä»¶æ›´æ–°
  [é³´é–€] 7R 6é¸æ‰‹ â†’ 6ä»¶æ›´æ–°
  [é³´é–€] 8R 6é¸æ‰‹ â†’ 6ä»¶æ›´æ–°
  [é³´é–€] 9R 6é¸æ‰‹ â†’ 6ä»¶æ›´æ–°
  [é³´é–€] 10R 6é¸æ‰‹ â†’ 6ä»¶æ›´æ–°
  [é³´é–€] 11R 6é¸æ‰‹ â†’ 6ä»¶æ›´æ–°
  [é³´é–€] 12R 6é¸æ‰‹ â†’ 6ä»¶æ›´æ–°
  [ä¸¸äº€] 1R 6é¸æ‰‹ â†’ 6ä»¶æ›´æ–°
  [ä¸¸äº€] 2R 6é¸æ‰‹ â†’ 6ä»¶æ›´æ–°
  [ä¸¸äº€] 3R 6é¸æ‰‹ â†’ 6ä»¶æ›´æ–°
  [ä¸¸äº€] 4R 6é¸æ‰‹ â†’ 6ä»¶æ›´æ–°
  [ä¸¸äº€] 5R 6é¸æ‰‹ â†’ 6ä»¶æ›´æ–°
  [ä¸¸äº€] 6R 6é¸æ‰‹ â†’ 6ä»¶æ›´æ–°
  [ä¸¸äº€] 7R 6é¸æ‰‹ â†’ 6ä»¶æ›´æ–°
  [ä¸¸äº€] 8R 6é¸æ‰‹ â†’ 6ä»¶æ›´æ–°
  [ä¸¸äº€] 9R 6é¸æ‰‹ â†’ 6ä»¶æ›´æ–°
  [ä¸¸äº€] 10R 6é¸æ‰‹ â†’ 6ä»¶æ›´æ–°
  [ä¸¸äº€] 11R 6é¸æ‰‹ â†’ 6ä»¶æ›´æ–°
  [ä¸¸äº€] 12R 6é¸æ‰‹ â†’ 6ä»¶æ›´æ–°
  [å…å³¶] 1R 6é¸æ‰‹ â†’ 6ä»¶æ›´æ–°
  [å…å³¶] 2R 6é¸æ‰‹ â†’ 6ä»¶æ›´æ–°
  [å…å³¶] 3R 6é¸æ‰‹ â†’ 6ä»¶æ›´æ–°
  [å…å³¶] 4R 6é¸æ‰‹ â†’ 6ä»¶æ›´æ–°
  [å…å³¶] 5R 6é¸æ‰‹ â†’ 6ä»¶æ›´æ–°
  [å…å³¶] 6R 6é¸æ‰‹ â†’ 6ä»¶æ›´æ–°
  [å…å³¶] 7R 6é¸æ‰‹ â†’ 6ä»¶æ›´æ–°
  [å…å³¶] 8R 6é¸æ‰‹ â†’ 6ä»¶æ›´æ–°
  [å…å³¶] 9R 6é¸æ‰‹ â†’ 6ä»¶æ›´æ–°
  [å…å³¶] 10R 6é¸æ‰‹ â†’ 6ä»¶æ›´æ–°
  [å…å³¶] 11R 6é¸æ‰‹ â†’ 6ä»¶æ›´æ–°
  [å…å³¶] 12R 6é¸æ‰‹ â†’ 6ä»¶æ›´æ–°
  [å¾³å±±] 1R 6é¸æ‰‹ â†’ 6ä»¶æ›´æ–°
  [å¾³å±±] 2R 6é¸æ‰‹ â†’ 6ä»¶æ›´æ–°
  [å¾³å±±] 3R 6é¸æ‰‹ â†’ 6ä»¶æ›´æ–°
  [å¾³å±±] 4R 6é¸æ‰‹ â†’ 6ä»¶æ›´æ–°
  [å¾³å±±] 5R 6é¸æ‰‹ â†’ 6ä»¶æ›´æ–°
  [å¾³å±±] 6R 6é¸æ‰‹ â†’ 6ä»¶æ›´æ–°
  [å¾³å±±] 7R 6é¸æ‰‹ â†’ 6ä»¶æ›´æ–°
  [å¾³å±±] 8R 6é¸æ‰‹ â†’ 6ä»¶æ›´æ–°
  [å¾³å±±] 9R 6é¸æ‰‹ â†’ 6ä»¶æ›´æ–°
  [å¾³å±±] 10R 6é¸æ‰‹ â†’ 6ä»¶æ›´æ–°
  [å¾³å±±] 11R 6é¸æ‰‹ â†’ 6ä»¶æ›´æ–°
  [å¾³å±±] 12R 6é¸æ‰‹ â†’ 6ä»¶æ›´æ–°
  [è‹¥æ¾] 1R 6é¸æ‰‹ â†’ 6ä»¶æ›´æ–°
  [è‹¥æ¾] 2R 6é¸æ‰‹ â†’ 6ä»¶æ›´æ–°
  [è‹¥æ¾] 3R 6é¸æ‰‹ â†’ 6ä»¶æ›´æ–°
  [è‹¥æ¾] 4R 6é¸æ‰‹ â†’ 6ä»¶æ›´æ–°
  [è‹¥æ¾] 5R 6é¸æ‰‹ â†’ 6ä»¶æ›´æ–°
  [è‹¥æ¾] 6R 6é¸æ‰‹ â†’ 6ä»¶æ›´æ–°
  [è‹¥æ¾] 7R 6é¸æ‰‹ â†’ 6ä»¶æ›´æ–°
  [è‹¥æ¾] 8R 6é¸æ‰‹ â†’ 6ä»¶æ›´æ–°
  [è‹¥æ¾] 9R 6é¸æ‰‹ â†’ 6ä»¶æ›´æ–°
  [è‹¥æ¾] 10R 6é¸æ‰‹ â†’ 6ä»¶æ›´æ–°
  [è‹¥æ¾] 11R 6é¸æ‰‹ â†’ 6ä»¶æ›´æ–°
  [è‹¥æ¾] 12R 6é¸æ‰‹ â†’ 6ä»¶æ›´æ–°
  [å¤§æ‘] 1R 6é¸æ‰‹ â†’ 6ä»¶æ›´æ–°
  [å¤§æ‘] 2R 6é¸æ‰‹ â†’ 6ä»¶æ›´æ–°
  [å¤§æ‘] 3R 6é¸æ‰‹ â†’ 6ä»¶æ›´æ–°
  [å¤§æ‘] 4R 6é¸æ‰‹ â†’ 6ä»¶æ›´æ–°
  [å¤§æ‘] 5R 6é¸æ‰‹ â†’ 6ä»¶æ›´æ–°
  [å¤§æ‘] 6R 6é¸æ‰‹ â†’ 6ä»¶æ›´æ–°
  [å¤§æ‘] 7R 6é¸æ‰‹ â†’ 6ä»¶æ›´æ–°
  [å¤§æ‘] 8R 6é¸æ‰‹ â†’ 6ä»¶æ›´æ–°
  [å¤§æ‘] 9R 6é¸æ‰‹ â†’ 6ä»¶æ›´æ–°
  [å¤§æ‘] 10R 6é¸æ‰‹ â†’ 6ä»¶æ›´æ–°
  [å¤§æ‘] 11R 6é¸æ‰‹ â†’ 6ä»¶æ›´æ–°
  [å¤§æ‘] 12R 6é¸æ‰‹ â†’ 6ä»¶æ›´æ–°
  [2026-07-09] å°è¨ˆ: æ›´æ–°864ä»¶ / ãƒ‡ãƒ¼ã‚¿ãªã—0ä»¶

  [ä¼‘æ†©] 120ç§’ å¾…æ©Ÿä¸­...

[2026-07-10] é–‹å‚¬ä¼šå ´ãƒã‚§ãƒƒã‚¯ä¸­...
  â†’ 13ä¼šå ´ (æˆ¸ç”°, æµœåæ¹–, å¸¸æ»‘, æ´¥, ä¸‰å›½, çµç¶æ¹–, é³´é–€, ä¸¸äº€, å…å³¶, ä¸‹é–¢, è‹¥æ¾, ç¦å²¡, å”æ´¥)
  [æˆ¸ç”°] 1R 6é¸æ‰‹ â†’ 6ä»¶æ›´æ–°
  [æˆ¸ç”°] 2R 6é¸æ‰‹ â†’ 6ä»¶æ›´æ–°
  [æˆ¸ç”°] 3R 6é¸æ‰‹ â†’ 6ä»¶æ›´æ–°
  [æˆ¸ç”°] 4R 6é¸æ‰‹ â†’ 6ä»¶æ›´æ–°
  [æˆ¸ç”°] 5R 6é¸æ‰‹ â†’ 6ä»¶æ›´æ–°
  [æˆ¸ç”°] 6R 6é¸æ‰‹ â†’ 6ä»¶æ›´æ–°
  [æˆ¸ç”°] 7R 6é¸æ‰‹ â†’ 6ä»¶æ›´æ–°
  [æˆ¸ç”°] 8R 6é¸æ‰‹ â†’ 6ä»¶æ›´æ–°
  [æˆ¸ç”°] 9R 6é¸æ‰‹ â†’ 6ä»¶æ›´æ–°
  [æˆ¸ç”°] 10R 6é¸æ‰‹ â†’ 6ä»¶æ›´æ–°
  [æˆ¸ç”°] 11R 6é¸æ‰‹ â†’ 6ä»¶æ›´æ–°
  [æˆ¸ç”°] 12R 6é¸æ‰‹ â†’ 6ä»¶æ›´æ–°
  [æµœåæ¹–] 1R 6é¸æ‰‹ â†’ 6ä»¶æ›´æ–°
  [æµœåæ¹–] 2R 6é¸æ‰‹ â†’ 6ä»¶æ›´æ–°
  [æµœåæ¹–] 3R 6é¸æ‰‹ â†’ 6ä»¶æ›´æ–°
  [æµœåæ¹–] 4R 6é¸æ‰‹ â†’ 6ä»¶æ›´æ–°
  [æµœåæ¹–] 5R 6é¸æ‰‹ â†’ 6ä»¶æ›´æ–°
  [æµœåæ¹–] 6R 6é¸æ‰‹ â†’ 6ä»¶æ›´æ–°
  [æµœåæ¹–] 7R 6é¸æ‰‹ â†’ 6ä»¶æ›´æ–°
  [æµœåæ¹–] 8R 6é¸æ‰‹ â†’ 6ä»¶æ›´æ–°
  [æµœåæ¹–] 9R 6é¸æ‰‹ â†’ 6ä»¶æ›´æ–°
  [æµœåæ¹–] 10R 6é¸æ‰‹ â†’ 6ä»¶æ›´æ–°
  [æµœåæ¹–] 11R 6é¸æ‰‹ â†’ 6ä»¶æ›´æ–°
  [æµœåæ¹–] 12R 6é¸æ‰‹ â†’ 6ä»¶æ›´æ–°
  [å¸¸æ»‘] 1R 6é¸æ‰‹ â†’ 6ä»¶æ›´æ–°
  [å¸¸æ»‘] 2R 6é¸æ‰‹ â†’ 6ä»¶æ›´æ–°
  [å¸¸æ»‘] 3R 6é¸æ‰‹ â†’ 6ä»¶æ›´æ–°
  [å¸¸æ»‘] 4R 6é¸æ‰‹ â†’ 6ä»¶æ›´æ–°
  [å¸¸æ»‘] 5R 6é¸æ‰‹ â†’ 6ä»¶æ›´æ–°
  [å¸¸æ»‘] 6R 6é¸æ‰‹ â†’ 6ä»¶æ›´æ–°
  [å¸¸æ»‘] 7R 6é¸æ‰‹ â†’ 6ä»¶æ›´æ–°
  [å¸¸æ»‘] 8R 6é¸æ‰‹ â†’ 6ä»¶æ›´æ–°
  [å¸¸æ»‘] 9R 6é¸æ‰‹ â†’ 6ä»¶æ›´æ–°
  [å¸¸æ»‘] 10R 6é¸æ‰‹ â†’ 6ä»¶æ›´æ–°
  [å¸¸æ»‘] 11R 6é¸æ‰‹ â†’ 6ä»¶æ›´æ–°
  [å¸¸æ»‘] 12R 6é¸æ‰‹ â†’ 6ä»¶æ›´æ–°
  [æ´¥] 1R 6é¸æ‰‹ â†’ 6ä»¶æ›´æ–°
  [æ´¥] 2R 6é¸æ‰‹ â†’ 6ä»¶æ›´æ–°
  [æ´¥] 3R 6é¸æ‰‹ â†’ 6ä»¶æ›´æ–°
  [æ´¥] 4R 6é¸æ‰‹ â†’ 6ä»¶æ›´æ–°
  [æ´¥] 5R 6é¸æ‰‹ â†’ 6ä»¶æ›´æ–°
  [æ´¥] 6R 6é¸æ‰‹ â†’ 6ä»¶æ›´æ–°
  [æ´¥] 7R 6é¸æ‰‹ â†’ 6ä»¶æ›´æ–°
  [æ´¥] 8R 6é¸æ‰‹ â†’ 6ä»¶æ›´æ–°
  [æ´¥] 9R 6é¸æ‰‹ â†’ 6ä»¶æ›´æ–°
  [æ´¥] 10R 6é¸æ‰‹ â†’ 6ä»¶æ›´æ–°
  [æ´¥] 11R 6é¸æ‰‹ â†’ 6ä»¶æ›´æ–°
  [æ´¥] 12R 6é¸æ‰‹ â†’ 6ä»¶æ›´æ–°
  [ä¸‰å›½] 1R 6é¸æ‰‹ â†’ 6ä»¶æ›´æ–°
  [ä¸‰å›½] 2R 6é¸æ‰‹ â†’ 6ä»¶æ›´æ–°
  [ä¸‰å›½] 3R 6é¸æ‰‹ â†’ 6ä»¶æ›´æ–°
  [ä¸‰å›½] 4R 6é¸æ‰‹ â†’ 6ä»¶æ›´æ–°
  [ä¸‰å›½] 5R 6é¸æ‰‹ â†’ 6ä»¶æ›´æ–°
  [ä¸‰å›½] 6R 6é¸æ‰‹ â†’ 6ä»¶æ›´æ–°
  [ä¸‰å›½] 7R 6é¸æ‰‹ â†’ 6ä»¶æ›´æ–°
  [ä¸‰å›½] 8R 6é¸æ‰‹ â†’ 6ä»¶æ›´æ–°
  [ä¸‰å›½] 9R 6é¸æ‰‹ â†’ 6ä»¶æ›´æ–°
  [ä¸‰å›½] 10R 6é¸æ‰‹ â†’ 6ä»¶æ›´æ–°
  [ä¸‰å›½] 11R 6é¸æ‰‹ â†’ 6ä»¶æ›´æ–°
  [ä¸‰å›½] 12R 6é¸æ‰‹ â†’ 6ä»¶æ›´æ–°
  [çµç¶æ¹–] 1R 6é¸æ‰‹ â†’ 6ä»¶æ›´æ–°
  [çµç¶æ¹–] 2R 6é¸æ‰‹ â†’ 6ä»¶æ›´æ–°
  [çµç¶æ¹–] 3R 6é¸æ‰‹ â†’ 6ä»¶æ›´æ–°
  [çµç¶æ¹–] 4R 6é¸æ‰‹ â†’ 6ä»¶æ›´æ–°
  [çµç¶æ¹–] 5R 6é¸æ‰‹ â†’ 6ä»¶æ›´æ–°
  [çµç¶æ¹–] 6R 6é¸æ‰‹ â†’ 6ä»¶æ›´æ–°
  [çµç¶æ¹–] 7R 6é¸æ‰‹ â†’ 6ä»¶æ›´æ–°
  [çµç¶æ¹–] 8R 6é¸æ‰‹ â†’ 6ä»¶æ›´æ–°
  [çµç¶æ¹–] 9R 6é¸æ‰‹ â†’ 6ä»¶æ›´æ–°
  [çµç¶æ¹–] 10R 6é¸æ‰‹ â†’ 6ä»¶æ›´æ–°
  [çµç¶æ¹–] 11R 6é¸æ‰‹ â†’ 6ä»¶æ›´æ–°
  [çµç¶æ¹–] 12R 6é¸æ‰‹ â†’ 6ä»¶æ›´æ–°
  [é³´é–€] 1R 6é¸æ‰‹ â†’ 6ä»¶æ›´æ–°
  [é³´é–€] 2R 6é¸æ‰‹ â†’ 6ä»¶æ›´æ–°
  [é³´é–€] 3R 6é¸æ‰‹ â†’ 6ä»¶æ›´æ–°
  [é³´é–€] 4R 6é¸æ‰‹ â†’ 6ä»¶æ›´æ–°
  [é³´é–€] 5R 6é¸æ‰‹ â†’ 6ä»¶æ›´æ–°
  [é³´é–€] 6R 6é¸æ‰‹ â†’ 6ä»¶æ›´æ–°
  [é³´é–€] 7R 6é¸æ‰‹ â†’ 6ä»¶æ›´æ–°
  [é³´é–€] 8R 6é¸æ‰‹ â†’ 6ä»¶æ›´æ–°
  [é³´é–€] 9R 6é¸æ‰‹ â†’ 6ä»¶æ›´æ–°
  [é³´é–€] 10R 6é¸æ‰‹ â†’ 6ä»¶æ›´æ–°
  [é³´é–€] 11R 6é¸æ‰‹ â†’ 6ä»¶æ›´æ–°
  [é³´é–€] 12R 6é¸æ‰‹ â†’ 6ä»¶æ›´æ–°
  [ä¸¸äº€] 1R 6é¸æ‰‹ â†’ 6ä»¶æ›´æ–°
  [ä¸¸äº€] 2R 6é¸æ‰‹ â†’ 6ä»¶æ›´æ–°
  [ä¸¸äº€] 3R 6é¸æ‰‹ â†’ 6ä»¶æ›´æ–°
  [ä¸¸äº€] 4R 6é¸æ‰‹ â†’ 6ä»¶æ›´æ–°
  [ä¸¸äº€] 5R 6é¸æ‰‹ â†’ 6ä»¶æ›´æ–°
  [ä¸¸äº€] 6R 6é¸æ‰‹ â†’ 6ä»¶æ›´æ–°
  [ä¸¸äº€] 7R 6é¸æ‰‹ â†’ 6ä»¶æ›´æ–°
  [ä¸¸äº€] 8R 6é¸æ‰‹ â†’ 6ä»¶æ›´æ–°
  [ä¸¸äº€] 9R 6é¸æ‰‹ â†’ 6ä»¶æ›´æ–°
  [ä¸¸äº€] 10R 6é¸æ‰‹ â†’ 6ä»¶æ›´æ–°
  [ä¸¸äº€] 11R 6é¸æ‰‹ â†’ 6ä»¶æ›´æ–°
  [ä¸¸äº€] 12R 6é¸æ‰‹ â†’ 6ä»¶æ›´æ–°
  [å…å³¶] 1R 6é¸æ‰‹ â†’ 6ä»¶æ›´æ–°
  [å…å³¶] 2R 6é¸æ‰‹ â†’ 6ä»¶æ›´æ–°
  [å…å³¶] 3R 6é¸æ‰‹ â†’ 6ä»¶æ›´æ–°
  [å…å³¶] 4R 6é¸æ‰‹ â†’ 6ä»¶æ›´æ–°
  [å…å³¶] 5R 6é¸æ‰‹ â†’ 6ä»¶æ›´æ–°
  [å…å³¶] 6R 6é¸æ‰‹ â†’ 6ä»¶æ›´æ–°
  [å…å³¶] 7R 6é¸æ‰‹ â†’ 6ä»¶æ›´æ–°
  [å…å³¶] 8R 6é¸æ‰‹ â†’ 6ä»¶æ›´æ–°
  [å…å³¶] 9R 6é¸æ‰‹ â†’ 6ä»¶æ›´æ–°
  [å…å³¶] 10R 6é¸æ‰‹ â†’ 6ä»¶æ›´æ–°
  [å…å³¶] 11R 6é¸æ‰‹ â†’ 6ä»¶æ›´æ–°
  [å…å³¶] 12R 6é¸æ‰‹ â†’ 6ä»¶æ›´æ–°
  [ä¸‹é–¢] 1R 6é¸æ‰‹ â†’ 6ä»¶æ›´æ–°
  [ä¸‹é–¢] 2R 6é¸æ‰‹ â†’ 6ä»¶æ›´æ–°
  [ä¸‹é–¢] 3R 6é¸æ‰‹ â†’ 6ä»¶æ›´æ–°
  [ä¸‹é–¢] 4R 6é¸æ‰‹ â†’ 6ä»¶æ›´æ–°
  [ä¸‹é–¢] 5R 6é¸æ‰‹ â†’ 6ä»¶æ›´æ–°
  [ä¸‹é–¢] 6R 6é¸æ‰‹ â†’ 6ä»¶æ›´æ–°
  [ä¸‹é–¢] 7R 6é¸æ‰‹ â†’ 6ä»¶æ›´æ–°
  [ä¸‹é–¢] 8R 6é¸æ‰‹ â†’ 6ä»¶æ›´æ–°
  [ä¸‹é–¢] 9R 6é¸æ‰‹ â†’ 6ä»¶æ›´æ–°
  [ä¸‹é–¢] 10R 6é¸æ‰‹ â†’ 6ä»¶æ›´æ–°
  [ä¸‹é–¢] 11R 6é¸æ‰‹ â†’ 6ä»¶æ›´æ–°
  [ä¸‹é–¢] 12R 6é¸æ‰‹ â†’ 6ä»¶æ›´æ–°
  [è‹¥æ¾] 1R 6é¸æ‰‹ â†’ 6ä»¶æ›´æ–°
  [è‹¥æ¾] 2R 6é¸æ‰‹ â†’ 6ä»¶æ›´æ–°
  [è‹¥æ¾] 3R 6é¸æ‰‹ â†’ 6ä»¶æ›´æ–°
  [è‹¥æ¾] 4R 6é¸æ‰‹ â†’ 6ä»¶æ›´æ–°
  [è‹¥æ¾] 5R 6é¸æ‰‹ â†’ 6ä»¶æ›´æ–°
  [è‹¥æ¾] 6R 6é¸æ‰‹ â†’ 6ä»¶æ›´æ–°
  [è‹¥æ¾] 7R 6é¸æ‰‹ â†’ 6ä»¶æ›´æ–°
  [è‹¥æ¾] 8R 6é¸æ‰‹ â†’ 6ä»¶æ›´æ–°
  [è‹¥æ¾] 9R 6é¸æ‰‹ â†’ 6ä»¶æ›´æ–°
  [è‹¥æ¾] 10R 6é¸æ‰‹ â†’ 6ä»¶æ›´æ–°
  [è‹¥æ¾] 11R 6é¸æ‰‹ â†’ 6ä»¶æ›´æ–°
  [è‹¥æ¾] 12R 6é¸æ‰‹ â†’ 6ä»¶æ›´æ–°
  [ç¦å²¡] 1R 6é¸æ‰‹ â†’ 6ä»¶æ›´æ–°
  [ç¦å²¡] 2R 6é¸æ‰‹ â†’ 6ä»¶æ›´æ–°
  [ç¦å²¡] 3R 6é¸æ‰‹ â†’ 6ä»¶æ›´æ–°
  [ç¦å²¡] 4R 6é¸æ‰‹ â†’ 6ä»¶æ›´æ–°
  [ç¦å²¡] 5R 6é¸æ‰‹ â†’ 6ä»¶æ›´æ–°
  [ç¦å²¡] 6R [æŽ¥ç¶šã‚¨ãƒ©ãƒ¼ #1] HTTPSConnectionPool(host='www.boatrace.jp', port=443): Max retries exceeded with
  [ç¦å²¡] 7R 6é¸æ‰‹ â†’ 6ä»¶æ›´æ–°
  [ç¦å²¡] 8R 6é¸æ‰‹ â†’ 6ä»¶æ›´æ–°
  [ç¦å²¡] 9R 6é¸æ‰‹ â†’ 6ä»¶æ›´æ–°
  [ç¦å²¡] 10R 6é¸æ‰‹ â†’ 6ä»¶æ›´æ–°
  [ç¦å²¡] 11R 6é¸æ‰‹ â†’ 6ä»¶æ›´æ–°
  [ç¦å²¡] 12R 6é¸æ‰‹ â†’ 6ä»¶æ›´æ–°
  [å”æ´¥] 1R 6é¸æ‰‹ â†’ 6ä»¶æ›´æ–°
  [å”æ´¥] 2R 6é¸æ‰‹ â†’ 6ä»¶æ›´æ–°
  [å”æ´¥] 3R 6é¸æ‰‹ â†’ 6ä»¶æ›´æ–°
  [å”æ´¥] 4R 6é¸æ‰‹ â†’ 6ä»¶æ›´æ–°
  [å”æ´¥] 5R 6é¸æ‰‹ â†’ 6ä»¶æ›´æ–°
  [å”æ´¥] 6R 6é¸æ‰‹ â†’ 6ä»¶æ›´æ–°
  [å”æ´¥] 7R 6é¸æ‰‹ â†’ 6ä»¶æ›´æ–°
  [å”æ´¥] 8R 6é¸æ‰‹ â†’ 6ä»¶æ›´æ–°
  [å”æ´¥] 9R 6é¸æ‰‹ â†’ 6ä»¶æ›´æ–°
  [å”æ´¥] 10R 6é¸æ‰‹ â†’ 6ä»¶æ›´æ–°
  [å”æ´¥] 11R 6é¸æ‰‹ â†’ 6ä»¶æ›´æ–°
  [å”æ´¥] 12R 6é¸æ‰‹ â†’ 6ä»¶æ›´æ–°
  [2026-07-10] å°è¨ˆ: æ›´æ–°930ä»¶ / ãƒ‡ãƒ¼ã‚¿ãªã—0ä»¶

  [ä¼‘æ†©] 153ç§’ å¾…æ©Ÿä¸­...

[2026-07-11] é–‹å‚¬ä¼šå ´ãƒã‚§ãƒƒã‚¯ä¸­...
  â†’ 15ä¼šå ´ (æˆ¸ç”°, æ±Ÿæˆ¸å·, å¹³å’Œå³¶, æµœåæ¹–, å¸¸æ»‘, æ´¥, ä¸‰å›½, çµç¶æ¹–, é³´é–€, ä¸¸äº€, å…å³¶, ä¸‹é–¢, è‹¥æ¾, ç¦å²¡, å”æ´¥)
  [æˆ¸ç”°] 1R 6é¸æ‰‹ â†’ 6ä»¶æ›´æ–°
  [æˆ¸ç”°] 2R 6é¸æ‰‹ â†’ 6ä»¶æ›´æ–°
  [æˆ¸ç”°] 3R 6é¸æ‰‹ â†’ 6ä»¶æ›´æ–°
  [æˆ¸ç”°] 4R 6é¸æ‰‹ â†’ 6ä»¶æ›´æ–°
  [æˆ¸ç”°] 5R 6é¸æ‰‹ â†’ 6ä»¶æ›´æ–°
  [æˆ¸ç”°] 6R 6é¸æ‰‹ â†’ 6ä»¶æ›´æ–°
  [æˆ¸ç”°] 7R 6é¸æ‰‹ â†’ 6ä»¶æ›´æ–°
  [æˆ¸ç”°] 8R 6é¸æ‰‹ â†’ 6ä»¶æ›´æ–°
  [æˆ¸ç”°] 9R 6é¸æ‰‹ â†’ 6ä»¶æ›´æ–°
  [æˆ¸ç”°] 10R 6é¸æ‰‹ â†’ 6ä»¶æ›´æ–°
  [æˆ¸ç”°] 11R 6é¸æ‰‹ â†’ 6ä»¶æ›´æ–°
  [æˆ¸ç”°] 12R 6é¸æ‰‹ â†’ 6ä»¶æ›´æ–°
  [æ±Ÿæˆ¸å·] 1R 6é¸æ‰‹ â†’ 6ä»¶æ›´æ–°
  [æ±Ÿæˆ¸å·] 2R 6é¸æ‰‹ â†’ 6ä»¶æ›´æ–°
  [æ±Ÿæˆ¸å·] 3R 6é¸æ‰‹ â†’ 6ä»¶æ›´æ–°
  [æ±Ÿæˆ¸å·] 4R 6é¸æ‰‹ â†’ 6ä»¶æ›´æ–°
  [æ±Ÿæˆ¸å·] 5R 6é¸æ‰‹ â†’ 6ä»¶æ›´æ–°
  [æ±Ÿæˆ¸å·] 6R 6é¸æ‰‹ â†’ 6ä»¶æ›´æ–°
  [æ±Ÿæˆ¸å·] 7R 6é¸æ‰‹ â†’ 6ä»¶æ›´æ–°
  [æ±Ÿæˆ¸å·] 8R 6é¸æ‰‹ â†’ 6ä»¶æ›´æ–°
  [æ±Ÿæˆ¸å·] 9R 6é¸æ‰‹ â†’ 6ä»¶æ›´æ–°
  [æ±Ÿæˆ¸å·] 10R 6é¸æ‰‹ â†’ 6ä»¶æ›´æ–°
  [æ±Ÿæˆ¸å·] 11R 6é¸æ‰‹ â†’ 6ä»¶æ›´æ–°
  [æ±Ÿæˆ¸å·] 12R 6é¸æ‰‹ â†’ 6ä»¶æ›´æ–°
  [å¹³å’Œå³¶] 1R 6é¸æ‰‹ â†’ 6ä»¶æ›´æ–°
  [å¹³å’Œå³¶] 2R 6é¸æ‰‹ â†’ 6ä»¶æ›´æ–°
  [å¹³å’Œå³¶] 3R 6é¸æ‰‹ â†’ 6ä»¶æ›´æ–°
  [å¹³å’Œå³¶] 4R 6é¸æ‰‹ â†’ 6ä»¶æ›´æ–°
  [å¹³å’Œå³¶] 5R 6é¸æ‰‹ â†’ 6ä»¶æ›´æ–°
  [å¹³å’Œå³¶] 6R 6é¸æ‰‹ â†’ 6ä»¶æ›´æ–°
  [å¹³å’Œå³¶] 7R 6é¸æ‰‹ â†’ 6ä»¶æ›´æ–°
  [å¹³å’Œå³¶] 8R 6é¸æ‰‹ â†’ 6ä»¶æ›´æ–°
  [å¹³å’Œå³¶] 9R 6é¸æ‰‹ â†’ 6ä»¶æ›´æ–°
  [å¹³å’Œå³¶] 10R 6é¸æ‰‹ â†’ 6ä»¶æ›´æ–°
  [å¹³å’Œå³¶] 11R 6é¸æ‰‹ â†’ 6ä»¶æ›´æ–°
  [å¹³å’Œå³¶] 12R 6é¸æ‰‹ â†’ 6ä»¶æ›´æ–°
  [æµœåæ¹–] 1R 6é¸æ‰‹ â†’ 6ä»¶æ›´æ–°
  [æµœåæ¹–] 2R 6é¸æ‰‹ â†’ 6ä»¶æ›´æ–°
  [æµœåæ¹–] 3R 6é¸æ‰‹ â†’ 6ä»¶æ›´æ–°
  [æµœåæ¹–] 4R 6é¸æ‰‹ â†’ 6ä»¶æ›´æ–°
  [æµœåæ¹–] 5R 6é¸æ‰‹ â†’ 6ä»¶æ›´æ–°
  [æµœåæ¹–] 6R 6é¸æ‰‹ â†’ 6ä»¶æ›´æ–°
  [æµœåæ¹–] 7R 6é¸æ‰‹ â†’ 6ä»¶æ›´æ–°
  [æµœåæ¹–] 8R 6é¸æ‰‹ â†’ 6ä»¶æ›´æ–°
  [æµœåæ¹–] 9R 6é¸æ‰‹ â†’ 6ä»¶æ›´æ–°
  [æµœåæ¹–] 10R 6é¸æ‰‹ â†’ 6ä»¶æ›´æ–°
  [æµœåæ¹–] 11R 6é¸æ‰‹ â†’ 6ä»¶æ›´æ–°
  [æµœåæ¹–] 12R 6é¸æ‰‹ â†’ 6ä»¶æ›´æ–°
  [å¸¸æ»‘] 1R 6é¸æ‰‹ â†’ 6ä»¶æ›´æ–°
  [å¸¸æ»‘] 2R 6é¸æ‰‹ â†’ 6ä»¶æ›´æ–°
  [å¸¸æ»‘] 3R 6é¸æ‰‹ â†’ 6ä»¶æ›´æ–°
  [å¸¸æ»‘] 4R 6é¸æ‰‹ â†’ 6ä»¶æ›´æ–°
  [å¸¸æ»‘] 5R 6é¸æ‰‹ â†’ 6ä»¶æ›´æ–°
  [å¸¸æ»‘] 6R 6é¸æ‰‹ â†’ 6ä»¶æ›´æ–°
  [å¸¸æ»‘] 7R 6é¸æ‰‹ â†’ 6ä»¶æ›´æ–°
  [å¸¸æ»‘] 8R 6é¸æ‰‹ â†’ 6ä»¶æ›´æ–°
  [å¸¸æ»‘] 9R 6é¸æ‰‹ â†’ 6ä»¶æ›´æ–°
  [å¸¸æ»‘] 10R 6é¸æ‰‹ â†’ 6ä»¶æ›´æ–°
  [å¸¸æ»‘] 11R 6é¸æ‰‹ â†’ 6ä»¶æ›´æ–°
  [å¸¸æ»‘] 12R 6é¸æ‰‹ â†’ 6ä»¶æ›´æ–°
  [æ´¥] 1R 6é¸æ‰‹ â†’ 6ä»¶æ›´æ–°
  [æ´¥] 2R 6é¸æ‰‹ â†’ 6ä»¶æ›´æ–°
  [æ´¥] 3R 6é¸æ‰‹ â†’ 6ä»¶æ›´æ–°
  [æ´¥] 4R 6é¸æ‰‹ â†’ 6ä»¶æ›´æ–°
  [æ´¥] 5R 6é¸æ‰‹ â†’ 6ä»¶æ›´æ–°
  [æ´¥] 6R 6é¸æ‰‹ â†’ 6ä»¶æ›´æ–°
  [æ´¥] 7R 6é¸æ‰‹ â†’ 6ä»¶æ›´æ–°
  [æ´¥] 8R 6é¸æ‰‹ â†’ 6ä»¶æ›´æ–°
  [æ´¥] 9R 6é¸æ‰‹ â†’ 6ä»¶æ›´æ–°
  [æ´¥] 10R 6é¸æ‰‹ â†’ 6ä»¶æ›´æ–°
  [æ´¥] 11R 6é¸æ‰‹ â†’ 6ä»¶æ›´æ–°
  [æ´¥] 12R 6é¸æ‰‹ â†’ 6ä»¶æ›´æ–°
  [ä¸‰å›½] 1R 6é¸æ‰‹ â†’ 6ä»¶æ›´æ–°
  [ä¸‰å›½] 2R 6é¸æ‰‹ â†’ 6ä»¶æ›´æ–°
  [ä¸‰å›½] 3R 6é¸æ‰‹ â†’ 6ä»¶æ›´æ–°
  [ä¸‰å›½] 4R 6é¸æ‰‹ â†’ 6ä»¶æ›´æ–°
  [ä¸‰å›½] 5R 6é¸æ‰‹ â†’ 6ä»¶æ›´æ–°
  [ä¸‰å›½] 6R 6é¸æ‰‹ â†’ 6ä»¶æ›´æ–°
  [ä¸‰å›½] 7R 6é¸æ‰‹ â†’ 6ä»¶æ›´æ–°
  [ä¸‰å›½] 8R 6é¸æ‰‹ â†’ 6ä»¶æ›´æ–°
  [ä¸‰å›½] 9R 6é¸æ‰‹ â†’ 6ä»¶æ›´æ–°
  [ä¸‰å›½] 10R 6é¸æ‰‹ â†’ 6ä»¶æ›´æ–°
  [ä¸‰å›½] 11R 6é¸æ‰‹ â†’ 6ä»¶æ›´æ–°
  [ä¸‰å›½] 12R 6é¸æ‰‹ â†’ 6ä»¶æ›´æ–°
  [çµç¶æ¹–] 1R 6é¸æ‰‹ â†’ 6ä»¶æ›´æ–°
  [çµç¶æ¹–] 2R 6é¸æ‰‹ â†’ 6ä»¶æ›´æ–°
  [çµç¶æ¹–] 3R 6é¸æ‰‹ â†’ 6ä»¶æ›´æ–°
  [çµç¶æ¹–] 4R 6é¸æ‰‹ â†’ 6ä»¶æ›´æ–°
  [çµç¶æ¹–] 5R 6é¸æ‰‹ â†’ 6ä»¶æ›´æ–°
  [çµç¶æ¹–] 6R 6é¸æ‰‹ â†’ 6ä»¶æ›´æ–°
  [çµç¶æ¹–] 7R 6é¸æ‰‹ â†’ 6ä»¶æ›´æ–°
  [çµç¶æ¹–] 8R 6é¸æ‰‹ â†’ 6ä»¶æ›´æ–°
  [çµç¶æ¹–] 9R 6é¸æ‰‹ â†’ 6ä»¶æ›´æ–°
  [çµç¶æ¹–] 10R 6é¸æ‰‹ â†’ 6ä»¶æ›´æ–°
  [çµç¶æ¹–] 11R 6é¸æ‰‹ â†’ 6ä»¶æ›´æ–°
  [çµç¶æ¹–] 12R 6é¸æ‰‹ â†’ 6ä»¶æ›´æ–°
  [é³´é–€] 1R 6é¸æ‰‹ â†’ 6ä»¶æ›´æ–°
  [é³´é–€] 2R 6é¸æ‰‹ â†’ 6ä»¶æ›´æ–°
  [é³´é–€] 3R 6é¸æ‰‹ â†’ 6ä»¶æ›´æ–°
  [é³´é–€] 4R 6é¸æ‰‹ â†’ 6ä»¶æ›´æ–°
  [é³´é–€] 5R 6é¸æ‰‹ â†’ 6ä»¶æ›´æ–°
  [é³´é–€] 6R 6é¸æ‰‹ â†’ 6ä»¶æ›´æ–°
  [é³´é–€] 7R 6é¸æ‰‹ â†’ 6ä»¶æ›´æ–°
  [é³´é–€] 8R 6é¸æ‰‹ â†’ 6ä»¶æ›´æ–°
  [é³´é–€] 9R 6é¸æ‰‹ â†’ 6ä»¶æ›´æ–°
  [é³´é–€] 10R 6é¸æ‰‹ â†’ 6ä»¶æ›´æ–°
  [é³´é–€] 11R 6é¸æ‰‹ â†’ 6ä»¶æ›´æ–°
  [é³´é–€] 12R 6é¸æ‰‹ â†’ 6ä»¶æ›´æ–°
  [ä¸¸äº€] 1R 6é¸æ‰‹ â†’ 6ä»¶æ›´æ–°
  [ä¸¸äº€] 2R 6é¸æ‰‹ â†’ 6ä»¶æ›´æ–°
  [ä¸¸äº€] 3R 6é¸æ‰‹ â†’ 6ä»¶æ›´æ–°
  [ä¸¸äº€] 4R 6é¸æ‰‹ â†’ 6ä»¶æ›´æ–°
  [ä¸¸äº€] 5R 6é¸æ‰‹ â†’ 6ä»¶æ›´æ–°
  [ä¸¸äº€] 6R 6é¸æ‰‹ â†’ 6ä»¶æ›´æ–°
  [ä¸¸äº€] 7R 6é¸æ‰‹ â†’ 6ä»¶æ›´æ–°
  [ä¸¸äº€] 8R 6é¸æ‰‹ â†’ 6ä»¶æ›´æ–°
  [ä¸¸äº€] 9R 6é¸æ‰‹ â†’ 6ä»¶æ›´æ–°
  [ä¸¸äº€] 10R 6é¸æ‰‹ â†’ 6ä»¶æ›´æ–°
  [ä¸¸äº€] 11R 6é¸æ‰‹ â†’ 6ä»¶æ›´æ–°
  [ä¸¸äº€] 12R 6é¸æ‰‹ â†’ 6ä»¶æ›´æ–°
  [å…å³¶] 1R 6é¸æ‰‹ â†’ 6ä»¶æ›´æ–°
  [å…å³¶] 2R 6é¸æ‰‹ â†’ 6ä»¶æ›´æ–°
  [å…å³¶] 3R 6é¸æ‰‹ â†’ 6ä»¶æ›´æ–°
  [å…å³¶] 4R 6é¸æ‰‹ â†’ 6ä»¶æ›´æ–°
  [å…å³¶] 5R 6é¸æ‰‹ â†’ 6ä»¶æ›´æ–°
  [å…å³¶] 6R 6é¸æ‰‹ â†’ 6ä»¶æ›´æ–°
  [å…å³¶] 7R 6é¸æ‰‹ â†’ 6ä»¶æ›´æ–°
  [å…å³¶] 8R 6é¸æ‰‹ â†’ 6ä»¶æ›´æ–°
  [å…å³¶] 9R 6é¸æ‰‹ â†’ 6ä»¶æ›´æ–°
  [å…å³¶] 10R 6é¸æ‰‹ â†’ 6ä»¶æ›´æ–°
  [å…å³¶] 11R 6é¸æ‰‹ â†’ 6ä»¶æ›´æ–°
  [å…å³¶] 12R 6é¸æ‰‹ â†’ 6ä»¶æ›´æ–°
  [ä¸‹é–¢] 1R 6é¸æ‰‹ â†’ 6ä»¶æ›´æ–°
  [ä¸‹é–¢] 2R 6é¸æ‰‹ â†’ 6ä»¶æ›´æ–°
  [ä¸‹é–¢] 3R 6é¸æ‰‹ â†’ 6ä»¶æ›´æ–°
  [ä¸‹é–¢] 4R 6é¸æ‰‹ â†’ 6ä»¶æ›´æ–°
  [ä¸‹é–¢] 5R 6é¸æ‰‹ â†’ 6ä»¶æ›´æ–°
  [ä¸‹é–¢] 6R 6é¸æ‰‹ â†’ 6ä»¶æ›´æ–°
  [ä¸‹é–¢] 7R 6é¸æ‰‹ â†’ 6ä»¶æ›´æ–°
  [ä¸‹é–¢] 8R 6é¸æ‰‹ â†’ 6ä»¶æ›´æ–°
  [ä¸‹é–¢] 9R 6é¸æ‰‹ â†’ 6ä»¶æ›´æ–°
  [ä¸‹é–¢] 10R 6é¸æ‰‹ â†’ 6ä»¶æ›´æ–°
  [ä¸‹é–¢] 11R 6é¸æ‰‹ â†’ 6ä»¶æ›´æ–°
  [ä¸‹é–¢] 12R 6é¸æ‰‹ â†’ 6ä»¶æ›´æ–°
  [è‹¥æ¾] 1R 6é¸æ‰‹ â†’ 6ä»¶æ›´æ–°
  [è‹¥æ¾] 2R 6é¸æ‰‹ â†’ 6ä»¶æ›´æ–°
  [è‹¥æ¾] 3R 6é¸æ‰‹ â†’ 6ä»¶æ›´æ–°
  [è‹¥æ¾] 4R 6é¸æ‰‹ â†’ 6ä»¶æ›´æ–°
  [è‹¥æ¾] 5R 6é¸æ‰‹ â†’ 6ä»¶æ›´æ–°
  [è‹¥æ¾] 6R 6é¸æ‰‹ â†’ 6ä»¶æ›´æ–°
  [è‹¥æ¾] 7R 6é¸æ‰‹ â†’ 6ä»¶æ›´æ–°
  [è‹¥æ¾] 8R 6é¸æ‰‹ â†’ 6ä»¶æ›´æ–°
  [è‹¥æ¾] 9R 6é¸æ‰‹ â†’ 6ä»¶æ›´æ–°
  [è‹¥æ¾] 10R 6é¸æ‰‹ â†’ 6ä»¶æ›´æ–°
  [è‹¥æ¾] 11R 6é¸æ‰‹ â†’ 6ä»¶æ›´æ–°
  [è‹¥æ¾] 12R 6é¸æ‰‹ â†’ 6ä»¶æ›´æ–°
  [ç¦å²¡] 1R 6é¸æ‰‹ â†’ 6ä»¶æ›´æ–°
  [ç¦å²¡] 2R 6é¸æ‰‹ â†’ 6ä»¶æ›´æ–°
  [ç¦å²¡] 3R 6é¸æ‰‹ â†’ 6ä»¶æ›´æ–°
  [ç¦å²¡] 4R 6é¸æ‰‹ â†’ 6ä»¶æ›´æ–°
  [ç¦å²¡] 5R 6é¸æ‰‹ â†’ 6ä»¶æ›´æ–°
  [ç¦å²¡] 6R 6é¸æ‰‹ â†’ 6ä»¶æ›´æ–°
  [ç¦å²¡] 7R 6é¸æ‰‹ â†’ 6ä»¶æ›´æ–°
  [ç¦å²¡] 8R 6é¸æ‰‹ â†’ 6ä»¶æ›´æ–°
  [ç¦å²¡] 9R 6é¸æ‰‹ â†’ 6ä»¶æ›´æ–°
  [ç¦å²¡] 10R 6é¸æ‰‹ â†’ 6ä»¶æ›´æ–°
  [ç¦å²¡] 11R 6é¸æ‰‹ â†’ 6ä»¶æ›´æ–°
  [ç¦å²¡] 12R 6é¸æ‰‹ â†’ 6ä»¶æ›´æ–°
  [å”æ´¥] 1R 6é¸æ‰‹ â†’ 6ä»¶æ›´æ–°
  [å”æ´¥] 2R 6é¸æ‰‹ â†’ 6ä»¶æ›´æ–°
  [å”æ´¥] 3R 6é¸æ‰‹ â†’ 6ä»¶æ›´æ–°
  [å”æ´¥] 4R 6é¸æ‰‹ â†’ 6ä»¶æ›´æ–°
  [å”æ´¥] 5R 6é¸æ‰‹ â†’ 6ä»¶æ›´æ–°
  [å”æ´¥] 6R 6é¸æ‰‹ â†’ 6ä»¶æ›´æ–°
  [å”æ´¥] 7R 6é¸æ‰‹ â†’ 6ä»¶æ›´æ–°
  [å”æ´¥] 8R 6é¸æ‰‹ â†’ 6ä»¶æ›´æ–°
  [å”æ´¥] 9R 6é¸æ‰‹ â†’ 6ä»¶æ›´æ–°
  [å”æ´¥] 10R 6é¸æ‰‹ â†’ 6ä»¶æ›´æ–°
  [å”æ´¥] 11R 6é¸æ‰‹ â†’ 6ä»¶æ›´æ–°
  [å”æ´¥] 12R 6é¸æ‰‹ â†’ 6ä»¶æ›´æ–°
  [2026-07-11] å°è¨ˆ: æ›´æ–°1080ä»¶ / ãƒ‡ãƒ¼ã‚¿ãªã—0ä»¶

  [ä¼‘æ†©] 100ç§’ å¾…æ©Ÿä¸­...

[2026-07-12] é–‹å‚¬ä¼šå ´ãƒã‚§ãƒƒã‚¯ä¸­...
  â†’ 16ä¼šå ´ (æˆ¸ç”°, æ±Ÿæˆ¸å·, å¹³å’Œå³¶, å¤šæ‘©å·, æµœåæ¹–, å¸¸æ»‘, æ´¥, ä¸‰å›½, çµç¶æ¹–, é³´é–€, ä¸¸äº€, å…å³¶, ä¸‹é–¢, è‹¥æ¾, ç¦å²¡, å”æ´¥)
  [æˆ¸ç”°] 1R 6é¸æ‰‹ â†’ 6ä»¶æ›´æ–°
  [æˆ¸ç”°] 2R 6é¸æ‰‹ â†’ 6ä»¶æ›´æ–°
  [æˆ¸ç”°] 3R 6é¸æ‰‹ â†’ 6ä»¶æ›´æ–°
  [æˆ¸ç”°] 4R 6é¸æ‰‹ â†’ 6ä»¶æ›´æ–°
  [æˆ¸ç”°] 5R 6é¸æ‰‹ â†’ 6ä»¶æ›´æ–°
  [æˆ¸ç”°] 6R 6é¸æ‰‹ â†’ 6ä»¶æ›´æ–°
  [æˆ¸ç”°] 7R 6é¸æ‰‹ â†’ 6ä»¶æ›´æ–°
  [æˆ¸ç”°] 8R 6é¸æ‰‹ â†’ 6ä»¶æ›´æ–°
  [æˆ¸ç”°] 9R 6é¸æ‰‹ â†’ 6ä»¶æ›´æ–°
  [æˆ¸ç”°] 10R 6é¸æ‰‹ â†’ 6ä»¶æ›´æ–°
  [æˆ¸ç”°] 11R 6é¸æ‰‹ â†’ 6ä»¶æ›´æ–°
  [æˆ¸ç”°] 12R 6é¸æ‰‹ â†’ 6ä»¶æ›´æ–°
  [æ±Ÿæˆ¸å·] 1R 6é¸æ‰‹ â†’ 6ä»¶æ›´æ–°
  [æ±Ÿæˆ¸å·] 2R 6é¸æ‰‹ â†’ 6ä»¶æ›´æ–°
  [æ±Ÿæˆ¸å·] 3R 6é¸æ‰‹ â†’ 6ä»¶æ›´æ–°
  [æ±Ÿæˆ¸å·] 4R 6é¸æ‰‹ â†’ 6ä»¶æ›´æ–°
  [æ±Ÿæˆ¸å·] 5R 6é¸æ‰‹ â†’ 6ä»¶æ›´æ–°
  [æ±Ÿæˆ¸å·] 6R 6é¸æ‰‹ â†’ 6ä»¶æ›´æ–°
  [æ±Ÿæˆ¸å·] 7R 6é¸æ‰‹ â†’ 6ä»¶æ›´æ–°
  [æ±Ÿæˆ¸å·] 8R 6é¸æ‰‹ â†’ 6ä»¶æ›´æ–°
  [æ±Ÿæˆ¸å·] 9R 6é¸æ‰‹ â†’ 6ä»¶æ›´æ–°
  [æ±Ÿæˆ¸å·] 10R 6é¸æ‰‹ â†’ 6ä»¶æ›´æ–°
  [æ±Ÿæˆ¸å·] 11R 6é¸æ‰‹ â†’ 6ä»¶æ›´æ–°
  [æ±Ÿæˆ¸å·] 12R 6é¸æ‰‹ â†’ 6ä»¶æ›´æ–°
  [å¹³å’Œå³¶] 1R 6é¸æ‰‹ â†’ 6ä»¶æ›´æ–°
  [å¹³å’Œå³¶] 2R 6é¸æ‰‹ â†’ 6ä»¶æ›´æ–°
  [å¹³å’Œå³¶] 3R 6é¸æ‰‹ â†’ 6ä»¶æ›´æ–°
  [å¹³å’Œå³¶] 4R 6é¸æ‰‹ â†’ 6ä»¶æ›´æ–°
  [å¹³å’Œå³¶] 5R 6é¸æ‰‹ â†’ 6ä»¶æ›´æ–°
  [å¹³å’Œå³¶] 6R 6é¸æ‰‹ â†’ 6ä»¶æ›´æ–°
  [å¹³å’Œå³¶] 7R 6é¸æ‰‹ â†’ 6ä»¶æ›´æ–°
  [å¹³å’Œå³¶] 8R 6é¸æ‰‹ â†’ 6ä»¶æ›´æ–°
  [å¹³å’Œå³¶] 9R 6é¸æ‰‹ â†’ 6ä»¶æ›´æ–°
  [å¹³å’Œå³¶] 10R 6é¸æ‰‹ â†’ 6ä»¶æ›´æ–°
  [å¹³å’Œå³¶] 11R 6é¸æ‰‹ â†’ 6ä»¶æ›´æ–°
  [å¹³å’Œå³¶] 12R 6é¸æ‰‹ â†’ 6ä»¶æ›´æ–°
  [å¤šæ‘©å·] 1R 6é¸æ‰‹ â†’ 6ä»¶æ›´æ–°
  [å¤šæ‘©å·] 2R 6é¸æ‰‹ â†’ 6ä»¶æ›´æ–°
  [å¤šæ‘©å·] 3R 6é¸æ‰‹ â†’ 6ä»¶æ›´æ–°
  [å¤šæ‘©å·] 4R 6é¸æ‰‹ â†’ 6ä»¶æ›´æ–°
  [å¤šæ‘©å·] 5R 6é¸æ‰‹ â†’ 6ä»¶æ›´æ–°
  [å¤šæ‘©å·] 6R 6é¸æ‰‹ â†’ 6ä»¶æ›´æ–°
  [å¤šæ‘©å·] 7R 6é¸æ‰‹ â†’ 6ä»¶æ›´æ–°
  [å¤šæ‘©å·] 8R 6é¸æ‰‹ â†’ 6ä»¶æ›´æ–°
  [å¤šæ‘©å·] 9R 6é¸æ‰‹ â†’ 6ä»¶æ›´æ–°
  [å¤šæ‘©å·] 10R 6é¸æ‰‹ â†’ 6ä»¶æ›´æ–°
  [å¤šæ‘©å·] 11R 6é¸æ‰‹ â†’ 6ä»¶æ›´æ–°
  [å¤šæ‘©å·] 12R 6é¸æ‰‹ â†’ 6ä»¶æ›´æ–°
  [æµœåæ¹–] 1R 6é¸æ‰‹ â†’ 6ä»¶æ›´æ–°
  [æµœåæ¹–] 2R 6é¸æ‰‹ â†’ 6ä»¶æ›´æ–°
  [æµœåæ¹–] 3R 6é¸æ‰‹ â†’ 6ä»¶æ›´æ–°
  [æµœåæ¹–] 4R 6é¸æ‰‹ â†’ 6ä»¶æ›´æ–°
  [æµœåæ¹–] 5R 6é¸æ‰‹ â†’ 6ä»¶æ›´æ–°
  [æµœåæ¹–] 6R 6é¸æ‰‹ â†’ 6ä»¶æ›´æ–°
  [æµœåæ¹–] 7R 6é¸æ‰‹ â†’ 6ä»¶æ›´æ–°
  [æµœåæ¹–] 8R 6é¸æ‰‹ â†’ 6ä»¶æ›´æ–°
  [æµœåæ¹–] 9R 6é¸æ‰‹ â†’ 6ä»¶æ›´æ–°
  [æµœåæ¹–] 10R 6é¸æ‰‹ â†’ 6ä»¶æ›´æ–°
  [æµœåæ¹–] 11R 6é¸æ‰‹ â†’ 6ä»¶æ›´æ–°
  [æµœåæ¹–] 12R 6é¸æ‰‹ â†’ 6ä»¶æ›´æ–°
  [å¸¸æ»‘] 1R 6é¸æ‰‹ â†’ 6ä»¶æ›´æ–°
  [å¸¸æ»‘] 2R 6é¸æ‰‹ â†’ 6ä»¶æ›´æ–°
  [å¸¸æ»‘] 3R 6é¸æ‰‹ â†’ 6ä»¶æ›´æ–°
  [å¸¸æ»‘] 4R 6é¸æ‰‹ â†’ 6ä»¶æ›´æ–°
  [å¸¸æ»‘] 5R 6é¸æ‰‹ â†’ 6ä»¶æ›´æ–°
  [å¸¸æ»‘] 6R 6é¸æ‰‹ â†’ 6ä»¶æ›´æ–°
  [å¸¸æ»‘] 7R 6é¸æ‰‹ â†’ 6ä»¶æ›´æ–°
  [å¸¸æ»‘] 8R 6é¸æ‰‹ â†’ 6ä»¶æ›´æ–°
  [å¸¸æ»‘] 9R 6é¸æ‰‹ â†’ 6ä»¶æ›´æ–°
  [å¸¸æ»‘] 10R 6é¸æ‰‹ â†’ 6ä»¶æ›´æ–°
  [å¸¸æ»‘] 11R 6é¸æ‰‹ â†’ 6ä»¶æ›´æ–°
  [å¸¸æ»‘] 12R 6é¸æ‰‹ â†’ 6ä»¶æ›´æ–°
  [æ´¥] 1R 6é¸æ‰‹ â†’ 6ä»¶æ›´æ–°
  [æ´¥] 2R 6é¸æ‰‹ â†’ 6ä»¶æ›´æ–°
  [æ´¥] 3R 6é¸æ‰‹ â†’ 6ä»¶æ›´æ–°
  [æ´¥] 4R 6é¸æ‰‹ â†’ 6ä»¶æ›´æ–°
  [æ´¥] 5R 6é¸æ‰‹ â†’ 6ä»¶æ›´æ–°
  [æ´¥] 6R 6é¸æ‰‹ â†’ 6ä»¶æ›´æ–°
  [æ´¥] 7R 6é¸æ‰‹ â†’ 6ä»¶æ›´æ–°
  [æ´¥] 8R 6é¸æ‰‹ â†’ 6ä»¶æ›´æ–°
  [æ´¥] 9R 6é¸æ‰‹ â†’ 6ä»¶æ›´æ–°
  [æ´¥] 10R 6é¸æ‰‹ â†’ 6ä»¶æ›´æ–°
  [æ´¥] 11R 6é¸æ‰‹ â†’ 6ä»¶æ›´æ–°
  [æ´¥] 12R 6é¸æ‰‹ â†’ 6ä»¶æ›´æ–°
  [ä¸‰å›½] 1R 6é¸æ‰‹ â†’ 6ä»¶æ›´æ–°
  [ä¸‰å›½] 2R 6é¸æ‰‹ â†’ 6ä»¶æ›´æ–°
  [ä¸‰å›½] 3R 6é¸æ‰‹ â†’ 6ä»¶æ›´æ–°
  [ä¸‰å›½] 4R 6é¸æ‰‹ â†’ 6ä»¶æ›´æ–°
  [ä¸‰å›½] 5R 6é¸æ‰‹ â†’ 6ä»¶æ›´æ–°
  [ä¸‰å›½] 6R 6é¸æ‰‹ â†’ 6ä»¶æ›´æ–°
  [ä¸‰å›½] 7R 6é¸æ‰‹ â†’ 6ä»¶æ›´æ–°
  [ä¸‰å›½] 8R 6é¸æ‰‹ â†’ 6ä»¶æ›´æ–°
  [ä¸‰å›½] 9R 6é¸æ‰‹ â†’ 6ä»¶æ›´æ–°
  [ä¸‰å›½] 10R 6é¸æ‰‹ â†’ 6ä»¶æ›´æ–°
  [ä¸‰å›½] 11R 6é¸æ‰‹ â†’ 6ä»¶æ›´æ–°
  [ä¸‰å›½] 12R 6é¸æ‰‹ â†’ 6ä»¶æ›´æ–°
  [çµç¶æ¹–] 1R 6é¸æ‰‹ â†’ 6ä»¶æ›´æ–°
  [çµç¶æ¹–] 2R 6é¸æ‰‹ â†’ 6ä»¶æ›´æ–°
  [çµç¶æ¹–] 3R 6é¸æ‰‹ â†’ 6ä»¶æ›´æ–°
  [çµç¶æ¹–] 4R 6é¸æ‰‹ â†’ 6ä»¶æ›´æ–°
  [çµç¶æ¹–] 5R 6é¸æ‰‹ â†’ 6ä»¶æ›´æ–°
  [çµç¶æ¹–] 6R 6é¸æ‰‹ â†’ 6ä»¶æ›´æ–°
  [çµç¶æ¹–] 7R 6é¸æ‰‹ â†’ 6ä»¶æ›´æ–°
  [çµç¶æ¹–] 8R 6é¸æ‰‹ â†’ 6ä»¶æ›´æ–°
  [çµç¶æ¹–] 9R 6é¸æ‰‹ â†’ 6ä»¶æ›´æ–°
  [çµç¶æ¹–] 10R 6é¸æ‰‹ â†’ 6ä»¶æ›´æ–°
  [çµç¶æ¹–] 11R 6é¸æ‰‹ â†’ 6ä»¶æ›´æ–°
  [çµç¶æ¹–] 12R 6é¸æ‰‹ â†’ 6ä»¶æ›´æ–°
  [é³´é–€] 1R 6é¸æ‰‹ â†’ 6ä»¶æ›´æ–°
  [é³´é–€] 2R 6é¸æ‰‹ â†’ 6ä»¶æ›´æ–°
  [é³´é–€] 3R 6é¸æ‰‹ â†’ 6ä»¶æ›´æ–°
  [é³´é–€] 4R 6é¸æ‰‹ â†’ 6ä»¶æ›´æ–°
  [é³´é–€] 5R 6é¸æ‰‹ â†’ 6ä»¶æ›´æ–°
  [é³´é–€] 6R 6é¸æ‰‹ â†’ 6ä»¶æ›´æ–°
  [é³´é–€] 7R 6é¸æ‰‹ â†’ 6ä»¶æ›´æ–°
  [é³´é–€] 8R 6é¸æ‰‹ â†’ 6ä»¶æ›´æ–°
  [é³´é–€] 9R 6é¸æ‰‹ â†’ 6ä»¶æ›´æ–°
  [é³´é–€] 10R 6é¸æ‰‹ â†’ 6ä»¶æ›´æ–°
  [é³´é–€] 11R 6é¸æ‰‹ â†’ 6ä»¶æ›´æ–°
  [é³´é–€] 12R 6é¸æ‰‹ â†’ 6ä»¶æ›´æ–°
  [ä¸¸äº€] 1R 6é¸æ‰‹ â†’ 6ä»¶æ›´æ–°
  [ä¸¸äº€] 2R 6é¸æ‰‹ â†’ 6ä»¶æ›´æ–°
  [ä¸¸äº€] 3R 6é¸æ‰‹ â†’ 6ä»¶æ›´æ–°
  [ä¸¸äº€] 4R 6é¸æ‰‹ â†’ 6ä»¶æ›´æ–°
  [ä¸¸äº€] 5R 6é¸æ‰‹ â†’ 6ä»¶æ›´æ–°
  [ä¸¸äº€] 6R 6é¸æ‰‹ â†’ 6ä»¶æ›´æ–°
  [ä¸¸äº€] 7R 6é¸æ‰‹ â†’ 6ä»¶æ›´æ–°
  [ä¸¸äº€] 8R 6é¸æ‰‹ â†’ 6ä»¶æ›´æ–°
  [ä¸¸äº€] 9R 6é¸æ‰‹ â†’ 6ä»¶æ›´æ–°
  [ä¸¸äº€] 10R 6é¸æ‰‹ â†’ 6ä»¶æ›´æ–°
  [ä¸¸äº€] 11R 6é¸æ‰‹ â†’ 6ä»¶æ›´æ–°
  [ä¸¸äº€] 12R 6é¸æ‰‹ â†’ 6ä»¶æ›´æ–°
  [å…å³¶] 1R 6é¸æ‰‹ â†’ 6ä»¶æ›´æ–°
  [å…å³¶] 2R 6é¸æ‰‹ â†’ 6ä»¶æ›´æ–°
  [å…å³¶] 3R 6é¸æ‰‹ â†’ 6ä»¶æ›´æ–°
  [å…å³¶] 4R 6é¸æ‰‹ â†’ 6ä»¶æ›´æ–°
  [å…å³¶] 5R 6é¸æ‰‹ â†’ 6ä»¶æ›´æ–°
  [å…å³¶] 6R 6é¸æ‰‹ â†’ 6ä»¶æ›´æ–°
  [å…å³¶] 7R 6é¸æ‰‹ â†’ 6ä»¶æ›´æ–°
  [å…å³¶] 8R 6é¸æ‰‹ â†’ 6ä»¶æ›´æ–°
  [å…å³¶] 9R 6é¸æ‰‹ â†’ 6ä»¶æ›´æ–°
  [å…å³¶] 10R 6é¸æ‰‹ â†’ 6ä»¶æ›´æ–°
  [å…å³¶] 11R 6é¸æ‰‹ â†’ 6ä»¶æ›´æ–°
  [å…å³¶] 12R 6é¸æ‰‹ â†’ 6ä»¶æ›´æ–°
  [ä¸‹é–¢] 1R 6é¸æ‰‹ â†’ 6ä»¶æ›´æ–°
  [ä¸‹é–¢] 2R 6é¸æ‰‹ â†’ 6ä»¶æ›´æ–°
  [ä¸‹é–¢] 3R 6é¸æ‰‹ â†’ 6ä»¶æ›´æ–°
  [ä¸‹é–¢] 4R 6é¸æ‰‹ â†’ 6ä»¶æ›´æ–°
  [ä¸‹é–¢] 5R 6é¸æ‰‹ â†’ 6ä»¶æ›´æ–°
  [ä¸‹é–¢] 6R 6é¸æ‰‹ â†’ 6ä»¶æ›´æ–°
  [ä¸‹é–¢] 7R 6é¸æ‰‹ â†’ 6ä»¶æ›´æ–°
  [ä¸‹é–¢] 8R 6é¸æ‰‹ â†’ 6ä»¶æ›´æ–°
  [ä¸‹é–¢] 9R 6é¸æ‰‹ â†’ 6ä»¶æ›´æ–°
  [ä¸‹é–¢] 10R 6é¸æ‰‹ â†’ 6ä»¶æ›´æ–°
  [ä¸‹é–¢] 11R 6é¸æ‰‹ â†’ 6ä»¶æ›´æ–°
  [ä¸‹é–¢] 12R 6é¸æ‰‹ â†’ 6ä»¶æ›´æ–°
  [è‹¥æ¾] 1R 6é¸æ‰‹ â†’ 6ä»¶æ›´æ–°
  [è‹¥æ¾] 2R 6é¸æ‰‹ â†’ 6ä»¶æ›´æ–°
  [è‹¥æ¾] 3R 6é¸æ‰‹ â†’ 6ä»¶æ›´æ–°
  [è‹¥æ¾] 4R 6é¸æ‰‹ â†’ 6ä»¶æ›´æ–°
  [è‹¥æ¾] 5R 6é¸æ‰‹ â†’ 6ä»¶æ›´æ–°
  [è‹¥æ¾] 6R 6é¸æ‰‹ â†’ 6ä»¶æ›´æ–°
  [è‹¥æ¾] 7R 6é¸æ‰‹ â†’ 6ä»¶æ›´æ–°
  [è‹¥æ¾] 8R [æŽ¥ç¶šã‚¨ãƒ©ãƒ¼ #1] HTTPSConnectionPool(host='www.boatrace.jp', port=443): Max retries exceeded with
  [è‹¥æ¾] 9R 6é¸æ‰‹ â†’ 6ä»¶æ›´æ–°
  [è‹¥æ¾] 10R 6é¸æ‰‹ â†’ 6ä»¶æ›´æ–°
  [è‹¥æ¾] 11R 6é¸æ‰‹ â†’ 6ä»¶æ›´æ–°
  [è‹¥æ¾] 12R 6é¸æ‰‹ â†’ 6ä»¶æ›´æ–°
  [ç¦å²¡] 1R 6é¸æ‰‹ â†’ 6ä»¶æ›´æ–°
  [ç¦å²¡] 2R 6é¸æ‰‹ â†’ 6ä»¶æ›´æ–°
  [ç¦å²¡] 3R 6é¸æ‰‹ â†’ 6ä»¶æ›´æ–°
  [ç¦å²¡] 4R 6é¸æ‰‹ â†’ 6ä»¶æ›´æ–°
  [ç¦å²¡] 5R 6é¸æ‰‹ â†’ 6ä»¶æ›´æ–°
  [ç¦å²¡] 6R 6é¸æ‰‹ â†’ 6ä»¶æ›´æ–°
  [ç¦å²¡] 7R 6é¸æ‰‹ â†’ 6ä»¶æ›´æ–°
  [ç¦å²¡] 8R 6é¸æ‰‹ â†’ 6ä»¶æ›´æ–°
  [ç¦å²¡] 9R 6é¸æ‰‹ â†’ 6ä»¶æ›´æ–°
  [ç¦å²¡] 10R 6é¸æ‰‹ â†’ 6ä»¶æ›´æ–°
  [ç¦å²¡] 11R 6é¸æ‰‹ â†’ 6ä»¶æ›´æ–°
  [ç¦å²¡] 12R 6é¸æ‰‹ â†’ 6ä»¶æ›´æ–°
  [å”æ´¥] 1R 6é¸æ‰‹ â†’ 6ä»¶æ›´æ–°
  [å”æ´¥] 2R 6é¸æ‰‹ â†’ 6ä»¶æ›´æ–°
  [å”æ´¥] 3R 6é¸æ‰‹ â†’ 6ä»¶æ›´æ–°
  [å”æ´¥] 4R 6é¸æ‰‹ â†’ 6ä»¶æ›´æ–°
  [å”æ´¥] 5R 6é¸æ‰‹ â†’ 6ä»¶æ›´æ–°
  [å”æ´¥] 6R 6é¸æ‰‹ â†’ 6ä»¶æ›´æ–°
  [å”æ´¥] 7R 6é¸æ‰‹ â†’ 6ä»¶æ›´æ–°
  [å”æ´¥] 8R 6é¸æ‰‹ â†’ 6ä»¶æ›´æ–°
  [å”æ´¥] 9R 6é¸æ‰‹ â†’ 6ä»¶æ›´æ–°
  [å”æ´¥] 10R 6é¸æ‰‹ â†’ 6ä»¶æ›´æ–°
  [å”æ´¥] 11R 6é¸æ‰‹ â†’ 6ä»¶æ›´æ–°
  [å”æ´¥] 12R 6é¸æ‰‹ â†’ 6ä»¶æ›´æ–°
  [2026-07-12] å°è¨ˆ: æ›´æ–°1146ä»¶ / ãƒ‡ãƒ¼ã‚¿ãªã—0ä»¶

  [ä¼‘æ†©] 124ç§’ å¾…æ©Ÿä¸­...

[2026-07-13] é–‹å‚¬ä¼šå ´ãƒã‚§ãƒƒã‚¯ä¸­...
  â†’ 13ä¼šå ´ (æ±Ÿæˆ¸å·, å¹³å’Œå³¶, å¤šæ‘©å·, æµœåæ¹–, è’²éƒ¡, æ´¥, å°¼å´Ž, é³´é–€, ä¸¸äº€, å…å³¶, ä¸‹é–¢, ç¦å²¡, å”æ´¥)
  [æ±Ÿæˆ¸å·] 1R 6é¸æ‰‹ â†’ 6ä»¶æ›´æ–°
  [æ±Ÿæˆ¸å·] 2R 6é¸æ‰‹ â†’ 6ä»¶æ›´æ–°
  [æ±Ÿæˆ¸å·] 3R 6é¸æ‰‹ â†’ 6ä»¶æ›´æ–°
  [æ±Ÿæˆ¸å·] 4R 6é¸æ‰‹ â†’ 6ä»¶æ›´æ–°
  [æ±Ÿæˆ¸å·] 5R 6é¸æ‰‹ â†’ 6ä»¶æ›´æ–°
  [æ±Ÿæˆ¸å·] 6R 6é¸æ‰‹ â†’ 6ä»¶æ›´æ–°
  [æ±Ÿæˆ¸å·] 7R 6é¸æ‰‹ â†’ 6ä»¶æ›´æ–°
  [æ±Ÿæˆ¸å·] 8R 6é¸æ‰‹ â†’ 6ä»¶æ›´æ–°
  [æ±Ÿæˆ¸å·] 9R 6é¸æ‰‹ â†’ 6ä»¶æ›´æ–°
  [æ±Ÿæˆ¸å·] 10R 6é¸æ‰‹ â†’ 6ä»¶æ›´æ–°
  [æ±Ÿæˆ¸å·] 11R 6é¸æ‰‹ â†’ 6ä»¶æ›´æ–°
  [æ±Ÿæˆ¸å·] 12R 6é¸æ‰‹ â†’ 6ä»¶æ›´æ–°
  [å¹³å’Œå³¶] 1R 6é¸æ‰‹ â†’ 6ä»¶æ›´æ–°
  [å¹³å’Œå³¶] 2R 6é¸æ‰‹ â†’ 6ä»¶æ›´æ–°
  [å¹³å’Œå³¶] 3R 6é¸æ‰‹ â†’ 6ä»¶æ›´æ–°
  [å¹³å’Œå³¶] 4R 6é¸æ‰‹ â†’ 6ä»¶æ›´æ–°
  [å¹³å’Œå³¶] 5R 6é¸æ‰‹ â†’ 6ä»¶æ›´æ–°
  [å¹³å’Œå³¶] 6R 6é¸æ‰‹ â†’ 6ä»¶æ›´æ–°
  [å¹³å’Œå³¶] 7R 6é¸æ‰‹ â†’ 6ä»¶æ›´æ–°
  [å¹³å’Œå³¶] 8R 6é¸æ‰‹ â†’ 6ä»¶æ›´æ–°
  [å¹³å’Œå³¶] 9R 6é¸æ‰‹ â†’ 6ä»¶æ›´æ–°
  [å¹³å’Œå³¶] 10R 6é¸æ‰‹ â†’ 6ä»¶æ›´æ–°
  [å¹³å’Œå³¶] 11R 6é¸æ‰‹ â†’ 6ä»¶æ›´æ–°
  [å¹³å’Œå³¶] 12R 6é¸æ‰‹ â†’ 6ä»¶æ›´æ–°
  [å¤šæ‘©å·] 1R 6é¸æ‰‹ â†’ 6ä»¶æ›´æ–°
  [å¤šæ‘©å·] 2R 6é¸æ‰‹ â†’ 6ä»¶æ›´æ–°
  [å¤šæ‘©å·] 3R 6é¸æ‰‹ â†’ 6ä»¶æ›´æ–°
  [å¤šæ‘©å·] 4R 6é¸æ‰‹ â†’ 6ä»¶æ›´æ–°
  [å¤šæ‘©å·] 5R 6é¸æ‰‹ â†’ 6ä»¶æ›´æ–°
  [å¤šæ‘©å·] 6R 6é¸æ‰‹ â†’ 6ä»¶æ›´æ–°
  [å¤šæ‘©å·] 7R 6é¸æ‰‹ â†’ 6ä»¶æ›´æ–°
  [å¤šæ‘©å·] 8R 6é¸æ‰‹ â†’ 6ä»¶æ›´æ–°
  [å¤šæ‘©å·] 9R 6é¸æ‰‹ â†’ 6ä»¶æ›´æ–°
  [å¤šæ‘©å·] 10R 6é¸æ‰‹ â†’ 6ä»¶æ›´æ–°
  [å¤šæ‘©å·] 11R 6é¸æ‰‹ â†’ 6ä»¶æ›´æ–°
  [å¤šæ‘©å·] 12R 6é¸æ‰‹ â†’ 6ä»¶æ›´æ–°
  [æµœåæ¹–] 1R 6é¸æ‰‹ â†’ 6ä»¶æ›´æ–°
  [æµœåæ¹–] 2R 6é¸æ‰‹ â†’ 6ä»¶æ›´æ–°
  [æµœåæ¹–] 3R 6é¸æ‰‹ â†’ 6ä»¶æ›´æ–°
  [æµœåæ¹–] 4R 6é¸æ‰‹ â†’ 6ä»¶æ›´æ–°
  [æµœåæ¹–] 5R 6é¸æ‰‹ â†’ 6ä»¶æ›´æ–°
  [æµœåæ¹–] 6R 6é¸æ‰‹ â†’ 6ä»¶æ›´æ–°
  [æµœåæ¹–] 7R 6é¸æ‰‹ â†’ 6ä»¶æ›´æ–°
  [æµœåæ¹–] 8R 6é¸æ‰‹ â†’ 6ä»¶æ›´æ–°
  [æµœåæ¹–] 9R 6é¸æ‰‹ â†’ 6ä»¶æ›´æ–°
  [æµœåæ¹–] 10R 6é¸æ‰‹ â†’ 6ä»¶æ›´æ–°
  [æµœåæ¹–] 11R 6é¸æ‰‹ â†’ 6ä»¶æ›´æ–°
  [æµœåæ¹–] 12R 6é¸æ‰‹ â†’ 6ä»¶æ›´æ–°
  [è’²éƒ¡] 1R 6é¸æ‰‹ â†’ 6ä»¶æ›´æ–°
  [è’²éƒ¡] 2R 6é¸æ‰‹ â†’ 6ä»¶æ›´æ–°
  [è’²éƒ¡] 3R 6é¸æ‰‹ â†’ 6ä»¶æ›´æ–°
  [è’²éƒ¡] 4R 6é¸æ‰‹ â†’ 6ä»¶æ›´æ–°
  [è’²éƒ¡] 5R 6é¸æ‰‹ â†’ 6ä»¶æ›´æ–°
  [è’²éƒ¡] 6R 6é¸æ‰‹ â†’ 6ä»¶æ›´æ–°
  [è’²éƒ¡] 7R 6é¸æ‰‹ â†’ 6ä»¶æ›´æ–°
  [è’²éƒ¡] 8R 6é¸æ‰‹ â†’ 6ä»¶æ›´æ–°
  [è’²éƒ¡] 9R 6é¸æ‰‹ â†’ 6ä»¶æ›´æ–°
  [è’²éƒ¡] 10R 6é¸æ‰‹ â†’ 6ä»¶æ›´æ–°
  [è’²éƒ¡] 11R 6é¸æ‰‹ â†’ 6ä»¶æ›´æ–°
  [è’²éƒ¡] 12R 6é¸æ‰‹ â†’ 6ä»¶æ›´æ–°
  [æ´¥] 1R 6é¸æ‰‹ â†’ 6ä»¶æ›´æ–°
  [æ´¥] 2R 6é¸æ‰‹ â†’ 6ä»¶æ›´æ–°
  [æ´¥] 3R 6é¸æ‰‹ â†’ 6ä»¶æ›´æ–°
  [æ´¥] 4R 6é¸æ‰‹ â†’ 6ä»¶æ›´æ–°
  [æ´¥] 5R 6é¸æ‰‹ â†’ 6ä»¶æ›´æ–°
  [æ´¥] 6R 6é¸æ‰‹ â†’ 6ä»¶æ›´æ–°
  [æ´¥] 7R 6é¸æ‰‹ â†’ 6ä»¶æ›´æ–°
  [æ´¥] 8R 6é¸æ‰‹ â†’ 6ä»¶æ›´æ–°
  [æ´¥] 9R 6é¸æ‰‹ â†’ 6ä»¶æ›´æ–°
  [æ´¥] 10R 6é¸æ‰‹ â†’ 6ä»¶æ›´æ–°
  [æ´¥] 11R 6é¸æ‰‹ â†’ 6ä»¶æ›´æ–°
  [æ´¥] 12R 6é¸æ‰‹ â†’ 6ä»¶æ›´æ–°
  [å°¼å´Ž] 1R 6é¸æ‰‹ â†’ 6ä»¶æ›´æ–°
  [å°¼å´Ž] 2R 6é¸æ‰‹ â†’ 6ä»¶æ›´æ–°
  [å°¼å´Ž] 3R 6é¸æ‰‹ â†’ 6ä»¶æ›´æ–°
  [å°¼å´Ž] 4R 6é¸æ‰‹ â†’ 6ä»¶æ›´æ–°
  [å°¼å´Ž] 5R 6é¸æ‰‹ â†’ 6ä»¶æ›´æ–°
  [å°¼å´Ž] 6R 6é¸æ‰‹ â†’ 6ä»¶æ›´æ–°
  [å°¼å´Ž] 7R 6é¸æ‰‹ â†’ 6ä»¶æ›´æ–°
  [å°¼å´Ž] 8R 6é¸æ‰‹ â†’ 6ä»¶æ›´æ–°
  [å°¼å´Ž] 9R 6é¸æ‰‹ â†’ 6ä»¶æ›´æ–°
  [å°¼å´Ž] 10R 6é¸æ‰‹ â†’ 6ä»¶æ›´æ–°
  [å°¼å´Ž] 11R 6é¸æ‰‹ â†’ 6ä»¶æ›´æ–°
  [å°¼å´Ž] 12R 6é¸æ‰‹ â†’ 6ä»¶æ›´æ–°
  [é³´é–€] 1R 6é¸æ‰‹ â†’ 6ä»¶æ›´æ–°
  [é³´é–€] 2R 6é¸æ‰‹ â†’ 6ä»¶æ›´æ–°
  [é³´é–€] 3R 6é¸æ‰‹ â†’ 6ä»¶æ›´æ–°
  [é³´é–€] 4R 6é¸æ‰‹ â†’ 6ä»¶æ›´æ–°
  [é³´é–€] 5R 6é¸æ‰‹ â†’ 6ä»¶æ›´æ–°
  [é³´é–€] 6R 6é¸æ‰‹ â†’ 6ä»¶æ›´æ–°
  [é³´é–€] 7R 6é¸æ‰‹ â†’ 6ä»¶æ›´æ–°
  [é³´é–€] 8R 6é¸æ‰‹ â†’ 6ä»¶æ›´æ–°
  [é³´é–€] 9R 6é¸æ‰‹ â†’ 6ä»¶æ›´æ–°
  [é³´é–€] 10R 6é¸æ‰‹ â†’ 6ä»¶æ›´æ–°
  [é³´é–€] 11R 6é¸æ‰‹ â†’ 6ä»¶æ›´æ–°
  [é³´é–€] 12R 6é¸æ‰‹ â†’ 6ä»¶æ›´æ–°
  [ä¸¸äº€] 1R 6é¸æ‰‹ â†’ 6ä»¶æ›´æ–°
  [ä¸¸äº€] 2R 6é¸æ‰‹ â†’ 6ä»¶æ›´æ–°
  [ä¸¸äº€] 3R 6é¸æ‰‹ â†’ 6ä»¶æ›´æ–°
  [ä¸¸äº€] 4R 6é¸æ‰‹ â†’ 6ä»¶æ›´æ–°
  [ä¸¸äº€] 5R 6é¸æ‰‹ â†’ 6ä»¶æ›´æ–°
  [ä¸¸äº€] 6R 6é¸æ‰‹ â†’ 6ä»¶æ›´æ–°
  [ä¸¸äº€] 7R 6é¸æ‰‹ â†’ 6ä»¶æ›´æ–°
  [ä¸¸äº€] 8R 6é¸æ‰‹ â†’ 6ä»¶æ›´æ–°
  [ä¸¸äº€] 9R 6é¸æ‰‹ â†’ 6ä»¶æ›´æ–°
  [ä¸¸äº€] 10R 6é¸æ‰‹ â†’ 6ä»¶æ›´æ–°
  [ä¸¸äº€] 11R 6é¸æ‰‹ â†’ 6ä»¶æ›´æ–°
  [ä¸¸äº€] 12R 6é¸æ‰‹ â†’ 6ä»¶æ›´æ–°
  [å…å³¶] 1R 6é¸æ‰‹ â†’ 6ä»¶æ›´æ–°
  [å…å³¶] 2R 6é¸æ‰‹ â†’ 6ä»¶æ›´æ–°
  [å…å³¶] 3R 6é¸æ‰‹ â†’ 6ä»¶æ›´æ–°
  [å…å³¶] 4R 6é¸æ‰‹ â†’ 6ä»¶æ›´æ–°
  [å…å³¶] 5R 6é¸æ‰‹ â†’ 6ä»¶æ›´æ–°
  [å…å³¶] 6R 6é¸æ‰‹ â†’ 6ä»¶æ›´æ–°
  [å…å³¶] 7R 6é¸æ‰‹ â†’ 6ä»¶æ›´æ–°
  [å…å³¶] 8R 6é¸æ‰‹ â†’ 6ä»¶æ›´æ–°
  [å…å³¶] 9R 6é¸æ‰‹ â†’ 6ä»¶æ›´æ–°
  [å…å³¶] 10R 6é¸æ‰‹ â†’ 6ä»¶æ›´æ–°
  [å…å³¶] 11R 6é¸æ‰‹ â†’ 6ä»¶æ›´æ–°
  [å…å³¶] 12R 6é¸æ‰‹ â†’ 6ä»¶æ›´æ–°
  [ä¸‹é–¢] 1R 6é¸æ‰‹ â†’ 6ä»¶æ›´æ–°
  [ä¸‹é–¢] 2R 6é¸æ‰‹ â†’ 6ä»¶æ›´æ–°
  [ä¸‹é–¢] 3R 6é¸æ‰‹ â†’ 6ä»¶æ›´æ–°
  [ä¸‹é–¢] 4R 6é¸æ‰‹ â†’ 6ä»¶æ›´æ–°
  [ä¸‹é–¢] 5R 6é¸æ‰‹ â†’ 6ä»¶æ›´æ–°
  [ä¸‹é–¢] 6R 6é¸æ‰‹ â†’ 6ä»¶æ›´æ–°
  [ä¸‹é–¢] 7R 6é¸æ‰‹ â†’ 6ä»¶æ›´æ–°
  [ä¸‹é–¢] 8R 6é¸æ‰‹ â†’ 6ä»¶æ›´æ–°
  [ä¸‹é–¢] 9R 6é¸æ‰‹ â†’ 6ä»¶æ›´æ–°
  [ä¸‹é–¢] 10R 6é¸æ‰‹ â†’ 6ä»¶æ›´æ–°
  [ä¸‹é–¢] 11R 6é¸æ‰‹ â†’ 6ä»¶æ›´æ–°
  [ä¸‹é–¢] 12R 6é¸æ‰‹ â†’ 6ä»¶æ›´æ–°
  [ç¦å²¡] 1R 6é¸æ‰‹ â†’ 6ä»¶æ›´æ–°
  [ç¦å²¡] 2R 6é¸æ‰‹ â†’ 6ä»¶æ›´æ–°
  [ç¦å²¡] 3R 6é¸æ‰‹ â†’ 6ä»¶æ›´æ–°
  [ç¦å²¡] 4R 6é¸æ‰‹ â†’ 6ä»¶æ›´æ–°
  [ç¦å²¡] 5R 6é¸æ‰‹ â†’ 6ä»¶æ›´æ–°
  [ç¦å²¡] 6R 6é¸æ‰‹ â†’ 6ä»¶æ›´æ–°
  [ç¦å²¡] 7R 6é¸æ‰‹ â†’ 6ä»¶æ›´æ–°
  [ç¦å²¡] 8R 6é¸æ‰‹ â†’ 6ä»¶æ›´æ–°
  [ç¦å²¡] 9R 6é¸æ‰‹ â†’ 6ä»¶æ›´æ–°
  [ç¦å²¡] 10R 6é¸æ‰‹ â†’ 6ä»¶æ›´æ–°
  [ç¦å²¡] 11R 6é¸æ‰‹ â†’ 6ä»¶æ›´æ–°
  [ç¦å²¡] 12R 6é¸æ‰‹ â†’ 6ä»¶æ›´æ–°
  [å”æ´¥] 1R 6é¸æ‰‹ â†’ 6ä»¶æ›´æ–°
  [å”æ´¥] 2R 6é¸æ‰‹ â†’ 6ä»¶æ›´æ–°
  [å”æ´¥] 3R 6é¸æ‰‹ â†’ 6ä»¶æ›´æ–°
  [å”æ´¥] 4R 6é¸æ‰‹ â†’ 6ä»¶æ›´æ–°
  [å”æ´¥] 5R 6é¸æ‰‹ â†’ 6ä»¶æ›´æ–°
  [å”æ´¥] 6R 6é¸æ‰‹ â†’ 6ä»¶æ›´æ–°
  [å”æ´¥] 7R 6é¸æ‰‹ â†’ 6ä»¶æ›´æ–°
  [å”æ´¥] 8R 6é¸æ‰‹ â†’ 6ä»¶æ›´æ–°
  [å”æ´¥] 9R 6é¸æ‰‹ â†’ 6ä»¶æ›´æ–°
  [å”æ´¥] 10R 6é¸æ‰‹ â†’ 6ä»¶æ›´æ–°
  [å”æ´¥] 11R 6é¸æ‰‹ â†’ 6ä»¶æ›´æ–°
  [å”æ´¥] 12R 6é¸æ‰‹ â†’ 6ä»¶æ›´æ–°
  [2026-07-13] å°è¨ˆ: æ›´æ–°936ä»¶ / ãƒ‡ãƒ¼ã‚¿ãªã—0ä»¶

  [ä¼‘æ†©] 106ç§’ å¾…æ©Ÿä¸­...

[2026-07-14] é–‹å‚¬ä¼šå ´ãƒã‚§ãƒƒã‚¯ä¸­...
  â†’ 13ä¼šå ´ (æ¡ç”Ÿ, æ±Ÿæˆ¸å·, å¹³å’Œå³¶, å¤šæ‘©å·, æµœåæ¹–, è’²éƒ¡, æ´¥, å°¼å´Ž, ä¸¸äº€, èŠ¦å±‹, ç¦å²¡, å”æ´¥, å¤§æ‘)
  [æ¡ç”Ÿ] 1R 6é¸æ‰‹ â†’ 6ä»¶æ›´æ–°
  [æ¡ç”Ÿ] 2R 6é¸æ‰‹ â†’ 6ä»¶æ›´æ–°
  [æ¡ç”Ÿ] 3R 6é¸æ‰‹ â†’ 6ä»¶æ›´æ–°
  [æ¡ç”Ÿ] 4R 6é¸æ‰‹ â†’ 6ä»¶æ›´æ–°
  [æ¡ç”Ÿ] 5R 6é¸æ‰‹ â†’ 6ä»¶æ›´æ–°
  [æ¡ç”Ÿ] 6R 6é¸æ‰‹ â†’ 6ä»¶æ›´æ–°
  [æ¡ç”Ÿ] 7R 6é¸æ‰‹ â†’ 6ä»¶æ›´æ–°
  [æ¡ç”Ÿ] 8R 6é¸æ‰‹ â†’ 6ä»¶æ›´æ–°
  [æ¡ç”Ÿ] 9R 6é¸æ‰‹ â†’ 6ä»¶æ›´æ–°
  [æ¡ç”Ÿ] 10R 6é¸æ‰‹ â†’ 6ä»¶æ›´æ–°
  [æ¡ç”Ÿ] 11R 6é¸æ‰‹ â†’ 6ä»¶æ›´æ–°
  [æ¡ç”Ÿ] 12R 6é¸æ‰‹ â†’ 6ä»¶æ›´æ–°
  [æ±Ÿæˆ¸å·] 1R 6é¸æ‰‹ â†’ 6ä»¶æ›´æ–°
  [æ±Ÿæˆ¸å·] 2R 6é¸æ‰‹ â†’ 6ä»¶æ›´æ–°
  [æ±Ÿæˆ¸å·] 3R 6é¸æ‰‹ â†’ 6ä»¶æ›´æ–°
  [æ±Ÿæˆ¸å·] 4R 6é¸æ‰‹ â†’ 6ä»¶æ›´æ–°
  [æ±Ÿæˆ¸å·] 5R 6é¸æ‰‹ â†’ 6ä»¶æ›´æ–°
  [æ±Ÿæˆ¸å·] 6R 6é¸æ‰‹ â†’ 6ä»¶æ›´æ–°
  [æ±Ÿæˆ¸å·] 7R 6é¸æ‰‹ â†’ 6ä»¶æ›´æ–°
  [æ±Ÿæˆ¸å·] 8R 6é¸æ‰‹ â†’ 6ä»¶æ›´æ–°
  [æ±Ÿæˆ¸å·] 9R 6é¸æ‰‹ â†’ 6ä»¶æ›´æ–°
  [æ±Ÿæˆ¸å·] 10R 6é¸æ‰‹ â†’ 6ä»¶æ›´æ–°
  [æ±Ÿæˆ¸å·] 11R 6é¸æ‰‹ â†’ 6ä»¶æ›´æ–°
  [æ±Ÿæˆ¸å·] 12R 6é¸æ‰‹ â†’ 6ä»¶æ›´æ–°
  [å¹³å’Œå³¶] 1R 6é¸æ‰‹ â†’ 6ä»¶æ›´æ–°
  [å¹³å’Œå³¶] 2R 6é¸æ‰‹ â†’ 6ä»¶æ›´æ–°
  [å¹³å’Œå³¶] 3R 6é¸æ‰‹ â†’ 6ä»¶æ›´æ–°
  [å¹³å’Œå³¶] 4R 6é¸æ‰‹ â†’ 6ä»¶æ›´æ–°
  [å¹³å’Œå³¶] 5R 6é¸æ‰‹ â†’ 6ä»¶æ›´æ–°
  [å¹³å’Œå³¶] 6R 6é¸æ‰‹ â†’ 6ä»¶æ›´æ–°
  [å¹³å’Œå³¶] 7R 6é¸æ‰‹ â†’ 6ä»¶æ›´æ–°
  [å¹³å’Œå³¶] 8R 6é¸æ‰‹ â†’ 6ä»¶æ›´æ–°
  [å¹³å’Œå³¶] 9R 6é¸æ‰‹ â†’ 6ä»¶æ›´æ–°
  [å¹³å’Œå³¶] 10R 6é¸æ‰‹ â†’ 6ä»¶æ›´æ–°
  [å¹³å’Œå³¶] 11R 6é¸æ‰‹ â†’ 6ä»¶æ›´æ–°
  [å¹³å’Œå³¶] 12R 6é¸æ‰‹ â†’ 6ä»¶æ›´æ–°
  [å¤šæ‘©å·] 1R 6é¸æ‰‹ â†’ 6ä»¶æ›´æ–°
  [å¤šæ‘©å·] 2R 6é¸æ‰‹ â†’ 6ä»¶æ›´æ–°
  [å¤šæ‘©å·] 3R 6é¸æ‰‹ â†’ 6ä»¶æ›´æ–°
  [å¤šæ‘©å·] 4R 6é¸æ‰‹ â†’ 6ä»¶æ›´æ–°
  [å¤šæ‘©å·] 5R 6é¸æ‰‹ â†’ 6ä»¶æ›´æ–°
  [å¤šæ‘©å·] 6R 6é¸æ‰‹ â†’ 6ä»¶æ›´æ–°
  [å¤šæ‘©å·] 7R 6é¸æ‰‹ â†’ 6ä»¶æ›´æ–°
  [å¤šæ‘©å·] 8R 6é¸æ‰‹ â†’ 6ä»¶æ›´æ–°
  [å¤šæ‘©å·] 9R 6é¸æ‰‹ â†’ 6ä»¶æ›´æ–°
  [å¤šæ‘©å·] 10R 6é¸æ‰‹ â†’ 6ä»¶æ›´æ–°
  [å¤šæ‘©å·] 11R 6é¸æ‰‹ â†’ 6ä»¶æ›´æ–°
  [å¤šæ‘©å·] 12R 6é¸æ‰‹ â†’ 6ä»¶æ›´æ–°
  [æµœåæ¹–] 1R 6é¸æ‰‹ â†’ 6ä»¶æ›´æ–°
  [æµœåæ¹–] 2R 6é¸æ‰‹ â†’ 6ä»¶æ›´æ–°
  [æµœåæ¹–] 3R 6é¸æ‰‹ â†’ 6ä»¶æ›´æ–°
  [æµœåæ¹–] 4R 6é¸æ‰‹ â†’ 6ä»¶æ›´æ–°
  [æµœåæ¹–] 5R 6é¸æ‰‹ â†’ 6ä»¶æ›´æ–°
  [æµœåæ¹–] 6R 6é¸æ‰‹ â†’ 6ä»¶æ›´æ–°
  [æµœåæ¹–] 7R 6é¸æ‰‹ â†’ 6ä»¶æ›´æ–°
  [æµœåæ¹–] 8R 6é¸æ‰‹ â†’ 6ä»¶æ›´æ–°
  [æµœåæ¹–] 9R 6é¸æ‰‹ â†’ 6ä»¶æ›´æ–°
  [æµœåæ¹–] 10R 6é¸æ‰‹ â†’ 6ä»¶æ›´æ–°
  [æµœåæ¹–] 11R 6é¸æ‰‹ â†’ 6ä»¶æ›´æ–°
  [æµœåæ¹–] 12R 6é¸æ‰‹ â†’ 6ä»¶æ›´æ–°
  [è’²éƒ¡] 1R 6é¸æ‰‹ â†’ 6ä»¶æ›´æ–°
  [è’²éƒ¡] 2R 6é¸æ‰‹ â†’ 6ä»¶æ›´æ–°
  [è’²éƒ¡] 3R 6é¸æ‰‹ â†’ 6ä»¶æ›´æ–°
  [è’²éƒ¡] 4R 6é¸æ‰‹ â†’ 6ä»¶æ›´æ–°
  [è’²éƒ¡] 5R 6é¸æ‰‹ â†’ 6ä»¶æ›´æ–°
  [è’²éƒ¡] 6R 6é¸æ‰‹ â†’ 6ä»¶æ›´æ–°
  [è’²éƒ¡] 7R 6é¸æ‰‹ â†’ 6ä»¶æ›´æ–°
  [è’²éƒ¡] 8R 6é¸æ‰‹ â†’ 6ä»¶æ›´æ–°
  [è’²éƒ¡] 9R 6é¸æ‰‹ â†’ 6ä»¶æ›´æ–°
  [è’²éƒ¡] 10R 6é¸æ‰‹ â†’ 6ä»¶æ›´æ–°
  [è’²éƒ¡] 11R 6é¸æ‰‹ â†’ 6ä»¶æ›´æ–°
  [è’²éƒ¡] 12R 6é¸æ‰‹ â†’ 6ä»¶æ›´æ–°
  [æ´¥] 1R 6é¸æ‰‹ â†’ 6ä»¶æ›´æ–°
  [æ´¥] 2R 6é¸æ‰‹ â†’ 6ä»¶æ›´æ–°
  [æ´¥] 3R 6é¸æ‰‹ â†’ 6ä»¶æ›´æ–°
  [æ´¥] 4R 6é¸æ‰‹ â†’ 6ä»¶æ›´æ–°
  [æ´¥] 5R 6é¸æ‰‹ â†’ 6ä»¶æ›´æ–°
  [æ´¥] 6R 6é¸æ‰‹ â†’ 6ä»¶æ›´æ–°
  [æ´¥] 7R 6é¸æ‰‹ â†’ 6ä»¶æ›´æ–°
  [æ´¥] 8R 6é¸æ‰‹ â†’ 6ä»¶æ›´æ–°
  [æ´¥] 9R 6é¸æ‰‹ â†’ 6ä»¶æ›´æ–°
  [æ´¥] 10R 6é¸æ‰‹ â†’ 6ä»¶æ›´æ–°
  [æ´¥] 11R 6é¸æ‰‹ â†’ 6ä»¶æ›´æ–°
  [æ´¥] 12R 6é¸æ‰‹ â†’ 6ä»¶æ›´æ–°
  [å°¼å´Ž] 1R 6é¸æ‰‹ â†’ 6ä»¶æ›´æ–°
  [å°¼å´Ž] 2R 6é¸æ‰‹ â†’ 6ä»¶æ›´æ–°
  [å°¼å´Ž] 3R 6é¸æ‰‹ â†’ 6ä»¶æ›´æ–°
  [å°¼å´Ž] 4R 6é¸æ‰‹ â†’ 6ä»¶æ›´æ–°
  [å°¼å´Ž] 5R 6é¸æ‰‹ â†’ 6ä»¶æ›´æ–°
  [å°¼å´Ž] 6R 6é¸æ‰‹ â†’ 6ä»¶æ›´æ–°
  [å°¼å´Ž] 7R 6é¸æ‰‹ â†’ 6ä»¶æ›´æ–°
  [å°¼å´Ž] 8R 6é¸æ‰‹ â†’ 6ä»¶æ›´æ–°
  [å°¼å´Ž] 9R 6é¸æ‰‹ â†’ 6ä»¶æ›´æ–°
  [å°¼å´Ž] 10R 6é¸æ‰‹ â†’ 6ä»¶æ›´æ–°
  [å°¼å´Ž] 11R 6é¸æ‰‹ â†’ 6ä»¶æ›´æ–°
  [å°¼å´Ž] 12R 6é¸æ‰‹ â†’ 6ä»¶æ›´æ–°
  [ä¸¸äº€] 1R 6é¸æ‰‹ â†’ 6ä»¶æ›´æ–°
  [ä¸¸äº€] 2R 6é¸æ‰‹ â†’ 6ä»¶æ›´æ–°
  [ä¸¸äº€] 3R 6é¸æ‰‹ â†’ 6ä»¶æ›´æ–°
  [ä¸¸äº€] 4R 6é¸æ‰‹ â†’ 6ä»¶æ›´æ–°
  [ä¸¸äº€] 5R 6é¸æ‰‹ â†’ 6ä»¶æ›´æ–°
  [ä¸¸äº€] 6R 6é¸æ‰‹ â†’ 6ä»¶æ›´æ–°
  [ä¸¸äº€] 7R 6é¸æ‰‹ â†’ 6ä»¶æ›´æ–°
  [ä¸¸äº€] 8R 6é¸æ‰‹ â†’ 6ä»¶æ›´æ–°
  [ä¸¸äº€] 9R 6é¸æ‰‹ â†’ 6ä»¶æ›´æ–°
  [ä¸¸äº€] 10R 6é¸æ‰‹ â†’ 6ä»¶æ›´æ–°
  [ä¸¸äº€] 11R 6é¸æ‰‹ â†’ 6ä»¶æ›´æ–°
  [ä¸¸äº€] 12R 6é¸æ‰‹ â†’ 6ä»¶æ›´æ–°
  [èŠ¦å±‹] 1R 6é¸æ‰‹ â†’ 6ä»¶æ›´æ–°
  [èŠ¦å±‹] 2R 6é¸æ‰‹ â†’ 6ä»¶æ›´æ–°
  [èŠ¦å±‹] 3R 6é¸æ‰‹ â†’ 6ä»¶æ›´æ–°
  [èŠ¦å±‹] 4R 6é¸æ‰‹ â†’ 6ä»¶æ›´æ–°
  [èŠ¦å±‹] 5R 6é¸æ‰‹ â†’ 6ä»¶æ›´æ–°
  [èŠ¦å±‹] 6R 6é¸æ‰‹ â†’ 6ä»¶æ›´æ–°
  [èŠ¦å±‹] 7R 6é¸æ‰‹ â†’ 6ä»¶æ›´æ–°
  [èŠ¦å±‹] 8R 6é¸æ‰‹ â†’ 6ä»¶æ›´æ–°
  [èŠ¦å±‹] 9R 6é¸æ‰‹ â†’ 6ä»¶æ›´æ–°
  [èŠ¦å±‹] 10R 6é¸æ‰‹ â†’ 6ä»¶æ›´æ–°
  [èŠ¦å±‹] 11R 6é¸æ‰‹ â†’ 6ä»¶æ›´æ–°
  [èŠ¦å±‹] 12R 6é¸æ‰‹ â†’ 6ä»¶æ›´æ–°
  [ç¦å²¡] 1R 6é¸æ‰‹ â†’ 6ä»¶æ›´æ–°
  [ç¦å²¡] 2R 6é¸æ‰‹ â†’ 6ä»¶æ›´æ–°
  [ç¦å²¡] 3R 6é¸æ‰‹ â†’ 6ä»¶æ›´æ–°
  [ç¦å²¡] 4R 6é¸æ‰‹ â†’ 6ä»¶æ›´æ–°
  [ç¦å²¡] 5R 6é¸æ‰‹ â†’ 6ä»¶æ›´æ–°
  [ç¦å²¡] 6R 6é¸æ‰‹ â†’ 6ä»¶æ›´æ–°
  [ç¦å²¡] 7R 6é¸æ‰‹ â†’ 6ä»¶æ›´æ–°
  [ç¦å²¡] 8R 6é¸æ‰‹ â†’ 6ä»¶æ›´æ–°
  [ç¦å²¡] 9R 6é¸æ‰‹ â†’ 6ä»¶æ›´æ–°
  [ç¦å²¡] 10R 6é¸æ‰‹ â†’ 6ä»¶æ›´æ–°
  [ç¦å²¡] 11R 6é¸æ‰‹ â†’ 6ä»¶æ›´æ–°
  [ç¦å²¡] 12R 6é¸æ‰‹ â†’ 6ä»¶æ›´æ–°
  [å”æ´¥] 1R 6é¸æ‰‹ â†’ 6ä»¶æ›´æ–°
  [å”æ´¥] 2R 6é¸æ‰‹ â†’ 6ä»¶æ›´æ–°
  [å”æ´¥] 3R 6é¸æ‰‹ â†’ 6ä»¶æ›´æ–°
  [å”æ´¥] 4R 6é¸æ‰‹ â†’ 6ä»¶æ›´æ–°
  [å”æ´¥] 5R 6é¸æ‰‹ â†’ 6ä»¶æ›´æ–°
  [å”æ´¥] 6R 6é¸æ‰‹ â†’ 6ä»¶æ›´æ–°
  [å”æ´¥] 7R 6é¸æ‰‹ â†’ 6ä»¶æ›´æ–°
  [å”æ´¥] 8R 6é¸æ‰‹ â†’ 6ä»¶æ›´æ–°
  [å”æ´¥] 9R 6é¸æ‰‹ â†’ 6ä»¶æ›´æ–°
  [å”æ´¥] 10R 6é¸æ‰‹ â†’ 6ä»¶æ›´æ–°
  [å”æ´¥] 11R 6é¸æ‰‹ â†’ 6ä»¶æ›´æ–°
  [å”æ´¥] 12R 6é¸æ‰‹ â†’ 6ä»¶æ›´æ–°
  [å¤§æ‘] 1R 6é¸æ‰‹ â†’ 6ä»¶æ›´æ–°
  [å¤§æ‘] 2R 6é¸æ‰‹ â†’ 6ä»¶æ›´æ–°
  [å¤§æ‘] 3R 6é¸æ‰‹ â†’ 6ä»¶æ›´æ–°
  [å¤§æ‘] 4R 6é¸æ‰‹ â†’ 6ä»¶æ›´æ–°
  [å¤§æ‘] 5R 6é¸æ‰‹ â†’ 6ä»¶æ›´æ–°
  [å¤§æ‘] 6R 6é¸æ‰‹ â†’ 6ä»¶æ›´æ–°
  [å¤§æ‘] 7R 6é¸æ‰‹ â†’ 6ä»¶æ›´æ–°
  [å¤§æ‘] 8R 6é¸æ‰‹ â†’ 6ä»¶æ›´æ–°
  [å¤§æ‘] 9R 6é¸æ‰‹ â†’ 6ä»¶æ›´æ–°
  [å¤§æ‘] 10R 6é¸æ‰‹ â†’ 6ä»¶æ›´æ–°
  [å¤§æ‘] 11R 6é¸æ‰‹ â†’ 6ä»¶æ›´æ–°
  [å¤§æ‘] 12R 6é¸æ‰‹ â†’ 6ä»¶æ›´æ–°
  [2026-07-14] å°è¨ˆ: æ›´æ–°936ä»¶ / ãƒ‡ãƒ¼ã‚¿ãªã—0ä»¶

============================================================
ã€å®Œäº†ã€‘å…¨æ—¥ä»˜ã®å‡¦ç†ãŒå®Œäº†ã—ã¾ã—ãŸ
  entriesæ›´æ–°: 8340ä»¶
  ãƒ‡ãƒ¼ã‚¿ãªã—(beforeinfoæœªå…¬é–‹): 36ä»¶

ã€æ—¥åˆ¥çµæžœã€‘
æ—¥ä»˜             ä¼šå ´æ•°   entriesæ›´æ–°      ãƒ‡ãƒ¼ã‚¿ãªã—
------------------------------------------
2026-07-06      14         792         36
2026-07-07      12         864          0
2026-07-08      11         792          0
2026-07-09      12         864          0
2026-07-10      13         930          0
2026-07-11      15        1080          0
2026-07-12      16        1146          0
2026-07-13      13         936          0
2026-07-14      13         936          0

beforeinfo ãƒãƒƒã‚¯ãƒ•ã‚£ãƒ« å®Œäº†: 2026-07-31 00:47:25
============================================================
