race_id,date,venue,lane,player_id,global_win_rate,global_2rate,local_win_rate,local_2rate,local_race_cnt,grade_period,avg_st,course_rank1,course_count,course_rank2,recent10_avg_rank,recent10_win_rate,recent10_st_mean,recent10_count,exhibit_time_raw,exhibit_time_rel,start_timing,motor_2rate,motor_2rate_rel,wind_speed,wave_height,temperature,score_total_current,model_version,is_winner
142529,2026-09-09,桐生,1,3475,5.45,34.4,0.2439,0.4512,82,B1,0.19,42,79,59,3.3,0.3,0.182,10,6.86,0.9444,0.09,35.59,0.928,2,1,19,41.08,v2_lr,0
142529,2026-09-09,桐生,2,3305,4.17,26.1,0.0323,0.1613,31,B1,0.17,3,65,12,4.5,0.1,0.15,10,6.85,1,-0.01,33.33,0.7786,2,1,19,19.28,v2_lr,0
142529,2026-09-09,桐生,3,4380,4.59,26.6,0.1429,0.2143,14,B1,0.14,7,77,22,4.4,0.2,0.173,10,6.89,0.7778,-0.06,21.55,0,2,1,19,22.46,v2_lr,1
142529,2026-09-09,桐生,4,3319,5.55,36.4,0.1515,0.303,33,A2,0.17,7,71,21,3.5,0.3,0.174,10,7.03,0,-0.03,36.68,1,2,1,19,11.79,v2_lr,0
142529,2026-09-09,桐生,5,5107,4.79,32.2,0.1304,0.1304,23,B1,0.18,2,46,7,3.3,0.2,0.217,10,6.98,0.2778,0.11,27.54,0.3959,2,1,19,4.42,v2_lr,0
142529,2026-09-09,桐生,6,5430,1.61,2.9,0,0,12,B2,,0,69,0,5.2,0,0.126,10,6.98,0.2778,-0.01,27.65,0.4032,2,1,19,0.97,v2_lr,0
142530,2026-09-09,桐生,1,4181,4.11,19.5,0.0833,0.25,24,B1,0.18,20,48,30,3.5,0,0.174,10,6.91,0.4211,0.09,34.72,0.3956,2,1,23,21.55,v2_lr,0
142530,2026-09-09,桐生,2,3681,4.87,24,0.25,0.25,16,B1,0.13,10,50,25,3.7,0.2,0.124,10,6.84,0.7895,0.08,32.28,0.0095,2,1,23,30.88,v2_lr,0
142530,2026-09-09,桐生,3,4040,6.06,43.3,0.2778,0.4722,36,A2,0.14,20,88,42,3.1,0.2,0.131,10,6.99,0,0.13,32.43,0.0332,2,1,23,24.92,v2_lr,1
142530,2026-09-09,桐生,4,4025,6.63,51,0.2174,0.5217,46,A1,0.19,9,70,23,3,0.1,0.169,10,6.9,0.4737,0.06,32.22,0,2,1,23,15.33,v2_lr,0
142530,2026-09-09,桐生,5,5048,4.18,18.8,0.0625,0.0625,16,B1,0.17,4,60,12,3.7,0.2,0.159,10,6.82,0.8947,0.01,38.54,1,2,1,23,4.26,v2_lr,0
142530,2026-09-09,桐生,6,4557,4.18,18,0.1429,0.2857,14,B1,0.18,2,57,3,3.5,0,0.178,10,6.8,1,0.09,33.33,0.1756,2,1,23,3.06,v2_lr,0
142531,2026-09-09,桐生,1,3277,4.05,17.1,0.0833,0.2083,24,B1,0.19,23,62,32,3.7,0.1,0.138,10,6.86,0.7895,0.04,26.32,0.0627,2,1,23,21.78,v2_lr,0
142531,2026-09-09,桐生,2,5122,4.86,33.7,0.1739,0.3043,23,B1,0.16,5,38,14,4.2,0.1,0.206,10,7.01,0,0,29.05,0.2303,2,1,23,20.57,v2_lr,1
142531,2026-09-09,桐生,3,4232,5.43,35.5,0.1563,0.3125,32,B1,0.17,6,61,16,3,0.2,0.155,10,6.94,0.3684,-0.03,25.3,0,2,1,23,12.79,v2_lr,0
142531,2026-09-09,桐生,4,3874,6.03,43.3,0.25,0.5,16,A2,0.16,12,76,33,2.1,0.5,0.149,10,6.97,0.2105,0.09,41.58,1,2,1,23,16.07,v2_lr,0
142531,2026-09-09,桐生,5,4538,6.53,53.3,0.32,0.52,25,A1,0.18,16,56,21,4.2,0,0.181,10,6.9,0.5789,0.03,31.52,0.3821,2,1,23,12.07,v2_lr,0
142531,2026-09-09,桐生,6,4019,6.71,45.5,0.383,0.6809,47,A1,0.16,5,69,16,2.1,0.5,0.123,10,6.82,1,-0.1,38.13,0.7881,2,1,23,16.71,v2_lr,0
142532,2026-09-09,桐生,1,4531,6.12,39.3,0,0.5714,7,A2,0.18,65,88,81,2.8,0.1,0.142,10,6.83,0.75,0.14,25.2,0,4,3,23,19.45,v2_lr,0
142532,2026-09-09,桐生,2,4440,4.89,23.5,0.0323,0.1935,31,B1,0.16,4,70,15,4,0.1,0.17,10,6.94,0.2,0.18,34.36,0.3648,4,3,23,14.59,v2_lr,0
142532,2026-09-09,桐生,3,4118,5.94,42.2,0.25,0.5,36,A2,0.15,13,83,39,2.2,0.4,0.131,10,6.88,0.5,-0.03,50.31,1,4,3,23,31.31,v2_lr,1
142532,2026-09-09,桐生,4,4044,6.92,45,0.2059,0.4118,34,A1,0.13,16,82,36,3.2,0.2,0.15,10,6.98,0,-0.01,27.4,0.0876,4,3,23,13.71,v2_lr,0
142532,2026-09-09,桐生,5,4195,5.07,30.6,0.2,0.3333,15,B1,0.13,2,61,8,4,0.1,0.13,10,6.97,0.05,-0.03,26.17,0.0386,4,3,23,5.83,v2_lr,0
142532,2026-09-09,桐生,6,4342,6.21,44.6,0.36,0.64,25,A2,0.17,3,66,13,1.6,0.7,0.149,10,6.78,1,-0.01,36.09,0.4337,4,3,23,15.11,v2_lr,0
142533,2026-09-09,桐生,1,3743,6.36,51.4,0.125,0.25,16,A1,0.13,61,108,82,2.9,0.2,0.164,10,6.92,0.15,0.05,33.16,0.2643,5,4,23,30.31,v2_lr,1
142533,2026-09-09,桐生,2,5070,3.84,17.3,0.16,0.4,25,B1,0.22,4,66,15,3.5,0.1,0.16,10,6.75,1,0.2,50,1,5,4,23,24.96,v2_lr,0
142533,2026-09-09,桐生,3,4027,5.57,33.3,0.3333,0.5,6,A2,0.18,5,67,19,3.1,0.3,0.15,10,6.83,0.6,0.04,27.91,0.0349,5,4,23,22.11,v2_lr,0
142533,2026-09-09,桐生,4,4513,5.75,40.7,0.2381,0.4762,21,A2,0.19,9,69,21,3.1,0.1,0.152,10,6.92,0.15,0.22,27.11,0,5,4,23,12.38,v2_lr,0
142533,2026-09-09,桐生,5,5012,5.44,34.8,0.0667,0.1667,30,B1,0.12,7,63,15,3.9,0,0.145,10,6.95,0,0.25,44.05,0.7401,5,4,23,2.3,v2_lr,0
142533,2026-09-09,桐生,6,3946,7.17,51.2,0.2963,0.6296,27,A1,0.16,16,85,40,1.9,0.5,0.167,10,6.85,0.5,-0.02,32.52,0.2363,5,4,23,7.94,v2_lr,0
142534,2026-09-09,桐生,1,4028,6.53,47.2,0.1429,0.5714,7,A1,0.14,68,91,77,3,0.1,0.155,10,6.78,0.1333,0.02,29.07,0,4,3,22,51.48,v2_lr,0
142534,2026-09-09,桐生,2,3867,3.18,10.7,0,0.0667,15,B1,0.18,4,68,16,5.3,0,0.191,10,6.8,0,0.13,32.83,0.4665,4,3,22,14.27,v2_lr,0
142534,2026-09-09,桐生,3,3202,4.32,23.5,0,0.0645,31,B1,0.19,5,66,16,3.7,0,0.212,10,6.76,0.2667,0.14,33.16,0.5074,4,3,22,9.6,v2_lr,0
142534,2026-09-09,桐生,4,4562,4.32,13.5,0,0.0667,15,B1,0.21,5,79,15,4.8,0,0.159,10,6.73,0.4667,0.07,37.13,1,4,3,22,10.86,v2_lr,0
142534,2026-09-09,桐生,5,4943,4.07,17.8,0.1154,0.1538,26,B1,0.17,2,58,9,3.9,0,0.15,10,6.7,0.6667,0.18,33.98,0.6092,4,3,22,9.7,v2_lr,1
142534,2026-09-09,桐生,6,3653,4.58,20.7,0.069,0.1552,58,B2,0.17,0,46,1,4.4,0,0.228,10,6.65,1,0.07,32.73,0.4541,4,3,22,4.09,v2_lr,0
142535,2026-09-09,桐生,1,5228,6.06,39.8,0.2727,0.4091,22,A2,0.18,48,65,54,2.7,0.3,0.156,10,6.78,0.6667,0.13,37.43,1,3,2,21,41.22,v2_lr,1
142535,2026-09-09,桐生,2,4992,4.97,31.1,0,0.0667,15,B1,0.15,11,74,23,4.2,0.1,0.14,10,6.75,1,0.12,35.91,0.8896,3,2,21,21.1,v2_lr,0
142535,2026-09-09,桐生,3,3686,5.86,37.9,0.2,0.4,75,A2,0.14,7,86,30,3.8,0,0.197,10,6.78,0.6667,0.15,29.63,0.4336,3,2,21,23.5,v2_lr,0
142535,2026-09-09,桐生,4,5107,4.79,32.2,0.1304,0.1304,23,B1,0.18,7,55,11,3.3,0.2,0.217,10,6.84,0,0.21,27.54,0.2818,3,2,21,6.18,v2_lr,0
142535,2026-09-09,桐生,5,5122,4.86,33.7,0.1739,0.3043,23,B1,0.16,0,39,3,4.2,0.1,0.206,10,6.84,0,0.01,29.05,0.3914,3,2,21,6.92,v2_lr,0
142535,2026-09-09,桐生,6,5181,5.14,29,0,0.0625,16,B1,0.2,1,59,5,4.1,0.1,0.189,10,6.8,0.4444,0.06,23.66,0,3,2,21,1.09,v2_lr,0
142536,2026-09-09,桐生,1,4033,6.13,48.2,0.4,0.65,20,A2,0.15,82,105,96,2.9,0.4,0.137,10,6.69,1,0.01,37.42,0.6499,3,2,20,39.72,v2_lr,1
142536,2026-09-09,桐生,2,4195,5.07,30.6,0.2,0.3333,15,B1,0.13,9,62,24,4,0.1,0.13,10,6.78,0.5,0.02,26.17,0,3,2,20,23.61,v2_lr,0
142536,2026-09-09,桐生,3,3852,4.03,21.2,0.2,0.3333,15,B1,0.23,5,67,20,3.4,0.2,0.146,10,6.7,0.9444,0.07,34.52,0.4824,3,2,20,19.91,v2_lr,0
142536,2026-09-09,桐生,4,4919,3.92,13.6,0.1667,0.1667,6,B1,0.18,3,58,9,3.8,0.2,0.124,10,6.78,0.5,0.09,30.86,0.2709,3,2,20,7.8,v2_lr,0
142536,2026-09-09,桐生,5,3319,5.55,36.4,0.1515,0.303,33,A2,0.17,1,63,12,3.5,0.3,0.174,10,6.87,0,-0.02,36.68,0.6072,3,2,20,5.62,v2_lr,0
142536,2026-09-09,桐生,6,5344,3.97,19,0.2,0.2,5,B1,0.14,1,104,4,3,0.3,0.102,10,6.83,0.2222,-0.06,43.48,1,3,2,20,3.34,v2_lr,0
142537,2026-09-09,桐生,1,4019,6.71,45.5,0.383,0.6809,47,A1,0.16,80,106,91,2.1,0.5,0.123,10,6.82,0.4762,0.05,38.13,0.7567,3,2,20,31.95,v2_lr,0
142537,2026-09-09,桐生,2,3874,6.03,43.3,0.25,0.5,16,A2,0.16,15,83,43,2.1,0.5,0.149,10,6.79,0.619,0.2,41.58,1,3,2,20,26.28,v2_lr,1
142537,2026-09-09,桐生,3,4044,6.92,45,0.2059,0.4118,34,A1,0.13,14,81,31,3.2,0.2,0.15,10,6.92,0,-0.02,27.4,0,3,2,20,15.29,v2_lr,0
142537,2026-09-09,桐生,4,4027,5.57,33.3,0.3333,0.5,6,A2,0.18,16,69,21,3.1,0.3,0.15,10,6.88,0.1905,-0.08,27.91,0.036,3,2,20,11.63,v2_lr,0
142537,2026-09-09,桐生,6,4181,4.11,19.5,0.0833,0.25,24,B1,0.18,0,45,3,3.5,0,0.174,10,6.71,1,0.11,34.72,0.5162,3,2,20,1.95,v2_lr,0
142538,2026-09-09,桐生,1,3946,7.17,51.2,0.2963,0.6296,27,A1,0.16,90,131,112,1.9,0.5,0.167,10,6.8,0.7391,-0.1,32.52,0.9196,4,3,19,32.38,v2_lr,0
142538,2026-09-09,桐生,2,4232,5.43,35.5,0.1563,0.3125,32,B1,0.17,10,61,21,3,0.2,0.155,10,6.8,0.7391,0.04,25.3,0.0126,4,3,19,19.57,v2_lr,0
142538,2026-09-09,桐生,3,4028,6.53,47.2,0.1429,0.5714,7,A1,0.14,17,76,36,3,0.1,0.155,10,6.86,0.4783,0.01,29.07,0.4862,4,3,19,18.03,v2_lr,1
142538,2026-09-09,桐生,4,4040,6.06,43.3,0.2778,0.4722,36,A2,0.14,14,92,26,3.1,0.2,0.131,10,6.97,0,0.04,32.43,0.9083,4,3,19,19.01,v2_lr,0
142538,2026-09-09,桐生,5,3743,6.36,51.4,0.125,0.25,16,A1,0.13,13,68,27,2.9,0.2,0.164,10,6.74,1,0.05,33.16,1,4,3,19,10.06,v2_lr,0
142538,2026-09-09,桐生,6,4531,6.12,39.3,0,0.5714,7,A2,0.18,3,67,10,2.8,0.1,0.142,10,6.83,0.6087,0.01,25.2,0,4,3,19,0.95,v2_lr,0
142539,2026-09-09,桐生,1,4342,6.21,44.6,0.36,0.64,25,A2,0.17,63,78,69,1.6,0.7,0.149,10,6.63,1,-0.01,36.09,0.4073,3,2,19,30.76,v2_lr,0
142539,2026-09-09,桐生,2,5228,6.06,39.8,0.2727,0.4091,22,A2,0.18,14,58,25,2.7,0.3,0.156,10,6.64,0.9167,0.11,37.43,0.4631,3,2,19,26.61,v2_lr,0
142539,2026-09-09,桐生,3,4513,5.75,40.7,0.2381,0.4762,21,A2,0.19,10,69,30,3.1,0.1,0.152,10,6.66,0.75,0.02,27.11,0.0329,3,2,19,19.36,v2_lr,0
142539,2026-09-09,桐生,4,4118,5.94,42.2,0.25,0.5,36,A2,0.15,14,85,32,2.2,0.4,0.131,10,6.75,0,-0.01,50.31,1,3,2,19,14.69,v2_lr,0
142539,2026-09-09,桐生,5,4025,6.63,51,0.2174,0.5217,46,A1,0.19,5,69,26,3,0.1,0.169,10,6.74,0.0833,-0.05,32.22,0.2459,3,2,19,7.54,v2_lr,1
142539,2026-09-09,桐生,6,3277,4.05,17.1,0.0833,0.2083,24,B1,0.19,0,49,0,3.7,0.1,0.138,10,6.75,0,0,26.32,0,3,2,19,1.05,v2_lr,0
142540,2026-09-09,桐生,1,4538,6.53,53.3,0.32,0.52,25,A1,0.18,37,71,51,4.2,0,0.181,10,6.86,0.6667,0.06,31.52,0.0928,2,1,19,35.37,v2_lr,0
142540,2026-09-09,桐生,2,5048,4.18,18.8,0.0625,0.0625,16,B1,0.17,3,61,22,3.7,0.2,0.159,10,6.86,0.6667,0.04,38.54,0.4374,2,1,19,15.99,v2_lr,0
142540,2026-09-09,桐生,3,4440,4.89,23.5,0.0323,0.1935,31,B1,0.16,5,77,16,4,0.1,0.17,10,6.96,0,0.16,34.36,0.2322,2,1,19,7,v2_lr,1
142540,2026-09-09,桐生,4,4033,6.13,48.2,0.4,0.65,20,A2,0.15,17,80,36,2.9,0.4,0.137,10,6.83,0.8667,0.02,37.42,0.3824,2,1,19,28.85,v2_lr,0
142540,2026-09-09,桐生,5,5070,3.84,17.3,0.16,0.4,25,B1,0.22,0,60,4,3.5,0.1,0.16,10,6.81,1,0.07,50,1,2,1,19,7.7,v2_lr,0
142540,2026-09-09,桐生,6,3686,5.86,37.9,0.2,0.4,75,A2,0.14,1,68,10,3.8,0,0.197,10,6.84,0.8,0.09,29.63,0,2,1,19,5.08,v2_lr,0
142553,2026-09-09,平和島,1,5361,2.55,4.1,0.0208,0.0833,48,B1,0.23,0,7,0,4,0.1,0.198,10,7.02,1,0.22,37.5,0.8636,4,4,25,33.54,v2_lr,0
142553,2026-09-09,平和島,2,3551,3.47,14.4,0,0.1667,6,B1,0.19,6,59,20,3.9,0,0.144,10,7.15,0.2353,0.16,40.74,1,4,4,25,16.21,v2_lr,0
142553,2026-09-09,平和島,3,4175,6.16,46,0.0789,0.3684,38,A2,0.17,9,64,31,2.5,0.1,0.123,10,7.19,0,0.11,22.64,0.2382,4,4,25,16.73,v2_lr,1
142553,2026-09-09,平和島,4,4882,3.48,11.1,0.1875,0.3125,16,B2,0.23,1,41,10,3.3,0.2,0.149,10,7.09,0.5882,0.09,28.81,0.4979,4,4,25,17.45,v2_lr,0
142553,2026-09-09,平和島,5,5165,4.38,23.5,0.125,0.25,24,B1,0.16,0,62,6,3.8,0.2,0.196,10,7.14,0.2941,0.1,16.98,0,4,4,25,5.75,v2_lr,0
142553,2026-09-09,平和島,6,3993,5.19,30.7,0.2167,0.3667,60,B1,0.18,0,33,2,2.5,0.4,0.149,10,7.08,0.6471,0.02,18.37,0.0585,4,4,25,10.32,v2_lr,0
142554,2026-09-09,平和島,2,4275,3.38,10.1,0,0.3333,6,B1,0.19,1,50,8,4.1,0,0.204,10,7.08,0,0.16,28.33,0.4852,8,5,32,27.71,v2_lr,1
142554,2026-09-09,平和島,3,4781,5,30.7,0.0714,0.1429,14,B2,0.14,2,41,9,5.1,0,0.199,10,7.04,1,0.2,24.49,0.3466,8,5,32,19.68,v2_lr,0
142554,2026-09-09,平和島,4,4283,4.03,10.2,0,0,24,B1,0.16,3,51,9,4,0,0.181,10,7.06,0.5,0.27,33.33,0.6657,8,5,32,6.25,v2_lr,0
142554,2026-09-09,平和島,5,4387,6.31,44,0.1379,0.4138,29,A1,0.14,8,70,19,2.4,0.1,0.11,10,7.04,1,0.12,42.59,1,8,5,32,12.66,v2_lr,0
142554,2026-09-09,平和島,6,4414,4.4,31.3,0.125,0.3125,32,B1,0.16,0,33,1,4.8,0,0.185,10,7.06,0.5,0.14,14.89,0,8,5,32,3.56,v2_lr,0
142555,2026-09-09,平和島,1,3845,5.5,31.2,0.1429,0.3571,14,A2,0.19,45,70,55,2.8,0.2,0.144,10,7.12,0.1429,0.19,34.62,0.5386,6,5,30,38.6,v2_lr,1
142555,2026-09-09,平和島,2,5003,4.67,32.1,0.0714,0.3214,28,B1,0.15,5,85,27,2.8,0.2,0.113,10,7.04,0.4286,0.21,23.21,0.1962,6,5,30,21.21,v2_lr,0
142555,2026-09-09,平和島,3,4525,4.88,27.5,0.1667,0.1667,6,B1,0.11,1,57,14,3.1,0.3,0.151,10,7.16,0,0.27,16.67,0,6,5,30,11.98,v2_lr,0
142555,2026-09-09,平和島,4,4895,5.53,33.7,0.2245,0.2653,49,A2,0.17,7,63,13,2.9,0.2,0.169,10,7.07,0.3214,0.07,17.65,0.0294,6,5,30,17.35,v2_lr,0
142555,2026-09-09,平和島,5,4090,5.45,38.5,0.2222,0.5,18,B2,0.15,6,66,20,2.9,0.2,0.137,10,7.08,0.2857,0.09,29.31,0.3792,6,5,30,8.72,v2_lr,0
142555,2026-09-09,平和島,6,4854,4.6,26.3,0,0.2273,22,B2,0.19,1,21,3,3.7,0,0.184,10,6.88,1,0.1,50,1,6,5,30,2.14,v2_lr,0
142556,2026-09-09,平和島,1,5314,3.43,13.5,0,0,29,B1,0.16,4,19,7,4.5,0,0.161,10,6.94,1,0.19,39.29,1,5,4,31,31.45,v2_lr,1
142556,2026-09-09,平和島,2,4927,5.53,34.5,0.1667,0.4722,36,A2,0.16,19,81,31,3.2,0.2,0.146,10,7.07,0.4091,0.05,30.36,0.5701,5,4,31,31.26,v2_lr,0
142556,2026-09-09,平和島,3,4501,4.92,31.3,0.16,0.36,25,B1,0.14,13,85,35,3.3,0.2,0.122,10,7.16,0,0.16,26.67,0.3924,5,4,31,18.99,v2_lr,0
142556,2026-09-09,平和島,4,5213,5.07,32.4,0,0.3333,6,B1,0.17,8,71,24,2.8,0,0.202,10,7.16,0,0.1,20.41,0.091,5,4,31,7.7,v2_lr,0
142556,2026-09-09,平和島,5,4690,0,0,0.2195,0.4634,41,B2,,0,20,4,2.8,0.4,0.21,10,7.16,0,-0.08,37.1,0.8946,5,4,31,9.49,v2_lr,0
142556,2026-09-09,平和島,6,5357,1.57,1.4,0,0,21,B2,0.35,0,87,1,5.6,0,0.171,10,7.12,0.1818,-0.12,18.52,0,5,4,31,1.11,v2_lr,0
142557,2026-09-09,平和島,1,4536,6.11,41,0.1111,0.3333,18,A2,0.13,57,90,74,2.7,0.2,0.139,10,7.11,0.0714,0.05,28.89,0.5087,4,4,31,30.79,v2_lr,0
142557,2026-09-09,平和島,2,5253,2.97,10.2,0.1455,0.2182,55,B2,0.25,3,48,11,3.5,0.2,0.239,10,7.05,0.5,0.18,28.85,0.5048,4,4,31,24.87,v2_lr,1
142557,2026-09-09,平和島,3,5370,1.28,1.4,0,0,6,B2,,0,5,0,5.8,0,0.17,10,6.98,1,0.3,25.49,0.1793,4,4,31,7.05,v2_lr,0
142557,2026-09-09,平和島,4,4998,3.97,21.8,0.2667,0.4,15,B2,0.19,0,18,5,3.2,0.2,0.111,10,7.02,0.7143,0.16,30.61,0.6754,4,4,31,23.54,v2_lr,0
142557,2026-09-09,平和島,5,4478,6.37,43.2,0.2692,0.5769,26,A1,0.14,4,63,14,2.8,0.2,0.131,10,7.08,0.2857,0.08,33.96,1,4,4,31,12.86,v2_lr,0
142557,2026-09-09,平和島,6,4874,4.57,21.2,0,0,4,B1,0.15,3,45,5,3.8,0.2,0.194,10,7.12,0,0.07,23.64,0,4,4,31,0.88,v2_lr,0
142558,2026-09-09,平和島,1,4893,5.16,30.5,0.16,0.34,50,B1,0.17,17,44,28,3,0.2,0.109,10,7.01,1,0.16,44.44,1,6,4,31,32.84,v2_lr,0
142558,2026-09-09,平和島,2,5164,3.08,12,0,0.0833,12,B2,0.2,0,38,3,4.5,0,0.196,10,7.07,0.1429,0.09,28.57,0,6,4,31,12.13,v2_lr,1
142558,2026-09-09,平和島,3,4844,4.82,29.8,0.1333,0.2,15,B1,0.15,4,84,23,4.4,0,0.145,10,7.07,0.1429,0.01,42.59,0.8834,6,4,31,12.43,v2_lr,0
142558,2026-09-09,平和島,4,4791,5.14,33.3,0.3125,0.375,16,B1,0.19,11,70,28,3,0.3,0.168,10,7.08,0,0.02,29.09,0.0328,6,4,31,17.6,v2_lr,0
142558,2026-09-09,平和島,5,4847,6.49,44.4,0.4242,0.6212,66,A1,0.13,10,66,19,2.7,0.5,0.102,10,7.05,0.4286,-0.02,31.03,0.155,6,4,31,24.33,v2_lr,0
142558,2026-09-09,平和島,6,5454,0,0,0,0,5,B2,,0,35,1,5.5,0,0.222,10,7.05,0.4286,0.14,32.79,0.2659,6,4,31,0.67,v2_lr,0
142559,2026-09-09,平和島,1,4882,3.48,11.1,0.1875,0.3125,16,B2,0.23,10,30,10,3.3,0.2,0.149,10,7,1,0.09,28.81,0.4004,3,4,30,32.13,v2_lr,0
142559,2026-09-09,平和島,2,4941,4.97,26.6,0.0952,0.1429,21,B1,0.19,6,60,23,4.3,0,0.205,10,7.07,0.3636,0.21,31.25,0.4854,3,4,30,16.41,v2_lr,0
142559,2026-09-09,平和島,3,4730,5.23,31.5,0.1333,0.4,15,B1,0.18,10,59,24,2.4,0.3,0.127,10,7.02,0.8182,0.17,46.03,1,3,4,30,19.75,v2_lr,1
142559,2026-09-09,平和島,4,5320,2.8,8.1,0.05,0.05,20,B1,0.2,2,67,4,3.7,0.2,0.128,10,7.11,0,0.13,17.31,0,3,4,30,3.44,v2_lr,0
142559,2026-09-09,平和島,5,4266,6.47,41.9,0.42,0.7,50,A1,0.15,8,70,20,2.4,0.6,0.135,10,7.06,0.4545,0.07,42.59,0.8802,3,4,30,27.36,v2_lr,0
142559,2026-09-09,平和島,6,4283,4.03,10.2,0,0,24,B1,0.16,0,36,1,4,0,0.181,10,7.11,0,0.07,33.33,0.5578,3,4,30,0.91,v2_lr,0
142560,2026-09-09,平和島,1,4525,4.88,27.5,0.1667,0.1667,6,B1,0.11,23,49,31,3.1,0.3,0.151,10,7.12,0,0.09,16.67,0.1713,5,4,31,27.08,v2_lr,0
142560,2026-09-09,平和島,2,5310,4.15,16.4,0,0.0833,12,B1,0.19,0,36,4,3.5,0,0.206,10,7.07,0.2941,0.01,23.91,0.4688,5,4,31,12.97,v2_lr,0
142560,2026-09-09,平和島,3,3993,5.19,30.7,0.2167,0.3667,60,B1,0.18,5,58,23,2.5,0.4,0.149,10,7.1,0.1176,0.12,18.37,0.2412,5,4,31,23.97,v2_lr,1
142560,2026-09-09,平和島,4,4240,5.78,42.5,0.2571,0.4286,35,A2,0.13,9,60,25,3.6,0.2,0.123,10,7.12,0,0.26,12.5,0,5,4,31,17.7,v2_lr,0
142560,2026-09-09,平和島,5,5264,4.91,22.4,0.2727,0.3636,11,B1,0.13,2,71,12,3.1,0.4,0.175,10,6.95,1,0.06,23.53,0.4532,5,4,31,14.15,v2_lr,0
142560,2026-09-09,平和島,6,5201,5.45,34.4,0.1379,0.3793,29,B2,0.25,0,55,2,3.3,0.1,0.178,10,7.05,0.4118,-0.07,36.84,1,5,4,31,4.12,v2_lr,0
142561,2026-09-09,平和島,1,5213,5.07,32.4,0,0.3333,6,B1,0.17,34,62,47,2.8,0,0.202,10,7.09,0.0769,0.29,20.41,0,2,3,30,33.11,v2_lr,1
142561,2026-09-09,平和島,2,4186,3.45,16.8,0.0556,0.1389,36,B1,0.2,3,51,14,4,0.2,0.143,10,7.1,0,0.31,25.86,0.3189,2,3,30,15.93,v2_lr,0
142561,2026-09-09,平和島,3,4065,4.76,35.7,0.1667,0.1667,6,B1,0.16,8,61,23,4.2,0.2,0.174,10,6.98,0.9231,0.35,30.19,0.5723,2,3,30,34.68,v2_lr,0
142561,2026-09-09,平和島,4,5361,2.55,4.1,0.0208,0.0833,48,B1,0.23,0,61,0,4,0.1,0.198,10,6.97,1,0.13,37.5,1,2,3,30,9.28,v2_lr,0
142561,2026-09-09,平和島,5,4289,5.73,35.5,0.0833,0.25,12,A2,0.14,1,63,8,3.2,0.1,0.148,10,7.06,0.3077,0.24,21.28,0.0509,2,3,30,4.03,v2_lr,0
142561,2026-09-09,平和島,6,4781,5,30.7,0.0714,0.1429,14,B2,0.14,0,33,3,5.1,0,0.199,10,7,0.7692,0.11,24.49,0.2387,2,3,30,2.97,v2_lr,0
142562,2026-09-09,平和島,1,4387,6.31,44,0.1379,0.4138,29,A1,0.14,75,114,95,2.4,0.1,0.11,10,6.97,1,0.08,42.59,1,2,3,29,33.71,v2_lr,0
142562,2026-09-09,平和島,2,4090,5.45,38.5,0.2222,0.5,18,B2,0.15,7,61,29,2.9,0.2,0.137,10,7,0,0.34,29.31,0.3343,2,3,29,21.36,v2_lr,0
142562,2026-09-09,平和島,3,4998,3.97,21.8,0.2667,0.4,15,B2,0.19,2,16,4,3.2,0.2,0.111,10,6.99,0.3333,0.23,30.61,0.3995,2,3,29,25.51,v2_lr,1
142562,2026-09-09,平和島,4,4175,6.16,46,0.0789,0.3684,38,A2,0.17,6,63,20,2.5,0.1,0.123,10,6.98,0.6667,0.35,22.64,0,2,3,29,7.69,v2_lr,0
142562,2026-09-09,平和島,5,4927,5.53,34.5,0.1667,0.4722,36,A2,0.16,5,68,10,3.2,0.2,0.146,10,6.97,1,0.08,30.36,0.387,2,3,29,8.46,v2_lr,0
142562,2026-09-09,平和島,6,3845,5.5,31.2,0.1429,0.3571,14,A2,0.19,3,49,11,2.8,0.2,0.144,10,7,0,0.13,34.62,0.6005,2,3,29,3.27,v2_lr,0
142563,2026-09-09,平和島,1,4847,6.49,44.4,0.4242,0.6212,66,A1,0.13,62,85,71,2.7,0.5,0.102,10,6.9,0.375,0.09,31.03,0.7274,4,3,28,34.31,v2_lr,1
142563,2026-09-09,平和島,2,4478,6.37,43.2,0.2692,0.5769,26,A1,0.14,16,74,42,2.8,0.2,0.131,10,6.9,0.375,0.32,33.96,1,4,3,28,24.93,v2_lr,0
142563,2026-09-09,平和島,3,4791,5.14,33.3,0.3125,0.375,16,B1,0.19,13,66,34,3,0.3,0.168,10,6.86,0.875,0.11,29.09,0.547,4,3,28,25.94,v2_lr,0
142563,2026-09-09,平和島,4,4501,4.92,31.3,0.16,0.36,25,B1,0.14,5,76,15,3.3,0.2,0.122,10,6.89,0.5,0.13,26.67,0.3219,4,3,28,9.4,v2_lr,0
142563,2026-09-09,平和島,5,5003,4.67,32.1,0.0714,0.3214,28,B1,0.15,4,71,10,2.8,0.2,0.113,10,6.85,1,0.26,23.21,0,4,3,28,3.4,v2_lr,0
142563,2026-09-09,平和島,6,4536,6.11,41,0.1111,0.3333,18,A2,0.13,2,67,7,2.7,0.2,0.139,10,6.93,0,0.11,28.89,0.5284,4,3,28,2.01,v2_lr,0
142564,2026-09-09,平和島,1,4266,6.47,41.9,0.42,0.7,50,A1,0.15,79,102,93,2.4,0.6,0.135,10,6.88,0.7143,0.01,42.59,0.8788,5,3,25,39.07,v2_lr,1
142564,2026-09-09,平和島,2,4690,0,0,0.2195,0.4634,41,B2,,6,23,15,2.8,0.4,0.21,10,6.91,0.2857,0.06,37.1,0.6853,5,3,25,23.79,v2_lr,0
142564,2026-09-09,平和島,3,4895,5.53,33.7,0.2245,0.2653,49,A2,0.17,9,72,15,2.9,0.2,0.169,10,6.93,0,0.16,17.65,0,5,3,25,15.59,v2_lr,0
142564,2026-09-09,平和島,4,4730,5.23,31.5,0.1333,0.4,15,B1,0.18,7,51,13,2.4,0.3,0.127,10,6.86,1,0.24,46.03,1,5,3,25,12.6,v2_lr,0
142564,2026-09-09,平和島,5,5253,2.97,10.2,0.1455,0.2182,55,B2,0.25,2,47,2,3.5,0.2,0.239,10,6.88,0.7143,0.32,28.85,0.3946,5,3,25,4.94,v2_lr,0
142564,2026-09-09,平和島,6,4893,5.16,30.5,0.16,0.34,50,B1,0.17,0,47,2,3,0.2,0.109,10,6.87,0.8571,0.32,44.44,0.944,5,3,25,4.01,v2_lr,0
142565,2026-09-09,多摩川,1,2538,3.51,7.5,0,0.102,49,B1,0.22,3,49,14,4.4,0,0.233,10,6.8,0,0.09,23.71,0.1735,2,2,25,23.51,v2_lr,0
142565,2026-09-09,多摩川,2,5103,3.45,14.2,0,0,11,B2,0.17,1,52,12,3.2,0.3,0.141,10,6.78,0.3333,0.15,30.85,0.7169,2,2,25,23.65,v2_lr,0
142565,2026-09-09,多摩川,3,3990,4.63,22.5,0.1429,0.1429,7,B1,0.13,6,73,24,3.4,0.1,0.169,10,6.76,0.6667,0.13,34.57,1,2,2,25,20.61,v2_lr,0
142565,2026-09-09,多摩川,4,4656,5.67,39.1,0.1154,0.3462,26,A2,0.16,7,71,23,4.3,0,0.172,10,6.74,1,0.09,21.43,0,2,2,25,18.91,v2_lr,1
142565,2026-09-09,多摩川,5,4420,5.7,37.2,0.16,0.32,25,A2,0.16,9,87,23,3.5,0,0.144,10,6.77,0.5,0.15,30.26,0.672,2,2,25,10.33,v2_lr,0
142565,2026-09-09,多摩川,6,3934,4.84,25.2,0,0.1765,17,B1,0.17,0,60,5,3.2,0,0.168,10,6.78,0.3333,0.19,32.56,0.847,2,2,25,2.98,v2_lr,0
142566,2026-09-09,多摩川,1,4619,4.8,28.5,0.1111,0.4444,18,B1,0.18,19,50,28,3.7,0.3,0.17,10,6.77,1,0.04,38.68,1,2,2,29,30.45,v2_lr,0
142566,2026-09-09,多摩川,2,3772,5.19,26.2,0.1111,0.3333,18,B1,0.16,5,58,22,3.3,0.1,0.13,10,6.79,0.75,0.14,35.56,0.7977,2,2,29,20.6,v2_lr,0
142566,2026-09-09,多摩川,3,4227,6.14,41.3,0.2105,0.3158,38,A2,0.16,14,79,37,3.2,0.2,0.181,10,6.77,1,0.32,32.93,0.6271,2,2,29,21.5,v2_lr,1
142566,2026-09-09,多摩川,4,4565,3.63,12.3,0.25,0.25,8,B1,0.18,4,67,6,4.3,0.1,0.146,10,6.79,0.75,0.28,23.26,0,2,2,29,14.78,v2_lr,0
142566,2026-09-09,多摩川,5,3582,5.95,43.2,0.1905,0.5714,21,A2,0.17,17,73,30,1.7,0.6,0.146,10,6.78,0.875,0.05,37.38,0.9157,2,2,29,10.37,v2_lr,0
142566,2026-09-09,多摩川,6,3740,6.41,49.6,0.1739,0.2174,23,A1,0.19,9,78,18,3.3,0.1,0.182,10,6.85,0,0.16,31.91,0.561,2,2,29,2.29,v2_lr,0
142567,2026-09-09,多摩川,1,5262,4.82,28.4,0,0.125,8,B1,0.18,7,42,17,3.5,0,0.198,10,6.89,0,0.29,42.59,1,2,2,29,21.94,v2_lr,1
142567,2026-09-09,多摩川,2,3463,5.13,23.3,0.1481,0.2963,27,B1,0.19,2,66,17,4.3,0.1,0.146,10,6.79,1,0.29,32.97,0.5534,2,2,29,25.89,v2_lr,0
142567,2026-09-09,多摩川,3,4430,5.88,40.8,0.1316,0.3684,38,A2,0.16,18,88,36,3.5,0.3,0.124,10,6.82,0.7,0.15,32.47,0.5302,2,2,29,21.86,v2_lr,0
142567,2026-09-09,多摩川,4,4281,4.89,27.4,0.1176,0.1765,34,B1,0.17,5,70,17,3.6,0,0.155,10,6.79,1,-0.01,21.05,0,2,2,29,10.55,v2_lr,0
142567,2026-09-09,多摩川,5,4376,5.64,39.8,0.3158,0.4737,19,A2,0.14,6,77,17,3.9,0.1,0.144,10,6.87,0.2,0.28,22.73,0.078,2,2,29,14.24,v2_lr,0
142567,2026-09-09,多摩川,6,3997,6.5,44.3,0.1429,0.2857,21,A1,0.17,0,67,7,2.7,0.1,0.135,10,6.8,0.9,0.09,29.47,0.3909,2,2,29,5.53,v2_lr,0
142568,2026-09-09,多摩川,1,3848,4.56,28.8,0.1053,0.3684,19,B1,0.18,35,72,51,3.9,0,0.116,10,6.83,0,0.22,28.41,0.0246,3,2,30,18.72,v2_lr,0
142568,2026-09-09,多摩川,2,3641,6.32,43.5,0.2813,0.4531,64,A1,0.17,12,86,39,3.3,0.3,0.185,10,6.82,0.25,0.15,35.05,0.9841,3,2,30,33.1,v2_lr,0
142568,2026-09-09,多摩川,3,4645,6.41,46.3,0.2895,0.5,38,A1,0.14,12,73,34,2.2,0.4,0.105,10,6.81,0.5,0.07,28.24,0,3,2,30,26.59,v2_lr,0
142568,2026-09-09,多摩川,4,3507,4.41,26.5,0.1,0.2,10,B1,0.18,2,47,3,3.7,0,0.225,10,6.83,0,0.05,28.87,0.091,3,2,30,6.72,v2_lr,1
142568,2026-09-09,多摩川,5,4140,6.02,46.2,0.2,0.42,50,A2,0.18,1,55,12,4,0.1,0.189,10,6.82,0.25,0.08,30,0.2543,3,2,30,9.59,v2_lr,0
142568,2026-09-09,多摩川,6,3489,5.67,35.7,0.1515,0.303,33,A2,0.17,3,84,10,3.1,0.2,0.151,10,6.79,1,0.01,35.16,1,3,2,30,5.28,v2_lr,0
142569,2026-09-09,多摩川,1,4031,4.8,31.9,0.125,0.125,24,B1,0.17,22,57,36,4.5,0.1,0.175,10,6.79,0.9,0.1,38.54,1,3,2,30,29.67,v2_lr,0
142569,2026-09-09,多摩川,2,3792,6.62,50.5,0.2083,0.4028,72,A1,0.17,12,65,28,2.9,0.2,0.165,10,6.78,1,0.09,32.56,0.6472,3,2,30,30.31,v2_lr,0
142569,2026-09-09,多摩川,3,3713,6.28,47.1,0.1563,0.375,32,A1,0.16,16,70,33,3.6,0.2,0.164,10,6.82,0.6,0.12,25.93,0.256,3,2,30,18.86,v2_lr,0
142569,2026-09-09,多摩川,4,3977,4.45,20.5,0.0741,0.2222,27,B1,0.19,5,76,12,3.8,0,0.163,10,6.8,0.8,0.09,21.69,0.0059,3,2,30,6.33,v2_lr,0
142569,2026-09-09,多摩川,5,4587,6.36,52.5,0.1538,0.3077,26,A1,0.17,4,60,15,3.3,0.2,0.24,10,6.83,0.5,0.09,21.59,0,3,2,30,9.38,v2_lr,1
142569,2026-09-09,多摩川,6,4055,6.05,41.6,0.2703,0.5135,37,A2,0.14,8,79,21,2,0.4,0.135,10,6.88,0,0.08,28.72,0.4206,3,2,30,5.45,v2_lr,0
142570,2026-09-09,多摩川,1,4470,6.19,43.2,0.3333,0.6061,33,A2,0.14,63,92,79,3.2,0.3,0.137,10,6.78,0.8,0.04,32.58,0.4284,3,2,30,38.89,v2_lr,1
142570,2026-09-09,多摩川,2,3813,6.43,45.9,0.2857,0.5714,21,A1,0.15,17,81,43,2.4,0.3,0.157,10,6.86,0,0.03,31.71,0.321,3,2,30,28.8,v2_lr,0
142570,2026-09-09,多摩川,3,3635,4.72,35.5,0,0,6,B1,0.16,11,68,28,3,0.2,0.172,10,6.82,0.4,-0.02,29.11,0,3,2,30,12.94,v2_lr,0
142570,2026-09-09,多摩川,4,5433,1.72,1.6,0,0,23,B2,,0,10,0,4.9,0,0.18,10,6.78,0.8,0.04,37.21,1,3,2,30,4.54,v2_lr,0
142570,2026-09-09,多摩川,5,3965,6.41,49.5,0.1923,0.5,26,A1,0.18,5,68,15,2.6,0.5,0.121,10,6.76,1,-0.03,33.73,0.5704,3,2,30,12.17,v2_lr,0
142570,2026-09-09,多摩川,6,3990,4.63,22.5,0.1429,0.1429,7,B1,0.13,0,51,1,3.4,0.1,0.169,10,6.77,0.9,-0.01,34.57,0.6741,3,2,30,2.65,v2_lr,0
142571,2026-09-09,多摩川,1,4656,5.67,39.1,0.1154,0.3462,26,A2,0.16,18,57,32,4.3,0,0.172,10,6.76,1,0.11,21.43,0.1245,3,2,30,42.53,v2_lr,0
142571,2026-09-09,多摩川,2,4491,4.39,20.4,0.0476,0.1905,21,B1,0.19,4,69,20,3.6,0.1,0.19,10,6.88,0,0.15,18.42,0,3,2,30,16.79,v2_lr,1
142571,2026-09-09,多摩川,3,4465,4.69,26.7,0.08,0.12,25,B1,0.18,2,53,7,3.7,0,0.216,10,6.83,0.4167,0.18,35.64,0.7125,3,2,30,15.63,v2_lr,0
142571,2026-09-09,多摩川,4,5262,4.82,28.4,0,0.125,8,B1,0.18,2,50,7,3.5,0,0.198,10,6.85,0.25,0.13,42.59,1,3,2,30,7.67,v2_lr,0
142571,2026-09-09,多摩川,5,5042,6.44,40.2,0.1481,0.2222,27,A1,0.1,13,71,27,3,0.3,0.143,10,6.84,0.3333,0.11,34.02,0.6454,3,2,30,10.88,v2_lr,0
142571,2026-09-09,多摩川,6,3582,5.95,43.2,0.1905,0.5714,21,A2,0.17,10,72,21,1.7,0.6,0.146,10,6.82,0.5,0.23,37.38,0.7844,3,2,30,6.51,v2_lr,0
142572,2026-09-09,多摩川,1,4430,5.88,40.8,0.1316,0.3684,38,A2,0.16,50,99,75,3.5,0.3,0.124,10,6.78,0.6154,-0.12,32.47,0.7639,1,2,30,42.85,v2_lr,1
142572,2026-09-09,多摩川,2,3647,3.66,12.6,0.0588,0.1176,17,B1,0.19,2,69,10,4.5,0.1,0.147,10,6.86,0,-0.18,29.07,0.5868,1,2,30,17.88,v2_lr,0
142572,2026-09-09,多摩川,3,4146,5.9,39.3,,,0,A2,0.16,5,79,18,3.6,0.1,0.172,10,6.82,0.3077,-0.02,34.38,0.8635,1,2,30,20.11,v2_lr,0
142572,2026-09-09,多摩川,4,3934,4.84,25.2,0,0.1765,17,B1,0.17,3,86,17,3.2,0,0.168,10,6.81,0.3846,0.02,32.56,0.7686,1,2,30,9,v2_lr,0
142572,2026-09-09,多摩川,5,3947,4.35,15.5,0.0857,0.1429,35,B1,0.21,1,70,5,4.1,0,0.157,10,6.73,1,-0.06,17.81,0,1,2,30,8.54,v2_lr,0
142572,2026-09-09,多摩川,6,5449,0,0,0,0,9,B2,,1,26,2,6,0,0.193,10,6.75,0.8462,-0.04,37,1,1,2,30,1.62,v2_lr,0
142573,2026-09-09,多摩川,1,4140,6.02,46.2,0.2,0.42,50,A2,0.18,58,76,68,4,0.1,0.189,10,6.83,0,0.07,30,0.3278,1,2,27,30.77,v2_lr,1
142573,2026-09-09,多摩川,2,4210,5.69,32.1,0.1579,0.2632,19,A2,0.18,7,77,27,3.2,0.3,0.156,10,6.75,0.8,0.05,48.35,1,1,2,27,29.82,v2_lr,0
142573,2026-09-09,多摩川,3,4055,6.05,41.6,0.2703,0.5135,37,A2,0.14,11,82,31,2,0.4,0.135,10,6.8,0.3,0.03,28.72,0.281,1,2,27,22.27,v2_lr,0
142573,2026-09-09,多摩川,4,3519,4.51,18.6,0,0.1538,13,B1,0.18,4,76,15,4.3,0,0.252,10,6.8,0.3,0.03,26.67,0.2059,1,2,27,3.34,v2_lr,0
142573,2026-09-09,多摩川,5,4227,6.14,41.3,0.2105,0.3158,38,A2,0.16,8,66,16,3.2,0.2,0.181,10,6.73,1,0.1,32.93,0.4352,1,2,27,11.41,v2_lr,0
142573,2026-09-09,多摩川,6,4281,4.89,27.4,0.1176,0.1765,34,B1,0.17,0,46,0,3.6,0,0.155,10,6.77,0.6,-0.08,21.05,0,1,2,27,2.39,v2_lr,0
142574,2026-09-09,多摩川,1,3965,6.41,49.5,0.1923,0.5,26,A1,0.18,44,87,64,2.6,0.5,0.121,10,6.79,0.3636,0.09,33.73,0.81,1,2,27,37.41,v2_lr,1
142574,2026-09-09,多摩川,2,3489,5.67,35.7,0.1515,0.303,33,A2,0.17,12,89,42,3.1,0.2,0.151,10,6.8,0.2727,0.14,35.16,0.9585,1,2,27,25.2,v2_lr,0
142574,2026-09-09,多摩川,3,3463,5.13,23.3,0.1481,0.2963,27,B1,0.19,7,69,21,4.3,0.1,0.146,10,6.77,0.5455,0.21,32.97,0.731,1,2,27,16.35,v2_lr,0
142574,2026-09-09,多摩川,4,4420,5.7,37.2,0.16,0.32,25,A2,0.16,11,90,30,3.5,0,0.144,10,6.83,0,0.16,30.26,0.4496,1,2,27,9.17,v2_lr,0
142574,2026-09-09,多摩川,5,3713,6.28,47.1,0.1563,0.375,32,A1,0.16,4,64,14,3.6,0.2,0.164,10,6.78,0.4545,0.11,25.93,0,1,2,27,7.27,v2_lr,0
142574,2026-09-09,多摩川,6,3772,5.19,26.2,0.1111,0.3333,18,B1,0.16,0,61,5,3.3,0.1,0.13,10,6.72,1,0.09,35.56,1,1,2,27,4.61,v2_lr,0
142575,2026-09-09,多摩川,1,4587,6.36,52.5,0.1538,0.3077,26,A1,0.17,41,78,62,3.3,0.2,0.24,10,6.77,0.25,-0.05,21.59,0,2,2,26,30.07,v2_lr,1
142575,2026-09-09,多摩川,2,4035,4.02,22.9,0.0769,0.1538,13,B1,0.23,5,81,19,4.8,0,0.2,10,6.78,0,-0.01,22.22,0.0369,2,2,26,10.66,v2_lr,0
142575,2026-09-09,多摩川,3,4619,4.8,28.5,0.1111,0.4444,18,B1,0.18,7,63,24,3.7,0.3,0.17,10,6.74,1,0.03,38.68,1,2,2,26,19.81,v2_lr,0
142575,2026-09-09,多摩川,4,3641,6.32,43.5,0.2813,0.4531,64,A1,0.17,12,77,24,3.3,0.3,0.185,10,6.78,0,0.07,35.05,0.7876,2,2,26,15.93,v2_lr,0
142575,2026-09-09,多摩川,5,4470,6.19,43.2,0.3333,0.6061,33,A2,0.14,6,65,22,3.2,0.3,0.137,10,6.77,0.25,0.25,32.58,0.6431,2,2,26,14.54,v2_lr,0
142575,2026-09-09,多摩川,6,4376,5.64,39.8,0.3158,0.4737,19,A2,0.14,0,78,8,3.9,0.1,0.144,10,6.76,0.5,0.08,22.73,0.0667,2,2,26,8.99,v2_lr,0
142576,2026-09-09,多摩川,1,3792,6.62,50.5,0.2083,0.4028,72,A1,0.17,41,71,62,2.9,0.2,0.165,10,6.83,0.2727,0.04,32.56,0.7474,4,2,26,29.35,v2_lr,0
142576,2026-09-09,多摩川,2,5042,6.44,40.2,0.1481,0.2222,27,A1,0.1,17,74,39,3,0.3,0.143,10,6.78,0.7273,0.15,34.02,1,4,2,26,26.93,v2_lr,1
142576,2026-09-09,多摩川,3,3997,6.5,44.3,0.1429,0.2857,21,A1,0.17,16,86,33,2.7,0.1,0.135,10,6.75,1,0.14,29.47,0.2128,4,2,26,18.5,v2_lr,0
142576,2026-09-09,多摩川,4,3740,6.41,49.6,0.1739,0.2174,23,A1,0.19,9,64,19,3.3,0.1,0.182,10,6.82,0.3636,0.07,31.91,0.6349,4,2,26,9.39,v2_lr,0
142576,2026-09-09,多摩川,5,3813,6.43,45.9,0.2857,0.5714,21,A1,0.15,4,62,18,2.4,0.3,0.157,10,6.86,0,0.17,31.71,0.6003,4,2,26,8.63,v2_lr,0
142576,2026-09-09,多摩川,6,4645,6.41,46.3,0.2895,0.5,38,A1,0.14,5,79,14,2.2,0.4,0.105,10,6.78,0.7273,0.11,28.24,0,4,2,26,7.22,v2_lr,0
142577,2026-09-09,琵琶湖,1,5157,4.36,23.4,0.2072,0.2613,111,B1,0.17,27,55,38,2.9,0.2,0.179,10,6.66,1,0.22,35.56,0.4732,0,1,20,50.63,v2_lr,0
142577,2026-09-09,琵琶湖,2,5177,4.04,15.3,0,0.1429,7,B1,0.19,6,75,20,4.4,0,0.225,10,6.69,0.7,0.34,27.27,0,0,1,20,14.8,v2_lr,0
142577,2026-09-09,琵琶湖,3,5329,5.05,33.6,0.0968,0.2903,31,B1,0.16,6,26,10,4.3,0,0.208,10,6.66,1,0.36,31.11,0.2192,0,1,20,17.8,v2_lr,0
142577,2026-09-09,琵琶湖,4,5290,3.77,17.1,0.0714,0.2857,14,B1,0.15,3,63,10,3.6,0.1,0.146,10,6.73,0.3,0.09,44.79,1,0,1,20,13.75,v2_lr,1
142577,2026-09-09,琵琶湖,5,5421,1.38,2,0,0,16,B2,,0,24,0,6,0,0.218,10,6.76,0,0.07,30.77,0.1998,0,1,20,1.9,v2_lr,0
142577,2026-09-09,琵琶湖,6,5343,3.91,15.3,0,0.0938,32,B1,,0,145,12,3.5,0,0.159,10,6.75,0.1,0.15,27.63,0.0205,0,1,20,1.11,v2_lr,0
142578,2026-09-09,琵琶湖,1,5152,4.21,21.4,0,0,19,B1,0.23,6,35,15,4.9,0,0.197,10,6.73,0.4286,0.19,30,0.7603,1,1,23,23.65,v2_lr,0
142578,2026-09-09,琵琶湖,2,5167,5.26,34.4,0.0556,0.3889,18,B1,0.18,10,70,25,3.2,0.1,0.189,10,6.69,1,0.39,22.83,0,1,1,23,25.19,v2_lr,1
142578,2026-09-09,琵琶湖,3,5216,6.4,45.9,0.3,0.5333,30,A1,0.19,19,86,42,2.2,0.4,0.158,10,6.76,0,0.16,32.26,1,1,1,23,34.72,v2_lr,0
142578,2026-09-09,琵琶湖,4,5179,3.83,20.8,0.1538,0.2692,26,B1,0.19,6,51,14,4.3,0,0.192,10,6.75,0.1429,0.13,28.41,0.5917,1,1,23,11.16,v2_lr,0
142578,2026-09-09,琵琶湖,5,5379,2.61,2.8,0.0206,0.0515,97,B1,0.24,0,55,0,4.8,0,0.135,10,6.7,0.8571,0.23,28.41,0.5917,1,1,23,3.58,v2_lr,0
142578,2026-09-09,琵琶湖,6,5247,4.32,19.1,0,0.0455,22,B1,0.18,0,53,0,4.8,0,0.168,10,6.7,0.8571,0.15,25.26,0.2577,1,1,23,1.71,v2_lr,0
142579,2026-09-09,琵琶湖,1,5134,5.69,39,0.1667,0.25,12,A2,0.14,43,73,54,3.1,0.2,0.155,10,6.78,0.875,-0.03,41.3,0.8185,1,1,23,42.81,v2_lr,1
142579,2026-09-09,琵琶湖,2,5354,3.06,13.7,0,0.2308,26,B1,,1,12,2,3.8,0,0.179,10,6.76,1,0.05,22.58,0,1,1,23,14.85,v2_lr,0
142579,2026-09-09,琵琶湖,3,5226,6.37,48.5,0.25,0.4286,28,B1,0.16,11,56,27,3.3,0.3,0.155,10,6.87,0.3125,0.09,45.45,1,1,1,23,27.85,v2_lr,0
142579,2026-09-09,琵琶湖,4,5246,5.56,38.4,0.125,0.125,8,A2,0.18,7,61,16,4.5,0.1,0.166,10,6.92,0,-0.03,29.11,0.2855,1,1,23,7.48,v2_lr,0
142579,2026-09-09,琵琶湖,5,5460,0,0,0.0455,0.0455,22,B2,,0,16,0,5.3,0.1,0.177,10,6.84,0.5,-0.1,31.25,0.3791,1,1,23,2.84,v2_lr,0
142579,2026-09-09,琵琶湖,6,5268,3.41,17.5,0.1538,0.2308,13,B1,0.17,1,71,1,3.8,0.2,0.157,10,6.82,0.625,-0.11,33.72,0.4871,1,1,23,4.17,v2_lr,0
142580,2026-09-09,琵琶湖,1,5136,6.46,45.8,0.3256,0.5116,43,A1,0.14,79,115,95,2.5,0.3,0.156,10,6.72,0.7778,-0.11,40.66,0.6946,1,1,23,37.2,v2_lr,1
142580,2026-09-09,琵琶湖,2,5154,4.72,21.6,0.1923,0.2692,26,B1,0.16,10,74,22,3.5,0.2,0.179,10,6.72,0.7778,-0.17,46.46,1,1,1,23,28.57,v2_lr,0
142580,2026-09-09,琵琶湖,3,5275,6.61,51.9,0.1351,0.2703,37,A1,0.14,12,71,30,3.4,0.1,0.124,10,6.78,0.1111,0.02,37.36,0.5208,1,1,23,14.23,v2_lr,0
142580,2026-09-09,琵琶湖,4,5368,4.74,28.7,0.0667,0.2,15,B1,0.17,11,43,17,3.3,0.1,0.136,10,6.7,1,0.04,37.74,0.5408,1,1,23,7.19,v2_lr,0
142580,2026-09-09,琵琶湖,5,5238,5.6,42,0.2857,0.5357,28,A2,0.16,7,57,13,2.9,0.1,0.194,10,6.76,0.3333,0.05,27.47,0,1,1,23,12.18,v2_lr,0
142580,2026-09-09,琵琶湖,6,5377,3.73,16,0,0,5,B1,,2,116,6,3.9,0,0.145,10,6.79,0,0.19,29.47,0.1053,1,1,23,0.63,v2_lr,0
142581,2026-09-09,琵琶湖,1,5106,5.53,32.1,0.2667,0.4667,15,A2,0.21,31,63,46,2.9,0.2,0.209,10,6.73,0,0.27,29.55,0.1167,0,1,22,36.58,v2_lr,1
142581,2026-09-09,琵琶湖,2,5186,3.62,19.7,0.0909,0.2727,22,B1,0.19,5,60,23,3.9,0.1,0.174,10,6.72,0.1667,0.12,38.1,0.5542,0,1,22,16.05,v2_lr,0
142581,2026-09-09,琵琶湖,3,5221,6.42,46.4,0.35,0.5,20,A1,0.15,13,72,34,2.7,0.3,0.145,10,6.73,0,0.09,46.81,1,0,1,22,33.56,v2_lr,0
142581,2026-09-09,琵琶湖,4,5177,4.04,15.3,0,0.1429,7,B1,0.19,0,65,5,4.4,0,0.225,10,6.72,0.1667,0.29,27.27,0,0,1,22,2.64,v2_lr,0
142581,2026-09-09,琵琶湖,5,5376,5.18,34,0.2222,0.2222,9,B1,0.15,3,74,8,3.2,0.3,0.131,10,6.67,1,0.25,37.08,0.502,0,1,22,9.34,v2_lr,0
142581,2026-09-09,琵琶湖,6,5273,4.22,20.5,0.0625,0.125,32,B1,0.17,1,54,2,4.6,0.1,0.221,10,6.69,0.6667,0.16,31.52,0.2175,0,1,22,1.83,v2_lr,0
142582,2026-09-09,琵琶湖,1,5060,6.02,45.7,0.1923,0.3462,26,A2,0.18,37,59,43,3,0.2,0.162,10,6.73,1,0.09,27.06,0,2,2,23,35.78,v2_lr,1
142582,2026-09-09,琵琶湖,2,5234,6.74,51.1,0.2632,0.4211,19,A1,0.16,20,73,41,3.4,0.2,0.15,10,6.75,0.875,-0.04,42.11,1,2,2,23,34.71,v2_lr,0
142582,2026-09-09,琵琶湖,3,5343,3.91,15.3,0,0.0938,32,B1,,1,13,5,3.5,0,0.159,10,6.76,0.8125,-0.02,27.63,0.0379,2,2,23,8.15,v2_lr,0
142582,2026-09-09,琵琶湖,4,5303,5.56,31.8,0.2414,0.2759,29,A2,0.19,10,70,20,3.7,0.1,0.166,10,6.77,0.75,0.08,32.22,0.3429,2,2,23,18.82,v2_lr,0
142582,2026-09-09,琵琶湖,5,5421,1.38,2,0,0,16,B2,,0,24,0,6,0,0.218,10,6.89,0,0.31,30.77,0.2465,2,2,23,1.08,v2_lr,0
142582,2026-09-09,琵琶湖,6,5210,5.47,37.9,0,0.0435,23,A2,0.17,0,58,3,3.3,0.1,0.148,10,6.75,0.875,0.04,34.07,0.4658,2,2,23,1.46,v2_lr,0
142583,2026-09-09,琵琶湖,1,5298,6.9,49.6,0.2222,0.5556,9,A1,0.15,52,73,63,2.5,0.3,0.128,10,6.77,0.6667,0.08,36.17,1,2,2,23,52.58,v2_lr,1
142583,2026-09-09,琵琶湖,2,5379,2.61,2.8,0.0206,0.0515,97,B1,0.24,0,24,0,4.8,0,0.135,10,6.8,0.1667,0.19,28.41,0,2,2,23,13.1,v2_lr,0
142583,2026-09-09,琵琶湖,3,5268,3.41,17.5,0.1538,0.2308,13,B1,0.17,0,50,8,3.8,0.2,0.157,10,6.8,0.1667,0.17,33.72,0.6843,2,2,23,17.48,v2_lr,0
142583,2026-09-09,琵琶湖,4,5329,5.05,33.6,0.0968,0.2903,31,B1,0.16,4,87,9,4.3,0,0.208,10,6.79,0.3333,0.11,31.11,0.3479,2,2,23,8.76,v2_lr,0
142583,2026-09-09,琵琶湖,5,5460,0,0,0.0455,0.0455,22,B2,,0,16,0,5.3,0.1,0.177,10,6.81,0,-0.02,31.25,0.366,2,2,23,2.38,v2_lr,0
142583,2026-09-09,琵琶湖,6,5179,3.83,20.8,0.1538,0.2692,26,B1,0.19,0,46,1,4.3,0,0.192,10,6.75,1,-0.06,28.41,0,2,2,23,5.71,v2_lr,0
142584,2026-09-09,琵琶湖,1,5368,4.74,28.7,0.0667,0.2,15,B1,0.17,13,17,14,3.3,0.1,0.136,10,6.69,0.9048,0.21,37.74,0.5712,3,4,23,29.39,v2_lr,0
142584,2026-09-09,琵琶湖,2,5276,4.97,23.3,0,0.1667,18,B1,0.18,8,77,26,3.9,0,0.162,10,6.76,0.5714,0.09,31.11,0.2024,3,4,23,14.37,v2_lr,0
142584,2026-09-09,琵琶湖,3,5238,5.6,42,0.2857,0.5357,28,A2,0.16,19,73,34,2.9,0.1,0.194,10,6.73,0.7143,0.08,27.47,0,3,4,23,34.34,v2_lr,1
142584,2026-09-09,琵琶湖,4,5199,5.23,31.8,0,0.0556,18,B1,0.11,7,58,11,4.9,0,0.157,10,6.67,1,0.12,31.18,0.2063,3,4,23,5.85,v2_lr,0
142584,2026-09-09,琵琶湖,5,5226,6.37,48.5,0.25,0.4286,28,B1,0.16,4,55,12,3.3,0.3,0.155,10,6.88,0,0.04,45.45,1,3,4,23,11.72,v2_lr,0
142584,2026-09-09,琵琶湖,6,5010,5.5,38.3,0.1471,0.2941,34,A2,0.16,2,64,6,3.9,0,0.141,10,6.77,0.5238,0.11,43.48,0.8904,3,4,23,4.33,v2_lr,0
142585,2026-09-09,琵琶湖,1,5376,5.18,34,0.2222,0.2222,9,B1,0.15,16,26,21,3.2,0.3,0.131,10,6.67,1,0.28,37.08,0.9578,3,3,22,44.51,v2_lr,0
142585,2026-09-09,琵琶湖,2,5246,5.56,38.4,0.125,0.125,8,A2,0.18,8,65,22,4.5,0.1,0.166,10,6.81,0,0.09,29.11,0.6277,3,3,22,22.07,v2_lr,0
142585,2026-09-09,琵琶湖,3,5186,3.62,19.7,0.0909,0.2727,22,B1,0.19,5,58,18,3.9,0.1,0.174,10,6.78,0.2143,0.08,38.1,1,3,3,22,14.12,v2_lr,0
142585,2026-09-09,琵琶湖,4,5275,6.61,51.9,0.1351,0.2703,37,A1,0.14,14,70,27,3.4,0.1,0.124,10,6.78,0.2143,0.04,37.36,0.9694,3,3,22,14.26,v2_lr,1
142585,2026-09-09,琵琶湖,5,5388,4.39,21.9,0,0.125,8,B1,,3,81,9,4,0,0.243,10,6.72,0.6429,0.15,13.95,0,3,3,22,2.52,v2_lr,0
142585,2026-09-09,琵琶湖,6,5130,4.45,16.5,0.0741,0.1852,27,B1,0.18,1,55,3,3.8,0,0.183,10,6.78,0.2143,0.04,34.09,0.834,3,3,22,2.52,v2_lr,0
142586,2026-09-09,琵琶湖,1,5216,6.4,45.9,0.3,0.5333,30,A1,0.19,56,99,66,2.2,0.4,0.158,10,6.73,0,0.15,32.26,0.4956,0,2,20,28.02,v2_lr,0
142586,2026-09-09,琵琶湖,2,5136,6.46,45.8,0.3256,0.5116,43,A1,0.14,16,89,38,2.5,0.3,0.156,10,6.73,0,-0.02,40.66,0.9258,0,2,20,28.8,v2_lr,1
142586,2026-09-09,琵琶湖,3,5157,4.36,23.4,0.2072,0.2613,111,B1,0.17,7,77,17,2.9,0.2,0.179,10,6.71,1,0.11,35.56,0.6646,0,2,20,19.55,v2_lr,0
142586,2026-09-09,琵琶湖,4,5106,5.53,32.1,0.2667,0.4667,15,A2,0.21,7,63,17,2.9,0.2,0.209,10,6.72,0.5,0.15,29.55,0.3569,0,2,20,17.09,v2_lr,0
142586,2026-09-09,琵琶湖,5,5354,3.06,13.7,0,0.2308,26,B1,,1,70,4,3.8,0,0.179,10,6.71,1,0.11,22.58,0,0,2,20,1.84,v2_lr,0
142586,2026-09-09,琵琶湖,6,5234,6.74,51.1,0.2632,0.4211,19,A1,0.16,1,71,9,3.4,0.2,0.15,10,6.73,0,0.07,42.11,1,0,2,20,4.71,v2_lr,0
142587,2026-09-09,琵琶湖,1,5221,6.42,46.4,0.35,0.5,20,A1,0.15,62,88,72,2.7,0.3,0.145,10,6.68,1,0.06,46.81,1,2,2,20,33.6,v2_lr,1
142587,2026-09-09,琵琶湖,2,5134,5.69,39,0.1667,0.25,12,A2,0.14,14,72,41,3.1,0.2,0.155,10,6.76,0.2727,-0.11,41.3,0.7702,2,2,20,24.67,v2_lr,0
142587,2026-09-09,琵琶湖,3,5298,6.9,49.6,0.2222,0.5556,9,A1,0.15,20,71,34,2.5,0.3,0.128,10,6.75,0.3636,-0.15,36.17,0.5563,2,2,20,23.6,v2_lr,0
142587,2026-09-09,琵琶湖,4,5060,6.02,45.7,0.1923,0.3462,26,A2,0.18,5,66,23,3,0.2,0.162,10,6.71,0.7273,0.17,27.06,0.1764,2,2,20,12.44,v2_lr,0
142587,2026-09-09,琵琶湖,5,5167,5.26,34.4,0.0556,0.3889,18,B1,0.18,4,61,9,3.2,0.1,0.189,10,6.75,0.3636,0.13,22.83,0,2,2,20,2.89,v2_lr,0
142587,2026-09-09,琵琶湖,6,5154,4.72,21.6,0.1923,0.2692,26,B1,0.16,1,51,7,3.5,0.2,0.179,10,6.79,0,0.21,46.46,0.9854,2,2,20,2.81,v2_lr,0
142588,2026-09-09,琵琶湖,1,5018,6.28,42.5,0.5263,0.6316,19,A1,0.14,87,114,105,1.4,0.8,0.134,10,6.68,0.6364,-0.05,23.4,0,1,1,20,30.68,v2_lr,1
142588,2026-09-09,琵琶湖,2,5280,6.93,52.8,0.281,0.4379,153,A1,0.15,20,85,44,1.7,0.5,0.131,10,6.77,0.2273,-0.01,45.45,1,1,1,20,24.63,v2_lr,0
142588,2026-09-09,琵琶湖,3,5255,6.74,50.4,0.2769,0.5538,65,A1,0.22,14,77,33,2.2,0.3,0.192,10,6.6,1,-0.03,25.56,0.098,1,1,20,21.89,v2_lr,0
142588,2026-09-09,琵琶湖,4,5222,6.34,47.8,0.2105,0.3684,19,A1,0.19,9,68,25,2.6,0.4,0.146,10,6.6,1,-0.14,33.71,0.4676,1,1,20,13.95,v2_lr,0
142588,2026-09-09,琵琶湖,5,5212,6.15,44.8,0.1579,0.3684,19,A2,0.12,8,71,19,2.5,0.2,0.134,10,6.74,0.3636,-0.08,39.13,0.7134,1,1,20,5.03,v2_lr,0
142588,2026-09-09,琵琶湖,6,5135,4.45,27,0.25,0.45,20,B1,0.14,2,63,11,2.8,0.2,0.188,10,6.82,0,-0.04,34,0.4807,1,1,20,3.83,v2_lr,0
142589,2026-09-09,尼崎,1,3643,5.14,29.8,0.1,0.3667,30,B1,0.2,36,74,56,4.3,0.1,0.177,10,6.95,0.5,0.11,24.3,0,5,3,22.3,26.68,v2_lr,0
142589,2026-09-09,尼崎,2,3838,5.25,39.1,0.1739,0.3043,23,B1,0.16,11,71,27,3.6,0.2,0.141,10,7.02,0,0.12,43.4,0.8515,5,3,22.3,25.35,v2_lr,0
142589,2026-09-09,尼崎,3,4308,6.75,46,0.2353,0.5882,17,A1,0.17,12,75,33,2.4,0.4,0.143,10,6.93,0.6429,0.1,46.73,1,5,3,22.3,27.36,v2_lr,0
142589,2026-09-09,尼崎,4,3577,4.43,21.6,0.1316,0.2368,38,B1,0.17,7,51,15,4.3,0.1,0.174,10,6.95,0.5,0.08,37.04,0.568,5,3,22.3,10.99,v2_lr,1
142589,2026-09-09,尼崎,5,5372,1.89,0,0,0,10,B2,,0,74,0,5.7,0,0.257,10,6.88,1,0.14,45.37,0.9394,5,3,22.3,2.89,v2_lr,0
142589,2026-09-09,尼崎,6,2878,5.26,28.4,0.2381,0.4286,21,B1,0.15,1,60,10,3.1,0.1,0.177,10,6.98,0.2857,0.06,44.44,0.8979,5,3,22.3,6.73,v2_lr,0
142590,2026-09-09,尼崎,1,3584,5.09,33.3,0.1,0.35,20,B1,0.17,16,58,35,3.5,0,0.191,10,7.08,0,0.18,20.62,0,4,0,24,27.97,v2_lr,0
142590,2026-09-09,尼崎,2,4079,5.6,35.7,0.1429,0.2857,14,A2,0.19,20,81,36,2.9,0.2,0.136,10,6.98,0.5556,-0.05,35.24,0.7206,4,0,24,32.42,v2_lr,1
142590,2026-09-09,尼崎,3,4750,5.03,33.3,0.0357,0.2143,28,B1,0.18,9,73,22,3.4,0.1,0.17,10,6.99,0.5,-0.04,30.48,0.486,4,0,24,10.9,v2_lr,0
142590,2026-09-09,尼崎,4,5448,0,0,0,0,2,B2,,0,0,0,5.7,0,0.143,10,7.04,0.2222,0.08,27.18,0.3233,4,0,24,2.87,v2_lr,0
142590,2026-09-09,尼崎,5,5089,6.84,53.7,0.3333,0.5333,15,A1,0.16,3,60,20,1.8,0.7,0.132,10,6.9,1,-0.03,40.91,1,4,0,24,23.89,v2_lr,0
142590,2026-09-09,尼崎,6,3731,4.99,29,0.0769,0.1538,13,B1,0.22,3,56,16,3.2,0,0.187,10,7.02,0.3333,0.03,27.72,0.3499,4,0,24,1.95,v2_lr,0
142591,2026-09-09,尼崎,1,4515,6.11,41.3,0.0714,0.2857,14,A2,0.16,65,96,81,3.7,0,0.157,10,6.93,0.75,0.13,54.81,1,3,0,24.8,48.33,v2_lr,1
142591,2026-09-09,尼崎,2,4247,5.23,28.5,0.0769,0.1538,26,B1,0.2,7,66,21,3.2,0.2,0.14,10,7.02,0,0.31,27.55,0.3025,3,0,24.8,15.44,v2_lr,0
142591,2026-09-09,尼崎,3,3870,4.45,28,0.0526,0.1579,19,B1,0.21,2,67,11,4.8,0,0.179,10,6.98,0.3333,0.17,33.03,0.4427,3,0,24.8,10.09,v2_lr,0
142591,2026-09-09,尼崎,4,3663,5.16,32.7,0.0556,0.25,36,B1,0.17,3,75,18,2.4,0.2,0.197,10,6.96,0.5,0.13,15.73,0,3,0,24.8,6.2,v2_lr,0
142591,2026-09-09,尼崎,5,4036,6.32,45,0.2143,0.5,14,A1,0.16,8,64,24,3.6,0.2,0.136,10,6.9,1,0.03,19.81,0.1044,3,0,24.8,11.28,v2_lr,0
142591,2026-09-09,尼崎,6,4049,6.11,40,0.3333,0.3333,21,A2,0.17,2,74,10,3.3,0.3,0.14,10,6.99,0.25,0.19,30.77,0.3849,3,0,24.8,8.67,v2_lr,0
142592,2026-09-09,尼崎,1,5307,4.61,26.2,0,0,3,B1,0.21,20,44,27,4.4,0,0.158,10,6.9,1,-0.06,36.45,0.815,3,0,24.9,27,v2_lr,0
142592,2026-09-09,尼崎,2,4567,4.1,17,0.1111,0.2222,9,B1,0.25,1,59,11,4.3,0.1,0.251,10,7.03,0,0.05,21.65,0,3,0,24.9,12.47,v2_lr,0
142592,2026-09-09,尼崎,3,3853,5.5,34.4,0.32,0.48,25,A2,0.2,10,84,28,2.8,0.3,0.176,10,6.92,0.8462,-0.04,26.04,0.2417,3,0,24.9,27.73,v2_lr,0
142592,2026-09-09,尼崎,4,4297,6.44,46.5,0.2,0.4,5,A1,0.13,15,68,27,2.8,0.1,0.101,10,6.92,0.8462,-0.04,39.81,1,3,0,24.9,22.16,v2_lr,0
142592,2026-09-09,尼崎,5,4152,5.63,41.4,0.25,0.45,20,A2,0.18,2,54,10,2.9,0.3,0.182,10,6.95,0.6154,-0.04,29.63,0.4394,3,0,24.9,9.71,v2_lr,1
142592,2026-09-09,尼崎,6,4039,4.86,27.9,0.0556,0.3333,18,B1,0.14,1,80,5,2.4,0.2,0.141,10,7.02,0.0769,-0.01,23.4,0.0964,3,0,24.9,0.93,v2_lr,0
142593,2026-09-09,尼崎,1,5339,5.15,29.8,0.5,0.7,10,B1,0.21,3,16,4,3.1,0.1,0.149,10,6.88,0.7647,0.07,42.86,0.89,2,0,24.4,37.24,v2_lr,1
142593,2026-09-09,尼崎,2,4184,7.36,58,0.2766,0.4894,47,A1,0.17,18,61,42,2.2,0.4,0.117,10,6.84,1,0.16,43.81,0.9316,2,0,24.4,31.5,v2_lr,0
142593,2026-09-09,尼崎,3,4729,4.06,16.8,0.1,0.2,10,B1,0.2,4,49,11,3.6,0.1,0.163,10,6.87,0.8235,0.18,31.48,0.3913,2,0,24.4,13.9,v2_lr,0
142593,2026-09-09,尼崎,4,5372,1.89,0,0,0,10,B2,,0,18,1,5.7,0,0.257,10,6.85,0.9412,0.3,45.37,1,2,0,24.4,3.62,v2_lr,0
142593,2026-09-09,尼崎,5,3574,6.3,50.4,0.2727,0.2727,11,A1,0.17,9,61,24,3,0.3,0.162,10,6.99,0.1176,0.08,22.55,0,2,0,24.4,7.61,v2_lr,0
142593,2026-09-09,尼崎,6,4608,6,42.3,0.4,0.7,10,A2,0.18,0,66,4,2.6,0.4,0.143,10,7.01,0,0.17,26.53,0.1744,2,0,24.4,6.13,v2_lr,0
142594,2026-09-09,尼崎,1,3975,5.97,39.5,0.0909,0.2727,22,A2,0.15,42,76,62,3.6,0.1,0.155,10,6.89,1,0.13,17.92,0,4,0,24.2,36.58,v2_lr,1
142594,2026-09-09,尼崎,2,5328,3.94,16.6,0.3333,0.3333,3,B1,0.2,2,29,6,3.7,0.1,0.149,10,7,0,0.11,25.77,0.3586,4,0,24.2,34.77,v2_lr,0
142594,2026-09-09,尼崎,3,4176,3.17,10.4,0.0588,0.1765,34,B2,0.19,2,48,8,4.5,0,0.153,10,6.98,0.1818,0.2,39.81,1,4,0,24.2,8.84,v2_lr,0
142594,2026-09-09,尼崎,4,3984,6.86,47.8,0.2,0.4,5,A1,0.18,6,75,19,3.5,0.2,0.166,10,6.92,0.7273,0.11,20,0.095,4,0,24.2,14.9,v2_lr,0
142594,2026-09-09,尼崎,5,3643,5.14,29.8,0.1,0.3667,30,B1,0.2,3,60,9,4.3,0.1,0.177,10,6.96,0.3636,0.01,24.3,0.2915,4,0,24.2,4.17,v2_lr,0
142594,2026-09-09,尼崎,6,5448,0,0,0,0,2,B2,,0,35,0,5.7,0,0.143,10,6.99,0.0909,-0.02,27.18,0.423,4,0,24.2,0.74,v2_lr,0
142595,2026-09-09,尼崎,1,4121,5.83,39,0.1,0.3,10,A2,0.15,61,92,75,3.5,0.1,0.14,10,6.84,1,-0.01,25.77,0.242,2,0,23.9,26.36,v2_lr,0
142595,2026-09-09,尼崎,2,2878,5.26,28.4,0.2381,0.4286,21,B1,0.15,10,76,29,3.1,0.1,0.177,10,6.9,0.25,0.1,44.44,1,2,0,23.9,29.61,v2_lr,0
142595,2026-09-09,尼崎,3,4036,6.32,45,0.2143,0.5,14,A1,0.16,15,81,36,3.6,0.2,0.136,10,6.88,0.5,0.05,19.81,0,2,0,23.9,16.81,v2_lr,0
142595,2026-09-09,尼崎,4,5244,4.14,18.8,0,0,3,B1,0.14,2,59,6,4.6,0,0.155,10,6.88,0.5,0.38,36.79,0.6894,2,0,23.9,7.31,v2_lr,0
142595,2026-09-09,尼崎,5,4002,6.39,44.8,0.3474,0.5895,95,A1,0.14,11,62,19,2.1,0.5,0.156,10,6.9,0.25,0.07,33.64,0.5615,2,0,23.9,18.81,v2_lr,1
142595,2026-09-09,尼崎,6,4750,5.03,33.3,0.0357,0.2143,28,B1,0.18,0,47,2,3.4,0.1,0.17,10,6.92,0,-0.06,30.48,0.4332,2,0,23.9,1.1,v2_lr,0
142596,2026-09-09,尼崎,1,3853,5.5,34.4,0.32,0.48,25,A2,0.2,58,91,77,2.8,0.3,0.176,10,6.94,1,-0.15,26.04,0.0143,3,0,23.2,50.16,v2_lr,1
142596,2026-09-09,尼崎,2,3731,4.99,29,0.0769,0.1538,13,B1,0.22,11,72,27,3.2,0,0.187,10,6.98,0.3333,-0.13,27.72,0.0943,3,0,23.2,19.56,v2_lr,0
142596,2026-09-09,尼崎,3,3548,5.65,40.9,0,0.2308,13,A2,0.11,5,88,25,2.8,0.3,0.148,10,7,0,-0.03,36.36,0.506,3,0,23.2,6.86,v2_lr,0
142596,2026-09-09,尼崎,4,3581,4.35,17.5,0.0833,0.125,24,B1,0.19,4,67,16,4.1,0,0.192,10,6.98,0.3333,-0.01,25.74,0,3,0,23.2,6.78,v2_lr,0
142596,2026-09-09,尼崎,5,4902,4.81,30.2,0.1642,0.3284,67,B1,0.18,9,72,20,3.7,0.2,0.176,10,6.95,0.8333,-0.09,39.09,0.636,3,0,23.2,10.05,v2_lr,0
142596,2026-09-09,尼崎,6,4308,6.75,46,0.2353,0.5882,17,A1,0.17,5,69,15,2.4,0.4,0.143,10,7,0,-0.07,46.73,1,3,0,23.2,6.59,v2_lr,0
142597,2026-09-09,尼崎,1,4251,4.56,24.1,0.1071,0.25,28,B1,0.22,26,63,41,3.7,0.1,0.195,10,6.78,1,0.01,49.52,1,0,0,21.8,28.64,v2_lr,1
142597,2026-09-09,尼崎,2,4152,5.63,41.4,0.25,0.45,20,A2,0.18,12,68,27,2.9,0.3,0.182,10,6.88,0.4444,0.01,29.63,0.3118,0,0,21.8,26.87,v2_lr,0
142597,2026-09-09,尼崎,3,4049,6.11,40,0.3333,0.3333,21,A2,0.17,14,93,27,3.3,0.3,0.14,10,6.96,0,0.05,30.77,0.3512,0,0,21.8,21.39,v2_lr,0
142597,2026-09-09,尼崎,4,3860,3.75,17,0,0,3,B1,0.18,1,56,5,4.1,0,0.174,10,6.94,0.1111,-0.13,43.81,0.8024,0,0,21.8,9.02,v2_lr,0
142597,2026-09-09,尼崎,5,3584,5.09,33.3,0.1,0.35,20,B1,0.17,4,68,11,3.5,0,0.191,10,6.89,0.3889,-0.07,20.62,0,0,0,21.8,4.19,v2_lr,0
142597,2026-09-09,尼崎,6,4184,7.36,58,0.2766,0.4894,47,A1,0.17,5,64,12,2.2,0.4,0.117,10,6.82,0.7778,0.02,43.81,0.8024,0,0,21.8,9.89,v2_lr,0
142598,2026-09-09,尼崎,1,3574,6.3,50.4,0.2727,0.2727,11,A1,0.17,55,85,68,3,0.3,0.162,10,6.86,0.5882,0.04,22.55,0.1367,1,0,21.8,32.66,v2_lr,1
142598,2026-09-09,尼崎,2,4172,6.17,44.9,0.2143,0.5,14,A2,0.17,10,82,29,3.5,0.2,0.142,10,6.96,0,-0.01,17.44,0,1,0,21.8,23.69,v2_lr,0
142598,2026-09-09,尼崎,3,5089,6.84,53.7,0.3333,0.5333,15,A1,0.16,14,65,42,1.8,0.7,0.132,10,6.79,1,0.01,40.91,0.628,1,0,21.8,28.51,v2_lr,0
142598,2026-09-09,尼崎,4,4039,4.86,27.9,0.0556,0.3333,18,B1,0.14,8,66,21,2.4,0.2,0.141,10,6.95,0.0588,-0.07,23.4,0.1595,1,0,21.8,3.9,v2_lr,0
142598,2026-09-09,尼崎,5,4515,6.11,41.3,0.0714,0.2857,14,A2,0.16,4,80,13,3.7,0,0.157,10,6.86,0.5882,-0.05,54.81,1,1,0,21.8,9.91,v2_lr,0
142598,2026-09-09,尼崎,6,4672,4.44,23,0,0.3,10,B1,0.19,2,47,6,3.7,0.1,0.16,10,6.83,0.7647,-0.02,47.62,0.8076,1,0,21.8,1.33,v2_lr,0
142599,2026-09-09,尼崎,1,3984,6.86,47.8,0.2,0.4,5,A1,0.18,78,106,97,3.5,0.2,0.166,10,6.88,0.3333,0.05,20,0.1543,1,0,22,26.69,v2_lr,1
142599,2026-09-09,尼崎,2,3663,5.16,32.7,0.0556,0.25,36,B1,0.17,10,84,27,2.4,0.2,0.197,10,6.87,0.4167,0.04,15.73,0,1,0,22,11.64,v2_lr,0
142599,2026-09-09,尼崎,3,4121,5.83,39,0.1,0.3,10,A2,0.15,8,65,26,3.5,0.1,0.14,10,6.8,1,-0.01,25.77,0.3628,1,0,22,11.19,v2_lr,0
142599,2026-09-09,尼崎,4,3838,5.25,39.1,0.1739,0.3043,23,B1,0.16,8,65,16,3.6,0.2,0.141,10,6.92,0,0.05,43.4,1,1,0,22,9.11,v2_lr,0
142599,2026-09-09,尼崎,5,5339,5.15,29.8,0.5,0.7,10,B1,0.21,5,94,25,3.1,0.1,0.149,10,6.84,0.6667,0.05,42.86,0.9805,1,0,22,29.61,v2_lr,0
142599,2026-09-09,尼崎,6,4042,6.25,44.3,0.3571,0.5,14,A2,0.16,4,83,11,2.6,0.4,0.203,10,6.81,0.9167,-0.1,27.1,0.4109,1,0,22,11.76,v2_lr,0
142600,2026-09-09,尼崎,1,4297,6.44,46.5,0.2,0.4,5,A1,0.13,60,85,74,2.8,0.1,0.101,10,6.83,1,0.19,39.81,1,0,0,22.1,31.7,v2_lr,1
142600,2026-09-09,尼崎,2,4002,6.39,44.8,0.3474,0.5895,95,A1,0.14,15,73,41,2.1,0.5,0.156,10,6.87,0.5,0.05,33.64,0.7181,0,0,22.1,30.37,v2_lr,0
142600,2026-09-09,尼崎,3,4608,6,42.3,0.4,0.7,10,A2,0.18,13,81,37,2.6,0.4,0.143,10,6.91,0,0.07,26.53,0.3933,0,0,22.1,21.75,v2_lr,0
142600,2026-09-09,尼崎,4,3975,5.97,39.5,0.0909,0.2727,22,A2,0.15,9,72,15,3.6,0.1,0.155,10,6.85,0.75,-0.03,17.92,0,0,0,22.1,9.87,v2_lr,0
142600,2026-09-09,尼崎,5,4247,5.23,28.5,0.0769,0.1538,26,B1,0.2,1,62,4,3.2,0.2,0.14,10,6.85,0.75,0.11,27.55,0.4399,0,0,22.1,3.11,v2_lr,0
142600,2026-09-09,尼崎,6,4079,5.6,35.7,0.1429,0.2857,14,A2,0.19,2,84,8,2.9,0.2,0.136,10,6.86,0.625,0.11,35.24,0.7912,0,0,22.1,3.2,v2_lr,0
142601,2026-09-09,鳴門,1,4530,6.9,53.9,0.25,0.5417,24,A1,0.16,84,106,95,1.9,0.5,0.104,10,6.82,0.9091,-0.04,13.16,0,2,2,22,45.14,v2_lr,1
142601,2026-09-09,鳴門,2,4678,5.38,32.5,0.2,0.3333,15,B1,0.16,8,63,24,4.5,0,0.199,10,6.92,0,-0.02,29.07,0.4493,2,2,22,25.84,v2_lr,0
142601,2026-09-09,鳴門,3,5342,1.81,1.1,0,0,17,B2,,0,9,0,4.9,0,0.179,10,6.81,1,-0.03,48.57,1,2,2,22,11.15,v2_lr,0
142601,2026-09-09,鳴門,4,4843,5.14,29,0.15,0.3,20,B1,0.18,9,48,19,4,0.2,0.191,10,6.85,0.6364,0.06,29.87,0.4719,2,2,22,11.29,v2_lr,0
142601,2026-09-09,鳴門,5,5334,3.14,12.5,0.05,0.1667,60,B1,0.18,1,79,1,5.2,0,0.241,10,6.83,0.8182,0.14,27.4,0.4021,2,2,22,3.64,v2_lr,0
142601,2026-09-09,鳴門,6,4746,5.27,28.3,0.0476,0.0476,21,B1,0.23,1,49,9,4.1,0.2,0.18,10,6.81,1,0.26,32.43,0.5442,2,2,22,2.93,v2_lr,0
142602,2026-09-09,鳴門,1,5069,4.44,25.3,0.1667,0.25,36,B1,0.13,26,52,37,3.7,0.1,0.137,10,6.96,0.65,0.19,30.26,0.1426,4,4,26,33.97,v2_lr,0
142602,2026-09-09,鳴門,2,4714,4.9,23.9,0.1224,0.3061,49,B1,0.16,4,64,21,2.9,0.3,0.153,10,6.95,0.7,-0.01,35.8,0.4431,4,4,26,23.99,v2_lr,0
142602,2026-09-09,鳴門,3,5198,4.84,29.3,0.075,0.2,40,B1,0.21,3,61,16,2.6,0.3,0.163,10,7.05,0.2,-0.13,46.07,1,4,4,26,13.87,v2_lr,1
142602,2026-09-09,鳴門,4,5056,0,0,0.1818,0.1818,11,B2,,0,6,1,4,0.1,0.132,10,6.89,1,-0.03,30.99,0.1822,4,4,26,9.85,v2_lr,0
142602,2026-09-09,鳴門,5,4611,6.53,47.4,0.2727,0.5,22,A1,0.14,1,69,13,2.7,0.3,0.123,10,6.99,0.5,0.02,36.62,0.4875,4,4,26,17.01,v2_lr,0
142602,2026-09-09,鳴門,6,5189,5.63,34.3,0.0833,0.0833,12,A2,0.21,0,59,8,3.8,0.1,0.211,10,7.09,0,0.09,27.63,0,4,4,26,1.31,v2_lr,0
142603,2026-09-09,鳴門,1,4885,6.26,47.2,0.6,0.8,5,A2,0.18,24,32,30,1.5,0.7,0.101,10,6.89,1,-0.07,28,0.2585,2,2,24,47.63,v2_lr,0
142603,2026-09-09,鳴門,2,4400,4.04,17.6,0,0.1111,9,B1,0.2,0,56,11,3.8,0,0.193,10,7.09,0.2,0.03,40.63,0.9222,2,2,24,13.11,v2_lr,0
142603,2026-09-09,鳴門,3,4733,5.1,33.7,0.1509,0.3019,53,B1,0.16,7,54,17,2.9,0.3,0.123,10,7.14,0,-0.06,24.29,0.0636,2,2,24,17.5,v2_lr,1
142603,2026-09-09,鳴門,4,4901,4.4,22.2,0.2,0.6,5,B1,0.18,1,39,7,2.4,0.2,0.165,10,7.01,0.52,0.06,25,0.1009,2,2,24,7.78,v2_lr,0
142603,2026-09-09,鳴門,5,4845,7.26,63,0.3478,0.5217,23,A1,0.16,4,56,17,3.7,0.1,0.204,10,7.1,0.16,0.08,23.08,0,2,2,24,12.33,v2_lr,0
142603,2026-09-09,鳴門,6,5108,2.59,6.1,0,0,4,B2,0.24,0,16,1,5.2,0,0.228,10,6.93,0.84,0.07,42.11,1,2,2,24,1.65,v2_lr,0
142604,2026-09-09,鳴門,1,4372,5.75,36.9,0.1111,0.3611,36,A2,0.2,37,60,45,3,0.3,0.157,10,6.99,1,0.04,23.19,0,3,3,23,31,v2_lr,1
142604,2026-09-09,鳴門,2,4642,6.08,47.4,0.25,0.375,24,A2,0.15,18,69,33,2.4,0.5,0.119,10,7.05,0.6471,0.04,29.41,0.364,3,3,23,27.74,v2_lr,0
142604,2026-09-09,鳴門,3,4546,5.88,39.7,0.1818,0.5,22,B1,0.17,14,60,32,3.5,0.1,0.179,10,7.05,0.6471,-0.02,34.25,0.6472,3,3,23,24.38,v2_lr,0
142604,2026-09-09,鳴門,4,4984,5.08,27.6,0.1429,0.1905,21,B1,0.22,5,51,11,3.5,0.2,0.209,10,7.06,0.5882,-0.17,40.28,1,3,3,23,11.93,v2_lr,0
142604,2026-09-09,鳴門,5,4680,5.66,36.2,0.0455,0.3636,22,A2,0.22,3,67,14,2.7,0.2,0.162,10,7.02,0.8235,-0.21,29.33,0.3593,3,3,23,3.96,v2_lr,0
142604,2026-09-09,鳴門,6,4965,4.8,26.5,0,0.1667,12,B1,0.21,0,45,2,4.5,0,0.136,10,7.16,0,-0.07,35.44,0.7168,3,3,23,0.98,v2_lr,0
142605,2026-09-09,鳴門,1,5180,2.69,13.8,0,0.2,5,B2,0.2,6,21,8,3.6,0,0.157,10,6.9,1,0.33,21.43,0,3,3,23,21.36,v2_lr,0
142605,2026-09-09,鳴門,2,5342,1.81,1.1,0,0,17,B2,,0,8,1,4.9,0,0.179,10,6.98,0.3846,0.12,48.57,1,3,3,23,14.17,v2_lr,0
142605,2026-09-09,鳴門,3,4784,4.3,26.8,0.0909,0.2727,22,B1,0.21,3,51,13,3.5,0,0.187,10,6.92,0.8462,0.02,36.11,0.5409,3,3,23,16.82,v2_lr,0
142605,2026-09-09,鳴門,4,3470,5.13,29.1,0.1154,0.2692,52,B1,0.14,5,55,8,3.6,0,0.181,10,7.03,0,0.11,23.08,0.0608,3,3,23,8.39,v2_lr,1
142605,2026-09-09,鳴門,5,4738,5.69,38,0.4286,0.5,14,A2,0.18,2,70,7,3.5,0.2,0.156,10,6.9,1,0.03,23.61,0.0803,3,3,23,30.59,v2_lr,0
142605,2026-09-09,鳴門,6,4347,6.06,36.4,0.2,0.6,5,A2,0.18,0,57,2,2.7,0.3,0.166,10,7.01,0.1538,0.12,29.73,0.3058,3,3,23,8.67,v2_lr,0
142606,2026-09-09,鳴門,1,4720,4.05,15.9,0,0,5,B1,0.18,15,47,21,4.7,0,0.191,10,6.94,1,0.31,40,1,4,4,23,23.59,v2_lr,0
142606,2026-09-09,鳴門,2,4450,6.02,42.8,0.1875,0.4688,32,A2,0.15,14,69,43,2.6,0.2,0.219,10,7.04,0.4118,0.31,33.77,0.4931,4,4,23,30.4,v2_lr,1
142606,2026-09-09,鳴門,3,5195,5.53,35.6,0.2143,0.2857,14,A2,0.14,6,56,14,3.6,0.2,0.136,10,7.11,0,0.15,35.9,0.6664,4,4,23,25.18,v2_lr,0
142606,2026-09-09,鳴門,4,4775,6.21,43.4,0.0667,0.2,15,A2,0.14,4,50,16,4,0,0.136,10,7.02,0.5294,0.21,31.34,0.2954,4,4,23,10.83,v2_lr,0
142606,2026-09-09,鳴門,5,4689,4.92,29.7,0.2162,0.4595,37,B1,0.16,4,54,8,4.2,0,0.151,10,7.1,0.0588,0.09,34.62,0.5622,4,4,23,8.8,v2_lr,0
142606,2026-09-09,鳴門,6,5390,1.77,2.7,0,0,10,B2,,1,132,1,4,0.1,0.14,10,6.95,0.9412,0.19,27.71,0,4,4,23,1.19,v2_lr,0
142607,2026-09-09,鳴門,1,5153,4.3,23.9,0,0,4,B1,0.19,11,50,16,3.8,0,0.116,10,7.03,0,-0.05,22.54,0.374,5,5,23,20.01,v2_lr,0
142607,2026-09-09,鳴門,2,4901,4.4,22.2,0.2,0.6,5,B1,0.18,6,35,11,2.4,0.2,0.165,10,6.99,0.4444,0.15,25,0.4721,5,5,23,22.06,v2_lr,0
142607,2026-09-09,鳴門,3,4714,4.9,23.9,0.1224,0.3061,49,B1,0.16,3,69,18,2.9,0.3,0.153,10,7.02,0.1111,0.02,35.8,0.9027,5,5,23,16.57,v2_lr,0
142607,2026-09-09,鳴門,4,4627,6.18,46.4,0.2308,0.3846,13,A2,0.11,11,58,20,3.4,0.1,0.162,10,7.03,0,0.12,28,0.5917,5,5,23,17.69,v2_lr,0
142607,2026-09-09,鳴門,5,4530,6.9,53.9,0.25,0.5417,24,A1,0.16,6,59,18,1.9,0.5,0.104,10,6.94,1,0.12,13.16,0,5,5,23,22.56,v2_lr,1
142607,2026-09-09,鳴門,6,5440,1.53,4.1,0,0,10,B2,,0,88,3,5.9,0,0.172,10,7.01,0.2222,0.14,38.24,1,5,5,23,1.1,v2_lr,0
142608,2026-09-09,鳴門,1,4900,5.34,33,0,0.1739,23,B1,0.18,48,71,55,3.8,0.1,0.136,10,7.01,0.88,-0.06,31.94,0.3824,6,6,23,28.62,v2_lr,1
142608,2026-09-09,鳴門,2,4372,5.75,36.9,0.1111,0.3611,36,A2,0.2,13,57,27,3,0.3,0.157,10,7.12,0.44,0.06,23.19,0,6,6,23,25.68,v2_lr,0
142608,2026-09-09,鳴門,3,4400,4.04,17.6,0,0.1111,9,B1,0.2,3,66,15,3.8,0,0.193,10,7.2,0.12,0.18,40.63,0.7622,6,6,23,6.65,v2_lr,0
142608,2026-09-09,鳴門,4,5193,6.68,47,0.2857,0.4286,21,A1,0.13,5,72,18,2.7,0.3,0.187,10,6.98,1,-0.01,38.67,0.6766,6,6,23,28.57,v2_lr,0
142608,2026-09-09,鳴門,5,5198,4.84,29.3,0.075,0.2,40,B1,0.21,3,66,6,2.6,0.3,0.163,10,7.06,0.68,-0.03,46.07,1,6,6,23,6.21,v2_lr,0
142608,2026-09-09,鳴門,6,4071,4.45,18.8,0.2143,0.5714,14,B1,0.18,2,46,7,4.4,0.1,0.18,10,7.23,0,0.07,29.33,0.2684,6,6,23,4.29,v2_lr,0
142609,2026-09-09,鳴門,1,4845,7.26,63,0.3478,0.5217,23,A1,0.16,54,81,65,3.7,0.1,0.204,10,7.01,1,0.05,23.08,0,5,5,23,38.37,v2_lr,0
142609,2026-09-09,鳴門,2,4738,5.69,38,0.4286,0.5,14,A2,0.18,27,85,44,3.5,0.2,0.156,10,7.06,0.4444,0.05,23.61,0.0517,5,5,23,37.3,v2_lr,1
142609,2026-09-09,鳴門,3,4680,5.66,36.2,0.0455,0.3636,22,A2,0.22,4,67,23,2.7,0.2,0.162,10,7.05,0.5556,0.01,29.33,0.6098,5,5,23,10.01,v2_lr,0
142609,2026-09-09,鳴門,4,5380,1.21,0,0,0,52,B2,,0,42,0,5.8,0,0.238,10,7.04,0.6667,0.12,33.33,1,5,5,23,4.1,v2_lr,0
142609,2026-09-09,鳴門,5,5069,4.44,25.3,0.1667,0.25,36,B1,0.13,2,49,6,3.7,0.1,0.137,10,7.09,0.1111,-0.01,30.26,0.7005,5,5,23,7.58,v2_lr,0
142609,2026-09-09,鳴門,6,4843,5.14,29,0.15,0.3,20,B1,0.18,5,44,8,4,0.2,0.191,10,7.1,0,-0.09,29.87,0.6624,5,5,23,2.64,v2_lr,0
142610,2026-09-09,鳴門,1,4784,4.3,26.8,0.0909,0.2727,22,B1,0.21,12,35,22,3.5,0,0.187,10,7.07,0.8,-0.04,36.11,0.7479,5,5,22,27.79,v2_lr,0
142610,2026-09-09,鳴門,2,4775,6.21,43.4,0.0667,0.2,15,A2,0.14,7,57,24,4,0,0.136,10,7.06,1,0.16,31.34,0.5475,5,5,22,26.51,v2_lr,1
142610,2026-09-09,鳴門,3,5108,2.59,6.1,0,0,4,B2,0.24,0,15,0,5.2,0,0.228,10,7.07,0.8,0.08,42.11,1,5,5,22,8.73,v2_lr,0
142610,2026-09-09,鳴門,4,4546,5.88,39.7,0.1818,0.5,22,B1,0.17,7,65,24,3.5,0.1,0.179,10,7.1,0.2,0.02,34.25,0.6697,5,5,22,15.47,v2_lr,0
142610,2026-09-09,鳴門,5,4050,6.66,48.6,0.375,0.625,24,A1,0.12,5,55,21,2,0.5,0.191,10,7.11,0,-0.03,18.31,0,5,5,22,17.43,v2_lr,0
142610,2026-09-09,鳴門,6,4878,4.35,19.7,0.087,0.3261,46,B1,0.17,0,43,1,3.4,0.1,0.182,10,7.06,1,-0.02,31.4,0.55,5,5,22,4.06,v2_lr,0
142611,2026-09-09,鳴門,1,5195,5.53,35.6,0.2143,0.2857,14,A2,0.14,28,48,34,3.6,0.2,0.136,10,7.02,0.5882,0.21,35.9,1,5,5,23,31.01,v2_lr,1
142611,2026-09-09,鳴門,2,4347,6.06,36.4,0.2,0.6,5,A2,0.18,8,58,31,2.7,0.3,0.166,10,7.05,0.4118,0.19,29.73,0.5382,5,5,23,27.44,v2_lr,0
142611,2026-09-09,鳴門,3,5189,5.63,34.3,0.0833,0.0833,12,A2,0.21,11,57,20,3.8,0.1,0.211,10,7.12,0,0.15,27.63,0.381,5,5,23,6.76,v2_lr,0
142611,2026-09-09,鳴門,4,5153,4.3,23.9,0,0,4,B1,0.19,2,63,13,3.8,0,0.116,10,7.04,0.4706,0.09,22.54,0,5,5,23,2.95,v2_lr,0
142611,2026-09-09,鳴門,5,4885,6.26,47.2,0.6,0.8,5,A2,0.18,2,23,6,1.5,0.7,0.101,10,6.95,1,0.16,28,0.4087,5,5,23,28.19,v2_lr,0
142611,2026-09-09,鳴門,6,4642,6.08,47.4,0.25,0.375,24,A2,0.15,4,53,10,2.4,0.5,0.119,10,7.05,0.4118,0.23,29.41,0.5142,5,5,23,3.65,v2_lr,0
142612,2026-09-09,鳴門,1,5193,6.68,47,0.2857,0.4286,21,A1,0.13,63,89,74,2.7,0.3,0.187,10,6.88,1,-0.04,38.67,1,5,5,22,34.32,v2_lr,1
142612,2026-09-09,鳴門,2,4627,6.18,46.4,0.2308,0.3846,13,A2,0.11,17,60,36,3.4,0.1,0.162,10,7.04,0.0588,-0.01,28,0.258,5,5,22,24.91,v2_lr,0
142612,2026-09-09,鳴門,3,4974,5.54,36,0.2368,0.4474,38,A2,0.16,10,64,21,3,0.4,0.136,10,6.92,0.7647,-0.01,32.89,0.5981,5,5,22,24.92,v2_lr,0
142612,2026-09-09,鳴門,4,4733,5.1,33.7,0.1509,0.3019,53,B1,0.16,8,56,26,2.9,0.3,0.123,10,7.01,0.2353,0.14,24.29,0,5,5,22,8.24,v2_lr,0
142612,2026-09-09,鳴門,5,5056,0,0,0.1818,0.1818,11,B2,,0,5,1,4,0.1,0.132,10,6.96,0.5294,0.12,30.99,0.4659,5,5,22,3.5,v2_lr,0
142612,2026-09-09,鳴門,6,4450,6.02,42.8,0.1875,0.4688,32,A2,0.15,4,71,12,2.6,0.2,0.219,10,7.05,0,0.03,33.77,0.6592,5,5,22,4.11,v2_lr,0
142613,2026-09-09,児島,1,4067,5.95,40.3,0.3333,0.3333,3,A2,0.15,68,113,90,2.6,0.3,0.193,10,6.75,1,0.12,27.04,0,2,3,24,44.5,v2_lr,1
142613,2026-09-09,児島,2,4449,3.93,23.6,0.0556,0.2222,18,B1,0.19,1,69,10,4.2,0.1,0.129,10,6.8,0.7368,0.22,32.2,0.2297,2,3,24,18.58,v2_lr,0
142613,2026-09-09,児島,3,5335,2.23,7.2,0,0.0833,12,B1,0.19,1,51,8,4.4,0.1,0.153,10,6.76,0.9474,0.21,49.5,1,2,3,24,15.14,v2_lr,0
142613,2026-09-09,児島,4,4924,4.16,15.8,0.15,0.25,20,B1,0.15,0,57,6,4.8,0,0.201,10,6.88,0.3158,0.24,33.17,0.2729,2,3,24,9.35,v2_lr,0
142613,2026-09-09,児島,5,4410,5.31,30.9,0.1746,0.3651,63,B1,0.16,5,74,13,3.9,0,0.134,10,6.89,0.2632,0.05,30.5,0.1541,2,3,24,10.23,v2_lr,0
142613,2026-09-09,児島,6,5076,5.45,36.5,0.0667,0.2667,15,B1,0.18,2,60,4,2.8,0.3,0.154,10,6.94,0,0.11,35.96,0.3972,2,3,24,2.19,v2_lr,0
142614,2026-09-09,児島,1,3866,5.07,31.7,0,0.1389,36,B1,0.11,9,37,21,4.5,0.1,0.207,10,6.95,0,0.09,25,0.0141,2,3,23,26.99,v2_lr,0
142614,2026-09-09,児島,2,5326,4.55,25.2,0.1,0.15,20,B1,0.17,7,40,18,4.3,0,0.145,10,6.9,0.2381,0.61,34.67,0.9869,2,3,23,24.89,v2_lr,0
142614,2026-09-09,児島,3,4789,5.64,38.6,0.1111,0.3333,9,A2,0.14,5,64,21,4,0.1,0.127,10,6.93,0.0952,0.24,34.8,1,2,3,23,24.1,v2_lr,1
142614,2026-09-09,児島,4,4343,4.78,23.6,0.1111,0.3704,27,B1,0.18,1,63,4,4.6,0,0.188,10,6.87,0.381,0.12,31.77,0.6952,2,3,23,13.83,v2_lr,0
142614,2026-09-09,児島,5,5124,4.16,16.2,0,0,12,B1,0.18,2,55,8,4.4,0,0.131,10,6.74,1,0.07,31,0.6177,2,3,23,5.79,v2_lr,0
142614,2026-09-09,児島,6,4374,4.76,26.9,0.125,0.125,8,B1,0.13,1,53,5,4.2,0,0.15,10,6.76,0.9048,0.05,24.86,0,2,3,23,4.4,v2_lr,0
142615,2026-09-09,児島,1,5286,4.34,25.5,0.3077,0.3846,13,B1,0.16,17,45,23,4,0.2,0.132,10,6.84,1,0.18,28.43,0,2,3,23,30.31,v2_lr,0
142615,2026-09-09,児島,2,3988,5.66,40.5,0.1818,0.5455,11,A2,0.15,10,82,36,2.5,0.2,0.14,10,6.84,1,0.29,35.18,0.6043,2,3,23,21.07,v2_lr,1
142615,2026-09-09,児島,3,4436,6.6,49.2,0.2083,0.4167,24,A1,0.16,16,81,43,2.7,0.3,0.144,10,6.86,0.7778,0.13,39.6,1,2,3,23,21.19,v2_lr,0
142615,2026-09-09,児島,4,4131,6.39,51.5,0.3333,0.6111,18,B1,0.13,9,68,20,2.7,0.3,0.137,10,6.86,0.7778,-0.03,37.13,0.7789,2,3,23,19.98,v2_lr,0
142615,2026-09-09,児島,5,4788,5.95,38.5,0.1714,0.3429,35,A2,0.15,7,80,19,3.4,0.2,0.113,10,6.93,0,-0.01,36.36,0.7099,2,3,23,5.94,v2_lr,0
142615,2026-09-09,児島,6,3284,5.08,31.3,0,0.25,12,B1,0.19,3,55,7,3.2,0,0.245,10,6.87,0.6667,0.07,33.17,0.4244,2,3,23,1.51,v2_lr,0
142616,2026-09-09,児島,1,5358,2.93,4.5,0,0,3,B2,0.19,1,14,6,4.1,0,0.251,10,6.84,0,0.27,35.12,0.7063,2,3,23,16.38,v2_lr,0
142616,2026-09-09,児島,2,4359,5.52,37.3,0.1333,0.3333,30,A2,0.11,7,75,30,3.9,0,0.105,10,6.82,0.2222,0.16,36.23,1,2,3,23,27.65,v2_lr,1
142616,2026-09-09,児島,3,4460,6.09,39.6,0.125,0.3333,24,A2,0.15,12,78,33,3.6,0.1,0.15,10,6.81,0.3333,0.33,32.51,0.0159,2,3,23,13.67,v2_lr,0
142616,2026-09-09,児島,4,4350,7.56,55.3,0.3846,0.7692,13,A1,0.12,8,73,29,2.8,0.2,0.103,10,6.75,1,0.17,32.45,0,2,3,23,33.06,v2_lr,0
142616,2026-09-09,児島,5,5265,3.47,14.1,0.1667,0.2222,18,B1,0.15,2,72,5,5,0,0.167,10,6.81,0.3333,0.31,35.45,0.7937,2,3,23,6.68,v2_lr,0
142616,2026-09-09,児島,6,5109,5.05,29.2,0.122,0.2927,41,B1,0.17,1,59,7,3.8,0.1,0.166,10,6.8,0.4444,0.11,32.67,0.0582,2,3,23,2.56,v2_lr,0
142617,2026-09-09,児島,1,5299,5.46,40.1,0.1905,0.4048,42,A2,0.16,30,50,38,3.3,0.2,0.08,10,6.77,0.3636,0.35,38.86,1,4,3,23,32.44,v2_lr,1
142617,2026-09-09,児島,2,4314,5.62,37.8,0.15,0.2,20,A2,0.17,13,71,29,2.9,0.2,0.155,10,6.77,0.3636,0.12,33.33,0.5399,4,3,23,24.53,v2_lr,0
142617,2026-09-09,児島,3,5047,4.62,25.3,0.2143,0.3571,14,B1,0.13,9,67,22,2.8,0.4,0.138,10,6.81,0,0.13,26.84,0,4,3,23,17.76,v2_lr,0
142617,2026-09-09,児島,4,4499,5.31,35.2,0.0833,0.0833,12,B1,0.16,6,52,18,3.6,0.2,0.198,10,6.77,0.3636,0.32,31.5,0.3877,4,3,23,6.1,v2_lr,0
142617,2026-09-09,児島,5,4446,7.19,57,0.1667,0.1667,12,A1,0.13,4,72,25,3.8,0.1,0.114,10,6.7,1,0.01,30.39,0.2953,4,3,23,18.5,v2_lr,0
142617,2026-09-09,児島,6,5464,0,0,0,0,3,B2,,0,24,0,5.9,0,0.207,10,6.77,0.3636,0.26,36.1,0.7704,4,3,23,0.68,v2_lr,0
142618,2026-09-09,児島,2,4286,5.54,34.6,0,0.3333,3,A2,0.16,12,85,35,2.9,0.1,0.156,10,6.68,1,0.1,38.5,1,3,3,23,26.23,v2_lr,0
142618,2026-09-09,児島,3,4828,6.34,44.1,0.1538,0.4615,13,A1,0.17,14,73,30,2.3,0.3,0.163,10,6.78,0.5652,0.27,30.1,0.3349,3,3,23,22.42,v2_lr,1
142618,2026-09-09,児島,4,5338,3.74,17.2,0,0,12,B1,0.11,4,76,12,3.7,0,0.119,10,6.88,0.1304,0.1,35.92,0.7957,3,3,23,7.88,v2_lr,0
142618,2026-09-09,児島,5,4441,6.21,41.9,0.2841,0.4545,88,A2,0.12,6,67,14,2.7,0.3,0.112,10,6.91,0,0.06,33.83,0.6302,3,3,23,14.6,v2_lr,0
142618,2026-09-09,児島,6,5423,1.09,0,0,0,11,B2,,0,59,0,5.8,0,0.193,10,6.8,0.4783,0.19,25.87,0,3,3,23,0.83,v2_lr,0
142619,2026-09-09,児島,1,4382,5.05,22.3,0,0.0833,12,B1,0.18,17,52,29,3,0.2,0.157,10,6.85,0.3077,-0.04,34.33,0.7139,3,3,23,26.67,v2_lr,0
142619,2026-09-09,児島,2,4789,5.64,38.6,0.1111,0.3333,9,A2,0.14,9,61,23,4,0.1,0.127,10,6.89,0,-0.06,34.8,0.752,3,3,23,22.92,v2_lr,0
142619,2026-09-09,児島,3,5076,5.45,36.5,0.0667,0.2667,15,B1,0.18,13,64,19,2.8,0.3,0.154,10,6.89,0,-0.18,35.96,0.846,3,3,23,13.89,v2_lr,1
142619,2026-09-09,児島,4,5074,4.74,28.1,0.1176,0.2353,17,B1,0.2,4,69,10,4.5,0.1,0.198,10,6.82,0.5385,0.12,35.12,0.778,3,3,23,8.33,v2_lr,0
142619,2026-09-09,児島,5,4072,6.74,53.8,0.3158,0.6316,19,A1,0.12,7,72,26,2.7,0.3,0.139,10,6.77,0.9231,0.05,37.86,1,3,3,23,22.59,v2_lr,0
142619,2026-09-09,児島,6,4754,6.04,44,0.3333,0.6667,3,A2,0.16,2,70,12,2.5,0.3,0.142,10,6.76,1,0.09,25.52,0,3,3,23,5.61,v2_lr,0
142620,2026-09-09,児島,1,4797,6.71,52.6,0.2143,0.3571,14,A1,0.09,46,62,50,4.2,0.1,0.215,10,6.86,0.25,0.12,35,0.5191,3,3,23,35.52,v2_lr,0
142620,2026-09-09,児島,2,4410,5.31,30.9,0.1746,0.3651,63,B1,0.16,7,78,28,3.9,0,0.134,10,6.84,0.4167,-0.02,30.5,0.2663,3,3,23,31.77,v2_lr,1
142620,2026-09-09,児島,3,4343,4.78,23.6,0.1111,0.3704,27,B1,0.18,2,77,13,4.6,0,0.188,10,6.82,0.5833,0.12,31.77,0.3376,3,3,23,14.04,v2_lr,0
142620,2026-09-09,児島,4,3988,5.66,40.5,0.1818,0.5455,11,A2,0.15,9,77,33,2.5,0.2,0.14,10,6.77,1,0.45,35.18,0.5292,3,3,23,12.6,v2_lr,0
142620,2026-09-09,児島,5,4728,4.21,26.3,0.1333,0.3,30,B1,0.18,0,64,6,2.4,0.3,0.202,10,6.87,0.1667,0.22,43.56,1,3,3,23,5.18,v2_lr,0
142620,2026-09-09,児島,6,5292,3.73,13.1,0.0345,0.2414,29,B1,0.29,1,47,3,3.2,0.1,0.16,10,6.89,0,0.27,25.76,0,3,3,23,0.9,v2_lr,0
142621,2026-09-09,児島,1,4460,6.09,39.6,0.125,0.3333,24,A2,0.15,53,92,71,3.6,0.1,0.15,10,6.75,0.5833,-0.03,32.51,0.4444,3,3,24,26.57,v2_lr,0
142621,2026-09-09,児島,2,5047,4.62,25.3,0.2143,0.3571,14,B1,0.13,9,60,25,2.8,0.4,0.138,10,6.78,0.3333,0.17,26.84,0,3,3,24,23.74,v2_lr,0
142621,2026-09-09,児島,3,5124,4.16,16.2,0,0,12,B1,0.18,5,56,14,4.4,0,0.131,10,6.7,1,0.19,31,0.326,3,3,24,7.24,v2_lr,0
142621,2026-09-09,児島,4,4436,6.6,49.2,0.2083,0.4167,24,A1,0.16,9,76,31,2.7,0.3,0.144,10,6.7,1,0.04,39.6,1,3,3,24,18.62,v2_lr,1
142621,2026-09-09,児島,5,4364,6.53,46.6,0.4,0.6286,35,A1,0.14,6,70,17,3.1,0.3,0.112,10,6.76,0.5,-0.05,39.5,0.9922,3,3,24,21.92,v2_lr,0
142621,2026-09-09,児島,6,4924,4.16,15.8,0.15,0.25,20,B1,0.15,0,46,1,4.8,0,0.201,10,6.82,0,0.03,33.17,0.4961,3,3,24,1.91,v2_lr,0
142622,2026-09-09,児島,1,4499,5.31,35.2,0.0833,0.0833,12,B1,0.16,26,48,34,3.6,0.2,0.198,10,6.83,0.1667,0.13,31.5,0.6632,2,3,24,26.55,v2_lr,1
142622,2026-09-09,児島,2,4067,5.95,40.3,0.3333,0.3333,3,A2,0.15,20,90,50,2.6,0.3,0.193,10,6.77,0.5,0.19,27.04,0.3541,2,3,24,26.77,v2_lr,0
142622,2026-09-09,児島,3,4788,5.95,38.5,0.1714,0.3429,35,A2,0.15,11,85,35,3.4,0.2,0.113,10,6.86,0,0.11,36.36,1,2,3,24,19.27,v2_lr,0
142622,2026-09-09,児島,4,5109,5.05,29.2,0.122,0.2927,41,B1,0.17,3,64,13,3.8,0.1,0.166,10,6.74,0.6667,-0.07,32.67,0.7443,2,3,24,10.9,v2_lr,0
142622,2026-09-09,児島,5,4030,6.64,36.2,0.2308,0.3077,13,A1,0.15,3,81,15,3.1,0.2,0.13,10,6.68,1,-0.07,21.93,0,2,3,24,13.83,v2_lr,0
142622,2026-09-09,児島,6,5326,4.55,25.2,0.1,0.15,20,B1,0.17,3,96,5,4.3,0,0.145,10,6.72,0.7778,0.13,34.67,0.8829,2,3,24,2.68,v2_lr,0
142623,2026-09-09,児島,1,4446,7.19,57,0.1667,0.1667,12,A1,0.13,82,102,93,3.8,0.1,0.114,10,6.76,0.7222,0.13,30.39,0.4507,2,3,24,36.31,v2_lr,1
142623,2026-09-09,児島,2,4754,6.04,44,0.3333,0.6667,3,A2,0.16,12,81,41,2.5,0.3,0.142,10,6.89,0,0.26,25.52,0.0538,2,3,24,19.48,v2_lr,0
142623,2026-09-09,児島,3,4374,4.76,26.9,0.125,0.125,8,B1,0.13,4,65,14,4.2,0,0.15,10,6.75,0.7778,0.24,24.86,0,2,3,24,10.06,v2_lr,0
142623,2026-09-09,児島,4,4828,6.34,44.1,0.1538,0.4615,13,A1,0.17,11,69,28,2.3,0.3,0.163,10,6.71,1,0.04,30.1,0.4271,2,3,24,17.73,v2_lr,0
142623,2026-09-09,児島,6,4131,6.39,51.5,0.3333,0.6111,18,B1,0.13,1,59,7,2.7,0.3,0.137,10,6.74,0.8333,0.11,37.13,1,2,3,24,10.54,v2_lr,0
142624,2026-09-09,児島,1,4072,6.74,53.8,0.3158,0.6316,19,A1,0.12,78,101,87,2.7,0.3,0.139,10,6.75,1,0.08,37.86,0.8942,2,3,24,36.67,v2_lr,1
142624,2026-09-09,児島,2,3284,5.08,31.3,0,0.25,12,B1,0.19,8,66,22,3.2,0,0.245,10,6.77,0.8333,0.19,33.17,0.119,2,3,24,14.88,v2_lr,0
142624,2026-09-09,児島,3,4350,7.56,55.3,0.3846,0.7692,13,A1,0.12,17,76,40,2.8,0.2,0.103,10,6.84,0.25,0.09,32.45,0,2,3,24,28.81,v2_lr,0
142624,2026-09-09,児島,4,4314,5.62,37.8,0.15,0.2,20,A2,0.17,11,68,26,2.9,0.2,0.155,10,6.87,0,0.01,33.33,0.1455,2,3,24,9.59,v2_lr,0
142624,2026-09-09,児島,5,4797,6.71,52.6,0.2143,0.3571,14,A1,0.09,4,53,15,4.2,0.1,0.215,10,6.81,0.5,0.03,35,0.4215,2,3,24,7.68,v2_lr,0
142624,2026-09-09,児島,6,4286,5.54,34.6,0,0.3333,3,A2,0.16,0,84,8,2.9,0.1,0.156,10,6.83,0.3333,0.08,38.5,1,2,3,24,2.37,v2_lr,0
142625,2026-09-09,宮島,1,4574,5.49,34,0.1579,0.386,57,A2,0.18,28,63,39,4.2,0.1,0.192,10,6.83,0.6875,0.17,35.06,0.2892,4,5,27,41.51,v2_lr,1
142625,2026-09-09,宮島,2,5036,5.14,36.1,0.0625,0.375,16,B1,0.18,5,70,29,3,0.2,0.119,10,6.84,0.625,-0.14,36.51,0.3706,4,5,27,21.11,v2_lr,0
142625,2026-09-09,宮島,3,4231,5.33,29.3,0.1429,0.3571,14,B1,0.18,16,93,29,3.2,0.1,0.197,10,6.83,0.6875,0.14,32.02,0.1185,4,5,27,20.54,v2_lr,0
142625,2026-09-09,宮島,4,4023,3.93,19.5,0,0.1667,6,B1,0.18,2,61,6,5.1,0,0.203,10,6.9,0.25,0.21,29.91,0,4,5,27,3.48,v2_lr,0
142625,2026-09-09,宮島,5,3868,4.66,26.1,,,0,B1,0.2,1,67,7,4.1,0.1,0.171,10,6.94,0,0.06,31.39,0.0831,4,5,27,11.19,v2_lr,0
142625,2026-09-09,宮島,6,3748,4.38,19.2,,,0,B1,0.16,0,48,2,3.9,0.1,0.192,10,6.78,1,0.1,47.72,1,4,5,27,2.16,v2_lr,0
142626,2026-09-09,宮島,1,3920,5.11,32.3,0.1333,0.4222,45,B1,0.18,19,45,30,5.3,0,0.208,10,6.95,0,0.12,38.39,0.6886,4,4,26,31.3,v2_lr,1
142626,2026-09-09,宮島,2,3662,5.28,37.7,0.3,0.6,10,B1,0.16,10,72,23,3.5,0.2,0.191,10,6.79,1,0.08,36.68,0.2,4,4,26,40.84,v2_lr,0
142626,2026-09-09,宮島,4,5384,1.71,1.3,0,0,8,B2,0.58,0,33,0,5.4,0,0.234,10,6.91,0.25,0.09,36.4,0.12,4,4,26,3.8,v2_lr,0
142626,2026-09-09,宮島,5,5311,5.26,31.6,0,0.0909,11,B1,0.17,6,93,14,3.4,0.3,0.121,10,6.79,1,0.01,35.98,0,4,4,26,7.91,v2_lr,0
142626,2026-09-09,宮島,6,4201,3.91,15.1,0.1333,0.2667,15,B1,0.2,1,53,6,3.3,0.1,0.16,10,6.88,0.4375,-0.02,39.48,1,4,4,26,4.22,v2_lr,0
142627,2026-09-09,宮島,1,4134,5.97,43.8,0.2258,0.3871,31,A2,0.16,59,96,79,3.5,0.1,0.163,10,6.94,0,-0.04,34.09,0,6,6,26,27.51,v2_lr,1
142627,2026-09-09,宮島,2,4732,6.22,40,0.2727,0.4545,11,A2,0.11,18,79,44,2.1,0.4,0.076,10,6.86,0.5333,0.02,39,0.9229,6,6,26,29.78,v2_lr,0
142627,2026-09-09,宮島,3,4332,4.29,18.8,0,0.1364,22,B1,0.18,5,61,16,4,0.1,0.211,10,6.79,1,-0.01,39.41,1,6,6,26,8.9,v2_lr,0
142627,2026-09-09,宮島,4,3556,6.68,48.6,0.3333,0.625,24,A1,0.13,15,73,34,3.6,0.2,0.172,10,6.87,0.4667,-0.06,37.85,0.7068,6,6,26,26.2,v2_lr,0
142627,2026-09-09,宮島,5,4570,6.37,45.8,0.0769,0.2308,13,A1,0.17,8,64,16,3.3,0.1,0.136,10,6.83,0.7333,-0.15,36.29,0.4135,6,6,26,6.78,v2_lr,0
142627,2026-09-09,宮島,6,5452,0,0,0,0,12,B2,,0,25,0,5.8,0,0.161,10,6.82,0.8,0.01,34.82,0.1372,6,6,26,0.82,v2_lr,0
142628,2026-09-09,宮島,1,3637,4.35,26.3,0,0,9,B1,0.21,12,54,25,4.4,0,0.168,10,6.94,0.35,-0.09,33.62,0.534,3,3,27,21.61,v2_lr,0
142628,2026-09-09,宮島,2,4601,6.64,51.8,0.1765,0.2941,17,A1,0.11,16,72,42,2.2,0.3,0.131,10,6.81,1,-0.05,37.25,1,3,3,27,39.73,v2_lr,0
142628,2026-09-09,宮島,3,3503,4.12,18.8,0.1,0.3,10,B1,0.17,3,67,18,4.4,0,0.168,10,7.01,0,0.04,29.46,0,3,3,27,12.06,v2_lr,0
142628,2026-09-09,宮島,4,4839,5.53,38,0,0.3636,11,A2,0.13,7,72,24,2.9,0.1,0.145,10,6.81,1,0.14,35.27,0.7458,3,3,27,8.61,v2_lr,1
142628,2026-09-09,宮島,5,4969,4.65,21.5,0.1579,0.3684,19,B1,0.16,2,60,7,3.7,0.1,0.211,10,6.85,0.8,0.12,33.6,0.5315,3,3,27,9.05,v2_lr,0
142628,2026-09-09,宮島,6,4637,5.5,38.6,0.3,0.45,20,A2,0.2,1,52,4,2.9,0.3,0.164,10,6.91,0.5,0.08,32.11,0.3402,3,3,27,8.93,v2_lr,0
142629,2026-09-09,宮島,1,4514,6.51,50.7,0.2778,0.4444,18,A1,0.2,87,116,100,2.3,0.3,0.159,10,6.84,0.3,0.15,38.84,0.7873,4,4,27,33.66,v2_lr,1
142629,2026-09-09,宮島,2,5249,5.11,31.1,0,0.1818,11,B1,0.13,9,77,26,3.4,0.2,0.125,10,6.78,0.6,0.27,28.51,0,4,4,27,9.92,v2_lr,0
142629,2026-09-09,宮島,3,5041,4.74,28.3,0.3333,0.375,24,B1,0.2,8,74,20,4.2,0.2,0.183,10,6.7,1,0.1,40.82,0.9383,4,4,27,30.38,v2_lr,0
142629,2026-09-09,宮島,4,4808,5.55,31,0.1429,0.2857,7,A2,0.15,10,74,25,2.9,0.2,0.16,10,6.78,0.6,-0.04,32.61,0.3125,4,4,27,14.63,v2_lr,0
142629,2026-09-09,宮島,5,4241,5.68,38.5,0.2632,0.3684,19,A2,0.17,1,72,15,2.6,0.2,0.133,10,6.9,0,0.07,40.8,0.9367,4,4,27,8.63,v2_lr,0
142629,2026-09-09,宮島,6,3381,5.22,35.6,0.1481,0.2963,27,B1,0.15,4,57,8,3.4,0.2,0.124,10,6.83,0.35,0.14,41.63,1,4,4,27,2.77,v2_lr,0
142630,2026-09-09,宮島,1,5035,5.5,36,,,0,A2,0.18,21,53,32,3.5,0.2,0.171,10,6.86,0.6471,0.02,27.5,0,4,4,27,16.89,v2_lr,0
142630,2026-09-09,宮島,2,4952,3.88,16.2,0.1875,0.25,16,B1,0.18,1,55,10,4.4,0,0.159,10,6.85,0.7059,-0.06,29.8,0.1155,4,4,27,21.88,v2_lr,0
142630,2026-09-09,宮島,3,4650,6,42.1,0.1818,0.5455,11,A2,0.12,9,58,21,4.9,0,0.179,10,6.8,1,0.09,41.8,0.7182,4,4,27,19.63,v2_lr,1
142630,2026-09-09,宮島,4,3333,6.28,45.3,,,0,A1,0.15,11,83,25,3.2,0.2,0.101,10,6.97,0,0.05,30.77,0.1642,4,4,27,25.24,v2_lr,0
142630,2026-09-09,宮島,5,5036,5.14,36.1,0.0625,0.375,16,B1,0.18,1,69,13,3,0.2,0.119,10,6.85,0.7059,0.03,36.51,0.4525,4,4,27,3.01,v2_lr,0
142630,2026-09-09,宮島,6,3684,5.75,43.6,0.3,0.6,20,A2,0.16,0,65,4,3.7,0,0.162,10,6.84,0.7647,-0.07,47.41,1,4,4,27,13.35,v2_lr,0
142631,2026-09-09,宮島,1,4023,3.93,19.5,0,0.1667,6,B1,0.18,16,48,29,5.1,0,0.203,10,6.88,0,-0.04,29.91,0,5,6,27,15.11,v2_lr,0
142631,2026-09-09,宮島,2,4302,6.88,57.3,0.2793,0.5045,111,A1,0.14,23,94,55,2.5,0.2,0.122,10,6.78,0.7143,-0.06,31.97,0.1569,5,6,27,34.55,v2_lr,1
142631,2026-09-09,宮島,3,4428,6.23,44.4,0.3333,0.5,12,A2,0.14,10,75,33,2.7,0.2,0.094,10,6.85,0.2143,-0.06,35.68,0.4395,5,6,27,34.03,v2_lr,0
142631,2026-09-09,宮島,4,5311,5.26,31.6,0,0.0909,11,B1,0.17,6,86,15,3.4,0.3,0.121,10,6.74,1,0.06,35.98,0.4623,5,6,27,10.81,v2_lr,0
142631,2026-09-09,宮島,5,3497,5.32,36.5,0.1818,0.3636,11,B1,0.2,2,63,8,4.7,0.2,0.167,10,6.82,0.4286,0.13,33.94,0.3069,5,6,27,4.85,v2_lr,0
142631,2026-09-09,宮島,6,5450,0,0,,,0,B2,,0,26,0,5.5,0,0.14,10,6.88,0,0.2,43.04,1,5,6,27,0.66,v2_lr,0
142632,2026-09-09,宮島,1,4406,4.19,24,0.15,0.25,20,B1,0.16,23,53,34,3.5,0.2,0.14,10,6.85,0.5,-0.09,32.61,0,6,7,27,27.85,v2_lr,0
142632,2026-09-09,宮島,2,3748,4.38,19.2,,,0,B1,0.16,3,73,17,3.9,0.1,0.192,10,6.78,1,-0.08,47.72,1,6,7,27,18.05,v2_lr,0
142632,2026-09-09,宮島,3,4832,7.05,48.9,0.4,0.6,10,A1,0.14,23,68,36,2.8,0.3,0.156,10,6.86,0.4286,-0.1,33.33,0.0477,6,7,27,36.41,v2_lr,0
142632,2026-09-09,宮島,4,4158,5,30.3,0.1026,0.2308,39,B1,0.19,11,70,20,3.4,0.3,0.166,10,6.86,0.4286,0.11,33.19,0.0384,6,7,27,7.48,v2_lr,0
142632,2026-09-09,宮島,5,5384,1.71,1.3,0,0,8,B2,0.58,2,71,2,5.4,0,0.234,10,6.87,0.3571,-0.01,36.4,0.2508,6,7,27,1.89,v2_lr,0
142632,2026-09-09,宮島,6,4732,6.22,40,0.2727,0.4545,11,A2,0.11,4,72,12,2.1,0.4,0.076,10,6.92,0,0.07,39,0.4229,6,7,27,8.32,v2_lr,1
142633,2026-09-09,宮島,1,4461,4.4,16.6,0,0.069,29,B1,0.18,16,54,26,4.8,0,0.145,10,6.92,1,0.13,29.58,0,5,6,27,20.99,v2_lr,0
142633,2026-09-09,宮島,2,4637,5.5,38.6,0.3,0.45,20,A2,0.2,9,67,29,2.9,0.3,0.164,10,6.98,0.6842,-0.04,32.11,0.2556,5,6,27,31.18,v2_lr,0
142633,2026-09-09,宮島,3,4134,5.97,43.8,0.2258,0.3871,31,A2,0.16,19,79,46,3.5,0.1,0.163,10,6.96,0.7895,0.02,34.09,0.4556,5,6,27,24.11,v2_lr,0
142633,2026-09-09,宮島,4,4201,3.91,15.1,0.1333,0.2667,15,B1,0.2,10,64,18,3.3,0.1,0.16,10,7.11,0,-0.02,39.48,1,5,6,27,8.43,v2_lr,0
142633,2026-09-09,宮島,5,3265,6.09,44.1,0.3,0.54,50,A2,0.14,8,45,24,4.1,0,0.16,10,7.03,0.4211,0.15,32.49,0.2939,5,6,27,11.65,v2_lr,1
142633,2026-09-09,宮島,6,4231,5.33,29.3,0.1429,0.3571,14,B1,0.18,1,71,8,3.2,0.1,0.197,10,6.98,0.6842,0,32.02,0.2465,5,6,27,3.64,v2_lr,0
142634,2026-09-09,宮島,1,3868,4.66,26.1,,,0,B1,0.2,21,49,31,4.1,0.1,0.171,10,6.94,0.5333,0.02,31.39,0.1738,4,5,27,33.87,v2_lr,1
142634,2026-09-09,宮島,2,4593,5.89,34.8,0.3548,0.4516,31,A2,0.15,8,72,32,3.7,0.1,0.128,10,6.87,1,0.03,35.8,0.561,4,5,27,34.92,v2_lr,0
142634,2026-09-09,宮島,3,4241,5.68,38.5,0.2632,0.3684,19,A2,0.17,6,76,33,2.6,0.2,0.133,10,6.98,0.2667,0.06,40.8,1,4,5,27,21.98,v2_lr,0
142634,2026-09-09,宮島,4,4332,4.29,18.8,0,0.1364,22,B1,0.18,1,57,8,4,0.1,0.211,10,6.93,0.6,0.06,39.41,0.878,4,5,27,4.51,v2_lr,0
142634,2026-09-09,宮島,5,5236,3.87,19.1,0.0833,0.2778,36,B1,0.17,0,99,3,3.8,0.1,0.179,10,6.92,0.6667,0.18,29.41,0,4,5,27,3.04,v2_lr,0
142634,2026-09-09,宮島,6,3503,4.12,18.8,0.1,0.3,10,B1,0.17,0,49,0,4.4,0,0.168,10,7.02,0,0.09,29.46,0.0044,4,5,27,1.69,v2_lr,0
142635,2026-09-09,宮島,1,4570,6.37,45.8,0.0769,0.2308,13,A1,0.17,61,104,79,3.3,0.1,0.136,10,6.89,0.6,0.02,36.29,0.9575,5,6,27,30.04,v2_lr,0
142635,2026-09-09,宮島,2,4808,5.55,31,0.1429,0.2857,7,A2,0.15,15,87,46,2.9,0.2,0.16,10,6.85,1,-0.03,32.61,0.5566,5,6,27,28.64,v2_lr,0
142635,2026-09-09,宮島,3,4574,5.49,34,0.1579,0.386,57,A2,0.18,9,92,37,4.2,0.1,0.192,10,6.95,0,0.02,35.06,0.8235,5,6,27,18.94,v2_lr,1
142635,2026-09-09,宮島,4,5035,5.5,36,,,0,A2,0.18,8,61,18,3.5,0.2,0.171,10,6.91,0.4,-0.1,27.5,0,5,6,27,3.54,v2_lr,0
142635,2026-09-09,宮島,5,3662,5.28,37.7,0.3,0.6,10,B1,0.16,10,66,16,3.5,0.2,0.191,10,6.85,1,-0.14,36.68,1,5,6,27,16.14,v2_lr,0
142636,2026-09-09,宮島,1,3556,6.68,48.6,0.3333,0.625,24,A1,0.13,92,125,114,3.6,0.2,0.172,10,6.85,0.3,0,37.85,0.8773,6,7,27,25.74,v2_lr,1
142636,2026-09-09,宮島,2,3333,6.28,45.3,,,0,A1,0.15,14,74,36,3.2,0.2,0.101,10,6.88,0,0.06,30.77,0,6,7,27,23.56,v2_lr,0
142636,2026-09-09,宮島,3,4302,6.88,57.3,0.2793,0.5045,111,A1,0.14,2,76,30,2.5,0.2,0.122,10,6.84,0.4,-0.01,31.97,0.1487,6,7,27,17.56,v2_lr,0
142636,2026-09-09,宮島,4,4514,6.51,50.7,0.2778,0.4444,18,A1,0.2,11,80,31,2.3,0.3,0.159,10,6.87,0.1,-0.06,38.84,1,6,7,27,10.98,v2_lr,0
142636,2026-09-09,宮島,5,4601,6.64,51.8,0.1765,0.2941,17,A1,0.11,9,62,15,2.2,0.3,0.131,10,6.78,1,-0.07,37.25,0.803,6,7,27,9.92,v2_lr,0
142636,2026-09-09,宮島,6,4832,7.05,48.9,0.4,0.6,10,A1,0.14,6,67,18,2.8,0.3,0.156,10,6.81,0.7,0.04,33.33,0.3172,6,7,27,12.24,v2_lr,0
142637,2026-09-09,若松,1,4094,4.17,24.3,0.1818,0.2121,33,B1,0.19,19,50,32,3.6,0.1,0.177,10,7.01,0.5,0.16,20.89,0.0123,4,4,25,38.9,v2_lr,1
142637,2026-09-09,若松,2,3539,3.8,18.1,0.4286,0.5714,7,B1,0.18,4,80,18,4.2,0,0.195,10,7.05,0,0.17,24.16,0.1804,4,4,25,27.82,v2_lr,0
142637,2026-09-09,若松,3,3175,4.77,23,,,0,B1,0.17,4,66,15,3.5,0,0.155,10,6.97,1,0.27,20.65,0,4,4,25,16.9,v2_lr,0
142637,2026-09-09,若松,4,4396,5,29.2,0.0833,0.2917,24,B1,0.19,3,74,19,4.1,0,0.178,10,7.01,0.5,0.03,33.52,0.6614,4,4,25,8.74,v2_lr,0
142637,2026-09-09,若松,5,5014,5.11,30.9,0.1176,0.2941,17,B1,0.13,2,58,10,4.1,0,0.151,10,7,0.625,-0.01,30.06,0.4836,4,4,25,5.59,v2_lr,0
142637,2026-09-09,若松,6,5382,2.49,4.4,0,0.0476,21,B1,,1,115,5,5.6,0,0.217,10,6.99,0.75,-0.06,40.11,1,4,4,25,2.06,v2_lr,0
142638,2026-09-09,若松,1,4076,5.35,34.3,0.0625,0.25,16,B1,0.17,48,88,65,3.3,0.2,0.198,10,6.96,0.4667,-0.06,24.68,0,3,3,24,23.11,v2_lr,0
142638,2026-09-09,若松,2,5316,5.39,33.6,,,0,B1,0.16,1,27,7,3.4,0.2,0.157,10,6.97,0.4,0.01,32.16,0.6619,3,3,24,28.23,v2_lr,1
142638,2026-09-09,若松,3,4230,6.94,53.7,0.3333,0.5,6,A2,0.17,18,62,33,3.4,0.3,0.143,10,6.95,0.5333,0.01,35.98,1,3,3,24,25.07,v2_lr,0
142638,2026-09-09,若松,4,3362,5.4,40.2,0.0625,0.25,16,B1,0.21,7,65,19,3.1,0.2,0.157,10,6.94,0.6,0.18,31.61,0.6133,3,3,24,5.57,v2_lr,0
142638,2026-09-09,若松,5,4424,6.1,41.9,0.3478,0.4348,46,A2,0.17,6,73,18,3.3,0.2,0.152,10,6.88,1,0.21,33.71,0.7991,3,3,24,16.06,v2_lr,0
142638,2026-09-09,若松,6,4484,5.08,27.5,0.2,0.4,10,B1,0.22,0,44,3,3.2,0.1,0.178,10,7.03,0,0.21,34.48,0.8673,3,3,24,1.96,v2_lr,0
142639,2026-09-09,若松,1,4273,4.96,26.6,0.2381,0.381,21,B1,0.18,27,60,38,4.2,0,0.206,10,7.01,0,0.07,33.86,1,3,3,24,33.15,v2_lr,0
142639,2026-09-09,若松,2,5033,4.52,25,,,0,B1,0.16,3,63,15,3.6,0.1,0.208,10,6.93,0.7273,-0.03,31.95,0.7573,3,3,24,16.31,v2_lr,0
142639,2026-09-09,若松,3,4518,6.95,56.5,0,0.1429,7,A1,0.2,11,70,33,3,0.2,0.22,10,6.9,1,0.06,29.48,0.4435,3,3,24,23.48,v2_lr,0
142639,2026-09-09,若松,4,5219,4.73,30.3,0.2,0.3,10,B1,0.2,1,47,8,3.3,0.3,0.145,10,6.96,0.4545,0.01,32.2,0.7891,3,3,24,20.24,v2_lr,1
142639,2026-09-09,若松,5,4014,5.6,40.2,0.087,0.3478,23,A2,0.16,1,50,10,3.2,0.2,0.218,10,6.97,0.3636,-0.02,25.99,0,3,3,24,5.92,v2_lr,0
142639,2026-09-09,若松,6,5429,1.12,0,,,0,B2,,0,56,0,5.9,0,0.212,10,6.99,0.1818,0.05,29.73,0.4752,3,3,24,0.91,v2_lr,0
142640,2026-09-09,若松,1,4873,4.88,28.9,0.15,0.3,20,B1,0.17,44,81,57,3.3,0.2,0.179,10,6.91,1,0.19,30.41,0.0359,4,4,24,32.62,v2_lr,0
142640,2026-09-09,若松,2,5263,4.61,24.5,0,0.0667,15,B1,0.17,5,62,15,3.9,0.1,0.154,10,6.94,0.7,0.19,31.91,0.2156,4,4,24,12.09,v2_lr,0
142640,2026-09-09,若松,3,4462,5.21,35.2,0.1765,0.4118,17,B1,0.16,5,56,25,3.8,0,0.166,10,7.01,0,0.17,35.39,0.6323,4,4,24,16.14,v2_lr,0
142640,2026-09-09,若松,4,4600,6.81,52.6,0.2857,0.2857,7,A1,0.13,8,73,24,3.4,0.2,0.17,10,6.96,0.5,0.26,38.46,1,4,4,24,21.34,v2_lr,1
142640,2026-09-09,若松,5,4529,6.28,45.1,0.2,0.3,10,A1,0.12,4,68,16,2.9,0.3,0.123,10,6.96,0.5,0.06,30.11,0,4,4,24,12.42,v2_lr,0
142640,2026-09-09,若松,6,4009,5.54,30.3,0.1818,0.4242,33,A2,0.12,1,70,8,3,0.3,0.146,10,6.94,0.7,0.06,37.23,0.8527,4,4,24,5.38,v2_lr,0
142641,2026-09-09,若松,1,4816,5.62,38.7,0.2667,0.2667,15,A2,0.12,52,81,62,2.7,0.3,0.109,10,7.07,0,0.01,28.81,0,5,5,24,25.02,v2_lr,0
142641,2026-09-09,若松,2,4043,5.5,32.6,0.4,0.5,20,A2,0.17,6,81,29,3.7,0.1,0.155,10,7.03,0.2667,0.15,36.31,1,5,5,24,27.82,v2_lr,0
142641,2026-09-09,若松,3,4891,4.72,22,0,0.5,4,B1,0.16,12,69,27,3.3,0.1,0.157,10,6.94,0.8667,0.06,30.36,0.2067,5,5,24,13.08,v2_lr,0
142641,2026-09-09,若松,4,4357,7.02,55.4,0.7143,1,7,A1,0.19,11,58,21,2.1,0.4,0.158,10,7.03,0.2667,0.11,34.41,0.7467,5,5,24,31.62,v2_lr,1
142641,2026-09-09,若松,5,4034,3.56,15.5,0.0588,0.5294,17,B1,0.22,1,79,9,4.2,0,0.204,10,7.07,0,0.07,31.46,0.3533,5,5,24,1.53,v2_lr,0
142641,2026-09-09,若松,6,5468,0,0,,,0,B2,,0,28,0,6,0,0.204,10,6.92,1,0.1,34.59,0.7707,5,5,24,0.93,v2_lr,0
142642,2026-09-09,若松,1,4274,4.44,22.3,0.0556,0.1667,18,B1,0.2,22,55,36,4.6,0,0.135,10,7.02,0.5455,0.15,31.28,0.7901,4,4,24,27.85,v2_lr,0
142642,2026-09-09,若松,2,3388,7.08,52,0.1429,0.2381,21,A1,0.18,11,55,25,2.4,0.3,0.176,10,7.07,0.0909,0.14,26.74,0.4449,4,4,24,34.69,v2_lr,1
142642,2026-09-09,若松,3,4094,4.17,24.3,0.1818,0.2121,33,B1,0.19,2,62,10,3.6,0.1,0.177,10,7.08,0,0.1,20.89,0,4,4,24,16.32,v2_lr,0
142642,2026-09-09,若松,5,4209,5.61,33.9,0.0667,0.1333,15,A2,0.16,6,82,13,3.1,0.3,0.175,10,6.97,1,0.06,34.04,1,4,4,24,9.14,v2_lr,0
142642,2026-09-09,若松,6,5085,5.58,34.5,0.125,0.25,8,A2,0.24,0,58,2,3.6,0.1,0.221,10,7.04,0.3636,0.08,33.33,0.946,4,4,24,4.54,v2_lr,0
142643,2026-09-09,若松,1,4296,6.62,48.2,0.25,0.5625,32,A2,0.14,60,85,76,2.7,0.2,0.126,10,6.94,1,0.09,35.29,0.6876,4,4,24,49.95,v2_lr,1
142643,2026-09-09,若松,2,4085,5.11,28.7,0.0909,0.1818,11,B1,0.23,6,38,16,3.9,0.1,0.191,10,6.98,0.3333,0.13,26.16,0.0959,4,4,24,20.57,v2_lr,0
142643,2026-09-09,若松,3,5382,2.49,4.4,0,0.0476,21,B1,,0,15,0,5.6,0,0.217,10,6.95,0.8333,0.11,40.11,1,4,4,24,10.77,v2_lr,0
142643,2026-09-09,若松,4,3999,5.92,40.5,0.125,0.5,16,A2,0.17,11,73,18,3.4,0.1,0.152,10,6.98,0.3333,0.06,29.84,0.3344,4,4,24,9.21,v2_lr,0
142643,2026-09-09,若松,5,4076,5.35,34.3,0.0625,0.25,16,B1,0.17,6,72,14,3.3,0.2,0.198,10,6.96,0.6667,0.08,24.68,0,4,4,24,6,v2_lr,0
142643,2026-09-09,若松,6,4551,6.15,43.5,0.15,0.35,20,A2,0.15,3,76,11,3.3,0.3,0.226,10,7,0,0.1,32.22,0.4887,4,4,24,3.51,v2_lr,0
142644,2026-09-09,若松,1,3737,6.87,46.2,0.2857,0.4286,14,A1,0.16,64,98,84,2.7,0.4,0.127,10,6.92,0.5294,0.07,29.94,0.4422,5,5,25,37.85,v2_lr,1
142644,2026-09-09,若松,2,4230,6.94,53.7,0.3333,0.5,6,A2,0.17,15,67,37,3.4,0.3,0.143,10,6.93,0.4706,0.03,35.98,0.9044,5,5,25,33.65,v2_lr,0
142644,2026-09-09,若松,3,4009,5.54,30.3,0.1818,0.4242,33,A2,0.12,5,68,24,3,0.3,0.146,10,6.95,0.3529,0.13,37.23,1,5,5,25,18.74,v2_lr,0
142644,2026-09-09,若松,4,5033,4.52,25,,,0,B1,0.16,1,63,5,3.6,0.1,0.208,10,6.91,0.5882,-0.02,31.95,0.596,5,5,25,4.52,v2_lr,0
142644,2026-09-09,若松,5,5373,2.42,0,,,0,B2,,0,65,1,4.9,0,0.273,10,6.84,1,0.21,28.81,0.3558,5,5,25,2.36,v2_lr,0
142644,2026-09-09,若松,6,3539,3.8,18.1,0.4286,0.5714,7,B1,0.18,1,51,7,4.2,0,0.195,10,7.01,0,0.03,24.16,0,5,5,25,2.88,v2_lr,0
142645,2026-09-09,若松,1,3833,6.06,43.7,0.2857,0.3333,21,A2,0.13,83,111,100,3.5,0.2,0.148,10,7.1,0.1176,0.05,38.14,1,5,5,25,44.66,v2_lr,1
142645,2026-09-09,若松,2,4204,5.16,35.1,0.1667,0.3,30,B1,0.16,11,63,24,4,0.2,0.153,10,6.95,1,0.08,33.51,0.3414,5,5,25,33.39,v2_lr,0
142645,2026-09-09,若松,3,4396,5,29.2,0.0833,0.2917,24,B1,0.19,10,83,27,4.1,0,0.178,10,7.12,0,0.11,33.52,0.3428,5,5,25,9.46,v2_lr,0
142645,2026-09-09,若松,4,5248,4.57,21.5,0.0323,0.2258,31,B1,0.18,1,55,10,2.6,0.3,0.186,10,7.09,0.1765,0.11,31.11,0,5,5,25,5.08,v2_lr,0
142645,2026-09-09,若松,5,5468,0,0,,,0,B2,,0,10,0,6,0,0.204,10,7.03,0.5294,0.13,34.59,0.495,5,5,25,1.88,v2_lr,0
142645,2026-09-09,若松,6,4373,6.4,42.5,0.1053,0.4211,19,A1,0.19,0,69,7,3.2,0.2,0.187,10,7.01,0.6471,0.19,33.15,0.2902,5,5,25,5.53,v2_lr,0
142646,2026-09-09,若松,1,4424,6.1,41.9,0.3478,0.4348,46,A2,0.17,73,103,85,3.3,0.2,0.152,10,6.95,1,0.07,33.71,0.7447,4,4,25,42.12,v2_lr,0
142646,2026-09-09,若松,2,5014,5.11,30.9,0.1176,0.2941,17,B1,0.13,6,59,21,4.1,0,0.151,10,7,0.375,0.09,30.06,0.19,4,4,25,16.88,v2_lr,0
142646,2026-09-09,若松,3,5085,5.58,34.5,0.125,0.25,8,A2,0.24,7,77,22,3.6,0.1,0.221,10,7.01,0.25,0.11,33.33,0.6869,4,4,25,17,v2_lr,1
142646,2026-09-09,若松,4,4816,5.62,38.7,0.2667,0.2667,15,A2,0.12,9,61,21,2.7,0.3,0.109,10,7.03,0,0.08,28.81,0,4,4,25,12.95,v2_lr,0
142646,2026-09-09,若松,5,4273,4.96,26.6,0.2381,0.381,21,B1,0.18,0,67,9,4.2,0,0.206,10,7.01,0.25,0.14,33.86,0.7675,4,4,25,6.35,v2_lr,0
142646,2026-09-09,若松,6,4462,5.21,35.2,0.1765,0.4118,17,B1,0.16,3,51,6,3.8,0,0.166,10,6.99,0.5,0.18,35.39,1,4,4,25,4.69,v2_lr,0
142647,2026-09-09,若松,1,4529,6.28,45.1,0.2,0.3,10,A1,0.12,47,75,59,2.9,0.3,0.123,10,6.91,1,-0.07,30.11,0.0417,5,5,25,33.53,v2_lr,1
142647,2026-09-09,若松,2,3999,5.92,40.5,0.125,0.5,16,A2,0.17,7,80,44,3.4,0.1,0.152,10,6.99,0.2727,0.03,29.84,0,5,5,25,15.65,v2_lr,0
142647,2026-09-09,若松,3,5219,4.73,30.3,0.2,0.3,10,B1,0.2,9,45,19,3.3,0.3,0.145,10,6.98,0.3636,0.02,32.2,0.3648,5,5,25,20.52,v2_lr,0
142647,2026-09-09,若松,4,4209,5.61,33.9,0.0667,0.1333,15,A2,0.16,3,69,16,3.1,0.3,0.175,10,6.95,0.6364,0.01,34.04,0.6491,5,5,25,9.1,v2_lr,0
142647,2026-09-09,若松,5,5316,5.39,33.6,,,0,B1,0.16,3,101,18,3.4,0.2,0.157,10,6.99,0.2727,0,32.16,0.3586,5,5,25,11.29,v2_lr,0
142647,2026-09-09,若松,6,4043,5.5,32.6,0.4,0.5,20,A2,0.17,4,71,12,3.7,0.1,0.155,10,7.02,0,0.01,36.31,1,5,5,25,9.91,v2_lr,0
142648,2026-09-09,若松,1,3388,7.08,52,0.1429,0.2381,21,A1,0.18,59,83,69,2.4,0.3,0.176,10,7.02,0,0.04,26.74,0,4,4,25,21.45,v2_lr,1
142648,2026-09-09,若松,2,3737,6.87,46.2,0.2857,0.4286,14,A1,0.16,14,69,38,2.7,0.4,0.127,10,6.98,0.3636,0.05,29.94,0.273,4,4,25,22.29,v2_lr,0
142648,2026-09-09,若松,3,4357,7.02,55.4,0.7143,1,7,A1,0.19,20,67,34,2.1,0.4,0.158,10,6.97,0.4545,0.07,34.41,0.6544,4,4,25,26.87,v2_lr,0
142648,2026-09-09,若松,4,4296,6.62,48.2,0.25,0.5625,32,A2,0.14,3,51,21,2.7,0.2,0.126,10,6.94,0.7273,0.01,35.29,0.7295,4,4,25,17.27,v2_lr,0
142648,2026-09-09,若松,5,4518,6.95,56.5,0,0.1429,7,A1,0.2,8,56,20,3,0.2,0.22,10,6.91,1,0.08,29.48,0.2338,4,4,25,5.28,v2_lr,0
142648,2026-09-09,若松,6,4600,6.81,52.6,0.2857,0.2857,7,A1,0.13,3,73,7,3.4,0.2,0.17,10,6.94,0.7273,0.08,38.46,1,4,4,25,6.84,v2_lr,0
142649,2026-09-09,芦屋,1,4330,5.97,40.6,0.2708,0.4583,48,A2,0.12,54,73,61,3.1,0.3,0.108,10,6.86,0.3571,0.02,28.87,0.4992,7,7,24.3,40.15,v2_lr,1
142649,2026-09-09,芦屋,2,5261,4.34,24.4,0.1111,0.1111,9,B1,0.17,9,72,15,3.2,0.2,0.128,10,6.9,0.0714,0.01,41.11,1,7,7,24.3,21.1,v2_lr,0
142649,2026-09-09,芦屋,3,4840,4.74,32.3,0.0556,0.1667,18,B1,0.12,3,66,20,4.3,0,0.204,10,6.8,0.7857,-0.02,38.95,0.9116,7,7,24.3,14.98,v2_lr,0
142649,2026-09-09,芦屋,4,3873,4.04,21.1,0.1786,0.3929,28,B1,0.15,9,68,17,2.9,0.1,0.134,10,6.91,0,-0.02,36.84,0.8253,7,7,24.3,11.2,v2_lr,0
142649,2026-09-09,芦屋,5,4652,4.67,30.4,0.3182,0.5,22,B1,0.13,4,57,14,4.3,0.1,0.213,10,6.86,0.3571,0.17,29.36,0.5192,7,7,24.3,11.61,v2_lr,0
142649,2026-09-09,芦屋,6,5447,0,0,,,0,B2,,0,29,0,5.9,0,0.154,10,6.77,1,0.23,16.67,0,7,7,24.3,0.96,v2_lr,0
142650,2026-09-09,芦屋,1,3837,6.16,41.5,0.375,0.375,8,A2,0.17,57,79,65,2.6,0.3,0.129,10,6.77,1,0.06,40,0.9873,5,5,24.1,43.47,v2_lr,1
142650,2026-09-09,芦屋,2,5208,4.38,24.4,0,0.2632,19,B1,0.14,7,64,18,4.4,0,0.189,10,6.83,0.5,0.05,40.2,1,5,5,24.1,13.87,v2_lr,0
142650,2026-09-09,芦屋,3,4521,4.64,25.4,0.04,0.28,25,B1,0.18,13,67,23,4.1,0,0.199,10,6.85,0.3333,0.05,32.97,0.5404,5,5,24.1,12.13,v2_lr,0
142650,2026-09-09,芦屋,4,4848,7.03,46.7,0.3235,0.5294,34,A1,0.14,3,63,23,3.6,0.2,0.139,10,6.82,0.5833,0.05,24.47,0,5,5,24.1,28.03,v2_lr,0
142650,2026-09-09,芦屋,5,3357,4.01,20.3,0,0.1852,27,B1,0.19,1,60,7,4.1,0,0.191,10,6.82,0.5833,0.19,26.09,0.103,5,5,24.1,1.96,v2_lr,0
142650,2026-09-09,芦屋,6,5457,0,0,,,0,B2,,0,32,0,5.7,0,0.155,10,6.89,0,0.26,27.37,0.1844,5,5,24.1,0.54,v2_lr,0
142651,2026-09-09,芦屋,1,4850,6.22,41.6,,,0,A2,0.11,60,86,76,3,0.4,0.082,10,6.82,0.9231,0.09,28.57,0.4827,6,6,24.4,35.83,v2_lr,1
142651,2026-09-09,芦屋,2,4020,4.28,24.5,0,0.1,10,B1,0.17,2,67,18,5,0,0.172,10,6.94,0,0.28,34.02,0.6497,6,6,24.4,7.55,v2_lr,0
142651,2026-09-09,芦屋,3,4384,6.42,44.6,0.2222,0.5556,18,A1,0.16,16,81,39,4,0,0.172,10,6.84,0.7692,0.08,12.82,0,6,6,24.4,22.58,v2_lr,0
142651,2026-09-09,芦屋,4,3843,4.81,28.3,0.1818,0.1818,11,B1,0.17,10,75,15,4.3,0.1,0.158,10,6.84,0.7692,0.42,28.16,0.4701,6,6,24.4,8.79,v2_lr,0
142651,2026-09-09,芦屋,5,4261,6.07,40,,,0,A2,0.16,6,63,14,3.6,0.2,0.206,10,6.81,1,0.24,45.45,1,6,6,24.4,24.24,v2_lr,0
142651,2026-09-09,芦屋,6,4744,4.34,16.2,,,0,B1,0.2,2,42,3,4.5,0.1,0.18,10,6.85,0.6923,0.33,34.65,0.669,6,6,24.4,1,v2_lr,0
142652,2026-09-09,芦屋,1,4812,6.95,51.2,0.5,0.75,20,A1,0.14,63,79,70,2,0.6,0.118,10,6.78,0.7857,-0.05,32.95,0.3994,5,5,24.4,39.63,v2_lr,1
142652,2026-09-09,芦屋,2,4638,4.94,28.9,0.1071,0.2857,28,B1,0.17,8,78,33,4.5,0,0.147,10,6.75,1,0.05,37.78,0.5922,5,5,24.4,22.5,v2_lr,0
142652,2026-09-09,芦屋,3,4966,5.24,37.4,0.2105,0.3158,19,B1,0.14,14,72,25,3.7,0.1,0.164,10,6.89,0,0,23.26,0.0128,5,5,24.4,16.79,v2_lr,0
142652,2026-09-09,芦屋,4,4991,6.41,45.5,0.1389,0.2222,36,A1,0.18,6,71,18,3.1,0.3,0.152,10,6.78,0.7857,0.13,48,1,5,5,24.4,11.95,v2_lr,0
142652,2026-09-09,芦屋,5,5317,4.82,22.6,0,0.0588,17,B1,0.16,3,82,5,3.4,0.2,0.137,10,6.83,0.4286,0.16,26.6,0.146,5,5,24.4,1.77,v2_lr,0
142652,2026-09-09,芦屋,6,4437,5.89,45.9,0.4,0.7,10,A2,0.17,1,73,6,3.1,0.2,0.171,10,6.8,0.6429,0.2,22.94,0,5,5,24.4,7.37,v2_lr,0
142653,2026-09-09,芦屋,1,4137,6.64,51.9,0.4444,0.6296,27,A1,0.14,83,116,98,3.4,0.2,0.127,10,6.76,1,0.21,28.85,0.3118,5,5,24.4,50.62,v2_lr,1
142653,2026-09-09,芦屋,2,4853,3.96,18.6,0.0556,0.0556,18,B1,0.21,8,60,20,4.1,0,0.232,10,6.81,0.375,0.26,30.93,0.4185,5,5,24.4,15.25,v2_lr,0
142653,2026-09-09,芦屋,3,4793,6.2,46.2,0.2632,0.4211,19,A2,0.16,22,83,42,3.5,0.2,0.112,10,6.84,0,0.12,22.77,0,5,5,24.4,24.77,v2_lr,0
142653,2026-09-09,芦屋,4,5082,5.19,30.1,0,0.1429,14,B1,0.19,7,70,20,3.3,0.2,0.248,10,6.84,0,0.05,38.54,0.8087,5,5,24.4,4.23,v2_lr,0
142653,2026-09-09,芦屋,5,5383,2.06,1.1,,,0,B1,,2,85,2,5.3,0,0.133,10,6.82,0.25,0.13,42.27,1,5,5,24.4,2.29,v2_lr,0
142653,2026-09-09,芦屋,6,4389,5.63,33,0.0667,0.2333,30,A2,0.19,0,57,4,4.2,0,0.176,10,6.81,0.375,0.18,37.62,0.7615,5,5,24.4,2.85,v2_lr,0
142654,2026-09-09,芦屋,1,3873,4.04,21.1,0.1786,0.3929,28,B1,0.15,42,68,52,2.9,0.1,0.134,10,6.87,0,0.28,36.84,0.7493,5,5,24.6,27.18,v2_lr,1
142654,2026-09-09,芦屋,2,4861,5.59,37.8,0.15,0.375,40,A2,0.16,10,83,30,3.9,0.1,0.135,10,6.8,0.875,0.17,30.43,0.3254,5,5,24.6,25.42,v2_lr,0
142654,2026-09-09,芦屋,3,3473,6.29,48.8,0.12,0.44,25,A1,0.15,27,83,42,2.9,0.2,0.139,10,6.79,1,0.15,40.63,1,5,5,24.6,23.09,v2_lr,0
142654,2026-09-09,芦屋,4,3998,4.4,25.2,0.0952,0.1905,21,B1,0.18,2,65,10,4.1,0.1,0.168,10,6.81,0.75,0.11,30.39,0.3228,5,5,24.6,8.28,v2_lr,0
142654,2026-09-09,芦屋,5,4443,5.4,33.3,0.2727,0.4545,22,B1,0.16,3,72,12,2.9,0.3,0.183,10,6.8,0.875,0.14,40.59,0.9974,5,5,24.6,12.33,v2_lr,0
142654,2026-09-09,芦屋,6,5160,5.61,37.8,0.1613,0.2903,31,A2,0.15,2,67,5,3.3,0.3,0.165,10,6.82,0.625,0.17,25.51,0,5,5,24.6,3.71,v2_lr,0
142655,2026-09-09,芦屋,1,4521,4.64,25.4,0.04,0.28,25,B1,0.18,36,64,49,4.1,0,0.199,10,6.83,0,0.18,32.97,0,5,5,24.7,26.48,v2_lr,1
142655,2026-09-09,芦屋,2,4092,5.04,28.7,0.1667,0.2778,18,B1,0.17,6,71,21,3.7,0.2,0.164,10,6.76,1,0.33,41,0.754,5,5,24.7,33.17,v2_lr,0
142655,2026-09-09,芦屋,3,4408,3.29,16.1,,,0,B1,0.15,4,42,14,4.7,0.1,0.174,10,6.76,1,0.23,43.62,1,5,5,24.7,19.92,v2_lr,0
142655,2026-09-09,芦屋,4,4840,4.74,32.3,0.0556,0.1667,18,B1,0.12,7,68,14,4.3,0,0.204,10,6.8,0.4286,0.1,38.95,0.5615,5,5,24.7,8.13,v2_lr,0
142655,2026-09-09,芦屋,5,4594,5.41,32.9,0.2727,0.2727,11,B1,0.17,4,66,12,3.1,0.2,0.129,10,6.78,0.7143,0.11,40.4,0.6977,5,5,24.7,11.55,v2_lr,0
142655,2026-09-09,芦屋,6,5469,0,0,,,0,B2,,0,27,0,5,0,0.192,10,6.83,0,0.26,39.8,0.6413,5,5,24.7,0.75,v2_lr,0
142656,2026-09-09,芦屋,1,4966,5.24,37.4,0.2105,0.3158,19,B1,0.14,48,77,59,3.7,0.1,0.164,10,6.83,0.3636,0.15,23.26,0,5,5,25.2,36.28,v2_lr,0
142656,2026-09-09,芦屋,2,4771,7.11,60.9,0.2941,0.5294,17,A1,0.15,23,73,51,2.6,0.4,0.116,10,6.82,0.4545,0.19,38.14,1,5,5,25.2,40.48,v2_lr,1
142656,2026-09-09,芦屋,3,3509,3.84,16,0,0.1364,22,B1,0.14,3,57,6,4.5,0,0.137,10,6.83,0.3636,0.07,25.93,0.1794,5,5,25.2,7.11,v2_lr,0
142656,2026-09-09,芦屋,4,4020,4.28,24.5,0,0.1,10,B1,0.17,3,64,11,5,0,0.172,10,6.87,0,0.1,34.02,0.7231,5,5,25.2,3.52,v2_lr,0
142656,2026-09-09,芦屋,5,5143,4.33,24.7,0.0588,0.1765,34,B1,0.18,0,77,9,3.7,0.1,0.16,10,6.85,0.1818,0.11,23.91,0.0437,5,5,25.2,2.98,v2_lr,0
142656,2026-09-09,芦屋,6,4675,5.72,37,,,0,A2,0.15,4,52,9,3.5,0.2,0.102,10,6.76,1,0.27,33.33,0.6767,5,5,25.2,9.63,v2_lr,0
142657,2026-09-09,芦屋,1,4261,6.07,40,,,0,A2,0.16,71,99,85,3.6,0.2,0.206,10,6.76,1,0.06,45.45,1,5,5,25.1,39.59,v2_lr,1
142657,2026-09-09,芦屋,2,4652,4.67,30.4,0.3182,0.5,22,B1,0.13,10,69,31,4.3,0.1,0.213,10,6.79,0.6667,0.05,29.36,0.2852,5,5,25.1,31.02,v2_lr,0
142657,2026-09-09,芦屋,3,4853,3.96,18.6,0.0556,0.0556,18,B1,0.21,4,69,18,4.1,0,0.232,10,6.85,0,0.05,30.93,0.355,5,5,25.1,6.72,v2_lr,0
142657,2026-09-09,芦屋,4,4437,5.89,45.9,0.4,0.7,10,A2,0.17,11,71,29,3.1,0.2,0.171,10,6.82,0.3333,0.22,22.94,0,5,5,25.1,16.73,v2_lr,0
142657,2026-09-09,芦屋,5,5208,4.38,24.4,0,0.2632,19,B1,0.14,0,62,3,4.4,0,0.189,10,6.83,0.2222,0.18,40.2,0.7668,5,5,25.1,1.7,v2_lr,0
142657,2026-09-09,芦屋,6,4834,5.81,35.8,0.1176,0.2941,17,A2,0.15,1,70,6,2.7,0.1,0.187,10,6.77,0.8889,0.2,41.84,0.8396,5,5,25.1,4.25,v2_lr,0
142658,2026-09-09,芦屋,1,3541,5.56,31.8,0.4,0.8,10,A2,0.17,63,104,84,2.7,0.1,0.178,10,6.77,1,0.25,25,0,5,5,25.2,43.49,v2_lr,1
142658,2026-09-09,芦屋,2,3357,4.01,20.3,0,0.1852,27,B1,0.19,3,70,14,4.1,0,0.191,10,6.79,0.7778,0.2,26.09,0.0677,5,5,25.2,12.61,v2_lr,0
142658,2026-09-09,芦屋,3,5082,5.19,30.1,0,0.1429,14,B1,0.19,8,82,34,3.3,0.2,0.248,10,6.83,0.3333,0.21,38.54,0.8405,5,5,25.2,7.24,v2_lr,0
142658,2026-09-09,芦屋,4,4850,6.22,41.6,,,0,A2,0.11,11,74,25,3,0.4,0.082,10,6.83,0.3333,0.12,28.57,0.2216,5,5,25.2,29.05,v2_lr,0
142658,2026-09-09,芦屋,5,5261,4.34,24.4,0.1111,0.1111,9,B1,0.17,1,61,5,3.2,0.2,0.128,10,6.86,0,0.15,41.11,1,5,5,25.2,4.31,v2_lr,0
142658,2026-09-09,芦屋,6,4861,5.59,37.8,0.15,0.375,40,A2,0.16,2,59,8,3.9,0.1,0.135,10,6.84,0.2222,0.13,30.43,0.3371,5,5,25.2,3.3,v2_lr,0
142659,2026-09-09,芦屋,1,4991,6.41,45.5,0.1389,0.2222,36,A1,0.18,57,88,74,3.1,0.3,0.152,10,6.8,0.8,0.15,48,1,5,5,24.6,25.93,v2_lr,0
142659,2026-09-09,芦屋,2,4594,5.41,32.9,0.2727,0.2727,11,B1,0.17,14,67,38,3.1,0.2,0.129,10,6.79,1,0.19,40.4,0.6988,5,5,24.6,23.25,v2_lr,0
142659,2026-09-09,芦屋,3,4443,5.4,33.3,0.2727,0.4545,22,B1,0.16,6,78,28,2.9,0.3,0.183,10,6.82,0.4,0.23,40.59,0.7063,5,5,24.6,17.29,v2_lr,0
142659,2026-09-09,芦屋,4,4330,5.97,40.6,0.2708,0.4583,48,A2,0.12,13,61,22,3.1,0.3,0.108,10,6.83,0.2,0.27,28.87,0.2418,5,5,24.6,14.47,v2_lr,0
142659,2026-09-09,芦屋,5,3837,6.16,41.5,0.375,0.375,8,A2,0.17,6,65,12,2.6,0.3,0.129,10,6.83,0.2,0.18,40,0.6829,5,5,24.6,15.72,v2_lr,1
142659,2026-09-09,芦屋,6,4793,6.2,46.2,0.2632,0.4211,19,A2,0.16,1,77,11,3.5,0.2,0.112,10,6.84,0,0.25,22.77,0,5,5,24.6,3.35,v2_lr,0
142660,2026-09-09,芦屋,1,4848,7.03,46.7,0.3235,0.5294,34,A1,0.14,71,100,87,3.6,0.2,0.139,10,6.76,1,0.22,24.47,0.4601,5,5,24.4,24.77,v2_lr,1
142660,2026-09-09,芦屋,3,4137,6.64,51.9,0.4444,0.6296,27,A1,0.14,18,90,42,3.4,0.2,0.127,10,6.79,0.4,0.13,28.85,0.6331,5,5,24.4,22.4,v2_lr,0
142660,2026-09-09,芦屋,4,4384,6.42,44.6,0.2222,0.5556,18,A1,0.16,6,75,22,4,0,0.172,10,6.8,0.2,0.18,12.82,0,5,5,24.4,10.08,v2_lr,0
142660,2026-09-09,芦屋,5,4812,6.95,51.2,0.5,0.75,20,A1,0.14,14,58,26,2,0.6,0.118,10,6.81,0,0.16,32.95,0.795,5,5,24.4,20.82,v2_lr,0
142660,2026-09-09,芦屋,6,4771,7.11,60.9,0.2941,0.5294,17,A1,0.15,2,72,11,2.6,0.4,0.116,10,6.81,0,0.13,38.14,1,5,5,24.4,7.01,v2_lr,0
142661,2026-09-09,大村,1,4174,6.35,41.8,0.2632,0.4386,114,A1,0.15,83,119,96,3.4,0.1,0.174,10,6.81,0.8571,0.07,39.34,0.8055,8,7,25,33.07,v2_lr,1
142661,2026-09-09,大村,2,5016,6.48,42.2,0.3571,0.5357,28,A1,0.15,18,75,40,2.3,0.4,0.132,10,6.8,1,0.04,28.57,0,8,7,25,31.67,v2_lr,0
142661,2026-09-09,大村,3,5058,7.26,54.7,0.375,0.5,16,A1,0.18,19,74,41,2.3,0.3,0.156,10,6.86,0.1429,0.13,31.67,0.2319,8,7,25,22.01,v2_lr,0
142661,2026-09-09,大村,4,4543,6.77,48.7,0.1429,0.3214,28,A1,0.15,4,73,23,2.7,0.3,0.151,10,6.85,0.2857,0,30.3,0.1294,8,7,25,6.92,v2_lr,0
142661,2026-09-09,大村,5,4483,6.86,50.9,0,0.3333,3,A1,0.16,3,71,22,2.4,0.5,0.15,10,6.87,0,-0.05,41.94,1,8,7,25,3.74,v2_lr,0
142661,2026-09-09,大村,6,4688,6.49,45.7,0.1818,0.3636,22,A1,0.16,4,83,13,2.7,0.3,0.119,10,6.87,0,0.05,41.27,0.9499,8,7,25,2.58,v2_lr,0
142662,2026-09-09,大村,1,4096,6.32,48.5,0.3663,0.5644,101,A1,0.18,73,93,81,3.1,0.1,0.166,10,6.82,1,-0.05,34.72,0.0874,7,6,27,33.21,v2_lr,1
142662,2026-09-09,大村,2,5224,7.08,48.9,0.2593,0.5926,27,A1,0.13,19,77,46,3.4,0.1,0.116,10,6.89,0.2222,0.04,33.33,0,7,6,27,22.62,v2_lr,0
142662,2026-09-09,大村,3,4262,7.19,45.8,0.2222,0.5556,9,A1,0.15,21,82,40,2.5,0.2,0.126,10,6.82,1,-0.01,41.27,0.4994,7,6,27,30.95,v2_lr,0
142662,2026-09-09,大村,4,4907,6.75,50,0,0.5,8,A1,0.14,14,66,38,2,0.3,0.151,10,6.86,0.5556,0.04,34.92,0.1,7,6,27,5.27,v2_lr,0
142662,2026-09-09,大村,5,5051,6.45,43.2,0.1818,0.4545,11,A1,0.15,7,72,26,3.1,0.2,0.133,10,6.89,0.2222,0,37.14,0.2396,7,6,27,5.65,v2_lr,0
142662,2026-09-09,大村,6,3719,6.93,45.9,0.1667,0.3889,18,A1,0.13,5,79,18,2.5,0.4,0.149,10,6.91,0,0.13,49.23,1,7,6,27,2.29,v2_lr,0
142663,2026-09-09,大村,1,4704,6.53,47.9,0.1923,0.2692,26,A1,0.14,72,103,90,3,0.2,0.134,10,6.9,0.5,-0.05,44.44,1,6,5,27,26.76,v2_lr,0
142663,2026-09-09,大村,2,3590,6.61,44.7,0.2857,0.2857,7,A1,0.14,16,77,41,4.4,0.1,0.073,10,6.87,1,0.07,37.7,0.4722,6,5,27,25.45,v2_lr,0
142663,2026-09-09,大村,3,3952,6.69,45.6,0.2609,0.3478,23,A1,0.14,24,83,46,2.7,0.4,0.115,10,6.93,0,0.21,34.29,0.2052,6,5,27,14.04,v2_lr,0
142663,2026-09-09,大村,4,4908,6.72,45,0.3333,0.3333,3,A1,0.12,11,70,26,3.8,0.2,0.142,10,6.9,0.5,-0.01,32.2,0.0415,6,5,27,23.46,v2_lr,1
142663,2026-09-09,大村,5,4398,6.66,49.2,0,0.3333,3,A1,0.14,12,82,27,3.3,0.2,0.135,10,6.9,0.5,-0.03,31.67,0,6,5,27,3.87,v2_lr,0
142663,2026-09-09,大村,6,4371,7.18,45.1,0.2727,0.5455,11,A1,0.13,1,62,7,3.3,0.1,0.122,10,6.9,0.5,-0.04,40,0.6523,6,5,27,6.41,v2_lr,0
142664,2026-09-09,大村,1,4544,7.66,63.2,0.3,0.5,20,A1,0.16,111,134,119,2.6,0.3,0.204,10,6.85,1,-0.05,34.33,0.2151,7,6,27,27.01,v2_lr,1
142664,2026-09-09,大村,2,4084,6.79,48.9,0.1923,0.4231,26,A1,0.17,11,88,38,3.3,0.3,0.151,10,6.87,0.75,0.01,54.55,1,7,6,27,21.44,v2_lr,0
142664,2026-09-09,大村,3,3983,6.39,42.8,0.3636,0.5455,22,A1,0.15,18,86,36,2.3,0.4,0.113,10,6.88,0.625,0.04,29.51,0.028,7,6,27,19.85,v2_lr,0
142664,2026-09-09,大村,4,3779,6.44,36.2,0.3582,0.5373,67,A1,0.12,14,68,24,3.4,0.2,0.106,10,6.93,0,-0.06,28.79,0,7,6,27,16.4,v2_lr,0
142664,2026-09-09,大村,5,4335,7.24,53.9,0.3,0.4,10,A1,0.12,9,63,18,4,0,0.116,10,6.89,0.5,-0.03,38.98,0.3956,7,6,27,9.06,v2_lr,0
142664,2026-09-09,大村,6,4188,7.96,64.1,0.25,0.4167,12,A1,0.13,17,69,27,2.7,0.4,0.109,10,6.9,0.375,-0.07,38.03,0.3587,7,6,27,6.25,v2_lr,0
142665,2026-09-09,大村,1,3909,6.7,52.7,0.4167,0.5833,12,A1,0.13,90,111,102,2.7,0.5,0.097,10,6.9,0.8182,0.14,30.88,0,6,5,27,23.96,v2_lr,0
142665,2026-09-09,大村,2,4352,6.29,44.4,0.4227,0.6392,97,A1,0.14,13,59,28,3,0,0.13,10,6.99,0,0.12,31.75,0.0455,6,5,27,22.66,v2_lr,0
142665,2026-09-09,大村,3,4500,7.15,45.1,0.5455,0.8182,11,A1,0.12,27,81,46,2.2,0.5,0.124,10,6.91,0.7273,0.07,38.57,0.4022,6,5,27,23.26,v2_lr,1
142665,2026-09-09,大村,4,4497,6.64,45.9,0.3837,0.6163,86,A1,0.14,9,63,19,3.9,0.1,0.116,10,6.88,1,0.01,50,1,6,5,27,19.74,v2_lr,0
142665,2026-09-09,大村,5,4075,6.46,43.1,0.2292,0.3958,48,A1,0.12,11,80,22,2.8,0.3,0.123,10,6.91,0.7273,-0.03,36.51,0.2945,6,5,27,6.43,v2_lr,0
142665,2026-09-09,大村,6,3783,6.57,36.4,0.1852,0.3704,27,A1,0.14,3,73,13,3.3,0.2,0.135,10,6.88,1,-0.07,35.59,0.2463,6,5,27,3.95,v2_lr,0
142666,2026-09-09,大村,1,3716,6.45,37.9,0.1905,0.5238,21,A1,0.13,49,88,66,3.3,0.2,0.138,10,6.95,0,0.11,46.27,1,6,5,27,22.22,v2_lr,0
142666,2026-09-09,大村,2,5028,6.52,46.9,0.3438,0.5938,32,A1,0.16,25,77,52,3.2,0.3,0.16,10,6.89,1,0.05,28.79,0.0124,6,5,27,26.41,v2_lr,1
142666,2026-09-09,大村,3,4686,6.76,42,0.2,0.3,10,A1,0.16,12,75,28,3.2,0.3,0.129,10,6.92,0.5,0.08,35.71,0.4034,6,5,27,17.42,v2_lr,0
142666,2026-09-09,大村,4,5016,6.48,42.2,0.3571,0.5357,28,A1,0.15,12,63,19,2.3,0.4,0.132,10,6.92,0.5,0.04,28.57,0,6,5,27,16.38,v2_lr,0
142666,2026-09-09,大村,5,5088,6.85,53.5,0.2,0.2667,15,A1,0.16,10,77,20,3.5,0.2,0.157,10,6.91,0.6667,-0.04,34.29,0.3232,6,5,27,4.94,v2_lr,0
142666,2026-09-09,大村,6,4320,8.05,51.4,0.4333,0.6667,30,A1,0.13,7,61,19,1.8,0.5,0.121,10,6.93,0.3333,-0.03,31.25,0.1514,6,5,27,12.63,v2_lr,0
142667,2026-09-09,大村,1,4524,6.85,40,0,0,4,A1,0.14,75,94,83,3,0.3,0.17,10,6.92,0.4444,0.13,40,0.5053,5,4,27,20.15,v2_lr,1
142667,2026-09-09,大村,2,4503,7.33,53.9,0.3889,0.6667,18,A1,0.11,16,84,41,2.9,0.2,0.125,10,6.95,0.1111,0.21,47.06,1,5,4,27,26.63,v2_lr,0
142667,2026-09-09,大村,3,4482,6.52,45.6,0.3704,0.4444,27,A1,0.18,16,75,33,2.6,0.3,0.133,10,6.89,0.7778,0.17,32.79,0,5,4,27,21.26,v2_lr,0
142667,2026-09-09,大村,4,4715,6.35,41.9,0.241,0.4458,83,A1,0.13,11,60,23,3.1,0.3,0.122,10,6.87,1,0.04,43.55,0.754,5,4,27,16.27,v2_lr,0
142667,2026-09-09,大村,5,4910,6.55,51.5,0.0909,0.1818,11,A1,0.15,8,64,18,3.6,0.2,0.134,10,6.92,0.4444,-0.05,37.5,0.3301,5,4,27,5.62,v2_lr,0
142667,2026-09-09,大村,6,3822,6.59,44.4,0.4091,0.5909,22,A1,0.16,11,71,24,3.2,0.2,0.15,10,6.96,0,-0.03,36.07,0.2299,5,4,27,10.08,v2_lr,0
142668,2026-09-09,大村,1,4571,6.55,46.2,0.3462,0.5385,26,A1,0.13,47,78,54,4.5,0,0.131,10,6.88,0.4167,0.31,52.94,1,6,5,26,29.65,v2_lr,0
142668,2026-09-09,大村,2,4543,6.77,48.7,0.1429,0.3214,28,A1,0.15,16,77,33,2.7,0.3,0.151,10,6.89,0.3333,0.07,30.3,0,6,5,26,14.65,v2_lr,0
142668,2026-09-09,大村,3,4371,7.18,45.1,0.2727,0.5455,11,A1,0.13,5,71,29,3.3,0.1,0.122,10,6.93,0,0.07,40,0.4284,6,5,26,16.83,v2_lr,0
142668,2026-09-09,大村,4,4961,6.29,42,0.1923,0.3846,26,A1,0.14,11,67,27,3.4,0.3,0.162,10,6.88,0.4167,0.02,41.27,0.4845,6,5,26,13.74,v2_lr,0
142668,2026-09-09,大村,5,4262,7.19,45.8,0.2222,0.5556,9,A1,0.15,8,70,21,2.5,0.2,0.126,10,6.81,1,0.08,41.27,0.4845,6,5,26,21.25,v2_lr,1
142668,2026-09-09,大村,6,5026,6.27,48.2,0.3043,0.5217,46,A1,0.17,4,72,15,3.5,0.3,0.163,10,6.93,0,0.22,31.08,0.0345,6,5,26,3.87,v2_lr,0
142669,2026-09-09,大村,1,3415,6.87,35.9,0,0.3333,3,A1,0.15,71,101,87,3.5,0.2,0.141,10,6.97,0,-0.06,38.46,1,6,5,26,19.09,v2_lr,1
142669,2026-09-09,大村,2,4188,7.96,64.1,0.25,0.4167,12,A1,0.13,17,81,50,2.7,0.4,0.109,10,6.88,1,-0.03,38.03,0.885,6,5,26,25.36,v2_lr,0
142669,2026-09-09,大村,3,4096,6.32,48.5,0.3663,0.5644,101,A1,0.18,5,65,24,3.1,0.1,0.166,10,6.89,0.8889,-0.02,34.72,0,6,5,26,24.47,v2_lr,0
142669,2026-09-09,大村,4,4238,8.24,63.7,0.3333,0.6667,3,A1,0.19,14,50,24,2,0.2,0.096,10,6.95,0.2222,-0.09,35.38,0.1765,6,5,26,13.04,v2_lr,0
142670,2026-09-09,大村,1,4719,7.28,45.6,0.3636,0.5455,11,A1,0.14,90,104,97,2.8,0.2,0.108,10,6.89,0.6842,0.04,30.16,0.0189,7,6,26,33.15,v2_lr,1
142670,2026-09-09,大村,2,4174,6.35,41.8,0.2632,0.4386,114,A1,0.15,12,72,31,3.4,0.1,0.174,10,6.83,1,0,39.34,0.3882,7,6,26,29.27,v2_lr,0
142670,2026-09-09,大村,3,3783,6.57,36.4,0.1852,0.3704,27,A1,0.14,9,73,29,3.3,0.2,0.135,10,6.92,0.5263,0,35.59,0.2373,7,6,26,17.06,v2_lr,0
142670,2026-09-09,大村,4,4494,6.98,48.4,0,0.3333,3,A1,0.16,5,68,24,4,0.1,0.146,10,6.91,0.5789,-0.09,29.69,0,7,6,26,7.78,v2_lr,0
142670,2026-09-09,大村,5,5224,7.08,48.9,0.2593,0.5926,27,A1,0.13,4,64,14,3.4,0.1,0.116,10,7.02,0,-0.04,33.33,0.1464,7,6,26,6.91,v2_lr,0
142670,2026-09-09,大村,6,4084,6.79,48.9,0.1923,0.4231,26,A1,0.17,7,87,19,3.3,0.3,0.151,10,6.9,0.6316,-0.16,54.55,1,7,6,26,5.82,v2_lr,0
142671,2026-09-09,大村,1,4907,6.75,50,0,0.5,8,A1,0.14,75,100,89,2,0.3,0.151,10,6.84,1,0.04,34.92,0.3531,6,5,26,17.66,v2_lr,1
142671,2026-09-09,大村,2,4320,8.05,51.4,0.4333,0.6667,30,A1,0.13,13,67,35,1.8,0.5,0.121,10,6.91,0.2222,0.06,31.25,0.1136,6,5,26,24.77,v2_lr,0
142671,2026-09-09,大村,3,5191,6.49,45.5,0.425,0.575,40,A1,0.14,23,80,36,2.4,0.4,0.155,10,6.9,0.3333,0.15,44.83,1,6,5,26,21.44,v2_lr,0
142671,2026-09-09,大村,4,4500,7.15,45.1,0.5455,0.8182,11,A1,0.12,19,73,30,2.2,0.5,0.124,10,6.93,0,0.26,38.57,0.5914,6,5,26,19.35,v2_lr,0
142671,2026-09-09,大村,5,4960,7.63,68.3,0.3333,0.7222,18,A1,0.17,12,75,30,3,0.3,0.119,10,6.86,0.7778,0.03,31.25,0.1136,6,5,26,11.51,v2_lr,0
142671,2026-09-09,大村,6,3983,6.39,42.8,0.3636,0.5455,22,A1,0.15,1,69,12,2.3,0.4,0.113,10,6.89,0.4444,0.08,29.51,0,6,5,26,5.26,v2_lr,0
142672,2026-09-09,大村,1,4686,6.76,42,0.2,0.3,10,A1,0.16,72,92,81,3.2,0.3,0.129,10,6.88,0.6154,0.05,35.71,0.095,6,5,26,27.99,v2_lr,1
142672,2026-09-09,大村,2,3719,6.93,45.9,0.1667,0.3889,18,A1,0.13,12,81,48,2.5,0.4,0.149,10,6.92,0.3077,0.01,49.23,1,6,5,26,18.86,v2_lr,0
142672,2026-09-09,大村,3,4075,6.46,43.1,0.2292,0.3958,48,A1,0.12,10,86,34,2.8,0.3,0.123,10,6.84,0.9231,0.1,36.51,0.1486,6,5,26,18.07,v2_lr,0
142672,2026-09-09,大村,4,3952,6.69,45.6,0.2609,0.3478,23,A1,0.14,19,70,27,2.7,0.4,0.115,10,6.88,0.6154,-0.03,34.29,0,6,5,26,12.31,v2_lr,0
142672,2026-09-09,大村,5,4503,7.33,53.9,0.3889,0.6667,18,A1,0.11,12,76,32,2.9,0.2,0.125,10,6.96,0,0.07,47.06,0.8548,6,5,26,15.63,v2_lr,0
142672,2026-09-09,大村,6,4961,6.29,42,0.1923,0.3846,26,A1,0.14,7,68,19,3.4,0.3,0.162,10,6.83,1,0.01,41.27,0.4672,6,5,26,7.14,v2_lr,0
