race_id,date,venue,lane,player_id,global_win_rate,global_2rate,local_win_rate,local_2rate,local_race_cnt,grade_period,avg_st,course_rank1,course_count,course_rank2,recent10_avg_rank,recent10_win_rate,recent10_st_mean,recent10_count,exhibit_time_raw,exhibit_time_rel,start_timing,motor_2rate,motor_2rate_rel,wind_speed,wave_height,temperature,score_total_current,model_version,is_winner
157686,2026-10-09,桐生,1,4245,4.8,29,0,0,12,B1,0.21,20,54,32,4.5,0,0.158,10,6.69,0.6471,0.11,43.17,1,3,2,18,36.36,v2_lr,1
157686,2026-10-09,桐生,2,5187,3.48,9.5,0,0,3,B2,0.17,5,59,13,4.4,0,0.194,10,6.74,0.3529,0.05,39.89,0.7764,3,2,18,21.34,v2_lr,0
157686,2026-10-09,桐生,3,4837,4.53,21.5,0,0.2,10,B1,0.18,4,70,22,4.5,0.1,0.123,10,6.63,1,0.13,28.5,0,3,2,18,14.18,v2_lr,0
157686,2026-10-09,桐生,4,3848,4.56,28.8,0.125,0.25,24,B1,0.18,7,79,21,4.1,0.1,0.147,10,6.8,0,0.02,35.32,0.4649,3,2,18,13,v2_lr,0
157686,2026-10-09,桐生,5,5455,0,0,0.0526,0.0526,19,B2,,0,24,0,4.9,0.1,0.106,10,6.65,0.8824,0.03,31.48,0.2031,3,2,18,5.09,v2_lr,0
157686,2026-10-09,桐生,6,4550,5.48,33.9,0.1948,0.3896,77,A2,0.16,1,53,7,3.3,0.1,0.16,10,6.73,0.4118,-0.04,42.58,0.9598,3,2,18,10.03,v2_lr,0
157687,2026-10-09,桐生,1,3596,3.75,13.1,0.1364,0.3182,22,B1,0.21,17,46,23,4.3,0,0.145,10,6.79,0.1429,0.06,45.68,1,4,3,21,19.48,v2_lr,0
157687,2026-10-09,桐生,2,3532,6.15,40.9,0.2418,0.4505,91,B2,0.16,11,53,24,3.2,0.3,0.145,10,6.82,0,0.11,39.08,0.6425,4,3,21,19.56,v2_lr,0
157687,2026-10-09,桐生,3,5379,2.61,2.8,0.3333,0.6667,3,B1,0.24,0,27,2,4.2,0.1,0.132,10,6.7,0.5714,0.01,27.22,0,4,3,21,20.93,v2_lr,0
157687,2026-10-09,桐生,4,4950,6.61,48.3,0.5,0.5,14,A1,0.17,9,75,23,2.7,0.4,0.178,10,6.69,0.619,0.06,41.62,0.7801,4,3,21,25.47,v2_lr,1
157687,2026-10-09,桐生,5,5049,5.46,35.5,0.3333,0.5,12,A2,0.18,3,54,13,3.8,0.2,0.142,10,6.66,0.7619,0.13,27.87,0.0352,4,3,21,12.39,v2_lr,0
157687,2026-10-09,桐生,6,5311,5.26,31.6,0.0833,0.3333,12,B1,0.17,1,84,7,2.2,0.5,0.155,10,6.61,1,0.04,44.44,0.9328,4,3,21,2.17,v2_lr,0
157688,2026-10-09,桐生,1,3875,4.2,24.7,0,0,3,B1,0.16,30,57,37,4.1,0,0.153,10,6.7,1,0.05,40,0.9425,3,2,21,24.62,v2_lr,1
157688,2026-10-09,桐生,2,4142,5.62,32.4,0,0,3,A2,0.18,12,76,29,3.8,0.1,0.162,10,6.87,0.1905,0.13,36.18,0.5357,3,2,21,11.56,v2_lr,0
157688,2026-10-09,桐生,3,3973,3.95,19,0.1667,0.3333,96,B1,0.2,8,80,16,4.4,0,0.148,10,6.75,0.7619,0.11,31.15,0,3,2,21,19.63,v2_lr,0
157688,2026-10-09,桐生,4,4581,6.27,47.4,0.3333,0.5333,30,A1,0.15,11,82,22,4.3,0,0.167,10,6.75,0.7619,0.08,31.73,0.0618,3,2,21,28.22,v2_lr,0
157688,2026-10-09,桐生,5,3577,4.43,21.6,0.3,0.3,10,B1,0.17,6,53,10,3.3,0.1,0.133,10,6.91,0,0.11,36.26,0.5442,3,2,21,13.82,v2_lr,0
157688,2026-10-09,桐生,6,3546,4.22,12.7,0.0789,0.2105,38,B1,0.19,1,45,5,3.6,0.1,0.162,10,6.88,0.1429,0.08,40.54,1,3,2,21,2.14,v2_lr,0
157689,2026-10-09,桐生,1,3294,4.28,22.7,0.0333,0.1333,30,B1,0.18,11,49,25,3.5,0.2,0.144,10,6.75,1,0.09,32.06,0.2293,2,1,21,23.36,v2_lr,0
157689,2026-10-09,桐生,2,3550,5.32,36.9,0.2308,0.5,26,B1,0.17,11,87,37,2.8,0.2,0.154,10,6.84,0.5,0.09,34.67,0.3494,2,1,21,29.72,v2_lr,1
157689,2026-10-09,桐生,3,3652,3.63,14.9,0.1277,0.1702,47,B1,0.18,0,67,5,4.2,0.1,0.188,10,6.75,1,0.13,38.89,0.5437,2,1,21,17.51,v2_lr,0
157689,2026-10-09,桐生,4,4151,5.15,31,0.1429,0.5714,7,B1,0.17,3,79,14,3.1,0,0.181,10,6.93,0,-0.01,48.8,1,2,1,21,9.34,v2_lr,0
157689,2026-10-09,桐生,5,4637,5.5,38.6,0.1,0.3,30,A2,0.2,3,64,12,3.7,0.1,0.217,10,6.82,0.6111,0.02,30.3,0.1483,2,1,21,4.5,v2_lr,0
157689,2026-10-09,桐生,6,3612,6.38,50.3,0.4348,0.6522,23,A1,0.17,10,81,23,3,0.3,0.175,10,6.87,0.3333,0.28,27.08,0,2,1,21,15.56,v2_lr,0
157690,2026-10-09,桐生,1,5046,4.29,21.8,0.0476,0.1905,21,B1,0.16,12,45,15,5.2,0,0.194,10,6.75,0.3333,0.09,35.68,0.5927,2,1,20,25.9,v2_lr,0
157690,2026-10-09,桐生,2,4393,4.36,20,0,0.1667,18,B1,0.18,5,63,14,4.7,0,0.214,10,6.71,0.5238,0.29,33.67,0.4233,2,1,20,12.61,v2_lr,0
157690,2026-10-09,桐生,3,3385,5.47,35.8,0.1351,0.3784,37,A2,0.18,7,76,25,3.5,0.1,0.164,10,6.61,1,0.19,28.65,0,2,1,20,20.09,v2_lr,0
157690,2026-10-09,桐生,4,3947,4.35,15.5,0.1899,0.3165,79,B1,0.21,3,69,14,3.3,0.2,0.152,10,6.63,0.9048,0.04,37.5,0.7462,2,1,20,20.85,v2_lr,0
157690,2026-10-09,桐生,5,4506,6.93,58.3,0.2683,0.4146,41,A1,0.13,7,75,16,2.9,0.2,0.143,10,6.65,0.8095,0.02,33.33,0.3946,2,1,20,18.34,v2_lr,0
157690,2026-10-09,桐生,6,3635,4.72,35.5,0.0938,0.375,32,B1,0.16,1,87,5,3.8,0.1,0.138,10,6.82,0,0.05,40.51,1,2,1,20,2.22,v2_lr,1
157691,2026-10-09,桐生,1,4886,6.04,31,0,0,2,A2,0.13,60,76,67,2.5,0.3,0.128,10,6.78,0.4583,-0.04,42.58,0.8147,1,1,20,33.2,v2_lr,1
157691,2026-10-09,桐生,2,3848,4.56,28.8,0.125,0.25,24,B1,0.18,8,76,28,4.1,0.1,0.147,10,6.73,0.6667,-0.01,35.32,0.3808,1,1,20,35.99,v2_lr,0
157691,2026-10-09,桐生,3,4803,4.03,17.4,0,0,3,B1,0.19,0,65,8,3.6,0,0.175,10,6.7,0.7917,-0.01,28.95,0,1,1,20,12.27,v2_lr,0
157691,2026-10-09,桐生,4,5364,2.32,3.5,0.0185,0.037,54,B1,,0,49,1,4.9,0,0.15,10,6.89,0,0.03,30.37,0.0849,1,1,20,4.7,v2_lr,0
157691,2026-10-09,桐生,5,3596,3.75,13.1,0.1364,0.3182,22,B1,0.21,1,57,5,4.3,0,0.145,10,6.68,0.875,0.11,45.68,1,1,1,20,11.52,v2_lr,0
157691,2026-10-09,桐生,6,4871,4.64,27.7,0,0,3,B1,0.17,2,54,3,4.8,0,0.176,10,6.65,1,0.05,35.68,0.4023,1,1,20,2.32,v2_lr,0
157692,2026-10-09,桐生,1,4142,5.62,32.4,0,0,3,A2,0.18,46,88,68,3.8,0.1,0.162,10,6.85,0.6364,0.13,36.18,0.5866,2,1,20,21.61,v2_lr,1
157692,2026-10-09,桐生,2,4143,4.2,18.9,0.3333,0.3333,3,B1,0.17,3,68,10,4.1,0.2,0.163,10,6.87,0.4545,0.16,34.22,0.4707,2,1,20,39.24,v2_lr,0
157692,2026-10-09,桐生,3,3968,5.75,31.1,0.2174,0.4783,23,A2,0.18,14,75,28,2.1,0.4,0.154,10,6.89,0.2727,0.17,26.26,0,2,1,20,21.63,v2_lr,0
157692,2026-10-09,桐生,4,4110,4.36,25,0.1333,0.2667,30,B1,0.17,4,66,12,4.2,0.1,0.144,10,6.84,0.7273,0.14,39.08,0.7581,2,1,20,11.69,v2_lr,0
157692,2026-10-09,桐生,5,4245,4.8,29,0,0,12,B1,0.21,2,64,8,4.5,0,0.158,10,6.92,0,0.11,43.17,1,2,1,20,1.94,v2_lr,0
157692,2026-10-09,桐生,6,3656,5.17,29.7,0.125,0.4167,24,B1,0.13,1,50,7,3.9,0.1,0.2,10,6.81,1,0.15,32.26,0.3548,2,1,20,3.89,v2_lr,0
157693,2026-10-09,桐生,1,3800,5.55,40.2,0.2174,0.4783,23,A2,0.14,34,67,46,3.4,0.3,0.129,10,6.71,0.4286,0.05,35.64,0.4103,3,2,19,30.7,v2_lr,0
157693,2026-10-09,桐生,2,3652,3.63,14.9,0.1277,0.1702,47,B1,0.18,1,62,8,4.2,0.1,0.188,10,6.71,0.4286,-0.01,38.89,0.7308,3,2,19,20.26,v2_lr,0
157693,2026-10-09,桐生,3,3546,4.22,12.7,0.0789,0.2105,38,B1,0.19,5,68,13,3.6,0.1,0.162,10,6.8,0,0.03,40.54,0.8935,3,2,19,9.41,v2_lr,0
157693,2026-10-09,桐生,4,4303,5.26,32.3,0.1,0.2,20,B1,0.19,10,77,23,2.9,0.2,0.184,10,6.76,0.1905,0.02,37.8,0.6233,3,2,19,6.49,v2_lr,0
157693,2026-10-09,桐生,5,4950,6.61,48.3,0.5,0.5,14,A1,0.17,6,79,19,2.7,0.4,0.178,10,6.59,1,-0.04,41.62,1,3,2,19,32.06,v2_lr,1
157693,2026-10-09,桐生,6,5455,0,0,0.0526,0.0526,19,B2,,1,44,1,4.9,0.1,0.106,10,6.7,0.4762,-0.05,31.48,0,3,2,19,1.08,v2_lr,0
157694,2026-10-09,桐生,1,4093,4.2,19.1,0.0333,0.2,30,B1,0.18,18,62,28,3,0.2,0.18,10,6.72,0.7273,0.17,31.22,0.1706,2,1,18,23.6,v2_lr,0
157694,2026-10-09,桐生,2,4155,6.14,45.9,0.2857,0.5,14,A2,0.17,13,73,33,4,0.1,0.158,10,6.77,0.5,0.02,34.45,0.3733,2,1,18,38.67,v2_lr,0
157694,2026-10-09,桐生,3,4637,5.5,38.6,0.1,0.3,30,A2,0.2,7,57,24,3.7,0.1,0.217,10,6.86,0.0909,0.09,30.3,0.1129,2,1,18,11.31,v2_lr,0
157694,2026-10-09,桐生,4,5311,5.26,31.6,0.0833,0.3333,12,B1,0.17,6,86,18,2.2,0.5,0.155,10,6.66,1,-0.04,44.44,1,2,1,18,12.1,v2_lr,1
157694,2026-10-09,桐生,5,4837,4.53,21.5,0,0.2,10,B1,0.18,2,67,12,4.5,0.1,0.123,10,6.88,0,0.09,28.5,0,2,1,18,1.61,v2_lr,0
157694,2026-10-09,桐生,6,5234,6.74,51.1,0.3226,0.5161,124,A1,0.16,1,74,9,3.4,0.1,0.141,10,6.78,0.4545,-0.05,30.39,0.1186,2,1,18,12.71,v2_lr,0
157695,2026-10-09,桐生,1,3550,5.32,36.9,0.2308,0.5,26,B1,0.17,40,76,57,2.8,0.2,0.154,10,6.77,0.2,0.19,34.67,0.1449,1,1,18,27.23,v2_lr,1
157695,2026-10-09,桐生,3,3577,4.43,21.6,0.3,0.3,10,B1,0.17,4,54,14,3.3,0.1,0.133,10,6.68,0.8,0.07,36.26,0.3168,1,1,18,25.56,v2_lr,0
157695,2026-10-09,桐生,4,4871,4.64,27.7,0,0,3,B1,0.17,6,51,12,4.8,0,0.176,10,6.73,0.4667,-0.01,35.68,0.2541,1,1,18,3.37,v2_lr,0
157695,2026-10-09,桐生,5,4550,5.48,33.9,0.1948,0.3896,77,A2,0.16,2,68,12,3.3,0.1,0.16,10,6.8,0,0.04,42.58,1,1,1,18,6.18,v2_lr,0
157695,2026-10-09,桐生,6,4506,6.93,58.3,0.2683,0.4146,41,A1,0.13,2,71,12,2.9,0.2,0.143,10,6.65,1,-0.02,33.33,0,1,1,18,8.48,v2_lr,0
157696,2026-10-09,桐生,1,4051,6.35,43.1,0.3077,0.5385,13,A2,0.16,59,93,75,2.5,0.5,0.147,10,6.77,0.6,-0.05,51.4,1,2,1,18,37.86,v2_lr,0
157696,2026-10-09,桐生,2,3656,5.17,29.7,0.125,0.4167,24,B1,0.13,3,53,19,3.9,0.1,0.2,10,6.81,0.3333,0.07,32.26,0,2,1,18,18.76,v2_lr,0
157696,2026-10-09,桐生,3,4393,4.36,20,0,0.1667,18,B1,0.18,5,69,21,4.7,0,0.214,10,6.75,0.7333,0.01,33.67,0.0737,2,1,18,7.35,v2_lr,0
157696,2026-10-09,桐生,4,4528,6.64,46.6,0.4348,0.6957,23,A1,0.15,8,69,27,2.6,0.3,0.118,10,6.71,1,0.04,34.47,0.1155,2,1,18,33.22,v2_lr,1
157696,2026-10-09,桐生,5,4886,6.04,31,0,0,2,A2,0.13,5,58,15,2.5,0.3,0.128,10,6.86,0,0.06,42.58,0.5392,2,1,18,1.77,v2_lr,0
157696,2026-10-09,桐生,6,5187,3.48,9.5,0,0,3,B2,0.17,1,43,3,4.4,0,0.194,10,6.82,0.2667,-0.05,39.89,0.3986,2,1,18,1.03,v2_lr,0
157697,2026-10-09,桐生,1,4581,6.27,47.4,0.3333,0.5333,30,A1,0.15,67,104,84,4.3,0,0.167,10,6.62,1,0.16,31.73,0.4267,2,1,18,32.06,v2_lr,1
157697,2026-10-09,桐生,2,3968,5.75,31.1,0.2174,0.4783,23,A2,0.18,13,69,32,2.1,0.4,0.154,10,6.82,0,0.04,26.26,0,2,1,18,20.86,v2_lr,0
157697,2026-10-09,桐生,3,3612,6.38,50.3,0.4348,0.6522,23,A1,0.17,13,82,39,3,0.3,0.175,10,6.73,0.45,0.12,27.08,0.064,2,1,18,28.9,v2_lr,0
157697,2026-10-09,桐生,4,3532,6.15,40.9,0.2418,0.4505,91,B2,0.16,7,50,19,3.2,0.3,0.145,10,6.81,0.05,0.17,39.08,1,2,1,18,12.42,v2_lr,0
157697,2026-10-09,桐生,5,3385,5.47,35.8,0.1351,0.3784,37,A2,0.18,5,74,14,3.5,0.1,0.164,10,6.81,0.05,0.13,28.65,0.1864,2,1,18,3.18,v2_lr,0
157697,2026-10-09,桐生,6,4303,5.26,32.3,0.1,0.2,20,B1,0.19,0,69,2,2.9,0.2,0.184,10,6.68,0.7,-0.03,37.8,0.9002,2,1,18,2.58,v2_lr,0
157698,2026-10-09,戸田,1,4944,4.07,21.5,0,0.2273,22,B1,0.18,8,43,19,4.6,0,0.147,10,6.63,1,-0.04,45,0.7877,1,1,21,22.34,v2_lr,1
157698,2026-10-09,戸田,2,5090,5.41,34.6,0.1786,0.2857,28,B1,0.11,11,69,23,2.8,0.4,0.202,10,6.8,0,0.19,15.79,0.1202,1,1,21,20.91,v2_lr,0
157698,2026-10-09,戸田,3,4864,4.16,21.3,0.2857,0.2857,7,B1,0.16,3,60,12,4,0,0.155,10,6.72,0.4706,0.14,54.29,1,1,1,21,27.92,v2_lr,0
157698,2026-10-09,戸田,4,4902,4.81,30.2,0.25,0.25,8,B1,0.18,5,78,18,3.6,0.1,0.182,10,6.74,0.3529,-0.01,42.55,0.7317,1,1,21,18.24,v2_lr,0
157698,2026-10-09,戸田,5,4880,5.42,36.8,0.1111,0.3333,18,B1,0.18,0,63,11,3.9,0,0.178,10,6.65,0.8824,0.06,10.53,0,1,1,21,5.21,v2_lr,0
157698,2026-10-09,戸田,6,5339,5.15,29.8,,,0,B1,0.21,6,97,14,4.6,0,0.141,10,6.64,0.9412,-0.07,36.36,0.5903,1,1,21,5.37,v2_lr,0
157699,2026-10-09,戸田,1,5074,4.74,28.1,0.1304,0.2609,23,B1,0.2,24,53,35,4.6,0,0.183,10,6.63,1,0.07,33.33,0.7546,0,0,21,32.09,v2_lr,1
157699,2026-10-09,戸田,2,4709,5.64,37,0.2857,0.4286,7,A2,0.15,11,68,30,3.2,0.3,0.113,10,6.74,0,0.08,18.18,0.1972,0,0,21,30.93,v2_lr,0
157699,2026-10-09,戸田,3,5035,5.5,36,0.1228,0.3684,57,A2,0.18,9,67,24,2.6,0,0.196,10,6.64,0.9091,0.09,40,1,0,0,21,18.3,v2_lr,0
157699,2026-10-09,戸田,4,5047,4.62,25.3,0.1667,0.25,12,B1,0.13,4,62,13,3.9,0.1,0.181,10,6.69,0.4545,0.13,20.59,0.2859,0,0,21,10.83,v2_lr,0
157699,2026-10-09,戸田,5,5007,5.15,30.2,0.1481,0.1481,27,B1,0.16,0,66,7,3.3,0.2,0.212,10,6.66,0.7273,0.08,25.64,0.4717,0,0,21,7.11,v2_lr,0
157699,2026-10-09,戸田,6,5402,1.57,1.6,0,0,12,B2,,0,111,1,4.7,0,0.21,10,6.71,0.2727,0.11,12.82,0,0,0,21,0.74,v2_lr,0
157700,2026-10-09,戸田,1,5012,5.44,34.8,0.2174,0.3913,23,B1,0.12,29,68,42,2.8,0.1,0.15,10,6.63,0.8667,-0.05,30.95,0.3778,0,0,21,42.53,v2_lr,0
157700,2026-10-09,戸田,2,4715,6.35,41.9,,,0,A1,0.13,20,67,33,2,0.4,0.104,10,6.61,1,0.09,43.59,0.6137,0,0,21,33.15,v2_lr,0
157700,2026-10-09,戸田,3,4952,3.88,16.2,0.1429,0.2143,14,B1,0.18,3,51,9,4,0.1,0.182,10,6.76,0,-0.03,10.71,0,0,0,21,15.2,v2_lr,0
157700,2026-10-09,戸田,4,5290,3.77,17.1,0,0.2857,7,B1,0.15,4,60,12,3.3,0.2,0.15,10,6.75,0.0667,0.39,25.64,0.2786,0,0,21,2.57,v2_lr,0
157700,2026-10-09,戸田,5,5065,5.82,46.7,0,0.1429,7,A2,0.14,8,59,16,3.5,0.1,0.127,10,6.65,0.7333,0.09,30.95,0.3778,0,0,21,2.65,v2_lr,1
157700,2026-10-09,戸田,6,4731,5.27,34.7,,,0,B1,0.16,0,49,4,3.7,0.2,0.158,10,6.73,0.2,0.14,64.29,1,0,0,21,3.91,v2_lr,0
157701,2026-10-09,戸田,1,5083,4.65,27,0,0.375,8,B1,0.17,19,49,29,4.5,0,0.125,10,6.73,0.1053,0.09,32.26,0.3509,1,1,22,22.84,v2_lr,0
157701,2026-10-09,戸田,2,4789,5.64,38.6,0.1923,0.4615,26,A2,0.14,9,63,23,3.7,0,0.151,10,6.72,0.1579,0.08,29.55,0.2444,1,1,22,37.31,v2_lr,0
157701,2026-10-09,戸田,3,4890,5.87,37.7,0,0.1667,6,A2,0.15,6,69,17,3.3,0.2,0.191,10,6.68,0.3684,0.11,46.34,0.9041,1,1,22,10.98,v2_lr,0
157701,2026-10-09,戸田,4,5026,6.27,48.2,,,0,A1,0.17,8,68,31,2.2,0.2,0.149,10,6.56,1,0.25,29.73,0.2515,1,1,22,18.44,v2_lr,1
157701,2026-10-09,戸田,5,5186,3.62,19.7,0.1538,0.3846,13,B1,0.19,2,52,3,3.6,0,0.141,10,6.75,0,0.16,23.33,0,1,1,22,5.94,v2_lr,0
157701,2026-10-09,戸田,6,4873,4.88,28.9,,,0,B1,0.17,2,69,12,4.3,0.1,0.2,10,6.75,0,0.16,48.78,1,1,1,22,4.49,v2_lr,0
157702,2026-10-09,戸田,1,5210,5.47,37.9,0,0.4375,16,A2,0.17,30,49,37,3.2,0.3,0.133,10,6.75,0.7778,0.01,31.25,1,0,0,22,24.11,v2_lr,0
157702,2026-10-09,戸田,2,4724,3.28,8,,,0,B1,0.22,2,53,7,4,0.1,0.191,10,6.71,1,0.03,15.63,0,0,0,22,29.81,v2_lr,0
157702,2026-10-09,戸田,3,5356,4.61,26.1,0.0526,0.1579,19,B1,0.1,3,34,12,3.9,0,0.237,10,6.74,0.8333,0.06,25,0.5999,0,0,22,13.14,v2_lr,0
157702,2026-10-09,戸田,4,5005,6.44,48.8,0.2167,0.3167,60,A1,0.11,7,65,23,2.9,0.2,0.134,10,6.74,0.8333,0.05,30.95,0.9808,0,0,22,21.51,v2_lr,1
157702,2026-10-09,戸田,5,5090,5.41,34.6,0.1786,0.2857,28,B1,0.11,4,65,11,2.8,0.4,0.202,10,6.89,0,-0.06,15.79,0.0102,0,0,22,6.72,v2_lr,0
157702,2026-10-09,戸田,6,5404,2.14,2.6,,,0,B1,,1,133,4,4.8,0,0.163,10,6.76,0.7222,-0.01,25.71,0.6453,0,0,22,4.72,v2_lr,0
157703,2026-10-09,戸田,1,5007,5.15,30.2,0.1481,0.1481,27,B1,0.16,22,59,33,3.3,0.2,0.212,10,6.84,0,0.07,25.64,0.3396,3,2,23,31.23,v2_lr,0
157703,2026-10-09,戸田,2,5345,2.85,5.1,0,0,14,B1,0.2,0,21,2,4.4,0,0.188,10,6.75,0.5294,0.02,29.73,0.4397,3,2,23,13.66,v2_lr,0
157703,2026-10-09,戸田,3,4925,5.48,32.1,0.3077,0.4615,13,A2,0.15,14,85,34,3.5,0.1,0.153,10,6.67,1,0.09,29.55,0.4353,3,2,23,36.79,v2_lr,0
157703,2026-10-09,戸田,4,5055,5.96,42.4,0.1111,0.3333,9,A2,0.16,12,83,25,3.1,0.1,0.143,10,6.76,0.4706,0.04,38.46,0.6533,3,2,23,10.03,v2_lr,0
157703,2026-10-09,戸田,5,4713,6.71,48.1,,,0,A1,0.15,12,92,26,3.8,0.1,0.103,10,6.73,0.6471,0.16,11.76,0,3,2,23,7.28,v2_lr,1
157703,2026-10-09,戸田,6,5466,0,0,0,0,12,B2,,0,31,0,5.3,0,0.144,10,6.76,0.4706,0.14,52.63,1,3,2,23,1,v2_lr,0
157704,2026-10-09,戸田,1,4903,7.07,56.4,0.2667,0.3333,15,A1,0.18,74,99,86,3.1,0.3,0.156,10,6.64,1,0.03,43.75,0.8981,0,0,23,48.36,v2_lr,1
157704,2026-10-09,戸田,2,5122,4.86,33.7,0.0645,0.2258,31,B1,0.16,6,37,14,4,0,0.157,10,6.69,0.7059,0.18,34.09,0.6355,0,0,23,20.89,v2_lr,0
157704,2026-10-09,戸田,3,5074,4.74,28.1,0.1304,0.2609,23,B1,0.2,0,67,7,4.6,0,0.183,10,6.77,0.2353,0.21,33.33,0.6148,0,0,23,15.86,v2_lr,0
157704,2026-10-09,戸田,4,4952,3.88,16.2,0.1429,0.2143,14,B1,0.18,4,58,9,4,0.1,0.182,10,6.8,0.0588,-0.02,10.71,0,0,0,23,9.88,v2_lr,0
157704,2026-10-09,戸田,5,5302,3.82,19.1,0,0.1667,6,B1,0.17,1,60,1,3.1,0.2,0.17,10,6.76,0.2941,0.39,47.5,1,0,0,23,1.93,v2_lr,0
157704,2026-10-09,戸田,6,4728,4.21,26.3,,,0,B1,0.18,0,57,1,3.6,0.3,0.244,10,6.81,0,0.07,17.5,0.1846,0,0,23,3.08,v2_lr,0
157705,2026-10-09,戸田,1,4902,4.81,30.2,0.25,0.25,8,B1,0.18,25,59,38,3.6,0.1,0.182,10,6.67,1,0.16,42.55,1,0,0,24,43.01,v2_lr,1
157705,2026-10-09,戸田,2,4753,4.64,31.8,0,0.0833,12,B2,0.1,4,53,18,4.6,0,0.159,10,6.77,0.3333,0,35.71,0.5819,0,0,24,12.9,v2_lr,0
157705,2026-10-09,戸田,3,4772,6.3,47.5,0.2143,0.2857,14,A1,0.11,14,74,35,3.6,0.2,0.106,10,6.73,0.6,-0.03,26.19,0,0,0,24,25.86,v2_lr,0
157705,2026-10-09,戸田,4,5083,4.65,27,0,0.375,8,B1,0.17,3,53,10,4.5,0,0.125,10,6.82,0,0.07,32.26,0.371,0,0,24,3.21,v2_lr,0
157705,2026-10-09,戸田,5,5012,5.44,34.8,0.2174,0.3913,23,B1,0.12,7,64,16,2.8,0.1,0.15,10,6.75,0.4667,0.14,30.95,0.291,0,0,24,10.09,v2_lr,0
157705,2026-10-09,戸田,6,5106,5.53,32.1,,,0,A2,0.21,0,58,5,3.4,0.1,0.158,10,6.73,0.6,-0.02,33.33,0.4364,0,0,24,4.93,v2_lr,0
157706,2026-10-09,戸田,1,5035,5.5,36,0.1228,0.3684,57,A2,0.18,20,53,34,2.6,0,0.196,10,6.69,1,0.03,40,0.4224,0,0,24,36.64,v2_lr,0
157706,2026-10-09,戸田,2,5065,5.82,46.7,0,0.1429,7,A2,0.14,6,65,28,3.5,0.1,0.127,10,6.69,1,0.02,30.95,0.0566,0,0,24,16.12,v2_lr,1
157706,2026-10-09,戸田,4,4864,4.16,21.3,0.2857,0.2857,7,B1,0.16,3,58,7,4,0,0.155,10,6.72,0.7692,0.06,54.29,1,0,0,24,28.3,v2_lr,0
157706,2026-10-09,戸田,5,4789,5.64,38.6,0.1923,0.4615,26,A2,0.14,3,67,12,3.7,0,0.151,10,6.78,0.3077,-0.02,29.55,0,0,0,24,8.59,v2_lr,0
157706,2026-10-09,戸田,6,5352,5.09,32.3,,,0,B1,0.17,1,108,7,2.5,0.2,0.16,10,6.82,0,0.38,35.14,0.2259,0,0,24,2.44,v2_lr,0
157707,2026-10-09,戸田,1,4925,5.48,32.1,0.3077,0.4615,13,A2,0.15,42,80,56,3.5,0.1,0.153,10,6.73,0.6923,0.12,29.55,0.3671,1,1,24,40.92,v2_lr,1
157707,2026-10-09,戸田,2,5054,6.28,43.4,0.1818,0.2727,11,A1,0.13,16,63,30,2,0.6,0.12,10,6.69,1,0.06,32.35,0.4818,1,1,24,31.61,v2_lr,0
157707,2026-10-09,戸田,3,5047,4.62,25.3,0.1667,0.25,12,B1,0.13,10,67,21,3.9,0.1,0.181,10,6.77,0.3846,0.13,20.59,0,1,1,24,16.73,v2_lr,0
157707,2026-10-09,戸田,4,4944,4.07,21.5,0,0.2273,22,B1,0.18,4,60,7,4.6,0,0.147,10,6.69,1,0.41,45,1,1,1,24,4.53,v2_lr,0
157707,2026-10-09,戸田,5,5210,5.47,37.9,0,0.4375,16,A2,0.17,4,64,14,3.2,0.3,0.133,10,6.82,0,0.08,31.25,0.4367,1,1,24,1.61,v2_lr,0
157707,2026-10-09,戸田,6,5104,5.59,37.5,,,0,A2,0.11,7,63,12,2.9,0.2,0.137,10,6.72,0.7692,0.04,29.73,0.3744,1,1,24,4.6,v2_lr,0
157708,2026-10-09,戸田,1,4890,5.87,37.7,0,0.1667,6,A2,0.15,36,65,45,3.3,0.2,0.191,10,6.72,1,0.03,46.34,0.6929,3,2,24,26.52,v2_lr,0
157708,2026-10-09,戸田,2,4790,6.27,46.5,0.3636,0.5455,11,A1,0.14,10,66,24,3,0.3,0.138,10,6.73,0.8889,-0.02,58.82,1,3,2,24,45.61,v2_lr,1
157708,2026-10-09,戸田,3,5290,3.77,17.1,0,0.2857,7,B1,0.15,2,57,10,3.3,0.2,0.15,10,6.72,1,-0.02,25.64,0.1836,3,2,24,10.13,v2_lr,0
157708,2026-10-09,戸田,4,5356,4.61,26.1,0.0526,0.1579,19,B1,0.1,5,51,13,3.9,0,0.237,10,6.78,0.3333,0.09,25,0.1678,3,2,24,5.62,v2_lr,0
157708,2026-10-09,戸田,5,5055,5.96,42.4,0.1111,0.3333,9,A2,0.16,4,67,13,3.1,0.1,0.143,10,6.81,0,0.07,38.46,0.499,3,2,24,4.34,v2_lr,0
157708,2026-10-09,戸田,6,4709,5.64,37,0.2857,0.4286,7,A2,0.15,0,76,1,3.2,0.3,0.113,10,6.8,0.1111,0.09,18.18,0,3,2,24,7.78,v2_lr,0
157709,2026-10-09,戸田,1,5005,6.44,48.8,0.2167,0.3167,60,A1,0.11,33,75,51,2.9,0.2,0.134,10,6.68,1,-0.14,30.95,0.5999,3,2,24,31.42,v2_lr,0
157709,2026-10-09,戸田,2,4713,6.71,48.1,,,0,A1,0.15,16,85,47,3.8,0.1,0.103,10,6.68,1,0.09,11.76,0,3,2,24,22.43,v2_lr,1
157709,2026-10-09,戸田,3,4903,7.07,56.4,0.2667,0.3333,15,A1,0.18,19,82,44,3.1,0.3,0.156,10,6.7,0.75,-0.09,43.75,1,3,2,24,25.74,v2_lr,0
157709,2026-10-09,戸田,4,4715,6.35,41.9,,,0,A1,0.13,13,60,25,2,0.4,0.104,10,6.76,0,-0.04,43.59,0.995,3,2,24,9.25,v2_lr,0
157709,2026-10-09,戸田,5,4772,6.3,47.5,0.2143,0.2857,14,A1,0.11,11,57,17,3.6,0.2,0.106,10,6.72,0.5,0.02,26.19,0.4511,3,2,24,8.26,v2_lr,0
157709,2026-10-09,戸田,6,5026,6.27,48.2,,,0,A1,0.17,3,72,15,2.2,0.2,0.149,10,6.73,0.375,0.09,29.73,0.5617,3,2,24,2.9,v2_lr,0
157710,2026-10-09,江戸川,1,4690,0,0,0,0.3333,3,B2,,6,16,10,3.9,0.1,0.181,10,6.51,0.4211,-0.03,28.24,0,1,5,24,35.4,v2_lr,1
157710,2026-10-09,江戸川,2,5358,2.93,4.5,0,0,3,B2,0.19,0,30,2,4.1,0,0.186,10,6.59,0,0.38,40.79,0.5605,1,5,24,19.62,v2_lr,0
157710,2026-10-09,江戸川,3,5314,3.43,13.5,0,0,34,B1,0.16,1,25,3,4.7,0,0.243,10,6.56,0.1579,0.11,37.8,0.427,1,5,24,14.25,v2_lr,0
157710,2026-10-09,江戸川,4,3357,4.01,20.3,0.0741,0.1852,27,B1,0.19,0,58,4,4.2,0,0.222,10,6.57,0.1053,-0.01,34.94,0.2992,1,5,24,13.83,v2_lr,0
157710,2026-10-09,江戸川,5,5327,1.75,1.2,0,0,8,B2,0.21,0,69,0,4.9,0,0.205,10,6.4,1,-0.02,50.63,1,1,5,24,7.84,v2_lr,0
157710,2026-10-09,江戸川,6,5153,4.3,23.9,0.1633,0.3265,49,B1,0.19,0,56,4,4.1,0.1,0.166,10,6.53,0.3158,-0.02,35.8,0.3377,1,5,24,9.05,v2_lr,0
157711,2026-10-09,江戸川,1,4940,1.56,0,0.0417,0.2083,24,B2,0.33,5,29,10,4.7,0,0.185,10,6.63,0,0.22,36.14,0.561,1,5,24,17.53,v2_lr,1
157711,2026-10-09,江戸川,2,4974,5.54,36,0.2222,0.3889,18,A2,0.16,13,68,30,3.4,0.2,0.155,10,6.54,0.6429,0.26,36.47,0.5907,1,5,24,30.9,v2_lr,0
157711,2026-10-09,江戸川,3,3604,4.25,18.1,0.125,0.375,16,B1,0.18,4,66,10,3.5,0.1,0.201,10,6.59,0.2857,-0.06,29.89,0,1,5,24,15.05,v2_lr,0
157711,2026-10-09,江戸川,4,4897,3.63,13,0.1538,0.3846,13,B1,0.21,0,34,3,3.7,0.2,0.215,10,6.58,0.3571,0.37,41.03,1,1,5,24,10.22,v2_lr,0
157711,2026-10-09,江戸川,5,4627,6.18,46.4,0.3913,0.6957,23,A2,0.11,6,56,13,3.4,0.3,0.123,10,6.49,1,0.23,30.59,0.0628,1,5,24,25.38,v2_lr,0
157711,2026-10-09,江戸川,6,5447,0,0,0,0,3,B2,,0,41,0,5.9,0,0.277,10,6.5,0.9286,0.32,30.86,0.0871,1,5,24,0.92,v2_lr,0
157712,2026-10-09,江戸川,1,4891,4.72,22,0.2308,0.4359,39,B1,0.16,32,67,43,3.3,0.2,0.177,10,6.57,0.6364,0.27,39.08,0.603,1,5,24,30.85,v2_lr,1
157712,2026-10-09,江戸川,2,3435,6.01,38.2,0.4,0.7333,15,A2,0.15,14,77,41,2.1,0.4,0.146,10,6.64,0,0.17,30.86,0.1232,1,5,24,32.12,v2_lr,0
157712,2026-10-09,江戸川,3,4246,4.13,17.7,0.1111,0.1111,9,B1,0.19,2,75,14,3.8,0.1,0.201,10,6.61,0.2727,0.19,28.75,0,1,5,24,10.29,v2_lr,0
157712,2026-10-09,江戸川,4,4414,4.4,31.3,0.0455,0.1818,22,B1,0.16,4,52,6,4,0,0.21,10,6.55,0.8182,0.18,45.88,1,1,5,24,5.97,v2_lr,0
157712,2026-10-09,江戸川,5,3528,3.82,12.3,0.2308,0.3846,13,B1,0.24,1,51,3,4.3,0.1,0.244,10,6.59,0.4545,0.19,32.94,0.2446,1,5,24,8.73,v2_lr,0
157712,2026-10-09,江戸川,6,4478,6.37,43.2,0.3182,0.3636,22,A1,0.14,1,60,9,2.8,0.3,0.136,10,6.53,1,0.11,30.38,0.0952,1,5,24,12.04,v2_lr,0
157713,2026-10-09,江戸川,1,4275,3.38,10.1,0,0,19,B1,0.19,6,40,13,3.7,0.1,0.181,10,6.66,0.5,0.16,40.24,0.895,1,5,25,21.92,v2_lr,0
157713,2026-10-09,江戸川,2,3611,5.55,39,0.4615,0.4615,13,A2,0.15,12,67,33,2.5,0.3,0.126,10,6.63,0.875,0.04,37.8,0.7159,1,5,25,45.53,v2_lr,1
157713,2026-10-09,江戸川,3,5151,4.41,18.6,0.2222,0.3333,27,B1,0.19,0,62,5,4,0.1,0.191,10,6.7,0,0.14,31.33,0.2408,1,5,25,22.33,v2_lr,0
157713,2026-10-09,江戸川,4,5361,2.55,4.1,0,0.6667,3,B1,0.23,0,64,1,3.2,0.1,0.183,10,6.7,0,0.17,35,0.5103,1,5,25,3.11,v2_lr,0
157713,2026-10-09,江戸川,5,5418,1.13,0,0,0,3,B2,,0,65,0,5.8,0,0.189,10,6.63,0.875,0.13,28.05,0,1,5,25,2.38,v2_lr,0
157713,2026-10-09,江戸川,6,3994,5.3,32.7,0.1176,0.3235,34,B1,0.2,1,58,3,3.4,0.2,0.178,10,6.62,1,0.17,41.67,1,1,5,25,4.72,v2_lr,0
157714,2026-10-09,江戸川,1,4965,4.8,26.5,0,0,3,B1,0.21,13,37,19,3.7,0,0.211,10,6.73,0.5,0.38,29.27,0.1969,4,5,25,36.74,v2_lr,0
157714,2026-10-09,江戸川,2,4690,0,0,0,0.3333,3,B2,,5,23,13,3.9,0.1,0.181,10,6.69,0.75,0.35,28.24,0.1215,4,5,25,19.85,v2_lr,0
157714,2026-10-09,江戸川,3,4450,6.02,42.8,0,0,3,A2,0.15,9,71,31,3.5,0,0.214,10,6.77,0.25,0.33,31.03,0.3258,4,5,25,12.86,v2_lr,1
157714,2026-10-09,江戸川,4,4283,4.03,10.2,0.15,0.4,60,B1,0.16,3,53,10,3.5,0,0.171,10,6.78,0.1875,0.14,26.58,0,4,5,25,20.6,v2_lr,0
157714,2026-10-09,江戸川,5,4924,4.16,15.8,0.0833,0.0833,12,B1,0.15,2,64,7,4.1,0.2,0.159,10,6.81,0,0.24,36.59,0.7328,4,5,25,7.21,v2_lr,0
157714,2026-10-09,江戸川,6,5454,0,0,0,0,3,B2,,0,45,1,5.9,0,0.248,10,6.65,1,0.26,40.24,1,4,5,25,2.74,v2_lr,0
157715,2026-10-09,江戸川,1,5117,4.03,19.1,0,0.3333,3,B1,0.18,7,27,13,3.4,0,0.187,10,6.76,0.4,0.29,36.78,0.355,3,5,25,17.19,v2_lr,1
157715,2026-10-09,江戸川,2,4286,5.54,34.6,0.3191,0.5532,47,A2,0.16,12,86,36,3.2,0.1,0.193,10,6.67,1,0.14,40.51,0.5471,3,5,25,41.15,v2_lr,0
157715,2026-10-09,江戸川,3,3357,4.01,20.3,0.0741,0.1852,27,B1,0.19,0,68,9,4.2,0,0.222,10,6.78,0.2667,0.09,34.94,0.2602,3,5,25,10.78,v2_lr,0
157715,2026-10-09,江戸川,4,5390,1.77,2.7,0,0,12,B2,,1,29,3,5,0,0.242,10,6.82,0,0.17,49.3,1,3,5,25,3.21,v2_lr,0
157715,2026-10-09,江戸川,5,3604,4.25,18.1,0.125,0.375,16,B1,0.18,1,61,5,3.5,0.1,0.201,10,6.72,0.6667,0.07,29.89,0,3,5,25,6.03,v2_lr,0
157715,2026-10-09,江戸川,6,4208,6.56,44.7,0.4545,0.7273,11,A1,0.15,7,70,16,1.8,0.4,0.163,10,6.77,0.3333,0.15,31.33,0.0742,3,5,25,21.64,v2_lr,0
157716,2026-10-09,江戸川,1,3932,4.92,34.7,0.1667,0.4444,18,B1,0.15,19,47,35,4.3,0,0.155,10,6.79,0.3333,0.24,36.9,0.3995,3,5,25,25.83,v2_lr,0
157716,2026-10-09,江戸川,2,4347,6.06,36.4,0.3077,0.6923,13,A2,0.18,7,61,31,1.5,0.6,0.198,10,6.83,0,0.05,38.37,0.4967,3,5,25,29.71,v2_lr,1
157716,2026-10-09,江戸川,3,4414,4.4,31.3,0.0455,0.1818,22,B1,0.16,2,62,16,4,0,0.21,10,6.73,0.8333,0.05,45.88,0.9934,3,5,25,10.74,v2_lr,0
157716,2026-10-09,江戸川,4,4882,3.48,11.1,0.2308,0.3077,13,B2,0.23,1,39,10,4.1,0.1,0.245,10,6.78,0.4167,0.19,35.9,0.3333,3,5,25,13.49,v2_lr,0
157716,2026-10-09,江戸川,5,3618,6.36,50,0.3333,0.3333,3,A1,0.17,2,64,10,2.9,0.2,0.134,10,6.71,1,0.22,45.98,1,3,5,25,19.59,v2_lr,0
157716,2026-10-09,江戸川,6,5447,0,0,0,0,3,B2,,0,41,0,5.9,0,0.277,10,6.77,0.5,0.19,30.86,0,3,5,25,0.64,v2_lr,0
157717,2026-10-09,江戸川,1,5320,2.8,8.1,0.0833,0.1667,12,B1,0.2,4,32,7,3.8,0.1,0.204,10,6.74,1,0.05,49.37,1,4,5,25,36.77,v2_lr,0
157717,2026-10-09,江戸川,2,4050,6.66,48.6,0,1,3,A1,0.12,22,64,43,2,0.5,0.112,10,6.78,0.6,0.09,45.45,0.8161,4,5,25,16.44,v2_lr,0
157717,2026-10-09,江戸川,3,4891,4.72,22,0.2308,0.4359,39,B1,0.16,12,73,28,3.3,0.2,0.177,10,6.82,0.2,0.25,39.08,0.5174,4,5,25,26.36,v2_lr,0
157717,2026-10-09,江戸川,4,4974,5.54,36,0.2222,0.3889,18,A2,0.16,13,60,22,3.4,0.2,0.155,10,6.84,0,0.07,36.47,0.3949,4,5,25,17.03,v2_lr,1
157717,2026-10-09,江戸川,5,5314,3.43,13.5,0,0,34,B1,0.16,0,69,1,4.7,0,0.243,10,6.84,0,0.13,37.8,0.4573,4,5,25,1.97,v2_lr,0
157717,2026-10-09,江戸川,6,5418,1.13,0,0,0,3,B2,,0,122,0,5.8,0,0.189,10,6.76,0.8,-0.01,28.05,0,4,5,25,1.43,v2_lr,0
157718,2026-10-09,江戸川,1,4680,5.66,36.2,0.2222,0.4444,27,A2,0.22,25,71,46,3.5,0.2,0.18,10,6.74,0.2857,0.25,27.38,0,4,5,25,36.89,v2_lr,1
157718,2026-10-09,江戸川,2,5153,4.3,23.9,0.1633,0.3265,49,B1,0.19,5,79,16,4.1,0.1,0.166,10,6.78,0,0.37,35.8,0.5384,4,5,25,22.13,v2_lr,0
157718,2026-10-09,江戸川,3,4843,5.14,29,0.0556,0.2222,18,B1,0.18,8,53,16,4.2,0.1,0.204,10,6.77,0.0714,0.28,43.02,1,4,5,25,9.51,v2_lr,0
157718,2026-10-09,江戸川,4,3994,5.3,32.7,0.1176,0.3235,34,B1,0.2,4,60,16,3.4,0.2,0.178,10,6.77,0.0714,0.23,41.67,0.9137,4,5,25,8.32,v2_lr,0
157718,2026-10-09,江戸川,5,4478,6.37,43.2,0.3182,0.3636,22,A1,0.14,4,66,16,2.8,0.3,0.136,10,6.64,1,0.15,30.38,0.1918,4,5,25,22.51,v2_lr,0
157718,2026-10-09,江戸川,6,5454,0,0,0,0,3,B2,,0,45,1,5.9,0,0.248,10,6.74,0.2857,0.57,40.24,0.8223,4,5,25,0.63,v2_lr,0
157719,2026-10-09,江戸川,1,4450,6.02,42.8,0,0,3,A2,0.15,54,85,67,3.5,0,0.214,10,6.83,0,0.14,31.03,0.0086,4,5,25,21.46,v2_lr,1
157719,2026-10-09,江戸川,2,5365,2.25,4,0,0.0833,12,B1,,1,14,2,3.9,0,0.27,10,6.69,1,0.28,43.9,0.6596,4,5,25,19.21,v2_lr,0
157719,2026-10-09,江戸川,3,3355,2.91,4.6,0,0,3,B2,0.25,1,25,1,4.7,0.1,0.299,10,6.81,0.1429,0.26,44.3,0.6798,4,5,25,8.18,v2_lr,0
157719,2026-10-09,江戸川,4,5327,1.75,1.2,0,0,8,B2,0.21,0,71,1,4.9,0,0.205,10,6.71,0.8571,0.09,50.63,1,4,5,25,7.37,v2_lr,0
157719,2026-10-09,江戸川,5,3435,6.01,38.2,0.4,0.7333,15,A2,0.15,1,69,19,2.1,0.4,0.146,10,6.73,0.7143,0.15,30.86,0,4,5,25,35.88,v2_lr,0
157719,2026-10-09,江戸川,6,5151,4.41,18.6,0.2222,0.3333,27,B1,0.19,1,45,3,4,0.1,0.191,10,6.75,0.5714,0.21,31.33,0.0238,4,5,25,7.89,v2_lr,0
157720,2026-10-09,江戸川,1,4627,6.18,46.4,0.3913,0.6957,23,A2,0.11,40,70,52,3.4,0.3,0.123,10,6.66,1,0.17,30.59,0.1528,3,5,25,36.64,v2_lr,1
157720,2026-10-09,江戸川,2,4882,3.48,11.1,0.2308,0.3077,13,B2,0.23,4,47,14,4.1,0.1,0.245,10,6.78,0.2,0.18,35.9,0.5939,3,5,25,25.39,v2_lr,0
157720,2026-10-09,江戸川,3,5358,2.93,4.5,0,0,3,B2,0.19,0,38,2,4.1,0,0.186,10,6.78,0.2,0.16,40.79,1,3,5,25,5.85,v2_lr,0
157720,2026-10-09,江戸川,4,4965,4.8,26.5,0,0,3,B1,0.21,5,47,9,3.7,0,0.211,10,6.72,0.6,0.29,29.27,0.0432,3,5,25,3.08,v2_lr,0
157720,2026-10-09,江戸川,5,3611,5.55,39,0.4615,0.4615,13,A2,0.15,3,56,8,2.5,0.3,0.126,10,6.72,0.6,0.09,37.8,0.7517,3,5,25,27.21,v2_lr,0
157720,2026-10-09,江戸川,6,4941,4.97,26.6,0.1429,0.2857,7,B1,0.19,0,48,3,3.2,0,0.199,10,6.81,0,0.29,28.75,0,3,5,25,1.82,v2_lr,0
157721,2026-10-09,江戸川,1,3618,6.36,50,0.3333,0.3333,3,A1,0.17,67,111,86,2.9,0.2,0.134,10,6.71,0.875,0.12,45.98,0.7641,4,5,24,38.31,v2_lr,1
157721,2026-10-09,江戸川,2,5320,2.8,8.1,0.0833,0.1667,12,B1,0.2,1,43,4,3.8,0.1,0.204,10,6.71,0.875,0.29,49.37,1,4,5,24,19.15,v2_lr,0
157721,2026-10-09,江戸川,3,5361,2.55,4.1,0,0.6667,3,B1,0.23,1,17,2,3.2,0.1,0.183,10,6.78,0,0.33,35,0,4,5,24,3.71,v2_lr,0
157721,2026-10-09,江戸川,4,5129,5.64,37.5,0.2381,0.5238,21,A2,0.17,12,61,23,3,0.2,0.148,10,6.73,0.625,0.21,46.59,0.8065,4,5,24,17.57,v2_lr,0
157721,2026-10-09,江戸川,5,4286,5.54,34.6,0.3191,0.5532,47,A2,0.16,1,86,13,3.2,0.1,0.193,10,6.7,1,0.21,40.51,0.3834,4,5,24,18.74,v2_lr,0
157721,2026-10-09,江戸川,6,4897,3.63,13,0.1538,0.3846,13,B1,0.21,0,31,1,3.7,0.2,0.215,10,6.77,0.125,0.24,41.03,0.4196,4,5,24,2.51,v2_lr,0
157722,2026-10-09,多摩川,1,4889,5.45,40.9,0.2778,0.3889,18,B1,0.13,36,57,42,3.7,0.2,0.198,10,6.62,1,0.21,36.28,0.5088,0,2,22,41.21,v2_lr,0
157722,2026-10-09,多摩川,2,4469,5.96,42.6,0.16,0.36,25,A2,0.16,12,74,27,3.1,0.1,0.171,10,6.65,0.625,0.05,29.63,0,0,2,22,27.1,v2_lr,1
157722,2026-10-09,多摩川,3,3976,3.88,20.4,0.0833,0.1667,24,B1,0.15,4,62,16,5.3,0,0.189,10,6.67,0.375,0.13,38.61,0.6871,0,2,22,12.24,v2_lr,0
157722,2026-10-09,多摩川,4,4911,5.68,30,0.16,0.32,25,A2,0.13,4,65,9,3.4,0.2,0.171,10,6.66,0.5,0.06,42.7,1,0,2,22,14.81,v2_lr,0
157722,2026-10-09,多摩川,5,5410,1.83,3.8,0,0.0909,11,B2,,1,49,2,5.1,0,0.149,10,6.62,1,0.05,37.9,0.6327,0,2,22,2.96,v2_lr,0
157722,2026-10-09,多摩川,6,5385,2.7,8.1,0.0714,0.1071,28,B1,,0,120,1,3.4,0.2,0.087,10,6.7,0,-0.01,36.7,0.5409,0,2,22,1.68,v2_lr,0
157723,2026-10-09,多摩川,1,4618,4.98,26.1,0.04,0.2,25,B1,0.19,20,51,27,3.3,0.1,0.151,10,6.64,0.8,0.06,37.27,0.6572,2,2,22,28.9,v2_lr,1
157723,2026-10-09,多摩川,2,4636,3.71,20.7,0,0.1429,7,B1,0.2,1,61,12,4.2,0,0.22,10,6.68,0,0.12,38.71,0.9716,2,2,22,13.18,v2_lr,0
157723,2026-10-09,多摩川,4,3870,4.45,28,0.0882,0.1176,34,B1,0.21,8,64,13,3.5,0.1,0.156,10,6.63,1,0.07,34.26,0,2,2,22,10.75,v2_lr,0
157723,2026-10-09,多摩川,6,3684,5.75,43.6,0.1111,0.6667,9,A2,0.16,0,65,5,2.3,0.1,0.195,10,6.65,0.6,0.04,38.84,1,2,2,22,3.86,v2_lr,0
157724,2026-10-09,多摩川,1,5334,3.14,12.5,0,0,15,B1,0.18,4,33,7,4.7,0,0.203,10,6.63,0.6667,0.27,38.89,0.4162,1,2,22,50.39,v2_lr,0
157724,2026-10-09,多摩川,2,4990,2.81,8.3,0,0,7,B2,0.26,0,37,1,4.3,0,0.143,10,6.69,0,0.23,29.82,0,1,2,22,22.2,v2_lr,0
157724,2026-10-09,多摩川,3,5439,1.44,1.4,0,0,14,B2,,0,0,0,5.2,0,0.145,10,6.69,0,0.21,30.53,0.0326,1,2,22,11.69,v2_lr,1
157724,2026-10-09,多摩川,4,5387,1.59,1.3,0,0,7,B2,,0,35,0,5,0,0.147,10,6.69,0,0.39,40.19,0.4759,1,2,22,6.13,v2_lr,0
157724,2026-10-09,多摩川,5,5461,0,0,0,0,7,B2,,0,10,0,5.6,0,0.201,10,6.6,1,0.19,51.61,1,1,2,22,6.52,v2_lr,0
157724,2026-10-09,多摩川,6,5406,1.39,0,0,0,6,B2,,0,134,0,5.5,0,0.182,10,6.63,0.6667,0.19,45.38,0.7141,1,2,22,3.07,v2_lr,0
157725,2026-10-09,多摩川,1,3567,3.48,15.1,0,0.125,8,B1,0.22,10,35,20,4.5,0,0.173,10,6.69,0.6667,0.05,47.9,1,1,2,23,19.55,v2_lr,0
157725,2026-10-09,多摩川,2,3655,5.4,32.3,0.129,0.3548,31,B1,0.19,3,84,27,3,0.1,0.189,10,6.65,1,0.27,27.43,0.1061,1,2,23,21.86,v2_lr,1
157725,2026-10-09,多摩川,3,5125,5.82,42,0.125,0.275,40,A2,0.18,10,68,23,3.1,0.1,0.173,10,6.77,0,0.19,25,0,1,2,23,10.06,v2_lr,0
157725,2026-10-09,多摩川,4,4529,6.28,45.1,0.4444,0.5556,9,A1,0.12,7,63,18,2.4,0.4,0.128,10,6.67,0.8333,0.15,40.83,0.6913,1,2,23,33.06,v2_lr,0
157725,2026-10-09,多摩川,5,4988,4.42,32.4,0.225,0.3,40,B1,0.14,4,71,8,4.3,0.1,0.134,10,6.67,0.8333,0.09,31.78,0.2961,1,2,23,10.4,v2_lr,0
157725,2026-10-09,多摩川,6,4876,4.92,31.6,0.1591,0.3636,44,B1,0.18,0,58,3,3,0.2,0.173,10,6.65,1,-0.04,36.45,0.5,1,2,23,5.07,v2_lr,0
157726,2026-10-09,多摩川,1,4794,6.7,49.5,0.3448,0.5517,29,A1,0.16,81,99,90,3.5,0.2,0.112,10,6.63,1,0.12,28.44,0.2596,0,2,23,30.69,v2_lr,0
157726,2026-10-09,多摩川,2,3857,4.63,25.8,0.1404,0.2281,57,B1,0.19,1,41,8,3.5,0.1,0.139,10,6.66,0.6667,0.14,33.05,0.5405,0,2,23,18.33,v2_lr,1
157726,2026-10-09,多摩川,3,4650,6,42.1,0.2703,0.4054,37,A2,0.12,8,60,21,3.6,0.1,0.151,10,6.65,0.7778,0.11,24.18,0,0,2,23,21.2,v2_lr,0
157726,2026-10-09,多摩川,4,3660,3.13,6.4,0.125,0.125,8,B1,0.18,0,61,2,4.1,0.1,0.175,10,6.69,0.3333,-0.05,37.07,0.7855,0,2,23,7.6,v2_lr,0
157726,2026-10-09,多摩川,5,4914,6.86,45.8,0.3462,0.6923,26,A1,0.12,8,69,20,1.8,0.6,0.131,10,6.72,0,-0.08,35.29,0.677,0,2,23,14.52,v2_lr,0
157726,2026-10-09,多摩川,6,4233,5.98,40.6,0.26,0.46,50,A2,0.14,0,76,8,3.1,0.1,0.151,10,6.65,0.7778,0.05,40.59,1,0,2,23,7.67,v2_lr,0
157727,2026-10-09,多摩川,1,4293,4.62,27.9,0.2,0.35,20,B1,0.19,51,90,73,3.9,0.1,0.143,10,6.71,0.3636,0.14,36.45,0.6356,3,2,24,34.2,v2_lr,0
157727,2026-10-09,多摩川,2,3680,4.42,24.2,0.125,0.125,8,B1,0.23,2,72,16,4,0.1,0.165,10,6.74,0.0909,0.12,25.93,0,3,2,24,18.71,v2_lr,0
157727,2026-10-09,多摩川,3,5272,4.14,25.2,0.1333,0.2,15,B1,0.17,4,54,13,4.3,0.1,0.145,10,6.64,1,-0.05,39.2,0.8018,3,2,24,21.29,v2_lr,0
157727,2026-10-09,多摩川,4,3105,4.82,23.3,0.1212,0.3636,33,B1,0.22,2,58,10,3.2,0.1,0.143,10,6.75,0,0.17,42.48,1,3,2,24,8.08,v2_lr,1
157727,2026-10-09,多摩川,5,4732,6.22,40,0.1,0.35,20,A2,0.11,4,84,32,2.9,0.2,0.087,10,6.72,0.2727,0.03,36.27,0.6248,3,2,24,4.78,v2_lr,0
157728,2026-10-09,多摩川,1,4318,5.58,37.1,0.1351,0.3243,37,A2,0.16,40,84,56,4.3,0,0.171,10,6.73,0.1538,0.13,28.89,0,1,2,24,43.35,v2_lr,0
157728,2026-10-09,多摩川,2,3870,4.45,28,0.0882,0.1176,34,B1,0.21,5,71,12,3.5,0.1,0.156,10,6.67,0.6154,0.16,34.26,0.4752,1,2,24,30.6,v2_lr,1
157728,2026-10-09,多摩川,3,5334,3.14,12.5,0,0,15,B1,0.18,3,59,9,4.7,0,0.203,10,6.71,0.3077,0.36,38.89,0.885,1,2,24,8.98,v2_lr,0
157728,2026-10-09,多摩川,4,3976,3.88,20.4,0.0833,0.1667,24,B1,0.15,3,58,8,5.3,0,0.189,10,6.68,0.5385,0.11,38.61,0.8602,1,2,24,12.15,v2_lr,0
157728,2026-10-09,多摩川,5,5387,1.59,1.3,0,0,7,B2,,0,85,1,5,0,0.147,10,6.75,0,0.19,40.19,1,1,2,24,2.39,v2_lr,0
157728,2026-10-09,多摩川,6,5410,1.83,3.8,0,0.0909,11,B2,,0,121,1,5.1,0,0.149,10,6.62,1,-0.02,37.9,0.7973,1,2,24,2.53,v2_lr,0
157729,2026-10-09,多摩川,1,3777,6.18,45.6,0,0.1429,7,A2,0.15,51,88,68,3.4,0.1,0.202,10,6.63,1,0.11,39.64,0.4507,0,2,24,37.69,v2_lr,1
157729,2026-10-09,多摩川,2,4988,4.42,32.4,0.225,0.3,40,B1,0.14,5,70,21,4.3,0.1,0.134,10,6.74,0,0.11,31.78,0.0899,0,2,24,44.21,v2_lr,0
157729,2026-10-09,多摩川,3,4990,2.81,8.3,0,0,7,B2,0.26,2,40,3,4.3,0,0.143,10,6.72,0.1818,0.15,29.82,0,0,2,24,8.78,v2_lr,0
157729,2026-10-09,多摩川,4,5439,1.44,1.4,0,0,14,B2,,0,21,0,5.2,0,0.145,10,6.72,0.1818,0.25,30.53,0.0326,0,2,24,4.07,v2_lr,0
157729,2026-10-09,多摩川,5,4636,3.71,20.7,0,0.1429,7,B1,0.2,1,52,3,4.2,0,0.22,10,6.7,0.3636,-0.01,38.71,0.408,0,2,24,3.51,v2_lr,0
157729,2026-10-09,多摩川,6,5461,0,0,0,0,7,B2,,0,35,0,5.6,0,0.201,10,6.68,0.5455,0.08,51.61,1,0,2,24,1.74,v2_lr,0
157730,2026-10-09,多摩川,1,5385,2.7,8.1,0.0714,0.1071,28,B1,,2,5,2,3.4,0.2,0.087,10,6.61,1,0.23,36.7,0.661,4,3,24,25.48,v2_lr,1
157730,2026-10-09,多摩川,2,4876,4.92,31.6,0.1591,0.3636,44,B1,0.18,3,79,26,3,0.2,0.173,10,6.63,0.875,0.12,36.45,0.6469,4,3,24,26.43,v2_lr,0
157730,2026-10-09,多摩川,3,4233,5.98,40.6,0.26,0.46,50,A2,0.14,15,86,42,3.1,0.1,0.151,10,6.65,0.75,0.14,40.59,0.8808,4,3,24,27.84,v2_lr,0
157730,2026-10-09,多摩川,4,3857,4.63,25.8,0.1404,0.2281,57,B1,0.19,7,49,11,3.5,0.1,0.139,10,6.65,0.75,0.16,33.05,0.4548,4,3,24,10.79,v2_lr,0
157730,2026-10-09,多摩川,5,5125,5.82,42,0.125,0.275,40,A2,0.18,5,63,18,3.1,0.1,0.173,10,6.77,0,0.13,25,0,4,3,24,3.59,v2_lr,0
157730,2026-10-09,多摩川,6,4911,5.68,30,0.16,0.32,25,A2,0.13,1,50,4,3.4,0.2,0.171,10,6.62,0.9375,0.05,42.7,1,4,3,24,5.86,v2_lr,0
157731,2026-10-09,多摩川,1,3684,5.75,43.6,0.1111,0.6667,9,A2,0.16,42,78,61,2.3,0.1,0.195,10,6.65,0.7333,-0.07,38.84,0.7581,1,2,25,30.24,v2_lr,1
157731,2026-10-09,多摩川,2,4914,6.86,45.8,0.3462,0.6923,26,A1,0.12,17,71,41,1.8,0.6,0.131,10,6.61,1,0.09,35.29,0.5223,1,2,25,38.71,v2_lr,0
157731,2026-10-09,多摩川,3,3105,4.82,23.3,0.1212,0.3636,33,B1,0.22,8,71,22,3.2,0.1,0.143,10,6.72,0.2667,0.39,42.48,1,1,2,25,12.2,v2_lr,0
157731,2026-10-09,多摩川,4,4274,4.44,22.3,0.1552,0.3103,58,B1,0.2,3,61,11,3.3,0.3,0.159,10,6.76,0,0.14,27.88,0.0299,1,2,25,7.68,v2_lr,0
157731,2026-10-09,多摩川,5,3655,5.4,32.3,0.129,0.3548,31,B1,0.19,4,69,12,3,0.1,0.189,10,6.72,0.2667,0.19,27.43,0,1,2,25,4.05,v2_lr,0
157731,2026-10-09,多摩川,6,4889,5.45,40.9,0.2778,0.3889,18,B1,0.13,1,53,5,3.7,0.2,0.198,10,6.7,0.4,0.24,36.28,0.588,1,2,25,7.13,v2_lr,0
157732,2026-10-09,多摩川,1,4163,5.68,40.6,0.3043,0.6087,23,A2,0.15,67,97,82,2,0.3,0.15,10,6.62,1,0.05,31.3,0.2308,1,2,25,27.48,v2_lr,1
157732,2026-10-09,多摩川,2,4732,6.22,40,0.1,0.35,20,A2,0.11,18,83,44,2.9,0.2,0.087,10,6.69,0.3,0.04,36.27,0.632,1,2,25,13.96,v2_lr,0
157732,2026-10-09,多摩川,3,4529,6.28,45.1,0.4444,0.5556,9,A1,0.12,12,64,34,2.4,0.4,0.128,10,6.63,0.9,0.08,40.83,1,1,2,25,27.33,v2_lr,0
157732,2026-10-09,多摩川,4,4703,6.35,48.7,0.375,0.5,8,A1,0.16,8,66,26,2.4,0.4,0.134,10,6.65,0.7,0.07,29.36,0.0743,1,2,25,20.42,v2_lr,0
157732,2026-10-09,多摩川,5,4469,5.96,42.6,0.16,0.36,25,A2,0.16,6,68,16,3.1,0.1,0.171,10,6.72,0,0.19,29.63,0.096,1,2,25,3.19,v2_lr,0
157732,2026-10-09,多摩川,6,4794,6.7,49.5,0.3448,0.5517,29,A1,0.16,1,73,10,3.5,0.2,0.112,10,6.68,0.4,0.18,28.44,0,1,2,25,7.63,v2_lr,0
157733,2026-10-09,多摩川,1,5029,6.56,50.4,0.6667,0.8889,9,A1,0.12,65,90,80,1.8,0.6,0.097,10,6.62,0.7917,0,38.1,0.7371,2,2,25,28.83,v2_lr,1
157733,2026-10-09,多摩川,2,5034,6.54,51,0.381,0.6905,42,A1,0.12,15,79,35,1.7,0.6,0.116,10,6.57,1,0.09,31.37,0,2,2,25,26.23,v2_lr,0
157733,2026-10-09,多摩川,3,4824,6.18,44.2,0.2308,0.3846,26,A2,0.13,19,87,42,2.6,0.2,0.122,10,6.75,0.25,0.16,33.91,0.2782,2,2,25,14.43,v2_lr,0
157733,2026-10-09,多摩川,4,3876,7.09,53.4,0.4444,0.6667,9,A1,0.18,14,49,24,2.2,0.4,0.147,10,6.6,0.875,0.19,36.36,0.5465,2,2,25,23.5,v2_lr,0
157733,2026-10-09,多摩川,5,4725,5.25,34.2,0.1667,0.3333,18,B1,0.16,3,73,15,3.4,0.1,0.165,10,6.65,0.6667,0.24,40.5,1,2,2,25,5.21,v2_lr,0
157733,2026-10-09,多摩川,6,3757,5.54,34.5,0.1667,0.5,18,A2,0.15,2,55,8,3.8,0,0.163,10,6.81,0,0.22,34.15,0.3045,2,2,25,1.8,v2_lr,0
157734,2026-10-09,蒲郡,1,3664,4.69,22.6,0.1935,0.2258,31,B1,0.14,34,63,49,3.5,0.2,0.196,10,6.56,0.8889,0.11,24,0.3705,4,2,23,36.29,v2_lr,1
157734,2026-10-09,蒲郡,2,4470,6.19,43.2,0.2889,0.5111,45,A2,0.14,22,79,52,2.7,0.3,0.104,10,6.63,0.1111,0.07,36.84,0.6814,4,2,23,34.23,v2_lr,0
157734,2026-10-09,蒲郡,3,3643,5.14,29.8,0.1538,0.3077,13,B1,0.2,5,69,18,3.6,0.2,0.228,10,6.62,0.2222,0.14,35.14,0.6402,4,2,23,16.07,v2_lr,0
157734,2026-10-09,蒲郡,4,3808,3.8,16.6,0.0769,0.1538,13,B1,0.16,2,58,8,5,0,0.22,10,6.64,0,0.21,8.7,0,4,2,23,4.31,v2_lr,0
157734,2026-10-09,蒲郡,5,3804,4.96,29.8,0.1379,0.2759,29,B1,0.17,3,69,8,3.3,0.1,0.138,10,6.55,1,0.19,50,1,4,2,23,7.87,v2_lr,0
157734,2026-10-09,蒲郡,6,3352,4.51,11.4,0,0.0769,13,B1,,6,243,32,3.5,0,0.146,10,6.59,0.5556,0.19,34.38,0.6218,4,2,23,1.23,v2_lr,0
157735,2026-10-09,蒲郡,1,5263,4.61,24.5,0,0.3333,3,B1,0.17,11,36,16,4.9,0,0.159,10,6.55,1,0.07,20.83,0.3051,3,1,24,28.83,v2_lr,1
157735,2026-10-09,蒲郡,2,3935,5.14,29.1,0,0,3,B1,0.16,3,55,18,4.1,0,0.167,10,6.59,0.6,0.06,30.56,0.6795,3,1,24,18.23,v2_lr,0
157735,2026-10-09,蒲郡,3,4370,6.86,50.4,0.2,0.3,20,A1,0.14,21,70,42,4,0.1,0.147,10,6.58,0.7,0.05,20,0.2732,3,1,24,31.36,v2_lr,0
157735,2026-10-09,蒲郡,4,2878,5.26,28.4,0.1,0.25,20,B1,0.15,7,69,19,3.5,0,0.171,10,6.6,0.5,0.07,38.89,1,3,1,24,12.32,v2_lr,0
157735,2026-10-09,蒲郡,5,4710,5.79,39.6,0.2069,0.5172,29,A2,0.15,2,75,21,2.8,0.1,0.134,10,6.65,0,0.21,12.9,0,3,1,24,8.02,v2_lr,0
157735,2026-10-09,蒲郡,6,4258,4.67,29.4,0,0.3333,15,B1,0.16,0,61,4,3.9,0.1,0.162,10,6.61,0.4,0.27,31.43,0.713,3,1,24,1.23,v2_lr,0
157736,2026-10-09,蒲郡,1,3852,4.03,21.2,0,0.25,8,B1,0.23,36,66,45,3.3,0.1,0.154,10,6.59,0.5,0.13,22.22,0.428,3,1,24,20.17,v2_lr,0
157736,2026-10-09,蒲郡,2,3475,5.45,34.4,0.1875,0.5,16,B1,0.19,9,79,39,3.2,0.3,0.182,10,6.61,0.25,0.07,37.84,1,3,1,24,31.84,v2_lr,0
157736,2026-10-09,蒲郡,3,5206,4.05,24,0.0833,0.5,12,B1,0.15,4,64,12,2.7,0.1,0.159,10,6.55,1,0.01,36.11,0.9367,3,1,24,18,v2_lr,0
157736,2026-10-09,蒲郡,4,4361,7.11,50,0.25,0.3333,24,A1,0.14,14,63,31,3.6,0.1,0.153,10,6.63,0,0.07,21.21,0.3911,3,1,24,18.66,v2_lr,1
157736,2026-10-09,蒲郡,5,4180,5.82,37.2,0.2,0.3333,30,A2,0.16,2,71,9,3.7,0.1,0.161,10,6.63,0,0.01,27.78,0.6316,3,1,24,8.86,v2_lr,0
157736,2026-10-09,蒲郡,6,3277,4.05,17.1,0.069,0.2759,29,B1,0.19,0,50,0,3.7,0.2,0.153,10,6.56,0.875,0.05,10.53,0,3,1,24,2.47,v2_lr,0
157737,2026-10-09,蒲郡,1,4325,4.37,16.4,0.0476,0.0952,21,B1,0.17,17,59,28,3.6,0.1,0.127,10,6.6,0.9167,-0.01,17.65,0.3254,3,1,24,26.95,v2_lr,0
157737,2026-10-09,蒲郡,2,4199,6.57,48.7,0.2027,0.3649,74,A1,0.16,8,96,34,3.1,0.4,0.172,10,6.71,0,0.03,4,0,3,1,24,25.8,v2_lr,0
157737,2026-10-09,蒲郡,3,4232,5.43,35.5,0.25,0.25,4,B1,0.17,6,64,17,3.3,0.3,0.145,10,6.59,1,0.07,27.91,0.57,3,1,24,30.14,v2_lr,0
157737,2026-10-09,蒲郡,4,4134,5.97,43.8,0.1316,0.5,38,A2,0.16,10,71,28,2.7,0.2,0.154,10,6.63,0.6667,0.09,18.92,0.3557,3,1,24,10.16,v2_lr,1
157737,2026-10-09,蒲郡,5,3517,5.69,37.6,0.0909,0.3636,11,B1,0.17,6,67,24,2.4,0.2,0.123,10,6.66,0.4167,0.05,26.47,0.5356,3,1,24,4.22,v2_lr,0
157737,2026-10-09,蒲郡,6,3523,4.43,24.4,0.0714,0.4286,14,B1,0.19,1,49,6,3.7,0.1,0.217,10,6.62,0.75,-0.05,45.95,1,3,1,24,2.73,v2_lr,0
157738,2026-10-09,蒲郡,1,3808,3.8,16.6,0.0769,0.1538,13,B1,0.16,17,45,28,5,0,0.22,10,6.65,0.375,0.11,8.7,0,3,1,24,20.2,v2_lr,0
157738,2026-10-09,蒲郡,2,4630,5.69,36.7,0.169,0.3944,71,A2,0.17,9,63,27,2.5,0.2,0.112,10,6.6,1,0.1,36.84,0.7277,3,1,24,26.58,v2_lr,0
157738,2026-10-09,蒲郡,3,3843,4.81,28.3,0.25,0.4375,16,B1,0.17,7,77,22,4.2,0.1,0.127,10,6.61,0.875,0.07,43.59,0.9022,3,1,24,26.06,v2_lr,1
157738,2026-10-09,蒲郡,4,4074,6.46,45.3,0.403,0.6269,67,A1,0.15,12,89,36,3.8,0.1,0.13,10,6.68,0,0.09,11.54,0.0734,3,1,24,24.78,v2_lr,0
157738,2026-10-09,蒲郡,5,5467,0,0,0,0,3,B2,,1,14,2,4.2,0.1,0.186,10,6.65,0.375,0.12,19.23,0.2723,3,1,24,1.21,v2_lr,0
157738,2026-10-09,蒲郡,6,3467,3.38,13.1,0,0.1111,9,B1,0.25,2,46,5,4.5,0.1,0.184,10,6.64,0.5,-0.02,47.37,1,3,1,24,1.17,v2_lr,0
157739,2026-10-09,蒲郡,1,4263,4.67,31.8,0.25,0.5,4,B1,0.19,57,84,68,3.3,0.3,0.201,10,6.66,0,-0.11,46.15,1,3,1,24,39.85,v2_lr,0
157739,2026-10-09,蒲郡,3,3664,4.69,22.6,0.1935,0.2258,31,B1,0.14,2,63,18,3.5,0.2,0.196,10,6.65,0.5,0.08,24,0.1252,3,1,24,21.76,v2_lr,1
157739,2026-10-09,蒲郡,4,5263,4.61,24.5,0,0.3333,3,B1,0.17,4,57,10,4.9,0,0.159,10,6.65,0.5,0.04,20.83,0,3,1,24,3.86,v2_lr,0
157739,2026-10-09,蒲郡,5,3779,6.44,36.2,0.1724,0.2069,29,A1,0.12,5,60,12,2.6,0.4,0.109,10,6.64,1,0.01,29.27,0.3333,3,1,24,11.22,v2_lr,0
157739,2026-10-09,蒲郡,6,3653,4.58,20.7,0,0,3,B2,0.17,0,47,1,4.8,0,0.174,10,6.66,0,0.06,29.73,0.3515,3,1,24,0.92,v2_lr,0
157740,2026-10-09,蒲郡,1,5229,5.69,37.2,0.1429,0.4286,21,A2,0.16,48,76,54,3.6,0.1,0.205,10,6.71,1,0.07,30.56,0.7709,3,1,23,32.85,v2_lr,1
157740,2026-10-09,蒲郡,2,3662,5.28,37.7,0.1667,0.4167,12,B1,0.16,10,73,24,4,0.2,0.133,10,6.79,0,0.08,17.39,0.1121,3,1,23,20.3,v2_lr,0
157740,2026-10-09,蒲郡,3,3852,4.03,21.2,0,0.25,8,B1,0.23,5,65,19,3.3,0.1,0.154,10,6.72,0.875,0.02,22.22,0.3537,3,1,23,7.96,v2_lr,0
157740,2026-10-09,蒲郡,4,3941,7.97,54.3,0.4444,0.6667,63,A1,0.11,11,74,29,2.2,0.4,0.114,10,6.73,0.75,-0.06,19.35,0.2101,3,1,23,35.37,v2_lr,0
157740,2026-10-09,蒲郡,5,3867,3.18,10.7,0.0294,0.2353,34,B1,0.18,1,63,1,4.8,0,0.195,10,6.73,0.75,-0.04,15.15,0,3,1,23,2.72,v2_lr,0
157740,2026-10-09,蒲郡,6,5425,1.08,0,0,0,12,B2,,0,68,0,5.3,0,0.161,10,6.78,0.125,0.12,35.14,1,3,1,23,0.78,v2_lr,0
157741,2026-10-09,蒲郡,1,5032,5.51,32.7,0,0.25,4,A2,0.15,31,56,42,3.8,0.1,0.158,10,6.69,0.75,0.09,39.47,0.8171,2,1,23,33.8,v2_lr,1
157741,2026-10-09,蒲郡,2,3523,4.43,24.4,0.0714,0.4286,14,B1,0.19,4,57,17,3.7,0.1,0.217,10,6.67,1,0.14,45.95,1,2,1,23,33.55,v2_lr,0
157741,2026-10-09,蒲郡,3,3277,4.05,17.1,0.069,0.2759,29,B1,0.19,1,73,14,3.7,0.2,0.153,10,6.71,0.5,0.17,10.53,0,2,1,23,14.85,v2_lr,0
157741,2026-10-09,蒲郡,4,4383,5.85,35.7,0.0769,0.1538,13,A2,0.18,6,75,21,3.1,0.2,0.166,10,6.75,0,0.02,32.35,0.616,2,1,23,9.39,v2_lr,0
157741,2026-10-09,蒲郡,5,2878,5.26,28.4,0.1,0.25,20,B1,0.15,4,67,10,3.5,0,0.171,10,6.75,0,0.02,38.89,0.8007,2,1,23,6.26,v2_lr,0
157741,2026-10-09,蒲郡,6,3568,4.19,24.4,0.0667,0.2667,15,B1,0.19,0,48,2,4.2,0,0.157,10,6.75,0,0.08,30.56,0.5655,2,1,23,2.16,v2_lr,0
157742,2026-10-09,蒲郡,1,3517,5.69,37.6,0.0909,0.3636,11,B1,0.17,42,71,57,2.4,0.2,0.123,10,6.74,0.3571,-0.07,26.47,0.4422,2,1,23,24.66,v2_lr,1
157742,2026-10-09,蒲郡,2,4710,5.79,39.6,0.2069,0.5172,29,A2,0.15,16,86,42,2.8,0.1,0.134,10,6.79,0,-0.08,12.9,0,2,1,23,24.06,v2_lr,0
157742,2026-10-09,蒲郡,3,4630,5.69,36.7,0.169,0.3944,71,A2,0.17,13,76,32,2.5,0.2,0.112,10,6.66,0.9286,-0.06,36.84,0.7801,2,1,23,21.85,v2_lr,0
157742,2026-10-09,蒲郡,4,3843,4.81,28.3,0.25,0.4375,16,B1,0.17,11,79,16,4.2,0.1,0.127,10,6.76,0.2143,0.02,43.59,1,2,1,23,16.9,v2_lr,0
157742,2026-10-09,蒲郡,5,5206,4.05,24,0.0833,0.5,12,B1,0.15,4,64,10,2.7,0.1,0.159,10,6.65,1,0.07,36.11,0.7563,2,1,23,4.71,v2_lr,0
157742,2026-10-09,蒲郡,6,4470,6.19,43.2,0.2889,0.5111,45,A2,0.14,0,75,10,2.7,0.3,0.104,10,6.77,0.1429,0.04,36.84,0.7801,2,1,23,7.82,v2_lr,0
157743,2026-10-09,蒲郡,1,3779,6.44,36.2,0.1724,0.2069,29,A1,0.12,75,96,83,2.6,0.4,0.109,10,6.66,1,0.15,29.27,0.6741,2,1,23,32.6,v2_lr,1
157743,2026-10-09,蒲郡,2,4134,5.97,43.8,0.1316,0.5,38,A2,0.16,7,81,30,2.7,0.2,0.154,10,6.74,0.2727,0.1,18.92,0.2806,2,1,23,18.47,v2_lr,0
157743,2026-10-09,蒲郡,3,4074,6.46,45.3,0.403,0.6269,67,A1,0.15,15,90,43,3.8,0.1,0.13,10,6.75,0.1818,0.03,11.54,0,2,1,23,31.75,v2_lr,0
157743,2026-10-09,蒲郡,4,4370,6.86,50.4,0.2,0.3,20,A1,0.14,14,58,25,4,0.1,0.147,10,6.76,0.0909,0.01,20,0.3217,2,1,23,11.67,v2_lr,0
157743,2026-10-09,蒲郡,5,3352,4.51,11.4,0,0.0769,13,B1,,2,115,20,3.5,0,0.146,10,6.72,0.4545,0.02,34.38,0.8684,2,1,23,2.38,v2_lr,0
157743,2026-10-09,蒲郡,6,3475,5.45,34.4,0.1875,0.5,16,B1,0.19,2,56,6,3.2,0.3,0.182,10,6.77,0,0.25,37.84,1,2,1,23,3.13,v2_lr,0
157744,2026-10-09,蒲郡,1,3941,7.97,54.3,0.4444,0.6667,63,A1,0.11,94,112,103,2.2,0.4,0.114,10,6.7,0.6667,-0.07,19.35,0.3337,3,1,23,34.68,v2_lr,1
157744,2026-10-09,蒲郡,2,3804,4.96,29.8,0.1379,0.2759,29,B1,0.17,9,75,26,3.3,0.1,0.138,10,6.64,1,0.03,50,1,3,1,23,22.78,v2_lr,0
157744,2026-10-09,蒲郡,3,4361,7.11,50,0.25,0.3333,24,A1,0.14,10,68,31,3.6,0.1,0.153,10,6.74,0.4444,-0.03,21.21,0.3741,3,1,23,21.82,v2_lr,0
157744,2026-10-09,蒲郡,5,4263,4.67,31.8,0.25,0.5,4,B1,0.19,3,57,12,3.3,0.3,0.201,10,6.77,0.2778,0.01,46.15,0.9163,3,1,23,9.43,v2_lr,0
157744,2026-10-09,蒲郡,6,4199,6.57,48.7,0.2027,0.3649,74,A1,0.16,13,80,28,3.1,0.4,0.172,10,6.82,0,-0.03,4,0,3,1,23,3.19,v2_lr,0
157745,2026-10-09,蒲郡,1,4383,5.85,35.7,0.0769,0.1538,13,A2,0.18,42,83,65,3.1,0.2,0.166,10,6.66,1,0.11,32.35,0.7064,3,1,23,37.26,v2_lr,1
157745,2026-10-09,蒲郡,2,3643,5.14,29.8,0.1538,0.3077,13,B1,0.2,4,68,22,3.6,0.2,0.228,10,6.77,0,0.06,35.14,0.8405,3,1,23,28.81,v2_lr,0
157745,2026-10-09,蒲郡,3,4325,4.37,16.4,0.0476,0.0952,21,B1,0.17,2,68,13,3.6,0.1,0.127,10,6.75,0.1818,0,17.65,0,3,1,23,10.42,v2_lr,0
157745,2026-10-09,蒲郡,4,3769,5.6,35.1,0.1304,0.5652,23,A2,0.15,5,44,9,4.5,0,0.125,10,6.76,0.0909,-0.03,38.46,1,3,1,23,11.85,v2_lr,0
157745,2026-10-09,蒲郡,5,3935,5.14,29.1,0,0,3,B1,0.16,0,47,6,4.1,0,0.167,10,6.68,0.8182,-0.04,30.56,0.6204,3,1,23,3.78,v2_lr,0
157745,2026-10-09,蒲郡,6,4180,5.82,37.2,0.2,0.3333,30,A2,0.16,3,64,7,3.7,0.1,0.161,10,6.7,0.6364,-0.08,27.78,0.4868,3,1,23,7.89,v2_lr,0
157746,2026-10-09,常滑,1,4624,6.59,51.6,0.1176,0.3529,17,A1,0.16,52,77,67,4.7,0,0.235,10,6.63,0.5556,0.1,0,0.5,3,1,23,29.97,v2_lr,1
157746,2026-10-09,常滑,2,5321,5.23,37.5,0.1053,0.2895,38,B1,0.25,7,55,17,3.1,0.2,0.162,10,6.59,1,0.13,0,0.5,3,1,23,22.93,v2_lr,0
157746,2026-10-09,常滑,3,4202,4.5,27.6,0.2632,0.4211,19,B1,0.17,4,88,24,3.9,0.3,0.186,10,6.68,0,0.07,0,0.5,3,1,23,24.69,v2_lr,0
157746,2026-10-09,常滑,5,5341,2.53,6.9,0,0.0526,38,B1,0.26,0,64,3,4.1,0.2,0.192,10,6.65,0.3333,0.12,0,0.5,3,1,23,1.76,v2_lr,0
157746,2026-10-09,常滑,6,5465,0,0,0,0,4,B2,,0,42,0,5.8,0,0.21,10,6.65,0.3333,0.29,0,0.5,3,1,23,0.65,v2_lr,0
157747,2026-10-09,常滑,2,5190,4.46,23.1,0.125,0.2083,24,B1,0.18,8,66,17,3.8,0.1,0.213,10,6.66,0.1111,-0.05,0,0.5,3,1,22,23.38,v2_lr,0
157747,2026-10-09,常滑,3,3659,5.68,36,0.175,0.45,40,A2,0.16,2,63,25,2.9,0.1,0.233,10,6.67,0,-0.04,0,0.5,3,1,22,19.4,v2_lr,0
157747,2026-10-09,常滑,4,3814,4.76,29.1,0.1579,0.4211,19,B1,0.2,3,69,14,4.4,0.1,0.197,10,6.67,0,0.01,0,0.5,3,1,22,10.32,v2_lr,0
157747,2026-10-09,常滑,5,5239,4.87,24.5,0.0909,0.0909,11,B1,0.19,4,55,11,3.3,0.1,0.183,10,6.58,1,-0.04,0,0.5,3,1,22,6.91,v2_lr,1
157748,2026-10-09,常滑,1,4785,4.84,27.4,0.0741,0.2222,27,B1,0.2,4,46,17,4.2,0,0.191,10,6.61,1,-0.01,0,0.5,2,1,23,27.17,v2_lr,0
157748,2026-10-09,常滑,2,3544,3.62,17.1,0.0667,0.3333,15,B1,0.24,3,40,5,5,0,0.182,10,6.68,0.3,0.13,0,0.5,2,1,23,13.79,v2_lr,0
157748,2026-10-09,常滑,3,4706,5.76,38.9,0.2222,0.3333,36,A2,0.18,12,77,30,3.5,0.1,0.178,10,6.67,0.4,0.15,0,0.5,2,1,23,20.81,v2_lr,1
157748,2026-10-09,常滑,4,4552,5.35,38.3,0.2414,0.3103,29,B1,0.16,18,76,31,4.3,0,0.177,10,6.65,0.6,0.09,0,0.5,2,1,23,16.92,v2_lr,0
157748,2026-10-09,常滑,5,4288,7.32,58.2,0.3947,0.7368,38,A1,0.13,12,69,27,2.4,0.4,0.161,10,6.71,0,-0.02,0,0.5,2,1,23,20.29,v2_lr,0
157748,2026-10-09,常滑,6,5415,1.29,0,0,0,13,B2,,0,108,0,5.2,0,0.203,10,6.64,0.7,0.06,0,0.5,2,1,23,1.02,v2_lr,0
157749,2026-10-09,常滑,1,4103,3.69,16.8,0,0,5,B1,0.18,12,50,20,4.5,0,0.252,10,6.65,0.4545,0.04,0,0.5,2,1,23,15.61,v2_lr,0
157749,2026-10-09,常滑,2,4207,6.3,49,0.5,0.6471,34,A1,0.13,15,78,39,2.7,0.2,0.143,10,6.62,0.7273,0.13,0,0.5,2,1,23,35.94,v2_lr,0
157749,2026-10-09,常滑,3,3761,5.26,34.6,0.2667,0.4,15,B1,0.17,7,61,17,3.1,0.1,0.163,10,6.59,1,0.07,0,0.5,2,1,23,25.69,v2_lr,0
157749,2026-10-09,常滑,4,4792,5.12,30.1,0.0714,0.1429,14,B1,0.14,6,54,15,4.7,0.1,0.228,10,6.65,0.4545,-0.2,0,0.5,2,1,23,6.79,v2_lr,0
157749,2026-10-09,常滑,5,4063,6.37,45.8,0.3,0.5,20,A1,0.11,3,71,14,3.1,0.3,0.108,10,6.68,0.1818,-0.15,0,0.5,2,1,23,13.65,v2_lr,1
157749,2026-10-09,常滑,6,4105,4.91,24.2,0.1563,0.4688,32,B1,0.18,0,67,3,3.7,0.2,0.163,10,6.7,0,0.13,0,0.5,2,1,23,2.32,v2_lr,0
157750,2026-10-09,常滑,1,5013,5.25,34.9,0.2121,0.303,33,B1,0.15,36,66,46,3.3,0.2,0.15,10,6.55,1,0.16,0,0.5,2,1,23,32.99,v2_lr,1
157750,2026-10-09,常滑,2,4117,5.85,41.3,0.2143,0.4286,14,A2,0.21,10,64,37,3.3,0.1,0.214,10,6.63,0.4286,0.17,0,0.5,2,1,23,25.63,v2_lr,0
157750,2026-10-09,常滑,3,4430,5.88,40.8,0.2,0.4,5,A2,0.16,19,89,37,3.4,0.1,0.175,10,6.66,0.2143,0.24,0,0.5,2,1,23,16.36,v2_lr,0
157750,2026-10-09,常滑,4,3474,4.6,28,0.1905,0.381,21,B1,0.2,2,62,11,3.9,0.1,0.14,10,6.69,0,0.08,0,0.5,2,1,23,9.69,v2_lr,0
157750,2026-10-09,常滑,5,5321,5.23,37.5,0.1053,0.2895,38,B1,0.25,4,60,18,3.1,0.2,0.162,10,6.59,0.7143,0.02,0,0.5,2,1,23,4.76,v2_lr,0
157750,2026-10-09,常滑,6,4137,6.64,51.9,0.3333,0.6667,6,A1,0.14,6,75,21,3,0.3,0.134,10,6.62,0.5,0.1,0,0.5,2,1,23,10.57,v2_lr,0
157751,2026-10-09,常滑,1,4295,7.01,53,0.2647,0.6471,34,A1,0.14,90,120,109,2.2,0.3,0.154,10,6.58,1,0.07,0,0.5,2,1,23,46.01,v2_lr,1
157751,2026-10-09,常滑,2,3929,4.36,22.8,0.0833,0.2083,48,B1,0.17,7,71,17,3.7,0,0.16,10,6.62,0.7143,0.04,0,0.5,2,1,23,23.54,v2_lr,0
157751,2026-10-09,常滑,3,3642,3.68,15.3,0.1579,0.2105,19,B1,0.2,4,64,11,3.7,0.2,0.16,10,6.65,0.5,0.08,0,0.5,2,1,23,20.45,v2_lr,0
157751,2026-10-09,常滑,4,5355,2,4.1,0,0,5,B1,0.17,2,48,3,5.1,0,0.179,10,6.67,0.3571,-0.02,0,0.5,2,1,23,4.18,v2_lr,0
157751,2026-10-09,常滑,5,5465,0,0,0,0,4,B2,,0,9,0,5.8,0,0.21,10,6.69,0.2143,0.24,0,0.5,2,1,23,1.39,v2_lr,0
157751,2026-10-09,常滑,6,4369,5.92,39.8,0.1897,0.3793,58,A2,0.18,1,78,6,2.5,0.2,0.171,10,6.72,0,0.03,0,0.5,2,1,23,4.43,v2_lr,0
157752,2026-10-09,常滑,1,5190,4.46,23.1,0.125,0.2083,24,B1,0.18,13,40,23,3.8,0.1,0.213,10,6.69,0,0.16,0,0.5,3,1,23,33.48,v2_lr,0
157752,2026-10-09,常滑,2,4624,6.59,51.6,0.1176,0.3529,17,A1,0.16,22,77,47,4.7,0,0.235,10,6.62,0.7,0.22,0,0.5,3,1,23,28.41,v2_lr,1
157752,2026-10-09,常滑,3,4589,4.88,27.6,0.1667,0.25,12,B1,0.19,10,52,20,2.6,0.4,0.117,10,6.59,1,0.3,0,0.5,3,1,23,26.14,v2_lr,0
157752,2026-10-09,常滑,4,4439,4.33,24.2,0.0303,0.1515,33,B1,0.18,3,50,4,4.7,0,0.18,10,6.68,0.1,0.27,0,0.5,3,1,23,4.43,v2_lr,0
157752,2026-10-09,常滑,5,5415,1.29,0,0,0,13,B2,,0,55,0,5.2,0,0.203,10,6.66,0.3,0.18,0,0.5,3,1,23,1.99,v2_lr,0
157752,2026-10-09,常滑,6,3502,5.72,38.9,0.1579,0.4211,38,A2,0.14,2,64,9,2.6,0.3,0.157,10,6.6,0.9,0.2,0,0.5,3,1,23,5.56,v2_lr,0
157753,2026-10-09,常滑,1,3761,5.26,34.6,0.2667,0.4,15,B1,0.17,30,54,39,3.1,0.1,0.163,10,6.6,1,0.02,0,0.5,3,1,24,43.37,v2_lr,1
157753,2026-10-09,常滑,2,3841,5.92,41.1,0.0769,0.359,39,A2,0.16,15,98,53,3.6,0.1,0.184,10,6.65,0.4444,-0.06,0,0.5,3,1,24,20.57,v2_lr,0
157753,2026-10-09,常滑,4,5341,2.53,6.9,0,0.0526,38,B1,0.26,2,35,3,4.1,0.2,0.192,10,6.69,0,-0.03,0,0.5,3,1,24,3.28,v2_lr,0
157753,2026-10-09,常滑,5,4236,7.14,53.4,0.3333,0.5556,27,A1,0.12,10,73,27,1.9,0.5,0.173,10,6.67,0.2222,0.13,0,0.5,3,1,24,18.21,v2_lr,0
157753,2026-10-09,常滑,6,5436,1.07,0,0,0,32,B2,,0,86,0,5.5,0,0.238,10,6.6,1,0.07,0,0.5,3,1,24,1.36,v2_lr,0
157754,2026-10-09,常滑,1,4792,5.12,30.1,0.0714,0.1429,14,B1,0.14,18,40,31,4.7,0.1,0.228,10,6.65,0.5556,-0.17,0,0.5,2,1,24,25,v2_lr,0
157754,2026-10-09,常滑,2,4296,6.62,48.2,0.3043,0.5217,23,A2,0.14,9,60,30,1.8,0.5,0.143,10,6.61,1,-0.14,0,0.5,2,1,24,35.23,v2_lr,1
157754,2026-10-09,常滑,3,4552,5.35,38.3,0.2414,0.3103,29,B1,0.16,6,77,22,4.3,0,0.177,10,6.63,0.7778,0.1,0,0.5,2,1,24,23.93,v2_lr,0
157754,2026-10-09,常滑,4,3933,5.13,32.7,0,0.3182,22,B1,0.17,8,79,18,3,0.2,0.184,10,6.7,0,-0.07,0,0.5,2,1,24,2.98,v2_lr,0
157754,2026-10-09,常滑,5,5331,4.13,25,0.2222,0.5556,18,B1,0.17,3,51,5,3.4,0.1,0.16,10,6.62,0.8889,-0.01,0,0.5,2,1,24,10.81,v2_lr,0
157754,2026-10-09,常滑,6,4460,6.09,39.6,0.0667,0.3333,15,A2,0.15,3,78,10,2.5,0.3,0.141,10,6.65,0.5556,-0.08,0,0.5,2,1,24,2.05,v2_lr,0
157755,2026-10-09,常滑,1,4706,5.76,38.9,0.2222,0.3333,36,A2,0.18,53,91,66,3.5,0.1,0.178,10,6.7,0,0.05,0,0.5,2,1,24,30.53,v2_lr,1
157755,2026-10-09,常滑,2,4202,4.5,27.6,0.2632,0.4211,19,B1,0.17,7,71,21,3.9,0.3,0.186,10,6.66,0.6667,-0.02,0,0.5,2,1,24,30.95,v2_lr,0
157755,2026-10-09,常滑,3,4063,6.37,45.8,0.3,0.5,20,A1,0.11,15,80,36,3.1,0.3,0.108,10,6.7,0,0.03,0,0.5,2,1,24,24.81,v2_lr,0
157755,2026-10-09,常滑,4,3458,4.36,19.4,0.0769,0.3077,13,B1,0.12,4,57,8,3.7,0.1,0.205,10,6.68,0.3333,-0.03,0,0.5,2,1,24,6.12,v2_lr,0
157755,2026-10-09,常滑,5,3929,4.36,22.8,0.0833,0.2083,48,B1,0.17,4,71,11,3.7,0,0.16,10,6.64,1,0.08,0,0.5,2,1,24,4.63,v2_lr,0
157755,2026-10-09,常滑,6,3814,4.76,29.1,0.1579,0.4211,19,B1,0.2,0,55,2,4.4,0.1,0.197,10,6.69,0.1667,-0.03,0,0.5,2,1,24,2.96,v2_lr,0
157756,2026-10-09,常滑,1,4288,7.32,58.2,0.3947,0.7368,38,A1,0.13,90,123,110,2.4,0.4,0.161,10,6.66,0.2222,-0.01,0,0.5,3,1,24,37.37,v2_lr,0
157756,2026-10-09,常滑,2,3659,5.68,36,0.175,0.45,40,A2,0.16,5,67,31,2.9,0.1,0.233,10,6.68,0,0.26,0,0.5,3,1,24,19.58,v2_lr,0
157756,2026-10-09,常滑,3,3436,5.7,34.3,0.1053,0.2105,19,A2,0.11,7,66,22,3.2,0.2,0.158,10,6.65,0.3333,0.03,0,0.5,3,1,24,12.16,v2_lr,0
157756,2026-10-09,常滑,4,4589,4.88,27.6,0.1667,0.25,12,B1,0.19,5,63,20,2.6,0.4,0.117,10,6.59,1,0.13,0,0.5,3,1,24,13,v2_lr,0
157756,2026-10-09,常滑,5,4295,7.01,53,0.2647,0.6471,34,A1,0.14,2,80,23,2.2,0.3,0.154,10,6.61,0.7778,0.19,0,0.5,3,1,24,12.51,v2_lr,1
157756,2026-10-09,常滑,6,4447,5.01,32.2,0.2,0.45,20,B1,0.17,1,62,10,2.5,0.1,0.175,10,6.59,1,0.17,0,0.5,3,1,24,5.38,v2_lr,0
157757,2026-10-09,常滑,1,4236,7.14,53.4,0.3333,0.5556,27,A1,0.12,106,132,123,1.9,0.5,0.173,10,6.64,0.3571,0.09,0,0.5,2,1,24,29.09,v2_lr,1
157757,2026-10-09,常滑,2,4369,5.92,39.8,0.1897,0.3793,58,A2,0.18,8,76,22,2.5,0.2,0.171,10,6.69,0,0.05,0,0.5,2,1,24,18.03,v2_lr,0
157757,2026-10-09,常滑,3,4137,6.64,51.9,0.3333,0.6667,6,A1,0.14,19,91,43,3,0.3,0.134,10,6.69,0,0.06,0,0.5,2,1,24,21.38,v2_lr,0
157757,2026-10-09,常滑,4,3502,5.72,38.9,0.1579,0.4211,38,A2,0.14,5,71,24,2.6,0.3,0.157,10,6.69,0,-0.06,0,0.5,2,1,24,7.09,v2_lr,0
157757,2026-10-09,常滑,5,4207,6.3,49,0.5,0.6471,34,A1,0.13,8,67,17,2.7,0.2,0.143,10,6.66,0.2143,0.05,0,0.5,2,1,24,22.32,v2_lr,0
157757,2026-10-09,常滑,6,5239,4.87,24.5,0.0909,0.0909,11,B1,0.19,1,64,4,3.3,0.1,0.183,10,6.55,1,0.15,0,0.5,2,1,24,2.1,v2_lr,0
157758,2026-10-09,三国,1,4391,6.31,45.3,0.3252,0.5203,123,A1,0.14,82,107,95,2.9,0.1,0.15,10,6.59,1,0.03,43.97,1,0,0,23,28.3,v2_lr,1
157758,2026-10-09,三国,2,4446,7.19,57,0.2,0.44,25,A1,0.13,21,87,53,3.8,0.1,0.143,10,6.66,0.4615,-0.06,41.01,0.8294,0,0,23,21.01,v2_lr,0
157758,2026-10-09,三国,3,4910,6.55,51.5,0.2424,0.4848,33,A1,0.15,14,76,38,3.8,0.1,0.122,10,6.71,0.0769,-0.07,26.62,0,0,0,23,15.53,v2_lr,0
157758,2026-10-09,三国,4,4237,7.29,52.7,0.4231,0.5,26,A1,0.15,15,82,36,3.6,0.2,0.104,10,6.72,0,-0.07,37.5,0.6271,0,0,23,22.14,v2_lr,0
157758,2026-10-09,三国,5,4826,7.01,51,0.2857,0.4,35,A1,0.13,12,77,20,4,0.1,0.114,10,6.72,0,0.07,33.56,0.4,0,0,23,8.58,v2_lr,0
157758,2026-10-09,三国,6,4337,7.47,51.6,0.2059,0.5882,34,A1,0.15,6,77,19,3.7,0,0.13,10,6.66,0.4615,-0.1,35.1,0.4888,0,0,23,4.43,v2_lr,0
157759,2026-10-09,三国,1,4566,6.39,34.1,0.2,0.6,15,A1,0.12,73,98,82,3.6,0.1,0.135,10,6.7,0.2857,-0.07,37.12,0.9285,3,3,23,26.18,v2_lr,0
157759,2026-10-09,三国,2,4415,6.38,50.5,0.2957,0.4783,115,A1,0.13,14,80,31,3,0.3,0.14,10,6.68,0.5714,-0.09,37.68,1,3,3,23,27.09,v2_lr,1
157759,2026-10-09,三国,3,4504,6.31,40.5,0.2667,0.5333,15,A1,0.19,10,77,33,3.8,0,0.105,10,6.69,0.4286,0.24,37.58,0.9872,3,3,23,19.83,v2_lr,0
157759,2026-10-09,三国,4,4500,7.15,45.1,0.2857,0.2857,7,A1,0.12,20,76,30,2.1,0.5,0.122,10,6.65,1,0.14,31.47,0.2069,3,3,23,18.36,v2_lr,0
157759,2026-10-09,三国,5,4856,6.85,47.5,0.125,0.25,16,A1,0.13,8,81,28,3.5,0.2,0.145,10,6.7,0.2857,0.09,29.85,0,3,3,23,3.37,v2_lr,0
157759,2026-10-09,三国,6,4448,6.64,48.7,0.2857,0.3333,21,A1,0.16,7,60,16,4.1,0.1,0.146,10,6.72,0,0.12,33.09,0.4138,3,3,23,5.16,v2_lr,0
157760,2026-10-09,三国,1,4019,6.71,45.5,0.1333,0.5333,15,A1,0.16,77,105,89,3,0.2,0.166,10,6.8,0.0769,-0.04,36.62,0.9796,2,2,23,27.85,v2_lr,1
157760,2026-10-09,三国,2,4682,7.02,45,0.3125,0.4063,32,A1,0.14,14,74,43,3.6,0.2,0.145,10,6.77,0.3077,0.15,31.33,0,2,2,23,32.22,v2_lr,0
157760,2026-10-09,三国,3,4547,6.6,39.6,0.25,0.625,24,A1,0.16,15,70,30,2.4,0.3,0.151,10,6.77,0.3077,0.11,34.07,0.5074,2,2,23,23.43,v2_lr,0
157760,2026-10-09,三国,4,4024,6.44,34.7,0.12,0.4,25,A1,0.16,13,76,28,3.2,0.2,0.135,10,6.68,1,0.02,32.61,0.237,2,2,23,11.49,v2_lr,0
157760,2026-10-09,三国,5,4030,6.64,36.2,0.0714,0.2143,14,A1,0.15,3,81,16,3.5,0.2,0.153,10,6.81,0,0.16,33.79,0.4556,2,2,23,2.77,v2_lr,0
157760,2026-10-09,三国,6,5142,7.51,60.7,0.0476,0.2857,21,A1,0.15,5,76,19,3.7,0.2,0.111,10,6.69,0.9231,0.11,36.73,1,2,2,23,2.24,v2_lr,0
157761,2026-10-09,三国,1,3716,6.45,37.9,0.2,0.5333,15,A1,0.13,52,89,69,3.9,0.1,0.117,10,6.79,0,0.03,32.43,0.0225,3,3,23,22.18,v2_lr,0
157761,2026-10-09,三国,2,5043,6.54,43.5,0.1818,0.5,22,A1,0.14,14,88,49,4,0,0.131,10,6.73,0.5,0.07,38.64,0.4335,3,3,23,19.08,v2_lr,0
157761,2026-10-09,三国,3,4188,7.96,64.1,0.3953,0.6279,43,A1,0.13,17,68,38,2.7,0.3,0.102,10,6.74,0.4167,0.11,47.2,1,3,3,23,25.3,v2_lr,1
157761,2026-10-09,三国,4,4262,7.19,45.8,0.3077,0.5,26,A1,0.15,13,78,33,3.1,0.3,0.124,10,6.67,1,0.07,32.09,0,3,3,23,18.59,v2_lr,0
157761,2026-10-09,三国,5,4857,6.96,55.5,0.2778,0.4444,18,A1,0.16,9,69,23,3.6,0.2,0.118,10,6.76,0.25,0.14,39.26,0.4745,3,3,23,8.61,v2_lr,0
157761,2026-10-09,三国,6,4688,6.49,45.7,0.2917,0.5208,48,A1,0.16,4,80,12,2.7,0.3,0.129,10,6.73,0.5,0.08,33.81,0.1138,3,3,23,6.24,v2_lr,0
157762,2026-10-09,三国,1,4832,7.05,48.9,0.4,0.5333,30,A1,0.14,66,99,82,2.6,0.4,0.124,10,6.72,1,0.02,40.77,0.8589,3,3,23,31.33,v2_lr,1
157762,2026-10-09,三国,2,4013,6.84,40.7,0.3505,0.6495,97,A1,0.15,10,71,39,2.9,0.2,0.107,10,6.86,0,0.04,28.78,0,3,3,23,26.72,v2_lr,0
157762,2026-10-09,三国,3,4932,7.47,51.9,0.375,0.5,8,A1,0.16,17,61,35,2.8,0.4,0.137,10,6.76,0.7143,0.06,31.21,0.1741,3,3,23,26.64,v2_lr,0
157762,2026-10-09,三国,4,4573,7.09,43.2,0.16,0.24,25,A1,0.12,9,72,27,4.1,0.1,0.149,10,6.77,0.6429,0.15,42.74,1,3,3,23,10.58,v2_lr,0
157762,2026-10-09,三国,5,4028,6.53,47.2,0,0,7,A1,0.14,6,68,13,4.7,0.1,0.16,10,6.86,0,0.02,30.14,0.0974,3,3,23,1.24,v2_lr,0
157762,2026-10-09,三国,6,3737,6.87,46.2,0.1622,0.4595,37,A1,0.16,3,63,13,3.3,0.2,0.136,10,6.77,0.6429,-0.01,34.07,0.3789,3,3,23,3.49,v2_lr,0
157763,2026-10-09,三国,1,4848,7.03,46.7,0.2917,0.5,24,A1,0.14,75,103,91,2.8,0.3,0.138,10,6.71,0.9167,-0.01,42.75,1,2,2,23,29.33,v2_lr,0
157763,2026-10-09,三国,2,4448,6.64,48.7,0.2857,0.3333,21,A1,0.16,14,69,35,4.1,0.1,0.146,10,6.78,0.3333,0.06,33.09,0.4308,2,2,23,24.66,v2_lr,0
157763,2026-10-09,三国,3,4061,6.91,47.8,0.3664,0.5878,131,A1,0.13,23,81,43,3.3,0.2,0.124,10,6.75,0.5833,0.05,37.12,0.6682,2,2,23,25.72,v2_lr,1
157763,2026-10-09,三国,4,3897,7.46,48.3,0.1739,0.5652,23,A1,0.16,13,66,29,2.1,0.3,0.127,10,6.82,0,0.04,25.78,0,2,2,23,7.48,v2_lr,0
157763,2026-10-09,三国,5,4847,6.49,44.4,0.2,0.3333,15,A1,0.13,9,67,19,3.7,0.2,0.112,10,6.74,0.6667,0.01,31.13,0.3153,2,2,23,7.43,v2_lr,0
157763,2026-10-09,三国,6,4446,7.19,57,0.2,0.44,25,A1,0.13,0,81,8,3.8,0.1,0.143,10,6.7,1,0.07,41.01,0.8975,2,2,23,5.38,v2_lr,0
157764,2026-10-09,三国,1,4044,6.92,45,0.2903,0.4516,31,A1,0.13,64,97,84,3,0.1,0.117,10,6.67,1,0.03,36.76,0.4986,4,4,23,27.69,v2_lr,0
157764,2026-10-09,三国,2,4290,6.75,46,0.25,0.4688,32,A1,0.12,13,67,32,2.7,0.4,0.087,10,6.75,0.5556,0.19,42.22,1,4,4,23,22.87,v2_lr,0
157764,2026-10-09,三国,3,4757,7.05,49.2,0.1667,0.3333,18,A1,0.16,11,78,30,2.7,0.2,0.107,10,6.76,0.5,0.09,31.78,0.0413,4,4,23,12.55,v2_lr,1
157764,2026-10-09,三国,4,3388,7.08,52,0.3457,0.5556,81,A1,0.18,17,61,31,4.4,0.1,0.169,10,6.85,0,0.07,38.17,0.6281,4,4,23,16.99,v2_lr,0
157764,2026-10-09,三国,5,4604,6.93,44.6,0.3125,0.4688,32,A1,0.13,10,77,24,4.5,0,0.145,10,6.74,0.6111,0.06,32.21,0.0808,4,4,23,12.21,v2_lr,0
157764,2026-10-09,三国,6,4682,7.02,45,0.3125,0.4063,32,A1,0.14,2,77,11,3.6,0.2,0.145,10,6.74,0.6111,0.08,31.33,0,4,4,23,7.7,v2_lr,0
157765,2026-10-09,三国,1,4688,6.49,45.7,0.2917,0.5208,48,A1,0.16,75,103,88,2.7,0.3,0.129,10,6.78,0.0667,0.01,33.81,0.6501,1,1,23,28.56,v2_lr,1
157765,2026-10-09,三国,2,5142,7.51,60.7,0.0476,0.2857,21,A1,0.15,25,96,52,3.7,0.2,0.111,10,6.71,0.5333,-0.06,36.73,0.9141,1,1,23,14.05,v2_lr,0
157765,2026-10-09,三国,3,4544,7.66,63.2,0.5,0.6923,26,A1,0.16,16,72,38,2.8,0.5,0.137,10,6.7,0.6,-0.11,37.5,0.9837,1,1,23,30.79,v2_lr,0
157765,2026-10-09,三国,4,3590,6.61,44.7,0.0952,0.1429,21,A1,0.14,12,80,32,3.3,0.2,0.146,10,6.79,0,0.02,36.43,0.887,1,1,23,5.56,v2_lr,0
157765,2026-10-09,三国,5,4415,6.38,50.5,0.2957,0.4783,115,A1,0.13,12,83,23,3,0.3,0.14,10,6.64,1,-0.15,37.68,1,1,1,23,16.57,v2_lr,0
157765,2026-10-09,三国,6,4910,6.55,51.5,0.2424,0.4848,33,A1,0.15,4,72,19,3.8,0.1,0.122,10,6.75,0.2667,-0.02,26.62,0,1,1,23,4.47,v2_lr,0
157766,2026-10-09,三国,1,4337,7.47,51.6,0.2059,0.5882,34,A1,0.15,68,103,88,3.7,0,0.13,10,6.8,0,0.06,35.1,0.2701,3,3,23,31.34,v2_lr,0
157766,2026-10-09,三国,2,4030,6.64,36.2,0.0714,0.2143,14,A1,0.15,4,74,29,3.5,0.2,0.153,10,6.8,0,0.17,33.79,0,3,3,23,13.42,v2_lr,0
157766,2026-10-09,三国,3,4587,6.36,52.5,0.2264,0.4623,106,A1,0.17,22,86,36,3.8,0.1,0.16,10,6.71,0.8182,0.19,38.41,0.9526,3,3,23,24.6,v2_lr,1
157766,2026-10-09,三国,4,4524,6.85,40,0.1739,0.3478,23,A1,0.14,10,79,27,3,0.2,0.119,10,6.74,0.5455,0.07,34.65,0.1773,3,3,23,12.79,v2_lr,0
157766,2026-10-09,三国,5,4504,6.31,40.5,0.2667,0.5333,15,A1,0.19,9,71,21,3.8,0,0.105,10,6.79,0.0909,0.14,37.58,0.7814,3,3,23,11.21,v2_lr,0
157766,2026-10-09,三国,6,5043,6.54,43.5,0.1818,0.5,22,A1,0.14,6,85,17,4,0,0.131,10,6.69,1,0.04,38.64,1,3,3,23,6.65,v2_lr,0
157767,2026-10-09,三国,1,4500,7.15,45.1,0.2857,0.2857,7,A1,0.12,83,106,98,2.1,0.5,0.122,10,6.71,0.9412,0.06,31.47,0.1771,2,2,23,24.99,v2_lr,1
157767,2026-10-09,三国,2,4547,6.6,39.6,0.25,0.625,24,A1,0.16,16,70,39,2.4,0.3,0.151,10,6.74,0.7647,0.14,34.07,0.3483,2,2,23,21.01,v2_lr,0
157767,2026-10-09,三国,3,4013,6.84,40.7,0.3505,0.6495,97,A1,0.15,10,64,30,2.9,0.2,0.107,10,6.87,0,0.09,28.78,0,2,2,23,19.21,v2_lr,0
157767,2026-10-09,三国,4,4848,7.03,46.7,0.2917,0.5,24,A1,0.14,3,66,27,2.8,0.3,0.138,10,6.7,1,-0.02,42.75,0.9197,2,2,23,17.8,v2_lr,0
157767,2026-10-09,三国,5,4391,6.31,45.3,0.3252,0.5203,123,A1,0.14,7,68,19,2.9,0.1,0.15,10,6.73,0.8235,0.06,43.97,1,2,2,23,13.69,v2_lr,0
157767,2026-10-09,三国,6,3716,6.45,37.9,0.2,0.5333,15,A1,0.13,2,71,11,3.9,0.1,0.117,10,6.79,0.4706,0.05,32.43,0.2403,2,2,23,3.31,v2_lr,0
157768,2026-10-09,三国,1,3897,7.46,48.3,0.1739,0.5652,23,A1,0.16,70,98,83,2.1,0.3,0.127,10,6.73,0.2857,0.09,25.78,0,3,3,24,21.97,v2_lr,0
157768,2026-10-09,三国,2,4188,7.96,64.1,0.3953,0.6279,43,A1,0.13,17,82,50,2.7,0.3,0.102,10,6.69,0.8571,-0.05,47.2,1,3,3,24,28.61,v2_lr,1
157768,2026-10-09,三国,3,4290,6.75,46,0.25,0.4688,32,A1,0.12,11,74,34,2.7,0.4,0.087,10,6.75,0,0.03,42.22,0.7675,3,3,24,17.1,v2_lr,0
157768,2026-10-09,三国,4,4832,7.05,48.9,0.4,0.5333,30,A1,0.14,21,72,39,2.6,0.4,0.124,10,6.68,1,0.01,40.77,0.6998,3,3,24,24.42,v2_lr,0
157768,2026-10-09,三国,5,4019,6.71,45.5,0.1333,0.5333,15,A1,0.16,9,70,26,3,0.2,0.166,10,6.74,0.1429,0.05,36.62,0.5061,3,3,24,3.56,v2_lr,0
157768,2026-10-09,三国,6,4566,6.39,34.1,0.2,0.6,15,A1,0.12,5,72,14,3.6,0.1,0.135,10,6.7,0.7143,0.09,37.12,0.5294,3,3,24,4.34,v2_lr,0
157769,2026-10-09,三国,1,4238,8.24,63.7,0.4,0.64,25,A1,0.19,73,89,78,2.4,0.3,0.107,10,6.74,0.5625,-0.02,26.87,0,3,3,24,26.78,v2_lr,1
157769,2026-10-09,三国,2,4719,7.28,45.6,0.2857,0.5238,21,A1,0.14,16,76,41,2.9,0.2,0.128,10,6.73,0.625,0.03,33.33,0.516,3,3,24,23.26,v2_lr,0
157769,2026-10-09,三国,3,4075,6.46,43.1,0.1333,0.5333,15,A1,0.12,11,89,36,3.4,0.2,0.108,10,6.67,1,0.11,39.39,1,3,3,24,13.19,v2_lr,0
157769,2026-10-09,三国,4,5084,7.07,43.4,0.3889,0.6111,18,A1,0.14,13,66,29,2.4,0.3,0.141,10,6.74,0.5625,0.24,34.31,0.5942,3,3,24,19.72,v2_lr,0
157769,2026-10-09,三国,5,4477,7.15,48.1,0.2609,0.4348,23,A1,0.14,6,77,17,2.8,0.4,0.102,10,6.73,0.625,-0.05,32.12,0.4193,3,3,24,9.93,v2_lr,0
157769,2026-10-09,三国,6,4532,7.29,59.4,0.3333,0.6667,27,A1,0.14,7,75,23,2.5,0.2,0.139,10,6.83,0,-0.05,35.66,0.7021,3,3,24,7.12,v2_lr,0
157770,2026-10-09,鳴門,1,4769,6.28,43.9,0.0714,0.2857,14,A1,0.12,49,85,69,3.9,0,0.099,10,6.69,1,0.19,44.44,1,2,2,23,42.55,v2_lr,1
157770,2026-10-09,鳴門,2,4390,4.38,20.1,0.0935,0.1869,107,B1,0.25,4,64,10,4,0,0.161,10,6.74,0.6154,0.17,29.17,0.3387,2,2,23,28.6,v2_lr,0
157770,2026-10-09,鳴門,3,4016,5.31,32.3,0.1333,0.3,30,B1,0.19,5,69,18,4.3,0.1,0.131,10,6.81,0.0769,0.23,33.01,0.505,2,2,23,18.56,v2_lr,0
157770,2026-10-09,鳴門,4,3772,5.19,26.2,0.0476,0.2857,21,B1,0.16,6,63,17,4.6,0,0.151,10,6.82,0,0.07,25.27,0.1698,2,2,23,6.33,v2_lr,0
157770,2026-10-09,鳴門,5,3690,4.47,24.5,0,0,3,B1,0.21,2,75,8,4.4,0,0.173,10,6.79,0.2308,0.07,31.25,0.4288,2,2,23,2.78,v2_lr,0
157770,2026-10-09,鳴門,6,5460,0,0,0,0,4,B2,,1,55,1,5.3,0,0.154,10,6.73,0.6923,0.16,21.35,0,2,2,23,1.19,v2_lr,0
157771,2026-10-09,鳴門,1,5219,4.73,30.3,0.3,0.5,20,B1,0.2,17,32,20,2.8,0.2,0.138,10,6.7,1,0.03,31.91,0,1,1,20,35.44,v2_lr,1
157771,2026-10-09,鳴門,2,3911,5.29,34.3,0.1333,0.2,15,B1,0.19,11,82,34,3.3,0.2,0.152,10,6.78,0.5,-0.1,38.78,0.4025,1,1,20,21.9,v2_lr,0
157771,2026-10-09,鳴門,3,3992,5.33,34.6,0.3,0.4,30,B1,0.16,11,62,13,3.4,0.2,0.138,10,6.73,0.8125,0.01,34.07,0.1265,1,1,20,27.99,v2_lr,0
157771,2026-10-09,鳴門,4,3519,4.51,18.6,0.1364,0.2273,22,B1,0.18,4,74,15,4.2,0,0.167,10,6.74,0.75,0.11,48.98,1,1,1,20,11.16,v2_lr,0
157771,2026-10-09,鳴門,5,5468,0,0,0,0,4,B2,,0,14,0,5.7,0,0.171,10,6.77,0.5625,0.36,34.86,0.1728,1,1,20,1.12,v2_lr,0
157771,2026-10-09,鳴門,6,4111,5.51,37,0.1471,0.3235,34,A2,0.17,2,60,3,4,0.1,0.17,10,6.86,0,0.05,38.71,0.3984,1,1,20,2.38,v2_lr,0
157772,2026-10-09,鳴門,1,4513,5.75,40.7,0.1667,0.6667,6,A2,0.19,48,84,70,2.3,0.3,0.13,10,6.72,1,0.06,34.62,0.081,2,2,21,34.69,v2_lr,1
157772,2026-10-09,鳴門,2,4269,6.04,41.1,0.2632,0.4737,19,A2,0.16,11,75,37,3.3,0,0.126,10,6.73,0.9286,0.01,40,0.8733,2,2,21,37.23,v2_lr,0
157772,2026-10-09,鳴門,3,4691,4.45,23.9,0.1351,0.2703,74,B1,0.19,5,60,13,4,0.2,0.156,10,6.73,0.9286,0.05,36.08,0.296,2,2,21,18.83,v2_lr,0
157772,2026-10-09,鳴門,4,4563,4.06,22.2,0,0.1538,13,B1,0.16,2,66,6,3.7,0,0.164,10,6.86,0,-0.03,40.86,1,2,2,21,3.7,v2_lr,0
157772,2026-10-09,鳴門,5,3981,4.02,19,0,0.1667,12,B1,0.2,4,67,11,4.6,0,0.163,10,6.82,0.2857,0.11,34.07,0,2,2,21,1.69,v2_lr,0
157772,2026-10-09,鳴門,6,4761,5.66,36.9,0.1333,0.3333,15,A2,0.14,2,75,7,3.2,0.2,0.101,10,6.76,0.7143,-0.01,36.46,0.352,2,2,21,3.85,v2_lr,0
157773,2026-10-09,鳴門,1,5133,5.29,31.8,0.2,0.4,5,B1,0.23,22,54,35,3.5,0.1,0.189,10,6.68,1,-0.03,20.22,0,2,2,21,40.48,v2_lr,0
157773,2026-10-09,鳴門,2,4934,5.53,40,0.2,0.4,5,A2,0.17,16,79,38,3.2,0.2,0.17,10,6.71,0.75,0.01,36,0.438,2,2,21,33.74,v2_lr,1
157773,2026-10-09,鳴門,3,5044,4.33,25,0.1667,0.3889,18,B1,0.15,12,79,24,3.8,0.1,0.112,10,6.8,0,0.06,40.2,0.5545,2,2,21,17.24,v2_lr,0
157773,2026-10-09,鳴門,4,4917,4.22,17.6,0.0294,0.1471,34,B1,0.17,4,68,12,2.9,0.2,0.142,10,6.8,0,-0.02,36.56,0.4535,2,2,21,4.62,v2_lr,0
157773,2026-10-09,鳴門,5,4607,5.47,30.9,0.0357,0.2857,28,A2,0.18,3,80,21,3.6,0,0.188,10,6.76,0.3333,0.15,26.14,0.1643,2,2,21,2.64,v2_lr,0
157773,2026-10-09,鳴門,6,5452,0,0,0,0,4,B2,,0,31,0,5.6,0,0.178,10,6.7,0.8333,0.1,56.25,1,2,2,21,1.29,v2_lr,0
157774,2026-10-09,鳴門,1,4100,5.19,34,0.1333,0.3333,15,B1,0.15,36,63,46,4.4,0,0.13,10,6.68,1,0.15,32.98,0.4928,2,2,22,41.45,v2_lr,1
157774,2026-10-09,鳴門,2,3982,3.6,17,0.0714,0.25,28,B1,0.16,5,62,16,3.4,0.1,0.147,10,6.72,0.6667,0.11,35.16,0.5852,2,2,22,23.49,v2_lr,0
157774,2026-10-09,鳴門,3,4301,4.41,25.3,0.1538,0.2308,13,B1,0.19,4,60,16,3.2,0.4,0.125,10,6.8,0,0.15,44.95,1,2,2,22,19.44,v2_lr,0
157774,2026-10-09,鳴門,4,4600,6.81,52.6,0.16,0.32,25,A1,0.13,9,76,25,3.6,0.2,0.129,10,6.77,0.25,0.14,32.22,0.4606,2,2,22,13.26,v2_lr,0
157774,2026-10-09,鳴門,5,5460,0,0,0,0,4,B2,,0,21,1,5.3,0,0.154,10,6.78,0.1667,0.39,21.35,0,2,2,22,1.21,v2_lr,0
157774,2026-10-09,鳴門,6,3831,4.8,34.3,0,0.3,10,B1,0.14,2,60,4,3.5,0,0.145,10,6.76,0.3333,0.22,33.96,0.5343,2,2,22,1.15,v2_lr,0
157775,2026-10-09,鳴門,1,4020,4.28,24.5,0.0909,0.2727,22,B1,0.17,18,51,26,4.1,0.1,0.12,10,6.78,0.5556,-0.09,37.36,0.2724,2,2,22,24.86,v2_lr,1
157775,2026-10-09,鳴門,2,4614,6.36,44.8,0.5385,0.6154,13,A1,0.13,18,66,42,2.2,0.4,0.129,10,6.73,0.8333,0.24,34.04,0.0645,2,2,22,38.36,v2_lr,0
157775,2026-10-09,鳴門,3,3519,4.51,18.6,0.1364,0.2273,22,B1,0.18,3,77,16,4.2,0,0.167,10,6.77,0.6111,0.19,48.98,1,2,2,22,15.9,v2_lr,0
157775,2026-10-09,鳴門,4,4381,5.64,38.9,0.2093,0.4186,43,A2,0.18,13,69,29,2.7,0.4,0.112,10,6.7,1,0.07,34.02,0.0632,2,2,22,15.75,v2_lr,0
157775,2026-10-09,鳴門,5,4016,5.31,32.3,0.1333,0.3,30,B1,0.19,5,59,9,4.3,0.1,0.131,10,6.88,0,0.03,33.01,0,2,2,22,3.81,v2_lr,0
157775,2026-10-09,鳴門,6,4875,5.09,28.2,0,0.3333,6,B1,0.16,0,53,2,4.1,0,0.163,10,6.74,0.7778,0.02,41.76,0.5479,2,2,22,1.32,v2_lr,0
157776,2026-10-09,鳴門,1,4323,4.98,32.9,0.1667,0.5,24,B1,0.18,33,63,49,2.9,0.1,0.118,10,6.68,1,0.09,41.84,1,2,2,23,44.08,v2_lr,1
157776,2026-10-09,鳴門,2,4111,5.51,37,0.1471,0.3235,34,A2,0.17,13,86,28,4,0.1,0.17,10,6.73,0.6667,-0.04,38.71,0.8111,2,2,23,34.09,v2_lr,0
157776,2026-10-09,鳴門,3,3981,4.02,19,0,0.1667,12,B1,0.2,4,76,14,4.6,0,0.163,10,6.73,0.6667,-0.05,34.07,0.5311,2,2,23,10.66,v2_lr,0
157776,2026-10-09,鳴門,4,4390,4.38,20.1,0.0935,0.1869,107,B1,0.25,1,62,5,4,0,0.161,10,6.83,0,0.09,29.17,0.2354,2,2,23,7.18,v2_lr,0
157776,2026-10-09,鳴門,5,3772,5.19,26.2,0.0476,0.2857,21,B1,0.16,2,61,7,4.6,0,0.151,10,6.81,0.1333,0.07,25.27,0,2,2,23,2.99,v2_lr,0
157776,2026-10-09,鳴門,6,5468,0,0,0,0,4,B2,,0,38,0,5.7,0,0.171,10,6.75,0.5333,0.21,34.86,0.5788,2,2,23,1.01,v2_lr,0
157777,2026-10-09,鳴門,1,4563,4.06,22.2,0,0.1538,13,B1,0.16,22,40,27,3.7,0,0.164,10,6.8,0.25,0.06,40.86,0.3844,2,2,23,24.24,v2_lr,1
157777,2026-10-09,鳴門,2,3690,4.47,24.5,0,0,3,B1,0.21,7,78,22,4.4,0,0.173,10,6.82,0,0.11,31.25,0,2,2,23,12.69,v2_lr,0
157777,2026-10-09,鳴門,3,3911,5.29,34.3,0.1333,0.2,15,B1,0.19,8,82,26,3.3,0.2,0.152,10,6.77,0.625,0.12,38.78,0.3012,2,2,23,23.28,v2_lr,0
157777,2026-10-09,鳴門,4,4269,6.04,41.1,0.2632,0.4737,19,A2,0.16,10,75,28,3.3,0,0.126,10,6.74,1,0.01,40,0.35,2,2,23,34.4,v2_lr,0
157777,2026-10-09,鳴門,5,5452,0,0,0,0,4,B2,,0,15,0,5.6,0,0.178,10,6.81,0.125,0.09,56.25,1,2,2,23,2.15,v2_lr,0
157777,2026-10-09,鳴門,6,5348,3.83,19.7,0.08,0.16,25,B1,0.27,2,96,14,3.1,0.2,0.137,10,6.77,0.625,-0.01,36.84,0.2236,2,2,23,3.24,v2_lr,0
157778,2026-10-09,鳴門,1,3992,5.33,34.6,0.3,0.4,30,B1,0.16,32,67,41,3.4,0.2,0.138,10,6.7,1,0.11,34.07,0.7684,2,2,24,39.9,v2_lr,0
157778,2026-10-09,鳴門,2,4761,5.66,36.9,0.1333,0.3333,15,A2,0.14,15,77,30,3.2,0.2,0.101,10,6.82,0.1429,0.14,36.46,1,2,2,24,21.45,v2_lr,0
157778,2026-10-09,鳴門,3,4607,5.47,30.9,0.0357,0.2857,28,A2,0.18,5,84,30,3.6,0,0.188,10,6.84,0,0.19,26.14,0,2,2,24,6.11,v2_lr,0
157778,2026-10-09,鳴門,4,5219,4.73,30.3,0.3,0.5,20,B1,0.2,2,50,9,2.8,0.2,0.138,10,6.78,0.4286,0.06,31.91,0.5591,2,2,24,22.26,v2_lr,1
157778,2026-10-09,鳴門,5,3982,3.6,17,0.0714,0.25,28,B1,0.16,2,58,5,3.4,0.1,0.147,10,6.79,0.3571,0.02,35.16,0.874,2,2,24,3.68,v2_lr,0
157778,2026-10-09,鳴門,6,4934,5.53,40,0.2,0.4,5,A2,0.17,1,82,6,3.2,0.2,0.17,10,6.73,0.7857,0.03,36,0.9554,2,2,24,6.6,v2_lr,0
157779,2026-10-09,鳴門,1,4600,6.81,52.6,0.16,0.32,25,A1,0.13,68,89,78,3.6,0.2,0.129,10,6.74,0.7143,0.11,32.22,0,2,2,24,37.52,v2_lr,0
157779,2026-10-09,鳴門,2,4513,5.75,40.7,0.1667,0.6667,6,A2,0.19,10,78,32,2.3,0.3,0.13,10,6.79,0,0.06,34.62,0.2516,2,2,24,25.66,v2_lr,1
157779,2026-10-09,鳴門,3,4100,5.19,34,0.1333,0.3333,15,B1,0.15,5,73,17,4.4,0,0.13,10,6.75,0.5714,0.11,32.98,0.0797,2,2,24,17.58,v2_lr,0
157779,2026-10-09,鳴門,4,4875,5.09,28.2,0,0.3333,6,B1,0.16,6,75,18,4.1,0,0.163,10,6.73,0.8571,0.11,41.76,1,2,2,24,6.31,v2_lr,0
157779,2026-10-09,鳴門,5,5044,4.33,25,0.1667,0.3889,18,B1,0.15,2,66,10,3.8,0.1,0.112,10,6.72,1,0.16,40.2,0.8365,2,2,24,10.56,v2_lr,0
157779,2026-10-09,鳴門,6,4020,4.28,24.5,0.0909,0.2727,22,B1,0.17,2,51,3,4.1,0.1,0.12,10,6.76,0.4286,0.17,37.36,0.5388,2,2,24,2.36,v2_lr,0
157780,2026-10-09,鳴門,1,4381,5.64,38.9,0.2093,0.4186,43,A2,0.18,48,94,67,2.7,0.4,0.112,10,6.65,0.9048,0.22,34.02,0.558,2,2,24,39.63,v2_lr,0
157780,2026-10-09,鳴門,2,4323,4.98,32.9,0.1667,0.5,24,B1,0.18,10,70,29,2.9,0.1,0.118,10,6.8,0.1905,-0.05,41.84,0.8742,2,2,24,28.32,v2_lr,0
157780,2026-10-09,鳴門,3,4917,4.22,17.6,0.0294,0.1471,34,B1,0.17,6,75,24,2.9,0.2,0.142,10,6.63,1,0.08,36.56,0.6607,2,2,24,12.69,v2_lr,1
157780,2026-10-09,鳴門,4,4769,6.28,43.9,0.0714,0.2857,14,A1,0.12,12,77,30,3.9,0,0.099,10,6.73,0.5238,0.1,44.44,0.9794,2,2,24,8.34,v2_lr,0
157780,2026-10-09,鳴門,5,4301,4.41,25.3,0.1538,0.2308,13,B1,0.19,3,62,9,3.2,0.4,0.125,10,6.84,0,0.09,44.95,1,2,2,24,6.14,v2_lr,0
157780,2026-10-09,鳴門,6,5133,5.29,31.8,0.2,0.4,5,B1,0.23,1,52,6,3.5,0.1,0.189,10,6.74,0.4762,0.14,20.22,0,2,2,24,4.87,v2_lr,0
157781,2026-10-09,鳴門,1,5278,7.29,61.1,0.3929,0.5625,112,A1,0.13,71,87,77,1.9,0.5,0.132,10,6.67,1,0.06,33.7,0,2,2,25,34.2,v2_lr,1
157781,2026-10-09,鳴門,2,4173,5.06,36.2,0.2333,0.4333,30,B1,0.16,10,86,34,2.2,0.4,0.142,10,6.82,0.25,0.07,47.52,1,2,2,25,24.98,v2_lr,0
157781,2026-10-09,鳴門,3,4953,6.79,57.1,0.2727,0.4545,22,A1,0.16,23,96,50,2.8,0.3,0.146,10,6.87,0,0.08,34.69,0.0716,2,2,25,19.15,v2_lr,0
157781,2026-10-09,鳴門,4,4089,5.93,35.7,0.2,0.45,20,A2,0.15,5,84,19,2.4,0.1,0.164,10,6.82,0.25,0.04,34.02,0.0232,2,2,25,10.55,v2_lr,0
157781,2026-10-09,鳴門,5,3838,5.25,39.1,0.2174,0.5217,23,B1,0.16,3,65,14,3.4,0.2,0.083,10,6.71,0.8,0.09,34.69,0.0716,2,2,25,8.25,v2_lr,0
157781,2026-10-09,鳴門,6,3963,5.8,38.7,0.1923,0.3077,26,A2,0.16,2,75,6,2.5,0.3,0.114,10,6.77,0.5,0.43,35.35,0.1194,2,2,25,2.87,v2_lr,0
157782,2026-10-09,児島,1,5095,6.15,40,0.2083,0.375,24,A2,0.15,40,66,50,3.7,0.1,0.163,10,6.81,1,0.08,38.46,1,1,1,23,39.43,v2_lr,1
157782,2026-10-09,児島,2,4572,5.23,35.5,0.1875,0.375,16,B1,0.18,6,63,21,4.2,0,0.137,10,6.95,0.3,0.21,31.56,0.5369,1,1,23,26.18,v2_lr,0
157782,2026-10-09,児島,3,4580,5.36,34.1,0.1857,0.3286,70,B1,0.18,12,72,28,3.9,0.1,0.154,10,6.96,0.25,0.28,23.56,0,1,1,23,16.46,v2_lr,0
157782,2026-10-09,児島,4,3945,4.15,21.5,0.1667,0.3333,18,B1,0.21,4,51,16,4.3,0,0.19,10,6.89,0.6,0.03,32.02,0.5678,1,1,23,13.46,v2_lr,0
157782,2026-10-09,児島,5,3906,4.23,25.8,0.0741,0.2963,27,B1,0.21,4,75,14,5.2,0,0.212,10,6.88,0.65,0.33,33.33,0.6557,1,1,23,3.46,v2_lr,0
157782,2026-10-09,児島,6,5070,3.84,17.3,0,0.0833,12,B1,0.22,2,43,3,4.1,0.1,0.215,10,7.01,0,-0.03,34.5,0.7342,1,1,23,1.02,v2_lr,0
157783,2026-10-09,児島,1,3860,3.75,17,0.0294,0.2059,34,B1,0.18,9,55,17,4.2,0.1,0.16,10,6.88,0.7143,0.02,28.19,0.17,3,3,23,20.14,v2_lr,0
157783,2026-10-09,児島,2,4277,4.96,35.5,0.1897,0.3448,58,B1,0.16,6,69,24,3,0.3,0.166,10,6.87,0.8571,0.11,31.7,0.3787,3,3,23,26.6,v2_lr,1
157783,2026-10-09,児島,3,4485,5.26,32.7,0.25,0.4091,44,B1,0.17,9,67,22,4.3,0.1,0.208,10,6.86,1,0.09,28.64,0.1968,3,3,23,25.93,v2_lr,0
157783,2026-10-09,児島,4,3746,5.68,37.2,0.2051,0.4017,117,A2,0.18,4,84,27,4,0,0.195,10,6.93,0,0.13,37.61,0.7301,3,3,23,11.45,v2_lr,0
157783,2026-10-09,児島,5,4644,6.33,48.7,0.1304,0.2174,23,A1,0.15,7,55,17,3,0.2,0.15,10,6.87,0.8571,-0.06,25.33,0,3,3,23,6.3,v2_lr,0
157783,2026-10-09,児島,6,4872,4.5,25.6,0.3103,0.4138,29,B1,0.15,0,61,3,4.3,0.2,0.248,10,6.91,0.2857,0.07,42.15,1,3,3,23,9.59,v2_lr,0
157784,2026-10-09,児島,1,4128,5.11,29.5,0.1053,0.2105,19,B1,0.15,21,51,28,3.7,0.1,0.128,10,6.77,0.8571,-0.03,47.32,1,2,3,24,34.13,v2_lr,0
157784,2026-10-09,児島,2,4553,6.26,42.7,0.2917,0.4583,24,A2,0.13,16,75,44,4.5,0,0.149,10,6.76,1,0.06,32.3,0.2448,2,3,24,39.25,v2_lr,0
157784,2026-10-09,児島,3,4006,5.16,35.7,0.0909,0.3636,22,B1,0.18,2,72,27,4.1,0,0.154,10,6.78,0.7143,0.12,34.5,0.3555,2,3,24,13.82,v2_lr,1
157784,2026-10-09,児島,4,5223,4.47,24.1,0.125,0.1875,16,B1,0.15,7,75,20,2.5,0.4,0.139,10,6.82,0.1429,0.24,27.43,0,2,3,24,6.89,v2_lr,0
157784,2026-10-09,児島,5,5081,6.21,44.8,0.1053,0.4211,19,A2,0.16,4,60,11,2.5,0.3,0.166,10,6.78,0.7143,0.16,33.63,0.3117,2,3,24,5.18,v2_lr,0
157784,2026-10-09,児島,6,2538,3.51,7.5,0,0.0833,12,B1,0.22,0,37,1,4.1,0,0.167,10,6.83,0,0.25,28.14,0.0357,2,3,24,0.73,v2_lr,0
157785,2026-10-09,児島,1,3953,3.11,10.8,0.1818,0.3636,11,B2,0.13,13,32,19,4.4,0,0.193,10,6.69,0.88,0.09,35.96,0.4416,3,3,24,32.99,v2_lr,0
157785,2026-10-09,児島,2,3873,4.04,21.1,0.1765,0.3235,34,B1,0.15,9,64,23,2.8,0.3,0.125,10,6.91,0,0.07,34.72,0.3319,3,3,24,22.05,v2_lr,0
157785,2026-10-09,児島,3,3589,4.15,22.8,0.3077,0.4615,13,B1,0.18,4,56,15,3.6,0.1,0.2,10,6.83,0.32,0.09,30.97,0,3,3,24,26.8,v2_lr,0
157785,2026-10-09,児島,4,4058,6.29,46.8,0.12,0.44,25,A1,0.17,2,88,22,2.8,0.3,0.132,10,6.78,0.52,0.19,35.59,0.4088,3,3,24,8.27,v2_lr,1
157785,2026-10-09,児島,5,3748,4.38,19.2,0.0833,0.4167,12,B1,0.16,1,69,7,4,0.2,0.173,10,6.78,0.52,0.08,42.27,1,3,3,24,4.46,v2_lr,0
157785,2026-10-09,児島,6,4538,6.53,53.3,0.1667,0.3333,12,A1,0.18,15,66,21,3,0.3,0.172,10,6.66,1,0.09,39.82,0.7832,3,3,24,5.43,v2_lr,0
157786,2026-10-09,児島,1,4003,5.45,39.3,0,0.5,4,B1,0.2,26,61,39,3.5,0,0.142,10,6.85,0.4483,0.27,34.23,0.7723,3,3,25,17.53,v2_lr,0
157786,2026-10-09,児島,2,4930,5.68,36.2,0.25,0.5,4,A2,0.16,13,78,36,2.9,0.1,0.112,10,6.69,1,0.23,36.32,0.9156,3,3,25,35.91,v2_lr,0
157786,2026-10-09,児島,3,3075,4.31,25.5,0.25,0.5,12,B1,0.16,6,71,16,3.6,0.3,0.158,10,6.94,0.1379,0.3,33.78,0.7414,3,3,25,22.46,v2_lr,1
157786,2026-10-09,児島,4,4095,7.27,60.2,0.1667,0.4167,24,A1,0.14,14,71,34,2.2,0.3,0.166,10,6.83,0.5172,0.06,37.55,1,3,3,25,14.18,v2_lr,0
157786,2026-10-09,児島,5,4580,5.36,34.1,0.1857,0.3286,70,B1,0.18,5,61,16,3.9,0.1,0.154,10,6.87,0.3793,0.06,23.56,0.0405,3,3,25,7.52,v2_lr,0
157786,2026-10-09,児島,6,3839,3.53,11.6,0.1667,0.25,12,B1,0.17,0,52,1,5.5,0,0.194,10,6.98,0,0.29,22.97,0,3,3,25,2.39,v2_lr,0
157787,2026-10-09,児島,1,3945,4.15,21.5,0.1667,0.3333,18,B1,0.21,11,42,17,4.3,0,0.19,10,6.8,0.625,0.26,32.02,0.3925,4,3,25,40.72,v2_lr,1
157787,2026-10-09,児島,2,3812,4.46,21.8,0,0,3,B1,0.17,3,65,20,4,0.1,0.192,10,6.81,0.5625,0.65,37.05,1,4,3,25,12.7,v2_lr,0
157787,2026-10-09,児島,3,5235,3,11.1,0.0833,0.1667,12,B2,0.2,6,58,8,4.1,0.1,0.139,10,6.74,1,0.19,34.68,0.7138,4,3,25,18.18,v2_lr,0
157787,2026-10-09,児島,4,4259,5.62,37.5,0.1515,0.303,33,A2,0.13,6,82,16,3.4,0.2,0.155,10,6.76,0.875,0.06,36.44,0.9263,4,3,25,18.77,v2_lr,0
157787,2026-10-09,児島,5,5096,5.63,36.2,0.1613,0.2903,31,A2,0.16,6,80,23,2.3,0.3,0.102,10,6.89,0.0625,0.08,28.77,0,4,3,25,6.75,v2_lr,0
157787,2026-10-09,児島,6,3542,4,20.6,0.0952,0.2857,21,B1,0.19,0,41,3,3.6,0.2,0.173,10,6.9,0,-0.12,35.71,0.8382,4,3,25,2.89,v2_lr,0
157788,2026-10-09,児島,1,4572,5.23,35.5,0.1875,0.375,16,B1,0.18,41,80,58,4.2,0,0.137,10,6.88,0.5,0.25,31.56,0.1653,3,3,26,25.1,v2_lr,0
157788,2026-10-09,児島,2,3934,4.84,25.2,0.1053,0.2105,38,B1,0.17,9,74,32,3.5,0.1,0.191,10,6.86,0.6429,0.19,35.38,0.3676,3,3,26,16.13,v2_lr,0
157788,2026-10-09,児島,3,4276,5.47,38.5,0.3929,0.4643,28,A2,0.15,18,63,29,1.9,0.6,0.106,10,6.82,0.9286,0.45,28.44,0,3,3,26,27.46,v2_lr,0
157788,2026-10-09,児島,4,4128,5.11,29.5,0.1053,0.2105,19,B1,0.15,4,52,7,3.7,0.1,0.128,10,6.81,1,0.15,47.32,1,3,3,26,8.83,v2_lr,1
157788,2026-10-09,児島,5,3257,6.56,55.5,0.375,0.625,16,A1,0.13,12,37,21,2.2,0.6,0.15,10,6.82,0.9286,0.14,44.2,0.8347,3,3,26,19.8,v2_lr,0
157788,2026-10-09,児島,6,4879,4.97,35.5,0.2,0.28,25,B1,0.23,0,58,5,3.9,0,0.157,10,6.95,0,0.23,38.94,0.5561,3,3,26,2.68,v2_lr,0
157789,2026-10-09,児島,1,4006,5.16,35.7,0.0909,0.3636,22,B1,0.18,19,55,35,4.1,0,0.154,10,6.78,1,0.12,34.5,0.6855,2,3,26,32.77,v2_lr,1
157789,2026-10-09,児島,2,5095,6.15,40,0.2083,0.375,24,A2,0.15,13,60,29,3.7,0.1,0.163,10,6.79,0.9412,0.18,38.46,1,2,3,26,36.25,v2_lr,0
157789,2026-10-09,児島,3,3860,3.75,17,0.0294,0.2059,34,B1,0.18,7,70,17,4.2,0.1,0.16,10,6.87,0.4706,0.24,28.19,0.1843,2,3,26,7.89,v2_lr,0
157789,2026-10-09,児島,4,3873,4.04,21.1,0.1765,0.3235,34,B1,0.15,9,71,19,2.8,0.3,0.125,10,6.86,0.5294,0.11,34.72,0.7029,2,3,26,14.43,v2_lr,0
157789,2026-10-09,児島,5,3893,4.43,22.9,0.1538,0.2308,13,B1,0.18,2,54,7,3.3,0.3,0.121,10,6.95,0,0.13,25.87,0,2,3,26,4.98,v2_lr,0
157789,2026-10-09,児島,6,4583,5.13,28,0.1739,0.3478,23,B1,0.14,0,72,4,3.3,0.1,0.131,10,6.93,0.1176,0.11,29.07,0.2542,2,3,26,3.69,v2_lr,0
157790,2026-10-09,児島,1,4958,6.4,43.4,0.2692,0.5,26,A1,0.14,66,105,81,2.9,0.1,0.15,10,6.85,0.7222,0.13,34.82,0.3444,2,3,26,27.9,v2_lr,1
157790,2026-10-09,児島,2,4872,4.5,25.6,0.3103,0.4138,29,B1,0.15,7,70,18,4.3,0.2,0.248,10,6.8,1,-0.02,42.15,1,2,3,26,28.07,v2_lr,0
157790,2026-10-09,児島,3,4553,6.26,42.7,0.2917,0.4583,24,A2,0.13,5,62,23,4.5,0,0.149,10,6.88,0.5556,0.01,32.3,0.119,2,3,26,21.72,v2_lr,0
157790,2026-10-09,児島,4,3075,4.31,25.5,0.25,0.5,12,B1,0.16,5,69,23,3.6,0.3,0.158,10,6.98,0,0.09,33.78,0.2513,2,3,26,10.66,v2_lr,0
157790,2026-10-09,児島,5,3589,4.15,22.8,0.3077,0.4615,13,B1,0.18,2,59,9,3.6,0.1,0.2,10,6.88,0.5556,0.15,30.97,0,2,3,26,10.85,v2_lr,0
157790,2026-10-09,児島,6,5426,1.23,0,0,0.1,10,B2,,0,83,1,4.3,0,0.158,10,6.87,0.6111,0.13,40.81,0.8801,2,3,26,0.81,v2_lr,0
157791,2026-10-09,児島,1,4348,5.75,35.8,0.0769,0.3846,13,A2,0.17,59,96,82,3.4,0.1,0.129,10,6.78,0.5,0.15,47.53,1,2,3,26,36.23,v2_lr,0
157791,2026-10-09,児島,2,5235,3,11.1,0.0833,0.1667,12,B2,0.2,3,47,8,4.1,0.1,0.139,10,6.81,0.35,0.15,34.68,0.3373,2,3,26,22.28,v2_lr,1
157791,2026-10-09,児島,3,4003,5.45,39.3,0,0.5,4,B1,0.2,6,67,20,3.5,0,0.142,10,6.88,0,0.15,34.23,0.3141,2,3,26,6.86,v2_lr,0
157791,2026-10-09,児島,4,4538,6.53,53.3,0.1667,0.3333,12,A1,0.18,22,69,30,3,0.3,0.172,10,6.68,1,0.11,39.82,0.6024,2,3,26,20.65,v2_lr,0
157791,2026-10-09,児島,5,2538,3.51,7.5,0,0.0833,12,B1,0.22,0,48,1,4.1,0,0.167,10,6.86,0.1,0.17,28.14,0,2,3,26,2.06,v2_lr,0
157791,2026-10-09,児島,6,4302,6.88,57.3,0.2941,0.4706,34,A1,0.14,8,62,22,3,0.3,0.132,10,6.83,0.25,0,32.59,0.2295,2,3,26,11.92,v2_lr,0
157792,2026-10-09,児島,1,4644,6.33,48.7,0.1304,0.2174,23,A1,0.15,49,74,64,3,0.2,0.15,10,6.88,0.3182,0.23,25.33,0,2,3,26,25.42,v2_lr,0
157792,2026-10-09,児島,2,3257,6.56,55.5,0.375,0.625,16,A1,0.13,6,47,19,2.2,0.6,0.15,10,6.73,1,0.02,44.2,1,2,3,26,38.69,v2_lr,0
157792,2026-10-09,児島,3,3748,4.38,19.2,0.0833,0.4167,12,B1,0.16,3,72,8,4,0.2,0.173,10,6.95,0,0.09,42.27,0.8977,2,3,26,10.15,v2_lr,0
157792,2026-10-09,児島,4,5096,5.63,36.2,0.1613,0.2903,31,A2,0.16,10,75,23,2.3,0.3,0.102,10,6.88,0.3182,0.25,28.77,0.1823,2,3,26,9.17,v2_lr,0
157792,2026-10-09,児島,6,5223,4.47,24.1,0.125,0.1875,16,B1,0.15,0,67,4,2.5,0.4,0.139,10,6.8,0.6818,0.21,27.43,0.1113,2,3,26,2.68,v2_lr,1
157793,2026-10-09,児島,1,4095,7.27,60.2,0.1667,0.4167,24,A1,0.14,70,98,83,2.2,0.3,0.166,10,6.83,0.375,0.34,37.55,1,1,1,26,26.62,v2_lr,0
157793,2026-10-09,児島,2,4259,5.62,37.5,0.1515,0.303,33,A2,0.13,13,85,40,3.4,0.2,0.155,10,6.78,1,0.16,36.44,0.8782,1,1,26,24.27,v2_lr,0
157793,2026-10-09,児島,3,4277,4.96,35.5,0.1897,0.3448,58,B1,0.16,12,68,20,3,0.3,0.166,10,6.79,0.875,0.08,31.7,0.3578,1,1,26,19.3,v2_lr,1
157793,2026-10-09,児島,4,4276,5.47,38.5,0.3929,0.4643,28,A2,0.15,24,69,36,1.9,0.6,0.106,10,6.83,0.375,0.14,28.44,0,1,1,26,24.32,v2_lr,0
157793,2026-10-09,児島,5,4058,6.29,46.8,0.12,0.44,25,A1,0.17,2,76,20,2.8,0.3,0.132,10,6.86,0,0.22,35.59,0.7849,1,1,26,3.38,v2_lr,0
157793,2026-10-09,児島,6,5081,6.21,44.8,0.1053,0.4211,19,A2,0.16,0,57,5,2.5,0.3,0.166,10,6.81,0.625,0.29,33.63,0.5697,1,1,26,2.1,v2_lr,0
157794,2026-10-09,若松,1,3776,3.35,12.3,0,0,19,B1,0.19,7,53,13,5.1,0,0.182,10,6.84,1,-0.11,21.69,0,4,4,25,29.63,v2_lr,0
157794,2026-10-09,若松,2,3579,4.38,22.2,0.0435,0.1739,23,B1,0.2,7,57,16,3.7,0.1,0.133,10,6.89,0.4444,-0.04,34.69,0.7395,4,4,25,22.37,v2_lr,1
157794,2026-10-09,若松,3,3340,4.79,27.3,0.2,0.2667,15,B1,0.17,4,68,19,4,0.1,0.235,10,6.89,0.4444,-0.07,31.38,0.5512,4,4,25,30.58,v2_lr,0
157794,2026-10-09,若松,4,4181,4.11,19.5,0.125,0.25,24,B1,0.18,1,73,6,3.9,0.1,0.207,10,6.93,0,0.05,37.5,0.8993,4,4,25,10.93,v2_lr,0
157794,2026-10-09,若松,5,5380,1.21,0,0,0,11,B2,,0,83,0,5.7,0,0.232,10,6.86,0.7778,-0.03,29.27,0.4312,4,4,25,3.16,v2_lr,0
157794,2026-10-09,若松,6,3419,2.7,9,0.125,0.375,8,B2,0.21,0,26,0,5,0.1,0.198,10,6.92,0.1111,0.07,39.27,1,4,4,25,3.32,v2_lr,0
157795,2026-10-09,若松,1,3910,4.13,18.2,0.1304,0.2174,23,B1,0.13,17,52,26,3.7,0.1,0.185,10,6.86,1,0.11,35.53,0.9932,3,3,24,42.99,v2_lr,0
157795,2026-10-09,若松,2,3892,4.71,23.2,0,0.3333,6,B1,0.16,8,70,28,3,0.2,0.132,10,6.88,0.6667,0.03,32.6,0.5957,3,3,24,17.85,v2_lr,0
157795,2026-10-09,若松,3,4158,5,30.3,0.0909,0.1818,22,B1,0.19,2,65,17,4.2,0.2,0.173,10,6.91,0.1667,0.07,35.58,1,3,3,24,15.81,v2_lr,0
157795,2026-10-09,若松,4,4919,3.92,13.6,0.16,0.44,25,B1,0.18,4,60,12,3.8,0.1,0.145,10,6.89,0.5,-0.05,32.61,0.597,3,3,24,16.67,v2_lr,0
157795,2026-10-09,若松,5,4648,4.45,25.9,0.0526,0.2632,19,B1,0.18,2,63,8,4,0,0.134,10,6.92,0,-0.03,30.46,0.3053,3,3,24,3.25,v2_lr,1
157795,2026-10-09,若松,6,4842,6.07,43.4,0.1,0.35,20,A2,0.16,4,60,8,3.2,0.3,0.185,10,6.89,0.5,-0.12,28.21,0,3,3,24,3.42,v2_lr,0
157796,2026-10-09,若松,1,5209,3.35,7.6,0.0556,0.1111,18,B1,0.22,2,18,5,3.6,0.2,0.117,10,6.87,1,0.12,35.91,0.8724,4,4,24,29.01,v2_lr,1
157796,2026-10-09,若松,2,4778,5.44,38.2,0.25,0.4,20,B1,0.19,10,61,29,3.5,0.2,0.179,10,6.94,0,0.07,30.1,0,4,4,24,30.16,v2_lr,0
157796,2026-10-09,若松,3,3566,5.21,31.1,0.0612,0.2653,49,B1,0.17,7,69,21,4.8,0,0.223,10,6.89,0.7143,0.01,32.29,0.3288,4,4,24,12.79,v2_lr,0
157796,2026-10-09,若松,4,3578,3.8,19,0.1667,0.25,12,B1,0.2,3,52,6,4.7,0,0.203,10,6.94,0,0.13,33.5,0.5105,4,4,24,9.72,v2_lr,0
157796,2026-10-09,若松,5,4964,5.52,35.4,0.1667,0.5,6,A2,0.17,1,36,10,2.9,0.1,0.139,10,6.87,1,-0.02,36.76,1,4,4,24,11.48,v2_lr,0
157796,2026-10-09,若松,6,4025,6.63,51,0.2222,0.5556,18,A1,0.19,6,66,15,3.1,0.3,0.16,10,6.91,0.4286,-0.01,34.64,0.6817,4,4,24,6.84,v2_lr,0
157797,2026-10-09,若松,1,5276,4.97,23.3,0.1538,0.3462,26,B1,0.18,29,61,41,2.9,0.2,0.17,10,6.85,0.875,0.09,43.02,0.9964,4,4,24,32.27,v2_lr,1
157797,2026-10-09,若松,2,5037,5.4,38,0.2778,0.3889,18,B1,0.16,17,59,30,2.6,0.3,0.172,10,6.84,1,0.21,43.07,1,4,4,24,33.78,v2_lr,0
157797,2026-10-09,若松,3,4123,6.48,45.5,0.2941,0.5882,17,A1,0.2,15,75,36,3.1,0.2,0.178,10,6.9,0.25,0.21,29.02,0,4,4,24,24.29,v2_lr,0
157797,2026-10-09,若松,4,5395,2.25,6.4,0,0,9,B1,,2,28,4,5,0,0.195,10,6.92,0,0.11,30.48,0.1039,4,4,24,2.36,v2_lr,0
157797,2026-10-09,若松,5,5131,3.83,16.1,0.0333,0.1,30,B1,0.19,0,60,3,4.3,0,0.195,10,6.88,0.5,0.31,36.65,0.5431,4,4,24,2.2,v2_lr,0
157797,2026-10-09,若松,6,4451,6.04,42.3,0.2295,0.4262,61,A2,0.14,3,75,13,2.8,0.3,0.14,10,6.9,0.25,0.15,36.9,0.5609,4,4,24,5.09,v2_lr,0
157798,2026-10-09,若松,1,3905,6.13,44.7,0.1429,0.2857,7,A2,0.15,60,91,80,3.4,0.1,0.143,10,6.89,1,0.04,36.45,0.7271,4,4,24,39.18,v2_lr,1
157798,2026-10-09,若松,2,4376,5.64,39.8,0.1786,0.3214,28,A2,0.14,13,94,46,3.4,0,0.139,10,6.94,0.4444,0.24,26.14,0,4,4,24,27.48,v2_lr,0
157798,2026-10-09,若松,3,5240,5.18,36.6,0,0.3333,9,B1,0.16,6,67,22,3.6,0,0.168,10,6.89,1,0.03,40.32,1,4,4,24,11.73,v2_lr,0
157798,2026-10-09,若松,4,4695,5.49,40.9,0.175,0.25,40,A2,0.15,10,71,22,3.6,0.3,0.17,10,6.91,0.7778,0.04,32.84,0.4725,4,4,24,16.63,v2_lr,0
157798,2026-10-09,若松,5,5148,5.53,32.3,0.1081,0.2703,37,B1,0.17,0,49,4,4.1,0.1,0.176,10,6.98,0,0.1,27.17,0.0726,4,4,24,4,v2_lr,0
157798,2026-10-09,若松,6,5367,2.23,8.9,0,0,15,B2,,0,112,1,5.4,0,0.191,10,6.94,0.4444,0.28,33.33,0.5071,4,4,24,0.98,v2_lr,0
157799,2026-10-09,若松,1,4261,6.07,40,0.3043,0.5652,23,A2,0.16,69,98,85,3,0.1,0.125,10,6.88,1,0.04,52.22,1,3,3,24,40.56,v2_lr,1
157799,2026-10-09,若松,2,4992,4.97,31.1,0.2778,0.3889,18,B1,0.15,10,75,25,3.8,0.3,0.139,10,6.89,0.8333,0.08,38.1,0.4341,3,3,24,35.16,v2_lr,0
157799,2026-10-09,若松,3,5027,4.9,31,0.1176,0.5294,17,B1,0.2,7,69,23,2.9,0.2,0.164,10,6.94,0,0.13,30.85,0.1435,3,3,24,10.53,v2_lr,0
157799,2026-10-09,若松,4,5301,4.9,26,0.1875,0.3125,16,B1,0.17,3,59,4,2.6,0.3,0.144,10,6.94,0,0.21,27.27,0,3,3,24,9.42,v2_lr,0
157799,2026-10-09,若松,5,3579,4.38,22.2,0.0435,0.1739,23,B1,0.2,4,52,7,3.7,0.1,0.133,10,6.91,0.5,0.15,34.69,0.2974,3,3,24,2.74,v2_lr,0
157799,2026-10-09,若松,6,3949,3.75,15,0.1111,0.2222,18,B1,0.17,0,52,4,3.9,0.1,0.159,10,6.94,0,0.31,35.53,0.3311,3,3,24,1.6,v2_lr,0
157800,2026-10-09,若松,1,4677,6.58,45.8,0.28,0.44,25,A1,0.17,51,85,68,3.7,0.2,0.129,10,6.89,1,-0.01,25.79,0,3,3,24,37.51,v2_lr,1
157800,2026-10-09,若松,2,3578,3.8,19,0.1667,0.25,12,B1,0.2,3,57,11,4.7,0,0.203,10,6.96,0,0.08,33.5,0.6105,3,3,24,21.38,v2_lr,0
157800,2026-10-09,若松,3,4287,5.77,37.9,0.2879,0.4848,66,A2,0.17,13,78,35,2.6,0.4,0.139,10,6.93,0.4286,0.07,38.42,1,3,3,24,28.43,v2_lr,0
157800,2026-10-09,若松,4,3910,4.13,18.2,0.1304,0.2174,23,B1,0.13,5,66,9,3.7,0.1,0.185,10,6.95,0.1429,0.28,35.53,0.7712,3,3,24,7.22,v2_lr,0
157800,2026-10-09,若松,5,5209,3.35,7.6,0.0556,0.1111,18,B1,0.22,2,45,3,3.6,0.2,0.117,10,6.94,0.2857,0.07,35.91,0.8013,3,3,24,3.02,v2_lr,0
157800,2026-10-09,若松,6,4181,4.11,19.5,0.125,0.25,24,B1,0.18,0,47,3,3.9,0.1,0.207,10,6.95,0.1429,0.13,37.5,0.9272,3,3,24,2.43,v2_lr,0
157801,2026-10-09,若松,1,4842,6.07,43.4,0.1,0.35,20,A2,0.16,37,64,50,3.2,0.3,0.185,10,6.9,0.8571,0,28.21,0.4326,2,2,23,34.11,v2_lr,0
157801,2026-10-09,若松,2,4964,5.52,35.4,0.1667,0.5,6,A2,0.17,10,34,15,2.9,0.1,0.139,10,6.91,0.7143,0.12,36.76,1,2,2,23,31.95,v2_lr,1
157801,2026-10-09,若松,3,4778,5.44,38.2,0.25,0.4,20,B1,0.19,13,56,24,3.5,0.2,0.179,10,6.96,0,0.01,30.1,0.5581,2,2,23,26.55,v2_lr,0
157801,2026-10-09,若松,4,3776,3.35,12.3,0,0,19,B1,0.19,1,68,7,5.1,0,0.182,10,6.92,0.5714,0.23,21.69,0,2,2,23,3.74,v2_lr,0
157801,2026-10-09,若松,5,3892,4.71,23.2,0,0.3333,6,B1,0.16,3,64,11,3,0.2,0.132,10,6.94,0.2857,0.04,32.6,0.724,2,2,23,2.41,v2_lr,0
157801,2026-10-09,若松,6,5380,1.21,0,0,0,11,B2,,0,129,0,5.7,0,0.232,10,6.89,1,0.31,29.27,0.503,2,2,23,1.24,v2_lr,0
157802,2026-10-09,若松,1,4496,7.01,62.3,0.1852,0.4815,27,A1,0.16,61,99,80,3.3,0.1,0.213,10,6.87,0,-0.13,26.06,0,1,1,23,41.74,v2_lr,0
157802,2026-10-09,若松,2,4648,4.45,25.9,0.0526,0.2632,19,B1,0.18,6,68,25,4,0,0.134,10,6.87,0,-0.03,30.46,0.4155,1,1,23,18.24,v2_lr,1
157802,2026-10-09,若松,3,4919,3.92,13.6,0.16,0.44,25,B1,0.18,5,58,14,3.8,0.1,0.145,10,6.87,0,-0.05,32.61,0.6185,1,1,23,21.92,v2_lr,0
157802,2026-10-09,若松,4,5131,3.83,16.1,0.0333,0.1,30,B1,0.19,3,64,7,4.3,0,0.195,10,6.84,1,0.31,36.65,1,1,1,23,8.26,v2_lr,0
157802,2026-10-09,若松,5,4695,5.49,40.9,0.175,0.25,40,A2,0.15,5,73,11,3.6,0.3,0.17,10,6.87,0,0.02,32.84,0.6402,1,1,23,8.41,v2_lr,0
157802,2026-10-09,若松,6,5395,2.25,6.4,0,0,9,B1,,1,91,3,5,0,0.195,10,6.86,0.3333,-0.09,30.48,0.4174,1,1,23,1.43,v2_lr,0
157803,2026-10-09,若松,1,4025,6.63,51,0.2222,0.5556,18,A1,0.19,70,101,84,3.1,0.3,0.16,10,6.83,0.8182,0.09,34.64,0.2954,2,2,23,27.11,v2_lr,1
157803,2026-10-09,若松,2,5301,4.9,26,0.1875,0.3125,16,B1,0.17,8,75,19,2.6,0.3,0.144,10,6.82,0.9091,0.17,27.27,0,2,2,23,21.01,v2_lr,0
157803,2026-10-09,若松,3,4261,6.07,40,0.3043,0.5652,23,A2,0.16,9,74,31,3,0.1,0.125,10,6.81,1,-0.01,52.22,1,2,2,23,25.69,v2_lr,0
157803,2026-10-09,若松,4,3905,6.13,44.7,0.1429,0.2857,7,A2,0.15,8,74,24,3.4,0.1,0.143,10,6.85,0.6364,0.05,36.45,0.3679,2,2,23,8.37,v2_lr,0
157803,2026-10-09,若松,5,5037,5.4,38,0.2778,0.3889,18,B1,0.16,4,55,12,2.6,0.3,0.172,10,6.83,0.8182,-0.01,43.07,0.6333,2,2,23,12.61,v2_lr,0
157803,2026-10-09,若松,6,4123,6.48,45.5,0.2941,0.5882,17,A1,0.2,5,70,20,3.1,0.2,0.178,10,6.92,0,0.09,29.02,0.0701,2,2,23,5.22,v2_lr,0
157804,2026-10-09,若松,1,3721,6.27,42.7,0.2667,0.5333,15,A1,0.14,86,107,95,2.3,0.5,0.134,10,6.98,0,-0.01,37.98,0.8363,3,3,23,26.09,v2_lr,1
157804,2026-10-09,若松,2,4736,6.7,54.3,0.2857,0.5714,35,A1,0.14,13,69,38,1.9,0.3,0.088,10,6.87,0.7333,0.09,31.98,0.1769,3,3,23,24.47,v2_lr,0
157804,2026-10-09,若松,4,4748,6.64,52,0.2667,0.5333,15,A1,0.16,7,77,32,2.2,0.3,0.162,10,6.86,0.8,0.3,39.47,1,3,3,23,15.01,v2_lr,0
157804,2026-10-09,若松,5,4900,5.34,33,0.2,0.4,20,B1,0.18,2,64,11,2.6,0.2,0.147,10,6.83,1,0.07,35.5,0.5637,3,3,23,8.12,v2_lr,0
157804,2026-10-09,若松,6,4388,5.94,38.6,0.2857,0.4286,7,A2,0.17,2,73,9,3.5,0.2,0.119,10,6.9,0.5333,0.16,30.37,0,3,3,23,5.76,v2_lr,0
157805,2026-10-09,若松,1,4451,6.04,42.3,0.2295,0.4262,61,A2,0.14,70,115,99,2.8,0.3,0.14,10,6.91,0,-0.02,36.9,0.6448,3,3,23,33.39,v2_lr,0
157805,2026-10-09,若松,2,5276,4.97,23.3,0.1538,0.3462,26,B1,0.18,9,77,27,2.9,0.2,0.17,10,6.84,1,0.04,43.02,1,3,3,23,28.55,v2_lr,1
157805,2026-10-09,若松,3,4677,6.58,45.8,0.28,0.44,25,A1,0.17,8,51,22,3.7,0.2,0.129,10,6.87,0.5714,0.03,25.79,0,3,3,23,27.28,v2_lr,0
157805,2026-10-09,若松,4,5240,5.18,36.6,0,0.3333,9,B1,0.16,2,61,11,3.6,0,0.168,10,6.89,0.2857,0.06,40.32,0.8433,3,3,23,3.65,v2_lr,0
157805,2026-10-09,若松,5,5027,4.9,31,0.1176,0.5294,17,B1,0.2,7,65,12,2.9,0.2,0.164,10,6.9,0.1429,-0.05,30.85,0.2937,3,3,23,4.17,v2_lr,0
157805,2026-10-09,若松,6,4376,5.64,39.8,0.1786,0.3214,28,A2,0.14,1,80,9,3.4,0,0.139,10,6.89,0.2857,0.25,26.14,0.0203,3,3,23,2.97,v2_lr,0
157806,2026-10-09,唐津,1,4464,6.28,42.5,0.05,0.15,20,A1,0.18,31,57,38,2.7,0.1,0.222,10,6.7,0.5333,0.25,22.22,0,1,1,23,23.54,v2_lr,1
157806,2026-10-09,唐津,2,4092,5.04,28.7,0.1268,0.3099,71,B1,0.17,7,73,22,3.2,0.2,0.164,10,6.63,1,0.11,33.33,0.3999,1,1,23,28.39,v2_lr,0
157806,2026-10-09,唐津,3,4565,3.63,12.3,0.05,0.15,20,B1,0.18,5,67,15,4.3,0,0.171,10,6.76,0.1333,0.34,50,1,1,1,23,8.59,v2_lr,0
157806,2026-10-09,唐津,4,4438,4.95,32.5,0.4211,0.6316,19,B1,0.13,23,85,39,4,0.1,0.123,10,6.65,0.8667,0.07,22.22,0,1,1,23,37.27,v2_lr,0
157806,2026-10-09,唐津,5,5053,3.99,21.8,0,0.5,2,B1,0.17,3,65,8,3.2,0.2,0.153,10,6.78,0,0.25,33.33,0.3999,1,1,23,1.45,v2_lr,0
157806,2026-10-09,唐津,6,5347,1.82,0,0,0,1,B2,,0,111,0,5.5,0,0.191,10,6.77,0.0667,0.15,23.08,0.031,1,1,23,0.77,v2_lr,0
157807,2026-10-09,唐津,1,3717,5.55,30.5,0.12,0.32,25,A2,0.2,34,64,48,3.5,0.2,0.129,10,6.68,0.6667,0.11,29.41,1,1,1,18,37.07,v2_lr,1
157807,2026-10-09,唐津,2,3967,4.53,28,0,0.125,16,B1,0.21,1,67,29,3.8,0,0.206,10,6.75,0.2,0.16,28.57,0.9714,1,1,18,12.78,v2_lr,0
157807,2026-10-09,唐津,3,3576,6.75,47.8,0.25,0.3125,16,A1,0.16,8,64,28,3,0.3,0.157,10,6.69,0.6,0.08,0,0,1,1,18,30.81,v2_lr,0
157807,2026-10-09,唐津,4,5124,4.16,16.2,0.1026,0.2308,78,B1,0.18,3,55,6,5.2,0,0.142,10,6.63,1,-0.11,11.11,0.3778,1,1,18,13.73,v2_lr,0
157807,2026-10-09,唐津,5,4449,3.93,23.6,0.0588,0.0588,17,B1,0.19,4,67,9,4.5,0,0.139,10,6.78,0,-0.02,22.22,0.7555,1,1,18,3.33,v2_lr,0
157807,2026-10-09,唐津,6,4669,5.22,31.3,0.0556,0.1111,18,B1,0.14,0,45,3,3.8,0.1,0.169,10,6.71,0.4667,0.08,25,0.8501,1,1,18,2.29,v2_lr,0
157808,2026-10-09,唐津,1,3747,5.47,36.3,0,0.1,10,A2,0.18,35,69,54,4.1,0.1,0.122,10,6.65,0.5,0.34,50,1,1,1,19,16.79,v2_lr,1
157808,2026-10-09,唐津,2,4035,4.02,22.9,0.2,0.2,10,B1,0.23,5,83,18,4.1,0.1,0.222,10,6.7,0,0.13,22.22,0,1,1,19,22.95,v2_lr,0
157808,2026-10-09,唐津,3,5230,4.55,30.9,0.2,0.2,10,B1,0.21,6,56,20,3.8,0.2,0.178,10,6.6,1,0.36,33.33,0.3999,1,1,19,20.86,v2_lr,0
157808,2026-10-09,唐津,5,3809,3.86,12.3,0.0444,0.1111,45,B1,0.12,1,61,5,3.8,0,0.172,10,6.69,0.1,0.22,22.22,0,1,1,19,2.02,v2_lr,0
157808,2026-10-09,唐津,6,4257,4.45,24.7,0.2353,0.4118,17,B1,0.15,3,46,5,3.7,0.1,0.122,10,6.69,0.1,0.22,38.46,0.5846,1,1,19,4.65,v2_lr,0
157809,2026-10-09,唐津,1,5071,4.83,25,0.1429,0.2857,7,B1,0.13,21,46,25,3.4,0.1,0.151,10,6.67,0.7273,0.15,44.44,0.9693,2,2,20,29.14,v2_lr,1
157809,2026-10-09,唐津,2,4053,6.08,43.2,0.5,0.5,2,A2,0.15,14,73,38,3.4,0.2,0.161,10,6.66,0.8182,0.17,45.45,1,2,2,20,37.95,v2_lr,0
157809,2026-10-09,唐津,3,4440,4.89,23.5,0.0833,0.3333,12,B1,0.16,6,76,17,3.3,0,0.121,10,6.75,0,0.18,33.33,0.6322,2,2,20,8.53,v2_lr,0
157809,2026-10-09,唐津,4,4434,6.14,45.8,0.1429,0.4286,21,A2,0.15,10,75,28,3.8,0.1,0.198,10,6.64,1,0.04,12.5,0,2,2,20,11.01,v2_lr,0
157809,2026-10-09,唐津,5,4356,5.84,44.9,0.2727,0.3636,11,A2,0.14,3,64,19,2.2,0.3,0.155,10,6.69,0.5455,-0.02,20,0.2276,2,2,20,12.62,v2_lr,0
157809,2026-10-09,唐津,6,5462,0,0,0,0,18,B2,,0,36,0,5.7,0,0.146,10,6.69,0.5455,0.09,22.22,0.295,2,2,20,0.75,v2_lr,0
157810,2026-10-09,唐津,1,3900,6.16,44.2,0.2273,0.3636,22,A2,0.2,50,81,70,3.3,0,0.123,10,6.69,0.4444,0.1,22.22,0,1,1,21,22.3,v2_lr,1
157810,2026-10-09,唐津,2,3463,5.13,23.3,0.5,1,2,B1,0.19,3,67,18,3.2,0.2,0.141,10,6.7,0.3333,0.35,25,0.0671,1,1,21,25.78,v2_lr,0
157810,2026-10-09,唐津,3,4342,6.21,44.6,1,1,1,A2,0.17,18,68,36,2.2,0.3,0.108,10,6.73,0,0.23,50,0.6707,1,1,21,27.47,v2_lr,0
157810,2026-10-09,唐津,4,4943,4.07,17.8,0.5,0.5,2,B1,0.17,6,52,11,3.4,0.2,0.125,10,6.72,0.1111,0.27,25,0.0671,1,1,21,21.5,v2_lr,0
157810,2026-10-09,唐津,5,3614,4.37,22.8,0,0,2,B1,0.17,5,74,8,3.3,0.3,0.141,10,6.64,1,-0.03,63.64,1,1,1,21,2.23,v2_lr,0
157811,2026-10-09,唐津,1,5048,4.18,18.8,0.0909,0.0909,11,B1,0.17,19,46,22,4.6,0.1,0.22,10,6.7,0.75,0.19,66.67,1,1,1,22,43.72,v2_lr,0
157811,2026-10-09,唐津,2,4676,5.57,33.9,0,0.25,12,A2,0.18,6,72,20,3.7,0.2,0.153,10,6.82,0,0.13,50,0.75,1,1,22,15.43,v2_lr,0
157811,2026-10-09,唐津,3,4015,6.09,40,0.1481,0.3333,27,A2,0.16,8,71,27,2.9,0.1,0.154,10,6.77,0.3125,0.3,0,0,1,1,22,20.57,v2_lr,0
157811,2026-10-09,唐津,4,4092,5.04,28.7,0.1268,0.3099,71,B1,0.17,9,66,14,3.2,0.2,0.164,10,6.71,0.6875,0.1,33.33,0.4999,1,1,22,15.92,v2_lr,1
157811,2026-10-09,唐津,5,5428,1.1,0,0,0,29,B2,,0,34,0,5.9,0,0.211,10,6.66,1,0.16,6.25,0.0937,1,1,22,3.2,v2_lr,0
157811,2026-10-09,唐津,6,3967,4.53,28,0,0.125,16,B1,0.21,0,51,4,3.8,0,0.206,10,6.79,0.1875,0.31,28.57,0.4285,1,1,22,1.16,v2_lr,0
157812,2026-10-09,唐津,1,3617,4.16,26.4,0.1299,0.2468,77,B1,0.19,25,52,29,4.7,0,0.169,10,6.67,1,0.09,50,1,2,2,23,24.6,v2_lr,1
157812,2026-10-09,唐津,2,4669,5.22,31.3,0.0556,0.1111,18,B1,0.14,3,65,17,3.8,0.1,0.169,10,6.79,0.4545,0.09,25,0.5,2,2,23,12.21,v2_lr,0
157812,2026-10-09,唐津,3,4438,4.95,32.5,0.4211,0.6316,19,B1,0.13,11,82,28,4,0.1,0.123,10,6.77,0.5455,0.05,22.22,0.4444,2,2,23,27.96,v2_lr,0
157812,2026-10-09,唐津,4,4584,6.68,48.6,0.5,0.6667,12,A1,0.14,12,70,24,2.6,0.2,0.112,10,6.78,0.5,0.18,44.44,0.8888,2,2,23,27.98,v2_lr,0
157812,2026-10-09,唐津,5,4035,4.02,22.9,0.2,0.2,10,B1,0.23,5,83,9,4.1,0.1,0.222,10,6.83,0.2727,-0.07,22.22,0.4444,2,2,23,6.4,v2_lr,0
157812,2026-10-09,唐津,6,3539,3.8,18.1,0.0357,0.2857,28,B1,0.18,1,51,7,4.3,0,0.147,10,6.89,0,-0.12,0,0,2,2,23,0.85,v2_lr,0
157813,2026-10-09,唐津,1,3809,3.86,12.3,0.0444,0.1111,45,B1,0.12,12,39,18,3.8,0,0.172,10,6.78,0.6364,0.11,22.22,0,2,2,23,36.05,v2_lr,0
157813,2026-10-09,唐津,2,4449,3.93,23.6,0.0588,0.0588,17,B1,0.19,1,70,10,4.5,0,0.139,10,6.74,1,0.01,22.22,0,2,2,23,30.42,v2_lr,1
157813,2026-10-09,唐津,3,5053,3.99,21.8,0,0.5,2,B1,0.17,8,70,25,3.2,0.2,0.153,10,6.77,0.7273,0.03,33.33,0.5,2,2,23,12.81,v2_lr,0
157813,2026-10-09,唐津,4,3499,6.57,50.4,0.1667,0.3333,12,A1,0.17,4,69,18,2.7,0.2,0.147,10,6.83,0.1818,0.16,33.33,0.5,2,2,23,16.61,v2_lr,0
157813,2026-10-09,唐津,5,5462,0,0,0,0,18,B2,,0,18,0,5.7,0,0.146,10,6.77,0.7273,0.11,22.22,0,2,2,23,2.65,v2_lr,0
157813,2026-10-09,唐津,6,5107,4.79,32.2,0,0,11,B1,0.18,2,38,4,4.7,0,0.198,10,6.85,0,0.16,44.44,1,2,2,23,1.46,v2_lr,0
157814,2026-10-09,唐津,1,5230,4.55,30.9,0.2,0.2,10,B1,0.21,18,39,24,3.8,0.2,0.178,10,6.63,1,-0.09,33.33,0.5333,2,2,23,30.26,v2_lr,1
157814,2026-10-09,唐津,2,3576,6.75,47.8,0.25,0.3125,16,A1,0.16,12,68,37,3,0.3,0.157,10,6.75,0.3333,0.03,0,0,2,2,23,25.57,v2_lr,0
157814,2026-10-09,唐津,3,4356,5.84,44.9,0.2727,0.3636,11,A2,0.14,15,71,35,2.2,0.3,0.155,10,6.81,0,-0.05,20,0.32,2,2,23,20.57,v2_lr,0
157814,2026-10-09,唐津,4,5347,1.82,0,0,0,1,B2,,0,65,0,5.5,0,0.191,10,6.8,0.0556,0.35,23.08,0.3693,2,2,23,1.84,v2_lr,0
157814,2026-10-09,唐津,5,4527,4.06,20,0.0476,0.1429,21,B1,0.15,0,60,3,3.6,0.1,0.157,10,6.77,0.2222,0.32,62.5,1,2,2,23,1.98,v2_lr,0
157814,2026-10-09,唐津,6,3463,5.13,23.3,0.5,1,2,B1,0.19,1,46,5,3.2,0.2,0.141,10,6.79,0.1111,-0.02,25,0.4,2,2,23,19.78,v2_lr,0
157815,2026-10-09,唐津,1,3614,4.37,22.8,0,0,2,B1,0.17,17,61,28,3.3,0.3,0.141,10,6.71,0.5,0.06,63.64,1,2,2,23,24.03,v2_lr,0
157815,2026-10-09,唐津,2,3944,6.41,48,0.2,0.2,5,A1,0.15,11,71,41,3.4,0.3,0.155,10,6.67,0.9,0.01,36.36,0.5713,2,2,23,37.84,v2_lr,1
157815,2026-10-09,唐津,3,3747,5.47,36.3,0,0.1,10,A2,0.18,5,66,24,4.1,0.1,0.122,10,6.73,0.3,0.02,50,0.7857,2,2,23,8.7,v2_lr,0
157815,2026-10-09,唐津,4,4015,6.09,40,0.1481,0.3333,27,A2,0.16,3,70,19,2.9,0.1,0.154,10,6.76,0,0.09,0,0,2,2,23,9.57,v2_lr,0
157815,2026-10-09,唐津,5,4045,4.3,27.9,0.3,0.7,10,B1,0.15,2,67,14,3,0.4,0.161,10,6.73,0.3,0.06,11.76,0.1848,2,2,23,15.8,v2_lr,0
157815,2026-10-09,唐津,6,5124,4.16,16.2,0.1026,0.2308,78,B1,0.18,1,43,2,5.2,0,0.142,10,6.66,1,-0.03,11.11,0.1746,2,2,23,4.07,v2_lr,0
157816,2026-10-09,唐津,1,4342,6.21,44.6,1,1,1,A2,0.17,62,77,69,2.2,0.3,0.108,10,6.75,0.3333,0.19,50,0.5526,3,3,23,37.13,v2_lr,1
157816,2026-10-09,唐津,2,4264,6.93,54.4,0.36,0.6,25,A1,0.15,7,84,42,3.4,0.1,0.169,10,6.81,0,0.21,55.56,0.7018,3,3,23,30.71,v2_lr,0
157816,2026-10-09,唐津,3,5071,4.83,25,0.1429,0.2857,7,B1,0.13,6,60,18,3.4,0.1,0.151,10,6.74,0.3889,-0.09,44.44,0.4034,3,3,23,14.83,v2_lr,0
157816,2026-10-09,唐津,4,3717,5.55,30.5,0.12,0.32,25,A2,0.2,6,51,15,3.5,0.2,0.129,10,6.77,0.2222,0.01,29.41,0,3,3,23,6.76,v2_lr,0
157816,2026-10-09,唐津,5,5048,4.18,18.8,0.0909,0.0909,11,B1,0.17,4,60,12,4.6,0.1,0.22,10,6.63,1,-0.07,66.67,1,3,3,23,5.9,v2_lr,0
157816,2026-10-09,唐津,6,4949,5.83,36.8,0.2258,0.3333,93,A2,0.15,7,70,14,2,0.7,0.133,10,6.75,0.3333,0.05,33.33,0.1052,3,3,23,4.67,v2_lr,0
157817,2026-10-09,唐津,1,3499,6.57,50.4,0.1667,0.3333,12,A1,0.17,59,86,71,2.7,0.2,0.147,10,6.81,0,0.23,33.33,0.3999,2,2,24,18.8,v2_lr,1
157817,2026-10-09,唐津,2,4257,4.45,24.7,0.2353,0.4118,17,B1,0.15,3,56,23,3.7,0.1,0.122,10,6.8,0.1429,0.24,38.46,0.5846,2,2,24,18.53,v2_lr,0
157817,2026-10-09,唐津,3,4584,6.68,48.6,0.5,0.6667,12,A1,0.14,16,69,38,2.6,0.2,0.112,10,6.77,0.5714,0.07,44.44,0.7999,2,2,24,26.88,v2_lr,0
157817,2026-10-09,唐津,4,3900,6.16,44.2,0.2273,0.3636,22,A2,0.2,8,68,25,3.3,0,0.123,10,6.77,0.5714,0.03,22.22,0,2,2,24,11.07,v2_lr,0
157817,2026-10-09,唐津,5,4053,6.08,43.2,0.5,0.5,2,A2,0.15,5,68,18,3.4,0.2,0.161,10,6.74,1,0.07,45.45,0.8362,2,2,24,23.52,v2_lr,0
157817,2026-10-09,唐津,6,4565,3.63,12.3,0.05,0.15,20,B1,0.18,1,56,4,4.3,0,0.171,10,6.77,0.5714,0.18,50,1,2,2,24,1.21,v2_lr,0
157818,2026-10-09,大村,1,5261,4.34,24.4,0.0968,0.2097,62,B1,0.17,14,37,23,4,0,0.163,10,6.86,0.6923,0.18,27.63,0,1,1,24,32.05,v2_lr,1
157818,2026-10-09,大村,2,5175,4.45,23.9,0,0,8,B1,0.16,5,49,12,3.9,0,0.143,10,6.95,0,-0.16,41.03,0.5834,1,1,24,14.33,v2_lr,0
157818,2026-10-09,大村,3,3637,4.35,26.3,0.1429,0.1429,14,B1,0.21,4,67,13,4.1,0,0.157,10,6.92,0.2308,-0.08,42.22,0.6352,1,1,24,20.47,v2_lr,0
157818,2026-10-09,大村,4,4007,4.43,23,0.25,0.3125,16,B1,0.15,5,57,14,3.3,0.3,0.106,10,6.87,0.6154,-0.01,50.6,1,1,1,24,26.73,v2_lr,0
157818,2026-10-09,大村,5,4894,5.09,25.6,0.0588,0.1765,17,B1,0.22,3,72,7,3.5,0.1,0.186,10,6.84,0.8462,0.07,31.71,0.1776,1,1,24,4.97,v2_lr,0
157818,2026-10-09,大村,6,5397,1.35,0,0,0,12,B2,,0,126,0,5,0,0.154,10,6.82,1,0.12,29.49,0.081,1,1,24,1.44,v2_lr,0
157819,2026-10-09,大村,1,4640,6.03,41,0.1905,0.3333,21,A2,0.15,59,95,84,3.1,0.1,0.161,10,6.83,0.7368,0.19,28.92,0.138,1,1,24,57.24,v2_lr,1
157819,2026-10-09,大村,2,5144,5.43,40.3,0,0.1154,26,B1,0.19,6,73,22,3.5,0.2,0.117,10,6.86,0.5789,0.17,34.57,0.5109,1,1,24,19.85,v2_lr,0
157819,2026-10-09,大村,3,5338,3.74,17.2,0,0.0588,17,B1,0.11,4,24,7,4.6,0.1,0.118,10,6.88,0.4737,0.12,41.98,1,1,1,24,12.66,v2_lr,0
157819,2026-10-09,大村,4,4693,4.27,22.2,0,0.1739,23,B1,0.19,1,86,13,3.7,0.1,0.138,10,6.9,0.3684,0.14,37.04,0.6739,1,1,24,6.21,v2_lr,0
157819,2026-10-09,大村,5,3928,3.52,16.5,0,0.0909,11,B1,0.2,0,61,2,4.8,0,0.187,10,6.97,0,0.07,26.83,0,1,1,24,2.38,v2_lr,0
157819,2026-10-09,大村,6,5458,0,0,0,0,4,B2,,1,41,1,5.6,0,0.144,10,6.78,1,0.16,28.57,0.1149,1,1,24,1.66,v2_lr,0
157820,2026-10-09,大村,1,4145,3.91,13.6,0,0,11,B1,0.23,7,52,15,4.1,0,0.249,10,6.84,0.8571,0.19,37.93,1,1,1,25,27.33,v2_lr,0
157820,2026-10-09,大村,2,3302,4.99,34.2,0.2,0.4,5,B1,0.17,12,59,25,3.4,0.1,0.165,10,6.89,0.5,0.04,24.32,0,1,1,25,34.72,v2_lr,0
157820,2026-10-09,大村,3,3661,5.58,30.6,0.1429,0.3571,14,A2,0.2,5,81,16,3.5,0.2,0.165,10,6.92,0.2857,0.17,33.33,0.662,1,1,25,19.71,v2_lr,0
157820,2026-10-09,大村,4,4656,5.67,39.1,0.1364,0.1818,22,A2,0.16,8,72,23,3.5,0.2,0.15,10,6.91,0.3571,0.18,28.57,0.3123,1,1,25,11,v2_lr,1
157820,2026-10-09,大村,5,5459,0,0,0,0,4,B2,,0,17,0,6,0,0.202,10,6.82,1,0.1,30.77,0.4739,1,1,25,2.7,v2_lr,0
157820,2026-10-09,大村,6,3730,5.21,35.3,0.1905,0.3333,21,B1,0.19,0,52,0,2.7,0.3,0.158,10,6.96,0,0.14,33.77,0.6943,1,1,25,4.55,v2_lr,0
157821,2026-10-09,大村,1,4012,6.07,46,0.1333,0.2,15,A2,0.13,47,87,62,3.2,0.1,0.126,10,6.92,0.0909,0.06,32.18,0.5562,1,1,25,32.48,v2_lr,1
157821,2026-10-09,大村,2,3303,5.27,31.5,0.1481,0.2963,27,B1,0.2,6,87,31,3.4,0,0.162,10,6.93,0,0.08,32.89,0.5813,1,1,25,25,v2_lr,0
157821,2026-10-09,大村,3,5177,4.04,15.3,0.0769,0.3077,13,B1,0.19,3,70,11,3.1,0.1,0.212,10,6.82,1,0.12,34.15,0.6258,1,1,25,16.71,v2_lr,0
157821,2026-10-09,大村,4,4632,4.73,25.3,0.0513,0.1538,39,B1,0.19,1,57,9,4.5,0.1,0.195,10,6.89,0.3636,0.06,16.44,0,1,1,25,5.82,v2_lr,0
157821,2026-10-09,大村,5,3282,4.41,23,0.1395,0.2791,43,B1,0.19,0,69,3,4.3,0,0.184,10,6.87,0.5455,0,44.74,1,1,1,25,8.32,v2_lr,0
157821,2026-10-09,大村,6,4043,5.5,32.6,0.2857,0.5,14,A2,0.17,4,74,13,2.8,0.1,0.149,10,6.88,0.4545,0.02,39.53,0.8159,1,1,25,11.67,v2_lr,0
157822,2026-10-09,大村,1,5344,3.97,19,0,0.2,10,B1,0.14,9,17,12,3.8,0.1,0.137,10,6.86,0.5714,0.1,34.09,0.6241,1,1,25,18.45,v2_lr,1
157822,2026-10-09,大村,2,3692,4.39,20.1,0.129,0.2903,31,B1,0.19,4,65,24,3.3,0.3,0.11,10,6.88,0.2857,0.39,24.66,0,1,1,25,16.74,v2_lr,0
157822,2026-10-09,大村,3,4574,5.49,34,0.0952,0.3333,21,A2,0.18,9,93,36,3.1,0.2,0.179,10,6.9,0,0.06,39.77,1,1,1,25,11.39,v2_lr,0
157822,2026-10-09,大村,4,5246,5.56,38.4,0.2143,0.3571,14,A2,0.18,6,63,16,3.9,0.1,0.143,10,6.89,0.1429,0.1,29.87,0.3448,1,1,25,12.77,v2_lr,0
157822,2026-10-09,大村,5,5285,3.9,21,0.2143,0.3571,14,B1,0.15,3,60,4,4,0.1,0.172,10,6.87,0.4286,0.1,38.36,0.9067,1,1,25,9.42,v2_lr,0
157822,2026-10-09,大村,6,4739,6.68,50.8,0.5385,0.7692,13,A1,0.15,5,77,17,2.3,0.5,0.137,10,6.83,1,0.02,30.38,0.3786,1,1,25,31.22,v2_lr,0
157823,2026-10-09,大村,1,4064,6.52,42.6,0.2813,0.4688,32,A1,0.14,103,132,116,2.8,0.2,0.149,10,6.87,0.75,0.06,34.25,0.5657,1,1,25,41.52,v2_lr,1
157823,2026-10-09,大村,2,4888,4.89,25.7,0.0323,0.3226,31,B1,0.18,13,72,38,3,0.1,0.159,10,6.85,1,0.02,43.24,1,1,1,25,20.46,v2_lr,0
157823,2026-10-09,大村,3,4004,5.25,31,0.1556,0.2889,90,B1,0.18,6,65,16,3.2,0.2,0.191,10,6.9,0.375,-0.01,22.54,0,1,1,25,17.6,v2_lr,0
157823,2026-10-09,大村,4,3637,4.35,26.3,0.1429,0.1429,14,B1,0.21,5,69,12,4.1,0,0.157,10,6.9,0.375,-0.01,42.22,0.9507,1,1,25,11.8,v2_lr,0
157823,2026-10-09,大村,5,4409,6.89,54.9,0.1667,0.3333,30,A1,0.15,8,74,20,3.1,0.2,0.146,10,6.88,0.625,0.03,25,0.1188,1,1,25,7.88,v2_lr,0
157823,2026-10-09,大村,6,3928,3.52,16.5,0,0.0909,11,B1,0.2,0,51,0,4.8,0,0.187,10,6.93,0,0.18,26.83,0.2072,1,1,25,0.74,v2_lr,0
157824,2026-10-09,大村,1,4760,7.42,52.5,0.3333,0.3889,18,A1,0.14,104,124,111,2.5,0.3,0.138,10,6.9,0.3125,0,30.12,0.1156,2,1,25,48.08,v2_lr,0
157824,2026-10-09,大村,2,3661,5.58,30.6,0.1429,0.3571,14,A2,0.2,8,81,27,3.5,0.2,0.165,10,6.86,0.5625,0.11,33.33,0.355,2,1,25,29.08,v2_lr,1
157824,2026-10-09,大村,3,3535,3.94,22.5,0.1081,0.1892,37,B1,0.2,4,58,10,4,0.1,0.18,10,6.95,0,0.14,33.78,0.3885,2,1,25,12.3,v2_lr,0
157824,2026-10-09,大村,4,5338,3.74,17.2,0,0.0588,17,B1,0.11,4,80,12,4.6,0.1,0.118,10,6.83,0.75,0.05,41.98,1,2,1,25,6.17,v2_lr,0
157824,2026-10-09,大村,5,5175,4.45,23.9,0,0,8,B1,0.16,0,43,4,3.9,0,0.143,10,6.84,0.6875,0.09,41.03,0.9292,2,1,25,3.2,v2_lr,0
157824,2026-10-09,大村,6,5458,0,0,0,0,4,B2,,1,41,1,5.6,0,0.144,10,6.79,1,0.13,28.57,0,2,1,25,1.18,v2_lr,0
157825,2026-10-09,大村,1,4632,4.73,25.3,0.0513,0.1538,39,B1,0.19,17,48,26,4.5,0.1,0.195,10,6.87,0.5,0.02,16.44,0,1,1,25,36.43,v2_lr,1
157825,2026-10-09,大村,2,3871,4.5,26.2,0.1324,0.3235,68,B1,0.19,3,53,14,4,0.2,0.172,10,6.92,0,0.07,34.57,1,1,1,25,33.53,v2_lr,0
157825,2026-10-09,大村,3,4874,4.57,21.2,0.0385,0.2692,26,B1,0.15,4,70,16,4.7,0,0.153,10,6.89,0.3,0.01,33.8,0.9575,1,1,25,15.61,v2_lr,0
157825,2026-10-09,大村,4,5397,1.35,0,0,0,12,B2,,0,6,0,5,0,0.154,10,6.82,1,0.11,29.49,0.7198,1,1,25,7.54,v2_lr,0
157825,2026-10-09,大村,5,5144,5.43,40.3,0,0.1154,26,B1,0.19,3,65,12,3.5,0.2,0.117,10,6.83,0.9,0,34.57,1,1,1,25,5.1,v2_lr,0
157825,2026-10-09,大村,6,5459,0,0,0,0,4,B2,,0,35,0,6,0,0.202,10,6.83,0.9,0.11,30.77,0.7904,1,1,25,1.8,v2_lr,0
157826,2026-10-09,大村,1,4007,4.43,23,0.25,0.3125,16,B1,0.15,23,45,32,3.3,0.3,0.106,10,6.83,1,0.14,50.6,1,1,1,24,46.23,v2_lr,1
157826,2026-10-09,大村,2,3282,4.41,23,0.1395,0.2791,43,B1,0.19,1,72,21,4.3,0,0.184,10,6.89,0.3333,0.11,44.74,0.734,1,1,24,26.97,v2_lr,0
157826,2026-10-09,大村,3,4693,4.27,22.2,0,0.1739,23,B1,0.19,5,82,19,3.7,0.1,0.138,10,6.92,0,0.12,37.04,0.3845,1,1,24,6.19,v2_lr,0
157826,2026-10-09,大村,4,4574,5.49,34,0.0952,0.3333,21,A2,0.18,2,82,17,3.1,0.2,0.179,10,6.92,0,0.07,39.77,0.5084,1,1,24,7.39,v2_lr,0
157826,2026-10-09,大村,5,5246,5.56,38.4,0.2143,0.3571,14,A2,0.18,4,60,14,3.9,0.1,0.143,10,6.9,0.2222,0.1,29.87,0.059,1,1,24,9.23,v2_lr,0
157826,2026-10-09,大村,6,4656,5.67,39.1,0.1364,0.1818,22,A2,0.16,0,57,5,3.5,0.2,0.15,10,6.86,0.6667,0.03,28.57,0,1,1,24,3.99,v2_lr,0
157827,2026-10-09,大村,1,4409,6.89,54.9,0.1667,0.3333,30,A1,0.15,76,102,89,3.1,0.2,0.146,10,6.89,0.2222,0.08,25,0,1,1,23,27.72,v2_lr,1
157827,2026-10-09,大村,2,4640,6.03,41,0.1905,0.3333,21,A2,0.15,8,79,30,3.1,0.1,0.161,10,6.85,0.6667,0.08,28.92,0.4238,1,1,23,26.85,v2_lr,0
157827,2026-10-09,大村,3,3730,5.21,35.3,0.1905,0.3333,21,B1,0.19,10,79,27,2.7,0.3,0.158,10,6.91,0,0.1,33.77,0.9481,1,1,23,16.97,v2_lr,0
157827,2026-10-09,大村,4,4064,6.52,42.6,0.2813,0.4688,32,A1,0.14,14,93,35,2.8,0.2,0.149,10,6.87,0.4444,-0.01,34.25,1,1,1,23,22.12,v2_lr,0
157827,2026-10-09,大村,5,5177,4.04,15.3,0.0769,0.3077,13,B1,0.19,1,74,10,3.1,0.1,0.212,10,6.82,1,0.07,34.15,0.9892,1,1,23,5.21,v2_lr,0
157827,2026-10-09,大村,6,5344,3.97,19,0,0.2,10,B1,0.14,1,100,4,3.8,0.1,0.137,10,6.87,0.4444,0.08,34.09,0.9827,1,1,23,1.12,v2_lr,0
157828,2026-10-09,大村,1,4043,5.5,32.6,0.2857,0.5,14,A2,0.17,62,102,81,2.8,0.1,0.149,10,6.91,0.3,0.08,39.53,1,1,1,22,29.1,v2_lr,0
157828,2026-10-09,大村,2,4739,6.68,50.8,0.5385,0.7692,13,A1,0.15,22,87,46,2.3,0.5,0.137,10,6.84,1,0.16,30.38,0.4614,1,1,22,32.13,v2_lr,1
157828,2026-10-09,大村,3,4760,7.42,52.5,0.3333,0.3889,18,A1,0.14,19,87,49,2.5,0.3,0.138,10,6.9,0.4,0.01,30.12,0.4461,1,1,22,24.88,v2_lr,0
157828,2026-10-09,大村,4,4004,5.25,31,0.1556,0.2889,90,B1,0.18,7,73,20,3.2,0.2,0.191,10,6.94,0,0,22.54,0,1,1,22,6.64,v2_lr,0
157828,2026-10-09,大村,5,3302,4.99,34.2,0.2,0.4,5,B1,0.17,2,50,7,3.4,0.1,0.165,10,6.9,0.4,0.17,24.32,0.1048,1,1,22,5.41,v2_lr,0
157828,2026-10-09,大村,6,4012,6.07,46,0.1333,0.2,15,A2,0.13,6,63,16,3.2,0.1,0.126,10,6.93,0.1,0.16,32.18,0.5674,1,1,22,1.83,v2_lr,0
157829,2026-10-09,大村,1,4324,7.4,56.8,0.6,0.8,20,A1,0.14,97,125,112,2.2,0.5,0.134,10,6.8,1,-0.02,32.05,0.1935,1,1,22,36.71,v2_lr,1
157829,2026-10-09,大村,2,4156,5.7,37.8,0.2,0.32,25,A2,0.18,7,69,33,2.9,0.3,0.181,10,6.84,0.3333,0.03,48.05,1,1,1,22,24.82,v2_lr,0
157829,2026-10-09,大村,3,5343,3.91,15.3,0.0385,0.2692,26,B1,,1,15,5,3.3,0.2,0.116,10,6.81,0.8333,0.05,45,0.8463,1,1,22,9.75,v2_lr,0
157829,2026-10-09,大村,4,5193,6.68,47,0.275,0.475,40,A1,0.13,6,75,19,2.4,0.3,0.169,10,6.82,0.6667,0.01,28.21,0,1,1,22,18.37,v2_lr,0
157829,2026-10-09,大村,5,4159,5.85,40.4,0.1579,0.5,38,A2,0.18,7,79,18,2.3,0.4,0.139,10,6.86,0,0.02,43.75,0.7833,1,1,22,4.9,v2_lr,0
157829,2026-10-09,大村,6,4737,7.67,65.3,0.25,0.6136,44,A1,0.17,2,65,17,2.6,0.2,0.133,10,6.84,0.3333,0.14,39.51,0.5696,1,1,22,5.45,v2_lr,0
