race_id,date,venue,lane,player_id,global_win_rate,global_2rate,local_win_rate,local_2rate,local_race_cnt,grade_period,avg_st,course_rank1,course_count,course_rank2,recent10_avg_rank,recent10_win_rate,recent10_st_mean,recent10_count,exhibit_time_raw,exhibit_time_rel,start_timing,motor_2rate,motor_2rate_rel,wind_speed,wave_height,temperature,score_total_current,model_version,is_winner
152347,2026-09-27,戸田,1,3748,4.38,19.2,0.0588,0.1176,51,B1,0.16,9,55,20,3.7,0,0.168,10,6.65,1,0.22,41.38,1,1,1,23,53.78,v2_lr,1
152347,2026-09-27,戸田,2,4145,3.91,13.6,0,0.1,30,B1,0.23,2,72,11,4.4,0.1,0.241,10,6.69,0.7143,0.12,30,0.3452,1,1,23,25.11,v2_lr,0
152347,2026-09-27,戸田,3,4340,0,0,0,0,1,B2,,0,14,1,4.6,0,0.217,10,6.79,0,0.24,32.35,0.4804,1,1,23,7.42,v2_lr,0
152347,2026-09-27,戸田,4,2538,3.51,7.5,0,0,2,B1,0.22,0,54,2,4.8,0,0.217,10,6.7,0.6429,0.15,24,0,1,1,23,7.46,v2_lr,0
152347,2026-09-27,戸田,5,5445,0,0,0,0,1,B2,,0,10,0,5.6,0,0.114,10,6.72,0.5,0.02,25,0.0575,1,1,23,3.05,v2_lr,0
152347,2026-09-27,戸田,6,3801,4.75,36.6,0.0625,0.3125,16,B1,0.21,1,34,4,5.5,0,0.197,10,6.75,0.2857,0.08,37.5,0.7768,1,1,23,3.18,v2_lr,0
152348,2026-09-27,戸田,1,4982,5.04,33.3,0,0.4444,9,B1,0.17,23,45,31,3.6,0.1,0.165,10,6.67,0.8,0.07,41.94,0.7285,1,1,21,25.81,v2_lr,0
152348,2026-09-27,戸田,2,5096,5.63,36.2,0,0,1,A2,0.16,9,81,38,3.6,0.1,0.124,10,6.75,0,-0.02,53.85,0.9761,1,1,21,14.45,v2_lr,0
152348,2026-09-27,戸田,3,4832,7.05,48.9,0.5,0.5,2,A1,0.14,24,70,39,2.4,0.3,0.127,10,6.65,1,0.03,55,1,1,1,21,51.61,v2_lr,1
152348,2026-09-27,戸田,4,3507,4.41,26.5,0,0,6,B1,0.18,3,47,4,4.3,0.1,0.175,10,6.68,0.7,0.19,13.04,0.1277,1,1,21,4.65,v2_lr,0
152348,2026-09-27,戸田,5,3747,5.47,36.3,0,0.5556,9,A2,0.18,4,74,14,2.9,0.1,0.127,10,6.74,0.1,0.05,6.9,0,1,1,21,1.9,v2_lr,0
152348,2026-09-27,戸田,6,5389,2.3,2.9,0,0,10,B1,,0,181,3,4.9,0,0.147,10,6.68,0.7,0.06,38.71,0.6613,1,1,21,1.58,v2_lr,0
152349,2026-09-27,戸田,1,5203,4.9,28.1,0.1818,0.4545,11,B1,0.17,21,48,30,3.8,0,0.166,10,6.75,0.0833,-0.09,27.59,0.7417,1,1,21,29.64,v2_lr,0
152349,2026-09-27,戸田,2,3873,4.04,21.1,0.2857,0.7143,7,B1,0.15,8,62,21,2.4,0.2,0.155,10,6.76,0,-0.05,20,0.4001,1,1,21,29.16,v2_lr,1
152349,2026-09-27,戸田,3,4524,6.85,40,0.3684,0.4211,19,A1,0.14,9,68,32,2.4,0.4,0.139,10,6.64,1,-0.15,11.11,0,1,1,21,34.02,v2_lr,0
152349,2026-09-27,戸田,4,5433,1.72,1.6,0,0.0667,15,B2,,0,12,0,5,0,0.18,10,6.69,0.5833,-0.11,32.26,0.9518,1,1,21,4.31,v2_lr,0
152349,2026-09-27,戸田,5,3539,3.8,18.1,0,0.1818,11,B1,0.18,2,67,3,4.6,0,0.151,10,6.74,0.1667,-0.08,33.33,1,1,1,21,2,v2_lr,0
152349,2026-09-27,戸田,6,4466,5.62,37.3,0,0,2,A2,0.16,1,63,9,3.5,0.1,0.241,10,6.75,0.0833,0.01,19.23,0.3654,1,1,21,0.86,v2_lr,0
152350,2026-09-27,戸田,1,5151,4.41,18.6,0,0.1429,7,B1,0.19,11,40,20,3.7,0.1,0.217,10,6.63,1,0.33,31.25,0.77,2,1,22,29.99,v2_lr,0
152350,2026-09-27,戸田,2,3800,5.55,40.2,0.0556,0.2222,18,A2,0.14,10,58,21,3.4,0.1,0.135,10,6.77,0.125,-0.02,31.43,0.7751,2,1,22,22.55,v2_lr,1
152350,2026-09-27,戸田,3,4876,4.92,31.6,0.1579,0.3684,19,B1,0.18,7,71,20,3.2,0.2,0.165,10,6.79,0,-0.11,4,0,2,1,22,21.89,v2_lr,0
152350,2026-09-27,戸田,4,5246,5.56,38.4,0.1735,0.3776,98,A2,0.18,6,61,16,2.6,0.3,0.137,10,6.74,0.3125,0.04,32.14,0.7951,2,1,22,18.18,v2_lr,0
152350,2026-09-27,戸田,5,4587,6.36,52.5,0.1111,0.2222,9,A1,0.17,6,61,16,4,0.2,0.188,10,6.79,0,0.13,30,0.7347,2,1,22,5.49,v2_lr,0
152350,2026-09-27,戸田,6,5258,4.86,27.1,0,0,8,B1,0.13,0,48,1,5.1,0,0.201,10,6.72,0.4375,0.05,39.39,1,2,1,22,1.91,v2_lr,0
152351,2026-09-27,戸田,1,4012,6.07,46,0.1765,0.3529,17,A2,0.13,49,87,64,3.1,0.3,0.132,10,6.75,0,0.11,30,0.1676,2,1,22,26.95,v2_lr,0
152351,2026-09-27,戸田,2,3857,4.63,25.8,0.3333,0.3333,9,B1,0.19,0,38,7,3.2,0.3,0.112,10,6.72,0.2308,0.07,46.67,0.7262,2,1,22,33.7,v2_lr,0
152351,2026-09-27,戸田,3,4145,3.91,13.6,0,0.1,30,B1,0.23,4,73,10,4.4,0.1,0.241,10,6.7,0.3846,0.06,30,0.1676,2,1,22,5.93,v2_lr,0
152351,2026-09-27,戸田,4,4500,7.15,45.1,0.2857,0.5357,28,A1,0.12,19,75,29,2.5,0.3,0.144,10,6.72,0.2308,0.08,54.84,1,2,1,22,20.63,v2_lr,1
152351,2026-09-27,戸田,5,3381,5.22,35.6,0.1781,0.3288,73,B1,0.15,6,67,19,4.6,0,0.136,10,6.66,0.6923,0.09,29.63,0.1552,2,1,22,7.1,v2_lr,0
152351,2026-09-27,戸田,6,5277,5.37,31.5,0.2,0.4,10,B1,0.15,1,67,4,2.7,0.1,0.159,10,6.62,1,0.04,25,0,2,1,22,5.7,v2_lr,0
152352,2026-09-27,戸田,1,3463,5.13,23.3,0.125,0.1875,16,B1,0.19,13,57,27,5.1,0,0.151,10,6.65,1,0.01,26.67,0.106,2,1,22,41.79,v2_lr,0
152352,2026-09-27,戸田,2,4526,5.83,43.1,0.16,0.56,25,A2,0.15,10,63,28,3.1,0.1,0.128,10,6.69,0.6923,0.02,50,0.8464,2,1,22,35.53,v2_lr,1
152352,2026-09-27,戸田,3,4734,7.35,57.9,0,0.2727,11,A1,0.13,27,80,45,4.5,0,0.14,10,6.78,0,-0.02,54.84,1,2,1,22,8.79,v2_lr,0
152352,2026-09-27,戸田,4,5389,2.3,2.9,0,0,10,B1,,2,46,3,4.9,0,0.147,10,6.67,0.8462,-0.01,38.71,0.4881,2,1,22,6.18,v2_lr,0
152352,2026-09-27,戸田,5,5002,5.78,38.7,0.1333,0.2667,15,A2,0.15,6,65,13,3.2,0.2,0.132,10,6.74,0.3077,-0.07,23.33,0,2,1,22,6.8,v2_lr,0
152352,2026-09-27,戸田,6,5445,0,0,0,0,1,B2,,0,29,0,5.6,0,0.114,10,6.74,0.3077,0.04,25,0.053,2,1,22,0.9,v2_lr,0
152353,2026-09-27,戸田,1,3737,6.87,46.2,0.3077,0.3846,13,A1,0.16,67,100,86,2.6,0.3,0.121,10,6.75,0.6667,-0.02,25,0.0625,1,1,22,56.99,v2_lr,0
152353,2026-09-27,戸田,2,4462,5.21,35.2,0.05,0.3,20,B1,0.16,8,62,27,4.3,0.1,0.155,10,6.72,1,-0.01,24.14,0.0088,1,1,22,25.84,v2_lr,0
152353,2026-09-27,戸田,3,2538,3.51,7.5,0,0,2,B1,0.22,0,58,4,4.8,0,0.217,10,6.81,0,0.06,24,0,1,1,22,7.3,v2_lr,0
152353,2026-09-27,戸田,4,3277,4.05,17.1,0,0.125,8,B1,0.19,6,63,15,4.5,0.1,0.13,10,6.78,0.3333,-0.04,25.81,0.1131,1,1,22,5.19,v2_lr,1
152353,2026-09-27,戸田,5,5410,1.83,3.8,0,0,1,B2,,1,47,2,5.2,0,0.149,10,6.77,0.4444,0.02,40,1,1,1,22,3.06,v2_lr,0
152353,2026-09-27,戸田,6,5003,4.67,32.1,0,0.2105,19,B1,0.15,2,49,3,2.8,0.2,0.12,10,6.76,0.5556,0.12,36,0.75,1,1,22,1.61,v2_lr,0
152354,2026-09-27,戸田,1,3507,4.41,26.5,0,0,6,B1,0.18,13,46,25,4.3,0.1,0.175,10,6.7,0.4667,-0.02,13.04,0,1,1,22,15.94,v2_lr,0
152354,2026-09-27,戸田,2,4587,6.36,52.5,0.1111,0.2222,9,A1,0.17,9,67,34,4,0.2,0.188,10,6.63,0.9333,0.02,30,0.5757,1,1,22,21.82,v2_lr,1
152354,2026-09-27,戸田,3,4356,5.84,44.9,0.4118,0.5882,17,A2,0.14,15,71,34,2.4,0.4,0.162,10,6.63,0.9333,0.08,40.48,0.9314,1,1,22,34.33,v2_lr,0
152354,2026-09-27,戸田,4,4340,0,0,0,0,1,B2,,1,18,6,4.6,0,0.217,10,6.77,0,0.04,32.35,0.6555,1,1,22,2.21,v2_lr,0
152354,2026-09-27,戸田,5,4640,6.03,41,0.3333,0.3889,18,A2,0.15,9,83,17,3.2,0.2,0.191,10,6.69,0.5333,0.31,34.15,0.7166,1,1,22,15.78,v2_lr,0
152354,2026-09-27,戸田,6,4183,4.82,33,0.2727,0.5455,22,B1,0.15,2,70,5,4.5,0,0.223,10,6.62,1,0.07,42.5,1,1,1,22,9.92,v2_lr,0
152355,2026-09-27,戸田,1,3747,5.47,36.3,0,0.5556,9,A2,0.18,34,67,53,2.9,0.1,0.127,10,6.64,1,0.05,6.9,0,0,0,23,22.83,v2_lr,0
152355,2026-09-27,戸田,2,5226,6.37,48.5,0.2083,0.4167,24,B1,0.16,13,70,38,2.5,0.4,0.109,10,6.66,0.8889,0.25,42.11,1,0,0,23,34.78,v2_lr,0
152355,2026-09-27,戸田,3,3801,4.75,36.6,0.0625,0.3125,16,B1,0.21,3,43,13,5.5,0,0.197,10,6.73,0.5,0.16,37.5,0.8691,0,0,23,11.38,v2_lr,0
152355,2026-09-27,戸田,4,3800,5.55,40.2,0.0556,0.2222,18,A2,0.14,5,54,21,3.4,0.1,0.135,10,6.76,0.3333,0.14,31.43,0.6967,0,0,23,6.01,v2_lr,0
152355,2026-09-27,戸田,5,4012,6.07,46,0.1765,0.3529,17,A2,0.13,6,69,19,3.1,0.3,0.132,10,6.82,0,0.16,30,0.6561,0,0,23,6.46,v2_lr,1
152355,2026-09-27,戸田,6,4524,6.85,40,0.3684,0.4211,19,A1,0.14,1,68,7,2.4,0.4,0.139,10,6.66,0.8889,0.17,11.11,0.1196,0,0,23,18.55,v2_lr,0
152356,2026-09-27,戸田,1,4906,5.73,39.5,0.186,0.3256,43,A2,0.18,34,66,52,2.9,0.1,0.147,10,6.75,0.0833,0.06,43.75,0.6603,1,1,23,31.25,v2_lr,1
152356,2026-09-27,戸田,2,3661,5.58,30.6,0.05,0.1,20,A2,0.2,8,81,27,4.3,0,0.174,10,6.64,1,0.18,21.88,0,1,1,23,17.14,v2_lr,0
152356,2026-09-27,戸田,3,5002,5.78,38.7,0.1333,0.2667,15,A2,0.15,17,72,31,3.2,0.2,0.132,10,6.76,0,0.05,23.33,0.0438,1,1,23,12.13,v2_lr,0
152356,2026-09-27,戸田,4,3748,4.38,19.2,0.0588,0.1176,51,B1,0.16,2,57,5,3.7,0,0.168,10,6.7,0.5,0.01,41.38,0.5888,1,1,23,6.5,v2_lr,0
152356,2026-09-27,戸田,5,5433,1.72,1.6,0,0.0667,15,B2,,0,37,2,5,0,0.18,10,6.73,0.25,-0.06,32.26,0.3134,1,1,23,1.73,v2_lr,0
152356,2026-09-27,戸田,6,4832,7.05,48.9,0.5,0.5,2,A1,0.14,7,69,18,2.4,0.3,0.127,10,6.65,0.9167,-0.13,55,1,1,1,23,31.25,v2_lr,0
152357,2026-09-27,戸田,1,5096,5.63,36.2,0,0,1,A2,0.16,51,78,61,3.6,0.1,0.124,10,6.78,0.3478,-0.04,53.85,0.9722,0,0,23,27.78,v2_lr,1
152357,2026-09-27,戸田,2,5246,5.56,38.4,0.1735,0.3776,98,A2,0.18,9,65,23,2.6,0.3,0.137,10,6.83,0.1304,0.08,32.14,0.3625,0,0,23,32.07,v2_lr,0
152357,2026-09-27,戸田,3,3381,5.22,35.6,0.1781,0.3288,73,B1,0.15,10,68,17,4.6,0,0.136,10,6.63,1,0.01,29.63,0.2921,0,0,23,30.93,v2_lr,0
152357,2026-09-27,戸田,4,5410,1.83,3.8,0,0,1,B2,,0,8,0,5.2,0,0.149,10,6.69,0.7391,0.14,40,0.5833,0,0,23,5.38,v2_lr,0
152357,2026-09-27,戸田,5,4466,5.62,37.3,0,0,2,A2,0.16,1,69,7,3.5,0.1,0.241,10,6.86,0,0.03,19.23,0,0,0,23,2.13,v2_lr,0
152357,2026-09-27,戸田,6,4734,7.35,57.9,0,0.2727,11,A1,0.13,8,81,18,4.5,0,0.14,10,6.8,0.2609,-0.01,54.84,1,0,0,23,1.71,v2_lr,0
152358,2026-09-27,戸田,1,4500,7.15,45.1,0.2857,0.5357,28,A1,0.12,82,107,98,2.5,0.3,0.144,10,6.65,0.7778,0.01,54.84,1,0,0,23,31.35,v2_lr,1
152358,2026-09-27,戸田,2,4356,5.84,44.9,0.4118,0.5882,17,A2,0.14,16,78,44,2.4,0.4,0.162,10,6.66,0.7222,-0.03,40.48,0.5878,0,0,23,31.61,v2_lr,0
152358,2026-09-27,戸田,3,3737,6.87,46.2,0.3077,0.3846,13,A1,0.16,17,64,36,2.6,0.3,0.121,10,6.74,0.2778,-0.03,25,0.1435,0,0,23,23.39,v2_lr,0
152358,2026-09-27,戸田,4,5151,4.41,18.6,0,0.1429,7,B1,0.19,0,57,3,3.7,0.1,0.217,10,6.79,0,0.14,31.25,0.3229,0,0,23,2.23,v2_lr,0
152358,2026-09-27,戸田,5,4526,5.83,43.1,0.16,0.56,25,A2,0.15,2,55,9,3.1,0.1,0.128,10,6.61,1,0.11,50,0.8611,0,0,23,6.98,v2_lr,0
152358,2026-09-27,戸田,6,3873,4.04,21.1,0.2857,0.7143,7,B1,0.15,1,74,11,2.4,0.2,0.155,10,6.76,0.1667,0.27,20,0,0,0,23,4.44,v2_lr,0
152359,2026-09-27,江戸川,1,4615,4.24,20.9,0.1282,0.1538,39,B1,0.15,14,43,19,4.2,0,0.195,10,6.63,0.2,0.04,22.39,0.1217,2,5,22,32.71,v2_lr,1
152359,2026-09-27,江戸川,2,4565,3.63,12.3,0,0,11,B1,0.18,4,66,17,3.7,0.2,0.129,10,6.51,1,0.09,21.79,0.1006,2,5,22,17.29,v2_lr,0
152359,2026-09-27,江戸川,3,4728,4.21,26.3,0.1667,0.2917,48,B1,0.18,9,66,25,3.7,0.2,0.218,10,6.58,0.5333,-0.11,29.58,0.3738,2,5,22,24.15,v2_lr,0
152359,2026-09-27,江戸川,4,4231,5.33,29.3,0.1765,0.4706,17,B1,0.18,11,87,25,3.9,0.1,0.183,10,6.66,0,-0.05,18.92,0,2,5,22,13.05,v2_lr,0
152359,2026-09-27,江戸川,5,4568,5.42,36.1,0.186,0.4186,43,B1,0.16,1,63,9,3.3,0.1,0.118,10,6.59,0.4667,0.07,47.44,1,2,5,22,11.16,v2_lr,0
152359,2026-09-27,江戸川,6,5172,4.84,26.7,0,0,2,B1,0.18,3,59,9,3.9,0,0.195,10,6.6,0.4,0.01,42.47,0.8257,2,5,22,1.63,v2_lr,0
152360,2026-09-27,江戸川,1,4023,3.93,19.5,0.1429,0.2,35,B1,0.18,16,48,28,4.9,0,0.161,10,6.53,0.8667,0.16,23.29,0,3,5,23,28.67,v2_lr,0
152360,2026-09-27,江戸川,2,4540,5.73,34.9,0.25,0.25,12,A2,0.13,6,67,26,3.5,0.2,0.137,10,6.55,0.7333,0.09,39.47,1,3,5,23,32.19,v2_lr,0
152360,2026-09-27,江戸川,3,4035,4.02,22.9,0.1818,0.1818,11,B1,0.23,7,91,20,4.5,0.1,0.149,10,6.54,0.8,0.15,38.46,0.9376,3,5,23,21,v2_lr,0
152360,2026-09-27,江戸川,4,5404,2.14,2.6,0,0,2,B1,,0,19,0,5.6,0,0.188,10,6.51,1,0.02,31.94,0.5346,3,5,23,5.1,v2_lr,0
152360,2026-09-27,江戸川,5,4201,3.91,15.1,0.0476,0.1905,21,B1,0.2,3,62,13,4,0.1,0.173,10,6.54,0.8,0.01,31.94,0.5346,3,5,23,3.87,v2_lr,1
152360,2026-09-27,江戸川,6,4685,7.7,65.6,0.3158,0.5789,19,A1,0.14,5,67,15,2.3,0.4,0.159,10,6.66,0,0.03,33.78,0.6483,3,5,23,9.18,v2_lr,0
152361,2026-09-27,江戸川,1,3911,5.29,34.3,0.1375,0.35,80,B1,0.19,32,80,51,4.4,0.1,0.178,10,6.55,0.9167,0.13,36.99,0.6532,1,5,23,34.83,v2_lr,1
152361,2026-09-27,江戸川,2,4550,5.48,33.9,0.2045,0.5227,44,A2,0.16,11,74,30,3.9,0,0.159,10,6.52,1,0.25,28,0.2898,1,5,23,32.49,v2_lr,0
152361,2026-09-27,江戸川,3,3934,4.84,25.2,0.15,0.3,20,B1,0.17,4,83,22,2.5,0.3,0.15,10,6.61,0.75,0.18,45.57,1,1,5,23,21.54,v2_lr,0
152361,2026-09-27,江戸川,4,5235,3,11.1,0,0,1,B2,0.2,0,45,2,4.5,0.1,0.218,10,6.71,0.4722,0.15,38.16,0.7005,1,5,23,4.3,v2_lr,0
152361,2026-09-27,江戸川,5,5303,5.56,31.8,0.125,0.3125,16,A2,0.19,3,66,13,2.6,0.2,0.125,10,6.88,0,0.14,20.83,0,1,5,23,4.27,v2_lr,0
152361,2026-09-27,江戸川,6,4724,3.28,8,0.0625,0.125,16,B1,0.22,0,43,1,4.1,0,0.179,10,6.53,0.9722,0.16,31.58,0.4345,1,5,23,2.56,v2_lr,0
152362,2026-09-27,江戸川,1,5035,5.5,36,0.2,0.3,10,A2,0.18,21,54,34,3.4,0.1,0.139,10,6.67,0.2941,0.35,20,0,1,5,23,37.41,v2_lr,0
152362,2026-09-27,江戸川,2,3906,4.23,25.8,0,0.2727,11,B1,0.21,6,78,17,4.4,0,0.189,10,6.77,0,0.31,25,0.2398,1,5,23,9.82,v2_lr,0
152362,2026-09-27,江戸川,3,4748,6.64,52,0.1981,0.4245,106,A1,0.16,14,76,35,3.2,0.1,0.131,10,6.43,1,0.21,40.85,1,1,5,23,30.85,v2_lr,1
152362,2026-09-27,江戸川,4,5424,1.29,1.6,0,0.05,20,B2,,0,13,0,5.2,0,0.182,10,6.54,0.6765,0.24,39.73,0.9463,1,5,23,4.87,v2_lr,0
152362,2026-09-27,江戸川,5,4259,5.62,37.5,0.2727,0.6364,11,A2,0.13,4,80,15,3.3,0.3,0.151,10,6.71,0.1765,0.25,29.73,0.4667,1,5,23,13.77,v2_lr,0
152362,2026-09-27,江戸川,6,5328,3.94,16.6,0.125,0.25,8,B1,0.2,0,84,2,2.6,0.2,0.147,10,6.67,0.2941,0.16,30.77,0.5165,1,5,23,3.28,v2_lr,0
152363,2026-09-27,江戸川,1,3503,4.12,18.8,0.0769,0.2692,26,B1,0.17,13,50,21,3.4,0.1,0.119,10,6.65,0.6875,0.07,45.21,1,1,5,23,29.49,v2_lr,0
152363,2026-09-27,江戸川,2,4610,6.33,45.5,0.2234,0.4468,94,A1,0.14,20,77,48,2.3,0.5,0.142,10,6.6,1,0.02,41.33,0.83,1,5,23,35.75,v2_lr,1
152363,2026-09-27,江戸川,3,4952,3.88,16.2,0.0882,0.1471,34,B1,0.18,3,51,9,4.4,0,0.158,10,6.66,0.625,0.09,25.76,0.1477,1,5,23,13.62,v2_lr,0
152363,2026-09-27,江戸川,4,4637,5.5,38.6,0.1538,0.3846,13,A2,0.2,10,69,21,3.2,0.2,0.173,10,6.63,0.8125,0.16,35.21,0.5618,1,5,23,13.63,v2_lr,0
152363,2026-09-27,江戸川,5,4615,4.24,20.9,0.1282,0.1538,39,B1,0.15,2,67,11,4.2,0,0.195,10,6.76,0,0.19,22.39,0,1,5,23,4.01,v2_lr,0
152363,2026-09-27,江戸川,6,3482,4.81,27,0.15,0.3833,60,B1,0.15,1,72,9,3,0.1,0.143,10,6.71,0.3125,0.14,33.78,0.4991,1,5,23,3.5,v2_lr,0
152364,2026-09-27,江戸川,1,5219,4.73,30.3,0,0,2,B1,0.2,16,31,19,3,0.2,0.173,10,6.6,1,0.12,30.77,0.0191,1,5,23,20.51,v2_lr,1
152364,2026-09-27,江戸川,2,5004,5.65,34.7,0.1786,0.3571,28,A2,0.13,9,72,29,2.5,0.4,0.137,10,6.63,0.7692,-0.02,41.56,1,1,5,23,30.38,v2_lr,0
152364,2026-09-27,江戸川,3,4644,6.33,48.7,0.2,0.3818,55,A1,0.15,11,67,29,2.8,0.2,0.103,10,6.66,0.5385,0.02,33.78,0.2927,1,5,23,22.11,v2_lr,0
152364,2026-09-27,江戸川,4,5212,6.15,44.8,0.2778,0.3889,36,A2,0.12,10,76,23,3.3,0,0.117,10,6.67,0.4615,0.36,33.33,0.2518,1,5,23,18.22,v2_lr,0
152364,2026-09-27,江戸川,5,4440,4.89,23.5,0.1467,0.2933,75,B1,0.16,2,75,10,3.7,0.2,0.202,10,6.62,0.8462,-0.01,30.56,0,1,5,23,7.87,v2_lr,0
152364,2026-09-27,江戸川,6,4873,4.88,28.9,0,0,2,B1,0.17,2,68,12,3.6,0.1,0.168,10,6.73,0,0.07,33.78,0.2927,1,5,23,0.9,v2_lr,0
152365,2026-09-27,江戸川,1,3907,5.26,34.4,0.2368,0.4211,38,B1,0.16,52,82,66,2.8,0.5,0.158,10,6.66,1,0.12,23.68,0.1563,1,5,23,37.36,v2_lr,1
152365,2026-09-27,江戸川,2,3934,4.84,25.2,0.15,0.3,20,B1,0.17,9,76,33,2.5,0.3,0.15,10,6.8,0.125,0.15,45.57,0.8752,1,5,23,23.49,v2_lr,0
152365,2026-09-27,江戸川,3,5073,5.53,33,0.125,0.3,40,A2,0.18,2,71,20,3.1,0.2,0.151,10,6.67,0.9375,0.21,49.37,1,1,5,23,19.37,v2_lr,0
152365,2026-09-27,江戸川,4,4023,3.93,19.5,0.1429,0.2,35,B1,0.18,2,61,6,4.9,0,0.161,10,6.7,0.75,0.31,23.29,0.1435,1,5,23,10.07,v2_lr,0
152365,2026-09-27,江戸川,5,4231,5.33,29.3,0.1765,0.4706,17,B1,0.18,5,85,15,3.9,0.1,0.183,10,6.82,0,0.17,18.92,0,1,5,23,5.65,v2_lr,0
152365,2026-09-27,江戸川,6,4377,6.3,50.8,0.2121,0.4848,33,A1,0.13,4,72,9,2.8,0.3,0.144,10,6.8,0.125,0.34,35.14,0.5327,1,5,23,4.06,v2_lr,0
152366,2026-09-27,江戸川,1,4957,5.36,31,0.2,0.5667,30,B1,0.17,32,59,47,3.9,0.1,0.203,10,6.73,0.6667,-0.05,25,0,1,5,23,24.09,v2_lr,0
152366,2026-09-27,江戸川,2,4934,5.53,40,0.3636,0.4545,11,A2,0.17,16,77,37,3.4,0.3,0.178,10,6.69,1,-0.01,39.13,0.9765,1,5,23,27.22,v2_lr,0
152366,2026-09-27,江戸川,3,4540,5.73,34.9,0.25,0.25,12,A2,0.13,9,75,27,3.5,0.2,0.137,10,6.72,0.75,0.01,39.47,1,1,5,23,20.73,v2_lr,0
152366,2026-09-27,江戸川,4,4875,5.09,28.2,0.2419,0.4032,62,B1,0.16,7,74,20,2.7,0.2,0.175,10,6.81,0,0.23,38.16,0.9095,1,5,23,10.79,v2_lr,0
152366,2026-09-27,江戸川,5,4364,6.53,46.6,0.4231,0.5,26,A1,0.14,6,71,17,4.2,0.1,0.126,10,6.81,0,0.24,35.62,0.7339,1,5,23,16.21,v2_lr,1
152367,2026-09-27,江戸川,1,4508,5.84,43.6,0.16,0.44,25,A2,0.15,21,42,34,3.2,0,0.232,10,6.6,1,0.11,38.46,0.8242,1,5,23,35.7,v2_lr,1
152367,2026-09-27,江戸川,2,5244,4.14,18.8,0.0811,0.1622,37,B1,0.14,1,57,3,3.9,0.1,0.147,10,6.71,0.5417,0.18,31.58,0.4029,1,5,23,19.1,v2_lr,0
152367,2026-09-27,江戸川,3,4610,6.33,45.5,0.2234,0.4468,94,A1,0.14,19,82,37,2.3,0.5,0.142,10,6.65,0.7917,0.28,41.33,1,1,5,23,26.74,v2_lr,0
152367,2026-09-27,江戸川,4,4550,5.48,33.9,0.2045,0.5227,44,A2,0.16,5,72,17,3.9,0,0.159,10,6.78,0.25,0.17,28,0.1837,1,5,23,13.43,v2_lr,0
152367,2026-09-27,江戸川,5,3906,4.23,25.8,0,0.2727,11,B1,0.21,4,74,14,4.4,0,0.189,10,6.73,0.4583,0.21,25,0,1,5,23,1.84,v2_lr,0
152367,2026-09-27,江戸川,6,4728,4.21,26.3,0.1667,0.2917,48,B1,0.18,0,56,1,3.7,0.2,0.218,10,6.84,0,0.06,29.58,0.2805,1,5,23,3.2,v2_lr,0
152368,2026-09-27,江戸川,1,3508,5.59,34.4,0.1667,0.3333,18,A2,0.19,33,61,44,4,0.1,0.201,10,6.79,0,0.13,33.8,0.2629,1,5,23,26.64,v2_lr,0
152368,2026-09-27,江戸川,2,4685,7.7,65.6,0.3158,0.5789,19,A1,0.14,15,60,36,2.3,0.4,0.159,10,6.78,0.125,0.07,33.78,0.2616,1,5,23,31.22,v2_lr,0
152368,2026-09-27,江戸川,3,3911,5.29,34.3,0.1375,0.35,80,B1,0.19,7,82,26,4.4,0.1,0.178,10,6.73,0.75,0.13,36.99,0.469,1,5,23,16.39,v2_lr,1
152368,2026-09-27,江戸川,4,3503,4.12,18.8,0.0769,0.2692,26,B1,0.17,4,71,11,3.4,0.1,0.119,10,6.71,1,0.06,45.21,1,1,5,23,9.47,v2_lr,0
152368,2026-09-27,江戸川,5,5004,5.65,34.7,0.1786,0.3571,28,A2,0.13,3,61,10,2.5,0.4,0.137,10,6.71,1,0.14,41.56,0.7642,1,5,23,9.96,v2_lr,0
152368,2026-09-27,江戸川,6,4259,5.62,37.5,0.2727,0.6364,11,A2,0.13,1,71,6,3.3,0.3,0.151,10,6.77,0.25,0.12,29.73,0,1,5,23,6.33,v2_lr,0
152369,2026-09-27,江戸川,1,4644,6.33,48.7,0.2,0.3818,55,A1,0.15,47,72,62,2.8,0.2,0.103,10,6.58,1,0.17,33.78,0.4384,1,5,23,30.8,v2_lr,1
152369,2026-09-27,江戸川,2,3482,4.81,27,0.15,0.3833,60,B1,0.15,6,79,21,3,0.1,0.143,10,6.91,0,0.18,33.78,0.4384,1,5,23,18,v2_lr,0
152369,2026-09-27,江戸川,3,5093,4.42,30.6,0.25,0.4167,12,B2,0.16,8,67,22,4.2,0.1,0.216,10,6.7,0.6364,0.14,51.43,1,1,5,23,23.53,v2_lr,0
152369,2026-09-27,江戸川,4,5073,5.53,33,0.125,0.3,40,A2,0.18,8,64,18,3.1,0.2,0.151,10,6.71,0.6061,0.16,49.37,0.9345,1,5,23,9.67,v2_lr,0
152369,2026-09-27,江戸川,5,5035,5.5,36,0.2,0.3,10,A2,0.18,7,71,18,3.4,0.1,0.139,10,6.71,0.6061,0.41,20,0,1,5,23,6.42,v2_lr,0
152369,2026-09-27,江戸川,6,5032,5.51,32.7,0.3333,0.3333,6,A2,0.15,1,55,6,3.2,0.2,0.119,10,6.72,0.5758,0.22,46.67,0.8486,1,5,23,11.58,v2_lr,0
152370,2026-09-27,江戸川,1,4748,6.64,52,0.1981,0.4245,106,A1,0.16,70,98,80,3.2,0.1,0.131,10,6.65,1,0.07,40.85,1,1,5,23,33.59,v2_lr,1
152370,2026-09-27,江戸川,2,5303,5.56,31.8,0.125,0.3125,16,A2,0.19,8,67,30,2.6,0.2,0.125,10,6.78,0.4091,-0.01,20.83,0,1,5,23,20.5,v2_lr,0
152370,2026-09-27,江戸川,3,4637,5.5,38.6,0.1538,0.3846,13,A2,0.2,7,56,24,3.2,0.2,0.173,10,6.81,0.2727,0.11,35.21,0.7183,1,5,23,15.62,v2_lr,0
152370,2026-09-27,江戸川,4,3907,5.26,34.4,0.2368,0.4211,38,B1,0.16,7,71,20,2.8,0.5,0.158,10,6.87,0,-0.06,23.68,0.1424,1,5,23,14.23,v2_lr,0
152370,2026-09-27,江戸川,5,4035,4.02,22.9,0.1818,0.1818,11,B1,0.23,5,82,9,4.5,0.1,0.149,10,6.81,0.2727,0.08,38.46,0.8806,1,5,23,7.33,v2_lr,0
152370,2026-09-27,江戸川,6,5212,6.15,44.8,0.2778,0.3889,36,A2,0.12,1,60,3,3.3,0,0.117,10,6.82,0.2273,-0.1,33.33,0.6244,1,5,23,8.73,v2_lr,0
152371,2026-09-27,多摩川,1,5292,3.73,13.1,0.0667,0.0667,30,B1,0.29,10,49,18,3.6,0,0.148,10,6.77,0,0.18,25.84,0.0148,2,2,20,32.08,v2_lr,0
152371,2026-09-27,多摩川,2,4864,4.16,21.3,0,0.3333,3,B1,0.16,2,64,20,3.8,0,0.163,10,6.72,0.5,0.11,29.31,0.1538,2,2,20,18.37,v2_lr,0
152371,2026-09-27,多摩川,3,4003,5.45,39.3,0.0455,0.3182,22,B1,0.2,7,67,20,3.5,0.1,0.13,10,6.74,0.3,0.09,33.94,0.3392,2,2,20,14.02,v2_lr,0
152371,2026-09-27,多摩川,4,4513,5.75,40.7,0.1429,0.2857,14,A2,0.19,9,71,22,2.4,0.2,0.153,10,6.67,1,0.1,50.44,1,2,2,20,23.79,v2_lr,1
152371,2026-09-27,多摩川,5,4251,4.56,24.1,0.1,0.2,10,B1,0.22,2,79,9,3.1,0.2,0.24,10,6.7,0.7,0.07,32.32,0.2743,2,2,20,8.28,v2_lr,0
152371,2026-09-27,多摩川,6,4379,5.66,36.9,0.0909,0.4091,44,A2,0.15,0,69,9,3.7,0.1,0.166,10,6.72,0.5,0.1,25.47,0,2,2,20,3.46,v2_lr,0
152372,2026-09-27,多摩川,1,4113,5.18,31,0.1818,0.2727,44,B1,0.19,31,68,41,4.4,0,0.167,10,6.73,0.4286,0.16,26.53,0.0527,0,2,20,25.35,v2_lr,0
152372,2026-09-27,多摩川,2,4932,7.47,51.9,0.3333,0.6667,3,A1,0.16,17,72,34,2.6,0.2,0.145,10,6.72,0.5714,0.19,32.99,0.7473,0,2,20,30.08,v2_lr,1
152372,2026-09-27,多摩川,3,4447,5.01,32.2,0.3333,0.3333,3,B1,0.17,15,69,36,2.6,0.4,0.119,10,6.69,1,0.06,33.7,0.8237,0,2,20,28.28,v2_lr,0
152372,2026-09-27,多摩川,4,3072,4.14,20.4,0.1277,0.3191,47,B1,0.17,4,56,16,4.2,0,0.134,10,6.72,0.5714,-0.04,35.34,1,0,2,20,9.25,v2_lr,0
152372,2026-09-27,多摩川,5,5313,4.52,22.6,0.0769,0.0769,13,B1,0.15,4,75,8,4.7,0,0.164,10,6.74,0.2857,0.04,26.04,0,0,2,20,2.6,v2_lr,0
152372,2026-09-27,多摩川,6,4931,6.83,48.5,0.2308,0.3846,13,A1,0.15,2,80,13,2.7,0.4,0.138,10,6.76,0,0.02,31.86,0.6258,0,2,20,4.45,v2_lr,0
152373,2026-09-27,多摩川,1,3653,4.58,20.7,0.0909,0.1364,22,B2,0.17,12,52,27,4.1,0,0.195,10,6.73,0.7857,0.13,42.39,1,1,2,21,31.2,v2_lr,0
152373,2026-09-27,多摩川,2,3860,3.75,17,0.0345,0.1379,29,B1,0.18,7,72,19,4.1,0.2,0.165,10,6.76,0.5714,0.06,20.24,0,1,2,21,14.94,v2_lr,1
152373,2026-09-27,多摩川,3,4225,6.03,40.4,0.3333,0.6667,3,A2,0.14,7,60,26,3.4,0.1,0.165,10,6.7,1,-0.01,28.16,0.3576,1,2,21,36.92,v2_lr,0
152373,2026-09-27,多摩川,4,4061,6.91,47.8,0.1667,0.4167,12,A1,0.13,9,73,26,2.1,0.3,0.145,10,6.84,0,0.17,28.71,0.3824,1,2,21,10.24,v2_lr,0
152373,2026-09-27,多摩川,5,3302,4.99,34.2,0,0,3,B1,0.17,2,50,7,3.9,0.2,0.171,10,6.72,0.8571,0.13,33.02,0.577,1,2,21,2.83,v2_lr,0
152373,2026-09-27,多摩川,6,3385,5.47,35.8,0.1778,0.2889,45,A2,0.18,2,69,7,3.2,0.3,0.157,10,6.79,0.3571,0.16,22.12,0.0849,1,2,21,3.86,v2_lr,0
152374,2026-09-27,多摩川,1,5327,1.75,1.2,0,0,3,B2,0.21,0,15,0,5.3,0,0.194,10,6.71,0,0.07,21.59,0,0,2,21,11.45,v2_lr,0
152374,2026-09-27,多摩川,2,4224,5.31,33.8,0.3333,0.3333,3,B1,0.23,13,72,30,3.7,0.2,0.203,10,6.68,0.4286,0.22,47.27,1,0,2,21,31.15,v2_lr,0
152374,2026-09-27,多摩川,3,4435,5.56,35.2,0.2766,0.4255,47,A2,0.2,9,75,29,3,0.2,0.133,10,6.66,0.7143,0.01,33.9,0.4794,0,2,21,25.49,v2_lr,0
152374,2026-09-27,多摩川,4,5049,5.46,35.5,0.1538,0.3077,13,A2,0.18,9,60,16,2.9,0.2,0.152,10,6.66,0.7143,0.07,33.63,0.4688,0,2,21,10.69,v2_lr,0
152374,2026-09-27,多摩川,5,4288,7.32,58.2,0.3333,0.3333,3,A1,0.13,10,68,25,2.8,0.2,0.112,10,6.64,1,0.04,35,0.5222,0,2,21,19.56,v2_lr,1
152374,2026-09-27,多摩川,6,3518,4.13,20.6,0.0952,0.1429,21,B1,0.17,0,42,4,4.7,0,0.143,10,6.7,0.1429,0.09,34.82,0.5152,0,2,21,1.66,v2_lr,0
152375,2026-09-27,多摩川,1,4864,4.16,21.3,0,0.3333,3,B1,0.16,20,51,30,3.8,0,0.163,10,6.75,0.5833,0.15,29.31,0.6589,0,2,21,12.4,v2_lr,0
152375,2026-09-27,多摩川,2,5048,4.18,18.8,0.1538,0.3846,13,B1,0.17,3,60,22,4.4,0.1,0.221,10,6.73,0.75,0.24,29.7,0.6857,0,2,21,16.74,v2_lr,0
152375,2026-09-27,多摩川,3,4737,7.67,65.3,0.25,0.25,4,A1,0.17,14,66,37,2.5,0.4,0.154,10,6.7,1,0.09,19.75,0,0,2,21,18.55,v2_lr,1
152375,2026-09-27,多摩川,4,3202,4.32,23.5,0.1389,0.1944,36,B1,0.19,2,58,14,4.2,0,0.198,10,6.82,0,0.09,21.11,0.0937,0,2,21,4.99,v2_lr,0
152375,2026-09-27,多摩川,5,4190,7.7,80,0.5,0.5,4,B2,0.16,7,56,16,3.1,0.2,0.202,10,6.75,0.5833,0.07,25.77,0.4149,0,2,21,21.05,v2_lr,0
152375,2026-09-27,多摩川,6,3349,6.33,45.3,0.75,1,4,A1,0.14,10,62,17,2.9,0.3,0.169,10,6.75,0.5833,0.17,34.26,1,0,2,21,26.26,v2_lr,0
152376,2026-09-27,多摩川,1,5376,5.18,34,0,0,3,B1,0.15,16,27,21,4.3,0.1,0.127,10,6.72,0.4286,0.02,29.63,0.2064,1,2,21,21.79,v2_lr,1
152376,2026-09-27,多摩川,2,4003,5.45,39.3,0.0455,0.3182,22,B1,0.2,8,67,29,3.5,0.1,0.13,10,6.71,0.5714,0.07,33.94,0.7146,1,2,21,19.62,v2_lr,0
152376,2026-09-27,多摩川,3,5023,5.98,41.4,0.275,0.325,40,A2,0.15,8,67,22,3.8,0.2,0.177,10,6.75,0,0.06,29.9,0.2382,1,2,21,29.37,v2_lr,0
152376,2026-09-27,多摩川,4,5079,4.63,27.8,0.0833,0.0833,12,B1,0.19,6,62,14,4.4,0.1,0.173,10,6.72,0.4286,-0.01,27.88,0,1,2,21,8.15,v2_lr,0
152376,2026-09-27,多摩川,5,4025,6.63,51,0.2727,0.3636,11,A1,0.19,5,69,25,2.5,0.4,0.192,10,6.68,1,0.11,29.67,0.2111,1,2,21,19.29,v2_lr,0
152376,2026-09-27,多摩川,6,4332,4.29,18.8,0,0,3,B1,0.18,1,45,4,4.8,0,0.196,10,6.7,0.7143,0.12,36.36,1,1,2,21,1.78,v2_lr,0
152377,2026-09-27,多摩川,1,4015,6.09,40,0.2308,0.6923,13,A2,0.16,48,82,60,3.1,0,0.159,10,6.7,0.5909,0.27,48.15,1,1,2,22,38.76,v2_lr,1
152377,2026-09-27,多摩川,2,3075,4.31,25.5,0.1875,0.25,32,B1,0.16,5,71,21,3.5,0.2,0.104,10,6.83,0,0.17,19.05,0,1,2,22,23.72,v2_lr,0
152377,2026-09-27,多摩川,3,4446,7.19,57,0.2083,0.4167,24,A1,0.13,18,79,44,2.6,0.3,0.139,10,6.61,1,0.06,22.55,0.1203,1,2,22,27.01,v2_lr,0
152377,2026-09-27,多摩川,4,5313,4.52,22.6,0.0769,0.0769,13,B1,0.15,3,62,5,4.7,0,0.164,10,6.79,0.1818,0.15,26.04,0.2402,1,2,22,5.88,v2_lr,0
152377,2026-09-27,多摩川,5,5411,1.76,0,0,0,36,B2,,0,60,1,4.3,0.1,0.103,10,6.75,0.3636,0.12,35.51,0.5656,1,2,22,1.96,v2_lr,0
152377,2026-09-27,多摩川,6,3885,5.67,38.3,0.1316,0.3947,38,A2,0.18,1,64,3,3,0.1,0.151,10,6.73,0.4545,0.39,36.54,0.601,1,2,22,2.67,v2_lr,0
152378,2026-09-27,多摩川,1,4383,5.85,35.7,0.1176,0.3529,17,A2,0.18,40,81,63,4.7,0,0.175,10,6.74,0.3,0.27,28.57,0.2595,1,2,22,28.69,v2_lr,1
152378,2026-09-27,多摩川,2,5292,3.73,13.1,0.0667,0.0667,30,B1,0.29,4,76,10,3.6,0,0.148,10,6.8,0,0.13,25.84,0,1,2,22,14.46,v2_lr,0
152378,2026-09-27,多摩川,3,3662,5.28,37.7,0,0.3333,3,B1,0.16,16,76,35,3.1,0.2,0.178,10,6.7,0.5,0.11,34.04,0.7795,1,2,22,8.19,v2_lr,0
152378,2026-09-27,多摩川,4,4144,6.23,45.8,0.2195,0.5122,41,A2,0.2,11,69,40,2.2,0.6,0.143,10,6.6,1,0.09,36.36,1,1,2,22,23,v2_lr,0
152378,2026-09-27,多摩川,5,4932,7.47,51.9,0.3333,0.6667,3,A1,0.16,11,67,24,2.6,0.2,0.145,10,6.64,0.8,0.2,32.99,0.6797,1,2,22,23.42,v2_lr,0
152378,2026-09-27,多摩川,6,3589,4.15,22.8,0.0833,0.3333,24,B1,0.18,3,49,6,3.3,0.2,0.144,10,6.7,0.5,0.12,30.11,0.4059,1,2,22,2.25,v2_lr,0
152379,2026-09-27,多摩川,1,5049,5.46,35.5,0.1538,0.3077,13,A2,0.18,39,60,52,2.9,0.2,0.152,10,6.69,0.8182,0.08,33.63,0.7639,0,2,22,32.76,v2_lr,1
152379,2026-09-27,多摩川,2,4061,6.91,47.8,0.1667,0.4167,12,A1,0.13,13,79,41,2.1,0.3,0.145,10,6.77,0.0909,0.23,28.71,0.4637,0,2,22,22.09,v2_lr,0
152379,2026-09-27,多摩川,3,4709,5.64,37,0.3333,0.3333,3,A2,0.15,10,79,31,3.4,0.2,0.156,10,6.76,0.1818,0.17,27.27,0.3758,0,2,22,29.21,v2_lr,0
152379,2026-09-27,多摩川,4,4113,5.18,31,0.1818,0.2727,44,B1,0.19,6,70,16,4.4,0,0.167,10,6.78,0,0.13,26.53,0.3307,0,2,22,10.03,v2_lr,0
152379,2026-09-27,多摩川,5,5199,5.23,31.8,0,0.2,10,B1,0.11,8,55,13,4.6,0,0.146,10,6.67,1,-0.03,37.5,1,0,2,22,3.54,v2_lr,0
152379,2026-09-27,多摩川,6,3202,4.32,23.5,0.1389,0.1944,36,B1,0.19,1,54,6,4.2,0,0.198,10,6.77,0.0909,0.04,21.11,0,0,2,22,2.38,v2_lr,0
152380,2026-09-27,多摩川,1,4025,6.63,51,0.2727,0.3636,11,A1,0.19,69,99,82,2.5,0.4,0.192,10,6.62,1,0.05,29.67,0.1927,0,2,23,28.63,v2_lr,1
152380,2026-09-27,多摩川,2,4379,5.66,36.9,0.0909,0.4091,44,A2,0.15,11,80,41,3.7,0.1,0.166,10,6.7,0.2,0.12,25.47,0,0,2,23,11.94,v2_lr,0
152380,2026-09-27,多摩川,3,4190,7.7,80,0.5,0.5,4,B2,0.16,9,52,29,3.1,0.2,0.202,10,6.71,0.1,0.18,25.77,0.0138,0,2,23,27.66,v2_lr,0
152380,2026-09-27,多摩川,4,4224,5.31,33.8,0.3333,0.3333,3,B1,0.23,8,65,14,3.7,0.2,0.203,10,6.72,0,0.08,47.27,1,0,2,23,17.95,v2_lr,0
152380,2026-09-27,多摩川,5,4931,6.83,48.5,0.2308,0.3846,13,A1,0.15,7,83,22,2.7,0.4,0.138,10,6.72,0,0.14,31.86,0.2931,0,2,23,6.3,v2_lr,0
152380,2026-09-27,多摩川,6,4225,6.03,40.4,0.3333,0.6667,3,A2,0.14,3,59,14,3.4,0.1,0.165,10,6.69,0.3,0.16,28.16,0.1234,0,2,23,7.52,v2_lr,0
152381,2026-09-27,多摩川,1,4288,7.32,58.2,0.3333,0.3333,3,A1,0.13,87,121,107,2.8,0.2,0.112,10,6.68,0.4444,0.09,35,0.4887,1,2,23,44.24,v2_lr,1
152381,2026-09-27,多摩川,2,4015,6.09,40,0.2308,0.6923,13,A2,0.16,12,77,33,3.1,0,0.159,10,6.72,0,0.15,48.15,0.9242,1,2,23,32.03,v2_lr,0
152381,2026-09-27,多摩川,3,3860,3.75,17,0.0345,0.1379,29,B1,0.18,7,71,17,4.1,0.2,0.165,10,6.7,0.2222,0.08,20.24,0,1,2,23,8.02,v2_lr,0
152381,2026-09-27,多摩川,4,5376,5.18,34,0,0,3,B1,0.15,4,51,9,4.3,0.1,0.127,10,6.71,0.1111,0.13,29.63,0.3109,1,2,23,3.52,v2_lr,0
152381,2026-09-27,多摩川,5,4513,5.75,40.7,0.1429,0.2857,14,A2,0.19,5,66,15,2.4,0.2,0.153,10,6.63,1,0.13,50.44,1,1,2,23,9.69,v2_lr,0
152381,2026-09-27,多摩川,6,3072,4.14,20.4,0.1277,0.3191,47,B1,0.17,3,43,9,4.2,0,0.134,10,6.72,0,0.13,35.34,0.5,1,2,23,2.49,v2_lr,0
152382,2026-09-27,多摩川,1,4737,7.67,65.3,0.25,0.25,4,A1,0.17,74,101,86,2.5,0.4,0.154,10,6.64,0.6667,0.09,19.75,0,1,1,23,31.14,v2_lr,1
152382,2026-09-27,多摩川,2,4447,5.01,32.2,0.3333,0.3333,3,B1,0.17,16,77,42,2.6,0.4,0.119,10,6.61,1,0.11,33.7,0.8309,1,1,23,32.52,v2_lr,0
152382,2026-09-27,多摩川,3,3885,5.67,38.3,0.1316,0.3947,38,A2,0.18,7,69,23,3,0.1,0.151,10,6.67,0.3333,0.09,36.54,1,1,1,23,13.54,v2_lr,0
152382,2026-09-27,多摩川,4,4383,5.85,35.7,0.1176,0.3529,17,A2,0.18,6,73,21,4.7,0,0.175,10,6.66,0.4444,0.37,28.57,0.5253,1,1,23,6.41,v2_lr,0
152382,2026-09-27,多摩川,5,5023,5.98,41.4,0.275,0.325,40,A2,0.15,6,64,15,3.8,0.2,0.177,10,6.7,0,0.15,29.9,0.6045,1,1,23,9.6,v2_lr,0
152382,2026-09-27,多摩川,6,4435,5.56,35.2,0.2766,0.4255,47,A2,0.2,0,70,5,3,0.2,0.133,10,6.69,0.1111,0.04,33.9,0.8428,1,1,23,6.8,v2_lr,0
152383,2026-09-27,常滑,1,4588,5.6,41.1,0.2143,0.3929,28,A2,0.14,57,92,74,3.2,0.2,0.131,10,6.67,0,0.02,33.33,0.2331,1,1,23,39.58,v2_lr,1
152383,2026-09-27,常滑,2,5070,3.84,17.3,0.0667,0.2667,15,B1,0.22,4,67,15,3.6,0.1,0.231,10,6.65,0.6667,0.32,33.74,0.2696,1,1,23,18.5,v2_lr,0
152383,2026-09-27,常滑,3,4650,6,42.1,0.2,0.5,20,A2,0.12,9,60,22,3.8,0,0.151,10,6.65,0.6667,0.11,33.47,0.2456,1,1,23,26.5,v2_lr,0
152383,2026-09-27,常滑,4,5240,5.18,36.6,0,0.0435,23,B1,0.16,2,59,9,4.8,0,0.225,10,6.65,0.6667,-0.04,30.71,0,1,1,23,5.2,v2_lr,0
152383,2026-09-27,常滑,5,3867,3.18,10.7,0.0909,0.1818,22,B1,0.18,1,61,1,5.2,0,0.197,10,6.66,0.3333,0.08,41.95,1,1,1,23,5.04,v2_lr,0
152383,2026-09-27,常滑,6,4557,4.18,18,0.1333,0.2,15,B1,0.18,2,57,3,3.9,0,0.199,10,6.64,1,0.01,34.73,0.3577,1,1,23,5.19,v2_lr,0
152384,2026-09-27,常滑,2,5252,5.87,40,0.1899,0.3544,79,A2,0.13,12,86,31,3.3,0.2,0.138,10,6.67,0.4286,-0.07,33.74,0.4331,1,1,23,31.77,v2_lr,0
152384,2026-09-27,常滑,3,5152,4.21,21.4,0,0,7,B1,0.23,0,56,8,4.3,0,0.196,10,6.69,0.1429,0.43,30.18,0,1,1,23,4.72,v2_lr,0
152384,2026-09-27,常滑,4,5337,4.72,25.2,0.0625,0.125,16,B1,,8,105,22,4,0.1,0.196,10,6.63,1,-0.02,38.4,1,1,1,23,10.57,v2_lr,0
152384,2026-09-27,常滑,5,3968,5.75,31.1,0.2857,0.3571,28,A2,0.18,3,59,11,2.8,0.3,0.17,10,6.65,0.7143,0.03,36.17,0.7287,1,1,23,19.75,v2_lr,1
152384,2026-09-27,常滑,6,5455,0,0,0,0,7,B2,,0,41,0,5.6,0,0.164,10,6.7,0,-0.04,34.02,0.4672,1,1,23,0.79,v2_lr,0
152385,2026-09-27,常滑,1,3850,5.03,32.7,0.1429,0.1429,7,B1,0.15,29,57,40,3.9,0.1,0.124,10,6.56,1,0.01,37.45,1,1,1,23,43.28,v2_lr,1
152385,2026-09-27,常滑,2,4058,6.29,46.8,0.125,0.3125,32,A1,0.17,12,89,46,3.4,0.1,0.177,10,6.66,0.375,0.12,34.65,0.68,1,1,23,27.18,v2_lr,0
152385,2026-09-27,常滑,3,5396,1.83,3.3,0,0.0714,14,B2,,0,15,0,4.5,0,0.21,10,6.66,0.375,0.03,34.14,0.6217,1,1,23,8.04,v2_lr,0
152385,2026-09-27,常滑,4,5111,5.55,40,0.2,0.4667,15,A2,0.13,11,69,27,3.1,0.2,0.111,10,6.64,0.5,0.01,28.7,0,1,1,23,17.19,v2_lr,0
152385,2026-09-27,常滑,5,5138,3.75,12.3,0,0.0667,15,B1,0.27,0,41,2,4.7,0,0.221,10,6.67,0.3125,0.03,34.44,0.656,1,1,23,2.67,v2_lr,0
152385,2026-09-27,常滑,6,5268,3.41,17.5,0.0667,0.2,15,B1,0.17,1,73,1,5,0.1,0.167,10,6.72,0,0.04,31.22,0.288,1,1,23,1.65,v2_lr,0
152386,2026-09-27,常滑,1,3635,4.72,35.5,0.1026,0.2821,39,B1,0.16,34,79,61,3.4,0.2,0.147,10,6.68,0.375,0.12,36.82,1,2,1,23,31.58,v2_lr,0
152386,2026-09-27,常滑,2,4199,6.57,48.7,0.194,0.4328,67,A1,0.16,8,96,34,3.1,0.3,0.15,10,6.71,0,0.2,34.54,0.6275,2,1,23,28.81,v2_lr,0
152386,2026-09-27,常滑,3,4252,4.4,22.4,0.0526,0.1842,38,B1,0.2,4,63,16,3.9,0,0.207,10,6.64,0.875,0.2,35.48,0.781,2,1,23,13.65,v2_lr,0
152386,2026-09-27,常滑,4,5053,3.99,21.8,0.1143,0.2857,35,B1,0.17,3,65,11,3.9,0.1,0.178,10,6.63,1,0.17,35.83,0.8382,2,1,23,12.62,v2_lr,1
152386,2026-09-27,常滑,5,3251,5.63,38.6,0.2083,0.4167,24,A2,0.18,3,85,14,3.5,0.2,0.167,10,6.65,0.75,0.16,33.33,0.4297,2,1,23,11.64,v2_lr,0
152386,2026-09-27,常滑,6,3945,4.15,21.5,0.087,0.1739,46,B1,0.21,1,49,4,3.9,0.1,0.174,10,6.71,0,0.1,30.7,0,2,1,23,1.7,v2_lr,0
152387,2026-09-27,常滑,1,4650,6,42.1,0.2,0.5,20,A2,0.12,45,66,54,3.8,0,0.151,10,6.62,0.5385,0.13,33.47,0,2,1,23,26.39,v2_lr,0
152387,2026-09-27,常滑,2,4669,5.22,31.3,0.125,0.25,8,B1,0.14,3,64,17,3.6,0.1,0.16,10,6.64,0.3846,0.23,34.04,0.0615,2,1,23,15,v2_lr,0
152387,2026-09-27,常滑,3,4437,5.89,45.9,0.3182,0.5,44,A2,0.17,14,68,31,2,0.6,0.146,10,6.56,1,0.27,35.83,0.2546,2,1,23,24.94,v2_lr,1
152387,2026-09-27,常滑,4,4896,4.19,18.8,0.1667,0.6667,6,B1,0.18,1,70,10,3.4,0.1,0.17,10,6.6,0.6923,0.09,34.05,0.0626,2,1,23,9.15,v2_lr,0
152387,2026-09-27,常滑,5,4532,7.29,59.4,0.3793,0.6207,29,A1,0.14,9,66,22,2.5,0.3,0.158,10,6.64,0.3846,0.07,42.74,1,2,1,23,18.4,v2_lr,0
152387,2026-09-27,常滑,6,3833,6.06,43.7,0.3077,0.5769,26,A2,0.13,1,65,12,2.5,0.3,0.129,10,6.69,0,0.14,38.14,0.5038,2,1,23,6.12,v2_lr,0
152388,2026-09-27,常滑,1,5252,5.87,40,0.1899,0.3544,79,A2,0.13,37,70,50,3.3,0.2,0.138,10,6.63,0.25,0.26,33.74,0.5298,2,1,23,30.92,v2_lr,1
152388,2026-09-27,常滑,2,4562,4.32,13.5,0.2143,0.4286,14,B1,0.21,3,75,12,2.9,0.3,0.176,10,6.58,0.875,0.02,29.44,0.0959,2,1,23,31.13,v2_lr,0
152388,2026-09-27,常滑,3,4055,6.05,41.6,0.2353,0.5294,34,A2,0.14,11,84,33,2.7,0,0.196,10,6.63,0.25,0.14,35.95,0.7528,2,1,23,22.69,v2_lr,0
152388,2026-09-27,常滑,4,5070,3.84,17.3,0.0667,0.2667,15,B1,0.22,5,61,9,3.6,0.1,0.231,10,6.57,1,-0.05,33.74,0.5298,2,1,23,8.55,v2_lr,0
152388,2026-09-27,常滑,5,5337,4.72,25.2,0.0625,0.125,16,B1,,5,103,18,4,0.1,0.196,10,6.65,0,0.04,38.4,1,2,1,23,2.98,v2_lr,0
152388,2026-09-27,常滑,6,3905,6.13,44.7,0.2097,0.4355,62,A2,0.15,3,73,15,2.4,0.2,0.129,10,6.65,0,0.05,28.49,0,2,1,23,3.74,v2_lr,0
152389,2026-09-27,常滑,1,4731,5.27,34.7,0.1739,0.413,46,B1,0.16,21,45,29,4,0.1,0.174,10,6.57,1,-0.09,45.53,1,1,1,23,41.48,v2_lr,1
152389,2026-09-27,常滑,2,4438,4.95,32.5,0.125,0.125,8,B1,0.13,12,68,27,3.7,0.2,0.111,10,6.63,0.4,-0.02,39.83,0.6894,1,1,23,25.77,v2_lr,0
152389,2026-09-27,常滑,3,4209,5.61,33.9,0.24,0.4,25,A2,0.16,12,72,36,3.2,0.2,0.171,10,6.66,0.1,-0.06,27.18,0,1,1,23,25.55,v2_lr,0
152389,2026-09-27,常滑,4,5152,4.21,21.4,0,0,7,B1,0.23,0,47,3,4.3,0,0.196,10,6.64,0.3,-0.02,30.18,0.1635,1,1,23,4.02,v2_lr,0
152389,2026-09-27,常滑,5,5240,5.18,36.6,0,0.0435,23,B1,0.16,1,59,6,4.8,0,0.225,10,6.63,0.4,-0.02,30.71,0.1924,1,1,23,2.27,v2_lr,0
152389,2026-09-27,常滑,6,5396,1.83,3.3,0,0.0714,14,B2,,1,107,1,4.5,0,0.21,10,6.67,0,-0.05,34.14,0.3793,1,1,23,0.9,v2_lr,0
152390,2026-09-27,常滑,1,3867,3.18,10.7,0.0909,0.1818,22,B1,0.18,13,47,20,5.2,0,0.197,10,6.63,0.4545,0.23,41.95,1,1,1,23,38.31,v2_lr,0
152390,2026-09-27,常滑,2,3850,5.03,32.7,0.1429,0.1429,7,B1,0.15,6,74,19,3.9,0.1,0.124,10,6.57,1,0.04,37.45,0.4325,1,1,23,40.61,v2_lr,1
152390,2026-09-27,常滑,3,5138,3.75,12.3,0,0.0667,15,B1,0.27,1,46,3,4.7,0,0.221,10,6.63,0.4545,0.05,34.44,0.053,1,1,23,9.9,v2_lr,0
152390,2026-09-27,常滑,4,4252,4.4,22.4,0.0526,0.1842,38,B1,0.2,12,73,19,3.9,0,0.207,10,6.65,0.2727,0,35.48,0.1841,1,1,23,7.69,v2_lr,0
152390,2026-09-27,常滑,5,5455,0,0,0,0,7,B2,,0,22,0,5.6,0,0.164,10,6.63,0.4545,0.03,34.02,0,1,1,23,2.2,v2_lr,0
152390,2026-09-27,常滑,6,4425,4.53,17,0,0.1429,7,B1,0.2,0,48,0,4.5,0,0.189,10,6.68,0,0.26,41.32,0.9206,1,1,23,1.28,v2_lr,0
152391,2026-09-27,常滑,1,4146,5.9,39.3,0.2333,0.3,30,A2,0.16,31,68,51,3.9,0.2,0.141,10,6.63,0.5,0.2,44.03,1,0,0,23,36.73,v2_lr,0
152391,2026-09-27,常滑,2,4896,4.19,18.8,0.1667,0.6667,6,B1,0.18,5,69,12,3.4,0.1,0.17,10,6.59,1,0.18,34.05,0.349,0,0,23,27.4,v2_lr,1
152391,2026-09-27,常滑,3,4669,5.22,31.3,0.125,0.25,8,B1,0.14,7,71,18,3.6,0.1,0.16,10,6.64,0.375,0.12,34.04,0.3483,0,0,23,14.06,v2_lr,0
152391,2026-09-27,常滑,4,4588,5.6,41.1,0.2143,0.3929,28,A2,0.14,7,83,26,3.2,0.2,0.131,10,6.67,0,0.03,33.33,0.302,0,0,23,12.66,v2_lr,0
152391,2026-09-27,常滑,5,5053,3.99,21.8,0.1143,0.2857,35,B1,0.17,3,64,8,3.9,0.1,0.178,10,6.63,0.5,0.05,35.83,0.4651,0,0,23,4.91,v2_lr,0
152391,2026-09-27,常滑,6,5111,5.55,40,0.2,0.4667,15,A2,0.13,1,73,9,3.1,0.2,0.111,10,6.63,0.5,0.16,28.7,0,0,0,23,4.24,v2_lr,0
152392,2026-09-27,常滑,1,3833,6.06,43.7,0.3077,0.5769,26,A2,0.13,85,113,102,2.5,0.3,0.129,10,6.61,0.625,0,38.14,1,0,0,23,34.68,v2_lr,0
152392,2026-09-27,常滑,2,4407,5.09,26.2,0.1316,0.3158,38,B1,0.16,9,86,33,3.2,0.1,0.156,10,6.62,0.5,0.05,28.83,0,0,0,23,19.08,v2_lr,0
152392,2026-09-27,常滑,3,4199,6.57,48.7,0.194,0.4328,67,A1,0.16,10,90,36,3.1,0.3,0.15,10,6.63,0.375,0.09,34.54,0.6133,0,0,23,17.76,v2_lr,1
152392,2026-09-27,常滑,4,4058,6.29,46.8,0.125,0.3125,32,A1,0.17,2,85,21,3.4,0.1,0.177,10,6.66,0,0.06,34.65,0.6251,0,0,23,6.69,v2_lr,0
152392,2026-09-27,常滑,5,4562,4.32,13.5,0.2143,0.4286,14,B1,0.21,3,68,8,2.9,0.3,0.176,10,6.58,1,0.06,29.44,0.0655,0,0,23,10.14,v2_lr,0
152392,2026-09-27,常滑,6,4437,5.89,45.9,0.3182,0.5,44,A2,0.17,2,74,7,2,0.6,0.146,10,6.59,0.875,0.05,35.83,0.7519,0,0,23,11.65,v2_lr,0
152393,2026-09-27,常滑,1,4532,7.29,59.4,0.3793,0.6207,29,A1,0.14,74,103,90,2.5,0.3,0.158,10,6.65,0.6154,-0.01,42.74,1,1,1,23,32.86,v2_lr,1
152393,2026-09-27,常滑,2,3968,5.75,31.1,0.2857,0.3571,28,A2,0.18,13,68,32,2.8,0.3,0.17,10,6.6,1,0.09,36.17,0.5778,1,1,23,29.13,v2_lr,0
152393,2026-09-27,常滑,3,3905,6.13,44.7,0.2097,0.4355,62,A2,0.15,8,79,29,2.4,0.2,0.129,10,6.68,0.3846,0.02,28.49,0.0842,1,1,23,16.59,v2_lr,0
152393,2026-09-27,常滑,4,4209,5.61,33.9,0.24,0.4,25,A2,0.16,3,68,16,3.2,0.2,0.171,10,6.67,0.4615,0.19,27.18,0,1,1,23,12.32,v2_lr,0
152393,2026-09-27,常滑,5,4055,6.05,41.6,0.2353,0.5294,34,A2,0.14,6,78,19,2.7,0,0.196,10,6.73,0,0.07,35.95,0.5636,1,1,23,7.11,v2_lr,0
152393,2026-09-27,常滑,6,3635,4.72,35.5,0.1026,0.2821,39,B1,0.16,1,87,5,3.4,0.2,0.147,10,6.66,0.5385,0.05,36.82,0.6195,1,1,23,1.98,v2_lr,0
152394,2026-09-27,常滑,1,4786,6.78,55.9,0.2609,0.5435,46,A1,0.14,73,108,93,2.2,0.3,0.12,10,6.63,0.4545,-0.06,30,0,1,1,23,21.23,v2_lr,0
152394,2026-09-27,常滑,2,3788,5.88,45,0.4,0.5,10,B2,0.13,9,62,27,2.8,0.4,0.148,10,6.68,0,0.09,32.47,0.256,1,1,23,21.56,v2_lr,0
152394,2026-09-27,常滑,3,4950,6.61,48.3,0.3,0.5,10,A1,0.17,14,75,31,3.2,0.3,0.213,10,6.64,0.3636,-0.09,39.65,1,1,1,23,18.14,v2_lr,0
152394,2026-09-27,常滑,4,4886,6.04,31,0.4167,0.75,12,A2,0.13,11,71,34,2,0.4,0.124,10,6.63,0.4545,-0.04,36.13,0.6352,1,1,23,19.25,v2_lr,1
152394,2026-09-27,常滑,5,4033,6.13,48.2,0.3333,0.4583,24,A2,0.15,2,70,16,2.3,0.4,0.155,10,6.66,0.1818,-0.01,33.2,0.3316,1,1,23,9.62,v2_lr,0
152394,2026-09-27,常滑,6,4794,6.7,49.5,0.3333,0.4074,27,A1,0.16,2,73,10,2.6,0.3,0.153,10,6.57,1,-0.09,39.08,0.9409,1,1,23,10.19,v2_lr,0
152395,2026-09-27,津,1,4706,5.76,38.9,0.3438,0.4688,32,A2,0.18,53,91,66,2.7,0.3,0.187,10,6.75,1,0.16,37.84,0.6876,0,0,21,48.3,v2_lr,1
152395,2026-09-27,津,2,4169,3.68,17.8,0.1053,0.2632,38,B1,0.22,5,59,13,4.4,0,0.137,10,6.82,0.2222,0.11,41.03,1,0,0,21,22.48,v2_lr,0
152395,2026-09-27,津,3,4853,3.96,18.6,0.1333,0.4,15,B1,0.21,4,68,19,4.5,0,0.221,10,6.79,0.5556,0.04,33.71,0.2831,0,0,21,18.28,v2_lr,0
152395,2026-09-27,津,4,4382,5.05,22.3,0.0714,0.2857,14,B1,0.18,3,74,12,4.1,0.1,0.144,10,6.82,0.2222,0.03,30.99,0.0167,0,0,21,6.66,v2_lr,0
152395,2026-09-27,津,5,5466,0,0,0,0,7,B2,,0,12,0,5.3,0,0.167,10,6.82,0.2222,0.06,40.63,0.9608,0,0,21,1.84,v2_lr,0
152395,2026-09-27,津,6,3812,4.46,21.8,0.1143,0.2571,35,B1,0.17,1,51,2,4.1,0,0.182,10,6.84,0,-0.07,30.82,0,0,0,21,2.45,v2_lr,0
152396,2026-09-27,津,1,5223,4.47,24.1,0.1429,0.2857,7,B1,0.15,20,52,24,3.8,0.1,0.142,10,6.68,1,0.16,32.89,0.3904,0,0,22,55.3,v2_lr,1
152396,2026-09-27,津,2,5247,4.32,19.1,0,0,16,B1,0.18,4,75,18,4.1,0,0.164,10,6.77,0.5,0.25,29.41,0.0865,0,0,22,17.61,v2_lr,0
152396,2026-09-27,津,3,4499,5.31,35.2,0.0741,0.2963,27,B1,0.16,7,55,21,3.8,0,0.164,10,6.77,0.5,0.1,30.15,0.1511,0,0,22,18.05,v2_lr,0
152396,2026-09-27,津,4,5186,3.62,19.7,0,0,12,B1,0.19,2,55,9,4,0,0.145,10,6.86,0,0.09,28.42,0,0,0,22,4.42,v2_lr,0
152396,2026-09-27,津,5,5470,0,0,0,0,6,B2,,0,10,0,5.1,0,0.17,10,6.72,0.7778,0.27,39.87,1,0,0,22,3.14,v2_lr,0
152396,2026-09-27,津,6,3839,3.53,11.6,0.027,0.0541,37,B1,0.17,0,51,1,5.5,0,0.191,10,6.85,0.0556,0.21,28.57,0.0131,0,0,22,1.49,v2_lr,0
152397,2026-09-27,津,1,3726,4.46,28.9,0.1667,0.3333,12,B1,0.19,14,42,24,3.6,0.1,0.137,10,6.78,0.6154,0.06,31.95,0.5126,0,0,22,28.13,v2_lr,0
152397,2026-09-27,津,2,3981,4.02,19,0.2,0.2286,35,B1,0.2,6,72,12,4,0.2,0.174,10,6.86,0,0.04,21.95,0,0,0,22,21.08,v2_lr,0
152397,2026-09-27,津,3,4665,3.97,13.7,0,0.2857,14,B1,0.16,1,74,8,4.5,0,0.116,10,6.76,0.7692,0.24,29.73,0.3988,0,0,22,6.2,v2_lr,1
152397,2026-09-27,津,4,4261,6.07,40,0.2321,0.4554,112,A2,0.16,10,76,24,2.2,0.4,0.132,10,6.73,1,0.11,29.14,0.3685,0,0,22,17.3,v2_lr,0
152397,2026-09-27,津,5,4237,7.29,52.7,0.4483,0.6897,29,A1,0.15,7,80,25,2.2,0.3,0.131,10,6.79,0.5385,0.09,40.74,0.9631,0,0,22,26.13,v2_lr,0
152397,2026-09-27,津,6,3627,5.51,38.7,0,0,6,A2,0.2,3,63,6,4.7,0,0.203,10,6.78,0.6154,0.12,41.46,1,0,0,22,1.16,v2_lr,0
152398,2026-09-27,津,1,4270,4.59,25.6,0.1585,0.378,82,B1,0.17,25,51,35,3.3,0.2,0.159,10,6.75,0.2222,0.12,39.1,0.6185,0,0,23,29.19,v2_lr,1
152398,2026-09-27,津,2,4944,4.07,21.5,0.0303,0.1515,33,B1,0.18,2,62,9,3.9,0,0.146,10,6.76,0.1111,0.17,32.34,0,0,0,23,10,v2_lr,0
152398,2026-09-27,津,3,4539,6.3,45.6,0.3514,0.5676,37,A1,0.13,11,94,39,2.5,0.2,0.117,10,6.68,1,0.1,42.07,0.8902,0,0,23,35.28,v2_lr,0
152398,2026-09-27,津,4,4848,7.03,46.7,0.2692,0.4615,26,A1,0.14,3,64,25,1.9,0.3,0.139,10,6.72,0.5556,0.08,43.27,1,0,0,23,22.34,v2_lr,0
152398,2026-09-27,津,5,5454,0,0,0,0,6,B2,,0,14,0,5.8,0,0.163,10,6.77,0,0.16,36.23,0.3559,0,0,23,1.07,v2_lr,0
152398,2026-09-27,津,6,3777,6.18,45.6,0.125,0.3125,16,A2,0.15,5,81,11,3.8,0.1,0.192,10,6.75,0.2222,0.22,35.23,0.2644,0,0,23,2.11,v2_lr,0
152399,2026-09-27,津,1,4381,5.64,38.9,0.2857,0.5,28,A2,0.18,46,92,65,2.8,0.3,0.119,10,6.75,1,-0.04,35.33,0.5636,1,1,23,34.06,v2_lr,1
152399,2026-09-27,津,2,4137,6.64,51.9,0.3529,0.5588,34,A1,0.14,15,92,44,2.8,0.4,0.118,10,6.82,0.3,0.07,28.74,0.059,1,1,23,31.12,v2_lr,0
152399,2026-09-27,津,3,4684,5.18,28.1,0.2632,0.5263,19,B1,0.2,11,66,24,2.9,0.2,0.112,10,6.79,0.6,0.26,35.53,0.5789,1,1,23,22.34,v2_lr,0
152399,2026-09-27,津,4,5439,1.44,1.4,0,0,14,B2,,0,18,0,5.6,0,0.196,10,6.81,0.4,0.25,33.57,0.4288,1,1,23,2.41,v2_lr,0
152399,2026-09-27,津,5,5091,6.01,42.6,0.2188,0.3438,32,B1,0.19,5,47,12,2.2,0.4,0.163,10,6.78,0.7,0.14,27.97,0,1,1,23,8.28,v2_lr,0
152399,2026-09-27,津,6,4169,3.68,17.8,0.1053,0.2632,38,B1,0.22,0,51,2,4.4,0,0.137,10,6.85,0,0.04,41.03,1,1,1,23,1.8,v2_lr,0
152400,2026-09-27,津,1,5160,5.61,37.8,0.1429,0.1429,14,A2,0.15,47,79,63,3.3,0.2,0.149,10,6.72,1,-0.01,41.01,1,1,1,23,34.5,v2_lr,1
152400,2026-09-27,津,2,3839,3.53,11.6,0.027,0.0541,37,B1,0.17,3,61,7,5.5,0,0.191,10,6.94,0,0.23,28.57,0,1,1,23,9.3,v2_lr,0
152400,2026-09-27,津,3,3843,4.81,28.3,0.08,0.2,25,B1,0.17,7,74,22,4.2,0.1,0.11,10,6.82,0.5455,-0.01,33.33,0.3826,1,1,23,12.39,v2_lr,0
152400,2026-09-27,津,4,4362,6.79,45.6,0.2917,0.5,24,A1,0.14,5,63,20,3.1,0.3,0.121,10,6.8,0.6364,-0.09,38.32,0.7838,1,1,23,25.92,v2_lr,0
152400,2026-09-27,津,5,4579,6.1,36.8,0.2946,0.4821,112,A2,0.14,6,63,19,3,0.4,0.133,10,6.77,0.7727,0.03,29.21,0.0514,1,1,23,16.9,v2_lr,0
152400,2026-09-27,津,6,5470,0,0,0,0,6,B2,,0,39,0,5.1,0,0.17,10,6.78,0.7273,0.16,39.87,0.9084,1,1,23,1,v2_lr,0
152401,2026-09-27,津,1,4109,5.74,38.3,0.2609,0.4783,46,A2,0.13,75,103,90,3.2,0.2,0.12,10,6.84,0.1765,0.05,30.77,0.1269,2,1,23,33.61,v2_lr,1
152401,2026-09-27,津,2,5186,3.62,19.7,0,0,12,B1,0.19,4,59,21,4,0,0.145,10,6.87,0,0.21,28.42,0,2,1,23,7.2,v2_lr,0
152401,2026-09-27,津,3,4574,5.49,34,0.0732,0.2195,41,A2,0.18,9,90,36,3.1,0.2,0.148,10,6.71,0.9412,0.11,46.94,1,2,1,23,13.94,v2_lr,0
152401,2026-09-27,津,4,4134,5.97,43.8,0.1538,0.5,26,A2,0.16,10,74,28,2.5,0.3,0.161,10,6.76,0.6471,0.21,30.59,0.1172,2,1,23,9.49,v2_lr,0
152401,2026-09-27,津,5,3959,7.37,51.4,0.5625,0.7188,32,A1,0.13,15,75,24,1.4,0.7,0.092,10,6.7,1,0.2,36.03,0.4109,2,1,23,35.02,v2_lr,0
152401,2026-09-27,津,6,5466,0,0,0,0,7,B2,,0,29,0,5.3,0,0.167,10,6.78,0.5294,0.25,40.63,0.6593,2,1,23,0.73,v2_lr,0
152402,2026-09-27,津,1,5343,3.91,15.3,0.0667,0.1333,15,B1,,2,5,2,3.7,0.1,0.119,10,6.81,0.2105,0.14,25,0.3046,1,1,23,30.06,v2_lr,0
152402,2026-09-27,津,2,3627,5.51,38.7,0,0,6,A2,0.2,4,64,20,4.7,0,0.203,10,6.8,0.2632,0.09,41.46,1,1,1,23,16.62,v2_lr,0
152402,2026-09-27,津,3,5223,4.47,24.1,0.1429,0.2857,7,B1,0.15,4,83,21,3.8,0.1,0.142,10,6.76,0.4737,0.16,32.89,0.6379,1,1,23,22.31,v2_lr,1
152402,2026-09-27,津,4,3940,6.33,45.9,0.1538,0.5,26,A1,0.16,15,83,28,2.6,0.2,0.121,10,6.84,0.0526,0.08,36.05,0.7714,1,1,23,13.45,v2_lr,0
152402,2026-09-27,津,5,4239,6.69,55.3,0.2308,0.4231,26,A1,0.13,2,64,17,3.6,0.1,0.155,10,6.85,0,0.17,17.79,0,1,1,23,10.04,v2_lr,0
152402,2026-09-27,津,6,4930,5.68,36.2,0.1739,0.3913,23,A2,0.16,6,69,14,3.2,0.1,0.089,10,6.66,1,0.11,27.67,0.4174,1,1,23,7.5,v2_lr,0
152403,2026-09-27,津,1,3999,5.92,40.5,0.2609,0.3913,23,A2,0.17,65,106,84,3.6,0.1,0.164,10,6.86,0,0.07,34.59,0.4396,2,1,24,43.76,v2_lr,1
152403,2026-09-27,津,2,5317,4.82,22.6,0.1176,0.3529,17,B1,0.16,2,52,15,3.3,0,0.177,10,6.75,1,0.08,36,0.5792,2,1,24,31,v2_lr,0
152403,2026-09-27,津,3,4744,4.34,16.2,0.04,0.08,25,B1,0.2,4,61,11,3.8,0,0.206,10,6.82,0.3636,0.09,40.25,1,2,1,24,12.1,v2_lr,0
152403,2026-09-27,津,4,4499,5.31,35.2,0.0741,0.2963,27,B1,0.16,5,52,17,3.8,0,0.164,10,6.85,0.0909,0.11,30.15,0,2,1,24,5.85,v2_lr,0
152403,2026-09-27,津,5,4853,3.96,18.6,0.1333,0.4,15,B1,0.21,1,56,4,4.5,0,0.221,10,6.8,0.5455,0.19,33.71,0.3525,2,1,24,6.2,v2_lr,0
152403,2026-09-27,津,6,5454,0,0,0,0,6,B2,,0,40,1,5.8,0,0.163,10,6.81,0.4545,0.03,36.23,0.602,2,1,24,1.09,v2_lr,0
152404,2026-09-27,津,1,4237,7.29,52.7,0.4483,0.6897,29,A1,0.15,87,119,101,2.2,0.3,0.131,10,6.84,0,-0.04,40.74,0.8201,2,1,23,24.99,v2_lr,1
152404,2026-09-27,津,2,4848,7.03,46.7,0.2692,0.4615,26,A1,0.14,18,82,47,1.9,0.3,0.139,10,6.79,0.4545,0.01,43.27,1,2,1,23,20.86,v2_lr,0
152404,2026-09-27,津,3,4579,6.1,36.8,0.2946,0.4821,112,A2,0.14,13,81,31,3,0.4,0.133,10,6.76,0.7273,0.12,29.21,0,2,1,23,17.59,v2_lr,0
152404,2026-09-27,津,4,4539,6.3,45.6,0.3514,0.5676,37,A1,0.13,19,71,33,2.5,0.2,0.117,10,6.75,0.8182,-0.03,42.07,0.9147,2,1,23,18.37,v2_lr,0
152404,2026-09-27,津,5,4706,5.76,38.9,0.3438,0.4688,32,A2,0.18,7,76,20,2.7,0.3,0.187,10,6.79,0.4545,0.12,37.84,0.6138,2,1,23,11.31,v2_lr,0
152404,2026-09-27,津,6,4381,5.64,38.9,0.2857,0.5,28,A2,0.18,3,73,7,2.8,0.3,0.119,10,6.73,1,0,35.33,0.4353,2,1,23,6.87,v2_lr,0
152405,2026-09-27,津,1,5091,6.01,42.6,0.2188,0.3438,32,B1,0.19,30,47,37,2.2,0.4,0.163,10,6.81,0.9,-0.02,27.97,0,1,1,23,31.05,v2_lr,0
152405,2026-09-27,津,2,4362,6.79,45.6,0.2917,0.5,24,A1,0.14,15,70,38,3.1,0.3,0.121,10,6.9,0,0.08,38.32,0.7937,1,1,23,28.34,v2_lr,0
152405,2026-09-27,津,3,4134,5.97,43.8,0.1538,0.5,26,A2,0.16,18,78,43,2.5,0.3,0.161,10,6.83,0.7,0.15,30.59,0.2009,1,1,23,14.38,v2_lr,0
152405,2026-09-27,津,4,4684,5.18,28.1,0.2632,0.5263,19,B1,0.2,6,68,15,2.9,0.2,0.112,10,6.87,0.3,0.19,35.53,0.5798,1,1,23,14.92,v2_lr,0
152405,2026-09-27,津,5,5160,5.61,37.8,0.1429,0.1429,14,A2,0.15,3,70,19,3.3,0.2,0.149,10,6.8,1,0.16,41.01,1,1,1,23,6.95,v2_lr,1
152405,2026-09-27,津,6,4109,5.74,38.3,0.2609,0.4783,46,A2,0.13,3,85,12,3.2,0.2,0.12,10,6.89,0.1,0.26,30.77,0.2147,1,1,23,4.36,v2_lr,0
152406,2026-09-27,津,1,3959,7.37,51.4,0.5625,0.7188,32,A1,0.13,68,99,82,1.4,0.7,0.092,10,6.69,1,0.06,36.03,0.7037,0,0,23,33.94,v2_lr,1
152406,2026-09-27,津,2,3940,6.33,45.9,0.1538,0.5,26,A1,0.16,18,95,34,2.6,0.2,0.121,10,6.72,0.7857,0.06,36.05,0.7056,0,0,23,21.37,v2_lr,0
152406,2026-09-27,津,3,4261,6.07,40,0.2321,0.4554,112,A2,0.16,9,74,30,2.2,0.4,0.132,10,6.76,0.5,0.23,29.14,0.0386,0,0,23,17.27,v2_lr,0
152406,2026-09-27,津,4,4137,6.64,51.9,0.3529,0.5588,34,A1,0.14,15,83,35,2.8,0.4,0.118,10,6.79,0.2857,0.01,28.74,0,0,0,23,19.98,v2_lr,0
152406,2026-09-27,津,5,4270,4.59,25.6,0.1585,0.378,82,B1,0.17,0,64,4,3.3,0.2,0.159,10,6.81,0.1429,0.03,39.1,1,0,0,23,5.03,v2_lr,0
152406,2026-09-27,津,6,3726,4.46,28.9,0.1667,0.3333,12,B1,0.19,0,45,2,3.6,0.1,0.137,10,6.83,0,-0.04,31.95,0.3098,0,0,23,2.41,v2_lr,0
152407,2026-09-27,琵琶湖,1,5289,5.71,38.8,0.16,0.24,25,A2,0.17,32,57,42,3.9,0,0.186,10,6.92,0.4286,0.18,33.02,0.1728,1,1,22,31.54,v2_lr,0
152407,2026-09-27,琵琶湖,2,4824,6.18,44.2,0.3077,0.5,26,A2,0.13,26,85,46,3.6,0.2,0.144,10,6.84,1,0.11,32.73,0.1491,1,1,22,38.74,v2_lr,1
152407,2026-09-27,琵琶湖,3,5047,4.62,25.3,0,0.1429,7,B1,0.13,10,67,22,3.8,0.1,0.18,10,6.85,0.9286,-0.06,36.7,0.4742,1,1,22,10.15,v2_lr,0
152407,2026-09-27,琵琶湖,4,3663,5.16,32.7,0.1034,0.2759,29,B1,0.17,3,77,18,3.5,0,0.142,10,6.91,0.5,0.37,37.14,0.5102,1,1,22,7.01,v2_lr,0
152407,2026-09-27,琵琶湖,5,4410,5.31,30.9,0.25,0.25,8,B1,0.16,5,75,12,3.2,0.4,0.153,10,6.98,0,0.16,43.12,1,1,1,22,10.88,v2_lr,0
152407,2026-09-27,琵琶湖,6,3731,4.99,29,0.0625,0.125,32,B1,0.22,3,57,15,4.7,0,0.143,10,6.9,0.5714,0.19,30.91,0,1,1,22,1.68,v2_lr,0
152408,2026-09-27,琵琶湖,1,3942,6.77,47.7,0.1364,0.2273,22,A1,0.16,62,108,83,2.9,0.4,0.136,10,6.83,1,0.05,43.14,0.6714,1,1,23,46.91,v2_lr,1
152408,2026-09-27,琵琶湖,2,4880,5.42,36.8,0,0.4,10,B1,0.18,5,62,21,3.8,0.1,0.176,10,6.96,0,0.14,37.14,0.2473,1,1,23,12.05,v2_lr,0
152408,2026-09-27,琵琶湖,3,5122,4.86,33.7,0,0.125,8,B1,0.16,2,41,14,3.8,0.1,0.158,10,6.88,0.6154,0.04,33.64,0,1,1,23,9.56,v2_lr,0
152408,2026-09-27,琵琶湖,4,5074,4.74,28.1,0.1622,0.2432,37,B1,0.2,4,70,11,4.4,0,0.164,10,6.88,0.6154,0.09,33.64,0,1,1,23,15.57,v2_lr,0
152408,2026-09-27,琵琶湖,5,4234,5.1,29.7,0,0.2286,35,B1,0.16,1,67,7,4.1,0,0.166,10,6.89,0.5385,0.07,47.79,1,1,1,23,3.51,v2_lr,0
152408,2026-09-27,琵琶湖,6,4953,6.79,57.1,0.2692,0.5769,26,A1,0.16,6,75,20,3,0.4,0.165,10,6.85,0.8462,0.1,37.62,0.2813,1,1,23,12.39,v2_lr,0
152409,2026-09-27,琵琶湖,1,4600,6.81,52.6,0.1905,0.4286,21,A1,0.13,67,88,77,3.1,0.1,0.138,10,6.91,0.7333,0.18,44.04,1,1,1,23,33.32,v2_lr,1
152409,2026-09-27,琵琶湖,2,4430,5.88,40.8,0.3214,0.5,28,A2,0.16,12,91,43,3.2,0.1,0.173,10,6.9,0.8,0.07,36.89,0.5339,1,1,23,35.57,v2_lr,0
152409,2026-09-27,琵琶湖,3,4489,5.35,33.3,0.1333,0.1667,30,B1,0.14,3,59,17,4.2,0,0.145,10,6.91,0.7333,0.08,30.56,0.1213,1,1,23,15.75,v2_lr,0
152409,2026-09-27,琵琶湖,4,4318,5.58,37.1,0.1667,0.2778,18,A2,0.16,0,76,14,3.5,0.2,0.146,10,7.02,0,0.17,29.91,0.0789,1,1,23,8.05,v2_lr,0
152409,2026-09-27,琵琶湖,5,5071,4.83,25,0.12,0.4,25,B1,0.13,4,51,6,3.3,0.1,0.127,10,6.87,1,0.01,30.84,0.1395,1,1,23,6.29,v2_lr,0
152409,2026-09-27,琵琶湖,6,3814,4.76,29.1,0.0345,0.2414,29,B1,0.2,0,55,2,4.4,0,0.189,10,6.98,0.2667,0.15,28.7,0,1,1,23,1.02,v2_lr,0
152410,2026-09-27,琵琶湖,1,4796,6.51,52.6,0.3404,0.5106,47,A1,0.15,75,96,87,3.2,0.2,0.132,10,6.83,1,0.04,34.34,0,0,1,23,33.52,v2_lr,0
152410,2026-09-27,琵琶湖,2,4842,6.07,43.4,0.2857,0.2857,7,A2,0.16,8,60,25,3.8,0.2,0.174,10,6.85,0.8571,0.02,45.71,0.9677,0,1,23,30.5,v2_lr,0
152410,2026-09-27,琵琶湖,3,4258,4.67,29.4,0.16,0.24,25,B1,0.16,8,77,25,4,0.2,0.148,10,6.97,0,-0.03,40.78,0.5481,0,1,23,13,v2_lr,0
152410,2026-09-27,琵琶湖,4,4840,4.74,32.3,0.1111,0.1667,18,B1,0.12,7,68,13,4.5,0.1,0.157,10,6.94,0.2143,0.05,39.05,0.4009,0,1,23,6.01,v2_lr,1
152410,2026-09-27,琵琶湖,5,5339,5.15,29.8,0.0417,0.125,24,B1,0.21,5,91,24,4.1,0.2,0.146,10,6.85,0.8571,0.04,46.09,1,0,1,23,3.51,v2_lr,0
152410,2026-09-27,琵琶湖,6,4232,5.43,35.5,0.375,0.375,8,B1,0.17,1,47,4,3,0.3,0.127,10,6.88,0.6429,0.05,39.81,0.4655,0,1,23,13.46,v2_lr,0
152411,2026-09-27,琵琶湖,1,5012,5.44,34.8,0.1379,0.3793,29,B1,0.12,30,68,42,2.9,0.1,0.163,10,6.84,0.8889,0.31,31.78,0.1026,1,1,23,31.43,v2_lr,0
152411,2026-09-27,琵琶湖,2,4890,5.87,37.7,0.1429,0.25,28,A2,0.15,9,77,30,3.1,0.2,0.174,10,6.83,1,0.18,30.56,0,1,1,23,26.82,v2_lr,0
152411,2026-09-27,琵琶湖,3,5050,5.85,41.3,0.2907,0.4651,86,A2,0.17,15,67,32,3.2,0.2,0.162,10,6.87,0.5556,0.18,42.45,1,1,1,23,31.58,v2_lr,1
152411,2026-09-27,琵琶湖,4,5109,5.05,29.2,0,0.125,8,B1,0.17,3,65,13,4.1,0,0.188,10,6.86,0.6667,0.12,38.61,0.677,1,1,23,4.86,v2_lr,0
152411,2026-09-27,琵琶湖,5,4598,5.41,36.9,0.0714,0.0714,14,B1,0.16,8,63,17,3.1,0.1,0.131,10,6.92,0,0.06,30.69,0.0109,1,1,23,2.78,v2_lr,0
152411,2026-09-27,琵琶湖,6,3502,5.72,38.9,0.0952,0.2857,21,A2,0.14,2,65,9,3.4,0.1,0.139,10,6.87,0.5556,0.05,32.71,0.1808,1,1,23,2.54,v2_lr,0
152412,2026-09-27,琵琶湖,1,3721,6.27,42.7,0.3038,0.6076,79,A1,0.14,85,106,94,2.7,0.3,0.105,10,7.01,0,0.02,37.39,0.4327,0,1,23,39.03,v2_lr,1
152412,2026-09-27,琵琶湖,2,3497,5.32,36.5,0.2222,0.3333,18,B1,0.2,5,65,14,4.2,0.2,0.187,10,6.83,1,0.3,47.71,1,0,1,23,33.11,v2_lr,0
152412,2026-09-27,琵琶湖,3,4114,5.07,27.5,0.0526,0.1579,38,B1,0.22,5,71,17,3.8,0.1,0.181,10,6.83,1,0.21,30.48,0.0528,0,1,23,11.29,v2_lr,0
152412,2026-09-27,琵琶湖,4,5137,5.54,38.3,0.1429,0.381,21,A2,0.19,7,51,14,3.6,0.2,0.157,10,6.83,1,0.16,29.52,0,0,1,23,11.63,v2_lr,0
152412,2026-09-27,琵琶湖,5,3663,5.16,32.7,0.1034,0.2759,29,B1,0.17,3,79,11,3.5,0,0.142,10,6.97,0.2222,0.14,37.14,0.4189,0,1,23,3.85,v2_lr,0
152412,2026-09-27,琵琶湖,6,5122,4.86,33.7,0,0.125,8,B1,0.16,0,38,2,3.8,0.1,0.158,10,6.91,0.5556,0.1,33.64,0.2265,0,1,23,1.09,v2_lr,0
152413,2026-09-27,琵琶湖,1,4067,5.95,40.3,0.1481,0.3704,27,A2,0.15,67,113,90,3,0.1,0.149,10,6.74,1,0.28,30.48,0.2488,0,1,24,41.19,v2_lr,1
152413,2026-09-27,琵琶湖,2,4489,5.35,33.3,0.1333,0.1667,30,B1,0.14,13,67,28,4.2,0,0.145,10,6.93,0.1739,0.16,30.56,0.2585,0,1,24,25.84,v2_lr,0
152413,2026-09-27,琵琶湖,3,5074,4.74,28.1,0.1622,0.2432,37,B1,0.2,0,69,7,4.4,0,0.164,10,6.9,0.3043,0.12,33.64,0.6304,0,1,24,22.17,v2_lr,0
152413,2026-09-27,琵琶湖,4,5047,4.62,25.3,0,0.1429,7,B1,0.13,4,62,14,3.8,0.1,0.18,10,6.94,0.1304,0.22,36.7,1,0,1,24,4.35,v2_lr,0
152413,2026-09-27,琵琶湖,5,4195,5.07,30.6,0.037,0.2593,27,B1,0.13,2,61,10,3.2,0.1,0.1,10,6.91,0.2609,0.13,28.42,0,0,1,24,2.84,v2_lr,0
152413,2026-09-27,琵琶湖,6,5289,5.71,38.8,0.16,0.24,25,A2,0.17,1,65,6,3.9,0,0.186,10,6.97,0,0.2,33.02,0.5556,0,1,24,3.61,v2_lr,0
152414,2026-09-27,琵琶湖,1,4977,5.99,42.1,0.1154,0.3846,26,A2,0.15,41,73,55,3.3,0.2,0.174,10,6.85,1,0.16,34.55,0,1,1,22,33.62,v2_lr,1
152414,2026-09-27,琵琶湖,2,4234,5.1,29.7,0,0.2286,35,B1,0.16,2,62,20,4.1,0,0.166,10,6.97,0,0.07,47.79,1,1,1,22,12.35,v2_lr,0
152414,2026-09-27,琵琶湖,3,4410,5.31,30.9,0.25,0.25,8,B1,0.16,11,83,29,3.2,0.4,0.153,10,6.87,0.8333,-0.01,43.12,0.6473,1,1,22,33.38,v2_lr,0
152414,2026-09-27,琵琶湖,4,5339,5.15,29.8,0.0417,0.125,24,B1,0.21,10,83,23,4.1,0.2,0.146,10,6.91,0.5,0.06,46.09,0.8716,1,1,22,7.01,v2_lr,0
152414,2026-09-27,琵琶湖,5,4880,5.42,36.8,0,0.4,10,B1,0.18,0,62,11,3.8,0.1,0.176,10,6.95,0.1667,0.07,37.14,0.1956,1,1,22,1.9,v2_lr,0
152414,2026-09-27,琵琶湖,6,4842,6.07,43.4,0.2857,0.2857,7,A2,0.16,4,58,8,3.8,0.2,0.174,10,6.9,0.5833,0.09,45.71,0.8429,1,1,22,11.74,v2_lr,0
152415,2026-09-27,琵琶湖,1,5050,5.85,41.3,0.2907,0.4651,86,A2,0.17,42,71,52,3.2,0.2,0.162,10,6.85,1,0.08,42.45,1,0,1,22,42.44,v2_lr,0
152415,2026-09-27,琵琶湖,2,4840,4.74,32.3,0.1111,0.1667,18,B1,0.12,9,69,31,4.5,0.1,0.157,10,6.87,0.8824,0.2,39.05,0.7289,0,1,22,23.86,v2_lr,1
152415,2026-09-27,琵琶湖,3,3502,5.72,38.9,0.0952,0.2857,21,A2,0.14,8,75,21,3.4,0.1,0.139,10,6.85,1,0.06,32.71,0.2233,0,1,22,16.25,v2_lr,0
152415,2026-09-27,琵琶湖,4,4258,4.67,29.4,0.16,0.24,25,B1,0.16,6,76,23,4,0.2,0.148,10,6.96,0.3529,0.24,40.78,0.8668,0,1,22,10.89,v2_lr,0
152415,2026-09-27,琵琶湖,5,4572,5.23,35.5,0.1143,0.3714,35,B1,0.18,1,69,12,3.9,0,0.15,10,7.02,0,0.08,30.09,0.0144,0,1,22,3.56,v2_lr,0
152415,2026-09-27,琵琶湖,6,4318,5.58,37.1,0.1667,0.2778,18,A2,0.16,3,62,7,3.5,0.2,0.146,10,7.01,0.0588,0.09,29.91,0,0,1,22,3,v2_lr,0
152416,2026-09-27,琵琶湖,1,4232,5.43,35.5,0.375,0.375,8,B1,0.17,13,43,22,3,0.3,0.127,10,6.7,1,0.17,39.81,0.6862,0,1,21,31.35,v2_lr,1
152416,2026-09-27,琵琶湖,2,4600,6.81,52.6,0.1905,0.4286,21,A1,0.13,13,71,40,3.1,0.1,0.138,10,6.78,0.7419,0.1,44.04,1,0,1,21,23.03,v2_lr,0
152416,2026-09-27,琵琶湖,3,4824,6.18,44.2,0.3077,0.5,26,A2,0.13,18,86,40,3.6,0.2,0.144,10,6.89,0.3871,0.04,32.73,0.161,0,1,21,22.35,v2_lr,0
152416,2026-09-27,琵琶湖,4,3721,6.27,42.7,0.3038,0.6076,79,A1,0.14,10,72,29,2.7,0.3,0.105,10,7.01,0,0,37.39,0.5067,0,1,21,16.05,v2_lr,0
152416,2026-09-27,琵琶湖,5,3942,6.77,47.7,0.1364,0.2273,22,A1,0.16,7,63,22,2.9,0.4,0.136,10,6.88,0.4194,0.08,43.14,0.9332,0,1,21,5.01,v2_lr,0
152416,2026-09-27,琵琶湖,6,4890,5.87,37.7,0.1429,0.25,28,A2,0.15,1,69,6,3.1,0.2,0.174,10,6.89,0.3871,0.12,30.56,0,0,1,21,2.21,v2_lr,0
152417,2026-09-27,琵琶湖,1,4953,6.79,57.1,0.2692,0.5769,26,A1,0.16,76,99,84,3,0.4,0.165,10,6.79,1,0.17,37.62,1,0,1,21,30.86,v2_lr,1
152417,2026-09-27,琵琶湖,2,5012,5.44,34.8,0.1379,0.3793,29,B1,0.12,13,76,26,2.9,0.1,0.163,10,6.85,0.6,0.06,31.78,0.279,0,1,21,18.77,v2_lr,0
152417,2026-09-27,琵琶湖,3,4796,6.51,52.6,0.3404,0.5106,47,A1,0.15,15,73,35,3.2,0.2,0.132,10,6.88,0.4,-0.03,34.34,0.5951,0,1,21,26.11,v2_lr,0
152417,2026-09-27,琵琶湖,4,4067,5.95,40.3,0.1481,0.3704,27,A2,0.15,18,100,38,3,0.1,0.149,10,6.94,0,0.14,30.48,0.1185,0,1,21,6.24,v2_lr,0
152417,2026-09-27,琵琶湖,5,4430,5.88,40.8,0.3214,0.5,28,A2,0.16,7,75,19,3.2,0.1,0.173,10,6.82,0.8,0.25,36.89,0.9099,0,1,21,15.21,v2_lr,0
152417,2026-09-27,琵琶湖,6,5137,5.54,38.3,0.1429,0.381,21,A2,0.19,0,72,11,3.6,0.2,0.157,10,6.84,0.6667,0,29.52,0,0,1,21,2.81,v2_lr,0
152418,2026-09-27,琵琶湖,1,4759,6.78,44.4,0.55,0.8,20,A1,0.17,79,103,87,1.6,0.5,0.14,10,6.8,0.7857,0,32.41,0.1159,1,1,21,25.76,v2_lr,1
152418,2026-09-27,琵琶湖,2,4739,6.68,50.8,0.4615,0.6154,26,A1,0.15,22,89,47,2.1,0.5,0.144,10,6.77,1,0.06,36,0.3593,1,1,21,24.9,v2_lr,0
152418,2026-09-27,琵琶湖,3,4614,6.36,44.8,0.2955,0.5909,44,A1,0.13,16,67,31,2,0.4,0.119,10,6.82,0.6429,0.03,36.36,0.3837,1,1,21,18.39,v2_lr,0
152418,2026-09-27,琵琶湖,4,4013,6.84,40.7,0.3056,0.5,36,A1,0.15,8,78,29,2.6,0.2,0.128,10,6.82,0.6429,0.15,45.45,1,1,1,21,15.78,v2_lr,0
152418,2026-09-27,琵琶湖,5,4760,7.42,52.5,0.3889,0.6944,36,A1,0.14,12,85,32,2.3,0.5,0.118,10,6.91,0,-0.01,35.19,0.3044,1,1,21,12.87,v2_lr,0
152418,2026-09-27,琵琶湖,6,4710,5.79,39.6,0.1667,0.5,18,A2,0.15,3,81,10,2.6,0.1,0.126,10,6.84,0.5,0.02,30.7,0,1,1,21,2.3,v2_lr,0
152419,2026-09-27,尼崎,1,5198,4.84,29.3,0.087,0.1739,23,B1,0.21,12,41,22,3.9,0.1,0.179,10,6.79,1,0.03,28.33,0.296,0,0,25.4,32.94,v2_lr,0
152419,2026-09-27,尼崎,2,4404,3.94,17.3,0.1167,0.2,60,B1,0.18,8,73,24,3.8,0.1,0.227,10,6.9,0,0.05,40.16,0.9544,0,0,25.4,21.69,v2_lr,1
152419,2026-09-27,尼崎,3,3966,6.31,41.4,0.2069,0.4828,29,A1,0.17,14,86,31,3,0.1,0.183,10,6.84,0.5455,0.2,23.01,0,0,0,25.4,22.69,v2_lr,0
152419,2026-09-27,尼崎,4,4879,4.97,35.5,0.1818,0.3636,11,B1,0.23,9,61,19,3.8,0.2,0.144,10,6.86,0.3636,0.11,27.1,0.2276,0,0,25.4,12.19,v2_lr,0
152419,2026-09-27,尼崎,5,3947,4.35,15.5,0.1538,0.3077,13,B1,0.21,1,68,5,3.1,0.3,0.147,10,6.79,1,0.03,27.36,0.2421,0,0,25.4,9.23,v2_lr,0
152419,2026-09-27,尼崎,6,5249,5.11,31.1,0,0,6,B1,0.13,2,54,8,4.4,0,0.155,10,6.85,0.4545,0.17,40.98,1,0,0,25.4,1.26,v2_lr,0
152420,2026-09-27,尼崎,1,5357,1.57,1.4,0,0,12,B2,0.35,0,14,1,5.6,0,0.322,10,6.9,0.4,0.21,35.77,0.4121,1,0,25.7,18.97,v2_lr,0
152420,2026-09-27,尼崎,2,4175,6.16,46,0.1364,0.3182,22,A2,0.17,3,56,22,3,0.4,0.106,10,6.94,0,0.28,37.07,0.4629,1,0,25.7,22.61,v2_lr,1
152420,2026-09-27,尼崎,3,4703,6.35,48.7,0.1852,0.3704,27,A1,0.16,15,77,36,3,0.1,0.143,10,6.89,0.5,-0.06,39.34,0.5516,1,0,25.7,27.1,v2_lr,0
152420,2026-09-27,尼崎,4,3612,6.38,50.3,0.2195,0.4756,82,A1,0.17,13,91,32,2.5,0.2,0.131,10,6.85,0.9,0.01,43.33,0.7074,1,0,25.7,24.49,v2_lr,0
152420,2026-09-27,尼崎,5,5421,1.38,2,0,0.025,40,B2,,0,28,0,5.2,0,0.2,10,6.84,1,-0.01,25.22,0,1,0,25.7,2.93,v2_lr,0
152420,2026-09-27,尼崎,6,4465,4.69,26.7,0.0909,0.3636,11,B1,0.18,0,45,1,4.2,0,0.177,10,6.88,0.6,-0.12,50.82,1,1,0,25.7,3.9,v2_lr,0
152421,2026-09-27,尼崎,1,5243,4.86,27.3,0.1905,0.381,21,B1,0.17,32,74,46,3.1,0.1,0.116,10,6.84,1,0.09,39.34,0.8408,0,0,25.6,40.01,v2_lr,0
152421,2026-09-27,尼崎,2,4714,4.9,23.9,0.0625,0.375,16,B1,0.16,4,64,23,4,0,0.164,10,6.97,0,0,27.03,0,0,0,25.6,14.75,v2_lr,0
152421,2026-09-27,尼崎,3,3717,5.55,30.5,0.1429,0.3571,14,A2,0.2,6,50,18,3.7,0.2,0.124,10,6.88,0.6923,-0.04,32.23,0.3552,0,0,25.6,20.74,v2_lr,0
152421,2026-09-27,尼崎,4,4846,3.99,20.2,0.05,0.15,20,B1,0.14,3,64,9,4.8,0.1,0.188,10,6.91,0.4615,-0.02,41.67,1,0,0,25.6,7.05,v2_lr,0
152421,2026-09-27,尼崎,5,4262,7.19,45.8,0.25,0.5,20,A1,0.15,10,72,23,2.5,0.5,0.131,10,6.85,0.9231,0.02,28.97,0.1325,0,0,25.6,16.37,v2_lr,1
152421,2026-09-27,尼崎,6,5386,2.58,6.4,0.026,0.0519,77,B1,0.19,0,107,1,4.1,0.1,0.111,10,6.96,0.0769,0.17,38.14,0.7589,0,0,25.6,1.08,v2_lr,0
152422,2026-09-27,尼崎,1,4343,4.78,23.6,0.0455,0.1818,22,B1,0.18,14,46,21,3.9,0,0.174,10,6.87,0.6,0.04,31.03,0.1165,1,0,25.6,23.93,v2_lr,0
152422,2026-09-27,尼崎,2,4505,6.35,45.8,0.2,0.4,5,A1,0.17,10,65,35,2.7,0.2,0.131,10,6.85,1,0.02,30,0,1,0,25.6,32.39,v2_lr,1
152422,2026-09-27,尼崎,3,5084,7.07,43.4,0.3333,0.5556,18,A1,0.14,15,65,33,2.9,0.3,0.14,10,6.87,0.6,0.09,38.21,0.9287,1,0,25.6,35.97,v2_lr,0
152422,2026-09-27,尼崎,4,4034,3.56,15.5,0,0.1111,18,B1,0.22,4,71,13,5,0,0.214,10,6.9,0,-0.02,31.03,0.1165,1,0,25.6,3.06,v2_lr,0
152422,2026-09-27,尼崎,5,5397,1.35,0,0,0,4,B2,,0,67,0,5.4,0,0.136,10,6.85,1,-0.02,36.07,0.6867,1,0,25.6,2.93,v2_lr,0
152422,2026-09-27,尼崎,6,4874,4.57,21.2,0,0,4,B1,0.15,3,45,5,4.2,0,0.179,10,6.86,0.8,0.03,38.84,1,1,0,25.6,1.73,v2_lr,0
152423,2026-09-27,尼崎,1,5055,5.96,42.4,0.1905,0.381,21,A2,0.16,51,87,68,3.9,0.1,0.131,10,6.88,0.3333,0.11,30.58,0.477,1,0,25.8,32.27,v2_lr,0
152423,2026-09-27,尼崎,2,3578,3.8,19,0.1667,0.25,12,B1,0.2,3,54,11,4.1,0.1,0.15,10,6.88,0.3333,0.07,41.03,1,1,0,25.8,25.14,v2_lr,0
152423,2026-09-27,尼崎,3,4682,7.02,45,0.25,0.6,20,A1,0.14,20,80,35,2.7,0.2,0.14,10,6.85,0.5833,0.02,21.05,0,1,0,25.8,25.97,v2_lr,1
152423,2026-09-27,尼崎,4,4969,4.65,21.5,0.1304,0.3913,23,B1,0.16,3,58,7,3,0.2,0.16,10,6.84,0.6667,0.13,29.03,0.3994,1,0,25.8,9.77,v2_lr,0
152423,2026-09-27,尼崎,5,5198,4.84,29.3,0.087,0.1739,23,B1,0.21,3,68,6,3.9,0.1,0.179,10,6.8,1,0.08,28.33,0.3644,1,0,25.8,5.04,v2_lr,0
152423,2026-09-27,尼崎,6,4156,5.7,37.8,0.0909,0.1818,11,A2,0.18,2,61,8,2.3,0.2,0.148,10,6.92,0,0.11,37.93,0.8448,1,0,25.8,1.81,v2_lr,0
152424,2026-09-27,尼崎,1,4852,7.18,53.2,0.5333,0.6667,15,A1,0.14,83,111,97,2.4,0.3,0.158,10,6.8,0.875,0.14,32.52,0.8162,0,0,24.6,50.59,v2_lr,1
152424,2026-09-27,尼崎,2,5144,5.43,40.3,0.0625,0.1875,16,B1,0.19,6,72,21,3.8,0.1,0.123,10,6.84,0.375,0.33,18.09,0,0,0,24.6,14.55,v2_lr,0
152424,2026-09-27,尼崎,3,5353,2.81,8.6,0,0.027,37,B1,0.11,1,14,2,4.7,0.1,0.168,10,6.87,0,0.25,29.51,0.6459,0,0,24.6,5.47,v2_lr,0
152424,2026-09-27,尼崎,4,4958,6.4,43.4,0.2,0.4,25,A1,0.14,19,89,31,2.3,0.3,0.133,10,6.8,0.875,0.07,35,0.9564,0,0,24.6,21.32,v2_lr,0
152424,2026-09-27,尼崎,5,5357,1.57,1.4,0,0,12,B2,0.35,0,77,0,5.6,0,0.322,10,6.85,0.25,0.06,35.77,1,0,0,24.6,2.14,v2_lr,0
152424,2026-09-27,尼崎,6,3947,4.35,15.5,0.1538,0.3077,13,B1,0.21,2,62,7,3.1,0.3,0.147,10,6.79,1,0.02,27.36,0.5243,0,0,24.6,5.94,v2_lr,0
152425,2026-09-27,尼崎,1,4369,5.92,39.8,0.1154,0.3077,26,A2,0.18,51,88,70,3.3,0.1,0.188,10,6.91,0.0833,0.01,37.07,0.449,0,0,24.2,34.64,v2_lr,1
152425,2026-09-27,尼崎,2,5216,6.4,45.9,0.1667,0.4167,24,A1,0.19,16,78,38,2.3,0.4,0.118,10,6.86,0.5,0.09,47.01,1,0,0,24.2,35.41,v2_lr,0
152425,2026-09-27,尼崎,3,4404,3.94,17.3,0.1167,0.2,60,B1,0.18,8,66,20,3.8,0.1,0.227,10,6.88,0.3333,-0.04,40.16,0.6203,0,0,24.2,19.11,v2_lr,0
152425,2026-09-27,尼崎,4,4941,4.97,26.6,0,0.25,32,B1,0.19,3,64,6,3.3,0.1,0.211,10,6.85,0.5833,-0.02,28.97,0,0,0,24.2,5.37,v2_lr,0
152425,2026-09-27,尼崎,5,3769,5.6,35.1,0.0667,0.2,15,A2,0.15,3,58,10,4,0.1,0.114,10,6.92,0,0.04,34.23,0.2916,0,0,24.2,3.56,v2_lr,0
152425,2026-09-27,尼崎,6,5413,1.91,4.3,0,0,13,B2,,0,127,0,4.8,0,0.214,10,6.8,1,0.04,42.15,0.7306,0,0,24.2,1.92,v2_lr,0
152426,2026-09-27,尼崎,1,3966,6.31,41.4,0.2069,0.4828,29,A1,0.17,72,119,96,3,0.1,0.183,10,6.81,0.7857,0.06,23.01,0,0,0,24.3,35.92,v2_lr,0
152426,2026-09-27,尼崎,2,4111,5.51,37,0.2,0.2667,15,A2,0.17,12,83,27,3.4,0.2,0.184,10,6.86,0.4286,0.24,41.8,1,0,0,24.3,28.37,v2_lr,1
152426,2026-09-27,尼崎,3,4856,6.85,47.5,0.2308,0.6154,13,A1,0.13,21,86,46,1.8,0.5,0.138,10,6.78,1,0.14,37.19,0.7547,0,0,24.3,28.18,v2_lr,0
152426,2026-09-27,尼崎,4,4874,4.57,21.2,0,0,4,B1,0.15,5,49,13,4.2,0,0.179,10,6.89,0.2143,0.13,38.84,0.8425,0,0,24.3,3.73,v2_lr,0
152426,2026-09-27,尼崎,5,4846,3.99,20.2,0.05,0.15,20,B1,0.14,0,59,8,4.8,0.1,0.188,10,6.92,0,0.02,41.67,0.9931,0,0,24.3,2.75,v2_lr,0
152426,2026-09-27,尼崎,6,5421,1.38,2,0,0.025,40,B2,,0,52,1,5.2,0,0.2,10,6.83,0.6429,-0.01,25.22,0.1176,0,0,24.3,1.05,v2_lr,0
152427,2026-09-27,尼崎,1,4761,5.66,36.9,0.3125,0.5,32,A2,0.14,61,90,71,3,0.2,0.136,10,6.8,1,0.11,22.41,0,0,0,24,48.84,v2_lr,1
152427,2026-09-27,尼崎,2,5249,5.11,31.1,0,0,6,B1,0.13,9,79,26,4.4,0,0.155,10,6.85,0,0.34,40.98,0.8877,0,0,24,10.85,v2_lr,0
152427,2026-09-27,尼崎,3,3841,5.92,41.1,0.2174,0.3478,23,A2,0.16,16,88,33,3.5,0.2,0.176,10,6.85,0,0.09,24.11,0.0813,0,0,24,22.9,v2_lr,0
152427,2026-09-27,尼崎,4,5397,1.35,0,0,0,4,B2,,0,5,0,5.4,0,0.136,10,6.82,0.6,0.09,36.07,0.653,0,0,24,4.61,v2_lr,0
152427,2026-09-27,尼崎,5,4155,6.14,45.9,0.1818,0.4545,33,A2,0.17,4,67,14,3.6,0.2,0.168,10,6.85,0,0.03,25,0.1238,0,0,24,7.18,v2_lr,0
152427,2026-09-27,尼崎,6,3612,6.38,50.3,0.2195,0.4756,82,A1,0.17,10,81,23,2.5,0.2,0.131,10,6.84,0.2,0.31,43.33,1,0,0,24,5.63,v2_lr,0
152428,2026-09-27,尼崎,1,4682,7.02,45,0.25,0.6,20,A1,0.14,87,111,96,2.7,0.2,0.14,10,6.8,0.9375,0.03,21.05,0,0,0,23.7,42.52,v2_lr,1
152428,2026-09-27,尼崎,2,5104,5.59,37.5,0.2,0.2,5,A2,0.11,18,57,33,2.7,0.2,0.138,10,6.82,0.8125,0.08,27.87,0.2976,0,0,23.7,33.33,v2_lr,0
152428,2026-09-27,尼崎,3,4034,3.56,15.5,0,0.1111,18,B1,0.22,2,76,12,5,0,0.214,10,6.89,0.375,0.21,31.03,0.4354,0,0,23.7,6.47,v2_lr,0
152428,2026-09-27,尼崎,4,5353,2.81,8.6,0,0.027,37,B1,0.11,2,39,4,4.7,0.1,0.168,10,6.95,0,0.07,29.51,0.3691,0,0,23.7,3.12,v2_lr,0
152428,2026-09-27,尼崎,5,4703,6.35,48.7,0.1852,0.3704,27,A1,0.16,3,68,21,3,0.1,0.143,10,6.84,0.6875,-0.02,39.34,0.798,0,0,23.7,11.13,v2_lr,0
152428,2026-09-27,尼崎,6,4589,4.88,27.6,0.0714,0.2857,14,B1,0.19,0,55,4,3.3,0,0.145,10,6.79,1,0.01,43.97,1,0,0,23.7,3.43,v2_lr,0
152429,2026-09-27,尼崎,1,5084,7.07,43.4,0.3333,0.5556,18,A1,0.14,87,105,94,2.9,0.3,0.14,10,6.88,0.8,0,38.21,0.7976,0,0,23.5,30.69,v2_lr,1
152429,2026-09-27,尼崎,2,4879,4.97,35.5,0.1818,0.3636,11,B1,0.23,12,66,32,3.8,0.2,0.144,10,6.91,0.2,0.11,27.1,0,0,0,23.5,17.16,v2_lr,0
152429,2026-09-27,尼崎,3,4175,6.16,46,0.1364,0.3182,22,A2,0.17,10,65,32,3,0.4,0.106,10,6.88,0.8,0.21,37.07,0.7157,0,0,23.5,12.91,v2_lr,0
152429,2026-09-27,尼崎,4,5210,5.47,37.9,0.2,0.4,15,A2,0.17,2,65,14,3,0.3,0.138,10,6.9,0.4,0.07,28.95,0.1328,0,0,23.5,9.72,v2_lr,0
152429,2026-09-27,尼崎,5,4852,7.18,53.2,0.5333,0.6667,15,A1,0.14,17,81,26,2.4,0.3,0.158,10,6.87,1,0.02,32.52,0.3891,0,0,23.5,27.4,v2_lr,0
152429,2026-09-27,尼崎,6,3578,3.8,19,0.1667,0.25,12,B1,0.2,0,49,3,4.1,0.1,0.15,10,6.92,0,0.26,41.03,1,0,0,23.5,2.12,v2_lr,0
152430,2026-09-27,尼崎,1,4262,7.19,45.8,0.25,0.5,20,A1,0.15,90,116,99,2.5,0.5,0.131,10,6.82,0.5833,0.09,28.97,0,0,0,23.4,33.49,v2_lr,1
152430,2026-09-27,尼崎,2,4958,6.4,43.4,0.2,0.4,25,A1,0.14,20,85,42,2.3,0.3,0.133,10,6.81,0.6667,0.03,35,0.3343,0,0,23.4,27.03,v2_lr,0
152430,2026-09-27,尼崎,3,4969,4.65,21.5,0.1304,0.3913,23,B1,0.16,1,62,12,3,0.2,0.16,10,6.83,0.5,0.02,29.03,0.0033,0,0,23.4,13.57,v2_lr,0
152430,2026-09-27,尼崎,4,5216,6.4,45.9,0.1667,0.4167,24,A1,0.19,12,79,29,2.3,0.4,0.118,10,6.82,0.5833,0.44,47.01,1,0,0,23.4,10.02,v2_lr,0
152430,2026-09-27,尼崎,5,4856,6.85,47.5,0.2308,0.6154,13,A1,0.13,8,80,27,1.8,0.5,0.138,10,6.77,1,0.05,37.19,0.4557,0,0,23.4,12.56,v2_lr,0
152430,2026-09-27,尼崎,6,4505,6.35,45.8,0.2,0.4,5,A1,0.17,2,68,12,2.7,0.2,0.131,10,6.89,0,0.05,30,0.0571,0,0,23.4,3.33,v2_lr,0
152431,2026-09-27,鳴門,1,4409,6.89,54.9,0.1111,0.1111,9,A1,0.15,76,99,88,2.7,0.3,0.155,10,6.88,0.2222,0.12,28.05,0,2,2,24,33.86,v2_lr,0
152431,2026-09-27,鳴門,2,3477,3.96,13,0.087,0.2391,92,B1,0.2,3,65,11,4.1,0,0.19,10,6.83,0.7778,0.46,50.56,1,2,2,24,25.13,v2_lr,0
152431,2026-09-27,鳴門,3,5312,3.63,17.7,0.0556,0.1111,18,B1,0.18,2,50,5,4.8,0,0.206,10,6.85,0.5556,0.18,32.56,0.2004,2,2,24,12.09,v2_lr,0
152431,2026-09-27,鳴門,4,4694,4.46,22.8,0.1875,0.25,16,B1,0.23,3,52,8,3.9,0.1,0.137,10,6.84,0.6667,0.13,32.22,0.1853,2,2,24,18.08,v2_lr,1
152431,2026-09-27,鳴門,5,5355,2,4.1,0,0.2,5,B1,0.17,1,60,2,4.3,0.1,0.168,10,6.9,0,0.06,38.37,0.4585,2,2,24,1.94,v2_lr,0
152431,2026-09-27,鳴門,6,4325,4.37,16.4,0.2,0.3,10,B1,0.17,0,56,2,4.2,0,0.168,10,6.81,1,0.05,33.71,0.2514,2,2,24,8.9,v2_lr,0
152432,2026-09-27,鳴門,1,4887,5.17,38,0.24,0.4,25,B1,0.15,36,57,45,4.2,0,0.163,10,6.76,1,-0.05,34.09,0.421,2,2,23,33.83,v2_lr,1
152432,2026-09-27,鳴門,2,4676,5.57,33.9,0.1923,0.1923,26,A2,0.18,6,71,19,3.9,0,0.171,10,6.88,0,-0.04,41.38,0.6619,2,2,23,23.69,v2_lr,0
152432,2026-09-27,鳴門,3,5036,5.14,36.1,0,0.25,8,B1,0.18,6,75,29,3.7,0,0.134,10,6.8,0.6667,-0.17,38.04,0.5516,2,2,23,8.06,v2_lr,0
152432,2026-09-27,鳴門,4,3412,6.71,51.4,0.4211,0.7368,19,A1,0.21,10,83,32,3.4,0.2,0.173,10,6.76,1,-0.06,34.83,0.4455,2,2,23,31.39,v2_lr,0
152432,2026-09-27,鳴門,5,5428,1.1,0,0,0,7,B2,,0,31,0,6,0,0.19,10,6.83,0.4167,0.01,51.61,1,2,2,23,1.83,v2_lr,0
152432,2026-09-27,鳴門,6,3587,4.02,16.8,0.0536,0.1786,56,B1,0.17,0,53,2,4.2,0,0.189,10,6.88,0,-0.1,21.35,0,2,2,23,1.19,v2_lr,0
152433,2026-09-27,鳴門,1,4596,5.88,38.8,0.281,0.4793,121,A2,0.15,56,94,75,3.1,0.2,0.14,10,6.79,1,0.21,32.05,0.1756,1,1,23,44.18,v2_lr,1
152433,2026-09-27,鳴門,2,3915,5.66,36.6,0.1667,0.1667,6,A2,0.19,15,85,42,2.7,0.5,0.166,10,6.8,0.9167,0.27,37.35,0.3509,1,1,23,30.47,v2_lr,0
152433,2026-09-27,鳴門,3,4420,5.7,37.2,0.1481,0.3333,27,A2,0.16,10,86,34,4.1,0,0.174,10,6.91,0,0.19,26.74,0,1,1,23,14.05,v2_lr,0
152433,2026-09-27,鳴門,4,4031,4.8,31.9,0.0345,0.1724,29,B1,0.17,5,70,15,4.8,0,0.155,10,6.87,0.3333,0.15,35.23,0.2808,1,1,23,4.74,v2_lr,0
152433,2026-09-27,鳴門,5,5041,4.74,28.3,0,0.2,10,B1,0.2,2,69,8,3.9,0.1,0.194,10,6.81,0.8333,-0.05,56.98,1,1,1,23,3.66,v2_lr,0
152433,2026-09-27,鳴門,6,5451,0,0,,,0,B2,,0,26,1,5.8,0,0.24,10,6.87,0.3333,-0.01,30,0.1078,1,1,23,2.9,v2_lr,0
152434,2026-09-27,鳴門,1,3548,5.65,40.9,0.4286,0.5714,7,A2,0.11,60,94,78,3.4,0.3,0.176,10,6.79,0.6667,0.14,39.56,1,1,1,23,43.95,v2_lr,1
152434,2026-09-27,鳴門,2,3439,6.38,46.3,0.0909,0.1818,11,A1,0.16,11,80,29,4.1,0,0.165,10,6.82,0.3333,0.13,35.63,0.7117,1,1,23,19.5,v2_lr,0
152434,2026-09-27,鳴門,3,4693,4.27,22.2,0.1429,0.4286,7,B1,0.19,5,81,19,3.7,0.1,0.185,10,6.77,0.8889,0.41,25.93,0,1,1,23,15.21,v2_lr,0
152434,2026-09-27,鳴門,4,3933,5.13,32.7,0.0811,0.3243,37,B1,0.17,8,77,17,2.1,0.6,0.153,10,6.76,1,0.11,33,0.5187,1,1,23,9.17,v2_lr,0
152434,2026-09-27,鳴門,5,4133,6.23,50,0.2,0.4,15,A2,0.19,8,67,13,2.5,0.3,0.12,10,6.77,0.8889,0.06,34.74,0.6464,1,1,23,11.41,v2_lr,0
152434,2026-09-27,鳴門,6,5307,4.61,26.2,0,0.1667,6,B1,0.21,3,51,5,3.8,0.1,0.19,10,6.85,0,0.13,26.32,0.0286,1,1,23,0.76,v2_lr,0
152435,2026-09-27,鳴門,1,3618,6.36,50,0.1053,0.2105,19,A1,0.17,66,108,85,1.7,0.6,0.186,10,6.82,0.75,0.15,35.23,0.6403,1,1,24,34.41,v2_lr,0
152435,2026-09-27,鳴門,2,3580,3.99,19.5,0.2609,0.4783,23,B1,0.2,0,65,11,5.2,0,0.169,10,6.88,0.375,0.13,26.74,0,1,1,24,36.29,v2_lr,0
152435,2026-09-27,鳴門,3,5117,4.03,19.1,0,0.4615,13,B1,0.18,7,46,14,3.2,0.2,0.222,10,6.94,0,0.11,39.02,0.9261,1,1,24,6.78,v2_lr,1
152435,2026-09-27,鳴門,4,4286,5.54,34.6,0,0.1538,13,A2,0.16,15,88,27,3.6,0,0.135,10,6.78,1,0.11,31.76,0.3786,1,1,24,6.11,v2_lr,0
152435,2026-09-27,鳴門,5,3900,6.16,44.2,0.2703,0.5135,37,A2,0.2,4,71,21,3.4,0.2,0.156,10,6.84,0.625,0.16,28.41,0.1259,1,1,24,15.29,v2_lr,0
152435,2026-09-27,鳴門,6,5462,0,0,0,0,8,B2,,0,29,0,5.8,0,0.227,10,6.85,0.5625,0.15,40,1,1,1,24,1.12,v2_lr,0
152436,2026-09-27,鳴門,1,4116,4.92,27,0.1111,0.3333,54,B1,0.19,24,62,35,3.6,0,0.183,10,6.78,0.6429,0.25,48,0.8524,1,1,24,33,v2_lr,0
152436,2026-09-27,鳴門,2,3872,6.07,42.6,0.1304,0.3478,23,A2,0.2,3,74,26,3.7,0.2,0.202,10,6.87,0,0.06,27.16,0,1,1,24,21.51,v2_lr,0
152436,2026-09-27,鳴門,3,4506,6.93,58.3,0.3333,0.5333,30,A1,0.13,17,78,35,2.8,0.2,0.133,10,6.73,1,0.21,32.29,0.2098,1,1,24,38.44,v2_lr,1
152436,2026-09-27,鳴門,4,5355,2,4.1,0,0.2,5,B1,0.17,2,45,3,4.3,0.1,0.168,10,6.83,0.2857,-0.04,38.37,0.4585,1,1,24,4,v2_lr,0
152436,2026-09-27,鳴門,5,4895,5.53,33.7,0,0.2,10,A2,0.17,2,75,9,3.7,0,0.132,10,6.84,0.2143,0.02,30.11,0.1207,1,1,24,2.12,v2_lr,0
152436,2026-09-27,鳴門,6,5428,1.1,0,0,0,7,B2,,0,73,0,6,0,0.19,10,6.84,0.2143,0.25,51.61,1,1,1,24,0.92,v2_lr,0
152437,2026-09-27,鳴門,1,3809,3.86,12.3,0.08,0.2,25,B1,0.12,13,40,20,2.1,0.4,0.155,10,6.9,0.7692,0.14,37.08,0.9517,2,2,25,27.75,v2_lr,0
152437,2026-09-27,鳴門,2,4247,5.23,28.5,0.1127,0.3239,71,B1,0.2,7,67,21,3.3,0.1,0.127,10,6.87,1,0.11,18.18,0,2,2,25,22.26,v2_lr,0
152437,2026-09-27,鳴門,4,5036,5.14,36.1,0,0.25,8,B1,0.18,11,75,21,3.7,0,0.134,10,6.87,1,0.04,38.04,1,2,2,25,5.26,v2_lr,1
152437,2026-09-27,鳴門,5,3499,6.57,50.4,0.2667,0.4667,15,A1,0.17,1,52,8,3.8,0,0.144,10,7,0,0.12,25,0.3434,2,2,25,10.66,v2_lr,0
152437,2026-09-27,鳴門,6,5271,3.65,16.4,0.1,0.2,10,B1,0.18,1,55,2,3.8,0.2,0.136,10,6.89,0.8462,0.01,37.93,0.9945,2,2,25,3.11,v2_lr,0
152438,2026-09-27,鳴門,1,4694,4.46,22.8,0.1875,0.25,16,B1,0.23,14,43,23,3.9,0.1,0.137,10,6.82,0.7,0.08,32.22,0.6876,2,2,25,34.1,v2_lr,0
152438,2026-09-27,鳴門,2,5307,4.61,26.2,0,0.1667,6,B1,0.21,3,80,18,3.8,0.1,0.19,10,6.83,0.6,-0.08,26.32,0.3283,2,2,25,13.14,v2_lr,1
152438,2026-09-27,鳴門,3,3024,6.68,57.5,0.4688,0.6875,32,B2,0.17,19,54,34,3.5,0.1,0.158,10,6.84,0.5,0.01,35.23,0.8709,2,2,25,38.62,v2_lr,0
152438,2026-09-27,鳴門,4,3587,4.02,16.8,0.0536,0.1786,56,B1,0.17,3,62,7,4.2,0,0.189,10,6.89,0,-0.06,21.35,0.0256,2,2,25,4.46,v2_lr,0
152438,2026-09-27,鳴門,5,3915,5.66,36.6,0.1667,0.1667,6,A2,0.19,7,69,14,2.7,0.5,0.166,10,6.85,0.4,-0.05,37.35,1,2,2,25,8.39,v2_lr,0
152438,2026-09-27,鳴門,6,5356,4.61,26.1,0,0,6,B1,0.1,2,92,8,3.5,0,0.178,10,6.79,1,0.14,20.93,0,2,2,25,1.28,v2_lr,0
152439,2026-09-27,鳴門,1,3967,4.53,28,,,0,B1,0.21,21,50,31,4.9,0.1,0.205,10,6.79,0.3077,0.32,43.96,0.7094,2,2,25,27.47,v2_lr,0
152439,2026-09-27,鳴門,2,5117,4.03,19.1,0,0.4615,13,B1,0.18,1,50,10,3.2,0.2,0.222,10,6.81,0.1538,0.15,39.02,0.4919,2,2,25,9.06,v2_lr,0
152439,2026-09-27,鳴門,3,4887,5.17,38,0.24,0.4,25,B1,0.15,11,66,28,4.2,0,0.163,10,6.83,0,0.07,34.09,0.2748,2,2,25,19.76,v2_lr,0
152439,2026-09-27,鳴門,4,4538,6.53,53.3,0.5333,0.6667,15,A1,0.18,21,67,29,3,0.3,0.178,10,6.7,1,0.12,27.85,0,2,2,25,36.97,v2_lr,1
152439,2026-09-27,鳴門,5,5451,0,0,,,0,B2,,0,11,0,5.8,0,0.24,10,6.77,0.4615,0.18,30,0.0947,2,2,25,4.12,v2_lr,0
152439,2026-09-27,鳴門,6,3477,3.96,13,0.087,0.2391,92,B1,0.2,1,60,5,4.1,0,0.19,10,6.74,0.6923,0.12,50.56,1,2,2,25,2.61,v2_lr,0
152440,2026-09-27,鳴門,1,4895,5.53,33.7,0,0.2,10,A2,0.17,24,58,35,3.7,0,0.132,10,6.74,1,0.08,30.11,0.4705,2,2,25,23.3,v2_lr,1
152440,2026-09-27,鳴門,2,4325,4.37,16.4,0.2,0.3,10,B1,0.17,10,65,22,4.2,0,0.168,10,6.77,0.7857,0.11,33.71,0.8428,2,2,25,32.66,v2_lr,0
152440,2026-09-27,鳴門,3,4148,6.2,46,0.1429,0.2857,7,A2,0.14,5,56,27,2.1,0.4,0.122,10,6.76,0.8571,0.06,25.56,0,2,2,25,18.89,v2_lr,0
152440,2026-09-27,鳴門,4,4092,5.04,28.7,0.2857,0.2857,7,B1,0.17,8,64,13,3.3,0.1,0.146,10,6.87,0.0714,0.2,34.74,0.9493,2,2,25,20.32,v2_lr,0
152440,2026-09-27,鳴門,5,4031,4.8,31.9,0.0345,0.1724,29,B1,0.17,2,67,6,4.8,0,0.155,10,6.88,0,0.1,35.23,1,2,2,25,2.4,v2_lr,0
152440,2026-09-27,鳴門,6,3933,5.13,32.7,0.0811,0.3243,37,B1,0.17,5,57,17,2.1,0.6,0.153,10,6.83,0.3571,-0.05,33,0.7694,2,2,25,2.43,v2_lr,0
152441,2026-09-27,鳴門,1,3874,6.03,43.3,0.2727,0.6364,11,A2,0.16,63,93,81,2.9,0.3,0.144,10,6.76,1,0.04,30.49,0.2342,2,2,25,31.4,v2_lr,1
152441,2026-09-27,鳴門,2,3900,6.16,44.2,0.2703,0.5135,37,A2,0.2,7,69,27,3.4,0.2,0.156,10,6.84,0.5294,0.1,28.41,0.0879,2,2,25,26.37,v2_lr,0
152441,2026-09-27,鳴門,3,4133,6.23,50,0.2,0.4,15,A2,0.19,14,83,43,2.5,0.3,0.12,10,6.8,0.7647,0.03,34.74,0.5331,2,2,25,18.95,v2_lr,0
152441,2026-09-27,鳴門,4,4676,5.57,33.9,0.1923,0.1923,26,A2,0.18,7,63,23,3.9,0,0.171,10,6.93,0,0.07,41.38,1,2,2,25,10.34,v2_lr,0
152441,2026-09-27,鳴門,5,4596,5.88,38.8,0.281,0.4793,121,A2,0.15,4,75,16,3.1,0.2,0.14,10,6.88,0.2941,0.21,32.05,0.3439,2,2,25,9.73,v2_lr,0
152441,2026-09-27,鳴門,6,3872,6.07,42.6,0.1304,0.3478,23,A2,0.2,5,80,14,3.7,0.2,0.202,10,6.77,0.9412,-0.06,27.16,0,2,2,25,3.22,v2_lr,0
152442,2026-09-27,鳴門,1,3499,6.57,50.4,0.2667,0.4667,15,A1,0.17,58,84,69,3.8,0,0.144,10,6.77,0.8182,0.17,25,0,2,2,25,30.56,v2_lr,0
152442,2026-09-27,鳴門,2,3412,6.71,51.4,0.4211,0.7368,19,A1,0.21,10,81,41,3.4,0.2,0.173,10,6.75,1,0.09,34.83,0.9247,2,2,25,33.39,v2_lr,0
152442,2026-09-27,鳴門,3,4409,6.89,54.9,0.1111,0.1111,9,A1,0.15,12,81,33,2.7,0.3,0.155,10,6.81,0.4545,0.36,28.05,0.2869,2,2,25,9.44,v2_lr,0
152442,2026-09-27,鳴門,4,4506,6.93,58.3,0.3333,0.5333,30,A1,0.13,13,79,33,2.8,0.2,0.133,10,6.81,0.4545,0.07,32.29,0.6858,2,2,25,21.09,v2_lr,1
152442,2026-09-27,鳴門,5,3618,6.36,50,0.1053,0.2105,19,A1,0.17,2,63,10,1.7,0.6,0.186,10,6.86,0,0.04,35.23,0.9624,2,2,25,3.36,v2_lr,0
152442,2026-09-27,鳴門,6,3439,6.38,46.3,0.0909,0.1818,11,A1,0.16,3,71,8,4.1,0,0.165,10,6.8,0.5455,0.12,35.63,1,2,2,25,2.16,v2_lr,0
152443,2026-09-27,丸亀,1,4821,5.27,38,0.1918,0.3562,73,B1,0.2,19,52,32,3.1,0.3,0.164,10,6.84,0.2222,0.02,0,0,1,1,23,41.85,v2_lr,1
152443,2026-09-27,丸亀,2,5098,5.22,28,0.1429,0.3571,14,B1,0.17,5,67,19,3.5,0,0.143,10,6.81,0.5556,0.04,0,0,1,1,23,31.15,v2_lr,0
152443,2026-09-27,丸亀,3,4300,5.01,27.2,0.1111,0.3333,9,B1,0.17,1,63,16,3.2,0.2,0.157,10,6.85,0.1111,-0.05,25,1,1,1,23,18.86,v2_lr,0
152443,2026-09-27,丸亀,4,4592,4.39,22.3,0,0.1429,7,B1,0.18,3,67,13,4,0.1,0.161,10,6.86,0,-0.03,0,0,1,1,23,3.94,v2_lr,0
152443,2026-09-27,丸亀,5,5464,0,0,0,0,1,B2,,0,14,0,5.7,0,0.289,10,6.77,1,0.33,22.22,0.8888,1,1,23,2.56,v2_lr,0
152443,2026-09-27,丸亀,6,3161,5.22,37.8,0.069,0.2414,29,B1,0.21,2,51,16,3.8,0,0.139,10,6.85,0.1111,0.18,0,0,1,1,23,1.64,v2_lr,0
152444,2026-09-27,丸亀,1,5333,4.64,31.1,0,0,1,B2,0.2,9,17,13,4.1,0.1,0.179,10,6.77,1,0.12,37.5,1,1,1,23,28.84,v2_lr,0
152444,2026-09-27,丸亀,2,3869,3.73,15.3,0,0,2,B1,0.2,4,70,13,3.7,0.2,0.179,10,6.88,0.2667,-0.01,22.22,0.5925,1,1,23,14.95,v2_lr,0
152444,2026-09-27,丸亀,3,4281,4.89,27.4,0.1622,0.4324,37,B1,0.17,6,66,16,4,0.1,0.121,10,6.83,0.6,-0.01,25,0.6667,1,1,23,25.72,v2_lr,1
152444,2026-09-27,丸亀,4,4823,6.07,41,0.3131,0.5152,99,A2,0.14,11,50,25,2.7,0.2,0.205,10,6.84,0.5333,0.26,0,0,1,1,23,27.67,v2_lr,0
152444,2026-09-27,丸亀,5,5418,1.13,0,0,0,10,B2,,0,61,0,6,0,0.247,10,6.92,0,0.09,16.67,0.4445,1,1,23,1.73,v2_lr,0
152444,2026-09-27,丸亀,6,5262,4.82,28.4,0,0,1,B1,0.18,0,51,4,3.8,0.1,0.225,10,6.89,0.2,0.11,0,0,1,1,23,1.08,v2_lr,0
152445,2026-09-27,丸亀,1,5177,4.04,15.3,0,0,7,B1,0.19,6,38,15,3.8,0,0.183,10,6.77,1,0.02,25,0.375,0,0,23,24.99,v2_lr,0
152445,2026-09-27,丸亀,2,4260,4.9,33.6,0.1818,0.3939,66,B1,0.19,8,80,32,3.5,0.4,0.161,10,6.83,0.3333,0.08,50,0.75,0,0,23,29.28,v2_lr,0
152445,2026-09-27,丸亀,3,5231,4.46,28.3,0,0.5,2,B1,0.18,6,50,14,3.8,0,0.175,10,6.83,0.3333,0.03,0,0,0,0,23,6.47,v2_lr,0
152445,2026-09-27,丸亀,4,4672,4.44,23,0.1111,0.1111,9,B1,0.19,3,68,11,4.1,0,0.165,10,6.79,0.7778,0.12,66.67,1,0,0,23,11.8,v2_lr,1
152445,2026-09-27,丸亀,5,4545,7.02,52.4,0.3846,0.6923,13,A1,0.15,12,71,24,1.8,0.6,0.117,10,6.86,0,0.06,25,0.375,0,0,23,22.35,v2_lr,0
152445,2026-09-27,丸亀,6,4925,5.48,32.1,0.2128,0.383,47,A2,0.15,6,71,13,3,0.3,0.117,10,6.82,0.4444,0.26,12.5,0.1875,0,0,23,5.1,v2_lr,0
152446,2026-09-27,丸亀,1,5346,2.58,2.4,0,0,4,B1,,1,8,1,4.1,0.1,0.161,10,6.91,0.0526,0.45,0,0.5,2,2,23,16.39,v2_lr,0
152446,2026-09-27,丸亀,2,5010,5.5,38.3,0,0,1,A2,0.16,9,75,26,2.8,0.2,0.168,10,6.73,1,0.06,0,0.5,2,2,23,19.91,v2_lr,0
152446,2026-09-27,丸亀,3,4715,6.35,41.9,0.4,0.5333,15,A1,0.13,14,60,29,3.3,0.3,0.119,10,6.8,0.6316,0.07,0,0.5,2,2,23,48.72,v2_lr,1
152446,2026-09-27,丸亀,4,3977,4.45,20.5,0,0,2,B1,0.19,5,76,13,3.6,0.1,0.103,10,6.92,0,0.09,0,0.5,2,2,23,4.1,v2_lr,0
152446,2026-09-27,丸亀,5,3775,4.26,20.2,0.1667,0.4167,12,B1,0.18,4,75,11,4,0.1,0.149,10,6.81,0.5789,0.07,0,0.5,2,2,23,9.73,v2_lr,0
152446,2026-09-27,丸亀,6,5471,0,0,0,0,2,B2,,0,44,0,5.5,0,0.112,10,6.83,0.4737,0.04,0,0.5,2,2,23,1.14,v2_lr,0
152447,2026-09-27,丸亀,1,5207,4.66,26.7,0,0,8,B1,0.18,16,32,21,3.8,0,0.182,10,6.77,1,0.07,40,0.7199,1,1,23,25.77,v2_lr,1
152447,2026-09-27,丸亀,2,5354,3.06,13.7,0,0.5,2,B1,,1,14,4,3.3,0.1,0.116,10,6.87,0.4118,-0.02,0,0,1,1,23,11.81,v2_lr,0
152447,2026-09-27,丸亀,3,4331,5.79,37.5,0.1963,0.3551,107,A2,0.15,12,82,29,3.4,0.2,0.129,10,6.94,0,0.01,0,0,1,1,23,20.1,v2_lr,0
152447,2026-09-27,丸亀,4,5026,6.27,48.2,0.3704,0.4074,27,A1,0.17,8,68,31,3.6,0,0.134,10,6.84,0.5882,0.02,44.44,0.7999,1,1,23,34.82,v2_lr,0
152447,2026-09-27,丸亀,5,4186,3.45,16.8,0,0.0667,15,B1,0.2,0,49,1,4.4,0.1,0.152,10,6.81,0.7647,-0.11,55.56,1,1,1,23,3.55,v2_lr,0
152447,2026-09-27,丸亀,6,4534,3.87,22.3,0.1,0.3,10,B1,0.21,0,31,3,2.6,0.3,0.182,10,6.79,0.8824,-0.05,50,0.8999,1,1,23,3.95,v2_lr,0
152448,2026-09-27,丸亀,1,4515,6.11,41.3,0,0.2857,21,A2,0.16,65,96,81,3.1,0.1,0.161,10,6.87,0.2,0.11,0,0,1,1,23,15.33,v2_lr,0
152448,2026-09-27,丸亀,2,3305,4.17,26.1,0.125,0.25,16,B1,0.17,2,63,11,4.8,0,0.118,10,6.89,0,-0.01,0,0,1,1,23,17.65,v2_lr,0
152448,2026-09-27,丸亀,3,3484,5.95,45.1,0.16,0.44,25,A2,0.17,9,75,31,3.2,0.1,0.171,10,6.89,0,0.01,44.44,1,1,1,23,16.36,v2_lr,0
152448,2026-09-27,丸亀,4,3898,6.95,52,0.3636,0.6364,22,A1,0.17,17,66,34,1.4,0.7,0.136,10,6.79,1,0.12,33.33,0.75,1,1,23,31.17,v2_lr,0
152448,2026-09-27,丸亀,5,5359,5.06,30.2,0.3077,0.3846,13,B1,0.16,1,65,6,3.5,0.3,0.146,10,6.8,0.9,0.14,25,0.5626,1,1,23,18.42,v2_lr,1
152448,2026-09-27,丸亀,6,5464,0,0,0,0,1,B2,,0,34,0,5.7,0,0.289,10,6.79,1,0.14,22.22,0.5,1,1,23,1.07,v2_lr,0
152449,2026-09-27,丸亀,1,4630,5.69,36.7,0.24,0.44,25,A2,0.17,49,89,65,3.5,0.1,0.161,10,6.8,0.8182,0.08,0,0,1,1,23,43.01,v2_lr,1
152449,2026-09-27,丸亀,2,4672,4.44,23,0.1111,0.1111,9,B1,0.19,4,75,20,4.1,0,0.165,10,6.78,1,0.07,66.67,1,1,1,23,29.92,v2_lr,0
152449,2026-09-27,丸亀,3,3161,5.22,37.8,0.069,0.2414,29,B1,0.21,6,81,26,3.8,0,0.139,10,6.89,0,0.06,0,0,1,1,23,9.2,v2_lr,0
152449,2026-09-27,丸亀,4,5333,4.64,31.1,0,0,1,B2,0.2,3,72,9,4.1,0.1,0.179,10,6.86,0.2727,0.16,37.5,0.5625,1,1,23,3.85,v2_lr,0
152449,2026-09-27,丸亀,5,4193,5.94,40.5,0,0.5,2,A2,0.15,4,71,9,3.1,0.2,0.149,10,6.86,0.2727,0.03,44.44,0.6666,1,1,23,2.39,v2_lr,0
152449,2026-09-27,丸亀,6,4064,6.52,42.6,0.2778,0.4167,36,A1,0.14,4,77,18,2.4,0.3,0.128,10,6.8,0.8182,0.02,0,0,1,1,23,11.64,v2_lr,0
152450,2026-09-27,丸亀,1,4191,6.42,49.4,0.1818,0.3636,33,A1,0.16,54,80,66,2.6,0.3,0.151,10,6.86,0.15,0.08,0,0,0,0,23,38.3,v2_lr,1
152450,2026-09-27,丸亀,2,4053,6.08,43.2,0.2424,0.5152,33,A2,0.15,14,73,38,2.6,0.3,0.131,10,6.83,0.3,0.12,0,0,0,0,23,36.77,v2_lr,0
152450,2026-09-27,丸亀,3,4592,4.39,22.3,0,0.1429,7,B1,0.18,5,72,12,4,0.1,0.161,10,6.89,0,0.34,0,0,0,0,23,5.17,v2_lr,0
152450,2026-09-27,丸亀,4,4754,6.04,44,0.2273,0.3182,22,A2,0.16,13,77,26,3,0.1,0.187,10,6.88,0.05,0.24,0,0,0,0,23,14.91,v2_lr,0
152450,2026-09-27,丸亀,5,5177,4.04,15.3,0,0,7,B1,0.19,1,70,9,3.8,0,0.183,10,6.69,1,0.16,25,1,0,0,23,3.89,v2_lr,0
152450,2026-09-27,丸亀,6,5418,1.13,0,0,0,10,B2,,0,117,0,6,0,0.247,10,6.89,0,0.04,16.67,0.6668,0,0,23,0.97,v2_lr,0
152451,2026-09-27,丸亀,1,4549,5.63,33.6,0.1765,0.3529,34,A2,0.19,34,66,46,3.6,0.1,0.184,10,6.79,1,0.01,50,1,1,1,23,36.03,v2_lr,0
152451,2026-09-27,丸亀,2,4514,6.51,50.7,0.2381,0.5714,21,A1,0.2,28,92,58,3.4,0,0.236,10,6.82,0.8,0.02,0,0,1,1,23,31.79,v2_lr,1
152451,2026-09-27,丸亀,3,4260,4.9,33.6,0.1818,0.3939,66,B1,0.19,19,78,31,3.5,0.4,0.161,10,6.86,0.5333,0.15,50,1,1,1,23,19.99,v2_lr,0
152451,2026-09-27,丸亀,4,4300,5.01,27.2,0.1111,0.3333,9,B1,0.17,4,57,11,3.2,0.2,0.157,10,6.85,0.6,0.29,25,0.5,1,1,23,7.79,v2_lr,0
152451,2026-09-27,丸亀,5,5262,4.82,28.4,0,0,1,B1,0.18,2,57,8,3.8,0.1,0.225,10,6.89,0.3333,0.19,0,0,1,1,23,1.6,v2_lr,0
152451,2026-09-27,丸亀,6,4089,5.93,35.7,0.1818,0.5455,11,A2,0.15,1,82,10,2.4,0.3,0.157,10,6.94,0,0.21,0,0,1,1,23,2.81,v2_lr,0
152452,2026-09-27,丸亀,1,3484,5.95,45.1,0.16,0.44,25,A2,0.17,50,79,65,3.2,0.1,0.171,10,6.8,0.619,0.04,44.44,1,0,0,23,25.57,v2_lr,1
152452,2026-09-27,丸亀,2,5026,6.27,48.2,0.3704,0.4074,27,A1,0.17,15,81,34,3.6,0,0.134,10,6.8,0.619,0.07,44.44,1,0,0,23,30.1,v2_lr,0
152452,2026-09-27,丸亀,3,4095,7.27,60.2,0.5,0.5,12,A1,0.14,12,60,32,2.9,0.1,0.16,10,6.72,1,0.04,11.11,0.25,0,0,23,31.26,v2_lr,0
152452,2026-09-27,丸亀,4,5098,5.22,28,0.1429,0.3571,14,B1,0.17,11,65,21,3.5,0,0.143,10,6.82,0.5238,0.11,0,0,0,0,23,7.44,v2_lr,0
152452,2026-09-27,丸亀,5,4553,6.26,42.7,0.1698,0.3774,53,A2,0.13,2,76,19,3.2,0.1,0.157,10,6.93,0,0.25,0,0,0,0,23,3.57,v2_lr,0
152452,2026-09-27,丸亀,6,3775,4.26,20.2,0.1667,0.4167,12,B1,0.18,0,57,2,4,0.1,0.149,10,6.85,0.381,0.34,0,0,0,0,23,2.07,v2_lr,0
152453,2026-09-27,丸亀,1,4715,6.35,41.9,0.4,0.5333,15,A1,0.13,49,81,60,3.3,0.3,0.119,10,6.77,1,0.08,0,0,1,1,22,34.25,v2_lr,0
152453,2026-09-27,丸亀,2,4545,7.02,52.4,0.3846,0.6923,13,A1,0.15,14,78,42,1.8,0.6,0.117,10,6.81,0.7895,0.1,25,1,1,1,22,32.79,v2_lr,1
152453,2026-09-27,丸亀,3,4630,5.69,36.7,0.24,0.44,25,A2,0.17,14,75,32,3.5,0.1,0.161,10,6.78,0.9474,0.16,0,0,1,1,22,21.19,v2_lr,0
152453,2026-09-27,丸亀,4,4515,6.11,41.3,0,0.2857,21,A2,0.16,4,72,21,3.1,0.1,0.161,10,6.88,0.4211,0.12,0,0,1,1,22,2.8,v2_lr,0
152453,2026-09-27,丸亀,5,4331,5.79,37.5,0.1963,0.3551,107,A2,0.15,3,73,11,3.4,0.2,0.129,10,6.96,0,0.03,0,0,1,1,22,5.33,v2_lr,0
152453,2026-09-27,丸亀,6,4281,4.89,27.4,0.1622,0.4324,37,B1,0.17,0,46,0,4,0.1,0.121,10,6.86,0.5263,0.05,25,1,1,1,22,3.65,v2_lr,0
152454,2026-09-27,丸亀,1,3898,6.95,52,0.3636,0.6364,22,A1,0.17,86,112,99,1.4,0.7,0.136,10,6.78,0.6667,0.19,33.33,1,1,1,22,32.77,v2_lr,1
152454,2026-09-27,丸亀,2,4064,6.52,42.6,0.2778,0.4167,36,A1,0.14,14,74,36,2.4,0.3,0.128,10,6.78,0.6667,0.25,0,0,1,1,22,26.49,v2_lr,0
152454,2026-09-27,丸亀,3,4823,6.07,41,0.3131,0.5152,99,A2,0.14,15,55,24,2.7,0.2,0.205,10,6.8,0.5333,0.07,0,0,1,1,22,24.04,v2_lr,0
152454,2026-09-27,丸亀,4,4191,6.42,49.4,0.1818,0.3636,33,A1,0.16,4,70,23,2.6,0.3,0.151,10,6.88,0,0.11,0,0,1,1,22,7.59,v2_lr,0
152454,2026-09-27,丸亀,5,4925,5.48,32.1,0.2128,0.383,47,A2,0.15,3,71,13,3,0.3,0.117,10,6.8,0.5333,0.04,12.5,0.375,1,1,22,8.05,v2_lr,0
152454,2026-09-27,丸亀,6,5010,5.5,38.3,0,0,1,A2,0.16,2,66,7,2.8,0.2,0.168,10,6.73,1,0.13,0,0,1,1,22,1.06,v2_lr,0
152455,2026-09-27,下関,1,3692,4.39,20.1,0.1538,0.3846,13,B1,0.19,31,67,45,3.2,0,0.154,10,6.79,1,0.06,38.2,1,1,1,23,41.73,v2_lr,1
152455,2026-09-27,下関,2,3710,4.77,26.7,0.0625,0.25,16,B1,0.17,5,65,20,4.6,0,0.176,10,6.86,0.125,0.06,34.44,0.6281,1,1,23,18.08,v2_lr,0
152455,2026-09-27,下関,3,3920,5.11,32.3,0.1176,0.2353,17,B1,0.18,6,60,18,3.9,0,0.141,10,6.87,0,0.11,28.87,0.0772,1,1,23,12.96,v2_lr,0
152455,2026-09-27,下関,4,4272,4.7,23.4,0.1538,0.2308,13,B1,0.15,4,77,12,3.1,0.2,0.134,10,6.82,0.625,0.31,37.23,0.9041,1,1,23,13.45,v2_lr,0
152455,2026-09-27,下関,5,3681,4.87,24,0.25,0.25,4,B1,0.13,2,42,3,3.9,0.2,0.155,10,6.85,0.25,0.11,30.49,0.2374,1,1,23,12.55,v2_lr,0
152455,2026-09-27,下関,6,5370,1.28,1.4,0,0,19,B2,,0,131,1,5.5,0,0.122,10,6.81,0.75,0.04,28.09,0,1,1,23,1.24,v2_lr,0
152456,2026-09-27,下関,1,4837,4.53,21.5,0.1667,0.4167,12,B1,0.18,18,48,31,4,0.2,0.179,10,6.87,0,0.21,44.19,0.7668,1,1,23,26,v2_lr,1
152456,2026-09-27,下関,2,4891,4.72,22,0.0769,0.2308,13,B1,0.16,10,74,28,3.9,0,0.179,10,6.8,0.6364,0.11,25.53,0.2619,1,1,23,16.44,v2_lr,0
152456,2026-09-27,下関,3,4415,6.38,50.5,0.375,0.375,24,A1,0.13,23,79,42,4.3,0.1,0.142,10,6.83,0.3636,0.05,15.85,0,1,1,23,30,v2_lr,0
152456,2026-09-27,下関,4,5076,5.45,36.5,0.069,0.2069,29,B1,0.18,7,68,22,3.5,0,0.147,10,6.84,0.2727,0.14,27.06,0.3033,1,1,23,4.79,v2_lr,0
152456,2026-09-27,下関,5,3852,4.03,21.2,0.4,0.8,5,B1,0.23,4,73,17,3.1,0.2,0.15,10,6.83,0.3636,-0.03,38.2,0.6047,1,1,23,21.45,v2_lr,0
152456,2026-09-27,下関,6,5435,1.25,0,0,0,14,B2,,0,69,0,5.7,0,0.198,10,6.76,1,0.07,52.81,1,1,1,23,1.32,v2_lr,0
152457,2026-09-27,下関,1,3876,7.09,53.4,0.5385,0.6923,13,A1,0.18,70,90,82,2.2,0.4,0.123,10,6.68,1,0.16,45.56,0.766,1,1,23,42.44,v2_lr,1
152457,2026-09-27,下関,2,5060,6.02,45.7,0,0.2727,11,A2,0.18,9,72,27,2.9,0.2,0.163,10,6.79,0.4211,0.11,28.26,0.1625,1,1,23,10.51,v2_lr,0
152457,2026-09-27,下関,3,4461,4.4,16.6,0.4,0.4,5,B1,0.18,5,61,9,3.3,0.3,0.135,10,6.82,0.2632,0.27,28.42,0.1681,1,1,23,33.18,v2_lr,0
152457,2026-09-27,下関,4,3848,4.56,28.8,0.2,0.6,5,B1,0.18,7,77,21,3.7,0.1,0.205,10,6.87,0,0.45,52.27,1,1,1,23,9.54,v2_lr,0
152457,2026-09-27,下関,5,3859,4.56,27.2,0,0.2,5,B1,0.15,2,47,4,4.4,0.1,0.184,10,6.83,0.2105,0.36,38.82,0.5309,1,1,23,1.41,v2_lr,0
152457,2026-09-27,下関,6,3963,5.8,38.7,0.1667,0.4167,24,A2,0.16,2,74,7,2.9,0,0.17,10,6.84,0.1579,0.1,23.6,0,1,1,23,2.92,v2_lr,0
152458,2026-09-27,下関,1,4051,6.35,43.1,0.2292,0.3333,48,A2,0.16,58,92,74,2.6,0.3,0.188,10,6.82,0.25,0.21,39.56,0.7883,1,1,23,37.27,v2_lr,1
152458,2026-09-27,下関,2,4527,4.06,20,0.1667,0.25,12,B1,0.15,4,66,16,3.2,0.2,0.172,10,6.81,0.5,0.21,42.35,1,1,1,23,27.35,v2_lr,0
152458,2026-09-27,下関,3,4750,5.03,33.3,0.0588,0.1765,17,B1,0.18,9,72,22,3.9,0.1,0.152,10,6.83,0,0.23,29.17,0,1,1,23,7.09,v2_lr,0
152458,2026-09-27,下関,4,5078,4.53,29.5,0.1,0.15,20,B1,0.17,1,54,10,4.4,0,0.18,10,6.79,1,0.16,29.7,0.0402,1,1,23,9.15,v2_lr,0
152458,2026-09-27,下関,5,4551,6.15,43.5,0.2941,0.5882,34,A2,0.15,5,70,12,2.9,0.2,0.15,10,6.8,0.75,0.45,36.36,0.5455,1,1,23,14.84,v2_lr,0
152458,2026-09-27,下関,6,5081,6.21,44.8,0.1765,0.3824,34,A2,0.16,0,56,5,3.6,0.2,0.144,10,6.81,0.5,0.08,30.77,0.1214,1,1,23,4.3,v2_lr,0
152459,2026-09-27,下関,1,4290,6.75,46,0.2143,0.3571,14,A1,0.12,75,104,87,2,0.6,0.104,10,6.8,1,0.09,37.93,0.8655,1,1,23,39.24,v2_lr,1
152459,2026-09-27,下関,2,4396,5,29.2,0.1714,0.4143,70,B1,0.19,7,74,23,3.8,0.1,0.175,10,6.84,0.6923,0.09,38.37,0.8977,1,1,23,29.29,v2_lr,0
152459,2026-09-27,下関,3,3620,4.04,23.7,0.1304,0.2609,23,B1,0.19,1,66,4,4.9,0,0.154,10,6.93,0,0.15,26.32,0.0168,1,1,23,11.2,v2_lr,0
152459,2026-09-27,下関,4,4043,5.5,32.6,0.1176,0.4118,34,A2,0.17,15,75,27,3.2,0.2,0.152,10,6.84,0.6923,0.16,39.77,1,1,1,23,10.79,v2_lr,0
152459,2026-09-27,下関,5,3284,5.08,31.3,0.1667,0.4167,24,B1,0.19,0,65,6,3.2,0.1,0.23,10,6.89,0.3077,0.15,39.58,0.9861,1,1,23,7.04,v2_lr,0
152459,2026-09-27,下関,6,4843,5.14,29,0.1,0.2,20,B1,0.18,5,44,8,4.5,0.1,0.175,10,6.85,0.6154,0.11,26.09,0,1,1,23,2.44,v2_lr,0
152460,2026-09-27,下関,1,4180,5.82,37.2,0.1,0.1,10,A2,0.16,32,69,49,3.9,0.1,0.13,10,6.82,0.75,0.04,25.56,0,1,1,24,27.81,v2_lr,0
152460,2026-09-27,下関,2,4477,7.15,48.1,0.3478,0.5652,23,A1,0.14,9,75,32,3.1,0.4,0.134,10,6.84,0.5,0.05,29.79,0.1771,1,1,24,38.22,v2_lr,0
152460,2026-09-27,下関,3,3932,4.92,34.7,0.1333,0.2,15,B1,0.15,4,60,20,2.7,0.4,0.158,10,6.88,0,-0.02,26.8,0.0519,1,1,24,12.77,v2_lr,0
152460,2026-09-27,下関,4,5370,1.28,1.4,0,0,19,B2,,0,49,2,5.5,0,0.122,10,6.85,0.375,0.06,28.09,0.1059,1,1,24,2.88,v2_lr,0
152460,2026-09-27,下関,5,4949,5.83,36.8,0.2778,0.5,36,A2,0.15,4,72,20,2,0.4,0.118,10,6.8,1,0.11,49.44,1,1,1,24,16.79,v2_lr,1
152461,2026-09-27,下関,1,4415,6.38,50.5,0.375,0.375,24,A1,0.13,70,97,81,4.3,0.1,0.142,10,6.89,0.8,-0.06,15.85,0,1,1,24,30.47,v2_lr,1
152461,2026-09-27,下関,2,3681,4.87,24,0.25,0.25,4,B1,0.13,9,49,24,3.9,0.2,0.155,10,6.87,1,0.08,30.49,0.5629,1,1,24,25.73,v2_lr,0
152461,2026-09-27,下関,3,5373,2.42,0,0,0,10,B2,,0,8,0,4.4,0,0.147,10,6.87,1,0.04,30,0.544,1,1,24,6.78,v2_lr,0
152461,2026-09-27,下関,4,3757,5.54,34.5,0.1667,0.3889,18,A2,0.15,10,67,22,3.1,0.3,0.176,10,6.97,0,0.21,22.78,0.2664,1,1,24,6.32,v2_lr,0
152461,2026-09-27,下関,5,4566,6.39,34.1,0.6154,0.7692,13,A1,0.12,4,72,20,2.4,0.5,0.11,10,6.92,0.5,-0.05,39.76,0.9193,1,1,24,29.15,v2_lr,0
152461,2026-09-27,下関,6,4567,4.1,17,0.0308,0.1538,65,B1,0.25,0,30,1,4.6,0.1,0.231,10,6.89,0.8,-0.02,41.86,1,1,1,24,1.55,v2_lr,0
152462,2026-09-27,下関,1,4376,5.64,39.8,0.0714,0.3571,14,A2,0.14,57,86,67,3.1,0.2,0.153,10,6.82,0.4118,0.19,35.23,0.3811,1,1,24,18.98,v2_lr,1
152462,2026-09-27,下関,2,3852,4.03,21.2,0.4,0.8,5,B1,0.23,4,77,20,3.1,0.2,0.15,10,6.75,0.8235,0.03,38.2,0.559,1,1,24,33.46,v2_lr,0
152462,2026-09-27,下関,3,3876,7.09,53.4,0.5385,0.6923,13,A1,0.18,27,55,36,2.2,0.4,0.123,10,6.72,1,0.09,45.56,1,1,1,24,34.95,v2_lr,0
152462,2026-09-27,下関,4,3920,5.11,32.3,0.1176,0.2353,17,B1,0.18,5,56,13,3.9,0,0.141,10,6.89,0,-0.06,28.87,0,1,1,24,5.87,v2_lr,0
152462,2026-09-27,下関,5,3746,5.68,37.2,0.12,0.36,25,A2,0.18,3,71,12,3.4,0.2,0.157,10,6.85,0.2353,0.01,44.68,0.9473,1,1,24,4.44,v2_lr,0
152462,2026-09-27,下関,6,4349,4.43,21.2,0.0909,0.2727,11,B1,0.18,3,51,6,4.5,0.1,0.157,10,6.78,0.6471,0.04,42.05,0.7897,1,1,24,2.3,v2_lr,0
152463,2026-09-27,下関,1,4769,6.28,43.9,0.0833,0.3333,24,A1,0.12,51,85,69,3.8,0,0.11,10,6.8,1,0.13,22.83,0,1,1,24,31.98,v2_lr,0
152463,2026-09-27,下関,2,3620,4.04,23.7,0.1304,0.2609,23,B1,0.19,4,72,18,4.9,0,0.154,10,6.89,0,0.01,26.32,0.2086,1,1,24,21.8,v2_lr,0
152463,2026-09-27,下関,3,4051,6.35,43.1,0.2292,0.3333,48,A2,0.16,17,58,34,2.6,0.3,0.188,10,6.8,1,-0.01,39.56,1,1,1,24,34.48,v2_lr,1
152463,2026-09-27,下関,4,3710,4.77,26.7,0.0625,0.25,16,B1,0.17,3,67,15,4.6,0,0.176,10,6.83,0.6667,0.08,34.44,0.694,1,1,24,8.21,v2_lr,0
152463,2026-09-27,下関,5,4142,5.62,32.4,0,0.2,5,A2,0.18,1,77,6,3.6,0,0.166,10,6.88,0.1111,0.1,38.89,0.96,1,1,24,2.32,v2_lr,0
152463,2026-09-27,下関,6,4401,5.46,37.8,0,0.4,5,A2,0.16,0,63,6,3.9,0.1,0.135,10,6.85,0.4444,0.01,24.44,0.0962,1,1,24,1.21,v2_lr,0
152464,2026-09-27,下関,1,4949,5.83,36.8,0.2778,0.5,36,A2,0.15,61,100,80,2,0.4,0.118,10,6.76,1,0.05,49.44,1,1,1,24,35.16,v2_lr,1
152464,2026-09-27,下関,2,4837,4.53,21.5,0.1667,0.4167,12,B1,0.18,4,62,19,4,0.2,0.179,10,6.89,0,0.11,44.19,0.7521,1,1,24,20.18,v2_lr,0
152464,2026-09-27,下関,3,4290,6.75,46,0.2143,0.3571,14,A1,0.12,11,74,32,2,0.6,0.104,10,6.84,0.3846,,37.93,0.4566,1,1,24,19.79,v2_lr,0
152464,2026-09-27,下関,4,4551,6.15,43.5,0.2941,0.5882,34,A2,0.15,6,77,23,2.9,0.2,0.15,10,6.82,0.5385,0.07,36.36,0.3824,1,1,24,19.78,v2_lr,0
152464,2026-09-27,下関,5,5060,6.02,45.7,0,0.2727,11,A2,0.18,1,71,13,2.9,0.2,0.163,10,6.83,0.4615,0.01,28.26,0,1,1,24,1.74,v2_lr,0
152464,2026-09-27,下関,6,4272,4.7,23.4,0.1538,0.2308,13,B1,0.15,0,57,1,3.1,0.2,0.134,10,6.82,0.5385,0.06,37.23,0.4235,1,1,24,3.36,v2_lr,0
152465,2026-09-27,下関,1,4566,6.39,34.1,0.6154,0.7692,13,A1,0.12,73,97,82,2.4,0.5,0.11,10,6.82,1,0.02,39.76,1,1,1,24,34.3,v2_lr,1
152465,2026-09-27,下関,2,3963,5.8,38.7,0.1667,0.4167,24,A2,0.16,8,75,29,2.9,0,0.17,10,6.87,0.5,0.07,23.6,0,1,1,24,19.51,v2_lr,0
152465,2026-09-27,下関,3,4477,7.15,48.1,0.3478,0.5652,23,A1,0.14,10,82,34,3.1,0.4,0.134,10,6.82,1,0.12,29.79,0.383,1,1,24,28.01,v2_lr,0
152465,2026-09-27,下関,4,5081,6.21,44.8,0.1765,0.3824,34,A2,0.16,7,66,22,3.6,0.2,0.144,10,6.82,1,0.02,30.77,0.4437,1,1,24,12.74,v2_lr,0
152465,2026-09-27,下関,5,5076,5.45,36.5,0.069,0.2069,29,B1,0.18,4,61,11,3.5,0,0.147,10,6.92,0,0.13,27.06,0.2141,1,1,24,1.96,v2_lr,0
152465,2026-09-27,下関,6,4396,5,29.2,0.1714,0.4143,70,B1,0.19,1,57,5,3.8,0.1,0.175,10,6.87,0.5,0.12,38.37,0.914,1,1,24,3.47,v2_lr,0
152466,2026-09-27,下関,1,5078,4.53,29.5,0.1,0.15,20,B1,0.17,22,45,27,4.4,0,0.18,10,6.88,0,0.26,29.7,0.2524,1,1,24,31.56,v2_lr,1
152466,2026-09-27,下関,2,3932,4.92,34.7,0.1333,0.2,15,B1,0.15,14,63,31,2.7,0.4,0.158,10,6.81,0.7778,0.23,26.8,0.0769,1,1,24,32.36,v2_lr,0
152466,2026-09-27,下関,3,4349,4.43,21.2,0.0909,0.2727,11,B1,0.18,4,63,17,4.5,0.1,0.157,10,6.85,0.3333,0.08,42.05,1,1,1,24,18.97,v2_lr,0
152466,2026-09-27,下関,4,4843,5.14,29,0.1,0.2,20,B1,0.18,7,47,17,4.5,0.1,0.175,10,6.86,0.2222,0.34,26.09,0.0339,1,1,24,7.98,v2_lr,0
152466,2026-09-27,下関,5,4891,4.72,22,0.0769,0.2308,13,B1,0.16,2,71,6,3.9,0,0.179,10,6.79,1,0.01,25.53,0,1,1,24,7.23,v2_lr,0
152466,2026-09-27,下関,6,5373,2.42,0,0,0,10,B2,,0,80,0,4.4,0,0.147,10,6.81,0.7778,0.03,30,0.2706,1,1,24,1.89,v2_lr,0
152467,2026-09-27,若松,1,5145,5.81,41.7,0.2857,0.3571,14,A2,0.16,74,100,87,2.7,0.4,0.109,10,6.76,1,0.09,43.3,1,1,1,24,37.92,v2_lr,1
152467,2026-09-27,若松,2,5256,7.09,57.8,0.2593,0.4815,27,A1,0.16,23,77,45,4.1,0.1,0.148,10,6.86,0.1667,-0.01,36.87,0.5046,1,1,24,30.22,v2_lr,0
152467,2026-09-27,若松,3,4985,6.63,44.8,0.2143,0.4286,14,A1,0.16,24,89,49,4.2,0.1,0.147,10,6.85,0.25,-0.03,30.32,0,1,1,24,20.37,v2_lr,0
152467,2026-09-27,若松,4,5234,6.74,51.1,0.1613,0.3871,31,A1,0.16,16,71,38,3.4,0.2,0.125,10,6.87,0.0833,0.15,31.84,0.1171,1,1,24,8.36,v2_lr,0
152467,2026-09-27,若松,5,5275,6.61,51.9,0.05,0.25,20,A1,0.14,4,67,17,3.9,0.1,0.138,10,6.88,0,0.01,30.39,0.0054,1,1,24,2.17,v2_lr,0
152467,2026-09-27,若松,6,5255,6.74,50.4,0,0.1667,6,A1,0.22,4,63,13,3.6,0.1,0.189,10,6.87,0.0833,-0.09,33.51,0.2458,1,1,24,0.97,v2_lr,0
152468,2026-09-27,若松,1,5158,6.78,52,0.2727,0.5455,44,A1,0.17,61,86,68,3.1,0.3,0.129,10,6.81,1,0.09,32.42,0.204,1,1,25,35.4,v2_lr,0
152468,2026-09-27,若松,2,5196,7.03,56.8,0.1429,0.1429,7,A1,0.14,23,71,36,5,0.1,0.154,10,6.84,0.4,0.21,31.22,0.0957,1,1,25,19.32,v2_lr,1
152468,2026-09-27,若松,3,5042,6.44,40.2,0.2857,0.4286,7,A1,0.1,19,68,40,3.3,0.3,0.166,10,6.86,0,0.05,32.82,0.2401,1,1,25,23.69,v2_lr,0
152468,2026-09-27,若松,4,5087,7.08,55.6,0.0588,0.2941,17,A1,0.12,12,80,29,3,0.3,0.159,10,6.84,0.4,0.06,41.24,1,1,1,25,6.07,v2_lr,0
152468,2026-09-27,若松,5,4994,6.12,44.2,0.2143,0.3095,42,A2,0.14,0,63,12,3.7,0.2,0.148,10,6.86,0,0.15,30.16,0,1,1,25,6.12,v2_lr,0
152468,2026-09-27,若松,6,5218,6.27,43.4,0.3333,0.4667,30,A1,0.15,3,65,15,5,0,0.186,10,6.83,0.6,0.32,31.15,0.0894,1,1,25,9.4,v2_lr,0
152469,2026-09-27,若松,1,4857,6.96,55.5,0.2778,0.7222,18,A1,0.16,59,82,70,2.9,0.2,0.136,10,6.92,0.5714,0.07,34.92,0.1834,3,3,25,36.32,v2_lr,1
152469,2026-09-27,若松,2,5092,6.11,45,0.2,0.36,25,A2,0.14,11,65,29,3.7,0.2,0.127,10,7,0,0.16,30.81,0,3,3,25,22.51,v2_lr,0
152469,2026-09-27,若松,3,5066,6.43,46.8,0,0.1429,7,A1,0.17,10,78,29,4.2,0,0.166,10,6.94,0.4286,0.19,32.98,0.0968,3,3,25,5.83,v2_lr,0
152469,2026-09-27,若松,4,5217,6.84,44,0.2692,0.4615,26,A1,0.13,16,66,32,3.3,0.2,0.184,10,6.97,0.2143,0.07,35.18,0.195,3,3,25,17.89,v2_lr,0
152469,2026-09-27,若松,5,5034,6.54,51,0.1429,0.4286,7,A1,0.12,5,79,24,3.4,0.2,0.138,10,6.89,0.7857,0.16,53.22,1,3,3,25,7.06,v2_lr,0
152469,2026-09-27,若松,6,4938,6.93,53,0.2632,0.4211,19,A1,0.13,2,63,8,3.3,0.1,0.144,10,6.86,1,-0.03,40.66,0.4395,3,3,25,10.38,v2_lr,0
152470,2026-09-27,若松,1,5028,6.52,46.9,0.3854,0.6146,96,A1,0.16,93,115,106,3.4,0,0.13,10,6.85,1,0.1,31.37,0.2547,2,2,24,39.59,v2_lr,0
152470,2026-09-27,若松,2,5191,6.49,45.5,0.1667,0.3333,18,A1,0.14,18,93,42,3.5,0.1,0.121,10,6.89,0.5,0.02,28.8,0,2,2,24,24.36,v2_lr,1
152470,2026-09-27,若松,3,5017,6.34,43.3,0.2143,0.2857,14,A1,0.13,14,74,35,3.3,0.1,0.127,10,6.93,0,0.01,33.85,0.5005,2,2,24,19.78,v2_lr,0
152470,2026-09-27,若松,4,5280,6.93,52.8,0,0.25,8,A1,0.15,11,86,32,3.4,0,0.135,10,6.92,0.125,-0.03,38.89,1,2,2,24,3.95,v2_lr,0
152470,2026-09-27,若松,5,5016,6.48,42.2,0.2,0.3,20,A1,0.15,7,63,11,3.2,0.2,0.142,10,6.87,0.75,0.05,35.64,0.6779,2,2,24,10.7,v2_lr,0
152470,2026-09-27,若松,6,5088,6.85,53.5,0.1111,0.4444,18,A1,0.16,9,81,23,4.1,0.1,0.157,10,6.93,0,0.33,34.5,0.5649,2,2,24,1.62,v2_lr,0
152471,2026-09-27,若松,1,5112,6.89,50,0.1923,0.3846,26,A1,0.16,70,101,82,3.5,0.3,0.16,10,6.97,0,0.17,30,0,3,3,24,34.51,v2_lr,1
152471,2026-09-27,若松,2,5043,6.54,43.5,0.1765,0.4706,34,A1,0.14,15,87,48,2.8,0.2,0.126,10,6.83,1,-0.03,37.69,1,3,3,24,36.73,v2_lr,0
152471,2026-09-27,若松,3,5330,6.01,42.5,0.1,0.1,10,A2,0.15,12,67,29,3.6,0.2,0.118,10,6.92,0.3571,0.04,35.67,0.7373,3,3,24,15.71,v2_lr,0
152471,2026-09-27,若松,4,5255,6.74,50.4,0,0.1667,6,A1,0.22,13,64,25,3.6,0.1,0.189,10,6.95,0.1429,0.16,33.51,0.4564,3,3,24,3.69,v2_lr,0
152471,2026-09-27,若松,5,5132,7.19,61.2,0.16,0.44,25,A1,0.12,8,76,31,2.7,0.3,0.144,10,6.97,0,0.08,32,0.2601,3,3,24,5.79,v2_lr,0
152471,2026-09-27,若松,6,5234,6.74,51.1,0.1613,0.3871,31,A1,0.16,1,73,9,3.4,0.2,0.125,10,6.95,0.1429,0.07,31.84,0.2393,3,3,24,3.57,v2_lr,0
152472,2026-09-27,若松,1,5224,7.08,48.9,0.2857,0.4286,7,A1,0.13,66,98,83,3.3,0.2,0.153,10,6.95,0.6,0.08,33.69,0.3659,2,2,24,31.7,v2_lr,1
152472,2026-09-27,若松,3,4991,6.41,45.5,0.1795,0.3846,39,A1,0.18,17,75,34,3.6,0.2,0.132,10,6.97,0.4,0.09,37.97,1,2,2,24,16.37,v2_lr,0
152472,2026-09-27,若松,4,5196,7.03,56.8,0.1429,0.1429,7,A1,0.14,15,62,28,5,0.1,0.154,10,6.91,1,-0.05,31.22,0,2,2,24,10.19,v2_lr,0
152472,2026-09-27,若松,6,5042,6.44,40.2,0.2857,0.4286,7,A1,0.1,7,61,12,3.3,0.3,0.166,10,7.01,0,0.12,32.82,0.237,2,2,24,5.87,v2_lr,0
152473,2026-09-27,若松,1,5142,7.51,60.7,0.1765,0.2941,17,A1,0.15,97,129,117,2.8,0.2,0.129,10,6.9,0.7778,0.07,37.17,0.2991,1,1,24,32.17,v2_lr,1
152473,2026-09-27,若松,2,5217,6.84,44,0.2692,0.4615,26,A1,0.13,14,66,32,3.3,0.2,0.184,10,6.97,0,0.17,35.18,0.2122,1,1,24,28.61,v2_lr,0
152473,2026-09-27,若松,3,5087,7.08,55.6,0.0588,0.2941,17,A1,0.12,20,68,39,3,0.3,0.159,10,6.88,1,0.07,41.24,0.4769,1,1,24,12.55,v2_lr,0
152473,2026-09-27,若松,4,5034,6.54,51,0.1429,0.4286,7,A1,0.12,20,78,28,3.4,0.2,0.138,10,6.88,1,0.11,53.22,1,1,1,24,13.12,v2_lr,0
152473,2026-09-27,若松,5,4985,6.63,44.8,0.2143,0.4286,14,A1,0.16,8,78,24,4.2,0.1,0.147,10,6.94,0.3333,0.06,30.32,0,1,1,24,8.23,v2_lr,0
152473,2026-09-27,若松,6,5193,6.68,47,0.2195,0.3902,41,A1,0.13,1,65,10,3.5,0.2,0.125,10,6.92,0.5556,0.11,31.91,0.0694,1,1,24,5.32,v2_lr,0
152474,2026-09-27,若松,1,5278,7.29,61.1,0.3043,0.4783,23,A1,0.13,69,84,74,2.3,0.5,0.111,10,6.88,1,-0.02,37.85,0.4491,0,1,24,31.01,v2_lr,0
152474,2026-09-27,若松,2,5298,6.9,49.6,0.3333,0.5,18,A1,0.15,9,63,28,3.1,0.2,0.138,10,6.94,0.1429,0.2,36.82,0.3547,0,1,24,26.88,v2_lr,1
152474,2026-09-27,若松,3,5136,6.46,45.8,0.2667,0.3333,15,A1,0.14,9,91,35,3.3,0.4,0.12,10,6.93,0.2857,0.09,43.86,1,0,1,24,21.09,v2_lr,0
152474,2026-09-27,若松,4,5256,7.09,57.8,0.2593,0.4815,27,A1,0.16,18,82,29,4.1,0.1,0.148,10,6.95,0,0.08,36.87,0.3593,0,1,24,12.3,v2_lr,0
152474,2026-09-27,若松,5,5017,6.34,43.3,0.2143,0.2857,14,A1,0.13,17,75,34,3.3,0.1,0.127,10,6.94,0.1429,0.11,33.85,0.0825,0,1,24,5.96,v2_lr,0
152474,2026-09-27,若松,6,5281,6.46,49.5,0.1154,0.2692,26,A1,0.15,3,61,9,3.6,0.2,0.119,10,6.88,1,-0.03,32.95,0,0,1,24,2.76,v2_lr,0
152475,2026-09-27,若松,1,5220,6.09,44,0.3333,0.4,15,A2,0.11,63,93,76,3.1,0.3,0.104,10,6.86,0.9,0.13,32.07,0.2058,1,1,24,35.21,v2_lr,1
152475,2026-09-27,若松,2,5139,6.47,47.1,0.2941,0.4706,17,A1,0.15,17,64,39,2.8,0.3,0.13,10,6.95,0,0.13,35.79,0.7773,1,1,24,28.93,v2_lr,0
152475,2026-09-27,若松,3,5064,6.29,47.4,0.16,0.4,50,A1,0.16,12,73,32,3.2,0.2,0.138,10,6.91,0.4,0.08,30.73,0,1,1,24,14.32,v2_lr,0
152475,2026-09-27,若松,4,5222,6.34,47.8,0.1579,0.2105,19,A1,0.19,10,72,26,3,0.2,0.173,10,6.85,1,0.06,33.33,0.3994,1,1,24,12.68,v2_lr,0
152475,2026-09-27,若松,5,5166,6.1,37.1,0,0.1667,12,A2,0.2,3,61,15,3.3,0.1,0.131,10,6.93,0.2,0.1,37.24,1,1,1,24,1.92,v2_lr,0
152475,2026-09-27,若松,6,5089,6.84,53.7,0.25,0.375,8,A1,0.16,2,55,9,3.1,0.2,0.132,10,6.89,0.6,0.04,33.51,0.427,1,1,24,6.94,v2_lr,0
152476,2026-09-27,若松,1,5132,7.19,61.2,0.16,0.44,25,A1,0.12,62,116,85,2.7,0.3,0.144,10,6.88,0,0.11,32,0.2207,0,1,24,23.03,v2_lr,0
152476,2026-09-27,若松,2,5145,5.81,41.7,0.2857,0.3571,14,A2,0.16,18,89,42,2.7,0.4,0.109,10,6.72,1,0.05,43.3,1,0,1,24,30.3,v2_lr,0
152476,2026-09-27,若松,3,5224,7.08,48.9,0.2857,0.4286,7,A1,0.13,10,73,36,3.3,0.2,0.153,10,6.85,0.1875,0.03,33.69,0.3372,0,1,24,22.73,v2_lr,1
152476,2026-09-27,若松,5,5043,6.54,43.5,0.1765,0.4706,34,A1,0.14,12,73,29,2.8,0.2,0.126,10,6.82,0.375,0.08,37.69,0.6131,0,1,24,6.36,v2_lr,0
152476,2026-09-27,若松,6,5191,6.49,45.5,0.1667,0.3333,18,A1,0.14,9,83,21,3.5,0.1,0.121,10,6.81,0.4375,-0.01,28.8,0,0,1,24,3.22,v2_lr,0
152477,2026-09-27,若松,1,5016,6.48,42.2,0.2,0.3,20,A1,0.15,75,93,83,3.2,0.2,0.142,10,6.76,1,0.08,35.64,0.7185,1,1,24,26.77,v2_lr,1
152477,2026-09-27,若松,2,5278,7.29,61.1,0.3043,0.4783,23,A1,0.13,16,76,38,2.3,0.5,0.111,10,6.86,0.4118,0.18,37.85,1,1,1,24,25.62,v2_lr,0
152477,2026-09-27,若松,3,5142,7.51,60.7,0.1765,0.2941,17,A1,0.15,20,83,48,2.8,0.2,0.129,10,6.84,0.5294,0.01,37.17,0.9134,1,1,24,15.95,v2_lr,0
152477,2026-09-27,若松,4,5028,6.52,46.9,0.3854,0.6146,96,A1,0.16,19,76,35,3.4,0,0.13,10,6.87,0.3529,0.19,31.37,0.1745,1,1,24,20.09,v2_lr,0
152477,2026-09-27,若松,5,5158,6.78,52,0.2727,0.5455,44,A1,0.17,5,63,14,3.1,0.3,0.129,10,6.86,0.4118,0.11,32.42,0.3083,1,1,24,9.31,v2_lr,0
152477,2026-09-27,若松,6,5112,6.89,50,0.1923,0.3846,26,A1,0.16,4,72,11,3.5,0.3,0.16,10,6.93,0,0.24,30,0,1,1,24,2.26,v2_lr,0
152478,2026-09-27,若松,1,5257,6.39,44.3,0.3333,0.6667,24,A1,0.19,58,89,67,2.1,0.3,0.145,10,6.79,1,0.07,34.18,0,1,1,24,27.84,v2_lr,0
152478,2026-09-27,若松,2,5141,6.62,55.7,0.2308,0.7692,13,A1,0.16,12,67,37,2.1,0.3,0.093,10,6.85,0.6471,0.01,37.24,0.6335,1,1,24,21.9,v2_lr,0
152478,2026-09-27,若松,3,5018,6.28,42.5,0.3729,0.5085,59,A1,0.14,20,90,47,2.6,0.4,0.119,10,6.81,0.8824,-0.09,39.01,1,1,1,24,26,v2_lr,0
152478,2026-09-27,若松,4,4939,6.83,50.4,0.2353,0.4412,34,A1,0.16,14,62,32,2.6,0.3,0.104,10,6.96,0,0.05,35.75,0.3251,1,1,24,10.01,v2_lr,1
152478,2026-09-27,若松,5,5029,6.56,50.4,0.3,0.5,30,A1,0.12,6,62,19,2.4,0.3,0.101,10,6.86,0.5882,0.05,35.87,0.3499,1,1,24,11.22,v2_lr,0
152478,2026-09-27,若松,6,5163,6.4,50,0.1739,0.3043,23,A1,0.15,4,70,13,2,0.5,0.185,10,6.82,0.8235,0.21,35.63,0.3002,1,1,24,3.02,v2_lr,0
152479,2026-09-27,芦屋,1,4974,5.54,36,0.25,0.4375,16,A2,0.16,39,70,50,3.4,0.2,0.161,10,6.83,0,0.04,34.95,0.4233,1,1,22.8,50.23,v2_lr,1
152479,2026-09-27,芦屋,2,4510,3,10.4,0,0,4,B2,0.27,1,25,4,4.6,0,0.253,10,6.79,0.3333,-0.03,40.74,1,1,1,22.8,18.04,v2_lr,0
152479,2026-09-27,芦屋,3,4525,4.88,27.5,0.0909,0.2727,33,B1,0.11,0,58,14,3.3,0,0.161,10,6.77,0.5,-0.01,37.76,0.7032,1,1,22.8,19.71,v2_lr,0
152479,2026-09-27,芦屋,4,5230,4.55,30.9,0,0,5,B1,0.21,2,51,7,3.6,0.1,0.182,10,6.71,1,0.04,37.5,0.6773,1,1,22.8,7.78,v2_lr,0
152479,2026-09-27,芦屋,5,4924,4.16,15.8,0,0,4,B1,0.15,2,63,7,4.3,0,0.169,10,6.81,0.1667,0.02,30.7,0,1,1,22.8,2.48,v2_lr,0
152479,2026-09-27,芦屋,6,5440,1.53,4.1,0,0,4,B2,,0,94,3,6,0,0.175,10,6.75,0.6667,-0.05,37.14,0.6414,1,1,22.8,1.77,v2_lr,0
152480,2026-09-27,芦屋,1,4419,5.64,38.3,0.0714,0.1429,14,A2,0.13,22,53,34,3.1,0.2,0.163,10,6.73,1,0.15,31.58,0.389,1,1,22.2,34.72,v2_lr,0
152480,2026-09-27,芦屋,2,4897,3.63,13,0,0,5,B1,0.21,2,37,9,4.3,0,0.174,10,6.83,0,-0.15,41.9,0.9767,1,1,22.2,15.52,v2_lr,0
152480,2026-09-27,芦屋,3,5358,2.93,4.5,0,0,7,B2,0.19,0,36,2,3.9,0,0.203,10,6.77,0.6,-0.11,42.31,1,1,1,22.2,11.94,v2_lr,0
152480,2026-09-27,芦屋,4,4885,6.26,47.2,0.2647,0.4706,34,A2,0.18,4,25,11,2.7,0.4,0.147,10,6.74,0.9,0.31,36.45,0.6663,1,1,22.2,26.51,v2_lr,1
152480,2026-09-27,芦屋,5,5272,4.14,25.2,0.1538,0.4615,13,B1,0.17,0,60,4,3.5,0.2,0.185,10,6.73,1,0.14,38.83,0.8018,1,1,22.2,10.32,v2_lr,0
152480,2026-09-27,芦屋,6,5365,2.25,4,0,0.0909,11,B1,,1,109,3,4.3,0,0.189,10,6.81,0.2,0.07,24.75,0,1,1,22.2,1,v2_lr,0
152481,2026-09-27,芦屋,1,4964,5.52,35.4,0.4,0.6,5,A2,0.17,22,34,28,2.2,0.5,0.103,10,6.73,1,0.04,45.87,1,1,1,22.8,36.94,v2_lr,1
152481,2026-09-27,芦屋,2,5296,3.1,14.6,0,0,13,B1,0.21,6,49,13,4.6,0,0.141,10,6.79,0.5385,0.06,29.17,0.1612,1,1,22.8,9.72,v2_lr,0
152481,2026-09-27,芦屋,3,3611,5.55,39,0.2667,0.6,15,A2,0.15,6,70,34,2.5,0.3,0.13,10,6.79,0.5385,0.12,31.9,0.2983,1,1,22.8,22.96,v2_lr,0
152481,2026-09-27,芦屋,4,4317,4.33,31.4,0,0.4,15,B1,0.19,3,59,9,3.5,0.1,0.146,10,6.86,0,0.38,25.96,0,1,1,22.8,1.7,v2_lr,0
152481,2026-09-27,芦屋,5,4433,6.6,47.7,0.4643,0.6964,56,A1,0.16,4,71,16,2.1,0.4,0.183,10,6.78,0.6154,0.04,40.54,0.7323,1,1,22.8,27.39,v2_lr,0
152481,2026-09-27,芦屋,6,5227,0,0,0.1,0.2,10,B2,,0,15,0,3.1,0.2,0.147,10,6.82,0.3077,0.14,31.37,0.2717,1,1,22.8,1.29,v2_lr,0
152482,2026-09-27,芦屋,1,4208,6.56,44.7,0.375,0.75,16,A1,0.15,80,109,93,2.3,0.4,0.158,10,6.76,0.8,0.16,37.86,0.5349,1,1,23,49.52,v2_lr,1
152482,2026-09-27,芦屋,2,4240,5.78,42.5,0,0.2,15,A2,0.13,14,67,40,3,0.3,0.118,10,6.74,1,0.14,40.74,0.7038,1,1,23,17.69,v2_lr,0
152482,2026-09-27,芦屋,3,5153,4.3,23.9,0.1538,0.2308,13,B1,0.19,3,66,12,4,0.1,0.151,10,6.79,0.5,0.12,39.62,0.6381,1,1,23,20.71,v2_lr,0
152482,2026-09-27,芦屋,4,4965,4.8,26.5,0.0714,0.4286,14,B1,0.21,5,46,9,4,0,0.178,10,6.81,0.3,0.29,28.74,0,1,1,23,5.46,v2_lr,0
152482,2026-09-27,芦屋,5,4990,2.81,8.3,0,0.0333,30,B2,0.26,0,33,0,4.4,0,0.203,10,6.84,0,0.33,45.79,1,1,1,23,1.69,v2_lr,0
152482,2026-09-27,芦屋,6,5129,5.64,37.5,0.1765,0.1765,17,A2,0.17,2,75,9,3,0.2,0.159,10,6.81,0.3,0.08,40,0.6604,1,1,23,4.94,v2_lr,0
152483,2026-09-27,芦屋,1,4050,6.66,48.6,0.4706,0.7059,17,A1,0.12,87,110,100,2.5,0.3,0.155,10,6.75,1,0.06,48.39,1,1,1,22.8,58.22,v2_lr,1
152483,2026-09-27,芦屋,2,4924,4.16,15.8,0,0,4,B1,0.15,3,66,18,4.3,0,0.169,10,6.81,0.25,0.11,30.7,0,1,1,22.8,13.51,v2_lr,0
152483,2026-09-27,芦屋,3,5342,1.81,1.1,0.0714,0.0714,14,B2,,0,12,0,4.6,0.1,0.179,10,6.83,0,0.19,37.5,0.3844,1,1,22.8,10.05,v2_lr,0
152483,2026-09-27,芦屋,4,5182,5.18,35.8,0.1053,0.2632,19,B1,0.15,6,52,7,4.4,0.1,0.169,10,6.83,0,0.22,40.95,0.5794,1,1,22.8,7.92,v2_lr,0
152483,2026-09-27,芦屋,5,4313,6.14,44.5,0.1,0.2,10,A2,0.16,0,26,3,3.2,0.2,0.165,10,6.79,0.5,0.24,37.38,0.3776,1,1,22.8,5.42,v2_lr,0
152483,2026-09-27,芦屋,6,5155,6.1,45.6,0.1667,0.3889,36,A2,0.15,2,53,9,2.6,0.2,0.126,10,6.78,0.625,0.19,32.11,0.0797,1,1,22.8,4.88,v2_lr,0
152484,2026-09-27,芦屋,1,4243,5.36,36.5,0.1667,0.3611,36,B1,0.2,38,73,51,2.9,0.3,0.162,10,6.79,0,0.14,32.73,0,0,1,23.5,23.14,v2_lr,0
152484,2026-09-27,芦屋,2,3435,6.01,38.2,0.2444,0.3778,45,A2,0.15,13,76,40,2.8,0.2,0.134,10,6.75,0.8,0.15,38,0.6748,0,1,23.5,28.04,v2_lr,1
152484,2026-09-27,芦屋,3,5272,4.14,25.2,0.1538,0.4615,13,B1,0.17,4,50,12,3.5,0.2,0.185,10,6.79,0,0.22,38.83,0.781,0,1,23.5,11.14,v2_lr,0
152484,2026-09-27,芦屋,4,4900,5.34,33,0.1765,0.4118,17,B1,0.18,7,75,25,3.2,0.1,0.183,10,6.74,1,0.23,39.81,0.9065,0,1,23.5,12.86,v2_lr,0
152484,2026-09-27,芦屋,5,4525,4.88,27.5,0.0909,0.2727,33,B1,0.11,2,56,8,3.3,0,0.161,10,6.77,0.4,0.19,37.76,0.644,0,1,23.5,3.2,v2_lr,0
152484,2026-09-27,芦屋,6,4530,6.9,53.9,0.4857,0.7429,35,A1,0.16,7,75,22,1.9,0.4,0.159,10,6.76,0.6,0.16,40.54,1,0,1,23.5,21.62,v2_lr,0
152485,2026-09-27,芦屋,1,4246,4.13,17.7,0,0.1818,11,B1,0.19,12,53,24,4.6,0,0.177,10,6.79,1,-0.02,30.69,0.1854,1,1,23.5,34.27,v2_lr,1
152485,2026-09-27,芦屋,2,4484,5.08,27.5,0.0606,0.1818,33,B1,0.22,6,69,15,4,0,0.162,10,6.86,0,0,39.39,1,1,1,23.5,24.99,v2_lr,0
152485,2026-09-27,芦屋,3,3470,5.13,29.1,0.2,0.3333,15,B1,0.14,14,60,19,3.8,0.2,0.168,10,6.85,0.1429,-0.01,33.33,0.4326,1,1,23.5,31.39,v2_lr,0
152485,2026-09-27,芦屋,4,5164,3.08,12,0,0,14,B2,0.2,1,29,1,4.7,0.1,0.169,10,6.85,0.1429,0.15,28.71,0,1,1,23.5,4.21,v2_lr,0
152485,2026-09-27,芦屋,5,5440,1.53,4.1,0,0,4,B2,,0,21,0,6,0,0.175,10,6.82,0.5714,0.08,37.14,0.7893,1,1,23.5,3.26,v2_lr,0
152485,2026-09-27,芦屋,6,5296,3.1,14.6,0,0,13,B1,0.21,2,67,4,4.6,0,0.141,10,6.8,0.8571,0.08,29.17,0.0431,1,1,23.5,1.87,v2_lr,0
152486,2026-09-27,芦屋,1,4317,4.33,31.4,0,0.4,15,B1,0.19,22,46,30,3.5,0.1,0.146,10,6.82,0.3333,0.23,25.96,0,1,1,23.6,19.82,v2_lr,0
152486,2026-09-27,芦屋,2,4990,2.81,8.3,0,0.0333,30,B2,0.26,0,35,1,4.4,0,0.203,10,6.85,0,0.17,45.79,1,1,1,23.6,13.47,v2_lr,0
152486,2026-09-27,芦屋,3,4347,6.06,36.4,0.1143,0.4,35,A2,0.18,15,54,30,2.8,0.3,0.144,10,6.77,0.8889,0.11,30.53,0.2305,1,1,23.6,23.04,v2_lr,1
152486,2026-09-27,芦屋,4,3579,4.38,22.2,0.2143,0.2143,14,B1,0.2,8,54,19,4.5,0,0.2,10,6.78,0.7778,0.15,29.73,0.1901,1,1,23.6,22.63,v2_lr,0
152486,2026-09-27,芦屋,5,4419,5.64,38.3,0.0714,0.1429,14,A2,0.13,0,53,8,3.1,0.2,0.163,10,6.76,1,-0.05,31.58,0.2834,1,1,23.6,7.31,v2_lr,0
152486,2026-09-27,芦屋,6,3232,6.15,40.7,0.2941,0.4706,17,A2,0.16,2,52,4,2.1,0.4,0.16,10,6.83,0.2222,0.03,44.68,0.944,1,1,23.6,13.73,v2_lr,0
152487,2026-09-27,芦屋,1,5230,4.55,30.9,0,0,5,B1,0.21,18,39,24,3.6,0.1,0.182,10,6.72,1,0.16,37.5,0.735,1,1,23.8,25.98,v2_lr,1
152487,2026-09-27,芦屋,2,4433,6.6,47.7,0.4643,0.6964,56,A1,0.16,22,84,41,2.1,0.4,0.183,10,6.76,0.7647,0.16,40.54,0.9685,1,1,23.8,50.62,v2_lr,0
152487,2026-09-27,芦屋,3,4998,3.97,21.8,0.0714,0.2143,14,B2,0.19,4,20,7,3.4,0.3,0.108,10,6.81,0.4706,0.15,27.93,0,1,1,23.8,11.38,v2_lr,0
152487,2026-09-27,芦屋,4,3474,4.6,28,0.0571,0.3714,35,B1,0.2,2,60,10,4.6,0,0.177,10,6.89,0,0.37,35.19,0.5576,1,1,23.8,4.4,v2_lr,0
152487,2026-09-27,芦屋,5,5182,5.18,35.8,0.1053,0.2632,19,B1,0.15,7,60,14,4.4,0.1,0.169,10,6.78,0.6471,0.19,40.95,1,1,1,23.8,6.22,v2_lr,0
152487,2026-09-27,芦屋,6,4240,5.78,42.5,0,0.2,15,A2,0.13,3,67,11,3,0.3,0.118,10,6.8,0.5294,0.22,40.74,0.9839,1,1,23.8,1.4,v2_lr,0
152488,2026-09-27,芦屋,1,4313,6.14,44.5,0.1,0.2,10,A2,0.16,21,34,29,3.2,0.2,0.165,10,6.79,0.4,0.12,37.38,0.6367,1,1,23.8,27.51,v2_lr,0
152488,2026-09-27,芦屋,2,4530,6.9,53.9,0.4857,0.7429,35,A1,0.16,24,73,45,1.9,0.4,0.159,10,6.78,0.6,-0.02,40.54,0.8696,1,1,23.8,43.04,v2_lr,1
152488,2026-09-27,芦屋,3,4965,4.8,26.5,0.0714,0.4286,14,B1,0.21,6,54,14,4,0,0.178,10,6.8,0.2,0.14,28.74,0,1,1,23.8,8.73,v2_lr,0
152488,2026-09-27,芦屋,4,5358,2.93,4.5,0,0,7,B2,0.19,0,42,1,3.9,0,0.203,10,6.81,0,0.1,42.31,1,1,1,23.8,3.41,v2_lr,0
152488,2026-09-27,芦屋,5,4974,5.54,36,0.25,0.4375,16,A2,0.16,8,63,18,3.4,0.2,0.161,10,6.78,0.6,0.04,34.95,0.4576,1,1,23.8,13.23,v2_lr,0
152488,2026-09-27,芦屋,6,3604,4.25,18.1,0.12,0.28,25,B1,0.18,0,50,2,3.8,0.1,0.17,10,6.76,1,0.09,39.09,0.7627,1,1,23.8,4.08,v2_lr,0
152489,2026-09-27,芦屋,1,5188,5.86,40.6,0.2,0.28,25,A2,0.16,44,72,52,3,0.2,0.17,10,6.75,1,0.02,30.77,0.009,1,1,24,34.42,v2_lr,1
152489,2026-09-27,芦屋,2,5155,6.1,45.6,0.1667,0.3889,36,A2,0.15,10,64,27,2.6,0.2,0.126,10,6.81,0,0.09,32.11,0.159,1,1,24,20.59,v2_lr,0
152489,2026-09-27,芦屋,3,3435,6.01,38.2,0.2444,0.3778,45,A2,0.15,12,76,28,2.8,0.2,0.134,10,6.79,0.3333,0.03,38,0.8186,1,1,24,24.88,v2_lr,0
152489,2026-09-27,芦屋,4,5153,4.3,23.9,0.1538,0.2308,13,B1,0.19,2,66,13,4,0.1,0.151,10,6.79,0.3333,-0.01,39.62,1,1,1,24,11.31,v2_lr,0
152489,2026-09-27,芦屋,5,4246,4.13,17.7,0,0.1818,11,B1,0.19,0,62,4,4.6,0,0.177,10,6.78,0.5,0.22,30.69,0,1,1,24,1.65,v2_lr,0
152489,2026-09-27,芦屋,6,3611,5.55,39,0.2667,0.6,15,A2,0.15,1,65,10,2.5,0.3,0.13,10,6.78,0.5,0.04,31.9,0.1355,1,1,24,7.16,v2_lr,0
152490,2026-09-27,芦屋,1,4885,6.26,47.2,0.2647,0.4706,34,A2,0.18,29,38,35,2.7,0.4,0.147,10,6.74,1,0.02,36.45,0.3859,1,1,24.3,32.69,v2_lr,1
152490,2026-09-27,芦屋,2,3470,5.13,29.1,0.2,0.3333,15,B1,0.14,5,56,24,3.8,0.2,0.168,10,6.83,0,0.04,33.33,0.1825,1,1,24.3,21.1,v2_lr,0
152490,2026-09-27,芦屋,3,4243,5.36,36.5,0.1667,0.3611,36,B1,0.2,11,88,30,2.9,0.3,0.162,10,6.81,0.2222,0.11,32.73,0.1434,1,1,24.3,13.05,v2_lr,0
152490,2026-09-27,芦屋,4,5129,5.64,37.5,0.1765,0.1765,17,A2,0.17,11,60,23,3,0.2,0.159,10,6.82,0.1111,0.21,40,0.6173,1,1,24.3,8.67,v2_lr,0
152490,2026-09-27,芦屋,5,4964,5.52,35.4,0.4,0.6,5,A2,0.17,1,34,9,2.2,0.5,0.103,10,6.79,0.4444,-0.01,45.87,1,1,1,24.3,21.88,v2_lr,0
152490,2026-09-27,芦屋,6,4347,6.06,36.4,0.1143,0.4,35,A2,0.18,0,58,2,2.8,0.3,0.144,10,6.75,0.8889,0.11,30.53,0,1,1,24.3,2.61,v2_lr,0
152491,2026-09-27,福岡,1,4826,7.01,51,0.2292,0.4167,48,A1,0.13,112,129,116,3.1,0.2,0.137,10,6.85,1,0.09,28.57,0.2771,2,2,25,34.06,v2_lr,1
152491,2026-09-27,福岡,2,4017,5.44,33.9,0.1429,0.2857,7,B1,0.2,14,74,30,3.2,0.2,0.236,10,6.85,1,-0.01,40.5,0.894,2,2,25,26.19,v2_lr,0
152491,2026-09-27,福岡,3,4161,5.41,34.1,0.125,0.25,8,B1,0.18,8,66,19,3.2,0.1,0.159,10,6.88,0.625,-0.08,42.55,1,2,2,25,17.1,v2_lr,0
152491,2026-09-27,福岡,4,5276,4.97,23.3,0.2593,0.3704,27,B1,0.18,8,77,17,2.8,0.3,0.168,10,6.9,0.375,-0.04,33.56,0.5352,2,2,25,18.46,v2_lr,0
152491,2026-09-27,福岡,5,4181,4.11,19.5,0.1176,0.3529,17,B1,0.18,1,68,2,4.6,0,0.244,10,6.93,0,0.1,35.04,0.6117,2,2,25,3.54,v2_lr,0
152491,2026-09-27,福岡,6,5447,0,0,0,0,7,B2,,0,37,0,5.9,0,0.215,10,6.89,0.5,0.15,23.21,0,2,2,25,0.65,v2_lr,0
152492,2026-09-27,福岡,1,5085,5.58,34.5,0.0556,0.3889,18,A2,0.24,18,62,36,4.2,0,0.19,10,6.87,0.9167,0,27.27,0.2962,2,2,25,35.85,v2_lr,0
152492,2026-09-27,福岡,2,4764,5.17,32.6,0.0588,0.1765,17,B1,0.16,8,57,19,4.1,0,0.187,10,6.86,1,0.06,28.57,0.4139,2,2,25,26.81,v2_lr,1
152492,2026-09-27,福岡,3,5261,4.34,24.4,0.1111,0.3333,27,B1,0.17,7,60,13,3.3,0.1,0.157,10,6.86,1,-0.04,35,0.9964,2,2,25,25.86,v2_lr,0
152492,2026-09-27,福岡,4,4449,3.93,23.6,0.0625,0.0625,16,B1,0.19,5,75,19,5,0,0.171,10,6.98,0,-0.02,26.74,0.2482,2,2,25,6.4,v2_lr,0
152492,2026-09-27,福岡,5,4257,4.45,24.7,0,0.3125,16,B1,0.15,3,52,9,4.2,0,0.141,10,6.91,0.5833,-0.04,35.04,1,2,2,25,3.7,v2_lr,0
152492,2026-09-27,福岡,6,5459,0,0,0,0,7,B2,,0,31,0,5.9,0,0.202,10,6.88,0.8333,-0.03,24,0,2,2,25,1.38,v2_lr,0
152493,2026-09-27,福岡,1,3664,4.69,22.6,0.1053,0.2632,19,B1,0.14,33,64,49,4,0.1,0.209,10,6.87,0.5714,0.03,31.62,1,2,2,25,31.55,v2_lr,1
152493,2026-09-27,福岡,2,4649,4.74,25,0.1538,0.1538,13,B1,0.15,14,81,32,3,0.4,0.161,10,6.95,0,0.06,23.2,0,2,2,25,21.82,v2_lr,0
152493,2026-09-27,福岡,3,3300,5.6,37.8,0.2759,0.5172,29,A2,0.15,8,75,29,3,0.3,0.135,10,6.9,0.3571,0.06,24.24,0.1235,2,2,25,27.75,v2_lr,0
152493,2026-09-27,福岡,4,4909,4.98,30.1,0.12,0.24,25,B1,0.18,2,57,13,3.8,0.1,0.174,10,6.85,0.7143,-0.02,23.58,0.0451,2,2,25,10.49,v2_lr,0
152493,2026-09-27,福岡,5,5013,5.25,34.9,0.0769,0.2308,26,B1,0.15,2,67,9,3.5,0.2,0.151,10,6.81,1,-0.11,25.49,0.272,2,2,25,5.81,v2_lr,0
152493,2026-09-27,福岡,6,5063,4.46,20.5,0.1111,0.2222,27,B1,0.25,0,56,2,4,0.1,0.193,10,6.95,0,-0.02,30.63,0.8824,2,2,25,2.57,v2_lr,0
152494,2026-09-27,福岡,1,4656,5.67,39.1,0.125,0.25,8,A2,0.16,19,57,34,3.9,0.1,0.167,10,6.93,0,0.23,28.68,0.3121,2,2,25,30.53,v2_lr,1
152494,2026-09-27,福岡,2,5134,5.69,39,0.2069,0.3448,29,A2,0.14,13,73,41,3.1,0.3,0.189,10,6.89,1,0.38,35.16,1,2,2,25,34.21,v2_lr,0
152494,2026-09-27,福岡,3,4691,4.45,23.9,0.1667,0.25,12,B1,0.19,5,58,13,3.6,0.3,0.174,10,6.92,0.25,0.2,32.59,0.7272,2,2,25,18.94,v2_lr,0
152494,2026-09-27,福岡,6,5253,2.97,10.2,0,0.1429,14,B2,0.25,1,70,5,3.7,0,0.217,10,6.91,0.5,0.09,25.74,0,2,2,25,1.07,v2_lr,0
152495,2026-09-27,福岡,1,4962,5.79,34.1,0.1579,0.2105,19,A2,0.17,54,80,64,3.8,0.2,0.115,10,6.82,1,0.07,32.76,0.8887,2,2,25,35.24,v2_lr,1
152495,2026-09-27,福岡,2,4254,5.51,33,0.1786,0.5357,28,A2,0.12,11,65,28,3,0.3,0.156,10,6.84,0.8333,0.01,34.35,0.9663,2,2,25,30.56,v2_lr,0
152495,2026-09-27,福岡,3,2878,5.26,28.4,0.1842,0.3684,38,B1,0.15,7,76,21,3.5,0,0.176,10,6.88,0.5,0.08,14.56,0,2,2,25,19.25,v2_lr,0
152495,2026-09-27,福岡,4,4181,4.11,19.5,0.1176,0.3529,17,B1,0.18,1,72,6,4.6,0,0.244,10,6.94,0,0.18,35.04,1,2,2,25,7.12,v2_lr,0
152495,2026-09-27,福岡,5,5447,0,0,0,0,7,B2,,0,16,0,5.9,0,0.215,10,6.9,0.3333,0.24,23.21,0.4224,2,2,25,1.28,v2_lr,0
152495,2026-09-27,福岡,6,4066,5.97,35.7,0.2222,0.5556,9,A2,0.17,4,72,11,2.6,0.2,0.163,10,6.9,0.3333,0.03,35.04,1,2,2,25,6.55,v2_lr,0
152496,2026-09-27,福岡,1,3643,5.14,29.8,0.1333,0.3,30,B1,0.2,36,74,56,4,0.1,0.212,10,6.83,1,0.2,32.56,1,2,2,25,34.62,v2_lr,0
152496,2026-09-27,福岡,2,4287,5.77,37.9,0.2424,0.3636,33,A2,0.17,9,68,34,3.3,0.3,0.194,10,6.9,0.3,0.01,31.54,0.9175,2,2,25,34.09,v2_lr,1
152496,2026-09-27,福岡,3,4607,5.47,30.9,0.14,0.36,50,A2,0.18,6,83,30,3.3,0.1,0.16,10,6.93,0,0.04,26.12,0.479,2,2,25,14.94,v2_lr,0
152496,2026-09-27,福岡,4,4764,5.17,32.6,0.0588,0.1765,17,B1,0.16,6,56,11,4.1,0,0.187,10,6.84,0.9,0.11,28.57,0.6772,2,2,25,8.05,v2_lr,0
152496,2026-09-27,福岡,5,5459,0,0,0,0,7,B2,,0,15,0,5.9,0,0.202,10,6.87,0.6,0.23,24,0.3074,2,2,25,1.55,v2_lr,0
152496,2026-09-27,福岡,6,4269,6.04,41.1,0.234,0.3404,47,A2,0.16,11,81,22,2.8,0.2,0.136,10,6.87,0.6,0.07,20.2,0,2,2,25,6.74,v2_lr,0
152497,2026-09-27,福岡,1,4063,6.37,45.8,0.3333,0.4444,9,A1,0.11,83,118,101,2.8,0.4,0.106,10,6.96,0,0.05,39.55,1,2,2,25,44.24,v2_lr,1
152497,2026-09-27,福岡,2,3629,6.09,40.7,0.2222,0.4444,9,A2,0.14,13,75,36,3,0.3,0.125,10,6.93,0.3,0.24,33.33,0.5576,2,2,25,31.61,v2_lr,0
152497,2026-09-27,福岡,3,4449,3.93,23.6,0.0625,0.0625,16,B1,0.19,7,69,14,5,0,0.171,10,6.94,0.2,0.03,26.74,0.0889,2,2,25,9.62,v2_lr,0
152497,2026-09-27,福岡,4,5013,5.25,34.9,0.0769,0.2308,26,B1,0.15,13,70,21,3.5,0.2,0.151,10,6.86,1,0.13,25.49,0,2,2,25,8.62,v2_lr,0
152497,2026-09-27,福岡,5,5085,5.58,34.5,0.0556,0.3889,18,A2,0.24,2,69,16,4.2,0,0.19,10,6.96,0,0.2,27.27,0.1266,2,2,25,2.37,v2_lr,0
152497,2026-09-27,福岡,6,5302,3.82,19.1,0.125,0.25,16,B1,0.17,0,75,0,3,0.2,0.153,10,6.86,1,0.19,26.67,0.0839,2,2,25,3.53,v2_lr,0
152498,2026-09-27,福岡,1,4695,5.49,40.9,0,0.2222,9,A2,0.15,37,72,53,4.2,0,0.156,10,6.91,0.5714,0.09,27.12,0.1513,2,2,25,29.21,v2_lr,1
152498,2026-09-27,福岡,2,4257,4.45,24.7,0,0.3125,16,B1,0.15,3,57,23,4.2,0,0.141,10,6.87,0.8571,0.13,35.04,0.49,2,2,25,21.87,v2_lr,0
152498,2026-09-27,福岡,3,5063,4.46,20.5,0.1111,0.2222,27,B1,0.25,5,60,13,4,0.1,0.193,10,6.92,0.5,0.07,30.63,0.3014,2,2,25,22.85,v2_lr,0
152498,2026-09-27,福岡,4,4656,5.67,39.1,0.125,0.25,8,A2,0.16,8,70,23,3.9,0.1,0.167,10,6.99,0,0.09,28.68,0.218,2,2,25,11.51,v2_lr,0
152498,2026-09-27,福岡,5,4909,4.98,30.1,0.12,0.24,25,B1,0.18,3,57,9,3.8,0.1,0.174,10,6.85,1,-0.03,23.58,0,2,2,25,10.88,v2_lr,0
152498,2026-09-27,福岡,6,5180,2.69,13.8,0.0588,0.1765,17,B2,0.2,1,38,3,3.6,0.1,0.174,10,6.89,0.7143,-0.04,46.97,1,2,2,25,3.68,v2_lr,0
152499,2026-09-27,福岡,1,2878,5.26,28.4,0.1842,0.3684,38,B1,0.15,30,75,43,3.5,0,0.176,10,6.93,0,0.16,14.56,0,2,2,25,31.52,v2_lr,0
152499,2026-09-27,福岡,2,4161,5.41,34.1,0.125,0.25,8,B1,0.18,6,70,23,3.2,0.1,0.159,10,6.86,1,0.1,42.55,1,2,2,25,28.66,v2_lr,0
152499,2026-09-27,福岡,3,4017,5.44,33.9,0.1429,0.2857,7,B1,0.2,8,77,26,3.2,0.2,0.236,10,6.87,0.8571,0.15,40.5,0.9268,2,2,25,20.99,v2_lr,1
152499,2026-09-27,福岡,4,4691,4.45,23.9,0.1667,0.25,12,B1,0.19,1,58,8,3.6,0.3,0.174,10,6.93,0,0.21,32.59,0.6442,2,2,25,9.73,v2_lr,0
152499,2026-09-27,福岡,5,4649,4.74,25,0.1538,0.1538,13,B1,0.15,2,65,6,3,0.4,0.161,10,6.91,0.2857,0.09,23.2,0.3087,2,2,25,6.2,v2_lr,0
152499,2026-09-27,福岡,6,5261,4.34,24.4,0.1111,0.3333,27,B1,0.17,1,44,4,3.3,0.1,0.157,10,6.89,0.5714,0.14,35,0.7303,2,2,25,2.91,v2_lr,0
152500,2026-09-27,福岡,1,4607,5.47,30.9,0.14,0.36,50,A2,0.18,48,97,73,3.3,0.1,0.16,10,6.97,0,0.18,26.12,0.1722,2,2,25,21.9,v2_lr,0
152500,2026-09-27,福岡,2,5276,4.97,23.3,0.2593,0.3704,27,B1,0.18,8,77,27,2.8,0.3,0.168,10,6.86,1,-0.01,33.56,0.8535,2,2,25,30.53,v2_lr,0
152500,2026-09-27,福岡,3,4287,5.77,37.9,0.2424,0.3636,33,A2,0.17,12,78,34,3.3,0.3,0.194,10,6.94,0.2727,-0.01,31.54,0.6685,2,2,25,21.18,v2_lr,1
152500,2026-09-27,福岡,4,3300,5.6,37.8,0.2759,0.5172,29,A2,0.15,5,68,20,3,0.3,0.135,10,6.95,0.1818,0.08,24.24,0,2,2,25,14.67,v2_lr,0
152500,2026-09-27,福岡,5,4962,5.79,34.1,0.1579,0.2105,19,A2,0.17,6,73,17,3.8,0.2,0.115,10,6.89,0.7273,0.04,32.76,0.7802,2,2,25,7.31,v2_lr,0
152500,2026-09-27,福岡,6,5134,5.69,39,0.2069,0.3448,29,A2,0.14,3,66,13,3.1,0.3,0.189,10,6.95,0.1818,0.04,35.16,1,2,2,25,4.4,v2_lr,0
152501,2026-09-27,福岡,1,4269,6.04,41.1,0.234,0.3404,47,A2,0.16,78,113,98,2.8,0.2,0.136,10,6.87,0.875,0.04,20.2,0,2,2,25,28.82,v2_lr,0
152501,2026-09-27,福岡,2,4066,5.97,35.7,0.2222,0.5556,9,A2,0.17,8,81,41,2.6,0.2,0.163,10,6.86,1,0.26,35.04,0.7669,2,2,25,25.18,v2_lr,1
152501,2026-09-27,福岡,3,4826,7.01,51,0.2292,0.4167,48,A1,0.13,22,99,49,3.1,0.2,0.137,10,6.89,0.625,0.08,28.57,0.4326,2,2,25,19.62,v2_lr,0
152501,2026-09-27,福岡,4,4063,6.37,45.8,0.3333,0.4444,9,A1,0.11,9,76,28,2.8,0.4,0.106,10,6.94,0,0.26,39.55,1,2,2,25,17.53,v2_lr,0
152501,2026-09-27,福岡,5,3629,6.09,40.7,0.2222,0.4444,9,A2,0.14,7,68,18,3,0.3,0.125,10,6.94,0,0.25,33.33,0.6786,2,2,25,5.94,v2_lr,0
152501,2026-09-27,福岡,6,4254,5.51,33,0.1786,0.5357,28,A2,0.12,1,58,5,3,0.3,0.156,10,6.9,0.5,0.36,34.35,0.7313,2,2,25,2.92,v2_lr,0
152502,2026-09-27,福岡,1,4024,6.44,34.7,0.2571,0.4857,35,A1,0.16,63,97,76,2.2,0.5,0.178,10,6.88,0.6,0.08,35.29,0.3962,2,2,25,27,v2_lr,1
152502,2026-09-27,福岡,2,4391,6.31,45.3,0.4737,0.6842,19,A1,0.14,21,80,42,2.6,0.2,0.155,10,6.88,0.6,0.17,37.32,0.6716,2,2,25,29.35,v2_lr,0
152502,2026-09-27,福岡,3,3582,5.95,43.2,0.4,0.6667,30,A2,0.17,16,89,41,2.9,0.3,0.157,10,6.9,0.2,0.1,32.37,0,2,2,25,24.04,v2_lr,0
152502,2026-09-27,福岡,4,4736,6.7,54.3,0.25,0.5,60,A1,0.14,14,70,38,2.7,0.2,0.115,10,6.9,0.2,0.03,38.85,0.8792,2,2,25,12.85,v2_lr,0
152502,2026-09-27,福岡,5,5015,6.69,51.8,0.1667,0.4444,18,A1,0.15,3,56,16,2.7,0.2,0.134,10,6.91,0,0.03,39.74,1,2,2,25,4.61,v2_lr,0
152502,2026-09-27,福岡,6,3303,5.27,31.5,0.1053,0.4737,19,B1,0.2,1,68,2,3.1,0,0.181,10,6.86,1,0.1,32.79,0.057,2,2,25,2.15,v2_lr,0
