race_id,date,venue,lane,player_id,global_win_rate,global_2rate,local_win_rate,local_2rate,local_race_cnt,grade_period,avg_st,course_rank1,course_count,course_rank2,recent10_avg_rank,recent10_win_rate,recent10_st_mean,recent10_count,exhibit_time_raw,exhibit_time_rel,start_timing,motor_2rate,motor_2rate_rel,wind_speed,wave_height,temperature,score_total_current,model_version,is_winner
143333,2026-09-11,戸田,1,3075,4.31,25.5,0.1356,0.339,59,B1,0.16,19,61,29,3,0,0.123,10,6.71,0.3125,0.06,25,0,0,0,21,31.56,v2_lr,1
143333,2026-09-11,戸田,2,4674,5.35,32.3,0.2143,0.3571,14,B1,0.16,8,70,23,3.6,0,0.119,10,6.62,0.875,-0.01,26.09,0.061,0,0,21,34.39,v2_lr,0
143333,2026-09-11,戸田,3,4572,5.23,35.5,0.16,0.36,25,B1,0.18,11,68,26,4.3,0.1,0.141,10,6.76,0,-0.03,26.32,0.0739,0,0,21,14.24,v2_lr,0
143333,2026-09-11,戸田,4,3834,3.68,16.3,0.1429,0.4286,7,B1,0.19,1,54,8,4.1,0,0.15,10,6.65,0.6875,0.03,28.57,0.1999,0,0,21,7.84,v2_lr,0
143333,2026-09-11,戸田,5,4555,5.26,32.1,0.0714,0.2143,14,B1,0.18,0,59,9,3.6,0.1,0.184,10,6.6,1,0,42.86,1,0,0,21,7.75,v2_lr,0
143333,2026-09-11,戸田,6,4631,4.63,29.3,0.2143,0.5714,14,B1,0.17,1,53,6,4.7,0,0.185,10,6.65,0.6875,-0.03,25,0,0,0,21,4.22,v2_lr,0
143334,2026-09-11,戸田,1,3692,4.39,20.1,0.1667,0.2917,24,B1,0.19,30,68,44,3.3,0.2,0.124,10,6.64,0.6,0.08,62.5,0.9043,1,1,19,29.77,v2_lr,1
143334,2026-09-11,戸田,2,5038,6.41,47.5,0.25,0.375,16,A2,0.18,14,76,38,2.8,0.2,0.143,10,6.58,1,0.04,47.83,0.5678,1,1,19,31.95,v2_lr,0
143334,2026-09-11,戸田,3,4325,4.37,16.4,0.0667,0.1333,15,B1,0.17,2,67,12,4.5,0,0.128,10,6.7,0.2,0.03,23.08,0,1,1,19,7.38,v2_lr,0
143334,2026-09-11,戸田,4,4887,5.17,38,0.2813,0.375,32,B1,0.15,10,60,17,3.2,0.2,0.169,10,6.73,0,-0.06,25,0.044,1,1,19,12.74,v2_lr,0
143334,2026-09-11,戸田,5,4706,5.76,38.9,0.1935,0.2903,31,A2,0.18,7,75,20,2.8,0.1,0.193,10,6.68,0.3333,-0.01,66.67,1,1,1,19,7.93,v2_lr,0
143334,2026-09-11,戸田,6,4649,4.74,25,,,0,B1,0.15,2,75,5,2.8,0.3,0.149,10,6.68,0.3333,-0.08,23.81,0.0167,1,1,19,10.23,v2_lr,0
143335,2026-09-11,戸田,1,3814,4.76,29.1,0,0.1111,9,B1,0.2,20,58,32,4.1,0,0.241,10,6.52,1,-0.01,25,0.4722,1,1,19,21.53,v2_lr,0
143335,2026-09-11,戸田,2,4708,4.19,15,0,0.1538,13,B1,0.17,2,62,9,3,0.2,0.214,10,6.64,0.3684,-0.03,0,0,1,1,19,8.86,v2_lr,0
143335,2026-09-11,戸田,3,5220,6.09,44,0.3707,0.5172,116,A2,0.11,18,84,37,3.2,0.3,0.113,10,6.53,0.9474,0.03,52.94,1,1,1,19,28.89,v2_lr,0
143335,2026-09-11,戸田,4,5008,4.68,26.5,0.0909,0.2727,22,B1,0.16,7,66,13,3.1,0.3,0.129,10,6.59,0.6316,0.12,30.43,0.5748,1,1,19,8.25,v2_lr,0
143335,2026-09-11,戸田,5,4388,5.94,38.6,0.1429,0.5714,7,A2,0.17,8,74,23,3.1,0.3,0.155,10,6.65,0.3158,0.03,37.5,0.7083,1,1,19,11.5,v2_lr,0
143335,2026-09-11,戸田,6,4370,6.86,50.4,0.375,0.5625,16,A1,0.14,7,72,20,2.3,0.4,0.135,10,6.71,0,-0.02,52.17,0.9855,1,1,19,20.98,v2_lr,1
143336,2026-09-11,戸田,1,4615,4.24,20.9,0.1429,0.2857,28,B1,0.15,15,43,20,3.8,0.1,0.166,10,6.73,0,0.14,41.18,0.7451,0,0,19,31.38,v2_lr,0
143336,2026-09-11,戸田,2,4467,6.48,44.7,0.0417,0.375,24,A1,0.13,12,81,35,4.1,0.2,0.171,10,6.65,0.7273,0.06,37.5,0.6041,0,0,19,27.24,v2_lr,1
143336,2026-09-11,戸田,3,4363,5.84,40.1,0.1389,0.3333,36,A2,0.16,10,85,32,3.1,0.2,0.13,10,6.63,0.9091,-0.12,21.74,0,0,0,19,24.38,v2_lr,0
143336,2026-09-11,戸田,4,5313,4.52,22.6,0.0313,0.0938,32,B1,0.15,3,60,5,3.7,0,0.169,10,6.62,1,0.07,47.83,1,0,0,19,8.79,v2_lr,0
143336,2026-09-11,戸田,5,4883,6.14,47.8,0.2143,0.3929,28,A2,0.18,6,53,18,2.2,0.4,0.146,10,6.73,0,0.09,21.74,0,0,0,19,6.31,v2_lr,0
143336,2026-09-11,戸田,6,3161,5.22,37.8,0.1154,0.3846,26,B1,0.21,2,51,16,3.8,0,0.189,10,6.71,0.1818,0.19,23.08,0.0514,0,0,19,1.89,v2_lr,0
143337,2026-09-11,戸田,1,3514,5.57,35.8,0.2,0.4,10,A2,0.16,55,81,65,2.6,0.3,0.168,10,6.66,1,0.03,29.41,0.3949,0,0,20,35.86,v2_lr,0
143337,2026-09-11,戸田,2,4692,4.94,34.9,0.1111,0.2222,9,B1,0.14,6,69,16,4.3,0.1,0.14,10,6.66,1,0.06,25,0.25,0,0,20,20.15,v2_lr,0
143337,2026-09-11,戸田,3,4846,3.99,20.2,0.1,0.25,20,B1,0.14,3,70,13,4.6,0,0.187,10,6.71,0.6429,0.05,39.13,0.7142,0,0,20,13.11,v2_lr,0
143337,2026-09-11,戸田,4,4295,7.01,53,0.2973,0.6216,37,A1,0.14,13,75,36,1.4,0.6,0.106,10,6.71,0.6429,0.04,17.39,0,0,0,20,23.48,v2_lr,1
143337,2026-09-11,戸田,5,3589,4.15,22.8,0.0556,0.25,36,B1,0.18,2,59,8,4.3,0.1,0.126,10,6.78,0.1429,0.03,47.83,1,0,0,20,4.07,v2_lr,0
143337,2026-09-11,戸田,6,4674,5.35,32.3,0.2143,0.3571,14,B1,0.16,0,68,11,3.6,0,0.119,10,6.8,0,0.2,26.09,0.2858,0,0,20,3.33,v2_lr,0
143338,2026-09-11,戸田,1,4887,5.17,38,0.2813,0.375,32,B1,0.15,38,59,46,3.2,0.2,0.169,10,6.55,1,0.14,25,0.2712,1,1,20,33.75,v2_lr,0
143338,2026-09-11,戸田,2,4451,6.04,42.3,,,0,A2,0.14,11,73,33,2.1,0.3,0.113,10,6.62,0.6316,-0.09,44.44,0.964,1,1,20,33.28,v2_lr,1
143338,2026-09-11,戸田,3,4578,5.74,46.6,0.1875,0.375,16,A2,0.18,13,72,30,3.7,0.3,0.192,10,6.69,0.2632,-0.04,22.73,0.1903,1,1,20,12.73,v2_lr,0
143338,2026-09-11,戸田,4,5259,3.03,10,0.0476,0.1429,42,B2,0.19,1,54,7,3.9,0,0.15,10,6.7,0.2105,0.27,17.39,0,1,1,20,3.1,v2_lr,0
143338,2026-09-11,戸田,5,4351,7.01,53.1,0.3333,0.4545,33,A1,0.15,5,63,25,2.3,0.4,0.114,10,6.64,0.5263,0.25,45.45,1,1,1,20,16.55,v2_lr,0
143338,2026-09-11,戸田,6,5455,0,0,0,0,4,B2,,0,35,0,5.6,0,0.243,10,6.74,0,0.05,31.82,0.5143,1,1,20,0.6,v2_lr,0
143339,2026-09-11,戸田,1,4762,6.77,43.4,0.0588,0.1176,17,A1,0.12,96,116,105,2.9,0.2,0.14,10,6.53,1,0.09,54.17,1,1,1,20,46.22,v2_lr,1
143339,2026-09-11,戸田,2,4973,5.03,31.7,0.2105,0.3421,38,B1,0.16,4,73,20,2.6,0.2,0.209,10,6.62,0.5,0.23,53.33,0.9741,1,1,20,31.96,v2_lr,0
143339,2026-09-11,戸田,3,4866,4.07,14.6,0.0769,0.0769,13,B1,0.16,8,65,22,3.9,0,0.185,10,6.71,0,0.26,21.74,0,1,1,20,7.68,v2_lr,0
143339,2026-09-11,戸田,4,3075,4.31,25.5,0.1356,0.339,59,B1,0.16,7,68,24,3,0,0.123,10,6.71,0,0.01,25,0.1005,1,1,20,8.98,v2_lr,0
143339,2026-09-11,戸田,5,3814,4.76,29.1,0,0.1111,9,B1,0.2,2,75,5,4.1,0,0.241,10,6.66,0.2778,0.03,25,0.1005,1,1,20,3.47,v2_lr,0
143339,2026-09-11,戸田,6,4325,4.37,16.4,0.0667,0.1333,15,B1,0.17,0,57,2,4.5,0,0.128,10,6.68,0.1667,-0.03,23.08,0.0413,1,1,20,1.69,v2_lr,0
143340,2026-09-11,戸田,1,5008,4.68,26.5,0.0909,0.2727,22,B1,0.16,21,48,28,3.1,0.3,0.129,10,6.58,1,0.07,30.43,0.3477,1,1,20,29.12,v2_lr,0
143340,2026-09-11,戸田,2,4555,5.26,32.1,0.0714,0.2143,14,B1,0.18,7,64,20,3.6,0.1,0.184,10,6.61,0.7692,0.06,42.86,0.762,1,1,20,20.05,v2_lr,1
143340,2026-09-11,戸田,3,5126,6.49,49.5,0.4286,0.5714,7,A1,0.15,22,79,44,3.2,0.1,0.128,10,6.67,0.3077,-0.01,50,1,1,1,20,32.89,v2_lr,0
143340,2026-09-11,戸田,4,4615,4.24,20.9,0.1429,0.2857,28,B1,0.15,4,59,13,3.8,0.1,0.166,10,6.71,0,0.12,41.18,0.706,1,1,20,6.18,v2_lr,0
143340,2026-09-11,戸田,5,3072,4.14,20.4,0.1,0.3667,30,B1,0.17,1,56,6,3.8,0.1,0.17,10,6.7,0.0769,0.02,20,0,1,1,20,2.61,v2_lr,0
143340,2026-09-11,戸田,6,4886,6.04,31,,,0,A2,0.13,1,71,11,2.6,0.3,0.11,10,6.63,0.6154,0.05,29.41,0.3137,1,1,20,9.14,v2_lr,0
143341,2026-09-11,戸田,1,4388,5.94,38.6,0.1429,0.5714,7,A2,0.17,61,93,73,3.1,0.3,0.155,10,6.72,0,0.14,37.5,0.4638,1,1,20,36.43,v2_lr,1
143341,2026-09-11,戸田,2,4163,5.68,40.6,0,0.5714,7,A2,0.15,7,90,32,2.6,0.2,0.138,10,6.57,1,0.08,54.17,1,1,1,20,28.56,v2_lr,0
143341,2026-09-11,戸田,3,3161,5.22,37.8,0.1154,0.3846,26,B1,0.21,6,81,27,3.8,0,0.189,10,6.72,0,0.13,23.08,0,1,1,20,8.59,v2_lr,0
143341,2026-09-11,戸田,4,3514,5.57,35.8,0.2,0.4,10,A2,0.16,7,67,16,2.6,0.3,0.168,10,6.69,0.2,0.21,29.41,0.2036,1,1,20,9.26,v2_lr,0
143341,2026-09-11,戸田,5,4865,4.23,15.7,0.1667,0.3333,6,B2,0.17,0,42,2,4.4,0.1,0.199,10,6.57,1,0.13,37.5,0.4638,1,1,20,7.63,v2_lr,0
143341,2026-09-11,戸田,6,5038,6.41,47.5,0.25,0.375,16,A2,0.18,3,61,8,2.8,0.2,0.143,10,6.62,0.6667,-0.01,47.83,0.7961,1,1,20,9.53,v2_lr,0
143342,2026-09-11,戸田,1,4363,5.84,40.1,0.1389,0.3333,36,A2,0.16,58,99,80,3.1,0.2,0.13,10,6.62,0.6364,0.11,21.74,0,0,0,20,28.87,v2_lr,1
143342,2026-09-11,戸田,2,4706,5.76,38.9,0.1935,0.2903,31,A2,0.18,14,73,40,2.8,0.1,0.193,10,6.61,0.7273,0.23,66.67,1,0,0,20,27.82,v2_lr,0
143342,2026-09-11,戸田,3,4631,4.63,29.3,0.2143,0.5714,14,B1,0.17,9,60,22,4.7,0,0.185,10,6.69,0,-0.01,25,0.0726,0,0,20,13.05,v2_lr,0
143342,2026-09-11,戸田,4,4692,4.94,34.9,0.1111,0.2222,9,B1,0.14,8,69,17,4.3,0.1,0.14,10,6.63,0.5455,0.06,25,0.0726,0,0,20,5.75,v2_lr,0
143342,2026-09-11,戸田,5,4451,6.04,42.3,,,0,A2,0.14,6,65,18,2.1,0.3,0.113,10,6.68,0.0909,-0.04,44.44,0.5052,0,0,20,12.97,v2_lr,0
143342,2026-09-11,戸田,6,3711,6.1,41.8,,,0,A2,0.16,4,82,11,3.2,0.1,0.14,10,6.58,1,-0.03,36.36,0.3254,0,0,20,11.54,v2_lr,0
143343,2026-09-11,戸田,1,5220,6.09,44,0.3707,0.5172,116,A2,0.11,61,91,74,3.2,0.3,0.113,10,6.51,1,0.03,52.94,0.7655,0,0,20,43.62,v2_lr,1
143343,2026-09-11,戸田,2,4578,5.74,46.6,0.1875,0.375,16,A2,0.18,16,80,43,3.7,0.3,0.192,10,6.69,0.1429,-0.01,22.73,0.0243,0,0,20,20.24,v2_lr,0
143343,2026-09-11,戸田,3,3692,4.39,20.1,0.1667,0.2917,24,B1,0.19,5,70,25,3.3,0.2,0.124,10,6.67,0.2381,-0.01,62.5,1,0,0,20,19.46,v2_lr,0
143343,2026-09-11,戸田,4,4883,6.14,47.8,0.2143,0.3929,28,A2,0.18,11,57,22,2.2,0.4,0.146,10,6.71,0.0476,-0.06,21.74,0,0,0,20,10.44,v2_lr,0
143343,2026-09-11,戸田,5,4572,5.23,35.5,0.16,0.36,25,B1,0.18,1,69,13,4.3,0.1,0.141,10,6.72,0,0.04,26.32,0.1124,0,0,20,4.14,v2_lr,0
143343,2026-09-11,戸田,6,4539,6.3,45.6,0.0769,0.1538,13,A1,0.13,5,78,14,3.3,0.1,0.15,10,6.71,0.0476,-0.04,30.43,0.2132,0,0,20,2.11,v2_lr,0
143344,2026-09-11,戸田,1,4295,7.01,53,0.2973,0.6216,37,A1,0.14,91,122,111,1.4,0.6,0.106,10,6.59,1,-0.1,17.39,0,1,1,21,25.1,v2_lr,0
143344,2026-09-11,戸田,2,4351,7.01,53.1,0.3333,0.4545,33,A1,0.15,19,69,37,2.3,0.4,0.114,10,6.62,0.7,0.03,45.45,0.7629,1,1,21,23.76,v2_lr,0
143344,2026-09-11,戸田,3,4370,6.86,50.4,0.375,0.5625,16,A1,0.14,20,72,41,2.3,0.4,0.135,10,6.69,0,-0.12,52.17,0.9456,1,1,21,25.37,v2_lr,1
143344,2026-09-11,戸田,4,4762,6.77,43.4,0.0588,0.1176,17,A1,0.12,10,69,28,2.9,0.2,0.14,10,6.61,0.8,-0.05,54.17,1,1,1,21,13.35,v2_lr,0
143344,2026-09-11,戸田,5,4467,6.48,44.7,0.0417,0.375,24,A1,0.13,3,73,14,4.1,0.2,0.171,10,6.68,0.1,0.01,37.5,0.5468,1,1,21,2.42,v2_lr,0
143344,2026-09-11,戸田,6,5126,6.49,49.5,0.4286,0.5714,7,A1,0.15,5,81,16,3.2,0.1,0.128,10,6.69,0,-0.01,50,0.8866,1,1,21,10.01,v2_lr,0
143345,2026-09-11,江戸川,1,3859,4.56,27.2,0,0.25,8,B1,0.15,14,48,27,3.9,0.1,0.137,10,6.57,0.5833,0,29.69,0.5033,2,5,20,27.19,v2_lr,1
143345,2026-09-11,江戸川,2,3303,5.27,31.5,0.181,0.4095,105,B1,0.2,6,84,30,3.9,0,0.221,10,6.52,1,-0.03,19.67,0.1384,2,5,20,28.78,v2_lr,0
143345,2026-09-11,江戸川,3,3664,4.69,22.6,0.2857,0.4286,7,B1,0.14,2,64,17,2.8,0.3,0.172,10,6.59,0.4167,0,43.33,1,2,5,20,24.53,v2_lr,0
143345,2026-09-11,江戸川,4,4981,5.02,25.2,0.0909,0.2727,22,B1,0.16,4,65,15,3.3,0.2,0.22,10,6.58,0.5,-0.05,15.87,0,2,5,20,9.72,v2_lr,0
143345,2026-09-11,江戸川,5,3839,3.53,11.6,0.0517,0.2414,58,B1,0.17,0,67,4,5.3,0,0.227,10,6.64,0,0.12,36.84,0.7637,2,5,20,2.47,v2_lr,0
143345,2026-09-11,江戸川,6,3956,6.23,44.3,0.2353,0.3529,17,A2,0.16,3,68,9,3,0.2,0.163,10,6.56,0.6667,-0.03,30.16,0.5204,2,5,20,7.31,v2_lr,0
143346,2026-09-11,江戸川,1,4142,5.62,32.4,0.0938,0.375,32,A2,0.18,44,87,66,3.1,0,0.166,10,6.59,0.5882,0.05,45.16,0.8193,2,5,19,34.19,v2_lr,1
143346,2026-09-11,江戸川,2,5053,3.99,21.8,0.1333,0.3,30,B1,0.17,6,58,19,4.3,0.1,0.182,10,6.67,0.1176,-0.05,38.71,0.5786,2,5,19,23.66,v2_lr,0
143346,2026-09-11,江戸川,3,4257,4.45,24.7,0.1136,0.2955,44,B1,0.15,4,58,11,3.3,0.2,0.134,10,6.52,1,0.04,50,1,2,5,19,21.33,v2_lr,0
143346,2026-09-11,江戸川,4,4179,5.77,36.2,0.0968,0.3226,31,A2,0.16,1,76,19,4.1,0.1,0.152,10,6.69,0,0.15,23.21,0,2,5,19,6.16,v2_lr,0
143346,2026-09-11,江戸川,5,5427,2.44,2.1,0,0.0417,24,B1,,0,48,2,4.9,0,0.189,10,6.57,0.7059,0.14,37.1,0.5185,2,5,19,2.65,v2_lr,0
143346,2026-09-11,江戸川,6,4598,5.41,36.9,0.28,0.52,100,B1,0.16,3,70,6,2.4,0.4,0.137,10,6.56,0.7647,0.03,43.55,0.7592,2,5,19,12.01,v2_lr,0
143347,2026-09-11,江戸川,1,5378,1.84,2.1,0.0357,0.0357,28,B2,,1,3,1,5.3,0.1,0.196,10,6.58,0.6667,0.38,37.7,0.8543,1,5,19,20.09,v2_lr,0
143347,2026-09-11,江戸川,2,5138,3.75,12.3,0.1176,0.1471,34,B1,0.27,1,43,4,3.3,0.2,0.168,10,6.68,0,0.09,41.38,1,1,5,19,19.71,v2_lr,0
143347,2026-09-11,江戸川,3,4640,6.03,41,0.1429,0.2857,7,A2,0.15,14,88,37,3.8,0.1,0.193,10,6.53,1,0.11,32.2,0.6364,1,5,19,27.19,v2_lr,1
143347,2026-09-11,江戸川,4,5315,2.53,8.3,0.0492,0.0656,61,B2,0.22,4,59,6,4.8,0,0.161,10,6.58,0.6667,0.11,27.59,0.4539,1,5,19,5.93,v2_lr,0
143347,2026-09-11,江戸川,5,3931,5.7,37.9,0.0909,0.2727,22,A2,0.16,3,48,9,3.1,0.2,0.156,10,6.53,1,0.17,40.35,0.9592,1,5,19,5.9,v2_lr,0
143347,2026-09-11,江戸川,6,4427,6.43,41.3,0.4545,0.5909,22,A1,0.15,9,69,19,2.6,0.1,0.159,10,6.58,0.6667,0.31,16.13,0,1,5,19,21.17,v2_lr,0
143348,2026-09-11,江戸川,1,4173,5.06,36.2,0.125,0.25,8,B1,0.16,33,63,41,4.5,0.1,0.17,10,6.62,0.4,0.05,27.69,0.3884,2,5,19,32.34,v2_lr,0
143348,2026-09-11,江戸川,2,4258,4.67,29.4,0.1633,0.3061,49,B1,0.16,12,74,30,4.6,0.1,0.185,10,6.68,0,0.27,19.67,0,2,5,19,20.19,v2_lr,1
143348,2026-09-11,江戸川,3,4623,4.65,24.1,0.1667,0.3056,36,B1,0.15,6,77,22,2.7,0.3,0.163,10,6.53,1,0.25,40.32,1,2,5,19,20.72,v2_lr,0
143348,2026-09-11,江戸川,4,4000,6.16,42,0.2105,0.4737,19,A2,0.17,5,83,19,2.8,0.2,0.172,10,6.59,0.6,0.08,28.57,0.431,2,5,19,18.24,v2_lr,0
143348,2026-09-11,江戸川,5,3655,5.4,32.3,0.0976,0.3902,41,B1,0.19,3,68,11,4.1,0.1,0.212,10,6.55,0.8667,0.08,37.7,0.8731,2,5,19,5.9,v2_lr,0
143348,2026-09-11,江戸川,6,3685,5.61,38.7,0.1053,0.2895,38,A2,0.13,1,69,8,3.6,0.1,0.197,10,6.58,0.6667,0.11,25.81,0.2973,2,5,19,2.61,v2_lr,0
143349,2026-09-11,江戸川,1,4880,5.42,36.8,0.0769,0.3538,65,B1,0.18,20,52,34,3.5,0.1,0.154,10,6.62,0.5625,-0.02,35.94,0.9392,2,5,19,25.08,v2_lr,0
143349,2026-09-11,江戸川,2,5279,4.94,35.9,0.2391,0.442,138,B1,0.18,15,76,30,2.7,0.3,0.127,10,6.69,0.125,0.03,30.16,0.549,2,5,19,26.73,v2_lr,0
143349,2026-09-11,江戸川,3,5120,5.14,36.3,0.0667,0.3333,15,B1,0.15,5,57,23,4.4,0.1,0.172,10,6.55,1,0.09,31.75,0.6563,2,5,19,12.46,v2_lr,0
143349,2026-09-11,江戸川,4,5087,7.08,55.6,0.3077,0.5385,13,A1,0.12,11,79,29,3,0.1,0.175,10,6.61,0.625,0.12,27.87,0.3943,2,5,19,28.57,v2_lr,1
143349,2026-09-11,江戸川,5,3944,6.41,48,0.1667,0.5,18,A1,0.15,2,56,10,3,0.2,0.178,10,6.58,0.8125,0.2,22.03,0,2,5,19,6.04,v2_lr,0
143349,2026-09-11,江戸川,6,3839,3.53,11.6,0.0517,0.2414,58,B1,0.17,0,52,1,5.3,0,0.227,10,6.71,0,0.32,36.84,1,2,5,19,1.11,v2_lr,0
143350,2026-09-11,江戸川,1,3850,5.03,32.7,0.1731,0.2308,52,B1,0.15,29,57,40,3.1,0.2,0.131,10,6.54,1,0.05,47.46,1,2,5,19,40.11,v2_lr,0
143350,2026-09-11,江戸川,2,4179,5.77,36.2,0.0968,0.3226,31,A2,0.16,11,73,26,4.1,0.1,0.152,10,6.64,0.2308,0.58,23.21,0.0106,2,5,19,14.97,v2_lr,0
143350,2026-09-11,江戸川,3,5071,4.83,25,0.1852,0.2593,27,B1,0.13,6,60,18,3.8,0.1,0.131,10,6.67,0,0,39.34,0.6687,2,5,19,21.04,v2_lr,0
143350,2026-09-11,江戸川,4,4438,4.95,32.5,0.1983,0.3362,116,B1,0.13,22,85,38,2.7,0.4,0.109,10,6.62,0.3846,0.12,22.95,0,2,5,19,14.88,v2_lr,1
143350,2026-09-11,江戸川,5,3859,4.56,27.2,0,0.25,8,B1,0.15,2,47,4,3.9,0.1,0.137,10,6.65,0.1538,-0.02,29.69,0.275,2,5,19,4.58,v2_lr,0
143350,2026-09-11,江戸川,6,4583,5.13,28,0.1525,0.3729,59,B1,0.14,0,71,4,3.5,0,0.186,10,6.6,0.5385,0.12,36.21,0.541,2,5,19,4.42,v2_lr,0
143351,2026-09-11,江戸川,1,5315,2.53,8.3,0.0492,0.0656,61,B2,0.22,3,32,9,4.8,0,0.161,10,6.63,0.7,-0.05,27.59,0.4788,2,5,19,27.2,v2_lr,0
143351,2026-09-11,江戸川,2,4981,5.02,25.2,0.0909,0.2727,22,B1,0.16,8,65,25,3.3,0.2,0.22,10,6.7,0,0.12,15.87,0,2,5,19,20.24,v2_lr,1
143351,2026-09-11,江戸川,3,4004,5.25,31,0.2667,0.4,15,B1,0.18,5,62,16,4,0.2,0.177,10,6.65,0.5,0.08,31.75,0.6487,2,5,19,29.51,v2_lr,0
143351,2026-09-11,江戸川,4,5427,2.44,2.1,0,0.0417,24,B1,,0,24,0,4.9,0,0.189,10,6.63,0.7,0.08,37.1,0.8672,2,5,19,5.41,v2_lr,0
143351,2026-09-11,江戸川,5,4888,4.89,25.7,0.25,0.4375,16,B1,0.18,6,74,16,3,0.3,0.167,10,6.63,0.7,0.04,31.75,0.6487,2,5,19,13.76,v2_lr,0
143351,2026-09-11,江戸川,6,3931,5.7,37.9,0.0909,0.2727,22,A2,0.16,2,69,6,3.1,0.2,0.156,10,6.6,1,0.07,40.35,1,2,5,19,3.88,v2_lr,0
143352,2026-09-11,江戸川,1,3857,4.63,25.8,0.1333,0.3333,15,B1,0.19,10,31,15,2.9,0.3,0.183,10,6.71,0.2143,0.02,52.46,1,4,5,19,37.15,v2_lr,0
143352,2026-09-11,江戸川,2,4407,5.09,26.2,0.0822,0.3014,73,B1,0.16,9,86,32,4.1,0,0.145,10,6.74,0,0.01,30.65,0.1816,4,5,19,20.17,v2_lr,0
143352,2026-09-11,江戸川,3,5378,1.84,2.1,0.0357,0.0357,28,B2,,0,4,0,5.3,0.1,0.196,10,6.6,1,0.05,37.7,0.4462,4,5,19,13.57,v2_lr,0
143352,2026-09-11,江戸川,4,4173,5.06,36.2,0.125,0.25,8,B1,0.16,2,74,16,4.5,0.1,0.17,10,6.7,0.2857,0.07,27.69,0.0705,4,5,19,15.87,v2_lr,1
143352,2026-09-11,江戸川,5,3685,5.61,38.7,0.1053,0.2895,38,A2,0.13,5,66,17,3.6,0.1,0.197,10,6.7,0.2857,0.11,25.81,0,4,5,19,4.67,v2_lr,0
143352,2026-09-11,江戸川,6,4189,6.64,47,0.2857,0.2857,21,A1,0.15,9,82,20,2.8,0.3,0.233,10,6.72,0.1429,0.25,38.6,0.4799,4,5,19,8.57,v2_lr,0
143353,2026-09-11,江戸川,1,3303,5.27,31.5,0.181,0.4095,105,B1,0.2,35,85,59,3.9,0,0.221,10,6.69,0.1667,-0.02,19.67,0,4,5,20,27.63,v2_lr,0
143353,2026-09-11,江戸川,2,3655,5.4,32.3,0.0976,0.3902,41,B1,0.19,3,85,28,4.1,0.1,0.212,10,6.71,0,0.06,37.7,0.947,4,5,20,16.06,v2_lr,0
143353,2026-09-11,江戸川,3,5087,7.08,55.6,0.3077,0.5385,13,A1,0.12,19,68,37,3,0.1,0.175,10,6.59,1,-0.09,27.87,0.4307,4,5,20,34.07,v2_lr,1
143353,2026-09-11,江戸川,4,4640,6.03,41,0.1429,0.2857,7,A2,0.15,8,86,28,3.8,0.1,0.193,10,6.65,0.5,0.04,32.2,0.6581,4,5,20,15.62,v2_lr,0
143353,2026-09-11,江戸川,5,5053,3.99,21.8,0.1333,0.3,30,B1,0.17,3,62,8,4.3,0.1,0.182,10,6.66,0.4167,0.15,38.71,1,4,5,20,4.8,v2_lr,0
143353,2026-09-11,江戸川,6,4880,5.42,36.8,0.0769,0.3538,65,B1,0.18,0,56,5,3.5,0.1,0.154,10,6.65,0.5,0.21,35.94,0.8545,4,5,20,1.8,v2_lr,0
143354,2026-09-11,江戸川,1,4598,5.41,36.9,0.28,0.52,100,B1,0.16,49,79,65,2.4,0.4,0.137,10,6.63,0.625,0.27,43.55,0.8462,3,5,20,34.49,v2_lr,0
143354,2026-09-11,江戸川,2,3944,6.41,48,0.1667,0.5,18,A1,0.15,10,70,42,3,0.2,0.178,10,6.66,0.25,0.14,22.03,0,3,5,20,19.65,v2_lr,0
143354,2026-09-11,江戸川,3,4000,6.16,42,0.2105,0.4737,19,A2,0.17,19,95,43,2.8,0.2,0.172,10,6.61,0.875,0.05,28.57,0.2572,3,5,20,25.07,v2_lr,1
143354,2026-09-11,江戸川,4,3664,4.69,22.6,0.2857,0.4286,7,B1,0.14,8,60,13,2.8,0.3,0.172,10,6.68,0,0.26,43.33,0.8376,3,5,20,12.3,v2_lr,0
143354,2026-09-11,江戸川,5,5138,3.75,12.3,0.1176,0.1471,34,B1,0.27,0,39,2,3.3,0.2,0.168,10,6.68,0,0.31,41.38,0.7609,3,5,20,3.23,v2_lr,0
143354,2026-09-11,江戸川,6,3850,5.03,32.7,0.1731,0.2308,52,B1,0.15,1,52,1,3.1,0.2,0.131,10,6.6,1,0.16,47.46,1,3,5,20,5.26,v2_lr,0
143355,2026-09-11,江戸川,1,4427,6.43,41.3,0.4545,0.5909,22,A1,0.15,88,113,104,2.6,0.1,0.159,10,6.68,0.2857,-0.03,16.13,0,2,5,20,34.42,v2_lr,1
143355,2026-09-11,江戸川,2,4888,4.89,25.7,0.25,0.4375,16,B1,0.18,13,71,36,3,0.3,0.167,10,6.68,0.2857,-0.01,31.75,0.5381,2,5,20,25.13,v2_lr,0
143355,2026-09-11,江戸川,3,4438,4.95,32.5,0.1983,0.3362,116,B1,0.13,11,81,28,2.7,0.4,0.109,10,6.64,0.8571,0.07,22.95,0.2349,2,5,20,19.82,v2_lr,0
143355,2026-09-11,江戸川,4,4623,4.65,24.1,0.1667,0.3056,36,B1,0.15,4,72,15,2.7,0.3,0.163,10,6.63,1,0.31,40.32,0.8333,2,5,20,11.49,v2_lr,0
143355,2026-09-11,江戸川,6,4142,5.62,32.4,0.0938,0.375,32,A2,0.18,0,70,6,3.1,0,0.166,10,6.7,0,0.28,45.16,1,2,5,20,1.88,v2_lr,0
143356,2026-09-11,江戸川,1,3256,6.36,46.8,0.2941,0.5588,34,A1,0.13,51,98,78,2.2,0.5,0.139,10,6.61,0.4286,0.16,45.16,1,4,5,19,24.92,v2_lr,0
143356,2026-09-11,江戸川,2,4418,8.09,52.2,0.4,0.7333,15,A1,0.12,16,63,36,2.5,0.3,0.089,10,6.54,0.9286,0.16,22.41,0.2325,4,5,19,25.69,v2_lr,0
143356,2026-09-11,江戸川,3,4471,6.99,52.1,0.3125,0.625,32,A1,0.14,15,72,37,2.1,0.4,0.127,10,6.56,0.7857,0.28,36.07,0.6933,4,5,19,21.41,v2_lr,1
143356,2026-09-11,江戸川,4,4604,6.93,44.6,0.3023,0.4419,43,A1,0.13,8,86,35,2,0.4,0.125,10,6.53,1,0.11,40.98,0.859,4,5,19,17.98,v2_lr,0
143356,2026-09-11,江戸川,5,4661,5.58,34.5,0.25,0.5,8,A2,0.16,1,63,9,2.9,0.2,0.165,10,6.56,0.7857,-0.04,15.52,0,4,5,19,7.78,v2_lr,0
143356,2026-09-11,江戸川,6,4452,5.46,38.5,0.1522,0.4783,46,A2,0.15,2,68,8,2.6,0.1,0.152,10,6.67,0,-0.12,40.68,0.8489,4,5,19,2.23,v2_lr,0
143357,2026-09-11,多摩川,1,3772,5.19,26.2,0.0952,0.2857,21,B1,0.16,35,74,56,3.6,0,0.132,10,6.74,0.1667,0.01,35.56,0.5812,0,2,21,27.25,v2_lr,0
143357,2026-09-11,多摩川,2,3947,4.35,15.5,0.0789,0.1316,38,B1,0.21,4,74,17,4.3,0,0.164,10,6.64,1,0.06,17.81,0,0,2,21,23.82,v2_lr,1
143357,2026-09-11,多摩川,3,3641,6.32,43.5,0.2794,0.4559,68,A1,0.17,16,88,33,3.1,0.3,0.198,10,6.74,0.1667,0.11,35.05,0.5645,0,2,21,25.32,v2_lr,0
143357,2026-09-11,多摩川,4,4210,5.69,32.1,0.1818,0.2727,22,A2,0.18,4,78,17,2.9,0.4,0.137,10,6.67,0.75,0.15,48.35,1,0,2,21,18.45,v2_lr,0
143357,2026-09-11,多摩川,5,3463,5.13,23.3,0.1333,0.2667,30,B1,0.19,1,69,4,4.5,0.1,0.155,10,6.76,0,0.13,32.97,0.4964,0,2,21,4.09,v2_lr,0
143357,2026-09-11,多摩川,6,3977,4.45,20.5,0.069,0.2069,29,B1,0.19,2,53,6,4.3,0,0.178,10,6.7,0.5,0.64,21.69,0.127,0,2,21,1.08,v2_lr,0
143358,2026-09-11,多摩川,1,4281,4.89,27.4,0.1081,0.1622,37,B1,0.17,34,52,43,4.1,0,0.135,10,6.68,1,0.05,21.05,0,1,2,19,30.75,v2_lr,0
143358,2026-09-11,多摩川,2,4031,4.8,31.9,0.1111,0.1481,27,B1,0.17,8,73,29,4.3,0.1,0.164,10,6.69,0.8889,0.16,38.54,1,1,2,19,23.82,v2_lr,0
143358,2026-09-11,多摩川,3,3740,6.41,49.6,0.1481,0.2222,27,A1,0.19,15,77,34,3.5,0.1,0.178,10,6.77,0,0.05,31.91,0.6209,1,2,19,16.04,v2_lr,1
143358,2026-09-11,多摩川,4,3965,6.41,49.5,0.2069,0.5172,29,A1,0.18,20,87,38,2.3,0.6,0.113,10,6.72,0.5556,0.04,33.73,0.725,1,2,19,17.75,v2_lr,0
143358,2026-09-11,多摩川,5,3713,6.28,47.1,0.1389,0.3333,36,A1,0.16,4,65,14,4.1,0.1,0.159,10,6.7,0.7778,0.06,25.93,0.279,1,2,19,9.15,v2_lr,0
143358,2026-09-11,多摩川,6,4465,4.69,26.7,0.1071,0.1429,28,B1,0.18,0,45,1,3.6,0.1,0.19,10,6.75,0.2222,-0.02,35.64,0.8342,1,2,19,2.5,v2_lr,0
143359,2026-09-11,多摩川,1,3934,4.84,25.2,0,0.2381,21,B1,0.17,24,73,38,3.2,0,0.118,10,6.73,1,0.09,32.56,0.8503,1,2,20,33.33,v2_lr,1
143359,2026-09-11,多摩川,2,4146,5.9,39.3,0.3333,0.3333,3,A2,0.16,7,80,32,3.4,0.2,0.172,10,6.73,1,0.14,34.38,1,1,2,20,30.51,v2_lr,0
143359,2026-09-11,多摩川,3,5103,3.45,14.2,0,0,13,B2,0.17,3,50,11,3.7,0.2,0.168,10,6.76,0.5714,0.13,30.85,0.7097,1,2,20,12.03,v2_lr,0
143359,2026-09-11,多摩川,4,3997,6.5,44.3,0.16,0.36,25,A1,0.17,10,81,32,2.5,0.1,0.134,10,6.75,0.7143,0.07,29.47,0.5962,1,2,20,16.19,v2_lr,0
143359,2026-09-11,多摩川,5,4035,4.02,22.9,0.0667,0.1333,15,B1,0.23,5,81,9,4.8,0,0.193,10,6.8,0,0.04,22.22,0,1,2,20,2.46,v2_lr,0
143359,2026-09-11,多摩川,6,4420,5.7,37.2,0.1786,0.3571,28,A2,0.16,1,74,9,2.9,0.1,0.16,10,6.74,0.8571,0.05,30.26,0.6612,1,2,20,5.48,v2_lr,0
143360,2026-09-11,多摩川,1,3990,4.63,22.5,0.1,0.2,10,B1,0.13,21,55,32,3.3,0.1,0.167,10,6.64,1,-0.03,34.57,0.8327,1,2,20,27.78,v2_lr,0
143360,2026-09-11,多摩川,2,3792,6.62,50.5,0.1974,0.4211,76,A1,0.17,12,66,28,2.9,0.1,0.163,10,6.77,0.1333,-0.08,32.56,0.7053,1,2,20,25.22,v2_lr,0
143360,2026-09-11,多摩川,3,4565,3.63,12.3,0.2,0.3,10,B1,0.18,4,66,15,4.2,0.1,0.151,10,6.64,1,0.14,23.26,0.116,1,2,20,25.5,v2_lr,1
143360,2026-09-11,多摩川,4,3813,6.43,45.9,0.24,0.52,25,A1,0.15,7,62,24,3,0.1,0.171,10,6.79,0,0.15,31.71,0.6515,1,2,20,15.27,v2_lr,0
143360,2026-09-11,多摩川,5,4656,5.67,39.1,0.1724,0.4138,29,A2,0.16,2,66,10,3.6,0.2,0.157,10,6.73,0.4,0.06,21.43,0,1,2,20,5.05,v2_lr,0
143360,2026-09-11,多摩川,6,5433,1.72,1.6,0,0,25,B2,,0,67,1,4.9,0,0.179,10,6.7,0.6,0.04,37.21,1,1,2,20,1.19,v2_lr,0
143361,2026-09-11,多摩川,1,3519,4.51,18.6,0,0.125,16,B1,0.18,15,57,33,4.2,0,0.141,10,6.72,1,0.06,26.67,0.2419,1,2,20,21.85,v2_lr,0
143361,2026-09-11,多摩川,2,5262,4.82,28.4,0.0909,0.1818,11,B1,0.18,3,57,15,3.9,0.1,0.19,10,6.74,0.6,-0.13,42.59,1,1,2,20,20.82,v2_lr,0
143361,2026-09-11,多摩川,3,4587,6.36,52.5,0.2,0.3333,30,A1,0.17,19,81,32,2.7,0.4,0.171,10,6.72,1,-0.19,21.59,0,1,2,20,28.13,v2_lr,1
143361,2026-09-11,多摩川,4,4645,6.41,46.3,0.2619,0.4524,42,A1,0.14,16,68,27,2.6,0.3,0.118,10,6.73,0.8,-0.02,28.24,0.3167,1,2,20,23.21,v2_lr,0
143361,2026-09-11,多摩川,5,3647,3.66,12.6,0.0526,0.1053,19,B1,0.19,1,73,4,4.1,0.1,0.119,10,6.77,0,0.02,29.07,0.3562,1,2,20,2.27,v2_lr,0
143361,2026-09-11,多摩川,6,3463,5.13,23.3,0.1333,0.2667,30,B1,0.19,1,47,5,4.5,0.1,0.155,10,6.73,0.8,0.05,32.97,0.5419,1,2,20,3.72,v2_lr,0
143362,2026-09-11,多摩川,1,3489,5.67,35.7,0.1389,0.2778,36,A2,0.17,66,100,83,3.2,0.1,0.134,10,6.72,0.75,0.08,35.16,1,2,2,20,34.97,v2_lr,1
143362,2026-09-11,多摩川,2,4281,4.89,27.4,0.1081,0.1622,37,B1,0.17,4,72,21,4.1,0,0.135,10,6.75,0,0.03,21.05,0,2,2,20,16.81,v2_lr,0
143362,2026-09-11,多摩川,3,2538,3.51,7.5,0,0.0962,52,B1,0.22,0,58,4,4.8,0,0.229,10,6.75,0,0.12,23.71,0.1885,2,2,20,5.45,v2_lr,0
143362,2026-09-11,多摩川,4,4376,5.64,39.8,0.3182,0.4545,22,A2,0.14,8,84,30,3.6,0.2,0.128,10,6.75,0,0.05,22.73,0.1191,2,2,20,21.92,v2_lr,0
143362,2026-09-11,多摩川,5,3641,6.32,43.5,0.2794,0.4559,68,A1,0.17,9,79,21,3.1,0.3,0.198,10,6.71,1,0.11,35.05,0.9922,2,2,20,18.82,v2_lr,0
143362,2026-09-11,多摩川,6,3848,4.56,28.8,0.0952,0.3333,21,B1,0.18,1,63,6,4.1,0,0.137,10,6.73,0.5,0.11,28.41,0.5216,2,2,20,2.03,v2_lr,0
143363,2026-09-11,多摩川,1,4227,6.14,41.3,0.2143,0.3333,42,A2,0.16,65,90,75,3,0.2,0.189,10,6.66,1,0.09,32.93,0.9336,1,2,20,42.66,v2_lr,1
143363,2026-09-11,多摩川,2,3965,6.41,49.5,0.2069,0.5172,29,A1,0.18,11,82,36,2.3,0.6,0.113,10,6.75,0.1,0.06,33.73,1,1,2,20,32.18,v2_lr,0
143363,2026-09-11,多摩川,3,3977,4.45,20.5,0.069,0.2069,29,B1,0.19,5,72,14,4.3,0,0.178,10,6.73,0.3,0.08,21.69,0,1,2,20,10.09,v2_lr,0
143363,2026-09-11,多摩川,4,4035,4.02,22.9,0.0667,0.1333,15,B1,0.23,2,76,10,4.8,0,0.193,10,6.72,0.4,0.04,22.22,0.044,1,2,20,5.65,v2_lr,0
143363,2026-09-11,多摩川,5,4430,5.88,40.8,0.1463,0.3659,41,A2,0.16,7,74,21,3.3,0.3,0.125,10,6.76,0,0.08,32.47,0.8953,1,2,20,7.38,v2_lr,0
143363,2026-09-11,多摩川,6,5103,3.45,14.2,0,0,13,B2,0.17,1,51,2,3.7,0.2,0.168,10,6.7,0.6,0.19,30.85,0.7608,1,2,20,2.03,v2_lr,0
143364,2026-09-11,多摩川,1,3947,4.35,15.5,0.0789,0.1316,38,B1,0.21,27,68,35,4.3,0,0.164,10,6.6,1,0.06,17.81,0,1,2,20,28.5,v2_lr,1
143364,2026-09-11,多摩川,2,4470,6.19,43.2,0.3243,0.5676,37,A2,0.14,23,78,51,3.5,0.2,0.138,10,6.77,0,0.09,32.58,0.7125,1,2,20,33.07,v2_lr,0
143364,2026-09-11,多摩川,3,5042,6.44,40.2,0.1935,0.2581,31,A1,0.1,18,67,38,2.5,0.4,0.153,10,6.68,0.5294,0.14,34.02,0.782,1,2,20,20.38,v2_lr,0
143364,2026-09-11,多摩川,4,4031,4.8,31.9,0.1111,0.1481,27,B1,0.17,5,71,15,4.3,0.1,0.164,10,6.7,0.4118,0.51,38.54,1,1,2,20,5.55,v2_lr,0
143364,2026-09-11,多摩川,5,4565,3.63,12.3,0.2,0.3,10,B1,0.18,3,71,9,4.2,0.1,0.151,10,6.62,0.8824,0.2,23.26,0.2629,1,2,20,11.81,v2_lr,0
143364,2026-09-11,多摩川,6,5449,0,0,0,0,12,B2,,1,29,2,6,0,0.165,10,6.71,0.3529,0.28,37,0.9257,1,2,20,0.69,v2_lr,0
143365,2026-09-11,多摩川,1,3582,5.95,43.2,0.16,0.6,25,A2,0.17,59,97,75,2,0.3,0.159,10,6.68,0.3158,0.04,37.38,0.3936,1,2,21,35.91,v2_lr,1
143365,2026-09-11,多摩川,2,4420,5.7,37.2,0.1786,0.3571,28,A2,0.16,9,95,38,2.9,0.1,0.16,10,6.71,0.1579,0.02,30.26,0,1,2,21,23.33,v2_lr,0
143365,2026-09-11,多摩川,3,4619,4.8,28.5,0.1429,0.4286,21,B1,0.18,7,64,24,3.5,0.3,0.183,10,6.55,1,0.01,38.68,0.4655,1,2,21,23.16,v2_lr,0
143365,2026-09-11,多摩川,4,3740,6.41,49.6,0.1481,0.2222,27,A1,0.19,9,65,19,3.5,0.1,0.178,10,6.74,0,0.04,31.91,0.0912,1,2,21,9.12,v2_lr,0
143365,2026-09-11,多摩川,5,5433,1.72,1.6,0,0,25,B2,,0,35,2,4.9,0,0.179,10,6.68,0.3158,0.05,37.21,0.3842,1,2,21,1.88,v2_lr,0
143365,2026-09-11,多摩川,6,4210,5.69,32.1,0.1818,0.2727,22,A2,0.18,4,74,12,2.9,0.4,0.137,10,6.7,0.2105,-0.01,48.35,1,1,2,21,6.61,v2_lr,0
143366,2026-09-11,多摩川,1,3713,6.28,47.1,0.1389,0.3333,36,A1,0.16,44,77,58,4.1,0.1,0.159,10,6.74,0.5455,0.05,25.93,0.6796,0,2,21,33.98,v2_lr,1
143366,2026-09-11,多摩川,2,4376,5.64,39.8,0.3182,0.4545,22,A2,0.14,13,93,43,3.6,0.2,0.128,10,6.75,0.4545,0.04,22.73,0.39,0,2,21,36.46,v2_lr,0
143366,2026-09-11,多摩川,3,4491,4.39,20.4,0.0833,0.2083,24,B1,0.19,3,71,18,3.7,0.2,0.188,10,6.8,0,0.06,18.42,0,0,2,21,8.56,v2_lr,0
143366,2026-09-11,多摩川,4,3647,3.66,12.6,0.0526,0.1053,19,B1,0.19,3,73,8,4.1,0.1,0.119,10,6.74,0.5455,0.01,29.07,0.9638,0,2,21,6.6,v2_lr,0
143366,2026-09-11,多摩川,5,3997,6.5,44.3,0.16,0.36,25,A1,0.17,5,82,17,2.5,0.1,0.134,10,6.69,1,0.09,29.47,1,0,2,21,10.84,v2_lr,0
143366,2026-09-11,多摩川,6,4656,5.67,39.1,0.1724,0.4138,29,A2,0.16,0,55,6,3.6,0.2,0.157,10,6.74,0.5455,0.05,21.43,0.2724,0,2,21,3.56,v2_lr,0
143367,2026-09-11,多摩川,1,4645,6.41,46.3,0.2619,0.4524,42,A1,0.14,73,99,90,2.6,0.3,0.118,10,6.68,1,0.23,28.24,0,2,2,21,41.08,v2_lr,1
143367,2026-09-11,多摩川,2,4430,5.88,40.8,0.1463,0.3659,41,A2,0.16,12,89,41,3.3,0.3,0.125,10,6.75,0.3,0.07,32.47,0.5779,2,2,21,27.49,v2_lr,0
143367,2026-09-11,多摩川,3,3848,4.56,28.8,0.0952,0.3333,21,B1,0.18,7,74,20,4.1,0,0.137,10,6.75,0.3,0.09,28.41,0.0232,2,2,21,9.97,v2_lr,0
143367,2026-09-11,多摩川,4,3772,5.19,26.2,0.0952,0.2857,21,B1,0.16,6,63,16,3.6,0,0.132,10,6.77,0.1,0.03,35.56,1,2,2,21,9.33,v2_lr,0
143367,2026-09-11,多摩川,5,3792,6.62,50.5,0.1974,0.4211,76,A1,0.17,4,61,16,2.9,0.1,0.163,10,6.78,0,-0.02,32.56,0.5902,2,2,21,7.47,v2_lr,0
143367,2026-09-11,多摩川,6,4146,5.9,39.3,0.3333,0.3333,3,A2,0.16,0,58,4,3.4,0.2,0.172,10,6.7,0.8,-0.04,34.38,0.8388,2,2,21,4.66,v2_lr,0
143368,2026-09-11,多摩川,1,3813,6.43,45.9,0.24,0.52,25,A1,0.15,64,92,78,3,0.1,0.171,10,6.82,0,0.07,31.71,0.7458,0,1,21,32.03,v2_lr,1
143368,2026-09-11,多摩川,2,4587,6.36,52.5,0.2,0.3333,30,A1,0.17,9,66,34,2.7,0.4,0.171,10,6.81,0.0833,0.03,21.59,0,0,1,21,24.41,v2_lr,0
143368,2026-09-11,多摩川,3,3489,5.67,35.7,0.1389,0.2778,36,A2,0.17,11,97,39,3.2,0.1,0.134,10,6.7,1,0.13,35.16,1,0,1,21,18.75,v2_lr,0
143368,2026-09-11,多摩川,4,4140,6.02,46.2,0.2222,0.463,54,A2,0.18,7,63,22,3,0.3,0.17,10,6.77,0.4167,0.18,30,0.6197,0,1,21,14.89,v2_lr,0
143368,2026-09-11,多摩川,5,3507,4.41,26.5,0.1538,0.2308,13,B1,0.18,1,51,3,3.4,0.1,0.211,10,6.76,0.5,0.14,28.87,0.5365,0,1,21,4.6,v2_lr,0
143368,2026-09-11,多摩川,6,5042,6.44,40.2,0.1935,0.2581,31,A1,0.1,9,61,14,2.5,0.4,0.153,10,6.73,0.75,0.18,34.02,0.916,0,1,21,5.33,v2_lr,0
143369,2026-09-11,浜名湖,1,4068,4.67,19.8,0.1194,0.2388,67,B1,0.14,20,61,39,4,0,0.136,10,6.7,1,-0.11,42.98,0.9794,0,0,25,34.11,v2_lr,1
143369,2026-09-11,浜名湖,2,4899,4.58,26.6,0.0625,0.375,16,B1,0.19,8,70,22,4.5,0.1,0.159,10,6.83,0,-0.1,21.62,0,0,0,25,18.57,v2_lr,0
143369,2026-09-11,浜名湖,3,5369,3.64,20,,,0,B1,0.18,2,27,5,4.6,0.1,0.115,10,6.71,0.9231,-0.07,43.43,1,0,0,25,22.87,v2_lr,0
143369,2026-09-11,浜名湖,4,4666,4.12,19.1,0.2,0.3,10,B1,0.15,2,48,6,3.2,0.2,0.158,10,6.7,1,-0.02,32.99,0.5213,0,0,25,19.74,v2_lr,0
143369,2026-09-11,浜名湖,5,3306,4.35,18.6,0.05,0.05,20,B1,0.16,0,62,2,3.9,0.2,0.132,10,6.78,0.3846,0.07,30.49,0.4067,0,0,25,2.64,v2_lr,0
143369,2026-09-11,浜名湖,6,3392,4.4,21.2,0.1111,0.4444,9,B1,0.23,1,54,3,4.2,0,0.165,10,6.74,0.6923,0.09,36.11,0.6644,0,0,25,2.07,v2_lr,0
143370,2026-09-11,浜名湖,1,4431,4.86,29.1,0,0.1111,9,B1,0.13,28,57,35,4.2,0.1,0.156,10,6.75,0.375,0.28,27.5,0,0,0,23,29.34,v2_lr,1
143370,2026-09-11,浜名湖,2,4360,5.87,37.7,0.1786,0.3333,84,A2,0.21,8,60,20,2.8,0.4,0.166,10,6.71,0.625,0.19,49.49,1,0,0,23,28.33,v2_lr,0
143370,2026-09-11,浜名湖,3,4811,4.53,24.1,0.0857,0.1714,35,B1,0.16,6,86,19,3.5,0.2,0.159,10,6.66,0.9375,0.05,43.14,0.7112,0,0,23,16.32,v2_lr,0
143370,2026-09-11,浜名湖,4,3939,5.38,50,0.1875,0.4375,16,B2,0.17,5,40,12,4.1,0.1,0.191,10,6.74,0.4375,0.2,32.65,0.2342,0,0,23,7.15,v2_lr,0
143370,2026-09-11,浜名湖,5,4381,5.64,38.9,0.2273,0.5,22,A2,0.18,5,80,17,3.3,0.3,0.152,10,6.65,1,0.14,39.64,0.5521,0,0,23,18.01,v2_lr,0
143370,2026-09-11,浜名湖,6,3714,4.61,21,0,0.2,10,B1,0.15,0,50,1,4.3,0,0.156,10,6.81,0,0.1,34.29,0.3088,0,0,23,0.84,v2_lr,0
143371,2026-09-11,浜名湖,1,4336,4.95,31.6,0.1667,0.3,30,B1,0.14,50,73,61,3.5,0.1,0.141,10,6.71,0.9091,0.04,40.68,0.9071,0,0,23,29.11,v2_lr,1
143371,2026-09-11,浜名湖,2,5091,6.01,42.6,0.1875,0.4375,16,B1,0.19,6,43,18,3.3,0.2,0.174,10,6.7,1,0.09,39.81,0.812,0,0,23,29.34,v2_lr,0
143371,2026-09-11,浜名湖,3,3777,6.18,45.6,0.3214,0.6071,28,A2,0.15,11,73,32,3.9,0.1,0.175,10,6.74,0.6364,0.17,36.44,0.4437,0,0,23,21.82,v2_lr,0
143371,2026-09-11,浜名湖,4,4369,5.92,39.8,0.1852,0.4444,27,A2,0.18,13,82,34,3.5,0.2,0.141,10,6.81,0,0.01,32.38,0,0,0,23,9.72,v2_lr,0
143371,2026-09-11,浜名湖,5,3516,4.05,23,0,0.1667,6,B1,0.15,0,58,3,3.3,0.2,0.171,10,6.72,0.8182,-0.01,41.53,1,0,0,23,2.51,v2_lr,0
143371,2026-09-11,浜名湖,6,4677,6.58,45.8,0.32,0.56,25,A1,0.17,2,69,11,2.4,0.3,0.144,10,6.76,0.4545,0.02,39.58,0.7869,0,0,23,7.5,v2_lr,0
143372,2026-09-11,浜名湖,2,4876,4.92,31.6,,,0,B1,0.18,3,76,26,3.2,0.1,0.13,10,6.81,0.3636,0.18,28.57,0.1344,1,1,23,28.72,v2_lr,0
143372,2026-09-11,浜名湖,3,3906,4.23,25.8,0.2857,0.2857,7,B1,0.21,6,77,22,4.1,0,0.212,10,6.85,0,0.2,36.36,1,1,1,23,12.33,v2_lr,0
143372,2026-09-11,浜名湖,4,3796,5.24,35.7,0.1587,0.3175,63,B1,0.18,4,76,18,4.1,0.1,0.176,10,6.76,0.8182,-0.03,27.36,0,1,1,23,14.05,v2_lr,0
143372,2026-09-11,浜名湖,5,4358,4.2,27,0.1429,0.1429,14,B1,0.2,1,62,8,4.4,0,0.219,10,6.79,0.5455,-0.01,31,0.4044,1,1,23,5.77,v2_lr,0
143372,2026-09-11,浜名湖,6,4639,4.57,26.6,0,0.3125,16,B1,0.16,0,51,0,4.3,0.1,0.157,10,6.74,1,0.03,31.86,0.5,1,1,23,2.18,v2_lr,1
143373,2026-09-11,浜名湖,1,3842,4.48,24,0.16,0.24,25,B1,0.19,32,65,46,3.1,0.1,0.176,10,6.75,1,0.03,43.1,0.6679,1,1,23,43.31,v2_lr,0
143373,2026-09-11,浜名湖,2,3715,5.46,30.3,0,0.2,5,A2,0.15,6,55,23,2.8,0.4,0.149,10,6.84,0,0.08,28.26,0,1,1,23,11.15,v2_lr,0
143373,2026-09-11,浜名湖,3,3286,3.94,22.2,0.1951,0.3659,41,B2,0.16,3,56,14,3.4,0.2,0.127,10,6.78,0.6667,0.11,36.45,0.3686,1,1,23,24.18,v2_lr,0
143373,2026-09-11,浜名湖,4,3627,5.51,38.7,0.2222,0.4815,27,A2,0.2,13,70,27,3.8,0.2,0.171,10,6.84,0,0.06,30.85,0.1166,1,1,23,10.88,v2_lr,0
143373,2026-09-11,浜名湖,5,5353,2.81,8.6,,,0,B1,0.11,1,90,5,3.9,0.2,0.207,10,6.78,0.6667,0.03,41.32,0.5878,1,1,23,6.52,v2_lr,0
143373,2026-09-11,浜名湖,6,5066,6.43,46.8,0,0.1818,33,A1,0.17,2,59,8,2.4,0.4,0.147,10,6.75,1,0.19,50.48,1,1,1,23,3.96,v2_lr,1
143374,2026-09-11,浜名湖,1,3306,4.35,18.6,0.05,0.05,20,B1,0.16,14,57,29,3.9,0.2,0.132,10,6.8,0.6667,0.01,30.49,0.3459,0,0,23,24.4,v2_lr,0
143374,2026-09-11,浜名湖,2,4967,6.59,45.6,0.2143,0.4643,28,A1,0.19,12,77,33,4,0,0.16,10,6.84,0,0.08,36.45,0.6578,0,0,23,31.61,v2_lr,1
143374,2026-09-11,浜名湖,3,4434,6.14,45.8,0.2222,0.4444,9,A2,0.15,14,76,32,3.8,0.1,0.16,10,6.79,0.8333,0.07,35.42,0.6039,0,0,23,23.95,v2_lr,0
143374,2026-09-11,浜名湖,4,3377,3.81,17.7,0,0.0588,17,B1,0.23,2,39,4,4.9,0,0.285,10,6.8,0.6667,-0.01,23.88,0,0,0,23,4.31,v2_lr,0
143374,2026-09-11,浜名湖,5,4066,5.97,35.7,0.2069,0.3793,29,A2,0.17,5,72,18,2.4,0.2,0.134,10,6.78,1,0.06,31.78,0.4134,0,0,23,12.93,v2_lr,0
143374,2026-09-11,浜名湖,6,4684,5.18,28.1,0.0556,0.1667,18,B1,0.2,1,69,8,2.4,0.3,0.14,10,6.8,0.6667,0.03,42.99,1,0,0,23,2.8,v2_lr,0
143375,2026-09-11,浜名湖,1,4345,5.61,42.9,0.1538,0.3077,13,A2,0.15,48,83,64,4,0.1,0.152,10,6.75,0.6,0.16,34.04,0,1,1,23,23.82,v2_lr,0
143375,2026-09-11,浜名湖,2,3714,4.61,21,0,0.2,10,B1,0.15,6,69,17,4.3,0,0.156,10,6.79,0.2,0.18,34.29,0.0227,1,1,23,8.8,v2_lr,0
143375,2026-09-11,浜名湖,3,4798,6.37,41.9,0.2,0.5,20,A1,0.13,19,80,32,2.4,0.3,0.096,10,6.72,0.9,0.06,45.05,1,1,1,23,27.83,v2_lr,1
143375,2026-09-11,浜名湖,4,5369,3.64,20,,,0,B1,0.18,1,39,6,4.6,0.1,0.115,10,6.73,0.8,-0.01,43.43,0.8529,1,1,23,13.93,v2_lr,0
143375,2026-09-11,浜名湖,5,4269,6.04,41.1,,,0,A2,0.16,12,63,22,2.1,0.2,0.129,10,6.71,1,0.11,44.64,0.9628,1,1,23,24.86,v2_lr,0
143375,2026-09-11,浜名湖,6,5463,0,0,,,0,B2,,0,33,0,5.8,0,0.24,10,6.81,0,-0.05,44.66,0.9646,1,1,23,0.75,v2_lr,0
143376,2026-09-11,浜名湖,1,4381,5.64,38.9,0.2273,0.5,22,A2,0.18,45,91,63,3.3,0.3,0.152,10,6.68,1,0.03,39.64,0.7682,2,1,24,42.31,v2_lr,1
143376,2026-09-11,浜名湖,2,4022,3.95,19.1,0.0833,0.1667,24,B1,0.15,6,62,16,4.4,0,0.098,10,6.78,0.4444,0.18,32.63,0.2817,2,1,24,17.81,v2_lr,0
143376,2026-09-11,浜名湖,3,3516,4.05,23,0,0.1667,6,B1,0.15,7,65,21,3.3,0.2,0.171,10,6.72,0.7778,0.09,41.53,0.8994,2,1,24,8.75,v2_lr,0
143376,2026-09-11,浜名湖,4,3721,6.27,42.7,0.1429,0.4286,14,A1,0.14,9,69,27,2.2,0.4,0.09,10,6.86,0,0.01,40.52,0.8293,2,1,24,18.94,v2_lr,0
143376,2026-09-11,浜名湖,5,4068,4.67,19.8,0.1194,0.2388,67,B1,0.14,3,80,7,4,0,0.136,10,6.76,0.5556,-0.03,42.98,1,2,1,24,7.51,v2_lr,0
143376,2026-09-11,浜名湖,6,4876,4.92,31.6,,,0,B1,0.18,0,58,2,3.2,0.1,0.13,10,6.86,0,-0.07,28.57,0,2,1,24,4.69,v2_lr,0
143377,2026-09-11,浜名湖,1,4150,5.79,40.6,0.2097,0.371,62,A2,0.15,51,79,63,2.4,0.4,0.127,10,6.72,1,0.22,32.69,0.5144,2,1,24,39.93,v2_lr,0
143377,2026-09-11,浜名湖,2,4369,5.92,39.8,0.1852,0.4444,27,A2,0.18,8,73,22,3.5,0.2,0.141,10,6.81,0.3571,0.25,32.38,0.5,2,1,24,29.43,v2_lr,0
143377,2026-09-11,浜名湖,3,4358,4.2,27,0.1429,0.1429,14,B1,0.2,6,70,24,4.4,0,0.219,10,6.76,0.7143,0.41,31,0.4359,2,1,24,14.82,v2_lr,0
143377,2026-09-11,浜名湖,4,4899,4.58,26.6,0.0625,0.375,16,B1,0.19,8,69,11,4.5,0.1,0.159,10,6.86,0,0.06,21.62,0,2,1,24,7.29,v2_lr,1
143377,2026-09-11,浜名湖,5,4811,4.53,24.1,0.0857,0.1714,35,B1,0.16,5,81,14,3.5,0.2,0.159,10,6.72,1,-0.03,43.14,1,2,1,24,7.42,v2_lr,0
143377,2026-09-11,浜名湖,6,3715,5.46,30.3,0,0.2,5,A2,0.15,1,48,6,2.8,0.4,0.149,10,6.82,0.2857,0.09,28.26,0.3086,2,1,24,1.11,v2_lr,0
143378,2026-09-11,浜名湖,1,4066,5.97,35.7,0.2069,0.3793,29,A2,0.17,64,92,80,2.4,0.2,0.134,10,6.71,0.9,0.09,31.78,0.1411,1,1,24,32.14,v2_lr,1
143378,2026-09-11,浜名湖,2,5353,2.81,8.6,,,0,B1,0.11,1,10,1,3.9,0.2,0.207,10,6.7,1,0.19,41.32,0.6038,1,1,24,20.24,v2_lr,0
143378,2026-09-11,浜名湖,3,4588,5.6,41.1,0.3333,0.4583,24,A2,0.14,17,86,37,3.5,0.2,0.119,10,6.76,0.4,-0.02,28.87,0,1,1,24,23.43,v2_lr,0
143378,2026-09-11,浜名湖,4,4360,5.87,37.7,0.1786,0.3333,84,A2,0.21,7,70,15,2.8,0.4,0.166,10,6.74,0.6,-0.05,49.49,1,1,1,24,13.83,v2_lr,0
143378,2026-09-11,浜名湖,5,3906,4.23,25.8,0.2857,0.2857,7,B1,0.21,4,74,14,4.1,0,0.212,10,6.8,0,-0.01,36.36,0.3632,1,1,24,3.88,v2_lr,0
143378,2026-09-11,浜名湖,6,5091,6.01,42.6,0.1875,0.4375,16,B1,0.19,2,55,6,3.3,0.2,0.174,10,6.74,0.6,0.05,39.81,0.5306,1,1,24,6.49,v2_lr,0
143379,2026-09-11,浜名湖,1,4654,6.28,43.9,0.7,0.9,10,A1,0.16,53,79,64,2.7,0.3,0.153,10,6.74,0.6667,-0.04,33.63,0.4973,0,0,24,42,v2_lr,1
143379,2026-09-11,浜名湖,2,3627,5.51,38.7,0.2222,0.4815,27,A2,0.2,4,65,20,3.8,0.2,0.171,10,6.78,0,0.16,30.85,0,0,0,24,19.91,v2_lr,0
143379,2026-09-11,浜名湖,3,3392,4.4,21.2,0.1111,0.4444,9,B1,0.23,1,63,15,4.2,0,0.165,10,6.78,0,0.08,36.11,0.941,0,0,24,9.02,v2_lr,0
143379,2026-09-11,浜名湖,4,4639,4.57,26.6,0,0.3125,16,B1,0.16,3,75,14,4.3,0.1,0.157,10,6.72,1,-0.01,31.86,0.1807,0,0,24,6.84,v2_lr,0
143379,2026-09-11,浜名湖,5,3777,6.18,45.6,0.3214,0.6071,28,A2,0.15,7,66,17,3.9,0.1,0.175,10,6.72,1,0.06,36.44,1,0,0,24,15.9,v2_lr,0
143379,2026-09-11,浜名湖,6,4434,6.14,45.8,0.2222,0.4444,9,A2,0.15,2,69,14,3.8,0.1,0.16,10,6.73,0.8333,-0.03,35.42,0.8175,0,0,24,6.32,v2_lr,0
143380,2026-09-11,浜名湖,1,3721,6.27,42.7,0.1429,0.4286,14,A1,0.14,84,103,93,2.2,0.4,0.09,10,6.85,0,0.01,40.52,0.2901,0,0,25,31.52,v2_lr,0
143380,2026-09-11,浜名湖,2,5066,6.43,46.8,0,0.1818,33,A1,0.17,18,75,40,2.4,0.4,0.147,10,6.65,1,0.1,50.48,1,0,0,25,21.18,v2_lr,0
143380,2026-09-11,浜名湖,3,3811,6.33,51.2,0.1852,0.4321,81,A1,0.16,18,87,41,3.5,0.1,0.153,10,6.76,0.45,0.07,43.24,0.484,0,0,25,17.15,v2_lr,0
143380,2026-09-11,浜名湖,4,4677,6.58,45.8,0.32,0.56,25,A1,0.17,13,63,24,2.4,0.3,0.144,10,6.8,0.25,0.14,39.58,0.2231,0,0,25,15.34,v2_lr,0
143380,2026-09-11,浜名湖,5,4798,6.37,41.9,0.2,0.5,20,A1,0.13,7,73,17,2.4,0.3,0.096,10,6.73,0.6,0.24,45.05,0.613,0,0,25,10,v2_lr,1
143380,2026-09-11,浜名湖,6,4967,6.59,45.6,0.2143,0.4643,28,A1,0.19,4,67,18,4,0,0.16,10,6.81,0.2,0.15,36.45,0,0,0,25,4.81,v2_lr,0
143381,2026-09-11,住之江,1,4047,4.13,20.8,0.2258,0.3226,31,B1,0.16,26,46,35,4.3,0,0.159,10,6.94,1,-0.06,17.58,0,2,1,26,44.92,v2_lr,0
143381,2026-09-11,住之江,2,4626,4.59,25.3,0,0,6,B1,0.22,7,61,17,4,0.1,0.185,10,6.96,0.8333,-0.06,25,0.4711,2,1,26,18.35,v2_lr,0
143381,2026-09-11,住之江,3,4727,4.26,23.6,0,0.125,8,B1,0.15,3,68,14,4.1,0.1,0.134,10,7.01,0.4167,0.09,33.33,1,2,1,26,23.13,v2_lr,1
143381,2026-09-11,住之江,4,3630,3.56,11.7,0,0.1176,17,B1,0.24,3,46,8,4.5,0,0.127,10,7.06,0,0.16,25,0.4711,2,1,26,3.41,v2_lr,0
143381,2026-09-11,住之江,5,4229,3.69,11.6,0,0,7,B1,0.18,0,65,7,4.6,0,0.168,10,6.96,0.8333,0.09,28.42,0.6883,2,1,26,7.7,v2_lr,0
143381,2026-09-11,住之江,6,3558,4.66,22.3,0.0769,0.2308,13,B1,0.18,3,60,8,3,0.1,0.154,10,6.95,0.9167,0.16,26.8,0.5854,2,1,26,2.49,v2_lr,0
143382,2026-09-11,住之江,1,4898,4.76,26.3,,,0,B1,0.12,10,37,17,3.9,0.1,0.13,10,6.87,0.5,0.03,26.8,0,1,1,27,31.31,v2_lr,0
143382,2026-09-11,住之江,2,4724,3.28,8,,,0,B1,0.22,3,52,7,4.4,0,0.167,10,6.86,0.5714,0.09,40.4,0.5734,1,1,27,11.5,v2_lr,0
143382,2026-09-11,住之江,3,4063,6.37,45.8,0.1765,0.5882,17,A1,0.11,13,79,34,2,0.5,0.103,10,6.92,0.1429,-0.05,31.25,0.1876,1,1,27,20.04,v2_lr,1
143382,2026-09-11,住之江,4,3775,4.26,20.2,0.1111,0.3333,18,B1,0.18,3,74,9,3.2,0.1,0.16,10,6.89,0.3571,0.07,45.74,0.7985,1,1,27,7.87,v2_lr,0
143382,2026-09-11,住之江,5,3757,5.54,34.5,,,0,A2,0.15,2,57,9,3.6,0.1,0.161,10,6.94,0,-0.02,50.52,1,1,1,27,25.47,v2_lr,0
143382,2026-09-11,住之江,6,4416,5.32,29.8,,,0,B1,0.14,2,63,5,3.3,0.1,0.185,10,6.8,1,-0.07,40.59,0.5814,1,1,27,3.8,v2_lr,0
143383,2026-09-11,住之江,1,4253,4.05,15.1,0,0.1667,6,B1,0.19,23,61,38,4.6,0.1,0.174,10,6.94,0.1111,0.14,40.21,1,2,1,27,18.88,v2_lr,0
143383,2026-09-11,住之江,2,4311,6.53,48.7,0.2088,0.4396,91,A1,0.12,16,76,43,2.9,0.2,0.166,10,6.92,0.3333,-0.09,34.74,0.7016,2,1,27,35.51,v2_lr,0
143383,2026-09-11,住之江,3,5321,5.23,37.5,0.1111,0.3333,9,B1,0.25,9,56,23,2.9,0.2,0.191,10,6.86,1,-0.06,35.64,0.7507,2,1,27,20.85,v2_lr,1
143383,2026-09-11,住之江,4,4962,5.79,34.1,0.2222,0.3704,27,A2,0.17,8,75,20,2.7,0.4,0.123,10,6.89,0.6667,0.07,21.88,0,2,1,27,16.61,v2_lr,0
143383,2026-09-11,住之江,5,3955,4.84,24.5,0.25,0.25,12,B2,0.18,2,58,5,3.9,0.1,0.177,10,6.95,0,0.32,31.82,0.5423,2,1,27,6.77,v2_lr,0
143383,2026-09-11,住之江,6,3293,3.79,13.9,0,0.0769,13,B1,0.19,0,49,2,4.1,0.1,0.219,10,6.95,0,0.06,33,0.6067,2,1,27,1.37,v2_lr,0
143384,2026-09-11,住之江,1,4060,4.92,35.1,0.1795,0.3077,39,B1,0.16,23,53,33,4,0,0.181,10,6.87,1,0.19,45.65,1,3,1,27,34.55,v2_lr,0
143384,2026-09-11,住之江,2,3477,3.96,13,0.1111,0.2222,9,B1,0.2,3,64,10,4.2,0.1,0.185,10,6.87,1,0.13,35.05,0.4867,3,1,27,18.82,v2_lr,0
143384,2026-09-11,住之江,3,3471,3.84,17,0.0714,0.1429,14,B1,0.19,2,60,4,4.5,0,0.179,10,6.93,0.4,0.11,25,0,3,1,27,13.17,v2_lr,1
143384,2026-09-11,住之江,4,3502,5.72,38.9,0.12,0.32,25,A2,0.14,5,69,23,2.8,0.3,0.15,10,6.89,0.8,0.06,39.18,0.6867,3,1,27,14.79,v2_lr,0
143384,2026-09-11,住之江,5,4875,5.09,28.2,0.1818,0.4545,11,B1,0.16,1,56,6,3.5,0.1,0.14,10,6.9,0.7,-0.02,44.33,0.9361,3,1,27,8.14,v2_lr,0
143384,2026-09-11,住之江,6,4218,6.71,53.6,0.383,0.5106,47,A1,0.15,6,81,27,2.2,0.3,0.153,10,6.97,0,0.09,36.08,0.5366,3,1,27,10.53,v2_lr,0
143385,2026-09-11,住之江,1,4287,5.77,37.9,0.3448,0.7241,29,A2,0.17,75,108,94,3.3,0.1,0.175,10,6.89,1,0.02,16.67,0,1,1,27,40.34,v2_lr,1
143385,2026-09-11,住之江,2,5110,5.22,28.1,0.1429,0.2857,7,B1,0.18,14,82,28,4.6,0.1,0.142,10,6.91,0.6,-0.03,25.56,0.3646,1,1,27,23.4,v2_lr,0
143385,2026-09-11,住之江,3,4404,3.94,17.3,0.1429,0.2857,7,B1,0.18,8,67,19,5.1,0,0.19,10,6.92,0.4,0,41.05,1,1,1,27,11.32,v2_lr,0
143385,2026-09-11,住之江,4,5187,3.48,9.5,,,0,B2,0.17,0,60,10,4.7,0,0.175,10,6.94,0,0.13,41,0.9979,1,1,27,3.2,v2_lr,0
143385,2026-09-11,住之江,5,3718,4.5,25.7,,,0,B1,0.18,1,68,5,4.4,0,0.192,10,6.89,1,0.04,39.18,0.9233,1,1,27,13.64,v2_lr,0
143385,2026-09-11,住之江,6,4375,5.93,46,0.2632,0.4211,19,A2,0.16,2,72,9,1.9,0.5,0.143,10,6.89,1,0.05,37.76,0.8651,1,1,27,8.1,v2_lr,0
143386,2026-09-11,住之江,1,4260,4.9,33.6,0.2,0.5,10,B1,0.19,54,88,73,2.7,0.3,0.171,10,6.87,1,0.12,50,1,0,1,27,37.03,v2_lr,1
143386,2026-09-11,住之江,2,5009,5.47,39.1,0.25,0.375,8,A2,0.14,12,66,26,4,0,0.201,10,6.95,0,0.04,30.69,0.2276,0,1,27,17.73,v2_lr,0
143386,2026-09-11,住之江,3,3300,5.6,37.8,0.2632,0.4211,19,A2,0.15,8,74,30,2.8,0.2,0.15,10,6.9,0.625,0.06,31.63,0.2652,0,1,27,22.15,v2_lr,0
143386,2026-09-11,住之江,4,4626,4.59,25.3,0,0,6,B1,0.22,2,49,6,4,0.1,0.185,10,6.89,0.75,-0.04,25,0,0,1,27,4.42,v2_lr,0
143386,2026-09-11,住之江,5,3957,5.34,30.9,,,0,B1,0.2,1,82,6,3.7,0.1,0.18,10,6.95,0,0.09,39.18,0.5672,0,1,27,1.6,v2_lr,0
143386,2026-09-11,住之江,6,5158,6.78,52,0.5,0.5,8,A1,0.17,5,68,14,3.2,0.2,0.149,10,6.92,0.375,0.02,35.42,0.4168,0,1,27,17.08,v2_lr,0
143387,2026-09-11,住之江,1,3630,3.56,11.7,0,0.1176,17,B1,0.24,5,38,12,4.5,0,0.127,10,6.92,0.2857,0.08,25,0.5394,0,1,27,18.62,v2_lr,0
143387,2026-09-11,住之江,2,3293,3.79,13.9,0,0.0769,13,B1,0.19,2,65,13,4.1,0.1,0.219,10,6.9,0.4286,0.17,33,1,0,1,27,16.53,v2_lr,0
143387,2026-09-11,住之江,3,3654,6.17,46.6,0.2778,0.5,18,A2,0.16,14,74,38,3.3,0,0.138,10,6.9,0.4286,0.1,15.63,0,0,1,27,23.04,v2_lr,0
143387,2026-09-11,住之江,4,4959,7.07,50.7,0.2411,0.5,112,A1,0.17,18,73,33,2.2,0.5,0.099,10,6.82,1,-0.07,31.68,0.924,0,1,27,27.42,v2_lr,1
143387,2026-09-11,住之江,5,4898,4.76,26.3,,,0,B1,0.12,2,52,7,3.9,0.1,0.13,10,6.87,0.6429,-0.11,26.8,0.6431,0,1,27,12.07,v2_lr,0
143387,2026-09-11,住之江,6,5093,4.42,30.6,0.1765,0.2941,17,B2,0.16,1,62,7,4.6,0.1,0.19,10,6.96,0,-0.01,21.84,0.3575,0,1,27,2.32,v2_lr,0
143388,2026-09-11,住之江,1,4229,3.69,11.6,0,0,7,B1,0.18,18,44,25,4.6,0,0.168,10,6.88,0.5714,0.21,28.42,0.5015,1,1,27,26.72,v2_lr,1
143388,2026-09-11,住之江,2,4679,5.53,38,0.3889,0.5556,18,A2,0.14,14,73,37,2.6,0.2,0.149,10,6.86,0.7143,0.16,29.89,0.717,1,1,27,34.12,v2_lr,0
143388,2026-09-11,住之江,3,3955,4.84,24.5,0.25,0.25,12,B2,0.18,8,65,24,3.9,0.1,0.177,10,6.96,0,0.08,31.82,1,1,1,27,19.03,v2_lr,0
143388,2026-09-11,住之江,4,5285,3.9,21,0.0526,0.1053,19,B1,0.15,3,71,6,4.7,0,0.205,10,6.86,0.7143,0.11,31,0.8798,1,1,27,5.65,v2_lr,0
143388,2026-09-11,住之江,5,5043,6.54,43.5,0.1429,0.1429,7,A1,0.14,11,72,27,2.4,0.5,0.129,10,6.82,1,-0.01,25.81,0.1188,1,1,27,12.49,v2_lr,0
143388,2026-09-11,住之江,6,3471,3.84,17,0.0714,0.1429,14,B1,0.19,0,43,0,4.5,0,0.179,10,6.96,0,0.06,25,0,1,1,27,1.98,v2_lr,0
143389,2026-09-11,住之江,1,4401,5.46,37.8,,,0,A2,0.16,60,84,74,2.9,0.1,0.154,10,6.87,0.375,0.25,29.17,0.2945,0,1,27,27.41,v2_lr,0
143389,2026-09-11,住之江,2,4710,5.79,39.6,0.1875,0.375,16,A2,0.15,16,86,40,3.7,0.2,0.105,10,6.9,0,0.15,32.32,0.4816,0,1,27,30.92,v2_lr,1
143389,2026-09-11,住之江,3,3558,4.66,22.3,0.0769,0.2308,13,B1,0.18,6,59,16,3,0.1,0.154,10,6.83,0.875,0.2,26.8,0.1538,0,1,27,11.72,v2_lr,0
143389,2026-09-11,住之江,4,4579,6.1,36.8,0.3,0.45,20,A2,0.14,9,73,18,2.6,0.4,0.152,10,6.82,1,-0.05,24.21,0,0,1,27,24.52,v2_lr,0
143389,2026-09-11,住之江,5,4404,3.94,17.3,0.1429,0.2857,7,B1,0.18,2,60,6,5.1,0,0.19,10,6.9,0,-0.06,41.05,1,0,1,27,3.67,v2_lr,0
143389,2026-09-11,住之江,6,4836,5.08,32.9,0.1111,0.2222,18,B1,0.19,2,51,7,3.8,0.1,0.218,10,6.9,0,0.06,30.61,0.38,0,1,27,1.76,v2_lr,0
143390,2026-09-11,住之江,1,4624,6.59,51.6,0.1429,0.4286,7,A1,0.16,50,77,64,3,0.3,0.153,10,6.85,1,-0.01,35.87,0.5863,2,1,27,32.77,v2_lr,1
143390,2026-09-11,住之江,2,4875,5.09,28.2,0.1818,0.4545,11,B1,0.16,7,67,31,3.5,0.1,0.14,10,6.86,0.8571,-0.02,44.33,0.9409,2,1,27,29.07,v2_lr,0
143390,2026-09-11,住之江,3,4375,5.93,46,0.2632,0.4211,19,A2,0.16,15,89,40,1.9,0.5,0.143,10,6.9,0.2857,0.1,37.76,0.6655,2,1,27,22.3,v2_lr,0
143390,2026-09-11,住之江,4,3957,5.34,30.9,,,0,B1,0.2,7,72,16,3.7,0.1,0.18,10,6.92,0,-0.03,39.18,0.7251,2,1,27,3.52,v2_lr,0
143390,2026-09-11,住之江,5,4962,5.79,34.1,0.2222,0.3704,27,A2,0.17,5,73,16,2.7,0.4,0.123,10,6.88,0.5714,-0.06,21.88,0,2,1,27,9.66,v2_lr,0
143390,2026-09-11,住之江,6,3775,4.26,20.2,0.1111,0.3333,18,B1,0.18,0,59,3,3.2,0.1,0.16,10,6.9,0.2857,0.05,45.74,1,2,1,27,2.68,v2_lr,0
143391,2026-09-11,住之江,1,4794,6.7,49.5,0.1818,0.3182,22,A1,0.16,80,98,90,2.7,0.4,0.142,10,6.83,1,-0.01,26.8,0.2993,4,2,27,28.96,v2_lr,1
143391,2026-09-11,住之江,2,3502,5.72,38.9,0.12,0.32,25,A2,0.14,10,76,30,2.8,0.3,0.15,10,6.88,0.5455,0.06,39.18,0.665,4,2,27,19.04,v2_lr,0
143391,2026-09-11,住之江,3,3757,5.54,34.5,,,0,A2,0.15,0,72,18,3.6,0.1,0.161,10,6.94,0,0.07,50.52,1,4,2,27,26.16,v2_lr,0
143391,2026-09-11,住之江,4,5139,6.47,47.1,0.1111,0.5,18,A1,0.15,8,57,23,2.9,0.2,0.145,10,6.84,0.9091,-0.1,39,0.6597,4,2,27,10.15,v2_lr,0
143391,2026-09-11,住之江,5,4287,5.77,37.9,0.3448,0.7241,29,A2,0.17,2,66,13,3.3,0.1,0.175,10,6.9,0.3636,-0.07,16.67,0,4,2,27,13.79,v2_lr,0
143391,2026-09-11,住之江,6,5321,5.23,37.5,0.1111,0.3333,9,B1,0.25,0,61,8,2.9,0.2,0.191,10,6.86,0.7273,0.16,35.64,0.5604,4,2,27,1.9,v2_lr,0
143392,2026-09-11,住之江,1,4959,7.07,50.7,0.2411,0.5,112,A1,0.17,77,98,88,2.2,0.5,0.099,10,6.84,1,-0.08,31.68,0.5716,4,2,26,27.38,v2_lr,0
143392,2026-09-11,住之江,2,4218,6.71,53.6,0.383,0.5106,47,A1,0.15,14,95,49,2.2,0.3,0.153,10,6.98,0,0.07,36.08,1,4,2,26,25.38,v2_lr,0
143392,2026-09-11,住之江,3,5158,6.78,52,0.5,0.5,8,A1,0.17,17,69,36,3.2,0.2,0.149,10,6.95,0.2143,0.05,35.42,0.9357,4,2,26,25.18,v2_lr,1
143392,2026-09-11,住之江,4,5043,6.54,43.5,0.1429,0.1429,7,A1,0.14,14,69,32,2.4,0.5,0.129,10,6.89,0.6429,0.03,25.81,0,4,2,26,11.43,v2_lr,0
143392,2026-09-11,住之江,5,4063,6.37,45.8,0.1765,0.5882,17,A1,0.11,3,73,15,2,0.5,0.103,10,6.96,0.1429,0.01,31.25,0.5297,4,2,26,6.19,v2_lr,0
143392,2026-09-11,住之江,6,4311,6.53,48.7,0.2088,0.4396,91,A1,0.12,6,70,15,2.9,0.2,0.166,10,6.93,0.3571,0.01,34.74,0.8695,4,2,26,4.44,v2_lr,0
143393,2026-09-11,尼崎,1,5307,4.61,26.2,0,0,6,B1,0.21,20,45,27,4.5,0,0.19,10,6.85,0.7692,0.06,36.45,0.6497,3,0,28.2,38.64,v2_lr,1
143393,2026-09-11,尼崎,2,4729,4.06,16.8,0.0769,0.2308,13,B1,0.2,4,54,15,3.3,0.1,0.179,10,6.82,1,0.14,31.48,0.4939,3,0,28.2,31.45,v2_lr,0
143393,2026-09-11,尼崎,3,3984,6.86,47.8,0.2222,0.3333,9,A1,0.18,15,84,39,3.4,0.2,0.153,10,6.93,0.1538,0.11,20,0.1339,3,0,28.2,20.97,v2_lr,0
143393,2026-09-11,尼崎,4,4672,4.44,23,0,0.2308,13,B1,0.19,3,69,11,3.9,0,0.173,10,6.89,0.4615,-0.02,47.62,1,3,0,28.2,5.56,v2_lr,0
143393,2026-09-11,尼崎,5,3663,5.16,32.7,0.0513,0.2308,39,B1,0.17,3,78,9,2.9,0.1,0.178,10,6.93,0.1538,0.06,15.73,0,3,0,28.2,2.75,v2_lr,0
143393,2026-09-11,尼崎,6,5448,0,0,0,0,6,B2,,0,37,0,5.8,0,0.175,10,6.95,0,0.23,27.18,0.359,3,0,28.2,0.64,v2_lr,0
143394,2026-09-11,尼崎,1,4176,3.17,10.4,0.0541,0.1622,37,B2,0.19,5,30,10,4.5,0,0.153,10,6.95,0.0714,0.09,39.81,0.7754,3,0,25.6,31.99,v2_lr,0
143394,2026-09-11,尼崎,2,3584,5.09,33.3,0.087,0.3043,23,B1,0.17,4,79,33,3.7,0,0.187,10,6.96,0,0.02,20.62,0,3,0,25.6,27.43,v2_lr,1
143394,2026-09-11,尼崎,3,5244,4.14,18.8,0,0.1667,6,B1,0.14,1,62,12,4.6,0,0.133,10,6.9,0.4286,-0.02,36.79,0.6533,3,0,25.6,24.53,v2_lr,0
143394,2026-09-11,尼崎,4,3581,4.35,17.5,0.0741,0.1481,27,B1,0.19,4,68,16,4.1,0,0.2,10,6.89,0.5,0.04,25.74,0.2069,3,0,25.6,9.95,v2_lr,0
143394,2026-09-11,尼崎,5,4750,5.03,33.3,0.0323,0.1935,31,B1,0.18,3,66,10,3.5,0.1,0.172,10,6.92,0.2857,0.01,30.48,0.3984,3,0,25.6,3.75,v2_lr,0
143394,2026-09-11,尼崎,6,5372,1.89,0,0,0,14,B2,,1,140,1,5.6,0,0.15,10,6.82,1,0.09,45.37,1,3,0,25.6,2.35,v2_lr,0
143395,2026-09-11,尼崎,1,4247,5.23,28.5,0.0667,0.1667,30,B1,0.2,21,59,36,3.1,0.2,0.127,10,6.87,0.8571,-0.02,27.55,0.2705,4,0,25.5,29.32,v2_lr,0
143395,2026-09-11,尼崎,2,4515,6.11,41.3,0.1111,0.2778,18,A2,0.16,17,96,50,3.1,0.1,0.147,10,6.89,0.5714,0.07,54.81,1,4,0,25.5,33.38,v2_lr,1
143395,2026-09-11,尼崎,3,3577,4.43,21.6,0.1463,0.2927,41,B1,0.17,4,51,13,3.3,0.2,0.131,10,6.92,0.1429,0.1,37.04,0.5245,4,0,25.5,14.86,v2_lr,0
143395,2026-09-11,尼崎,4,3838,5.25,39.1,0.1923,0.3077,26,B1,0.16,8,66,16,3.9,0.2,0.138,10,6.93,0,0.09,43.4,0.6947,4,0,25.5,10.83,v2_lr,0
143395,2026-09-11,尼崎,5,4172,6.17,44.9,0.1875,0.4375,16,A2,0.17,3,74,21,3.7,0.1,0.16,10,6.92,0.1429,-0.03,17.44,0,4,0,25.5,8.85,v2_lr,0
143395,2026-09-11,尼崎,6,4121,5.83,39,0.0714,0.3571,14,A2,0.15,4,78,9,3.1,0,0.146,10,6.86,1,-0.09,25.77,0.2229,4,0,25.5,2.74,v2_lr,0
143396,2026-09-11,尼崎,1,4902,4.81,30.2,0.1571,0.3143,70,B1,0.18,26,58,37,3.8,0.1,0.193,10,6.87,0.7273,0.01,39.09,0.5558,4,0,25.6,27.59,v2_lr,0
143396,2026-09-11,尼崎,2,3853,5.5,34.4,0.3214,0.4643,28,A2,0.2,7,76,33,3.1,0.2,0.175,10,6.91,0.3636,0.03,26.04,0,4,0,25.6,30.55,v2_lr,1
143396,2026-09-11,尼崎,3,4251,4.56,24.1,0.1379,0.2759,29,B1,0.22,10,82,22,3.1,0.2,0.232,10,6.84,1,0.09,49.52,1,4,0,25.6,16.05,v2_lr,0
143396,2026-09-11,尼崎,4,4049,6.11,40,0.2917,0.2917,24,A2,0.17,5,88,21,3.9,0.2,0.132,10,6.94,0.0909,0.08,30.77,0.2014,4,0,25.6,14.16,v2_lr,0
143396,2026-09-11,尼崎,5,2878,5.26,28.4,0.25,0.4583,24,B1,0.15,5,68,12,3,0.2,0.178,10,6.87,0.7273,-0.03,44.44,0.7836,4,0,25.6,10.96,v2_lr,0
143396,2026-09-11,尼崎,6,3548,5.65,40.9,0,0.2,15,A2,0.11,0,75,7,3,0.2,0.136,10,6.95,0,0.02,36.36,0.4395,4,0,25.6,0.68,v2_lr,0
143397,2026-09-11,尼崎,1,4042,6.25,44.3,0.3529,0.4706,17,A2,0.16,78,112,93,2.3,0.5,0.185,10,6.82,1,0.18,27.1,0.3186,4,0,26.1,43.28,v2_lr,0
143397,2026-09-11,尼崎,2,4039,4.86,27.9,0.0476,0.2857,21,B1,0.14,5,70,36,3.2,0.1,0.177,10,6.98,0,-0.01,23.4,0.1902,4,0,26.1,12.58,v2_lr,0
143397,2026-09-11,尼崎,3,3975,5.97,39.5,0.16,0.32,25,A2,0.15,7,70,27,2.9,0.3,0.117,10,6.9,0.5,-0.06,17.92,0,4,0,26.1,18.23,v2_lr,0
143397,2026-09-11,尼崎,4,4729,4.06,16.8,0.0769,0.2308,13,B1,0.2,3,53,10,3.3,0.1,0.179,10,6.83,0.9375,0.21,31.48,0.4707,4,0,26.1,11.05,v2_lr,1
143397,2026-09-11,尼崎,5,5307,4.61,26.2,0,0,6,B1,0.21,4,68,13,4.5,0,0.19,10,6.86,0.75,0.05,36.45,0.6432,4,0,26.1,6.36,v2_lr,0
143397,2026-09-11,尼崎,6,4308,6.75,46,0.1905,0.5238,21,A1,0.17,5,69,15,2.7,0.2,0.149,10,6.83,0.9375,0.04,46.73,1,4,0,26.1,8.5,v2_lr,0
143398,2026-09-11,尼崎,1,4079,5.6,35.7,0.1667,0.2778,18,A2,0.19,64,98,84,3.5,0.3,0.124,10,6.83,1,0.04,35.24,0.5415,3,0,27,38.35,v2_lr,0
143398,2026-09-11,尼崎,2,3870,4.45,28,0.0455,0.1364,22,B1,0.21,5,71,12,5.1,0,0.17,10,6.9,0.5,-0.02,33.03,0.4596,3,0,27,17.08,v2_lr,0
143398,2026-09-11,尼崎,3,4672,4.44,23,0,0.2308,13,B1,0.19,8,68,25,3.9,0,0.173,10,6.88,0.6429,-0.02,47.62,1,3,0,27,9.69,v2_lr,0
143398,2026-09-11,尼崎,4,4184,7.36,58,0.2745,0.4706,51,A1,0.17,15,67,27,2.3,0.4,0.135,10,6.84,0.9286,-0.03,43.81,0.8589,3,0,27,29.47,v2_lr,1
143398,2026-09-11,尼崎,5,3584,5.09,33.3,0.087,0.3043,23,B1,0.17,4,68,11,3.7,0,0.187,10,6.97,0,0.07,20.62,0,3,0,27,3.76,v2_lr,0
143398,2026-09-11,尼崎,6,4176,3.17,10.4,0.0541,0.1622,37,B2,0.19,1,28,1,4.5,0,0.153,10,6.95,0.1429,-0.06,39.81,0.7107,3,0,27,1.65,v2_lr,0
143399,2026-09-11,尼崎,1,4608,6,42.3,0.2857,0.6429,14,A2,0.18,53,87,73,2.3,0.4,0.13,10,6.92,0.2667,0.12,26.53,0.0402,4,0,27.7,38.02,v2_lr,1
143399,2026-09-11,尼崎,2,3838,5.25,39.1,0.1923,0.3077,26,B1,0.16,11,72,27,3.9,0.2,0.138,10,6.92,0.2667,0.07,43.4,0.8996,4,0,27.7,25.25,v2_lr,0
143399,2026-09-11,尼崎,3,3581,4.35,17.5,0.0741,0.1481,27,B1,0.19,6,77,17,4.1,0,0.2,10,6.9,0.4,0.07,25.74,0,4,0,27.7,9.32,v2_lr,0
143399,2026-09-11,尼崎,4,5089,6.84,53.7,0.3158,0.5789,19,A1,0.16,11,61,26,2,0.5,0.156,10,6.83,0.8667,0.19,40.91,0.7728,4,0,27.7,22.92,v2_lr,0
143399,2026-09-11,尼崎,5,5372,1.89,0,0,0,14,B2,,0,76,0,5.6,0,0.15,10,6.81,1,0.31,45.37,1,4,0,27.7,2.24,v2_lr,0
143399,2026-09-11,尼崎,6,3860,3.75,17,0.1667,0.1667,6,B1,0.18,0,48,6,4.2,0.1,0.161,10,6.96,0,0.22,43.81,0.9205,4,0,27.7,2.25,v2_lr,0
143400,2026-09-11,尼崎,2,4049,6.11,40,0.2917,0.2917,24,A2,0.17,13,86,42,3.9,0.2,0.132,10,6.96,0,0.1,30.77,0.6361,2,0,28.3,39.22,v2_lr,0
143400,2026-09-11,尼崎,4,5244,4.14,18.8,0,0.1667,6,B1,0.14,2,60,6,4.6,0,0.133,10,6.86,0.8333,0.02,36.79,0.9855,2,0,28.3,14.77,v2_lr,1
143400,2026-09-11,尼崎,5,3577,4.43,21.6,0.1463,0.2927,41,B1,0.17,6,53,10,3.3,0.2,0.131,10,6.89,0.5833,0.07,37.04,1,2,0,28.3,8.38,v2_lr,0
143400,2026-09-11,尼崎,6,4036,6.32,45,0.1765,0.4706,17,A1,0.16,7,77,16,3.3,0.1,0.137,10,6.84,1,0.08,19.81,0,2,0,28.3,5.73,v2_lr,0
143401,2026-09-11,尼崎,1,4172,6.17,44.9,0.1875,0.4375,16,A2,0.17,65,108,93,3.7,0.1,0.16,10,6.86,0.5,-0.01,17.44,0.0596,3,0,28.6,32.02,v2_lr,1
143401,2026-09-11,尼崎,2,2878,5.26,28.4,0.25,0.4583,24,B1,0.15,10,77,29,3,0.2,0.178,10,6.87,0.25,0,44.44,1,3,0,28.6,28.44,v2_lr,0
143401,2026-09-11,尼崎,3,3663,5.16,32.7,0.0513,0.2308,39,B1,0.17,9,86,34,2.9,0.1,0.178,10,6.84,1,-0.14,15.73,0,3,0,28.6,9.8,v2_lr,0
143401,2026-09-11,尼崎,4,3853,5.5,34.4,0.3214,0.4643,28,A2,0.2,3,71,17,3.1,0.2,0.175,10,6.86,0.5,-0.06,26.04,0.3591,3,0,28.6,23.38,v2_lr,0
143401,2026-09-11,尼崎,5,4039,4.86,27.9,0.0476,0.2857,21,B1,0.14,4,67,18,3.2,0.1,0.177,10,6.88,0,-0.05,23.4,0.2672,3,0,28.6,2.07,v2_lr,0
143402,2026-09-11,尼崎,1,4121,5.83,39,0.0714,0.3571,14,A2,0.15,61,93,76,3.1,0,0.146,10,6.84,0.7778,0.08,25.77,0,2,0,28.5,21.2,v2_lr,0
143402,2026-09-11,尼崎,2,4184,7.36,58,0.2745,0.4706,51,A1,0.17,18,63,42,2.3,0.4,0.135,10,6.82,1,-0.03,43.81,0.6212,2,0,28.5,32.55,v2_lr,0
143402,2026-09-11,尼崎,3,4515,6.11,41.3,0.1111,0.2778,18,A2,0.16,12,86,33,3.1,0.1,0.147,10,6.84,0.7778,0.13,54.81,1,2,0,28.5,21.06,v2_lr,1
143402,2026-09-11,尼崎,4,4042,6.25,44.3,0.3529,0.4706,17,A2,0.16,11,81,28,2.3,0.5,0.185,10,6.91,0,0.09,27.1,0.0458,2,0,28.5,17.11,v2_lr,0
143402,2026-09-11,尼崎,5,4251,4.56,24.1,0.1379,0.2759,29,B1,0.22,2,79,9,3.1,0.2,0.232,10,6.86,0.5556,0.09,49.52,0.8178,2,0,28.5,5.07,v2_lr,0
143402,2026-09-11,尼崎,6,4079,5.6,35.7,0.1667,0.2778,18,A2,0.19,2,85,8,3.5,0.3,0.124,10,6.87,0.4444,0.01,35.24,0.3261,2,0,28.5,3.01,v2_lr,0
143403,2026-09-11,尼崎,1,4308,6.75,46,0.1905,0.5238,21,A1,0.17,79,106,88,2.7,0.2,0.149,10,6.84,0.625,0.16,46.73,1,2,0,28.6,30.65,v2_lr,1
143403,2026-09-11,尼崎,2,5089,6.84,53.7,0.3158,0.5789,19,A1,0.16,21,63,40,2,0.5,0.156,10,6.78,1,0.13,40.91,0.7823,2,0,28.6,30.78,v2_lr,0
143403,2026-09-11,尼崎,3,4608,6,42.3,0.2857,0.6429,14,A2,0.18,13,82,37,2.3,0.4,0.13,10,6.94,0,0.02,26.53,0.2443,2,0,28.6,23.03,v2_lr,0
143403,2026-09-11,尼崎,4,3984,6.86,47.8,0.2222,0.3333,9,A1,0.18,6,75,19,3.4,0.2,0.153,10,6.88,0.375,0.01,20,0,2,0,28.6,10.29,v2_lr,0
143403,2026-09-11,尼崎,5,4247,5.23,28.5,0.0667,0.1667,30,B1,0.2,1,63,4,3.1,0.2,0.127,10,6.9,0.25,0.21,27.55,0.2825,2,0,28.6,2.16,v2_lr,0
143403,2026-09-11,尼崎,6,4902,4.81,30.2,0.1571,0.3143,70,B1,0.18,1,57,3,3.8,0.1,0.193,10,6.86,0.5,0.05,39.09,0.7142,2,0,28.6,3.08,v2_lr,0
143404,2026-09-11,尼崎,1,4002,6.39,44.8,0.3535,0.6061,99,A1,0.14,68,95,83,1.7,0.6,0.135,10,6.86,0.5,-0.03,33.64,0.546,2,0,28.5,27.5,v2_lr,1
143404,2026-09-11,尼崎,2,5339,5.15,29.8,0.5714,0.7143,14,B1,0.21,6,25,12,2.5,0.4,0.17,10,6.81,1,-0.01,42.86,1,2,0,28.5,28.77,v2_lr,0
143404,2026-09-11,尼崎,3,4297,6.44,46.5,0.3333,0.5556,9,A1,0.13,18,74,32,2.3,0.3,0.111,10,6.87,0.4,0.01,39.81,0.8498,2,0,28.5,20.41,v2_lr,0
143404,2026-09-11,尼崎,4,4152,5.63,41.4,0.25,0.5,24,A2,0.18,6,53,20,2.3,0.3,0.187,10,6.83,0.8,0.06,29.63,0.3486,2,0,28.5,12.5,v2_lr,0
143404,2026-09-11,尼崎,5,5328,3.94,16.6,0.3333,0.6667,6,B1,0.2,0,82,5,2.9,0.2,0.152,10,6.91,0,0.03,25.77,0.1585,2,0,28.5,7.31,v2_lr,0
143404,2026-09-11,尼崎,6,3574,6.3,50.4,0.2667,0.3333,15,A1,0.17,6,64,21,2.6,0.3,0.186,10,6.89,0.2,0.09,22.55,0,2,0,28.5,3.51,v2_lr,0
143405,2026-09-11,鳴門,1,4372,5.75,36.9,0.1282,0.3846,39,A2,0.2,38,61,46,2.9,0.3,0.155,10,6.77,0.9167,0.02,23.19,0.0372,2,2,25,48.9,v2_lr,1
143405,2026-09-11,鳴門,2,5153,4.3,23.9,0,0,7,B1,0.19,4,78,15,4.3,0,0.126,10,6.77,0.9167,0.37,22.54,0,2,2,25,16.55,v2_lr,0
143405,2026-09-11,鳴門,3,5334,3.14,12.5,0.0484,0.1774,62,B1,0.18,3,56,9,4.8,0,0.24,10,6.77,0.9167,0.12,27.4,0.2784,2,2,25,15.73,v2_lr,0
143405,2026-09-11,鳴門,4,4720,4.05,15.9,0,0,7,B1,0.18,1,52,5,4.7,0,0.231,10,6.76,1,-0.08,40,1,2,2,25,9.95,v2_lr,0
143405,2026-09-11,鳴門,5,4843,5.14,29,0.1304,0.2609,23,B1,0.18,5,52,10,4.6,0.1,0.201,10,6.88,0,-0.11,29.87,0.4198,2,2,25,7.02,v2_lr,0
143405,2026-09-11,鳴門,6,5440,1.53,4.1,0,0,13,B2,,0,90,3,5.9,0,0.202,10,6.83,0.4167,-0.14,38.24,0.8992,2,2,25,1.85,v2_lr,0
143406,2026-09-11,鳴門,1,4733,5.1,33.7,0.1579,0.2982,57,B1,0.16,27,50,34,3.1,0.3,0.125,10,6.71,1,-0.1,24.29,0.149,1,1,23,41.47,v2_lr,1
143406,2026-09-11,鳴門,2,5180,2.69,13.8,0,0.125,8,B2,0.2,2,37,11,3.7,0,0.152,10,6.78,0.6818,-0.08,21.43,0,1,1,23,14.3,v2_lr,0
143406,2026-09-11,鳴門,3,4689,4.92,29.7,0.225,0.45,40,B1,0.16,8,56,22,3.5,0.1,0.154,10,6.8,0.5909,-0.07,34.62,0.687,1,1,23,29.54,v2_lr,0
143406,2026-09-11,鳴門,4,5380,1.21,0,0,0,55,B2,,0,44,0,5.7,0,0.238,10,6.77,0.7273,0.24,33.33,0.6198,1,1,23,4.18,v2_lr,0
143406,2026-09-11,鳴門,5,4400,4.04,17.6,0,0.0833,12,B1,0.2,0,50,2,4,0,0.195,10,6.93,0,0.12,40.63,1,1,1,23,2.1,v2_lr,0
143406,2026-09-11,鳴門,6,4845,7.26,63,0.2963,0.4444,27,A1,0.16,2,61,10,3.7,0.1,0.216,10,6.88,0.2273,0.03,23.08,0.0859,1,1,23,8.4,v2_lr,0
143407,2026-09-11,鳴門,1,5189,5.63,34.3,0.0667,0.1333,15,A2,0.21,25,60,36,3.8,0.1,0.242,10,6.83,0.3333,0.09,27.63,0.2645,1,1,23,24.5,v2_lr,0
143407,2026-09-11,鳴門,2,3470,5.13,29.1,0.1273,0.2727,55,B1,0.14,5,57,23,3.5,0.1,0.18,10,6.84,0.2667,0.26,23.08,0,1,1,23,19.43,v2_lr,0
143407,2026-09-11,鳴門,3,4611,6.53,47.4,0.24,0.44,25,A1,0.14,19,78,32,3.3,0.2,0.12,10,6.73,1,0.02,36.62,0.7872,1,1,23,36.5,v2_lr,1
143407,2026-09-11,鳴門,4,4984,5.08,27.6,0.1304,0.1739,23,B1,0.22,5,51,11,3.8,0.2,0.22,10,6.88,0,0.15,40.28,1,1,1,23,8.48,v2_lr,0
143407,2026-09-11,鳴門,5,4901,4.4,22.2,0.1111,0.5556,9,B1,0.18,4,34,5,2.3,0.2,0.162,10,6.8,0.5333,-0.05,25,0.1116,1,1,23,4.68,v2_lr,0
143407,2026-09-11,鳴門,6,4546,5.88,39.7,0.2,0.52,25,B1,0.17,4,55,16,3,0.2,0.164,10,6.86,0.1333,-0.11,34.25,0.6494,1,1,23,6.42,v2_lr,0
143408,2026-09-11,鳴門,1,4627,6.18,46.4,0.1875,0.3125,16,A2,0.11,40,72,52,3.8,0,0.151,10,6.77,1,0.14,28,0,1,1,23,48.05,v2_lr,1
143408,2026-09-11,鳴門,2,4680,5.66,36.2,0.0385,0.3846,26,A2,0.22,9,77,25,2.5,0.1,0.172,10,6.87,0.2857,0.15,29.33,0.0647,1,1,23,15.69,v2_lr,0
143408,2026-09-11,鳴門,3,5342,1.81,1.1,0,0,20,B2,,0,10,0,4.9,0,0.206,10,6.84,0.5,0.21,48.57,1,1,1,23,8.52,v2_lr,0
143408,2026-09-11,鳴門,4,4642,6.08,47.4,0.2143,0.3571,28,A2,0.15,7,65,24,3.4,0.2,0.131,10,6.77,1,0.25,29.41,0.0685,1,1,23,19.36,v2_lr,0
143408,2026-09-11,鳴門,5,4878,4.35,19.7,0.1224,0.3469,49,B1,0.17,1,42,4,3.1,0.2,0.161,10,6.8,0.7857,0.06,31.4,0.1653,1,1,23,7.32,v2_lr,0
143408,2026-09-11,鳴門,6,4965,4.8,26.5,0,0.1429,14,B1,0.21,0,47,2,4.7,0,0.16,10,6.91,0,0.11,35.44,0.3617,1,1,23,1.06,v2_lr,0
143409,2026-09-11,鳴門,1,4347,6.06,36.4,0.2222,0.5556,9,A2,0.18,42,75,59,3,0.2,0.153,10,6.77,1,0.11,29.73,0.5422,1,1,24,44.27,v2_lr,1
143409,2026-09-11,鳴門,2,4714,4.9,23.9,0.1132,0.3396,53,B1,0.16,4,65,22,3.4,0.1,0.138,10,6.84,0,-0.02,35.8,1,1,1,24,22.6,v2_lr,0
143409,2026-09-11,鳴門,3,4746,5.27,28.3,0.087,0.087,23,B1,0.23,8,61,16,4,0.2,0.162,10,6.78,0.8571,-0.06,32.43,0.7459,1,1,24,18.11,v2_lr,0
143409,2026-09-11,鳴門,4,5153,4.3,23.9,0,0,7,B1,0.19,2,64,13,4.3,0,0.126,10,6.84,0,-0.02,22.54,0,1,1,24,3.3,v2_lr,0
143409,2026-09-11,鳴門,5,4775,6.21,43.4,0.1579,0.2632,19,A2,0.14,4,50,12,3.2,0.2,0.135,10,6.81,0.4286,-0.01,31.34,0.6637,1,1,24,7.54,v2_lr,0
143409,2026-09-11,鳴門,6,5069,4.44,25.3,0.175,0.275,40,B1,0.13,0,47,4,3.3,0.2,0.146,10,6.84,0,0.05,30.26,0.5822,1,1,24,4.19,v2_lr,0
143410,2026-09-11,鳴門,1,5198,4.84,29.3,0.0909,0.2273,44,B1,0.21,12,40,21,2.7,0.4,0.174,10,6.82,0.7222,0.14,46.07,1,1,1,24,41.47,v2_lr,0
143410,2026-09-11,鳴門,2,5334,3.14,12.5,0.0484,0.1774,62,B1,0.18,2,48,7,4.8,0,0.24,10,6.78,0.9444,0.11,27.4,0,1,1,24,23.85,v2_lr,0
143410,2026-09-11,鳴門,3,4784,4.3,26.8,0.0769,0.2692,26,B1,0.21,3,52,13,3.6,0,0.188,10,6.82,0.7222,0.37,36.11,0.4665,1,1,24,14.83,v2_lr,0
143410,2026-09-11,鳴門,4,4400,4.04,17.6,0,0.0833,12,B1,0.2,0,56,4,4,0,0.195,10,6.95,0,0.05,40.63,0.7086,1,1,24,4.86,v2_lr,0
143410,2026-09-11,鳴門,5,5440,1.53,4.1,0,0,13,B2,,0,19,0,5.9,0,0.202,10,6.77,1,0.05,38.24,0.5806,1,1,24,3.8,v2_lr,0
143410,2026-09-11,鳴門,6,4974,5.54,36,0.2195,0.4146,41,A2,0.16,2,62,6,2.8,0.3,0.142,10,6.85,0.5556,0.05,32.89,0.2941,1,1,24,11.2,v2_lr,1
143411,2026-09-11,鳴門,1,5195,5.53,35.6,0.2222,0.3333,18,A2,0.14,27,47,33,3,0.3,0.128,10,6.83,0.9091,0.02,35.9,0.7453,1,1,24,37.72,v2_lr,1
143411,2026-09-11,鳴門,2,4984,5.08,27.6,0.1304,0.1739,23,B1,0.22,2,64,27,3.8,0.2,0.22,10,6.84,0.8182,0.21,40.28,1,1,1,24,23.69,v2_lr,0
143411,2026-09-11,鳴門,3,4845,7.26,63,0.2963,0.4444,27,A1,0.16,8,57,27,3.7,0.1,0.216,10,6.89,0.3636,0.02,23.08,0,1,1,24,25.64,v2_lr,0
143411,2026-09-11,鳴門,4,4900,5.34,33,0.0385,0.1923,26,B1,0.18,8,72,24,3.4,0.2,0.148,10,6.84,0.8182,0,31.94,0.5151,1,1,24,6.46,v2_lr,0
143411,2026-09-11,鳴門,5,4678,5.38,32.5,0.1667,0.2778,18,B1,0.16,2,59,5,4.2,0,0.174,10,6.93,0,0.03,29.07,0.3483,1,1,24,5.25,v2_lr,0
143411,2026-09-11,鳴門,6,5390,1.77,2.7,0,0,12,B2,,1,134,1,4.5,0.1,0.143,10,6.82,1,0.08,27.71,0.2692,1,1,24,1.24,v2_lr,0
143412,2026-09-11,鳴門,1,5056,0,0,0.1333,0.2,15,B2,,3,6,4,3.8,0.1,0.126,10,6.71,1,0.27,30.99,0.1605,2,2,24,33.9,v2_lr,0
143412,2026-09-11,鳴門,2,4546,5.88,39.7,0.2,0.52,25,B1,0.17,17,72,35,3,0.2,0.164,10,6.83,0.2941,0.05,34.25,0.3161,2,2,24,36.89,v2_lr,1
143412,2026-09-11,鳴門,3,4843,5.14,29,0.1304,0.2609,23,B1,0.18,9,54,19,4.6,0.1,0.201,10,6.88,0,0.06,29.87,0.107,2,2,24,14.82,v2_lr,0
143412,2026-09-11,鳴門,4,5342,1.81,1.1,0,0,20,B2,,0,59,1,4.9,0,0.206,10,6.83,0.2941,0.03,48.57,1,2,2,24,4.8,v2_lr,0
143412,2026-09-11,鳴門,5,5189,5.63,34.3,0.0667,0.1333,15,A2,0.21,4,67,11,3.8,0.1,0.242,10,6.87,0.0588,-0.05,27.63,0,2,2,24,3.5,v2_lr,0
143412,2026-09-11,鳴門,6,4689,4.92,29.7,0.225,0.45,40,B1,0.16,3,52,5,3.5,0.1,0.154,10,6.85,0.1765,0.01,34.62,0.3338,2,2,24,6.1,v2_lr,0
143413,2026-09-11,鳴門,1,5069,4.44,25.3,0.175,0.275,40,B1,0.13,26,53,37,3.3,0.2,0.146,10,6.75,1,0.18,30.26,0.4206,3,3,25,47.76,v2_lr,1
143413,2026-09-11,鳴門,2,4720,4.05,15.9,0,0,7,B1,0.18,6,60,21,4.7,0,0.231,10,6.76,0.9091,0.21,40,1,3,3,25,19.91,v2_lr,0
143413,2026-09-11,鳴門,3,4878,4.35,19.7,0.1224,0.3469,49,B1,0.17,4,50,12,3.1,0.2,0.161,10,6.85,0.0909,0.12,31.4,0.4884,3,3,25,16.5,v2_lr,0
143413,2026-09-11,鳴門,4,4372,5.75,36.9,0.1282,0.3846,39,A2,0.2,6,56,16,2.9,0.3,0.155,10,6.86,0,0.13,23.19,0,3,3,25,10.39,v2_lr,0
143413,2026-09-11,鳴門,5,4746,5.27,28.3,0.087,0.087,23,B1,0.23,3,51,8,4,0.2,0.162,10,6.85,0.0909,0.16,32.43,0.5497,3,3,25,4.34,v2_lr,0
143413,2026-09-11,鳴門,6,5380,1.21,0,0,0,55,B2,,0,123,0,5.7,0,0.238,10,6.83,0.2727,0.18,33.33,0.6032,3,3,25,1.1,v2_lr,0
143414,2026-09-11,鳴門,1,4901,4.4,22.2,0.1111,0.5556,9,B1,0.18,18,31,21,2.3,0.2,0.162,10,6.82,0.8,0.21,25,0.0326,2,2,25,26.89,v2_lr,0
143414,2026-09-11,鳴門,2,4611,6.53,47.4,0.24,0.44,25,A1,0.14,16,75,42,3.3,0.2,0.12,10,6.8,1,0.11,36.62,0.5661,2,2,25,38.74,v2_lr,1
143414,2026-09-11,鳴門,3,4680,5.66,36.2,0.0385,0.3846,26,A2,0.22,4,68,24,2.5,0.1,0.172,10,6.85,0.5,0.15,29.33,0.2314,2,2,25,8.67,v2_lr,0
143414,2026-09-11,鳴門,4,4733,5.1,33.7,0.1579,0.2982,57,B1,0.16,8,58,26,3.1,0.3,0.125,10,6.9,0,0.08,24.29,0,2,2,25,9.28,v2_lr,0
143414,2026-09-11,鳴門,5,4347,6.06,36.4,0.2222,0.5556,9,A2,0.18,4,48,12,3,0.2,0.153,10,6.85,0.5,0.11,29.73,0.2498,2,2,25,14.06,v2_lr,0
143414,2026-09-11,鳴門,6,5198,4.84,29.3,0.0909,0.2273,44,B1,0.21,0,46,1,2.7,0.4,0.174,10,6.86,0.4,0.13,46.07,1,2,2,25,2.36,v2_lr,0
143415,2026-09-11,鳴門,1,4974,5.54,36,0.2195,0.4146,41,A2,0.16,37,66,46,2.8,0.3,0.142,10,6.77,1,0.11,32.89,0.7652,3,3,25,35.72,v2_lr,1
143415,2026-09-11,鳴門,2,4642,6.08,47.4,0.2143,0.3571,28,A2,0.15,18,70,34,3.4,0.2,0.131,10,6.81,0.75,0.08,29.41,0.4938,3,3,25,27.49,v2_lr,0
143415,2026-09-11,鳴門,3,3470,5.13,29.1,0.1273,0.2727,55,B1,0.14,15,60,20,3.5,0.1,0.18,10,6.89,0.25,0.01,23.08,0,3,3,25,12.22,v2_lr,0
143415,2026-09-11,鳴門,4,4775,6.21,43.4,0.1579,0.2632,19,A2,0.14,4,52,16,3.2,0.2,0.135,10,6.85,0.5,-0.05,31.34,0.6443,3,3,25,11.09,v2_lr,0
143415,2026-09-11,鳴門,5,5195,5.53,35.6,0.2222,0.3333,18,A2,0.14,1,50,6,3,0.3,0.128,10,6.91,0.125,-0.03,35.9,1,3,3,25,11.25,v2_lr,0
143415,2026-09-11,鳴門,6,4714,4.9,23.9,0.1132,0.3396,53,B1,0.16,1,48,2,3.4,0.1,0.138,10,6.93,0,0.02,35.8,0.9922,3,3,25,2.22,v2_lr,0
143416,2026-09-11,鳴門,1,4885,6.26,47.2,0.4444,0.5556,9,A2,0.18,25,34,31,2,0.5,0.115,10,6.75,1,0.15,28,0.5817,3,3,25,27.06,v2_lr,1
143416,2026-09-11,鳴門,2,4530,6.9,53.9,0.3214,0.5714,28,A1,0.16,26,75,47,1.7,0.5,0.124,10,6.83,0.2727,0.02,13.16,0,3,3,25,21.79,v2_lr,0
143416,2026-09-11,鳴門,3,4050,6.66,48.6,0.3704,0.6296,27,A1,0.12,19,61,34,2.3,0.4,0.176,10,6.78,0.7273,-0.04,18.31,0.2019,3,3,25,22.21,v2_lr,0
143416,2026-09-11,鳴門,4,4450,6.02,42.8,0.2222,0.5278,36,A2,0.15,9,72,30,1.9,0.4,0.197,10,6.81,0.4545,0.06,33.77,0.8079,3,3,25,10.45,v2_lr,0
143416,2026-09-11,鳴門,5,4738,5.69,38,0.3889,0.5556,18,A2,0.18,2,72,8,2.7,0.3,0.142,10,6.81,0.4545,0.01,23.61,0.4096,3,3,25,13.86,v2_lr,0
143416,2026-09-11,鳴門,6,5193,6.68,47,0.28,0.44,25,A1,0.13,1,64,10,3.1,0.3,0.186,10,6.86,0,0.1,38.67,1,3,3,25,4.62,v2_lr,0
143417,2026-09-11,児島,1,4754,6.04,44,0.1429,0.7143,7,A2,0.16,72,96,78,2.5,0.2,0.154,10,6.78,0.9333,0.11,25.52,0.0794,1,1,27,40.52,v2_lr,1
143417,2026-09-11,児島,2,5124,4.16,16.2,0,0.0667,15,B1,0.18,0,57,9,4.3,0,0.118,10,6.77,1,0.18,31,0.7389,1,1,27,17.65,v2_lr,0
143417,2026-09-11,児島,3,4410,5.31,30.9,0.1818,0.3788,66,B1,0.16,11,81,28,3.9,0.1,0.136,10,6.9,0.1333,0.02,30.5,0.6787,1,1,27,24.23,v2_lr,0
143417,2026-09-11,児島,4,4924,4.16,15.8,0.1304,0.2174,23,B1,0.15,0,58,6,4.5,0,0.205,10,6.83,0.6,0.01,33.17,1,1,1,27,12.91,v2_lr,0
143417,2026-09-11,児島,5,4374,4.76,26.9,0.0909,0.0909,11,B1,0.13,0,61,3,4.3,0,0.148,10,6.85,0.4667,0.1,24.86,0,1,1,27,3.86,v2_lr,0
143417,2026-09-11,児島,6,5423,1.09,0,0,0,13,B2,,0,61,0,5.9,0,0.208,10,6.92,0,0,25.87,0.1215,1,1,27,0.83,v2_lr,0
143418,2026-09-11,児島,1,3866,5.07,31.7,0,0.1282,39,B1,0.11,9,38,21,5,0,0.22,10,6.93,0,0.14,25,0,1,1,23,22.03,v2_lr,0
143418,2026-09-11,児島,2,5335,2.23,7.2,0,0.0667,15,B1,0.19,0,24,1,5,0,0.156,10,6.82,1,0.01,49.5,1,1,1,23,31.75,v2_lr,0
143418,2026-09-11,児島,3,4343,4.78,23.6,0.1,0.3667,30,B1,0.18,2,77,13,4,0,0.181,10,6.87,0.5455,0.11,31.77,0.2763,1,1,23,19.5,v2_lr,0
143418,2026-09-11,児島,4,4797,6.71,52.6,0.1667,0.2778,18,A1,0.09,8,51,20,4.9,0,0.227,10,6.92,0.0909,0.13,35,0.4082,1,1,23,16.98,v2_lr,1
143418,2026-09-11,児島,5,5326,4.55,25.2,0.087,0.1304,23,B1,0.17,2,87,9,4.6,0,0.137,10,6.89,0.3636,-0.05,34.67,0.3947,1,1,23,6.12,v2_lr,0
143418,2026-09-11,児島,6,5109,5.05,29.2,0.1136,0.2955,44,B1,0.17,1,60,7,3.9,0.1,0.122,10,6.9,0.2727,0.01,32.67,0.3131,1,1,23,3.62,v2_lr,0
143419,2026-09-11,児島,1,4499,5.31,35.2,0.1333,0.1333,15,B1,0.16,26,47,34,3.1,0.3,0.163,10,6.76,0.8333,0.1,31.5,0.0843,0,1,23,24.99,v2_lr,0
143419,2026-09-11,児島,2,4446,7.19,57,0.25,0.25,16,A1,0.13,20,85,52,2.9,0.3,0.126,10,6.73,1,-0.01,30.39,0,0,1,23,32.31,v2_lr,1
143419,2026-09-11,児島,3,4382,5.05,22.3,0.0667,0.1333,15,B1,0.18,3,69,13,3.1,0.2,0.138,10,6.81,0.5556,-0.05,34.33,0.2992,0,1,23,10.12,v2_lr,0
143419,2026-09-11,児島,4,4460,6.09,39.6,0.1429,0.4286,28,A2,0.15,14,68,27,2.7,0.2,0.168,10,6.76,0.8333,-0.09,32.51,0.161,0,1,23,10.62,v2_lr,0
143419,2026-09-11,児島,5,4364,6.53,46.6,0.3947,0.6053,38,A1,0.14,6,71,17,3.2,0.3,0.128,10,6.91,0,-0.08,39.5,0.6917,0,1,23,19.15,v2_lr,0
143419,2026-09-11,児島,6,4728,4.21,26.3,0.1212,0.303,33,B1,0.18,0,57,1,3,0.2,0.209,10,6.88,0.1667,-0.07,43.56,1,0,1,23,2.81,v2_lr,0
143420,2026-09-11,児島,1,4788,5.95,38.5,0.1795,0.359,39,A2,0.15,55,96,72,3.1,0.3,0.125,10,6.95,0,0.03,36.36,1,1,1,24,33.4,v2_lr,1
143420,2026-09-11,児島,2,5338,3.74,17.2,0.1333,0.1333,15,B1,0.11,1,17,6,3.3,0.2,0.111,10,6.86,0.8182,0.11,35.92,0.9538,1,1,24,24.16,v2_lr,0
143420,2026-09-11,児島,3,5076,5.45,36.5,0.1111,0.3333,18,B1,0.18,14,65,20,2.6,0.3,0.177,10,6.95,0,0.1,35.96,0.958,1,1,24,11.1,v2_lr,0
143420,2026-09-11,児島,4,3988,5.66,40.5,0.2,0.4667,15,A2,0.15,9,78,33,2.6,0.3,0.169,10,6.84,1,0.03,35.18,0.8761,1,1,24,15.63,v2_lr,0
143420,2026-09-11,児島,5,5047,4.62,25.3,0.2222,0.3889,18,B1,0.13,5,54,10,2.4,0.4,0.154,10,6.91,0.3636,-0.01,26.84,0,1,1,24,9.75,v2_lr,0
143420,2026-09-11,児島,6,4828,6.34,44.1,0.1875,0.4375,16,A1,0.17,4,77,10,2.6,0.3,0.154,10,6.89,0.5455,0.02,30.1,0.3424,1,1,24,5.96,v2_lr,0
143421,2026-09-11,児島,1,4436,6.6,49.2,0.2143,0.4286,28,A1,0.16,65,94,74,3,0.2,0.136,10,6.86,0.625,0.17,39.6,1,2,3,24,31.91,v2_lr,1
143421,2026-09-11,児島,2,4072,6.74,53.8,0.3182,0.6364,22,A1,0.12,27,76,48,2.9,0.2,0.156,10,6.85,0.6875,0.12,37.86,0.9015,2,3,24,32,v2_lr,0
143421,2026-09-11,児島,3,5286,4.34,25.5,0.3125,0.375,16,B1,0.16,9,68,26,4,0.1,0.159,10,6.96,0,0.13,28.43,0.3679,2,3,24,20.94,v2_lr,0
143421,2026-09-11,児島,4,4030,6.64,36.2,0.25,0.3125,16,A1,0.15,6,72,29,3,0.3,0.15,10,6.94,0.125,0.14,21.93,0,2,3,24,11.46,v2_lr,0
143421,2026-09-11,児島,5,4449,3.93,23.6,0.0476,0.2381,21,B1,0.19,4,67,9,4.3,0.1,0.153,10,6.88,0.5,0.04,32.2,0.5812,2,3,24,2.63,v2_lr,0
143421,2026-09-11,児島,6,5464,0,0,0,0,6,B2,,0,26,0,5.9,0,0.206,10,6.8,1,0.12,36.1,0.8019,2,3,24,1.07,v2_lr,0
143422,2026-09-11,児島,1,4067,5.95,40.3,0.2857,0.4286,7,A2,0.15,69,114,91,2.8,0.3,0.164,10,6.79,0.8235,0.07,27.04,0,2,3,25,36.5,v2_lr,0
143422,2026-09-11,児島,2,5326,4.55,25.2,0.087,0.1304,23,B1,0.17,7,41,18,4.6,0,0.137,10,6.93,0,0.11,34.67,0.6455,2,3,25,16.53,v2_lr,0
143422,2026-09-11,児島,3,5299,5.46,40.1,0.2,0.4,45,A2,0.16,11,69,27,2.8,0.2,0.107,10,6.92,0.0588,0.19,38.86,1,2,3,25,22.53,v2_lr,1
143422,2026-09-11,児島,4,5124,4.16,16.2,0,0.0667,15,B1,0.18,3,55,6,4.3,0,0.118,10,6.82,0.6471,0.06,31,0.335,2,3,25,4.82,v2_lr,0
143422,2026-09-11,児島,5,5074,4.74,28.1,0.1,0.25,20,B1,0.2,6,78,12,3.8,0.1,0.205,10,6.76,1,0.1,35.12,0.6836,2,3,25,5.98,v2_lr,0
143422,2026-09-11,児島,6,4350,7.56,55.3,0.3529,0.6471,17,A1,0.12,6,83,22,2.6,0.3,0.134,10,6.88,0.2941,0.12,32.45,0.4577,2,3,25,13.63,v2_lr,0
143423,2026-09-11,児島,1,4314,5.62,37.8,0.125,0.2083,24,A2,0.17,49,73,61,2.8,0.1,0.16,10,6.87,0.125,0.08,33.33,0.1323,4,3,26,35.57,v2_lr,1
143423,2026-09-11,児島,2,4924,4.16,15.8,0.1304,0.2174,23,B1,0.15,3,64,18,4.5,0,0.205,10,6.84,0.3125,0.1,33.17,0.1187,4,3,26,22.4,v2_lr,0
143423,2026-09-11,児島,3,4728,4.21,26.3,0.1212,0.303,33,B1,0.18,9,65,24,3,0.2,0.209,10,6.89,0,0.09,43.56,1,4,3,26,15.78,v2_lr,0
143423,2026-09-11,児島,4,4343,4.78,23.6,0.1,0.3667,30,B1,0.18,1,63,5,4,0,0.181,10,6.85,0.25,0.18,31.77,0,4,3,26,6.58,v2_lr,0
143423,2026-09-11,児島,5,5265,3.47,14.1,0.1429,0.2381,21,B1,0.15,2,71,5,4.7,0,0.142,10,6.73,1,0.14,35.45,0.3121,4,3,26,9.51,v2_lr,0
143423,2026-09-11,児島,6,4441,6.21,41.9,0.2857,0.4615,91,A2,0.12,2,75,10,2.5,0.3,0.113,10,6.83,0.375,0.11,33.83,0.1747,4,3,26,10.15,v2_lr,0
143424,2026-09-11,児島,1,3284,5.08,31.3,0,0.2667,15,B1,0.19,36,64,50,3.3,0,0.25,10,6.82,0.75,0.32,33.17,0.7917,3,3,26,33.78,v2_lr,1
143424,2026-09-11,児島,2,5358,2.93,4.5,0,0,6,B2,0.19,0,27,2,4.3,0,0.229,10,6.83,0.625,0.29,35.12,1,3,3,26,17.48,v2_lr,0
143424,2026-09-11,児島,3,4797,6.71,52.6,0.1667,0.2778,18,A1,0.09,11,56,23,4.9,0,0.227,10,6.85,0.375,0.28,35,0.9872,3,3,26,27.37,v2_lr,0
143424,2026-09-11,児島,4,4382,5.05,22.3,0.0667,0.1333,15,B1,0.18,3,76,12,3.1,0.2,0.138,10,6.88,0,0.07,34.33,0.9156,3,3,26,7.73,v2_lr,0
143424,2026-09-11,児島,5,5292,3.73,13.1,0.0313,0.2188,32,B1,0.29,0,64,4,4.3,0,0.133,10,6.86,0.25,0.02,25.76,0,3,3,26,3.16,v2_lr,0
143424,2026-09-11,児島,6,4410,5.31,30.9,0.1818,0.3788,66,B1,0.16,0,57,6,3.9,0.1,0.136,10,6.8,1,-0.01,30.5,0.5064,3,3,26,10.48,v2_lr,0
143425,2026-09-11,児島,1,4286,5.54,34.6,0,0.2857,7,A2,0.16,55,106,88,3.5,0,0.144,10,6.73,0.8462,0.14,38.5,1,3,3,27,37.27,v2_lr,1
143425,2026-09-11,児島,2,4374,4.76,26.9,0.0909,0.0909,11,B1,0.13,8,67,18,4.3,0,0.148,10,6.71,1,0.15,24.86,0,3,3,27,23.7,v2_lr,0
143425,2026-09-11,児島,3,5109,5.05,29.2,0.1136,0.2955,44,B1,0.17,13,79,25,3.9,0.1,0.122,10,6.75,0.6923,0.11,32.67,0.5726,3,3,27,18.32,v2_lr,0
143425,2026-09-11,児島,4,4499,5.31,35.2,0.1333,0.1333,15,B1,0.16,6,52,17,3.1,0.3,0.163,10,6.75,0.6923,0.18,31.5,0.4868,3,3,27,10.7,v2_lr,0
143425,2026-09-11,児島,5,5338,3.74,17.2,0.1333,0.1333,15,B1,0.11,1,99,5,3.3,0.2,0.111,10,6.77,0.5385,0.01,35.92,0.8109,3,3,27,6.86,v2_lr,0
143425,2026-09-11,児島,6,4789,5.64,38.6,0.1538,0.3077,13,A2,0.14,0,52,3,3.7,0.2,0.132,10,6.84,0,0,34.8,0.7287,3,3,27,3.16,v2_lr,0
143426,2026-09-11,児島,1,4828,6.34,44.1,0.1875,0.4375,16,A1,0.17,58,88,71,2.6,0.3,0.154,10,6.82,0.2667,0.19,30.1,0.3253,4,3,27,27.42,v2_lr,1
143426,2026-09-11,児島,2,4364,6.53,46.6,0.3947,0.6053,38,A1,0.14,17,72,34,3.2,0.3,0.128,10,6.86,0,0.17,39.5,0.9929,4,3,27,31.37,v2_lr,0
143426,2026-09-11,児島,3,4436,6.6,49.2,0.2143,0.4286,28,A1,0.16,16,81,42,3,0.2,0.136,10,6.78,0.5333,0.14,39.6,1,4,3,27,20.62,v2_lr,0
143426,2026-09-11,児島,4,4754,6.04,44,0.1429,0.7143,7,A2,0.16,13,76,26,2.5,0.2,0.154,10,6.79,0.4667,0.24,25.52,0,4,3,27,8.72,v2_lr,0
143426,2026-09-11,児島,5,4788,5.95,38.5,0.1795,0.359,39,A2,0.15,7,81,20,3.1,0.3,0.125,10,6.76,0.6667,0.19,36.36,0.7699,4,3,27,7.33,v2_lr,0
143426,2026-09-11,児島,6,4067,5.95,40.3,0.2857,0.4286,7,A2,0.15,5,73,20,2.8,0.3,0.164,10,6.71,1,0.06,27.04,0.108,4,3,27,4.54,v2_lr,0
143427,2026-09-11,児島,1,4350,7.56,55.3,0.3529,0.6471,17,A1,0.12,95,122,107,2.6,0.3,0.134,10,6.81,0.5,0.21,32.45,0.5091,4,3,27,34.24,v2_lr,1
143427,2026-09-11,児島,2,5047,4.62,25.3,0.2222,0.3889,18,B1,0.13,9,61,25,2.4,0.4,0.154,10,6.88,0,0.34,26.84,0,4,3,27,20.34,v2_lr,0
143427,2026-09-11,児島,3,4460,6.09,39.6,0.1429,0.4286,28,A2,0.15,12,80,35,2.7,0.2,0.168,10,6.74,1,0.03,32.51,0.5145,4,3,27,16.39,v2_lr,0
143427,2026-09-11,児島,4,5076,5.45,36.5,0.1111,0.3333,18,B1,0.18,7,66,22,2.6,0.3,0.177,10,6.78,0.7143,-0.06,35.96,0.8276,4,3,27,8.26,v2_lr,0
143427,2026-09-11,児島,5,4072,6.74,53.8,0.3182,0.6364,22,A1,0.12,7,73,26,2.9,0.2,0.156,10,6.74,1,0.1,37.86,1,4,3,27,17.48,v2_lr,0
143427,2026-09-11,児島,6,4314,5.62,37.8,0.125,0.2083,24,A2,0.17,3,61,8,2.8,0.1,0.16,10,6.84,0.2857,0.12,33.33,0.5889,4,3,27,3.3,v2_lr,0
143428,2026-09-11,児島,1,4441,6.21,41.9,0.2857,0.4615,91,A2,0.12,60,97,79,2.5,0.3,0.113,10,6.85,0,0.04,33.83,0.7029,2,3,28,30.67,v2_lr,1
143428,2026-09-11,児島,2,3988,5.66,40.5,0.2,0.4667,15,A2,0.15,11,83,37,2.6,0.3,0.169,10,6.85,0,0.12,35.18,0.7826,2,3,28,18,v2_lr,0
143428,2026-09-11,児島,3,4030,6.64,36.2,0.25,0.3125,16,A1,0.15,12,81,26,3,0.3,0.15,10,6.81,0.4444,0.07,21.93,0,2,3,28,18.24,v2_lr,0
143428,2026-09-11,児島,4,5299,5.46,40.1,0.2,0.4,45,A2,0.16,8,79,25,2.8,0.2,0.107,10,6.77,0.8889,0.14,38.86,1,2,3,28,15.85,v2_lr,0
143428,2026-09-11,児島,5,4446,7.19,57,0.25,0.25,16,A1,0.13,4,71,25,2.9,0.3,0.126,10,6.76,1,0.12,30.39,0.4997,2,3,28,15.64,v2_lr,0
143428,2026-09-11,児島,6,3284,5.08,31.3,0,0.2667,15,B1,0.19,3,56,7,3.3,0,0.25,10,6.78,0.7778,0.17,33.17,0.6639,2,3,28,1.6,v2_lr,0
143429,2026-09-11,宮島,1,4637,5.5,38.6,0.3043,0.4348,23,A2,0.2,33,60,48,3.5,0.2,0.174,10,6.84,0.3333,-0.09,32.11,0.3714,3,3,27,35.1,v2_lr,0
143429,2026-09-11,宮島,2,5236,3.87,19.1,0.0789,0.2632,38,B1,0.17,0,36,6,3.9,0.1,0.183,10,6.79,0.8889,0.02,29.41,0,3,3,27,17.49,v2_lr,0
143429,2026-09-11,宮島,3,3662,5.28,37.7,0.2308,0.6154,13,B1,0.16,15,75,34,3.3,0.1,0.171,10,6.78,1,-0.04,36.68,1,3,3,27,29.27,v2_lr,1
143429,2026-09-11,宮島,5,3637,4.35,26.3,0,0,12,B1,0.21,1,69,5,4.4,0,0.163,10,6.87,0,-0.12,33.62,0.5791,3,3,27,1.8,v2_lr,0
143429,2026-09-11,宮島,6,4158,5,30.3,0.119,0.2381,42,B1,0.19,3,61,7,3,0.4,0.141,10,6.81,0.6667,-0.09,33.19,0.5199,3,3,27,3.05,v2_lr,0
143430,2026-09-11,宮島,1,3497,5.32,36.5,0.1429,0.2857,14,B1,0.2,40,57,46,5.3,0.1,0.171,10,6.76,0.5714,0.03,33.94,0.3439,4,4,25,27.11,v2_lr,0
143430,2026-09-11,宮島,2,3381,5.22,35.6,0.1333,0.2667,30,B1,0.15,6,71,18,4,0.1,0.151,10,6.7,1,-0.15,41.63,1,4,4,25,26.21,v2_lr,0
143430,2026-09-11,宮島,3,4832,7.05,48.9,0.3571,0.5714,14,A1,0.14,23,69,37,2.7,0.3,0.168,10,6.79,0.3571,0.03,33.33,0.2918,4,4,25,32.94,v2_lr,1
143430,2026-09-11,宮島,4,4839,5.53,38,0.0769,0.4615,13,A2,0.13,8,73,25,2.5,0.2,0.105,10,6.79,0.3571,0.09,35.27,0.4573,4,4,25,4.94,v2_lr,0
143430,2026-09-11,宮島,5,4023,3.93,19.5,0,0.1111,9,B1,0.18,2,69,9,4.8,0,0.201,10,6.84,0,0.03,29.91,0,4,4,25,1.37,v2_lr,0
143430,2026-09-11,宮島,6,3265,6.09,44.1,0.3019,0.5283,53,A2,0.14,12,51,18,4,0.1,0.14,10,6.81,0.2143,-0.11,32.49,0.2201,4,4,25,7.43,v2_lr,0
143431,2026-09-11,宮島,1,4231,5.33,29.3,0.1176,0.4118,17,B1,0.18,39,82,59,3.6,0,0.184,10,6.82,0.4706,0.01,32.02,0,4,4,25,26.19,v2_lr,1
143431,2026-09-11,宮島,2,4514,6.51,50.7,0.2727,0.4091,22,A1,0.2,28,93,58,2.9,0.4,0.182,10,6.81,0.5294,-0.06,38.84,0.4344,4,4,25,27.82,v2_lr,0
143431,2026-09-11,宮島,3,3920,5.11,32.3,0.1458,0.4375,48,B1,0.18,6,56,18,4.5,0.1,0.176,10,6.9,0,-0.04,38.39,0.4057,4,4,25,11.63,v2_lr,0
143431,2026-09-11,宮島,4,3748,4.38,19.2,0,0,3,B1,0.16,2,58,5,4.5,0,0.205,10,6.73,1,0.06,47.72,1,4,4,25,5.29,v2_lr,0
143431,2026-09-11,宮島,5,4593,5.89,34.8,0.3235,0.4706,34,A2,0.15,1,66,10,3.6,0,0.133,10,6.77,0.7647,0.04,35.8,0.2408,4,4,25,16.07,v2_lr,0
143431,2026-09-11,宮島,6,4428,6.23,44.4,0.4,0.5333,15,A2,0.14,3,69,15,2.4,0.3,0.126,10,6.83,0.4118,0.07,35.68,0.2331,4,4,25,12.99,v2_lr,0
143432,2026-09-11,宮島,1,4650,6,42.1,0.2308,0.5385,13,A2,0.12,47,65,53,4.8,0.1,0.152,10,6.7,1,0.06,41.8,1,3,3,25,32.47,v2_lr,0
143432,2026-09-11,宮島,2,4574,5.49,34,0.1833,0.4,60,A2,0.18,12,79,29,3.9,0.2,0.183,10,6.74,0.6923,0.13,35.06,0.4484,3,3,25,27.12,v2_lr,1
143432,2026-09-11,宮島,3,4570,6.37,45.8,0.0625,0.1875,16,A1,0.17,17,75,37,3.5,0.1,0.14,10,6.73,0.7692,0.12,36.29,0.5491,3,3,25,17.14,v2_lr,0
143432,2026-09-11,宮島,4,5384,1.71,1.3,0,0,11,B2,0.58,0,34,0,5.2,0,0.224,10,6.8,0.2308,0.22,36.4,0.5581,3,3,25,2.62,v2_lr,0
143432,2026-09-11,宮島,5,3333,6.28,45.3,0.25,0.5,4,A1,0.15,6,69,14,3.4,0.2,0.132,10,6.83,0,0.04,30.77,0.0974,3,3,25,19.25,v2_lr,0
143432,2026-09-11,宮島,6,4461,4.4,16.6,0,0.0938,32,B1,0.18,0,53,1,4.4,0,0.142,10,6.72,0.8462,0.17,29.58,0,3,3,25,1.39,v2_lr,0
143433,2026-09-11,宮島,1,3684,5.75,43.6,0.2609,0.5217,23,A2,0.16,44,79,63,3.8,0,0.164,10,6.7,0.6923,0.02,47.41,1,2,2,25,35.03,v2_lr,1
143433,2026-09-11,宮島,2,5041,4.74,28.3,0.3333,0.4074,27,B1,0.2,9,62,18,4,0.2,0.193,10,6.66,1,0.12,40.82,0.669,2,2,25,31.34,v2_lr,0
143433,2026-09-11,宮島,3,4302,6.88,57.3,0.2783,0.513,115,A1,0.14,2,77,30,2.5,0.2,0.141,10,6.72,0.5385,0.06,31.97,0.2245,2,2,25,24.43,v2_lr,0
143433,2026-09-11,宮島,4,5035,5.5,36,0,0.25,4,A2,0.18,8,62,18,3,0.2,0.174,10,6.71,0.6154,0.07,27.5,0,2,2,25,3.3,v2_lr,0
143433,2026-09-11,宮島,5,5249,5.11,31.1,0,0.1429,14,B1,0.13,4,60,9,3.6,0.2,0.163,10,6.78,0.0769,0.12,28.51,0.0507,2,2,25,1.31,v2_lr,0
143433,2026-09-11,宮島,6,3868,4.66,26.1,0.3333,0.3333,3,B1,0.2,0,46,2,4.4,0.1,0.183,10,6.79,0,0.06,31.39,0.1954,2,2,25,4.58,v2_lr,0
143434,2026-09-11,宮島,1,3503,4.12,18.8,0.0714,0.2143,14,B1,0.17,13,51,22,4.1,0,0.14,10,6.8,0.2,0.02,29.46,0,2,2,25,26.12,v2_lr,0
143434,2026-09-11,宮島,2,3556,6.68,48.6,0.3571,0.6429,28,A1,0.13,12,81,33,2.5,0.3,0.147,10,6.71,0.8,0.15,37.85,1,2,2,25,41.32,v2_lr,1
143434,2026-09-11,宮島,3,3637,4.35,26.3,0,0,12,B1,0.21,4,65,13,4.4,0,0.163,10,6.83,0,0.18,33.62,0.4958,2,2,25,5.23,v2_lr,0
143434,2026-09-11,宮島,4,4808,5.55,31,0.2,0.4,10,A2,0.15,10,75,25,3,0.1,0.188,10,6.68,1,0.19,32.61,0.3754,2,2,25,16.3,v2_lr,0
143434,2026-09-11,宮島,5,4952,3.88,16.2,0.1579,0.2632,19,B1,0.18,0,49,2,4.3,0,0.152,10,6.76,0.4667,0.19,29.8,0.0405,2,2,25,4.69,v2_lr,0
143434,2026-09-11,宮島,6,4134,5.97,43.8,0.2121,0.3333,33,A2,0.16,2,76,12,3.9,0.1,0.16,10,6.71,0.8,0.21,34.09,0.5518,2,2,25,6.34,v2_lr,0
143435,2026-09-11,宮島,1,4241,5.68,38.5,0.2174,0.3043,23,A2,0.17,46,79,64,3.5,0.1,0.175,10,6.74,0.1818,0.06,40.8,0.8357,2,2,26,43.69,v2_lr,1
143435,2026-09-11,宮島,2,4023,3.93,19.5,0,0.1111,9,B1,0.18,5,70,13,4.8,0,0.201,10,6.75,0.0909,0.2,29.91,0.0367,2,2,26,10.45,v2_lr,0
143435,2026-09-11,宮島,3,4406,4.19,24,0.1304,0.2609,23,B1,0.16,7,81,19,3.3,0.2,0.143,10,6.71,0.4545,0.05,32.61,0.2348,2,2,26,16.09,v2_lr,0
143435,2026-09-11,宮島,4,4601,6.64,51.8,0.1905,0.381,21,A1,0.11,8,84,30,2.2,0.3,0.108,10,6.65,1,0.02,37.25,0.5752,2,2,26,26.3,v2_lr,0
143435,2026-09-11,宮島,5,5450,0,0,0,0,3,B2,,1,10,1,5.9,0,0.188,10,6.76,0,0.26,43.04,1,2,2,26,1.48,v2_lr,0
143435,2026-09-11,宮島,6,5236,3.87,19.1,0.0789,0.2632,38,B1,0.17,0,92,2,3.9,0.1,0.183,10,6.7,0.5455,0.18,29.41,0,2,2,26,1.99,v2_lr,0
143436,2026-09-11,宮島,1,4201,3.91,15.1,0.1111,0.2222,18,B1,0.2,16,51,25,3.5,0.1,0.148,10,6.76,0.8182,0.02,39.48,1,1,1,26,39.99,v2_lr,1
143436,2026-09-11,宮島,2,4969,4.65,21.5,0.1429,0.3333,21,B1,0.16,6,65,25,4.2,0,0.198,10,6.79,0.5455,0.22,33.6,0,1,1,26,28.29,v2_lr,0
143436,2026-09-11,宮島,3,3497,5.32,36.5,0.1429,0.2857,14,B1,0.2,12,71,29,5.3,0.1,0.171,10,6.78,0.6364,0.02,33.94,0.0578,1,1,26,18.72,v2_lr,0
143436,2026-09-11,宮島,4,5036,5.14,36.1,0.0526,0.3158,19,B1,0.18,11,74,21,3.2,0.1,0.133,10,6.74,1,0.09,36.51,0.4949,1,1,26,8.16,v2_lr,0
143436,2026-09-11,宮島,5,5452,0,0,0,0,15,B2,,0,12,0,5.7,0,0.196,10,6.79,0.5455,0.07,34.82,0.2075,1,1,26,1.92,v2_lr,0
143436,2026-09-11,宮島,6,3920,5.11,32.3,0.1458,0.4375,48,B1,0.18,3,39,9,4.5,0.1,0.176,10,6.85,0,0.11,38.39,0.8146,1,1,26,2.92,v2_lr,0
143437,2026-09-11,宮島,1,4593,5.89,34.8,0.3235,0.4706,34,A2,0.15,58,86,75,3.6,0,0.133,10,6.71,0.4286,0.05,35.8,0.4632,2,2,27,32.49,v2_lr,1
143437,2026-09-11,宮島,2,4158,5,30.3,0.119,0.2381,42,B1,0.19,4,80,26,3,0.4,0.141,10,6.74,0.2143,0.11,33.19,0.2228,2,2,27,14.74,v2_lr,0
143437,2026-09-11,宮島,3,3333,6.28,45.3,0.25,0.5,4,A1,0.15,15,77,34,3.4,0.2,0.132,10,6.77,0,0.02,30.77,0,2,2,27,27.91,v2_lr,0
143437,2026-09-11,宮島,4,4732,6.22,40,0.3333,0.5333,15,A2,0.11,13,78,30,1.8,0.5,0.105,10,6.75,0.1429,0.08,39,0.7578,2,2,27,18.05,v2_lr,0
143437,2026-09-11,宮島,5,3381,5.22,35.6,0.1333,0.2667,30,B1,0.15,6,68,19,4,0.1,0.151,10,6.63,1,0.16,41.63,1,2,2,27,5.99,v2_lr,0
143437,2026-09-11,宮島,6,4332,4.29,18.8,0,0.16,25,B1,0.18,1,45,4,3.4,0.1,0.188,10,6.74,0.2143,0.17,39.41,0.7956,2,2,27,0.81,v2_lr,0
143438,2026-09-11,宮島,1,3748,4.38,19.2,0,0,3,B1,0.16,9,56,19,4.5,0,0.205,10,6.73,0.5,0.16,47.72,1,2,2,27,18.47,v2_lr,0
143438,2026-09-11,宮島,2,4832,7.05,48.9,0.3571,0.5714,14,A1,0.14,23,69,39,2.7,0.3,0.168,10,6.7,0.6875,-0.08,33.33,0.1188,2,2,27,38.24,v2_lr,1
143438,2026-09-11,宮島,3,5311,5.26,31.6,0.0714,0.2143,14,B1,0.17,8,44,13,3.5,0.2,0.126,10,6.71,0.625,-0.05,35.98,0.2811,2,2,27,14.45,v2_lr,0
143438,2026-09-11,宮島,4,3868,4.66,26.1,0.3333,0.3333,3,B1,0.2,4,72,10,4.4,0.1,0.183,10,6.81,0,0.16,31.39,0,2,2,27,12.98,v2_lr,0
143438,2026-09-11,宮島,5,4574,5.49,34,0.1833,0.4,60,A2,0.18,1,69,8,3.9,0.2,0.183,10,6.77,0.25,0,35.06,0.2247,2,2,27,7.65,v2_lr,0
143438,2026-09-11,宮島,6,3662,5.28,37.7,0.2308,0.6154,13,B1,0.16,1,75,8,3.3,0.1,0.171,10,6.65,1,0.19,36.68,0.3239,2,2,27,8.21,v2_lr,0
143439,2026-09-11,宮島,1,4302,6.88,57.3,0.2783,0.513,115,A1,0.14,69,106,85,2.5,0.2,0.141,10,6.71,0.75,-0.01,31.97,0,1,1,27,36.63,v2_lr,1
143439,2026-09-11,宮島,2,4839,5.53,38,0.0769,0.4615,13,A2,0.13,24,76,43,2.5,0.2,0.105,10,6.75,0.25,0.18,35.27,0.3357,1,1,27,12.66,v2_lr,0
143439,2026-09-11,宮島,3,4514,6.51,50.7,0.2727,0.4091,22,A1,0.2,26,91,52,2.9,0.4,0.182,10,6.77,0,0.14,38.84,0.6989,1,1,27,19.82,v2_lr,0
143439,2026-09-11,宮島,4,4650,6,42.1,0.2308,0.5385,13,A2,0.12,8,55,17,4.8,0.1,0.152,10,6.69,1,0.06,41.8,1,1,1,27,14.72,v2_lr,0
143439,2026-09-11,宮島,5,4637,5.5,38.6,0.3043,0.4348,23,A2,0.2,3,67,11,3.5,0.2,0.174,10,6.77,0,-0.02,32.11,0.0142,1,1,27,9.95,v2_lr,0
143439,2026-09-11,宮島,6,4808,5.55,31,0.2,0.4,10,A2,0.15,3,74,7,3,0.1,0.188,10,6.69,1,-0.09,32.61,0.0651,1,1,27,6.21,v2_lr,0
143440,2026-09-11,宮島,1,4601,6.64,51.8,0.1905,0.381,21,A1,0.11,70,107,93,2.2,0.3,0.108,10,6.7,1,0.15,37.25,0.319,0,1,27,24.1,v2_lr,1
143440,2026-09-11,宮島,2,4428,6.23,44.4,0.4,0.5333,15,A2,0.14,14,81,42,2.4,0.3,0.126,10,6.77,0.3636,0.02,35.68,0.2138,0,1,27,24.91,v2_lr,0
143440,2026-09-11,宮島,3,3265,6.09,44.1,0.3019,0.5283,53,A2,0.14,13,54,24,4,0.1,0.14,10,6.81,0,0.06,32.49,0,0,1,27,15.49,v2_lr,0
143440,2026-09-11,宮島,4,3556,6.68,48.6,0.3571,0.6429,28,A1,0.13,15,74,34,2.5,0.3,0.147,10,6.76,0.4545,0.04,37.85,0.3592,0,1,27,19.88,v2_lr,0
143440,2026-09-11,宮島,5,3684,5.75,43.6,0.2609,0.5217,23,A2,0.16,6,58,17,3.8,0,0.164,10,6.73,0.7273,0.11,47.41,1,0,1,27,12.91,v2_lr,0
143440,2026-09-11,宮島,6,4570,6.37,45.8,0.0625,0.1875,16,A1,0.17,5,77,16,3.5,0.1,0.14,10,6.74,0.6364,-0.1,36.29,0.2547,0,1,27,2.7,v2_lr,0
143441,2026-09-11,若松,1,4034,3.56,15.5,0.05,0.45,20,B1,0.22,21,52,34,4.8,0,0.198,10,6.98,0,-0.01,31.46,0.9064,2,2,25,22.37,v2_lr,0
143441,2026-09-11,若松,2,5316,5.39,33.6,0.3333,0.6667,3,B1,0.16,2,28,8,3.8,0.1,0.151,10,6.86,1,0.02,32.16,1,2,2,25,41.44,v2_lr,0
143441,2026-09-11,若松,3,4076,5.35,34.3,0.0526,0.2632,19,B1,0.17,12,84,34,3.3,0.2,0.191,10,6.88,0.8333,0.01,24.68,0,2,2,25,17.08,v2_lr,0
143441,2026-09-11,若松,4,4873,4.88,28.9,0.1304,0.3478,23,B1,0.17,4,67,13,3.1,0.2,0.194,10,6.92,0.5,-0.01,30.41,0.766,2,2,25,13.95,v2_lr,1
143442,2026-09-11,若松,1,4484,5.08,27.5,0.1538,0.3077,13,B1,0.22,15,51,23,3.8,0.1,0.156,10,6.88,0.7778,0.14,34.48,1,2,2,26,33.94,v2_lr,1
143442,2026-09-11,若松,2,5014,5.11,30.9,0.1,0.25,20,B1,0.13,6,60,21,4.3,0,0.141,10,6.89,0.6667,0.09,30.06,0.6748,2,2,26,20.34,v2_lr,0
143442,2026-09-11,若松,3,3539,3.8,18.1,0.3,0.4,10,B1,0.18,6,75,17,4.5,0,0.176,10,6.9,0.5556,-0.21,24.16,0.2406,2,2,26,22.74,v2_lr,0
143442,2026-09-11,若松,4,4014,5.6,40.2,0.0769,0.3077,26,A2,0.16,5,70,13,3.4,0.2,0.204,10,6.86,1,-0.08,25.99,0.3753,2,2,26,14.52,v2_lr,0
143442,2026-09-11,若松,5,4094,4.17,24.3,0.1944,0.2222,36,B1,0.19,4,72,9,3.4,0.2,0.178,10,6.91,0.4444,-0.05,20.89,0,2,2,26,6.98,v2_lr,0
143442,2026-09-11,若松,6,3880,4.75,24.2,0.0909,0.2727,11,B1,0.23,1,64,5,4.5,0.1,0.185,10,6.95,0,-0.01,26.67,0.4253,2,2,26,1.48,v2_lr,0
143443,2026-09-11,若松,1,4891,4.72,22,0.1429,0.4286,7,B1,0.16,31,65,41,3.5,0.1,0.132,10,6.92,0.6,0.08,30.36,0.2708,2,2,26,33.05,v2_lr,1
143443,2026-09-11,若松,3,4373,6.4,42.5,0.1364,0.4091,22,A1,0.19,9,69,30,3,0.3,0.201,10,6.86,1,0.27,33.15,0.4794,2,2,26,25.24,v2_lr,0
143443,2026-09-11,若松,4,4009,5.54,30.3,0.1944,0.4167,36,A2,0.12,10,63,23,3.3,0.3,0.128,10,6.93,0.5333,-0.01,37.23,0.7846,2,2,26,16.12,v2_lr,0
143443,2026-09-11,若松,5,5382,2.49,4.4,0,0.0417,24,B1,,1,76,2,5.3,0,0.21,10,6.89,0.8,-0.11,40.11,1,2,2,26,3.54,v2_lr,0
143443,2026-09-11,若松,6,3388,7.08,52,0.2083,0.2917,24,A1,0.18,9,59,20,2.4,0.4,0.172,10,7.01,0,0.06,26.74,0,2,2,26,5.51,v2_lr,0
143444,2026-09-11,若松,1,3175,4.77,23,0,0.6667,3,B1,0.17,8,62,23,3.6,0,0.15,10,6.88,0.9091,0.09,20.65,0,3,3,26,21.33,v2_lr,0
143444,2026-09-11,若松,2,4043,5.5,32.6,0.3478,0.4348,23,A2,0.17,6,82,29,4.2,0,0.144,10,6.97,0.0909,0.14,36.31,1,3,3,26,27.64,v2_lr,1
143444,2026-09-11,若松,3,4204,5.16,35.1,0.1515,0.3333,33,B1,0.16,6,59,16,4.4,0,0.16,10,6.89,0.8182,0.13,33.51,0.8212,3,3,26,16.26,v2_lr,0
143444,2026-09-11,若松,4,3737,6.87,46.2,0.2941,0.4118,17,A1,0.16,5,59,16,3,0.4,0.128,10,6.91,0.6364,0.09,29.94,0.5932,3,3,26,19.54,v2_lr,0
143444,2026-09-11,若松,5,4462,5.21,35.2,0.2,0.4,20,B1,0.16,6,58,10,3.9,0.1,0.159,10,6.98,0,0.11,35.39,0.9413,3,3,26,4.93,v2_lr,0
143444,2026-09-11,若松,6,4424,6.1,41.9,0.32,0.4,50,A2,0.17,5,87,13,3.6,0,0.142,10,6.87,1,0.13,33.71,0.834,3,3,26,10.3,v2_lr,0
143445,2026-09-11,若松,1,4600,6.81,52.6,0.3,0.4,10,A1,0.13,64,86,73,3.5,0.2,0.193,10,6.88,0.9091,0.04,38.46,1,2,2,26,35.16,v2_lr,1
143445,2026-09-11,若松,2,3833,6.06,43.7,0.2917,0.3333,24,A2,0.13,21,81,49,3,0.3,0.131,10,6.89,0.8182,0.07,38.14,0.9633,2,2,26,32.62,v2_lr,0
143445,2026-09-11,若松,3,4273,4.96,26.6,0.2083,0.375,24,B1,0.18,9,62,20,3.7,0,0.195,10,6.93,0.4545,0.07,33.86,0.4731,2,2,26,15.54,v2_lr,0
143445,2026-09-11,若松,4,5085,5.58,34.5,0.1818,0.3636,11,A2,0.24,7,67,13,3.5,0.2,0.206,10,6.91,0.6364,-0.08,33.33,0.4124,2,2,26,11.43,v2_lr,0
143445,2026-09-11,若松,5,4873,4.88,28.9,0.1304,0.3478,23,B1,0.17,2,69,11,3.1,0.2,0.194,10,6.98,0,0.01,30.41,0.0779,2,2,26,4.39,v2_lr,0
143445,2026-09-11,若松,6,5429,1.12,0,0,0,3,B2,,0,58,0,5.9,0,0.221,10,6.87,1,0.28,29.73,0,2,2,26,0.86,v2_lr,0
143446,2026-09-11,若松,1,4230,6.94,53.7,0.2,0.4,10,A2,0.17,82,99,91,3.5,0.2,0.154,10,6.86,0.4545,0.17,35.98,1,1,1,26,48.67,v2_lr,1
143446,2026-09-11,若松,2,5033,4.52,25,0,0,3,B1,0.16,3,64,15,3.7,0.1,0.179,10,6.85,0.5455,0.02,31.95,0.5896,1,1,26,16.41,v2_lr,0
143446,2026-09-11,若松,3,5263,4.61,24.5,0,0.0556,18,B1,0.17,3,55,14,3.8,0.1,0.161,10,6.86,0.4545,0.06,31.91,0.5855,1,1,26,9.33,v2_lr,0
143446,2026-09-11,若松,4,4518,6.95,56.5,0.0909,0.2727,11,A1,0.2,12,62,24,2.6,0.2,0.199,10,6.8,1,0.17,29.48,0.3381,1,1,26,16.75,v2_lr,0
143446,2026-09-11,若松,5,4551,6.15,43.5,0.1429,0.381,21,A2,0.15,5,69,12,2.9,0.3,0.195,10,6.91,0,0.02,32.22,0.6171,1,1,26,6.07,v2_lr,0
143446,2026-09-11,若松,6,4085,5.11,28.7,0.0714,0.1429,14,B1,0.23,2,48,7,3.3,0.1,0.194,10,6.85,0.5455,0.02,26.16,0,1,1,26,2.77,v2_lr,0
143447,2026-09-11,若松,1,4529,6.28,45.1,0.2143,0.2857,14,A1,0.12,48,76,60,2.7,0.3,0.128,10,6.83,0.9167,-0.01,30.11,0.2293,3,3,26,28.96,v2_lr,1
143447,2026-09-11,若松,2,5373,2.42,0,0,0,3,B2,,0,4,1,5.1,0,0.258,10,6.82,1,0.03,28.81,0,3,3,26,10.32,v2_lr,0
143447,2026-09-11,若松,3,4816,5.62,38.7,0.25,0.4375,16,A2,0.12,9,68,31,2.7,0.2,0.104,10,6.94,0,0.06,28.81,0,3,3,26,15.44,v2_lr,0
143447,2026-09-11,若松,4,4484,5.08,27.5,0.1538,0.3077,13,B1,0.22,1,62,10,3.8,0.1,0.156,10,6.89,0.4167,0.19,34.48,1,3,3,26,7.33,v2_lr,0
143447,2026-09-11,若松,5,5219,4.73,30.3,0.2857,0.4286,14,B1,0.2,3,43,7,2.9,0.3,0.146,10,6.86,0.6667,0.05,32.2,0.5979,3,3,26,9.18,v2_lr,0
143447,2026-09-11,若松,6,4357,7.02,55.4,0.7273,1,11,A1,0.19,11,72,24,1.9,0.5,0.156,10,6.86,0.6667,0.15,34.41,0.9877,3,3,26,28.76,v2_lr,0
143448,2026-09-11,若松,1,3999,5.92,40.5,0.1,0.5,20,A2,0.17,66,107,85,3.4,0,0.146,10,6.91,0.7778,-0.02,29.84,0.5543,4,4,26,32.69,v2_lr,1
143448,2026-09-11,若松,2,4009,5.54,30.3,0.1944,0.4167,36,A2,0.12,6,60,16,3.3,0.3,0.128,10,6.94,0.4444,0.01,37.23,1,4,4,26,30.64,v2_lr,0
143448,2026-09-11,若松,3,4209,5.61,33.9,0.1111,0.2222,18,A2,0.16,12,71,36,3.3,0.2,0.146,10,6.89,1,0.03,34.04,0.8076,4,4,26,20.83,v2_lr,0
143448,2026-09-11,若松,4,3539,3.8,18.1,0.3,0.4,10,B1,0.18,1,75,8,4.5,0,0.176,10,6.98,0,0.03,24.16,0.2117,4,4,26,10.7,v2_lr,0
143448,2026-09-11,若松,5,3175,4.77,23,0,0.6667,3,B1,0.17,1,60,8,3.6,0,0.15,10,6.94,0.4444,0.07,20.65,0,4,4,26,4.16,v2_lr,0
143448,2026-09-11,若松,6,5468,0,0,0,0,3,B2,,0,30,0,5.9,0,0.212,10,6.92,0.6667,0.25,34.59,0.8408,4,4,26,0.98,v2_lr,0
143449,2026-09-11,若松,1,4296,6.62,48.2,0.2778,0.5833,36,A2,0.14,61,86,77,2.6,0.4,0.151,10,6.94,1,-0.04,35.29,0.9801,5,5,25,48.69,v2_lr,1
143449,2026-09-11,若松,2,5248,4.57,21.5,0.0294,0.2059,34,B1,0.18,5,50,16,3.2,0.2,0.155,10,6.97,0.25,0,31.11,0.1491,5,5,25,17.19,v2_lr,0
143449,2026-09-11,若松,3,4034,3.56,15.5,0.05,0.45,20,B1,0.22,2,75,12,4.8,0,0.198,10,6.98,0,-0.06,31.46,0.2187,5,5,25,8.55,v2_lr,0
143449,2026-09-11,若松,4,4462,5.21,35.2,0.2,0.4,20,B1,0.16,3,57,14,3.9,0.1,0.159,10,6.97,0.25,-0.04,35.39,1,5,5,25,16.12,v2_lr,0
143449,2026-09-11,若松,5,4891,4.72,22,0.1429,0.4286,7,B1,0.16,2,67,6,3.5,0.1,0.132,10,6.94,1,0.09,30.36,0,5,5,25,7.68,v2_lr,0
143449,2026-09-11,若松,6,3362,5.4,40.2,0.0526,0.2632,19,B1,0.21,4,65,20,3.7,0.1,0.171,10,6.97,0.25,0.21,31.61,0.2485,5,5,25,1.77,v2_lr,0
143450,2026-09-11,若松,1,4014,5.6,40.2,0.0769,0.3077,26,A2,0.16,45,80,61,3.4,0.2,0.204,10,6.96,0.375,0.11,25.99,0,4,4,25,27.93,v2_lr,1
143450,2026-09-11,若松,2,4600,6.81,52.6,0.3,0.4,10,A1,0.13,13,68,39,3.5,0.2,0.193,10,6.99,0,-0.01,38.46,1,4,4,25,33.29,v2_lr,0
143450,2026-09-11,若松,3,5033,4.52,25,0,0,3,B1,0.16,6,66,17,3.7,0.1,0.179,10,6.99,0,0.12,31.95,0.4779,4,4,25,5.4,v2_lr,0
143450,2026-09-11,若松,4,4373,6.4,42.5,0.1364,0.4091,22,A1,0.19,8,77,29,3,0.3,0.201,10,6.97,0.25,0.11,33.15,0.5742,4,4,25,12.71,v2_lr,0
143450,2026-09-11,若松,5,5316,5.39,33.6,0.3333,0.6667,3,B1,0.16,3,102,18,3.8,0.1,0.151,10,6.93,0.75,0.09,32.16,0.4948,4,4,25,15.3,v2_lr,0
143450,2026-09-11,若松,6,4204,5.16,35.1,0.1515,0.3333,33,B1,0.16,2,56,3,4.4,0,0.16,10,6.91,1,0.1,33.51,0.603,4,4,25,5.37,v2_lr,0
143451,2026-09-11,若松,1,4518,6.95,56.5,0.0909,0.2727,11,A1,0.2,66,88,78,2.6,0.2,0.199,10,6.87,1,0.08,29.48,0.3566,3,3,25,33.02,v2_lr,1
143451,2026-09-11,若松,2,4076,5.35,34.3,0.0526,0.2632,19,B1,0.17,7,76,22,3.3,0.2,0.191,10,6.92,0.7059,0.13,24.68,0,3,3,25,20.15,v2_lr,0
143451,2026-09-11,若松,3,3388,7.08,52,0.2083,0.2917,24,A1,0.18,10,55,19,2.4,0.4,0.172,10,7.01,0.1765,0.21,26.74,0.153,3,3,25,20.67,v2_lr,0
143451,2026-09-11,若松,4,5014,5.11,30.9,0.1,0.25,20,B1,0.13,8,61,16,4.3,0,0.141,10,6.93,0.6471,0.07,30.06,0.3997,3,3,25,6.98,v2_lr,0
143451,2026-09-11,若松,5,3833,6.06,43.7,0.2917,0.3333,24,A2,0.13,6,63,19,3,0.3,0.131,10,6.99,0.2941,0.08,38.14,1,3,3,25,15.21,v2_lr,0
143451,2026-09-11,若松,6,4816,5.62,38.7,0.25,0.4375,16,A2,0.12,3,69,10,2.7,0.2,0.104,10,7.04,0,0.36,28.81,0.3068,3,3,25,3.96,v2_lr,0
143452,2026-09-11,若松,1,3737,6.87,46.2,0.2941,0.4118,17,A1,0.16,65,99,85,3,0.4,0.128,10,6.89,0.875,0.05,29.94,0,2,2,25,37.96,v2_lr,1
143452,2026-09-11,若松,2,4551,6.15,43.5,0.1429,0.381,21,A2,0.15,11,81,40,2.9,0.3,0.195,10,6.91,0.625,0.19,32.22,0.5561,2,2,25,21.9,v2_lr,0
143452,2026-09-11,若松,3,4529,6.28,45.1,0.2143,0.2857,14,A1,0.12,11,62,31,2.7,0.3,0.128,10,6.88,1,0.07,30.11,0.0415,2,2,25,27.56,v2_lr,0
143452,2026-09-11,若松,5,5085,5.58,34.5,0.1818,0.3636,11,A2,0.24,3,68,17,3.5,0.2,0.206,10,6.96,0,0.22,33.33,0.8268,2,2,25,4.69,v2_lr,0
143452,2026-09-11,若松,6,4209,5.61,33.9,0.1111,0.2222,18,A2,0.16,1,58,6,3.3,0.2,0.146,10,6.93,0.375,0.14,34.04,1,2,2,25,2.71,v2_lr,0
143453,2026-09-11,芦屋,1,4834,5.81,35.8,0.1,0.3,20,A2,0.15,58,85,72,3.1,0,0.172,10,6.7,1,0.1,41.84,0.9737,1,1,26.1,55.81,v2_lr,1
143453,2026-09-11,芦屋,2,4020,4.28,24.5,0,0.0769,13,B1,0.17,2,68,18,4.5,0,0.181,10,6.84,0,0.15,34.02,0.4951,1,1,26.1,14.64,v2_lr,0
143453,2026-09-11,芦屋,3,4853,3.96,18.6,0.0476,0.0476,21,B1,0.21,4,70,18,4,0,0.184,10,6.83,0.0714,0.11,30.93,0.306,1,1,26.1,11.19,v2_lr,0
143453,2026-09-11,芦屋,4,5383,2.06,1.1,0,0,3,B1,,0,55,0,5.5,0,0.136,10,6.74,0.7143,-0.03,42.27,1,1,1,26.1,8.1,v2_lr,0
143453,2026-09-11,芦屋,5,3509,3.84,16,0,0.12,25,B1,0.14,0,40,5,4.6,0,0.119,10,6.78,0.4286,0.05,25.93,0,1,1,26.1,3.05,v2_lr,0
143453,2026-09-11,芦屋,6,4594,5.41,32.9,0.2143,0.3571,14,B1,0.17,4,64,9,3.2,0.1,0.114,10,6.79,0.3571,0.07,40.4,0.8856,1,1,26.1,7.21,v2_lr,0
143454,2026-09-11,芦屋,1,4850,6.22,41.6,0.25,0.5,4,A2,0.11,61,87,77,3.2,0.2,0.08,10,6.73,0.6,0.03,28.57,0.0265,0,1,22.6,31.49,v2_lr,1
143454,2026-09-11,芦屋,2,4443,5.4,33.3,0.2273,0.4091,22,B1,0.16,9,72,31,3,0.3,0.196,10,6.74,0.5,0.06,40.59,0.804,0,1,22.6,23.35,v2_lr,0
143454,2026-09-11,芦屋,3,3998,4.4,25.2,0.0833,0.1667,24,B1,0.18,4,78,19,4.3,0.1,0.165,10,6.79,0,0.06,30.39,0.1442,0,1,22.6,7.85,v2_lr,0
143454,2026-09-11,芦屋,4,4812,6.95,51.2,0.5217,0.7826,23,A1,0.14,15,54,27,1.9,0.6,0.1,10,6.73,0.6,0.09,32.95,0.3098,0,1,22.6,29.78,v2_lr,0
143454,2026-09-11,芦屋,5,4408,3.29,16.1,0,0.3333,3,B1,0.15,0,42,5,4.8,0,0.168,10,6.69,1,0.14,43.62,1,0,1,22.6,4.58,v2_lr,0
143454,2026-09-11,芦屋,6,3843,4.81,28.3,0.1429,0.1429,14,B1,0.17,1,61,3,4,0.1,0.178,10,6.72,0.7,0.03,28.16,0,0,1,22.6,2.95,v2_lr,0
143455,2026-09-11,芦屋,1,3541,5.56,31.8,0.3846,0.6923,13,A2,0.17,64,105,85,3,0.2,0.196,10,6.76,1,-0.02,25,0.3462,0,1,23.1,45.88,v2_lr,1
143455,2026-09-11,芦屋,2,5082,5.19,30.1,0,0.1765,17,B1,0.19,8,77,28,3.4,0.1,0.206,10,6.83,0,-0.01,38.54,0.7311,0,1,23.1,12.35,v2_lr,0
143455,2026-09-11,芦屋,3,4991,6.41,45.5,0.125,0.2,40,A1,0.18,18,77,36,3.4,0.2,0.133,10,6.8,0.4286,-0.04,48,1,0,1,23.1,21.22,v2_lr,0
143455,2026-09-11,芦屋,4,5208,4.38,24.4,0,0.2273,22,B1,0.14,4,61,13,4.9,0,0.195,10,6.78,0.7143,0.09,40.2,0.7783,0,1,23.1,5.31,v2_lr,0
143455,2026-09-11,芦屋,5,4384,6.42,44.6,0.2381,0.5238,21,A1,0.16,8,72,17,4.4,0.1,0.153,10,6.81,0.2857,0.06,12.82,0,0,1,23.1,11.25,v2_lr,0
143455,2026-09-11,芦屋,6,4092,5.04,28.7,0.1429,0.2857,21,B1,0.17,0,55,6,3.6,0.2,0.148,10,6.81,0.2857,-0.01,41,0.801,0,1,23.1,4,v2_lr,0
143456,2026-09-11,芦屋,1,4771,7.11,60.9,0.3333,0.5714,21,A1,0.15,88,113,100,2.6,0.4,0.115,10,6.71,0.9231,0,38.14,0.9499,0,1,23.4,43.34,v2_lr,1
143456,2026-09-11,芦屋,2,3873,4.04,21.1,0.1935,0.4194,31,B1,0.15,8,60,20,2.5,0.1,0.151,10,6.83,0,0.27,36.84,0.8696,0,1,23.4,22.74,v2_lr,0
143456,2026-09-11,芦屋,3,4861,5.59,37.8,0.1628,0.3721,43,A2,0.16,6,69,24,3.5,0.2,0.12,10,6.76,0.5385,0.07,30.43,0.4734,0,1,23.4,19.37,v2_lr,0
143456,2026-09-11,芦屋,4,3357,4.01,20.3,0,0.2,30,B1,0.19,0,55,4,4.2,0,0.19,10,6.76,0.5385,0.18,26.09,0.2052,0,1,23.4,3.75,v2_lr,0
143456,2026-09-11,芦屋,5,4840,4.74,32.3,0.0476,0.1429,21,B1,0.12,3,73,10,3.9,0,0.205,10,6.7,1,0.03,38.95,1,0,1,23.4,5.83,v2_lr,0
143456,2026-09-11,芦屋,6,4793,6.2,46.2,0.2609,0.3913,23,A2,0.16,1,78,11,3.2,0.2,0.1,10,6.83,0,0.12,22.77,0,0,1,23.4,4.98,v2_lr,0
143457,2026-09-11,芦屋,1,4389,5.63,33,0.1,0.2333,30,A2,0.19,23,67,43,3.7,0.1,0.17,10,6.75,1,-0.03,37.62,1,0,1,23.8,40.15,v2_lr,0
143457,2026-09-11,芦屋,2,5317,4.82,22.6,0,0.05,20,B1,0.16,2,49,14,3.1,0.2,0.12,10,6.75,1,0.25,26.6,0.162,0,1,23.8,16.26,v2_lr,0
143457,2026-09-11,芦屋,3,4020,4.28,24.5,0,0.0769,13,B1,0.17,4,62,11,4.5,0,0.181,10,6.83,0.1111,0.1,34.02,0.7262,0,1,23.8,7.44,v2_lr,0
143457,2026-09-11,芦屋,4,5457,0,0,0,0,3,B2,,0,1,0,5.9,0,0.173,10,6.84,0,0.08,27.37,0.2205,0,1,23.8,2.7,v2_lr,0
143457,2026-09-11,芦屋,5,4675,5.72,37,0.3333,0.3333,3,A2,0.15,5,62,13,2.9,0.3,0.097,10,6.8,0.4444,0.08,33.33,0.6738,0,1,23.8,15.35,v2_lr,0
143457,2026-09-11,芦屋,6,4848,7.03,46.7,0.3158,0.5789,38,A1,0.14,7,69,15,3.4,0.1,0.131,10,6.76,0.8889,0.05,24.47,0,0,1,23.8,18.11,v2_lr,1
143458,2026-09-11,芦屋,1,3509,3.84,16,0,0.12,25,B1,0.14,9,38,21,4.6,0,0.119,10,6.75,0.4667,0.04,25.93,0.4387,0,1,24.8,22.9,v2_lr,0
143458,2026-09-11,芦屋,2,5160,5.61,37.8,0.1765,0.2941,34,A2,0.15,10,83,29,3.3,0.4,0.154,10,6.77,0.3333,0.24,25.51,0.4188,0,1,24.8,29.11,v2_lr,0
143458,2026-09-11,芦屋,3,4638,4.94,28.9,0.129,0.3226,31,B1,0.17,5,73,19,3.7,0.1,0.151,10,6.72,0.6667,0.19,37.78,1,0,1,24.8,18.44,v2_lr,0
143458,2026-09-11,芦屋,4,5447,0,0,0,0,3,B2,,0,2,0,5.9,0,0.191,10,6.67,1,0.09,16.67,0,0,1,24.8,4.46,v2_lr,0
143458,2026-09-11,芦屋,5,4521,4.64,25.4,0.0714,0.2857,28,B1,0.18,3,64,15,3.7,0.1,0.227,10,6.82,0,0.16,32.97,0.7721,0,1,24.8,3.8,v2_lr,1
143458,2026-09-11,芦屋,6,4137,6.64,51.9,0.4194,0.6129,31,A1,0.14,6,75,21,2.6,0.2,0.127,10,6.75,0.4667,0.14,28.85,0.577,0,1,24.8,21.28,v2_lr,0
143459,2026-09-11,芦屋,1,4744,4.34,16.2,0,0,3,B1,0.2,12,38,20,4.4,0.1,0.207,10,6.72,0.7143,0.05,34.65,0.5992,1,1,25.6,28.93,v2_lr,0
143459,2026-09-11,芦屋,2,4966,5.24,37.4,0.1818,0.3182,22,B1,0.14,10,73,34,3.6,0.1,0.157,10,6.7,1,0.08,23.26,0,1,1,25.6,42.08,v2_lr,1
143459,2026-09-11,芦屋,3,5383,2.06,1.1,0,0,3,B1,,0,0,0,5.5,0,0.136,10,6.77,0,0.09,42.27,1,1,1,25.6,7.8,v2_lr,0
143459,2026-09-11,芦屋,4,5261,4.34,24.4,0.0833,0.1667,12,B1,0.17,3,60,8,3.1,0.2,0.137,10,6.77,0,0.17,41.11,0.939,1,1,25.6,9.39,v2_lr,0
143459,2026-09-11,芦屋,5,5208,4.38,24.4,0,0.2273,22,B1,0.14,0,62,3,4.9,0,0.195,10,6.75,0.2857,0.22,40.2,0.8911,1,1,25.6,2.53,v2_lr,0
143459,2026-09-11,芦屋,6,4443,5.4,33.3,0.2273,0.4091,22,B1,0.16,3,58,6,3,0.3,0.196,10,6.7,1,0.25,40.59,0.9116,1,1,25.6,9.28,v2_lr,0
143460,2026-09-11,芦屋,1,3357,4.01,20.3,0,0.2,30,B1,0.19,15,53,28,4.2,0,0.19,10,6.7,1,0.13,26.09,0.1781,2,2,25.5,23.22,v2_lr,0
143460,2026-09-11,芦屋,2,4437,5.89,45.9,0.3846,0.6923,13,A2,0.17,12,79,42,3.2,0.2,0.176,10,6.78,0.3333,0.1,22.94,0,2,2,25.5,37.07,v2_lr,0
143460,2026-09-11,芦屋,3,3843,4.81,28.3,0.1429,0.1429,14,B1,0.17,8,74,23,4,0.1,0.178,10,6.82,0,0.2,28.16,0.2951,2,2,25.5,14.84,v2_lr,0
143460,2026-09-11,芦屋,4,4652,4.67,30.4,0.28,0.44,25,B1,0.13,9,71,23,4.7,0,0.211,10,6.8,0.1667,0.18,29.36,0.3629,2,2,25.5,17.86,v2_lr,0
143460,2026-09-11,芦屋,5,5469,0,0,0,0,3,B2,,0,13,0,5.2,0,0.168,10,6.73,0.75,0.4,39.8,0.9531,2,2,25.5,1.85,v2_lr,0
143460,2026-09-11,芦屋,6,3473,6.29,48.8,0.1739,0.4348,23,A1,0.15,17,84,39,2.6,0.3,0.128,10,6.81,0.0833,0.15,40.63,1,2,2,25.5,5.17,v2_lr,1
143461,2026-09-11,芦屋,1,4330,5.97,40.6,0.2885,0.5,52,A2,0.12,55,74,62,2.4,0.4,0.137,10,6.73,0.7143,-0.01,28.87,0.5531,2,2,25.6,42.01,v2_lr,1
143461,2026-09-11,芦屋,2,4840,4.74,32.3,0.0476,0.1429,21,B1,0.12,9,72,31,3.9,0,0.205,10,6.7,0.9286,0.06,38.95,0.9004,2,2,25.6,22.49,v2_lr,0
143461,2026-09-11,芦屋,3,4834,5.81,35.8,0.1,0.3,20,A2,0.15,7,87,25,3.1,0,0.172,10,6.78,0.3571,0.09,41.84,1,2,2,25.6,18.94,v2_lr,0
143461,2026-09-11,芦屋,4,5143,4.33,24.7,0.0541,0.1622,37,B1,0.18,2,65,6,4,0.1,0.144,10,6.69,1,-0.01,23.91,0.3822,2,2,25.6,9.08,v2_lr,0
143461,2026-09-11,芦屋,5,5457,0,0,0,0,3,B2,,0,16,0,5.9,0,0.173,10,6.83,0,0.26,27.37,0.5014,2,2,25.6,1.12,v2_lr,0
143461,2026-09-11,芦屋,6,4384,6.42,44.6,0.2381,0.5238,21,A1,0.16,1,74,8,4.4,0.1,0.153,10,6.8,0.2143,-0.05,12.82,0,2,2,25.6,6.36,v2_lr,0
143462,2026-09-11,芦屋,1,4261,6.07,40,0.25,0.5,4,A2,0.16,71,99,85,3.2,0.2,0.158,10,6.72,1,0.17,45.45,1,2,2,25.5,38.15,v2_lr,1
143462,2026-09-11,芦屋,2,4389,5.63,33,0.1,0.2333,30,A2,0.19,6,73,24,3.7,0.1,0.17,10,6.77,0.5,-0.01,37.62,0.6073,2,2,25.5,20.12,v2_lr,0
143462,2026-09-11,芦屋,3,4594,5.41,32.9,0.2143,0.3571,14,B1,0.17,4,73,29,3.2,0.1,0.114,10,6.82,0,0.1,40.4,0.7467,2,2,25.5,15.4,v2_lr,0
143462,2026-09-11,芦屋,4,5082,5.19,30.1,0,0.1765,17,B1,0.19,7,71,20,3.4,0.1,0.206,10,6.78,0.4,0.11,38.54,0.6535,2,2,25.5,3.57,v2_lr,0
143462,2026-09-11,芦屋,5,4771,7.11,60.9,0.3333,0.5714,21,A1,0.15,4,70,18,2.6,0.4,0.115,10,6.72,1,-0.03,38.14,0.6334,2,2,25.5,20.03,v2_lr,0
143462,2026-09-11,芦屋,6,5160,5.61,37.8,0.1765,0.2941,34,A2,0.15,2,68,5,3.3,0.4,0.154,10,6.82,0,0.02,25.51,0,2,2,25.5,2.73,v2_lr,0
143463,2026-09-11,芦屋,1,3837,6.16,41.5,0.4167,0.4167,12,A2,0.17,58,80,66,2.7,0.4,0.144,10,6.82,0,0.13,40,0.9333,2,2,25.9,32.29,v2_lr,1
143463,2026-09-11,芦屋,2,4848,7.03,46.7,0.3158,0.5789,38,A1,0.14,18,80,44,3.4,0.1,0.131,10,6.79,0.6,0.09,24.47,0,2,2,25.9,29.96,v2_lr,0
143463,2026-09-11,芦屋,3,5261,4.34,24.4,0.0833,0.1667,12,B1,0.17,7,61,12,3.1,0.2,0.137,10,6.81,0.2,0.09,41.11,1,2,2,25.9,10.71,v2_lr,0
143463,2026-09-11,芦屋,4,4521,4.64,25.4,0.0714,0.2857,28,B1,0.18,4,56,12,3.7,0.1,0.227,10,6.81,0.2,0.24,32.97,0.5108,2,2,25.9,4.42,v2_lr,0
143463,2026-09-11,芦屋,5,4850,6.22,41.6,0.25,0.5,4,A2,0.11,7,69,16,3.2,0.2,0.08,10,6.77,1,0.1,28.57,0.2464,2,2,25.9,19.32,v2_lr,0
143463,2026-09-11,芦屋,6,4861,5.59,37.8,0.1628,0.3721,43,A2,0.16,2,60,8,3.5,0.2,0.12,10,6.78,0.8,0.14,30.43,0.3582,2,2,25.9,3.29,v2_lr,0
143464,2026-09-11,芦屋,1,4812,6.95,51.2,0.5217,0.7826,23,A1,0.14,63,79,70,1.9,0.6,0.1,10,6.81,1,-0.05,32.95,0.964,2,2,26,30.24,v2_lr,1
143464,2026-09-11,芦屋,2,4793,6.2,46.2,0.2609,0.3913,23,A2,0.16,19,81,43,3.2,0.2,0.1,10,6.87,0,0.13,22.77,0,2,2,26,19.1,v2_lr,0
143464,2026-09-11,芦屋,3,3541,5.56,31.8,0.3846,0.6923,13,A2,0.17,15,84,31,3,0.2,0.196,10,6.82,0.8333,0.12,25,0.2112,2,2,26,23.22,v2_lr,0
143464,2026-09-11,芦屋,4,4675,5.72,37,0.3333,0.3333,3,A2,0.15,9,54,15,2.9,0.3,0.097,10,6.81,1,0.08,33.33,1,2,2,26,16.43,v2_lr,0
143464,2026-09-11,芦屋,5,4966,5.24,37.4,0.1818,0.3182,22,B1,0.14,6,64,17,3.6,0.1,0.157,10,6.86,0.1667,-0.03,23.26,0.0464,2,2,26,5.38,v2_lr,0
143464,2026-09-11,芦屋,6,4437,5.89,45.9,0.3846,0.6923,13,A2,0.17,1,74,6,3.2,0.2,0.176,10,6.85,0.3333,-0.04,22.94,0.0161,2,2,26,5.63,v2_lr,0
143465,2026-09-11,大村,1,4483,6.86,50.9,0.1667,0.5,6,A1,0.16,69,93,81,3,0.3,0.143,10,6.85,1,0.13,41.94,0.7804,1,1,27,21.7,v2_lr,0
143465,2026-09-11,大村,2,5051,6.45,43.2,0.1538,0.3846,13,A1,0.15,14,81,43,3.5,0.2,0.116,10,6.89,0.6667,0.08,37.14,0.4157,1,1,27,19.82,v2_lr,1
143465,2026-09-11,大村,3,5058,7.26,54.7,0.3333,0.4444,18,A1,0.18,19,74,41,2.7,0.3,0.145,10,6.86,0.9167,0.05,31.67,0,1,1,27,21.75,v2_lr,0
143465,2026-09-11,大村,4,5191,6.49,45.5,0.3953,0.5349,43,A1,0.14,16,84,31,3.1,0.2,0.121,10,6.87,0.8333,0.05,44.83,1,1,1,27,22.46,v2_lr,0
143465,2026-09-11,大村,5,4482,6.52,45.6,0.3333,0.4,30,A1,0.18,11,69,19,3.1,0.2,0.13,10,6.9,0.5833,0.11,32.79,0.0851,1,1,27,11.21,v2_lr,0
143465,2026-09-11,大村,6,5224,7.08,48.9,0.2333,0.5333,30,A1,0.13,3,76,12,3.6,0.1,0.129,10,6.97,0,0.1,33.33,0.1261,1,1,27,3.06,v2_lr,0
143466,2026-09-11,大村,1,5016,6.48,42.2,0.3226,0.5161,31,A1,0.15,74,93,82,2.7,0.3,0.113,10,6.85,1,0.08,28.57,0,1,1,28,29.69,v2_lr,1
143466,2026-09-11,大村,2,4908,6.72,45,0.6,0.6,5,A1,0.12,19,68,34,3.1,0.4,0.127,10,6.95,0,-0.03,32.2,0.6346,1,1,28,28.16,v2_lr,0
143466,2026-09-11,大村,3,3983,6.39,42.8,0.32,0.48,25,A1,0.15,18,87,36,3.2,0.3,0.123,10,6.92,0.3,0.06,29.51,0.1643,1,1,28,20.23,v2_lr,0
143466,2026-09-11,大村,4,4398,6.66,49.2,0.1667,0.3333,6,A1,0.14,12,81,31,4.1,0.1,0.138,10,6.94,0.1,0.13,31.67,0.542,1,1,28,5.18,v2_lr,0
143466,2026-09-11,大村,5,3952,6.69,45.6,0.2308,0.3462,26,A1,0.14,14,82,23,3.1,0.3,0.114,10,6.92,0.3,-0.06,34.29,1,1,1,28,7.97,v2_lr,0
143466,2026-09-11,大村,6,3779,6.44,36.2,0.3429,0.5143,70,A1,0.12,12,74,21,4,0.1,0.106,10,6.91,0.4,0.07,28.79,0.0385,1,1,28,8.77,v2_lr,0
143467,2026-09-11,大村,1,4075,6.46,43.1,0.2157,0.3725,51,A1,0.12,67,105,93,3,0.3,0.114,10,6.92,0.1429,-0.07,36.51,0.2484,1,1,28,28.74,v2_lr,0
143467,2026-09-11,大村,2,5026,6.27,48.2,0.2857,0.4898,49,A1,0.17,16,81,36,4,0.2,0.168,10,6.94,0,-0.04,31.08,0,1,1,28,26.23,v2_lr,0
143467,2026-09-11,大村,3,3415,6.87,35.9,0.1667,0.3333,6,A1,0.15,3,72,17,3.5,0.2,0.144,10,6.9,0.2857,0.12,38.46,0.3376,1,1,28,11.07,v2_lr,0
143467,2026-09-11,大村,4,4910,6.55,51.5,0.1429,0.2143,14,A1,0.15,12,73,29,3.7,0.2,0.118,10,6.87,0.5,0.02,37.5,0.2937,1,1,28,11.06,v2_lr,1
143467,2026-09-11,大村,5,4571,6.55,46.2,0.3103,0.4828,29,A1,0.13,11,60,24,4.4,0,0.149,10,6.8,1,0.09,52.94,1,1,1,28,20.08,v2_lr,0
143467,2026-09-11,大村,6,3719,6.93,45.9,0.15,0.35,20,A1,0.13,5,79,18,3,0.3,0.138,10,6.9,0.2857,0.09,49.23,0.8303,1,1,28,2.83,v2_lr,0
143468,2026-09-11,大村,1,4715,6.35,41.9,0.2353,0.4353,85,A1,0.13,50,80,59,3.2,0.2,0.116,10,6.88,0.5833,0.29,43.55,0.6726,1,1,28,32.28,v2_lr,0
143468,2026-09-11,大村,2,4524,6.85,40,0.1667,0.3333,6,A1,0.14,14,72,35,3.1,0.2,0.171,10,6.95,0,-0.03,40,0.4924,1,1,28,17.83,v2_lr,0
143468,2026-09-11,大村,3,4543,6.77,48.7,0.129,0.2903,31,A1,0.15,15,80,36,2.8,0.3,0.15,10,6.9,0.4167,0.02,30.3,0,1,1,28,12.14,v2_lr,0
143468,2026-09-11,大村,4,4961,6.29,42,0.1724,0.3793,29,A1,0.14,11,67,28,3.6,0.2,0.151,10,6.83,1,0.1,41.27,0.5569,1,1,28,19.07,v2_lr,1
143468,2026-09-11,大村,5,3783,6.57,36.4,0.1667,0.3333,30,A1,0.14,7,74,21,3.7,0.2,0.111,10,6.9,0.4167,0.18,35.59,0.2685,1,1,28,6.4,v2_lr,0
143468,2026-09-11,大村,6,4497,6.64,45.9,0.3708,0.5955,89,A1,0.14,4,66,12,3.8,0,0.121,10,6.92,0.25,0.14,50,1,1,1,28,12.28,v2_lr,0
143469,2026-09-11,大村,1,4352,6.29,44.4,0.4141,0.6263,99,A1,0.14,60,88,76,3.1,0,0.141,10,6.92,0.6364,0.08,31.75,0.1956,1,1,28,28.93,v2_lr,1
143469,2026-09-11,大村,2,5191,6.49,45.5,0.3953,0.5349,43,A1,0.14,19,96,44,3.1,0.2,0.121,10,6.88,1,0.01,44.83,1,1,1,28,27.95,v2_lr,0
143469,2026-09-11,大村,3,4908,6.72,45,0.6,0.6,5,A1,0.12,19,77,38,3.1,0.4,0.127,10,6.97,0.1818,-0.06,32.2,0.2232,1,1,28,23.86,v2_lr,0
143469,2026-09-11,大村,4,5051,6.45,43.2,0.1538,0.3846,13,A1,0.15,13,67,28,3.5,0.2,0.116,10,6.91,0.7273,0.23,37.14,0.5271,1,1,28,9.34,v2_lr,0
143469,2026-09-11,大村,5,4704,6.53,47.9,0.1724,0.2759,29,A1,0.14,7,75,20,3.2,0.2,0.119,10,6.99,0,0.27,44.44,0.976,1,1,28,3.57,v2_lr,0
143469,2026-09-11,大村,6,5016,6.48,42.2,0.3226,0.5161,31,A1,0.15,4,70,10,2.7,0.3,0.113,10,6.92,0.6364,0.36,28.57,0,1,1,28,6.36,v2_lr,0
143470,2026-09-11,大村,2,4571,6.55,46.2,0.3103,0.4828,29,A1,0.13,23,72,33,4.4,0,0.149,10,6.85,1,0.1,52.94,1,1,1,28,32.16,v2_lr,1
143470,2026-09-11,大村,3,5026,6.27,48.2,0.2857,0.4898,49,A1,0.17,20,68,36,4,0.2,0.168,10,6.9,0.375,-0.03,31.08,0,1,1,28,22.49,v2_lr,0
143470,2026-09-11,大村,4,3952,6.69,45.6,0.2308,0.3462,26,A1,0.14,19,71,27,3.1,0.3,0.114,10,6.91,0.25,0.12,34.29,0.1468,1,1,28,11.8,v2_lr,0
143470,2026-09-11,大村,5,4398,6.66,49.2,0.1667,0.3333,6,A1,0.14,12,83,27,4.1,0.1,0.138,10,6.93,0,0.03,31.67,0.027,1,1,28,3.42,v2_lr,0
143470,2026-09-11,大村,6,4483,6.86,50.9,0.1667,0.5,6,A1,0.16,9,73,18,3,0.3,0.143,10,6.9,0.375,-0.07,41.94,0.4968,1,1,28,2.41,v2_lr,0
143471,2026-09-11,大村,1,5088,6.85,53.5,0.1667,0.2222,18,A1,0.16,84,126,102,4.1,0,0.121,10,6.83,1,0.21,34.29,0.4065,2,1,28,25.9,v2_lr,0
143471,2026-09-11,大村,2,4961,6.29,42,0.1724,0.3793,29,A1,0.14,18,76,38,3.6,0.2,0.151,10,6.83,1,0.05,41.27,1,2,1,28,28.49,v2_lr,1
143471,2026-09-11,大村,3,4482,6.52,45.6,0.3333,0.4,30,A1,0.18,16,76,33,3.1,0.2,0.13,10,6.89,0.4545,0.21,32.79,0.2789,2,1,28,22.98,v2_lr,0
143471,2026-09-11,大村,4,4688,6.49,45.7,0.1667,0.3333,24,A1,0.16,6,75,27,2.8,0.3,0.137,10,6.89,0.4545,0.04,41.27,1,2,1,28,9.47,v2_lr,0
143471,2026-09-11,大村,5,3983,6.39,42.8,0.32,0.48,25,A1,0.15,11,69,22,3.2,0.3,0.123,10,6.94,0,0.2,29.51,0,2,1,28,8.36,v2_lr,0
143471,2026-09-11,大村,6,4075,6.46,43.1,0.2157,0.3725,51,A1,0.12,4,82,12,3,0.3,0.114,10,6.86,0.7273,0.1,36.51,0.5952,2,1,28,4.81,v2_lr,0
143472,2026-09-11,大村,1,3779,6.44,36.2,0.3429,0.5143,70,A1,0.12,76,97,85,4,0.1,0.106,10,6.94,0.2,0.1,28.79,0,2,1,28,34.08,v2_lr,1
143472,2026-09-11,大村,2,5058,7.26,54.7,0.3333,0.4444,18,A1,0.18,20,85,46,2.7,0.3,0.145,10,6.86,1,0.21,31.67,0.1951,2,1,28,30.87,v2_lr,0
143472,2026-09-11,大村,3,4910,6.55,51.5,0.1429,0.2143,14,A1,0.15,14,74,38,3.7,0.2,0.118,10,6.94,0.2,0.02,37.5,0.5901,2,1,28,15.87,v2_lr,0
143472,2026-09-11,大村,4,3415,6.87,35.9,0.1667,0.3333,6,A1,0.15,7,82,21,3.5,0.2,0.144,10,6.96,0,0.04,38.46,0.6551,2,1,28,6.5,v2_lr,0
143472,2026-09-11,大村,5,4543,6.77,48.7,0.129,0.2903,31,A1,0.15,6,66,20,2.8,0.3,0.15,10,6.89,0.7,0.03,30.3,0.1023,2,1,28,4.75,v2_lr,0
143472,2026-09-11,大村,6,4715,6.35,41.9,0.2353,0.4353,85,A1,0.13,3,63,9,3.2,0.2,0.116,10,6.88,0.8,0.09,43.55,1,2,1,28,7.92,v2_lr,0
143473,2026-09-11,大村,1,4371,7.18,45.1,0.2,0.4,15,A1,0.13,63,86,76,3,0.1,0.141,10,6.89,0.5,0.21,40,0.4352,2,1,27,22.32,v2_lr,1
143473,2026-09-11,大村,2,4544,7.66,63.2,0.3043,0.5652,23,A1,0.16,28,80,55,2.4,0.3,0.177,10,6.82,1,-0.04,34.33,0.2151,2,1,27,22.53,v2_lr,0
143473,2026-09-11,大村,3,4084,6.79,48.9,0.2069,0.4828,29,A1,0.17,12,83,41,2.6,0.3,0.13,10,6.85,0.7857,0.12,54.55,1,2,1,27,14.81,v2_lr,0
143473,2026-09-11,大村,4,4503,7.33,53.9,0.381,0.7143,21,A1,0.11,14,92,39,2.8,0.2,0.118,10,6.96,0,-0.11,47.06,0.7092,2,1,27,17.73,v2_lr,0
143473,2026-09-11,大村,5,4096,6.32,48.5,0.3654,0.5577,104,A1,0.18,5,57,17,3.5,0.1,0.151,10,6.85,0.7857,-0.13,34.72,0.2302,2,1,27,14.9,v2_lr,0
143473,2026-09-11,大村,6,5028,6.52,46.9,0.3714,0.6,35,A1,0.16,4,77,14,3.2,0.3,0.139,10,6.9,0.4286,-0.08,28.79,0,2,1,27,7.72,v2_lr,0
143474,2026-09-11,大村,1,4188,7.96,64.1,0.2667,0.4667,15,A1,0.13,82,102,94,2.7,0.3,0.103,10,6.82,1,-0.02,38.03,0.503,1,1,27,31.22,v2_lr,0
143474,2026-09-11,大村,2,4238,8.24,63.7,0.1667,0.5,6,A1,0.19,13,59,29,2.3,0.2,0.105,10,6.88,0.4,0.07,35.38,0.3432,1,1,27,25.09,v2_lr,1
143474,2026-09-11,大村,3,4500,7.15,45.1,0.5,0.7857,14,A1,0.12,28,82,47,2.5,0.4,0.131,10,6.88,0.4,0.07,38.57,0.5356,1,1,27,29.77,v2_lr,0
143474,2026-09-11,大村,4,3716,6.45,37.9,0.1667,0.5417,24,A1,0.13,9,79,26,3.1,0.2,0.123,10,6.92,0,0.19,46.27,1,1,1,27,9.14,v2_lr,0
143474,2026-09-11,大村,5,4907,6.75,50,0.0909,0.4545,11,A1,0.14,8,65,20,2.6,0.3,0.137,10,6.88,0.4,0.06,34.92,0.3154,1,1,27,2.7,v2_lr,0
143474,2026-09-11,大村,6,4494,6.98,48.4,0.1667,0.5,6,A1,0.16,5,75,17,3.5,0.2,0.128,10,6.86,0.6,0.09,29.69,0,1,1,27,2.08,v2_lr,0
143475,2026-09-11,大村,1,4262,7.19,45.8,0.3077,0.6923,13,A1,0.15,87,113,96,1.8,0.4,0.12,10,6.81,1,0.01,41.27,1,1,1,27,28.15,v2_lr,1
143475,2026-09-11,大村,2,4174,6.35,41.8,0.265,0.4359,117,A1,0.15,12,72,30,3,0.2,0.171,10,6.84,0.75,0.06,39.34,0.8263,1,1,27,23.56,v2_lr,0
143475,2026-09-11,大村,3,4960,7.63,68.3,0.35,0.7,20,A1,0.17,23,89,44,2.9,0.3,0.107,10,6.84,0.75,0.07,31.25,0.0981,1,1,27,20.9,v2_lr,0
143475,2026-09-11,大村,4,4686,6.76,42,0.2143,0.3571,14,A1,0.16,12,74,31,2.9,0.2,0.118,10,6.93,0,0.17,35.71,0.4995,1,1,27,9.72,v2_lr,0
143475,2026-09-11,大村,5,4719,7.28,45.6,0.3571,0.5,14,A1,0.14,12,71,24,3.2,0.2,0.128,10,6.9,0.25,-0.03,30.16,0,1,1,27,13.14,v2_lr,0
143475,2026-09-11,大村,6,4335,7.24,53.9,0.3077,0.4615,13,A1,0.12,3,71,14,3.7,0.1,0.113,10,6.91,0.1667,0.08,38.98,0.7939,1,1,27,4.53,v2_lr,0
143476,2026-09-11,大村,1,3783,6.57,36.4,0.1667,0.3333,30,A1,0.14,60,103,82,3.7,0.2,0.111,10,6.88,0.8,0.01,35.59,0.3026,0,1,27,30.04,v2_lr,1
143476,2026-09-11,大村,2,4688,6.49,45.7,0.1667,0.3333,24,A1,0.16,19,80,44,2.8,0.3,0.137,10,6.9,0.4,0.06,41.27,0.7502,0,1,27,21,v2_lr,0
143476,2026-09-11,大村,3,4352,6.29,44.4,0.4141,0.6263,99,A1,0.14,10,65,32,3.1,0,0.141,10,6.92,0,0.22,31.75,0,0,1,27,28.05,v2_lr,0
143476,2026-09-11,大村,4,4704,6.53,47.9,0.1724,0.2759,29,A1,0.14,15,87,40,3.2,0.2,0.119,10,6.89,0.6,0.02,44.44,1,0,1,27,11.89,v2_lr,0
143476,2026-09-11,大村,5,4524,6.85,40,0.1667,0.3333,6,A1,0.14,4,73,16,3.1,0.2,0.171,10,6.89,0.6,0.08,40,0.6501,0,1,27,5.2,v2_lr,0
143476,2026-09-11,大村,6,5088,6.85,53.5,0.1667,0.2222,18,A1,0.16,9,80,22,4.1,0,0.121,10,6.87,1,0.05,34.29,0.2002,0,1,27,3.81,v2_lr,0
