race_id,date,venue,lane,player_id,global_win_rate,global_2rate,local_win_rate,local_2rate,local_race_cnt,grade_period,avg_st,course_rank1,course_count,course_rank2,recent10_avg_rank,recent10_win_rate,recent10_st_mean,recent10_count,exhibit_time_raw,exhibit_time_rel,start_timing,motor_2rate,motor_2rate_rel,wind_speed,wave_height,temperature,score_total_current,model_version,is_winner
154123,2026-10-01,江戸川,1,4540,5.73,34.9,0.1667,0.2222,18,A2,0.13,42,73,52,4,0.1,0.167,10,6.61,0.4444,0.06,39.47,0.7817,4,5,25,37.23,v2_lr,1
154123,2026-10-01,江戸川,2,3508,5.59,34.4,0.1667,0.375,24,A2,0.19,5,66,22,3.2,0.2,0.176,10,6.6,0.5,0.04,33.8,0.566,4,5,25,30.27,v2_lr,0
154123,2026-10-01,江戸川,3,4615,4.24,20.9,0.1333,0.1556,45,B1,0.15,2,65,11,4,0.1,0.18,10,6.69,0,0.16,22.39,0.132,4,5,25,13.54,v2_lr,0
154123,2026-10-01,江戸川,4,4231,5.33,29.3,0.1304,0.3478,23,B1,0.18,11,88,25,4.6,0,0.164,10,6.59,0.5556,-0.08,18.92,0,4,5,25,12.15,v2_lr,0
154123,2026-10-01,江戸川,5,3503,4.12,18.8,0.0625,0.2813,32,B1,0.17,2,66,7,3.4,0.1,0.116,10,6.51,1,0.11,45.21,1,4,5,25,5.74,v2_lr,0
154123,2026-10-01,江戸川,6,3906,4.23,25.8,0,0.1765,17,B1,0.21,1,49,6,4.2,0,0.198,10,6.57,0.6667,0.37,25,0.2313,4,5,25,1.06,v2_lr,0
154124,2026-10-01,江戸川,1,5172,4.84,26.7,0,0,8,B1,0.18,31,61,42,4.5,0,0.181,10,6.65,0.7083,0.24,42.47,0.6513,3,5,27,19.19,v2_lr,0
154124,2026-10-01,江戸川,2,5073,5.53,33,0.125,0.3,40,A2,0.18,14,81,28,3.4,0.2,0.167,10,6.58,1,0.17,49.37,1,3,5,27,26.07,v2_lr,0
154124,2026-10-01,江戸川,3,4259,5.62,37.5,0.2941,0.5882,17,A2,0.13,9,92,32,2.7,0.4,0.144,10,6.66,0.6667,0.04,29.73,0.0076,3,5,27,29.13,v2_lr,0
154124,2026-10-01,江戸川,4,4728,4.21,26.3,0.1667,0.2778,54,B1,0.18,4,64,15,3.7,0.2,0.245,10,6.68,0.5833,0.22,29.58,0,3,5,27,10.19,v2_lr,0
154124,2026-10-01,江戸川,5,4035,4.02,22.9,0.1176,0.1765,17,B1,0.23,5,82,9,3.7,0.1,0.178,10,6.7,0.5,0.09,38.46,0.4487,3,5,27,4.94,v2_lr,0
154124,2026-10-01,江戸川,6,4685,7.7,65.6,0.3462,0.5769,26,A1,0.14,5,67,15,2.4,0.5,0.15,10,6.82,0,0.03,33.78,0.2122,3,5,27,10.48,v2_lr,1
154125,2026-10-01,江戸川,1,4610,6.33,45.5,0.22,0.44,100,A1,0.14,54,90,67,3.2,0.3,0.159,10,6.6,1,0.09,41.33,1,5,5,27,34.8,v2_lr,1
154125,2026-10-01,江戸川,2,4023,3.93,19.5,0.122,0.2195,41,B1,0.18,4,69,12,4.4,0,0.153,10,6.68,0,0.05,23.29,0,5,5,27,16.5,v2_lr,0
154125,2026-10-01,江戸川,3,4440,4.89,23.5,0.1358,0.2963,81,B1,0.16,6,76,17,3.4,0.1,0.15,10,6.65,0.375,-0.03,30.56,0.403,5,5,27,15.57,v2_lr,0
154125,2026-10-01,江戸川,4,5212,6.15,44.8,0.2632,0.3684,38,A2,0.12,10,77,23,3.2,0.1,0.127,10,6.61,0.875,0.04,33.33,0.5565,5,5,27,21.52,v2_lr,0
154125,2026-10-01,江戸川,5,4201,3.91,15.1,0.0741,0.2222,27,B1,0.2,4,63,14,4,0.1,0.165,10,6.64,0.5,0.02,31.94,0.4795,5,5,27,3.8,v2_lr,0
154125,2026-10-01,江戸川,6,3907,5.26,34.4,0.2667,0.4222,45,B1,0.16,2,73,5,2.7,0.5,0.124,10,6.63,0.625,0.01,23.68,0.0216,5,5,27,7.81,v2_lr,0
154126,2026-10-01,江戸川,1,3934,4.84,25.2,0.1154,0.3077,26,B1,0.17,24,74,39,3.1,0.1,0.2,10,6.74,0.3333,0.24,45.57,1,4,5,27,30.32,v2_lr,0
154126,2026-10-01,江戸川,2,5244,4.14,18.8,0.0698,0.1395,43,B1,0.14,1,58,3,4.4,0.1,0.182,10,6.65,0.9333,0.28,31.58,0.2038,4,5,27,19.63,v2_lr,0
154126,2026-10-01,江戸川,3,4637,5.5,38.6,0.1579,0.3158,19,A2,0.2,7,57,24,3.8,0.1,0.2,10,6.75,0.2667,0.31,35.21,0.4104,4,5,27,15.79,v2_lr,0
154126,2026-10-01,江戸川,4,4875,5.09,28.2,0.2206,0.3676,68,B1,0.16,7,75,20,3.6,0.1,0.166,10,6.79,0,-0.05,38.16,0.5783,4,5,27,16.37,v2_lr,0
154126,2026-10-01,江戸川,5,4644,6.33,48.7,0.2097,0.3871,62,A1,0.15,6,54,16,2.9,0.2,0.129,10,6.71,0.5333,-0.08,33.78,0.329,4,5,27,11.59,v2_lr,1
154126,2026-10-01,江戸川,6,4550,5.48,33.9,0.18,0.48,50,A2,0.16,1,52,7,4.1,0,0.165,10,6.64,1,-0.02,28,0,4,5,27,6.29,v2_lr,0
154127,2026-10-01,江戸川,1,5004,5.65,34.7,0.2059,0.3824,34,A2,0.13,32,63,45,2.4,0.3,0.148,10,6.63,0.5556,0.32,41.56,0.6601,4,5,27,30.62,v2_lr,1
154127,2026-10-01,江戸川,2,5328,3.94,16.6,0.1429,0.2143,14,B1,0.2,2,32,8,4.4,0.1,0.176,10,6.58,0.8333,0.27,30.77,0.2886,4,5,27,21.5,v2_lr,0
154127,2026-10-01,江戸川,3,5032,5.51,32.7,0.125,0.375,8,A2,0.15,10,71,21,3.4,0.1,0.161,10,6.55,1,0.33,46.67,0.8361,4,5,27,15.77,v2_lr,0
154127,2026-10-01,江戸川,4,4615,4.24,20.9,0.1333,0.1556,45,B1,0.15,4,60,12,4,0.1,0.18,10,6.73,0,0.16,22.39,0,4,5,27,6.21,v2_lr,0
154127,2026-10-01,江戸川,5,4934,5.53,40,0.2941,0.4706,17,A2,0.17,4,70,20,2.7,0.2,0.227,10,6.59,0.7778,0.19,39.13,0.5764,4,5,27,14.79,v2_lr,0
154127,2026-10-01,江戸川,6,5093,4.42,30.6,0.3077,0.3846,13,B2,0.16,1,61,7,3.4,0.2,0.179,10,6.58,0.8333,0.15,51.43,1,4,5,27,11.11,v2_lr,0
154128,2026-10-01,江戸川,1,4873,4.88,28.9,0,0,8,B1,0.17,44,82,58,4.3,0.1,0.194,10,6.57,1,-0.05,33.78,0.7141,1,5,28,24.8,v2_lr,1
154128,2026-10-01,江戸川,2,4231,5.33,29.3,0.1304,0.3478,23,B1,0.18,17,89,38,4.6,0,0.164,10,6.57,1,0.1,18.92,0,1,5,28,25.84,v2_lr,0
154128,2026-10-01,江戸川,3,5303,5.56,31.8,0.1818,0.3636,22,A2,0.19,5,77,22,2.9,0.3,0.122,10,6.7,0,0.04,20.83,0.0918,1,5,28,17.39,v2_lr,0
154128,2026-10-01,江戸川,4,4957,5.36,31,0.25,0.5833,36,B1,0.17,7,67,14,3.3,0.3,0.189,10,6.58,0.9231,0.17,25,0.2922,1,5,28,21.02,v2_lr,0
154128,2026-10-01,江戸川,5,4377,6.3,50.8,0.2368,0.5,38,A1,0.13,6,78,23,2.9,0.2,0.133,10,6.67,0.2308,0.27,35.14,0.7794,1,5,28,9.56,v2_lr,0
154128,2026-10-01,江戸川,6,5424,1.29,1.6,0.0385,0.0769,26,B2,,1,69,1,4.5,0.1,0.159,10,6.64,0.4615,0.19,39.73,1,1,5,28,1.39,v2_lr,0
154129,2026-10-01,江戸川,1,3906,4.23,25.8,0,0.1765,17,B1,0.21,18,54,34,4.2,0,0.198,10,6.73,0.25,0.11,25,0,2,5,29,20.94,v2_lr,0
154129,2026-10-01,江戸川,2,3482,4.81,27,0.1364,0.4091,66,B1,0.15,6,79,22,2.6,0,0.174,10,6.77,0,0.54,33.78,0.3603,2,5,29,21.39,v2_lr,0
154129,2026-10-01,江戸川,3,4568,5.42,36.1,0.1837,0.3878,49,B1,0.16,10,69,25,3.6,0.1,0.143,10,6.61,1,0.21,47.44,0.9208,2,5,29,31.44,v2_lr,1
154129,2026-10-01,江戸川,4,4724,3.28,8,0.0909,0.1818,22,B1,0.22,1,52,3,3.7,0.1,0.181,10,6.66,0.6875,0.39,31.58,0.27,2,5,29,8.94,v2_lr,0
154129,2026-10-01,江戸川,5,5073,5.53,33,0.125,0.3,40,A2,0.18,2,66,11,3.4,0.2,0.167,10,6.65,0.75,0.19,49.37,1,2,5,29,9.25,v2_lr,0
154129,2026-10-01,江戸川,6,4610,6.33,45.5,0.22,0.44,100,A1,0.14,9,78,15,3.2,0.3,0.159,10,6.69,0.5,0.21,41.33,0.6701,2,5,29,8.04,v2_lr,0
154130,2026-10-01,江戸川,1,4952,3.88,16.2,0.1,0.175,40,B1,0.18,17,38,24,4.1,0.1,0.159,10,6.69,0.5385,0.32,25.76,0.2245,3,5,29,30.36,v2_lr,0
154130,2026-10-01,江戸川,2,4565,3.63,12.3,0,0.0588,17,B1,0.18,4,66,18,4.2,0,0.154,10,6.65,0.8462,0.11,21.79,0,3,5,29,16.06,v2_lr,0
154130,2026-10-01,江戸川,3,4035,4.02,22.9,0.1176,0.1765,17,B1,0.23,7,92,20,3.7,0.1,0.178,10,6.71,0.3846,0.07,38.46,0.9429,3,5,29,18.58,v2_lr,0
154130,2026-10-01,江戸川,4,4540,5.73,34.9,0.1667,0.2222,18,A2,0.13,9,69,18,4,0.1,0.167,10,6.63,1,-0.02,39.47,1,3,5,29,22.03,v2_lr,1
154130,2026-10-01,江戸川,5,4440,4.89,23.5,0.1358,0.2963,81,B1,0.16,2,76,10,3.4,0.1,0.15,10,6.65,0.8462,0.08,30.56,0.496,3,5,29,9.25,v2_lr,0
154130,2026-10-01,江戸川,6,4637,5.5,38.6,0.1579,0.3158,19,A2,0.2,1,53,4,3.8,0.1,0.2,10,6.76,0,0.15,35.21,0.759,3,5,29,3.72,v2_lr,0
154131,2026-10-01,江戸川,1,4550,5.48,33.9,0.18,0.48,50,A2,0.16,33,65,46,4.1,0,0.165,10,6.56,1,0.08,28,0.2015,2,5,29,42.7,v2_lr,0
154131,2026-10-01,江戸川,2,4728,4.21,26.3,0.1667,0.2778,54,B1,0.18,7,65,17,3.7,0.2,0.245,10,6.7,0,0.14,29.58,0.269,2,5,29,26.14,v2_lr,1
154131,2026-10-01,江戸川,3,3503,4.12,18.8,0.0625,0.2813,32,B1,0.17,2,65,18,3.4,0.1,0.116,10,6.69,0.0714,0.03,45.21,0.9376,2,5,29,12.43,v2_lr,0
154131,2026-10-01,江戸川,4,4023,3.93,19.5,0.122,0.2195,41,B1,0.18,2,60,5,4.4,0,0.153,10,6.67,0.2143,0.2,23.29,0,2,5,29,8.38,v2_lr,0
154131,2026-10-01,江戸川,5,5032,5.51,32.7,0.125,0.375,8,A2,0.15,5,59,10,3.4,0.1,0.161,10,6.57,0.9286,0.15,46.67,1,2,5,29,9.32,v2_lr,0
154131,2026-10-01,江戸川,6,5404,2.14,2.6,0,0.25,8,B1,,1,132,4,5.1,0,0.166,10,6.67,0.2143,0.16,31.94,0.37,2,5,29,1.02,v2_lr,0
154132,2026-10-01,江戸川,1,3907,5.26,34.4,0.2667,0.4222,45,B1,0.16,53,83,67,2.7,0.5,0.124,10,6.55,1,0.17,23.68,0,3,5,28,31.28,v2_lr,1
154132,2026-10-01,江戸川,2,4644,6.33,48.7,0.2097,0.3871,62,A1,0.15,12,59,32,2.9,0.2,0.129,10,6.71,0,0.09,33.78,0.5649,3,5,28,22.22,v2_lr,0
154132,2026-10-01,江戸川,3,4957,5.36,31,0.25,0.5833,36,B1,0.17,11,78,30,3.3,0.3,0.189,10,6.68,0.1875,0.09,25,0.0738,3,5,28,19.29,v2_lr,0
154132,2026-10-01,江戸川,4,4259,5.62,37.5,0.2941,0.5882,17,A2,0.13,6,82,16,2.7,0.4,0.144,10,6.63,0.5,0.24,29.73,0.3384,3,5,28,17.46,v2_lr,0
154132,2026-10-01,江戸川,5,3508,5.59,34.4,0.1667,0.375,24,A2,0.19,1,61,6,3.2,0.2,0.176,10,6.65,0.375,0.26,33.8,0.566,3,5,28,5.42,v2_lr,0
154132,2026-10-01,江戸川,6,5004,5.65,34.7,0.2059,0.3824,34,A2,0.13,2,67,11,2.4,0.3,0.148,10,6.64,0.4375,0.33,41.56,1,3,5,28,4.32,v2_lr,0
154133,2026-10-01,江戸川,1,4685,7.7,65.6,0.3462,0.5769,26,A1,0.14,70,91,80,2.4,0.5,0.15,10,6.65,0.72,0.21,33.78,0.5234,2,5,27,33.09,v2_lr,1
154133,2026-10-01,江戸川,2,4934,5.53,40,0.2941,0.4706,17,A2,0.17,16,77,37,2.7,0.2,0.227,10,6.58,1,0.26,39.13,0.7397,2,5,27,29.79,v2_lr,0
154133,2026-10-01,江戸川,3,5212,6.15,44.8,0.2632,0.3684,38,A2,0.12,9,85,31,3.2,0.1,0.127,10,6.72,0.44,0.45,33.33,0.5053,2,5,27,19.69,v2_lr,0
154133,2026-10-01,江戸川,4,5303,5.56,31.8,0.1818,0.3636,22,A2,0.19,9,74,20,2.9,0.3,0.122,10,6.64,0.76,0.15,20.83,0,2,5,27,11.44,v2_lr,0
154133,2026-10-01,江戸川,5,3482,4.81,27,0.1364,0.4091,66,B1,0.15,6,74,18,2.6,0,0.174,10,6.83,0,0.18,33.78,0.5234,2,5,27,3.62,v2_lr,0
154133,2026-10-01,江戸川,6,3934,4.84,25.2,0.1154,0.3077,26,B1,0.17,0,61,5,3.1,0.1,0.2,10,6.71,0.48,0.24,45.57,1,2,5,27,2.38,v2_lr,0
154134,2026-10-01,江戸川,1,4748,6.64,52,0.2232,0.4464,112,A1,0.16,72,100,82,1.9,0.5,0.164,10,6.59,0.6429,0.36,40.85,1,3,5,27,28.59,v2_lr,0
154134,2026-10-01,江戸川,2,4364,6.53,46.6,0.4375,0.5313,32,A1,0.14,18,75,36,2.4,0.4,0.114,10,6.68,0,0.14,35.62,0,3,5,27,31.79,v2_lr,0
154134,2026-10-01,江戸川,3,4508,5.84,43.6,0.1935,0.4839,31,A2,0.15,2,54,14,2.8,0.2,0.228,10,6.54,1,0.13,38.46,0.543,3,5,27,20.01,v2_lr,0
154134,2026-10-01,江戸川,5,3911,5.29,34.3,0.1494,0.3678,87,B1,0.19,7,88,14,2.7,0.3,0.15,10,6.55,0.9286,0.25,36.99,0.262,3,5,27,6.41,v2_lr,1
154135,2026-10-01,平和島,1,3793,4.34,24.6,0.0833,0.25,12,B1,0.17,14,44,26,2.3,0.2,0.146,10,6.78,0.6,0.27,33.33,0.2221,3,3,27,24.75,v2_lr,1
154135,2026-10-01,平和島,2,4047,4.13,20.8,0,0.1,10,B1,0.16,0,63,5,4.3,0.1,0.196,10,6.8,0.4,0.24,25.64,0,3,3,27,9.97,v2_lr,0
154135,2026-10-01,平和島,3,3686,5.86,37.9,0.2222,0.5185,27,A2,0.14,6,84,28,3.2,0.3,0.166,10,6.74,1,0.34,34.92,0.2681,3,3,27,24.95,v2_lr,0
154135,2026-10-01,平和島,4,3256,6.36,46.8,0.3,0.5143,70,A1,0.13,17,68,32,2.6,0.3,0.132,10,6.84,0,0.15,43.33,0.511,3,3,27,20.18,v2_lr,0
154135,2026-10-01,平和島,5,3391,0,0,0.25,0.25,4,B2,,0,4,0,4.5,0.1,0.208,10,6.77,0.7,0.23,33.82,0.2363,3,3,27,9.59,v2_lr,0
154135,2026-10-01,平和島,6,3532,6.15,40.9,0.2667,0.4,15,B2,0.16,11,45,21,3.7,0.3,0.15,10,6.77,0.7,0.09,60.26,1,3,3,27,10.55,v2_lr,0
154136,2026-10-01,平和島,1,3741,3.55,16.1,0,0.0625,16,B1,0.18,19,48,25,5,0,0.157,10,6.73,0.8,0.2,36.51,0.7143,3,3,25,27.86,v2_lr,0
154136,2026-10-01,平和島,2,3505,5.75,38.1,0.1266,0.2658,79,A2,0.15,10,71,36,2.8,0.3,0.126,10,6.7,1,0.06,35.38,0.6517,3,3,25,37.52,v2_lr,1
154136,2026-10-01,平和島,3,3929,4.36,22.8,0.0455,0.2727,22,B1,0.17,3,70,14,4.1,0.1,0.164,10,6.75,0.6667,0.13,31.34,0.428,3,3,25,13.96,v2_lr,0
154136,2026-10-01,平和島,4,3516,4.05,23,0.0714,0.2857,14,B1,0.15,5,54,10,4.1,0,0.179,10,6.72,0.8667,0.25,23.61,0,3,3,25,8.7,v2_lr,0
154136,2026-10-01,平和島,5,4077,5.56,33.6,0.1935,0.3548,31,A2,0.17,2,70,9,3.5,0.2,0.166,10,6.85,0,0.2,41.67,1,3,3,25,9.99,v2_lr,0
154136,2026-10-01,平和島,6,3616,5.28,33.3,0,0.1538,13,B1,0.18,2,56,8,4.3,0,0.148,10,6.75,0.6667,0.12,40.54,0.9374,3,3,25,1.96,v2_lr,0
154137,2026-10-01,平和島,1,3807,4.39,22.9,0.0714,0.0714,14,B1,0.15,22,63,39,4.5,0,0.172,10,6.88,0,0.05,38.03,0.8598,3,3,26,27.39,v2_lr,0
154137,2026-10-01,平和島,2,3527,4.9,30.2,0,0,4,B1,0.16,8,76,28,4.7,0,0.136,10,6.85,0.1111,0.33,41.67,1,3,3,26,11.48,v2_lr,0
154137,2026-10-01,平和島,3,3690,4.47,24.5,0.1304,0.2174,23,B1,0.21,9,83,27,3.8,0.1,0.168,10,6.8,0.2963,0.18,30,0.5505,3,3,26,16.41,v2_lr,0
154137,2026-10-01,平和島,4,3297,4.29,18.7,0.1,0.2,20,B1,0.22,4,63,11,3.1,0.1,0.144,10,6.86,0.0741,0.05,30.77,0.5801,3,3,26,8.22,v2_lr,1
154137,2026-10-01,平和島,5,3997,6.5,44.3,0.4,0.68,25,A1,0.17,5,86,17,2.5,0.4,0.138,10,6.61,1,0.13,33.33,0.6787,3,3,26,33.41,v2_lr,0
154137,2026-10-01,平和島,6,3988,5.66,40.5,0.129,0.2903,31,A2,0.15,3,91,8,4,0.1,0.158,10,6.73,0.5556,0.19,15.71,0,3,3,26,3.1,v2_lr,0
154138,2026-10-01,平和島,1,3211,3.91,18.6,0,0.5,4,B1,0.18,10,50,23,4,0,0.143,10,6.78,0.4118,0.21,35.29,1,3,3,26,18.75,v2_lr,0
154138,2026-10-01,平和島,2,4076,5.35,34.3,0.1818,0.3409,44,B1,0.17,8,76,24,2.7,0.3,0.171,10,6.79,0.3529,0.19,25,0.3524,3,3,26,26.61,v2_lr,1
154138,2026-10-01,平和島,3,3998,4.4,25.2,0.0909,0.2273,22,B1,0.18,4,77,20,3.6,0.2,0.176,10,6.77,0.4706,0.14,19.4,0,3,3,26,11.6,v2_lr,0
154138,2026-10-01,平和島,4,4139,4.34,24.7,0,0.3,30,B1,0.18,6,69,15,4.4,0.1,0.2,10,6.85,0,0.15,20,0.0378,3,3,26,2.7,v2_lr,0
154138,2026-10-01,平和島,5,3554,6.62,51.7,0.4,0.6,5,A1,0.17,13,87,37,2.6,0.3,0.161,10,6.68,1,0.16,21.74,0.1473,3,3,26,27.81,v2_lr,0
154138,2026-10-01,平和島,6,3978,5.94,40.3,0.3175,0.5556,63,A2,0.14,1,76,7,2.9,0.1,0.158,10,6.77,0.4706,0.12,35,0.9817,3,3,26,12.53,v2_lr,0
154139,2026-10-01,平和島,1,3713,6.28,47.1,0.25,0.4,20,A1,0.16,47,79,62,4.1,0.2,0.142,10,6.74,0.8889,0.17,22.73,0.1563,3,3,26,39.3,v2_lr,1
154139,2026-10-01,平和島,2,4131,6.39,51.5,0.2222,0.4815,27,B1,0.13,6,63,36,3.5,0.2,0.15,10,6.73,1,0.13,31.82,0.4008,3,3,26,33.8,v2_lr,0
154139,2026-10-01,平和島,3,3973,3.95,19,0,0.3,10,B1,0.2,8,79,16,5.1,0,0.148,10,6.82,0,0.17,54.1,1,3,3,26,5.91,v2_lr,0
154139,2026-10-01,平和島,4,3391,0,0,0.25,0.25,4,B2,,0,3,0,4.5,0.1,0.208,10,6.79,0.3333,0.06,33.82,0.4545,3,3,26,15.33,v2_lr,0
154139,2026-10-01,平和島,5,3863,4.74,20.2,0.1,0.25,40,B1,0.17,2,57,9,3.3,0.2,0.154,10,6.79,0.3333,0.03,16.92,0,3,3,26,4.28,v2_lr,0
154139,2026-10-01,平和島,6,3619,4.86,28.5,0.0769,0.2308,13,B1,0.18,1,71,3,3.6,0,0.16,10,6.82,0,0.21,23.68,0.1818,3,3,26,1.37,v2_lr,0
154140,2026-10-01,平和島,1,4047,4.13,20.8,0,0.1,10,B1,0.16,26,47,35,4.3,0.1,0.196,10,6.69,1,0.02,25.64,0.4299,2,3,27,26.17,v2_lr,1
154140,2026-10-01,平和島,2,3516,4.05,23,0.0714,0.2857,14,B1,0.15,2,60,20,4.1,0,0.179,10,6.76,0.4615,0.07,23.61,0.3493,2,3,27,19.63,v2_lr,0
154140,2026-10-01,平和島,3,3961,6.43,44,0.15,0.45,20,A1,0.15,15,76,35,2.8,0.2,0.157,10,6.81,0.0769,0.15,40,1,2,3,27,18.58,v2_lr,0
154140,2026-10-01,平和島,4,3882,4.9,24.3,0.1935,0.2903,31,B1,0.2,6,80,20,4.1,0.1,0.151,10,6.82,0,0.02,35.82,0.8341,2,3,27,15.26,v2_lr,0
154140,2026-10-01,平和島,5,4027,5.57,33.3,0.2727,0.2727,11,A2,0.18,4,61,7,3.7,0.2,0.171,10,6.72,0.7692,-0.02,14.81,0,2,3,27,18.34,v2_lr,0
154140,2026-10-01,平和島,6,3880,4.75,24.2,0.0435,0.1522,46,B1,0.23,1,64,5,3.5,0,0.169,10,6.78,0.3077,-0.05,31.43,0.6598,2,3,27,2.02,v2_lr,0
154141,2026-10-01,平和島,1,3430,3.97,22.1,0.2143,0.2857,14,B1,0.17,21,52,35,4.4,0.1,0.167,10,6.75,1,0.27,25,0.1713,1,3,26,34.33,v2_lr,0
154141,2026-10-01,平和島,2,3256,6.36,46.8,0.3,0.5143,70,A1,0.13,21,80,45,2.6,0.3,0.132,10,6.85,0.2857,0.13,43.33,1,1,3,26,34.14,v2_lr,0
154141,2026-10-01,平和島,3,3489,5.67,35.7,0.2632,0.2632,19,A2,0.17,10,96,39,3.1,0.2,0.141,10,6.89,0,0.1,21.21,0,1,3,26,22.38,v2_lr,1
154141,2026-10-01,平和島,4,3929,4.36,22.8,0.0455,0.2727,22,B1,0.17,5,70,10,4.1,0.1,0.164,10,6.82,0.5,0.14,31.34,0.458,1,3,26,5.18,v2_lr,0
154141,2026-10-01,平和島,5,3527,4.9,30.2,0,0,4,B1,0.16,2,72,9,4.7,0,0.136,10,6.88,0.0714,0.25,41.67,0.925,1,3,26,1.65,v2_lr,0
154141,2026-10-01,平和島,6,3718,4.5,25.7,0.1053,0.2105,19,B1,0.18,0,55,1,4,0.1,0.184,10,6.81,0.5714,0.21,30.16,0.4046,1,3,26,2.32,v2_lr,0
154142,2026-10-01,平和島,1,3826,6.24,41.3,0.14,0.4,50,A2,0.13,41,81,64,3.9,0,0.136,10,6.72,1,0.01,35.38,0.1778,1,3,26,33.3,v2_lr,1
154142,2026-10-01,平和島,2,3532,6.15,40.9,0.2667,0.4,15,B2,0.16,10,52,23,3.7,0.3,0.15,10,6.8,0.3333,0.06,60.26,1,1,3,26,34.09,v2_lr,0
154142,2026-10-01,平和島,3,3741,3.55,16.1,0,0.0625,16,B1,0.18,3,65,11,5,0,0.157,10,6.81,0.25,0.06,36.51,0.2151,1,3,26,6.13,v2_lr,0
154142,2026-10-01,平和島,4,3909,6.7,52.7,0.2857,0.5,28,A1,0.13,18,71,33,2.5,0.4,0.1,10,6.79,0.4167,0.03,31.08,0.0357,1,3,26,20.97,v2_lr,0
154142,2026-10-01,平和島,5,3690,4.47,24.5,0.1304,0.2174,23,B1,0.21,2,75,8,3.8,0.1,0.168,10,6.84,0,0.06,30,0,1,3,26,4.09,v2_lr,0
154142,2026-10-01,平和島,6,3377,3.81,17.7,0.0333,0.1667,30,B1,0.23,1,38,4,4.4,0,0.228,10,6.8,0.3333,0.03,44.07,0.465,1,3,26,1.42,v2_lr,0
154143,2026-10-01,平和島,1,4077,5.56,33.6,0.1935,0.3548,31,A2,0.17,26,75,44,3.5,0.2,0.166,10,6.96,0.2105,0.02,41.67,0.6862,3,3,26,39.83,v2_lr,1
154143,2026-10-01,平和島,2,4139,4.34,24.7,0,0.3,30,B1,0.18,5,68,21,4.4,0.1,0.2,10,6.81,1,0.43,20,0.1391,3,3,26,13.47,v2_lr,0
154143,2026-10-01,平和島,3,3952,6.69,45.6,0.2927,0.5366,41,A1,0.14,26,83,48,2.5,0.3,0.127,10,6.98,0.1053,0.04,14.49,0,3,3,26,31.83,v2_lr,0
154143,2026-10-01,平和島,4,3793,4.34,24.6,0.0833,0.25,12,B1,0.17,4,52,13,2.3,0.2,0.146,10,7,0,0.02,33.33,0.4756,3,3,26,6.97,v2_lr,0
154143,2026-10-01,平和島,5,3973,3.95,19,0,0.3,10,B1,0.2,3,75,7,5.1,0,0.148,10,6.97,0.1579,0.13,54.1,1,3,3,26,2.29,v2_lr,0
154143,2026-10-01,平和島,6,3158,5.51,38.4,0.2174,0.5652,23,A2,0.16,1,71,7,2.7,0.2,0.118,10,6.97,0.1579,0.1,30.77,0.411,3,3,26,5.61,v2_lr,0
154144,2026-10-01,平和島,1,4027,5.57,33.3,0.2727,0.2727,11,A2,0.18,45,81,57,3.7,0.2,0.171,10,6.94,0.2632,0.13,14.81,0,3,3,25,32.29,v2_lr,1
154144,2026-10-01,平和島,2,3944,6.41,48,0.1667,0.5417,24,A1,0.15,10,70,41,2.9,0.3,0.19,10,6.9,0.3684,0.05,44.07,1,3,3,25,23.48,v2_lr,0
154144,2026-10-01,平和島,3,3554,6.62,51.7,0.4,0.6,5,A1,0.17,14,90,43,2.6,0.3,0.161,10,6.66,1,0.04,21.74,0.2368,3,3,25,33.33,v2_lr,0
154144,2026-10-01,平和島,4,3807,4.39,22.9,0.0714,0.0714,14,B1,0.15,3,72,14,4.5,0,0.172,10,6.9,0.3684,0.08,38.03,0.7936,3,3,25,5.9,v2_lr,0
154144,2026-10-01,平和島,5,3878,4.45,24.4,0.0625,0.25,16,B1,0.16,5,63,12,3.5,0,0.144,10,6.87,0.4474,0.04,35.19,0.6965,3,3,25,3.18,v2_lr,0
154144,2026-10-01,平和島,6,3868,4.66,26.1,0.125,0.5,16,B1,0.2,0,43,2,3.1,0.2,0.168,10,7.04,0,0.09,22.39,0.2591,3,3,25,1.83,v2_lr,0
154145,2026-10-01,平和島,1,3686,5.86,37.9,0.2222,0.5185,27,A2,0.14,53,87,73,3.2,0.3,0.166,10,6.85,0.1875,0.18,34.92,0.7628,3,3,25,27.72,v2_lr,0
154145,2026-10-01,平和島,2,3718,4.5,25.7,0.1053,0.2105,19,B1,0.18,5,69,21,4,0.1,0.184,10,6.78,0.625,0.09,30.16,0.465,3,3,25,17.03,v2_lr,0
154145,2026-10-01,平和島,3,3713,6.28,47.1,0.25,0.4,20,A1,0.16,16,72,32,4.1,0.2,0.142,10,6.78,0.625,0.08,22.73,0,3,3,25,20.64,v2_lr,1
154145,2026-10-01,平和島,4,3997,6.5,44.3,0.4,0.68,25,A1,0.17,10,83,34,2.5,0.4,0.138,10,6.72,1,0.03,33.33,0.6633,3,3,25,27.9,v2_lr,0
154145,2026-10-01,平和島,5,3505,5.75,38.1,0.1266,0.2658,79,A2,0.15,4,71,16,2.8,0.3,0.126,10,6.75,0.8125,0.09,35.38,0.7916,3,3,25,5.64,v2_lr,0
154145,2026-10-01,平和島,6,3714,4.61,21,0.0385,0.2308,26,B1,0.15,0,48,1,4.4,0,0.139,10,6.88,0,0.09,38.71,1,3,3,25,1.08,v2_lr,0
154146,2026-10-01,平和島,1,3961,6.43,44,0.15,0.45,20,A1,0.15,64,89,76,2.8,0.2,0.157,10,6.85,0.3333,0.14,40,0.8624,2,3,26,30.36,v2_lr,1
154146,2026-10-01,平和島,2,3422,6.2,46.8,0.4,0.4,15,A2,0.13,10,72,27,3.3,0.2,0.19,10,6.92,0,0.1,14.49,0,2,3,26,36.93,v2_lr,0
154146,2026-10-01,平和島,3,3211,3.91,18.6,0,0.5,4,B1,0.18,1,59,15,4,0,0.143,10,6.8,0.5714,0.18,35.29,0.7032,2,3,26,6.79,v2_lr,0
154146,2026-10-01,平和島,4,3377,3.81,17.7,0.0333,0.1667,30,B1,0.23,2,40,4,4.4,0,0.228,10,6.71,1,-0.02,44.07,1,2,3,26,7.57,v2_lr,0
154146,2026-10-01,平和島,5,3489,5.67,35.7,0.2632,0.2632,19,A2,0.17,4,77,11,3.1,0.2,0.141,10,6.83,0.4286,0.07,21.21,0.2272,2,3,26,12.39,v2_lr,0
154146,2026-10-01,平和島,6,3679,6.16,40.6,0.2154,0.4615,65,A2,0.17,0,69,5,2.8,0.3,0.129,10,6.81,0.5238,0.09,32,0.592,2,3,26,5.96,v2_lr,0
154147,2026-10-01,浜名湖,1,5316,5.39,33.6,0.0597,0.194,67,B1,0.16,13,23,17,3,0.2,0.157,10,6.76,0.9286,0.18,20.69,0,5,3,28,26.09,v2_lr,1
154147,2026-10-01,浜名湖,2,4940,1.56,0,0,0,2,B2,0.33,0,30,2,3.7,0.2,0.198,10,6.83,0.4286,0.05,26.26,0.2237,5,3,28,10.81,v2_lr,0
154147,2026-10-01,浜名湖,3,4179,5.77,36.2,0.3333,0.5556,9,A2,0.16,7,73,23,2.9,0.2,0.152,10,6.78,0.7857,0.06,34.21,0.543,5,3,28,36.44,v2_lr,0
154147,2026-10-01,浜名湖,4,5205,5.49,35.8,0.2192,0.4247,73,A2,0.17,7,65,23,3,0.2,0.185,10,6.75,1,-0.01,29.59,0.3574,5,3,28,20.8,v2_lr,0
154147,2026-10-01,浜名湖,5,4491,4.39,20.4,0.1111,0.1111,9,B1,0.19,4,60,9,4,0,0.213,10,6.89,0,0.09,35.59,0.5984,5,3,28,4.05,v2_lr,0
154147,2026-10-01,浜名湖,6,4081,4.16,17.7,0.0286,0.2286,35,B1,0.18,0,57,3,3.1,0.3,0.128,10,6.8,0.6429,0.08,45.59,1,5,3,28,1.81,v2_lr,0
154148,2026-10-01,浜名湖,1,4660,4.05,20.4,0.1,0.2,20,B1,0.22,8,29,16,4.6,0,0.218,10,6.78,1,0.01,41.44,1,4,3,27,43.02,v2_lr,1
154148,2026-10-01,浜名湖,2,5347,1.82,0,0,0,18,B2,,0,1,0,4.7,0,0.191,10,6.79,0.8571,0.03,16.44,0,4,3,27,16.58,v2_lr,0
154148,2026-10-01,浜名湖,3,4058,6.29,46.8,0.1687,0.4458,83,A1,0.17,13,86,36,3.2,0.1,0.187,10,6.83,0.2857,0.03,25.56,0.3648,4,3,27,23.67,v2_lr,0
154148,2026-10-01,浜名湖,4,4458,5.3,32.1,0,0.1923,26,B1,0.14,6,75,15,2.9,0.2,0.14,10,6.85,0,0.04,16.67,0.0092,4,3,27,3.83,v2_lr,0
154148,2026-10-01,浜名湖,5,4118,5.94,42.2,0.16,0.36,25,A2,0.15,4,78,20,2.8,0.4,0.152,10,6.81,0.5714,0.06,32.08,0.6256,4,3,27,9.95,v2_lr,0
154148,2026-10-01,浜名湖,6,4120,5.89,43.3,0.0909,0.4545,22,A2,0.15,0,75,3,3.4,0.2,0.136,10,6.81,0.5714,0.05,20.48,0.1616,4,3,27,2.95,v2_lr,0
154149,2026-10-01,浜名湖,1,3471,3.84,17,0,1,1,B1,0.19,11,44,18,3.4,0.2,0.157,10,6.82,0,0.16,42.37,0.5787,4,3,28,14.4,v2_lr,0
154149,2026-10-01,浜名湖,2,3156,4.46,26.5,0.082,0.1967,61,B1,0.18,1,60,8,3.9,0.2,0.168,10,6.75,0.875,0.09,41.46,0.5311,4,3,28,21.34,v2_lr,0
154149,2026-10-01,浜名湖,3,4289,5.73,35.5,0.3667,0.5,30,A2,0.14,11,75,30,2.8,0.2,0.177,10,6.78,0.5,0.07,50.43,1,4,3,28,36.88,v2_lr,1
154149,2026-10-01,浜名湖,4,4627,6.18,46.4,0.2,0.3,10,A2,0.11,11,59,21,2.2,0.4,0.139,10,6.77,0.625,0.07,44.55,0.6926,4,3,28,16.46,v2_lr,0
154149,2026-10-01,浜名湖,5,5179,3.83,20.8,0,0,12,B1,0.19,3,52,8,4.9,0,0.175,10,6.74,1,0.02,31.3,0,4,3,28,2.67,v2_lr,0
154149,2026-10-01,浜名湖,6,4494,6.98,48.4,0.2769,0.5538,65,A1,0.16,4,76,16,3.5,0.2,0.145,10,6.8,0.25,-0.01,34.92,0.1892,4,3,28,8.25,v2_lr,0
154150,2026-10-01,浜名湖,1,4790,6.27,46.5,0.3125,0.4688,32,A1,0.14,66,92,75,4,0.1,0.21,10,6.72,1,-0.02,32.11,0.5782,4,2,28,45.24,v2_lr,1
154150,2026-10-01,浜名湖,2,4951,5.41,31.5,0.2727,0.3636,11,B1,0.15,6,55,15,3,0.3,0.163,10,6.81,0,0.03,22.35,0,4,2,28,34.12,v2_lr,0
154150,2026-10-01,浜名湖,3,5383,2.06,1.1,0,0,23,B1,,0,4,0,4.5,0,0.205,10,6.77,0.4444,-0.02,27.84,0.3252,4,2,28,7.42,v2_lr,0
154150,2026-10-01,浜名湖,4,5323,4.35,26.3,0.0811,0.2703,37,B2,0.2,4,58,10,4.8,0,0.1,10,6.79,0.2222,0.16,37.93,0.923,4,2,28,6.7,v2_lr,0
154150,2026-10-01,浜名湖,5,5140,4.72,25.7,0.0976,0.2439,41,B1,0.19,2,50,4,4.9,0,0.206,10,6.78,0.3333,0.22,33.86,0.6819,4,2,28,4.19,v2_lr,0
154150,2026-10-01,浜名湖,6,3448,4.61,24.4,0.0833,0.5833,12,B1,0.18,0,40,1,3.8,0,0.178,10,6.75,0.6667,0.32,39.23,1,4,2,28,2.34,v2_lr,0
154151,2026-10-01,浜名湖,1,3411,3.75,11.2,0.1176,0.2353,17,B1,0.13,12,47,21,4.3,0,0.186,10,6.77,1,0.12,40.16,1,3,2,28,31.58,v2_lr,0
154151,2026-10-01,浜名湖,2,3828,5.26,31.7,0.0714,0.1786,28,B1,0.15,8,65,26,4.3,0,0.184,10,6.78,0.8,0.21,29.03,0.4114,3,2,28,17.73,v2_lr,1
154151,2026-10-01,浜名湖,3,4403,6.06,46.6,0.1,0.4,10,A2,0.15,8,79,34,3.4,0.1,0.153,10,6.77,1,0.05,27.72,0.3421,3,2,28,15.26,v2_lr,0
154151,2026-10-01,浜名湖,4,4491,4.39,20.4,0.1111,0.1111,9,B1,0.19,2,70,14,4,0,0.213,10,6.82,0,0.19,35.59,0.7583,3,2,28,6.38,v2_lr,0
154151,2026-10-01,浜名湖,5,3623,7.5,61.9,0.3913,0.4783,23,A1,0.15,18,61,37,3.2,0.3,0.18,10,6.78,0.8,0.27,32,0.5685,3,2,28,23.7,v2_lr,0
154151,2026-10-01,浜名湖,6,4635,5.56,41.1,0.1852,0.2593,27,A2,0.11,2,51,4,3.3,0.2,0.144,10,6.77,1,0.01,21.25,0,3,2,28,5.34,v2_lr,0
154152,2026-10-01,浜名湖,1,4473,4.84,28.9,0.25,0.4,20,B1,0.19,37,59,42,2.7,0.3,0.173,10,6.77,0.3077,-0.05,25.64,0.1946,3,2,29,34.87,v2_lr,0
154152,2026-10-01,浜名湖,2,5205,5.49,35.8,0.2192,0.4247,73,A2,0.17,17,70,40,3,0.2,0.185,10,6.68,1,0.21,29.59,0.3844,3,2,29,30.09,v2_lr,1
154152,2026-10-01,浜名湖,3,5270,4.94,30.5,0,0,2,B1,0.16,5,60,15,4.7,0,0.196,10,6.79,0.1538,0.1,21.59,0,3,2,29,5.11,v2_lr,0
154152,2026-10-01,浜名湖,4,4660,4.05,20.4,0.1,0.2,20,B1,0.22,1,42,3,4.6,0,0.218,10,6.76,0.3846,0.09,41.44,0.9539,3,2,29,7.63,v2_lr,0
154152,2026-10-01,浜名湖,5,3562,5.79,43.9,0.2174,0.5217,23,A2,0.17,8,69,20,2.5,0.2,0.163,10,6.75,0.4615,0.01,42.4,1,3,2,29,10.34,v2_lr,0
154152,2026-10-01,浜名湖,6,3641,6.32,43.5,0.3448,0.5172,29,A1,0.17,1,62,9,3.3,0.1,0.176,10,6.81,0,-0.06,41.9,0.976,3,2,29,11.97,v2_lr,0
154153,2026-10-01,浜名湖,1,3975,5.97,39.5,0.1538,0.3846,13,A2,0.15,42,77,62,3.7,0.2,0.161,10,6.69,0.7647,-0.06,40.83,0.8104,3,2,29,36.21,v2_lr,1
154153,2026-10-01,浜名湖,2,4120,5.89,43.3,0.0909,0.4545,22,A2,0.15,14,90,52,3.4,0.2,0.136,10,6.81,0.0588,0.01,20.48,0,3,2,29,16.34,v2_lr,0
154153,2026-10-01,浜名湖,3,4081,4.16,17.7,0.0286,0.2286,35,B1,0.18,6,75,15,3.1,0.3,0.128,10,6.74,0.4706,-0.04,45.59,1,3,2,29,10.57,v2_lr,0
154153,2026-10-01,浜名湖,4,3156,4.46,26.5,0.082,0.1967,61,B1,0.18,2,60,10,3.9,0.2,0.168,10,6.77,0.2941,0.17,41.46,0.8355,3,2,29,6.55,v2_lr,0
154153,2026-10-01,浜名湖,5,3813,6.43,45.9,0.2857,0.4286,14,A1,0.15,3,62,16,2.5,0.4,0.15,10,6.82,0,0.08,22.83,0.0936,3,2,29,11.91,v2_lr,0
154153,2026-10-01,浜名湖,6,5173,4.94,34.2,0.3636,0.5455,11,B1,0.15,0,50,1,4.5,0.1,0.153,10,6.65,1,0.08,41.38,0.8323,3,2,29,18.42,v2_lr,0
154154,2026-10-01,浜名湖,1,5269,5.57,37.7,0.24,0.408,125,A2,0.17,48,71,58,2.8,0.2,0.109,10,6.76,0.625,0.1,26.32,0.2845,2,1,29,39.55,v2_lr,0
154154,2026-10-01,浜名湖,2,4892,4.86,31.7,0.1176,0.4118,17,B1,0.17,8,74,32,3,0.1,0.235,10,6.81,0,0.15,34.43,0.6943,2,1,29,19.1,v2_lr,1
154154,2026-10-01,浜名湖,3,5179,3.83,20.8,0,0,12,B1,0.19,2,58,11,4.9,0,0.175,10,6.76,0.625,0.15,31.3,0.5361,2,1,29,7.59,v2_lr,0
154154,2026-10-01,浜名湖,4,4084,6.79,48.9,0.303,0.6667,33,A1,0.17,14,82,30,3.4,0,0.145,10,6.73,1,0.11,40.48,1,2,1,29,29.85,v2_lr,0
154154,2026-10-01,浜名湖,5,5316,5.39,33.6,0.0597,0.194,67,B1,0.16,3,98,18,3,0.2,0.157,10,6.79,0.25,0.12,20.69,0,2,1,29,2.78,v2_lr,0
154154,2026-10-01,浜名湖,6,5383,2.06,1.1,0,0,23,B1,,0,124,2,4.5,0,0.205,10,6.76,0.625,0.14,27.84,0.3613,2,1,29,1.11,v2_lr,0
154155,2026-10-01,浜名湖,1,4069,6.2,44.1,0.3,0.5,20,A2,0.15,57,93,73,3.5,0.2,0.21,10,6.82,0.4167,0.1,27.08,0.4951,3,2,29,34.61,v2_lr,0
154155,2026-10-01,浜名湖,2,4494,6.98,48.4,0.2769,0.5538,65,A1,0.16,16,61,33,3.5,0.2,0.145,10,6.79,0.6667,0.17,34.92,0.8599,3,2,29,31.39,v2_lr,0
154155,2026-10-01,浜名湖,3,5323,4.35,26.3,0.0811,0.2703,37,B2,0.2,1,45,8,4.8,0,0.1,10,6.76,0.9167,0.18,37.93,1,3,2,29,12.43,v2_lr,0
154155,2026-10-01,浜名湖,4,5347,1.82,0,0,0,18,B2,,0,64,0,4.7,0,0.191,10,6.77,0.8333,0.28,16.44,0,3,2,29,2.95,v2_lr,0
154155,2026-10-01,浜名湖,5,3965,6.41,49.5,0.15,0.45,20,A1,0.18,5,68,16,2.5,0.4,0.127,10,6.87,0,0.12,31.58,0.7045,3,2,29,4.38,v2_lr,1
154155,2026-10-01,浜名湖,6,4179,5.77,36.2,0.3333,0.5556,9,A2,0.16,0,65,5,2.9,0.2,0.152,10,6.75,1,0.05,34.21,0.8269,3,2,29,14.24,v2_lr,0
154156,2026-10-01,浜名湖,1,3837,6.16,41.5,0.0769,0.3077,13,A2,0.17,62,84,70,3.9,0.1,0.18,10,6.84,0.3333,0.09,16.18,0,3,2,29,20.29,v2_lr,1
154156,2026-10-01,浜名湖,2,3448,4.61,24.4,0.0833,0.5833,12,B1,0.18,4,57,12,3.8,0,0.178,10,6.82,0.6667,0.19,39.23,0.673,3,2,29,16.37,v2_lr,0
154156,2026-10-01,浜名湖,3,3623,7.5,61.9,0.3913,0.4783,23,A1,0.15,21,53,34,3.2,0.3,0.18,10,6.86,0,0.11,32,0.4619,3,2,29,29.5,v2_lr,0
154156,2026-10-01,浜名湖,4,5169,3.15,7.5,0.0909,0.0909,11,B2,0.17,0,29,2,3.6,0,0.207,10,6.8,1,0.16,32.46,0.4753,3,2,29,7.77,v2_lr,0
154156,2026-10-01,浜名湖,5,4289,5.73,35.5,0.3667,0.5,30,A2,0.14,1,61,7,2.8,0.2,0.177,10,6.8,1,0.19,50.43,1,3,2,29,22.23,v2_lr,0
154156,2026-10-01,浜名湖,6,4058,6.29,46.8,0.1687,0.4458,83,A1,0.17,1,74,10,3.2,0.1,0.187,10,6.81,0.8333,0.15,25.56,0.2739,3,2,29,3.83,v2_lr,0
154157,2026-10-01,浜名湖,1,3562,5.79,43.9,0.2174,0.5217,23,A2,0.17,54,100,73,2.5,0.2,0.163,10,6.77,1,0.1,42.4,1,3,2,29,35.63,v2_lr,1
154157,2026-10-01,浜名湖,2,3471,3.84,17,0,1,1,B1,0.19,2,64,12,3.4,0.2,0.157,10,6.83,0.25,0.21,42.37,0.9985,3,2,29,9.38,v2_lr,0
154157,2026-10-01,浜名湖,3,3813,6.43,45.9,0.2857,0.4286,14,A1,0.15,17,77,36,2.5,0.4,0.15,10,6.85,0,0.23,22.83,0,3,2,29,22.05,v2_lr,0
154157,2026-10-01,浜名湖,4,4790,6.27,46.5,0.3125,0.4688,32,A1,0.14,7,74,28,4,0.1,0.21,10,6.81,0.5,-0.02,32.11,0.4742,3,2,29,23.59,v2_lr,0
154157,2026-10-01,浜名湖,5,3411,3.75,11.2,0.1176,0.2353,17,B1,0.13,0,50,0,4.3,0,0.186,10,6.82,0.375,-0.08,40.16,0.8855,3,2,29,5.54,v2_lr,0
154157,2026-10-01,浜名湖,6,4118,5.94,42.2,0.16,0.36,25,A2,0.15,2,79,9,2.8,0.4,0.152,10,6.8,0.625,0.09,32.08,0.4727,3,2,29,3.81,v2_lr,0
154158,2026-10-01,浜名湖,1,4084,6.79,48.9,0.303,0.6667,33,A1,0.17,80,105,95,3.4,0,0.145,10,6.82,0.1,0.21,40.48,0.854,4,2,28,33.67,v2_lr,0
154158,2026-10-01,浜名湖,2,3975,5.97,39.5,0.1538,0.3846,13,A2,0.15,13,77,31,3.7,0.2,0.161,10,6.73,1,0.21,40.83,0.8666,4,2,28,24.62,v2_lr,0
154158,2026-10-01,浜名湖,3,3641,6.32,43.5,0.3448,0.5172,29,A1,0.17,17,89,36,3.3,0.1,0.176,10,6.83,0,0.09,41.9,0.9049,4,2,28,27.87,v2_lr,1
154158,2026-10-01,浜名湖,4,4403,6.06,46.6,0.1,0.4,10,A2,0.15,9,71,26,3.4,0.1,0.153,10,6.76,0.7,0.07,27.72,0.3963,4,2,28,7.5,v2_lr,0
154158,2026-10-01,浜名湖,5,4458,5.3,32.1,0,0.1923,26,B1,0.14,4,69,11,2.9,0.2,0.14,10,6.78,0.5,-0.02,16.67,0,4,2,28,1.86,v2_lr,0
154158,2026-10-01,浜名湖,6,4627,6.18,46.4,0.2,0.3,10,A2,0.11,5,55,12,2.2,0.4,0.139,10,6.8,0.3,0.09,44.55,1,4,2,28,4.48,v2_lr,0
154159,2026-10-01,蒲郡,1,4863,4.95,25.3,0,0.3636,11,B1,0.15,14,42,22,5,0,0.18,10,6.72,0,0.11,36.36,0.2694,2,1,24,22.47,v2_lr,0
154159,2026-10-01,蒲郡,2,4593,5.89,34.8,0.0909,0.2727,11,A2,0.15,8,71,32,4.5,0.1,0.165,10,6.7,0.1333,0.1,44.44,0.6588,2,1,24,27.03,v2_lr,0
154159,2026-10-01,蒲郡,3,4626,4.59,25.3,0.0952,0.381,21,B1,0.22,9,52,15,4.6,0,0.171,10,6.57,1,-0.03,41.38,0.5113,2,1,24,25.1,v2_lr,0
154159,2026-10-01,蒲郡,4,3708,4.91,25.8,0.0769,0.3077,13,B1,0.17,5,77,13,2.9,0.2,0.116,10,6.64,0.5333,0.1,30.77,0,2,1,24,9.48,v2_lr,0
154159,2026-10-01,蒲郡,5,4973,5.03,31.7,0.129,0.2903,31,B1,0.16,2,63,11,4.5,0,0.186,10,6.64,0.5333,0,48.28,0.8439,2,1,24,9.59,v2_lr,0
154159,2026-10-01,蒲郡,6,3327,6.03,44.4,0.1667,0.3571,42,A2,0.18,10,57,21,3.6,0,0.181,10,6.66,0.4,0.09,51.52,1,2,1,24,6.32,v2_lr,1
154160,2026-10-01,蒲郡,1,3796,5.24,35.7,0.1818,0.3636,22,B1,0.18,28,69,49,4.1,0.1,0.162,10,6.62,0.2857,0.21,67.57,1,4,2,30,32.13,v2_lr,1
154160,2026-10-01,蒲郡,2,4413,5.9,36.3,0.4286,0.4286,14,A2,0.18,7,85,31,2.8,0.3,0.15,10,6.64,0.1429,0.06,44.83,0,4,2,30,39.6,v2_lr,0
154160,2026-10-01,蒲郡,3,4434,6.14,45.8,0,0.3333,3,A2,0.15,14,77,34,2.7,0.3,0.195,10,6.64,0.1429,0.1,51.28,0.2836,4,2,30,5.55,v2_lr,0
154160,2026-10-01,蒲郡,4,5033,4.52,25,0.0476,0.0952,21,B1,0.16,1,64,5,4.4,0,0.146,10,6.66,0,0.22,52.78,0.3496,4,2,30,3.71,v2_lr,0
154160,2026-10-01,蒲郡,5,3912,5.35,34.2,0.2128,0.4468,47,B1,0.14,7,72,15,3,0.2,0.13,10,6.52,1,0.12,62.16,0.7621,4,2,30,12.2,v2_lr,0
154160,2026-10-01,蒲郡,6,4416,5.32,29.8,0.25,0.5833,12,B1,0.14,2,62,4,3,0.3,0.176,10,6.59,0.5,0.12,53.57,0.3843,4,2,30,6.82,v2_lr,0
154161,2026-10-01,蒲郡,1,4674,5.35,32.3,0.1429,0.1429,14,B1,0.16,45,86,64,3.8,0.1,0.121,10,6.6,0.9231,0.25,25,0.0359,4,2,29,34.86,v2_lr,0
154161,2026-10-01,蒲郡,2,4475,6.38,44.8,0.125,0.2813,32,A1,0.17,10,80,36,3.7,0,0.195,10,6.59,1,0.04,50,0.9336,4,2,29,30.76,v2_lr,0
154161,2026-10-01,蒲郡,3,4521,4.64,25.4,0.0833,0.1667,12,B1,0.18,13,69,23,4.5,0,0.158,10,6.72,0,0.35,25,0.0359,4,2,29,8.13,v2_lr,0
154161,2026-10-01,蒲郡,4,4979,5.06,29.8,0.0526,0.2105,19,B1,0.16,6,69,17,4.1,0.1,0.143,10,6.7,0.1538,-0.01,51.85,1,4,2,29,6.44,v2_lr,0
154161,2026-10-01,蒲郡,5,3563,5.03,30.9,0.2813,0.4063,32,B1,0.14,6,73,19,3,0.3,0.132,10,6.67,0.3846,0.04,24,0,4,2,29,14.29,v2_lr,0
154161,2026-10-01,蒲郡,6,4643,6.36,47.7,0.1818,0.2727,11,A2,0.11,4,63,13,1.9,0.4,0.13,10,6.6,0.9231,0.23,35.48,0.4122,4,2,29,5.53,v2_lr,1
154162,2026-10-01,蒲郡,1,3442,5.03,22.9,0,0,4,B1,0.17,24,60,40,3.7,0.2,0.155,10,6.6,1,0.12,26.47,0,3,1,28,29.15,v2_lr,0
154162,2026-10-01,蒲郡,2,4423,4.89,29.2,0.0769,0.1538,13,B1,0.18,7,76,31,3.9,0.2,0.175,10,6.62,0.75,0.31,29.63,0.4606,3,1,28,24.24,v2_lr,0
154162,2026-10-01,蒲郡,3,4822,5.69,39,0,0,3,A2,0.16,7,79,31,3.4,0.3,0.145,10,6.68,0,0.07,30.77,0.6268,3,1,28,8.08,v2_lr,0
154162,2026-10-01,蒲郡,4,4811,4.53,24.1,0.0909,0.1818,11,B1,0.16,8,72,18,3.7,0.2,0.131,10,6.63,0.625,0.01,26.92,0.0656,3,1,28,10.61,v2_lr,1
154162,2026-10-01,蒲郡,5,4036,6.32,45,0.3333,0.5,18,A1,0.16,8,65,25,2.4,0.4,0.145,10,6.66,0.25,0.11,33.33,1,3,1,28,25.34,v2_lr,0
154162,2026-10-01,蒲郡,6,3441,4.68,25.4,0.05,0.15,20,B1,0.19,0,57,2,4.4,0,0.197,10,6.62,0.75,0.11,29.63,0.4606,3,1,28,2.58,v2_lr,0
154163,2026-10-01,蒲郡,1,5000,4.69,26.6,0,0.1,20,B1,0.11,22,48,36,4.2,0,0.141,10,6.59,1,0.08,35.71,0.3874,3,1,27,19.3,v2_lr,0
154163,2026-10-01,蒲郡,2,4245,4.8,29,0.1071,0.25,28,B1,0.21,13,73,29,2,0.4,0.154,10,6.67,0,0.11,53.85,1,3,1,27,16.35,v2_lr,0
154163,2026-10-01,蒲郡,3,4535,6.19,43.2,0.3333,0.3333,3,A2,0.16,11,52,33,3.2,0.3,0.162,10,6.63,0.5,0.02,24.24,0,3,1,27,28.96,v2_lr,0
154163,2026-10-01,蒲郡,4,5008,4.68,26.5,0.0833,0.0833,12,B1,0.16,7,67,14,4,0.1,0.159,10,6.62,0.625,-0.02,33.33,0.307,3,1,27,7,v2_lr,1
154163,2026-10-01,蒲郡,5,4060,4.92,35.1,0.4286,0.6429,14,B1,0.16,3,69,8,3.4,0.3,0.162,10,6.66,0.125,0.05,33.33,0.307,3,1,27,21.1,v2_lr,0
154163,2026-10-01,蒲郡,6,4308,6.75,46,0.2712,0.4915,59,A1,0.17,5,71,15,3.4,0.1,0.164,10,6.64,0.375,-0.03,29.63,0.182,3,1,27,7.3,v2_lr,0
154164,2026-10-01,蒲郡,1,4692,4.94,34.9,0,0.3333,3,B1,0.14,22,57,39,4.2,0.1,0.158,10,6.68,0.25,0.09,34.29,0.2811,2,1,27,22.56,v2_lr,0
154164,2026-10-01,蒲郡,2,5033,4.52,25,0.0476,0.0952,21,B1,0.16,3,64,15,4.4,0,0.146,10,6.62,1,0.04,52.78,0.9457,2,1,27,29.02,v2_lr,0
154164,2026-10-01,蒲郡,3,4486,5.56,43.7,0.2222,0.6111,18,A2,0.17,8,55,20,2.5,0.3,0.154,10,6.7,0,0.02,30.43,0.1423,2,1,27,27.26,v2_lr,0
154164,2026-10-01,蒲郡,4,4863,4.95,25.3,0,0.3636,11,B1,0.15,6,55,13,5,0,0.18,10,6.7,0,0.01,36.36,0.3555,2,1,27,4.45,v2_lr,0
154164,2026-10-01,蒲郡,5,4273,4.96,26.6,0.129,0.1935,31,B1,0.18,0,67,9,4.1,0,0.208,10,6.69,0.125,0.02,54.29,1,2,1,27,7.68,v2_lr,0
154164,2026-10-01,蒲郡,6,4418,8.09,52.2,0.25,0.5,12,A1,0.12,11,76,32,2.9,0.3,0.109,10,6.68,0.25,0.11,26.47,0,2,1,27,9.03,v2_lr,1
154165,2026-10-01,蒲郡,1,4434,6.14,45.8,0,0.3333,3,A2,0.15,70,102,88,2.7,0.3,0.195,10,6.68,1,0.06,51.28,1,3,1,26,20.19,v2_lr,1
154165,2026-10-01,蒲郡,2,4626,4.59,25.3,0.0952,0.381,21,B1,0.22,7,60,17,4.6,0,0.171,10,6.72,0.4286,0.19,41.38,0.601,3,1,26,15.75,v2_lr,0
154165,2026-10-01,蒲郡,3,4771,7.11,60.9,0.2143,0.4286,14,A1,0.15,14,74,35,3,0.4,0.157,10,6.74,0.1429,-0.01,35.71,0.3724,3,1,26,18.05,v2_lr,0
154165,2026-10-01,蒲郡,4,4933,6.26,37.6,0.5714,0.5714,14,A2,0.13,8,61,17,2.9,0.4,0.13,10,6.75,0,0.06,37.93,0.4619,3,1,26,33.94,v2_lr,0
154165,2026-10-01,蒲郡,5,4652,4.67,30.4,0.25,0.4,20,B1,0.13,4,58,14,3.1,0.2,0.119,10,6.69,0.8571,0.16,26.47,0,3,1,26,10.29,v2_lr,0
154165,2026-10-01,蒲郡,6,5321,5.23,37.5,0.1228,0.3509,57,B1,0.25,0,58,8,4.2,0,0.245,10,6.75,0,0.17,44.44,0.7243,3,1,26,1.78,v2_lr,0
154166,2026-10-01,蒲郡,1,4850,6.22,41.6,0.2609,0.6087,46,A2,0.11,62,87,78,3,0.3,0.118,10,6.68,1,0.1,48.48,1,2,1,25,38.99,v2_lr,1
154166,2026-10-01,蒲郡,2,4811,4.53,24.1,0.0909,0.1818,11,B1,0.16,12,87,31,3.7,0.2,0.131,10,6.77,0,0.03,26.92,0.0818,2,1,25,15.04,v2_lr,0
154166,2026-10-01,蒲郡,4,4877,6.49,51.4,0.4583,0.6667,24,A1,0.13,13,65,25,2,0.6,0.127,10,6.76,0.1111,-0.01,29.63,0.1972,2,1,25,32.55,v2_lr,0
154166,2026-10-01,蒲郡,5,4593,5.89,34.8,0.0909,0.2727,11,A2,0.15,1,69,10,4.5,0.1,0.165,10,6.72,0.5556,0.08,44.44,0.8279,2,1,25,4.47,v2_lr,0
154166,2026-10-01,蒲郡,6,4521,4.64,25.4,0.0833,0.1667,12,B1,0.18,1,63,6,4.5,0,0.158,10,6.76,0.1111,0.2,25,0,2,1,25,1.35,v2_lr,0
154167,2026-10-01,蒲郡,1,4535,6.19,43.2,0.3333,0.3333,3,A2,0.16,56,81,70,3.2,0.3,0.162,10,6.69,0.9167,0.02,24.24,0,2,1,25,30.92,v2_lr,1
154167,2026-10-01,蒲郡,2,4471,6.99,52.1,0.5,0.6,10,A1,0.14,22,87,45,3.4,0.2,0.195,10,6.68,1,0.03,34.29,0.2319,2,1,25,32.17,v2_lr,0
154167,2026-10-01,蒲郡,3,3796,5.24,35.7,0.1818,0.3636,22,B1,0.18,4,76,22,4.1,0.1,0.162,10,6.76,0.3333,0.02,67.57,1,2,1,25,15.39,v2_lr,0
154167,2026-10-01,蒲郡,4,4674,5.35,32.3,0.1429,0.1429,14,B1,0.16,8,73,28,3.8,0.1,0.121,10,6.78,0.1667,0.06,25,0.0175,2,1,25,6.39,v2_lr,0
154167,2026-10-01,蒲郡,5,3442,5.03,22.9,0,0,4,B1,0.17,1,65,7,3.7,0.2,0.155,10,6.8,0,0.28,26.47,0.0515,2,1,25,1,v2_lr,0
154167,2026-10-01,蒲郡,6,3557,6.64,47.1,0.4286,0.6,35,A1,0.13,7,92,20,2.6,0.4,0.156,10,6.75,0.4167,0.07,32.14,0.1823,2,1,25,14.12,v2_lr,0
154168,2026-10-01,蒲郡,1,4512,6.72,50,0.3061,0.5714,49,A1,0.14,103,125,113,2.7,0.2,0.162,10,6.73,0.7778,-0.01,24.24,0,2,1,24,38.17,v2_lr,1
154168,2026-10-01,蒲郡,2,4463,5.96,42.5,0.1429,0.2857,14,A2,0.16,9,66,26,3,0.3,0.148,10,6.71,1,-0.01,39.39,0.5117,2,1,24,26.62,v2_lr,0
154168,2026-10-01,蒲郡,3,3327,6.03,44.4,0.1667,0.3571,42,A2,0.18,7,68,18,3.6,0,0.181,10,6.8,0,-0.01,51.52,0.9213,2,1,24,16.47,v2_lr,0
154168,2026-10-01,蒲郡,4,4423,4.89,29.2,0.0769,0.1538,13,B1,0.18,12,72,27,3.9,0.2,0.175,10,6.75,0.5556,0.12,29.63,0.182,2,1,24,6.11,v2_lr,0
154168,2026-10-01,蒲郡,5,4245,4.8,29,0.1071,0.25,28,B1,0.21,2,65,8,2,0.4,0.154,10,6.74,0.6667,-0.02,53.85,1,2,1,24,5.81,v2_lr,0
154168,2026-10-01,蒲郡,6,4102,6.59,51.5,0.25,0.5,16,A1,0.15,2,75,8,2.4,0.3,0.133,10,6.77,0.3333,-0.11,32.14,0.2668,2,1,24,6.82,v2_lr,0
154169,2026-10-01,蒲郡,1,4475,6.38,44.8,0.125,0.2813,32,A1,0.17,60,95,80,3.7,0,0.195,10,6.69,1,0.1,50,0.8457,3,1,24,23.49,v2_lr,0
154169,2026-10-01,蒲郡,2,4036,6.32,45,0.3333,0.5,18,A1,0.16,13,67,29,2.4,0.4,0.145,10,6.72,0.75,0.16,33.33,0.1253,3,1,24,26.56,v2_lr,0
154169,2026-10-01,蒲郡,3,4933,6.26,37.6,0.5714,0.5714,14,A2,0.13,15,62,34,2.9,0.4,0.13,10,6.81,0,0.19,37.93,0.3241,3,1,24,29.22,v2_lr,1
154169,2026-10-01,蒲郡,4,4416,5.32,29.8,0.25,0.5833,12,B1,0.14,10,74,19,3,0.3,0.176,10,6.72,0.75,0.07,53.57,1,3,1,24,15.48,v2_lr,0
154169,2026-10-01,蒲郡,5,3708,4.91,25.8,0.0769,0.3077,13,B1,0.17,3,70,10,2.9,0.2,0.116,10,6.79,0.1667,0.03,30.77,0.0147,3,1,24,2.13,v2_lr,0
154169,2026-10-01,蒲郡,6,4486,5.56,43.7,0.2222,0.6111,18,A2,0.17,3,71,11,2.5,0.3,0.154,10,6.78,0.25,0.08,30.43,0,3,1,24,3.12,v2_lr,0
154170,2026-10-01,蒲郡,1,4771,7.11,60.9,0.2143,0.4286,14,A1,0.15,90,115,101,3,0.4,0.157,10,6.67,1,0.07,35.71,0.5033,2,1,24,22.82,v2_lr,1
154170,2026-10-01,蒲郡,2,4060,4.92,35.1,0.4286,0.6429,14,B1,0.16,11,68,33,3.4,0.3,0.162,10,6.73,0.4,0.02,33.33,0.3736,2,1,24,24.7,v2_lr,0
154170,2026-10-01,蒲郡,3,4418,8.09,52.2,0.25,0.5,12,A1,0.12,20,67,37,2.9,0.3,0.109,10,6.72,0.5,0.1,26.47,0,2,1,24,15.83,v2_lr,0
154170,2026-10-01,蒲郡,4,4643,6.36,47.7,0.1818,0.2727,11,A2,0.11,8,71,25,1.9,0.4,0.13,10,6.69,0.8,0.14,35.48,0.4907,2,1,24,8.74,v2_lr,0
154170,2026-10-01,蒲郡,5,4413,5.9,36.3,0.4286,0.4286,14,A2,0.18,10,76,17,2.8,0.3,0.15,10,6.77,0,0.15,44.83,1,2,1,24,15.13,v2_lr,0
154171,2026-10-01,津,1,3931,5.7,37.9,0.1628,0.3256,43,A2,0.16,34,55,44,2.4,0.2,0.163,10,6.67,0.7778,0.14,33.54,0.404,4,2,28,41.16,v2_lr,1
154171,2026-10-01,津,2,4625,4.82,31.6,0.1429,0.3429,35,B1,0.2,7,70,19,3.4,0.2,0.133,10,6.72,0.2222,0.11,27.61,0,4,2,28,24.71,v2_lr,0
154171,2026-10-01,津,3,4200,4.43,23.6,0,0.1,10,B1,0.21,4,73,14,3.1,0.1,0.152,10,6.65,1,0.16,37.65,0.6839,4,2,28,10.95,v2_lr,0
154171,2026-10-01,津,4,5315,2.53,8.3,0,0,1,B2,0.22,4,58,6,4.8,0,0.149,10,6.67,0.7778,0.04,37.8,0.6941,4,2,28,5.65,v2_lr,0
154171,2026-10-01,津,5,3445,4.96,21.7,0.25,0.4375,16,B1,0.23,2,52,9,3.4,0.1,0.171,10,6.68,0.6667,0.02,31.07,0.2357,4,2,28,16.35,v2_lr,0
154171,2026-10-01,津,6,4457,4.69,24.4,0,0,1,B1,0.17,0,52,9,3.6,0.2,0.178,10,6.74,0,0.1,42.29,1,4,2,28,1.18,v2_lr,0
154172,2026-10-01,津,1,3605,4.19,22.3,0.0758,0.2727,66,B1,0.18,24,55,33,3.7,0,0.162,10,6.86,0,0.16,40.94,1,4,2,25,40.24,v2_lr,0
154172,2026-10-01,津,2,3891,3.28,9.8,0.1053,0.2105,19,B1,0.16,7,71,13,5,0,0.153,10,6.85,0.1111,0.14,22.81,0,4,2,25,28.74,v2_lr,0
154172,2026-10-01,津,3,4176,3.17,10.4,0,0.1111,9,B2,0.19,2,49,8,4.6,0,0.166,10,6.85,0.1111,0.15,34.32,0.6349,4,2,25,9.91,v2_lr,0
154172,2026-10-01,津,4,3306,4.35,18.6,0.0526,0.2105,19,B1,0.16,5,68,10,5,0,0.213,10,6.77,1,0.06,27.85,0.278,4,2,25,13.23,v2_lr,0
154172,2026-10-01,津,5,3454,5.36,31.8,0,0.05,20,B1,0.15,6,58,14,3.6,0.1,0.129,10,6.82,0.4444,0.04,32.16,0.5157,4,2,25,4.04,v2_lr,1
154172,2026-10-01,津,6,5266,4.88,29.6,0.1111,0.2593,27,B1,0.16,0,53,1,3.8,0.1,0.143,10,6.84,0.2222,0.2,35.25,0.6862,4,2,25,3.83,v2_lr,0
154173,2026-10-01,津,1,5103,3.45,14.2,0,0,8,B2,0.17,10,41,16,4.5,0.1,0.201,10,6.74,0.9167,0.19,45.22,1,4,2,25,34.06,v2_lr,0
154173,2026-10-01,津,2,5011,3.76,16,0,0.3333,3,B1,0.14,3,61,10,4.5,0,0.144,10,6.77,0.6667,0.13,36.91,0.6078,4,2,25,19.71,v2_lr,0
154173,2026-10-01,津,3,4360,5.87,37.7,0.0588,0.1765,17,A2,0.21,8,75,22,3.8,0.2,0.155,10,6.73,1,0.15,37.11,0.6173,4,2,25,20.85,v2_lr,0
154173,2026-10-01,津,4,4394,5.88,42.2,0,0.5,8,A2,0.14,8,69,18,2.6,0.3,0.1,10,6.85,0,0.09,24.03,0,4,2,25,4.17,v2_lr,0
154173,2026-10-01,津,5,5441,3.67,16.4,0,0.1429,7,B1,,1,42,8,4.7,0,0.208,10,6.73,1,0.2,30.16,0.2893,4,2,25,3.78,v2_lr,0
154173,2026-10-01,津,6,4096,6.32,48.5,0.3,0.4,20,A1,0.18,6,62,16,2.9,0.4,0.126,10,6.75,0.8333,0.12,31.58,0.3563,4,2,25,17.44,v2_lr,1
154174,2026-10-01,津,1,3647,3.66,12.6,0,0.1923,26,B1,0.19,10,60,25,3.6,0.1,0.152,10,6.83,0.1333,0.03,29.33,0.1626,5,3,26,20.17,v2_lr,1
154174,2026-10-01,津,2,3743,6.36,51.4,0.2,0.2,10,A1,0.13,12,72,29,2.3,0.4,0.158,10,6.82,0.2,0.05,27.6,0,5,3,26,33.29,v2_lr,0
154174,2026-10-01,津,3,4402,5.51,38.4,0.2,0.3,10,A2,0.16,16,70,33,3.5,0.1,0.156,10,6.8,0.3333,0.37,31.82,0.3966,5,3,26,22.39,v2_lr,0
154174,2026-10-01,津,4,4022,3.95,19.1,0,0,9,B1,0.15,1,63,10,3.1,0.1,0.162,10,6.78,0.4667,0.05,31.06,0.3252,5,3,26,4.86,v2_lr,0
154174,2026-10-01,津,5,3811,6.33,51.2,0.1429,0.2143,14,A1,0.16,6,73,19,3.5,0.1,0.163,10,6.85,0,0.06,38.24,1,5,3,26,6.72,v2_lr,0
154174,2026-10-01,津,6,3550,5.32,36.9,0.25,0.4444,36,B1,0.17,2,68,6,4.2,0.1,0.159,10,6.7,1,0.06,37.57,0.937,5,3,26,12.57,v2_lr,0
154175,2026-10-01,津,1,4073,6.34,48,0.125,0.4167,24,A1,0.14,67,98,83,2.7,0.2,0.151,10,6.7,1,0.48,29.11,0.1283,5,3,26,24.12,v2_lr,1
154175,2026-10-01,津,2,4094,4.17,24.3,0.25,0.35,20,B1,0.19,9,75,23,4.9,0,0.196,10,6.77,0.5333,0.31,30.77,0.2342,5,3,26,25.68,v2_lr,0
154175,2026-10-01,津,3,4054,4.77,33,0,0.125,8,B1,0.13,3,62,15,4.5,0,0.185,10,6.78,0.4667,0.37,42.77,1,5,3,26,5.21,v2_lr,0
154175,2026-10-01,津,4,4358,4.2,27,0.125,0.325,80,B1,0.2,3,71,16,3.7,0,0.22,10,6.76,0.6,0.25,27.1,0,5,3,26,6.41,v2_lr,0
154175,2026-10-01,津,5,5208,4.38,24.4,1,1,1,B1,0.14,0,60,4,4.5,0.1,0.191,10,6.85,0,0.22,30.34,0.2068,5,3,26,37.97,v2_lr,0
154175,2026-10-01,津,6,5456,0,0,0,0,1,B2,,0,43,1,5,0,0.124,10,6.78,0.4667,0.15,29.61,0.1602,5,3,26,0.62,v2_lr,0
154176,2026-10-01,津,1,4380,4.59,26.6,0,0.25,12,B1,0.14,34,60,43,3.7,0.1,0.168,10,6.76,0.2,0.11,40.46,0.703,5,3,27,21.71,v2_lr,1
154176,2026-10-01,津,2,4509,5.81,33.3,0,0,2,A2,0.18,13,71,28,3,0.1,0.218,10,6.76,0.2,0.15,46.15,1,5,3,27,15.25,v2_lr,0
154176,2026-10-01,津,3,5266,4.88,29.6,0.1111,0.2593,27,B1,0.16,3,58,10,3.8,0.1,0.143,10,6.76,0.2,0.2,35.25,0.4311,5,3,27,14.68,v2_lr,0
154176,2026-10-01,津,4,4578,5.74,46.6,0.3077,0.5897,39,A2,0.18,9,74,25,3.3,0.2,0.16,10,6.76,0.2,-0.06,26.99,0,5,3,27,27.35,v2_lr,0
154176,2026-10-01,津,5,5315,2.53,8.3,0,0,1,B2,0.22,1,62,3,4.8,0,0.149,10,6.77,0,0.41,37.8,0.5642,5,3,27,1.49,v2_lr,0
154176,2026-10-01,津,6,4350,7.56,55.3,0.3636,0.4545,11,A1,0.12,6,84,23,1.5,0.7,0.134,10,6.72,1,0.38,32.04,0.2636,5,3,27,19.52,v2_lr,0
154177,2026-10-01,津,1,4336,4.95,31.6,0.1538,0.3077,13,B1,0.14,50,70,59,3.4,0,0.115,10,6.82,0,0.07,22.56,0,5,3,27,33.48,v2_lr,0
154177,2026-10-01,津,2,4319,5.69,39.8,0.0556,0.3889,18,A2,0.19,12,97,46,3.5,0.3,0.148,10,6.71,0.9167,0.07,36.02,0.7323,5,3,27,23.77,v2_lr,1
154177,2026-10-01,津,3,3605,4.19,22.3,0.0758,0.2727,66,B1,0.18,3,65,12,3.7,0,0.162,10,6.79,0.25,0.03,40.94,1,5,3,27,13.83,v2_lr,0
154177,2026-10-01,津,4,4861,5.59,37.8,0.1111,0.3333,9,A2,0.16,7,77,25,2.8,0.1,0.12,10,6.72,0.8333,-0.02,33.15,0.5762,5,3,27,13.21,v2_lr,0
154177,2026-10-01,津,5,4002,6.39,44.8,0.2,0.44,25,A1,0.14,13,63,22,2.5,0.2,0.149,10,6.7,1,0.03,28.57,0.327,5,3,27,13.94,v2_lr,0
154177,2026-10-01,津,6,4200,4.43,23.6,0,0.1,10,B1,0.21,0,53,4,3.1,0.1,0.152,10,6.72,0.8333,0.1,37.65,0.821,5,3,27,1.76,v2_lr,0
154178,2026-10-01,津,1,5011,3.76,16,0,0.3333,3,B1,0.14,13,31,18,4.5,0,0.144,10,6.76,0.7273,0.15,36.91,0.7431,4,2,27,24.63,v2_lr,1
154178,2026-10-01,津,2,4215,5.7,36.3,0.2,0.4,25,A2,0.17,9,73,27,2.6,0.2,0.182,10,6.84,0,0.18,40.45,1,4,2,27,33,v2_lr,0
154178,2026-10-01,津,3,4727,4.26,23.6,0.1111,0.3333,9,B1,0.15,4,68,15,3.3,0.3,0.148,10,6.81,0.2727,0.12,31.67,0.3628,4,2,27,14.88,v2_lr,0
154178,2026-10-01,津,4,3931,5.7,37.9,0.1628,0.3256,43,A2,0.16,6,46,19,2.4,0.2,0.163,10,6.73,1,0.11,33.54,0.4985,4,2,27,18.11,v2_lr,0
154178,2026-10-01,津,5,4176,3.17,10.4,0,0.1111,9,B2,0.19,2,53,4,4.6,0,0.166,10,6.8,0.3636,0.26,34.32,0.5552,4,2,27,2.08,v2_lr,0
154178,2026-10-01,津,6,3304,6.39,45.2,0.2174,0.4348,23,A1,0.19,2,79,10,2.9,0.4,0.153,10,6.75,0.8182,0.17,26.67,0,4,2,27,7.3,v2_lr,0
154179,2026-10-01,津,1,4040,6.06,43.3,0.2222,0.3333,9,A2,0.14,59,90,70,3.4,0.2,0.145,10,6.73,0.8,-0.02,36.71,1,4,2,28,32.8,v2_lr,1
154179,2026-10-01,津,2,4096,6.32,48.5,0.3,0.4,20,A1,0.18,17,66,39,2.9,0.4,0.126,10,6.71,1,0.01,31.58,0.6309,4,2,28,32.57,v2_lr,0
154179,2026-10-01,津,3,4094,4.17,24.3,0.25,0.35,20,B1,0.19,2,62,9,4.9,0,0.196,10,6.79,0.2,0.14,30.77,0.5727,4,2,28,19.61,v2_lr,0
154179,2026-10-01,津,4,3891,3.28,9.8,0.1053,0.2105,19,B1,0.16,2,70,4,5,0,0.153,10,6.8,0.1,0.08,22.81,0,4,2,28,5.01,v2_lr,0
154179,2026-10-01,津,5,3743,6.36,51.4,0.2,0.2,10,A1,0.13,13,69,27,2.3,0.4,0.158,10,6.75,0.6,0.01,27.6,0.3446,4,2,28,8.02,v2_lr,0
154179,2026-10-01,津,6,3712,4.52,26.1,0.137,0.3288,73,B1,0.16,0,48,3,3.7,0.2,0.14,10,6.81,0,0.05,28.14,0.3835,4,2,28,1.99,v2_lr,0
154180,2026-10-01,津,1,4402,5.51,38.4,0.2,0.3,10,A2,0.16,63,91,78,3.5,0.1,0.156,10,6.78,0.375,0.26,31.82,0.4525,6,5,28,40.48,v2_lr,1
154180,2026-10-01,津,2,4903,7.07,56.4,0.1429,0.4643,28,A1,0.18,27,84,46,2.5,0.3,0.146,10,6.76,0.625,0.24,24.68,0,6,5,28,27.09,v2_lr,0
154180,2026-10-01,津,3,4380,4.59,26.6,0,0.25,12,B1,0.14,8,78,23,3.7,0.1,0.168,10,6.8,0.125,0.19,40.46,1,6,5,28,7.24,v2_lr,0
154180,2026-10-01,津,4,4049,6.11,40,0.2759,0.4943,87,A2,0.17,5,88,20,3.3,0.2,0.163,10,6.81,0,0.22,38.55,0.879,6,5,28,21.8,v2_lr,0
154180,2026-10-01,津,5,4711,5.91,41.8,0,0.1818,11,A2,0.17,3,65,14,2.9,0.1,0.131,10,6.78,0.375,0.32,30.39,0.3619,6,5,28,1.98,v2_lr,0
154180,2026-10-01,津,6,5441,3.67,16.4,0,0.1429,7,B1,,5,77,11,4.7,0,0.208,10,6.73,1,0.31,30.16,0.3473,6,5,28,1.42,v2_lr,0
154181,2026-10-01,津,1,3811,6.33,51.2,0.1429,0.2143,14,A1,0.16,65,106,89,3.5,0.1,0.163,10,6.84,0,0.25,38.24,0.7782,5,3,28,23.64,v2_lr,0
154181,2026-10-01,津,2,5208,4.38,24.4,1,1,1,B1,0.14,6,63,17,4.5,0.1,0.191,10,6.81,0.1579,0.41,30.34,0.3456,5,3,28,38.56,v2_lr,0
154181,2026-10-01,津,3,4350,7.56,55.3,0.3636,0.4545,11,A1,0.12,17,74,38,1.5,0.7,0.134,10,6.65,1,0.16,32.04,0.4387,5,3,28,31.98,v2_lr,1
154181,2026-10-01,津,4,4457,4.69,24.4,0,0,1,B1,0.17,3,63,12,3.6,0.2,0.178,10,6.77,0.3684,0.37,42.29,1,5,3,28,3.02,v2_lr,0
154181,2026-10-01,津,5,4394,5.88,42.2,0,0.5,8,A2,0.14,4,58,12,2.6,0.3,0.1,10,6.84,0,0.15,24.03,0,5,3,28,1.18,v2_lr,0
154181,2026-10-01,津,6,4319,5.69,39.8,0.0556,0.3889,18,A2,0.19,1,73,10,3.5,0.3,0.148,10,6.72,0.6316,0.15,36.02,0.6566,5,3,28,1.61,v2_lr,0
154182,2026-10-01,津,1,4002,6.39,44.8,0.2,0.44,25,A1,0.14,67,93,81,2.5,0.2,0.149,10,6.73,1,0.07,28.57,0,6,5,28,33.29,v2_lr,0
154182,2026-10-01,津,2,4808,5.55,31,0.2456,0.4737,114,A2,0.15,13,88,46,2.6,0.2,0.142,10,6.75,0.8571,0.04,39.46,1,6,5,28,32.59,v2_lr,1
154182,2026-10-01,津,3,3445,4.96,21.7,0.25,0.4375,16,B1,0.23,0,51,13,3.4,0.1,0.171,10,6.81,0.4286,0.18,31.07,0.2296,6,5,28,22.32,v2_lr,0
154182,2026-10-01,津,4,4073,6.34,48,0.125,0.4167,24,A1,0.14,12,79,28,2.7,0.2,0.151,10,6.79,0.5714,0.25,29.11,0.0496,6,5,28,7.2,v2_lr,0
154182,2026-10-01,津,5,4727,4.26,23.6,0.1111,0.3333,9,B1,0.15,3,66,7,3.3,0.3,0.148,10,6.87,0,0.17,31.67,0.2847,6,5,28,2.9,v2_lr,0
154182,2026-10-01,津,6,4360,5.87,37.7,0.0588,0.1765,17,A2,0.21,2,59,7,3.8,0.2,0.155,10,6.78,0.6429,0.26,37.11,0.7842,6,5,28,1.69,v2_lr,0
154183,2026-10-01,住之江,1,4272,4.7,23.4,,,0,B1,0.15,22,53,38,2.7,0.3,0.15,10,6.84,1,0.06,40.91,0.9125,1,1,25,37.84,v2_lr,1
154183,2026-10-01,住之江,2,4211,3.28,9.6,0.1707,0.2927,41,B1,0.16,2,58,18,4.2,0.1,0.123,10,6.92,0.3333,-0.06,28.95,0.4091,1,1,25,27.8,v2_lr,0
154183,2026-10-01,住之江,3,4411,5.77,40,0.1356,0.339,59,A2,0.17,14,73,27,3.6,0.1,0.189,10,6.95,0.0833,-0.05,40.91,0.9125,1,1,25,16.93,v2_lr,0
154183,2026-10-01,住之江,4,4395,5.29,34.4,,,0,B1,0.16,8,69,16,4.6,0,0.195,10,6.96,0,0.09,27.83,0.362,1,1,25,9.62,v2_lr,0
154183,2026-10-01,住之江,5,4059,5.04,34.7,0.1111,0.4444,9,B1,0.16,5,62,17,4.6,0,0.219,10,6.89,0.5833,0.05,19.23,0,1,1,25,4.87,v2_lr,0
154183,2026-10-01,住之江,6,4651,3.97,17.9,0.0556,0.0833,36,B1,0.16,2,55,3,3.7,0,0.129,10,6.86,0.8333,-0.1,42.99,1,1,1,25,2.95,v2_lr,0
154184,2026-10-01,住之江,1,4995,4.8,26,0.0435,0.1739,23,B1,0.18,29,57,39,4.2,0.1,0.163,10,6.85,0.8462,0.07,28.7,0.8475,2,1,27,23.84,v2_lr,0
154184,2026-10-01,住之江,2,4104,4.63,28.8,0.125,0.125,8,B1,0.15,5,55,14,3.6,0.2,0.135,10,6.85,0.8462,-0.08,26.32,0.6778,2,1,27,24.27,v2_lr,0
154184,2026-10-01,住之江,3,5221,6.42,46.4,0.2317,0.4024,82,A1,0.15,13,72,36,2.7,0.1,0.143,10,6.84,0.9231,-0.02,29.36,0.8945,2,1,27,26.86,v2_lr,1
154184,2026-10-01,住之江,4,3564,4.34,26.7,0.1481,0.2222,27,B1,0.17,9,78,18,4.1,0,0.154,10,6.83,1,-0.03,30.84,1,2,1,27,14,v2_lr,0
154184,2026-10-01,住之江,5,4422,4.71,32,0.1948,0.2468,77,B1,0.15,2,77,8,4,0.2,0.163,10,6.87,0.6923,-0.09,16.81,0,2,1,27,8.67,v2_lr,0
154184,2026-10-01,住之江,6,5409,1.74,0,,,0,B2,,0,113,2,4.6,0.1,0.105,10,6.96,0,-0.04,17.92,0.0791,2,1,27,2.37,v2_lr,0
154185,2026-10-01,住之江,1,3602,4.27,14.6,0.0556,0.2778,18,B1,0.19,18,56,28,3.4,0.2,0.138,10,6.9,0.375,0.2,50,1,0,1,27,22.52,v2_lr,0
154185,2026-10-01,住之江,2,4702,6.36,51.6,0.3793,0.5172,29,A1,0.15,12,72,35,2.7,0.4,0.094,10,6.9,0.375,0.14,31.13,0,0,1,27,36.98,v2_lr,1
154185,2026-10-01,住之江,3,4697,4.13,21.5,0.1429,0.2857,14,B1,0.16,7,72,19,4,0,0.16,10,6.87,0.75,0.17,31.78,0.0344,0,1,27,15.72,v2_lr,0
154185,2026-10-01,住之江,4,3432,4.27,23.5,0.2174,0.2609,23,B1,0.14,4,72,15,4,0.1,0.156,10,6.85,1,0.11,36.45,0.2819,0,1,27,17.66,v2_lr,0
154185,2026-10-01,住之江,5,4122,5.58,33.8,0.1765,0.4118,17,A2,0.17,3,83,9,2.8,0.2,0.135,10,6.93,0,0.06,49.54,0.9756,0,1,27,6.58,v2_lr,0
154186,2026-10-01,住之江,1,3904,5.06,32.5,0.125,0.4167,48,B1,0.18,25,59,43,4.2,0.2,0.132,10,6.88,0.3333,0.06,29.2,0.2607,0,1,26,26.1,v2_lr,1
154186,2026-10-01,住之江,2,3951,5.19,28.8,0.1951,0.3659,41,B1,0.19,16,82,38,4.5,0.1,0.176,10,6.9,0,0.11,29.36,0.2676,0,1,26,23.22,v2_lr,0
154186,2026-10-01,住之江,3,4086,6.17,42.9,0.2,0.35,20,A2,0.16,13,74,38,3.4,0.2,0.128,10,6.85,0.8333,-0.02,33.64,0.452,0,1,26,23.53,v2_lr,0
154186,2026-10-01,住之江,4,5022,3.87,20.2,0.1154,0.2692,26,B1,0.18,7,60,14,4.8,0,0.146,10,6.84,1,-0.02,23.15,0,0,1,26,10.01,v2_lr,0
154186,2026-10-01,住之江,5,4815,4.34,22.4,0.1875,0.3125,16,B1,0.21,4,55,13,3.7,0.2,0.135,10,6.84,1,-0.03,38.89,0.6782,0,1,26,10.93,v2_lr,0
154186,2026-10-01,住之江,6,4136,6.66,46.8,0.1875,0.5,16,A1,0.17,2,71,17,2.4,0.4,0.138,10,6.85,0.8333,0.06,46.36,1,0,1,26,6.22,v2_lr,0
154187,2026-10-01,住之江,1,4424,6.1,41.9,0.1176,0.2353,17,A2,0.17,73,106,86,3.7,0.1,0.143,10,6.81,1,0.15,19.27,0.0021,1,1,26,25.14,v2_lr,0
154187,2026-10-01,住之江,2,4357,7.02,55.4,0.3684,0.6053,38,A1,0.19,23,74,46,2.6,0.3,0.188,10,6.84,0.7857,0.26,32.74,0.7213,1,1,26,32.22,v2_lr,1
154187,2026-10-01,住之江,3,4314,5.62,37.8,0.2105,0.3158,19,A2,0.17,16,77,31,3,0.3,0.149,10,6.81,1,0.07,37.96,1,1,1,26,22.67,v2_lr,0
154187,2026-10-01,住之江,4,4598,5.41,36.9,,,0,B1,0.16,6,69,25,3.3,0.1,0.128,10,6.92,0.2143,-0.05,32.74,0.7213,1,1,26,9.68,v2_lr,0
154187,2026-10-01,住之江,5,4082,5.33,34.3,0.2222,0.3611,36,B1,0.17,4,62,14,2.8,0.3,0.175,10,6.9,0.3571,-0.03,33.03,0.7368,1,1,26,9.12,v2_lr,0
154187,2026-10-01,住之江,6,4059,5.04,34.7,0.1111,0.4444,9,B1,0.16,4,71,9,4.6,0,0.219,10,6.95,0,0.35,19.23,0,1,1,26,1.17,v2_lr,0
154188,2026-10-01,住之江,1,4976,5.22,33.3,0.0556,0.3333,18,B1,0.22,19,53,30,3.7,0,0.153,10,6.82,1,0.15,37.5,1,1,1,26,28.7,v2_lr,1
154188,2026-10-01,住之江,2,4560,5.93,40,0.3158,0.4737,19,A2,0.14,15,74,35,3.1,0.2,0.16,10,6.86,0.5556,0.09,32.73,0.6495,1,1,26,38.71,v2_lr,0
154188,2026-10-01,住之江,3,4395,5.29,34.4,,,0,B1,0.16,4,76,22,4.6,0,0.195,10,6.91,0,0.22,27.83,0.2895,1,1,26,14.08,v2_lr,0
154188,2026-10-01,住之江,4,4427,6.43,41.3,0.2143,0.4524,84,A1,0.15,17,76,36,4.1,0.2,0.158,10,6.85,0.6667,0.37,29.09,0.3821,1,1,26,15.37,v2_lr,0
154188,2026-10-01,住之江,5,3722,3.16,10.6,0,0,8,B1,0.18,0,65,1,3.7,0,0.176,10,6.88,0.3333,0.35,23.89,0,1,1,26,1.44,v2_lr,0
154188,2026-10-01,住之江,6,3107,3.97,13.3,0.0833,0.1667,24,B1,0.18,0,40,1,4.3,0.1,0.186,10,6.89,0.2222,0.15,24.56,0.0492,1,1,26,1.7,v2_lr,0
154189,2026-10-01,住之江,1,4697,4.13,21.5,0.1429,0.2857,14,B1,0.16,17,56,28,4,0,0.16,10,6.85,0.5,0.05,31.78,0.3847,0,1,26,32.14,v2_lr,1
154189,2026-10-01,住之江,2,4099,6.25,42,,,0,A2,0.17,15,76,33,3.5,0.1,0.128,10,6.87,0.3,0.05,36.79,0.6597,0,1,26,26.67,v2_lr,0
154189,2026-10-01,住之江,3,4651,3.97,17.9,0.0556,0.0833,36,B1,0.16,4,59,13,3.7,0,0.129,10,6.84,0.6,-0.05,42.99,1,0,1,26,13.44,v2_lr,0
154189,2026-10-01,住之江,4,4944,4.07,21.5,0.2857,0.4286,7,B1,0.18,4,59,7,4,0,0.123,10,6.8,1,0.09,24.77,0,0,1,26,24.56,v2_lr,0
154189,2026-10-01,住之江,5,5105,4.56,22.2,0,0.0769,13,B1,0.21,1,73,16,4.4,0,0.167,10,6.9,0,0.17,34.86,0.5538,0,1,26,1.67,v2_lr,0
154189,2026-10-01,住之江,6,4759,6.78,44.4,0.0526,0.3158,19,A1,0.17,1,79,19,1.5,0.6,0.129,10,6.87,0.3,0.16,27.68,0.1597,0,1,26,1.52,v2_lr,0
154190,2026-10-01,住之江,1,4411,5.77,40,0.1356,0.339,59,A2,0.17,54,87,71,3.6,0.1,0.189,10,6.85,1,0.02,40.91,1,0,1,25,31.8,v2_lr,1
154190,2026-10-01,住之江,2,4367,4.07,9.4,0.0741,0.3333,27,B1,0.18,3,60,12,4.4,0,0.175,10,6.87,0.75,0.16,22.73,0,0,1,25,16.86,v2_lr,0
154190,2026-10-01,住之江,3,5028,6.52,46.9,0.1429,0.4286,7,A1,0.16,16,74,32,3.2,0,0.134,10,6.85,1,0.13,34.55,0.6502,0,1,25,18.85,v2_lr,0
154190,2026-10-01,住之江,4,3904,5.06,32.5,0.125,0.4167,48,B1,0.18,3,54,15,4.2,0.2,0.132,10,6.91,0.25,0.07,29.2,0.3559,0,1,25,7.6,v2_lr,0
154190,2026-10-01,住之江,5,3613,6.22,49.6,0.4167,0.5,12,A2,0.15,1,71,18,2.9,0.2,0.148,10,6.93,0,0.1,36.04,0.7321,0,1,25,21.51,v2_lr,0
154190,2026-10-01,住之江,6,4104,4.63,28.8,0.125,0.125,8,B1,0.15,2,50,7,3.6,0.2,0.135,10,6.86,0.875,0.01,26.32,0.1975,0,1,25,3.38,v2_lr,0
154191,2026-10-01,住之江,1,4042,6.25,44.3,0.2289,0.3855,83,A2,0.16,77,111,91,3.1,0.1,0.206,10,6.83,1,0.12,40.91,0.801,0,1,25,29.71,v2_lr,1
154191,2026-10-01,住之江,2,4138,4.37,22.1,0.1667,0.2857,42,B1,0.19,4,69,16,4.2,0,0.164,10,6.87,0.5,0.04,27.1,0,0,1,25,19.55,v2_lr,0
154191,2026-10-01,住之江,3,4815,4.34,22.4,0.1875,0.3125,16,B1,0.21,6,51,19,3.7,0.2,0.135,10,6.91,0,0.09,38.89,0.6839,0,1,25,13.81,v2_lr,0
154191,2026-10-01,住之江,4,4330,5.97,40.6,0.3529,0.5,34,A2,0.12,13,64,24,2.4,0.4,0.122,10,6.83,1,-0.06,44.34,1,0,1,25,25.6,v2_lr,0
154191,2026-10-01,住之江,5,4608,6,42.3,0.2,0.6,10,A2,0.18,3,72,13,3.1,0.1,0.147,10,6.9,0.125,0.05,28.18,0.0626,0,1,25,5.51,v2_lr,0
154191,2026-10-01,住之江,6,4314,5.62,37.8,0.2105,0.3158,19,A2,0.17,3,63,8,3,0.3,0.149,10,6.83,1,0.09,37.96,0.6299,0,1,25,5.82,v2_lr,0
154192,2026-10-01,住之江,1,4351,7.01,53.1,,,0,A1,0.15,83,120,100,2.8,0.3,0.139,10,6.84,1,0.07,40.37,0.6011,2,1,25,38.74,v2_lr,1
154192,2026-10-01,住之江,2,4122,5.58,33.8,0.1765,0.4118,17,A2,0.17,9,92,44,2.8,0.2,0.135,10,6.86,0.7778,-0.03,49.54,1,2,1,25,34.24,v2_lr,0
154192,2026-10-01,住之江,3,4976,5.22,33.3,0.0556,0.3333,18,B1,0.22,13,70,26,3.7,0,0.153,10,6.87,0.6667,-0.05,37.5,0.4763,2,1,25,13.4,v2_lr,0
154192,2026-10-01,住之江,4,4995,4.8,26,0.0435,0.1739,23,B1,0.18,4,64,12,4.2,0.1,0.163,10,6.9,0.3333,-0.03,28.7,0.0935,2,1,25,5.75,v2_lr,0
154192,2026-10-01,住之江,5,5289,5.71,38.8,0.0735,0.3235,68,A2,0.17,3,76,17,4.2,0,0.191,10,6.91,0.2222,-0.02,26.55,0,2,1,25,3.56,v2_lr,0
154192,2026-10-01,住之江,6,3951,5.19,28.8,0.1951,0.3659,41,B1,0.19,0,59,4,4.5,0.1,0.176,10,6.93,0,0,29.36,0.1222,2,1,25,4.3,v2_lr,0
154193,2026-10-01,住之江,1,4366,6.85,50,0,0.4444,9,A1,0.13,71,111,89,4.8,0,0.142,10,6.93,0.1429,0.02,27.68,0,2,1,26,17.7,v2_lr,1
154193,2026-10-01,住之江,2,5105,4.56,22.2,0,0.0769,13,B1,0.21,6,81,28,4.4,0,0.167,10,6.93,0.1429,0.15,34.86,0.5427,2,1,26,11.17,v2_lr,0
154193,2026-10-01,住之江,3,4082,5.33,34.3,0.2222,0.3611,36,B1,0.17,9,58,23,2.8,0.3,0.175,10,6.94,0,-0.03,33.03,0.4044,2,1,26,23.32,v2_lr,0
154193,2026-10-01,住之江,4,5221,6.42,46.4,0.2317,0.4024,82,A1,0.15,8,68,22,2.7,0.1,0.143,10,6.87,1,-0.05,29.36,0.127,2,1,26,23.12,v2_lr,0
154193,2026-10-01,住之江,5,4272,4.7,23.4,,,0,B1,0.15,1,68,8,2.7,0.3,0.15,10,6.87,1,-0.09,40.91,1,2,1,26,12,v2_lr,0
154193,2026-10-01,住之江,6,4560,5.93,40,0.3158,0.4737,19,A2,0.14,2,61,6,3.1,0.2,0.16,10,6.91,0.4286,-0.06,32.73,0.3817,2,1,26,12.69,v2_lr,0
154194,2026-10-01,住之江,1,4427,6.43,41.3,0.2143,0.4524,84,A1,0.15,86,110,102,4.1,0.2,0.158,10,6.87,0.5714,0.03,29.09,0.0755,3,1,25,27.26,v2_lr,1
154194,2026-10-01,住之江,2,4136,6.66,46.8,0.1875,0.5,16,A1,0.17,12,67,34,2.4,0.4,0.138,10,6.84,1,0.02,46.36,1,3,1,25,24.8,v2_lr,0
154194,2026-10-01,住之江,3,4759,6.78,44.4,0.0526,0.3158,19,A1,0.17,13,74,38,1.5,0.6,0.129,10,6.87,0.5714,-0.04,27.68,0,3,1,25,8.26,v2_lr,0
154194,2026-10-01,住之江,4,4702,6.36,51.6,0.3793,0.5172,29,A1,0.15,13,67,30,2.7,0.4,0.094,10,6.91,0,0.01,31.13,0.1847,3,1,25,20.02,v2_lr,0
154194,2026-10-01,住之江,5,4357,7.02,55.4,0.3684,0.6053,38,A1,0.19,12,62,31,2.6,0.3,0.188,10,6.88,0.4286,-0.02,32.74,0.2709,3,1,25,16.55,v2_lr,0
154194,2026-10-01,住之江,6,5028,6.52,46.9,0.1429,0.4286,7,A1,0.16,4,77,15,3.2,0,0.134,10,6.85,0.8571,0.07,34.55,0.3678,3,1,25,3.11,v2_lr,0
154195,2026-10-01,尼崎,1,5259,3.03,10,0,0.2222,9,B2,0.19,6,33,9,3.9,0,0.158,10,6.84,0.1667,0.27,37.01,0.781,3,0,27.2,17.43,v2_lr,0
154195,2026-10-01,尼崎,2,4639,4.57,26.6,0.2222,0.3333,18,B1,0.16,5,73,20,4.1,0.2,0.14,10,6.79,1,0.11,38.17,0.8619,3,0,27.2,40.2,v2_lr,0
154195,2026-10-01,尼崎,3,5161,6.03,46.5,0.24,0.3733,75,A2,0.18,7,78,25,2.8,0.3,0.144,10,6.82,0.5,0.13,34.19,0.5844,3,0,27.2,29.31,v2_lr,1
154195,2026-10-01,尼崎,4,4219,4.1,13.8,0,0.2857,7,B1,0.17,2,74,8,3.9,0,0.22,10,6.83,0.3333,0.04,40.15,1,3,0,27.2,4.91,v2_lr,0
154195,2026-10-01,尼崎,5,3606,5.4,33.9,0.1429,0.4286,14,B1,0.14,2,65,9,3,0.1,0.15,10,6.81,0.6667,0.02,25.81,0,3,0,27.2,7.24,v2_lr,0
154195,2026-10-01,尼崎,6,4548,3.29,10.6,0,0,6,B1,0.25,0,25,0,4.5,0,0.221,10,6.85,0,0.12,32.77,0.4854,3,0,27.2,0.92,v2_lr,0
154196,2026-10-01,尼崎,1,3434,4.81,29,0,0.3333,9,B1,0.18,31,57,39,3.3,0.2,0.15,10,6.82,0.4286,-0.02,36.92,1,2,0,25.3,26.71,v2_lr,1
154196,2026-10-01,尼崎,2,5218,6.27,43.4,0.1429,0.4286,7,A1,0.15,12,69,27,5.3,0,0.187,10,6.78,1,-0.04,31.5,0.6265,2,0,25.3,38.58,v2_lr,0
154196,2026-10-01,尼崎,3,3901,4.02,21.7,0.0714,0.0714,14,B2,0.22,5,63,17,3.8,0.1,0.158,10,6.85,0,-0.02,22.41,0,2,0,25.3,11.11,v2_lr,0
154196,2026-10-01,尼崎,4,4654,6.28,43.9,0.2075,0.4811,106,A1,0.16,6,69,24,2.7,0.1,0.155,10,6.85,0,0.04,31.15,0.6023,2,0,25.3,17.14,v2_lr,0
154196,2026-10-01,尼崎,5,4664,4.13,21.1,0,0.1111,9,B1,0.2,1,56,4,3.9,0.1,0.233,10,6.82,0.4286,0.18,29.03,0.4562,2,0,25.3,2.4,v2_lr,0
154196,2026-10-01,尼崎,6,3974,4.37,26,0.1176,0.2941,17,B1,0.16,1,42,2,3.8,0,0.14,10,6.79,0.8571,0.15,30.16,0.5341,2,0,25.3,4.05,v2_lr,0
154197,2026-10-01,尼崎,1,5031,4.61,21.2,0.1429,0.1429,7,B1,0.15,19,39,26,3.5,0.1,0.107,10,6.76,0.7692,0.23,36.29,0.4985,1,0,26.3,33.93,v2_lr,0
154197,2026-10-01,尼崎,2,4531,6.12,39.3,0.2,0.3,10,A2,0.18,16,83,39,1.7,0.6,0.098,10,6.86,0,0.18,44.72,1,1,0,26.3,28.59,v2_lr,0
154197,2026-10-01,尼崎,3,5264,4.91,22.4,0.1295,0.2734,139,B1,0.13,5,69,14,3.8,0.1,0.207,10,6.73,1,0.38,29.85,0.1154,1,0,26.3,16.56,v2_lr,1
154197,2026-10-01,尼崎,4,4683,4.17,30.4,,,0,B2,,5,48,15,4.3,0,0.101,10,6.86,0,0.23,29.84,0.1148,1,0,26.3,7.54,v2_lr,0
154197,2026-10-01,尼崎,5,3556,6.68,48.6,0.1935,0.4839,31,A1,0.13,5,68,22,2,0.6,0.13,10,6.75,0.8462,0.24,41.27,0.7948,1,0,26.3,10.37,v2_lr,0
154197,2026-10-01,尼崎,6,3790,4.59,21.8,,,0,B1,0.19,0,48,2,3.4,0,0.129,10,6.83,0.2308,0.13,27.91,0,1,0,26.3,3.01,v2_lr,0
154198,2026-10-01,尼崎,1,4987,4.09,19.1,0,0.0714,28,B1,0.16,17,43,22,2.8,0.2,0.133,10,6.81,0.3846,0.11,46.34,0.794,0,0,26.6,17.47,v2_lr,0
154198,2026-10-01,尼崎,2,4518,6.95,56.5,0.2857,0.8571,7,A1,0.2,22,66,38,2.9,0.2,0.165,10,6.73,1,0.09,49.58,1,0,0,26.6,35.7,v2_lr,1
154198,2026-10-01,尼崎,3,3614,4.37,22.8,,,0,B1,0.17,7,84,21,3.4,0.1,0.163,10,6.78,0.6154,-0.03,40.31,0.4107,0,0,26.6,18.44,v2_lr,0
154198,2026-10-01,尼崎,4,3654,6.17,46.6,0.2857,0.5714,21,A2,0.16,16,75,29,2.1,0.5,0.153,10,6.81,0.3846,0.06,33.85,0,0,0,26.6,18.79,v2_lr,0
154198,2026-10-01,尼崎,5,4106,3.35,13.7,0,0.1429,14,B1,0.21,2,58,7,5.1,0,0.151,10,6.86,0,-0.06,40,0.391,0,0,26.6,1.6,v2_lr,0
154198,2026-10-01,尼崎,6,3286,3.94,22.2,0.2857,0.2857,7,B2,0.16,1,45,2,4.4,0.1,0.192,10,6.82,0.3077,0.12,48.78,0.9491,0,0,26.6,8.01,v2_lr,0
154199,2026-10-01,尼崎,1,4700,6,41.9,0.1579,0.5263,19,A2,0.18,50,80,62,2.2,0.4,0.136,10,6.8,0.5294,0.13,29.77,0.537,2,0,27,27.69,v2_lr,0
154199,2026-10-01,尼崎,2,5257,6.39,44.3,0.25,0.4643,28,A1,0.19,17,81,44,1.9,0.3,0.157,10,6.77,0.7059,0.11,38.28,0.9407,2,0,27,30.05,v2_lr,1
154199,2026-10-01,尼崎,3,4429,3.58,11.5,0.0833,0.0833,12,B1,0.16,2,77,8,4.6,0,0.14,10,6.89,0,0.33,39.53,1,2,0,27,7.89,v2_lr,0
154199,2026-10-01,尼崎,4,5128,4.41,25.3,0.0833,0.0833,12,B1,0.19,3,47,11,4.6,0.1,0.133,10,6.78,0.6471,0.16,28.79,0.4905,2,0,27,6.34,v2_lr,0
154199,2026-10-01,尼崎,5,3995,6.23,44.3,0.4615,0.6154,13,A2,0.12,4,55,14,3,0.2,0.147,10,6.77,0.7059,0.06,18.45,0,2,0,27,26.22,v2_lr,0
154199,2026-10-01,尼崎,6,5340,3.87,13.2,0.0588,0.1765,17,B1,0.1,0,131,7,4.2,0.2,0.146,10,6.72,1,0.22,25.6,0.3392,2,0,27,1.82,v2_lr,0
154200,2026-10-01,尼崎,1,4539,6.3,45.6,0.2105,0.3158,19,A1,0.13,64,92,78,3,0.2,0.105,10,6.76,1,0.25,25.6,0.163,4,0,27,31.89,v2_lr,1
154200,2026-10-01,尼崎,2,3478,5.24,28.7,0.0833,0.25,24,B1,0.16,8,75,17,3.4,0.1,0.153,10,6.82,0.4,0.21,41.98,1,4,0,27,16.17,v2_lr,0
154200,2026-10-01,尼崎,3,4226,4.55,27.7,,,0,B1,0.17,7,77,20,4,0.1,0.139,10,6.79,0.7,0.29,25,0.1323,4,0,27,14.06,v2_lr,0
154200,2026-10-01,尼崎,4,4298,6.18,43.7,0.3636,0.6364,11,A2,0.15,9,71,21,3.7,0,0.17,10,6.79,0.7,0.19,34.68,0.627,4,0,27,25.66,v2_lr,0
154200,2026-10-01,尼崎,5,4546,5.88,39.7,0.2609,0.4783,23,B1,0.17,1,56,14,2.9,0.2,0.16,10,6.79,0.7,0.26,22.41,0,4,0,27,10.08,v2_lr,0
154200,2026-10-01,尼崎,6,5308,4.04,20.2,0.1579,0.3684,19,B1,0.17,0,48,1,4.1,0.1,0.167,10,6.86,0,0.31,38.89,0.8421,4,0,27,2.13,v2_lr,0
154201,2026-10-01,尼崎,1,4219,4.1,13.8,0,0.2857,7,B1,0.17,8,47,17,3.9,0,0.22,10,6.83,0.3846,0.04,40.15,1,4,0,27.4,19.29,v2_lr,0
154201,2026-10-01,尼崎,2,5281,6.46,49.5,0.3333,0.5238,21,A1,0.15,19,62,33,3.5,0.2,0.115,10,6.78,0.7692,0.01,39.39,0.9572,4,0,27.4,39.77,v2_lr,1
154201,2026-10-01,尼崎,3,5031,4.61,21.2,0.1429,0.1429,7,B1,0.15,2,62,12,3.5,0.1,0.107,10,6.8,0.6154,0.21,36.29,0.7824,4,0,27.4,16.86,v2_lr,0
154201,2026-10-01,尼崎,4,4365,5.56,40,0.2436,0.3333,78,A2,0.16,15,73,25,3,0.2,0.173,10,6.81,0.5385,0.09,31.3,0.5011,4,0,27.4,17.71,v2_lr,0
154201,2026-10-01,尼崎,5,3901,4.02,21.7,0.0714,0.0714,14,B2,0.22,1,52,9,3.8,0.1,0.158,10,6.88,0,0.12,22.41,0,4,0,27.4,2.22,v2_lr,0
154201,2026-10-01,尼崎,6,4675,5.72,37,,,0,A2,0.15,4,53,9,3.5,0.1,0.105,10,6.75,1,0.14,22.41,0,4,0,27.4,4.14,v2_lr,0
154202,2026-10-01,尼崎,1,4443,5.4,33.3,0.1667,0.3889,18,B1,0.16,33,79,51,3.3,0.3,0.185,10,6.77,0.8,0.15,15.09,0,4,0,27.9,28.48,v2_lr,0
154202,2026-10-01,尼崎,2,4150,5.79,40.6,0.2222,0.5556,9,A2,0.15,10,64,26,2.8,0.2,0.121,10,6.81,0.4,0.01,34.65,0.896,4,0,27.9,27.23,v2_lr,0
154202,2026-10-01,尼崎,3,4683,4.17,30.4,,,0,B2,,11,62,24,4.3,0,0.101,10,6.85,0,0.06,29.84,0.6757,4,0,27.9,12.32,v2_lr,0
154202,2026-10-01,尼崎,4,3854,6.32,37.8,0.3766,0.5325,77,A1,0.13,5,64,20,4.2,0.2,0.105,10,6.79,0.6,0.09,17.89,0.1283,4,0,27.9,26.01,v2_lr,1
154202,2026-10-01,尼崎,5,3434,4.81,29,0,0.3333,9,B1,0.18,3,68,14,3.3,0.2,0.15,10,6.82,0.3,0.02,36.92,1,4,0,27.9,1.82,v2_lr,0
154202,2026-10-01,尼崎,6,4962,5.79,34.1,,,0,A2,0.17,1,76,7,3.8,0.3,0.11,10,6.75,1,0.11,24.19,0.4169,4,0,27.9,4.14,v2_lr,0
154203,2026-10-01,尼崎,1,5161,6.03,46.5,0.24,0.3733,75,A2,0.18,60,88,76,2.8,0.3,0.144,10,6.81,0.2,0.19,34.19,0.4205,5,3,28,38.89,v2_lr,0
154203,2026-10-01,尼崎,2,4819,5.66,35.5,0.2308,0.5385,13,A2,0.17,13,65,34,4.6,0,0.159,10,6.82,0,0.51,29.75,0,5,3,28,25.23,v2_lr,0
154203,2026-10-01,尼崎,3,3974,4.37,26,0.1176,0.2941,17,B1,0.16,4,66,16,3.8,0,0.14,10,6.82,0,0.41,30.16,0.0388,5,3,28,9.03,v2_lr,0
154203,2026-10-01,尼崎,4,3514,5.57,35.8,0.1923,0.4231,26,A2,0.16,8,69,17,3.6,0.2,0.163,10,6.8,0.4,0.04,36.51,0.6402,5,3,28,15.15,v2_lr,1
154203,2026-10-01,尼崎,5,3614,4.37,22.8,,,0,B1,0.17,5,74,8,3.4,0.1,0.163,10,6.79,0.6,0.08,40.31,1,5,3,28,8.28,v2_lr,0
154203,2026-10-01,尼崎,6,4254,5.51,33,0.1,0.2,10,A2,0.12,1,59,5,3.8,0.1,0.157,10,6.77,1,0.08,33.59,0.3636,5,3,28,3.42,v2_lr,0
154204,2026-10-01,尼崎,1,3995,6.23,44.3,0.4615,0.6154,13,A2,0.12,60,81,73,3,0.2,0.147,10,6.78,1,0.11,18.45,0,3,0,27.9,37.75,v2_lr,1
154204,2026-10-01,尼崎,2,3654,6.17,46.6,0.2857,0.5714,21,A2,0.16,20,84,49,2.1,0.5,0.153,10,6.81,0.4,0.1,33.85,0.7809,3,0,27.9,29.9,v2_lr,0
154204,2026-10-01,尼崎,3,3790,4.59,21.8,,,0,B1,0.19,3,60,16,3.4,0,0.129,10,6.83,0,0.09,27.91,0.4797,3,0,27.9,13.02,v2_lr,0
154204,2026-10-01,尼崎,4,4226,4.55,27.7,,,0,B1,0.17,6,64,11,4,0.1,0.139,10,6.81,0.4,0.14,25,0.3322,3,0,27.9,8.28,v2_lr,0
154204,2026-10-01,尼崎,6,4639,4.57,26.6,0.2222,0.3333,18,B1,0.16,1,50,1,4.1,0.2,0.14,10,6.8,0.6,0.12,38.17,1,3,0,27.9,5.25,v2_lr,0
154205,2026-10-01,尼崎,1,4654,6.28,43.9,0.2075,0.4811,106,A1,0.16,54,81,65,2.7,0.1,0.155,10,6.82,0.3571,0.09,31.15,0.2601,3,0,27.7,31.61,v2_lr,1
154205,2026-10-01,尼崎,2,3606,5.4,33.9,0.1429,0.4286,14,B1,0.14,10,65,33,3,0.1,0.15,10,6.81,0.4286,0.02,25.81,0,3,0,27.7,20.65,v2_lr,0
154205,2026-10-01,尼崎,3,4298,6.18,43.7,0.3636,0.6364,11,A2,0.15,11,75,31,3.7,0,0.17,10,6.73,1,0.14,34.68,0.4321,3,0,27.7,33.62,v2_lr,0
154205,2026-10-01,尼崎,4,4700,6,41.9,0.1579,0.5263,19,A2,0.18,12,77,31,2.2,0.4,0.136,10,6.81,0.4286,0.18,29.77,0.1929,3,0,27.7,8.8,v2_lr,0
154205,2026-10-01,尼崎,5,4987,4.09,19.1,0,0.0714,28,B1,0.16,0,52,2,2.8,0.2,0.133,10,6.81,0.4286,0.23,46.34,1,3,0,27.7,1.81,v2_lr,0
154205,2026-10-01,尼崎,6,4531,6.12,39.3,0.2,0.3,10,A2,0.18,4,69,13,1.7,0.6,0.098,10,6.87,0,0.25,44.72,0.9211,3,0,27.7,3.5,v2_lr,0
154206,2026-10-01,尼崎,1,3854,6.32,37.8,0.3766,0.5325,77,A1,0.13,62,101,73,4.2,0.2,0.105,10,6.78,0.5,0.05,17.89,0,2,0,27.5,29.74,v2_lr,1
154206,2026-10-01,尼崎,2,4539,6.3,45.6,0.2105,0.3158,19,A1,0.13,15,73,39,3,0.2,0.105,10,6.82,0,0.07,25.6,0.2433,2,0,27.5,18.41,v2_lr,0
154206,2026-10-01,尼崎,3,3556,6.68,48.6,0.1935,0.4839,31,A1,0.13,14,74,40,2,0.6,0.13,10,6.78,0.5,0.12,41.27,0.7378,2,0,27.5,15.04,v2_lr,0
154206,2026-10-01,尼崎,4,5257,6.39,44.3,0.25,0.4643,28,A1,0.19,14,78,32,1.9,0.3,0.157,10,6.75,0.875,0.02,38.28,0.6434,2,0,27.5,15.66,v2_lr,0
154206,2026-10-01,尼崎,5,5281,6.46,49.5,0.3333,0.5238,21,A1,0.15,5,54,20,3.5,0.2,0.115,10,6.8,0.25,-0.01,39.39,0.6784,2,0,27.5,12.76,v2_lr,0
154206,2026-10-01,尼崎,6,4518,6.95,56.5,0.2857,0.8571,7,A1,0.2,5,69,11,2.9,0.2,0.165,10,6.74,1,0.07,49.58,1,2,0,27.5,8.4,v2_lr,0
154207,2026-10-01,鳴門,1,4596,5.88,38.8,0.2734,0.4766,128,A2,0.15,56,94,75,3.2,0.1,0.141,10,6.77,1,0.09,32.05,0.3753,3,3,26,51.43,v2_lr,1
154207,2026-10-01,鳴門,2,3477,3.96,13,0.0816,0.2347,98,B1,0.2,3,66,11,4.3,0,0.153,10,6.79,0.8333,0.04,50.56,1,3,3,26,29.65,v2_lr,0
154207,2026-10-01,鳴門,3,5356,4.61,26.1,0,0,12,B1,0.1,3,33,12,3.8,0,0.203,10,6.89,0,0.05,20.93,0,3,3,26,6.87,v2_lr,0
154207,2026-10-01,鳴門,4,3967,4.53,28,0,0,6,B1,0.21,0,62,9,4,0.1,0.197,10,6.87,0.1667,0.05,43.96,0.7773,3,3,26,4.79,v2_lr,0
154207,2026-10-01,鳴門,5,5271,3.65,16.4,0.125,0.1875,16,B1,0.18,2,58,5,3.9,0.2,0.084,10,6.87,0.1667,0.01,37.93,0.5737,3,3,26,6.26,v2_lr,0
154207,2026-10-01,鳴門,6,5451,0,0,0,0,6,B2,,0,30,1,5.9,0,0.211,10,6.86,0.25,0.01,30,0.3061,3,3,26,1,v2_lr,0
154208,2026-10-01,鳴門,1,3900,6.16,44.2,0.2273,0.5,44,A2,0.2,53,83,72,3.2,0,0.137,10,6.82,0.5,0.24,28.41,0.0966,5,5,22,34.79,v2_lr,0
154208,2026-10-01,鳴門,2,4887,5.17,38,0.2258,0.3548,31,B1,0.15,9,62,27,4.3,0.1,0.151,10,6.83,0,0.15,34.09,0.3178,5,5,22,26.58,v2_lr,0
154208,2026-10-01,鳴門,3,3933,5.13,32.7,0.093,0.3721,43,B1,0.17,9,93,25,2,0.4,0.139,10,6.83,0,0.25,33,0.2753,5,5,22,8.86,v2_lr,1
154208,2026-10-01,鳴門,4,4693,4.27,22.2,0.1538,0.4615,13,B1,0.19,1,84,13,3.9,0.1,0.162,10,6.82,0.5,0.01,25.93,0,5,5,22,10.64,v2_lr,0
154208,2026-10-01,鳴門,5,5428,1.1,0,0,0,12,B2,,0,32,0,6,0,0.185,10,6.81,1,0.29,51.61,1,5,5,22,2.35,v2_lr,0
154208,2026-10-01,鳴門,6,4506,6.93,58.3,0.3514,0.5405,37,A1,0.13,2,71,12,2.9,0.3,0.117,10,6.81,1,-0.02,32.29,0.2477,5,5,22,16.78,v2_lr,0
154209,2026-10-01,鳴門,1,3915,5.66,36.6,0.1538,0.3077,13,A2,0.19,59,94,75,2.8,0.3,0.152,10,6.91,0,0.11,37.35,0.4715,2,2,23,26.59,v2_lr,0
154209,2026-10-01,鳴門,2,5355,2,4.1,0.0909,0.2727,11,B1,0.17,2,22,3,4.1,0.1,0.137,10,6.91,0,-0.07,38.37,0.5221,2,2,23,15.17,v2_lr,0
154209,2026-10-01,鳴門,3,4116,4.92,27,0.1,0.3,60,B1,0.19,9,74,30,3.6,0,0.152,10,6.9,0.0667,-0.01,48,1,2,2,23,12.09,v2_lr,0
154209,2026-10-01,鳴門,4,4694,4.46,22.8,0.2273,0.2727,22,B1,0.23,4,53,9,3.6,0.2,0.121,10,6.91,0,0.25,32.22,0.2169,2,2,23,11.21,v2_lr,0
154209,2026-10-01,鳴門,5,5462,0,0,0,0,13,B2,,0,17,0,5.7,0,0.219,10,6.89,0.1333,0.09,40,0.603,2,2,23,1.27,v2_lr,0
154209,2026-10-01,鳴門,6,4538,6.53,53.3,0.6364,0.7273,22,A1,0.18,14,67,20,1.7,0.7,0.121,10,6.76,1,0.14,27.85,0,2,2,23,33.68,v2_lr,1
154210,2026-10-01,鳴門,1,4286,5.54,34.6,0.05,0.25,20,A2,0.16,55,107,89,3.3,0.1,0.153,10,6.83,1,-0.13,31.76,0.4822,4,4,23,26,v2_lr,0
154210,2026-10-01,鳴門,2,5307,4.61,26.2,0.1667,0.25,12,B1,0.21,4,81,19,3.4,0.3,0.175,10,6.89,0.5714,-0.05,26.32,0.0942,4,4,23,24.29,v2_lr,1
154210,2026-10-01,鳴門,3,5312,3.63,17.7,0.0833,0.125,24,B1,0.18,2,51,5,4.7,0.1,0.185,10,6.93,0.2857,-0.03,32.56,0.5392,4,4,23,10.63,v2_lr,0
154210,2026-10-01,鳴門,4,3024,6.68,57.5,0.4103,0.6923,39,B2,0.17,16,52,29,2.1,0.2,0.152,10,6.93,0.2857,-0.14,35.23,0.7297,4,4,23,29.87,v2_lr,0
154210,2026-10-01,鳴門,5,5117,4.03,19.1,0.0526,0.4211,19,B1,0.18,1,40,5,3,0.2,0.159,10,6.89,0.5714,0.01,39.02,1,4,4,23,3.51,v2_lr,0
154210,2026-10-01,鳴門,6,3499,6.57,50.4,0.2727,0.5455,22,A1,0.17,2,62,9,2.7,0.2,0.128,10,6.97,0,0.02,25,0,4,4,23,5.7,v2_lr,0
154211,2026-10-01,鳴門,1,4247,5.23,28.5,0.1169,0.3117,77,B1,0.2,22,59,37,3,0.1,0.125,10,6.79,1,-0.04,18.18,0,4,4,23,27.34,v2_lr,0
154211,2026-10-01,鳴門,2,4092,5.04,28.7,0.1538,0.2308,13,B1,0.17,6,72,21,3.7,0,0.142,10,6.91,0,0.17,34.74,0.7746,4,4,23,18.83,v2_lr,1
154211,2026-10-01,鳴門,3,3548,5.65,40.9,0.4286,0.5714,14,A2,0.11,5,90,24,3.1,0.3,0.141,10,6.9,0.0833,0.09,39.56,1,4,4,23,31.7,v2_lr,0
154211,2026-10-01,鳴門,4,3618,6.36,50,0.1154,0.2692,26,A1,0.17,10,83,27,2.5,0.3,0.143,10,6.82,0.75,0.06,35.23,0.7975,4,4,23,9.33,v2_lr,0
154211,2026-10-01,鳴門,5,4325,4.37,16.4,0.125,0.25,16,B1,0.17,2,59,7,4.1,0,0.145,10,6.87,0.3333,0.03,33.71,0.7264,4,4,23,4.89,v2_lr,0
154211,2026-10-01,鳴門,6,3874,6.03,43.3,0.2941,0.5294,17,A2,0.16,5,76,17,3.2,0.3,0.129,10,6.87,0.3333,0.07,30.49,0.5758,4,4,23,7.91,v2_lr,0
154212,2026-10-01,鳴門,1,5041,4.74,28.3,0.125,0.3125,16,B1,0.2,22,44,31,3.7,0.2,0.185,10,6.72,1,-0.05,56.98,1,4,4,23,35.96,v2_lr,1
154212,2026-10-01,鳴門,2,3809,3.86,12.3,0.0645,0.1935,31,B1,0.12,2,41,9,3.4,0.2,0.152,10,6.84,0.4783,0,37.08,0.3666,4,4,23,18.72,v2_lr,0
154212,2026-10-01,鳴門,3,4148,6.2,46,0.1429,0.5,14,A2,0.14,5,57,28,2.4,0.2,0.129,10,6.81,0.6087,0.01,25.56,0,4,4,23,17.84,v2_lr,0
154212,2026-10-01,鳴門,4,4676,5.57,33.9,0.2121,0.2727,33,A2,0.18,7,64,23,3.5,0.2,0.167,10,6.95,0,0.02,41.38,0.5035,4,4,23,14.55,v2_lr,0
154212,2026-10-01,鳴門,5,5036,5.14,36.1,0.2667,0.4,15,B1,0.18,2,71,14,3,0.4,0.121,10,6.91,0.1739,0.11,38.04,0.3972,4,4,23,11.73,v2_lr,0
154212,2026-10-01,鳴門,6,5428,1.1,0,0,0,12,B2,,0,77,0,6,0,0.185,10,6.81,0.6087,0.07,51.61,0.8291,4,4,23,1.21,v2_lr,0
154213,2026-10-01,鳴門,1,3580,3.99,19.5,0.2069,0.3793,29,B1,0.2,19,57,31,5.1,0,0.163,10,6.86,0.875,-0.02,26.74,0,4,4,24,32.69,v2_lr,0
154213,2026-10-01,鳴門,2,4694,4.46,22.8,0.2273,0.2727,22,B1,0.23,11,59,17,3.6,0.2,0.121,10,6.91,0.25,0.23,32.22,0.6164,4,4,24,25.91,v2_lr,0
154213,2026-10-01,鳴門,3,3872,6.07,42.6,0.1667,0.4,30,A2,0.2,6,74,21,3.5,0.2,0.16,10,6.91,0.25,0.02,27.16,0.0472,4,4,24,15.29,v2_lr,1
154213,2026-10-01,鳴門,4,4887,5.17,38,0.2258,0.3548,31,B1,0.15,9,60,15,4.3,0.1,0.151,10,6.93,0,0.01,34.09,0.8268,4,4,24,13.45,v2_lr,0
154213,2026-10-01,鳴門,5,3439,6.38,46.3,0.1667,0.2222,18,A1,0.16,5,66,13,3.1,0.2,0.148,10,6.85,1,-0.03,35.63,1,4,4,24,10.27,v2_lr,0
154213,2026-10-01,鳴門,6,4409,6.89,54.9,0.125,0.1875,16,A1,0.15,5,74,12,3.4,0.1,0.128,10,6.91,0.25,0.02,28.05,0.1474,4,4,24,2.39,v2_lr,0
154214,2026-10-01,鳴門,1,4116,4.92,27,0.1,0.3,60,B1,0.19,24,63,35,3.6,0,0.152,10,6.84,0.8462,0.07,48,1,5,5,24,30.88,v2_lr,1
154214,2026-10-01,鳴門,2,4693,4.27,22.2,0.1538,0.4615,13,B1,0.19,7,84,24,3.9,0.1,0.162,10,6.85,0.7692,0.01,25.93,0,5,5,24,25.69,v2_lr,0
154214,2026-10-01,鳴門,3,4895,5.53,33.7,0.0588,0.2941,17,A2,0.17,9,74,17,3.4,0.1,0.133,10,6.86,0.6923,-0.02,30.11,0.1894,5,5,24,11.9,v2_lr,0
154214,2026-10-01,鳴門,4,3412,6.71,51.4,0.3077,0.6154,26,A1,0.21,10,84,32,3.9,0.1,0.158,10,6.89,0.4615,0.17,34.83,0.4033,5,5,24,22.66,v2_lr,0
154214,2026-10-01,鳴門,5,5307,4.61,26.2,0.1667,0.25,12,B1,0.21,4,70,14,3.4,0.3,0.175,10,6.82,1,0.12,26.32,0.0177,5,5,24,8.23,v2_lr,0
154214,2026-10-01,鳴門,6,5462,0,0,0,0,13,B2,,0,33,0,5.7,0,0.219,10,6.95,0,0.16,40,0.6375,5,5,24,0.63,v2_lr,0
154215,2026-10-01,鳴門,1,3587,4.02,16.8,0.0484,0.1613,62,B1,0.17,16,53,26,4.1,0,0.187,10,6.88,0.7778,0.12,21.35,0,4,4,25,37.04,v2_lr,0
154215,2026-10-01,鳴門,2,4031,4.8,31.9,0.0286,0.1714,35,B1,0.17,8,74,29,4.8,0,0.157,10,6.89,0.6667,0.17,35.23,0.7855,4,4,25,23.97,v2_lr,1
154215,2026-10-01,鳴門,3,5117,4.03,19.1,0.0526,0.4211,19,B1,0.18,8,47,15,3,0.2,0.159,10,6.95,0,0.13,39.02,1,4,4,25,13.31,v2_lr,0
154215,2026-10-01,鳴門,4,5355,2,4.1,0.0909,0.2727,11,B1,0.17,2,46,3,4.1,0.1,0.137,10,6.92,0.3333,0.14,38.37,0.9632,4,4,25,10.65,v2_lr,0
154215,2026-10-01,鳴門,5,4420,5.7,37.2,0.1176,0.2941,34,A2,0.16,9,89,24,4,0,0.157,10,6.88,0.7778,0.2,26.74,0.305,4,4,25,8.68,v2_lr,0
154215,2026-10-01,鳴門,6,4133,6.23,50,0.15,0.35,20,A2,0.19,5,75,13,3,0.1,0.142,10,6.86,1,0.37,34.74,0.7578,4,4,25,6.35,v2_lr,0
154216,2026-10-01,鳴門,1,4506,6.93,58.3,0.3514,0.5405,37,A1,0.13,58,93,74,2.9,0.3,0.117,10,6.74,1,0.14,32.29,0.6082,4,4,25,28.04,v2_lr,1
154216,2026-10-01,鳴門,2,3024,6.68,57.5,0.4103,0.6923,39,B2,0.17,15,63,30,2.1,0.2,0.152,10,6.78,0.7647,0.09,35.23,0.7349,4,4,25,27.48,v2_lr,0
154216,2026-10-01,鳴門,3,4676,5.57,33.9,0.2121,0.2727,33,A2,0.18,11,71,25,3.5,0.2,0.167,10,6.91,0,0.13,41.38,1,4,4,25,14.15,v2_lr,0
154216,2026-10-01,鳴門,4,3548,5.65,40.9,0.4286,0.5714,14,A2,0.11,9,79,22,3.1,0.3,0.141,10,6.86,0.2941,0.11,39.56,0.9216,4,4,25,22.2,v2_lr,0
154216,2026-10-01,鳴門,5,4247,5.23,28.5,0.1169,0.3117,77,B1,0.2,1,64,3,3,0.1,0.125,10,6.82,0.5294,0.13,18.18,0,4,4,25,3.2,v2_lr,0
154216,2026-10-01,鳴門,6,4596,5.88,38.8,0.2734,0.4766,128,A2,0.15,1,74,12,3.2,0.1,0.141,10,6.91,0,0.01,32.05,0.5978,4,4,25,4.94,v2_lr,0
154217,2026-10-01,鳴門,1,3499,6.57,50.4,0.2727,0.5455,22,A1,0.17,59,86,71,2.7,0.2,0.128,10,6.8,0.5,0.11,25,0,5,5,25,40.35,v2_lr,0
154217,2026-10-01,鳴門,2,3933,5.13,32.7,0.093,0.3721,43,B1,0.17,8,83,26,2,0.4,0.139,10,6.73,0.8889,0.09,33,0.2502,5,5,25,22.99,v2_lr,0
154217,2026-10-01,鳴門,3,3618,6.36,50,0.1154,0.2692,26,A1,0.17,17,80,38,2.5,0.3,0.143,10,6.81,0.4444,0.22,35.23,0.3199,5,5,25,13.85,v2_lr,0
154217,2026-10-01,鳴門,4,3872,6.07,42.6,0.1667,0.4,30,A2,0.2,9,67,23,3.5,0.2,0.16,10,6.77,0.6667,0.27,27.16,0.0675,5,5,25,11.86,v2_lr,0
154217,2026-10-01,鳴門,5,5041,4.74,28.3,0.125,0.3125,16,B1,0.2,2,69,8,3.7,0.2,0.185,10,6.71,1,0.1,56.98,1,5,5,25,8.24,v2_lr,0
154217,2026-10-01,鳴門,6,3915,5.66,36.6,0.1538,0.3077,13,A2,0.19,1,73,5,2.8,0.3,0.152,10,6.89,0,0.23,37.35,0.3862,5,5,25,2.71,v2_lr,1
154218,2026-10-01,鳴門,1,4538,6.53,53.3,0.6364,0.7273,22,A1,0.18,39,72,51,1.7,0.7,0.121,10,6.73,1,0.01,27.85,0.1835,4,4,26,39.34,v2_lr,0
154218,2026-10-01,鳴門,2,5036,5.14,36.1,0.2667,0.4,15,B1,0.18,5,73,30,3,0.4,0.121,10,6.88,0.2105,0.06,38.04,1,4,4,26,29.82,v2_lr,0
154218,2026-10-01,鳴門,3,3439,6.38,46.3,0.1667,0.2222,18,A1,0.16,12,67,28,3.1,0.2,0.148,10,6.83,0.4737,0.07,35.63,0.8069,4,4,26,18.11,v2_lr,1
154218,2026-10-01,鳴門,4,4148,6.2,46,0.1429,0.5,14,A2,0.14,4,55,18,2.4,0.2,0.129,10,6.91,0.0526,0.23,25.56,0,4,4,26,6.37,v2_lr,0
154218,2026-10-01,鳴門,5,4286,5.54,34.6,0.05,0.25,20,A2,0.16,1,86,12,3.3,0.1,0.153,10,6.87,0.2632,0.15,31.76,0.4968,4,4,26,2.47,v2_lr,0
154218,2026-10-01,鳴門,6,3900,6.16,44.2,0.2273,0.5,44,A2,0.2,2,57,9,3.2,0,0.137,10,6.92,0,0.17,28.41,0.2284,4,4,26,3.89,v2_lr,0
154219,2026-10-01,丸亀,1,5354,3.06,13.7,0.125,0.5,8,B1,,4,10,5,3.4,0.1,0.128,10,6.86,0.0833,0.05,0,0,2,2,25,36.1,v2_lr,1
154219,2026-10-01,丸亀,2,5206,4.05,24,0.1429,0.2857,7,B1,0.15,7,70,27,4.2,0,0.153,10,6.8,0.5833,-0.06,33.33,0.3809,2,2,25,36.36,v2_lr,0
154219,2026-10-01,丸亀,3,5333,4.64,31.1,0,0,7,B2,0.2,2,33,7,4.3,0.1,0.175,10,6.82,0.4167,0.03,37.5,0.4286,2,2,25,10.18,v2_lr,0
154219,2026-10-01,丸亀,4,4511,4.74,20.6,0.0392,0.1373,51,B1,0.22,2,57,9,3.9,0.1,0.157,10,6.75,1,-0.05,87.5,1,2,2,25,12.8,v2_lr,0
154219,2026-10-01,丸亀,5,5346,2.58,2.4,0,0,9,B1,,1,87,3,4.6,0.1,0.157,10,6.78,0.75,-0.02,0,0,2,2,25,3.45,v2_lr,0
154219,2026-10-01,丸亀,6,5418,1.13,0,0,0,16,B2,,0,119,0,5.8,0,0.181,10,6.87,0,-0.07,16.67,0.1905,2,2,25,1.12,v2_lr,0
154220,2026-10-01,丸亀,1,3305,4.17,26.1,0.1818,0.2727,22,B1,0.17,26,57,35,4,0.2,0.14,10,6.82,0.4615,0.03,0,0,2,2,28,31.34,v2_lr,0
154220,2026-10-01,丸亀,2,4821,5.27,38,0.2162,0.3784,74,B1,0.2,10,73,26,2.7,0.4,0.174,10,6.87,0.0769,0.2,0,0,2,2,28,24.2,v2_lr,1
154220,2026-10-01,丸亀,3,5027,4.9,31,0.05,0.15,20,B1,0.2,6,67,21,3.3,0.2,0.132,10,6.88,0,0.06,37.5,0.8438,2,2,28,8.29,v2_lr,0
154220,2026-10-01,丸亀,4,5026,6.27,48.2,0.3235,0.4412,34,A1,0.17,8,69,31,2.9,0.1,0.117,10,6.75,1,0.05,44.44,1,2,2,28,29.01,v2_lr,0
154220,2026-10-01,丸亀,5,4281,4.89,27.4,0.1591,0.4773,44,B1,0.17,1,71,10,3.1,0.2,0.157,10,6.85,0.2308,0.05,25,0.5626,2,2,28,6.03,v2_lr,0
154220,2026-10-01,丸亀,6,5464,0,0,0,0,7,B2,,0,38,0,5.6,0,0.209,10,6.75,1,0.08,22.22,0.5,2,2,28,1.13,v2_lr,0
154221,2026-10-01,丸亀,1,3161,5.22,37.8,0.0556,0.25,36,B1,0.21,21,74,39,3.4,0,0.154,10,6.81,0.4,0.02,0,0,2,2,28,25.16,v2_lr,0
154221,2026-10-01,丸亀,2,4580,5.36,34.1,0.25,0.5,4,B1,0.18,9,71,31,4.1,0,0.163,10,6.85,0,0.12,30,0.54,2,2,28,33.95,v2_lr,1
154221,2026-10-01,丸亀,3,5348,3.83,19.7,0,0.2222,9,B1,0.27,4,23,8,3,0.2,0.148,10,6.82,0.3,0.01,55.56,1,2,2,28,8.43,v2_lr,0
154221,2026-10-01,丸亀,4,5207,4.66,26.7,0.1429,0.1429,14,B1,0.18,4,56,11,3.5,0.2,0.142,10,6.83,0.2,0.19,40,0.7199,2,2,28,10.34,v2_lr,0
154221,2026-10-01,丸亀,5,4064,6.52,42.6,0.3023,0.4651,43,A1,0.14,4,71,16,2.3,0.3,0.142,10,6.75,1,0.14,0,0,2,2,28,20.99,v2_lr,0
154221,2026-10-01,丸亀,6,5471,0,0,0,0,8,B2,,0,48,0,5.3,0,0.095,10,6.75,1,0.14,0,0,2,2,28,1.13,v2_lr,0
154222,2026-10-01,丸亀,1,4630,5.69,36.7,0.25,0.4688,32,A2,0.17,50,90,66,2.7,0.2,0.144,10,6.74,1,0.09,0,0,1,1,28,37.8,v2_lr,1
154222,2026-10-01,丸亀,2,3869,3.73,15.3,0,0.125,8,B1,0.2,4,71,13,4.6,0,0.183,10,6.89,0,0.39,22.22,0.6667,1,1,28,7.95,v2_lr,0
154222,2026-10-01,丸亀,3,5359,5.06,30.2,0.3684,0.4737,19,B1,0.16,6,44,10,2.3,0.5,0.158,10,6.88,0.0667,0.19,25,0.7501,1,1,28,32.04,v2_lr,0
154222,2026-10-01,丸亀,4,3977,4.45,20.5,0,0.125,8,B1,0.19,5,77,13,4.2,0,0.118,10,6.88,0.0667,0.2,0,0,1,1,28,2.63,v2_lr,0
154222,2026-10-01,丸亀,5,4300,5.01,27.2,0.125,0.3125,16,B1,0.17,1,55,6,3.7,0.1,0.163,10,6.8,0.6,0.27,25,0.7501,1,1,28,5.31,v2_lr,0
154222,2026-10-01,丸亀,6,3898,6.95,52,0.3448,0.6552,29,A1,0.17,5,75,22,2.1,0.4,0.131,10,6.8,0.6,0.15,33.33,1,1,1,28,14.27,v2_lr,0
154223,2026-10-01,丸亀,1,4754,6.04,44,0.1724,0.2414,29,A2,0.16,71,97,77,3.5,0,0.166,10,6.78,0.8182,-0.04,0,0,1,1,28,33.14,v2_lr,1
154223,2026-10-01,丸亀,2,5231,4.46,28.3,0,0.25,8,B1,0.18,8,52,30,3.7,0,0.18,10,6.8,0.6364,-0.03,0,0,1,1,28,11.78,v2_lr,0
154223,2026-10-01,丸亀,3,3775,4.26,20.2,0.2105,0.4211,19,B1,0.18,6,80,23,2.9,0.3,0.156,10,6.76,1,0.01,0,0,1,1,28,24.12,v2_lr,0
154223,2026-10-01,丸亀,4,5418,1.13,0,0,0,16,B2,,0,13,0,5.8,0,0.181,10,6.85,0.1818,0.06,16.67,1,1,1,28,3.17,v2_lr,0
154223,2026-10-01,丸亀,5,4823,6.07,41,0.2991,0.514,107,A2,0.14,2,48,8,2.8,0.1,0.124,10,6.77,0.9091,0.13,0,0,1,1,28,16.38,v2_lr,0
154223,2026-10-01,丸亀,6,4514,6.51,50.7,0.3571,0.6071,28,A1,0.2,3,79,16,2.2,0.5,0.181,10,6.87,0,-0.15,0,0,1,1,28,11.42,v2_lr,0
154224,2026-10-01,丸亀,1,4191,6.42,49.4,0.1951,0.3659,41,A1,0.16,55,81,67,3.1,0.2,0.111,10,6.82,0.4615,0,0,0,1,1,28,31.8,v2_lr,1
154224,2026-10-01,丸亀,2,4511,4.74,20.6,0.0392,0.1373,51,B1,0.22,1,52,8,3.9,0.1,0.157,10,6.84,0.3077,0.04,87.5,1,1,1,28,15.08,v2_lr,0
154224,2026-10-01,丸亀,3,4672,4.44,23,0.1765,0.2941,17,B1,0.19,8,70,25,3.3,0.2,0.152,10,6.88,0,0.08,66.67,0.7619,1,1,28,16.04,v2_lr,0
154224,2026-10-01,丸亀,4,5177,4.04,15.3,0,0.0714,14,B1,0.19,0,65,6,3.3,0,0.189,10,6.75,1,0.14,25,0.2857,1,1,28,4.63,v2_lr,0
154224,2026-10-01,丸亀,5,3484,5.95,45.1,0.2188,0.4375,32,A2,0.17,1,58,9,3.2,0.4,0.143,10,6.87,0.0769,0.03,44.44,0.5079,1,1,28,7.97,v2_lr,0
154224,2026-10-01,丸亀,6,4095,7.27,60.2,0.5263,0.5789,19,A1,0.14,12,72,32,2.2,0.5,0.176,10,6.85,0.2308,0.06,11.11,0.127,1,1,28,24.47,v2_lr,0
154225,2026-10-01,丸亀,1,4053,6.08,43.2,0.225,0.5,40,A2,0.15,47,80,61,3.4,0.2,0.138,10,6.72,0.9375,0.08,0,0,2,2,27,40.44,v2_lr,0
154225,2026-10-01,丸亀,2,5262,4.82,28.4,0,0.125,8,B1,0.18,3,58,16,4,0,0.203,10,6.87,0,0.21,0,0,2,2,27,8.88,v2_lr,0
154225,2026-10-01,丸亀,3,5346,2.58,2.4,0,0,9,B1,,0,13,0,4.6,0.1,0.157,10,6.82,0.3125,0.27,0,0,2,2,27,5.47,v2_lr,0
154225,2026-10-01,丸亀,4,5206,4.05,24,0.1429,0.2857,7,B1,0.15,8,62,17,4.2,0,0.153,10,6.71,1,0.02,33.33,1,2,2,27,15.59,v2_lr,0
154225,2026-10-01,丸亀,5,5010,5.5,38.3,0.2222,0.3333,9,A2,0.16,0,62,12,3.3,0.3,0.156,10,6.82,0.3125,0.03,0,0,2,2,27,9.72,v2_lr,0
154225,2026-10-01,丸亀,6,4545,7.02,52.4,0.4,0.6,20,A1,0.15,4,83,15,2.1,0.5,0.135,10,6.76,0.6875,0.24,25,0.7501,2,2,27,19.9,v2_lr,1
154226,2026-10-01,丸亀,1,4260,4.9,33.6,0.1781,0.3699,73,B1,0.19,53,86,72,4.3,0.2,0.156,10,6.8,0.4167,0.16,50,1,1,1,26,37.83,v2_lr,1
154226,2026-10-01,丸亀,2,5333,4.64,31.1,0,0,7,B2,0.2,6,30,7,4.3,0.1,0.175,10,6.74,0.9167,0.23,37.5,0.75,1,1,26,15.67,v2_lr,0
154226,2026-10-01,丸亀,3,5098,5.22,28,0.1429,0.3333,21,B1,0.17,10,66,20,3.5,0.1,0.129,10,6.73,1,0.33,0,0,1,1,26,19.32,v2_lr,0
154226,2026-10-01,丸亀,4,4925,5.48,32.1,0.1852,0.3704,54,A2,0.15,11,81,29,3.5,0.1,0.135,10,6.75,0.8333,0.39,12.5,0.25,1,1,26,14.61,v2_lr,0
154226,2026-10-01,丸亀,5,4580,5.36,34.1,0.25,0.5,4,B1,0.18,5,61,16,4.1,0,0.163,10,6.85,0,0.18,30,0.6,1,1,26,10.67,v2_lr,0
154226,2026-10-01,丸亀,6,4193,5.94,40.5,0,0.3333,9,A2,0.15,4,74,10,4,0,0.161,10,6.74,0.9167,0.07,44.44,0.8888,1,1,26,1.89,v2_lr,0
154227,2026-10-01,丸亀,1,4514,6.51,50.7,0.3571,0.6071,28,A1,0.2,87,118,100,2.2,0.5,0.181,10,6.67,1,0.04,0,0,1,1,26,29.23,v2_lr,1
154227,2026-10-01,丸亀,2,4064,6.52,42.6,0.3023,0.4651,43,A1,0.14,15,76,37,2.3,0.3,0.142,10,6.73,0.6,0.08,0,0,1,1,26,25.18,v2_lr,0
154227,2026-10-01,丸亀,3,5026,6.27,48.2,0.3235,0.4412,34,A1,0.17,20,71,38,2.9,0.1,0.117,10,6.77,0.3333,0.2,44.44,1,1,1,26,21.91,v2_lr,0
154227,2026-10-01,丸亀,6,5354,3.06,13.7,0.125,0.5,8,B1,,0,107,5,3.4,0.1,0.128,10,6.82,0,0.16,0,0,1,1,26,1.2,v2_lr,0
154228,2026-10-01,丸亀,1,4095,7.27,60.2,0.5263,0.5789,19,A1,0.14,69,98,83,2.2,0.5,0.176,10,6.66,1,0.06,11.11,0.3333,0,0,25,31.78,v2_lr,1
154228,2026-10-01,丸亀,2,3898,6.95,52,0.3448,0.6552,29,A1,0.17,15,74,46,2.1,0.4,0.131,10,6.76,0.5833,0.14,33.33,1,0,0,25,28.16,v2_lr,0
154228,2026-10-01,丸亀,3,4630,5.69,36.7,0.25,0.4688,32,A2,0.17,13,75,32,2.7,0.2,0.144,10,6.7,0.8333,0.03,0,0,0,0,25,20.07,v2_lr,0
154228,2026-10-01,丸亀,4,3775,4.26,20.2,0.2105,0.4211,19,B1,0.18,3,76,9,2.9,0.3,0.156,10,6.8,0.4167,-0.08,0,0,0,0,25,10.96,v2_lr,0
154228,2026-10-01,丸亀,5,4821,5.27,38,0.2162,0.3784,74,B1,0.2,9,77,17,2.7,0.4,0.174,10,6.8,0.4167,0.06,0,0,0,0,25,6.29,v2_lr,0
154228,2026-10-01,丸亀,6,4191,6.42,49.4,0.1951,0.3659,41,A1,0.16,1,61,8,3.1,0.2,0.111,10,6.9,0,-0.03,0,0,0,0,25,2.73,v2_lr,0
154229,2026-10-01,丸亀,1,4545,7.02,52.4,0.4,0.6,20,A1,0.15,98,116,106,2.1,0.5,0.135,10,6.73,1,0.02,25,0.375,1,1,25,34.75,v2_lr,1
154229,2026-10-01,丸亀,2,4281,4.89,27.4,0.1591,0.4773,44,B1,0.17,4,75,23,3.1,0.2,0.157,10,6.8,0.3,0.12,25,0.375,1,1,25,18.99,v2_lr,0
154229,2026-10-01,丸亀,3,4823,6.07,41,0.2991,0.514,107,A2,0.14,15,56,24,2.8,0.1,0.124,10,6.75,0.8,0.09,0,0,1,1,25,25.08,v2_lr,0
154229,2026-10-01,丸亀,4,4672,4.44,23,0.1765,0.2941,17,B1,0.19,4,69,12,3.3,0.2,0.152,10,6.79,0.4,-0.04,66.67,1,1,1,25,11.7,v2_lr,0
154229,2026-10-01,丸亀,5,4053,6.08,43.2,0.225,0.5,40,A2,0.15,5,68,18,3.4,0.2,0.138,10,6.77,0.6,0.02,0,0,1,1,25,8.53,v2_lr,0
154229,2026-10-01,丸亀,6,3161,5.22,37.8,0.0556,0.25,36,B1,0.21,2,52,16,3.4,0,0.154,10,6.83,0,0.05,0,0,1,1,25,0.95,v2_lr,0
154230,2026-10-01,丸亀,1,4925,5.48,32.1,0.1852,0.3704,54,A2,0.15,43,81,58,3.5,0.1,0.135,10,6.71,1,-0.08,12.5,0.225,1,1,25,33.34,v2_lr,0
154230,2026-10-01,丸亀,2,5010,5.5,38.3,0.2222,0.3333,9,A2,0.16,9,76,27,3.3,0.3,0.156,10,6.84,0.2353,-0.03,0,0,1,1,25,26.14,v2_lr,0
154230,2026-10-01,丸亀,3,3484,5.95,45.1,0.2188,0.4375,32,A2,0.17,9,76,31,3.2,0.4,0.143,10,6.78,0.5882,-0.14,44.44,0.7999,1,1,25,24.18,v2_lr,0
154230,2026-10-01,丸亀,4,5027,4.9,31,0.05,0.15,20,B1,0.2,2,64,15,3.3,0.2,0.132,10,6.78,0.5882,0.05,37.5,0.6749,1,1,25,5.8,v2_lr,0
154230,2026-10-01,丸亀,5,5348,3.83,19.7,0,0.2222,9,B1,0.27,6,67,13,3,0.2,0.148,10,6.84,0.2353,0.01,55.56,1,1,1,25,1.94,v2_lr,1
154230,2026-10-01,丸亀,6,4715,6.35,41.9,0.3333,0.5714,21,A1,0.13,4,66,12,2.2,0.4,0.112,10,6.88,0,0.04,0,0,1,1,25,8.6,v2_lr,0
154231,2026-10-01,児島,1,3908,7.03,52.5,0.2778,0.5185,54,A1,0.18,77,115,93,3.2,0.2,0.149,10,6.7,0,0.03,28.57,0,2,3,27,22.79,v2_lr,1
154231,2026-10-01,児島,2,4502,7.14,48.1,0.2857,0.4286,14,A1,0.14,21,70,36,2.5,0.3,0.147,10,6.51,1,-0.08,30.91,0.2571,2,3,27,23.51,v2_lr,0
154231,2026-10-01,児島,3,4959,7.07,50.7,0.2813,0.5,32,A1,0.17,17,67,39,3.2,0.2,0.13,10,6.52,0.9474,0.15,32.73,0.4571,2,3,27,19.46,v2_lr,0
154231,2026-10-01,児島,4,4686,6.76,42,0.2,0.4,15,A1,0.16,11,74,31,2.7,0.4,0.113,10,6.65,0.2632,0.07,31.7,0.344,2,3,27,8.86,v2_lr,0
154231,2026-10-01,児島,5,4370,6.86,50.4,0.3267,0.5644,101,A1,0.14,12,69,22,2.5,0.4,0.139,10,6.66,0.2105,0.11,37.67,1,2,3,27,11.26,v2_lr,0
154231,2026-10-01,児島,6,4907,6.75,50,0.4286,0.7143,14,A1,0.14,9,71,21,3.8,0.1,0.148,10,6.54,0.8421,0.1,34.23,0.622,2,3,27,14.12,v2_lr,0
154232,2026-10-01,児島,1,4704,6.53,47.9,0.1087,0.3261,46,A1,0.14,72,103,90,4.1,0,0.091,10,6.5,1,0.01,43.87,1,2,3,24,36.3,v2_lr,0
154232,2026-10-01,児島,2,4503,7.33,53.9,0.1667,0.5833,12,A1,0.11,16,84,41,2.6,0.4,0.147,10,6.51,0.9444,0.14,33.95,0.2899,2,3,24,31.32,v2_lr,1
154232,2026-10-01,児島,3,3960,6.63,42.8,0.0667,0.3333,15,A1,0.12,12,75,36,4.8,0,0.119,10,6.55,0.7222,0.04,30.29,0.0279,2,3,24,13.64,v2_lr,0
154232,2026-10-01,児島,4,5051,6.45,43.2,0,0.3846,13,A1,0.15,13,68,27,3.2,0.2,0.142,10,6.55,0.7222,0.1,35.62,0.4094,2,3,24,5.19,v2_lr,0
154232,2026-10-01,児島,5,4659,6.8,44.6,0.1667,0.3333,12,A1,0.15,9,71,18,2.5,0.4,0.108,10,6.68,0,0.16,29.9,0,2,3,24,5.82,v2_lr,0
154232,2026-10-01,児島,6,4831,6.89,42.7,0.25,1,4,A1,0.16,4,64,8,3.3,0.1,0.144,10,6.58,0.5556,0.23,35.71,0.4159,2,3,24,7.73,v2_lr,0
154233,2026-10-01,児島,1,4812,6.95,51.2,0,0.25,4,A1,0.14,65,81,72,3,0.2,0.134,10,6.55,1,0.04,43.72,0.8174,2,3,25,23.32,v2_lr,1
154233,2026-10-01,児島,2,4713,6.71,48.1,0.301,0.5146,103,A1,0.15,16,84,47,4.5,0,0.106,10,6.58,0.7692,-0.11,24.88,0,2,3,25,36.01,v2_lr,0
154233,2026-10-01,児島,3,4352,6.29,44.4,0.0714,0.2857,14,A1,0.14,10,64,30,2.5,0.4,0.111,10,6.64,0.3077,0.09,36.15,0.4889,2,3,25,10.49,v2_lr,0
154233,2026-10-01,児島,4,4205,7.74,52.9,0.2727,0.6818,22,A1,0.13,10,63,20,2.9,0.2,0.141,10,6.6,0.6154,-0.12,27.83,0.128,2,3,25,23,v2_lr,0
154233,2026-10-01,児島,5,4586,6.95,48.6,0,0.5,4,A1,0.12,12,69,27,2.6,0.1,0.121,10,6.56,0.9231,-0.11,47.93,1,2,3,25,3.74,v2_lr,0
154233,2026-10-01,児島,6,4266,6.47,41.9,0.1667,0.3333,12,A1,0.15,2,73,18,2.5,0.2,0.117,10,6.68,0,-0.02,33.03,0.3536,2,3,25,3.44,v2_lr,0
154234,2026-10-01,児島,1,3984,6.86,47.8,0,0,4,A1,0.18,76,106,96,4.8,0,0.15,10,6.53,0.8571,-0.03,34.11,0.6641,4,3,26,23.17,v2_lr,0
154234,2026-10-01,児島,2,4445,6.8,36.7,0.2308,0.3077,13,A1,0.12,10,79,32,3.2,0.2,0.084,10,6.5,1,-0.06,31.16,0.3445,4,3,26,34.47,v2_lr,0
154234,2026-10-01,児島,3,4851,7.49,50.4,0,0.2,5,A1,0.15,19,73,36,3.6,0.1,0.144,10,6.6,0.5238,-0.04,34.27,0.6815,4,3,26,9.06,v2_lr,1
154234,2026-10-01,児島,4,4590,6.37,38.8,0.2143,0.4286,14,A1,0.14,9,68,24,3.6,0.2,0.145,10,6.64,0.3333,0.27,36.12,0.8819,4,3,26,14.72,v2_lr,0
154234,2026-10-01,児島,5,4361,7.11,50,0.2308,0.3077,13,A1,0.14,10,63,21,3.6,0.2,0.146,10,6.62,0.4286,-0.02,27.98,0,4,3,26,10.89,v2_lr,0
154234,2026-10-01,児島,6,3744,6.52,49.6,0.3043,0.3913,23,A1,0.16,12,76,22,5.1,0.1,0.097,10,6.71,0,0.32,37.21,1,4,3,26,7.68,v2_lr,0
154235,2026-10-01,児島,1,4928,6.56,48.6,0.48,0.6,25,A1,0.16,61,84,76,2.7,0.3,0.099,10,6.53,0.7273,0.16,34.11,0.4549,3,3,26,23.63,v2_lr,1
154235,2026-10-01,児島,2,4482,6.52,45.6,0.3579,0.5579,95,A1,0.18,20,73,46,4.1,0.1,0.211,10,6.5,1,-0.26,33.49,0.3892,3,3,26,22.34,v2_lr,0
154235,2026-10-01,児島,4,4980,7.12,52.7,0.3095,0.5476,42,A1,0.15,9,76,29,3.5,0.3,0.117,10,6.61,0,0.01,29.82,0,3,3,26,11.25,v2_lr,0
154235,2026-10-01,児島,5,3415,6.87,35.9,0.3913,0.5217,23,A1,0.15,3,70,13,4.4,0.1,0.166,10,6.54,0.6364,0.01,35.27,0.5779,3,3,26,14.54,v2_lr,0
154235,2026-10-01,児島,6,4537,6.73,48,0.2794,0.4559,68,A1,0.14,7,77,17,4.5,0.1,0.119,10,6.51,0.9091,-0.09,39.25,1,3,3,26,6.73,v2_lr,0
154236,2026-10-01,児島,1,4528,6.64,46.6,0,0,4,A1,0.15,67,87,77,4.3,0,0.102,10,6.52,0.9286,0.15,27.93,0.0171,3,3,27,21.62,v2_lr,0
154236,2026-10-01,児島,2,4398,6.66,49.2,0.1538,0.5,26,A1,0.14,22,83,44,4.2,0.1,0.13,10,6.51,1,0.11,28.11,0.0375,3,3,27,28.29,v2_lr,0
154236,2026-10-01,児島,3,4468,6.31,38.4,0,0.5,4,A1,0.13,11,65,29,3.4,0.1,0.161,10,6.62,0.2143,0.14,36.57,1,3,3,27,7.35,v2_lr,0
154236,2026-10-01,児島,4,4762,6.77,43.4,0.3673,0.5612,98,A1,0.12,11,68,29,2.2,0.3,0.122,10,6.56,0.6429,0.01,33.82,0.6871,3,3,27,33.06,v2_lr,1
154236,2026-10-01,児島,5,4371,7.18,45.1,0.0769,0.3846,13,A1,0.13,3,59,12,2.9,0.2,0.147,10,6.65,0,0.15,27.78,0,3,3,27,2.93,v2_lr,0
154236,2026-10-01,児島,6,3822,6.59,44.4,0.1818,0.5455,77,A1,0.16,10,68,22,4,0.2,0.128,10,6.54,0.7857,-0.05,34.58,0.7736,3,3,27,6.75,v2_lr,0
154237,2026-10-01,児島,1,4959,7.07,50.7,0.2813,0.5,32,A1,0.17,77,99,89,3.2,0.2,0.13,10,6.57,0.6667,0.12,32.73,0.1343,3,3,27,26.62,v2_lr,0
154237,2026-10-01,児島,2,4787,6.87,53.5,0.25,0.5,4,A1,0.12,25,77,49,3.4,0.1,0.13,10,6.52,1,0.05,39.82,1,3,3,27,24.73,v2_lr,1
154237,2026-10-01,児島,3,4772,6.3,47.5,0.2222,0.5,18,A1,0.11,14,73,34,4,0.1,0.099,10,6.57,0.6667,0.12,31.63,0,3,3,27,15.85,v2_lr,0
154237,2026-10-01,児島,4,4831,6.89,42.7,0.25,1,4,A1,0.16,4,57,21,3.3,0.1,0.144,10,6.57,0.6667,0.04,35.71,0.4982,3,3,27,14.3,v2_lr,0
154237,2026-10-01,児島,5,4166,6.86,44.2,0.3846,0.6374,91,A1,0.14,9,80,20,3.5,0.2,0.082,10,6.62,0.3333,0.07,37.79,0.7521,3,3,27,16.4,v2_lr,0
154237,2026-10-01,児島,6,4677,6.58,45.8,0.15,0.4,20,A1,0.17,1,69,11,3.1,0,0.095,10,6.67,0,-0.01,35.29,0.4469,3,3,27,2.09,v2_lr,0
154238,2026-10-01,児島,1,4659,6.8,44.6,0.1667,0.3333,12,A1,0.15,79,106,93,2.5,0.4,0.108,10,6.67,0.75,-0.03,29.9,0.14,2,3,27,24.52,v2_lr,0
154238,2026-10-01,児島,2,3908,7.03,52.5,0.2778,0.5185,54,A1,0.18,14,88,42,3.2,0.2,0.149,10,6.72,0.3333,0.07,28.57,0.0572,2,3,27,23.53,v2_lr,0
154238,2026-10-01,児島,3,4581,6.27,47.4,0.2571,0.4571,35,A1,0.15,16,91,35,3.6,0.2,0.113,10,6.64,1,0.05,29.68,0.1263,2,3,27,20.7,v2_lr,0
154238,2026-10-01,児島,4,3941,7.97,54.3,0.4167,0.75,24,A1,0.11,10,74,27,2.3,0.3,0.112,10,6.67,0.75,0.09,27.65,0,2,3,27,23.94,v2_lr,0
154238,2026-10-01,児島,5,4812,6.95,51.2,0,0.25,4,A1,0.14,14,59,29,3,0.2,0.134,10,6.65,0.9167,0.17,43.72,1,2,3,27,2.17,v2_lr,1
154238,2026-10-01,児島,6,4324,7.4,56.8,0.2593,0.5741,54,A1,0.14,17,86,38,3.6,0.1,0.1,10,6.76,0,-0.03,40.57,0.804,2,3,27,5.14,v2_lr,0
154239,2026-10-01,児島,1,4205,7.74,52.9,0.2727,0.6818,22,A1,0.13,71,89,81,2.9,0.2,0.141,10,6.69,0.1667,0.01,27.83,0,2,3,27,26.33,v2_lr,1
154239,2026-10-01,児島,2,4397,6.7,45.1,0.4,0.76,25,A1,0.13,25,99,55,2.7,0.3,0.119,10,6.71,0.0556,0.04,35.65,0.7234,2,3,27,27.62,v2_lr,0
154239,2026-10-01,児島,3,4686,6.76,42,0.2,0.4,15,A1,0.16,12,76,27,2.7,0.4,0.113,10,6.72,0,0.21,31.7,0.358,2,3,27,12.83,v2_lr,0
154239,2026-10-01,児島,4,4074,6.46,45.3,0.1739,0.3913,23,A1,0.15,12,86,35,4.2,0,0.109,10,6.68,0.2222,0.08,38.64,1,2,3,27,9.1,v2_lr,0
154239,2026-10-01,児島,5,4776,6.7,48.9,0.4286,0.6,35,A1,0.15,8,76,26,3.3,0.2,0.122,10,6.67,0.2778,-0.03,36.36,0.7891,2,3,27,19.68,v2_lr,0
154239,2026-10-01,児島,6,4503,7.33,53.9,0.1667,0.5833,12,A1,0.11,10,77,24,2.6,0.4,0.147,10,6.54,1,-0.04,33.95,0.5661,2,3,27,4.43,v2_lr,0
154240,2026-10-01,児島,1,4586,6.95,48.6,0,0.5,4,A1,0.12,73,93,82,2.6,0.1,0.121,10,6.51,1,0.03,47.93,1,1,1,28,25.37,v2_lr,0
154240,2026-10-01,児島,2,3783,6.57,36.4,0.2,0.4,5,A1,0.14,21,72,36,3.2,0.1,0.122,10,6.57,0.7931,0.04,31.48,0.0675,1,1,28,32.1,v2_lr,0
154240,2026-10-01,児島,3,3984,6.86,47.8,0,0,4,A1,0.18,15,84,38,4.8,0,0.15,10,6.62,0.6207,0.21,34.11,0.2166,1,1,28,7.59,v2_lr,1
154240,2026-10-01,児島,4,3779,6.44,36.2,0.25,0.25,4,A1,0.12,15,69,24,3.6,0.3,0.087,10,6.63,0.5862,0.12,34.55,0.2415,1,1,28,20.58,v2_lr,0
154240,2026-10-01,児島,5,3960,6.63,42.8,0.0667,0.3333,15,A1,0.12,6,69,19,4.8,0,0.119,10,6.64,0.5517,0.05,30.29,0,1,1,28,3.86,v2_lr,0
154240,2026-10-01,児島,6,4370,6.86,50.4,0.3267,0.5644,101,A1,0.14,8,72,21,2.5,0.4,0.139,10,6.8,0,0.01,37.67,0.4184,1,1,28,10.5,v2_lr,0
154241,2026-10-01,児島,1,4371,7.18,45.1,0.0769,0.3846,13,A1,0.13,64,86,77,2.9,0.2,0.147,10,6.73,0,-0.03,27.78,0,2,3,28,15.96,v2_lr,0
154241,2026-10-01,児島,2,4584,6.68,48.6,0.2609,0.5761,92,A1,0.14,13,67,38,1.8,0.4,0.122,10,6.59,0.9333,0.01,41.67,1,2,3,28,25.2,v2_lr,0
154241,2026-10-01,児島,3,4980,7.12,52.7,0.3095,0.5476,42,A1,0.15,17,70,35,3.5,0.3,0.117,10,6.69,0.2667,0.13,29.82,0.1469,2,3,28,19.77,v2_lr,1
154241,2026-10-01,児島,4,4497,6.64,45.9,0.4286,0.7143,14,A1,0.14,10,65,19,3.1,0.2,0.124,10,6.65,0.5333,0.09,32.73,0.3564,2,3,28,23.02,v2_lr,0
154241,2026-10-01,児島,5,4445,6.8,36.7,0.2308,0.3077,13,A1,0.12,5,71,15,3.2,0.2,0.084,10,6.58,1,0.06,31.16,0.2433,2,3,28,10.01,v2_lr,0
154241,2026-10-01,児島,6,4502,7.14,48.1,0.2857,0.4286,14,A1,0.14,4,74,13,2.5,0.3,0.147,10,6.67,0.4,0.11,30.91,0.2253,2,3,28,6.03,v2_lr,0
154242,2026-10-01,児島,2,4361,7.11,50,0.2308,0.3077,13,A1,0.14,20,72,40,3.6,0.2,0.146,10,6.67,0.3684,0.13,27.98,0,1,1,27,17.2,v2_lr,0
154242,2026-10-01,児島,3,4762,6.77,43.4,0.3673,0.5612,98,A1,0.12,16,69,35,2.2,0.3,0.122,10,6.55,1,0.02,33.82,0.4859,1,1,27,21.43,v2_lr,1
154242,2026-10-01,児島,4,4320,8.05,51.4,0.4,0.6,5,A1,0.13,12,60,33,2.3,0.4,0.095,10,6.64,0.5263,0.01,40,1,1,1,27,19.41,v2_lr,0
154242,2026-10-01,児島,5,4787,6.87,53.5,0.25,0.5,4,A1,0.12,8,59,18,3.4,0.1,0.13,10,6.6,0.7368,0.1,39.82,0.985,1,1,27,8.06,v2_lr,0
154242,2026-10-01,児島,6,4960,7.63,68.3,0.4231,0.5385,26,A1,0.17,6,78,16,2.6,0.4,0.114,10,6.74,0,0.04,38.07,0.8394,1,1,27,9.71,v2_lr,0
154243,2026-10-01,下関,1,4844,4.82,29.8,0.0769,0.2308,26,B1,0.15,17,53,30,3.3,0.2,0.147,10,6.83,1,-0.08,52.04,1,3,3,22,35.19,v2_lr,1
154243,2026-10-01,下関,2,5335,2.23,7.2,0.1875,0.3125,16,B1,0.19,0,27,3,3.3,0.2,0.152,10,6.86,0,-0.14,35.56,0.4427,3,3,22,28.57,v2_lr,0
154243,2026-10-01,下関,3,5342,1.81,1.1,0,0.05,60,B2,,0,13,0,4.7,0.1,0.15,10,6.86,0,-0.13,41.58,0.6463,3,3,22,7,v2_lr,0
154243,2026-10-01,下関,4,5416,2.7,9.2,0.1429,0.1429,7,B1,,3,25,5,3.5,0.3,0.121,10,6.83,1,0.07,41.24,0.6348,3,3,22,14.65,v2_lr,0
154243,2026-10-01,下関,5,5165,4.38,23.5,,,0,B1,0.16,1,63,7,2.5,0.3,0.125,10,6.83,1,-0.07,42.11,0.6642,3,3,22,11.33,v2_lr,0
154243,2026-10-01,下関,6,4791,5.14,33.3,0.125,0.5,8,B1,0.19,2,61,8,2.5,0.2,0.197,10,6.84,0.6667,0.08,22.47,0,3,3,22,3.27,v2_lr,0
154244,2026-10-01,下関,1,4720,4.05,15.9,0,0.1875,16,B1,0.18,15,48,21,4.6,0,0.171,10,6.85,0,-0.02,25.51,0.1586,2,2,26,19.91,v2_lr,0
154244,2026-10-01,下関,2,4678,5.38,32.5,0.2174,0.4348,23,B1,0.16,7,64,24,3.4,0.1,0.197,10,6.84,0.1,-0.01,34.41,0.6405,2,2,26,36.63,v2_lr,0
154244,2026-10-01,下関,3,4014,5.6,40.2,0.1829,0.3659,82,A2,0.16,9,74,29,3.7,0.3,0.192,10,6.77,0.8,0.01,41.05,1,2,2,26,30.3,v2_lr,1
154244,2026-10-01,下関,4,5287,3.49,14.2,0,0.1111,9,B1,0.12,4,57,7,4.2,0,0.132,10,6.79,0.6,0.08,25,0.131,2,2,26,4.85,v2_lr,0
154244,2026-10-01,下関,5,5317,4.82,22.6,0.0833,0.1667,36,B1,0.16,3,83,6,3,0,0.175,10,6.75,1,0.07,36.73,0.7661,2,2,26,7.45,v2_lr,0
154244,2026-10-01,下関,6,5265,3.47,14.1,0,0,6,B1,0.15,0,73,3,3.7,0.2,0.146,10,6.85,0,0.2,22.58,0,2,2,26,0.86,v2_lr,0
154245,2026-10-01,下関,1,5052,4.47,23.5,,,0,B1,0.13,5,15,8,4.4,0.1,0.15,10,6.83,0.6667,0.22,39.58,0.7863,2,2,26,32.3,v2_lr,0
154245,2026-10-01,下関,2,5189,5.63,34.3,0.2083,0.4167,24,A2,0.21,10,68,26,2.8,0.4,0.171,10,6.83,0.6667,0.08,43.27,1,2,2,26,31.75,v2_lr,1
154245,2026-10-01,下関,3,4775,6.21,43.4,0.1786,0.3214,28,A2,0.14,10,52,17,2.7,0.3,0.124,10,6.83,0.6667,0.15,31.82,0.337,2,2,26,20.2,v2_lr,0
154245,2026-10-01,下関,4,4045,4.3,27.9,0.1449,0.3768,69,B1,0.15,10,61,14,3.5,0.2,0.194,10,6.82,1,0.08,41.49,0.8969,2,2,26,13.6,v2_lr,0
154245,2026-10-01,下関,5,4400,4.04,17.6,0,0.1111,9,B1,0.2,0,51,2,4.5,0,0.225,10,6.85,0,0.07,26,0,2,2,26,1.48,v2_lr,0
154245,2026-10-01,下関,6,5360,3.21,8.8,0,0.2,5,B1,0.2,0,109,3,5.5,0,0.328,10,6.85,0,0.22,27.84,0.1065,2,2,26,0.68,v2_lr,0
154246,2026-10-01,下関,1,5322,2.3,5.7,0.0769,0.0769,13,B1,0.22,4,27,6,3.4,0,0.125,10,6.85,0,0.23,34.34,0,3,3,26,21.78,v2_lr,0
154246,2026-10-01,下関,2,4373,6.4,42.5,0.25,0.35,20,A1,0.19,19,74,47,2.7,0.2,0.198,10,6.75,1,0.16,48.45,1,3,3,26,41.93,v2_lr,1
154246,2026-10-01,下関,3,4893,5.16,30.5,,,0,B1,0.17,7,58,19,3.1,0.1,0.115,10,6.79,0.6,0.11,41.05,0.4755,3,3,26,21.91,v2_lr,0
154246,2026-10-01,下関,4,5391,1.78,0,0,0.0256,78,B2,,0,44,3,6,0,0.148,10,6.77,0.8,0.41,41.24,0.489,3,3,26,3.94,v2_lr,0
154246,2026-10-01,下関,5,4372,5.75,36.9,0.2273,0.4091,22,A2,0.2,1,52,12,2.6,0.5,0.165,10,6.83,0.2,0.29,38,0.2594,3,3,26,9.24,v2_lr,0
154246,2026-10-01,下関,6,5440,1.53,4.1,0,0,7,B2,,0,97,3,5.7,0,0.12,10,6.76,0.9,0.26,38.3,0.2807,3,3,26,1.2,v2_lr,0
154247,2026-10-01,下関,1,4556,6.72,51.1,0.2174,0.3478,23,A1,0.21,49,65,61,3,0.3,0.165,10,6.9,0.6154,0.17,51.52,1,4,4,26,38.01,v2_lr,1
154247,2026-10-01,下関,2,4997,3.72,14.8,,,0,B2,0.15,2,35,7,4.2,0,0.181,10,6.85,1,-0.01,38.38,0.4843,4,4,26,30.18,v2_lr,0
154247,2026-10-01,下関,3,3943,1.86,0,0.1429,0.1429,7,B2,0.19,0,12,0,5.4,0,0.19,10,6.96,0.1538,0.04,40,0.5479,4,4,26,14.78,v2_lr,0
154247,2026-10-01,下関,4,5195,5.53,35.6,0,0,5,A2,0.14,3,54,8,2.5,0.5,0.136,10,6.98,0,0,26.04,0,4,4,26,3.2,v2_lr,0
154247,2026-10-01,下関,5,4730,5.23,31.5,0.2105,0.3684,19,B1,0.18,3,59,12,4.5,0,0.148,10,6.91,0.5385,0.02,32.32,0.2465,4,4,26,10.27,v2_lr,0
154247,2026-10-01,下関,6,5437,1.28,2.1,,,0,B2,,0,65,1,5.8,0,0.227,10,6.89,0.6923,0.12,37.25,0.44,4,4,26,3.57,v2_lr,0
154248,2026-10-01,下関,1,4804,6.61,49.2,0.2222,0.4444,9,A1,0.23,63,89,74,2.2,0.4,0.191,10,6.86,1,0.03,36.73,1,4,4,25,40.46,v2_lr,1
154248,2026-10-01,下関,2,4791,5.14,33.3,0.125,0.5,8,B1,0.19,14,72,38,2.5,0.2,0.197,10,6.9,0.5556,-0.08,22.47,0.1252,4,4,25,24.16,v2_lr,0
154248,2026-10-01,下関,3,5146,5.53,33.3,0.1803,0.3443,61,A2,0.13,10,66,23,3,0.3,0.156,10,6.95,0,0.01,31.25,0.6638,4,4,25,19.15,v2_lr,0
154248,2026-10-01,下関,4,5317,4.82,22.6,0.0833,0.1667,36,B1,0.16,4,97,11,3,0,0.175,10,6.89,0.6667,0.21,36.73,1,4,4,25,8.72,v2_lr,0
154248,2026-10-01,下関,5,5250,3.94,17.4,0.1429,0.1429,7,B1,0.2,0,50,5,3,0.1,0.127,10,6.94,0.1111,0.12,30.19,0.5988,4,4,25,5.28,v2_lr,0
154248,2026-10-01,下関,6,4947,4.61,21.7,0.0741,0.1852,27,B1,0.19,0,50,5,3.5,0.2,0.169,10,6.87,0.8889,0.21,20.43,0,4,4,25,2.23,v2_lr,0
154249,2026-10-01,下関,1,4784,4.3,26.8,0.1667,0.2778,18,B1,0.21,13,38,23,3,0.1,0.187,10,6.89,0.2,0.23,27.52,0.1278,3,3,24,28.41,v2_lr,0
154249,2026-10-01,下関,2,5052,4.47,23.5,,,0,B1,0.13,0,26,9,4.4,0.1,0.15,10,6.88,0.4,-0.04,39.58,0.8945,3,3,24,26.85,v2_lr,0
154249,2026-10-01,下関,3,4536,6.11,41,0.2,0.4,15,A2,0.13,11,74,35,2.7,0.3,0.17,10,6.86,0.8,-0.01,32.26,0.4291,3,3,24,24.77,v2_lr,1
154249,2026-10-01,下関,4,4720,4.05,15.9,0,0.1875,16,B1,0.18,1,52,6,4.6,0,0.171,10,6.9,0,0.08,25.51,0,3,3,24,2.8,v2_lr,0
154249,2026-10-01,下関,5,4387,6.31,44,0.2727,0.4545,33,A1,0.14,8,71,19,2.2,0.3,0.176,10,6.9,0,0.01,33.68,0.5194,3,3,24,12.13,v2_lr,0
154249,2026-10-01,下関,6,5416,2.7,9.2,0.1429,0.1429,7,B1,,1,114,5,3.5,0.3,0.121,10,6.85,1,-0.01,41.24,1,3,3,24,5.03,v2_lr,0
154250,2026-10-01,下関,1,4938,6.93,53,0.25,0.3333,24,A1,0.13,59,87,74,3.4,0.1,0.142,10,6.77,1,0.18,28.13,0,4,4,23,42.96,v2_lr,1
154250,2026-10-01,下関,2,4045,4.3,27.9,0.1449,0.3768,69,B1,0.15,11,81,27,3.5,0.2,0.194,10,6.83,0.5,0.29,41.49,1,4,4,23,25.84,v2_lr,0
154250,2026-10-01,下関,3,5326,4.55,25.2,0,0,8,B1,0.17,8,39,18,2.9,0.3,0.208,10,6.81,0.6667,0.18,32.14,0.3001,4,4,23,8.09,v2_lr,0
154250,2026-10-01,下関,4,3845,5.5,31.2,0.1818,0.5455,11,A2,0.19,3,56,14,2.9,0.3,0.203,10,6.89,0,0.13,31.52,0.2537,4,4,23,11.46,v2_lr,0
154250,2026-10-01,下関,5,5335,2.23,7.2,0.1875,0.3125,16,B1,0.19,3,79,10,3.3,0.2,0.152,10,6.88,0.0833,0.02,35.56,0.5561,4,4,23,7.29,v2_lr,0
154250,2026-10-01,下関,6,4893,5.16,30.5,,,0,B1,0.17,0,47,2,3.1,0.1,0.115,10,6.86,0.25,0.06,41.05,0.9671,4,4,23,4.36,v2_lr,0
154251,2026-10-01,下関,1,4730,5.23,31.5,0.2105,0.3684,19,B1,0.18,24,52,32,4.5,0,0.148,10,6.82,0.75,0.04,32.32,0.2845,4,4,23,28.62,v2_lr,1
154251,2026-10-01,下関,2,3334,5.47,40,0.1944,0.6111,36,A2,0.22,9,80,29,2.6,0.3,0.188,10,6.82,0.75,0.08,28.13,0,4,4,23,22.29,v2_lr,0
154251,2026-10-01,下関,3,4642,6.08,47.4,0.375,0.625,16,A2,0.15,16,73,34,2.8,0.3,0.18,10,6.91,0,0.14,38.68,0.7162,4,4,23,25.77,v2_lr,0
154251,2026-10-01,下関,4,4927,5.53,34.5,0.2727,0.4545,11,A2,0.16,6,76,25,3,0.1,0.123,10,6.83,0.6667,0.06,42.86,1,4,4,23,18.71,v2_lr,0
154251,2026-10-01,下関,5,5391,1.78,0,0,0.0256,78,B2,,0,81,0,6,0,0.148,10,6.79,1,0.09,41.24,0.89,4,4,23,2.27,v2_lr,0
154251,2026-10-01,下関,6,4853,3.96,18.6,0.1304,0.2609,23,B1,0.21,0,49,1,4.3,0.1,0.239,10,6.84,0.5833,0.08,29.67,0.1045,4,4,23,2.34,v2_lr,0
154252,2026-10-01,下関,1,5045,5.89,38.5,0.1429,0.4286,28,A2,0.19,35,77,59,4,0,0.197,10,6.82,1,0.04,38.14,0.7521,3,3,22,47.39,v2_lr,1
154252,2026-10-01,下関,2,5195,5.53,35.6,0,0,5,A2,0.14,9,63,27,2.5,0.5,0.136,10,6.89,0,0.08,26.04,0.1672,3,3,22,13.15,v2_lr,0
154252,2026-10-01,下関,3,5265,3.47,14.1,0,0,6,B1,0.15,4,72,8,3.7,0.2,0.146,10,6.83,0.8571,0.08,22.58,0,3,3,22,10.69,v2_lr,0
154252,2026-10-01,下関,4,5250,3.94,17.4,0.1429,0.1429,7,B1,0.2,3,54,11,3,0.1,0.127,10,6.87,0.2857,0.07,30.19,0.3678,3,3,22,13.09,v2_lr,0
154252,2026-10-01,下関,5,5189,5.63,34.3,0.2083,0.4167,24,A2,0.21,3,65,10,2.8,0.4,0.171,10,6.86,0.4286,0.13,43.27,1,3,3,22,13.92,v2_lr,0
154252,2026-10-01,下関,6,5342,1.81,1.1,0,0.05,60,B2,,0,113,1,4.7,0.1,0.15,10,6.82,1,0.31,41.58,0.9183,3,3,22,1.76,v2_lr,0
154253,2026-10-01,下関,1,4775,6.21,43.4,0.1786,0.3214,28,A2,0.14,35,57,43,2.7,0.3,0.124,10,6.84,0.8,0.16,31.82,0.2522,3,3,22,34.07,v2_lr,0
154253,2026-10-01,下関,2,5146,5.53,33.3,0.1803,0.3443,61,A2,0.13,8,72,22,3,0.3,0.156,10,6.88,0,0.08,31.25,0.2311,3,3,22,23.76,v2_lr,0
154253,2026-10-01,下関,3,4372,5.75,36.9,0.2273,0.4091,22,A2,0.2,7,52,18,2.6,0.5,0.165,10,6.86,0.4,0.11,38,0.4808,3,3,22,23.51,v2_lr,0
154253,2026-10-01,下関,4,4844,4.82,29.8,0.0769,0.2308,26,B1,0.15,2,77,10,3.3,0.2,0.147,10,6.83,1,0.07,52.04,1,3,3,22,9.79,v2_lr,0
154253,2026-10-01,下関,5,4536,6.11,41,0.2,0.4,15,A2,0.13,3,67,18,2.7,0.3,0.17,10,6.87,0.2,0.12,32.26,0.2685,3,3,22,7.51,v2_lr,1
154253,2026-10-01,下関,6,5287,3.49,14.2,0,0.1111,9,B1,0.12,0,51,0,4.2,0,0.132,10,6.84,0.8,-0.08,25,0,3,3,22,1.36,v2_lr,0
154254,2026-10-01,下関,1,4387,6.31,44,0.2727,0.4545,33,A1,0.14,74,112,94,2.2,0.3,0.176,10,6.84,0,-0.03,33.68,0.2373,3,3,22,27.29,v2_lr,1
154254,2026-10-01,下関,2,4556,6.72,51.1,0.2174,0.3478,23,A1,0.21,16,40,26,3,0.3,0.165,10,6.83,0.25,0.09,51.52,1,3,3,22,22.26,v2_lr,0
154254,2026-10-01,下関,4,4373,6.4,42.5,0.25,0.35,20,A1,0.19,8,77,29,2.7,0.2,0.198,10,6.8,1,0.22,48.45,0.8687,3,3,22,16.61,v2_lr,0
154254,2026-10-01,下関,5,4938,6.93,53,0.25,0.3333,24,A1,0.13,5,69,13,3.4,0.1,0.142,10,6.8,1,0.07,28.13,0,3,3,22,10.65,v2_lr,0
154254,2026-10-01,下関,6,4014,5.6,40.2,0.1829,0.3659,82,A2,0.16,1,64,9,3.7,0.3,0.192,10,6.83,0.25,0.02,41.05,0.5524,3,3,22,3.11,v2_lr,0
154255,2026-10-01,福岡,1,4184,7.36,58,0.4444,0.5556,9,A1,0.17,60,85,74,3,0.2,0.156,10,6.85,1,0.03,40,0.3547,1,2,26,48.81,v2_lr,1
154255,2026-10-01,福岡,2,5337,4.72,25.2,0.0854,0.2073,82,B1,,0,0,0,4,0.1,0.174,10,6.87,0.8,0.07,37.5,0.2763,1,2,26,23.7,v2_lr,0
154255,2026-10-01,福岡,3,3784,5.04,33.3,0.0526,0.3158,19,B1,0.19,7,78,24,3.7,0.1,0.15,10,6.86,0.9,0.11,34.86,0.1935,1,2,26,12.85,v2_lr,0
154255,2026-10-01,福岡,4,3268,4.35,21.8,,,0,B1,0.16,4,67,10,3.6,0.4,0.149,10,6.95,0,0.17,60.58,1,1,2,26,11.12,v2_lr,0
154255,2026-10-01,福岡,5,4299,4.51,20.6,0,0.1667,12,B1,0.14,2,66,8,3.2,0,0.129,10,6.95,0,0.12,28.69,0,1,2,26,1.69,v2_lr,0
154255,2026-10-01,福岡,6,5067,5,28.7,0.0769,0.1923,26,B1,0.16,2,48,5,3.5,0.2,0.153,10,6.91,0.4,0.25,28.86,0.0053,1,2,26,1.82,v2_lr,0
154256,2026-10-01,福岡,1,3459,3.67,12.3,0.0323,0.1935,31,B1,0.12,7,48,21,4.4,0.1,0.197,10,6.89,0.8462,0.04,27.83,0,1,2,26,23.88,v2_lr,1
154256,2026-10-01,福岡,2,4899,4.58,26.6,0.1786,0.2857,28,B1,0.19,8,68,21,3.7,0.2,0.156,10,6.96,0.3077,0.16,37.42,0.5563,1,2,26,26.21,v2_lr,0
154256,2026-10-01,福岡,3,5006,3.42,12.2,,,0,B1,0.2,6,62,11,4.6,0,0.194,10,6.87,1,0.13,40,0.7059,1,2,26,22.05,v2_lr,0
154256,2026-10-01,福岡,4,3957,5.34,30.9,0.2727,0.3636,11,B1,0.2,7,71,17,3.6,0,0.18,10,6.9,0.7692,0.33,39.23,0.6613,1,2,26,22,v2_lr,0
154256,2026-10-01,福岡,5,3797,3.78,16.3,,,0,B1,0.2,0,65,9,5,0,0.2,10,7,0,0.28,38.36,0.6108,1,2,26,4.85,v2_lr,0
154256,2026-10-01,福岡,6,4164,4.16,19.4,0,0,2,B1,0.17,0,47,3,3.9,0,0.145,10,6.97,0.2308,0.29,45.07,1,1,2,26,1,v2_lr,0
154257,2026-10-01,福岡,1,4406,4.19,24,0.1579,0.1579,19,B1,0.16,23,52,34,4.5,0,0.14,10,6.82,0.75,-0.01,34.04,0.1957,2,2,26,38.01,v2_lr,1
154257,2026-10-01,福岡,2,5020,4.25,21.9,0.0526,0.1579,19,B1,0.19,8,67,20,4,0,0.168,10,6.86,0.4167,0.07,32.5,0,2,2,26,16.9,v2_lr,0
154257,2026-10-01,福岡,3,5121,7.89,61.1,0.1667,0.6667,6,A1,0.15,14,67,35,3,0.2,0.096,10,6.79,1,0.11,34.35,0.2351,2,2,26,25.1,v2_lr,0
154257,2026-10-01,福岡,4,3699,4.24,20,0.1,0.5,10,B1,0.18,8,58,15,3,0.2,0.172,10,6.9,0.0833,-0.06,40.37,1,2,2,26,9.18,v2_lr,0
154257,2026-10-01,福岡,5,4220,4.8,28.7,0.1481,0.2593,27,B1,0.19,2,62,14,2.4,0.4,0.157,10,6.86,0.4167,-0.06,34.55,0.2605,2,2,26,7.55,v2_lr,0
154257,2026-10-01,福岡,6,5457,0,0,,,0,B2,,0,36,0,5.8,0,0.194,10,6.91,0,-0.09,40.27,0.9873,2,2,26,3.26,v2_lr,0
154258,2026-10-01,福岡,1,4396,5,29.2,0.0556,0.3333,18,B1,0.19,25,65,42,4.2,0.1,0.154,10,6.94,0.7,0.19,31.72,0,2,2,26,24.04,v2_lr,1
154258,2026-10-01,福岡,2,3745,5.62,32.4,0.2,0.45,20,B1,0.17,4,68,28,3.1,0.2,0.167,10,6.97,0.4,0.16,40,0.8598,2,2,26,30.63,v2_lr,0
154258,2026-10-01,福岡,3,5038,6.41,47.5,0.1818,0.4545,11,A2,0.18,9,74,34,2.9,0.2,0.171,10,6.91,1,0.17,41.35,1,2,2,26,25.54,v2_lr,0
154258,2026-10-01,福岡,4,4816,5.62,38.7,,,0,A2,0.12,9,63,22,2.7,0.4,0.114,10,6.93,0.8,0.01,38.82,0.7373,2,2,26,15.37,v2_lr,0
154258,2026-10-01,福岡,5,3224,3.78,13.9,0,0,8,B1,0.18,1,66,5,4.3,0.2,0.164,10,6.96,0.5,-0.02,34.92,0.3323,2,2,26,2.46,v2_lr,0
154258,2026-10-01,福岡,6,3955,4.84,24.5,0.1053,0.2632,19,B2,0.18,1,45,2,3.4,0.1,0.154,10,7.01,0,0.09,33.33,0.1672,2,2,26,1.96,v2_lr,0
154259,2026-10-01,福岡,1,3784,5.04,33.3,0.0526,0.3158,19,B1,0.19,20,54,37,3.7,0.1,0.15,10,6.79,1,0.09,34.86,0.4486,3,3,26,30.49,v2_lr,0
154259,2026-10-01,福岡,2,5092,6.11,45,0.2267,0.5067,75,A2,0.14,11,66,29,4.2,0.1,0.132,10,6.89,0.5,0.09,33.07,0.3517,3,3,26,35.48,v2_lr,0
154259,2026-10-01,福岡,3,5369,3.64,20,0,0,17,B1,0.18,2,29,5,4.3,0.2,0.137,10,6.89,0.5,0.2,28.77,0.119,3,3,26,6.9,v2_lr,0
154259,2026-10-01,福岡,4,3372,3.07,9,0.0588,0.1471,34,B2,0.2,0,49,6,4.5,0.1,0.227,10,6.99,0,0.14,29.17,0.1407,3,3,26,4.71,v2_lr,0
154259,2026-10-01,福岡,5,4210,5.69,32.1,,,0,A2,0.18,3,70,8,2.9,0.1,0.158,10,6.91,0.4,0.15,45.05,1,3,3,26,8.51,v2_lr,1
154259,2026-10-01,福岡,6,5068,7.13,49,0.3,0.5,10,A1,0.13,7,69,16,1.9,0.6,0.109,10,6.8,0.95,0.08,26.57,0,3,3,26,13.91,v2_lr,0
154260,2026-10-01,福岡,1,3957,5.34,30.9,0.2727,0.3636,11,B1,0.2,23,67,41,3.6,0,0.18,10,6.86,0.625,0.04,39.23,1,3,3,26,42,v2_lr,1
154260,2026-10-01,福岡,2,4299,4.51,20.6,0,0.1667,12,B1,0.14,7,69,23,3.2,0,0.129,10,6.91,0,0.04,28.69,0.3741,3,3,26,10.65,v2_lr,0
154260,2026-10-01,福岡,3,5016,6.48,42.2,0.25,0.25,20,A1,0.15,19,75,37,2.6,0.3,0.153,10,6.83,1,0.09,37.59,0.9026,3,3,26,32.82,v2_lr,0
154260,2026-10-01,福岡,4,4428,6.23,44.4,0.1333,0.2,15,A2,0.14,17,78,31,2.6,0.3,0.116,10,6.88,0.375,0.02,22.39,0,3,3,26,9.87,v2_lr,0
154260,2026-10-01,福岡,5,4459,6.12,34.6,0,0.1875,16,A2,0.13,3,80,12,3,0,0.135,10,6.9,0.125,0.1,33.94,0.6859,3,3,26,2.13,v2_lr,0
154260,2026-10-01,福岡,6,5469,0,0,,,0,B2,,0,31,0,5.4,0,0.188,10,6.88,0.375,0.25,31.88,0.5635,3,3,26,2.54,v2_lr,0
154261,2026-10-01,福岡,1,4579,6.1,36.8,0.0588,0.2941,17,A2,0.14,64,90,76,2.7,0.3,0.134,10,6.86,0.8333,0.16,19.83,0,3,3,26,33.04,v2_lr,1
154261,2026-10-01,福岡,2,3361,4.14,22.8,0,0.2857,7,B1,0.2,5,63,21,4.3,0,0.17,10,6.87,0.6667,0.48,41.67,1,3,3,26,14.42,v2_lr,0
154261,2026-10-01,福岡,3,4798,6.37,41.9,0.2778,0.4444,18,A1,0.13,22,81,35,2.1,0.4,0.104,10,6.91,0,0.1,34.23,0.6593,3,3,26,34.77,v2_lr,0
154261,2026-10-01,福岡,4,3459,3.67,12.3,0.0323,0.1935,31,B1,0.12,6,70,8,4.4,0.1,0.197,10,6.87,0.6667,0.12,27.83,0.3663,3,3,26,7,v2_lr,0
154261,2026-10-01,福岡,5,4902,4.81,30.2,0.0714,0.3214,28,B1,0.18,8,72,19,4.3,0.1,0.16,10,6.91,0,0.13,28.79,0.4103,3,3,26,3.48,v2_lr,0
154261,2026-10-01,福岡,6,3964,4.66,21.2,,,0,B1,0.18,1,52,2,3,0.2,0.161,10,6.85,1,0.13,40,0.9235,3,3,26,7.29,v2_lr,0
154262,2026-10-01,福岡,1,3473,6.29,48.8,0.3016,0.5397,63,A1,0.15,62,118,81,2,0.6,0.145,10,6.91,0,0.13,42.47,0.8396,3,3,26,42.1,v2_lr,0
154262,2026-10-01,福岡,2,4164,4.16,19.4,0,0,2,B1,0.17,0,64,7,3.9,0,0.145,10,6.9,0.25,0.15,45.07,1,3,3,26,12.82,v2_lr,0
154262,2026-10-01,福岡,3,5067,5,28.7,0.0769,0.1923,26,B1,0.16,11,68,20,3.5,0.2,0.153,10,6.89,0.5,0.07,28.86,0,3,3,26,12.2,v2_lr,1
154262,2026-10-01,福岡,4,5009,5.47,39.1,0.2692,0.5,26,A2,0.14,8,58,18,3,0.2,0.12,10,6.9,0.25,0.1,36.11,0.4473,3,3,26,20.26,v2_lr,0
154262,2026-10-01,福岡,5,3699,4.24,20,0.1,0.5,10,B1,0.18,2,54,8,3,0.2,0.172,10,6.88,0.75,0.06,40.37,0.7101,3,3,26,6.01,v2_lr,0
154262,2026-10-01,福岡,6,5038,6.41,47.5,0.1818,0.4545,11,A2,0.18,3,63,8,2.9,0.2,0.171,10,6.87,1,0.16,41.35,0.7705,3,3,26,6.62,v2_lr,0
154263,2026-10-01,福岡,1,4227,6.14,41.3,0.2105,0.4211,19,A2,0.16,67,94,78,3.4,0.1,0.164,10,6.87,0.8571,0.1,42.07,0.8425,3,3,26,37.23,v2_lr,1
154263,2026-10-01,福岡,2,4816,5.62,38.7,,,0,A2,0.12,15,62,32,2.7,0.4,0.114,10,6.93,0,0.11,38.82,0.6707,3,3,26,22.43,v2_lr,0
154263,2026-10-01,福岡,3,4210,5.69,32.1,,,0,A2,0.18,6,77,22,2.9,0.1,0.158,10,6.93,0,0.17,45.05,1,3,3,26,16.2,v2_lr,0
154263,2026-10-01,福岡,4,5006,3.42,12.2,,,0,B1,0.2,7,65,13,4.6,0,0.194,10,6.86,1,0.13,40,0.7331,3,3,26,14.23,v2_lr,0
154263,2026-10-01,福岡,5,5337,4.72,25.2,0.0854,0.2073,82,B1,,5,104,18,4,0.1,0.174,10,6.86,1,0.12,37.5,0.601,3,3,26,5.42,v2_lr,0
154263,2026-10-01,福岡,6,4441,6.21,41.9,,,0,A2,0.12,2,76,9,2.5,0.3,0.088,10,6.87,0.8571,0.05,26.13,0,3,3,26,4.49,v2_lr,0
154264,2026-10-01,福岡,1,3265,6.09,44.1,,,0,A2,0.14,40,82,61,3.4,0,0.098,10,6.86,0.7273,0.05,28.85,0.4575,3,3,26,31.78,v2_lr,0
154264,2026-10-01,福岡,2,3711,6.1,41.8,0.1818,0.3636,11,A2,0.16,13,87,43,3.2,0.3,0.185,10,6.83,1,0.1,36.51,1,3,3,26,30.01,v2_lr,0
154264,2026-10-01,福岡,3,3224,3.78,13.9,0,0,8,B1,0.18,4,79,20,4.3,0.2,0.164,10,6.86,0.7273,0.01,34.92,0.8874,3,3,26,8.84,v2_lr,0
154264,2026-10-01,福岡,4,4220,4.8,28.7,0.1481,0.2593,27,B1,0.19,9,73,17,2.4,0.4,0.157,10,6.83,1,-0.01,34.55,0.8612,3,3,26,14.41,v2_lr,1
154264,2026-10-01,福岡,5,4311,6.53,48.7,0.25,0.4,20,A1,0.12,7,61,20,3.6,0.2,0.195,10,6.94,0,-0.06,35.97,0.9618,3,3,26,11.32,v2_lr,0
154264,2026-10-01,福岡,6,4428,6.23,44.4,0.1333,0.2,15,A2,0.14,2,69,14,2.6,0.3,0.116,10,6.85,0.8182,-0.02,22.39,0,3,3,26,3.64,v2_lr,0
154265,2026-10-01,福岡,1,4459,6.12,34.6,0,0.1875,16,A2,0.13,65,91,82,3,0,0.135,10,6.87,0.3333,0.12,33.94,0.6996,3,3,26,20.7,v2_lr,0
154265,2026-10-01,福岡,2,4788,5.95,38.5,0.1053,0.2632,19,A2,0.15,10,85,37,3.6,0.2,0.149,10,6.83,1,0.16,36.62,0.8324,3,3,26,26.95,v2_lr,1
154265,2026-10-01,福岡,3,4579,6.1,36.8,0.0588,0.2941,17,A2,0.14,13,82,31,2.7,0.3,0.134,10,6.83,1,0.11,19.83,0,3,3,26,13.64,v2_lr,0
154265,2026-10-01,福岡,4,4645,6.41,46.3,0.2727,0.4545,11,A1,0.14,16,69,27,1.9,0.6,0.166,10,6.89,0,0.07,37.16,0.8592,3,3,26,20.7,v2_lr,0
154265,2026-10-01,福岡,5,3745,5.62,32.4,0.2,0.45,20,B1,0.17,6,63,16,3.1,0.2,0.167,10,6.86,0.5,0.08,40,1,3,3,26,11.23,v2_lr,0
154265,2026-10-01,福岡,6,5092,6.11,45,0.2267,0.5067,75,A2,0.14,3,62,10,4.2,0.1,0.132,10,6.86,0.5,0.13,33.07,0.6564,3,3,26,6.78,v2_lr,0
154266,2026-10-01,福岡,1,5121,7.89,61.1,0.1667,0.6667,6,A1,0.15,65,88,78,3,0.2,0.096,10,6.82,1,-0.07,34.35,0.4893,3,3,26,21.73,v2_lr,1
154266,2026-10-01,福岡,2,3473,6.29,48.8,0.3016,0.5397,63,A1,0.15,25,94,44,2,0.6,0.145,10,6.91,0,-0.06,42.47,1,3,3,26,21.43,v2_lr,0
154266,2026-10-01,福岡,3,5068,7.13,49,0.3,0.5,10,A1,0.13,27,74,50,1.9,0.6,0.109,10,6.86,0.5556,0.01,26.57,0,3,3,26,18.48,v2_lr,0
154266,2026-10-01,福岡,4,4184,7.36,58,0.4444,0.5556,9,A1,0.17,15,67,26,3,0.2,0.156,10,6.83,0.8889,-0.02,40,0.8447,3,3,26,22.51,v2_lr,0
154266,2026-10-01,福岡,6,4798,6.37,41.9,0.2778,0.4444,18,A1,0.13,4,81,9,2.1,0.4,0.104,10,6.88,0.3333,-0.01,34.23,0.4818,3,3,26,5.37,v2_lr,0
154267,2026-10-01,唐津,1,4108,6.36,48.1,0.2667,0.4333,30,A1,0.15,46,64,53,3,0.1,0.147,10,6.76,0.8182,-0.03,0,0,2,2,26,52.12,v2_lr,1
154267,2026-10-01,唐津,2,5204,3.35,8.1,0,0,1,B2,0.19,3,22,6,3.1,0.1,0.153,10,6.77,0.7273,0.14,0,0,2,2,26,16.09,v2_lr,0
154267,2026-10-01,唐津,3,5248,4.57,21.5,0,0,10,B1,0.18,5,47,14,4.3,0.1,0.146,10,6.85,0,0.11,20,0.8,2,2,26,8.18,v2_lr,0
154267,2026-10-01,唐津,4,4119,5.45,28.1,0.12,0.52,25,B1,0.2,6,58,16,3.1,0.2,0.13,10,6.81,0.3636,0.02,25,1,2,2,26,13.74,v2_lr,0
154267,2026-10-01,唐津,5,4638,4.94,28.9,0.125,0.25,8,B1,0.17,2,68,13,3.7,0.1,0.156,10,6.79,0.5455,0.07,20,0.8,2,2,26,8.15,v2_lr,0
154267,2026-10-01,唐津,6,5429,1.12,0,0,0,29,B2,,0,64,0,5.4,0,0.156,10,6.74,1,0.22,22.22,0.8888,2,2,26,1.72,v2_lr,0
154268,2026-10-01,唐津,1,3918,6.57,49.2,0.25,0.25,4,A1,0.17,53,95,73,2,0.5,0.146,10,6.78,0.125,0.01,0,0,1,1,20,41.59,v2_lr,0
154268,2026-10-01,唐津,2,5324,2.18,4.4,0,0,1,B1,0.19,0,33,0,4.6,0.1,0.208,10,6.71,1,0.07,0,0,1,1,20,15.18,v2_lr,0
154268,2026-10-01,唐津,3,4112,5.98,40.1,0.1781,0.4795,73,A2,0.16,6,59,26,3.2,0.1,0.187,10,6.79,0,0.06,88.89,1,1,1,20,21.23,v2_lr,1
154268,2026-10-01,唐津,4,4154,4.61,26.5,0.0769,0.4615,13,B1,0.18,4,69,18,2.7,0.2,0.143,10,6.74,0.625,0.11,22.22,0.25,1,1,20,7.79,v2_lr,0
154268,2026-10-01,唐津,5,4733,5.1,33.7,0.2222,0.3704,27,B1,0.16,0,53,3,2.6,0.5,0.124,10,6.71,1,0.15,22.22,0.25,1,1,20,13.62,v2_lr,0
154268,2026-10-01,唐津,6,5423,1.09,0,0,0,7,B2,,0,64,0,5.7,0,0.247,10,6.79,0,0.51,44.44,0.4999,1,1,20,0.59,v2_lr,0
154269,2026-10-01,唐津,1,4121,5.83,39,0.2,0.5,30,A2,0.15,63,96,78,2.8,0.2,0.154,10,6.73,0.4118,0.09,0,0,3,3,21,45.14,v2_lr,1
154269,2026-10-01,唐津,2,5110,5.22,28.1,0,0,2,B1,0.18,14,81,29,3.5,0.1,0.142,10,6.75,0.2941,0.19,25,0.5626,3,3,21,14.9,v2_lr,0
154269,2026-10-01,唐津,3,5297,3.26,13.5,0,0.0476,21,B1,0.21,4,61,9,4.8,0.1,0.177,10,6.63,1,0.36,0,0,3,3,21,8.96,v2_lr,0
154269,2026-10-01,唐津,4,4866,4.07,14.6,0.15,0.3,20,B1,0.16,0,63,9,3.1,0.1,0.176,10,6.75,0.2941,0.09,12.5,0.2813,3,3,21,13.17,v2_lr,0
154269,2026-10-01,唐津,5,3541,5.56,31.8,0.28,0.4,25,A2,0.17,6,80,19,2,0.5,0.177,10,6.8,0,0.11,0,0,3,3,21,14.73,v2_lr,0
154269,2026-10-01,唐津,6,4747,3.71,19.7,0.1111,0.1111,18,B1,0.16,1,48,1,4.5,0,0.18,10,6.79,0.0588,0.07,44.44,1,3,3,21,3.09,v2_lr,0
154270,2026-10-01,唐津,1,4782,4.27,21.6,0,0.1111,27,B1,0.15,23,50,28,4.1,0.1,0.185,10,6.74,0.5625,0.11,0,0,1,1,21,16.34,v2_lr,1
154270,2026-10-01,唐津,2,3853,5.5,34.4,0.1786,0.2857,28,A2,0.2,8,77,33,3.2,0.2,0.182,10,6.76,0.4375,0.04,0,0,1,1,21,24.16,v2_lr,0
154270,2026-10-01,唐津,3,4472,6.35,42.6,1,1,1,A1,0.17,14,87,41,2,0.3,0.149,10,6.67,1,0.11,0,0,1,1,21,40.76,v2_lr,0
154270,2026-10-01,唐津,4,3212,4.58,23.8,0.1,0.4,20,B1,0.19,6,54,11,3.9,0,0.189,10,6.8,0.1875,0.11,25,0.45,1,1,21,6.21,v2_lr,0
154270,2026-10-01,唐津,5,5039,4.6,29,0,0,1,B1,0.15,4,58,14,3.2,0.1,0.16,10,6.83,0,0.19,0,0,1,1,21,1.24,v2_lr,0
154270,2026-10-01,唐津,6,4575,5.95,37.2,0.3333,0.4444,9,A2,0.17,5,53,12,2.1,0.5,0.141,10,6.8,0.1875,0.07,55.56,1,1,1,21,11.3,v2_lr,0
154271,2026-10-01,唐津,1,4989,6.01,43.3,0.2273,0.4545,22,A2,0.14,49,71,56,3.8,0,0.143,10,6.73,1,-0.02,50,0.8999,3,3,23,37.76,v2_lr,1
154271,2026-10-01,唐津,2,5014,5.11,30.9,0.1455,0.3091,55,B1,0.13,5,59,21,3.9,0,0.19,10,6.73,1,0.06,55.56,1,3,3,23,28.04,v2_lr,0
154271,2026-10-01,唐津,3,4359,5.52,37.3,0.2727,0.4545,11,A2,0.11,7,65,19,3.8,0.1,0.124,10,6.86,0,0.08,0,0,3,3,23,22.77,v2_lr,0
154271,2026-10-01,唐津,4,4229,3.69,11.6,0,0,4,B1,0.18,1,49,4,4.1,0.1,0.164,10,6.81,0.3846,0.04,0,0,3,3,23,3.47,v2_lr,0
154271,2026-10-01,唐津,5,5429,1.12,0,0,0,29,B2,,0,34,0,5.4,0,0.156,10,6.77,0.6923,0.16,22.22,0.3999,3,3,23,1.83,v2_lr,0
154271,2026-10-01,唐津,6,4174,6.35,41.8,0.2333,0.4333,30,A1,0.15,5,70,20,3.2,0.1,0.175,10,6.79,0.5385,0.07,0,0,3,3,23,6.11,v2_lr,0
154272,2026-10-01,唐津,1,5248,4.57,21.5,0,0,10,B1,0.18,9,35,13,4.3,0.1,0.146,10,6.83,0.5455,0.31,20,0.4,3,3,25,18.69,v2_lr,0
154272,2026-10-01,唐津,2,4172,6.17,44.9,0.2188,0.5,32,A2,0.17,10,84,30,2.9,0.1,0.129,10,6.89,0,0.12,44.44,0.8888,3,3,25,30.34,v2_lr,0
154272,2026-10-01,唐津,3,4000,6.16,42,0.1765,0.4118,17,A2,0.17,20,93,44,3.7,0.1,0.187,10,6.78,1,0.11,50,1,3,3,25,26.4,v2_lr,0
154272,2026-10-01,唐津,4,4417,5.03,31.1,0.1538,0.3462,26,B1,0.21,1,54,7,3.3,0,0.16,10,6.82,0.6364,0.11,22.22,0.4444,3,3,25,12.67,v2_lr,0
154272,2026-10-01,唐津,5,3983,6.39,42.8,0.2,0.4,10,A1,0.15,11,70,22,3.6,0.2,0.125,10,6.84,0.4545,0.07,44.44,0.8888,3,3,25,10.86,v2_lr,1
154272,2026-10-01,唐津,6,5324,2.18,4.4,0,0,1,B1,0.19,0,60,0,4.6,0.1,0.208,10,6.82,0.6364,0.15,0,0,3,3,25,1.05,v2_lr,0
154273,2026-10-01,唐津,2,4543,6.77,48.7,0.3125,0.625,16,A1,0.15,16,77,32,3.1,0.1,0.172,10,6.8,1,0.12,0,0,3,3,25,47.99,v2_lr,1
154273,2026-10-01,唐津,3,4764,5.17,32.6,0.1538,0.4231,26,B1,0.16,16,66,38,4.1,0.1,0.197,10,6.83,0.5,0.36,0,0,3,3,25,18.05,v2_lr,0
154273,2026-10-01,唐津,4,4948,5.35,37.5,0.1053,0.3684,19,B1,0.16,10,66,24,2.3,0.5,0.141,10,6.84,0.3333,0.14,0,0,3,3,25,8.48,v2_lr,0
154273,2026-10-01,唐津,5,5423,1.09,0,0,0,7,B2,,0,28,0,5.7,0,0.247,10,6.86,0,0.03,44.44,1,3,3,25,2.1,v2_lr,0
154273,2026-10-01,唐津,6,3319,5.55,36.4,0.1111,0.4815,27,A2,0.17,1,60,6,3,0.3,0.142,10,6.84,0.3333,-0.02,0,0,3,3,25,3.06,v2_lr,0
154274,2026-10-01,唐津,1,4154,4.61,26.5,0.0769,0.4615,13,B1,0.18,34,73,44,2.7,0.2,0.143,10,6.78,1,0.07,22.22,0.5,3,3,26,32.33,v2_lr,0
154274,2026-10-01,唐津,2,4747,3.71,19.7,0.1111,0.1111,18,B1,0.16,4,65,15,4.5,0,0.18,10,6.87,0.4,0.19,44.44,1,3,3,26,23.27,v2_lr,0
154274,2026-10-01,唐津,3,5204,3.35,8.1,0,0,1,B2,0.19,0,22,5,3.1,0.1,0.153,10,6.83,0.6667,0.11,0,0,3,3,26,8.04,v2_lr,1
154274,2026-10-01,唐津,4,4483,6.86,50.9,0.3158,0.4211,19,A1,0.16,14,64,26,2.4,0.4,0.134,10,6.8,0.8667,0.03,22.22,0.5,3,3,26,31.77,v2_lr,0
154274,2026-10-01,唐津,5,4253,4.05,15.1,0.0385,0.1923,26,B1,0.19,2,77,5,4.2,0,0.164,10,6.89,0.2667,0.07,0,0,3,3,26,2.68,v2_lr,0
154274,2026-10-01,唐津,6,3212,4.58,23.8,0.1,0.4,20,B1,0.19,0,48,6,3.9,0,0.189,10,6.93,0,0.23,25,0.5626,3,3,26,1.91,v2_lr,0
154275,2026-10-01,唐津,1,5039,4.6,29,0,0,1,B1,0.15,20,55,35,3.2,0.1,0.16,10,6.9,0,-0.02,0,0,4,4,26,15.52,v2_lr,0
154275,2026-10-01,唐津,2,4389,5.63,33,0.5,1,2,A2,0.19,6,74,23,3.2,0.1,0.188,10,6.89,0.0476,0.08,0,0,4,4,26,41.86,v2_lr,0
154275,2026-10-01,唐津,3,4072,6.74,53.8,0.3854,0.6146,96,A1,0.12,17,67,37,2.9,0.4,0.14,10,6.86,0.1905,0.05,0,0,4,4,26,34.24,v2_lr,1
154275,2026-10-01,唐津,4,5297,3.26,13.5,0,0.0476,21,B1,0.21,1,77,5,4.8,0.1,0.177,10,6.69,1,-0.06,0,0,4,4,26,5.19,v2_lr,0
154275,2026-10-01,唐津,5,5106,5.53,32.1,0,0,2,A2,0.21,2,63,11,3.3,0.2,0.178,10,6.86,0.1905,-0.04,0,0,4,4,26,1.97,v2_lr,0
154275,2026-10-01,唐津,6,5407,2.11,1.4,0,0.0909,11,B1,,0,102,2,4.2,0,0.228,10,6.83,0.3333,-0.03,33.33,1,4,4,26,1.21,v2_lr,0
154276,2026-10-01,唐津,1,4638,4.94,28.9,0.125,0.25,8,B1,0.17,29,58,37,3.7,0.1,0.156,10,6.84,0.7333,-0.07,20,0.4,4,4,26,28.8,v2_lr,0
154276,2026-10-01,唐津,2,3918,6.57,49.2,0.25,0.25,4,A1,0.17,15,81,43,2,0.5,0.146,10,6.95,0,-0.03,0,0,4,4,26,27.15,v2_lr,0
154276,2026-10-01,唐津,3,4989,6.01,43.3,0.2273,0.4545,22,A2,0.14,16,72,38,3.8,0,0.143,10,6.86,0.6,0,50,1,4,4,26,24.31,v2_lr,0
154276,2026-10-01,唐津,4,3771,5.26,31.7,0,0,9,B1,0.16,5,63,15,4.1,0,0.121,10,6.86,0.6,0.06,0,0,4,4,26,3.7,v2_lr,0
154276,2026-10-01,唐津,5,4121,5.83,39,0.2,0.5,30,A2,0.15,4,72,13,2.8,0.2,0.154,10,6.8,1,-0.05,0,0,4,4,26,10.33,v2_lr,1
154276,2026-10-01,唐津,6,4011,5.7,38,0.2222,0.3333,27,A2,0.17,7,66,16,3.1,0.1,0.198,10,6.82,0.8667,0.23,11.11,0.2222,4,4,26,5.72,v2_lr,0
154277,2026-10-01,唐津,1,4112,5.98,40.1,0.1781,0.4795,73,A2,0.16,26,46,36,3.2,0.1,0.187,10,6.82,0.6667,-0.03,88.89,1,3,3,26,32.76,v2_lr,0
154277,2026-10-01,唐津,2,4764,5.17,32.6,0.1538,0.4231,26,B1,0.16,9,58,20,4.1,0.1,0.197,10,6.83,0.5556,0.01,0,0,3,3,26,22.57,v2_lr,1
154277,2026-10-01,唐津,3,4172,6.17,44.9,0.2188,0.5,32,A2,0.17,14,83,37,2.9,0.1,0.129,10,6.88,0,-0.03,44.44,0.4999,3,3,26,19.46,v2_lr,0
154277,2026-10-01,唐津,4,4174,6.35,41.8,0.2333,0.4333,30,A1,0.15,9,72,20,3.2,0.1,0.175,10,6.86,0.2222,0.01,0,0,3,3,26,14.4,v2_lr,0
154277,2026-10-01,唐津,5,3853,5.5,34.4,0.1786,0.2857,28,A2,0.2,4,70,4,3.2,0.2,0.182,10,6.86,0.2222,-0.12,0,0,3,3,26,6.76,v2_lr,0
154277,2026-10-01,唐津,6,4119,5.45,28.1,0.12,0.52,25,B1,0.2,1,52,7,3.1,0.2,0.13,10,6.79,1,-0.12,25,0.2812,3,3,26,4.06,v2_lr,0
154278,2026-10-01,唐津,1,4483,6.86,50.9,0.3158,0.4211,19,A1,0.16,68,92,80,2.4,0.4,0.134,10,6.81,1,0.02,22.22,0.4444,3,3,26,27.27,v2_lr,1
154278,2026-10-01,唐津,2,3319,5.55,36.4,0.1111,0.4815,27,A2,0.17,6,62,19,3,0.3,0.142,10,6.89,0.2,0.12,0,0,3,3,26,11.69,v2_lr,0
154278,2026-10-01,唐津,3,4108,6.36,48.1,0.2667,0.4333,30,A1,0.15,13,57,25,3,0.1,0.147,10,6.91,0,-0.01,0,0,3,3,26,15.92,v2_lr,0
154278,2026-10-01,唐津,4,4359,5.52,37.3,0.2727,0.4545,11,A2,0.11,7,56,19,3.8,0.1,0.124,10,6.88,0.3,-0.01,0,0,3,3,26,12.65,v2_lr,0
154278,2026-10-01,唐津,5,4472,6.35,42.6,1,1,1,A1,0.17,7,78,21,2,0.3,0.149,10,6.84,0.7,-0.12,0,0,3,3,26,29.13,v2_lr,0
154278,2026-10-01,唐津,6,4000,6.16,42,0.1765,0.4118,17,A2,0.17,1,86,8,3.7,0.1,0.187,10,6.85,0.6,0.15,50,1,3,3,26,3.34,v2_lr,0
154279,2026-10-01,大村,1,4918,5.37,30.1,0,0.2727,11,B1,0.12,25,45,30,3.7,0,0.166,10,6.85,1,0.07,36.99,0.9612,3,2,23,27.06,v2_lr,0
154279,2026-10-01,大村,2,4004,5.25,31,0.1481,0.2716,81,B1,0.18,5,72,18,3.6,0.2,0.176,10,6.91,0.1429,0.04,37.84,1,3,2,23,27.46,v2_lr,0
154279,2026-10-01,大村,3,3842,4.48,24,0.2308,0.3846,26,B1,0.19,7,59,21,3.5,0.3,0.182,10,6.88,0.5714,-0.06,35.82,0.9078,3,2,23,30.86,v2_lr,0
154279,2026-10-01,大村,4,4666,4.12,19.1,0.0769,0.2308,13,B1,0.15,2,48,7,3,0.3,0.12,10,6.91,0.1429,-0.02,28.57,0.5767,3,2,23,7.09,v2_lr,0
154279,2026-10-01,大村,5,5192,4.71,29,0.1316,0.2895,38,B1,0.16,4,48,11,5,0,0.253,10,6.92,0,0.19,15.94,0,3,2,23,4,v2_lr,0
154279,2026-10-01,大村,6,3509,3.84,16,0.0909,0.2727,11,B1,0.14,0,38,2,3.7,0.1,0.147,10,6.86,0.8571,0.01,32.88,0.7735,3,2,23,3.52,v2_lr,1
154280,2026-10-01,大村,1,5037,5.4,38,0.2,0.4,20,B1,0.16,26,51,31,3,0.3,0.154,10,6.86,0.3333,0.02,31.51,0.4694,4,3,27,38.59,v2_lr,1
154280,2026-10-01,大村,2,4068,4.67,19.8,0.0714,0.2857,14,B1,0.14,7,79,26,3.1,0.2,0.134,10,6.84,0.5,-0.06,41.67,0.8459,4,3,27,22.92,v2_lr,0
154280,2026-10-01,大村,3,4555,5.26,32.1,0.1212,0.2727,33,B1,0.18,3,73,24,2.7,0.2,0.198,10,6.78,1,0.36,45.83,1,4,3,27,19.13,v2_lr,0
154280,2026-10-01,大村,4,3930,5.48,35.2,0.1,0.25,20,A2,0.16,12,70,22,3.6,0.1,0.184,10,6.85,0.4167,0.06,39.74,0.7744,4,3,27,9.44,v2_lr,0
154280,2026-10-01,大村,5,5446,0,0,0,0,4,B2,,0,13,0,6,0,0.18,10,6.9,0,0.13,18.84,0,4,3,27,1.17,v2_lr,0
154280,2026-10-01,大村,6,4171,6.22,43.2,0.269,0.4897,145,A2,0.18,3,87,15,1.9,0.5,0.172,10,6.89,0.0833,-0.03,40,0.784,4,3,27,8.75,v2_lr,0
154281,2026-10-01,大村,1,5236,3.87,19.1,0.0323,0.1935,31,B1,0.17,6,23,13,3.3,0,0.109,10,6.83,0.5,0.07,39.74,0.7641,4,3,26,20.25,v2_lr,1
154281,2026-10-01,大村,2,4442,5.45,37.7,0.2353,0.2941,17,B1,0.17,13,81,34,2.9,0.3,0.181,10,6.76,1,0.06,31.65,0.3447,4,3,26,31.31,v2_lr,0
154281,2026-10-01,大村,3,4817,6.46,49,0.2609,0.3478,23,A1,0.13,13,73,29,2.8,0.3,0.121,10,6.87,0.2143,0.09,41.03,0.831,4,3,26,24.14,v2_lr,0
154281,2026-10-01,大村,4,4408,3.29,16.1,0.1538,0.2949,78,B1,0.15,1,39,1,3.5,0.2,0.179,10,6.9,0,0.07,25,0,4,3,26,7.06,v2_lr,0
154281,2026-10-01,大村,5,3528,3.82,12.3,0.1818,0.2273,22,B1,0.24,1,50,3,3.5,0.1,0.215,10,6.87,0.2143,0.08,44.29,1,4,3,26,7.14,v2_lr,0
154281,2026-10-01,大村,6,5054,6.28,43.4,0.2857,0.5,14,A1,0.13,3,53,6,2,0.6,0.153,10,6.8,0.7143,0.1,42.65,0.915,4,3,26,10.11,v2_lr,0
154282,2026-10-01,大村,1,5273,4.22,20.5,0.0769,0.1538,13,B1,0.17,22,53,29,4.4,0,0.241,10,6.81,1,0.13,41.98,1,4,3,26,28.33,v2_lr,0
154282,2026-10-01,大村,2,4302,6.88,57.3,0.2708,0.6042,48,A1,0.14,24,94,55,3.6,0.1,0.105,10,6.88,0.5,0.04,22.86,0,4,3,26,31.91,v2_lr,1
154282,2026-10-01,大村,3,4470,6.19,43.2,0.2917,0.375,24,A2,0.14,10,82,29,2.8,0.3,0.125,10,6.86,0.6429,0.12,36.99,0.739,4,3,26,29.77,v2_lr,0
154282,2026-10-01,大村,4,3701,3.83,18.6,0.0769,0.2308,13,B1,0.18,2,65,12,4.5,0.1,0.128,10,6.95,0,0.18,33.78,0.5711,4,3,26,4.68,v2_lr,0
154282,2026-10-01,大村,5,4680,5.66,36.2,0.0667,0.4667,15,A2,0.22,3,70,14,2.9,0.2,0.198,10,6.83,0.8571,-0.03,29.11,0.3269,4,3,26,4.39,v2_lr,0
154282,2026-10-01,大村,6,5420,1.56,0,0,0,33,B2,,0,106,1,5.5,0,0.166,10,6.91,0.2857,0.05,35.44,0.6579,4,3,26,0.91,v2_lr,0
154283,2026-10-01,大村,2,4452,5.46,38.5,0.0556,0.3333,18,A2,0.15,12,79,29,3.7,0,0.147,10,6.89,0.3636,-0.02,43.42,1,4,3,25,16.3,v2_lr,1
154283,2026-10-01,大村,3,4204,5.16,35.1,0.2,0.4,5,B1,0.16,6,62,15,3.6,0.1,0.181,10,6.82,1,0.22,22.86,0.2694,4,3,25,21.52,v2_lr,0
154283,2026-10-01,大村,4,5384,1.71,1.3,0,0,60,B2,0.58,0,37,0,5,0,0.147,10,6.88,0.4545,0.06,15.28,0,4,3,25,3.03,v2_lr,0
154283,2026-10-01,大村,5,4431,4.86,29.1,0.1429,0.1905,21,B1,0.13,4,52,10,3.1,0.3,0.143,10,6.93,0,0.08,32.35,0.6066,4,3,25,4.54,v2_lr,0
154283,2026-10-01,大村,6,4793,6.2,46.2,0.4545,0.7273,11,A2,0.16,1,78,11,2,0.4,0.118,10,6.86,0.6364,-0.01,26.76,0.408,4,3,25,22.14,v2_lr,0
154284,2026-10-01,大村,1,4708,4.19,15,0.0714,0.1429,14,B1,0.17,16,55,27,4.1,0,0.192,10,6.86,1,0.13,43.9,0.6665,4,3,25,32.76,v2_lr,1
154284,2026-10-01,大村,2,4057,5.98,46.6,0.1837,0.3265,49,A2,0.15,15,87,44,3.6,0.2,0.192,10,6.86,1,0.4,49.41,0.8934,4,3,25,32.83,v2_lr,0
154284,2026-10-01,大村,3,4264,6.93,54.4,0.1818,0.4848,33,A1,0.15,19,89,48,3.1,0.3,0.145,10,6.88,0.5,0.51,27.71,0,4,3,25,17.33,v2_lr,0
154284,2026-10-01,大村,4,3827,3.99,14.8,0,0,5,B1,0.2,3,66,5,4.3,0,0.188,10,6.9,0,0.14,36.25,0.3516,4,3,25,3.32,v2_lr,0
154284,2026-10-01,大村,5,4421,3.49,9.3,0.1667,0.2222,18,B1,0.16,1,51,3,4.1,0.2,0.153,10,6.87,0.75,0.06,52,1,4,3,25,10.46,v2_lr,0
154284,2026-10-01,大村,6,3685,5.61,38.7,0.1538,0.5385,26,A2,0.13,1,71,9,3.5,0.1,0.197,10,6.89,0.25,0.09,30.67,0.1219,4,3,25,3.29,v2_lr,0
154285,2026-10-01,大村,1,4601,6.64,51.8,0.2069,0.5172,29,A1,0.11,72,111,97,2.4,0.3,0.112,10,6.83,1,0.16,26.09,0.5164,3,2,25,44.87,v2_lr,1
154285,2026-10-01,大村,2,5065,5.82,46.7,0,0.4,5,A2,0.14,6,66,29,3.9,0.1,0.137,10,6.89,0.25,0.05,30.88,0.8575,3,2,25,13.86,v2_lr,0
154285,2026-10-01,大村,3,4520,6.17,44.6,0.2,0.4,5,A2,0.13,14,71,30,3.1,0.2,0.188,10,6.86,0.625,0.16,19.18,0.0242,3,2,25,25.18,v2_lr,0
154285,2026-10-01,大村,4,3509,3.84,16,0.0909,0.2727,11,B1,0.14,1,49,5,3.7,0.1,0.147,10,6.88,0.375,0.06,32.88,1,3,2,25,9.57,v2_lr,0
154285,2026-10-01,大村,5,4408,3.29,16.1,0.1538,0.2949,78,B1,0.15,0,44,5,3.5,0.2,0.179,10,6.91,0,0.09,25,0.4387,3,2,25,5.69,v2_lr,0
154285,2026-10-01,大村,6,5446,0,0,0,0,4,B2,,0,26,0,6,0,0.18,10,6.88,0.375,0.13,18.84,0,3,2,25,0.83,v2_lr,0
154286,2026-10-01,大村,1,3930,5.48,35.2,0.1,0.25,20,A2,0.16,41,71,54,3.6,0.1,0.184,10,6.87,0.5,0.13,39.74,0.8395,3,2,24,32.4,v2_lr,0
154286,2026-10-01,大村,2,3528,3.82,12.3,0.1818,0.2273,22,B1,0.24,3,59,14,3.5,0.1,0.215,10,6.81,0.875,0.11,44.29,1,3,2,24,35.44,v2_lr,0
154286,2026-10-01,大村,3,4339,4,17.5,0.1379,0.1724,29,B1,0.21,3,74,10,4.4,0,0.157,10,6.89,0.375,0.16,31.08,0.534,3,2,24,17.23,v2_lr,0
154286,2026-10-01,大村,4,4680,5.66,36.2,0.0667,0.4667,15,A2,0.22,3,59,18,2.9,0.2,0.198,10,6.79,1,0.27,29.11,0.4646,3,2,24,8.3,v2_lr,0
154286,2026-10-01,大村,5,4248,4.15,19.3,0.0921,0.2368,76,B1,0.15,1,66,3,3,0.2,0.142,10,6.89,0.375,0.11,28,0.4254,3,2,24,4.41,v2_lr,1
154286,2026-10-01,大村,6,5192,4.71,29,0.1316,0.2895,38,B1,0.16,2,53,2,5,0,0.253,10,6.95,0,0.16,15.94,0,3,2,24,2.22,v2_lr,0
154287,2026-10-01,大村,1,4793,6.2,46.2,0.4545,0.7273,11,A2,0.16,57,87,67,2,0.4,0.118,10,6.85,0.6667,-0.02,26.76,0,3,2,24,36.42,v2_lr,1
154287,2026-10-01,大村,2,4470,6.19,43.2,0.2917,0.375,24,A2,0.14,22,78,51,2.8,0.3,0.125,10,6.93,0,0.2,36.99,0.5364,3,2,24,27.42,v2_lr,0
154287,2026-10-01,大村,3,4442,5.45,37.7,0.2353,0.2941,17,B1,0.17,14,69,25,2.9,0.3,0.181,10,6.81,1,0.13,31.65,0.2564,3,2,24,22.77,v2_lr,0
154287,2026-10-01,大村,4,4555,5.26,32.1,0.1212,0.2727,33,B1,0.18,9,62,20,2.7,0.2,0.198,10,6.84,0.75,0.04,45.83,1,3,2,24,9.93,v2_lr,0
154287,2026-10-01,大村,5,4918,5.37,30.1,0,0.2727,11,B1,0.12,3,60,5,3.7,0,0.166,10,6.91,0.1667,0.03,36.99,0.5364,3,2,24,1.64,v2_lr,0
154287,2026-10-01,大村,6,4452,5.46,38.5,0.0556,0.3333,18,A2,0.15,2,72,8,3.7,0,0.147,10,6.85,0.6667,0.03,43.42,0.8736,3,2,24,1.81,v2_lr,0
154288,2026-10-01,大村,1,4171,6.22,43.2,0.269,0.4897,145,A2,0.18,79,105,92,1.9,0.5,0.172,10,6.85,1,0.03,40,0.7036,3,2,24,36.61,v2_lr,0
154288,2026-10-01,大村,2,4384,6.42,44.6,0.1765,0.4706,17,A1,0.16,10,83,42,2.7,0.1,0.164,10,6.93,0,0.12,47.22,1,3,2,24,22.69,v2_lr,0
154288,2026-10-01,大村,3,4666,4.12,19.1,0.0769,0.2308,13,B1,0.15,4,50,9,3,0.3,0.12,10,6.89,0.5,0.07,28.57,0.2344,3,2,24,10.11,v2_lr,0
154288,2026-10-01,大村,4,4817,6.46,49,0.2609,0.3478,23,A1,0.13,3,62,22,2.8,0.3,0.121,10,6.88,0.625,0.1,41.03,0.7459,3,2,24,19.3,v2_lr,0
154288,2026-10-01,大村,5,4264,6.93,54.4,0.1818,0.4848,33,A1,0.15,10,72,30,3.1,0.3,0.145,10,6.93,0,0.03,27.71,0.1991,3,2,24,5.55,v2_lr,0
154288,2026-10-01,大村,6,4302,6.88,57.3,0.2708,0.6042,48,A1,0.14,7,63,21,3.6,0.1,0.105,10,6.92,0.125,0.03,22.86,0,3,2,24,5.74,v2_lr,1
154289,2026-10-01,大村,1,5054,6.28,43.4,0.2857,0.5,14,A1,0.13,46,63,50,2,0.6,0.153,10,6.84,0.9,0.13,42.65,0.7101,2,1,24,39.11,v2_lr,1
154289,2026-10-01,大村,2,4601,6.64,51.8,0.2069,0.5172,29,A1,0.11,17,73,44,2.4,0.3,0.112,10,6.88,0.5,0.3,26.09,0,2,1,24,25.47,v2_lr,0
154289,2026-10-01,大村,3,4068,4.67,19.8,0.0714,0.2857,14,B1,0.14,2,74,18,3.1,0.2,0.134,10,6.86,0.7,0.11,41.67,0.6681,2,1,24,12.45,v2_lr,0
154289,2026-10-01,大村,4,4057,5.98,46.6,0.1837,0.3265,49,A2,0.15,8,88,25,3.6,0.2,0.192,10,6.89,0.4,0.04,49.41,1,2,1,24,13.72,v2_lr,0
154289,2026-10-01,大村,5,5273,4.22,20.5,0.0769,0.1538,13,B1,0.17,6,75,13,4.4,0,0.241,10,6.83,1,-0.15,41.98,0.6814,2,1,24,6,v2_lr,0
154289,2026-10-01,大村,6,4004,5.25,31,0.1481,0.2716,81,B1,0.18,0,47,4,3.6,0.2,0.176,10,6.93,0,-0.18,37.84,0.5039,2,1,24,3.26,v2_lr,0
154290,2026-10-01,大村,1,4520,6.17,44.6,0.2,0.4,5,A2,0.13,31,61,38,3.1,0.2,0.188,10,6.84,1,0.04,19.18,0.1062,1,1,24,35.61,v2_lr,0
154290,2026-10-01,大村,2,4421,3.49,9.3,0.1667,0.2222,18,B1,0.16,4,49,5,4.1,0.2,0.153,10,6.84,1,0.01,52,1,1,1,24,30.08,v2_lr,0
154290,2026-10-01,大村,3,5037,5.4,38,0.2,0.4,20,B1,0.16,10,57,26,3,0.3,0.154,10,6.85,0.875,-0.04,31.51,0.442,1,1,24,24.18,v2_lr,1
154290,2026-10-01,大村,4,5420,1.56,0,0,0,33,B2,,0,22,0,5.5,0,0.166,10,6.92,0,-0.15,35.44,0.549,1,1,24,3.18,v2_lr,0
154290,2026-10-01,大村,5,4339,4,17.5,0.1379,0.1724,29,B1,0.21,1,70,3,4.4,0,0.157,10,6.9,0.25,-0.08,31.08,0.4303,1,1,24,5.58,v2_lr,0
154290,2026-10-01,大村,6,5384,1.71,1.3,0,0,60,B2,0.58,2,120,2,5,0,0.147,10,6.84,1,-0.11,15.28,0,1,1,24,1.37,v2_lr,0
