race_id,date,venue,lane,player_id,global_win_rate,global_2rate,local_win_rate,local_2rate,local_race_cnt,grade_period,avg_st,course_rank1,course_count,course_rank2,recent10_avg_rank,recent10_win_rate,recent10_st_mean,recent10_count,exhibit_time_raw,exhibit_time_rel,start_timing,motor_2rate,motor_2rate_rel,wind_speed,wave_height,temperature,score_total_current,model_version,is_winner
150979,2026-09-24,桐生,1,3538,4.58,23,0.1207,0.2586,58,B2,0.22,21,54,37,4.5,0,0.178,10,6.72,0.8667,0.21,41.54,0.954,3,2,22,27.63,v2_lr,0
150979,2026-09-24,桐生,2,4892,4.86,31.7,0.0909,0.4545,11,B1,0.17,9,74,33,2.6,0.2,0.185,10,6.73,0.8,0.11,41.1,0.9234,3,2,22,19.11,v2_lr,0
150979,2026-09-24,桐生,3,4798,6.37,41.9,0.2778,0.4167,36,A1,0.13,21,80,34,2.5,0.3,0.115,10,6.79,0.4,0.13,33.67,0.406,3,2,22,24.41,v2_lr,0
150979,2026-09-24,桐生,4,5114,5.32,36.8,0.25,0.5625,16,B1,0.15,13,78,26,3.1,0.2,0.164,10,6.85,0,0.04,42.2,1,3,2,22,14.83,v2_lr,1
150979,2026-09-24,桐生,5,4351,7.01,53.1,0.2941,0.5294,17,A1,0.15,5,62,24,2.4,0.3,0.139,10,6.82,0.2,0.02,27.84,0,3,2,22,11.79,v2_lr,0
150979,2026-09-24,桐生,6,5061,3.69,17.6,0.08,0.24,25,B1,0.17,0,42,1,5.6,0,0.163,10,6.7,1,0.22,38.86,0.7674,3,2,22,2.24,v2_lr,0
150980,2026-09-24,桐生,1,4485,5.26,32.7,0.1538,0.5385,26,B1,0.17,37,73,55,3.4,0.2,0.181,10,6.76,0.5625,0.11,37.88,0.969,4,3,26,25.77,v2_lr,0
150980,2026-09-24,桐生,2,4834,5.81,35.8,0.2903,0.4194,31,A2,0.15,15,84,35,3,0.2,0.131,10,6.82,0.1875,0.23,32.16,0.4142,4,3,26,25.94,v2_lr,0
150980,2026-09-24,桐生,3,3654,6.17,46.6,0.44,0.64,25,A2,0.16,15,76,39,2.6,0.4,0.12,10,6.79,0.375,0.12,32.83,0.4791,4,3,26,29.86,v2_lr,1
150980,2026-09-24,桐生,4,4228,5.87,40.1,0.1304,0.3043,23,A2,0.17,6,73,24,4,0,0.178,10,6.8,0.3125,0.17,27.89,0,4,3,26,6.1,v2_lr,0
150980,2026-09-24,桐生,5,4434,6.14,45.8,0.2353,0.5882,17,A2,0.15,1,68,14,2.9,0.2,0.186,10,6.69,1,0.1,38.2,1,4,3,26,11.53,v2_lr,0
150980,2026-09-24,桐生,6,3352,4.51,11.4,0,0.0476,21,B1,,7,243,33,3.8,0,0.138,10,6.85,0,0.08,36.36,0.8215,4,3,26,0.8,v2_lr,0
150981,2026-09-24,桐生,1,4330,5.97,40.6,0.3333,0.6667,6,A2,0.12,57,77,65,2.7,0.2,0.122,10,6.67,1,0.01,50.59,1,3,2,25,40.12,v2_lr,1
150981,2026-09-24,桐生,2,3659,5.68,36,0.1504,0.4159,113,A2,0.16,5,67,30,3.4,0.1,0.168,10,6.88,0.0455,0.06,36.97,0.261,3,2,25,20.48,v2_lr,0
150981,2026-09-24,桐生,3,4311,6.53,48.7,0.3043,0.3913,23,A1,0.12,15,78,34,3,0.4,0.185,10,6.72,0.7727,0.15,34.41,0.1221,3,2,25,29.55,v2_lr,0
150981,2026-09-24,桐生,4,4872,4.5,25.6,0.0606,0.2121,33,B1,0.15,5,69,16,4.1,0.1,0.214,10,6.89,0,0.02,32.16,0,3,2,25,4.22,v2_lr,0
150981,2026-09-24,桐生,5,4654,6.28,43.9,0.1111,0.3333,18,A1,0.16,1,54,13,2.7,0.2,0.141,10,6.78,0.5,0.03,34.48,0.1259,3,2,25,4.64,v2_lr,0
150981,2026-09-24,桐生,6,5427,2.44,2.1,0,0,29,B1,,1,92,4,4.5,0,0.161,10,6.75,0.6364,0.18,36.79,0.2512,3,2,25,0.98,v2_lr,0
150982,2026-09-24,桐生,1,4987,4.09,19.1,0.0909,0.2597,77,B1,0.16,16,42,21,3.5,0,0.14,10,6.71,1,0.04,42.21,0.7555,3,2,25,30.81,v2_lr,1
150982,2026-09-24,桐生,2,5265,3.47,14.1,0.0667,0.1333,15,B1,0.15,2,62,8,3.3,0.2,0.143,10,6.83,0.4545,0.18,31.55,0.1815,3,2,25,15.14,v2_lr,0
150982,2026-09-24,桐生,3,4627,6.18,46.4,0.4375,0.5,16,A2,0.11,14,59,25,2.8,0.5,0.141,10,6.78,0.6818,0.18,28.18,0,3,2,25,38.28,v2_lr,0
150982,2026-09-24,桐生,4,5415,1.29,0,0,0,22,B2,,0,10,0,5.1,0,0.15,10,6.93,0,0.21,46.75,1,3,2,25,2.68,v2_lr,0
150982,2026-09-24,桐生,5,4065,4.76,35.7,0.2692,0.5,26,B1,0.16,6,54,13,2.9,0.2,0.175,10,6.78,0.6818,0.19,29.79,0.0867,3,2,25,12.14,v2_lr,0
150982,2026-09-24,桐生,6,5437,1.28,2.1,0,0,4,B2,,0,63,1,5.8,0,0.249,10,6.72,0.9545,0.31,29.65,0.0792,3,2,25,0.95,v2_lr,0
150983,2026-09-24,桐生,1,5250,3.94,17.4,0.2,0.6,5,B1,0.2,13,33,15,3.3,0.1,0.16,10,6.72,1,0.18,46.1,1,3,2,25,30,v2_lr,0
150983,2026-09-24,桐生,2,4373,6.4,42.5,0.2353,0.4706,17,A1,0.19,20,74,47,3.5,0.2,0.203,10,6.83,0.45,0.11,38.31,0.4865,3,2,25,25.67,v2_lr,0
150983,2026-09-24,桐生,3,4690,0,0,0.1,0.2,10,B2,,3,24,9,3.4,0.2,0.163,10,6.88,0.2,0.05,41.81,0.7172,3,2,25,7.99,v2_lr,0
150983,2026-09-24,桐生,4,4478,6.37,43.2,0.2,0.4571,35,A1,0.14,9,60,24,3.2,0.2,0.124,10,6.76,0.8,0.03,30.93,0,3,2,25,13.06,v2_lr,0
150983,2026-09-24,桐生,5,5195,5.53,35.6,0.5,0.6667,6,A2,0.14,1,51,7,2.7,0.4,0.133,10,6.92,0,0.25,34.31,0.2228,3,2,25,22.63,v2_lr,0
150983,2026-09-24,桐生,6,3994,5.3,32.7,0,0.2,15,B1,0.2,0,58,2,4.2,0,0.174,10,6.91,0.05,0.27,41.67,0.708,3,2,25,0.65,v2_lr,1
150984,2026-09-24,桐生,1,4642,6.08,47.4,0.2857,0.4286,7,A2,0.15,75,91,81,3.3,0.2,0.171,10,6.9,0,0.09,33.49,0.2984,0,0,25,31.37,v2_lr,1
150984,2026-09-24,桐生,2,5213,5.07,32.4,0.1475,0.3443,61,B1,0.17,11,78,38,2.7,0.2,0.205,10,6.89,0.0625,0.03,37.58,0.6715,0,0,25,18.89,v2_lr,0
150984,2026-09-24,桐生,3,4501,4.92,31.3,0.375,0.5625,16,B1,0.14,15,88,37,3.3,0.3,0.141,10,6.88,0.125,0.12,35.26,0.4599,0,0,25,27.94,v2_lr,0
150984,2026-09-24,桐生,4,4746,5.27,28.3,0.25,0.375,16,B1,0.23,8,55,24,2.6,0.2,0.138,10,6.86,0.25,-0.01,34.74,0.4124,0,0,25,15.42,v2_lr,0
150984,2026-09-24,桐生,5,4414,4.4,31.3,0.1071,0.2143,28,B1,0.16,3,49,5,3.8,0,0.162,10,6.74,1,0.03,41.18,1,0,0,25,5.7,v2_lr,0
150984,2026-09-24,桐生,6,5436,1.07,0,0,0,5,B2,,0,82,0,5.7,0,0.194,10,6.84,0.375,0.06,30.22,0,0,0,25,0.68,v2_lr,0
150985,2026-09-24,桐生,1,4228,5.87,40.1,0.1304,0.3043,23,A2,0.17,52,88,70,4,0,0.178,10,6.7,1,0.01,27.89,0,2,1,24,39.1,v2_lr,0
150985,2026-09-24,桐生,2,5185,5.15,31.8,0.0667,0.0667,15,B1,0.12,6,70,23,3.6,0.3,0.149,10,6.7,1,0.02,31.61,0.2678,2,1,24,25.17,v2_lr,0
150985,2026-09-24,桐生,3,5179,3.83,20.8,0.0435,0.1304,23,B1,0.19,2,57,11,4.6,0,0.198,10,6.75,0.4444,0.02,35.79,0.5688,2,1,24,11.49,v2_lr,0
150985,2026-09-24,桐生,4,5061,3.69,17.6,0.08,0.24,25,B1,0.17,4,49,10,5.6,0,0.163,10,6.74,0.5556,0.14,38.86,0.7898,2,1,24,8.6,v2_lr,0
150985,2026-09-24,桐生,5,5201,5.45,34.4,0.0909,0.0909,11,B2,0.25,2,43,7,5,0,0.199,10,6.72,0.7778,0.15,31.79,0.2808,2,1,24,5.61,v2_lr,0
150985,2026-09-24,桐生,6,3740,6.41,49.6,0.2941,0.5176,85,A1,0.19,9,78,18,2.8,0,0.14,10,6.79,0,0.09,41.78,1,2,1,24,10.03,v2_lr,1
150986,2026-09-24,桐生,1,4798,6.37,41.9,0.2778,0.4167,36,A1,0.13,82,113,102,2.5,0.3,0.115,10,6.79,1,0,33.67,0.0819,2,1,23,24.94,v2_lr,0
150986,2026-09-24,桐生,2,4330,5.97,40.6,0.3333,0.6667,6,A2,0.12,13,62,25,2.7,0.2,0.122,10,6.81,0,0.17,50.59,1,2,1,23,24.15,v2_lr,1
150986,2026-09-24,桐生,4,4834,5.81,35.8,0.2903,0.4194,31,A2,0.15,11,90,29,3,0.2,0.131,10,6.79,1,0.09,32.16,0,2,1,23,15.52,v2_lr,0
150987,2026-09-24,桐生,1,4434,6.14,45.8,0.2353,0.5882,17,A2,0.15,70,101,88,2.9,0.2,0.186,10,6.9,0,0.08,38.2,0.4865,3,2,23,30.38,v2_lr,1
150987,2026-09-24,桐生,2,4654,6.28,43.9,0.1111,0.3333,18,A1,0.16,9,63,34,2.7,0.2,0.141,10,6.87,0.2143,0.17,34.48,0.009,3,2,23,15.4,v2_lr,0
150987,2026-09-24,桐生,3,5114,5.32,36.8,0.25,0.5625,16,B1,0.15,15,86,36,3.1,0.2,0.164,10,6.82,0.5714,0.05,42.2,1,3,2,23,24.35,v2_lr,0
150987,2026-09-24,桐生,4,4311,6.53,48.7,0.3043,0.3913,23,A1,0.12,7,82,27,3,0.4,0.185,10,6.84,0.4286,-0.07,34.41,0,3,2,23,20.63,v2_lr,0
150987,2026-09-24,桐生,5,4892,4.86,31.7,0.0909,0.4545,11,B1,0.17,2,70,10,2.6,0.2,0.185,10,6.76,1,-0.05,41.1,0.8588,3,2,23,5.53,v2_lr,0
150987,2026-09-24,桐生,6,4485,5.26,32.7,0.1538,0.5385,26,B1,0.17,3,68,7,3.4,0.2,0.181,10,6.82,0.5714,-0.09,37.88,0.4454,3,2,23,3.71,v2_lr,0
150988,2026-09-24,桐生,1,4746,5.27,28.3,0.25,0.375,16,B1,0.23,39,60,49,2.6,0.2,0.138,10,6.93,0,-0.14,34.74,0.3661,3,2,23,23.46,v2_lr,1
150988,2026-09-24,桐生,2,4478,6.37,43.2,0.2,0.4571,35,A1,0.14,16,75,42,3.2,0.2,0.124,10,6.75,0.9474,-0.03,30.93,0.1535,3,2,23,20.29,v2_lr,0
150988,2026-09-24,桐生,3,4065,4.76,35.7,0.2692,0.5,26,B1,0.16,8,62,24,2.9,0.2,0.175,10,6.87,0.3158,0.13,29.79,0.0898,3,2,23,15.34,v2_lr,0
150988,2026-09-24,桐生,4,4501,4.92,31.3,0.375,0.5625,16,B1,0.14,5,78,15,3.3,0.3,0.141,10,6.91,0.1053,0.02,35.26,0.3951,3,2,23,17.22,v2_lr,0
150988,2026-09-24,桐生,5,4627,6.18,46.4,0.4375,0.5,16,A2,0.11,7,57,14,2.8,0.5,0.141,10,6.74,1,0.06,28.18,0,3,2,23,19.01,v2_lr,0
150988,2026-09-24,桐生,6,5250,3.94,17.4,0.2,0.6,5,B1,0.2,1,50,1,3.3,0.1,0.16,10,6.76,0.8947,-0.06,46.1,1,3,2,23,4.68,v2_lr,0
150989,2026-09-24,桐生,1,5195,5.53,35.6,0.5,0.6667,6,A2,0.14,29,49,35,2.7,0.4,0.133,10,6.8,0.1,-0.06,34.31,0.2589,4,3,23,36.2,v2_lr,1
150989,2026-09-24,桐生,2,4642,6.08,47.4,0.2857,0.4286,7,A2,0.15,19,71,35,3.3,0.2,0.171,10,6.75,0.35,-0.04,33.49,0.182,4,3,23,28.75,v2_lr,0
150989,2026-09-24,桐生,3,4373,6.4,42.5,0.2353,0.4706,17,A1,0.19,9,72,30,3.5,0.2,0.203,10,6.7,0.6,0.1,38.31,0.6341,4,3,23,21.88,v2_lr,0
150989,2026-09-24,桐生,4,5213,5.07,32.4,0.1475,0.3443,61,B1,0.17,8,72,24,2.7,0.2,0.205,10,6.82,0,-0.04,37.58,0.5657,4,3,23,7.8,v2_lr,0
150989,2026-09-24,桐生,5,5265,3.47,14.1,0.0667,0.1333,15,B1,0.15,2,70,4,3.3,0.2,0.143,10,6.74,0.4,0.12,31.55,0,4,3,23,2.37,v2_lr,0
150989,2026-09-24,桐生,6,4987,4.09,19.1,0.0909,0.2597,77,B1,0.16,0,46,1,3.5,0,0.14,10,6.62,1,-0.01,42.21,1,4,3,23,3,v2_lr,0
150990,2026-09-24,桐生,1,4443,5.4,33.3,0.1667,0.3333,6,B1,0.16,32,80,50,3.1,0.2,0.2,10,6.83,0.2143,0.17,49.04,1,3,2,22,45.86,v2_lr,1
150990,2026-09-24,桐生,2,5335,2.23,7.2,0.0714,0.2857,14,B1,0.19,0,26,2,3.5,0.2,0.133,10,6.72,1,0.06,37.31,0.3875,3,2,22,28.1,v2_lr,0
150990,2026-09-24,桐生,3,5184,3.36,14.2,0.0588,0.0588,17,B2,0.25,3,29,5,4.1,0.1,0.18,10,6.78,0.5714,0.15,33.84,0.2063,3,2,22,13.78,v2_lr,0
150990,2026-09-24,桐生,4,3357,4.01,20.3,0.0714,0.2143,14,B1,0.19,0,58,4,4.2,0,0.192,10,6.82,0.2857,0.23,33.33,0.1796,3,2,22,7.04,v2_lr,0
150990,2026-09-24,桐生,5,4720,4.05,15.9,0.0625,0.25,16,B1,0.18,0,56,3,4.7,0,0.222,10,6.86,0,0.18,29.89,0,3,2,22,3.14,v2_lr,0
150990,2026-09-24,桐生,6,5415,1.29,0,0,0,22,B2,,0,106,0,5.1,0,0.15,10,6.72,1,0.08,46.75,0.8804,3,2,22,2.08,v2_lr,0
150991,2026-09-24,戸田,1,5362,1.81,0,0,0,24,B2,0.16,3,10,4,4.9,0,0.207,10,6.7,1,0.13,50,0.8598,0,0,24,41.93,v2_lr,0
150991,2026-09-24,戸田,2,3660,3.13,6.4,0,0.125,8,B1,0.18,0,66,8,4.1,0,0.171,10,6.76,0.6,-0.08,53.33,0.9314,0,0,24,29.01,v2_lr,0
150991,2026-09-24,戸田,3,4803,4.03,17.4,0,0.125,16,B1,0.19,0,66,8,3.5,0,0.162,10,6.76,0.6,-0.01,42.86,0.7064,0,0,24,16.51,v2_lr,0
150991,2026-09-24,戸田,4,3542,4,20.6,0,0,17,B1,0.19,4,52,12,4.5,0,0.171,10,6.82,0.2,-0.03,56.52,1,0,0,24,8.09,v2_lr,1
150991,2026-09-24,戸田,5,5444,1.44,1.3,0,0,15,B2,,0,33,0,6,0,0.189,10,6.85,0,-0.07,10,0,0,0,24,2.81,v2_lr,0
150991,2026-09-24,戸田,6,5461,0,0,0,0,11,B2,,0,31,0,6,0,0.157,10,6.76,0.6,0.19,36.36,0.5666,0,0,24,1.66,v2_lr,0
150992,2026-09-24,戸田,1,4729,4.06,16.8,0,0.0667,15,B1,0.2,9,37,16,4.1,0.1,0.131,10,6.67,1,0.07,6.25,0,2,1,24,31.71,v2_lr,1
150992,2026-09-24,戸田,2,4730,5.23,31.5,0,0.125,8,B1,0.18,12,55,24,4.5,0,0.142,10,6.72,0.75,0.08,40,0.6279,2,1,24,21.28,v2_lr,0
150992,2026-09-24,戸田,3,3647,3.66,12.6,0.0313,0.1719,64,B1,0.19,2,69,11,3.4,0.1,0.146,10,6.84,0.15,0.05,60,1,2,1,24,12.67,v2_lr,0
150992,2026-09-24,戸田,4,4329,4.76,22.2,0.0833,0.2083,24,B1,0.16,4,67,13,4.3,0,0.174,10,6.76,0.55,0.05,13.79,0.1403,2,1,24,11.03,v2_lr,0
150992,2026-09-24,戸田,5,4488,6.64,49.5,0.2623,0.4754,61,A1,0.17,7,60,15,3,0.3,0.142,10,6.72,0.75,0.18,15,0.1628,2,1,24,19.91,v2_lr,0
150992,2026-09-24,戸田,6,3489,5.67,35.7,0.125,0.375,40,A2,0.17,3,89,11,3,0.1,0.135,10,6.87,0,0.12,35,0.5349,2,1,24,3.41,v2_lr,0
150993,2026-09-24,戸田,1,5322,2.3,5.7,0.0263,0.0789,76,B1,0.22,4,26,5,3.3,0.1,0.124,10,6.78,0.6667,0.04,60,0.8356,2,1,24,22.23,v2_lr,0
150993,2026-09-24,戸田,2,4359,5.52,37.3,0.1071,0.25,28,A2,0.11,8,74,29,3.5,0.2,0.128,10,6.85,0.2,0.08,33.33,0.1784,2,1,24,18,v2_lr,0
150993,2026-09-24,戸田,3,4286,5.54,34.6,0.0811,0.2703,37,A2,0.16,10,98,26,3.2,0.1,0.138,10,6.73,1,0.16,44.44,0.4522,2,1,24,14.13,v2_lr,0
150993,2026-09-24,戸田,4,4901,4.4,22.2,0.2353,0.2941,17,B1,0.18,1,42,8,3.5,0.2,0.158,10,6.73,1,0.16,47.37,0.5244,2,1,24,19.95,v2_lr,0
150993,2026-09-24,戸田,5,4608,6,42.3,0.1852,0.3704,27,A2,0.18,3,72,13,3.2,0.1,0.147,10,6.88,0,0.23,66.67,1,2,1,24,6.33,v2_lr,0
150993,2026-09-24,戸田,6,4531,6.12,39.3,0.4444,0.7778,9,A2,0.18,3,68,12,2.1,0.4,0.106,10,6.81,0.4667,0.13,26.09,0,2,1,24,19.35,v2_lr,1
150994,2026-09-24,戸田,1,4564,4.84,30.7,0,0.25,16,B1,0.19,17,56,32,3.8,0.1,0.192,10,6.7,1,0.02,50,0.8445,3,1,25,18.49,v2_lr,0
150994,2026-09-24,戸田,2,4771,7.11,60.9,0.5,0.625,8,A1,0.15,25,75,53,2.7,0.4,0.155,10,6.72,0.8889,-0.07,35,0.5645,3,1,25,34.4,v2_lr,1
150994,2026-09-24,戸田,3,4100,5.19,34,0.0667,0.2667,15,B1,0.15,5,74,18,4.4,0,0.166,10,6.83,0.2778,0.29,34.48,0.5548,3,1,25,6.87,v2_lr,0
150994,2026-09-24,戸田,4,4538,6.53,53.3,0.3929,0.5714,28,A1,0.18,21,66,28,2.8,0.4,0.192,10,6.73,0.8333,0.02,26.67,0.409,3,1,25,26.17,v2_lr,0
150994,2026-09-24,戸田,5,4365,5.56,40,0.3043,0.4348,23,A2,0.16,7,70,16,2.7,0.2,0.198,10,6.88,0,0.19,4.76,0,3,1,25,9,v2_lr,0
150994,2026-09-24,戸田,6,4812,6.95,51.2,0.2222,0.8889,9,A1,0.14,5,66,18,1.8,0.3,0.111,10,6.8,0.4444,0.09,58.33,1,3,1,25,5.07,v2_lr,0
150995,2026-09-24,戸田,1,4036,6.32,45,0.2927,0.4878,41,A1,0.16,75,99,89,3.1,0.3,0.16,10,6.68,1,0.07,30,0.54,3,1,26,36.81,v2_lr,0
150995,2026-09-24,戸田,2,4803,4.03,17.4,0,0.125,16,B1,0.19,2,67,16,3.5,0,0.162,10,6.84,0.3043,0.08,42.86,0.7714,3,1,26,10.32,v2_lr,0
150995,2026-09-24,戸田,3,3546,4.22,12.7,0.1094,0.3281,64,B1,0.19,4,67,12,4,0.1,0.189,10,6.84,0.3043,-0.03,55.56,1,3,1,26,13.65,v2_lr,1
150995,2026-09-24,戸田,4,4120,5.89,43.3,0.3333,0.4444,9,A2,0.15,5,81,23,3.5,0.3,0.13,10,6.77,0.6087,-0.03,50,0.8999,3,1,26,25.75,v2_lr,0
150995,2026-09-24,戸田,5,5416,2.7,9.2,0.25,0.25,8,B1,,5,61,9,3.6,0.3,0.113,10,6.69,0.9565,0.05,23.81,0.4285,3,1,26,12.38,v2_lr,0
150995,2026-09-24,戸田,6,3544,3.62,17.1,0.0714,0.1429,14,B1,0.24,1,34,2,4.3,0.1,0.182,10,6.91,0,0.11,0,0,3,1,26,1.09,v2_lr,0
150996,2026-09-24,戸田,1,3543,5.18,35,0.2778,0.2778,18,B1,0.17,31,57,44,3.7,0.2,0.153,10,6.68,1,0.16,19.05,0,1,1,26,38.04,v2_lr,0
150996,2026-09-24,戸田,2,4792,5.12,30.1,0.0909,0.2273,22,B1,0.14,4,46,12,3.3,0.1,0.185,10,6.72,0.8095,0.17,33.33,0.6816,1,1,26,20.35,v2_lr,1
150996,2026-09-24,戸田,3,3761,5.26,34.6,0.2,0.5333,15,B1,0.17,7,61,16,3.4,0.1,0.147,10,6.8,0.4286,0.15,38.1,0.9093,1,1,26,20.43,v2_lr,0
150996,2026-09-24,戸田,4,4730,5.23,31.5,0,0.125,8,B1,0.18,7,52,13,4.5,0,0.142,10,6.8,0.4286,0.13,40,1,1,1,26,4.01,v2_lr,0
150996,2026-09-24,戸田,5,5150,6.71,51.6,0.3235,0.4706,34,A1,0.17,7,69,19,3.2,0.3,0.16,10,6.71,0.8571,0.31,21.05,0.0955,1,1,26,16.5,v2_lr,0
150996,2026-09-24,戸田,6,3928,3.52,16.5,0,0.1429,21,B1,0.2,0,51,0,4.6,0,0.187,10,6.89,0,0.18,26.32,0.347,1,1,26,0.68,v2_lr,0
150997,2026-09-24,戸田,1,4608,6,42.3,0.1852,0.3704,27,A2,0.18,52,87,72,3.2,0.1,0.147,10,6.67,0.9524,0.09,66.67,1,0,0,27,56.07,v2_lr,1
150997,2026-09-24,戸田,2,4729,4.06,16.8,0,0.0667,15,B1,0.2,4,54,15,4.1,0.1,0.131,10,6.66,1,0.31,6.25,0,0,0,27,18.6,v2_lr,0
150997,2026-09-24,戸田,3,5362,1.81,0,0,0,24,B2,0.16,0,13,0,4.9,0,0.207,10,6.7,0.8095,0.21,50,0.7241,0,0,27,11.36,v2_lr,0
150997,2026-09-24,戸田,4,5322,2.3,5.7,0.0263,0.0789,76,B1,0.22,2,58,4,3.3,0.1,0.124,10,6.66,1,0.13,60,0.8896,0,0,27,9.36,v2_lr,0
150997,2026-09-24,戸田,5,3647,3.66,12.6,0.0313,0.1719,64,B1,0.19,1,73,4,3.4,0.1,0.146,10,6.83,0.1905,0.12,60,0.8896,0,0,27,3.74,v2_lr,0
150997,2026-09-24,戸田,6,5444,1.44,1.3,0,0,15,B2,,0,82,1,6,0,0.189,10,6.87,0,0.27,10,0.0621,0,0,27,0.88,v2_lr,0
150998,2026-09-24,戸田,1,4329,4.76,22.2,0.0833,0.2083,24,B1,0.16,17,55,38,4.3,0,0.174,10,6.68,0.7692,-0.03,13.79,0.244,2,1,27,40,v2_lr,1
150998,2026-09-24,戸田,2,4100,5.19,34,0.0667,0.2667,15,B1,0.15,5,65,18,4.4,0,0.166,10,6.65,1,0.04,34.48,0.61,2,1,27,29.7,v2_lr,0
150998,2026-09-24,戸田,3,3542,4,20.6,0,0,17,B1,0.19,1,63,12,4.5,0,0.171,10,6.7,0.6154,0.08,56.52,1,2,1,27,11.72,v2_lr,0
150998,2026-09-24,戸田,4,4359,5.52,37.3,0.1071,0.25,28,A2,0.11,7,56,18,3.5,0.2,0.128,10,6.77,0.0769,0.12,33.33,0.5897,2,1,27,9.6,v2_lr,0
150998,2026-09-24,戸田,5,3489,5.67,35.7,0.125,0.375,40,A2,0.17,4,76,11,3,0.1,0.135,10,6.74,0.3077,0.09,35,0.6192,2,1,27,7.18,v2_lr,0
150998,2026-09-24,戸田,6,3467,3.38,13.1,0.0833,0.2083,24,B1,0.25,2,45,5,4,0.1,0.162,10,6.78,0,0.19,0,0,2,1,27,1.8,v2_lr,0
150999,2026-09-24,戸田,1,3660,3.13,6.4,0,0.125,8,B1,0.18,9,46,16,4.1,0,0.171,10,6.66,1,-0.04,53.33,0.945,3,1,28,24.14,v2_lr,0
150999,2026-09-24,戸田,2,4564,4.84,30.7,0,0.25,16,B1,0.19,5,67,20,3.8,0.1,0.192,10,6.71,0.2857,0.03,50,0.8629,3,1,28,11.9,v2_lr,0
150999,2026-09-24,戸田,3,4538,6.53,53.3,0.3929,0.5714,28,A1,0.18,14,76,31,2.8,0.4,0.192,10,6.66,1,0.35,26.67,0.2877,3,1,28,36.41,v2_lr,0
150999,2026-09-24,戸田,4,5416,2.7,9.2,0.25,0.25,8,B1,,2,24,4,3.6,0.3,0.113,10,6.68,0.7143,0.11,23.81,0.2172,3,1,28,18.22,v2_lr,1
150999,2026-09-24,戸田,5,3546,4.22,12.7,0.1094,0.3281,64,B1,0.19,0,56,7,4,0.1,0.189,10,6.73,0,0.17,55.56,1,3,1,28,3.99,v2_lr,0
150999,2026-09-24,戸田,6,4488,6.64,49.5,0.2623,0.4754,61,A1,0.17,1,80,16,3,0.3,0.142,10,6.71,0.2857,0.34,15,0,3,1,28,5.34,v2_lr,0
151000,2026-09-24,戸田,1,4531,6.12,39.3,0.4444,0.7778,9,A2,0.18,65,91,82,2.1,0.4,0.106,10,6.69,0.6842,0.11,26.09,0.1741,1,1,28,25.96,v2_lr,1
151000,2026-09-24,戸田,2,5150,6.71,51.6,0.3235,0.4706,34,A1,0.17,20,73,39,3.2,0.3,0.16,10,6.65,0.8947,0.36,21.05,0,1,1,28,21.9,v2_lr,0
151000,2026-09-24,戸田,3,4120,5.89,43.3,0.3333,0.4444,9,A2,0.15,9,72,31,3.5,0.3,0.13,10,6.63,1,0.15,50,1,1,1,28,21.35,v2_lr,0
151000,2026-09-24,戸田,4,3761,5.26,34.6,0.2,0.5333,15,B1,0.17,3,66,16,3.4,0.1,0.147,10,6.82,0,0.19,38.1,0.5889,1,1,28,6.52,v2_lr,0
151000,2026-09-24,戸田,5,4771,7.11,60.9,0.5,0.625,8,A1,0.15,5,73,19,2.7,0.4,0.155,10,6.7,0.6316,0.14,35,0.4819,1,1,28,19.68,v2_lr,0
151000,2026-09-24,戸田,6,4901,4.4,22.2,0.2353,0.2941,17,B1,0.18,1,31,1,3.5,0.2,0.158,10,6.7,0.6316,0.04,47.37,0.9092,1,1,28,4.59,v2_lr,0
151001,2026-09-24,戸田,1,4812,6.95,51.2,0.2222,0.8889,9,A1,0.14,66,82,73,1.8,0.3,0.111,10,6.64,1,-0.06,58.33,1,2,1,28,30.87,v2_lr,1
151001,2026-09-24,戸田,2,4365,5.56,40,0.3043,0.4348,23,A2,0.16,12,81,32,2.7,0.2,0.198,10,6.69,0.5455,-0.04,4.76,0,2,1,28,28.39,v2_lr,0
151001,2026-09-24,戸田,3,4036,6.32,45,0.2927,0.4878,41,A1,0.16,15,83,36,3.1,0.3,0.16,10,6.68,0.6364,0.05,30,0.4712,2,1,28,24.37,v2_lr,0
151001,2026-09-24,戸田,4,4286,5.54,34.6,0.0811,0.2703,37,A2,0.16,15,87,27,3.2,0.1,0.138,10,6.68,0.6364,0.01,44.44,0.7407,2,1,28,6.8,v2_lr,0
151001,2026-09-24,戸田,5,4792,5.12,30.1,0.0909,0.2273,22,B1,0.14,1,51,4,3.3,0.1,0.185,10,6.64,1,0.04,33.33,0.5333,2,1,28,4.66,v2_lr,0
151001,2026-09-24,戸田,6,3543,5.18,35,0.2778,0.2778,18,B1,0.17,1,52,4,3.7,0.2,0.153,10,6.75,0,0.14,19.05,0.2668,2,1,28,4.9,v2_lr,0
151002,2026-09-24,戸田,1,3556,6.68,48.6,0.3871,0.5484,31,A1,0.13,97,129,118,2,0.6,0.132,10,6.67,0.4118,0.09,22.73,0.2355,2,1,28,31.49,v2_lr,1
151002,2026-09-24,戸田,2,4503,7.33,53.9,0.2286,0.4286,35,A1,0.11,16,85,42,2.7,0.4,0.156,10,6.7,0.2353,-0.01,30.43,0.6341,2,1,28,23.59,v2_lr,0
151002,2026-09-24,戸田,3,4917,4.22,17.6,0.25,0.5625,16,B1,0.17,6,76,24,2.6,0.3,0.106,10,6.6,0.8235,0.07,29.17,0.5688,2,1,28,21.29,v2_lr,0
151002,2026-09-24,戸田,4,4314,5.62,37.8,0.2778,0.5556,18,A2,0.17,10,69,25,2.9,0.3,0.127,10,6.57,1,0.04,18.18,0,2,1,28,17.67,v2_lr,0
151002,2026-09-24,戸田,5,4459,6.12,34.6,0.0588,0.4706,17,A2,0.13,3,80,12,2.7,0,0.129,10,6.74,0,0.07,37.5,1,2,1,28,2.29,v2_lr,0
151002,2026-09-24,戸田,6,4808,5.55,31,0.2069,0.4138,29,A2,0.15,3,76,8,3.2,0.2,0.144,10,6.68,0.3529,0.08,22.73,0.2355,2,1,28,3.67,v2_lr,0
151003,2026-09-24,浜名湖,1,3294,4.28,22.7,0.0727,0.2727,55,B1,0.18,10,48,24,4.4,0.1,0.16,10,6.81,1,-0.01,42.73,1,2,1,27,27.03,v2_lr,1
151003,2026-09-24,浜名湖,2,3910,4.13,18.2,0.2667,0.3333,15,B1,0.13,8,83,18,3.5,0.1,0.212,10,6.94,0.2353,0.02,19.72,0,2,1,27,28.6,v2_lr,0
151003,2026-09-24,浜名湖,3,3517,5.69,37.6,0.1429,0.4,35,B1,0.17,11,81,26,3.1,0.1,0.152,10,6.92,0.3529,-0.16,20.25,0.023,2,1,27,15.12,v2_lr,0
151003,2026-09-24,浜名湖,4,4049,6.11,40,0.3214,0.4286,28,A2,0.17,5,89,20,3.9,0,0.16,10,6.86,0.7059,0.08,22.89,0.1378,2,1,27,23.32,v2_lr,0
151003,2026-09-24,浜名湖,5,4753,4.64,31.8,0,0.1905,21,B2,0.1,1,48,7,4,0,0.143,10,6.95,0.1765,0.08,27.66,0.3451,2,1,27,1.49,v2_lr,0
151003,2026-09-24,浜名湖,6,4561,6.26,47.9,0.2424,0.2424,33,A2,0.19,11,82,23,5.6,0,0.321,10,6.98,0,0.12,25.77,0.2629,2,1,27,4.45,v2_lr,0
151004,2026-09-24,浜名湖,1,4196,4.15,24,0,0.2857,7,B1,0.19,28,54,35,3.5,0,0.185,10,6.79,0.7692,0.09,32.71,0.8278,2,1,29,20.72,v2_lr,1
151004,2026-09-24,浜名湖,2,4189,6.64,47,0.1905,0.3333,21,A1,0.15,11,103,35,3.3,0.2,0.185,10,6.79,0.7692,0.04,33.91,0.936,2,1,29,31.68,v2_lr,0
151004,2026-09-24,浜名湖,3,5299,5.46,40.1,0.0833,0.0833,24,A2,0.16,12,70,28,3.6,0.2,0.118,10,6.86,0.2308,-0.01,32.76,0.8323,2,1,29,12.07,v2_lr,0
151004,2026-09-24,浜名湖,4,4919,3.92,13.6,0.25,0.3571,28,B1,0.18,4,59,10,3.1,0.3,0.125,10,6.76,1,0.12,34.62,1,2,1,29,23.13,v2_lr,0
151004,2026-09-24,浜名湖,5,5083,4.65,27,0.04,0.28,25,B1,0.17,5,59,11,4.6,0,0.129,10,6.78,0.8462,0.05,31.07,0.6799,2,1,29,3.71,v2_lr,0
151004,2026-09-24,浜名湖,6,5007,5.15,30.2,0.3333,0.6667,6,B1,0.16,1,58,7,3.3,0.2,0.208,10,6.89,0,0.09,23.53,0,2,1,29,8.69,v2_lr,0
151005,2026-09-24,浜名湖,1,4661,5.58,34.5,0.2222,0.3333,9,A2,0.16,21,55,39,3.3,0.2,0.24,10,6.78,0.8,-0.07,31.46,0.4039,3,1,29,45.01,v2_lr,0
151005,2026-09-24,浜名湖,2,4945,4.25,20,0,0.2353,17,B1,0.23,3,52,9,4.4,0,0.167,10,6.76,1,-0.04,28.41,0.1302,3,1,29,17.63,v2_lr,1
151005,2026-09-24,浜名湖,3,5371,1.66,2.6,0,0.0455,22,B2,,0,5,0,5.2,0,0.207,10,6.81,0.5,0.21,38.1,1,3,1,29,7.57,v2_lr,0
151005,2026-09-24,浜名湖,4,4302,6.88,57.3,0.2381,0.4286,21,A1,0.14,14,75,36,3,0.2,0.112,10,6.79,0.7,-0.12,26.97,0.0009,3,1,29,23.03,v2_lr,0
151005,2026-09-24,浜名湖,5,5400,1.82,1.3,0.0588,0.0588,17,B2,,1,59,2,4.1,0.1,0.135,10,6.86,0,-0.02,32.14,0.465,3,1,29,2.9,v2_lr,0
151005,2026-09-24,浜名湖,6,3514,5.57,35.8,0.1429,0.1429,7,A2,0.16,3,69,9,3.8,0.2,0.17,10,6.81,0.5,0.02,26.96,0,3,1,29,3.86,v2_lr,0
151006,2026-09-24,浜名湖,1,4460,6.09,39.6,0.2632,0.5789,19,A2,0.15,52,93,71,2.7,0.3,0.125,10,6.75,0.6667,0.09,47.5,0.9826,2,1,30,40.61,v2_lr,1
151006,2026-09-24,浜名湖,2,5046,4.29,21.8,0.0417,0.0417,24,B1,0.16,2,64,12,4.8,0.1,0.216,10,6.76,0.5556,0.12,28.13,0.3596,2,1,30,15.19,v2_lr,0
151006,2026-09-24,浜名湖,3,4128,5.11,29.5,0.1154,0.2308,26,B1,0.15,7,55,22,4.2,0,0.158,10,6.78,0.3333,0.02,45.19,0.9083,2,1,30,15.45,v2_lr,0
151006,2026-09-24,浜名湖,4,5348,3.83,19.7,0.25,0.4375,16,B1,0.27,8,48,19,2.8,0.2,0.157,10,6.72,1,-0.15,30.21,0.4265,2,1,30,23.88,v2_lr,0
151006,2026-09-24,浜名湖,5,4151,5.15,31,0.0625,0.125,16,B1,0.17,0,75,11,3.5,0,0.23,10,6.74,0.7778,0.01,16.95,0,2,1,30,3.91,v2_lr,0
151006,2026-09-24,浜名湖,6,3989,3.83,17.3,0,0,7,B1,0.19,0,53,2,4.2,0,0.254,10,6.81,0,0.08,48.04,1,2,1,30,0.96,v2_lr,0
151007,2026-09-24,浜名湖,1,4992,4.97,31.1,0.1667,0.3333,36,B1,0.15,29,51,40,3.3,0.1,0.12,10,6.75,0.6,0.03,46.67,1,2,1,29,45.01,v2_lr,1
151007,2026-09-24,浜名湖,2,3294,4.28,22.7,0.0727,0.2727,55,B1,0.18,4,54,15,4.4,0.1,0.16,10,6.72,0.9,0.21,42.73,0.807,2,1,29,25.8,v2_lr,0
151007,2026-09-24,浜名湖,3,5379,2.61,2.8,0,0.0588,17,B1,0.24,0,26,2,5,0,0.115,10,6.81,0,0.11,27.78,0.0745,2,1,29,6.26,v2_lr,0
151007,2026-09-24,浜名湖,4,4593,5.89,34.8,0,0.2857,7,A2,0.15,5,67,18,3.7,0,0.144,10,6.76,0.5,0.24,26.26,0,2,1,29,4.36,v2_lr,0
151007,2026-09-24,浜名湖,5,4518,6.95,56.5,0.2143,0.5714,28,A1,0.2,7,57,19,3,0.1,0.169,10,6.71,1,0.03,34.29,0.3934,2,1,29,16.11,v2_lr,0
151007,2026-09-24,浜名湖,6,3523,4.43,24.4,0.0857,0.2286,35,B1,0.19,1,48,6,3.5,0.1,0.197,10,6.81,0,-0.05,40.18,0.682,2,1,29,2.47,v2_lr,0
151008,2026-09-24,浜名湖,1,3655,5.4,32.3,0.2857,0.4048,42,B1,0.19,47,93,73,4,0.1,0.213,10,6.8,0.75,-0.07,31.67,0.8975,2,1,30,32.45,v2_lr,0
151008,2026-09-24,浜名湖,2,4140,6.02,46.2,0.2941,0.5,34,A2,0.18,11,60,28,3.2,0.4,0.187,10,6.84,0.4167,0,19.74,0.1606,2,1,30,27.76,v2_lr,0
151008,2026-09-24,浜名湖,3,4428,6.23,44.4,0.25,0.5,8,A2,0.14,12,75,34,2.7,0.3,0.136,10,6.77,1,-0.01,33.33,1,2,1,30,24.88,v2_lr,0
151008,2026-09-24,浜名湖,4,4143,4.2,18.9,0.125,0.25,8,B1,0.17,6,68,14,3.8,0.1,0.151,10,6.83,0.5,-0.05,26.73,0.5923,2,1,30,8.3,v2_lr,0
151008,2026-09-24,浜名湖,5,3517,5.69,37.6,0.1429,0.4,35,B1,0.17,5,69,24,3.1,0.1,0.152,10,6.86,0.25,-0.09,20.25,0.1921,2,1,30,4.58,v2_lr,1
151008,2026-09-24,浜名湖,6,3711,6.1,41.8,0.1429,0.1429,7,A2,0.16,4,82,12,3,0.3,0.168,10,6.89,0,0,17.14,0,2,1,30,2.03,v2_lr,0
151009,2026-09-24,浜名湖,1,4049,6.11,40,0.3214,0.4286,28,A2,0.17,74,103,89,3.9,0,0.16,10,6.8,0.3529,-0.07,22.89,0.312,2,1,30,41.04,v2_lr,1
151009,2026-09-24,浜名湖,2,5083,4.65,27,0.04,0.28,25,B1,0.17,5,64,23,4.6,0,0.129,10,6.76,0.5882,-0.01,31.07,1,2,1,30,17.49,v2_lr,0
151009,2026-09-24,浜名湖,4,4044,6.92,45,0.2105,0.3158,19,A1,0.13,15,83,35,2.5,0.3,0.137,10,6.78,0.4706,-0.07,19.18,0,2,1,30,16.57,v2_lr,0
151009,2026-09-24,浜名湖,5,4561,6.26,47.9,0.2424,0.2424,33,A2,0.19,11,74,18,5.6,0,0.321,10,6.86,0,-0.02,25.77,0.5542,2,1,30,10.15,v2_lr,0
151009,2026-09-24,浜名湖,6,5368,4.74,28.7,0.087,0.087,23,B1,0.17,2,108,8,3.9,0.2,0.129,10,6.69,1,-0.03,21.43,0.1892,2,1,30,3.02,v2_lr,0
151010,2026-09-24,浜名湖,1,5299,5.46,40.1,0.0833,0.0833,24,A2,0.16,33,53,41,3.6,0.2,0.118,10,6.78,0.6364,0.14,32.76,0.5831,2,1,30,41.68,v2_lr,0
151010,2026-09-24,浜名湖,2,4753,4.64,31.8,0,0.1905,21,B2,0.1,5,53,19,4,0,0.143,10,6.85,0,0.27,27.66,0.185,2,1,30,12.03,v2_lr,0
151010,2026-09-24,浜名湖,3,5046,4.29,21.8,0.0417,0.0417,24,B1,0.16,4,55,12,4.8,0.1,0.216,10,6.76,0.8182,0.14,28.13,0.2217,2,1,30,15.67,v2_lr,0
151010,2026-09-24,浜名湖,4,3514,5.57,35.8,0.1429,0.1429,7,A2,0.16,7,68,16,3.8,0.2,0.17,10,6.74,1,0.01,26.96,0.1304,2,1,30,20.64,v2_lr,1
151010,2026-09-24,浜名湖,5,5371,1.66,2.6,0,0.0455,22,B2,,0,88,0,5.2,0,0.207,10,6.85,0,0.14,38.1,1,2,1,30,2.37,v2_lr,0
151010,2026-09-24,浜名湖,6,4263,4.67,31.8,0.2143,0.3214,28,B1,0.19,0,71,5,3.3,0.3,0.183,10,6.81,0.3636,-0.01,25.29,0,2,1,30,7.6,v2_lr,0
151011,2026-09-24,浜名湖,1,4593,5.89,34.8,0,0.2857,7,A2,0.15,58,87,76,3.7,0,0.144,10,6.72,0.9167,-0.02,26.26,0.6542,2,1,30,26.02,v2_lr,1
151011,2026-09-24,浜名湖,2,4327,3.99,20,0.1695,0.3559,59,B1,0.19,4,73,20,3.3,0.2,0.175,10,6.71,1,0.06,31.13,0.9153,2,1,30,33.54,v2_lr,0
151011,2026-09-24,浜名湖,3,4151,5.15,31,0.0625,0.125,16,B1,0.17,5,77,26,3.5,0,0.23,10,6.75,0.6667,0.15,16.95,0.155,2,1,30,11.7,v2_lr,0
151011,2026-09-24,浜名湖,4,5007,5.15,30.2,0.3333,0.6667,6,B1,0.16,4,63,14,3.3,0.2,0.208,10,6.83,0,0.21,23.53,0.5078,2,1,30,23.85,v2_lr,0
151011,2026-09-24,浜名湖,5,4196,4.15,24,0,0.2857,7,B1,0.19,5,74,10,3.5,0,0.185,10,6.79,0.3333,0.26,32.71,1,2,1,30,2.01,v2_lr,0
151011,2026-09-24,浜名湖,6,4227,6.14,41.3,0.0769,0.2308,13,A2,0.16,2,69,10,3.3,0.1,0.17,10,6.71,1,0.05,14.06,0,2,1,30,2.89,v2_lr,0
151012,2026-09-24,浜名湖,1,4302,6.88,57.3,0.2381,0.4286,21,A1,0.14,72,108,87,3,0.2,0.112,10,6.68,1,0.13,26.97,0,2,1,30,29.61,v2_lr,0
151012,2026-09-24,浜名湖,2,4460,6.09,39.6,0.2632,0.5789,19,A2,0.15,19,88,52,2.7,0.3,0.125,10,6.71,0.5,0.11,47.5,1,2,1,30,27.07,v2_lr,0
151012,2026-09-24,浜名湖,3,5348,3.83,19.7,0.25,0.4375,16,B1,0.27,4,22,8,2.8,0.2,0.157,10,6.69,0.8333,0.16,30.21,0.1578,2,1,30,20.35,v2_lr,0
151012,2026-09-24,浜名湖,4,4428,6.23,44.4,0.25,0.5,8,A2,0.14,16,77,30,2.7,0.3,0.136,10,6.71,0.5,0.06,33.33,0.3098,2,1,30,14.55,v2_lr,1
151012,2026-09-24,浜名湖,5,4189,6.64,47,0.1905,0.3333,21,A1,0.15,6,74,12,3.3,0.2,0.185,10,6.74,0,0.11,33.91,0.338,2,1,30,5.09,v2_lr,0
151012,2026-09-24,浜名湖,6,4992,4.97,31.1,0.1667,0.3333,36,B1,0.15,0,51,2,3.3,0.1,0.12,10,6.71,0.5,0.12,46.67,0.9596,2,1,30,3.33,v2_lr,0
151013,2026-09-24,浜名湖,1,4518,6.95,56.5,0.2143,0.5714,28,A1,0.2,67,90,80,3,0.1,0.169,10,6.67,1,0.07,34.29,0.9786,2,1,30,31.17,v2_lr,1
151013,2026-09-24,浜名湖,2,4044,6.92,45,0.2105,0.3158,19,A1,0.13,13,68,39,2.5,0.3,0.137,10,6.81,0,0.03,19.18,0,2,1,30,21.87,v2_lr,0
151013,2026-09-24,浜名湖,3,4919,3.92,13.6,0.25,0.3571,28,B1,0.18,5,57,14,3.1,0.3,0.125,10,6.75,0.4286,-0.02,34.62,1,2,1,30,22.67,v2_lr,0
151013,2026-09-24,浜名湖,4,4661,5.58,34.5,0.2222,0.3333,9,A2,0.16,3,62,14,3.3,0.2,0.24,10,6.78,0.2143,-0.12,31.46,0.7953,2,1,30,14.2,v2_lr,0
151013,2026-09-24,浜名湖,5,5368,4.74,28.7,0.087,0.087,23,B1,0.17,2,79,9,3.9,0.2,0.129,10,6.68,0.9286,0.05,21.43,0.1457,2,1,30,4,v2_lr,0
151013,2026-09-24,浜名湖,6,4140,6.02,46.2,0.2941,0.5,34,A2,0.18,3,57,7,3.2,0.4,0.187,10,6.79,0.1429,0.03,19.74,0.0363,2,1,30,6.1,v2_lr,0
151014,2026-09-24,浜名湖,1,4352,6.29,44.4,0.4286,0.619,21,A1,0.14,62,90,78,1.4,0.7,0.12,10,6.74,0.6,0.01,41.6,1,2,1,30,29.63,v2_lr,1
151014,2026-09-24,浜名湖,2,4570,6.37,45.8,0.3462,0.6538,26,A1,0.17,20,84,50,2.6,0.3,0.137,10,6.73,0.8,-0.04,26.14,0.3799,2,1,30,27.11,v2_lr,0
151014,2026-09-24,浜名湖,3,3475,5.45,34.4,0.2593,0.4074,27,B1,0.19,8,64,19,2.7,0.3,0.164,10,6.72,1,0.03,22.22,0.2226,2,1,30,20.48,v2_lr,0
151014,2026-09-24,浜名湖,4,3613,6.22,49.6,0.3,0.45,20,A2,0.15,9,80,32,2.6,0.2,0.151,10,6.77,0,-0.04,33.65,0.6811,2,1,30,14.59,v2_lr,0
151014,2026-09-24,浜名湖,5,4793,6.2,46.2,0.2317,0.4268,82,A2,0.16,6,80,22,2.8,0.2,0.113,10,6.77,0,-0.06,20.59,0.1572,2,1,30,6.11,v2_lr,0
151014,2026-09-24,浜名湖,6,4436,6.6,49.2,0.1613,0.3548,31,A1,0.16,3,73,4,3,0.2,0.158,10,6.77,0,-0.07,16.67,0,2,1,30,2.08,v2_lr,0
151015,2026-09-24,常滑,1,5252,5.87,40,0.2,0.3467,75,A2,0.13,37,69,49,3.3,0.3,0.138,10,6.64,0.1111,0.07,33.74,0.8322,2,1,25,42.75,v2_lr,0
151015,2026-09-24,常滑,2,4557,4.18,18,0.2,0.2,10,B1,0.18,9,60,21,4,0,0.194,10,6.63,0.2222,0.2,34.73,1,2,1,25,34.56,v2_lr,0
151015,2026-09-24,常滑,3,5070,3.84,17.3,0,0.2727,11,B1,0.22,2,57,15,3.4,0.1,0.191,10,6.56,1,0.12,33.74,0.8322,2,1,25,11.46,v2_lr,0
151015,2026-09-24,常滑,4,5455,0,0,0,0,3,B2,,0,3,0,5.8,0,0.164,10,6.61,0.4444,0.21,34.02,0.8797,2,1,25,3.59,v2_lr,0
151015,2026-09-24,常滑,5,4407,5.09,26.2,0.1212,0.2727,33,B1,0.16,0,69,8,4,0,0.153,10,6.61,0.4444,0.1,28.83,0,2,1,25,5.81,v2_lr,1
151015,2026-09-24,常滑,6,5268,3.41,17.5,0.0833,0.25,12,B1,0.17,1,70,1,4.3,0.2,0.147,10,6.65,0,0.08,31.22,0.4051,2,1,25,1.83,v2_lr,0
151016,2026-09-24,常滑,1,5152,4.21,21.4,0,0,3,B1,0.23,6,35,16,4.2,0,0.221,10,6.62,0.3333,0.19,30.18,0.149,2,1,25,14.26,v2_lr,0
151016,2026-09-24,常滑,2,4588,5.6,41.1,0.2174,0.3478,23,A2,0.14,9,75,38,3.6,0.1,0.152,10,6.61,0.4444,0.03,33.33,0.4268,2,1,25,27.11,v2_lr,0
151016,2026-09-24,常滑,3,3788,5.88,45,0.2,0.4,5,B2,0.13,8,49,22,4.1,0.1,0.142,10,6.62,0.3333,0.13,32.47,0.351,2,1,25,17.57,v2_lr,1
151016,2026-09-24,常滑,4,4562,4.32,13.5,0.2222,0.4444,9,B1,0.21,5,80,16,3.5,0.2,0.173,10,6.58,0.7778,0.01,29.44,0.0838,2,1,25,16.35,v2_lr,0
151016,2026-09-24,常滑,5,4438,4.95,32.5,0.3333,0.3333,3,B1,0.13,6,73,13,3.1,0.4,0.097,10,6.56,1,0.05,39.83,1,2,1,25,21.21,v2_lr,0
151016,2026-09-24,常滑,6,3905,6.13,44.7,0.2105,0.4386,57,A2,0.15,3,73,15,2.5,0.3,0.116,10,6.65,0,0.05,28.49,0,2,1,25,3.5,v2_lr,0
151017,2026-09-24,常滑,1,5053,3.99,21.8,0.1,0.3,30,B1,0.17,33,56,42,4.5,0,0.19,10,6.58,0.8889,0.1,35.83,0.5446,2,1,26,30.31,v2_lr,1
151017,2026-09-24,常滑,2,4786,6.78,55.9,0.275,0.525,40,A1,0.14,26,84,50,1.9,0.4,0.119,10,6.57,1,-0.01,30,0.1109,2,1,26,37.59,v2_lr,0
151017,2026-09-24,常滑,3,3867,3.18,10.7,0.1111,0.2222,18,B1,0.18,2,68,11,5.2,0,0.185,10,6.65,0.1111,0.1,41.95,1,2,1,26,12.94,v2_lr,0
151017,2026-09-24,常滑,4,4425,4.53,17,0,0,3,B1,0.2,1,60,14,4.2,0,0.176,10,6.66,0,-0.02,41.32,0.9531,2,1,26,4.01,v2_lr,0
151017,2026-09-24,常滑,5,3968,5.75,31.1,0.2609,0.3043,23,A2,0.18,3,58,11,2.7,0.3,0.156,10,6.65,0.1111,-0.01,36.17,0.5699,2,1,26,12.81,v2_lr,0
151017,2026-09-24,常滑,6,4511,4.74,20.6,0.1333,0.2,15,B1,0.22,2,54,2,3.5,0.1,0.15,10,6.64,0.2222,0.22,28.51,0,2,1,26,2.34,v2_lr,0
151018,2026-09-24,常滑,1,5240,5.18,36.6,0,0.0526,19,B1,0.16,17,47,24,4.3,0,0.157,10,6.61,1,0.08,30.71,0,3,1,26,17.24,v2_lr,0
151018,2026-09-24,常滑,2,4033,6.13,48.2,0.2778,0.3889,18,A2,0.15,21,93,50,2.5,0.3,0.144,10,6.61,1,0.06,33.2,0.2049,3,1,26,30.4,v2_lr,1
151018,2026-09-24,常滑,3,4390,4.38,20.1,0,0.1176,17,B1,0.25,5,67,13,3.8,0,0.148,10,6.61,1,0.1,42.86,1,3,1,26,8.44,v2_lr,0
151018,2026-09-24,常滑,4,3635,4.72,35.5,0.1176,0.2941,34,B1,0.16,5,65,25,2.8,0.3,0.16,10,6.66,0,0.11,36.82,0.5029,3,1,26,5.44,v2_lr,0
151018,2026-09-24,常滑,5,4886,6.04,31,0.7143,0.8571,7,A2,0.13,5,59,16,2.1,0.6,0.112,10,6.64,0.4,0.14,36.13,0.4461,3,1,26,35.08,v2_lr,0
151018,2026-09-24,常滑,6,4199,6.57,48.7,0.1803,0.4262,61,A1,0.16,13,80,27,2.6,0.3,0.131,10,6.65,0.2,-0.04,34.54,0.3152,3,1,26,3.4,v2_lr,0
151019,2026-09-24,常滑,1,4055,6.05,41.6,0.2857,0.5,28,A2,0.14,68,101,88,2.3,0.2,0.164,10,6.65,0,0.05,35.95,0.1362,3,1,27,38.47,v2_lr,0
151019,2026-09-24,常滑,2,5138,3.75,12.3,0,0.0909,11,B1,0.27,1,44,5,3.9,0.1,0.199,10,6.61,0.4,0.22,34.44,0,3,1,27,9.88,v2_lr,0
151019,2026-09-24,常滑,3,4731,5.27,34.7,0.1707,0.439,41,B1,0.16,4,61,14,4.3,0.1,0.189,10,6.55,1,0.02,45.53,1,3,1,27,24.71,v2_lr,0
151019,2026-09-24,常滑,4,4437,5.89,45.9,0.3077,0.4872,39,A2,0.17,11,71,30,2.4,0.4,0.124,10,6.6,0.5,0.12,35.83,0.1253,3,1,27,22.67,v2_lr,0
151019,2026-09-24,常滑,5,5337,4.72,25.2,0,0,12,B1,,4,103,17,4.5,0,0.19,10,6.63,0.2,0.05,38.4,0.3571,3,1,27,1.88,v2_lr,1
151019,2026-09-24,常滑,6,4058,6.29,46.8,0.1429,0.3214,28,A1,0.17,1,73,10,3.6,0.1,0.181,10,6.65,0,0.06,34.65,0.0189,3,1,27,2.39,v2_lr,0
151020,2026-09-24,常滑,1,4532,7.29,59.4,0.4348,0.6957,23,A1,0.14,73,102,89,2.3,0.3,0.121,10,6.65,0.125,0.05,42.74,1,2,1,27,34.05,v2_lr,1
151020,2026-09-24,常滑,2,4650,6,42.1,0.25,0.5625,16,A2,0.12,10,58,31,3.4,0,0.139,10,6.58,1,0.18,33.47,0.0149,2,1,27,26.67,v2_lr,0
151020,2026-09-24,常滑,3,4896,4.19,18.8,0.3333,0.6667,3,B1,0.18,6,75,22,3.5,0.2,0.202,10,6.66,0,0.32,34.05,0.0765,2,1,27,20.85,v2_lr,0
151020,2026-09-24,常滑,4,3833,6.06,43.7,0.3,0.6,20,A2,0.13,8,77,25,2.2,0.3,0.108,10,6.66,0,0.14,38.14,0.5112,2,1,27,15.13,v2_lr,0
151020,2026-09-24,常滑,5,4669,5.22,31.3,0,0.2,5,B1,0.14,0,65,4,3.8,0.1,0.138,10,6.64,0.25,0.11,34.04,0.0755,2,1,27,1.31,v2_lr,0
151020,2026-09-24,常滑,6,3251,5.63,38.6,0.1579,0.4211,19,A2,0.18,6,79,15,3.4,0.1,0.167,10,6.64,0.25,0.25,33.33,0,2,1,27,1.99,v2_lr,0
151021,2026-09-24,常滑,1,4425,4.53,17,0,0,3,B1,0.2,23,52,33,4.2,0,0.176,10,6.67,0,0,41.32,1,2,1,28,25.52,v2_lr,0
151021,2026-09-24,常滑,2,3905,6.13,44.7,0.2105,0.4386,57,A2,0.15,8,78,36,2.5,0.3,0.116,10,6.6,0.7,0.09,28.49,0.0926,2,1,28,41.79,v2_lr,1
151021,2026-09-24,常滑,3,3945,4.15,21.5,0.0952,0.1905,42,B1,0.21,4,62,13,3.3,0.1,0.184,10,6.63,0.4,0.24,30.7,0.2489,2,1,28,14.78,v2_lr,0
151021,2026-09-24,常滑,4,4950,6.61,48.3,0,0.5,4,A1,0.17,10,76,24,3.9,0,0.179,10,6.57,1,0.01,39.65,0.8819,2,1,28,8.43,v2_lr,0
151021,2026-09-24,常滑,5,5455,0,0,0,0,3,B2,,0,19,0,5.8,0,0.164,10,6.63,0.4,0,34.02,0.4837,2,1,28,2.28,v2_lr,0
151021,2026-09-24,常滑,6,4209,5.61,33.9,0.2273,0.4545,22,A2,0.16,1,57,6,2.9,0.2,0.164,10,6.63,0.4,0.14,27.18,0,2,1,28,7.21,v2_lr,0
151022,2026-09-24,常滑,1,3788,5.88,45,0.2,0.4,5,B2,0.13,36,56,45,4.1,0.1,0.142,10,6.65,0,0.11,32.47,0,2,1,28,23.18,v2_lr,1
151022,2026-09-24,常滑,2,3867,3.18,10.7,0.1111,0.2222,18,B1,0.18,4,67,15,5.2,0,0.185,10,6.63,0.2857,0.29,41.95,0.8201,2,1,28,13.61,v2_lr,0
151022,2026-09-24,常滑,3,4886,6.04,31,0.7143,0.8571,7,A2,0.13,12,64,33,2.1,0.6,0.112,10,6.64,0.1429,0.22,36.13,0.3166,2,1,28,32.81,v2_lr,0
151022,2026-09-24,常滑,4,4146,5.9,39.3,0.2308,0.3077,26,A2,0.16,6,72,15,3.9,0.2,0.148,10,6.65,0,0.14,44.03,1,2,1,28,11.34,v2_lr,0
151022,2026-09-24,常滑,5,4557,4.18,18,0.2,0.2,10,B1,0.18,1,57,7,4,0,0.194,10,6.62,0.4286,0.03,34.73,0.1955,2,1,28,6.4,v2_lr,0
151022,2026-09-24,常滑,6,4794,6.7,49.5,0.3333,0.381,21,A1,0.16,2,72,10,2.3,0.5,0.15,10,6.58,1,-0.07,39.08,0.5718,2,1,28,12.67,v2_lr,0
151023,2026-09-24,常滑,1,5111,5.55,40,0.1,0.4,10,A2,0.13,39,71,57,3.3,0,0.088,10,6.58,1,0.17,28.7,0,3,1,28,25.85,v2_lr,1
151023,2026-09-24,常滑,2,3850,5.03,32.7,0.3333,0.3333,3,B1,0.15,6,73,19,3.3,0.2,0.116,10,6.61,0.7,0.06,37.45,1,3,1,28,35.6,v2_lr,0
151023,2026-09-24,常滑,3,4199,6.57,48.7,0.1803,0.4262,61,A1,0.16,10,89,36,2.6,0.3,0.131,10,6.67,0.1,0.15,34.54,0.6674,3,1,28,15.88,v2_lr,0
151023,2026-09-24,常滑,4,4055,6.05,41.6,0.2857,0.5,28,A2,0.14,9,87,31,2.3,0.2,0.164,10,6.68,0,0.22,35.95,0.8286,3,1,28,16.77,v2_lr,0
151023,2026-09-24,常滑,5,5053,3.99,21.8,0.1,0.3,30,B1,0.17,3,63,8,4.5,0,0.19,10,6.58,1,0.16,35.83,0.8149,3,1,28,5.18,v2_lr,0
151023,2026-09-24,常滑,6,5396,1.83,3.3,0,0.1,10,B2,,1,106,1,4.7,0,0.202,10,6.66,0.2,0.2,34.14,0.6217,3,1,28,0.71,v2_lr,0
151024,2026-09-24,常滑,1,3968,5.75,31.1,0.2609,0.3043,23,A2,0.18,36,67,54,2.7,0.3,0.156,10,6.59,0.6,0.08,36.17,0.5277,3,1,28,33.4,v2_lr,1
151024,2026-09-24,常滑,2,4407,5.09,26.2,0.1212,0.2727,33,B1,0.16,9,85,31,4,0,0.153,10,6.61,0.2,0.27,28.83,0,3,1,28,14.81,v2_lr,0
151024,2026-09-24,常滑,3,4252,4.4,22.4,0.0588,0.1765,34,B1,0.2,4,62,16,3.8,0,0.216,10,6.62,0,0.03,35.48,0.4781,3,1,28,7.19,v2_lr,0
151024,2026-09-24,常滑,4,4532,7.29,59.4,0.4348,0.6957,23,A1,0.14,16,73,35,2.3,0.3,0.121,10,6.58,0.8,0.28,42.74,1,3,1,28,30.02,v2_lr,0
151024,2026-09-24,常滑,5,4033,6.13,48.2,0.2778,0.3889,18,A2,0.15,2,70,16,2.5,0.3,0.144,10,6.57,1,0.12,33.2,0.3142,3,1,28,13.78,v2_lr,0
151024,2026-09-24,常滑,6,5138,3.75,12.3,0,0.0909,11,B1,0.27,1,32,1,3.9,0.1,0.199,10,6.6,0.4,0.2,34.44,0.4033,3,1,28,0.81,v2_lr,0
151025,2026-09-24,常滑,1,4950,6.61,48.3,0,0.5,4,A1,0.17,63,88,71,3.9,0,0.179,10,6.59,0.4444,0.35,39.65,0.648,4,2,29,18.42,v2_lr,1
151025,2026-09-24,常滑,2,4058,6.29,46.8,0.1429,0.3214,28,A1,0.17,12,88,46,3.6,0.1,0.181,10,6.63,0,0.29,34.65,0.0998,4,2,29,20.02,v2_lr,0
151025,2026-09-24,常滑,3,4438,4.95,32.5,0.3333,0.3333,3,B1,0.13,11,80,28,3.1,0.4,0.097,10,6.6,0.3333,0.1,39.83,0.6678,4,2,29,36.09,v2_lr,0
151025,2026-09-24,常滑,4,4390,4.38,20.1,0,0.1176,17,B1,0.25,1,59,5,3.8,0,0.148,10,6.61,0.2222,0.21,42.86,1,4,2,29,3.93,v2_lr,0
151025,2026-09-24,常滑,5,5252,5.87,40,0.2,0.3467,75,A2,0.13,5,63,16,3.3,0.3,0.138,10,6.54,1,0.02,33.74,0,4,2,29,12.13,v2_lr,0
151025,2026-09-24,常滑,6,3833,6.06,43.7,0.3,0.6,20,A2,0.13,1,64,12,2.2,0.3,0.108,10,6.59,0.4444,0.27,38.14,0.4825,4,2,29,9.42,v2_lr,0
151026,2026-09-24,常滑,1,4786,6.78,55.9,0.275,0.525,40,A1,0.14,72,106,91,1.9,0.4,0.119,10,6.54,0.8182,-0.05,30,0.237,5,3,29,32,v2_lr,0
151026,2026-09-24,常滑,2,4209,5.61,33.9,0.2273,0.4545,22,A2,0.16,7,86,36,2.9,0.2,0.164,10,6.63,0,-0.05,27.18,0,5,3,29,22.6,v2_lr,0
151026,2026-09-24,常滑,3,5152,4.21,21.4,0,0,3,B1,0.23,0,55,8,4.2,0,0.221,10,6.6,0.2727,0.01,30.18,0.2521,5,3,29,5.07,v2_lr,0
151026,2026-09-24,常滑,4,4794,6.7,49.5,0.3333,0.381,21,A1,0.16,16,71,31,2.3,0.5,0.15,10,6.52,1,0.1,39.08,1,5,3,29,24.59,v2_lr,0
151026,2026-09-24,常滑,5,4437,5.89,45.9,0.3077,0.4872,39,A2,0.17,3,72,23,2.4,0.4,0.124,10,6.56,0.6364,0.1,35.83,0.7269,5,3,29,13.95,v2_lr,1
151026,2026-09-24,常滑,6,3635,4.72,35.5,0.1176,0.2941,34,B1,0.16,1,86,5,2.8,0.3,0.16,10,6.61,0.1818,0.13,36.82,0.8101,5,3,29,1.78,v2_lr,0
151027,2026-09-24,津,1,4539,6.3,45.6,0.375,0.5313,32,A1,0.13,62,90,76,4,0.1,0.118,10,6.7,1,0.04,42.07,1,2,1,26,57.06,v2_lr,1
151027,2026-09-24,津,2,3812,4.46,21.8,0.1333,0.2667,30,B1,0.17,3,63,19,4.6,0,0.186,10,6.82,0.1429,0.09,30.82,0.1114,2,1,26,26.33,v2_lr,0
151027,2026-09-24,津,3,5247,4.32,19.1,0,0,11,B1,0.18,3,67,11,4.7,0,0.163,10,6.82,0.1429,0.15,29.41,0,2,1,26,7.03,v2_lr,0
151027,2026-09-24,津,4,4944,4.07,21.5,0.0357,0.1429,28,B1,0.18,4,59,8,3.9,0,0.139,10,6.8,0.2857,0.25,32.34,0.2314,2,1,26,4.99,v2_lr,0
151027,2026-09-24,津,5,4744,4.34,16.2,0.05,0.1,20,B1,0.2,2,49,7,3.4,0,0.198,10,6.83,0.0714,0.12,40.25,0.8562,2,1,26,3.63,v2_lr,0
151027,2026-09-24,津,6,5470,0,0,0,0,2,B2,,0,36,0,5.2,0,0.225,10,6.84,0,0.04,39.87,0.8262,2,1,26,0.95,v2_lr,0
151028,2026-09-24,津,1,3839,3.53,11.6,0.0303,0.0606,33,B1,0.17,13,54,21,5.5,0,0.239,10,6.9,0,0.19,28.57,0.1071,3,2,26,23.35,v2_lr,0
151028,2026-09-24,津,2,5091,6.01,42.6,0.1481,0.2963,27,B1,0.19,6,44,18,2.5,0.3,0.176,10,6.8,0.8333,-0.01,27.97,0,3,2,26,38.28,v2_lr,1
151028,2026-09-24,津,3,3726,4.46,28.9,0.1429,0.1429,7,B1,0.19,6,50,17,4.2,0.1,0.158,10,6.83,0.5833,-0.07,31.95,0.7107,3,2,26,27.28,v2_lr,0
151028,2026-09-24,津,4,5186,3.62,19.7,0,0,8,B1,0.19,2,54,9,4.1,0.1,0.164,10,6.86,0.3333,0.02,28.42,0.0804,3,2,26,4.85,v2_lr,0
151028,2026-09-24,津,5,5439,1.44,1.4,0,0,10,B2,,0,30,0,5.5,0,0.188,10,6.78,1,0.06,33.57,1,3,2,26,4.09,v2_lr,0
151028,2026-09-24,津,6,4665,3.97,13.7,0,0.4444,9,B1,0.16,1,56,6,4.5,0,0.146,10,6.78,1,0.04,29.73,0.3143,3,2,26,2.15,v2_lr,0
151029,2026-09-24,津,1,3843,4.81,28.3,0.1,0.2,20,B1,0.17,30,62,43,3.7,0.1,0.112,10,6.81,0.4,0.09,33.33,0.7292,3,2,27,20.18,v2_lr,0
151029,2026-09-24,津,2,4270,4.59,25.6,0.1558,0.3636,77,B1,0.17,5,70,18,3.8,0.1,0.187,10,6.82,0.3333,-0.08,39.1,1,3,2,27,19.66,v2_lr,0
151029,2026-09-24,津,3,3959,7.37,51.4,0.5,0.6923,26,A1,0.13,12,73,38,2.8,0.3,0.093,10,6.72,1,0.13,36.03,0.8559,3,2,27,30.93,v2_lr,1
151029,2026-09-24,津,4,4706,5.76,38.9,0.3333,0.4815,27,A2,0.18,6,69,21,3.3,0.1,0.205,10,6.78,0.6,-0.03,37.84,0.9409,3,2,27,21.34,v2_lr,0
151029,2026-09-24,津,5,4499,5.31,35.2,0.0909,0.3636,22,B1,0.16,0,46,3,3.5,0.1,0.152,10,6.82,0.3333,0.1,30.15,0.58,3,2,27,2.83,v2_lr,0
151029,2026-09-24,津,6,4239,6.69,55.3,0.2857,0.4762,21,A1,0.13,5,70,11,2.9,0.2,0.135,10,6.87,0,-0.02,17.79,0,3,2,27,5.05,v2_lr,0
151030,2026-09-24,津,1,4684,5.18,28.1,0.2143,0.5,14,B1,0.2,44,67,54,3,0.1,0.115,10,6.83,0.6,0.1,35.53,0.5374,3,2,27,27.78,v2_lr,1
151030,2026-09-24,津,2,4362,6.79,45.6,0.3158,0.4211,19,A1,0.14,15,69,37,4,0.3,0.124,10,6.85,0.4667,-0.11,38.32,0.7721,3,2,27,29.47,v2_lr,0
151030,2026-09-24,津,3,3999,5.92,40.5,0.3333,0.4444,18,A2,0.17,17,83,41,3.1,0.1,0.184,10,6.92,0,-0.05,34.59,0.4584,3,2,27,23.86,v2_lr,0
151030,2026-09-24,津,4,4169,3.68,17.8,0.1176,0.2941,34,B1,0.22,2,61,9,4.9,0,0.149,10,6.89,0.2,0.03,41.03,1,3,2,27,6.54,v2_lr,0
151030,2026-09-24,津,5,5317,4.82,22.6,0.1667,0.4167,12,B1,0.16,3,82,6,3.9,0,0.191,10,6.81,0.7333,0.04,36,0.577,3,2,27,6.61,v2_lr,0
151030,2026-09-24,津,6,4261,6.07,40,0.2336,0.4393,107,A2,0.16,2,84,13,2.6,0.4,0.118,10,6.77,1,0.13,29.14,0,3,2,27,5.72,v2_lr,0
151031,2026-09-24,津,1,4848,7.03,46.7,0.25,0.35,20,A1,0.14,72,101,88,1.8,0.3,0.158,10,6.71,1,-0.06,43.27,1,1,1,28,51.63,v2_lr,1
151031,2026-09-24,津,2,4134,5.97,43.8,0.1429,0.4762,21,A2,0.16,7,79,29,3.7,0.3,0.154,10,6.77,0.25,0.03,30.59,0.306,1,1,28,28.19,v2_lr,0
151031,2026-09-24,津,3,5343,3.91,15.3,0,0.1,10,B1,,1,14,5,3.8,0,0.153,10,6.79,0,0.06,25,0,1,1,28,6.5,v2_lr,0
151031,2026-09-24,津,4,4382,5.05,22.3,0.1111,0.4444,9,B1,0.18,3,74,12,3.4,0.2,0.145,10,6.78,0.125,0.04,30.99,0.3279,1,1,28,9.45,v2_lr,0
151031,2026-09-24,津,5,5223,4.47,24.1,0,0,2,B1,0.15,1,71,9,4,0,0.138,10,6.73,0.75,0,32.89,0.4319,1,1,28,3.36,v2_lr,0
151031,2026-09-24,津,6,5454,0,0,0,0,2,B2,,0,38,1,5.8,0,0.195,10,6.78,0.125,0.12,36.23,0.6147,1,1,28,0.87,v2_lr,0
151032,2026-09-24,津,1,4944,4.07,21.5,0.0357,0.1429,28,B1,0.18,8,42,18,3.9,0,0.139,10,6.7,1,0.21,32.34,0.5547,3,2,28,24.81,v2_lr,0
151032,2026-09-24,津,2,4853,3.96,18.6,0.1818,0.4545,11,B1,0.21,8,61,20,4.4,0,0.182,10,6.72,0.6,0.32,33.71,0.7658,3,2,28,27.15,v2_lr,0
151032,2026-09-24,津,3,3777,6.18,45.6,0.0667,0.3333,15,A2,0.15,11,72,31,3.6,0,0.21,10,6.72,0.6,0.14,35.23,1,3,2,28,12.72,v2_lr,0
151032,2026-09-24,津,4,3726,4.46,28.9,0.1429,0.1429,7,B1,0.19,1,51,9,4.2,0.1,0.158,10,6.73,0.4,-0.07,31.95,0.4946,3,2,28,11.33,v2_lr,0
151032,2026-09-24,津,5,4579,6.1,36.8,0.2897,0.486,107,A2,0.14,5,62,18,3.2,0.2,0.146,10,6.75,0,0.02,29.21,0.0724,3,2,28,12.97,v2_lr,1
151032,2026-09-24,津,6,4137,6.64,51.9,0.3571,0.6071,28,A1,0.14,6,75,21,2.1,0.4,0.108,10,6.74,0.2,0.18,28.74,0,3,2,28,11.02,v2_lr,0
151033,2026-09-24,津,1,4499,5.31,35.2,0.0909,0.3636,22,B1,0.16,24,44,30,3.5,0.1,0.152,10,6.72,0.6,0.33,30.15,0.3281,1,1,29,24.62,v2_lr,0
151033,2026-09-24,津,2,4574,5.49,34,0.0556,0.2222,36,A2,0.18,13,79,31,2.3,0.4,0.149,10,6.68,1,0.03,46.94,1,1,1,29,21.82,v2_lr,0
151033,2026-09-24,津,3,4381,5.64,38.9,0.2609,0.4783,23,A2,0.18,20,80,42,2.5,0.4,0.119,10,6.69,0.9,-0.08,35.33,0.5354,1,1,29,31.03,v2_lr,1
151033,2026-09-24,津,4,3981,4.02,19,0.2,0.2,30,B1,0.2,7,79,12,4.2,0.1,0.224,10,6.76,0.2,0.03,21.95,0,1,1,29,12.21,v2_lr,0
151033,2026-09-24,津,5,3940,6.33,45.9,0.2,0.5,20,A1,0.16,7,81,24,3,0.3,0.114,10,6.72,0.6,0.09,36.05,0.5642,1,1,29,9.58,v2_lr,0
151033,2026-09-24,津,6,5439,1.44,1.4,0,0,10,B2,,1,81,1,5.5,0,0.188,10,6.78,0,0.08,33.57,0.465,1,1,29,0.73,v2_lr,0
151034,2026-09-24,津,1,4451,6.04,42.3,0.2273,0.4091,22,A2,0.14,70,116,100,3,0.2,0.117,10,6.76,0.2778,-0.01,27.33,0,2,1,29,28.78,v2_lr,0
151034,2026-09-24,津,2,5317,4.82,22.6,0.1667,0.4167,12,B1,0.16,2,51,14,3.9,0,0.191,10,6.72,0.5,-0.02,36,0.6136,2,1,29,22.56,v2_lr,0
151034,2026-09-24,津,3,3627,5.51,38.7,0,0,2,A2,0.2,7,74,26,3.9,0,0.212,10,6.79,0.1111,0.06,41.46,1,2,1,29,5.56,v2_lr,0
151034,2026-09-24,津,4,4109,5.74,38.3,0.2683,0.5122,41,A2,0.13,11,77,30,2.2,0.3,0.127,10,6.79,0.1111,0.01,30.77,0.2435,2,1,29,14.7,v2_lr,0
151034,2026-09-24,津,5,3812,4.46,21.8,0.1333,0.2667,30,B1,0.17,1,58,5,4.6,0,0.186,10,6.81,0,0.05,30.82,0.247,2,1,29,3.55,v2_lr,0
151034,2026-09-24,津,6,3959,7.37,51.4,0.5,0.6923,26,A1,0.13,4,77,13,2.8,0.3,0.093,10,6.63,1,0.07,36.03,0.6157,2,1,29,24.86,v2_lr,1
151035,2026-09-24,津,1,4706,5.76,38.9,0.3333,0.4815,27,A2,0.18,52,90,65,3.3,0.1,0.205,10,6.71,0.7,0.18,37.84,0.7624,3,2,30,40.71,v2_lr,1
151035,2026-09-24,津,2,4744,4.34,16.2,0.05,0.1,20,B1,0.2,5,58,16,3.4,0,0.198,10,6.78,0,0.23,40.25,0.943,3,2,30,13.11,v2_lr,0
151035,2026-09-24,津,3,4362,6.79,45.6,0.3158,0.4211,19,A1,0.14,8,65,23,4,0.3,0.124,10,6.74,0.4,0.17,38.32,0.7984,3,2,30,31.25,v2_lr,0
151035,2026-09-24,津,4,4665,3.97,13.7,0,0.4444,9,B1,0.16,3,64,8,4.5,0,0.146,10,6.76,0.2,0.14,29.73,0.1544,3,2,30,2.94,v2_lr,0
151035,2026-09-24,津,5,4930,5.68,36.2,0.2,0.4,20,A2,0.16,6,76,13,3,0.3,0.11,10,6.68,1,0.04,27.67,0,3,2,30,10.61,v2_lr,0
151035,2026-09-24,津,6,5160,5.61,37.8,0,0,9,A2,0.15,2,69,5,4.3,0.1,0.137,10,6.71,0.7,0.15,41.01,1,3,2,30,1.39,v2_lr,0
151036,2026-09-24,津,1,3777,6.18,45.6,0.0667,0.3333,15,A2,0.15,49,88,66,3.6,0,0.21,10,6.72,0.6667,0.16,35.23,0.6845,3,2,30,22.01,v2_lr,1
151036,2026-09-24,津,2,4239,6.69,55.3,0.2857,0.4762,21,A1,0.13,21,75,43,2.9,0.2,0.135,10,6.78,0,0.02,17.79,0,3,2,30,27.45,v2_lr,0
151036,2026-09-24,津,3,4261,6.07,40,0.2336,0.4393,107,A2,0.16,9,73,29,2.6,0.4,0.118,10,6.69,1,0.07,29.14,0.4454,3,2,30,24.31,v2_lr,0
151036,2026-09-24,津,4,5091,6.01,42.6,0.1481,0.2963,27,B1,0.19,8,50,17,2.5,0.3,0.176,10,6.72,0.6667,-0.08,27.97,0.3995,3,2,30,11.1,v2_lr,0
151036,2026-09-24,津,5,4848,7.03,46.7,0.25,0.35,20,A1,0.14,6,73,21,1.8,0.3,0.158,10,6.71,0.7778,-0.01,43.27,1,3,2,30,14.33,v2_lr,0
151036,2026-09-24,津,6,5466,0,0,0,0,3,B2,,0,26,0,4.9,0,0.198,10,6.74,0.4444,0.06,40.63,0.8964,3,2,30,0.8,v2_lr,0
151037,2026-09-24,津,1,3940,6.33,45.9,0.2,0.5,20,A1,0.16,79,117,106,3,0.3,0.114,10,6.69,1,0.06,36.05,0.7056,3,2,30,30.79,v2_lr,0
151037,2026-09-24,津,2,3999,5.92,40.5,0.3333,0.4444,18,A2,0.17,7,80,45,3.1,0.1,0.184,10,6.79,0,0.18,34.59,0.5647,3,2,30,29.01,v2_lr,0
151037,2026-09-24,津,3,4137,6.64,51.9,0.3571,0.6071,28,A1,0.14,18,91,42,2.1,0.4,0.108,10,6.77,0.2,0.1,28.74,0,3,2,30,25.96,v2_lr,1
151037,2026-09-24,津,4,4270,4.59,25.6,0.1558,0.3636,77,B1,0.17,4,62,12,3.8,0.1,0.187,10,6.74,0.5,0.02,39.1,1,3,2,30,10.49,v2_lr,0
151037,2026-09-24,津,5,5247,4.32,19.1,0,0,11,B1,0.18,1,72,9,4.7,0,0.163,10,6.74,0.5,0.13,29.41,0.0647,3,2,30,1.6,v2_lr,0
151037,2026-09-24,津,6,4134,5.97,43.8,0.1429,0.4762,21,A2,0.16,2,76,12,3.7,0.3,0.154,10,6.76,0.3,0.16,30.59,0.1786,3,2,30,2.15,v2_lr,0
151038,2026-09-24,津,1,4237,7.29,52.7,0.4583,0.6667,24,A1,0.15,86,118,100,2.7,0.2,0.108,10,6.74,0.125,0.12,40.74,0.9098,3,2,30,29.14,v2_lr,1
151038,2026-09-24,津,2,4451,6.04,42.3,0.2273,0.4091,22,A2,0.14,12,73,34,3,0.2,0.117,10,6.75,0,0.11,27.33,0,3,2,30,18.13,v2_lr,0
151038,2026-09-24,津,3,4579,6.1,36.8,0.2897,0.486,107,A2,0.14,13,81,32,3.2,0.2,0.146,10,6.7,0.625,0.02,29.21,0.1275,3,2,30,20.61,v2_lr,0
151038,2026-09-24,津,4,4539,6.3,45.6,0.375,0.5313,32,A1,0.13,19,70,32,4,0.1,0.118,10,6.68,0.875,0.08,42.07,1,3,2,30,22.36,v2_lr,0
151038,2026-09-24,津,5,4684,5.18,28.1,0.2143,0.5,14,B1,0.2,4,54,12,3,0.1,0.115,10,6.67,1,0.15,35.53,0.5563,3,2,30,8.16,v2_lr,0
151038,2026-09-24,津,6,4382,5.05,22.3,0.1111,0.4444,9,B1,0.18,0,60,6,3.4,0.2,0.145,10,6.73,0.25,0.04,30.99,0.2483,3,2,30,1.61,v2_lr,0
151039,2026-09-24,三国,1,3333,6.28,45.3,0.1875,0.4375,16,A1,0.15,63,100,86,2.6,0.4,0.147,10,6.67,0.8,0.01,35.61,0.6755,1,1,24,35.52,v2_lr,1
151039,2026-09-24,三国,2,4894,5.09,25.6,0.3333,0.5,6,B1,0.22,5,73,17,2.9,0.4,0.164,10,6.75,0,0.1,32.8,0,1,1,24,34.15,v2_lr,0
151039,2026-09-24,三国,3,5190,4.46,23.1,0.12,0.12,25,B1,0.18,6,67,15,3.9,0.1,0.268,10,6.7,0.5,0.1,33.59,0.1899,1,1,24,13.98,v2_lr,0
151039,2026-09-24,三国,4,3652,3.63,14.9,0.0714,0.2143,14,B1,0.18,4,61,7,4.2,0.1,0.167,10,6.73,0.2,0.11,36.62,0.9183,1,1,24,5.9,v2_lr,0
151039,2026-09-24,三国,5,4902,4.81,30.2,0.1538,0.3462,26,B1,0.18,8,72,19,4.6,0,0.164,10,6.65,1,0.02,36.96,1,1,1,24,9.46,v2_lr,0
151039,2026-09-24,三国,6,5465,0,0,0,0,22,B2,,0,35,0,5.7,0,0.184,10,6.66,0.9,0.15,34.53,0.4159,1,1,24,1,v2_lr,0
151040,2026-09-24,三国,1,3837,6.16,41.5,0.2143,0.4286,28,A2,0.17,61,83,69,3.1,0.2,0.176,10,6.71,0.25,0.02,30,0.5425,1,1,23,37.34,v2_lr,1
151040,2026-09-24,三国,2,4150,5.79,40.6,0.1364,0.3636,22,A2,0.15,10,63,26,3.7,0,0.135,10,6.7,0.375,0.06,33.07,1,1,1,23,25.68,v2_lr,0
151040,2026-09-24,三国,3,5282,4.87,24.5,0.1616,0.2828,99,B1,0.17,10,75,28,3.9,0.3,0.114,10,6.66,0.875,0.11,31.85,0.8182,1,1,23,23.08,v2_lr,0
151040,2026-09-24,三国,4,5366,1.18,0,0,0.0145,69,B2,,0,32,1,5.9,0,0.24,10,6.67,0.75,0.32,26.4,0.006,1,1,23,3.14,v2_lr,0
151040,2026-09-24,三国,5,4315,4.74,28.1,0.1034,0.1379,29,B1,0.2,4,62,7,3.5,0,0.171,10,6.65,1,0.31,26.36,0,1,1,23,4.92,v2_lr,0
151040,2026-09-24,三国,6,5167,5.26,34.4,0.2667,0.5333,15,B1,0.18,1,49,3,2.8,0.4,0.158,10,6.73,0,0.22,29.1,0.4083,1,1,23,5.85,v2_lr,0
151041,2026-09-24,三国,1,3641,6.32,43.5,0.1,0.3,10,A1,0.17,60,96,76,2.9,0.2,0.171,10,6.68,0.5,0.32,34.38,0.8256,1,1,24,28.27,v2_lr,0
151041,2026-09-24,三国,2,5090,5.41,34.6,0.3333,0.5,6,B1,0.11,10,69,22,2.9,0.4,0.218,10,6.68,0.5,0.18,32.03,0.7387,1,1,24,39.55,v2_lr,1
151041,2026-09-24,三国,3,4675,5.72,37,0.1875,0.3125,16,A2,0.15,8,45,13,3.4,0.2,0.106,10,6.73,0,0.11,12.04,0,1,1,24,17.22,v2_lr,0
151041,2026-09-24,三国,4,5329,5.05,33.6,0.0833,0.1667,24,B1,0.16,4,85,9,4.1,0.2,0.181,10,6.66,0.7,0.16,37.21,0.9302,1,1,24,8.69,v2_lr,0
151041,2026-09-24,三国,5,4016,5.31,32.3,0.125,0.3438,32,B1,0.19,5,59,10,3.8,0.2,0.134,10,6.71,0.2,0.13,26.92,0.5499,1,1,24,4.88,v2_lr,0
151041,2026-09-24,三国,6,5453,0,0,0,0,6,B2,,0,32,2,5.5,0,0.135,10,6.63,1,0.07,39.1,1,1,1,24,1.39,v2_lr,0
151042,2026-09-24,三国,1,5038,6.41,47.5,0.2105,0.4474,76,A2,0.18,49,77,67,3.2,0.1,0.167,10,6.69,1,0.06,41.09,0.8011,2,2,24,42.05,v2_lr,1
151042,2026-09-24,三国,2,4020,4.28,24.5,0,0.0741,27,B1,0.17,2,67,17,5.2,0,0.225,10,6.82,0,0.18,32.87,0.4261,2,2,24,9.82,v2_lr,0
151042,2026-09-24,三国,3,4363,5.84,40.1,0.1818,0.4545,11,A2,0.16,9,85,31,3,0.1,0.116,10,6.77,0.3846,-0.03,30.47,0.3166,2,2,24,22.19,v2_lr,0
151042,2026-09-24,三国,4,5352,5.09,32.3,0.25,0.4167,12,B1,0.17,4,71,14,2.5,0.2,0.169,10,6.79,0.2308,0.11,23.53,0,2,2,24,17.23,v2_lr,0
151042,2026-09-24,三国,5,4888,4.89,25.7,0.1,0.2,20,B1,0.18,6,73,15,3.6,0.2,0.164,10,6.73,0.6923,0.07,45.45,1,2,2,24,6.47,v2_lr,0
151042,2026-09-24,三国,6,4241,5.68,38.5,0.1,0.2,10,A2,0.17,1,65,11,3.2,0.2,0.15,10,6.81,0.0769,0.03,31.78,0.3764,2,2,24,2.24,v2_lr,0
151043,2026-09-24,三国,1,4004,5.25,31,0.2143,0.3571,14,B1,0.18,21,52,35,3.7,0.1,0.17,10,6.72,0.375,-0.08,36.92,1,3,3,24,26,v2_lr,0
151043,2026-09-24,三国,2,4112,5.98,40.1,0.2,0.44,25,A2,0.16,4,57,23,3.4,0,0.191,10,6.75,0,-0.02,22.41,0,3,3,24,18.09,v2_lr,0
151043,2026-09-24,三国,3,5143,4.33,24.7,0.0625,0.1875,16,B1,0.18,7,80,24,2.5,0.2,0.19,10,6.67,1,0.13,34.4,0.8263,3,3,24,9.55,v2_lr,0
151043,2026-09-24,三国,4,4894,5.09,25.6,0.3333,0.5,6,B1,0.22,9,80,20,2.9,0.4,0.164,10,6.71,0.5,0.13,32.8,0.7161,3,3,24,18.77,v2_lr,0
151043,2026-09-24,三国,5,5009,5.47,39.1,0.2059,0.3529,34,A2,0.14,2,61,17,3.4,0.2,0.118,10,6.75,0,0.08,25,0.1785,3,3,24,4.82,v2_lr,0
151043,2026-09-24,三国,6,4418,8.09,52.2,0.5294,0.8235,17,A1,0.12,10,75,31,2.6,0.5,0.105,10,6.67,1,0.25,35.51,0.9028,3,3,24,22.78,v2_lr,1
151044,2026-09-24,三国,1,5344,3.97,19,0.0976,0.1463,41,B1,0.14,8,16,11,3.1,0.3,0.135,10,6.76,0.9167,0.06,27.91,0,3,3,24,22.21,v2_lr,1
151044,2026-09-24,三国,2,4360,5.87,37.7,0.12,0.36,25,A2,0.21,8,62,20,4.1,0.1,0.184,10,6.75,1,0.03,32.8,0.5099,3,3,24,20.28,v2_lr,0
151044,2026-09-24,三国,3,3838,5.25,39.1,0,0.1429,7,B1,0.16,5,65,16,4.2,0.1,0.122,10,6.81,0.5,0.02,37.5,1,3,3,24,6.36,v2_lr,0
151044,2026-09-24,三国,4,4441,6.21,41.9,0.3333,0.6667,6,A2,0.12,7,81,26,2.5,0.4,0.093,10,6.8,0.5833,0.02,29.17,0.1314,3,3,24,20.53,v2_lr,0
151044,2026-09-24,三国,5,3965,6.41,49.5,0.25,0.35,20,A1,0.18,5,68,16,2.4,0.4,0.134,10,6.87,0,0.03,29.93,0.2106,3,3,24,7.53,v2_lr,0
151044,2026-09-24,三国,6,4357,7.02,55.4,0.5,0.6071,28,A1,0.19,11,75,24,2.5,0.4,0.163,10,6.76,0.9167,0.11,37.01,0.9489,3,3,24,23.09,v2_lr,0
151045,2026-09-24,三国,1,4210,5.69,32.1,0.1825,0.373,126,A2,0.18,46,93,71,2.6,0.2,0.159,10,6.8,0.125,0.08,29.37,0.2989,4,4,24,32.02,v2_lr,0
151045,2026-09-24,三国,2,4315,4.74,28.1,0.1034,0.1379,29,B1,0.2,6,68,24,3.5,0,0.171,10,6.74,0.875,0.05,26.36,0,4,4,24,22.22,v2_lr,0
151045,2026-09-24,三国,3,4016,5.31,32.3,0.125,0.3438,32,B1,0.19,5,70,18,3.8,0.2,0.134,10,6.81,0,0.05,26.92,0.0556,4,4,24,12.06,v2_lr,1
151045,2026-09-24,三国,4,4711,5.91,41.8,0.1705,0.4659,88,A2,0.17,10,70,28,2.2,0.1,0.114,10,6.73,1,0.11,28.68,0.2304,4,4,24,14.57,v2_lr,0
151045,2026-09-24,三国,5,4295,7.01,53,0.2963,0.4074,27,A1,0.14,2,80,23,2.8,0.2,0.138,10,6.75,0.75,0.09,31.62,0.5223,4,4,24,17.95,v2_lr,0
151045,2026-09-24,三国,6,3617,4.16,26.4,0,0,6,B1,0.19,1,48,1,5.4,0,0.179,10,6.78,0.375,0.09,36.43,1,4,4,24,1.17,v2_lr,0
151046,2026-09-24,三国,1,5282,4.87,24.5,0.1616,0.2828,99,B1,0.17,23,48,28,3.9,0.3,0.114,10,6.83,0.4545,0.05,31.85,0.3058,4,4,24,35.23,v2_lr,1
151046,2026-09-24,三国,2,4888,4.89,25.7,0.1,0.2,20,B1,0.18,13,71,36,3.6,0.2,0.164,10,6.81,0.6364,0.04,45.45,1,4,4,24,25.55,v2_lr,0
151046,2026-09-24,三国,3,5366,1.18,0,0,0.0145,69,B2,,0,9,0,5.9,0,0.24,10,6.88,0,0,26.4,0.0276,4,4,24,5.16,v2_lr,0
151046,2026-09-24,三国,4,5190,4.46,23.1,0.12,0.12,25,B1,0.18,5,58,10,3.9,0.1,0.268,10,6.86,0.1818,0.11,33.59,0.3946,4,4,24,8.49,v2_lr,0
151046,2026-09-24,三国,5,5090,5.41,34.6,0.3333,0.5,6,B1,0.11,4,65,11,2.9,0.4,0.218,10,6.77,1,0.08,32.03,0.315,4,4,24,23.88,v2_lr,0
151046,2026-09-24,三国,6,4197,4.07,17.4,0.05,0.1,20,B1,0.18,1,55,3,4.7,0,0.196,10,6.84,0.3636,-0.01,25.86,0,4,4,24,1.69,v2_lr,0
151047,2026-09-24,三国,1,4241,5.68,38.5,0.1,0.2,10,A2,0.17,48,80,65,3.2,0.2,0.15,10,6.96,0,0.07,31.78,0.8777,3,3,24,32.63,v2_lr,1
151047,2026-09-24,三国,2,4424,6.1,41.9,0.125,0.25,8,A2,0.17,10,86,37,4,0,0.139,10,6.82,0.9333,0.26,19.49,0.3313,3,3,24,30.09,v2_lr,0
151047,2026-09-24,三国,3,5345,2.85,5.1,0,0.0357,28,B1,0.2,1,31,2,4.8,0,0.193,10,6.88,0.5333,0.08,19.35,0.325,3,3,24,8.92,v2_lr,0
151047,2026-09-24,三国,4,4675,5.72,37,0.1875,0.3125,16,A2,0.15,9,56,15,3.4,0.2,0.106,10,6.85,0.7333,0.11,12.04,0,3,3,24,17.87,v2_lr,0
151047,2026-09-24,三国,5,4150,5.79,40.6,0.1364,0.3636,22,A2,0.15,5,65,14,3.7,0,0.135,10,6.81,1,0.29,33.07,0.9351,3,3,24,9.21,v2_lr,0
151047,2026-09-24,三国,6,5465,0,0,0,0,22,B2,,0,35,0,5.7,0,0.184,10,6.89,0.4667,0.04,34.53,1,3,3,24,1.27,v2_lr,0
151048,2026-09-24,三国,1,5167,5.26,34.4,0.2667,0.5333,15,B1,0.18,14,51,28,2.8,0.4,0.158,10,6.8,1,0.01,29.1,0.416,2,2,24,34.97,v2_lr,1
151048,2026-09-24,三国,2,5009,5.47,39.1,0.2059,0.3529,34,A2,0.14,12,66,25,3.4,0.2,0.118,10,6.83,0,0.11,25,0.1098,2,2,24,21.97,v2_lr,0
151048,2026-09-24,三国,3,5352,5.09,32.3,0.25,0.4167,12,B1,0.17,7,34,14,2.5,0.2,0.169,10,6.83,0,0.01,23.53,0,2,2,24,19.57,v2_lr,0
151048,2026-09-24,三国,4,3333,6.28,45.3,0.1875,0.4375,16,A1,0.15,11,85,26,2.6,0.4,0.147,10,6.83,0,0.05,35.61,0.9022,2,2,24,10.91,v2_lr,0
151048,2026-09-24,三国,5,5344,3.97,19,0.0976,0.1463,41,B1,0.14,4,84,9,3.1,0.3,0.135,10,6.8,1,-0.12,27.91,0.3271,2,2,24,5.75,v2_lr,0
151048,2026-09-24,三国,6,4004,5.25,31,0.2143,0.3571,14,B1,0.18,0,46,4,3.7,0.1,0.17,10,6.81,0.6667,-0.05,36.92,1,2,2,24,6.83,v2_lr,0
151049,2026-09-24,三国,1,4357,7.02,55.4,0.5,0.6071,28,A1,0.19,78,115,98,2.5,0.4,0.163,10,6.78,0.7368,-0.08,37.01,0.6712,4,4,24,37.39,v2_lr,0
151049,2026-09-24,三国,2,3965,6.41,49.5,0.25,0.35,20,A1,0.18,11,83,38,2.4,0.4,0.134,10,6.92,0,-0.04,29.93,0.1007,4,4,24,25.86,v2_lr,1
151049,2026-09-24,三国,3,4711,5.91,41.8,0.1705,0.4659,88,A2,0.17,9,62,26,2.2,0.1,0.114,10,6.83,0.4737,-0.01,28.68,0,4,4,24,15.94,v2_lr,0
151049,2026-09-24,三国,4,5143,4.33,24.7,0.0625,0.1875,16,B1,0.18,2,68,6,2.5,0.2,0.19,10,6.81,0.5789,0.05,34.4,0.4609,4,4,24,5.63,v2_lr,0
151049,2026-09-24,三国,5,5038,6.41,47.5,0.2105,0.4474,76,A2,0.18,3,72,11,3.2,0.1,0.167,10,6.73,1,0.12,41.09,1,4,4,24,11.2,v2_lr,0
151049,2026-09-24,三国,6,3837,6.16,41.5,0.2143,0.4286,28,A2,0.17,1,69,9,3.1,0.2,0.176,10,6.84,0.4211,0.24,30,0.1064,4,4,24,3.97,v2_lr,0
151050,2026-09-24,三国,1,4418,8.09,52.2,0.5294,0.8235,17,A1,0.12,99,118,104,2.6,0.5,0.105,10,6.74,1,0.06,35.51,1,5,5,25,31.92,v2_lr,0
151050,2026-09-24,三国,2,4295,7.01,53,0.2963,0.4074,27,A1,0.14,20,87,56,2.8,0.2,0.138,10,6.79,0.7222,0.06,31.62,0.3864,5,5,25,26.77,v2_lr,1
151050,2026-09-24,三国,3,4441,6.21,41.9,0.3333,0.6667,6,A2,0.12,14,77,28,2.5,0.4,0.093,10,6.77,0.8333,0.19,29.17,0,5,5,25,23.89,v2_lr,0
151050,2026-09-24,三国,4,4363,5.84,40.1,0.1818,0.4545,11,A2,0.16,10,80,20,3,0.1,0.116,10,6.77,0.8333,0.1,30.47,0.205,5,5,25,10.63,v2_lr,0
151050,2026-09-24,三国,5,4210,5.69,32.1,0.1825,0.373,126,A2,0.18,3,70,8,2.6,0.2,0.159,10,6.84,0.4444,0.16,29.37,0.0315,5,5,25,5.24,v2_lr,0
151050,2026-09-24,三国,6,3641,6.32,43.5,0.1,0.3,10,A1,0.17,1,62,10,2.9,0.2,0.171,10,6.92,0,0.09,34.38,0.8218,5,5,25,1.54,v2_lr,0
151051,2026-09-24,琵琶湖,1,4234,5.1,29.7,0,0.2258,31,B1,0.16,23,52,37,3.8,0.1,0.2,10,6.77,1,0.3,47.79,1,3,3,26,35.23,v2_lr,0
151051,2026-09-24,琵琶湖,2,3502,5.72,38.9,0.0588,0.2353,17,A2,0.14,10,77,31,3.2,0.3,0.145,10,6.78,0.8571,0.14,32.71,0.1248,3,3,26,28.97,v2_lr,0
151051,2026-09-24,琵琶湖,3,4880,5.42,36.8,0,0.5,6,B1,0.18,9,60,24,3.3,0.2,0.154,10,6.78,0.8571,0.11,37.14,0.3819,3,3,26,13.23,v2_lr,0
151051,2026-09-24,琵琶湖,4,5109,5.05,29.2,0,0.1667,6,B1,0.17,3,64,13,3.8,0,0.17,10,6.84,0,0.25,38.61,0.4672,3,3,26,4.48,v2_lr,0
151051,2026-09-24,琵琶湖,5,4890,5.87,37.7,0.0909,0.1818,22,A2,0.15,4,69,17,4.4,0,0.159,10,6.79,0.7143,0.24,30.56,0,3,3,26,6.56,v2_lr,1
151051,2026-09-24,琵琶湖,6,4614,6.36,44.8,0.2632,0.5789,38,A1,0.13,4,72,12,2.4,0.3,0.156,10,6.81,0.4286,0.18,36.36,0.3366,3,3,26,11.52,v2_lr,0
151052,2026-09-24,琵琶湖,1,4318,5.58,37.1,0.0769,0.2308,13,A2,0.16,38,82,53,3.7,0,0.141,10,6.84,0.3333,0.22,29.91,0.1864,1,1,27,22.39,v2_lr,1
151052,2026-09-24,琵琶湖,2,5071,4.83,25,0.15,0.45,20,B1,0.13,8,62,18,3.3,0.2,0.118,10,6.76,1,0.36,30.84,0.3297,1,1,27,24.8,v2_lr,0
151052,2026-09-24,琵琶湖,3,4760,7.42,52.5,0.4063,0.7188,32,A1,0.14,19,84,49,2.3,0.5,0.12,10,6.79,0.75,0.11,35.19,1,1,1,27,38.29,v2_lr,0
151052,2026-09-24,琵琶湖,4,4572,5.23,35.5,0.1333,0.3667,30,B1,0.18,3,65,19,4.6,0,0.162,10,6.88,0,0.24,30.09,0.2142,1,1,27,6.53,v2_lr,0
151052,2026-09-24,琵琶湖,5,4067,5.95,40.3,0.1818,0.4091,22,A2,0.15,12,77,29,2.9,0.1,0.137,10,6.85,0.25,0.13,30.48,0.2743,1,1,27,6.65,v2_lr,0
151052,2026-09-24,琵琶湖,6,3814,4.76,29.1,0.04,0.24,25,B1,0.2,0,54,2,4.1,0.1,0.198,10,6.8,0.6667,0.24,28.7,0,1,1,27,1.33,v2_lr,0
151053,2026-09-24,琵琶湖,1,4598,5.41,36.9,0,0,9,B1,0.16,49,78,65,2.7,0.2,0.105,10,6.82,1,-0.07,30.69,0.086,4,4,27,21.67,v2_lr,1
151053,2026-09-24,琵琶湖,2,4410,5.31,30.9,0.3333,0.3333,3,B1,0.16,8,77,29,3.1,0.4,0.143,10,6.86,0,-0.06,43.12,1,4,4,27,35.75,v2_lr,0
151053,2026-09-24,琵琶湖,3,5289,5.71,38.8,0.1905,0.2857,21,A2,0.17,6,73,23,3,0.1,0.143,10,6.86,0,0.08,33.02,0.2574,4,4,27,16.55,v2_lr,0
151053,2026-09-24,琵琶湖,4,5137,5.54,38.3,0.125,0.4375,16,A2,0.19,7,50,14,3.3,0.1,0.145,10,6.84,0.5,0.11,29.52,0,4,4,27,8.02,v2_lr,0
151053,2026-09-24,琵琶湖,5,5012,5.44,34.8,0.1667,0.375,24,B1,0.12,7,63,15,3.4,0.1,0.14,10,6.84,0.5,-0.05,31.78,0.1662,4,4,27,7.2,v2_lr,0
151053,2026-09-24,琵琶湖,6,4953,6.79,57.1,0.3,0.7,20,A1,0.16,6,74,20,1.9,0.5,0.138,10,6.83,0.75,0.06,37.62,0.5956,4,4,27,10.81,v2_lr,0
151054,2026-09-24,琵琶湖,1,4710,5.79,39.6,0.25,0.3333,12,A2,0.15,76,106,90,2.3,0.2,0.139,10,6.78,1,0.02,30.7,0,3,3,26,27.3,v2_lr,0
151054,2026-09-24,琵琶湖,2,3721,6.27,42.7,0.2973,0.5946,74,A1,0.14,11,71,43,2.6,0.4,0.126,10,6.99,0.2222,0.01,37.39,0.4457,3,3,26,24.62,v2_lr,1
151054,2026-09-24,琵琶湖,3,4232,5.43,35.5,0.6667,0.6667,3,B1,0.17,6,62,17,2.6,0.3,0.171,10,6.86,0.7037,-0.05,39.81,0.6069,3,3,26,30.58,v2_lr,0
151054,2026-09-24,琵琶湖,4,5047,4.62,25.3,0,0.3333,3,B1,0.13,4,61,14,3.2,0.2,0.187,10,6.95,0.3704,0.08,36.7,0.3997,3,3,26,2.61,v2_lr,0
151054,2026-09-24,琵琶湖,5,4842,6.07,43.4,0.3333,0.3333,3,A2,0.16,6,58,17,3.2,0.4,0.164,10,6.97,0.2963,0.18,45.71,1,3,3,26,12.95,v2_lr,0
151054,2026-09-24,琵琶湖,6,4258,4.67,29.4,0.1429,0.1905,21,B1,0.16,0,61,5,4.2,0.2,0.161,10,7.05,0,0.05,40.78,0.6716,3,3,26,1.94,v2_lr,0
151055,2026-09-24,琵琶湖,1,4796,6.51,52.6,0.3415,0.5366,41,A1,0.15,73,94,85,3.1,0.2,0.12,10,6.92,0.5714,0.03,34.34,0,4,4,25,30.29,v2_lr,1
151055,2026-09-24,琵琶湖,2,5109,5.05,29.2,0,0.1667,6,B1,0.17,8,78,26,3.8,0,0.17,10,6.9,0.8571,0.06,38.61,0.3194,4,4,25,10.61,v2_lr,0
151055,2026-09-24,琵琶湖,3,3497,5.32,36.5,0.2308,0.3846,13,B1,0.2,12,72,29,4.9,0.1,0.177,10,6.89,1,0.06,47.71,1,4,4,25,21.67,v2_lr,0
151055,2026-09-24,琵琶湖,4,4430,5.88,40.8,0.4091,0.5909,22,A2,0.16,10,82,22,2.1,0.4,0.136,10,6.91,0.7143,0.09,36.89,0.1907,4,4,25,24.36,v2_lr,0
151055,2026-09-24,琵琶湖,5,4013,6.84,40.7,0.2903,0.4516,31,A1,0.15,10,72,17,3.4,0.1,0.133,10,6.96,0,0.01,45.45,0.831,4,4,25,11.17,v2_lr,0
151055,2026-09-24,琵琶湖,6,5339,5.15,29.8,0.05,0.15,20,B1,0.21,6,101,15,3,0.3,0.159,10,6.9,0.8571,-0.01,46.09,0.8788,4,4,25,1.9,v2_lr,0
151056,2026-09-24,琵琶湖,1,5074,4.74,28.1,0.1818,0.2727,33,B1,0.2,24,54,36,4,0,0.164,10,6.85,0.9167,0.06,33.64,0.3342,2,2,25,35.38,v2_lr,0
151056,2026-09-24,琵琶湖,2,3942,6.77,47.7,0.0588,0.1176,17,A1,0.16,12,71,33,3.1,0.3,0.124,10,6.84,1,0.08,43.14,0.9424,2,2,25,22.15,v2_lr,1
151056,2026-09-24,琵琶湖,3,4600,6.81,52.6,0.2,0.4667,15,A1,0.13,13,64,27,3.3,0.1,0.14,10,6.84,1,0.13,44.04,1,2,2,25,26.23,v2_lr,0
151056,2026-09-24,琵琶湖,4,4840,4.74,32.3,0.1429,0.2143,14,B1,0.12,7,67,13,3.9,0.1,0.158,10,6.88,0.6667,0.04,39.05,0.6805,2,2,25,11.95,v2_lr,0
151056,2026-09-24,琵琶湖,5,4977,5.99,42.1,0.0952,0.3333,21,A2,0.15,7,66,19,3.6,0.2,0.146,10,6.96,0,0.05,34.55,0.3924,2,2,25,3.47,v2_lr,0
151056,2026-09-24,琵琶湖,6,4195,5.07,30.6,0,0.2273,22,B1,0.13,4,54,11,3.3,0.1,0.114,10,6.96,0,0.04,28.42,0,2,2,25,0.81,v2_lr,0
151057,2026-09-24,琵琶湖,1,3663,5.16,32.7,0.125,0.3333,24,B1,0.17,38,78,60,3,0,0.144,10,6.88,0.9286,0.01,37.14,0.5473,4,3,26,23.83,v2_lr,0
151057,2026-09-24,琵琶湖,2,5050,5.85,41.3,0.3049,0.4878,82,A2,0.17,14,61,22,2.3,0.4,0.173,10,6.92,0.6429,0.06,42.45,0.9493,4,3,26,27.34,v2_lr,0
151057,2026-09-24,琵琶湖,3,4318,5.58,37.1,0.0769,0.2308,13,A2,0.16,11,72,28,3.7,0,0.141,10,6.93,0.5714,0.03,29.91,0,4,3,26,8.53,v2_lr,0
151057,2026-09-24,琵琶湖,4,4410,5.31,30.9,0.3333,0.3333,3,B1,0.16,8,71,17,3.1,0.4,0.143,10,7.01,0,0.09,43.12,1,4,3,26,17.99,v2_lr,1
151057,2026-09-24,琵琶湖,5,4739,6.68,50.8,0.4,0.55,20,A1,0.15,8,67,16,3.1,0.2,0.133,10,6.87,1,-0.08,36,0.461,4,3,26,21.54,v2_lr,0
151057,2026-09-24,琵琶湖,6,4880,5.42,36.8,0,0.5,6,B1,0.18,0,58,5,3.3,0.2,0.154,10,6.97,0.2857,0.04,37.14,0.5473,4,3,26,0.76,v2_lr,0
151058,2026-09-24,琵琶湖,1,5122,4.86,33.7,0,0,4,B1,0.16,12,34,21,3.3,0.2,0.173,10,6.82,0.7895,0.21,33.64,0.2033,3,3,26,17.53,v2_lr,0
151058,2026-09-24,琵琶湖,2,4614,6.36,44.8,0.2632,0.5789,38,A1,0.13,18,66,42,2.4,0.3,0.156,10,6.78,1,0.04,36.36,0.3828,3,3,26,34.16,v2_lr,1
151058,2026-09-24,琵琶湖,3,4842,6.07,43.4,0.3333,0.3333,3,A2,0.16,8,67,29,3.2,0.4,0.164,10,6.93,0.2105,0.18,45.71,1,3,3,26,30.07,v2_lr,0
151058,2026-09-24,琵琶湖,4,3731,4.99,29,0.0714,0.1429,28,B1,0.22,5,61,11,4.2,0,0.146,10,6.93,0.2105,0.02,30.91,0.0231,3,3,26,5.25,v2_lr,0
151058,2026-09-24,琵琶湖,5,4489,5.35,33.3,0.1538,0.1923,26,B1,0.14,3,68,9,3.9,0,0.136,10,6.87,0.5263,-0.01,30.56,0,3,3,26,6.29,v2_lr,0
151058,2026-09-24,琵琶湖,6,4448,6.64,48.7,0.2778,0.5139,72,A1,0.16,7,58,16,3.9,0.1,0.129,10,6.97,0,0.13,42.16,0.7657,3,3,26,6.71,v2_lr,0
151059,2026-09-24,琵琶湖,1,4890,5.87,37.7,0.0909,0.1818,22,A2,0.15,36,65,45,4.4,0,0.159,10,6.84,0.8,0.01,30.56,0.0572,3,3,26,17.65,v2_lr,0
151059,2026-09-24,琵琶湖,2,4759,6.78,44.4,0.5333,0.7333,15,A1,0.17,13,72,37,1.8,0.5,0.123,10,6.82,1,0.05,32.41,0.1589,3,3,26,26.49,v2_lr,1
151059,2026-09-24,琵琶湖,3,5137,5.54,38.3,0.125,0.4375,16,A2,0.19,7,65,23,3.3,0.1,0.145,10,6.85,0.7,0.12,29.52,0,3,3,26,9.19,v2_lr,0
151059,2026-09-24,琵琶湖,4,4824,6.18,44.2,0.381,0.5714,21,A2,0.13,10,76,25,2.8,0.4,0.126,10,6.85,0.7,0.18,32.73,0.1765,3,3,26,18.31,v2_lr,0
151059,2026-09-24,琵琶湖,5,3497,5.32,36.5,0.2308,0.3846,13,B1,0.2,2,61,8,4.9,0.1,0.177,10,6.92,0,0.11,47.71,1,3,3,26,5.72,v2_lr,0
151059,2026-09-24,琵琶湖,6,4232,5.43,35.5,0.6667,0.6667,3,B1,0.17,1,46,4,2.6,0.3,0.171,10,6.89,0.3,0.08,39.81,0.5657,3,3,26,22.65,v2_lr,0
151060,2026-09-24,琵琶湖,1,4600,6.81,52.6,0.2,0.4667,15,A1,0.13,66,87,76,3.3,0.1,0.14,10,6.84,1,0.16,44.04,1,2,2,26,29.88,v2_lr,1
151060,2026-09-24,琵琶湖,2,4572,5.23,35.5,0.1333,0.3667,30,B1,0.18,6,65,23,4.6,0,0.162,10,6.95,0.5,0.07,30.09,0,2,2,26,17.53,v2_lr,0
151060,2026-09-24,琵琶湖,3,4430,5.88,40.8,0.4091,0.5909,22,A2,0.16,19,89,36,2.1,0.4,0.136,10,6.94,0.5455,0.04,36.89,0.4875,2,2,26,30.04,v2_lr,0
151060,2026-09-24,琵琶湖,4,3721,6.27,42.7,0.2973,0.5946,74,A1,0.14,10,70,28,2.6,0.4,0.126,10,7.06,0,0.05,37.39,0.5233,2,2,26,16.39,v2_lr,0
151060,2026-09-24,琵琶湖,5,4114,5.07,27.5,0.0303,0.1212,33,B1,0.22,1,63,8,4.6,0,0.216,10,6.95,0.5,0.13,30.48,0.028,2,2,26,2,v2_lr,0
151060,2026-09-24,琵琶湖,6,5289,5.71,38.8,0.1905,0.2857,21,A2,0.17,1,64,6,3,0.1,0.143,10,6.9,0.7273,0.1,33.02,0.21,2,2,26,4.15,v2_lr,0
151061,2026-09-24,琵琶湖,1,4739,6.68,50.8,0.4,0.55,20,A1,0.15,67,94,81,3.1,0.2,0.133,10,6.82,1,-0.03,36,1,3,3,26,39.02,v2_lr,1
151061,2026-09-24,琵琶湖,2,4977,5.99,42.1,0.0952,0.3333,21,A2,0.15,11,73,32,3.6,0.2,0.146,10,6.83,0.9167,0.03,34.55,0.719,3,3,26,21.7,v2_lr,0
151061,2026-09-24,琵琶湖,3,5012,5.44,34.8,0.1667,0.375,24,B1,0.12,11,74,27,3.4,0.1,0.14,10,6.94,0,0.08,31.78,0.1822,3,3,26,13.71,v2_lr,0
151061,2026-09-24,琵琶湖,4,3502,5.72,38.9,0.0588,0.2353,17,A2,0.14,5,71,24,3.2,0.3,0.145,10,6.85,0.75,0.13,32.71,0.3624,3,3,26,6.07,v2_lr,0
151061,2026-09-24,琵琶湖,5,4796,6.51,52.6,0.3415,0.5366,41,A1,0.15,4,67,15,3.1,0.2,0.12,10,6.92,0.1667,0.11,34.34,0.6783,3,3,26,15.94,v2_lr,0
151061,2026-09-24,琵琶湖,6,5071,4.83,25,0.15,0.45,20,B1,0.13,1,47,4,3.3,0.2,0.118,10,6.84,0.8333,0.08,30.84,0,3,3,26,3.56,v2_lr,0
151062,2026-09-24,琵琶湖,1,4013,6.84,40.7,0.2903,0.4516,31,A1,0.15,82,102,89,3.4,0.1,0.133,10,7,0,0.07,45.45,1,3,3,26,30.91,v2_lr,1
151062,2026-09-24,琵琶湖,2,4953,6.79,57.1,0.3,0.7,20,A1,0.16,22,82,42,1.9,0.5,0.138,10,6.87,1,-0.03,37.62,0.5402,3,3,26,30.23,v2_lr,0
151062,2026-09-24,琵琶湖,3,4195,5.07,30.6,0,0.2273,22,B1,0.13,6,59,20,3.3,0.1,0.114,10,6.94,0.4615,0.01,28.42,0,3,3,26,5.45,v2_lr,0
151062,2026-09-24,琵琶湖,4,3663,5.16,32.7,0.125,0.3333,24,B1,0.17,3,76,18,3,0,0.144,10,6.99,0.0769,0.18,37.14,0.512,3,3,26,5.8,v2_lr,0
151062,2026-09-24,琵琶湖,5,4710,5.79,39.6,0.25,0.3333,12,A2,0.15,2,76,19,2.3,0.2,0.139,10,6.9,0.7692,-0.08,30.7,0.1339,3,3,26,11.5,v2_lr,0
151062,2026-09-24,琵琶湖,6,4760,7.42,52.5,0.4063,0.7188,32,A1,0.14,7,78,22,2.3,0.5,0.12,10,6.92,0.6154,-0.02,35.19,0.3975,3,3,26,16.11,v2_lr,0
151063,2026-09-24,尼崎,1,4714,4.9,23.9,0.0909,0.5455,11,B1,0.16,21,49,29,3.5,0,0.131,10,6.83,0.2308,0.23,27.03,0.1282,3,0,28,33.45,v2_lr,0
151063,2026-09-24,尼崎,2,4034,3.56,15.5,0,0.1429,14,B1,0.22,3,75,11,4.6,0,0.17,10,6.84,0.1538,0.19,31.03,0.4115,3,0,28,13.33,v2_lr,0
151063,2026-09-24,尼崎,3,4958,6.4,43.4,0.15,0.35,20,A1,0.14,8,76,29,1.9,0.5,0.104,10,6.73,1,0.11,35,0.6926,3,0,28,31.45,v2_lr,1
151063,2026-09-24,尼崎,4,5421,1.38,2,0,0.0278,36,B2,,0,18,1,5.6,0,0.196,10,6.86,0,0.17,25.22,0,3,0,28,3.12,v2_lr,0
151063,2026-09-24,尼崎,5,5243,4.86,27.3,0.25,0.375,16,B1,0.17,7,67,17,3.4,0.2,0.132,10,6.84,0.1538,0.22,39.34,1,3,0,28,15.17,v2_lr,0
151063,2026-09-24,尼崎,6,4969,4.65,21.5,0.1053,0.3158,19,B1,0.16,0,47,4,3.6,0.1,0.161,10,6.78,0.6154,0.19,29.03,0.2698,3,0,28,3.47,v2_lr,0
151064,2026-09-24,尼崎,1,4404,3.94,17.3,0.1071,0.1964,56,B1,0.18,13,48,19,4.2,0,0.201,10,6.76,1,0.01,40.16,0.4175,5,3,28.3,30.21,v2_lr,1
151064,2026-09-24,尼崎,2,4852,7.18,53.2,0.6,0.7,10,A1,0.14,17,79,35,2.8,0.1,0.115,10,6.77,0.75,0.07,32.52,0,5,3,28.3,42.94,v2_lr,0
151064,2026-09-24,尼崎,3,4465,4.69,26.7,0.1667,0.3333,6,B1,0.18,2,54,7,3.9,0.1,0.188,10,6.78,0.5,0.23,50.82,1,5,3,28.3,17.59,v2_lr,0
151064,2026-09-24,尼崎,4,5249,5.11,31.1,0,0,2,B1,0.13,3,71,16,4.1,0,0.169,10,6.79,0.25,0.19,40.98,0.4623,5,3,28.3,3.04,v2_lr,0
151064,2026-09-24,尼崎,5,5216,6.4,45.9,0.15,0.4,20,A1,0.19,11,76,26,2.6,0.4,0.137,10,6.8,0,0.07,47.01,0.7918,5,3,28.3,5.06,v2_lr,0
151064,2026-09-24,尼崎,6,5413,1.91,4.3,0,0,8,B2,,0,124,0,4.7,0,0.165,10,6.76,1,0.18,42.15,0.5262,5,3,28.3,1.16,v2_lr,0
151065,2026-09-24,尼崎,1,5353,2.81,8.6,0,0.0303,33,B1,0.11,2,5,3,4.2,0.1,0.18,10,6.83,0.5,0.19,29.51,0.5374,4,0,28.6,21.83,v2_lr,0
151065,2026-09-24,尼崎,2,4175,6.16,46,0.0588,0.2941,17,A2,0.17,2,55,21,2.6,0.2,0.116,10,6.8,0.7143,-0.03,37.07,0.8932,4,0,28.6,25.57,v2_lr,1
151065,2026-09-24,尼崎,3,5144,5.43,40.3,0,0.1818,11,B1,0.19,6,66,23,3.6,0,0.105,10,6.78,0.8571,0.09,18.09,0,4,0,28.6,9.56,v2_lr,0
151065,2026-09-24,尼崎,4,4703,6.35,48.7,0.2273,0.3636,22,A1,0.16,8,66,28,3.4,0.1,0.135,10,6.76,1,0.03,39.34,1,4,0,28.6,27.91,v2_lr,0
151065,2026-09-24,尼崎,5,4879,4.97,35.5,0.1429,0.4286,7,B1,0.23,5,63,11,3.8,0.1,0.143,10,6.9,0,0.19,27.1,0.424,4,0,28.6,5.12,v2_lr,0
151065,2026-09-24,尼崎,6,3966,6.31,41.4,0.25,0.4583,24,A1,0.17,2,79,11,3.3,0.2,0.171,10,6.79,0.7857,0.13,23.01,0.2315,4,0,28.6,10.01,v2_lr,0
151066,2026-09-24,尼崎,1,4846,3.99,20.2,0,0.125,16,B1,0.14,17,47,24,5.1,0,0.195,10,6.78,0.4,0.11,41.67,1,5,3,28.6,24.9,v2_lr,1
151066,2026-09-24,尼崎,2,3841,5.92,41.1,0.2222,0.3889,18,A2,0.16,16,97,53,3.3,0.2,0.175,10,6.78,0.4,0.16,24.11,0,5,3,28.6,38.17,v2_lr,0
151066,2026-09-24,尼崎,3,5357,1.57,1.4,0,0,8,B2,0.35,0,18,0,5.3,0,0.24,10,6.77,0.6,0.11,35.77,0.664,5,3,28.6,8.8,v2_lr,0
151066,2026-09-24,尼崎,4,4262,7.19,45.8,0.1333,0.4,15,A1,0.15,13,76,31,3.4,0.4,0.126,10,6.75,1,0.03,28.97,0.2768,5,3,28.6,17.45,v2_lr,0
151066,2026-09-24,尼崎,5,5386,2.58,6.4,0.0139,0.0278,72,B1,0.19,1,76,3,5,0,0.124,10,6.78,0.4,0.06,38.14,0.799,5,3,28.6,2.97,v2_lr,0
151066,2026-09-24,尼崎,6,5055,5.96,42.4,0.25,0.4375,16,A2,0.16,2,73,6,3.5,0.2,0.123,10,6.8,0,-0.04,30.58,0.3685,5,3,28.6,7.7,v2_lr,0
151067,2026-09-24,尼崎,1,4589,4.88,27.6,0.1111,0.3333,9,B1,0.19,34,56,45,2.5,0.1,0.138,10,6.72,1,0.21,43.97,1,4,0,28.7,42.14,v2_lr,0
151067,2026-09-24,尼崎,2,4874,4.57,21.2,,,0,B1,0.15,6,59,13,3.5,0.2,0.183,10,6.84,0,0.17,38.84,0.6972,4,0,28.7,29.4,v2_lr,0
151067,2026-09-24,尼崎,3,4941,4.97,26.6,0,0.2143,28,B1,0.19,9,60,18,3.2,0.2,0.225,10,6.73,0.9167,0.09,28.97,0.1145,4,0,28.7,10.98,v2_lr,0
151067,2026-09-24,尼崎,4,5198,4.84,29.3,0.0526,0.1579,19,B1,0.21,7,61,14,3.4,0,0.171,10,6.72,1,0.18,28.33,0.0767,4,0,28.7,8.51,v2_lr,1
151067,2026-09-24,尼崎,5,4714,4.9,23.9,0.0909,0.5455,11,B1,0.16,2,54,7,3.5,0,0.131,10,6.81,0.25,0.17,27.03,0,4,0,28.7,4.12,v2_lr,0
151067,2026-09-24,尼崎,6,5397,1.35,0,,,0,B2,,0,121,0,5.4,0,0.13,10,6.75,0.75,0.11,36.07,0.5336,4,0,28.7,4.85,v2_lr,0
151068,2026-09-24,尼崎,1,3612,6.38,50.3,0.2078,0.4545,77,A1,0.17,79,134,113,2.7,0.2,0.112,10,6.75,0.7273,0.04,43.33,1,4,0,29.2,44.7,v2_lr,1
151068,2026-09-24,尼崎,2,4343,4.78,23.6,0.0588,0.1176,17,B1,0.18,3,70,14,4.1,0,0.174,10,6.78,0.4545,0.07,31.03,0.2298,4,0,29.2,18.66,v2_lr,0
151068,2026-09-24,尼崎,3,3947,4.35,15.5,0.1111,0.3333,9,B1,0.21,4,70,14,3.4,0.2,0.14,10,6.72,1,0.14,27.36,0,4,0,29.2,18.14,v2_lr,0
151068,2026-09-24,尼崎,4,3717,5.55,30.5,0.2222,0.4444,9,A2,0.2,6,51,15,3.6,0.3,0.131,10,6.81,0.1818,0.26,32.23,0.3049,4,0,29.2,14.94,v2_lr,0
151068,2026-09-24,尼崎,5,5413,1.91,4.3,0,0,8,B2,,1,58,4,4.7,0,0.165,10,6.73,0.9091,0.16,42.15,0.9261,4,0,29.2,2.82,v2_lr,0
151068,2026-09-24,尼崎,6,4034,3.56,15.5,0,0.1429,14,B1,0.22,1,50,2,4.6,0,0.17,10,6.83,0,0.25,31.03,0.2298,4,0,29.2,0.75,v2_lr,0
151069,2026-09-24,尼崎,1,4879,4.97,35.5,0.1429,0.4286,7,B1,0.23,17,53,32,3.8,0.1,0.143,10,6.84,0,0.16,27.1,0.2032,4,0,29.2,24.3,v2_lr,1
151069,2026-09-24,尼崎,2,4682,7.02,45,0.2667,0.6,15,A1,0.14,14,73,43,3.8,0.1,0.135,10,6.77,1,0.17,21.05,0,4,0,29.2,33.75,v2_lr,0
151069,2026-09-24,尼崎,3,4155,6.14,45.9,0.1786,0.4286,28,A2,0.17,16,76,35,3.4,0.2,0.136,10,6.81,0.4286,0.14,25,0.1327,4,0,29.2,16.43,v2_lr,0
151069,2026-09-24,尼崎,4,3578,3.8,19,0.125,0.25,8,B1,0.2,3,53,6,4.7,0,0.161,10,6.83,0.1429,0.19,41.03,0.6711,4,0,29.2,6.64,v2_lr,0
151069,2026-09-24,尼崎,5,4465,4.69,26.7,0.1667,0.3333,6,B1,0.18,0,58,7,3.9,0.1,0.188,10,6.78,0.8571,0.16,50.82,1,4,0,29.2,8.06,v2_lr,0
151069,2026-09-24,尼崎,6,4761,5.66,36.9,0.2963,0.4815,27,A2,0.14,2,75,6,3.9,0.1,0.117,10,6.77,1,0.01,22.41,0.0457,4,0,29.2,10.82,v2_lr,0
151070,2026-09-24,尼崎,1,5084,7.07,43.4,0.3846,0.6154,13,A1,0.14,86,104,93,2.4,0.2,0.127,10,6.76,0.7,-0.04,38.21,0.8486,3,0,29.1,47.3,v2_lr,1
151070,2026-09-24,尼崎,2,4969,4.65,21.5,0.1053,0.3158,19,B1,0.16,5,64,24,3.6,0.1,0.161,10,6.73,1,-0.01,29.03,0.4614,3,0,29.1,26.6,v2_lr,0
151070,2026-09-24,尼崎,3,5249,5.11,31.1,0,0,2,B1,0.13,10,70,21,4.1,0,0.169,10,6.81,0.2,0.02,40.98,0.9654,3,0,29.1,7.47,v2_lr,0
151070,2026-09-24,尼崎,4,4369,5.92,39.8,0.1429,0.3333,21,A2,0.18,13,83,34,3.4,0.2,0.124,10,6.83,0,-0.07,37.07,0.8005,3,0,29.1,10.3,v2_lr,0
151070,2026-09-24,尼崎,5,5144,5.43,40.3,0,0.1818,11,B1,0.19,2,63,11,3.6,0,0.105,10,6.78,0.5,-0.03,18.09,0,3,0,29.1,2.1,v2_lr,0
151070,2026-09-24,尼崎,6,4111,5.51,37,0.2,0.3,10,A2,0.17,2,59,3,3.6,0.1,0.193,10,6.79,0.4,-0.07,41.8,1,3,0,29.1,6.23,v2_lr,0
151071,2026-09-24,尼崎,1,3769,5.6,35.1,0,0.2,10,A2,0.15,27,62,39,3.7,0,0.149,10,6.83,0,0.23,34.23,0.5082,3,0,29.6,17.17,v2_lr,1
151071,2026-09-24,尼崎,2,4505,6.35,45.8,,,0,A1,0.17,10,65,34,3.1,0.2,0.151,10,6.8,0.75,0.35,30,0.1011,3,0,29.6,28.3,v2_lr,0
151071,2026-09-24,尼崎,3,5243,4.86,27.3,0.25,0.375,16,B1,0.17,12,80,31,3.4,0.2,0.132,10,6.79,1,0.19,39.34,1,3,0,29.6,35.34,v2_lr,0
151071,2026-09-24,尼崎,4,4156,5.7,37.8,0.1429,0.1429,7,A2,0.18,9,68,19,1.8,0.4,0.144,10,6.83,0,0.12,37.93,0.8643,3,0,29.6,10.41,v2_lr,0
151071,2026-09-24,尼崎,5,5397,1.35,0,,,0,B2,,0,65,0,5.4,0,0.13,10,6.81,0.5,0.16,36.07,0.6853,3,0,29.6,6.69,v2_lr,0
151071,2026-09-24,尼崎,6,5210,5.47,37.9,0.1,0.4,10,A2,0.17,0,60,2,3.6,0.2,0.13,10,6.81,0.5,0.29,28.95,0,3,0,29.6,2.09,v2_lr,0
151072,2026-09-24,尼崎,1,4856,6.85,47.5,0,0.375,8,A1,0.13,85,116,100,2.3,0.4,0.139,10,6.68,1,0,37.19,1,5,3,29.5,29.89,v2_lr,1
151072,2026-09-24,尼崎,2,5055,5.96,42.4,0.25,0.4375,16,A2,0.16,15,74,36,3.5,0.2,0.123,10,6.78,0.2857,0.07,30.58,0.2908,5,3,29.5,38.03,v2_lr,0
151072,2026-09-24,尼崎,3,5104,5.59,37.5,,,0,A2,0.11,16,61,29,2.2,0.2,0.147,10,6.73,0.6429,-0.02,27.87,0,5,3,29.5,22.47,v2_lr,0
151072,2026-09-24,尼崎,4,4343,4.78,23.6,0.0588,0.1176,17,B1,0.18,1,64,5,4.1,0,0.174,10,6.79,0.2143,0.19,31.03,0.3391,5,3,29.5,5.68,v2_lr,0
151072,2026-09-24,尼崎,5,4175,6.16,46,0.0588,0.2941,17,A2,0.17,2,55,13,2.6,0.2,0.116,10,6.82,0,0.25,37.07,0.9871,5,3,29.5,2.92,v2_lr,0
151073,2026-09-24,尼崎,1,5216,6.4,45.9,0.15,0.4,20,A1,0.19,56,99,66,2.6,0.4,0.137,10,6.78,0.8889,0.15,47.01,1,4,0,29.1,30.32,v2_lr,1
151073,2026-09-24,尼崎,2,3717,5.55,30.5,0.2222,0.4444,9,A2,0.2,8,57,21,3.6,0.3,0.131,10,6.82,0.4444,0.18,32.23,0.3546,4,0,29.1,26.18,v2_lr,0
151073,2026-09-24,尼崎,3,4703,6.35,48.7,0.2273,0.3636,22,A1,0.16,15,77,36,3.4,0.1,0.135,10,6.79,0.7778,0.21,39.34,0.6651,4,0,29.1,22.28,v2_lr,0
151073,2026-09-24,尼崎,4,4589,4.88,27.6,0.1111,0.3333,9,B1,0.19,4,60,19,2.5,0.1,0.138,10,6.77,1,0.06,43.97,0.8672,4,0,29.1,10.35,v2_lr,0
151073,2026-09-24,尼崎,5,3841,5.92,41.1,0.2222,0.3889,18,A2,0.16,2,69,14,3.3,0.2,0.175,10,6.86,0,0.06,24.11,0,4,0,29.1,6.62,v2_lr,0
151073,2026-09-24,尼崎,6,4958,6.4,43.4,0.15,0.35,20,A1,0.14,3,80,9,1.9,0.5,0.104,10,6.77,1,0.08,35,0.4755,4,0,29.1,4.25,v2_lr,0
151074,2026-09-24,尼崎,1,4262,7.19,45.8,0.1333,0.4,15,A1,0.15,89,115,98,3.4,0.4,0.126,10,6.75,0.7778,0.09,28.97,0.3555,3,0,29.1,19.42,v2_lr,1
151074,2026-09-24,尼崎,2,3966,6.31,41.4,0.25,0.4583,24,A1,0.17,22,93,46,3.3,0.2,0.171,10,6.75,0.7778,0.04,23.01,0.088,3,0,29.1,20.42,v2_lr,0
151074,2026-09-24,尼崎,3,3612,6.38,50.3,0.2078,0.4545,77,A1,0.17,13,84,40,2.7,0.2,0.112,10,6.73,1,0.22,43.33,1,3,0,29.1,15.12,v2_lr,0
151074,2026-09-24,尼崎,4,5084,7.07,43.4,0.3846,0.6154,13,A1,0.14,14,66,30,2.4,0.2,0.127,10,6.82,0,0.07,38.21,0.7702,3,0,29.1,17.39,v2_lr,0
151074,2026-09-24,尼崎,5,4682,7.02,45,0.2667,0.6,15,A1,0.14,8,72,20,3.8,0.1,0.135,10,6.77,0.5556,0.03,21.05,0,3,0,29.1,7.94,v2_lr,0
151074,2026-09-24,尼崎,6,4852,7.18,53.2,0.6,0.7,10,A1,0.14,6,75,19,2.8,0.1,0.115,10,6.8,0.2222,0.09,32.52,0.5148,3,0,29.1,19.71,v2_lr,0
151075,2026-09-24,徳山,1,4159,5.85,40.4,0.125,0.375,16,A2,0.18,62,104,89,3.1,0,0.11,10,6.85,1,0.16,39.56,1,1,1,26,36.19,v2_lr,1
151075,2026-09-24,徳山,2,3637,4.35,26.3,0.0741,0.1111,27,B1,0.21,5,66,15,4.4,0,0.165,10,6.91,0.5714,0.01,30.56,0.5205,1,1,26,20.88,v2_lr,0
151075,2026-09-24,徳山,3,3577,4.43,21.6,0,0.0769,13,B1,0.17,4,53,14,3.7,0.1,0.13,10,6.92,0.5,-0.01,24.27,0.1854,1,1,26,8.15,v2_lr,0
151075,2026-09-24,徳山,4,3808,3.8,16.6,0.1053,0.3158,19,B1,0.16,2,61,8,4.9,0,0.246,10,6.99,0,0.11,38.2,0.9275,1,1,26,7.52,v2_lr,0
151075,2026-09-24,徳山,5,5338,3.74,17.2,0.3333,0.3333,6,B1,0.11,1,100,5,2.6,0.4,0.127,10,6.89,0.7143,-0.12,36.61,0.8428,1,1,26,25.03,v2_lr,0
151075,2026-09-24,徳山,6,4981,5.02,25.2,0.1111,0.3333,27,B1,0.16,0,60,9,3.7,0.2,0.198,10,6.98,0.0714,0.04,20.79,0,1,1,26,2.24,v2_lr,0
151076,2026-09-24,徳山,1,4163,5.68,40.6,0.0435,0.2174,23,A2,0.15,66,95,81,2.7,0.2,0.139,10,6.77,1,0.13,28.93,0.4431,1,1,24,21.19,v2_lr,1
151076,2026-09-24,徳山,2,4090,5.45,38.5,0.2667,0.3333,15,B2,0.15,6,61,29,3.9,0.1,0.157,10,6.87,0.3333,0.12,20.59,0.0621,1,1,24,26.5,v2_lr,0
151076,2026-09-24,徳山,3,4136,6.66,46.8,0.3333,0.6667,6,A1,0.17,14,60,28,2.7,0.2,0.166,10,6.89,0.2,0.12,19.23,0,1,1,24,25.02,v2_lr,0
151076,2026-09-24,徳山,4,4732,6.22,40,0.3333,0.5833,12,A2,0.11,13,80,31,2.9,0.2,0.123,10,6.92,0,0.14,41.12,1,1,1,24,20.21,v2_lr,0
151076,2026-09-24,徳山,5,4173,5.06,36.2,0.15,0.3,40,B1,0.16,2,74,10,2.5,0.4,0.165,10,6.91,0.0667,-0.01,24.73,0.2513,1,1,24,4.28,v2_lr,0
151076,2026-09-24,徳山,6,5027,4.9,31,0.1549,0.3803,71,B1,0.2,0,66,5,2.8,0.3,0.148,10,6.87,0.3333,0.06,28.87,0.4404,1,1,24,2.8,v2_lr,0
151077,2026-09-24,徳山,1,3473,6.29,48.8,0.3514,0.5676,37,A1,0.15,60,117,80,2.4,0.3,0.15,10,6.9,0.5,0.37,39.58,0.8099,2,2,26,48,v2_lr,1
151077,2026-09-24,徳山,2,3519,4.51,18.6,0.08,0.28,25,B1,0.18,4,68,18,3.2,0.1,0.124,10,6.94,0,0.22,38.1,0.7413,2,2,26,18.01,v2_lr,0
151077,2026-09-24,徳山,3,4663,5.64,36.3,0,0,4,B2,0.14,6,29,11,3.3,0.2,0.154,10,6.91,0.375,0.1,30.97,0.4108,2,2,26,8.18,v2_lr,0
151077,2026-09-24,徳山,4,5206,4.05,24,0.0625,0.1875,32,B1,0.15,8,61,17,4.1,0,0.162,10,6.86,1,0.04,29.47,0.3412,2,2,26,9.22,v2_lr,0
151077,2026-09-24,徳山,5,4839,5.53,38,0.2273,0.3636,22,A2,0.13,3,62,17,3.9,0,0.157,10,6.94,0,0.05,43.68,1,2,2,26,11.31,v2_lr,0
151077,2026-09-24,徳山,6,4375,5.93,46,0.2,0.4667,15,A2,0.16,2,71,8,3.2,0.2,0.134,10,6.91,0.375,0.02,22.11,0,2,2,26,5.27,v2_lr,0
151078,2026-09-24,徳山,1,4079,5.6,35.7,0.1429,0.4286,14,A2,0.19,64,98,83,4.2,0.1,0.13,10,6.83,1,0.15,29.11,0.463,2,2,26,41.83,v2_lr,1
151078,2026-09-24,徳山,2,4677,6.58,45.8,0,0,4,A1,0.17,17,66,35,3.6,0,0.134,10,6.88,0.6154,-0.05,25.58,0.2587,2,2,26,17.84,v2_lr,0
151078,2026-09-24,徳山,3,5124,4.16,16.2,0.0714,0.1429,14,B1,0.18,5,57,14,4.7,0,0.152,10,6.96,0,0.06,21.11,0,2,2,26,10.81,v2_lr,0
151078,2026-09-24,徳山,4,4158,5,30.3,0.1791,0.3582,67,B1,0.19,11,70,20,2.8,0.2,0.15,10,6.89,0.5385,0.03,38.39,1,2,2,26,18.85,v2_lr,0
151078,2026-09-24,徳山,5,3772,5.19,26.2,0.0714,0.2143,14,B1,0.16,2,61,7,3.6,0.1,0.158,10,6.92,0.3077,0.13,37.07,0.9236,2,2,26,4.74,v2_lr,0
151078,2026-09-24,徳山,6,3804,4.96,29.8,0.1724,0.2759,29,B1,0.17,0,49,2,3.2,0.3,0.135,10,6.89,0.5385,-0.01,30,0.5145,2,2,26,5.93,v2_lr,0
151079,2026-09-24,徳山,1,4943,4.07,17.8,0,0.0714,14,B1,0.17,20,45,25,3.8,0.1,0.132,10,6.87,0.7778,0.13,38,0.3491,2,2,26,20.06,v2_lr,1
151079,2026-09-24,徳山,2,4679,5.53,38,0.16,0.44,25,A2,0.14,15,75,38,3.4,0.2,0.161,10,6.83,1,0.02,35.71,0,2,2,26,28.13,v2_lr,0
151079,2026-09-24,徳山,3,4594,5.41,32.9,0.1111,0.3333,9,B1,0.17,4,73,29,3.2,0.1,0.131,10,6.93,0.4444,0.04,40.63,0.75,2,2,26,15.25,v2_lr,0
151079,2026-09-24,徳山,4,4702,6.36,51.6,0.3333,0.4444,18,A1,0.15,13,66,29,2.5,0.4,0.104,10,6.92,0.5,0.02,42.27,1,2,2,26,28.1,v2_lr,0
151079,2026-09-24,徳山,5,3808,3.8,16.6,0.1053,0.3158,19,B1,0.16,2,59,6,4.9,0,0.246,10,7.01,0,0.02,38.2,0.3796,2,2,26,3.65,v2_lr,0
151079,2026-09-24,徳山,6,4811,4.53,24.1,0.1579,0.2632,19,B1,0.16,1,59,4,3.7,0.2,0.133,10,6.88,0.7222,-0.05,38.95,0.4939,2,2,26,4.81,v2_lr,0
151080,2026-09-24,徳山,1,5290,3.77,17.1,0,0.0833,12,B1,0.15,6,35,7,3.4,0.1,0.138,10,6.9,1,0.07,37.38,0.7811,3,3,27,20.7,v2_lr,0
151080,2026-09-24,徳山,2,4388,5.94,38.6,0.129,0.2903,31,A2,0.17,15,83,36,3.2,0.3,0.164,10,6.95,0.1667,0.16,35.59,0.6914,3,3,27,19.03,v2_lr,1
151080,2026-09-24,徳山,3,4757,7.05,49.2,0.2308,0.3846,13,A1,0.16,10,77,30,2.8,0.4,0.091,10,6.96,0,0.02,30.17,0.4198,3,3,27,20.45,v2_lr,0
151080,2026-09-24,徳山,4,4816,5.62,38.7,0.4,0.5333,15,A2,0.12,9,62,22,3,0.3,0.146,10,6.91,0.8333,-0.01,21.79,0,3,3,27,29.89,v2_lr,0
151080,2026-09-24,徳山,5,4323,4.98,32.9,0.1765,0.2647,34,B1,0.18,4,65,12,2.5,0.3,0.112,10,6.93,0.5,-0.06,41.75,1,3,3,27,8.49,v2_lr,0
151080,2026-09-24,徳山,6,3637,4.35,26.3,0.0741,0.1111,27,B1,0.21,0,44,2,4.4,0,0.165,10,6.96,0,0.01,30.56,0.4394,3,3,27,1.43,v2_lr,0
151081,2026-09-24,徳山,1,4090,5.45,38.5,0.2667,0.3333,15,B2,0.15,59,80,72,3.9,0.1,0.157,10,6.94,0.3,0.03,20.59,0,3,3,27,34.53,v2_lr,0
151081,2026-09-24,徳山,2,4529,6.28,45.1,0.2222,0.3889,36,A1,0.12,6,65,21,2,0.4,0.123,10,6.87,1,0.07,50.93,1,3,3,27,32.22,v2_lr,0
151081,2026-09-24,徳山,3,4981,5.02,25.2,0.1111,0.3333,27,B1,0.16,10,71,30,3.7,0.2,0.198,10,6.97,0,0.09,20.79,0.0066,3,3,27,10.14,v2_lr,0
151081,2026-09-24,徳山,4,4375,5.93,46,0.2,0.4667,15,A2,0.16,12,76,24,3.2,0.2,0.134,10,6.89,0.8,0.13,22.11,0.0501,3,3,27,13.81,v2_lr,1
151081,2026-09-24,徳山,5,3684,5.75,43.6,0.1875,0.4125,80,A2,0.16,6,58,17,2.9,0.3,0.154,10,6.9,0.7,0.05,31.07,0.3454,3,3,27,8.38,v2_lr,0
151081,2026-09-24,徳山,6,5392,1.43,1.3,0,0.1,10,B2,,0,121,1,5.4,0,0.174,10,6.89,0.8,0.19,24.71,0.1358,3,3,27,0.93,v2_lr,0
151082,2026-09-24,徳山,1,4583,5.13,28,0,0.0909,11,B1,0.14,42,79,65,3.3,0,0.157,10,6.97,0,-0.02,34.82,0.2708,3,3,27,13.99,v2_lr,0
151082,2026-09-24,徳山,2,4732,6.22,40,0.3333,0.5833,12,A2,0.11,18,81,44,2.9,0.2,0.123,10,6.96,0.1429,0.11,41.12,1,3,3,27,31.28,v2_lr,0
151082,2026-09-24,徳山,3,4158,5,30.3,0.1791,0.3582,67,B1,0.19,2,63,17,2.8,0.2,0.15,10,6.91,0.8571,0.08,38.39,0.684,3,3,27,19.29,v2_lr,0
151082,2026-09-24,徳山,4,4911,5.68,30,0.1667,0.3333,12,A2,0.13,4,64,9,3.4,0.1,0.187,10,6.9,1,-0.08,38.21,0.6632,3,3,27,14.96,v2_lr,0
151082,2026-09-24,徳山,5,3473,6.29,48.8,0.3514,0.5676,37,A1,0.15,17,76,34,2.4,0.3,0.15,10,6.92,0.7143,0,39.58,0.8218,3,3,27,19.8,v2_lr,1
151082,2026-09-24,徳山,6,5460,0,0,0,0,4,B2,,1,50,1,5.2,0,0.175,10,6.94,0.4286,-0.02,32.48,0,3,3,27,0.69,v2_lr,0
151083,2026-09-24,徳山,1,4702,6.36,51.6,0.3333,0.4444,18,A1,0.15,65,95,78,2.5,0.4,0.104,10,6.91,0.8,0.03,42.27,0.7391,4,4,28,32.9,v2_lr,1
151083,2026-09-24,徳山,2,5027,4.9,31,0.1549,0.3803,71,B1,0.2,11,65,29,2.8,0.3,0.148,10,6.89,1,0.17,28.87,0,4,4,28,20.75,v2_lr,0
151083,2026-09-24,徳山,3,4883,6.14,47.8,0.25,0.5625,16,A2,0.18,11,65,28,3.2,0.2,0.141,10,6.91,0.8,0.01,47,1,4,4,28,23.61,v2_lr,0
151083,2026-09-24,徳山,4,4079,5.6,35.7,0.1429,0.4286,14,A2,0.19,8,71,21,4.2,0.1,0.13,10,6.9,0.9,0.23,29.11,0.0132,4,4,28,8.56,v2_lr,0
151083,2026-09-24,徳山,5,3519,4.51,18.6,0.08,0.28,25,B1,0.18,1,68,5,3.2,0.1,0.124,10,6.99,0,0.05,38.1,0.5091,4,4,28,2.56,v2_lr,0
151083,2026-09-24,徳山,6,5338,3.74,17.2,0.3333,0.3333,6,B1,0.11,0,107,1,2.6,0.4,0.127,10,6.9,0.9,0.02,36.61,0.4269,4,4,28,11.61,v2_lr,0
151084,2026-09-24,徳山,1,3401,4.47,25,0.0455,0.2727,22,B1,0.2,20,51,27,3.7,0.1,0.178,10,6.96,0.0909,0.06,24.75,0.0275,4,4,27,29.19,v2_lr,0
151084,2026-09-24,徳山,2,4323,4.98,32.9,0.1765,0.2647,34,B1,0.18,9,66,28,2.5,0.3,0.112,10,6.93,0.3636,0.03,41.75,1,4,4,27,42.7,v2_lr,0
151084,2026-09-24,徳山,3,5290,3.77,17.1,0,0.0833,12,B1,0.15,1,55,9,3.4,0.1,0.138,10,6.92,0.4545,0.01,37.38,0.75,4,4,27,11.98,v2_lr,0
151084,2026-09-24,徳山,4,4163,5.68,40.6,0.0435,0.2174,23,A2,0.15,11,80,24,2.7,0.2,0.139,10,6.86,1,-0.01,28.93,0.2666,4,4,27,11.32,v2_lr,1
151084,2026-09-24,徳山,5,4677,6.58,45.8,0,0,4,A1,0.17,4,59,14,3.6,0,0.134,10,6.92,0.4545,-0.02,25.58,0.0749,4,4,27,3.54,v2_lr,0
151084,2026-09-24,徳山,6,3577,4.43,21.6,0,0.0769,13,B1,0.17,4,64,10,3.7,0.1,0.13,10,6.97,0,0.04,24.27,0,4,4,27,1.26,v2_lr,0
151085,2026-09-24,徳山,1,5286,4.34,25.5,0.0625,0.3125,16,B1,0.16,16,44,22,3.5,0.1,0.141,10,6.94,0.5,0.21,24.75,0.0013,4,4,27,18.31,v2_lr,0
151085,2026-09-24,徳山,2,4173,5.06,36.2,0.15,0.3,40,B1,0.16,9,84,32,2.5,0.4,0.165,10,6.9,0.7857,0.06,24.73,0,4,4,27,21.47,v2_lr,0
151085,2026-09-24,徳山,3,3684,5.75,43.6,0.1875,0.4125,80,A2,0.16,6,67,21,2.9,0.3,0.154,10,6.94,0.5,0.04,31.07,0.4275,4,4,27,17.68,v2_lr,0
151085,2026-09-24,徳山,4,4159,5.85,40.4,0.125,0.375,16,A2,0.18,6,83,23,3.1,0,0.11,10,6.93,0.5714,0.02,39.56,1,4,4,27,9.74,v2_lr,1
151085,2026-09-24,徳山,5,4811,4.53,24.1,0.1579,0.2632,19,B1,0.16,5,82,14,3.7,0.2,0.133,10,6.87,1,0.04,38.95,0.9589,4,4,27,8.48,v2_lr,0
151085,2026-09-24,徳山,6,4624,6.59,51.6,0.5714,0.6429,14,A1,0.16,2,66,7,4,0.1,0.165,10,7.01,0,0.12,30.11,0.3628,4,4,27,24.32,v2_lr,0
151086,2026-09-24,徳山,1,4757,7.05,49.2,0.2308,0.3846,13,A1,0.16,79,106,92,2.8,0.4,0.091,10,6.98,0,0.11,30.17,0.0081,4,4,27,32.65,v2_lr,1
151086,2026-09-24,徳山,2,4911,5.68,30,0.1667,0.3333,12,A2,0.13,2,62,18,3.4,0.1,0.187,10,6.91,0.5833,0.09,38.21,0.3923,4,4,27,26.17,v2_lr,0
151086,2026-09-24,徳山,3,3804,4.96,29.8,0.1724,0.2759,29,B1,0.17,6,69,16,3.2,0.3,0.135,10,6.9,0.6667,0.09,30,0,4,4,27,18.49,v2_lr,0
151086,2026-09-24,徳山,4,4679,5.53,38,0.16,0.44,25,A2,0.14,8,71,23,3.4,0.2,0.161,10,6.86,1,0.05,35.71,0.2728,4,4,27,13.7,v2_lr,0
151086,2026-09-24,徳山,5,4663,5.64,36.3,0,0,4,B2,0.14,3,30,4,3.3,0.2,0.154,10,6.93,0.4167,0.21,30.97,0.0463,4,4,27,1.73,v2_lr,0
151086,2026-09-24,徳山,6,4529,6.28,45.1,0.2222,0.3889,36,A1,0.12,2,67,6,2,0.4,0.123,10,6.88,0.8333,0.19,50.93,1,4,4,27,7.26,v2_lr,0
151087,2026-09-24,下関,1,4396,5,29.2,0.1692,0.4,65,B1,0.19,23,63,40,4.2,0,0.188,10,6.83,0.6923,0.07,38.37,0.8838,2,2,26,37.85,v2_lr,1
151087,2026-09-24,下関,2,3859,4.56,27.2,,,0,B1,0.15,5,52,16,4.1,0.1,0.141,10,6.86,0.4615,0.18,38.82,0.927,2,2,26,27.71,v2_lr,0
151087,2026-09-24,下関,3,3710,4.77,26.7,0.0833,0.25,12,B1,0.17,2,72,12,4.3,0,0.151,10,6.87,0.3846,0.19,34.44,0.5062,2,2,26,12.07,v2_lr,0
151087,2026-09-24,下関,4,3284,5.08,31.3,0.2105,0.4737,19,B1,0.19,5,64,13,3.2,0.1,0.244,10,6.92,0,0.08,39.58,1,2,2,26,15.17,v2_lr,0
151087,2026-09-24,下関,5,5078,4.53,29.5,0.1333,0.2,15,B1,0.17,0,44,4,4,0,0.156,10,6.87,0.3846,0.01,29.7,0.0509,2,2,26,5.65,v2_lr,0
151087,2026-09-24,下関,6,4750,5.03,33.3,0,0.0833,12,B1,0.18,0,47,2,3.7,0.1,0.165,10,6.79,1,0.06,29.17,0,2,2,26,1.55,v2_lr,0
151088,2026-09-24,下関,1,3848,4.56,28.8,,,0,B1,0.18,34,72,50,4.3,0,0.212,10,6.82,0.5,0.18,52.27,1,3,3,27,35.16,v2_lr,1
151088,2026-09-24,下関,2,5076,5.45,36.5,0.0833,0.2083,24,B1,0.18,11,77,34,3.1,0.2,0.18,10,6.88,0.1667,0.29,27.06,0,3,3,27,15.2,v2_lr,0
151088,2026-09-24,下関,3,3681,4.87,24,,,0,B1,0.13,2,48,11,3.3,0.3,0.146,10,6.73,1,0.21,30.49,0.1361,3,3,27,21.55,v2_lr,0
151088,2026-09-24,下関,4,3692,4.39,20.1,0.25,0.375,8,B1,0.19,9,68,15,3.4,0.1,0.14,10,6.85,0.3333,0.07,38.2,0.4419,3,3,27,19.55,v2_lr,0
151088,2026-09-24,下関,5,3581,4.35,17.5,0.1795,0.3333,39,B1,0.19,1,75,11,4,0,0.177,10,6.91,0,0.18,27.17,0.0044,3,3,27,5.79,v2_lr,0
151088,2026-09-24,下関,6,3746,5.68,37.2,0.125,0.3333,24,A2,0.18,2,89,11,2.9,0.3,0.147,10,6.86,0.2778,0.23,44.68,0.6989,3,3,27,2.75,v2_lr,0
151089,2026-09-24,下関,1,4461,4.4,16.6,,,0,B1,0.18,16,53,26,3.9,0.1,0.154,10,6.82,0,0.48,28.42,0.1755,3,3,27,36.61,v2_lr,1
151089,2026-09-24,下関,2,4180,5.82,37.2,0.2,0.2,5,A2,0.16,11,75,25,2.8,0.3,0.146,10,6.82,0,0.23,25.56,0,3,3,27,34.22,v2_lr,0
151089,2026-09-24,下関,3,4376,5.64,39.8,0.1111,0.3333,9,A2,0.14,13,73,35,3.1,0.3,0.141,10,6.82,0,0.09,35.23,0.5933,3,3,27,16.88,v2_lr,0
151089,2026-09-24,下関,4,4567,4.1,17,0.0167,0.1333,60,B1,0.25,1,58,5,4.3,0.1,0.26,10,6.79,0.6,0.26,41.86,1,3,3,27,6.89,v2_lr,0
151089,2026-09-24,下関,5,5373,2.42,0,0,0,6,B2,,0,67,1,4.7,0,0.141,10,6.79,0.6,0.17,30,0.2724,3,3,27,2.88,v2_lr,0
151089,2026-09-24,下関,6,4290,6.75,46,0,0.2222,9,A1,0.12,3,70,8,2,0.6,0.088,10,6.77,1,0.1,37.93,0.7589,3,3,27,2.52,v2_lr,0
151090,2026-09-24,下関,1,4527,4.06,20,0.1429,0.2857,7,B1,0.15,20,49,25,3.5,0.1,0.194,10,6.73,1,0.29,42.35,1,2,2,27,35.15,v2_lr,1
151090,2026-09-24,下関,2,4401,5.46,37.8,,,0,A2,0.16,9,72,31,3.6,0.1,0.136,10,6.83,0,0.05,24.44,0.3242,2,2,27,23.58,v2_lr,0
151090,2026-09-24,下関,3,5060,6.02,45.7,0,0.1667,6,A2,0.18,12,75,30,2.7,0.4,0.149,10,6.79,0.4,0.3,28.26,0.4683,2,2,27,6.32,v2_lr,0
151090,2026-09-24,下関,4,4843,5.14,29,0.0667,0.2,15,B1,0.18,7,46,17,4.8,0,0.189,10,6.78,0.5,0.46,26.09,0.3864,2,2,27,5.3,v2_lr,0
151090,2026-09-24,下関,5,3920,5.11,32.3,0.1667,0.25,12,B1,0.18,2,47,7,3.3,0,0.133,10,6.79,0.4,0.33,28.87,0.4913,2,2,27,6.23,v2_lr,0
151090,2026-09-24,下関,6,4415,6.38,50.5,0.4211,0.4211,19,A1,0.13,11,81,20,4.8,0,0.132,10,6.73,1,0.02,15.85,0,2,2,27,23.43,v2_lr,0
151091,2026-09-24,下関,1,4769,6.28,43.9,0.1111,0.4444,18,A1,0.12,51,84,69,3,0.3,0.098,10,6.75,1,0.07,22.83,0,1,1,27,24.03,v2_lr,0
151091,2026-09-24,下関,2,4837,4.53,21.5,0.1429,0.5714,7,B1,0.18,3,62,19,3.9,0.1,0.17,10,6.78,0.8125,0.21,44.19,1,1,1,27,20.53,v2_lr,1
151091,2026-09-24,下関,3,3852,4.03,21.2,,,0,B1,0.23,5,67,20,3.6,0.2,0.165,10,6.78,0.8125,-0.04,38.2,0.7196,1,1,27,16.97,v2_lr,0
151091,2026-09-24,下関,4,4566,6.39,34.1,0.5,0.75,8,A1,0.12,9,78,22,3.2,0.2,0.106,10,6.78,0.8125,0,39.76,0.7926,1,1,27,31.14,v2_lr,0
151091,2026-09-24,下関,5,3620,4.04,23.7,0.1579,0.3158,19,B1,0.19,1,61,7,4.3,0,0.14,10,6.91,0,-0.04,26.32,0.1634,1,1,27,4.07,v2_lr,0
151091,2026-09-24,下関,6,4891,4.72,22,0.125,0.25,8,B1,0.16,1,55,6,3.6,0.1,0.169,10,6.76,0.9375,-0.08,25.53,0.1264,1,1,27,3.25,v2_lr,0
151092,2026-09-24,下関,1,3284,5.08,31.3,0.2105,0.4737,19,B1,0.19,36,64,50,3.2,0.1,0.244,10,6.82,0.2667,-0.07,39.58,0.7277,2,2,26,26.98,v2_lr,0
151092,2026-09-24,下関,2,4142,5.62,32.4,,,0,A2,0.18,12,75,30,3.2,0.1,0.157,10,6.75,0.7333,0,38.89,0.6963,2,2,26,21.75,v2_lr,0
151092,2026-09-24,下関,3,3963,5.8,38.7,0.2105,0.3684,19,A2,0.16,9,81,27,3.2,0.1,0.167,10,6.86,0,0.01,23.6,0,2,2,26,14.39,v2_lr,0
151092,2026-09-24,下関,4,5076,5.45,36.5,0.0833,0.2083,24,B1,0.18,7,68,22,3.1,0.2,0.18,10,6.83,0.2,-0.03,27.06,0.1576,2,2,26,4.82,v2_lr,0
151092,2026-09-24,下関,5,3876,7.09,53.4,0.625,0.625,8,A1,0.18,15,44,24,2,0.3,0.135,10,6.71,1,-0.03,45.56,1,2,2,26,31.26,v2_lr,1
151092,2026-09-24,下関,6,5370,1.28,1.4,0,0,15,B2,,0,130,1,5.2,0,0.112,10,6.75,0.7333,0.08,28.09,0.2045,2,2,26,0.8,v2_lr,0
151093,2026-09-24,下関,1,4043,5.5,32.6,0.1034,0.3793,29,A2,0.17,61,100,80,3.5,0.2,0.175,10,6.82,0.5385,0.09,39.77,0.5079,2,2,26,25.3,v2_lr,1
151093,2026-09-24,下関,2,3692,4.39,20.1,0.25,0.375,8,B1,0.19,4,64,24,3.4,0.1,0.14,10,6.79,0.7692,0.07,38.2,0.428,2,2,26,30.38,v2_lr,0
151093,2026-09-24,下関,3,4567,4.1,17,0.0167,0.1333,60,B1,0.25,2,59,8,4.3,0.1,0.26,10,6.76,1,0.07,41.86,0.6142,2,2,26,9.54,v2_lr,0
151093,2026-09-24,下関,4,4949,5.83,36.8,0.2581,0.4839,31,A2,0.15,8,76,26,3,0.2,0.145,10,6.79,0.7692,0.08,49.44,1,2,2,26,20.59,v2_lr,0
151093,2026-09-24,下関,5,4477,7.15,48.1,0.2778,0.5556,18,A1,0.14,6,76,17,3.8,0.2,0.147,10,6.82,0.5385,0.06,29.79,0,2,2,26,12.85,v2_lr,0
151093,2026-09-24,下関,6,3710,4.77,26.7,0.0833,0.25,12,B1,0.17,0,55,6,4.3,0,0.151,10,6.89,0,0.15,34.44,0.2366,2,2,26,1.32,v2_lr,0
151094,2026-09-24,下関,1,4551,6.15,43.5,0.2759,0.6207,29,A2,0.15,40,87,60,2.6,0.1,0.145,10,6.86,0.875,-0.04,36.36,0.8093,2,2,25,34.68,v2_lr,1
151094,2026-09-24,下関,2,4051,6.35,43.1,0.2093,0.3023,43,A2,0.16,11,64,30,2.7,0.3,0.175,10,6.85,1,-0.03,39.56,1,2,2,25,29.81,v2_lr,0
151094,2026-09-24,下関,3,3581,4.35,17.5,0.1795,0.3333,39,B1,0.19,5,76,16,4,0,0.177,10,6.91,0.25,0.13,27.17,0.2616,2,2,25,15.13,v2_lr,0
151094,2026-09-24,下関,4,4461,4.4,16.6,,,0,B1,0.18,6,63,11,3.9,0.1,0.154,10,6.91,0.25,-0.01,28.42,0.3361,2,2,25,9.56,v2_lr,0
151094,2026-09-24,下関,5,3757,5.54,34.5,0.2308,0.4615,13,A2,0.15,2,59,9,3,0.4,0.161,10,6.93,0,-0.01,22.78,0,2,2,25,7.33,v2_lr,0
151094,2026-09-24,下関,6,3859,4.56,27.2,,,0,B1,0.15,0,46,2,4.1,0.1,0.141,10,6.9,0.375,0.03,38.82,0.9559,2,2,25,3.5,v2_lr,0
151095,2026-09-24,下関,1,3932,4.92,34.7,0.1,0.2,10,B1,0.15,18,47,34,2.9,0.3,0.164,10,6.82,0,0.19,26.8,0.0466,2,2,24,36.71,v2_lr,1
151095,2026-09-24,下関,2,5078,4.53,29.5,0.1333,0.2,15,B1,0.17,3,53,23,4,0,0.156,10,6.82,0,0.29,29.7,0.1529,2,2,24,28.33,v2_lr,0
151095,2026-09-24,下関,3,4843,5.14,29,0.0667,0.2,15,B1,0.18,9,53,17,4.8,0,0.189,10,6.75,0.5833,0.24,26.09,0.0205,2,2,24,16.46,v2_lr,0
151095,2026-09-24,下関,4,4891,4.72,22,0.125,0.25,8,B1,0.16,8,63,14,3.6,0.1,0.169,10,6.8,0.1667,0.14,25.53,0,2,2,24,12.28,v2_lr,0
151095,2026-09-24,下関,5,4349,4.43,21.2,0,0.1667,6,B1,0.18,2,63,12,4.5,0.1,0.188,10,6.76,0.5,0.12,42.05,0.6056,2,2,24,3.72,v2_lr,0
151095,2026-09-24,下関,6,5435,1.25,0,0,0,10,B2,,0,66,0,5.3,0,0.208,10,6.7,1,0.09,52.81,1,2,2,24,2.49,v2_lr,0
151096,2026-09-24,下関,1,5081,6.21,44.8,0.1724,0.4138,29,A2,0.16,35,71,51,3,0.3,0.151,10,6.79,1,0.16,30.77,0.2725,3,3,23,37.77,v2_lr,1
151096,2026-09-24,下関,2,3746,5.68,37.2,0.125,0.3333,24,A2,0.18,11,85,39,2.9,0.3,0.147,10,6.83,0.4286,0.15,44.68,1,3,3,23,25.07,v2_lr,0
151096,2026-09-24,下関,3,3920,5.11,32.3,0.1667,0.25,12,B1,0.18,6,59,18,3.3,0,0.133,10,6.83,0.4286,-0.02,28.87,0.1731,3,3,23,20.27,v2_lr,0
151096,2026-09-24,下関,4,4750,5.03,33.3,0,0.0833,12,B1,0.18,3,79,14,3.7,0.1,0.165,10,6.79,1,0.01,29.17,0.1888,3,3,23,5.72,v2_lr,0
151096,2026-09-24,下関,5,4180,5.82,37.2,0.2,0.2,5,A2,0.16,2,72,9,2.8,0.3,0.146,10,6.82,0.5714,0.41,25.56,0,3,3,23,7.72,v2_lr,0
151096,2026-09-24,下関,6,4142,5.62,32.4,,,0,A2,0.18,0,71,6,3.2,0.1,0.157,10,6.86,0,0.11,38.89,0.6972,3,3,23,3.44,v2_lr,0
151097,2026-09-24,下関,1,3963,5.8,38.7,0.2105,0.3684,19,A2,0.16,48,85,63,3.2,0.1,0.167,10,6.8,0.75,0.08,23.6,0,3,3,23,27.63,v2_lr,0
151097,2026-09-24,下関,2,4949,5.83,36.8,0.2581,0.4839,31,A2,0.15,15,76,39,3,0.2,0.145,10,6.77,1,0.12,49.44,0.9013,3,3,23,27.92,v2_lr,0
151097,2026-09-24,下関,3,4566,6.39,34.1,0.5,0.75,8,A1,0.12,18,80,40,3.2,0.2,0.106,10,6.84,0.4167,0.05,39.76,0.5637,3,3,23,31.5,v2_lr,1
151097,2026-09-24,下関,4,4396,5,29.2,0.1692,0.4,65,B1,0.19,3,74,17,4.2,0,0.188,10,6.89,0,0.14,38.37,0.5152,3,3,23,7.45,v2_lr,0
151097,2026-09-24,下関,5,3848,4.56,28.8,,,0,B1,0.18,3,69,9,4.3,0,0.212,10,6.85,0.3333,0.26,52.27,1,3,3,23,4.67,v2_lr,0
151097,2026-09-24,下関,6,5060,6.02,45.7,0,0.1667,6,A2,0.18,3,58,8,2.7,0.4,0.149,10,6.83,0.5,0.08,28.26,0.1625,3,3,23,0.84,v2_lr,0
151098,2026-09-24,下関,1,4477,7.15,48.1,0.2778,0.5556,18,A1,0.14,85,106,93,3.8,0.2,0.147,10,6.86,0,-0.03,29.79,0.4692,3,3,23,26.67,v2_lr,1
151098,2026-09-24,下関,2,4290,6.75,46,0,0.2222,9,A1,0.12,13,67,32,2,0.6,0.088,10,6.84,0.1667,0.01,37.93,0.7432,3,3,23,8.6,v2_lr,0
151098,2026-09-24,下関,3,4415,6.38,50.5,0.4211,0.4211,19,A1,0.13,23,78,42,4.8,0,0.132,10,6.8,0.5,-0.13,15.85,0,3,3,23,26.7,v2_lr,0
151098,2026-09-24,下関,4,3876,7.09,53.4,0.625,0.625,8,A1,0.18,14,46,22,2,0.3,0.135,10,6.74,1,-0.05,45.56,1,3,3,23,29.98,v2_lr,0
151098,2026-09-24,下関,5,4769,6.28,43.9,0.1111,0.4444,18,A1,0.12,5,73,14,3,0.3,0.098,10,6.84,0.1667,-0.11,22.83,0.2349,3,3,23,3.28,v2_lr,0
151098,2026-09-24,下関,6,4051,6.35,43.1,0.2093,0.3023,43,A2,0.16,5,58,14,2.7,0.3,0.175,10,6.8,0.5,-0.04,39.56,0.798,3,3,23,4.76,v2_lr,0
151099,2026-09-24,若松,1,5092,6.11,45,0.2,0.4,20,A2,0.14,47,71,61,3.1,0.1,0.147,10,6.98,0,0.05,30.81,0,2,2,25,25.61,v2_lr,1
151099,2026-09-24,若松,2,5222,6.34,47.8,0.0714,0.1429,14,A1,0.19,16,87,40,2.8,0.2,0.176,10,6.82,0.7273,0.07,33.33,0.2416,2,2,25,15.43,v2_lr,0
151099,2026-09-24,若松,3,4857,6.96,55.5,0.3571,0.8571,14,A1,0.16,12,63,37,2.3,0.4,0.131,10,6.9,0.3636,0.12,34.92,0.3941,2,2,25,26.71,v2_lr,0
151099,2026-09-24,若松,4,5087,7.08,55.6,0.0769,0.3077,13,A1,0.12,12,79,29,2.8,0.3,0.168,10,6.86,0.5455,0.06,41.24,1,2,2,25,6.66,v2_lr,0
151099,2026-09-24,若松,5,5196,7.03,56.8,0.3333,0.3333,3,A1,0.14,11,68,23,5.2,0.1,0.181,10,6.83,0.6818,0.05,31.22,0.0393,2,2,25,15.81,v2_lr,0
151099,2026-09-24,若松,6,5158,6.78,52,0.2927,0.5366,41,A1,0.17,5,69,16,2.8,0.3,0.121,10,6.76,1,0,32.42,0.1544,2,2,25,9.77,v2_lr,0
151100,2026-09-24,若松,1,4994,6.12,44.2,0.2105,0.3158,38,A2,0.14,43,72,57,3.9,0.2,0.162,10,6.89,0.4,0.06,30.16,0,2,2,26,33.82,v2_lr,1
151100,2026-09-24,若松,2,5064,6.29,47.4,0.1333,0.4,45,A1,0.16,11,68,38,3.5,0,0.154,10,6.88,0.6,-0.07,30.73,0.1034,2,2,26,23.94,v2_lr,0
151100,2026-09-24,若松,3,5330,6.01,42.5,0.2,0.2,5,A2,0.15,12,66,29,3.1,0.2,0.14,10,6.86,1,-0.07,35.67,1,2,2,26,27.64,v2_lr,0
151100,2026-09-24,若松,4,5132,7.19,61.2,0.1429,0.4286,21,A1,0.12,22,86,51,2.4,0.3,0.156,10,6.91,0,0.09,32,0.3339,2,2,26,7.97,v2_lr,0
151100,2026-09-24,若松,5,5045,5.89,38.5,0.0714,0.4286,14,A2,0.19,0,67,13,3.2,0.2,0.195,10,6.86,1,0.07,30.3,0.0254,2,2,26,4.47,v2_lr,0
151100,2026-09-24,若松,6,5275,6.61,51.9,0.0625,0.25,16,A1,0.14,7,61,14,2.4,0.4,0.118,10,6.87,0.8,-0.01,30.39,0.0417,2,2,26,2.16,v2_lr,0
151101,2026-09-24,若松,1,5220,6.09,44,0.3,0.4,10,A2,0.11,61,91,74,3,0.2,0.089,10,6.76,1,0,32.07,0.0462,2,2,26,30.88,v2_lr,1
151101,2026-09-24,若松,2,5281,6.46,49.5,0.0952,0.2381,21,A1,0.15,19,60,32,2.9,0.2,0.149,10,6.79,0.7857,0.1,32.95,0.2229,2,2,26,16.08,v2_lr,0
151101,2026-09-24,若松,3,5234,6.74,51.1,0.1852,0.4444,27,A1,0.16,15,76,30,2.5,0.3,0.126,10,6.9,0,0.04,31.84,0,2,2,26,12.68,v2_lr,0
151101,2026-09-24,若松,4,5298,6.9,49.6,0.4615,0.5385,13,A1,0.15,10,67,23,2.2,0.4,0.122,10,6.89,0.0714,-0.07,36.82,1,2,2,26,27.31,v2_lr,0
151101,2026-09-24,若松,5,4939,6.83,50.4,0.2333,0.4333,30,A1,0.16,10,68,28,2.8,0.3,0.096,10,6.88,0.1429,-0.07,35.75,0.7851,2,2,26,8.65,v2_lr,0
151101,2026-09-24,若松,6,5193,6.68,47,0.2222,0.4167,36,A1,0.13,1,64,10,3.2,0.3,0.152,10,6.85,0.3571,-0.03,31.91,0.0141,2,2,26,4.4,v2_lr,0
151102,2026-09-24,若松,1,4991,6.41,45.5,0.1765,0.3824,34,A1,0.18,57,87,72,4.1,0.1,0.145,10,6.92,0,-0.03,37.97,0.4835,1,1,26,23.56,v2_lr,0
151102,2026-09-24,若松,2,5066,6.43,46.8,0,0.3333,3,A1,0.17,18,76,40,3.4,0.2,0.138,10,6.86,0.375,-0.09,32.98,0,1,1,26,8.89,v2_lr,0
151102,2026-09-24,若松,3,5018,6.28,42.5,0.3455,0.4909,55,A1,0.14,19,89,46,3.3,0.2,0.154,10,6.76,1,-0.13,39.01,0.5843,1,1,26,27.59,v2_lr,1
151102,2026-09-24,若松,4,5280,6.93,52.8,0,0.3333,3,A1,0.15,11,84,32,3.3,0,0.127,10,6.88,0.25,0.09,38.89,0.5727,1,1,26,2.74,v2_lr,0
151102,2026-09-24,若松,5,5145,5.81,41.7,0.4,0.5,10,A2,0.16,2,67,14,2.5,0.6,0.139,10,6.8,0.75,-0.25,43.3,1,1,1,26,22.53,v2_lr,0
151102,2026-09-24,若松,6,4983,6.89,52.8,0.3704,0.4815,27,A1,0.14,8,77,22,2.7,0.2,0.147,10,6.84,0.5,-0.4,38.65,0.5494,1,1,26,14.69,v2_lr,0
151103,2026-09-24,若松,1,5136,6.46,45.8,0.3,0.4,10,A1,0.14,79,114,95,2.3,0.5,0.144,10,6.8,0.8,0.03,43.86,0.5969,2,2,25,28.74,v2_lr,0
151103,2026-09-24,若松,2,5139,6.47,47.1,0.2308,0.4615,13,A1,0.15,17,63,39,3,0.2,0.111,10,6.88,0,-0.13,35.79,0.2494,2,2,25,21.1,v2_lr,0
151103,2026-09-24,若松,3,5112,6.89,50,0.1364,0.3636,22,A1,0.16,16,78,41,3.2,0.2,0.16,10,6.86,0.2,0.08,30,0,2,2,25,9.81,v2_lr,1
151103,2026-09-24,若松,4,4914,6.86,45.8,0.2195,0.5122,41,A1,0.12,14,78,35,2.3,0.2,0.149,10,6.83,0.5,0.07,35.05,0.2175,2,2,25,11.61,v2_lr,0
151103,2026-09-24,若松,5,5034,6.54,51,0.3333,0.3333,3,A1,0.12,5,78,24,2.6,0.4,0.145,10,6.8,0.8,0.04,53.22,1,2,2,25,16.13,v2_lr,0
151103,2026-09-24,若松,6,4938,6.93,53,0.3571,0.5714,14,A1,0.13,2,62,8,3,0.1,0.156,10,6.78,1,0.01,40.66,0.4591,2,2,25,12.61,v2_lr,0
151104,2026-09-24,若松,1,5166,6.1,37.1,0,0,7,A2,0.2,48,73,59,3.1,0.2,0.162,10,6.89,0,-0.03,37.24,1,1,1,25,19.29,v2_lr,0
151104,2026-09-24,若松,2,5142,7.51,60.7,0.1538,0.3077,13,A1,0.15,25,97,52,3.1,0.1,0.125,10,6.85,1,0.06,37.17,0.9899,1,1,25,30.57,v2_lr,1
151104,2026-09-24,若松,3,5255,6.74,50.4,0,0,3,A1,0.22,14,81,35,3.4,0.1,0.186,10,6.88,0.25,-0.03,33.51,0.4625,1,1,25,7.41,v2_lr,0
151104,2026-09-24,若松,4,5045,5.89,38.5,0.0714,0.4286,14,A2,0.19,7,78,23,3.2,0.2,0.195,10,6.86,0.75,0.01,30.3,0,1,1,25,7.5,v2_lr,0
151104,2026-09-24,若松,5,5017,6.34,43.3,0.3,0.3,10,A1,0.13,17,74,34,3.2,0.1,0.126,10,6.85,1,0.04,33.85,0.5115,1,1,25,20.67,v2_lr,0
151104,2026-09-24,若松,6,5089,6.84,53.7,0.3333,0.3333,3,A1,0.16,2,54,9,2.2,0.3,0.174,10,6.86,0.75,0.03,33.51,0.4625,1,1,25,14.56,v2_lr,0
151105,2026-09-24,若松,1,4985,6.63,44.8,0.3,0.5,10,A1,0.16,90,120,105,3.5,0.3,0.151,10,6.84,0.6667,-0.03,30.32,0,1,1,25,31.01,v2_lr,0
151105,2026-09-24,若松,2,5092,6.11,45,0.2,0.4,20,A2,0.14,11,64,29,3.1,0.1,0.147,10,6.92,0,0.12,30.81,0.0708,1,1,25,18.88,v2_lr,0
151105,2026-09-24,若松,3,5217,6.84,44,0.2727,0.4091,22,A1,0.13,7,65,28,3.6,0.1,0.176,10,6.8,1,0.14,35.18,0.7023,1,1,25,24.68,v2_lr,0
151105,2026-09-24,若松,4,5029,6.56,50.4,0.2963,0.4444,27,A1,0.12,13,71,30,3,0.2,0.121,10,6.83,0.75,0.07,35.87,0.802,1,1,25,19.86,v2_lr,0
151105,2026-09-24,若松,5,5141,6.62,55.7,0.1111,0.7778,9,A1,0.16,8,57,19,2.5,0.2,0.126,10,6.84,0.6667,0.05,37.24,1,1,1,25,4.51,v2_lr,1
151105,2026-09-24,若松,6,5224,7.08,48.9,0,0.3333,3,A1,0.13,3,78,12,3.5,0.1,0.168,10,6.84,0.6667,0.08,33.69,0.487,1,1,25,1.06,v2_lr,0
151106,2026-09-24,若松,1,5191,6.49,45.5,0.1429,0.3571,14,A1,0.14,91,109,100,3.7,0,0.114,10,6.81,0.6667,0.08,28.8,0,1,1,25,29.26,v2_lr,1
151106,2026-09-24,若松,2,5088,6.85,53.5,0.0769,0.4615,13,A1,0.16,29,75,43,4,0,0.099,10,6.8,0.7778,0.17,34.5,0.6216,1,1,25,18.48,v2_lr,0
151106,2026-09-24,若松,3,4991,6.41,45.5,0.1765,0.3824,34,A1,0.18,17,74,34,4.1,0.1,0.145,10,6.87,0,-0.03,37.97,1,1,1,25,18,v2_lr,0
151106,2026-09-24,若松,4,5281,6.46,49.5,0.0952,0.2381,21,A1,0.15,8,60,19,2.9,0.2,0.149,10,6.81,0.6667,-0.04,32.95,0.4526,1,1,25,8.76,v2_lr,0
151106,2026-09-24,若松,5,5064,6.29,47.4,0.1333,0.4,45,A1,0.16,4,64,22,3.5,0,0.154,10,6.82,0.5556,0.08,30.73,0.2105,1,1,25,5.29,v2_lr,0
151106,2026-09-24,若松,6,5028,6.52,46.9,0.4022,0.6196,92,A1,0.16,4,76,14,3.4,0.2,0.116,10,6.78,1,-0.02,31.37,0.2803,1,1,25,20.21,v2_lr,0
151107,2026-09-24,若松,1,4857,6.96,55.5,0.3571,0.8571,14,A1,0.16,59,81,69,2.3,0.4,0.131,10,6.83,0.375,0.11,34.92,0,1,1,24,32.92,v2_lr,0
151107,2026-09-24,若松,2,4939,6.83,50.4,0.2333,0.4333,30,A1,0.16,18,70,39,2.8,0.3,0.096,10,6.85,0.125,0.21,35.75,0.0928,1,1,24,22.56,v2_lr,0
151107,2026-09-24,若松,3,5136,6.46,45.8,0.3,0.4,10,A1,0.14,9,90,35,2.3,0.5,0.144,10,6.82,0.5,0.13,43.86,1,1,1,24,25.6,v2_lr,0
151107,2026-09-24,若松,4,5016,6.48,42.2,0.1875,0.3125,16,A1,0.15,12,61,19,3,0.2,0.124,10,6.78,1,0.17,35.64,0.0805,1,1,24,12.79,v2_lr,1
151107,2026-09-24,若松,5,5330,6.01,42.5,0.2,0.2,5,A2,0.15,12,72,24,3.1,0.2,0.14,10,6.86,0,0.11,35.67,0.0839,1,1,24,5.35,v2_lr,0
151107,2026-09-24,若松,6,5280,6.93,52.8,0,0.3333,3,A1,0.15,1,73,4,3.3,0,0.127,10,6.84,0.25,0.15,38.89,0.4441,1,1,24,0.78,v2_lr,0
151108,2026-09-24,若松,1,5257,6.39,44.3,0.3333,0.619,21,A1,0.19,57,88,65,2.6,0.3,0.133,10,6.71,1,0.15,34.18,0.3651,1,1,24,29.93,v2_lr,0
151108,2026-09-24,若松,2,5163,6.4,50,0.2,0.3,20,A1,0.15,11,52,29,1.4,0.8,0.187,10,6.77,0.5,0.17,35.63,0.6159,1,1,24,20.7,v2_lr,0
151108,2026-09-24,若松,3,5278,7.29,61.1,0.3158,0.5263,19,A1,0.13,19,59,31,1.8,0.6,0.1,10,6.82,0.0833,0.11,37.85,1,1,1,24,21.8,v2_lr,1
151108,2026-09-24,若松,4,5220,6.09,44,0.3,0.4,10,A2,0.11,15,71,35,3,0.2,0.089,10,6.72,0.9167,0.27,32.07,0,1,1,24,16.74,v2_lr,0
151108,2026-09-24,若松,5,5142,7.51,60.7,0.1538,0.3077,13,A1,0.15,8,73,30,3.1,0.1,0.125,10,6.81,0.1667,0.11,37.17,0.8824,1,1,24,4.51,v2_lr,0
151108,2026-09-24,若松,6,5256,7.09,57.8,0.3043,0.5217,23,A1,0.16,3,63,11,3.1,0.3,0.13,10,6.83,0,0.09,36.87,0.8304,1,1,24,6.31,v2_lr,0
151109,2026-09-24,若松,1,5132,7.19,61.2,0.1429,0.4286,21,A1,0.12,61,115,84,2.4,0.3,0.156,10,6.83,0.1429,0.13,32,0.1133,1,1,24,22.9,v2_lr,1
151109,2026-09-24,若松,2,5043,6.54,43.5,0.2,0.5,30,A1,0.14,15,86,47,1.9,0.4,0.125,10,6.71,1,0.03,37.69,0.872,1,1,24,27.83,v2_lr,0
151109,2026-09-24,若松,3,4983,6.89,52.8,0.3704,0.4815,27,A1,0.14,19,76,43,2.7,0.2,0.147,10,6.76,0.6429,0.18,38.65,1,1,1,24,30.13,v2_lr,0
151109,2026-09-24,若松,4,5222,6.34,47.8,0.0714,0.1429,14,A1,0.19,10,71,26,2.8,0.2,0.176,10,6.77,0.5714,0.04,33.33,0.2907,1,1,24,5.87,v2_lr,0
151109,2026-09-24,若松,5,5166,6.1,37.1,0,0,7,A2,0.2,3,59,14,3.1,0.2,0.162,10,6.85,0,0.04,37.24,0.812,1,1,24,1.67,v2_lr,0
151109,2026-09-24,若松,6,5218,6.27,43.4,0.3846,0.5,26,A1,0.15,3,65,15,5.1,0,0.201,10,6.79,0.4286,0.2,31.15,0,1,1,24,11.6,v2_lr,0
151110,2026-09-24,若松,1,4914,6.86,45.8,0.2195,0.5122,41,A1,0.12,78,89,87,2.3,0.2,0.149,10,6.8,0.3333,0.05,35.05,0.2128,0,1,24,18.83,v2_lr,1
151110,2026-09-24,若松,2,5141,6.62,55.7,0.1111,0.7778,9,A1,0.16,12,66,37,2.5,0.2,0.126,10,6.79,0.4444,0.15,37.24,0.4218,0,1,24,10.3,v2_lr,0
151110,2026-09-24,若松,3,5089,6.84,53.7,0.3333,0.3333,3,A1,0.16,15,67,44,2.2,0.3,0.174,10,6.74,1,0.01,33.51,0.0658,0,1,24,18.61,v2_lr,0
151110,2026-09-24,若松,4,5145,5.81,41.7,0.4,0.5,10,A2,0.16,15,73,26,2.5,0.6,0.139,10,6.74,1,-0.14,43.3,1,0,1,24,19.29,v2_lr,0
151110,2026-09-24,若松,5,5042,6.44,40.2,0.6667,0.6667,3,A1,0.1,14,72,28,2.4,0.4,0.141,10,6.83,0,-0.05,32.82,0,0,1,24,21.09,v2_lr,0
151110,2026-09-24,若松,6,5298,6.9,49.6,0.4615,0.5385,13,A1,0.15,6,71,12,2.2,0.4,0.122,10,6.8,0.3333,0.05,36.82,0.3817,0,1,24,11.89,v2_lr,0
151111,2026-09-24,芦屋,1,4347,6.06,36.4,0.1,0.3667,30,A2,0.18,43,76,60,2.8,0.3,0.134,10,6.67,1,0.11,30.53,0.0727,1,1,23.8,31.2,v2_lr,1
151111,2026-09-24,芦屋,2,3579,4.38,22.2,0.3333,0.3333,9,B1,0.2,7,57,16,3.1,0,0.148,10,6.76,0.4375,0.33,29.73,0,1,1,23.8,36.55,v2_lr,0
151111,2026-09-24,芦屋,3,4243,5.36,36.5,0.129,0.3226,31,B1,0.2,11,87,29,4.4,0.1,0.23,10,6.79,0.25,0.25,32.73,0.2725,1,1,23.8,12.86,v2_lr,0
151111,2026-09-24,芦屋,4,3604,4.25,18.1,0.1,0.25,20,B1,0.18,3,50,6,4.5,0,0.189,10,6.75,0.5,0.1,39.09,0.8501,1,1,23.8,9.06,v2_lr,0
151111,2026-09-24,芦屋,5,3470,5.13,29.1,0.2,0.4,10,B1,0.14,1,47,8,3.4,0.1,0.157,10,6.83,0,0.15,33.33,0.327,1,1,23.8,6.91,v2_lr,0
151111,2026-09-24,芦屋,6,4510,3,10.4,,,0,B2,0.27,0,19,0,4.7,0,0.249,10,6.78,0.3125,0.22,40.74,1,1,1,23.8,3.42,v2_lr,0
151112,2026-09-24,芦屋,1,5155,6.1,45.6,0.1613,0.3226,31,A2,0.15,25,58,35,3.3,0.1,0.162,10,6.71,0.75,0.03,32.11,0.3761,1,1,22.4,27.22,v2_lr,0
151112,2026-09-24,芦屋,2,4900,5.34,33,0.2727,0.5455,11,B1,0.18,9,74,25,3.5,0.1,0.15,10,6.66,1,0.31,39.81,0.8471,1,1,22.4,28.71,v2_lr,0
151112,2026-09-24,芦屋,3,4897,3.63,13,,,0,B1,0.21,2,39,7,3.5,0,0.18,10,6.86,0,0.2,41.9,0.9749,1,1,22.4,12.15,v2_lr,0
151112,2026-09-24,芦屋,4,4433,6.6,47.7,0.451,0.6667,51,A1,0.16,12,70,31,2.2,0.4,0.169,10,6.69,0.85,0.2,40.54,0.8917,1,1,22.4,29.46,v2_lr,1
151112,2026-09-24,芦屋,5,4317,4.33,31.4,0,0.5,10,B1,0.19,2,60,7,2.7,0.3,0.166,10,6.78,0.4,0.21,25.96,0,1,1,22.4,1.21,v2_lr,0
151112,2026-09-24,芦屋,6,5358,2.93,4.5,0,0,3,B2,0.19,0,67,1,4.2,0,0.206,10,6.68,0.9,0.13,42.31,1,1,1,22.4,1.26,v2_lr,0
151113,2026-09-24,芦屋,1,3232,6.15,40.7,0.2727,0.4545,11,A2,0.16,38,69,52,2.8,0.3,0.168,10,6.75,0,0.04,44.68,1,1,1,23.2,35.37,v2_lr,1
151113,2026-09-24,芦屋,2,5365,2.25,4,0,0,6,B1,,1,11,1,4.9,0,0.227,10,6.73,0.5,0.25,24.75,0,1,1,23.2,8.78,v2_lr,0
151113,2026-09-24,芦屋,3,4530,6.9,53.9,0.5333,0.7667,30,A1,0.16,12,73,42,1.7,0.5,0.126,10,6.74,0.25,0.32,40.54,0.7923,1,1,23.2,37.79,v2_lr,0
151113,2026-09-24,芦屋,4,4525,4.88,27.5,0.1071,0.25,28,B1,0.11,1,54,4,3.5,0.1,0.166,10,6.74,0.25,0.19,37.76,0.6528,1,1,23.2,6.76,v2_lr,0
151113,2026-09-24,芦屋,5,5129,5.64,37.5,0.1667,0.1667,12,A2,0.17,1,54,10,2.3,0.2,0.136,10,6.74,0.25,-0.02,40,0.7652,1,1,23.2,6.97,v2_lr,0
151113,2026-09-24,芦屋,6,5440,1.53,4.1,,,0,B2,,0,91,3,5.9,0,0.2,10,6.71,1,0.01,37.14,0.6217,1,1,23.2,4.33,v2_lr,0
151114,2026-09-24,芦屋,1,4208,6.56,44.7,0.4,0.8,10,A1,0.15,79,108,92,2.3,0.5,0.143,10,6.71,0.4545,0.05,37.86,0.6856,2,2,23.6,46.6,v2_lr,1
151114,2026-09-24,芦屋,2,5272,4.14,25.2,0.1111,0.4444,9,B1,0.17,8,60,27,3.5,0.1,0.191,10,6.68,0.7273,-0.11,38.83,0.7915,2,2,23.6,27.1,v2_lr,0
151114,2026-09-24,芦屋,3,4240,5.78,42.5,0,0.2,10,A2,0.13,11,77,30,3.3,0.3,0.111,10,6.76,0,0.01,40.74,1,2,2,23.6,7.25,v2_lr,0
151114,2026-09-24,芦屋,4,5153,4.3,23.9,0.1111,0.1111,9,B1,0.19,2,65,13,4.4,0,0.159,10,6.74,0.1818,0.13,39.62,0.8777,2,2,23.6,8.51,v2_lr,0
151114,2026-09-24,芦屋,5,5230,4.55,30.9,,,0,B1,0.21,1,50,8,3.1,0.2,0.195,10,6.65,1,0.11,37.5,0.6463,2,2,23.6,9.44,v2_lr,0
151114,2026-09-24,芦屋,6,4419,5.64,38.3,0,0.1111,9,A2,0.13,2,55,7,2.3,0.2,0.152,10,6.71,0.4545,0.12,31.58,0,2,2,23.6,1.1,v2_lr,0
151115,2026-09-24,芦屋,1,3435,6.01,38.2,0.225,0.375,40,A2,0.15,70,110,88,2.8,0.1,0.145,10,6.71,1,0.12,38,1,2,2,23.8,48.09,v2_lr,1
151115,2026-09-24,芦屋,2,4924,4.16,15.8,,,0,B1,0.15,3,65,18,4.3,0,0.204,10,6.8,0.1,-0.01,30.7,0.2751,2,2,23.8,29.02,v2_lr,0
151115,2026-09-24,芦屋,3,4313,6.14,44.5,0,0,5,A2,0.16,9,35,14,3.8,0.1,0.191,10,6.81,0,-0.06,37.38,0.9384,2,2,23.8,8.83,v2_lr,0
151115,2026-09-24,芦屋,4,4998,3.97,21.8,0,0.1111,9,B2,0.19,0,20,7,3.1,0.3,0.099,10,6.79,0.2,0.22,27.93,0,2,2,23.8,3.33,v2_lr,0
151115,2026-09-24,芦屋,5,4965,4.8,26.5,0.1111,0.3333,9,B1,0.21,3,52,10,4.8,0,0.171,10,6.78,0.3,0.17,28.74,0.0804,2,2,23.8,4.75,v2_lr,0
151115,2026-09-24,芦屋,6,5188,5.86,40.6,0.1579,0.2632,19,A2,0.16,4,63,13,2.5,0.2,0.197,10,6.71,1,0.1,30.77,0.282,2,2,23.8,5.98,v2_lr,0
151116,2026-09-24,芦屋,1,3470,5.13,29.1,0.2,0.4,10,B1,0.14,14,43,22,3.4,0.1,0.157,10,6.81,0.4375,0.02,33.33,0.1152,2,2,24.2,28.65,v2_lr,0
151116,2026-09-24,芦屋,2,3611,5.55,39,0.2,0.6,10,A2,0.15,11,69,32,2.5,0.2,0.134,10,6.79,0.5625,0.08,31.9,0.0311,2,2,24.2,23.24,v2_lr,1
151116,2026-09-24,芦屋,3,4484,5.08,27.5,0.0741,0.1852,27,B1,0.22,8,73,26,3.1,0.1,0.2,10,6.88,0,0,39.39,0.4712,2,2,24.2,8.34,v2_lr,0
151116,2026-09-24,芦屋,4,5227,0,0,0.1429,0.1429,7,B2,,1,21,4,2.5,0.2,0.145,10,6.83,0.3125,0,31.37,0,2,2,24.2,6.13,v2_lr,0
151116,2026-09-24,芦屋,5,4897,3.63,13,,,0,B1,0.21,1,34,3,3.5,0,0.18,10,6.86,0.125,-0.01,41.9,0.6187,2,2,24.2,5.15,v2_lr,0
151116,2026-09-24,芦屋,6,4050,6.66,48.6,0.5455,0.8182,11,A1,0.12,5,67,18,2.4,0.4,0.157,10,6.72,1,0.03,48.39,1,2,2,24.2,28.48,v2_lr,0
151117,2026-09-24,芦屋,1,3604,4.25,18.1,0.1,0.25,20,B1,0.18,17,51,29,4.5,0,0.189,10,6.67,1,0.02,39.09,0.6816,2,2,24.2,61.21,v2_lr,1
151117,2026-09-24,芦屋,2,4317,4.33,31.4,0,0.5,10,B1,0.19,7,61,25,2.7,0.3,0.166,10,6.77,0,0.21,25.96,0.0575,2,2,24.2,14.63,v2_lr,0
151117,2026-09-24,芦屋,3,4990,2.81,8.3,0,0,26,B2,0.26,2,37,3,4.3,0,0.226,10,6.75,0.2,0.32,45.79,1,2,2,24.2,10.82,v2_lr,0
151117,2026-09-24,芦屋,4,5296,3.1,14.6,0,0,9,B1,0.21,7,76,12,4.8,0,0.136,10,6.75,0.2,0.07,29.17,0.2101,2,2,24.2,5.98,v2_lr,0
151117,2026-09-24,芦屋,5,5365,2.25,4,0,0,6,B1,,0,75,2,4.9,0,0.227,10,6.74,0.3,0.16,24.75,0,2,2,24.2,2.95,v2_lr,0
151117,2026-09-24,芦屋,6,5182,5.18,35.8,0.0714,0.2857,14,B1,0.15,0,58,5,4.2,0.1,0.181,10,6.67,1,0.33,40.95,0.77,2,2,24.2,4.41,v2_lr,0
151118,2026-09-24,芦屋,1,3474,4.6,28,0.0667,0.4333,30,B1,0.2,22,66,41,4.4,0.1,0.142,10,6.85,0.1667,0.05,35.19,0.4058,1,1,24.1,23.6,v2_lr,0
151118,2026-09-24,芦屋,2,4885,6.26,47.2,0.2069,0.4138,29,A2,0.18,6,31,16,2.6,0.4,0.141,10,6.75,1,-0.1,36.45,0.4847,1,1,24.1,35.88,v2_lr,1
151118,2026-09-24,芦屋,3,4246,4.13,17.7,0,0.2857,7,B1,0.19,2,76,15,4.1,0.1,0.164,10,6.87,0,-0.01,30.69,0.124,1,1,24.1,5.93,v2_lr,0
151118,2026-09-24,芦屋,4,3232,6.15,40.7,0.2727,0.4545,11,A2,0.16,8,52,18,2.8,0.3,0.168,10,6.86,0.0833,0.04,44.68,1,1,1,24.1,21.7,v2_lr,0
151118,2026-09-24,芦屋,5,5164,3.08,12,0,0,9,B2,0.2,0,30,0,3.9,0.1,0.154,10,6.82,0.4167,0.02,28.71,0,1,1,24.1,2,v2_lr,0
151118,2026-09-24,芦屋,6,4900,5.34,33,0.2727,0.5455,11,B1,0.18,0,67,4,3.5,0.1,0.15,10,6.79,0.6667,-0.02,39.81,0.6951,1,1,24.1,10.88,v2_lr,0
151119,2026-09-24,芦屋,1,5129,5.64,37.5,0.1667,0.1667,12,A2,0.17,37,74,50,2.3,0.2,0.136,10,6.75,0.8571,0.15,40,1,2,2,24,49.46,v2_lr,0
151119,2026-09-24,芦屋,2,4998,3.97,21.8,0,0.1111,9,B2,0.19,1,14,4,3.1,0.3,0.099,10,6.74,0.9286,0.05,27.93,0,2,2,24,18.8,v2_lr,0
151119,2026-09-24,芦屋,3,4419,5.64,38.3,0,0.1111,9,A2,0.13,6,64,23,2.3,0.2,0.152,10,6.73,1,0.08,31.58,0.3024,2,2,24,12.79,v2_lr,0
151119,2026-09-24,芦屋,4,5342,1.81,1.1,0,0,9,B2,,0,60,2,4.6,0,0.207,10,6.76,0.7857,0.25,37.5,0.7929,2,2,24,5.67,v2_lr,0
151119,2026-09-24,芦屋,5,5155,6.1,45.6,0.1613,0.3226,31,A2,0.15,4,57,15,3.3,0.1,0.162,10,6.77,0.7143,0.12,32.11,0.3463,2,2,24,10.43,v2_lr,0
151119,2026-09-24,芦屋,6,4243,5.36,36.5,0.129,0.3226,31,B1,0.2,0,56,6,4.4,0.1,0.23,10,6.87,0,0.22,32.73,0.3977,2,2,24,2.85,v2_lr,1
151120,2026-09-24,芦屋,1,3611,5.55,39,0.2,0.6,10,A2,0.15,46,80,64,2.5,0.2,0.134,10,6.77,0.7273,0.24,31.9,0.1344,2,2,24.4,32.54,v2_lr,0
151120,2026-09-24,芦屋,2,4964,5.52,35.4,,,0,A2,0.17,9,34,15,1.8,0.6,0.124,10,6.74,1,0.04,45.87,1,2,2,24.4,29.18,v2_lr,1
151120,2026-09-24,芦屋,3,4525,4.88,27.5,0.1071,0.25,28,B1,0.11,0,57,13,3.5,0.1,0.166,10,6.8,0.4545,0.06,37.76,0.4975,2,2,24.4,13.47,v2_lr,0
151120,2026-09-24,芦屋,4,5272,4.14,25.2,0.1111,0.4444,9,B1,0.17,3,55,7,3.5,0.1,0.191,10,6.79,0.5455,0.1,38.83,0.5638,2,2,24.4,8.1,v2_lr,0
151120,2026-09-24,芦屋,5,3579,4.38,22.2,0.3333,0.3333,9,B1,0.2,4,50,7,3.1,0,0.148,10,6.8,0.4545,0.16,29.73,0,2,2,24.4,15.99,v2_lr,0
151120,2026-09-24,芦屋,6,4313,6.14,44.5,0,0,5,A2,0.16,0,33,2,3.8,0.1,0.191,10,6.85,0,0.3,37.38,0.474,2,2,24.4,0.72,v2_lr,0
151121,2026-09-24,芦屋,1,4974,5.54,36,0.2727,0.3636,11,A2,0.16,38,70,49,3.8,0.1,0.15,10,6.79,0.375,0.19,34.95,0.4242,2,2,25.4,40.94,v2_lr,1
151121,2026-09-24,芦屋,2,5188,5.86,40.6,0.1579,0.2632,19,A2,0.16,16,69,28,2.5,0.2,0.197,10,6.69,1,0.07,30.77,0.023,2,2,25.4,30.23,v2_lr,0
151121,2026-09-24,芦屋,3,5182,5.18,35.8,0.0714,0.2857,14,B1,0.15,5,74,20,4.2,0.1,0.181,10,6.74,0.6875,0.15,40.95,1,2,2,25.4,13.91,v2_lr,0
151121,2026-09-24,芦屋,4,4347,6.06,36.4,0.1,0.3667,30,A2,0.18,5,55,14,2.8,0.3,0.134,10,6.72,0.8125,0.04,30.53,0,2,2,25.4,10.11,v2_lr,0
151121,2026-09-24,芦屋,5,4484,5.08,27.5,0.0741,0.1852,27,B1,0.22,2,58,6,3.1,0.1,0.2,10,6.85,0,0.12,39.39,0.8503,2,2,25.4,3.44,v2_lr,0
151121,2026-09-24,芦屋,6,4240,5.78,42.5,0,0.2,10,A2,0.13,3,66,11,3.3,0.3,0.111,10,6.72,0.8125,0.34,40.74,0.9798,2,2,25.4,1.37,v2_lr,0
151122,2026-09-24,芦屋,1,4433,6.6,47.7,0.451,0.6667,51,A1,0.16,95,122,104,2.2,0.4,0.169,10,6.69,0.75,0.08,40.54,0.3425,2,2,25.2,24.63,v2_lr,1
151122,2026-09-24,芦屋,2,4050,6.66,48.6,0.5455,0.8182,11,A1,0.12,23,65,44,2.4,0.4,0.157,10,6.71,0.25,0.14,48.39,1,2,2,25.2,24.54,v2_lr,0
151122,2026-09-24,芦屋,3,4208,6.56,44.7,0.4,0.8,10,A1,0.15,10,67,21,2.3,0.5,0.143,10,6.72,0,0.05,37.86,0.1181,2,2,25.2,19.66,v2_lr,0
151122,2026-09-24,芦屋,4,4530,6.9,53.9,0.5333,0.7667,30,A1,0.16,11,63,26,1.7,0.5,0.126,10,6.7,0.5,0.21,40.54,0.3425,2,2,25.2,21.89,v2_lr,0
151122,2026-09-24,芦屋,5,3435,6.01,38.2,0.225,0.375,40,A2,0.15,1,67,19,2.8,0.1,0.145,10,6.7,0.5,0.15,38,0.1298,2,2,25.2,5.63,v2_lr,0
151122,2026-09-24,芦屋,6,4885,6.26,47.2,0.2069,0.4138,29,A2,0.18,1,22,4,2.6,0.4,0.141,10,6.68,1,0.08,36.45,0,2,2,25.2,3.66,v2_lr,0
151123,2026-09-24,福岡,1,4607,5.47,30.9,0.1333,0.3778,45,A2,0.18,48,98,74,4.2,0,0.168,10,6.87,0.2,0.2,26.12,0.2218,2,2,26,39.69,v2_lr,1
151123,2026-09-24,福岡,2,5013,5.25,34.9,0.0455,0.1818,22,B1,0.15,15,66,25,3.5,0.2,0.208,10,6.75,1,0.13,25.49,0.1559,2,2,26,25.61,v2_lr,0
151123,2026-09-24,福岡,3,5253,2.97,10.2,0,0,9,B2,0.25,5,45,12,3.6,0,0.202,10,6.9,0,0.19,25.74,0.182,2,2,26,6.82,v2_lr,0
151123,2026-09-24,福岡,4,4623,4.65,24.1,0.087,0.1739,23,B1,0.15,4,72,15,3.2,0.1,0.158,10,6.87,0.2,0.14,29.27,0.5513,2,2,26,9.25,v2_lr,0
151123,2026-09-24,福岡,5,5276,4.97,23.3,0.2273,0.3636,22,B1,0.18,4,62,9,3.5,0.1,0.146,10,6.8,0.6667,0.21,33.56,1,2,2,26,17.65,v2_lr,0
151123,2026-09-24,福岡,6,5459,0,0,0,0,3,B2,,0,28,0,5.9,0,0.19,10,6.83,0.4667,0.22,24,0,2,2,26,0.99,v2_lr,0
151124,2026-09-24,福岡,1,4017,5.44,33.9,0.3333,0.3333,3,B1,0.2,58,85,72,3.7,0.2,0.201,10,6.84,1,0.04,40.5,1,3,3,26,37.51,v2_lr,0
151124,2026-09-24,福岡,2,4181,4.11,19.5,0.1538,0.3846,13,B1,0.18,5,75,19,4.1,0,0.192,10,6.91,0,0.12,35.04,0.3906,3,3,26,18.68,v2_lr,0
151124,2026-09-24,福岡,3,3643,5.14,29.8,0.16,0.36,25,B1,0.2,5,69,18,4.1,0.1,0.167,10,6.89,0.2857,0.19,32.56,0.1138,3,3,26,13.62,v2_lr,0
151124,2026-09-24,福岡,4,3303,5.27,31.5,0.1429,0.3571,14,B1,0.2,2,76,14,4.1,0,0.222,10,6.88,0.4286,0.32,32.79,0.1395,3,3,26,7.44,v2_lr,0
151124,2026-09-24,福岡,5,3582,5.95,43.2,0.375,0.7083,24,A2,0.17,17,73,30,2.1,0.2,0.158,10,6.87,0.5714,0.19,32.37,0.0926,3,3,26,18.55,v2_lr,1
151124,2026-09-24,福岡,6,4287,5.77,37.9,0.2222,0.3704,27,A2,0.17,2,77,15,3.3,0.4,0.183,10,6.89,0.2857,0.16,31.54,0,3,3,26,4.2,v2_lr,0
151125,2026-09-24,福岡,1,5063,4.46,20.5,0.087,0.2174,23,B1,0.25,21,41,23,3.3,0.2,0.178,10,6.88,0.2667,0.12,30.63,0.4109,3,3,26,31.64,v2_lr,1
151125,2026-09-24,福岡,2,4257,4.45,24.7,0,0.4167,12,B1,0.15,3,56,23,3.6,0.1,0.131,10,6.89,0.2,0.11,35.04,0.655,3,3,26,13.56,v2_lr,0
151125,2026-09-24,福岡,3,3388,7.08,52,0.25,0.5,12,A1,0.18,9,58,18,3.3,0.3,0.184,10,6.92,0,0.26,30.95,0.4286,3,3,26,27.84,v2_lr,0
151125,2026-09-24,福岡,4,5302,3.82,19.1,0.1818,0.1818,11,B1,0.17,0,40,3,3.6,0.2,0.168,10,6.87,0.3333,0.13,26.67,0.1916,3,3,26,14.43,v2_lr,0
151125,2026-09-24,福岡,5,4947,4.61,21.7,0.1429,0.2857,21,B1,0.19,1,67,10,3.7,0.2,0.161,10,6.77,1,0.08,41.27,1,3,3,26,11.56,v2_lr,0
151125,2026-09-24,福岡,6,5447,0,0,0,0,2,B2,,0,34,0,5.8,0,0.149,10,6.84,0.5333,0.15,23.21,0,3,3,26,0.96,v2_lr,0
151126,2026-09-24,福岡,1,5261,4.34,24.4,0.1304,0.3043,23,B1,0.17,14,36,22,4.3,0.1,0.158,10,6.8,1,-0.04,35,0.602,3,3,26,34.76,v2_lr,0
151126,2026-09-24,福岡,2,4391,6.31,45.3,0.6154,0.7692,13,A1,0.14,20,78,41,3,0.2,0.124,10,6.88,0.1111,-0.05,37.32,0.7243,3,3,26,44.95,v2_lr,0
151126,2026-09-24,福岡,3,4691,4.45,23.9,0,0.125,8,B1,0.19,5,58,13,4.6,0.1,0.145,10,6.85,0.4444,0.04,32.59,0.475,3,3,26,7.54,v2_lr,0
151126,2026-09-24,福岡,4,4161,5.41,34.1,0,0,3,B1,0.18,5,63,17,3.5,0.1,0.147,10,6.88,0.1111,0.23,42.55,1,3,3,26,3.54,v2_lr,0
151126,2026-09-24,福岡,5,5134,5.69,39,0.1739,0.3043,23,A2,0.14,5,60,8,2.8,0.2,0.15,10,6.89,0,0.09,35.16,0.6104,3,3,26,6.36,v2_lr,1
151126,2026-09-24,福岡,6,4909,4.98,30.1,0.15,0.25,20,B1,0.18,0,56,4,3.4,0.1,0.177,10,6.86,0.3333,0.18,23.58,0,3,3,26,2.86,v2_lr,0
151127,2026-09-24,福岡,1,4764,5.17,32.6,0.0833,0.25,12,B1,0.16,32,57,40,3,0.2,0.132,10,6.78,1,0.08,28.57,0.4535,3,3,26,31.39,v2_lr,0
151127,2026-09-24,福岡,2,4649,4.74,25,0,0,8,B1,0.15,14,80,32,3.6,0.2,0.155,10,6.89,0.2667,0.11,23.2,0,3,3,26,10.96,v2_lr,0
151127,2026-09-24,福岡,3,4066,5.97,35.7,0.3333,0.6667,3,A2,0.17,7,80,32,3.2,0.2,0.136,10,6.86,0.4667,0.09,35.04,1,3,3,26,36.3,v2_lr,0
151127,2026-09-24,福岡,4,3664,4.69,22.6,0.1429,0.2857,14,B1,0.14,8,61,13,3.1,0.3,0.189,10,6.93,0,0.06,31.62,0.7111,3,3,26,9.81,v2_lr,0
151127,2026-09-24,福岡,5,5459,0,0,0,0,3,B2,,0,14,0,5.9,0,0.19,10,6.91,0.1333,0.12,24,0.0676,3,3,26,1.27,v2_lr,0
151127,2026-09-24,福岡,6,3300,5.6,37.8,0.3043,0.5652,23,A2,0.15,1,72,12,3.3,0.3,0.146,10,6.87,0.4,0.01,24.24,0.0878,3,3,26,10.27,v2_lr,1
151128,2026-09-24,福岡,1,3303,5.27,31.5,0.1429,0.3571,14,B1,0.2,35,86,59,4.1,0,0.222,10,6.87,0.4737,0.06,32.79,1,3,3,26,34.04,v2_lr,0
151128,2026-09-24,福岡,2,4962,5.79,34.1,0.1538,0.1538,13,A2,0.17,11,80,37,3.6,0.2,0.165,10,6.77,1,0.12,32.76,0.9959,3,3,26,31.54,v2_lr,1
151128,2026-09-24,福岡,3,4826,7.01,51,0.2326,0.4186,43,A1,0.13,22,99,48,3.3,0.2,0.109,10,6.86,0.5263,0.16,28.57,0.4219,3,3,26,25.98,v2_lr,0
151128,2026-09-24,福岡,4,4695,5.49,40.9,0,0.5,4,A2,0.15,10,69,22,3.4,0.1,0.132,10,6.88,0.4211,0.17,27.12,0.2233,3,3,26,3.47,v2_lr,0
151128,2026-09-24,福岡,5,5013,5.25,34.9,0.0455,0.1818,22,B1,0.15,2,66,9,3.5,0.2,0.208,10,6.8,0.8421,0.1,25.49,0,3,3,26,3.5,v2_lr,0
151128,2026-09-24,福岡,6,4449,3.93,23.6,0.0833,0.0833,12,B1,0.19,2,47,6,5.1,0,0.162,10,6.96,0,0.15,26.74,0.1712,3,3,26,1.47,v2_lr,0
151129,2026-09-24,福岡,1,4623,4.65,24.1,0.087,0.1739,23,B1,0.15,29,62,37,3.2,0.1,0.158,10,6.86,0.5,0.12,29.27,0.4539,3,3,26,22.55,v2_lr,1
151129,2026-09-24,福岡,2,2878,5.26,28.4,0.2121,0.4242,33,B1,0.15,10,77,29,3.4,0.1,0.16,10,6.88,0.25,0.08,14.56,0,3,3,26,23.7,v2_lr,0
151129,2026-09-24,福岡,3,3629,6.09,40.7,0.3333,0.6667,3,A2,0.14,11,76,23,2.5,0.4,0.136,10,6.9,0,0.07,33.33,0.5791,3,3,26,26.13,v2_lr,0
151129,2026-09-24,福岡,4,5180,2.69,13.8,0,0.1667,12,B2,0.2,2,36,3,3.7,0,0.19,10,6.82,1,-0.01,46.97,1,3,3,26,4.91,v2_lr,0
151129,2026-09-24,福岡,5,5447,0,0,0,0,2,B2,,0,14,0,5.8,0,0.149,10,6.86,0.5,0.19,23.21,0.2669,3,3,26,1.24,v2_lr,0
151129,2026-09-24,福岡,6,4063,6.37,45.8,0.5,0.5,4,A1,0.11,6,77,15,2.6,0.3,0.147,10,6.9,0,-0.01,39.55,0.7711,3,3,26,21.46,v2_lr,0
151130,2026-09-24,福岡,1,4656,5.67,39.1,0,0.25,4,A2,0.16,18,56,33,4.6,0,0.15,10,6.9,0.1875,-0.03,28.68,0.1007,3,3,26,18.88,v2_lr,1
151130,2026-09-24,福岡,2,5276,4.97,23.3,0.2273,0.3636,22,B1,0.18,8,76,27,3.5,0.1,0.146,10,6.85,0.5,0.06,33.56,0.4493,3,3,26,35.1,v2_lr,0
151130,2026-09-24,福岡,3,4947,4.61,21.7,0.1429,0.2857,21,B1,0.19,5,78,16,3.7,0.2,0.161,10,6.77,1,0.02,41.27,1,3,3,26,24.77,v2_lr,0
151130,2026-09-24,福岡,4,3643,5.14,29.8,0.16,0.36,25,B1,0.2,5,66,14,4.1,0.1,0.167,10,6.89,0.25,-0.01,32.56,0.3779,3,3,26,12.35,v2_lr,0
151130,2026-09-24,福岡,5,5015,6.69,51.8,0.1538,0.3077,13,A1,0.15,3,55,16,2.6,0.4,0.124,10,6.91,0.125,-0.05,39.74,0.8907,3,3,26,7.53,v2_lr,0
151130,2026-09-24,福岡,6,5085,5.58,34.5,0.0714,0.5,14,A2,0.24,0,58,2,3.5,0.1,0.198,10,6.93,0,0.2,27.27,0,3,3,26,1.37,v2_lr,0
151131,2026-09-24,福岡,1,4254,5.51,33,0.1667,0.5,24,A2,0.12,50,75,64,3.4,0.2,0.169,10,6.88,1,-0.08,34.35,0.3844,3,3,26,32.6,v2_lr,1
151131,2026-09-24,福岡,2,5134,5.69,39,0.1739,0.3043,23,A2,0.14,13,72,40,2.8,0.2,0.15,10,6.88,1,-0.06,35.16,0.4952,3,3,26,28.22,v2_lr,0
151131,2026-09-24,福岡,3,4287,5.77,37.9,0.2222,0.3704,27,A2,0.17,12,77,34,3.3,0.4,0.183,10,6.89,0.5,0.13,31.54,0,3,3,26,20.25,v2_lr,0
151131,2026-09-24,福岡,4,4257,4.45,24.7,0,0.4167,12,B1,0.15,10,60,18,3.6,0.1,0.131,10,6.89,0.5,0.05,35.04,0.4788,3,3,26,3.66,v2_lr,0
151131,2026-09-24,福岡,5,4736,6.7,54.3,0.2545,0.4727,55,A1,0.14,9,71,18,2.3,0.4,0.133,10,6.89,0.5,-0.01,38.85,1,3,3,26,13.12,v2_lr,0
151131,2026-09-24,福岡,6,3664,4.69,22.6,0.1429,0.2857,14,B1,0.14,3,55,6,3.1,0.3,0.189,10,6.9,0,0.1,31.62,0.0109,3,3,26,2.14,v2_lr,0
151132,2026-09-24,福岡,1,4269,6.04,41.1,0.2381,0.3333,42,A2,0.16,77,112,97,2.6,0.3,0.137,10,6.85,0.625,0.01,20.2,0,3,3,26,23.62,v2_lr,1
151132,2026-09-24,福岡,2,5302,3.82,19.1,0.1818,0.1818,11,B1,0.17,0,39,4,3.6,0.2,0.168,10,6.84,0.75,0.1,26.67,0.3779,3,3,26,17.94,v2_lr,0
151132,2026-09-24,福岡,3,3582,5.95,43.2,0.375,0.7083,24,A2,0.17,17,89,42,2.1,0.2,0.158,10,6.88,0.25,0.15,32.37,0.7109,3,3,26,21.58,v2_lr,0
151132,2026-09-24,福岡,4,4764,5.17,32.6,0.0833,0.25,12,B1,0.16,6,55,11,3,0.2,0.132,10,6.82,1,-0.04,28.57,0.4889,3,3,26,6.42,v2_lr,0
151132,2026-09-24,福岡,5,4391,6.31,45.3,0.6154,0.7692,13,A1,0.14,7,66,19,3,0.2,0.124,10,6.9,0,-0.19,37.32,1,3,3,26,24.85,v2_lr,0
151132,2026-09-24,福岡,6,4826,7.01,51,0.2326,0.4186,43,A1,0.13,10,85,25,3.3,0.2,0.109,10,6.85,0.625,-0.19,28.57,0.4889,3,3,26,5.59,v2_lr,0
151133,2026-09-24,福岡,1,4024,6.44,34.7,0.2,0.4667,30,A1,0.16,61,95,74,3.6,0.2,0.155,10,6.84,1,0.09,35.29,0.5295,3,3,26,26.96,v2_lr,1
151133,2026-09-24,福岡,2,4695,5.49,40.9,0,0.5,4,A2,0.15,6,69,24,3.4,0.1,0.132,10,6.89,0.4444,0.09,27.12,0,3,3,26,7.54,v2_lr,0
151133,2026-09-24,福岡,3,4017,5.44,33.9,0.3333,0.3333,3,B1,0.2,9,77,27,3.7,0.2,0.201,10,6.88,0.5556,0.15,40.5,0.8671,3,3,26,24.07,v2_lr,0
151133,2026-09-24,福岡,4,4063,6.37,45.8,0.5,0.5,4,A1,0.11,9,75,27,2.6,0.3,0.147,10,6.93,0,0.07,39.55,0.8056,3,3,26,26.15,v2_lr,0
151133,2026-09-24,福岡,5,4066,5.97,35.7,0.3333,0.6667,3,A2,0.17,5,72,18,3.2,0.2,0.136,10,6.88,0.5556,0.12,35.04,0.5133,3,3,26,13.96,v2_lr,0
151133,2026-09-24,福岡,6,4161,5.41,34.1,0,0,3,B1,0.18,2,65,9,3.5,0.1,0.147,10,6.85,0.8889,-0.01,42.55,1,3,3,26,1.32,v2_lr,0
151134,2026-09-24,福岡,1,3388,7.08,52,0.25,0.5,12,A1,0.18,64,87,74,3.3,0.3,0.184,10,6.89,0.7778,0.08,30.95,0.4329,3,3,26,28.47,v2_lr,1
151134,2026-09-24,福岡,2,5015,6.69,51.8,0.1538,0.3077,13,A1,0.15,17,75,44,2.6,0.4,0.124,10,6.87,1,-0.04,39.74,1,3,3,26,22.68,v2_lr,0
151134,2026-09-24,福岡,3,3300,5.6,37.8,0.3043,0.5652,23,A2,0.15,8,74,29,3.3,0.3,0.146,10,6.9,0.6667,0,24.24,0,3,3,26,22.89,v2_lr,0
151134,2026-09-24,福岡,4,3629,6.09,40.7,0.3333,0.6667,3,A2,0.14,11,72,32,2.5,0.4,0.136,10,6.96,0,0.08,33.33,0.5865,3,3,26,17.28,v2_lr,0
151134,2026-09-24,福岡,5,4607,5.47,30.9,0.1333,0.3778,45,A2,0.18,3,79,20,4.2,0,0.168,10,6.9,0.6667,-0.04,26.12,0.1213,3,3,26,4.91,v2_lr,0
151134,2026-09-24,福岡,6,4962,5.79,34.1,0.1538,0.1538,13,A2,0.17,1,75,7,3.6,0.2,0.165,10,6.89,0.7778,-0.03,32.76,0.5497,3,3,26,3.77,v2_lr,0
