race_id,date,venue,lane,player_id,global_win_rate,global_2rate,local_win_rate,local_2rate,local_race_cnt,grade_period,avg_st,course_rank1,course_count,course_rank2,recent10_avg_rank,recent10_win_rate,recent10_st_mean,recent10_count,exhibit_time_raw,exhibit_time_rel,start_timing,motor_2rate,motor_2rate_rel,wind_speed,wave_height,temperature,score_total_current,model_version,is_winner
151891,2026-09-26,戸田,1,3277,4.05,17.1,0,0,6,B1,0.19,23,62,32,4.2,0.1,0.131,10,6.65,0.6,0.07,25.81,0.2648,2,1,18,28.02,v2_lr,0
151891,2026-09-26,戸田,2,3463,5.13,23.3,0.1429,0.2143,14,B1,0.19,2,66,17,4.8,0,0.138,10,6.6,0.9333,0.14,26.67,0.304,2,1,18,38.96,v2_lr,0
151891,2026-09-26,戸田,3,5003,4.67,32.1,0,0.2353,17,B1,0.15,9,79,26,2.7,0.2,0.104,10,6.59,1,0.21,36,0.7293,2,1,18,12.45,v2_lr,0
151891,2026-09-26,戸田,4,4982,5.04,33.3,0,0.5714,7,B1,0.17,3,51,14,3.3,0.1,0.186,10,6.74,0,0.07,41.94,1,2,1,18,4.85,v2_lr,0
151891,2026-09-26,戸田,5,3873,4.04,21.1,0.2,0.6,5,B1,0.15,5,65,16,2.5,0.1,0.166,10,6.65,0.6,0.07,20,0,2,1,18,12.05,v2_lr,1
151891,2026-09-26,戸田,6,5445,0,0,,,0,B2,,0,28,0,5.4,0,0.111,10,6.67,0.4667,0.15,25,0.2279,2,1,18,3.67,v2_lr,0
151892,2026-09-26,戸田,1,5226,6.37,48.5,0.1818,0.3636,22,B1,0.16,50,74,59,2.9,0.3,0.121,10,6.62,1,0.08,42.11,1,2,1,19,30.64,v2_lr,1
151892,2026-09-26,戸田,2,4342,6.21,44.6,0.4737,0.7368,19,A2,0.17,16,74,41,2.6,0.2,0.128,10,6.69,0,0.05,23.33,0,2,1,19,34.05,v2_lr,0
151892,2026-09-26,戸田,3,4587,6.36,52.5,0.1429,0.2857,7,A1,0.17,22,86,35,3,0.4,0.182,10,6.62,1,-0.09,30,0.3552,2,1,19,17.42,v2_lr,0
151892,2026-09-26,戸田,4,5203,4.9,28.1,0.2222,0.4444,9,B1,0.17,2,76,11,3.8,0.1,0.153,10,6.64,0.7143,-0.03,27.59,0.2268,2,1,19,14.93,v2_lr,0
151892,2026-09-26,戸田,5,5258,4.86,27.1,0,0,6,B1,0.13,3,66,10,4.8,0.1,0.205,10,6.65,0.5714,0.08,39.39,0.8552,2,1,19,2.08,v2_lr,0
151892,2026-09-26,戸田,6,5433,1.72,1.6,0,0.0714,14,B2,,0,69,1,4.9,0,0.153,10,6.64,0.7143,0.17,32.26,0.4755,2,1,19,0.87,v2_lr,0
151893,2026-09-26,戸田,1,3857,4.63,25.8,0.2857,0.2857,7,B1,0.19,11,34,17,3.1,0.2,0.133,10,6.65,0.4737,0.06,46.67,0.8296,2,1,19,55.12,v2_lr,1
151893,2026-09-26,戸田,2,4734,7.35,57.9,0,0.3333,9,A1,0.13,22,76,51,3.9,0.1,0.144,10,6.74,0,0.09,54.84,1,2,1,19,15.11,v2_lr,0
151893,2026-09-26,戸田,3,4462,5.21,35.2,0.0556,0.3333,18,B1,0.16,5,57,25,3.6,0.2,0.15,10,6.64,0.5263,0.01,24.14,0.3596,2,1,19,14.5,v2_lr,0
151893,2026-09-26,戸田,4,3747,5.47,36.3,0,0.7143,7,A2,0.18,12,68,25,2.6,0.1,0.133,10,6.55,1,0.11,6.9,0,2,1,19,6.15,v2_lr,0
151893,2026-09-26,戸田,5,5277,5.37,31.5,0.125,0.25,8,B1,0.15,1,69,8,3.5,0,0.156,10,6.67,0.3684,0.08,25,0.3776,2,1,19,7.06,v2_lr,0
151893,2026-09-26,戸田,6,3800,5.55,40.2,0.0588,0.2353,17,A2,0.14,1,64,4,3.2,0.2,0.127,10,6.69,0.2632,0.14,31.43,0.5117,2,1,19,2.06,v2_lr,0
151894,2026-09-26,戸田,1,4183,4.82,33,0.3,0.55,20,B1,0.15,63,87,75,4.6,0.1,0.216,10,6.65,0,0.19,42.5,0.5999,2,1,19,37.06,v2_lr,0
151894,2026-09-26,戸田,2,2538,3.51,7.5,0,0,1,B1,0.22,2,63,5,4.7,0,0.21,10,6.63,0.4,0.13,24,0,2,1,19,10.36,v2_lr,0
151894,2026-09-26,戸田,3,5246,5.56,38.4,0.1563,0.3646,96,A2,0.18,8,66,25,3.1,0.2,0.164,10,6.64,0.2,0.24,32.14,0.2639,2,1,19,13.85,v2_lr,1
151894,2026-09-26,戸田,4,4640,6.03,41,0.3125,0.375,16,A2,0.15,8,87,28,3.4,0.2,0.178,10,6.63,0.4,0.28,34.15,0.3291,2,1,19,21.42,v2_lr,0
151894,2026-09-26,戸田,5,5389,2.3,2.9,0,0,9,B1,,0,108,1,4.8,0,0.15,10,6.6,1,0.25,38.71,0.477,2,1,19,2.3,v2_lr,0
151894,2026-09-26,戸田,6,4500,7.15,45.1,0.3077,0.5385,26,A1,0.12,6,64,13,2.9,0.3,0.135,10,6.6,1,0.08,54.84,1,2,1,19,15.01,v2_lr,0
151895,2026-09-26,戸田,1,3661,5.58,30.6,0.0556,0.1111,18,A2,0.2,31,80,53,4.3,0,0.176,10,6.63,0.6667,0.02,21.88,0.3558,1,1,19,32.7,v2_lr,0
151895,2026-09-26,戸田,2,3539,3.8,18.1,0,0.1111,9,B1,0.18,4,81,18,4.7,0,0.164,10,6.65,0.3333,-0.13,33.33,0.7341,1,1,19,16.58,v2_lr,0
151895,2026-09-26,戸田,3,3277,4.05,17.1,0,0,6,B1,0.19,1,72,14,4.2,0.1,0.131,10,6.61,1,-0.07,25.81,0.4856,1,1,19,12.98,v2_lr,0
151895,2026-09-26,戸田,4,4524,6.85,40,0.2941,0.3529,17,A1,0.14,9,79,27,3,0.2,0.16,10,6.67,0,-0.02,11.11,0,1,1,19,25.94,v2_lr,1
151895,2026-09-26,戸田,5,3748,4.38,19.2,0.06,0.12,50,B1,0.16,1,71,7,3.7,0,0.173,10,6.62,0.8333,0.26,41.38,1,1,1,19,5.13,v2_lr,0
151895,2026-09-26,戸田,6,5410,1.83,3.8,,,0,B2,,0,114,1,5.2,0,0.156,10,6.61,1,-0.04,40,0.9544,1,1,19,6.67,v2_lr,0
151896,2026-09-26,戸田,1,5258,4.86,27.1,0,0,6,B1,0.13,21,39,24,4.8,0.1,0.205,10,6.65,0.5,-0.12,39.39,0.7675,2,1,19,23.39,v2_lr,0
151896,2026-09-26,戸田,2,4982,5.04,33.3,0,0.5714,7,B1,0.17,3,62,16,3.3,0.1,0.186,10,6.67,0.1667,0.11,41.94,0.9035,2,1,19,11.48,v2_lr,0
151896,2026-09-26,戸田,3,4906,5.73,39.5,0.1951,0.3171,41,A2,0.18,8,69,27,2.9,0.2,0.159,10,6.67,0.1667,0.11,43.75,1,2,1,19,21.87,v2_lr,0
151896,2026-09-26,戸田,4,4145,3.91,13.6,0,0.1034,29,B1,0.23,3,76,9,4.3,0.1,0.23,10,6.62,1,0.05,30,0.2667,2,1,19,5.64,v2_lr,0
151896,2026-09-26,戸田,5,4356,5.84,44.9,0.3333,0.5333,15,A2,0.14,2,64,18,3,0.2,0.168,10,6.68,0,-0.12,40.48,0.8256,2,1,19,19.38,v2_lr,1
151896,2026-09-26,戸田,6,3737,6.87,46.2,0.3636,0.3636,11,A1,0.16,2,61,13,2.7,0.3,0.121,10,6.64,0.6667,-0.12,25,0,2,1,19,18.23,v2_lr,0
151897,2026-09-26,戸田,1,4832,7.05,48.9,,,0,A1,0.14,63,98,79,2.4,0.2,0.136,10,6.62,0.9167,-0.12,55,1,2,1,19,32.51,v2_lr,1
151897,2026-09-26,戸田,2,3381,5.22,35.6,0.1806,0.3333,72,B1,0.15,5,71,17,4.6,0,0.145,10,6.61,1,-0.06,29.63,0.5025,2,1,19,27.52,v2_lr,0
151897,2026-09-26,戸田,3,3857,4.63,25.8,0.2857,0.2857,7,B1,0.19,5,33,9,3.1,0.2,0.133,10,6.67,0.5,0.15,46.67,0.8367,2,1,19,25.8,v2_lr,0
151897,2026-09-26,戸田,4,3463,5.13,23.3,0.1429,0.2143,14,B1,0.19,3,69,14,4.8,0,0.138,10,6.72,0.0833,0.19,26.67,0.4445,2,1,19,7.41,v2_lr,0
151897,2026-09-26,戸田,5,4340,0,0,,,0,B2,,0,13,0,4.6,0,0.221,10,6.69,0.3333,0.08,32.35,0.5559,2,1,19,4.22,v2_lr,0
151897,2026-09-26,戸田,6,4876,4.92,31.6,0.1765,0.3529,17,B1,0.18,0,58,2,3.3,0.2,0.151,10,6.73,0,0.07,4,0,2,1,19,2.55,v2_lr,0
151898,2026-09-26,戸田,1,5003,4.67,32.1,0,0.2353,17,B1,0.15,22,47,31,2.7,0.2,0.104,10,6.68,0.7222,0.07,36,0.6286,1,1,19,21.67,v2_lr,0
151898,2026-09-26,戸田,2,5277,5.37,31.5,0.125,0.25,8,B1,0.15,11,76,31,3.5,0,0.156,10,6.69,0.6667,0.07,25,0,1,1,19,24.48,v2_lr,1
151898,2026-09-26,戸田,3,4183,4.82,33,0.3,0.55,20,B1,0.15,14,72,29,4.6,0.1,0.216,10,6.63,1,0.02,42.5,1,1,1,19,36.49,v2_lr,0
151898,2026-09-26,戸田,4,3801,4.75,36.6,0.0667,0.3333,15,B1,0.21,9,48,18,5.2,0,0.191,10,6.77,0.2222,-0.08,37.5,0.7143,1,1,19,6.63,v2_lr,0
151898,2026-09-26,戸田,5,5203,4.9,28.1,0.2222,0.4444,9,B1,0.17,2,65,7,3.8,0.1,0.153,10,6.81,0,-0.03,27.59,0.148,1,1,19,8.84,v2_lr,0
151898,2026-09-26,戸田,6,5151,4.41,18.6,0,0.1667,6,B1,0.19,1,44,3,3.7,0.1,0.201,10,6.63,1,-0.09,31.25,0.3571,1,1,19,1.89,v2_lr,0
151899,2026-09-26,戸田,1,4640,6.03,41,0.3125,0.375,16,A2,0.15,59,94,83,3.4,0.2,0.178,10,6.56,1,0.05,34.15,0.418,1,1,18,44.42,v2_lr,1
151899,2026-09-26,戸田,2,4012,6.07,46,0.1875,0.375,16,A2,0.13,16,74,29,2.9,0.4,0.128,10,6.68,0.2941,0.16,30,0.2954,1,1,18,27.36,v2_lr,0
151899,2026-09-26,戸田,3,3661,5.58,30.6,0.0556,0.1111,18,A2,0.2,5,80,17,4.3,0,0.176,10,6.73,0,0.08,21.88,0.0555,1,1,18,8.63,v2_lr,0
151899,2026-09-26,戸田,4,3873,4.04,21.1,0.2,0.6,5,B1,0.15,9,69,18,2.5,0.1,0.166,10,6.72,0.0588,0.11,20,0,1,1,18,11.35,v2_lr,0
151899,2026-09-26,戸田,5,5096,5.63,36.2,,,0,A2,0.16,6,79,23,3.5,0.1,0.128,10,6.68,0.2941,0.24,53.85,1,1,1,18,6.8,v2_lr,0
151899,2026-09-26,戸田,6,4462,5.21,35.2,0.0556,0.3333,18,B1,0.16,3,50,6,3.6,0.2,0.15,10,6.7,0.1765,0.07,24.14,0.1223,1,1,18,1.44,v2_lr,0
151900,2026-09-26,戸田,1,5246,5.56,38.4,0.1563,0.3646,96,A2,0.18,25,56,34,3.1,0.2,0.164,10,6.69,0.5,0.07,32.14,0.5856,2,1,18,42.87,v2_lr,1
151900,2026-09-26,戸田,2,3747,5.47,36.3,0,0.7143,7,A2,0.18,8,75,28,2.6,0.1,0.133,10,6.69,0.5,-0.05,6.9,0,2,1,18,15.67,v2_lr,0
151900,2026-09-26,戸田,3,3507,4.41,26.5,0,0,5,B1,0.18,2,49,12,4.3,0.1,0.184,10,6.7,0.375,-0.01,13.04,0.1425,2,1,18,8.93,v2_lr,0
151900,2026-09-26,戸田,4,5226,6.37,48.5,0.1818,0.3636,22,B1,0.16,11,56,17,2.9,0.3,0.121,10,6.73,0,0.27,42.11,0.8169,2,1,18,13.53,v2_lr,0
151900,2026-09-26,戸田,5,4906,5.73,39.5,0.1951,0.3171,41,A2,0.18,5,83,17,2.9,0.2,0.159,10,6.7,0.375,0.09,43.75,0.855,2,1,18,11.84,v2_lr,0
151900,2026-09-26,戸田,6,4526,5.83,43.1,0.1667,0.5833,24,A2,0.15,2,57,8,2.9,0.1,0.133,10,6.65,1,0.17,50,1,2,1,18,7.16,v2_lr,0
151901,2026-09-26,戸田,1,4356,5.84,44.9,0.3333,0.5333,15,A2,0.14,61,86,75,3,0.2,0.168,10,6.68,1,-0.05,40.48,1,1,1,18,37.47,v2_lr,1
151901,2026-09-26,戸田,2,4876,4.92,31.6,0.1765,0.3529,17,B1,0.18,3,77,26,3.3,0.2,0.151,10,6.73,0.5455,-0.03,4,0,1,1,18,23.68,v2_lr,0
151901,2026-09-26,戸田,3,4466,5.62,37.3,0,0,1,A2,0.16,13,84,30,3.3,0.1,0.247,10,6.69,0.9091,0.07,19.23,0.4175,1,1,18,7.94,v2_lr,0
151901,2026-09-26,戸田,4,3539,3.8,18.1,0,0.1111,9,B1,0.18,1,76,8,4.7,0,0.164,10,6.69,0.9091,0.22,33.33,0.804,1,1,18,4.14,v2_lr,0
151901,2026-09-26,戸田,5,4342,6.21,44.6,0.4737,0.7368,19,A2,0.17,6,69,20,2.6,0.2,0.128,10,6.79,0,0.28,23.33,0.5299,1,1,18,23.11,v2_lr,0
151901,2026-09-26,戸田,6,5002,5.78,38.7,0.1429,0.2857,14,A2,0.15,2,78,8,3,0.2,0.154,10,6.68,1,0.21,23.33,0.5299,1,1,18,3.65,v2_lr,0
151902,2026-09-26,戸田,1,4524,6.85,40,0.2941,0.3529,17,A1,0.14,75,93,82,3,0.2,0.16,10,6.65,0.6875,0.11,11.11,0,1,1,18,29.1,v2_lr,1
151902,2026-09-26,戸田,2,3737,6.87,46.2,0.3636,0.3636,11,A1,0.16,14,69,37,2.7,0.3,0.121,10,6.63,0.8125,0.05,25,0.3165,1,1,18,29.25,v2_lr,0
151902,2026-09-26,戸田,3,4500,7.15,45.1,0.3077,0.5385,26,A1,0.12,28,81,48,2.9,0.3,0.135,10,6.6,1,-0.08,54.84,0.9964,1,1,18,26.51,v2_lr,0
151902,2026-09-26,戸田,4,4832,7.05,48.9,,,0,A1,0.14,22,71,40,2.4,0.2,0.136,10,6.66,0.625,-0.1,55,1,1,1,18,11.58,v2_lr,0
151902,2026-09-26,戸田,5,4734,7.35,57.9,0,0.3333,9,A1,0.13,1,65,15,3.9,0.1,0.144,10,6.74,0.125,-0.05,54.84,0.9964,1,1,18,1.68,v2_lr,0
151902,2026-09-26,戸田,6,4587,6.36,52.5,0.1429,0.2857,7,A1,0.17,2,70,10,3,0.4,0.182,10,6.76,0,0.06,30,0.4304,1,1,18,1.88,v2_lr,0
151903,2026-09-26,江戸川,1,4875,5.09,28.2,0.2333,0.3833,60,B1,0.16,19,54,32,3.2,0.1,0.156,10,6.49,0.1429,-0.01,38.16,0.6784,4,5,19,45.96,v2_lr,1
151903,2026-09-26,江戸川,2,4023,3.93,19.5,0.1471,0.2059,34,B1,0.18,5,69,13,5.2,0,0.17,10,6.49,0.1429,0.18,23.29,0,4,5,19,25.06,v2_lr,0
151903,2026-09-26,江戸川,3,3503,4.12,18.8,0.08,0.24,25,B1,0.17,2,66,17,3.4,0.1,0.11,10,6.48,0.2857,0.12,45.21,1,4,5,19,14.89,v2_lr,0
151903,2026-09-26,江戸川,4,5244,4.14,18.8,0.1081,0.1892,37,B1,0.14,3,59,7,3.8,0.1,0.126,10,6.5,0,0.16,31.58,0.3782,4,5,19,7.95,v2_lr,0
151903,2026-09-26,江戸川,5,4724,3.28,8,0.0714,0.1429,14,B1,0.22,1,47,3,4.1,0,0.196,10,6.46,0.5714,0.17,31.58,0.3782,4,5,19,4.51,v2_lr,0
151903,2026-09-26,江戸川,6,5424,1.29,1.6,0,0,18,B2,,1,66,1,5.6,0,0.161,10,6.43,1,0.2,39.73,0.75,4,5,19,1.63,v2_lr,0
151904,2026-09-26,江戸川,1,3934,4.84,25.2,0.1053,0.2632,19,B1,0.17,23,72,37,2.6,0.2,0.15,10,6.59,0.1333,0,45.57,0.7717,5,5,19,25.74,v2_lr,1
151904,2026-09-26,江戸川,2,4568,5.42,36.1,0.1951,0.4146,41,B1,0.16,4,76,25,3,0.2,0.135,10,6.59,0.1333,0.01,47.44,0.8446,5,5,19,26.06,v2_lr,0
151904,2026-09-26,江戸川,3,4873,4.88,28.9,,,0,B1,0.17,6,67,24,3.1,0.2,0.174,10,6.51,0.6667,-0.01,33.78,0.3124,5,5,19,18.63,v2_lr,0
151904,2026-09-26,江戸川,4,4952,3.88,16.2,0.0938,0.1563,32,B1,0.18,3,57,9,4.3,0,0.147,10,6.61,0,0.16,25.76,0,5,5,19,4.94,v2_lr,0
151904,2026-09-26,江戸川,5,4540,5.73,34.9,0.3,0.3,10,A2,0.13,2,61,8,3.1,0.2,0.136,10,6.51,0.6667,-0.02,39.47,0.5341,5,5,19,17.77,v2_lr,0
151904,2026-09-26,江戸川,6,5093,4.42,30.6,0.2,0.4,10,B2,0.16,1,61,7,4.6,0,0.215,10,6.46,1,0.05,51.43,1,5,5,19,6.86,v2_lr,0
151905,2026-09-26,江戸川,1,4035,4.02,22.9,0.1,0.1,10,B1,0.23,21,59,30,4.7,0,0.14,10,6.58,0,0.13,38.46,0.8215,5,5,19,24.6,v2_lr,1
151905,2026-09-26,江戸川,2,5035,5.5,36,0.2222,0.2222,9,A2,0.18,9,70,31,3.4,0.1,0.12,10,6.45,0.7222,0.03,20,0,5,5,19,31.59,v2_lr,0
151905,2026-09-26,江戸川,3,4440,4.89,23.5,0.1507,0.3014,73,B1,0.16,6,76,17,3.9,0.2,0.169,10,6.49,0.5,0.07,30.56,0.47,5,5,19,18.16,v2_lr,0
151905,2026-09-26,江戸川,4,4508,5.84,43.6,0.16,0.44,25,A2,0.15,6,51,13,3.5,0,0.192,10,6.4,1,0.23,38.46,0.8215,5,5,19,14.06,v2_lr,0
151905,2026-09-26,江戸川,5,5172,4.84,26.7,,,0,B1,0.18,4,58,11,3.8,0.1,0.162,10,6.53,0.2778,0.09,42.47,1,5,5,19,6.99,v2_lr,0
151905,2026-09-26,江戸川,6,4957,5.36,31,0.2143,0.6071,28,B1,0.17,3,61,6,3.5,0.1,0.17,10,6.53,0.2778,0.17,25,0.2225,5,5,19,4.6,v2_lr,0
151906,2026-09-26,江戸川,1,5328,3.94,16.6,0.1667,0.1667,6,B1,0.2,5,18,8,3,0.2,0.151,10,6.62,0.1739,0.31,30.77,0.3451,5,5,19,27.87,v2_lr,0
151906,2026-09-26,江戸川,2,5032,5.51,32.7,0.5,0.5,4,A2,0.15,11,62,25,3,0.3,0.103,10,6.43,1,0.38,46.67,1,5,5,19,41.21,v2_lr,0
151906,2026-09-26,江戸川,3,3508,5.59,34.4,0.125,0.3125,16,A2,0.19,6,70,17,3.6,0.1,0.188,10,6.5,0.6957,0.21,33.8,0.4699,5,5,19,15.37,v2_lr,1
151906,2026-09-26,江戸川,4,4615,4.24,20.9,0.1316,0.1579,38,B1,0.15,4,59,12,4.3,0,0.185,10,6.6,0.2609,0.17,22.39,0,5,5,19,7.44,v2_lr,0
151906,2026-09-26,江戸川,5,5235,3,11.1,,,0,B2,0.2,1,44,1,4.3,0.1,0.21,10,6.61,0.2174,0.11,38.16,0.6495,5,5,19,5.58,v2_lr,0
151906,2026-09-26,江戸川,6,5404,2.14,2.6,,,0,B1,,1,129,4,5.6,0,0.185,10,6.66,0,0.09,31.94,0.3933,5,5,19,2.54,v2_lr,0
151907,2026-09-26,江戸川,1,4565,3.63,12.3,0,0,9,B1,0.18,19,52,29,3.6,0.2,0.111,10,6.56,1,0.79,21.79,0.2184,4,5,19,16.68,v2_lr,0
151907,2026-09-26,江戸川,2,4377,6.3,50.8,0.2258,0.5161,31,A1,0.13,16,77,47,2.8,0.3,0.123,10,6.58,0.75,0.17,35.14,1,4,5,19,35.66,v2_lr,0
151907,2026-09-26,江戸川,3,4619,4.8,28.5,0.1818,0.3636,66,B1,0.18,7,65,24,3.5,0.3,0.153,10,6.57,0.875,0.21,18.06,0,4,5,19,22.1,v2_lr,0
151907,2026-09-26,江戸川,4,4259,5.62,37.5,0.2,0.6,10,A2,0.13,5,81,15,3.4,0.2,0.154,10,6.63,0.125,0.06,29.73,0.6833,4,5,19,14.51,v2_lr,1
151907,2026-09-26,江戸川,5,3482,4.81,27,0.1525,0.3729,59,B1,0.15,6,74,17,3.4,0.1,0.134,10,6.64,0,0.09,33.78,0.9204,4,5,19,6.17,v2_lr,0
151907,2026-09-26,江戸川,6,5219,4.73,30.3,,,0,B1,0.2,0,49,6,2.8,0.2,0.147,10,6.59,0.625,0.04,30.77,0.7441,4,5,19,4.88,v2_lr,0
151908,2026-09-26,江戸川,1,4873,4.88,28.9,,,0,B1,0.17,44,81,58,3.1,0.2,0.174,10,6.63,0.6842,-0.17,33.78,0.6852,5,5,19,31.94,v2_lr,0
151908,2026-09-26,江戸川,2,4728,4.21,26.3,0.1837,0.3061,49,B1,0.18,7,64,17,3.3,0.2,0.216,10,6.71,0.2632,0.01,29.58,0.463,5,5,19,23.95,v2_lr,0
151908,2026-09-26,江戸川,3,4201,3.91,15.1,0.0526,0.2105,19,B1,0.2,4,58,14,4,0.1,0.16,10,6.6,0.8421,-0.1,31.94,0.5878,5,5,19,12.52,v2_lr,0
151908,2026-09-26,江戸川,4,4934,5.53,40,0.3333,0.4444,9,A2,0.17,9,73,26,3.5,0.2,0.161,10,6.57,1,0.08,39.13,0.9683,5,5,19,27.63,v2_lr,0
151908,2026-09-26,江戸川,5,5424,1.29,1.6,0,0,18,B2,,1,22,1,5.6,0,0.161,10,6.59,0.8947,0.01,39.73,1,5,5,19,2.61,v2_lr,0
151908,2026-09-26,江戸川,6,5303,5.56,31.8,0.0667,0.2667,15,A2,0.19,0,63,4,2.6,0.2,0.117,10,6.76,0,0.02,20.83,0,5,5,19,1.35,v2_lr,1
151909,2026-09-26,江戸川,1,4231,5.33,29.3,0.1875,0.5,16,B1,0.18,39,81,59,3.7,0.1,0.18,10,6.64,0.4444,0.12,18.92,0,6,5,19,30.67,v2_lr,0
151909,2026-09-26,江戸川,2,4724,3.28,8,0.0714,0.1429,14,B1,0.22,2,51,6,4.1,0,0.196,10,6.61,0.7778,0.04,31.58,0.3894,6,5,19,18.51,v2_lr,0
151909,2026-09-26,江戸川,3,4364,6.53,46.6,0.4167,0.4583,24,A1,0.14,18,83,40,4.2,0.1,0.124,10,6.59,1,0.05,35.62,0.5137,6,5,19,36.81,v2_lr,0
151909,2026-09-26,江戸川,4,4440,4.89,23.5,0.1507,0.3014,73,B1,0.16,1,67,12,3.9,0.2,0.169,10,6.67,0.1111,0.38,30.56,0.358,6,5,19,7.24,v2_lr,0
151909,2026-09-26,江戸川,5,5093,4.42,30.6,0.2,0.4,10,B2,0.16,1,68,8,4.6,0,0.215,10,6.67,0.1111,0.33,51.43,1,6,5,19,6.21,v2_lr,1
151909,2026-09-26,江戸川,6,3906,4.23,25.8,0,0.3,10,B1,0.21,1,48,6,4.2,0,0.201,10,6.68,0,0.41,25,0.187,6,5,19,0.55,v2_lr,0
151910,2026-09-26,江戸川,1,5004,5.65,34.7,0.1852,0.3333,27,A2,0.13,31,61,43,2.6,0.4,0.132,10,6.55,1,0.03,41.56,0.7525,6,5,19,33.65,v2_lr,0
151910,2026-09-26,江戸川,2,4957,5.36,31,0.2143,0.6071,28,B1,0.17,14,75,32,3.5,0.1,0.17,10,6.56,0.9375,0.1,25,0.0556,6,5,19,28.56,v2_lr,0
151910,2026-09-26,江戸川,3,3907,5.26,34.4,0.2162,0.4054,37,B1,0.16,9,78,30,2.8,0.5,0.157,10,6.71,0,0.11,23.68,0,6,5,19,16.59,v2_lr,1
151910,2026-09-26,江戸川,4,4568,5.42,36.1,0.1951,0.4146,41,B1,0.16,10,68,20,3,0.2,0.135,10,6.67,0.25,0.18,47.44,1,6,5,19,12.01,v2_lr,0
151910,2026-09-26,江戸川,5,5404,2.14,2.6,,,0,B1,,0,65,0,5.6,0,0.185,10,6.57,0.875,0.48,31.94,0.3476,6,5,19,5.03,v2_lr,0
151910,2026-09-26,江戸川,6,4550,5.48,33.9,0.2093,0.5349,43,A2,0.16,1,51,7,3.8,0,0.155,10,6.61,0.625,0.33,28,0.1818,6,5,19,4.17,v2_lr,0
151911,2026-09-26,江戸川,1,4540,5.73,34.9,0.3,0.3,10,A2,0.13,43,73,53,3.1,0.2,0.136,10,6.59,0.8889,0.33,39.47,1,5,5,19,47.36,v2_lr,0
151911,2026-09-26,江戸川,2,5328,3.94,16.6,0.1667,0.1667,6,B1,0.2,2,31,8,3,0.2,0.151,10,6.64,0.3333,0.43,30.77,0.5079,5,5,19,25.66,v2_lr,0
151911,2026-09-26,江戸川,3,4565,3.63,12.3,0,0,9,B1,0.18,5,65,15,3.6,0.2,0.111,10,6.6,0.7778,0.31,21.79,0,5,5,19,7.56,v2_lr,0
151911,2026-09-26,江戸川,4,3911,5.29,34.3,0.1266,0.3418,79,B1,0.19,10,85,25,4.4,0.1,0.182,10,6.63,0.4444,0.17,36.99,0.8597,5,5,19,11.07,v2_lr,1
151911,2026-09-26,江戸川,5,4637,5.5,38.6,0.1429,0.2857,14,A2,0.2,3,67,11,3.4,0.2,0.162,10,6.67,0,0.33,35.21,0.759,5,5,19,4.88,v2_lr,0
151911,2026-09-26,江戸川,6,5244,4.14,18.8,0.1081,0.1892,37,B1,0.14,0,47,2,3.8,0.1,0.126,10,6.58,1,0.31,31.58,0.5537,5,5,19,3.46,v2_lr,0
151912,2026-09-26,江戸川,1,5073,5.53,33,0.1026,0.2821,39,A2,0.18,29,62,41,3.1,0.2,0.146,10,6.68,0.9444,0.27,49.37,1,5,10,19,34.85,v2_lr,1
151912,2026-09-26,江戸川,2,4201,3.91,15.1,0.0526,0.2105,19,B1,0.2,9,66,19,4,0.1,0.16,10,6.78,0.3889,0.02,31.94,0.0629,5,10,19,17.38,v2_lr,0
151912,2026-09-26,江戸川,3,4875,5.09,28.2,0.2333,0.3833,60,B1,0.16,11,71,27,3.2,0.1,0.156,10,6.83,0.1111,0.11,38.16,0.3973,5,10,19,25.19,v2_lr,0
151912,2026-09-26,江戸川,4,5219,4.73,30.3,,,0,B1,0.2,2,47,9,2.8,0.2,0.147,10,6.71,0.7778,0.19,30.77,0,5,10,19,12.83,v2_lr,0
151912,2026-09-26,江戸川,5,3508,5.59,34.4,0.125,0.3125,16,A2,0.19,1,60,6,3.6,0.1,0.188,10,6.85,0,0.09,33.8,0.1629,5,10,19,4.64,v2_lr,0
151912,2026-09-26,江戸川,6,4508,5.84,43.6,0.16,0.44,25,A2,0.15,2,52,8,3.5,0,0.192,10,6.67,1,0.22,38.46,0.4134,5,10,19,5.12,v2_lr,0
151913,2026-09-26,江戸川,1,4934,5.53,40,0.3333,0.4444,9,A2,0.17,51,92,76,3.5,0.2,0.161,10,6.79,0.4167,0.19,39.13,0.6394,5,10,19,28.07,v2_lr,1
151913,2026-09-26,江戸川,2,5172,4.84,26.7,,,0,B1,0.18,11,67,28,3.8,0.1,0.162,10,6.79,0.4167,0.42,42.47,0.7991,5,10,19,17.09,v2_lr,0
151913,2026-09-26,江戸川,3,5212,6.15,44.8,0.2857,0.3714,35,A2,0.12,9,85,30,3.3,0,0.105,10,6.77,0.5833,0.29,33.33,0.362,5,10,19,20.6,v2_lr,0
151913,2026-09-26,江戸川,4,5032,5.51,32.7,0.5,0.5,4,A2,0.15,7,70,15,3,0.3,0.103,10,6.72,1,0.31,46.67,1,5,10,19,27.31,v2_lr,0
151913,2026-09-26,江戸川,6,4952,3.88,16.2,0.0938,0.1563,32,B1,0.18,0,46,1,4.3,0,0.147,10,6.84,0,0.25,25.76,0,5,10,19,1.2,v2_lr,0
151914,2026-09-26,江戸川,1,4364,6.53,46.6,0.4167,0.4583,24,A1,0.14,80,108,96,4.2,0.1,0.124,10,6.74,0.7692,0.24,35.62,0.2437,5,10,19,29.26,v2_lr,1
151914,2026-09-26,江戸川,2,4748,6.64,52,0.2056,0.4206,107,A1,0.16,18,79,47,3.2,0.1,0.118,10,6.73,0.8462,0.15,40.85,0.9364,5,10,19,22.93,v2_lr,0
151914,2026-09-26,江戸川,3,4377,6.3,50.8,0.2258,0.5161,31,A1,0.13,11,86,41,2.8,0.3,0.123,10,6.78,0.4615,0.26,35.14,0.1801,5,10,19,15.77,v2_lr,0
151914,2026-09-26,江戸川,4,4685,7.7,65.6,0.3333,0.6111,18,A1,0.14,8,65,36,1.9,0.5,0.155,10,6.71,1,0.31,33.78,0,5,10,19,19.24,v2_lr,0
151914,2026-09-26,江戸川,5,4610,6.33,45.5,0.2258,0.4516,93,A1,0.14,8,73,21,2,0.5,0.146,10,6.71,1,0.3,41.33,1,5,10,19,9.95,v2_lr,0
151914,2026-09-26,江戸川,6,4644,6.33,48.7,0.2037,0.3889,54,A1,0.15,0,50,4,2.7,0.2,0.114,10,6.84,0,0.13,33.78,0,5,10,19,2.85,v2_lr,0
151915,2026-09-26,多摩川,1,3202,4.32,23.5,0.1471,0.1765,34,B1,0.19,19,64,33,4.5,0,0.219,10,6.67,0.8,0.07,21.11,0,1,2,19,43.54,v2_lr,0
151915,2026-09-26,多摩川,2,3653,4.58,20.7,0.1,0.15,20,B2,0.17,2,54,14,4,0,0.209,10,6.7,0.2,0.02,42.39,1,1,2,19,28.7,v2_lr,0
151915,2026-09-26,多摩川,3,3589,4.15,22.8,0.0909,0.3636,22,B1,0.18,4,54,14,3.9,0.2,0.16,10,6.68,0.6,0.06,30.11,0.4229,1,2,19,18.09,v2_lr,0
151915,2026-09-26,多摩川,4,5411,1.76,0,0,0,34,B2,,1,17,2,4.4,0.1,0.104,10,6.71,0,-0.05,35.51,0.6767,1,2,19,4.6,v2_lr,0
151915,2026-09-26,多摩川,5,4709,5.64,37,0,0,1,A2,0.15,3,63,17,3.1,0.2,0.158,10,6.7,0.2,-0.01,27.27,0.2895,1,2,19,2.82,v2_lr,1
151915,2026-09-26,多摩川,6,3302,4.99,34.2,0,0,1,B1,0.17,0,44,2,4,0.2,0.179,10,6.66,1,0.06,33.02,0.5597,1,2,19,2.26,v2_lr,0
151916,2026-09-26,多摩川,1,5199,5.23,31.8,0,0.125,8,B1,0.11,16,43,26,4.7,0,0.16,10,6.62,0.6667,-0.05,37.5,1,0,2,19,27.53,v2_lr,0
151916,2026-09-26,多摩川,2,4288,7.32,58.2,0,0,1,A1,0.13,23,89,49,3,0.2,0.098,10,6.58,1,-0.1,35,0.8429,0,2,19,22.08,v2_lr,1
151916,2026-09-26,多摩川,3,5313,4.52,22.6,0.0909,0.0909,11,B1,0.15,1,25,4,4.3,0,0.149,10,6.7,0,0.05,26.04,0.2797,0,2,19,12.48,v2_lr,0
151916,2026-09-26,多摩川,4,4379,5.66,36.9,0.093,0.4186,43,A2,0.15,4,76,17,3.4,0.2,0.161,10,6.66,0.3333,0.09,25.47,0.2439,0,2,19,8.3,v2_lr,0
151916,2026-09-26,多摩川,5,5327,1.75,1.2,0,0,1,B2,0.21,0,71,0,5.5,0,0.195,10,6.65,0.4167,-0.01,21.59,0,0,2,19,2.21,v2_lr,0
151916,2026-09-26,多摩川,6,4190,7.7,80,0.5,0.5,2,B2,0.16,4,51,10,3.2,0.1,0.205,10,6.7,0,-0.04,25.77,0.2627,0,2,19,27.4,v2_lr,0
151917,2026-09-26,多摩川,1,4332,4.29,18.8,0,0,2,B1,0.18,8,46,17,4.4,0,0.171,10,6.67,0.381,0.04,36.36,1,2,2,19,23.79,v2_lr,0
151917,2026-09-26,多摩川,2,4737,7.67,65.3,0,0,2,A1,0.17,22,67,40,2.3,0.5,0.156,10,6.63,0.5714,0.01,19.75,0,2,2,19,15.02,v2_lr,1
151917,2026-09-26,多摩川,3,5049,5.46,35.5,0.1818,0.3636,11,A2,0.18,10,56,25,2.9,0.3,0.142,10,6.66,0.4286,0.11,33.63,0.8356,2,2,19,24.16,v2_lr,0
151917,2026-09-26,多摩川,4,4435,5.56,35.2,0.2889,0.4222,45,A2,0.2,6,71,15,3,0.2,0.121,10,6.67,0.381,-0.01,33.9,0.8519,2,2,19,27.73,v2_lr,0
151917,2026-09-26,多摩川,5,5376,5.18,34,0,0,1,B1,0.15,3,75,8,3.9,0.2,0.143,10,6.75,0,0.08,29.63,0.5948,2,2,19,2.08,v2_lr,0
151917,2026-09-26,多摩川,6,5048,4.18,18.8,0.1818,0.4545,11,B1,0.17,1,58,4,4.1,0.1,0.212,10,6.54,1,0.07,29.7,0.599,2,2,19,7.22,v2_lr,0
151918,2026-09-26,多摩川,1,3518,4.13,20.6,0.1053,0.1579,19,B1,0.17,5,43,15,4.4,0.1,0.153,10,6.66,0.9231,0.14,34.82,0.7816,2,2,19,25.88,v2_lr,0
151918,2026-09-26,多摩川,2,3349,6.33,45.3,1,1,2,A1,0.14,11,76,28,3.1,0.3,0.167,10,6.75,0.2308,0.14,34.26,0.7021,2,2,19,37.48,v2_lr,0
151918,2026-09-26,多摩川,3,4144,6.23,45.8,0.2051,0.4872,39,A2,0.2,8,68,27,2.5,0.6,0.132,10,6.65,1,0.01,36.36,1,2,2,19,23.27,v2_lr,1
151918,2026-09-26,多摩川,4,3662,5.28,37.7,0,1,1,B1,0.16,9,75,25,2.9,0.2,0.17,10,6.67,0.8462,0.02,34.04,0.6709,2,2,19,4.11,v2_lr,0
151918,2026-09-26,多摩川,5,4864,4.16,21.3,0,0,1,B1,0.16,3,60,6,4.4,0,0.167,10,6.78,0,-0.04,29.31,0,2,2,19,1.38,v2_lr,0
151918,2026-09-26,多摩川,6,4025,6.63,51,0.3,0.4,10,A1,0.19,6,66,15,2.1,0.5,0.186,10,6.73,0.3846,0.02,29.67,0.0511,2,2,19,7.88,v2_lr,0
151919,2026-09-26,多摩川,1,4447,5.01,32.2,0,0,2,B1,0.17,46,87,63,2.7,0.3,0.12,10,6.7,0.7059,-0.09,33.7,0.4355,1,2,20,25.18,v2_lr,1
151919,2026-09-26,多摩川,2,4446,7.19,57,0.1818,0.4091,22,A1,0.13,21,87,53,2.5,0.3,0.132,10,6.65,1,-0.08,22.55,0,1,2,20,35.76,v2_lr,0
151919,2026-09-26,多摩川,3,4348,5.75,35.8,0,0,1,A2,0.17,7,77,34,2.7,0.2,0.152,10,6.82,0,-0.05,35.34,0.4996,1,2,20,7.61,v2_lr,0
151919,2026-09-26,多摩川,4,4015,6.09,40,0.2727,0.7273,11,A2,0.16,3,68,17,3.3,0,0.17,10,6.74,0.4706,0.25,48.15,1,1,2,20,23.79,v2_lr,0
151919,2026-09-26,多摩川,5,5292,3.73,13.1,0.069,0.069,29,B1,0.29,0,63,5,3.6,0,0.147,10,6.8,0.1176,0.05,25.84,0.1285,1,2,20,3.28,v2_lr,0
151919,2026-09-26,多摩川,6,4113,5.18,31,0.186,0.2791,43,B1,0.19,2,55,8,4.2,0,0.175,10,6.81,0.0588,-0.02,26.53,0.1555,1,2,20,4.38,v2_lr,0
151920,2026-09-26,多摩川,1,4224,5.31,33.8,0,0,1,B1,0.23,34,61,44,3.9,0.1,0.188,10,6.72,0.8333,0.21,47.27,1,1,2,19,26.42,v2_lr,1
151920,2026-09-26,多摩川,2,5313,4.52,22.6,0.0909,0.0909,11,B1,0.15,5,30,10,4.3,0,0.149,10,6.76,0.5,0.19,26.04,0.1885,1,2,19,22.14,v2_lr,0
151920,2026-09-26,多摩川,3,5079,4.63,27.8,0.0909,0.0909,11,B1,0.19,6,69,15,4.3,0.1,0.17,10,6.7,1,0.11,27.88,0.2588,1,2,19,18.28,v2_lr,0
151920,2026-09-26,多摩川,4,5023,5.98,41.4,0.2821,0.3333,39,A2,0.15,3,62,19,3.9,0.2,0.179,10,6.82,0,0.11,29.9,0.336,1,2,19,22.25,v2_lr,0
151920,2026-09-26,多摩川,5,3202,4.32,23.5,0.1471,0.1765,34,B1,0.19,1,61,9,4.5,0,0.219,10,6.75,0.5833,0.18,21.11,0,1,2,19,6.88,v2_lr,0
151920,2026-09-26,多摩川,6,4383,5.85,35.7,0.125,0.3125,16,A2,0.18,2,62,4,4.6,0.1,0.185,10,6.73,0.75,0.16,28.57,0.2852,1,2,19,4.03,v2_lr,0
151921,2026-09-26,多摩川,1,4513,5.75,40.7,0.0769,0.2308,13,A2,0.19,45,81,67,2.6,0.1,0.157,10,6.68,0.3684,0.12,50.44,1,0,2,19,40.2,v2_lr,1
151921,2026-09-26,多摩川,2,5327,1.75,1.2,0,0,1,B2,0.21,0,24,0,5.5,0,0.195,10,6.72,0.1579,0.25,21.59,0,0,2,19,12.28,v2_lr,0
151921,2026-09-26,多摩川,3,3385,5.47,35.8,0.1818,0.2955,44,A2,0.18,7,75,25,3,0.3,0.142,10,6.7,0.2632,0.14,22.12,0.0184,0,2,19,26.71,v2_lr,0
151921,2026-09-26,多摩川,4,3302,4.99,34.2,0,0,1,B1,0.17,13,54,19,4,0.2,0.179,10,6.72,0.1579,0.21,33.02,0.3962,0,2,19,4.69,v2_lr,0
151921,2026-09-26,多摩川,5,5048,4.18,18.8,0.1818,0.4545,11,B1,0.17,4,59,12,4.1,0.1,0.212,10,6.56,1,0.19,29.7,0.2811,0,2,19,14.16,v2_lr,0
151921,2026-09-26,多摩川,6,4003,5.45,39.3,0.0476,0.2857,21,B1,0.2,1,64,10,3.5,0.1,0.137,10,6.75,0,0.05,33.94,0.4281,0,2,19,1.97,v2_lr,0
151922,2026-09-26,多摩川,1,3885,5.67,38.3,0.1351,0.3784,37,A2,0.18,40,69,50,3.3,0.1,0.159,10,6.67,0.7143,0.12,36.54,1,1,2,19,42.52,v2_lr,0
151922,2026-09-26,多摩川,2,3518,4.13,20.6,0.1053,0.1579,19,B1,0.17,4,59,15,4.4,0.1,0.153,10,6.63,1,0.19,34.82,0.7511,1,2,19,31.33,v2_lr,0
151922,2026-09-26,多摩川,3,5376,5.18,34,0,0,1,B1,0.15,5,38,15,3.9,0.2,0.143,10,6.71,0.4286,0.12,29.63,0,1,2,19,8.47,v2_lr,0
151922,2026-09-26,多摩川,4,4931,6.83,48.5,0.1667,0.3333,12,A1,0.15,11,87,22,3,0.3,0.122,10,6.74,0.2143,0.23,31.86,0.3227,1,2,19,13.44,v2_lr,1
151922,2026-09-26,多摩川,5,5411,1.76,0,0,0,34,B2,,0,59,1,4.4,0.1,0.104,10,6.77,0,0.12,35.51,0.8509,1,2,19,2.14,v2_lr,0
151922,2026-09-26,多摩川,6,4288,7.32,58.2,0,0,1,A1,0.13,4,68,15,3,0.2,0.098,10,6.67,0.7143,0.05,35,0.7771,1,2,19,2.09,v2_lr,0
151923,2026-09-26,多摩川,1,4225,6.03,40.4,0,0.5,2,A2,0.14,40,72,59,3.6,0,0.179,10,6.68,0.3684,-0.13,28.16,0,1,2,19,23.7,v2_lr,1
151923,2026-09-26,多摩川,2,4348,5.75,35.8,0,0,1,A2,0.17,14,76,39,2.7,0.2,0.152,10,6.75,0,-0.04,35.34,1,1,2,19,15.42,v2_lr,0
151923,2026-09-26,多摩川,3,4864,4.16,21.3,0,0,1,B1,0.16,3,59,11,4.4,0,0.167,10,6.68,0.3684,0.11,29.31,0.1602,1,2,19,7.92,v2_lr,0
151923,2026-09-26,多摩川,4,3589,4.15,22.8,0.0909,0.3636,22,B1,0.18,4,54,11,3.9,0.2,0.16,10,6.7,0.2632,-0.03,30.11,0.2716,1,2,19,8.62,v2_lr,0
151923,2026-09-26,多摩川,5,3072,4.14,20.4,0.1304,0.3261,46,B1,0.17,1,57,7,3.9,0,0.138,10,6.7,0.2632,0.19,35.34,1,1,2,19,6.44,v2_lr,0
151923,2026-09-26,多摩川,6,4932,7.47,51.9,0.5,1,2,A1,0.16,4,74,19,2.3,0.3,0.148,10,6.56,1,0.09,32.99,0.6727,1,2,19,37.89,v2_lr,0
151924,2026-09-26,多摩川,1,3349,6.33,45.3,1,1,2,A1,0.14,49,87,68,3.1,0.3,0.167,10,6.7,0.4545,0.01,34.26,0.8175,0,2,19,54.99,v2_lr,1
151924,2026-09-26,多摩川,2,5199,5.23,31.8,0,0.125,8,B1,0.11,5,56,18,4.7,0,0.16,10,6.64,1,0.07,37.5,1,0,2,19,20.95,v2_lr,0
151924,2026-09-26,多摩川,3,4251,4.56,24.1,0.1111,0.1111,9,B1,0.22,10,81,22,3.5,0.2,0.234,10,6.75,0,0.08,32.32,0.7082,0,2,19,15.4,v2_lr,0
151924,2026-09-26,多摩川,4,3860,3.75,17,0.0357,0.1429,28,B1,0.18,1,56,5,3.9,0.2,0.159,10,6.75,0,0.12,20.24,0.0276,0,2,19,4.37,v2_lr,0
151924,2026-09-26,多摩川,5,4737,7.67,65.3,0,0,2,A1,0.17,12,51,19,2.3,0.5,0.156,10,6.66,0.8182,0.08,19.75,0,0,2,19,3.15,v2_lr,0
151924,2026-09-26,多摩川,6,4709,5.64,37,0,0,1,A2,0.15,0,76,1,3.1,0.2,0.158,10,6.72,0.2727,0.27,27.27,0.4237,0,2,19,1.14,v2_lr,0
151925,2026-09-26,多摩川,1,4446,7.19,57,0.1818,0.4091,22,A1,0.13,84,103,94,2.5,0.3,0.132,10,6.55,1,0.15,22.55,0.124,0,2,19,33.76,v2_lr,1
151925,2026-09-26,多摩川,2,4435,5.56,35.2,0.2889,0.4222,45,A2,0.2,9,62,24,3,0.2,0.121,10,6.63,0.5556,0.23,33.9,0.5262,0,2,19,33.37,v2_lr,0
151925,2026-09-26,多摩川,3,3653,4.58,20.7,0.1,0.15,20,B2,0.17,2,53,10,4,0,0.209,10,6.68,0.2778,0.1,42.39,0.8271,0,2,19,13.02,v2_lr,0
151925,2026-09-26,多摩川,4,3075,4.31,25.5,0.1935,0.2581,31,B1,0.16,6,68,23,3.5,0.2,0.1,10,6.73,0,0.05,19.05,0,0,2,19,10.41,v2_lr,0
151925,2026-09-26,多摩川,5,4224,5.31,33.8,0,0,1,B1,0.23,3,68,13,3.9,0.1,0.188,10,6.68,0.2778,-0.05,47.27,1,0,2,19,2.49,v2_lr,0
151925,2026-09-26,多摩川,6,4144,6.23,45.8,0.2051,0.4872,39,A2,0.2,1,65,7,2.5,0.6,0.132,10,6.57,0.8889,0.03,36.36,0.6134,0,2,19,6.96,v2_lr,0
151926,2026-09-26,多摩川,1,4061,6.91,47.8,0.1818,0.3636,11,A1,0.13,91,123,107,2,0.4,0.144,10,6.7,0.5455,0.08,28.71,0.1314,0,1,19,27.64,v2_lr,0
151926,2026-09-26,多摩川,2,4190,7.7,80,0.5,0.5,2,B2,0.16,9,65,25,3.2,0.1,0.205,10,6.7,0.5455,0.06,25.77,0,0,1,19,33.72,v2_lr,1
151926,2026-09-26,多摩川,3,4015,6.09,40,0.2727,0.7273,11,A2,0.16,8,69,27,3.3,0,0.17,10,6.76,0,0.03,48.15,1,0,1,19,22.26,v2_lr,0
151926,2026-09-26,多摩川,5,3662,5.28,37.7,0,1,1,B1,0.16,10,68,16,2.9,0.2,0.17,10,6.72,0.3636,0.01,34.04,0.3695,0,1,19,1.67,v2_lr,0
151926,2026-09-26,多摩川,6,5049,5.46,35.5,0.1818,0.3636,11,A2,0.18,4,65,10,2.9,0.3,0.142,10,6.65,1,-0.07,33.63,0.3512,0,1,19,5.5,v2_lr,0
151927,2026-09-26,常滑,1,5111,5.55,40,0.1538,0.3846,13,A2,0.13,40,72,58,3.6,0.1,0.103,10,6.64,1,-0.03,28.7,0,2,1,22,46.1,v2_lr,1
151927,2026-09-26,常滑,2,5138,3.75,12.3,0,0.0714,14,B1,0.27,1,45,5,4.7,0,0.231,10,6.7,0.25,-0.03,34.44,0.4332,2,1,22,15.73,v2_lr,0
151927,2026-09-26,常滑,4,3867,3.18,10.7,0.0952,0.1905,21,B1,0.18,2,60,9,5.3,0,0.188,10,6.7,0.25,-0.1,41.95,1,2,1,22,11.24,v2_lr,0
151927,2026-09-26,常滑,5,5152,4.21,21.4,0,0,6,B1,0.23,0,43,3,4.5,0,0.2,10,6.72,0,-0.19,30.18,0.1117,2,1,22,2.52,v2_lr,0
151927,2026-09-26,常滑,6,4650,6,42.1,0.2105,0.4737,19,A2,0.12,1,49,6,3.8,0,0.147,10,6.67,0.625,0.13,33.47,0.36,2,1,22,7.59,v2_lr,0
151928,2026-09-26,常滑,1,3833,6.06,43.7,0.2917,0.5833,24,A2,0.13,84,112,101,2.7,0.2,0.117,10,6.62,0.7778,0.06,38.14,0.6693,2,1,22,32.68,v2_lr,1
151928,2026-09-26,常滑,2,4407,5.09,26.2,0.1389,0.3056,36,B1,0.16,9,86,32,3.5,0.1,0.165,10,6.65,0.4444,-0.19,28.83,0,2,1,22,20.19,v2_lr,0
151928,2026-09-26,常滑,3,4669,5.22,31.3,0.1667,0.3333,6,B1,0.14,7,70,18,3.7,0.2,0.147,10,6.64,0.5556,0.18,34.04,0.3746,2,1,22,14.59,v2_lr,0
151928,2026-09-26,常滑,4,4532,7.29,59.4,0.4074,0.6667,27,A1,0.14,16,74,35,2.3,0.3,0.147,10,6.69,0,-0.09,42.74,1,2,1,22,25.82,v2_lr,0
151928,2026-09-26,常滑,5,4557,4.18,18,0.1538,0.2308,13,B1,0.18,1,57,7,3.9,0,0.211,10,6.67,0.2222,-0.13,34.73,0.4242,2,1,22,5.36,v2_lr,0
151928,2026-09-26,常滑,6,5240,5.18,36.6,0,0.0455,22,B1,0.16,1,62,4,4.7,0,0.204,10,6.6,1,-0.15,30.71,0.1352,2,1,22,1.35,v2_lr,0
151929,2026-09-26,常滑,1,4562,4.32,13.5,0.1667,0.4167,12,B1,0.21,13,58,28,2.7,0.2,0.17,10,6.68,0.2,-0.01,29.44,0,2,1,22,35.08,v2_lr,1
151929,2026-09-26,常滑,2,3945,4.15,21.5,0.0889,0.1778,45,B1,0.21,3,62,15,4,0.1,0.183,10,6.66,0.4,0.05,30.7,0.1213,2,1,22,19.98,v2_lr,0
151929,2026-09-26,常滑,3,4058,6.29,46.8,0.1333,0.3333,30,A1,0.17,13,85,36,3.3,0.1,0.207,10,6.6,1,-0.01,34.65,0.5014,2,1,22,22.72,v2_lr,0
151929,2026-09-26,常滑,4,4588,5.6,41.1,0.1923,0.3462,26,A2,0.14,7,82,25,3.4,0.1,0.147,10,6.7,0,0.17,33.33,0.3744,2,1,22,11.65,v2_lr,0
151929,2026-09-26,常滑,5,4438,4.95,32.5,0.1667,0.1667,6,B1,0.13,6,74,13,3.6,0.2,0.102,10,6.68,0.2,0.17,39.83,1,2,1,22,7.21,v2_lr,0
151929,2026-09-26,常滑,6,5053,3.99,21.8,0.1212,0.303,33,B1,0.17,0,57,2,4.1,0.1,0.196,10,6.63,0.7,0.15,35.83,0.615,2,1,22,3.37,v2_lr,0
151930,2026-09-26,常滑,1,4033,6.13,48.2,0.3182,0.4091,22,A2,0.15,81,104,95,2.5,0.3,0.16,10,6.61,0.8889,0.12,33.2,0.2488,2,1,22,44.21,v2_lr,1
151930,2026-09-26,常滑,2,3635,4.72,35.5,0.1081,0.2973,37,B1,0.16,9,72,28,3.1,0.2,0.154,10,6.69,0,0.07,36.82,0.5303,2,1,22,18.49,v2_lr,0
151930,2026-09-26,常滑,3,4390,4.38,20.1,0,0.1,20,B1,0.25,5,68,13,3.6,0,0.189,10,6.66,0.3333,0.17,42.86,1,2,1,22,7.55,v2_lr,0
151930,2026-09-26,常滑,4,3251,5.63,38.6,0.1818,0.4091,22,A2,0.18,13,81,33,3.6,0.2,0.174,10,6.64,0.5556,0.12,33.33,0.2589,2,1,22,13.71,v2_lr,0
151930,2026-09-26,常滑,5,4786,6.78,55.9,0.25,0.5455,44,A1,0.14,8,72,21,2.1,0.2,0.132,10,6.6,1,0.13,30,0,2,1,22,14.32,v2_lr,0
151930,2026-09-26,常滑,6,5268,3.41,17.5,0.0714,0.2143,14,B1,0.17,1,72,1,4.5,0.2,0.167,10,6.65,0.4444,0.11,31.22,0.0949,2,1,22,1.72,v2_lr,0
151931,2026-09-26,常滑,1,4437,5.89,45.9,0.3095,0.5,42,A2,0.17,86,107,95,1.9,0.5,0.133,10,6.67,0.6667,0.18,35.83,0.2573,2,1,20,33.54,v2_lr,1
151931,2026-09-26,常滑,2,3788,5.88,45,0.375,0.5,8,B2,0.13,9,61,27,3.3,0.3,0.148,10,6.71,0.2222,0.11,32.47,0,2,1,20,31.79,v2_lr,0
151931,2026-09-26,常滑,3,4425,4.53,17,0,0.1667,6,B1,0.2,4,61,19,4.3,0,0.186,10,6.73,0,0.62,41.32,0.6776,2,1,20,3.39,v2_lr,0
151931,2026-09-26,常滑,4,4199,6.57,48.7,0.2,0.4462,65,A1,0.16,5,88,26,2.7,0.4,0.161,10,6.72,0.1111,0.02,34.54,0.1585,2,1,20,10.43,v2_lr,0
151931,2026-09-26,常滑,5,4731,5.27,34.7,0.1818,0.4318,44,B1,0.16,7,58,11,3.9,0.1,0.175,10,6.66,0.7778,-0.07,45.53,1,2,1,20,9.19,v2_lr,0
151931,2026-09-26,常滑,6,3968,5.75,31.1,0.3077,0.3462,26,A2,0.18,2,71,9,2.5,0.4,0.169,10,6.64,1,0.01,36.17,0.2833,2,1,20,11.65,v2_lr,0
151932,2026-09-26,常滑,1,4209,5.61,33.9,0.2174,0.3913,23,A2,0.16,35,77,50,2.9,0.2,0.177,10,6.67,0,0.04,27.18,0,2,1,20,27.18,v2_lr,1
151932,2026-09-26,常滑,2,4950,6.61,48.3,0.25,0.5,8,A1,0.17,10,75,36,3.3,0.2,0.209,10,6.65,0.2857,0.27,39.65,1,2,1,20,25.74,v2_lr,0
151932,2026-09-26,常滑,3,5070,3.84,17.3,0.0714,0.2857,14,B1,0.22,2,58,15,3.2,0.1,0.225,10,6.67,0,0.06,33.74,0.5261,2,1,20,7.28,v2_lr,0
151932,2026-09-26,常滑,4,5337,4.72,25.2,0.0667,0.1333,15,B1,,8,104,22,4.1,0.1,0.205,10,6.65,0.2857,-0.09,38.4,0.8998,2,1,20,5.88,v2_lr,0
151932,2026-09-26,常滑,5,4896,4.19,18.8,0.2,0.6,5,B1,0.18,2,64,7,3.8,0.1,0.182,10,6.62,0.7143,-0.03,34.05,0.5509,2,1,20,8.57,v2_lr,0
151932,2026-09-26,常滑,6,4886,6.04,31,0.5,0.8,10,A2,0.13,2,71,12,1.7,0.5,0.118,10,6.6,1,0.03,36.13,0.7177,2,1,20,25.35,v2_lr,0
151933,2026-09-26,常滑,1,3905,6.13,44.7,0.2167,0.4333,60,A2,0.15,60,89,79,2.4,0.3,0.131,10,6.68,0,0.05,28.49,0,2,1,20,30.66,v2_lr,0
151933,2026-09-26,常滑,2,5053,3.99,21.8,0.1212,0.303,33,B1,0.17,6,59,19,4.1,0.1,0.196,10,6.62,0.75,-0.03,35.83,0.4723,2,1,20,22.57,v2_lr,0
151933,2026-09-26,常滑,3,5396,1.83,3.3,0,0.0769,13,B2,,0,14,0,4.5,0,0.213,10,6.67,0.125,-0.12,34.14,0.3636,2,1,20,5.57,v2_lr,0
151933,2026-09-26,常滑,4,4794,6.7,49.5,0.32,0.36,25,A1,0.16,16,72,31,2.5,0.4,0.163,10,6.6,1,0.04,39.08,0.6815,2,1,20,27.5,v2_lr,1
151933,2026-09-26,常滑,5,4669,5.22,31.3,0.1667,0.3333,6,B1,0.14,0,65,4,3.7,0.2,0.147,10,6.63,0.625,0.06,34.04,0.3571,2,1,20,7.12,v2_lr,0
151933,2026-09-26,常滑,6,4146,5.9,39.3,0.2414,0.3103,29,A2,0.16,0,59,4,4.1,0.2,0.136,10,6.67,0.125,-0.05,44.03,1,2,1,20,6.57,v2_lr,0
151934,2026-09-26,常滑,1,4055,6.05,41.6,0.25,0.5313,32,A2,0.14,68,102,89,2.5,0,0.193,10,6.71,0,0.11,35.95,0.4031,2,1,20,35.62,v2_lr,0
151934,2026-09-26,常滑,2,4252,4.4,22.4,0.0541,0.1892,37,B1,0.2,3,69,19,3.7,0,0.209,10,6.66,0.4545,0.13,35.48,0.3308,2,1,20,15.22,v2_lr,0
151934,2026-09-26,常滑,3,4438,4.95,32.5,0.1667,0.1667,6,B1,0.13,11,81,28,3.6,0.2,0.102,10,6.6,1,0,39.83,1,2,1,20,24.22,v2_lr,0
151934,2026-09-26,常滑,4,4557,4.18,18,0.1538,0.2308,13,B1,0.18,2,59,11,3.9,0,0.211,10,6.66,0.4545,-0.01,34.73,0.2154,2,1,20,11.23,v2_lr,0
151934,2026-09-26,常滑,5,3850,5.03,32.7,0.1667,0.1667,6,B1,0.15,5,68,11,3.9,0.1,0.138,10,6.6,1,0.06,37.45,0.6338,2,1,20,9.6,v2_lr,0
151934,2026-09-26,常滑,6,4588,5.6,41.1,0.1923,0.3462,26,A2,0.14,1,81,7,3.4,0.1,0.147,10,6.69,0.1818,-0.09,33.33,0,2,1,20,4.13,v2_lr,1
151935,2026-09-26,常滑,1,3251,5.63,38.6,0.1818,0.4091,22,A2,0.18,56,108,81,3.6,0.2,0.174,10,6.69,0,0.07,33.33,0.2751,2,1,20,35.24,v2_lr,1
151935,2026-09-26,常滑,2,4731,5.27,34.7,0.1818,0.4318,44,B1,0.16,6,66,28,3.9,0.1,0.175,10,6.61,1,0.25,45.53,1,2,1,20,34.57,v2_lr,0
151935,2026-09-26,常滑,3,5111,5.55,40,0.1538,0.3846,13,A2,0.13,3,63,21,3.6,0.1,0.103,10,6.64,0.625,0.11,28.7,0,2,1,20,19.18,v2_lr,0
151935,2026-09-26,常滑,4,4390,4.38,20.1,0,0.1,20,B1,0.25,1,60,5,3.6,0,0.189,10,6.68,0.125,0.01,42.86,0.8414,2,1,20,4.36,v2_lr,0
151935,2026-09-26,常滑,5,5455,0,0,0,0,6,B2,,0,21,0,5.9,0,0.168,10,6.67,0.25,0,34.02,0.3161,2,1,20,1.66,v2_lr,0
151935,2026-09-26,常滑,6,5252,5.87,40,0.1923,0.359,78,A2,0.13,3,61,5,3.5,0.2,0.154,10,6.67,0.25,0.01,33.74,0.2995,2,1,20,5,v2_lr,0
151936,2026-09-26,常滑,1,3968,5.75,31.1,0.3077,0.3462,26,A2,0.18,37,68,55,2.5,0.4,0.169,10,6.63,0.6154,0.23,36.17,0.506,2,1,20,25.45,v2_lr,0
151936,2026-09-26,常滑,2,4033,6.13,48.2,0.3182,0.4091,22,A2,0.15,22,94,51,2.5,0.3,0.16,10,6.58,1,0.13,33.2,0.2827,2,1,20,24.17,v2_lr,0
151936,2026-09-26,常滑,3,4532,7.29,59.4,0.4074,0.6667,27,A1,0.14,21,66,42,2.3,0.3,0.147,10,6.71,0,0.04,42.74,1,2,1,20,23.07,v2_lr,0
151936,2026-09-26,常滑,4,4437,5.89,45.9,0.3095,0.5,42,A2,0.17,11,73,31,1.9,0.5,0.133,10,6.62,0.6923,0.02,35.83,0.4805,2,1,20,16.18,v2_lr,0
151936,2026-09-26,常滑,5,4950,6.61,48.3,0.25,0.5,8,A1,0.17,5,80,19,3.3,0.2,0.209,10,6.64,0.5385,0.08,39.65,0.7677,2,1,20,8.36,v2_lr,1
151936,2026-09-26,常滑,6,4562,4.32,13.5,0.1667,0.4167,12,B1,0.21,0,61,4,2.7,0.2,0.17,10,6.6,0.8462,0.12,29.44,0,2,1,20,2.77,v2_lr,0
151937,2026-09-26,常滑,1,4786,6.78,55.9,0.25,0.5455,44,A1,0.14,72,107,92,2.1,0.2,0.132,10,6.63,0.6154,-0.02,30,0.237,2,1,20,27.39,v2_lr,1
151937,2026-09-26,常滑,2,3905,6.13,44.7,0.2167,0.4333,60,A2,0.15,8,79,36,2.4,0.3,0.131,10,6.64,0.5385,0.1,28.49,0.1101,2,1,20,21.18,v2_lr,0
151937,2026-09-26,常滑,3,4794,6.7,49.5,0.32,0.36,25,A1,0.16,23,74,43,2.5,0.4,0.163,10,6.58,1,-0.04,39.08,1,2,1,20,26.14,v2_lr,0
151937,2026-09-26,常滑,4,3833,6.06,43.7,0.2917,0.5833,24,A2,0.13,8,78,25,2.7,0.2,0.117,10,6.65,0.4615,0.02,38.14,0.921,2,1,20,17.15,v2_lr,0
151937,2026-09-26,常滑,5,4209,5.61,33.9,0.2174,0.3913,23,A2,0.16,6,82,14,2.9,0.2,0.177,10,6.65,0.4615,0.06,27.18,0,2,1,20,6.68,v2_lr,0
151937,2026-09-26,常滑,6,3635,4.72,35.5,0.1081,0.2973,37,B1,0.16,1,86,5,3.1,0.2,0.154,10,6.71,0,0.04,36.82,0.8101,2,1,20,1.47,v2_lr,0
151938,2026-09-26,常滑,1,4886,6.04,31,0.5,0.8,10,A2,0.13,61,77,67,1.7,0.5,0.118,10,6.65,0.4444,-0.02,36.13,1,2,1,20,33.03,v2_lr,0
151938,2026-09-26,常滑,2,4055,6.05,41.6,0.25,0.5313,32,A2,0.14,23,95,54,2.5,0,0.193,10,6.67,0.2222,0.01,35.95,0.9753,2,1,20,24.77,v2_lr,0
151938,2026-09-26,常滑,3,4199,6.57,48.7,0.2,0.4462,65,A1,0.16,10,90,36,2.7,0.4,0.161,10,6.69,0,0.06,34.54,0.7822,2,1,20,14.73,v2_lr,0
151938,2026-09-26,常滑,4,4058,6.29,46.8,0.1333,0.3333,30,A1,0.17,2,84,21,3.3,0.1,0.207,10,6.6,1,0.09,34.65,0.7973,2,1,20,9.86,v2_lr,0
151938,2026-09-26,常滑,5,3788,5.88,45,0.375,0.5,8,B2,0.13,5,59,14,3.3,0.3,0.148,10,6.68,0.1111,0.05,32.47,0.4986,2,1,20,15,v2_lr,1
151938,2026-09-26,常滑,6,4407,5.09,26.2,0.1389,0.3056,36,B1,0.16,0,69,2,3.5,0.1,0.165,10,6.62,0.7778,0.11,28.83,0,2,1,20,2.6,v2_lr,0
151939,2026-09-26,津,1,4261,6.07,40,0.2364,0.4455,110,A2,0.16,71,98,85,2.8,0.4,0.125,10,6.77,0.6,0.08,29.14,0.4012,2,1,23,44.53,v2_lr,0
151939,2026-09-26,津,2,3843,4.81,28.3,0.087,0.2174,23,B1,0.17,2,74,19,3.9,0.1,0.098,10,6.77,0.6,0.04,33.33,0.635,2,1,23,24.57,v2_lr,0
151939,2026-09-26,津,3,5223,4.47,24.1,0,0,5,B1,0.15,3,82,20,4.2,0,0.141,10,6.71,1,0.09,32.89,0.6105,2,1,23,11.33,v2_lr,1
151939,2026-09-26,津,4,3812,4.46,21.8,0.1212,0.2727,33,B1,0.17,4,78,13,4,0,0.164,10,6.8,0.4,-0.03,30.82,0.495,2,1,23,11.46,v2_lr,0
151939,2026-09-26,津,5,5470,0,0,0,0,4,B2,,0,9,0,5.1,0,0.199,10,6.74,0.8,-0.1,39.87,1,2,1,23,3.04,v2_lr,0
151939,2026-09-26,津,6,3981,4.02,19,0.2121,0.2424,33,B1,0.2,0,57,3,3.8,0.2,0.176,10,6.86,0,-0.05,21.95,0,2,1,23,5.06,v2_lr,0
151940,2026-09-26,津,1,4853,3.96,18.6,0.1538,0.3846,13,B1,0.21,19,46,25,4.6,0,0.21,10,6.75,0.5,0.14,33.71,0.7756,2,1,23,52.65,v2_lr,0
151940,2026-09-26,津,2,5186,3.62,19.7,0,0,10,B1,0.19,4,58,21,3.9,0.1,0.163,10,6.78,0,0.18,28.42,0.3045,2,1,23,13.93,v2_lr,0
151940,2026-09-26,津,3,4382,5.05,22.3,0.0833,0.3333,12,B1,0.18,4,66,13,3.7,0.2,0.135,10,6.75,0.5,0.1,30.99,0.5334,2,1,23,20.89,v2_lr,0
151940,2026-09-26,津,4,5247,4.32,19.1,0,0,14,B1,0.18,1,73,11,4.2,0,0.162,10,6.72,1,0.13,29.41,0.3927,2,1,23,8.44,v2_lr,0
151940,2026-09-26,津,5,5454,0,0,0,0,5,B2,,0,13,0,5.8,0,0.177,10,6.74,0.6667,0.34,36.23,1,2,1,23,2.7,v2_lr,0
151940,2026-09-26,津,6,5343,3.91,15.3,0,0.0769,13,B1,,0,142,12,4,0,0.129,10,6.77,0.1667,0.09,25,0,2,1,23,1.39,v2_lr,1
151941,2026-09-26,津,1,5317,4.82,22.6,0.1333,0.4,15,B1,0.16,13,35,20,3.5,0,0.192,10,6.73,0.5,-0.05,36,0.5559,2,1,22,30,v2_lr,0
151941,2026-09-26,津,2,4381,5.64,38.9,0.2692,0.5,26,A2,0.18,14,80,38,2.5,0.4,0.116,10,6.67,1,-0.04,35.33,0.4965,2,1,22,34.95,v2_lr,1
151941,2026-09-26,津,3,5160,5.61,37.8,0.0833,0.0833,12,A2,0.15,15,85,34,3.4,0.2,0.15,10,6.73,0.5,-0.08,41.01,1,2,1,22,14.01,v2_lr,0
151941,2026-09-26,津,4,4665,3.97,13.7,0,0.3077,13,B1,0.16,3,65,8,4.2,0,0.118,10,6.73,0.5,0.14,29.73,0,2,1,22,3.25,v2_lr,0
151941,2026-09-26,津,5,4362,6.79,45.6,0.3182,0.4545,22,A1,0.14,6,61,18,3.9,0.3,0.13,10,6.76,0.25,0.01,38.32,0.7615,2,1,22,17.05,v2_lr,0
151941,2026-09-26,津,6,5466,0,0,0,0,6,B2,,0,28,0,5.2,0,0.179,10,6.79,0,-0.03,40.63,0.9663,2,1,22,0.74,v2_lr,0
151942,2026-09-26,津,1,4574,5.49,34,0.0513,0.2051,39,A2,0.18,30,63,41,3.2,0.2,0.148,10,6.65,0.8,0.15,46.94,1,1,1,22,22.16,v2_lr,1
151942,2026-09-26,津,2,4137,6.64,51.9,0.375,0.5938,32,A1,0.14,15,91,44,2.2,0.6,0.106,10,6.78,0.28,0.06,28.74,0.0555,1,1,22,32.34,v2_lr,0
151942,2026-09-26,津,3,4684,5.18,28.1,0.2941,0.5294,17,B1,0.2,11,65,23,2.8,0.2,0.117,10,6.74,0.44,0.08,35.53,0.4079,1,1,22,24.84,v2_lr,0
151942,2026-09-26,津,4,3999,5.92,40.5,0.2857,0.4286,21,A2,0.17,11,72,19,3.3,0.1,0.177,10,6.85,0,0.16,34.59,0.3591,1,1,22,14.97,v2_lr,0
151942,2026-09-26,津,5,3839,3.53,11.6,0.0278,0.0556,36,B1,0.17,0,67,3,5.5,0,0.201,10,6.85,0,0.27,28.57,0.0467,1,1,22,1.3,v2_lr,0
151942,2026-09-26,津,6,4930,5.68,36.2,0.1818,0.4091,22,A2,0.16,6,68,14,2.9,0.2,0.1,10,6.6,1,0.12,27.67,0,1,1,22,4.38,v2_lr,0
151943,2026-09-26,津,1,3940,6.33,45.9,0.1667,0.5,24,A1,0.16,79,118,107,3,0.2,0.124,10,6.69,1,0,36.05,0.4649,1,1,22,33.41,v2_lr,0
151943,2026-09-26,津,2,4270,4.59,25.6,0.1481,0.3704,81,B1,0.17,5,71,18,3.5,0.1,0.166,10,6.75,0.5,0.08,39.1,0.736,1,1,22,23.48,v2_lr,1
151943,2026-09-26,津,3,4539,6.3,45.6,0.3714,0.5714,35,A1,0.13,11,93,38,3.1,0.2,0.114,10,6.74,0.5833,0.03,42.07,1,1,1,22,34.45,v2_lr,0
151943,2026-09-26,津,4,4744,4.34,16.2,0.0435,0.087,23,B1,0.2,2,60,13,3.6,0,0.182,10,6.78,0.25,0.09,40.25,0.8382,1,1,22,5.09,v2_lr,0
151943,2026-09-26,津,5,5439,1.44,1.4,0,0,13,B2,,0,31,0,5.5,0,0.173,10,6.81,0,-0.03,33.57,0.2444,1,1,22,1.38,v2_lr,0
151943,2026-09-26,津,6,3812,4.46,21.8,0.1212,0.2727,33,B1,0.17,1,50,2,4,0,0.164,10,6.79,0.1667,-0.01,30.82,0,1,1,22,2.2,v2_lr,0
151944,2026-09-26,津,1,5247,4.32,19.1,0,0,14,B1,0.18,10,45,19,4.2,0,0.162,10,6.71,1,0.11,29.41,0.397,1,1,22,18.85,v2_lr,0
151944,2026-09-26,津,2,5091,6.01,42.6,0.2,0.3333,30,B1,0.19,7,45,19,2.2,0.4,0.17,10,6.72,0.8889,0.18,27.97,0.3204,1,1,22,25.93,v2_lr,1
151944,2026-09-26,津,3,4237,7.29,52.7,0.4444,0.7037,27,A1,0.15,16,75,33,2.6,0.2,0.123,10,6.78,0.2222,0.03,40.74,1,1,1,22,33.51,v2_lr,0
151944,2026-09-26,津,4,3981,4.02,19,0.2121,0.2424,33,B1,0.2,7,80,13,3.8,0.2,0.176,10,6.8,0,0.12,21.95,0,1,1,22,9.77,v2_lr,0
151944,2026-09-26,津,5,4134,5.97,43.8,0.16,0.48,25,A2,0.16,4,77,18,2.7,0.3,0.165,10,6.77,0.3333,0.05,30.59,0.4598,1,1,22,5.53,v2_lr,0
151944,2026-09-26,津,6,4109,5.74,38.3,0.2727,0.5,44,A2,0.13,3,84,12,2.7,0.3,0.117,10,6.79,0.1111,-0.01,30.77,0.4694,1,1,22,6.41,v2_lr,0
151945,2026-09-26,津,1,5186,3.62,19.7,0,0,10,B1,0.19,23,41,30,3.9,0.1,0.163,10,6.75,0.2,0.27,28.42,0,1,1,21,14.28,v2_lr,0
151945,2026-09-26,津,2,3959,7.37,51.4,0.5333,0.7,30,A1,0.13,17,72,39,1.7,0.6,0.092,10,6.59,1,-0.01,36.03,0.5836,1,1,21,45.41,v2_lr,1
151945,2026-09-26,津,3,3726,4.46,28.9,0.2,0.3,10,B1,0.19,6,51,18,3.8,0.1,0.125,10,6.78,0.05,0.09,31.95,0.2707,1,1,21,18.51,v2_lr,0
151945,2026-09-26,津,4,3843,4.81,28.3,0.087,0.2174,23,B1,0.17,11,76,16,3.9,0.1,0.098,10,6.76,0.15,0.12,33.33,0.3765,1,1,21,6.19,v2_lr,0
151945,2026-09-26,津,5,4381,5.64,38.9,0.2692,0.5,26,A2,0.18,5,80,17,2.5,0.4,0.116,10,6.7,0.45,0.01,35.33,0.5299,1,1,21,14.59,v2_lr,0
151945,2026-09-26,津,6,3627,5.51,38.7,0,0,5,A2,0.2,3,62,6,4.7,0,0.203,10,6.79,0,0.1,41.46,1,1,1,21,1.02,v2_lr,0
151946,2026-09-26,津,1,5160,5.61,37.8,0.0833,0.0833,12,A2,0.15,46,78,62,3.4,0.2,0.15,10,6.66,0.6818,0.11,41.01,0.7297,1,1,21,32.66,v2_lr,1
151946,2026-09-26,津,2,4574,5.49,34,0.0513,0.2051,39,A2,0.18,13,80,31,3.2,0.2,0.148,10,6.59,1,0.05,46.94,1,1,1,21,24.86,v2_lr,0
151946,2026-09-26,津,3,4848,7.03,46.7,0.25,0.4167,24,A1,0.14,16,62,36,2,0.3,0.153,10,6.72,0.4091,-0.04,43.27,0.8327,1,1,21,33.32,v2_lr,0
151946,2026-09-26,津,4,5343,3.91,15.3,0,0.0769,13,B1,,1,65,5,4,0,0.129,10,6.81,0,0.13,25,0,1,1,21,3.13,v2_lr,0
151946,2026-09-26,津,5,4169,3.68,17.8,0.1081,0.2703,37,B1,0.22,2,60,6,4.3,0,0.15,10,6.74,0.3182,0.08,41.03,0.7306,1,1,21,5.19,v2_lr,0
151946,2026-09-26,津,6,5470,0,0,0,0,4,B2,,0,38,0,5.1,0,0.199,10,6.74,0.3182,0.23,39.87,0.6778,1,1,21,0.84,v2_lr,0
151947,2026-09-26,津,1,4579,6.1,36.8,0.2883,0.4775,111,A2,0.14,63,89,75,3.1,0.3,0.129,10,6.72,0.5833,0.14,29.21,0.0408,1,1,21,31.59,v2_lr,1
151947,2026-09-26,津,2,4706,5.76,38.9,0.3548,0.4839,31,A2,0.18,14,74,40,2.5,0.3,0.202,10,6.67,1,0.02,37.84,0.7906,1,1,21,32.79,v2_lr,0
151947,2026-09-26,津,3,4137,6.64,51.9,0.375,0.5938,32,A1,0.14,19,92,43,2.2,0.6,0.106,10,6.79,0,-0.02,28.74,0,1,1,21,26.59,v2_lr,0
151947,2026-09-26,津,4,5223,4.47,24.1,0,0,5,B1,0.15,7,76,19,4.2,0,0.141,10,6.73,0.5,0.04,32.89,0.3606,1,1,21,3.34,v2_lr,0
151947,2026-09-26,津,5,4853,3.96,18.6,0.1538,0.3846,13,B1,0.21,1,56,4,4.6,0,0.21,10,6.75,0.3333,0.16,33.71,0.4318,1,1,21,4.5,v2_lr,0
151947,2026-09-26,津,6,4744,4.34,16.2,0.0435,0.087,23,B1,0.2,2,43,3,3.6,0,0.182,10,6.78,0.0833,0.12,40.25,1,1,1,21,1.18,v2_lr,0
151948,2026-09-26,津,1,4237,7.29,52.7,0.4444,0.7037,27,A1,0.15,86,118,100,2.6,0.2,0.123,10,6.87,0,0.02,40.74,1,1,1,21,37.78,v2_lr,1
151948,2026-09-26,津,2,4499,5.31,35.2,0.0769,0.3077,26,B1,0.16,10,52,22,3.8,0,0.16,10,6.77,0.9091,0.21,30.15,0,1,1,21,16.29,v2_lr,0
151948,2026-09-26,津,3,4362,6.79,45.6,0.3182,0.4545,22,A1,0.14,8,66,23,3.9,0.3,0.13,10,6.83,0.3636,-0.12,38.32,0.7715,1,1,21,29.79,v2_lr,0
151948,2026-09-26,津,4,4944,4.07,21.5,0.0313,0.1563,32,B1,0.18,4,59,7,3.9,0,0.149,10,6.82,0.4545,0.15,32.34,0.2068,1,1,21,3.83,v2_lr,0
151948,2026-09-26,津,5,4382,5.05,22.3,0.0833,0.3333,12,B1,0.18,4,63,6,3.7,0.2,0.135,10,6.76,1,0.08,30.99,0.0793,1,1,21,4.54,v2_lr,0
151948,2026-09-26,津,6,3999,5.92,40.5,0.2857,0.4286,21,A2,0.17,0,71,8,3.3,0.1,0.177,10,6.84,0.2727,-0.01,34.59,0.4193,1,1,21,7.78,v2_lr,0
151949,2026-09-26,津,1,4539,6.3,45.6,0.3714,0.5714,35,A1,0.13,63,91,77,3.1,0.2,0.114,10,6.68,0.6667,-0.01,42.07,1,1,1,21,30.88,v2_lr,0
151949,2026-09-26,津,2,3777,6.18,45.6,0.125,0.3125,16,A2,0.15,18,80,37,3.5,0.1,0.175,10,6.73,0.25,0.07,35.23,0.5149,1,1,21,15.47,v2_lr,0
151949,2026-09-26,津,3,3959,7.37,51.4,0.5333,0.7,30,A1,0.13,13,74,39,1.7,0.6,0.092,10,6.64,1,0.03,36.03,0.5716,1,1,21,31.02,v2_lr,1
151949,2026-09-26,津,4,4261,6.07,40,0.2364,0.4455,110,A2,0.16,10,75,23,2.8,0.4,0.125,10,6.73,0.25,0.09,29.14,0.083,1,1,21,11.27,v2_lr,0
151949,2026-09-26,津,5,5091,6.01,42.6,0.2,0.3333,30,B1,0.19,5,46,12,2.2,0.4,0.17,10,6.74,0.1667,-0.09,27.97,0,1,1,21,5.84,v2_lr,0
151949,2026-09-26,津,6,4684,5.18,28.1,0.2941,0.5294,17,B1,0.2,1,68,8,2.8,0.2,0.117,10,6.76,0,0.13,35.53,0.5362,1,1,21,5.52,v2_lr,0
151950,2026-09-26,津,1,4848,7.03,46.7,0.25,0.4167,24,A1,0.14,73,102,89,2,0.3,0.153,10,6.74,1,-0.03,43.27,1,1,1,21,33.48,v2_lr,1
151950,2026-09-26,津,2,4109,5.74,38.3,0.2727,0.5,44,A2,0.13,16,85,34,2.7,0.3,0.117,10,6.86,0,0.28,30.77,0.5094,1,1,21,25.03,v2_lr,0
151950,2026-09-26,津,3,3940,6.33,45.9,0.1667,0.5,24,A1,0.16,11,75,36,3,0.2,0.124,10,6.75,0.9167,-0.01,36.05,0.7166,1,1,21,19.2,v2_lr,0
151950,2026-09-26,津,4,5317,4.82,22.6,0.1333,0.4,15,B1,0.16,4,95,11,3.5,0,0.192,10,6.76,0.8333,0.17,36,0.7147,1,1,21,9.69,v2_lr,0
151950,2026-09-26,津,5,4239,6.69,55.3,0.24,0.44,25,A1,0.13,2,63,17,3.5,0.1,0.141,10,6.83,0.25,-0.08,17.79,0,1,1,21,8.62,v2_lr,0
151950,2026-09-26,津,6,3726,4.46,28.9,0.2,0.3,10,B1,0.19,0,44,2,3.8,0.1,0.125,10,6.83,0.25,-0.03,31.95,0.5557,1,1,21,3.98,v2_lr,0
151951,2026-09-26,琵琶湖,1,4824,6.18,44.2,0.3333,0.5,24,A2,0.13,66,98,77,3.3,0.3,0.129,10,6.87,0.85,-0.04,32.73,0.2932,4,4,21,30.9,v2_lr,0
151951,2026-09-26,琵琶湖,2,4410,5.31,30.9,0.3333,0.3333,6,B1,0.16,8,78,29,3.1,0.4,0.156,10,7.04,0,-0.14,43.12,1,4,4,21,28.19,v2_lr,0
151951,2026-09-26,琵琶湖,3,4195,5.07,30.6,0,0.2,25,B1,0.13,6,59,20,3.2,0.1,0.108,10,6.88,0.8,0.03,28.42,0,4,4,21,5.99,v2_lr,1
151951,2026-09-26,琵琶湖,4,4232,5.43,35.5,0.5,0.5,6,B1,0.17,9,57,18,2.7,0.3,0.136,10,6.84,1,-0.05,39.81,0.7748,4,4,21,29.75,v2_lr,0
151951,2026-09-26,琵琶湖,5,4598,5.41,36.9,0.0833,0.0833,12,B1,0.16,8,62,17,3,0.2,0.115,10,6.84,1,0,30.69,0.1544,4,4,21,4,v2_lr,0
151951,2026-09-26,琵琶湖,6,5109,5.05,29.2,0,0.1667,6,B1,0.17,1,60,7,3.7,0,0.183,10,6.88,0.8,0.01,38.61,0.6932,4,4,21,1.17,v2_lr,0
151952,2026-09-26,琵琶湖,1,4430,5.88,40.8,0.3462,0.5385,26,A2,0.16,52,100,76,2.5,0.3,0.165,10,6.91,0.6,0.03,36.89,0.1778,2,2,20,34.73,v2_lr,0
151952,2026-09-26,琵琶湖,2,5339,5.15,29.8,0.0435,0.1304,23,B1,0.21,6,27,12,3.9,0.2,0.15,10,6.83,1,0.13,46.09,0.8769,2,2,20,16.67,v2_lr,0
151952,2026-09-26,琵琶湖,3,3497,5.32,36.5,0.25,0.375,16,B1,0.2,12,72,28,4.4,0.2,0.165,10,6.87,0.8,0.07,47.71,1,2,2,20,24.89,v2_lr,0
151952,2026-09-26,琵琶湖,4,4258,4.67,29.4,0.1667,0.2083,24,B1,0.16,6,76,22,4.3,0.2,0.15,10,7.03,0,0.09,40.78,0.4734,2,2,20,8.19,v2_lr,0
151952,2026-09-26,琵琶湖,5,4614,6.36,44.8,0.2619,0.5714,42,A1,0.13,5,60,16,2.4,0.3,0.133,10,6.83,1,0.02,36.36,0.1375,2,2,20,13.57,v2_lr,1
151952,2026-09-26,琵琶湖,6,4977,5.99,42.1,0.125,0.4167,24,A2,0.15,4,65,13,3.3,0.2,0.179,10,6.98,0.25,0.12,34.55,0,2,2,20,1.96,v2_lr,0
151953,2026-09-26,琵琶湖,1,4890,5.87,37.7,0.1154,0.2308,26,A2,0.15,35,65,45,3.2,0.1,0.181,10,6.83,1,0.19,30.56,0.2204,3,3,20,31.15,v2_lr,1
151953,2026-09-26,琵琶湖,2,3663,5.16,32.7,0.1111,0.2963,27,B1,0.17,10,85,27,3.4,0,0.133,10,6.89,0.5714,0.06,37.14,1,3,3,20,23.69,v2_lr,0
151953,2026-09-26,琵琶湖,3,3814,4.76,29.1,0.0357,0.25,28,B1,0.2,4,68,27,4.1,0.1,0.186,10,6.87,0.7143,0.03,28.7,0,3,3,20,9.59,v2_lr,0
151953,2026-09-26,琵琶湖,4,4114,5.07,27.5,0.0556,0.1389,36,B1,0.22,5,63,9,4.2,0.1,0.176,10,6.9,0.5,0.14,30.48,0.2109,3,3,20,5.74,v2_lr,0
151953,2026-09-26,琵琶湖,5,4710,5.79,39.6,0.1875,0.4375,16,A2,0.15,2,76,20,2.7,0.1,0.121,10,6.91,0.4286,0.04,30.7,0.237,3,3,20,8.07,v2_lr,0
151953,2026-09-26,琵琶湖,6,4739,6.68,50.8,0.4583,0.625,24,A1,0.15,5,80,17,2.3,0.5,0.135,10,6.97,0,-0.02,36,0.8649,3,3,20,21.75,v2_lr,0
151954,2026-09-26,琵琶湖,1,4318,5.58,37.1,0.1176,0.2353,17,A2,0.16,39,83,54,3.8,0.1,0.165,10,6.91,0.2222,-0.07,29.91,0.0245,1,1,20,34.8,v2_lr,1
151954,2026-09-26,琵琶湖,2,3731,4.99,29,0.0645,0.129,31,B1,0.22,10,71,25,4.7,0,0.148,10,6.89,0.3333,0.28,30.91,0.0873,1,1,20,17.41,v2_lr,0
151954,2026-09-26,琵琶湖,3,5137,5.54,38.3,0.1579,0.4211,19,A2,0.19,7,66,23,3.2,0.2,0.162,10,6.77,1,0.23,29.52,0,1,1,20,23.4,v2_lr,0
151954,2026-09-26,琵琶湖,4,4880,5.42,36.8,0,0.3333,9,B1,0.18,6,63,21,3.8,0.1,0.175,10,6.9,0.2778,0.12,37.14,0.4783,1,1,20,4.35,v2_lr,0
151954,2026-09-26,琵琶湖,5,4572,5.23,35.5,0.1212,0.3939,33,B1,0.18,1,68,12,4.1,0,0.144,10,6.9,0.2778,0.03,30.09,0.0358,1,1,20,5.53,v2_lr,0
151954,2026-09-26,琵琶湖,6,4013,6.84,40.7,0.3235,0.5,34,A1,0.15,3,84,20,2.5,0.3,0.13,10,6.95,0,0.02,45.45,1,1,1,20,14.5,v2_lr,0
151955,2026-09-26,琵琶湖,1,3721,6.27,42.7,0.2987,0.6104,77,A1,0.14,84,105,93,2.3,0.4,0.106,10,7.03,0,0.04,37.39,0.5467,3,3,20,30.18,v2_lr,1
151955,2026-09-26,琵琶湖,2,5071,4.83,25,0.1304,0.3913,23,B1,0.13,8,63,18,3.7,0.1,0.105,10,6.82,0.7778,0.05,30.84,0.0285,3,3,20,18.86,v2_lr,0
151955,2026-09-26,琵琶湖,3,4067,5.95,40.3,0.16,0.4,25,A2,0.15,16,87,41,2.9,0.1,0.142,10,6.84,0.7037,0.11,30.48,0,3,3,20,14.36,v2_lr,0
151955,2026-09-26,琵琶湖,4,4953,6.79,57.1,0.2917,0.625,24,A1,0.16,14,79,38,2.7,0.5,0.154,10,6.76,1,0.04,37.62,0.5649,3,3,20,20.49,v2_lr,0
151955,2026-09-26,琵琶湖,5,4410,5.31,30.9,0.3333,0.3333,6,B1,0.16,5,74,12,3.1,0.4,0.156,10,6.95,0.2963,0.09,43.12,1,3,3,20,15.1,v2_lr,0
151955,2026-09-26,琵琶湖,6,5047,4.62,25.3,0,0.1667,6,B1,0.13,1,61,6,3.9,0.1,0.182,10,6.84,0.7037,0.1,36.7,0.4921,3,3,20,1.01,v2_lr,0
151956,2026-09-26,琵琶湖,1,3942,6.77,47.7,0.1,0.2,20,A1,0.16,61,108,83,2.7,0.4,0.137,10,6.95,0.3333,-0.01,43.14,1,2,2,20,32.61,v2_lr,1
151956,2026-09-26,琵琶湖,2,4195,5.07,30.6,0,0.2,25,B1,0.13,8,62,24,3.2,0.1,0.108,10,6.93,0.4667,0.12,28.42,0,2,2,20,12.1,v2_lr,0
151956,2026-09-26,琵琶湖,3,5122,4.86,33.7,0,0.1429,7,B1,0.16,2,40,14,3.6,0.1,0.173,10,7,0,0.14,33.64,0.3546,2,2,20,5.7,v2_lr,0
151956,2026-09-26,琵琶湖,4,5012,5.44,34.8,0.1481,0.4074,27,B1,0.12,9,65,19,3.1,0.1,0.141,10,6.88,0.8,-0.12,31.78,0.2283,2,2,20,15.12,v2_lr,0
151956,2026-09-26,琵琶湖,6,4840,4.74,32.3,0.1176,0.1765,17,B1,0.12,2,57,10,4.5,0.1,0.149,10,6.85,1,-0.1,39.05,0.7221,2,2,20,4.92,v2_lr,0
151957,2026-09-26,琵琶湖,1,4796,6.51,52.6,0.3333,0.5111,45,A1,0.15,74,95,86,3.6,0.1,0.118,10,6.82,0.8125,-0.01,34.34,0.5659,1,1,20,33.32,v2_lr,1
151957,2026-09-26,琵琶湖,2,4598,5.41,36.9,0.0833,0.0833,12,B1,0.16,13,74,36,3,0.2,0.115,10,6.86,0.5625,0.15,30.69,0,1,1,20,14.13,v2_lr,0
151957,2026-09-26,琵琶湖,3,3663,5.16,32.7,0.1111,0.2963,27,B1,0.17,9,86,34,3.4,0,0.133,10,6.95,0,0.09,37.14,1,1,1,20,10.13,v2_lr,0
151957,2026-09-26,琵琶湖,4,5289,5.71,38.8,0.1667,0.25,24,A2,0.17,7,87,22,3.5,0,0.155,10,6.84,0.6875,0.11,33.02,0.3612,1,1,20,10.44,v2_lr,0
151957,2026-09-26,琵琶湖,5,5074,4.74,28.1,0.1667,0.25,36,B1,0.2,5,76,11,4.1,0,0.154,10,6.92,0.1875,0.03,33.64,0.4574,1,1,20,5.15,v2_lr,0
151957,2026-09-26,琵琶湖,6,4759,6.78,44.4,0.5556,0.7778,18,A1,0.17,1,79,18,1.8,0.5,0.146,10,6.79,1,0.1,32.41,0.2667,1,1,20,26.83,v2_lr,0
151958,2026-09-26,琵琶湖,1,3502,5.72,38.9,0.05,0.25,20,A2,0.14,37,82,60,3.4,0.1,0.149,10,6.84,0.7647,0.01,32.71,0.1248,2,2,20,28.75,v2_lr,1
151958,2026-09-26,琵琶湖,2,5109,5.05,29.2,0,0.1667,6,B1,0.17,8,78,26,3.7,0,0.183,10,6.82,0.8824,0.09,38.61,0.4672,2,2,20,16.65,v2_lr,0
151958,2026-09-26,琵琶湖,3,4600,6.81,52.6,0.2105,0.4737,19,A1,0.13,13,65,27,2.9,0.1,0.134,10,6.8,1,0.18,44.04,0.7824,2,2,20,30.13,v2_lr,0
151958,2026-09-26,琵琶湖,4,4234,5.1,29.7,0,0.2059,34,B1,0.16,2,57,8,4.4,0,0.168,10,6.97,0,0.09,47.79,1,2,2,20,4.04,v2_lr,0
151958,2026-09-26,琵琶湖,5,3497,5.32,36.5,0.25,0.375,16,B1,0.2,2,62,8,4.4,0.2,0.165,10,6.83,0.8235,0.08,47.71,0.9954,2,2,20,17.47,v2_lr,0
151958,2026-09-26,琵琶湖,6,4489,5.35,33.3,0.1379,0.1724,29,B1,0.14,1,65,5,4,0,0.119,10,6.96,0.0588,-0.01,30.56,0,2,2,20,2.96,v2_lr,0
151959,2026-09-26,琵琶湖,1,4842,6.07,43.4,0.1667,0.1667,6,A2,0.16,35,62,48,3.8,0.2,0.178,10,6.92,0.3333,0.06,45.71,1,1,1,20,37.51,v2_lr,1
151959,2026-09-26,琵琶湖,2,4572,5.23,35.5,0.1212,0.3939,33,B1,0.18,6,65,22,4.1,0,0.144,10,6.98,0,0.22,30.09,0,1,1,20,18.21,v2_lr,0
151959,2026-09-26,琵琶湖,3,4114,5.07,27.5,0.0556,0.1389,36,B1,0.22,5,71,16,4.2,0.1,0.176,10,6.86,0.6667,0.12,30.48,0.025,1,1,20,11.65,v2_lr,0
151959,2026-09-26,琵琶湖,4,4977,5.99,42.1,0.125,0.4167,24,A2,0.15,10,62,20,3.3,0.2,0.179,10,6.8,1,-0.01,34.55,0.2855,1,1,20,13.82,v2_lr,0
151959,2026-09-26,琵琶湖,5,5071,4.83,25,0.1304,0.3913,23,B1,0.13,4,50,6,3.7,0.1,0.105,10,6.81,0.9444,0.06,30.84,0.048,1,1,20,7.54,v2_lr,0
151959,2026-09-26,琵琶湖,6,5050,5.85,41.3,0.2941,0.4706,85,A2,0.17,1,65,13,2.7,0.3,0.161,10,6.87,0.6111,0.2,42.45,0.7913,1,1,20,11.27,v2_lr,0
151960,2026-09-26,琵琶湖,1,4013,6.84,40.7,0.3235,0.5,34,A1,0.15,83,103,90,2.5,0.3,0.13,10,6.9,0.05,0.09,45.45,1,1,1,20,33.87,v2_lr,0
151960,2026-09-26,琵琶湖,2,4614,6.36,44.8,0.2619,0.5714,42,A1,0.13,18,67,43,2.4,0.3,0.133,10,6.71,1,0.04,36.36,0.3928,1,1,20,30.36,v2_lr,1
151960,2026-09-26,琵琶湖,3,5012,5.44,34.8,0.1481,0.4074,27,B1,0.12,11,75,27,3.1,0.1,0.141,10,6.84,0.35,0.08,31.78,0.0868,1,1,20,13,v2_lr,0
151960,2026-09-26,琵琶湖,4,4067,5.95,40.3,0.16,0.4,25,A2,0.15,18,99,38,2.9,0.1,0.142,10,6.84,0.35,0.13,30.48,0,1,1,20,8.35,v2_lr,0
151960,2026-09-26,琵琶湖,5,4824,6.18,44.2,0.3333,0.5,24,A2,0.13,9,73,21,3.3,0.3,0.129,10,6.91,0,0.09,32.73,0.1503,1,1,20,12.66,v2_lr,0
151960,2026-09-26,琵琶湖,6,4890,5.87,37.7,0.1154,0.2308,26,A2,0.15,1,68,6,3.2,0.1,0.181,10,6.87,0.2,0.15,30.56,0.0053,1,1,20,1.76,v2_lr,0
151961,2026-09-26,琵琶湖,1,4739,6.68,50.8,0.4583,0.625,24,A1,0.15,68,95,82,2.3,0.5,0.135,10,6.8,1,0.04,36,0.3035,0,1,19,24.94,v2_lr,1
151961,2026-09-26,琵琶湖,2,4760,7.42,52.5,0.4,0.6857,35,A1,0.14,16,82,38,2.4,0.5,0.115,10,6.85,0.7368,0.07,35.19,0.1554,0,1,19,23.38,v2_lr,0
151961,2026-09-26,琵琶湖,3,4232,5.43,35.5,0.5,0.5,6,B1,0.17,6,63,17,2.7,0.3,0.136,10,6.87,0.6316,0.12,39.81,1,0,1,19,23.7,v2_lr,0
151961,2026-09-26,琵琶湖,4,3721,6.27,42.7,0.2987,0.6104,77,A1,0.14,10,71,29,2.3,0.4,0.106,10,6.99,0,0.14,37.39,0.5576,0,1,19,11.37,v2_lr,0
151961,2026-09-26,琵琶湖,5,4430,5.88,40.8,0.3462,0.5385,26,A2,0.16,7,74,19,2.5,0.3,0.165,10,6.95,0.2105,0.06,36.89,0.4662,0,1,19,10.54,v2_lr,0
151961,2026-09-26,琵琶湖,6,4796,6.51,52.6,0.3333,0.5111,45,A1,0.15,2,76,10,3.6,0.1,0.118,10,6.94,0.2632,0,34.34,0,0,1,19,6.07,v2_lr,0
151962,2026-09-26,琵琶湖,1,4759,6.78,44.4,0.5556,0.7778,18,A1,0.17,78,103,86,1.8,0.5,0.146,10,6.73,1,-0.01,32.41,0.199,3,3,19,37.42,v2_lr,1
151962,2026-09-26,琵琶湖,2,4710,5.79,39.6,0.1875,0.4375,16,A2,0.15,16,86,41,2.7,0.1,0.121,10,6.86,0.1875,0.07,30.7,0.0813,3,3,19,21.55,v2_lr,0
151962,2026-09-26,琵琶湖,3,4953,6.79,57.1,0.2917,0.625,24,A1,0.16,22,94,49,2.7,0.5,0.154,10,6.89,0,0.04,37.62,0.5579,3,3,19,23.03,v2_lr,0
151962,2026-09-26,琵琶湖,4,4600,6.81,52.6,0.2105,0.4737,19,A1,0.13,9,74,25,2.9,0.1,0.134,10,6.88,0.0625,0.11,44.04,1,3,3,19,12.24,v2_lr,0
151962,2026-09-26,琵琶湖,5,3942,6.77,47.7,0.1,0.2,20,A1,0.16,7,62,22,2.7,0.4,0.137,10,6.87,0.125,0.27,43.14,0.938,3,3,19,3.32,v2_lr,0
151962,2026-09-26,琵琶湖,6,5137,5.54,38.3,0.1579,0.4211,19,A2,0.19,0,71,11,3.2,0.2,0.162,10,6.82,0.4375,0.28,29.52,0,3,3,19,2.44,v2_lr,0
151963,2026-09-26,尼崎,1,4465,4.69,26.7,0.1111,0.2222,9,B1,0.18,18,46,27,4.3,0.1,0.178,10,6.85,0.625,0.11,50.82,1,2,0,23.1,27.19,v2_lr,0
151963,2026-09-26,尼崎,2,4589,4.88,27.6,0.0833,0.3333,12,B1,0.19,6,63,26,3.1,0.1,0.148,10,6.79,1,0.2,43.97,0.7112,2,0,23.1,19.23,v2_lr,0
151963,2026-09-26,尼崎,3,4852,7.18,53.2,0.5385,0.6154,13,A1,0.14,19,80,43,2.6,0.2,0.145,10,6.81,0.875,-0.06,32.52,0.2285,2,0,23.1,38.75,v2_lr,1
151963,2026-09-26,尼崎,4,4404,3.94,17.3,0.1186,0.2034,59,B1,0.18,3,71,9,3.8,0.1,0.226,10,6.84,0.6875,-0.1,40.16,0.5506,2,0,23.1,9.89,v2_lr,0
151963,2026-09-26,尼崎,5,5353,2.81,8.6,0,0.0278,36,B1,0.11,1,90,5,4.5,0.1,0.166,10,6.89,0.375,-0.09,29.51,0.1016,2,0,23.1,1.76,v2_lr,0
151963,2026-09-26,尼崎,6,4879,4.97,35.5,0.2,0.4,10,B1,0.23,0,58,5,3.6,0.2,0.142,10,6.95,0,-0.01,27.1,0,2,0,23.1,3.17,v2_lr,0
151964,2026-09-26,尼崎,1,3578,3.8,19,0.0909,0.1818,11,B1,0.2,13,50,25,4.5,0,0.158,10,6.87,0.3,0.19,41.03,0.8512,2,0,23,26.32,v2_lr,1
151964,2026-09-26,尼崎,2,3612,6.38,50.3,0.2125,0.4625,80,A1,0.17,14,96,44,2.5,0.2,0.117,10,6.85,0.5,0.11,43.33,1,2,0,23,32.59,v2_lr,0
151964,2026-09-26,尼崎,3,3717,5.55,30.5,0.1667,0.3333,12,A2,0.2,6,49,18,3.5,0.3,0.127,10,6.86,0.4,0.14,32.23,0.282,2,0,23,18.48,v2_lr,0
151964,2026-09-26,尼崎,4,4505,6.35,45.8,0,0.3333,3,A1,0.17,13,72,27,3.1,0.1,0.136,10,6.9,0,-0.01,30,0.1378,2,0,23,3.2,v2_lr,0
151964,2026-09-26,尼崎,5,4941,4.97,26.6,0,0.2333,30,B1,0.19,6,59,13,3.3,0.2,0.212,10,6.81,0.9,-0.03,28.97,0.0712,2,0,23,2.84,v2_lr,0
151964,2026-09-26,尼崎,6,5104,5.59,37.5,0.3333,0.3333,3,A2,0.11,7,63,12,2.6,0.2,0.143,10,6.8,1,-0.14,27.87,0,2,0,23,16.57,v2_lr,0
151965,2026-09-26,尼崎,1,3947,4.35,15.5,0.0833,0.25,12,B1,0.21,26,67,34,3.4,0.2,0.16,10,6.79,0.8667,0.06,27.36,0.1376,3,0,22.8,34.7,v2_lr,1
151965,2026-09-26,尼崎,2,4155,6.14,45.9,0.1935,0.4516,31,A2,0.17,14,73,33,3.3,0.3,0.153,10,6.87,0.3333,-0.03,25,0,3,0,22.8,33.32,v2_lr,0
151965,2026-09-26,尼崎,3,5386,2.58,6.4,0.0267,0.0533,75,B1,0.19,3,22,4,4,0.1,0.118,10,6.84,0.5333,-0.07,38.14,0.7662,3,0,22.8,11.68,v2_lr,0
151965,2026-09-26,尼崎,4,4175,6.16,46,0.15,0.35,20,A2,0.17,6,64,20,2.3,0.4,0.1,10,6.87,0.3333,0.13,37.07,0.7038,3,0,22.8,12.52,v2_lr,0
151965,2026-09-26,尼崎,5,4369,5.92,39.8,0.125,0.3333,24,A2,0.18,11,68,18,3.2,0.2,0.173,10,6.92,0,-0.04,37.07,0.7038,3,0,22.8,5.89,v2_lr,0
151965,2026-09-26,尼崎,6,5413,1.91,4.3,0,0,11,B2,,0,126,0,4.6,0,0.197,10,6.77,1,0.05,42.15,1,3,0,22.8,1.89,v2_lr,0
151966,2026-09-26,尼崎,1,3841,5.92,41.1,0.1905,0.3333,21,A2,0.16,59,99,82,3.4,0.2,0.196,10,6.91,0.1111,0.07,24.11,0.2992,3,0,22.7,35.54,v2_lr,1
151966,2026-09-26,尼崎,2,5084,7.07,43.4,0.375,0.5625,16,A1,0.14,16,69,37,2.8,0.3,0.13,10,6.88,0.4444,0.14,38.21,1,3,0,22.7,44.75,v2_lr,0
151966,2026-09-26,尼崎,3,3769,5.6,35.1,0.0769,0.2308,13,A2,0.15,3,54,21,4.1,0.1,0.132,10,6.92,0,0.16,34.23,0.8022,3,0,22.7,10.27,v2_lr,0
151966,2026-09-26,尼崎,4,5144,5.43,40.3,0,0.1429,14,B1,0.19,1,62,13,4.2,0,0.127,10,6.9,0.2222,0.05,18.09,0,3,0,22.7,3.3,v2_lr,0
151966,2026-09-26,尼崎,6,5421,1.38,2,0,0.0256,39,B2,,0,51,1,5.3,0,0.21,10,6.83,1,0.05,25.22,0.3544,3,0,22.7,1.36,v2_lr,0
151967,2026-09-26,尼崎,1,4958,6.4,43.4,0.2083,0.4167,24,A1,0.14,65,102,79,2,0.4,0.124,10,6.82,0.8,0.04,35,0.5396,2,0,22.5,37.28,v2_lr,0
151967,2026-09-26,尼崎,2,4856,6.85,47.5,0.1818,0.5455,11,A1,0.13,20,91,53,1.8,0.5,0.146,10,6.78,1,0.08,37.19,0.6879,2,0,22.5,31.15,v2_lr,1
151967,2026-09-26,尼崎,3,4034,3.56,15.5,0,0.1176,17,B1,0.22,2,75,12,4.6,0,0.211,10,6.89,0.45,0.16,31.03,0.2708,2,0,22.5,5.87,v2_lr,0
151967,2026-09-26,尼崎,4,5055,5.96,42.4,0.2105,0.3684,19,A2,0.16,12,82,24,3.8,0.1,0.129,10,6.87,0.55,0.24,30.58,0.2404,2,0,22.5,13.5,v2_lr,0
151967,2026-09-26,尼崎,5,4111,5.51,37,0.2308,0.3077,13,A2,0.17,4,74,12,3.5,0.2,0.194,10,6.9,0.4,0.08,41.8,1,2,0,22.5,11.05,v2_lr,0
151967,2026-09-26,尼崎,6,4714,4.9,23.9,0.0714,0.4286,14,B1,0.16,1,47,2,3.8,0,0.158,10,6.98,0,0.21,27.03,0,2,0,22.5,1.15,v2_lr,0
151968,2026-09-26,尼崎,1,5210,5.47,37.9,0.1538,0.3846,13,A2,0.17,29,49,37,3.2,0.3,0.132,10,6.93,0,-0.01,28.95,0.2136,3,0,22.6,33.21,v2_lr,1
151968,2026-09-26,尼崎,2,4465,4.69,26.7,0.1111,0.2222,9,B1,0.18,3,58,18,4.3,0.1,0.178,10,6.92,0.1429,-0.04,50.82,1,3,0,22.6,24.37,v2_lr,0
151968,2026-09-26,尼崎,3,4343,4.78,23.6,0.05,0.2,20,B1,0.18,2,78,13,3.8,0,0.162,10,6.87,0.8571,-0.01,31.03,0.2884,3,0,22.6,13.81,v2_lr,0
151968,2026-09-26,尼崎,4,3966,6.31,41.4,0.2143,0.5,28,A1,0.17,16,91,38,3,0.1,0.181,10,6.86,1,0.21,23.01,0,3,0,22.6,19.3,v2_lr,0
151968,2026-09-26,尼崎,5,5397,1.35,0,0,0,3,B2,,0,66,0,5.3,0,0.134,10,6.86,1,0.03,36.07,0.4696,3,0,22.6,2.9,v2_lr,0
151968,2026-09-26,尼崎,6,5243,4.86,27.3,0.2105,0.3684,19,B1,0.17,5,68,12,3.5,0.1,0.114,10,6.9,0.4286,0.02,39.34,0.5872,3,0,22.6,6.4,v2_lr,0
151969,2026-09-26,尼崎,1,4969,4.65,21.5,0.0909,0.3636,22,B1,0.16,23,45,31,3.3,0.1,0.158,10,6.84,1,0.06,29.03,0.0606,2,0,22.5,22.53,v2_lr,1
151969,2026-09-26,尼崎,2,4369,5.92,39.8,0.125,0.3333,24,A2,0.18,8,74,22,3.2,0.2,0.173,10,6.92,0,0.04,37.07,0.4807,2,0,22.5,15.07,v2_lr,0
151969,2026-09-26,尼崎,3,5198,4.84,29.3,0.0909,0.1818,22,B1,0.21,4,64,18,3.5,0.1,0.169,10,6.84,1,-0.03,28.33,0.024,2,0,22.5,11.63,v2_lr,0
151969,2026-09-26,尼崎,4,4852,7.18,53.2,0.5385,0.6154,13,A1,0.14,17,74,32,2.6,0.2,0.145,10,6.91,0.125,-0.01,32.52,0.2429,2,0,22.5,30.19,v2_lr,0
151969,2026-09-26,尼崎,5,5104,5.59,37.5,0.3333,0.3333,3,A2,0.11,3,58,10,2.6,0.2,0.143,10,6.85,0.875,-0.04,27.87,0,2,0,22.5,16.27,v2_lr,0
151969,2026-09-26,尼崎,6,5216,6.4,45.9,0.1739,0.4348,23,A1,0.19,2,64,6,2.1,0.5,0.12,10,6.85,0.875,0.11,47.01,1,2,0,22.5,4.31,v2_lr,0
151970,2026-09-26,尼崎,1,3717,5.55,30.5,0.1667,0.3333,12,A2,0.2,35,64,48,3.5,0.3,0.127,10,6.91,0.1667,0.03,32.23,0.5299,2,0,22.7,31.63,v2_lr,0
151970,2026-09-26,尼崎,2,4761,5.66,36.9,0.3,0.5,30,A2,0.14,14,77,30,3.5,0.1,0.137,10,6.87,0.5,0.03,22.41,0.0645,2,0,22.7,35.35,v2_lr,1
151970,2026-09-26,尼崎,3,4846,3.99,20.2,0.0526,0.1579,19,B1,0.14,3,70,13,4.8,0.1,0.192,10,6.93,0,0.11,41.67,0.9773,2,0,22.7,8.16,v2_lr,0
151970,2026-09-26,尼崎,4,3841,5.92,41.1,0.1905,0.3333,21,A2,0.16,11,78,37,3.4,0.2,0.196,10,6.89,0.3333,-0.04,24.11,0.145,2,0,22.7,12.99,v2_lr,0
151970,2026-09-26,尼崎,5,5413,1.91,4.3,0,0,11,B2,,1,59,4,4.6,0,0.197,10,6.81,1,-0.04,42.15,1,2,0,22.7,3.05,v2_lr,0
151970,2026-09-26,尼崎,6,4682,7.02,45,0.2632,0.6316,19,A1,0.14,2,78,11,2.9,0.2,0.142,10,6.84,0.75,0.01,21.05,0,2,0,22.7,8.81,v2_lr,0
151971,2026-09-26,尼崎,1,5144,5.43,40.3,0,0.1429,14,B1,0.19,16,45,29,4.2,0,0.127,10,6.85,0.75,0.1,18.09,0,2,0,22.4,37.97,v2_lr,1
151971,2026-09-26,尼崎,2,4941,4.97,26.6,0,0.2333,30,B1,0.19,7,60,25,3.3,0.2,0.212,10,6.89,0.5,0.28,28.97,0.4204,2,0,22.4,21.65,v2_lr,0
151971,2026-09-26,尼崎,3,4874,4.57,21.2,0,0,3,B1,0.15,4,69,16,3.8,0.1,0.186,10,6.92,0.3125,0.03,38.84,0.8018,2,0,22.4,15.07,v2_lr,0
151971,2026-09-26,尼崎,4,4714,4.9,23.9,0.0714,0.4286,14,B1,0.16,1,58,13,3.8,0,0.158,10,6.97,0,0.03,27.03,0.3454,2,0,22.4,10.54,v2_lr,0
151971,2026-09-26,尼崎,5,4589,4.88,27.6,0.0833,0.3333,12,B1,0.19,6,59,15,3.1,0.1,0.148,10,6.81,1,0.02,43.97,1,2,0,22.4,12.28,v2_lr,0
151971,2026-09-26,尼崎,6,5357,1.57,1.4,0,0,11,B2,0.35,0,89,1,5.3,0,0.31,10,6.85,0.75,0.05,35.77,0.6832,2,0,22.4,2.48,v2_lr,0
151972,2026-09-26,尼崎,1,4505,6.35,45.8,0,0.3333,3,A1,0.17,63,86,75,3.1,0.1,0.136,10,6.88,0.5455,0.04,30,0.0873,3,0,22.6,22.12,v2_lr,1
151972,2026-09-26,尼崎,2,5386,2.58,6.4,0.0267,0.0533,75,B1,0.19,0,23,2,4,0.1,0.118,10,6.89,0.4545,0.03,38.14,0.7639,3,0,22.6,16.86,v2_lr,0
151972,2026-09-26,尼崎,3,5210,5.47,37.9,0.1538,0.3846,13,A2,0.17,8,68,20,3.2,0.3,0.132,10,6.94,0,-0.01,28.95,0,3,0,22.6,16.69,v2_lr,0
151972,2026-09-26,尼崎,4,4856,6.85,47.5,0.1818,0.5455,11,A1,0.13,17,89,40,1.8,0.5,0.146,10,6.83,1,0.08,37.19,0.685,3,0,22.6,20.43,v2_lr,0
151972,2026-09-26,尼崎,5,5249,5.11,31.1,0,0,5,B1,0.13,4,61,10,4.4,0,0.17,10,6.87,0.6364,0.01,40.98,1,3,0,22.6,3.35,v2_lr,0
151972,2026-09-26,尼崎,6,5084,7.07,43.4,0.375,0.5625,16,A1,0.14,5,72,17,2.8,0.3,0.13,10,6.91,0.2727,-0.09,38.21,0.7697,3,0,22.6,20.55,v2_lr,0
151973,2026-09-26,尼崎,1,4703,6.35,48.7,0.1923,0.3462,26,A1,0.16,70,102,83,3,0.1,0.149,10,6.88,0.4444,-0.06,39.34,0.8536,1,0,22.8,35.06,v2_lr,0
151973,2026-09-26,尼崎,2,4262,7.19,45.8,0.2105,0.4737,19,A1,0.15,15,81,44,2.5,0.5,0.123,10,6.83,1,0.06,28.97,0.2363,1,0,22.8,32.33,v2_lr,1
151973,2026-09-26,尼崎,3,4156,5.7,37.8,0.1,0.2,10,A2,0.18,11,73,27,2.2,0.2,0.147,10,6.92,0,-0.01,37.93,0.7696,1,0,22.8,11.55,v2_lr,0
151973,2026-09-26,尼崎,4,4111,5.51,37,0.2308,0.3077,13,A2,0.17,6,78,19,3.5,0.2,0.194,10,6.92,0,0.02,41.8,1,1,0,22.8,15.18,v2_lr,0
151973,2026-09-26,尼崎,5,4343,4.78,23.6,0.05,0.2,20,B1,0.18,0,70,7,3.8,0,0.162,10,6.92,0,0.13,31.03,0.3589,1,0,22.8,2.13,v2_lr,0
151973,2026-09-26,尼崎,6,4155,6.14,45.9,0.1935,0.4516,31,A2,0.17,6,61,13,3.3,0.3,0.153,10,6.9,0.2222,0,25,0,1,0,22.8,3.75,v2_lr,0
151974,2026-09-26,尼崎,1,3612,6.38,50.3,0.2125,0.4625,80,A1,0.17,80,135,114,2.5,0.2,0.117,10,6.85,0.8571,0.05,43.33,1,1,0,22.7,31.53,v2_lr,1
151974,2026-09-26,尼崎,2,5243,4.86,27.3,0.2105,0.3684,19,B1,0.17,12,76,30,3.5,0.1,0.114,10,6.83,1,0.06,39.34,0.8093,1,0,22.7,27.75,v2_lr,0
151974,2026-09-26,尼崎,3,5055,5.96,42.4,0.2105,0.3684,19,A2,0.16,16,83,29,3.8,0.1,0.129,10,6.88,0.6429,0.08,30.58,0.3905,1,0,22.7,19.43,v2_lr,0
151974,2026-09-26,尼崎,4,3769,5.6,35.1,0.0769,0.2308,13,A2,0.15,5,43,9,4.1,0.1,0.132,10,6.97,0,0,34.23,0.565,1,0,22.7,4.88,v2_lr,0
151974,2026-09-26,尼崎,5,4761,5.66,36.9,0.3,0.5,30,A2,0.14,4,73,11,3.5,0.1,0.137,10,6.89,0.5714,-0.04,22.41,0,1,0,22.7,13.53,v2_lr,0
151974,2026-09-26,尼崎,6,4175,6.16,46,0.15,0.35,20,A2,0.17,1,52,6,2.3,0.4,0.1,10,6.92,0.3571,0.07,37.07,0.7008,1,0,22.7,2.88,v2_lr,0
151975,2026-09-26,丸亀,1,4260,4.9,33.6,0.1692,0.3846,65,B1,0.19,53,86,72,3.8,0.3,0.177,10,6.81,0.5833,-0.04,50,0.8999,1,1,21,41.09,v2_lr,1
151975,2026-09-26,丸亀,2,4186,3.45,16.8,0,0.0769,13,B1,0.2,3,53,14,4.3,0.1,0.161,10,6.84,0.3333,-0.01,55.56,1,1,1,21,15.02,v2_lr,0
151975,2026-09-26,丸亀,3,3775,4.26,20.2,0.1818,0.4545,11,B1,0.18,6,78,22,3.9,0.1,0.163,10,6.76,1,0.07,0,0,1,1,21,26.24,v2_lr,0
151975,2026-09-26,丸亀,4,5354,3.06,13.7,,,0,B1,,4,56,8,3.1,0.1,0.141,10,6.87,0.0833,0.05,0,0,1,1,21,10,v2_lr,0
151975,2026-09-26,丸亀,5,5471,0,0,,,0,B2,,0,13,0,5.3,0,0.145,10,6.85,0.25,0.15,0,0,1,1,21,4.67,v2_lr,0
151975,2026-09-26,丸亀,6,3869,3.73,15.3,,,0,B1,0.2,1,44,2,3.5,0.2,0.187,10,6.88,0,0.22,22.22,0.3999,1,1,21,2.98,v2_lr,0
151976,2026-09-26,丸亀,1,5231,4.46,28.3,,,0,B1,0.18,26,41,31,3.9,0.1,0.175,10,6.82,0.6364,0.22,0,0,1,1,21,23.93,v2_lr,0
151976,2026-09-26,丸亀,2,5359,5.06,30.2,0.3636,0.4545,11,B1,0.16,7,45,11,2.8,0.5,0.133,10,6.84,0.5455,0.09,25,0.5626,1,1,21,30.79,v2_lr,0
151976,2026-09-26,丸亀,3,3977,4.45,20.5,,,0,B1,0.19,5,73,14,3,0.1,0.11,10,6.96,0,0.06,0,0,1,1,21,11.26,v2_lr,0
151976,2026-09-26,丸亀,4,4821,5.27,38,0.1781,0.3425,73,B1,0.2,8,73,23,3.2,0.2,0.166,10,6.86,0.4545,0.11,0,0,1,1,21,8.92,v2_lr,1
151976,2026-09-26,丸亀,5,5026,6.27,48.2,0.4,0.44,25,A1,0.17,10,64,19,4,0,0.154,10,6.74,1,0.34,44.44,1,1,1,21,21.3,v2_lr,0
151976,2026-09-26,丸亀,6,4193,5.94,40.5,,,0,A2,0.15,4,73,10,3.1,0.3,0.154,10,6.82,0.6364,0.06,44.44,1,1,1,21,3.81,v2_lr,0
151977,2026-09-26,丸亀,1,4534,3.87,22.3,0,0.125,8,B1,0.21,7,32,15,3.1,0.2,0.198,10,6.78,0.4667,0.02,50,1,1,1,21,29.39,v2_lr,0
151977,2026-09-26,丸亀,2,4592,4.39,22.3,0,0.1667,6,B1,0.18,5,69,25,3.6,0.1,0.159,10,6.81,0.2667,0.03,0,0,1,1,21,15.34,v2_lr,0
151977,2026-09-26,丸亀,3,5177,4.04,15.3,0,0,6,B1,0.19,3,69,11,3.8,0,0.203,10,6.7,1,0.05,25,0.5,1,1,21,14.28,v2_lr,0
151977,2026-09-26,丸亀,4,4715,6.35,41.9,0.3077,0.4615,13,A1,0.13,12,61,24,3.5,0.2,0.127,10,6.85,0,0.17,0,0,1,1,21,28.19,v2_lr,1
151977,2026-09-26,丸亀,5,3484,5.95,45.1,0.1739,0.4783,23,A2,0.17,1,57,9,2.5,0.3,0.152,10,6.84,0.0667,0.08,44.44,0.8888,1,1,21,9.64,v2_lr,0
151977,2026-09-26,丸亀,6,3305,4.17,26.1,0.1429,0.2857,14,B1,0.17,0,50,2,4.8,0,0.136,10,6.85,0,0.11,0,0,1,1,21,3.16,v2_lr,0
151978,2026-09-26,丸亀,1,3161,5.22,37.8,0.0714,0.2143,28,B1,0.21,21,73,38,4,0,0.144,10,6.78,0.6923,0.06,0,0,2,2,21,30.64,v2_lr,0
151978,2026-09-26,丸亀,2,5207,4.66,26.7,0,0,6,B1,0.18,4,54,10,3.7,0,0.183,10,6.74,1,0.09,40,1,2,2,21,19.99,v2_lr,0
151978,2026-09-26,丸亀,3,4545,7.02,52.4,0.2727,0.6364,11,A1,0.15,18,78,46,2.2,0.4,0.118,10,6.81,0.4615,-0.01,25,0.625,2,2,21,35.87,v2_lr,1
151978,2026-09-26,丸亀,4,5346,2.58,2.4,0,0,2,B1,,0,65,3,3.9,0.1,0.143,10,6.84,0.2308,0.16,0,0,2,2,21,3.51,v2_lr,0
151978,2026-09-26,丸亀,5,5333,4.64,31.1,,,0,B2,0.2,6,79,16,4.2,0.1,0.184,10,6.87,0,0.24,37.5,0.9375,2,2,21,6.15,v2_lr,0
151978,2026-09-26,丸亀,6,4553,6.26,42.7,0.1765,0.3922,51,A2,0.13,2,49,6,3.3,0.1,0.157,10,6.86,0.0769,0.12,0,0,2,2,21,3.83,v2_lr,0
151979,2026-09-26,丸亀,1,5098,5.22,28,0.1538,0.3077,13,B1,0.17,19,47,25,3.8,0,0.136,10,6.82,0.7,-0.13,0,0,3,3,21,28.84,v2_lr,0
151979,2026-09-26,丸亀,2,4549,5.63,33.6,0.1875,0.3438,32,A2,0.19,9,62,25,3.7,0.1,0.218,10,6.79,1,-0.05,50,0.75,3,3,21,28.11,v2_lr,0
151979,2026-09-26,丸亀,3,4053,6.08,43.2,0.2258,0.5161,31,A2,0.15,13,70,26,2.8,0.2,0.126,10,6.82,0.7,0.05,0,0,3,3,21,20.94,v2_lr,1
151979,2026-09-26,丸亀,4,4514,6.51,50.7,0.2632,0.6316,19,A1,0.2,10,82,31,4,0,0.259,10,6.89,0,-0.04,0,0,3,3,21,14.17,v2_lr,0
151979,2026-09-26,丸亀,5,5354,3.06,13.7,,,0,B1,,1,73,4,3.1,0.1,0.141,10,6.88,0.1,0.02,0,0,3,3,21,4.23,v2_lr,0
151979,2026-09-26,丸亀,6,4672,4.44,23,0.125,0.125,8,B1,0.19,2,47,6,4,0,0.163,10,6.82,0.7,-0.09,66.67,1,3,3,21,3.71,v2_lr,0
151980,2026-09-26,丸亀,1,4089,5.93,35.7,0.2222,0.5556,9,A2,0.15,74,104,85,2.6,0.3,0.129,10,6.86,0.45,0.02,0,0,2,2,21,35.15,v2_lr,0
151980,2026-09-26,丸亀,2,5262,4.82,28.4,,,0,B1,0.18,3,57,16,4,0.1,0.228,10,6.89,0.3,0.11,0,0,2,2,21,22.3,v2_lr,0
151980,2026-09-26,丸亀,3,3898,6.95,52,0.35,0.6,20,A1,0.17,15,75,42,1.4,0.7,0.122,10,6.75,1,0.14,33.33,0.5999,2,2,21,35.52,v2_lr,1
151980,2026-09-26,丸亀,4,5418,1.13,0,0,0,9,B2,,0,11,0,6,0,0.253,10,6.95,0,-0.11,16.67,0.3,2,2,21,2.91,v2_lr,0
151980,2026-09-26,丸亀,5,4515,6.11,41.3,0,0.3,20,A2,0.16,4,80,13,2.7,0.2,0.164,10,6.82,0.65,-0.05,0,0,2,2,21,2.42,v2_lr,0
151980,2026-09-26,丸亀,6,4186,3.45,16.8,0,0.0769,13,B1,0.2,0,35,0,4.3,0.1,0.161,10,6.77,0.9,-0.04,55.56,1,2,2,21,1.71,v2_lr,0
151981,2026-09-26,丸亀,1,4281,4.89,27.4,0.1389,0.4167,36,B1,0.17,33,52,42,4.3,0,0.136,10,6.81,0.5333,0.06,25,1,2,2,21,23.99,v2_lr,1
151981,2026-09-26,丸亀,2,4630,5.69,36.7,0.25,0.4583,24,A2,0.17,9,62,26,3.6,0.1,0.17,10,6.74,1,-0.1,0,0,2,2,21,26.48,v2_lr,0
151981,2026-09-26,丸亀,3,4064,6.52,42.6,0.2941,0.4118,34,A1,0.14,10,90,47,2.2,0.3,0.129,10,6.79,0.6667,0.01,0,0,2,2,21,23.08,v2_lr,0
151981,2026-09-26,丸亀,4,3869,3.73,15.3,,,0,B1,0.2,0,65,9,3.5,0.2,0.187,10,6.89,0,0.16,22.22,0.8888,2,2,21,7,v2_lr,0
151981,2026-09-26,丸亀,5,4754,6.04,44,0.25,0.3,20,A2,0.16,4,64,16,3,0.2,0.181,10,6.82,0.4667,0.16,0,0,2,2,21,7.99,v2_lr,0
151981,2026-09-26,丸亀,6,5359,5.06,30.2,0.3636,0.4545,11,B1,0.16,1,74,4,2.8,0.5,0.133,10,6.82,0.4667,0.11,25,1,2,2,21,11.47,v2_lr,0
151982,2026-09-26,丸亀,1,4095,7.27,60.2,0.5,0.5,10,A1,0.14,66,95,80,2.7,0,0.165,10,6.81,1,0.02,11.11,0.25,3,3,21,42.91,v2_lr,1
151982,2026-09-26,丸亀,2,4193,5.94,40.5,,,0,A2,0.15,22,91,53,3.1,0.3,0.154,10,6.83,0.75,-0.16,44.44,1,3,3,21,30.2,v2_lr,0
151982,2026-09-26,丸亀,3,3305,4.17,26.1,0.1429,0.2857,14,B1,0.17,1,60,11,4.8,0,0.136,10,6.87,0.25,0.02,0,0,3,3,21,13.91,v2_lr,0
151982,2026-09-26,丸亀,4,5010,5.5,38.3,,,0,A2,0.16,16,76,29,2.9,0.2,0.173,10,6.89,0,0.12,0,0,3,3,21,8.13,v2_lr,0
151982,2026-09-26,丸亀,5,5207,4.66,26.7,0,0,6,B1,0.18,3,49,11,3.7,0,0.183,10,6.83,0.75,0.13,40,0.9001,3,3,21,2.66,v2_lr,0
151982,2026-09-26,丸亀,6,5471,0,0,,,0,B2,,0,43,0,5.3,0,0.145,10,6.86,0.375,0.18,0,0,3,3,21,2.19,v2_lr,0
151983,2026-09-26,丸亀,1,4823,6.07,41,0.3163,0.5102,98,A2,0.14,39,64,52,2.6,0.3,0.203,10,6.88,0.1818,0.09,0,0,1,1,21,46.36,v2_lr,0
151983,2026-09-26,丸亀,2,4300,5.01,27.2,0.125,0.375,8,B1,0.17,6,59,19,3.4,0.2,0.146,10,6.79,1,0.15,25,0.5,1,1,21,30.39,v2_lr,0
151983,2026-09-26,丸亀,3,4534,3.87,22.3,0,0.125,8,B1,0.21,2,51,11,3.1,0.2,0.198,10,6.81,0.8182,0.15,50,1,1,1,21,10.31,v2_lr,1
151983,2026-09-26,丸亀,4,5231,4.46,28.3,,,0,B1,0.18,7,48,14,3.9,0.1,0.175,10,6.9,0,0.21,0,0,1,1,21,9.02,v2_lr,0
151983,2026-09-26,丸亀,5,5346,2.58,2.4,0,0,2,B1,,1,89,3,3.9,0.1,0.143,10,6.87,0.2727,0.23,0,0,1,1,21,1.78,v2_lr,0
151983,2026-09-26,丸亀,6,5464,0,0,,,0,B2,,0,33,0,5.7,0,0.283,10,6.87,0.2727,0.51,22.22,0.4444,1,1,21,2.13,v2_lr,0
151984,2026-09-26,丸亀,1,4925,5.48,32.1,0.1957,0.3696,46,A2,0.15,43,81,58,3.3,0.2,0.115,10,6.75,1,0.15,12.5,0.25,1,1,21,34.98,v2_lr,1
151984,2026-09-26,丸亀,2,4553,6.26,42.7,0.1765,0.3922,51,A2,0.13,16,75,44,3.3,0.1,0.157,10,6.9,0,0.05,0,0,1,1,21,22.43,v2_lr,0
151984,2026-09-26,丸亀,3,4191,6.42,49.4,0.1875,0.375,32,A1,0.16,16,79,39,2.4,0.3,0.157,10,6.79,0.7333,0.03,0,0,1,1,21,20.8,v2_lr,0
151984,2026-09-26,丸亀,4,4331,5.79,37.5,0.1981,0.3585,106,A2,0.15,10,72,21,3.2,0.2,0.146,10,6.9,0,0.03,0,0,1,1,21,11.08,v2_lr,0
151984,2026-09-26,丸亀,5,3977,4.45,20.5,,,0,B1,0.19,3,66,5,3,0.1,0.11,10,6.88,0.1333,-0.03,0,0,1,1,21,5.5,v2_lr,0
151984,2026-09-26,丸亀,6,4549,5.63,33.6,0.1875,0.3438,32,A2,0.19,1,62,4,3.7,0.1,0.218,10,6.83,0.4667,0.08,50,1,1,1,21,5.21,v2_lr,0
151985,2026-09-26,丸亀,1,4545,7.02,52.4,0.2727,0.6364,11,A1,0.15,96,114,104,2.2,0.4,0.118,10,6.68,1,0.11,25,0.5626,1,1,21,35.53,v2_lr,1
151985,2026-09-26,丸亀,2,4754,6.04,44,0.25,0.3,20,A2,0.16,11,79,40,3,0.2,0.181,10,6.79,0.4762,0.06,0,0,1,1,21,28.31,v2_lr,0
151985,2026-09-26,丸亀,3,4089,5.93,35.7,0.2222,0.5556,9,A2,0.15,13,100,40,2.6,0.3,0.129,10,6.88,0.0476,0.14,0,0,1,1,21,17.2,v2_lr,0
151985,2026-09-26,丸亀,4,3484,5.95,45.1,0.1739,0.4783,23,A2,0.17,8,64,26,2.5,0.3,0.152,10,6.8,0.4286,0.25,44.44,1,1,1,21,10.65,v2_lr,0
151985,2026-09-26,丸亀,5,4821,5.27,38,0.1781,0.3425,73,B1,0.2,9,77,18,3.2,0.2,0.166,10,6.84,0.2381,0.23,0,0,1,1,21,4.84,v2_lr,0
151985,2026-09-26,丸亀,6,4053,6.08,43.2,0.2258,0.5161,31,A2,0.15,1,68,9,2.8,0.2,0.126,10,6.89,0,0.21,0,0,1,1,21,3.46,v2_lr,0
151986,2026-09-26,丸亀,1,4064,6.52,42.6,0.2941,0.4118,34,A1,0.14,103,131,116,2.2,0.3,0.129,10,6.75,0.2727,0.23,0,0,5,5,22,22.71,v2_lr,0
151986,2026-09-26,丸亀,2,3898,6.95,52,0.35,0.6,20,A1,0.17,16,74,45,1.4,0.7,0.122,10,6.67,1,0.36,33.33,0.75,5,5,22,23.48,v2_lr,0
151986,2026-09-26,丸亀,3,4514,6.51,50.7,0.2632,0.6316,19,A1,0.2,26,93,54,4,0,0.259,10,6.78,0,0.09,0,0,5,5,22,13.55,v2_lr,0
151986,2026-09-26,丸亀,4,4095,7.27,60.2,0.5,0.5,10,A1,0.14,14,71,34,2.7,0,0.165,10,6.74,0.3636,0.13,11.11,0.25,5,5,22,22,v2_lr,0
151986,2026-09-26,丸亀,5,4715,6.35,41.9,0.3077,0.4615,13,A1,0.13,11,56,17,3.5,0.2,0.127,10,6.77,0.0909,0.21,0,0,5,5,22,7.6,v2_lr,1
151986,2026-09-26,丸亀,6,5026,6.27,48.2,0.4,0.44,25,A1,0.17,3,71,15,4,0,0.154,10,6.74,0.3636,0.11,44.44,1,5,5,22,10.65,v2_lr,0
151987,2026-09-26,徳山,1,4079,5.6,35.7,0.1667,0.4444,18,A2,0.19,65,99,84,3.3,0.2,0.141,10,6.88,1,0.29,29.11,0.4581,1,1,20,42.36,v2_lr,1
151987,2026-09-26,徳山,2,3637,4.35,26.3,0.0667,0.1333,30,B1,0.21,5,67,16,3.9,0,0.148,10,6.95,0.3,0.19,30.56,0.538,1,1,20,19.03,v2_lr,0
151987,2026-09-26,徳山,3,4811,4.53,24.1,0.1364,0.2273,22,B1,0.16,5,85,18,3.7,0.2,0.12,10,6.89,0.9,-0.04,38.95,1,1,1,20,26.87,v2_lr,0
151987,2026-09-26,徳山,4,3577,4.43,21.6,0,0.1176,17,B1,0.17,8,51,16,3.9,0,0.139,10,6.97,0.1,0.07,24.27,0.1916,1,1,20,3.95,v2_lr,0
151987,2026-09-26,徳山,5,4981,5.02,25.2,0.0968,0.2903,31,B1,0.16,5,57,14,4.1,0.1,0.177,10,6.98,0,0.04,20.79,0,1,1,20,4.15,v2_lr,0
151987,2026-09-26,徳山,6,4173,5.06,36.2,0.1364,0.2955,44,B1,0.16,0,53,10,2.9,0.3,0.185,10,6.94,0.4,0.05,24.73,0.217,1,1,20,3.64,v2_lr,0
151988,2026-09-26,徳山,1,4816,5.62,38.7,0.3889,0.5,18,A2,0.12,51,81,62,2.9,0.3,0.113,10,6.9,0.75,0.07,21.79,0.052,1,1,22,40.21,v2_lr,1
151988,2026-09-26,徳山,2,4090,5.45,38.5,0.2222,0.3889,18,B2,0.15,6,61,30,3.6,0.1,0.164,10,6.88,1,0.11,20.59,0,1,1,22,30.6,v2_lr,0
151988,2026-09-26,徳山,3,3519,4.51,18.6,0.0714,0.25,28,B1,0.18,3,76,16,3.1,0.1,0.136,10,6.95,0.125,0.19,38.1,0.7583,1,1,22,9.25,v2_lr,0
151988,2026-09-26,徳山,4,4839,5.53,38,0.24,0.36,25,A2,0.13,8,74,25,3.7,0.1,0.13,10,6.96,0,0.11,43.68,1,1,1,22,15.24,v2_lr,0
151988,2026-09-26,徳山,5,5206,4.05,24,0.0588,0.1765,34,B1,0.15,3,61,8,4.1,0,0.164,10,6.9,0.75,0.05,29.47,0.3846,1,1,22,3.57,v2_lr,0
151988,2026-09-26,徳山,6,4677,6.58,45.8,0,0.1429,7,A1,0.17,2,70,11,3.4,0,0.126,10,6.91,0.625,0.14,25.58,0.2161,1,1,22,1.13,v2_lr,0
151989,2026-09-26,徳山,1,4732,6.22,40,0.2667,0.4667,15,A2,0.11,71,104,90,3.2,0.2,0.132,10,6.91,0.7,0.06,41.12,1,1,1,22,44.76,v2_lr,1
151989,2026-09-26,徳山,2,4583,5.13,28,0,0.1429,14,B1,0.14,11,71,26,3.4,0,0.143,10,6.98,0,0.07,34.82,0.7122,1,1,22,11.9,v2_lr,0
151989,2026-09-26,徳山,3,5124,4.16,16.2,0.0625,0.125,16,B1,0.18,5,58,14,5,0,0.15,10,6.95,0.3,-0.03,21.11,0.0859,1,1,22,11.32,v2_lr,0
151989,2026-09-26,徳山,4,5027,4.9,31,0.16,0.3733,75,B1,0.2,2,63,14,3.2,0.3,0.142,10,6.91,0.7,-0.01,28.87,0.4404,1,1,22,14.89,v2_lr,0
151989,2026-09-26,徳山,5,4943,4.07,17.8,0.0588,0.1765,17,B1,0.17,3,59,10,3.4,0.1,0.107,10,6.88,1,0.13,38,0.8575,1,1,22,5.24,v2_lr,0
151989,2026-09-26,徳山,6,4136,6.66,46.8,0.3333,0.5556,9,A1,0.17,2,72,18,2.4,0.3,0.15,10,6.94,0.4,0.16,19.23,0,1,1,22,11.89,v2_lr,0
151990,2026-09-26,徳山,1,4911,5.68,30,0.2,0.3333,15,A2,0.13,23,51,31,3.3,0.2,0.169,10,6.88,0.8571,0.06,38.21,0.7923,3,3,21,42.1,v2_lr,1
151990,2026-09-26,徳山,2,4388,5.94,38.6,0.1765,0.3235,34,A2,0.17,16,83,37,2.9,0.4,0.157,10,6.91,0.4286,0.19,35.59,0.6385,3,3,21,29.69,v2_lr,0
151990,2026-09-26,徳山,3,3772,5.19,26.2,0.0588,0.1765,17,B1,0.16,3,60,17,4.1,0.1,0.148,10,6.9,0.5714,0.11,37.07,0.7254,3,3,21,13.15,v2_lr,0
151990,2026-09-26,徳山,4,5290,3.77,17.1,0,0.1333,15,B1,0.15,4,63,12,3.6,0.1,0.156,10,6.94,0,0.12,37.38,0.7435,3,3,21,3.48,v2_lr,0
151990,2026-09-26,徳山,5,4323,4.98,32.9,0.1579,0.2632,38,B1,0.18,4,67,12,3.1,0.2,0.131,10,6.88,0.8571,0.02,41.75,1,3,3,21,10.46,v2_lr,0
151990,2026-09-26,徳山,6,5392,1.43,1.3,0,0.0833,12,B2,,0,123,1,5.4,0,0.198,10,6.87,1,0.29,24.71,0,3,3,21,1.12,v2_lr,0
151991,2026-09-26,徳山,1,4375,5.93,46,0.2632,0.4737,19,A2,0.16,65,98,85,3,0.3,0.134,10,6.86,0.6875,0.24,22.11,0.0885,1,1,20,42.23,v2_lr,0
151991,2026-09-26,徳山,2,4981,5.02,25.2,0.0968,0.2903,31,B1,0.16,8,64,24,4.1,0.1,0.177,10,6.97,0,0.12,20.79,0,1,1,20,17.85,v2_lr,0
151991,2026-09-26,徳山,3,4663,5.64,36.3,0,0.2857,7,B2,0.14,6,30,12,3.4,0,0.166,10,6.89,0.5,0.07,30.97,0.6823,1,1,20,8.82,v2_lr,0
151991,2026-09-26,徳山,4,4679,5.53,38,0.1786,0.4286,28,A2,0.14,8,72,23,3.1,0.3,0.154,10,6.81,1,0.02,35.71,1,1,1,20,20.17,v2_lr,1
151991,2026-09-26,徳山,5,5286,4.34,25.5,0.0526,0.3158,19,B1,0.16,1,70,9,4.1,0,0.135,10,6.91,0.375,-0.04,24.75,0.2654,1,1,20,3.49,v2_lr,0
151991,2026-09-26,徳山,6,4757,7.05,49.2,0.2353,0.3529,17,A1,0.16,6,74,20,3.1,0.3,0.104,10,6.93,0.25,0.06,30.17,0.6287,1,1,20,7.44,v2_lr,0
151992,2026-09-26,徳山,1,4163,5.68,40.6,0.1111,0.2963,27,A2,0.15,67,96,82,2.5,0.2,0.146,10,6.86,1,0.01,28.93,0.2506,1,1,20,28.72,v2_lr,0
151992,2026-09-26,徳山,2,4811,4.53,24.1,0.1364,0.2273,22,B1,0.16,11,86,30,3.7,0.2,0.12,10,6.87,0.9524,0.03,38.95,1,1,1,20,25.83,v2_lr,1
151992,2026-09-26,徳山,3,3804,4.96,29.8,0.1515,0.2727,33,B1,0.17,6,70,16,3.1,0.2,0.135,10,6.9,0.8095,0.01,30,0.3306,1,1,20,18.15,v2_lr,0
151992,2026-09-26,徳山,4,4677,6.58,45.8,0,0.1429,7,A1,0.17,13,64,24,3.4,0,0.126,10,6.92,0.7143,-0.09,25.58,0,1,1,20,4.53,v2_lr,0
151992,2026-09-26,徳山,5,3808,3.8,16.6,0.0909,0.2727,22,B1,0.16,2,60,6,5.3,0,0.239,10,7.06,0.0476,0.29,38.2,0.9439,1,1,20,2.81,v2_lr,0
151992,2026-09-26,徳山,6,4624,6.59,51.6,0.5,0.5625,16,A1,0.16,2,68,7,4.4,0.1,0.166,10,7.07,0,0.17,30.11,0.3388,1,1,20,19.96,v2_lr,0
151993,2026-09-26,徳山,1,4158,5,30.3,0.169,0.3521,71,B1,0.19,38,59,42,3.1,0.1,0.141,10,6.86,1,-0.04,38.39,1,1,1,20,44.16,v2_lr,1
151993,2026-09-26,徳山,2,3519,4.51,18.6,0.0714,0.25,28,B1,0.18,4,69,18,3.1,0.1,0.136,10,6.96,0,-0.17,38.1,0.9695,1,1,20,22.27,v2_lr,0
151993,2026-09-26,徳山,3,3637,4.35,26.3,0.0667,0.1333,30,B1,0.21,4,66,13,3.9,0,0.148,10,6.96,0,-0.1,30.56,0.1775,1,1,20,11.01,v2_lr,0
151993,2026-09-26,徳山,4,5206,4.05,24,0.0588,0.1765,34,B1,0.15,8,61,16,4.1,0,0.164,10,6.89,0.7,0.05,29.47,0.063,1,1,20,7.36,v2_lr,0
151993,2026-09-26,徳山,5,5338,3.74,17.2,0.2,0.2,10,B1,0.11,1,100,5,3.8,0.2,0.119,10,6.91,0.5,0.08,36.61,0.813,1,1,20,11.32,v2_lr,0
151993,2026-09-26,徳山,6,5027,4.9,31,0.16,0.3733,75,B1,0.2,0,66,5,3.2,0.3,0.142,10,6.9,0.6,0.22,28.87,0,1,1,20,3.88,v2_lr,0
151994,2026-09-26,徳山,2,3401,4.47,25,0.04,0.24,25,B1,0.2,9,71,27,4.2,0,0.188,10,6.93,0.25,0.27,24.75,0.1819,1,1,19,14.8,v2_lr,0
151994,2026-09-26,徳山,3,5290,3.77,17.1,0,0.1333,15,B1,0.15,1,56,9,3.6,0.1,0.156,10,6.94,0,0.17,37.38,0.8131,1,1,19,7.13,v2_lr,1
151994,2026-09-26,徳山,4,5124,4.16,16.2,0.0625,0.125,16,B1,0.18,3,54,6,5,0,0.15,10,6.91,0.75,0.09,21.11,0,1,1,19,8.06,v2_lr,0
151994,2026-09-26,徳山,5,4732,6.22,40,0.2667,0.4667,15,A2,0.11,3,83,30,3.2,0.2,0.132,10,6.94,0,-0.08,41.12,1,1,1,19,17.58,v2_lr,0
151994,2026-09-26,徳山,6,5460,0,0,0,0,6,B2,,1,51,1,5.2,0,0.179,10,6.9,1,-0.06,32.48,0.5682,1,1,19,1.53,v2_lr,0
151995,2026-09-26,徳山,1,4679,5.53,38,0.1786,0.4286,28,A2,0.14,59,91,71,3.1,0.3,0.154,10,6.84,1,0.09,35.71,0.8581,1,1,20,49.22,v2_lr,1
151995,2026-09-26,徳山,2,3577,4.43,21.6,0,0.1176,17,B1,0.17,8,58,18,3.9,0,0.139,10,6.95,0,0.19,24.27,0.2089,1,1,20,11.8,v2_lr,0
151995,2026-09-26,徳山,3,4943,4.07,17.8,0.0588,0.1765,17,B1,0.17,3,59,8,3.4,0.1,0.107,10,6.92,0.2727,0.07,38,0.9881,1,1,20,14.28,v2_lr,0
151995,2026-09-26,徳山,4,4663,5.64,36.3,0,0.2857,7,B2,0.14,4,23,7,3.4,0,0.166,10,6.93,0.1818,0.13,30.97,0.5891,1,1,20,4.64,v2_lr,0
151995,2026-09-26,徳山,5,4090,5.45,38.5,0.2222,0.3889,18,B2,0.15,6,67,20,3.6,0.1,0.164,10,6.92,0.2727,0.05,20.59,0,1,1,20,11.65,v2_lr,0
151995,2026-09-26,徳山,6,4911,5.68,30,0.2,0.3333,15,A2,0.13,1,50,4,3.3,0.2,0.169,10,6.92,0.2727,-0.09,38.21,1,1,1,20,8.41,v2_lr,0
151996,2026-09-26,徳山,1,4757,7.05,49.2,0.2353,0.3529,17,A1,0.16,80,108,93,3.1,0.3,0.104,10,6.89,0.4286,0.02,30.17,0.1311,1,1,20,42.06,v2_lr,1
151996,2026-09-26,徳山,2,4163,5.68,40.6,0.1111,0.2963,27,A2,0.15,7,90,32,2.5,0.2,0.146,10,6.81,1,0.11,28.93,0,1,1,20,26.24,v2_lr,0
151996,2026-09-26,徳山,3,4583,5.13,28,0,0.1429,14,B1,0.14,9,89,34,3.4,0,0.143,10,6.95,0,0.1,34.82,0.6226,1,1,20,6.74,v2_lr,0
151996,2026-09-26,徳山,4,3804,4.96,29.8,0.1515,0.2727,33,B1,0.17,3,63,17,3.1,0.2,0.135,10,6.88,0.5,0.07,30,0.1131,1,1,20,12.05,v2_lr,0
151996,2026-09-26,徳山,5,4388,5.94,38.6,0.1765,0.3235,34,A2,0.17,8,74,23,2.9,0.4,0.157,10,6.94,0.0714,0.09,35.59,0.704,1,1,20,7.68,v2_lr,0
151996,2026-09-26,徳山,6,4158,5,30.3,0.169,0.3521,71,B1,0.19,3,62,7,3.1,0.1,0.141,10,6.86,0.6429,0.19,38.39,1,1,1,20,5.23,v2_lr,0
151997,2026-09-26,徳山,1,4136,6.66,46.8,0.3333,0.5556,9,A1,0.17,67,96,84,2.4,0.3,0.15,10,6.93,0.4,-0.03,19.23,0,1,1,20,31.65,v2_lr,1
151997,2026-09-26,徳山,2,4323,4.98,32.9,0.1579,0.2632,38,B1,0.18,9,67,28,3.1,0.2,0.131,10,6.91,0.8,0.13,41.75,1,1,1,20,21.9,v2_lr,0
151997,2026-09-26,徳山,3,4173,5.06,36.2,0.1364,0.2955,44,B1,0.16,5,69,20,2.9,0.3,0.185,10,6.95,0,0.01,24.73,0.2442,1,1,20,10.2,v2_lr,0
151997,2026-09-26,徳山,4,4375,5.93,46,0.2632,0.4737,19,A2,0.16,13,78,25,3,0.3,0.134,10,6.91,0.8,0.06,22.11,0.1279,1,1,20,16.39,v2_lr,0
151997,2026-09-26,徳山,5,4816,5.62,38.7,0.3889,0.5,18,A2,0.12,6,69,17,2.9,0.3,0.113,10,6.95,0,0.07,21.79,0.1137,1,1,20,15.32,v2_lr,0
151997,2026-09-26,徳山,6,4079,5.6,35.7,0.1667,0.4444,18,A2,0.19,2,85,8,3.3,0.2,0.141,10,6.9,1,-0.04,29.11,0.4387,1,1,20,4.55,v2_lr,0
151998,2026-09-26,徳山,1,3473,6.29,48.8,0.3902,0.5854,41,A1,0.15,61,118,81,2.1,0.5,0.157,10,6.92,0.5714,0.01,39.58,0.0018,1,1,21,30.2,v2_lr,1
151998,2026-09-26,徳山,2,4529,6.28,45.1,0.225,0.4,40,A1,0.12,6,66,22,2.2,0.4,0.147,10,6.89,1,0.16,50.93,1,1,1,21,24.65,v2_lr,0
151998,2026-09-26,徳山,3,4702,6.36,51.6,0.3636,0.5,22,A1,0.15,27,64,37,2.3,0.4,0.093,10,6.89,1,0.03,42.27,0.2383,1,1,21,26.36,v2_lr,0
151998,2026-09-26,徳山,4,4883,6.14,47.8,0.2105,0.5789,19,A2,0.18,11,61,24,2.8,0.2,0.137,10,6.94,0.2857,0.04,47,0.6544,1,1,21,10.63,v2_lr,0
151998,2026-09-26,徳山,5,4159,5.85,40.4,0.2,0.45,20,A2,0.18,7,79,18,3,0.2,0.111,10,6.91,0.7143,0.17,39.56,0,1,1,21,6.21,v2_lr,0
151998,2026-09-26,徳山,6,4594,5.41,32.9,0.1667,0.4167,12,B1,0.17,3,65,9,2.8,0.2,0.119,10,6.96,0,0.16,40.63,0.0941,1,1,21,1.95,v2_lr,0
151999,2026-09-26,下関,1,4567,4.1,17,0.0159,0.1429,63,B1,0.25,11,40,19,4.5,0,0.239,10,6.78,1,0.14,41.86,0.4162,1,1,21,25.6,v2_lr,1
151999,2026-09-26,下関,2,3848,4.56,28.8,0.3333,0.6667,3,B1,0.18,8,76,27,3.8,0.1,0.195,10,6.84,0.5714,0.3,52.27,1,1,1,21,41.33,v2_lr,0
151999,2026-09-26,下関,3,3284,5.08,31.3,0.1818,0.4091,22,B1,0.19,6,69,25,3.3,0.1,0.231,10,6.86,0.4286,0.17,39.58,0.2883,1,1,21,20.47,v2_lr,0
151999,2026-09-26,下関,4,3859,4.56,27.2,0,0.3333,3,B1,0.15,1,42,4,4,0.1,0.164,10,6.87,0.3571,0.07,38.82,0.2457,1,1,21,3.9,v2_lr,0
151999,2026-09-26,下関,5,3710,4.77,26.7,0.0667,0.2667,15,B1,0.17,4,65,13,4.3,0,0.152,10,6.92,0,0.04,34.44,0,1,1,21,2.84,v2_lr,0
151999,2026-09-26,下関,6,3692,4.39,20.1,0.1818,0.3636,11,B1,0.19,1,63,3,3.2,0.1,0.136,10,6.81,0.7857,0.02,38.2,0.2109,1,1,21,5.87,v2_lr,0
152000,2026-09-26,下関,1,3681,4.87,24,0,0,3,B1,0.13,20,42,30,4.2,0.1,0.151,10,6.76,0.7273,0.24,30.49,0,2,2,21,16.94,v2_lr,1
152000,2026-09-26,下関,2,4396,5,29.2,0.1765,0.4118,68,B1,0.19,7,73,22,3.9,0.1,0.188,10,6.76,0.7273,0.21,38.37,0.6644,2,2,21,25.82,v2_lr,0
152000,2026-09-26,下関,3,4349,4.43,21.2,0,0.2222,9,B1,0.18,4,62,17,4.3,0.1,0.16,10,6.79,0.4545,0.1,42.05,0.9747,2,2,21,7.22,v2_lr,0
152000,2026-09-26,下関,4,4142,5.62,32.4,0,0.3333,3,A2,0.18,2,79,16,3.2,0.1,0.157,10,6.84,0,0.08,38.89,0.7083,2,2,21,3.14,v2_lr,0
152000,2026-09-26,下関,5,4527,4.06,20,0.2,0.3,10,B1,0.15,0,58,4,3.6,0.2,0.185,10,6.73,1,0.02,42.35,1,2,2,21,11.84,v2_lr,0
152000,2026-09-26,下関,6,3852,4.03,21.2,0.6667,1,3,B1,0.23,2,69,7,3.4,0.2,0.155,10,6.8,0.3636,-0.07,38.2,0.6501,2,2,21,35.03,v2_lr,0
152001,2026-09-26,下関,1,3920,5.11,32.3,0.125,0.1875,16,B1,0.18,20,49,32,4,0,0.145,10,6.74,0.1667,0.22,28.87,0.2015,2,2,21,30.17,v2_lr,0
152001,2026-09-26,下関,2,4551,6.15,43.5,0.2813,0.5938,32,A2,0.15,11,82,42,2.6,0.2,0.143,10,6.72,0.3333,0.19,36.36,0.4513,2,2,21,38.93,v2_lr,1
152001,2026-09-26,下関,3,4769,6.28,43.9,0.0909,0.3636,22,A1,0.12,15,71,29,3.5,0.1,0.113,10,6.76,0,-0.04,22.83,0,2,2,21,12.19,v2_lr,0
152001,2026-09-26,下関,4,3932,4.92,34.7,0.1538,0.2308,13,B1,0.15,4,50,9,2.4,0.4,0.156,10,6.68,0.6667,0.06,26.8,0.1324,2,2,21,13.35,v2_lr,0
152001,2026-09-26,下関,5,4843,5.14,29,0.0556,0.1667,18,B1,0.18,5,52,9,4.7,0,0.181,10,6.7,0.5,0.07,26.09,0.1087,2,2,21,3.74,v2_lr,0
152001,2026-09-26,下関,6,5435,1.25,0,0,0,13,B2,,0,68,0,5.4,0,0.186,10,6.64,1,0.18,52.81,1,2,2,21,1.62,v2_lr,0
152002,2026-09-26,下関,1,5076,5.45,36.5,0.0714,0.2143,28,B1,0.18,26,51,33,3.3,0.1,0.16,10,6.8,0.8889,0.29,27.06,0.1999,2,2,21,22.31,v2_lr,0
152002,2026-09-26,下関,2,4566,6.39,34.1,0.5455,0.7273,11,A1,0.12,15,63,33,3,0.3,0.111,10,6.79,1,0.07,39.76,0.7931,2,2,21,38.69,v2_lr,1
152002,2026-09-26,下関,3,3757,5.54,34.5,0.1875,0.375,16,A2,0.15,1,72,19,3,0.4,0.159,10,6.88,0,0.09,22.78,0,2,2,21,14.6,v2_lr,0
152002,2026-09-26,下関,4,4272,4.7,23.4,0.1818,0.2727,11,B1,0.15,4,76,12,3.3,0.2,0.14,10,6.85,0.3333,0.05,37.23,0.6749,2,2,21,11.85,v2_lr,0
152002,2026-09-26,下関,5,4837,4.53,21.5,0.2,0.5,10,B1,0.18,2,65,12,3.6,0.2,0.168,10,6.81,0.7778,-0.04,44.19,1,2,2,21,10.83,v2_lr,0
152002,2026-09-26,下関,6,4376,5.64,39.8,0.0833,0.4167,12,A2,0.14,1,78,9,2.7,0.3,0.141,10,6.85,0.3333,0.14,35.23,0.5815,2,2,21,1.71,v2_lr,0
152003,2026-09-26,下関,1,3746,5.68,37.2,0.1304,0.3913,23,A2,0.18,68,107,84,3.3,0.2,0.164,10,6.77,0.5,0.07,44.68,1,2,2,21,25.23,v2_lr,0
152003,2026-09-26,下関,2,4750,5.03,33.3,0.0625,0.125,16,B1,0.18,8,70,24,4.3,0.1,0.164,10,6.74,0.7143,0.17,29.17,0.1901,2,2,21,13.53,v2_lr,0
152003,2026-09-26,下関,3,4891,4.72,22,0.0833,0.25,12,B1,0.16,12,71,28,3.7,0,0.185,10,6.7,1,0.09,25.53,0,2,2,21,11.37,v2_lr,0
152003,2026-09-26,下関,4,4477,7.15,48.1,0.2857,0.5238,21,A1,0.14,10,77,30,3.6,0.2,0.142,10,6.81,0.2143,-0.04,29.79,0.2225,2,2,21,17.32,v2_lr,1
152003,2026-09-26,下関,5,5078,4.53,29.5,0.1111,0.1667,18,B1,0.17,0,45,4,4.1,0,0.179,10,6.84,0,0.07,29.7,0.2178,2,2,21,2.82,v2_lr,0
152003,2026-09-26,下関,6,4461,4.4,16.6,0.6667,0.6667,3,B1,0.18,0,52,0,3,0.3,0.144,10,6.79,0.3571,0.02,28.42,0.1509,2,2,21,29.73,v2_lr,0
152004,2026-09-26,下関,1,4349,4.43,21.2,0,0.2222,9,B1,0.18,22,51,36,4.3,0.1,0.16,10,6.74,1,0.11,42.05,1,1,1,21,22.4,v2_lr,1
152004,2026-09-26,下関,2,5081,6.21,44.8,0.1875,0.4063,32,A2,0.16,11,69,35,3.5,0.3,0.151,10,6.78,0.6364,0.09,30.77,0.5695,1,1,21,27.93,v2_lr,0
152004,2026-09-26,下関,3,4043,5.5,32.6,0.125,0.4063,32,A2,0.17,20,79,35,3,0.3,0.157,10,6.79,0.5455,0.02,39.77,0.913,1,1,21,16.86,v2_lr,0
152004,2026-09-26,下関,4,5373,2.42,0,0,0,9,B2,,0,45,1,4.2,0,0.147,10,6.76,0.8182,-0.07,30,0.5401,1,1,21,5.11,v2_lr,0
152004,2026-09-26,下関,5,4415,6.38,50.5,0.4091,0.4091,22,A1,0.13,12,80,23,4.7,0.1,0.144,10,6.8,0.4545,-0.18,15.85,0,1,1,21,25.44,v2_lr,0
152004,2026-09-26,下関,6,3620,4.04,23.7,0.1364,0.2727,22,B1,0.19,0,46,1,4.8,0,0.153,10,6.85,0,0.06,26.32,0.3996,1,1,21,2.26,v2_lr,0
152005,2026-09-26,下関,1,4843,5.14,29,0.0556,0.1667,18,B1,0.18,20,39,22,4.7,0,0.181,10,6.77,1,0,26.09,0.156,1,1,21,25.65,v2_lr,1
152005,2026-09-26,下関,2,3852,4.03,21.2,0.6667,1,3,B1,0.23,4,76,19,3.4,0.2,0.155,10,6.79,0.75,0.07,38.2,0.9148,1,1,21,41.48,v2_lr,0
152005,2026-09-26,下関,3,3859,4.56,27.2,0,0.3333,3,B1,0.15,1,52,17,4,0.1,0.164,10,6.84,0.125,0.03,38.82,0.9536,1,1,21,6.27,v2_lr,0
152005,2026-09-26,下関,4,3963,5.8,38.7,0.1818,0.4091,22,A2,0.16,7,65,25,2.9,0.1,0.17,10,6.84,0.125,-0.02,23.6,0,1,1,21,10.57,v2_lr,0
152005,2026-09-26,下関,5,4051,6.35,43.1,0.234,0.3404,47,A2,0.16,2,56,22,2.5,0.3,0.19,10,6.8,0.625,-0.13,39.56,1,1,1,21,14.23,v2_lr,0
152005,2026-09-26,下関,6,4180,5.82,37.2,0.1111,0.1111,9,A2,0.16,2,65,6,3.5,0.1,0.129,10,6.85,0,0.13,25.56,0.1228,1,1,21,1.79,v2_lr,0
152006,2026-09-26,下関,1,4401,5.46,37.8,0,0.3333,3,A2,0.16,60,84,73,3.9,0.1,0.148,10,6.78,0.7273,-0.01,24.44,0,1,1,21,23.7,v2_lr,0
152006,2026-09-26,下関,2,4272,4.7,23.4,0.1818,0.2727,11,B1,0.15,10,76,28,3.3,0.2,0.14,10,6.78,0.7273,0.16,37.23,0.4596,1,1,21,34.1,v2_lr,0
152006,2026-09-26,下関,3,5370,1.28,1.4,0,0,18,B2,,0,9,1,5.2,0,0.119,10,6.75,1,0.18,28.09,0.1312,1,1,21,8.45,v2_lr,0
152006,2026-09-26,下関,4,4396,5,29.2,0.1765,0.4118,68,B1,0.19,3,75,17,3.9,0.1,0.188,10,6.79,0.6364,0.25,38.37,0.5005,1,1,21,14.91,v2_lr,0
152006,2026-09-26,下関,5,4290,6.75,46,0.1538,0.3077,13,A1,0.12,7,67,19,2.1,0.5,0.105,10,6.82,0.3636,0.18,37.93,0.4847,1,1,21,7.42,v2_lr,1
152006,2026-09-26,下関,6,3848,4.56,28.8,0.3333,0.6667,3,B1,0.18,1,63,6,3.8,0.1,0.195,10,6.86,0,0.2,52.27,1,1,1,21,11.41,v2_lr,0
152007,2026-09-26,下関,1,5060,6.02,45.7,0,0.2,10,A2,0.18,40,61,46,3.3,0.2,0.16,10,6.76,0.3684,0.19,28.26,0,2,2,21,15.97,v2_lr,0
152007,2026-09-26,下関,2,5078,4.53,29.5,0.1111,0.1667,18,B1,0.17,3,54,23,4.1,0,0.179,10,6.82,0.0526,0.17,29.7,0.0832,2,2,21,16.38,v2_lr,0
152007,2026-09-26,下関,3,4527,4.06,20,0.2,0.3,10,B1,0.15,4,57,15,3.6,0.2,0.185,10,6.76,0.3684,0.12,42.35,0.8145,2,2,21,21.41,v2_lr,0
152007,2026-09-26,下関,4,4837,4.53,21.5,0.2,0.5,10,B1,0.18,2,59,12,3.6,0.2,0.168,10,6.83,0,0.11,44.19,0.9208,2,2,21,12.77,v2_lr,0
152007,2026-09-26,下関,5,4567,4.1,17,0.0159,0.1429,63,B1,0.25,0,52,1,4.5,0,0.239,10,6.75,0.4211,0.09,41.86,0.7861,2,2,21,2.56,v2_lr,0
152007,2026-09-26,下関,6,3876,7.09,53.4,0.5,0.6667,12,A1,0.18,12,61,24,2.3,0.3,0.144,10,6.64,1,0.12,45.56,1,2,2,21,30.92,v2_lr,1
152008,2026-09-26,下関,1,4949,5.83,36.8,0.2571,0.4857,35,A2,0.15,60,99,79,2.4,0.3,0.123,10,6.76,1,-0.03,49.44,1,1,1,21,31.58,v2_lr,1
152008,2026-09-26,下関,2,4769,6.28,43.9,0.0909,0.3636,22,A1,0.12,14,69,33,3.5,0.1,0.113,10,6.84,0.2,0.16,22.83,0.0019,1,1,21,12.53,v2_lr,0
152008,2026-09-26,下関,3,3692,4.39,20.1,0.1818,0.3636,11,B1,0.19,5,70,25,3.2,0.1,0.136,10,6.84,0.2,0.1,38.2,0.5784,1,1,21,14.4,v2_lr,0
152008,2026-09-26,下関,4,5081,6.21,44.8,0.1875,0.4063,32,A2,0.16,7,65,22,3.5,0.3,0.151,10,6.85,0.1,0.11,30.77,0.2997,1,1,21,8.76,v2_lr,0
152008,2026-09-26,下関,5,4461,4.4,16.6,0.6667,0.6667,3,B1,0.18,1,57,6,3,0.3,0.144,10,6.86,0,0.05,28.42,0.2116,1,1,21,30.81,v2_lr,0
152008,2026-09-26,下関,6,3757,5.54,34.5,0.1875,0.375,16,A2,0.15,2,52,8,3,0.4,0.159,10,6.86,0,0.46,22.78,0,1,1,21,1.93,v2_lr,0
152009,2026-09-26,下関,1,4477,7.15,48.1,0.2857,0.5238,21,A1,0.14,86,107,94,3.6,0.2,0.142,10,6.82,1,0.14,29.79,0.2305,2,2,21,46.29,v2_lr,1
152009,2026-09-26,下関,2,3284,5.08,31.3,0.1818,0.4091,22,B1,0.19,7,66,22,3.3,0.1,0.231,10,6.88,0,0.23,39.58,0.9854,2,2,21,27.72,v2_lr,0
152009,2026-09-26,下関,3,4142,5.62,32.4,0,0.3333,3,A2,0.18,6,84,26,3.2,0.1,0.157,10,6.86,0.3333,0.17,38.89,0.9322,2,2,21,8.16,v2_lr,0
152009,2026-09-26,下関,4,4376,5.64,39.8,0.0833,0.4167,12,A2,0.14,8,84,29,2.7,0.3,0.141,10,6.88,0,0.11,35.23,0.65,2,2,21,6.48,v2_lr,0
152009,2026-09-26,下関,5,4043,5.5,32.6,0.125,0.4063,32,A2,0.17,6,67,17,3,0.3,0.157,10,6.85,0.5,0.14,39.77,1,2,2,21,6.86,v2_lr,0
152009,2026-09-26,下関,6,3932,4.92,34.7,0.1538,0.2308,13,B1,0.15,0,44,3,2.4,0.4,0.156,10,6.82,1,0.19,26.8,0,2,2,21,4.49,v2_lr,0
152010,2026-09-26,下関,1,4566,6.39,34.1,0.5455,0.7273,11,A1,0.12,72,96,81,3,0.3,0.111,10,6.83,0.625,0.04,39.76,0.8293,2,2,21,36.09,v2_lr,1
152010,2026-09-26,下関,2,4415,6.38,50.5,0.4091,0.4091,22,A1,0.13,13,78,29,4.7,0.1,0.144,10,6.8,1,-0.05,15.85,0,2,2,21,34.01,v2_lr,0
152010,2026-09-26,下関,3,3746,5.68,37.2,0.1304,0.3913,23,A2,0.18,3,94,28,3.3,0.2,0.164,10,6.82,0.75,-0.02,44.68,1,2,2,21,16.29,v2_lr,0
152010,2026-09-26,下関,4,4401,5.46,37.8,0,0.3333,3,A2,0.16,13,68,27,3.9,0.1,0.148,10,6.88,0,0.07,24.44,0.298,2,2,21,2.43,v2_lr,0
152010,2026-09-26,下関,5,3963,5.8,38.7,0.1818,0.4091,22,A2,0.16,8,67,21,2.9,0.1,0.17,10,6.88,0,0.2,23.6,0.2688,2,2,21,4.59,v2_lr,0
152010,2026-09-26,下関,6,4551,6.15,43.5,0.2813,0.5938,32,A2,0.15,3,75,11,2.6,0.2,0.143,10,6.87,0.125,0.05,36.36,0.7114,2,2,21,6.59,v2_lr,0
152011,2026-09-26,若松,1,5281,6.46,49.5,0.0833,0.25,24,A1,0.15,42,66,45,3.5,0.1,0.128,10,6.82,0.8571,-0.04,32.95,0.2639,1,1,21,27.14,v2_lr,1
152011,2026-09-26,若松,2,5330,6.01,42.5,0.125,0.125,8,A2,0.15,12,67,27,3.4,0.2,0.127,10,6.86,0.5714,-0.06,35.67,0.6628,1,1,21,23.5,v2_lr,0
152011,2026-09-26,若松,3,5218,6.27,43.4,0.3571,0.4643,28,A1,0.15,10,78,30,5.4,0,0.202,10,6.89,0.3571,-0.05,31.15,0,1,1,21,31.58,v2_lr,0
152011,2026-09-26,若松,4,4991,6.41,45.5,0.1622,0.3784,37,A1,0.18,6,69,18,3.6,0.1,0.126,10,6.94,0,-0.09,37.97,1,1,1,21,11.16,v2_lr,0
152011,2026-09-26,若松,5,5066,6.43,46.8,0,0.2,5,A1,0.17,9,79,27,3.8,0.1,0.141,10,6.89,0.3571,-0.19,32.98,0.2683,1,1,21,2.31,v2_lr,0
152011,2026-09-26,若松,6,5222,6.34,47.8,0.1176,0.1765,17,A1,0.19,2,68,10,3.1,0.2,0.175,10,6.8,1,-0.21,33.33,0.3196,1,1,21,4.31,v2_lr,0
152012,2026-09-26,若松,1,5220,6.09,44,0.3077,0.3846,13,A2,0.11,62,92,75,3,0.3,0.104,10,6.77,1,-0.01,32.07,0.1394,1,1,21,27.18,v2_lr,1
152012,2026-09-26,若松,2,4994,6.12,44.2,0.225,0.325,40,A2,0.14,13,73,37,3.6,0.3,0.146,10,6.89,0.2941,0.04,30.16,0,1,1,21,19.32,v2_lr,0
152012,2026-09-26,若松,3,5092,6.11,45,0.2174,0.3913,23,A2,0.14,16,61,28,3.5,0.2,0.125,10,6.94,0,0.25,30.81,0.0474,1,1,21,11.56,v2_lr,0
152012,2026-09-26,若松,4,4983,6.89,52.8,0.3667,0.4667,30,A1,0.14,17,76,27,3,0.2,0.136,10,6.86,0.4706,-0.01,38.65,0.6197,1,1,21,20.06,v2_lr,0
152012,2026-09-26,若松,5,5136,6.46,45.8,0.2308,0.3077,13,A1,0.14,9,77,21,3.3,0.3,0.124,10,6.85,0.5294,-0.09,43.86,1,1,1,21,9.23,v2_lr,0
152012,2026-09-26,若松,6,5298,6.9,49.6,0.375,0.4375,16,A1,0.15,6,72,12,3,0.3,0.13,10,6.82,0.7059,-0.11,36.82,0.4861,1,1,21,12.65,v2_lr,0
152013,2026-09-26,若松,1,5139,6.47,47.1,0.2667,0.4667,15,A1,0.15,41,64,48,2.9,0.3,0.111,10,6.78,1,-0.03,35.79,0.6391,1,1,21,47.95,v2_lr,1
152013,2026-09-26,若松,2,5045,5.89,38.5,0.0588,0.3529,17,A2,0.19,17,70,35,3.6,0.1,0.191,10,6.78,1,0.02,30.3,0,1,1,21,23.23,v2_lr,0
152013,2026-09-26,若松,3,5275,6.61,51.9,0.0556,0.2778,18,A1,0.14,13,73,31,2.9,0.3,0.12,10,6.89,0,0.09,30.39,0.0105,1,1,21,8.9,v2_lr,0
152013,2026-09-26,若松,4,5280,6.93,52.8,0,0.1667,6,A1,0.15,11,85,32,3.5,0,0.139,10,6.82,0.6364,-0.01,38.89,1,1,1,21,6.49,v2_lr,0
152013,2026-09-26,若松,5,5166,6.1,37.1,0,0.1,10,A2,0.2,3,60,14,3.5,0.2,0.149,10,6.86,0.2727,0,37.24,0.8079,1,1,21,2.84,v2_lr,0
152013,2026-09-26,若松,6,5256,7.09,57.8,0.2692,0.5,26,A1,0.16,3,64,11,4.1,0.1,0.147,10,6.84,0.4545,0.03,36.87,0.7648,1,1,21,10.59,v2_lr,0
152014,2026-09-26,若松,1,5064,6.29,47.4,0.1458,0.3958,48,A1,0.16,44,68,51,3.3,0.1,0.146,10,6.79,0.6667,0.08,30.73,0,1,1,21,34.16,v2_lr,1
152014,2026-09-26,若松,2,5255,6.74,50.4,0,0.2,5,A1,0.22,23,73,42,3.5,0.1,0.192,10,6.78,0.7778,0.11,33.51,0.1236,1,1,21,14.38,v2_lr,0
152014,2026-09-26,若松,3,5034,6.54,51,0.1667,0.3333,6,A1,0.12,30,91,58,3.3,0.3,0.142,10,6.77,0.8889,0.34,53.22,1,1,1,21,22.51,v2_lr,0
152014,2026-09-26,若松,4,5017,6.34,43.3,0.2308,0.3077,13,A1,0.13,12,79,30,3.3,0.1,0.128,10,6.85,0,0.08,33.85,0.1387,1,1,21,15.32,v2_lr,0
152014,2026-09-26,若松,5,5089,6.84,53.7,0.1667,0.3333,6,A1,0.16,3,63,21,2.9,0.2,0.16,10,6.78,0.7778,0.14,33.51,0.1236,1,1,21,8.35,v2_lr,0
152014,2026-09-26,若松,6,5196,7.03,56.8,0.1667,0.1667,6,A1,0.14,3,65,11,5,0.1,0.164,10,6.76,1,0.13,31.22,0.0218,1,1,21,5.28,v2_lr,0
152015,2026-09-26,若松,1,4938,6.93,53,0.2941,0.4706,17,A1,0.13,60,87,75,3,0.1,0.143,10,6.82,1,-0.14,40.66,0.9383,3,3,21,37.45,v2_lr,0
152015,2026-09-26,若松,2,5234,6.74,51.1,0.1667,0.4,30,A1,0.16,20,75,42,3.3,0.2,0.133,10,6.93,0,-0.19,31.84,0,3,3,21,22.01,v2_lr,0
152015,2026-09-26,若松,3,5222,6.34,47.8,0.1176,0.1765,17,A1,0.19,8,78,32,3.1,0.2,0.175,10,6.83,0.9091,-0.15,33.33,0.1585,3,3,21,16.96,v2_lr,1
152015,2026-09-26,若松,4,5193,6.68,47,0.2051,0.3846,39,A1,0.13,5,73,18,3.8,0.2,0.126,10,6.86,0.6364,-0.19,31.91,0.0074,3,3,21,15.95,v2_lr,0
152015,2026-09-26,若松,5,5087,7.08,55.6,0.0625,0.25,16,A1,0.12,11,57,21,3.3,0.3,0.171,10,6.89,0.3636,-0.17,41.24,1,3,3,21,4.11,v2_lr,0
152015,2026-09-26,若松,6,5330,6.01,42.5,0.125,0.125,8,A2,0.15,1,71,8,3.4,0.2,0.127,10,6.84,0.8182,-0.01,35.67,0.4074,3,3,21,3.51,v2_lr,0
152016,2026-09-26,若松,1,5088,6.85,53.5,0.125,0.4375,16,A1,0.16,84,127,102,4.1,0.1,0.13,10,6.9,0.7,0.08,34.5,0.5018,3,3,21,22.46,v2_lr,0
152016,2026-09-26,若松,2,4991,6.41,45.5,0.1622,0.3784,37,A1,0.18,8,73,26,3.6,0.1,0.126,10,6.97,0,-0.01,37.97,0.9184,3,3,21,18.09,v2_lr,1
152016,2026-09-26,若松,3,4983,6.89,52.8,0.3667,0.4667,30,A1,0.14,19,77,43,3,0.2,0.136,10,6.89,0.8,-0.01,38.65,1,3,3,21,27.26,v2_lr,0
152016,2026-09-26,若松,4,4985,6.63,44.8,0.2308,0.4615,13,A1,0.16,8,74,25,4,0.1,0.151,10,6.92,0.5,0.11,30.32,0,3,3,21,11.93,v2_lr,0
152016,2026-09-26,若松,5,5220,6.09,44,0.3077,0.3846,13,A2,0.11,11,66,22,3,0.3,0.104,10,6.87,1,0.31,32.07,0.2101,3,3,21,12.59,v2_lr,0
152016,2026-09-26,若松,6,5217,6.84,44,0.28,0.44,25,A1,0.13,5,79,16,3.4,0.2,0.187,10,6.89,0.8,0.17,35.18,0.5834,3,3,21,7.67,v2_lr,0
152017,2026-09-26,若松,1,5042,6.44,40.2,0.3333,0.5,6,A1,0.1,66,90,77,2.9,0.3,0.148,10,6.87,1,-0.04,32.82,0.154,1,1,21,36.49,v2_lr,0
152017,2026-09-26,若松,2,5136,6.46,45.8,0.2308,0.3077,13,A1,0.14,16,89,38,3.3,0.3,0.124,10,6.9,0.7273,-0.12,43.86,1,1,1,21,30.86,v2_lr,1
152017,2026-09-26,若松,3,5280,6.93,52.8,0,0.1667,6,A1,0.15,8,66,27,3.5,0,0.139,10,6.87,1,-0.04,38.89,0.6192,1,1,21,9.39,v2_lr,0
152017,2026-09-26,若松,4,5066,6.43,46.8,0,0.2,5,A1,0.17,10,79,25,3.8,0.1,0.141,10,6.88,0.9091,0.08,32.98,0.1663,1,1,21,4.3,v2_lr,0
152017,2026-09-26,若松,5,5139,6.47,47.1,0.2667,0.4667,15,A1,0.15,6,58,22,2.9,0.3,0.111,10,6.88,0.9091,-0.12,35.79,0.3816,1,1,21,15.49,v2_lr,0
152017,2026-09-26,若松,6,5092,6.11,45,0.2174,0.3913,23,A2,0.14,3,61,10,3.5,0.2,0.125,10,6.98,0,0.12,30.81,0,1,1,21,3.47,v2_lr,0
152018,2026-09-26,若松,1,5089,6.84,53.7,0.1667,0.3333,6,A1,0.16,73,100,86,2.9,0.2,0.16,10,6.77,1,0.27,33.51,0.4732,1,1,21,37.12,v2_lr,1
152018,2026-09-26,若松,2,5166,6.1,37.1,0,0.1,10,A2,0.2,14,61,29,3.5,0.2,0.149,10,6.86,0,0.32,37.24,1,1,1,21,10.67,v2_lr,0
152018,2026-09-26,若松,3,5298,6.9,49.6,0.375,0.4375,16,A1,0.15,20,73,35,3,0.3,0.13,10,6.83,0.3333,0.33,36.82,0.9407,1,1,21,37.44,v2_lr,0
152018,2026-09-26,若松,4,5275,6.61,51.9,0.0556,0.2778,18,A1,0.14,15,68,28,2.9,0.3,0.12,10,6.83,0.3333,0.53,30.39,0.0325,1,1,21,3.92,v2_lr,0
152018,2026-09-26,若松,5,4994,6.12,44.2,0.225,0.325,40,A2,0.14,0,62,12,3.6,0.3,0.146,10,6.84,0.2222,0.37,30.16,0,1,1,21,7.67,v2_lr,0
152018,2026-09-26,若松,6,5064,6.29,47.4,0.1458,0.3958,48,A1,0.16,2,64,5,3.3,0.1,0.146,10,6.82,0.4444,0.16,30.73,0.0805,1,1,21,3.19,v2_lr,0
152019,2026-09-26,若松,1,5018,6.28,42.5,0.3621,0.5,58,A1,0.14,91,119,109,2.8,0.3,0.13,10,6.76,0.7895,0.14,39.01,0.7041,3,3,21,29.3,v2_lr,1
152019,2026-09-26,若松,2,4939,6.83,50.4,0.2424,0.4242,33,A1,0.16,18,71,39,2.6,0.3,0.105,10,6.91,0,0.14,35.75,0.4793,3,3,21,20.46,v2_lr,0
152019,2026-09-26,若松,3,5224,7.08,48.9,0.3333,0.5,6,A1,0.13,10,73,37,3.3,0.2,0.159,10,6.88,0.1579,0.01,33.69,0.3372,3,3,21,22.25,v2_lr,0
152019,2026-09-26,若松,4,4857,6.96,55.5,0.2941,0.7647,17,A1,0.16,15,59,30,2.8,0.2,0.147,10,6.9,0.0526,0.15,34.92,0.4221,3,3,21,13.18,v2_lr,0
152019,2026-09-26,若松,5,5191,6.49,45.5,0.1765,0.3529,17,A1,0.14,10,73,28,3.2,0.1,0.12,10,6.86,0.2632,0.13,28.8,0,3,3,21,4.38,v2_lr,0
152019,2026-09-26,若松,6,5145,5.81,41.7,0.3077,0.3846,13,A2,0.16,5,81,11,2.5,0.5,0.118,10,6.72,1,0.01,43.3,1,3,3,21,10.42,v2_lr,0
152020,2026-09-26,若松,1,5141,6.62,55.7,0.1667,0.75,12,A1,0.16,53,79,66,2.3,0.2,0.102,10,6.87,0.6,-0.1,37.24,1,1,1,21,25.28,v2_lr,1
152020,2026-09-26,若松,2,5029,6.56,50.4,0.3103,0.4828,29,A1,0.12,19,62,39,2.8,0.3,0.114,10,6.83,1,0.08,35.87,0.8108,1,1,21,27.92,v2_lr,0
152020,2026-09-26,若松,3,5142,7.51,60.7,0.1875,0.3125,16,A1,0.15,20,82,48,2.6,0.2,0.124,10,6.92,0.1,-0.08,37.17,0.9903,1,1,21,15.57,v2_lr,0
152020,2026-09-26,若松,4,5028,6.52,46.9,0.3895,0.6211,95,A1,0.16,19,75,35,3.3,0,0.112,10,6.87,0.6,-0.13,31.37,0.1892,1,1,21,23.51,v2_lr,0
152020,2026-09-26,若松,5,5132,7.19,61.2,0.1667,0.4583,24,A1,0.12,8,75,31,2.6,0.3,0.147,10,6.93,0,-0.1,32,0.2762,1,1,21,4.47,v2_lr,0
152020,2026-09-26,若松,6,5112,6.89,50,0.2,0.4,25,A1,0.16,4,71,11,3.4,0.3,0.16,10,6.92,0.1,-0.08,30,0,1,1,21,3.25,v2_lr,0
152021,2026-09-26,若松,1,5257,6.39,44.3,0.3043,0.6522,23,A1,0.19,57,88,66,2.3,0.2,0.137,10,6.75,0.8182,-0.01,34.18,0.3241,1,1,22,29.46,v2_lr,1
152021,2026-09-26,若松,2,5278,7.29,61.1,0.3182,0.5,22,A1,0.13,16,75,38,2,0.6,0.11,10,6.79,0.4545,0.08,37.85,1,1,1,22,27.13,v2_lr,0
152021,2026-09-26,若松,3,5043,6.54,43.5,0.1818,0.4848,33,A1,0.14,24,85,43,2.4,0.2,0.131,10,6.73,1,0.08,37.69,0.9705,1,1,22,18.37,v2_lr,0
152021,2026-09-26,若松,4,5016,6.48,42.2,0.2105,0.3158,19,A1,0.15,13,62,20,3,0.3,0.131,10,6.76,0.7273,0.08,35.64,0.593,1,1,22,13.06,v2_lr,0
152021,2026-09-26,若松,5,5163,6.4,50,0.1818,0.2727,22,A1,0.15,9,53,21,1.9,0.6,0.193,10,6.84,0,0.12,35.63,0.5912,1,1,22,4.55,v2_lr,0
152021,2026-09-26,若松,6,5158,6.78,52,0.2791,0.5581,43,A1,0.17,5,70,17,2.8,0.3,0.125,10,6.73,1,0.08,32.42,0,1,1,22,7.44,v2_lr,0
152022,2026-09-26,若松,1,5193,6.68,47,0.2051,0.3846,39,A1,0.13,65,91,76,3.8,0.2,0.126,10,6.84,0.3333,0.11,31.91,0.1554,1,1,21,29.31,v2_lr,1
152022,2026-09-26,若松,2,5218,6.27,43.4,0.3571,0.4643,28,A1,0.15,12,68,27,5.4,0,0.202,10,6.82,0.6667,0.23,31.15,0.082,1,1,21,32.84,v2_lr,0
152022,2026-09-26,若松,3,5088,6.85,53.5,0.125,0.4375,16,A1,0.16,19,83,37,4.1,0.1,0.13,10,6.85,0.1667,0.12,34.5,0.4054,1,1,21,11.28,v2_lr,0
152022,2026-09-26,若松,4,4938,6.93,53,0.2941,0.4706,17,A1,0.13,9,76,23,3,0.1,0.143,10,6.8,1,0.25,40.66,1,1,1,21,22.56,v2_lr,0
152022,2026-09-26,若松,5,5281,6.46,49.5,0.0833,0.25,24,A1,0.15,5,53,20,3.5,0.1,0.128,10,6.84,0.3333,0.14,32.95,0.2558,1,1,21,2.96,v2_lr,0
152022,2026-09-26,若松,6,5045,5.89,38.5,0.0588,0.3529,17,A2,0.19,3,74,9,3.6,0.1,0.191,10,6.86,0,0.11,30.3,0,1,1,21,1.05,v2_lr,0
152023,2026-09-26,芦屋,1,3611,5.55,39,0.2308,0.5385,13,A2,0.15,46,81,64,2.9,0.2,0.126,10,6.73,1,0.12,31.9,0.2842,1,1,20.2,54.02,v2_lr,1
152023,2026-09-26,芦屋,2,5164,3.08,12,0,0,12,B2,0.2,1,38,4,4.2,0.1,0.147,10,6.77,0.4286,0.11,28.71,0.0558,1,1,20.2,15.06,v2_lr,0
152023,2026-09-26,芦屋,3,4998,3.97,21.8,0.0833,0.1667,12,B2,0.19,4,19,6,3.5,0.3,0.109,10,6.77,0.4286,0.19,27.93,0,1,1,20.2,14.29,v2_lr,0
152023,2026-09-26,芦屋,4,5182,5.18,35.8,0.0588,0.2353,17,B1,0.15,6,51,7,4.7,0,0.153,10,6.77,0.4286,0.43,40.95,0.932,1,1,20.2,7.21,v2_lr,0
152023,2026-09-26,芦屋,5,4897,3.63,13,0,0,3,B1,0.21,1,35,3,3.9,0,0.183,10,6.78,0.2857,0.19,41.9,1,1,1,20.2,2.92,v2_lr,0
152023,2026-09-26,芦屋,6,3579,4.38,22.2,0.25,0.25,12,B1,0.2,1,45,1,3.8,0,0.14,10,6.8,0,0.3,29.73,0.1288,1,1,20.2,6.5,v2_lr,0
152024,2026-09-26,芦屋,1,5129,5.64,37.5,0.1875,0.1875,16,A2,0.17,37,75,50,2.9,0.2,0.136,10,6.74,0.7143,0.11,40,0.4429,2,2,21.3,30.86,v2_lr,0
152024,2026-09-26,芦屋,2,4525,4.88,27.5,0.0968,0.2581,31,B1,0.11,5,62,23,3.5,0,0.156,10,6.75,0.6429,0.05,37.76,0.2942,2,2,21.3,18.36,v2_lr,0
152024,2026-09-26,芦屋,3,3604,4.25,18.1,0.1304,0.3043,23,B1,0.18,4,65,10,3.8,0.1,0.155,10,6.7,1,0.2,39.09,0.3825,2,2,21.3,15.58,v2_lr,0
152024,2026-09-26,芦屋,4,4050,6.66,48.6,0.4,0.6667,15,A1,0.12,10,70,28,2.5,0.3,0.17,10,6.76,0.5714,0.05,48.39,1,2,2,21.3,29.43,v2_lr,1
152024,2026-09-26,芦屋,5,4510,3,10.4,0,0,2,B2,0.27,0,23,2,4.7,0,0.251,10,6.78,0.4286,0.09,40.74,0.492,2,2,21.3,1.76,v2_lr,0
152024,2026-09-26,芦屋,6,3470,5.13,29.1,0.2308,0.3846,13,B1,0.14,0,35,2,3.7,0.2,0.155,10,6.84,0,0.07,33.33,0,2,2,21.3,4.01,v2_lr,0
152025,2026-09-26,芦屋,1,4240,5.78,42.5,0,0.1429,14,A2,0.13,55,90,72,3.3,0.3,0.128,10,6.73,0.9,0.02,40.74,0.7528,1,1,20.9,24.44,v2_lr,0
152025,2026-09-26,芦屋,3,4885,6.26,47.2,0.25,0.4375,32,A2,0.18,10,35,21,2.7,0.4,0.152,10,6.72,1,0.2,36.45,0.4837,1,1,20.9,30.34,v2_lr,1
152025,2026-09-26,芦屋,4,4484,5.08,27.5,0.0645,0.1935,31,B1,0.22,1,65,11,3.8,0,0.183,10,6.82,0,0.06,39.39,0.6681,1,1,20.9,5.79,v2_lr,0
152025,2026-09-26,芦屋,5,3232,6.15,40.7,0.2667,0.4667,15,A2,0.16,1,58,8,2.1,0.4,0.157,10,6.73,0.9,0.05,44.68,1,1,1,20.9,19.06,v2_lr,0
152025,2026-09-26,芦屋,6,4965,4.8,26.5,0.0833,0.4167,12,B1,0.21,0,48,2,4.2,0,0.166,10,6.77,0.5,0.15,28.74,0,1,1,20.9,1.98,v2_lr,0
152026,2026-09-26,芦屋,1,3435,6.01,38.2,0.2273,0.3636,44,A2,0.15,71,111,89,2.9,0.1,0.137,10,6.69,1,0,38,0.6274,0,1,20.7,33.6,v2_lr,1
152026,2026-09-26,芦屋,2,5365,2.25,4,0,0.1111,9,B1,,1,12,2,4.7,0,0.181,10,6.71,0.75,0.23,24.75,0,0,1,20.7,9.16,v2_lr,0
152026,2026-09-26,芦屋,3,5155,6.1,45.6,0.1471,0.3529,34,A2,0.15,13,69,29,3.1,0.1,0.129,10,6.72,0.625,0.04,32.11,0.3485,0,1,20.7,15.54,v2_lr,0
152026,2026-09-26,芦屋,4,5342,1.81,1.1,0.0833,0.0833,12,B2,,0,61,2,4.2,0.1,0.208,10,6.77,0,0.24,37.5,0.6037,0,1,20.7,4,v2_lr,0
152026,2026-09-26,芦屋,5,4243,5.36,36.5,0.1714,0.3714,35,B1,0.2,6,65,16,2.9,0.3,0.178,10,6.77,0,0.27,32.73,0.3778,0,1,20.7,4.22,v2_lr,0
152026,2026-09-26,芦屋,6,4964,5.52,35.4,0.6667,1,3,A2,0.17,2,26,7,1.4,0.7,0.104,10,6.71,0.75,0.1,45.87,1,0,1,20.7,33.47,v2_lr,0
152027,2026-09-26,芦屋,1,4433,6.6,47.7,0.4545,0.6909,55,A1,0.16,96,123,105,2.1,0.4,0.173,10,6.76,0.7143,0.05,40.54,0.9147,0,1,20.2,42.53,v2_lr,1
152027,2026-09-26,芦屋,2,4974,5.54,36,0.2857,0.4286,14,A2,0.16,13,68,30,3.4,0.2,0.157,10,6.78,0.5714,0.05,34.95,0.564,0,1,20.2,35.24,v2_lr,0
152027,2026-09-26,芦屋,3,4317,4.33,31.4,0,0.4615,13,B1,0.19,4,56,13,2.8,0.2,0.148,10,6.82,0.2857,-0.01,25.96,0,0,1,20.2,5.77,v2_lr,0
152027,2026-09-26,芦屋,4,4897,3.63,13,0,0,3,B1,0.21,0,33,3,3.9,0,0.183,10,6.86,0,-0.09,41.9,1,0,1,20.2,3.98,v2_lr,0
152027,2026-09-26,芦屋,5,3474,4.6,28,0.0606,0.3939,33,B1,0.2,0,64,6,4.7,0.1,0.168,10,6.83,0.2143,-0.18,35.19,0.579,0,1,20.2,3.57,v2_lr,0
152027,2026-09-26,芦屋,6,5188,5.86,40.6,0.2174,0.3043,23,A2,0.16,4,64,13,2.5,0.3,0.181,10,6.72,1,-0.19,30.77,0.3018,0,1,20.2,8.91,v2_lr,0
152028,2026-09-26,芦屋,1,5182,5.18,35.8,0.0588,0.2353,17,B1,0.15,16,52,33,4.7,0,0.153,10,6.77,1,-0.02,40.95,0.6795,1,1,20.2,27.42,v2_lr,1
152028,2026-09-26,芦屋,2,4419,5.64,38.3,0.0833,0.1667,12,A2,0.13,11,65,33,2.8,0.2,0.149,10,6.77,1,-0.07,31.58,0.0589,1,1,20.2,21.92,v2_lr,0
152028,2026-09-26,芦屋,3,3470,5.13,29.1,0.2308,0.3846,13,B1,0.14,14,59,19,3.7,0.2,0.155,10,6.85,0,-0.04,33.33,0.1748,1,1,20.2,21.05,v2_lr,0
152028,2026-09-26,芦屋,4,4990,2.81,8.3,0,0.0345,29,B2,0.26,0,34,0,4.2,0,0.193,10,6.83,0.25,0.12,45.79,1,1,1,20.2,3.58,v2_lr,0
152028,2026-09-26,芦屋,5,4208,6.56,44.7,0.4286,0.7143,14,A1,0.15,9,66,21,2.2,0.5,0.152,10,6.83,0.25,0.12,37.86,0.4748,1,1,20.2,24.77,v2_lr,0
152028,2026-09-26,芦屋,6,4246,4.13,17.7,0,0.2,10,B1,0.19,0,50,0,4.6,0,0.175,10,6.78,0.875,0.08,30.69,0,1,1,20.2,1.26,v2_lr,0
152029,2026-09-26,芦屋,1,4510,3,10.4,0,0,2,B2,0.27,2,18,6,4.7,0,0.251,10,6.77,0.1111,-0.01,40.74,1,1,1,20.7,23.83,v2_lr,0
152029,2026-09-26,芦屋,2,4965,4.8,26.5,0.0833,0.4167,12,B1,0.21,3,54,15,4.2,0,0.166,10,6.78,0,0.07,28.74,0,1,1,20.7,19.27,v2_lr,0
152029,2026-09-26,芦屋,3,3579,4.38,22.2,0.25,0.25,12,B1,0.2,2,58,16,3.8,0,0.14,10,6.78,0,0.11,29.73,0.0825,1,1,20.7,28.62,v2_lr,0
152029,2026-09-26,芦屋,4,5272,4.14,25.2,0.0833,0.4167,12,B1,0.17,3,56,7,3.6,0.1,0.176,10,6.69,1,-0.08,38.83,0.8408,1,1,20.7,13.79,v2_lr,1
152029,2026-09-26,芦屋,5,4900,5.34,33,0.2,0.4667,15,B1,0.18,2,63,11,3.3,0.1,0.188,10,6.75,0.3333,0.04,39.81,0.9225,1,1,20.7,12.39,v2_lr,0
152029,2026-09-26,芦屋,6,5230,4.55,30.9,0,0,3,B1,0.21,0,47,1,3.4,0.1,0.167,10,6.69,1,0.08,37.5,0.73,1,1,20.7,2.1,v2_lr,0
152030,2026-09-26,芦屋,1,4484,5.08,27.5,0.0645,0.1935,31,B1,0.22,16,53,25,3.8,0,0.183,10,6.81,0,0.06,39.39,0.6224,1,1,20.6,17.01,v2_lr,0
152030,2026-09-26,芦屋,2,5153,4.3,23.9,0.0833,0.1667,12,B1,0.19,4,79,15,4.5,0,0.156,10,6.73,1,-0.06,39.62,0.6358,1,1,20.6,18.14,v2_lr,1
152030,2026-09-26,芦屋,3,5164,3.08,12,0,0,12,B2,0.2,0,30,0,4.2,0.1,0.147,10,6.79,0.25,0.1,28.71,0,1,1,20.6,4.19,v2_lr,0
152030,2026-09-26,芦屋,4,4964,5.52,35.4,0.6667,1,3,A2,0.17,4,33,9,1.4,0.7,0.104,10,6.74,0.875,0.02,45.87,1,1,1,20.6,32.99,v2_lr,0
152030,2026-09-26,芦屋,5,4530,6.9,53.9,0.4848,0.7273,33,A1,0.16,7,59,19,2,0.3,0.142,10,6.74,0.875,0.16,40.54,0.6894,1,1,20.6,25.69,v2_lr,0
152030,2026-09-26,芦屋,6,4525,4.88,27.5,0.0968,0.2581,31,B1,0.11,0,42,1,3.5,0,0.156,10,6.76,0.625,0.11,37.76,0.5274,1,1,20.6,1.99,v2_lr,0
152031,2026-09-26,芦屋,1,4347,6.06,36.4,0.1176,0.3824,34,A2,0.18,44,77,61,2.9,0.3,0.138,10,6.69,1,0.04,30.53,0.1271,1,1,20.5,38.38,v2_lr,0
152031,2026-09-26,芦屋,2,3474,4.6,28,0.0606,0.3939,33,B1,0.2,10,68,31,4.7,0.1,0.168,10,6.78,0.1,0.18,35.19,0.3548,1,1,20.5,15.63,v2_lr,0
152031,2026-09-26,芦屋,3,5296,3.1,14.6,0,0,12,B1,0.21,7,73,22,4.8,0,0.147,10,6.79,0,0.3,29.17,0.0606,1,1,20.5,4.92,v2_lr,0
152031,2026-09-26,芦屋,4,4998,3.97,21.8,0.0833,0.1667,12,B2,0.19,0,21,7,3.5,0.3,0.109,10,6.72,0.7,0.09,27.93,0,1,1,20.5,8.41,v2_lr,0
152031,2026-09-26,芦屋,5,4050,6.66,48.6,0.4,0.6667,15,A1,0.12,5,56,21,2.5,0.3,0.17,10,6.75,0.4,0.03,48.39,1,1,1,20.5,31.43,v2_lr,1
152031,2026-09-26,芦屋,6,5440,1.53,4.1,0,0,3,B2,,0,93,3,5.9,0,0.172,10,6.73,0.6,0.11,37.14,0.4501,1,1,20.5,1.22,v2_lr,0
152032,2026-09-26,芦屋,1,3232,6.15,40.7,0.2667,0.4667,15,A2,0.16,39,70,53,2.1,0.4,0.157,10,6.8,0.2,-0.02,44.68,1,1,1,20.5,36.93,v2_lr,1
152032,2026-09-26,芦屋,2,4208,6.56,44.7,0.4286,0.7143,14,A1,0.15,18,80,41,2.2,0.5,0.152,10,6.81,0,0.02,37.86,0.6578,1,1,20.5,38.58,v2_lr,0
152032,2026-09-26,芦屋,3,5358,2.93,4.5,0,0,6,B2,0.19,0,35,2,4.2,0,0.199,10,6.76,1,0.06,42.31,0.8811,1,1,20.5,9.58,v2_lr,0
152032,2026-09-26,芦屋,4,5365,2.25,4,0,0.1111,9,B1,,0,44,2,4.7,0,0.181,10,6.78,0.6,0.26,24.75,0,1,1,20.5,2.94,v2_lr,0
152032,2026-09-26,芦屋,5,4924,4.16,15.8,0,0,3,B1,0.15,2,62,7,4.2,0,0.18,10,6.79,0.4,0.14,30.7,0.2985,1,1,20.5,1.87,v2_lr,0
152032,2026-09-26,芦屋,6,4974,5.54,36,0.2857,0.4286,14,A2,0.16,3,65,7,3.4,0.2,0.157,10,6.77,0.8,0.1,34.95,0.5118,1,1,20.5,10.1,v2_lr,0
152033,2026-09-26,芦屋,1,5155,6.1,45.6,0.1471,0.3529,34,A2,0.15,25,59,36,3.1,0.1,0.129,10,6.77,0.4444,0.1,32.11,0.4684,1,1,20.8,36.6,v2_lr,1
152033,2026-09-26,芦屋,2,3604,4.25,18.1,0.1304,0.3043,23,B1,0.18,2,67,15,3.8,0.1,0.155,10,6.74,0.7778,-0.01,39.09,1,1,1,20.8,32.17,v2_lr,0
152033,2026-09-26,芦屋,3,5230,4.55,30.9,0,0,3,B1,0.21,6,57,21,3.4,0.1,0.167,10,6.72,1,0.49,37.5,0.8789,1,1,20.8,8.73,v2_lr,0
152033,2026-09-26,芦屋,4,4317,4.33,31.4,0,0.4615,13,B1,0.19,3,58,9,2.8,0.2,0.148,10,6.79,0.2222,0.18,25.96,0,1,1,20.8,3.12,v2_lr,0
152033,2026-09-26,芦屋,5,4885,6.26,47.2,0.25,0.4375,32,A2,0.18,2,25,6,2.7,0.4,0.152,10,6.75,0.6667,0.08,36.45,0.7989,1,1,20.8,16.51,v2_lr,0
152033,2026-09-26,芦屋,6,4313,6.14,44.5,0.1111,0.2222,9,A2,0.16,0,34,2,3.1,0.2,0.173,10,6.81,0,0.01,37.38,0.8698,1,1,20.8,2.87,v2_lr,0
152034,2026-09-26,芦屋,1,4530,6.9,53.9,0.4848,0.7273,33,A1,0.16,86,107,98,2,0.3,0.142,10,6.72,1,0.04,40.54,1,1,1,20.6,41.87,v2_lr,1
152034,2026-09-26,芦屋,2,5342,1.81,1.1,0.0833,0.0833,12,B2,,0,10,1,4.2,0.1,0.208,10,6.79,0,0.07,37.5,0.6888,1,1,20.6,14.53,v2_lr,0
152034,2026-09-26,芦屋,3,4900,5.34,33,0.2,0.4667,15,B1,0.18,5,72,32,3.3,0.1,0.188,10,6.78,0.1429,-0.01,39.81,0.9253,1,1,20.6,20.59,v2_lr,0
152034,2026-09-26,芦屋,4,3611,5.55,39,0.2308,0.5385,13,A2,0.15,7,71,20,2.9,0.2,0.126,10,6.79,0,0.17,31.9,0.1157,1,1,20.6,11.93,v2_lr,0
152034,2026-09-26,芦屋,5,5188,5.86,40.6,0.2174,0.3043,23,A2,0.16,6,68,16,2.5,0.3,0.181,10,6.75,0.5714,0.05,30.77,0,1,1,20.6,9.46,v2_lr,0
152034,2026-09-26,芦屋,6,4419,5.64,38.3,0.0833,0.1667,12,A2,0.13,2,56,7,2.8,0.2,0.149,10,6.78,0.1429,0.06,31.58,0.0829,1,1,20.6,1.62,v2_lr,0
152035,2026-09-26,福岡,1,5015,6.69,51.8,0.125,0.375,16,A1,0.15,79,95,89,3,0.2,0.141,10,6.92,0,-0.06,39.74,0.8519,2,2,22,29.84,v2_lr,1
152035,2026-09-26,福岡,2,4947,4.61,21.7,0.1667,0.3333,24,B1,0.19,8,78,27,3.6,0.2,0.171,10,6.71,1,-0.08,41.27,0.9325,2,2,22,32.84,v2_lr,0
152035,2026-09-26,福岡,3,4909,4.98,30.1,0.1304,0.2609,23,B1,0.18,10,56,19,3.5,0.1,0.174,10,6.82,0.4762,0.01,23.58,0,2,2,22,15.7,v2_lr,0
152035,2026-09-26,福岡,4,4161,5.41,34.1,0.1667,0.1667,6,B1,0.18,5,64,17,3.5,0.1,0.147,10,6.87,0.2381,0.04,42.55,1,2,2,22,13.02,v2_lr,0
152035,2026-09-26,福岡,5,5302,3.82,19.1,0.1333,0.2667,15,B1,0.17,1,59,1,3.1,0.2,0.158,10,6.85,0.3333,-0.03,26.67,0.1629,2,2,22,5.41,v2_lr,0
152035,2026-09-26,福岡,6,3643,5.14,29.8,0.1429,0.3214,28,B1,0.2,1,72,5,4.2,0.1,0.193,10,6.87,0.2381,0.05,32.56,0.4734,2,2,22,3.2,v2_lr,0
152036,2026-09-26,福岡,1,3303,5.27,31.5,0.1176,0.4118,17,B1,0.2,35,87,60,3.5,0,0.21,10,6.81,1,0.03,32.79,0.3199,2,2,22,33.16,v2_lr,0
152036,2026-09-26,福岡,2,5180,2.69,13.8,0,0.1333,15,B2,0.2,2,37,10,4,0,0.193,10,6.81,1,-0.01,46.97,1,2,2,22,16.46,v2_lr,1
152036,2026-09-26,福岡,3,4607,5.47,30.9,0.1458,0.375,48,A2,0.18,6,82,30,3.3,0.1,0.16,10,6.92,0,-0.08,26.12,0,2,2,22,15.23,v2_lr,0
152036,2026-09-26,福岡,4,4623,4.65,24.1,0.1154,0.1923,26,B1,0.15,4,73,15,3.4,0.1,0.16,10,6.89,0.2727,-0.01,29.27,0.1511,2,2,22,8.45,v2_lr,0
152036,2026-09-26,福岡,5,4764,5.17,32.6,0.0667,0.2,15,B1,0.16,2,51,9,3.4,0.1,0.159,10,6.82,0.9091,0.02,28.57,0.1175,2,2,22,4.56,v2_lr,0
152036,2026-09-26,福岡,6,4063,6.37,45.8,0.4286,0.5714,7,A1,0.11,6,78,15,2.7,0.4,0.125,10,6.88,0.3636,-0.09,39.55,0.6441,2,2,22,22.14,v2_lr,0
152037,2026-09-26,福岡,1,5276,4.97,23.3,0.24,0.36,25,B1,0.18,28,61,40,3.2,0.2,0.158,10,6.81,1,0.05,33.56,0.9295,2,2,22,37.63,v2_lr,1
152037,2026-09-26,福岡,2,5261,4.34,24.4,0.1154,0.3462,26,B1,0.17,9,73,15,3.4,0.1,0.156,10,6.89,0.2,-0.01,35,1,2,2,22,20.53,v2_lr,0
152037,2026-09-26,福岡,3,4826,7.01,51,0.2391,0.413,46,A1,0.13,22,98,48,3.2,0.3,0.123,10,6.88,0.3,-0.2,28.57,0.6854,2,2,22,26.36,v2_lr,0
152037,2026-09-26,福岡,4,4649,4.74,25,0.0909,0.0909,11,B1,0.15,12,84,23,3.1,0.3,0.149,10,6.91,0,-0.08,23.2,0.4227,2,2,22,6.46,v2_lr,0
152037,2026-09-26,福岡,5,3664,4.69,22.6,0.1176,0.2941,17,B1,0.14,0,70,4,3.4,0.2,0.189,10,6.91,0,-0.09,31.62,0.8346,2,2,22,4.76,v2_lr,0
152037,2026-09-26,福岡,6,2878,5.26,28.4,0.1944,0.3889,36,B1,0.15,1,59,11,3.4,0.1,0.167,10,6.88,0.3,-0.01,14.56,0,2,2,22,4.25,v2_lr,0
152038,2026-09-26,福岡,1,3629,6.09,40.7,0.1429,0.4286,7,A2,0.14,56,91,72,3,0.2,0.142,10,6.87,0.3846,-0.04,33.33,0.8226,2,2,22,38.37,v2_lr,1
152038,2026-09-26,福岡,2,5013,5.25,34.9,0.08,0.2,25,B1,0.15,15,67,25,3.7,0.2,0.163,10,6.79,1,0.11,25.49,0.1131,2,2,22,24.49,v2_lr,0
152038,2026-09-26,福岡,3,5253,2.97,10.2,0,0.0833,12,B2,0.25,5,46,13,3.7,0,0.215,10,6.87,0.3846,0.1,25.74,0.1357,2,2,22,7.14,v2_lr,0
152038,2026-09-26,福岡,4,4257,4.45,24.7,0,0.3333,15,B1,0.15,10,61,18,4.2,0,0.139,10,6.85,0.5385,-0.03,35.04,0.9774,2,2,22,5.82,v2_lr,0
152038,2026-09-26,福岡,5,3300,5.6,37.8,0.2963,0.5556,27,A2,0.15,5,75,17,2.9,0.3,0.118,10,6.92,0,0.08,24.24,0,2,2,22,14.04,v2_lr,0
152038,2026-09-26,福岡,6,4024,6.44,34.7,0.2424,0.4848,33,A1,0.16,8,82,16,2.6,0.4,0.173,10,6.85,0.5385,0.09,35.29,1,2,2,22,10.13,v2_lr,0
152039,2026-09-26,福岡,1,5134,5.69,39,0.2222,0.3704,27,A2,0.14,46,76,56,2.9,0.3,0.172,10,6.87,1,-0.09,35.16,0.459,2,2,22,31.36,v2_lr,0
152039,2026-09-26,福岡,2,5063,4.46,20.5,0.1154,0.2308,26,B1,0.25,7,62,23,3.8,0.1,0.168,10,6.87,1,-0.01,30.63,0,2,2,22,18.2,v2_lr,0
152039,2026-09-26,福岡,4,4691,4.45,23.9,0.0909,0.1818,11,B1,0.19,0,58,7,4.1,0.2,0.16,10,6.88,0.6667,0.14,32.59,0.1986,2,2,22,5.38,v2_lr,1
152039,2026-09-26,福岡,5,4017,5.44,33.9,0.1667,0.1667,6,B1,0.2,2,59,10,3.6,0.2,0.216,10,6.87,1,0.09,40.5,1,2,2,22,6.91,v2_lr,0
152039,2026-09-26,福岡,6,4391,6.31,45.3,0.4706,0.7059,17,A1,0.14,4,83,18,2.7,0.1,0.136,10,6.9,0,0.11,37.32,0.6778,2,2,22,17.44,v2_lr,0
152040,2026-09-26,福岡,1,4066,5.97,35.7,0.1429,0.5714,7,A2,0.17,65,93,81,2.8,0.2,0.153,10,6.78,0.8,0.2,35.04,0.5544,2,2,22,34.7,v2_lr,1
152040,2026-09-26,福岡,2,4909,4.98,30.1,0.1304,0.2609,23,B1,0.18,7,68,28,3.5,0.1,0.174,10,6.76,1,0.12,23.58,0.1263,2,2,22,26.98,v2_lr,0
152040,2026-09-26,福岡,3,5180,2.69,13.8,0,0.1333,15,B2,0.2,1,27,3,4,0,0.193,10,6.79,0.7,0.12,46.97,1,2,2,22,8.46,v2_lr,0
152040,2026-09-26,福岡,4,4269,6.04,41.1,0.2444,0.3556,45,A2,0.16,10,73,28,2.5,0.3,0.129,10,6.81,0.5,0.29,20.2,0,2,2,22,16.92,v2_lr,0
152040,2026-09-26,福岡,5,4736,6.7,54.3,0.2586,0.4828,58,A1,0.14,9,72,18,2.7,0.3,0.128,10,6.86,0,0,38.85,0.6967,2,2,22,12.17,v2_lr,0
152040,2026-09-26,福岡,6,5447,0,0,0,0,6,B2,,0,36,0,5.9,0,0.207,10,6.82,0.4,0.13,23.21,0.1124,2,2,22,0.78,v2_lr,0
152041,2026-09-26,福岡,1,3582,5.95,43.2,0.3571,0.6429,28,A2,0.17,59,97,76,3,0.2,0.164,10,6.79,1,0.14,32.37,0.4512,2,2,22,43.18,v2_lr,1
152041,2026-09-26,福岡,2,4181,4.11,19.5,0.125,0.3125,16,B1,0.18,5,76,19,4.9,0,0.236,10,6.82,0,0.24,35.04,0.5951,2,2,22,18.47,v2_lr,0
152041,2026-09-26,福岡,3,4962,5.79,34.1,0.1765,0.2353,17,A2,0.17,12,70,27,3.3,0.3,0.135,10,6.79,1,0.16,32.76,0.4722,2,2,22,23.76,v2_lr,0
152041,2026-09-26,福岡,4,3664,4.69,22.6,0.1176,0.2941,17,B1,0.14,8,62,13,3.4,0.2,0.189,10,6.81,0.3333,0.21,31.62,0.4108,2,2,22,7.98,v2_lr,0
152041,2026-09-26,福岡,5,4161,5.41,34.1,0.1667,0.1667,6,B1,0.18,3,63,10,3.5,0.1,0.147,10,6.81,0.3333,0.49,42.55,1,2,2,22,5.88,v2_lr,0
152041,2026-09-26,福岡,6,5459,0,0,0,0,6,B2,,0,30,0,5.9,0,0.205,10,6.8,0.6667,0.32,24,0,2,2,22,0.72,v2_lr,0
152042,2026-09-26,福岡,1,4287,5.77,37.9,0.2258,0.3548,31,A2,0.17,76,109,95,3.7,0.2,0.182,10,6.83,0.8333,0.08,31.54,1,2,2,22,46.59,v2_lr,1
152042,2026-09-26,福岡,2,5253,2.97,10.2,0,0.0833,12,B2,0.25,4,49,12,3.7,0,0.215,10,6.82,1,0.38,25.74,0.6584,2,2,22,15.17,v2_lr,0
152042,2026-09-26,福岡,3,4764,5.17,32.6,0.0667,0.2,15,B1,0.16,16,65,38,3.4,0.1,0.159,10,6.83,0.8333,0.01,28.57,0.8251,2,2,22,17.3,v2_lr,0
152042,2026-09-26,福岡,4,4449,3.93,23.6,0.0667,0.0667,15,B1,0.19,5,74,19,4.8,0,0.163,10,6.88,0,-0.07,26.74,0.7173,2,2,22,6.89,v2_lr,0
152042,2026-09-26,福岡,5,2878,5.26,28.4,0.1944,0.3889,36,B1,0.15,5,69,12,3.4,0.1,0.167,10,6.86,0.3333,-0.01,14.56,0,2,2,22,9.78,v2_lr,0
152042,2026-09-26,福岡,6,4656,5.67,39.1,0.1429,0.2857,7,A2,0.16,0,55,5,4.2,0.1,0.16,10,6.86,0.3333,0.04,28.68,0.8316,2,2,22,4.28,v2_lr,0
152043,2026-09-26,福岡,1,4254,5.51,33,0.1852,0.5185,27,A2,0.12,50,75,64,3,0.3,0.153,10,6.76,1,0.02,34.35,1,3,3,22,42.48,v2_lr,0
152043,2026-09-26,福岡,2,4623,4.65,24.1,0.1154,0.1923,26,B1,0.15,9,81,37,3.4,0.1,0.16,10,6.81,0.5,0.02,29.27,0.5444,3,3,22,25.74,v2_lr,0
152043,2026-09-26,福岡,3,4649,4.74,25,0.0909,0.0909,11,B1,0.15,12,86,24,3.1,0.3,0.149,10,6.84,0.2,0.03,23.2,0,3,3,22,12.37,v2_lr,1
152043,2026-09-26,福岡,4,3643,5.14,29.8,0.1429,0.3214,28,B1,0.2,5,67,14,4.2,0.1,0.193,10,6.78,0.8,0.06,32.56,0.8395,3,3,22,15.08,v2_lr,0
152043,2026-09-26,福岡,5,5085,5.58,34.5,0.0588,0.4118,17,A2,0.24,2,68,16,4.2,0,0.195,10,6.85,0.1,0.01,27.27,0.365,3,3,22,3.25,v2_lr,0
152043,2026-09-26,福岡,6,4695,5.49,40.9,0,0.25,8,A2,0.15,2,60,2,4.1,0,0.129,10,6.86,0,-0.09,27.12,0.3516,3,3,22,1.07,v2_lr,0
152044,2026-09-26,福岡,2,4391,6.31,45.3,0.4706,0.7059,17,A1,0.14,20,79,41,2.7,0.1,0.136,10,6.81,1,0.01,37.32,1,3,3,22,32.63,v2_lr,1
152044,2026-09-26,福岡,3,4269,6.04,41.1,0.2444,0.3556,45,A2,0.16,11,79,36,2.5,0.3,0.129,10,6.82,0.8,-0.03,20.2,0,3,3,22,20.23,v2_lr,0
152044,2026-09-26,福岡,4,4826,7.01,51,0.2391,0.413,46,A1,0.13,17,83,33,3.2,0.3,0.123,10,6.81,1,-0.01,28.57,0.4889,3,3,22,16.06,v2_lr,0
152044,2026-09-26,福岡,5,3303,5.27,31.5,0.1176,0.4118,17,B1,0.2,1,78,14,3.5,0,0.21,10,6.86,0,0.11,32.79,0.7354,3,3,22,3.2,v2_lr,0
152044,2026-09-26,福岡,6,3629,6.09,40.7,0.1429,0.4286,7,A2,0.14,1,73,5,3,0.2,0.142,10,6.82,0.8,0.02,33.33,0.7669,3,3,22,3.15,v2_lr,0
152045,2026-09-26,福岡,1,3300,5.6,37.8,0.2963,0.5556,27,A2,0.15,63,96,77,2.9,0.3,0.118,10,6.91,0.4167,0.11,24.24,0,3,3,22,29.74,v2_lr,0
152045,2026-09-26,福岡,2,4066,5.97,35.7,0.1429,0.5714,7,A2,0.17,8,80,41,2.8,0.2,0.153,10,6.84,1,0.07,35.04,0.6968,3,3,22,21.96,v2_lr,0
152045,2026-09-26,福岡,3,5015,6.69,51.8,0.125,0.375,16,A1,0.15,13,73,46,3,0.2,0.141,10,6.84,1,-0.08,39.74,1,3,3,22,16.72,v2_lr,0
152045,2026-09-26,福岡,4,4607,5.47,30.9,0.1458,0.375,48,A2,0.18,5,87,24,3.3,0.1,0.16,10,6.96,0,0.04,26.12,0.1213,3,3,22,6.6,v2_lr,0
152045,2026-09-26,福岡,5,3582,5.95,43.2,0.3571,0.6429,28,A2,0.17,18,73,30,3,0.2,0.164,10,6.86,0.8333,-0.03,32.37,0.5245,3,3,22,18.75,v2_lr,1
152045,2026-09-26,福岡,6,5134,5.69,39,0.2222,0.3704,27,A2,0.14,3,65,13,2.9,0.3,0.172,10,6.84,1,0.11,35.16,0.7045,3,3,22,6.23,v2_lr,0
152046,2026-09-26,福岡,1,4024,6.44,34.7,0.2424,0.4848,33,A1,0.16,62,96,75,2.6,0.4,0.173,10,6.81,0.9091,0.14,35.29,0.4682,3,3,22,27.36,v2_lr,1
152046,2026-09-26,福岡,2,4063,6.37,45.8,0.4286,0.5714,7,A1,0.11,11,77,34,2.7,0.4,0.125,10,6.91,0,0.21,39.55,1,3,3,22,28.17,v2_lr,0
152046,2026-09-26,福岡,3,4736,6.7,54.3,0.2586,0.4828,58,A1,0.14,12,63,34,2.7,0.3,0.128,10,6.87,0.3636,0.02,38.85,0.9126,3,3,22,19.54,v2_lr,0
152046,2026-09-26,福岡,4,4962,5.79,34.1,0.1765,0.2353,17,A2,0.17,8,78,21,3.3,0.3,0.135,10,6.82,0.8182,-0.01,32.76,0.1523,3,3,22,10.9,v2_lr,0
152046,2026-09-26,福岡,5,4287,5.77,37.9,0.2258,0.3548,31,A2,0.17,2,67,13,3.7,0.2,0.182,10,6.84,0.6364,-0.01,31.54,0,3,3,22,7.93,v2_lr,0
152046,2026-09-26,福岡,6,5276,4.97,23.3,0.24,0.36,25,B1,0.18,1,60,4,3.2,0.2,0.158,10,6.8,1,,33.56,0.2522,3,3,22,6.1,v2_lr,0
