race_id,date,venue,lane,player_id,global_win_rate,global_2rate,local_win_rate,local_2rate,local_race_cnt,grade_period,avg_st,course_rank1,course_count,course_rank2,recent10_avg_rank,recent10_win_rate,recent10_st_mean,recent10_count,exhibit_time_raw,exhibit_time_rel,start_timing,motor_2rate,motor_2rate_rel,wind_speed,wave_height,temperature,score_total_current,model_version,is_winner
155107,2026-10-03,戸田,1,3696,4.98,25.2,0.1136,0.3182,44,B1,0.18,21,65,40,2.7,0.3,0.151,10,6.68,0.8462,0.15,16.13,0,0,0,22,33.16,v2_lr,0
155107,2026-10-03,戸田,2,3406,5.3,32.4,0.0833,0.25,12,B1,0.15,7,76,32,3.3,0.1,0.151,10,6.7,0.6923,0.07,31.71,0.4414,0,0,22,22.95,v2_lr,1
155107,2026-10-03,戸田,3,4904,4.94,30.3,0.2308,0.4615,13,B1,0.18,14,85,29,3,0.1,0.18,10,6.78,0.0769,-0.01,34.21,0.5122,0,0,22,25.38,v2_lr,0
155107,2026-10-03,戸田,4,4182,4.96,29.5,0.125,0.375,16,B1,0.19,7,66,12,4.3,0.1,0.141,10,6.66,1,0.08,30.77,0.4147,0,0,22,13.26,v2_lr,0
155107,2026-10-03,戸田,5,3226,4.85,29.5,0,0.1429,7,B1,0.16,1,65,7,3.1,0.1,0.173,10,6.79,0,0.05,37.5,0.6054,0,0,22,1.96,v2_lr,0
155107,2026-10-03,戸田,6,4752,4.65,27.8,,,0,B1,0.17,0,56,2,4.3,0.1,0.149,10,6.79,0,0.21,51.43,1,0,0,22,3.29,v2_lr,0
155108,2026-10-03,戸田,1,3615,4.72,31.9,0.2222,0.4444,18,B1,0.18,21,58,41,4.2,0,0.161,10,6.68,1,0.01,34.48,0.4991,1,1,20,29.05,v2_lr,1
155108,2026-10-03,戸田,2,4228,5.87,40.1,0.2105,0.4737,19,A2,0.17,6,71,24,4.1,0,0.185,10,6.74,0.5,-0.03,50,0.8368,1,1,20,24.1,v2_lr,0
155108,2026-10-03,戸田,3,4368,3.63,14.7,0.1,0.1,10,B1,0.21,6,72,18,4.6,0,0.211,10,6.8,0,-0.03,15.63,0.089,1,1,20,8.14,v2_lr,0
155108,2026-10-03,戸田,4,4523,5.78,38.5,0.3846,0.3846,13,A2,0.15,2,64,20,2.6,0.2,0.132,10,6.7,0.8333,0.11,57.5,1,1,1,20,25.45,v2_lr,0
155108,2026-10-03,戸田,5,5182,5.18,35.8,0.1091,0.2364,55,B1,0.15,7,60,14,4.1,0.1,0.131,10,6.75,0.4167,0.05,11.54,0,1,1,20,3.23,v2_lr,0
155108,2026-10-03,戸田,6,3333,6.28,45.3,0.3333,0.6667,9,A1,0.15,2,71,13,2.8,0.2,0.141,10,6.73,0.5833,0.02,33.33,0.4741,1,1,20,10.02,v2_lr,0
155109,2026-10-03,戸田,1,4474,5.42,33.3,0.25,0.3333,12,B1,0.19,35,56,43,4,0,0.154,10,6.79,0.2632,0.11,32.43,0.3418,0,0,21,29.68,v2_lr,0
155109,2026-10-03,戸田,2,3251,5.63,38.6,0.2222,0.381,63,A2,0.18,20,87,40,3.5,0.2,0.163,10,6.73,0.5789,-0.08,30.3,0.2996,0,0,21,26.07,v2_lr,1
155109,2026-10-03,戸田,3,5139,6.47,47.1,0.2941,0.3529,17,A1,0.15,12,67,29,2.9,0.2,0.127,10,6.65,1,-0.05,20,0.0959,0,0,21,26.93,v2_lr,0
155109,2026-10-03,戸田,4,3773,3.85,15.1,,,0,B1,0.16,7,64,16,3.5,0,0.214,10,6.77,0.3684,-0.02,15.15,0,0,0,21,8.71,v2_lr,0
155109,2026-10-03,戸田,5,4216,5.19,31.8,0.125,0.125,8,B1,0.15,0,79,9,3.9,0,0.142,10,6.84,0,-0.1,50,0.6893,0,0,21,4.19,v2_lr,0
155109,2026-10-03,戸田,6,4977,5.99,42.1,0.1765,0.4118,17,A2,0.15,4,66,13,3.3,0.2,0.171,10,6.77,0.3684,-0.14,65.71,1,0,0,21,4.42,v2_lr,0
155110,2026-10-03,戸田,1,3392,4.4,21.2,0.0938,0.2188,32,B1,0.23,15,55,22,4.5,0,0.197,10,6.74,0.5833,0.05,29.03,0,0,0,21,27.93,v2_lr,0
155110,2026-10-03,戸田,2,4067,5.95,40.3,0.2,0.44,25,A2,0.15,20,91,51,3.3,0.1,0.155,10,6.74,0.5833,0.06,32,0.1527,0,0,21,30.36,v2_lr,1
155110,2026-10-03,戸田,3,5101,3.65,15.1,0,0.4286,7,B1,0.17,1,36,3,4.5,0,0.229,10,6.73,0.6667,0.04,36,0.3584,0,0,21,7.88,v2_lr,0
155110,2026-10-03,戸田,4,4839,5.53,38,0.2353,0.3529,17,A2,0.13,8,75,25,3.6,0.1,0.13,10,6.81,0,0.33,30.77,0.0895,0,0,21,12.26,v2_lr,0
155110,2026-10-03,戸田,5,3740,6.41,49.6,0.2162,0.3784,37,A1,0.19,11,63,23,2.7,0.1,0.139,10,6.69,1,0.25,30.77,0.0895,0,0,21,10.99,v2_lr,0
155110,2026-10-03,戸田,6,4140,6.02,46.2,0.3462,0.5385,26,A2,0.18,3,56,7,3.6,0.3,0.192,10,6.79,0.1667,0.39,48.48,1,0,0,21,10.57,v2_lr,0
155111,2026-10-03,戸田,1,4679,5.53,38,0.1429,0.1429,7,A2,0.14,60,92,72,2.8,0.4,0.148,10,6.76,0.5,-0.01,33.33,0.8203,0,0,22,35.98,v2_lr,0
155111,2026-10-03,戸田,2,5294,3.73,16.6,0.125,0.25,8,B1,0.18,4,81,15,4.2,0.1,0.195,10,6.72,0.9,0.14,36.11,0.9401,0,0,22,28.08,v2_lr,0
155111,2026-10-03,戸田,3,3226,4.85,29.5,0,0.1429,7,B1,0.16,1,66,13,3.1,0.1,0.173,10,6.71,1,0.09,37.5,1,0,0,22,11.14,v2_lr,0
155111,2026-10-03,戸田,4,4175,6.16,46,0.2609,0.413,46,A2,0.17,6,65,20,3.7,0.3,0.101,10,6.81,0,0.07,26.67,0.5334,0,0,22,18.63,v2_lr,1
155111,2026-10-03,戸田,5,3583,3.57,14.6,0.1026,0.2308,39,B1,0.21,2,50,8,4.8,0,0.141,10,6.8,0.1,0.23,23.68,0.4046,0,0,22,3.51,v2_lr,0
155111,2026-10-03,戸田,6,5472,0,0,,,0,B2,,0,25,0,5.9,0,0.218,10,6.75,0.6,0.23,14.29,0,0,0,22,2.66,v2_lr,0
155112,2026-10-03,戸田,1,3999,5.92,40.5,0.1818,0.1818,11,A2,0.17,65,106,84,3.7,0.2,0.157,10,6.71,0.6,-0.07,44.12,0.9413,0,0,22,30.68,v2_lr,0
155112,2026-10-03,戸田,2,5182,5.18,35.8,0.1091,0.2364,55,B1,0.15,11,69,27,4.1,0.1,0.131,10,6.76,0.35,-0.12,11.54,0,0,0,22,17.36,v2_lr,0
155112,2026-10-03,戸田,3,3993,5.19,30.7,,,0,B1,0.18,7,59,24,2.7,0.4,0.148,10,6.69,0.7,0.07,46.15,1,0,0,22,17.89,v2_lr,0
155112,2026-10-03,戸田,4,5088,6.85,53.5,0.4167,0.6667,12,A1,0.16,22,84,35,4.5,0.1,0.172,10,6.7,0.65,-0.01,31.43,0.5747,0,0,22,29.07,v2_lr,1
155112,2026-10-03,戸田,5,5399,1.7,0,0,0,23,B2,,0,42,0,6,0,0.244,10,6.83,0,-0.01,29.17,0.5094,0,0,22,1.35,v2_lr,0
155112,2026-10-03,戸田,6,4885,6.26,47.2,,,0,A2,0.18,1,24,5,1.6,0.7,0.121,10,6.63,1,0.35,35,0.6778,0,0,22,3.65,v2_lr,0
155113,2026-10-03,戸田,1,4991,6.41,45.5,0.2857,0.4286,14,A1,0.18,56,87,72,3.4,0.2,0.131,10,6.8,0,-0.03,15.38,0,2,2,23,36.84,v2_lr,1
155113,2026-10-03,戸田,2,4216,5.19,31.8,0.125,0.125,8,B1,0.15,7,78,29,3.9,0,0.142,10,6.76,0.2857,0.11,50,1,2,2,23,22.04,v2_lr,0
155113,2026-10-03,戸田,3,3895,3.88,20,0.125,0.375,8,B2,0.2,3,35,7,5.4,0,0.214,10,6.69,0.7857,0.24,42,0.7689,2,2,23,15.53,v2_lr,0
155113,2026-10-03,戸田,4,3615,4.72,31.9,0.2222,0.4444,18,B1,0.18,8,76,19,4.2,0,0.161,10,6.66,1,0.01,34.48,0.5517,2,2,23,19.55,v2_lr,0
155113,2026-10-03,戸田,5,3696,4.98,25.2,0.1136,0.3182,44,B1,0.18,3,70,9,2.7,0.3,0.151,10,6.71,0.6429,0.11,16.13,0.0217,2,2,23,4.85,v2_lr,0
155113,2026-10-03,戸田,6,5370,1.28,1.4,0,0,7,B2,,0,133,1,5.3,0,0.118,10,6.7,0.7143,-0.01,34.21,0.5439,2,2,23,1.19,v2_lr,0
155114,2026-10-03,戸田,1,4182,4.96,29.5,0.125,0.375,16,B1,0.19,23,66,38,4.3,0.1,0.141,10,6.7,0.75,0.08,30.77,0.1944,2,1,23,24.42,v2_lr,0
155114,2026-10-03,戸田,2,4796,6.51,52.6,0.3793,0.4828,29,A1,0.15,17,74,38,3.4,0.2,0.133,10,6.66,1,0.01,24.32,0,2,1,23,32.49,v2_lr,1
155114,2026-10-03,戸田,3,4067,5.95,40.3,0.2,0.44,25,A2,0.15,16,86,41,3.3,0.1,0.155,10,6.68,0.875,0.06,32,0.2315,2,1,23,19.34,v2_lr,0
155114,2026-10-03,戸田,4,4203,4.2,21.2,0.1579,0.2895,38,B1,0.17,7,61,12,4.3,0.1,0.117,10,6.73,0.5625,0.13,56.25,0.9623,2,1,23,10.04,v2_lr,0
155114,2026-10-03,戸田,5,3293,3.79,13.9,0.125,0.3125,16,B1,0.19,0,57,4,3.4,0.1,0.174,10,6.77,0.3125,0.41,36.84,0.3773,2,1,23,3.01,v2_lr,0
155114,2026-10-03,戸田,6,4523,5.78,38.5,0.3846,0.3846,13,A2,0.15,1,62,3,2.6,0.2,0.132,10,6.82,0,0.26,57.5,1,2,1,23,10.72,v2_lr,0
155115,2026-10-03,戸田,1,4209,5.61,33.9,0.0444,0.3778,45,A2,0.16,36,78,51,3.2,0.2,0.163,10,6.71,0.4,0.19,28.57,0,3,2,22,25.95,v2_lr,1
155115,2026-10-03,戸田,2,4097,3.58,11.2,0,0.2222,9,B1,0.2,2,61,12,3.9,0.1,0.201,10,6.63,0.9333,0.06,32,0.1601,3,2,22,17.93,v2_lr,0
155115,2026-10-03,戸田,3,3251,5.63,38.6,0.2222,0.381,63,A2,0.18,6,88,31,3.5,0.2,0.163,10,6.67,0.6667,0.07,30.3,0.0807,3,2,22,31.02,v2_lr,0
155115,2026-10-03,戸田,4,4228,5.87,40.1,0.2105,0.4737,19,A2,0.17,6,74,23,4.1,0,0.185,10,6.77,0,0.08,50,1,3,2,22,17.96,v2_lr,0
155115,2026-10-03,戸田,5,3406,5.3,32.4,0.0833,0.25,12,B1,0.15,3,73,11,3.3,0.1,0.151,10,6.69,0.5333,0.29,31.71,0.1465,3,2,22,4.26,v2_lr,0
155115,2026-10-03,戸田,6,4729,4.06,16.8,0.0588,0.1176,17,B1,0.2,0,49,9,4,0.1,0.138,10,6.62,1,0.23,42.42,0.6463,3,2,22,2.88,v2_lr,0
155116,2026-10-03,戸田,1,4839,5.53,38,0.2353,0.3529,17,A2,0.13,45,87,62,3.6,0.1,0.13,10,6.74,0,0.16,30.77,0,1,1,22,34.8,v2_lr,1
155116,2026-10-03,戸田,2,3993,5.19,30.7,,,0,B1,0.18,6,56,26,2.7,0.4,0.148,10,6.72,0.1818,0.12,46.15,0.4402,1,1,22,24.11,v2_lr,0
155116,2026-10-03,戸田,3,4977,5.99,42.1,0.1765,0.4118,17,A2,0.15,7,71,28,3.3,0.2,0.171,10,6.68,0.5455,0.1,65.71,1,1,1,22,22.18,v2_lr,0
155116,2026-10-03,戸田,4,4752,4.65,27.8,,,0,B1,0.17,2,75,9,4.3,0.1,0.149,10,6.7,0.3636,0.22,51.43,0.5913,1,1,22,10.48,v2_lr,0
155116,2026-10-03,戸田,5,4679,5.53,38,0.1429,0.1429,7,A2,0.14,12,68,22,2.8,0.4,0.148,10,6.63,1,0.11,33.33,0.0733,1,1,22,7.53,v2_lr,0
155116,2026-10-03,戸田,6,5075,6.08,39.1,0,0.3333,6,A2,0.15,4,73,13,3.8,0.1,0.173,10,6.73,0.0909,0.11,39.02,0.2361,1,1,22,0.9,v2_lr,0
155117,2026-10-03,戸田,1,4175,6.16,46,0.2609,0.413,46,A2,0.17,46,67,54,3.7,0.3,0.101,10,6.69,1,0.04,26.67,0,2,1,22,34.72,v2_lr,1
155117,2026-10-03,戸田,2,3752,3.86,18.2,0.0769,0.2308,13,B1,0.22,2,65,17,4.1,0.1,0.143,10,6.77,0.3846,0.21,43.24,0.5828,2,1,22,14.49,v2_lr,0
155117,2026-10-03,戸田,3,4140,6.02,46.2,0.3462,0.5385,26,A2,0.18,16,68,39,3.6,0.3,0.192,10,6.76,0.4615,0.16,48.48,0.7671,2,1,22,29.47,v2_lr,0
155117,2026-10-03,戸田,4,4904,4.94,30.3,0.2308,0.4615,13,B1,0.18,5,73,19,3,0.1,0.18,10,6.82,0,0.13,34.21,0.2652,2,1,22,11.66,v2_lr,0
155117,2026-10-03,戸田,5,3999,5.92,40.5,0.1818,0.1818,11,A2,0.17,1,70,16,3.7,0.2,0.157,10,6.79,0.2308,0.05,44.12,0.6138,2,1,22,6.76,v2_lr,0
155117,2026-10-03,戸田,6,4570,6.37,45.8,0.1429,0.5714,28,A1,0.17,5,78,16,2.7,0.3,0.132,10,6.8,0.1538,0.05,55.1,1,2,1,22,2.9,v2_lr,0
155118,2026-10-03,戸田,1,5088,6.85,53.5,0.4167,0.6667,12,A1,0.16,84,128,102,4.5,0.1,0.172,10,6.69,0.6667,0.13,31.43,0.8942,1,1,22,26.1,v2_lr,1
155118,2026-10-03,戸田,2,3740,6.41,49.6,0.2162,0.3784,37,A1,0.19,12,74,33,2.7,0.1,0.139,10,6.71,0.5,0.14,30.77,0.8574,1,1,22,18.61,v2_lr,0
155118,2026-10-03,戸田,3,3333,6.28,45.3,0.3333,0.6667,9,A1,0.15,16,76,34,2.8,0.2,0.141,10,6.72,0.4167,-0.05,33.33,1,1,1,22,20.83,v2_lr,0
155118,2026-10-03,戸田,4,4991,6.41,45.5,0.2857,0.4286,14,A1,0.18,6,69,18,3.4,0.2,0.131,10,6.71,0.5,-0.07,15.38,0,1,1,22,13.61,v2_lr,0
155118,2026-10-03,戸田,5,4796,6.51,52.6,0.3793,0.4828,29,A1,0.15,4,66,15,3.4,0.2,0.133,10,6.77,0,0.02,24.32,0.4981,1,1,22,12.17,v2_lr,0
155118,2026-10-03,戸田,6,5139,6.47,47.1,0.2941,0.3529,17,A1,0.15,3,48,8,2.9,0.2,0.127,10,6.65,1,-0.23,20,0.2574,1,1,22,8.67,v2_lr,0
155119,2026-10-03,平和島,1,3973,3.95,19,0,0.2308,13,B1,0.2,14,63,28,4.7,0,0.142,10,6.7,1,0.07,54.1,1,2,3,21,31.42,v2_lr,0
155119,2026-10-03,平和島,2,3718,4.5,25.7,0.0909,0.1818,22,B1,0.18,5,70,21,4.2,0,0.167,10,6.78,0.619,0.13,30.16,0.2148,2,3,21,25.71,v2_lr,0
155119,2026-10-03,平和島,3,3714,4.61,21,0.0357,0.2143,28,B1,0.15,7,74,20,4,0,0.137,10,6.91,0,0.08,38.71,0.4952,2,3,21,10.01,v2_lr,0
155119,2026-10-03,平和島,4,3516,4.05,23,0.0588,0.3529,17,B1,0.15,5,55,11,4.1,0,0.198,10,6.86,0.2381,0.02,23.61,0,2,3,21,6.54,v2_lr,1
155119,2026-10-03,平和島,5,3882,4.9,24.3,0.2121,0.303,33,B1,0.2,6,76,10,4.1,0.1,0.154,10,6.83,0.381,0.05,35.82,0.4005,2,3,21,12.94,v2_lr,0
155119,2026-10-03,平和島,6,3256,6.36,46.8,0.2877,0.5068,73,A1,0.13,4,67,10,3.2,0.2,0.135,10,6.83,0.381,-0.03,43.33,0.6468,2,3,21,13.37,v2_lr,0
155120,2026-10-03,平和島,1,3807,4.39,22.9,0.0588,0.1176,17,B1,0.15,22,64,39,4.3,0,0.168,10,6.78,0.6818,-0.12,38.03,0.6833,1,3,20,29.25,v2_lr,0
155120,2026-10-03,平和島,2,3961,6.43,44,0.1667,0.4167,24,A1,0.15,11,70,29,3.2,0.2,0.162,10,6.83,0.4545,-0.07,40,0.7866,1,3,20,30.16,v2_lr,1
155120,2026-10-03,平和島,3,3430,3.97,22.1,0.1875,0.3125,16,B1,0.17,7,67,17,4,0.1,0.156,10,6.81,0.5455,-0.03,25,0,1,3,20,21.54,v2_lr,0
155120,2026-10-03,平和島,4,4047,4.13,20.8,0.0769,0.1538,13,B1,0.16,3,55,6,4.2,0.2,0.214,10,6.71,1,0.04,25.64,0.0336,1,3,20,8.94,v2_lr,0
155120,2026-10-03,平和島,5,4077,5.56,33.6,0.2,0.3429,35,A2,0.17,2,72,9,2.9,0.3,0.162,10,6.93,0,0.16,41.67,0.8741,1,3,20,8.04,v2_lr,0
155120,2026-10-03,平和島,6,3377,3.81,17.7,0.0303,0.1515,33,B1,0.23,1,39,4,4.7,0,0.231,10,6.75,0.8182,0.09,44.07,1,1,3,20,2.07,v2_lr,0
155121,2026-10-03,平和島,1,3944,6.41,48,0.1852,0.5185,27,A1,0.15,55,82,68,3.1,0.3,0.176,10,6.68,1,0.03,44.07,1,3,3,21,51.54,v2_lr,0
155121,2026-10-03,平和島,2,3527,4.9,30.2,0,0,7,B1,0.16,8,76,28,4.6,0,0.154,10,6.76,0.3846,0,41.67,0.9003,3,3,21,18.96,v2_lr,0
155121,2026-10-03,平和島,3,3793,4.34,24.6,0.125,0.375,16,B1,0.17,2,51,16,2.2,0.2,0.14,10,6.76,0.3846,0.13,33.33,0.5538,3,3,21,20.13,v2_lr,1
155121,2026-10-03,平和島,4,4139,4.34,24.7,0,0.2727,33,B1,0.18,6,70,15,4.9,0,0.193,10,6.78,0.2308,0.01,20,0,3,3,21,4.68,v2_lr,0
155121,2026-10-03,平和島,5,3741,3.55,16.1,0,0.0526,19,B1,0.18,0,67,5,4.4,0,0.153,10,6.81,0,0.03,36.51,0.6859,3,3,21,2.53,v2_lr,0
155121,2026-10-03,平和島,6,3619,4.86,28.5,0.0667,0.2,15,B1,0.18,1,73,3,3.8,0,0.178,10,6.8,0.0769,0.02,23.68,0.1529,3,3,21,2.16,v2_lr,0
155122,2026-10-03,平和島,1,3952,6.69,45.6,0.2727,0.5227,44,A1,0.14,66,110,89,2.7,0.2,0.121,10,6.83,0.2667,0.08,14.49,0,4,3,22,34.44,v2_lr,0
155122,2026-10-03,平和島,2,4076,5.35,34.3,0.1915,0.3404,47,B1,0.17,9,77,25,2.6,0.3,0.158,10,6.87,0,0.21,25,0.5053,4,3,22,22.18,v2_lr,0
155122,2026-10-03,平和島,3,4131,6.39,51.5,0.2069,0.5172,29,B1,0.13,13,68,31,3.4,0.1,0.144,10,6.77,0.6667,0.23,31.82,0.8332,4,3,22,21.03,v2_lr,0
155122,2026-10-03,平和島,4,3878,4.45,24.4,0.0556,0.2222,18,B1,0.16,5,52,12,4.1,0,0.154,10,6.74,0.8667,0.03,35.19,0.9952,4,3,22,7.62,v2_lr,0
155122,2026-10-03,平和島,5,3554,6.62,51.7,0.2222,0.5556,9,A1,0.17,13,88,38,2.8,0.2,0.163,10,6.72,1,0.11,21.74,0.3486,4,3,22,11.47,v2_lr,1
155122,2026-10-03,平和島,6,3211,3.91,18.6,0.125,0.5,8,B1,0.18,0,53,4,3.4,0.1,0.143,10,6.77,0.6667,0.08,35.29,1,4,3,22,3.26,v2_lr,0
155123,2026-10-03,平和島,1,3929,4.36,22.8,0.04,0.24,25,B1,0.17,21,56,36,4.3,0,0.165,10,6.78,1,0.04,31.34,0.2922,2,3,22,27.24,v2_lr,0
155123,2026-10-03,平和島,2,3532,6.15,40.9,0.2222,0.3333,18,B2,0.16,10,53,23,4.6,0,0.165,10,6.91,0.3158,0.04,60.26,1,2,3,22,34,v2_lr,1
155123,2026-10-03,平和島,3,3679,6.16,40.6,0.2059,0.4559,68,A2,0.17,6,78,37,2.9,0.2,0.158,10,6.95,0.1053,0.01,32,0.3084,2,3,22,21.79,v2_lr,0
155123,2026-10-03,平和島,4,3868,4.66,26.1,0.1053,0.4211,19,B1,0.2,4,74,11,3.3,0.2,0.143,10,6.97,0,0.05,22.39,0.0732,2,3,22,6.45,v2_lr,0
155123,2026-10-03,平和島,5,3686,5.86,37.9,0.2258,0.4839,31,A2,0.14,6,70,17,3.3,0.2,0.178,10,6.95,0.1053,0.11,34.92,0.3798,2,3,22,9.23,v2_lr,0
155123,2026-10-03,平和島,6,3998,4.4,25.2,0.0455,0.2273,22,B1,0.18,0,55,0,3.9,0.1,0.181,10,6.9,0.3684,0.19,19.4,0,2,3,22,1.29,v2_lr,0
155124,2026-10-03,平和島,1,3391,0,0,0.1429,0.1429,7,B2,,1,5,1,5.1,0.1,0.206,10,6.85,0.7273,0.2,33.82,0.3834,2,3,22,25.95,v2_lr,0
155124,2026-10-03,平和島,2,3882,4.9,24.3,0.2121,0.303,33,B1,0.2,9,89,28,4.1,0.1,0.154,10,6.9,0.2727,0.08,35.82,0.4442,2,3,22,26.64,v2_lr,0
155124,2026-10-03,平和島,3,3973,3.95,19,0,0.2308,13,B1,0.2,8,79,16,4.7,0,0.142,10,6.87,0.5455,0.03,54.1,1,2,3,22,7.8,v2_lr,0
155124,2026-10-03,平和島,4,3713,6.28,47.1,0.3333,0.4583,24,A1,0.16,11,70,24,3.2,0.4,0.129,10,6.82,1,0.07,22.73,0.0462,2,3,22,26.25,v2_lr,1
155124,2026-10-03,平和島,5,3489,5.67,35.7,0.2609,0.2609,23,A2,0.17,4,78,11,2.9,0.3,0.157,10,6.88,0.4545,0,21.21,0,2,3,22,11.93,v2_lr,0
155124,2026-10-03,平和島,6,3880,4.75,24.2,0.0612,0.1837,49,B1,0.23,1,65,5,3.1,0.1,0.163,10,6.93,0,-0.04,31.43,0.3107,2,3,22,1.43,v2_lr,0
155125,2026-10-03,平和島,1,3690,4.47,24.5,0.1154,0.2308,26,B1,0.21,24,65,41,4.2,0.1,0.174,10,6.86,0.5833,0.08,30,0.3218,2,3,22,34.84,v2_lr,0
155125,2026-10-03,平和島,2,4047,4.13,20.8,0.0769,0.1538,13,B1,0.16,0,64,5,4.2,0.2,0.214,10,6.81,1,0.11,25.64,0.0412,2,3,22,24.29,v2_lr,0
155125,2026-10-03,平和島,3,3718,4.5,25.7,0.0909,0.1818,22,B1,0.18,3,68,12,4.2,0,0.167,10,6.93,0,0.15,30.16,0.332,2,3,22,11.56,v2_lr,0
155125,2026-10-03,平和島,4,3430,3.97,22.1,0.1875,0.3125,16,B1,0.17,3,68,8,4,0.1,0.156,10,6.91,0.1667,-0.01,25,0,2,3,22,13.71,v2_lr,0
155125,2026-10-03,平和島,5,3158,5.51,38.4,0.2308,0.5385,26,A2,0.16,4,64,10,3.1,0.2,0.12,10,6.87,0.5,-0.01,30.77,0.3713,2,3,22,13.66,v2_lr,1
155125,2026-10-03,平和島,6,3616,5.28,33.3,0,0.1333,15,B1,0.18,2,58,8,4.7,0,0.146,10,6.85,0.6667,-0.01,40.54,1,2,3,22,1.94,v2_lr,0
155126,2026-10-03,平和島,1,4027,5.57,33.3,0.2667,0.2667,15,A2,0.18,46,82,58,3.9,0.2,0.186,10,6.84,0,-0.02,14.81,0,2,3,22,53.45,v2_lr,0
155126,2026-10-03,平和島,2,4139,4.34,24.7,0,0.2727,33,B1,0.18,5,69,21,4.9,0,0.193,10,6.73,0.5789,0.01,20,0.2235,2,3,22,18.3,v2_lr,1
155126,2026-10-03,平和島,3,3516,4.05,23,0.0588,0.3529,17,B1,0.15,7,63,22,4.1,0,0.198,10,6.84,0,-0.01,23.61,0.379,2,3,22,12.41,v2_lr,0
155126,2026-10-03,平和島,4,3741,3.55,16.1,0,0.0526,19,B1,0.18,0,63,7,4.4,0,0.153,10,6.83,0.0526,0.16,36.51,0.9345,2,3,22,4.8,v2_lr,0
155126,2026-10-03,平和島,5,3807,4.39,22.9,0.0588,0.1176,17,B1,0.15,1,68,6,4.3,0,0.168,10,6.72,0.6316,0.09,38.03,1,2,3,22,6.1,v2_lr,0
155126,2026-10-03,平和島,6,3988,5.66,40.5,0.1212,0.2727,33,A2,0.15,3,93,8,4,0.1,0.161,10,6.65,1,0.15,15.71,0.0388,2,3,22,4.93,v2_lr,0
155127,2026-10-03,平和島,1,3527,4.9,30.2,0,0,7,B1,0.16,35,74,53,4.6,0,0.154,10,6.75,1,0.08,41.67,0.9424,2,3,22,22.55,v2_lr,0
155127,2026-10-03,平和島,2,3256,6.36,46.8,0.2877,0.5068,73,A1,0.13,21,81,45,3.2,0.2,0.135,10,6.83,0.3846,0.13,43.33,1,2,3,22,33.56,v2_lr,1
155127,2026-10-03,平和島,3,3878,4.45,24.4,0.0556,0.2222,18,B1,0.16,2,64,8,4.1,0,0.154,10,6.79,0.6923,0.01,35.19,0.7178,2,3,22,11.81,v2_lr,0
155127,2026-10-03,平和島,4,4131,6.39,51.5,0.2069,0.5172,29,B1,0.13,8,66,19,3.4,0.1,0.144,10,6.81,0.5385,-0.04,31.82,0.6009,2,3,22,16.02,v2_lr,0
155127,2026-10-03,平和島,5,3714,4.61,21,0.0357,0.2143,28,B1,0.15,3,68,6,4,0,0.137,10,6.88,0,-0.02,38.71,0.8398,2,3,22,2.55,v2_lr,0
155127,2026-10-03,平和島,6,3422,6.2,46.8,0.3889,0.4444,18,A2,0.13,6,75,21,3.1,0.3,0.181,10,6.87,0.0769,-0.04,14.49,0,2,3,22,13.51,v2_lr,0
155128,2026-10-03,平和島,1,4077,5.56,33.6,0.2,0.3429,35,A2,0.17,27,76,45,2.9,0.3,0.162,10,6.96,0,0.1,41.67,1,2,3,22,26.55,v2_lr,1
155128,2026-10-03,平和島,2,3686,5.86,37.9,0.2258,0.4839,31,A2,0.14,14,78,35,3.3,0.2,0.178,10,6.95,0.0455,0.09,34.92,0.7517,2,3,22,23.06,v2_lr,0
155128,2026-10-03,平和島,3,3713,6.28,47.1,0.3333,0.4583,24,A1,0.16,17,73,33,3.2,0.4,0.129,10,6.74,1,0.09,22.73,0.3032,2,3,22,27.44,v2_lr,0
155128,2026-10-03,平和島,4,3952,6.69,45.6,0.2727,0.5227,44,A1,0.14,19,70,28,2.7,0.2,0.121,10,6.9,0.2727,0.08,14.49,0,2,3,22,14.96,v2_lr,0
155128,2026-10-03,平和島,5,4076,5.35,34.3,0.1915,0.3404,47,B1,0.17,5,72,13,2.6,0.3,0.158,10,6.88,0.3636,0.2,25,0.3867,2,3,22,5.87,v2_lr,0
155128,2026-10-03,平和島,6,3793,4.34,24.6,0.125,0.375,16,B1,0.17,0,47,1,2.2,0.2,0.14,10,6.85,0.5,0.27,33.33,0.6932,2,3,22,2.11,v2_lr,0
155129,2026-10-03,平和島,1,3554,6.62,51.7,0.2222,0.5556,9,A1,0.17,80,125,102,2.8,0.2,0.163,10,6.7,1,0,21.74,0.0232,3,3,22,36.03,v2_lr,0
155129,2026-10-03,平和島,2,3489,5.67,35.7,0.2609,0.2609,23,A2,0.17,13,87,41,2.9,0.3,0.157,10,6.89,0.2692,0.08,21.21,0,3,3,22,30.37,v2_lr,0
155129,2026-10-03,平和島,3,3868,4.66,26.1,0.1053,0.4211,19,B1,0.2,8,64,20,3.3,0.2,0.143,10,6.96,0,0.23,22.39,0.0516,3,3,22,9.01,v2_lr,0
155129,2026-10-03,平和島,4,3679,6.16,40.6,0.2059,0.4559,68,A2,0.17,7,90,32,2.9,0.2,0.158,10,6.95,0.0385,0.14,32,0.472,3,3,22,12.14,v2_lr,0
155129,2026-10-03,平和島,5,3961,6.43,44,0.1667,0.4167,24,A1,0.15,5,59,12,3.2,0.2,0.162,10,6.91,0.1923,0.19,40,0.822,3,3,22,6.28,v2_lr,1
155129,2026-10-03,平和島,6,3944,6.41,48,0.1852,0.5185,27,A1,0.15,1,67,9,3.1,0.3,0.176,10,6.72,0.9231,0.12,44.07,1,3,3,22,6.17,v2_lr,0
155130,2026-10-03,平和島,1,3909,6.7,52.7,0.3214,0.5714,28,A1,0.13,87,109,100,2.5,0.4,0.108,10,6.81,0.25,-0.03,31.08,0.7671,3,3,22,30.88,v2_lr,0
155130,2026-10-03,平和島,2,3997,6.5,44.3,0.3571,0.6429,28,A1,0.17,28,101,59,2.1,0.5,0.139,10,6.63,1,0.05,33.33,0.8889,3,3,22,31.06,v2_lr,0
155130,2026-10-03,平和島,3,3505,5.75,38.1,0.1566,0.2892,83,A2,0.15,9,90,27,2,0.6,0.125,10,6.77,0.4167,-0.01,35.38,1,3,3,22,15.34,v2_lr,1
155130,2026-10-03,平和島,4,3978,5.94,40.3,0.303,0.5455,66,A2,0.14,10,76,20,2.6,0.1,0.164,10,6.86,0.0417,0.02,35,0.9794,3,3,22,17.35,v2_lr,0
155130,2026-10-03,平和島,5,3297,4.29,18.7,0.1304,0.3043,23,B1,0.22,2,59,9,2.5,0.2,0.148,10,6.87,0,0.01,30.77,0.7503,3,3,22,3.79,v2_lr,0
155130,2026-10-03,平和島,6,3863,4.74,20.2,0.093,0.2558,43,B1,0.17,0,50,4,3.2,0.1,0.142,10,6.85,0.0833,-0.12,16.92,0,3,3,22,1.59,v2_lr,0
155131,2026-10-03,浜名湖,1,5383,2.06,1.1,0,0,26,B1,,0,1,0,4.9,0,0.184,10,6.65,0.75,0.09,27.84,1,1,1,23,34.12,v2_lr,1
155131,2026-10-03,浜名湖,2,5316,5.39,33.6,0.0704,0.2113,71,B1,0.16,2,30,8,3,0.3,0.139,10,6.66,0.625,0.14,20.69,0.3868,1,1,23,29.44,v2_lr,0
155131,2026-10-03,浜名湖,3,5270,4.94,30.5,0,0,4,B1,0.16,5,61,15,4.7,0,0.196,10,6.63,1,0.1,21.59,0.464,1,1,23,15.06,v2_lr,0
155131,2026-10-03,浜名湖,4,4120,5.89,43.3,0.1154,0.4231,26,A2,0.15,5,81,24,3.4,0.1,0.144,10,6.66,0.625,0.18,20.48,0.3688,1,1,23,14.06,v2_lr,0
155131,2026-10-03,浜名湖,5,3837,6.16,41.5,0.125,0.3125,16,A2,0.17,7,67,13,4,0.2,0.186,10,6.71,0,0.16,16.18,0,1,1,23,6.03,v2_lr,0
155131,2026-10-03,浜名湖,6,5347,1.82,0,0,0,21,B2,,0,113,0,5,0,0.179,10,6.68,0.375,0.2,16.44,0.0223,1,1,23,1.3,v2_lr,0
155132,2026-10-03,浜名湖,1,5169,3.15,7.5,0.0714,0.2143,14,B2,0.17,5,22,12,3.3,0,0.206,10,6.61,1,0.2,32.46,0.5557,3,2,24,27.08,v2_lr,0
155132,2026-10-03,浜名湖,2,3411,3.75,11.2,0.1,0.2,20,B1,0.13,1,57,7,4.4,0,0.186,10,6.62,0.875,0.28,40.16,1,3,2,24,22.38,v2_lr,0
155132,2026-10-03,浜名湖,3,4790,6.27,46.5,0.3333,0.5,36,A1,0.14,16,67,36,3.6,0.2,0.174,10,6.63,0.75,0.02,32.11,0.5355,3,2,24,34.46,v2_lr,1
155132,2026-10-03,浜名湖,4,4940,1.56,0,0,0,4,B2,0.33,1,34,1,3.9,0.2,0.197,10,6.64,0.625,0.31,26.26,0.1979,3,2,24,3.03,v2_lr,0
155132,2026-10-03,浜名湖,5,3813,6.43,45.9,0.2778,0.3889,18,A1,0.15,3,62,16,2.5,0.3,0.128,10,6.69,0,0.19,22.83,0,3,2,24,10.16,v2_lr,0
155132,2026-10-03,浜名湖,6,4403,6.06,46.6,0.1538,0.4615,13,A2,0.15,1,63,5,3.2,0.2,0.143,10,6.67,0.25,0.14,27.72,0.2822,3,2,24,2.88,v2_lr,0
155133,2026-10-03,浜名湖,1,5323,4.35,26.3,0.1,0.275,40,B2,0.2,14,34,20,4.2,0.1,0.097,10,6.7,0,0.21,37.93,0.4364,2,1,23,21.31,v2_lr,0
155133,2026-10-03,浜名湖,2,4179,5.77,36.2,0.25,0.5,12,A2,0.16,12,77,27,3.3,0.2,0.161,10,6.66,0.5714,0.07,34.21,0.1626,2,1,23,31.03,v2_lr,0
155133,2026-10-03,浜名湖,3,4660,4.05,20.4,0.1304,0.2609,23,B1,0.22,4,42,10,4,0.1,0.189,10,6.67,0.4286,0.18,41.44,0.6946,2,1,23,13.91,v2_lr,0
155133,2026-10-03,浜名湖,4,4081,4.16,17.7,0.0256,0.2564,39,B1,0.18,5,75,11,2.9,0.2,0.142,10,6.65,0.7143,0.2,45.59,1,2,1,23,5.22,v2_lr,0
155133,2026-10-03,浜名湖,5,3562,5.79,43.9,0.2692,0.5385,26,A2,0.17,8,70,20,2.3,0.3,0.152,10,6.63,1,0.17,42.4,0.7653,2,1,23,15.25,v2_lr,0
155133,2026-10-03,浜名湖,6,3623,7.5,61.9,0.4074,0.5185,27,A1,0.15,25,75,45,2.4,0.5,0.121,10,6.7,0,0.09,32,0,2,1,23,13.27,v2_lr,1
155134,2026-10-03,浜名湖,1,4058,6.29,46.8,0.1609,0.4483,87,A1,0.17,44,90,65,3,0,0.163,10,6.61,1,0.2,25.56,0,3,2,23,38.76,v2_lr,1
155134,2026-10-03,浜名湖,2,4892,4.86,31.7,0.15,0.4,20,B1,0.17,9,75,33,3.1,0.2,0.205,10,6.73,0,0.11,34.43,0.5277,3,2,23,24.32,v2_lr,0
155134,2026-10-03,浜名湖,3,3828,5.26,31.7,0.129,0.2258,31,B1,0.15,4,64,21,3.6,0.2,0.161,10,6.64,0.75,0.11,29.03,0.2064,3,2,23,19.23,v2_lr,0
155134,2026-10-03,浜名湖,4,3471,3.84,17,0,0.4,5,B1,0.19,2,61,9,3.8,0,0.146,10,6.73,0,0.09,42.37,1,3,2,23,3.8,v2_lr,0
155134,2026-10-03,浜名湖,5,4473,4.84,28.9,0.2273,0.3636,22,B1,0.19,2,45,9,3.1,0.3,0.181,10,6.65,0.6667,0.04,25.64,0.0048,3,2,23,12.49,v2_lr,0
155134,2026-10-03,浜名湖,6,5179,3.83,20.8,0,0,15,B1,0.19,0,48,1,4.8,0,0.173,10,6.66,0.5833,0,31.3,0.3415,3,2,23,1.4,v2_lr,0
155135,2026-10-03,浜名湖,1,3965,6.41,49.5,0.1739,0.4783,23,A1,0.18,44,87,64,2.6,0.4,0.127,10,6.7,0,-0.02,31.58,0.5111,3,2,23,32.35,v2_lr,1
155135,2026-10-03,浜名湖,2,4635,5.56,41.1,0.2,0.2667,30,A2,0.11,5,59,16,3.1,0.3,0.122,10,6.66,0.5,0.01,21.25,0,3,2,23,29.14,v2_lr,0
155135,2026-10-03,浜名湖,3,3156,4.46,26.5,0.0781,0.1875,64,B1,0.18,1,60,14,4.6,0.1,0.181,10,6.65,0.625,0.06,41.46,1,3,2,23,13.95,v2_lr,0
155135,2026-10-03,浜名湖,4,3975,5.97,39.5,0.1875,0.375,16,A2,0.15,7,70,13,3.7,0.3,0.162,10,6.63,0.875,0.04,40.83,0.9688,3,2,23,18.36,v2_lr,0
155135,2026-10-03,浜名湖,5,5270,4.94,30.5,0,0,4,B1,0.16,2,54,6,4.7,0,0.196,10,6.63,0.875,0.15,21.59,0.0168,3,2,23,2.38,v2_lr,0
155135,2026-10-03,浜名湖,6,4118,5.94,42.2,0.1379,0.3448,29,A2,0.15,2,80,9,2.4,0.3,0.133,10,6.62,1,0.29,32.08,0.5359,3,2,23,3.83,v2_lr,0
155136,2026-10-03,浜名湖,1,4627,6.18,46.4,0.2143,0.2857,14,A2,0.11,42,72,54,2.8,0.2,0.121,10,6.58,1,0.17,44.55,0.827,4,2,23,31.06,v2_lr,0
155136,2026-10-03,浜名湖,2,5173,4.94,34.2,0.2857,0.4286,14,B1,0.15,9,62,25,4.5,0.1,0.147,10,6.6,0.8182,0.12,41.38,0.7337,4,2,23,29.82,v2_lr,0
155136,2026-10-03,浜名湖,3,5347,1.82,0,0,0,21,B2,,0,8,0,5,0,0.179,10,6.69,0,0.19,16.44,0,4,2,23,3.47,v2_lr,0
155136,2026-10-03,浜名湖,4,4289,5.73,35.5,0.3636,0.5152,33,A2,0.14,9,72,23,2.7,0.2,0.167,10,6.6,0.8182,0.26,50.43,1,4,2,23,25.14,v2_lr,0
155136,2026-10-03,浜名湖,5,5205,5.49,35.8,0.2208,0.4286,77,A2,0.17,0,62,10,2.8,0.3,0.202,10,6.59,0.9091,0.08,29.59,0.3869,4,2,23,9.9,v2_lr,1
155136,2026-10-03,浜名湖,6,4940,1.56,0,0,0,4,B2,0.33,0,29,2,3.9,0.2,0.197,10,6.69,0,0.05,26.26,0.2889,4,2,23,0.61,v2_lr,0
155137,2026-10-03,浜名湖,1,4951,5.41,31.5,0.2143,0.3571,14,B1,0.15,25,54,34,3.2,0.2,0.163,10,6.66,0.3846,-0.02,22.35,0.2399,3,2,24,38.89,v2_lr,0
155137,2026-10-03,浜名湖,2,3837,6.16,41.5,0.125,0.3125,16,A2,0.17,19,81,45,4,0.2,0.186,10,6.7,0.0769,-0.04,16.18,0,3,2,24,21.51,v2_lr,0
155137,2026-10-03,浜名湖,3,3448,4.61,24.4,0.0625,0.4375,16,B1,0.18,0,56,14,4.7,0,0.178,10,6.58,1,-0.08,39.23,0.8962,3,2,24,16.61,v2_lr,0
155137,2026-10-03,浜名湖,4,4458,5.3,32.1,0,0.1667,30,B1,0.14,6,76,15,3.8,0,0.142,10,6.69,0.1538,-0.14,16.67,0.0191,3,2,24,3.9,v2_lr,0
155137,2026-10-03,浜名湖,5,5323,4.35,26.3,0.1,0.275,40,B2,0.2,3,53,11,4.2,0.1,0.097,10,6.71,0,-0.06,37.93,0.8456,3,2,24,4.3,v2_lr,0
155137,2026-10-03,浜名湖,6,3641,6.32,43.5,0.3333,0.5152,33,A1,0.17,1,63,9,2.8,0.2,0.187,10,6.66,0.3846,-0.02,41.9,1,3,2,24,14.8,v2_lr,1
155138,2026-10-03,浜名湖,1,5269,5.57,37.7,0.2344,0.4063,128,A2,0.17,48,72,58,2.8,0.2,0.106,10,6.63,0.7778,0.13,26.32,0,4,2,24,37.95,v2_lr,1
155138,2026-10-03,浜名湖,2,4081,4.16,17.7,0.0256,0.2564,39,B1,0.18,4,74,20,2.9,0.2,0.142,10,6.64,0.6667,0.13,45.59,1,4,2,24,16.23,v2_lr,0
155138,2026-10-03,浜名湖,3,4491,4.39,20.4,0.1538,0.2308,13,B1,0.19,3,72,17,3.4,0.1,0.186,10,6.64,0.6667,0.07,35.59,0.4811,4,2,24,19.51,v2_lr,0
155138,2026-10-03,浜名湖,4,4084,6.79,48.9,0.2703,0.6486,37,A1,0.17,14,83,31,3,0,0.147,10,6.65,0.5556,0.18,40.48,0.7348,4,2,24,21.55,v2_lr,0
155138,2026-10-03,浜名湖,5,3471,3.84,17,0,0.4,5,B1,0.19,1,57,8,3.8,0,0.146,10,6.7,0,0.17,42.37,0.8329,4,2,24,1.61,v2_lr,0
155138,2026-10-03,浜名湖,6,5140,4.72,25.7,0.093,0.2326,43,B1,0.19,0,44,2,4.6,0,0.195,10,6.61,1,0.07,33.86,0.3913,4,2,24,3.15,v2_lr,0
155139,2026-10-03,浜名湖,1,4120,5.89,43.3,0.1154,0.4231,26,A2,0.15,65,99,82,3.4,0.1,0.144,10,6.61,1,0.07,20.48,0,4,2,24,32.2,v2_lr,1
155139,2026-10-03,浜名湖,2,4473,4.84,28.9,0.2273,0.3636,22,B1,0.19,10,51,19,3.1,0.3,0.181,10,6.64,0.5714,0.1,25.64,0.3573,4,2,24,32.6,v2_lr,0
155139,2026-10-03,浜名湖,3,5169,3.15,7.5,0.0714,0.2143,14,B2,0.17,1,31,2,3.3,0,0.206,10,6.63,0.7143,0.3,32.46,0.8296,4,2,24,11.74,v2_lr,0
155139,2026-10-03,浜名湖,4,5383,2.06,1.1,0,0,26,B1,,0,59,1,4.9,0,0.184,10,6.62,0.8571,0.2,27.84,0.5097,4,2,24,4.3,v2_lr,0
155139,2026-10-03,浜名湖,5,4069,6.2,44.1,0.2609,0.4348,23,A2,0.15,2,75,15,3.8,0.1,0.194,10,6.68,0,0.19,27.08,0.4571,4,2,24,10.15,v2_lr,0
155139,2026-10-03,浜名湖,6,4494,6.98,48.4,0.2609,0.5362,69,A1,0.16,4,77,16,3.6,0.1,0.168,10,6.65,0.4286,0.09,34.92,1,4,2,24,9,v2_lr,0
155140,2026-10-03,浜名湖,1,4403,6.06,46.6,0.1538,0.4615,13,A2,0.15,44,73,57,3.2,0.2,0.143,10,6.65,0.4286,0.17,27.72,0,3,2,23,21.43,v2_lr,0
155140,2026-10-03,浜名湖,2,3562,5.79,43.9,0.2692,0.5385,26,A2,0.17,13,88,40,2.3,0.3,0.152,10,6.61,0.7143,0.35,42.4,0.6464,3,2,23,24.35,v2_lr,0
155140,2026-10-03,浜名湖,3,4289,5.73,35.5,0.3636,0.5152,33,A2,0.14,12,75,30,2.7,0.2,0.167,10,6.61,0.7143,0.08,50.43,1,3,2,23,26.99,v2_lr,0
155140,2026-10-03,浜名湖,4,4790,6.27,46.5,0.3333,0.5,36,A1,0.14,7,75,29,3.6,0.2,0.174,10,6.65,0.4286,0.07,32.11,0.1933,3,2,23,18.3,v2_lr,0
155140,2026-10-03,浜名湖,5,3975,5.97,39.5,0.1875,0.375,16,A2,0.15,0,80,6,3.7,0.3,0.162,10,6.57,1,0.21,40.83,0.5773,3,2,23,7.24,v2_lr,1
155140,2026-10-03,浜名湖,6,4892,4.86,31.7,0.15,0.4,20,B1,0.17,1,49,5,3.1,0.2,0.205,10,6.71,0,0.15,34.43,0.2955,3,2,23,1.7,v2_lr,0
155141,2026-10-03,浜名湖,1,3641,6.32,43.5,0.3333,0.5152,33,A1,0.17,60,95,74,2.8,0.2,0.187,10,6.62,1,0.16,41.9,1,2,1,23,38.49,v2_lr,1
155141,2026-10-03,浜名湖,2,3813,6.43,45.9,0.2778,0.3889,18,A1,0.15,17,82,43,2.5,0.3,0.128,10,6.65,0.4,0.13,22.83,0,2,1,23,30.54,v2_lr,0
155141,2026-10-03,浜名湖,3,4118,5.94,42.2,0.1379,0.3448,29,A2,0.15,13,83,38,2.4,0.3,0.133,10,6.63,0.8,0.11,32.08,0.4851,2,1,23,16.67,v2_lr,0
155141,2026-10-03,浜名湖,4,4660,4.05,20.4,0.1304,0.2609,23,B1,0.22,1,43,4,4,0.1,0.189,10,6.67,0,0.13,41.44,0.9759,2,1,23,7.33,v2_lr,0
155141,2026-10-03,浜名湖,5,3828,5.26,31.7,0.129,0.2258,31,B1,0.15,2,71,9,3.6,0.2,0.161,10,6.64,0.6,0.12,29.03,0.3251,2,1,23,5.23,v2_lr,0
155142,2026-10-03,浜名湖,1,3623,7.5,61.9,0.4074,0.5185,27,A1,0.15,89,118,106,2.4,0.5,0.121,10,6.68,0.2222,0.21,32,0.3391,3,2,23,33.98,v2_lr,0
155142,2026-10-03,浜名湖,2,4084,6.79,48.9,0.2703,0.6486,37,A1,0.17,11,89,39,3,0,0.147,10,6.72,0,0.1,40.48,0.7857,3,2,23,26.21,v2_lr,0
155142,2026-10-03,浜名湖,3,5205,5.49,35.8,0.2208,0.4286,77,A2,0.17,7,66,30,2.8,0.3,0.202,10,6.54,1,0.04,29.59,0.2122,3,2,23,21.53,v2_lr,1
155142,2026-10-03,浜名湖,4,3965,6.41,49.5,0.1739,0.4783,23,A1,0.18,21,85,39,2.6,0.4,0.127,10,6.71,0.0556,0.07,31.58,0.317,3,2,23,8.18,v2_lr,0
155142,2026-10-03,浜名湖,5,4058,6.29,46.8,0.1609,0.4483,87,A1,0.17,2,75,20,3,0,0.163,10,6.63,0.5,0.23,25.56,0,3,2,23,4.56,v2_lr,0
155142,2026-10-03,浜名湖,6,4627,6.18,46.4,0.2143,0.2857,14,A2,0.11,5,55,11,2.8,0.2,0.121,10,6.63,0.5,-0.02,44.55,1,3,2,23,5.54,v2_lr,0
155143,2026-10-03,蒲郡,1,4626,4.59,25.3,0.12,0.36,25,B1,0.22,16,42,24,4.5,0.1,0.16,10,6.57,0.5882,0.03,41.38,0.4851,3,1,22,28.17,v2_lr,1
155143,2026-10-03,蒲郡,2,4416,5.32,29.8,0.2,0.4667,15,B1,0.14,10,75,28,3,0.2,0.173,10,6.5,1,0.13,53.57,0.9884,3,1,22,30.82,v2_lr,0
155143,2026-10-03,蒲郡,3,4245,4.8,29,0.0968,0.2258,31,B1,0.21,5,77,24,2.8,0.3,0.185,10,6.57,0.5882,0.18,53.85,1,3,1,22,12.93,v2_lr,0
155143,2026-10-03,蒲郡,4,4413,5.9,36.3,0.3529,0.4706,17,A2,0.18,7,76,20,2.6,0.3,0.168,10,6.65,0.1176,0.02,44.83,0.6276,3,1,22,25.14,v2_lr,0
155143,2026-10-03,蒲郡,5,3441,4.68,25.4,0.0435,0.1304,23,B1,0.19,1,72,11,4.8,0,0.177,10,6.67,0,0.07,29.63,0,3,1,22,1.91,v2_lr,0
155143,2026-10-03,蒲郡,6,4979,5.06,29.8,0.0476,0.1905,21,B1,0.16,1,53,5,4.8,0.1,0.151,10,6.67,0,0.35,51.85,0.9174,3,1,22,1.03,v2_lr,0
155144,2026-10-03,蒲郡,1,4811,4.53,24.1,0.1333,0.2667,15,B1,0.16,23,60,33,3.5,0.2,0.13,10,6.57,0.9375,-0.09,26.92,0.1061,3,1,24,25.14,v2_lr,1
155144,2026-10-03,蒲郡,2,4652,4.67,30.4,0.25,0.45,20,B1,0.13,10,70,32,2.7,0.2,0.111,10,6.72,0,0.18,26.47,0.0898,3,1,24,20.89,v2_lr,0
155144,2026-10-03,蒲郡,3,3327,6.03,44.4,0.2,0.3778,45,A2,0.18,7,69,18,3.4,0.2,0.198,10,6.59,0.8125,-0.02,51.52,1,3,1,24,19.72,v2_lr,0
155144,2026-10-03,蒲郡,4,3563,5.03,30.9,0.2571,0.3714,35,B1,0.14,9,77,29,3.6,0.2,0.148,10,6.65,0.4375,-0.02,24,0,3,1,24,13.99,v2_lr,0
155144,2026-10-03,蒲郡,5,3442,5.03,22.9,0,0,7,B1,0.17,1,66,7,4.4,0,0.162,10,6.6,0.75,-0.02,26.47,0.0898,3,1,24,1.98,v2_lr,0
155144,2026-10-03,蒲郡,6,3557,6.64,47.1,0.4211,0.5789,38,A1,0.13,7,93,20,3.1,0.3,0.182,10,6.56,1,-0.11,32.14,0.2958,3,1,24,18.28,v2_lr,0
155145,2026-10-03,蒲郡,1,5321,5.23,37.5,0.1167,0.35,60,B1,0.25,14,39,20,3.8,0,0.243,10,6.54,1,0.09,44.44,1,3,1,24,33.29,v2_lr,1
155145,2026-10-03,蒲郡,2,4036,6.32,45,0.2727,0.5,22,A1,0.16,13,68,29,2.9,0.2,0.128,10,6.59,0.5455,0.09,33.33,0.4285,3,1,24,35.31,v2_lr,0
155145,2026-10-03,蒲郡,3,4822,5.69,39,0.1667,0.3333,6,A2,0.16,7,79,31,3.2,0.2,0.156,10,6.59,0.5455,-0.03,30.77,0.2968,3,1,24,19.95,v2_lr,0
155145,2026-10-03,蒲郡,4,5000,4.69,26.6,0.0435,0.1304,23,B1,0.11,5,68,10,3.8,0.1,0.129,10,6.58,0.6364,0.02,35.71,0.5509,3,1,24,6.28,v2_lr,0
155145,2026-10-03,蒲郡,5,3708,4.91,25.8,0.0625,0.25,16,B1,0.17,3,70,10,3.3,0.2,0.133,10,6.59,0.5455,-0.04,30.77,0.2968,3,1,24,3.82,v2_lr,0
155145,2026-10-03,蒲郡,6,4521,4.64,25.4,0.0667,0.1333,15,B1,0.18,1,64,6,4.1,0,0.168,10,6.65,0,0.03,25,0,3,1,24,1.35,v2_lr,0
155146,2026-10-03,蒲郡,1,4486,5.56,43.7,0.1818,0.5,22,A2,0.17,41,73,57,3.1,0.2,0.144,10,6.62,0.3571,0.15,30.43,0.1632,3,1,24,24.44,v2_lr,1
155146,2026-10-03,蒲郡,2,4423,4.89,29.2,0.125,0.1875,16,B1,0.18,7,77,31,3.8,0.3,0.156,10,6.57,0.7143,0.01,29.63,0.1421,3,1,24,18.4,v2_lr,0
155146,2026-10-03,蒲郡,3,4535,6.19,43.2,0.5,0.5,6,A2,0.16,11,53,33,3,0.4,0.149,10,6.58,0.6429,-0.01,24.24,0,3,1,24,32.3,v2_lr,0
155146,2026-10-03,蒲郡,4,4674,5.35,32.3,0.1176,0.1765,17,B1,0.16,8,74,28,3.8,0,0.132,10,6.58,0.6429,0.11,25,0.02,3,1,24,6.82,v2_lr,0
155146,2026-10-03,蒲郡,5,4512,6.72,50,0.3333,0.6042,48,A1,0.14,7,84,18,2.3,0.3,0.152,10,6.67,0,0.06,24.24,0,3,1,24,11.47,v2_lr,0
155146,2026-10-03,蒲郡,6,3912,5.35,34.2,0.22,0.44,50,B1,0.14,2,81,6,2.7,0.2,0.118,10,6.53,1,0.05,62.16,1,3,1,24,6.57,v2_lr,0
155147,2026-10-03,蒲郡,1,4850,6.22,41.6,0.2653,0.5918,49,A2,0.11,63,88,79,3.4,0.2,0.097,10,6.51,0.6364,0.09,48.48,0.8871,2,1,23,33.48,v2_lr,1
155147,2026-10-03,蒲郡,2,4434,6.14,45.8,0.1667,0.3333,6,A2,0.15,22,83,41,3.3,0.2,0.188,10,6.6,0.2273,0.31,51.28,1,2,1,23,19.88,v2_lr,0
155147,2026-10-03,蒲郡,3,4060,4.92,35.1,0.3529,0.5294,17,B1,0.16,10,69,24,3.6,0.2,0.143,10,6.64,0.0455,0.08,33.33,0.2765,2,1,23,25.98,v2_lr,0
155147,2026-10-03,蒲郡,4,5008,4.68,26.5,0.1333,0.2,15,B1,0.16,8,68,15,3.9,0.1,0.137,10,6.65,0,0.14,33.33,0.2765,2,1,23,6,v2_lr,0
155147,2026-10-03,蒲郡,5,4418,8.09,52.2,0.3125,0.5625,16,A1,0.12,8,58,23,2.7,0.3,0.118,10,6.59,0.2727,0.07,26.47,0,2,1,23,13.48,v2_lr,0
155147,2026-10-03,蒲郡,6,4692,4.94,34.9,0,0.3333,6,B1,0.14,11,61,16,4.2,0,0.19,10,6.43,1,0.06,34.29,0.3152,2,1,23,1.17,v2_lr,0
155148,2026-10-03,蒲郡,1,4771,7.11,60.9,0.2222,0.4444,18,A1,0.15,91,116,102,3.4,0.2,0.148,10,6.65,1,-0.12,35.71,0.2248,3,1,23,27.85,v2_lr,1
155148,2026-10-03,蒲郡,2,4863,4.95,25.3,0,0.2,10,B1,0.15,2,51,13,5.2,0,0.218,10,6.68,0.7,0.04,36.36,0.2406,3,1,23,9.54,v2_lr,0
155148,2026-10-03,蒲郡,3,4933,6.26,37.6,0.5294,0.5294,17,A2,0.13,16,63,35,3,0.4,0.128,10,6.69,0.6,-0.01,37.93,0.2788,3,1,23,30.31,v2_lr,0
155148,2026-10-03,蒲郡,4,4652,4.67,30.4,0.25,0.45,20,B1,0.13,10,72,24,2.7,0.2,0.111,10,6.75,0,-0.1,26.47,0,3,1,23,11.17,v2_lr,0
155148,2026-10-03,蒲郡,5,3796,5.24,35.7,0.2,0.4,25,B1,0.18,4,71,11,3.7,0.2,0.147,10,6.67,0.8,0.17,67.57,1,3,1,23,7.55,v2_lr,0
155148,2026-10-03,蒲郡,6,4471,6.99,52.1,0.3846,0.6154,13,A1,0.14,4,73,17,2.8,0.2,0.182,10,6.65,1,0.08,34.29,0.1903,3,1,23,13.58,v2_lr,0
155149,2026-10-03,蒲郡,1,4475,6.38,44.8,0.1111,0.2778,36,A1,0.17,60,96,81,3.5,0,0.19,10,6.69,1,-0.17,50,0.826,3,1,23,35.16,v2_lr,1
155149,2026-10-03,蒲郡,2,4973,5.03,31.7,0.1176,0.2941,34,B1,0.16,3,73,20,4.4,0,0.211,10,6.76,0,-0.01,48.28,0.7563,3,1,23,20.23,v2_lr,0
155149,2026-10-03,蒲郡,3,4308,6.75,46,0.2632,0.4912,57,A1,0.17,12,76,34,3,0.1,0.15,10,6.75,0.1429,-0.02,29.63,0,3,1,23,25.72,v2_lr,0
155149,2026-10-03,蒲郡,4,4463,5.96,42.5,0.125,0.3125,16,A2,0.16,8,78,19,2.9,0.3,0.152,10,6.75,0.1429,-0.08,39.39,0.3958,3,1,23,8.85,v2_lr,0
155149,2026-10-03,蒲郡,5,4273,4.96,26.6,0.1471,0.2059,34,B1,0.18,0,68,9,3.9,0.1,0.2,10,6.74,0.2857,-0.07,54.29,1,3,1,23,7.23,v2_lr,0
155149,2026-10-03,蒲郡,6,5033,4.52,25,0.08,0.16,25,B1,0.16,1,55,3,4.4,0.1,0.17,10,6.72,0.5714,-0.1,52.78,0.9388,3,1,23,2.81,v2_lr,0
155150,2026-10-03,蒲郡,1,3327,6.03,44.4,0.2,0.3778,45,A2,0.18,46,78,59,3.4,0.2,0.198,10,6.71,1,-0.02,51.52,0.7426,2,1,23,45.23,v2_lr,1
155150,2026-10-03,蒲郡,2,4674,5.35,32.3,0.1176,0.1765,17,B1,0.16,8,70,22,3.8,0,0.132,10,6.74,0.625,0.02,25,0,2,1,23,26.26,v2_lr,0
155150,2026-10-03,蒲郡,3,4979,5.06,29.8,0.0476,0.1905,21,B1,0.16,4,63,18,4.8,0.1,0.151,10,6.78,0.125,-0.07,51.85,0.7519,2,1,23,11.29,v2_lr,0
155150,2026-10-03,蒲郡,4,4835,4.95,21.8,0,0.2,5,B1,0.14,2,72,14,4.2,0,0.149,10,6.79,0,-0.11,60.71,1,2,1,23,4.88,v2_lr,0
155150,2026-10-03,蒲郡,5,4593,5.89,34.8,0.0714,0.2857,14,A2,0.15,1,70,10,4.2,0.1,0.176,10,6.75,0.5,-0.08,44.44,0.5444,2,1,23,5.2,v2_lr,0
155150,2026-10-03,蒲郡,6,4102,6.59,51.5,0.2222,0.4444,18,A1,0.15,2,76,8,3,0.2,0.15,10,6.75,0.5,-0.03,32.14,0.1999,2,1,23,7.14,v2_lr,0
155151,2026-10-03,蒲郡,1,3557,6.64,47.1,0.4211,0.5789,38,A1,0.13,82,133,118,3.1,0.3,0.182,10,6.68,0.8,0.02,32.14,0.2693,3,1,23,26.84,v2_lr,1
155151,2026-10-03,蒲郡,2,4512,6.72,50,0.3333,0.6042,48,A1,0.14,21,90,61,2.3,0.3,0.152,10,6.77,0.2,0.02,24.24,0,3,1,23,22.53,v2_lr,0
155151,2026-10-03,蒲郡,3,4850,6.22,41.6,0.2653,0.5918,49,A2,0.11,15,73,35,3.4,0.2,0.097,10,6.76,0.2667,0.05,48.48,0.8265,3,1,23,17.02,v2_lr,0
155151,2026-10-03,蒲郡,4,4535,6.19,43.2,0.5,0.5,6,A2,0.16,9,48,23,3,0.4,0.149,10,6.72,0.5333,0.02,24.24,0,3,1,23,23.4,v2_lr,0
155151,2026-10-03,蒲郡,5,4416,5.32,29.8,0.2,0.4667,15,B1,0.14,3,74,10,3,0.2,0.173,10,6.65,1,-0.02,53.57,1,3,1,23,8.28,v2_lr,0
155151,2026-10-03,蒲郡,6,4822,5.69,39,0.1667,0.3333,6,A2,0.16,1,75,3,3.2,0.2,0.156,10,6.8,0,0,30.77,0.2226,3,1,23,1.92,v2_lr,0
155152,2026-10-03,蒲郡,1,3912,5.35,34.2,0.22,0.44,50,B1,0.14,59,85,71,2.7,0.2,0.118,10,6.61,1,0.12,62.16,1,2,1,23,30.59,v2_lr,1
155152,2026-10-03,蒲郡,2,4418,8.09,52.2,0.3125,0.5625,16,A1,0.12,16,67,37,2.7,0.3,0.118,10,6.68,0.5333,0.12,26.47,0,2,1,23,29.2,v2_lr,0
155152,2026-10-03,蒲郡,3,4413,5.9,36.3,0.3529,0.4706,17,A2,0.18,10,86,31,2.6,0.3,0.168,10,6.76,0,0.15,44.83,0.5144,2,1,23,24.86,v2_lr,0
155152,2026-10-03,蒲郡,4,4811,4.53,24.1,0.1333,0.2667,15,B1,0.16,9,73,19,3.5,0.2,0.13,10,6.69,0.4667,0.14,26.92,0.0126,2,1,23,6.67,v2_lr,0
155152,2026-10-03,蒲郡,5,4771,7.11,60.9,0.2222,0.4444,18,A1,0.15,5,75,19,3.4,0.2,0.148,10,6.76,0,-0.06,35.71,0.2589,2,1,23,6.62,v2_lr,0
155152,2026-10-03,蒲郡,6,5321,5.23,37.5,0.1167,0.35,60,B1,0.25,0,59,8,3.8,0,0.243,10,6.7,0.4,0.03,44.44,0.5035,2,1,23,2.06,v2_lr,0
155153,2026-10-03,蒲郡,1,4471,6.99,52.1,0.3846,0.6154,13,A1,0.14,95,113,106,2.8,0.2,0.182,10,6.69,0.8333,-0.15,34.29,0.1648,2,1,23,34.76,v2_lr,1
155153,2026-10-03,蒲郡,2,4475,6.38,44.8,0.1111,0.2778,36,A1,0.17,10,81,36,3.5,0,0.19,10,6.67,1,-0.23,50,0.8356,2,1,23,23.27,v2_lr,0
155153,2026-10-03,蒲郡,3,4036,6.32,45,0.2727,0.5,22,A1,0.16,15,85,37,2.9,0.2,0.128,10,6.75,0.3333,0.05,33.33,0.1238,2,1,23,21.54,v2_lr,0
155153,2026-10-03,蒲郡,4,4245,4.8,29,0.0968,0.2258,31,B1,0.21,4,69,12,2.8,0.3,0.185,10,6.72,0.5833,0.03,53.85,1,2,1,23,7.52,v2_lr,0
155153,2026-10-03,蒲郡,5,4486,5.56,43.7,0.1818,0.5,22,A2,0.17,4,72,22,3.1,0.2,0.144,10,6.79,0,0.26,30.43,0,2,1,23,3.76,v2_lr,0
155153,2026-10-03,蒲郡,6,4060,4.92,35.1,0.3529,0.5294,17,B1,0.16,3,53,6,3.6,0.2,0.143,10,6.78,0.0833,-0.08,33.33,0.1238,2,1,23,9.14,v2_lr,0
155154,2026-10-03,蒲郡,1,4308,6.75,46,0.2632,0.4912,57,A1,0.17,80,107,89,3,0.1,0.15,10,6.7,0.875,0,29.63,0,3,1,22,31.99,v2_lr,1
155154,2026-10-03,蒲郡,2,5000,4.69,26.6,0.0435,0.1304,23,B1,0.11,5,73,22,3.8,0.1,0.129,10,6.69,1,0,35.71,0.2808,3,1,22,15.2,v2_lr,0
155154,2026-10-03,蒲郡,3,4102,6.59,51.5,0.2222,0.4444,18,A1,0.15,18,87,43,3,0.2,0.15,10,6.77,0,-0.1,32.14,0.1159,3,1,22,17.1,v2_lr,0
155154,2026-10-03,蒲郡,4,4423,4.89,29.2,0.125,0.1875,16,B1,0.18,12,73,27,3.8,0.3,0.156,10,6.71,0.75,0.06,29.63,0,3,1,22,7.96,v2_lr,0
155154,2026-10-03,蒲郡,5,4434,6.14,45.8,0.1667,0.3333,6,A2,0.15,1,67,14,3.3,0.2,0.188,10,6.75,0.25,0.15,51.28,1,3,1,22,5.45,v2_lr,0
155154,2026-10-03,蒲郡,6,4933,6.26,37.6,0.5294,0.5294,17,A2,0.13,2,57,10,3,0.4,0.128,10,6.76,0.125,0.01,37.93,0.3834,3,1,22,22.3,v2_lr,0
155155,2026-10-03,津,1,4360,5.87,37.7,0.05,0.15,20,A2,0.21,32,66,41,4.1,0.2,0.15,10,6.7,0.5,0.07,37.11,0.662,0,0,24,40.8,v2_lr,1
155155,2026-10-03,津,2,3605,4.19,22.3,0.0725,0.2754,69,B1,0.18,3,61,17,3.8,0,0.177,10,6.78,0,0.21,40.94,1,0,0,24,24.55,v2_lr,0
155155,2026-10-03,津,3,5315,2.53,8.3,0,0,4,B2,0.22,2,43,4,5,0,0.183,10,6.62,1,0.26,37.8,0.7229,0,0,24,13.39,v2_lr,0
155155,2026-10-03,津,4,4380,4.59,26.6,0.0625,0.25,16,B1,0.14,7,69,11,3.1,0.1,0.159,10,6.69,0.5625,0.13,40.46,0.9576,0,0,24,11.41,v2_lr,0
155155,2026-10-03,津,5,5456,0,0,0,0,4,B2,,0,14,0,5.1,0,0.14,10,6.69,0.5625,0.3,29.61,0,0,0,24,2.13,v2_lr,0
155155,2026-10-03,津,6,3445,4.96,21.7,0.2105,0.4211,19,B1,0.23,4,44,7,3.3,0.1,0.169,10,6.74,0.25,0.11,31.07,0.1289,0,0,24,7.72,v2_lr,0
155156,2026-10-03,津,1,4457,4.69,24.4,0,0,4,B1,0.17,18,49,25,4.2,0.2,0.201,10,6.7,0.5714,-0.09,42.29,0.8031,2,1,22,32.41,v2_lr,0
155156,2026-10-03,津,2,4176,3.17,10.4,0,0.0833,12,B2,0.19,5,50,13,4.9,0,0.172,10,6.78,0,0.05,34.32,0.2675,2,1,22,13.58,v2_lr,0
155156,2026-10-03,津,3,5208,4.38,24.4,0.25,0.25,4,B1,0.14,4,69,13,4.4,0.1,0.201,10,6.72,0.4286,-0.05,30.34,0,2,1,22,37.44,v2_lr,0
155156,2026-10-03,津,4,4200,4.43,23.6,0,0.0769,13,B1,0.21,1,79,10,2.9,0.1,0.163,10,6.64,1,-0.02,37.65,0.4913,2,1,22,8.39,v2_lr,1
155156,2026-10-03,津,5,5266,4.88,29.6,0.1,0.2333,30,B1,0.16,5,59,9,3.7,0.1,0.168,10,6.74,0.2857,0.12,35.25,0.33,2,1,22,5.58,v2_lr,0
155156,2026-10-03,津,6,5103,3.45,14.2,0,0.0909,11,B2,0.17,1,52,2,3.9,0.1,0.215,10,6.65,0.9286,-0.04,45.22,1,2,1,22,2.6,v2_lr,0
155157,2026-10-03,津,1,3891,3.28,9.8,0.0909,0.1818,22,B1,0.16,14,53,20,5.3,0,0.192,10,6.8,0.625,0.18,22.81,0,3,2,22,33.04,v2_lr,1
155157,2026-10-03,津,2,4394,5.88,42.2,0,0.4545,11,A2,0.14,9,59,23,3,0.2,0.11,10,6.79,0.75,0.01,24.03,0.0733,3,2,22,17.03,v2_lr,0
155157,2026-10-03,津,3,3454,5.36,31.8,0.0435,0.1304,23,B1,0.15,6,61,23,3.1,0.2,0.158,10,6.79,0.75,0.02,32.16,0.5616,3,2,22,15.25,v2_lr,0
155157,2026-10-03,津,4,4727,4.26,23.6,0.0833,0.3333,12,B1,0.15,5,70,16,3.2,0.2,0.167,10,6.84,0.125,0.08,31.67,0.5321,3,2,22,7.63,v2_lr,0
155157,2026-10-03,津,5,3304,6.39,45.2,0.2308,0.4231,26,A1,0.19,6,72,15,3.5,0.3,0.147,10,6.85,0,0.04,26.67,0.2318,3,2,22,11.34,v2_lr,0
155157,2026-10-03,津,6,4808,5.55,31,0.2564,0.4786,117,A2,0.15,3,76,8,2.3,0.4,0.133,10,6.77,1,-0.07,39.46,1,3,2,22,15.72,v2_lr,0
155158,2026-10-03,津,1,4054,4.77,33,0,0.0909,11,B1,0.13,24,56,32,4.6,0,0.202,10,6.81,0.8571,-0.01,42.77,1,3,2,22,20.93,v2_lr,0
155158,2026-10-03,津,2,3550,5.32,36.9,0.2308,0.4103,39,B1,0.17,11,87,37,4.2,0,0.185,10,6.8,1,0.13,37.57,0.7125,3,2,22,30.88,v2_lr,0
155158,2026-10-03,津,3,3743,6.36,51.4,0.1429,0.2143,14,A1,0.13,16,72,31,2.8,0.3,0.153,10,6.8,1,-0.05,27.6,0.1614,3,2,22,18.52,v2_lr,1
155158,2026-10-03,津,4,4402,5.51,38.4,0.2308,0.3077,13,A2,0.16,10,63,23,3.3,0.1,0.156,10,6.81,0.8571,0.03,31.82,0.3947,3,2,22,17.91,v2_lr,0
155158,2026-10-03,津,5,4903,7.07,56.4,0.1613,0.4516,31,A1,0.18,10,68,27,2.9,0.3,0.144,10,6.87,0,-0.01,24.68,0,3,2,22,4.8,v2_lr,0
155158,2026-10-03,津,6,4094,4.17,24.3,0.2609,0.3913,23,B1,0.19,0,54,2,4,0.1,0.204,10,6.82,0.7143,0.15,30.77,0.3367,3,2,22,6.96,v2_lr,0
155159,2026-10-03,津,1,4215,5.7,36.3,0.1852,0.3704,27,A2,0.17,59,96,70,2.7,0.2,0.189,10,6.8,0.2,0.03,40.45,1,3,2,23,39.94,v2_lr,1
155159,2026-10-03,津,2,3712,4.52,26.1,0.1333,0.3333,75,B1,0.16,3,64,16,3.9,0.1,0.161,10,6.82,0,0.04,28.14,0.3119,3,2,23,22.84,v2_lr,0
155159,2026-10-03,津,3,5011,3.76,16,0.1667,0.5,6,B1,0.14,0,51,8,3.6,0.1,0.15,10,6.74,0.8,0.06,36.91,0.8021,3,2,23,24.87,v2_lr,0
155159,2026-10-03,津,4,4336,4.95,31.6,0.125,0.3125,16,B1,0.14,7,72,18,3.3,0,0.116,10,6.82,0,0.25,22.56,0,3,2,23,6.84,v2_lr,0
155159,2026-10-03,津,5,5315,2.53,8.3,0,0,4,B2,0.22,1,62,3,5,0,0.183,10,6.73,0.9,-0.06,37.8,0.8519,3,2,23,3.56,v2_lr,0
155159,2026-10-03,津,6,5441,3.67,16.4,0,0.2,10,B1,,5,78,12,4.2,0,0.201,10,6.72,1,-0.09,30.16,0.4248,3,2,23,1.95,v2_lr,0
155160,2026-10-03,津,1,5266,4.88,29.6,0.1,0.2333,30,B1,0.16,14,45,21,3.7,0.1,0.168,10,6.82,0.3636,0.16,35.25,1,3,2,23,30.98,v2_lr,0
155160,2026-10-03,津,2,4073,6.34,48,0.1481,0.4444,27,A1,0.14,13,89,42,3,0.2,0.162,10,6.79,0.6364,0.14,29.11,0.2567,3,2,23,27.57,v2_lr,0
155160,2026-10-03,津,3,4578,5.74,46.6,0.2857,0.5714,42,A2,0.18,14,73,31,3.4,0.1,0.176,10,6.84,0.1818,0.06,26.99,0,3,2,23,28.94,v2_lr,1
155160,2026-10-03,津,4,5456,0,0,0,0,4,B2,,0,5,1,5.1,0,0.14,10,6.75,1,0.04,29.61,0.3172,3,2,23,4.55,v2_lr,0
155160,2026-10-03,津,5,3647,3.66,12.6,0.0345,0.2414,29,B1,0.19,1,73,5,3.3,0.2,0.139,10,6.86,0,0.02,29.33,0.2833,3,2,23,2.38,v2_lr,0
155160,2026-10-03,津,6,3931,5.7,37.9,0.1702,0.3617,47,A2,0.16,2,71,7,2.3,0.3,0.165,10,6.8,0.5455,-0.01,33.54,0.793,3,2,23,5.58,v2_lr,0
155161,2026-10-03,津,1,4022,3.95,19.1,0,0,12,B1,0.15,25,59,34,3.9,0.1,0.158,10,6.74,0.7778,-0.01,31.06,0.281,3,2,23,24.69,v2_lr,0
155161,2026-10-03,津,2,3304,6.39,45.2,0.2308,0.4231,26,A1,0.19,10,85,37,3.5,0.3,0.147,10,6.78,0.3333,-0.07,26.67,0,3,2,23,36.63,v2_lr,1
155161,2026-10-03,津,4,3811,6.33,51.2,0.1111,0.1667,18,A1,0.16,9,70,28,4.3,0,0.195,10,6.75,0.6667,0.08,38.24,0.7407,3,2,23,11.68,v2_lr,0
155161,2026-10-03,津,5,4457,4.69,24.4,0,0,4,B1,0.17,2,57,10,4.2,0.2,0.201,10,6.81,0,0.1,42.29,1,3,2,23,2.21,v2_lr,0
155161,2026-10-03,津,6,4358,4.2,27,0.1446,0.3373,83,B1,0.2,0,55,1,3.3,0.2,0.196,10,6.72,1,0.08,27.1,0.0275,3,2,23,4.55,v2_lr,0
155162,2026-10-03,津,1,4711,5.91,41.8,0,0.1429,14,A2,0.17,29,66,50,3.1,0.1,0.125,10,6.79,0.625,0.09,30.39,0.2091,3,2,23,24.7,v2_lr,0
155162,2026-10-03,津,2,3743,6.36,51.4,0.1429,0.2143,14,A1,0.13,12,73,30,2.8,0.3,0.153,10,6.81,0.375,0.13,27.6,0,3,2,23,27.89,v2_lr,0
155162,2026-10-03,津,3,4176,3.17,10.4,0,0.0833,12,B2,0.19,2,50,8,4.9,0,0.172,10,6.84,0,0.19,34.32,0.5037,3,2,23,6.48,v2_lr,0
155162,2026-10-03,津,4,3605,4.19,22.3,0.0725,0.2754,69,B1,0.18,2,50,10,3.8,0,0.177,10,6.83,0.125,0.19,40.94,1,3,2,23,7.17,v2_lr,0
155162,2026-10-03,津,5,4350,7.56,55.3,0.3571,0.5714,14,A1,0.12,7,72,23,1.5,0.6,0.126,10,6.76,1,0.2,32.04,0.3328,3,2,23,30.62,v2_lr,1
155162,2026-10-03,津,6,4625,4.82,31.6,0.1316,0.3684,38,B1,0.2,0,44,3,3.2,0.2,0.127,10,6.81,0.375,0.13,27.61,0.0007,3,2,23,3.14,v2_lr,0
155163,2026-10-03,津,1,4861,5.59,37.8,0.0833,0.3333,12,A2,0.16,34,64,48,3.1,0.1,0.154,10,6.7,1,0.01,33.15,0.5371,3,2,23,35.14,v2_lr,1
155163,2026-10-03,津,2,4903,7.07,56.4,0.1613,0.4516,31,A1,0.18,27,85,46,2.9,0.3,0.144,10,6.79,0.5909,0.17,24.68,0,3,2,23,28.5,v2_lr,0
155163,2026-10-03,津,3,4215,5.7,36.3,0.1852,0.3704,27,A2,0.17,18,84,32,2.7,0.2,0.189,10,6.8,0.5455,0.35,40.45,1,3,2,23,23.23,v2_lr,0
155163,2026-10-03,津,4,4360,5.87,37.7,0.05,0.15,20,A2,0.21,7,70,15,4.1,0.2,0.15,10,6.75,0.7727,0.1,37.11,0.7882,3,2,23,8.45,v2_lr,0
155163,2026-10-03,津,5,4200,4.43,23.6,0,0.0769,13,B1,0.21,2,71,7,2.9,0.1,0.163,10,6.76,0.7273,0.12,37.65,0.8224,3,2,23,3.02,v2_lr,0
155163,2026-10-03,津,6,4727,4.26,23.6,0.0833,0.3333,12,B1,0.15,0,50,1,3.2,0.2,0.167,10,6.92,0,0.19,31.67,0.4432,3,2,23,1.66,v2_lr,0
155164,2026-10-03,津,1,4002,6.39,44.8,0.2069,0.4483,29,A1,0.14,67,94,81,2.8,0.2,0.167,10,6.74,0.9,-0.04,28.57,0.358,2,1,24,32.83,v2_lr,0
155164,2026-10-03,津,2,3931,5.7,37.9,0.1702,0.3617,47,A2,0.16,6,54,24,2.3,0.3,0.165,10,6.72,1,0.07,33.54,0.75,2,1,24,26.52,v2_lr,1
155164,2026-10-03,津,3,4394,5.88,42.2,0,0.4545,11,A2,0.14,8,61,27,3,0.2,0.11,10,6.92,0,-0.06,24.03,0,2,1,24,4.8,v2_lr,0
155164,2026-10-03,津,4,4040,6.06,43.3,0.3333,0.4167,12,A2,0.14,14,91,26,3,0.3,0.152,10,6.74,0.9,0.01,36.71,1,2,1,24,26.76,v2_lr,0
155164,2026-10-03,津,5,5441,3.67,16.4,0,0.2,10,B1,,1,43,8,4.2,0,0.201,10,6.72,1,0.05,30.16,0.4834,2,1,24,2.46,v2_lr,0
155164,2026-10-03,津,6,5208,4.38,24.4,0.25,0.25,4,B1,0.14,1,54,4,4.4,0.1,0.201,10,6.79,0.65,0.1,30.34,0.4976,2,1,24,6.63,v2_lr,0
155165,2026-10-03,津,1,4096,6.32,48.5,0.375,0.5,24,A1,0.18,75,95,83,2.5,0.4,0.16,10,6.74,0.7273,0.1,31.58,0.191,3,2,24,35.31,v2_lr,1
155165,2026-10-03,津,2,4402,5.51,38.4,0.2308,0.3077,13,A2,0.16,4,64,22,3.3,0.1,0.156,10,6.8,0.1818,0.39,31.82,0.2043,3,2,24,21.85,v2_lr,0
155165,2026-10-03,津,3,4808,5.55,31,0.2564,0.4786,117,A2,0.15,13,75,31,2.3,0.4,0.133,10,6.71,1,0.16,39.46,0.6285,3,2,24,25.09,v2_lr,0
155165,2026-10-03,津,4,3445,4.96,21.7,0.2105,0.4211,19,B1,0.23,2,51,8,3.3,0.1,0.169,10,6.76,0.5455,0.04,31.07,0.1627,3,2,24,13.25,v2_lr,0
155165,2026-10-03,津,5,3712,4.52,26.1,0.1333,0.3333,75,B1,0.16,1,57,11,3.9,0.1,0.161,10,6.82,0,-0.01,28.14,0,3,2,24,3.48,v2_lr,0
155165,2026-10-03,津,6,4509,5.81,33.3,0,0,5,A2,0.18,0,76,4,3.1,0.1,0.225,10,6.78,0.3636,0.16,46.15,1,3,2,24,1.02,v2_lr,0
155166,2026-10-03,津,1,4350,7.56,55.3,0.3571,0.5714,14,A1,0.12,96,123,108,1.5,0.6,0.126,10,6.73,1,0.03,32.04,0.3104,3,2,24,35.93,v2_lr,1
155166,2026-10-03,津,2,4049,6.11,40,0.2778,0.4889,90,A2,0.17,11,84,39,3.1,0.3,0.16,10,6.81,0,0.08,38.55,1,3,2,24,28.35,v2_lr,0
155166,2026-10-03,津,3,4073,6.34,48,0.1481,0.4444,27,A1,0.14,14,82,46,3,0.2,0.162,10,6.79,0.25,0.03,29.11,0,3,2,24,12.62,v2_lr,0
155166,2026-10-03,津,4,4094,4.17,24.3,0.2609,0.3913,23,B1,0.19,3,63,10,4,0.1,0.204,10,6.8,0.125,0.13,30.77,0.1758,3,2,24,13.21,v2_lr,0
155166,2026-10-03,津,5,4319,5.69,39.8,0.1429,0.4286,21,A2,0.19,4,90,17,2.9,0.4,0.157,10,6.78,0.375,0.04,36.02,0.732,3,2,24,5.24,v2_lr,0
155166,2026-10-03,津,6,5011,3.76,16,0.1667,0.5,6,B1,0.14,0,39,1,3.6,0.1,0.15,10,6.73,1,0.06,36.91,0.8263,3,2,24,4.65,v2_lr,0
155167,2026-10-03,琵琶湖,1,3850,5.03,32.7,0.1,0.3,10,B1,0.15,30,58,41,3.3,0.3,0.133,10,6.76,0,0.08,31.3,0.184,1,1,22,38.08,v2_lr,1
155167,2026-10-03,琵琶湖,2,5147,4.09,23.8,,,0,B1,0.16,1,43,6,4.2,0.1,0.18,10,6.7,0.4286,0.07,38.18,0.5722,1,1,22,40.43,v2_lr,0
155167,2026-10-03,琵琶湖,3,3922,3.93,18.6,0,0.0526,19,B1,0.19,6,79,15,4.1,0.1,0.173,10,6.75,0.0714,-0.01,28.04,0,1,1,22,9.09,v2_lr,0
155167,2026-10-03,琵琶湖,4,3370,3.73,16.8,0,0.0667,15,B1,0.21,1,58,6,3.1,0.1,0.233,10,6.62,1,0.17,45.76,1,1,1,22,8.83,v2_lr,0
155167,2026-10-03,琵琶湖,5,5400,1.82,1.3,0,0.0139,72,B2,,1,60,2,4.2,0.1,0.135,10,6.76,0,0.19,42.24,0.8014,1,1,22,2.37,v2_lr,0
155167,2026-10-03,琵琶湖,6,5403,1.91,0,0,0,7,B2,,0,107,3,4.2,0.1,0.129,10,6.72,0.2857,0.4,38.6,0.5959,1,1,22,1.2,v2_lr,0
155168,2026-10-03,琵琶湖,1,4740,4.84,28.2,0,0.1,10,B1,0.14,22,52,30,4.4,0.1,0.187,10,6.72,0.75,0.19,27,0.1419,1,1,23,18.87,v2_lr,0
155168,2026-10-03,琵琶湖,2,4305,7.25,58.6,0.3056,0.5556,36,A1,0.13,20,65,40,4.4,0,0.134,10,6.71,1,0.07,31.9,1,1,1,23,39.18,v2_lr,1
155168,2026-10-03,琵琶湖,3,4079,5.6,35.7,0.2,0.5,10,A2,0.19,18,81,43,3.3,0.2,0.143,10,6.71,1,0.09,26.19,0,1,1,23,24.06,v2_lr,0
155168,2026-10-03,琵琶湖,4,5242,3.72,19.1,0.1,0.2,10,B1,0.15,2,45,6,4.6,0,0.248,10,6.71,1,0.13,29.09,0.5079,1,1,23,9.72,v2_lr,0
155168,2026-10-03,琵琶湖,5,4564,4.84,30.7,,,0,B1,0.19,0,65,2,4,0,0.189,10,6.75,0,0.09,27.45,0.2207,1,1,23,4.99,v2_lr,0
155168,2026-10-03,琵琶湖,6,5463,0,0,,,0,B2,,0,38,0,5.6,0,0.181,10,6.71,1,0.3,28.7,0.4396,1,1,23,3.18,v2_lr,0
155169,2026-10-03,琵琶湖,1,4489,5.35,33.3,0.125,0.1875,32,B1,0.14,32,59,43,3.9,0,0.151,10,6.65,0.75,0.07,34.55,1,1,1,23,32.71,v2_lr,1
155169,2026-10-03,琵琶湖,2,4641,5.03,28.5,0.2273,0.4091,22,B1,0.17,3,59,15,3.4,0,0.242,10,6.59,1,0.2,30.48,0.807,1,1,23,33.8,v2_lr,0
155169,2026-10-03,琵琶湖,3,4603,4.98,29.8,0,0.1333,15,B1,0.15,5,66,21,3,0.1,0.148,10,6.83,0,0.1,13.46,0,1,1,23,5.09,v2_lr,0
155169,2026-10-03,琵琶湖,4,4055,6.05,41.6,0.2727,0.3636,11,A2,0.14,8,87,31,2.8,0,0.189,10,6.8,0.125,0.22,22.55,0.431,1,1,23,17.48,v2_lr,0
155169,2026-10-03,琵琶湖,5,3719,6.93,45.9,0.125,0.125,16,A1,0.13,5,66,20,3.2,0.2,0.147,10,6.7,0.5417,0.02,28.3,0.7037,1,1,23,6.78,v2_lr,0
155169,2026-10-03,琵琶湖,6,5382,2.49,4.4,,,0,B1,,1,118,5,4.9,0,0.168,10,6.71,0.5,0.01,31.9,0.8743,1,1,23,4.14,v2_lr,0
155170,2026-10-03,琵琶湖,1,3805,5.05,29.6,0,0,2,B1,0.12,27,69,43,3.8,0,0.121,10,6.65,1,0.21,36.52,0.5765,1,1,24,26.13,v2_lr,0
155170,2026-10-03,琵琶湖,2,4382,5.05,22.3,0.0614,0.1316,114,B1,0.18,4,70,21,3.9,0.1,0.141,10,6.69,0.75,0.06,29.81,0.1893,1,1,24,22.86,v2_lr,0
155170,2026-10-03,琵琶湖,3,4375,5.93,46,0.2188,0.4688,32,A2,0.16,15,89,38,3.4,0.3,0.141,10,6.74,0.4375,0.05,43.86,1,1,1,24,29.61,v2_lr,1
155170,2026-10-03,琵琶湖,4,4189,6.64,47,0.15,0.45,20,A1,0.15,9,91,30,3.6,0.2,0.174,10,6.73,0.5,0.07,29.06,0.146,1,1,24,13.14,v2_lr,0
155170,2026-10-03,琵琶湖,5,4090,5.45,38.5,0.1053,0.4211,19,B2,0.15,6,66,21,3.5,0.1,0.146,10,6.81,0,0.04,26.53,0,1,1,24,3.99,v2_lr,0
155170,2026-10-03,琵琶湖,6,4241,5.68,38.5,,,0,A2,0.17,1,66,11,3,0.2,0.13,10,6.72,0.5625,0.19,30.7,0.2406,1,1,24,4.27,v2_lr,0
155171,2026-10-03,琵琶湖,1,4926,7.76,64.9,0.4063,0.5938,32,A1,0.2,56,77,64,2.3,0.3,0.114,10,6.64,1,0.09,33.06,0.3922,2,2,23,31.77,v2_lr,1
155171,2026-10-03,琵琶湖,2,4649,4.74,25,0.1782,0.3366,101,B1,0.15,14,82,32,3.4,0.2,0.169,10,6.65,0.9231,0.07,36.75,0.5941,2,2,23,22.4,v2_lr,0
155171,2026-10-03,琵琶湖,3,4033,6.13,48.2,0.2308,0.4359,39,A2,0.15,17,78,43,2.3,0.4,0.158,10,6.67,0.7692,0.08,38.39,0.6838,2,2,23,19.73,v2_lr,0
155171,2026-10-03,琵琶湖,4,5147,4.09,23.8,,,0,B1,0.16,7,42,10,4.2,0.1,0.18,10,6.77,0,0.06,38.18,0.6723,2,2,23,6.99,v2_lr,0
155171,2026-10-03,琵琶湖,5,4437,5.89,45.9,0.3636,0.7273,11,A2,0.17,4,71,23,2.3,0.6,0.158,10,6.67,0.7692,0.18,25.89,0,2,2,23,15.25,v2_lr,0
155171,2026-10-03,琵琶湖,6,4905,4.3,22.5,0.1765,0.4118,17,B1,0.21,0,53,2,3.5,0.1,0.184,10,6.67,0.7692,0.15,44.17,1,2,2,23,3.87,v2_lr,0
155172,2026-10-03,琵琶湖,1,4588,5.6,41.1,0.375,0.5,8,A2,0.14,58,93,75,3.1,0.2,0.123,10,6.75,0.8125,-0.01,45.9,1,2,2,23,45.58,v2_lr,1
155172,2026-10-03,琵琶湖,2,4066,5.97,35.7,0,0.7,10,A2,0.17,8,81,41,2.4,0.3,0.163,10,6.72,1,0.08,27.52,0.0223,2,2,23,15.18,v2_lr,0
155172,2026-10-03,琵琶湖,3,3233,4.75,23.5,0.2,0.2,10,B1,0.15,8,69,17,3.7,0.1,0.17,10,6.72,1,0.11,36.84,0.5181,2,2,23,27.22,v2_lr,0
155172,2026-10-03,琵琶湖,4,5127,4.51,24.6,0.0333,0.3,30,B1,0.2,3,73,12,3.4,0.2,0.156,10,6.81,0.4375,0.03,40.18,0.6957,2,2,23,5.75,v2_lr,0
155172,2026-10-03,琵琶湖,5,5403,1.91,0,0,0,7,B2,,1,63,1,4.2,0.1,0.129,10,6.88,0,0.05,38.6,0.6117,2,2,23,1.72,v2_lr,0
155172,2026-10-03,琵琶湖,6,3966,6.31,41.4,0.1667,0.3333,30,A1,0.17,2,79,12,2.6,0.1,0.185,10,6.77,0.6875,0.1,27.1,0,2,2,23,4.54,v2_lr,0
155173,2026-10-03,琵琶湖,1,3629,6.09,40.7,0.5455,0.6364,11,A2,0.14,57,91,73,3.6,0.1,0.115,10,6.75,0.6667,-0.01,31.9,0.1876,1,1,22,40.57,v2_lr,0
155173,2026-10-03,琵琶湖,2,3370,3.73,16.8,0,0.0667,15,B1,0.21,2,67,12,3.1,0.1,0.233,10,6.72,1,0.07,45.76,1,1,1,22,14.99,v2_lr,0
155173,2026-10-03,琵琶湖,3,4743,6.54,43.9,0.2385,0.422,109,A1,0.15,21,82,47,3.2,0.3,0.169,10,6.72,1,0.08,43.36,0.8593,1,1,22,27.7,v2_lr,1
155173,2026-10-03,琵琶湖,4,3315,4.76,26.6,,,0,B1,0.18,4,52,9,4.9,0,0.159,10,6.75,0.6667,0.06,29.91,0.0709,1,1,22,11.04,v2_lr,0
155173,2026-10-03,琵琶湖,5,3889,3.85,17,0.1111,0.2222,9,B1,0.16,1,61,10,4.3,0,0.144,10,6.81,0,0.16,36.36,0.449,1,1,22,3.23,v2_lr,0
155173,2026-10-03,琵琶湖,6,5463,0,0,,,0,B2,,0,38,0,5.6,0,0.181,10,6.76,0.5556,0.08,28.7,0,1,1,22,2.47,v2_lr,0
155174,2026-10-03,琵琶湖,1,5242,3.72,19.1,0.1,0.2,10,B1,0.15,9,36,15,4.6,0,0.248,10,6.72,0.8,0.12,29.09,0.18,3,3,22,28.98,v2_lr,0
155174,2026-10-03,琵琶湖,2,5126,6.49,49.5,0.2105,0.5,38,A1,0.15,10,70,26,3.6,0.3,0.14,10,6.8,0,-0.02,37.29,0.5625,3,3,22,29.03,v2_lr,1
155174,2026-10-03,琵琶湖,3,3300,5.6,37.8,0.2222,0.2222,9,A2,0.15,8,76,30,2.9,0.2,0.146,10,6.77,0.3,-0.01,25.23,0,3,3,22,23.18,v2_lr,0
155174,2026-10-03,琵琶湖,4,4146,5.9,39.3,0.1386,0.3366,101,A2,0.16,6,72,15,3.8,0.2,0.137,10,6.75,0.5,0.04,39.45,0.6632,3,3,22,11.68,v2_lr,0
155174,2026-10-03,琵琶湖,5,3850,5.03,32.7,0.1,0.3,10,B1,0.15,5,69,11,3.3,0.3,0.133,10,6.7,1,0.08,31.3,0.2831,3,3,22,5.87,v2_lr,0
155174,2026-10-03,琵琶湖,6,5430,1.61,2.9,0,0,5,B2,,0,71,0,5.6,0,0.115,10,6.73,0.7,0.14,46.67,1,3,3,22,1.26,v2_lr,0
155175,2026-10-03,琵琶湖,1,4375,5.93,46,0.2188,0.4688,32,A2,0.16,63,97,83,3.4,0.3,0.141,10,6.76,1,0.07,43.86,1,3,3,22,42.42,v2_lr,0
155175,2026-10-03,琵琶湖,2,3627,5.51,38.7,0.1379,0.4483,29,A2,0.2,4,66,22,4.4,0,0.191,10,6.84,0.5556,0.04,36.84,0.5409,3,3,22,26.97,v2_lr,1
155175,2026-10-03,琵琶湖,3,5400,1.82,1.3,0,0.0139,72,B2,,0,9,1,4.2,0.1,0.135,10,6.94,0,-0.05,42.24,0.894,3,3,22,6.84,v2_lr,0
155175,2026-10-03,琵琶湖,4,4340,0,0,0,0.1429,7,B2,,1,20,6,3.7,0.1,0.187,10,6.92,0.1111,0.07,28.57,0,3,3,22,2.47,v2_lr,0
155175,2026-10-03,琵琶湖,5,4641,5.03,28.5,0.2273,0.4091,22,B1,0.17,1,57,7,3.4,0,0.242,10,6.79,0.8333,0.07,30.48,0.1249,3,3,22,13.14,v2_lr,0
155175,2026-10-03,琵琶湖,6,4033,6.13,48.2,0.2308,0.4359,39,A2,0.15,2,75,9,2.3,0.4,0.158,10,6.81,0.7222,0.07,38.39,0.6422,3,3,22,8.16,v2_lr,0
155176,2026-10-03,琵琶湖,1,4079,5.6,35.7,0.2,0.5,10,A2,0.19,64,97,82,3.3,0.2,0.143,10,6.76,1,0.13,26.19,0,3,3,22,31.03,v2_lr,0
155176,2026-10-03,琵琶湖,2,4241,5.68,38.5,,,0,A2,0.17,6,81,33,3,0.2,0.13,10,6.85,0.4,0,30.7,0.2288,3,3,22,21.74,v2_lr,0
155176,2026-10-03,琵琶湖,3,3339,4.25,28.1,0.0909,0.4545,11,B1,0.15,8,63,19,3.1,0.2,0.175,10,6.83,0.5333,-0.07,41.28,0.7656,3,3,22,12.15,v2_lr,0
155176,2026-10-03,琵琶湖,4,4588,5.6,41.1,0.375,0.5,8,A2,0.14,7,84,26,3.1,0.2,0.123,10,6.91,0,0.02,45.9,1,3,3,22,24.39,v2_lr,1
155176,2026-10-03,琵琶湖,5,4649,4.74,25,0.1782,0.3366,101,B1,0.15,2,66,6,3.4,0.2,0.169,10,6.76,1,-0.04,36.75,0.5358,3,3,22,9.52,v2_lr,0
155176,2026-10-03,琵琶湖,6,3922,3.93,18.6,0,0.0526,19,B1,0.19,0,49,2,4.1,0.1,0.173,10,6.78,0.8667,0.04,28.04,0.0939,3,3,22,1.16,v2_lr,0
155177,2026-10-03,琵琶湖,1,4189,6.64,47,0.15,0.45,20,A1,0.15,78,123,95,3.6,0.2,0.174,10,6.7,1,0.09,29.06,0.846,4,4,22,25.98,v2_lr,0
155177,2026-10-03,琵琶湖,2,4437,5.89,45.9,0.3636,0.7273,11,A2,0.17,11,77,41,2.3,0.6,0.158,10,6.71,0.9375,0.06,25.89,0.6741,4,4,22,29.7,v2_lr,1
155177,2026-10-03,琵琶湖,3,4564,4.84,30.7,,,0,B1,0.19,3,72,23,4,0,0.189,10,6.86,0,0.08,27.45,0.7587,4,4,22,11.63,v2_lr,0
155177,2026-10-03,琵琶湖,4,3629,6.09,40.7,0.5455,0.6364,11,A2,0.14,11,71,32,3.6,0.1,0.115,10,6.73,0.8125,0.11,31.9,1,4,4,22,30.16,v2_lr,0
155177,2026-10-03,琵琶湖,5,4603,4.98,29.8,0,0.1333,15,B1,0.15,4,69,15,3,0.1,0.148,10,6.77,0.5625,0.01,13.46,0,4,4,22,1.63,v2_lr,0
155177,2026-10-03,琵琶湖,6,4066,5.97,35.7,0,0.7,10,A2,0.17,4,72,12,2.4,0.3,0.163,10,6.79,0.4375,0.09,27.52,0.7625,4,4,22,0.9,v2_lr,0
155178,2026-10-03,琵琶湖,1,4743,6.54,43.9,0.2385,0.422,109,A1,0.15,78,112,96,3.2,0.3,0.169,10,6.72,1,0.1,43.36,1,3,3,22,29.37,v2_lr,1
155178,2026-10-03,琵琶湖,2,3719,6.93,45.9,0.125,0.125,16,A1,0.13,11,78,46,3.2,0.2,0.147,10,6.77,0.6429,-0.06,28.3,0.0738,3,3,22,18.66,v2_lr,0
155178,2026-10-03,琵琶湖,3,3966,6.31,41.4,0.1667,0.3333,30,A1,0.17,14,87,31,2.6,0.1,0.185,10,6.82,0.2857,0.08,27.1,0,3,3,22,12.69,v2_lr,0
155178,2026-10-03,琵琶湖,4,4305,7.25,58.6,0.3056,0.5556,36,A1,0.13,14,65,26,4.4,0,0.134,10,6.86,0,0.05,31.9,0.2952,3,3,22,15.34,v2_lr,0
155178,2026-10-03,琵琶湖,5,4926,7.76,64.9,0.4063,0.5938,32,A1,0.2,8,47,19,2.3,0.3,0.114,10,6.81,0.3571,-0.01,33.06,0.3665,3,3,22,18.89,v2_lr,0
155178,2026-10-03,琵琶湖,6,5126,6.49,49.5,0.2105,0.5,38,A1,0.15,5,80,16,3.6,0.3,0.14,10,6.76,0.7143,0.02,37.29,0.6267,3,3,22,5.05,v2_lr,0
155179,2026-10-03,住之江,1,4395,5.29,34.4,0,0.3333,3,B1,0.16,36,68,49,4.2,0,0.208,10,6.91,0.5455,0.06,27.83,0,4,2,22,24.02,v2_lr,1
155179,2026-10-03,住之江,2,4995,4.8,26,0.0385,0.1538,26,B1,0.18,10,69,25,4.2,0.1,0.159,10,6.86,1,0.06,28.7,0.0401,4,2,22,23.34,v2_lr,0
155179,2026-10-03,住之江,3,4122,5.58,33.8,0.15,0.4,20,A2,0.17,13,82,36,2.7,0.2,0.124,10,6.9,0.6364,-0.01,49.54,1,4,2,22,27.92,v2_lr,0
155179,2026-10-03,住之江,4,4082,5.33,34.3,0.2051,0.3333,39,B1,0.17,9,66,22,2.8,0.3,0.182,10,6.93,0.3636,-0.16,33.03,0.2395,4,2,22,21.15,v2_lr,0
155179,2026-10-03,住之江,5,5450,0,0,0,0,23,B2,,1,12,1,5.4,0,0.199,10,6.93,0.3636,0.27,28.3,0.0216,4,2,22,1.54,v2_lr,0
155179,2026-10-03,住之江,6,4976,5.22,33.3,0.0952,0.3333,21,B1,0.22,1,58,5,3.2,0.1,0.147,10,6.97,0,0.25,37.5,0.4454,4,2,22,2.04,v2_lr,0
155180,2026-10-03,住之江,1,4815,4.34,22.4,0.1579,0.2632,19,B1,0.21,21,49,27,3.7,0.2,0.121,10,6.82,1,0.06,38.89,1,0,1,25,32,v2_lr,1
155180,2026-10-03,住之江,2,3904,5.06,32.5,0.1373,0.4118,51,B1,0.18,8,53,26,4.1,0.2,0.142,10,6.86,0.5556,0.1,29.2,0.1781,0,1,25,20.45,v2_lr,0
155180,2026-10-03,住之江,4,4138,4.37,22.1,0.1556,0.2667,45,B1,0.19,8,58,16,4.2,0,0.17,10,6.91,0,-0.09,27.1,0,0,1,25,8.52,v2_lr,0
155181,2026-10-03,住之江,1,4651,3.97,17.9,0.0513,0.1282,39,B1,0.16,13,39,20,3.7,0,0.124,10,6.85,0.8,0.1,42.99,1,2,1,25,24.59,v2_lr,1
155181,2026-10-03,住之江,2,3613,6.22,49.6,0.3333,0.4,15,A2,0.15,21,81,52,3.1,0.1,0.149,10,6.93,0,0.05,36.04,0.428,2,1,25,33.5,v2_lr,0
155181,2026-10-03,住之江,3,4598,5.41,36.9,0,0,3,B1,0.16,18,70,37,3.6,0.1,0.139,10,6.92,0.1,0.04,32.74,0.1564,2,1,25,5.29,v2_lr,0
155181,2026-10-03,住之江,4,4272,4.7,23.4,0.3333,0.3333,3,B1,0.15,4,77,13,3.4,0.2,0.176,10,6.87,0.6,0.1,40.91,0.8288,2,1,25,25.93,v2_lr,0
155181,2026-10-03,住之江,5,3564,4.34,26.7,0.1333,0.2333,30,B1,0.17,3,74,8,4,0,0.157,10,6.83,1,0.06,30.84,0,2,1,25,6.07,v2_lr,0
155181,2026-10-03,住之江,6,3432,4.27,23.5,0.2,0.28,25,B1,0.14,0,55,2,3.7,0.1,0.142,10,6.85,0.8,0.28,36.45,0.4617,2,1,25,4.62,v2_lr,0
155182,2026-10-03,住之江,1,4330,5.97,40.6,0.3514,0.5135,37,A2,0.12,58,78,66,2.2,0.4,0.124,10,6.85,1,0,44.34,1,4,2,25,37.71,v2_lr,1
155182,2026-10-03,住之江,2,4422,4.71,32,0.2,0.25,80,B1,0.15,10,78,25,4,0.2,0.166,10,6.92,0.3636,0.06,16.81,0,4,2,25,23.55,v2_lr,0
155182,2026-10-03,住之江,3,4608,6,42.3,0.1538,0.4615,13,A2,0.18,13,82,38,3.3,0.1,0.138,10,6.96,0,0,28.18,0.413,4,2,25,13.35,v2_lr,0
155182,2026-10-03,住之江,4,3107,3.97,13.3,0.0741,0.1481,27,B1,0.18,3,45,6,4.2,0.1,0.188,10,6.95,0.0909,0.11,24.56,0.2815,4,2,25,4.62,v2_lr,0
155182,2026-10-03,住之江,5,4702,6.36,51.6,0.375,0.5,32,A1,0.15,13,62,19,2.6,0.4,0.105,10,6.92,0.3636,-0.04,31.13,0.5202,4,2,25,19.96,v2_lr,0
155182,2026-10-03,住之江,6,5409,1.74,0,0,0,3,B2,,0,115,2,4.9,0.1,0.092,10,6.92,0.3636,-0.01,17.92,0.0403,4,2,25,0.81,v2_lr,0
155183,2026-10-03,住之江,1,5105,4.56,22.2,0,0.125,16,B1,0.21,18,50,27,4.1,0,0.193,10,6.83,1,0.17,34.86,0.3606,5,2,25,23.51,v2_lr,0
155183,2026-10-03,住之江,2,5221,6.42,46.4,0.2353,0.4235,85,A1,0.15,16,71,36,2.3,0.2,0.166,10,6.91,0,0.1,29.36,0.1284,5,2,25,31.31,v2_lr,0
155183,2026-10-03,住之江,3,4104,4.63,28.8,0.1818,0.2727,11,B1,0.15,6,55,20,3.3,0.3,0.154,10,6.83,1,-0.05,26.32,0,5,2,25,25.75,v2_lr,0
155183,2026-10-03,住之江,4,5028,6.52,46.9,0.1818,0.5455,11,A1,0.16,19,76,35,2.8,0.1,0.115,10,6.85,0.75,0.21,34.55,0.3476,5,2,25,14.94,v2_lr,1
155183,2026-10-03,住之江,5,3602,4.27,14.6,0.0476,0.2857,21,B1,0.19,3,66,5,3.2,0.2,0.137,10,6.88,0.375,0.1,50,1,5,2,25,3.62,v2_lr,0
155183,2026-10-03,住之江,6,5450,0,0,0,0,23,B2,,0,31,0,5.4,0,0.199,10,6.86,0.625,0.14,28.3,0.0836,5,2,25,0.88,v2_lr,0
155184,2026-10-03,住之江,1,5022,3.87,20.2,0.1034,0.2414,29,B1,0.18,9,38,21,4.9,0,0.141,10,6.83,1,-0.01,23.15,0,3,1,24,32.53,v2_lr,0
155184,2026-10-03,住之江,2,4314,5.62,37.8,0.2273,0.3182,22,A2,0.17,14,74,31,2.7,0.3,0.159,10,6.89,0.4,0.04,37.96,1,3,1,24,34.91,v2_lr,0
155184,2026-10-03,住之江,3,5289,5.71,38.8,0.0845,0.338,71,A2,0.17,6,74,23,4,0.1,0.174,10,6.87,0.6,0.08,26.55,0.2296,3,1,24,13.02,v2_lr,1
155184,2026-10-03,住之江,4,4976,5.22,33.3,0.0952,0.3333,21,B1,0.22,5,60,13,3.2,0.1,0.147,10,6.89,0.4,-0.02,37.5,0.9689,3,1,24,9.21,v2_lr,0
155184,2026-10-03,住之江,5,3951,5.19,28.8,0.2045,0.3636,44,B1,0.19,3,72,13,4.1,0.2,0.166,10,6.93,0,-0.02,29.36,0.4193,3,1,24,8.28,v2_lr,0
155184,2026-10-03,住之江,6,4366,6.85,50,0.0833,0.4167,12,A1,0.13,2,72,10,4.3,0.1,0.151,10,6.91,0.2,-0.01,27.68,0.3059,3,1,24,2.06,v2_lr,0
155185,2026-10-03,住之江,1,4099,6.25,42,0,0,3,A2,0.17,71,98,84,3.7,0.1,0.145,10,6.86,0.8,0.07,36.79,0.5793,4,2,24,29.5,v2_lr,0
155185,2026-10-03,住之江,2,4759,6.78,44.4,0.0909,0.3636,22,A1,0.17,14,72,37,1.5,0.6,0.126,10,6.84,1,-0.02,27.68,0.2788,4,2,24,32.44,v2_lr,1
155185,2026-10-03,住之江,3,4367,4.07,9.4,0.0667,0.3,30,B1,0.18,3,64,14,4.3,0,0.15,10,6.92,0.2,-0.2,22.73,0.1155,4,2,24,14.92,v2_lr,0
155185,2026-10-03,住之江,4,4059,5.04,34.7,0.1667,0.4167,12,B1,0.16,14,72,27,4.3,0.1,0.184,10,6.89,0.5,0.06,19.23,0,4,2,24,14.66,v2_lr,0
155185,2026-10-03,住之江,5,4651,3.97,17.9,0.0513,0.1282,39,B1,0.16,2,60,10,3.7,0,0.124,10,6.9,0.4,0.08,42.99,0.7839,4,2,24,4.25,v2_lr,0
155185,2026-10-03,住之江,6,4122,5.58,33.8,0.15,0.4,20,A2,0.17,2,83,11,2.7,0.2,0.124,10,6.94,0,0.05,49.54,1,4,2,24,4.24,v2_lr,0
155186,2026-10-03,住之江,1,4608,6,42.3,0.1538,0.4615,13,A2,0.18,51,86,71,3.3,0.1,0.138,10,6.92,0,0.1,28.18,0.0189,5,2,24,30.92,v2_lr,0
155186,2026-10-03,住之江,2,4395,5.29,34.4,0,0.3333,3,B1,0.16,8,69,28,4.2,0,0.208,10,6.89,0.3333,0.2,27.83,0,5,2,24,10.47,v2_lr,0
155186,2026-10-03,住之江,3,4042,6.25,44.3,0.2326,0.407,86,A2,0.16,18,81,37,2.7,0.2,0.193,10,6.85,0.7778,0.2,40.91,0.7059,5,2,24,29.29,v2_lr,1
155186,2026-10-03,住之江,4,4136,6.66,46.8,0.2105,0.4737,19,A1,0.17,3,67,18,2.4,0.4,0.146,10,6.83,1,0.02,46.36,1,5,2,24,23.43,v2_lr,0
155186,2026-10-03,住之江,5,3904,5.06,32.5,0.1373,0.4118,51,B1,0.18,3,53,12,4.1,0.2,0.142,10,6.92,0,0.01,29.2,0.0739,5,2,24,4.74,v2_lr,0
155186,2026-10-03,住之江,6,4598,5.41,36.9,0,0,3,B1,0.16,3,70,6,3.6,0.1,0.139,10,6.9,0.2222,-0.05,32.74,0.265,5,2,24,1.15,v2_lr,0
155187,2026-10-03,住之江,1,4211,3.28,9.6,0.1591,0.2955,44,B1,0.16,16,58,27,4.3,0,0.155,10,6.9,0.5,0.11,28.95,0.5153,4,2,23,25.56,v2_lr,1
155187,2026-10-03,住之江,2,4944,4.07,21.5,0.2,0.3,10,B1,0.18,2,63,9,4.4,0,0.129,10,6.88,0.6667,0.08,24.77,0.3379,4,2,23,23.5,v2_lr,0
155187,2026-10-03,住之江,3,4422,4.71,32,0.2,0.25,80,B1,0.15,8,73,19,4,0.2,0.166,10,6.96,0,0.14,16.81,0,4,2,23,12.88,v2_lr,0
155187,2026-10-03,住之江,4,4351,7.01,53.1,0.3333,0.3333,3,A1,0.15,15,65,27,3,0.3,0.149,10,6.84,1,-0.08,40.37,1,4,2,23,26.06,v2_lr,0
155187,2026-10-03,住之江,5,5028,6.52,46.9,0.1818,0.5455,11,A1,0.16,7,71,22,2.8,0.1,0.115,10,6.9,0.5,-0.02,34.55,0.753,4,2,23,7.16,v2_lr,0
155187,2026-10-03,住之江,6,4082,5.33,34.3,0.2051,0.3333,39,B1,0.17,2,50,8,2.8,0.3,0.182,10,6.87,0.75,0.11,33.03,0.6885,4,2,23,4.84,v2_lr,0
155188,2026-10-03,住之江,1,5221,6.42,46.4,0.2353,0.4235,85,A1,0.15,62,89,73,2.3,0.2,0.166,10,6.8,0.7273,0.11,29.36,0.4663,3,1,22,32.77,v2_lr,1
155188,2026-10-03,住之江,2,4424,6.1,41.9,0.1,0.25,20,A2,0.17,10,86,36,3.8,0.1,0.144,10,6.77,1,0.06,19.27,0,3,1,22,19.66,v2_lr,0
155188,2026-10-03,住之江,3,4427,6.43,41.3,0.2159,0.4545,88,A1,0.15,30,88,45,4.1,0.1,0.151,10,6.85,0.2727,0.06,29.09,0.4538,3,1,22,19.29,v2_lr,0
155188,2026-10-03,住之江,4,4560,5.93,40,0.2727,0.4091,22,A2,0.14,14,72,28,3.7,0.1,0.163,10,6.88,0,-0.01,32.73,0.622,3,1,22,16.3,v2_lr,0
155188,2026-10-03,住之江,5,4995,4.8,26,0.0385,0.1538,26,B1,0.18,3,67,8,4.2,0.1,0.159,10,6.86,0.1818,0.08,28.7,0.4358,3,1,22,2.07,v2_lr,0
155188,2026-10-03,住之江,6,4272,4.7,23.4,0.3333,0.3333,3,B1,0.15,0,57,1,3.4,0.2,0.176,10,6.86,0.1818,0.11,40.91,1,3,1,22,9.91,v2_lr,0
155189,2026-10-03,住之江,1,4357,7.02,55.4,0.3659,0.6098,41,A1,0.19,78,117,99,2.4,0.3,0.178,10,6.8,0.8,0.14,32.74,0.3563,4,2,22,32.32,v2_lr,1
155189,2026-10-03,住之江,2,3564,4.34,26.7,0.1333,0.2333,30,B1,0.17,10,74,21,4,0,0.157,10,6.79,1,0.06,30.84,0.2508,4,2,22,19.51,v2_lr,0
155189,2026-10-03,住之江,3,4330,5.97,40.6,0.3514,0.5135,37,A2,0.12,13,66,37,2.2,0.4,0.124,10,6.8,0.8,0.08,44.34,1,4,2,22,27.92,v2_lr,0
155189,2026-10-03,住之江,4,4411,5.77,40,0.1452,0.3548,62,A2,0.17,5,83,23,3,0.2,0.164,10,6.83,0.2,0.01,40.91,0.8097,4,2,22,7.84,v2_lr,0
155189,2026-10-03,住之江,5,4104,4.63,28.8,0.1818,0.2727,11,B1,0.15,2,53,10,3.3,0.3,0.154,10,6.84,0,-0.13,26.32,0,4,2,22,4.81,v2_lr,0
155189,2026-10-03,住之江,6,4086,6.17,42.9,0.2609,0.4348,23,A2,0.16,2,69,5,2.6,0.3,0.123,10,6.8,0.8,-0.09,33.64,0.4062,4,2,22,7.61,v2_lr,0
155190,2026-10-03,住之江,1,4702,6.36,51.6,0.375,0.5,32,A1,0.15,67,97,80,2.6,0.4,0.105,10,6.85,0.4286,0.05,31.13,0.3189,3,1,22,38.29,v2_lr,1
155190,2026-10-03,住之江,2,5289,5.71,38.8,0.0845,0.338,71,A2,0.17,5,73,25,4,0.1,0.174,10,6.81,1,0.06,26.55,0,3,1,22,19.2,v2_lr,0
155190,2026-10-03,住之江,3,5105,4.56,22.2,0,0.125,16,B1,0.21,3,62,18,4.1,0,0.193,10,6.86,0.2857,0.01,34.86,0.5787,3,1,22,6.35,v2_lr,0
155190,2026-10-03,住之江,4,3613,6.22,49.6,0.3333,0.4,15,A2,0.15,9,81,32,3.1,0.1,0.149,10,6.88,0,-0.03,36.04,0.6609,3,1,22,22.09,v2_lr,0
155190,2026-10-03,住之江,5,4697,4.13,21.5,0.1765,0.2941,17,B1,0.16,0,67,10,4.1,0.1,0.144,10,6.85,0.4286,0.05,31.78,0.3642,3,1,22,6.52,v2_lr,0
155190,2026-10-03,住之江,6,4042,6.25,44.3,0.2326,0.407,86,A2,0.16,4,80,11,2.7,0.2,0.193,10,6.83,0.7143,0.03,40.91,1,3,1,22,7.55,v2_lr,0
155191,2026-10-03,尼崎,1,4548,3.29,10.6,0,0,9,B1,0.25,4,19,6,5.1,0,0.21,10,6.84,1,0.02,32.77,1,0,0,25.6,20.53,v2_lr,1
155191,2026-10-03,尼崎,2,3974,4.37,26,0.1,0.25,20,B1,0.16,5,58,13,4.3,0,0.134,10,6.84,1,0.03,30.16,0.463,0,0,25.6,21.61,v2_lr,0
155191,2026-10-03,尼崎,4,3790,4.59,21.8,0,0,3,B1,0.19,2,55,8,3.6,0,0.159,10,6.86,0,0.01,27.91,0,0,0,25.6,3.71,v2_lr,0
155191,2026-10-03,尼崎,5,4683,4.17,30.4,0,0,3,B2,,2,38,6,4.2,0,0.13,10,6.86,0,0.07,29.84,0.3971,0,0,25.6,1.73,v2_lr,0
155191,2026-10-03,尼崎,6,4664,4.13,21.1,0,0.0833,12,B1,0.2,0,41,1,4.5,0,0.213,10,6.86,0,0.12,29.03,0.2305,0,0,25.6,0.91,v2_lr,0
155192,2026-10-03,尼崎,1,3478,5.24,28.7,0.0741,0.2593,27,B1,0.16,35,60,45,3.3,0.1,0.175,10,6.89,0.25,0.04,41.98,1,5,3,25.2,24.95,v2_lr,1
155192,2026-10-03,尼崎,2,4219,4.1,13.8,0,0.3,10,B1,0.17,1,77,15,3.4,0,0.224,10,6.88,0.3333,0.05,40.15,0.9065,5,3,25.2,12.13,v2_lr,0
155192,2026-10-03,尼崎,3,3514,5.57,35.8,0.2414,0.4483,29,A2,0.16,10,66,23,2.9,0.4,0.15,10,6.83,0.75,0.04,36.51,0.7205,5,3,25.2,27.12,v2_lr,0
155192,2026-10-03,尼崎,4,4639,4.57,26.6,0.1905,0.3333,21,B1,0.16,3,73,12,4,0.1,0.154,10,6.87,0.4167,-0.07,38.17,0.8053,5,3,25.2,14.75,v2_lr,0
155192,2026-10-03,尼崎,5,4298,6.18,43.7,0.2857,0.5714,14,A2,0.15,2,67,15,3.3,0,0.17,10,6.8,1,-0.13,34.68,0.627,5,3,25.2,19.68,v2_lr,0
155192,2026-10-03,尼崎,6,3901,4.02,21.7,0.0769,0.0769,13,B2,0.22,0,39,2,3.6,0.1,0.165,10,6.92,0,0.04,22.41,0,5,3,25.2,1.36,v2_lr,0
155193,2026-10-03,尼崎,1,5218,6.27,43.4,0.1,0.4,10,A1,0.15,55,78,62,5.1,0,0.192,10,6.85,0.2,-0.02,31.5,0.0114,2,0,26,25.61,v2_lr,1
155193,2026-10-03,尼崎,2,4365,5.56,40,0.2346,0.3333,81,A2,0.16,10,79,30,3.5,0.1,0.171,10,6.83,0.6,-0.01,31.3,0,2,0,26,31.81,v2_lr,0
155193,2026-10-03,尼崎,3,3286,3.94,22.2,0.2,0.2,10,B2,0.16,3,54,14,4.7,0.1,0.205,10,6.85,0.2,-0.05,48.78,1,2,0,26,21.83,v2_lr,0
155193,2026-10-03,尼崎,4,3434,4.81,29,0.0833,0.3333,12,B1,0.18,1,63,11,2.9,0.3,0.169,10,6.86,0,0.12,36.92,0.3215,2,0,26,5.1,v2_lr,0
155193,2026-10-03,尼崎,5,4531,6.12,39.3,0.2308,0.3077,13,A2,0.18,5,68,21,2.3,0.5,0.131,10,6.84,0.4,-0.03,44.72,0.7677,2,0,26,12.14,v2_lr,0
155193,2026-10-03,尼崎,6,5031,4.61,21.2,0.1,0.2,10,B1,0.15,0,50,2,3.6,0.1,0.125,10,6.81,1,-0.05,36.29,0.2855,2,0,26,3.51,v2_lr,0
155194,2026-10-03,尼崎,1,3614,4.37,22.8,0.3333,0.3333,3,B1,0.17,15,60,26,3.5,0.1,0.167,10,6.78,0.8889,-0.03,40.31,1,2,0,26.3,37.48,v2_lr,1
155194,2026-10-03,尼崎,2,4962,5.79,34.1,0,0.3333,3,A2,0.17,12,81,38,4.3,0.1,0.115,10,6.77,1,0.05,24.19,0,2,0,26.3,10.96,v2_lr,0
155194,2026-10-03,尼崎,3,5308,4.04,20.2,0.1364,0.3636,22,B1,0.17,7,66,18,4.1,0.1,0.159,10,6.86,0,0.34,38.89,0.9119,2,0,26.3,10.45,v2_lr,0
155195,2026-10-03,尼崎,1,3790,4.59,21.8,0,0,3,B1,0.19,17,48,26,3.6,0,0.159,10,6.83,0.1818,0.06,27.91,0.693,0,0,26.3,18.84,v2_lr,0
155195,2026-10-03,尼崎,2,3854,6.32,37.8,0.3875,0.5375,80,A1,0.13,11,63,32,3.9,0.2,0.119,10,6.77,0.7273,0.01,17.89,0.1514,0,0,26.3,43.71,v2_lr,0
155195,2026-10-03,尼崎,3,3606,5.4,33.9,0.1176,0.4118,17,B1,0.14,12,77,32,3.5,0,0.157,10,6.74,1,-0.07,25.81,0.5795,0,0,26.3,20.52,v2_lr,1
155195,2026-10-03,尼崎,4,4819,5.66,35.5,0.1538,0.4615,13,A2,0.17,8,52,18,4.5,0,0.169,10,6.81,0.3636,0.29,29.75,0.7924,0,0,26.3,10.37,v2_lr,0
155195,2026-10-03,尼崎,5,4254,5.51,33,0.0769,0.1538,13,A2,0.12,5,58,14,3.8,0.1,0.14,10,6.85,0,0.13,33.59,1,0,0,26.3,3.42,v2_lr,0
155195,2026-10-03,尼崎,6,4443,5.4,33.3,0.1429,0.3333,21,B1,0.16,2,59,5,3.5,0.2,0.16,10,6.8,0.4545,0.08,15.09,0,0,0,26.3,3.13,v2_lr,0
155196,2026-10-03,尼崎,1,4675,5.72,37,0.3333,0.3333,3,A2,0.15,23,52,32,4,0.1,0.093,10,6.81,0.7,-0.01,22.41,0,0,0,26.8,46.67,v2_lr,1
155196,2026-10-03,尼崎,2,4987,4.09,19.1,0,0.0968,31,B1,0.16,2,57,8,2.8,0.2,0.155,10,6.83,0.5,-0.03,46.34,1,0,0,26.8,16.1,v2_lr,0
155196,2026-10-03,尼崎,3,5259,3.03,10,0,0.1667,12,B2,0.19,2,57,4,4.4,0,0.156,10,6.88,0,0.07,37.01,0.6101,0,0,26.8,6.27,v2_lr,0
155196,2026-10-03,尼崎,4,5161,6.03,46.5,0.2436,0.3846,78,A2,0.18,14,78,31,2.5,0.3,0.154,10,6.78,1,0.01,34.19,0.4923,0,0,26.8,25.15,v2_lr,0
155196,2026-10-03,尼崎,5,3478,5.24,28.7,0.0741,0.2593,27,B1,0.16,2,70,6,3.3,0.1,0.175,10,6.86,0.2,0,41.98,0.8178,0,0,26.8,4.34,v2_lr,0
155196,2026-10-03,尼崎,6,4226,4.55,27.7,0,0,3,B1,0.17,1,56,4,4.6,0,0.148,10,6.81,0.7,-0.04,25,0.1082,0,0,26.8,1.48,v2_lr,0
155197,2026-10-03,尼崎,1,4298,6.18,43.7,0.2857,0.5714,14,A2,0.15,43,87,63,3.3,0,0.17,10,6.8,0.9286,-0.05,34.68,0.6518,2,0,27.2,44.84,v2_lr,1
155197,2026-10-03,尼崎,2,4683,4.17,30.4,0,0,3,B2,,1,16,3,4.2,0,0.13,10,6.93,0,-0.01,29.84,0.3044,2,0,27.2,10.42,v2_lr,0
155197,2026-10-03,尼崎,3,4539,6.3,45.6,0.2609,0.3478,23,A1,0.13,11,94,39,3.3,0.3,0.114,10,6.85,0.5714,0.03,25.6,0,2,0,27.2,29.78,v2_lr,0
155197,2026-10-03,尼崎,4,4429,3.58,11.5,0.0667,0.0667,15,B1,0.16,3,67,8,4.9,0,0.154,10,6.9,0.2143,0.18,39.53,1,2,0,27.2,6.38,v2_lr,0
155197,2026-10-03,尼崎,5,4700,6,41.9,0.1304,0.4783,23,A2,0.18,9,64,24,2.8,0.2,0.13,10,6.85,0.5714,0.12,29.77,0.2994,2,0,27.2,6.05,v2_lr,0
155197,2026-10-03,尼崎,6,5128,4.41,25.3,0.0714,0.0714,14,B1,0.19,0,35,1,5,0,0.119,10,6.79,1,0.17,28.79,0.229,2,0,27.2,2.54,v2_lr,0
155198,2026-10-03,尼崎,1,3974,4.37,26,0.1,0.25,20,B1,0.16,15,47,31,4.3,0,0.134,10,6.82,0.1667,0.04,30.16,0.291,7,5,27.9,28.48,v2_lr,0
155198,2026-10-03,尼崎,2,3514,5.57,35.8,0.2414,0.4483,29,A2,0.16,14,58,29,2.9,0.4,0.15,10,6.83,0.0833,0.08,36.51,0.6962,7,5,27.9,34.93,v2_lr,1
155198,2026-10-03,尼崎,3,5340,3.87,13.2,0.05,0.15,20,B1,0.1,4,44,11,3.8,0.2,0.148,10,6.72,1,0.08,25.6,0,7,5,27.9,13.03,v2_lr,0
155198,2026-10-03,尼崎,4,5308,4.04,20.2,0.1364,0.3636,22,B1,0.17,2,61,4,4.1,0.1,0.159,10,6.84,0,0.27,38.89,0.8481,7,5,27.9,8.21,v2_lr,0
155198,2026-10-03,尼崎,5,4150,5.79,40.6,0.1667,0.5833,12,A2,0.15,5,65,14,2.4,0.2,0.123,10,6.78,0.5,0.09,34.65,0.5775,7,5,27.9,8.09,v2_lr,0
155198,2026-10-03,尼崎,6,3556,6.68,48.6,0.2,0.5143,35,A1,0.13,2,75,9,2.3,0.5,0.134,10,6.75,0.75,0.12,41.27,1,7,5,27.9,7.26,v2_lr,0
155199,2026-10-03,尼崎,1,4819,5.66,35.5,0.1538,0.4615,13,A2,0.17,39,70,52,4.5,0,0.169,10,6.81,0.4,0.11,29.75,0.4173,2,0,28.6,35.39,v2_lr,0
155199,2026-10-03,尼崎,2,3901,4.02,21.7,0.0769,0.0769,13,B2,0.22,6,57,11,3.6,0.1,0.165,10,6.85,0,0.11,22.41,0,2,0,28.6,15.34,v2_lr,0
155199,2026-10-03,尼崎,3,4106,3.35,13.7,0,0.1765,17,B1,0.21,0,53,5,4.7,0,0.153,10,6.81,0.4,-0.07,40,1,2,0,28.6,9.17,v2_lr,0
155199,2026-10-03,尼崎,4,4962,5.79,34.1,0,0.3333,3,A2,0.17,8,79,21,4.3,0.1,0.115,10,6.75,1,0.01,24.19,0.1012,2,0,28.6,6.02,v2_lr,1
155199,2026-10-03,尼崎,5,4365,5.56,40,0.2346,0.3333,81,A2,0.16,7,69,16,3.5,0.1,0.171,10,6.8,0.5,0.11,31.3,0.5054,2,0,28.6,12.33,v2_lr,0
155199,2026-10-03,尼崎,6,5281,6.46,49.5,0.36,0.52,25,A1,0.15,3,62,9,3,0.3,0.116,10,6.76,0.9,-0.06,39.39,0.9653,2,0,28.6,21.74,v2_lr,0
155200,2026-10-03,尼崎,1,4546,5.88,39.7,0.3077,0.5,26,B1,0.17,50,75,63,2.4,0.4,0.147,10,6.76,0.8,0.02,22.41,0,0,0,27.7,34.62,v2_lr,1
155200,2026-10-03,尼崎,2,4226,4.55,27.7,0,0,3,B1,0.17,5,73,15,4.6,0,0.148,10,6.82,0.2,0.06,25,0.0953,0,0,27.7,8.28,v2_lr,0
155200,2026-10-03,尼崎,3,4639,4.57,26.6,0.1905,0.3333,21,B1,0.16,6,70,19,4,0.1,0.154,10,6.8,0.4,-0.01,38.17,0.5801,0,0,27.7,17.72,v2_lr,0
155200,2026-10-03,尼崎,4,4531,6.12,39.3,0.2308,0.3077,13,A2,0.18,6,76,22,2.3,0.5,0.131,10,6.84,0,0.15,44.72,0.8211,0,0,27.7,12.47,v2_lr,0
155200,2026-10-03,尼崎,5,4518,6.95,56.5,0.4,0.8,10,A1,0.2,7,58,19,2.6,0.3,0.165,10,6.74,1,0.04,49.58,1,0,0,27.7,24.85,v2_lr,0
155200,2026-10-03,尼崎,6,3606,5.4,33.9,0.1176,0.4118,17,B1,0.14,0,69,3,3.5,0,0.157,10,6.8,0.4,0.06,25.81,0.1251,0,0,27.7,2.06,v2_lr,0
155201,2026-10-03,尼崎,1,3654,6.17,46.6,0.28,0.6,25,A2,0.16,60,101,76,2.2,0.3,0.166,10,6.84,0.3,0.13,33.85,0.7119,2,0,27.4,23.76,v2_lr,1
155201,2026-10-03,尼崎,2,3434,4.81,29,0.0833,0.3333,12,B1,0.18,3,71,22,2.9,0.3,0.169,10,6.87,0,0.05,36.92,0.8488,2,0,27.4,10.36,v2_lr,0
155201,2026-10-03,尼崎,3,3854,6.32,37.8,0.3875,0.5375,80,A1,0.13,7,63,26,3.9,0.2,0.119,10,6.77,1,0.05,17.89,0,2,0,27.4,23.55,v2_lr,0
155201,2026-10-03,尼崎,4,3614,4.37,22.8,0.3333,0.3333,3,B1,0.17,6,78,22,3.5,0.1,0.167,10,6.84,0.3,0.01,40.31,1,2,0,27.4,16.67,v2_lr,0
155201,2026-10-03,尼崎,5,4675,5.72,37,0.3333,0.3333,3,A2,0.15,5,62,14,4,0.1,0.093,10,6.81,0.6,0.07,22.41,0.2016,2,0,27.4,11.98,v2_lr,0
155201,2026-10-03,尼崎,6,3995,6.23,44.3,0.4118,0.5882,17,A2,0.12,6,58,13,2.8,0.3,0.142,10,6.77,1,-0.06,18.45,0.025,2,0,27.4,13.68,v2_lr,0
155202,2026-10-03,尼崎,1,5257,6.39,44.3,0.2903,0.5161,31,A1,0.19,59,91,69,1.6,0.4,0.142,10,6.73,1,0.16,38.28,0.7149,1,0,26.6,46.34,v2_lr,1
155202,2026-10-03,尼崎,2,5031,4.61,21.2,0.1,0.2,10,B1,0.15,5,65,26,3.6,0.1,0.125,10,6.86,0.1875,0.16,36.29,0.4116,1,0,26.6,19.66,v2_lr,0
155202,2026-10-03,尼崎,3,4254,5.51,33,0.0769,0.1538,13,A2,0.12,10,74,29,3.8,0.1,0.14,10,6.86,0.1875,0.14,33.59,0,1,0,26.6,10.24,v2_lr,0
155202,2026-10-03,尼崎,4,4150,5.79,40.6,0.1667,0.5833,12,A2,0.15,14,64,24,2.4,0.2,0.123,10,6.85,0.25,0.04,34.65,0.1616,1,0,26.6,11.5,v2_lr,0
155202,2026-10-03,尼崎,5,5161,6.03,46.5,0.2436,0.3846,78,A2,0.18,7,67,19,2.5,0.3,0.154,10,6.84,0.3125,0.06,34.19,0.0915,1,0,26.6,11.16,v2_lr,0
155202,2026-10-03,尼崎,6,4219,4.1,13.8,0,0.3,10,B1,0.17,0,50,1,3.4,0,0.224,10,6.89,0,0.05,40.15,1,1,0,26.6,1.1,v2_lr,0
155203,2026-10-03,児島,1,4772,6.3,47.5,0.2381,0.5238,21,A1,0.11,72,97,85,3.9,0.1,0.105,10,6.6,0.5,0.01,31.63,0.3343,1,1,23,31.33,v2_lr,1
155203,2026-10-03,児島,2,3984,6.86,47.8,0.1429,0.2857,7,A1,0.18,10,81,38,4.1,0.1,0.147,10,6.57,0.8,0.14,34.11,0.5698,1,1,23,22.62,v2_lr,0
155203,2026-10-03,児島,3,4074,6.46,45.3,0.1538,0.3462,26,A1,0.15,15,90,43,4.4,0,0.12,10,6.65,0,0.15,38.64,1,1,1,23,13.58,v2_lr,0
155203,2026-10-03,児島,4,3779,6.44,36.2,0.2857,0.2857,7,A1,0.12,15,70,24,3.7,0.3,0.099,10,6.55,1,0.01,34.55,0.6116,1,1,23,23.5,v2_lr,0
155203,2026-10-03,児島,5,4398,6.66,49.2,0.1379,0.4483,29,A1,0.14,12,82,27,4.2,0.1,0.13,10,6.64,0.1,0.04,28.11,0,1,1,23,4.01,v2_lr,0
155203,2026-10-03,児島,6,4581,6.27,47.4,0.2432,0.4324,37,A1,0.15,3,85,13,3.9,0.2,0.125,10,6.63,0.2,0.05,29.68,0.1491,1,1,23,4.96,v2_lr,0
155204,2026-10-03,児島,1,4397,6.7,45.1,0.3704,0.7037,27,A1,0.13,86,107,96,2.9,0.3,0.12,10,6.5,1,0.1,35.65,0.8935,3,3,22,38.13,v2_lr,0
155204,2026-10-03,児島,2,4776,6.7,48.9,0.4211,0.5789,38,A1,0.15,16,88,47,3.5,0.3,0.129,10,6.5,1,0.08,36.36,0.9757,3,3,22,37.69,v2_lr,0
155204,2026-10-03,児島,3,4528,6.64,46.6,0,0.2857,7,A1,0.15,17,75,30,3.4,0,0.111,10,6.57,0.125,0.02,27.93,0,3,3,22,5.32,v2_lr,1
155204,2026-10-03,児島,4,5051,6.45,43.2,0.0625,0.5,16,A1,0.15,13,69,28,3.3,0.1,0.14,10,6.51,0.875,0.02,35.62,0.89,3,3,22,7.95,v2_lr,0
155204,2026-10-03,児島,5,4468,6.31,38.4,0,0.4286,7,A1,0.13,10,71,19,3.6,0,0.171,10,6.58,0,0.2,36.57,1,3,3,22,1.6,v2_lr,0
155204,2026-10-03,児島,6,4959,7.07,50.7,0.2571,0.4857,35,A1,0.17,3,73,18,3.8,0.1,0.127,10,6.5,1,0.07,32.73,0.5556,3,3,22,9.31,v2_lr,0
155205,2026-10-03,児島,1,4503,7.33,53.9,0.2,0.5333,15,A1,0.11,107,124,120,2.9,0.3,0.121,10,6.53,1,0.09,33.95,0,4,3,22,29.13,v2_lr,1
155205,2026-10-03,児島,2,4677,6.58,45.8,0.1304,0.3478,23,A1,0.17,17,67,35,3.8,0,0.098,10,6.53,1,0.01,35.29,0.2528,4,3,22,21.5,v2_lr,0
155205,2026-10-03,児島,3,4928,6.56,48.6,0.4815,0.5926,27,A1,0.16,25,78,39,2.7,0.4,0.112,10,6.59,0.3333,0.02,34.11,0.0302,4,3,22,31.51,v2_lr,0
155205,2026-10-03,児島,4,4352,6.29,44.4,0.0588,0.2941,17,A1,0.14,7,65,16,3.2,0.2,0.119,10,6.58,0.4444,-0.03,36.15,0.4151,4,3,22,5.29,v2_lr,0
155205,2026-10-03,児島,5,4831,6.89,42.7,0.1429,0.5714,7,A1,0.16,4,65,18,3.2,0.1,0.136,10,6.62,0,0.05,35.71,0.3321,4,3,22,4.1,v2_lr,0
155205,2026-10-03,児島,6,4537,6.73,48,0.2714,0.4429,70,A1,0.14,7,79,17,4.2,0.1,0.147,10,6.57,0.5556,-0.02,39.25,1,4,3,22,8.48,v2_lr,0
155206,2026-10-03,児島,1,4370,6.86,50.4,0.3173,0.5481,104,A1,0.14,79,110,89,3,0.4,0.129,10,6.56,0.7273,0.21,37.67,0.6007,5,3,22,26.11,v2_lr,0
155206,2026-10-03,児島,2,4907,6.75,50,0.4118,0.6471,17,A1,0.14,19,74,42,3.7,0.1,0.121,10,6.55,0.8182,0.03,34.23,0.3736,5,3,22,26.6,v2_lr,0
155206,2026-10-03,児島,3,3744,6.52,49.6,0.2692,0.3462,26,A1,0.16,20,85,41,4.7,0.1,0.121,10,6.56,0.7273,0.09,37.21,0.5703,5,3,22,19.01,v2_lr,0
155206,2026-10-03,児島,4,4812,6.95,51.2,0.2857,0.4286,7,A1,0.14,15,54,28,3.1,0.3,0.134,10,6.53,1,-0.06,43.72,1,5,3,22,18.27,v2_lr,1
155206,2026-10-03,児島,5,3822,6.59,44.4,0.175,0.525,80,A1,0.16,10,76,28,4.2,0.1,0.113,10,6.58,0.5455,0.05,34.58,0.3967,5,3,22,5.24,v2_lr,0
155206,2026-10-03,児島,6,3908,7.03,52.5,0.2931,0.5172,58,A1,0.18,7,78,18,3.1,0.3,0.142,10,6.64,0,0.01,28.57,0,5,3,22,4.77,v2_lr,0
155207,2026-10-03,児島,1,4371,7.18,45.1,0.0625,0.3125,16,A1,0.13,62,85,75,3.4,0.1,0.145,10,6.56,0,0.09,27.78,0,5,5,23,19.47,v2_lr,0
155207,2026-10-03,児島,2,4502,7.14,48.1,0.2222,0.4444,18,A1,0.14,20,70,35,3,0.1,0.141,10,6.48,1,0.03,30.91,0.5482,5,5,23,32.4,v2_lr,0
155207,2026-10-03,児島,3,4659,6.8,44.6,0.1333,0.2667,15,A1,0.15,16,78,38,3.4,0.2,0.124,10,6.54,0.25,0.12,29.9,0.3713,5,5,23,13.71,v2_lr,0
155207,2026-10-03,児島,4,4482,6.52,45.6,0.3469,0.5408,98,A1,0.18,14,68,26,4.6,0,0.209,10,6.55,0.125,0.07,33.49,1,5,5,23,24.96,v2_lr,0
155207,2026-10-03,児島,5,4266,6.47,41.9,0.1429,0.2857,14,A1,0.15,8,71,20,2.6,0.1,0.121,10,6.55,0.125,0.07,33.03,0.9194,5,5,23,5.49,v2_lr,0
155207,2026-10-03,児島,6,4445,6.8,36.7,0.1875,0.3125,16,A1,0.12,2,75,7,3.6,0.1,0.114,10,6.56,0,0.05,31.16,0.5919,5,5,23,3.96,v2_lr,1
155208,2026-10-03,児島,1,3783,6.57,36.4,0.1429,0.4286,7,A1,0.14,59,101,81,3.1,0.1,0.13,10,6.51,0.8571,-0.02,31.48,0,5,5,23,25.17,v2_lr,0
155208,2026-10-03,児島,2,4704,6.53,47.9,0.102,0.3061,49,A1,0.14,14,98,45,4.2,0,0.124,10,6.56,0.5,0.01,43.87,1,5,5,23,17.26,v2_lr,0
155208,2026-10-03,児島,3,3984,6.86,47.8,0.1429,0.2857,7,A1,0.18,16,85,39,4.1,0.1,0.147,10,6.63,0,0.07,34.11,0.2123,5,5,23,10.62,v2_lr,0
155208,2026-10-03,児島,4,4776,6.7,48.9,0.4211,0.5789,38,A1,0.15,10,76,28,3.5,0.3,0.129,10,6.57,0.4286,0.1,36.36,0.3939,5,5,23,24.47,v2_lr,0
155208,2026-10-03,児島,5,4787,6.87,53.5,0.2857,0.5714,7,A1,0.12,8,60,19,2.8,0.2,0.115,10,6.49,1,-0.09,39.82,0.6731,5,5,23,15.25,v2_lr,1
155208,2026-10-03,児島,6,4324,7.4,56.8,0.2632,0.5614,57,A1,0.14,17,87,38,3.8,0.1,0.108,10,6.56,0.5,-0.06,40.57,0.7337,5,5,23,7.22,v2_lr,0
155209,2026-10-03,児島,1,4497,6.64,45.9,0.375,0.6875,16,A1,0.14,72,95,83,3.1,0.2,0.117,10,6.6,0.1333,0.17,32.73,0.5705,4,3,24,34.86,v2_lr,1
155209,2026-10-03,児島,2,4528,6.64,46.6,0,0.2857,7,A1,0.15,17,68,34,3.4,0,0.111,10,6.56,0.4,0.1,27.93,0.2217,4,3,24,9.9,v2_lr,0
155209,2026-10-03,児島,3,4590,6.37,38.8,0.1765,0.3529,17,A1,0.14,12,65,29,3.9,0.2,0.164,10,6.56,0.4,0.06,36.12,0.8169,4,3,24,18.11,v2_lr,0
155209,2026-10-03,児島,4,4074,6.46,45.3,0.1538,0.3462,26,A1,0.15,12,87,35,4.4,0,0.12,10,6.62,0,0.08,38.64,1,4,3,24,8.9,v2_lr,0
155209,2026-10-03,児島,5,4713,6.71,48.1,0.3019,0.5094,106,A1,0.15,12,91,25,4.1,0.1,0.101,10,6.56,0.4,0.07,24.88,0,4,3,24,12.92,v2_lr,0
155209,2026-10-03,児島,6,3415,6.87,35.9,0.3462,0.5,26,A1,0.15,4,66,14,4,0.1,0.18,10,6.47,1,0.15,35.27,0.7551,4,3,24,15.31,v2_lr,0
155210,2026-10-03,児島,1,4851,7.49,50.4,0.1429,0.2857,7,A1,0.15,64,85,76,3.5,0.1,0.134,10,6.51,0.8824,0.08,34.27,0.6412,5,5,24,35.12,v2_lr,0
155210,2026-10-03,児島,2,4468,6.31,38.4,0,0.4286,7,A1,0.13,14,73,38,3.6,0,0.171,10,6.55,0.6471,0.19,36.57,0.8756,5,5,24,13.79,v2_lr,0
155210,2026-10-03,児島,3,4352,6.29,44.4,0.0588,0.2941,17,A1,0.14,10,65,30,3.2,0.2,0.119,10,6.49,1,0.17,36.15,0.8328,5,5,24,13.73,v2_lr,1
155210,2026-10-03,児島,4,4398,6.66,49.2,0.1379,0.4483,29,A1,0.14,11,82,31,4.2,0.1,0.13,10,6.61,0.2941,0.15,28.11,0.0133,5,5,24,8.45,v2_lr,0
155210,2026-10-03,児島,5,4166,6.86,44.2,0.383,0.6277,94,A1,0.14,9,81,20,3.3,0.3,0.091,10,6.66,0,0.02,37.79,1,5,5,24,23.21,v2_lr,0
155210,2026-10-03,児島,6,4361,7.11,50,0.1765,0.2941,17,A1,0.14,6,80,19,4,0.2,0.166,10,6.49,1,0.06,27.98,0,5,5,24,5.7,v2_lr,0
155211,2026-10-03,児島,1,4445,6.8,36.7,0.1875,0.3125,16,A1,0.12,73,92,84,3.6,0.1,0.114,10,6.6,0,0.36,31.16,0.4404,4,5,24,18.93,v2_lr,0
155211,2026-10-03,児島,2,5051,6.45,43.2,0.0625,0.5,16,A1,0.15,14,81,44,3.3,0.1,0.14,10,6.52,0.6667,0.21,35.62,1,4,5,24,11.63,v2_lr,0
155211,2026-10-03,児島,3,3779,6.44,36.2,0.2857,0.2857,7,A1,0.12,18,76,28,3.7,0.3,0.099,10,6.54,0.5,0.25,34.55,0.8657,4,5,24,18.48,v2_lr,0
155211,2026-10-03,児島,4,4907,6.75,50,0.4118,0.6471,17,A1,0.14,15,64,36,3.7,0.1,0.121,10,6.48,1,0.09,34.23,0.8256,4,5,24,21.93,v2_lr,1
155211,2026-10-03,児島,5,4928,6.56,48.6,0.4815,0.5926,27,A1,0.16,15,55,20,2.7,0.4,0.112,10,6.52,0.6667,0.1,34.11,0.8105,4,5,24,20.42,v2_lr,0
155211,2026-10-03,児島,6,3941,7.97,54.3,0.3846,0.7308,26,A1,0.11,2,70,10,2.3,0.3,0.109,10,6.58,0.1667,0.13,27.65,0,4,5,24,8.61,v2_lr,0
155212,2026-10-03,児島,1,4831,6.89,42.7,0.1429,0.5714,7,A1,0.16,59,85,71,3.2,0.1,0.136,10,6.51,1,0.02,35.71,0.4975,3,3,24,24.87,v2_lr,0
155212,2026-10-03,児島,3,4812,6.95,51.2,0.2857,0.4286,7,A1,0.14,12,60,31,3.1,0.3,0.134,10,6.51,1,0.13,43.72,1,3,3,24,23.7,v2_lr,1
155212,2026-10-03,児島,4,4371,7.18,45.1,0.0625,0.3125,16,A1,0.13,6,61,18,3.4,0.1,0.145,10,6.66,0.0625,0.13,27.78,0,3,3,24,3.68,v2_lr,0
155212,2026-10-03,児島,5,4397,6.7,45.1,0.3704,0.7037,27,A1,0.13,12,89,32,2.9,0.3,0.12,10,6.67,0,0.03,35.65,0.4937,3,3,24,14.85,v2_lr,0
155212,2026-10-03,児島,6,4772,6.3,47.5,0.2381,0.5238,21,A1,0.11,2,76,16,3.9,0.1,0.105,10,6.56,0.6875,0.01,31.63,0.2415,3,3,24,5.22,v2_lr,0
155213,2026-10-03,児島,1,4266,6.47,41.9,0.1429,0.2857,14,A1,0.15,82,104,96,2.6,0.1,0.121,10,6.53,1,-0.06,33.03,0.2504,3,3,24,27.73,v2_lr,1
155213,2026-10-03,児島,2,4503,7.33,53.9,0.2,0.5333,15,A1,0.11,17,85,42,2.9,0.3,0.121,10,6.53,1,0.05,33.95,0.399,3,3,24,25.88,v2_lr,0
155213,2026-10-03,児島,3,3783,6.57,36.4,0.1429,0.4286,7,A1,0.14,9,77,30,3.1,0.1,0.13,10,6.56,0.7,0.19,31.48,0,3,3,24,13.7,v2_lr,0
155213,2026-10-03,児島,4,4851,7.49,50.4,0.1429,0.2857,7,A1,0.15,9,63,24,3.5,0.1,0.134,10,6.63,0,0.05,34.27,0.4507,3,3,24,7.57,v2_lr,0
155213,2026-10-03,児島,5,4497,6.64,45.9,0.375,0.6875,16,A1,0.14,8,61,21,3.1,0.2,0.117,10,6.62,0.1,0.02,32.73,0.2019,3,3,24,16.15,v2_lr,0
155213,2026-10-03,児島,6,4370,6.86,50.4,0.3173,0.5481,104,A1,0.14,8,73,21,3,0.4,0.129,10,6.62,0.1,-0.01,37.67,1,3,3,24,8.97,v2_lr,0
155214,2026-10-03,児島,1,4762,6.77,43.4,0.3861,0.5743,101,A1,0.12,97,118,106,1.8,0.6,0.114,10,6.62,1,0.07,33.82,0.4328,3,3,24,25.32,v2_lr,1
155214,2026-10-03,児島,2,4960,7.63,68.3,0.4286,0.5357,28,A1,0.17,21,83,46,2,0.5,0.098,10,6.64,0.6667,0.18,38.07,0.7399,3,3,24,24.45,v2_lr,0
155214,2026-10-03,児島,3,4320,8.05,51.4,0.4286,0.5714,7,A1,0.13,12,61,31,2.4,0.4,0.084,10,6.68,0,0.15,40,0.8793,3,3,24,22.3,v2_lr,0
155214,2026-10-03,児島,4,4584,6.68,48.6,0.2553,0.5745,94,A1,0.14,12,70,24,2,0.3,0.109,10,6.64,0.6667,0.09,41.67,1,3,3,24,13.13,v2_lr,0
155214,2026-10-03,児島,5,4205,7.74,52.9,0.28,0.72,25,A1,0.13,8,63,28,2.9,0.2,0.146,10,6.65,0.5,0.04,27.83,0,3,3,24,8.73,v2_lr,0
155214,2026-10-03,児島,6,4980,7.12,52.7,0.3111,0.5778,45,A1,0.15,10,87,24,2.8,0.3,0.112,10,6.65,0.5,0.13,29.82,0.1438,3,3,24,6.06,v2_lr,0
155215,2026-10-03,徳山,1,5299,5.46,40.1,0,0.5,2,A2,0.16,33,54,41,3.8,0.1,0.133,10,6.88,0.875,-0.19,37.61,0.8709,4,4,25,34.92,v2_lr,1
155215,2026-10-03,徳山,2,5368,4.74,28.7,0,0.5,2,B1,0.17,5,20,9,3.5,0.1,0.118,10,6.87,1,-0.19,29.91,0.4172,4,4,25,24.14,v2_lr,0
155215,2026-10-03,徳山,3,5318,3.42,15,0,0,1,B1,0.19,2,54,6,4.3,0,0.163,10,6.95,0,-0.09,22.83,0,4,4,25,8.12,v2_lr,0
155215,2026-10-03,徳山,4,5282,4.87,24.5,0.0909,0.1818,11,B1,0.17,5,59,8,3.5,0.3,0.112,10,6.92,0.375,-0.03,36.28,0.7926,4,4,25,12.33,v2_lr,0
155215,2026-10-03,徳山,5,5432,2.23,5.4,0,0,1,B1,,0,44,0,5,0,0.137,10,6.91,0.5,-0.04,39.8,1,4,4,25,3.61,v2_lr,0
155215,2026-10-03,徳山,6,5214,5.12,31.7,0.3,0.5,10,B1,0.19,0,54,4,4,0.1,0.14,10,6.9,0.625,-0.09,30.33,0.442,4,4,25,16.89,v2_lr,0
155216,2026-10-03,徳山,1,5255,6.74,50.4,0.0769,0.4615,13,A1,0.22,44,70,52,4.3,0,0.159,10,6.93,0.5,0.08,33.07,0.3069,5,5,22,34.74,v2_lr,0
155216,2026-10-03,徳山,2,5178,4.24,22.7,0,0,1,B1,0.17,4,79,17,3.7,0.2,0.131,10,6.93,0.5,0.16,30.77,0.0425,5,5,22,14.76,v2_lr,0
155216,2026-10-03,徳山,3,5130,4.45,16.5,0,0.2,10,B1,0.18,3,85,16,4.5,0,0.197,10,6.94,0,0.13,35.66,0.6046,5,5,22,7.98,v2_lr,0
155216,2026-10-03,徳山,4,4985,6.63,44.8,0.2887,0.5258,97,A1,0.16,8,74,24,3.9,0.1,0.132,10,6.93,0.5,0.06,39.1,1,5,5,22,33.5,v2_lr,1
155216,2026-10-03,徳山,5,5245,4.35,21.4,0,0.5,2,B1,0.21,6,72,20,3.6,0,0.168,10,6.92,1,0.12,30.4,0,5,5,22,3.37,v2_lr,0
155216,2026-10-03,徳山,6,5085,5.58,34.5,0.125,0.375,16,A2,0.24,0,59,2,4.1,0.1,0.198,10,6.92,1,0.19,38.52,0.9333,5,5,22,5.64,v2_lr,0
155217,2026-10-03,徳山,1,5042,6.44,40.2,0.5,0.5,2,A1,0.1,66,91,77,3.7,0.2,0.179,10,6.99,0.1667,-0.17,33.61,0.345,5,5,22,42.41,v2_lr,0
155217,2026-10-03,徳山,2,5157,4.36,23.4,0,0,2,B1,0.17,10,74,21,3.6,0.2,0.132,10,7,0,0.04,39.78,0.5997,5,5,22,10.21,v2_lr,0
155217,2026-10-03,徳山,3,5394,3,7.6,0,0,1,B1,,0,6,0,3.8,0.2,0.169,10,6.96,0.6667,-0.04,49.48,1,5,5,22,9.2,v2_lr,0
155217,2026-10-03,徳山,4,5160,5.61,37.8,0.2333,0.3667,30,A2,0.15,6,73,18,2.8,0.4,0.149,10,6.94,1,-0.09,39.05,0.5695,5,5,22,22.32,v2_lr,1
155217,2026-10-03,徳山,5,5405,2.15,2.5,0,0,1,B1,,1,66,4,5,0,0.24,10,6.96,0.6667,-0.06,25.25,0,5,5,22,2.23,v2_lr,0
155217,2026-10-03,徳山,6,5145,5.81,41.7,0.2883,0.4324,111,A2,0.16,5,82,11,2.6,0.4,0.12,10,6.94,1,-0.27,29.73,0.1849,5,5,22,13.63,v2_lr,0
155218,2026-10-03,徳山,1,5066,6.43,46.8,0.3333,0.4667,30,A1,0.17,42,72,51,3.8,0.1,0.161,10,6.94,1,0.18,23.89,0.3777,5,5,23,42.9,v2_lr,1
155218,2026-10-03,徳山,3,5232,4.65,26.1,0,0,1,B1,0.18,5,60,21,3.4,0.3,0.148,10,6.95,0.8571,0.23,30.3,1,5,5,23,8.04,v2_lr,0
155218,2026-10-03,徳山,5,5170,4.67,29.2,0.0909,0.0909,11,B1,0.15,3,60,8,3.5,0.2,0.14,10,6.98,0.4286,0.02,20,0,5,5,23,4.01,v2_lr,0
155218,2026-10-03,徳山,6,5417,2.96,5.1,0,0,18,B1,,0,99,3,4.6,0,0.237,10,7.01,0,0.13,23.58,0.3476,5,5,23,0.82,v2_lr,0
155219,2026-10-03,徳山,1,5158,6.78,52,0.25,0.5,12,A1,0.17,61,87,69,3.2,0.1,0.134,10,6.87,1,0,31.46,0.4472,4,4,23,46.51,v2_lr,1
155219,2026-10-03,徳山,2,5183,4.47,28.2,0.0909,0.1818,11,B1,0.14,6,68,22,3.4,0,0.185,10,6.93,0.6,-0.02,26.04,0.0964,4,4,23,23.49,v2_lr,0
155219,2026-10-03,徳山,3,5336,3.04,9.5,0,0.1111,27,B1,0.17,1,43,4,4.7,0,0.193,10,6.97,0.3333,0,29.91,0.3469,4,4,23,7.92,v2_lr,0
155219,2026-10-03,徳山,4,5293,2.63,8.8,0,0,3,B1,0.26,2,37,5,3.7,0.1,0.224,10,7.02,0,0.03,24.55,0,4,4,23,3.23,v2_lr,0
155219,2026-10-03,徳山,5,5224,7.08,48.9,0.2727,0.4545,22,A1,0.13,4,65,15,2.5,0.5,0.146,10,6.93,0.6,0.09,25.84,0.0835,4,4,23,17.03,v2_lr,0
155219,2026-10-03,徳山,6,5372,1.89,0,0,0.25,4,B2,,1,141,1,5,0,0.127,10,6.88,0.9333,0.06,40,1,4,4,23,1.83,v2_lr,0
155220,2026-10-03,徳山,1,5243,4.86,27.3,0,0.375,8,B1,0.17,33,76,48,2.6,0.1,0.143,10,6.85,1,-0.04,19.19,0,4,4,23,34.6,v2_lr,1
155220,2026-10-03,徳山,2,5330,6.01,42.5,0.1765,0.4118,17,A2,0.15,12,67,26,3.8,0.1,0.119,10,6.9,0.5455,0.09,30.48,0.6099,4,4,23,43.63,v2_lr,0
155220,2026-10-03,徳山,3,5368,4.74,28.7,0,0.5,2,B1,0.17,2,19,7,3.5,0.1,0.118,10,6.91,0.4545,0.17,29.91,0.5791,4,4,23,10.39,v2_lr,0
155220,2026-10-03,徳山,4,5396,1.83,3.3,0,0,23,B2,,0,35,3,5,0,0.182,10,6.93,0.2727,-0.04,37.7,1,4,4,23,6.29,v2_lr,0
155220,2026-10-03,徳山,5,5332,4.33,23.7,0,0,10,B1,0.18,4,68,8,4.1,0.1,0.162,10,6.94,0.1818,-0.16,22.61,0.1848,4,4,23,3.3,v2_lr,0
155220,2026-10-03,徳山,6,5298,6.9,49.6,0,0,2,A1,0.15,6,73,13,3.4,0.2,0.145,10,6.96,0,-0.14,26.8,0.4111,4,4,23,1.77,v2_lr,0
155221,2026-10-03,徳山,1,5154,4.72,21.6,0.1,0.4,10,B1,0.16,18,45,26,3.4,0.3,0.169,10,7.02,0,0.07,22.52,0,3,3,24,25.1,v2_lr,1
155221,2026-10-03,徳山,2,5160,5.61,37.8,0.2333,0.3667,30,A2,0.15,11,83,28,2.8,0.4,0.149,10,6.92,0.5882,-0.01,39.05,0.9566,3,3,24,36.01,v2_lr,0
155221,2026-10-03,徳山,3,5136,6.46,45.8,0.2,0.3333,15,A1,0.14,9,90,35,3.8,0.2,0.136,10,6.9,0.7059,-0.08,32.71,0.5897,3,3,24,27.24,v2_lr,0
155221,2026-10-03,徳山,4,5432,2.23,5.4,0,0,1,B1,,1,26,2,5,0,0.137,10,6.94,0.4706,0.1,39.8,1,3,3,24,4.37,v2_lr,0
155221,2026-10-03,徳山,5,5197,6.06,44.4,0.1,0.3,10,B2,0.13,2,44,11,2.8,0.2,0.14,10,6.85,1,0.05,27.96,0.3148,3,3,24,6.4,v2_lr,0
155221,2026-10-03,徳山,6,5448,0,0,0,0,1,B2,,0,39,0,5.8,0,0.179,10,6.97,0.2941,0.04,31.91,0.5434,3,3,24,0.87,v2_lr,0
155222,2026-10-03,徳山,1,5130,4.45,16.5,0,0.2,10,B1,0.18,26,65,37,4.5,0,0.197,10,6.96,0.2857,0.04,35.66,0.4318,4,4,24,19.54,v2_lr,0
155222,2026-10-03,徳山,2,5185,5.15,31.8,0.75,0.75,4,B1,0.12,6,71,23,3.2,0.3,0.135,10,6.91,1,0.05,52.54,1,4,4,24,47.3,v2_lr,0
155222,2026-10-03,徳山,3,5166,6.1,37.1,0.1935,0.4839,31,A2,0.2,17,65,29,3.6,0,0.138,10,6.96,0.2857,0.11,38,0.5106,4,4,24,21.7,v2_lr,1
155222,2026-10-03,徳山,4,5318,3.42,15,0,0,1,B1,0.19,3,80,5,4.3,0,0.163,10,6.98,0,0.15,22.83,0,4,4,24,2.74,v2_lr,0
155222,2026-10-03,徳山,5,5280,6.93,52.8,0.1111,0.2778,18,A1,0.15,8,87,31,3.2,0.1,0.145,10,6.91,1,0.05,35.71,0.4335,4,4,24,7.29,v2_lr,0
155222,2026-10-03,徳山,6,5374,2.61,4.8,0,0,22,B1,,0,110,1,4.2,0.1,0.167,10,6.92,0.8571,0.13,40.17,0.5836,4,4,24,1.44,v2_lr,0
155223,2026-10-03,徳山,1,5137,5.54,38.3,0.4118,0.5882,17,A2,0.19,36,57,47,3.8,0.1,0.157,10,6.88,0.8,-0.01,44.66,0.7483,5,5,24,39.46,v2_lr,0
155223,2026-10-03,徳山,2,5214,5.12,31.7,0.3,0.5,10,B1,0.19,6,85,28,4,0.1,0.14,10,6.91,0.5,0.05,30.33,0,5,5,24,32.41,v2_lr,0
155223,2026-10-03,徳山,3,5375,2.56,4.7,0,0,32,B1,,0,1,0,4.9,0,0.199,10,6.94,0.2,-0.02,36.36,0.3149,5,5,24,5.78,v2_lr,0
155223,2026-10-03,徳山,4,5085,5.58,34.5,0.125,0.375,16,A2,0.24,8,68,14,4.1,0.1,0.198,10,6.92,0.4,-0.01,38.52,0.4277,5,5,24,9.06,v2_lr,0
155223,2026-10-03,徳山,5,5158,6.78,52,0.25,0.5,12,A1,0.17,5,64,14,3.2,0.1,0.134,10,6.86,1,0.19,31.46,0.059,5,5,24,12.43,v2_lr,1
155223,2026-10-03,徳山,6,5394,3,7.6,0,0,1,B1,,1,113,2,3.8,0.2,0.169,10,6.96,0,0.13,49.48,1,5,5,24,0.85,v2_lr,0
155224,2026-10-03,徳山,1,5282,4.87,24.5,0.0909,0.1818,11,B1,0.17,24,49,29,3.5,0.3,0.112,10,7,0.3684,0.04,36.28,0.7478,4,4,25,34.26,v2_lr,1
155224,2026-10-03,徳山,2,5288,3.69,18.7,0.0526,0.1053,19,B1,0.16,4,46,11,4.1,0,0.141,10,7.02,0.2632,0.11,38.6,0.9051,4,4,25,19.09,v2_lr,0
155224,2026-10-03,徳山,3,5134,5.69,39,0.2813,0.4688,32,A2,0.14,12,81,29,2.8,0.3,0.174,10,7.07,0,0.49,27.36,0.1431,4,4,25,26.25,v2_lr,0
155224,2026-10-03,徳山,4,5405,2.15,2.5,0,0,1,B1,,2,46,3,5,0,0.24,10,6.97,0.5263,0.08,25.25,0,4,4,25,4.35,v2_lr,0
155224,2026-10-03,徳山,5,5372,1.89,0,0,0.25,4,B2,,0,77,0,5,0,0.127,10,6.88,1,0.07,40,1,4,4,25,3.72,v2_lr,0
155224,2026-10-03,徳山,6,4985,6.63,44.8,0.2887,0.5258,97,A1,0.16,0,74,13,3.9,0.1,0.132,10,6.98,0.4737,0.19,39.1,0.939,4,4,25,12.33,v2_lr,0
155225,2026-10-03,徳山,1,5336,3.04,9.5,0,0.1111,27,B1,0.17,4,24,9,4.7,0,0.193,10,6.94,0.5,0.17,29.91,0,4,4,25,21.65,v2_lr,0
155225,2026-10-03,徳山,3,5299,5.46,40.1,0,0.5,2,A2,0.16,12,71,28,3.8,0.1,0.133,10,6.95,0.375,0.22,37.61,1,4,4,25,8.75,v2_lr,0
155225,2026-10-03,徳山,4,5042,6.44,40.2,0.5,0.5,2,A1,0.1,10,78,27,3.7,0.2,0.179,10,6.9,1,0.08,33.61,0.4805,4,4,25,52,v2_lr,1
155225,2026-10-03,徳山,5,5448,0,0,0,0,1,B2,,0,14,0,5.8,0,0.179,10,6.96,0.25,0.29,31.91,0.2597,4,4,25,1.53,v2_lr,0
155225,2026-10-03,徳山,6,5178,4.24,22.7,0,0,1,B1,0.17,0,56,1,3.7,0.2,0.131,10,6.98,0,0.22,30.77,0.1117,4,4,25,0.94,v2_lr,0
155226,2026-10-03,徳山,1,5224,7.08,48.9,0.2727,0.4545,22,A1,0.13,67,99,84,2.5,0.5,0.146,10,6.93,0.4,0.01,25.84,0.165,4,4,24,28.98,v2_lr,0
155226,2026-10-03,徳山,2,5066,6.43,46.8,0.3333,0.4667,30,A1,0.17,18,76,40,3.8,0.1,0.161,10,6.93,0.4,-0.01,23.89,0,4,4,24,27.91,v2_lr,0
155226,2026-10-03,徳山,3,5145,5.81,41.7,0.2883,0.4324,111,A2,0.16,10,81,34,2.6,0.4,0.12,10,6.87,1,0.03,29.73,0.4941,4,4,24,24.54,v2_lr,1
155226,2026-10-03,徳山,4,5280,6.93,52.8,0.1111,0.2778,18,A1,0.15,11,84,31,3.2,0.1,0.145,10,6.92,0.5,0,35.71,1,4,4,24,7.97,v2_lr,0
155226,2026-10-03,徳山,5,5136,6.46,45.8,0.2,0.3333,15,A1,0.14,9,77,20,3.8,0.2,0.136,10,6.97,0,-0.05,32.71,0.7462,4,4,24,6.45,v2_lr,0
155226,2026-10-03,徳山,6,5330,6.01,42.5,0.1765,0.4118,17,A2,0.15,1,70,8,3.8,0.1,0.119,10,6.91,0.6,-0.11,30.48,0.5575,4,4,24,4.15,v2_lr,0
155227,2026-10-03,下関,1,5342,1.81,1.1,0,0.0635,63,B2,,1,3,1,5,0,0.123,10,6.7,0.8333,-0.04,41.58,1,2,2,21,39.7,v2_lr,1
155227,2026-10-03,下関,2,5326,4.55,25.2,0,0.0909,11,B1,0.17,7,43,18,3.7,0.1,0.158,10,6.68,1,0.03,32.14,0.5537,2,2,21,27.92,v2_lr,0
155227,2026-10-03,下関,3,4720,4.05,15.9,0,0.1579,19,B1,0.18,5,62,12,4.8,0,0.169,10,6.79,0.0833,0.11,25.51,0.2402,2,2,21,9.85,v2_lr,0
155227,2026-10-03,下関,4,5391,1.78,0,0,0.0247,81,B2,,0,46,3,5.9,0,0.175,10,6.77,0.25,-0.02,41.24,0.9839,2,2,21,6.94,v2_lr,0
155227,2026-10-03,下関,5,4947,4.61,21.7,0.0667,0.2,30,B1,0.19,1,67,10,3.3,0.2,0.143,10,6.71,0.75,0.16,20.43,0,2,2,21,6.39,v2_lr,0
155227,2026-10-03,下関,6,4730,5.23,31.5,0.2273,0.3636,22,B1,0.18,1,48,4,4.4,0.1,0.163,10,6.8,0,0.03,32.32,0.5622,2,2,21,9.2,v2_lr,0
155228,2026-10-03,下関,1,4678,5.38,32.5,0.1923,0.3846,26,B1,0.16,35,56,40,3.7,0.1,0.172,10,6.73,1,0.04,34.41,0.7487,1,1,23,43.23,v2_lr,1
155228,2026-10-03,下関,3,5195,5.53,35.6,0,0,8,A2,0.14,7,57,16,2.5,0.5,0.127,10,6.85,0,-0.01,26.04,0.219,1,1,23,6.88,v2_lr,0
155228,2026-10-03,下関,4,5265,3.47,14.1,0.1111,0.1111,9,B1,0.15,6,76,10,3.6,0.3,0.15,10,6.79,0.5,-0.05,22.58,0,1,1,23,9.88,v2_lr,0
155228,2026-10-03,下関,5,5322,2.3,5.7,0.0625,0.125,16,B1,0.22,0,75,3,3.3,0,0.124,10,6.77,0.6667,0.04,34.34,0.7443,1,1,23,4.45,v2_lr,0
155228,2026-10-03,下関,6,4997,3.72,14.8,0,0.3333,3,B2,0.15,0,28,1,3.6,0,0.148,10,6.75,0.8333,-0.09,38.38,1,1,1,23,2.04,v2_lr,0
155229,2026-10-03,下関,1,4400,4.04,17.6,0,0.0833,12,B1,0.2,8,44,20,4.9,0,0.216,10,6.79,0.3,-0.06,26,0,2,2,23,18.25,v2_lr,0
155229,2026-10-03,下関,2,5335,2.23,7.2,0.1579,0.2632,19,B1,0.19,0,28,3,4.1,0,0.165,10,6.79,0.3,-0.11,35.56,0.5536,2,2,23,25.55,v2_lr,0
155229,2026-10-03,下関,3,3845,5.5,31.2,0.1429,0.4286,14,A2,0.19,14,60,24,2.9,0.3,0.222,10,6.8,0.2,0.07,31.52,0.3196,2,2,23,15.58,v2_lr,0
155229,2026-10-03,下関,4,5165,4.38,23.5,0.3333,0.3333,3,B1,0.16,4,61,14,2.4,0.3,0.129,10,6.82,0,-0.02,42.11,0.9328,2,2,23,25.83,v2_lr,1
155229,2026-10-03,下関,5,4784,4.3,26.8,0.1429,0.2857,21,B1,0.21,1,46,8,3.2,0,0.183,10,6.77,0.5,0.21,27.52,0.088,2,2,23,5.13,v2_lr,0
155229,2026-10-03,下関,6,5189,5.63,34.3,0.2222,0.4444,27,A2,0.21,0,58,7,2.5,0.4,0.154,10,6.72,1,-0.01,43.27,1,2,2,23,9.66,v2_lr,0
155230,2026-10-03,下関,1,4893,5.16,30.5,0,0.5,4,B1,0.17,17,44,27,3.5,0.1,0.116,10,6.74,1,0.09,41.05,0.9112,1,1,23,24.64,v2_lr,1
155230,2026-10-03,下関,2,4853,3.96,18.6,0.1538,0.2692,26,B1,0.21,9,62,21,3.7,0.2,0.219,10,6.79,0.5455,0.11,29.67,0.3531,1,1,23,26.2,v2_lr,0
155230,2026-10-03,下関,3,4387,6.31,44,0.3056,0.5,36,A1,0.14,18,76,40,1.7,0.5,0.159,10,6.8,0.4545,0.26,33.68,0.5498,1,1,23,31.43,v2_lr,0
155230,2026-10-03,下関,4,4791,5.14,33.3,0.0833,0.5,12,B1,0.19,10,68,25,2.7,0.1,0.205,10,6.85,0,0.02,22.47,0,1,1,23,5.55,v2_lr,0
155230,2026-10-03,下関,5,4927,5.53,34.5,0.2143,0.3571,14,A2,0.16,5,67,10,2.9,0,0.13,10,6.81,0.3636,0.06,42.86,1,1,1,23,11.31,v2_lr,0
155230,2026-10-03,下関,6,5437,1.28,2.1,0,0,3,B2,,0,67,1,5.7,0,0.203,10,6.84,0.0909,0.08,37.25,0.7249,1,1,23,0.87,v2_lr,0
155231,2026-10-03,下関,1,4938,6.93,53,0.2593,0.3333,27,A1,0.13,60,88,75,3.7,0.1,0.121,10,6.77,1,0.17,28.13,0.1898,1,1,23,43.2,v2_lr,1
155231,2026-10-03,下関,2,3943,1.86,0,0.1,0.1,10,B2,0.19,0,11,1,5.3,0,0.17,10,6.85,0,0.22,40,0.9096,1,1,23,17.62,v2_lr,0
155231,2026-10-03,下関,3,4045,4.3,27.9,0.1644,0.3836,73,B1,0.15,11,76,26,2.8,0.4,0.19,10,6.81,0.5,0.14,41.49,1,1,1,23,20.78,v2_lr,0
155231,2026-10-03,下関,4,3334,5.47,40,0.2051,0.5897,39,A2,0.22,5,75,19,2.9,0.3,0.153,10,6.81,0.5,0.1,28.13,0.1898,1,1,23,15.32,v2_lr,0
155231,2026-10-03,下関,5,5287,3.49,14.2,0,0.25,12,B1,0.12,1,57,3,3.8,0,0.116,10,6.78,0.875,0.19,25,0,1,1,23,2.35,v2_lr,0
155231,2026-10-03,下関,6,5360,3.21,8.8,0,0.125,8,B1,0.2,0,111,3,5.5,0,0.344,10,6.83,0.25,0.48,27.84,0.1722,1,1,23,0.72,v2_lr,0
155232,2026-10-03,下関,1,5146,5.53,33.3,0.1719,0.3281,64,A2,0.13,28,59,43,3.2,0.2,0.138,10,6.85,0.2,0.24,31.25,0.0485,1,1,23,33.1,v2_lr,1
155232,2026-10-03,下関,2,4844,4.82,29.8,0.1,0.2333,30,B1,0.15,7,87,27,3.3,0.3,0.148,10,6.8,0.5333,0.24,52.04,1,1,1,23,22.75,v2_lr,0
155232,2026-10-03,下関,3,5250,3.94,17.4,0.2,0.2,10,B1,0.2,2,54,12,2.7,0.2,0.125,10,6.88,0,0.28,30.19,0,1,1,23,17.35,v2_lr,0
155232,2026-10-03,下関,4,5416,2.7,9.2,0.1,0.1,10,B1,,3,26,5,3.6,0.3,0.129,10,6.74,0.9333,0.28,41.24,0.5057,1,1,23,9.24,v2_lr,0
155232,2026-10-03,下関,5,4804,6.61,49.2,0.2727,0.4545,11,A1,0.23,11,64,19,1.9,0.5,0.189,10,6.73,1,0.32,36.73,0.2993,1,1,23,16.45,v2_lr,0
155232,2026-10-03,下関,6,5440,1.53,4.1,0,0,10,B2,,0,99,3,5.4,0,0.125,10,6.77,0.7333,0.21,38.3,0.3712,1,1,23,1.11,v2_lr,0
155233,2026-10-03,下関,1,5317,4.82,22.6,0.075,0.15,40,B1,0.16,13,36,20,3.3,0,0.13,10,6.72,1,0.08,36.73,0.7447,2,2,23,33.17,v2_lr,1
155233,2026-10-03,下関,2,4014,5.6,40.2,0.1977,0.3721,86,A2,0.16,10,62,26,3.5,0.4,0.145,10,6.76,0.7778,0.08,41.05,0.9721,2,2,23,35.04,v2_lr,0
155233,2026-10-03,下関,3,4400,4.04,17.6,0,0.0833,12,B1,0.2,3,66,15,4.9,0,0.216,10,6.9,0,0.22,26,0.18,2,2,23,5.32,v2_lr,0
155233,2026-10-03,下関,4,5342,1.81,1.1,0,0.0635,63,B2,,0,63,2,5,0,0.123,10,6.8,0.5556,0.09,41.58,1,2,2,23,4.68,v2_lr,0
155233,2026-10-03,下関,5,5265,3.47,14.1,0.1111,0.1111,9,B1,0.15,2,71,4,3.6,0.3,0.15,10,6.82,0.4444,0.22,22.58,0,2,2,23,4.24,v2_lr,0
155233,2026-10-03,下関,6,4642,6.08,47.4,0.3684,0.6842,19,A2,0.15,4,55,10,2.3,0.4,0.17,10,6.79,0.6111,0.12,38.68,0.8474,2,2,23,17.55,v2_lr,0
155234,2026-10-03,下関,1,4556,6.72,51.1,0.2222,0.4074,27,A1,0.21,50,66,62,3.1,0.2,0.157,10,6.8,0.3333,0.08,51.52,1,3,3,22,38.76,v2_lr,1
155234,2026-10-03,下関,2,5045,5.89,38.5,0.1935,0.4839,31,A2,0.19,17,70,35,3.2,0.2,0.18,10,6.77,0.8333,0.04,38.14,0.4425,3,3,22,32.78,v2_lr,0
155234,2026-10-03,下関,3,4784,4.3,26.8,0.1429,0.2857,21,B1,0.21,3,56,14,3.2,0,0.183,10,6.82,0,0.11,27.52,0,3,3,22,12.91,v2_lr,0
155234,2026-10-03,下関,4,5052,4.47,23.5,0,0.5,2,B1,0.13,4,20,4,4.1,0.1,0.148,10,6.82,0,0.29,39.58,0.5025,3,3,22,2.71,v2_lr,0
155234,2026-10-03,下関,5,5391,1.78,0,0,0.0247,81,B2,,0,82,0,5.9,0,0.175,10,6.76,1,0.14,41.24,0.5717,3,3,22,2.73,v2_lr,0
155234,2026-10-03,下関,6,4536,6.11,41,0.2632,0.5263,19,A2,0.13,2,70,7,2.7,0.3,0.202,10,6.76,1,0.12,32.26,0.1975,3,3,22,10.11,v2_lr,0
155235,2026-10-03,下関,1,5326,4.55,25.2,0,0.0909,11,B1,0.17,12,31,13,3.7,0.1,0.158,10,6.74,0.8182,0.11,32.14,0.3045,3,3,21,25.76,v2_lr,1
155235,2026-10-03,下関,2,5287,3.49,14.2,0,0.25,12,B1,0.12,4,58,13,3.8,0,0.116,10,6.75,0.7273,0.27,25,0,3,3,21,13.57,v2_lr,0
155235,2026-10-03,下関,3,4373,6.4,42.5,0.25,0.375,24,A1,0.19,9,72,29,2.5,0.2,0.171,10,6.72,1,0.31,48.45,1,3,3,21,37.14,v2_lr,0
155235,2026-10-03,下関,4,4853,3.96,18.6,0.1538,0.2692,26,B1,0.21,2,62,10,3.7,0.2,0.219,10,6.82,0.0909,0.11,29.67,0.1991,3,3,21,10.98,v2_lr,0
155235,2026-10-03,下関,5,5335,2.23,7.2,0.1579,0.2632,19,B1,0.19,3,80,10,4.1,0,0.165,10,6.83,0,0.13,35.56,0.4503,3,3,21,5.81,v2_lr,0
155235,2026-10-03,下関,6,4372,5.75,36.9,0.2308,0.3846,26,A2,0.2,0,44,1,2.6,0.5,0.15,10,6.83,0,0.05,38,0.5544,3,3,21,6.73,v2_lr,0
155236,2026-10-03,下関,1,3845,5.5,31.2,0.1429,0.4286,14,A2,0.19,46,70,56,2.9,0.3,0.222,10,6.77,0.375,0.19,31.52,0.3464,3,3,21,33.07,v2_lr,1
155236,2026-10-03,下関,2,4720,4.05,15.9,0,0.1579,19,B1,0.18,6,61,21,4.8,0,0.169,10,6.8,0,0.09,25.51,0,3,3,21,10.09,v2_lr,0
155236,2026-10-03,下関,3,4927,5.53,34.5,0.2143,0.3571,14,A2,0.16,13,87,43,2.9,0,0.13,10,6.8,0,0.11,42.86,1,3,3,21,23.84,v2_lr,0
155236,2026-10-03,下関,4,4938,6.93,53,0.2593,0.3333,27,A1,0.13,9,75,22,3.7,0.1,0.121,10,6.72,1,-0.03,28.13,0.151,3,3,21,26.66,v2_lr,0
155236,2026-10-03,下関,5,4997,3.72,14.8,0,0.3333,3,B2,0.15,1,33,2,3.6,0,0.148,10,6.75,0.625,-0.01,38.38,0.7418,3,3,21,2.93,v2_lr,0
155236,2026-10-03,下関,6,5416,2.7,9.2,0.1,0.1,10,B1,,1,115,5,3.6,0.3,0.129,10,6.74,0.75,0.05,41.24,0.9066,3,3,21,3.4,v2_lr,0
155237,2026-10-03,下関,1,4804,6.61,49.2,0.2727,0.4545,11,A1,0.23,64,89,74,1.9,0.5,0.189,10,6.76,0.8333,0.09,36.73,0.6652,3,3,21,28.41,v2_lr,0
155237,2026-10-03,下関,2,5165,4.38,23.5,0.3333,0.3333,3,B1,0.16,9,67,21,2.4,0.3,0.129,10,6.74,1,0.15,42.11,1,3,3,21,28.13,v2_lr,1
155237,2026-10-03,下関,3,3334,5.47,40,0.2051,0.5897,39,A2,0.22,6,87,36,2.9,0.3,0.153,10,6.77,0.75,0.12,28.13,0.1301,3,3,21,15.84,v2_lr,0
155237,2026-10-03,下関,4,4730,5.23,31.5,0.2273,0.3636,22,B1,0.18,7,53,13,4.4,0.1,0.163,10,6.78,0.6667,0.22,32.32,0.3908,3,3,21,11.98,v2_lr,0
155237,2026-10-03,下関,5,4642,6.08,47.4,0.3684,0.6842,19,A2,0.15,11,60,19,2.3,0.4,0.17,10,6.82,0.3333,0.11,38.68,0.7866,3,3,21,15.08,v2_lr,0
155237,2026-10-03,下関,6,5195,5.53,35.6,0,0,8,A2,0.14,1,51,4,2.5,0.5,0.127,10,6.86,0,0.13,26.04,0,3,3,21,0.56,v2_lr,0
155238,2026-10-03,下関,1,4387,6.31,44,0.3056,0.5,36,A1,0.14,75,113,95,1.7,0.5,0.159,10,6.78,0.4,0.16,33.68,0.5801,3,3,21,36.33,v2_lr,1
155238,2026-10-03,下関,2,4947,4.61,21.7,0.0667,0.2,30,B1,0.19,8,78,27,3.3,0.2,0.143,10,6.75,1,0.06,20.43,0,3,3,21,18.4,v2_lr,0
155238,2026-10-03,下関,3,5189,5.63,34.3,0.2222,0.4444,27,A2,0.21,12,56,21,2.5,0.4,0.154,10,6.77,0.6,0.09,43.27,1,3,3,21,24.04,v2_lr,0
155238,2026-10-03,下関,4,5146,5.53,33.3,0.1719,0.3281,64,A2,0.13,5,64,11,3.2,0.2,0.138,10,6.8,0,0.11,31.25,0.4737,3,3,21,9.43,v2_lr,0
155238,2026-10-03,下関,5,4678,5.38,32.5,0.1923,0.3846,26,B1,0.16,2,59,5,3.7,0.1,0.172,10,6.79,0.2,0.11,34.41,0.6121,3,3,21,7.05,v2_lr,0
155238,2026-10-03,下関,6,5045,5.89,38.5,0.1935,0.4839,31,A2,0.19,3,74,9,3.2,0.2,0.18,10,6.78,0.4,0.07,38.14,0.7754,3,3,21,4.75,v2_lr,0
155239,2026-10-03,福岡,1,4645,6.41,46.3,0.2143,0.4286,14,A1,0.14,76,101,93,2,0.5,0.175,10,6.78,1,0.07,37.16,0.411,4,4,25,48.91,v2_lr,1
155239,2026-10-03,福岡,2,5006,3.42,12.2,0,0.3333,3,B1,0.2,2,61,8,4.1,0,0.197,10,6.79,0.875,0.07,40,0.9321,4,4,25,18.58,v2_lr,0
155239,2026-10-03,福岡,3,3699,4.24,20,0.0769,0.4615,13,B1,0.18,3,49,16,2.7,0.1,0.161,10,6.8,0.75,0.08,40.37,1,4,4,25,17.59,v2_lr,0
155239,2026-10-03,福岡,4,3224,3.78,13.9,0.0909,0.0909,11,B1,0.18,1,61,8,4,0.3,0.159,10,6.83,0.375,0.03,34.92,0,4,4,25,8.77,v2_lr,0
155239,2026-10-03,福岡,6,5457,0,0,0,0,2,B2,,0,38,0,5.7,0,0.199,10,6.86,0,0.08,40.27,0.9817,4,4,25,0.97,v2_lr,0
155240,2026-10-03,福岡,1,3745,5.62,32.4,0.1739,0.3913,23,B1,0.17,38,70,51,3.6,0.1,0.168,10,6.84,0.6,0.14,40,1,4,4,23,40.29,v2_lr,1
155240,2026-10-03,福岡,2,5337,4.72,25.2,0.0824,0.2,85,B1,,0,1,0,4.2,0.1,0.185,10,6.78,1,-0.05,37.5,0.7756,4,4,23,28.29,v2_lr,0
155240,2026-10-03,福岡,3,3797,3.78,16.3,0,0,3,B1,0.2,2,69,10,4.8,0,0.2,10,6.93,0,-0.05,38.36,0.8528,4,4,23,7.82,v2_lr,0
155240,2026-10-03,福岡,4,5067,5,28.7,0.1034,0.2069,29,B1,0.16,3,65,8,3.1,0.3,0.148,10,6.8,0.8667,0.13,28.86,0,4,4,23,10.4,v2_lr,0
155240,2026-10-03,福岡,5,5092,6.11,45,0.2179,0.4872,78,A2,0.14,3,59,11,4.8,0.1,0.151,10,6.86,0.4667,-0.01,33.07,0.3779,4,4,23,12.15,v2_lr,0
155240,2026-10-03,福岡,6,5469,0,0,0,0,3,B2,,0,33,0,5.6,0,0.197,10,6.83,0.6667,0.11,31.88,0.2711,4,4,23,1.04,v2_lr,0
155241,2026-10-03,福岡,1,3268,4.35,21.8,0,0.6667,3,B1,0.16,23,49,36,3.1,0.3,0.143,10,6.89,0,0.06,60.58,1,5,5,24,16.75,v2_lr,0
155241,2026-10-03,福岡,2,4396,5,29.2,0.0952,0.3333,21,B1,0.19,7,75,23,4.3,0.2,0.179,10,6.83,0.6,-0.08,31.72,0,5,5,24,20.95,v2_lr,0
155241,2026-10-03,福岡,3,3473,6.29,48.8,0.303,0.5303,66,A1,0.15,27,81,40,2.3,0.5,0.134,10,6.82,0.7,-0.13,42.47,0.3725,5,5,24,32.96,v2_lr,1
155241,2026-10-03,福岡,4,4406,4.19,24,0.1905,0.1905,21,B1,0.16,3,79,8,4.2,0.1,0.15,10,6.79,1,0.19,34.04,0.0804,5,5,24,14.92,v2_lr,0
155241,2026-10-03,福岡,5,4164,4.16,19.4,0,0,5,B1,0.17,0,52,4,3.9,0,0.188,10,6.79,1,0.07,45.07,0.4626,5,5,24,2.99,v2_lr,0
155241,2026-10-03,福岡,6,3957,5.34,30.9,0.2857,0.3571,14,B1,0.2,1,61,8,3.2,0.1,0.181,10,6.8,0.9,0.02,39.23,0.2602,5,5,24,11.44,v2_lr,0
155242,2026-10-03,福岡,1,4899,4.58,26.6,0.1613,0.2903,31,B1,0.19,20,43,26,3.4,0.2,0.151,10,6.8,0.3636,0.07,37.42,0.7093,4,4,24,40.93,v2_lr,0
155242,2026-10-03,福岡,2,3964,4.66,21.2,0,0,3,B1,0.18,5,71,19,3.3,0.2,0.193,10,6.82,0.1818,0.3,40,0.9001,4,4,24,13.38,v2_lr,0
155242,2026-10-03,福岡,3,3459,3.67,12.3,0.0588,0.2353,34,B1,0.12,4,65,15,3.9,0.1,0.207,10,6.78,0.5455,0.23,27.83,0,4,4,24,11.47,v2_lr,0
155242,2026-10-03,福岡,4,5038,6.41,47.5,0.1429,0.4286,14,A2,0.18,14,67,25,3.2,0.2,0.178,10,6.77,0.6364,0.03,41.35,1,4,4,24,16.62,v2_lr,0
155242,2026-10-03,福岡,5,5121,7.89,61.1,0.2,0.6,10,A1,0.15,9,66,23,2.8,0.2,0.12,10,6.73,1,-0.05,34.35,0.4822,4,4,24,16.6,v2_lr,1
155242,2026-10-03,福岡,6,4299,4.51,20.6,0,0.2,15,B1,0.14,0,43,2,3.4,0,0.127,10,6.84,0,0.12,28.69,0.0636,4,4,24,1,v2_lr,0
155243,2026-10-03,福岡,1,3699,4.24,20,0.0769,0.4615,13,B1,0.18,9,42,23,2.7,0.1,0.161,10,6.8,0.5833,0.24,40.37,0.7125,4,4,24,20.59,v2_lr,0
155243,2026-10-03,福岡,2,4184,7.36,58,0.4167,0.5833,12,A1,0.17,18,63,41,2.9,0.3,0.167,10,6.75,1,0.24,40,0.6898,4,4,24,33.92,v2_lr,1
155243,2026-10-03,福岡,3,3955,4.84,24.5,0.0909,0.2273,22,B2,0.18,6,64,22,3.8,0,0.164,10,6.87,0,0.14,33.33,0.2801,4,4,24,8.05,v2_lr,0
155243,2026-10-03,福岡,4,4210,5.69,32.1,0.6667,0.6667,3,A2,0.18,4,78,16,2.8,0.2,0.186,10,6.81,0.5,0.12,45.05,1,4,4,24,34.94,v2_lr,0
155243,2026-10-03,福岡,5,4816,5.62,38.7,0,0.3333,3,A2,0.12,6,70,17,3.4,0.3,0.135,10,6.82,0.4167,0.06,38.82,0.6173,4,4,24,1.81,v2_lr,0
155243,2026-10-03,福岡,6,5369,3.64,20,0,0.05,20,B1,0.18,1,102,2,4.7,0.1,0.134,10,6.84,0.25,0.1,28.77,0,4,4,24,0.69,v2_lr,0
155244,2026-10-03,福岡,1,5020,4.25,21.9,0.0455,0.1364,22,B1,0.19,21,48,27,3.8,0,0.176,10,6.82,0.8,-0.04,32.5,0.5244,3,3,25,29.11,v2_lr,1
155244,2026-10-03,福岡,2,3224,3.78,13.9,0.0909,0.0909,11,B1,0.18,3,75,14,4,0.3,0.159,10,6.83,0.7,0.03,34.92,0.6499,3,3,25,24.52,v2_lr,0
155244,2026-10-03,福岡,3,4428,6.23,44.4,0.1667,0.2222,18,A2,0.14,11,75,34,2.6,0.3,0.126,10,6.83,0.7,-0.04,22.39,0,3,3,25,22.99,v2_lr,0
155244,2026-10-03,福岡,4,5337,4.72,25.2,0.0824,0.2,85,B1,,8,106,23,4.2,0.1,0.185,10,6.8,1,-0.12,37.5,0.7837,3,3,25,12.65,v2_lr,0
155244,2026-10-03,福岡,5,3361,4.14,22.8,0,0.2,10,B1,0.2,0,59,5,4.3,0,0.171,10,6.82,0.8,0.08,41.67,1,3,3,25,3.19,v2_lr,0
155244,2026-10-03,福岡,6,4311,6.53,48.7,0.2609,0.3913,23,A1,0.12,6,71,14,3.6,0.2,0.186,10,6.9,0,0.05,35.97,0.7044,3,3,25,7.54,v2_lr,0
155245,2026-10-03,福岡,1,4902,4.81,30.2,0.0968,0.3226,31,B1,0.18,25,58,37,3.8,0.2,0.178,10,6.82,0.1429,0.07,28.79,0.4384,3,3,25,25.65,v2_lr,0
155245,2026-10-03,福岡,2,4220,4.8,28.7,0.1667,0.3333,30,B1,0.19,10,65,27,1.7,0.5,0.173,10,6.76,1,0.09,34.55,0.7202,3,3,25,30.71,v2_lr,0
155245,2026-10-03,福岡,3,3745,5.62,32.4,0.1739,0.3913,23,B1,0.17,3,68,17,3.6,0.1,0.168,10,6.79,0.5714,0.1,40,0.9868,3,3,25,22.43,v2_lr,0
155245,2026-10-03,福岡,4,4579,6.1,36.8,0.1,0.3,20,A2,0.14,9,76,19,3.1,0.2,0.143,10,6.77,0.8571,0.18,19.83,0,3,3,25,9.03,v2_lr,0
155245,2026-10-03,福岡,5,5457,0,0,0,0,2,B2,,0,19,0,5.7,0,0.199,10,6.82,0.1429,0.18,40.27,1,3,3,25,1.46,v2_lr,0
155245,2026-10-03,福岡,6,3265,6.09,44.1,0.3333,0.6667,3,A2,0.14,12,55,19,3.2,0.1,0.091,10,6.83,0,-0.02,28.85,0.4413,3,3,25,10.72,v2_lr,1
155246,2026-10-03,福岡,1,4441,6.21,41.9,0,0,3,A2,0.12,62,99,81,3.1,0.1,0.099,10,6.82,0.2222,0.04,26.13,0,4,4,25,23.26,v2_lr,1
155246,2026-10-03,福岡,2,5068,7.13,49,0.3571,0.5714,14,A1,0.13,26,90,45,2,0.6,0.136,10,6.75,1,0.03,26.57,0.0232,4,4,25,54.58,v2_lr,0
155246,2026-10-03,福岡,3,4164,4.16,19.4,0,0,5,B1,0.17,2,60,11,3.9,0,0.188,10,6.84,0,0.08,45.07,1,4,4,25,8.72,v2_lr,0
155246,2026-10-03,福岡,4,4459,6.12,34.6,0,0.2105,19,A2,0.13,9,78,37,3.1,0,0.132,10,6.81,0.3333,0.01,33.94,0.4124,4,4,25,5.77,v2_lr,0
155246,2026-10-03,福岡,5,5067,5,28.7,0.1034,0.2069,29,B1,0.16,5,72,14,3.1,0.3,0.148,10,6.81,0.3333,-0.05,28.86,0.1441,4,4,25,6.19,v2_lr,0
155246,2026-10-03,福岡,6,5006,3.42,12.2,0,0.3333,3,B1,0.2,0,48,1,4.1,0,0.197,10,6.82,0.2222,-0.01,40,0.7323,4,4,25,1.48,v2_lr,0
155247,2026-10-03,福岡,1,4788,5.95,38.5,0.1364,0.3182,22,A2,0.15,55,95,72,3,0.2,0.153,10,6.83,0,0.09,36.62,0.2441,4,4,25,21.65,v2_lr,1
155247,2026-10-03,福岡,2,5038,6.41,47.5,0.1429,0.4286,14,A2,0.18,14,78,39,3.2,0.2,0.178,10,6.81,0.2857,0.08,41.35,0.9001,4,4,25,19.06,v2_lr,0
155247,2026-10-03,福岡,3,3957,5.34,30.9,0.2857,0.3571,14,B1,0.2,8,74,24,3.2,0.1,0.181,10,6.8,0.4286,-0.01,39.23,0.6061,4,4,25,23.93,v2_lr,0
155247,2026-10-03,福岡,4,3784,5.04,33.3,0.0455,0.2727,22,B1,0.19,4,63,11,3.9,0.1,0.135,10,6.76,1,0.06,34.86,0,4,4,25,5.25,v2_lr,0
155247,2026-10-03,福岡,5,4184,7.36,58,0.4167,0.5833,12,A1,0.17,10,48,20,2.9,0.3,0.167,10,6.78,0.7143,-0.1,40,0.7129,4,4,25,23.88,v2_lr,0
155247,2026-10-03,福岡,6,4227,6.14,41.3,0.2273,0.4091,22,A2,0.16,2,70,10,3.3,0.2,0.157,10,6.8,0.4286,-0.09,42.07,1,4,4,25,6.24,v2_lr,0
155248,2026-10-03,福岡,1,5092,6.11,45,0.2179,0.4872,78,A2,0.14,48,72,62,4.8,0.1,0.151,10,6.84,0.7143,0.1,33.07,0.4921,4,4,25,31.8,v2_lr,0
155248,2026-10-03,福岡,2,5016,6.48,42.2,0.2609,0.3043,23,A1,0.15,17,75,40,2.5,0.4,0.152,10,6.82,1,0.16,37.59,1,4,4,25,31.82,v2_lr,0
155248,2026-10-03,福岡,3,5009,5.47,39.1,0.2414,0.4828,29,A2,0.14,14,64,31,3.4,0.1,0.118,10,6.86,0.4286,0.17,36.11,0.8337,4,4,25,21.6,v2_lr,1
155248,2026-10-03,福岡,4,4299,4.51,20.6,0,0.2,15,B1,0.14,1,60,11,3.4,0,0.127,10,6.87,0.2857,0.18,28.69,0,4,4,25,2.69,v2_lr,0
155248,2026-10-03,福岡,5,4645,6.41,46.3,0.2143,0.4286,14,A1,0.14,6,68,18,2,0.5,0.175,10,6.84,0.7143,0.01,37.16,0.9517,4,4,25,11.05,v2_lr,0
155248,2026-10-03,福岡,6,3372,3.07,9,0.0541,0.1892,37,B2,0.2,0,45,1,4.2,0.1,0.232,10,6.89,0,0.05,29.17,0.0539,4,4,25,1.03,v2_lr,0
155249,2026-10-03,福岡,1,4798,6.37,41.9,0.2727,0.4545,22,A1,0.13,81,113,102,2.1,0.4,0.12,10,6.79,0.7273,-0.02,34.23,0.7206,3,3,25,38.16,v2_lr,1
155249,2026-10-03,福岡,2,5121,7.89,61.1,0.2,0.6,10,A1,0.15,18,76,45,2.8,0.2,0.12,10,6.76,1,0.02,34.35,0.7279,3,3,25,31.81,v2_lr,0
155249,2026-10-03,福岡,3,4816,5.62,38.7,0,0.3333,3,A2,0.12,8,70,31,3.4,0.3,0.135,10,6.87,0,0.08,38.82,1,3,3,25,6.02,v2_lr,0
155249,2026-10-03,福岡,4,3711,6.1,41.8,0.2143,0.3571,14,A2,0.16,11,84,30,3.5,0.2,0.159,10,6.84,0.2727,0.22,36.51,0.8594,3,3,25,14.02,v2_lr,0
155249,2026-10-03,福岡,5,4428,6.23,44.4,0.1667,0.2222,18,A2,0.14,3,79,20,2.6,0.3,0.126,10,6.86,0.0909,0.17,22.39,0,3,3,25,5,v2_lr,0
155249,2026-10-03,福岡,6,4220,4.8,28.7,0.1667,0.3333,30,B1,0.19,0,58,6,1.7,0.5,0.173,10,6.77,0.9091,0.11,34.55,0.7401,3,3,25,5,v2_lr,0
155250,2026-10-03,福岡,1,3473,6.29,48.8,0.303,0.5303,66,A1,0.15,62,119,81,2.3,0.5,0.134,10,6.84,0,-0.03,42.47,1,4,4,25,30.26,v2_lr,1
155250,2026-10-03,福岡,2,4579,6.1,36.8,0.1,0.3,20,A2,0.14,6,71,27,3.1,0.2,0.143,10,6.78,1,0.01,19.83,0,4,4,25,17.83,v2_lr,0
155250,2026-10-03,福岡,3,4459,6.12,34.6,0,0.2105,19,A2,0.13,7,70,24,3.1,0,0.132,10,6.8,0.6667,0.03,33.94,0.6232,4,4,25,7.31,v2_lr,0
155251,2026-10-03,唐津,1,3319,5.55,36.4,0.1,0.4333,30,A2,0.17,32,68,42,3,0.3,0.151,10,6.74,0.0909,0.08,0,0,1,1,24,39.06,v2_lr,0
155251,2026-10-03,唐津,2,4417,5.03,31.1,0.1379,0.3103,29,B1,0.21,5,59,20,3.9,0,0.177,10,6.74,0.0909,0.35,22.22,0.8888,1,1,24,32.2,v2_lr,1
155251,2026-10-03,唐津,3,5324,2.18,4.4,0,0,4,B1,0.19,0,31,2,4.3,0.1,0.211,10,6.66,0.8182,0.18,0,0,1,1,24,11.08,v2_lr,0
155251,2026-10-03,唐津,4,4253,4.05,15.1,0.037,0.1852,27,B1,0.19,3,80,11,4.4,0,0.167,10,6.69,0.5455,0.12,0,0,1,1,24,8.02,v2_lr,0
155251,2026-10-03,唐津,5,3212,4.58,23.8,0.087,0.3913,23,B1,0.19,1,43,5,3.9,0,0.176,10,6.75,0,0.15,25,1,1,1,24,5.57,v2_lr,0
155251,2026-10-03,唐津,6,4154,4.61,26.5,0.0588,0.4118,17,B1,0.18,1,64,3,2.9,0.1,0.165,10,6.64,1,0.15,22.22,0.8888,1,1,24,4.06,v2_lr,0
155252,2026-10-03,唐津,1,4543,6.77,48.7,0.3684,0.6316,19,A1,0.15,71,98,89,2.5,0.3,0.154,10,6.7,0.7,-0.08,0,0,1,1,18,40.73,v2_lr,1
155252,2026-10-03,唐津,2,4000,6.16,42,0.1905,0.4286,21,A2,0.17,12,86,41,3.8,0.2,0.194,10,6.67,1,0.06,50,1,1,1,18,31.71,v2_lr,0
155252,2026-10-03,唐津,3,4638,4.94,28.9,0.0909,0.2727,11,B1,0.17,5,72,20,4.1,0,0.169,10,6.67,1,0.01,20,0.4,1,1,18,15.61,v2_lr,0
155252,2026-10-03,唐津,4,5248,4.57,21.5,0,0,14,B1,0.18,1,55,10,4.2,0.1,0.177,10,6.77,0,-0.08,20,0.4,1,1,18,3.47,v2_lr,0
155252,2026-10-03,唐津,5,4764,5.17,32.6,0.1724,0.4483,29,B1,0.16,2,52,9,3.9,0.2,0.182,10,6.72,0.5,-0.03,0,0,1,1,18,7.13,v2_lr,0
155252,2026-10-03,唐津,6,5429,1.12,0,0,0,32,B2,,0,66,0,5.3,0,0.146,10,6.67,1,-0.01,22.22,0.4444,1,1,18,1.35,v2_lr,0
155253,2026-10-03,唐津,1,3541,5.56,31.8,0.2593,0.3704,27,A2,0.17,61,102,83,2.4,0.5,0.181,10,6.68,1,0.01,0,0,2,2,20,45.58,v2_lr,0
155253,2026-10-03,唐津,2,4229,3.69,11.6,0,0,6,B1,0.18,4,64,13,4.1,0.1,0.169,10,6.76,0.2727,0.07,0,0,2,2,20,11.95,v2_lr,0
155253,2026-10-03,唐津,3,5407,2.11,1.4,0,0.0769,13,B1,,0,3,1,4.2,0,0.185,10,6.74,0.4545,0.21,33.33,0.75,2,2,20,7.34,v2_lr,0
155253,2026-10-03,唐津,4,3983,6.39,42.8,0.3077,0.5385,13,A1,0.15,8,80,28,3.2,0.3,0.122,10,6.71,0.7273,0.01,44.44,1,2,2,20,32.23,v2_lr,1
155253,2026-10-03,唐津,5,5423,1.09,0,0,0,10,B2,,0,29,0,5.6,0,0.288,10,6.73,0.5455,0.35,44.44,1,2,2,20,1.98,v2_lr,0
155253,2026-10-03,唐津,6,5039,4.6,29,0,0.4,5,B1,0.15,3,68,13,3.5,0.1,0.156,10,6.79,0,-0.01,0,0,2,2,20,0.91,v2_lr,0
155254,2026-10-03,唐津,1,5110,5.22,28.1,0,0,4,B1,0.18,32,68,43,3.6,0.1,0.122,10,6.8,0.4,0.01,25,0.5626,2,2,22,19.44,v2_lr,0
155254,2026-10-03,唐津,2,4119,5.45,28.1,0.1034,0.5172,29,B1,0.2,12,65,34,3.9,0,0.129,10,6.75,0.7333,0.11,25,0.5626,2,2,22,22.18,v2_lr,0
155254,2026-10-03,唐津,3,4172,6.17,44.9,0.2,0.4857,35,A2,0.17,14,84,37,3.1,0,0.138,10,6.84,0.1333,0.23,44.44,1,2,2,22,19.09,v2_lr,1
155254,2026-10-03,唐津,4,4072,6.74,53.8,0.3939,0.6162,99,A1,0.12,17,68,34,2.8,0.5,0.145,10,6.71,1,0.08,0,0,2,2,22,32.16,v2_lr,0
155254,2026-10-03,唐津,5,4747,3.71,19.7,0.0909,0.0909,22,B1,0.16,2,61,6,4.4,0,0.188,10,6.8,0.4,0.06,44.44,1,2,2,22,4.39,v2_lr,0
155254,2026-10-03,唐津,6,3853,5.5,34.4,0.1613,0.2581,31,A2,0.2,2,75,7,3.8,0.1,0.175,10,6.86,0,0.07,0,0,2,2,22,2.73,v2_lr,0
155255,2026-10-03,唐津,1,4359,5.52,37.3,0.2,0.4,15,A2,0.11,31,66,49,4.1,0,0.117,10,6.78,0.0769,0.02,0,0,5,5,23,30.69,v2_lr,0
155255,2026-10-03,唐津,2,4253,4.05,15.1,0.037,0.1852,27,B1,0.19,7,79,19,4.4,0,0.167,10,6.8,0,0.14,0,0,5,5,23,10.4,v2_lr,0
155255,2026-10-03,唐津,3,4575,5.95,37.2,0.25,0.3333,12,A2,0.17,6,63,16,2.5,0.4,0.124,10,6.75,0.1923,0.01,55.56,1,5,5,23,25.51,v2_lr,0
155255,2026-10-03,唐津,4,4011,5.7,38,0.2333,0.3333,30,A2,0.17,9,65,23,3.4,0.2,0.167,10,6.72,0.3077,0.06,11.11,0.2,5,5,23,15.21,v2_lr,0
155255,2026-10-03,唐津,5,4483,6.86,50.9,0.3182,0.4545,22,A1,0.16,3,71,21,2.3,0.5,0.114,10,6.73,0.2692,-0.06,22.22,0.3999,5,5,23,16.84,v2_lr,1
155255,2026-10-03,唐津,6,5297,3.26,13.5,0,0.08,25,B1,0.21,0,77,0,4.6,0,0.17,10,6.54,1,0,0,0,5,5,23,1.34,v2_lr,0
155256,2026-10-03,唐津,1,3212,4.58,23.8,0.087,0.3913,23,B1,0.19,12,44,23,3.9,0,0.176,10,6.85,0,-0.02,25,0.2812,5,5,23,19.77,v2_lr,1
155256,2026-10-03,唐津,2,3771,5.26,31.7,0,0.0833,12,B1,0.16,10,69,22,3.9,0,0.11,10,6.79,0.5455,-0.06,0,0,5,5,23,10.81,v2_lr,0
155256,2026-10-03,唐津,3,4112,5.98,40.1,0.1948,0.4935,77,A2,0.16,7,60,27,3.1,0.3,0.16,10,6.77,0.7273,-0.01,88.89,1,5,5,23,21.21,v2_lr,0
155256,2026-10-03,唐津,4,4989,6.01,43.3,0.24,0.44,25,A2,0.14,4,75,20,3.9,0.1,0.139,10,6.74,1,0.11,50,0.5625,5,5,23,17.9,v2_lr,0
155256,2026-10-03,唐津,5,5429,1.12,0,0,0,32,B2,,0,35,0,5.3,0,0.146,10,6.76,0.8182,0.31,22.22,0.25,5,5,23,1.49,v2_lr,0
155256,2026-10-03,唐津,6,4472,6.35,42.6,0.6,0.8,5,A1,0.17,2,68,15,2,0.4,0.141,10,6.79,0.5455,-0.08,0,0,5,5,23,28.83,v2_lr,0
155257,2026-10-03,唐津,1,5204,3.35,8.1,0.25,0.25,4,B2,0.19,4,14,7,2.9,0.2,0.145,10,6.88,0.5714,0.21,0,0,5,5,24,29.85,v2_lr,0
155257,2026-10-03,唐津,2,4174,6.35,41.8,0.2647,0.4706,34,A1,0.15,11,72,30,2.2,0.3,0.144,10,6.84,0.7619,0.02,0,0,5,5,24,28.61,v2_lr,1
155257,2026-10-03,唐津,3,4121,5.83,39,0.2424,0.5455,33,A2,0.15,8,69,29,2.1,0.4,0.131,10,6.79,1,0.14,0,0,5,5,24,22.29,v2_lr,0
155257,2026-10-03,唐津,4,3541,5.56,31.8,0.2593,0.3704,27,A2,0.17,8,79,29,2.4,0.5,0.181,10,7,0,0.08,0,0,5,5,24,13.13,v2_lr,0
155257,2026-10-03,唐津,5,4866,4.07,14.6,0.1304,0.3043,23,B1,0.16,2,59,7,3.2,0.1,0.176,10,6.86,0.6667,0.21,12.5,1,5,5,24,5.29,v2_lr,0
155257,2026-10-03,唐津,6,3175,4.77,23,0,0,3,B1,0.17,0,55,1,3.3,0.1,0.135,10,6.87,0.619,0.27,0,0,5,5,24,0.83,v2_lr,0
155258,2026-10-03,唐津,1,4229,3.69,11.6,0,0,6,B1,0.18,18,44,24,4.1,0.1,0.169,10,6.91,0.3125,-0.05,0,0,7,7,24,24.67,v2_lr,0
155258,2026-10-03,唐津,2,4638,4.94,28.9,0.0909,0.2727,11,B1,0.17,8,81,35,4.1,0,0.169,10,6.91,0.3125,-0.03,20,0.36,7,7,24,26.39,v2_lr,0
155258,2026-10-03,唐津,3,5110,5.22,28.1,0,0,4,B1,0.18,12,73,30,3.6,0.1,0.122,10,6.91,0.3125,-0.01,25,0.45,7,7,24,10.3,v2_lr,1
155258,2026-10-03,唐津,4,3918,6.57,49.2,0.2857,0.4286,7,A1,0.17,11,76,22,2.5,0.3,0.134,10,6.96,0,0.05,0,0,7,7,24,25.03,v2_lr,0
155258,2026-10-03,唐津,5,5014,5.11,30.9,0.1379,0.2931,58,B1,0.13,2,58,10,3.8,0,0.163,10,6.8,1,0.07,55.56,1,7,7,24,12.04,v2_lr,0
155258,2026-10-03,唐津,6,4782,4.27,21.6,0.0333,0.1333,30,B1,0.15,0,51,1,3.9,0.2,0.168,10,6.89,0.4375,0.24,0,0,7,7,24,1.58,v2_lr,0
155259,2026-10-03,唐津,1,4764,5.17,32.6,0.1724,0.4483,29,B1,0.16,32,58,40,3.9,0.2,0.182,10,6.88,1,0.18,0,0,7,7,24,32.9,v2_lr,1
155259,2026-10-03,唐津,2,4108,6.36,48.1,0.2941,0.4706,34,A1,0.15,10,53,26,2.7,0.3,0.12,10,6.93,0.375,0.2,0,0,7,7,24,32.42,v2_lr,0
155259,2026-10-03,唐津,3,4011,5.7,38,0.2333,0.3333,30,A2,0.17,7,69,26,3.4,0.2,0.167,10,6.92,0.5,0.19,11.11,0.25,7,7,24,22.9,v2_lr,0
155259,2026-10-03,唐津,4,3853,5.5,34.4,0.1613,0.2581,31,A2,0.2,2,71,17,3.8,0.1,0.175,10,6.94,0.25,0.12,0,0,7,7,24,9.6,v2_lr,0
155259,2026-10-03,唐津,5,5324,2.18,4.4,0,0,4,B1,0.19,0,52,0,4.3,0.1,0.211,10,6.94,0.25,0.22,0,0,7,7,24,1.39,v2_lr,0
155259,2026-10-03,唐津,6,5423,1.09,0,0,0,10,B2,,0,66,0,5.6,0,0.288,10,6.96,0,0.11,44.44,1,7,7,24,0.8,v2_lr,0
155260,2026-10-03,唐津,1,4483,6.86,50.9,0.3182,0.4545,22,A1,0.16,69,93,81,2.3,0.5,0.114,10,6.93,0.5,0.12,22.22,0.4444,7,7,24,30.89,v2_lr,1
155260,2026-10-03,唐津,2,3983,6.39,42.8,0.3077,0.5385,13,A1,0.15,17,80,36,3.2,0.3,0.122,10,7.01,0,0.22,44.44,0.8888,7,7,24,26.45,v2_lr,0
155260,2026-10-03,唐津,3,4989,6.01,43.3,0.24,0.44,25,A2,0.14,16,73,38,3.9,0.1,0.139,10,6.85,1,0.19,50,1,7,7,24,22.38,v2_lr,0
155260,2026-10-03,唐津,4,4172,6.17,44.9,0.2,0.4857,35,A2,0.17,6,78,27,3.1,0,0.138,10,6.99,0.125,0.22,44.44,0.8888,7,7,24,9.79,v2_lr,0
155260,2026-10-03,唐津,5,4389,5.63,33,0.2,0.6,5,A2,0.19,2,67,8,3.1,0.1,0.166,10,6.94,0.4375,0.05,0,0,7,7,24,6.54,v2_lr,0
155260,2026-10-03,唐津,6,4733,5.1,33.7,0.2,0.3333,30,B1,0.16,0,46,1,3.8,0.2,0.158,10,6.93,0.5,0.1,22.22,0.4444,7,7,24,3.94,v2_lr,0
155261,2026-10-03,唐津,1,4072,6.74,53.8,0.3939,0.6162,99,A1,0.12,75,99,84,2.8,0.5,0.145,10,6.91,0.7143,-0.02,0,0.5,7,7,25,35.75,v2_lr,1
155261,2026-10-03,唐津,2,4472,6.35,42.6,0.6,0.8,5,A1,0.17,23,91,50,2,0.4,0.141,10,6.87,1,-0.03,0,0.5,7,7,25,36.88,v2_lr,0
155261,2026-10-03,唐津,3,4948,5.35,37.5,0.0909,0.3182,22,B1,0.16,10,74,35,2.7,0.3,0.136,10,7.01,0,0.05,0,0.5,7,7,25,8.91,v2_lr,0
155261,2026-10-03,唐津,4,3319,5.55,36.4,0.1,0.4333,30,A2,0.17,7,70,21,3,0.3,0.151,10,6.95,0.4286,0.22,0,0.5,7,7,25,6.16,v2_lr,0
155261,2026-10-03,唐津,5,5204,3.35,8.1,0.25,0.25,4,B2,0.19,0,20,1,2.9,0.2,0.145,10,6.9,0.7857,0.19,0,0.5,7,7,25,11.15,v2_lr,0
155261,2026-10-03,唐津,6,5106,5.53,32.1,0,0.2,5,A2,0.21,0,56,5,3.6,0,0.179,10,6.91,0.7143,0.13,0,0.5,7,7,25,1.15,v2_lr,0
155262,2026-10-03,唐津,1,3918,6.57,49.2,0.2857,0.4286,7,A1,0.17,53,96,74,2.5,0.3,0.134,10,6.93,0.3333,-0.11,0,0,7,7,24,28.98,v2_lr,1
155262,2026-10-03,唐津,2,4575,5.95,37.2,0.25,0.3333,12,A2,0.17,9,58,30,2.5,0.4,0.124,10,6.89,1,0.01,55.56,0.625,7,7,24,26.99,v2_lr,0
155262,2026-10-03,唐津,3,4543,6.77,48.7,0.3684,0.6316,19,A1,0.15,14,80,36,2.5,0.3,0.154,10,6.92,0.5,-0.02,0,0,7,7,24,26.16,v2_lr,0
155262,2026-10-03,唐津,4,4112,5.98,40.1,0.1948,0.4935,77,A2,0.16,7,58,20,3.1,0.3,0.16,10,6.95,0,0.07,88.89,1,7,7,24,9.83,v2_lr,0
155262,2026-10-03,唐津,5,5407,2.11,1.4,0,0.0769,13,B1,,1,58,2,4.2,0,0.185,10,6.93,0.3333,0.15,33.33,0.375,7,7,24,1.3,v2_lr,0
155262,2026-10-03,唐津,6,4121,5.83,39,0.2424,0.5455,33,A2,0.15,4,80,9,2.1,0.4,0.131,10,6.89,1,-0.05,0,0,7,7,24,6.75,v2_lr,0
