race_id,combo,odds
143813,1-2-3,6.3
143813,2-1-3,125.5
143813,3-1-2,97.1
143813,4-1-2,358.2
143813,5-1-2,241.6
143813,6-1-2,1766
143813,1-2-4,18.8
143813,2-1-4,288.3
143813,3-1-4,80.6
143813,4-1-3,223.8
143813,5-1-3,127.3
143813,6-1-3,1709
143813,1-2-5,10.9
143813,2-1-5,226.8
143813,3-1-5,55.3
143813,4-1-5,229.1
143813,5-1-4,298.8
143813,6-1-4,2514
143813,1-2-6,82.2
143813,2-1-6,695.4
143813,3-1-6,264.1
143813,4-1-6,663.7
143813,5-1-6,426.5
143813,6-1-5,1828
143813,1-3-2,6.2
143813,2-3-1,247.1
143813,3-2-1,241.4
143813,4-2-1,854.5
143813,5-2-1,610.9
143813,6-2-1,2842
143813,1-3-4,8.6
143813,2-3-4,868.7
143813,3-2-4,594.3
143813,4-2-3,1444
143813,5-2-3,1025
143813,6-2-3,3582
143813,1-3-5,4.9
143813,2-3-5,736.6
143813,3-2-5,456.3
143813,4-2-5,1676
143813,5-2-4,1743
143813,6-2-4,5028
143813,1-3-6,46.8
143813,2-3-6,1996
143813,3-2-6,1245
143813,4-2-6,2490
143813,5-2-6,1816
143813,6-2-5,4842
143813,1-4-2,28.9
143813,2-4-1,797.2
143813,3-4-1,203
143813,4-3-1,401.6
143813,5-3-1,225.8
143813,6-3-1,3189
143813,1-4-3,21.5
143813,2-4-3,1251
143813,3-4-2,504.8
143813,4-3-2,975.7
143813,5-3-2,1005
143813,6-3-2,4150
143813,1-4-5,27.4
143813,2-4-5,1766
143813,3-4-5,355.3
143813,4-3-5,736.6
143813,5-3-4,1041
143813,6-3-4,4587
143813,1-4-6,109.2
143813,2-4-6,2589
143813,3-4-6,857.3
143813,4-3-6,1981
143813,5-3-6,1575
143813,6-3-5,4842
143813,1-5-2,19.7
143813,2-5-1,591.6
143813,3-5-1,139.4
143813,4-5-1,438
143813,5-4-1,591.6
143813,6-4-1,3735
143813,1-5-3,10.1
143813,2-5-3,1132
143813,3-5-2,555.2
143813,4-5-2,1183
143813,5-4-2,1698
143813,6-4-2,5336
143813,1-5-4,31.6
143813,2-5-4,2197
143813,3-5-4,404.8
143813,4-5-3,819.7
143813,5-4-3,1263
143813,6-4-3,5230
143813,1-5-6,63.1
143813,2-5-6,3005
143813,3-5-6,901.7
143813,4-5-6,1021
143813,5-4-6,1565
143813,6-4-5,3683
143813,1-6-2,258.4
143813,2-6-1,2514
143813,3-6-1,1444
143813,4-6-1,1720
143813,5-6-1,1117
143813,6-5-1,2443
143813,1-6-3,195.1
143813,2-6-3,2938
143813,3-6-2,2126
143813,4-6-2,3189
143813,5-6-2,2273
143813,6-5-2,3789
143813,1-6-4,299.2
143813,2-6-4,3440
143813,3-6-4,2355
143813,4-6-3,3040
143813,5-6-3,1828
143813,6-5-3,4754
143813,1-6-5,211.2
143813,2-6-5,3962
143813,3-6-5,2314
143813,4-6-5,2589
143813,5-6-4,2615
143813,6-5-4,4023
143814,1-2-3,18
143814,2-1-3,14.9
143814,3-1-2,235.1
143814,4-1-2,144.7
143814,5-1-2,58.5
143814,6-1-2,1413
143814,1-2-4,9.9
143814,2-1-4,8.7
143814,3-1-4,542.7
143814,4-1-3,518.3
143814,5-1-3,279.4
143814,6-1-3,3256
143814,1-2-5,7.6
143814,2-1-5,4.9
143814,3-1-5,318.3
143814,4-1-5,207
143814,5-1-4,207.7
143814,6-1-4,4048
143814,1-2-6,61.6
143814,2-1-6,43.4
143814,3-1-6,1062
143814,4-1-6,671.7
143814,5-1-6,271.3
143814,6-1-5,3292
143814,1-3-2,55.4
143814,2-3-1,53.7
143814,3-2-1,265.5
143814,4-2-1,139.6
143814,5-2-1,51.8
143814,6-2-1,1619
143814,1-3-4,133.9
143814,2-3-4,72.3
143814,3-2-4,360.5
143814,4-2-3,475.5
143814,5-2-3,220.6
143814,6-2-3,2995
143814,1-3-5,112.2
143814,2-3-5,44.8
143814,3-2-5,241.6
143814,4-2-5,166.9
143814,5-2-4,145.8
143814,6-2-4,2908
143814,1-3-6,453.9
143814,2-3-6,223.7
143814,3-2-6,902.3
143814,4-2-6,513.8
143814,5-2-6,191.1
143814,6-2-5,1860
143814,1-4-2,37.3
143814,2-4-1,26
143814,3-4-1,807.5
143814,4-3-1,905
143814,5-3-1,575
143814,6-3-1,3941
143814,1-4-3,136.1
143814,2-4-3,63.9
143814,3-4-2,680.8
143814,4-3-2,851
143814,5-3-2,506
143814,6-3-2,3994
143814,1-4-5,76.6
143814,2-4-5,28.6
143814,3-4-5,798.8
143814,4-3-5,1093
143814,5-3-4,1269
143814,6-3-4,5077
143814,1-4-6,306.3
143814,2-4-6,130
143814,3-4-6,2235
143814,4-3-6,2396
143814,5-3-6,1593
143814,6-3-5,5165
143814,1-5-2,27.5
143814,2-5-1,15.6
143814,3-5-1,549.7
143814,4-5-1,252.3
143814,5-4-1,298.6
143814,6-4-1,4471
143814,1-5-3,134.5
143814,2-5-3,51.1
143814,3-5-2,424.9
143814,4-5-2,193.2
143814,5-4-2,251.1
143814,6-4-2,3524
143814,1-5-4,89.7
143814,2-5-4,33.4
143814,3-5-4,818.5
143814,4-5-3,739.7
143814,5-4-3,963.3
143814,6-4-3,4832
143814,1-5-6,218.8
143814,2-5-6,74.5
143814,3-5-6,1619
143814,4-5-6,515.6
143814,5-4-6,664.2
143814,6-4-5,3026
143814,1-6-2,331.4
143814,2-6-1,220.9
143814,3-6-1,2853
143814,4-6-1,1520
143814,5-6-1,708.2
143814,6-5-1,3292
143814,1-6-3,988.7
143814,2-6-3,537.8
143814,3-6-2,2995
143814,4-6-2,975.8
143814,5-6-2,665.7
143814,6-5-2,1984
143814,1-6-4,848.6
143814,2-6-4,403.7
143814,3-6-4,3941
143814,4-6-3,2538
143814,5-6-3,1619
143814,6-5-3,4832
143814,1-6-5,658.4
143814,2-6-5,280.7
143814,3-6-5,2826
143814,4-6-5,1343
143814,5-6-4,1248
143814,6-5-4,3221
143815,1-2-3,10.1
143815,2-1-3,58.6
143815,3-1-2,87.8
143815,4-1-2,90.9
143815,5-1-2,353.1
143815,6-1-2,621.2
143815,1-2-4,10.9
143815,2-1-4,61.6
143815,3-1-4,55.2
143815,4-1-3,74
143815,5-1-3,322.3
143815,6-1-3,385.5
143815,1-2-5,26
143815,2-1-5,122.1
143815,3-1-5,102.7
143815,4-1-5,79.4
143815,5-1-4,300.2
143815,6-1-4,483.8
143815,1-2-6,27.4
143815,2-1-6,128.4
143815,3-1-6,85.7
143815,4-1-6,70.4
143815,5-1-6,412.2
143815,6-1-5,1029
143815,1-3-2,8.9
143815,2-3-1,168.6
143815,3-2-1,235.5
143815,4-2-1,222.5
143815,5-2-1,599.9
143815,6-2-1,1202
143815,1-3-4,6
143815,2-3-4,215.5
143815,3-2-4,332.5
143815,4-2-3,409
143815,5-2-3,844.4
143815,6-2-3,1852
143815,1-3-5,21.6
143815,2-3-5,407.9
143815,3-2-5,563.4
143815,4-2-5,381.7
143815,5-2-4,764.4
143815,6-2-4,2218
143815,1-3-6,15.5
143815,2-3-6,456.4
143815,3-2-6,633.7
143815,4-2-6,344.6
143815,5-2-6,915.6
143815,6-2-5,3386
143815,1-4-2,19
143815,2-4-1,190.7
143815,3-4-1,125.9
143815,4-3-1,157.6
143815,5-3-1,727.4
143815,6-3-1,684.7
143815,1-4-3,12.6
143815,2-4-3,267.6
143815,3-4-2,330.5
143815,4-3-2,456.4
143815,5-3-2,1197
143815,6-3-2,1779
143815,1-4-5,27.4
143815,2-4-5,382.7
143815,3-4-5,324
143815,4-3-5,340.8
143815,5-3-4,779.6
143815,6-3-4,1128
143815,1-4-6,22.3
143815,2-4-6,401.2
143815,3-4-6,320
143815,4-3-6,334.3
143815,5-3-6,1120
143815,6-3-5,2916
143815,1-5-2,56.7
143815,2-5-1,442.9
143815,3-5-1,423.9
143815,4-5-1,133.2
143815,5-4-1,396.6
143815,6-4-1,757.1
143815,1-5-3,60.3
143815,2-5-3,649.4
143815,3-5-2,884.7
143815,4-5-2,285.2
143815,5-4-2,604.5
143815,6-4-2,1740
143815,1-5-4,59.3
143815,2-5-4,576.8
143815,3-5-4,555.4
143815,4-5-3,320
143815,5-4-3,557.4
143815,6-4-3,1145
143815,1-5-6,87.2
143815,2-5-6,770
143815,3-5-6,887.2
143815,4-5-6,155.8
143815,5-4-6,344.6
143815,6-4-5,1275
143815,1-6-2,78.1
143815,2-6-1,603.3
143815,3-6-1,301.4
143815,4-6-1,154
143815,5-6-1,867.6
143815,6-5-1,1693
143815,1-6-3,49.8
143815,2-6-3,877.3
143815,3-6-2,957.3
143815,4-6-2,379.4
143815,5-6-2,1399
143815,6-5-2,3499
143815,1-6-4,62.2
143815,2-6-4,818
143815,3-6-4,628.6
143815,4-6-3,353.4
143815,5-6-3,1280
143815,6-5-3,2943
143815,1-6-5,118.6
143815,2-6-5,1290
143815,3-6-5,1120
143815,4-6-5,234.6
143815,5-6-4,824.5
143815,6-5-4,1499
143816,1-2-3,14.9
143816,2-1-3,139.6
143816,3-1-2,134.3
143816,4-1-2,90.7
143816,5-1-2,651.7
143816,6-1-2,435.7
143816,1-2-4,9.7
143816,2-1-4,115.6
143816,3-1-4,64.8
143816,4-1-3,71.2
143816,5-1-3,625.8
143816,6-1-3,360.2
143816,1-2-5,40.4
143816,2-1-5,236
143816,3-1-5,167.1
143816,4-1-5,80.9
143816,5-1-4,384.5
143816,6-1-4,216.3
143816,1-2-6,25.1
143816,2-1-6,196.3
143816,3-1-6,108.1
143816,4-1-6,50.4
143816,5-1-6,422.2
143816,6-1-5,737.4
143816,1-3-2,17.4
143816,2-3-1,392.7
143816,3-2-1,394.6
143816,4-2-1,272.7
143816,5-2-1,1555
143816,6-2-1,940.6
143816,1-3-4,7.5
143816,2-3-4,687.4
143816,3-2-4,575.3
143816,4-2-3,515
143816,5-2-3,2344
143816,6-2-3,1927
143816,1-3-5,37.8
143816,2-3-5,1428
143816,3-2-5,1167
143816,4-2-5,633.3
143816,5-2-4,2533
143816,6-2-4,1547
143816,1-3-6,16.2
143816,2-3-6,1033
143816,3-2-6,846.7
143816,4-2-6,506.7
143816,5-2-6,2398
143816,6-2-5,2992
143816,1-4-2,10.2
143816,2-4-1,336
143816,3-4-1,131
143816,4-3-1,166.8
143816,5-3-1,1474
143816,6-3-1,773.7
143816,1-4-3,8.2
143816,2-4-3,665.5
143816,3-4-2,407.4
143816,4-3-2,440.6
143816,5-3-2,2398
143816,6-3-2,2094
143816,1-4-5,21.8
143816,2-4-5,1354
143816,3-4-5,441.2
143816,4-3-5,471
143816,5-3-4,2026
143816,6-3-4,1075
143816,1-4-6,8.5
143816,2-4-6,840
143816,3-4-6,233.7
143816,4-3-6,286.6
143816,5-3-6,2362
143816,6-3-5,2805
143816,1-5-2,69.5
143816,2-5-1,1138
143816,3-5-1,580.7
143816,4-5-1,162.4
143816,5-4-1,522.7
143816,6-4-1,299.7
143816,1-5-3,52.4
143816,2-5-3,2618
143816,3-5-2,1336
143816,4-5-2,501.8
143816,5-4-2,1680
143816,6-4-2,1026
143816,1-5-4,49.5
143816,2-5-4,2575
143816,3-5-4,875.1
143816,4-5-3,376.6
143816,5-4-3,1208
143816,6-4-3,837.7
143816,1-5-6,66.7
143816,2-5-6,2731
143816,3-5-6,1114
143816,4-5-6,194.4
143816,5-4-6,672.7
143816,6-4-5,1122
143816,1-6-2,49.5
143816,2-6-1,918.6
143816,3-6-1,411.2
143816,4-6-1,107.1
143816,5-6-1,895
143816,6-5-1,1408
143816,1-6-3,40
143816,2-6-3,1745
143816,3-6-2,1057
143816,4-6-2,341.8
143816,5-6-2,2327
143816,6-5-2,3414
143816,1-6-4,26.1
143816,2-6-4,1314
143816,3-6-4,554
143816,4-6-3,256.2
143816,5-6-3,2244
143816,6-5-3,3272
143816,1-6-5,73.6
143816,2-6-5,2344
143816,3-6-5,1282
143816,4-6-5,229.1
143816,5-6-4,1256
143816,6-5-4,1586
143817,1-2-3,7.2
143817,2-1-3,47
143817,3-1-2,45.7
143817,4-1-2,256.9
143817,5-1-2,915
143817,6-1-2,56.8
143817,1-2-4,20.3
143817,2-1-4,103
143817,3-1-4,55.1
143817,4-1-3,188.9
143817,5-1-3,1028
143817,6-1-3,45
143817,1-2-5,48.6
143817,2-1-5,209
143817,3-1-5,134.7
143817,4-1-5,426.1
143817,5-1-4,1631
143817,6-1-4,106.9
143817,1-2-6,11.5
143817,2-1-6,62.1
143817,3-1-6,31
143817,4-1-6,151.1
143817,5-1-6,729.1
143817,6-1-5,242.8
143817,1-3-2,8.4
143817,2-3-1,106.4
143817,3-2-1,100
143817,4-2-1,530.3
143817,5-2-1,1481
143817,6-2-1,130.7
143817,1-3-4,15.9
143817,2-3-4,418.3
143817,3-2-4,319.1
143817,4-2-3,996.9
143817,5-2-3,2858
143817,6-2-3,178.9
143817,1-3-5,46.7
143817,2-3-5,681.4
143817,3-2-5,484.9
143817,4-2-5,1441
143817,5-2-4,3166
143817,6-2-4,405.7
143817,1-3-6,7.3
143817,2-3-6,189.4
143817,3-2-6,140.6
143817,4-2-6,614
143817,5-2-6,2197
143817,6-2-5,813.6
143817,1-4-2,41.7
143817,2-4-1,346.1
143817,3-4-1,130
143817,4-3-1,306.7
143817,5-3-1,1448
143817,6-3-1,87.4
143817,1-4-3,36
143817,2-4-3,706.7
143817,3-4-2,355.7
143817,4-3-2,803.4
143817,5-3-2,2808
143817,6-3-2,168.2
143817,1-4-5,125.2
143817,2-4-5,1468
143817,3-4-5,585.1
143817,4-3-5,1271
143817,5-3-4,3670
143817,6-3-4,274.1
143817,1-4-6,30
143817,2-4-6,593.7
143817,3-4-6,167.3
143817,4-3-6,427.2
143817,5-3-6,2139
143817,6-3-5,591.5
143817,1-5-2,159.5
143817,2-5-1,894.7
143817,3-5-1,492.3
143817,4-5-1,928.1
143817,5-4-1,2410
143817,6-4-1,251.1
143817,1-5-3,153.2
143817,2-5-3,1575
143817,3-5-2,999.9
143817,4-5-2,1691
143817,5-4-2,3329
143817,6-4-2,550.2
143817,1-5-4,226.1
143817,2-5-4,2031
143817,3-5-4,1076
143817,4-5-3,2097
143817,5-4-3,4194
143817,6-4-3,440.6
143817,1-5-6,134.5
143817,2-5-6,1266
143817,3-5-6,622.3
143817,4-5-6,887.3
143817,5-4-6,2111
143817,6-4-5,884.9
143817,1-6-2,17.7
143817,2-6-1,159.2
143817,3-6-1,70.6
143817,4-6-1,248.6
143817,5-6-1,877.7
143817,6-5-1,502.3
143817,1-6-3,13.8
143817,2-6-3,297.6
143817,3-6-2,162.7
143817,4-6-2,498.4
143817,5-6-2,2357
143817,6-5-2,1297
143817,1-6-4,31.4
143817,2-6-4,496.1
143817,3-6-4,172.2
143817,4-6-3,427.8
143817,5-6-3,1981
143817,6-5-3,884.9
143817,1-6-5,84.6
143817,2-6-5,854.4
143817,3-6-5,406.2
143817,4-6-5,711.4
143817,5-6-4,2031
143817,6-5-4,917.6
143818,1-2-3,77.4
143818,2-1-3,64.2
143818,3-1-2,470.4
143818,4-1-2,33.5
143818,5-1-2,318.4
143818,6-1-2,726
143818,1-2-4,22.5
143818,2-1-4,14.1
143818,3-1-4,351.7
143818,4-1-3,118.6
143818,5-1-3,719
143818,6-1-3,1913
143818,1-2-5,47.9
143818,2-1-5,28.4
143818,3-1-5,481.4
143818,4-1-5,37.6
143818,5-1-4,238.6
143818,6-1-4,490.8
143818,1-2-6,94.4
143818,2-1-6,53.6
143818,3-1-6,818
143818,4-1-6,53
143818,5-1-6,448.8
143818,6-1-5,1227
143818,1-3-2,171.5
143818,2-3-1,169.5
143818,3-2-1,492.9
143818,4-2-1,26.9
143818,5-2-1,264.3
143818,6-2-1,680
143818,1-3-4,177.5
143818,2-3-4,106
143818,3-2-4,262.2
143818,4-2-3,67.3
143818,5-2-3,576
143818,6-2-3,1393
143818,1-3-5,318.9
143818,2-3-5,163.3
143818,3-2-5,389.2
143818,4-2-5,12.9
143818,5-2-4,106.9
143818,6-2-4,267.5
143818,1-3-6,527.5
143818,2-3-6,282.9
143818,3-2-6,664
143818,4-2-6,20.3
143818,5-2-6,246.4
143818,6-2-5,639.6
143818,1-4-2,31.1
143818,2-4-1,21.2
143818,3-4-1,398.2
143818,4-3-1,240.7
143818,5-3-1,1117
143818,6-3-1,2970
143818,1-4-3,108.3
143818,2-4-3,54.6
143818,3-4-2,269.7
143818,4-3-2,164.5
143818,5-3-2,892.4
143818,6-3-2,2481
143818,1-4-5,57
143818,2-4-5,16.9
143818,3-4-5,309.7
143818,4-3-5,161
143818,5-3-4,678
143818,6-3-4,1456
143818,1-4-6,92.7
143818,2-4-6,25.4
143818,3-4-6,479.3
143818,4-3-6,243.8
143818,5-3-6,1182
143818,6-3-5,2822
143818,1-5-2,143.3
143818,2-5-1,81.9
143818,3-5-1,806.4
143818,4-5-1,26.7
143818,5-4-1,130.1
143818,6-4-1,360.6
143818,1-5-3,371.3
143818,2-5-3,181
143818,3-5-2,577.4
143818,4-5-2,13.3
143818,5-4-2,63.4
143818,6-4-2,181.9
143818,1-5-4,156
143818,2-5-4,43.5
143818,3-5-4,531.2
143818,4-5-3,78.2
143818,5-4-3,314.4
143818,6-4-3,903.1
143818,1-5-6,358.4
143818,2-5-6,98.2
143818,3-5-6,1152
143818,4-5-6,15.7
143818,5-4-6,74.9
143818,6-4-5,236.9
143818,1-6-2,296.3
143818,2-6-1,197.8
143818,3-6-1,1881
143818,4-6-1,53.7
143818,5-6-1,525
143818,6-5-1,1157
143818,1-6-3,765.3
143818,2-6-3,396.8
143818,3-6-2,1447
143818,4-6-2,28.2
143818,5-6-2,361.8
143818,6-5-2,821
143818,1-6-4,245.9
143818,2-6-4,78.6
143818,3-6-4,1055
143818,4-6-3,169.2
143818,5-6-3,990.3
143818,6-5-3,2257
143818,1-6-5,487.6
143818,2-6-5,150.9
143818,3-6-5,1624
143818,4-6-5,28
143818,5-6-4,199.2
143818,6-5-4,389.9
143819,1-2-3,15.6
143819,2-1-3,25.4
143819,3-1-2,171
143819,4-1-2,264.2
143819,5-1-2,66.5
143819,6-1-2,67.9
143819,1-2-4,24.3
143819,2-1-4,29.1
143819,3-1-4,304.6
143819,4-1-3,569.8
143819,5-1-3,250.2
143819,6-1-3,274.4
143819,1-2-5,12
143819,2-1-5,16
143819,3-1-5,231.2
143819,4-1-5,364.6
143819,5-1-4,288.7
143819,6-1-4,337.6
143819,1-2-6,10.7
143819,2-1-6,13.1
143819,3-1-6,314.3
143819,4-1-6,274.4
143819,5-1-6,72.7
143819,6-1-5,110.7
143819,1-3-2,32.8
143819,2-3-1,89.8
143819,3-2-1,180.5
143819,4-2-1,275
143819,5-2-1,93.1
143819,6-2-1,85.3
143819,1-3-4,80.1
143819,2-3-4,167.5
143819,3-2-4,265.3
143819,4-2-3,557.3
143819,5-2-3,365.7
143819,6-2-3,272.7
143819,1-3-5,54
143819,2-3-5,104.7
143819,3-2-5,226.7
143819,4-2-5,331.5
143819,5-2-4,329.8
143819,6-2-4,260.4
143819,1-3-6,51.3
143819,2-3-6,93.3
143819,3-2-6,204.5
143819,4-2-6,225.1
143819,5-2-6,79.9
143819,6-2-5,88
143819,1-4-2,64.4
143819,2-4-1,97.5
143819,3-4-1,460.7
143819,4-3-1,689.9
143819,5-3-1,523.1
143819,6-3-1,689.9
143819,1-4-3,130.1
143819,2-4-3,245.9
143819,3-4-2,449.4
143819,4-3-2,802.7
143819,5-3-2,540.8
143819,6-3-2,479.8
143819,1-4-5,95.2
143819,2-4-5,113.1
143819,3-4-5,599.2
143819,4-3-5,886.3
143819,5-3-4,1160
143819,6-3-4,1037
143819,1-4-6,79.7
143819,2-4-6,92.8
143819,3-4-6,545.4
143819,4-3-6,1029
143819,5-3-6,536.2
143819,6-3-5,959.6
143819,1-5-2,26.7
143819,2-5-1,44.7
143819,3-5-1,481.6
143819,4-5-1,332.3
143819,5-4-1,401.3
143819,6-4-1,628.7
143819,1-5-3,67
143819,2-5-3,129.4
143819,3-5-2,386.7
143819,4-5-2,318.2
143819,5-4-2,363.6
143819,6-4-2,385.6
143819,1-5-4,87.2
143819,2-5-4,113.2
143819,3-5-4,619.5
143819,4-5-3,446.2
143819,5-4-3,898.8
143819,6-4-3,974.3
143819,1-5-6,30.6
143819,2-5-6,33.5
143819,3-5-6,525.2
143819,4-5-6,226.3
143819,5-4-6,248.8
143819,6-4-5,510.5
143819,1-6-2,26.4
143819,2-6-1,35.4
143819,3-6-1,651.2
143819,4-6-1,364.6
143819,5-6-1,104.6
143819,6-5-1,134.3
143819,1-6-3,67.4
143819,2-6-3,105.7
143819,3-6-2,390.3
143819,4-6-2,309
143819,5-6-2,95.5
143819,6-5-2,91.2
143819,1-6-4,83.4
143819,2-6-4,89.8
143819,3-6-4,721.1
143819,4-6-3,733.5
143819,5-6-3,393.9
143819,6-5-3,559.8
143819,1-6-5,39
143819,2-6-5,44.5
143819,3-6-5,701.2
143819,4-6-5,333.2
143819,5-6-4,315.1
143819,6-5-4,373.2
143820,1-2-3,15.5
143820,2-1-3,19.2
143820,3-1-2,39.4
143820,4-1-2,25.3
143820,5-1-2,484.5
143820,6-1-2,1296
143820,1-2-4,10.5
143820,2-1-4,16.9
143820,3-1-4,42.4
143820,4-1-3,30.9
143820,5-1-3,645.3
143820,6-1-3,1107
143820,1-2-5,67.3
143820,2-1-5,67.5
143820,3-1-5,139.2
143820,4-1-5,52.5
143820,5-1-4,472.4
143820,6-1-4,754.5
143820,1-2-6,140.3
143820,2-1-6,196.4
143820,3-1-6,270.8
143820,4-1-6,107.5
143820,5-1-6,1318
143820,6-1-5,2198
143820,1-3-2,21.9
143820,2-3-1,43.5
143820,3-2-1,68.5
143820,4-2-1,31.4
143820,5-2-1,619
143820,6-2-1,1648
143820,1-3-4,16.7
143820,2-3-4,32.5
143820,3-2-4,53.4
143820,4-2-3,24.8
143820,5-2-3,739.8
143820,6-2-3,1391
143820,1-3-5,82.2
143820,2-3-5,156.1
143820,3-2-5,221.7
143820,4-2-5,68.8
143820,5-2-4,553.5
143820,6-2-4,1017
143820,1-3-6,150.3
143820,2-3-6,324
143820,3-2-6,433.3
143820,4-2-6,119.4
143820,5-2-6,1307
143820,6-2-5,2861
143820,1-4-2,12.7
143820,2-4-1,30.2
143820,3-4-1,59.1
143820,4-3-1,39.4
143820,5-3-1,1024
143820,6-3-1,1805
143820,1-4-3,14.6
143820,2-4-3,26.8
143820,3-4-2,48
143820,4-3-2,34.6
143820,5-3-2,856.8
143820,6-3-2,1596
143820,1-4-5,57.2
143820,2-4-5,96.7
143820,3-4-5,150.6
143820,4-3-5,102.8
143820,5-3-4,913.6
143820,6-3-4,1378
143820,1-4-6,69.1
143820,2-4-6,185.1
143820,3-4-6,270.8
143820,4-3-6,156
143820,5-3-6,2077
143820,6-3-5,3370
143820,1-5-2,215.4
143820,2-5-1,254
143820,3-5-1,369
143820,4-5-1,69.3
143820,5-4-1,405.5
143820,6-4-1,718.8
143820,1-5-3,272.2
143820,2-5-3,356.8
143820,3-5-2,414.3
143820,4-5-2,80.2
143820,5-4-2,478.4
143820,6-4-2,930.4
143820,1-5-4,211.5
143820,2-5-4,180.5
143820,3-5-4,340.8
143820,4-5-3,107.4
143820,5-4-3,747.1
143820,6-4-3,1157
143820,1-5-6,585.5
143820,2-5-6,856.8
143820,3-5-6,1031
143820,4-5-6,152.1
143820,5-4-6,462.4
143820,6-4-5,1849
143820,1-6-2,375.4
143820,2-6-1,966
143820,3-6-1,972.2
143820,4-6-1,217.2
143820,5-6-1,1919
143820,6-5-1,3297
143820,1-6-3,444.7
143820,2-6-3,913.6
143820,3-6-2,908.1
143820,4-6-2,192.7
143820,5-6-2,2198
143820,6-5-2,3699
143820,1-6-4,306.4
143820,2-6-4,311.4
143820,3-6-4,847.3
143820,4-6-3,251.1
143820,5-6-3,2136
143820,6-5-3,2808
143820,1-6-5,762.1
143820,2-6-5,1203
143820,3-6-5,1501
143820,4-6-5,323.3
143820,5-6-4,1378
143820,6-5-4,1532
143821,1-2-3,13.7
143821,2-1-3,40.3
143821,3-1-2,48.9
143821,4-1-2,108.1
143821,5-1-2,245.4
143821,6-1-2,1718
143821,1-2-4,16.5
143821,2-1-4,41.6
143821,3-1-4,26.4
143821,4-1-3,75
143821,5-1-3,106.5
143821,6-1-3,1593
143821,1-2-5,35.9
143821,2-1-5,88.7
143821,3-1-5,27.9
143821,4-1-5,84.4
143821,5-1-4,170.8
143821,6-1-4,1832
143821,1-2-6,72.2
143821,2-1-6,172.3
143821,3-1-6,140.7
143821,4-1-6,216.8
143821,5-1-6,389.2
143821,6-1-5,2682
143821,1-3-2,14
143821,2-3-1,76.7
143821,3-2-1,74.2
143821,4-2-1,119.7
143821,5-2-1,450.6
143821,6-2-1,2290
143821,1-3-4,10.5
143821,2-3-4,59.8
143821,3-2-4,47.3
143821,4-2-3,99.4
143821,5-2-3,348.5
143821,6-2-3,1341
143821,1-3-5,13.2
143821,2-3-5,117.8
143821,3-2-5,92.4
143821,4-2-5,140
143821,5-2-4,399.1
143821,6-2-4,1182
143821,1-3-6,85.8
143821,2-3-6,202.1
143821,3-2-6,157.3
143821,4-2-6,213.9
143821,5-2-6,879.7
143821,6-2-5,2972
143821,1-4-2,24
143821,2-4-1,87.5
143821,3-4-1,44
143821,4-3-1,78.1
143821,5-3-1,151
143821,6-3-1,2618
143821,1-4-3,21.8
143821,2-4-3,76.4
143821,3-4-2,58.5
143821,4-3-2,128.9
143821,5-3-2,275.2
143821,6-3-2,1895
143821,1-4-5,35.3
143821,2-4-5,122.8
143821,3-4-5,31.8
143821,4-3-5,70.4
143821,5-3-4,126.8
143821,6-3-4,1537
143821,1-4-6,97
143821,2-4-6,177.7
143821,3-4-6,118.6
143821,4-3-6,172.7
143821,5-3-6,430.3
143821,6-3-5,2527
143821,1-5-2,68.2
143821,2-5-1,247.6
143821,3-5-1,60.5
143821,4-5-1,93.4
143821,5-4-1,202.3
143821,6-4-1,2114
143821,1-5-3,38.1
143821,2-5-3,211.6
143821,3-5-2,101
143821,4-5-2,146.2
143821,5-4-2,324.8
143821,6-4-2,1324
143821,1-5-4,57.6
143821,2-5-4,229
143821,3-5-4,45.3
143821,4-5-3,85.2
143821,5-4-3,142.7
143821,6-4-3,1759
143821,1-5-6,164.9
143821,2-5-6,575.7
143821,3-5-6,168
143821,4-5-6,185.7
143821,5-4-6,278
143821,6-4-5,1863
143821,1-6-2,282.3
143821,2-6-1,635.6
143821,3-6-1,548.4
143821,4-6-1,565.3
143821,5-6-1,986.2
143821,6-5-1,3282
143821,1-6-3,355.3
143821,2-6-3,591.2
143821,3-6-2,430.3
143821,4-6-2,321.5
143821,5-6-2,1188
143821,6-5-2,3383
143821,1-6-4,287.8
143821,2-6-4,505.5
143821,3-6-4,354.7
143821,4-6-3,386.5
143821,5-6-3,865.8
143821,6-5-3,2315
143821,1-6-5,463
143821,2-6-5,879.7
143821,3-6-5,496.4
143821,4-6-5,415.7
143821,5-6-4,833
143821,6-5-4,2074
143822,1-2-3,19.2
143822,2-1-3,28.2
143822,3-1-2,76.4
143822,4-1-2,284.4
143822,5-1-2,64.6
143822,6-1-2,297.2
143822,1-2-4,34.9
143822,2-1-4,37.3
143822,3-1-4,126.6
143822,4-1-3,436.3
143822,5-1-3,87.4
143822,6-1-3,459.6
143822,1-2-5,14.3
143822,2-1-5,18.6
143822,3-1-5,53.3
143822,4-1-5,244.9
143822,5-1-4,165.5
143822,6-1-4,639.6
143822,1-2-6,33.4
143822,2-1-6,23.9
143822,3-1-6,90
143822,4-1-6,255.5
143822,5-1-6,65.4
143822,6-1-5,267.4
143822,1-3-2,33.5
143822,2-3-1,55.3
143822,3-2-1,106.3
143822,4-2-1,298.8
143822,5-2-1,74.4
143822,6-2-1,333.1
143822,1-3-4,63.6
143822,2-3-4,111.3
143822,3-2-4,163.6
143822,4-2-3,420.7
143822,5-2-3,92.7
143822,6-2-3,393.4
143822,1-3-5,27.4
143822,2-3-5,36.6
143822,3-2-5,61.2
143822,4-2-5,247
143822,5-2-4,159.6
143822,6-2-4,628.8
143822,1-3-6,58.5
143822,2-3-6,58.6
143822,3-2-6,87
143822,4-2-6,274.6
143822,5-2-6,55.8
143822,6-2-5,180.8
143822,1-4-2,80.4
143822,2-4-1,111.7
143822,3-4-1,273
143822,4-3-1,497.4
143822,5-3-1,128.8
143822,6-3-1,699.5
143822,1-4-3,126
143822,2-4-3,194.3
143822,3-4-2,267.1
143822,4-3-2,534.2
143822,5-3-2,109.1
143822,6-3-2,550
143822,1-4-5,95.8
143822,2-4-5,105.2
143822,3-4-5,168.8
143822,4-3-5,338.6
143822,5-3-4,226.1
143822,6-3-4,841.5
143822,1-4-6,87.1
143822,2-4-6,94.4
143822,3-4-6,202.2
143822,4-3-6,433.8
143822,5-3-6,89.2
143822,6-3-5,364.5
143822,1-5-2,27.6
143822,2-5-1,37.2
143822,3-5-1,80.8
143822,4-5-1,281.9
143822,5-4-1,300
143822,6-4-1,1097
143822,1-5-3,40
143822,2-5-3,44.2
143822,3-5-2,74.3
143822,4-5-2,246.2
143822,5-4-2,235.6
143822,6-4-2,838.4
143822,1-5-4,78
143822,2-5-4,87.4
143822,3-5-4,141.9
143822,4-5-3,303.7
143822,5-4-3,299.6
143822,6-4-3,1178
143822,1-5-6,42.2
143822,2-5-6,30.7
143822,3-5-6,65
143822,4-5-6,189.8
143822,5-4-6,147
143822,6-4-5,534.2
143822,1-6-2,99.8
143822,2-6-1,95.3
143822,3-6-1,272
143822,4-6-1,519.3
143822,5-6-1,94.4
143822,6-5-1,230.7
143822,1-6-3,131.9
143822,2-6-3,127.1
143822,3-6-2,211.3
143822,4-6-2,422.3
143822,5-6-2,68.2
143822,6-5-2,159.3
143822,1-6-4,142.5
143822,2-6-4,147.8
143822,3-6-4,323.9
143822,4-6-3,389.3
143822,5-6-3,106.9
143822,6-5-3,295.7
143822,1-6-5,96.3
143822,2-6-5,68.1
143822,3-6-5,133.2
143822,4-6-5,278.4
143822,5-6-4,152.3
143822,6-5-4,418.4
143823,1-2-3,20.9
143823,2-1-3,29.6
143823,3-1-2,15.2
143823,4-1-2,94.1
143823,5-1-2,636.5
143823,6-1-2,1985
143823,1-2-4,32.8
143823,2-1-4,34.1
143823,3-1-4,10.9
143823,4-1-3,77.6
143823,5-1-3,293.2
143823,6-1-3,1318
143823,1-2-5,77
143823,2-1-5,77
143823,3-1-5,26.1
143823,4-1-5,139.4
143823,5-1-4,737.3
143823,6-1-4,2708
143823,1-2-6,180.1
143823,2-1-6,183.8
143823,3-1-6,76
143823,4-1-6,355.4
143823,5-1-6,1329
143823,6-1-5,2708
143823,1-3-2,13.7
143823,2-3-1,40.5
143823,3-2-1,26.1
143823,4-2-1,136.7
143823,5-2-1,992.9
143823,6-2-1,2441
143823,1-3-4,9.5
143823,2-3-4,60.7
143823,3-2-4,21.8
143823,4-2-3,131.1
143823,5-2-3,618
143823,6-2-3,2327
143823,1-3-5,26.9
143823,2-3-5,137.4
143823,3-2-5,55.3
143823,4-2-5,249.9
143823,5-2-4,1027
143823,6-2-4,2708
143823,1-3-6,81.9
143823,2-3-6,316.9
143823,3-2-6,187.5
143823,4-2-6,425.5
143823,5-2-6,1654
143823,6-2-5,2758
143823,1-4-2,41.9
143823,2-4-1,65.4
143823,3-4-1,17
143823,4-3-1,53.6
143823,5-3-1,305.2
143823,6-3-1,1618
143823,1-4-3,24.5
143823,2-4-3,89.2
143823,3-4-2,21.5
143823,4-3-2,76.1
143823,5-3-2,472.8
143823,6-3-2,2190
143823,1-4-5,69.2
143823,2-4-5,207.4
143823,3-4-5,21.1
143823,4-3-5,68
143823,5-3-4,302.7
143823,6-3-4,1220
143823,1-4-6,175.2
143823,2-4-6,607.9
143823,3-4-6,57.7
143823,4-3-6,156.6
143823,5-3-6,986.3
143823,6-3-5,1794
143823,1-5-2,148
143823,2-5-1,267.8
143823,3-5-1,70.3
143823,4-5-1,239.8
143823,5-4-1,836.7
143823,6-4-1,3632
143823,1-5-3,110.9
143823,2-5-3,394
143823,3-5-2,76.2
143823,4-5-2,267.8
143823,5-4-2,881.3
143823,6-4-2,2291
143823,1-5-4,178.5
143823,2-5-4,349.6
143823,3-5-4,54.9
143823,4-5-3,175
143823,5-4-3,485.1
143823,6-4-3,1460
143823,1-5-6,421.9
143823,2-5-6,992.9
143823,3-5-6,162
143823,4-5-6,296.1
143823,5-4-6,1172
143823,6-4-5,2402
143823,1-6-2,465.4
143823,2-6-1,1201
143823,3-6-1,297.8
143823,4-6-1,1241
143823,5-6-1,2158
143823,6-5-1,3169
143823,1-6-3,425.5
143823,2-6-3,1220
143823,3-6-2,488.3
143823,4-6-2,1273
143823,5-6-2,2568
143823,6-5-2,2758
143823,1-6-4,553.7
143823,2-6-4,1474
143823,3-6-4,266.9
143823,4-6-3,647.5
143823,5-6-3,1567
143823,6-5-3,2402
143823,1-6-5,775.7
143823,2-6-5,1794
143823,3-6-5,379.9
143823,4-6-5,1063
143823,5-6-4,2364
143823,6-5-4,3237
143824,1-2-3,9.7
143824,2-1-3,64.3
143824,3-1-2,107.3
143824,4-1-2,67.8
143824,5-1-2,120.9
143824,6-1-2,292.5
143824,1-2-4,12.4
143824,2-1-4,57.7
143824,3-1-4,61.1
143824,4-1-3,88.4
143824,5-1-3,141.5
143824,6-1-3,516.3
143824,1-2-5,22.6
143824,2-1-5,59.7
143824,3-1-5,57.1
143824,4-1-5,58.4
143824,5-1-4,114.6
143824,6-1-4,405.4
143824,1-2-6,32
143824,2-1-6,68.4
143824,3-1-6,103
143824,4-1-6,52.6
143824,5-1-6,101.2
143824,6-1-5,459.2
143824,1-3-2,17.7
143824,2-3-1,205.8
143824,3-2-1,281.1
143824,4-2-1,141
143824,5-2-1,233.4
143824,6-2-1,553.5
143824,1-3-4,11.7
143824,2-3-4,355.2
143824,3-2-4,391.5
143824,4-2-3,317.8
143824,5-2-3,648
143824,6-2-3,1213
143824,1-3-5,15.5
143824,2-3-5,460.4
143824,3-2-5,433.8
143824,4-2-5,185.1
143824,5-2-4,398.6
143824,6-2-4,1014
143824,1-3-6,37.4
143824,2-3-6,494.6
143824,3-2-6,623.9
143824,4-2-6,144.2
143824,5-2-6,275.2
143824,6-2-5,1226
143824,1-4-2,18.7
143824,2-4-1,158.4
143824,3-4-1,149.5
143824,4-3-1,203.6
143824,5-3-1,291.6
143824,6-3-1,992
143824,1-4-3,18.4
143824,2-4-3,417.9
143824,3-4-2,280
143824,4-3-2,366.7
143824,5-3-2,714.9
143824,6-3-2,1642
143824,1-4-5,18.6
143824,2-4-5,360.3
143824,3-4-5,195.8
143824,4-3-5,259.2
143824,5-3-4,531
143824,6-3-4,1217
143824,1-4-6,29.8
143824,2-4-6,272.9
143824,3-4-6,315.8
143824,4-3-6,215.6
143824,5-3-6,457.4
143824,6-3-5,1303
143824,1-5-2,38.8
143824,2-5-1,190.8
143824,3-5-1,159.7
143824,4-5-1,79.3
143824,5-4-1,140.5
143824,6-4-1,482.4
143824,1-5-3,35.5
143824,2-5-3,627.2
143824,3-5-2,343.8
143824,4-5-2,144.4
143824,5-4-2,265.5
143824,6-4-2,729.6
143824,1-5-4,36.4
143824,2-5-4,444.7
143824,3-5-4,233.2
143824,4-5-3,193.4
143824,5-4-3,349.3
143824,6-4-3,929.3
143824,1-5-6,45.4
143824,2-5-6,416.4
143824,3-5-6,329.4
143824,4-5-6,72
143824,5-4-6,123.3
143824,6-4-5,483.1
143824,1-6-2,70.4
143824,2-6-1,302.8
143824,3-6-1,618.5
143824,4-6-1,114.8
143824,5-6-1,284.5
143824,6-5-1,699.3
143824,1-6-3,92.7
143824,2-6-3,917.3
143824,3-6-2,1100
143824,4-6-2,175.2
143824,5-6-2,453.3
143824,6-5-2,1070
143824,1-6-4,74.7
143824,2-6-4,656.4
143824,3-6-4,848.9
143824,4-6-3,238.1
143824,5-6-3,563.2
143824,6-5-3,1177
143824,1-6-5,92
143824,2-6-5,777.8
143824,3-6-5,880.7
143824,4-6-5,109.7
143824,5-6-4,305.2
143824,6-5-4,578.9
143825,1-2-3,13.2
143825,2-1-3,50.8
143825,3-1-2,36.4
143825,4-1-2,40.8
143825,5-1-2,354
143825,6-1-2,1516
143825,1-2-4,15.7
143825,2-1-4,46.3
143825,3-1-4,20.3
143825,4-1-3,28.9
143825,5-1-3,288.5
143825,6-1-3,1133
143825,1-2-5,58.2
143825,2-1-5,156.7
143825,3-1-5,52.8
143825,4-1-5,73.3
143825,5-1-4,388.3
143825,6-1-4,1968
143825,1-2-6,97.2
143825,2-1-6,224.9
143825,3-1-6,119.2
143825,4-1-6,148.2
143825,5-1-6,676
143825,6-1-5,3507
143825,1-3-2,11.9
143825,2-3-1,69.1
143825,3-2-1,57.6
143825,4-2-1,71.4
143825,5-2-1,531.9
143825,6-2-1,2244
143825,1-3-4,7.9
143825,2-3-4,77.2
143825,3-2-4,44.7
143825,4-2-3,72.3
143825,5-2-3,743.2
143825,6-2-3,2158
143825,1-3-5,34.6
143825,2-3-5,243.9
143825,3-2-5,133.6
143825,4-2-5,157.4
143825,5-2-4,680.1
143825,6-2-4,2672
143825,1-3-6,78.7
143825,2-3-6,494.4
143825,3-2-6,213.7
143825,4-2-6,248.2
143825,5-2-6,1133
143825,6-2-5,5101
143825,1-4-2,15.1
143825,2-4-1,69.3
143825,3-4-1,24.4
143825,4-3-1,36.3
143825,5-3-1,332
143825,6-3-1,1247
143825,1-4-3,11.4
143825,2-4-3,85.2
143825,3-4-2,34.5
143825,4-3-2,49.3
143825,5-3-2,626.9
143825,6-3-2,1516
143825,1-4-5,43.6
143825,2-4-5,261
143825,3-4-5,49.4
143825,4-3-5,77.1
143825,5-3-4,415.6
143825,6-3-4,1275
143825,1-4-6,82.9
143825,2-4-6,391
143825,3-4-6,90.2
143825,4-3-6,128.7
143825,5-3-6,897.8
143825,6-3-5,3620
143825,1-5-2,120.8
143825,2-5-1,397.9
143825,3-5-1,132.5
143825,4-5-1,109.6
143825,5-4-1,348.5
143825,6-4-1,1650
143825,1-5-3,93
143825,2-5-3,463.7
143825,3-5-2,196.2
143825,4-5-2,140.8
143825,5-4-2,447.1
143825,6-4-2,1870
143825,1-5-4,124.4
143825,2-5-4,492.2
143825,3-5-4,127.9
143825,4-5-3,137.5
143825,5-4-3,371.6
143825,6-4-3,1402
143825,1-5-6,241.8
143825,2-5-6,927.5
143825,3-5-6,329.1
143825,4-5-6,191.5
143825,5-4-6,634
143825,6-4-5,2439
143825,1-6-2,360.8
143825,2-6-1,1048
143825,3-6-1,552.8
143825,4-6-1,409.6
143825,5-6-1,1368
143825,6-5-1,3620
143825,1-6-3,335
143825,2-6-3,1352
143825,3-6-2,748.2
143825,4-6-2,475.5
143825,5-6-2,1781
143825,6-5-2,3620
143825,1-6-4,465.6
143825,2-6-4,1261
143825,3-6-4,409.6
143825,4-6-3,431.6
143825,5-6-3,1247
143825,6-5-3,3620
143825,1-6-5,672
143825,2-6-5,1726
143825,3-6-5,676
143825,4-6-5,414.1
143825,5-6-4,1290
143825,6-5-4,2338
143826,1-2-3,24.9
143826,2-1-3,102.9
143826,3-1-2,77.3
143826,4-1-2,89.1
143826,5-1-2,67.3
143826,6-1-2,1996
143826,1-2-4,33.3
143826,2-1-4,119.1
143826,3-1-4,51.4
143826,4-1-3,75.5
143826,5-1-3,44.6
143826,6-1-3,2636
143826,1-2-5,38.2
143826,2-1-5,119.3
143826,3-1-5,40.2
143826,4-1-5,34.1
143826,5-1-4,35.7
143826,6-1-4,2025
143826,1-2-6,160.6
143826,2-1-6,391.4
143826,3-1-6,202.5
143826,4-1-6,113.3
143826,5-1-6,79.9
143826,6-1-5,1535
143826,1-3-2,26.5
143826,2-3-1,174.9
143826,3-2-1,155.9
143826,4-2-1,194.9
143826,5-2-1,149.9
143826,6-2-1,2183
143826,1-3-4,20.1
143826,2-3-4,159.5
143826,3-2-4,117.9
143826,4-2-3,189.1
143826,5-2-3,164.4
143826,6-2-3,3583
143826,1-3-5,16.1
143826,2-3-5,150.1
143826,3-2-5,102.4
143826,4-2-5,111.8
143826,5-2-4,139
143826,6-2-4,3677
143826,1-3-6,126.8
143826,2-3-6,545.8
143826,3-2-6,506.3
143826,4-2-6,395.8
143826,5-2-6,320.5
143826,6-2-5,2218
143826,1-4-2,40.1
143826,2-4-1,201.6
143826,3-4-1,80.3
143826,4-3-1,117.8
143826,5-3-1,66.5
143826,6-3-1,3677
143826,1-4-3,28.2
143826,2-4-3,192.2
143826,3-4-2,115.9
143826,4-3-2,144.3
143826,5-3-2,109.1
143826,6-3-2,3776
143826,1-4-5,21
143826,2-4-5,185.8
143826,3-4-5,39
143826,4-3-5,57.8
143826,5-3-4,55.8
143826,6-3-4,2025
143826,1-4-6,110
143826,2-4-6,599.7
143826,3-4-6,200.2
143826,4-3-6,237.6
143826,5-3-6,167.1
143826,6-3-5,2253
143826,1-5-2,36.7
143826,2-5-1,213.3
143826,3-5-1,49.1
143826,4-5-1,23.6
143826,5-4-1,30.8
143826,6-4-1,1704
143826,1-5-3,20.5
143826,2-5-3,212.7
143826,3-5-2,88.2
143826,4-5-2,42
143826,5-4-2,57.2
143826,6-4-2,2636
143826,1-5-4,21.7
143826,2-5-4,231.7
143826,3-5-4,42.3
143826,4-5-3,37.1
143826,5-4-3,45.5
143826,6-4-3,2055
143826,1-5-6,130.7
143826,2-5-6,720.3
143826,3-5-6,189.8
143826,4-5-6,38.5
143826,5-4-6,48.2
143826,6-4-5,485.2
143826,1-6-2,418.4
143826,2-6-1,1330
143826,3-6-1,812.4
143826,4-6-1,266.1
143826,5-6-1,208.2
143826,6-5-1,1440
143826,1-6-3,458.1
143826,2-6-3,1293
143826,3-6-2,1042
143826,4-6-2,433.9
143826,5-6-2,360.1
143826,6-5-2,1914
143826,1-6-4,412.2
143826,2-6-4,1746
143826,3-6-4,635.2
143826,4-6-3,481.8
143826,5-6-3,314.7
143826,6-5-3,1968
143826,1-6-5,367.7
143826,2-6-5,1356
143826,3-6-5,535.4
143826,4-6-5,152.3
143826,5-6-4,148.6
143826,6-5-4,495.5
143827,1-2-3,65
143827,2-1-3,81.4
143827,3-1-2,238.5
143827,4-1-2,89.3
143827,5-1-2,33.9
143827,6-1-2,1612
143827,1-2-4,40.7
143827,2-1-4,72.3
143827,3-1-4,182.6
143827,4-1-3,162.7
143827,5-1-3,64.4
143827,6-1-3,1770
143827,1-2-5,25.6
143827,2-1-5,44
143827,3-1-5,107.1
143827,4-1-5,46.3
143827,5-1-4,35.8
143827,6-1-4,2088
143827,1-2-6,213.5
143827,2-1-6,289.3
143827,3-1-6,455
143827,4-1-6,136.9
143827,5-1-6,80.4
143827,6-1-5,1131
143827,1-3-2,86.8
143827,2-3-1,123.2
143827,3-2-1,331.1
143827,4-2-1,77.3
143827,5-2-1,46.6
143827,6-2-1,1962
143827,1-3-4,86.1
143827,2-3-4,125.3
143827,3-2-4,206.7
143827,4-2-3,96.6
143827,5-2-3,62.7
143827,6-2-3,1645
143827,1-3-5,43.2
143827,2-3-5,73.7
143827,3-2-5,170.7
143827,4-2-5,23.3
143827,5-2-4,28.4
143827,6-2-4,1566
143827,1-3-6,271.9
143827,2-3-6,472.2
143827,3-2-6,571.6
143827,4-2-6,135.8
143827,5-2-6,82.8
143827,6-2-5,1051
143827,1-4-2,56.5
143827,2-4-1,98.3
143827,3-4-1,216.9
143827,4-3-1,245.3
143827,5-3-1,100.7
143827,6-3-1,2361
143827,1-4-3,103.1
143827,2-4-3,90.2
143827,3-4-2,275.1
143827,4-3-2,205.9
143827,5-3-2,120.4
143827,6-3-2,1916
143827,1-4-5,37.2
143827,2-4-5,28.1
143827,3-4-5,119
143827,4-3-5,94.9
143827,5-3-4,89.3
143827,6-3-4,1872
143827,1-4-6,188.3
143827,2-4-6,243.5
143827,3-4-6,513.9
143827,4-3-6,387.8
143827,5-3-6,207.5
143827,6-3-5,1770
143827,1-5-2,21.2
143827,2-5-1,48.2
143827,3-5-1,97.4
143827,4-5-1,24.3
143827,5-4-1,27.1
143827,6-4-1,2361
143827,1-5-3,36.4
143827,2-5-3,51.7
143827,3-5-2,151.8
143827,4-5-2,15.7
143827,5-4-2,21.1
143827,6-4-2,1679
143827,1-5-4,29
143827,2-5-4,29.3
143827,3-5-4,100.8
143827,4-5-3,39.3
143827,5-4-3,56.2
143827,6-4-3,2506
143827,1-5-6,104.6
143827,2-5-6,133.8
143827,3-5-6,340.1
143827,4-5-6,29.7
143827,5-4-6,36.6
143827,6-4-5,690.3
143827,1-6-2,501.2
143827,2-6-1,993.3
143827,3-6-1,1303
143827,4-6-1,388.8
143827,5-6-1,166
143827,6-5-1,1123
143827,1-6-3,588.1
143827,2-6-3,1147
143827,3-6-2,1369
143827,4-6-2,292.4
143827,5-6-2,157.2
143827,6-5-2,987.3
143827,1-6-4,456.3
143827,2-6-4,844
143827,3-6-4,930.9
143827,4-6-3,554.1
143827,5-6-3,297.2
143827,6-5-3,1292
143827,1-6-5,417.7
143827,2-6-5,457.6
143827,3-6-5,857.4
143827,4-6-5,129.6
143827,5-6-4,118.5
143827,6-5-4,614.7
143828,1-2-3,22.1
143828,2-1-3,20.6
143828,3-1-2,75.8
143828,4-1-2,485.4
143828,5-1-2,88.2
143828,6-1-2,330.2
143828,1-2-4,57.9
143828,2-1-4,49.5
143828,3-1-4,181.3
143828,4-1-3,599.4
143828,5-1-3,135.4
143828,6-1-3,881.8
143828,1-2-5,25.2
143828,2-1-5,17
143828,3-1-5,83.5
143828,4-1-5,470.5
143828,5-1-4,322
143828,6-1-4,1619
143828,1-2-6,57.6
143828,2-1-6,30.4
143828,3-1-6,140.3
143828,4-1-6,769.1
143828,5-1-6,113
143828,6-1-5,508.8
143828,1-3-2,40.1
143828,2-3-1,26
143828,3-2-1,58.4
143828,4-2-1,440.9
143828,5-2-1,64.3
143828,6-2-1,271.2
143828,1-3-4,106
143828,2-3-4,50.8
143828,3-2-4,69.4
143828,4-2-3,419
143828,5-2-3,57.2
143828,6-2-3,242.3
143828,1-3-5,55.1
143828,2-3-5,15
143828,3-2-5,29.5
143828,4-2-5,321.4
143828,5-2-4,126.3
143828,6-2-4,379.3
143828,1-3-6,122.5
143828,2-3-6,31.2
143828,3-2-6,45.8
143828,4-2-6,467.8
143828,5-2-6,32
143828,6-2-5,136.7
143828,1-4-2,150.7
143828,2-4-1,121
143828,3-4-1,210.8
143828,4-3-1,534.7
143828,5-3-1,134.3
143828,6-3-1,1326
143828,1-4-3,193.6
143828,2-4-3,106.2
143828,3-4-2,121.7
143828,4-3-2,481.2
143828,5-3-2,72.4
143828,6-3-2,422.1
143828,1-4-5,189
143828,2-4-5,82.7
143828,3-4-5,126.9
143828,4-3-5,536.4
143828,5-3-4,239.6
143828,6-3-4,1295
143828,1-4-6,299.1
143828,2-4-6,118.7
143828,3-4-6,167.9
143828,4-3-6,729.1
143828,5-3-6,102.3
143828,6-3-5,507.3
143828,1-5-2,51.9
143828,2-5-1,24
143828,3-5-1,82.9
143828,4-5-1,427.5
143828,5-4-1,403.9
143828,6-4-1,1914
143828,1-5-3,77.8
143828,2-5-3,21.4
143828,3-5-2,41.4
143828,4-5-2,334.2
143828,5-4-2,261.1
143828,6-4-2,985
143828,1-5-4,186.9
143828,2-5-4,59.2
143828,3-5-4,113.3
143828,4-5-3,485.4
143828,5-4-3,513.5
143828,6-4-3,2159
143828,1-5-6,133.4
143828,2-5-6,22.3
143828,3-5-6,65.2
143828,4-5-6,412.8
143828,5-4-6,218.7
143828,6-4-5,920.4
143828,1-6-2,149.5
143828,2-6-1,79.1
143828,3-6-1,309.6
143828,4-6-1,1027
143828,5-6-1,145.2
143828,6-5-1,511.9
143828,1-6-3,293.9
143828,2-6-3,75.9
143828,3-6-2,117
143828,4-6-2,783.4
143828,5-6-2,50.9
143828,6-5-2,167.2
143828,1-6-4,451.5
143828,2-6-4,108.8
143828,3-6-4,264.8
143828,4-6-3,1161
143828,5-6-3,144.7
143828,6-5-3,458.9
143828,1-6-5,265.2
143828,2-6-5,42.2
143828,3-6-5,146.2
143828,4-6-5,790.7
143828,5-6-4,169.4
143828,6-5-4,502.8
143829,1-2-3,13.8
143829,2-1-3,186.1
143829,3-1-2,220.4
143829,4-1-2,212.2
143829,5-1-2,586.7
143829,6-1-2,61.1
143829,1-2-4,13.3
143829,2-1-4,168.5
143829,3-1-4,205.9
143829,4-1-3,336
143829,5-1-3,803.7
143829,6-1-3,93
143829,1-2-5,33
143829,2-1-5,298.5
143829,3-1-5,317
143829,4-1-5,128.2
143829,5-1-4,329.4
143829,6-1-4,57.6
143829,1-2-6,9.6
143829,2-1-6,116.4
143829,3-1-6,135.8
143829,4-1-6,71.1
143829,5-1-6,242.2
143829,6-1-5,91.4
143829,1-3-2,16.2
143829,2-3-1,437
143829,3-2-1,447.7
143829,4-2-1,476.7
143829,5-2-1,1175
143829,6-2-1,169.2
143829,1-3-4,15.2
143829,2-3-4,1092
143829,3-2-4,1039
143829,4-2-3,1161
143829,5-2-3,2246
143829,6-2-3,423.3
143829,1-3-5,36.9
143829,2-3-5,1486
143829,3-2-5,1475
143829,4-2-5,1251
143829,5-2-4,1846
143829,6-2-4,406.7
143829,1-3-6,13.2
143829,2-3-6,873.1
143829,3-2-6,910.5
143829,4-2-6,606.1
143829,5-2-6,1454
143829,6-2-5,639.7
143829,1-4-2,20.3
143829,2-4-1,462
143829,3-4-1,430
143829,4-3-1,693.4
143829,5-3-1,1255
143829,6-3-1,247.4
143829,1-4-3,26.6
143829,2-4-3,1058
143829,3-4-2,929.4
143829,4-3-2,1508
143829,5-3-2,2731
143829,6-3-2,571.8
143829,1-4-5,30
143829,2-4-5,1480
143829,3-4-5,1086
143829,4-3-5,1403
143829,5-3-4,2364
143829,6-3-4,673.8
143829,1-4-6,9.8
143829,2-4-6,685.2
143829,3-4-6,759.9
143829,4-3-6,1005
143829,5-3-6,1991
143829,6-3-5,858.3
143829,1-5-2,75.6
143829,2-5-1,873.1
143829,3-5-1,865.7
143829,4-5-1,213.3
143829,5-4-1,420.2
143829,6-4-1,118.5
143829,1-5-3,85
143829,2-5-3,1991
143829,3-5-2,2011
143829,4-5-2,740.4
143829,5-4-2,1329
143829,6-4-2,363.2
143829,1-5-4,52.9
143829,2-5-4,1677
143829,3-5-4,1863
143829,4-5-3,1075
143829,5-4-3,2021
143829,6-4-3,556.8
143829,1-5-6,35.9
143829,2-5-6,1171
143829,3-5-6,1398
143829,4-5-6,198.2
143829,5-4-6,458.3
143829,6-4-5,283.3
143829,1-6-2,13
143829,2-6-1,246.5
143829,3-6-1,279.9
143829,4-6-1,103.7
143829,5-6-1,326.3
143829,6-5-1,245
143829,1-6-3,20.1
143829,2-6-3,755.6
143829,3-6-2,923
143829,4-6-2,360.9
143829,5-6-2,1255
143829,6-5-2,771.5
143829,1-6-4,12
143829,2-6-4,628.7
143829,3-6-4,902.4
143829,4-6-3,598
143829,5-6-3,1497
143829,6-5-3,1000
143829,1-6-5,27.5
143829,2-6-5,1013
143829,3-6-5,1095
143829,4-6-5,191.1
143829,5-6-4,499.1
143829,6-5-4,397.5
143830,1-2-3,27.3
143830,2-1-3,62.9
143830,3-1-2,74.6
143830,4-1-2,691.3
143830,5-1-2,33.3
143830,6-1-2,520
143830,1-2-4,98.3
143830,2-1-4,202.8
143830,3-1-4,182.6
143830,4-1-3,654.2
143830,5-1-3,28
143830,6-1-3,650.6
143830,1-2-5,19.8
143830,2-1-5,43.1
143830,3-1-5,31.1
143830,4-1-5,337.6
143830,5-1-4,96.6
143830,6-1-4,1145
143830,1-2-6,57.2
143830,2-1-6,101.4
143830,3-1-6,87.6
143830,4-1-6,512
143830,5-1-6,24.7
143830,6-1-5,307.4
143830,1-3-2,28.7
143830,2-3-1,86
143830,3-2-1,108.4
143830,4-2-1,907.7
143830,5-2-1,58.1
143830,6-2-1,761.7
143830,1-3-4,88.1
143830,2-3-4,248.3
143830,3-2-4,251.1
143830,4-2-3,920.4
143830,5-2-3,64.6
143830,6-2-3,966.4
143830,1-3-5,13.2
143830,2-3-5,47.6
143830,3-2-5,53.7
143830,4-2-5,535
143830,5-2-4,153.2
143830,6-2-4,1567
143830,1-3-6,52.9
143830,2-3-6,108.2
143830,3-2-6,123.7
143830,4-2-6,797
143830,5-2-6,46.5
143830,6-2-5,430.3
143830,1-4-2,211.8
143830,2-4-1,552.9
143830,3-4-1,411.9
143830,4-3-1,769.2
143830,5-3-1,44.1
143830,6-3-1,783.5
143830,1-4-3,215.2
143830,2-4-3,460.2
143830,3-4-2,365.2
143830,4-3-2,1035
143830,5-3-2,68.5
143830,6-3-2,1015
143830,1-4-5,118.7
143830,2-4-5,292.3
143830,3-4-5,188.4
143830,4-3-5,504.7
143830,5-3-4,166.4
143830,6-3-4,1454
143830,1-4-6,212.5
143830,2-4-6,403
143830,3-4-6,382.4
143830,4-3-6,913.1
143830,5-3-6,37.7
143830,6-3-5,258.1
143830,1-5-2,21.9
143830,2-5-1,64.2
143830,3-5-1,37.2
143830,4-5-1,215.3
143830,5-4-1,135.9
143830,6-4-1,1208
143830,1-5-3,14.6
143830,2-5-3,55.2
143830,3-5-2,50.7
143830,4-5-2,260.6
143830,5-4-2,155.9
143830,6-4-2,1496
143830,1-5-4,68.2
143830,2-5-4,164.2
143830,3-5-4,151.1
143830,4-5-3,319.4
143830,5-4-3,227.2
143830,6-4-3,1556
143830,1-5-6,24
143830,2-5-6,69.8
143830,3-5-6,41.1
143830,4-5-6,127.8
143830,5-4-6,67.8
143830,6-4-5,423.2
143830,1-6-2,142
143830,2-6-1,303.5
143830,3-6-1,273.6
143830,4-6-1,666.5
143830,5-6-1,32.2
143830,6-5-1,218.4
143830,1-6-3,165
143830,2-6-3,319
143830,3-6-2,310.2
143830,4-6-2,765.4
143830,5-6-2,37
143830,6-5-2,247.2
143830,1-6-4,283.2
143830,2-6-4,587.1
143830,3-6-4,651.5
143830,4-6-3,960.4
143830,5-6-3,34.9
143830,6-5-3,182.1
143830,1-6-5,93.2
143830,2-6-5,180
143830,3-6-5,115.8
143830,4-6-5,248
143830,5-6-4,60.4
143830,6-5-4,295
143831,1-2-3,16.2
143831,2-1-3,29.6
143831,3-1-2,100.5
143831,4-1-2,23.2
143831,5-1-2,326.9
143831,6-1-2,1728
143831,1-2-4,8.4
143831,2-1-4,13.3
143831,3-1-4,66.3
143831,4-1-3,47.8
143831,5-1-3,320.4
143831,6-1-3,2505
143831,1-2-5,34.9
143831,2-1-5,46
143831,3-1-5,136.2
143831,4-1-5,46.6
143831,5-1-4,260.4
143831,6-1-4,1985
143831,1-2-6,150.1
143831,2-1-6,159
143831,3-1-6,404.9
143831,4-1-6,149.8
143831,5-1-6,569.2
143831,6-1-5,2129
143831,1-3-2,25.7
143831,2-3-1,77.5
143831,3-2-1,119.1
143831,4-2-1,24.8
143831,5-2-1,409.9
143831,6-2-1,2588
143831,1-3-4,22.7
143831,2-3-4,53.4
143831,3-2-4,73
143831,4-2-3,56.1
143831,5-2-3,526.4
143831,6-2-3,2839
143831,1-3-5,43.3
143831,2-3-5,131.7
143831,3-2-5,208.1
143831,4-2-5,48.5
143831,5-2-4,284.4
143831,6-2-4,1207
143831,1-3-6,196
143831,2-3-6,370
143831,3-2-6,619.7
143831,4-2-6,123.8
143831,5-2-6,814.8
143831,6-2-5,2415
143831,1-4-2,10.4
143831,2-4-1,19.4
143831,3-4-1,71.5
143831,4-3-1,77
143831,5-3-1,469.9
143831,6-3-1,2772
143831,1-4-3,18.8
143831,2-4-3,40.1
143831,3-4-2,68.3
143831,4-3-2,72.3
143831,5-3-2,638.3
143831,6-3-2,3123
143831,1-4-5,28.8
143831,2-4-5,41.8
143831,3-4-5,100.5
143831,4-3-5,105.2
143831,5-3-4,486
143831,6-3-4,2054
143831,1-4-6,112.1
143831,2-4-6,104.3
143831,3-4-6,321.7
143831,4-3-6,256.1
143831,5-3-6,1252
143831,6-3-5,2822
143831,1-5-2,87.1
143831,2-5-1,155
143831,3-5-1,244.1
143831,4-5-1,66.3
143831,5-4-1,238.7
143831,6-4-1,2010
143831,1-5-3,95.1
143831,2-5-3,242.1
143831,3-5-2,329.7
143831,4-5-2,63.4
143831,5-4-2,219.1
143831,6-4-2,1165
143831,1-5-4,86.8
143831,2-5-4,128.7
143831,3-5-4,232.4
143831,4-5-3,111
143831,5-4-3,344.7
143831,6-4-3,2532
143831,1-5-6,228.7
143831,2-5-6,441.1
143831,3-5-6,605.3
143831,4-5-6,123.5
143831,5-4-6,404.9
143831,6-4-5,1459
143831,1-6-2,525.8
143831,2-6-1,861.2
143831,3-6-1,1308
143831,4-6-1,372.4
143831,5-6-1,892.4
143831,6-5-1,2037
143831,1-6-3,536
143831,2-6-3,1226
143831,3-6-2,1487
143831,4-6-2,282.4
143831,5-6-2,1011
143831,6-5-2,2478
143831,1-6-4,476.6
143831,2-6-4,535.4
143831,3-6-4,1059
143831,4-6-3,611.6
143831,5-6-3,1059
143831,6-5-3,2189
143831,1-6-5,478.5
143831,2-6-5,1067
143831,3-6-5,1256
143831,4-6-5,283.2
143831,5-6-4,642.6
143831,6-5-4,1390
143832,1-2-3,22.4
143832,2-1-3,67.3
143832,3-1-2,328.9
143832,4-1-2,22.9
143832,5-1-2,530.7
143832,6-1-2,117.9
143832,1-2-4,6.6
143832,2-1-4,19.5
143832,3-1-4,298.2
143832,4-1-3,103.9
143832,5-1-3,727.1
143832,6-1-3,591.4
143832,1-2-5,63.4
143832,2-1-5,118
143832,3-1-5,521.3
143832,4-1-5,60.7
143832,5-1-4,364.6
143832,6-1-4,116.6
143832,1-2-6,12.9
143832,2-1-6,34.4
143832,3-1-6,466
143832,4-1-6,22.5
143832,5-1-6,449.3
143832,6-1-5,468.2
143832,1-3-2,49.2
143832,2-3-1,234.8
143832,3-2-1,550.5
143832,4-2-1,36.5
143832,5-2-1,1045
143832,6-2-1,194
143832,1-3-4,44.8
143832,2-3-4,220.9
143832,3-2-4,433.7
143832,4-2-3,147.4
143832,5-2-3,1704
143832,6-2-3,934.6
143832,1-3-5,135
143832,2-3-5,577.1
143832,3-2-5,1178
143832,4-2-5,112.2
143832,5-2-4,788.9
143832,6-2-4,184.4
143832,1-3-6,80.8
143832,2-3-6,418.5
143832,3-2-6,805.4
143832,4-2-6,36.7
143832,5-2-6,1110
143832,6-2-5,859.3
143832,1-4-2,8.3
143832,2-4-1,32.4
143832,3-4-1,385.6
143832,4-3-1,324.9
143832,5-3-1,1452
143832,6-3-1,1230
143832,1-4-3,33.5
143832,2-4-3,116.1
143832,3-4-2,411.3
143832,4-3-2,386.5
143832,5-3-2,2122
143832,6-3-2,1560
143832,1-4-5,46.8
143832,2-4-5,151.2
143832,3-4-5,849.1
143832,4-3-5,682.5
143832,5-3-4,1621
143832,6-3-4,1165
143832,1-4-6,11.8
143832,2-4-6,45.7
143832,3-4-6,514.3
143832,4-3-6,405.9
143832,5-3-6,2492
143832,6-3-5,2530
143832,1-5-2,175.2
143832,2-5-1,508.1
143832,3-5-1,959.7
143832,4-5-1,95.9
143832,5-4-1,443.7
143832,6-4-1,127.4
143832,1-5-3,245.4
143832,2-5-3,1082
143832,3-5-2,1495
143832,4-5-2,128
143832,5-4-2,561.6
143832,6-4-2,148.3
143832,1-5-4,148.4
143832,2-5-4,526.8
143832,3-5-4,1368
143832,4-5-3,424.2
143832,5-4-3,1221
143832,6-4-3,743.3
143832,1-5-6,158.2
143832,2-5-6,594.3
143832,3-5-6,1789
143832,4-5-6,73.1
143832,5-4-6,357.5
143832,6-4-5,336.4
143832,1-6-2,33.4
143832,2-6-1,127.3
143832,3-6-1,1089
143832,4-6-1,35.7
143832,5-6-1,660
143832,6-5-1,706.6
143832,1-6-3,118.9
143832,2-6-3,438.3
143832,3-6-2,1123
143832,4-6-2,42.4
143832,5-6-2,996
143832,6-5-2,1151
143832,1-6-4,30.8
143832,2-6-4,100.9
143832,3-6-4,902.6
143832,4-6-3,249.2
143832,5-6-3,1560
143832,6-5-3,2256
143832,1-6-5,150.6
143832,2-6-5,462.6
143832,3-6-5,1808
143832,4-6-5,74.5
143832,5-6-4,476.2
143832,6-5-4,590.1
143833,1-2-3,15.8
143833,2-1-3,21.5
143833,3-1-2,133.9
143833,4-1-2,39
143833,5-1-2,194.4
143833,6-1-2,513.3
143833,1-2-4,7.3
143833,2-1-4,7.7
143833,3-1-4,180
143833,4-1-3,150.6
143833,5-1-3,288.5
143833,6-1-3,875.2
143833,1-2-5,27.6
143833,2-1-5,24.6
143833,3-1-5,173
143833,4-1-5,99.9
143833,5-1-4,241.5
143833,6-1-4,875.2
143833,1-2-6,40.3
143833,2-1-6,39.2
143833,3-1-6,233.1
143833,4-1-6,140.4
143833,5-1-6,309.5
143833,6-1-5,1046
143833,1-3-2,34.6
143833,2-3-1,52.2
143833,3-2-1,176.7
143833,4-2-1,34.6
143833,5-2-1,239.4
143833,6-2-1,928.5
143833,1-3-4,42.9
143833,2-3-4,42.9
143833,3-2-4,129.7
143833,4-2-3,102.6
143833,5-2-3,343.3
143833,6-2-3,1026
143833,1-3-5,71.6
143833,2-3-5,83.3
143833,3-2-5,217.4
143833,4-2-5,79
143833,5-2-4,228.1
143833,6-2-4,736.4
143833,1-3-6,87.5
143833,2-3-6,88.1
143833,3-2-6,276.6
143833,4-2-6,110.6
143833,5-2-6,427.1
143833,6-2-5,1351
143833,1-4-2,18.1
143833,2-4-1,13.9
143833,3-4-1,258.5
143833,4-3-1,278.7
143833,5-3-1,331.6
143833,6-3-1,834.2
143833,1-4-3,52.2
143833,2-4-3,34.4
143833,3-4-2,174.7
143833,4-3-2,207.3
143833,5-3-2,498.9
143833,6-3-2,988.7
143833,1-4-5,49.2
143833,2-4-5,32.8
143833,3-4-5,354.7
143833,4-3-5,355.9
143833,5-3-4,659.1
143833,6-3-4,1036
143833,1-4-6,61.2
143833,2-4-6,45.5
143833,3-4-6,423.7
143833,4-3-6,415.4
143833,5-3-6,840.7
143833,6-3-5,1503
143833,1-5-2,89.4
143833,2-5-1,76.7
143833,3-5-1,291.7
143833,4-5-1,147
143833,5-4-1,300.7
143833,6-4-1,961.9
143833,1-5-3,143.7
143833,2-5-3,121.8
143833,3-5-2,301.6
143833,4-5-2,134.9
143833,5-4-2,281.7
143833,6-4-2,711.8
143833,1-5-4,111.8
143833,2-5-4,74.9
143833,3-5-4,388.2
143833,4-5-3,282.4
143833,5-4-3,564.9
143833,6-4-3,1423
143833,1-5-6,151.4
143833,2-5-6,149.1
143833,3-5-6,407.5
143833,4-5-6,178.2
143833,5-4-6,485.3
143833,6-4-5,1046
143833,1-6-2,170.8
143833,2-6-1,216.5
143833,3-6-1,510.9
143833,4-6-1,311.3
143833,5-6-1,542
143833,6-5-1,1186
143833,1-6-3,227.1
143833,2-6-3,263.6
143833,3-6-2,487.5
143833,4-6-2,273
143833,5-6-2,564.9
143833,6-5-2,1503
143833,1-6-4,198.8
143833,2-6-4,191.3
143833,3-6-4,567.9
143833,4-6-3,498.9
143833,5-6-3,693.3
143833,6-5-3,1334
143833,1-6-5,359.5
143833,2-6-5,272.3
143833,3-6-5,651
143833,4-6-5,281.7
143833,5-6-4,688.9
143833,6-5-4,1112
143834,1-2-3,4.5
143834,2-1-3,8.7
143834,3-1-2,19.1
143834,4-1-2,375.1
143834,5-1-2,318.2
143834,6-1-2,251.4
143834,1-2-4,24.9
143834,2-1-4,47.8
143834,3-1-4,69.4
143834,4-1-3,314
143834,5-1-3,277.2
143834,6-1-3,373.6
143834,1-2-5,42.3
143834,2-1-5,59
143834,3-1-5,65.5
143834,4-1-5,304.9
143834,5-1-4,479.8
143834,6-1-4,844
143834,1-2-6,24.8
143834,2-1-6,36.6
143834,3-1-6,62.6
143834,4-1-6,382.7
143834,5-1-6,373.6
143834,6-1-5,670.4
143834,1-3-2,7.8
143834,2-3-1,15.2
143834,3-2-1,24.2
143834,4-2-1,472.6
143834,5-2-1,422
143834,6-2-1,308.9
143834,1-3-4,30.6
143834,2-3-4,70.9
143834,3-2-4,94.2
143834,4-2-3,367.8
143834,5-2-3,502.8
143834,6-2-3,263.3
143834,1-3-5,34.8
143834,2-3-5,75.1
143834,3-2-5,81.6
143834,4-2-5,458.8
143834,5-2-4,727.1
143834,6-2-4,954.8
143834,1-3-6,31
143834,2-3-6,48.2
143834,3-2-6,83
143834,4-2-6,463.3
143834,5-2-6,556
143834,6-2-5,1099
143834,1-4-2,76
143834,2-4-1,152.9
143834,3-4-1,205.5
143834,4-3-1,420.1
143834,5-3-1,400.5
143834,6-3-1,452.2
143834,1-4-3,73.3
143834,2-4-3,164.4
143834,3-4-2,181.4
143834,4-3-2,431.6
143834,5-3-2,508.2
143834,6-3-2,549.5
143834,1-4-5,183.1
143834,2-4-5,378.1
143834,3-4-5,309.9
143834,4-3-5,566
143834,5-3-4,750.2
143834,6-3-4,1005
143834,1-4-6,139.2
143834,2-4-6,347.5
143834,3-4-6,325.9
143834,4-3-6,661
143834,5-3-6,590.8
143834,6-3-5,768.5
143834,1-5-2,121.8
143834,2-5-1,183.1
143834,3-5-1,110.9
143834,4-5-1,680
143834,5-4-1,867.2
143834,6-4-1,836.5
143834,1-5-3,104.6
143834,2-5-3,215.3
143834,3-5-2,123.4
143834,4-5-2,926.7
143834,5-4-2,1243
143834,6-4-2,1152
143834,1-5-4,199.8
143834,2-5-4,519.3
143834,3-5-4,190.5
143834,4-5-3,626
143834,5-4-3,1152
143834,6-4-3,1211
143834,1-5-6,178.6
143834,2-5-6,405.7
143834,3-5-6,180.4
143834,4-5-6,836.5
143834,5-4-6,964.5
143834,6-4-5,1477
143834,1-6-2,81.7
143834,2-6-1,140.2
143834,3-6-1,193.7
143834,4-6-1,917.7
143834,5-6-1,609.8
143834,6-5-1,836.5
143834,1-6-3,90.8
143834,2-6-3,153.7
143834,3-6-2,201.1
143834,4-6-2,680
143834,5-6-2,583.5
143834,6-5-2,945.3
143834,1-6-4,174
143834,2-6-4,316.1
143834,3-6-4,416.4
143834,4-6-3,675.2
143834,5-6-3,500.1
143834,6-5-3,638.7
143834,1-6-5,278.8
143834,2-6-5,433.6
143834,3-6-5,389
143834,4-6-5,984.6
143834,5-6-4,1016
143834,6-5-4,1027
143835,1-2-3,11.1
143835,2-1-3,51
143835,3-1-2,82.2
143835,4-1-2,514.9
143835,5-1-2,174.1
143835,6-1-2,105.6
143835,1-2-4,29.7
143835,2-1-4,104
143835,3-1-4,110.6
143835,4-1-3,468.7
143835,5-1-3,178.7
143835,6-1-3,103.3
143835,1-2-5,20.1
143835,2-1-5,58.9
143835,3-1-5,78.7
143835,4-1-5,455.8
143835,5-1-4,397.4
143835,6-1-4,258.6
143835,1-2-6,16
143835,2-1-6,43.8
143835,3-1-6,60.4
143835,4-1-6,350.4
143835,5-1-6,90
143835,6-1-5,89.6
143835,1-3-2,13
143835,2-3-1,120.4
143835,3-2-1,212.7
143835,4-2-1,825.2
143835,5-2-1,296.8
143835,6-2-1,178.7
143835,1-3-4,14.8
143835,2-3-4,234.1
143835,3-2-4,330.1
143835,4-2-3,1296
143835,5-2-3,652.4
143835,6-2-3,344.7
143835,1-3-5,12.1
143835,2-3-5,147.6
143835,3-2-5,216.8
143835,4-2-5,1293
143835,5-2-4,1221
143835,6-2-4,583.9
143835,1-3-6,9.6
143835,2-3-6,115.2
143835,3-2-6,168.1
143835,4-2-6,907.9
143835,5-2-6,233.9
143835,6-2-5,221.6
143835,1-4-2,56.6
143835,2-4-1,371.7
143835,3-4-1,308
143835,4-3-1,673.1
143835,5-3-1,353.7
143835,6-3-1,202.2
143835,1-4-3,40.9
143835,2-4-3,540.7
143835,3-4-2,498.6
143835,4-3-2,1160
143835,5-3-2,779.7
143835,6-3-2,450.3
143835,1-4-5,65.7
143835,2-4-5,645.6
143835,3-4-5,383
143835,4-3-5,1003
143835,5-3-4,1255
143835,6-3-4,646.2
143835,1-4-6,46.5
143835,2-4-6,387.6
143835,3-4-6,296.4
143835,4-3-6,777
143835,5-3-6,355
143835,6-3-5,343.1
143835,1-5-2,37.9
143835,2-5-1,165.7
143835,3-5-1,216.3
143835,4-5-1,620.8
143835,5-4-1,751.3
143835,6-4-1,566.4
143835,1-5-3,31.5
143835,2-5-3,260
143835,3-5-2,337.5
143835,4-5-2,1162
143835,5-4-2,1342
143835,6-4-2,911.6
143835,1-5-4,84.6
143835,2-5-4,568.3
143835,3-5-4,429.3
143835,4-5-3,1062
143835,5-4-3,1185
143835,6-4-3,1038
143835,1-5-6,24.5
143835,2-5-6,119
143835,3-5-6,189.7
143835,4-5-6,483
143835,5-4-6,605.3
143835,6-4-5,700.9
143835,1-6-2,26.9
143835,2-6-1,114.9
143835,3-6-1,141.2
143835,4-6-1,492.8
143835,5-6-1,118.7
143835,6-5-1,124.5
143835,1-6-3,23.6
143835,2-6-3,169.2
143835,3-6-2,223.8
143835,4-6-2,861.9
143835,5-6-2,182
143835,6-5-2,202.2
143835,1-6-4,60.4
143835,2-6-4,341.2
143835,3-6-4,348.4
143835,4-6-3,832.3
143835,5-6-3,257.9
143835,6-5-3,298.1
143835,1-6-5,26.9
143835,2-6-5,125.2
143835,3-6-5,200.8
143835,4-6-5,555.7
143835,5-6-4,394.4
143835,6-5-4,466.1
143836,1-2-3,6.8
143836,2-1-3,20.1
143836,3-1-2,78.3
143836,4-1-2,80.8
143836,5-1-2,562.2
143836,6-1-2,66.7
143836,1-2-4,11.5
143836,2-1-4,21.5
143836,3-1-4,113.7
143836,4-1-3,186.5
143836,5-1-3,787.7
143836,6-1-3,136.7
143836,1-2-5,29.4
143836,2-1-5,48.5
143836,3-1-5,175.1
143836,4-1-5,151
143836,5-1-4,772.8
143836,6-1-4,175.2
143836,1-2-6,9.8
143836,2-1-6,19.6
143836,3-1-6,104.3
143836,4-1-6,121.2
143836,5-1-6,659.6
143836,6-1-5,288.5
143836,1-3-2,14.3
143836,2-3-1,62.3
143836,3-2-1,125.5
143836,4-2-1,122.2
143836,5-2-1,955.8
143836,6-2-1,88.8
143836,1-3-4,23.5
143836,2-3-4,106.7
143836,3-2-4,133.1
143836,4-2-3,355.3
143836,5-2-3,1536
143836,6-2-3,178.7
143836,1-3-5,41.6
143836,2-3-5,167
143836,3-2-5,202.8
143836,4-2-5,257.2
143836,5-2-4,1472
143836,6-2-4,212.5
143836,1-3-6,24
143836,2-3-6,88.3
143836,3-2-6,131.5
143836,4-2-6,209.9
143836,5-2-6,1019
143836,6-2-5,383.6
143836,1-4-2,23.6
143836,2-4-1,71.1
143836,3-4-1,235.4
143836,4-3-1,356.9
143836,5-3-1,1263
143836,6-3-1,328.4
143836,1-4-3,45.4
143836,2-4-3,157.7
143836,3-4-2,195
143836,4-3-2,456.8
143836,5-3-2,1700
143836,6-3-2,334.8
143836,1-4-5,75.9
143836,2-4-5,208.5
143836,3-4-5,334.4
143836,4-3-5,613.1
143836,5-3-4,2005
143836,6-3-4,633.4
143836,1-4-6,43.3
143836,2-4-6,109.6
143836,3-4-6,224.8
143836,4-3-6,496
143836,5-3-6,1982
143836,6-3-5,1107
143836,1-5-2,95.3
143836,2-5-1,239.5
143836,3-5-1,451.5
143836,4-5-1,244.5
143836,5-4-1,1094
143836,6-4-1,407.3
143836,1-5-3,127.4
143836,2-5-3,359.6
143836,3-5-2,357.8
143836,4-5-2,335.3
143836,5-4-2,1297
143836,6-4-2,338.8
143836,1-5-4,165.1
143836,2-5-4,445.9
143836,3-5-4,479.2
143836,4-5-3,786.3
143836,5-4-3,2000
143836,6-4-3,799.4
143836,1-5-6,131.8
143836,2-5-6,313.6
143836,3-5-6,472.9
143836,4-5-6,274.8
143836,5-4-6,1121
143836,6-4-5,854.2
143836,1-6-2,25.9
143836,2-6-1,64.2
143836,3-6-1,329.8
143836,4-6-1,250
143836,5-6-1,1361
143836,6-5-1,718
143836,1-6-3,48.6
143836,2-6-3,132
143836,3-6-2,282.6
143836,4-6-2,303.2
143836,5-6-2,1376
143836,6-5-2,714.4
143836,1-6-4,64.9
143836,2-6-4,139.9
143836,3-6-4,448.4
143836,4-6-3,653.6
143836,5-6-3,2129
143836,6-5-3,1244
143836,1-6-5,110.1
143836,2-6-5,254.1
143836,3-6-5,667.8
143836,4-6-5,350.9
143836,5-6-4,1629
143836,6-5-4,1042
143837,1-2-3,6.3
143837,2-1-3,81.9
143837,3-1-2,96.1
143837,4-1-2,33.6
143837,5-1-2,1160
143837,6-1-2,552.8
143837,1-2-4,5
143837,2-1-4,66.8
143837,3-1-4,56.4
143837,4-1-3,46.6
143837,5-1-3,1962
143837,6-1-3,595.3
143837,1-2-5,153
143837,2-1-5,621.9
143837,3-1-5,521.7
143837,4-1-5,177.6
143837,5-1-4,1314
143837,6-1-4,410.9
143837,1-2-6,26.7
143837,2-1-6,227.6
143837,3-1-6,227.2
143837,4-1-6,49
143837,5-1-6,2487
143837,6-1-5,2628
143837,1-3-2,10.7
143837,2-3-1,214.3
143837,3-2-1,223.2
143837,4-2-1,99.5
143837,5-2-1,2321
143837,6-2-1,898.8
143837,1-3-4,7.4
143837,2-3-4,343.1
143837,3-2-4,402.6
143837,4-2-3,262.8
143837,5-2-3,2843
143837,6-2-3,1601
143837,1-3-5,166.2
143837,2-3-5,1990
143837,3-2-5,1393
143837,4-2-5,769.6
143837,5-2-4,4494
143837,6-2-4,1407
143837,1-3-6,33.2
143837,2-3-6,1079
143837,3-2-6,1031
143837,4-2-6,268.9
143837,5-2-6,5572
143837,6-2-5,4975
143837,1-4-2,6.9
143837,2-4-1,136.3
143837,3-4-1,110.2
143837,4-3-1,116.7
143837,5-3-1,2902
143837,6-3-1,1243
143837,1-4-3,9.1
143837,2-4-3,413.3
143837,3-4-2,288.4
143837,4-3-2,298.9
143837,5-3-2,3028
143837,6-3-2,2731
143837,1-4-5,94
143837,2-4-5,1763
143837,3-4-5,910.5
143837,4-3-5,995.1
143837,5-3-4,3482
143837,6-3-4,1990
143837,1-4-6,16.3
143837,2-4-6,603
143837,3-4-6,422.1
143837,4-3-6,378.5
143837,5-3-6,6332
143837,6-3-5,6965
143837,1-5-2,361.8
143837,2-5-1,1698
143837,3-5-1,1547
143837,4-5-1,452.3
143837,5-4-1,1314
143837,6-4-1,379.6
143837,1-5-3,360.9
143837,2-5-3,3980
143837,3-5-2,2079
143837,4-5-2,981
143837,5-4-2,4097
143837,6-4-2,1016
143837,1-5-4,298.3
143837,2-5-4,3869
143837,3-5-4,1857
143837,4-5-3,1016
143837,5-4-3,3765
143837,6-4-3,1451
143837,1-5-6,566.3
143837,2-5-6,4494
143837,3-5-6,3980
143837,4-5-6,651
143837,5-4-6,2079
143837,6-4-5,1658
143837,1-6-2,67.3
143837,2-6-1,689.6
143837,3-6-1,597.9
143837,4-6-1,100.3
143837,5-6-1,3666
143837,6-5-1,2786
143837,1-6-3,73.4
143837,2-6-3,1908
143837,3-6-2,1314
143837,4-6-2,200.7
143837,5-6-2,6057
143837,6-5-2,5572
143837,1-6-4,58.7
143837,2-6-4,1016
143837,3-6-4,988
143837,4-6-3,297
143837,5-6-3,5159
143837,6-5-3,6057
143837,1-6-5,394.6
143837,2-6-5,4353
143837,3-6-5,3095
143837,4-6-5,402.6
143837,5-6-4,2628
143837,6-5-4,2079
143838,1-2-3,13.9
143838,2-1-3,67.9
143838,3-1-2,124.6
143838,4-1-2,79.9
143838,5-1-2,29.9
143838,6-1-2,2669
143838,1-2-4,13.9
143838,2-1-4,55
143838,3-1-4,151.5
143838,4-1-3,100.4
143838,5-1-3,55.3
143838,6-1-3,2252
143838,1-2-5,6.5
143838,2-1-5,30.1
143838,3-1-5,84.5
143838,4-1-5,50.4
143838,5-1-4,43.2
143838,6-1-4,3696
143838,1-2-6,178.4
143838,2-1-6,409.5
143838,3-1-6,1211
143838,4-1-6,350.7
143838,5-1-6,189.9
143838,6-1-5,3067
143838,1-3-2,18.9
143838,2-3-1,163.2
143838,3-2-1,210.4
143838,4-2-1,133.5
143838,5-2-1,53.8
143838,6-2-1,4368
143838,1-3-4,30.2
143838,2-3-4,274.5
143838,3-2-4,380.3
143838,4-2-3,266.9
143838,5-2-3,157.7
143838,6-2-3,2883
143838,1-3-5,17.7
143838,2-3-5,195.8
143838,3-2-5,260.6
143838,4-2-5,123.8
143838,5-2-4,102.8
143838,6-2-4,6552
143838,1-3-6,411.8
143838,2-3-6,1108
143838,3-2-6,1399
143838,4-2-6,833.2
143838,5-2-6,353.3
143838,6-2-5,3432
143838,1-4-2,26.6
143838,2-4-1,120.8
143838,3-4-1,213.8
143838,4-3-1,209.8
143838,5-3-1,140.6
143838,6-3-1,4239
143838,1-4-3,31.7
143838,2-4-3,269.9
143838,3-4-2,397.1
143838,4-3-2,416.6
143838,5-3-2,260.6
143838,6-3-2,3515
143838,1-4-5,21.1
143838,2-4-5,102.3
143838,3-4-5,220
143838,4-3-5,196.6
143838,5-3-4,273
143838,6-3-4,1801
143838,1-4-6,262
143838,2-4-6,868.3
143838,3-4-6,706.6
143838,4-3-6,852.9
143838,5-3-6,548.1
143838,6-3-5,2363
143838,1-5-2,8
143838,2-5-1,58
143838,3-5-1,162.8
143838,4-5-1,46.5
143838,5-4-1,58.7
143838,6-4-1,3352
143838,1-5-3,19.7
143838,2-5-3,168
143838,3-5-2,320.3
143838,4-5-2,68.3
143838,5-4-2,80.7
143838,6-4-2,4805
143838,1-5-4,17.6
143838,2-5-4,98.4
143838,3-5-4,293.5
143838,4-5-3,121.8
143838,5-4-3,173.4
143838,6-4-3,2288
143838,1-5-6,212.9
143838,2-5-6,560.9
143838,3-5-6,1322
143838,4-5-6,253.7
143838,5-4-6,273
143838,6-4-5,2669
143838,1-6-2,775
143838,2-6-1,1470
143838,3-6-1,2485
143838,4-6-1,1171
143838,5-6-1,746.8
143838,6-5-1,2485
143838,1-6-3,1059
143838,2-6-3,1656
143838,3-6-2,2826
143838,4-6-2,1601
143838,5-6-2,987.3
143838,6-5-2,3003
143838,1-6-4,889.8
143838,2-6-4,1824
143838,3-6-4,1386
143838,4-6-3,1211
143838,5-6-3,1413
143838,6-5-3,4118
143838,1-6-5,766.7
143838,2-6-5,1287
143838,3-6-5,1779
143838,4-6-5,967.4
143838,5-6-4,987.3
143838,6-5-4,2363
143839,1-2-3,24
143839,2-1-3,29.6
143839,3-1-2,116.8
143839,4-1-2,88
143839,5-1-2,86.1
143839,6-1-2,523.5
143839,1-2-4,22
143839,2-1-4,24.2
143839,3-1-4,166.3
143839,4-1-3,182.1
143839,5-1-3,180.7
143839,6-1-3,739.9
143839,1-2-5,17.6
143839,2-1-5,15.7
143839,3-1-5,138.1
143839,4-1-5,70.9
143839,5-1-4,115.8
143839,6-1-4,634.9
143839,1-2-6,49.1
143839,2-1-6,47.6
143839,3-1-6,249.6
143839,4-1-6,132.6
143839,5-1-6,141.1
143839,6-1-5,657.1
143839,1-3-2,45.3
143839,2-3-1,59
143839,3-2-1,124.3
143839,4-2-1,78.5
143839,5-2-1,82
143839,6-2-1,544.7
143839,1-3-4,82.7
143839,2-3-4,77.7
143839,3-2-4,133.5
143839,4-2-3,139.7
143839,5-2-3,133.7
143839,6-2-3,632.8
143839,1-3-5,71.8
143839,2-3-5,52.3
143839,3-2-5,97
143839,4-2-5,51.1
143839,5-2-4,77.2
143839,6-2-4,397.3
143839,1-3-6,140.5
143839,2-3-6,106.7
143839,3-2-6,180.3
143839,4-2-6,77.6
143839,5-2-6,74.6
143839,6-2-5,268.8
143839,1-4-2,47.1
143839,2-4-1,60.1
143839,3-4-1,197.8
143839,4-3-1,235.8
143839,5-3-1,315.8
143839,6-3-1,1092
143839,1-4-3,92.3
143839,2-4-3,90.9
143839,3-4-2,169.6
143839,4-3-2,197.6
143839,5-3-2,209.2
143839,6-3-2,878.2
143839,1-4-5,54.2
143839,2-4-5,41.2
143839,3-4-5,188.5
143839,4-3-5,195.5
143839,5-3-4,353.9
143839,6-3-4,858.2
143839,1-4-6,100.5
143839,2-4-6,74.1
143839,3-4-6,234
143839,4-3-6,235.2
143839,5-3-6,333.8
143839,6-3-5,935
143839,1-5-2,42.3
143839,2-5-1,36
143839,3-5-1,189.2
143839,4-5-1,45.4
143839,5-4-1,80.6
143839,6-4-1,645.8
143839,1-5-3,94.8
143839,2-5-3,57.1
143839,3-5-2,139.5
143839,4-5-2,33.4
143839,5-4-2,59.3
143839,6-4-2,374.4
143839,1-5-4,69.8
143839,2-5-4,46.8
143839,3-5-4,250.2
143839,4-5-3,109.7
143839,5-4-3,197.6
143839,6-4-3,806.6
143839,1-5-6,77.7
143839,2-5-6,38.2
143839,3-5-6,221.8
143839,4-5-6,29.1
143839,5-4-6,50.7
143839,6-4-5,239.4
143839,1-6-2,183
143839,2-6-1,133.9
143839,3-6-1,618.2
143839,4-6-1,152
143839,5-6-1,155.8
143839,6-5-1,561
143839,1-6-3,310.6
143839,2-6-3,188.3
143839,3-6-2,503.8
143839,4-6-2,100.7
143839,5-6-2,97.5
143839,6-5-2,246.6
143839,1-6-4,208.1
143839,2-6-4,143.6
143839,3-6-4,520.6
143839,4-6-3,266.2
143839,5-6-3,273.5
143839,6-5-3,706.5
143839,1-6-5,170
143839,2-6-5,86.8
143839,3-6-5,449.6
143839,4-6-5,63.5
143839,5-6-4,95.4
143839,6-5-4,236.7
143840,1-2-3,19.7
143840,2-1-3,43.9
143840,3-1-2,21.7
143840,4-1-2,194.3
143840,5-1-2,690
143840,6-1-2,366.1
143840,1-2-4,49.7
143840,2-1-4,96.4
143840,3-1-4,14.3
143840,4-1-3,98.1
143840,5-1-3,464.2
143840,6-1-3,269.4
143840,1-2-5,138.3
143840,2-1-5,224.4
143840,3-1-5,50
143840,4-1-5,308.3
143840,5-1-4,897.6
143840,6-1-4,539.5
143840,1-2-6,39.3
143840,2-1-6,72.9
143840,3-1-6,21.1
143840,4-1-6,196.9
143840,5-1-6,792.4
143840,6-1-5,798.7
143840,1-3-2,14.6
143840,2-3-1,46.8
143840,3-2-1,35.6
143840,4-2-1,282.5
143840,5-2-1,889.7
143840,6-2-1,560.4
143840,1-3-4,18.2
143840,2-3-4,36.2
143840,3-2-4,23.6
143840,4-2-3,157.1
143840,5-2-3,517.5
143840,6-2-3,316.4
143840,1-3-5,54
143840,2-3-5,65.8
143840,3-2-5,53
143840,4-2-5,511
143840,5-2-4,848.8
143840,6-2-4,814.7
143840,1-3-6,18.8
143840,2-3-6,39.9
143840,3-2-6,27.2
143840,4-2-6,364.8
143840,5-2-6,874.4
143840,6-2-5,1009
143840,1-4-2,74.5
143840,2-4-1,144.7
143840,3-4-1,19.2
143840,4-3-1,76
143840,5-3-1,438.1
143840,6-3-1,277.1
143840,1-4-3,48.3
143840,2-4-3,85.3
143840,3-4-2,27.4
143840,4-3-2,105.2
143840,5-3-2,457.9
143840,6-3-2,261.7
143840,1-4-5,134.4
143840,2-4-5,226.6
143840,3-4-5,48
143840,4-3-5,161.1
143840,5-3-4,403.3
143840,6-3-4,246.8
143840,1-4-6,69.8
143840,2-4-6,156.5
143840,3-4-6,22.3
143840,4-3-6,91.9
143840,5-3-6,428
143840,6-3-5,517.5
143840,1-5-2,353.4
143840,2-5-1,410.6
143840,3-5-1,114.6
143840,4-5-1,566.6
143840,5-4-1,1014
143840,6-4-1,905.6
143840,1-5-3,243.8
143840,2-5-3,255.5
143840,3-5-2,117.1
143840,4-5-2,517.5
143840,5-4-2,970.6
143840,6-4-2,970.6
143840,1-5-4,450.8
143840,2-5-4,447.8
143840,3-5-4,119
143840,4-5-3,368.1
143840,5-4-3,576.3
143840,6-4-3,382.7
143840,1-5-6,313
143840,2-5-6,366.1
143840,3-5-6,101.2
143840,4-5-6,388.6
143840,5-4-6,841.7
143840,6-4-5,1079
143840,1-6-2,84.9
143840,2-6-1,210.4
143840,3-6-1,70
143840,4-6-1,377
143840,5-6-1,626.1
143840,6-5-1,856
143840,1-6-3,66.9
143840,2-6-3,114.8
143840,3-6-2,60.9
143840,4-6-2,397.7
143840,5-6-2,632
143840,6-5-2,795.5
143840,1-6-4,135.4
143840,2-6-4,250.1
143840,3-6-4,58.8
143840,4-6-3,209.1
143840,5-6-3,404.1
143840,6-5-3,620.4
143840,1-6-5,256.8
143840,2-6-5,360.3
143840,3-6-5,117.5
143840,4-6-5,447.8
143840,5-6-4,635.9
143840,6-5-4,777.2
143841,1-2-3,20.6
143841,2-1-3,64.3
143841,3-1-2,27.3
143841,4-1-2,153.2
143841,5-1-2,539.6
143841,6-1-2,858.9
143841,1-2-4,57.2
143841,2-1-4,127.8
143841,3-1-4,13.6
143841,4-1-3,42.8
143841,5-1-3,348.8
143841,6-1-3,261.9
143841,1-2-5,102.5
143841,2-1-5,214.7
143841,3-1-5,30.8
143841,4-1-5,143.2
143841,5-1-4,818
143841,6-1-4,673.6
143841,1-2-6,97.9
143841,2-1-6,188
143841,3-1-6,18.2
143841,4-1-6,103.3
143841,5-1-6,538.2
143841,6-1-5,1151
143841,1-3-2,13.4
143841,2-3-1,72.9
143841,3-2-1,55.6
143841,4-2-1,267.3
143841,5-2-1,755.1
143841,6-2-1,1329
143841,1-3-4,7.4
143841,2-3-4,79.1
143841,3-2-4,56.6
143841,4-2-3,200.3
143841,5-2-3,582.3
143841,6-2-3,774.9
143841,1-3-5,22.1
143841,2-3-5,107.7
143841,3-2-5,77.7
143841,4-2-5,404.2
143841,5-2-4,1046
143841,6-2-4,1411
143841,1-3-6,13.8
143841,2-3-6,93.2
143841,3-2-6,64.9
143841,4-2-6,315.2
143841,5-2-6,873.4
143841,6-2-5,1441
143841,1-4-2,65.3
143841,2-4-1,238.3
143841,3-4-1,29
143841,4-3-1,53.3
143841,5-3-1,394.9
143841,6-3-1,256.7
143841,1-4-3,16.6
143841,2-4-3,157
143841,3-4-2,60
143841,4-3-2,146.8
143841,5-3-2,555.6
143841,6-3-2,619
143841,1-4-5,90.4
143841,2-4-5,339.6
143841,3-4-5,54.7
143841,4-3-5,101.7
143841,5-3-4,634.2
143841,6-3-4,420.7
143841,1-4-6,60.9
143841,2-4-6,287.9
143841,3-4-6,30.3
143841,4-3-6,72
143841,5-3-6,485
143841,6-3-5,708.3
143841,1-5-2,210.7
143841,2-5-1,446.1
143841,3-5-1,98.4
143841,4-5-1,233.9
143841,5-4-1,958.8
143841,6-4-1,792.8
143841,1-5-3,102.6
143841,2-5-3,258.9
143841,3-5-2,141.4
143841,4-5-2,403.4
143841,5-4-2,1005
143841,6-4-2,1347
143841,1-5-4,245.7
143841,2-5-4,536.8
143841,3-5-4,119.5
143841,4-5-3,204.3
143841,5-4-3,757.8
143841,6-4-3,554.1
143841,1-5-6,222.6
143841,2-5-6,525.8
143841,3-5-6,96.5
143841,4-5-6,259.6
143841,5-4-6,821.2
143841,6-4-5,1288
143841,1-6-2,226.2
143841,2-6-1,514
143841,3-6-1,56.4
143841,4-6-1,204.7
143841,5-6-1,869.8
143841,6-5-1,1472
143841,1-6-3,62.7
143841,2-6-3,321
143841,3-6-2,115.6
143841,4-6-2,388.2
143841,5-6-2,1090
143841,6-5-2,1598
143841,1-6-4,167.5
143841,2-6-4,569.4
143841,3-6-4,67.5
143841,4-6-3,176.4
143841,5-6-3,575.8
143841,6-5-3,945.6
143841,1-6-5,314.7
143841,2-6-5,613.5
143841,3-6-5,105.3
143841,4-6-5,302.7
143841,5-6-4,900.1
143841,6-5-4,1392
143842,1-2-3,8.5
143842,2-1-3,39.7
143842,3-1-2,193.2
143842,4-1-2,113.9
143842,5-1-2,211.7
143842,6-1-2,49.8
143842,1-2-4,8.4
143842,2-1-4,44
143842,3-1-4,244.6
143842,4-1-3,255.3
143842,5-1-3,524.5
143842,6-1-3,154.6
143842,1-2-5,29
143842,2-1-5,105.4
143842,3-1-5,356.4
143842,4-1-5,187.4
143842,5-1-4,331.9
143842,6-1-4,127.4
143842,1-2-6,5.7
143842,2-1-6,25.7
143842,3-1-6,207.2
143842,4-1-6,83.9
143842,5-1-6,191.7
143842,6-1-5,246.1
143842,1-3-2,17.7
143842,2-3-1,171.7
143842,3-2-1,282.6
143842,4-2-1,197.2
143842,5-2-1,417.5
143842,6-2-1,81.4
143842,1-3-4,30.1
143842,2-3-4,388.1
143842,3-2-4,489.8
143842,4-2-3,554.7
143842,5-2-3,1241
143842,6-2-3,261.9
143842,1-3-5,65.2
143842,2-3-5,633.2
143842,3-2-5,776.2
143842,4-2-5,438.5
143842,5-2-4,972.2
143842,6-2-4,209
143842,1-3-6,24
143842,2-3-6,276.5
143842,3-2-6,415.7
143842,4-2-6,192.3
143842,5-2-6,480
143842,6-2-5,364.5
143842,1-4-2,19.7
143842,2-4-1,163.8
143842,3-4-1,381.2
143842,4-3-1,419.4
143842,5-3-1,1152
143842,6-3-1,471.8
143842,1-4-3,39.8
143842,2-4-3,502.6
143842,3-4-2,559.6
143842,4-3-2,673.1
143842,5-3-2,1782
143842,6-3-2,597.8
143842,1-4-5,57.9
143842,2-4-5,525.9
143842,3-4-5,590.5
143842,4-3-5,957.7
143842,5-3-4,1659
143842,6-3-4,840.6
143842,1-4-6,23.4
143842,2-4-6,202.8
143842,3-4-6,398.5
143842,4-3-6,497.4
143842,5-3-6,1718
143842,6-3-5,1688
143842,1-5-2,53.7
143842,2-5-1,392
143842,3-5-1,715.6
143842,4-5-1,241.5
143842,5-4-1,554.7
143842,6-4-1,221
143842,1-5-3,111.4
143842,2-5-3,921
143842,3-5-2,1181
143842,4-5-2,411.3
143842,5-4-2,875
143842,6-4-2,326.2
143842,1-5-4,96.3
143842,2-5-4,675.4
143842,3-5-4,899.5
143842,4-5-3,743.2
143842,5-4-3,1816
143842,6-4-3,525.9
143842,1-5-6,64.8
143842,2-5-6,397.7
143842,3-5-6,757.9
143842,4-5-6,218.5
143842,5-4-6,425.9
143842,6-4-5,566.2
143842,1-6-2,14.7
143842,2-6-1,62.9
143842,3-6-1,351.2
143842,4-6-1,124.6
143842,5-6-1,268.8
143842,6-5-1,412.2
143842,1-6-3,36.3
143842,2-6-3,213.4
143842,3-6-2,543.8
143842,4-6-2,178.9
143842,5-6-2,409.5
143842,6-5-2,615
143842,1-6-4,34.3
143842,2-6-4,177.9
143842,3-6-4,517.4
143842,4-6-3,387.3
143842,5-6-3,1241
143842,6-5-3,1766
143842,1-6-5,76.5
143842,2-6-5,271.9
143842,3-6-5,929.9
143842,4-6-5,231.9
143842,5-6-4,546.8
143842,6-5-4,726.4
143843,1-2-3,6.6
143843,2-1-3,34.7
143843,3-1-2,104.8
143843,4-1-2,64.5
143843,5-1-2,155.9
143843,6-1-2,2290
143843,1-2-4,4.8
143843,2-1-4,29.5
143843,3-1-4,99.9
143843,4-1-3,133.4
143843,5-1-3,301.9
143843,6-1-3,1547
143843,1-2-5,10.7
143843,2-1-5,50.9
143843,3-1-5,153.2
143843,4-1-5,79.1
143843,5-1-4,206
143843,6-1-4,1605
143843,1-2-6,156.6
143843,2-1-6,347.1
143843,3-1-6,631.6
143843,4-1-6,750.3
143843,5-1-6,949.2
143843,6-1-5,2727
143843,1-3-2,13.3
143843,2-3-1,91.8
143843,3-2-1,145.8
143843,4-2-1,118.1
143843,5-2-1,256.4
143843,6-2-1,2353
143843,1-3-4,15.5
143843,2-3-4,117.2
143843,3-2-4,181.4
143843,4-2-3,226
143843,5-2-3,503.8
143843,6-2-3,3304
143843,1-3-5,26.9
143843,2-3-5,207.5
143843,3-2-5,265.1
143843,4-2-5,196.1
143843,5-2-4,520.6
143843,6-2-4,2454
143843,1-3-6,305.1
143843,2-3-6,1047
143843,3-2-6,810.4
143843,4-2-6,909.1
143843,5-2-6,2021
143843,6-2-5,4772
143843,1-4-2,8.2
143843,2-4-1,81.1
143843,3-4-1,146.9
143843,4-3-1,253.4
143843,5-3-1,638.7
143843,6-3-1,3436
143843,1-4-3,19.2
143843,2-4-3,129
143843,3-4-2,199
143843,4-3-2,357.9
143843,5-3-2,876.6
143843,6-3-2,3241
143843,1-4-5,17.6
143843,2-4-5,153.8
143843,3-4-5,238.3
143843,4-3-5,410
143843,5-3-4,648.3
143843,6-3-4,2771
143843,1-4-6,240.9
143843,2-4-6,904.3
143843,3-4-6,763.6
143843,4-3-6,1590
143843,5-3-6,3068
143843,6-3-5,2643
143843,1-5-2,22.3
143843,2-5-1,208
143843,3-5-1,389.6
143843,4-5-1,117.5
143843,5-4-1,282.1
143843,6-4-1,2684
143843,1-5-3,47.5
143843,2-5-3,371.1
143843,3-5-2,493.7
143843,4-5-2,163.6
143843,5-4-2,387.8
143843,6-4-2,3579
143843,1-5-4,31.9
143843,2-5-4,264.7
143843,3-5-4,441.6
143843,4-5-3,272.2
143843,5-4-3,559.6
143843,6-4-3,3579
143843,1-5-6,407.1
143843,2-5-6,1668
143843,3-5-6,2290
143843,4-5-6,718.9
143843,5-4-6,1668
143843,6-4-5,3181
143843,1-6-2,538.6
143843,2-6-1,2045
143843,3-6-1,1952
143843,4-6-1,1210
143843,5-6-1,2386
143843,6-5-1,3735
143843,1-6-3,734.2
143843,2-6-3,2684
143843,3-6-2,2353
143843,4-6-2,1620
143843,5-6-2,3579
143843,6-5-2,5206
143843,1-6-4,838.1
143843,2-6-4,1590
143843,3-6-4,1408
143843,4-6-3,2070
143843,5-6-3,2912
143843,6-5-3,4405
143843,1-6-5,1060
143843,2-6-5,2454
143843,3-6-5,1753
143843,4-6-5,1547
143843,5-6-4,2490
143843,6-5-4,3905
143844,1-2-3,7.5
143844,2-1-3,43.6
143844,3-1-2,75.5
143844,4-1-2,433.3
143844,5-1-2,32.8
143844,6-1-2,313.3
143844,1-2-4,23.4
143844,2-1-4,100.9
143844,3-1-4,211.8
143844,4-1-3,790.9
143844,5-1-3,52.7
143844,6-1-3,483
143844,1-2-5,7.2
143844,2-1-5,33.8
143844,3-1-5,67.9
143844,4-1-5,373.4
143844,5-1-4,160.5
143844,6-1-4,713
143844,1-2-6,17
143844,2-1-6,62.1
143844,3-1-6,134.3
143844,4-1-6,443.9
143844,5-1-6,40.2
143844,6-1-5,354.4
143844,1-3-2,12.7
143844,2-3-1,99.2
143844,3-2-1,133.3
143844,4-2-1,649.2
143844,5-2-1,63.4
143844,6-2-1,611.9
143844,1-3-4,53.9
143844,2-3-4,398
143844,3-2-4,453.9
143844,4-2-3,1257
143844,5-2-3,119.6
143844,6-2-3,1322
143844,1-3-5,13.1
143844,2-3-5,156.8
143844,3-2-5,184.8
143844,4-2-5,1046
143844,5-2-4,397.2
143844,6-2-4,2292
143844,1-3-6,38.9
143844,2-3-6,324.6
143844,3-2-6,398.9
143844,4-2-6,1078
143844,5-2-6,118.1
143844,6-2-5,948.3
143844,1-4-2,59.4
143844,2-4-1,436.4
143844,3-4-1,485.5
143844,4-3-1,984.3
143844,5-3-1,117.9
143844,6-3-1,1312
143844,1-4-3,141.2
143844,2-4-3,644.5
143844,3-4-2,593.8
143844,4-3-2,1284
143844,5-3-2,178.6
143844,6-3-2,1588
143844,1-4-5,72.5
143844,2-4-5,633.3
143844,3-4-5,476.6
143844,4-3-5,1176
143844,5-3-4,529.6
143844,6-3-4,1631
143844,1-4-6,74.9
143844,2-4-6,887.8
143844,3-4-6,777.3
143844,4-3-6,1351
143844,5-3-6,204.6
143844,6-3-5,1232
143844,1-5-2,12.7
143844,2-5-1,77.6
143844,3-5-1,120.9
143844,4-5-1,539
143844,5-4-1,355.8
143844,6-4-1,2012
143844,1-5-3,19.5
143844,2-5-3,151.9
143844,3-5-2,168
143844,4-5-2,896.6
143844,5-4-2,609.8
143844,6-4-2,2587
143844,1-5-4,50.5
143844,2-5-4,447.2
143844,3-5-4,349.6
143844,4-5-3,1111
143844,5-4-3,764.2
143844,6-4-3,2515
143844,1-5-6,23.5
143844,2-5-6,217.7
143844,3-5-6,228.1
143844,4-5-6,656.2
143844,5-4-6,339.1
143844,6-4-5,2106
143844,1-6-2,45
143844,2-6-1,299.3
143844,3-6-1,428.1
143844,4-6-1,910.1
143844,5-6-1,80
143844,6-5-1,322.2
143844,1-6-3,90.3
143844,2-6-3,715.9
143844,3-6-2,727.4
143844,4-6-2,1223
143844,5-6-2,116.7
143844,6-5-2,458.5
143844,1-6-4,109.3
143844,2-6-4,1111
143844,3-6-4,774
143844,4-6-3,1661
143844,5-6-3,180
143844,6-5-3,777.3
143844,1-6-5,56.9
143844,2-6-5,416.3
143844,3-6-5,573.1
143844,4-6-5,984.3
143844,5-6-4,331.7
143844,6-5-4,1284
143845,1-2-3,22.9
143845,2-1-3,69.2
143845,3-1-2,308.5
143845,4-1-2,166.8
143845,5-1-2,70.4
143845,6-1-2,72.5
143845,1-2-4,13.8
143845,2-1-4,42.7
143845,3-1-4,400.1
143845,4-1-3,405.4
143845,5-1-3,189.4
143845,6-1-3,196.1
143845,1-2-5,10.5
143845,2-1-5,34.6
143845,3-1-5,265.2
143845,4-1-5,174.9
143845,5-1-4,138.1
143845,6-1-4,114.2
143845,1-2-6,11.7
143845,2-1-6,33.7
143845,3-1-6,420.2
143845,4-1-6,137.1
143845,5-1-6,98.6
143845,6-1-5,105
143845,1-3-2,60.9
143845,2-3-1,124
143845,3-2-1,337.2
143845,4-2-1,232.7
143845,5-2-1,112.9
143845,6-2-1,99.1
143845,1-3-4,99
143845,2-3-4,152.6
143845,3-2-4,389.2
143845,4-2-3,461.8
143845,5-2-3,259.3
143845,6-2-3,255.5
143845,1-3-5,63.1
143845,2-3-5,119.5
143845,3-2-5,306.9
143845,4-2-5,240.5
143845,5-2-4,248.1
143845,6-2-4,191.6
143845,1-3-6,74.8
143845,2-3-6,202.2
143845,3-2-6,458.3
143845,4-2-6,211.7
143845,5-2-6,177.5
143845,6-2-5,140.7
143845,1-4-2,25.6
143845,2-4-1,84.4
143845,3-4-1,626.5
143845,4-3-1,723.8
143845,5-3-1,497.9
143845,6-3-1,541.2
143845,1-4-3,90.5
143845,2-4-3,167.6
143845,3-4-2,621.7
143845,4-3-2,810.9
143845,5-3-2,417.3
143845,6-3-2,589.9
143845,1-4-5,27.7
143845,2-4-5,90.9
143845,3-4-5,528.2
143845,4-3-5,683
143845,5-3-4,767.3
143845,6-3-4,748.4
143845,1-4-6,28.7
143845,2-4-6,77.8
143845,3-4-6,844.8
143845,4-3-6,620.1
143845,5-3-6,929
143845,6-3-5,679.2
143845,1-5-2,19.2
143845,2-5-1,61.4
143845,3-5-1,462.7
143845,4-5-1,227
143845,5-4-1,232.2
143845,6-4-1,236.5
143845,1-5-3,66
143845,2-5-3,130.9
143845,3-5-2,574.6
143845,4-5-2,319.4
143845,5-4-2,345.9
143845,6-4-2,330.3
143845,1-5-4,33.7
143845,2-5-4,113.1
143845,3-5-4,666.1
143845,4-5-3,488.8
143845,5-4-3,610.7
143845,6-4-3,604.6
143845,1-5-6,39
143845,2-5-6,107.6
143845,3-5-6,954.6
143845,4-5-6,239.3
143845,5-4-6,330.3
143845,6-4-5,344.4
143845,1-6-2,14.5
143845,2-6-1,63.4
143845,3-6-1,709
143845,4-6-1,201.3
143845,5-6-1,159.3
143845,6-5-1,141.5
143845,1-6-3,43
143845,2-6-3,172.7
143845,3-6-2,901.4
143845,4-6-2,277.4
143845,5-6-2,204.4
143845,6-5-2,189.5
143845,1-6-4,19
143845,2-6-4,79
143845,3-6-4,872.2
143845,4-6-3,500.9
143845,5-6-3,518.1
143845,6-5-3,467.2
143845,1-6-5,26.3
143845,2-6-5,94
143845,3-6-5,932.6
143845,4-6-5,292.1
143845,5-6-4,346.4
143845,6-5-4,367.9
143846,1-2-3,11.1
143846,2-1-3,51.5
143846,3-1-2,82.4
143846,4-1-2,39.8
143846,5-1-2,88
143846,6-1-2,1242
143846,1-2-4,8.2
143846,2-1-4,46.9
143846,3-1-4,102.3
143846,4-1-3,53.5
143846,5-1-3,139.4
143846,6-1-3,1425
143846,1-2-5,18.4
143846,2-1-5,61.3
143846,3-1-5,91.7
143846,4-1-5,30.1
143846,5-1-4,89.4
143846,6-1-4,1230
143846,1-2-6,48.5
143846,2-1-6,210.7
143846,3-1-6,252.6
143846,4-1-6,193.2
143846,5-1-6,323.5
143846,6-1-5,1781
143846,1-3-2,15.3
143846,2-3-1,188.2
143846,3-2-1,219.8
143846,4-2-1,89.8
143846,5-2-1,166
143846,6-2-1,1694
143846,1-3-4,12
143846,2-3-4,267.7
143846,3-2-4,315.1
143846,4-2-3,212.3
143846,5-2-3,262.5
143846,6-2-3,2577
143846,1-3-5,21.4
143846,2-3-5,299.5
143846,3-2-5,249
143846,4-2-5,103.7
143846,5-2-4,180
143846,6-2-4,2605
143846,1-3-6,49.7
143846,2-3-6,761.9
143846,3-2-6,698.3
143846,4-2-6,486.5
143846,5-2-6,632.6
143846,6-2-5,2692
143846,1-4-2,11.1
143846,2-4-1,107.7
143846,3-4-1,193.6
143846,4-3-1,126.6
143846,5-3-1,339.3
143846,6-3-1,2375
143846,1-4-3,17.5
143846,2-4-3,271.6
143846,3-4-2,320.9
143846,4-3-2,260.8
143846,5-3-2,358.9
143846,6-3-2,2884
143846,1-4-5,15.8
143846,2-4-5,200
143846,3-4-5,233.4
143846,4-3-5,176.2
143846,5-3-4,361.6
143846,6-3-4,2071
143846,1-4-6,66
143846,2-4-6,779.1
143846,3-4-6,791.8
143846,4-3-6,599.7
143846,5-3-6,856.2
143846,6-3-5,2577
143846,1-5-2,31
143846,2-5-1,175.8
143846,3-5-1,270.7
143846,4-5-1,36
143846,5-4-1,83.4
143846,6-4-1,1468
143846,1-5-3,39.1
143846,2-5-3,363.2
143846,3-5-2,302.8
143846,4-5-2,59.2
143846,5-4-2,115.2
143846,6-4-2,2447
143846,1-5-4,33.8
143846,2-5-4,281.7
143846,3-5-4,329.6
143846,4-5-3,80.6
143846,5-4-3,201.2
143846,6-4-3,2919
143846,1-5-6,109.3
143846,2-5-6,981
143846,3-5-6,686.4
143846,4-5-6,188.4
143846,5-4-6,327.8
143846,6-4-5,1743
143846,1-6-2,152.3
143846,2-6-1,835.5
143846,3-6-1,1182
143846,4-6-1,627.7
143846,5-6-1,1081
143846,6-5-1,2264
143846,1-6-3,163.2
143846,2-6-3,1648
143846,3-6-2,1505
143846,4-6-2,868.5
143846,5-6-2,1211
143846,6-5-2,2884
143846,1-6-4,169.2
143846,2-6-4,1594
143846,3-6-4,1768
143846,4-6-3,1005
143846,5-6-3,1392
143846,6-5-3,2850
143846,1-6-5,180.2
143846,2-6-5,1442
143846,3-6-5,1230
143846,4-6-5,476.9
143846,5-6-4,1062
143846,6-5-4,2243
143847,1-2-3,15
143847,2-1-3,35.3
143847,3-1-2,95.7
143847,4-1-2,40.5
143847,5-1-2,168.9
143847,6-1-2,907.5
143847,1-2-4,8.2
143847,2-1-4,16.6
143847,3-1-4,65.5
143847,4-1-3,157.3
143847,5-1-3,430
143847,6-1-3,1401
143847,1-2-5,16.9
143847,2-1-5,29.7
143847,3-1-5,121.8
143847,4-1-5,51.9
143847,5-1-4,203.3
143847,6-1-4,1101
143847,1-2-6,52.4
143847,2-1-6,75.1
143847,3-1-6,247.6
143847,4-1-6,97.3
143847,5-1-6,293.8
143847,6-1-5,1204
143847,1-3-2,20
143847,2-3-1,121
143847,3-2-1,146.5
143847,4-2-1,67.2
143847,5-2-1,230.6
143847,6-2-1,1197
143847,1-3-4,15.3
143847,2-3-4,95.4
143847,3-2-4,90.1
143847,4-2-3,217
143847,5-2-3,547.8
143847,6-2-3,2080
143847,1-3-5,32.3
143847,2-3-5,164
143847,3-2-5,129.4
143847,4-2-5,70.6
143847,5-2-4,202.9
143847,6-2-4,932.1
143847,1-3-6,69.9
143847,2-3-6,271
143847,3-2-6,260.1
143847,4-2-6,110.8
143847,5-2-6,321.8
143847,6-2-5,1440
143847,1-4-2,13
143847,2-4-1,40.6
143847,3-4-1,114.8
143847,4-3-1,341
143847,5-3-1,865.5
143847,6-3-1,2340
143847,1-4-3,28.9
143847,2-4-3,110.9
143847,3-4-2,108.5
143847,4-3-2,336.6
143847,5-3-2,827.3
143847,6-3-2,2783
143847,1-4-5,24.9
143847,2-4-5,53.3
143847,3-4-5,98.5
143847,4-3-5,323.9
143847,5-3-4,567.5
143847,6-3-4,2080
143847,1-4-6,52.7
143847,2-4-6,103.1
143847,3-4-6,164.4
143847,4-3-6,432.7
143847,5-3-6,1113
143847,6-3-5,2607
143847,1-5-2,43.3
143847,2-5-1,100
143847,3-5-1,225.6
143847,4-5-1,65.3
143847,5-4-1,194.8
143847,6-4-1,1163
143847,1-5-3,72.2
143847,2-5-3,237.3
143847,3-5-2,207.2
143847,4-5-2,70.5
143847,5-4-2,185
143847,6-4-2,887.9
143847,1-5-4,53.3
143847,2-5-4,109.1
143847,3-5-4,152.2
143847,4-5-3,226.3
143847,5-4-3,543.5
143847,6-4-3,1980
143847,1-5-6,99.9
143847,2-5-6,190.5
143847,3-5-6,332.2
143847,4-5-6,53.4
143847,5-4-6,184.7
143847,6-4-5,698.3
143847,1-6-2,178.6
143847,2-6-1,395.4
143847,3-6-1,911.5
143847,4-6-1,219.3
143847,5-6-1,605.9
143847,6-5-1,1661
143847,1-6-3,256.5
143847,2-6-3,618.6
143847,3-6-2,958.1
143847,4-6-2,192.5
143847,5-6-2,609.4
143847,6-5-2,1839
143847,1-6-4,176.8
143847,2-6-4,291.3
143847,3-6-4,581.9
143847,4-6-3,400.7
143847,5-6-3,1084
143847,6-5-3,2263
143847,1-6-5,251.8
143847,2-6-5,378.6
143847,3-6-5,940.6
143847,4-6-5,140.8
143847,5-6-4,357
143847,6-5-4,725.3
143848,1-2-3,6.2
143848,2-1-3,30.5
143848,3-1-2,84.2
143848,4-1-2,80.2
143848,5-1-2,217.4
143848,6-1-2,1062
143848,1-2-4,6.6
143848,2-1-4,25.8
143848,3-1-4,72.5
143848,4-1-3,142.2
143848,5-1-3,372.4
143848,6-1-3,1534
143848,1-2-5,14.2
143848,2-1-5,53.1
143848,3-1-5,120.3
143848,4-1-5,108.5
143848,5-1-4,243.1
143848,6-1-4,1380
143848,1-2-6,32.4
143848,2-1-6,107.2
143848,3-1-6,199.6
143848,4-1-6,147.7
143848,5-1-6,364.4
143848,6-1-5,1647
143848,1-3-2,13.6
143848,2-3-1,94.1
143848,3-2-1,175
143848,4-2-1,139.9
143848,5-2-1,381.6
143848,6-2-1,1625
143848,1-3-4,12.7
143848,2-3-4,136
143848,3-2-4,241.2
143848,4-2-3,307.9
143848,5-2-3,775.8
143848,6-2-3,2471
143848,1-3-5,28.2
143848,2-3-5,269.9
143848,3-2-5,406.1
143848,4-2-5,258.7
143848,5-2-4,606.4
143848,6-2-4,1930
143848,1-3-6,48
143848,2-3-6,389.7
143848,3-2-6,596.1
143848,4-2-6,361.5
143848,5-2-6,808.8
143848,6-2-5,2167
143848,1-4-2,12.5
143848,2-4-1,82.9
143848,3-4-1,209.3
143848,4-3-1,298.6
143848,5-3-1,832
143848,6-3-1,2256
143848,1-4-3,17
143848,2-4-3,160.9
143848,3-4-2,281.9
143848,4-3-2,437.3
143848,5-3-2,1016
143848,6-3-2,3209
143848,1-4-5,20.6
143848,2-4-5,193.7
143848,3-4-5,355.5
143848,4-3-5,473.8
143848,5-3-4,890.5
143848,6-3-4,2331
143848,1-4-6,31.9
143848,2-4-6,269.7
143848,3-4-6,439.7
143848,4-3-6,564.1
143848,5-3-6,1506
143848,6-3-5,3408
143848,1-5-2,35.9
143848,2-5-1,211.7
143848,3-5-1,463.2
143848,4-5-1,191.4
143848,5-4-1,356.5
143848,6-4-1,1803
143848,1-5-3,48.3
143848,2-5-3,423.1
143848,3-5-2,540.1
143848,4-5-2,246.1
143848,5-4-2,471.1
143848,6-4-2,1938
143848,1-5-4,36.5
143848,2-5-4,349
143848,3-5-4,503.8
143848,4-5-3,412.8
143848,5-4-3,749.9
143848,6-4-3,2434
143848,1-5-6,74.8
143848,2-5-6,550.9
143848,3-5-6,815.5
143848,4-5-6,252
143848,5-4-6,455.9
143848,6-4-5,2025
143848,1-6-2,130.5
143848,2-6-1,618.5
143848,3-6-1,1133
143848,4-6-1,416
143848,5-6-1,810.2
143848,6-5-1,1851
143848,1-6-3,153.6
143848,2-6-3,967.1
143848,3-6-2,1549
143848,4-6-2,524.1
143848,5-6-2,1012
143848,6-5-2,2267
143848,1-6-4,108.5
143848,2-6-4,724.6
143848,3-6-4,1038
143848,4-6-3,769.8
143848,5-6-3,1462
143848,6-5-3,3069
143848,1-6-5,173.6
143848,2-6-5,1025
143848,3-6-5,1534
143848,4-6-5,457.2
143848,5-6-4,906.8
143848,6-5-4,2042
143765,1-2-3,5.7
143765,2-1-3,16.4
143765,3-1-2,101.7
143765,4-1-2,69.8
143765,5-1-2,82.4
143765,6-1-2,1101
143765,1-2-4,6.6
143765,2-1-4,17
143765,3-1-4,180.8
143765,4-1-3,208.8
143765,5-1-3,227.4
143765,6-1-3,2768
143765,1-2-5,8.7
143765,2-1-5,20.7
143765,3-1-5,174.9
143765,4-1-5,87.7
143765,5-1-4,142.3
143765,6-1-4,2484
143765,1-2-6,62
143765,2-1-6,117.3
143765,3-1-6,580.3
143765,4-1-6,268.4
143765,5-1-6,378.5
143765,6-1-5,2106
143765,1-3-2,17.8
143765,2-3-1,46.7
143765,3-2-1,109.3
143765,4-2-1,100.9
143765,5-2-1,117
143765,6-2-1,1275
143765,1-3-4,36.6
143765,2-3-4,84
143765,3-2-4,184.2
143765,4-2-3,235.2
143765,5-2-3,328.5
143765,6-2-3,1762
143765,1-3-5,31.2
143765,2-3-5,76.6
143765,3-2-5,158.3
143765,4-2-5,120.8
143765,5-2-4,195.7
143765,6-2-4,1020
143765,1-3-6,162.8
143765,2-3-6,326.2
143765,3-2-6,523.8
143765,4-2-6,272.2
143765,5-2-6,450.7
143765,6-2-5,2363
143765,1-4-2,22.9
143765,2-4-1,56.4
143765,3-4-1,287.5
143765,4-3-1,450.7
143765,5-3-1,570
143765,6-3-1,3461
143765,1-4-3,57.4
143765,2-4-3,134.5
143765,3-4-2,336.4
143765,4-3-2,457.1
143765,5-3-2,529.5
143765,6-3-2,2550
143765,1-4-5,36.2
143765,2-4-5,87.6
143765,3-4-5,410.6
143765,4-3-5,494.4
143765,5-3-4,646
143765,6-3-4,4405
143765,1-4-6,149
143765,2-4-6,261.9
143765,3-4-6,978.8
143765,4-3-6,1211
143765,5-3-6,1794
143765,6-3-5,5100
143765,1-5-2,23.3
143765,2-5-1,59.6
143765,3-5-1,321.9
143765,4-5-1,112.4
143765,5-4-1,198.9
143765,6-4-1,2550
143765,1-5-3,56.8
143765,2-5-3,115
143765,3-5-2,300.9
143765,4-5-2,110.8
143765,5-4-2,241
143765,6-4-2,1076
143765,1-5-4,36.7
143765,2-5-4,121.7
143765,3-5-4,523.8
143765,4-5-3,357.6
143765,5-4-3,504.7
143765,6-4-3,4405
143765,1-5-6,134.4
143765,2-5-6,321.9
143765,3-5-6,1053
143765,4-5-6,190
143765,5-4-6,346.1
143765,6-4-5,1327
143765,1-6-2,242.2
143765,2-6-1,507.3
143765,3-6-1,1468
143765,4-6-1,560.1
143765,5-6-1,692.2
143765,6-5-1,2484
143765,1-6-3,523.8
143765,2-6-3,999
143765,3-6-2,1700
143765,4-6-2,454.9
143765,5-6-2,821.2
143765,6-5-2,2936
143765,1-6-4,463.6
143765,2-6-4,576.8
143765,3-6-4,2484
143765,4-6-3,1258
143765,5-6-3,1900
143765,6-5-3,5700
143765,1-6-5,314.6
143765,2-6-5,905.7
143765,3-6-5,1642
143765,4-6-5,408.9
143765,5-6-4,807.5
143765,6-5-4,1468
143766,1-2-3,124.3
143766,2-1-3,313.4
143766,3-1-2,305.4
143766,4-1-2,143.3
143766,5-1-2,1240
143766,6-1-2,35.1
143766,1-2-4,114.8
143766,2-1-4,259.4
143766,3-1-4,100.2
143766,4-1-3,65.7
143766,5-1-3,1063
143766,6-1-3,16.9
143766,1-2-5,251.8
143766,2-1-5,583.8
143766,3-1-5,229.4
143766,4-1-5,107.4
143766,5-1-4,665.4
143766,6-1-4,14.2
143766,1-2-6,81.5
143766,2-1-6,170.1
143766,3-1-6,100.2
143766,4-1-6,23.6
143766,5-1-6,428.4
143766,6-1-5,34.4
143766,1-3-2,150.7
143766,2-3-1,331.7
143766,3-2-1,397
143766,4-2-1,251.2
143766,5-2-1,1417
143766,6-2-1,77.4
143766,1-3-4,57.5
143766,2-3-4,227.3
143766,3-2-4,269.4
143766,4-2-3,281.5
143766,5-2-3,2053
143766,6-2-3,84.3
143766,1-3-5,163.8
143766,2-3-5,492.1
143766,3-2-5,454.6
143766,4-2-5,363.1
143766,5-2-4,1677
143766,6-2-4,73.4
143766,1-3-6,53.6
143766,2-3-6,267
143766,3-2-6,278.9
143766,4-2-6,149.4
143766,5-2-6,1191
143766,6-2-5,132.9
143766,1-4-2,96.5
143766,2-4-1,243
143766,3-4-1,76.6
143766,4-3-1,77.1
143766,5-3-1,1804
143766,6-3-1,51.4
143766,1-4-3,51.9
143766,2-4-3,230.3
143766,3-4-2,176.1
143766,4-3-2,182.9
143766,5-3-2,1985
143766,6-3-2,99.2
143766,1-4-5,104.7
143766,2-4-5,362
143766,3-4-5,82.7
143766,4-3-5,82.4
143766,5-3-4,713.2
143766,6-3-4,37.3
143766,1-4-6,20.3
143766,2-4-6,164
143766,3-4-6,45.1
143766,4-3-6,43.7
143766,5-3-6,923.3
143766,6-3-5,83.9
143766,1-5-2,529.3
143766,2-5-1,788.7
143766,3-5-1,368.7
143766,4-5-1,160.3
143766,5-4-1,583.8
143766,6-4-1,19.8
143766,1-5-3,339.3
143766,2-5-3,804.7
143766,3-5-2,556.5
143766,4-5-2,417.9
143766,5-4-2,1191
143766,6-4-2,59.9
143766,1-5-4,282.2
143766,2-5-4,799.3
143766,3-5-4,268.8
143766,4-5-3,171.3
143766,5-4-3,643.8
143766,6-4-3,28.1
143766,1-5-6,187.5
143766,2-5-6,669.1
143766,3-5-6,278.2
143766,4-5-6,89.1
143766,5-4-6,243.5
143766,6-4-5,46.4
143766,1-6-2,37.4
143766,2-6-1,155.8
143766,3-6-1,91.4
143766,4-6-1,22
143766,5-6-1,331.7
143766,6-5-1,94.9
143766,1-6-3,19.1
143766,2-6-3,206.4
143766,3-6-2,208.9
143766,4-6-2,93.1
143766,5-6-2,882.2
143766,6-5-2,242.5
143766,1-6-4,13.1
143766,2-6-4,168.4
143766,3-6-4,59.5
143766,4-6-3,35.2
143766,5-6-3,650.8
143766,6-5-3,142.6
143766,1-6-5,44.2
143766,2-6-5,358.7
143766,3-6-5,143.6
143766,4-6-5,55.1
143766,5-6-4,231.7
143766,6-5-4,116.6
143767,1-2-3,68.9
143767,2-1-3,212
143767,3-1-2,283.3
143767,4-1-2,98.5
143767,5-1-2,358.7
143767,6-1-2,181.7
143767,1-2-4,63.7
143767,2-1-4,185.5
143767,3-1-4,184.7
143767,4-1-3,83.8
143767,5-1-3,337.1
143767,6-1-3,96.9
143767,1-2-5,113.2
143767,2-1-5,253
143767,3-1-5,279.8
143767,4-1-5,53.6
143767,5-1-4,178.6
143767,6-1-4,83.9
143767,1-2-6,65.5
143767,2-1-6,177
143767,3-1-6,170.9
143767,4-1-6,41.4
143767,5-1-6,112.8
143767,6-1-5,90
143767,1-3-2,83
143767,2-3-1,161.9
143767,3-2-1,230.9
143767,4-2-1,126
143767,5-2-1,330.5
143767,6-2-1,204.9
143767,1-3-4,48.7
143767,2-3-4,67.9
143767,3-2-4,101.4
143767,4-2-3,67.2
143767,5-2-3,303.7
143767,6-2-3,115.2
143767,1-3-5,88.2
143767,2-3-5,138.9
143767,3-2-5,222.5
143767,4-2-5,119
143767,5-2-4,232.5
143767,6-2-4,102.1
143767,1-3-6,50.1
143767,2-3-6,67.5
143767,3-2-6,86.5
143767,4-2-6,46.1
143767,5-2-6,167.9
143767,6-2-5,243
143767,1-4-2,66.8
143767,2-4-1,110
143767,3-4-1,203.4
143767,4-3-1,157.7
143767,5-3-1,435
143767,6-3-1,148
143767,1-4-3,45.9
143767,2-4-3,56.5
143767,3-4-2,139
143767,4-3-2,98.2
143767,5-3-2,437.9
143767,6-3-2,136.1
143767,1-4-5,28.4
143767,2-4-5,75.3
143767,3-4-5,139.6
143767,4-3-5,131.8
143767,5-3-4,247.9
143767,6-3-4,81.2
143767,1-4-6,19.6
143767,2-4-6,43.3
143767,3-4-6,52.6
143767,4-3-6,40.7
143767,5-3-6,232.5
143767,6-3-5,181
143767,1-5-2,173.3
143767,2-5-1,269.7
143767,3-5-1,399
143767,4-5-1,60.7
143767,5-4-1,152.9
143767,6-4-1,88.2
143767,1-5-3,143
143767,2-5-3,201.3
143767,3-5-2,330.5
143767,4-5-2,99.7
143767,5-4-2,235.7
143767,6-4-2,95.9
143767,1-5-4,66.1
143767,2-5-4,136.5
143767,3-5-4,186.5
143767,4-5-3,98.8
143767,5-4-3,193.2
143767,6-4-3,65.4
143767,1-5-6,57.1
143767,2-5-6,105.2
143767,3-5-6,191.8
143767,4-5-6,28.9
143767,5-4-6,69.7
143767,6-4-5,80.9
143767,1-6-2,79.4
143767,2-6-1,137.6
143767,3-6-1,183.5
143767,4-6-1,41.5
143767,5-6-1,78.1
143767,6-5-1,114.3
143767,1-6-3,42.2
143767,2-6-3,83.6
143767,3-6-2,127
143767,4-6-2,55.5
143767,5-6-2,134.6
143767,6-5-2,204.3
143767,1-6-4,31.7
143767,2-6-4,76
143767,3-6-4,77.7
143767,4-6-3,40.6
143767,5-6-3,149.1
143767,6-5-3,174.9
143767,1-6-5,50
143767,2-6-5,125.3
143767,3-6-5,172.4
143767,4-6-5,36.9
143767,5-6-4,64.4
143767,6-5-4,82.5
143768,1-2-3,24
143768,2-1-3,16.1
143768,3-1-2,54.5
143768,4-1-2,36.9
143768,5-1-2,1153
143768,6-1-2,354.1
143768,1-2-4,16.2
143768,2-1-4,17.5
143768,3-1-4,106.1
143768,4-1-3,116
143768,5-1-3,1163
143768,6-1-3,887.6
143768,1-2-5,145.5
143768,2-1-5,114.2
143768,3-1-5,429.6
143768,4-1-5,134.9
143768,5-1-4,639.4
143768,6-1-4,317.4
143768,1-2-6,47.9
143768,2-1-6,31.5
143768,3-1-6,204.4
143768,4-1-6,44.5
143768,5-1-6,803.1
143768,6-1-5,1390
143768,1-3-2,36.9
143768,2-3-1,31.5
143768,3-2-1,50.1
143768,4-2-1,33.9
143768,5-2-1,1272
143768,6-2-1,324.3
143768,1-3-4,60.7
143768,2-3-4,21.6
143768,3-2-4,34.3
143768,4-2-3,51
143768,5-2-3,1420
143768,6-2-3,541.8
143768,1-3-5,218.6
143768,2-3-5,104.3
143768,3-2-5,132.6
143768,4-2-5,86.2
143768,5-2-4,905.5
143768,6-2-4,123.2
143768,1-3-6,133.7
143768,2-3-6,39.5
143768,3-2-6,61.3
143768,4-2-6,21.6
143768,5-2-6,999.4
143768,6-2-5,1070
143768,1-4-2,23
143768,2-4-1,21.6
143768,3-4-1,151.2
143768,4-3-1,154.1
143768,5-3-1,1466
143768,6-3-1,1390
143768,1-4-3,51.9
143768,2-4-3,26.4
143768,3-4-2,52.2
143768,4-3-2,74.1
143768,5-3-2,1420
143768,6-3-2,1037
143768,1-4-5,142.1
143768,2-4-5,91.4
143768,3-4-5,288.2
143768,4-3-5,275.3
143768,5-3-4,1450
143768,6-3-4,963.7
143768,1-4-6,39
143768,2-4-6,17.5
143768,3-4-6,155.4
143768,4-3-6,134.3
143768,5-3-6,1499
143768,6-3-5,2753
143768,1-5-2,335.6
143768,2-5-1,333.1
143768,3-5-1,822.6
143768,4-5-1,166.7
143768,5-4-1,548.4
143768,6-4-1,249.8
143768,1-5-3,416.4
143768,2-5-3,380
143768,3-5-2,483.5
143768,4-5-2,143.6
143768,5-4-2,688.3
143768,6-4-2,108.8
143768,1-5-4,435.2
143768,2-5-4,258.9
143768,3-5-4,674.6
143768,4-5-3,282.2
143768,5-4-3,1070
143768,6-4-3,463.6
143768,1-5-6,533.2
143768,2-5-6,376.8
143768,3-5-6,1115
143768,4-5-6,93.7
143768,5-4-6,358.8
143768,6-4-5,610.5
143768,1-6-2,109.4
143768,2-6-1,70.8
143768,3-6-1,460.4
143768,4-6-1,55.9
143768,5-6-1,1515
143768,6-5-1,1587
143768,1-6-3,232.6
143768,2-6-3,93.8
143768,3-6-2,196.6
143768,4-6-2,29.4
143768,5-6-2,1204
143768,6-5-2,1405
143768,1-6-4,93.7
143768,2-6-4,42.2
143768,3-6-4,347.7
143768,4-6-3,117.8
143768,5-6-3,1435
143768,6-5-3,1900
143768,1-6-5,514.9
143768,2-6-5,263
143768,3-6-5,848.5
143768,4-6-5,99.1
143768,5-6-4,749.5
143768,6-5-4,827.7
143769,1-2-3,6.7
143769,2-1-3,53.9
143769,3-1-2,13
143769,4-1-2,78.3
143769,5-1-2,365.6
143769,6-1-2,634.1
143769,1-2-4,13.4
143769,2-1-4,85.9
143769,3-1-4,19.4
143769,4-1-3,57.2
143769,5-1-3,352.9
143769,6-1-3,534.5
143769,1-2-5,44.5
143769,2-1-5,242.9
143769,3-1-5,40.4
143769,4-1-5,92.9
143769,5-1-4,340.1
143769,6-1-4,684.4
143769,1-2-6,93.4
143769,2-1-6,405.2
143769,3-1-6,119.4
143769,4-1-6,233.8
143769,5-1-6,552.9
143769,6-1-5,850.3
143769,1-3-2,4.4
143769,2-3-1,122.1
143769,3-2-1,57.4
143769,4-2-1,182.5
143769,5-2-1,959.3
143769,6-2-1,1206
143769,1-3-4,7
143769,2-3-4,245
143769,3-2-4,151.2
143769,4-2-3,349.6
143769,5-2-3,1700
143769,6-2-3,1810
143769,1-3-5,27.6
143769,2-3-5,819.3
143769,3-2-5,309.2
143769,4-2-5,463.8
143769,5-2-4,1580
143769,6-2-4,1781
143769,1-3-6,56.7
143769,2-3-6,1420
143769,3-2-6,905.2
143769,4-2-6,575.6
143769,5-2-6,2004
143769,6-2-5,1935
143769,1-4-2,19.8
143769,2-4-1,204.8
143769,3-4-1,52.9
143769,4-3-1,100.9
143769,5-3-1,613.3
143769,6-3-1,701.5
143769,1-4-3,13.8
143769,2-4-3,327.2
143769,3-4-2,132.9
143769,4-3-2,281.3
143769,5-3-2,1537
143769,6-3-2,1626
143769,1-4-5,42.7
143769,2-4-5,819.3
143769,3-4-5,199
143769,4-3-5,271.1
143769,5-3-4,1206
143769,6-3-4,1403
143769,1-4-6,100.8
143769,2-4-6,1029
143769,3-4-6,438.4
143769,4-3-6,768.8
143769,5-3-6,2158
143769,6-3-5,2290
143769,1-5-2,82.1
143769,2-5-1,728.8
143769,3-5-1,266.6
143769,4-5-1,139.6
143769,5-4-1,412.6
143769,6-4-1,951.2
143769,1-5-3,76.7
143769,2-5-3,1157
143769,3-5-2,531.9
143769,4-5-2,265.9
143769,5-4-2,883.8
143769,6-4-2,1420
143769,1-5-4,90.2
143769,2-5-4,1496
143769,3-5-4,514.9
143769,4-5-3,273.7
143769,5-4-3,935.4
143769,6-4-3,1753
143769,1-5-6,213.4
143769,2-5-6,1603
143769,3-5-6,1111
143769,4-5-6,317.9
143769,5-4-6,920
143769,6-4-5,2610
143769,1-6-2,276.4
143769,2-6-1,1069
143769,3-6-1,652.6
143769,4-6-1,465.7
143769,5-6-1,825.3
143769,6-5-1,984.6
143769,1-6-3,220.5
143769,2-6-3,3401
143769,3-6-2,1675
143769,4-6-2,688.6
143769,5-6-2,1870
143769,6-5-2,2737
143769,1-6-4,224.4
143769,2-6-4,1626
143769,3-6-4,943.2
143769,4-6-3,796
143769,5-6-3,1870
143769,6-5-3,2672
143769,1-6-5,355.2
143769,2-6-5,3033
143769,3-6-5,1603
143769,4-6-5,705.9
143769,5-6-4,2158
143769,6-5-4,2290
143770,1-2-3,18.4
143770,2-1-3,56.6
143770,3-1-2,45.9
143770,4-1-2,194.9
143770,5-1-2,165.1
143770,6-1-2,1193
143770,1-2-4,43
143770,2-1-4,160.2
143770,3-1-4,36
143770,4-1-3,86.9
143770,5-1-3,56.6
143770,6-1-3,687.6
143770,1-2-5,21.6
143770,2-1-5,61.8
143770,3-1-5,17.2
143770,4-1-5,64.7
143770,5-1-4,110.7
143770,6-1-4,906.4
143770,1-2-6,74.4
143770,2-1-6,206.4
143770,3-1-6,86.1
143770,4-1-6,122.7
143770,5-1-6,109.6
143770,6-1-5,576.8
143770,1-3-2,15.6
143770,2-3-1,114.3
143770,3-2-1,104.3
143770,4-2-1,430.8
143770,5-2-1,330
143770,6-2-1,1812
143770,1-3-4,12.5
143770,2-3-4,292.6
143770,3-2-4,273.7
143770,4-2-3,549.5
143770,5-2-3,409.3
143770,6-2-3,2791
143770,1-3-5,6.7
143770,2-3-5,106.4
143770,3-2-5,100.8
143770,4-2-5,282.5
143770,5-2-4,658.4
143770,6-2-4,2970
143770,1-3-6,31.2
143770,2-3-6,321.6
143770,3-2-6,297
143770,4-2-6,476.4
143770,5-2-6,505.7
143770,6-2-5,1966
143770,1-4-2,64.7
143770,2-4-1,380.3
143770,3-4-1,89.6
143770,4-3-1,135
143770,5-3-1,75.9
143770,6-3-1,990
143770,1-4-3,27
143770,2-4-3,463.7
143770,3-4-2,399.9
143770,4-3-2,441.7
143770,5-3-2,342.1
143770,6-3-2,2181
143770,1-4-5,31.8
143770,2-4-5,347.2
143770,3-4-5,103.5
143770,4-3-5,137.6
143770,5-3-4,215.4
143770,6-3-4,1485
143770,1-4-6,61.9
143770,2-4-6,750.4
143770,3-4-6,243.6
143770,4-3-6,275.8
143770,5-3-6,249.2
143770,6-3-5,918.3
143770,1-5-2,37.9
143770,2-5-1,171.9
143770,3-5-1,36.6
143770,4-5-1,62.5
143770,5-4-1,99
143770,6-4-1,983
143770,1-5-3,14.5
143770,2-5-3,192
143770,3-5-2,147.8
143770,4-5-2,188.1
143770,5-4-2,339.6
143770,6-4-2,1789
143770,1-5-4,33.9
143770,2-5-4,399.9
143770,3-5-4,102.3
143770,4-5-3,98.4
143770,5-4-3,171.6
143770,6-4-3,1280
143770,1-5-6,43.5
143770,2-5-6,345.5
143770,3-5-6,142
143770,4-5-6,72.2
143770,5-4-6,120.5
143770,6-4-5,486.3
143770,1-6-2,184.3
143770,2-6-1,811.5
143770,3-6-1,386.6
143770,4-6-1,234.6
143770,5-6-1,221.2
143770,6-5-1,545.2
143770,1-6-3,146
143770,2-6-3,1049
143770,3-6-2,867
143770,4-6-2,509.4
143770,5-6-2,560.6
143770,6-5-2,1517
143770,1-6-4,181
143770,2-6-4,1623
143770,3-6-4,620.4
143770,4-6-3,376.2
143770,5-6-3,328.4
143770,6-5-3,830.8
143770,1-6-5,122.6
143770,2-6-5,793.1
143770,3-6-5,375.2
143770,4-6-5,148
143770,5-6-4,268.9
143770,6-5-4,558.3
143771,1-2-3,8.3
143771,2-1-3,60.4
143771,3-1-2,59.6
143771,4-1-2,204.2
143771,5-1-2,705.8
143771,6-1-2,115.8
143771,1-2-4,16.7
143771,2-1-4,103.1
143771,3-1-4,55.6
143771,4-1-3,175.6
143771,5-1-3,472.7
143771,6-1-3,97.2
143771,1-2-5,40.6
143771,2-1-5,202.6
143771,3-1-5,73.9
143771,4-1-5,283.6
143771,5-1-4,591.4
143771,6-1-4,126.9
143771,1-2-6,11.3
143771,2-1-6,96.8
143771,3-1-6,43.1
143771,4-1-6,119.9
143771,5-1-6,353.7
143771,6-1-5,300.9
143771,1-3-2,13.7
143771,2-3-1,168.1
143771,3-2-1,145.6
143771,4-2-1,413.9
143771,5-2-1,1379
143771,6-2-1,325.2
143771,1-3-4,12.4
143771,2-3-4,547
143771,3-2-4,394.7
143771,4-2-3,1187
143771,5-2-3,2552
143771,6-2-3,827.9
143771,1-3-5,24
143771,2-3-5,846.2
143771,3-2-5,617.6
143771,4-2-5,1320
143771,5-2-4,2356
143771,6-2-4,1042
143771,1-3-6,8.1
143771,2-3-6,337.3
143771,3-2-6,275.5
143771,4-2-6,605.4
143771,5-2-6,1963
143771,6-2-5,1845
143771,1-4-2,29.3
143771,2-4-1,400.9
143771,3-4-1,133.7
143771,4-3-1,307.5
143771,5-3-1,699.4
143771,6-3-1,289
143771,1-4-3,20.7
143771,2-4-3,1235
143771,3-4-2,424.3
143771,4-3-2,981.9
143771,5-3-2,2470
143771,6-3-2,814.7
143771,1-4-5,51.6
143771,2-4-5,1823
143771,3-4-5,229.3
143771,4-3-5,530
143771,5-3-4,1431
143771,6-3-4,680.7
143771,1-4-6,13.8
143771,2-4-6,785.5
143771,3-4-6,147.8
143771,4-3-6,308.8
143771,5-3-6,1056
143771,6-3-5,1094
143771,1-5-2,100
143771,2-5-1,928.3
143771,3-5-1,242.7
143771,4-5-1,528.2
143771,5-4-1,957.3
143771,6-4-1,259.6
143771,1-5-3,75.2
143771,2-5-3,2127
143771,3-5-2,722.5
143771,4-5-2,1298
143771,5-4-2,2836
143771,6-4-2,850.9
143771,1-5-4,92.8
143771,2-5-4,2596
143771,3-5-4,362.1
143771,4-5-3,901
143771,5-4-3,1781
143771,6-4-3,725.9
143771,1-5-6,56.2
143771,2-5-6,1487
143771,3-5-6,310.7
143771,4-5-6,495.7
143771,5-4-6,1086
143771,6-4-5,860.5
143771,1-6-2,22.9
143771,2-6-1,334.4
143771,3-6-1,133.7
143771,4-6-1,179.1
143771,5-6-1,605.4
143771,6-5-1,846.2
143771,1-6-3,16.5
143771,2-6-3,880.3
143771,3-6-2,465.5
143771,4-6-2,521
143771,5-6-2,1891
143771,6-5-2,2596
143771,1-6-4,22.1
143771,2-6-4,1028
143771,3-6-4,240
143771,4-6-3,445.2
143771,5-6-3,1094
143771,6-5-3,1487
143771,1-6-5,59
143771,2-6-5,1664
143771,3-6-5,344.9
143771,4-6-5,510.5
143771,5-6-4,1143
143771,6-5-4,1418
143772,1-2-3,7.6
143772,2-1-3,61.8
143772,3-1-2,24
143772,4-1-2,181
143772,5-1-2,644.3
143772,6-1-2,477.2
143772,1-2-4,27
143772,2-1-4,142.1
143772,3-1-4,23.9
143772,4-1-3,114.9
143772,5-1-3,360.6
143772,6-1-3,289.8
143772,1-2-5,33.4
143772,2-1-5,286.5
143772,3-1-5,41.3
143772,4-1-5,245
143772,5-1-4,1075
143772,6-1-4,671.6
143772,1-2-6,78.4
143772,2-1-6,312.6
143772,3-1-6,110
143772,4-1-6,412.1
143772,5-1-6,1923
143772,6-1-5,1175
143772,1-3-2,3.6
143772,2-3-1,88.1
143772,3-2-1,72.7
143772,4-2-1,310.3
143772,5-2-1,1410
143772,6-2-1,760.1
143772,1-3-4,4.8
143772,2-3-4,262.8
143772,3-2-4,188.3
143772,4-2-3,431.7
143772,5-2-3,1787
143772,6-2-3,793.3
143772,1-3-5,8.1
143772,2-3-5,382.3
143772,3-2-5,253.3
143772,4-2-5,829.6
143772,5-2-4,3430
143772,6-2-4,1040
143772,1-3-6,29.1
143772,2-3-6,846.2
143772,3-2-6,495.8
143772,4-2-6,863.5
143772,5-2-6,3733
143772,6-2-5,1493
143772,1-4-2,36
143772,2-4-1,351.6
143772,3-4-1,85.7
143772,4-3-1,143.7
143772,5-3-1,495.8
143772,6-3-1,463.2
143772,1-4-3,19.2
143772,2-4-3,468.4
143772,3-4-2,193.5
143772,4-3-2,402.9
143772,5-3-2,1476
143772,6-3-2,851.9
143772,1-4-5,64.2
143772,2-4-5,1049
143772,3-4-5,232.9
143772,4-3-5,391.7
143772,5-3-4,1586
143772,6-3-4,1133
143772,1-4-6,113.9
143772,2-4-6,1738
143772,3-4-6,486.3
143772,4-3-6,808.5
143772,5-3-6,4231
143772,6-3-5,2115
143772,1-5-2,93
143772,2-5-1,798.3
143772,3-5-1,218.1
143772,4-5-1,561.6
143772,5-4-1,1586
143772,6-4-1,1548
143772,1-5-3,56.1
143772,2-5-3,1113
143772,3-5-2,466.7
143772,4-5-2,954.4
143772,5-4-2,3526
143772,6-4-2,1952
143772,1-5-4,166.5
143772,2-5-4,2350
143772,3-5-4,492
143772,4-5-3,760.1
143772,5-4-3,1866
143772,6-4-3,1813
143772,1-5-6,308.1
143772,2-5-6,2115
143772,3-5-6,976.4
143772,4-5-6,1032
143772,5-4-6,2759
143772,6-4-5,2590
143772,1-6-2,158.6
143772,2-6-1,846.2
143772,3-6-1,463.2
143772,4-6-1,1032
143772,5-6-1,3340
143772,6-5-1,2266
143772,1-6-3,113.3
143772,2-6-3,1154
143772,3-6-2,1084
143772,4-6-2,1175
143772,5-6-2,4701
143772,6-5-2,3626
143772,1-6-4,200.2
143772,2-6-4,1715
143772,3-6-4,1057
143772,4-6-3,1459
143772,5-6-3,3733
143772,6-5-3,3430
143772,1-6-5,355.5
143772,2-6-5,1670
143772,3-6-5,1308
143772,4-6-5,1627
143772,5-6-4,3173
143772,6-5-4,2952
143773,1-2-3,17.9
143773,2-1-3,30.2
143773,3-1-2,35.8
143773,4-1-2,590.1
143773,5-1-2,342.9
143773,6-1-2,31.9
143773,1-2-4,88.2
143773,2-1-4,124.3
143773,3-1-4,178.2
143773,4-1-3,784.1
143773,5-1-3,284
143773,6-1-3,31.5
143773,1-2-5,45.7
143773,2-1-5,57.2
143773,3-1-5,57.6
143773,4-1-5,1043
143773,5-1-4,1255
143773,6-1-4,171.1
143773,1-2-6,23
143773,2-1-6,26.5
143773,3-1-6,20.7
143773,4-1-6,488.3
143773,5-1-6,253.4
143773,6-1-5,82.4
143773,1-3-2,16.1
143773,2-3-1,45.5
143773,3-2-1,47.4
143773,4-2-1,723
143773,5-2-1,470.4
143773,6-2-1,36
143773,1-3-4,85
143773,2-3-4,222.1
143773,3-2-4,328.7
143773,4-2-3,852.1
143773,5-2-3,473.1
143773,6-2-3,34.9
143773,1-3-5,30.4
143773,2-3-5,86.6
143773,3-2-5,121.1
143773,4-2-5,988.3
143773,5-2-4,1128
143773,6-2-4,159.9
143773,1-3-6,12.1
143773,2-3-6,36
143773,3-2-6,36.7
143773,4-2-6,486.9
143773,5-2-6,342.9
143773,6-2-5,81.9
143773,1-4-2,192.8
143773,2-4-1,443
143773,3-4-1,551.2
143773,4-3-1,912.7
143773,5-3-1,298.7
143773,6-3-1,35.1
143773,1-4-3,251.1
143773,2-4-3,497.1
143773,3-4-2,600.8
143773,4-3-2,1018
143773,5-3-2,451.4
143773,6-3-2,35.8
143773,1-4-5,370.3
143773,2-4-5,723
143773,3-4-5,627.9
143773,4-3-5,1084
143773,5-3-4,1128
143773,6-3-4,204.4
143773,1-4-6,216
143773,2-4-6,393
143773,3-4-6,368.7
143773,4-3-6,566.1
143773,5-3-6,194.2
143773,6-3-5,68
143773,1-5-2,115.8
143773,2-5-1,173.2
143773,3-5-1,110.5
143773,4-5-1,1210
143773,5-4-1,1606
143773,6-4-1,340.1
143773,1-5-3,94.7
143773,2-5-3,200.5
143773,3-5-2,162.7
143773,4-5-2,1084
143773,5-4-2,1532
143773,6-4-2,284
143773,1-5-4,379.6
143773,2-5-4,579.9
143773,3-5-4,408.3
143773,4-5-3,1193
143773,5-4-3,1637
143773,6-4-3,352.3
143773,1-5-6,96.9
143773,2-5-6,143.3
143773,3-5-6,71
143773,4-5-6,713.7
143773,5-4-6,1000
143773,6-4-5,319.3
143773,1-6-2,32.2
143773,2-6-1,46.6
143773,3-6-1,28.4
143773,4-6-1,455.1
143773,5-6-1,253
143773,6-5-1,145.1
143773,1-6-3,27.6
143773,2-6-3,46.2
143773,3-6-2,35.5
143773,4-6-2,401.5
143773,5-6-2,275.6
143773,6-5-2,123.7
143773,1-6-4,158
143773,2-6-4,214.6
143773,3-6-4,213.3
143773,4-6-3,517.1
143773,5-6-3,214.4
143773,6-5-3,127.8
143773,1-6-5,79.1
143773,2-6-5,97.9
143773,3-6-5,58.1
143773,4-6-5,460.1
143773,5-6-4,623.2
143773,6-5-4,291.4
143774,1-2-3,11.3
143774,2-1-3,61
143774,3-1-2,96.6
143774,4-1-2,81.1
143774,5-1-2,113.8
143774,6-1-2,27.2
143774,1-2-4,13
143774,2-1-4,60.4
143774,3-1-4,140.7
143774,4-1-3,199.4
143774,5-1-3,171.1
143774,6-1-3,40.3
143774,1-2-5,14.7
143774,2-1-5,53.7
143774,3-1-5,177.4
143774,4-1-5,96.4
143774,5-1-4,217.2
143774,6-1-4,48.9
143774,1-2-6,40.8
143774,2-1-6,111
143774,3-1-6,217.9
143774,4-1-6,288.2
143774,5-1-6,143.1
143774,6-1-5,52.4
143774,1-3-2,16.8
143774,2-3-1,110.9
143774,3-2-1,135.1
143774,4-2-1,148.2
143774,5-2-1,174.9
143774,6-2-1,36.2
143774,1-3-4,21.5
143774,2-3-4,152.8
143774,3-2-4,210.1
143774,4-2-3,308.4
143774,5-2-3,286.3
143774,6-2-3,48.9
143774,1-3-5,39
143774,2-3-5,236.9
143774,3-2-5,305.2
143774,4-2-5,149
143774,5-2-4,360.2
143774,6-2-4,40
143774,1-3-6,67.4
143774,2-3-6,272.1
143774,3-2-6,333.8
143774,4-2-6,361.7
143774,5-2-6,308.8
143774,6-2-5,60.2
143774,1-4-2,19
143774,2-4-1,151
143774,3-4-1,269.3
143774,4-3-1,383.3
143774,5-3-1,337.6
143774,6-3-1,80.7
143774,1-4-3,43.4
143774,2-4-3,219.2
143774,3-4-2,293
143774,4-3-2,375.1
143774,5-3-2,381
143774,6-3-2,84.8
143774,1-4-5,27.8
143774,2-4-5,172.2
143774,3-4-5,359.2
143774,4-3-5,308.8
143774,5-3-4,928.5
143774,6-3-4,109.8
143774,1-4-6,84.7
143774,2-4-6,292.3
143774,3-4-6,504.2
143774,4-3-6,695.8
143774,5-3-6,845.2
143774,6-3-5,128.1
143774,1-5-2,31.5
143774,2-5-1,172.9
143774,3-5-1,426
143774,4-5-1,202.7
143774,5-4-1,495.7
143774,6-4-1,78.6
143774,1-5-3,64.1
143774,2-5-3,393
143774,3-5-2,449.2
143774,4-5-2,188.3
143774,5-4-2,488.3
143774,6-4-2,60.3
143774,1-5-4,55.1
143774,2-5-4,250.6
143774,3-5-4,493.8
143774,4-5-3,403.8
143774,5-4-3,995.1
143774,6-4-3,110.3
143774,1-5-6,98.9
143774,2-5-6,446.9
143774,3-5-6,762.1
143774,4-5-6,316.5
143774,5-4-6,730.5
143774,6-4-5,118.8
143774,1-6-2,49.4
143774,2-6-1,174.8
143774,3-6-1,336.8
143774,4-6-1,434.4
143774,5-6-1,151.9
143774,6-5-1,83.2
143774,1-6-3,75.4
143774,2-6-3,296.3
143774,3-6-2,427.4
143774,4-6-2,328.4
143774,5-6-2,248.5
143774,6-5-2,111.5
143774,1-6-4,93.6
143774,2-6-4,256.2
143774,3-6-4,538.1
143774,4-6-3,707
143774,5-6-3,359.2
143774,6-5-3,161.5
143774,1-6-5,106.5
143774,2-6-5,395.3
143774,3-6-5,870.3
143774,4-6-5,296.3
143774,5-6-4,519.1
143774,6-5-4,164
143775,1-2-3,7.3
143775,2-1-3,54.8
143775,3-1-2,48.6
143775,4-1-2,84.9
143775,5-1-2,380.7
143775,6-1-2,487.7
143775,1-2-4,8.3
143775,2-1-4,45.5
143775,3-1-4,42.5
143775,4-1-3,110.1
143775,5-1-3,286.4
143775,6-1-3,552.1
143775,1-2-5,25.2
143775,2-1-5,114.4
143775,3-1-5,62.4
143775,4-1-5,123.9
143775,5-1-4,369.2
143775,6-1-4,663.8
143775,1-2-6,34.6
143775,2-1-6,119
143775,3-1-6,113.6
143775,4-1-6,117.9
143775,5-1-6,574.6
143775,6-1-5,888.3
143775,1-3-2,9.4
143775,2-3-1,127.8
143775,3-2-1,124.4
143775,4-2-1,176.9
143775,5-2-1,600.9
143775,6-2-1,978
143775,1-3-4,8
143775,2-3-4,161.1
143775,3-2-4,168.8
143775,4-2-3,290.4
143775,5-2-3,1033
143775,6-2-3,1734
143775,1-3-5,20.3
143775,2-3-5,427.6
143775,3-2-5,321.4
143775,4-2-5,379.9
143775,5-2-4,732.5
143775,6-2-4,1010
143775,1-3-6,35.2
143775,2-3-6,435.7
143775,3-2-6,321.4
143775,4-2-6,277.3
143775,5-2-6,1135
143775,6-2-5,1977
143775,1-4-2,12.9
143775,2-4-1,129.5
143775,3-4-1,124.5
143775,4-3-1,252.5
143775,5-3-1,442
143775,6-3-1,1114
143775,1-4-3,14.1
143775,2-4-3,195.6
143775,3-4-2,183.1
143775,4-3-2,329.5
143775,5-3-2,1201
143775,6-3-2,2138
143775,1-4-5,23.1
143775,2-4-5,357
143775,3-4-5,282.4
143775,4-3-5,604.8
143775,5-3-4,1259
143775,6-3-4,2066
143775,1-4-6,18.8
143775,2-4-6,244.8
143775,3-4-6,339.8
143775,4-3-6,659
143775,5-3-6,1785
143775,6-3-5,2786
143775,1-5-2,56.3
143775,2-5-1,454
143775,3-5-1,261.5
143775,4-5-1,234.8
143775,5-4-1,475.1
143775,6-4-1,1686
143775,1-5-3,54
143775,2-5-3,723.9
143775,3-5-2,509.3
143775,4-5-2,374.5
143775,5-4-2,732.5
143775,6-4-2,1056
143775,1-5-4,52.5
143775,2-5-4,652
143775,3-5-4,495.6
143775,4-5-3,544
143775,5-4-3,732.5
143775,6-4-3,2215
143775,1-5-6,94.2
143775,2-5-6,766.1
143775,3-5-6,688.6
143775,4-5-6,279.4
143775,5-4-6,652
143775,6-4-5,2020
143775,1-6-2,115.5
143775,2-6-1,452.9
143775,3-6-1,537.6
143775,4-6-1,369.9
143775,5-6-1,1033
143775,6-5-1,2066
143775,1-6-3,142.4
143775,2-6-3,942.9
143775,3-6-2,855.2
143775,4-6-2,464.3
143775,5-6-2,1362
143775,6-5-2,1285
143775,1-6-4,107
143775,2-6-4,589.3
143775,3-6-4,704.5
143775,4-6-3,802.9
143775,5-6-3,1507
143775,6-5-3,2419
143775,1-6-5,193.1
143775,2-6-5,1128
143775,3-6-5,942.9
143775,4-6-5,574.6
143775,5-6-4,1062
143775,6-5-4,1656
143776,1-2-3,6.8
143776,2-1-3,39.5
143776,3-1-2,25.1
143776,4-1-2,119.3
143776,5-1-2,443.2
143776,6-1-2,943.6
143776,1-2-4,20.2
143776,2-1-4,90.6
143776,3-1-4,29.6
143776,4-1-3,78.2
143776,5-1-3,292.9
143776,6-1-3,513.2
143776,1-2-5,33.2
143776,2-1-5,162.5
143776,3-1-5,33.3
143776,4-1-5,140.1
143776,5-1-4,465.3
143776,6-1-4,1374
143776,1-2-6,42.9
143776,2-1-6,175
143776,3-1-6,49.5
143776,4-1-6,157.7
143776,5-1-6,404.6
143776,6-1-5,1296
143776,1-3-2,6.1
143776,2-3-1,69.3
143776,3-2-1,51.7
143776,4-2-1,304.2
143776,5-2-1,718.4
143776,6-2-1,1287
143776,1-3-4,9.4
143776,2-3-4,188.3
143776,3-2-4,144.1
143776,4-2-3,334.5
143776,5-2-3,1365
143776,6-2-3,1296
143776,1-3-5,11.1
143776,2-3-5,387.8
143776,3-2-5,244
143776,4-2-5,586.7
143776,5-2-4,1720
143776,6-2-4,3592
143776,1-3-6,17.4
143776,2-3-6,303.3
143776,3-2-6,213.9
143776,4-2-6,544.5
143776,5-2-6,1383
143776,6-2-5,4015
143776,1-4-2,29.2
143776,2-4-1,268.3
143776,3-4-1,75.5
143776,4-3-1,130
143776,5-3-1,452
143776,6-3-1,656.3
143776,1-4-3,22.6
143776,2-4-3,319.4
143776,3-4-2,128.3
143776,4-3-2,258.5
143776,5-3-2,1233
143776,6-3-2,1383
143776,1-4-5,42.3
143776,2-4-5,796.7
143776,3-4-5,154.1
143776,4-3-5,297.6
143776,5-3-4,864
143776,6-3-4,1638
143776,1-4-6,54.9
143776,2-4-6,675.8
143776,3-4-6,176.5
143776,4-3-6,301.1
143776,5-3-6,711
143776,6-3-5,1692
143776,1-5-2,70.5
143776,2-5-1,511.9
143776,3-5-1,139.8
143776,4-5-1,213
143776,5-4-1,544.5
143776,6-4-1,1735
143776,1-5-3,39.2
143776,2-5-3,939.3
143776,3-5-2,357.3
143776,4-5-2,409.5
143776,5-4-2,1233
143776,6-4-2,2659
143776,1-5-4,64.3
143776,2-5-4,1118
143776,3-5-4,211.7
143776,4-5-3,344.7
143776,5-4-3,965.8
143776,6-4-3,1750
143776,1-5-6,67.3
143776,2-5-6,1264
143776,3-5-6,201.9
143776,4-5-6,262.8
143776,5-4-6,671.3
143776,6-4-5,1878
143776,1-6-2,144.3
143776,2-6-1,662.6
143776,3-6-1,240.9
143776,4-6-1,380.6
143776,5-6-1,970.4
143776,6-5-1,1988
143776,1-6-3,85.3
143776,2-6-3,736.5
143776,3-6-2,421.3
143776,4-6-2,648
143776,5-6-2,1861
143776,6-5-2,3356
143776,1-6-4,124.1
143776,2-6-4,1279
143776,3-6-4,366.3
143776,4-6-3,567.2
143776,5-6-3,1137
143776,6-5-3,2178
143776,1-6-5,112.8
143776,2-6-5,2089
143776,3-6-5,320.9
143776,4-6-5,439.4
143776,5-6-4,1089
143776,6-5-4,2047
143897,1-2-3,14.5
143897,2-1-3,84.6
143897,3-1-2,117.2
143897,4-1-2,32.2
143897,5-1-2,240.5
143897,6-1-2,55.3
143897,1-2-4,10.2
143897,2-1-4,44.5
143897,3-1-4,61.5
143897,4-1-3,61.3
143897,5-1-3,300
143897,6-1-3,68.7
143897,1-2-5,32.6
143897,2-1-5,116.7
143897,3-1-5,98.9
143897,4-1-5,38.7
143897,5-1-4,179.1
143897,6-1-4,57.9
143897,1-2-6,54.2
143897,2-1-6,194.3
143897,3-1-6,201.6
143897,4-1-6,77.7
143897,5-1-6,374.4
143897,6-1-5,113.2
143897,1-3-2,23.6
143897,2-3-1,231.1
143897,3-2-1,258.5
143897,4-2-1,51.2
143897,5-2-1,536.2
143897,6-2-1,91.1
143897,1-3-4,14.1
143897,2-3-4,208.9
143897,3-2-4,264.7
143897,4-2-3,127.2
143897,5-2-3,1050
143897,6-2-3,141
143897,1-3-5,33.7
143897,2-3-5,494
143897,3-2-5,467.8
143897,4-2-5,83.6
143897,5-2-4,567.7
143897,6-2-4,119.3
143897,1-3-6,58.8
143897,2-3-6,919.2
143897,3-2-6,790.9
143897,4-2-6,190
143897,5-2-6,954.5
143897,6-2-5,204.1
143897,1-4-2,11.9
143897,2-4-1,81.6
143897,3-4-1,98.2
143897,4-3-1,97.9
143897,5-3-1,596.3
143897,6-3-1,136.5
143897,1-4-3,16
143897,2-4-3,188.7
143897,3-4-2,182.4
143897,4-3-2,131.6
143897,5-3-2,1179
143897,6-3-2,206.6
143897,1-4-5,22.8
143897,2-4-5,203.6
143897,3-4-5,136.4
143897,4-3-5,119
143897,5-3-4,574
143897,6-3-4,158
143897,1-4-6,45.6
143897,2-4-6,314.5
143897,3-4-6,258
143897,4-3-6,252.7
143897,5-3-6,1468
143897,6-3-5,283.1
143897,1-5-2,54.9
143897,2-5-1,398.4
143897,3-5-1,256.3
143897,4-5-1,46.1
143897,5-4-1,158.6
143897,6-4-1,97.2
143897,1-5-3,66.7
143897,2-5-3,847.4
143897,3-5-2,569.6
143897,4-5-2,63.6
143897,5-4-2,235.7
143897,6-4-2,133
143897,1-5-4,52.3
143897,2-5-4,444.7
143897,3-5-4,233.9
143897,4-5-3,117
143897,5-4-3,327.3
143897,6-4-3,149.4
143897,1-5-6,128.7
143897,2-5-6,1262
143897,3-5-6,647.4
143897,4-5-6,86
143897,5-4-6,255.3
143897,6-4-5,175.9
143897,1-6-2,82.7
143897,2-6-1,453.2
143897,3-6-1,428.9
143897,4-6-1,104.7
143897,5-6-1,695.8
143897,6-5-1,253.9
143897,1-6-3,91.4
143897,2-6-3,1042
143897,3-6-2,908
143897,4-6-2,170.6
143897,5-6-2,1223
143897,6-5-2,327.3
143897,1-6-4,78.3
143897,2-6-4,449.7
143897,3-6-4,382.6
143897,4-6-3,255.9
143897,5-6-3,1265
143897,6-5-3,391.5
143897,1-6-5,158.8
143897,2-6-5,1209
143897,3-6-5,787.3
143897,4-6-5,126.4
143897,5-6-4,611.7
143897,6-5-4,266.7
143898,1-2-3,6.9
143898,2-1-3,49.3
143898,3-1-2,100.8
143898,4-1-2,157.3
143898,5-1-2,85.2
143898,6-1-2,763.3
143898,1-2-4,9.2
143898,2-1-4,51.6
143898,3-1-4,111.3
143898,4-1-3,253.6
143898,5-1-3,135.1
143898,6-1-3,1233
143898,1-2-5,9.3
143898,2-1-5,51.1
143898,3-1-5,88.4
143898,4-1-5,116.3
143898,5-1-4,117
143898,6-1-4,1449
143898,1-2-6,17.9
143898,2-1-6,78.9
143898,3-1-6,166.1
143898,4-1-6,186.6
143898,5-1-6,99.6
143898,6-1-5,881
143898,1-3-2,13.2
143898,2-3-1,171.9
143898,3-2-1,258.6
143898,4-2-1,296
143898,5-2-1,193.9
143898,6-2-1,1164
143898,1-3-4,19.5
143898,2-3-4,208.7
143898,3-2-4,507.1
143898,4-2-3,642.4
143898,5-2-3,549.7
143898,6-2-3,1957
143898,1-3-5,15.6
143898,2-3-5,210.9
143898,3-2-5,506.1
143898,4-2-5,413.3
143898,5-2-4,588.3
143898,6-2-4,1980
143898,1-3-6,33
143898,2-3-6,270.6
143898,3-2-6,711.5
143898,4-2-6,519.1
143898,5-2-6,354.2
143898,6-2-5,1479
143898,1-4-2,21.7
143898,2-4-1,206.5
143898,3-4-1,333.1
143898,4-3-1,502.5
143898,5-3-1,375.9
143898,6-3-1,1765
143898,1-4-3,32.8
143898,2-4-3,389.9
143898,3-4-2,594.6
143898,4-3-2,842.6
143898,5-3-2,849.7
143898,6-3-2,2779
143898,1-4-5,24.2
143898,2-4-5,331.8
143898,3-4-5,489.3
143898,4-3-5,677
143898,5-3-4,1048
143898,6-3-4,2748
143898,1-4-6,35.5
143898,2-4-6,483.7
143898,3-4-6,685.3
143898,4-3-6,777.5
143898,5-3-6,801
143898,6-3-5,2734
143898,1-5-2,18.8
143898,2-5-1,195.8
143898,3-5-1,289.7
143898,4-5-1,131.6
143898,5-4-1,210.1
143898,6-4-1,1965
143898,1-5-3,29.1
143898,2-5-3,465.3
143898,3-5-2,600.3
143898,4-5-2,249.9
143898,5-4-2,437.4
143898,6-4-2,2418
143898,1-5-4,30
143898,2-5-4,466.2
143898,3-5-4,621
143898,4-5-3,403
143898,5-4-3,642.4
143898,6-4-3,3012
143898,1-5-6,27.2
143898,2-5-6,418.5
143898,3-5-6,589.7
143898,4-5-6,153.2
143898,5-4-6,262.1
143898,6-4-5,1022
143898,1-6-2,77.8
143898,2-6-1,533.4
143898,3-6-1,834.2
143898,4-6-1,378.2
143898,5-6-1,228.7
143898,6-5-1,963.7
143898,1-6-3,104.6
143898,2-6-3,1172
143898,3-6-2,1529
143898,4-6-2,582.2
143898,5-6-2,355.7
143898,6-5-2,1330
143898,1-6-4,106.5
143898,2-6-4,914.6
143898,3-6-4,1337
143898,4-6-3,826
143898,5-6-3,587
143898,6-5-3,2122
143898,1-6-5,69.7
143898,2-6-5,761
143898,3-6-5,1018
143898,4-6-5,304.8
143898,5-6-4,372.3
143898,6-5-4,895.1
143899,1-2-3,9
143899,2-1-3,86.6
143899,3-1-2,50.3
143899,4-1-2,127.3
143899,5-1-2,243.5
143899,6-1-2,885
143899,1-2-4,14.5
143899,2-1-4,114.2
143899,3-1-4,34.1
143899,4-1-3,107.1
143899,5-1-3,203
143899,6-1-3,593.1
143899,1-2-5,23.5
143899,2-1-5,164.5
143899,3-1-5,44.3
143899,4-1-5,129.1
143899,5-1-4,268.1
143899,6-1-4,731.6
143899,1-2-6,29.4
143899,2-1-6,220.6
143899,3-1-6,79.1
143899,4-1-6,166.9
143899,5-1-6,332.4
143899,6-1-5,1035
143899,1-3-2,8.7
143899,2-3-1,179
143899,3-2-1,135.6
143899,4-2-1,335
143899,5-2-1,629.9
143899,6-2-1,2042
143899,1-3-4,8
143899,2-3-4,368.2
143899,3-2-4,178.5
143899,4-2-3,512.6
143899,5-2-3,826.3
143899,6-2-3,2067
143899,1-3-5,11.2
143899,2-3-5,509.4
143899,3-2-5,215.4
143899,4-2-5,456.2
143899,5-2-4,824.9
143899,6-2-4,2339
143899,1-3-6,19.7
143899,2-3-6,653.8
143899,3-2-6,357.6
143899,4-2-6,574.7
143899,5-2-6,1092
143899,6-2-5,2896
143899,1-4-2,20.2
143899,2-4-1,292.7
143899,3-4-1,68.2
143899,4-3-1,200.5
143899,5-3-1,373.2
143899,6-3-1,956.3
143899,1-4-3,16.2
143899,2-4-3,455
143899,3-4-2,152
143899,4-3-2,413.8
143899,5-3-2,570.7
143899,6-3-2,1953
143899,1-4-5,27.2
143899,2-4-5,576.6
143899,3-4-5,87.4
143899,4-3-5,258.4
143899,5-3-4,504.3
143899,6-3-4,1212
143899,1-4-6,26
143899,2-4-6,730.5
143899,3-4-6,145
143899,4-3-6,303.2
143899,5-3-6,539.8
143899,6-3-5,1866
143899,1-5-2,38.1
143899,2-5-1,563
143899,3-5-1,115.8
143899,4-5-1,235.3
143899,5-4-1,521.2
143899,6-4-1,1297
143899,1-5-3,27.7
143899,2-5-3,847.3
143899,3-5-2,211.3
143899,4-5-2,430.6
143899,5-4-2,752.6
143899,6-4-2,2407
143899,1-5-4,45.2
143899,2-5-4,812.8
143899,3-5-4,128.9
143899,4-5-3,396.3
143899,5-4-3,722.1
143899,6-4-3,1700
143899,1-5-6,50.8
143899,2-5-6,1129
143899,3-5-6,211.2
143899,4-5-6,319.8
143899,5-4-6,771.3
143899,6-4-5,2195
143899,1-6-2,82.5
143899,2-6-1,1127
143899,3-6-1,400.5
143899,4-6-1,469.6
143899,5-6-1,819.5
143899,6-5-1,1779
143899,1-6-3,74.4
143899,2-6-3,1612
143899,3-6-2,877.2
143899,4-6-2,802.3
143899,5-6-2,1465
143899,6-5-2,2581
143899,1-6-4,76.9
143899,2-6-4,1209
143899,3-6-4,535.7
143899,4-6-3,713.8
143899,5-6-3,1092
143899,6-5-3,2418
143899,1-6-5,121.6
143899,2-6-5,1894
143899,3-6-5,534.6
143899,4-6-5,548.7
143899,5-6-4,1294
143899,6-5-4,2175
143900,1-2-3,7
143900,2-1-3,22
143900,3-1-2,66.9
143900,4-1-2,198.8
143900,5-1-2,153.4
143900,6-1-2,297.2
143900,1-2-4,11.3
143900,2-1-4,43.1
143900,3-1-4,73.6
143900,4-1-3,244.4
143900,5-1-3,192.1
143900,6-1-3,352.4
143900,1-2-5,16.5
143900,2-1-5,51.7
143900,3-1-5,84.4
143900,4-1-5,247.8
143900,5-1-4,282.8
143900,6-1-4,527.1
143900,1-2-6,15.1
143900,2-1-6,39.6
143900,3-1-6,69.1
143900,4-1-6,191.8
143900,5-1-6,132
143900,6-1-5,457.2
143900,1-3-2,9.4
143900,2-3-1,79
143900,3-2-1,147.5
143900,4-2-1,398.1
143900,5-2-1,316.2
143900,6-2-1,492.9
143900,1-3-4,13
143900,2-3-4,181.8
143900,3-2-4,285.3
143900,4-2-3,731.4
143900,5-2-3,637.8
143900,6-2-3,943.5
143900,1-3-5,18.2
143900,2-3-5,255.9
143900,3-2-5,362.4
143900,4-2-5,742.5
143900,5-2-4,785.5
143900,6-2-4,1224
143900,1-3-6,14.4
143900,2-3-6,190
143900,3-2-6,264.9
143900,4-2-6,787.4
143900,5-2-6,391.7
143900,6-2-5,1172
143900,1-4-2,27.6
143900,2-4-1,202.1
143900,3-4-1,218.9
143900,4-3-1,473.8
143900,5-3-1,523.2
143900,6-3-1,619.8
143900,1-4-3,30.1
143900,2-4-3,357.9
143900,3-4-2,373
143900,4-3-2,823
143900,5-3-2,916.4
143900,6-3-2,1141
143900,1-4-5,49.7
143900,2-4-5,492.5
143900,3-4-5,431.2
143900,4-3-5,963.5
143900,5-3-4,1176
143900,6-3-4,1198
143900,1-4-6,37.1
143900,2-4-6,353.3
143900,3-4-6,311.9
143900,4-3-6,663.7
143900,5-3-6,660.2
143900,6-3-5,1351
143900,1-5-2,34
143900,2-5-1,204.1
143900,3-5-1,295.7
143900,4-5-1,404.2
143900,5-4-1,635.3
143900,6-4-1,1006
143900,1-5-3,39.2
143900,2-5-3,392.5
143900,3-5-2,519.8
143900,4-5-2,592.2
143900,5-4-2,768.4
143900,6-4-2,1504
143900,1-5-4,71.7
143900,2-5-4,565.4
143900,3-5-4,584.6
143900,4-5-3,795.3
143900,5-4-3,1117
143900,6-4-3,1255
143900,1-5-6,41.6
143900,2-5-6,336.9
143900,3-5-6,376.3
143900,4-5-6,415.8
143900,5-4-6,598.9
143900,6-4-5,1170
143900,1-6-2,57.1
143900,2-6-1,235.3
143900,3-6-1,329.2
143900,4-6-1,546.1
143900,5-6-1,304.7
143900,6-5-1,670
143900,1-6-3,49
143900,2-6-3,400.9
143900,3-6-2,497.1
143900,4-6-2,1047
143900,5-6-2,413.3
143900,6-5-2,1212
143900,1-6-4,86.3
143900,2-6-4,588.4
143900,3-6-4,546.5
143900,4-6-3,835.9
143900,5-6-3,541
143900,6-5-3,1203
143900,1-6-5,83
143900,2-6-5,576.1
143900,3-6-5,650.1
143900,4-6-5,670
143900,5-6-4,615.6
143900,6-5-4,1066
143901,1-2-3,10.5
143901,2-1-3,52.6
143901,3-1-2,57.1
143901,4-1-2,87.1
143901,5-1-2,42.1
143901,6-1-2,156.2
143901,1-2-4,11.2
143901,2-1-4,53
143901,3-1-4,58.3
143901,4-1-3,140.8
143901,5-1-3,50.3
143901,6-1-3,190.8
143901,1-2-5,46.1
143901,2-1-5,146.7
143901,3-1-5,174.5
143901,4-1-5,174
143901,5-1-4,59
143901,6-1-4,181.3
143901,1-2-6,23.2
143901,2-1-6,74.2
143901,3-1-6,82.3
143901,4-1-6,100.8
143901,5-1-6,61.2
143901,6-1-5,285
143901,1-3-2,13.4
143901,2-3-1,136.4
143901,3-2-1,135.6
143901,4-2-1,176.9
143901,5-2-1,68.6
143901,6-2-1,308.5
143901,1-3-4,12.7
143901,2-3-4,211.5
143901,3-2-4,218.6
143901,4-2-3,328
143901,5-2-3,99.2
143901,6-2-3,506
143901,1-3-5,43.3
143901,2-3-5,458.8
143901,3-2-5,495.4
143901,4-2-5,391.8
143901,5-2-4,102.7
143901,6-2-4,445.3
143901,1-3-6,20.9
143901,2-3-6,328
143901,3-2-6,299.8
143901,4-2-6,264.2
143901,5-2-6,111.9
143901,6-2-5,569.8
143901,1-4-2,16.2
143901,2-4-1,156.5
143901,3-4-1,175.5
143901,4-3-1,334
143901,5-3-1,104.8
143901,6-3-1,379.9
143901,1-4-3,21.8
143901,2-4-3,274
143901,3-4-2,300.2
143901,4-3-2,425.2
143901,5-3-2,138.7
143901,6-3-2,608.2
143901,1-4-5,53.1
143901,2-4-5,482.3
143901,3-4-5,578.9
143901,4-3-5,709.7
143901,5-3-4,161.7
143901,6-3-4,576.6
143901,1-4-6,22.8
143901,2-4-6,269.5
143901,3-4-6,323.3
143901,4-3-6,468.7
143901,5-3-6,155.8
143901,6-3-5,744
143901,1-5-2,68.6
143901,2-5-1,327.6
143901,3-5-1,401.5
143901,4-5-1,257.3
143901,5-4-1,112
143901,6-4-1,319.3
143901,1-5-3,75.4
143901,2-5-3,504
143901,3-5-2,587.8
143901,4-5-2,365.6
143901,5-4-2,144.5
143901,6-4-2,470.7
143901,1-5-4,83.5
143901,2-5-4,461.7
143901,3-5-4,690.6
143901,4-5-3,597
143901,5-4-3,174.5
143901,6-4-3,628.7
143901,1-5-6,87.7
143901,2-5-6,535
143901,3-5-6,622
143901,4-5-6,308
143901,5-4-6,134.5
143901,6-4-5,495.1
143901,1-6-2,40.9
143901,2-6-1,252
143901,3-6-1,247.9
143901,4-6-1,164.1
143901,5-6-1,107.3
143901,6-5-1,354.5
143901,1-6-3,42.8
143901,2-6-3,456.7
143901,3-6-2,462.7
143901,4-6-2,238.7
143901,5-6-2,140.7
143901,6-5-2,506.3
143901,1-6-4,45.7
143901,2-6-4,367.4
143901,3-6-4,418.7
143901,4-6-3,361.1
143901,5-6-3,156
143901,6-5-3,593
143901,1-6-5,108.2
143901,2-6-5,600.7
143901,3-6-5,679.9
143901,4-6-5,291.5
143901,5-6-4,141
143901,6-5-4,462.2
143902,1-2-3,11.2
143902,2-1-3,107.5
143902,3-1-2,89.2
143902,4-1-2,251.7
143902,5-1-2,352.3
143902,6-1-2,359.7
143902,1-2-4,16.1
143902,2-1-4,138.6
143902,3-1-4,55.6
143902,4-1-3,209.8
143902,5-1-3,292
143902,6-1-3,213.7
143902,1-2-5,28.8
143902,2-1-5,202.5
143902,3-1-5,75.1
143902,4-1-5,184.3
143902,5-1-4,358.2
143902,6-1-4,327.9
143902,1-2-6,19.9
143902,2-1-6,152.9
143902,3-1-6,54.1
143902,4-1-6,139
143902,5-1-6,229.5
143902,6-1-5,392.5
143902,1-3-2,10.7
143902,2-3-1,248.3
143902,3-2-1,252.5
143902,4-2-1,590
143902,5-2-1,868.2
143902,6-2-1,889.1
143902,1-3-4,7.2
143902,2-3-4,502.4
143902,3-2-4,500.3
143902,4-2-3,1047
143902,5-2-3,1655
143902,6-2-3,1758
143902,1-3-5,14.3
143902,2-3-5,717.7
143902,3-2-5,644.9
143902,4-2-5,1087
143902,5-2-4,1814
143902,6-2-4,1715
143902,1-3-6,8.5
143902,2-3-6,639.1
143902,3-2-6,579.2
143902,4-2-6,748.6
143902,5-2-6,1195
143902,6-2-5,1987
143902,1-4-2,22.4
143902,2-4-1,463.1
143902,3-4-1,187.1
143902,4-3-1,355.8
143902,5-3-1,657.9
143902,6-3-1,423.5
143902,1-4-3,15.6
143902,2-4-3,748.6
143902,3-4-2,472.1
143902,4-3-2,996.1
143902,5-3-2,1685
143902,6-3-2,1695
143902,1-4-5,27.2
143902,2-4-5,1076
143902,3-4-5,408.9
143902,4-3-5,782.2
143902,5-3-4,1293
143902,6-3-4,926.8
143902,1-4-6,17
143902,2-4-6,751.2
143902,3-4-6,291.6
143902,4-3-6,567.3
143902,5-3-6,962.3
143902,6-3-5,1297
143902,1-5-2,46.6
143902,2-5-1,717.7
143902,3-5-1,343.9
143902,4-5-1,302.3
143902,5-4-1,586.4
143902,6-4-1,595
143902,1-5-3,33
143902,2-5-3,1355
143902,3-5-2,891.9
143902,4-5-2,643.5
143902,5-4-2,1299
143902,6-4-2,1407
143902,1-5-4,45.3
143902,2-5-4,1353
143902,3-5-4,648.4
143902,4-5-3,850.9
143902,5-4-3,1465
143902,6-4-3,1153
143902,1-5-6,34.2
143902,2-5-6,1135
143902,3-5-6,507.5
143902,4-5-6,284.8
143902,5-4-6,597.5
143902,6-4-5,1295
143902,1-6-2,44.3
143902,2-6-1,665.6
143902,3-6-1,203.5
143902,4-6-1,239.2
143902,5-6-1,395.4
143902,6-5-1,669.2
143902,1-6-3,27.6
143902,2-6-3,1278
143902,3-6-2,848.4
143902,4-6-2,567.6
143902,5-6-2,1001
143902,6-5-2,1662
143902,1-6-4,34.6
143902,2-6-4,1026
143902,3-6-4,459.1
143902,4-6-3,562.4
143902,5-6-3,841.7
143902,6-5-3,1253
143902,1-6-5,49.2
143902,2-6-5,1400
143902,3-6-5,647.9
143902,4-6-5,348.5
143902,5-6-4,614.3
143902,6-5-4,1072
143903,1-2-3,6.7
143903,2-1-3,103.5
143903,3-1-2,45.8
143903,4-1-2,173.1
143903,5-1-2,440.4
143903,6-1-2,974.8
143903,1-2-4,14.4
143903,2-1-4,173.5
143903,3-1-4,35.7
143903,4-1-3,151.4
143903,5-1-3,388.6
143903,6-1-3,788.2
143903,1-2-5,29.3
143903,2-1-5,282.8
143903,3-1-5,60.7
143903,4-1-5,176.4
143903,5-1-4,422.8
143903,6-1-4,1186
143903,1-2-6,21.9
143903,2-1-6,258.3
143903,3-1-6,55.6
143903,4-1-6,185.3
143903,5-1-6,430.6
143903,6-1-5,1364
143903,1-3-2,6.4
143903,2-3-1,194.1
143903,3-2-1,156.4
143903,4-2-1,455.2
143903,5-2-1,882.2
143903,6-2-1,1822
143903,1-3-4,5.9
143903,2-3-4,514
143903,3-2-4,342.3
143903,4-2-3,823.2
143903,5-2-3,1342
143903,6-2-3,2854
143903,1-3-5,15.3
143903,2-3-5,865.8
143903,3-2-5,649.3
143903,4-2-5,972.5
143903,5-2-4,1578
143903,6-2-4,2955
143903,1-3-6,11.5
143903,2-3-6,800.3
143903,3-2-6,544.5
143903,4-2-6,826.4
143903,5-2-6,1454
143903,6-2-5,3684
143903,1-4-2,22
143903,2-4-1,476.3
143903,3-4-1,122.4
143903,4-3-1,280.8
143903,5-3-1,738.2
143903,6-3-1,1150
143903,1-4-3,15.9
143903,2-4-3,734.9
143903,3-4-2,278.6
143903,4-3-2,701.6
143903,5-3-2,1382
143903,6-3-2,2698
143903,1-4-5,33.8
143903,2-4-5,1298
143903,3-4-5,300.6
143903,4-3-5,594.8
143903,5-3-4,1400
143903,6-3-4,1918
143903,1-4-6,26.1
143903,2-4-6,1124
143903,3-4-6,263.8
143903,4-3-6,568.1
143903,5-3-6,1738
143903,6-3-5,3120
143903,1-5-2,55.3
143903,2-5-1,908.1
143903,3-5-1,293.6
143903,4-5-1,300.1
143903,5-4-1,715.4
143903,6-4-1,1717
143903,1-5-3,42.6
143903,2-5-3,1439
143903,3-5-2,682.2
143903,4-5-2,628.3
143903,5-4-2,1501
143903,6-4-2,3019
143903,1-5-4,67.8
143903,2-5-4,1724
143903,3-5-4,518.2
143903,4-5-3,618.1
143903,5-4-3,1364
143903,6-4-3,2248
143903,1-5-6,58.7
143903,2-5-6,1838
143903,3-5-6,547.3
143903,4-5-6,347.6
143903,5-4-6,978.2
143903,6-4-5,2844
143903,1-6-2,75.3
143903,2-6-1,1290
143903,3-6-1,370.2
143903,4-6-1,450.3
143903,5-6-1,1028
143903,6-5-1,1659
143903,1-6-3,55.1
143903,2-6-3,2096
143903,3-6-2,1001
143903,4-6-2,847.4
143903,5-6-2,1842
143903,6-5-2,3750
143903,1-6-4,84.1
143903,2-6-4,2030
143903,3-6-4,624.6
143903,4-6-3,716.6
143903,5-6-3,1826
143903,6-5-3,3241
143903,1-6-5,115
143903,2-6-5,2452
143903,3-6-5,950.4
143903,4-6-5,579.6
143903,5-6-4,1498
143903,6-5-4,2904
143904,1-2-3,10.9
143904,2-1-3,98.8
143904,3-1-2,189.3
143904,4-1-2,46.6
143904,5-1-2,218.9
143904,6-1-2,460.6
143904,1-2-4,7.5
143904,2-1-4,72.8
143904,3-1-4,137.1
143904,4-1-3,61.9
143904,5-1-3,295.1
143904,6-1-3,843.3
143904,1-2-5,21.5
143904,2-1-5,141
143904,3-1-5,214.3
143904,4-1-5,37.1
143904,5-1-4,145.5
143904,6-1-4,587.8
143904,1-2-6,21.3
143904,2-1-6,142.1
143904,3-1-6,357.6
143904,4-1-6,54.4
143904,5-1-6,218.3
143904,6-1-5,861.3
143904,1-3-2,18.3
143904,2-3-1,319
143904,3-2-1,423.7
143904,4-2-1,139.7
143904,5-2-1,500.9
143904,6-2-1,720.2
143904,1-3-4,14.4
143904,2-3-4,434
143904,3-2-4,614
143904,4-2-3,302.9
143904,5-2-3,1016
143904,6-2-3,2057
143904,1-3-5,25.6
143904,2-3-5,745.1
143904,3-2-5,975.8
143904,4-2-5,205.5
143904,5-2-4,540.6
143904,6-2-4,1329
143904,1-3-6,39
143904,2-3-6,1069
143904,3-2-6,1256
143904,4-2-6,250.3
143904,5-2-6,742.9
143904,6-2-5,1993
143904,1-4-2,9.9
143904,2-4-1,186.1
143904,3-4-1,253.7
143904,4-3-1,198.9
143904,5-3-1,741.2
143904,6-3-1,1948
143904,1-4-3,12.9
143904,2-4-3,377.6
143904,3-4-2,460.6
143904,4-3-2,360.5
143904,5-3-2,1241
143904,6-3-2,2943
143904,1-4-5,12.8
143904,2-4-5,382.2
143904,3-4-5,251.3
143904,4-3-5,190.4
143904,5-3-4,426.1
143904,6-3-4,1817
143904,1-4-6,19.2
143904,2-4-6,458.9
143904,3-4-6,534.3
143904,4-3-6,380
143904,5-3-6,1266
143904,6-3-5,2884
143904,1-5-2,40.1
143904,2-5-1,502.1
143904,3-5-1,602.6
143904,4-5-1,57
143904,5-4-1,160.7
143904,6-4-1,843.3
143904,1-5-3,46.2
143904,2-5-3,848.9
143904,3-5-2,956.3
143904,4-5-2,122.1
143904,5-4-2,310.4
143904,6-4-2,1221
143904,1-5-4,28.6
143904,2-5-4,604
143904,3-5-4,391.2
143904,4-5-3,131.6
143904,5-4-3,302
143904,6-4-3,1540
143904,1-5-6,49.9
143904,2-5-6,913.1
143904,3-5-6,1157
143904,4-5-6,74.4
143904,5-4-6,218.1
143904,6-4-5,882.5
143904,1-6-2,73.7
143904,2-6-1,571.7
143904,3-6-1,1108
143904,4-6-1,141.5
143904,5-6-1,512.5
143904,6-5-1,1396
143904,1-6-3,101.3
143904,2-6-3,1532
143904,3-6-2,1817
143904,4-6-2,296.2
143904,5-6-2,889.8
143904,6-5-2,2204
143904,1-6-4,65.6
143904,2-6-4,952.1
143904,3-6-4,1169
143904,4-6-3,383.5
143904,5-6-3,1171
143904,6-5-3,2461
143904,1-6-5,98.8
143904,2-6-5,1434
143904,3-6-5,1650
143904,4-6-5,161.5
143904,5-6-4,455.9
143904,6-5-4,1029
143905,1-2-3,9.3
143905,2-1-3,39.3
143905,3-1-2,19.2
143905,4-1-2,242.2
143905,5-1-2,166.7
143905,6-1-2,1461
143905,1-2-4,22.1
143905,2-1-4,78.7
143905,3-1-4,27.8
143905,4-1-3,183.5
143905,5-1-3,106.1
143905,6-1-3,1062
143905,1-2-5,20.7
143905,2-1-5,63.1
143905,3-1-5,20.1
143905,4-1-5,176.8
143905,5-1-4,245.5
143905,6-1-4,1847
143905,1-2-6,57.2
143905,2-1-6,132.5
143905,3-1-6,36.7
143905,4-1-6,344.4
143905,5-1-6,262.5
143905,6-1-5,1611
143905,1-3-2,8.4
143905,2-3-1,60.6
143905,3-2-1,50.5
143905,4-2-1,447.2
143905,5-2-1,327.1
143905,6-2-1,2722
143905,1-3-4,12.5
143905,2-3-4,143.5
143905,3-2-4,109.8
143905,4-2-3,525.6
143905,5-2-3,323.4
143905,6-2-3,3172
143905,1-3-5,8.5
143905,2-3-5,92.6
143905,3-2-5,66.2
143905,4-2-5,529.4
143905,5-2-4,697.7
143905,6-2-4,3881
143905,1-3-6,30.4
143905,2-3-6,230.1
143905,3-2-6,149.3
143905,4-2-6,888.3
143905,5-2-6,719.2
143905,6-2-5,3963
143905,1-4-2,38.1
143905,2-4-1,261.4
143905,3-4-1,95.5
143905,4-3-1,257.9
143905,5-3-1,163
143905,6-3-1,1602
143905,1-4-3,33.3
143905,2-4-3,330.1
143905,3-4-2,151.4
143905,4-3-2,450.2
143905,5-3-2,257.8
143905,6-3-2,2780
143905,1-4-5,48.1
143905,2-4-5,403.2
143905,3-4-5,89
143905,4-3-5,248
143905,5-3-4,344
143905,6-3-4,2556
143905,1-4-6,86.1
143905,2-4-6,659.2
143905,3-4-6,155.7
143905,4-3-6,513.2
143905,5-3-6,383.8
143905,6-3-5,2256
143905,1-5-2,34.9
143905,2-5-1,208.7
143905,3-5-1,56
143905,4-5-1,226.1
143905,5-4-1,484
143905,6-4-1,3119
143905,1-5-3,23.5
143905,2-5-3,226.6
143905,3-5-2,84.6
143905,4-5-2,397.5
143905,5-4-2,694.7
143905,6-4-2,3916
143905,1-5-4,58
143905,2-5-4,486.7
143905,3-5-4,100.4
143905,4-5-3,287.8
143905,5-4-3,473.5
143905,6-4-3,3149
143905,1-5-6,87.5
143905,2-5-6,659.9
143905,3-5-6,147
143905,4-5-6,325.6
143905,5-4-6,601.7
143905,6-4-5,2141
143905,1-6-2,193.5
143905,2-6-1,731.3
143905,3-6-1,226.2
143905,4-6-1,842.4
143905,5-6-1,734.2
143905,6-5-1,2410
143905,1-6-3,146.6
143905,2-6-3,995.4
143905,3-6-2,392.4
143905,4-6-2,1289
143905,5-6-2,1161
143905,6-5-2,3858
143905,1-6-4,260.8
143905,2-6-4,1860
143905,3-6-4,378.5
143905,4-6-3,1136
143905,5-6-3,840.2
143905,6-5-3,2546
143905,1-6-5,251.1
143905,2-6-5,1445
143905,3-6-5,354.3
143905,4-6-5,645.5
143905,5-6-4,886.5
143905,6-5-4,2106
143906,1-2-3,8.1
143906,2-1-3,55.7
143906,3-1-2,62.2
143906,4-1-2,173.6
143906,5-1-2,87.1
143906,6-1-2,822.3
143906,1-2-4,14
143906,2-1-4,62.3
143906,3-1-4,73
143906,4-1-3,227.3
143906,5-1-3,98.1
143906,6-1-3,844.7
143906,1-2-5,12.2
143906,2-1-5,61.6
143906,3-1-5,56.5
143906,4-1-5,84.5
143906,5-1-4,80.7
143906,6-1-4,1226
143906,1-2-6,25.9
143906,2-1-6,107.6
143906,3-1-6,94.9
143906,4-1-6,152.8
143906,5-1-6,91.1
143906,6-1-5,930.3
143906,1-3-2,13.1
143906,2-3-1,141.2
143906,3-2-1,158.2
143906,4-2-1,298.8
143906,5-2-1,186
143906,6-2-1,1310
143906,1-3-4,14.5
143906,2-3-4,252.6
143906,3-2-4,313.1
143906,4-2-3,609.1
143906,5-2-3,326.5
143906,6-2-3,2080
143906,1-3-5,11.1
143906,2-3-5,234.6
143906,3-2-5,264.8
143906,4-2-5,170.4
143906,5-2-4,321.4
143906,6-2-4,2184
143906,1-3-6,27.6
143906,2-3-6,391.3
143906,3-2-6,339
143906,4-2-6,273.9
143906,5-2-6,389.9
143906,6-2-5,2071
143906,1-4-2,28
143906,2-4-1,191.3
143906,3-4-1,206.9
143906,4-3-1,403.7
143906,5-3-1,232
143906,6-3-1,1224
143906,1-4-3,29.9
143906,2-4-3,370.3
143906,3-4-2,366.4
143906,4-3-2,688.7
143906,5-3-2,433.3
143906,6-3-2,2051
143906,1-4-5,27.9
143906,2-4-5,300.1
143906,3-4-5,250.2
143906,4-3-5,480.3
143906,5-3-4,483.1
143906,6-3-4,2060
143906,1-4-6,51.4
143906,2-4-6,548.1
143906,3-4-6,420.2
143906,4-3-6,681.4
143906,5-3-6,512
143906,6-3-5,1895
143906,1-5-2,20.2
143906,2-5-1,174.2
143906,3-5-1,151.5
143906,4-5-1,87.5
143906,5-4-1,116.8
143906,6-4-1,1978
143906,1-5-3,19.8
143906,2-5-3,309.9
143906,3-5-2,252.1
143906,4-5-2,125.1
143906,5-4-2,156.5
143906,6-4-2,2080
143906,1-5-4,34.9
143906,2-5-4,352.9
143906,3-5-4,289.7
143906,4-5-3,329.4
143906,5-4-3,356.9
143906,6-4-3,2695
143906,1-5-6,41.7
143906,2-5-6,467.9
143906,3-5-6,329.2
143906,4-5-6,116.6
143906,5-4-6,151.3
143906,6-4-5,1669
143906,1-6-2,73.5
143906,2-6-1,498.2
143906,3-6-1,402.8
143906,4-6-1,256.2
143906,5-6-1,355.3
143906,6-5-1,1167
143906,1-6-3,96.9
143906,2-6-3,941.5
143906,3-6-2,638.7
143906,4-6-2,330.9
143906,5-6-2,608.6
143906,6-5-2,1805
143906,1-6-4,138.4
143906,2-6-4,1081
143906,3-6-4,756.6
143906,4-6-3,381.9
143906,5-6-3,615.4
143906,6-5-3,1744
143906,1-6-5,116.8
143906,2-6-5,915.4
143906,3-6-5,624.7
143906,4-6-5,231.3
143906,5-6-4,503.2
143906,6-5-4,1368
143907,1-2-3,4.8
143907,2-1-3,29.8
143907,3-1-2,70.4
143907,4-1-2,146.4
143907,5-1-2,387.8
143907,6-1-2,1622
143907,1-2-4,6.6
143907,2-1-4,37.4
143907,3-1-4,84.8
143907,4-1-3,228.7
143907,5-1-3,466.2
143907,6-1-3,1934
143907,1-2-5,15.5
143907,2-1-5,69.1
143907,3-1-5,121.3
143907,4-1-5,242.5
143907,5-1-4,552.1
143907,6-1-4,2359
143907,1-2-6,32.5
143907,2-1-6,141
143907,3-1-6,228.8
143907,4-1-6,397.3
143907,5-1-6,758.2
143907,6-1-5,3024
143907,1-3-2,6.8
143907,2-3-1,72.8
143907,3-2-1,126.5
143907,4-2-1,270.3
143907,5-2-1,723.1
143907,6-2-1,2671
143907,1-3-4,9.9
143907,2-3-4,124.3
143907,3-2-4,203.8
143907,4-2-3,459.4
143907,5-2-3,1273
143907,6-2-3,4111
143907,1-3-5,16
143907,2-3-5,194
143907,3-2-5,298
143907,4-2-5,570.3
143907,5-2-4,1318
143907,6-2-4,3323
143907,1-3-6,42.7
143907,2-3-6,355.3
143907,3-2-6,506.7
143907,4-2-6,910.9
143907,5-2-6,1573
143907,6-2-5,4536
143907,1-4-2,14.2
143907,2-4-1,133.7
143907,3-4-1,274.9
143907,4-3-1,483.8
143907,5-3-1,963.1
143907,6-3-1,3059
143907,1-4-3,20.9
143907,2-4-3,208.8
143907,3-4-2,334.1
143907,4-3-2,599.7
143907,5-3-2,1550
143907,6-3-2,5192
143907,1-4-5,31.5
143907,2-4-5,303
143907,3-4-5,489.3
143907,4-3-5,966.7
143907,5-3-4,1929
143907,6-3-4,4857
143907,1-4-6,60.5
143907,2-4-6,483.5
143907,3-4-6,871.7
143907,4-3-6,1581
143907,5-3-6,2918
143907,6-3-5,5719
143907,1-5-2,30.9
143907,2-5-1,312.6
143907,3-5-1,457.7
143907,4-5-1,465.1
143907,5-4-1,961.4
143907,6-4-1,3697
143907,1-5-3,37.2
143907,2-5-3,542.3
143907,3-5-2,686
143907,4-5-2,635
143907,5-4-2,1305
143907,6-4-2,3484
143907,1-5-4,60.2
143907,2-5-4,577.6
143907,3-5-4,764.8
143907,4-5-3,938.5
143907,5-4-3,1822
143907,6-4-3,4887
143907,1-5-6,109.9
143907,2-5-6,890.3
143907,3-5-6,1282
143907,4-5-6,790.1
143907,5-4-6,1714
143907,6-4-5,4589
143907,1-6-2,153.8
143907,2-6-1,797.2
143907,3-6-1,1506
143907,4-6-1,1258
143907,5-6-1,2274
143907,6-5-1,3531
143907,1-6-3,209
143907,2-6-3,1426
143907,3-6-2,2016
143907,4-6-2,1513
143907,5-6-2,3132
143907,6-5-2,5027
143907,1-6-4,216.2
143907,2-6-4,1226
143907,3-6-4,2047
143907,4-6-3,2210
143907,5-6-3,3169
143907,6-5-3,5227
143907,1-6-5,260.5
143907,2-6-5,1552
143907,3-6-5,2349
143907,4-6-5,1375
143907,5-6-4,2755
143907,6-5-4,4089
143908,1-2-3,5
143908,2-1-3,53
143908,3-1-2,27.9
143908,4-1-2,279.8
143908,5-1-2,316.9
143908,6-1-2,722.4
143908,1-2-4,17.4
143908,2-1-4,154.1
143908,3-1-4,42.1
143908,4-1-3,232
143908,5-1-3,240
143908,6-1-3,539.4
143908,1-2-5,24.3
143908,2-1-5,200.3
143908,3-1-5,52.4
143908,4-1-5,348.4
143908,5-1-4,474.3
143908,6-1-4,1233
143908,1-2-6,29.1
143908,2-1-6,223.4
143908,3-1-6,62.3
143908,4-1-6,411.8
143908,5-1-6,379.2
143908,6-1-5,1053
143908,1-3-2,5.1
143908,2-3-1,79.8
143908,3-2-1,64.7
143908,4-2-1,572.3
143908,5-2-1,670.4
143908,6-2-1,1339
143908,1-3-4,8
143908,2-3-4,321.7
143908,3-2-4,237.5
143908,4-2-3,716.5
143908,5-2-3,909
143908,6-2-3,1582
143908,1-3-5,11.9
143908,2-3-5,466.7
143908,3-2-5,331.2
143908,4-2-5,1099
143908,5-2-4,1310
143908,6-2-4,2158
143908,1-3-6,15.7
143908,2-3-6,533.7
143908,3-2-6,372.8
143908,4-2-6,1112
143908,5-2-6,1081
143908,6-2-5,2342
143908,1-4-2,29.3
143908,2-4-1,424
143908,3-4-1,149.8
143908,4-3-1,369.7
143908,5-3-1,393.6
143908,6-3-1,748.6
143908,1-4-3,24.4
143908,2-4-3,593.5
143908,3-4-2,273.5
143908,4-3-2,729.3
143908,5-3-2,918.9
143908,6-3-2,1685
143908,1-4-5,49.3
143908,2-4-5,957.1
143908,3-4-5,344.9
143908,4-3-5,900.1
143908,5-3-4,1056
143908,6-3-4,1787
143908,1-4-6,55.1
143908,2-4-6,938.8
143908,3-4-6,371.9
143908,4-3-6,1009
143908,5-3-6,1017
143908,6-3-5,1887
143908,1-5-2,42.5
143908,2-5-1,636.3
143908,3-5-1,212.4
143908,4-5-1,570.6
143908,5-4-1,818.9
143908,6-4-1,2000
143908,1-5-3,33.4
143908,2-5-3,845.3
143908,3-5-2,437.7
143908,4-5-2,963
143908,5-4-2,1403
143908,6-4-2,2260
143908,1-5-4,68.4
143908,2-5-4,1300
143908,3-5-4,484.1
143908,4-5-3,903.1
143908,5-4-3,1227
143908,6-4-3,2357
143908,1-5-6,65.4
143908,2-5-6,1307
143908,3-5-6,441.4
143908,4-5-6,740.3
143908,5-4-6,1151
143908,6-4-5,2283
143908,1-6-2,92.9
143908,2-6-1,878.3
143908,3-6-1,293
143908,4-6-1,877.9
143908,5-6-1,774.6
143908,6-5-1,1322
143908,1-6-3,72.1
143908,2-6-3,1121
143908,3-6-2,606.8
143908,4-6-2,1261
143908,5-6-2,1344
143908,6-5-2,2334
143908,1-6-4,129.6
143908,2-6-4,1428
143908,3-6-4,633.4
143908,4-6-3,1275
143908,5-6-3,1122
143908,6-5-3,1865
143908,1-6-5,132.9
143908,2-6-5,1657
143908,3-6-5,619.7
143908,4-6-5,1074
143908,5-6-4,1408
143908,6-5-4,2274
143849,1-2-3,10.7
143849,2-1-3,85.6
143849,3-1-2,24.2
143849,4-1-2,172.6
143849,5-1-2,1546
143849,6-1-2,124.8
143849,1-2-4,22.3
143849,2-1-4,129.7
143849,3-1-4,19.7
143849,4-1-3,143
143849,5-1-3,1973
143849,6-1-3,85.8
143849,1-2-5,243.4
143849,2-1-5,681.2
143849,3-1-5,193.3
143849,4-1-5,710.8
143849,5-1-4,2861
143849,6-1-4,205.8
143849,1-2-6,24.5
143849,2-1-6,128.8
143849,3-1-6,16.7
143849,4-1-6,179.9
143849,5-1-6,2661
143849,6-1-5,908.2
143849,1-3-2,6.5
143849,2-3-1,122.2
143849,3-2-1,64
143849,4-2-1,305.9
143849,5-2-1,2434
143849,6-2-1,248.7
143849,1-3-4,6.9
143849,2-3-4,210.7
143849,3-2-4,92.8
143849,4-2-3,338.5
143849,5-2-3,2043
143849,6-2-3,280.4
143849,1-3-5,184.5
143849,2-3-5,945.7
143849,3-2-5,577.9
143849,4-2-5,2119
143849,5-2-4,3467
143849,6-2-4,635.7
143849,1-3-6,7.7
143849,2-3-6,189.1
143849,3-2-6,82.5
143849,4-2-6,472.8
143849,5-2-6,3691
143849,6-2-5,1845
143849,1-4-2,38.4
143849,2-4-1,290.4
143849,3-4-1,46.4
143849,4-3-1,151.1
143849,5-3-1,2724
143849,6-3-1,102.8
143849,1-4-3,24.2
143849,2-4-3,342.6
143849,3-4-2,92.5
143849,4-3-2,232.1
143849,5-3-2,1939
143849,6-3-2,179
143849,1-4-5,359.8
143849,2-4-5,1788
143849,3-4-5,467.1
143849,4-3-5,1069
143849,5-3-4,3467
143849,6-3-4,229.3
143849,1-4-6,35
143849,2-4-6,474.8
143849,3-4-6,43.1
143849,4-3-6,163.9
143849,5-3-6,3178
143849,6-3-5,1192
143849,1-5-2,805.9
143849,2-5-1,1658
143849,3-5-1,894
143849,4-5-1,2080
143849,5-4-1,3814
143849,6-4-1,372.7
143849,1-5-3,534.7
143849,2-5-3,2007
143849,3-5-2,1412
143849,4-5-2,3946
143849,5-4-2,3093
143849,6-4-2,728.9
143849,1-5-4,866.9
143849,2-5-4,5449
143849,3-5-4,1486
143849,4-5-3,1907
143849,5-4-3,4238
143849,6-4-3,371.5
143849,1-5-6,978.1
143849,2-5-6,3093
143849,3-5-6,908.2
143849,4-5-6,1330
143849,5-4-6,3467
143849,6-4-5,1876
143849,1-6-2,35.6
143849,2-6-1,271.8
143849,3-6-1,37.8
143849,4-6-1,242.9
143849,5-6-1,2934
143849,6-5-1,1845
143849,1-6-3,22
143849,2-6-3,319.6
143849,3-6-2,75.2
143849,4-6-2,339.5
143849,5-6-2,3011
143849,6-5-2,3093
143849,1-6-4,49.8
143849,2-6-4,517.8
143849,3-6-4,52.7
143849,4-6-3,307.6
143849,5-6-3,3178
143849,6-5-3,2543
143849,1-6-5,395.9
143849,2-6-5,1486
143849,3-6-5,522.5
143849,4-6-5,1330
143849,5-6-4,3576
143849,6-5-4,2861
143850,1-2-3,48.9
143850,2-1-3,294.4
143850,3-1-2,170
143850,4-1-2,193.4
143850,5-1-2,42.7
143850,6-1-2,1707
143850,1-2-4,64.3
143850,2-1-4,463.3
143850,3-1-4,55.5
143850,4-1-3,106
143850,5-1-3,19.7
143850,6-1-3,1959
143850,1-2-5,29
143850,2-1-5,238.1
143850,3-1-5,29.3
143850,4-1-5,40.4
143850,5-1-4,26.1
143850,6-1-4,2779
143850,1-2-6,374.7
143850,2-1-6,2213
143850,3-1-6,459.7
143850,4-1-6,288
143850,5-1-6,72.8
143850,6-1-5,1127
143850,1-3-2,34.7
143850,2-3-1,528.9
143850,3-2-1,340.5
143850,4-2-1,528.9
143850,5-2-1,120.3
143850,6-2-1,2716
143850,1-3-4,14
143850,2-3-4,1232
143850,3-2-4,786.4
143850,4-2-3,771.2
143850,5-2-3,224.6
143850,6-2-3,2988
143850,1-3-5,6.5
143850,2-3-5,742.4
143850,3-2-5,447.7
143850,4-2-5,357.9
143850,5-2-4,297.3
143850,6-2-4,6291
143850,1-3-6,146.8
143850,2-3-6,2846
143850,3-2-6,1615
143850,4-2-6,1127
143850,5-2-6,487.9
143850,6-2-5,2656
143850,1-4-2,66.9
143850,2-4-1,807.6
143850,3-4-1,137.2
143850,4-3-1,166
143850,5-3-1,44.1
143850,6-3-1,3065
143850,1-4-3,32.4
143850,2-4-3,1343
143850,3-4-2,386.8
143850,4-3-2,513
143850,5-3-2,167.6
143850,6-3-2,3515
143850,1-4-5,15.7
143850,2-4-5,824.4
143850,3-4-5,101.1
143850,4-3-5,114
143850,5-3-4,76.4
143850,6-3-4,3415
143850,1-4-6,199.8
143850,2-4-6,3145
143850,3-4-6,569.2
143850,4-3-6,664.1
143850,5-3-6,245.9
143850,6-3-5,3415
143850,1-5-2,19.2
143850,2-5-1,332.9
143850,3-5-1,49.9
143850,4-5-1,30.6
143850,5-4-1,32.8
143850,6-4-1,3856
143850,1-5-3,7.1
143850,2-5-3,649.6
143850,3-5-2,208.6
143850,4-5-2,116.7
143850,5-4-2,124
143850,6-4-2,6641
143850,1-5-4,10.9
143850,2-5-4,786.4
143850,3-5-4,74.1
143850,4-5-3,64.2
143850,5-4-3,69.2
143850,6-4-3,3984
143850,1-5-6,51.7
143850,2-5-6,1811
143850,3-5-6,342.5
143850,4-5-6,85.3
143850,5-4-6,83.4
143850,6-4-5,1171
143850,1-6-2,524.2
143850,2-6-1,3515
143850,3-6-1,1328
143850,4-6-1,583.1
143850,5-6-1,198.5
143850,6-5-1,1127
143850,1-6-3,553.4
143850,2-6-3,3735
143850,3-6-2,2716
143850,4-6-2,1374
143850,5-6-2,498
143850,6-5-2,2213
143850,1-6-4,591.7
143850,2-6-4,5976
143850,3-6-4,1707
143850,4-6-3,1171
143850,5-6-3,489.9
143850,6-5-3,2779
143850,1-6-5,254.3
143850,2-6-5,3320
143850,3-6-5,1207
143850,4-6-5,356.8
143850,5-6-4,347.4
143850,6-5-4,1195
143851,1-2-3,10
143851,2-1-3,20.8
143851,3-1-2,17.4
143851,4-1-2,884.1
143851,5-1-2,156.4
143851,6-1-2,971
143851,1-2-4,68.4
143851,2-1-4,145.3
143851,3-1-4,59.5
143851,4-1-3,481.2
143851,5-1-3,103.2
143851,6-1-3,517.8
143851,1-2-5,20.9
143851,2-1-5,40.4
143851,3-1-5,14.3
143851,4-1-5,563.4
143851,5-1-4,329.5
143851,6-1-4,1875
143851,1-2-6,56.7
143851,2-1-6,102.4
143851,3-1-6,30.8
143851,4-1-6,1035
143851,5-1-6,198.8
143851,6-1-5,1169
143851,1-3-2,6.3
143851,2-3-1,32.2
143851,3-2-1,35
143851,4-2-1,1310
143851,5-2-1,278.1
143851,6-2-1,1489
143851,1-3-4,38.4
143851,2-3-4,164
143851,3-2-4,139.4
143851,4-2-3,1450
143851,5-2-3,273.2
143851,6-2-3,937.5
143851,1-3-5,8.1
143851,2-3-5,48
143851,3-2-5,37.8
143851,4-2-5,1489
143851,5-2-4,906.2
143851,6-2-4,2788
143851,1-3-6,21.1
143851,2-3-6,92.3
143851,3-2-6,74.4
143851,4-2-6,1812
143851,5-2-6,479
143851,6-2-5,1699
143851,1-4-2,173.1
143851,2-4-1,426.4
143851,3-4-1,127.4
143851,4-3-1,543.7
143851,5-3-1,112.9
143851,6-3-1,525.3
143851,1-4-3,122.3
143851,2-4-3,496.5
143851,3-4-2,250.5
143851,4-3-2,1235
143851,5-3-2,188.8
143851,6-3-2,937.5
143851,1-4-5,194.2
143851,2-4-5,715.4
143851,3-4-5,110.8
143851,4-3-5,805.5
143851,5-3-4,391.1
143851,6-3-4,2471
143851,1-4-6,226
143851,2-4-6,1087
143851,3-4-6,173.1
143851,4-3-6,1264
143851,5-3-6,215.7
143851,6-3-5,765.8
143851,1-5-2,43.7
143851,2-5-1,84.6
143851,3-5-1,32.9
143851,4-5-1,997.7
143851,5-4-1,1359
143851,6-4-1,3508
143851,1-5-3,29.6
143851,2-5-3,115.5
143851,3-5-2,48.1
143851,4-5-2,1673
143851,5-4-2,2219
143851,6-4-2,4182
143851,1-5-4,157.3
143851,2-5-4,405.7
143851,3-5-4,96
143851,4-5-3,811.5
143851,5-4-3,1469
143851,6-4-3,3020
143851,1-5-6,79.9
143851,2-5-6,290
143851,3-5-6,60.1
143851,4-5-6,921.6
143851,5-4-6,1310
143851,6-4-5,3508
143851,1-6-2,203.2
143851,2-6-1,404.2
143851,3-6-1,123
143851,4-6-1,1576
143851,5-6-1,572.3
143851,6-5-1,1754
143851,1-6-3,119.1
143851,2-6-3,344.1
143851,3-6-2,164.2
143851,4-6-2,2718
143851,5-6-2,788
143851,6-5-2,1907
143851,1-6-4,419.8
143851,2-6-4,1144
143851,3-6-4,353
143851,4-6-3,1812
143851,5-6-3,464.7
143851,6-5-3,1066
143851,1-6-5,237.9
143851,2-6-5,517.8
143851,3-6-5,131.8
143851,4-6-5,2364
143851,5-6-4,1098
143851,6-5-4,3020
143852,1-2-3,35.5
143852,2-1-3,199.9
143852,3-1-2,218.4
143852,4-1-2,99
143852,5-1-2,1444
143852,6-1-2,129.3
143852,1-2-4,13.6
143852,2-1-4,104
143852,3-1-4,76.7
143852,4-1-3,74.4
143852,5-1-3,1240
143852,6-1-3,92.7
143852,1-2-5,104.7
143852,2-1-5,493.6
143852,3-1-5,266.5
143852,4-1-5,81.7
143852,5-1-4,572.5
143852,6-1-4,39.3
143852,1-2-6,14.8
143852,2-1-6,125.8
143852,3-1-6,81.9
143852,4-1-6,22.8
143852,5-1-6,593.6
143852,6-1-5,178.5
143852,1-3-2,42.1
143852,2-3-1,330.2
143852,3-2-1,335.9
143852,4-2-1,173
143852,5-2-1,2250
143852,6-2-1,276.4
143852,1-3-4,19.7
143852,2-3-4,334.8
143852,3-2-4,306.1
143852,4-2-3,291.4
143852,5-2-3,1974
143852,6-2-3,511.9
143852,1-3-5,85.1
143852,2-3-5,958
143852,3-2-5,686.2
143852,4-2-5,406.5
143852,5-2-4,1194
143852,6-2-4,202
143852,1-3-6,19.8
143852,2-3-6,437.8
143852,3-2-6,375
143852,4-2-6,123.4
143852,5-2-6,2150
143852,6-2-5,733
143852,1-4-2,18.3
143852,2-4-1,187.8
143852,3-4-1,109.8
143852,4-3-1,128.1
143852,5-3-1,1560
143852,6-3-1,169.7
143852,1-4-3,19.3
143852,2-4-3,335.9
143852,3-4-2,228.7
143852,4-3-2,287.1
143852,5-3-2,2359
143852,6-3-2,540.5
143852,1-4-5,32.9
143852,2-4-5,483.7
143852,3-4-5,250.6
143852,4-3-5,248.7
143852,5-3-4,1759
143852,6-3-4,162.8
143852,1-4-6,8.6
143852,2-4-6,167.4
143852,3-4-6,78.9
143852,4-3-6,79.5
143852,5-3-6,1668
143852,6-3-5,582.8
143852,1-5-2,330.2
143852,2-5-1,1209
143852,3-5-1,608.5
143852,4-5-1,143.1
143852,5-4-1,506.5
143852,6-4-1,41.2
143852,1-5-3,240.6
143852,2-5-3,1974
143852,3-5-2,977.3
143852,4-5-2,338.3
143852,5-4-2,997.5
143852,6-4-2,153.5
143852,1-5-4,140.6
143852,2-5-4,813
143852,3-5-4,537.5
143852,4-5-3,316.2
143852,5-4-3,1099
143852,6-4-3,111.3
143852,1-5-6,132
143852,2-5-6,1290
143852,3-5-6,514.6
143852,4-5-6,65.6
143852,5-4-6,227.6
143852,6-4-5,110.8
143852,1-6-2,19.6
143852,2-6-1,282.9
143852,3-6-1,130.7
143852,4-6-1,25.5
143852,5-6-1,528.7
143852,6-5-1,323.6
143852,1-6-3,27.4
143852,2-6-3,589.9
143852,3-6-2,380.9
143852,4-6-2,96.8
143852,5-6-2,1209
143852,6-5-2,559.2
143852,1-6-4,13.9
143852,2-6-4,227.6
143852,3-6-4,112.1
143852,4-6-3,60.6
143852,5-6-3,1007
143852,6-5-3,506.5
143852,1-6-5,70.1
143852,2-6-5,912.8
143852,3-6-5,390.1
143852,4-6-5,47
143852,5-6-4,284.5
143852,6-5-4,216.4
143853,1-2-3,18.2
143853,2-1-3,49.8
143853,3-1-2,346
143853,4-1-2,98.5
143853,5-1-2,2261
143853,6-1-2,48.7
143853,1-2-4,8.2
143853,2-1-4,23.1
143853,3-1-4,309.8
143853,4-1-3,283.1
143853,5-1-3,3957
143853,6-1-3,138.3
143853,1-2-5,230.2
143853,2-1-5,553.8
143853,3-1-5,1144
143853,4-1-5,676
143853,5-1-4,2968
143853,6-1-4,54.6
143853,1-2-6,6.4
143853,2-1-6,28.6
143853,3-1-6,329.8
143853,4-1-6,68.8
143853,5-1-6,2404
143853,6-1-5,414.7
143853,1-3-2,37.8
143853,2-3-1,132.8
143853,3-2-1,340.4
143853,4-2-1,121.6
143853,5-2-1,3392
143853,6-2-1,80.3
143853,1-3-4,36.2
143853,2-3-4,88.3
143853,3-2-4,233.9
143853,4-2-3,290
143853,5-2-3,2922
143853,6-2-3,196.6
143853,1-3-5,390.8
143853,2-3-5,926.6
143853,3-2-5,1337
143853,4-2-5,1067
143853,5-2-4,3517
143853,6-2-4,90.8
143853,1-3-6,33.7
143853,2-3-6,106.9
143853,3-2-6,243.2
143853,4-2-6,105.5
143853,5-2-6,3275
143853,6-2-5,867.4
143853,1-4-2,16.9
143853,2-4-1,51.3
143853,3-4-1,510.6
143853,4-3-1,648.3
143853,5-3-1,3724
143853,6-3-1,316.6
143853,1-4-3,40.8
143853,2-4-3,89.1
143853,3-4-2,465.6
143853,4-3-2,646.1
143853,5-3-2,2532
143853,6-3-2,361.8
143853,1-4-5,346.6
143853,2-4-5,727.8
143853,3-4-5,2261
143853,4-3-5,1862
143853,5-3-4,4633
143853,6-3-4,353.7
143853,1-4-6,11.5
143853,2-4-6,53.1
143853,3-4-6,360.4
143853,4-3-6,446.9
143853,5-3-6,4317
143853,6-3-5,1557
143853,1-5-2,716.8
143853,2-5-1,1726
143853,3-5-1,2087
143853,4-5-1,1209
143853,5-4-1,3584
143853,6-4-1,76.4
143853,1-5-3,818.8
143853,2-5-3,1999
143853,3-5-2,2602
143853,4-5-2,1623
143853,5-4-2,4999
143853,6-4-2,108.5
143853,1-5-4,759.8
143853,2-5-4,1417
143853,3-5-4,2713
143853,4-5-3,2467
143853,5-4-3,4041
143853,6-4-3,292.7
143853,1-5-6,517.6
143853,2-5-6,1623
143853,3-5-6,2087
143853,4-5-6,829.5
143853,5-4-6,1726
143853,6-4-5,495.9
143853,1-6-2,8
143853,2-6-1,62.1
143853,3-6-1,392.4
143853,4-6-1,70.5
143853,5-6-1,2532
143853,6-5-1,1258
143853,1-6-3,27.1
143853,2-6-3,115.4
143853,3-6-2,386.8
143853,4-6-2,90.7
143853,5-6-2,3275
143853,6-5-2,1978
143853,1-6-4,11.5
143853,2-6-4,59.2
143853,3-6-4,374.6
143853,4-6-3,264.9
143853,5-6-3,3063
143853,6-5-3,2878
143853,1-6-5,233.9
143853,2-6-5,798.1
143853,3-6-5,1918
143853,4-6-5,372.4
143853,5-6-4,1623
143853,6-5-4,1274
143854,1-2-3,36
143854,2-1-3,449.7
143854,3-1-2,423
143854,4-1-2,77.3
143854,5-1-2,696.5
143854,6-1-2,109.6
143854,1-2-4,11.5
143854,2-1-4,261.8
143854,3-1-4,250.8
143854,4-1-3,64.6
143854,5-1-3,1101
143854,6-1-3,172.3
143854,1-2-5,73.9
143854,2-1-5,846.1
143854,3-1-5,502.5
143854,4-1-5,65.3
143854,5-1-4,412.5
143854,6-1-4,53.8
143854,1-2-6,16.9
143854,2-1-6,293
143854,3-1-6,284.7
143854,4-1-6,21.6
143854,5-1-6,469.4
143854,6-1-5,253.4
143854,1-3-2,35.7
143854,2-3-1,737.7
143854,3-2-1,594.3
143854,4-2-1,192
143854,5-2-1,1721
143854,6-2-1,323.4
143854,1-3-4,16.1
143854,2-3-4,850.9
143854,3-2-4,631.9
143854,4-2-3,596.6
143854,5-2-3,1627
143854,6-2-3,631.9
143854,1-3-5,68
143854,2-3-5,1412
143854,3-2-5,998.4
143854,4-2-5,563
143854,5-2-4,1544
143854,6-2-4,408
143854,1-3-6,22.6
143854,2-3-6,991.8
143854,3-2-6,699.8
143854,4-2-6,241.5
143854,5-2-6,1528
143854,6-2-5,818.4
143854,1-4-2,10.3
143854,2-4-1,466.5
143854,3-4-1,369.7
143854,4-3-1,174.7
143854,5-3-1,1482
143854,6-3-1,456.6
143854,1-4-3,12.6
143854,2-4-3,860.7
143854,3-4-2,648.3
143854,4-3-2,745.1
143854,5-3-2,1872
143854,6-3-2,930.2
143854,1-4-5,30.9
143854,2-4-5,1399
143854,3-4-5,855.8
143854,4-3-5,571.6
143854,5-3-4,2496
143854,6-3-4,569.4
143854,1-4-6,4.7
143854,2-4-6,534.8
143854,3-4-6,352.3
143854,4-3-6,157.4
143854,5-3-6,1701
143854,6-3-5,1386
143854,1-5-2,156.9
143854,2-5-1,1970
143854,3-5-1,1258
143854,4-5-1,131.6
143854,5-4-1,565.1
143854,6-4-1,85
143854,1-5-3,162
143854,2-5-3,1848
143854,3-5-2,1528
143854,4-5-2,391
143854,5-4-2,1005
143854,6-4-2,263.6
143854,1-5-4,94.6
143854,2-5-4,1895
143854,3-5-4,1426
143854,4-5-3,425.4
143854,5-4-3,1576
143854,6-4-3,341.9
143854,1-5-6,86.8
143854,2-5-6,2202
143854,3-5-6,1109
143854,4-5-6,111.3
143854,5-4-6,481.5
143854,6-4-5,334.3
143854,1-6-2,23.6
143854,2-6-1,616.3
143854,3-6-1,546.5
143854,4-6-1,36.5
143854,5-6-1,713.1
143854,6-5-1,651.1
143854,1-6-3,36.1
143854,2-6-3,1160
143854,3-6-2,1093
143854,4-6-2,144.7
143854,5-6-2,1258
143854,6-5-2,985.3
143854,1-6-4,9.4
143854,2-6-4,723.5
143854,3-6-4,589.6
143854,4-6-3,129.1
143854,5-6-3,1426
143854,6-5-3,1227
143854,1-6-5,64.1
143854,2-6-5,2202
143854,3-6-5,1337
143854,4-6-5,83.1
143854,5-6-4,606.3
143854,6-5-4,699.8
143855,1-2-3,9.5
143855,2-1-3,19.3
143855,3-1-2,45.7
143855,4-1-2,742.2
143855,5-1-2,48.7
143855,6-1-2,294.1
143855,1-2-4,53.9
143855,2-1-4,127.6
143855,3-1-4,244.8
143855,4-1-3,903
143855,5-1-3,94.2
143855,6-1-3,477.3
143855,1-2-5,8.9
143855,2-1-5,24.1
143855,3-1-5,49.2
143855,4-1-5,864.5
143855,5-1-4,467.9
143855,6-1-4,723.3
143855,1-2-6,23.7
143855,2-1-6,56.6
143855,3-1-6,64.1
143855,4-1-6,880.6
143855,5-1-6,76.5
143855,6-1-5,271
143855,1-3-2,10.8
143855,2-3-1,36.5
143855,3-2-1,52.2
143855,4-2-1,848.9
143855,5-2-1,57
143855,6-2-1,341.6
143855,1-3-4,62.6
143855,2-3-4,163.5
143855,3-2-4,192.3
143855,4-2-3,864.5
143855,5-2-3,101.9
143855,6-2-3,471
143855,1-3-5,16.7
143855,2-3-5,34.4
143855,3-2-5,45.9
143855,4-2-5,630.1
143855,5-2-4,414.5
143855,6-2-4,1012
143855,1-3-6,34
143855,2-3-6,63.5
143855,3-2-6,60.4
143855,4-2-6,810.1
143855,5-2-6,86.3
143855,6-2-5,320
143855,1-4-2,227.9
143855,2-4-1,477.3
143855,3-4-1,447.2
143855,4-3-1,779
143855,5-3-1,182.2
143855,6-3-1,616.4
143855,1-4-3,261.5
143855,2-4-3,427
143855,3-4-2,357.1
143855,4-3-2,758.1
143855,5-3-2,152.9
143855,6-3-2,635.7
143855,1-4-5,259.6
143855,2-4-5,434.9
143855,3-4-5,368.2
143855,4-3-5,1005
143855,5-3-4,656.3
143855,6-3-4,1687
143855,1-4-6,330.4
143855,2-4-6,535
143855,3-4-6,401.6
143855,4-3-6,1143
143855,5-3-6,200.5
143855,6-3-5,708.8
143855,1-5-2,15
143855,2-5-1,54.2
143855,3-5-1,88
143855,4-5-1,1099
143855,5-4-1,875.1
143855,6-4-1,1376
143855,1-5-3,24.8
143855,2-5-3,59.4
143855,3-5-2,64.9
143855,4-5-2,730.8
143855,5-4-2,762.2
143855,6-4-2,2054
143855,1-5-4,170.2
143855,2-5-4,260.1
143855,3-5-4,303.5
143855,4-5-3,1107
143855,5-4-3,1034
143855,6-4-3,2779
143855,1-5-6,31.8
143855,2-5-6,87.7
143855,3-5-6,88
143855,4-5-6,742.2
143855,5-4-6,499.2
143855,6-4-5,1593
143855,1-6-2,73.4
143855,2-6-1,196.6
143855,3-6-1,226.4
143855,4-6-1,1058
143855,5-6-1,109
143855,6-5-1,274.7
143855,1-6-3,102.5
143855,2-6-3,184.1
143855,3-6-2,184.6
143855,4-6-2,1171
143855,5-6-2,113.1
143855,6-5-2,306.8
143855,1-6-4,334.3
143855,2-6-4,595.7
143855,3-6-4,527
143855,4-6-3,1817
143855,5-6-3,177.6
143855,6-5-3,553.8
143855,1-6-5,89.6
143855,2-6-5,215.1
143855,3-6-5,186
143855,4-6-5,1211
143855,5-6-4,408.5
143855,6-5-4,998.4
143856,1-2-3,10.9
143856,2-1-3,57.3
143856,3-1-2,17.3
143856,4-1-2,162.7
143856,5-1-2,413.7
143856,6-1-2,2473
143856,1-2-4,19.2
143856,2-1-4,88.4
143856,3-1-4,10
143856,4-1-3,93.2
143856,5-1-3,237
143856,6-1-3,1928
143856,1-2-5,43.2
143856,2-1-5,206.8
143856,3-1-5,29.8
143856,4-1-5,146.4
143856,5-1-4,396.4
143856,6-1-4,2146
143856,1-2-6,416.8
143856,2-1-6,1440
143856,3-1-6,342.7
143856,4-1-6,868.6
143856,5-1-6,1250
143856,6-1-5,6693
143856,1-3-2,6.3
143856,2-3-1,139.7
143856,3-2-1,52.3
143856,4-2-1,361.2
143856,5-2-1,743.7
143856,6-2-1,3793
143856,1-3-4,4
143856,2-3-4,211.1
143856,3-2-4,64
143856,4-2-3,393.7
143856,5-2-3,711.1
143856,6-2-3,3793
143856,1-3-5,14.2
143856,2-3-5,555
143856,3-2-5,142.7
143856,4-2-5,685.4
143856,5-2-4,1537
143856,6-2-4,6693
143856,1-3-6,223.1
143856,2-3-6,2068
143856,3-2-6,1264
143856,4-2-6,1558
143856,5-2-6,2421
143856,6-2-5,6693
143856,1-4-2,22.2
143856,2-4-1,303.4
143856,3-4-1,30.2
143856,4-3-1,112.5
143856,5-3-1,274.1
143856,6-3-1,3448
143856,1-4-3,13
143856,2-4-3,391
143856,3-4-2,55.6
143856,4-3-2,254.5
143856,5-3-2,628.6
143856,6-3-2,5418
143856,1-4-5,31.7
143856,2-4-5,842.8
143856,3-4-5,74.5
143856,4-3-5,237
143856,5-3-4,566.1
143856,6-3-4,5689
143856,1-4-6,297.8
143856,2-4-6,2775
143856,3-4-6,693.8
143856,4-3-6,1278
143856,5-3-6,1477
143856,6-3-5,6693
143856,1-5-2,73.6
143856,2-5-1,555
143856,3-5-1,120.1
143856,4-5-1,270.2
143856,5-4-1,490.4
143856,6-4-1,4063
143856,1-5-3,44.7
143856,2-5-3,882
143856,3-5-2,244.1
143856,4-5-2,501.2
143856,5-4-2,917.6
143856,6-4-2,7111
143856,1-5-4,94.3
143856,2-5-4,1264
143856,3-5-4,178.6
143856,4-5-3,388.3
143856,5-4-3,669.3
143856,6-4-3,7586
143856,1-5-6,586.5
143856,2-5-6,3670
143856,3-5-6,925.1
143856,4-5-6,1223
143856,5-4-6,1197
143856,6-4-5,4741
143856,1-6-2,1115
143856,2-6-1,3793
143856,3-6-1,2370
143856,4-6-1,2994
143856,5-6-1,2994
143856,6-5-1,6693
143856,1-6-3,711.1
143856,2-6-3,2844
143856,3-6-2,3448
143856,4-6-2,3075
143856,5-6-2,3448
143856,6-5-2,9999
143856,1-6-4,1338
143856,2-6-4,2709
143856,3-6-4,2646
143856,4-6-3,2994
143856,5-6-3,2473
143856,6-5-3,7111
143856,1-6-5,1387
143856,2-6-5,7111
143856,3-6-5,2775
143856,4-6-5,3346
143856,5-6-4,1370
143856,6-5-4,4063
143857,1-2-3,17.6
143857,2-1-3,43.3
143857,3-1-2,33.8
143857,4-1-2,73.6
143857,5-1-2,230
143857,6-1-2,2449
143857,1-2-4,22.5
143857,2-1-4,49.7
143857,3-1-4,20
143857,4-1-3,35.6
143857,5-1-3,146.3
143857,6-1-3,3203
143857,1-2-5,46
143857,2-1-5,100.4
143857,3-1-5,30.7
143857,4-1-5,49.1
143857,5-1-4,135.9
143857,6-1-4,2346
143857,1-2-6,366.1
143857,2-1-6,837.1
143857,3-1-6,363.7
143857,4-1-6,355.9
143857,5-1-6,697
143857,6-1-5,5373
143857,1-3-2,15
143857,2-3-1,78.8
143857,3-2-1,62.6
143857,4-2-1,143.6
143857,5-2-1,389.2
143857,6-2-1,3544
143857,1-3-4,7.2
143857,2-3-4,91.8
143857,3-2-4,51.3
143857,4-2-3,138.4
143857,5-2-3,441.8
143857,6-2-3,3621
143857,1-3-5,17.8
143857,2-3-5,176.8
143857,3-2-5,75
143857,4-2-5,154.1
143857,5-2-4,432.6
143857,6-2-4,4899
143857,1-3-6,278.5
143857,2-3-6,1262
143857,3-2-6,820.6
143857,4-2-6,661
143857,5-2-6,1665
143857,6-2-5,5949
143857,1-4-2,18.4
143857,2-4-1,94.7
143857,3-4-1,29.2
143857,4-3-1,44.5
143857,5-3-1,211.6
143857,6-3-1,3266
143857,1-4-3,10.9
143857,2-4-3,114.5
143857,3-4-2,42.8
143857,4-3-2,90.6
143857,5-3-2,350.7
143857,6-3-2,5205
143857,1-4-5,24.6
143857,2-4-5,181.2
143857,3-4-5,31.5
143857,4-3-5,61.5
143857,5-3-4,189.3
143857,6-3-4,2562
143857,1-4-6,250.8
143857,2-4-6,1156
143857,3-4-6,246.7
143857,4-3-6,418.5
143857,5-3-6,1125
143857,6-3-5,5373
143857,1-5-2,63
143857,2-5-1,245.7
143857,3-5-1,61.6
143857,4-5-1,62.5
143857,5-4-1,145.8
143857,6-4-1,3203
143857,1-5-3,39.9
143857,2-5-3,300.1
143857,3-5-2,90.5
143857,4-5-2,108
143857,5-4-2,277.1
143857,6-4-2,4502
143857,1-5-4,47.5
143857,2-5-4,298.5
143857,3-5-4,48.5
143857,4-5-3,77
143857,5-4-3,189.3
143857,6-4-3,3203
143857,1-5-6,443
143857,2-5-6,1753
143857,3-5-6,404.3
143857,4-5-6,235.2
143857,5-4-6,522.2
143857,6-4-5,1914
143857,1-6-2,1224
143857,2-6-1,2221
143857,3-6-1,1871
143857,4-6-1,1215
143857,5-6-1,1983
143857,6-5-1,5048
143857,1-6-3,1198
143857,2-6-3,2974
143857,3-6-2,2686
143857,4-6-2,1514
143857,5-6-2,2974
143857,6-5-2,4899
143857,1-6-4,1164
143857,2-6-4,3331
143857,3-6-4,1061
143857,4-6-3,957.4
143857,5-6-3,2251
143857,6-5-3,5744
143857,1-6-5,1215
143857,2-6-5,4383
143857,3-6-5,1243
143857,4-6-5,760.6
143857,5-6-4,1164
143857,6-5-4,1914
143858,1-2-3,6
143858,2-1-3,82.3
143858,3-1-2,93.5
143858,4-1-2,189.6
143858,5-1-2,96.4
143858,6-1-2,375.9
143858,1-2-4,7.6
143858,2-1-4,101.2
143858,3-1-4,65.3
143858,4-1-3,244.5
143858,5-1-3,131.9
143858,6-1-3,564.6
143858,1-2-5,19.9
143858,2-1-5,174.2
143858,3-1-5,95
143858,4-1-5,171.6
143858,5-1-4,99.2
143858,6-1-4,800.2
143858,1-2-6,21.3
143858,2-1-6,180.2
143858,3-1-6,181.6
143858,4-1-6,288.8
143858,5-1-6,107.4
143858,6-1-5,763.4
143858,1-3-2,9.5
143858,2-3-1,287.2
143858,3-2-1,279.7
143858,4-2-1,353.7
143858,5-2-1,304.1
143858,6-2-1,775.3
143858,1-3-4,9.6
143858,2-3-4,536.3
143858,3-2-4,431.2
143858,4-2-3,650.6
143858,5-2-3,775.3
143858,6-2-3,1968
143858,1-3-5,16.3
143858,2-3-5,1053
143858,3-2-5,683.2
143858,4-2-5,804.5
143858,5-2-4,668
143858,6-2-4,2107
143858,1-3-6,23.6
143858,2-3-6,1360
143858,3-2-6,965.4
143858,4-2-6,763.4
143858,5-2-6,705.8
143858,6-2-5,2338
143858,1-4-2,16.8
143858,2-4-1,397.9
143858,3-4-1,248.5
143858,4-3-1,476.5
143858,5-3-1,392.7
143858,6-3-1,1169
143858,1-4-3,16.1
143858,2-4-3,674
143858,3-4-2,388.6
143858,4-3-2,715.9
143858,5-3-2,791.7
143858,6-3-2,1968
143858,1-4-5,25.9
143858,2-4-5,1178
143858,3-4-5,440.1
143858,4-3-5,912.4
143858,5-3-4,755.7
143858,6-3-4,2453
143858,1-4-6,31.7
143858,2-4-6,1068
143858,3-4-6,650.6
143858,4-3-6,1216
143858,5-3-6,929.4
143858,6-3-5,2823
143858,1-5-2,24.6
143858,2-5-1,831.3
143858,3-5-1,306.6
143858,4-5-1,164.2
143858,5-4-1,158.3
143858,6-4-1,1760
143858,1-5-3,34.6
143858,2-5-3,1558
143858,3-5-2,659.2
143858,4-5-2,449.3
143858,5-4-2,371.3
143858,6-4-2,2992
143858,1-5-4,33.5
143858,2-5-4,1609
143858,3-5-4,580
143858,4-5-3,534.4
143858,5-4-3,542.1
143858,6-4-3,3183
143858,1-5-6,47.3
143858,2-5-6,1467
143858,3-5-6,699.2
143858,4-5-6,219.4
143858,5-4-6,215.9
143858,6-4-5,2413
143858,1-6-2,57.9
143858,2-6-1,740.8
143858,3-6-1,699.2
143858,4-6-1,623.5
143858,5-6-1,267.2
143858,6-5-1,1290
143858,1-6-3,73.6
143858,2-6-3,1626
143858,3-6-2,1385
143858,4-6-2,1061
143858,5-6-2,591.4
143858,6-5-2,3053
143858,1-6-4,92.3
143858,2-6-4,1626
143858,3-6-4,1257
143858,4-6-3,1425
143858,5-6-3,855
143858,6-5-3,2992
143858,1-6-5,99.8
143858,2-6-5,2168
143858,3-6-5,1558
143858,4-6-5,722.9
143858,5-6-4,532.5
143858,6-5-4,2413
143859,1-2-3,6.9
143859,2-1-3,26.1
143859,3-1-2,74.7
143859,4-1-2,88.6
143859,5-1-2,458
143859,6-1-2,168.1
143859,1-2-4,8.9
143859,2-1-4,24.8
143859,3-1-4,61.2
143859,4-1-3,98.3
143859,5-1-3,529.1
143859,6-1-3,255.9
143859,1-2-5,63.8
143859,2-1-5,107.1
143859,3-1-5,138
143859,4-1-5,165.9
143859,5-1-4,596.4
143859,6-1-4,281.9
143859,1-2-6,12.5
143859,2-1-6,60.6
143859,3-1-6,152
143859,4-1-6,217
143859,5-1-6,902.3
143859,6-1-5,588.1
143859,1-3-2,20.9
143859,2-3-1,51.6
143859,3-2-1,92.1
143859,4-2-1,107.2
143859,5-2-1,657.7
143859,6-2-1,263.6
143859,1-3-4,31.5
143859,2-3-4,36.4
143859,3-2-4,53.6
143859,4-2-3,112
143859,5-2-3,622.8
143859,6-2-3,441.7
143859,1-3-5,81.9
143859,2-3-5,80.2
143859,3-2-5,107.7
143859,4-2-5,163.8
143859,5-2-4,635.9
143859,6-2-4,430.9
143859,1-3-6,34.1
143859,2-3-6,144.3
143859,3-2-6,186.1
143859,4-2-6,238.8
143859,5-2-6,1227
143859,6-2-5,991.3
143859,1-4-2,25.1
143859,2-4-1,57.9
143859,3-4-1,62.1
143859,4-3-1,119.9
143859,5-3-1,612
143859,6-3-1,526.5
143859,1-4-3,38.9
143859,2-4-3,52.4
143859,3-4-2,53.6
143859,4-3-2,101.5
143859,5-3-2,612
143859,6-3-2,598.1
143859,1-4-5,82.6
143859,2-4-5,102.4
143859,3-4-5,54.2
143859,4-3-5,100.6
143859,5-3-4,362.8
143859,6-3-4,591.4
143859,1-4-6,47
143859,2-4-6,134
143859,3-4-6,121.2
143859,4-3-6,216.7
143859,5-3-6,1319
143859,6-3-5,1287
143859,1-5-2,164.1
143859,2-5-1,273.1
143859,3-5-1,221.3
143859,4-5-1,296.9
143859,5-4-1,507.5
143859,6-4-1,538.6
143859,1-5-3,182.1
143859,2-5-3,255.6
143859,3-5-2,205.1
143859,4-5-2,262.6
143859,5-4-2,423.1
143859,6-4-2,610.2
143859,1-5-4,164.4
143859,2-5-4,271.7
143859,3-5-4,125
143859,4-5-3,181.4
143859,5-4-3,349.5
143859,6-4-3,637.9
143859,1-5-6,235.6
143859,2-5-6,549.8
143859,3-5-6,423.9
143859,4-5-6,465
143859,5-4-6,926
143859,6-4-5,1066
143859,1-6-2,18.9
143859,2-6-1,176.3
143859,3-6-1,304.6
143859,4-6-1,385.3
143859,5-6-1,1271
143859,6-5-1,1407
143859,1-6-3,33.2
143859,2-6-3,227.5
143859,3-6-2,273.5
143859,4-6-2,393.9
143859,5-6-2,1541
143859,6-5-2,2030
143859,1-6-4,47.9
143859,2-6-4,217.2
143859,3-6-4,204.2
143859,4-6-3,357.8
143859,5-6-3,1287
143859,6-5-3,1789
143859,1-6-5,83.2
143859,2-6-5,407.6
143859,3-6-5,428.2
143859,4-6-5,526.5
143859,5-6-4,1353
143859,6-5-4,1611
143860,1-2-3,3.6
143860,2-1-3,49
143860,3-1-2,80.3
143860,4-1-2,401.2
143860,5-1-2,637.4
143860,6-1-2,176
143860,1-2-4,20.2
143860,2-1-4,111.7
143860,3-1-4,132.3
143860,4-1-3,387.4
143860,5-1-3,464
143860,6-1-3,191.2
143860,1-2-5,15.8
143860,2-1-5,89.6
143860,3-1-5,149
143860,4-1-5,681.3
143860,5-1-4,1026
143860,6-1-4,459.5
143860,1-2-6,12.8
143860,2-1-6,97.4
143860,3-1-6,103
143860,4-1-6,349.2
143860,5-1-6,656.8
143860,6-1-5,406.7
143860,1-3-2,5.2
143860,2-3-1,139.8
143860,3-2-1,163.3
143860,4-2-1,571.3
143860,5-2-1,1035
143860,6-2-1,375.1
143860,1-3-4,19.9
143860,2-3-4,370.5
143860,3-2-4,327.5
143860,4-2-3,738.6
143860,5-2-3,1520
143860,6-2-3,550.1
143860,1-3-5,13.2
143860,2-3-5,488.9
143860,3-2-5,540.1
143860,4-2-5,1295
143860,5-2-4,1810
143860,6-2-4,915.5
143860,1-3-6,11
143860,2-3-6,267.9
143860,3-2-6,270.9
143860,4-2-6,557.9
143860,5-2-6,1428
143860,6-2-5,1162
143860,1-4-2,49.4
143860,2-4-1,624
143860,3-4-1,279.6
143860,4-3-1,467.6
143860,5-3-1,716.3
143860,6-3-1,410.2
143860,1-4-3,49.6
143860,2-4-3,625.6
143860,3-4-2,363.6
143860,4-3-2,752.7
143860,5-3-2,1693
143860,6-3-2,606.4
143860,1-4-5,107.1
143860,2-4-5,1268
143860,3-4-5,699.4
143860,4-3-5,1362
143860,5-3-4,1992
143860,6-3-4,960
143860,1-4-6,72.3
143860,2-4-6,683.3
143860,3-4-6,349.2
143860,4-3-6,741
143860,5-3-6,1394
143860,6-3-5,1026
143860,1-5-2,41.1
143860,2-5-1,483.9
143860,3-5-1,432.7
143860,4-5-1,1077
143860,5-4-1,1463
143860,6-4-1,834.9
143860,1-5-3,37.8
143860,2-5-3,888
143860,3-5-2,937.2
143860,4-5-2,1718
143860,5-4-2,2117
143860,6-4-2,1118
143860,1-5-4,103
143860,2-5-4,1310
143860,3-5-4,1077
143860,4-5-3,1693
143860,5-4-3,2496
143860,6-4-3,1370
143860,1-5-6,60.7
143860,2-5-6,1035
143860,3-5-6,820.4
143860,4-5-6,1254
143860,5-4-6,1529
143860,6-4-5,1881
143860,1-6-2,35.7
143860,2-6-1,364.2
143860,3-6-1,290.2
143860,4-6-1,432.7
143860,5-6-1,1063
143860,6-5-1,814.8
143860,1-6-3,34
143860,2-6-3,417.4
143860,3-6-2,484.9
143860,4-6-2,560.5
143860,5-6-2,1912
143860,6-5-2,1730
143860,1-6-4,88.3
143860,2-6-4,898.1
143860,3-6-4,487.9
143860,4-6-3,785.1
143860,5-6-3,1472
143860,6-5-3,1570
143860,1-6-5,76.4
143860,2-6-5,1268
143860,3-6-5,741
143860,4-6-5,1179
143860,5-6-4,1718
143860,6-5-4,1896
143789,1-2-3,12.7
143789,2-1-3,101.6
143789,3-1-2,169.8
143789,4-1-2,51.5
143789,5-1-2,61.7
143789,6-1-2,459.6
143789,1-2-4,10.9
143789,2-1-4,102.4
143789,3-1-4,337.1
143789,4-1-3,156.6
143789,5-1-3,176.7
143789,6-1-3,1093
143789,1-2-5,7.1
143789,2-1-5,70.5
143789,3-1-5,206.6
143789,4-1-5,37.3
143789,5-1-4,72.1
143789,6-1-4,531.1
143789,1-2-6,18.2
143789,2-1-6,145.1
143789,3-1-6,629.1
143789,4-1-6,63.6
143789,5-1-6,80.3
143789,6-1-5,455.9
143789,1-3-2,25.6
143789,2-3-1,200.7
143789,3-2-1,230.2
143789,4-2-1,140.7
143789,5-2-1,143.6
143789,6-2-1,731.2
143789,1-3-4,42
143789,2-3-4,549.3
143789,3-2-4,450.4
143789,4-2-3,493.9
143789,5-2-3,502.7
143789,6-2-3,1656
143789,1-3-5,28.6
143789,2-3-5,396.5
143789,3-2-5,509.5
143789,4-2-5,203.2
143789,5-2-4,412.5
143789,6-2-4,1093
143789,1-3-6,69.2
143789,2-3-6,674.3
143789,3-2-6,915.5
143789,4-2-6,334.1
143789,5-2-6,420.2
143789,6-2-5,1265
143789,1-4-2,16.2
143789,2-4-1,238.5
143789,3-4-1,523.7
143789,4-3-1,377.8
143789,5-3-1,370.4
143789,6-3-1,1251
143789,1-4-3,46.1
143789,2-4-3,703.8
143789,3-4-2,810.1
143789,4-3-2,662.4
143789,5-3-2,650.9
143789,6-3-2,1941
143789,1-4-5,15.3
143789,2-4-5,479.2
143789,3-4-5,1093
143789,4-3-5,766
143789,5-3-4,1093
143789,6-3-4,1816
143789,1-4-6,30.5
143789,2-4-6,615.3
143789,3-4-6,1407
143789,4-3-6,804.3
143789,5-3-6,1173
143789,6-3-5,2252
143789,1-5-2,11.9
143789,2-5-1,167.8
143789,3-5-1,339.1
143789,4-5-1,47.5
143789,5-4-1,94.3
143789,6-4-1,523.7
143789,1-5-3,31.3
143789,2-5-3,498.2
143789,3-5-2,546.6
143789,4-5-2,113.4
143789,5-4-2,242.1
143789,6-4-2,1185
143789,1-5-4,19.2
143789,2-5-4,526.2
143789,3-5-4,1373
143789,4-5-3,311.9
143789,5-4-3,625.6
143789,6-4-3,1941
143789,1-5-6,20.4
143789,2-5-6,424.9
143789,3-5-6,654.7
143789,4-5-6,76.1
143789,5-4-6,153.4
143789,6-4-5,647.2
143789,1-6-2,56.5
143789,2-6-1,516.5
143789,3-6-1,1126
143789,4-6-1,150.9
143789,5-6-1,170.6
143789,6-5-1,509.5
143789,1-6-3,122.9
143789,2-6-3,1340
143789,3-6-2,1340
143789,4-6-2,281.5
143789,5-6-2,366.8
143789,6-5-2,1072
143789,1-6-4,76.2
143789,2-6-4,828
143789,3-6-4,1586
143789,4-6-3,670.3
143789,5-6-3,879.7
143789,6-5-3,1732
143789,1-6-5,51.5
143789,2-6-5,712.7
143789,3-6-5,1340
143789,4-6-5,163.2
143789,5-6-4,253.6
143789,6-5-4,625.6
143790,1-2-3,7
143790,2-1-3,19.6
143790,3-1-2,21.1
143790,4-1-2,614.3
143790,5-1-2,60.5
143790,6-1-2,819.8
143790,1-2-4,67
143790,2-1-4,142
143790,3-1-4,128.3
143790,4-1-3,639.3
143790,5-1-3,73.8
143790,6-1-3,720.3
143790,1-2-5,11.2
143790,2-1-5,28.4
143790,3-1-5,25.9
143790,4-1-5,653.4
143790,5-1-4,449.9
143790,6-1-4,2121
143790,1-2-6,45.9
143790,2-1-6,83.2
143790,3-1-6,69.2
143790,4-1-6,978.9
143790,5-1-6,170.5
143790,6-1-5,931.2
143790,1-3-2,7.6
143790,2-3-1,27.4
143790,3-2-1,30.6
143790,4-2-1,829.9
143790,5-2-1,80.4
143790,6-2-1,997.2
143790,1-3-4,59.4
143790,2-3-4,179
143790,3-2-4,185.3
143790,4-2-3,951
143790,5-2-3,85.5
143790,6-2-3,941
143790,1-3-5,11.7
143790,2-3-5,34.6
143790,3-2-5,38.2
143790,4-2-5,1132
143790,5-2-4,659.8
143790,6-2-4,2936
143790,1-3-6,41.4
143790,2-3-6,89.7
143790,3-2-6,96.2
143790,4-2-6,1377
143790,5-2-6,180.2
143790,6-2-5,1064
143790,1-4-2,179.1
143790,2-4-1,500.4
143790,3-4-1,286.1
143790,4-3-1,736.2
143790,5-3-1,104
143790,6-3-1,812.3
143790,1-4-3,181.5
143790,2-4-3,454.5
143790,3-4-2,300.6
143790,4-3-2,921.5
143790,5-3-2,102
143790,6-3-2,859.3
143790,1-4-5,215.3
143790,2-4-5,579.7
143790,3-4-5,313.6
143790,4-3-5,1039
143790,5-3-4,712.6
143790,6-3-4,2055
143790,1-4-6,345.7
143790,2-4-6,876.2
143790,3-4-6,497.6
143790,4-3-6,1220
143790,5-3-6,230.1
143790,6-3-5,1132
143790,1-5-2,18.1
143790,2-5-1,62.7
143790,3-5-1,50.3
143790,4-5-1,763.5
143790,5-4-1,817.3
143790,6-4-1,2474
143790,1-5-3,22.9
143790,2-5-3,58.4
143790,3-5-2,51.7
143790,4-5-2,1027
143790,5-4-2,639.3
143790,6-4-2,3181
143790,1-5-4,153
143790,2-5-4,431.7
143790,3-5-4,262.7
143790,4-5-3,1031
143790,5-4-3,1090
143790,6-4-3,2497
143790,1-5-6,64.5
143790,2-5-6,168.6
143790,3-5-6,110.8
143790,4-5-6,993.5
143790,5-4-6,1027
143790,6-4-5,2620
143790,1-6-2,167.7
143790,2-6-1,376.4
143790,3-6-1,223.6
143790,4-6-1,1384
143790,5-6-1,300.9
143790,6-5-1,931.2
143790,1-6-3,170.9
143790,2-6-3,361.1
143790,3-6-2,227.6
143790,4-6-2,1922
143790,5-6-2,276.3
143790,6-5-2,982.5
143790,1-6-4,514.9
143790,2-6-4,1209
143790,3-6-4,708.9
143790,4-6-3,1781
143790,5-6-3,369.6
143790,6-5-3,1077
143790,1-6-5,160
143790,2-6-5,404.9
143790,3-6-5,273.2
143790,4-6-5,1882
143790,5-6-4,1122
143790,6-5-4,2344
143791,1-2-3,64.1
143791,2-1-3,322.2
143791,3-1-2,248.9
143791,4-1-2,1304
143791,5-1-2,22.9
143791,6-1-2,508.1
143791,1-2-4,326.1
143791,2-1-4,1051
143791,3-1-4,558.3
143791,4-1-3,942.1
143791,5-1-3,10
143791,6-1-3,380.5
143791,1-2-5,32.6
143791,2-1-5,168.9
143791,3-1-5,52.3
143791,4-1-5,688.7
143791,5-1-4,99.5
143791,6-1-4,1474
143791,1-2-6,111.3
143791,2-1-6,541.6
143791,3-1-6,163.8
143791,4-1-6,1533
143791,5-1-6,7.4
143791,6-1-5,113.8
143791,1-3-2,61.9
143791,2-3-1,430.7
143791,3-2-1,406.8
143791,4-2-1,1845
143791,5-2-1,60.1
143791,6-2-1,1059
143791,1-3-4,290.5
143791,2-3-4,1515
143791,3-2-4,1072
143791,4-2-3,2512
143791,5-2-3,108
143791,6-2-3,1256
143791,1-3-5,13.5
143791,2-3-5,396.7
143791,3-2-5,352.4
143791,4-2-5,1884
143791,5-2-4,390.4
143791,6-2-4,3269
143791,1-3-6,40.6
143791,2-3-6,1001
143791,3-2-6,725.5
143791,4-2-6,2949
143791,5-2-6,90.1
143791,6-2-5,693.9
143791,1-4-2,603
143791,2-4-1,2040
143791,3-4-1,1027
143791,4-3-1,1533
143791,5-3-1,29.8
143791,6-3-1,576.1
143791,1-4-3,655.4
143791,2-4-3,2153
143791,3-4-2,1675
143791,4-3-2,2740
143791,5-3-2,95.3
143791,6-3-2,1336
143791,1-4-5,337.5
143791,2-4-5,1762
143791,3-4-5,1559
143791,4-3-5,2319
143791,5-3-4,333.7
143791,6-3-4,2797
143791,1-4-6,727.4
143791,2-4-6,3048
143791,3-4-6,2010
143791,4-3-6,3666
143791,5-3-6,32.7
143791,6-3-5,355.6
143791,1-5-2,15.1
143791,2-5-1,172.6
143791,3-5-1,53.2
143791,4-5-1,1206
143791,5-4-1,323.8
143791,6-4-1,2713
143791,1-5-3,7
143791,2-5-3,308.3
143791,3-5-2,199
143791,4-5-2,1845
143791,5-4-2,613.9
143791,6-4-2,4050
143791,1-5-4,95.6
143791,2-5-4,1233
143791,3-5-4,647.6
143791,4-5-3,1897
143791,5-4-3,605.6
143791,6-4-3,3821
143791,1-5-6,7.5
143791,2-5-6,324.5
143791,3-5-6,71.6
143791,4-5-6,1179
143791,5-4-6,335.8
143791,6-4-5,1717
143791,1-6-2,154.7
143791,2-6-1,955.4
143791,3-6-1,289.9
143791,4-6-1,2856
143791,5-6-1,12.4
143791,6-5-1,95.6
143791,1-6-3,79.8
143791,2-6-3,1398
143791,3-6-2,743.4
143791,4-6-2,4307
143791,5-6-2,44.3
143791,6-5-2,296.5
143791,1-6-4,493.3
143791,2-6-4,2444
143791,3-6-4,1785
143791,4-6-3,3768
143791,5-6-3,25.2
143791,6-5-3,200.2
143791,1-6-5,38.8
143791,2-6-5,670
143791,3-6-5,173.3
143791,4-6-5,2319
143791,5-6-4,107.4
143791,6-5-4,646
143792,1-2-3,33.9
143792,2-1-3,106.7
143792,3-1-2,301.5
143792,4-1-2,83.1
143792,5-1-2,20.5
143792,6-1-2,3934
143792,1-2-4,15.2
143792,2-1-4,43.2
143792,3-1-4,272.1
143792,4-1-3,259
143792,5-1-3,72
143792,6-1-3,5067
143792,1-2-5,7.1
143792,2-1-5,24.2
143792,3-1-5,164.8
143792,4-1-5,45.7
143792,5-1-4,25.8
143792,6-1-4,3934
143792,1-2-6,388.9
143792,2-1-6,842.4
143792,3-1-6,1732
143792,4-1-6,683.9
143792,5-1-6,272.8
143792,6-1-5,3344
143792,1-3-2,53.9
143792,2-3-1,264.1
143792,3-2-1,402.9
143792,4-2-1,113.4
143792,5-2-1,35.8
143792,6-2-1,4778
143792,1-3-4,65.4
143792,2-3-4,303.7
143792,3-2-4,421.7
143792,4-2-3,357.7
143792,5-2-3,136.9
143792,6-2-3,5867
143792,1-3-5,37.7
143792,2-3-5,178.7
143792,3-2-5,275.9
143792,4-2-5,66.9
143792,5-2-4,44.2
143792,6-2-4,4992
143792,1-3-6,743.2
143792,2-3-6,2014
143792,3-2-6,2633
143792,4-2-6,969.4
143792,5-2-6,487.5
143792,6-2-5,4918
143792,1-4-2,26
143792,2-4-1,89.1
143792,3-4-1,380.5
143792,4-3-1,530.8
143792,5-3-1,192.1
143792,6-3-1,4847
143792,1-4-3,70.2
143792,2-4-3,250.9
143792,3-4-2,502.9
143792,4-3-2,651.9
143792,5-3-2,276.6
143792,6-3-2,6310
143792,1-4-5,11.9
143792,2-4-5,49.3
143792,3-4-5,272.8
143792,4-3-5,367.1
143792,5-3-4,296.7
143792,6-3-4,6081
143792,1-4-6,519.3
143792,2-4-6,1447
143792,3-4-6,2259
143792,4-3-6,2697
143792,5-3-6,1365
143792,6-3-5,5574
143792,1-5-2,8.1
143792,2-5-1,34.3
143792,3-5-1,168.6
143792,4-5-1,32.6
143792,5-4-1,35.6
143792,6-4-1,4519
143792,1-5-3,28.4
143792,2-5-3,111.6
143792,3-5-2,230.1
143792,4-5-2,36.2
143792,5-4-2,40.4
143792,6-4-2,4992
143792,1-5-4,10.2
143792,2-5-4,39
143792,3-5-4,239.5
143792,4-5-3,148.7
143792,5-4-3,133.2
143792,6-4-3,5483
143792,1-5-6,233.2
143792,2-5-6,756.7
143792,3-5-6,1562
143792,4-5-6,224.1
143792,5-4-6,261.9
143792,6-4-5,2613
143792,1-6-2,1423
143792,2-6-1,4029
143792,3-6-1,4180
143792,4-6-1,2130
143792,5-6-1,632.2
143792,6-5-1,2719
143792,1-6-3,2002
143792,2-6-3,4778
143792,3-6-2,4778
143792,4-6-2,2592
143792,5-6-2,929
143792,6-5-2,4029
143792,1-6-4,1499
143792,2-6-4,3344
143792,3-6-4,4129
143792,4-6-3,3675
143792,5-6-3,1592
143792,6-5-3,4400
143792,1-6-5,1001
143792,2-6-5,3344
143792,3-6-5,3216
143792,4-6-5,1301
143792,5-6-4,733.4
143792,6-5-4,2322
143793,1-2-3,71.1
143793,2-1-3,93
143793,3-1-2,263.6
143793,4-1-2,108.3
143793,5-1-2,598.7
143793,6-1-2,640.6
143793,1-2-4,51.5
143793,2-1-4,60.9
143793,3-1-4,158.1
143793,4-1-3,135.6
143793,5-1-3,661.5
143793,6-1-3,730.7
143793,1-2-5,132.8
143793,2-1-5,145.2
143793,3-1-5,391
143793,4-1-5,149.9
143793,5-1-4,434.3
143793,6-1-4,457.5
143793,1-2-6,74.9
143793,2-1-6,90.7
143793,3-1-6,244.8
143793,4-1-6,80.7
143793,5-1-6,418.7
143793,6-1-5,863.7
143793,1-3-2,120.4
143793,2-3-1,106.6
143793,3-2-1,201.2
143793,4-2-1,77.7
143793,5-2-1,509.1
143793,6-2-1,513.1
143793,1-3-4,74.7
143793,2-3-4,19
143793,3-2-4,32.5
143793,4-2-3,32.6
143793,5-2-3,361.2
143793,6-2-3,349.4
143793,1-3-5,202.9
143793,2-3-5,55.4
143793,3-2-5,92.6
143793,4-2-5,46.4
143793,5-2-4,217.1
143793,6-2-4,209.5
143793,1-3-6,105.3
143793,2-3-6,31
143793,3-2-6,52.4
143793,4-2-6,27.1
143793,5-2-6,213
143793,6-2-5,446.9
143793,1-4-2,69.9
143793,2-4-1,51.8
143793,3-4-1,102
143793,4-3-1,100.8
143793,5-3-1,774.9
143793,6-3-1,764.1
143793,1-4-3,77.1
143793,2-4-3,17.7
143793,3-4-2,33.8
143793,4-3-2,36.1
143793,5-3-2,464.2
143793,6-3-2,368.5
143793,1-4-5,108.7
143793,2-4-5,32.6
143793,3-4-5,56.7
143793,4-3-5,60
143793,5-3-4,314
143793,6-3-4,152.7
143793,1-4-6,58.2
143793,2-4-6,19.1
143793,3-4-6,21.1
143793,4-3-6,23.1
143793,5-3-6,306
143793,6-3-5,535.3
143793,1-5-2,291.6
143793,2-5-1,197.9
143793,3-5-1,478
143793,4-5-1,133.7
143793,5-4-1,363.3
143793,6-4-1,341
143793,1-5-3,303.1
143793,2-5-3,132.9
143793,3-5-2,245.1
143793,4-5-2,65.8
143793,5-4-2,205.9
143793,6-4-2,180.6
143793,1-5-4,215.9
143793,2-5-4,85.4
143793,3-5-4,168.4
143793,4-5-3,76.5
143793,5-4-3,238.2
143793,6-4-3,137.5
143793,1-5-6,221.4
143793,2-5-6,93.5
143793,3-5-6,201.3
143793,4-5-6,37.7
143793,5-4-6,106.2
143793,6-4-5,198.8
143793,1-6-2,196.7
143793,2-6-1,128.4
143793,3-6-1,330.2
143793,4-6-1,84.8
143793,5-6-1,444.3
143793,6-5-1,781.2
143793,1-6-3,215.6
143793,2-6-3,72.6
143793,3-6-2,117.6
143793,4-6-2,37.4
143793,5-6-2,301.7
143793,6-5-2,549.1
143793,1-6-4,140.4
143793,2-6-4,55
143793,3-6-4,60
143793,4-6-3,31.7
143793,5-6-3,313.7
143793,6-5-3,562.7
143793,1-6-5,283
143793,2-6-5,115.3
143793,3-6-5,202.9
143793,4-6-5,44.9
143793,5-6-4,159.6
143793,6-5-4,260.4
143794,1-2-3,28.7
143794,2-1-3,235.3
143794,3-1-2,140.9
143794,4-1-2,104.4
143794,5-1-2,35
143794,6-1-2,2491
143794,1-2-4,33.7
143794,2-1-4,272.8
143794,3-1-4,83.2
143794,4-1-3,89.1
143794,5-1-3,29
143794,6-1-3,2416
143794,1-2-5,15.1
143794,2-1-5,122.1
143794,3-1-5,45.8
143794,4-1-5,31.3
143794,5-1-4,23.5
143794,6-1-4,1499
143794,1-2-6,285.8
143794,2-1-6,1044
143794,3-1-6,647.7
143794,4-1-6,261.8
143794,5-1-6,173.8
143794,6-1-5,1343
143794,1-3-2,25.4
143794,2-3-1,393
143794,3-2-1,321.9
143794,4-2-1,283.3
143794,5-2-1,109.5
143794,6-2-1,4907
143794,1-3-4,19.4
143794,2-3-4,786
143794,3-2-4,499
143794,4-2-3,583.5
143794,5-2-3,240
143794,6-2-3,5223
143794,1-3-5,8.6
143794,2-3-5,467.3
143794,3-2-5,256.4
143794,4-2-5,306.9
143794,5-2-4,205.2
143794,6-2-4,4693
143794,1-3-6,288.9
143794,2-3-6,2159
143794,3-2-6,2076
143794,4-2-6,1051
143794,5-2-6,788
143794,6-2-5,4626
143794,1-4-2,36.9
143794,2-4-1,467.3
143794,3-4-1,152.3
143794,4-3-1,212.5
143794,5-3-1,79.2
143794,6-3-1,3765
143794,1-4-3,24.1
143794,2-4-3,872.9
143794,3-4-2,452.9
143794,4-3-2,619.2
143794,5-3-2,183.4
143794,6-3-2,5309
143794,1-4-5,10.4
143794,2-4-5,566.2
143794,3-4-5,158.7
143794,4-3-5,204.7
143794,5-3-4,141.5
143794,6-3-4,3238
143794,1-4-6,205.1
143794,2-4-6,2103
143794,3-4-6,1169
143794,4-3-6,1245
143794,5-3-6,704
143794,6-3-5,3855
143794,1-5-2,11.2
143794,2-5-1,185.3
143794,3-5-1,65.9
143794,4-5-1,33.9
143794,5-4-1,42.9
143794,6-4-1,1905
143794,1-5-3,8.7
143794,2-5-3,375.7
143794,3-5-2,138.9
143794,4-5-2,122.9
143794,5-4-2,136
143794,6-4-2,3304
143794,1-5-4,8.8
143794,2-5-4,431.2
143794,3-5-4,124.1
143794,4-5-3,99.5
143794,5-4-3,126.3
143794,6-4-3,2866
143794,1-5-6,99.9
143794,2-5-6,1927
143794,3-5-6,832.5
143794,4-5-6,222.1
143794,5-4-6,314.4
143794,6-4-5,2144
143794,1-6-2,925.3
143794,2-6-1,2816
143794,3-6-1,2203
143794,4-6-1,689
143794,5-6-1,482.6
143794,6-5-1,1799
143794,1-6-3,1024
143794,2-6-3,3855
143794,3-6-2,3810
143794,4-6-2,1199
143794,5-6-2,975.5
143794,6-5-2,3680
143794,1-6-4,641.3
143794,2-6-4,3639
143794,3-6-4,2346
143794,4-6-3,1275
143794,5-6-3,1079
143794,6-5-3,2866
143794,1-6-5,404.3
143794,2-6-5,3639
143794,3-6-5,2264
143794,4-6-5,693.5
143794,5-6-4,958.2
143794,6-5-4,2364
143795,1-2-3,9.2
143795,2-1-3,44.6
143795,3-1-2,39.2
143795,4-1-2,138.2
143795,5-1-2,354.6
143795,6-1-2,389.9
143795,1-2-4,22.7
143795,2-1-4,92.9
143795,3-1-4,33.2
143795,4-1-3,76.3
143795,5-1-3,155.2
143795,6-1-3,194.4
143795,1-2-5,38.7
143795,2-1-5,154.3
143795,3-1-5,54.4
143795,4-1-5,131.8
143795,5-1-4,255.5
143795,6-1-4,297.1
143795,1-2-6,32.3
143795,2-1-6,120
143795,3-1-6,37.9
143795,4-1-6,82.6
143795,5-1-6,202.4
143795,6-1-5,560.9
143795,1-3-2,9.7
143795,2-3-1,78.7
143795,3-2-1,82.4
143795,4-2-1,198.1
143795,5-2-1,751.7
143795,6-2-1,685.3
143795,1-3-4,9.1
143795,2-3-4,178.9
143795,3-2-4,171
143795,4-2-3,266.1
143795,5-2-3,895.8
143795,6-2-3,985.4
143795,1-3-5,19.7
143795,2-3-5,245.2
143795,3-2-5,198.9
143795,4-2-5,380.6
143795,5-2-4,1091
143795,6-2-4,1135
143795,1-3-6,12.1
143795,2-3-6,219.7
143795,3-2-6,195.7
143795,4-2-6,295.7
143795,5-2-6,977.5
143795,6-2-5,1992
143795,1-4-2,33.5
143795,2-4-1,198.5
143795,3-4-1,60.2
143795,4-3-1,99.4
143795,5-3-1,216.2
143795,6-3-1,265.3
143795,1-4-3,19.4
143795,2-4-3,266.5
143795,3-4-2,161.5
143795,4-3-2,250.9
143795,5-3-2,694.5
143795,6-3-2,847.9
143795,1-4-5,44.4
143795,2-4-5,500.8
143795,3-4-5,114.5
143795,4-3-5,188.7
143795,5-3-4,485.5
143795,6-3-4,470.4
143795,1-4-6,26.8
143795,2-4-6,353.6
143795,3-4-6,71.2
143795,4-3-6,126.7
143795,5-3-6,417.6
143795,6-3-5,1030
143795,1-5-2,99.5
143795,2-5-1,485.5
143795,3-5-1,122.2
143795,4-5-1,178.6
143795,5-4-1,385.4
143795,6-4-1,420.5
143795,1-5-3,55.4
143795,2-5-3,567.9
143795,3-5-2,339.8
143795,4-5-2,403.7
143795,5-4-2,716.3
143795,6-4-2,887.1
143795,1-5-4,93.1
143795,2-5-4,904.7
143795,3-5-4,227.8
143795,4-5-3,272.5
143795,5-4-3,505
143795,6-4-3,545.8
143795,1-5-6,82.9
143795,2-5-6,826.8
143795,3-5-6,193.3
143795,4-5-6,186.1
143795,5-4-6,430.4
143795,6-4-5,857.9
143795,1-6-2,84.8
143795,2-6-1,419.1
143795,3-6-1,102.6
143795,4-6-1,140.2
143795,5-6-1,309.5
143795,6-5-1,834.3
143795,1-6-3,38
143795,2-6-3,551.6
143795,3-6-2,296.1
143795,4-6-2,329.3
143795,5-6-2,769.2
143795,6-5-2,1736
143795,1-6-4,59
143795,2-6-4,671.4
143795,3-6-4,146.3
143795,4-6-3,193.4
143795,5-6-3,443.5
143795,6-5-3,1375
143795,1-6-5,108
143795,2-6-5,927.7
143795,3-6-5,246.8
143795,4-6-5,258.7
143795,5-6-4,463.8
143795,6-5-4,1032
143796,1-2-3,76.3
143796,2-1-3,73.4
143796,3-1-2,134.9
143796,4-1-2,637.4
143796,5-1-2,130.4
143796,6-1-2,1766
143796,1-2-4,149.4
143796,2-1-4,157.9
143796,3-1-4,250.9
143796,4-1-3,663.6
143796,5-1-3,186.5
143796,6-1-3,2362
143796,1-2-5,75.4
143796,2-1-5,67.5
143796,3-1-5,138.4
143796,4-1-5,484.9
143796,5-1-4,317.3
143796,6-1-4,2612
143796,1-2-6,254.4
143796,2-1-6,225.9
143796,3-1-6,378.1
143796,4-1-6,907
143796,5-1-6,241.3
143796,6-1-5,1344
143796,1-3-2,102.7
143796,2-3-1,61.8
143796,3-2-1,84.9
143796,4-2-1,493.3
143796,5-2-1,84.7
143796,6-2-1,1508
143796,1-3-4,187.5
143796,2-3-4,27.2
143796,3-2-4,40.5
143796,4-2-3,206.4
143796,5-2-3,18.3
143796,6-2-3,429.8
143796,1-3-5,98.8
143796,2-3-5,10.2
143796,3-2-5,15.6
143796,4-2-5,104.7
143796,5-2-4,51.2
143796,6-2-4,701.2
143796,1-3-6,317.6
143796,2-3-6,37.6
143796,3-2-6,53.5
143796,4-2-6,262.3
143796,5-2-6,25.1
143796,6-2-5,212.5
143796,1-4-2,293.4
143796,2-4-1,190.2
143796,3-4-1,242.1
143796,4-3-1,559.5
143796,5-3-1,131.2
143796,6-3-1,2144
143796,1-4-3,327.4
143796,2-4-3,56.8
143796,3-4-2,78.9
143796,4-3-2,237.9
143796,5-3-2,27.1
143796,6-3-2,635.2
143796,1-4-5,269.2
143796,2-4-5,36.5
143796,3-4-5,61.4
143796,4-3-5,170.4
143796,5-3-4,76.3
143796,6-3-4,1301
143796,1-4-6,476.8
143796,2-4-6,101.9
143796,3-4-6,137.9
143796,4-3-6,388.8
143796,5-3-6,45.1
143796,6-3-5,506.7
143796,1-5-2,101.9
143796,2-5-1,56.2
143796,3-5-1,97
143796,4-5-1,329.1
143796,5-4-1,313.3
143796,6-4-1,2594
143796,1-5-3,119.1
143796,2-5-3,10.8
143796,3-5-2,21.3
143796,4-5-2,104.7
143796,5-4-2,95.7
143796,6-4-2,1120
143796,1-5-4,221.7
143796,2-5-4,26.3
143796,3-5-4,47
143796,4-5-3,161.9
143796,5-4-3,140.7
143796,6-4-3,1783
143796,1-5-6,223.2
143796,2-5-6,19.4
143796,3-5-6,41.1
143796,4-5-6,136.9
143796,5-4-6,124.3
143796,6-4-5,696
143796,1-6-2,782.6
143796,2-6-1,386
143796,3-6-1,595.4
143796,4-6-1,1081
143796,5-6-1,165.4
143796,6-5-1,802.9
143796,1-6-3,806.4
143796,2-6-3,108.6
143796,3-6-2,193.5
143796,4-6-2,467.8
143796,5-6-2,40.9
143796,6-5-2,175.3
143796,1-6-4,943.9
143796,2-6-4,176
143796,3-6-4,284
143796,4-6-3,607.1
143796,5-6-3,61.6
143796,6-5-3,332.4
143796,1-6-5,582.3
143796,2-6-5,73.6
143796,3-6-5,148.7
143796,4-6-5,326.8
143796,5-6-4,114.1
143796,6-5-4,478.6
143797,1-2-3,17.9
143797,2-1-3,38.2
143797,3-1-2,8.9
143797,4-1-2,108.9
143797,5-1-2,920.7
143797,6-1-2,3456
143797,1-2-4,48.2
143797,2-1-4,86.6
143797,3-1-4,7
143797,4-1-3,52.8
143797,5-1-3,565.2
143797,6-1-3,2267
143797,1-2-5,179.6
143797,2-1-5,282.2
143797,3-1-5,35.9
143797,4-1-5,214
143797,5-1-4,1240
143797,6-1-4,3978
143797,1-2-6,479.2
143797,2-1-6,932.9
143797,3-1-6,138.6
143797,4-1-6,605.8
143797,5-1-6,3400
143797,6-1-5,5271
143797,1-3-2,9.2
143797,2-3-1,33.3
143797,3-2-1,16.8
143797,4-2-1,182
143797,5-2-1,1326
143797,6-2-1,4392
143797,1-3-4,8.8
143797,2-3-4,41.3
143797,3-2-4,18.1
143797,4-2-3,98
143797,5-2-3,904.9
143797,6-2-3,4054
143797,1-3-5,45.1
143797,2-3-5,160.9
143797,3-2-5,75
143797,4-2-5,403.9
143797,5-2-4,1757
143797,6-2-4,4583
143797,1-3-6,164.3
143797,2-3-6,663
143797,3-2-6,302.9
143797,4-2-6,1059
143797,5-2-6,2317
143797,6-2-5,3904
143797,1-4-2,57.3
143797,2-4-1,146.6
143797,3-4-1,10
143797,4-3-1,45.6
143797,5-3-1,574.5
143797,6-3-1,2540
143797,1-4-3,28.6
143797,2-4-3,83.1
143797,3-4-2,14.2
143797,4-3-2,62.5
143797,5-3-2,714.7
143797,6-3-2,3294
143797,1-4-5,158
143797,2-4-5,424.2
143797,3-4-5,36.1
143797,4-3-5,146.5
143797,5-3-4,753
143797,6-3-4,1573
143797,1-4-6,488
143797,2-4-6,1396
143797,3-4-6,139.4
143797,4-3-6,426.8
143797,5-3-6,2196
143797,6-3-5,3055
143797,1-5-2,291.6
143797,2-5-1,714.7
143797,3-5-1,107.9
143797,4-5-1,400
143797,5-4-1,1351
143797,6-4-1,5271
143797,1-5-3,178.6
143797,2-5-3,496.1
143797,3-5-2,132.7
143797,4-5-2,504.4
143797,5-4-2,2087
143797,6-4-2,4134
143797,1-5-4,384.7
143797,2-5-4,941.2
143797,3-5-4,115
143797,4-5-3,301.2
143797,5-4-3,932.9
143797,6-4-3,1899
143797,1-5-6,1484
143797,2-5-6,1597
143797,3-5-6,457.3
143797,4-5-6,971.6
143797,5-4-6,3635
143797,6-4-5,3978
143797,1-6-2,1647
143797,2-6-1,2811
143797,3-6-1,609.3
143797,4-6-1,1609
143797,5-6-1,3904
143797,6-5-1,5406
143797,1-6-3,985.2
143797,2-6-3,2129
143797,3-6-2,804.7
143797,4-6-2,1899
143797,5-6-2,3346
143797,6-5-2,4685
143797,1-6-4,1597
143797,2-6-4,3012
143797,3-6-4,584
143797,4-6-3,924.7
143797,5-6-3,2342
143797,6-5-3,4134
143797,1-6-5,1802
143797,2-6-5,2267
143797,3-6-5,843.4
143797,4-6-5,1728
143797,5-6-4,3400
143797,6-5-4,4303
143798,1-2-3,5
143798,2-1-3,103.3
143798,3-1-2,239.9
143798,4-1-2,232
143798,5-1-2,90.9
143798,6-1-2,855.3
143798,1-2-4,7.1
143798,2-1-4,119.8
143798,3-1-4,306.4
143798,4-1-3,397.6
143798,5-1-3,171.6
143798,6-1-3,1493
143798,1-2-5,5
143798,2-1-5,78.6
143798,3-1-5,225.8
143798,4-1-5,190.8
143798,5-1-4,185.1
143798,6-1-4,1801
143798,1-2-6,59.4
143798,2-1-6,434.2
143798,3-1-6,964.3
143798,4-1-6,964.3
143798,5-1-6,405.2
143798,6-1-5,1157
143798,1-3-2,11.9
143798,2-3-1,341.4
143798,3-2-1,483.5
143798,4-2-1,459.4
143798,5-2-1,213.4
143798,6-2-1,1621
143798,1-3-4,18.8
143798,2-3-4,620
143798,3-2-4,812.4
143798,4-2-3,1063
143798,5-2-3,645.9
143798,6-2-3,4101
143798,1-3-5,12.4
143798,2-3-5,577.9
143798,3-2-5,905.3
143798,4-2-5,788
143798,5-2-4,786.2
143798,6-2-4,4479
143798,1-3-6,144.2
143798,2-3-6,2315
143798,3-2-6,2767
143798,4-2-6,2101
143798,5-2-6,1412
143798,6-2-5,3438
143798,1-4-2,18.3
143798,2-4-1,437.5
143798,3-4-1,721.2
143798,4-3-1,1044
143798,5-3-1,484.2
143798,6-3-1,3621
143798,1-4-3,30.2
143798,2-4-3,925
143798,3-4-2,1010
143798,4-3-2,1598
143798,5-3-2,891.1
143798,6-3-2,5319
143798,1-4-5,19.8
143798,2-4-5,758.1
143798,3-4-5,1161
143798,4-3-5,1791
143798,5-3-4,1598
143798,6-3-4,5319
143798,1-4-6,136.4
143798,2-4-6,2088
143798,3-4-6,2680
143798,4-3-6,4052
143798,5-3-6,2723
143798,6-3-5,6546
143798,1-5-2,8.7
143798,2-5-1,208.3
143798,3-5-1,489.8
143798,4-5-1,287.7
143798,5-4-1,415.6
143798,6-4-1,4728
143798,1-5-3,16.9
143798,2-5-3,675.4
143798,3-5-2,838.4
143798,4-5-2,637.5
143798,5-4-2,978.2
143798,6-4-2,5158
143798,1-5-4,21.4
143798,2-5-4,725.8
143798,3-5-4,1367
143798,4-5-3,1041
143798,5-4-3,1493
143798,6-4-3,6189
143798,1-5-6,69.7
143798,2-5-6,1668
143798,3-5-6,2909
143798,4-5-6,1304
143798,5-4-6,2063
143798,6-4-5,5237
143798,1-6-2,177.3
143798,2-6-1,1736
143798,3-6-1,3273
143798,4-6-1,2300
143798,5-6-1,1186
143798,6-5-1,2002
143798,1-6-3,343.8
143798,2-6-3,3583
143798,3-6-2,4309
143798,4-6-2,3404
143798,5-6-2,1880
143798,6-5-2,3438
143798,1-6-4,319.6
143798,2-6-4,3438
143798,3-6-4,4539
143798,4-6-3,4663
143798,5-6-3,2723
143798,6-5-3,6079
143798,1-6-5,223.3
143798,2-6-5,3211
143798,3-6-5,5006
143798,4-6-5,3583
143798,5-6-4,2745
143798,6-5-4,4479
143799,1-2-3,23
143799,2-1-3,188.3
143799,3-1-2,104.7
143799,4-1-2,49.5
143799,5-1-2,327.8
143799,6-1-2,912.3
143799,1-2-4,18.4
143799,2-1-4,157.7
143799,3-1-4,31.3
143799,4-1-3,27.4
143799,5-1-3,306.5
143799,6-1-3,646.9
143799,1-2-5,57.7
143799,2-1-5,352.3
143799,3-1-5,115.2
143799,4-1-5,42.6
143799,5-1-4,184.7
143799,6-1-4,423.2
143799,1-2-6,64
143799,2-1-6,481.1
143799,3-1-6,105.3
143799,4-1-6,41.5
143799,5-1-6,328.9
143799,6-1-5,1051
143799,1-3-2,18.6
143799,2-3-1,362.2
143799,3-2-1,351.6
143799,4-2-1,185.9
143799,5-2-1,752.6
143799,6-2-1,1727
143799,1-3-4,6.1
143799,2-3-4,563.9
143799,3-2-4,356.8
143799,4-2-3,354.2
143799,5-2-3,1401
143799,6-2-3,2330
143799,1-3-5,24.5
143799,2-3-5,1201
143799,3-2-5,792.7
143799,4-2-5,423.2
143799,5-2-4,1023
143799,6-2-4,2173
143799,1-3-6,21
143799,2-3-6,1585
143799,3-2-6,948.1
143799,4-2-6,435.6
143799,5-2-6,1422
143799,6-2-5,2975
143799,1-4-2,12.3
143799,2-4-1,332.3
143799,3-4-1,49.4
143799,4-3-1,60.2
143799,5-3-1,642.6
143799,6-3-1,921
143799,1-4-3,5.8
143799,2-4-3,614
143799,3-4-2,215.3
143799,4-3-2,259.9
143799,5-3-2,1298
143799,6-3-2,2686
143799,1-4-5,15.5
143799,2-4-5,948.1
143799,3-4-5,194.5
143799,4-3-5,255.1
143799,5-3-4,879.2
143799,6-3-4,1151
143799,1-4-6,12.2
143799,2-4-6,1111
143799,3-4-6,150.8
143799,4-3-6,182.6
143799,5-3-6,1256
143799,6-3-5,2649
143799,1-5-2,84.4
143799,2-5-1,962.3
143799,3-5-1,376.3
143799,4-5-1,93.8
143799,5-4-1,246.7
143799,6-4-1,559
143799,1-5-3,64.2
143799,2-5-3,1598
143799,3-5-2,799.2
143799,4-5-2,270.1
143799,5-4-2,749.7
143799,6-4-2,1859
143799,1-5-4,49.3
143799,2-5-4,1499
143799,3-5-4,466
143799,4-5-3,255.8
143799,5-4-3,690.8
143799,6-4-3,1216
143799,1-5-6,81.4
143799,2-5-6,2125
143799,3-5-6,779.9
143799,4-5-6,146.3
143799,5-4-6,488.4
143799,6-4-5,1343
143799,1-6-2,158.8
143799,2-6-1,1454
143799,3-6-1,436.6
143799,4-6-1,114
143799,5-6-1,662.4
143799,6-5-1,1391
143799,1-6-3,83.3
143799,2-6-3,2173
143799,3-6-2,1280
143799,4-6-2,382.2
143799,5-6-2,1371
143799,6-5-2,3170
143799,1-6-4,59.3
143799,2-6-4,1790
143799,3-6-4,432.7
143799,4-6-3,240.2
143799,5-6-3,1179
143799,6-5-3,2975
143799,1-6-5,139.3
143799,2-6-5,2686
143799,3-6-5,934.4
143799,4-6-5,202.9
143799,5-6-4,809.3
143799,6-5-4,1411
143800,1-2-3,9.1
143800,2-1-3,104
143800,3-1-2,122.2
143800,4-1-2,64.6
143800,5-1-2,425.7
143800,6-1-2,436.5
143800,1-2-4,8.1
143800,2-1-4,95.3
143800,3-1-4,83.7
143800,4-1-3,75.2
143800,5-1-3,455.6
143800,6-1-3,572.9
143800,1-2-5,28.5
143800,2-1-5,232.2
143800,3-1-5,169.8
143800,4-1-5,82.9
143800,5-1-4,354.9
143800,6-1-4,410.1
143800,1-2-6,21.6
143800,2-1-6,194.5
143800,3-1-6,167.6
143800,4-1-6,70.2
143800,5-1-6,443.5
143800,6-1-5,843.8
143800,1-3-2,11.8
143800,2-3-1,283.8
143800,3-2-1,280.1
143800,4-2-1,194.3
143800,5-2-1,1107
143800,6-2-1,857.8
143800,1-3-4,8.6
143800,2-3-4,531.8
143800,3-2-4,532.4
143800,4-2-3,488
143800,5-2-3,1751
143800,6-2-3,1751
143800,1-3-5,22.1
143800,2-3-5,1045
143800,3-2-5,850
143800,4-2-5,449.9
143800,5-2-4,1553
143800,6-2-4,1527
143800,1-3-6,21
143800,2-3-6,959.9
143800,3-2-6,880.4
143800,4-2-6,376.4
143800,5-2-6,1798
143800,6-2-5,2325
143800,1-4-2,9.1
143800,2-4-1,240.9
143800,3-4-1,161.5
143800,4-3-1,189.8
143800,5-3-1,1032
143800,6-3-1,1236
143800,1-4-3,10.4
143800,2-4-3,671.7
143800,3-4-2,424.6
143800,4-3-2,531.8
143800,5-3-2,1751
143800,6-3-2,2154
143800,1-4-5,18.6
143800,2-4-5,988.4
143800,3-4-5,461.5
143800,4-3-5,579.3
143800,5-3-4,1862
143800,6-3-4,1669
143800,1-4-6,14.2
143800,2-4-6,689.5
143800,3-4-6,365.5
143800,4-3-6,431.2
143800,5-3-6,2314
143800,6-3-5,2940
143800,1-5-2,55
143800,2-5-1,954.1
143800,3-5-1,501.6
143800,4-5-1,166.6
143800,5-4-1,497.8
143800,6-4-1,679.5
143800,1-5-3,58.5
143800,2-5-3,1640
143800,3-5-2,1014
143800,4-5-2,381.9
143800,5-4-2,1094
143800,6-4-2,1447
143800,1-5-4,55.7
143800,2-5-4,1542
143800,3-5-4,857.8
143800,4-5-3,451.2
143800,5-4-3,1438
143800,6-4-3,1712
143800,1-5-6,60.1
143800,2-5-6,1751
143800,3-5-6,982.1
143800,4-5-6,207.6
143800,5-4-6,728.2
143800,6-4-5,1488
143800,1-6-2,53.9
143800,2-6-1,700.9
143800,3-6-1,620.8
143800,4-6-1,190.5
143800,5-6-1,1007
143800,6-5-1,1558
143800,1-6-3,61.6
143800,2-6-3,1542
143800,3-6-2,1375
143800,4-6-2,399.2
143800,5-6-2,1847
143800,6-5-2,2816
143800,1-6-4,47.5
143800,2-6-4,1313
143800,3-6-4,882.1
143800,4-6-3,448.6
143800,5-6-3,2154
143800,6-5-3,2799
143800,1-6-5,87.1
143800,2-6-5,2077
143800,3-6-5,1574
143800,4-6-5,336.1
143800,5-6-4,1195
143800,6-5-4,1757
143861,1-2-3,10.6
143861,2-1-3,105.3
143861,3-1-2,100.7
143861,4-1-2,163.7
143861,5-1-2,79.9
143861,6-1-2,882
143861,1-2-4,10.1
143861,2-1-4,99.9
143861,3-1-4,92.5
143861,4-1-3,275.2
143861,5-1-3,82.3
143861,6-1-3,1080
143861,1-2-5,9.8
143861,2-1-5,96.1
143861,3-1-5,62.7
143861,4-1-5,131.2
143861,5-1-4,112.6
143861,6-1-4,1132
143861,1-2-6,27.7
143861,2-1-6,244.7
143861,3-1-6,156.3
143861,4-1-6,225.5
143861,5-1-6,89.4
143861,6-1-5,533.8
143861,1-3-2,14.1
143861,2-3-1,283.9
143861,3-2-1,295.8
143861,4-2-1,426.7
143861,5-2-1,221.2
143861,6-2-1,1784
143861,1-3-4,16.3
143861,2-3-4,418.1
143861,3-2-4,510.2
143861,4-2-3,864.3
143861,5-2-3,562.2
143861,6-2-3,2911
143861,1-3-5,11.3
143861,2-3-5,511.3
143861,3-2-5,434.9
143861,4-2-5,649.1
143861,5-2-4,634.4
143861,6-2-4,2510
143861,1-3-6,29.6
143861,2-3-6,1138
143861,3-2-6,798.9
143861,4-2-6,1005
143861,5-2-6,538
143861,6-2-5,2186
143861,1-4-2,18.6
143861,2-4-1,330.6
143861,3-4-1,294.7
143861,4-3-1,599.1
143861,5-3-1,182.3
143861,6-3-1,1883
143861,1-4-3,27.1
143861,2-4-3,720.1
143861,3-4-2,551.8
143861,4-3-2,990.7
143861,5-3-2,504.3
143861,6-3-2,2929
143861,1-4-5,16
143861,2-4-5,497.4
143861,3-4-5,375.4
143861,4-3-5,811.2
143861,5-3-4,540.4
143861,6-3-4,2965
143861,1-4-6,27.6
143861,2-4-6,1036
143861,3-4-6,549.8
143861,4-3-6,1068
143861,5-3-6,427.5
143861,6-3-5,2045
143861,1-5-2,15.5
143861,2-5-1,244.7
143861,3-5-1,139.9
143861,4-5-1,214.5
143861,5-4-1,264
143861,6-4-1,1818
143861,1-5-3,18.2
143861,2-5-3,565.6
143861,3-5-2,327.2
143861,4-5-2,413.3
143861,5-4-2,620.3
143861,6-4-2,2524
143861,1-5-4,18.2
143861,2-5-4,555
143861,3-5-4,356
143861,4-5-3,647.4
143861,5-4-3,684.7
143861,6-4-3,3163
143861,1-5-6,22.5
143861,2-5-6,823.8
143861,3-5-6,325.2
143861,4-5-6,283.6
143861,5-4-6,360.8
143861,6-4-5,1818
143861,1-6-2,96.5
143861,2-6-1,1113
143861,3-6-1,753.2
143861,4-6-1,647.4
143861,5-6-1,227.7
143861,6-5-1,637.8
143861,1-6-3,97.1
143861,2-6-3,1883
143861,3-6-2,1460
143861,4-6-2,1088
143861,5-6-2,461.6
143861,6-5-2,1239
143861,1-6-4,75.4
143861,2-6-4,1707
143861,3-6-4,1455
143861,4-6-3,1487
143861,5-6-3,543.5
143861,6-5-3,1636
143861,1-6-5,61.1
143861,2-6-5,1561
143861,3-6-5,832.5
143861,4-6-5,643.8
143861,5-6-4,465.7
143861,6-5-4,1395
143862,1-2-3,8.3
143862,2-1-3,65
143862,3-1-2,131.7
143862,4-1-2,72.3
143862,5-1-2,188.9
143862,6-1-2,460.5
143862,1-2-4,7.3
143862,2-1-4,52.7
143862,3-1-4,116.2
143862,4-1-3,153.6
143862,5-1-3,286.2
143862,6-1-3,751.1
143862,1-2-5,10.3
143862,2-1-5,68.4
143862,3-1-5,135.2
143862,4-1-5,69.5
143862,5-1-4,213.4
143862,6-1-4,623.6
143862,1-2-6,18.7
143862,2-1-6,90.5
143862,3-1-6,204.2
143862,4-1-6,91.4
143862,5-1-6,207
143862,6-1-5,586.3
143862,1-3-2,13.6
143862,2-3-1,214.4
143862,3-2-1,268.8
143862,4-2-1,151.7
143862,5-2-1,367.6
143862,6-2-1,816.3
143862,1-3-4,18
143862,2-3-4,320.9
143862,3-2-4,359.7
143862,4-2-3,388.9
143862,5-2-3,854.9
143862,6-2-3,1735
143862,1-3-5,20.3
143862,2-3-5,407.4
143862,3-2-5,448.7
143862,4-2-5,213
143862,5-2-4,665.1
143862,6-2-4,1351
143862,1-3-6,36.3
143862,2-3-6,561.1
143862,3-2-6,667
143862,4-2-6,270.2
143862,5-2-6,569.2
143862,6-2-5,1572
143862,1-4-2,12.9
143862,2-4-1,159.5
143862,3-4-1,261.3
143862,4-3-1,300
143862,5-3-1,712.4
143862,6-3-1,1774
143862,1-4-3,23.1
143862,2-4-3,389.5
143862,3-4-2,371.1
143862,4-3-2,446.9
143862,5-3-2,1187
143862,6-3-2,2815
143862,1-4-5,20
143862,2-4-5,305.1
143862,3-4-5,274.8
143862,4-3-5,302.2
143862,5-3-4,1071
143862,6-3-4,2228
143862,1-4-6,24.8
143862,2-4-6,382.9
143862,3-4-6,540.5
143862,4-3-6,564.5
143862,5-3-6,1328
143862,6-3-5,2474
143862,1-5-2,27.3
143862,2-5-1,265.8
143862,3-5-1,408.1
143862,4-5-1,97.2
143862,5-4-1,273
143862,6-4-1,967.5
143862,1-5-3,46.5
143862,2-5-3,589.2
143862,3-5-2,602
143862,4-5-2,159.9
143862,5-4-2,449.9
143862,6-4-2,1370
143862,1-5-4,42.3
143862,2-5-4,493.9
143862,3-5-4,470.2
143862,4-5-3,292.6
143862,5-4-3,717.9
143862,6-4-3,2062
143862,1-5-6,40.8
143862,2-5-6,543.6
143862,3-5-6,734.7
143862,4-5-6,117
143862,5-4-6,319.8
143862,6-4-5,1020
143862,1-6-2,56.4
143862,2-6-1,473
143862,3-6-1,788.9
143862,4-6-1,190.2
143862,5-6-1,367.9
143862,6-5-1,842.7
143862,1-6-3,90.1
143862,2-6-3,1119
143862,3-6-2,1270
143862,4-6-2,267
143862,5-6-2,713.5
143862,6-5-2,1610
143862,1-6-4,66.8
143862,2-6-4,754.7
143862,3-6-4,1083
143862,4-6-3,574.1
143862,5-6-3,1124
143862,6-5-3,2282
143862,1-6-5,67.8
143862,2-6-5,882.2
143862,3-6-5,1056
143862,4-6-5,187.7
143862,5-6-4,535.5
143862,6-5-4,1181
143863,1-2-3,5.6
143863,2-1-3,14.5
143863,3-1-2,60.6
143863,4-1-2,74.4
143863,5-1-2,329.5
143863,6-1-2,659.1
143863,1-2-4,8.3
143863,2-1-4,17.2
143863,3-1-4,74.8
143863,4-1-3,155.6
143863,5-1-3,451.9
143863,6-1-3,1134
143863,1-2-5,18.4
143863,2-1-5,37.8
143863,3-1-5,132.2
143863,4-1-5,177.2
143863,5-1-4,516.1
143863,6-1-4,1464
143863,1-2-6,20.3
143863,2-1-6,43.4
143863,3-1-6,153.4
143863,4-1-6,190.5
143863,5-1-6,632.5
143863,6-1-5,2055
143863,1-3-2,10.7
143863,2-3-1,40.2
143863,3-2-1,82.5
143863,4-2-1,106.6
143863,5-2-1,475.8
143863,6-2-1,1023
143863,1-3-4,17.9
143863,2-3-4,64.3
143863,3-2-4,121.2
143863,4-2-3,217.6
143863,5-2-3,666.6
143863,6-2-3,1446
143863,1-3-5,31.8
143863,2-3-5,100
143863,3-2-5,172.7
143863,4-2-5,309.9
143863,5-2-4,954.5
143863,6-2-4,1961
143863,1-3-6,40.4
143863,2-3-6,113.2
143863,3-2-6,179.1
143863,4-2-6,228.8
143863,5-2-6,915.4
143863,6-2-5,2911
143863,1-4-2,17.8
143863,2-4-1,57.2
143863,3-4-1,169.7
143863,4-3-1,313.9
143863,5-3-1,876
143863,6-3-1,1768
143863,1-4-3,28.4
143863,2-4-3,98.8
143863,3-4-2,167
143863,4-3-2,324.8
143863,5-3-2,869.5
143863,6-3-2,1578
143863,1-4-5,51.9
143863,2-4-5,170.6
143863,3-4-5,304.1
143863,4-3-5,644.6
143863,5-3-4,1742
143863,6-3-4,2603
143863,1-4-6,54.8
143863,2-4-6,151.5
143863,3-4-6,286.3
143863,4-3-6,516.1
143863,5-3-6,1795
143863,6-3-5,3497
143863,1-5-2,56.7
143863,2-5-1,165.3
143863,3-5-1,349.7
143863,4-5-1,295.3
143863,5-4-1,760.8
143863,6-4-1,2073
143863,1-5-3,81.2
143863,2-5-3,215.4
143863,3-5-2,304.9
143863,4-5-2,308.3
143863,5-4-2,980.5
143863,6-4-2,1830
143863,1-5-4,115.5
143863,2-5-4,318.1
143863,3-5-4,507.7
143863,4-5-3,617.5
143863,5-4-3,1578
143863,6-4-3,2929
143863,1-5-6,145.8
143863,2-5-6,391.2
143863,3-5-6,586.5
143863,4-5-6,346.1
143863,5-4-6,1143
143863,6-4-5,3371
143863,1-6-2,92.9
143863,2-6-1,249
143863,3-6-1,584.3
143863,4-6-1,369.6
143863,5-6-1,1415
143863,6-5-1,2603
143863,1-6-3,142.5
143863,2-6-3,407.2
143863,3-6-2,551.3
143863,4-6-2,371.9
143863,5-6-2,1616
143863,6-5-2,3421
143863,1-6-4,188.1
143863,2-6-4,471.9
143863,3-6-4,797
143863,4-6-3,713.3
143863,5-6-3,2083
143863,6-5-3,4594
143863,1-6-5,258.5
143863,2-6-5,674.3
143863,3-6-5,1070
143863,4-6-5,622.4
143863,5-6-4,2002
143863,6-5-4,3873
143864,1-2-3,18
143864,2-1-3,100.7
143864,3-1-2,61.8
143864,4-1-2,224.3
143864,5-1-2,216.5
143864,6-1-2,1535
143864,1-2-4,26.4
143864,2-1-4,126.1
143864,3-1-4,25
143864,4-1-3,127.3
143864,5-1-3,109.7
143864,6-1-3,1049
143864,1-2-5,32
143864,2-1-5,150.5
143864,3-1-5,25.7
143864,4-1-5,139.4
143864,5-1-4,178
143864,6-1-4,1906
143864,1-2-6,61.4
143864,2-1-6,257.2
143864,3-1-6,57.4
143864,4-1-6,246.3
143864,5-1-6,213.2
143864,6-1-5,1478
143864,1-3-2,14.4
143864,2-3-1,167.2
143864,3-2-1,144.6
143864,4-2-1,478.5
143864,5-2-1,499.4
143864,6-2-1,2747
143864,1-3-4,6.7
143864,2-3-4,141.6
143864,3-2-4,119.4
143864,4-2-3,534.2
143864,5-2-3,613.7
143864,6-2-3,3148
143864,1-3-5,8.2
143864,2-3-5,156.9
143864,3-2-5,125.3
143864,4-2-5,604.5
143864,5-2-4,798.2
143864,6-2-4,4344
143864,1-3-6,22.6
143864,2-3-6,240.9
143864,3-2-6,169.6
143864,4-2-6,667.1
143864,5-2-6,788.1
143864,6-2-5,3166
143864,1-4-2,29.2
143864,2-4-1,232
143864,3-4-1,54.4
143864,4-3-1,170.1
143864,5-3-1,174.1
143864,6-3-1,1494
143864,1-4-3,13.3
143864,2-4-3,239.4
143864,3-4-2,108.7
143864,4-3-2,504.4
143864,5-3-2,540.3
143864,6-3-2,3786
143864,1-4-5,19.1
143864,2-4-5,316.9
143864,3-4-5,57.5
143864,4-3-5,201.7
143864,5-3-4,275.7
143864,6-3-4,2405
143864,1-4-6,42
143864,2-4-6,424.2
143864,3-4-6,87.5
143864,4-3-6,293.8
143864,5-3-6,412.6
143864,6-3-5,1886
143864,1-5-2,41.9
143864,2-5-1,293.8
143864,3-5-1,63.6
143864,4-5-1,200.4
143864,5-4-1,304.3
143864,6-4-1,2618
143864,1-5-3,19.2
143864,2-5-3,304.5
143864,3-5-2,131.8
143864,4-5-2,475.3
143864,5-4-2,791.5
143864,6-4-2,4090
143864,1-5-4,31.8
143864,2-5-4,401.7
143864,3-5-4,74.2
143864,4-5-3,256.7
143864,5-4-3,366.9
143864,6-4-3,2594
143864,1-5-6,50
143864,2-5-6,440.5
143864,3-5-6,101
143864,4-5-6,306.3
143864,5-4-6,523.2
143864,6-4-5,2436
143864,1-6-2,197.4
143864,2-6-1,1105
143864,3-6-1,223.8
143864,4-6-1,590.5
143864,5-6-1,495
143864,6-5-1,1569
143864,1-6-3,120.1
143864,2-6-3,1343
143864,3-6-2,469.7
143864,4-6-2,895.1
143864,5-6-2,908.2
143864,6-5-2,3079
143864,1-6-4,172.9
143864,2-6-4,1740
143864,3-6-4,302.9
143864,4-6-3,810.9
143864,5-6-3,690.1
143864,6-5-3,1912
143864,1-6-5,162.2
143864,2-6-5,1387
143864,3-6-5,263
143864,4-6-5,709.3
143864,5-6-4,810.9
143864,6-5-4,2873
143865,1-2-3,10.3
143865,2-1-3,42.9
143865,3-1-2,35.9
143865,4-1-2,238.8
143865,5-1-2,259.8
143865,6-1-2,962.6
143865,1-2-4,23.2
143865,2-1-4,78.7
143865,3-1-4,27.6
143865,4-1-3,160.9
143865,5-1-3,142.9
143865,6-1-3,559.4
143865,1-2-5,39.3
143865,2-1-5,93.1
143865,3-1-5,28.7
143865,4-1-5,211.2
143865,5-1-4,320.4
143865,6-1-4,908.6
143865,1-2-6,62.6
143865,2-1-6,137.9
143865,3-1-6,56.2
143865,4-1-6,257.8
143865,5-1-6,277.1
143865,6-1-5,1229
143865,1-3-2,9
143865,2-3-1,60
143865,3-2-1,68.2
143865,4-2-1,415.5
143865,5-2-1,497.5
143865,6-2-1,1393
143865,1-3-4,6.6
143865,2-3-4,69.3
143865,3-2-4,71.8
143865,4-2-3,319.7
143865,5-2-3,350.9
143865,6-2-3,1167
143865,1-3-5,10.8
143865,2-3-5,72.6
143865,3-2-5,74.6
143865,4-2-5,618.1
143865,5-2-4,837
143865,6-2-4,2241
143865,1-3-6,22
143865,2-3-6,136.9
143865,3-2-6,128.7
143865,4-2-6,613.5
143865,5-2-6,716.6
143865,6-2-5,1993
143865,1-4-2,38.2
143865,2-4-1,226.2
143865,3-4-1,71.3
143865,4-3-1,206.2
143865,5-3-1,208.5
143865,6-3-1,851.3
143865,1-4-3,17.4
143865,2-4-3,179.5
143865,3-4-2,105
143865,4-3-2,281.1
143865,5-3-2,310.2
143865,6-3-2,1111
143865,1-4-5,44
143865,2-4-5,331.5
143865,3-4-5,88
143865,4-3-5,294.7
143865,5-3-4,422.6
143865,6-3-4,1090
143865,1-4-6,56.6
143865,2-4-6,395.2
143865,3-4-6,121.9
143865,4-3-6,312.9
143865,5-3-6,372.5
143865,6-3-5,1314
143865,1-5-2,64.2
143865,2-5-1,291.8
143865,3-5-1,86.6
143865,4-5-1,311
143865,5-4-1,548.5
143865,6-4-1,1465
143865,1-5-3,34.9
143865,2-5-3,210
143865,3-5-2,124.3
143865,4-5-2,490
143865,5-4-2,846.8
143865,6-4-2,2117
143865,1-5-4,58.9
143865,2-5-4,423.7
143865,3-5-4,142
143865,4-5-3,364.1
143865,5-4-3,541.6
143865,6-4-3,1282
143865,1-5-6,86.2
143865,2-5-6,448.6
143865,3-5-6,135.1
143865,4-5-6,326
143865,5-4-6,593.8
143865,6-4-5,1718
143865,1-6-2,143
143865,2-6-1,572.3
143865,3-6-1,254.9
143865,4-6-1,521.6
143865,5-6-1,658.4
143865,6-5-1,1746
143865,1-6-3,80.2
143865,2-6-3,458.8
143865,3-6-2,335.1
143865,4-6-2,768.5
143865,5-6-2,918.9
143865,6-5-2,1951
143865,1-6-4,121.3
143865,2-6-4,726.3
143865,3-6-4,320.4
143865,4-6-3,542.1
143865,5-6-3,653.7
143865,6-5-3,1531
143865,1-6-5,183.3
143865,2-6-5,800.8
143865,3-6-5,330.3
143865,4-6-5,550.4
143865,5-6-4,889.9
143865,6-5-4,1770
143866,1-2-3,5.7
143866,2-1-3,23.9
143866,3-1-2,38.3
143866,4-1-2,208.6
143866,5-1-2,395.7
143866,6-1-2,762.3
143866,1-2-4,11.4
143866,2-1-4,42.1
143866,3-1-4,49.6
143866,4-1-3,230.6
143866,5-1-3,358.9
143866,6-1-3,669
143866,1-2-5,18.1
143866,2-1-5,61
143866,3-1-5,56.3
143866,4-1-5,280
143866,5-1-4,518.5
143866,6-1-4,1024
143866,1-2-6,23.9
143866,2-1-6,64.6
143866,3-1-6,65.2
143866,4-1-6,314
143866,5-1-6,551.9
143866,6-1-5,1432
143866,1-3-2,6.9
143866,2-3-1,45.8
143866,3-2-1,66.4
143866,4-2-1,333.7
143866,5-2-1,732.1
143866,6-2-1,1224
143866,1-3-4,11.5
143866,2-3-4,104.1
143866,3-2-4,140.6
143866,4-2-3,532
143866,5-2-3,886
143866,6-2-3,1456
143866,1-3-5,14.1
143866,2-3-5,130.1
143866,3-2-5,166.2
143866,4-2-5,670.5
143866,5-2-4,1528
143866,6-2-4,2020
143866,1-3-6,19.8
143866,2-3-6,127.2
143866,3-2-6,166.8
143866,4-2-6,658.5
143866,5-2-6,1271
143866,6-2-5,2719
143866,1-4-2,25.7
143866,2-4-1,149.3
143866,3-4-1,132.6
143866,4-3-1,385.4
143866,5-3-1,567.9
143866,6-3-1,851.4
143866,1-4-3,28.2
143866,2-4-3,215.5
143866,3-4-2,219
143866,4-3-2,658.5
143866,5-3-2,962.6
143866,6-3-2,1464
143866,1-4-5,51.2
143866,2-4-5,360.2
143866,3-4-5,233
143866,4-3-5,724
143866,5-3-4,1565
143866,6-3-4,1909
143866,1-4-6,53.8
143866,2-4-6,303
143866,3-4-6,231.8
143866,4-3-6,618.5
143866,5-3-6,1329
143866,6-3-5,2448
143866,1-5-2,49.8
143866,2-5-1,302.6
143866,3-5-1,196.1
143866,4-5-1,461.3
143866,5-4-1,850.2
143866,6-4-1,1528
143866,1-5-3,45.6
143866,2-5-3,386.1
143866,3-5-2,333.3
143866,4-5-2,742.2
143866,5-4-2,1381
143866,6-4-2,2350
143866,1-5-4,86.1
143866,2-5-4,705.8
143866,3-5-4,382.4
143866,4-5-3,793.1
143866,5-4-3,1671
143866,6-4-3,2670
143866,1-5-6,81.9
143866,2-5-6,663.7
143866,3-5-6,348.9
143866,4-5-6,588.3
143866,5-4-6,1291
143866,6-4-5,3026
143866,1-6-2,100.3
143866,2-6-1,409.2
143866,3-6-1,266
143866,4-6-1,637.2
143866,5-6-1,1323
143866,6-5-1,2177
143866,1-6-3,92.6
143866,2-6-3,465.3
143866,3-6-2,438
143866,4-6-2,886
143866,5-6-2,2287
143866,6-5-2,3057
143866,1-6-4,144.6
143866,2-6-4,782.6
143866,3-6-4,477.4
143866,4-6-3,875.4
143866,5-6-3,1603
143866,6-5-3,2565
143866,1-6-5,168.6
143866,2-6-5,991.7
143866,3-6-5,514
143866,4-6-5,917.7
143866,5-6-4,2041
143866,6-5-4,3155
143867,1-2-3,11.1
143867,2-1-3,44.1
143867,3-1-2,64.3
143867,4-1-2,73.7
143867,5-1-2,109.9
143867,6-1-2,1470
143867,1-2-4,12.6
143867,2-1-4,45
143867,3-1-4,39.1
143867,4-1-3,90.7
143867,5-1-3,105.6
143867,6-1-3,1848
143867,1-2-5,23.5
143867,2-1-5,59.9
143867,3-1-5,41.8
143867,4-1-5,66.1
143867,5-1-4,89.7
143867,6-1-4,1453
143867,1-2-6,68.9
143867,2-1-6,151.4
143867,3-1-6,146.1
143867,4-1-6,123.8
143867,5-1-6,168.2
143867,6-1-5,1977
143867,1-3-2,14
143867,2-3-1,96.1
143867,3-2-1,136.2
143867,4-2-1,132
143867,5-2-1,245.2
143867,6-2-1,2088
143867,1-3-4,10.7
143867,2-3-4,93.4
143867,3-2-4,117.6
143867,4-2-3,228.2
143867,5-2-3,323.5
143867,6-2-3,2341
143867,1-3-5,14.8
143867,2-3-5,116.3
143867,3-2-5,135.5
143867,4-2-5,144.5
143867,5-2-4,264.3
143867,6-2-4,1914
143867,1-3-6,58.1
143867,2-3-6,281.9
143867,3-2-6,331.7
143867,4-2-6,231.1
143867,5-2-6,415.3
143867,6-2-5,2752
143867,1-4-2,19.5
143867,2-4-1,88.9
143867,3-4-1,82.2
143867,4-3-1,165.3
143867,5-3-1,211.4
143867,6-3-1,2332
143867,1-4-3,19.3
143867,2-4-3,117.8
143867,3-4-2,134.9
143867,4-3-2,268.6
143867,5-3-2,376.5
143867,6-3-2,2790
143867,1-4-5,22.8
143867,2-4-5,120
143867,3-4-5,100.3
143867,4-3-5,200
143867,5-3-4,243
143867,6-3-4,2714
143867,1-4-6,51.9
143867,2-4-6,241.4
143867,3-4-6,228.2
143867,4-3-6,368.8
143867,5-3-6,468.3
143867,6-3-5,2790
143867,1-5-2,32.4
143867,2-5-1,151.6
143867,3-5-1,109.1
143867,4-5-1,75.9
143867,5-4-1,126
143867,6-4-1,1496
143867,1-5-3,28.7
143867,2-5-3,193.5
143867,3-5-2,179.1
143867,4-5-2,102.7
143867,5-4-2,188.2
143867,6-4-2,1496
143867,1-5-4,31.1
143867,2-5-4,189.4
143867,3-5-4,136.3
143867,4-5-3,148
143867,5-4-3,196.1
143867,6-4-3,2332
143867,1-5-6,83.1
143867,2-5-6,439.4
143867,3-5-6,286
143867,4-5-6,103.8
143867,5-4-6,210.2
143867,6-4-5,1504
143867,1-6-2,216.3
143867,2-6-1,762.7
143867,3-6-1,632.6
143867,4-6-1,234.6
143867,5-6-1,564.4
143867,6-5-1,1932
143867,1-6-3,218.3
143867,2-6-3,1060
143867,3-6-2,947.9
143867,4-6-2,288.3
143867,5-6-2,760.7
143867,6-5-2,2488
143867,1-6-4,185.1
143867,2-6-4,783.7
143867,3-6-4,731.8
143867,4-6-3,414.7
143867,5-6-3,882.1
143867,6-5-3,2871
143867,1-6-5,228.9
143867,2-6-5,1093
143867,3-6-5,845.9
143867,4-6-5,223.8
143867,5-6-4,565.5
143867,6-5-4,1696
143868,1-2-3,14.6
143868,2-1-3,38.3
143868,3-1-2,196.5
143868,4-1-2,39.3
143868,5-1-2,237.3
143868,6-1-2,369.6
143868,1-2-4,8
143868,2-1-4,19.6
143868,3-1-4,174.5
143868,4-1-3,106.9
143868,5-1-3,408.4
143868,6-1-3,694.7
143868,1-2-5,26.9
143868,2-1-5,44
143868,3-1-5,260.7
143868,4-1-5,49.5
143868,5-1-4,205.6
143868,6-1-4,350.8
143868,1-2-6,25.2
143868,2-1-6,40.5
143868,3-1-6,277.5
143868,4-1-6,47.6
143868,5-1-6,248.8
143868,6-1-5,756.4
143868,1-3-2,30.8
143868,2-3-1,116.9
143868,3-2-1,273.5
143868,4-2-1,61.5
143868,5-2-1,401
143868,6-2-1,495.8
143868,1-3-4,27.6
143868,2-3-4,103.1
143868,3-2-4,213
143868,4-2-3,123.2
143868,5-2-3,631.6
143868,6-2-3,741.6
143868,1-3-5,52.4
143868,2-3-5,200
143868,3-2-5,384.2
143868,4-2-5,80.9
143868,5-2-4,318.1
143868,6-2-4,329.5
143868,1-3-6,57.5
143868,2-3-6,164.3
143868,3-2-6,317.9
143868,4-2-6,59
143868,5-2-6,358.7
143868,6-2-5,701.2
143868,1-4-2,12.8
143868,2-4-1,38.1
143868,3-4-1,310.1
143868,4-3-1,287.2
143868,5-3-1,951.8
143868,6-3-1,1492
143868,1-4-3,24.7
143868,2-4-3,86.4
143868,3-4-2,272.6
143868,4-3-2,225.4
143868,5-3-2,990.8
143868,6-3-2,1073
143868,1-4-5,24.4
143868,2-4-5,68.9
143868,3-4-5,377.3
143868,4-3-5,273.2
143868,5-3-4,888.8
143868,6-3-4,911.6
143868,1-4-6,22.8
143868,2-4-6,48.5
143868,3-4-6,302.2
143868,4-3-6,196.3
143868,5-3-6,924.2
143868,6-3-5,1425
143868,1-5-2,54.7
143868,2-5-1,154.8
143868,3-5-1,603.2
143868,4-5-1,67.9
143868,5-4-1,207
143868,6-4-1,412
143868,1-5-3,90.3
143868,2-5-3,288.3
143868,3-5-2,645.7
143868,4-5-2,69.4
143868,5-4-2,232.1
143868,6-4-2,282.5
143868,1-5-4,56.6
143868,2-5-4,153.9
143868,3-5-4,618.6
143868,4-5-3,192.9
143868,5-4-3,496.2
143868,6-4-3,629.6
143868,1-5-6,86.9
143868,2-5-6,197.2
143868,3-5-6,718.7
143868,4-5-6,54.9
143868,5-4-6,187.3
143868,6-4-5,420.6
143868,1-6-2,80.8
143868,2-6-1,154
143868,3-6-1,769
143868,4-6-1,74.9
143868,5-6-1,518.8
143868,6-5-1,1073
143868,1-6-3,140.2
143868,2-6-3,281.2
143868,3-6-2,679.1
143868,4-6-2,67.7
143868,5-6-2,492.2
143868,6-5-2,802.7
143868,1-6-4,80.9
143868,2-6-4,125.3
143868,3-6-4,610.5
143868,4-6-3,178.8
143868,5-6-3,843
143868,6-5-3,1264
143868,1-6-5,152.8
143868,2-6-5,290.8
143868,3-6-5,978
143868,4-6-5,82.3
143868,5-6-4,362.8
143868,6-5-4,569.1
143869,1-2-3,9.2
143869,2-1-3,73.7
143869,3-1-2,126
143869,4-1-2,83.6
143869,5-1-2,103.5
143869,6-1-2,1025
143869,1-2-4,12.3
143869,2-1-4,73.6
143869,3-1-4,103.9
143869,4-1-3,148.2
143869,5-1-3,106.4
143869,6-1-3,1278
143869,1-2-5,10.6
143869,2-1-5,74.2
143869,3-1-5,80.3
143869,4-1-5,54.5
143869,5-1-4,102.6
143869,6-1-4,1219
143869,1-2-6,32.8
143869,2-1-6,138.7
143869,3-1-6,164.8
143869,4-1-6,87.4
143869,5-1-6,111.8
143869,6-1-5,895.6
143869,1-3-2,12.5
143869,2-3-1,215.7
143869,3-2-1,287.4
143869,4-2-1,221.3
143869,5-2-1,251.2
143869,6-2-1,1722
143869,1-3-4,14.6
143869,2-3-4,412.1
143869,3-2-4,541.4
143869,4-2-3,563.2
143869,5-2-3,487.4
143869,6-2-3,3535
143869,1-3-5,12.2
143869,2-3-5,353.1
143869,3-2-5,489.3
143869,4-2-5,291.7
143869,5-2-4,517.6
143869,6-2-4,2782
143869,1-3-6,31.7
143869,2-3-6,716.3
143869,3-2-6,817.6
143869,4-2-6,395.1
143869,5-2-6,437
143869,6-2-5,2546
143869,1-4-2,17.7
143869,2-4-1,223.3
143869,3-4-1,268.5
143869,4-3-1,380.8
143869,5-3-1,292.7
143869,6-3-1,1926
143869,1-4-3,23.1
143869,2-4-3,517.1
143869,3-4-2,566.9
143869,4-3-2,813.2
143869,5-3-2,568.5
143869,6-3-2,3664
143869,1-4-5,16.5
143869,2-4-5,380.6
143869,3-4-5,386.9
143869,4-3-5,505.8
143869,5-3-4,552.3
143869,6-3-4,3163
143869,1-4-6,29.2
143869,2-4-6,575.6
143869,3-4-6,560
143869,4-3-6,697.1
143869,5-3-6,634.6
143869,6-3-5,2338
143869,1-5-2,19.7
143869,2-5-1,207.6
143869,3-5-1,214.1
143869,4-5-1,71.3
143869,5-4-1,136
143869,6-4-1,1565
143869,1-5-3,21.7
143869,2-5-3,503.3
143869,3-5-2,502
143869,4-5-2,156.1
143869,5-4-2,311.3
143869,6-4-2,2276
143869,1-5-4,28.6
143869,2-5-4,458
143869,3-5-4,463.3
143869,4-5-3,263
143869,5-4-3,432.9
143869,6-4-3,3266
143869,1-5-6,35.1
143869,2-5-6,455.9
143869,3-5-6,508.8
143869,4-5-6,98.7
143869,5-4-6,176.6
143869,6-4-5,1020
143869,1-6-2,100.8
143869,2-6-1,737.3
143869,3-6-1,726.6
143869,4-6-1,245.3
143869,5-6-1,295.1
143869,6-5-1,966.2
143869,1-6-3,112
143869,2-6-3,1407
143869,3-6-2,1624
143869,4-6-2,413.8
143869,5-6-2,522.1
143869,6-5-2,2030
143869,1-6-4,105.2
143869,2-6-4,1417
143869,3-6-4,1451
143869,4-6-3,647.6
143869,5-6-3,692.3
143869,6-5-3,2694
143869,1-6-5,93.2
143869,2-6-5,1121
143869,3-6-5,1157
143869,4-6-5,223.1
143869,5-6-4,370.5
143869,6-5-4,1027
143870,1-2-3,8.1
143870,2-1-3,50.5
143870,3-1-2,99.2
143870,4-1-2,63.7
143870,5-1-2,242.7
143870,6-1-2,1210
143870,1-2-4,6.1
143870,2-1-4,37.1
143870,3-1-4,60.6
143870,4-1-3,104
143870,5-1-3,363.1
143870,6-1-3,1832
143870,1-2-5,14.8
143870,2-1-5,77.1
143870,3-1-5,146.2
143870,4-1-5,70.9
143870,5-1-4,214.1
143870,6-1-4,1120
143870,1-2-6,33.1
143870,2-1-6,144
143870,3-1-6,254.5
143870,4-1-6,132.2
143870,5-1-6,357.4
143870,6-1-5,2003
143870,1-3-2,12.5
143870,2-3-1,164.6
143870,3-2-1,234
143870,4-2-1,163.3
143870,5-2-1,498.5
143870,6-2-1,2108
143870,1-3-4,9.4
143870,2-3-4,196.2
143870,3-2-4,256
143870,4-2-3,447.5
143870,5-2-3,1457
143870,6-2-3,4329
143870,1-3-5,24.1
143870,2-3-5,601.1
143870,3-2-5,600.6
143870,4-2-5,348.6
143870,5-2-4,971
143870,6-2-4,3135
143870,1-3-6,50.1
143870,2-3-6,809.9
143870,3-2-6,826.5
143870,4-2-6,521.3
143870,5-2-6,1184
143870,6-2-5,4278
143870,1-4-2,8.8
143870,2-4-1,113.1
143870,3-4-1,161.4
143870,4-3-1,257.5
143870,5-3-1,947
143870,6-3-1,3162
143870,1-4-3,13.9
143870,2-4-3,264
143870,3-4-2,363.6
143870,4-3-2,617.4
143870,5-3-2,1949
143870,6-3-2,4947
143870,1-4-5,14.6
143870,2-4-5,306.8
143870,3-4-5,412.5
143870,4-3-5,586.5
143870,5-3-4,1493
143870,6-3-4,3565
143870,1-4-6,31.5
143870,2-4-6,497.5
143870,3-4-6,657
143870,4-3-6,840.8
143870,5-3-6,2597
143870,6-3-5,4603
143870,1-5-2,35
143870,2-5-1,324.5
143870,3-5-1,621.6
143870,4-5-1,141.4
143870,5-4-1,322.2
143870,6-4-1,1337
143870,1-5-3,54.1
143870,2-5-3,942.1
143870,3-5-2,1141
143870,4-5-2,275.6
143870,5-4-2,802.8
143870,6-4-2,2516
143870,1-5-4,36.6
143870,2-5-4,587.9
143870,3-5-4,786.3
143870,4-5-3,460.3
143870,5-4-3,1077
143870,6-4-3,3788
143870,1-5-6,75.3
143870,2-5-6,1014
143870,3-5-6,1505
143870,4-5-6,252.4
143870,5-4-6,746.7
143870,6-4-5,2909
143870,1-6-2,136
143870,2-6-1,812.6
143870,3-6-1,1190
143870,4-6-1,428.3
143870,5-6-1,1083
143870,6-5-1,2265
143870,1-6-3,191.2
143870,2-6-3,1992
143870,3-6-2,2473
143870,4-6-2,763.2
143870,5-6-2,1836
143870,6-5-2,3808
143870,1-6-4,129.5
143870,2-6-4,1404
143870,3-6-4,1855
143870,4-6-3,1072
143870,5-6-3,2323
143870,6-5-3,4462
143870,1-6-5,192.2
143870,2-6-5,1774
143870,3-6-5,2482
143870,4-6-5,549.3
143870,5-6-4,1367
143870,6-5-4,2993
143871,1-2-3,7.7
143871,2-1-3,33.7
143871,3-1-2,68.5
143871,4-1-2,68.1
143871,5-1-2,219.6
143871,6-1-2,746
143871,1-2-4,7.9
143871,2-1-4,39.1
143871,3-1-4,80.5
143871,4-1-3,119.1
143871,5-1-3,325.4
143871,6-1-3,1341
143871,1-2-5,16.2
143871,2-1-5,68.4
143871,3-1-5,116.7
143871,4-1-5,58.9
143871,5-1-4,185
143871,6-1-4,828.6
143871,1-2-6,21.4
143871,2-1-6,67.5
143871,3-1-6,144.4
143871,4-1-6,68.4
143871,5-1-6,247.3
143871,6-1-5,1145
143871,1-3-2,12.5
143871,2-3-1,92.5
143871,3-2-1,126.2
143871,4-2-1,152.5
143871,5-2-1,388.1
143871,6-2-1,1034
143871,1-3-4,15.7
143871,2-3-4,116.9
143871,3-2-4,148.1
143871,4-2-3,328.2
143871,5-2-3,692.5
143871,6-2-3,2013
143871,1-3-5,29.7
143871,2-3-5,188.2
143871,3-2-5,204.4
143871,4-2-5,237.9
143871,5-2-4,547.8
143871,6-2-4,1408
143871,1-3-6,38.8
143871,2-3-6,182
143871,3-2-6,220.8
143871,4-2-6,193.9
143871,5-2-6,539.3
143871,6-2-5,1997
143871,1-4-2,13.7
143871,2-4-1,116.1
143871,3-4-1,196.6
143871,4-3-1,334.5
143871,5-3-1,768.5
143871,6-3-1,2212
143871,1-4-3,23.5
143871,2-4-3,178.9
143871,3-4-2,206.1
143871,4-3-2,502.7
143871,5-3-2,1145
143871,6-3-2,2561
143871,1-4-5,22.3
143871,2-4-5,257
143871,3-4-5,385.8
143871,4-3-5,545.5
143871,5-3-4,1177
143871,6-3-4,2912
143871,1-4-6,25.4
143871,2-4-6,191.4
143871,3-4-6,336.8
143871,4-3-6,492.3
143871,5-3-6,1304
143871,6-3-5,3318
143871,1-5-2,39.8
143871,2-5-1,256.5
143871,3-5-1,377.4
143871,4-5-1,79.4
143871,5-4-1,229.9
143871,6-4-1,904.2
143871,1-5-3,54.8
143871,2-5-3,391.1
143871,3-5-2,435.6
143871,4-5-2,149.9
143871,5-4-2,414.3
143871,6-4-2,1336
143871,1-5-4,49.4
143871,2-5-4,415
143871,3-5-4,554.6
143871,4-5-3,296.3
143871,5-4-3,684.4
143871,6-4-3,2348
143871,1-5-6,60.1
143871,2-5-6,486.4
143871,3-5-6,754.8
143871,4-5-6,85.3
143871,5-4-6,262.8
143871,6-4-5,1228
143871,1-6-2,84.2
143871,2-6-1,369.7
143871,3-6-1,814.5
143871,4-6-1,132.5
143871,5-6-1,534
143871,6-5-1,1408
143871,1-6-3,123.9
143871,2-6-3,667.7
143871,3-6-2,927.3
143871,4-6-2,189.4
143871,5-6-2,785.9
143871,6-5-2,2102
143871,1-6-4,94.4
143871,2-6-4,542.8
143871,3-6-4,988.5
143871,4-6-3,353
143871,5-6-3,1192
143871,6-5-3,3166
143871,1-6-5,126.6
143871,2-6-5,800.8
143871,3-6-5,1375
143871,4-6-5,156.4
143871,5-6-4,606.1
143871,6-5-4,1387
143872,1-2-3,10.6
143872,2-1-3,71.4
143872,3-1-2,144.7
143872,4-1-2,46.6
143872,5-1-2,182.8
143872,6-1-2,1686
143872,1-2-4,6.7
143872,2-1-4,43.6
143872,3-1-4,57.7
143872,4-1-3,64.3
143872,5-1-3,229.4
143872,6-1-3,2725
143872,1-2-5,15.3
143872,2-1-5,78.4
143872,3-1-5,141.4
143872,4-1-5,45.1
143872,5-1-4,105.4
143872,6-1-4,2004
143872,1-2-6,57.3
143872,2-1-6,237.7
143872,3-1-6,400
143872,4-1-6,159.1
143872,5-1-6,311.8
143872,6-1-5,2297
143872,1-3-2,18.1
143872,2-3-1,233.6
143872,3-2-1,346.5
143872,4-2-1,110.7
143872,5-2-1,433.9
143872,6-2-1,2695
143872,1-3-4,11.4
143872,2-3-4,228.7
143872,3-2-4,260.3
143872,4-2-3,241.9
143872,5-2-3,767.3
143872,6-2-3,3849
143872,1-3-5,20.9
143872,2-3-5,438.9
143872,3-2-5,581.2
143872,4-2-5,173.5
143872,5-2-4,504.7
143872,6-2-4,3768
143872,1-3-6,66.8
143872,2-3-6,1068
143872,3-2-6,1335
143872,4-2-6,522.6
143872,5-2-6,1105
143872,6-2-5,4244
143872,1-4-2,8.9
143872,2-4-1,101.7
143872,3-4-1,137.7
143872,4-3-1,179.6
143872,5-3-1,591.6
143872,6-3-1,4522
143872,1-4-3,11.9
143872,2-4-3,229.3
143872,3-4-2,291.5
143872,4-3-2,349.2
143872,5-3-2,1096
143872,6-3-2,4594
143872,1-4-5,11
143872,2-4-5,207.5
143872,3-4-5,191.5
143872,4-3-5,229.5
143872,5-3-4,542.8
143872,6-3-4,4856
143872,1-4-6,43.6
143872,2-4-6,575.6
143872,3-4-6,580.5
143872,4-3-6,735
143872,5-3-6,1829
143872,6-3-5,4990
143872,1-5-2,29.4
143872,2-5-1,335.9
143872,3-5-1,413
143872,4-5-1,75.9
143872,5-4-1,154.5
143872,6-4-1,2725
143872,1-5-3,35.4
143872,2-5-3,624.6
143872,3-5-2,740.6
143872,4-5-2,126.2
143872,5-4-2,335.6
143872,6-4-2,4020
143872,1-5-4,23.7
143872,2-5-4,410.9
143872,3-5-4,317.2
143872,4-5-3,193.8
143872,5-4-3,375.1
143872,6-4-3,5132
143872,1-5-6,80.6
143872,2-5-6,1186
143872,3-5-6,1171
143872,4-5-6,183.5
143872,5-4-6,432.5
143872,6-4-5,2977
143872,1-6-2,263.4
143872,2-6-1,1356
143872,3-6-1,1718
143872,4-6-1,509.5
143872,5-6-1,1089
143872,6-5-1,3223
143872,1-6-3,271.9
143872,2-6-3,2621
143872,3-6-2,2923
143872,4-6-2,827.4
143872,5-6-2,1891
143872,6-5-2,4638
143872,1-6-4,205.7
143872,2-6-4,2007
143872,3-6-4,2380
143872,4-6-3,1070
143872,5-6-3,1969
143872,6-5-3,4792
143872,1-6-5,249.6
143872,2-6-5,2516
143872,3-6-5,2404
143872,4-6-5,517.2
143872,5-6-4,1152
143872,6-5-4,2984
143753,1-2-3,9.6
143753,2-1-3,43.1
143753,3-1-2,68.4
143753,4-1-2,50.8
143753,5-1-2,69.8
143753,6-1-2,1138
143753,1-2-4,14.4
143753,2-1-4,62.2
143753,3-1-4,77.6
143753,4-1-3,71
143753,5-1-3,86.1
143753,6-1-3,1383
143753,1-2-5,13.6
143753,2-1-5,50
143753,3-1-5,63.5
143753,4-1-5,34.4
143753,5-1-4,61.6
143753,6-1-4,1725
143753,1-2-6,195.2
143753,2-1-6,480.4
143753,3-1-6,561
143753,4-1-6,206.7
143753,5-1-6,310.9
143753,6-1-5,1557
143753,1-3-2,12.2
143753,2-3-1,77.5
143753,3-2-1,106.6
143753,4-2-1,99.3
143753,5-2-1,134.7
143753,6-2-1,1910
143753,1-3-4,17.1
143753,2-3-4,125.9
143753,3-2-4,153.7
143753,4-2-3,208.6
143753,5-2-3,241.3
143753,6-2-3,2588
143753,1-3-5,12.9
143753,2-3-5,125.6
143753,3-2-5,139.1
143753,4-2-5,103.2
143753,5-2-4,191.9
143753,6-2-4,1956
143753,1-3-6,224.7
143753,2-3-6,729.4
143753,3-2-6,736.1
143753,4-2-6,430.2
143753,5-2-6,729.4
143753,6-2-5,2431
143753,1-4-2,23.8
143753,2-4-1,119.8
143753,3-4-1,111.2
143753,4-3-1,143.2
143753,5-3-1,149.9
143753,6-3-1,2431
143753,1-4-3,24.6
143753,2-4-3,173.1
143753,3-4-2,154.8
143753,4-3-2,221.6
143753,5-3-2,255.5
143753,6-3-2,3488
143753,1-4-5,17.2
143753,2-4-5,154.1
143753,3-4-5,117.5
143753,4-3-5,119.4
143753,5-3-4,246.8
143753,6-3-4,1981
143753,1-4-6,192.4
143753,2-4-6,858.1
143753,3-4-6,786.6
143753,4-3-6,634.2
143753,5-3-6,916.9
143753,6-3-5,3027
143753,1-5-2,24.3
143753,2-5-1,118.4
143753,3-5-1,106.8
143753,4-5-1,32.2
143753,5-4-1,56
143753,6-4-1,2111
143753,1-5-3,22.3
143753,2-5-3,179.8
143753,3-5-2,153.8
143753,4-5-2,63.7
143753,5-4-2,116.6
143753,6-4-2,1956
143753,1-5-4,24
143753,2-5-4,190.3
143753,3-5-4,153.5
143753,4-5-3,78.6
143753,5-4-3,166.2
143753,6-4-3,2139
143753,1-5-6,200.8
143753,2-5-6,663.1
143753,3-5-6,631.7
143753,4-5-6,143.9
143753,5-4-6,321.5
143753,6-4-5,1671
143753,1-6-2,489.2
143753,2-6-1,1445
143753,3-6-1,1499
143753,4-6-1,583.5
143753,5-6-1,587.8
143753,6-5-1,1689
143753,1-6-3,579.3
143753,2-6-3,1803
143753,3-6-2,2168
143753,4-6-2,806.3
143753,5-6-2,891.5
143753,6-5-2,2084
143753,1-6-4,626.8
143753,2-6-4,1654
143753,3-6-4,1887
143753,4-6-3,872.1
143753,5-6-3,984.4
143753,6-5-3,1933
143753,1-6-5,589.9
143753,2-6-5,1445
143753,3-6-5,1783
143753,4-6-5,521
143753,5-6-4,862.7
143753,6-5-4,1803
143754,1-2-3,33.5
143754,2-1-3,13.1
143754,3-1-2,49.7
143754,4-1-2,146.1
143754,5-1-2,522.4
143754,6-1-2,527.5
143754,1-2-4,67.8
143754,2-1-4,38.7
143754,3-1-4,113
143754,4-1-3,249
143754,5-1-3,662.1
143754,6-1-3,724.7
143754,1-2-5,137.2
143754,2-1-5,60.6
143754,3-1-5,150
143754,4-1-5,499.6
143754,5-1-4,1200
143754,6-1-4,1436
143754,1-2-6,129.6
143754,2-1-6,49.5
143754,3-1-6,130.1
143754,4-1-6,541.7
143754,5-1-6,1133
143754,6-1-5,1423
143754,1-3-2,48.2
143754,2-3-1,11.2
143754,3-2-1,30.5
143754,4-2-1,123.5
143754,5-2-1,443.2
143754,6-2-1,375
143754,1-3-4,127.4
143754,2-3-4,13.5
143754,3-2-4,31.1
143754,4-2-3,72.3
143754,5-2-3,205.4
143754,6-2-3,176
143754,1-3-5,240.5
143754,2-3-5,10.1
143754,3-2-5,23.3
143754,4-2-5,207.8
143754,5-2-4,486.1
143754,6-2-4,510.7
143754,1-3-6,201.8
143754,2-3-6,7.6
143754,3-2-6,19.6
143754,4-2-6,197.4
143754,5-2-6,445.7
143754,6-2-5,517.3
143754,1-4-2,99
143754,2-4-1,50.5
143754,3-4-1,130.9
143754,4-3-1,231.1
143754,5-3-1,656.7
143754,6-3-1,638.4
143754,1-4-3,150.7
143754,2-4-3,27.8
143754,3-4-2,62.6
143754,4-3-2,90.9
143754,5-3-2,255.8
143754,6-3-2,214.8
143754,1-4-5,336.6
143754,2-4-5,78.7
143754,3-4-5,176.6
143754,4-3-5,307
143754,5-3-4,618.8
143754,6-3-4,633.4
143754,1-4-6,332.4
143754,2-4-6,63.6
143754,3-4-6,176
143754,4-3-6,329
143754,5-3-6,614.1
143754,6-3-5,673.2
143754,1-5-2,321.1
143754,2-5-1,94.8
143754,3-5-1,187.9
143754,4-5-1,781
143754,5-4-1,1209
143754,6-4-1,1593
143754,1-5-3,496.6
143754,2-5-3,35.1
143754,3-5-2,72
143754,4-5-2,419
143754,5-4-2,711.9
143754,6-4-2,738
143754,1-5-4,560.6
143754,2-5-4,98.1
143754,3-5-4,206.5
143754,4-5-3,522.4
143754,5-4-3,777.3
143754,6-4-3,1125
143754,1-5-6,741.4
143754,2-5-6,65.3
143754,3-5-6,123.2
143754,4-5-6,693.5
143754,5-4-6,1072
143754,6-4-5,1503
143754,1-6-2,329
143754,2-6-1,83.3
143754,3-6-1,190.8
143754,4-6-1,1117
143754,5-6-1,999.3
143754,6-5-1,1787
143754,1-6-3,477.4
143754,2-6-3,27.3
143754,3-6-2,80.1
143754,4-6-2,473.2
143754,5-6-2,687.6
143754,6-5-2,874.4
143754,1-6-4,651.4
143754,2-6-4,94.4
143754,3-6-4,239
143754,4-6-3,708.8
143754,5-6-3,755.4
143754,6-5-3,1102
143754,1-6-5,721.5
143754,2-6-5,75.6
143754,3-6-5,159.9
143754,4-6-5,1038
143754,5-6-4,1165
143754,6-5-4,1593
143755,1-2-3,68.1
143755,2-1-3,117.8
143755,3-1-2,402.6
143755,4-1-2,20.2
143755,5-1-2,440.2
143755,6-1-2,178.4
143755,1-2-4,11.5
143755,2-1-4,20.8
143755,3-1-4,355.5
143755,4-1-3,93.7
143755,5-1-3,923.6
143755,6-1-3,708.3
143755,1-2-5,50.5
143755,2-1-5,81.9
143755,3-1-5,785.1
143755,4-1-5,41.1
143755,5-1-4,316.6
143755,6-1-4,125.9
143755,1-2-6,18
143755,2-1-6,32.3
143755,3-1-6,588.8
143755,4-1-6,17.2
143755,5-1-6,428.2
143755,6-1-5,480.6
143755,1-3-2,153
143755,2-3-1,318.2
143755,3-2-1,532.2
143755,4-2-1,23.9
143755,5-2-1,443.3
143755,6-2-1,203
143755,1-3-4,160.4
143755,2-3-4,227
143755,3-2-4,368.7
143755,4-2-3,126.3
143755,5-2-3,951.6
143755,6-2-3,685.1
143755,1-3-5,316.1
143755,2-3-5,432.1
143755,3-2-5,656.5
143755,4-2-5,43.9
143755,5-2-4,318.8
143755,6-2-4,116.6
143755,1-3-6,238.5
143755,2-3-6,362.3
143755,3-2-6,557.4
143755,4-2-6,17.5
143755,5-2-6,398.3
143755,6-2-5,465.2
143755,1-4-2,15.3
143755,2-4-1,31.2
143755,3-4-1,437.1
143755,4-3-1,295.3
143755,5-3-1,1365
143755,6-3-1,1519
143755,1-4-3,97.3
143755,2-4-3,123.2
143755,3-4-2,386.9
143755,4-3-2,268
143755,5-3-2,1247
143755,6-3-2,1215
143755,1-4-5,65
143755,2-4-5,85
143755,3-4-5,603.9
143755,4-3-5,330.5
143755,5-3-4,1121
143755,6-3-4,785.1
143755,1-4-6,24.8
143755,2-4-6,32.7
143755,3-4-6,430.1
143755,4-3-6,194.4
143755,5-3-6,1385
143755,6-3-5,1728
143755,1-5-2,137.9
143755,2-5-1,234.9
143755,3-5-1,932.7
143755,4-5-1,40.9
143755,5-4-1,202.6
143755,6-4-1,91.7
143755,1-5-3,404.3
143755,2-5-3,464.1
143755,3-5-2,901.5
143755,4-5-2,40.7
143755,5-4-2,202.3
143755,6-4-2,86.3
143755,1-5-4,157.5
143755,2-5-4,184.9
143755,3-5-4,795
143755,4-5-3,177.2
143755,5-4-3,700.4
143755,6-4-3,418.7
143755,1-5-6,187.6
143755,2-5-6,215
143755,3-5-6,1070
143755,4-5-6,23.8
143755,5-4-6,122.1
143755,6-4-5,177.7
143755,1-6-2,66.9
143755,2-6-1,112.2
143755,3-6-1,1128
143755,4-6-1,18.8
143755,5-6-1,450.7
143755,6-5-1,621.8
143755,1-6-3,246.9
143755,2-6-3,348.9
143755,3-6-2,893
143755,4-6-2,17.8
143755,5-6-2,474.6
143755,6-5-2,677.7
143755,1-6-4,58.5
143755,2-6-4,67.1
143755,3-6-4,695.2
143755,4-6-3,104.4
143755,5-6-3,1070
143755,6-5-3,1638
143755,1-6-5,186.3
143755,2-6-5,220.1
143755,3-6-5,1308
143755,4-6-5,24.6
143755,5-6-4,249.2
143755,6-5-4,320.4
143756,1-2-3,48
143756,2-1-3,27.6
143756,3-1-2,167.7
143756,4-1-2,86.1
143756,5-1-2,222.7
143756,6-1-2,1345
143756,1-2-4,32.6
143756,2-1-4,14.6
143756,3-1-4,210.4
143756,4-1-3,251.9
143756,5-1-3,490.8
143756,6-1-3,2039
143756,1-2-5,55.3
143756,2-1-5,24.1
143756,3-1-5,333
143756,4-1-5,108.8
143756,5-1-4,363.6
143756,6-1-4,1978
143756,1-2-6,178
143756,2-1-6,71.4
143756,3-1-6,614.3
143756,4-1-6,224
143756,5-1-6,740.8
143756,6-1-5,2082
143756,1-3-2,102.9
143756,2-3-1,41.9
143756,3-2-1,125.7
143756,4-2-1,63.3
143756,5-2-1,152.9
143756,6-2-1,1465
143756,1-3-4,150.5
143756,2-3-4,15.3
143756,3-2-4,50.3
143756,4-2-3,56.2
143756,5-2-3,129.2
143756,6-2-3,1521
143756,1-3-5,205.8
143756,2-3-5,23.8
143756,3-2-5,74.3
143756,4-2-5,24.1
143756,5-2-4,73.7
143756,6-2-4,686.8
143756,1-3-6,458.9
143756,2-3-6,71.1
143756,3-2-6,194.6
143756,4-2-6,63.4
143756,5-2-6,184.5
143756,6-2-5,1019
143756,1-4-2,59.5
143756,2-4-1,16.1
143756,3-4-1,166.9
143756,4-3-1,299.7
143756,5-3-1,655
143756,6-3-1,3596
143756,1-4-3,139.6
143756,2-4-3,13.6
143756,3-4-2,71.5
143756,4-3-2,110.3
143756,5-3-2,250.7
143756,6-3-2,2082
143756,1-4-5,116.2
143756,2-4-5,8.7
143756,3-4-5,123.5
143756,4-3-5,126.8
143756,5-3-4,437.6
143756,6-3-4,1848
143756,1-4-6,260.9
143756,2-4-6,28.6
143756,3-4-6,268.7
143756,4-3-6,295.2
143756,5-3-6,951
143756,6-3-5,3352
143756,1-5-2,155.1
143756,2-5-1,35.1
143756,3-5-1,402
143756,4-5-1,112
143756,5-4-1,290.4
143756,6-4-1,2472
143756,1-5-3,321.6
143756,2-5-3,31.2
143756,3-5-2,163.8
143756,4-5-2,45
143756,5-4-2,92.4
143756,6-4-2,766.7
143756,1-5-4,210.4
143756,2-5-4,15.1
143756,3-5-4,211.1
143756,4-5-3,133.7
143756,5-4-3,277.4
143756,6-4-3,2060
143756,1-5-6,483.6
143756,2-5-6,54.2
143756,3-5-6,530.3
143756,4-5-6,94.1
143756,5-4-6,240
143756,6-4-5,871.4
143756,1-6-2,497
143756,2-6-1,218.3
143756,3-6-1,1393
143756,4-6-1,364.2
143756,5-6-1,989
143756,6-5-1,3043
143756,1-6-3,856.3
143756,2-6-3,193.5
143756,3-6-2,703.9
143756,4-6-2,188.9
143756,5-6-2,462.1
143756,6-5-2,1213
143756,1-6-4,638.1
143756,2-6-4,101.8
143756,3-6-4,784.9
143756,4-6-3,486
143756,5-6-3,1063
143756,6-5-3,3410
143756,1-6-5,721.9
143756,2-6-5,143
143756,3-6-5,1244
143756,4-6-5,182.1
143756,5-6-4,527.5
143756,6-5-4,969.6
143757,1-2-3,0
143757,2-1-3,0
143757,3-1-2,0
143757,4-1-2,0
143757,5-1-2,0
143757,6-1-2,0
143757,1-2-4,0
143757,2-1-4,0
143757,3-1-4,25.9
143757,4-1-3,8.1
143757,5-1-3,248
143757,6-1-3,331.5
143757,1-2-5,0
143757,2-1-5,0
143757,3-1-5,80.6
143757,4-1-5,14.2
143757,5-1-4,169.4
143757,6-1-4,194.1
143757,1-2-6,0
143757,2-1-6,0
143757,3-1-6,88.4
143757,4-1-6,14.3
143757,5-1-6,299.3
143757,6-1-5,418.1
143757,1-3-2,0
143757,2-3-1,0
143757,3-2-1,0
143757,4-2-1,0
143757,5-2-1,0
143757,6-2-1,0
143757,1-3-4,11.1
143757,2-3-4,0
143757,3-2-4,0
143757,4-2-3,0
143757,5-2-3,0
143757,6-2-3,0
143757,1-3-5,55.3
143757,2-3-5,0
143757,3-2-5,0
143757,4-2-5,0
143757,5-2-4,0
143757,6-2-4,0
143757,1-3-6,54.8
143757,2-3-6,0
143757,3-2-6,0
143757,4-2-6,0
143757,5-2-6,0
143757,6-2-5,0
143757,1-4-2,0
143757,2-4-1,0
143757,3-4-1,24.6
143757,4-3-1,14.1
143757,5-3-1,351.8
143757,6-3-1,414
143757,1-4-3,6.7
143757,2-4-3,0
143757,3-4-2,0
143757,4-3-2,0
143757,5-3-2,0
143757,6-3-2,0
143757,1-4-5,15.6
143757,2-4-5,0
143757,3-4-5,45.2
143757,4-3-5,28.6
143757,5-3-4,212.8
143757,6-3-4,240.1
143757,1-4-6,16.7
143757,2-4-6,0
143757,3-4-6,50.4
143757,4-3-6,32.2
143757,5-3-6,479.6
143757,6-3-5,618.6
143757,1-5-2,0
143757,2-5-1,0
143757,3-5-1,184.5
143757,4-5-1,21.2
143757,5-4-1,151.9
143757,6-4-1,184.3
143757,1-5-3,94.6
143757,2-5-3,0
143757,3-5-2,0
143757,4-5-2,0
143757,5-4-2,0
143757,6-4-2,0
143757,1-5-4,63.9
143757,2-5-4,0
143757,3-5-4,127.9
143757,4-5-3,33.9
143757,5-4-3,158
143757,6-4-3,216.1
143757,1-5-6,128.4
143757,2-5-6,0
143757,3-5-6,260.4
143757,4-5-6,23.7
143757,5-4-6,175
143757,6-4-5,258.8
143757,1-6-2,0
143757,2-6-1,0
143757,3-6-1,204.9
143757,4-6-1,26.8
143757,5-6-1,334.8
143757,6-5-1,481
143757,1-6-3,103.5
143757,2-6-3,0
143757,3-6-2,0
143757,4-6-2,0
143757,5-6-2,0
143757,6-5-2,0
143757,1-6-4,70.1
143757,2-6-4,0
143757,3-6-4,153.5
143757,4-6-3,41.7
143757,5-6-3,417.1
143757,6-5-3,647.5
143757,1-6-5,159.2
143757,2-6-5,0
143757,3-6-5,318.2
143757,4-6-5,35.6
143757,5-6-4,295
143757,6-5-4,386.1
143758,1-2-3,33.9
143758,2-1-3,34
143758,3-1-2,54.6
143758,4-1-2,312.5
143758,5-1-2,2131
143758,6-1-2,65.2
143758,1-2-4,98.8
143758,2-1-4,83.1
143758,3-1-4,95
143758,4-1-3,277.8
143758,5-1-3,1372
143758,6-1-3,61.2
143758,1-2-5,451.2
143758,2-1-5,395.9
143758,3-1-5,540
143758,4-1-5,987
143758,5-1-4,2473
143758,6-1-4,140
143758,1-2-6,41.5
143758,2-1-6,33.9
143758,3-1-6,34.8
143758,4-1-6,173.7
143758,5-1-6,1199
143758,6-1-5,453.3
143758,1-3-2,37.1
143758,2-3-1,29.4
143758,3-2-1,41.7
143758,4-2-1,216.6
143758,5-2-1,1855
143758,6-2-1,52.5
143758,1-3-4,80.6
143758,2-3-4,31.3
143758,3-2-4,44
143758,4-2-3,124.4
143758,5-2-3,1060
143758,6-2-3,22.5
143758,1-3-5,598.1
143758,2-3-5,238.2
143758,3-2-5,326.3
143758,4-2-5,856.2
143758,5-2-4,2707
143758,6-2-4,63.9
143758,1-3-6,34.8
143758,2-3-6,11.7
143758,3-2-6,14.3
143758,4-2-6,75.7
143758,5-2-6,949.5
143758,6-2-5,375.9
143758,1-4-2,185.3
143758,2-4-1,125.9
143758,3-4-1,109.1
143758,4-3-1,217.3
143758,5-3-1,1553
143758,6-3-1,54
143758,1-4-3,169.9
143758,2-4-3,59.4
143758,3-4-2,54.1
143758,4-3-2,126.4
143758,5-3-2,1683
143758,6-3-2,23.7
143758,1-4-5,949.5
143758,2-4-5,683.8
143758,3-4-5,551.9
143758,4-3-5,856.2
143758,5-3-4,2473
143758,6-3-4,61.8
143758,1-4-6,142
143758,2-4-6,44.3
143758,3-4-6,38.5
143758,4-3-6,73.7
143758,5-3-6,1577
143758,6-3-5,398.3
143758,1-5-2,1236
143758,2-5-1,972.6
143758,3-5-1,923.3
143758,4-5-1,1669
143758,5-4-1,3035
143758,6-4-1,121.6
143758,1-5-3,1094
143758,2-5-3,834.8
143758,3-5-2,987
143758,4-5-2,1529
143758,5-4-2,2003
143758,6-4-2,65.8
143758,1-5-4,1628
143758,2-5-4,1071
143758,3-5-4,1043
143758,4-5-3,1506
143758,5-4-3,2822
143758,6-4-3,65.2
143758,1-5-6,841.8
143758,2-5-6,609
143758,3-5-6,776.6
143758,4-5-6,914.9
143758,5-4-6,1529
143758,6-4-5,499.6
143758,1-6-2,53.6
143758,2-6-1,35.9
143758,3-6-1,36.6
143758,4-6-1,108.1
143758,5-6-1,1199
143758,6-5-1,705.5
143758,1-6-3,50.1
143758,2-6-3,15.1
143758,3-6-2,17.5
143758,4-6-2,70.6
143758,5-6-2,1757
143758,6-5-2,795
143758,1-6-4,123.3
143758,2-6-4,39.6
143758,3-6-4,38.4
143758,4-6-3,71.8
143758,5-6-3,1926
143758,6-5-3,890.5
143758,1-6-5,433.6
143758,2-6-5,305.4
143758,3-6-5,313.5
143758,4-6-5,511.1
143758,5-6-4,1655
143758,6-5-4,906.6
143759,1-2-3,18.4
143759,2-1-3,120.1
143759,3-1-2,65.5
143759,4-1-2,328.3
143759,5-1-2,512.7
143759,6-1-2,187.2
143759,1-2-4,46.1
143759,2-1-4,424.2
143759,3-1-4,55.4
143759,4-1-3,100.5
143759,5-1-3,226.9
143759,6-1-3,72.7
143759,1-2-5,52.2
143759,2-1-5,401.1
143759,3-1-5,57.3
143759,4-1-5,206.8
143759,5-1-4,444.8
143759,6-1-4,164
143759,1-2-6,33
143759,2-1-6,319
143759,3-1-6,29.2
143759,4-1-6,79
143759,5-1-6,177.2
143759,6-1-5,209.7
143759,1-3-2,12.7
143759,2-3-1,153.5
143759,3-2-1,128
143759,4-2-1,734.6
143759,5-2-1,734.6
143759,6-2-1,551
143759,1-3-4,10.4
143759,2-3-4,833.6
143759,3-2-4,492.9
143759,4-2-3,1108
143759,5-2-3,1253
143759,6-2-3,833.6
143759,1-3-5,11.7
143759,2-3-5,795.6
143759,3-2-5,430.8
143759,4-2-5,1003
143759,5-2-4,1712
143759,6-2-4,1653
143759,1-3-6,6.6
143759,2-3-6,637
143759,3-2-6,327.7
143759,4-2-6,921.8
143759,5-2-6,1148
143759,6-2-5,1498
143759,1-4-2,47.6
143759,2-4-1,525.3
143759,3-4-1,130
143759,4-3-1,158.4
143759,5-3-1,330.6
143759,6-3-1,127.9
143759,1-4-3,21.3
143759,2-4-3,670.4
143759,3-4-2,514
143759,4-3-2,767
143759,5-3-2,1121
143759,6-3-2,549.4
143759,1-4-5,41
143759,2-4-5,361.7
143759,3-4-5,361.7
143759,4-3-5,433.8
143759,5-3-4,988.4
143759,6-3-4,332.3
143759,1-4-6,19
143759,2-4-6,837.3
143759,3-4-6,184.1
143759,4-3-6,157.4
143759,5-3-6,420.5
143759,6-3-5,438.7
143759,1-5-2,64.5
143759,2-5-1,509.9
143759,3-5-1,149.4
143759,4-5-1,305.8
143759,5-4-1,588.1
143759,6-4-1,246.7
143759,1-5-3,26.1
143759,2-5-3,900.2
143759,3-5-2,551
143759,4-5-2,944.5
143759,5-4-2,1638
143759,6-4-2,1286
143759,1-5-4,56.8
143759,2-5-4,1134
143759,3-5-4,443.8
143759,4-5-3,557.4
143759,5-4-3,1065
143759,6-4-3,392.1
143759,1-5-6,27.1
143759,2-5-6,1059
143759,3-5-6,232.4
143759,4-5-6,293.1
143759,5-4-6,505.9
143759,6-4-5,620.5
143759,1-6-2,35.3
143759,2-6-1,572.3
143759,3-6-1,79.1
143759,4-6-1,115.8
143759,5-6-1,251.6
143759,6-5-1,309.7
143759,1-6-3,15
143759,2-6-3,652.2
143759,3-6-2,321.1
143759,4-6-2,663.4
143759,5-6-2,1009
143759,6-5-2,1286
143759,1-6-4,29.4
143759,2-6-4,1213
143759,3-6-4,225.3
143759,4-6-3,187.4
143759,5-6-3,397.8
143759,6-5-3,501.9
143759,1-6-5,33.7
143759,2-6-5,1221
143759,3-6-5,237.6
143759,4-6-5,306.3
143759,5-6-4,565.6
143759,6-5-4,679.9
143760,1-2-3,51.5
143760,2-1-3,69.7
143760,3-1-2,259.4
143760,4-1-2,477.2
143760,5-1-2,16
143760,6-1-2,330.5
143760,1-2-4,74.4
143760,2-1-4,89
143760,3-1-4,615.7
143760,4-1-3,748.5
143760,5-1-3,44.9
143760,6-1-3,1128
143760,1-2-5,15.6
143760,2-1-5,18.9
143760,3-1-5,238.1
143760,4-1-5,321.2
143760,5-1-4,43.9
143760,6-1-4,938.7
143760,1-2-6,42.5
143760,2-1-6,43.8
143760,3-1-6,607.5
143760,4-1-6,474.2
143760,5-1-6,24.5
143760,6-1-5,271.7
143760,1-3-2,90
143760,2-3-1,160.5
143760,3-2-1,192.3
143760,4-2-1,343.4
143760,5-2-1,15.4
143760,6-2-1,365.3
143760,1-3-4,295.1
143760,2-3-4,326.7
143760,3-2-4,294.4
143760,4-2-3,554.6
143760,5-2-3,39.8
143760,6-2-3,1036
143760,1-3-5,83.7
143760,2-3-5,111
143760,3-2-5,213.6
143760,4-2-5,206.3
143760,5-2-4,47.9
143760,6-2-4,738.9
143760,1-3-6,223.6
143760,2-3-6,271.7
143760,3-2-6,428.9
143760,4-2-6,305.8
143760,5-2-6,16.7
143760,6-2-5,178.9
143760,1-4-2,171.9
143760,2-4-1,129.2
143760,3-4-1,261.7
143760,4-3-1,1231
143760,5-3-1,101.5
143760,6-3-1,1671
143760,1-4-3,377.9
143760,2-4-3,255
143760,3-4-2,225.4
143760,4-3-2,1231
143760,5-3-2,89
143760,6-3-2,1065
143760,1-4-5,119.1
143760,2-4-5,72.6
143760,3-4-5,845.2
143760,4-3-5,832.9
143760,5-3-4,258.8
143760,6-3-4,1941
143760,1-4-6,208.4
143760,2-4-6,133.7
143760,3-4-6,451.7
143760,4-3-6,974.7
143760,5-3-6,115.5
143760,6-3-5,927.3
143760,1-5-2,15.9
143760,2-5-1,16.7
143760,3-5-1,223.6
143760,4-5-1,221.1
143760,5-4-1,73.4
143760,6-4-1,1218
143760,1-5-3,50
143760,2-5-3,44.5
143760,3-5-2,203.7
143760,4-5-2,218.3
143760,5-4-2,89.6
143760,6-4-2,1101
143760,1-5-4,48
143760,2-5-4,42.4
143760,3-5-4,604.3
143760,4-5-3,459
143760,5-4-3,244.4
143760,6-4-3,2267
143760,1-5-6,28.1
143760,2-5-6,20.4
143760,3-5-6,350.7
143760,4-5-6,179.5
143760,5-4-6,63.6
143760,6-4-5,601.2
143760,1-6-2,120.9
143760,2-6-1,89.1
143760,3-6-1,1316
143760,4-6-1,612.4
143760,5-6-1,28.7
143760,6-5-1,226.3
143760,1-6-3,387.5
143760,2-6-3,174.4
143760,3-6-2,987.3
143760,4-6-2,599.6
143760,5-6-2,24.7
143760,6-5-2,146.9
143760,1-6-4,264.1
143760,2-6-4,190
143760,3-6-4,1847
143760,4-6-3,1174
143760,5-6-3,66.5
143760,6-5-3,512.4
143760,1-6-5,99.8
143760,2-6-5,56.6
143760,3-6-5,776.4
143760,4-6-5,384.9
143760,5-6-4,80.7
143760,6-5-4,374.8
143761,1-2-3,55.3
143761,2-1-3,284.7
143761,3-1-2,201.7
143761,4-1-2,47.7
143761,5-1-2,97.2
143761,6-1-2,1818
143761,1-2-4,34.5
143761,2-1-4,196.4
143761,3-1-4,80
143761,4-1-3,21.1
143761,5-1-3,57.7
143761,6-1-3,1509
143761,1-2-5,48.7
143761,2-1-5,240.2
143761,3-1-5,99.9
143761,4-1-5,13.6
143761,5-1-4,31.7
143761,6-1-4,1277
143761,1-2-6,174.5
143761,2-1-6,582.1
143761,3-1-6,257.3
143761,4-1-6,66.2
143761,5-1-6,97.4
143761,6-1-5,1087
143761,1-3-2,57.2
143761,2-3-1,433.2
143761,3-2-1,316.1
143761,4-2-1,121.2
143761,5-2-1,214.4
143761,6-2-1,2025
143761,1-3-4,26.4
143761,2-3-4,604.7
143761,3-2-4,493.3
143761,4-2-3,181.8
143761,5-2-3,398.6
143761,6-2-3,3075
143761,1-3-5,36.5
143761,2-3-5,754.9
143761,3-2-5,591.7
143761,4-2-5,116.8
143761,5-2-4,252.6
143761,6-2-4,2863
143761,1-3-6,131.8
143761,2-3-6,1456
143761,3-2-6,1025
143761,4-2-6,305.3
143761,5-2-6,517.9
143761,6-2-5,2328
143761,1-4-2,24.3
143761,2-4-1,240.7
143761,3-4-1,87.6
143761,4-3-1,32.8
143761,5-3-1,72.2
143761,6-3-1,1576
143761,1-4-3,16.3
143761,2-4-3,496.2
143761,3-4-2,276.8
143761,4-3-2,128.6
143761,5-3-2,257.6
143761,6-3-2,2418
143761,1-4-5,10.3
143761,2-4-5,295.5
143761,3-4-5,94.6
143761,4-3-5,34
143761,5-3-4,69.8
143761,6-3-4,1672
143761,1-4-6,70.5
143761,2-4-6,588.9
143761,3-4-6,212.9
143761,4-3-6,76.9
143761,5-3-6,145.8
143761,6-3-5,1519
143761,1-5-2,47
143761,2-5-1,343.6
143761,3-5-1,125.1
143761,4-5-1,14.5
143761,5-4-1,26.8
143761,6-4-1,1384
143761,1-5-3,34.1
143761,2-5-3,705.7
143761,3-5-2,356.4
143761,4-5-2,46.8
143761,5-4-2,87.4
143761,6-4-2,1993
143761,1-5-4,18.1
143761,2-5-4,427.3
143761,3-5-4,115.6
143761,4-5-3,23
143761,5-4-3,41.9
143761,6-4-3,1718
143761,1-5-6,98.3
143761,2-5-6,1000
143761,3-5-6,239.7
143761,4-5-6,31.1
143761,5-4-6,56.5
143761,6-4-5,790.9
143761,1-6-2,448
143761,2-6-1,1805
143761,3-6-1,726.3
143761,4-6-1,155.3
143761,5-6-1,231.5
143761,6-5-1,1051
143761,1-6-3,348.9
143761,2-6-3,2076
143761,3-6-2,1456
143761,4-6-2,274
143761,5-6-2,482.8
143761,6-5-2,2285
143761,1-6-4,302.3
143761,2-6-4,1617
143761,3-6-4,722.1
143761,4-6-3,221.8
143761,5-6-3,385.6
143761,6-5-3,1557
143761,1-6-5,304.1
143761,2-6-5,1706
143761,3-6-5,771.3
143761,4-6-5,115.7
143761,5-6-4,195
143761,6-5-4,865
143762,1-2-3,4.1
143762,2-1-3,17.5
143762,3-1-2,55.2
143762,4-1-2,491.1
143762,5-1-2,87.7
143762,6-1-2,291.2
143762,1-2-4,22.8
143762,2-1-4,68.5
143762,3-1-4,225.2
143762,4-1-3,646.4
143762,5-1-3,196.1
143762,6-1-3,569.3
143762,1-2-5,8.9
143762,2-1-5,18.4
143762,3-1-5,93.4
143762,4-1-5,722.6
143762,5-1-4,648.4
143762,6-1-4,1308
143762,1-2-6,20.8
143762,2-1-6,35.3
143762,3-1-6,189.6
143762,4-1-6,858.5
143762,5-1-6,125.5
143762,6-1-5,505
143762,1-3-2,8.3
143762,2-3-1,39.3
143762,3-2-1,59.9
143762,4-2-1,469.6
143762,5-2-1,106.6
143762,6-2-1,312.4
143762,1-3-4,68.3
143762,2-3-4,146.3
143762,3-2-4,159.5
143762,4-2-3,831.9
143762,5-2-3,211
143762,6-2-3,750.4
143762,1-3-5,30.6
143762,2-3-5,47.6
143762,3-2-5,60.2
143762,4-2-5,761.1
143762,5-2-4,594.5
143762,6-2-4,1007
143762,1-3-6,65.7
143762,2-3-6,100.5
143762,3-2-6,117.7
143762,4-2-6,772
143762,5-2-6,195.6
143762,6-2-5,576.9
143762,1-4-2,103.2
143762,2-4-1,256.1
143762,3-4-1,303.1
143762,4-3-1,550.3
143762,5-3-1,241.7
143762,6-3-1,550.3
143762,1-4-3,190.4
143762,2-4-3,360.7
143762,3-4-2,307.9
143762,4-3-2,894.3
143762,5-3-2,220.3
143762,6-3-2,745.2
143762,1-4-5,188.1
143762,2-4-5,323.2
143762,3-4-5,375.2
143762,4-3-5,1084
143762,5-3-4,1141
143762,6-3-4,2044
143762,1-4-6,228.3
143762,2-4-6,375.2
143762,3-4-6,535.2
143762,4-3-6,1141
143762,5-3-6,320.3
143762,6-3-5,1511
143762,1-5-2,29
143762,2-5-1,45.2
143762,3-5-1,97.4
143762,4-5-1,397.4
143762,5-4-1,690.1
143762,6-4-1,984.5
143762,1-5-3,51.9
143762,2-5-3,69.9
143762,3-5-2,85.1
143762,4-5-2,458.6
143762,5-4-2,905.6
143762,6-4-2,1367
143762,1-5-4,169.2
143762,2-5-4,214.2
143762,3-5-4,299.7
143762,4-5-3,984.5
143762,5-4-3,1421
143762,6-4-3,2900
143762,1-5-6,58.6
143762,2-5-6,71.2
143762,3-5-6,132.7
143762,4-5-6,635
143762,5-4-6,966.8
143762,6-4-5,2125
143762,1-6-2,91.2
143762,2-6-1,131.5
143762,3-6-1,269.9
143762,4-6-1,725.1
143762,5-6-1,226.4
143762,6-5-1,506.2
143762,1-6-3,196.5
143762,2-6-3,243.6
143762,3-6-2,259.8
143762,4-6-2,703.7
143762,5-6-2,253.7
143762,6-5-2,591.2
143762,1-6-4,307.9
143762,2-6-4,400.4
143762,3-6-4,809.9
143762,4-6-3,1440
143762,5-6-3,542
143762,6-5-3,1367
143762,1-6-5,147.6
143762,2-6-5,147.7
143762,3-6-5,277.6
143762,4-6-5,1247
143762,5-6-4,780.4
143762,6-5-4,1578
143763,1-2-3,13.1
143763,2-1-3,64.7
143763,3-1-2,41.5
143763,4-1-2,204.6
143763,5-1-2,151.1
143763,6-1-2,452.9
143763,1-2-4,27.6
143763,2-1-4,110
143763,3-1-4,62
143763,4-1-3,203.9
143763,5-1-3,84.6
143763,6-1-3,307.6
143763,1-2-5,25.2
143763,2-1-5,103.4
143763,3-1-5,26.3
143763,4-1-5,158.1
143763,5-1-4,190.7
143763,6-1-4,528.2
143763,1-2-6,22.3
143763,2-1-6,119.3
143763,3-1-6,42.7
143763,4-1-6,136.4
143763,5-1-6,90.5
143763,6-1-5,368.9
143763,1-3-2,10.9
143763,2-3-1,89.2
143763,3-2-1,91.6
143763,4-2-1,351.2
143763,5-2-1,235.7
143763,6-2-1,788.4
143763,1-3-4,23.2
143763,2-3-4,202.1
143763,3-2-4,163.6
143763,4-2-3,430.9
143763,5-2-3,379.4
143763,6-2-3,1244
143763,1-3-5,10.2
143763,2-3-5,148.8
143763,3-2-5,110.7
143763,4-2-5,289.2
143763,5-2-4,483.8
143763,6-2-4,1576
143763,1-3-6,14.9
143763,2-3-6,175.9
143763,3-2-6,142
143763,4-2-6,311.6
143763,5-2-6,291.2
143763,6-2-5,1182
143763,1-4-2,46.2
143763,2-4-1,246.6
143763,3-4-1,154.4
143763,4-3-1,310.3
143763,5-3-1,114.3
143763,6-3-1,424.9
143763,1-4-3,43.9
143763,2-4-3,346.7
143763,3-4-2,224.7
143763,4-3-2,387.7
143763,5-3-2,323.5
143763,6-3-2,994.7
143763,1-4-5,54
143763,2-4-5,321.5
143763,3-4-5,140.2
143763,4-3-5,287.6
143763,5-3-4,374.7
143763,6-3-4,1064
143763,1-4-6,34.8
143763,2-4-6,408.5
143763,3-4-6,193.5
143763,4-3-6,310.7
143763,5-3-6,177.6
143763,6-3-5,594.6
143763,1-5-2,37.2
143763,2-5-1,193.3
143763,3-5-1,52.7
143763,4-5-1,175.3
143763,5-4-1,233.9
143763,6-4-1,848.1
143763,1-5-3,26.4
143763,2-5-3,259.6
143763,3-5-2,124.4
143763,4-5-2,243.2
143763,5-4-2,421.5
143763,6-4-2,1576
143763,1-5-4,63.8
143763,2-5-4,357.1
143763,3-5-4,120.6
143763,4-5-3,249.8
143763,5-4-3,410.1
143763,6-4-3,1478
143763,1-5-6,25.6
143763,2-5-6,368.2
143763,3-5-6,74.7
143763,4-5-6,104.9
143763,5-4-6,142.2
143763,6-4-5,806.3
143763,1-6-2,49.6
143763,2-6-1,353.6
143763,3-6-1,125.5
143763,4-6-1,210.3
143763,5-6-1,162.8
143763,6-5-1,497.3
143763,1-6-3,38.6
143763,2-6-3,394.9
143763,3-6-2,256.7
143763,4-6-2,407.8
143763,5-6-2,302.3
143763,6-5-2,976.4
143763,1-6-4,81.7
143763,2-6-4,714.3
143763,3-6-4,307.1
143763,4-6-3,313
143763,5-6-3,216.5
143763,6-5-3,516.6
143763,1-6-5,57.4
143763,2-6-5,671.5
143763,3-6-5,160.9
143763,4-6-5,185.7
143763,5-6-4,286.8
143763,6-5-4,848.1
143764,1-2-3,15.3
143764,2-1-3,99.3
143764,3-1-2,112.4
143764,4-1-2,150.6
143764,5-1-2,26.6
143764,6-1-2,435.4
143764,1-2-4,33.3
143764,2-1-4,137.1
143764,3-1-4,196.3
143764,4-1-3,218.7
143764,5-1-3,47.8
143764,6-1-3,812.3
143764,1-2-5,9
143764,2-1-5,43.5
143764,3-1-5,72.1
143764,4-1-5,67.5
143764,5-1-4,70.2
143764,6-1-4,1106
143764,1-2-6,30.4
143764,2-1-6,119
143764,3-1-6,162.5
143764,4-1-6,134.6
143764,5-1-6,33.7
143764,6-1-5,295.2
143764,1-3-2,21.8
143764,2-3-1,210.1
143764,3-2-1,196.6
143764,4-2-1,247.4
143764,5-2-1,51.3
143764,6-2-1,645.6
143764,1-3-4,35.1
143764,2-3-4,502.9
143764,3-2-4,345.7
143764,4-2-3,711.5
143764,5-2-3,137
143764,6-2-3,1315
143764,1-3-5,14.2
143764,2-3-5,249.5
143764,3-2-5,171.9
143764,4-2-5,241.2
143764,5-2-4,208.7
143764,6-2-4,1753
143764,1-3-6,40.2
143764,2-3-6,540.2
143764,3-2-6,318
143764,4-2-6,425.5
143764,5-2-6,89
143764,6-2-5,697.5
143764,1-4-2,43.4
143764,2-4-1,296.3
143764,3-4-1,304.7
143764,4-3-1,410.3
143764,5-3-1,97.1
143764,6-3-1,1478
143764,1-4-3,60.7
143764,2-4-3,716.2
143764,3-4-2,391.3
143764,4-3-2,682.7
143764,5-3-2,172
143764,6-3-2,2449
143764,1-4-5,34
143764,2-4-5,409.8
143764,3-4-5,233.8
143764,4-3-5,324.4
143764,5-3-4,293.8
143764,6-3-4,2999
143764,1-4-6,81.5
143764,2-4-6,719.4
143764,3-4-6,339.2
143764,4-3-6,543.8
143764,5-3-6,161.6
143764,6-3-5,1557
143764,1-5-2,11.3
143764,2-5-1,77.4
143764,3-5-1,95
143764,4-5-1,60.6
143764,5-4-1,71
143764,6-4-1,1697
143764,1-5-3,15.9
143764,2-5-3,226.4
143764,3-5-2,155.8
143764,4-5-2,132.5
143764,5-4-2,142.4
143764,6-4-2,2325
143764,1-5-4,31.4
143764,2-5-4,324.4
143764,3-5-4,228.5
143764,4-5-3,182.5
143764,5-4-3,197.9
143764,6-4-3,2083
143764,1-5-6,21
143764,2-5-6,181.9
143764,3-5-6,160.8
143764,4-5-6,114.2
143764,5-4-6,113.1
143764,6-4-5,1201
143764,1-6-2,96.6
143764,2-6-1,380.2
143764,3-6-1,491.4
143764,4-6-1,273.7
143764,5-6-1,56.5
143764,6-5-1,282.7
143764,1-6-3,112.5
143764,2-6-3,978.3
143764,3-6-2,822.8
143764,4-6-2,547.5
143764,5-6-2,81
143764,6-5-2,467
143764,1-6-4,186.8
143764,2-6-4,1162
143764,3-6-4,966.5
143764,4-6-3,798.2
143764,5-6-3,153.3
143764,6-5-3,816.5
143764,1-6-5,70.9
143764,2-6-5,454.5
143764,3-6-5,486.2
143764,4-6-5,324.7
143764,5-6-4,184.8
143764,6-5-4,860.3
143801,1-2-3,6.6
143801,2-1-3,48.9
143801,3-1-2,71.3
143801,4-1-2,90.9
143801,5-1-2,242.1
143801,6-1-2,434.5
143801,1-2-4,5.9
143801,2-1-4,41.2
143801,3-1-4,64.4
143801,4-1-3,151.8
143801,5-1-3,356.9
143801,6-1-3,964.3
143801,1-2-5,17
143801,2-1-5,88.7
143801,3-1-5,119.7
143801,4-1-5,152.6
143801,5-1-4,252.1
143801,6-1-4,742.8
143801,1-2-6,20.1
143801,2-1-6,108.5
143801,3-1-6,170.9
143801,4-1-6,172.8
143801,5-1-6,299.5
143801,6-1-5,1324
143801,1-3-2,9.1
143801,2-3-1,124.7
143801,3-2-1,139.8
143801,4-2-1,182.3
143801,5-2-1,587.9
143801,6-2-1,642.9
143801,1-3-4,11.1
143801,2-3-4,193.8
143801,3-2-4,261.7
143801,4-2-3,427.7
143801,5-2-3,1391
143801,6-2-3,2556
143801,1-3-5,26.3
143801,2-3-5,486.4
143801,3-2-5,610.7
143801,4-2-5,528.5
143801,5-2-4,1099
143801,6-2-4,2074
143801,1-3-6,34
143801,2-3-6,670.3
143801,3-2-6,826.6
143801,4-2-6,490.8
143801,5-2-6,1221
143801,6-2-5,3926
143801,1-4-2,11.2
143801,2-4-1,136.4
143801,3-4-1,133.2
143801,4-3-1,237.9
143801,5-3-1,785.2
143801,6-3-1,1802
143801,1-4-3,17.5
143801,2-4-3,253.9
143801,3-4-2,310.5
143801,4-3-2,526
143801,5-3-2,1506
143801,6-3-2,3791
143801,1-4-5,29.6
143801,2-4-5,379.1
143801,3-4-5,418
143801,4-3-5,908.5
143801,5-3-4,1691
143801,6-3-4,3331
143801,1-4-6,27.7
143801,2-4-6,511.3
143801,3-4-6,682.8
143801,4-3-6,1017
143801,5-3-6,1665
143801,6-3-5,3791
143801,1-5-2,36.4
143801,2-5-1,388.4
143801,3-5-1,303.7
143801,4-5-1,268.8
143801,5-4-1,516.1
143801,6-4-1,1088
143801,1-5-3,50.2
143801,2-5-3,908.5
143801,3-5-2,796.6
143801,4-5-2,488.6
143801,5-4-2,1047
143801,6-4-2,2114
143801,1-5-4,43.5
143801,2-5-4,718.5
143801,3-5-4,662.2
143801,4-5-3,852.2
143801,5-4-3,1548
143801,6-4-3,4071
143801,1-5-6,58.5
143801,2-5-6,1324
143801,3-5-6,1235
143801,4-5-6,443.3
143801,5-4-6,852.2
143801,6-4-5,2971
143801,1-6-2,72.7
143801,2-6-1,416.4
143801,3-6-1,796.6
143801,4-6-1,422.8
143801,5-6-1,607.4
143801,6-5-1,1832
143801,1-6-3,105.3
143801,2-6-3,1409
143801,3-6-2,1640
143801,4-6-2,886.6
143801,5-6-2,1717
143801,6-5-2,5235
143801,1-6-4,88.5
143801,2-6-4,1157
143801,3-6-4,1616
143801,4-6-3,1802
143801,5-6-3,2114
143801,6-5-3,3791
143801,1-6-5,147.5
143801,2-6-5,1963
143801,3-6-5,1593
143801,4-6-5,808.3
143801,5-6-4,1570
143801,6-5-4,3546
143802,1-2-3,5.9
143802,2-1-3,14.6
143802,3-1-2,40.4
143802,4-1-2,114.6
143802,5-1-2,427.9
143802,6-1-2,337.9
143802,1-2-4,12.8
143802,2-1-4,24.6
143802,3-1-4,46.6
143802,4-1-3,151.9
143802,5-1-3,502.2
143802,6-1-3,695.4
143802,1-2-5,25.1
143802,2-1-5,56.2
143802,3-1-5,80.6
143802,4-1-5,181.2
143802,5-1-4,669.6
143802,6-1-4,547.9
143802,1-2-6,58
143802,2-1-6,71.2
143802,3-1-6,153.5
143802,4-1-6,248.5
143802,5-1-6,850.8
143802,6-1-5,1681
143802,1-3-2,7.5
143802,2-3-1,31
143802,3-2-1,48.7
143802,4-2-1,161
143802,5-2-1,427.9
143802,6-2-1,463.6
143802,1-3-4,10.3
143802,2-3-4,41.7
143802,3-2-4,50.1
143802,4-2-3,229.6
143802,5-2-3,688.8
143802,6-2-3,904
143802,1-3-5,22.9
143802,2-3-5,73.6
143802,3-2-5,108.2
143802,4-2-5,352.8
143802,5-2-4,915.5
143802,6-2-4,939.2
143802,1-3-6,67.2
143802,2-3-6,90.2
143802,3-2-6,147.3
143802,4-2-6,435.6
143802,5-2-6,1004
143802,6-2-5,1854
143802,1-4-2,18.4
143802,2-4-1,73.8
143802,3-4-1,84.4
143802,4-3-1,190.8
143802,5-3-1,688.8
143802,6-3-1,1079
143802,1-4-3,28.9
143802,2-4-3,91.7
143802,3-4-2,123
143802,4-3-2,236.3
143802,5-3-2,882
143802,6-3-2,1246
143802,1-4-5,59.1
143802,2-4-5,186.8
143802,3-4-5,216.5
143802,4-3-5,380.6
143802,5-3-4,1112
143802,6-3-4,1018
143802,1-4-6,84.1
143802,2-4-6,215.2
143802,3-4-6,318.6
143802,4-3-6,516.6
143802,5-3-6,1315
143802,6-3-5,2009
143802,1-5-2,90.4
143802,2-5-1,212
143802,3-5-1,142.9
143802,4-5-1,305.1
143802,5-4-1,927.2
143802,6-4-1,623.4
143802,1-5-3,108.7
143802,2-5-3,282.5
143802,3-5-2,306.4
143802,4-5-2,372.8
143802,5-4-2,1130
143802,6-4-2,1185
143802,1-5-4,145.2
143802,2-5-4,404
143802,3-5-4,190.3
143802,4-5-3,457.7
143802,5-4-3,1148
143802,6-4-3,1130
143802,1-5-6,257.3
143802,2-5-6,457.7
143802,3-5-6,547.9
143802,4-5-6,336.3
143802,5-4-6,939.2
143802,6-4-5,1643
143802,1-6-2,139.8
143802,2-6-1,208.4
143802,3-6-1,505.7
143802,4-6-1,388.8
143802,5-6-1,1446
143802,6-5-1,2191
143802,1-6-3,175.1
143802,2-6-3,320
143802,3-6-2,588
143802,4-6-2,597.7
143802,5-6-2,1607
143802,6-5-2,1808
143802,1-6-4,181.7
143802,2-6-4,460.6
143802,3-6-4,560.6
143802,4-6-3,730.5
143802,5-6-3,1364
143802,6-5-3,2066
143802,1-6-5,284.7
143802,2-6-5,569.4
143802,3-6-5,812.6
143802,4-6-5,695.4
143802,5-6-4,1572
143802,6-5-4,1808
143803,1-2-3,8.9
143803,2-1-3,9.4
143803,3-1-2,42.2
143803,4-1-2,453.2
143803,5-1-2,343
143803,6-1-2,159
143803,1-2-4,32.7
143803,2-1-4,49.2
143803,3-1-4,154.1
143803,4-1-3,803.2
143803,5-1-3,511.9
143803,6-1-3,262.7
143803,1-2-5,26.3
143803,2-1-5,31.4
143803,3-1-5,98.5
143803,4-1-5,658.6
143803,5-1-4,1283
143803,6-1-4,748.4
143803,1-2-6,16.4
143803,2-1-6,21.6
143803,3-1-6,62.4
143803,4-1-6,923.3
143803,5-1-6,514.5
143803,6-1-5,844.4
143803,1-3-2,17.2
143803,2-3-1,17.3
143803,3-2-1,34.7
143803,4-2-1,445
143803,5-2-1,234.1
143803,6-2-1,129.4
143803,1-3-4,69.6
143803,2-3-4,52.5
143803,3-2-4,71.7
143803,4-2-3,695.7
143803,5-2-3,274.4
143803,6-2-3,94.8
143803,1-3-5,54.5
143803,2-3-5,30.1
143803,3-2-5,41.1
143803,4-2-5,771.8
143803,5-2-4,477.2
143803,6-2-4,329.3
143803,1-3-6,33.5
143803,2-3-6,13
143803,3-2-6,25.4
143803,4-2-6,777.9
143803,5-2-6,212.9
143803,6-2-5,455.2
143803,1-4-2,131.2
143803,2-4-1,169.7
143803,3-4-1,227.6
143803,4-3-1,765.8
143803,5-3-1,511.9
143803,6-3-1,287.2
143803,1-4-3,204.9
143803,2-4-3,157.3
143803,3-4-2,211.1
143803,4-3-2,809.8
143803,5-3-2,367.2
143803,6-3-2,112.3
143803,1-4-5,243.9
143803,2-4-5,272.1
143803,3-4-5,364.5
143803,4-3-5,1372
143803,5-3-4,1250
143803,6-3-4,637.4
143803,1-4-6,233
143803,2-4-6,196
143803,3-4-6,234.6
143803,4-3-6,932
143803,5-3-6,396.7
143803,6-3-5,517.2
143803,1-5-2,94.3
143803,2-5-1,111.5
143803,3-5-1,200.4
143803,4-5-1,710.7
143803,5-4-1,1234
143803,6-4-1,914.8
143803,1-5-3,138.9
143803,2-5-3,77.1
143803,3-5-2,123.9
143803,4-5-2,851.7
143803,5-4-2,1519
143803,6-4-2,968.6
143803,1-5-4,288
143803,2-5-4,308.7
143803,3-5-4,479.6
143803,4-5-3,1543
143803,5-4-3,2016
143803,6-4-3,898.1
143803,1-5-6,176.4
143803,2-5-6,96.4
143803,3-5-6,140.1
143803,4-5-6,1085
143803,5-4-6,1250
143803,6-4-5,1899
143803,1-6-2,66.8
143803,2-6-1,46.2
143803,3-6-1,106.6
143803,4-6-1,859.1
143803,5-6-1,748.4
143803,6-5-1,1122
143803,1-6-3,88.4
143803,2-6-3,25.4
143803,3-6-2,51
143803,4-6-2,914.8
143803,5-6-2,522.7
143803,6-5-2,796.7
143803,1-6-4,267.7
143803,2-6-4,160.6
143803,3-6-4,230.3
143803,4-6-3,987.9
143803,5-6-3,558.1
143803,6-5-3,754.1
143803,1-6-5,226.6
143803,2-6-5,95.6
143803,3-6-5,139.3
143803,4-6-5,1219
143803,5-6-4,1474
143803,6-5-4,2147
143804,1-2-3,24.5
143804,2-1-3,40.1
143804,3-1-2,237
143804,4-1-2,50.4
143804,5-1-2,213.4
143804,6-1-2,1498
143804,1-2-4,7.1
143804,2-1-4,10.2
143804,3-1-4,235
143804,4-1-3,189.8
143804,5-1-3,460.9
143804,6-1-3,2046
143804,1-2-5,14.1
143804,2-1-5,18.7
143804,3-1-5,247.4
143804,4-1-5,48
143804,5-1-4,201.6
143804,6-1-4,2996
143804,1-2-6,79.5
143804,2-1-6,141
143804,3-1-6,524.3
143804,4-1-6,147.9
143804,5-1-6,521.1
143804,6-1-5,3356
143804,1-3-2,58.5
143804,2-3-1,75
143804,3-2-1,288.3
143804,4-2-1,49.8
143804,5-2-1,180
143804,6-2-1,2542
143804,1-3-4,64.9
143804,2-3-4,64.1
143804,3-2-4,179.6
143804,4-2-3,127.1
143804,5-2-3,372.8
143804,6-2-3,1951
143804,1-3-5,105.1
143804,2-3-5,90.5
143804,3-2-5,238.3
143804,4-2-5,29
143804,5-2-4,77.3
143804,6-2-4,1951
143804,1-3-6,314.2
143804,2-3-6,230.4
143804,3-2-6,508.4
143804,4-2-6,92.5
143804,5-2-6,346.6
143804,6-2-5,2542
143804,1-4-2,12.2
143804,2-4-1,20.1
143804,3-4-1,366.3
143804,4-3-1,207.6
143804,5-3-1,293.3
143804,6-3-1,3813
143804,1-4-3,59
143804,2-4-3,55.1
143804,3-4-2,243.1
143804,4-3-2,266.3
143804,5-3-2,537.8
143804,6-3-2,3107
143804,1-4-5,20.5
143804,2-4-5,16.2
143804,3-4-5,300.7
143804,4-3-5,257.3
143804,5-3-4,603.6
143804,6-3-4,2046
143804,1-4-6,91.7
143804,2-4-6,96.5
143804,3-4-6,551.9
143804,4-3-6,273.2
143804,5-3-6,383.1
143804,6-3-5,4415
143804,1-5-2,50.7
143804,2-5-1,54.8
143804,3-5-1,439.2
143804,4-5-1,47.9
143804,5-4-1,139.1
143804,6-4-1,2893
143804,1-5-3,166.4
143804,2-5-3,117.5
143804,3-5-2,335.6
143804,4-5-2,35.7
143804,5-4-2,97.4
143804,6-4-2,1823
143804,1-5-4,63.8
143804,2-5-4,32.5
143804,3-5-4,417.4
143804,4-5-3,146.1
143804,5-4-3,439.2
143804,6-4-3,2467
143804,1-5-6,220.7
143804,2-5-6,143.4
143804,3-5-6,676.6
143804,4-5-6,62.2
143804,5-4-6,153.3
143804,6-4-5,1252
143804,1-6-2,325.1
143804,2-6-1,421.6
143804,3-6-1,1471
143804,4-6-1,339.6
143804,5-6-1,902.1
143804,6-5-1,3647
143804,1-6-3,682.1
143804,2-6-3,650.3
143804,3-6-2,1089
143804,4-6-2,237.6
143804,5-6-2,693.3
143804,6-5-2,2330
143804,1-6-4,386.6
143804,2-6-4,286.3
143804,3-6-4,1133
143804,4-6-3,705
143804,5-6-3,1149
143804,6-5-3,3995
143804,1-6-5,531
143804,2-6-5,366.3
143804,3-6-5,1133
143804,4-6-5,171.9
143804,5-6-4,413.3
143804,6-5-4,1446
143805,1-2-3,12.5
143805,2-1-3,185.9
143805,3-1-2,125.8
143805,4-1-2,42.8
143805,5-1-2,625
143805,6-1-2,318
143805,1-2-4,6.8
143805,2-1-4,98.2
143805,3-1-4,57.1
143805,4-1-3,47.6
143805,5-1-3,774.5
143805,6-1-3,272.6
143805,1-2-5,49.9
143805,2-1-5,351.6
143805,3-1-5,170.6
143805,4-1-5,58.1
143805,5-1-4,404.6
143805,6-1-4,221.8
143805,1-2-6,30.5
143805,2-1-6,263.5
143805,3-1-6,94.3
143805,4-1-6,35.8
143805,5-1-6,539.5
143805,6-1-5,742.6
143805,1-3-2,16.7
143805,2-3-1,398.2
143805,3-2-1,285.6
143805,4-2-1,114.8
143805,5-2-1,882.8
143805,6-2-1,584.5
143805,1-3-4,9.7
143805,2-3-4,528.2
143805,3-2-4,339.3
143805,4-2-3,259.7
143805,5-2-3,1107
143805,6-2-3,882.8
143805,1-3-5,42.9
143805,2-3-5,994.1
143805,3-2-5,742.6
143805,4-2-5,281.8
143805,5-2-4,1002
143805,6-2-4,747
143805,1-3-6,23.4
143805,2-3-6,847.3
143805,3-2-6,457.4
143805,4-2-6,196.9
143805,5-2-6,1558
143805,6-2-5,1942
143805,1-4-2,7.7
143805,2-4-1,191.8
143805,3-4-1,95.2
143805,4-3-1,101.9
143805,5-3-1,1578
143805,6-3-1,438.3
143805,1-4-3,10.7
143805,2-4-3,523.8
143805,3-4-2,247
143805,4-3-2,269.1
143805,5-3-2,1829
143805,6-3-2,1137
143805,1-4-5,26.8
143805,2-4-5,721.4
143805,3-4-5,233.8
143805,4-3-5,247.5
143805,5-3-4,1521
143805,6-3-4,825.1
143805,1-4-6,13.4
143805,2-4-6,566.1
143805,3-4-6,144.2
143805,4-3-6,147.8
143805,5-3-6,2382
143805,6-3-5,2295
143805,1-5-2,121.3
143805,2-5-1,994.1
143805,3-5-1,474.6
143805,4-5-1,114.5
143805,5-4-1,411.2
143805,6-4-1,306.4
143805,1-5-3,116.2
143805,2-5-3,1618
143805,3-5-2,841.6
143805,4-5-2,221.4
143805,5-4-2,742.6
143805,6-4-2,686.1
143805,1-5-4,79
143805,2-5-4,1262
143805,3-5-4,537.2
143805,4-5-3,292.9
143805,5-4-3,1069
143805,6-4-3,725.5
143805,1-5-6,113.9
143805,2-5-6,1778
143805,3-5-6,668
143805,4-5-6,117.3
143805,5-4-6,430.8
143805,6-4-5,625
143805,1-6-2,70.5
143805,2-6-1,686.1
143805,3-6-1,220.7
143805,4-6-1,81.6
143805,5-6-1,558.6
143805,6-5-1,1418
143805,1-6-3,55.3
143805,2-6-3,1402
143805,3-6-2,576.4
143805,4-6-2,168.5
143805,5-6-2,921.5
143805,6-5-2,2525
143805,1-6-4,40.5
143805,2-6-4,1043
143805,3-6-4,316.4
143805,4-6-3,185.9
143805,5-6-3,1357
143805,6-5-3,3079
143805,1-6-5,135.1
143805,2-6-5,2139
143805,3-6-5,640.8
143805,4-6-5,129.3
143805,5-6-4,485.5
143805,6-5-4,901.8
143806,1-2-3,10.5
143806,2-1-3,31.7
143806,3-1-2,17.6
143806,4-1-2,140.3
143806,5-1-2,3088
143806,6-1-2,135.7
143806,1-2-4,17.2
143806,2-1-4,65.3
143806,3-1-4,13.9
143806,4-1-3,88.1
143806,5-1-3,2470
143806,6-1-3,84.3
143806,1-2-5,267.7
143806,2-1-5,837.4
143806,3-1-5,216.2
143806,4-1-5,598.8
143806,5-1-4,3088
143806,6-1-4,151.3
143806,1-2-6,25.6
143806,2-1-6,83.2
143806,3-1-6,22.6
143806,4-1-6,111.1
143806,5-1-6,3659
143806,6-1-5,1372
143806,1-3-2,10
143806,2-3-1,58.7
143806,3-2-1,34.9
143806,4-2-1,309.7
143806,5-2-1,3529
143806,6-2-1,307.8
143806,1-3-4,9
143806,2-3-4,118.2
143806,3-2-4,59.4
143806,4-2-3,370
143806,5-2-3,3952
143806,6-2-3,290.6
143806,1-3-5,178.6
143806,2-3-5,1162
143806,3-2-5,959.3
143806,4-2-5,1497
143806,5-2-4,3293
143806,6-2-4,443.1
143806,1-3-6,11.1
143806,2-3-6,129.6
143806,3-2-6,62.3
143806,4-2-6,333.8
143806,5-2-6,3800
143806,6-2-5,2352
143806,1-4-2,32.1
143806,2-4-1,200
143806,3-4-1,36.8
143806,4-3-1,116.3
143806,5-3-1,2994
143806,6-3-1,143
143806,1-4-3,22
143806,2-4-3,252
143806,3-4-2,66.6
143806,4-3-2,217.1
143806,5-3-2,3800
143806,6-3-2,266.3
143806,1-4-5,299.4
143806,2-4-5,1266
143806,3-4-5,365.9
143806,4-3-5,577.8
143806,5-3-4,3529
143806,6-3-4,162.2
143806,1-4-6,35.9
143806,2-4-6,319.7
143806,3-4-6,40.4
143806,4-3-6,107.8
143806,5-3-6,3659
143806,6-3-5,1453
143806,1-5-2,1029
143806,2-5-1,2670
143806,3-5-1,988.1
143806,4-5-1,1937
143806,5-4-1,4491
143806,6-4-1,205.4
143806,1-5-3,950.1
143806,2-5-3,2994
143806,3-5-2,1864
143806,4-5-2,2410
143806,5-4-2,4940
143806,6-4-2,318.7
143806,1-5-4,959.3
143806,2-5-4,2470
143806,3-5-4,1497
143806,4-5-3,1391
143806,5-4-3,4705
143806,6-4-3,171.5
143806,1-5-6,1085
143806,2-5-6,2823
143806,3-5-6,1391
143806,4-5-6,1568
143806,5-4-6,3800
143806,6-4-5,1235
143806,1-6-2,45.8
143806,2-6-1,247.6
143806,3-6-1,52
143806,4-6-1,129.6
143806,5-6-1,3293
143806,6-5-1,2410
143806,1-6-3,28.3
143806,2-6-3,267.7
143806,3-6-2,109.6
143806,4-6-2,196
143806,5-6-2,3529
143806,6-5-2,3800
143806,1-6-4,53.6
143806,2-6-4,408.3
143806,3-6-4,56.5
143806,4-6-3,119.7
143806,5-6-3,2906
143806,6-5-3,2823
143806,1-6-5,528.4
143806,2-6-5,2994
143806,3-6-5,431.5
143806,4-6-5,716
143806,5-6-4,3407
143806,6-5-4,2906
143807,1-2-3,17.7
143807,2-1-3,42.2
143807,3-1-2,29.4
143807,4-1-2,892.5
143807,5-1-2,282.2
143807,6-1-2,222.4
143807,1-2-4,150.9
143807,2-1-4,343.2
143807,3-1-4,105.9
143807,4-1-3,736
143807,5-1-3,162.6
143807,6-1-3,135.4
143807,1-2-5,48.7
143807,2-1-5,112.4
143807,3-1-5,32.4
143807,4-1-5,1322
143807,5-1-4,881.4
143807,6-1-4,693.2
143807,1-2-6,37.8
143807,2-1-6,76.4
143807,3-1-6,29.4
143807,4-1-6,850
143807,5-1-6,186.4
143807,6-1-5,327.5
143807,1-3-2,15.4
143807,2-3-1,50.3
143807,3-2-1,34.4
143807,4-2-1,1231
143807,5-2-1,330.5
143807,6-2-1,213.7
143807,1-3-4,92.8
143807,2-3-4,178.9
143807,3-2-4,112.2
143807,4-2-3,767.7
143807,5-2-3,154.8
143807,6-2-3,125
143807,1-3-5,23.9
143807,2-3-5,40.3
143807,3-2-5,22.4
143807,4-2-5,1115
143807,5-2-4,802.2
143807,6-2-4,728.5
143807,1-3-6,17.9
143807,2-3-6,34.5
143807,3-2-6,16.7
143807,4-2-6,736
143807,5-2-6,166
143807,6-2-5,333.6
143807,1-4-2,353.4
143807,2-4-1,557.8
143807,3-4-1,163.7
143807,4-3-1,615.5
143807,5-3-1,129.8
143807,6-3-1,94
143807,1-4-3,270.4
143807,2-4-3,430.1
143807,3-4-2,140
143807,4-3-2,736
143807,5-3-2,118.6
143807,6-3-2,97
143807,1-4-5,338.3
143807,2-4-5,536.8
143807,3-4-5,90.7
143807,4-3-5,438
143807,5-3-4,394.4
143807,6-3-4,344.9
143807,1-4-6,244.5
143807,2-4-6,385.9
143807,3-4-6,66.9
143807,4-3-6,357
143807,5-3-6,89.1
143807,6-3-5,129.8
143807,1-5-2,77.2
143807,2-5-1,177.1
143807,3-5-1,43.8
143807,4-5-1,939.4
143807,5-4-1,1190
143807,6-4-1,978
143807,1-5-3,57.5
143807,2-5-3,75.7
143807,3-5-2,31.3
143807,4-5-2,964.8
143807,5-4-2,1050
143807,6-4-2,1034
143807,1-5-4,362.4
143807,2-5-4,536.8
143807,3-5-4,91.8
143807,4-5-3,451.9
143807,5-4-3,479.1
143807,6-4-3,605
143807,1-5-6,87.3
143807,2-5-6,116.8
143807,3-5-6,16.9
143807,4-5-6,427.5
143807,5-4-6,375.7
143807,6-4-5,513.6
143807,1-6-2,64
143807,2-6-1,141.9
143807,3-6-1,31.8
143807,4-6-1,693.2
143807,5-6-1,210
143807,6-5-1,398.8
143807,1-6-3,49.7
143807,2-6-3,65.8
143807,3-6-2,24.1
143807,4-6-2,767.7
143807,5-6-2,223.1
143807,6-5-2,357
143807,1-6-4,217.6
143807,2-6-4,469.7
143807,3-6-4,93.5
143807,4-6-3,440.7
143807,5-6-3,148.4
143807,6-5-3,184.9
143807,1-6-5,93.8
143807,2-6-5,153.2
143807,3-6-5,21.5
143807,4-6-5,528.8
143807,5-6-4,472.8
143807,6-5-4,626.3
143808,1-2-3,21.5
143808,2-1-3,32.6
143808,3-1-2,42.2
143808,4-1-2,28.1
143808,5-1-2,546
143808,6-1-2,1141
143808,1-2-4,13.7
143808,2-1-4,18.4
143808,3-1-4,30.9
143808,4-1-3,56.1
143808,5-1-3,849.9
143808,6-1-3,1739
143808,1-2-5,67.7
143808,2-1-5,87.6
143808,3-1-5,166.7
143808,4-1-5,69.5
143808,5-1-4,576.7
143808,6-1-4,1000
143808,1-2-6,80.1
143808,2-1-6,97.7
143808,3-1-6,215.3
143808,4-1-6,76
143808,5-1-6,624.5
143808,6-1-5,1883
143808,1-3-2,33.4
143808,2-3-1,52.4
143808,3-2-1,41.7
143808,4-2-1,24.7
143808,5-2-1,579.6
143808,6-2-1,1255
143808,1-3-4,39.4
143808,2-3-4,38.7
143808,3-2-4,23.9
143808,4-2-3,41.7
143808,5-2-3,883.1
143808,6-2-3,1130
143808,1-3-5,108
143808,2-3-5,158.7
143808,3-2-5,122.4
143808,4-2-5,40.8
143808,5-2-4,374.2
143808,6-2-4,443.2
143808,1-3-6,132.6
143808,2-3-6,190.9
143808,3-2-6,175.5
143808,4-2-6,38.6
143808,5-2-6,689.2
143808,6-2-5,2173
143808,1-4-2,16.2
143808,2-4-1,21.4
143808,3-4-1,33.4
143808,4-3-1,59.9
143808,5-3-1,1242
143808,6-3-1,1853
143808,1-4-3,41.1
143808,2-4-3,32.2
143808,3-4-2,23.1
143808,4-3-2,42.5
143808,5-3-2,926.5
143808,6-3-2,1487
143808,1-4-5,59.6
143808,2-4-5,57.5
143808,3-4-5,78.7
143808,4-3-5,102.3
143808,5-3-4,779.5
143808,6-3-4,1177
143808,1-4-6,69
143808,2-4-6,40.6
143808,3-4-6,112.9
143808,4-3-6,137.1
143808,5-3-6,1614
143808,6-3-5,2511
143808,1-5-2,193.2
143808,2-5-1,249.5
143808,3-5-1,335.4
143808,4-5-1,76.4
143808,5-4-1,380.5
143808,6-4-1,982.9
143808,1-5-3,231.1
143808,2-5-3,330.5
143808,3-5-2,242.5
143808,4-5-2,46.6
143808,5-4-2,290.5
143808,6-4-2,452.1
143808,1-5-4,220.7
143808,2-5-4,179.4
143808,3-5-4,184.7
143808,4-5-3,132.5
143808,5-4-3,653.3
143808,6-4-3,1097
143808,1-5-6,370.6
143808,2-5-6,325.7
143808,3-5-6,474.9
143808,4-5-6,62.7
143808,5-4-6,354.3
143808,6-4-5,926.5
143808,1-6-2,344.6
143808,2-6-1,336.4
143808,3-6-1,470.9
143808,4-6-1,123.6
143808,5-6-1,796
143808,6-5-1,1853
143808,1-6-3,380.5
143808,2-6-3,398
143808,3-6-2,540.8
143808,4-6-2,81.8
143808,5-6-2,974.4
143808,6-5-2,2306
143808,1-6-4,301.4
143808,2-6-4,182.6
143808,3-6-4,370.6
143808,4-6-3,232.5
143808,5-6-3,1314
143808,6-5-3,2628
143808,1-6-5,491.4
143808,2-6-5,497.9
143808,3-6-5,568
143808,4-6-5,98.4
143808,5-6-4,591.8
143808,6-5-4,911.5
143809,1-2-3,8.8
143809,2-1-3,24.3
143809,3-1-2,52.9
143809,4-1-2,174.8
143809,5-1-2,113.3
143809,6-1-2,449.3
143809,1-2-4,12.6
143809,2-1-4,28.5
143809,3-1-4,133.6
143809,4-1-3,292.3
143809,5-1-3,165.7
143809,6-1-3,776.2
143809,1-2-5,8.9
143809,2-1-5,20.5
143809,3-1-5,53.7
143809,4-1-5,146.5
143809,5-1-4,224
143809,6-1-4,1435
143809,1-2-6,22.5
143809,2-1-6,34.1
143809,3-1-6,102
143809,4-1-6,208.5
143809,5-1-6,152.9
143809,6-1-5,734
143809,1-3-2,21.2
143809,2-3-1,65
143809,3-2-1,76.9
143809,4-2-1,175.1
143809,5-2-1,125
143809,6-2-1,737.4
143809,1-3-4,34.8
143809,2-3-4,92.4
143809,3-2-4,121.4
143809,4-2-3,324.4
143809,5-2-3,214.8
143809,6-2-3,1247
143809,1-3-5,27.6
143809,2-3-5,71
143809,3-2-5,61
143809,4-2-5,170.9
143809,5-2-4,268.5
143809,6-2-4,1908
143809,1-3-6,41.8
143809,2-3-6,90.8
143809,3-2-6,90.6
143809,4-2-6,241.7
143809,5-2-6,151
143809,6-2-5,840.5
143809,1-4-2,35.1
143809,2-4-1,139.2
143809,3-4-1,234.1
143809,4-3-1,331
143809,5-3-1,233.4
143809,6-3-1,1516
143809,1-4-3,59.3
143809,2-4-3,132.1
143809,3-4-2,186.9
143809,4-3-2,395.6
143809,5-3-2,262.9
143809,6-3-2,1448
143809,1-4-5,50.8
143809,2-4-5,100.3
143809,3-4-5,180.6
143809,4-3-5,246.1
143809,5-3-4,510.1
143809,6-3-4,3244
143809,1-4-6,72
143809,2-4-6,170
143809,3-4-6,261.6
143809,4-3-6,362.1
143809,5-3-6,283.1
143809,6-3-5,1488
143809,1-5-2,28.7
143809,2-5-1,77.4
143809,3-5-1,115.5
143809,4-5-1,140.7
143809,5-4-1,239.9
143809,6-4-1,2575
143809,1-5-3,52.8
143809,2-5-3,114.2
143809,3-5-2,110.6
143809,4-5-2,155
143809,5-4-2,277.3
143809,6-4-2,2027
143809,1-5-4,68.6
143809,2-5-4,154.2
143809,3-5-4,265.5
143809,4-5-3,230.4
143809,5-4-3,392.8
143809,6-4-3,2797
143809,1-5-6,53.6
143809,2-5-6,120.2
143809,3-5-6,143.6
143809,4-5-6,120.7
143809,5-4-6,193.1
143809,6-4-5,1423
143809,1-6-2,75.1
143809,2-6-1,188.8
143809,3-6-1,335.8
143809,4-6-1,293.3
143809,5-6-1,236.1
143809,6-5-1,772.5
143809,1-6-3,141.6
143809,2-6-3,280.1
143809,3-6-2,315
143809,4-6-2,387.1
143809,5-6-2,277.3
143809,6-5-2,881.7
143809,1-6-4,155.6
143809,2-6-4,402.5
143809,3-6-4,673.1
143809,4-6-3,667.6
143809,5-6-3,397.6
143809,6-5-3,1423
143809,1-6-5,111.5
143809,2-6-5,234.4
143809,3-6-5,320.6
143809,4-6-5,248.8
143809,5-6-4,376.4
143809,6-5-4,1530
143810,1-2-3,21.3
143810,2-1-3,109.3
143810,3-1-2,53.3
143810,4-1-2,165
143810,5-1-2,274.3
143810,6-1-2,155.2
143810,1-2-4,39.3
143810,2-1-4,159.7
143810,3-1-4,34.3
143810,4-1-3,97.3
143810,5-1-3,145.5
143810,6-1-3,124.2
143810,1-2-5,48.8
143810,2-1-5,178.1
143810,3-1-5,25.6
143810,4-1-5,70.7
143810,5-1-4,198.9
143810,6-1-4,213.5
143810,1-2-6,28.8
143810,2-1-6,88.1
143810,3-1-6,25.8
143810,4-1-6,51.1
143810,5-1-6,105.2
143810,6-1-5,143.6
143810,1-3-2,16.1
143810,2-3-1,191.7
143810,3-2-1,154.8
143810,4-2-1,332.7
143810,5-2-1,529.3
143810,6-2-1,290.4
143810,1-3-4,13.3
143810,2-3-4,283.4
143810,3-2-4,194.6
143810,4-2-3,549.7
143810,5-2-3,1123
143810,6-2-3,556.9
143810,1-3-5,11.6
143810,2-3-5,313.2
143810,3-2-5,200.7
143810,4-2-5,527.1
143810,5-2-4,1489
143810,6-2-4,821.1
143810,1-3-6,11.9
143810,2-3-6,272.5
143810,3-2-6,159.5
143810,4-2-6,259.3
143810,5-2-6,502.3
143810,6-2-5,554.5
143810,1-4-2,52.9
143810,2-4-1,371.3
143810,3-4-1,91.5
143810,4-3-1,141
143810,5-3-1,217.8
143810,6-3-1,200.4
143810,1-4-3,27.7
143810,2-4-3,607.1
143810,3-4-2,223.5
143810,4-3-2,477.9
143810,5-3-2,767
143810,6-3-2,490.8
143810,1-4-5,39.2
143810,2-4-5,781
143810,3-4-5,102.8
143810,4-3-5,148.9
143810,5-3-4,401.5
143810,6-3-4,464.1
143810,1-4-6,33.2
143810,2-4-6,465.8
143810,3-4-6,91.6
143810,4-3-6,115.5
143810,5-3-6,197.3
143810,6-3-5,307.9
143810,1-5-2,83.7
143810,2-5-1,547.4
143810,3-5-1,68.9
143810,4-5-1,97.7
143810,5-4-1,223.1
143810,6-4-1,312.4
143810,1-5-3,39.5
143810,2-5-3,902.1
143810,3-5-2,204.6
143810,4-5-2,331.8
143810,5-4-2,700
143810,6-4-2,640.5
143810,1-5-4,70
143810,2-5-4,1243
143810,3-5-4,149.1
143810,4-5-3,161.1
143810,5-4-3,313.9
143810,6-4-3,464.1
143810,1-5-6,42.2
143810,2-5-6,610
143810,3-5-6,66.6
143810,4-5-6,86
143810,5-4-6,171.9
143810,6-4-5,300
143810,1-6-2,43.3
143810,2-6-1,264.6
143810,3-6-1,84.2
143810,4-6-1,85
143810,5-6-1,175.9
143810,6-5-1,210
143810,1-6-3,34.9
143810,2-6-3,520.7
143810,3-6-2,185.6
143810,4-6-2,236.7
143810,5-6-2,428.4
143810,6-5-2,520.7
143810,1-6-4,52.8
143810,2-6-4,753.5
143810,3-6-4,161.1
143810,4-6-3,141.7
143810,5-6-3,267.4
143810,6-5-3,361.8
143810,1-6-5,45.1
143810,2-6-5,595.8
143810,3-6-5,103.5
143810,4-6-5,94.8
143810,5-6-4,268.5
143810,6-5-4,421.3
143811,1-2-3,10.6
143811,2-1-3,35.4
143811,3-1-2,107.9
143811,4-1-2,37.2
143811,5-1-2,502.3
143811,6-1-2,202.5
143811,1-2-4,4.8
143811,2-1-4,25.4
143811,3-1-4,147.6
143811,4-1-3,101.9
143811,5-1-3,1144
143811,6-1-3,535.1
143811,1-2-5,24.4
143811,2-1-5,74.9
143811,3-1-5,380.1
143811,4-1-5,49.2
143811,5-1-4,417.1
143811,6-1-4,408.5
143811,1-2-6,16.5
143811,2-1-6,42.3
143811,3-1-6,189.3
143811,4-1-6,43
143811,5-1-6,565.8
143811,6-1-5,1070
143811,1-3-2,25.8
143811,2-3-1,134.1
143811,3-2-1,149.8
143811,4-2-1,60.1
143811,5-2-1,781.4
143811,6-2-1,375.7
143811,1-3-4,31.5
143811,2-3-4,203
143811,3-2-4,240.1
143811,4-2-3,195.7
143811,5-2-3,1278
143811,6-2-3,656.3
143811,1-3-5,67.8
143811,2-3-5,395.4
143811,3-2-5,371.5
143811,4-2-5,101.5
143811,5-2-4,565.8
143811,6-2-4,529.3
143811,1-3-6,59.4
143811,2-3-6,269
143811,3-2-6,282.1
143811,4-2-6,85.7
143811,5-2-6,903.2
143811,6-2-5,1469
143811,1-4-2,10.1
143811,2-4-1,59.5
143811,3-4-1,247.3
143811,4-3-1,193.4
143811,5-3-1,1697
143811,6-3-1,928.8
143811,1-4-3,27
143811,2-4-3,147.6
143811,3-4-2,308.6
143811,4-3-2,290.4
143811,5-3-2,1588
143811,6-3-2,1562
143811,1-4-5,32.3
143811,2-4-5,156.7
143811,3-4-5,550
143811,4-3-5,309.6
143811,5-3-4,1367
143811,6-3-4,1093
143811,1-4-6,22.8
143811,2-4-6,104.6
143811,3-4-6,302
143811,4-3-6,227.9
143811,5-3-6,1562
143811,6-3-5,2813
143811,1-5-2,65.8
143811,2-5-1,377.2
143811,3-5-1,920.1
143811,4-5-1,70
143811,5-4-1,349.1
143811,6-4-1,494.7
143811,1-5-3,132.1
143811,2-5-3,863.6
143811,3-5-2,937.7
143811,4-5-2,82.5
143811,5-4-2,350.3
143811,6-4-2,433.7
143811,1-5-4,92.2
143811,2-5-4,477.9
143811,3-5-4,813.7
143811,4-5-3,271.9
143811,5-4-3,1186
143811,6-4-3,903.2
143811,1-5-6,113.6
143811,2-5-6,471
143811,3-5-6,871.3
143811,4-5-6,67.4
143811,5-4-6,334.8
143811,6-4-5,834.3
143811,1-6-2,55.4
143811,2-6-1,239.5
143811,3-6-1,455.8
143811,4-6-1,76.2
143811,5-6-1,887
143811,6-5-1,1668
143811,1-6-3,110
143811,2-6-3,589.5
143811,3-6-2,683.7
143811,4-6-2,94.6
143811,5-6-2,1058
143811,6-5-2,384.6
143811,1-6-4,70.9
143811,2-6-4,278.9
143811,3-6-4,475.6
143811,4-6-3,276.5
143811,5-6-3,1514
143811,6-5-3,740.2
143811,1-6-5,144.3
143811,2-6-5,559.4
143811,3-6-5,903.2
143811,4-6-5,98.4
143811,5-6-4,607.7
143811,6-5-4,1262
143812,1-2-3,7.9
143812,2-1-3,42.2
143812,3-1-2,91.4
143812,4-1-2,78.3
143812,5-1-2,170.1
143812,6-1-2,1204
143812,1-2-4,10.3
143812,2-1-4,47.7
143812,3-1-4,50.9
143812,4-1-3,89.3
143812,5-1-3,132
143812,6-1-3,1226
143812,1-2-5,22.4
143812,2-1-5,59.9
143812,3-1-5,53.1
143812,4-1-5,57.6
143812,5-1-4,96.5
143812,6-1-4,1441
143812,1-2-6,57.8
143812,2-1-6,148.1
143812,3-1-6,102.7
143812,4-1-6,121.3
143812,5-1-6,119.8
143812,6-1-5,1274
143812,1-3-2,10.7
143812,2-3-1,108
143812,3-2-1,160.5
143812,4-2-1,128.4
143812,5-2-1,285.7
143812,6-2-1,1618
143812,1-3-4,9.8
143812,2-3-4,155.1
143812,3-2-4,208.7
143812,4-2-3,190.9
143812,5-2-3,383.4
143812,6-2-3,2244
143812,1-3-5,19.3
143812,2-3-5,191.7
143812,3-2-5,221.8
143812,4-2-5,134.5
143812,5-2-4,224.9
143812,6-2-4,2244
143812,1-3-6,41.1
143812,2-3-6,456
143812,3-2-6,488.8
143812,4-2-6,259.1
143812,5-2-6,265.4
143812,6-2-5,2408
143812,1-4-2,19.4
143812,2-4-1,118.1
143812,3-4-1,116
143812,4-3-1,153.5
143812,5-3-1,218.7
143812,6-3-1,1507
143812,1-4-3,18.4
143812,2-4-3,170.3
143812,3-4-2,214.1
143812,4-3-2,217.7
143812,5-3-2,424.7
143812,6-3-2,2379
143812,1-4-5,29.2
143812,2-4-5,173.2
143812,3-4-5,123.7
143812,4-3-5,126.9
143812,5-3-4,291.2
143812,6-3-4,1747
143812,1-4-6,75.7
143812,2-4-6,372.6
143812,3-4-6,262.9
143812,4-3-6,247.1
143812,5-3-6,382.7
143812,6-3-5,1352
143812,1-5-2,53.5
143812,2-5-1,216.5
143812,3-5-1,143.1
143812,4-5-1,66.7
143812,5-4-1,95.3
143812,6-4-1,1605
143812,1-5-3,37.1
143812,2-5-3,309.5
143812,3-5-2,302.8
143812,4-5-2,66.6
143812,5-4-2,138.1
143812,6-4-2,1702
143812,1-5-4,60.5
143812,2-5-4,284.5
143812,3-5-4,198.4
143812,4-5-3,128.4
143812,5-4-3,207
143812,6-4-3,1779
143812,1-5-6,105.6
143812,2-5-6,557.8
143812,3-5-6,321.6
143812,4-5-6,62.6
143812,5-4-6,108.6
143812,6-4-5,889.5
143812,1-6-2,190.9
143812,2-6-1,836.8
143812,3-6-1,796.3
143812,4-6-1,283.7
143812,5-6-1,311.9
143812,6-5-1,1687
143812,1-6-3,180.6
143812,2-6-3,1249
143812,3-6-2,1056
143812,4-6-2,387.2
143812,5-6-2,525.2
143812,6-5-2,1779
143812,1-6-4,213.7
143812,2-6-4,1128
143812,3-6-4,833.2
143812,4-6-3,430.2
143812,5-6-3,396.5
143812,6-5-3,1307
143812,1-6-5,237
143812,2-6-5,1007
143812,3-6-5,615.2
143812,4-6-5,220.4
143812,5-6-4,323.7
143812,6-5-4,881.6
143777,1-2-3,9.8
143777,2-1-3,19.5
143777,3-1-2,76.1
143777,4-1-2,56.7
143777,5-1-2,99.1
143777,6-1-2,238.5
143777,1-2-4,10.7
143777,2-1-4,16
143777,3-1-4,103.6
143777,4-1-3,149.6
143777,5-1-3,202.3
143777,6-1-3,389.1
143777,1-2-5,12.9
143777,2-1-5,19.3
143777,3-1-5,82.9
143777,4-1-5,65.5
143777,5-1-4,157
143777,6-1-4,574.8
143777,1-2-6,42.9
143777,2-1-6,53.9
143777,3-1-6,351.2
143777,4-1-6,332.7
143777,5-1-6,258
143777,6-1-5,414.6
143777,1-3-2,26.7
143777,2-3-1,42.5
143777,3-2-1,106.7
143777,4-2-1,103.6
143777,5-2-1,103.6
143777,6-2-1,287.4
143777,1-3-4,41
143777,2-3-4,49
143777,3-2-4,131.7
143777,4-2-3,190.1
143777,5-2-3,216.1
143777,6-2-3,562
143777,1-3-5,38
143777,2-3-5,49.3
143777,3-2-5,117.6
143777,4-2-5,109.9
143777,5-2-4,129.7
143777,6-2-4,632.2
143777,1-3-6,122.1
143777,2-3-6,111.9
143777,3-2-6,263.4
143777,4-2-6,255.4
143777,5-2-6,377.4
143777,6-2-5,872.1
143777,1-4-2,26.9
143777,2-4-1,40
143777,3-4-1,146.1
143777,4-3-1,180.6
143777,5-3-1,377.4
143777,6-3-1,477.1
143777,1-4-3,50.5
143777,2-4-3,54.7
143777,3-4-2,172
143777,4-3-2,245.5
143777,5-3-2,320.1
143777,6-3-2,722.6
143777,1-4-5,37.6
143777,2-4-5,39.3
143777,3-4-5,324.2
143777,4-3-5,383.2
143777,5-3-4,516.1
143777,6-3-4,1053
143777,1-4-6,138.9
143777,2-4-6,117
143777,3-4-6,505.8
143777,4-3-6,790.3
143777,5-3-6,936.7
143777,6-3-5,1264
143777,1-5-2,30.7
143777,2-5-1,44.3
143777,3-5-1,170.8
143777,4-5-1,76.8
143777,5-4-1,193
143777,6-4-1,1011
143777,1-5-3,68.3
143777,2-5-3,63.7
143777,3-5-2,175.6
143777,4-5-2,65.8
143777,5-4-2,172
143777,6-4-2,815.8
143777,1-5-4,58.4
143777,2-5-4,52.5
143777,3-5-4,281
143777,4-5-3,176.8
143777,5-4-3,549.8
143777,6-4-3,1149
143777,1-5-6,147
143777,2-5-6,136.7
143777,3-5-6,702.5
143777,4-5-6,243.1
143777,5-4-6,451.6
143777,6-4-5,1011
143777,1-6-2,117
143777,2-6-1,163.1
143777,3-6-1,683.5
143777,4-6-1,665.5
143777,5-6-1,401.4
143777,6-5-1,549.8
143777,1-6-3,294
143777,2-6-3,389.1
143777,3-6-2,574.8
143777,4-6-2,790.3
143777,5-6-2,815.8
143777,6-5-2,616.8
143777,1-6-4,304.7
143777,2-6-4,304.7
143777,3-6-4,843
143777,4-6-3,972.7
143777,5-6-3,872.1
143777,6-5-3,1264
143777,1-6-5,247.9
143777,2-6-5,328.4
143777,3-6-5,843
143777,4-6-5,632.2
143777,5-6-4,702.5
143777,6-5-4,972.7
143778,1-2-3,18.6
143778,2-1-3,95.7
143778,3-1-2,66.9
143778,4-1-2,69.8
143778,5-1-2,250.1
143778,6-1-2,170.2
143778,1-2-4,23.9
143778,2-1-4,85.5
143778,3-1-4,57.3
143778,4-1-3,72.9
143778,5-1-3,157.9
143778,6-1-3,87.2
143778,1-2-5,39.4
143778,2-1-5,146.7
143778,3-1-5,61.9
143778,4-1-5,76.5
143778,5-1-4,174.8
143778,6-1-4,189.9
143778,1-2-6,27.1
143778,2-1-6,104.4
143778,3-1-6,30.1
143778,4-1-6,54.3
143778,5-1-6,129.2
143778,6-1-5,182.1
143778,1-3-2,20.3
143778,2-3-1,150.8
143778,3-2-1,152.4
143778,4-2-1,112.6
143778,5-2-1,351.4
143778,6-2-1,296.6
143778,1-3-4,20.7
143778,2-3-4,156.5
143778,3-2-4,165.7
143778,4-2-3,168.1
143778,5-2-3,498.5
143778,6-2-3,423.4
143778,1-3-5,31.6
143778,2-3-5,255.6
143778,3-2-5,248.3
143778,4-2-5,142.5
143778,5-2-4,401.6
143778,6-2-4,453.5
143778,1-3-6,14
143778,2-3-6,143.1
143778,3-2-6,123.1
143778,4-2-6,100.5
143778,5-2-6,351.4
143778,6-2-5,566.9
143778,1-4-2,39.7
143778,2-4-1,130.6
143778,3-4-1,112.2
143778,4-3-1,116.3
143778,5-3-1,264.2
143778,6-3-1,103.2
143778,1-4-3,37.4
143778,2-4-3,182.1
143778,3-4-2,151.5
143778,4-3-2,168.5
143778,5-3-2,710
143778,6-3-2,231.2
143778,1-4-5,69.3
143778,2-4-5,195.2
143778,3-4-5,173.1
143778,4-3-5,168.9
143778,5-3-4,382
143778,6-3-4,184.9
143778,1-4-6,37.4
143778,2-4-6,132.8
143778,3-4-6,85.8
143778,4-3-6,98.8
143778,5-3-6,153.1
143778,6-3-5,128.9
143778,1-5-2,93.7
143778,2-5-1,301.6
143778,3-5-1,144.6
143778,4-5-1,64.3
143778,5-4-1,153.4
143778,6-4-1,301.6
143778,1-5-3,77.3
143778,2-5-3,488.1
143778,3-5-2,392.7
143778,4-5-2,92
143778,5-4-2,228.9
143778,6-4-2,330
143778,1-5-4,110.1
143778,2-5-4,390.5
143778,3-5-4,238.2
143778,4-5-3,101.8
143778,5-4-3,234.3
143778,6-4-3,276.7
143778,1-5-6,69.6
143778,2-5-6,311
143778,3-5-6,93.1
143778,4-5-6,38.4
143778,5-4-6,92.2
143778,6-4-5,210.4
143778,1-6-2,59
143778,2-6-1,208.5
143778,3-6-1,56
143778,4-6-1,65.4
143778,5-6-1,166.9
143778,6-5-1,277.8
143778,1-6-3,30.9
143778,2-6-3,242.4
143778,3-6-2,142.8
143778,4-6-2,90.4
143778,5-6-2,328.4
143778,6-5-2,498.5
143778,1-6-4,63.6
143778,2-6-4,249.2
143778,3-6-4,101.5
143778,4-6-3,89.6
143778,5-6-3,142.2
143778,6-5-3,174.8
143778,1-6-5,75.8
143778,2-6-5,348
143778,3-6-5,81.3
143778,4-6-5,56.1
143778,5-6-4,164.2
143778,6-5-4,221
143779,1-2-3,81.5
143779,2-1-3,302.9
143779,3-1-2,73.6
143779,4-1-2,364.3
143779,5-1-2,1427
143779,6-1-2,144.9
143779,1-2-4,165.6
143779,2-1-4,585.4
143779,3-1-4,29.5
143779,4-1-3,103.2
143779,5-1-3,560.2
143779,6-1-3,40.3
143779,1-2-5,321.6
143779,2-1-5,783.4
143779,3-1-5,50.9
143779,4-1-5,154.8
143779,5-1-4,1031
143779,6-1-4,60.4
143779,1-2-6,108.9
143779,2-1-6,402.3
143779,3-1-6,16
143779,4-1-6,55.8
143779,5-1-6,595.4
143779,6-1-5,103.5
143779,1-3-2,59.3
143779,2-3-1,374.8
143779,3-2-1,207.9
143779,4-2-1,906.1
143779,5-2-1,1467
143779,6-2-1,321.6
143779,1-3-4,23.4
143779,2-3-4,551.3
143779,3-2-4,172.8
143779,4-2-3,572.5
143779,5-2-3,1708
143779,6-2-3,243.4
143779,1-3-5,48.8
143779,2-3-5,461
143779,3-2-5,263.8
143779,4-2-5,708.8
143779,5-2-4,2170
143779,6-2-4,393.2
143779,1-3-6,17.2
143779,2-3-6,348.5
143779,3-2-6,111.9
143779,4-2-6,377.5
143779,5-2-6,1510
143779,6-2-5,449.1
143779,1-4-2,135.8
143779,2-4-1,914
143779,3-4-1,47.2
143779,4-3-1,121.7
143779,5-3-1,563.2
143779,6-3-1,30.8
143779,1-4-3,43.2
143779,2-4-3,930.3
143779,3-4-2,120.4
143779,4-3-2,277.1
143779,5-3-2,1408
143779,6-3-2,111.5
143779,1-4-5,80.1
143779,2-4-5,1240
143779,3-4-5,55.2
143779,4-3-5,96.3
143779,5-3-4,451
143779,6-3-4,24.4
143779,1-4-6,29.2
143779,2-4-6,744.3
143779,3-4-6,13.8
143779,4-3-6,41.7
143779,5-3-6,237.9
143779,6-3-5,42.9
143779,1-5-2,518.4
143779,2-5-1,1120
143779,3-5-1,126.4
143779,4-5-1,277.8
143779,5-4-1,1170
143779,6-4-1,95.4
143779,1-5-3,204.3
143779,2-5-3,563.2
143779,3-5-2,251
143779,4-5-2,531.6
143779,5-4-2,2043
143779,6-4-2,294.3
143779,1-5-4,212.6
143779,2-5-4,1860
143779,3-5-4,94.4
143779,4-5-3,200.7
143779,5-4-3,566.3
143779,6-4-3,53.2
143779,1-5-6,170.2
143779,2-5-6,1371
143779,3-5-6,52.3
143779,4-5-6,116.2
143779,5-4-6,338.3
143779,6-4-5,77.3
143779,1-6-2,93.5
143779,2-6-1,428.8
143779,3-6-1,17.9
143779,4-6-1,66.3
143779,5-6-1,647.2
143779,6-5-1,185.7
143779,1-6-3,30.4
143779,2-6-3,457
143779,3-6-2,63
143779,4-6-2,203.9
143779,5-6-2,1555
143779,6-5-2,475.8
143779,1-6-4,36.4
143779,2-6-4,760.6
143779,3-6-4,12.6
143779,4-6-3,49.3
143779,5-6-3,229
143779,6-5-3,104.3
143779,1-6-5,67
143779,2-6-5,1063
143779,3-6-5,24.1
143779,4-6-5,54.7
143779,5-6-4,349.6
143779,6-5-4,134.1
143780,1-2-3,5.3
143780,2-1-3,68.2
143780,3-1-2,118.8
143780,4-1-2,190.9
143780,5-1-2,90.1
143780,6-1-2,176.7
143780,1-2-4,21.3
143780,2-1-4,144.3
143780,3-1-4,151.2
143780,4-1-3,334.2
143780,5-1-3,172.5
143780,6-1-3,289.2
143780,1-2-5,8
143780,2-1-5,51.2
143780,3-1-5,78
143780,4-1-5,163.3
143780,5-1-4,174.6
143780,6-1-4,436
143780,1-2-6,11.6
143780,2-1-6,84.3
143780,3-1-6,201.1
143780,4-1-6,299.3
143780,5-1-6,159
143780,6-1-5,279.8
143780,1-3-2,13.6
143780,2-3-1,213.1
143780,3-2-1,159.3
143780,4-2-1,321.7
143780,5-2-1,150.7
143780,6-2-1,299.3
143780,1-3-4,39.7
143780,2-3-4,390.4
143780,3-2-4,302.4
143780,4-2-3,687.2
143780,5-2-3,226.6
143780,6-2-3,447.4
143780,1-3-5,15.6
143780,2-3-5,200.2
143780,3-2-5,123.7
143780,4-2-5,309
143780,5-2-4,392.2
143780,6-2-4,780.9
143780,1-3-6,33.7
143780,2-3-6,505.3
143780,3-2-6,561.4
143780,4-2-6,641.1
143780,5-2-6,399.5
143780,6-2-5,347.8
143780,1-4-2,48.7
143780,2-4-1,419
143780,3-4-1,249.7
143780,4-3-1,536.9
143780,5-3-1,210.5
143780,6-3-1,660.8
143780,1-4-3,74.3
143780,2-4-3,665.9
143780,3-4-2,278.9
143780,4-3-2,466.8
143780,5-3-2,191.7
143780,6-3-2,565.1
143780,1-4-5,54.7
143780,2-4-5,485.3
143780,3-4-5,122
143780,4-3-5,241.3
143780,5-3-4,321.7
143780,6-3-4,850.5
143780,1-4-6,76.1
143780,2-4-6,850.5
143780,3-4-6,795.4
143780,4-3-6,1385
143780,5-3-6,795.4
143780,6-3-5,429.5
143780,1-5-2,17.6
143780,2-5-1,135.5
143780,3-5-1,99.5
143780,4-5-1,142.9
143780,5-4-1,245.4
143780,6-4-1,1010
143780,1-5-3,26.2
143780,2-5-3,208
143780,3-5-2,112.8
143780,4-5-2,221.9
143780,5-4-2,338.2
143780,6-4-2,1209
143780,1-5-4,62.7
143780,2-5-4,466.8
143780,3-5-4,161.7
143780,4-5-3,312.3
143780,5-4-3,381.8
143780,6-4-3,1363
143780,1-5-6,42.7
143780,2-5-6,307.9
143780,3-5-6,364
143780,4-5-6,385.2
143780,5-4-6,613.6
143780,6-4-5,923.7
143780,1-6-2,22.5
143780,2-6-1,205.5
143780,3-6-1,409
143780,4-6-1,561.4
143780,5-6-1,300.3
143780,6-5-1,517.5
143780,1-6-3,40.6
143780,2-6-3,613.6
143780,3-6-2,613.6
143780,4-6-2,767
143780,5-6-2,580.4
143780,6-5-2,469.4
143780,1-6-4,58.2
143780,2-6-4,655.7
143780,3-6-4,885.6
143780,4-6-3,1301
143780,5-6-3,867.7
143780,6-5-3,596.5
143780,1-6-5,42.2
143780,2-6-5,360.9
143780,3-6-5,405.2
143780,4-6-5,671.1
143780,5-6-4,734.2
143780,6-5-4,965.2
143781,1-2-3,40.8
143781,2-1-3,311.1
143781,3-1-2,288.1
143781,4-1-2,191.4
143781,5-1-2,74.6
143781,6-1-2,1264
143781,1-2-4,31.2
143781,2-1-4,254.2
143781,3-1-4,130.4
143781,4-1-3,136.5
143781,5-1-3,37.1
143781,6-1-3,1670
143781,1-2-5,15.7
143781,2-1-5,160.9
143781,3-1-5,71.9
143781,4-1-5,39.6
143781,5-1-4,20.4
143781,6-1-4,470.8
143781,1-2-6,102.3
143781,2-1-6,421.3
143781,3-1-6,445.4
143781,4-1-6,89.8
143781,5-1-6,46.2
143781,6-1-5,499.3
143781,1-3-2,41.7
143781,2-3-1,738.5
143781,3-2-1,723.3
143781,4-2-1,377.2
143781,5-2-1,189.1
143781,6-2-1,2263
143781,1-3-4,26.9
143781,2-3-4,899.5
143781,3-2-4,719.6
143781,4-2-3,671.4
143781,5-2-3,398.6
143781,6-2-3,5613
143781,1-3-5,14
143781,2-3-5,701.6
143781,3-2-5,478.9
143781,4-2-5,349.9
143781,5-2-4,244
143781,6-2-4,3598
143781,1-3-6,90.1
143781,2-3-6,1732
143781,3-2-6,967.7
143781,4-2-6,546
143781,5-2-6,433.1
143781,6-2-5,3792
143781,1-4-2,36.8
143781,2-4-1,472.4
143781,3-4-1,197.6
143781,4-3-1,220.6
143781,5-3-1,89.2
143781,6-3-1,2751
143781,1-4-3,32.8
143781,2-4-3,1122
143781,3-4-2,535.5
143781,4-3-2,604.8
143781,5-3-2,312.5
143781,6-3-2,4252
143781,1-4-5,12.1
143781,2-4-5,464.6
143781,3-4-5,146.9
143781,4-3-5,171.5
143781,5-3-4,107.9
143781,6-3-4,2033
143781,1-4-6,49.9
143781,2-4-6,1275
143781,3-4-6,514
143781,4-3-6,418.8
143781,5-3-6,265.7
143781,6-3-5,2094
143781,1-5-2,13.6
143781,2-5-1,308.4
143781,3-5-1,107.4
143781,4-5-1,35.7
143781,5-4-1,25.4
143781,6-4-1,434.4
143781,1-5-3,11.9
143781,2-5-3,658.8
143781,3-5-2,422.6
143781,4-5-2,135.4
143781,5-4-2,107.9
143781,6-4-2,1508
143781,1-5-4,8.6
143781,2-5-4,441.2
143781,3-5-4,151.7
143781,4-5-3,89.3
143781,5-4-3,63.9
143781,6-4-3,1776
143781,1-5-6,23.4
143781,2-5-6,974.4
143781,3-5-6,386.5
143781,4-5-6,49.4
143781,5-4-6,38.1
143781,6-4-5,339.7
143781,1-6-2,186.3
143781,2-6-1,1189
143781,3-6-1,1349
143781,4-6-1,175.6
143781,5-6-1,121.2
143781,6-5-1,474
143781,1-6-3,213.9
143781,2-6-3,2094
143781,3-6-2,1732
143781,4-6-2,400.9
143781,5-6-2,293.5
143781,6-5-2,2094
143781,1-6-4,124.8
143781,2-6-4,1612
143781,3-6-4,1275
143781,4-6-3,389.7
143781,5-6-3,288.1
143781,6-5-3,1477
143781,1-6-5,94.5
143781,2-6-5,1822
143781,3-6-5,1047
143781,4-6-5,125.4
143781,5-6-4,96
143781,6-5-4,339.7
143782,1-2-3,91.5
143782,2-1-3,269.1
143782,3-1-2,71
143782,4-1-2,250.9
143782,5-1-2,693.3
143782,6-1-2,263.9
143782,1-2-4,187.6
143782,2-1-4,481.2
143782,3-1-4,13.7
143782,4-1-3,51.8
143782,5-1-3,649.2
143782,6-1-3,43.7
143782,1-2-5,365.2
143782,2-1-5,818.1
143782,3-1-5,105.6
143782,4-1-5,340.8
143782,5-1-4,498.8
143782,6-1-4,57.2
143782,1-2-6,182.6
143782,2-1-6,511.3
143782,3-1-6,15.1
143782,4-1-6,60.2
143782,5-1-6,584.3
143782,6-1-5,517.7
143782,1-3-2,69.4
143782,2-3-1,274.5
143782,3-2-1,168.3
143782,4-2-1,449.5
143782,5-2-1,1363
143782,6-2-1,486.9
143782,1-3-4,13.8
143782,2-3-4,319.5
143782,3-2-4,185
143782,4-2-3,332.5
143782,5-2-3,2556
143782,6-2-3,343.7
143782,1-3-5,125.4
143782,2-3-5,1278
143782,3-2-5,619.7
143782,4-2-5,1168
143782,5-2-4,2045
143782,6-2-4,426.1
143782,1-3-6,19.1
143782,2-3-6,401
143782,3-2-6,179.4
143782,4-2-6,340.8
143782,5-2-6,2727
143782,6-2-5,1203
143782,1-4-2,154.9
143782,2-4-1,592.8
143782,3-4-1,17.8
143782,4-3-1,40.3
143782,5-3-1,889.2
143782,6-3-1,32.8
143782,1-4-3,30.8
143782,2-4-3,639.1
143782,3-4-2,91.9
143782,4-3-2,150.3
143782,5-3-2,2406
143782,6-3-2,115.2
143782,1-4-5,292.1
143782,2-4-5,1573
143782,3-4-5,143.5
143782,4-3-5,180.9
143782,5-3-4,717.6
143782,6-3-4,20.9
143782,1-4-6,37.8
143782,2-4-6,730.4
143782,3-4-6,9.5
143782,4-3-6,22.4
143782,5-3-6,743.7
143782,6-3-5,227.2
143782,1-5-2,498.8
143782,2-5-1,1105
143782,3-5-1,249.4
143782,4-5-1,560.3
143782,5-4-1,1203
143782,6-4-1,64.3
143782,1-5-3,475.6
143782,2-5-3,2556
143782,3-5-2,818.1
143782,4-5-2,1319
143782,5-4-2,2406
143782,6-4-2,171.1
143782,1-5-4,454.5
143782,2-5-4,1778
143782,3-5-4,389.5
143782,4-5-3,717.6
143782,5-4-3,1778
143782,6-4-3,32.3
143782,1-5-6,693.3
143782,2-5-6,2272
143782,3-5-6,94.4
143782,4-5-6,511.3
143782,5-4-6,1048
143782,6-4-5,290.1
143782,1-6-2,154.3
143782,2-6-1,705.2
143782,3-6-1,15.3
143782,4-6-1,43.1
143782,5-6-1,909
143782,6-5-1,717.6
143782,1-6-3,33.6
143782,2-6-3,629.3
143782,3-6-2,70.6
143782,4-6-2,129
143782,5-6-2,2152
143782,6-5-2,1704
143782,1-6-4,49.5
143782,2-6-4,619.7
143782,3-6-4,10.8
143782,4-6-3,26.5
143782,5-6-3,1203
143782,6-5-3,1022
143782,1-6-5,375.2
143782,2-6-5,3146
143782,3-6-5,139.6
143782,4-6-5,159.7
143782,5-6-4,1136
143782,6-5-4,492.8
143783,1-2-3,32.3
143783,2-1-3,32.4
143783,3-1-2,148.6
143783,4-1-2,120.3
143783,5-1-2,119.5
143783,6-1-2,321.3
143783,1-2-4,33.9
143783,2-1-4,33.4
143783,3-1-4,151.1
143783,4-1-3,229.4
143783,5-1-3,168.2
143783,6-1-3,486.9
143783,1-2-5,56.9
143783,2-1-5,51.2
143783,3-1-5,173.4
143783,4-1-5,185.8
143783,5-1-4,169.2
143783,6-1-4,357.4
143783,1-2-6,62.3
143783,2-1-6,58.7
143783,3-1-6,240.8
143783,4-1-6,202.4
143783,5-1-6,238.2
143783,6-1-5,478.6
143783,1-3-2,57.1
143783,2-3-1,52.7
143783,3-2-1,119.9
143783,4-2-1,88
143783,5-2-1,106.5
143783,6-2-1,352.9
143783,1-3-4,82.2
143783,2-3-4,19.2
143783,3-2-4,31.3
143783,4-2-3,56.1
143783,5-2-3,68.1
143783,6-2-3,236.2
143783,1-3-5,165.7
143783,2-3-5,43.3
143783,3-2-5,84.7
143783,4-2-5,85.5
143783,5-2-4,63.5
143783,6-2-4,115.6
143783,1-3-6,148.8
143783,2-3-6,37.2
143783,3-2-6,69.7
143783,4-2-6,40.3
143783,5-2-6,89.5
143783,6-2-5,268.7
143783,1-4-2,72.2
143783,2-4-1,38.2
143783,3-4-1,162.3
143783,4-3-1,231.8
143783,5-3-1,169.7
143783,6-3-1,697
143783,1-4-3,111.4
143783,2-4-3,31
143783,3-4-2,49.4
143783,4-3-2,86.6
143783,5-3-2,114.1
143783,6-3-2,283
143783,1-4-5,208.8
143783,2-4-5,43
143783,3-4-5,132.1
143783,4-3-5,191.9
143783,5-3-4,87.6
143783,6-3-4,198
143783,1-4-6,137
143783,2-4-6,19.7
143783,3-4-6,52.6
143783,4-3-6,108.2
143783,5-3-6,82.6
143783,6-3-5,331.9
143783,1-5-2,101.6
143783,2-5-1,80.5
143783,3-5-1,236.2
143783,4-5-1,165.9
143783,5-4-1,161.8
143783,6-4-1,388.5
143783,1-5-3,162.8
143783,2-5-3,48.6
143783,3-5-2,150.5
143783,4-5-2,85.5
143783,5-4-2,81.2
143783,6-4-2,118.3
143783,1-5-4,169.4
143783,2-5-4,41.9
143783,3-5-4,133.5
143783,4-5-3,188.3
143783,5-4-3,123.3
143783,6-4-3,197
143783,1-5-6,199.1
143783,2-5-6,56
143783,3-5-6,141.1
143783,4-5-6,115.9
143783,5-4-6,97.7
143783,6-4-5,234.2
143783,1-6-2,173.4
143783,2-6-1,110.9
143783,3-6-1,296.6
143783,4-6-1,209.6
143783,5-6-1,232.3
143783,6-5-1,552
143783,1-6-3,271.3
143783,2-6-3,72.6
143783,3-6-2,139.4
143783,4-6-2,68
143783,5-6-2,121.8
143783,6-5-2,283.7
143783,1-6-4,221.7
143783,2-6-4,42
143783,3-6-4,97.7
143783,4-6-3,124.3
143783,5-6-3,115.6
143783,6-5-3,269.3
143783,1-6-5,337.9
143783,2-6-5,120.5
143783,3-6-5,185.8
143783,4-6-5,136.6
143783,5-6-4,92.5
143783,6-5-4,222.1
143784,1-2-3,29
143784,2-1-3,250.4
143784,3-1-2,136.7
143784,4-1-2,37.1
143784,5-1-2,474.2
143784,6-1-2,866.8
143784,1-2-4,19.8
143784,2-1-4,225.1
143784,3-1-4,47.5
143784,4-1-3,25.5
143784,5-1-3,407.3
143784,6-1-3,559.2
143784,1-2-5,59.3
143784,2-1-5,452.2
143784,3-1-5,103.6
143784,4-1-5,20
143784,5-1-4,210.5
143784,6-1-4,325
143784,1-2-6,75.3
143784,2-1-6,634.2
143784,3-1-6,147
143784,4-1-6,29
143784,5-1-6,387.1
143784,6-1-5,917.8
143784,1-3-2,25.5
143784,2-3-1,403.1
143784,3-2-1,319
143784,4-2-1,143
143784,5-2-1,886.5
143784,6-2-1,1368
143784,1-3-4,9.5
143784,2-3-4,555.2
143784,3-2-4,292.7
143784,4-2-3,312
143784,5-2-3,1714
143784,6-2-3,2516
143784,1-3-5,26.9
143784,2-3-5,1258
143784,3-2-5,776.2
143784,4-2-5,277.1
143784,5-2-4,1047
143784,6-2-4,1642
143784,1-3-6,42.8
143784,2-3-6,1138
143784,3-2-6,715.7
143784,4-2-6,268
143784,5-2-6,1500
143784,6-2-5,3467
143784,1-4-2,12.1
143784,2-4-1,292.1
143784,3-4-1,65.8
143784,4-3-1,59.4
143784,5-3-1,652.8
143784,6-3-1,757.4
143784,1-4-3,7.1
143784,2-4-3,577.9
143784,3-4-2,208.8
143784,4-3-2,180.5
143784,5-3-2,1642
143784,6-3-2,2137
143784,1-4-5,10.7
143784,2-4-5,715.7
143784,3-4-5,107.4
143784,4-3-5,69
143784,5-3-4,719
143784,6-3-4,639.4
143784,1-4-6,17
143784,2-4-6,644.7
143784,3-4-6,136
143784,4-3-6,83
143784,5-3-6,1191
143784,6-3-5,2080
143784,1-5-2,91.1
143784,2-5-1,969.1
143784,3-5-1,273.7
143784,4-5-1,32.2
143784,5-4-1,194.5
143784,6-4-1,319
143784,1-5-3,59.2
143784,2-5-3,1714
143784,3-5-2,746.5
143784,4-5-2,110.1
143784,5-4-2,484.5
143784,6-4-2,644.7
143784,1-5-4,40
143784,2-5-4,1333
143784,3-5-4,238.9
143784,4-5-3,86.8
143784,5-4-3,478.6
143784,6-4-3,666.8
143784,1-5-6,91.5
143784,2-5-6,1733
143784,3-5-6,511.5
143784,4-5-6,41.1
143784,5-4-6,213.4
143784,6-4-5,687.3
143784,1-6-2,155.4
143784,2-6-1,1431
143784,3-6-1,388.1
143784,4-6-1,54.8
143784,5-6-1,753.7
143784,6-5-1,1529
143784,1-6-3,122
143784,2-6-3,2197
143784,3-6-2,804.2
143784,4-6-2,172.4
143784,5-6-2,1356
143784,6-5-2,2516
143784,1-6-4,65.6
143784,2-6-4,1248
143784,3-6-4,329.1
143784,4-6-3,134.8
143784,5-6-3,1122
143784,6-5-3,2026
143784,1-6-5,146.3
143784,2-6-5,2438
143784,3-6-5,597.8
143784,4-6-5,76.3
143784,5-6-4,582.2
143784,6-5-4,993.8
143785,1-2-3,20.3
143785,2-1-3,78.3
143785,3-1-2,25.4
143785,4-1-2,443.8
143785,5-1-2,303.2
143785,6-1-2,2219
143785,1-2-4,70.9
143785,2-1-4,226.1
143785,3-1-4,11.4
143785,4-1-3,160.8
143785,5-1-3,90.8
143785,6-1-3,400.8
143785,1-2-5,55.8
143785,2-1-5,171.2
143785,3-1-5,6.6
143785,4-1-5,219.6
143785,5-1-4,243.8
143785,6-1-4,2014
143785,1-2-6,184.9
143785,2-1-6,428.9
143785,3-1-6,28.2
143785,4-1-6,335.7
143785,5-1-6,238.5
143785,6-1-5,1255
143785,1-3-2,14
143785,2-3-1,106.3
143785,3-2-1,63.7
143785,4-2-1,758
143785,5-2-1,544.9
143785,6-2-1,3480
143785,1-3-4,14.7
143785,2-3-4,212.3
143785,3-2-4,111.1
143785,4-2-3,595.8
143785,5-2-3,269.1
143785,6-2-3,2686
143785,1-3-5,10.4
143785,2-3-5,101.4
143785,3-2-5,54.9
143785,4-2-5,814.4
143785,5-2-4,994.3
143785,6-2-4,3561
143785,1-3-6,32.2
143785,2-3-6,357.7
143785,3-2-6,168.8
143785,4-2-6,1078
143785,5-2-6,680.5
143785,6-2-5,4939
143785,1-4-2,116.3
143785,2-4-1,683.5
143785,3-4-1,40.7
143785,4-3-1,127.8
143785,5-3-1,88.5
143785,6-3-1,401.8
143785,1-4-3,46.6
143785,2-4-3,544.9
143785,3-4-2,112.3
143785,4-3-2,382.8
143785,5-3-2,222.2
143785,6-3-2,2392
143785,1-4-5,93.3
143785,2-4-5,635.3
143785,3-4-5,33.5
143785,4-3-5,126
143785,5-3-4,149.5
143785,6-3-4,1265
143785,1-4-6,184.9
143785,2-4-6,1431
143785,3-4-6,72.5
143785,4-3-6,211.2
143785,5-3-6,157.5
143785,6-3-5,750.6
143785,1-5-2,82.5
143785,2-5-1,430.1
143785,3-5-1,13
143785,4-5-1,207.7
143785,5-4-1,285.6
143785,6-4-1,2126
143785,1-5-3,31.6
143785,2-5-3,181.6
143785,3-5-2,77.2
143785,4-5-2,529.8
143785,5-4-2,761.8
143785,6-4-2,3734
143785,1-5-4,94.8
143785,2-5-4,569.2
143785,3-5-4,26
143785,4-5-3,156.2
143785,5-4-3,213.2
143785,6-4-3,1628
143785,1-5-6,123.1
143785,2-5-6,702.3
143785,3-5-6,37.9
143785,4-5-6,225.1
143785,5-4-6,326.4
143785,6-4-5,1458
143785,1-6-2,316.3
143785,2-6-1,1578
143785,3-6-1,102.4
143785,4-6-1,754.3
143785,5-6-1,471.1
143785,6-5-1,1134
143785,1-6-3,128.1
143785,2-6-3,1224
143785,3-6-2,309.3
143785,4-6-2,1255
143785,5-6-2,1056
143785,6-5-2,2285
143785,1-6-4,313.7
143785,2-6-4,1867
143785,3-6-4,180.1
143785,4-6-3,595.8
143785,5-6-3,328.5
143785,6-5-3,708.9
143785,1-6-5,252.2
143785,2-6-5,1963
143785,3-6-5,117.7
143785,4-6-5,515.5
143785,5-6-4,610
143785,6-5-4,1297
143786,1-2-3,6.1
143786,2-1-3,10.3
143786,3-1-2,68.8
143786,4-1-2,300.3
143786,5-1-2,132.7
143786,6-1-2,90.9
143786,1-2-4,18.4
143786,2-1-4,30.2
143786,3-1-4,215.2
143786,4-1-3,539.1
143786,5-1-3,272.6
143786,6-1-3,161.7
143786,1-2-5,12.8
143786,2-1-5,20.6
143786,3-1-5,137.1
143786,4-1-5,656.8
143786,5-1-4,599.7
143786,6-1-4,336.4
143786,1-2-6,10.9
143786,2-1-6,14.7
143786,3-1-6,168.5
143786,4-1-6,500
143786,5-1-6,234.7
143786,6-1-5,226.4
143786,1-3-2,13.7
143786,2-3-1,43.1
143786,3-2-1,96.9
143786,4-2-1,356.7
143786,5-2-1,179.5
143786,6-2-1,93.4
143786,1-3-4,47.8
143786,2-3-4,129.1
143786,3-2-4,365.3
143786,4-2-3,780.7
143786,5-2-3,283.9
143786,6-2-3,151.5
143786,1-3-5,36
143786,2-3-5,69.6
143786,3-2-5,132.4
143786,4-2-5,862
143786,5-2-4,593.2
143786,6-2-4,362.1
143786,1-3-6,34.5
143786,2-3-6,52.7
143786,3-2-6,169.4
143786,4-2-6,494
143786,5-2-6,218
143786,6-2-5,207.1
143786,1-4-2,62.7
143786,2-4-1,124.2
143786,3-4-1,535.6
143786,4-3-1,924.6
143786,5-3-1,591.1
143786,6-3-1,411.7
143786,1-4-3,101.9
143786,2-4-3,247
143786,3-4-2,527.1
143786,4-3-2,1061
143786,5-3-2,463.6
143786,6-3-2,420
143786,1-4-5,158
143786,2-4-5,287.8
143786,3-4-5,704.3
143786,4-3-5,1217
143786,5-3-4,1859
143786,6-3-4,1190
143786,1-4-6,128.4
143786,2-4-6,180.8
143786,3-4-6,698.3
143786,4-3-6,1303
143786,5-3-6,667.4
143786,6-3-5,919.5
143786,1-5-2,34.2
143786,2-5-1,96.1
143786,3-5-1,378.7
143786,4-5-1,973.6
143786,5-4-1,1149
143786,6-4-1,956.7
143786,1-5-3,65.8
143786,2-5-3,133
143786,3-5-2,290.3
143786,4-5-2,979.3
143786,5-4-2,1414
143786,6-4-2,935.1
143786,1-5-4,190.2
143786,2-5-4,377.8
143786,3-5-4,985.2
143786,4-5-3,1414
143786,5-4-3,1902
143786,6-4-3,1451
143786,1-5-6,78.1
143786,2-5-6,101.7
143786,3-5-6,471.5
143786,4-5-6,894.6
143786,5-4-6,1273
143786,6-4-5,1655
143786,1-6-2,34
143786,2-6-1,53.5
143786,3-6-1,419
143786,4-6-1,762.7
143786,5-6-1,349.9
143786,6-5-1,396.9
143786,1-6-3,58.2
143786,2-6-3,83.2
143786,3-6-2,396.9
143786,4-6-2,762.7
143786,5-6-2,309.3
143786,6-5-2,328.4
143786,1-6-4,164.6
143786,2-6-4,191.5
143786,3-6-4,1088
143786,4-6-3,1504
143786,5-6-3,732.3
143786,6-5-3,752.3
143786,1-6-5,103.7
143786,2-6-5,114.3
143786,3-6-5,617.6
143786,4-6-5,1235
143786,5-6-4,1345
143786,6-5-4,1190
143787,1-2-3,17.4
143787,2-1-3,112.8
143787,3-1-2,35.8
143787,4-1-2,119.2
143787,5-1-2,663.4
143787,6-1-2,1002
143787,1-2-4,21.7
143787,2-1-4,193.3
143787,3-1-4,11.9
143787,4-1-3,42.5
143787,5-1-3,407.6
143787,6-1-3,528.6
143787,1-2-5,59.1
143787,2-1-5,431
143787,3-1-5,24
143787,4-1-5,81.6
143787,5-1-4,338.3
143787,6-1-4,446.6
143787,1-2-6,74.8
143787,2-1-6,445.2
143787,3-1-6,36
143787,4-1-6,64.4
143787,5-1-6,492.1
143787,6-1-5,1219
143787,1-3-2,12.6
143787,2-3-1,245.1
143787,3-2-1,150
143787,4-2-1,330.9
143787,5-2-1,1017
143787,6-2-1,1804
143787,1-3-4,6
143787,2-3-4,391.1
143787,3-2-4,200.8
143787,4-2-3,408.8
143787,5-2-3,1276
143787,6-2-3,1395
143787,1-3-5,20.1
143787,2-3-5,878.8
143787,3-2-5,479.9
143787,4-2-5,516.5
143787,5-2-4,1289
143787,6-2-4,2553
143787,1-3-6,18.3
143787,2-3-6,644.5
143787,3-2-6,392.3
143787,4-2-6,541.3
143787,5-2-6,1156
143787,6-2-5,2218
143787,1-4-2,21.5
143787,2-4-1,388.9
143787,3-4-1,33.1
143787,4-3-1,64.9
143787,5-3-1,583.3
143787,6-3-1,650.6
143787,1-4-3,10.7
143787,2-4-3,539.2
143787,3-4-2,141.8
143787,4-3-2,270.1
143787,5-3-2,1127
143787,6-3-2,1409
143787,1-4-5,27
143787,2-4-5,1074
143787,3-4-5,68.4
143787,4-3-5,111.5
143787,5-3-4,743.6
143787,6-3-4,526.6
143787,1-4-6,21.4
143787,2-4-6,769
143787,3-4-6,59.2
143787,4-3-6,108.3
143787,5-3-6,1033
143787,6-3-5,1538
143787,1-5-2,119.8
143787,2-5-1,1041
143787,3-5-1,146.1
143787,4-5-1,113.5
143787,5-4-1,351.5
143787,6-4-1,528.6
143787,1-5-3,81.7
143787,2-5-3,1219
143787,3-5-2,568.6
143787,4-5-2,304.1
143787,5-4-2,890.4
143787,6-4-2,1650
143787,1-5-4,84.5
143787,2-5-4,1353
143787,3-5-4,156.1
143787,4-5-3,163.8
143787,5-4-3,543.5
143787,6-4-3,578.3
143787,1-5-6,125.4
143787,2-5-6,1854
143787,3-5-6,160.7
143787,4-5-6,121
143787,5-4-6,415.1
143787,6-4-5,987.9
143787,1-6-2,160.3
143787,2-6-1,1301
143787,3-6-1,177.8
143787,4-6-1,115.3
143787,5-6-1,805.6
143787,6-5-1,1555
143787,1-6-3,78.4
143787,2-6-3,1424
143787,3-6-2,547.9
143787,4-6-2,402.8
143787,5-6-2,1409
143787,6-5-2,2114
143787,1-6-4,73.4
143787,2-6-4,1854
143787,3-6-4,161.3
143787,4-6-3,140.5
143787,5-6-3,933.4
143787,6-5-3,1735
143787,1-6-5,175.3
143787,2-6-5,1961
143787,3-6-5,415.1
143787,4-6-5,168.5
143787,5-6-4,805.6
143787,6-5-4,1381
143788,1-2-3,12.1
143788,2-1-3,132.6
143788,3-1-2,153.2
143788,4-1-2,61
143788,5-1-2,183.8
143788,6-1-2,189
143788,1-2-4,6.8
143788,2-1-4,81.7
143788,3-1-4,103
143788,4-1-3,148
143788,5-1-3,235
143788,6-1-3,420.6
143788,1-2-5,17.5
143788,2-1-5,167.5
143788,3-1-5,155.1
143788,4-1-5,108.6
143788,5-1-4,200.3
143788,6-1-4,193.7
143788,1-2-6,15.2
143788,2-1-6,129
143788,3-1-6,161.5
143788,4-1-6,74.5
143788,5-1-6,150.4
143788,6-1-5,268.8
143788,1-3-2,20.7
143788,2-3-1,294.8
143788,3-2-1,310.5
143788,4-2-1,148.2
143788,5-2-1,400.1
143788,6-2-1,407.1
143788,1-3-4,18.5
143788,2-3-4,414.3
143788,3-2-4,401.3
143788,4-2-3,346.6
143788,5-2-3,897.8
143788,6-2-3,1346
143788,1-3-5,26.6
143788,2-3-5,648.4
143788,3-2-5,625.2
143788,4-2-5,403.6
143788,5-2-4,761.2
143788,6-2-4,721.9
143788,1-3-6,26.6
143788,2-3-6,753
143788,3-2-6,679.9
143788,4-2-6,239.8
143788,5-2-6,538.7
143788,6-2-5,1217
143788,1-4-2,9.6
143788,2-4-1,187.5
143788,3-4-1,218.1
143788,4-3-1,269.3
143788,5-3-1,606.3
143788,6-3-1,1069
143788,1-4-3,19.8
143788,2-4-3,428.3
143788,3-4-2,409.5
143788,4-3-2,534.5
143788,5-3-2,1037
143788,6-3-2,1591
143788,1-4-5,20.4
143788,2-4-5,468.4
143788,3-4-5,395.6
143788,4-3-5,574
143788,5-3-4,1061
143788,6-3-4,965.9
143788,1-4-6,13.3
143788,2-4-6,319.7
143788,3-4-6,322.7
143788,4-3-6,553.6
143788,5-3-6,1029
143788,6-3-5,1386
143788,1-5-2,34.4
143788,2-5-1,400.1
143788,3-5-1,437.6
143788,4-5-1,184.7
143788,5-4-1,299.9
143788,6-4-1,311.2
143788,1-5-3,47.6
143788,2-5-3,892.1
143788,3-5-2,940
143788,4-5-2,286.4
143788,5-4-2,571.6
143788,6-4-2,549.2
143788,1-5-4,40.4
143788,2-5-4,859.2
143788,3-5-4,791.3
143788,4-5-3,462.2
143788,5-4-3,843.7
143788,6-4-3,1029
143788,1-5-6,33.4
143788,2-5-6,933.7
143788,3-5-6,892.1
143788,4-5-6,130.5
143788,5-4-6,230.3
143788,6-4-5,532.5
143788,1-6-2,33.1
143788,2-6-1,313.3
143788,3-6-1,551.4
143788,4-6-1,147.4
143788,5-6-1,272.4
143788,6-5-1,534.5
143788,1-6-3,62.4
143788,2-6-3,909.5
143788,3-6-2,1045
143788,4-6-2,284.6
143788,5-6-2,693.3
143788,6-5-2,1207
143788,1-6-4,32.8
143788,2-6-4,611.6
143788,3-6-4,683.2
143788,4-6-3,439
143788,5-6-3,809.6
143788,6-5-3,1458
143788,1-6-5,54.6
143788,2-6-5,1111
143788,3-6-5,909.5
143788,4-6-5,178.8
143788,5-6-4,424.4
143788,6-5-4,654.5
143885,1-2-3,5.6
143885,2-1-3,39.8
143885,3-1-2,40.2
143885,4-1-2,106.5
143885,5-1-2,304.4
143885,6-1-2,2080
143885,1-2-4,8.5
143885,2-1-4,44.9
143885,3-1-4,41
143885,4-1-3,119.1
143885,5-1-3,236.7
143885,6-1-3,2227
143885,1-2-5,15.9
143885,2-1-5,76.2
143885,3-1-5,44.7
143885,4-1-5,122.5
143885,5-1-4,329.2
143885,6-1-4,3569
143885,1-2-6,155.5
143885,2-1-6,578.5
143885,3-1-6,410.1
143885,4-1-6,685.9
143885,5-1-6,1125
143885,6-1-5,4133
143885,1-3-2,6.1
143885,2-3-1,99.1
143885,3-2-1,95.6
143885,4-2-1,221.3
143885,5-2-1,541.6
143885,6-2-1,3141
143885,1-3-4,8.3
143885,2-3-4,181
143885,3-2-4,174.5
143885,4-2-3,394.6
143885,5-2-3,746.1
143885,6-2-3,4245
143885,1-3-5,12.1
143885,2-3-5,243.3
143885,3-2-5,189.8
143885,4-2-5,330.6
143885,5-2-4,833.2
143885,6-2-4,5416
143885,1-3-6,150.5
143885,2-3-6,1847
143885,3-2-6,1383
143885,4-2-6,1826
143885,5-2-6,2935
143885,6-2-5,5066
143885,1-4-2,15.9
143885,2-4-1,149.1
143885,3-4-1,83.8
143885,4-3-1,199
143885,5-3-1,360.6
143885,6-3-1,3569
143885,1-4-3,17.8
143885,2-4-3,264.8
143885,3-4-2,160.1
143885,4-3-2,351.3
143885,5-3-2,720.5
143885,6-3-2,6411
143885,1-4-5,24.5
143885,2-4-5,264.8
143885,3-4-5,131.3
143885,4-3-5,275.3
143885,5-3-4,695
143885,6-3-4,4759
143885,1-4-6,184.5
143885,2-4-6,1454
143885,3-4-6,828.8
143885,4-3-6,1390
143885,5-3-6,2379
143885,6-3-5,4833
143885,1-5-2,37.3
143885,2-5-1,301.4
143885,3-5-1,121.3
143885,4-5-1,232.5
143885,5-4-1,481.8
143885,6-4-1,6411
143885,1-5-3,37.1
143885,2-5-3,471.6
143885,3-5-2,228.8
143885,4-5-2,324.1
143885,5-4-2,730.5
143885,6-4-2,5817
143885,1-5-4,43.5
143885,2-5-4,394.6
143885,3-5-4,192.4
143885,4-5-3,348.2
143885,5-4-3,723.8
143885,6-4-3,5235
143885,1-5-6,263.9
143885,2-5-6,1826
143885,3-5-6,863
143885,4-5-6,905.3
143885,5-4-6,1927
143885,6-4-5,7479
143885,1-6-2,619.6
143885,2-6-1,2662
143885,3-6-1,2013
143885,4-6-1,2513
143885,5-6-1,2830
143885,6-5-1,5066
143885,1-6-3,650.4
143885,2-6-3,4245
143885,3-6-2,4303
143885,4-6-2,3079
143885,5-6-2,3610
143885,6-5-2,6981
143885,1-6-4,629.5
143885,2-6-4,3878
143885,3-6-4,2617
143885,4-6-3,3173
143885,5-6-3,3490
143885,6-5-3,4986
143885,1-6-5,783.4
143885,2-6-5,4552
143885,3-6-5,2708
143885,4-6-5,2276
143885,5-6-4,3926
143885,6-5-4,5817
143886,1-2-3,28.9
143886,2-1-3,188.2
143886,3-1-2,58.3
143886,4-1-2,40.7
143886,5-1-2,2726
143886,6-1-2,407.6
143886,1-2-4,22.4
143886,2-1-4,148.3
143886,3-1-4,17.8
143886,4-1-3,19.3
143886,5-1-3,2192
143886,6-1-3,273.1
143886,1-2-5,358.9
143886,2-1-5,1335
143886,3-1-5,561.4
143886,4-1-5,198.2
143886,5-1-4,1875
143886,6-1-4,163.3
143886,1-2-6,67.3
143886,2-1-6,383.1
143886,3-1-6,49.2
143886,4-1-6,21.5
143886,5-1-6,4635
143886,6-1-5,1655
143886,1-3-2,17.6
143886,2-3-1,344.4
143886,3-2-1,212
143886,4-2-1,136.1
143886,5-2-1,4635
143886,6-2-1,842.8
143886,1-3-4,6.2
143886,2-3-4,290.5
143886,3-2-4,146
143886,4-2-3,211.2
143886,5-2-3,5500
143886,6-2-3,1138
143886,1-3-5,219.7
143886,2-3-5,3181
143886,3-2-5,2846
143886,4-2-5,1074
143886,5-2-4,6240
143886,6-2-4,745.9
143886,1-3-6,23.4
143886,2-3-6,799.2
143886,3-2-6,362.9
143886,4-2-6,205.5
143886,5-2-6,6622
143886,6-2-5,3646
143886,1-4-2,13.1
143886,2-4-1,251.5
143886,3-4-1,33.6
143886,4-3-1,42
143886,5-3-1,4269
143886,6-3-1,451.3
143886,1-4-3,5.4
143886,2-4-3,335.9
143886,3-4-2,86
143886,4-3-2,123.3
143886,5-3-2,8112
143886,6-3-2,971.5
143886,1-4-5,126
143886,2-4-5,2066
143886,3-4-5,722.7
143886,4-3-5,616.9
143886,5-3-4,5408
143886,6-3-4,292.6
143886,1-4-6,9.1
143886,2-4-6,548.1
143886,3-4-6,42.2
143886,4-3-6,51.1
143886,5-3-6,7726
143886,6-3-5,3957
143886,1-5-2,676
143886,2-5-1,3646
143886,3-5-1,2351
143886,4-5-1,641.3
143886,5-4-1,2080
143886,6-4-1,163.7
143886,1-5-3,652.9
143886,2-5-3,6760
143886,3-5-2,5150
143886,4-5-2,1313
143886,5-4-2,4772
143886,6-4-2,347
143886,1-5-4,515.9
143886,2-5-4,5500
143886,3-5-4,2704
143886,4-5-3,1138
143886,5-4-3,3415
143886,6-4-3,233.6
143886,1-5-6,957.2
143886,2-5-6,5693
143886,3-5-6,3909
143886,4-5-6,793.4
143886,5-4-6,4385
143886,6-4-5,1461
143886,1-6-2,89.4
143886,2-6-1,1017
143886,3-6-1,161.6
143886,4-6-1,38.7
143886,5-6-1,7375
143886,6-5-1,3605
143886,1-6-3,54
143886,2-6-3,1614
143886,3-6-2,390.9
143886,4-6-2,102.5
143886,5-6-2,7211
143886,6-5-2,5150
143886,1-6-4,39.7
143886,2-6-4,1033
143886,3-6-4,110.4
143886,4-6-3,61.2
143886,5-6-3,6904
143886,6-5-3,5408
143886,1-6-5,705.4
143886,2-6-5,5693
143886,3-6-5,2477
143886,4-6-5,384.9
143886,5-6-4,6009
143886,6-5-4,3277
143887,1-2-3,13.2
143887,2-1-3,50.7
143887,3-1-2,12.7
143887,4-1-2,703.5
143887,5-1-2,158.3
143887,6-1-2,3957
143887,1-2-4,64.3
143887,2-1-4,201.9
143887,3-1-4,22.7
143887,4-1-3,404.3
143887,5-1-3,71.6
143887,6-1-3,2362
143887,1-2-5,31.1
143887,2-1-5,106.1
143887,3-1-5,6.7
143887,4-1-5,634.4
143887,5-1-4,380.9
143887,6-1-4,4870
143887,1-2-6,213.3
143887,2-1-6,611.2
143887,3-1-6,91.4
143887,4-1-6,2069
143887,5-1-6,476.8
143887,6-1-5,4278
143887,1-3-2,6.7
143887,2-3-1,66.6
143887,3-2-1,35.6
143887,4-2-1,1095
143887,5-2-1,275.3
143887,6-2-1,5366
143887,1-3-4,16.5
143887,2-3-4,211
143887,3-2-4,95.4
143887,4-2-3,942.2
143887,5-2-3,257.1
143887,6-2-3,5458
143887,1-3-5,4.9
143887,2-3-5,121.8
143887,3-2-5,44.5
143887,4-2-5,1599
143887,5-2-4,923
143887,6-2-4,5458
143887,1-3-6,75.5
143887,2-3-6,899.4
143887,3-2-6,353.7
143887,4-2-6,3166
143887,5-2-6,1155
143887,6-2-5,5973
143887,1-4-2,135.1
143887,2-4-1,538.4
143887,3-4-1,78.7
143887,4-3-1,417.1
143887,5-3-1,78.6
143887,6-3-1,3368
143887,1-4-3,88.2
143887,2-4-3,640.9
143887,3-4-2,149.2
143887,4-3-2,777.9
143887,5-3-2,173.2
143887,6-3-2,5276
143887,1-4-5,138.4
143887,2-4-5,686.7
143887,3-4-5,84.3
143887,4-3-5,493.1
143887,5-3-4,280.4
143887,6-3-4,4397
143887,1-4-6,447.8
143887,2-4-6,1551
143887,3-4-6,326.7
143887,4-3-6,1840
143887,5-3-6,404.3
143887,6-3-5,3724
143887,1-5-2,39.4
143887,2-5-1,246
143887,3-5-1,19.7
143887,4-5-1,764.7
143887,5-4-1,779.8
143887,6-4-1,7195
143887,1-5-3,21.7
143887,2-5-3,252.6
143887,3-5-2,39.9
143887,4-5-2,1266
143887,5-4-2,1199
143887,6-4-2,4165
143887,1-5-4,94.5
143887,2-5-4,673.6
143887,3-5-4,59.5
143887,4-5-3,642.2
143887,5-4-3,629.4
143887,6-4-3,6088
143887,1-5-6,189.2
143887,2-5-6,1292
143887,3-5-6,123.8
143887,4-5-6,1798
143887,5-4-6,1507
143887,6-4-5,6736
143887,1-6-2,851
143887,2-6-1,2706
143887,3-6-1,522.4
143887,4-6-1,3441
143887,5-6-1,1142
143887,6-5-1,5366
143887,1-6-3,513.9
143887,2-6-3,2852
143887,3-6-2,1031
143887,4-6-2,3263
143887,5-6-2,1778
143887,6-5-2,7362
143887,1-6-4,959.4
143887,2-6-4,2801
143887,3-6-4,779.8
143887,4-6-3,3517
143887,5-6-3,1203
143887,6-5-3,3861
143887,1-6-5,752
143887,2-6-5,3441
143887,3-6-5,528.5
143887,4-6-5,3517
143887,5-6-4,2245
143887,6-5-4,6595
143888,1-2-3,12
143888,2-1-3,155.2
143888,3-1-2,84.1
143888,4-1-2,450.7
143888,5-1-2,372.5
143888,6-1-2,2161
143888,1-2-4,21.1
143888,2-1-4,256.7
143888,3-1-4,41.6
143888,4-1-3,228
143888,5-1-3,131.4
143888,6-1-3,968.3
143888,1-2-5,31
143888,2-1-5,300.5
143888,3-1-5,36.9
143888,4-1-5,281.8
143888,5-1-4,331.9
143888,6-1-4,2417
143888,1-2-6,59.3
143888,2-1-6,557.8
143888,3-1-6,78.4
143888,4-1-6,465.5
143888,5-1-6,282
143888,6-1-5,1418
143888,1-3-2,9.8
143888,2-3-1,271.9
143888,3-2-1,281
143888,4-2-1,935
143888,5-2-1,1250
143888,6-2-1,4029
143888,1-3-4,5
143888,2-3-4,616.9
143888,3-2-4,407.4
143888,4-2-3,1284
143888,5-2-3,1497
143888,6-2-3,5263
143888,1-3-5,4.5
143888,2-3-5,618
143888,3-2-5,580.6
143888,4-2-5,1639
143888,5-2-4,1908
143888,6-2-4,4410
143888,1-3-6,13.7
143888,2-3-6,1343
143888,3-2-6,965.5
143888,4-2-6,2078
143888,5-2-6,2039
143888,6-2-5,4532
143888,1-4-2,35.3
143888,2-4-1,644.9
143888,3-4-1,143.6
143888,4-3-1,380.3
143888,5-3-1,232.2
143888,6-3-1,1497
143888,1-4-3,14.9
143888,2-4-3,940.4
143888,3-4-2,464.2
143888,4-3-2,1222
143888,5-3-2,899
143888,6-3-2,5180
143888,1-4-5,24.8
143888,2-4-5,1226
143888,3-4-5,215.9
143888,4-3-5,688.5
143888,5-3-4,773.3
143888,6-3-4,3263
143888,1-4-6,40.1
143888,2-4-6,1690
143888,3-4-6,370.8
143888,4-3-6,1106
143888,5-3-6,799.8
143888,6-3-5,2347
143888,1-5-2,49.7
143888,2-5-1,867.9
143888,3-5-1,116.3
143888,4-5-1,495.2
143888,5-4-1,715.6
143888,6-4-1,4029
143888,1-5-3,16
143888,2-5-3,1113
143888,3-5-2,434.5
143888,4-5-2,1377
143888,5-4-2,1690
143888,6-4-2,5099
143888,1-5-4,36.9
143888,2-5-4,1864
143888,3-5-4,218
143888,4-5-3,698.8
143888,5-4-3,957
143888,6-4-3,4870
143888,1-5-6,42.5
143888,2-5-6,2147
143888,3-5-6,282
143888,4-5-6,799.8
143888,5-4-6,1042
143888,6-4-5,5020
143888,1-6-2,146.3
143888,2-6-1,2719
143888,3-6-1,412
143888,4-6-1,1354
143888,5-6-1,668.7
143888,6-5-1,1665
143888,1-6-3,70.9
143888,2-6-3,3399
143888,3-6-2,1854
143888,4-6-2,2331
143888,5-6-2,1584
143888,6-5-2,4470
143888,1-6-4,111.4
143888,2-6-4,3263
143888,3-6-4,619.2
143888,4-6-3,1803
143888,5-6-3,982.9
143888,6-5-3,2205
143888,1-6-5,101.4
143888,2-6-5,3021
143888,3-6-5,762.4
143888,4-6-5,1524
143888,5-6-4,1539
143888,6-5-4,3364
143889,1-2-3,36
143889,2-1-3,249.2
143889,3-1-2,368.8
143889,4-1-2,83.6
143889,5-1-2,142.1
143889,6-1-2,158.1
143889,1-2-4,12.8
143889,2-1-4,163.5
143889,3-1-4,419.2
143889,4-1-3,278.3
143889,5-1-3,372
143889,6-1-3,336.6
143889,1-2-5,19.9
143889,2-1-5,193.8
143889,3-1-5,492.7
143889,4-1-5,25.1
143889,5-1-4,72.7
143889,6-1-4,85
143889,1-2-6,16.1
143889,2-1-6,184.4
143889,3-1-6,508.6
143889,4-1-6,37
143889,5-1-6,72.2
143889,6-1-5,91.1
143889,1-3-2,56.9
143889,2-3-1,440.7
143889,3-2-1,551.5
143889,4-2-1,220.2
143889,5-2-1,319.7
143889,6-2-1,341.5
143889,1-3-4,49.8
143889,2-3-4,1242
143889,3-2-4,1165
143889,4-2-3,1101
143889,5-2-3,1582
143889,6-2-3,1247
143889,1-3-5,66.1
143889,2-3-5,1404
143889,3-2-5,1669
143889,4-2-5,213.9
143889,5-2-4,518.2
143889,6-2-4,558.7
143889,1-3-6,52.7
143889,2-3-6,1445
143889,3-2-6,1518
143889,4-2-6,319
143889,5-2-6,617.2
143889,6-2-5,537.7
143889,1-4-2,14.9
143889,2-4-1,333.6
143889,3-4-1,889.3
143889,4-3-1,636.8
143889,5-3-1,881.4
143889,6-3-1,905.3
143889,1-4-3,46.9
143889,2-4-3,1101
143889,3-4-2,1411
143889,4-3-2,1624
143889,5-3-2,1890
143889,6-3-2,1688
143889,1-4-5,10.8
143889,2-4-5,543.5
143889,3-4-5,979.1
143889,4-3-5,710.6
143889,5-3-4,1590
143889,6-3-4,1341
143889,1-4-6,11.5
143889,2-4-6,590.5
143889,3-4-6,1069
143889,4-3-6,1125
143889,5-3-6,1651
143889,6-3-5,1488
143889,1-5-2,30.9
143889,2-5-1,436.2
143889,3-5-1,985.5
143889,4-5-1,32.1
143889,5-4-1,79.2
143889,6-4-1,102.1
143889,1-5-3,80.1
143889,2-5-3,1398
143889,3-5-2,1926
143889,4-5-2,111.6
143889,5-4-2,236.1
143889,6-4-2,387.8
143889,1-5-4,20.2
143889,2-5-4,733.1
143889,3-5-4,1117
143889,4-5-3,337.7
143889,5-4-3,683.1
143889,6-4-3,985.5
143889,1-5-6,23
143889,2-5-6,816.8
143889,3-5-6,1242
143889,4-5-6,38.7
143889,5-4-6,87
143889,6-4-5,105.5
143889,1-6-2,21.4
143889,2-6-1,388.8
143889,3-6-1,868.7
143889,4-6-1,67.3
143889,5-6-1,135.3
143889,6-5-1,142.3
143889,1-6-3,51.2
143889,2-6-3,1495
143889,3-6-2,1669
143889,4-6-2,257.1
143889,5-6-2,464.5
143889,6-5-2,438.8
143889,1-6-4,14.5
143889,2-6-4,676.9
143889,3-6-4,1312
143889,4-6-3,700.6
143889,5-6-3,1134
143889,6-5-3,972.7
143889,1-6-5,19.2
143889,2-6-5,819
143889,3-6-5,1295
143889,4-6-5,51.9
143889,5-6-4,168.4
143889,6-5-4,149.1
143890,1-2-3,41.6
143890,2-1-3,47
143890,3-1-2,319.9
143890,4-1-2,106.5
143890,5-1-2,2268
143890,6-1-2,18
143890,1-2-4,30.6
143890,2-1-4,26.4
143890,3-1-4,337.8
143890,4-1-3,224
143890,5-1-3,3914
143890,6-1-3,55.7
143890,1-2-5,333.8
143890,2-1-5,408.2
143890,3-1-5,1436
143890,4-1-5,875.6
143890,5-1-4,3630
143890,6-1-4,36.7
143890,1-2-6,17.1
143890,2-1-6,20.7
143890,3-1-6,350.8
143890,4-1-6,95.5
143890,5-1-6,3839
143890,6-1-5,412.5
143890,1-3-2,116.2
143890,2-3-1,65.5
143890,3-2-1,223.3
143890,4-2-1,88.3
143890,5-2-1,2936
143890,6-2-1,13.8
143890,1-3-4,150.9
143890,2-3-4,39.6
143890,3-2-4,144.5
143890,4-2-3,90.9
143890,5-2-3,3630
143890,6-2-3,29.8
143890,1-3-5,639.9
143890,2-3-5,444.6
143890,3-2-5,1039
143890,4-2-5,679
143890,5-2-4,3071
143890,6-2-4,14.5
143890,1-3-6,111.6
143890,2-3-6,42.9
143890,3-2-6,164.8
143890,4-2-6,52.5
143890,5-2-6,3071
143890,6-2-5,230.5
143890,1-4-2,65.7
143890,2-4-1,33.2
143890,3-4-1,340.1
143890,4-3-1,333.3
143890,5-3-1,5545
143890,6-3-1,142.1
143890,1-4-3,126
143890,2-4-3,32.6
143890,3-4-2,188.8
143890,4-3-2,188.8
143890,5-3-2,4247
143890,6-3-2,98.5
143890,1-4-5,693.2
143890,2-4-5,282.3
143890,3-4-5,1103
143890,4-3-5,1217
143890,5-3-4,5396
143890,6-3-4,116.2
143890,1-4-6,59.9
143890,2-4-6,19
143890,3-4-6,250.1
143890,4-3-6,189.7
143890,5-3-6,5872
143890,6-3-5,895.3
143890,1-5-2,789.1
143890,2-5-1,1367
143890,3-5-1,2348
143890,4-5-1,1240
143890,5-4-1,3697
143890,6-4-1,64.6
143890,1-5-3,950.7
143890,2-5-3,1224
143890,3-5-2,2170
143890,4-5-2,1154
143890,5-4-2,3839
143890,6-4-2,36.2
143890,1-5-4,1018
143890,2-5-4,818.2
143890,3-5-4,1815
143890,4-5-3,1501
143890,5-4-3,4436
143890,6-4-3,90.9
143890,1-5-6,978.6
143890,2-5-6,731.3
143890,3-5-6,3383
143890,4-5-6,1091
143890,5-4-6,3442
143890,6-4-5,565.5
143890,1-6-2,16
143890,2-6-1,15.1
143890,3-6-1,339.5
143890,4-6-1,84.7
143890,5-6-1,3273
143890,6-5-1,1154
143890,1-6-3,41
143890,2-6-3,29.6
143890,3-6-2,216.3
143890,4-6-2,62.8
143890,5-6-2,3442
143890,6-5-2,928.6
143890,1-6-4,30.8
143890,2-6-4,14.1
143890,3-6-4,249.8
143890,4-6-3,111.1
143890,5-6-3,4340
143890,6-5-3,1468
143890,1-6-5,391.4
143890,2-6-5,277.6
143890,3-6-5,2405
143890,4-6-5,674.5
143890,5-6-4,3914
143890,6-5-4,1174
143891,1-2-3,18.4
143891,2-1-3,68.8
143891,3-1-2,158.9
143891,4-1-2,56.5
143891,5-1-2,220
143891,6-1-2,159.8
143891,1-2-4,9.3
143891,2-1-4,37.2
143891,3-1-4,132.7
143891,4-1-3,137.2
143891,5-1-3,341.4
143891,6-1-3,388.8
143891,1-2-5,25.7
143891,2-1-5,62.8
143891,3-1-5,186.4
143891,4-1-5,49.4
143891,5-1-4,164.4
143891,6-1-4,166
143891,1-2-6,13.3
143891,2-1-6,38.3
143891,3-1-6,165.7
143891,4-1-6,40.7
143891,5-1-6,120.9
143891,6-1-5,231.5
143891,1-3-2,28.9
143891,2-3-1,175.9
143891,3-2-1,259.4
143891,4-2-1,101.4
143891,5-2-1,426.2
143891,6-2-1,216.1
143891,1-3-4,26.6
143891,2-3-4,206.8
143891,3-2-4,339.4
143891,4-2-3,320
143891,5-2-3,967.5
143891,6-2-3,584.5
143891,1-3-5,49
143891,2-3-5,293.3
143891,3-2-5,446.5
143891,4-2-5,152.2
143891,5-2-4,496.6
143891,6-2-4,226.8
143891,1-3-6,34.4
143891,2-3-6,251.2
143891,3-2-6,364.4
143891,4-2-6,91.4
143891,5-2-6,426.2
143891,6-2-5,336.7
143891,1-4-2,13.7
143891,2-4-1,78.7
143891,3-4-1,230.6
143891,4-3-1,253.5
143891,5-3-1,900.3
143891,6-3-1,744.9
143891,1-4-3,34.2
143891,2-4-3,189.1
143891,3-4-2,332
143891,4-3-2,444.2
143891,5-3-2,1129
143891,6-3-2,841.7
143891,1-4-5,25.8
143891,2-4-5,145
143891,3-4-5,364.4
143891,4-3-5,326.2
143891,5-3-4,1285
143891,6-3-4,779.4
143891,1-4-6,16.5
143891,2-4-6,73.9
143891,3-4-6,275
143891,4-3-6,220.6
143891,5-3-6,790.4
143891,6-3-5,1129
143891,1-5-2,54.3
143891,2-5-1,247.2
143891,3-5-1,459.9
143891,4-5-1,63.7
143891,5-4-1,218.3
143891,6-4-1,223.5
143891,1-5-3,81.8
143891,2-5-3,524.4
143891,3-5-2,678.8
143891,4-5-2,131.1
143891,5-4-2,418.8
143891,6-4-2,239.4
143891,1-5-4,44
143891,2-5-4,323.1
143891,3-5-4,652.5
143891,4-5-3,347.1
143891,5-4-3,881.4
143891,6-4-3,607.7
143891,1-5-6,35.3
143891,2-5-6,208.8
143891,3-5-6,524.4
143891,4-5-6,53
143891,5-4-6,170.7
143891,6-4-5,277.3
143891,1-6-2,34.2
143891,2-6-1,114
143891,3-6-1,456.2
143891,4-6-1,60.8
143891,5-6-1,224.4
143891,6-5-1,390.6
143891,1-6-3,74.4
143891,2-6-3,309.4
143891,3-6-2,578.5
143891,4-6-2,85.8
143891,5-6-2,414.6
143891,6-5-2,450.1
143891,1-6-4,42.6
143891,2-6-4,127
143891,3-6-4,519.6
143891,4-6-3,241.8
143891,5-6-3,731.9
143891,6-5-3,1414
143891,1-6-5,52.7
143891,2-6-5,184.1
143891,3-6-5,652.5
143891,4-6-5,64.8
143891,5-6-4,285.8
143891,6-5-4,465
143892,1-2-3,51
143892,2-1-3,226.6
143892,3-1-2,45.4
143892,4-1-2,503.6
143892,5-1-2,2362
143892,6-1-2,168
143892,1-2-4,133.7
143892,2-1-4,512.8
143892,3-1-4,15.7
143892,4-1-3,160.9
143892,5-1-3,2466
143892,6-1-3,38.1
143892,1-2-5,338.1
143892,2-1-5,1331
143892,3-1-5,184
143892,4-1-5,1140
143892,5-1-4,2662
143892,6-1-4,71.5
143892,1-2-6,82
143892,2-1-6,484.7
143892,3-1-6,8.6
143892,4-1-6,168.7
143892,5-1-6,3049
143892,6-1-5,716.6
143892,1-3-2,22.3
143892,2-3-1,238.2
143892,3-2-1,136.6
143892,4-2-1,780
143892,5-2-1,3568
143892,6-2-1,460.7
143892,1-3-4,8.3
143892,2-3-4,508.2
143892,3-2-4,224.2
143892,4-2-3,713.6
143892,5-2-3,3288
143892,6-2-3,410
143892,1-3-5,125.3
143892,2-3-5,1628
143892,3-2-5,878
143892,4-2-5,1552
143892,5-2-4,3726
143892,6-2-4,1010
143892,1-3-6,4.7
143892,2-3-6,432.2
143892,3-2-6,166.3
143892,4-2-6,676.2
143892,5-2-6,3811
143892,6-2-5,2150
143892,1-4-2,117.7
143892,2-4-1,1010
143892,3-4-1,34.5
143892,4-3-1,135.9
143892,5-3-1,2795
143892,6-3-1,56.6
143892,1-4-3,26.5
143892,2-4-3,851.3
143892,3-4-2,142.2
143892,4-3-2,454.4
143892,5-3-2,2942
143892,6-3-2,202.5
143892,1-4-5,418.2
143892,2-4-5,2620
143892,3-4-5,350.1
143892,4-3-5,1133
143892,5-3-4,4192
143892,6-3-4,80.2
143892,1-4-6,26.8
143892,2-4-6,1172
143892,3-4-6,24.7
143892,4-3-6,91.6
143892,5-3-6,2891
143892,6-3-5,678.9
143892,1-5-2,542.7
143892,2-5-1,2994
143892,3-5-1,704.6
143892,4-5-1,1133
143892,5-4-1,3900
143892,6-4-1,135.9
143892,1-5-3,517.6
143892,2-5-3,2942
143892,3-5-2,1242
143892,4-5-2,1510
143892,5-4-2,5082
143892,6-4-2,628.1
143892,1-5-4,655.1
143892,2-5-4,3225
143892,3-5-4,963.8
143892,4-5-3,1310
143892,5-4-3,3811
143892,6-4-3,135.5
143892,1-5-6,704.6
143892,2-5-6,3164
143892,3-5-6,752
143892,4-5-6,1061
143892,5-4-6,4192
143892,6-4-5,1510
143892,1-6-2,50
143892,2-6-1,769.2
143892,3-6-1,16.1
143892,4-6-1,198
143892,5-6-1,3225
143892,6-5-1,1694
143892,1-6-3,9.4
143892,2-6-3,590.5
143892,3-6-2,67.2
143892,4-6-2,524
143892,5-6-2,3726
143892,6-5-2,2662
143892,1-6-4,19.7
143892,2-6-4,1118
143892,3-6-4,22.8
143892,4-6-3,123.7
143892,5-6-3,2994
143892,6-5-3,1822
143892,1-6-5,329.4
143892,2-6-5,3049
143892,3-6-5,214.1
143892,4-6-5,1054
143892,5-6-4,4532
143892,6-5-4,2704
143893,1-2-3,8.4
143893,2-1-3,56.9
143893,3-1-2,70.4
143893,4-1-2,951.8
143893,5-1-2,102.4
143893,6-1-2,45.8
143893,1-2-4,102
143893,2-1-4,458
143893,3-1-4,333.3
143893,4-1-3,1084
143893,5-1-3,135.3
143893,6-1-3,56.1
143893,1-2-5,16.5
143893,2-1-5,77.8
143893,3-1-5,60.6
143893,4-1-5,1070
143893,5-1-4,552.6
143893,6-1-4,481.2
143893,1-2-6,6.7
143893,2-1-6,40.6
143893,3-1-6,59.6
143893,4-1-6,990.3
143893,5-1-6,96.8
143893,6-1-5,62.3
143893,1-3-2,16
143893,2-3-1,161.1
143893,3-2-1,131.9
143893,4-2-1,1064
143893,5-2-1,173.5
143893,6-2-1,84.4
143893,1-3-4,175.7
143893,2-3-4,1077
143893,3-2-4,962.5
143893,4-2-3,1317
143893,5-2-3,342.6
143893,6-2-3,138.8
143893,1-3-5,25.4
143893,2-3-5,354.7
143893,3-2-5,210.4
143893,4-2-5,1288
143893,5-2-4,883.1
143893,6-2-4,946.5
143893,1-3-6,14.9
143893,2-3-6,186.8
143893,3-2-6,151.8
143893,4-2-6,1215
143893,5-2-6,207.4
143893,6-2-5,188.6
143893,1-4-2,358.4
143893,2-4-1,1232
143893,3-4-1,744.9
143893,4-3-1,1404
143893,5-3-1,185.4
143893,6-3-1,100.9
143893,1-4-3,404
143893,2-4-3,1616
143893,3-4-2,1359
143893,4-3-2,2168
143893,5-3-2,248.6
143893,6-3-2,158.9
143893,1-4-5,607.5
143893,2-4-5,1543
143893,3-4-5,1259
143893,4-3-5,1882
143893,5-3-4,996.1
143893,6-3-4,990.3
143893,1-4-6,400.3
143893,2-4-6,1392
143893,3-4-6,1307
143893,4-3-6,2284
143893,5-3-6,251.9
143893,6-3-5,171.3
143893,1-5-2,31.2
143893,2-5-1,204.4
143893,3-5-1,97.7
143893,4-5-1,1105
143893,5-4-1,1149
143893,6-4-1,1165
143893,1-5-3,39.1
143893,2-5-3,446.1
143893,3-5-2,147.9
143893,4-5-2,1464
143893,5-4-2,1173
143893,6-4-2,1601
143893,1-5-4,266
143893,2-5-4,1349
143893,3-5-4,495.1
143893,4-5-3,1288
143893,5-4-3,1307
143893,6-4-3,1766
143893,1-5-6,31.9
143893,2-5-6,271.5
143893,3-5-6,137
143893,4-5-6,1317
143893,5-4-6,1328
143893,6-4-5,1842
143893,1-6-2,8.7
143893,2-6-1,79.8
143893,3-6-1,86
143893,4-6-1,1631
143893,5-6-1,113.8
143893,6-5-1,149.2
143893,1-6-3,11
143893,2-6-3,132.9
143893,3-6-2,135.3
143893,4-6-2,2015
143893,5-6-2,209.4
143893,6-5-2,227.8
143893,1-6-4,182
143893,2-6-4,1019
143893,3-6-4,811.9
143893,4-6-3,2225
143893,5-6-3,283.6
143893,6-5-3,235.3
143893,1-6-5,19.7
143893,2-6-5,204.4
143893,3-6-5,159
143893,4-6-5,1862
143893,5-6-4,936.2
143893,6-5-4,931.1
143894,1-2-3,7.6
143894,2-1-3,18.7
143894,3-1-2,218.8
143894,4-1-2,137.2
143894,5-1-2,131.8
143894,6-1-2,461.1
143894,1-2-4,6.9
143894,2-1-4,14.7
143894,3-1-4,404.9
143894,4-1-3,515.1
143894,5-1-3,665.9
143894,6-1-3,1594
143894,1-2-5,5.2
143894,2-1-5,9.7
143894,3-1-5,353.3
143894,4-1-5,159.9
143894,5-1-4,315.8
143894,6-1-4,1446
143894,1-2-6,15.6
143894,2-1-6,21.6
143894,3-1-6,562.3
143894,4-1-6,254.9
143894,5-1-6,312.4
143894,6-1-5,1156
143894,1-3-2,25.6
143894,2-3-1,76.1
143894,3-2-1,235.9
143894,4-2-1,174.5
143894,5-2-1,157.1
143894,6-2-1,464.3
143894,1-3-4,75.7
143894,2-3-4,155.5
143894,3-2-4,319.3
143894,4-2-3,475.2
143894,5-2-3,790.8
143894,6-2-3,1892
143894,1-3-5,62.3
143894,2-3-5,117.9
143894,3-2-5,248.4
143894,4-2-5,191.1
143894,5-2-4,340.2
143894,6-2-4,1358
143894,1-3-6,125.9
143894,2-3-6,202.6
143894,3-2-6,432.6
143894,4-2-6,278.1
143894,5-2-6,303
143894,6-2-5,928.7
143894,1-4-2,26.5
143894,2-4-1,77.6
143894,3-4-1,651
143894,4-3-1,833.1
143894,5-3-1,1143
143894,6-3-1,2629
143894,1-4-3,87.3
143894,2-4-3,200.4
143894,3-4-2,537
143894,4-3-2,826.3
143894,5-3-2,1118
143894,6-3-2,2977
143894,1-4-5,64.4
143894,2-4-5,106.5
143894,3-4-5,622.9
143894,4-3-5,946
143894,5-3-4,1687
143894,6-3-4,3114
143894,1-4-6,107.1
143894,2-4-6,179
143894,3-4-6,978
143894,4-3-6,1150
143894,5-3-6,1730
143894,6-3-5,3213
143894,1-5-2,29.4
143894,2-5-1,48.9
143894,3-5-1,723
143894,4-5-1,176.6
143894,5-4-1,348.4
143894,6-4-1,1910
143894,1-5-3,111.1
143894,2-5-3,169.4
143894,3-5-2,532.7
143894,4-5-2,179.3
143894,5-4-2,313.4
143894,6-4-2,1760
143894,1-5-4,82.9
143894,2-5-4,125.2
143894,3-5-4,755.4
143894,4-5-3,598.9
143894,5-4-3,1314
143894,6-4-3,3114
143894,1-5-6,88.6
143894,2-5-6,104.9
143894,3-5-6,959.5
143894,4-5-6,206.8
143894,5-4-6,395.4
143894,6-4-5,2004
143894,1-6-2,88.7
143894,2-6-1,118.6
143894,3-6-1,1386
143894,4-6-1,515.1
143894,5-6-1,573.5
143894,6-5-1,1396
143894,1-6-3,288.8
143894,2-6-3,358.9
143894,3-6-2,1205
143894,4-6-2,528.6
143894,5-6-2,506.1
143894,6-5-2,1112
143894,1-6-4,245.7
143894,2-6-4,309.5
143894,3-6-4,1510
143894,4-6-3,1349
143894,5-6-3,1488
143894,6-5-3,2699
143894,1-6-5,189
143894,2-6-5,228.7
143894,3-6-5,1569
143894,4-6-5,469.7
143894,5-6-4,813
143894,6-5-4,1928
143895,1-2-3,4.3
143895,2-1-3,29.7
143895,3-1-2,49.1
143895,4-1-2,512.8
143895,5-1-2,1207
143895,6-1-2,51.2
143895,1-2-4,20.3
143895,2-1-4,99.5
143895,3-1-4,101.1
143895,4-1-3,580.7
143895,5-1-3,1092
143895,6-1-3,78.7
143895,1-2-5,40.1
143895,2-1-5,147.8
143895,3-1-5,126.6
143895,4-1-5,891.5
143895,5-1-4,1950
143895,6-1-4,200.5
143895,1-2-6,9.1
143895,2-1-6,39.9
143895,3-1-6,43.1
143895,4-1-6,428.2
143895,5-1-6,1391
143895,6-1-5,352.7
143895,1-3-2,6.9
143895,2-3-1,60.2
143895,3-2-1,87
143895,4-2-1,594.3
143895,5-2-1,1491
143895,6-2-1,90.8
143895,1-3-4,21
143895,2-3-4,232.8
143895,3-2-4,308.4
143895,4-2-3,884.6
143895,5-2-3,1855
143895,6-2-3,126.5
143895,1-3-5,37
143895,2-3-5,318.3
143895,3-2-5,418
143895,4-2-5,1081
143895,5-2-4,2173
143895,6-2-4,400.4
143895,1-3-6,10.7
143895,2-3-6,86.1
143895,3-2-6,121.5
143895,4-2-6,704.4
143895,5-2-6,1797
143895,6-2-5,729.1
143895,1-4-2,55
143895,2-4-1,419.5
143895,3-4-1,331.2
143895,4-3-1,738.6
143895,5-3-1,1521
143895,6-3-1,136.6
143895,1-4-3,69.4
143895,2-4-3,600.6
143895,3-4-2,473.5
143895,4-3-2,1233
143895,5-3-2,1934
143895,6-3-2,157.1
143895,1-4-5,163.9
143895,2-4-5,891.5
143895,3-4-5,611.8
143895,4-3-5,1472
143895,5-3-4,3356
143895,6-3-4,403.2
143895,1-4-6,57.3
143895,2-4-6,527
143895,3-4-6,298.7
143895,4-3-6,820.9
143895,5-3-6,1886
143895,6-3-5,625.2
143895,1-5-2,176.1
143895,2-5-1,708.7
143895,3-5-1,582.2
143895,4-5-1,1005
143895,5-4-1,2377
143895,6-4-1,362.2
143895,1-5-3,166.4
143895,2-5-3,1188
143895,3-5-2,958.9
143895,4-5-2,1227
143895,5-4-2,2564
143895,6-4-2,388.1
143895,1-5-4,326.5
143895,2-5-4,1444
143895,3-5-4,927.7
143895,4-5-3,1170
143895,5-4-3,2593
143895,6-4-3,602.1
143895,1-5-6,184.8
143895,2-5-6,979.5
143895,3-5-6,599
143895,4-5-6,996.6
143895,5-4-6,2480
143895,6-4-5,1267
143895,1-6-2,15.8
143895,2-6-1,114.2
143895,3-6-1,97.8
143895,4-6-1,539.5
143895,5-6-1,1811
143895,6-5-1,778.9
143895,1-6-3,21.2
143895,2-6-3,171.2
143895,3-6-2,158.4
143895,4-6-2,547.3
143895,5-6-2,1950
143895,6-5-2,895
143895,1-6-4,55.2
143895,2-6-4,459.2
143895,3-6-4,298.7
143895,4-6-3,812.2
143895,5-6-3,1917
143895,6-5-3,1408
143895,1-6-5,108.7
143895,2-6-5,538.2
143895,3-6-5,462
143895,4-6-5,1214
143895,5-6-4,2817
143895,6-5-4,2093
143896,1-2-3,10.3
143896,2-1-3,61.6
143896,3-1-2,141.7
143896,4-1-2,65.2
143896,5-1-2,316
143896,6-1-2,178.7
143896,1-2-4,6
143896,2-1-4,34.3
143896,3-1-4,121.6
143896,4-1-3,144.5
143896,5-1-3,715.1
143896,6-1-3,366.5
143896,1-2-5,21.6
143896,2-1-5,85.7
143896,3-1-5,211.9
143896,4-1-5,96.4
143896,5-1-4,319.8
143896,6-1-4,271.7
143896,1-2-6,14.2
143896,2-1-6,50.4
143896,3-1-6,168.4
143896,4-1-6,72
143896,5-1-6,391.5
143896,6-1-5,556.7
143896,1-3-2,16.1
143896,2-3-1,187.2
143896,3-2-1,261.5
143896,4-2-1,96.3
143896,5-2-1,559
143896,6-2-1,293.2
143896,1-3-4,15.9
143896,2-3-4,226.7
143896,3-2-4,263
143896,4-2-3,308.6
143896,5-2-3,1426
143896,6-2-3,719
143896,1-3-5,32.2
143896,2-3-5,535.2
143896,3-2-5,490.4
143896,4-2-5,198.5
143896,5-2-4,756.1
143896,6-2-4,440.5
143896,1-3-6,24
143896,2-3-6,354.6
143896,3-2-6,357.5
143896,4-2-6,150.9
143896,5-2-6,764.8
143896,6-2-5,1034
143896,1-4-2,10.4
143896,2-4-1,71.6
143896,3-4-1,265.4
143896,4-3-1,257.6
143896,5-3-1,1403
143896,6-3-1,794.8
143896,1-4-3,21.1
143896,2-4-3,235.8
143896,3-4-2,289.3
143896,4-3-2,380.2
143896,5-3-2,1807
143896,6-3-2,1113
143896,1-4-5,28.2
143896,2-4-5,229.4
143896,3-4-5,429
143896,4-3-5,574.9
143896,5-3-4,1534
143896,6-3-4,1250
143896,1-4-6,16.7
143896,2-4-6,131
143896,3-4-6,339.1
143896,4-3-6,461.3
143896,5-3-6,1516
143896,6-3-5,1599
143896,1-5-2,64.7
143896,2-5-1,316
143896,3-5-1,827.2
143896,4-5-1,138
143896,5-4-1,404.1
143896,6-4-1,371.1
143896,1-5-3,96
143896,2-5-3,699.9
143896,3-5-2,1188
143896,4-5-2,214.1
143896,5-4-2,565
143896,6-4-2,496
143896,1-5-4,75
143896,2-5-4,422.8
143896,3-5-4,952.6
143896,4-5-3,472.9
143896,5-4-3,1113
143896,6-4-3,1137
143896,1-5-6,73.6
143896,2-5-6,426.3
143896,3-5-6,1104
143896,4-5-6,135.9
143896,5-4-6,343.5
143896,6-4-5,612.2
143896,1-6-2,41.9
143896,2-6-1,162.2
143896,3-6-1,434
143896,4-6-1,121.2
143896,5-6-1,569.9
143896,6-5-1,832.4
143896,1-6-3,67.7
143896,2-6-3,459.7
143896,3-6-2,563.8
143896,4-6-2,187.2
143896,5-6-2,919.4
143896,6-5-2,1183
143896,1-6-4,49.1
143896,2-6-4,219.7
143896,3-6-4,722.9
143896,4-6-3,442
143896,5-6-3,1426
143896,6-5-3,1367
143896,1-6-5,107.6
143896,2-6-5,444.9
143896,3-6-5,868
143896,4-6-5,188.4
143896,5-6-4,566.2
143896,6-5-4,776.1
143873,1-2-3,9.5
143873,2-1-3,13.2
143873,3-1-2,56.3
143873,4-1-2,70.6
143873,5-1-2,585
143873,6-1-2,107.1
143873,1-2-4,15.3
143873,2-1-4,12.3
143873,3-1-4,92.1
143873,4-1-3,124.9
143873,5-1-3,937
143873,6-1-3,227.9
143873,1-2-5,156.1
143873,2-1-5,153.1
143873,3-1-5,383.9
143873,4-1-5,295.6
143873,5-1-4,1399
143873,6-1-4,141.5
143873,1-2-6,22.5
143873,2-1-6,16.5
143873,3-1-6,117
143873,4-1-6,73.3
143873,5-1-6,1494
143873,6-1-5,376
143873,1-3-2,15
143873,2-3-1,34
143873,3-2-1,64
143873,4-2-1,59.2
143873,5-2-1,870.6
143873,6-2-1,143.9
143873,1-3-4,25.6
143873,2-3-4,36
143873,3-2-4,98.9
143873,4-2-3,99.6
143873,5-2-3,1417
143873,6-2-3,208.2
143873,1-3-5,211.8
143873,2-3-5,309.7
143873,3-2-5,411
143873,4-2-5,288.6
143873,5-2-4,1454
143873,6-2-4,170.1
143873,1-3-6,37.3
143873,2-3-6,40.2
143873,3-2-6,96.7
143873,4-2-6,52.5
143873,5-2-6,1116
143873,6-2-5,581.9
143873,1-4-2,26.3
143873,2-4-1,27
143873,3-4-1,150.6
143873,4-3-1,192.2
143873,5-3-1,1474
143873,6-3-1,343.3
143873,1-4-3,36.5
143873,2-4-3,36
143873,3-4-2,146.8
143873,4-3-2,215.9
143873,5-3-2,1535
143873,6-3-2,298
143873,1-4-5,239.8
143873,2-4-5,464.5
143873,3-4-5,732.2
143873,4-3-5,717.9
143873,5-3-4,1727
143873,6-3-4,493.6
143873,1-4-6,37.1
143873,2-4-6,33
143873,3-4-6,180.9
143873,4-3-6,213.8
143873,5-3-6,1783
143873,6-3-5,1128
143873,1-5-2,341.2
143873,2-5-1,558.4
143873,3-5-1,1063
143873,4-5-1,526.5
143873,5-4-1,1939
143873,6-4-1,126.9
143873,1-5-3,455
143873,2-5-3,857.1
143873,3-5-2,717.9
143873,4-5-2,658.1
143873,5-4-2,1812
143873,6-4-2,114.2
143873,1-5-4,487
143873,2-5-4,1023
143873,3-5-4,1053
143873,4-5-3,906.2
143873,5-4-3,2086
143873,6-4-3,280.6
143873,1-5-6,674.1
143873,2-5-6,742
143873,3-5-6,1435
143873,4-5-6,360.1
143873,5-4-6,1033
143873,6-4-5,270.3
143873,1-6-2,57
143873,2-6-1,56.4
143873,3-6-1,248.4
143873,4-6-1,65.4
143873,5-6-1,1939
143873,6-5-1,742
143873,1-6-3,85.5
143873,2-6-3,83.4
143873,3-6-2,206.6
143873,4-6-2,64.3
143873,5-6-2,1300
143873,6-5-2,773.1
143873,1-6-4,72.8
143873,2-6-4,70.7
143873,3-6-4,307.9
143873,4-6-3,145.4
143873,5-6-3,1514
143873,6-5-3,1215
143873,1-6-5,353.2
143873,2-6-5,474.5
143873,3-6-5,1116
143873,4-6-5,175.5
143873,5-6-4,1105
143873,6-5-4,614.2
143874,1-2-3,27.8
143874,2-1-3,90.2
143874,3-1-2,194.1
143874,4-1-2,32
143874,5-1-2,34.6
143874,6-1-2,2496
143874,1-2-4,14.1
143874,2-1-4,55.2
143874,3-1-4,153.3
143874,4-1-3,71.4
143874,5-1-3,70.4
143874,6-1-3,2964
143874,1-2-5,16.8
143874,2-1-5,51.9
143874,3-1-5,121.7
143874,4-1-5,19.5
143874,5-1-4,25.2
143874,6-1-4,3745
143874,1-2-6,286.3
143874,2-1-6,560.3
143874,3-1-6,988.3
143874,4-1-6,197.1
143874,5-1-6,220.3
143874,6-1-5,2496
143874,1-3-2,38
143874,2-3-1,201.5
143874,3-2-1,281.8
143874,4-2-1,70.2
143874,5-2-1,77.8
143874,6-2-1,2904
143874,1-3-4,28
143874,2-3-4,259.2
143874,3-2-4,295.2
143874,4-2-3,221.3
143874,5-2-3,160.6
143874,6-2-3,5082
143874,1-3-5,31
143874,2-3-5,208.9
143874,3-2-5,284.6
143874,4-2-5,63.1
143874,5-2-4,82.8
143874,6-2-4,5271
143874,1-3-6,475.9
143874,2-3-6,1452
143874,3-2-6,1467
143874,4-2-6,583.2
143874,5-2-6,474.3
143874,6-2-5,5929
143874,1-4-2,13.7
143874,2-4-1,90.4
143874,3-4-1,186.7
143874,4-3-1,152.5
143874,5-3-1,164.7
143874,6-3-1,6777
143874,1-4-3,24
143874,2-4-3,207.1
143874,3-4-2,280.7
143874,4-3-2,220.3
143874,5-3-2,226.2
143874,6-3-2,5929
143874,1-4-5,11.8
143874,2-4-5,97.8
143874,3-4-5,168.6
143874,4-3-5,143.1
143874,5-3-4,185.3
143874,6-3-4,3953
143874,1-4-6,250.5
143874,2-4-6,1023
143874,3-4-6,1259
143874,4-3-6,961.6
143874,5-3-6,837.1
143874,6-3-5,4066
143874,1-5-2,17.4
143874,2-5-1,79.5
143874,3-5-1,148
143874,4-5-1,18.9
143874,5-4-1,23.4
143874,6-4-1,4312
143874,1-5-3,31.3
143874,2-5-3,147
143874,3-5-2,244.9
143874,4-5-2,31.4
143874,5-4-2,39.4
143874,6-4-2,5692
143874,1-5-4,15
143874,2-5-4,103.2
143874,3-5-4,176.7
143874,4-5-3,66.4
143874,5-4-3,87.3
143874,6-4-3,6187
143874,1-5-6,188.2
143874,2-5-6,652.8
143874,3-5-6,1368
143874,4-5-6,82.8
143874,5-4-6,123.5
143874,6-4-5,2846
143874,1-6-2,741.2
143874,2-6-1,1617
143874,3-6-1,2496
143874,4-6-1,955.1
143874,5-6-1,726.1
143874,6-5-1,2541
143874,1-6-3,827.4
143874,2-6-3,2904
143874,3-6-2,3953
143874,4-6-2,1330
143874,5-6-2,1120
143874,6-5-2,4066
143874,1-6-4,643.9
143874,2-6-4,2062
143874,3-6-4,1674
143874,4-6-3,1674
143874,5-6-3,1062
143874,6-5-3,3846
143874,1-6-5,646.8
143874,2-6-5,1848
143874,3-6-5,2736
143874,4-6-5,560.3
143874,5-6-4,600.4
143874,6-5-4,2333
143875,1-2-3,26.1
143875,2-1-3,65.8
143875,3-1-2,90.1
143875,4-1-2,346.2
143875,5-1-2,17.9
143875,6-1-2,1508
143875,1-2-4,81.6
143875,2-1-4,121.4
143875,3-1-4,136.9
143875,4-1-3,295.2
143875,5-1-3,19.6
143875,6-1-3,1388
143875,1-2-5,17.8
143875,2-1-5,24.5
143875,3-1-5,40.6
143875,4-1-5,153.1
143875,5-1-4,41.2
143875,6-1-4,1710
143875,1-2-6,85.3
143875,2-1-6,96.8
143875,3-1-6,193.1
143875,4-1-6,284.4
143875,5-1-6,33.3
143875,6-1-5,708.3
143875,1-3-2,30.6
143875,2-3-1,112.4
143875,3-2-1,136.1
143875,4-2-1,452.4
143875,5-2-1,36
143875,6-2-1,1476
143875,1-3-4,65.4
143875,2-3-4,253.6
143875,3-2-4,286.8
143875,4-2-3,643.3
143875,5-2-3,48.4
143875,6-2-3,1252
143875,1-3-5,16.9
143875,2-3-5,81.2
143875,3-2-5,93.4
143875,4-2-5,253.1
143875,5-2-4,79.2
143875,6-2-4,2157
143875,1-3-6,118.2
143875,2-3-6,296.5
143875,3-2-6,291.5
143875,4-2-6,485.2
143875,5-2-6,64.2
143875,6-2-5,1159
143875,1-4-2,169.1
143875,2-4-1,306.2
143875,3-4-1,245.1
143875,4-3-1,388.4
143875,5-3-1,34.4
143875,6-3-1,1821
143875,1-4-3,141.6
143875,2-4-3,467.4
143875,3-4-2,362.3
143875,4-3-2,655.3
143875,5-3-2,44.4
143875,6-3-2,1558
143875,1-4-5,94.3
143875,2-4-5,205.6
143875,3-4-5,157.5
143875,4-3-5,287.3
143875,5-3-4,78.7
143875,6-3-4,2093
143875,1-4-6,250.4
143875,2-4-6,511.8
143875,3-4-6,370
143875,4-3-6,620.5
143875,5-3-6,71
143875,6-3-5,1023
143875,1-5-2,13.4
143875,2-5-1,42
143875,3-5-1,41.1
143875,4-5-1,123.8
143875,5-4-1,63.3
143875,6-4-1,1710
143875,1-5-3,12.4
143875,2-5-3,71.8
143875,3-5-2,59.9
143875,4-5-2,162.6
143875,5-4-2,79.6
143875,6-4-2,2062
143875,1-5-4,37.7
143875,2-5-4,113.1
143875,3-5-4,82.3
143875,4-5-3,205
143875,5-4-3,89.9
143875,6-4-3,2299
143875,1-5-6,42.3
143875,2-5-6,86.8
143875,3-5-6,88.3
143875,4-5-6,111.2
143875,5-4-6,50.6
143875,6-4-5,734.2
143875,1-6-2,245.1
143875,2-6-1,389.5
143875,3-6-1,419.8
143875,4-6-1,453.8
143875,5-6-1,77.6
143875,6-5-1,581.9
143875,1-6-3,361.4
143875,2-6-3,690.8
143875,3-6-2,560.9
143875,4-6-2,655.3
143875,5-6-2,98.2
143875,6-5-2,646.2
143875,1-6-4,473.8
143875,2-6-4,980.7
143875,3-6-4,589.2
143875,4-6-3,684.1
143875,5-6-3,99.9
143875,6-5-3,628.9
143875,1-6-5,194.2
143875,2-6-5,311.6
143875,3-6-5,268.1
143875,4-6-5,294
143875,5-6-4,93.4
143875,6-5-4,535.2
143876,1-2-3,25.9
143876,2-1-3,124.2
143876,3-1-2,180.8
143876,4-1-2,449.1
143876,5-1-2,176.7
143876,6-1-2,28.2
143876,1-2-4,87.8
143876,2-1-4,338.9
143876,3-1-4,332.8
143876,4-1-3,453.2
143876,5-1-3,231.9
143876,6-1-3,35.1
143876,1-2-5,34.9
143876,2-1-5,128.4
143876,3-1-5,160.7
143876,4-1-5,367.5
143876,5-1-4,346
143876,6-1-4,66.4
143876,1-2-6,12
143876,2-1-6,70.9
143876,3-1-6,76.6
143876,4-1-6,258.3
143876,5-1-6,93
143876,6-1-5,23.6
143876,1-3-2,30.8
143876,2-3-1,296.1
143876,3-2-1,338.9
143876,4-2-1,648.1
143876,5-2-1,261
143876,6-2-1,58.9
143876,1-3-4,85.2
143876,2-3-4,750
143876,3-2-4,524
143876,4-2-3,985.1
143876,5-2-3,345.2
143876,6-2-3,103.3
143876,1-3-5,38.6
143876,2-3-5,418.6
143876,3-2-5,388.8
143876,4-2-5,811.9
143876,5-2-4,476.6
143876,6-2-4,175.9
143876,1-3-6,11.3
143876,2-3-6,275.1
143876,3-2-6,293.7
143876,4-2-6,623.4
143876,5-2-6,181.5
143876,6-2-5,62.4
143876,1-4-2,230.5
143876,2-4-1,1221
143876,3-4-1,668.6
143876,4-3-1,750
143876,5-3-1,520.3
143876,6-3-1,77
143876,1-4-3,173.2
143876,2-4-3,1241
143876,3-4-2,727.9
143876,4-3-2,1319
143876,5-3-2,684.1
143876,6-3-2,143.3
143876,1-4-5,212.3
143876,2-4-5,1086
143876,3-4-5,929.3
143876,4-3-5,1319
143876,5-3-4,1019
143876,6-3-4,243
143876,1-4-6,126.1
143876,2-4-6,769.6
143876,3-4-6,690.5
143876,4-3-6,790.2
143876,5-3-6,402.6
143876,6-3-5,99.9
143876,1-5-2,58.6
143876,2-5-1,265.2
143876,3-5-1,338.9
143876,4-5-1,486
143876,5-4-1,487.6
143876,6-4-1,136.6
143876,1-5-3,62.4
143876,2-5-3,372.2
143876,3-5-2,407
143876,4-5-2,727.9
143876,5-4-2,603.1
143876,6-4-2,219.5
143876,1-5-4,132.5
143876,2-5-4,820.9
143876,3-5-4,697
143876,4-5-3,941.1
143876,5-4-3,761.6
143876,6-4-3,248.3
143876,1-5-6,32.9
143876,2-5-6,182.6
143876,3-5-6,301.5
143876,4-5-6,212.6
143876,5-4-6,201
143876,6-4-5,97.7
143876,1-6-2,9.9
143876,2-6-1,112.4
143876,3-6-1,99.2
143876,4-6-1,274.1
143876,5-6-1,75
143876,6-5-1,27.2
143876,1-6-3,10.3
143876,2-6-3,200.2
143876,3-6-2,150.6
143876,4-6-2,435.8
143876,5-6-2,98.3
143876,6-5-2,38.4
143876,1-6-4,38.4
143876,2-6-4,446.4
143876,3-6-4,342.8
143876,4-6-3,494.2
143876,5-6-3,137.9
143876,6-5-3,54.8
143876,1-6-5,15.3
143876,2-6-5,143.4
143876,3-6-5,170.6
143876,4-6-5,199.1
143876,5-6-4,107.3
143876,6-5-4,48.5
143877,1-2-3,4.9
143877,2-1-3,19.3
143877,3-1-2,45.6
143877,4-1-2,59.4
143877,5-1-2,858.9
143877,6-1-2,2302
143877,1-2-4,4.1
143877,2-1-4,12.8
143877,3-1-4,39.8
143877,4-1-3,91
143877,5-1-3,1132
143877,6-1-3,3162
143877,1-2-5,38.5
143877,2-1-5,87.2
143877,3-1-5,148.8
143877,4-1-5,238.6
143877,5-1-4,959.1
143877,6-1-4,3941
143877,1-2-6,145.1
143877,2-1-6,460.4
143877,3-1-6,513.8
143877,4-1-6,610.9
143877,5-1-6,2615
143877,6-1-5,5048
143877,1-3-2,10.5
143877,2-3-1,55.5
143877,3-2-1,81.8
143877,4-2-1,89.9
143877,5-2-1,1240
143877,6-2-1,3836
143877,1-3-4,13.2
143877,2-3-4,60.3
143877,3-2-4,78.6
143877,4-2-3,155.8
143877,5-2-3,1284
143877,6-2-3,4717
143877,1-3-5,68.2
143877,2-3-5,259.4
143877,3-2-5,251.5
143877,4-2-5,377.6
143877,5-2-4,1453
143877,6-2-4,6394
143877,1-3-6,224.6
143877,2-3-6,910.6
143877,3-2-6,858.9
143877,4-2-6,1061
143877,5-2-6,3836
143877,6-2-5,6691
143877,1-4-2,9.9
143877,2-4-1,39.7
143877,3-4-1,59.3
143877,4-3-1,137.4
143877,5-3-1,1563
143877,6-3-1,5755
143877,1-4-3,17.7
143877,2-4-3,66.9
143877,3-4-2,75.8
143877,4-3-2,172.8
143877,5-3-2,1616
143877,6-3-2,6255
143877,1-4-5,63.6
143877,2-4-5,193.3
143877,3-4-5,175.5
143877,4-3-5,394.7
143877,5-3-4,1821
143877,6-3-4,6122
143877,1-4-6,203.6
143877,2-4-6,826.8
143877,3-4-6,556.5
143877,4-3-6,1024
143877,5-3-6,2936
143877,6-3-5,4231
143877,1-5-2,186.3
143877,2-5-1,494.4
143877,3-5-1,432.7
143877,4-5-1,495.2
143877,5-4-1,1326
143877,6-4-1,5138
143877,1-5-3,232.4
143877,2-5-3,879.9
143877,3-5-2,498.7
143877,4-5-2,681.8
143877,5-4-2,1607
143877,6-4-2,6851
143877,1-5-4,207.3
143877,2-5-4,539.8
143877,3-5-4,484.4
143877,4-5-3,779.8
143877,5-4-3,1682
143877,6-4-3,6851
143877,1-5-6,701.8
143877,2-5-6,2936
143877,3-5-6,1214
143877,4-5-6,962.3
143877,5-4-6,2012
143877,6-4-5,3162
143877,1-6-2,566.4
143877,2-6-1,1918
143877,3-6-1,1445
143877,4-6-1,1616
143877,5-6-1,4231
143877,6-5-1,5533
143877,1-6-3,603.2
143877,2-6-3,3127
143877,3-6-2,1931
143877,4-6-2,1880
143877,5-6-2,5642
143877,6-5-2,7777
143877,1-6-4,620.1
143877,2-6-4,3233
143877,3-6-4,1438
143877,4-6-3,1445
143877,5-6-3,3094
143877,6-5-3,4426
143877,1-6-5,747.4
143877,2-6-5,3552
143877,3-6-5,1809
143877,4-6-5,1563
143877,5-6-4,2378
143877,6-5-4,3385
143878,1-2-3,15.4
143878,2-1-3,56.1
143878,3-1-2,46.6
143878,4-1-2,214.6
143878,5-1-2,1849
143878,6-1-2,79.6
143878,1-2-4,38.9
143878,2-1-4,146.8
143878,3-1-4,36.1
143878,4-1-3,121.1
143878,5-1-3,1858
143878,6-1-3,34.1
143878,1-2-5,411.9
143878,2-1-5,1052
143878,3-1-5,321.3
143878,4-1-5,639.1
143878,5-1-4,2400
143878,6-1-4,62.4
143878,1-2-6,20.8
143878,2-1-6,70
143878,3-1-6,17.6
143878,4-1-6,87.4
143878,5-1-6,2653
143878,6-1-5,424.5
143878,1-3-2,13.5
143878,2-3-1,102.3
143878,3-2-1,89.3
143878,4-2-1,414.4
143878,5-2-1,3699
143878,6-2-1,166.9
143878,1-3-4,12.1
143878,2-3-4,295.2
143878,3-2-4,188.4
143878,4-2-3,525.1
143878,5-2-3,3699
143878,6-2-3,171.3
143878,1-3-5,237.7
143878,2-3-5,1348
143878,3-2-5,1155
143878,4-2-5,1708
143878,5-2-4,3446
143878,6-2-4,320.8
143878,1-3-6,6.1
143878,2-3-6,110.1
143878,3-2-6,75
143878,4-2-6,355.6
143878,5-2-6,2820
143878,6-2-5,1521
143878,1-4-2,54.7
143878,2-4-1,373.4
143878,3-4-1,77.7
143878,4-3-1,159.5
143878,5-3-1,2688
143878,6-3-1,50.2
143878,1-4-3,30.9
143878,2-4-3,452.1
143878,3-4-2,192.2
143878,4-3-2,416.1
143878,5-3-2,3200
143878,6-3-2,129.9
143878,1-4-5,407.3
143878,2-4-5,2179
143878,3-4-5,744
143878,4-3-5,1042
143878,5-3-4,3226
143878,6-3-4,82.2
143878,1-4-6,26.9
143878,2-4-6,387.7
143878,3-4-6,56.4
143878,4-3-6,119.4
143878,5-3-6,2987
143878,6-3-5,595.6
143878,1-5-2,910.3
143878,2-5-1,2474
143878,3-5-1,1200
143878,4-5-1,1466
143878,5-4-1,3055
143878,6-4-1,84.4
143878,1-5-3,720.1
143878,2-5-3,3252
143878,3-5-2,1841
143878,4-5-2,2265
143878,5-4-2,3150
143878,6-4-2,197.8
143878,1-5-4,878.6
143878,2-5-4,2800
143878,3-5-4,1545
143878,4-5-3,1632
143878,5-4-3,3102
143878,6-4-3,99.2
143878,1-5-6,843.6
143878,2-5-6,2860
143878,3-5-6,1200
143878,4-5-6,922.8
143878,5-4-6,1516
143878,6-4-5,426.7
143878,1-6-2,24.7
143878,2-6-1,156.4
143878,3-6-1,28.1
143878,4-6-1,79.4
143878,5-6-1,2706
143878,6-5-1,1092
143878,1-6-3,9.8
143878,2-6-3,165
143878,3-6-2,73.6
143878,4-6-2,158.1
143878,5-6-2,3226
143878,6-5-2,1594
143878,1-6-4,22.6
143878,2-6-4,352.8
143878,3-6-4,47.4
143878,4-6-3,91.4
143878,5-6-3,2504
143878,6-5-3,1222
143878,1-6-5,284.8
143878,2-6-5,1920
143878,3-6-5,486.4
143878,4-6-5,380
143878,5-6-4,1317
143878,6-5-4,823
143879,1-2-3,18
143879,2-1-3,58
143879,3-1-2,27.9
143879,4-1-2,285
143879,5-1-2,244.3
143879,6-1-2,2437
143879,1-2-4,60.2
143879,2-1-4,156.1
143879,3-1-4,14.6
143879,4-1-3,89.5
143879,5-1-3,86.1
143879,6-1-3,1111
143879,1-2-5,52.6
143879,2-1-5,207.5
143879,3-1-5,10.2
143879,4-1-5,218.5
143879,5-1-4,228.4
143879,6-1-4,3017
143879,1-2-6,246.4
143879,2-1-6,736.8
143879,3-1-6,82.7
143879,4-1-6,805
143879,5-1-6,340.1
143879,6-1-5,2034
143879,1-3-2,10
143879,2-3-1,73.4
143879,3-2-1,68.1
143879,4-2-1,515.7
143879,5-2-1,571.5
143879,6-2-1,4620
143879,1-3-4,7.1
143879,2-3-4,138.7
143879,3-2-4,87.1
143879,4-2-3,401.4
143879,5-2-3,479.5
143879,6-2-3,3925
143879,1-3-5,4.9
143879,2-3-5,213.4
143879,3-2-5,106.5
143879,4-2-5,992.2
143879,5-2-4,1117
143879,6-2-4,5218
143879,1-3-6,66.8
143879,2-3-6,970.5
143879,3-2-6,492.2
143879,4-2-6,2263
143879,5-2-6,1408
143879,6-2-5,4224
143879,1-4-2,74.9
143879,2-4-1,325.6
143879,3-4-1,35.9
143879,4-3-1,96.9
143879,5-3-1,96.7
143879,6-3-1,1421
143879,1-4-3,23.8
143879,2-4-3,244.9
143879,3-4-2,93.9
143879,4-3-2,263
143879,5-3-2,279.6
143879,6-3-2,3438
143879,1-4-5,57.3
143879,2-4-5,838.4
143879,3-4-5,39.3
143879,4-3-5,142
143879,5-3-4,164.9
143879,6-3-4,2861
143879,1-4-6,254
143879,2-4-6,2672
143879,3-4-6,180.8
143879,4-3-6,770
143879,5-3-6,330.7
143879,6-3-5,1545
143879,1-5-2,63.2
143879,2-5-1,469.3
143879,3-5-1,27.8
143879,4-5-1,284.5
143879,5-4-1,398.5
143879,6-4-1,4874
143879,1-5-3,21.1
143879,2-5-3,422.4
143879,3-5-2,88.3
143879,4-5-2,832.1
143879,5-4-2,992.2
143879,6-4-2,5157
143879,1-5-4,61.9
143879,2-5-4,903.3
143879,3-5-4,43.5
143879,4-5-3,233.6
143879,5-4-3,284.8
143879,6-4-3,3548
143879,1-5-6,181.1
143879,2-5-6,2195
143879,3-5-6,112.3
143879,4-5-6,843.2
143879,5-4-6,851.3
143879,6-4-5,3411
143879,1-6-2,582
143879,2-6-1,3038
143879,3-6-1,413.3
143879,4-6-1,2142
143879,5-6-1,890.6
143879,6-5-1,2861
143879,1-6-3,334.2
143879,2-6-3,2789
143879,3-6-2,897.8
143879,4-6-2,2334
143879,5-6-2,1478
143879,6-5-2,4526
143879,1-6-4,718.8
143879,2-6-4,4069
143879,3-6-4,522.4
143879,4-6-3,1444
143879,5-6-3,671
143879,6-5-3,1746
143879,1-6-5,550.3
143879,2-6-5,3438
143879,3-6-5,336
143879,4-6-5,1712
143879,5-6-4,1336
143879,6-5-4,4032
143880,1-2-3,3.6
143880,2-1-3,9
143880,3-1-2,40.9
143880,4-1-2,423
143880,5-1-2,258.8
143880,6-1-2,2467
143880,1-2-4,9
143880,2-1-4,23.4
143880,3-1-4,98.1
143880,4-1-3,641.7
143880,5-1-3,368.5
143880,6-1-3,3156
143880,1-2-5,13.1
143880,2-1-5,24.2
143880,3-1-5,92.2
143880,4-1-5,719.1
143880,5-1-4,802.5
143880,6-1-4,4567
143880,1-2-6,77.9
143880,2-1-6,118.9
143880,3-1-6,277.5
143880,4-1-6,1012
143880,5-1-6,713.2
143880,6-1-5,4381
143880,1-3-2,6.8
143880,2-3-1,21.1
143880,3-2-1,53.1
143880,4-2-1,617.7
143880,5-2-1,302.1
143880,6-2-1,3434
143880,1-3-4,17.6
143880,2-3-4,69
143880,3-2-4,128
143880,4-2-3,780.6
143880,5-2-3,349.9
143880,6-2-3,3180
143880,1-3-5,21
143880,2-3-5,57.1
143880,3-2-5,123.3
143880,4-2-5,1192
143880,5-2-4,1003
143880,6-2-4,4089
143880,1-3-6,88
143880,2-3-6,252.5
143880,3-2-6,411.2
143880,4-2-6,1460
143880,5-2-6,903.8
143880,6-2-5,4666
143880,1-4-2,40.6
143880,2-4-1,125.8
143880,3-4-1,287.9
143880,4-3-1,820.9
143880,5-3-1,602.1
143880,6-3-1,4293
143880,1-4-3,58.6
143880,2-4-3,194.3
143880,3-4-2,272
143880,4-3-2,772.2
143880,5-3-2,503.3
143880,6-3-2,4128
143880,1-4-5,125.2
143880,2-4-5,316.1
143880,3-4-5,492.9
143880,4-3-5,1460
143880,5-3-4,1555
143880,6-3-4,4012
143880,1-4-6,275.4
143880,2-4-6,597.9
143880,3-4-6,846.8
143880,4-3-6,1738
143880,5-3-6,1533
143880,6-3-5,3799
143880,1-5-2,49.5
143880,2-5-1,104.2
143880,3-5-1,285.2
143880,4-5-1,1098
143880,5-4-1,1584
143880,6-4-1,5300
143880,1-5-3,65
143880,2-5-3,142.5
143880,3-5-2,233.7
143880,4-5-2,1192
143880,5-4-2,1731
143880,6-4-2,3766
143880,1-5-4,167.3
143880,2-5-4,361.4
143880,3-5-4,633.2
143880,4-5-3,1522
143880,5-4-3,2190
143880,6-4-3,4935
143880,1-5-6,264.2
143880,2-5-6,472.3
143880,3-5-6,855.2
143880,4-5-6,1337
143880,5-4-6,2104
143880,6-4-5,4770
143880,1-6-2,381.6
143880,2-6-1,689.1
143880,3-6-1,1412
143880,4-6-1,2961
143880,5-6-1,1951
143880,6-5-1,5172
143880,1-6-3,474.9
143880,2-6-3,1049
143880,3-6-2,1029
143880,4-6-2,2510
143880,5-6-2,2320
143880,6-5-2,4718
143880,1-6-4,719.1
143880,2-6-4,1176
143880,3-6-4,1590
143880,4-6-3,2666
143880,5-6-3,2168
143880,6-5-3,4567
143880,1-6-5,784.9
143880,2-6-5,1160
143880,3-6-5,1485
143880,4-6-5,2481
143880,5-6-4,2555
143880,6-5-4,4824
143881,1-2-3,9.8
143881,2-1-3,48.7
143881,3-1-2,140.4
143881,4-1-2,175.5
143881,5-1-2,77.2
143881,6-1-2,479.7
143881,1-2-4,6.9
143881,2-1-4,42.2
143881,3-1-4,235.9
143881,4-1-3,445.6
143881,5-1-3,226
143881,6-1-3,1093
143881,1-2-5,4.1
143881,2-1-5,26.2
143881,3-1-5,185.9
143881,4-1-5,169.6
143881,5-1-4,199.4
143881,6-1-4,1231
143881,1-2-6,15
143881,2-1-6,54.2
143881,3-1-6,386.1
143881,4-1-6,307.2
143881,5-1-6,137
143881,6-1-5,499.7
143881,1-3-2,19.9
143881,2-3-1,138.9
143881,3-2-1,222.1
143881,4-2-1,297.3
143881,5-2-1,129.6
143881,6-2-1,610.9
143881,1-3-4,41
143881,2-3-4,333.4
143881,3-2-4,345.2
143881,4-2-3,793.9
143881,5-2-3,507.8
143881,6-2-3,1461
143881,1-3-5,34.5
143881,2-3-5,296.7
143881,3-2-5,330.6
143881,4-2-5,396.9
143881,5-2-4,389
143881,6-2-4,1409
143881,1-3-6,70.9
143881,2-3-6,618.2
143881,3-2-6,630.6
143881,4-2-6,498.1
143881,5-2-6,264.6
143881,6-2-5,701.3
143881,1-4-2,25
143881,2-4-1,176.7
143881,3-4-1,453.3
143881,4-3-1,859.3
143881,5-3-1,507.8
143881,6-3-1,1503
143881,1-4-3,58.1
143881,2-4-3,465.4
143881,3-4-2,466.8
143881,4-3-2,959.5
143881,5-3-2,766.7
143881,6-3-2,1533
143881,1-4-5,35.9
143881,2-4-5,306
143881,3-4-5,603.8
143881,4-3-5,1009
143881,5-3-4,1022
143881,6-3-4,1797
143881,1-4-6,63.2
143881,2-4-6,524.8
143881,3-4-6,840.8
143881,4-3-6,1384
143881,5-3-6,1078
143881,6-3-5,1681
143881,1-5-2,12.4
143881,2-5-1,87.5
143881,3-5-1,330.6
143881,4-5-1,233
143881,5-4-1,362
143881,6-4-1,1629
143881,1-5-3,42
143881,2-5-3,292.3
143881,3-5-2,359.5
143881,4-5-2,285.4
143881,5-4-2,430.8
143881,6-4-2,1282
143881,1-5-4,38.1
143881,2-5-4,267.3
143881,3-5-4,620.6
143881,4-5-3,674.1
143881,5-4-3,936.5
143881,6-4-3,1777
143881,1-5-6,27.6
143881,2-5-6,173
143881,3-5-6,766.7
143881,4-5-6,258.5
143881,5-4-6,446.8
143881,6-4-5,1533
143881,1-6-2,59
143881,2-6-1,261.1
143881,3-6-1,1086
143881,4-6-1,802
143881,5-6-1,257.6
143881,6-5-1,449.4
143881,1-6-3,171.8
143881,2-6-3,802
143881,3-6-2,1282
143881,4-6-2,638.3
143881,5-6-2,302.5
143881,6-5-2,550.7
143881,1-6-4,153.1
143881,2-6-4,668.4
143881,3-6-4,1133
143881,4-6-3,1101
143881,5-6-3,854.6
143881,6-5-3,1348
143881,1-6-5,61.4
143881,2-6-5,322.4
143881,3-6-5,1261
143881,4-6-5,630.6
143881,5-6-4,680
143881,6-5-4,1503
143882,1-2-3,26.1
143882,2-1-3,189
143882,3-1-2,78.5
143882,4-1-2,211.8
143882,5-1-2,251.5
143882,6-1-2,432.7
143882,1-2-4,37.1
143882,2-1-4,189.5
143882,3-1-4,23.1
143882,4-1-3,68.3
143882,5-1-3,161.4
143882,6-1-3,163.1
143882,1-2-5,50.5
143882,2-1-5,355.1
143882,3-1-5,56.6
143882,4-1-5,168.6
143882,5-1-4,215.7
143882,6-1-4,207
143882,1-2-6,63.2
143882,2-1-6,520.1
143882,3-1-6,32.5
143882,4-1-6,90.2
143882,5-1-6,299.3
143882,6-1-5,366.9
143882,1-3-2,16.6
143882,2-3-1,373.1
143882,3-2-1,302.8
143882,4-2-1,574.2
143882,5-2-1,478.2
143882,6-2-1,1235
143882,1-3-4,7.1
143882,2-3-4,484.2
143882,3-2-4,248.3
143882,4-2-3,680.5
143882,5-2-3,862.9
143882,6-2-3,1529
143882,1-3-5,15.3
143882,2-3-5,826
143882,3-2-5,447.7
143882,4-2-5,971.5
143882,5-2-4,1009
143882,6-2-4,1343
143882,1-3-6,13.8
143882,2-3-6,721.8
143882,3-2-6,348.7
143882,4-2-6,674.5
143882,5-2-6,680.5
143882,6-2-5,1661
143882,1-4-2,32.3
143882,2-4-1,549.7
143882,3-4-1,30.4
143882,4-3-1,72.4
143882,5-3-1,347.9
143882,6-3-1,222.2
143882,1-4-3,12.7
143882,2-4-3,680.5
143882,3-4-2,133.5
143882,4-3-2,292
143882,5-3-2,1016
143882,6-3-2,930.5
143882,1-4-5,32.4
143882,2-4-5,1367
143882,3-4-5,104.5
143882,4-3-5,206.5
143882,5-3-4,640.9
143882,6-3-4,226.5
143882,1-4-6,17.6
143882,2-4-6,848.7
143882,3-4-6,30.1
143882,4-3-6,75.4
143882,5-3-6,605.7
143882,6-3-5,705.3
143882,1-5-2,37.2
143882,2-5-1,543.9
143882,3-5-1,183
143882,4-5-1,319.8
143882,5-4-1,513.2
143882,6-4-1,278.8
143882,1-5-3,23.6
143882,2-5-3,1127
143882,3-5-2,407.5
143882,4-5-2,1161
143882,5-4-2,1197
143882,6-4-2,834.9
143882,1-5-4,34.1
143882,2-5-4,1309
143882,3-5-4,238.3
143882,4-5-3,516.6
143882,5-4-3,867.8
143882,6-4-3,255.7
143882,1-5-6,46
143882,2-5-6,1058
143882,3-5-6,273.8
143882,4-5-6,491.9
143882,5-4-6,813
143882,6-4-5,830.5
143882,1-6-2,89.4
143882,2-6-1,903.3
143882,3-6-1,47.4
143882,4-6-1,120.2
143882,5-6-1,732.1
143882,6-5-1,705.3
143882,1-6-3,34.6
143882,2-6-3,1417
143882,3-6-2,247.5
143882,4-6-2,419.7
143882,5-6-2,1343
143882,6-5-2,1560
143882,1-6-4,38.8
143882,2-6-4,1119
143882,3-6-4,40.9
143882,4-6-3,114.1
143882,5-6-3,698.9
143882,6-5-3,1080
143882,1-6-5,73.4
143882,2-6-5,1443
143882,3-6-5,159.5
143882,4-6-5,361.7
143882,5-6-4,924.9
143882,6-5-4,1179
143883,1-2-3,6.3
143883,2-1-3,19.2
143883,3-1-2,45.6
143883,4-1-2,67
143883,5-1-2,262.4
143883,6-1-2,735.5
143883,1-2-4,5.4
143883,2-1-4,15.1
143883,3-1-4,54.1
143883,4-1-3,168.2
143883,5-1-3,375.1
143883,6-1-3,848
143883,1-2-5,19.5
143883,2-1-5,40.7
143883,3-1-5,71.8
143883,4-1-5,178.4
143883,5-1-4,422.2
143883,6-1-4,1091
143883,1-2-6,49
143883,2-1-6,108.3
143883,3-1-6,217.4
143883,4-1-6,400.8
143883,5-1-6,639.3
143883,6-1-5,1655
143883,1-3-2,13.8
143883,2-3-1,43.3
143883,3-2-1,67.5
143883,4-2-1,96.8
143883,5-2-1,311.4
143883,6-2-1,1221
143883,1-3-4,18
143883,2-3-4,58.8
143883,3-2-4,79.2
143883,4-2-3,218.7
143883,5-2-3,220.6
143883,6-2-3,1543
143883,1-3-5,30.9
143883,2-3-5,80
143883,3-2-5,83.8
143883,4-2-5,263.4
143883,5-2-4,547.2
143883,6-2-4,1097
143883,1-3-6,79
143883,2-3-6,274
143883,3-2-6,296.5
143883,4-2-6,542.9
143883,5-2-6,691
143883,6-2-5,2183
143883,1-4-2,17.4
143883,2-4-1,41.1
143883,3-4-1,97.4
143883,4-3-1,241.4
143883,5-3-1,541.5
143883,6-3-1,1172
143883,1-4-3,34.5
143883,2-4-3,79.7
143883,3-4-2,103.1
143883,4-3-2,268.9
143883,5-3-2,264.8
143883,6-3-2,1509
143883,1-4-5,47.2
143883,2-4-5,116.8
143883,3-4-5,155.1
143883,4-3-5,377.2
143883,5-3-4,824.2
143883,6-3-4,1954
143883,1-4-6,97
143883,2-4-6,283
143883,3-4-6,287
143883,4-3-6,653.5
143883,5-3-6,1001
143883,6-3-5,1784
143883,1-5-2,56.9
143883,2-5-1,125.2
143883,3-5-1,186.5
143883,4-5-1,284.2
143883,5-4-1,608.9
143883,6-4-1,1936
143883,1-5-3,82.4
143883,2-5-3,154.5
143883,3-5-2,141.9
143883,4-5-2,341.4
143883,5-4-2,627.6
143883,6-4-2,1290
143883,1-5-4,93.3
143883,2-5-4,198.8
143883,3-5-4,253
143883,4-5-3,516.9
143883,5-4-3,928.6
143883,6-4-3,1848
143883,1-5-6,195.6
143883,2-5-6,594.8
143883,3-5-6,414.6
143883,4-5-6,601.8
143883,5-4-6,1080
143883,6-4-5,2255
143883,1-6-2,176.9
143883,2-6-1,471.7
143883,3-6-1,540
143883,4-6-1,814.4
143883,5-6-1,1386
143883,6-5-1,1954
143883,1-6-3,236.7
143883,2-6-3,765.7
143883,3-6-2,675
143883,4-6-2,691
143883,5-6-2,1543
143883,6-5-2,2332
143883,1-6-4,249.9
143883,2-6-4,645.3
143883,3-6-4,573.2
143883,4-6-3,1001
143883,5-6-3,1121
143883,6-5-3,2183
143883,1-6-5,336.4
143883,2-6-5,1057
143883,3-6-5,735.5
143883,4-6-5,1047
143883,5-6-4,1543
143883,6-5-4,2073
143884,1-2-3,17.1
143884,2-1-3,98.9
143884,3-1-2,73.2
143884,4-1-2,69.2
143884,5-1-2,158.2
143884,6-1-2,1150
143884,1-2-4,15.7
143884,2-1-4,81.1
143884,3-1-4,31.6
143884,4-1-3,48.4
143884,5-1-3,104.5
143884,6-1-3,915.1
143884,1-2-5,25.3
143884,2-1-5,114.3
143884,3-1-5,37.8
143884,4-1-5,39.6
143884,5-1-4,106.9
143884,6-1-4,995.3
143884,1-2-6,86.2
143884,2-1-6,281.1
143884,3-1-6,164.8
143884,4-1-6,129.1
143884,5-1-6,291.6
143884,6-1-5,1384
143884,1-3-2,18.3
143884,2-3-1,196.9
143884,3-2-1,179.6
143884,4-2-1,182.9
143884,5-2-1,288.2
143884,6-2-1,1567
143884,1-3-4,9.7
143884,2-3-4,252
143884,3-2-4,189.9
143884,4-2-3,238.6
143884,5-2-3,376.1
143884,6-2-3,1715
143884,1-3-5,12.8
143884,2-3-5,233.2
143884,3-2-5,197.7
143884,4-2-5,170.4
143884,5-2-4,356.9
143884,6-2-4,1458
143884,1-3-6,76.1
143884,2-3-6,745.1
143884,3-2-6,474.3
143884,4-2-6,426.7
143884,5-2-6,619.8
143884,6-2-5,1962
143884,1-4-2,18.5
143884,2-4-1,178.4
143884,3-4-1,48.5
143884,4-3-1,71
143884,5-3-1,147.8
143884,6-3-1,1185
143884,1-4-3,13.4
143884,2-4-3,265
143884,3-4-2,115.9
143884,4-3-2,158.1
143884,5-3-2,303.7
143884,6-3-2,1855
143884,1-4-5,13.7
143884,2-4-5,227.8
143884,3-4-5,40.1
143884,4-3-5,58.3
143884,5-3-4,158.1
143884,6-3-4,1377
143884,1-4-6,61.2
143884,2-4-6,562.3
143884,3-4-6,107.1
143884,4-3-6,163.1
143884,5-3-6,443.4
143884,6-3-5,1435
143884,1-5-2,39.5
143884,2-5-1,244.8
143884,3-5-1,72.2
143884,4-5-1,59.1
143884,5-4-1,144.1
143884,6-4-1,1336
143884,1-5-3,28.2
143884,2-5-3,346.5
143884,3-5-2,163.5
143884,4-5-2,113.9
143884,5-4-2,271.6
143884,6-4-2,1576
143884,1-5-4,31.8
143884,2-5-4,332.1
143884,3-5-4,66.8
143884,4-5-3,74.7
143884,5-4-3,164
143884,6-4-3,1623
143884,1-5-6,93
143884,2-5-6,632.7
143884,3-5-6,172.2
143884,4-5-6,134.9
143884,5-4-6,322.3
143884,6-4-5,1228
143884,1-6-2,221.3
143884,2-6-1,970.5
143884,3-6-1,466.9
143884,4-6-1,431.5
143884,5-6-1,654
143884,6-5-1,1474
143884,1-6-3,238.3
143884,2-6-3,1298
143884,3-6-2,692.1
143884,4-6-2,532.6
143884,5-6-2,888.3
143884,6-5-2,2020
143884,1-6-4,167.9
143884,2-6-4,981
143884,3-6-4,358.3
143884,4-6-3,424.1
143884,5-6-3,610.1
143884,6-5-3,1532
143884,1-6-5,192.1
143884,2-6-5,1160
143884,3-6-5,412.5
143884,4-6-5,360.7
143884,5-6-4,538.9
143884,6-5-4,1398
