race_id,combo,odds
157315,1-2-3,13.8
157315,2-1-3,68.1
157315,3-1-2,198.4
157315,4-1-2,94.7
157315,5-1-2,212.8
157315,6-1-2,177.4
157315,1-2-4,6.5
157315,2-1-4,34
157315,3-1-4,218.5
157315,4-1-3,250.5
157315,5-1-3,352.4
157315,6-1-3,641
157315,1-2-5,15.3
157315,2-1-5,70.9
157315,3-1-5,211.8
157315,4-1-5,131.3
157315,5-1-4,252.5
157315,6-1-4,305.1
157315,1-2-6,11.3
157315,2-1-6,45
157315,3-1-6,252.9
157315,4-1-6,96.4
157315,5-1-6,194.6
157315,6-1-5,419.7
157315,1-3-2,24.3
157315,2-3-1,175.9
157315,3-2-1,270.4
157315,4-2-1,125.7
157315,5-2-1,375.2
157315,6-2-1,276.7
157315,1-3-4,19.1
157315,2-3-4,217.8
157315,3-2-4,355
157315,4-2-3,581.2
157315,5-2-3,1128
157315,6-2-3,1565
157315,1-3-5,34.5
157315,2-3-5,360.9
157315,3-2-5,551.3
157315,4-2-5,324.4
157315,5-2-4,772.3
157315,6-2-4,595.3
157315,1-3-6,28.8
157315,2-3-6,284.3
157315,3-2-6,522.7
157315,4-2-6,195.8
157315,5-2-6,540.9
157315,6-2-5,1308
157315,1-4-2,10.4
157315,2-4-1,81.5
157315,3-4-1,374.7
157315,4-3-1,521.1
157315,5-3-1,788.3
157315,6-3-1,1459
157315,1-4-3,26.5
157315,2-4-3,256.8
157315,3-4-2,582.2
157315,4-3-2,768.9
157315,5-3-2,1573
157315,6-3-2,2348
157315,1-4-5,20.1
157315,2-4-5,242.5
157315,3-4-5,742.2
157315,4-3-5,957.9
157315,5-3-4,1853
157315,6-3-4,2226
157315,1-4-6,13.5
157315,2-4-6,95
157315,3-4-6,596.4
157315,4-3-6,793.8
157315,5-3-6,1465
157315,6-3-5,2765
157315,1-5-2,33.9
157315,2-5-1,215.4
157315,3-5-1,425.4
157315,4-5-1,175.1
157315,5-4-1,389.2
157315,6-4-1,497.7
157315,1-5-3,60.1
157315,2-5-3,721.9
157315,3-5-2,963.3
157315,4-5-2,331.6
157315,5-4-2,650.7
157315,6-4-2,742.2
157315,1-5-4,37.1
157315,2-5-4,451.2
157315,3-5-4,944.7
157315,4-5-3,844.6
157315,5-4-3,1199
157315,6-4-3,2130
157315,1-5-6,36.6
157315,2-5-6,339.8
157315,3-5-6,1109
157315,4-5-6,192.3
157315,5-4-6,399.2
157315,6-4-5,863.8
157315,1-6-2,34.2
157315,2-6-1,115.5
157315,3-6-1,597.4
157315,4-6-1,147.7
157315,5-6-1,394.1
157315,6-5-1,628
157315,1-6-3,83.6
157315,2-6-3,588.2
157315,3-6-2,1178
157315,4-6-2,228.1
157315,5-6-2,846.7
157315,6-5-2,1524
157315,1-6-4,38.3
157315,2-6-4,199.1
157315,3-6-4,1270
157315,4-6-3,857.3
157315,5-6-3,1580
157315,6-5-3,2286
157315,1-6-5,68.2
157315,2-6-5,502.1
157315,3-6-5,1714
157315,4-6-5,255.7
157315,5-6-4,587.2
157315,6-5-4,955.2
157316,1-2-3,8.1
157316,2-1-3,20.3
157316,3-1-2,46.6
157316,4-1-2,124
157316,5-1-2,193.9
157316,6-1-2,752.6
157316,1-2-4,11.3
157316,2-1-4,26.5
157316,3-1-4,59.4
157316,4-1-3,183.1
157316,5-1-3,301.3
157316,6-1-3,1300
157316,1-2-5,18.3
157316,2-1-5,35.6
157316,3-1-5,58.1
157316,4-1-5,173.7
157316,5-1-4,314.8
157316,6-1-4,1525
157316,1-2-6,26.3
157316,2-1-6,52.6
157316,3-1-6,102.7
157316,4-1-6,173.9
157316,5-1-6,308.6
157316,6-1-5,1682
157316,1-3-2,12.8
157316,2-3-1,43.3
157316,3-2-1,70.5
157316,4-2-1,161.8
157316,5-2-1,269.1
157316,6-2-1,1018
157316,1-3-4,19.5
157316,2-3-4,40.6
157316,3-2-4,56.5
157316,4-2-3,142.1
157316,5-2-3,258
157316,6-2-3,1290
157316,1-3-5,20
157316,2-3-5,56.4
157316,3-2-5,68.5
157316,4-2-5,172.2
157316,5-2-4,480.7
157316,6-2-4,1418
157316,1-3-6,36.4
157316,2-3-6,88.6
157316,3-2-6,113.5
157316,4-2-6,195.4
157316,5-2-6,447.4
157316,6-2-5,1816
157316,1-4-2,30.4
157316,2-4-1,80.1
157316,3-4-1,121.7
157316,4-3-1,252
157316,5-3-1,402.3
157316,6-3-1,1589
157316,1-4-3,36.9
157316,2-4-3,74
157316,3-4-2,87
157316,4-3-2,157
157316,5-3-2,278.5
157316,6-3-2,1518
157316,1-4-5,57.1
157316,2-4-5,114.9
157316,3-4-5,109.6
157316,4-3-5,178
157316,5-3-4,413.5
157316,6-3-4,1928
157316,1-4-6,61
157316,2-4-6,131.1
157316,3-4-6,131.4
157316,4-3-6,195
157316,5-3-6,389.5
157316,6-3-5,2007
157316,1-5-2,50.8
157316,2-5-1,126.4
157316,3-5-1,144.3
157316,4-5-1,259.4
157316,5-4-1,549.1
157316,6-4-1,1699
157316,1-5-3,54.9
157316,2-5-3,133.9
157316,3-5-2,128.9
157316,4-5-2,193.8
157316,5-4-2,468.2
157316,6-4-2,1479
157316,1-5-4,95.5
157316,2-5-4,209.4
157316,3-5-4,164.5
157316,4-5-3,245.3
157316,5-4-3,595.8
157316,6-4-3,2067
157316,1-5-6,86.8
157316,2-5-6,196.3
157316,3-5-6,175.5
157316,4-5-6,168.7
157316,5-4-6,386
157316,6-4-5,1928
157316,1-6-2,138.9
157316,2-6-1,292.3
157316,3-6-1,367.8
157316,4-6-1,444.5
157316,5-6-1,759.3
157316,6-5-1,1845
157316,1-6-3,170.5
157316,2-6-3,346.6
157316,3-6-2,345.2
157316,4-6-2,339.4
157316,5-6-2,683.7
157316,6-5-2,1865
157316,1-6-4,217.6
157316,2-6-4,392.2
157316,3-6-4,412.5
157316,4-6-3,442.3
157316,5-6-3,912.8
157316,6-5-3,1816
157316,1-6-5,206
157316,2-6-5,379.2
157316,3-6-5,364.3
157316,4-6-5,347
157316,5-6-4,997.7
157316,6-5-4,1961
157317,1-2-3,10.6
157317,2-1-3,92.2
157317,3-1-2,46.8
157317,4-1-2,295.3
157317,5-1-2,291.1
157317,6-1-2,429.5
157317,1-2-4,21
157317,2-1-4,137.6
157317,3-1-4,40.3
157317,4-1-3,225.9
157317,5-1-3,144.5
157317,6-1-3,250.8
157317,1-2-5,21
157317,2-1-5,145.4
157317,3-1-5,30.2
157317,4-1-5,254
157317,5-1-4,337.1
157317,6-1-4,500.3
157317,1-2-6,30.3
157317,2-1-6,183.1
157317,3-1-6,40.2
157317,4-1-6,253.4
157317,5-1-6,208
157317,6-1-5,433.5
157317,1-3-2,7.8
157317,2-3-1,177.9
157317,3-2-1,130.4
157317,4-2-1,524.9
157317,5-2-1,695
157317,6-2-1,820.3
157317,1-3-4,10.4
157317,2-3-4,313.4
157317,3-2-4,203
157317,4-2-3,726.1
157317,5-2-3,678.6
157317,6-2-3,1328
157317,1-3-5,8
157317,2-3-5,302.2
157317,3-2-5,176.9
157317,4-2-5,809.6
157317,5-2-4,1088
157317,6-2-4,1637
157317,1-3-6,12
157317,2-3-6,422.2
157317,3-2-6,245.7
157317,4-2-6,802.7
157317,5-2-6,992.7
157317,6-2-5,1629
157317,1-4-2,33.7
157317,2-4-1,365.5
157317,3-4-1,112.7
157317,4-3-1,314.7
157317,5-3-1,192.7
157317,6-3-1,400.9
157317,1-4-3,23.2
157317,2-4-3,509.9
157317,3-4-2,198
157317,4-3-2,633.7
157317,5-3-2,420.8
157317,6-3-2,1244
157317,1-4-5,34.1
157317,2-4-5,640.2
157317,3-4-5,138
157317,4-3-5,461.3
157317,5-3-4,454
157317,6-3-4,1184
157317,1-4-6,37.9
157317,2-4-6,785.8
157317,3-4-6,158.7
157317,4-3-6,518.4
157317,5-3-6,365.9
157317,6-3-5,1017
157317,1-5-2,36.6
157317,2-5-1,503
157317,3-5-1,68.9
157317,4-5-1,411.5
157317,5-4-1,780.8
157317,6-4-1,1036
157317,1-5-3,23.7
157317,2-5-3,638
157317,3-5-2,151.2
157317,4-5-2,776
157317,5-4-2,1357
157317,6-4-2,2145
157317,1-5-4,51.5
157317,2-5-4,890.8
157317,3-5-4,144.8
157317,4-5-3,645.7
157317,5-4-3,937.8
157317,6-4-3,1608
157317,1-5-6,41.1
157317,2-5-6,776
157317,3-5-6,106.4
157317,4-5-6,568.9
157317,5-4-6,1248
157317,6-4-5,2248
157317,1-6-2,81.8
157317,2-6-1,617.9
157317,3-6-1,143.5
157317,4-6-1,600
157317,5-6-1,574.2
157317,6-5-1,806.1
157317,1-6-3,44.6
157317,2-6-3,910.3
157317,3-6-2,372.8
157317,4-6-2,1170
157317,5-6-2,1166
157317,6-5-2,1769
157317,1-6-4,87.5
157317,2-6-4,1204
157317,3-6-4,335.9
157317,4-6-3,1006
157317,5-6-3,724.7
157317,6-5-3,940.2
157317,1-6-5,74.9
157317,2-6-5,1261
157317,3-6-5,224
157317,4-6-5,1091
157317,5-6-4,1397
157317,6-5-4,1622
157318,1-2-3,11.8
157318,2-1-3,36.4
157318,3-1-2,69.5
157318,4-1-2,94.7
157318,5-1-2,89.3
157318,6-1-2,594.5
157318,1-2-4,11.9
157318,2-1-4,35.3
157318,3-1-4,51.7
157318,4-1-3,81.6
157318,5-1-3,108.8
157318,6-1-3,790.6
157318,1-2-5,14.6
157318,2-1-5,38.4
157318,3-1-5,67.4
157318,4-1-5,88.5
157318,5-1-4,109.7
157318,6-1-4,812.7
157318,1-2-6,55.9
157318,2-1-6,126.6
157318,3-1-6,208.8
157318,4-1-6,199.7
157318,5-1-6,133.9
157318,6-1-5,653.3
157318,1-3-2,15.7
157318,2-3-1,88.5
157318,3-2-1,108.1
157318,4-2-1,116.7
157318,5-2-1,159.9
157318,6-2-1,918.8
157318,1-3-4,16.8
157318,2-3-4,98.7
157318,3-2-4,62.1
157318,4-2-3,152.2
157318,5-2-3,243.9
157318,6-2-3,1385
157318,1-3-5,15.6
157318,2-3-5,116.6
157318,3-2-5,77.7
157318,4-2-5,160.8
157318,5-2-4,282.8
157318,6-2-4,1173
157318,1-3-6,60.8
157318,2-3-6,368.9
157318,3-2-6,234.7
157318,4-2-6,378.5
157318,5-2-6,400
157318,6-2-5,1246
157318,1-4-2,22.4
157318,2-4-1,86.1
157318,3-4-1,98.2
157318,4-3-1,141.6
157318,5-3-1,141.7
157318,6-3-1,1246
157318,1-4-3,26.1
157318,2-4-3,130
157318,3-4-2,77.5
157318,4-3-2,189.7
157318,5-3-2,153.3
157318,6-3-2,1504
157318,1-4-5,24.6
157318,2-4-5,140.5
157318,3-4-5,69.2
157318,4-3-5,152.6
157318,5-3-4,191.9
157318,6-3-4,1598
157318,1-4-6,65.4
157318,2-4-6,332.3
157318,3-4-6,204.9
157318,4-3-6,340.4
157318,5-3-6,235.7
157318,6-3-5,1398
157318,1-5-2,27.8
157318,2-5-1,82.2
157318,3-5-1,78.6
157318,4-5-1,119.4
157318,5-4-1,208.2
157318,6-4-1,1182
157318,1-5-3,28.2
157318,2-5-3,160.5
157318,3-5-2,88.3
157318,4-5-2,183.9
157318,5-4-2,300.3
157318,6-4-2,1236
157318,1-5-4,37.7
157318,2-5-4,167.4
157318,3-5-4,78.4
157318,4-5-3,208.9
157318,5-4-3,366.7
157318,6-4-3,1634
157318,1-5-6,64.7
157318,2-5-6,307.5
157318,3-5-6,159.5
157318,4-5-6,212.6
157318,5-4-6,374.6
157318,6-4-5,1334
157318,1-6-2,179.3
157318,2-6-1,570.5
157318,3-6-1,635.2
157318,4-6-1,449
157318,5-6-1,407.8
157318,6-5-1,862.5
157318,1-6-3,182.9
157318,2-6-3,957
157318,3-6-2,903.5
157318,4-6-2,668.3
157318,5-6-2,576.5
157318,6-5-2,1243
157318,1-6-4,191
157318,2-6-4,854
157318,3-6-4,735.9
157318,4-6-3,706.2
157318,5-6-3,627
157318,6-5-3,1306
157318,1-6-5,179.4
157318,2-6-5,924.6
157318,3-6-5,660.2
157318,4-6-5,502.8
157318,5-6-4,651.3
157318,6-5-4,1208
157319,1-2-3,10.5
157319,2-1-3,48.5
157319,3-1-2,141
157319,4-1-2,97
157319,5-1-2,81.6
157319,6-1-2,307.8
157319,1-2-4,9.3
157319,2-1-4,38.5
157319,3-1-4,137.7
157319,4-1-3,230.1
157319,5-1-3,161.6
157319,6-1-3,644.4
157319,1-2-5,11.1
157319,2-1-5,41.4
157319,3-1-5,152.1
157319,4-1-5,87.7
157319,5-1-4,134.8
157319,6-1-4,540.7
157319,1-2-6,16.9
157319,2-1-6,55.2
157319,3-1-6,183.5
157319,4-1-6,114.9
157319,5-1-6,79.2
157319,6-1-5,323.4
157319,1-3-2,17.2
157319,2-3-1,172.7
157319,3-2-1,259.3
157319,4-2-1,161.5
157319,5-2-1,162.3
157319,6-2-1,575.2
157319,1-3-4,19.3
157319,2-3-4,242.7
157319,3-2-4,313.9
157319,4-2-3,442
157319,5-2-3,373.5
157319,6-2-3,1220
157319,1-3-5,27.9
157319,2-3-5,387.3
157319,3-2-5,374.6
157319,4-2-5,213.8
157319,5-2-4,334.4
157319,6-2-4,1182
157319,1-3-6,28.5
157319,2-3-6,331.5
157319,3-2-6,411.3
157319,4-2-6,241.3
157319,5-2-6,220
157319,6-2-5,805
157319,1-4-2,16
157319,2-4-1,112.5
157319,3-4-1,361.5
157319,4-3-1,494.5
157319,5-3-1,443.6
157319,6-3-1,1250
157319,1-4-3,31.6
157319,2-4-3,338.2
157319,3-4-2,474
157319,4-3-2,658.7
157319,5-3-2,615.3
157319,6-3-2,1657
157319,1-4-5,24.7
157319,2-4-5,230.6
157319,3-4-5,376.3
157319,4-3-5,533.8
157319,5-3-4,618.3
157319,6-3-4,1702
157319,1-4-6,29.3
157319,2-4-6,281.6
157319,3-4-6,469.2
157319,4-3-6,644.4
157319,5-3-6,604.2
157319,6-3-5,1415
157319,1-5-2,21.1
157319,2-5-1,129.7
157319,3-5-1,293.6
157319,4-5-1,116.6
157319,5-4-1,205.5
157319,6-4-1,632.2
157319,1-5-3,39.8
157319,2-5-3,381.4
157319,3-5-2,413.7
157319,4-5-2,184.1
157319,5-4-2,316.3
157319,6-4-2,1166
157319,1-5-4,40.8
157319,2-5-4,319.1
157319,3-5-4,396.8
157319,4-5-3,323.8
157319,5-4-3,447.1
157319,6-4-3,1685
157319,1-5-6,28.6
157319,2-5-6,258.5
157319,3-5-6,453.5
157319,4-5-6,115.5
157319,5-4-6,200.9
157319,6-4-5,511.6
157319,1-6-2,52
157319,2-6-1,247.2
157319,3-6-1,499.4
157319,4-6-1,253.7
157319,5-6-1,148
157319,6-5-1,380.6
157319,1-6-3,68.8
157319,2-6-3,566.2
157319,3-6-2,753.2
157319,4-6-2,377.4
157319,5-6-2,215.6
157319,6-5-2,555
157319,1-6-4,71.9
157319,2-6-4,479.4
157319,3-6-4,671.9
157319,4-6-3,727.1
157319,5-6-3,366.2
157319,6-5-3,1054
157319,1-6-5,60
157319,2-6-5,438.2
157319,3-6-5,717.8
157319,4-6-5,225.7
157319,5-6-4,250
157319,6-5-4,508
157320,1-2-3,14.5
157320,2-1-3,79.5
157320,3-1-2,73
157320,4-1-2,183.9
157320,5-1-2,144.8
157320,6-1-2,292.7
157320,1-2-4,21.1
157320,2-1-4,88.6
157320,3-1-4,68.1
157320,4-1-3,193.3
157320,5-1-3,113.7
157320,6-1-3,299.7
157320,1-2-5,16.8
157320,2-1-5,75.5
157320,3-1-5,42.3
157320,4-1-5,98
157320,5-1-4,138.5
157320,6-1-4,377.7
157320,1-2-6,22.9
157320,2-1-6,93.3
157320,3-1-6,52.3
157320,4-1-6,112
157320,5-1-6,84.1
157320,6-1-5,207.9
157320,1-3-2,17
157320,2-3-1,192.8
157320,3-2-1,183.8
157320,4-2-1,326.1
157320,5-2-1,334.3
157320,6-2-1,526.6
157320,1-3-4,19.1
157320,2-3-4,349.4
157320,3-2-4,261.3
157320,4-2-3,583.7
157320,5-2-3,476.8
157320,6-2-3,709
157320,1-3-5,11
157320,2-3-5,291.2
157320,3-2-5,232
157320,4-2-5,384.3
157320,5-2-4,550.9
157320,6-2-4,1032
157320,1-3-6,16.7
157320,2-3-6,329.6
157320,3-2-6,249.3
157320,4-2-6,378.6
157320,5-2-6,366.4
157320,6-2-5,681.3
157320,1-4-2,32.6
157320,2-4-1,274.3
157320,3-4-1,167.8
157320,4-3-1,312.9
157320,5-3-1,190.9
157320,6-3-1,513.8
157320,1-4-3,33.3
157320,2-4-3,467.7
157320,3-4-2,283.7
157320,4-3-2,564.2
157320,5-3-2,457.2
157320,6-3-2,731.2
157320,1-4-5,23.6
157320,2-4-5,426.1
157320,3-4-5,140.9
157320,4-3-5,272.8
157320,5-3-4,306.9
157320,6-3-4,892.7
157320,1-4-6,28
157320,2-4-6,408
157320,3-4-6,186
157320,4-3-6,367.2
157320,5-3-6,250.3
157320,6-3-5,585.1
157320,1-5-2,27.1
157320,2-5-1,237.4
157320,3-5-1,89
157320,4-5-1,116.1
157320,5-4-1,187.3
157320,6-4-1,597.3
157320,1-5-3,21.1
157320,2-5-3,382.5
157320,3-5-2,204
157320,4-5-2,268.5
157320,5-4-2,417.7
157320,6-4-2,1029
157320,1-5-4,34.9
157320,2-5-4,469.4
157320,3-5-4,152.9
157320,4-5-3,220
157320,5-4-3,296.3
157320,6-4-3,982.3
157320,1-5-6,21.3
157320,2-5-6,306.3
157320,3-5-6,107.3
157320,4-5-6,101.7
157320,5-4-6,167.4
157320,6-4-5,437.9
157320,1-6-2,55.9
157320,2-6-1,331.2
157320,3-6-1,184.4
157320,4-6-1,198
157320,5-6-1,136.9
157320,6-5-1,260
157320,1-6-3,50.7
157320,2-6-3,549.6
157320,3-6-2,370.9
157320,4-6-2,427.6
157320,5-6-2,330.5
157320,6-5-2,582.4
157320,1-6-4,72.9
157320,2-6-4,744.6
157320,3-6-4,328.5
157320,4-6-3,432.5
157320,5-6-3,267.9
157320,6-5-3,508
157320,1-6-5,45.7
157320,2-6-5,522.1
157320,3-6-5,206.9
157320,4-6-5,172.6
157320,5-6-4,218.6
157320,6-5-4,374.8
157321,1-2-3,4.6
157321,2-1-3,18.8
157321,3-1-2,59.4
157321,4-1-2,264.8
157321,5-1-2,95.3
157321,6-1-2,666.5
157321,1-2-4,17.6
157321,2-1-4,47.7
157321,3-1-4,104.9
157321,4-1-3,330.7
157321,5-1-3,134.5
157321,6-1-3,982
157321,1-2-5,8.5
157321,2-1-5,25.6
157321,3-1-5,64.7
157321,4-1-5,282.5
157321,5-1-4,320.2
157321,6-1-4,1484
157321,1-2-6,17.6
157321,2-1-6,45.9
157321,3-1-6,146.4
157321,4-1-6,448.2
157321,5-1-6,250.4
157321,6-1-5,1118
157321,1-3-2,9.7
157321,2-3-1,58.4
157321,3-2-1,89.3
157321,4-2-1,394.2
157321,5-2-1,145.1
157321,6-2-1,921
157321,1-3-4,26.7
157321,2-3-4,164.1
157321,3-2-4,182.9
157321,4-2-3,425
157321,5-2-3,197.5
157321,6-2-3,1670
157321,1-3-5,17
157321,2-3-5,86.7
157321,3-2-5,106.2
157321,4-2-5,440
157321,5-2-4,493.5
157321,6-2-4,1575
157321,1-3-6,37.3
157321,2-3-6,215.2
157321,3-2-6,264.7
157321,4-2-6,619.4
157321,5-2-6,347.6
157321,6-2-5,1217
157321,1-4-2,44.2
157321,2-4-1,169.1
157321,3-4-1,286
157321,4-3-1,533
157321,5-3-1,254.2
157321,6-3-1,1525
157321,1-4-3,59.1
157321,2-4-3,295.5
157321,3-4-2,305.3
157321,4-3-2,568.3
157321,5-3-2,245
157321,6-3-2,2218
157321,1-4-5,69.8
157321,2-4-5,290.1
157321,3-4-5,322.6
157321,4-3-5,611.6
157321,5-3-4,685.4
157321,6-3-4,2717
157321,1-4-6,92
157321,2-4-6,414.9
157321,3-4-6,553.7
157321,4-3-6,891.3
157321,5-3-6,765.7
157321,6-3-5,1999
157321,1-5-2,20
157321,2-5-1,73.1
157321,3-5-1,145.9
157321,4-5-1,405.8
157321,5-4-1,653
157321,6-4-1,1873
157321,1-5-3,30
157321,2-5-3,122.7
157321,3-5-2,156.9
157321,4-5-2,519.4
157321,5-4-2,789.2
157321,6-4-2,2052
157321,1-5-4,84.1
157321,2-5-4,278.8
157321,3-5-4,303.1
157321,4-5-3,596.4
157321,5-4-3,889.2
157321,6-4-3,2717
157321,1-5-6,64.2
157321,2-5-6,213.6
157321,3-5-6,335.5
157321,4-5-6,651.9
157321,5-4-6,1034
157321,6-4-5,2297
157321,1-6-2,80.1
157321,2-6-1,280.6
157321,3-6-1,548.2
157321,4-6-1,945.9
157321,5-6-1,728.1
157321,6-5-1,1495
157321,1-6-3,129.2
157321,2-6-3,724
157321,3-6-2,677
157321,4-6-2,1007
157321,5-6-2,804
157321,6-5-2,1537
157321,1-6-4,198.7
157321,2-6-4,859.5
157321,3-6-4,1213
157321,4-6-3,1290
157321,5-6-3,1233
157321,6-5-3,2074
157321,1-6-5,150.6
157321,2-6-5,646.4
157321,3-6-5,636.8
157321,4-6-5,1206
157321,5-6-4,1418
157321,6-5-4,2506
157322,1-2-3,25.5
157322,2-1-3,66.9
157322,3-1-2,116.3
157322,4-1-2,87
157322,5-1-2,154.2
157322,6-1-2,216.1
157322,1-2-4,22.6
157322,2-1-4,53.7
157322,3-1-4,69
157322,4-1-3,84
157322,5-1-3,210.3
157322,6-1-3,220.4
157322,1-2-5,46.2
157322,2-1-5,96
157322,3-1-5,96.7
157322,4-1-5,59.7
157322,5-1-4,150.7
157322,6-1-4,137.1
157322,1-2-6,31.1
157322,2-1-6,66.5
157322,3-1-6,91.8
157322,4-1-6,44.5
157322,5-1-6,111.5
157322,6-1-5,228
157322,1-3-2,32.7
157322,2-3-1,151.8
157322,3-2-1,187.7
157322,4-2-1,145.8
157322,5-2-1,258
157322,6-2-1,322
157322,1-3-4,20
157322,2-3-4,119
157322,3-2-4,118.7
157322,4-2-3,170.1
157322,5-2-3,301.9
157322,6-2-3,400.3
157322,1-3-5,38.2
157322,2-3-5,162.6
157322,3-2-5,126.9
157322,4-2-5,115.2
157322,5-2-4,244.3
157322,6-2-4,251.5
157322,1-3-6,28.1
157322,2-3-6,139.8
157322,3-2-6,154.3
157322,4-2-6,79.7
157322,5-2-6,210.5
157322,6-2-5,418.9
157322,1-4-2,25.7
157322,2-4-1,105.5
157322,3-4-1,94.9
157322,4-3-1,130.9
157322,5-3-1,282.3
157322,6-3-1,378.4
157322,1-4-3,24.7
157322,2-4-3,132.5
157322,3-4-2,128.8
157322,4-3-2,192.1
157322,5-3-2,349.7
157322,6-3-2,523.4
157322,1-4-5,33
157322,2-4-5,124.3
157322,3-4-5,86.6
157322,4-3-5,117.5
157322,5-3-4,261.9
157322,6-3-4,199.2
157322,1-4-6,21.1
157322,2-4-6,84.2
157322,3-4-6,63.7
157322,4-3-6,78.1
157322,5-3-6,248.8
157322,6-3-5,437.2
157322,1-5-2,82.4
157322,2-5-1,200.5
157322,3-5-1,179.1
157322,4-5-1,69
157322,5-4-1,153.5
157322,6-4-1,138.3
157322,1-5-3,72
157322,2-5-3,277.5
157322,3-5-2,173
157322,4-5-2,97.3
157322,5-4-2,207.7
157322,6-4-2,198.5
157322,1-5-4,68.5
157322,2-5-4,209.8
157322,3-5-4,139.8
157322,4-5-3,110.9
157322,5-4-3,227.1
157322,6-4-3,156.5
157322,1-5-6,59.1
157322,2-5-6,175.3
157322,3-5-6,135.5
157322,4-5-6,37
157322,5-4-6,80
157322,6-4-5,118
157322,1-6-2,78.4
157322,2-6-1,202.8
157322,3-6-1,186.7
157322,4-6-1,56.8
157322,5-6-1,179
157322,6-5-1,260.2
157322,1-6-3,75.4
157322,2-6-3,275
157322,3-6-2,255.9
157322,4-6-2,79.3
157322,5-6-2,249.8
157322,6-5-2,375.9
157322,1-6-4,47.6
157322,2-6-4,196.1
157322,3-6-4,122.5
157322,4-6-3,75.4
157322,5-6-3,269.1
157322,6-5-3,356.5
157322,1-6-5,80.4
157322,2-6-5,294.4
157322,3-6-5,199
157322,4-6-5,43.6
157322,5-6-4,110.5
157322,6-5-4,130.8
157323,1-2-3,12
157323,2-1-3,40.1
157323,3-1-2,44.6
157323,4-1-2,82.9
157323,5-1-2,96.8
157323,6-1-2,933
157323,1-2-4,10.6
157323,2-1-4,35.8
157323,3-1-4,51.9
157323,4-1-3,98.3
157323,5-1-3,96.8
157323,6-1-3,1362
157323,1-2-5,13.1
157323,2-1-5,47.3
157323,3-1-5,61.2
157323,4-1-5,77.9
157323,5-1-4,111.6
157323,6-1-4,1282
157323,1-2-6,39
157323,2-1-6,111.2
157323,3-1-6,136.3
157323,4-1-6,139.2
157323,5-1-6,163
157323,6-1-5,1497
157323,1-3-2,16.8
157323,2-3-1,101.2
157323,3-2-1,81
157323,4-2-1,128.7
157323,5-2-1,150.8
157323,6-2-1,1470
157323,1-3-4,16.8
157323,2-3-4,108.7
157323,3-2-4,75.4
157323,4-2-3,197.9
157323,5-2-3,301.6
157323,6-2-3,2000
157323,1-3-5,19.7
157323,2-3-5,123.4
157323,3-2-5,72.3
157323,4-2-5,148.8
157323,5-2-4,326
157323,6-2-4,1923
157323,1-3-6,47.8
157323,2-3-6,235.7
157323,3-2-6,205.7
157323,4-2-6,247
157323,5-2-6,496.6
157323,6-2-5,2033
157323,1-4-2,17.7
157323,2-4-1,98.6
157323,3-4-1,97.8
157323,4-3-1,199.5
157323,5-3-1,185.8
157323,6-3-1,2041
157323,1-4-3,24.9
157323,2-4-3,148.8
157323,3-4-2,95.1
157323,4-3-2,236.2
157323,5-3-2,286.2
157323,6-3-2,2222
157323,1-4-5,22.3
157323,2-4-5,128.2
157323,3-4-5,80.2
157323,4-3-5,191.6
157323,5-3-4,323.2
157323,6-3-4,1859
157323,1-4-6,48.5
157323,2-4-6,258.4
157323,3-4-6,170.5
157323,4-3-6,260.6
157323,5-3-6,509.8
157323,6-3-5,2119
157323,1-5-2,26.8
157323,2-5-1,154.5
157323,3-5-1,82.6
157323,4-5-1,123
157323,5-4-1,215.4
157323,6-4-1,1553
157323,1-5-3,32.1
157323,2-5-3,207.7
157323,3-5-2,88.5
157323,4-5-2,175.7
157323,5-4-2,319.7
157323,6-4-2,1761
157323,1-5-4,37.6
157323,2-5-4,235.4
157323,3-5-4,105.5
157323,4-5-3,218.3
157323,5-4-3,354.1
157323,6-4-3,1805
157323,1-5-6,72
157323,2-5-6,372.9
157323,3-5-6,197.5
157323,4-5-6,178.7
157323,5-4-6,358.7
157323,6-4-5,1400
157323,1-6-2,162.6
157323,2-6-1,594.6
157323,3-6-1,505.1
157323,4-6-1,422.4
157323,5-6-1,652.9
157323,6-5-1,1548
157323,1-6-3,192.1
157323,2-6-3,849.1
157323,3-6-2,567.6
157323,4-6-2,459.6
157323,5-6-2,872.8
157323,6-5-2,2315
157323,1-6-4,183.6
157323,2-6-4,726.9
157323,3-6-4,585.6
157323,4-6-3,589
157323,5-6-3,1046
157323,6-5-3,2024
157323,1-6-5,201
157323,2-6-5,945.4
157323,3-6-5,614.4
157323,4-6-5,421.6
157323,5-6-4,682.3
157323,6-5-4,1428
157324,1-2-3,8.7
157324,2-1-3,62.5
157324,3-1-2,61.6
157324,4-1-2,190.3
157324,5-1-2,148.4
157324,6-1-2,468.9
157324,1-2-4,12.4
157324,2-1-4,82.4
157324,3-1-4,61.7
157324,4-1-3,176.8
157324,5-1-3,141.4
157324,6-1-3,686.9
157324,1-2-5,13.2
157324,2-1-5,86.1
157324,3-1-5,54.3
157324,4-1-5,162.7
157324,5-1-4,214.5
157324,6-1-4,766.6
157324,1-2-6,26.6
157324,2-1-6,133.1
157324,3-1-6,95.8
157324,4-1-6,248.7
157324,5-1-6,172.1
157324,6-1-5,560.8
157324,1-3-2,9.6
157324,2-3-1,141.2
157324,3-2-1,118.8
157324,4-2-1,380.6
157324,5-2-1,259.4
157324,6-2-1,725.6
157324,1-3-4,12.1
157324,2-3-4,294
157324,3-2-4,176.9
157324,4-2-3,514.3
157324,5-2-3,374
157324,6-2-3,1322
157324,1-3-5,12.2
157324,2-3-5,284.2
157324,3-2-5,149.4
157324,4-2-5,466.3
157324,5-2-4,570.7
157324,6-2-4,1397
157324,1-3-6,25.9
157324,2-3-6,421
157324,3-2-6,229
157324,4-2-6,482
157324,5-2-6,435.6
157324,6-2-5,1167
157324,1-4-2,21.9
157324,2-4-1,282.2
157324,3-4-1,99.4
157324,4-3-1,205.9
157324,5-3-1,201.9
157324,6-3-1,899.7
157324,1-4-3,24.4
157324,2-4-3,461.6
157324,3-4-2,177.5
157324,4-3-2,363.2
157324,5-3-2,311
157324,6-3-2,1161
157324,1-4-5,30.6
157324,2-4-5,551.6
157324,3-4-5,103.9
157324,4-3-5,187.3
157324,5-3-4,292.8
157324,6-3-4,1050
157324,1-4-6,45.2
157324,2-4-6,620
157324,3-4-6,150.9
157324,4-3-6,243.5
157324,5-3-6,245.4
157324,6-3-5,784.5
157324,1-5-2,24.8
157324,2-5-1,271.7
157324,3-5-1,88.5
157324,4-5-1,265.9
157324,5-4-1,406.7
157324,6-4-1,1116
157324,1-5-3,26.7
157324,2-5-3,404.2
157324,3-5-2,142.3
157324,4-5-2,464.6
157324,5-4-2,695
157324,6-4-2,1484
157324,1-5-4,45.5
157324,2-5-4,630.9
157324,3-5-4,121.7
157324,4-5-3,325.9
157324,5-4-3,472.2
157324,6-4-3,1441
157324,1-5-6,45.9
157324,2-5-6,517.5
157324,3-5-6,124.7
157324,4-5-6,261.2
157324,5-4-6,379.6
157324,6-4-5,1000
157324,1-6-2,76.6
157324,2-6-1,547.6
157324,3-6-1,314.5
157324,4-6-1,564.6
157324,5-6-1,429.6
157324,6-5-1,717.8
157324,1-6-3,80.3
157324,2-6-3,908.7
157324,3-6-2,398.1
157324,4-6-2,740
157324,5-6-2,651.7
157324,6-5-2,982.4
157324,1-6-4,92.2
157324,2-6-4,995
157324,3-6-4,314.9
157324,4-6-3,636.4
157324,5-6-3,554.9
157324,6-5-3,941.9
157324,1-6-5,79.8
157324,2-6-5,820.4
157324,3-6-5,246
157324,4-6-5,410.3
157324,5-6-4,619.2
157324,6-5-4,1009
157325,1-2-3,12.1
157325,2-1-3,82.9
157325,3-1-2,55.9
157325,4-1-2,60
157325,5-1-2,276.7
157325,6-1-2,1078
157325,1-2-4,14.7
157325,2-1-4,71.6
157325,3-1-4,27.8
157325,4-1-3,42.8
157325,5-1-3,227.5
157325,6-1-3,1022
157325,1-2-5,30.6
157325,2-1-5,149.6
157325,3-1-5,57
157325,4-1-5,62.9
157325,5-1-4,251.5
157325,6-1-4,1027
157325,1-2-6,52.1
157325,2-1-6,196.5
157325,3-1-6,84.3
157325,4-1-6,86
157325,5-1-6,385.4
157325,6-1-5,1691
157325,1-3-2,13.3
157325,2-3-1,162.2
157325,3-2-1,101.9
157325,4-2-1,134.2
157325,5-2-1,465.8
157325,6-2-1,1711
157325,1-3-4,8.2
157325,2-3-4,176.3
157325,3-2-4,90.4
157325,4-2-3,201.1
157325,5-2-3,703.3
157325,6-2-3,2324
157325,1-3-5,19.2
157325,2-3-5,360.2
157325,3-2-5,134
157325,4-2-5,252.1
157325,5-2-4,795.5
157325,6-2-4,2035
157325,1-3-6,32.5
157325,2-3-6,515.4
157325,3-2-6,203.8
157325,4-2-6,309.6
157325,5-2-6,832.8
157325,6-2-5,2687
157325,1-4-2,14.3
157325,2-4-1,130.7
157325,3-4-1,37.6
157325,4-3-1,64.1
157325,5-3-1,299.6
157325,6-3-1,1259
157325,1-4-3,11
157325,2-4-3,192.4
157325,3-4-2,63.5
157325,4-3-2,155.7
157325,5-3-2,490.8
157325,6-3-2,2287
157325,1-4-5,24
157325,2-4-5,312.4
157325,3-4-5,55.2
157325,4-3-5,133.8
157325,5-3-4,393.2
157325,6-3-4,1521
157325,1-4-6,30.4
157325,2-4-6,365.9
157325,3-4-6,82.2
157325,4-3-6,163.8
157325,5-3-6,613.4
157325,6-3-5,2573
157325,1-5-2,56.6
157325,2-5-1,371
157325,3-5-1,105.3
157325,4-5-1,128.1
157325,5-4-1,334
157325,6-4-1,1192
157325,1-5-3,47.7
157325,2-5-3,615.3
157325,3-5-2,139.8
157325,4-5-2,260.3
157325,5-4-2,712.6
157325,6-4-2,1950
157325,1-5-4,52.5
157325,2-5-4,562.3
157325,3-5-4,103.8
157325,4-5-3,213.9
157325,5-4-3,455.5
157325,6-4-3,1556
157325,1-5-6,92.4
157325,2-5-6,796.1
157325,3-5-6,189.9
157325,4-5-6,219.6
157325,5-4-6,674.8
157325,6-4-5,1876
157325,1-6-2,153.9
157325,2-6-1,790.7
157325,3-6-1,313.6
157325,4-6-1,281.6
157325,5-6-1,988.3
157325,6-5-1,2043
157325,1-6-3,137.1
157325,2-6-3,1309
157325,3-6-2,579
157325,4-6-2,559.5
157325,5-6-2,1561
157325,6-5-2,2541
157325,1-6-4,125.7
157325,2-6-4,1069
157325,3-6-4,330.1
157325,4-6-3,423.2
157325,5-6-3,1568
157325,6-5-3,2498
157325,1-6-5,187.4
157325,2-6-5,1493
157325,3-6-5,509.5
157325,4-6-5,410.2
157325,5-6-4,1267
157325,6-5-4,1910
157326,1-2-3,7.1
157326,2-1-3,81.5
157326,3-1-2,46.6
157326,4-1-2,280.6
157326,5-1-2,126.5
157326,6-1-2,639.7
157326,1-2-4,15.4
157326,2-1-4,117.1
157326,3-1-4,56
157326,4-1-3,281
157326,5-1-3,94.6
157326,6-1-3,768
157326,1-2-5,12.8
157326,2-1-5,118.9
157326,3-1-5,31.5
157326,4-1-5,234
157326,5-1-4,193.9
157326,6-1-4,1066
157326,1-2-6,31.5
157326,2-1-6,222.9
157326,3-1-6,78.1
157326,4-1-6,358.2
157326,5-1-6,144.2
157326,6-1-5,708.7
157326,1-3-2,7.6
157326,2-3-1,197.5
157326,3-2-1,132.7
157326,4-2-1,550.5
157326,5-2-1,348
157326,6-2-1,1100
157326,1-3-4,12.1
157326,2-3-4,573.5
157326,3-2-4,267.4
157326,4-2-3,952.1
157326,5-2-3,514.5
157326,6-2-3,1941
157326,1-3-5,8.8
157326,2-3-5,475
157326,3-2-5,169.2
157326,4-2-5,935.4
157326,5-2-4,821.2
157326,6-2-4,2310
157326,1-3-6,24.6
157326,2-3-6,903.7
157326,3-2-6,334.4
157326,4-2-6,989.4
157326,5-2-6,601.4
157326,6-2-5,2132
157326,1-4-2,27.1
157326,2-4-1,430.9
157326,3-4-1,148.5
157326,4-3-1,478.1
157326,5-3-1,166.1
157326,6-3-1,1272
157326,1-4-3,27.6
157326,2-4-3,793
157326,3-4-2,269.4
157326,4-3-2,930.3
157326,5-3-2,355.9
157326,6-3-2,2097
157326,1-4-5,33.3
157326,2-4-5,916.2
157326,3-4-5,158.3
157326,4-3-5,515.9
157326,5-3-4,374
157326,6-3-4,2280
157326,1-4-6,50.7
157326,2-4-6,1207
157326,3-4-6,276.5
157326,4-3-6,809.7
157326,5-3-6,333.7
157326,6-3-5,1850
157326,1-5-2,21.7
157326,2-5-1,393.8
157326,3-5-1,80
157326,4-5-1,354
157326,5-4-1,472.1
157326,6-4-1,1841
157326,1-5-3,18.1
157326,2-5-3,691.7
157326,3-5-2,155.4
157326,4-5-2,727.7
157326,5-4-2,839.6
157326,6-4-2,2581
157326,1-5-4,42
157326,2-5-4,1008
157326,3-5-4,144.4
157326,4-5-3,557.4
157326,5-4-3,560.5
157326,6-4-3,2691
157326,1-5-6,39.1
157326,2-5-6,1050
157326,3-5-6,166.4
157326,4-5-6,639.1
157326,5-4-6,655.1
157326,6-4-5,2373
157326,1-6-2,91.2
157326,2-6-1,967.4
157326,3-6-1,375.8
157326,4-6-1,746.1
157326,5-6-1,372.9
157326,6-5-1,958
157326,1-6-3,91.7
157326,2-6-3,1833
157326,3-6-2,614.2
157326,4-6-2,1280
157326,5-6-2,671.9
157326,6-5-2,1674
157326,1-6-4,127.5
157326,2-6-4,1700
157326,3-6-4,601.1
157326,4-6-3,1373
157326,5-6-3,704.7
157326,6-5-3,1678
157326,1-6-5,98.1
157326,2-6-5,1722
157326,3-6-5,393.3
157326,4-6-5,1040
157326,5-6-4,940.4
157326,6-5-4,1848
157350,1-2-3,42.2
157350,2-1-3,407
157350,3-1-2,256.6
157350,4-1-2,258.3
157350,5-1-2,171.7
157350,6-1-2,434.8
157350,1-2-4,62.7
157350,2-1-4,530.1
157350,3-1-4,112.7
157350,4-1-3,151.6
157350,5-1-3,48.9
157350,6-1-3,229.8
157350,1-2-5,57.1
157350,2-1-5,532.5
157350,3-1-5,62.8
157350,4-1-5,73.5
157350,5-1-4,68.5
157350,6-1-4,229.8
157350,1-2-6,79.3
157350,2-1-6,702.8
157350,3-1-6,111.8
157350,4-1-6,89.6
157350,5-1-6,51.1
157350,6-1-5,155.9
157350,1-3-2,36.6
157350,2-3-1,1033
157350,3-2-1,915.7
157350,4-2-1,472.2
157350,5-2-1,629.6
157350,6-2-1,779.9
157350,1-3-4,12.2
157350,2-3-4,1042
157350,3-2-4,1069
157350,4-2-3,795.2
157350,5-2-3,908.9
157350,6-2-3,1109
157350,1-3-5,7.1
157350,2-3-5,1918
157350,3-2-5,1173
157350,4-2-5,679.1
157350,5-2-4,769.9
157350,6-2-4,1259
157350,1-3-6,12.4
157350,2-3-6,2158
157350,3-2-6,1633
157350,4-2-6,882.3
157350,5-2-6,760.2
157350,6-2-5,1233
157350,1-4-2,53.5
157350,2-4-1,719.5
157350,3-4-1,226.3
157350,4-3-1,278.5
157350,5-3-1,127.5
157350,6-3-1,510
157350,1-4-3,18.3
157350,2-4-3,974.8
157350,3-4-2,671.5
157350,4-3-2,811.3
157350,5-3-2,746.2
157350,6-3-2,2048
157350,1-4-5,14.8
157350,2-4-5,990.8
157350,3-4-5,229.3
157350,4-3-5,444.4
157350,5-3-4,281.1
157350,6-3-4,1109
157350,1-4-6,20.9
157350,2-4-6,1007
157350,3-4-6,350.3
157350,4-3-6,523.3
157350,5-3-6,218.9
157350,6-3-5,649.9
157350,1-5-2,41.7
157350,2-5-1,982.8
157350,3-5-1,109.1
157350,4-5-1,102.7
157350,5-4-1,140.4
157350,6-4-1,358.7
157350,1-5-3,8.9
157350,2-5-3,1590
157350,3-5-2,723.8
157350,4-5-2,444.4
157350,5-4-2,598.4
157350,6-4-2,1726
157350,1-5-4,15.2
157350,2-5-4,1439
157350,3-5-4,226.8
157350,4-5-3,316.4
157350,5-4-3,330.2
157350,6-4-3,1328
157350,1-5-6,11.3
157350,2-5-6,1590
157350,3-5-6,188.8
157350,4-5-6,122.1
157350,5-4-6,148.5
157350,6-4-5,441.1
157350,1-6-2,98.5
157350,2-6-1,1611
157350,3-6-1,312.3
157350,4-6-1,158.4
157350,5-6-1,93.9
157350,6-5-1,210.9
157350,1-6-3,31.2
157350,2-6-3,2627
157350,3-6-2,1328
157350,4-6-2,715.2
157350,5-6-2,575.6
157350,6-5-2,882.3
157350,1-6-4,43.1
157350,2-6-4,3099
157350,3-6-4,698.7
157350,4-6-3,583.9
157350,5-6-3,239.8
157350,6-5-3,436.4
157350,1-6-5,28.8
157350,2-6-5,2467
157350,3-6-5,326.7
157350,4-6-5,211.3
157350,5-6-4,194
157350,6-5-4,329.3
157351,1-2-3,10.1
157351,2-1-3,85.6
157351,3-1-2,51.4
157351,4-1-2,520.9
157351,5-1-2,110.3
157351,6-1-2,970.8
157351,1-2-4,38
157351,2-1-4,158.5
157351,3-1-4,40.3
157351,4-1-3,353
157351,5-1-3,42.1
157351,6-1-3,829.4
157351,1-2-5,16.1
157351,2-1-5,125.8
157351,3-1-5,15.7
157351,4-1-5,254.2
157351,5-1-4,142.1
157351,6-1-4,1423
157351,1-2-6,101.4
157351,2-1-6,544.1
157351,3-1-6,56.8
157351,4-1-6,589.1
157351,5-1-6,104.1
157351,6-1-5,711.9
157351,1-3-2,8.2
157351,2-3-1,136.2
157351,3-2-1,143.8
157351,4-2-1,1124
157351,5-2-1,258.1
157351,6-2-1,1898
157351,1-3-4,12.9
157351,2-3-4,237.3
157351,3-2-4,168.5
157351,4-2-3,1256
157351,5-2-3,290.5
157351,6-2-3,2755
157351,1-3-5,5.3
157351,2-3-5,122.2
157351,3-2-5,94.9
157351,4-2-5,1203
157351,5-2-4,605.9
157351,6-2-4,3714
157351,1-3-6,34.9
157351,2-3-6,1186
157351,3-2-6,585.1
157351,4-2-6,1857
157351,5-2-6,623.6
157351,6-2-5,3285
157351,1-4-2,87.8
157351,2-4-1,805.9
157351,3-4-1,144
157351,4-3-1,418.7
157351,5-3-1,67.3
157351,6-3-1,1067
157351,1-4-3,45.5
157351,2-4-3,614.6
157351,3-4-2,345.8
157351,4-3-2,959.9
157351,5-3-2,218.4
157351,6-3-2,3164
157351,1-4-5,50.2
157351,2-4-5,683.4
157351,3-4-5,153.9
157351,4-3-5,408.7
157351,5-3-4,210.4
157351,6-3-4,1941
157351,1-4-6,113.3
157351,2-4-6,1642
157351,3-4-6,329.8
157351,4-3-6,949.2
157351,5-3-6,171.5
157351,6-3-5,1124
157351,1-5-2,24.4
157351,2-5-1,306.2
157351,3-5-1,32.4
157351,4-5-1,362
157351,5-4-1,358.9
157351,6-4-1,2588
157351,1-5-3,11.6
157351,2-5-3,249
157351,3-5-2,117.1
157351,4-5-2,862.9
157351,5-4-2,662.2
157351,6-4-2,3883
157351,1-5-4,37.1
157351,2-5-4,362
157351,3-5-4,97.6
157351,4-5-3,551.1
157351,5-4-3,456.8
157351,6-4-3,2588
157351,1-5-6,47.2
157351,2-5-6,1553
157351,3-5-6,87.9
157351,4-5-6,694.5
157351,5-4-6,683.4
157351,6-4-5,2669
157351,1-6-2,192.4
157351,2-6-1,1743
157351,3-6-1,266.9
157351,4-6-1,1095
157351,5-6-1,229
157351,6-5-1,769.6
157351,1-6-3,124.5
157351,2-6-3,1986
157351,3-6-2,597.4
157351,4-6-2,1941
157351,5-6-2,502.5
157351,6-5-2,2512
157351,1-6-4,255
157351,2-6-4,3285
157351,3-6-4,544.1
157351,4-6-3,1779
157351,5-6-3,317.5
157351,6-5-3,1220
157351,1-6-5,130
157351,2-6-5,2755
157351,3-6-5,266.1
157351,4-6-5,1186
157351,5-6-4,614.6
157351,6-5-4,2135
157352,1-2-3,23.4
157352,2-1-3,88.1
157352,3-1-2,61.6
157352,4-1-2,69.6
157352,5-1-2,703.6
157352,6-1-2,398.5
157352,1-2-4,23
157352,2-1-4,77.5
157352,3-1-4,26.5
157352,4-1-3,41
157352,5-1-3,447.5
157352,6-1-3,312.9
157352,1-2-5,117.9
157352,2-1-5,323.9
157352,3-1-5,98.6
157352,4-1-5,90.4
157352,5-1-4,404.8
157352,6-1-4,256.3
157352,1-2-6,48.3
157352,2-1-6,146.8
157352,3-1-6,51.9
157352,4-1-6,32.2
157352,5-1-6,385
157352,6-1-5,1417
157352,1-3-2,18.5
157352,2-3-1,122.4
157352,3-2-1,120
157352,4-2-1,142.7
157352,5-2-1,1041
157352,6-2-1,596.6
157352,1-3-4,10.6
157352,2-3-4,69.8
157352,3-2-4,58.6
157352,4-2-3,126.1
157352,5-2-3,586.3
157352,6-2-3,557.5
157352,1-3-5,52.5
157352,2-3-5,253.1
157352,3-2-5,214.8
157352,4-2-5,223.7
157352,5-2-4,718.5
157352,6-2-4,551.5
157352,1-3-6,21.6
157352,2-3-6,156.7
157352,3-2-6,141.1
157352,4-2-6,140.3
157352,5-2-6,772.9
157352,6-2-5,1619
157352,1-4-2,18.8
157352,2-4-1,129.6
157352,3-4-1,40.8
157352,4-3-1,52.2
157352,5-3-1,579.7
157352,6-3-1,539.8
157352,1-4-3,11.1
157352,2-4-3,89.4
157352,3-4-2,60.3
157352,4-3-2,83.9
157352,5-3-2,816.2
157352,6-3-2,761.4
157352,1-4-5,40.6
157352,2-4-5,258.9
157352,3-4-5,107.6
157352,4-3-5,128.6
157352,5-3-4,622.1
157352,6-3-4,383.5
157352,1-4-6,10.6
157352,2-4-6,143.1
157352,3-4-6,50.7
157352,4-3-6,55.5
157352,5-3-6,723.6
157352,6-3-5,1729
157352,1-5-2,196.5
157352,2-5-1,641.7
157352,3-5-1,281
157352,4-5-1,134.6
157352,5-4-1,443.6
157352,6-4-1,314.9
157352,1-5-3,127.3
157352,2-5-3,563.7
157352,3-5-2,457.5
157352,4-5-2,179.3
157352,5-4-2,728.8
157352,6-4-2,520.5
157352,1-5-4,121.3
157352,2-5-4,534.2
157352,3-5-4,312
157352,4-5-3,179
157352,5-4-3,603.7
157352,6-4-3,372.3
157352,1-5-6,121.7
157352,2-5-6,911
157352,3-5-6,436
157352,4-5-6,114.1
157352,5-4-6,338.9
157352,6-4-5,1030
157352,1-6-2,84.3
157352,2-6-1,453.4
157352,3-6-1,177.7
157352,4-6-1,52.8
157352,5-6-1,671.2
157352,6-5-1,1729
157352,1-6-3,52.5
157352,2-6-3,468
157352,3-6-2,258.3
157352,4-6-2,98.7
157352,5-6-2,1259
157352,6-5-2,2125
157352,1-6-4,30.3
157352,2-6-4,341.2
157352,3-6-4,138
157352,4-6-3,71.4
157352,5-6-3,902.9
157352,6-5-3,2218
157352,1-6-5,133.5
157352,2-6-5,809.7
157352,3-6-5,406.5
157352,4-6-5,106.3
157352,5-6-4,500.1
157352,6-5-4,1457
157353,1-2-3,33.2
157353,2-1-3,148.6
157353,3-1-2,248.7
157353,4-1-2,35.4
157353,5-1-2,96.3
157353,6-1-2,1074
157353,1-2-4,25.5
157353,2-1-4,80.2
157353,3-1-4,139.1
157353,4-1-3,58.5
157353,5-1-3,127.5
157353,6-1-3,1394
157353,1-2-5,27.1
157353,2-1-5,94.4
157353,3-1-5,154.9
157353,4-1-5,15.6
157353,5-1-4,49.9
157353,6-1-4,835
157353,1-2-6,159.3
157353,2-1-6,352.4
157353,3-1-6,270.3
157353,4-1-6,63
157353,5-1-6,172.5
157353,6-1-5,1473
157353,1-3-2,43.4
157353,2-3-1,276.6
157353,3-2-1,384.4
157353,4-2-1,63
157353,5-2-1,184.1
157353,6-2-1,1380
157353,1-3-4,26.5
157353,2-3-4,182.3
157353,3-2-4,197.1
157353,4-2-3,109.5
157353,5-2-3,235.8
157353,6-2-3,1771
157353,1-3-5,25.2
157353,2-3-5,186.2
157353,3-2-5,267
157353,4-2-5,40.4
157353,5-2-4,117.7
157353,6-2-4,1140
157353,1-3-6,161.6
157353,2-3-6,595.9
157353,3-2-6,682.8
157353,4-2-6,120.7
157353,5-2-6,280.1
157353,6-2-5,1725
157353,1-4-2,22.1
157353,2-4-1,97.4
157353,3-4-1,165.3
157353,4-3-1,127.1
157353,5-3-1,310.6
157353,6-3-1,2222
157353,1-4-3,24.5
157353,2-4-3,133.9
157353,3-4-2,209.1
157353,4-3-2,150.7
157353,5-3-2,346.8
157353,6-3-2,2149
157353,1-4-5,14
157353,2-4-5,66.7
157353,3-4-5,107.6
157353,4-3-5,59.8
157353,5-3-4,219.2
157353,6-3-4,1473
157353,1-4-6,77.5
157353,2-4-6,254.5
157353,3-4-6,319
157353,4-3-6,222.2
157353,5-3-6,546.2
157353,6-3-5,2341
157353,1-5-2,36.9
157353,2-5-1,159.1
157353,3-5-1,218.5
157353,4-5-1,12.9
157353,5-4-1,42.3
157353,6-4-1,835
157353,1-5-3,31.3
157353,2-5-3,198.6
157353,3-5-2,244.1
157353,4-5-2,21
157353,5-4-2,54.7
157353,6-4-2,936.4
157353,1-5-4,25.4
157353,2-5-4,109.3
157353,3-5-4,170.9
157353,4-5-3,34
157353,5-4-3,93.9
157353,6-4-3,1260
157353,1-5-6,105.9
157353,2-5-6,295.9
157353,3-5-6,377.8
157353,4-5-6,19.8
157353,5-4-6,72.7
157353,6-4-5,463.2
157353,1-6-2,293.9
157353,2-6-1,1000
157353,3-6-1,1181
157353,4-6-1,113.9
157353,5-6-1,311.4
157353,6-5-1,1285
157353,1-6-3,380
157353,2-6-3,1225
157353,3-6-2,1285
157353,4-6-2,147.3
157353,5-6-2,396.1
157353,6-5-2,1618
157353,1-6-4,244.1
157353,2-6-4,668.9
157353,3-6-4,845.8
157353,4-6-3,238.8
157353,5-6-3,567.5
157353,6-5-3,1796
157353,1-6-5,276
157353,2-6-5,929.8
157353,3-6-5,1040
157353,4-6-5,76.2
157353,5-6-4,188.3
157353,6-5-4,463.2
157354,1-2-3,33.7
157354,2-1-3,195.5
157354,3-1-2,88
157354,4-1-2,97.7
157354,5-1-2,639.5
157354,6-1-2,189.9
157354,1-2-4,46.7
157354,2-1-4,147
157354,3-1-4,25.9
157354,4-1-3,68.6
157354,5-1-3,459.2
157354,6-1-3,92.9
157354,1-2-5,98.9
157354,2-1-5,400.9
157354,3-1-5,80.1
157354,4-1-5,100.6
157354,5-1-4,290.7
157354,6-1-4,119.7
157354,1-2-6,54.8
157354,2-1-6,159.5
157354,3-1-6,21.3
157354,4-1-6,36.3
157354,5-1-6,244.9
157354,6-1-5,319.7
157354,1-3-2,30.3
157354,2-3-1,247
157354,3-2-1,190
157354,4-2-1,219.8
157354,5-2-1,1445
157354,6-2-1,434
157354,1-3-4,11.2
157354,2-3-4,257.2
157354,3-2-4,151.2
157354,4-2-3,301.9
157354,5-2-3,1387
157354,6-2-3,465.5
157354,1-3-5,38.7
157354,2-3-5,622.1
157354,3-2-5,415.5
157354,4-2-5,403.3
157354,5-2-4,786.5
157354,6-2-4,326.9
157354,1-3-6,10.7
157354,2-3-6,290.3
157354,3-2-6,134.7
157354,4-2-6,123
157354,5-2-6,837.9
157354,6-2-5,977.5
157354,1-4-2,45
157354,2-4-1,272.2
157354,3-4-1,37.3
157354,4-3-1,83
157354,5-3-1,668.7
157354,6-3-1,91.5
157354,1-4-3,18.9
157354,2-4-3,355.7
157354,3-4-2,116.1
157354,4-3-2,205.9
157354,5-3-2,1236
157354,6-3-2,260.8
157354,1-4-5,44.7
157354,2-4-5,522.3
157354,3-4-5,71.6
157354,4-3-5,138.2
157354,5-3-4,454.1
157354,6-3-4,100.6
157354,1-4-6,17
157354,2-4-6,186.8
157354,3-4-6,22.7
157354,4-3-6,48.5
157354,5-3-6,377.3
157354,6-3-5,300.1
157354,1-5-2,162.8
157354,2-5-1,795.7
157354,3-5-1,186.2
157354,4-5-1,142.9
157354,5-4-1,402.5
157354,6-4-1,169.9
157354,1-5-3,104.8
157354,2-5-3,1063
157354,3-5-2,411.4
157354,4-5-2,287.9
157354,5-4-2,735.8
157354,6-4-2,241.8
157354,1-5-4,94.9
157354,2-5-4,633.6
157354,3-5-4,141.1
157354,4-5-3,187.8
157354,5-4-3,544.5
157354,6-4-3,156.2
157354,1-5-6,86.4
157354,2-5-6,688.9
157354,3-5-6,107.2
157354,4-5-6,68.6
157354,5-4-6,192
157354,6-4-5,223.6
157354,1-6-2,86.6
157354,2-6-1,303.2
157354,3-6-1,38.9
157354,4-6-1,59.9
157354,5-6-1,358.2
157354,6-5-1,417.2
157354,1-6-3,27.4
157354,2-6-3,525
157354,3-6-2,133.5
157354,4-6-2,112.4
157354,5-6-2,618.3
157354,6-5-2,637.5
157354,1-6-4,35.7
157354,2-6-4,275.1
157354,3-6-4,33
157354,4-6-3,70.2
157354,5-6-3,445.3
157354,6-5-3,503.1
157354,1-6-5,100.6
157354,2-6-5,738.4
157354,3-6-5,89.8
157354,4-6-5,73.8
157354,5-6-4,225.5
157354,6-5-4,296.6
157355,1-2-3,127.5
157355,2-1-3,201.6
157355,3-1-2,814.7
157355,4-1-2,40.9
157355,5-1-2,175.3
157355,6-1-2,305.1
157355,1-2-4,33.7
157355,2-1-4,46.7
157355,3-1-4,695.2
157355,4-1-3,274.8
157355,5-1-3,695.2
157355,6-1-3,860.2
157355,1-2-5,31.7
157355,2-1-5,51.5
157355,3-1-5,999.7
157355,4-1-5,33.4
157355,5-1-4,166.9
157355,6-1-4,325.6
157355,1-2-6,47
157355,2-1-6,68.5
157355,3-1-6,594.6
157355,4-1-6,41.9
157355,5-1-6,154.6
157355,6-1-5,446.7
157355,1-3-2,301.7
157355,2-3-1,359.8
157355,3-2-1,844.5
157355,4-2-1,44.3
157355,5-2-1,201.2
157355,6-2-1,257.9
157355,1-3-4,338.1
157355,2-3-4,250.9
157355,3-2-4,403.8
157355,4-2-3,163.2
157355,5-2-3,486.7
157355,6-2-3,451
157355,1-3-5,493.1
157355,2-3-5,306.2
157355,3-2-5,840.6
157355,4-2-5,20
157355,5-2-4,99.9
157355,6-2-4,129.2
157355,1-3-6,463.5
157355,2-3-6,284
157355,3-2-6,682.4
157355,4-2-6,21
157355,5-2-6,108.9
157355,6-2-5,216.3
157355,1-4-2,37.7
157355,2-4-1,47.3
157355,3-4-1,773.8
157355,4-3-1,369.1
157355,5-3-1,1094
157355,6-3-1,1433
157355,1-4-3,204.1
157355,2-4-3,155.2
157355,3-4-2,719.6
157355,4-3-2,355.6
157355,5-3-2,840.6
157355,6-3-2,872.3
157355,1-4-5,42.4
157355,2-4-5,27.3
157355,3-4-5,1033
157355,4-3-5,368.4
157355,5-3-4,934
157355,6-3-4,1120
157355,1-4-6,58.5
157355,2-4-6,26.8
157355,3-4-6,953.3
157355,4-3-6,455.5
157355,5-3-6,897.8
157355,6-3-5,1349
157355,1-5-2,51.7
157355,2-5-1,90.5
157355,3-5-1,1069
157355,4-5-1,24.5
157355,5-4-1,79
157355,6-4-1,215.5
157355,1-5-3,352.9
157355,2-5-3,269.9
157355,3-5-2,1311
157355,4-5-2,13
157355,5-4-2,49.7
157355,6-4-2,100.5
157355,1-5-4,75.3
157355,2-5-4,52.8
157355,3-5-4,1208
157355,4-5-3,143
157355,5-4-3,439.3
157355,6-4-3,592.7
157355,1-5-6,65
157355,2-5-6,60.5
157355,3-5-6,1155
157355,4-5-6,9.8
157355,5-4-6,40.5
157355,6-4-5,112.5
157355,1-6-2,115
157355,2-6-1,110.2
157355,3-6-1,1541
157355,4-6-1,37.1
157355,5-6-1,186.8
157355,6-5-1,419.3
157355,1-6-3,338.1
157355,2-6-3,230.6
157355,3-6-2,963.2
157355,4-6-2,20.5
157355,5-6-2,124.6
157355,6-5-2,227.4
157355,1-6-4,135.9
157355,2-6-4,53.8
157355,3-6-4,1390
157355,4-6-3,169
157355,5-6-3,548.8
157355,6-5-3,833.1
157355,1-6-5,108.7
157355,2-6-5,78.1
157355,3-6-5,1380
157355,4-6-5,17.8
157355,5-6-4,92.5
157355,6-5-4,166
157356,1-2-3,17
157356,2-1-3,71.1
157356,3-1-2,51.6
157356,4-1-2,130.3
157356,5-1-2,772.6
157356,6-1-2,116.8
157356,1-2-4,26
157356,2-1-4,94.4
157356,3-1-4,33.8
157356,4-1-3,73.3
157356,5-1-3,659.4
157356,6-1-3,78.3
157356,1-2-5,79.7
157356,2-1-5,244.7
157356,3-1-5,90.6
157356,4-1-5,146.8
157356,5-1-4,709.1
157356,6-1-4,110.1
157356,1-2-6,24.8
157356,2-1-6,102.5
157356,3-1-6,22.8
157356,4-1-6,59.4
157356,5-1-6,470.5
157356,6-1-5,292.4
157356,1-3-2,15.5
157356,2-3-1,140
157356,3-2-1,117.6
157356,4-2-1,248.8
157356,5-2-1,924.3
157356,6-2-1,197.2
157356,1-3-4,12.2
157356,2-3-4,140.6
157356,3-2-4,65.5
157356,4-2-3,174.2
157356,5-2-3,828.2
157356,6-2-3,193.8
157356,1-3-5,50
157356,2-3-5,426
157356,3-2-5,211.7
157356,4-2-5,339.4
157356,5-2-4,848.6
157356,6-2-4,260.1
157356,1-3-6,9.7
157356,2-3-6,138.4
157356,3-2-6,68.2
157356,4-2-6,173.7
157356,5-2-6,718.9
157356,6-2-5,533.6
157356,1-4-2,27.9
157356,2-4-1,217.9
157356,3-4-1,61.1
157356,4-3-1,121.3
157356,5-3-1,802.5
157356,6-3-1,102.4
157356,1-4-3,20.3
157356,2-4-3,170.8
157356,3-4-2,79.5
157356,4-3-2,141.6
157356,5-3-2,1035
157356,6-3-2,184.8
157356,1-4-5,68.1
157356,2-4-5,522.8
157356,3-4-5,119.6
157356,4-3-5,175.1
157356,5-3-4,908.1
157356,6-3-4,120.9
157356,1-4-6,21.3
157356,2-4-6,238
157356,3-4-6,42.6
157356,4-3-6,72.3
157356,5-3-6,699.5
157356,6-3-5,337.2
157356,1-5-2,205.8
157356,2-5-1,815.2
157356,3-5-1,226
157356,4-5-1,168.8
157356,5-4-1,676.6
157356,6-4-1,158.3
157356,1-5-3,171.6
157356,2-5-3,877.3
157356,3-5-2,368.4
157356,4-5-2,268.2
157356,5-4-2,766.9
157356,6-4-2,255
157356,1-5-4,182.9
157356,2-5-4,976.7
157356,3-5-4,284.4
157356,4-5-3,270.3
157356,5-4-3,744.8
157356,6-4-3,159.2
157356,1-5-6,159.2
157356,2-5-6,841.7
157356,3-5-6,208.3
157356,4-5-6,139.5
157356,5-4-6,442.4
157356,6-4-5,332.8
157356,1-6-2,53.5
157356,2-6-1,265.4
157356,3-6-1,46.3
157356,4-6-1,76.2
157356,5-6-1,659.4
157356,6-5-1,581.6
157356,1-6-3,27.3
157356,2-6-3,274.6
157356,3-6-2,90.2
157356,4-6-2,129.9
157356,5-6-2,750.2
157356,6-5-2,848.6
157356,1-6-4,52.1
157356,2-6-4,347.4
157356,3-6-4,54.7
157356,4-6-3,84.4
157356,5-6-3,784.3
157356,6-5-3,659.4
157356,1-6-5,141.6
157356,2-6-5,772.6
157356,3-6-5,146.8
157356,4-6-5,133.2
157356,5-6-4,550.6
157356,6-5-4,536.4
157357,1-2-3,159.6
157357,2-1-3,286.2
157357,3-1-2,665.2
157357,4-1-2,641.4
157357,5-1-2,127
157357,6-1-2,22.8
157357,1-2-4,135.4
157357,2-1-4,157.3
157357,3-1-4,909.4
157357,4-1-3,1004
157357,5-1-3,237.9
157357,6-1-3,44.5
157357,1-2-5,61.5
157357,2-1-5,67.1
157357,3-1-5,331.8
157357,4-1-5,507.7
157357,5-1-4,191.3
157357,6-1-4,52.2
157357,1-2-6,44.7
157357,2-1-6,93
157357,3-1-6,239.8
157357,4-1-6,507.7
157357,5-1-6,64.8
157357,6-1-5,15.7
157357,1-3-2,189.5
157357,2-3-1,542.2
157357,3-2-1,945.3
157357,4-2-1,402.5
157357,5-2-1,142.8
157357,6-2-1,39.1
157357,1-3-4,305.7
157357,2-3-4,472.6
157357,3-2-4,492.1
157357,4-2-3,565.7
157357,5-2-3,270.1
157357,6-2-3,81.8
157357,1-3-5,119.2
157357,2-3-5,309.6
157357,3-2-5,704.3
157357,4-2-5,236.3
157357,5-2-4,121.2
157357,6-2-4,34.1
157357,1-3-6,76
157357,2-3-6,405.9
157357,3-2-6,638.6
157357,4-2-6,234
157357,5-2-6,69.9
157357,6-2-5,15.6
157357,1-4-2,202.1
157357,2-4-1,153
157357,3-4-1,1651
157357,4-3-1,1318
157357,5-3-1,507.7
157357,6-3-1,105
157357,1-4-3,402.5
157357,2-4-3,263.6
157357,3-4-2,1238
157357,4-3-2,1149
157357,5-3-2,516.8
157357,6-3-2,136
157357,1-4-5,193.9
157357,2-4-5,71.9
157357,3-4-5,776.7
157357,4-3-5,1064
157357,5-3-4,574.7
157357,6-3-4,200.9
157357,1-4-6,156.3
157357,2-4-6,113.3
157357,3-4-6,714.9
157357,4-3-6,939.1
157357,5-3-6,286.8
157357,6-3-5,77.5
157357,1-5-2,63.2
157357,2-5-1,85
157357,3-5-1,392.6
157357,4-5-1,469.5
157357,5-4-1,276.8
157357,6-4-1,102.8
157357,1-5-3,102.7
157357,2-5-3,151.2
157357,3-5-2,707.8
157357,4-5-2,317.2
157357,5-4-2,188.8
157357,6-4-2,64.3
157357,1-5-4,117.1
157357,2-5-4,63.4
157357,3-5-4,964.3
157357,4-5-3,764.3
157357,5-4-3,466.5
157357,6-4-3,176
157357,1-5-6,31.7
157357,2-5-6,74.4
157357,3-5-6,340.5
157357,4-5-6,256.1
157357,5-4-6,154.6
157357,6-4-5,52.3
157357,1-6-2,19.8
157357,2-6-1,76.1
157357,3-6-1,266.1
157357,4-6-1,389.4
157357,5-6-1,46.8
157357,6-5-1,16.6
157357,1-6-3,42.6
157357,2-6-3,165.9
157357,3-6-2,427.6
157357,4-6-2,244.7
157357,5-6-2,38.6
157357,6-5-2,12.5
157357,1-6-4,53.8
157357,2-6-4,66.4
157357,3-6-4,608.8
157357,4-6-3,656.1
157357,5-6-3,97.4
157357,6-5-3,38
157357,1-6-5,16.4
157357,2-6-5,34.1
157357,3-6-5,258.9
157357,4-6-5,255.2
157357,5-6-4,66.5
157357,6-5-4,23
157358,1-2-3,25.4
157358,2-1-3,290.6
157358,3-1-2,251.7
157358,4-1-2,105.2
157358,5-1-2,67.8
157358,6-1-2,950.3
157358,1-2-4,12.4
157358,2-1-4,153.9
157358,3-1-4,92
157358,4-1-3,169.6
157358,5-1-3,70.9
157358,6-1-3,950.3
157358,1-2-5,14
157358,2-1-5,162.6
157358,3-1-5,124
157358,4-1-5,41.6
157358,5-1-4,30.8
157358,6-1-4,890.3
157358,1-2-6,92.6
157358,2-1-6,573.4
157358,3-1-6,332.9
157358,4-1-6,122.4
157358,5-1-6,76.5
157358,6-1-5,621.9
157358,1-3-2,29.6
157358,2-3-1,483.3
157358,3-2-1,412.5
157358,4-2-1,255.5
157358,5-2-1,127.9
157358,6-2-1,1944
157358,1-3-4,11
157358,2-3-4,602
157358,3-2-4,252.4
157358,4-2-3,794.1
157358,5-2-3,455.9
157358,6-2-3,1838
157358,1-3-5,15.9
157358,2-3-5,841.6
157358,3-2-5,631.2
157358,4-2-5,293.6
157358,5-2-4,257.8
157358,6-2-4,2141
157358,1-3-6,68.7
157358,2-3-6,1353
157358,3-2-6,1150
157358,4-2-6,635.9
157358,5-2-6,446.3
157358,6-2-5,1990
157358,1-4-2,16.8
157358,2-4-1,280.5
157358,3-4-1,257.8
157358,4-3-1,305.8
157358,5-3-1,205
157358,6-3-1,1708
157358,1-4-3,16.8
157358,2-4-3,1006
157358,3-4-2,786.8
157358,4-3-2,829.2
157358,5-3-2,673.9
157358,6-3-2,2114
157358,1-4-5,8.2
157358,2-4-5,583.3
157358,3-4-5,199
157358,4-3-5,332.9
157358,5-3-4,219.4
157358,6-3-4,1726
157358,1-4-6,47.1
157358,2-4-6,1084
157358,3-4-6,282.8
157358,4-3-6,595.6
157358,5-3-6,821.1
157358,6-3-5,1858
157358,1-5-2,14.2
157358,2-5-1,253.2
157358,3-5-1,216.8
157358,4-5-1,45.8
157358,5-4-1,59.2
157358,6-4-1,1135
157358,1-5-3,17.3
157358,2-5-3,726
157358,3-5-2,500.4
157358,4-5-2,118.2
157358,5-4-2,151.1
157358,6-4-2,1967
157358,1-5-4,9.5
157358,2-5-4,407.6
157358,3-5-4,284.7
157358,4-5-3,194.6
157358,5-4-3,193.5
157358,6-4-3,1445
157358,1-5-6,43.5
157358,2-5-6,1044
157358,3-5-6,676.6
157358,4-5-6,97.1
157358,5-4-6,127
157358,6-4-5,972.1
157358,1-6-2,296.2
157358,2-6-1,1626
157358,3-6-1,950.3
157358,4-6-1,382.7
157358,5-6-1,267.6
157358,6-5-1,751.8
157358,1-6-3,216.3
157358,2-6-3,1780
157358,3-6-2,1726
157358,4-6-2,805.5
157358,5-6-2,511
157358,6-5-2,1799
157358,1-6-4,145.3
157358,2-6-4,854.3
157358,3-6-4,560.1
157358,4-6-3,945
157358,5-6-3,904.6
157358,6-5-3,1642
157358,1-6-5,152.8
157358,2-6-5,1858
157358,3-6-5,726
157358,4-6-5,313.8
157358,5-6-4,281.9
157358,6-5-4,939.7
157359,1-2-3,44.3
157359,2-1-3,109.2
157359,3-1-2,342.3
157359,4-1-2,76.6
157359,5-1-2,49.5
157359,6-1-2,342.3
157359,1-2-4,16.8
157359,2-1-4,39.7
157359,3-1-4,269.8
157359,4-1-3,250.5
157359,5-1-3,167.5
157359,6-1-3,490.6
157359,1-2-5,11.6
157359,2-1-5,27.9
157359,3-1-5,217.7
157359,4-1-5,38.7
157359,5-1-4,33.8
157359,6-1-4,310.8
157359,1-2-6,57.1
157359,2-1-6,108.8
157359,3-1-6,325
157359,4-1-6,80.4
157359,5-1-6,47.8
157359,6-1-5,282.7
157359,1-3-2,69
157359,2-3-1,280.1
157359,3-2-1,508.1
157359,4-2-1,99.7
157359,5-2-1,71.7
157359,6-2-1,515.5
157359,1-3-4,60.7
157359,2-3-4,245.5
157359,3-2-4,305
157359,4-2-3,321.6
157359,5-2-3,285.8
157359,6-2-3,594.7
157359,1-3-5,47
157359,2-3-5,205.9
157359,3-2-5,380.9
157359,4-2-5,58.9
157359,5-2-4,95.5
157359,6-2-4,503.3
157359,1-3-6,100.7
157359,2-3-6,336.9
157359,3-2-6,540.4
157359,4-2-6,119.9
157359,5-2-6,133
157359,6-2-5,521.8
157359,1-4-2,23.1
157359,2-4-1,60.3
157359,3-4-1,429.2
157359,4-3-1,369.6
157359,5-3-1,367.1
157359,6-3-1,719.3
157359,1-4-3,65.3
157359,2-4-3,134.6
157359,3-4-2,525.7
157359,4-3-2,495.1
157359,5-3-2,460.8
157359,6-3-2,785.7
157359,1-4-5,14.7
157359,2-4-5,34.4
157359,3-4-5,347.9
157359,4-3-5,315.9
157359,5-3-4,423.3
157359,6-3-4,712.1
157359,1-4-6,43.3
157359,2-4-6,99.2
157359,3-4-6,511.8
157359,4-3-6,413.4
157359,5-3-6,331.6
157359,6-3-5,528.3
157359,1-5-2,15.8
157359,2-5-1,45.5
157359,3-5-1,303.3
157359,4-5-1,31.7
157359,5-4-1,47.4
157359,6-4-1,456.9
157359,1-5-3,48
157359,2-5-3,163.6
157359,3-5-2,419.1
157359,4-5-2,47
157359,5-4-2,82.8
157359,6-4-2,534.9
157359,1-5-4,16.6
157359,2-5-4,41.4
157359,3-5-4,373.5
157359,4-5-3,200.4
157359,5-4-3,307.7
157359,6-4-3,921.7
157359,1-5-6,35.6
157359,2-5-6,112.8
157359,3-5-6,329.6
157359,4-5-6,43.1
157359,5-4-6,60.7
157359,6-4-5,346.7
157359,1-6-2,151.6
157359,2-6-1,312.2
157359,3-6-1,651.1
157359,4-6-1,118.6
157359,5-6-1,102
157359,6-5-1,375.5
157359,1-6-3,210.8
157359,2-6-3,610.1
157359,3-6-2,925.7
157359,4-6-2,177.4
157359,5-6-2,254
157359,6-5-2,580.1
157359,1-6-4,106.3
157359,2-6-4,302.4
157359,3-6-4,705
157359,4-6-3,414.2
157359,5-6-3,386.4
157359,6-5-3,709.7
157359,1-6-5,94.2
157359,2-6-5,284.2
157359,3-6-5,482.8
157359,4-6-5,98.3
157359,5-6-4,129.2
157359,6-5-4,389.2
157360,1-2-3,8.4
157360,2-1-3,16.6
157360,3-1-2,71.3
157360,4-1-2,80.1
157360,5-1-2,395.4
157360,6-1-2,790.9
157360,1-2-4,7.9
157360,2-1-4,13.1
157360,3-1-4,53
157360,4-1-3,153.9
157360,5-1-3,318.6
157360,6-1-3,1183
157360,1-2-5,24.9
157360,2-1-5,39.1
157360,3-1-5,100.5
157360,4-1-5,124.8
157360,5-1-4,363.3
157360,6-1-4,1021
157360,1-2-6,42
157360,2-1-6,83.1
157360,3-1-6,134.9
157360,4-1-6,179.8
157360,5-1-6,569.2
157360,6-1-5,1554
157360,1-3-2,14.2
157360,2-3-1,37.5
157360,3-2-1,86.3
157360,4-2-1,91.3
157360,5-2-1,284.1
157360,6-2-1,1168
157360,1-3-4,18.7
157360,2-3-4,31.3
157360,3-2-4,55.1
157360,4-2-3,135.1
157360,5-2-3,474.1
157360,6-2-3,1083
157360,1-3-5,36.6
157360,2-3-5,67.1
157360,3-2-5,100.3
157360,4-2-5,118.8
157360,5-2-4,349.8
157360,6-2-4,961
157360,1-3-6,57.5
157360,2-3-6,103.1
157360,3-2-6,160.8
157360,4-2-6,189.5
157360,5-2-6,327.9
157360,6-2-5,1241
157360,1-4-2,17
157360,2-4-1,39.4
157360,3-4-1,122.5
157360,4-3-1,208.8
157360,5-3-1,674.5
157360,6-3-1,1596
157360,1-4-3,29.2
157360,2-4-3,44.9
157360,3-4-2,88.9
157360,4-3-2,179.1
157360,5-3-2,551.7
157360,6-3-2,1267
157360,1-4-5,41.8
157360,2-4-5,71.4
157360,3-4-5,140.2
157360,4-3-5,295.4
157360,5-3-4,720.8
157360,6-3-4,1418
157360,1-4-6,68.1
157360,2-4-6,123.3
157360,3-4-6,218.5
157360,4-3-6,373.1
157360,5-3-6,835.3
157360,6-3-5,1769
157360,1-5-2,69.8
157360,2-5-1,174.7
157360,3-5-1,309.2
157360,4-5-1,201
157360,5-4-1,535.2
157360,6-4-1,1407
157360,1-5-3,120.7
157360,2-5-3,211
157360,3-5-2,245.2
157360,4-5-2,169.6
157360,5-4-2,397.2
157360,6-4-2,1117
157360,1-5-4,78.9
157360,2-5-4,164.6
157360,3-5-4,252.8
157360,4-5-3,378.7
157360,5-4-3,912
157360,6-4-3,1568
157360,1-5-6,168.1
157360,2-5-6,306.6
157360,3-5-6,416.6
157360,4-5-6,247.5
157360,5-4-6,588
157360,6-4-5,1160
157360,1-6-2,181.4
157360,2-6-1,344.4
157360,3-6-1,601.8
157360,4-6-1,413.7
157360,5-6-1,982.1
157360,6-5-1,1581
157360,1-6-3,260.5
157360,2-6-3,405.3
157360,3-6-2,476.6
157360,4-6-2,417.6
157360,5-6-2,1110
157360,6-5-2,1639
157360,1-6-4,216.1
157360,2-6-4,356
157360,3-6-4,512.2
157360,4-6-3,595.8
157360,5-6-3,1453
157360,6-5-3,1986
157360,1-6-5,263.6
157360,2-6-5,512.2
157360,3-6-5,597.8
157360,4-6-5,429.7
157360,5-6-4,819.9
157360,6-5-4,1083
157361,1-2-3,14.9
157361,2-1-3,210
157361,3-1-2,122.7
157361,4-1-2,67.7
157361,5-1-2,260
157361,6-1-2,592.4
157361,1-2-4,11.2
157361,2-1-4,174.1
157361,3-1-4,49
157361,4-1-3,67.5
157361,5-1-3,271.1
157361,6-1-3,633.7
157361,1-2-5,40
157361,2-1-5,326
157361,3-1-5,100.3
157361,4-1-5,39.6
157361,5-1-4,134.8
157361,6-1-4,358.3
157361,1-2-6,24.2
157361,2-1-6,306.1
157361,3-1-6,84.4
157361,4-1-6,41.1
157361,5-1-6,201.6
157361,6-1-5,801.8
157361,1-3-2,16
157361,2-3-1,422.2
157361,3-2-1,388.1
157361,4-2-1,177.5
157361,5-2-1,566
157361,6-2-1,1189
157361,1-3-4,8.6
157361,2-3-4,622.6
157361,3-2-4,416.1
157361,4-2-3,462.1
157361,5-2-3,974
157361,6-2-3,2048
157361,1-3-5,30.3
157361,2-3-5,977
157361,3-2-5,631.2
157361,4-2-5,269.7
157361,5-2-4,682.8
157361,6-2-4,1564
157361,1-3-6,19.3
157361,2-3-6,945
157361,3-2-6,654.6
157361,4-2-6,208.6
157361,5-2-6,761.4
157361,6-2-5,1972
157361,1-4-2,11.9
157361,2-4-1,359.1
157361,3-4-1,82.7
157361,4-3-1,126.8
157361,5-3-1,524.8
157361,6-3-1,1122
157361,1-4-3,11.2
157361,2-4-3,748.8
157361,3-4-2,297.3
157361,4-3-2,345.1
157361,5-3-2,1076
157361,6-3-2,1773
157361,1-4-5,19.1
157361,2-4-5,736.7
157361,3-4-5,144.2
157361,4-3-5,196.7
157361,5-3-4,588
157361,6-3-4,1047
157361,1-4-6,14
157361,2-4-6,782
157361,3-4-6,146.5
157361,4-3-6,167.2
157361,5-3-6,715.1
157361,6-3-5,1764
157361,1-5-2,58.3
157361,2-5-1,793.8
157361,3-5-1,238
157361,4-5-1,54
157361,5-4-1,136.9
157361,6-4-1,408.1
157361,1-5-3,57.7
157361,2-5-3,1463
157361,3-5-2,605.9
157361,4-5-2,135.9
157361,5-4-2,313.7
157361,6-4-2,837.8
157361,1-5-4,41.9
157361,2-5-4,1114
157361,3-5-4,255.8
157361,4-5-3,158.1
157361,5-4-3,410.2
157361,6-4-3,1054
157361,1-5-6,66.3
157361,2-5-6,1483
157361,3-5-6,390
157361,4-5-6,66.7
157361,5-4-6,178.2
157361,6-4-5,569
157361,1-6-2,60.7
157361,2-6-1,896.9
157361,3-6-1,413.9
157361,4-6-1,83.5
157361,5-6-1,423.9
157361,6-5-1,956.4
157361,1-6-3,61.4
157361,2-6-3,1804
157361,3-6-2,986.1
157361,4-6-2,184.1
157361,5-6-2,886.9
157361,6-5-2,1519
157361,1-6-4,49.2
157361,2-6-4,1374
157361,3-6-4,415
157361,4-6-3,219.2
157361,5-6-3,872.3
157361,6-5-3,1824
157361,1-6-5,125.2
157361,2-6-5,1548
157361,3-6-5,632.5
157361,4-6-5,115.6
157361,5-6-4,372.2
157361,6-5-4,736.7
157374,1-2-3,30.1
157374,2-1-3,165.6
157374,3-1-2,637.1
157374,4-1-2,48.6
157374,5-1-2,1812
157374,6-1-2,24.7
157374,1-2-4,5.7
157374,2-1-4,37.4
157374,3-1-4,849.5
157374,4-1-3,341.2
157374,5-1-3,2398
157374,6-1-3,163.8
157374,1-2-5,116.6
157374,2-1-5,389.5
157374,3-1-5,1287
157374,4-1-5,554.7
157374,5-1-4,2330
157374,6-1-4,22.3
157374,1-2-6,5
157374,2-1-6,31.7
157374,3-1-6,840.7
157374,4-1-6,46
157374,5-1-6,2038
157374,6-1-5,255.9
157374,1-3-2,98.1
157374,2-3-1,575.6
157374,3-2-1,948.3
157374,4-2-1,117.6
157374,5-2-1,2749
157374,6-2-1,47.9
157374,1-3-4,115
157374,2-3-4,902.8
157374,3-2-4,1322
157374,4-2-3,648.9
157374,5-2-3,2496
157374,6-2-3,331
157374,1-3-5,340.2
157374,2-3-5,1973
157374,3-2-5,2375
157374,4-2-5,1261
157374,5-2-4,3136
157374,6-2-4,77.1
157374,1-3-6,114.2
157374,2-3-6,1132
157374,3-2-6,1882
157374,4-2-6,145.9
157374,5-2-6,4292
157374,6-2-5,525
157374,1-4-2,8.7
157374,2-4-1,89.8
157374,3-4-1,1747
157374,4-3-1,986.5
157374,5-3-1,2749
157374,6-3-1,620.9
157374,1-4-3,65.2
157374,2-4-3,592.4
157374,3-4-2,2165
157374,4-3-2,1308
157374,5-3-2,3707
157374,6-3-2,1063
157374,1-4-5,218.8
157374,2-4-5,1205
157374,3-4-5,4448
157374,4-3-5,2602
157374,5-3-4,5560
157374,6-3-4,1023
157374,1-4-6,10.8
157374,2-4-6,113.4
157374,3-4-6,1911
157374,4-3-6,1447
157374,5-3-6,6273
157374,6-3-5,1798
157374,1-5-2,529.5
157374,2-5-1,1699
157374,3-5-1,2522
157374,4-5-1,1687
157374,5-4-1,4292
157374,6-4-1,47
157374,1-5-3,622.5
157374,2-5-3,2718
157374,3-5-2,3351
157374,4-5-2,2204
157374,5-4-2,4705
157374,6-4-2,85.8
157374,1-5-4,723.8
157374,2-5-4,2878
157374,3-5-4,5825
157374,4-5-3,3398
157374,5-4-3,4893
157374,6-4-3,520.5
157374,1-5-6,413.2
157374,2-5-6,2659
157374,3-5-6,5318
157374,4-5-6,2038
157374,5-4-6,5560
157374,6-4-5,614.7
157374,1-6-2,7.7
157374,2-6-1,65.1
157374,3-6-1,1193
157374,4-6-1,62.6
157374,5-6-1,2308
157374,6-5-1,685.3
157374,1-6-3,72.3
157374,2-6-3,531.8
157374,3-6-2,2055
157374,4-6-2,98.6
157374,5-6-2,4368
157374,6-5-2,1045
157374,1-6-4,11.1
157374,2-6-4,109.5
157374,3-6-4,2375
157374,4-6-3,562.4
157374,5-6-3,5318
157374,6-5-3,1896
157374,1-6-5,145.1
157374,2-6-5,970.8
157374,3-6-5,4218
157374,4-6-5,605.6
157374,5-6-4,3306
157374,6-5-4,1329
157375,1-2-3,5.4
157375,2-1-3,64.1
157375,3-1-2,115.4
157375,4-1-2,141
157375,5-1-2,225.7
157375,6-1-2,684.1
157375,1-2-4,8.9
157375,2-1-4,70.1
157375,3-1-4,105.3
157375,4-1-3,135.5
157375,5-1-3,228.5
157375,6-1-3,647.2
157375,1-2-5,15.6
157375,2-1-5,128.8
157375,3-1-5,139.2
157375,4-1-5,92.8
157375,5-1-4,248.5
157375,6-1-4,752
157375,1-2-6,23.6
157375,2-1-6,161.1
157375,3-1-6,171.1
157375,4-1-6,107.9
157375,5-1-6,335.8
157375,6-1-5,960.3
157375,1-3-2,7.4
157375,2-3-1,190.2
157375,3-2-1,279.8
157375,4-2-1,272
157375,5-2-1,786.7
157375,6-2-1,1182
157375,1-3-4,8.7
157375,2-3-4,355.1
157375,3-2-4,527.1
157375,4-2-3,741.1
157375,5-2-3,1123
157375,6-2-3,1561
157375,1-3-5,12.7
157375,2-3-5,566.6
157375,3-2-5,735.7
157375,4-2-5,686.3
157375,5-2-4,1345
157375,6-2-4,1763
157375,1-3-6,18.3
157375,2-3-6,735.7
157375,3-2-6,921.3
157375,4-2-6,617.9
157375,5-2-6,1461
157375,6-2-5,2556
157375,1-4-2,18.4
157375,2-4-1,214.1
157375,3-4-1,310.8
157375,4-3-1,418.2
157375,5-3-1,889.3
157375,6-3-1,1105
157375,1-4-3,20.5
157375,2-4-3,427
157375,3-4-2,707.7
157375,4-3-2,913.1
157375,5-3-2,1893
157375,6-3-2,1929
157375,1-4-5,31.3
157375,2-4-5,722.7
157375,3-4-5,792.8
157375,4-3-5,997.7
157375,5-3-4,2025
157375,6-3-4,1911
157375,1-4-6,34.2
157375,2-4-6,733.1
157375,3-4-6,746.5
157375,4-3-6,978.6
157375,5-3-6,1911
157375,6-3-5,2153
157375,1-5-2,35.2
157375,2-5-1,599.8
157375,3-5-1,483.5
157375,4-5-1,190.6
157375,5-4-1,502.5
157375,6-4-1,1076
157375,1-5-3,31.8
157375,2-5-3,1076
157375,3-5-2,925.5
157375,4-5-2,438
157375,5-4-2,917.2
157375,6-4-2,1842
157375,1-5-4,48.2
157375,2-5-4,1278
157375,3-5-4,1002
157375,4-5-3,594.6
157375,5-4-3,1278
157375,6-4-3,1690
157375,1-5-6,54.2
157375,2-5-6,1382
157375,3-5-6,1033
157375,4-5-6,295.5
157375,5-4-6,679.5
157375,6-4-5,1482
157375,1-6-2,87.5
157375,2-6-1,749.2
157375,3-6-1,610.5
157375,4-6-1,274.1
157375,5-6-1,821.4
157375,6-5-1,1372
157375,1-6-3,79.1
157375,2-6-3,1430
157375,3-6-2,1203
157375,4-6-2,686.3
157375,5-6-2,1704
157375,6-5-2,2435
157375,1-6-4,98.4
157375,2-6-4,1526
157375,3-6-4,1270
157375,4-6-3,824.7
157375,5-6-3,1911
157375,6-5-3,2223
157375,1-6-5,103.4
157375,2-6-5,1763
157375,3-6-5,1450
157375,4-6-5,432.4
157375,5-6-4,1182
157375,6-5-4,1733
157376,1-2-3,24.9
157376,2-1-3,340
157376,3-1-2,665.5
157376,4-1-2,425.9
157376,5-1-2,102.5
157376,6-1-2,15.3
157376,1-2-4,54.7
157376,2-1-4,367.2
157376,3-1-4,810.6
157376,4-1-3,447.1
157376,5-1-3,119.4
157376,6-1-3,22.2
157376,1-2-5,12.4
157376,2-1-5,218.9
157376,3-1-5,324
157376,4-1-5,173.6
157376,5-1-4,160.9
157376,6-1-4,32.4
157376,1-2-6,24.2
157376,2-1-6,214.3
157376,3-1-6,452.2
157376,4-1-6,204
157376,5-1-6,59.7
157376,6-1-5,13.1
157376,1-3-2,33.6
157376,2-3-1,597.6
157376,3-2-1,988.5
157376,4-2-1,867.7
157376,5-2-1,256.8
157376,6-2-1,37.6
157376,1-3-4,58.1
157376,2-3-4,1346
157376,3-2-4,1287
157376,4-2-3,2019
157376,5-2-3,593.1
157376,6-2-3,89.6
157376,1-3-5,22.4
157376,2-3-5,1287
157376,3-2-5,1226
157376,4-2-5,1316
157376,5-2-4,816.3
157376,6-2-4,114.3
157376,1-3-6,39
157376,2-3-6,1501
157376,3-2-6,1593
157376,4-2-6,1370
157376,5-2-6,393
157376,6-2-5,64.7
157376,1-4-2,81.6
157376,2-4-1,658.1
157376,3-4-1,1649
157376,4-3-1,1402
157376,5-3-1,321.3
157376,6-3-1,65.3
157376,1-4-3,86.7
157376,2-4-3,1788
157376,3-4-2,2091
157376,4-3-2,2252
157376,5-3-2,816.3
157376,6-3-2,127.6
157376,1-4-5,51.2
157376,2-4-5,1615
157376,3-4-5,2055
157376,4-3-5,1685
157376,5-3-4,1069
157376,6-3-4,186.3
157376,1-4-6,63.9
157376,2-4-6,1294
157376,3-4-6,2519
157376,4-3-6,2390
157376,5-3-6,501.6
157376,6-3-5,125.8
157376,1-5-2,14.5
157376,2-5-1,340.5
157376,3-5-1,521.7
157376,4-5-1,266.2
157376,5-4-1,313.2
157376,6-4-1,76.7
157376,1-5-3,22.1
157376,2-5-3,1154
157376,3-5-2,1246
157376,4-5-2,1110
157376,5-4-2,996.9
157376,6-4-2,166.1
157376,1-5-4,35.4
157376,2-5-4,1511
157376,3-5-4,1952
157376,4-5-3,1482
157376,5-4-3,1074
157376,6-4-3,245.5
157376,1-5-6,14.7
157376,2-5-6,675.1
157376,3-5-6,952.3
157376,4-5-6,450.5
157376,5-4-6,444.5
157376,6-4-5,142.5
157376,1-6-2,23.6
157376,2-6-1,264.7
157376,3-6-1,602.2
157376,4-6-1,247.9
157376,5-6-1,76.3
157376,6-5-1,25.6
157376,1-6-3,28.9
157376,2-6-3,1165
157376,3-6-2,1362
157376,4-6-2,770.6
157376,5-6-2,229.2
157376,6-5-2,66.2
157376,1-6-4,47
157376,2-6-4,984.3
157376,3-6-4,1761
157376,4-6-3,1099
157376,5-6-3,252.4
157376,6-5-3,75.3
157376,1-6-5,16.3
157376,2-6-5,602.2
157376,3-6-5,908
157376,4-6-5,401.1
157376,5-6-4,301.1
157376,6-5-4,88
157377,1-2-3,7.8
157377,2-1-3,13
157377,3-1-2,55.4
157377,4-1-2,278.5
157377,5-1-2,61.5
157377,6-1-2,2663
157377,1-2-4,21.4
157377,2-1-4,29.6
157377,3-1-4,125.4
157377,4-1-3,440.6
157377,5-1-3,81.5
157377,6-1-3,4390
157377,1-2-5,9.7
157377,2-1-5,12.5
157377,3-1-5,53.7
157377,4-1-5,320.3
157377,5-1-4,207.2
157377,6-1-4,6407
157377,1-2-6,330.2
157377,2-1-6,389.3
157377,3-1-6,901.4
157377,4-1-6,2155
157377,5-1-6,757.4
157377,6-1-5,5154
157377,1-3-2,13.3
157377,2-3-1,24.5
157377,3-2-1,61.6
157377,4-2-1,319
157377,5-2-1,76.7
157377,6-2-1,3079
157377,1-3-4,37.4
157377,2-3-4,39.5
157377,3-2-4,80.5
157377,4-2-3,285.6
157377,5-2-3,59
157377,6-2-3,3886
157377,1-3-5,18.9
157377,2-3-5,17
157377,3-2-5,36.3
157377,4-2-5,271.2
157377,5-2-4,170.6
157377,6-2-4,5782
157377,1-3-6,424.8
157377,2-3-6,494.9
157377,3-2-6,658.5
157377,4-2-6,2522
157377,5-2-6,817.5
157377,6-2-5,3951
157377,1-4-2,56.6
157377,2-4-1,105.2
157377,3-4-1,279.9
157377,4-3-1,622.2
157377,5-3-1,126.1
157377,6-3-1,6407
157377,1-4-3,78.7
157377,2-4-3,95.2
157377,3-4-2,168.5
157377,4-3-2,337.2
157377,5-3-2,82.9
157377,6-3-2,5513
157377,1-4-5,83.2
157377,2-4-5,94.2
157377,3-4-5,182.7
157377,4-3-5,464.8
157377,5-3-4,254.3
157377,6-3-4,7184
157377,1-4-6,991.9
157377,2-4-6,1049
157377,3-4-6,2135
157377,4-3-6,4087
157377,5-3-6,1203
157377,6-3-5,5782
157377,1-5-2,22
157377,2-5-1,28
157377,3-5-1,74.8
157377,4-5-1,350.7
157377,5-4-1,452.4
157377,6-4-1,9483
157377,1-5-3,29.2
157377,2-5-3,23.4
157377,3-5-2,53.6
157377,4-5-2,274.7
157377,5-4-2,343.6
157377,6-4-2,9999
157377,1-5-4,81.3
157377,2-5-4,66.2
157377,3-5-4,134.7
157377,4-5-3,397.1
157377,5-4-3,425.6
157377,6-4-3,9999
157377,1-5-6,454.1
157377,2-5-6,405.2
157377,3-5-6,828.9
157377,4-5-6,1623
157377,5-4-6,1837
157377,6-4-5,9999
157377,1-6-2,1058
157377,2-6-1,1881
157377,3-6-1,3161
157377,4-6-1,3886
157377,5-6-1,2116
157377,6-5-1,4648
157377,1-6-3,1463
157377,2-6-3,2236
157377,3-6-2,2856
157377,4-6-2,3486
157377,5-6-2,2495
157377,6-5-2,5268
157377,1-6-4,2175
157377,2-6-4,2522
157377,3-6-4,3292
157377,4-6-3,5044
157377,5-6-3,2257
157377,6-5-3,5388
157377,1-6-5,1529
157377,2-6-5,2324
157377,3-6-5,2694
157377,4-6-5,5927
157377,5-6-4,3486
157377,6-5-4,6773
157378,1-2-3,5.7
157378,2-1-3,26.9
157378,3-1-2,13.7
157378,4-1-2,575.1
157378,5-1-2,131.2
157378,6-1-2,1023
157378,1-2-4,19.8
157378,2-1-4,114.3
157378,3-1-4,30.1
157378,4-1-3,496.1
157378,5-1-3,93.4
157378,6-1-3,1328
157378,1-2-5,15.7
157378,2-1-5,64.6
157378,3-1-5,14.9
157378,4-1-5,530.3
157378,5-1-4,307.4
157378,6-1-4,1959
157378,1-2-6,62.4
157378,2-1-6,238.3
157378,3-1-6,194.3
157378,4-1-6,797.3
157378,5-1-6,315
157378,6-1-5,2101
157378,1-3-2,5.7
157378,2-3-1,52
157378,3-2-1,30.7
157378,4-2-1,932.3
157378,5-2-1,266.3
157378,6-2-1,1313
157378,1-3-4,12.6
157378,2-3-4,255.7
157378,3-2-4,144.8
157378,4-2-3,1032
157378,5-2-3,341
157378,6-2-3,2064
157378,1-3-5,8.8
157378,2-3-5,183.5
157378,3-2-5,90.9
157378,4-2-5,1191
157378,5-2-4,781.1
157378,6-2-4,2028
157378,1-3-6,46.3
157378,2-3-6,621.5
157378,3-2-6,572.3
157378,4-2-6,1895
157378,5-2-6,837.7
157378,6-2-5,2627
157378,1-4-2,54.4
157378,2-4-1,408.5
157378,3-4-1,95.7
157378,4-3-1,475.7
157378,5-3-1,190.1
157378,6-3-1,1993
157378,1-4-3,55.4
157378,2-4-3,387.9
157378,3-4-2,281.9
157378,4-3-2,1041
157378,5-3-2,321.1
157378,6-3-2,2266
157378,1-4-5,81.7
157378,2-4-5,555.8
157378,3-4-5,185.2
157378,4-3-5,917.5
157378,5-3-4,580.9
157378,6-3-4,2459
157378,1-4-6,147.6
157378,2-4-6,910.3
157378,3-4-6,709.2
157378,4-3-6,2028
157378,5-3-6,750.7
157378,6-3-5,2964
157378,1-5-2,28.7
157378,2-5-1,207.5
157378,3-5-1,70.4
157378,4-5-1,688.1
157378,5-4-1,605.2
157378,6-4-1,2819
157378,1-5-3,24.6
157378,2-5-3,276.5
157378,3-5-2,190.4
157378,4-5-2,1243
157378,5-4-2,1427
157378,6-4-2,3303
157378,1-5-4,79.2
157378,2-5-4,688.1
157378,3-5-4,232.1
157378,4-5-3,1392
157378,5-4-3,1090
157378,6-4-3,4281
157378,1-5-6,128.1
157378,2-5-6,932.3
157378,3-5-6,696.4
157378,4-5-6,1778
157378,5-4-6,1895
157378,6-4-5,5254
157378,1-6-2,240.8
157378,2-6-1,1256
157378,3-6-1,850
157378,4-6-1,1628
157378,5-6-1,696.4
157378,6-5-1,2688
157378,1-6-3,228.9
157378,2-6-3,1270
157378,3-6-2,1360
157378,4-6-2,1725
157378,5-6-2,1284
157378,6-5-2,2964
157378,1-6-4,359
157378,2-6-4,2459
157378,3-6-4,1835
157378,4-6-3,2312
157378,5-6-3,1191
157378,6-5-3,2819
157378,1-6-5,309.1
157378,2-6-5,1806
157378,3-6-5,1409
157378,4-6-5,3400
157378,5-6-4,2266
157378,6-5-4,4128
157379,1-2-3,5.9
157379,2-1-3,11.6
157379,3-1-2,14.9
157379,4-1-2,207.4
157379,5-1-2,288.7
157379,6-1-2,2236
157379,1-2-4,21.1
157379,2-1-4,33.3
157379,3-1-4,26.3
157379,4-1-3,197.1
157379,5-1-3,254.1
157379,6-1-3,2674
157379,1-2-5,38
157379,2-1-5,55.3
157379,3-1-5,40.5
157379,4-1-5,252.6
157379,5-1-4,512.5
157379,6-1-4,4242
157379,1-2-6,430.1
157379,2-1-6,854.2
157379,3-1-6,363.9
157379,4-1-6,1171
157379,5-1-6,1322
157379,6-1-5,5125
157379,1-3-2,5.8
157379,2-3-1,15.5
157379,3-2-1,20.3
157379,4-2-1,173.2
157379,5-2-1,368.3
157379,6-2-1,4920
157379,1-3-4,13.9
157379,2-3-4,24.6
157379,3-2-4,24.5
157379,4-2-3,95.6
157379,5-2-3,240.7
157379,6-2-3,2674
157379,1-3-5,22.7
157379,2-3-5,57.8
157379,3-2-5,57.5
157379,4-2-5,322.8
157379,5-2-4,561.7
157379,6-2-4,4920
157379,1-3-6,328.9
157379,2-3-6,654.3
157379,3-2-6,634.1
157379,4-2-6,1430
157379,5-2-6,1952
157379,6-2-5,5125
157379,1-4-2,53.2
157379,2-4-1,102.1
157379,3-4-1,67
157379,4-3-1,211
157379,5-3-1,338.8
157379,6-3-1,4393
157379,1-4-3,50.2
157379,2-4-3,55.6
157379,3-4-2,63.2
157379,4-3-2,107.1
157379,5-3-2,258.4
157379,6-3-2,4242
157379,1-4-5,116.4
157379,2-4-5,249
157379,3-4-5,111
157379,4-3-5,328
157379,5-3-4,572.1
157379,6-3-4,3727
157379,1-4-6,600
157379,2-4-6,1366
157379,3-4-6,809.3
157379,4-3-6,1685
157379,5-3-6,1984
157379,6-3-5,5125
157379,1-5-2,105.3
157379,2-5-1,168.5
157379,3-5-1,112
157379,4-5-1,308.3
157379,5-4-1,627.6
157379,6-4-1,6834
157379,1-5-3,89.6
157379,2-5-3,152
157379,3-5-2,124.8
157379,4-5-2,305.2
157379,5-4-2,654.3
157379,6-4-2,6150
157379,1-5-4,156.9
157379,2-5-4,320.3
157379,3-5-4,160.5
157379,4-5-3,403.3
157379,5-4-3,640.7
157379,6-4-3,6834
157379,1-5-6,741
157379,2-5-6,2321
157379,3-5-6,1060
157379,4-5-6,1128
157379,5-4-6,2158
157379,6-4-5,6150
157379,1-6-2,1218
157379,2-6-1,3514
157379,3-6-1,2050
157379,4-6-1,2321
157379,5-6-1,3968
157379,6-5-1,5348
157379,1-6-3,1577
157379,2-6-3,3075
157379,3-6-2,2236
157379,4-6-2,3154
157379,5-6-2,4242
157379,6-5-2,6150
157379,1-6-4,1809
157379,2-6-4,3727
157379,3-6-4,2795
157379,4-6-3,4393
157379,5-6-3,4100
157379,6-5-3,5858
157379,1-6-5,2460
157379,2-6-5,3514
157379,3-6-5,2795
157379,4-6-5,3324
157379,5-6-4,3324
157379,6-5-4,6474
157380,1-2-3,8.8
157380,2-1-3,15.6
157380,3-1-2,15.3
157380,4-1-2,256.8
157380,5-1-2,144.2
157380,6-1-2,675.3
157380,1-2-4,60.7
157380,2-1-4,83.9
157380,3-1-4,64.6
157380,4-1-3,300.3
157380,5-1-3,152.4
157380,6-1-3,845.2
157380,1-2-5,29.8
157380,2-1-5,38.5
157380,3-1-5,21.9
157380,4-1-5,402.6
157380,5-1-4,492.8
157380,6-1-4,1467
157380,1-2-6,68.9
157380,2-1-6,71.6
157380,3-1-6,49.2
157380,4-1-6,454.2
157380,5-1-6,251.2
157380,6-1-5,1263
157380,1-3-2,9.1
157380,2-3-1,19.1
157380,3-2-1,18
157380,4-2-1,301
157380,5-2-1,174.8
157380,6-2-1,839.7
157380,1-3-4,39.1
157380,2-3-4,72.3
157380,3-2-4,59.3
157380,4-2-3,217.8
157380,5-2-3,119.1
157380,6-2-3,512.6
157380,1-3-5,18.3
157380,2-3-5,26
157380,3-2-5,21.8
157380,4-2-5,368.9
157380,5-2-4,444.7
157380,6-2-4,1484
157380,1-3-6,46.1
157380,2-3-6,44.8
157380,3-2-6,48.1
157380,4-2-6,440.1
157380,5-2-6,219.3
157380,6-2-5,892.5
157380,1-4-2,142.7
157380,2-4-1,218.9
157380,3-4-1,126.5
157380,4-3-1,312
157380,5-3-1,179.7
157380,6-3-1,886.3
157380,1-4-3,136.2
157380,2-4-3,169.2
157380,3-4-2,118.8
157380,4-3-2,183.1
157380,5-3-2,111.5
157380,6-3-2,421.2
157380,1-4-5,222.3
157380,2-4-5,277.4
157380,3-4-5,137.6
157380,4-3-5,324.7
157380,5-3-4,424
157380,6-3-4,1467
157380,1-4-6,285.5
157380,2-4-6,334.1
157380,3-4-6,191
157380,4-3-6,429.7
157380,5-3-6,182
157380,6-3-5,574.9
157380,1-5-2,69.1
157380,2-5-1,102.3
157380,3-5-1,51.6
157380,4-5-1,440.1
157380,5-4-1,580.1
157380,6-4-1,1797
157380,1-5-3,66.5
157380,2-5-3,61.7
157380,3-5-2,40.1
157380,4-5-2,391.5
157380,5-4-2,520.9
157380,6-4-2,1434
157380,1-5-4,229.5
157380,2-5-4,256.3
157380,3-5-4,140.8
157380,4-5-3,428.3
157380,5-4-3,547.8
157380,6-4-3,1484
157380,1-5-6,198.1
157380,2-5-6,136.3
157380,3-5-6,64.1
157380,4-5-6,333.2
157380,5-4-6,588.2
157380,6-4-5,1239
157380,1-6-2,233.7
157380,2-6-1,297.5
157380,3-6-1,221.9
157380,4-6-1,580.1
157380,5-6-1,500.5
157380,6-5-1,1119
157380,1-6-3,230.8
157380,2-6-3,195.1
157380,3-6-2,145.8
157380,4-6-2,494.7
157380,5-6-2,385.6
157380,6-5-2,773.5
157380,1-6-4,483.4
157380,2-6-4,520.9
157380,3-6-4,338.5
157380,4-6-3,527.4
157380,5-6-3,340.3
157380,6-5-3,588.2
157380,1-6-5,324.7
157380,2-6-5,297.5
157380,3-6-5,154.5
157380,4-6-5,470.9
157380,5-6-4,787.8
157380,6-5-4,1402
157381,1-2-3,24.9
157381,2-1-3,47.6
157381,3-1-2,90.2
157381,4-1-2,605.3
157381,5-1-2,14.2
157381,6-1-2,884.8
157381,1-2-4,64.8
157381,2-1-4,108.3
157381,3-1-4,132.8
157381,4-1-3,457
157381,5-1-3,19.6
157381,6-1-3,1014
157381,1-2-5,18.4
157381,2-1-5,31.2
157381,3-1-5,51.8
157381,4-1-5,284.5
157381,5-1-4,55.5
157381,6-1-4,1704
157381,1-2-6,85.6
157381,2-1-6,143.6
157381,3-1-6,167.1
157381,4-1-6,690.1
157381,5-1-6,90
157381,6-1-5,826.5
157381,1-3-2,34.8
157381,2-3-1,55.9
157381,3-2-1,93.3
157381,4-2-1,568
157381,5-2-1,22.2
157381,6-2-1,1150
157381,1-3-4,72.5
157381,2-3-4,80.9
157381,3-2-4,93.2
157381,4-2-3,382.3
157381,5-2-3,22.3
157381,6-2-3,821.6
157381,1-3-5,20.8
157381,2-3-5,36.3
157381,3-2-5,51.8
157381,4-2-5,306
157381,5-2-4,65.5
157381,6-2-4,1437
157381,1-3-6,91.1
157381,2-3-6,111.6
157381,3-2-6,123
157381,4-2-6,589.8
157381,5-2-6,90.2
157381,6-2-5,1078
157381,1-4-2,148.7
157381,2-4-1,171.6
157381,3-4-1,164.3
157381,4-3-1,431.3
157381,5-3-1,38.7
157381,6-3-1,1169
157381,1-4-3,139.1
157381,2-4-3,159.7
157381,3-4-2,165.1
157381,4-3-2,393.2
157381,5-3-2,35.1
157381,6-3-2,1061
157381,1-4-5,97.7
157381,2-4-5,140.1
157381,3-4-5,104.4
157381,4-3-5,279.4
157381,5-3-4,78.8
157381,6-3-4,1104
157381,1-4-6,346.8
157381,2-4-6,253.2
157381,3-4-6,167.7
157381,4-3-6,446.6
157381,5-3-6,117
157381,6-3-5,972
157381,1-5-2,12.1
157381,2-5-1,36
157381,3-5-1,52.3
157381,4-5-1,310.8
157381,5-4-1,135.8
157381,6-4-1,1468
157381,1-5-3,14.4
157381,2-5-3,33
157381,3-5-2,62.2
157381,4-5-2,323.2
157381,5-4-2,169.3
157381,6-4-2,1643
157381,1-5-4,49.3
157381,2-5-4,88.2
157381,3-5-4,107.9
157381,4-5-3,327.8
157381,5-4-3,165.1
157381,6-4-3,1278
157381,1-5-6,65.9
157381,2-5-6,124.5
157381,3-5-6,105.2
157381,4-5-6,518.9
157381,5-4-6,310.8
157381,6-4-5,1468
157381,1-6-2,295.5
157381,2-6-1,279.9
157381,3-6-1,279.9
157381,4-6-1,654.1
157381,5-6-1,270.1
157381,6-5-1,718.9
157381,1-6-3,278.8
157381,2-6-3,268.5
157381,3-6-2,299.4
157381,4-6-2,841.6
157381,5-6-2,277.1
157381,6-5-2,951.9
157381,1-6-4,779.8
157381,2-6-4,477.6
157381,3-6-4,320.9
157381,4-6-3,657.2
157381,5-6-3,256
157381,6-5-3,857.3
157381,1-6-5,172.3
157381,2-6-5,212
157381,3-6-5,180.1
157381,4-6-5,528.8
157381,5-6-4,458.5
157381,6-5-4,1408
157382,1-2-3,31.3
157382,2-1-3,26.7
157382,3-1-2,263.2
157382,4-1-2,43.6
157382,5-1-2,95
157382,6-1-2,734.3
157382,1-2-4,12.4
157382,2-1-4,10.2
157382,3-1-4,460.8
157382,4-1-3,196.1
157382,5-1-3,324.6
157382,6-1-3,1540
157382,1-2-5,21.3
157382,2-1-5,16.3
157382,3-1-5,588.5
157382,4-1-5,54.9
157382,5-1-4,153.3
157382,6-1-4,873
157382,1-2-6,76.6
157382,2-1-6,58.6
157382,3-1-6,882.8
157382,4-1-6,100.1
157382,5-1-6,215.2
157382,6-1-5,1083
157382,1-3-2,74.7
157382,2-3-1,73.7
157382,3-2-1,207.3
157382,4-2-1,34.8
157382,5-2-1,67.5
157382,6-2-1,822.7
157382,1-3-4,114.1
157382,2-3-4,57.1
157382,3-2-4,155.2
157382,4-2-3,98.7
157382,5-2-3,182.5
157382,6-2-3,1083
157382,1-3-5,139.3
157382,2-3-5,83.5
157382,3-2-5,257.6
157382,4-2-5,25.9
157382,5-2-4,68.3
157382,6-2-4,401.9
157382,1-3-6,230
157382,2-3-6,186.6
157382,3-2-6,411.3
157382,4-2-6,47.4
157382,5-2-6,127
157382,6-2-5,801.7
157382,1-4-2,23.1
157382,2-4-1,15
157382,3-4-1,623.5
157382,4-3-1,411.3
157382,5-3-1,686.2
157382,6-3-1,1746
157382,1-4-3,93.6
157382,2-4-3,39.7
157382,3-4-2,279.1
157382,4-3-2,241.7
157382,5-3-2,380.4
157382,6-3-2,1525
157382,1-4-5,45.6
157382,2-4-5,16.7
157382,3-4-5,451.5
157382,4-3-5,337.9
157382,5-3-4,532.6
157382,6-3-4,1366
157382,1-4-6,107.8
157382,2-4-6,43.6
157382,3-4-6,663
157382,4-3-6,555.2
157382,5-3-6,770.3
157382,6-3-5,1806
157382,1-5-2,57.2
157382,2-5-1,39.3
157382,3-5-1,683.2
157382,4-5-1,51.2
157382,5-4-1,133.6
157382,6-4-1,818.4
157382,1-5-3,163.6
157382,2-5-3,76.8
157382,3-5-2,491
157382,4-5-2,32.7
157382,5-4-2,70.2
157382,6-4-2,425.8
157382,1-5-4,82.5
157382,2-5-4,32.3
157382,3-5-4,543.7
157382,4-5-3,163.8
157382,5-4-3,324.6
157382,6-4-3,1403
157382,1-5-6,155.5
157382,2-5-6,81.9
157382,3-5-6,818.4
157382,4-5-6,51.3
157382,5-4-6,129.9
157382,6-4-5,470.4
157382,1-6-2,226.1
157382,2-6-1,231
157382,3-6-1,1525
157382,4-6-1,180
157382,5-6-1,379.5
157382,6-5-1,958.1
157382,1-6-3,500.4
157382,2-6-3,393.8
157382,3-6-2,1257
157382,4-6-2,120.8
157382,5-6-2,245.1
157382,6-5-2,840.3
157382,1-6-4,321.3
157382,2-6-4,149.5
157382,3-6-4,1181
157382,4-6-3,466.2
157382,5-6-3,641.4
157382,6-5-3,1482
157382,1-6-5,339.4
157382,2-6-5,217
157382,3-6-5,1257
157382,4-6-5,130.6
157382,5-6-4,268.6
157382,6-5-4,561.2
157383,1-2-3,26.7
157383,2-1-3,40.8
157383,3-1-2,207.1
157383,4-1-2,24.9
157383,5-1-2,106.2
157383,6-1-2,296.8
157383,1-2-4,9.7
157383,2-1-4,12.5
157383,3-1-4,134.9
157383,4-1-3,82.1
157383,5-1-3,232.8
157383,6-1-3,714
157383,1-2-5,32.7
157383,2-1-5,54.1
157383,3-1-5,337.1
157383,4-1-5,52.2
157383,5-1-4,111.1
157383,6-1-4,333.8
157383,1-2-6,32.8
157383,2-1-6,43
157383,3-1-6,435.1
157383,4-1-6,42.5
157383,5-1-6,196.6
157383,6-1-5,523.4
157383,1-3-2,53.2
157383,2-3-1,102.4
157383,3-2-1,256.8
157383,4-2-1,25.9
157383,5-2-1,127.9
157383,6-2-1,381.4
157383,1-3-4,46.5
157383,2-3-4,80.8
157383,3-2-4,167.3
157383,4-2-3,92.3
157383,5-2-3,284.1
157383,6-2-3,809.4
157383,1-3-5,98.9
157383,2-3-5,240.4
157383,3-2-5,419.3
157383,4-2-5,55.4
157383,5-2-4,113.1
157383,6-2-4,242.5
157383,1-3-6,106.2
157383,2-3-6,211.2
157383,3-2-6,471.9
157383,4-2-6,34.8
157383,5-2-6,226.3
157383,6-2-5,485.1
157383,1-4-2,12.7
157383,2-4-1,19
157383,3-4-1,173.3
157383,4-3-1,156.2
157383,5-3-1,521.4
157383,6-3-1,1170
157383,1-4-3,40.5
157383,2-4-3,62.1
157383,3-4-2,153.5
157383,4-3-2,160
157383,5-3-2,490.2
157383,6-3-2,1326
157383,1-4-5,39
157383,2-4-5,54.1
157383,3-4-5,405.9
157383,4-3-5,239.2
157383,5-3-4,659.8
157383,6-3-4,1392
157383,1-4-6,33.4
157383,2-4-6,33.7
157383,3-4-6,361.6
157383,4-3-6,232.4
157383,5-3-6,717.6
157383,6-3-5,1657
157383,1-5-2,72.4
157383,2-5-1,132.6
157383,3-5-1,692.7
157383,4-5-1,76.2
157383,5-4-1,135.5
157383,6-4-1,313.5
157383,1-5-3,119.9
157383,2-5-3,365.4
157383,3-5-2,916
157383,4-5-2,45.7
157383,5-4-2,125.3
157383,6-4-2,244.6
157383,1-5-4,78.7
157383,2-5-4,130.4
157383,3-5-4,928.2
157383,4-5-3,206.8
157383,5-4-3,402.4
157383,6-4-3,752.6
157383,1-5-6,134.3
157383,2-5-6,221.7
157383,3-5-6,1062
157383,4-5-6,71.7
157383,5-4-6,176.4
157383,6-4-5,338.7
157383,1-6-2,91.5
157383,2-6-1,131.9
157383,3-6-1,960.2
157383,4-6-1,76
157383,5-6-1,436.4
157383,6-5-1,859.4
157383,1-6-3,208.1
157383,2-6-3,282.9
157383,3-6-2,947.1
157383,4-6-2,65.6
157383,5-6-2,361.6
157383,6-5-2,706.7
157383,1-6-4,97.3
157383,2-6-4,114.6
157383,3-6-4,928.2
157383,4-6-3,257.3
157383,5-6-3,804.8
157383,6-5-3,1351
157383,1-6-5,182.2
157383,2-6-5,241.7
157383,3-6-5,1313
157383,4-6-5,83.7
157383,5-6-4,305.3
157383,6-5-4,478.4
157384,1-2-3,6.4
157384,2-1-3,26
157384,3-1-2,32.3
157384,4-1-2,336.6
157384,5-1-2,147
157384,6-1-2,563.5
157384,1-2-4,21.4
157384,2-1-4,66.2
157384,3-1-4,57.7
157384,4-1-3,349.9
157384,5-1-3,176.6
157384,6-1-3,611.6
157384,1-2-5,11.3
157384,2-1-5,36.8
157384,3-1-5,31.5
157384,4-1-5,258.5
157384,5-1-4,347.4
157384,6-1-4,1148
157384,1-2-6,29.4
157384,2-1-6,88.2
157384,3-1-6,68.8
157384,4-1-6,401.2
157384,5-1-6,282.8
157384,6-1-5,1275
157384,1-3-2,7.6
157384,2-3-1,56.3
157384,3-2-1,67.8
157384,4-2-1,541.2
157384,5-2-1,234.7
157384,6-2-1,1037
157384,1-3-4,17.2
157384,2-3-4,214
157384,3-2-4,159.5
157384,4-2-3,654.1
157384,5-2-3,381.8
157384,6-2-3,1052
157384,1-3-5,8.8
157384,2-3-5,113.8
157384,3-2-5,95
157384,4-2-5,590
157384,5-2-4,787.7
157384,6-2-4,2180
157384,1-3-6,23
157384,2-3-6,204.4
157384,3-2-6,173.1
157384,4-2-6,917.4
157384,5-2-6,648.5
157384,6-2-5,2212
157384,1-4-2,52.1
157384,2-4-1,349.9
157384,3-4-1,163.1
157384,4-3-1,426.2
157384,5-3-1,284.9
157384,6-3-1,1030
157384,1-4-3,48.8
157384,2-4-3,425
157384,3-4-2,235
157384,4-3-2,703.1
157384,5-3-2,434.8
157384,6-3-2,1297
157384,1-4-5,67.5
157384,2-4-5,476.1
157384,3-4-5,190.4
157384,4-3-5,580.9
157384,5-3-4,756
157384,6-3-4,2033
157384,1-4-6,88.6
157384,2-4-6,583.1
157384,3-4-6,257.2
157384,4-3-6,796.1
157384,5-3-6,741.1
157384,6-3-5,2149
157384,1-5-2,21.9
157384,2-5-1,113.3
157384,3-5-1,97.7
157384,4-5-1,336.6
157384,5-4-1,592.3
157384,6-4-1,1671
157384,1-5-3,22.7
157384,2-5-3,173.1
157384,3-5-2,141.5
157384,4-5-2,494.9
157384,5-4-2,804.6
157384,6-4-2,1954
157384,1-5-4,62.9
157384,2-5-4,415.6
157384,3-5-4,200.3
157384,4-5-3,687
157384,5-4-3,1052
157384,6-4-3,2212
157384,1-5-6,53.7
157384,2-5-6,310.8
157384,3-5-6,188
157384,4-5-6,503.2
157384,5-4-6,703.1
157384,6-4-5,2314
157384,1-6-2,132.9
157384,2-6-1,565.6
157384,3-6-1,386.7
157384,4-6-1,741.1
157384,5-6-1,808.9
157384,6-5-1,1929
157384,1-6-3,122.2
157384,2-6-3,767.6
157384,3-6-2,398
157384,4-6-2,1044
157384,5-6-2,845.3
157384,6-5-2,2180
157384,1-6-4,207.5
157384,2-6-4,1213
157384,3-6-4,687
157384,4-6-3,1243
157384,5-6-3,1223
157384,6-5-3,2006
157384,1-6-5,179.5
157384,2-6-5,977
157384,3-6-5,451.8
157384,4-6-5,934.5
157384,5-6-4,1355
157384,6-5-4,1857
157385,1-2-3,10
157385,2-1-3,38.8
157385,3-1-2,86.2
157385,4-1-2,171.3
157385,5-1-2,70.4
157385,6-1-2,405.6
157385,1-2-4,15.1
157385,2-1-4,49.8
157385,3-1-4,83.7
157385,4-1-3,240.4
157385,5-1-3,74.5
157385,6-1-3,471.1
157385,1-2-5,13.2
157385,2-1-5,41
157385,3-1-5,54.5
157385,4-1-5,145.1
157385,5-1-4,79.8
157385,6-1-4,625.2
157385,1-2-6,37
157385,2-1-6,82.3
157385,3-1-6,110.6
157385,4-1-6,185.6
157385,5-1-6,97.4
157385,6-1-5,495.1
157385,1-3-2,12.2
157385,2-3-1,126.7
157385,3-2-1,176.4
157385,4-2-1,310.1
157385,5-2-1,114.2
157385,6-2-1,774.8
157385,1-3-4,18.1
157385,2-3-4,156.8
157385,3-2-4,151.6
157385,4-2-3,482.8
157385,5-2-3,155.4
157385,6-2-3,1031
157385,1-3-5,10.8
157385,2-3-5,119.6
157385,3-2-5,117.3
157385,4-2-5,259.1
157385,5-2-4,141.1
157385,6-2-4,951.9
157385,1-3-6,36.9
157385,2-3-6,256.5
157385,3-2-6,207.3
157385,4-2-6,318.6
157385,5-2-6,160.7
157385,6-2-5,1069
157385,1-4-2,28.5
157385,2-4-1,160.6
157385,3-4-1,246.2
157385,4-3-1,561.9
157385,5-3-1,136.6
157385,6-3-1,702.4
157385,1-4-3,31
157385,2-4-3,239.4
157385,3-4-2,315.5
157385,4-3-2,738
157385,5-3-2,206
157385,6-3-2,1288
157385,1-4-5,36.1
157385,2-4-5,169.3
157385,3-4-5,208.2
157385,4-3-5,486.8
157385,5-3-4,201.4
157385,6-3-4,1317
157385,1-4-6,56
157385,2-4-6,249.9
157385,3-4-6,319.9
157385,4-3-6,621.9
157385,5-3-6,224.6
157385,6-3-5,1089
157385,1-5-2,23.1
157385,2-5-1,108.1
157385,3-5-1,108.8
157385,4-5-1,185.3
157385,5-4-1,169.1
157385,6-4-1,1084
157385,1-5-3,20.5
157385,2-5-3,140.6
157385,3-5-2,164
157385,4-5-2,232.2
157385,5-4-2,187.1
157385,6-4-2,801.4
157385,1-5-4,38.2
157385,2-5-4,138.4
157385,3-5-4,162.1
157385,4-5-3,338.4
157385,5-4-3,255.1
157385,6-4-3,1495
157385,1-5-6,42.5
157385,2-5-6,209.3
157385,3-5-6,190
157385,4-5-6,175.8
157385,5-4-6,141.2
157385,6-4-5,1177
157385,1-6-2,91.6
157385,2-6-1,414.9
157385,3-6-1,404.2
157385,4-6-1,376.1
157385,5-6-1,260.5
157385,6-5-1,754.7
157385,1-6-3,124.8
157385,2-6-3,637.2
157385,3-6-2,551.3
157385,4-6-2,432.6
157385,5-6-2,284
157385,6-5-2,1132
157385,1-6-4,156.7
157385,2-6-4,480.8
157385,3-6-4,698.2
157385,4-6-3,731.1
157385,5-6-3,330.8
157385,6-5-3,1089
157385,1-6-5,112.3
157385,2-6-5,518.2
157385,3-6-5,481.8
157385,4-6-5,379.2
157385,5-6-4,257.7
157385,6-5-4,1069
157279,1-2-3,6.3
157279,2-1-3,14.8
157279,3-1-2,70.7
157279,4-1-2,559
157279,5-1-2,1253
157279,6-1-2,32.6
157279,1-2-4,44.9
157279,2-1-4,71.5
157279,3-1-4,233.4
157279,4-1-3,748.8
157279,5-1-3,1677
157279,6-1-3,41.8
157279,1-2-5,114.7
157279,2-1-5,161.1
157279,3-1-5,504.5
157279,4-1-5,1227
157279,5-1-4,2018
157279,6-1-4,181.2
157279,1-2-6,6.9
157279,2-1-6,13.7
157279,3-1-6,66.8
157279,4-1-6,506.6
157279,5-1-6,1266
157279,6-1-5,356.5
157279,1-3-2,14.8
157279,2-3-1,38
157279,3-2-1,73.9
157279,4-2-1,721.6
157279,5-2-1,1488
157279,6-2-1,41.2
157279,1-3-4,75.5
157279,2-3-4,134.6
157279,3-2-4,249.6
157279,4-2-3,862.8
157279,5-2-3,1280
157279,6-2-3,50.3
157279,1-3-5,181.7
157279,2-3-5,311.7
157279,3-2-5,688.2
157279,4-2-5,1417
157279,5-2-4,1566
157279,6-2-4,181.2
157279,1-3-6,13.7
157279,2-3-6,29.6
157279,3-2-6,63.6
157279,4-2-6,589.4
157279,5-2-6,1434
157279,6-2-5,389.1
157279,1-4-2,137.8
157279,2-4-1,231.2
157279,3-4-1,511
157279,4-3-1,1044
157279,5-3-1,2646
157279,6-3-1,78.8
157279,1-4-3,174
157279,2-4-3,292.5
157279,3-4-2,482
157279,4-3-2,1000
157279,5-3-2,2246
157279,6-3-2,72.3
157279,1-4-5,385.3
157279,2-4-5,726
157279,3-4-5,1400
157279,4-3-5,2205
157279,5-3-4,2533
157279,6-3-4,256
157279,1-4-6,132.4
157279,2-4-6,192.6
157279,3-4-6,403.6
157279,4-3-6,850.5
157279,5-3-6,2334
157279,6-3-5,556.4
157279,1-5-2,441
157279,2-5-1,844.4
157279,3-5-1,1677
157279,4-5-1,1860
157279,5-4-1,3133
157279,6-4-1,414.8
157279,1-5-3,569.7
157279,2-5-3,1044
157279,3-5-2,1777
157279,4-5-2,1725
157279,5-4-2,1890
157279,6-4-2,370.9
157279,1-5-4,748.8
157279,2-5-4,1072
157279,3-5-4,1701
157279,4-5-3,2018
157279,5-4-3,2706
157279,6-4-3,533.9
157279,1-5-6,533.9
157279,2-5-6,604.4
157279,3-5-6,1609
157279,4-5-6,1920
157279,5-4-6,2052
157279,6-4-5,888.5
157279,1-6-2,12.7
157279,2-6-1,22.6
157279,3-6-1,69.3
157279,4-6-1,472.5
157279,5-6-1,1631
157279,6-5-1,937.5
157279,1-6-3,18
157279,2-6-3,25.9
157279,3-6-2,61.1
157279,4-6-2,502.4
157279,5-6-2,1202
157279,6-5-2,862.8
157279,1-6-4,77.1
157279,2-6-4,97.1
157279,3-6-4,223.3
157279,4-6-3,650.6
157279,5-6-3,1831
157279,6-5-3,1227
157279,1-6-5,185.4
157279,2-6-5,212.2
157279,3-6-5,620.1
157279,4-6-5,1294
157279,5-6-4,2052
157279,6-5-4,1368
157280,1-2-3,114.3
157280,2-1-3,453.2
157280,3-1-2,942.9
157280,4-1-2,69.2
157280,5-1-2,92.1
157280,6-1-2,99.5
157280,1-2-4,31.5
157280,2-1-4,93.4
157280,3-1-4,1243
157280,4-1-3,288.5
157280,5-1-3,381.8
157280,6-1-3,372.6
157280,1-2-5,18.8
157280,2-1-5,56.9
157280,3-1-5,720.5
157280,4-1-5,45.9
157280,5-1-4,80.7
157280,6-1-4,75
157280,1-2-6,17.7
157280,2-1-6,49.6
157280,3-1-6,1115
157280,4-1-6,33.3
157280,5-1-6,45.5
157280,6-1-5,62.8
157280,1-3-2,153
157280,2-3-1,647.4
157280,3-2-1,1097
157280,4-2-1,115.1
157280,5-2-1,155.5
157280,6-2-1,175.4
157280,1-3-4,144.1
157280,2-3-4,841.3
157280,3-2-4,1924
157280,4-2-3,484.4
157280,5-2-3,595.3
157280,6-2-3,846.4
157280,1-3-5,126.8
157280,2-3-5,872.6
157280,3-2-5,2266
157280,4-2-5,145.1
157280,5-2-4,193.5
157280,6-2-4,164.3
157280,1-3-6,129.1
157280,2-3-6,1097
157280,3-2-6,1848
157280,4-2-6,71.6
157280,5-2-6,94.4
157280,6-2-5,130.7
157280,1-4-2,40.9
157280,2-4-1,193
157280,3-4-1,1544
157280,4-3-1,526.2
157280,5-3-1,841.3
157280,6-3-1,878.1
157280,1-4-3,206.3
157280,2-4-3,650.4
157280,3-4-2,1898
157280,4-3-2,580.5
157280,5-3-2,1265
157280,6-3-2,1364
157280,1-4-5,31.5
157280,2-4-5,221.6
157280,3-4-5,1089
157280,4-3-5,659.6
157280,5-3-4,793.8
157280,6-3-4,1124
157280,1-4-6,28.5
157280,2-4-6,175.6
157280,3-4-6,1056
157280,4-3-6,514.6
157280,5-3-6,621.7
157280,6-3-5,894.9
157280,1-5-2,28.9
157280,2-5-1,171.7
157280,3-5-1,1115
157280,4-5-1,46.6
157280,5-4-1,64
157280,6-4-1,49.3
157280,1-5-3,125.2
157280,2-5-3,720.5
157280,3-5-2,2266
157280,4-5-2,79.8
157280,5-4-2,102.3
157280,6-4-2,70.3
157280,1-5-4,29.9
157280,2-5-4,261.6
157280,3-5-4,1142
157280,4-5-3,252.2
157280,5-4-3,370.7
157280,6-4-3,344.3
157280,1-5-6,20.1
157280,2-5-6,143
157280,3-5-6,728
157280,4-5-6,20.5
157280,5-4-6,31.8
157280,6-4-5,37.8
157280,1-6-2,36.3
157280,2-6-1,161.8
157280,3-6-1,1419
157280,4-6-1,23.2
157280,5-6-1,40.7
157280,6-5-1,66.4
157280,1-6-3,203.3
157280,2-6-3,763.6
157280,3-6-2,2381
157280,4-6-2,36.4
157280,5-6-2,64.4
157280,6-5-2,104.1
157280,1-6-4,40.3
157280,2-6-4,227.3
157280,3-6-4,1544
157280,4-6-3,165.1
157280,5-6-3,240.1
157280,6-5-3,386
157280,1-6-5,30.8
157280,2-6-5,179.9
157280,3-6-5,1040
157280,4-6-5,16.8
157280,5-6-4,32.6
157280,6-5-4,48.9
157281,1-2-3,61.6
157281,2-1-3,256
157281,3-1-2,457
157281,4-1-2,45.5
157281,5-1-2,725.1
157281,6-1-2,70.2
157281,1-2-4,28.4
157281,2-1-4,85.4
157281,3-1-4,250.2
157281,4-1-3,143.8
157281,5-1-3,1062
157281,6-1-3,174.2
157281,1-2-5,75.2
157281,2-1-5,301.2
157281,3-1-5,423.4
157281,4-1-5,49.1
157281,5-1-4,209.1
157281,6-1-4,38.8
157281,1-2-6,24.8
157281,2-1-6,60.8
157281,3-1-6,233.7
157281,4-1-6,17.6
157281,5-1-6,175
157281,6-1-5,134.2
157281,1-3-2,72.3
157281,2-3-1,593.6
157281,3-2-1,535.8
157281,4-2-1,103.8
157281,5-2-1,1035
157281,6-2-1,112.7
157281,1-3-4,59.9
157281,2-3-4,474.9
157281,3-2-4,182.3
157281,4-2-3,321.2
157281,5-2-3,946.1
157281,6-2-3,441.9
157281,1-3-5,89.2
157281,2-3-5,658.1
157281,3-2-5,330.8
157281,4-2-5,182.3
157281,5-2-4,573.9
157281,6-2-4,86.6
157281,1-3-6,53.3
157281,2-3-6,353
157281,3-2-6,217.8
157281,4-2-6,59.1
157281,5-2-6,692
157281,6-2-5,317
157281,1-4-2,27.4
157281,2-4-1,119.9
157281,3-4-1,218.2
157281,4-3-1,364.7
157281,5-3-1,1441
157281,6-3-1,291.1
157281,1-4-3,54.3
157281,2-4-3,377.2
157281,3-4-2,217.4
157281,4-3-2,409.1
157281,5-3-2,1513
157281,6-3-2,563.2
157281,1-4-5,44.9
157281,2-4-5,312.1
157281,3-4-5,169.1
157281,4-3-5,318.7
157281,5-3-4,883.9
157281,6-3-4,231.5
157281,1-4-6,12.9
157281,2-4-6,83.4
157281,3-4-6,97.3
157281,4-3-6,99
157281,5-3-6,1131
157281,6-3-5,644.1
157281,1-5-2,136.2
157281,2-5-1,545.5
157281,3-5-1,560.6
157281,4-5-1,53
157281,5-4-1,178.3
157281,6-4-1,33
157281,1-5-3,139.3
157281,2-5-3,877.5
157281,3-5-2,605.5
157281,4-5-2,115.8
157281,5-4-2,423.4
157281,6-4-2,48.6
157281,1-5-4,89
157281,2-5-4,482.5
157281,3-5-4,248.1
157281,4-5-3,224.6
157281,5-4-3,647.6
157281,6-4-3,143.6
157281,1-5-6,82.7
157281,2-5-6,397
157281,3-5-6,348
157281,4-5-6,28.3
157281,5-4-6,87.1
157281,6-4-5,61.8
157281,1-6-2,24.4
157281,2-6-1,99.3
157281,3-6-1,237
157281,4-6-1,13.1
157281,5-6-1,266.1
157281,6-5-1,192.2
157281,1-6-3,45.5
157281,2-6-3,272.1
157281,3-6-2,197.2
157281,4-6-2,23.7
157281,5-6-2,377.2
157281,6-5-2,295.3
157281,1-6-4,17.7
157281,2-6-4,105.7
157281,3-6-4,112.1
157281,4-6-3,63.2
157281,5-6-3,654.6
157281,6-5-3,543
157281,1-6-5,58.5
157281,2-6-5,335.4
157281,3-6-5,276.5
157281,4-6-5,20.5
157281,5-6-4,133.2
157281,6-5-4,107.4
157282,1-2-3,17.2
157282,2-1-3,73.7
157282,3-1-2,82.5
157282,4-1-2,49.9
157282,5-1-2,272.9
157282,6-1-2,1367
157282,1-2-4,16.6
157282,2-1-4,51.8
157282,3-1-4,28.3
157282,4-1-3,31.7
157282,5-1-3,213.5
157282,6-1-3,1367
157282,1-2-5,44.3
157282,2-1-5,132.4
157282,3-1-5,61.6
157282,4-1-5,38.1
157282,5-1-4,167.3
157282,6-1-4,1244
157282,1-2-6,149.9
157282,2-1-6,307.4
157282,3-1-6,186.5
157282,4-1-6,91.8
157282,5-1-6,420.6
157282,6-1-5,2187
157282,1-3-2,17.1
157282,2-3-1,117.6
157282,3-2-1,130.1
157282,4-2-1,98.9
157282,5-2-1,489.2
157282,6-2-1,1578
157282,1-3-4,10.8
157282,2-3-4,60
157282,3-2-4,58.8
157282,4-2-3,92.6
157282,5-2-3,471.1
157282,6-2-3,2014
157282,1-3-5,25.3
157282,2-3-5,156.4
157282,3-2-5,153.4
157282,4-2-5,136.3
157282,5-2-4,412.7
157282,6-2-4,1297
157282,1-3-6,92.3
157282,2-3-6,347.2
157282,3-2-6,379.9
157282,4-2-6,270
157282,5-2-6,736.1
157282,6-2-5,2156
157282,1-4-2,14.8
157282,2-4-1,80.9
157282,3-4-1,26.3
157282,4-3-1,38.2
157282,5-3-1,300.8
157282,6-3-1,1760
157282,1-4-3,12.8
157282,2-4-3,69.6
157282,3-4-2,46.1
157282,4-3-2,68.7
157282,5-3-2,486.1
157282,6-3-2,1867
157282,1-4-5,22.2
157282,2-4-5,141.3
157282,3-4-5,32.3
157282,4-3-5,44.2
157282,5-3-4,203.6
157282,6-3-4,1134
157282,1-4-6,61
157282,2-4-6,233.7
157282,3-4-6,94.8
157282,4-3-6,120.6
157282,5-3-6,635.3
157282,6-3-5,2041
157282,1-5-2,61.8
157282,2-5-1,324.4
157282,3-5-1,118.8
157282,4-5-1,52.9
157282,5-4-1,159.8
157282,6-4-1,1244
157282,1-5-3,48.9
157282,2-5-3,314.4
157282,3-5-2,200.4
157282,4-5-2,105.7
157282,5-4-2,306.8
157282,6-4-2,1355
157282,1-5-4,41.3
157282,2-5-4,293.9
157282,3-5-4,79
157282,4-5-3,67.2
157282,5-4-3,171
157282,6-4-3,1151
157282,1-5-6,185.6
157282,2-5-6,662.8
157282,3-5-6,231.6
157282,4-5-6,107
157282,5-4-6,275.4
157282,6-4-5,1444
157282,1-6-2,392.6
157282,2-6-1,981.5
157282,3-6-1,548.8
157282,4-6-1,263.5
157282,5-6-1,805.9
157282,6-5-1,2069
157282,1-6-3,421.8
157282,2-6-3,1187
157282,3-6-2,773.3
157282,4-6-2,382.8
157282,5-6-2,1086
157282,6-5-2,2784
157282,1-6-4,330.7
157282,2-6-4,850.7
157282,3-6-4,354.4
157282,4-6-3,355.2
157282,5-6-3,1056
157282,6-5-3,2187
157282,1-6-5,539.1
157282,2-6-5,1458
157282,3-6-5,602.8
157282,4-6-5,282
157282,5-6-4,610
157282,6-5-4,1546
157283,1-2-3,32.9
157283,2-1-3,161.8
157283,3-1-2,100.9
157283,4-1-2,426.2
157283,5-1-2,560.8
157283,6-1-2,91.3
157283,1-2-4,68.5
157283,2-1-4,318.4
157283,3-1-4,38.6
157283,4-1-3,258.7
157283,5-1-3,287.2
157283,6-1-3,37.1
157283,1-2-5,68.9
157283,2-1-5,288.4
157283,3-1-5,37.3
157283,4-1-5,250.8
157283,5-1-4,468.7
157283,6-1-4,84.6
157283,1-2-6,27.7
157283,2-1-6,127.2
157283,3-1-6,20.6
157283,4-1-6,189.6
157283,5-1-6,188.1
157283,6-1-5,65.1
157283,1-3-2,32.1
157283,2-3-1,315.5
157283,3-2-1,277.8
157283,4-2-1,671.1
157283,5-2-1,1168
157283,6-2-1,184.4
157283,1-3-4,17.9
157283,2-3-4,292.8
157283,3-2-4,250.2
157283,4-2-3,627.3
157283,5-2-3,1002
157283,6-2-3,190.6
157283,1-3-5,17.7
157283,2-3-5,307.7
157283,3-2-5,292.8
157283,4-2-5,711.8
157283,5-2-4,1084
157283,6-2-4,310.9
157283,1-3-6,9.8
157283,2-3-6,189.2
157283,3-2-6,183.3
157283,4-2-6,528.5
157283,5-2-6,819.4
157283,6-2-5,310.9
157283,1-4-2,81.6
157283,2-4-1,572.9
157283,3-4-1,97.1
157283,4-3-1,249.3
157283,5-3-1,343.2
157283,6-3-1,54.2
157283,1-4-3,40.6
157283,2-4-3,478.3
157283,3-4-2,257.2
157283,4-3-2,449.8
157283,5-3-2,716.7
157283,6-3-2,161
157283,1-4-5,61.5
157283,2-4-5,650.5
157283,3-4-5,88.2
157283,4-3-5,233.1
157283,5-3-4,385.1
157283,6-3-4,64.1
157283,1-4-6,33.4
157283,2-4-6,425.4
157283,3-4-6,55.9
157283,4-3-6,155.5
157283,5-3-6,178.2
157283,6-3-5,57.5
157283,1-5-2,104.1
157283,2-5-1,658.6
157283,3-5-1,102.5
157283,4-5-1,286
157283,5-4-1,560.8
157283,6-4-1,143.2
157283,1-5-3,48.4
157283,2-5-3,543.5
157283,3-5-2,259.4
157283,4-5-2,465.6
157283,5-4-2,948.1
157283,6-4-2,236.7
157283,1-5-4,91.2
157283,2-5-4,888.3
157283,3-5-4,109.5
157283,4-5-3,250.5
157283,5-4-3,427.9
157283,6-4-3,122.7
157283,1-5-6,37
157283,2-5-6,524.6
157283,3-5-6,54.8
157283,4-5-6,140.1
157283,5-4-6,238
157283,6-4-5,127.9
157283,1-6-2,40.3
157283,2-6-1,236.7
157283,3-6-1,36.6
157283,4-6-1,181.6
157283,5-6-1,201.3
157283,6-5-1,117.5
157283,1-6-3,15.8
157283,2-6-3,232
157283,3-6-2,147.5
157283,4-6-2,377.5
157283,5-6-2,466.7
157283,6-5-2,293.6
157283,1-6-4,33.6
157283,2-6-4,389.3
157283,3-6-4,46.5
157283,4-6-3,164.9
157283,5-6-3,165.1
157283,6-5-3,88.7
157283,1-6-5,27.5
157283,2-6-5,382.3
157283,3-6-5,39.9
157283,4-6-5,143.9
157283,5-6-4,203.6
157283,6-5-4,124
157284,1-2-3,33.2
157284,2-1-3,113.3
157284,3-1-2,247.6
157284,4-1-2,652.8
157284,5-1-2,1670
157284,6-1-2,5
157284,1-2-4,76.1
157284,2-1-4,197
157284,3-1-4,714.5
157284,4-1-3,970.4
157284,5-1-3,2051
157284,6-1-3,12.2
157284,1-2-5,148.6
157284,2-1-5,356.3
157284,3-1-5,526.1
157284,4-1-5,1040
157284,5-1-4,1436
157284,6-1-4,19
157284,1-2-6,10.8
157284,2-1-6,35
157284,3-1-6,165.6
157284,4-1-6,273
157284,5-1-6,664.9
157284,6-1-5,25
157284,1-3-2,66.4
157284,2-3-1,200
157284,3-2-1,293.1
157284,4-2-1,816
157284,5-2-1,1773
157284,6-2-1,10.7
157284,1-3-4,160.8
157284,2-3-4,505.7
157284,3-2-4,441.9
157284,4-2-3,1187
157284,5-2-3,1317
157284,6-2-3,24.7
157284,1-3-5,283.2
157284,2-3-5,736.5
157284,3-2-5,780.5
157284,4-2-5,1367
157284,5-2-4,2611
157284,6-2-4,45.9
157284,1-3-6,37.7
157284,2-3-6,209.9
157284,3-2-6,310.8
157284,4-2-6,469.3
157284,5-2-6,1650
157284,6-2-5,85.4
157284,1-4-2,197.5
157284,2-4-1,514.7
157284,3-4-1,1158
157284,4-3-1,1329
157284,5-3-1,2022
157284,6-3-1,42.5
157284,1-4-3,270.9
157284,2-4-3,687.2
157284,3-4-2,1063
157284,4-3-2,1450
157284,5-3-2,2279
157284,6-3-2,54.6
157284,1-4-5,451.6
157284,2-4-5,1259
157284,3-4-5,1367
157284,4-3-5,1730
157284,5-3-4,2476
157284,6-3-4,115.5
157284,1-4-6,118
157284,2-4-6,336.3
157284,3-4-6,944.9
157284,4-3-6,1025
157284,5-3-6,1967
157284,6-3-5,186.2
157284,1-5-2,616.4
157284,2-5-1,1011
157284,3-5-1,1480
157284,4-5-1,1305
157284,5-4-1,1561
157284,6-4-1,51.4
157284,1-5-3,641.1
157284,2-5-3,1561
157284,3-5-2,2176
157284,4-5-2,1751
157284,5-4-2,2279
157284,6-4-2,96.5
157284,1-5-4,736.5
157284,2-5-4,1436
157284,3-5-4,1650
157284,4-5-3,1915
157284,5-4-3,1465
157284,6-4-3,164.1
157284,1-5-6,196.2
157284,2-5-6,797.9
157284,3-5-6,1422
157284,4-5-6,1011
157284,5-4-6,1465
157284,6-4-5,189.7
157284,1-6-2,7.4
157284,2-6-1,38.2
157284,3-6-1,174.3
157284,4-6-1,161.1
157284,5-6-1,485.2
157284,6-5-1,70.7
157284,1-6-3,16.2
157284,2-6-3,104.8
157284,3-6-2,226.5
157284,4-6-2,224.7
157284,5-6-2,1238
157284,6-5-2,224.7
157284,1-6-4,37.9
157284,2-6-4,163.7
157284,3-6-4,441.9
157284,4-6-3,641.1
157284,5-6-3,1282
157284,6-5-3,275.1
157284,1-6-5,47.2
157284,2-6-5,278.8
157284,3-6-5,572.2
157284,4-6-5,635.5
157284,5-6-4,1071
157284,6-5-4,219.6
157285,1-2-3,74.4
157285,2-1-3,337.6
157285,3-1-2,336.8
157285,4-1-2,67.9
157285,5-1-2,1066
157285,6-1-2,78.7
157285,1-2-4,30.9
157285,2-1-4,147.3
157285,3-1-4,75.7
157285,4-1-3,57.8
157285,5-1-3,1132
157285,6-1-3,57.8
157285,1-2-5,247.4
157285,2-1-5,974.8
157285,3-1-5,352.1
157285,4-1-5,66.4
157285,5-1-4,531.4
157285,6-1-4,24
157285,1-2-6,36.3
157285,2-1-6,163.3
157285,3-1-6,80.3
157285,4-1-6,15
157285,5-1-6,500.7
157285,6-1-5,113.5
157285,1-3-2,74
157285,2-3-1,694.3
157285,3-2-1,629
157285,4-2-1,195.2
157285,5-2-1,1429
157285,6-2-1,165
157285,1-3-4,24.7
157285,2-3-4,575
157285,3-2-4,333.8
157285,4-2-3,313.8
157285,5-2-3,1429
157285,6-2-3,278.2
157285,1-3-5,149.6
157285,2-3-5,1302
157285,3-2-5,1008
157285,4-2-5,196.8
157285,5-2-4,1314
157285,6-2-4,152.5
157285,1-3-6,29.5
157285,2-3-6,681.5
157285,3-2-6,514.7
157285,4-2-6,112.8
157285,5-2-6,1654
157285,6-2-5,470.3
157285,1-4-2,30.8
157285,2-4-1,286.3
157285,3-4-1,122.1
157285,4-3-1,101.4
157285,5-3-1,1486
157285,6-3-1,119.8
157285,1-4-3,25.4
157285,2-4-3,615.9
157285,3-4-2,395.7
157285,4-3-2,277.2
157285,5-3-2,1457
157285,6-3-2,302.2
157285,1-4-5,71.1
157285,2-4-5,1106
157285,3-4-5,348.8
157285,4-3-5,304.7
157285,5-3-4,1415
157285,6-3-4,99.6
157285,1-4-6,11
157285,2-4-6,230
157285,3-4-6,79
157285,4-3-6,64.8
157285,5-3-6,1363
157285,6-3-5,392.5
157285,1-5-2,471.8
157285,2-5-1,2230
157285,3-5-1,987.9
157285,4-5-1,96
157285,5-4-1,430.4
157285,6-4-1,18.4
157285,1-5-3,377.4
157285,2-5-3,2197
157285,3-5-2,1258
157285,4-5-2,166.1
157285,5-4-2,827
157285,6-4-2,56.9
157285,1-5-4,237.8
157285,2-5-4,2264
157285,3-5-4,841.1
157285,4-5-3,252
157285,5-4-3,949.7
157285,6-4-3,44.4
157285,1-5-6,241.3
157285,2-5-6,1863
157285,3-5-6,739.7
157285,4-5-6,43.9
157285,5-4-6,193.4
157285,6-4-5,46.6
157285,1-6-2,40.4
157285,2-6-1,357.3
157285,3-6-1,123.3
157285,4-6-1,10.7
157285,5-6-1,481
157285,6-5-1,267.6
157285,1-6-3,26.2
157285,2-6-3,871
157285,3-6-2,477.9
157285,4-6-2,33.2
157285,5-6-2,914.3
157285,6-5-2,539.2
157285,1-6-4,14.9
157285,2-6-4,319.3
157285,3-6-4,97.8
157285,4-6-3,28.6
157285,5-6-3,886.8
157285,6-5-3,454.3
157285,1-6-5,92.4
157285,2-6-5,1415
157285,3-6-5,435.5
157285,4-6-5,22.8
157285,5-6-4,211.2
157285,6-5-4,141.1
157286,1-2-3,24.9
157286,2-1-3,96.1
157286,3-1-2,77.1
157286,4-1-2,150.1
157286,5-1-2,441.3
157286,6-1-2,58.5
157286,1-2-4,42.2
157286,2-1-4,193
157286,3-1-4,66.5
157286,4-1-3,112.6
157286,5-1-3,343.9
157286,6-1-3,40.2
157286,1-2-5,58.5
157286,2-1-5,222
157286,3-1-5,111.4
157286,4-1-5,73.7
157286,5-1-4,277.8
157286,6-1-4,51.9
157286,1-2-6,25.4
157286,2-1-6,109.4
157286,3-1-6,33.1
157286,4-1-6,43
157286,5-1-6,140.3
157286,6-1-5,81
157286,1-3-2,25.3
157286,2-3-1,158.8
157286,3-2-1,148.6
157286,4-2-1,239.9
157286,5-2-1,700.2
157286,6-2-1,129.1
157286,1-3-4,21.3
157286,2-3-4,331.5
157286,3-2-4,257.5
157286,4-2-3,401.3
157286,5-2-3,973.3
157286,6-2-3,168.4
157286,1-3-5,41.1
157286,2-3-5,508.3
157286,3-2-5,417.1
157286,4-2-5,284.1
157286,5-2-4,1039
157286,6-2-4,219.9
157286,1-3-6,10.9
157286,2-3-6,190.6
157286,3-2-6,167.3
157286,4-2-6,189
157286,5-2-6,567.1
157286,6-2-5,258.9
157286,1-4-2,50.3
157286,2-4-1,343.1
157286,3-4-1,151.4
157286,4-3-1,222
157286,5-3-1,707.4
157286,6-3-1,53.9
157286,1-4-3,33.8
157286,2-4-3,495.4
157286,3-4-2,282.9
157286,4-3-2,412.1
157286,5-3-2,1055
157286,6-3-2,150.4
157286,1-4-5,56.4
157286,2-4-5,933.6
157286,3-4-5,292
157286,4-3-5,290.1
157286,5-3-4,1080
157286,6-3-4,124.7
157286,1-4-6,22
157286,2-4-6,247.7
157286,3-4-6,114.5
157286,4-3-6,153.8
157286,5-3-6,500.9
157286,6-3-5,131.2
157286,1-5-2,106.3
157286,2-5-1,379.1
157286,3-5-1,268.5
157286,4-5-1,89.9
157286,5-4-1,240.7
157286,6-4-1,67.8
157286,1-5-3,83
157286,2-5-3,821.8
157286,3-5-2,466.8
157286,4-5-2,245.5
157286,5-4-2,669.5
157286,6-4-2,192.2
157286,1-5-4,94.8
157286,2-5-4,1163
157286,3-5-4,510.2
157286,4-5-3,206
157286,5-4-3,682.8
157286,6-4-3,154.9
157286,1-5-6,46.8
157286,2-5-6,726.1
157286,3-5-6,239.1
157286,4-5-6,53.5
157286,5-4-6,153.1
157286,6-4-5,94
157286,1-6-2,29.7
157286,2-6-1,182.9
157286,3-6-1,42.9
157286,4-6-1,38.3
157286,5-6-1,156.3
157286,6-5-1,125.4
157286,1-6-3,16
157286,2-6-3,246.4
157286,3-6-2,102.1
157286,4-6-2,118.3
157286,5-6-2,383.3
157286,6-5-2,386.6
157286,1-6-4,25.1
157286,2-6-4,300.3
157286,3-6-4,91.4
157286,4-6-3,99.2
157286,5-6-3,345.7
157286,6-5-3,222
157286,1-6-5,40.3
157286,2-6-5,581.5
157286,3-6-5,149.1
157286,4-6-5,49.6
157286,5-6-4,203.9
157286,6-5-4,221.7
157287,1-2-3,8.3
157287,2-1-3,65.5
157287,3-1-2,99.7
157287,4-1-2,32.1
157287,5-1-2,108.2
157287,6-1-2,958
157287,1-2-4,7.4
157287,2-1-4,53.4
157287,3-1-4,72.1
157287,4-1-3,36.9
157287,5-1-3,152.1
157287,6-1-3,1173
157287,1-2-5,19.8
157287,2-1-5,106.7
157287,3-1-5,134.6
157287,4-1-5,27.9
157287,5-1-4,87.1
157287,6-1-4,671.3
157287,1-2-6,151.8
157287,2-1-6,460.3
157287,3-1-6,489.6
157287,4-1-6,138.2
157287,5-1-6,437.6
157287,6-1-5,1641
157287,1-3-2,13.4
157287,2-3-1,161.2
157287,3-2-1,207.7
157287,4-2-1,73.2
157287,5-2-1,242.7
157287,6-2-1,1720
157287,1-3-4,11.7
157287,2-3-4,213.7
157287,3-2-4,224.9
157287,4-2-3,149.6
157287,5-2-3,360.9
157287,6-2-3,2726
157287,1-3-5,26.7
157287,2-3-5,388.6
157287,3-2-5,450.9
157287,4-2-5,116.6
157287,5-2-4,296.8
157287,6-2-4,2014
157287,1-3-6,144.9
157287,2-3-6,1048
157287,3-2-6,1265
157287,4-2-6,318.1
157287,5-2-6,791.2
157287,6-2-5,3282
157287,1-4-2,10.2
157287,2-4-1,129.8
157287,3-4-1,158.1
157287,4-3-1,94.1
157287,5-3-1,390.3
157287,6-3-1,1865
157287,1-4-3,13.1
157287,2-4-3,246.1
157287,3-4-2,268.1
157287,4-3-2,216.9
157287,5-3-2,518.2
157287,6-3-2,3475
157287,1-4-5,16
157287,2-4-5,279.5
157287,3-4-5,337.5
157287,4-3-5,162.6
157287,5-3-4,533.8
157287,6-3-4,2858
157287,1-4-6,83.5
157287,2-4-6,777.3
157287,3-4-6,932.8
157287,4-3-6,708.9
157287,5-3-6,1440
157287,6-3-5,3222
157287,1-5-2,30.5
157287,2-5-1,274.7
157287,3-5-1,387.8
157287,4-5-1,36.7
157287,5-4-1,95.2
157287,6-4-1,942.7
157287,1-5-3,43.7
157287,2-5-3,566.2
157287,3-5-2,637.5
157287,4-5-2,67
157287,5-4-2,149.1
157287,6-4-2,1790
157287,1-5-4,29.1
157287,2-5-4,456.7
157287,3-5-4,548.7
157287,4-5-3,94.6
157287,5-4-3,226.3
157287,6-4-3,2645
157287,1-5-6,228.9
157287,2-5-6,1827
157287,3-5-6,1464
157287,4-5-6,166.1
157287,5-4-6,432.2
157287,6-4-5,2395
157287,1-6-2,368.4
157287,2-6-1,1417
157287,3-6-1,1790
157287,4-6-1,310.3
157287,5-6-1,886.1
157287,6-5-1,1672
157287,1-6-3,351.6
157287,2-6-3,2858
157287,3-6-2,2905
157287,4-6-2,499.2
157287,5-6-2,1197
157287,6-5-2,4028
157287,1-6-4,318.1
157287,2-6-4,1926
157287,3-6-4,1947
157287,4-6-3,673.9
157287,5-6-3,1527
157287,6-5-3,3408
157287,1-6-5,548.7
157287,2-6-5,3938
157287,3-6-5,3109
157287,4-6-5,406.5
157287,5-6-4,963.2
157287,6-5-4,2461
157288,1-2-3,5.2
157288,2-1-3,74.6
157288,3-1-2,21.8
157288,4-1-2,270.5
157288,5-1-2,349.2
157288,6-1-2,1346
157288,1-2-4,18.8
157288,2-1-4,212.6
157288,3-1-4,26.3
157288,4-1-3,182.8
157288,5-1-3,285
157288,6-1-3,1354
157288,1-2-5,32.7
157288,2-1-5,388
157288,3-1-5,42.5
157288,4-1-5,220.8
157288,5-1-4,585.8
157288,6-1-4,2761
157288,1-2-6,42.7
157288,2-1-6,340.8
157288,3-1-6,60.4
157288,4-1-6,252.5
157288,5-1-6,553.8
157288,6-1-5,3222
157288,1-3-2,4
157288,2-3-1,119.8
157288,3-2-1,62.5
157288,4-2-1,594
157288,5-2-1,1107
157288,6-2-1,2658
157288,1-3-4,8
157288,2-3-4,522.5
157288,3-2-4,124.2
157288,4-2-3,644.4
157288,5-2-3,1155
157288,6-2-3,3544
157288,1-3-5,14.7
157288,2-3-5,854
157288,3-2-5,241.9
157288,4-2-5,1174
157288,5-2-4,1969
157288,6-2-4,2953
157288,1-3-6,19.5
157288,2-3-6,692.7
157288,3-2-6,233.4
157288,4-2-6,1058
157288,5-2-6,2286
157288,6-2-5,4833
157288,1-4-2,39.4
157288,2-4-1,484.4
157288,3-4-1,51.9
157288,4-3-1,179.4
157288,5-3-1,413.7
157288,6-3-1,1519
157288,1-4-3,33.1
157288,2-4-3,764.9
157288,3-4-2,138.9
157288,4-3-2,375.7
157288,5-3-2,592.3
157288,6-3-2,2953
157288,1-4-5,74.9
157288,2-4-5,1648
157288,3-4-5,75.6
157288,4-3-5,240.3
157288,5-3-4,677.2
157288,6-3-4,2995
157288,1-4-6,76
157288,2-4-6,1273
157288,3-4-6,80.7
157288,4-3-6,266.1
157288,5-3-6,612.8
157288,6-3-5,3127
157288,1-5-2,47.4
157288,2-5-1,1119
157288,3-5-1,95.2
157288,4-5-1,377.7
157288,5-4-1,916.6
157288,6-4-1,3271
157288,1-5-3,40.9
157288,2-5-3,1611
157288,3-5-2,259.3
157288,4-5-2,720.9
157288,5-4-2,1715
157288,6-4-2,3174
157288,1-5-4,84.4
157288,2-5-4,2025
157288,3-5-4,104.3
157288,4-5-3,542.5
157288,5-4-3,1380
157288,6-4-3,3666
157288,1-5-6,114
157288,2-5-6,2148
157288,3-5-6,165.3
157288,4-5-6,636.7
157288,5-4-6,1243
157288,6-4-5,4169
157288,1-6-2,167.3
157288,2-6-1,1436
157288,3-6-1,288.1
157288,4-6-1,530.3
157288,5-6-1,2126
157288,6-5-1,3430
157288,1-6-3,163.9
157288,2-6-3,2126
157288,3-6-2,550.9
157288,4-6-2,864.5
157288,5-6-2,3271
157288,6-5-2,3222
157288,1-6-4,260.9
157288,2-6-4,2625
157288,3-6-4,209.9
157288,4-6-3,833.9
157288,5-6-3,2126
157288,6-5-3,3082
157288,1-6-5,482.2
157288,2-6-5,3222
157288,3-6-5,270.2
157288,4-6-5,957.9
157288,5-6-4,2913
157288,6-5-4,3222
157289,1-2-3,4.1
157289,2-1-3,50.2
157289,3-1-2,176.7
157289,4-1-2,95.9
157289,5-1-2,426
157289,6-1-2,1863
157289,1-2-4,4.7
157289,2-1-4,45.9
157289,3-1-4,169.4
157289,4-1-3,198.3
157289,5-1-3,578.3
157289,6-1-3,3354
157289,1-2-5,16.8
157289,2-1-5,120.6
157289,3-1-5,266.9
157289,4-1-5,157
157289,5-1-4,448.8
157289,6-1-4,2795
157289,1-2-6,54
157289,2-1-6,253
157289,3-1-6,743.9
157289,4-1-6,356.1
157289,5-1-6,874.3
157289,6-1-5,4986
157289,1-3-2,8.9
157289,2-3-1,187.3
157289,3-2-1,352.7
157289,4-2-1,200.1
157289,5-2-1,834.8
157289,6-2-1,4193
157289,1-3-4,9.8
157289,2-3-4,235
157289,3-2-4,298.5
157289,4-2-3,505.4
157289,5-2-3,1452
157289,6-2-3,5765
157289,1-3-5,22.8
157289,2-3-5,668.4
157289,3-2-5,971
157289,4-2-5,475.4
157289,5-2-4,1124
157289,6-2-4,4392
157289,1-3-6,73.8
157289,2-3-6,1281
157289,3-2-6,2027
157289,4-2-6,850.1
157289,5-2-6,1036
157289,6-2-5,6149
157289,1-4-2,8.9
157289,2-4-1,146.7
157289,3-4-1,442.4
157289,4-3-1,457.7
157289,5-3-1,1376
157289,6-3-1,5271
157289,1-4-3,13.5
157289,2-4-3,328.2
157289,3-4-2,640.5
157289,4-3-2,569.4
157289,5-3-2,2222
157289,6-3-2,6361
157289,1-4-5,20.1
157289,2-4-5,565.9
157289,3-4-5,834.8
157289,4-3-5,791.8
157289,5-3-4,2838
157289,6-3-4,6149
157289,1-4-6,53.1
157289,2-4-6,960.8
157289,3-4-6,1576
157289,4-3-6,1308
157289,5-3-6,4193
157289,6-3-5,8021
157289,1-5-2,43.3
157289,2-5-1,587.5
157289,3-5-1,946.1
157289,4-5-1,215.5
157289,5-4-1,619.1
157289,6-4-1,4392
157289,1-5-3,59
157289,2-5-3,1098
157289,3-5-2,1647
157289,4-5-2,406.3
157289,5-4-2,1066
157289,6-4-2,4499
157289,1-5-4,49.7
157289,2-5-4,899.9
157289,3-5-4,775.1
157289,4-5-3,753
157289,5-4-3,1740
157289,6-4-3,3617
157289,1-5-6,156
157289,2-5-6,1299
157289,3-5-6,2882
157289,4-5-6,574.7
157289,5-4-6,842.4
157289,6-4-5,4986
157289,1-6-2,283.3
157289,2-6-1,1590
157289,3-6-1,2795
157289,4-6-1,823.6
157289,5-6-1,2222
157289,6-5-1,5426
157289,1-6-3,415.5
157289,2-6-3,2882
157289,3-6-2,3354
157289,4-6-2,1066
157289,5-6-2,3480
157289,6-5-2,3925
157289,1-6-4,294.2
157289,2-6-4,2713
157289,3-6-4,1138
157289,4-6-3,1942
157289,5-6-3,4010
157289,6-5-3,7687
157289,1-6-5,346.1
157289,2-6-5,4290
157289,3-6-5,4010
157289,4-6-5,1013
157289,5-6-4,2635
157289,6-5-4,5765
157290,1-2-3,5.2
157290,2-1-3,63.3
157290,3-1-2,91.8
157290,4-1-2,116.6
157290,5-1-2,960.1
157290,6-1-2,622.6
157290,1-2-4,6.6
157290,2-1-4,79.9
157290,3-1-4,74
157290,4-1-3,142.2
157290,5-1-3,974.4
157290,6-1-3,1019
157290,1-2-5,28.4
157290,2-1-5,203.1
157290,3-1-5,208
157290,4-1-5,166.3
157290,5-1-4,647.2
157290,6-1-4,663.5
157290,1-2-6,16.1
157290,2-1-6,162.5
157290,3-1-6,151.8
157290,4-1-6,128.9
157290,5-1-6,870.8
157290,6-1-5,1735
157290,1-3-2,7.9
157290,2-3-1,185.7
157290,3-2-1,231.7
157290,4-2-1,281.5
157290,5-2-1,1432
157290,6-2-1,1219
157290,1-3-4,8.6
157290,2-3-4,358
157290,3-2-4,345.3
157290,4-2-3,534.9
157290,5-2-3,1913
157290,6-2-3,1985
157290,1-3-5,28
157290,2-3-5,876.6
157290,3-2-5,888.5
157290,4-2-5,595.7
157290,5-2-4,1702
157290,6-2-4,1464
157290,1-3-6,19.3
157290,2-3-6,528.4
157290,3-2-6,622.6
157290,4-2-6,451.1
157290,5-2-6,2730
157290,6-2-5,3691
157290,1-4-2,11.2
157290,2-4-1,253.9
157290,3-4-1,198.8
157290,4-3-1,308.7
157290,5-3-1,1560
157290,6-3-1,1598
157290,1-4-3,14.4
157290,2-4-3,416
157290,3-4-2,319.6
157290,4-3-2,612.4
157290,5-3-2,2382
157290,6-3-2,1735
157290,1-4-5,34.4
157290,2-4-5,1012
157290,3-4-5,534.9
157290,4-3-5,867.9
157290,5-3-4,2279
157290,6-3-4,1440
157290,1-4-6,21.7
157290,2-4-6,560
157290,3-4-6,360
157290,4-3-6,602.5
157290,5-3-6,2788
157290,6-3-5,3120
157290,1-5-2,66.5
157290,2-5-1,740.4
157290,3-5-1,680.8
157290,4-5-1,247.5
157290,5-4-1,932.8
157290,6-4-1,848.2
157290,1-5-3,81.5
157290,2-5-3,1236
157290,3-5-2,1044
157290,4-5-2,392.9
157290,5-4-2,1310
157290,6-4-2,1248
157290,1-5-4,79.9
157290,2-5-4,1424
157290,3-5-4,1115
157290,4-5-3,597
157290,5-4-3,1702
157290,6-4-3,1523
157290,1-5-6,108.4
157290,2-5-6,1506
157290,3-5-6,1115
157290,4-5-6,292.8
157290,5-4-6,960.1
157290,6-4-5,2131
157290,1-6-2,52.4
157290,2-6-1,666.9
157290,3-6-1,680.8
157290,4-6-1,246.3
157290,5-6-1,1771
157290,6-5-1,2647
157290,1-6-3,70.2
157290,2-6-3,1207
157290,3-6-2,1044
157290,4-6-2,418
157290,5-6-2,2621
157290,6-5-2,3640
157290,1-6-4,68.1
157290,2-6-4,967.2
157290,3-6-4,611
157290,4-6-3,634.6
157290,5-6-3,2945
157290,6-5-3,3448
157290,1-6-5,141.7
157290,2-6-5,2202
157290,3-6-5,1440
157290,4-6-5,464.7
157290,5-6-4,1628
157290,6-5-4,2520
157386,1-2-3,4.9
157386,2-1-3,22
157386,3-1-2,37.5
157386,4-1-2,136.3
157386,5-1-2,411.5
157386,6-1-2,249.7
157386,1-2-4,8.8
157386,2-1-4,25.8
157386,3-1-4,59.8
157386,4-1-3,236.2
157386,5-1-3,458.9
157386,6-1-3,339.7
157386,1-2-5,20.5
157386,2-1-5,66.2
157386,3-1-5,75.5
157386,4-1-5,233.7
157386,5-1-4,630.6
157386,6-1-4,415.4
157386,1-2-6,18.9
157386,2-1-6,65.4
157386,3-1-6,92.1
157386,4-1-6,244.8
157386,5-1-6,561.8
157386,6-1-5,804.1
157386,1-3-2,8.4
157386,2-3-1,50
157386,3-2-1,60.1
157386,4-2-1,209.7
157386,5-2-1,512.6
157386,6-2-1,285.5
157386,1-3-4,13.6
157386,2-3-4,100.5
157386,3-2-4,83.4
157386,4-2-3,371.4
157386,5-2-3,742.8
157386,6-2-3,471.2
157386,1-3-5,22.7
157386,2-3-5,188.1
157386,3-2-5,150.8
157386,4-2-5,547.8
157386,5-2-4,1138
157386,6-2-4,515.6
157386,1-3-6,35.8
157386,2-3-6,184.1
157386,3-2-6,162.3
157386,4-2-6,468.7
157386,5-2-6,1019
157386,6-2-5,842.8
157386,1-4-2,18.4
157386,2-4-1,103
157386,3-4-1,124.5
157386,4-3-1,377.8
157386,5-3-1,492.4
157386,6-3-1,558.3
157386,1-4-3,33.2
157386,2-4-3,165.3
157386,3-4-2,141.6
157386,4-3-2,359.2
157386,5-3-2,775.7
157386,6-3-2,695.6
157386,1-4-5,71.4
157386,2-4-5,353.4
157386,3-4-5,218
157386,4-3-5,630.6
157386,5-3-4,1153
157386,6-3-4,1007
157386,1-4-6,56.2
157386,2-4-6,265.6
157386,3-4-6,242.1
157386,4-3-6,669.1
157386,5-3-6,1217
157386,6-3-5,1348
157386,1-5-2,76
157386,2-5-1,366.7
157386,3-5-1,211.2
157386,4-5-1,299.1
157386,5-4-1,608.7
157386,6-4-1,521.7
157386,1-5-3,79.2
157386,2-5-3,442.7
157386,3-5-2,249
157386,4-5-2,503.7
157386,5-4-2,1031
157386,6-4-2,592.2
157386,1-5-4,144.8
157386,2-5-4,762.2
157386,3-5-4,381.1
157386,4-5-3,561.8
157386,5-4-3,1184
157386,6-4-3,973.9
157386,1-5-6,175.6
157386,2-5-6,654.1
157386,3-5-6,444.9
157386,4-5-6,359.2
157386,5-4-6,996
157386,6-4-5,963.2
157386,1-6-2,70.1
157386,2-6-1,323.4
157386,3-6-1,306.4
157386,4-6-1,454.1
157386,5-6-1,755.6
157386,6-5-1,984.9
157386,1-6-3,126.6
157386,2-6-3,473.8
157386,3-6-2,339.7
157386,4-6-2,604.5
157386,5-6-2,1289
157386,6-5-2,1007
157386,1-6-4,169.2
157386,2-6-4,768.9
157386,3-6-4,481.6
157386,4-6-3,690.2
157386,5-6-3,1217
157386,6-5-3,1348
157386,1-6-5,231.8
157386,2-6-5,736.6
157386,3-6-5,572.9
157386,4-6-5,654.1
157386,5-6-4,996
157386,6-5-4,1095
157387,1-2-3,18.7
157387,2-1-3,78.8
157387,3-1-2,36.1
157387,4-1-2,244.2
157387,5-1-2,430.5
157387,6-1-2,157.6
157387,1-2-4,38.1
157387,2-1-4,122.2
157387,3-1-4,24.6
157387,4-1-3,173.4
157387,5-1-3,217
157387,6-1-3,98.7
157387,1-2-5,50.6
157387,2-1-5,162.5
157387,3-1-5,20.4
157387,4-1-5,149.4
157387,5-1-4,346.9
157387,6-1-4,145.2
157387,1-2-6,47.3
157387,2-1-6,200.9
157387,3-1-6,22.3
157387,4-1-6,189.7
157387,5-1-6,256.3
157387,6-1-5,118.4
157387,1-3-2,13.9
157387,2-3-1,98.8
157387,3-2-1,73
157387,4-2-1,369.2
157387,5-2-1,640.8
157387,6-2-1,270.9
157387,1-3-4,12.7
157387,2-3-4,153
157387,3-2-4,80.8
157387,4-2-3,544.6
157387,5-2-3,570.3
157387,6-2-3,329.1
157387,1-3-5,10.1
157387,2-3-5,172.3
157387,3-2-5,81.1
157387,4-2-5,618.9
157387,5-2-4,999.4
157387,6-2-4,531.3
157387,1-3-6,12.9
157387,2-3-6,157.4
157387,3-2-6,84.8
157387,4-2-6,561.5
157387,5-2-6,721.4
157387,6-2-5,513.8
157387,1-4-2,49.7
157387,2-4-1,223.6
157387,3-4-1,52.6
157387,4-3-1,167.5
157387,5-3-1,277.1
157387,6-3-1,124.9
157387,1-4-3,36.1
157387,2-4-3,293.6
157387,3-4-2,112.6
157387,4-3-2,349.1
157387,5-3-2,504.3
157387,6-3-2,257.5
157387,1-4-5,48
157387,2-4-5,401.9
157387,3-4-5,71.1
157387,4-3-5,179.1
157387,5-3-4,477.7
157387,6-3-4,261.2
157387,1-4-6,56.6
157387,2-4-6,406.4
157387,3-4-6,63.4
157387,4-3-6,232.2
157387,5-3-6,321.3
157387,6-3-5,208.2
157387,1-5-2,78.4
157387,2-5-1,345.8
157387,3-5-1,64.6
157387,4-5-1,169.4
157387,5-4-1,404.9
157387,6-4-1,195.2
157387,1-5-3,39.6
157387,2-5-3,448.2
157387,3-5-2,151.9
157387,4-5-2,323.2
157387,5-4-2,736
157387,6-4-2,570.3
157387,1-5-4,86.9
157387,2-5-4,664.2
157387,3-5-4,119.3
157387,4-5-3,298.4
157387,5-4-3,544.6
157387,6-4-3,384.9
157387,1-5-6,60.8
157387,2-5-6,637
157387,3-5-6,63.8
157387,4-5-6,155.1
157387,5-4-6,343.6
157387,6-4-5,227.4
157387,1-6-2,103.3
157387,2-6-1,457.7
157387,3-6-1,60.1
157387,4-6-1,200.9
157387,5-6-1,227.8
157387,6-5-1,126.8
157387,1-6-3,47.8
157387,2-6-3,439.2
157387,3-6-2,159
157387,4-6-2,506.6
157387,5-6-2,585.6
157387,6-5-2,450.1
157387,1-6-4,81.8
157387,2-6-4,907.8
157387,3-6-4,104.3
157387,4-6-3,345.8
157387,5-6-3,360.7
157387,6-5-3,259.9
157387,1-6-5,75.3
157387,2-6-5,689.4
157387,3-6-5,76.3
157387,4-6-5,179.1
157387,5-6-4,304.2
157387,6-5-4,236.8
157388,1-2-3,65.7
157388,2-1-3,123.6
157388,3-1-2,233.8
157388,4-1-2,552.5
157388,5-1-2,56.6
157388,6-1-2,91.9
157388,1-2-4,126.7
157388,2-1-4,247.1
157388,3-1-4,443
157388,4-1-3,1037
157388,5-1-3,45.3
157388,6-1-3,140.4
157388,1-2-5,41.6
157388,2-1-5,66.9
157388,3-1-5,95
157388,4-1-5,719.1
157388,5-1-4,183
157388,6-1-4,305.1
157388,1-2-6,44.9
157388,2-1-6,75.6
157388,3-1-6,131.2
157388,4-1-6,698.1
157388,5-1-6,22.2
157388,6-1-5,54.2
157388,1-3-2,87.4
157388,2-3-1,188.8
157388,3-2-1,283.9
157388,4-2-1,656.4
157388,5-2-1,79
157388,6-2-1,133.8
157388,1-3-4,179.7
157388,2-3-4,464.6
157388,3-2-4,424.6
157388,4-2-3,1126
157388,5-2-3,65.5
157388,6-2-3,147.8
157388,1-3-5,42.2
157388,2-3-5,92.1
157388,3-2-5,151.2
157388,4-2-5,929.3
157388,5-2-4,199.8
157388,6-2-4,296.3
157388,1-3-6,53.7
157388,2-3-6,104.2
157388,3-2-6,205.9
157388,4-2-6,790.6
157388,5-2-6,27.9
157388,6-2-5,46.9
157388,1-4-2,191.8
157388,2-4-1,452.8
157388,3-4-1,741.5
157388,4-3-1,1403
157388,5-3-1,94.9
157388,6-3-1,242.5
157388,1-4-3,281.7
157388,2-4-3,694.7
157388,3-4-2,954
157388,4-3-2,1350
157388,5-3-2,119.6
157388,6-3-2,222.9
157388,1-4-5,191.3
157388,2-4-5,336.7
157388,3-4-5,447.2
157388,4-3-5,1022
157388,5-3-4,248.4
157388,6-3-4,452.8
157388,1-4-6,166.6
157388,2-4-6,287.9
157388,3-4-6,524.2
157388,4-3-6,1100
157388,5-3-6,34.7
157388,6-3-5,98
157388,1-5-2,40.1
157388,2-5-1,73.4
157388,3-5-1,119.1
157388,4-5-1,769.4
157388,5-4-1,350.7
157388,6-4-1,548.3
157388,1-5-3,36.6
157388,2-5-3,68.3
157388,3-5-2,127.8
157388,4-5-2,753.2
157388,5-4-2,371.7
157388,6-4-2,528
157388,1-5-4,129
157388,2-5-4,197.9
157388,3-5-4,288.5
157388,4-5-3,900
157388,5-4-3,337.5
157388,6-4-3,671.8
157388,1-5-6,24.7
157388,2-5-6,31.2
157388,3-5-6,57.1
157388,4-5-6,265.5
157388,5-4-6,121.2
157388,6-4-5,245.9
157388,1-6-2,56.4
157388,2-6-1,111.9
157388,3-6-1,191.5
157388,4-6-1,851.8
157388,5-6-1,13
157388,6-5-1,26
157388,1-6-3,63.8
157388,2-6-3,108.9
157388,3-6-2,228.9
157388,4-6-2,712
157388,5-6-2,12.1
157388,6-5-2,22.6
157388,1-6-4,161.3
157388,2-6-4,255.5
157388,3-6-4,416
157388,4-6-3,1052
157388,5-6-3,18.6
157388,6-5-3,38.4
157388,1-6-5,34.5
157388,2-6-5,43.8
157388,3-6-5,78.8
157388,4-6-5,355.1
157388,5-6-4,53.6
157388,6-5-4,76.2
157389,1-2-3,34.8
157389,2-1-3,380.8
157389,3-1-2,86
157389,4-1-2,476.7
157389,5-1-2,165.4
157389,6-1-2,662.4
157389,1-2-4,107.9
157389,2-1-4,641.7
157389,3-1-4,68
157389,4-1-3,240.5
157389,5-1-3,41.7
157389,6-1-3,164.1
157389,1-2-5,53.2
157389,2-1-5,612.3
157389,3-1-5,16.2
157389,4-1-5,154.2
157389,5-1-4,144.4
157389,6-1-4,454
157389,1-2-6,99.6
157389,2-1-6,1241
157389,3-1-6,45.7
157389,4-1-6,229.9
157389,5-1-6,52.4
157389,6-1-5,158.7
157389,1-3-2,18.8
157389,2-3-1,511.4
157389,3-2-1,365.2
157389,4-2-1,1051
157389,5-2-1,762.7
157389,6-2-1,1992
157389,1-3-4,20.1
157389,2-3-4,1170
157389,3-2-4,539.3
157389,4-2-3,1977
157389,5-2-3,715.7
157389,6-2-3,2643
157389,1-3-5,4
157389,2-3-5,622.3
157389,3-2-5,308.9
157389,4-2-5,1570
157389,5-2-4,1420
157389,6-2-4,3140
157389,1-3-6,11.5
157389,2-3-6,1427
157389,3-2-6,677.5
157389,4-2-6,2341
157389,5-2-6,813.9
157389,6-2-5,2518
157389,1-4-2,127.1
157389,2-4-1,1051
157389,3-4-1,241.1
157389,4-3-1,429.8
157389,5-3-1,64.5
157389,6-3-1,371.3
157389,1-4-3,45.4
157389,2-4-3,1841
157389,3-4-2,588
157389,4-3-2,1181
157389,5-3-2,287.3
157389,6-3-2,1767
157389,1-4-5,44.4
157389,2-4-5,2022
157389,3-4-5,201.9
157389,4-3-5,431.9
157389,5-3-4,304.4
157389,6-3-4,1259
157389,1-4-6,55.1
157389,2-4-6,3033
157389,3-4-6,373.9
157389,4-3-6,647.9
157389,5-3-6,123
157389,6-3-5,436.2
157389,1-5-2,37
157389,2-5-1,1235
157389,3-5-1,33.3
157389,4-5-1,198.7
157389,5-4-1,319.3
157389,6-4-1,1063
157389,1-5-3,8.6
157389,2-5-3,930.1
157389,3-5-2,154.7
157389,4-5-2,762.7
157389,5-4-2,796.9
157389,6-4-2,3033
157389,1-5-4,35.3
157389,2-5-4,2243
157389,3-5-4,133.2
157389,4-5-3,334.9
157389,5-4-3,402.6
157389,6-4-3,2085
157389,1-5-6,14.1
157389,2-5-6,2118
157389,3-5-6,66.6
157389,4-5-6,216.8
157389,5-4-6,269.9
157389,6-4-5,1259
157389,1-6-2,158.7
157389,2-6-1,1948
157389,3-6-1,211.5
157389,4-6-1,416.4
157389,5-6-1,128.6
157389,6-5-1,320.1
157389,1-6-3,24.6
157389,2-6-3,2840
157389,3-6-2,727.4
157389,4-6-2,1906
157389,5-6-2,620.8
157389,6-5-2,1668
157389,1-6-4,74.8
157389,2-6-4,3337
157389,3-6-4,556.1
157389,4-6-3,996.1
157389,5-6-3,177.8
157389,6-5-3,458.7
157389,1-6-5,29.5
157389,2-6-5,3068
157389,3-6-5,176
157389,4-6-5,441.9
157389,5-6-4,427.1
157389,6-5-4,1038
157390,1-2-3,10.9
157390,2-1-3,74.8
157390,3-1-2,224.5
157390,4-1-2,127
157390,5-1-2,31.7
157390,6-1-2,2152
157390,1-2-4,7.8
157390,2-1-4,53.7
157390,3-1-4,340.3
157390,4-1-3,459.7
157390,5-1-3,94.3
157390,6-1-3,2548
157390,1-2-5,4.5
157390,2-1-5,31.1
157390,3-1-5,192.5
157390,4-1-5,79.8
157390,5-1-4,53.4
157390,6-1-4,3579
157390,1-2-6,128
157390,2-1-6,445.6
157390,3-1-6,804.5
157390,4-1-6,548.3
157390,5-1-6,177.8
157390,6-1-5,2228
157390,1-3-2,24.6
157390,2-3-1,235.4
157390,3-2-1,417
157390,4-2-1,186.3
157390,5-2-1,57.6
157390,6-2-1,3885
157390,1-3-4,39.8
157390,2-3-4,383.8
157390,3-2-4,621
157390,4-2-3,771.4
157390,5-2-3,196.9
157390,6-2-3,3792
157390,1-3-5,25.5
157390,2-3-5,260.7
157390,3-2-5,504.1
157390,4-2-5,177.1
157390,5-2-4,119.2
157390,6-2-4,3885
157390,1-3-6,192.9
157390,2-3-6,986.4
157390,3-2-6,1874
157390,4-2-6,1193
157390,5-2-6,393.3
157390,6-2-5,3662
157390,1-4-2,19.1
157390,2-4-1,162.7
157390,3-4-1,834
157390,4-3-1,902.5
157390,5-3-1,289.6
157390,6-3-1,3579
157390,1-4-3,54.8
157390,2-4-3,397.2
157390,3-4-2,968.4
157390,4-3-2,945.4
157390,5-3-2,357.5
157390,6-3-2,3284
157390,1-4-5,17.4
157390,2-4-5,160.1
157390,3-4-5,675
157390,4-3-5,724.1
157390,5-3-4,540.9
157390,6-3-4,2923
157390,1-4-6,233
157390,2-4-6,1014
157390,3-4-6,1852
157390,4-3-6,2360
157390,5-3-6,1062
157390,6-3-5,3123
157390,1-5-2,7.1
157390,2-5-1,66.3
157390,3-5-1,315.4
157390,4-5-1,74.7
157390,5-4-1,85.2
157390,6-4-1,4978
157390,1-5-3,23.6
157390,2-5-3,210.5
157390,3-5-2,463
157390,4-5-2,106.3
157390,5-4-2,117.8
157390,6-4-2,4685
157390,1-5-4,14.2
157390,2-5-4,136.2
157390,3-5-4,615
157390,4-5-3,377
157390,5-4-3,387.6
157390,6-4-3,5493
157390,1-5-6,108.9
157390,2-5-6,619.8
157390,3-5-6,1141
157390,4-5-6,262.8
157390,5-4-6,275.1
157390,6-4-5,1461
157390,1-6-2,601.1
157390,2-6-1,1907
157390,3-6-1,2152
157390,4-6-1,1930
157390,5-6-1,563.9
157390,6-5-1,2489
157390,1-6-3,870.5
157390,2-6-3,2700
157390,3-6-2,2655
157390,4-6-2,1978
157390,5-6-2,840.6
157390,6-5-2,2870
157390,1-6-4,831.8
157390,2-6-4,2870
157390,3-6-4,3034
157390,4-6-3,2110
157390,5-6-3,1289
157390,6-5-3,3792
157390,1-6-5,502.5
157390,2-6-5,2082
157390,3-6-5,2292
157390,4-6-5,756.7
157390,5-6-4,598.8
157390,6-5-4,1379
157391,1-2-3,29.5
157391,2-1-3,252.2
157391,3-1-2,150.6
157391,4-1-2,899
157391,5-1-2,24.4
157391,6-1-2,1152
157391,1-2-4,99
157391,2-1-4,589.4
157391,3-1-4,312.6
157391,4-1-3,1143
157391,5-1-3,10.5
157391,6-1-3,1093
157391,1-2-5,20.5
157391,2-1-5,216.4
157391,3-1-5,35.3
157391,4-1-5,671.7
157391,5-1-4,65.1
157391,6-1-4,2089
157391,1-2-6,166.1
157391,2-1-6,784.9
157391,3-1-6,228.4
157391,4-1-6,1449
157391,5-1-6,24.5
157391,6-1-5,577.1
157391,1-3-2,21.6
157391,2-3-1,379.6
157391,3-2-1,337
157391,4-2-1,1246
157391,5-2-1,89.5
157391,6-2-1,1967
157391,1-3-4,46.8
157391,2-3-4,1305
157391,3-2-4,735.3
157391,4-2-3,3091
157391,5-2-3,144.8
157391,6-2-3,2330
157391,1-3-5,5.2
157391,2-3-5,457.6
157391,3-2-5,375.4
157391,4-2-5,2657
157391,5-2-4,433.4
157391,6-2-4,2524
157391,1-3-6,54.4
157391,2-3-6,1352
157391,3-2-6,1105
157391,4-2-6,2913
157391,5-2-6,243.5
157391,6-2-5,2019
157391,1-4-2,188.3
157391,2-4-1,943.8
157391,3-4-1,920.9
157391,4-3-1,1929
157391,5-3-1,25.2
157391,6-3-1,1967
157391,1-4-3,171.6
157391,2-4-3,1893
157391,3-4-2,1771
157391,4-3-2,2913
157391,5-3-2,93.9
157391,6-3-2,2589
157391,1-4-5,117.6
157391,2-4-5,1016
157391,3-4-5,767
157391,4-3-5,1267
157391,5-3-4,200.7
157391,6-3-4,3293
157391,1-4-6,297.9
157391,2-4-6,2443
157391,3-4-6,1278
157391,4-3-6,2278
157391,5-3-6,86
157391,6-3-5,1429
157391,1-5-2,11.3
157391,2-5-1,282.6
157391,3-5-1,48.4
157391,4-5-1,821
157391,5-4-1,306.3
157391,6-4-1,2885
157391,1-5-3,4
157391,2-5-3,487.1
157391,3-5-2,229
157391,4-5-2,1980
157391,5-4-2,797.3
157391,6-4-2,3404
157391,1-5-4,30
157391,2-5-4,1085
157391,3-5-4,352.3
157391,4-5-3,1156
157391,5-4-3,492.6
157391,6-4-3,4094
157391,1-5-6,14.5
157391,2-5-6,1009
157391,3-5-6,207.6
157391,4-5-6,1655
157391,5-4-6,566.3
157391,6-4-5,3787
157391,1-6-2,321.9
157391,2-6-1,1611
157391,3-6-1,793.1
157391,4-6-1,3029
157391,5-6-1,57.8
157391,6-5-1,525
157391,1-6-3,203.8
157391,2-6-3,2061
157391,3-6-2,1782
157391,4-6-2,3189
157391,5-6-2,160.3
157391,6-5-2,1435
157391,1-6-4,436.5
157391,2-6-4,2463
157391,3-6-4,1980
157391,4-6-3,2831
157391,5-6-3,91.8
157391,6-5-3,955.7
157391,1-6-5,118.2
157391,2-6-5,1847
157391,3-6-5,620.8
157391,4-6-5,2970
157391,5-6-4,301.7
157391,6-5-4,2061
157392,1-2-3,7.8
157392,2-1-3,123.5
157392,3-1-2,70.1
157392,4-1-2,62
157392,5-1-2,307.3
157392,6-1-2,2058
157392,1-2-4,8.4
157392,2-1-4,135
157392,3-1-4,42.1
157392,4-1-3,51.2
157392,5-1-3,219.9
157392,6-1-3,2072
157392,1-2-5,31.5
157392,2-1-5,240.8
157392,3-1-5,72.6
157392,4-1-5,48.2
157392,5-1-4,197.2
157392,6-1-4,2695
157392,1-2-6,434.5
157392,2-1-6,937.2
157392,3-1-6,494.5
157392,4-1-6,548.8
157392,5-1-6,1111
157392,6-1-5,4116
157392,1-3-2,8.9
157392,2-3-1,234.8
157392,3-2-1,197.8
157392,4-2-1,213.1
157392,5-2-1,697
157392,6-2-1,5439
157392,1-3-4,5.8
157392,2-3-4,487.3
157392,3-2-4,256.4
157392,4-2-3,489.7
157392,5-2-3,1008
157392,6-2-3,4008
157392,1-3-5,15.9
157392,2-3-5,572.5
157392,3-2-5,523.4
157392,4-2-5,329.6
157392,5-2-4,836.8
157392,6-2-4,7429
157392,1-3-6,234.8
157392,2-3-6,1721
157392,3-2-6,1223
157392,4-2-6,1892
157392,5-2-6,2873
157392,6-2-5,6092
157392,1-4-2,7.2
157392,2-4-1,330.7
157392,3-4-1,94.3
157392,4-3-1,118.8
157392,5-3-1,456
157392,6-3-1,5538
157392,1-4-3,7.6
157392,2-4-3,649.5
157392,3-4-2,268.6
157392,4-3-2,412.2
157392,5-3-2,805.8
157392,6-3-2,5077
157392,1-4-5,14.9
157392,2-4-5,865.3
157392,3-4-5,212.4
157392,4-3-5,232.5
157392,5-3-4,665.1
157392,6-3-4,5641
157392,1-4-6,216
157392,2-4-6,2273
157392,3-4-6,1423
157392,4-3-6,1500
157392,5-3-6,2820
157392,6-3-5,5344
157392,1-5-2,53.1
157392,2-5-1,711.7
157392,3-5-1,232.3
157392,4-5-1,83.2
157392,5-4-1,275.4
157392,6-4-1,3760
157392,1-5-3,34.8
157392,2-5-3,943
157392,3-5-2,486.6
157392,4-5-2,184.5
157392,5-4-2,594.9
157392,6-4-2,6346
157392,1-5-4,35.4
157392,2-5-4,1397
157392,3-5-4,381.2
157392,4-5-3,185.4
157392,5-4-3,599.6
157392,6-4-3,6769
157392,1-5-6,423.6
157392,2-5-6,3046
157392,3-5-6,1485
157392,4-5-6,783
157392,5-4-6,1711
157392,6-4-5,5163
157392,1-6-2,1128
157392,2-6-1,3807
157392,3-6-1,3173
157392,4-6-1,1903
157392,5-6-1,3347
157392,6-5-1,3076
157392,1-6-3,1119
157392,2-6-3,2769
157392,3-6-2,3905
157392,4-6-2,4008
157392,5-6-2,6092
157392,6-5-2,6092
157392,1-6-4,1072
157392,2-6-4,4686
157392,3-6-4,4835
157392,4-6-3,2436
157392,5-6-3,4008
157392,6-5-3,6216
157392,1-6-5,1620
157392,2-6-5,4008
157392,3-6-5,6216
157392,4-6-5,2290
157392,5-6-4,4290
157392,6-5-4,5439
157393,1-2-3,25.3
157393,2-1-3,19
157393,3-1-2,74.5
157393,4-1-2,109
157393,5-1-2,294.9
157393,6-1-2,182.2
157393,1-2-4,22.1
157393,2-1-4,24.3
157393,3-1-4,60.1
157393,4-1-3,119.1
157393,5-1-3,324.3
157393,6-1-3,210.6
157393,1-2-5,204.2
157393,2-1-5,319.5
157393,3-1-5,362.1
157393,4-1-5,554.1
157393,5-1-4,403.1
157393,6-1-4,231.7
157393,1-2-6,35.3
157393,2-1-6,38
157393,3-1-6,77.4
157393,4-1-6,128.1
157393,5-1-6,366.1
157393,6-1-5,526.1
157393,1-3-2,40.1
157393,2-3-1,35.5
157393,3-2-1,75.8
157393,4-2-1,95
157393,5-2-1,266.5
157393,6-2-1,165.9
157393,1-3-4,46.1
157393,2-3-4,14
157393,3-2-4,29.1
157393,4-2-3,55
157393,5-2-3,177.3
157393,6-2-3,105.8
157393,1-3-5,238.7
157393,2-3-5,203.4
157393,3-2-5,241.2
157393,4-2-5,354
157393,5-2-4,231.3
157393,6-2-4,85.8
157393,1-3-6,47.6
157393,2-3-6,23.2
157393,3-2-6,42.4
157393,4-2-6,54.1
157393,5-2-6,208.4
157393,6-2-5,381.2
157393,1-4-2,42.6
157393,2-4-1,40.7
157393,3-4-1,79.3
157393,4-3-1,165
157393,5-3-1,430.4
157393,6-3-1,209.7
157393,1-4-3,63.2
157393,2-4-3,20.1
157393,3-4-2,37.3
157393,4-3-2,76
157393,5-3-2,219.5
157393,6-3-2,127
157393,1-4-5,318.7
157393,2-4-5,199.1
157393,3-4-5,296.8
157393,4-3-5,527.5
157393,5-3-4,371.1
157393,6-3-4,86
157393,1-4-6,54.6
157393,2-4-6,20.8
157393,3-4-6,36.6
157393,4-3-6,77.6
157393,5-3-6,301.5
157393,6-3-5,410
157393,1-5-2,418.8
157393,2-5-1,634.5
157393,3-5-1,661.3
157393,4-5-1,863.5
157393,5-4-1,630.6
157393,6-4-1,216.5
157393,1-5-3,429.5
157393,2-5-3,386.2
157393,3-5-2,368
157393,4-5-2,652.8
157393,5-4-2,359.9
157393,6-4-2,98.1
157393,1-5-4,553.4
157393,2-5-4,475.1
157393,3-5-4,585.2
157393,4-5-3,928.6
157393,5-4-3,530.3
157393,6-4-3,152.5
157393,1-5-6,401.5
157393,2-5-6,364.1
157393,3-5-6,282.2
157393,4-5-6,449.4
157393,5-4-6,343.2
157393,6-4-5,426.3
157393,1-6-2,73.7
157393,2-6-1,81.9
157393,3-6-1,101.9
157393,4-6-1,127.9
157393,5-6-1,431.7
157393,6-5-1,654.9
157393,1-6-3,89.1
157393,2-6-3,56.3
157393,3-6-2,55.9
157393,4-6-2,63.6
157393,5-6-2,322.5
157393,6-5-2,498.4
157393,1-6-4,94.5
157393,2-6-4,40.6
157393,3-6-4,56.1
157393,4-6-3,96.5
157393,5-6-3,400.7
157393,6-5-3,547.4
157393,1-6-5,339.2
157393,2-6-5,277.6
157393,3-6-5,231.1
157393,4-6-5,301
157393,5-6-4,385.1
157393,6-5-4,581
157394,1-2-3,5.9
157394,2-1-3,60.6
157394,3-1-2,123.4
157394,4-1-2,81.5
157394,5-1-2,176.6
157394,6-1-2,958.1
157394,1-2-4,5.1
157394,2-1-4,50.8
157394,3-1-4,140.7
157394,4-1-3,182.2
157394,5-1-3,358.5
157394,6-1-3,1606
157394,1-2-5,10.9
157394,2-1-5,92.8
157394,3-1-5,183.8
157394,4-1-5,82
157394,5-1-4,204.6
157394,6-1-4,1836
157394,1-2-6,45.6
157394,2-1-6,211.3
157394,3-1-6,421.2
157394,4-1-6,217.6
157394,5-1-6,368.7
157394,6-1-5,2321
157394,1-3-2,11.7
157394,2-3-1,212.8
157394,3-2-1,291.1
157394,4-2-1,135.9
157394,5-2-1,343.1
157394,6-2-1,1716
157394,1-3-4,12.8
157394,2-3-4,319.7
157394,3-2-4,393.5
157394,4-2-3,297.9
157394,5-2-3,1062
157394,6-2-3,2848
157394,1-3-5,21.7
157394,2-3-5,539.9
157394,3-2-5,707.3
157394,4-2-5,212.1
157394,5-2-4,578.4
157394,6-2-4,4391
157394,1-3-6,84
157394,2-3-6,959.9
157394,3-2-6,1203
157394,4-2-6,511.6
157394,5-2-6,1148
157394,6-2-5,4022
157394,1-4-2,8.3
157394,2-4-1,163.2
157394,3-4-1,370.8
157394,4-3-1,407.2
157394,5-3-1,813.2
157394,6-3-1,3028
157394,1-4-3,15.6
157394,2-4-3,374.2
157394,3-4-2,496.2
157394,4-3-2,468.4
157394,5-3-2,1568
157394,6-3-2,3737
157394,1-4-5,18
157394,2-4-5,397.4
157394,3-4-5,500.9
157394,4-3-5,582.3
157394,5-3-4,1631
157394,6-3-4,3818
157394,1-4-6,70.3
157394,2-4-6,899.3
157394,3-4-6,1337
157394,4-3-6,1372
157394,5-3-6,2373
157394,6-3-5,5217
157394,1-5-2,22.9
157394,2-5-1,355.8
157394,3-5-1,609.2
157394,4-5-1,126.6
157394,5-4-1,252.3
157394,6-4-1,3136
157394,1-5-3,35.6
157394,2-5-3,890.2
157394,3-5-2,992.4
157394,4-5-2,189.8
157394,5-4-2,397.7
157394,6-4-2,4355
157394,1-5-4,31.5
157394,2-5-4,707.3
157394,3-5-4,914.9
157394,4-5-3,492.5
157394,5-4-3,1123
157394,6-4-3,5270
157394,1-5-6,92.1
157394,2-5-6,1488
157394,3-5-6,2331
157394,4-5-6,283.7
157394,5-4-6,584.2
157394,6-4-5,4022
157394,1-6-2,173.7
157394,2-6-1,902.4
157394,3-6-1,1868
157394,4-6-1,918.1
157394,5-6-1,1304
157394,6-5-1,3444
157394,1-6-3,287.3
157394,2-6-3,1545
157394,3-6-2,2570
157394,4-6-2,1324
157394,5-6-2,2186
157394,6-5-2,5019
157394,1-6-4,248.3
157394,2-6-4,1792
157394,3-6-4,3273
157394,4-6-3,1875
157394,5-6-3,2730
157394,6-5-3,5489
157394,1-6-5,258
157394,2-6-5,1937
157394,3-6-5,3490
157394,4-6-5,992.4
157394,5-6-4,2003
157394,6-5-4,3932
157395,1-2-3,4.4
157395,2-1-3,11.9
157395,3-1-2,29.6
157395,4-1-2,149
157395,5-1-2,494.4
157395,6-1-2,735.6
157395,1-2-4,11.8
157395,2-1-4,24.8
157395,3-1-4,46.5
157395,4-1-3,198.2
157395,5-1-3,628.8
157395,6-1-3,894.8
157395,1-2-5,33.3
157395,2-1-5,63.5
157395,3-1-5,90.8
157395,4-1-5,341.8
157395,5-1-4,847.6
157395,6-1-4,1546
157395,1-2-6,30.2
157395,2-1-6,59.9
157395,3-1-6,94
157395,4-1-6,388.5
157395,5-1-6,939.5
157395,6-1-5,1875
157395,1-3-2,7.3
157395,2-3-1,23.7
157395,3-2-1,42.9
157395,4-2-1,182
157395,5-2-1,789.9
157395,6-2-1,1290
157395,1-3-4,14.8
157395,2-3-4,33.4
157395,3-2-4,44.9
157395,4-2-3,169.3
157395,5-2-3,905.2
157395,6-2-3,1272
157395,1-3-5,36.4
157395,2-3-5,88.1
157395,3-2-5,106.6
157395,4-2-5,473.4
157395,5-2-4,1378
157395,6-2-4,1357
157395,1-3-6,37.9
157395,2-3-6,84.9
157395,3-2-6,106.4
157395,4-2-6,456.4
157395,5-2-6,1455
157395,6-2-5,2426
157395,1-4-2,33.7
157395,2-4-1,68.3
157395,3-4-1,83.5
157395,4-3-1,294.1
157395,5-3-1,1102
157395,6-3-1,1537
157395,1-4-3,36.1
157395,2-4-3,68.2
157395,3-4-2,75.5
157395,4-3-2,208
157395,5-3-2,1132
157395,6-3-2,1475
157395,1-4-5,117.7
157395,2-4-5,187.3
157395,3-4-5,192.8
157395,4-3-5,689.2
157395,5-3-4,1807
157395,6-3-4,2373
157395,1-4-6,114.1
157395,2-4-6,209.2
157395,3-4-6,211.5
157395,4-3-6,773.1
157395,5-3-6,1928
157395,6-3-5,3268
157395,1-5-2,112.3
157395,2-5-1,271.9
157395,3-5-1,284.7
157395,4-5-1,663.2
157395,5-4-1,1582
157395,6-4-1,2447
157395,1-5-3,105.6
157395,2-5-3,322
157395,3-5-2,298.1
157395,4-5-2,671.4
157395,5-4-2,1537
157395,6-4-2,1684
157395,1-5-4,225.7
157395,2-5-4,440.2
157395,3-5-4,383
157395,4-5-3,854.2
157395,5-4-3,1819
157395,6-4-3,2857
157395,1-5-6,213.3
157395,2-5-6,548
157395,3-5-6,566.8
157395,4-5-6,771
157395,5-4-6,1895
157395,6-4-5,3308
157395,1-6-2,180
157395,2-6-1,363.1
157395,3-6-1,437.3
157395,4-6-1,952.6
157395,5-6-1,2124
157395,6-5-1,3084
157395,1-6-3,188.1
157395,2-6-3,420.8
157395,3-6-2,527.4
157395,4-6-2,824.5
157395,5-6-2,2166
157395,6-5-2,3521
157395,1-6-4,310.5
157395,2-6-4,541.5
157395,3-6-4,763.4
157395,4-6-3,1229
157395,5-6-3,2999
157395,6-5-3,3567
157395,1-6-5,370
157395,2-6-5,818.4
157395,3-6-5,899.2
157395,4-6-5,1302
157395,5-6-4,2637
157395,6-5-4,3615
157396,1-2-3,4.8
157396,2-1-3,77.4
157396,3-1-2,47
157396,4-1-2,318
157396,5-1-2,311.3
157396,6-1-2,1172
157396,1-2-4,9.5
157396,2-1-4,130.2
157396,3-1-4,55.3
157396,4-1-3,341.9
157396,5-1-3,252.8
157396,6-1-3,1168
157396,1-2-5,13.6
157396,2-1-5,154.9
157396,3-1-5,40.3
157396,4-1-5,428
157396,5-1-4,569.2
157396,6-1-4,1309
157396,1-2-6,42.7
157396,2-1-6,314.8
157396,3-1-6,94.2
157396,4-1-6,737.5
157396,5-1-6,746.3
157396,6-1-5,2080
157396,1-3-2,5.9
157396,2-3-1,176.7
157396,3-2-1,141.4
157396,4-2-1,589
157396,5-2-1,607.3
157396,6-2-1,2380
157396,1-3-4,8.5
157396,2-3-4,538.4
157396,3-2-4,370
157396,4-2-3,1312
157396,5-2-3,1413
157396,6-2-3,3099
157396,1-3-5,7.9
157396,2-3-5,482.4
157396,3-2-5,326.6
157396,4-2-5,1439
157396,5-2-4,2174
157396,6-2-4,3244
157396,1-3-6,27.1
157396,2-3-6,879.4
157396,3-2-6,618.1
157396,4-2-6,1701
157396,5-2-6,2310
157396,6-2-5,4504
157396,1-4-2,21.8
157396,2-4-1,408.9
157396,3-4-1,206.4
157396,4-3-1,570.8
157396,5-3-1,382
157396,6-3-1,1763
157396,1-4-3,23.3
157396,2-4-3,586.3
157396,3-4-2,389.6
157396,4-3-2,1343
157396,5-3-2,1130
157396,6-3-2,3084
157396,1-4-5,36.8
157396,2-4-5,1026
157396,3-4-5,351.3
157396,4-3-5,1172
157396,5-3-4,1275
157396,6-3-4,3640
157396,1-4-6,63.5
157396,2-4-6,1349
157396,3-4-6,581.9
157396,4-3-6,1734
157396,5-3-6,1400
157396,6-3-5,3330
157396,1-5-2,32.9
157396,2-5-1,607.3
157396,3-5-1,153.5
157396,4-5-1,788.6
157396,5-4-1,1343
157396,6-4-1,3366
157396,1-5-3,26
157396,2-5-3,944.4
157396,3-5-2,368.5
157396,4-5-2,1367
157396,5-4-2,2094
157396,6-4-2,3366
157396,1-5-4,58.9
157396,2-5-4,1597
157396,3-5-4,382.2
157396,4-5-3,1215
157396,5-4-3,1665
157396,6-4-3,3818
157396,1-5-6,78.9
157396,2-5-6,1706
157396,3-5-6,419.9
157396,4-5-6,1413
157396,5-4-6,2389
157396,6-4-5,4378
157396,1-6-2,176.7
157396,2-6-1,1456
157396,3-6-1,483.9
157396,4-6-1,2000
157396,5-6-1,1891
157396,6-5-1,3024
157396,1-6-3,143.5
157396,2-6-3,2101
157396,3-6-2,1168
157396,4-6-2,2474
157396,5-6-2,3162
157396,6-5-2,4259
157396,1-6-4,217.4
157396,2-6-4,2484
157396,3-6-4,1242
157396,4-6-3,2094
157396,5-6-3,2268
157396,6-5-3,3421
157396,1-6-5,227.1
157396,2-6-5,3024
157396,3-6-5,929
157396,4-6-5,2524
157396,5-6-4,3227
157396,6-5-4,4092
157397,1-2-3,14.9
157397,2-1-3,74.3
157397,3-1-2,142.2
157397,4-1-2,140.2
157397,5-1-2,27.3
157397,6-1-2,1144
157397,1-2-4,24.4
157397,2-1-4,104.7
157397,3-1-4,112.9
157397,4-1-3,157.8
157397,5-1-3,39.6
157397,6-1-3,1341
157397,1-2-5,7
157397,2-1-5,33.5
157397,3-1-5,56.4
157397,4-1-5,59.9
157397,5-1-4,46.8
157397,6-1-4,1674
157397,1-2-6,43.8
157397,2-1-6,177.2
157397,3-1-6,369.6
157397,4-1-6,248.3
157397,5-1-6,63
157397,6-1-5,768.9
157397,1-3-2,24.2
157397,2-3-1,252.1
157397,3-2-1,331.3
157397,4-2-1,298
157397,5-2-1,72.7
157397,6-2-1,1780
157397,1-3-4,22.8
157397,2-3-4,585.1
157397,3-2-4,564.6
157397,4-2-3,692.6
157397,5-2-3,180.6
157397,6-2-3,2592
157397,1-3-5,11.4
157397,2-3-5,311
157397,3-2-5,352.6
157397,4-2-5,263.7
157397,5-2-4,202.8
157397,6-2-4,2967
157397,1-3-6,98.9
157397,2-3-6,1093
157397,3-2-6,1264
157397,4-2-6,802
157397,5-2-6,220.7
157397,6-2-5,1604
157397,1-4-2,38.2
157397,2-4-1,286.6
157397,3-4-1,202.6
157397,4-3-1,289.2
157397,5-3-1,93.8
157397,6-3-1,2148
157397,1-4-3,36.2
157397,2-4-3,598.8
157397,3-4-2,534.2
157397,4-3-2,634
157397,5-3-2,211.5
157397,6-3-2,2857
157397,1-4-5,19.9
157397,2-4-5,348.6
157397,3-4-5,172
157397,4-3-5,257.9
157397,5-3-4,212.9
157397,6-3-4,2767
157397,1-4-6,125.9
157397,2-4-6,1146
157397,3-4-6,570.9
157397,4-3-6,763.1
157397,5-3-6,416.5
157397,6-3-5,2477
157397,1-5-2,9.4
157397,2-5-1,84.2
157397,3-5-1,99.3
157397,4-5-1,60.4
157397,5-4-1,74.7
157397,6-4-1,2399
157397,1-5-3,12.6
157397,2-5-3,229
157397,3-5-2,249.9
157397,4-5-2,136.1
157397,5-4-2,166.5
157397,6-4-2,3071
157397,1-5-4,18.9
157397,2-5-4,298.3
157397,3-5-4,185.8
157397,4-5-3,158
157397,5-4-3,194.1
157397,6-4-3,2857
157397,1-5-6,39.4
157397,2-5-6,329.7
157397,3-5-6,446.4
157397,4-5-6,141.4
157397,5-4-6,168.9
157397,6-4-5,1750
157397,1-6-2,294.2
157397,2-6-1,842.7
157397,3-6-1,1318
157397,4-6-1,584
157397,5-6-1,184.7
157397,6-5-1,786.6
157397,1-6-3,312
157397,2-6-3,1861
157397,3-6-2,2111
157397,4-6-2,984.5
157397,5-6-2,316.3
157397,6-5-2,1274
157397,1-6-4,356.5
157397,2-6-4,1867
157397,3-6-4,1144
157397,4-6-3,1037
157397,5-6-3,451.4
157397,6-5-3,1884
157397,1-6-5,206.1
157397,2-6-5,937.9
157397,3-6-5,1335
157397,4-6-5,495.4
157397,5-6-4,377.8
157397,6-5-4,1432
157303,1-2-3,4.3
157303,2-1-3,24.9
157303,3-1-2,33.5
157303,4-1-2,866
157303,5-1-2,174
157303,6-1-2,618.1
157303,1-2-4,63
157303,2-1-4,291.1
157303,3-1-4,102.8
157303,4-1-3,576.3
157303,5-1-3,143.9
157303,6-1-3,503.2
157303,1-2-5,14.7
157303,2-1-5,86.9
157303,3-1-5,27.5
157303,4-1-5,693.5
157303,5-1-4,702
157303,6-1-4,1433
157303,1-2-6,23.9
157303,2-1-6,110
157303,3-1-6,38
157303,4-1-6,690.7
157303,5-1-6,157.5
157303,6-1-5,751.5
157303,1-3-2,5.3
157303,2-3-1,98.8
157303,3-2-1,92.2
157303,4-2-1,1795
157303,5-2-1,311.8
157303,6-2-1,1079
157303,1-3-4,32.4
157303,2-3-4,907.4
157303,3-2-4,454.9
157303,4-2-3,1282
157303,5-2-3,523.3
157303,6-2-3,1398
157303,1-3-5,7.5
157303,2-3-5,323.1
157303,3-2-5,188.7
157303,4-2-5,1795
157303,5-2-4,1550
157303,6-2-4,2031
157303,1-3-6,12.9
157303,2-3-6,447.7
157303,3-2-6,226.2
157303,4-2-6,1343
157303,5-2-6,523.3
157303,6-2-5,1609
157303,1-4-2,174
157303,2-4-1,1409
157303,3-4-1,232.7
157303,4-3-1,782.6
157303,5-3-1,207.5
157303,6-3-1,853
157303,1-4-3,144.2
157303,2-4-3,1777
157303,3-4-2,467.4
157303,4-3-2,1398
157303,5-3-2,472.5
157303,6-3-2,1445
157303,1-4-5,187.2
157303,2-4-5,2132
157303,3-4-5,335.8
157303,4-3-5,1245
157303,5-3-4,1433
157303,6-3-4,1292
157303,1-4-6,205.3
157303,2-4-6,1537
157303,3-4-6,348.8
157303,4-3-6,883.9
157303,5-3-6,345.3
157303,6-3-5,1236
157303,1-5-2,27.6
157303,2-5-1,303
157303,3-5-1,67.8
157303,4-5-1,1021
157303,5-4-1,1343
157303,6-4-1,3280
157303,1-5-3,21.6
157303,2-5-3,572.5
157303,3-5-2,146.4
157303,4-5-2,1723
157303,5-4-2,2708
157303,6-4-2,2891
157303,1-5-4,179.9
157303,2-5-4,1672
157303,3-5-4,305.7
157303,4-5-3,1332
157303,5-4-3,2159
157303,6-4-3,2244
157303,1-5-6,43.1
157303,2-5-6,651.1
157303,3-5-6,107.9
157303,4-5-6,947.8
157303,5-4-6,1961
157303,6-4-5,2305
157303,1-6-2,78.4
157303,2-6-1,415.1
157303,3-6-1,112.1
157303,4-6-1,1322
157303,5-6-1,244.7
157303,6-5-1,1015
157303,1-6-3,57.7
157303,2-6-3,1227
157303,3-6-2,279.6
157303,4-6-2,1895
157303,5-6-2,520.1
157303,6-5-2,1354
157303,1-6-4,333.8
157303,2-6-4,1983
157303,3-6-4,377.4
157303,4-6-3,1236
157303,5-6-3,365.3
157303,6-5-3,1193
157303,1-6-5,112.4
157303,2-6-5,1152
157303,3-6-5,208.5
157303,4-6-5,1689
157303,5-6-4,1093
157303,6-5-4,1814
157304,1-2-3,62.5
157304,2-1-3,83.9
157304,3-1-2,118.9
157304,4-1-2,246.9
157304,5-1-2,1439
157304,6-1-2,27.1
157304,1-2-4,125.5
157304,2-1-4,142.6
157304,3-1-4,98.7
157304,4-1-3,219.7
157304,5-1-3,1713
157304,6-1-3,19.9
157304,1-2-5,398
157304,2-1-5,431
157304,3-1-5,417.7
157304,4-1-5,571
157304,5-1-4,2148
157304,6-1-4,40.7
157304,1-2-6,35.7
157304,2-1-6,47.3
157304,3-1-6,45
157304,4-1-6,127.4
157304,5-1-6,1253
157304,6-1-5,110.2
157304,1-3-2,75.6
157304,2-3-1,113
157304,3-2-1,154.8
157304,4-2-1,471.5
157304,5-2-1,2374
157304,6-2-1,31.4
157304,1-3-4,69.7
157304,2-3-4,85
157304,3-2-4,109.9
157304,4-2-3,309.7
157304,5-2-3,1289
157304,6-2-3,21.5
157304,1-3-5,349.7
157304,2-3-5,352.4
157304,3-2-5,417.7
157304,4-2-5,820.2
157304,5-2-4,1503
157304,6-2-4,50.5
157304,1-3-6,21.7
157304,2-3-6,35.3
157304,3-2-6,42.5
157304,4-2-6,167.2
157304,5-2-6,1276
157304,6-2-5,118.5
157304,1-4-2,193.3
157304,2-4-1,227.8
157304,3-4-1,171.9
157304,4-3-1,242.9
157304,5-3-1,1487
157304,6-3-1,24.2
157304,1-4-3,132.6
157304,2-4-3,135.4
157304,3-4-2,130.3
157304,4-3-2,201.7
157304,5-3-2,1455
157304,6-3-2,19.7
157304,1-4-5,591
157304,2-4-5,471.5
157304,3-4-5,461.9
157304,4-3-5,547.9
157304,5-3-4,1804
157304,6-3-4,26.1
157304,1-4-6,70.1
157304,2-4-6,76.9
157304,3-4-6,49.9
157304,4-3-6,87.4
157304,5-3-6,1118
157304,6-3-5,92.3
157304,1-5-2,820.2
157304,2-5-1,1002
157304,3-5-1,959.8
157304,4-5-1,623.7
157304,5-4-1,2333
157304,6-4-1,56.6
157304,1-5-3,716.1
157304,2-5-3,810.4
157304,3-5-2,856.6
157304,4-5-2,563.9
157304,5-4-2,2050
157304,6-4-2,55
157304,1-5-4,1156
157304,2-5-4,773.4
157304,3-5-4,851.2
157304,4-5-3,647.5
157304,5-4-3,2182
157304,6-4-3,32.4
157304,1-5-6,417.7
157304,2-5-6,468.3
157304,3-5-6,457.2
157304,4-5-6,405.2
157304,5-4-6,1381
157304,6-4-5,104.4
157304,1-6-2,29.7
157304,2-6-1,40.4
157304,3-6-1,33
157304,4-6-1,84.7
157304,5-6-1,1109
157304,6-5-1,160.7
157304,1-6-3,19.3
157304,2-6-3,24.8
157304,3-6-2,23.5
157304,4-6-2,75.8
157304,5-6-2,1219
157304,6-5-2,173.7
157304,1-6-4,42.1
157304,2-6-4,45.2
157304,3-6-4,29.3
157304,4-6-3,55.3
157304,5-6-3,867.5
157304,6-5-3,160.1
157304,1-6-5,158.1
157304,2-6-5,135.6
157304,3-6-5,129.5
157304,4-6-5,163.4
157304,5-6-4,1137
157304,6-5-4,193
157305,1-2-3,95.4
157305,2-1-3,222.5
157305,3-1-2,108.7
157305,4-1-2,153
157305,5-1-2,527.5
157305,6-1-2,320.4
157305,1-2-4,85.4
157305,2-1-4,238.1
157305,3-1-4,30.8
157305,4-1-3,50
157305,5-1-3,236.9
157305,6-1-3,168.1
157305,1-2-5,192.1
157305,2-1-5,392.9
157305,3-1-5,52.8
157305,4-1-5,44.3
157305,5-1-4,174.5
157305,6-1-4,129.3
157305,1-2-6,189.4
157305,2-1-6,489.6
157305,3-1-6,58.7
157305,4-1-6,52.2
157305,5-1-6,335
157305,6-1-5,272
157305,1-3-2,63.7
157305,2-3-1,247.3
157305,3-2-1,217.5
157305,4-2-1,267.4
157305,5-2-1,691.9
157305,6-2-1,430.1
157305,1-3-4,24
157305,2-3-4,167.5
157305,3-2-4,94.7
157305,4-2-3,177.1
157305,5-2-3,434
157305,6-2-3,343.4
157305,1-3-5,39.9
157305,2-3-5,385
157305,3-2-5,232.3
157305,4-2-5,190.2
157305,5-2-4,392.9
157305,6-2-4,271.2
157305,1-3-6,54.8
157305,2-3-6,444.1
157305,3-2-6,204.4
157305,4-2-6,190.9
157305,5-2-6,628.2
157305,6-2-5,482.2
157305,1-4-2,64.5
157305,2-4-1,305
157305,3-4-1,30.6
157305,4-3-1,43
157305,5-3-1,266.7
157305,6-3-1,183.6
157305,1-4-3,27.3
157305,2-4-3,193.6
157305,3-4-2,73.7
157305,4-3-2,125.3
157305,5-3-2,361.6
157305,6-3-2,298.3
157305,1-4-5,33.6
157305,2-4-5,284.1
157305,3-4-5,16
157305,4-3-5,19.1
157305,5-3-4,95.8
157305,6-3-4,78.2
157305,1-4-6,43.6
157305,2-4-6,377.4
157305,3-4-6,20.9
157305,4-3-6,28.4
157305,5-3-6,153.7
157305,6-3-5,151
157305,1-5-2,196.8
157305,2-5-1,728.9
157305,3-5-1,82.3
157305,4-5-1,40.6
157305,5-4-1,128.8
157305,6-4-1,108.5
157305,1-5-3,99.6
157305,2-5-3,489.6
157305,3-5-2,189.4
157305,4-5-2,116
157305,5-4-2,187.2
157305,6-4-2,188.3
157305,1-5-4,82.4
157305,2-5-4,415.1
157305,3-5-4,34.7
157305,4-5-3,23.7
157305,5-4-3,76.6
157305,6-4-3,75.9
157305,1-5-6,143.1
157305,2-5-6,667.7
157305,3-5-6,61.9
157305,4-5-6,25.6
157305,5-4-6,63.9
157305,6-4-5,80
157305,1-6-2,215.5
157305,2-6-1,1060
157305,3-6-1,126.8
157305,4-6-1,63.6
157305,5-6-1,367.2
157305,6-5-1,316.1
157305,1-6-3,111.2
157305,2-6-3,663.1
157305,3-6-2,228.4
157305,4-6-2,144.8
157305,5-6-2,475
157305,6-5-2,426.2
157305,1-6-4,98.8
157305,2-6-4,497.3
157305,3-6-4,57.4
157305,4-6-3,48.6
157305,5-6-3,169.6
157305,6-5-3,172.9
157305,1-6-5,162.9
157305,2-6-5,845
157305,3-6-5,101
157305,4-6-5,42.2
157305,5-6-4,105.8
157305,6-5-4,117.3
157306,1-2-3,64.1
157306,2-1-3,318
157306,3-1-2,701.6
157306,4-1-2,9.4
157306,5-1-2,1352
157306,6-1-2,128.7
157306,1-2-4,6.3
157306,2-1-4,45.3
157306,3-1-4,503.4
157306,4-1-3,55.2
157306,5-1-3,2041
157306,6-1-3,433.4
157306,1-2-5,362.1
157306,2-1-5,438.5
157306,3-1-5,1537
157306,4-1-5,88.1
157306,5-1-4,1207
157306,6-1-4,105.9
157306,1-2-6,18.9
157306,2-1-6,109.8
157306,3-1-6,715
157306,4-1-6,10.3
157306,5-1-6,1290
157306,6-1-5,790.6
157306,1-3-2,149
157306,2-3-1,645.2
157306,3-2-1,1020
157306,4-2-1,23.7
157306,5-2-1,2041
157306,6-2-1,215
157306,1-3-4,75.3
157306,2-3-4,567
157306,3-2-4,442
157306,4-2-3,132.8
157306,5-2-3,1627
157306,6-2-3,819.4
157306,1-3-5,729
157306,2-3-5,1840
157306,3-2-5,2118
157306,4-2-5,204.5
157306,5-2-4,1603
157306,6-2-4,202.2
157306,1-3-6,174.3
157306,2-3-6,927.8
157306,3-2-6,1305
157306,4-2-6,30
157306,5-2-6,2079
157306,6-2-5,1810
157306,1-4-2,5.1
157306,2-4-1,52.3
157306,3-4-1,613.5
157306,4-3-1,186.1
157306,5-3-1,3871
157306,6-3-1,1122
157306,1-4-3,32.3
157306,2-4-3,360.9
157306,3-4-2,863.6
157306,4-3-2,226.3
157306,5-3-2,2338
157306,6-3-2,1320
157306,1-4-5,131
157306,2-4-5,594
157306,3-4-5,1782
157306,4-3-5,935.5
157306,5-3-4,2291
157306,6-3-4,943.4
157306,1-4-6,9.4
157306,2-4-6,96.8
157306,3-4-6,701.6
157306,4-3-6,296.2
157306,5-3-6,3742
157306,6-3-5,2610
157306,1-5-2,967.8
157306,2-5-1,1701
157306,3-5-1,3034
157306,4-5-1,162.9
157306,5-4-1,1169
157306,6-4-1,102.9
157306,1-5-3,1207
157306,2-5-3,3207
157306,3-5-2,2673
157306,4-5-2,234.3
157306,5-4-2,1517
157306,6-4-2,132
157306,1-5-4,527
157306,2-5-4,1701
157306,3-5-4,2041
157306,4-5-3,620.2
157306,5-4-3,2079
157306,6-4-3,519.7
157306,1-5-6,758.5
157306,2-5-6,2159
157306,3-5-6,3034
157306,4-5-6,145
157306,5-4-6,1181
157306,6-4-5,498.9
157306,1-6-2,33.1
157306,2-6-1,260.4
157306,3-6-1,1220
157306,4-6-1,16
157306,5-6-1,1871
157306,6-5-1,1111
157306,1-6-3,152.1
157306,2-6-3,877.1
157306,3-6-2,1352
157306,4-6-2,22.4
157306,5-6-2,2245
157306,6-5-2,2079
157306,1-6-4,24.1
157306,2-6-4,224.5
157306,3-6-4,1079
157306,4-6-3,116.4
157306,5-6-3,3118
157306,6-5-3,2878
157306,1-6-5,400.9
157306,2-6-5,2118
157306,3-6-5,2806
157306,4-6-5,95.6
157306,5-6-4,1537
157306,6-5-4,1039
157307,1-2-3,10.2
157307,2-1-3,69.5
157307,3-1-2,282.7
157307,4-1-2,77.6
157307,5-1-2,34.2
157307,6-1-2,1554
157307,1-2-4,8.6
157307,2-1-4,58.2
157307,3-1-4,410.1
157307,4-1-3,216.5
157307,5-1-3,87
157307,6-1-3,4072
157307,1-2-5,4.5
157307,2-1-5,40.3
157307,3-1-5,253.3
157307,4-1-5,48.3
157307,5-1-4,49.9
157307,6-1-4,4385
157307,1-2-6,278.5
157307,2-1-6,606.5
157307,3-1-6,1727
157307,4-1-6,830.2
157307,5-1-6,387.8
157307,6-1-5,2138
157307,1-3-2,20.7
157307,2-3-1,247.5
157307,3-2-1,428.6
157307,4-2-1,137.1
157307,5-2-1,71.4
157307,6-2-1,2192
157307,1-3-4,30.3
157307,2-3-4,698.1
157307,3-2-4,650.3
157307,4-2-3,624.2
157307,5-2-3,256.4
157307,6-2-3,9999
157307,1-3-5,15.6
157307,2-3-5,462.2
157307,3-2-5,734
157307,4-2-5,140.6
157307,5-2-4,130.8
157307,6-2-4,5701
157307,1-3-6,490
157307,2-3-6,3420
157307,3-2-6,3420
157307,4-2-6,1800
157307,5-2-6,753.4
157307,6-2-5,3109
157307,1-4-2,19
157307,2-4-1,177.2
157307,3-4-1,606.5
157307,4-3-1,572
157307,5-3-1,277.2
157307,6-3-1,5517
157307,1-4-3,34.5
157307,2-4-3,495.7
157307,3-4-2,1018
157307,4-3-2,960.9
157307,5-3-2,387.8
157307,6-3-2,8552
157307,1-4-5,16.1
157307,2-4-5,251.9
157307,3-4-5,834.3
157307,4-3-5,583.7
157307,5-3-4,558.9
157307,6-3-4,4171
157307,1-4-6,507.5
157307,2-4-6,1800
157307,3-4-6,3109
157307,4-3-6,3420
157307,5-3-6,1921
157307,6-3-5,5183
157307,1-5-2,8.3
157307,2-5-1,98.7
157307,3-5-1,456.1
157307,4-5-1,52.5
157307,5-4-1,72.8
157307,6-4-1,5897
157307,1-5-3,16.8
157307,2-5-3,301.1
157307,3-5-2,640.6
157307,4-5-2,80.9
157307,5-4-2,102.9
157307,6-4-2,5183
157307,1-5-4,16.9
157307,2-5-4,207.3
157307,3-5-4,834.3
157307,4-5-3,242.6
157307,5-4-3,299.5
157307,6-4-3,9999
157307,1-5-6,265.1
157307,2-5-6,1295
157307,3-5-6,2850
157307,4-5-6,645.4
157307,5-4-6,756.8
157307,6-4-5,6841
157307,1-6-2,1030
157307,2-6-1,2221
157307,3-6-1,4072
157307,4-6-1,2012
157307,5-6-1,914.6
157307,6-5-1,2221
157307,1-6-3,1248
157307,2-6-3,6841
157307,3-6-2,5897
157307,4-6-2,1900
157307,5-6-2,1117
157307,6-5-2,2672
157307,1-6-4,1613
157307,2-6-4,3977
157307,3-6-4,4501
157307,4-6-3,3490
157307,5-6-3,2111
157307,6-5-3,9999
157307,1-6-5,1024
157307,2-6-5,2803
157307,3-6-5,5183
157307,4-6-5,1839
157307,5-6-4,1437
157307,6-5-4,7126
157308,1-2-3,9.3
157308,2-1-3,15.6
157308,3-1-2,213.4
157308,4-1-2,1088
157308,5-1-2,593.8
157308,6-1-2,19.7
157308,1-2-4,33.5
157308,2-1-4,49.2
157308,3-1-4,607.6
157308,4-1-3,2292
157308,5-1-3,1232
157308,6-1-3,57.6
157308,1-2-5,40.1
157308,2-1-5,52.7
157308,3-1-5,691.2
157308,4-1-5,1866
157308,5-1-4,1765
157308,6-1-4,162.1
157308,1-2-6,5.2
157308,2-1-6,8
157308,3-1-6,266
157308,4-1-6,997.3
157308,5-1-6,746.5
157308,6-1-5,82.2
157308,1-3-2,28.4
157308,2-3-1,49.1
157308,3-2-1,245.1
157308,4-2-1,1404
157308,5-2-1,607.6
157308,6-2-1,25.4
157308,1-3-4,129.3
157308,2-3-4,176.7
157308,3-2-4,414.7
157308,4-2-3,1696
157308,5-2-3,907.3
157308,6-2-3,65.9
157308,1-3-5,168.3
157308,2-3-5,173
157308,3-2-5,710
157308,4-2-5,1519
157308,5-2-4,1221
157308,6-2-4,178.9
157308,1-3-6,33.4
157308,2-3-6,38.6
157308,3-2-6,207.7
157308,4-2-6,848.3
157308,5-2-6,643.6
157308,6-2-5,90.7
157308,1-4-2,192.1
157308,2-4-1,263.4
157308,3-4-1,1789
157308,4-3-1,2721
157308,5-3-1,2333
157308,6-3-1,240.6
157308,1-4-3,354
157308,2-4-3,319.4
157308,3-4-2,1280
157308,4-3-2,1613
157308,5-3-2,2041
157308,6-3-2,192.1
157308,1-4-5,528.9
157308,2-4-5,558.3
157308,3-4-5,2779
157308,4-3-5,3438
157308,5-3-4,4214
157308,6-3-4,894.8
157308,1-4-6,226.4
157308,2-4-6,207.3
157308,3-4-6,1633
157308,4-3-6,2613
157308,5-3-6,4214
157308,6-3-5,546.6
157308,1-5-2,154.9
157308,2-5-1,245.1
157308,3-5-1,2073
157308,4-5-1,2969
157308,5-4-1,3438
157308,6-4-1,622.1
157308,1-5-3,371.1
157308,2-5-3,398.3
157308,3-5-2,1593
157308,4-5-2,2141
157308,5-4-2,2214
157308,6-4-2,568
157308,1-5-4,560.7
157308,2-5-4,535.4
157308,3-5-4,2512
157308,4-5-3,3531
157308,5-4-3,5226
157308,6-4-3,1501
157308,1-5-6,180.9
157308,2-5-6,194.7
157308,3-5-6,1893
157308,4-5-6,3438
157308,5-4-6,4666
157308,6-4-5,1256
157308,1-6-2,8.2
157308,2-6-1,15.9
157308,3-6-1,380.9
157308,4-6-1,1468
157308,5-6-1,997.3
157308,6-5-1,249.3
157308,1-6-3,19.9
157308,2-6-3,32.7
157308,3-6-2,293.6
157308,4-6-2,1177
157308,5-6-2,806.5
157308,6-5-2,264.4
157308,1-6-4,87.8
157308,2-6-4,99.3
157308,3-6-4,1045
157308,4-6-3,3110
157308,5-6-3,2333
157308,6-5-3,535.4
157308,1-6-5,68.2
157308,2-6-5,72.4
157308,3-6-5,1116
157308,4-6-5,2969
157308,5-6-4,3110
157308,6-5-4,933.2
157309,1-2-3,62.7
157309,2-1-3,207.5
157309,3-1-2,129.6
157309,4-1-2,69.2
157309,5-1-2,217.5
157309,6-1-2,1700
157309,1-2-4,54.4
157309,2-1-4,197.9
157309,3-1-4,19.3
157309,4-1-3,33.3
157309,5-1-3,105.9
157309,6-1-3,2291
157309,1-2-5,87.9
157309,2-1-5,252.2
157309,3-1-5,29.9
157309,4-1-5,23.5
157309,5-1-4,82.4
157309,6-1-4,1581
157309,1-2-6,325.3
157309,2-1-6,1039
157309,3-1-6,267.9
157309,4-1-6,145.9
157309,5-1-6,276.5
157309,6-1-5,2338
157309,1-3-2,53.9
157309,2-3-1,324.4
157309,3-2-1,280.6
157309,4-2-1,135.2
157309,5-2-1,340.1
157309,6-2-1,3401
157309,1-3-4,12.5
157309,2-3-4,237.3
157309,3-2-4,158.1
157309,4-2-3,150
157309,5-2-3,396.6
157309,6-2-3,3207
157309,1-3-5,19.3
157309,2-3-5,302.5
157309,3-2-5,209
157309,4-2-5,111
157309,5-2-4,272.4
157309,6-2-4,1840
157309,1-3-6,184.9
157309,2-3-6,1421
157309,3-2-6,951.3
157309,4-2-6,333.1
157309,5-2-6,831.5
157309,6-2-5,3508
157309,1-4-2,42.7
157309,2-4-1,250
157309,3-4-1,25.9
157309,4-3-1,33.1
157309,5-3-1,118.4
157309,6-3-1,3118
157309,1-4-3,15.2
157309,2-4-3,247.8
157309,3-4-2,74.1
157309,4-3-2,81.4
157309,5-3-2,295.4
157309,6-3-2,4880
157309,1-4-5,18.5
157309,2-4-5,251.7
157309,3-4-5,15.8
157309,4-3-5,18
157309,5-3-4,64
157309,6-3-4,2078
157309,1-4-6,153.3
157309,2-4-6,1069
157309,3-4-6,124.1
157309,4-3-6,113.6
157309,5-3-6,343.3
157309,6-3-5,2954
157309,1-5-2,107.5
157309,2-5-1,465.8
157309,3-5-1,44.1
157309,4-5-1,18.1
157309,5-4-1,48.8
157309,6-4-1,1581
157309,1-5-3,41.5
157309,2-5-3,393.8
157309,3-5-2,130
157309,4-5-2,43.6
157309,5-4-2,104.1
157309,6-4-2,1902
157309,1-5-4,40.5
157309,2-5-4,310.9
157309,3-5-4,31.5
157309,4-5-3,17.1
157309,5-4-3,50
157309,6-4-3,1754
157309,1-5-6,279.2
157309,2-5-6,1369
157309,3-5-6,200.1
157309,4-5-6,35.1
157309,5-4-6,86.1
157309,6-4-5,844
157309,1-6-2,774.2
157309,2-6-1,1935
157309,3-6-1,984.7
157309,4-6-1,318
157309,5-6-1,547.6
157309,6-5-1,2291
157309,1-6-3,575.6
157309,2-6-3,2201
157309,3-6-2,1049
157309,4-6-2,503.4
157309,5-6-2,959.4
157309,6-5-2,2878
157309,1-6-4,438.5
157309,2-6-4,1169
157309,3-6-4,597.1
157309,4-6-3,284.9
157309,5-6-3,758.5
157309,6-5-3,3118
157309,1-6-5,645.1
157309,2-6-5,1871
157309,3-6-5,652.6
157309,4-6-5,218.4
157309,5-6-4,371.7
157309,6-5-4,870.2
157310,1-2-3,24.3
157310,2-1-3,59
157310,3-1-2,181.4
157310,4-1-2,11.1
157310,5-1-2,773.5
157310,6-1-2,1978
157310,1-2-4,8.9
157310,2-1-4,25.3
157310,3-1-4,112.3
157310,4-1-3,19.2
157310,5-1-3,887.6
157310,6-1-3,3742
157310,1-2-5,80.5
157310,2-1-5,167.4
157310,3-1-5,496.3
157310,4-1-5,20.8
157310,5-1-4,385.7
157310,6-1-4,2884
157310,1-2-6,364.3
157310,2-1-6,706.4
157310,3-1-6,1591
157310,4-1-6,168.6
157310,5-1-6,1384
157310,6-1-5,4615
157310,1-3-2,35.9
157310,2-3-1,110.1
157310,3-2-1,212.7
157310,4-2-1,14.2
157310,5-2-1,1018
157310,6-2-1,3643
157310,1-3-4,23.7
157310,2-3-4,56.1
157310,3-2-4,103.4
157310,4-2-3,20.9
157310,5-2-3,824.2
157310,6-2-3,5538
157310,1-3-5,149.5
157310,2-3-5,274.1
157310,3-2-5,498
157310,4-2-5,22.5
157310,5-2-4,526.5
157310,6-2-4,4072
157310,1-3-6,449.5
157310,2-3-6,1648
157310,3-2-6,1923
157310,4-2-6,226.2
157310,5-2-6,2066
157310,6-2-5,6020
157310,1-4-2,7.8
157310,2-4-1,23.3
157310,3-4-1,94.7
157310,4-3-1,42.7
157310,5-3-1,1730
157310,6-3-1,2946
157310,1-4-3,12.3
157310,2-4-3,31
157310,3-4-2,96
157310,4-3-2,40.1
157310,5-3-2,975.1
157310,6-3-2,4466
157310,1-4-5,42.5
157310,2-4-5,65.5
157310,3-4-5,257.8
157310,4-3-5,55.1
157310,5-3-4,1041
157310,6-3-4,3643
157310,1-4-6,278
157310,2-4-6,460
157310,3-4-6,1473
157310,4-3-6,383.5
157310,5-3-6,4945
157310,6-3-5,6923
157310,1-5-2,192
157310,2-5-1,358.7
157310,3-5-1,844.3
157310,4-5-1,26.5
157310,5-4-1,311.8
157310,6-4-1,2346
157310,1-5-3,302.9
157310,2-5-3,514.7
157310,3-5-2,844.3
157310,4-5-2,29.2
157310,5-4-2,417
157310,6-4-2,2884
157310,1-5-4,150.1
157310,2-5-4,297.1
157310,3-5-4,777.9
157310,4-5-3,43.8
157310,5-4-3,659.3
157310,6-4-3,5128
157310,1-5-6,1065
157310,2-5-6,1331
157310,3-5-6,4072
157310,4-5-6,121.1
157310,5-4-6,989
157310,6-4-5,3643
157310,1-6-2,1730
157310,2-6-1,2387
157310,3-6-1,2884
157310,4-6-1,343.5
157310,5-6-1,2517
157310,6-5-1,4466
157310,1-6-3,1648
157310,2-6-3,3010
157310,3-6-2,3377
157310,4-6-2,399
157310,5-6-2,2946
157310,6-5-2,7287
157310,1-6-4,1370
157310,2-6-4,1950
157310,3-6-4,4072
157310,4-6-3,599.4
157310,5-6-3,4945
157310,6-5-3,9231
157310,1-6-5,1950
157310,2-6-5,3220
157310,3-6-5,4327
157310,4-6-5,419.6
157310,5-6-4,2715
157310,6-5-4,4072
157311,1-2-3,29
157311,2-1-3,94.5
157311,3-1-2,299.4
157311,4-1-2,242.3
157311,5-1-2,19.9
157311,6-1-2,621.3
157311,1-2-4,32.8
157311,2-1-4,103.9
157311,3-1-4,311.2
157311,4-1-3,381.7
157311,5-1-3,65.8
157311,6-1-3,1589
157311,1-2-5,9
157311,2-1-5,28
157311,3-1-5,176.3
157311,4-1-5,112.9
157311,5-1-4,64.7
157311,6-1-4,1544
157311,1-2-6,50.9
157311,2-1-6,117.8
157311,3-1-6,552.7
157311,4-1-6,264
157311,5-1-6,31.9
157311,6-1-5,469.5
157311,1-3-2,47.2
157311,2-3-1,222.4
157311,3-2-1,329.2
157311,4-2-1,301
157311,5-2-1,30.3
157311,6-2-1,851.9
157311,1-3-4,61.7
157311,2-3-4,208.4
157311,3-2-4,245.2
157311,4-2-3,461.6
157311,5-2-3,89
157311,6-2-3,761.6
157311,1-3-5,30
157311,2-3-5,101.6
157311,3-2-5,154.9
157311,4-2-5,164.2
157311,5-2-4,81
157311,6-2-4,1878
157311,1-3-6,103.5
157311,2-3-6,265.2
157311,3-2-6,379
157311,4-2-6,347.9
157311,5-2-6,39.6
157311,6-2-5,430.4
157311,1-4-2,60.3
157311,2-4-1,213.2
157311,3-4-1,380.8
157311,4-3-1,511.7
157311,5-3-1,158.7
157311,6-3-1,2040
157311,1-4-3,83.8
157311,2-4-3,259.4
157311,3-4-2,335.9
157311,4-3-2,619
157311,5-3-2,166.6
157311,6-3-2,1991
157311,1-4-5,30.5
157311,2-4-5,100.1
157311,3-4-5,187.1
157311,4-3-5,263.6
157311,5-3-4,222.7
157311,6-3-4,1899
157311,1-4-6,122.2
157311,2-4-6,228.9
157311,3-4-6,533.1
157311,4-3-6,621.3
157311,5-3-6,222.1
157311,6-3-5,1163
157311,1-5-2,9.9
157311,2-5-1,31.3
157311,3-5-1,191
157311,4-5-1,75.9
157311,5-4-1,78.8
157311,6-4-1,1574
157311,1-5-3,22.3
157311,2-5-3,71.3
157311,3-5-2,160.9
157311,4-5-2,87.3
157311,5-4-2,83.1
157311,6-4-2,1686
157311,1-5-4,18.9
157311,2-5-4,71.5
157311,3-5-4,185
157311,4-5-3,174.5
157311,5-4-3,195.5
157311,6-4-3,2295
157311,1-5-6,19
157311,2-5-6,47.7
157311,3-5-6,234.4
157311,4-5-6,61.4
157311,5-4-6,64.1
157311,6-4-5,645.6
157311,1-6-2,135.6
157311,2-6-1,342.9
157311,3-6-1,1059
157311,4-6-1,359.3
157311,5-6-1,61.4
157311,6-5-1,381.7
157311,1-6-3,238.4
157311,2-6-3,519.7
157311,3-6-2,879.1
157311,4-6-2,432.6
157311,5-6-2,56.5
157311,6-5-2,333.2
157311,1-6-4,245.9
157311,2-6-4,516.4
157311,3-6-4,1059
157311,4-6-3,609.8
157311,5-6-3,161.5
157311,6-5-3,860.8
157311,1-6-5,87.9
157311,2-6-5,141
157311,3-6-5,549.1
157311,4-6-5,164.2
157311,5-6-4,97.3
157311,6-5-4,496.3
157312,1-2-3,34.8
157312,2-1-3,272.5
157312,3-1-2,72.5
157312,4-1-2,773.7
157312,5-1-2,128.7
157312,6-1-2,1605
157312,1-2-4,70
157312,2-1-4,386.8
157312,3-1-4,33.5
157312,4-1-3,356.1
157312,5-1-3,26.6
157312,6-1-3,1319
157312,1-2-5,46.5
157312,2-1-5,334.4
157312,3-1-5,9.2
157312,4-1-5,250.5
157312,5-1-4,80.2
157312,6-1-4,2964
157312,1-2-6,183.6
157312,2-1-6,683.2
157312,3-1-6,44.8
157312,4-1-6,657.5
157312,5-1-6,64.8
157312,6-1-5,755.5
157312,1-3-2,21.1
157312,2-3-1,438.8
157312,3-2-1,246
157312,4-2-1,1529
157312,5-2-1,455.4
157312,6-2-1,2919
157312,1-3-4,14
157312,2-3-4,1204
157312,3-2-4,398
157312,4-2-3,1632
157312,5-2-3,503
157312,6-2-3,4587
157312,1-3-5,4.5
157312,2-3-5,752.6
157312,3-2-5,245.7
157312,4-2-5,1301
157312,5-2-4,978
157312,6-2-4,3158
157312,1-3-6,24.6
157312,2-3-6,2240
157312,3-2-6,792.8
157312,4-2-6,1328
157312,5-2-6,758.5
157312,6-2-5,4816
157312,1-4-2,86.9
157312,2-4-1,1347
157312,3-4-1,87.7
157312,4-3-1,392.4
157312,5-3-1,37.1
157312,6-3-1,1470
157312,1-4-3,43.3
157312,2-4-3,1870
157312,3-4-2,353.5
157312,4-3-2,1182
157312,5-3-2,215.9
157312,6-3-2,4281
157312,1-4-5,40.5
157312,2-4-5,2349
157312,3-4-5,52.9
157312,4-3-5,290.6
157312,5-3-4,105.7
157312,6-3-4,2321
157312,1-4-6,172.3
157312,2-4-6,1966
157312,3-4-6,208.7
157312,4-3-6,746.7
157312,5-3-6,92.6
157312,6-3-5,1014
157312,1-5-2,32.3
157312,2-5-1,749.6
157312,3-5-1,16.7
157312,4-5-1,258.2
157312,5-4-1,213.1
157312,6-4-1,3503
157312,1-5-3,8.2
157312,2-5-3,1035
157312,3-5-2,95.8
157312,4-5-2,713.5
157312,5-4-2,698
157312,6-4-2,2568
157312,1-5-4,24
157312,2-5-4,1926
157312,3-5-4,34.5
157312,4-5-3,324.9
157312,5-4-3,257.2
157312,6-4-3,3777
157312,1-5-6,36.6
157312,2-5-6,2117
157312,3-5-6,47.5
157312,4-5-6,381.5
157312,5-4-6,280
157312,6-4-5,2603
157312,1-6-2,438.8
157312,2-6-1,2919
157312,3-6-1,282
157312,4-6-1,1517
157312,5-6-1,181
157312,6-5-1,724.3
157312,1-6-3,162.3
157312,2-6-3,5070
157312,3-6-2,1211
157312,4-6-2,1553
157312,5-6-2,556.8
157312,6-5-2,2875
157312,1-6-4,347.7
157312,2-6-4,3321
157312,3-6-4,642.2
157312,4-6-3,1632
157312,5-6-3,204.3
157312,6-5-3,944.4
157312,1-6-5,193.6
157312,2-6-5,5504
157312,3-6-5,214.3
157312,4-6-5,1211
157312,5-6-4,373.3
157312,6-5-4,2378
157313,1-2-3,10
157313,2-1-3,35.6
157313,3-1-2,28.9
157313,4-1-2,392.7
157313,5-1-2,423.4
157313,6-1-2,483.8
157313,1-2-4,33.2
157313,2-1-4,88.5
157313,3-1-4,28.7
157313,4-1-3,254.4
157313,5-1-3,340.8
157313,6-1-3,357.3
157313,1-2-5,56.3
157313,2-1-5,102.6
157313,3-1-5,43.7
157313,4-1-5,461.8
157313,5-1-4,637.5
157313,6-1-4,599.9
157313,1-2-6,80
157313,2-1-6,129.8
157313,3-1-6,40
157313,4-1-6,382.5
157313,5-1-6,512.8
157313,6-1-5,804.8
157313,1-3-2,11
157313,2-3-1,37.8
157313,3-2-1,40.2
157313,4-2-1,463.2
157313,5-2-1,584.8
157313,6-2-1,703.8
157313,1-3-4,15.3
157313,2-3-4,27.2
157313,3-2-4,20.8
157313,4-2-3,243.7
157313,5-2-3,258.8
157313,6-2-3,325.1
157313,1-3-5,28.7
157313,2-3-5,34.4
157313,3-2-5,23.4
157313,4-2-5,416.8
157313,5-2-4,452.8
157313,6-2-4,674.6
157313,1-3-6,28
157313,2-3-6,41.8
157313,3-2-6,30.3
157313,4-2-6,362.1
157313,5-2-6,372
157313,6-2-5,923.7
157313,1-4-2,82.9
157313,2-4-1,172
157313,3-4-1,56.4
157313,4-3-1,243
157313,5-3-1,431.2
157313,6-3-1,343.7
157313,1-4-3,56.1
157313,2-4-3,85.2
157313,3-4-2,41.7
157313,4-3-2,217.6
157313,5-3-2,210.3
157313,6-3-2,284.7
157313,1-4-5,120.3
157313,2-4-5,151.8
157313,3-4-5,44.1
157313,4-3-5,243.7
157313,5-3-4,325.1
157313,6-3-4,326.4
157313,1-4-6,103.4
157313,2-4-6,168.6
157313,3-4-6,40.2
157313,4-3-6,173.3
157313,5-3-6,237.3
157313,6-3-5,454.1
157313,1-5-2,139
157313,2-5-1,318.1
157313,3-5-1,110.8
157313,4-5-1,551.1
157313,5-4-1,800.9
157313,6-4-1,869.4
157313,1-5-3,110.9
157313,2-5-3,124.2
157313,3-5-2,55.3
157313,4-5-2,508
157313,5-4-2,503.3
157313,6-4-2,883.6
157313,1-5-4,187
157313,2-5-4,250.5
157313,3-5-4,67.1
157313,4-5-3,353.4
157313,5-4-3,471.2
157313,6-4-3,593.3
157313,1-5-6,208.7
157313,2-5-6,194.4
157313,3-5-6,57.7
157313,4-5-6,337.3
157313,5-4-6,483.8
157313,6-4-5,939.8
157313,1-6-2,199
157313,2-6-1,351.9
157313,3-6-1,90
157313,4-6-1,367.8
157313,5-6-1,578.6
157313,6-5-1,817
157313,1-6-3,126.6
157313,2-6-3,169.7
157313,3-6-2,76.1
157313,4-6-2,471.2
157313,5-6-2,408.5
157313,6-5-2,785.4
157313,1-6-4,213.6
157313,2-6-4,306.1
157313,3-6-4,77.4
157313,4-6-3,274.6
157313,5-6-3,364.5
157313,6-5-3,521.1
157313,1-6-5,277.4
157313,2-6-5,302.7
157313,3-6-5,73.9
157313,4-6-5,446.6
157313,5-6-4,540.1
157313,6-5-4,774.2
157314,1-2-3,9.7
157314,2-1-3,95.2
157314,3-1-2,80.9
157314,4-1-2,202.2
157314,5-1-2,758.3
157314,6-1-2,259.6
157314,1-2-4,15.2
157314,2-1-4,190.5
157314,3-1-4,37.2
157314,4-1-3,94.9
157314,5-1-3,502.1
157314,6-1-3,269.3
157314,1-2-5,21.7
157314,2-1-5,231.9
157314,3-1-5,59.4
157314,4-1-5,133.9
157314,5-1-4,587.8
157314,6-1-4,254
157314,1-2-6,39.3
157314,2-1-6,416.6
157314,3-1-6,113.7
157314,4-1-6,145.2
157314,5-1-6,545.5
157314,6-1-5,403.3
157314,1-3-2,7.7
157314,2-3-1,326.1
157314,3-2-1,292.2
157314,4-2-1,503.8
157314,5-2-1,1243
157314,6-2-1,435.8
157314,1-3-4,5.8
157314,2-3-4,508.9
157314,3-2-4,308.8
157314,4-2-3,758.3
157314,5-2-3,1430
157314,6-2-3,578.8
157314,1-3-5,10.4
157314,2-3-5,871.6
157314,3-2-5,515.8
157314,4-2-5,705.4
157314,5-2-4,1613
157314,6-2-4,692.5
157314,1-3-6,21.6
157314,2-3-6,930.4
157314,3-2-6,517.6
157314,4-2-6,621.5
157314,5-2-6,1194
157314,6-2-5,1194
157314,1-4-2,19.1
157314,2-4-1,563.8
157314,3-4-1,84.3
157314,4-3-1,164.1
157314,5-3-1,725.6
157314,6-3-1,508.9
157314,1-4-3,11.8
157314,2-4-3,886.9
157314,3-4-2,340.8
157314,4-3-2,599.4
157314,5-3-2,1743
157314,6-3-2,806.7
157314,1-4-5,19.4
157314,2-4-5,876.6
157314,3-4-5,188.6
157314,4-3-5,388.8
157314,5-3-4,1274
157314,6-3-4,665.1
157314,1-4-6,27.5
157314,2-4-6,1253
157314,3-4-6,230.8
157314,4-3-6,380.1
157314,5-3-6,1157
157314,6-3-5,1060
157314,1-5-2,40.4
157314,2-5-1,919.1
157314,3-5-1,238
157314,4-5-1,210
157314,5-4-1,798.2
157314,6-4-1,502.1
157314,1-5-3,34.2
157314,2-5-3,1743
157314,3-5-2,576.6
157314,4-5-2,462.3
157314,5-4-2,1296
157314,6-4-2,1038
157314,1-5-4,46
157314,2-5-4,1849
157314,3-5-4,356.8
157314,4-5-3,385.9
157314,5-4-3,1430
157314,6-4-3,913.6
157314,1-5-6,73.2
157314,2-5-6,2297
157314,3-5-6,393.9
157314,4-5-6,286.6
157314,5-4-6,913.6
157314,6-4-5,991.2
157314,1-6-2,78.4
157314,2-6-1,802.4
157314,3-6-1,383.9
157314,4-6-1,301.5
157314,5-6-1,794
157314,6-5-1,604.2
157314,1-6-3,61.1
157314,2-6-3,1342
157314,3-6-2,729.1
157314,4-6-2,656.5
157314,5-6-2,1444
157314,6-5-2,1253
157314,1-6-4,77.1
157314,2-6-4,1263
157314,3-6-4,512.3
157314,4-6-3,541.6
157314,5-6-3,1366
157314,6-5-3,1068
157314,1-6-5,98.4
157314,2-6-5,2660
157314,3-6-5,563.8
157314,4-6-5,497.2
157314,5-6-4,1233
157314,6-5-4,984.8
157255,1-2-3,25.7
157255,2-1-3,65.8
157255,3-1-2,71.7
157255,4-1-2,43.4
157255,5-1-2,385.7
157255,6-1-2,108.4
157255,1-2-4,20.2
157255,2-1-4,53.2
157255,3-1-4,48.4
157255,4-1-3,69.5
157255,5-1-3,437.4
157255,6-1-3,138.3
157255,1-2-5,92.5
157255,2-1-5,217.2
157255,3-1-5,211.2
157255,4-1-5,71.2
157255,5-1-4,235.7
157255,6-1-4,77.1
157255,1-2-6,28.3
157255,2-1-6,61.2
157255,3-1-6,68.2
157255,4-1-6,23.1
157255,5-1-6,280.5
157255,6-1-5,290.3
157255,1-3-2,30.8
157255,2-3-1,124.1
157255,3-2-1,107.5
157255,4-2-1,77.6
157255,5-2-1,601.6
157255,6-2-1,154.8
157255,1-3-4,24.1
157255,2-3-4,107.3
157255,3-2-4,102.7
157255,4-2-3,127.1
157255,5-2-3,610.4
157255,6-2-3,196.9
157255,1-3-5,94.9
157255,2-3-5,310.9
157255,3-2-5,300.8
157255,4-2-5,180.5
157255,5-2-4,564.9
157255,6-2-4,119.5
157255,1-3-6,33.4
157255,2-3-6,123.9
157255,3-2-6,128.2
157255,4-2-6,53.9
157255,5-2-6,576.6
157255,6-2-5,465.5
157255,1-4-2,22.1
157255,2-4-1,84.5
157255,3-4-1,80.4
157255,4-3-1,101.4
157255,5-3-1,648.4
157255,6-3-1,227
157255,1-4-3,25.7
157255,2-4-3,128.5
157255,3-4-2,117.5
157255,4-3-2,138.1
157255,5-3-2,661.3
157255,6-3-2,255.2
157255,1-4-5,68.8
157255,2-4-5,252.5
157255,3-4-5,218.9
157255,4-3-5,196
157255,5-3-4,631.2
157255,6-3-4,173.7
157255,1-4-6,15.9
157255,2-4-6,62.6
157255,3-4-6,83.3
157255,4-3-6,80.5
157255,5-3-6,614.9
157255,6-3-5,452.8
157255,1-5-2,174.6
157255,2-5-1,481.6
157255,3-5-1,322.3
157255,4-5-1,72.4
157255,5-4-1,231.7
157255,6-4-1,66.7
157255,1-5-3,218.4
157255,2-5-3,542.8
157255,3-5-2,347.9
157255,4-5-2,125
157255,5-4-2,394.9
157255,6-4-2,87.9
157255,1-5-4,137.6
157255,2-5-4,519.1
157255,3-5-4,322.3
157255,4-5-3,184.3
157255,5-4-3,561.1
157255,6-4-3,115.1
157255,1-5-6,119.2
157255,2-5-6,435.1
157255,3-5-6,296
157255,4-5-6,55.3
157255,5-4-6,185.3
157255,6-4-5,151.2
157255,1-6-2,39.5
157255,2-6-1,127.4
157255,3-6-1,139.9
157255,4-6-1,26.2
157255,5-6-1,342.2
157255,6-5-1,429.5
157255,1-6-3,55.2
157255,2-6-3,184.5
157255,3-6-2,182.1
157255,4-6-2,35.9
157255,5-6-2,493
157255,6-5-2,582.7
157255,1-6-4,29.8
157255,2-6-4,90.8
157255,3-6-4,124.3
157255,4-6-3,55.3
157255,5-6-3,559.2
157255,6-5-3,612.6
157255,1-6-5,123.5
157255,2-6-5,421.9
157255,3-6-5,278.2
157255,4-6-5,51.7
157255,5-6-4,205.4
157255,6-5-4,262.4
157256,1-2-3,32.6
157256,2-1-3,143.1
157256,3-1-2,41.1
157256,4-1-2,234
157256,5-1-2,495
157256,6-1-2,83.9
157256,1-2-4,65.2
157256,2-1-4,247.9
157256,3-1-4,27.7
157256,4-1-3,117.3
157256,5-1-3,211.6
157256,6-1-3,46.8
157256,1-2-5,107.9
157256,2-1-5,332
157256,3-1-5,36
157256,4-1-5,117
157256,5-1-4,300
157256,6-1-4,95
157256,1-2-6,52.3
157256,2-1-6,189.6
157256,3-1-6,15.6
157256,4-1-6,66.6
157256,5-1-6,106.7
157256,6-1-5,82.6
157256,1-3-2,16.8
157256,2-3-1,180.6
157256,3-2-1,94.6
157256,4-2-1,339.4
157256,5-2-1,729.4
157256,6-2-1,157.6
157256,1-3-4,16
157256,2-3-4,316.6
157256,3-2-4,172
157256,4-2-3,431.2
157256,5-2-3,678.8
157256,6-2-3,260.2
157256,1-3-5,27.2
157256,2-3-5,440.9
157256,3-2-5,230
157256,4-2-5,414.2
157256,5-2-4,757.6
157256,6-2-4,323.4
157256,1-3-6,11.5
157256,2-3-6,241.8
157256,3-2-6,124.7
157256,4-2-6,240.9
157256,5-2-6,733.3
157256,6-2-5,482.8
157256,1-4-2,99.6
157256,2-4-1,359.9
157256,3-4-1,48.7
157256,4-3-1,119
157256,5-3-1,289.3
157256,6-3-1,63.4
157256,1-4-3,41.3
157256,2-4-3,471.2
157256,3-4-2,142.6
157256,4-3-2,278.7
157256,5-3-2,566.6
157256,6-3-2,179.4
157256,1-4-5,110.1
157256,2-4-5,682.2
157256,3-4-5,103.1
157256,4-3-5,165.6
157256,5-3-4,466.4
157256,6-3-4,105.7
157256,1-4-6,45.3
157256,2-4-6,336.9
157256,3-4-6,32.6
157256,4-3-6,73
157256,5-3-6,246.6
157256,6-3-5,187.5
157256,1-5-2,180.4
157256,2-5-1,626.1
157256,3-5-1,96
157256,4-5-1,114.1
157256,5-4-1,303.3
157256,6-4-1,112.4
157256,1-5-3,81.4
157256,2-5-3,757.6
157256,3-5-2,266.2
157256,4-5-2,260.2
157256,5-4-2,525.3
157256,6-4-2,310.2
157256,1-5-4,152.3
157256,2-5-4,1124
157256,3-5-4,140.9
157256,4-5-3,211.2
157256,5-4-3,461.7
157256,6-4-3,143.4
157256,1-5-6,53.7
157256,2-5-6,816.2
157256,3-5-6,88
157256,4-5-6,81.2
157256,5-4-6,211.6
157256,6-4-5,180.1
157256,1-6-2,52.7
157256,2-6-1,349.8
157256,3-6-1,26.2
157256,4-6-1,63.5
157256,5-6-1,131
157256,6-5-1,112.2
157256,1-6-3,23.1
157256,2-6-3,406.9
157256,3-6-2,92.7
157256,4-6-2,174.4
157256,5-6-2,606.7
157256,6-5-2,469.6
157256,1-6-4,50.8
157256,2-6-4,460.1
157256,3-6-4,37.2
157256,4-6-3,78
157256,5-6-3,243.1
157256,6-5-3,230.8
157256,1-6-5,43.7
157256,2-6-5,932.8
157256,3-6-5,71.2
157256,4-6-5,80.4
157256,5-6-4,257.7
157256,6-5-4,256.3
157257,1-2-3,36.3
157257,2-1-3,77.7
157257,3-1-2,174
157257,4-1-2,319.4
157257,5-1-2,75.2
157257,6-1-2,39
157257,1-2-4,47.1
157257,2-1-4,76.7
157257,3-1-4,283.7
157257,4-1-3,601.8
157257,5-1-3,181.5
157257,6-1-3,102.7
157257,1-2-5,15.1
157257,2-1-5,34.6
157257,3-1-5,161.9
157257,4-1-5,252.4
157257,5-1-4,223.3
157257,6-1-4,153.7
157257,1-2-6,14.7
157257,2-1-6,29.6
157257,3-1-6,105.9
157257,4-1-6,232.4
157257,5-1-6,42.5
157257,6-1-5,46.5
157257,1-3-2,56
157257,2-3-1,151
157257,3-2-1,277.5
157257,4-2-1,368.8
157257,5-2-1,85.5
157257,6-2-1,39.9
157257,1-3-4,122.1
157257,2-3-4,354
157257,3-2-4,299.3
157257,4-2-3,598.7
157257,5-2-3,264.7
157257,6-2-3,110.3
157257,1-3-5,50.7
157257,2-3-5,259.3
157257,3-2-5,249.1
157257,4-2-5,310.7
157257,5-2-4,283.7
157257,6-2-4,148.7
157257,1-3-6,42.6
157257,2-3-6,161.7
157257,3-2-6,137.1
157257,4-2-6,269.7
157257,5-2-6,68.2
157257,6-2-5,54
157257,1-4-2,89.5
157257,2-4-1,148.3
157257,3-4-1,531.8
157257,4-3-1,757.3
157257,5-3-1,278.9
157257,6-3-1,136.3
157257,1-4-3,178.9
157257,2-4-3,423.5
157257,3-4-2,544.5
157257,4-3-2,840.8
157257,5-3-2,280.2
157257,6-3-2,118.8
157257,1-4-5,117.1
157257,2-4-5,219.9
157257,3-4-5,560.5
157257,4-3-5,701.5
157257,5-3-4,608.2
157257,6-3-4,408.4
157257,1-4-6,85.8
157257,2-4-6,163.1
157257,3-4-6,431.5
157257,4-3-6,547.1
157257,5-3-6,131.8
157257,6-3-5,115.7
157257,1-5-2,25.2
157257,2-5-1,59.8
157257,3-5-1,244.8
157257,4-5-1,196.1
157257,5-4-1,231.4
157257,6-4-1,246.9
157257,1-5-3,69.8
157257,2-5-3,231.4
157257,3-5-2,242.7
157257,4-5-2,256.9
157257,5-4-2,227.3
157257,6-4-2,215.7
157257,1-5-4,102.2
157257,2-5-4,228.2
157257,3-5-4,482.5
157257,4-5-3,544.5
157257,5-4-3,580.4
157257,6-4-3,621.5
157257,1-5-6,21.3
157257,2-5-6,51
157257,3-5-6,113.3
157257,4-5-6,139.9
157257,5-4-6,137.1
157257,6-4-5,137.2
157257,1-6-2,19.8
157257,2-6-1,47.6
157257,3-6-1,135.6
157257,4-6-1,262.2
157257,5-6-1,31.8
157257,6-5-1,45.6
157257,1-6-3,49.6
157257,2-6-3,150.2
157257,3-6-2,138.9
157257,4-6-2,309
157257,5-6-2,37.5
157257,6-5-2,40.4
157257,1-6-4,75.6
157257,2-6-4,159
157257,3-6-4,392.9
157257,4-6-3,566.1
157257,5-6-3,89.7
157257,6-5-3,101.1
157257,1-6-5,24.8
157257,2-6-5,55.8
157257,3-6-5,119.6
157257,4-6-5,182.3
157257,5-6-4,98.6
157257,6-5-4,95.6
157258,1-2-3,56.7
157258,2-1-3,160.7
157258,3-1-2,141.7
157258,4-1-2,375
157258,5-1-2,36.8
157258,6-1-2,189.8
157258,1-2-4,128
157258,2-1-4,257.2
157258,3-1-4,184.4
157258,4-1-3,468.6
157258,5-1-3,29.7
157258,6-1-3,176.2
157258,1-2-5,41.4
157258,2-1-5,122.4
157258,3-1-5,54.6
157258,4-1-5,121.7
157258,5-1-4,30.6
157258,6-1-4,336.3
157258,1-2-6,77.1
157258,2-1-6,183.9
157258,3-1-6,101
157258,4-1-6,190.7
157258,5-1-6,16.3
157258,6-1-5,76.1
157258,1-3-2,58.8
157258,2-3-1,294
157258,3-2-1,223.1
157258,4-2-1,529.3
157258,5-2-1,104.8
157258,6-2-1,331.5
157258,1-3-4,99.4
157258,2-3-4,644.8
157258,3-2-4,424.5
157258,4-2-3,846.3
157258,5-2-3,137.4
157258,6-2-3,331.9
157258,1-3-5,25.7
157258,2-3-5,238
157258,3-2-5,141
157258,4-2-5,255.4
157258,5-2-4,196.4
157258,6-2-4,570.4
157258,1-3-6,43.5
157258,2-3-6,393.4
157258,3-2-6,318.8
157258,4-2-6,414.3
157258,5-2-6,79
157258,6-2-5,161.1
157258,1-4-2,194.1
157258,2-4-1,626
157258,3-4-1,301.2
157258,4-3-1,586
157258,5-3-1,56.8
157258,6-3-1,247.8
157258,1-4-3,169.4
157258,2-4-3,827.2
157258,3-4-2,570.4
157258,4-3-2,872.1
157258,5-3-2,118.3
157258,6-3-2,335.4
157258,1-4-5,72.5
157258,2-4-5,394
157258,3-4-5,147.8
157258,4-3-5,293
157258,5-3-4,99
157258,6-3-4,533.7
157258,1-4-6,148.8
157258,2-4-6,537.1
157258,3-4-6,326.5
157258,4-3-6,410.3
157258,5-3-6,35.8
157258,6-3-5,115
157258,1-5-2,23
157258,2-5-1,179.4
157258,3-5-1,53.8
157258,4-5-1,74.7
157258,5-4-1,71.8
157258,6-4-1,467.7
157258,1-5-3,19.3
157258,2-5-3,205.5
157258,3-5-2,91.2
157258,4-5-2,147.1
157258,5-4-2,153.7
157258,6-4-2,592.8
157258,1-5-4,30
157258,2-5-4,354.8
157258,3-5-4,102.8
157258,4-5-3,192.5
157258,5-4-3,139.3
157258,6-4-3,580.7
157258,1-5-6,15.8
157258,2-5-6,134.2
157258,3-5-6,43.4
157258,4-5-6,46.3
157258,5-4-6,41.5
157258,6-4-5,141.2
157258,1-6-2,109.1
157258,2-6-1,319.6
157258,3-6-1,168.1
157258,4-6-1,212.9
157258,5-6-1,19.5
157258,6-5-1,58.5
157258,1-6-3,87.8
157258,2-6-3,400.7
157258,3-6-2,270.2
157258,4-6-2,300.5
157258,5-6-2,37.6
157258,6-5-2,97.6
157258,1-6-4,184.7
157258,2-6-4,590.1
157258,3-6-4,336.3
157258,4-6-3,379.4
157258,5-6-3,27.6
157258,6-5-3,77.5
157258,1-6-5,41.7
157258,2-6-5,183.3
157258,3-6-5,76
157258,4-6-5,83.6
157258,5-6-4,37.4
157258,6-5-4,101.9
157259,1-2-3,16.7
157259,2-1-3,13.9
157259,3-1-2,50
157259,4-1-2,168.2
157259,5-1-2,421.9
157259,6-1-2,437.5
157259,1-2-4,23.6
157259,2-1-4,22.2
157259,3-1-4,94.7
157259,4-1-3,282.8
157259,5-1-3,563.5
157259,6-1-3,573.5
157259,1-2-5,34.1
157259,2-1-5,30.5
157259,3-1-5,101.8
157259,4-1-5,214.5
157259,5-1-4,600
157259,6-1-4,883
157259,1-2-6,89.9
157259,2-1-6,79.2
157259,3-1-6,177.9
157259,4-1-6,410.7
157259,5-1-6,804.5
157259,6-1-5,1063
157259,1-3-2,26.7
157259,2-3-1,16.5
157259,3-2-1,34
157259,4-2-1,143.3
157259,5-2-1,367
157259,6-2-1,359.2
157259,1-3-4,54.2
157259,2-3-4,13.1
157259,3-2-4,25.7
157259,4-2-3,106.9
157259,5-2-3,177.8
157259,6-2-3,268.1
157259,1-3-5,62.9
157259,2-3-5,17
157259,3-2-5,28.4
157259,4-2-5,96
157259,5-2-4,290.8
157259,6-2-4,436.5
157259,1-3-6,147.8
157259,2-3-6,43.2
157259,3-2-6,62.3
157259,4-2-6,182.3
157259,5-2-6,413.3
157259,6-2-5,577.7
157259,1-4-2,65.4
157259,2-4-1,42.6
157259,3-4-1,89.7
157259,4-3-1,236.4
157259,5-3-1,576.9
157259,6-3-1,639.4
157259,1-4-3,108.6
157259,2-4-3,23.9
157259,3-4-2,41.4
157259,4-3-2,114.2
157259,5-3-2,217
157259,6-3-2,376.9
157259,1-4-5,92.7
157259,2-4-5,38.7
157259,3-4-5,54.6
157259,4-3-5,130.7
157259,5-3-4,435.1
157259,6-3-4,596.3
157259,1-4-6,226.2
157259,2-4-6,76.5
157259,3-4-6,102.8
157259,4-3-6,228.3
157259,5-3-6,550.8
157259,6-3-5,907.7
157259,1-5-2,97.3
157259,2-5-1,78.4
157259,3-5-1,143.7
157259,4-5-1,242.3
157259,5-4-1,660
157259,6-4-1,1016
157259,1-5-3,183.3
157259,2-5-3,47.4
157259,3-5-2,55.7
157259,4-5-2,141.8
157259,5-4-2,355.3
157259,6-4-2,699.1
157259,1-5-4,171.3
157259,2-5-4,64.6
157259,3-5-4,81.9
157259,4-5-3,230.8
157259,5-4-3,590
157259,6-4-3,793.1
157259,1-5-6,304.2
157259,2-5-6,126
157259,3-5-6,147.9
157259,4-5-6,219.7
157259,5-4-6,497.9
157259,6-4-5,901.4
157259,1-6-2,260.3
157259,2-6-1,187.3
157259,3-6-1,370.5
157259,4-6-1,691.6
157259,5-6-1,1371
157259,6-5-1,1545
157259,1-6-3,353.6
157259,2-6-3,124.7
157259,3-6-2,156.1
157259,4-6-2,348.9
157259,5-6-2,715.8
157259,6-5-2,947.4
157259,1-6-4,381
157259,2-6-4,164
157259,3-6-4,221.7
157259,4-6-3,446
157259,5-6-3,971.1
157259,6-5-3,1162
157259,1-6-5,395.3
157259,2-6-5,191.8
157259,3-6-5,225.8
157259,4-6-5,330
157259,5-6-4,891.1
157259,6-5-4,1152
157260,1-2-3,7.9
157260,2-1-3,78.6
157260,3-1-2,60.2
157260,4-1-2,130.3
157260,5-1-2,365.4
157260,6-1-2,247.5
157260,1-2-4,8
157260,2-1-4,89.9
157260,3-1-4,42.8
157260,4-1-3,108.9
157260,5-1-3,388.4
157260,6-1-3,208
157260,1-2-5,21.6
157260,2-1-5,170.9
157260,3-1-5,77
157260,4-1-5,140.8
157260,5-1-4,289
157260,6-1-4,328.1
157260,1-2-6,44.2
157260,2-1-6,370
157260,3-1-6,162
157260,4-1-6,354.4
157260,5-1-6,672.4
157260,6-1-5,523.7
157260,1-3-2,8.2
157260,2-3-1,164.3
157260,3-2-1,156.1
157260,4-2-1,286.8
157260,5-2-1,855.1
157260,6-2-1,537.3
157260,1-3-4,6.7
157260,2-3-4,257.6
157260,3-2-4,219.5
157260,4-2-3,392.9
157260,5-2-3,1132
157260,6-2-3,757.6
157260,1-3-5,16.5
157260,2-3-5,518.4
157260,3-2-5,424.9
157260,4-2-5,472.1
157260,5-2-4,1020
157260,6-2-4,1135
157260,1-3-6,29.8
157260,2-3-6,956.3
157260,3-2-6,780.6
157260,4-2-6,1062
157260,5-2-6,1675
157260,6-2-5,1355
157260,1-4-2,12.7
157260,2-4-1,218.4
157260,3-4-1,97.3
157260,4-3-1,194.5
157260,5-3-1,715.5
157260,6-3-1,391
157260,1-4-3,11.5
157260,2-4-3,333.7
157260,3-4-2,189.9
157260,4-3-2,386.6
157260,5-3-2,1090
157260,6-3-2,864.1
157260,1-4-5,22.4
157260,2-4-5,467.3
157260,3-4-5,202.8
157260,4-3-5,411.3
157260,5-3-4,878.8
157260,6-3-4,924.1
157260,1-4-6,44.7
157260,2-4-6,1187
157260,3-4-6,419.3
157260,4-3-6,806.6
157260,5-3-6,1792
157260,6-3-5,1532
157260,1-5-2,43.8
157260,2-5-1,483.2
157260,3-5-1,246.3
157260,4-5-1,217.3
157260,5-4-1,460
157260,6-4-1,745.3
157260,1-5-3,39.3
157260,2-5-3,744
157260,3-5-2,495.4
157260,4-5-2,432.5
157260,5-4-2,794.1
157260,6-4-2,1364
157260,1-5-4,46.6
157260,2-5-4,791.1
157260,3-5-4,351.6
157260,4-5-3,432.9
157260,5-4-3,839.4
157260,6-4-3,1308
157260,1-5-6,90.3
157260,2-5-6,1360
157260,3-5-6,865.9
157260,4-5-6,707
157260,5-4-6,1451
157260,6-4-5,1703
157260,1-6-2,79.5
157260,2-6-1,1073
157260,3-6-1,449
157260,4-6-1,683.5
157260,5-6-1,1191
157260,6-5-1,1226
157260,1-6-3,65.8
157260,2-6-3,1537
157260,3-6-2,1138
157260,4-6-2,1184
157260,5-6-2,1981
157260,6-5-2,1865
157260,1-6-4,91.1
157260,2-6-4,1761
157260,3-6-4,831
157260,4-6-3,1065
157260,5-6-3,1972
157260,6-5-3,1823
157260,1-6-5,141.3
157260,2-6-5,1784
157260,3-6-5,1170
157260,4-6-5,1040
157260,5-6-4,1807
157260,6-5-4,1944
157261,1-2-3,7.7
157261,2-1-3,34
157261,3-1-2,20.8
157261,4-1-2,136.4
157261,5-1-2,175.1
157261,6-1-2,370.3
157261,1-2-4,19.7
157261,2-1-4,80.2
157261,3-1-4,38.4
157261,4-1-3,110.9
157261,5-1-3,132
157261,6-1-3,235.5
157261,1-2-5,32.2
157261,2-1-5,92.4
157261,3-1-5,54.3
157261,4-1-5,130
157261,5-1-4,175.5
157261,6-1-4,365.3
157261,1-2-6,35.3
157261,2-1-6,101.3
157261,3-1-6,50.4
157261,4-1-6,129.5
157261,5-1-6,137
157261,6-1-5,347.1
157261,1-3-2,6.6
157261,2-3-1,63.4
157261,3-2-1,66.7
157261,4-2-1,273.8
157261,5-2-1,269.1
157261,6-2-1,613
157261,1-3-4,11.2
157261,2-3-4,221.2
157261,3-2-4,186.5
157261,4-2-3,377.9
157261,5-2-3,352.8
157261,6-2-3,772.7
157261,1-3-5,20.1
157261,2-3-5,229.7
157261,3-2-5,276.1
157261,4-2-5,454.8
157261,5-2-4,468.2
157261,6-2-4,881.4
157261,1-3-6,17.9
157261,2-3-6,251.9
157261,3-2-6,272.6
157261,4-2-6,407.8
157261,5-2-6,376.8
157261,6-2-5,1048
157261,1-4-2,35.6
157261,2-4-1,200
157261,3-4-1,159.1
157261,4-3-1,194.7
157261,5-3-1,267.5
157261,6-3-1,395.9
157261,1-4-3,27.1
157261,2-4-3,263.8
157261,3-4-2,274.8
157261,4-3-2,452.1
157261,5-3-2,442.7
157261,6-3-2,846.3
157261,1-4-5,57.5
157261,2-4-5,345.5
157261,3-4-5,438.6
157261,4-3-5,572.6
157261,5-3-4,636.4
157261,6-3-4,885.4
157261,1-4-6,47.5
157261,2-4-6,334.9
157261,3-4-6,427.8
157261,4-3-6,508
157261,5-3-6,468.7
157261,6-3-5,1004
157261,1-5-2,45.9
157261,2-5-1,162.7
157261,3-5-1,210.6
157261,4-5-1,162.1
157261,5-4-1,263
157261,6-4-1,516.9
157261,1-5-3,34.1
157261,2-5-3,236.8
157261,3-5-2,421.2
157261,4-5-2,297.4
157261,5-4-2,430.7
157261,6-4-2,863.4
157261,1-5-4,68.3
157261,2-5-4,296.5
157261,3-5-4,556.8
157261,4-5-3,339.4
157261,5-4-3,442.2
157261,6-4-3,897.9
157261,1-5-6,53.4
157261,2-5-6,238
157261,3-5-6,433.2
157261,4-5-6,202.9
157261,5-4-6,328.3
157261,6-4-5,728.6
157261,1-6-2,70
157261,2-6-1,250.3
157261,3-6-1,212.2
157261,4-6-1,233.1
157261,5-6-1,201.5
157261,6-5-1,400.1
157261,1-6-3,44.4
157261,2-6-3,386.7
157261,3-6-2,544.9
157261,4-6-2,417.1
157261,5-6-2,418
157261,6-5-2,798.5
157261,1-6-4,78.7
157261,2-6-4,448.9
157261,3-6-4,571.7
157261,4-6-3,423.1
157261,5-6-3,344.3
157261,6-5-3,653.8
157261,1-6-5,87.3
157261,2-6-5,412.6
157261,3-6-5,587.6
157261,4-6-5,327.2
157261,5-6-4,336.7
157261,6-5-4,615.9
157262,1-2-3,11.3
157262,2-1-3,44.2
157262,3-1-2,259
157262,4-1-2,147.4
157262,5-1-2,22.9
157262,6-1-2,117.3
157262,1-2-4,23
157262,2-1-4,89.3
157262,3-1-4,399.4
157262,4-1-3,422.3
157262,5-1-3,98.9
157262,6-1-3,359.3
157262,1-2-5,5.9
157262,2-1-5,19
157262,3-1-5,247.1
157262,4-1-5,176.8
157262,5-1-4,86.5
157262,6-1-4,194.1
157262,1-2-6,20.3
157262,2-1-6,67.1
157262,3-1-6,509.3
157262,4-1-6,141.7
157262,5-1-6,42.5
157262,6-1-5,150.8
157262,1-3-2,27.8
157262,2-3-1,211.4
157262,3-2-1,324.3
157262,4-2-1,212.9
157262,5-2-1,38.8
157262,6-2-1,166.1
157262,1-3-4,67.1
157262,2-3-4,603.3
157262,3-2-4,565.2
157262,4-2-3,884.4
157262,5-2-3,153.5
157262,6-2-3,651.4
157262,1-3-5,31.9
157262,2-3-5,199.4
157262,3-2-5,341.3
157262,4-2-5,425.6
157262,5-2-4,220.4
157262,6-2-4,254.8
157262,1-3-6,86.7
157262,2-3-6,582.7
157262,3-2-6,620.2
157262,4-2-6,215.5
157262,5-2-6,94.3
157262,6-2-5,264.1
157262,1-4-2,45.7
157262,2-4-1,277.8
157262,3-4-1,713.2
157262,4-3-1,932.7
157262,5-3-1,299.9
157262,6-3-1,905.7
157262,1-4-3,89.7
157262,2-4-3,610.1
157262,3-4-2,1015
157262,4-3-2,1323
157262,5-3-2,311.1
157262,6-3-2,1115
157262,1-4-5,56.5
157262,2-4-5,348
157262,3-4-5,744.3
157262,4-3-5,1061
157262,5-3-4,786.3
157262,6-3-4,1070
157262,1-4-6,73.1
157262,2-4-6,362.4
157262,3-4-6,878.2
157262,4-3-6,890.7
157262,5-3-6,548.7
157262,6-3-5,1052
157262,1-5-2,8
157262,2-5-1,44.4
157262,3-5-1,391.1
157262,4-5-1,237.7
157262,5-4-1,163.9
157262,6-4-1,221.8
157262,1-5-3,25.1
157262,2-5-3,172.2
157262,3-5-2,507.9
157262,4-5-2,406.7
157262,5-4-2,217.5
157262,6-4-2,213.6
157262,1-5-4,37
157262,2-5-4,242.1
157262,3-5-4,892.8
157262,4-5-3,844.6
157262,5-4-3,536.9
157262,6-4-3,744.3
157262,1-5-6,24.2
157262,2-5-6,119.2
157262,3-5-6,784.7
157262,4-5-6,265.6
157262,5-4-6,183.6
157262,6-4-5,382.3
157262,1-6-2,49.4
157262,2-6-1,212.8
157262,3-6-1,1026
157262,4-6-1,156.4
157262,5-6-1,84.4
157262,6-5-1,204.7
157262,1-6-3,128.5
157262,2-6-3,783
157262,3-6-2,1356
157262,4-6-2,160
157262,5-6-2,130
157262,6-5-2,269.6
157262,1-6-4,95
157262,2-6-4,508.6
157262,3-6-4,1397
157262,4-6-3,568.6
157262,5-6-3,395.2
157262,6-5-3,763.9
157262,1-6-5,63.7
157262,2-6-5,254.4
157262,3-6-5,1197
157262,4-6-5,262.4
157262,5-6-4,206.5
157262,6-5-4,419
157263,1-2-3,5.1
157263,2-1-3,11.1
157263,3-1-2,29.3
157263,4-1-2,92.9
157263,5-1-2,717.6
157263,6-1-2,364.1
157263,1-2-4,12.3
157263,2-1-4,21.5
157263,3-1-4,50.3
157263,4-1-3,187.5
157263,5-1-3,962
157263,6-1-3,600.1
157263,1-2-5,55.8
157263,2-1-5,94.4
157263,3-1-5,133.4
157263,4-1-5,189.6
157263,5-1-4,582.3
157263,6-1-4,860.8
157263,1-2-6,31.8
157263,2-1-6,56.2
157263,3-1-6,116
157263,4-1-6,257.5
157263,5-1-6,1030
157263,6-1-5,1367
157263,1-3-2,9
157263,2-3-1,22.1
157263,3-2-1,32.9
157263,4-2-1,110.1
157263,5-2-1,945.8
157263,6-2-1,422.5
157263,1-3-4,20.2
157263,2-3-4,20.9
157263,3-2-4,32.2
157263,4-2-3,119.8
157263,5-2-3,783.4
157263,6-2-3,505.8
157263,1-3-5,73.7
157263,2-3-5,82.6
157263,3-2-5,110
157263,4-2-5,194.5
157263,5-2-4,733.6
157263,6-2-4,791.3
157263,1-3-6,48.7
157263,2-3-6,56.9
157263,3-2-6,70.7
157263,4-2-6,216.8
157263,5-2-6,1443
157263,6-2-5,1443
157263,1-4-2,29.6
157263,2-4-1,52.1
157263,3-4-1,100
157263,4-3-1,247.4
157263,5-3-1,1317
157263,6-3-1,1019
157263,1-4-3,45.6
157263,2-4-3,42.5
157263,3-4-2,70.8
157263,4-3-2,164.5
157263,5-3-2,864.5
157263,6-3-2,676.7
157263,1-4-5,114.7
157263,2-4-5,152.7
157263,3-4-5,224.1
157263,4-3-5,495.6
157263,5-3-4,1437
157263,6-3-4,1144
157263,1-4-6,106.8
157263,2-4-6,102.9
157263,3-4-6,201.1
157263,4-3-6,479.2
157263,5-3-6,1744
157263,6-3-5,1952
157263,1-5-2,179.1
157263,2-5-1,381.8
157263,3-5-1,451.7
157263,4-5-1,216.1
157263,5-4-1,563.9
157263,6-4-1,1972
157263,1-5-3,250.6
157263,2-5-3,345.5
157263,3-5-2,364.4
157263,4-5-2,237.7
157263,5-4-2,640.3
157263,6-4-2,1308
157263,1-5-4,243.6
157263,2-5-4,432.7
157263,3-5-4,488.8
157263,4-5-3,505.1
157263,5-4-3,1362
157263,6-4-3,1628
157263,1-5-6,424.8
157263,2-5-6,536.9
157263,3-5-6,660.8
157263,4-5-6,332.6
157263,5-4-6,751.9
157263,6-4-5,2764
157263,1-6-2,133.1
157263,2-6-1,205.8
157263,3-6-1,393.7
157263,4-6-1,429.4
157263,5-6-1,1860
157263,6-5-1,2532
157263,1-6-3,214.6
157263,2-6-3,199.3
157263,3-6-2,310.7
157263,4-6-2,368.9
157263,5-6-2,2156
157263,6-5-2,2616
157263,1-6-4,282.3
157263,2-6-4,291.8
157263,3-6-4,477.5
157263,4-6-3,555.9
157263,5-6-3,2378
157263,6-5-3,3115
157263,1-6-5,534
157263,2-6-5,550.5
157263,3-6-5,778.8
157263,4-6-5,517.8
157263,5-6-4,1134
157263,6-5-4,3019
157264,1-2-3,0
157264,2-1-3,0
157264,3-1-2,0
157264,4-1-2,0
157264,5-1-2,0
157264,6-1-2,0
157264,1-2-4,0
157264,2-1-4,0
157264,3-1-4,46.8
157264,4-1-3,78.7
157264,5-1-3,69.6
157264,6-1-3,47.8
157264,1-2-5,0
157264,2-1-5,0
157264,3-1-5,50.1
157264,4-1-5,89.7
157264,5-1-4,80.9
157264,6-1-4,54.6
157264,1-2-6,0
157264,2-1-6,0
157264,3-1-6,45.4
157264,4-1-6,63.8
157264,5-1-6,34
157264,6-1-5,39.5
157264,1-3-2,0
157264,2-3-1,0
157264,3-2-1,0
157264,4-2-1,0
157264,5-2-1,0
157264,6-2-1,0
157264,1-3-4,9.7
157264,2-3-4,0
157264,3-2-4,0
157264,4-2-3,0
157264,5-2-3,0
157264,6-2-3,0
157264,1-3-5,10.5
157264,2-3-5,0
157264,3-2-5,0
157264,4-2-5,0
157264,5-2-4,0
157264,6-2-4,0
157264,1-3-6,13
157264,2-3-6,0
157264,3-2-6,0
157264,4-2-6,0
157264,5-2-6,0
157264,6-2-5,0
157264,1-4-2,0
157264,2-4-1,0
157264,3-4-1,79.4
157264,4-3-1,107.9
157264,5-3-1,117.1
157264,6-3-1,85.3
157264,1-4-3,15.3
157264,2-4-3,0
157264,3-4-2,0
157264,4-3-2,0
157264,5-3-2,0
157264,6-3-2,0
157264,1-4-5,20.4
157264,2-4-5,0
157264,3-4-5,114.4
157264,4-3-5,152.3
157264,5-3-4,198.5
157264,6-3-4,113.1
157264,1-4-6,15
157264,2-4-6,0
157264,3-4-6,91.3
157264,4-3-6,127.5
157264,5-3-6,137.8
157264,6-3-5,119.1
157264,1-5-2,0
157264,2-5-1,0
157264,3-5-1,106.9
157264,4-5-1,114.7
157264,5-4-1,144
157264,6-4-1,96.7
157264,1-5-3,16.9
157264,2-5-3,0
157264,3-5-2,0
157264,4-5-2,0
157264,5-4-2,0
157264,6-4-2,0
157264,1-5-4,30.1
157264,2-5-4,0
157264,3-5-4,163.3
157264,4-5-3,179.2
157264,5-4-3,217.8
157264,6-4-3,147.7
157264,1-5-6,16.2
157264,2-5-6,0
157264,3-5-6,124.1
157264,4-5-6,80.2
157264,5-4-6,107.5
157264,6-4-5,105.1
157264,1-6-2,0
157264,2-6-1,0
157264,3-6-1,107.5
157264,4-6-1,84.9
157264,5-6-1,33.2
157264,6-5-1,44.9
157264,1-6-3,20.9
157264,2-6-3,0
157264,3-6-2,0
157264,4-6-2,0
157264,5-6-2,0
157264,6-5-2,0
157264,1-6-4,23.2
157264,2-6-4,0
157264,3-6-4,126.5
157264,4-6-3,144
157264,5-6-3,68.2
157264,6-5-3,79.5
157264,1-6-5,21.3
157264,2-6-5,0
157264,3-6-5,148.3
157264,4-6-5,90.9
157264,5-6-4,65.8
157264,6-5-4,80.2
157265,1-2-3,8.4
157265,2-1-3,72.3
157265,3-1-2,28.8
157265,4-1-2,106.7
157265,5-1-2,715.2
157265,6-1-2,487.9
157265,1-2-4,12.4
157265,2-1-4,99.8
157265,3-1-4,17
157265,4-1-3,70.2
157265,5-1-3,629.2
157265,6-1-3,388.1
157265,1-2-5,47.5
157265,2-1-5,274.4
157265,3-1-5,57.4
157265,4-1-5,173.2
157265,5-1-4,678.5
157265,6-1-4,458.1
157265,1-2-6,41.4
157265,2-1-6,255.7
157265,3-1-6,45.9
157265,4-1-6,107.2
157265,5-1-6,796.2
157265,6-1-5,1162
157265,1-3-2,6.8
157265,2-3-1,159.2
157265,3-2-1,92.4
157265,4-2-1,213.8
157265,5-2-1,1274
157265,6-2-1,945.1
157265,1-3-4,5.8
157265,2-3-4,282.4
157265,3-2-4,123.3
157265,4-2-3,286.1
157265,5-2-3,1363
157265,6-2-3,1375
157265,1-3-5,27.9
157265,2-3-5,705.1
157265,3-2-5,320.6
157265,4-2-5,607.1
157265,5-2-4,1771
157265,6-2-4,1451
157265,1-3-6,21.9
157265,2-3-6,753.5
157265,3-2-6,307.9
157265,4-2-6,543.3
157265,5-2-6,1792
157265,6-2-5,2458
157265,1-4-2,17.8
157265,2-4-1,255.4
157265,3-4-1,37.1
157265,4-3-1,93
157265,5-3-1,967.4
157265,6-3-1,614.5
157265,1-4-3,13.2
157265,2-4-3,340.8
157265,3-4-2,77.2
157265,4-3-2,211.6
157265,5-3-2,1212
157265,6-3-2,1202
157265,1-4-5,52.7
157265,2-4-5,863.4
157265,3-4-5,115.5
157265,4-3-5,283.4
157265,5-3-4,1489
157265,6-3-4,761.2
157265,1-4-6,32.7
157265,2-4-6,697.4
157265,3-4-6,67.2
157265,4-3-6,168.6
157265,5-3-6,1562
157265,6-3-5,1821
157265,1-5-2,120.2
157265,2-5-1,931.4
157265,3-5-1,248.6
157265,4-5-1,260.1
157265,5-4-1,1010
157265,6-4-1,653.8
157265,1-5-3,107.8
157265,2-5-3,1116
157265,3-5-2,368.4
157265,4-5-2,490
157265,5-4-2,1612
157265,6-4-2,1235
157265,1-5-4,178.8
157265,2-5-4,1535
157265,3-5-4,294.6
157265,4-5-3,453
157265,5-4-3,1584
157265,6-4-3,807.6
157265,1-5-6,175.3
157265,2-5-6,1666
157265,3-5-6,345.5
157265,4-5-6,394.2
157265,5-4-6,1239
157265,6-4-5,1470
157265,1-6-2,106.4
157265,2-6-1,1010
157265,3-6-1,173.4
157265,4-6-1,225.5
157265,5-6-1,1612
157265,6-5-1,1814
157265,1-6-3,85.4
157265,2-6-3,1401
157265,3-6-2,337.2
157265,4-6-2,462.3
157265,5-6-2,2194
157265,6-5-2,2615
157265,1-6-4,99.4
157265,2-6-4,1545
157265,3-6-4,186.5
157265,4-6-3,317.9
157265,5-6-3,2142
157265,6-5-3,2615
157265,1-6-5,249.9
157265,2-6-5,2330
157265,3-6-5,424.4
157265,4-6-5,511.2
157265,5-6-4,1635
157265,6-5-4,1882
157266,1-2-3,9.5
157266,2-1-3,28.8
157266,3-1-2,61.6
157266,4-1-2,187.6
157266,5-1-2,153.8
157266,6-1-2,92.1
157266,1-2-4,14.5
157266,2-1-4,30.7
157266,3-1-4,134.8
157266,4-1-3,361
157266,5-1-3,222.8
157266,6-1-3,125
157266,1-2-5,15.2
157266,2-1-5,43.1
157266,3-1-5,117.8
157266,4-1-5,376.5
157266,5-1-4,320.4
157266,6-1-4,190.9
157266,1-2-6,16.4
157266,2-1-6,35.8
157266,3-1-6,109.9
157266,4-1-6,340.3
157266,5-1-6,264.6
157266,6-1-5,189.2
157266,1-3-2,15.6
157266,2-3-1,47.6
157266,3-2-1,73.3
157266,4-2-1,167.1
157266,5-2-1,200.9
157266,6-2-1,143.9
157266,1-3-4,38.5
157266,2-3-4,60.1
157266,3-2-4,90.1
157266,4-2-3,180.4
157266,5-2-3,356.1
157266,6-2-3,233.2
157266,1-3-5,27.1
157266,2-3-5,70.1
157266,3-2-5,103.5
157266,4-2-5,220.9
157266,5-2-4,335.5
157266,6-2-4,319.5
157266,1-3-6,25.4
157266,2-3-6,74.1
157266,3-2-6,112.9
157266,4-2-6,260.7
157266,5-2-6,402.7
157266,6-2-5,403.9
157266,1-4-2,39.7
157266,2-4-1,48
157266,3-4-1,268.9
157266,4-3-1,630.7
157266,5-3-1,376.3
157266,6-3-1,241.8
157266,1-4-3,78.7
157266,2-4-3,64
157266,3-4-2,193.7
157266,4-3-2,310.3
157266,5-3-2,497.9
157266,6-3-2,266.4
157266,1-4-5,91.9
157266,2-4-5,82
157266,3-4-5,429.9
157266,4-3-5,862.5
157266,5-3-4,921.8
157266,6-3-4,595.5
157266,1-4-6,68
157266,2-4-6,81.4
157266,3-4-6,395.7
157266,4-3-6,806.5
157266,5-3-6,825
157266,6-3-5,573.5
157266,1-5-2,34.9
157266,2-5-1,117.7
157266,3-5-1,217.8
157266,4-5-1,665.1
157266,5-4-1,669.7
157266,6-4-1,452.6
157266,1-5-3,48.3
157266,2-5-3,132.1
157266,3-5-2,209.2
157266,4-5-2,638.4
157266,5-4-2,651.2
157266,6-4-2,546
157266,1-5-4,93
157266,2-5-4,142
157266,3-5-4,415
157266,4-5-3,1018
157266,5-4-3,1127
157266,6-4-3,940.9
157266,1-5-6,53.1
157266,2-5-6,186.6
157266,3-5-6,411.7
157266,4-5-6,857.1
157266,5-4-6,1038
157266,6-4-5,1074
157266,1-6-2,23.4
157266,2-6-1,76
157266,3-6-1,202
157266,4-6-1,578.4
157266,5-6-1,466.6
157266,6-5-1,440.4
157266,1-6-3,28.3
157266,2-6-3,109.8
157266,3-6-2,208.7
157266,4-6-2,493.9
157266,5-6-2,617
157266,6-5-2,619.3
157266,1-6-4,56.8
157266,2-6-4,124.4
157266,3-6-4,421.9
157266,4-6-3,878
157266,5-6-3,809.3
157266,6-5-3,729.8
157266,1-6-5,42.9
157266,2-6-5,187.7
157266,3-6-5,417.5
157266,4-6-5,1012
157266,5-6-4,977.2
157266,6-5-4,950
157267,1-2-3,71
157267,2-1-3,203.3
157267,3-1-2,174.5
157267,4-1-2,159.5
157267,5-1-2,74.2
157267,6-1-2,625
157267,1-2-4,67.6
157267,2-1-4,210.5
157267,3-1-4,59.6
157267,4-1-3,88.4
157267,5-1-3,29.7
157267,6-1-3,377.5
157267,1-2-5,49.5
157267,2-1-5,132.2
157267,3-1-5,31.5
157267,4-1-5,40.8
157267,5-1-4,30.7
157267,6-1-4,369
157267,1-2-6,101.2
157267,2-1-6,314.9
157267,3-1-6,93.4
157267,4-1-6,76.3
157267,5-1-6,26.5
157267,6-1-5,197.6
157267,1-3-2,54.5
157267,2-3-1,330.2
157267,3-2-1,359.2
157267,4-2-1,332.4
157267,5-2-1,217
157267,6-2-1,1084
157267,1-3-4,16.2
157267,2-3-4,506.2
157267,3-2-4,584.8
157267,4-2-3,593.3
157267,5-2-3,447.1
157267,6-2-3,1884
157267,1-3-5,9.6
157267,2-3-5,481.4
157267,3-2-5,408.3
157267,4-2-5,383.4
157267,5-2-4,488.1
157267,6-2-4,1346
157267,1-3-6,30.9
157267,2-3-6,935.2
157267,3-2-6,785.3
157267,4-2-6,438.3
157267,5-2-6,481.4
157267,6-2-5,1725
157267,1-4-2,57.8
157267,2-4-1,313.7
157267,3-4-1,108.5
157267,4-3-1,178.7
157267,5-3-1,60.2
157267,6-3-1,594.7
157267,1-4-3,27.4
157267,2-4-3,571.1
157267,3-4-2,462.3
157267,4-3-2,641.4
157267,5-3-2,337.5
157267,6-3-2,1750
157267,1-4-5,16.1
157267,2-4-5,409
157267,3-4-5,104.9
157267,4-3-5,163.1
157267,5-3-4,117.5
157267,6-3-4,1070
157267,1-4-6,34.1
157267,2-4-6,626.6
157267,3-4-6,245.5
157267,4-3-6,409.7
157267,5-3-6,138.4
157267,6-3-5,718.5
157267,1-5-2,34.3
157267,2-5-1,234
157267,3-5-1,47.5
157267,4-5-1,47.3
157267,5-4-1,50.3
157267,6-4-1,495
157267,1-5-3,12.1
157267,2-5-3,490
157267,3-5-2,269.2
157267,4-5-2,221.9
157267,5-4-2,289.3
157267,6-4-2,1172
157267,1-5-4,15.2
157267,2-5-4,495
157267,3-5-4,93.3
157267,4-5-3,113.6
157267,5-4-3,123
157267,6-4-3,1118
157267,1-5-6,17.1
157267,2-5-6,694.1
157267,3-5-6,130.8
157267,4-5-6,73
157267,5-4-6,86.7
157267,6-4-5,458
157267,1-6-2,150.7
157267,2-6-1,768.1
157267,3-6-1,243.8
157267,4-6-1,150.3
157267,5-6-1,56.7
157267,6-5-1,225.6
157267,1-6-3,86.1
157267,2-6-3,1376
157267,3-6-2,980.1
157267,4-6-2,524.7
157267,5-6-2,344.6
157267,6-5-2,1038
157267,1-6-4,77.4
157267,2-6-4,938.8
157267,3-6-4,505.2
157267,4-6-3,464
157267,5-6-3,142.5
157267,6-5-3,559.4
157267,1-6-5,47.8
157267,2-6-5,992
157267,3-6-5,307.8
157267,4-6-5,148.8
157267,5-6-4,123.7
157267,6-5-4,395.8
157268,1-2-3,55.2
157268,2-1-3,76.3
157268,3-1-2,41.8
157268,4-1-2,598
157268,5-1-2,68.2
157268,6-1-2,1448
157268,1-2-4,100.5
157268,2-1-4,131.6
157268,3-1-4,93
157268,4-1-3,593.9
157268,5-1-3,34.6
157268,6-1-3,1229
157268,1-2-5,36.8
157268,2-1-5,48.1
157268,3-1-5,21.1
157268,4-1-5,309.6
157268,5-1-4,173.1
157268,6-1-4,1823
157268,1-2-6,294.6
157268,2-1-6,387.4
157268,3-1-6,129.6
157268,4-1-6,1047
157268,5-1-6,114
157268,6-1-5,1143
157268,1-3-2,43.1
157268,2-3-1,57.7
157268,3-2-1,42.8
157268,4-2-1,606.3
157268,5-2-1,79.2
157268,6-2-1,1570
157268,1-3-4,105.5
157268,2-3-4,66.4
157268,3-2-4,52.3
157268,4-2-3,313.3
157268,5-2-3,31.9
157268,6-2-3,1185
157268,1-3-5,24.6
157268,2-3-5,23.3
157268,3-2-5,16.2
157268,4-2-5,172.1
157268,5-2-4,125.3
157268,6-2-4,1589
157268,1-3-6,142.8
157268,2-3-6,160.4
157268,3-2-6,98.1
157268,4-2-6,702.7
157268,5-2-6,129.1
157268,6-2-5,1310
157268,1-4-2,174.2
157268,2-4-1,203.5
157268,3-4-1,139.2
157268,4-3-1,460.6
157268,5-3-1,23.4
157268,6-3-1,1010
157268,1-4-3,225.3
157268,2-4-3,165.6
157268,3-4-2,91.5
157268,4-3-2,271.8
157268,5-3-2,20.5
157268,6-3-2,1064
157268,1-4-5,101.9
157268,2-4-5,74.1
157268,3-4-5,33.3
157268,4-3-5,150.8
157268,5-3-4,65.3
157268,6-3-4,1337
157268,1-4-6,445.6
157268,2-4-6,589.8
157268,3-4-6,194.1
157268,4-3-6,665.1
157268,5-3-6,46.5
157268,6-3-5,443.4
157268,1-5-2,50.5
157268,2-5-1,52
157268,3-5-1,14.6
157268,4-5-1,206.9
157268,5-4-1,211.9
157268,6-4-1,1990
157268,1-5-3,34.7
157268,2-5-3,33
157268,3-5-2,12.3
157268,4-5-2,140.8
157268,5-4-2,173.7
157268,6-4-2,1875
157268,1-5-4,79.1
157268,2-5-4,50.2
157268,3-5-4,23.6
157268,4-5-3,176.5
157268,5-4-3,136.9
157268,6-4-3,2036
157268,1-5-6,144.8
157268,2-5-6,141.5
157268,3-5-6,29.8
157268,4-5-6,395
157268,5-4-6,277
157268,6-4-5,1401
157268,1-6-2,742.8
157268,2-6-1,799.7
157268,3-6-1,289.3
157268,4-6-1,1365
157268,5-6-1,211.9
157268,6-5-1,911.6
157268,1-6-3,551.2
157268,2-6-3,527.7
157268,3-6-2,274.4
157268,4-6-2,1253
157268,5-6-2,234.8
157268,6-5-2,1104
157268,1-6-4,874.9
157268,2-6-4,797.3
157268,3-6-4,321.8
157268,4-6-3,1241
157268,5-6-3,116
157268,6-5-3,440.4
157268,1-6-5,516.3
157268,2-6-5,431.6
157268,3-6-5,116.7
157268,4-6-5,921.3
157268,5-6-4,352.3
157268,6-5-4,1247
157269,1-2-3,80.4
157269,2-1-3,273
157269,3-1-2,143.5
157269,4-1-2,188.6
157269,5-1-2,22
157269,6-1-2,1860
157269,1-2-4,105.2
157269,2-1-4,344.1
157269,3-1-4,86.8
157269,4-1-3,112.5
157269,5-1-3,11.3
157269,6-1-3,2928
157269,1-2-5,37.2
157269,2-1-5,137
157269,3-1-5,34.4
157269,4-1-5,43.7
157269,5-1-4,14.4
157269,6-1-4,3484
157269,1-2-6,518.4
157269,2-1-6,1019
157269,3-1-6,641.6
157269,4-1-6,478.7
157269,5-1-6,114.7
157269,6-1-5,2117
157269,1-3-2,59.1
157269,2-3-1,394.9
157269,3-2-1,288.8
157269,4-2-1,358.9
157269,5-2-1,47.9
157269,6-2-1,2837
157269,1-3-4,43.5
157269,2-3-4,468.1
157269,3-2-4,302.1
157269,4-2-3,361.7
157269,5-2-3,68.4
157269,6-2-3,3989
157269,1-3-5,17.6
157269,2-3-5,238.9
157269,3-2-5,174.7
157269,4-2-5,201.5
157269,5-2-4,81.1
157269,6-2-4,3200
157269,1-3-6,424.8
157269,2-3-6,1709
157269,3-2-6,1323
157269,4-2-6,839.2
157269,5-2-6,339
157269,6-2-5,3529
157269,1-4-2,100.6
157269,2-4-1,487.2
157269,3-4-1,122.8
157269,4-3-1,162.5
157269,5-3-1,18.1
157269,6-3-1,3277
157269,1-4-3,55.1
157269,2-4-3,523.3
157269,3-4-2,249.8
157269,4-3-2,283.7
157269,5-3-2,48.9
157269,6-3-2,3720
157269,1-4-5,25.1
157269,2-4-5,327.3
157269,3-4-5,69.8
157269,4-3-5,85.8
157269,5-3-4,31.5
157269,6-3-4,3128
157269,1-4-6,375
157269,2-4-6,1860
157269,3-4-6,826.6
157269,4-3-6,986.6
157269,5-3-6,199.6
157269,6-3-5,2596
157269,1-5-2,14.7
157269,2-5-1,143.4
157269,3-5-1,28.9
157269,4-5-1,32.1
157269,5-4-1,21.5
157269,6-4-1,4235
157269,1-5-3,11.2
157269,2-5-3,190.1
157269,3-5-2,67.3
157269,4-5-2,71.9
157269,5-4-2,40.1
157269,6-4-2,3770
157269,1-5-4,14.1
157269,2-5-4,237.7
157269,3-5-4,41.9
157269,4-5-3,42.2
157269,5-4-3,30.1
157269,6-4-3,3058
157269,1-5-6,148.7
157269,2-5-6,930
157269,3-5-6,284.9
157269,4-5-6,169
157269,5-4-6,147.4
157269,6-4-5,1600
157269,1-6-2,1015
157269,2-6-1,1776
157269,3-6-1,1966
157269,4-6-1,1207
157269,5-6-1,268.3
157269,6-5-1,1966
157269,1-6-3,1191
157269,2-6-3,2698
157269,3-6-2,2294
157269,4-6-2,1582
157269,5-6-2,436.2
157269,6-5-2,3128
157269,1-6-4,1323
157269,2-6-4,2780
157269,3-6-4,2502
157269,4-6-3,1720
157269,5-6-3,396
157269,6-5-3,2525
157269,1-6-5,691.6
157269,2-6-5,2332
157269,3-6-5,1336
157269,4-6-5,814.4
157269,5-6-4,377.6
157269,6-5-4,1609
157270,1-2-3,19.6
157270,2-1-3,20.5
157270,3-1-2,165.2
157270,4-1-2,448.8
157270,5-1-2,20.3
157270,6-1-2,1228
157270,1-2-4,134.2
157270,2-1-4,103.6
157270,3-1-4,684.8
157270,4-1-3,973.3
157270,5-1-3,54.9
157270,6-1-3,2235
157270,1-2-5,7.9
157270,2-1-5,7.7
157270,3-1-5,162.6
157270,4-1-5,402.4
157270,5-1-4,176.7
157270,6-1-4,3430
157270,1-2-6,72
157270,2-1-6,71.7
157270,3-1-6,576.5
157270,4-1-6,1255
157270,5-1-6,82.4
157270,6-1-5,1093
157270,1-3-2,50.1
157270,2-3-1,40.7
157270,3-2-1,136.6
157270,4-2-1,381.2
157270,5-2-1,15.1
157270,6-2-1,1397
157270,1-3-4,376.2
157270,2-3-4,171.2
157270,3-2-4,355.7
157270,4-2-3,563.4
157270,5-2-3,26
157270,6-2-3,1642
157270,1-3-5,50.7
157270,2-3-5,23.1
157270,3-2-5,80.4
157270,4-2-5,177.5
157270,5-2-4,77
157270,6-2-4,2492
157270,1-3-6,291.1
157270,2-3-6,136.8
157270,3-2-6,377
157270,4-2-6,687.5
157270,5-2-6,42
157270,6-2-5,599.5
157270,1-4-2,316.1
157270,2-4-1,146.4
157270,3-4-1,1136
157270,4-3-1,1278
157270,5-3-1,103.5
157270,6-3-1,2566
157270,1-4-3,584.3
157270,2-4-3,195.8
157270,3-4-2,651.3
157270,4-3-2,770
157270,5-3-2,62.8
157270,6-3-2,2152
157270,1-4-5,295.4
157270,2-4-5,70
157270,3-4-5,782.2
157270,4-3-5,861.9
157270,5-3-4,472
157270,6-3-4,3686
157270,1-4-6,875
157270,2-4-6,303.9
157270,3-4-6,1715
157270,4-3-6,2002
157270,5-3-6,245.2
157270,6-3-5,1925
157270,1-5-2,17
157270,2-5-1,9.2
157270,3-5-1,149.4
157270,4-5-1,285.4
157270,5-4-1,259.1
157270,6-4-1,4029
157270,1-5-3,45.2
157270,2-5-3,13.8
157270,3-5-2,85.6
157270,4-5-2,163.6
157270,5-4-2,135.3
157270,6-4-2,2887
157270,1-5-4,208.3
157270,2-5-4,46.5
157270,3-5-4,516.4
157270,4-5-3,505.1
157270,5-4-3,439.1
157270,6-4-3,3430
157270,1-5-6,99.8
157270,2-5-6,32.3
157270,3-5-6,353.9
157270,4-5-6,516.4
157270,5-4-6,401.9
157270,6-4-5,2250
157270,1-6-2,394.6
157270,2-6-1,319.9
157270,3-6-1,1437
157270,4-6-1,1946
157270,5-6-1,142
157270,6-5-1,946.7
157270,1-6-3,707.1
157270,2-6-3,383.7
157270,3-6-2,1059
157270,4-6-2,1420
157270,5-6-2,106.7
157270,6-5-2,579.4
157270,1-6-4,1158
157270,2-6-4,655
157270,3-6-4,2707
157270,4-6-3,2207
157270,5-6-3,275.6
157270,6-5-3,1414
157270,1-6-5,365.5
157270,2-6-5,170
157270,3-6-5,1025
157270,4-6-5,1207
157270,5-6-4,468.2
157270,6-5-4,2139
157271,1-2-3,101.3
157271,2-1-3,72.5
157271,3-1-2,300.5
157271,4-1-2,114.9
157271,5-1-2,736.3
157271,6-1-2,1280
157271,1-2-4,55.1
157271,2-1-4,35
157271,3-1-4,336.6
157271,4-1-3,268.9
157271,5-1-3,1212
157271,6-1-3,2583
157271,1-2-5,171.8
157271,2-1-5,111.1
157271,3-1-5,450.3
157271,4-1-5,250.6
157271,5-1-4,909
157271,6-1-4,1722
157271,1-2-6,191.5
157271,2-1-6,128.5
157271,3-1-6,704.6
157271,4-1-6,249.3
157271,5-1-6,1237
157271,6-1-5,2517
157271,1-3-2,190.8
157271,2-3-1,58.4
157271,3-2-1,182.1
157271,4-2-1,58.4
157271,5-2-1,482
157271,6-2-1,1001
157271,1-3-4,218.6
157271,2-3-4,9.6
157271,3-2-4,38.2
157271,4-2-3,19.8
157271,5-2-3,290.4
157271,6-2-3,641.6
157271,1-3-5,385
157271,2-3-5,29.5
157271,3-2-5,98.4
157271,4-2-5,25.9
157271,5-2-4,165.1
157271,6-2-4,229.7
157271,1-3-6,466.7
157271,2-3-6,35
157271,3-2-6,119.5
157271,4-2-6,23.8
157271,5-2-6,420.7
157271,6-2-5,846.3
157271,1-4-2,80.9
157271,2-4-1,21.9
157271,3-4-1,224.8
157271,4-3-1,209.7
157271,5-3-1,959.4
157271,6-3-1,2454
157271,1-4-3,186.5
157271,2-4-3,6.1
157271,3-4-2,52.5
157271,4-3-2,45.2
157271,5-3-2,407.9
157271,6-3-2,975.2
157271,1-4-5,229.7
157271,2-4-5,9.9
157271,3-4-5,135
157271,4-3-5,129.2
157271,5-3-4,599.8
157271,6-3-4,884.4
157271,1-4-6,244
157271,2-4-6,9.7
157271,3-4-6,144.8
157271,4-3-6,120.5
157271,5-3-6,1090
157271,6-3-5,2248
157271,1-5-2,376.6
157271,2-5-1,118.1
157271,3-5-1,483.6
157271,4-5-1,160.8
157271,5-4-1,612.3
157271,6-4-1,1217
157271,1-5-3,550.5
157271,2-5-3,54.6
157271,3-5-2,237.1
157271,4-5-2,55.7
157271,5-4-2,194.4
157271,6-4-2,232.6
157271,1-5-4,447.6
157271,2-5-4,28.7
157271,3-5-4,278.9
157271,4-5-3,138
157271,5-4-3,463.8
157271,6-4-3,761
157271,1-5-6,565.3
157271,2-5-6,73.6
157271,3-5-6,512.2
157271,4-5-6,92.4
157271,5-4-6,437.6
157271,6-4-5,868.8
157271,1-6-2,468.2
157271,2-6-1,203.8
157271,3-6-1,839.1
157271,4-6-1,305.8
157271,5-6-1,1115
157271,6-5-1,2103
157271,1-6-3,791.7
157271,2-6-3,92.9
157271,3-6-2,387.5
157271,4-6-2,71
157271,5-6-2,589
157271,6-5-2,1128
157271,1-6-4,574.1
157271,2-6-4,45.8
157271,3-6-4,397.4
157271,4-6-3,170.2
157271,5-6-3,1128
157271,6-5-3,2231
157271,1-6-5,836.7
157271,2-6-5,125.2
157271,3-6-5,783.3
157271,4-6-5,158.1
157271,5-6-4,596.2
157271,6-5-4,1137
157272,1-2-3,66.5
157272,2-1-3,44.1
157272,3-1-2,184.2
157272,4-1-2,819.5
157272,5-1-2,53.3
157272,6-1-2,1412
157272,1-2-4,99.3
157272,2-1-4,61.4
157272,3-1-4,515
157272,4-1-3,1067
157272,5-1-3,106.2
157272,6-1-3,1809
157272,1-2-5,22.8
157272,2-1-5,13.2
157272,3-1-5,135.5
157272,4-1-5,595.7
157272,5-1-4,182.5
157272,6-1-4,3190
157272,1-2-6,217.6
157272,2-1-6,141.9
157272,3-1-6,478.5
157272,4-1-6,1406
157272,5-1-6,131.5
157272,6-1-5,1406
157272,1-3-2,121.3
157272,2-3-1,58
157272,3-2-1,118.4
157272,4-2-1,699.7
157272,5-2-1,31.6
157272,6-2-1,1419
157272,1-3-4,353.6
157272,2-3-4,71.4
157272,3-2-4,112.1
157272,4-2-3,399.8
157272,5-2-3,11.7
157272,6-2-3,1262
157272,1-3-5,123.9
157272,2-3-5,19.5
157272,3-2-5,37.6
157272,4-2-5,172.6
157272,5-2-4,21.9
157272,6-2-4,1440
157272,1-3-6,482.4
157272,2-3-6,100.6
157272,3-2-6,176.1
157272,4-2-6,688.3
157272,5-2-6,20.8
157272,6-2-5,408.6
157272,1-4-2,291.7
157272,2-4-1,128.4
157272,3-4-1,586.3
157272,4-3-1,1168
157272,5-3-1,81.3
157272,6-3-1,1889
157272,1-4-3,565.1
157272,2-4-3,123.1
157272,3-4-2,257.7
157272,4-3-2,497.7
157272,5-3-2,25.3
157272,6-3-2,1433
157272,1-4-5,249.3
157272,2-4-5,48.4
157272,3-4-5,185.3
157272,4-3-5,405.8
157272,5-3-4,80.6
157272,6-3-4,2721
157272,1-4-6,784.8
157272,2-4-6,237.1
157272,3-4-6,578.3
157272,4-3-6,1490
157272,5-3-6,57.4
157272,6-3-5,935.8
157272,1-5-2,35.5
157272,2-5-1,11.4
157272,3-5-1,85.2
157272,4-5-1,436.2
157272,5-4-1,255.5
157272,6-4-1,3803
157272,1-5-3,109.1
157272,2-5-3,10.2
157272,3-5-2,34.5
157272,4-5-2,156.9
157272,5-4-2,75.5
157272,6-4-2,2074
157272,1-5-4,110
157272,2-5-4,17.5
157272,3-5-4,90.8
157272,4-5-3,296.9
157272,5-4-3,167.3
157272,6-4-3,2672
157272,1-5-6,205.1
157272,2-5-6,20.7
157272,3-5-6,88.1
157272,4-5-6,364
157272,5-4-6,169.8
157272,6-4-5,1695
157272,1-6-2,551.4
157272,2-6-1,389.3
157272,3-6-1,870
157272,4-6-1,1755
157272,5-6-1,143
157272,6-5-1,979.1
157272,1-6-3,812.8
157272,2-6-3,338.2
157272,3-6-2,545.3
157272,4-6-2,1177
157272,5-6-2,49.3
157272,6-5-2,367.1
157272,1-6-4,819.5
157272,2-6-4,470.1
157272,3-6-4,1048
157272,4-6-3,2060
157272,5-6-3,88.7
157272,6-5-3,693.1
157272,1-6-5,603
157272,2-6-5,132.1
157272,3-6-5,376
157272,4-6-5,941.8
157272,5-6-4,157.5
157272,6-5-4,1115
157273,1-2-3,33.5
157273,2-1-3,55.7
157273,3-1-2,112
157273,4-1-2,18.6
157273,5-1-2,266.8
157273,6-1-2,2940
157273,1-2-4,13.7
157273,2-1-4,22.2
157273,3-1-4,48.4
157273,4-1-3,21.3
157273,5-1-3,298.9
157273,6-1-3,4227
157273,1-2-5,50.7
157273,2-1-5,74.3
157273,3-1-5,94.3
157273,4-1-5,19.9
157273,5-1-4,156.3
157273,6-1-4,3006
157273,1-2-6,570.8
157273,2-1-6,717.6
157273,3-1-6,1032
157273,4-1-6,256.4
157273,5-1-6,1202
157273,6-1-5,4509
157273,1-3-2,48.9
157273,2-3-1,102.1
157273,3-2-1,136
157273,4-2-1,30
157273,5-2-1,378.4
157273,6-2-1,4038
157273,1-3-4,29.9
157273,2-3-4,54.5
157273,3-2-4,62.1
157273,4-2-3,39.1
157273,5-2-3,374.2
157273,6-2-3,3656
157273,1-3-5,70.6
157273,2-3-5,108.9
157273,3-2-5,129.6
157273,4-2-5,39.9
157273,5-2-4,235.8
157273,6-2-4,2973
157273,1-3-6,708.3
157273,2-3-6,1032
157273,3-2-6,998.4
157273,4-2-6,331.1
157273,5-2-6,1546
157273,6-2-5,7120
157273,1-4-2,14.6
157273,2-4-1,36.1
157273,3-4-1,31.4
157273,4-3-1,26.3
157273,5-3-1,338.2
157273,6-3-1,4919
157273,1-4-3,21.9
157273,2-4-3,43.9
157273,3-4-2,40.8
157273,4-3-2,32.7
157273,5-3-2,327.5
157273,6-3-2,3865
157273,1-4-5,23.9
157273,2-4-5,54
157273,3-4-5,30.1
157273,4-3-5,27.1
157273,5-3-4,157.3
157273,6-3-4,4227
157273,1-4-6,308.8
157273,2-4-6,485.7
157273,3-4-6,460.1
157273,4-3-6,347.7
157273,5-3-6,1960
157273,6-3-5,6012
157273,1-5-2,103.4
157273,2-5-1,157.7
157273,3-5-1,130
157273,4-5-1,22.8
157273,5-4-1,113.2
157273,6-4-1,2678
157273,1-5-3,132.3
157273,2-5-3,188.5
157273,3-5-2,160.5
157273,4-5-2,33.6
157273,5-4-2,147.6
157273,6-4-2,2505
157273,1-5-4,61.6
157273,2-5-4,120.5
157273,3-5-4,68.7
157273,4-5-3,29.4
157273,5-4-3,114
157273,6-4-3,3865
157273,1-5-6,1024
157273,2-5-6,1048
157273,3-5-6,966.3
157273,4-5-6,201.7
157273,5-4-6,755.7
157273,6-4-5,2373
157273,1-6-2,1601
157273,2-6-1,1780
157273,3-6-1,2626
157273,4-6-1,576.9
157273,5-6-1,2097
157273,6-5-1,5521
157273,1-6-3,1878
157273,2-6-3,2332
157273,3-6-2,2459
157273,4-6-2,639.6
157273,5-6-2,2482
157273,6-5-2,6292
157273,1-6-4,1454
157273,2-6-4,1431
157273,3-6-4,1712
157273,4-6-3,942.7
157273,5-6-3,3006
157273,6-5-3,5010
157273,1-6-5,2482
157273,2-6-5,2482
157273,3-6-5,2373
157273,4-6-5,655.1
157273,5-6-4,1332
157273,6-5-4,2626
157274,1-2-3,11.7
157274,2-1-3,35.1
157274,3-1-2,124.3
157274,4-1-2,250.2
157274,5-1-2,254.3
157274,6-1-2,28.6
157274,1-2-4,24.8
157274,2-1-4,64.3
157274,3-1-4,306.5
157274,4-1-3,444.1
157274,5-1-3,553.6
157274,6-1-3,78.5
157274,1-2-5,16.4
157274,2-1-5,39.7
157274,3-1-5,213.6
157274,4-1-5,387.8
157274,5-1-4,733.1
157274,6-1-4,129.5
157274,1-2-6,7.5
157274,2-1-6,21
157274,3-1-6,123.3
157274,4-1-6,183.2
157274,5-1-6,217.4
157274,6-1-5,75.3
157274,1-3-2,20.5
157274,2-3-1,86.9
157274,3-2-1,181.7
157274,4-2-1,365.6
157274,5-2-1,345
157274,6-2-1,46
157274,1-3-4,56.9
157274,2-3-4,268.4
157274,3-2-4,418.7
157274,4-2-3,671.2
157274,5-2-3,653.3
157274,6-2-3,117.4
157274,1-3-5,39.8
157274,2-3-5,180.9
157274,3-2-5,349.5
157274,4-2-5,612.4
157274,5-2-4,1113
157274,6-2-4,222
157274,1-3-6,20.1
157274,2-3-6,105.9
157274,3-2-6,184.7
157274,4-2-6,381.8
157274,5-2-6,402.7
157274,6-2-5,91.2
157274,1-4-2,59.3
157274,2-4-1,178.5
157274,3-4-1,513.9
157274,4-3-1,725.9
157274,5-3-1,769.6
157274,6-3-1,186.6
157274,1-4-3,103.6
157274,2-4-3,385.8
157274,3-4-2,489.1
157274,4-3-2,748
157274,5-3-2,733.1
157274,6-3-2,188.2
157274,1-4-5,103.7
157274,2-4-5,430.4
157274,3-4-5,641.9
157274,4-3-5,1122
157274,5-3-4,1272
157274,6-3-4,713.5
157274,1-4-6,49
157274,2-4-6,225.4
157274,3-4-6,460.8
157274,4-3-6,769.6
157274,5-3-6,893.6
157274,6-3-5,322.7
157274,1-5-2,44.5
157274,2-5-1,114.4
157274,3-5-1,407.7
157274,4-5-1,506
157274,5-4-1,918.7
157274,6-4-1,254.5
157274,1-5-3,86.7
157274,2-5-3,258.1
157274,3-5-2,446.8
157274,4-5-2,637.7
157274,5-4-2,1240
157274,6-4-2,366.5
157274,1-5-4,133.6
157274,2-5-4,408.3
157274,3-5-4,777.7
157274,4-5-3,1148
157274,5-4-3,1477
157274,6-4-3,812.1
157274,1-5-6,39.9
157274,2-5-6,137.2
157274,3-5-6,402.7
157274,4-5-6,419.9
157274,5-4-6,812.1
157274,6-4-5,492.4
157274,1-6-2,10.4
157274,2-6-1,38.6
157274,3-6-1,191.4
157274,4-6-1,213.8
157274,5-6-1,253.4
157274,6-5-1,148.4
157274,1-6-3,23.1
157274,2-6-3,75.6
157274,3-6-2,197.1
157274,4-6-2,349.5
157274,5-6-2,310.4
157274,6-5-2,138.2
157274,1-6-4,44.3
157274,2-6-4,173
157274,3-6-4,524.9
157274,4-6-3,653.3
157274,5-6-3,611.2
157274,6-5-3,353.7
157274,1-6-5,30.1
157274,2-6-5,77.9
157274,3-6-5,295.1
157274,4-6-5,345.4
157274,5-6-4,662.1
157274,6-5-4,447.4
157275,1-2-3,12.6
157275,2-1-3,79.7
157275,3-1-2,78.2
157275,4-1-2,48.9
157275,5-1-2,561.5
157275,6-1-2,58.3
157275,1-2-4,15.9
157275,2-1-4,88.8
157275,3-1-4,76.8
157275,4-1-3,72
157275,5-1-3,869.2
157275,6-1-3,128.6
157275,1-2-5,54.5
157275,2-1-5,244.8
157275,3-1-5,164.9
157275,4-1-5,76.2
157275,5-1-4,346
157275,6-1-4,84.9
157275,1-2-6,10.3
157275,2-1-6,56.5
157275,3-1-6,61.4
157275,4-1-6,31
157275,5-1-6,410
157275,6-1-5,266.1
157275,1-3-2,13.6
157275,2-3-1,233.8
157275,3-2-1,222.3
157275,4-2-1,115.7
157275,5-2-1,1128
157275,6-2-1,131.3
157275,1-3-4,18.7
157275,2-3-4,456.4
157275,3-2-4,443
157275,4-2-3,362.9
157275,5-2-3,1311
157275,6-2-3,357.6
157275,1-3-5,42.1
157275,2-3-5,856.9
157275,3-2-5,843
157275,4-2-5,325.5
157275,5-2-4,1293
157275,6-2-4,310.2
157275,1-3-6,14.8
157275,2-3-6,380
157275,3-2-6,389.4
157275,4-2-6,122.4
157275,5-2-6,1321
157275,6-2-5,771.4
157275,1-4-2,18.4
157275,2-4-1,184.1
157275,3-4-1,173.2
157275,4-3-1,155.1
157275,5-3-1,1392
157275,6-3-1,334.8
157275,1-4-3,24.7
157275,2-4-3,487
157275,3-4-2,390.2
157275,4-3-2,416.1
157275,5-3-2,1062
157275,6-3-2,497.7
157275,1-4-5,45.4
157275,2-4-5,741.5
157275,3-4-5,648.8
157275,4-3-5,579.4
157275,5-3-4,1863
157275,6-3-4,681.6
157275,1-4-6,14.1
157275,2-4-6,227
157275,3-4-6,274
157275,4-3-6,223.5
157275,5-3-6,1552
157275,6-3-5,1651
157275,1-5-2,117.8
157275,2-5-1,667.8
157275,3-5-1,646.5
157275,4-5-1,122.6
157275,5-4-1,386.5
157275,6-4-1,118.2
157275,1-5-3,129.9
157275,2-5-3,1207
157275,3-5-2,884
157275,4-5-2,225.2
157275,5-4-2,760.1
157275,6-4-2,208.5
157275,1-5-4,118.5
157275,2-5-4,1219
157275,3-5-4,1164
157275,4-5-3,414.7
157275,5-4-3,1483
157275,6-4-3,477.4
157275,1-5-6,91.4
157275,2-5-6,796.7
157275,3-5-6,941.2
157275,4-5-6,116.5
157275,5-4-6,465.2
157275,6-4-5,411.9
157275,1-6-2,16
157275,2-6-1,113.1
157275,3-6-1,234.4
157275,4-6-1,41.3
157275,5-6-1,507.4
157275,6-5-1,548.8
157275,1-6-3,30.5
157275,2-6-3,380.4
157275,3-6-2,393.6
157275,4-6-2,75.2
157275,5-6-2,884
157275,6-5-2,888.3
157275,1-6-4,22.3
157275,2-6-4,267.9
157275,3-6-4,486.3
157275,4-6-3,158.3
157275,5-6-3,1622
157275,6-5-3,1413
157275,1-6-5,70.7
157275,2-6-5,667.8
157275,3-6-5,901.5
157275,4-6-5,110.4
157275,5-6-4,565
157275,6-5-4,665.4
157276,1-2-3,26.6
157276,2-1-3,158.5
157276,3-1-2,108.1
157276,4-1-2,173.9
157276,5-1-2,1202
157276,6-1-2,46
157276,1-2-4,22.3
157276,2-1-4,141.8
157276,3-1-4,79.2
157276,4-1-3,182.9
157276,5-1-3,1214
157276,6-1-3,29.6
157276,1-2-5,64.6
157276,2-1-5,316.1
157276,3-1-5,185.6
157276,4-1-5,253.7
157276,5-1-4,926.8
157276,6-1-4,44.1
157276,1-2-6,14.9
157276,2-1-6,80.8
157276,3-1-6,25.7
157276,4-1-6,69.9
157276,5-1-6,611.4
157276,6-1-5,103.1
157276,1-3-2,24.5
157276,2-3-1,367.2
157276,3-2-1,272.8
157276,4-2-1,322.2
157276,5-2-1,1709
157276,6-2-1,128.3
157276,1-3-4,15.8
157276,2-3-4,566.2
157276,3-2-4,420.3
157276,4-2-3,730.7
157276,5-2-3,1565
157276,6-2-3,371.5
157276,1-3-5,47.1
157276,2-3-5,1080
157276,3-2-5,900.8
157276,4-2-5,834.6
157276,5-2-4,1873
157276,6-2-4,368
157276,1-3-6,7.9
157276,2-3-6,512.6
157276,3-2-6,297.4
157276,4-2-6,341.2
157276,5-2-6,2134
157276,6-2-5,882.7
157276,1-4-2,27.8
157276,2-4-1,275.3
157276,3-4-1,169.2
157276,4-3-1,312.2
157276,5-3-1,1806
157276,6-3-1,79.7
157276,1-4-3,24.7
157276,2-4-3,694.7
157276,3-4-2,468.3
157276,4-3-2,850.7
157276,5-3-2,1693
157276,6-3-2,356.4
157276,1-4-5,57.1
157276,2-4-5,997.7
157276,3-4-5,569.9
157276,4-3-5,1042
157276,5-3-4,2463
157276,6-3-4,222.7
157276,1-4-6,11.2
157276,2-4-6,333.2
157276,3-4-6,168.4
157276,4-3-6,341.2
157276,5-3-6,1873
157276,6-3-5,473.4
157276,1-5-2,165.2
157276,2-5-1,978.3
157276,3-5-1,501.7
157276,4-5-1,453.2
157276,5-4-1,1257
157276,6-4-1,97.1
157276,1-5-3,167.5
157276,2-5-3,1615
157276,3-5-2,1104
157276,4-5-2,807.8
157276,5-4-2,2084
157276,6-4-2,338.9
157276,1-5-4,149.8
157276,2-5-4,1615
157276,3-5-4,1023
157276,4-5-3,1125
157276,5-4-3,2243
157276,6-4-3,277.7
157276,1-5-6,77.6
157276,2-5-6,1262
157276,3-5-6,669.6
157276,4-5-6,368.4
157276,5-4-6,1029
157276,6-4-5,437.5
157276,1-6-2,14.9
157276,2-6-1,146.3
157276,3-6-1,55.4
157276,4-6-1,78.9
157276,5-6-1,715.8
157276,6-5-1,351.5
157276,1-6-3,10.3
157276,2-6-3,475.3
157276,3-6-2,248
157276,4-6-2,224.4
157276,5-6-2,1853
157276,6-5-2,1240
157276,1-6-4,11.9
157276,2-6-4,351.5
157276,3-6-4,139.8
157276,4-6-3,249.9
157276,5-6-3,1645
157276,6-5-3,905.4
157276,1-6-5,43.8
157276,2-6-5,882.7
157276,3-6-5,307.6
157276,4-6-5,258.7
157276,5-6-4,934.2
157276,6-5-4,694.7
157277,1-2-3,5.9
157277,2-1-3,30.6
157277,3-1-2,15.9
157277,4-1-2,789.2
157277,5-1-2,202.5
157277,6-1-2,312.2
157277,1-2-4,47.5
157277,2-1-4,179.8
157277,3-1-4,88.1
157277,4-1-3,696.4
157277,5-1-3,137.4
157277,6-1-3,249.9
157277,1-2-5,15.7
157277,2-1-5,72.8
157277,3-1-5,24.6
157277,4-1-5,853.2
157277,5-1-4,676.2
157277,6-1-4,900.3
157277,1-2-6,28.5
157277,2-1-6,118.4
157277,3-1-6,38.9
157277,4-1-6,855.4
157277,5-1-6,228.8
157277,6-1-5,421.6
157277,1-3-2,5.1
157277,2-3-1,60.6
157277,3-2-1,39.9
157277,4-2-1,1234
157277,5-2-1,357
157277,6-2-1,490.1
157277,1-3-4,34.1
157277,2-3-4,375.5
157277,3-2-4,226
157277,4-2-3,1093
157277,5-2-3,383.4
157277,6-2-3,637.8
157277,1-3-5,8.4
157277,2-3-5,163.5
157277,3-2-5,82.3
157277,4-2-5,1671
157277,5-2-4,1303
157277,6-2-4,1917
157277,1-3-6,14.4
157277,2-3-6,284.4
157277,3-2-6,152.7
157277,4-2-6,1429
157277,5-2-6,752.7
157277,6-2-5,1198
157277,1-4-2,149.2
157277,2-4-1,650.5
157277,3-4-1,285.9
157277,4-3-1,860
157277,5-3-1,184.9
157277,6-3-1,355.8
157277,1-4-3,137.5
157277,2-4-3,721.1
157277,3-4-2,409.9
157277,4-3-2,1159
157277,5-3-2,363.7
157277,6-3-2,629.2
157277,1-4-5,193.8
157277,2-4-5,1176
157277,3-4-5,396.5
157277,4-3-5,1516
157277,5-3-4,1193
157277,6-3-4,1567
157277,1-4-6,206.6
157277,2-4-6,1225
157277,3-4-6,443.4
157277,4-3-6,1781
157277,5-3-6,462.9
157277,6-3-5,947.5
157277,1-5-2,30.8
157277,2-5-1,215
157277,3-5-1,62.5
157277,4-5-1,1314
157277,5-4-1,1220
157277,6-4-1,2062
157277,1-5-3,24.3
157277,2-5-3,282.9
157277,3-5-2,103.4
157277,4-5-2,1706
157277,5-4-2,1917
157277,6-4-2,2396
157277,1-5-4,140.3
157277,2-5-4,942
157277,3-5-4,298.2
157277,4-5-3,1574
157277,5-4-3,1743
157277,6-4-3,2546
157277,1-5-6,47.5
157277,2-5-6,562.9
157277,3-5-6,110.9
157277,4-5-6,1951
157277,5-4-6,2024
157277,6-4-5,2671
157277,1-6-2,64.1
157277,2-6-1,482.8
157277,3-6-1,117.7
157277,4-6-1,1715
157277,5-6-1,332.2
157277,6-5-1,534.3
157277,1-6-3,50.2
157277,2-6-3,693.4
157277,3-6-2,213.5
157277,4-6-2,2232
157277,5-6-2,721.1
157277,6-5-2,1168
157277,1-6-4,228
157277,2-6-4,1448
157277,3-6-4,407.9
157277,4-6-3,2062
157277,5-6-3,548.7
157277,6-5-3,779.7
157277,1-6-5,84.2
157277,2-6-5,964.3
157277,3-6-5,187.2
157277,4-6-5,2414
157277,5-6-4,1461
157277,6-5-4,2144
157278,1-2-3,4.3
157278,2-1-3,53.4
157278,3-1-2,46.5
157278,4-1-2,420.3
157278,5-1-2,155.4
157278,6-1-2,1353
157278,1-2-4,17.3
157278,2-1-4,164.3
157278,3-1-4,61.7
157278,4-1-3,297.6
157278,5-1-3,107.8
157278,6-1-3,1240
157278,1-2-5,12.8
157278,2-1-5,119.6
157278,3-1-5,33.2
157278,4-1-5,319.6
157278,5-1-4,280.8
157278,6-1-4,1904
157278,1-2-6,45.8
157278,2-1-6,331.1
157278,3-1-6,138.1
157278,4-1-6,634.6
157278,5-1-6,278.4
157278,6-1-5,1330
157278,1-3-2,6.8
157278,2-3-1,152.9
157278,3-2-1,132
157278,4-2-1,716.6
157278,5-2-1,356.6
157278,6-2-1,2232
157278,1-3-4,12.8
157278,2-3-4,450.6
157278,3-2-4,333.9
157278,4-2-3,1008
157278,5-2-3,444.9
157278,6-2-3,3630
157278,1-3-5,6.7
157278,2-3-5,323.6
157278,3-2-5,239.7
157278,4-2-5,1088
157278,5-2-4,846.2
157278,6-2-4,4464
157278,1-3-6,35.2
157278,2-3-6,1269
157278,3-2-6,776.8
157278,4-2-6,1397
157278,5-2-6,1142
157278,6-2-5,3531
157278,1-4-2,43
157278,2-4-1,536.5
157278,3-4-1,179.6
157278,4-3-1,408.8
157278,5-3-1,182.5
157278,6-3-1,1718
157278,1-4-3,31.9
157278,2-4-3,778.4
157278,3-4-2,389.9
157278,4-3-2,966.2
157278,5-3-2,394.7
157278,6-3-2,3664
157278,1-4-5,41.3
157278,2-4-5,1145
157278,3-4-5,267.3
157278,4-3-5,708.8
157278,5-3-4,587.6
157278,6-3-4,3348
157278,1-4-6,86.8
157278,2-4-6,1867
157278,3-4-6,624.4
157278,4-3-6,1674
157278,5-3-6,766.1
157278,6-3-5,2538
157278,1-5-2,21.7
157278,2-5-1,351.2
157278,3-5-1,82.7
157278,4-5-1,507.7
157278,5-4-1,627.5
157278,6-4-1,3291
157278,1-5-3,14.7
157278,2-5-3,475.4
157278,3-5-2,199.3
157278,4-5-2,1156
157278,5-4-2,1353
157278,6-4-2,4088
157278,1-5-4,44.1
157278,2-5-4,855.5
157278,3-5-4,232.3
157278,4-5-3,831.7
157278,5-4-3,1064
157278,6-4-3,4364
157278,1-5-6,56.6
157278,2-5-6,1465
157278,3-5-6,370.9
157278,4-5-6,1106
157278,5-4-6,1523
157278,6-4-5,3377
157278,1-6-2,203.5
157278,2-6-1,1591
157278,3-6-1,635.7
157278,4-6-1,1598
157278,5-6-1,712.7
157278,6-5-1,1529
157278,1-6-3,155.2
157278,2-6-3,2555
157278,3-6-2,1493
157278,4-6-2,2555
157278,5-6-2,1339
157278,6-5-2,3963
157278,1-6-4,243.3
157278,2-6-4,1674
157278,3-6-4,1024
157278,4-6-3,2856
157278,5-6-3,1240
157278,6-5-3,1645
157278,1-6-5,178.1
157278,2-6-5,2505
157278,3-6-5,1022
157278,4-6-5,2055
157278,5-6-4,1180
157278,6-5-4,3011
157327,1-2-3,5.1
157327,2-1-3,34.1
157327,3-1-2,86.7
157327,4-1-2,36.1
157327,5-1-2,432.1
157327,6-1-2,1156
157327,1-2-4,5.8
157327,2-1-4,26.9
157327,3-1-4,59.5
157327,4-1-3,53.4
157327,5-1-3,540.7
157327,6-1-3,1515
157327,1-2-5,36.1
157327,2-1-5,114.4
157327,3-1-5,186.4
157327,4-1-5,62.2
157327,5-1-4,373.6
157327,6-1-4,1054
157327,1-2-6,82.1
157327,2-1-6,340.5
157327,3-1-6,512.3
157327,4-1-6,153.7
157327,5-1-6,853.9
157327,6-1-5,1582
157327,1-3-2,10.4
157327,2-3-1,104.1
157327,3-2-1,177.2
157327,4-2-1,56.9
157327,5-2-1,636.6
157327,6-2-1,1992
157327,1-3-4,8.8
157327,2-3-4,93.7
157327,3-2-4,147.5
157327,4-2-3,91.8
157327,5-2-3,736.9
157327,6-2-3,1823
157327,1-3-5,43.4
157327,2-3-5,304.8
157327,3-2-5,450.2
157327,4-2-5,109.6
157327,5-2-4,664.1
157327,6-2-4,1312
157327,1-3-6,91.1
157327,2-3-6,1075
157327,3-2-6,960.7
157327,4-2-6,217.3
157327,5-2-6,1236
157327,6-2-5,2109
157327,1-4-2,9.4
157327,2-4-1,56.9
157327,3-4-1,128
157327,4-3-1,135.1
157327,5-3-1,952.2
157327,6-3-1,3164
157327,1-4-3,13.1
157327,2-4-3,89.3
157327,3-4-2,151.3
157327,4-3-2,158
157327,5-3-2,1086
157327,6-3-2,3710
157327,1-4-5,38.1
157327,2-4-5,186.8
157327,3-4-5,335.2
157327,4-3-5,280.2
157327,5-3-4,1156
157327,6-3-4,1515
157327,1-4-6,72.5
157327,2-4-6,459.8
157327,3-4-6,519.8
157327,4-3-6,452
157327,5-3-6,1735
157327,6-3-5,2109
157327,1-5-2,111.5
157327,2-5-1,395.5
157327,3-5-1,668.3
157327,4-5-1,112.1
157327,5-4-1,448.3
157327,6-4-1,1494
157327,1-5-3,124.1
157327,2-5-3,554.6
157327,3-5-2,904.1
157327,4-5-2,139.9
157327,5-4-2,652.1
157327,6-4-2,1515
157327,1-5-4,112.3
157327,2-5-4,442.7
157327,3-5-4,736.9
157327,4-5-3,252.5
157327,5-4-3,1097
157327,6-4-3,1793
157327,1-5-6,300.5
157327,2-5-6,1473
157327,3-5-6,1735
157327,4-5-6,284.6
157327,5-4-6,904.1
157327,6-4-5,2151
157327,1-6-2,415.4
157327,2-6-1,1362
157327,3-6-1,1707
157327,4-6-1,344.8
157327,5-6-1,1681
157327,6-5-1,3164
157327,1-6-3,409.1
157327,2-6-3,1855
157327,3-6-2,2289
157327,4-6-2,409.1
157327,5-6-2,2289
157327,6-5-2,4483
157327,1-6-4,391.2
157327,2-6-4,1251
157327,3-6-4,1208
157327,4-6-3,694.1
157327,5-6-3,1855
157327,6-5-3,2339
157327,1-6-5,668.3
157327,2-6-5,2391
157327,3-6-5,1379
157327,4-6-5,572.3
157327,5-6-4,1379
157327,6-5-4,2030
157328,1-2-3,8.1
157328,2-1-3,47.9
157328,3-1-2,87.9
157328,4-1-2,45.3
157328,5-1-2,219.1
157328,6-1-2,996.4
157328,1-2-4,7.1
157328,2-1-4,40.5
157328,3-1-4,62.4
157328,4-1-3,79.9
157328,5-1-3,275.5
157328,6-1-3,1477
157328,1-2-5,22.5
157328,2-1-5,90.3
157328,3-1-5,146.9
157328,4-1-5,56
157328,5-1-4,210
157328,6-1-4,1206
157328,1-2-6,65.7
157328,2-1-6,192.5
157328,3-1-6,349.7
157328,4-1-6,161.3
157328,5-1-6,377.5
157328,6-1-5,2040
157328,1-3-2,12.2
157328,2-3-1,175.6
157328,3-2-1,224.3
157328,4-2-1,121.5
157328,5-2-1,504
157328,6-2-1,1452
157328,1-3-4,10
157328,2-3-4,261.2
157328,3-2-4,329.5
157328,4-2-3,313.9
157328,5-2-3,779
157328,6-2-3,2764
157328,1-3-5,15.7
157328,2-3-5,513.1
157328,3-2-5,745.1
157328,4-2-5,264.4
157328,5-2-4,772
157328,6-2-4,2856
157328,1-3-6,67.1
157328,2-3-6,1112
157328,3-2-6,1360
157328,4-2-6,463.2
157328,5-2-6,1206
157328,6-2-5,3895
157328,1-4-2,7.4
157328,2-4-1,106.3
157328,3-4-1,181.1
157328,4-3-1,235.4
157328,5-3-1,659.1
157328,6-3-1,2316
157328,1-4-3,10.3
157328,2-4-3,300.6
157328,3-4-2,337.3
157328,4-3-2,398.5
157328,5-3-2,793.4
157328,6-3-2,3725
157328,1-4-5,14.2
157328,2-4-5,294.4
157328,3-4-5,484.1
157328,4-3-5,411.9
157328,5-3-4,996.4
157328,6-3-4,3060
157328,1-4-6,44
157328,2-4-6,567.5
157328,3-4-6,1206
157328,4-3-6,865.6
157328,5-3-6,2090
157328,6-3-5,4080
157328,1-5-2,42.1
157328,2-5-1,382.5
157328,3-5-1,489.6
157328,4-5-1,119.1
157328,5-4-1,272
157328,6-4-1,1713
157328,1-5-3,35.1
157328,2-5-3,911.6
157328,3-5-2,793.4
157328,4-5-2,241.3
157328,5-4-2,644.3
157328,6-4-2,2197
157328,1-5-4,37.2
157328,2-5-4,685.5
157328,3-5-4,696.7
157328,4-5-3,426.3
157328,5-4-3,941.7
157328,6-4-3,3570
157328,1-5-6,104.5
157328,2-5-6,1279
157328,3-5-6,1862
157328,4-5-6,361.5
157328,5-4-6,848.4
157328,6-4-5,2448
157328,1-6-2,223.7
157328,2-6-1,962.8
157328,3-6-1,1680
157328,4-6-1,400.4
157328,5-6-1,892.6
157328,6-5-1,1823
157328,1-6-3,202.1
157328,2-6-3,1713
157328,3-6-2,2380
157328,4-6-2,800.8
157328,5-6-2,1173
157328,6-5-2,2090
157328,1-6-4,172
157328,2-6-4,1748
157328,3-6-4,2090
157328,4-6-3,1084
157328,5-6-3,1992
157328,6-5-3,2255
157328,1-6-5,289.5
157328,2-6-5,2197
157328,3-6-5,1992
157328,4-6-5,793.4
157328,5-6-4,1428
157328,6-5-4,2764
157329,1-2-3,7
157329,2-1-3,80.2
157329,3-1-2,346.1
157329,4-1-2,94.8
157329,5-1-2,203.2
157329,6-1-2,236.4
157329,1-2-4,4.5
157329,2-1-4,34.2
157329,3-1-4,349.7
157329,4-1-3,277.1
157329,5-1-3,317.9
157329,6-1-3,576.2
157329,1-2-5,5.1
157329,2-1-5,50.9
157329,3-1-5,349.7
157329,4-1-5,159.7
157329,5-1-4,321.9
157329,6-1-4,494.7
157329,1-2-6,25.8
157329,2-1-6,121.6
157329,3-1-6,1024
157329,4-1-6,370.1
157329,5-1-6,469.5
157329,6-1-5,557.2
157329,1-3-2,21.1
157329,2-3-1,333.6
157329,3-2-1,724.4
157329,4-2-1,182
157329,5-2-1,417.3
157329,6-2-1,370.1
157329,1-3-4,28.4
157329,2-3-4,350.9
157329,3-2-4,393.1
157329,4-2-3,517.4
157329,5-2-3,824.5
157329,6-2-3,1045
157329,1-3-5,39
157329,2-3-5,709.2
157329,3-2-5,694.6
157329,4-2-5,431.5
157329,5-2-4,1078
157329,6-2-4,984.6
157329,1-3-6,93.4
157329,2-3-6,1584
157329,3-2-6,1389
157329,4-2-6,531
157329,5-2-6,1045
157329,6-2-5,838.2
157329,1-4-2,9.4
157329,2-4-1,79.6
157329,3-4-1,699.4
157329,4-3-1,714.2
157329,5-3-1,1207
157329,6-3-1,1428
157329,1-4-3,24.5
157329,2-4-3,314.9
157329,3-4-2,629.9
157329,4-3-2,603.7
157329,5-3-2,1469
157329,6-3-2,1779
157329,1-4-5,16.9
157329,2-4-5,342.6
157329,3-4-5,939.1
157329,4-3-5,1114
157329,5-3-4,1584
157329,6-3-4,2305
157329,1-4-6,57.2
157329,2-4-6,517.4
157329,3-4-6,1408
157329,4-3-6,1179
157329,5-3-6,1779
157329,6-3-5,1389
157329,1-5-2,18.9
157329,2-5-1,213
157329,3-5-1,1090
157329,4-5-1,293.9
157329,5-4-1,504.5
157329,6-4-1,831.3
157329,1-5-3,52.9
157329,2-5-3,786.2
157329,3-5-2,1090
157329,4-5-2,502
157329,5-4-2,984.6
157329,6-4-2,1139
157329,1-5-4,34
157329,2-5-4,536.6
157329,3-5-4,1609
157329,4-5-3,1139
157329,5-4-3,1370
157329,6-4-3,1719
157329,1-5-6,85.8
157329,2-5-6,1090
157329,3-5-6,1811
157329,4-5-6,792.3
157329,5-4-6,1267
157329,6-4-5,1252
157329,1-6-2,65.8
157329,2-6-1,343.8
157329,3-6-1,1779
157329,4-6-1,671.6
157329,5-6-1,889.6
157329,6-5-1,1252
157329,1-6-3,141.8
157329,2-6-3,1067
157329,3-6-2,2028
157329,4-6-2,845.2
157329,5-6-2,1221
157329,6-5-2,1635
157329,1-6-4,113.9
157329,2-6-4,751.2
157329,3-6-4,2669
157329,4-6-3,1469
157329,5-6-3,1584
157329,6-5-3,1719
157329,1-6-5,111.9
157329,2-6-5,1560
157329,3-6-5,1448
157329,4-6-5,889.6
157329,5-6-4,1811
157329,6-5-4,2113
157330,1-2-3,6.4
157330,2-1-3,32.7
157330,3-1-2,164.6
157330,4-1-2,144.1
157330,5-1-2,38.6
157330,6-1-2,1200
157330,1-2-4,12.9
157330,2-1-4,50.6
157330,3-1-4,348.7
157330,4-1-3,380.9
157330,5-1-3,99.2
157330,6-1-3,1877
157330,1-2-5,4.2
157330,2-1-5,19.8
157330,3-1-5,161.8
157330,4-1-5,122.4
157330,5-1-4,103.2
157330,6-1-4,2106
157330,1-2-6,37.2
157330,2-1-6,111.2
157330,3-1-6,905.5
157330,4-1-6,317.6
157330,5-1-6,105
157330,6-1-5,1395
157330,1-3-2,17.3
157330,2-3-1,183.6
157330,3-2-1,302.7
157330,4-2-1,237.3
157330,5-2-1,60.5
157330,6-2-1,1340
157330,1-3-4,54.5
157330,2-3-4,408
157330,3-2-4,473.5
157330,4-2-3,759.1
157330,5-2-3,165.7
157330,6-2-3,1811
157330,1-3-5,18.9
157330,2-3-5,189.4
157330,3-2-5,335.1
157330,4-2-5,226.8
157330,5-2-4,169.2
157330,6-2-4,2580
157330,1-3-6,80.1
157330,2-3-6,670.3
157330,3-2-6,1200
157330,4-2-6,412.9
157330,5-2-6,160
157330,6-2-5,1290
157330,1-4-2,38.6
157330,2-4-1,195.8
157330,3-4-1,742.7
157330,4-3-1,653.4
157330,5-3-1,357.2
157330,6-3-1,2949
157330,1-4-3,97.2
157330,2-4-3,518.7
157330,3-4-2,1075
157330,4-3-2,1053
157330,5-3-2,318.6
157330,6-3-2,3128
157330,1-4-5,37.9
157330,2-4-5,232.5
157330,3-4-5,1229
157330,4-3-5,1110
157330,5-3-4,853.2
157330,6-3-4,3441
157330,1-4-6,139.6
157330,2-4-6,600.2
157330,3-4-6,1911
157330,4-3-6,1340
157330,5-3-6,889.9
157330,6-3-5,2580
157330,1-5-2,9.1
157330,2-5-1,52.8
157330,3-5-1,329.8
157330,4-5-1,115
157330,5-4-1,156.1
157330,6-4-1,3036
157330,1-5-3,21.9
157330,2-5-3,157.6
157330,3-5-2,419.6
157330,4-5-2,141.6
157330,5-4-2,166.2
157330,6-4-2,3687
157330,1-5-4,35.2
157330,2-5-4,174.3
157330,3-5-4,1186
157330,4-5-3,484.6
157330,5-4-3,576.7
157330,6-4-3,4129
157330,1-5-6,59.3
157330,2-5-6,230.9
157330,3-5-6,1414
157330,4-5-6,211.5
157330,5-4-6,251.8
157330,6-4-5,2294
157330,1-6-2,199.6
157330,2-6-1,711.9
157330,3-6-1,2196
157330,4-6-1,586.5
157330,5-6-1,322.6
157330,6-5-1,1376
157330,1-6-3,299.2
157330,2-6-3,1229
157330,3-6-2,2647
157330,4-6-2,707.1
157330,5-6-2,300.9
157330,6-5-2,1474
157330,1-6-4,331.9
157330,2-6-4,1496
157330,3-6-4,3687
157330,4-6-3,1243
157330,5-6-3,930
157330,6-5-3,1985
157330,1-6-5,276.7
157330,2-6-5,561
157330,3-6-5,1985
157330,4-6-5,649.2
157330,5-6-4,543.3
157330,6-5-4,2106
157331,1-2-3,16.7
157331,2-1-3,148.9
157331,3-1-2,143.8
157331,4-1-2,30.4
157331,5-1-2,151.2
157331,6-1-2,1968
157331,1-2-4,7.8
157331,2-1-4,83.4
157331,3-1-4,65.1
157331,4-1-3,41.7
157331,5-1-3,175.4
157331,6-1-3,2711
157331,1-2-5,20
157331,2-1-5,133
157331,3-1-5,105.1
157331,4-1-5,18.3
157331,5-1-4,83.9
157331,6-1-4,2281
157331,1-2-6,284
157331,2-1-6,1019
157331,3-1-6,737
157331,4-1-6,278.5
157331,5-1-6,581.8
157331,6-1-5,2436
157331,1-3-2,19
157331,2-3-1,509.6
157331,3-2-1,415.3
157331,4-2-1,91.2
157331,5-2-1,397
157331,6-2-1,3782
157331,1-3-4,11.3
157331,2-3-4,624.9
157331,3-2-4,361.1
157331,4-2-3,254.3
157331,5-2-3,662.3
157331,6-2-3,4355
157331,1-3-5,21.4
157331,2-3-5,1019
157331,3-2-5,671.6
157331,4-2-5,139.1
157331,5-2-4,414.1
157331,6-2-4,4491
157331,1-3-6,264.2
157331,2-3-6,4106
157331,3-2-6,2818
157331,4-2-6,681.1
157331,5-2-6,1968
157331,6-2-5,5133
157331,1-4-2,6.4
157331,2-4-1,198.7
157331,3-4-1,108.3
157331,4-3-1,97.6
157331,5-3-1,439.5
157331,6-3-1,5133
157331,1-4-3,9.9
157331,2-4-3,459.1
157331,3-4-2,271.1
157331,4-3-2,239.5
157331,5-3-2,881.7
157331,6-3-2,5749
157331,1-4-5,9.1
157331,2-4-5,359.3
157331,3-4-5,183.5
157331,4-3-5,157.4
157331,5-3-4,526.4
157331,6-3-4,4956
157331,1-4-6,198.5
157331,2-4-6,1731
157331,3-4-6,1306
157331,4-3-6,1140
157331,5-3-6,2818
157331,6-3-5,4956
157331,1-5-2,30.8
157331,2-5-1,430.3
157331,3-5-1,251.2
157331,4-5-1,24.6
157331,5-4-1,95.8
157331,6-4-1,3342
157331,1-5-3,32
157331,2-5-3,971.1
157331,3-5-2,544.4
157331,4-5-2,68.6
157331,5-4-2,217.1
157331,6-4-2,4956
157331,1-5-4,20.7
157331,2-5-4,557
157331,3-5-4,295.7
157331,4-5-3,124.3
157331,5-4-3,298.8
157331,6-4-3,6249
157331,1-5-6,266.6
157331,2-5-6,3593
157331,3-5-6,1497
157331,4-5-6,338.9
157331,5-4-6,624.9
157331,6-4-5,4956
157331,1-6-2,687.6
157331,2-6-1,3884
157331,3-6-1,3342
157331,4-6-1,1012
157331,5-6-1,2145
157331,6-5-1,4355
157331,1-6-3,909.6
157331,2-6-3,5133
157331,3-6-2,4491
157331,4-6-2,1942
157331,5-6-2,2933
157331,6-5-2,4106
157331,1-6-4,768.5
157331,2-6-4,5988
157331,3-6-4,3124
157331,4-6-3,1942
157331,5-6-3,3193
157331,6-5-3,6844
157331,1-6-5,903.9
157331,2-6-5,4956
157331,3-6-5,2711
157331,4-6-5,1409
157331,5-6-4,1996
157331,6-5-4,5323
157332,1-2-3,8.7
157332,2-1-3,82.7
157332,3-1-2,16.2
157332,4-1-2,444.4
157332,5-1-2,270.8
157332,6-1-2,2061
157332,1-2-4,52.1
157332,2-1-4,335.8
157332,3-1-4,42.5
157332,4-1-3,252.8
157332,5-1-3,112.1
157332,6-1-3,1706
157332,1-2-5,25
157332,2-1-5,179.2
157332,3-1-5,11.1
157332,4-1-5,355.1
157332,5-1-4,543.7
157332,6-1-4,3227
157332,1-2-6,154.6
157332,2-1-6,687.2
157332,3-1-6,84.1
157332,4-1-6,656.8
157332,5-1-6,486.7
157332,6-1-5,2854
157332,1-3-2,4.7
157332,2-3-1,130.4
157332,3-2-1,54.6
157332,4-2-1,878.4
157332,5-2-1,458.1
157332,6-2-1,3620
157332,1-3-4,11.6
157332,2-3-4,491.5
157332,3-2-4,200
157332,4-2-3,815.6
157332,5-2-3,410
157332,6-2-3,3092
157332,1-3-5,4.2
157332,2-3-5,305.4
157332,3-2-5,91.5
157332,4-2-5,853.1
157332,5-2-4,976.6
157332,6-2-4,5119
157332,1-3-6,31.8
157332,2-3-6,1016
157332,3-2-6,488.3
157332,4-2-6,1124
157332,5-2-6,1413
157332,6-2-5,4241
157332,1-4-2,102.5
157332,2-4-1,894.2
157332,3-4-1,137.8
157332,4-3-1,313.1
157332,5-3-1,183.5
157332,6-3-1,2516
157332,1-4-3,44.5
157332,2-4-3,963.9
157332,3-4-2,318.5
157332,4-3-2,848.2
157332,5-3-2,337.3
157332,6-3-2,3711
157332,1-4-5,82.6
157332,2-4-5,1091
157332,3-4-5,220.2
157332,4-3-5,665.7
157332,5-3-4,684.1
157332,6-3-4,4366
157332,1-4-6,246.1
157332,2-4-6,2283
157332,3-4-6,586.7
157332,4-3-6,1427
157332,5-3-6,757.4
157332,6-3-5,3711
157332,1-5-2,33.6
157332,2-5-1,452.5
157332,3-5-1,39.7
157332,4-5-1,491.5
157332,5-4-1,710.2
157332,6-4-1,5119
157332,1-5-3,13.7
157332,2-5-3,499.8
157332,3-5-2,94
157332,4-5-2,713.7
157332,5-4-2,1009
157332,6-4-2,4241
157332,1-5-4,83.8
157332,2-5-4,1247
157332,3-5-4,183.7
157332,4-5-3,586.7
157332,5-4-3,793.8
157332,6-4-3,5301
157332,1-5-6,149.9
157332,2-5-6,1649
157332,3-5-6,245.7
157332,4-5-6,757.4
157332,5-4-6,1313
157332,6-4-5,3711
157332,1-6-2,562.3
157332,2-6-1,2559
157332,3-6-1,503.2
157332,4-6-1,1455
157332,5-6-1,2006
157332,6-5-1,3906
157332,1-6-3,269.9
157332,2-6-3,2604
157332,3-6-2,1141
157332,4-6-2,2283
157332,5-6-2,2749
157332,6-5-2,4498
157332,1-6-4,568.7
157332,2-6-4,4639
157332,3-6-4,1247
157332,4-6-3,2061
157332,5-6-3,1530
157332,6-5-3,3620
157332,1-6-5,481.9
157332,2-6-5,3711
157332,3-6-5,713.7
157332,4-6-5,1530
157332,5-6-4,2394
157332,6-5-4,3806
157333,1-2-3,8.7
157333,2-1-3,100.1
157333,3-1-2,33.1
157333,4-1-2,237
157333,5-1-2,533.9
157333,6-1-2,1023
157333,1-2-4,13.1
157333,2-1-4,136.9
157333,3-1-4,20.4
157333,4-1-3,124.7
157333,5-1-3,447.3
157333,6-1-3,1023
157333,1-2-5,39.1
157333,2-1-5,300.9
157333,3-1-5,43.6
157333,4-1-5,249.5
157333,5-1-4,587.6
157333,6-1-4,1257
157333,1-2-6,36.6
157333,2-1-6,346
157333,3-1-6,45.3
157333,4-1-6,186.3
157333,5-1-6,1034
157333,6-1-5,3009
157333,1-3-2,7.4
157333,2-3-1,175.7
157333,3-2-1,117.8
157333,4-2-1,464
157333,5-2-1,1115
157333,6-2-1,1601
157333,1-3-4,5
157333,2-3-4,426.2
157333,3-2-4,141
157333,4-2-3,598.2
157333,5-2-3,1003
157333,6-2-3,2422
157333,1-3-5,13
157333,2-3-5,735.6
157333,3-2-5,312.3
157333,4-2-5,1003
157333,5-2-4,1360
157333,6-2-4,3678
157333,1-3-6,14.8
157333,2-3-6,735.6
157333,3-2-6,376.1
157333,4-2-6,632.5
157333,5-2-6,2309
157333,6-2-5,2422
157333,1-4-2,17.2
157333,2-4-1,379
157333,3-4-1,58
157333,4-3-1,163.8
157333,5-3-1,680.2
157333,6-3-1,1273
157333,1-4-3,12.6
157333,2-4-3,628.5
157333,3-4-2,163
157333,4-3-2,431.7
157333,5-3-2,964.2
157333,6-3-2,2422
157333,1-4-5,25.3
157333,2-4-5,1342
157333,3-4-5,159.4
157333,4-3-5,491.6
157333,5-3-4,1115
157333,6-3-4,2206
157333,1-4-6,22.3
157333,2-4-6,945.8
157333,3-4-6,205.6
157333,4-3-6,410.3
157333,5-3-6,2206
157333,6-3-5,3678
157333,1-5-2,110.3
157333,2-5-1,781.9
157333,3-5-1,209
157333,4-5-1,369.1
157333,5-4-1,928.1
157333,6-4-1,1482
157333,1-5-3,64.9
157333,2-5-3,1460
157333,3-5-2,551.7
157333,4-5-2,1003
157333,5-4-2,1986
157333,6-4-2,3310
157333,1-5-4,100.8
157333,2-5-4,2257
157333,3-5-4,366.4
157333,4-5-3,834.5
157333,5-4-3,1482
157333,6-4-3,3972
157333,1-5-6,150
157333,2-5-6,2920
157333,3-5-6,632.5
157333,4-5-6,666.5
157333,5-4-6,1839
157333,6-4-5,3103
157333,1-6-2,148
157333,2-6-1,1527
157333,3-6-1,320.3
157333,4-6-1,601.8
157333,5-6-1,2309
157333,6-5-1,3972
157333,1-6-3,94.8
157333,2-6-3,2364
157333,3-6-2,936.9
157333,4-6-2,1527
157333,5-6-2,4138
157333,6-5-2,4965
157333,1-6-4,109.6
157333,2-6-4,2422
157333,3-6-4,539.7
157333,4-6-3,964.2
157333,5-6-3,2309
157333,6-5-3,4965
157333,1-6-5,317.2
157333,2-6-5,4965
157333,3-6-5,684.9
157333,4-6-5,1257
157333,5-6-4,2309
157333,6-5-4,3103
157334,1-2-3,21.2
157334,2-1-3,108.8
157334,3-1-2,171.7
157334,4-1-2,39.3
157334,5-1-2,158.2
157334,6-1-2,582.2
157334,1-2-4,11.1
157334,2-1-4,50.1
157334,3-1-4,133.3
157334,4-1-3,102
157334,5-1-3,233
157334,6-1-3,1071
157334,1-2-5,19
157334,2-1-5,73.8
157334,3-1-5,144.5
157334,4-1-5,33.9
157334,5-1-4,98.5
157334,6-1-4,514.5
157334,1-2-6,35.1
157334,2-1-6,120.3
157334,3-1-6,254.9
157334,4-1-6,55
157334,5-1-6,159.1
157334,6-1-5,450.6
157334,1-3-2,33.1
157334,2-3-1,229.6
157334,3-2-1,252.2
157334,4-2-1,61.3
157334,5-2-1,221.4
157334,6-2-1,822.6
157334,1-3-4,33.1
157334,2-3-4,205.9
157334,3-2-4,180
157334,4-2-3,141
157334,5-2-3,301.6
157334,6-2-3,1443
157334,1-3-5,45.9
157334,2-3-5,253.5
157334,3-2-5,258.1
157334,4-2-5,50.3
157334,5-2-4,137.3
157334,6-2-4,901.2
157334,1-3-6,73.1
157334,2-3-6,291.7
157334,3-2-6,262.9
157334,4-2-6,51.9
157334,5-2-6,253.1
157334,6-2-5,1505
157334,1-4-2,14.6
157334,2-4-1,75.8
157334,3-4-1,166.4
157334,4-3-1,168.6
157334,5-3-1,418.6
157334,6-3-1,1310
157334,1-4-3,34.5
157334,2-4-3,170.6
157334,3-4-2,195.4
157334,4-3-2,199.2
157334,5-3-2,401.9
157334,6-3-2,2050
157334,1-4-5,15.7
157334,2-4-5,76.8
157334,3-4-5,147
157334,4-3-5,158
157334,5-3-4,232.7
157334,6-3-4,1360
157334,1-4-6,32.2
157334,2-4-6,120.8
157334,3-4-6,170.6
157334,4-3-6,143.9
157334,5-3-6,634.4
157334,6-3-5,1886
157334,1-5-2,39.5
157334,2-5-1,161.1
157334,3-5-1,310.2
157334,4-5-1,31.1
157334,5-4-1,83.6
157334,6-4-1,449.1
157334,1-5-3,64.5
157334,2-5-3,251.7
157334,3-5-2,276.3
157334,4-5-2,34.9
157334,5-4-2,96.6
157334,6-4-2,554.8
157334,1-5-4,29.1
157334,2-5-4,116.4
157334,3-5-4,189.4
157334,4-5-3,96.1
157334,5-4-3,196.5
157334,6-4-3,1241
157334,1-5-6,68.5
157334,2-5-6,255.3
157334,3-5-6,311.6
157334,4-5-6,23.6
157334,5-4-6,72.5
157334,6-4-5,310.9
157334,1-6-2,93.8
157334,2-6-1,381.3
157334,3-6-1,640.2
157334,4-6-1,69.3
157334,5-6-1,275.2
157334,6-5-1,736.9
157334,1-6-3,169.8
157334,2-6-3,673.7
157334,3-6-2,487.8
157334,4-6-2,58.9
157334,5-6-2,315.8
157334,6-5-2,1387
157334,1-6-4,108.8
157334,2-6-4,386.5
157334,3-6-4,496.4
157334,4-6-3,151.1
157334,5-6-3,634.4
157334,6-5-3,1489
157334,1-6-5,171.2
157334,2-6-5,557
157334,3-6-5,634.4
157334,4-6-5,51.5
157334,5-6-4,153.2
157334,6-5-4,345
157335,1-2-3,20.6
157335,2-1-3,161.6
157335,3-1-2,132.9
157335,4-1-2,23.2
157335,5-1-2,232.6
157335,6-1-2,1015
157335,1-2-4,12.9
157335,2-1-4,74
157335,3-1-4,45.3
157335,4-1-3,20.7
157335,5-1-3,214.2
157335,6-1-3,1006
157335,1-2-5,46.3
157335,2-1-5,239.5
157335,3-1-5,148.7
157335,4-1-5,15.7
157335,5-1-4,115.5
157335,6-1-4,555
157335,1-2-6,161.6
157335,2-1-6,773.9
157335,3-1-6,482.1
157335,4-1-6,51.5
157335,5-1-6,298.6
157335,6-1-5,1354
157335,1-3-2,20.1
157335,2-3-1,427.7
157335,3-2-1,325
157335,4-2-1,76.7
157335,5-2-1,519.5
157335,6-2-1,1928
157335,1-3-4,8
157335,2-3-4,449.7
157335,3-2-4,240.5
157335,4-2-3,177.4
157335,5-2-3,738.8
157335,6-2-3,2585
157335,1-3-5,28.5
157335,2-3-5,881.9
157335,3-2-5,625.1
157335,4-2-5,114.2
157335,5-2-4,618.3
157335,6-2-4,1996
157335,1-3-6,132.9
157335,2-3-6,2031
157335,3-2-6,1497
157335,4-2-6,238
157335,5-2-6,1673
157335,6-2-5,3670
157335,1-4-2,9.4
157335,2-4-1,166.3
157335,3-4-1,90.4
157335,4-3-1,54.7
157335,5-3-1,453.2
157335,6-3-1,1835
157335,1-4-3,8.5
157335,2-4-3,319.5
157335,3-4-2,198.9
157335,4-3-2,180.5
157335,5-3-2,964.2
157335,6-3-2,2917
157335,1-4-5,11.3
157335,2-4-5,458.7
157335,3-4-5,196.5
157335,4-3-5,112.7
157335,5-3-4,510.2
157335,6-3-4,1387
157335,1-4-6,51.1
157335,2-4-6,1025
157335,3-4-6,598.8
157335,4-3-6,272.1
157335,5-3-6,1422
157335,6-3-5,1996
157335,1-5-2,75
157335,2-5-1,580.4
157335,3-5-1,356.6
157335,4-5-1,26.4
157335,5-4-1,113.3
157335,6-4-1,615
157335,1-5-3,73.5
157335,2-5-3,1126
157335,3-5-2,635.6
157335,4-5-2,59.9
157335,5-4-2,280.9
157335,6-4-2,980.8
157335,1-5-4,36.9
157335,2-5-4,693.7
157335,3-5-4,380.5
157335,4-5-3,78.8
157335,5-4-3,381.8
157335,6-4-3,1015
157335,1-5-6,171.3
157335,2-5-6,1723
157335,3-5-6,1006
157335,4-5-6,57.9
157335,5-4-6,270.2
157335,6-4-5,698
157335,1-6-2,218.8
157335,2-6-1,1835
157335,3-6-1,1387
157335,4-6-1,105
157335,5-6-1,888.8
157335,6-5-1,1602
157335,1-6-3,288.7
157335,2-6-3,2917
157335,3-6-2,2585
157335,4-6-2,202.4
157335,5-6-2,1422
157335,6-5-2,1928
157335,1-6-4,157.5
157335,2-6-4,1961
157335,3-6-4,1063
157335,4-6-3,288.7
157335,5-6-3,1497
157335,6-5-3,2068
157335,1-6-5,272.8
157335,2-6-5,1961
157335,3-6-5,1083
157335,4-6-5,134.1
157335,5-6-4,628.5
157335,6-5-4,917.5
157336,1-2-3,5.1
157336,2-1-3,15.3
157336,3-1-2,52
157336,4-1-2,118.4
157336,5-1-2,260.3
157336,6-1-2,498
157336,1-2-4,8.3
157336,2-1-4,22.6
157336,3-1-4,66.8
157336,4-1-3,181.8
157336,5-1-3,294.4
157336,6-1-3,498
157336,1-2-5,16.4
157336,2-1-5,38.8
157336,3-1-5,95.8
157336,4-1-5,181.6
157336,5-1-4,447
157336,6-1-4,848
157336,1-2-6,21.1
157336,2-1-6,47.3
157336,3-1-6,120.9
157336,4-1-6,179.4
157336,5-1-6,463.7
157336,6-1-5,1290
157336,1-3-2,11.3
157336,2-3-1,50.1
157336,3-2-1,77.4
157336,4-2-1,186.6
157336,5-2-1,365.5
157336,6-2-1,626.2
157336,1-3-4,15.2
157336,2-3-4,97.2
157336,3-2-4,119.8
157336,4-2-3,305.3
157336,5-2-3,390.5
157336,6-2-3,545.6
157336,1-3-5,26.2
157336,2-3-5,169.6
157336,3-2-5,211.4
157336,4-2-5,290.4
157336,5-2-4,557.9
157336,6-2-4,1016
157336,1-3-6,27.5
157336,2-3-6,149.6
157336,3-2-6,214.4
157336,4-2-6,213.2
157336,5-2-6,631.5
157336,6-2-5,1649
157336,1-4-2,20.9
157336,2-4-1,95.6
157336,3-4-1,165.2
157336,4-3-1,318.4
157336,5-3-1,566.4
157336,6-3-1,819.9
157336,1-4-3,35.9
157336,2-4-3,164.7
157336,3-4-2,223.5
157336,4-3-2,363.7
157336,5-3-2,753.3
157336,6-3-2,789.4
157336,1-4-5,55.9
157336,2-4-5,262.2
157336,3-4-5,326.1
157336,4-3-5,531.9
157336,5-3-4,819.9
157336,6-3-4,772.9
157336,1-4-6,51.6
157336,2-4-6,201.6
157336,3-4-6,299.8
157336,4-3-6,425.2
157336,5-3-6,806.5
157336,6-3-5,951.3
157336,1-5-2,52
157336,2-5-1,183.6
157336,3-5-1,355
157336,4-5-1,261.7
157336,5-4-1,506.5
157336,6-4-1,1141
157336,1-5-3,74.8
157336,2-5-3,365.5
157336,3-5-2,489.8
157336,4-5-2,291.5
157336,5-4-2,511.7
157336,6-4-2,1159
157336,1-5-4,113.7
157336,2-5-4,427.6
157336,3-5-4,566.4
157336,4-5-3,535.7
157336,5-4-3,656.6
157336,6-4-3,843.2
157336,1-5-6,126.5
157336,2-5-6,472.6
157336,3-5-6,560
157336,4-5-6,321.2
157336,5-4-6,570.8
157336,6-4-5,1562
157336,1-6-2,96.4
157336,2-6-1,275.3
157336,3-6-1,469.6
157336,4-6-1,400
157336,5-6-1,1124
157336,6-5-1,1686
157336,1-6-3,144.5
157336,2-6-3,491.4
157336,3-6-2,496.3
157336,4-6-2,369.1
157336,5-6-2,873
157336,6-5-2,1902
157336,1-6-4,166.7
157336,2-6-4,600.8
157336,3-6-4,531.9
157336,4-6-3,623.5
157336,5-6-3,781.1
157336,6-5-3,951.3
157336,1-6-5,212.6
157336,2-6-5,716.9
157336,3-6-5,600.8
157336,4-6-5,496.3
157336,5-6-4,1247
157336,6-5-4,1788
157337,1-2-3,4.5
157337,2-1-3,29.4
157337,3-1-2,79.8
157337,4-1-2,161
157337,5-1-2,229.4
157337,6-1-2,954.1
157337,1-2-4,7.6
157337,2-1-4,40.2
157337,3-1-4,124
157337,4-1-3,192.9
157337,5-1-3,306.9
157337,6-1-3,1393
157337,1-2-5,10.6
157337,2-1-5,55.6
157337,3-1-5,117
157337,4-1-5,210.5
157337,5-1-4,309.9
157337,6-1-4,1600
157337,1-2-6,32.3
157337,2-1-6,117.1
157337,3-1-6,245.8
157337,4-1-6,400.1
157337,5-1-6,490.3
157337,6-1-5,1827
157337,1-3-2,7.7
157337,2-3-1,119.3
157337,3-2-1,172.6
157337,4-2-1,275.9
157337,5-2-1,425.6
157337,6-2-1,1655
157337,1-3-4,12.9
157337,2-3-4,342.2
157337,3-2-4,331.6
157337,4-2-3,682
157337,5-2-3,739.2
157337,6-2-3,3074
157337,1-3-5,14.8
157337,2-3-5,338.6
157337,3-2-5,447.3
157337,4-2-5,670.2
157337,5-2-4,1113
157337,6-2-4,3074
157337,1-3-6,37.8
157337,2-3-6,665.6
157337,3-2-6,831.2
157337,4-2-6,803.7
157337,5-2-6,1274
157337,6-2-5,3654
157337,1-4-2,15.6
157337,2-4-1,173.5
157337,3-4-1,295.7
157337,4-3-1,322.8
157337,5-3-1,605.2
157337,6-3-1,1936
157337,1-4-3,23.1
157337,2-4-3,472.4
157337,3-4-2,467.8
157337,4-3-2,722.7
157337,5-3-2,768.6
157337,6-3-2,2934
157337,1-4-5,28.5
157337,2-4-5,581.6
157337,3-4-5,430.4
157337,4-3-5,831.2
157337,5-3-4,1354
157337,6-3-4,3175
157337,1-4-6,54.6
157337,2-4-6,765.5
157337,3-4-6,845.8
157337,4-3-6,1159
157337,5-3-6,1354
157337,6-3-5,3175
157337,1-5-2,22.9
157337,2-5-1,243.3
157337,3-5-1,364
157337,4-5-1,270.5
157337,5-4-1,352.8
157337,6-4-1,2653
157337,1-5-3,33.4
157337,2-5-3,524.9
157337,3-5-2,538
157337,4-5-2,496.6
157337,5-4-2,622.8
157337,6-4-2,2934
157337,1-5-4,56.5
157337,2-5-4,733.6
157337,3-5-4,756.6
157337,4-5-3,876.4
157337,5-4-3,1241
157337,6-4-3,3458
157337,1-5-6,84.5
157337,2-5-6,1019
157337,3-5-6,774.7
157337,4-5-6,803.7
157337,5-4-6,1126
157337,6-4-5,3521
157337,1-6-2,129.4
157337,2-6-1,605.2
157337,3-6-1,787.3
157337,4-6-1,1008
157337,5-6-1,983.2
157337,6-5-1,1936
157337,1-6-3,193.3
157337,2-6-3,1326
157337,3-6-2,1233
157337,4-6-2,1126
157337,5-6-2,1257
157337,6-5-2,2617
157337,1-6-4,227.8
157337,2-6-4,1574
157337,3-6-4,1119
157337,4-6-3,1456
157337,5-6-3,1537
157337,6-5-3,2848
157337,1-6-5,226.5
157337,2-6-5,1335
157337,3-6-5,1173
157337,4-6-5,1345
157337,5-6-4,1537
157337,6-5-4,3521
157338,1-2-3,7.8
157338,2-1-3,47.5
157338,3-1-2,174.9
157338,4-1-2,64.3
157338,5-1-2,68.8
157338,6-1-2,1415
157338,1-2-4,6.9
157338,2-1-4,40.4
157338,3-1-4,226.6
157338,4-1-3,182
157338,5-1-3,193
157338,6-1-3,2216
157338,1-2-5,8
157338,2-1-5,38.1
157338,3-1-5,201.7
157338,4-1-5,52.7
157338,5-1-4,113.1
157338,6-1-4,1928
157338,1-2-6,49.1
157338,2-1-6,143.2
157338,3-1-6,560.6
157338,4-1-6,132.2
157338,5-1-6,170.6
157338,6-1-5,2146
157338,1-3-2,15.4
157338,2-3-1,174.5
157338,3-2-1,303.4
157338,4-2-1,160.3
157338,5-2-1,123.9
157338,6-2-1,2457
157338,1-3-4,21.7
157338,2-3-4,423
157338,3-2-4,574.8
157338,4-2-3,534.7
157338,5-2-3,357.4
157338,6-2-3,3794
157338,1-3-5,21.7
157338,2-3-5,351.8
157338,3-2-5,665.2
157338,4-2-5,199.9
157338,5-2-4,263.2
157338,6-2-4,3316
157338,1-3-6,85.9
157338,2-3-6,950.4
157338,3-2-6,1420
157338,4-2-6,431.9
157338,5-2-6,374.6
157338,6-2-5,3734
157338,1-4-2,11.1
157338,2-4-1,157.6
157338,3-4-1,418.6
157338,4-3-1,507.8
157338,5-3-1,504
157338,6-3-1,4053
157338,1-4-3,25.5
157338,2-4-3,388.4
157338,3-4-2,669.9
157338,4-3-2,829.1
157338,5-3-2,766.2
157338,6-3-2,4311
157338,1-4-5,15.9
157338,2-4-5,285.2
157338,3-4-5,749.2
157338,4-3-5,690.3
157338,5-3-4,1097
157338,6-3-4,4517
157338,1-4-6,51.3
157338,2-4-6,734.1
157338,3-4-6,1131
157338,4-3-6,1009
157338,5-3-6,1113
157338,6-3-5,4311
157338,1-5-2,14.6
157338,2-5-1,135
157338,3-5-1,421.5
157338,4-5-1,74.9
157338,5-4-1,132.7
157338,6-4-1,2395
157338,1-5-3,30.2
157338,2-5-3,331.4
157338,3-5-2,620.7
157338,4-5-2,117.6
157338,5-4-2,201
157338,6-4-2,3079
157338,1-5-4,23.3
157338,2-5-4,330.9
157338,3-5-4,867
157338,4-5-3,309.1
157338,5-4-3,509.4
157338,6-4-3,3985
157338,1-5-6,53.4
157338,2-5-6,603.4
157338,3-5-6,1351
157338,4-5-6,159.3
157338,5-4-6,257.4
157338,6-4-5,2694
157338,1-6-2,208.8
157338,2-6-1,846.9
157338,3-6-1,1874
157338,4-6-1,353.9
157338,5-6-1,454.3
157338,6-5-1,2806
157338,1-6-3,307.7
157338,2-6-3,2044
157338,3-6-2,2247
157338,4-6-2,548.9
157338,5-6-2,660.5
157338,6-5-2,3620
157338,1-6-4,216.7
157338,2-6-4,1693
157338,3-6-4,2185
157338,4-6-3,1077
157338,5-6-3,1073
157338,6-5-3,3734
157338,1-6-5,233.7
157338,2-6-5,1693
157338,3-6-5,2280
157338,4-6-5,404.3
157338,5-6-4,594.3
157338,6-5-4,2823
157362,1-2-3,44.4
157362,2-1-3,49.9
157362,3-1-2,250.3
157362,4-1-2,180.3
157362,5-1-2,118.3
157362,6-1-2,136.3
157362,1-2-4,53.8
157362,2-1-4,36.3
157362,3-1-4,300.5
157362,4-1-3,351.2
157362,5-1-3,254.3
157362,6-1-3,304.9
157362,1-2-5,35.6
157362,2-1-5,29.8
157362,3-1-5,216.9
157362,4-1-5,236.5
157362,5-1-4,201.6
157362,6-1-4,241.3
157362,1-2-6,37.4
157362,2-1-6,22.8
157362,3-1-6,199.6
157362,4-1-6,110.5
157362,5-1-6,139.9
157362,6-1-5,246.3
157362,1-3-2,81.8
157362,2-3-1,82.8
157362,3-2-1,256.2
157362,4-2-1,155.1
157362,5-2-1,109.8
157362,6-2-1,128.9
157362,1-3-4,126.7
157362,2-3-4,45.7
157362,3-2-4,90.2
157362,4-2-3,134.4
157362,5-2-3,136.2
157362,6-2-3,118.8
157362,1-3-5,76.8
157362,2-3-5,40.2
157362,3-2-5,92.6
157362,4-2-5,86.2
157362,5-2-4,84.6
157362,6-2-4,94.2
157362,1-3-6,79.4
157362,2-3-6,27.9
157362,3-2-6,80.1
157362,4-2-6,54.8
157362,5-2-6,67.7
157362,6-2-5,86.2
157362,1-4-2,91.7
157362,2-4-1,68.6
157362,3-4-1,454.6
157362,4-3-1,545.6
157362,5-3-1,414.1
157362,6-3-1,507.5
157362,1-4-3,178.2
157362,2-4-3,50.7
157362,3-4-2,198.9
157362,4-3-2,241.6
157362,5-3-2,238
157362,6-3-2,214.5
157362,1-4-5,127.9
157362,2-4-5,34.2
157362,3-4-5,249.7
157362,4-3-5,304
157362,5-3-4,351.5
157362,6-3-4,390.7
157362,1-4-6,62.1
157362,2-4-6,20.2
157362,3-4-6,157.1
157362,4-3-6,174.3
157362,5-3-6,261.7
157362,6-3-5,294.1
157362,1-5-2,59.6
157362,2-5-1,49.4
157362,3-5-1,276.1
157362,4-5-1,175.8
157362,5-4-1,235.5
157362,6-4-1,265.1
157362,1-5-3,107.6
157362,2-5-3,56.2
157362,3-5-2,172.8
157362,4-5-2,87.6
157362,5-4-2,109.9
157362,6-4-2,126
157362,1-5-4,120.2
157362,2-5-4,41
157362,3-5-4,259
157362,4-5-3,224.3
157362,5-4-3,306.7
157362,6-4-3,304.9
157362,1-5-6,75.7
157362,2-5-6,21.8
157362,3-5-6,177.9
157362,4-5-6,66.6
157362,5-4-6,101.6
157362,6-4-5,173.8
157362,1-6-2,73.4
157362,2-6-1,50.2
157362,3-6-1,400.9
157362,4-6-1,120.6
157362,5-6-1,165.9
157362,6-5-1,246.3
157362,1-6-3,133.4
157362,2-6-3,39.7
157362,3-6-2,163.6
157362,4-6-2,66
157362,5-6-2,87.2
157362,6-5-2,117.7
157362,1-6-4,100.7
157362,2-6-4,32.6
157362,3-6-4,176
157362,4-6-3,140.8
157362,5-6-3,193.3
157362,6-5-3,293.5
157362,1-6-5,141.3
157362,2-6-5,33.7
157362,3-6-5,226
157362,4-6-5,81.5
157362,5-6-4,119.6
157362,6-5-4,189.3
157363,1-2-3,182.4
157363,2-1-3,370.9
157363,3-1-2,837.8
157363,4-1-2,226.2
157363,5-1-2,62.4
157363,6-1-2,94.4
157363,1-2-4,108.6
157363,2-1-4,170
157363,3-1-4,827.3
157363,4-1-3,631
157363,5-1-3,325.8
157363,6-1-3,536.7
157363,1-2-5,40.9
157363,2-1-5,65.5
157363,3-1-5,808.9
157363,4-1-5,87.9
157363,5-1-4,62
157363,6-1-4,132.4
157363,1-2-6,38.5
157363,2-1-6,60.3
157363,3-1-6,914.6
157363,4-1-6,68.3
157363,5-1-6,18.7
157363,6-1-5,39.1
157363,1-3-2,308.1
157363,2-3-1,680.5
157363,3-2-1,910.4
157363,4-2-1,199.1
157363,5-2-1,76
157363,6-2-1,126.1
157363,1-3-4,368.2
157363,2-3-4,582.1
157363,3-2-4,855.7
157363,4-2-3,771.3
157363,5-2-3,448.5
157363,6-2-3,682.8
157363,1-3-5,228.5
157363,2-3-5,517.9
157363,3-2-5,882.2
157363,4-2-5,132.1
157363,5-2-4,110.3
157363,6-2-4,224.9
157363,1-3-6,257.4
157363,2-3-6,560.1
157363,3-2-6,947.2
157363,4-2-6,98.9
157363,5-2-6,30
157363,6-2-5,71.3
157363,1-4-2,154.9
157363,2-4-1,244.9
157363,3-4-1,1286
157363,4-3-1,1294
157363,5-3-1,769.8
157363,6-3-1,954
157363,1-4-3,428.8
157363,2-4-3,579.6
157363,3-4-2,1389
157363,4-3-2,1294
157363,5-3-2,678.2
157363,6-3-2,1311
157363,1-4-5,66.4
157363,2-4-5,88.9
157363,3-4-5,942.7
157363,4-3-5,970.3
157363,5-3-4,749.6
157363,6-3-4,1089
157363,1-4-6,68.9
157363,2-4-6,97.2
157363,3-4-6,1074
157363,4-3-6,963.2
157363,5-3-6,353.2
157363,6-3-5,648.4
157363,1-5-2,42
157363,2-5-1,71.8
157363,3-5-1,1033
157363,4-5-1,55.8
157363,5-4-1,64.8
157363,6-4-1,144.2
157363,1-5-3,257.4
157363,2-5-3,360.5
157363,3-5-2,894.1
157363,4-5-2,79.7
157363,5-4-2,92.9
157363,6-4-2,218.9
157363,1-5-4,64.9
157363,2-5-4,84.8
157363,3-5-4,823.9
157363,4-5-3,326.3
157363,5-4-3,426
157363,6-4-3,751
157363,1-5-6,16.8
157363,2-5-6,29.2
157363,3-5-6,354.8
157363,4-5-6,18.3
157363,5-4-6,19.5
157363,6-4-5,54.4
157363,1-6-2,48.9
157363,2-6-1,75.3
157363,3-6-1,1183
157363,4-6-1,58.9
157363,5-6-1,13.3
157363,6-5-1,27.6
157363,1-6-3,276.7
157363,2-6-3,473.6
157363,3-6-2,923.1
157363,4-6-2,88.7
157363,5-6-2,23.8
157363,6-5-2,48.1
157363,1-6-4,75.2
157363,2-6-4,114.5
157363,3-6-4,1212
157363,4-6-3,514.5
157363,5-6-3,166.2
157363,6-5-3,256.9
157363,1-6-5,22.6
157363,2-6-5,38.9
157363,3-6-5,639
157363,4-6-5,29
157363,5-6-4,17.8
157363,6-5-4,35.8
157364,1-2-3,21.8
157364,2-1-3,65.7
157364,3-1-2,132.9
157364,4-1-2,354.9
157364,5-1-2,208.6
157364,6-1-2,24.1
157364,1-2-4,46.9
157364,2-1-4,125.6
157364,3-1-4,161.4
157364,4-1-3,317.4
157364,5-1-3,313.4
157364,6-1-3,34
157364,1-2-5,25.3
157364,2-1-5,65.7
157364,3-1-5,112.8
157364,4-1-5,270.1
157364,5-1-4,399
157364,6-1-4,68.8
157364,1-2-6,12.8
157364,2-1-6,48.1
157364,3-1-6,98.8
157364,4-1-6,244.8
157364,5-1-6,125.6
157364,6-1-5,34.6
157364,1-3-2,27.7
157364,2-3-1,74.8
157364,3-2-1,141.8
157364,4-2-1,606.9
157364,5-2-1,311.4
157364,6-2-1,48.6
157364,1-3-4,63.5
157364,2-3-4,94.9
157364,3-2-4,166.5
157364,4-2-3,567.7
157364,5-2-3,398.6
157364,6-2-3,78.8
157364,1-3-5,41.1
157364,2-3-5,70.7
157364,3-2-5,128.3
157364,4-2-5,478.7
157364,5-2-4,570.3
157364,6-2-4,120.2
157364,1-3-6,25.4
157364,2-3-6,94.2
157364,3-2-6,155.2
157364,4-2-6,511.7
157364,5-2-6,277
157364,6-2-5,67.9
157364,1-4-2,93.4
157364,2-4-1,244.9
157364,3-4-1,171.8
157364,4-3-1,356.5
157364,5-3-1,416.6
157364,6-3-1,93.7
157364,1-4-3,124.7
157364,2-4-3,189.4
157364,3-4-2,199.9
157364,4-3-2,420.7
157364,5-3-2,454
157364,6-3-2,108.7
157364,1-4-5,95.9
157364,2-4-5,193.7
157364,3-4-5,119
157364,4-3-5,256.7
157364,5-3-4,504.9
157364,6-3-4,155.2
157364,1-4-6,75.8
157364,2-4-6,233
157364,3-4-6,180.6
157364,4-3-6,338.7
157364,5-3-6,394.8
157364,6-3-5,113.8
157364,1-5-2,55.4
157364,2-5-1,122.8
157364,3-5-1,147.4
157364,4-5-1,315
157364,5-4-1,515.9
157364,6-4-1,213.1
157364,1-5-3,80.6
157364,2-5-3,147.2
157364,3-5-2,181.2
157364,4-5-2,421.2
157364,5-4-2,706.5
157364,6-4-2,244.6
157364,1-5-4,131.9
157364,2-5-4,228.5
157364,3-5-4,146.7
157364,4-5-3,326.4
157364,5-4-3,595.4
157364,6-4-3,264.8
157364,1-5-6,36.6
157364,2-5-6,118.3
157364,3-5-6,147.4
157364,4-5-6,291.3
157364,5-4-6,475.1
157364,6-4-5,180.4
157364,1-6-2,10.6
157364,2-6-1,67.9
157364,3-6-1,136.1
157364,4-6-1,320.3
157364,5-6-1,150.4
157364,6-5-1,96.4
157364,1-6-3,17.7
157364,2-6-3,117.9
157364,3-6-2,170.8
157364,4-6-2,437.3
157364,5-6-2,237.5
157364,6-5-2,131.5
157364,1-6-4,38.1
157364,2-6-4,198.6
157364,3-6-4,227.9
157364,4-6-3,446
157364,5-6-3,384
157364,6-5-3,176.3
157364,1-6-5,19
157364,2-6-5,100.3
157364,3-6-5,132.8
157364,4-6-5,325
157364,5-6-4,421.7
157364,6-5-4,226.4
157365,1-2-3,21.7
157365,2-1-3,50.3
157365,3-1-2,39.5
157365,4-1-2,337.1
157365,5-1-2,140.4
157365,6-1-2,354.9
157365,1-2-4,65.8
157365,2-1-4,107
157365,3-1-4,52.1
157365,4-1-3,227.4
157365,5-1-3,67.7
157365,6-1-3,290.5
157365,1-2-5,33.6
157365,2-1-5,60.5
157365,3-1-5,16.7
157365,4-1-5,170
157365,5-1-4,250.5
157365,6-1-4,803.4
157365,1-2-6,53.2
157365,2-1-6,101.3
157365,3-1-6,33.7
157365,4-1-6,222.3
157365,5-1-6,100.2
157365,6-1-5,287.2
157365,1-3-2,14.6
157365,2-3-1,65.8
157365,3-2-1,62.6
157365,4-2-1,495.3
157365,5-2-1,238.8
157365,6-2-1,644.1
157365,1-3-4,32.5
157365,2-3-4,107.8
157365,3-2-4,81
157365,4-2-3,565.6
157365,5-2-3,211.8
157365,6-2-3,522.7
157365,1-3-5,8.7
157365,2-3-5,58.1
157365,3-2-5,37
157365,4-2-5,419.1
157365,5-2-4,555.9
157365,6-2-4,1080
157365,1-3-6,20.7
157365,2-3-6,93.5
157365,3-2-6,65.4
157365,4-2-6,540
157365,5-2-6,286.9
157365,6-2-5,817.8
157365,1-4-2,109.1
157365,2-4-1,330.2
157365,3-4-1,101.7
157365,4-3-1,246.7
157365,5-3-1,84
157365,6-3-1,450.6
157365,1-4-3,82
157365,2-4-3,291.3
157365,3-4-2,145.7
157365,4-3-2,425
157365,5-3-2,148.7
157365,6-3-2,546.5
157365,1-4-5,92.8
157365,2-4-5,316
157365,3-4-5,59
157365,4-3-5,150.6
157365,5-3-4,226.5
157365,6-3-4,1010
157365,1-4-6,119.1
157365,2-4-6,377.3
157365,3-4-6,88.4
157365,4-3-6,195.8
157365,5-3-6,109.5
157365,6-3-5,378
157365,1-5-2,45.6
157365,2-5-1,141.2
157365,3-5-1,28.2
157365,4-5-1,134.9
157365,5-4-1,226.1
157365,6-4-1,1345
157365,1-5-3,19.8
157365,2-5-3,129.2
157365,3-5-2,48
157365,4-5-2,270
157365,5-4-2,464.9
157365,6-4-2,1629
157365,1-5-4,97.7
157365,2-5-4,306
157365,3-5-4,65.1
157365,4-5-3,140.3
157365,5-4-3,240.8
157365,6-4-3,1390
157365,1-5-6,33.4
157365,2-5-6,191.9
157365,3-5-6,33.9
157365,4-5-6,100.6
157365,5-4-6,151.1
157365,6-4-5,995
157365,1-6-2,125.3
157365,2-6-1,314.9
157365,3-6-1,118.6
157365,4-6-1,300.1
157365,5-6-1,186.6
157365,6-5-1,351.7
157365,1-6-3,78.9
157365,2-6-3,306
157365,3-6-2,168.6
157365,4-6-2,623.8
157365,5-6-2,378.3
157365,6-5-2,816.4
157365,1-6-4,187.3
157365,2-6-4,660.9
157365,3-6-4,219
157365,4-6-3,375.2
157365,5-6-3,204.3
157365,6-5-3,413
157365,1-6-5,69.3
157365,2-6-5,370.3
157365,3-6-5,84.6
157365,4-6-5,226.4
157365,5-6-4,389
157365,6-5-4,864.5
157366,1-2-3,7.8
157366,2-1-3,59.8
157366,3-1-2,112.2
157366,4-1-2,62.1
157366,5-1-2,213.1
157366,6-1-2,706
157366,1-2-4,4.1
157366,2-1-4,27
157366,3-1-4,131.8
157366,4-1-3,228.5
157366,5-1-3,513.2
157366,6-1-3,1127
157366,1-2-5,8.6
157366,2-1-5,57.3
157366,3-1-5,221.8
157366,4-1-5,110.7
157366,5-1-4,315.5
157366,6-1-4,1013
157366,1-2-6,21.5
157366,2-1-6,102.4
157366,3-1-6,282.7
157366,4-1-6,184.4
157366,5-1-6,469.2
157366,6-1-5,1639
157366,1-3-2,15.9
157366,2-3-1,176.2
157366,3-2-1,220.6
157366,4-2-1,105.7
157366,5-2-1,390
157366,6-2-1,1127
157366,1-3-4,23.5
157366,2-3-4,175.5
157366,3-2-4,189.1
157366,4-2-3,383.5
157366,5-2-3,966.4
157366,6-2-3,1537
157366,1-3-5,38.1
157366,2-3-5,381.6
157366,3-2-5,441.9
157366,4-2-5,240.2
157366,5-2-4,585
157366,6-2-4,1583
157366,1-3-6,55.3
157366,2-3-6,396.2
157366,3-2-6,433.1
157366,4-2-6,243.1
157366,5-2-6,911.9
157366,6-2-5,2514
157366,1-4-2,9.4
157366,2-4-1,78.7
157366,3-4-1,335.2
157366,4-3-1,536.1
157366,5-3-1,1084
157366,6-3-1,1968
157366,1-4-3,27.5
157366,2-4-3,187.9
157366,3-4-2,298.6
157366,4-3-2,561.2
157366,5-3-2,1248
157366,6-3-2,1860
157366,1-4-5,19.8
157366,2-4-5,201.6
157366,3-4-5,664.4
157366,4-3-5,966.4
157366,5-3-4,1596
157366,6-3-4,2583
157366,1-4-6,34.7
157366,2-4-6,289.3
157366,3-4-6,754.7
157366,4-3-6,1137
157366,5-3-6,1431
157366,6-3-5,3000
157366,1-5-2,27.1
157366,2-5-1,252.7
157366,3-5-1,770.3
157366,4-5-1,190.9
157366,5-4-1,432.1
157366,6-4-1,1436
157366,1-5-3,62
157366,2-5-3,637.1
157366,3-5-2,939.6
157366,4-5-2,252
157366,5-4-2,557
157366,6-4-2,1722
157366,1-5-4,45.1
157366,2-5-4,388.3
157366,3-5-4,1060
157366,4-5-3,676.5
157366,5-4-3,1087
157366,6-4-3,2657
157366,1-5-6,86.5
157366,2-5-6,937.2
157366,3-5-6,1261
157366,4-5-6,359.1
157366,5-4-6,828.6
157366,6-4-5,2255
157366,1-6-2,93.9
157366,2-6-1,610.9
157366,3-6-1,1008
157366,4-6-1,402.2
157366,5-6-1,963.9
157366,6-5-1,1898
157366,1-6-3,176.4
157366,2-6-3,994.8
157366,3-6-2,1137
157366,4-6-2,540.8
157366,5-6-2,1425
157366,6-5-2,2715
157366,1-6-4,138.4
157366,2-6-4,819.5
157366,3-6-4,1506
157366,4-6-3,1192
157366,5-6-3,1569
157366,6-5-3,2818
157366,1-6-5,207.5
157366,2-6-5,1676
157366,3-6-5,1550
157366,4-6-5,623.2
157366,5-6-4,1211
157366,6-5-4,2296
157367,1-2-3,22.7
157367,2-1-3,139.3
157367,3-1-2,190.6
157367,4-1-2,362.7
157367,5-1-2,142.1
157367,6-1-2,56.8
157367,1-2-4,43.8
157367,2-1-4,192.3
157367,3-1-4,147.9
157367,4-1-3,282.7
157367,5-1-3,133.1
157367,6-1-3,42.5
157367,1-2-5,23.8
157367,2-1-5,104
157367,3-1-5,111.7
157367,4-1-5,251
157367,5-1-4,205.2
157367,6-1-4,87.3
157367,1-2-6,16.2
157367,2-1-6,92.9
157367,3-1-6,66.2
157367,4-1-6,193.5
157367,5-1-6,61.5
157367,6-1-5,42.4
157367,1-3-2,22.4
157367,2-3-1,344.9
157367,3-2-1,385.2
157367,4-2-1,692.4
157367,5-2-1,369.7
157367,6-2-1,188
157367,1-3-4,24.5
157367,2-3-4,616.6
157367,3-2-4,546.8
157367,4-2-3,906.2
157367,5-2-3,726
157367,6-2-3,420.8
157367,1-3-5,16.1
157367,2-3-5,537.6
157367,3-2-5,643.1
157367,4-2-5,1089
157367,5-2-4,1033
157367,6-2-4,461.8
157367,1-3-6,9.6
157367,2-3-6,495.8
157367,3-2-6,478.4
157367,4-2-6,823.5
157367,5-2-6,353.1
157367,6-2-5,345.9
157367,1-4-2,58.4
157367,2-4-1,510.1
157367,3-4-1,271.5
157367,4-3-1,416
157367,5-3-1,327.9
157367,6-3-1,113.6
157367,1-4-3,44.8
157367,2-4-3,780.5
157367,3-4-2,580.7
157367,4-3-2,723.8
157367,5-3-2,896
157367,6-3-2,368
157367,1-4-5,44
157367,2-4-5,849.9
157367,3-4-5,462.7
157367,4-3-5,562.9
157367,5-3-4,740.7
157367,6-3-4,348.7
157367,1-4-6,30.8
157367,2-4-6,620.6
157367,3-4-6,316.8
157367,4-3-6,510.6
157367,5-3-6,324.4
157367,6-3-5,219
157367,1-5-2,33
157367,2-5-1,256
157367,3-5-1,211.1
157367,4-5-1,296.2
157367,5-4-1,384.9
157367,6-4-1,244.6
157367,1-5-3,27.2
157367,2-5-3,611.1
157367,3-5-2,620.6
157367,4-5-2,704.7
157367,5-4-2,1178
157367,6-4-2,564.9
157367,1-5-4,50.7
157367,2-5-4,909.6
157367,3-5-4,473.2
157367,4-5-3,619
157367,5-4-3,1015
157367,6-4-3,503.6
157367,1-5-6,15.5
157367,2-5-6,333.2
157367,3-5-6,228
157367,4-5-6,287.2
157367,5-4-6,382.7
157367,6-4-5,369.4
157367,1-6-2,18.4
157367,2-6-1,201.4
157367,3-6-1,107.7
157367,4-6-1,251.3
157367,5-6-1,79.1
157367,6-5-1,76.1
157367,1-6-3,12.2
157367,2-6-3,487.7
157367,3-6-2,419.7
157367,4-6-2,574.4
157367,5-6-2,276.9
157367,6-5-2,233.1
157367,1-6-4,29.1
157367,2-6-4,515.6
157367,3-6-4,330.6
157367,4-6-3,523.5
157367,5-6-3,232.2
157367,6-5-3,190.3
157367,1-6-5,15.1
157367,2-6-5,347.4
157367,3-6-5,229.8
157367,4-6-5,310.5
157367,5-6-4,328.8
157367,6-5-4,266.8
157368,1-2-3,11
157368,2-1-3,30.2
157368,3-1-2,54.6
157368,4-1-2,873.9
157368,5-1-2,25
157368,6-1-2,656.2
157368,1-2-4,145.8
157368,2-1-4,258.6
157368,3-1-4,323.8
157368,4-1-3,1150
157368,5-1-3,28.1
157368,6-1-3,572.9
157368,1-2-5,8.9
157368,2-1-5,22.4
157368,3-1-5,34.5
157368,4-1-5,893.5
157368,5-1-4,249.9
157368,6-1-4,1822
157368,1-2-6,49.4
157368,2-1-6,94.7
157368,3-1-6,111.6
157368,4-1-6,1482
157368,5-1-6,56.9
157368,6-1-5,541.7
157368,1-3-2,14.6
157368,2-3-1,49.9
157368,3-2-1,78.1
157368,4-2-1,1138
157368,5-2-1,39.9
157368,6-2-1,886.4
157368,1-3-4,136.4
157368,2-3-4,383.8
157368,3-2-4,434.2
157368,4-2-3,1286
157368,5-2-3,45.5
157368,6-2-3,887.8
157368,1-3-5,10.5
157368,2-3-5,38.6
157368,3-2-5,55.9
157368,4-2-5,1150
157368,5-2-4,375
157368,6-2-4,1840
157368,1-3-6,57.1
157368,2-3-6,143.4
157368,3-2-6,176.2
157368,4-2-6,1620
157368,5-2-6,90.5
157368,6-2-5,695.6
157368,1-4-2,353.3
157368,2-4-1,663.2
157368,3-4-1,817.3
157368,4-3-1,1601
157368,5-3-1,44.9
157368,6-3-1,685.3
157368,1-4-3,433.8
157368,2-4-3,820.9
157368,3-4-2,848.5
157368,4-3-2,1414
157368,5-3-2,57.5
157368,6-3-2,847.2
157368,1-4-5,327.1
157368,2-4-5,602.8
157368,3-4-5,597.6
157368,4-3-5,1336
157368,5-3-4,399
157368,6-3-4,1592
157368,1-4-6,594.4
157368,2-4-6,863
157368,3-4-6,1040
157368,4-3-6,1963
157368,5-3-6,109.7
157368,6-3-5,673.7
157368,1-5-2,11.8
157368,2-5-1,31.2
157368,3-5-1,37.2
157368,4-5-1,880.8
157368,5-4-1,680.3
157368,6-4-1,2406
157368,1-5-3,13
157368,2-5-3,36.6
157368,3-5-2,47.4
157368,4-5-2,889.2
157368,5-4-2,765.5
157368,6-4-2,2006
157368,1-5-4,164.2
157368,2-5-4,327.5
157368,3-5-4,361.8
157368,4-5-3,929.4
157368,5-4-3,759.3
157368,6-4-3,2609
157368,1-5-6,45.7
157368,2-5-6,92.5
157368,3-5-6,92.3
157368,4-5-6,975.1
157368,5-4-6,708
157368,6-4-5,2259
157368,1-6-2,164.2
157368,2-6-1,335.4
157368,3-6-1,270.9
157368,4-6-1,2050
157368,5-6-1,90.4
157368,6-5-1,514.1
157368,1-6-3,174.1
157368,2-6-3,343
157368,3-6-2,306
157368,4-6-2,1792
157368,5-6-2,111.2
157368,6-5-2,552.4
157368,1-6-4,606.7
157368,2-6-4,1035
157368,3-6-4,1054
157368,4-6-3,2395
157368,5-6-3,134.4
157368,6-5-3,602.8
157368,1-6-5,154
157368,2-6-5,239.8
157368,3-6-5,228.3
157368,4-6-5,1715
157368,5-6-4,467
157368,6-5-4,1304
157369,1-2-3,5
157369,2-1-3,18.3
157369,3-1-2,53.4
157369,4-1-2,104.3
157369,5-1-2,227.1
157369,6-1-2,460.2
157369,1-2-4,6.6
157369,2-1-4,22.8
157369,3-1-4,125.8
157369,4-1-3,264.3
157369,5-1-3,366.1
157369,6-1-3,768.3
157369,1-2-5,12.2
157369,2-1-5,39.2
157369,3-1-5,128.7
157369,4-1-5,209.5
157369,5-1-4,363.7
157369,6-1-4,841.2
157369,1-2-6,23.8
157369,2-1-6,66.1
157369,3-1-6,230.9
157369,4-1-6,257.5
157369,5-1-6,302.7
157369,6-1-5,892
157369,1-3-2,9.9
157369,2-3-1,48.2
157369,3-2-1,90.3
157369,4-2-1,165
157369,5-2-1,359.4
157369,6-2-1,670.6
157369,1-3-4,22.8
157369,2-3-4,110.6
157369,3-2-4,235.4
157369,4-2-3,437.2
157369,5-2-3,615.9
157369,6-2-3,1435
157369,1-3-5,24.3
157369,2-3-5,147.3
157369,3-2-5,250.8
157369,4-2-5,404.5
157369,5-2-4,731.9
157369,6-2-4,1378
157369,1-3-6,48.6
157369,2-3-6,220.9
157369,3-2-6,371.4
157369,4-2-6,467.6
157369,5-2-6,579.4
157369,6-2-5,1476
157369,1-4-2,17.3
157369,2-4-1,82.5
157369,3-4-1,320.7
157369,4-3-1,661.9
157369,5-3-1,821.5
157369,6-3-1,1441
157369,1-4-3,37.5
157369,2-4-3,177.6
157369,3-4-2,356.9
157369,4-3-2,608
157369,5-3-2,948
157369,6-3-2,2070
157369,1-4-5,45.9
157369,2-4-5,213
157369,3-4-5,585.5
157369,4-3-5,1005
157369,5-3-4,1601
157369,6-3-4,2268
157369,1-4-6,47.1
157369,2-4-6,257.8
157369,3-4-6,726.3
157369,4-3-6,1163
157369,5-3-6,1228
157369,6-3-5,2026
157369,1-5-2,33.5
157369,2-5-1,173
157369,3-5-1,385.9
157369,4-5-1,240.7
157369,5-4-1,462.4
157369,6-4-1,1384
157369,1-5-3,55
157369,2-5-3,327.5
157369,3-5-2,431.5
157369,4-5-2,348.5
157369,5-4-2,645.8
157369,6-4-2,1669
157369,1-5-4,73.3
157369,2-5-4,373.5
157369,3-5-4,731.9
157369,4-5-3,622.2
157369,5-4-3,1139
157369,6-4-3,2723
157369,1-5-6,71.2
157369,2-5-6,351.6
157369,3-5-6,749.2
157369,4-5-6,252.7
157369,5-4-6,470.6
157369,6-4-5,1435
157369,1-6-2,90.7
157369,2-6-1,343.9
157369,3-6-1,759.5
157369,4-6-1,449.9
157369,5-6-1,539.4
157369,6-5-1,1048
157369,1-6-3,167.8
157369,2-6-3,631.7
157369,3-6-2,1003
157369,4-6-2,669.2
157369,5-6-2,720.8
157369,6-5-2,1334
157369,1-6-4,158.1
157369,2-6-4,642.1
157369,3-6-4,1191
157369,4-6-3,1326
157369,5-6-3,1153
157369,6-5-3,1786
157369,1-6-5,144.1
157369,2-6-5,627.5
157369,3-6-5,1308
157369,4-6-5,500.4
157369,5-6-4,797.8
157369,6-5-4,1730
157370,1-2-3,8.2
157370,2-1-3,18.7
157370,3-1-2,58
157370,4-1-2,162.1
157370,5-1-2,72.8
157370,6-1-2,558.7
157370,1-2-4,15.3
157370,2-1-4,32.5
157370,3-1-4,77.8
157370,4-1-3,168.7
157370,5-1-3,96.7
157370,6-1-3,899.8
157370,1-2-5,16.5
157370,2-1-5,34.3
157370,3-1-5,81.1
157370,4-1-5,298.2
157370,5-1-4,185.7
157370,6-1-4,1140
157370,1-2-6,47.2
157370,2-1-6,73.9
157370,3-1-6,166.1
157370,4-1-6,514.5
157370,5-1-6,93.8
157370,6-1-5,646.3
157370,1-3-2,14.1
157370,2-3-1,37.1
157370,3-2-1,83.3
157370,4-2-1,221.9
157370,5-2-1,107.4
157370,6-2-1,764
157370,1-3-4,20.7
157370,2-3-4,53.5
157370,3-2-4,90
157370,4-2-3,162.6
157370,5-2-3,134.5
157370,6-2-3,1033
157370,1-3-5,25.8
157370,2-3-5,55.3
157370,3-2-5,87.4
157370,4-2-5,326.8
157370,5-2-4,241.8
157370,6-2-4,1243
157370,1-3-6,73.1
157370,2-3-6,128.4
157370,3-2-6,177.9
157370,4-2-6,547.1
157370,5-2-6,115
157370,6-2-5,736.4
157370,1-4-2,34.4
157370,2-4-1,88.6
157370,3-4-1,125.9
157370,4-3-1,213.1
157370,5-3-1,106.1
157370,6-3-1,1449
157370,1-4-3,39
157370,2-4-3,80.7
157370,3-4-2,100.8
157370,4-3-2,157.1
157370,5-3-2,98.6
157370,6-3-2,1494
157370,1-4-5,68.9
157370,2-4-5,160.8
157370,3-4-5,85.6
157370,4-3-5,139.2
157370,5-3-4,155.2
157370,6-3-4,1690
157370,1-4-6,102.3
157370,2-4-6,298.2
157370,3-4-6,353.2
157370,4-3-6,567.1
157370,5-3-6,120.7
157370,6-3-5,1342
157370,1-5-2,28.7
157370,2-5-1,69.7
157370,3-5-1,74.4
157370,4-5-1,186.7
157370,5-4-1,193.9
157370,6-4-1,1748
157370,1-5-3,35.2
157370,2-5-3,75.6
157370,3-5-2,66
157370,4-5-2,177.6
157370,5-4-2,199.8
157370,6-4-2,1667
157370,1-5-4,75.6
157370,2-5-4,165.5
157370,3-5-4,100.7
157370,4-5-3,179
157370,5-4-3,199.3
157370,6-4-3,1850
157370,1-5-6,73.6
157370,2-5-6,111.7
157370,3-5-6,95.8
157370,4-5-6,246.5
157370,5-4-6,228.4
157370,6-4-5,1702
157370,1-6-2,153.3
157370,2-6-1,344.9
157370,3-6-1,581.6
157370,4-6-1,861.7
157370,5-6-1,143.3
157370,6-5-1,556.5
157370,1-6-3,208
157370,2-6-3,435.4
157370,3-6-2,557.7
157370,4-6-2,1036
157370,5-6-2,144.1
157370,6-5-2,539
157370,1-6-4,270.6
157370,2-6-4,620
157370,3-6-4,819.1
157370,4-6-3,1155
157370,5-6-3,203.2
157370,6-5-3,767
157370,1-6-5,176.9
157370,2-6-5,320.1
157370,3-6-5,451.9
157370,4-6-5,1077
157370,5-6-4,333.5
157370,6-5-4,945
157371,1-2-3,5.5
157371,2-1-3,45.1
157371,3-1-2,52.5
157371,4-1-2,180.2
157371,5-1-2,168.3
157371,6-1-2,590.1
157371,1-2-4,8.6
157371,2-1-4,70.1
157371,3-1-4,84.2
157371,4-1-3,225.6
157371,5-1-3,187.5
157371,6-1-3,793.3
157371,1-2-5,11.8
157371,2-1-5,70.8
157371,3-1-5,69.2
157371,4-1-5,187.9
157371,5-1-4,257.6
157371,6-1-4,923.5
157371,1-2-6,31.1
157371,2-1-6,172.7
157371,3-1-6,182.5
157371,4-1-6,300.8
157371,5-1-6,394.1
157371,6-1-5,1234
157371,1-3-2,7.6
157371,2-3-1,109.8
157371,3-2-1,115.3
157371,4-2-1,336.3
157371,5-2-1,305.2
157371,6-2-1,1082
157371,1-3-4,10.4
157371,2-3-4,282.9
157371,3-2-4,337.6
157371,4-2-3,759.9
157371,5-2-3,457.4
157371,6-2-3,1933
157371,1-3-5,11.5
157371,2-3-5,278
157371,3-2-5,298.1
157371,4-2-5,603.2
157371,5-2-4,704.3
157371,6-2-4,1519
157371,1-3-6,35.8
157371,2-3-6,702
157371,3-2-6,687.5
157371,4-2-6,839.4
157371,5-2-6,915.7
157371,6-2-5,2447
157371,1-4-2,22.5
157371,2-4-1,276.6
157371,3-4-1,262.2
157371,4-3-1,376
157371,5-3-1,330.6
157371,6-3-1,1375
157371,1-4-3,27.1
157371,2-4-3,525
157371,3-4-2,448.8
157371,4-3-2,820.3
157371,5-3-2,500.7
157371,6-3-2,2112
157371,1-4-5,32.4
157371,2-4-5,599.1
157371,3-4-5,402.5
157371,4-3-5,602.4
157371,5-3-4,670.5
157371,6-3-4,1628
157371,1-4-6,49.6
157371,2-4-6,730.4
157371,3-4-6,688.6
157371,4-3-6,969
157371,5-3-6,1038
157371,6-3-5,2328
157371,1-5-2,24.8
157371,2-5-1,241.3
157371,3-5-1,196
157371,4-5-1,295.6
157371,5-4-1,410.1
157371,6-4-1,1509
157371,1-5-3,24.4
157371,2-5-3,417.3
157371,3-5-2,355
157371,4-5-2,559.6
157371,5-4-2,995.7
157371,6-4-2,1812
157371,1-5-4,39.5
157371,2-5-4,585.3
157371,3-5-4,434.4
157371,4-5-3,587.7
157371,5-4-3,842.7
157371,6-4-3,1996
157371,1-5-6,63.3
157371,2-5-6,900.5
157371,3-5-6,599.9
157371,4-5-6,552.5
157371,5-4-6,826.6
157371,6-4-5,1569
157371,1-6-2,107.3
157371,2-6-1,851
157371,3-6-1,802.1
157371,4-6-1,641.7
157371,5-6-1,941.6
157371,6-5-1,1666
157371,1-6-3,123.3
157371,2-6-3,1345
157371,3-6-2,1285
157371,4-6-2,1019
157371,5-6-2,1362
157371,6-5-2,2316
157371,1-6-4,108.1
157371,2-6-4,1170
157371,3-6-4,1125
157371,4-6-3,1300
157371,5-6-3,1332
157371,6-5-3,2092
157371,1-6-5,115.5
157371,2-6-5,1429
157371,3-6-5,1220
157371,4-6-5,826.6
157371,5-6-4,1048
157371,6-5-4,1397
157372,1-2-3,5.1
157372,2-1-3,41.2
157372,3-1-2,66.5
157372,4-1-2,222.5
157372,5-1-2,387.2
157372,6-1-2,1312
157372,1-2-4,8.1
157372,2-1-4,58.1
157372,3-1-4,75.9
157372,4-1-3,211.4
157372,5-1-3,464.9
157372,6-1-3,1485
157372,1-2-5,10.5
157372,2-1-5,77.6
157372,3-1-5,92.1
157372,4-1-5,292.4
157372,5-1-4,663.9
157372,6-1-4,1996
157372,1-2-6,34.1
157372,2-1-6,173.7
157372,3-1-6,159.5
157372,4-1-6,426.7
157372,5-1-6,875.1
157372,6-1-5,2625
157372,1-3-2,6.4
157372,2-3-1,128.2
157372,3-2-1,189.2
157372,4-2-1,440.7
157372,5-2-1,727.7
157372,6-2-1,1813
157372,1-3-4,8.1
157372,2-3-4,232
157372,3-2-4,384.5
157372,4-2-3,678.5
157372,5-2-3,1207
157372,6-2-3,2515
157372,1-3-5,11.2
157372,2-3-5,304.8
157372,3-2-5,525.8
157372,4-2-5,916.5
157372,5-2-4,1367
157372,6-2-4,2787
157372,1-3-6,26.5
157372,2-3-6,526.1
157372,3-2-6,806.7
157372,4-2-6,1240
157372,5-2-6,1765
157372,6-2-5,3189
157372,1-4-2,18.9
157372,2-4-1,241.8
157372,3-4-1,261.6
157372,4-3-1,416.8
157372,5-3-1,967.2
157372,6-3-1,2101
157372,1-4-3,18.8
157372,2-4-3,352.3
157372,3-4-2,461.4
157372,4-3-2,677.2
157372,5-3-2,1489
157372,6-3-2,3011
157372,1-4-5,34.7
157372,2-4-5,498.5
157372,3-4-5,575.2
157372,4-3-5,989.3
157372,5-3-4,1777
157372,6-3-4,2891
157372,1-4-6,54.1
157372,2-4-6,621.7
157372,3-4-6,648.8
157372,4-3-6,1075
157372,5-3-6,2138
157372,6-3-5,4091
157372,1-5-2,31.8
157372,2-5-1,347.7
157372,3-5-1,463.9
157372,4-5-1,632.6
157372,5-4-1,1350
157372,6-4-1,3217
157372,1-5-3,34.8
157372,2-5-3,668
157372,3-5-2,810.9
157372,4-5-2,929.1
157372,5-4-2,2038
157372,6-4-2,3872
157372,1-5-4,68.8
157372,2-5-4,801.9
157372,3-5-4,855.8
157372,4-5-3,1110
157372,5-4-3,2022
157372,6-4-3,3764
157372,1-5-6,94.2
157372,2-5-6,1078
157372,3-5-6,1196
157372,4-5-6,1047
157372,5-4-6,2138
157372,6-4-5,4252
157372,1-6-2,149.5
157372,2-6-1,988.4
157372,3-6-1,897.6
157372,4-6-1,1379
157372,5-6-1,2030
157372,6-5-1,3011
157372,1-6-3,164.3
157372,2-6-3,1702
157372,3-6-2,1740
157372,4-6-2,1872
157372,5-6-2,2625
157372,6-5-2,3442
157372,1-6-4,202.9
157372,2-6-4,1825
157372,3-6-4,1510
157372,4-6-3,1825
157372,5-6-3,2752
157372,6-5-3,3486
157372,1-6-5,217.4
157372,2-6-5,1885
157372,3-6-5,1863
157372,4-6-5,1734
157372,5-6-4,2539
157372,6-5-4,3531
157373,1-2-3,9.4
157373,2-1-3,111.3
157373,3-1-2,87.6
157373,4-1-2,141
157373,5-1-2,100.9
157373,6-1-2,411.6
157373,1-2-4,17.2
157373,2-1-4,153.8
157373,3-1-4,95.6
157373,4-1-3,149.3
157373,5-1-3,84.5
157373,6-1-3,474.3
157373,1-2-5,15.4
157373,2-1-5,131.7
157373,3-1-5,62.1
157373,4-1-5,106.4
157373,5-1-4,111.6
157373,6-1-4,496.9
157373,1-2-6,36.9
157373,2-1-6,263.9
157373,3-1-6,179
157373,4-1-6,211.6
157373,5-1-6,121.2
157373,6-1-5,383.1
157373,1-3-2,10.6
157373,2-3-1,238.4
157373,3-2-1,203.9
157373,4-2-1,343.7
157373,5-2-1,245.1
157373,6-2-1,835.9
157373,1-3-4,11.3
157373,2-3-4,409.7
157373,3-2-4,359.7
157373,4-2-3,596.5
157373,5-2-3,355.4
157373,6-2-3,1327
157373,1-3-5,8.1
157373,2-3-5,343.2
157373,3-2-5,314.5
157373,4-2-5,604.5
157373,5-2-4,525.9
157373,6-2-4,1157
157373,1-3-6,30
157373,2-3-6,771.6
157373,3-2-6,736
157373,4-2-6,758.6
157373,5-2-6,542.7
157373,6-2-5,1302
157373,1-4-2,24.6
157373,2-4-1,341.9
157373,3-4-1,197.4
157373,4-3-1,261.6
157373,5-3-1,169.7
157373,6-3-1,915
157373,1-4-3,19.4
157373,2-4-3,532.1
157373,3-4-2,411
157373,4-3-2,499.7
157373,5-3-2,363
157373,6-3-2,1388
157373,1-4-5,19.1
157373,2-4-5,628.4
157373,3-4-5,318.6
157373,4-3-5,417.9
157373,5-3-4,439.6
157373,6-3-4,1062
157373,1-4-6,37.3
157373,2-4-6,780.5
157373,3-4-6,534.2
157373,4-3-6,714.6
157373,5-3-6,499.7
157373,6-3-5,1079
157373,1-5-2,19.1
157373,2-5-1,258.9
157373,3-5-1,137
157373,4-5-1,164.3
157373,5-4-1,201
157373,6-4-1,785
157373,1-5-3,14.7
157373,2-5-3,443.2
157373,3-5-2,306.3
157373,4-5-2,434.7
157373,5-4-2,547.1
157373,6-4-2,1259
157373,1-5-4,24.1
157373,2-5-4,742
157373,3-5-4,341.9
157373,4-5-3,389.7
157373,5-4-3,448.4
157373,6-4-3,1265
157373,1-5-6,28.7
157373,2-5-6,680.5
157373,3-5-6,434
157373,4-5-6,349.9
157373,5-4-6,445.4
157373,6-4-5,1092
157373,1-6-2,88.1
157373,2-6-1,870.9
157373,3-6-1,540.6
157373,4-6-1,381.4
157373,5-6-1,268.4
157373,6-5-1,455.9
157373,1-6-3,78.5
157373,2-6-3,1314
157373,3-6-2,1062
157373,4-6-2,754.4
157373,5-6-2,605.9
157373,6-5-2,1172
157373,1-6-4,81.5
157373,2-6-4,1105
157373,3-6-4,794.2
157373,4-6-3,899.8
157373,5-6-3,572.6
157373,6-5-3,1128
157373,1-6-5,67.2
157373,2-6-5,1110
157373,3-6-5,698
157373,4-6-5,553.8
157373,5-6-4,555
157373,6-5-4,854.4
157291,1-2-3,45.5
157291,2-1-3,277.9
157291,3-1-2,47.3
157291,4-1-2,132.5
157291,5-1-2,1349
157291,6-1-2,1044
157291,1-2-4,74.5
157291,2-1-4,363.8
157291,3-1-4,8
157291,4-1-3,36.2
157291,5-1-3,524.3
157291,6-1-3,306.3
157291,1-2-5,238.7
157291,2-1-5,779.7
157291,3-1-5,40.3
157291,4-1-5,106.1
157291,5-1-4,649
157291,6-1-4,449.7
157291,1-2-6,194.6
157291,2-1-6,764.8
157291,3-1-6,18.6
157291,4-1-6,56.2
157291,5-1-6,945.5
157291,6-1-5,1464
157291,1-3-2,26.2
157291,2-3-1,376.4
157291,3-2-1,134.3
157291,4-2-1,249.6
157291,5-2-1,1412
157291,6-2-1,1622
157291,1-3-4,6.4
157291,2-3-4,362.7
157291,3-2-4,123
157291,4-2-3,268
157291,5-2-3,1305
157291,6-2-3,1412
157291,1-3-5,34.7
157291,2-3-5,760
157291,3-2-5,294.3
157291,4-2-5,453.1
157291,5-2-4,1412
157291,6-2-4,1667
157291,1-3-6,14.1
157291,2-3-6,839.7
157291,3-2-6,194.9
157291,4-2-6,332.6
157291,5-2-6,1429
157291,6-2-5,2792
157291,1-4-2,60.3
157291,2-4-1,508.8
157291,3-4-1,11.4
157291,4-3-1,34.5
157291,5-3-1,494.1
157291,6-3-1,352.1
157291,1-4-3,14.4
157291,2-4-3,463.6
157291,3-4-2,60.3
157291,4-3-2,116.8
157291,5-3-2,1154
157291,6-3-2,1250
157291,1-4-5,72.9
157291,2-4-5,1132
157291,3-4-5,35.9
157291,4-3-5,82.9
157291,5-3-4,612.6
157291,6-3-4,297.2
157291,1-4-6,29.7
157291,2-4-6,1154
157291,3-4-6,16
157291,4-3-6,41.3
157291,5-3-6,896.1
157291,6-3-5,1101
157291,1-5-2,268
157291,2-5-1,1250
157291,3-5-1,112.3
157291,4-5-1,143.9
157291,5-4-1,563.7
157291,6-4-1,609.5
157291,1-5-3,163.1
157291,2-5-3,1122
157291,3-5-2,248.1
157291,4-5-2,337.3
157291,5-4-2,1165
157291,6-4-2,1291
157291,1-5-4,222.7
157291,2-5-4,1305
157291,3-5-4,98.5
157291,4-5-3,159
157291,5-4-3,513.1
157291,6-4-3,304.7
157291,1-5-6,221.9
157291,2-5-6,1539
157291,3-5-6,136.9
157291,4-5-6,160.1
157291,5-4-6,764.8
157291,6-4-5,1072
157291,1-6-2,250.6
157291,2-6-1,1291
157291,3-6-1,51.3
157291,4-6-1,85.3
157291,5-6-1,1237
157291,6-5-1,2265
157291,1-6-3,65.6
157291,2-6-3,1380
157291,3-6-2,191.8
157291,4-6-2,247
157291,5-6-2,2554
157291,6-5-2,3531
157291,1-6-4,93.7
157291,2-6-4,1622
157291,3-6-4,43.7
157291,4-6-3,77.8
157291,5-6-3,1501
157291,6-5-3,1667
157291,1-6-5,256.5
157291,2-6-5,1644
157291,3-6-5,122.5
157291,4-6-5,169.3
157291,5-6-4,1132
157291,6-5-4,1396
157292,1-2-3,17.8
157292,2-1-3,21.3
157292,3-1-2,122.9
157292,4-1-2,125
157292,5-1-2,454.8
157292,6-1-2,19.1
157292,1-2-4,30.3
157292,2-1-4,35.2
157292,3-1-4,213
157292,4-1-3,223.5
157292,5-1-3,666.1
157292,6-1-3,22.7
157292,1-2-5,48.5
157292,2-1-5,84.7
157292,3-1-5,207
157292,4-1-5,317
157292,5-1-4,720.7
157292,6-1-4,65.6
157292,1-2-6,12.5
157292,2-1-6,20.9
157292,3-1-6,104
157292,4-1-6,155.9
157292,5-1-6,375.7
157292,6-1-5,55.4
157292,1-3-2,38.3
157292,2-3-1,66.7
157292,3-2-1,124.3
157292,4-2-1,172.1
157292,5-2-1,439.6
157292,6-2-1,33.6
157292,1-3-4,123.1
157292,2-3-4,73.1
157292,3-2-4,96.8
157292,4-2-3,179.9
157292,5-2-3,338.2
157292,6-2-3,52.9
157292,1-3-5,106.8
157292,2-3-5,115.6
157292,3-2-5,170.4
157292,4-2-5,529.7
157292,5-2-4,399.7
157292,6-2-4,112.8
157292,1-3-6,41.2
157292,2-3-6,64.8
157292,3-2-6,112.1
157292,4-2-6,184.9
157292,5-2-6,356.4
157292,6-2-5,92.6
157292,1-4-2,94.8
157292,2-4-1,132.5
157292,3-4-1,272.5
157292,4-3-1,352.6
157292,5-3-1,599.5
157292,6-3-1,44.8
157292,1-4-3,150.5
157292,2-4-3,110
157292,3-4-2,151.4
157292,4-3-2,218
157292,5-3-2,407.1
157292,6-3-2,64.6
157292,1-4-5,276.5
157292,2-4-5,274.7
157292,3-4-5,328.9
157292,4-3-5,556.5
157292,5-3-4,547.3
157292,6-3-4,121.6
157292,1-4-6,99.3
157292,2-4-6,116.7
157292,3-4-6,273.6
157292,4-3-6,365.3
157292,5-3-6,422.7
157292,6-3-5,91.8
157292,1-5-2,152.4
157292,2-5-1,252.6
157292,3-5-1,250.7
157292,4-5-1,676.4
157292,5-4-1,909.6
157292,6-4-1,152.8
157292,1-5-3,189.5
157292,2-5-3,187.6
157292,3-5-2,164
157292,4-5-2,610.6
157292,5-4-2,551.8
157292,6-4-2,186.8
157292,1-5-4,291.8
157292,2-5-4,273
157292,3-5-4,239.8
157292,4-5-3,762.4
157292,5-4-3,724.7
157292,6-4-3,216.2
157292,1-5-6,138.2
157292,2-5-6,154.6
157292,3-5-6,212
157292,4-5-6,581
157292,5-4-6,771.3
157292,6-4-5,326.4
157292,1-6-2,12.1
157292,2-6-1,45.9
157292,3-6-1,109.3
157292,4-6-1,189.7
157292,5-6-1,398.4
157292,6-5-1,170.6
157292,1-6-3,17.3
157292,2-6-3,54
157292,3-6-2,140.1
157292,4-6-2,216.2
157292,5-6-2,361.3
157292,6-5-2,141
157292,1-6-4,41.8
157292,2-6-4,68.5
157292,3-6-4,226.2
157292,4-6-3,354.5
157292,5-6-3,461.1
157292,6-5-3,164
157292,1-6-5,40.5
157292,2-6-5,93.4
157292,3-6-5,182.9
157292,4-6-5,558.9
157292,5-6-4,758
157292,6-5-4,328.1
157293,1-2-3,16.6
157293,2-1-3,63
157293,3-1-2,18.1
157293,4-1-2,451.9
157293,5-1-2,128.4
157293,6-1-2,2177
157293,1-2-4,64.8
157293,2-1-4,224.5
157293,3-1-4,16
157293,4-1-3,234
157293,5-1-3,50.2
157293,6-1-3,1968
157293,1-2-5,27.5
157293,2-1-5,100.7
157293,3-1-5,7.3
157293,4-1-5,291.5
157293,5-1-4,193.9
157293,6-1-4,4956
157293,1-2-6,627.6
157293,2-1-6,1423
157293,3-1-6,208.3
157293,4-1-6,1368
157293,5-1-6,677.9
157293,6-1-5,5323
157293,1-3-2,10.5
157293,2-3-1,90.2
157293,3-2-1,54.5
157293,4-2-1,662.3
157293,5-2-1,285.1
157293,6-2-1,5133
157293,1-3-4,16.2
157293,2-3-4,190.8
157293,3-2-4,84.8
157293,4-2-3,507.8
157293,5-2-3,186.9
157293,6-2-3,4355
157293,1-3-5,8.7
157293,2-3-5,79
157293,3-2-5,32
157293,4-2-5,633.1
157293,5-2-4,469.7
157293,6-2-4,4491
157293,1-3-6,253
157293,2-3-6,1294
157293,3-2-6,479.1
157293,4-2-6,2145
157293,5-2-6,1355
157293,6-2-5,2994
157293,1-4-2,88.1
157293,2-4-1,532.3
157293,3-4-1,37.2
157293,4-3-1,228.8
157293,5-3-1,47.3
157293,6-3-1,3266
157293,1-4-3,50.1
157293,2-4-3,446.3
157293,3-4-2,82.3
157293,4-3-2,362.9
157293,5-3-2,86.5
157293,6-3-2,4355
157293,1-4-5,72.9
157293,2-4-5,568.1
157293,3-4-5,21.9
157293,4-3-5,188.3
157293,5-3-4,92.9
157293,6-3-4,5133
157293,1-4-6,616.8
157293,2-4-6,2874
157293,3-4-6,299.4
157293,4-3-6,991.2
157293,5-3-6,430.3
157293,6-3-5,3505
157293,1-5-2,40.8
157293,2-5-1,239.5
157293,3-5-1,12.8
157293,4-5-1,312.4
157293,5-4-1,350.5
157293,6-4-1,6533
157293,1-5-3,23.9
157293,2-5-3,177.2
157293,3-5-2,27.9
157293,4-5-2,416.6
157293,5-4-2,500.8
157293,6-4-2,5133
157293,1-5-4,76.3
157293,2-5-4,522.6
157293,3-5-4,19.2
157293,4-5-3,206.5
157293,5-4-3,209.5
157293,6-4-3,6249
157293,1-5-6,479.1
157293,2-5-6,1652
157293,3-5-6,165.7
157293,4-5-6,1056
157293,5-4-6,1731
157293,6-4-5,6844
157293,1-6-2,1842
157293,2-6-1,3058
157293,3-6-1,915.4
157293,4-6-1,3884
157293,5-6-1,2818
157293,6-5-1,8454
157293,1-6-3,1239
157293,2-6-3,3194
157293,3-6-2,1271
157293,4-6-2,2933
157293,5-6-2,2145
157293,6-5-2,4491
157293,1-6-4,2318
157293,2-6-4,3992
157293,3-6-4,1159
157293,4-6-3,3884
157293,5-6-3,1819
157293,6-5-3,5323
157293,1-6-5,1866
157293,2-6-5,2318
157293,3-6-5,830.8
157293,4-6-5,3593
157293,5-6-4,2874
157293,6-5-4,6533
157294,1-2-3,7.4
157294,2-1-3,10.2
157294,3-1-2,81.2
157294,4-1-2,160.5
157294,5-1-2,314.7
157294,6-1-2,454.2
157294,1-2-4,9.9
157294,2-1-4,14.5
157294,3-1-4,184.6
157294,4-1-3,417.4
157294,5-1-3,576
157294,6-1-3,979.6
157294,1-2-5,10.6
157294,2-1-5,18.8
157294,3-1-5,179.1
157294,4-1-5,206.4
157294,5-1-4,811.3
157294,6-1-4,1112
157294,1-2-6,22.6
157294,2-1-6,33
157294,3-1-6,287.7
157294,4-1-6,356.8
157294,5-1-6,570.3
157294,6-1-5,529.4
157294,1-3-2,16.8
157294,2-3-1,24.2
157294,3-2-1,87.7
157294,4-2-1,198.4
157294,5-2-1,428.5
157294,6-2-1,616.7
157294,1-3-4,35.1
157294,2-3-4,43.2
157294,3-2-4,154
157294,4-2-3,366.8
157294,5-2-3,542.3
157294,6-2-3,822.8
157294,1-3-5,31.2
157294,2-3-5,42.8
157294,3-2-5,142.7
157294,4-2-5,197.1
157294,5-2-4,684.1
157294,6-2-4,1241
157294,1-3-6,55.7
157294,2-3-6,67.9
157294,3-2-6,205.8
157294,4-2-6,321
157294,5-2-6,541.3
157294,6-2-5,528.4
157294,1-4-2,29.8
157294,2-4-1,60.7
157294,3-4-1,354.6
157294,4-3-1,689
157294,5-3-1,1082
157294,6-3-1,1800
157294,1-4-3,60.6
157294,2-4-3,71.1
157294,3-4-2,253.7
157294,4-3-2,528.4
157294,5-3-2,707.6
157294,6-3-2,1095
157294,1-4-5,47.2
157294,2-4-5,88.2
157294,3-4-5,382.4
157294,4-3-5,632.9
157294,5-3-4,1565
157294,6-3-4,2322
157294,1-4-6,100.9
157294,2-4-6,153.3
157294,3-4-6,607.6
157294,4-3-6,953.6
157294,5-3-6,1161
157294,6-3-5,1152
157294,1-5-2,37
157294,2-5-1,100.6
157294,3-5-1,469
157294,4-5-1,386
157294,5-4-1,1257
157294,6-4-1,1745
157294,1-5-3,63.1
157294,2-5-3,111.4
157294,3-5-2,344.1
157294,4-5-2,286.5
157294,5-4-2,809
157294,6-4-2,973
157294,1-5-4,94
157294,2-5-4,167.9
157294,3-5-4,736.6
157294,4-5-3,585.3
157294,5-4-3,1378
157294,6-4-3,2181
157294,1-5-6,90.5
157294,2-5-6,180.4
157294,3-5-6,680.8
157294,4-5-6,348.2
157294,5-4-6,1116
157294,6-4-5,844.6
157294,1-6-2,71.2
157294,2-6-1,162.6
157294,3-6-1,714.6
157294,4-6-1,577.1
157294,5-6-1,1062
157294,6-5-1,956.8
157294,1-6-3,114.2
157294,2-6-3,189.1
157294,3-6-2,470.6
157294,4-6-2,448.6
157294,5-6-2,822.8
157294,6-5-2,718.2
157294,1-6-4,182.1
157294,2-6-4,304.7
157294,3-6-4,1032
157294,4-6-3,969.7
157294,5-6-3,1161
157294,6-5-3,1195
157294,1-6-5,83.5
157294,2-6-5,193
157294,3-6-5,671.3
157294,4-6-5,333.3
157294,5-6-4,1484
157294,6-5-4,1440
157295,1-2-3,21.7
157295,2-1-3,71.6
157295,3-1-2,10.2
157295,4-1-2,504.4
157295,5-1-2,1407
157295,6-1-2,1373
157295,1-2-4,92.9
157295,2-1-4,313.2
157295,3-1-4,7
157295,4-1-3,187.5
157295,5-1-3,361.6
157295,6-1-3,605.3
157295,1-2-5,209
157295,2-1-5,724
157295,3-1-5,14.8
157295,4-1-5,546.2
157295,5-1-4,1332
157295,6-1-4,1427
157295,1-2-6,282.4
157295,2-1-6,768.2
157295,3-1-6,13.1
157295,4-1-6,538.1
157295,5-1-6,1402
157295,6-1-5,2075
157295,1-3-2,8.9
157295,2-3-1,68.5
157295,3-2-1,31.7
157295,4-2-1,965.3
157295,5-2-1,1742
157295,6-2-1,2152
157295,1-3-4,9.9
157295,2-3-4,107.2
157295,3-2-4,37
157295,4-2-3,419.7
157295,5-2-3,739.9
157295,6-2-3,1166
157295,1-3-5,20.1
157295,2-3-5,252.7
157295,3-2-5,68.8
157295,4-2-5,1170
157295,5-2-4,2141
157295,6-2-4,2410
157295,1-3-6,25.3
157295,2-3-6,270.7
157295,3-2-6,77
157295,4-2-6,1073
157295,5-2-6,2211
157295,6-2-5,3946
157295,1-4-2,132.4
157295,2-4-1,652.4
157295,3-4-1,14.6
157295,4-3-1,151.7
157295,5-3-1,295.1
157295,6-3-1,576.7
157295,1-4-3,52.6
157295,2-4-3,313.7
157295,3-4-2,35.7
157295,4-3-2,215.3
157295,5-3-2,398.5
157295,6-3-2,830
157295,1-4-5,195.4
157295,2-4-5,1102
157295,3-4-5,31.8
157295,4-3-5,244.5
157295,5-3-4,398.5
157295,6-3-4,569.3
157295,1-4-6,211.4
157295,2-4-6,965.3
157295,3-4-6,22.6
157295,4-3-6,235.6
157295,5-3-6,669.8
157295,6-3-5,1246
157295,1-5-2,292.9
157295,2-5-1,1302
157295,3-5-1,57.6
157295,4-5-1,749.6
157295,5-4-1,1536
157295,6-4-1,1805
157295,1-5-3,115.1
157295,2-5-3,733.2
157295,3-5-2,94.4
157295,4-5-2,1034
157295,5-4-2,1983
157295,6-4-2,2300
157295,1-5-4,347.6
157295,2-5-4,1649
157295,3-5-4,66.8
157295,4-5-3,440.9
157295,5-4-3,712.4
157295,6-4-3,863.8
157295,1-5-6,416.7
157295,2-5-6,1944
157295,3-5-6,74.4
157295,4-5-6,823.2
157295,5-4-6,1402
157295,6-4-5,2381
157295,1-6-2,458.4
157295,2-6-1,1670
157295,3-6-1,57.5
157295,4-6-1,1011
157295,5-6-1,2107
157295,6-5-1,2500
157295,1-6-3,188.2
157295,2-6-3,863.8
157295,3-6-2,100.3
157295,4-6-2,1341
157295,5-6-2,3272
157295,6-5-2,4282
157295,1-6-4,500.6
157295,2-6-4,1781
157295,3-6-4,55.8
157295,4-6-3,566.9
157295,5-6-3,1163
157295,6-5-3,1781
157295,1-6-5,608
157295,2-6-5,2313
157295,3-6-5,99
157295,4-6-5,1143
157295,5-6-4,2033
157295,6-5-4,2484
157296,1-2-3,15.4
157296,2-1-3,151
157296,3-1-2,23.3
157296,4-1-2,638.7
157296,5-1-2,337.3
157296,6-1-2,615.1
157296,1-2-4,59.8
157296,2-1-4,387.7
157296,3-1-4,30.9
157296,4-1-3,445.5
157296,5-1-3,131.9
157296,6-1-3,252
157296,1-2-5,40.2
157296,2-1-5,388.2
157296,3-1-5,12.7
157296,4-1-5,726.6
157296,5-1-4,561.7
157296,6-1-4,1408
157296,1-2-6,44.4
157296,2-1-6,441.8
157296,3-1-6,16.4
157296,4-1-6,942.8
157296,5-1-6,208.2
157296,6-1-5,453.2
157296,1-3-2,6.6
157296,2-3-1,200.7
157296,3-2-1,84.5
157296,4-2-1,1371
157296,5-2-1,887.4
157296,6-2-1,1401
157296,1-3-4,12.7
157296,2-3-4,585.5
157296,3-2-4,242.2
157296,4-2-3,1427
157296,5-2-3,733.3
157296,6-2-3,1769
157296,1-3-5,5.5
157296,2-3-5,443.7
157296,3-2-5,185.1
157296,4-2-5,1908
157296,5-2-4,1501
157296,6-2-4,3406
157296,1-3-6,7.7
157296,2-3-6,576
157296,3-2-6,234.8
157296,4-2-6,2514
157296,5-2-6,1200
157296,6-2-5,2215
157296,1-4-2,92.9
157296,2-4-1,838.1
157296,3-4-1,105.8
157296,4-3-1,472.8
157296,5-3-1,168.2
157296,6-3-1,332.7
157296,1-4-3,49
157296,2-4-3,980.8
157296,3-4-2,223.7
157296,4-3-2,1049
157296,5-3-2,484.4
157296,6-3-2,1152
157296,1-4-5,118.3
157296,2-4-5,877.5
157296,3-4-5,159.1
157296,4-3-5,721.6
157296,5-3-4,626
157296,6-3-4,1466
157296,1-4-6,147.4
157296,2-4-6,1560
157296,3-4-6,179.2
157296,4-3-6,877.5
157296,5-3-6,270
157296,6-3-5,671.1
157296,1-5-2,52.2
157296,2-5-1,763.3
157296,3-5-1,45.5
157296,4-5-1,996.2
157296,5-4-1,1066
157296,6-4-1,3046
157296,1-5-3,20.3
157296,2-5-3,802
157296,3-5-2,137.8
157296,4-5-2,1487
157296,5-4-2,1731
157296,6-4-2,3559
157296,1-5-4,122.6
157296,2-5-4,1760
157296,3-5-4,146.6
157296,4-5-3,1092
157296,5-4-3,1063
157296,6-4-3,2215
157296,1-5-6,54.1
157296,2-5-6,1377
157296,3-5-6,79.6
157296,4-5-6,1247
157296,5-4-6,1401
157296,6-4-5,3559
157296,1-6-2,69.9
157296,2-6-1,1186
157296,3-6-1,64.6
157296,4-6-1,1650
157296,5-6-1,619.9
157296,6-5-1,763.3
157296,1-6-3,35.3
157296,2-6-3,1377
157296,3-6-2,248.2
157296,4-6-2,2231
157296,5-6-2,1218
157296,6-5-2,1992
157296,1-6-4,220.1
157296,2-6-4,2803
157296,3-6-4,240
157296,4-6-3,1414
157296,5-6-3,572.8
157296,6-5-3,923.6
157296,1-6-5,68.6
157296,2-6-5,1863
157296,3-6-5,129.8
157296,4-6-5,1863
157296,5-6-4,1480
157296,6-5-4,2854
157297,1-2-3,9.9
157297,2-1-3,173.1
157297,3-1-2,72.2
157297,4-1-2,158.7
157297,5-1-2,368.2
157297,6-1-2,1661
157297,1-2-4,11.4
157297,2-1-4,211.4
157297,3-1-4,48.1
157297,4-1-3,118.1
157297,5-1-3,239.7
157297,6-1-3,1788
157297,1-2-5,21.3
157297,2-1-5,267.7
157297,3-1-5,57.6
157297,4-1-5,94.2
157297,5-1-4,256.8
157297,6-1-4,2879
157297,1-2-6,285.7
157297,2-1-6,1698
157297,3-1-6,478.3
157297,4-1-6,746.5
157297,5-1-6,1079
157297,6-1-5,4876
157297,1-3-2,7.2
157297,2-3-1,322.6
157297,3-2-1,264.5
157297,4-2-1,498.9
157297,5-2-1,755.8
157297,6-2-1,3475
157297,1-3-4,5.1
157297,2-3-4,769.3
157297,3-2-4,410.2
157297,4-2-3,863.8
157297,5-2-3,1224
157297,6-2-3,3779
157297,1-3-5,7.9
157297,2-3-5,708
157297,3-2-5,448.5
157297,4-2-5,858.9
157297,5-2-4,1219
157297,6-2-4,5039
157297,1-3-6,124.6
157297,2-3-6,1963
157297,3-2-6,2056
157297,4-2-6,2498
157297,5-2-6,2099
157297,6-2-5,5814
157297,1-4-2,12.6
157297,2-4-1,584.7
157297,3-4-1,165.5
157297,4-3-1,250.9
157297,5-3-1,449.9
157297,6-3-1,3599
157297,1-4-3,8.3
157297,2-4-3,1259
157297,3-4-2,433.7
157297,4-3-2,775.2
157297,5-3-2,1234
157297,6-3-2,5212
157297,1-4-5,11
157297,2-4-5,876.3
157297,3-4-5,310.4
157297,4-3-5,558.8
157297,5-3-4,1024
157297,6-3-4,5497
157297,1-4-6,220.5
157297,2-4-6,3286
157297,3-4-6,1768
157297,4-3-6,2002
157297,5-3-6,3359
157297,6-3-5,4799
157297,1-5-2,30.2
157297,2-5-1,938.9
157297,3-5-1,194.3
157297,4-5-1,188.9
157297,5-4-1,465.1
157297,6-4-1,4446
157297,1-5-3,20.1
157297,2-5-3,1368
157297,3-5-2,539.8
157297,4-5-2,587
157297,5-4-2,1162
157297,6-4-2,6046
157297,1-5-4,21.2
157297,2-5-4,1326
157297,3-5-4,432.5
157297,4-5-3,488.4
157297,5-4-3,1017
157297,6-4-3,7956
157297,1-5-6,278.6
157297,2-5-6,4085
157297,3-5-6,2175
157297,4-5-6,1209
157297,5-4-6,2584
157297,6-4-5,8638
157297,1-6-2,866.3
157297,2-6-1,3286
157297,3-6-1,2652
157297,4-6-1,1821
157297,5-6-1,4651
157297,6-5-1,5398
157297,1-6-3,625.9
157297,2-6-3,5124
157297,3-6-2,5039
157297,4-6-2,2964
157297,5-6-2,5212
157297,6-5-2,7956
157297,1-6-4,696.6
157297,2-6-4,5039
157297,3-6-4,3397
157297,4-6-3,2964
157297,5-6-3,4651
157297,6-5-3,5398
157297,1-6-5,868.7
157297,2-6-5,5304
157297,3-6-5,2964
157297,4-6-5,2343
157297,5-6-4,5124
157297,6-5-4,7558
157298,1-2-3,7.1
157298,2-1-3,104.4
157298,3-1-2,179.5
157298,4-1-2,1110
157298,5-1-2,223.8
157298,6-1-2,59.8
157298,1-2-4,38.1
157298,2-1-4,302.5
157298,3-1-4,418.7
157298,4-1-3,1403
157298,5-1-3,253
157298,6-1-3,64.3
157298,1-2-5,15.7
157298,2-1-5,171.3
157298,3-1-5,200
157298,4-1-5,1361
157298,5-1-4,646.1
157298,6-1-4,288.7
157298,1-2-6,7
157298,2-1-6,75
157298,3-1-6,109.2
157298,4-1-6,1114
157298,5-1-6,148.1
157298,6-1-5,120.4
157298,1-3-2,8.8
157298,2-3-1,271.9
157298,3-2-1,403.9
157298,4-2-1,2297
157298,5-2-1,560.4
157298,6-2-1,172.4
157298,1-3-4,35.4
157298,2-3-4,982.9
157298,3-2-4,792.3
157298,4-2-3,2683
157298,5-2-3,898.8
157298,6-2-3,418.7
157298,1-3-5,14.4
157298,2-3-5,596.8
157298,3-2-5,860.9
157298,4-2-5,3253
157298,5-2-4,1648
157298,6-2-4,990.9
157298,1-3-6,7.5
157298,2-3-6,354.1
157298,3-2-6,539.8
157298,4-2-6,2434
157298,5-2-6,619.9
157298,6-2-5,569
157298,1-4-2,106.6
157298,2-4-1,1322
157298,3-4-1,1289
157298,4-3-1,2088
157298,5-3-1,564.7
157298,6-3-1,207.2
157298,1-4-3,121
157298,2-4-3,2137
157298,3-4-2,1598
157298,4-3-2,3534
157298,5-3-2,1078
157298,6-3-2,503.6
157298,1-4-5,152.2
157298,2-4-5,2241
157298,3-4-5,2042
157298,4-3-5,3604
157298,5-3-4,2312
157298,6-3-4,1464
157298,1-4-6,92.1
157298,2-4-6,1382
157298,3-4-6,1531
157298,4-3-6,2785
157298,5-3-6,828
157298,6-3-5,732.3
157298,1-5-2,26.3
157298,2-5-1,476.2
157298,3-5-1,541.4
157298,4-5-1,2019
157298,5-4-1,1904
157298,6-4-1,1189
157298,1-5-3,26.4
157298,2-5-3,896.6
157298,3-5-2,1026
157298,4-5-2,3342
157298,5-4-2,2703
157298,6-4-2,1895
157298,1-5-4,135.9
157298,2-5-4,1767
157298,3-5-4,1829
157298,4-5-3,3063
157298,5-4-3,3089
157298,6-4-3,2570
157298,1-5-6,22.1
157298,2-5-6,628.4
157298,3-5-6,854.9
157298,4-5-6,2827
157298,5-4-6,2053
157298,6-4-5,2535
157298,1-6-2,11.8
157298,2-6-1,182.7
157298,3-6-1,220.8
157298,4-6-1,1694
157298,5-6-1,190
157298,6-5-1,212.9
157298,1-6-3,12.2
157298,2-6-3,451
157298,3-6-2,604.6
157298,4-6-2,2326
157298,5-6-2,386.5
157298,6-5-2,498.1
157298,1-6-4,46
157298,2-6-4,1254
157298,3-6-4,1280
157298,4-6-3,3089
157298,5-6-3,401.7
157298,6-5-3,573.5
157298,1-6-5,24.6
157298,2-6-5,560.4
157298,3-6-5,783.8
157298,4-6-5,2827
157298,5-6-4,970
157298,6-5-4,1327
157299,1-2-3,8.1
157299,2-1-3,41
157299,3-1-2,92.8
157299,4-1-2,444.6
157299,5-1-2,79
157299,6-1-2,366
157299,1-2-4,40.1
157299,2-1-4,125.5
157299,3-1-4,182.2
157299,4-1-3,742.7
157299,5-1-3,98.8
157299,6-1-3,384.4
157299,1-2-5,9.7
157299,2-1-5,41
157299,3-1-5,63.8
157299,4-1-5,257.4
157299,5-1-4,224.1
157299,6-1-4,713.9
157299,1-2-6,19.9
157299,2-1-6,81.3
157299,3-1-6,74.7
157299,4-1-6,221.5
157299,5-1-6,58.5
157299,6-1-5,405.8
157299,1-3-2,12.5
157299,2-3-1,132.7
157299,3-2-1,193.5
157299,4-2-1,923.2
157299,5-2-1,153.1
157299,6-2-1,664.4
157299,1-3-4,41.4
157299,2-3-4,539
157299,3-2-4,713.9
157299,4-2-3,1585
157299,5-2-3,348.8
157299,6-2-3,1229
157299,1-3-5,10.9
157299,2-3-5,205.8
157299,3-2-5,292.8
157299,4-2-5,754.9
157299,5-2-4,721.7
157299,6-2-4,1990
157299,1-3-6,11.7
157299,2-3-6,322.8
157299,3-2-6,378.1
157299,4-2-6,637.6
157299,5-2-6,356.1
157299,6-2-5,1344
157299,1-4-2,89.9
157299,2-4-1,588.6
157299,3-4-1,679.1
157299,4-3-1,1158
157299,5-3-1,218.7
157299,6-3-1,748.8
157299,1-4-3,76.4
157299,2-4-3,938.3
157299,3-4-2,1066
157299,4-3-2,1892
157299,5-3-2,372.5
157299,6-3-2,1427
157299,1-4-5,46.4
157299,2-4-5,754.9
157299,3-4-5,737.9
157299,4-3-5,1222
157299,5-3-4,875.7
157299,6-3-4,2061
157299,1-4-6,33.2
157299,2-4-6,815.1
157299,3-4-6,438.2
157299,4-3-6,949.9
157299,5-3-6,298.3
157299,6-3-5,1427
157299,1-5-2,19.9
157299,2-5-1,125.6
157299,3-5-1,176.6
157299,4-5-1,303
157299,5-4-1,354.2
157299,6-4-1,1209
157299,1-5-3,16.2
157299,2-5-3,215.6
157299,3-5-2,311.7
157299,4-5-2,541.5
157299,5-4-2,635.9
157299,6-4-2,1915
157299,1-5-4,43.1
157299,2-5-4,555.2
157299,3-5-4,636.8
157299,4-5-3,896.2
157299,5-4-3,1069
157299,6-4-3,2179
157299,1-5-6,12.3
157299,2-5-6,270.2
157299,3-5-6,221.5
157299,4-5-6,256.8
157299,5-4-6,257.7
157299,6-4-5,1216
157299,1-6-2,45.1
157299,2-6-1,433.7
157299,3-6-1,298.1
157299,4-6-1,331.7
157299,5-6-1,196.1
157299,6-5-1,584.9
157299,1-6-3,32.8
157299,2-6-3,682.1
157299,3-6-2,624.6
157299,4-6-2,646.6
157299,5-6-2,430.9
157299,6-5-2,1284
157299,1-6-4,56.8
157299,2-6-4,1206
157299,3-6-4,692.4
157299,4-6-3,1121
157299,5-6-3,415.7
157299,6-5-3,1206
157299,1-6-5,27.6
157299,2-6-5,632.4
157299,3-6-5,417.5
157299,4-6-5,405.4
157299,5-6-4,542.1
157299,6-5-4,1427
157300,1-2-3,4.5
157300,2-1-3,60.9
157300,3-1-2,108.8
157300,4-1-2,144.8
157300,5-1-2,716.9
157300,6-1-2,446.5
157300,1-2-4,7.6
157300,2-1-4,86.2
157300,3-1-4,120.6
157300,4-1-3,192.8
157300,5-1-3,652.8
157300,6-1-3,530.3
157300,1-2-5,24.5
157300,2-1-5,194.8
157300,3-1-5,190.1
157300,4-1-5,204.8
157300,5-1-4,710.3
157300,6-1-4,809.9
157300,1-2-6,14.4
157300,2-1-6,112.3
157300,3-1-6,125.4
157300,4-1-6,158.1
157300,5-1-6,670.9
157300,6-1-5,1024
157300,1-3-2,7.2
157300,2-3-1,234.6
157300,3-2-1,242.7
157300,4-2-1,383.3
157300,5-2-1,1372
157300,6-2-1,827.2
157300,1-3-4,8.3
157300,2-3-4,594.7
157300,3-2-4,421.7
157300,4-2-3,877.9
157300,5-2-3,1784
157300,6-2-3,1554
157300,1-3-5,22.2
157300,2-3-5,948.9
157300,3-2-5,881.9
157300,4-2-5,953.5
157300,5-2-4,1879
157300,6-2-4,2304
157300,1-3-6,13
157300,2-3-6,571.8
157300,3-2-6,546.8
157300,4-2-6,697.5
157300,5-2-6,1751
157300,6-2-5,2745
157300,1-4-2,18.5
157300,2-4-1,407.5
157300,3-4-1,306.5
157300,4-3-1,404.9
157300,5-3-1,1252
157300,6-3-1,1075
157300,1-4-3,17.9
157300,2-4-3,1037
157300,3-4-2,587.4
157300,4-3-2,913.1
157300,5-3-2,2212
157300,6-3-2,2092
157300,1-4-5,42
157300,2-4-5,1428
157300,3-4-5,747.4
157300,4-3-5,941.9
157300,5-3-4,3048
157300,6-3-4,2563
157300,1-4-6,26.1
157300,2-4-6,935.1
157300,3-4-6,488.2
157300,4-3-6,658.4
157300,5-3-6,2318
157300,6-3-5,3281
157300,1-5-2,68.3
157300,2-5-1,1016
157300,3-5-1,720.9
157300,4-5-1,311.2
157300,5-4-1,967.8
157300,6-4-1,1229
157300,1-5-3,50.5
157300,2-5-3,1879
157300,3-5-2,1162
157300,4-5-2,661.8
157300,5-4-2,1668
157300,6-4-2,2481
157300,1-5-4,86.4
157300,2-5-4,1907
157300,3-5-4,1307
157300,4-5-3,887.9
157300,5-4-3,2277
157300,6-4-3,2670
157300,1-5-6,82.6
157300,2-5-6,1542
157300,3-5-6,1303
157300,4-5-6,358.4
157300,5-4-6,1221
157300,6-4-5,2465
157300,1-6-2,49.2
157300,2-6-1,469.2
157300,3-6-1,473.2
157300,4-6-1,339.6
157300,5-6-1,1236
157300,6-5-1,1647
157300,1-6-3,50.2
157300,2-6-3,1096
157300,3-6-2,972.7
157300,4-6-2,649.5
157300,5-6-2,2225
157300,6-5-2,3722
157300,1-6-4,83.2
157300,2-6-4,1418
157300,3-6-4,1029
157300,4-6-3,794.9
157300,5-6-3,2212
157300,6-5-3,3456
157300,1-6-5,116.5
157300,2-6-5,1626
157300,3-6-5,1392
157300,4-6-5,628.5
157300,5-6-4,2070
157300,6-5-4,2688
157301,1-2-3,10.4
157301,2-1-3,209.4
157301,3-1-2,305.1
157301,4-1-2,62.3
157301,5-1-2,284.5
157301,6-1-2,959.7
157301,1-2-4,6
157301,2-1-4,136.4
157301,3-1-4,228
157301,4-1-3,132.3
157301,5-1-3,428.1
157301,6-1-3,1101
157301,1-2-5,13.4
157301,2-1-5,284
157301,3-1-5,294
157301,4-1-5,60.2
157301,5-1-4,199.3
157301,6-1-4,1025
157301,1-2-6,35.9
157301,2-1-6,518.3
157301,3-1-6,617.2
157301,4-1-6,139
157301,5-1-6,358.4
157301,6-1-5,1083
157301,1-3-2,15.4
157301,2-3-1,544.9
157301,3-2-1,597.4
157301,4-2-1,214.2
157301,5-2-1,825.3
157301,6-2-1,2212
157301,1-3-4,10.6
157301,2-3-4,1025
157301,3-2-4,931.2
157301,4-2-3,788.1
157301,5-2-3,1574
157301,6-2-3,3521
157301,1-3-5,16.7
157301,2-3-5,1396
157301,3-2-5,1316
157301,4-2-5,444.4
157301,5-2-4,1169
157301,6-2-4,2975
157301,1-3-6,39.2
157301,2-3-6,1944
157301,3-2-6,2389
157301,4-2-6,815.1
157301,5-2-6,1996
157301,6-2-5,3521
157301,1-4-2,7.1
157301,2-4-1,294.1
157301,3-4-1,592
157301,4-3-1,520.1
157301,5-3-1,978.7
157301,6-3-1,2975
157301,1-4-3,12.5
157301,2-4-3,1042
157301,3-4-2,1204
157301,4-3-2,1178
157301,5-3-2,1776
157301,6-3-2,3719
157301,1-4-5,9.3
157301,2-4-5,807.4
157301,3-4-5,1185
157301,4-3-5,977.1
157301,5-3-4,2051
157301,6-3-4,3742
157301,1-4-6,27.8
157301,2-4-6,1290
157301,3-4-6,2148
157301,4-3-6,1472
157301,5-3-6,2656
157301,6-3-5,3628
157301,1-5-2,21.3
157301,2-5-1,900.2
157301,3-5-1,828.7
157301,4-5-1,132.3
157301,5-4-1,357.1
157301,6-4-1,1662
157301,1-5-3,24.3
157301,2-5-3,1729
157301,3-5-2,1625
157301,4-5-2,330.5
157301,5-4-2,892.1
157301,6-4-2,2458
157301,1-5-4,21.7
157301,2-5-4,1268
157301,3-5-4,1621
157301,4-5-3,593.2
157301,5-4-3,1549
157301,6-4-3,3584
157301,1-5-6,47.2
157301,2-5-6,2438
157301,3-5-6,2564
157301,4-5-6,329.8
157301,5-4-6,833.4
157301,6-4-5,2793
157301,1-6-2,104.4
157301,2-6-1,2010
157301,3-6-1,2212
157301,4-6-1,422.9
157301,5-6-1,1129
157301,6-5-1,1871
157301,1-6-3,127.5
157301,2-6-3,3521
157301,3-6-2,3673
157301,4-6-2,907.1
157301,5-6-2,2532
157301,6-5-2,3814
157301,1-6-4,93.3
157301,2-6-4,2847
157301,3-6-4,3719
157301,4-6-3,1328
157301,5-6-3,3165
157301,6-5-3,4075
157301,1-6-5,135.1
157301,2-6-5,3521
157301,3-6-5,3766
157301,4-6-5,645.4
157301,5-6-4,1797
157301,6-5-4,3234
157302,1-2-3,6.3
157302,2-1-3,56.2
157302,3-1-2,153.1
157302,4-1-2,52.1
157302,5-1-2,227.4
157302,6-1-2,1260
157302,1-2-4,4.2
157302,2-1-4,29.4
157302,3-1-4,135.9
157302,4-1-3,128.9
157302,5-1-3,359.2
157302,6-1-3,1563
157302,1-2-5,10.8
157302,2-1-5,84.2
157302,3-1-5,264.5
157302,4-1-5,120.3
157302,5-1-4,252
157302,6-1-4,1266
157302,1-2-6,33.1
157302,2-1-6,151.8
157302,3-1-6,410.4
157302,4-1-6,162.5
157302,5-1-6,483.3
157302,6-1-5,2710
157302,1-3-2,13.4
157302,2-3-1,214.9
157302,3-2-1,320.4
157302,4-2-1,96.3
157302,5-2-1,501.9
157302,6-2-1,2078
157302,1-3-4,14.5
157302,2-3-4,320.6
157302,3-2-4,398.5
157302,4-2-3,356.2
157302,5-2-3,1191
157302,6-2-3,3643
157302,1-3-5,29.2
157302,2-3-5,806.2
157302,3-2-5,913.9
157302,4-2-5,342.1
157302,5-2-4,784.8
157302,6-2-4,2634
157302,1-3-6,61.3
157302,2-3-6,1111
157302,3-2-6,1161
157302,4-2-6,446.4
157302,5-2-6,1272
157302,6-2-5,4219
157302,1-4-2,8
157302,2-4-1,82.6
157302,3-4-1,273.4
157302,4-3-1,336.2
157302,5-3-1,887.8
157302,6-3-1,2819
157302,1-4-3,17.8
157302,2-4-3,246.9
157302,3-4-2,399.3
157302,4-3-2,514.8
157302,5-3-2,1631
157302,6-3-2,3574
157302,1-4-5,24.3
157302,2-4-5,365.8
157302,3-4-5,733.5
157302,4-3-5,875.4
157302,5-3-4,1798
157302,6-3-4,3421
157302,1-4-6,41.6
157302,2-4-6,450.7
157302,3-4-6,900.7
157302,4-3-6,947.8
157302,5-3-6,2033
157302,6-3-5,3740
157302,1-5-2,24.6
157302,2-5-1,424.4
157302,3-5-1,740.2
157302,4-5-1,250.5
157302,5-4-1,539.5
157302,6-4-1,1968
157302,1-5-3,51.5
157302,2-5-3,1129
157302,3-5-2,1287
157302,4-5-2,380.1
157302,5-4-2,806.2
157302,6-4-2,2338
157302,1-5-4,40
157302,2-5-4,707.6
157302,3-5-4,1314
157302,4-5-3,756.2
157302,5-4-3,1492
157302,6-4-3,4008
157302,1-5-6,113.6
157302,2-5-6,1304
157302,3-5-6,1635
157302,4-5-6,437.3
157302,5-4-6,1050
157302,6-4-5,3817
157302,1-6-2,179.7
157302,2-6-1,1093
157302,3-6-1,1529
157302,4-6-1,503.7
157302,5-6-1,1529
157302,6-5-1,3083
157302,1-6-3,270
157302,2-6-3,2183
157302,3-6-2,2166
157302,4-6-2,674.4
157302,5-6-2,1996
157302,6-5-2,3817
157302,1-6-4,207.5
157302,2-6-4,1149
157302,3-6-4,2299
157302,4-6-3,1249
157302,5-6-3,2357
157302,6-5-3,3716
157302,1-6-5,273.5
157302,2-6-5,2271
157302,3-6-5,2253
157302,4-6-5,758.3
157302,5-6-4,2117
157302,6-5-4,3360
157339,1-2-3,11.4
157339,2-1-3,62.7
157339,3-1-2,30.7
157339,4-1-2,109.9
157339,5-1-2,160.7
157339,6-1-2,1036
157339,1-2-4,18.7
157339,2-1-4,84.5
157339,3-1-4,24.4
157339,4-1-3,107.4
157339,5-1-3,116.6
157339,6-1-3,726.4
157339,1-2-5,21.7
157339,2-1-5,119.6
157339,3-1-5,23.3
157339,4-1-5,125.9
157339,5-1-4,198.2
157339,6-1-4,1177
157339,1-2-6,85.8
157339,2-1-6,303.4
157339,3-1-6,74.7
157339,4-1-6,251.1
157339,5-1-6,272.9
157339,6-1-5,1193
157339,1-3-2,8.7
157339,2-3-1,126.5
157339,3-2-1,74.1
157339,4-2-1,163.8
157339,5-2-1,273.5
157339,6-2-1,1687
157339,1-3-4,8.5
157339,2-3-4,207.4
157339,3-2-4,97.8
157339,4-2-3,232.9
157339,5-2-3,489.8
157339,6-2-3,2306
157339,1-3-5,9
157339,2-3-5,300.5
157339,3-2-5,146.7
157339,4-2-5,315.2
157339,5-2-4,814
157339,6-2-4,3041
157339,1-3-6,35.3
157339,2-3-6,629
157339,3-2-6,326.4
157339,4-2-6,864.9
157339,5-2-6,947.9
157339,6-2-5,3110
157339,1-4-2,24.6
157339,2-4-1,190.6
157339,3-4-1,45.7
157339,4-3-1,133.5
157339,5-3-1,151.1
157339,6-3-1,1056
157339,1-4-3,19.3
157339,2-4-3,307.2
157339,3-4-2,95.8
157339,4-3-2,203.8
157339,5-3-2,347.7
157339,6-3-2,2306
157339,1-4-5,32.9
157339,2-4-5,515.4
157339,3-4-5,64.2
157339,4-3-5,211.6
157339,5-3-4,306.5
157339,6-3-4,1719
157339,1-4-6,73.1
157339,2-4-6,1085
157339,3-4-6,124.4
157339,4-3-6,305.8
157339,5-3-6,387.6
157339,6-3-5,1991
157339,1-5-2,36.6
157339,2-5-1,287.1
157339,3-5-1,54.1
157339,4-5-1,171.9
157339,5-4-1,273.5
157339,6-4-1,1512
157339,1-5-3,25
157339,2-5-3,474.7
157339,3-5-2,127.2
157339,4-5-2,327.5
157339,5-4-2,645.1
157339,6-4-2,2611
157339,1-5-4,55.5
157339,2-5-4,736.1
157339,3-5-4,90.3
157339,4-5-3,295.7
157339,5-4-3,472.3
157339,6-4-3,1949
157339,1-5-6,81.1
157339,2-5-6,836.2
157339,3-5-6,144.3
157339,4-5-6,324.8
157339,5-4-6,663.7
157339,6-4-5,2636
157339,1-6-2,209.3
157339,2-6-1,1235
157339,3-6-1,289.8
157339,4-6-1,459
157339,5-6-1,627.6
157339,6-5-1,1555
157339,1-6-3,145
157339,2-6-3,1845
157339,3-6-2,698.9
157339,4-6-2,1203
157339,5-6-2,1219
157339,6-5-2,3218
157339,1-6-4,230.6
157339,2-6-4,2196
157339,3-6-4,357.6
157339,4-6-3,846.4
157339,5-6-3,1010
157339,6-5-3,2268
157339,1-6-5,235.9
157339,2-6-5,2005
157339,3-6-5,397.1
157339,4-6-5,884.3
157339,5-6-4,1036
157339,6-5-4,3008
157340,1-2-3,28.6
157340,2-1-3,38.9
157340,3-1-2,173.7
157340,4-1-2,99.9
157340,5-1-2,59.6
157340,6-1-2,221
157340,1-2-4,24.9
157340,2-1-4,32.5
157340,3-1-4,346.9
157340,4-1-3,291.4
157340,5-1-3,213.7
157340,6-1-3,572.1
157340,1-2-5,14
157340,2-1-5,15.5
157340,3-1-5,159.5
157340,4-1-5,70.3
157340,5-1-4,106.7
157340,6-1-4,500.8
157340,1-2-6,26.5
157340,2-1-6,30.4
157340,3-1-6,240.1
157340,4-1-6,91.4
157340,5-1-6,65.5
157340,6-1-5,202.5
157340,1-3-2,55.6
157340,2-3-1,91.2
157340,3-2-1,197.7
157340,4-2-1,113.4
157340,5-2-1,73.4
157340,6-2-1,255.6
157340,1-3-4,114.5
157340,2-3-4,129
157340,3-2-4,257.2
157340,4-2-3,243.1
157340,5-2-3,185.4
157340,6-2-3,589.3
157340,1-3-5,67.8
157340,2-3-5,78.2
157340,3-2-5,122.6
157340,4-2-5,57.1
157340,5-2-4,110.3
157340,6-2-4,369.6
157340,1-3-6,104.1
157340,2-3-6,119.2
157340,3-2-6,179.5
157340,4-2-6,83.1
157340,5-2-6,63.7
157340,6-2-5,160.2
157340,1-4-2,54.8
157340,2-4-1,78.8
157340,3-4-1,541.5
157340,4-3-1,509.5
157340,5-3-1,408.2
157340,6-3-1,1044
157340,1-4-3,142.7
157340,2-4-3,157.8
157340,3-4-2,330.9
157340,4-3-2,383.6
157340,5-3-2,299.8
157340,6-3-2,952.9
157340,1-4-5,62.5
157340,2-4-5,59.5
157340,3-4-5,240.9
157340,4-3-5,210.4
157340,5-3-4,531.7
157340,6-3-4,1040
157340,1-4-6,79.7
157340,2-4-6,84.7
157340,3-4-6,339.7
157340,4-3-6,259
157340,5-3-6,253.4
157340,6-3-5,1001
157340,1-5-2,25.7
157340,2-5-1,31.2
157340,3-5-1,211.1
157340,4-5-1,44.3
157340,5-4-1,86.7
157340,6-4-1,571
157340,1-5-3,88.5
157340,2-5-3,89.1
157340,3-5-2,157.5
157340,4-5-2,35.4
157340,5-4-2,79
157340,6-4-2,407.6
157340,1-5-4,69.8
157340,2-5-4,67.4
157340,3-5-4,273.5
157340,4-5-3,142.4
157340,5-4-3,349.8
157340,6-4-3,886.7
157340,1-5-6,42.3
157340,2-5-6,34.9
157340,3-5-6,161.5
157340,4-5-6,26.4
157340,5-4-6,51.8
157340,6-4-5,235.9
157340,1-6-2,83.5
157340,2-6-1,102.1
157340,3-6-1,685.7
157340,4-6-1,99
157340,5-6-1,85.2
157340,6-5-1,199.8
157340,1-6-3,232.5
157340,2-6-3,219
157340,3-6-2,392.3
157340,4-6-2,87.7
157340,5-6-2,71.4
157340,6-5-2,159.3
157340,1-6-4,147.7
157340,2-6-4,156.4
157340,3-6-4,722.9
157340,4-6-3,300.1
157340,5-6-3,280.6
157340,6-5-3,592.9
157340,1-6-5,90.1
157340,2-6-5,74.5
157340,3-6-5,368.7
157340,4-6-5,56.4
157340,5-6-4,101
157340,6-5-4,219.5
157341,1-2-3,25.1
157341,2-1-3,81.1
157341,3-1-2,51.9
157341,4-1-2,119.9
157341,5-1-2,29.9
157341,6-1-2,587
157341,1-2-4,27.7
157341,2-1-4,92.9
157341,3-1-4,45.3
157341,4-1-3,184.5
157341,5-1-3,49.5
157341,6-1-3,921.4
157341,1-2-5,12.5
157341,2-1-5,56.4
157341,3-1-5,38.1
157341,4-1-5,51.5
157341,5-1-4,43.8
157341,6-1-4,621.6
157341,1-2-6,59.6
157341,2-1-6,158
157341,3-1-6,68
157341,4-1-6,113.8
157341,5-1-6,44.1
157341,6-1-5,459.2
157341,1-3-2,27.3
157341,2-3-1,145.3
157341,3-2-1,90.7
157341,4-2-1,226.3
157341,5-2-1,71.6
157341,6-2-1,1221
157341,1-3-4,31
157341,2-3-4,221.9
157341,3-2-4,119.7
157341,4-2-3,471.3
157341,5-2-3,164.9
157341,6-2-3,1977
157341,1-3-5,15.3
157341,2-3-5,181.7
157341,3-2-5,89.1
157341,4-2-5,175.3
157341,5-2-4,162.7
157341,6-2-4,2019
157341,1-3-6,56.5
157341,2-3-6,342.6
157341,3-2-6,162
157341,4-2-6,241
157341,5-2-6,144.4
157341,6-2-5,1095
157341,1-4-2,39
157341,2-4-1,205.8
157341,3-4-1,124.9
157341,4-3-1,306.8
157341,5-3-1,126.4
157341,6-3-1,1626
157341,1-4-3,52
157341,2-4-3,323.5
157341,3-4-2,182
157341,4-3-2,496.9
157341,5-3-2,212.4
157341,6-3-2,2454
157341,1-4-5,27
157341,2-4-5,202.5
157341,3-4-5,90.3
157341,4-3-5,255.8
157341,5-3-4,238.4
157341,6-3-4,1825
157341,1-4-6,62.6
157341,2-4-6,352.8
157341,3-4-6,128.2
157341,4-3-6,317
157341,5-3-6,232.9
157341,6-3-5,1460
157341,1-5-2,13.5
157341,2-5-1,100.3
157341,3-5-1,89.5
157341,4-5-1,50.2
157341,5-4-1,58.7
157341,6-4-1,1039
157341,1-5-3,18.2
157341,2-5-3,233.1
157341,3-5-2,142
157341,4-5-2,88.8
157341,5-4-2,108.7
157341,6-4-2,1665
157341,1-5-4,25.5
157341,2-5-4,231.2
157341,3-5-4,101.5
157341,4-5-3,165.8
157341,5-4-3,198.8
157341,6-4-3,1704
157341,1-5-6,33.3
157341,2-5-6,307.1
157341,3-5-6,110.4
157341,4-5-6,63.6
157341,5-4-6,67.4
157341,6-4-5,811.1
157341,1-6-2,180
157341,2-6-1,551.7
157341,3-6-1,374.1
157341,4-6-1,238.2
157341,5-6-1,96.7
157341,6-5-1,530.2
157341,1-6-3,202.5
157341,2-6-3,1039
157341,3-6-2,568.3
157341,4-6-2,363.6
157341,5-6-2,171.5
157341,6-5-2,876
157341,1-6-4,215.3
157341,2-6-4,918.4
157341,3-6-4,395.4
157341,4-6-3,533.1
157341,5-6-3,293.2
157341,6-5-3,1216
157341,1-6-5,115.9
157341,2-6-5,706.5
157341,3-6-5,333.7
157341,4-6-5,184.6
157341,5-6-4,190.4
157341,6-5-4,795.3
157342,1-2-3,15.5
157342,2-1-3,58.8
157342,3-1-2,21.4
157342,4-1-2,73.9
157342,5-1-2,732
157342,6-1-2,1905
157342,1-2-4,23.2
157342,2-1-4,71.7
157342,3-1-4,9.3
157342,4-1-3,34
157342,5-1-3,413.3
157342,6-1-3,2159
157342,1-2-5,101.8
157342,2-1-5,215.2
157342,3-1-5,36.6
157342,4-1-5,93.6
157342,5-1-4,496.4
157342,6-1-4,3599
157342,1-2-6,326.3
157342,2-1-6,875.5
157342,3-1-6,192.8
157342,4-1-6,535.4
157342,5-1-6,1751
157342,6-1-5,4983
157342,1-3-2,8.8
157342,2-3-1,69.6
157342,3-2-1,48.4
157342,4-2-1,152.3
157342,5-2-1,1098
157342,6-2-1,3365
157342,1-3-4,5.6
157342,2-3-4,64.8
157342,3-2-4,42.4
157342,4-2-3,113.2
157342,5-2-3,719.8
157342,6-2-3,3755
157342,1-3-5,33.5
157342,2-3-5,224.5
157342,3-2-5,110.3
157342,4-2-5,297.2
157342,5-2-4,804.8
157342,6-2-4,5183
157342,1-3-6,161.9
157342,2-3-6,1000
157342,3-2-6,629
157342,4-2-6,1131
157342,5-2-6,1963
157342,6-2-5,5514
157342,1-4-2,20.3
157342,2-4-1,110.2
157342,3-4-1,13.7
157342,4-3-1,31.2
157342,5-3-1,479.9
157342,6-3-1,2847
157342,1-4-3,10.9
157342,2-4-3,95.1
157342,3-4-2,23.6
157342,4-3-2,57.7
157342,5-3-2,624.4
157342,6-3-2,4468
157342,1-4-5,56
157342,2-4-5,313.7
157342,3-4-5,34.2
157342,4-3-5,73.5
157342,5-3-4,475.5
157342,6-3-4,2671
157342,1-4-6,274.2
157342,2-4-6,1282
157342,3-4-6,201.5
157342,4-3-6,422.7
157342,5-3-6,2196
157342,6-3-5,5081
157342,1-5-2,213.6
157342,2-5-1,825.3
157342,3-5-1,137.1
157342,4-5-1,165.4
157342,5-4-1,557.3
157342,6-4-1,4468
157342,1-5-3,137.4
157342,2-5-3,659.4
157342,3-5-2,204.7
157342,4-5-2,273.3
157342,5-4-2,812.4
157342,6-4-2,5399
157342,1-5-4,175.7
157342,2-5-4,764.4
157342,3-5-4,133.1
157342,4-5-3,173.9
157342,5-4-3,490.8
157342,6-4-3,3199
157342,1-5-6,764.4
157342,2-5-6,2591
157342,3-5-6,858.1
157342,4-5-6,771.3
157342,5-4-6,1877
157342,6-4-5,5183
157342,1-6-2,985.4
157342,2-6-1,2699
157342,3-6-1,825.3
157342,4-6-1,1640
157342,5-6-1,3811
157342,6-5-1,6320
157342,1-6-3,872.5
157342,2-6-3,3239
157342,3-6-2,1515
157342,4-6-2,2196
157342,5-6-2,3085
157342,6-5-2,5514
157342,1-6-4,1251
157342,2-6-4,3755
157342,3-6-4,945.8
157342,4-6-3,1251
157342,5-6-3,3926
157342,6-5-3,5890
157342,1-6-5,2141
157342,2-6-5,3702
157342,3-6-5,1506
157342,4-6-5,1948
157342,5-6-4,3755
157342,6-5-4,5288
157343,1-2-3,35.9
157343,2-1-3,95.1
157343,3-1-2,84.3
157343,4-1-2,154.6
157343,5-1-2,325.4
157343,6-1-2,370.3
157343,1-2-4,45.9
157343,2-1-4,100.8
157343,3-1-4,31.8
157343,4-1-3,105.1
157343,5-1-3,179
157343,6-1-3,182.3
157343,1-2-5,52.2
157343,2-1-5,114.4
157343,3-1-5,26.8
157343,4-1-5,89.6
157343,5-1-4,281.6
157343,6-1-4,229.7
157343,1-2-6,49.5
157343,2-1-6,96.1
157343,3-1-6,30.6
157343,4-1-6,70.4
157343,5-1-6,156.3
157343,6-1-5,256.6
157343,1-3-2,36
157343,2-3-1,149.7
157343,3-2-1,148.2
157343,4-2-1,193.6
157343,5-2-1,551.7
157343,6-2-1,598.7
157343,1-3-4,19.8
157343,2-3-4,112.6
157343,3-2-4,86.6
157343,4-2-3,187.5
157343,5-2-3,467.8
157343,6-2-3,444.5
157343,1-3-5,14.7
157343,2-3-5,132.7
157343,3-2-5,83.7
157343,4-2-5,132.6
157343,5-2-4,514.2
157343,6-2-4,415.1
157343,1-3-6,20.1
157343,2-3-6,111.3
157343,3-2-6,73.4
157343,4-2-6,99.3
157343,5-2-6,426.5
157343,6-2-5,543.6
157343,1-4-2,52.3
157343,2-4-1,166.4
157343,3-4-1,58.1
157343,4-3-1,120.5
157343,5-3-1,209.2
157343,6-3-1,214.8
157343,1-4-3,30.9
157343,2-4-3,148.7
157343,3-4-2,111.3
157343,4-3-2,197.9
157343,5-3-2,394.1
157343,6-3-2,425.9
157343,1-4-5,39.9
157343,2-4-5,158.5
157343,3-4-5,41.8
157343,4-3-5,96.5
157343,5-3-4,288.2
157343,6-3-4,234
157343,1-4-6,34.2
157343,2-4-6,117.9
157343,3-4-6,39
157343,4-3-6,79.9
157343,5-3-6,116.3
157343,6-3-5,140.4
157343,1-5-2,90.6
157343,2-5-1,294.3
157343,3-5-1,66.2
157343,4-5-1,84.1
157343,5-4-1,301.8
157343,6-4-1,273.3
157343,1-5-3,43.5
157343,2-5-3,294
157343,3-5-2,131.5
157343,4-5-2,129
157343,5-4-2,397.2
157343,6-4-2,436
157343,1-5-4,71
157343,2-5-4,306.5
157343,3-5-4,76.7
157343,4-5-3,104.1
157343,5-4-3,293.4
157343,6-4-3,259.8
157343,1-5-6,60.4
157343,2-5-6,219.4
157343,3-5-6,40.7
157343,4-5-6,53.1
157343,5-4-6,157.8
157343,6-4-5,245.7
157343,1-6-2,110.9
157343,2-6-1,238.8
157343,3-6-1,79.4
157343,4-6-1,73.8
157343,5-6-1,181.6
157343,6-5-1,338.9
157343,1-6-3,59.9
157343,2-6-3,218.3
157343,3-6-2,157.3
157343,4-6-2,114.5
157343,5-6-2,381.3
157343,6-5-2,637.5
157343,1-6-4,77.7
157343,2-6-4,200.6
157343,3-6-4,75
157343,4-6-3,88.4
157343,5-6-3,136.8
157343,6-5-3,182.5
157343,1-6-5,89.1
157343,2-6-5,240.7
157343,3-6-5,56.6
157343,4-6-5,65.5
157343,5-6-4,215.1
157343,6-5-4,300.5
157344,1-2-3,7.8
157344,2-1-3,30.2
157344,3-1-2,32.6
157344,4-1-2,300.5
157344,5-1-2,85.2
157344,6-1-2,1883
157344,1-2-4,23.3
157344,2-1-4,67.3
157344,3-1-4,52.5
157344,4-1-3,213.3
157344,5-1-3,64
157344,6-1-3,1634
157344,1-2-5,9.9
157344,2-1-5,34.8
157344,3-1-5,22.2
157344,4-1-5,237.3
157344,5-1-4,148.5
157344,6-1-4,2126
157344,1-2-6,202.8
157344,2-1-6,610.3
157344,3-1-6,278.5
157344,4-1-6,778.5
157344,5-1-6,447.4
157344,6-1-5,2441
157344,1-3-2,9.7
157344,2-3-1,46.5
157344,3-2-1,52.9
157344,4-2-1,455.6
157344,5-2-1,129.6
157344,6-2-1,3409
157344,1-3-4,19.4
157344,2-3-4,105.1
157344,3-2-4,87.2
157344,4-2-3,347.5
157344,5-2-3,129.6
157344,6-2-3,3802
157344,1-3-5,9.5
157344,2-3-5,51.6
157344,3-2-5,40.9
157344,4-2-5,360.2
157344,5-2-4,228.8
157344,6-2-4,5070
157344,1-3-6,163.9
157344,2-3-6,668
157344,3-2-6,642
157344,4-2-6,1814
157344,5-2-6,1156
157344,6-2-5,3955
157344,1-4-2,54.9
157344,2-4-1,212.8
157344,3-4-1,107.1
157344,4-3-1,242
157344,5-3-1,83.4
157344,6-3-1,2273
157344,1-4-3,53.4
157344,2-4-3,239.7
157344,3-4-2,110.1
157344,4-3-2,280.5
157344,5-3-2,111.5
157344,6-3-2,3531
157344,1-4-5,50.6
157344,2-4-5,201.5
157344,3-4-5,73.3
157344,4-3-5,220.7
157344,5-3-4,177.9
157344,6-3-4,2411
157344,1-4-6,225.7
157344,2-4-6,1582
157344,3-4-6,672.6
157344,4-3-6,807.1
157344,5-3-6,552.3
157344,6-3-5,2354
157344,1-5-2,19.6
157344,2-5-1,83.6
157344,3-5-1,34.3
157344,4-5-1,267.9
157344,5-4-1,258.5
157344,6-4-1,3595
157344,1-5-3,18.6
157344,2-5-3,92.5
157344,3-5-2,41.4
157344,4-5-2,291.2
157344,5-4-2,261.2
157344,6-4-2,4708
157344,1-5-4,47.9
157344,2-5-4,162.6
157344,3-5-4,59.9
157344,4-5-3,231.5
157344,5-4-3,233.2
157344,6-4-3,3241
157344,1-5-6,212.4
157344,2-5-6,841.5
157344,3-5-6,336.8
157344,4-5-6,817.1
157344,5-4-6,932.8
157344,6-4-5,4394
157344,1-6-2,1035
157344,2-6-1,2636
157344,3-6-1,1035
157344,4-6-1,1901
157344,5-6-1,1607
157344,6-5-1,3877
157344,1-6-3,863.5
157344,2-6-3,3089
157344,3-6-2,1704
157344,4-6-2,2951
157344,5-6-2,1865
157344,6-5-2,3351
157344,1-6-4,1284
157344,2-6-4,3295
157344,3-6-4,1382
157344,4-6-3,2326
157344,5-6-3,1797
157344,6-5-3,3241
157344,1-6-5,875
157344,2-6-5,2785
157344,3-6-5,1205
157344,4-6-5,3089
157344,5-6-4,2672
157344,6-5-4,3469
157345,1-2-3,48.3
157345,2-1-3,75.6
157345,3-1-2,113.7
157345,4-1-2,230.7
157345,5-1-2,30.3
157345,6-1-2,450.7
157345,1-2-4,71.7
157345,2-1-4,102.6
157345,3-1-4,97.6
157345,4-1-3,219.2
157345,5-1-3,23
157345,6-1-3,465.6
157345,1-2-5,31.7
157345,2-1-5,44.4
157345,3-1-5,36.5
157345,4-1-5,104.5
157345,5-1-4,52.9
157345,6-1-4,684
157345,1-2-6,86.1
157345,2-1-6,143.9
157345,3-1-6,120.4
157345,4-1-6,191.3
157345,5-1-6,30.3
157345,6-1-5,227
157345,1-3-2,56.3
157345,2-3-1,126.1
157345,3-2-1,130.6
157345,4-2-1,332.4
157345,5-2-1,45.6
157345,6-2-1,585.6
157345,1-3-4,61.3
157345,2-3-4,148.6
157345,3-2-4,107.1
157345,4-2-3,362
157345,5-2-3,55
157345,6-2-3,909.4
157345,1-3-5,19.7
157345,2-3-5,68.5
157345,3-2-5,57.2
157345,4-2-5,136.9
157345,5-2-4,96.5
157345,6-2-4,1171
157345,1-3-6,69
157345,2-3-6,215.6
157345,3-2-6,194.7
157345,4-2-6,369.8
157345,5-2-6,56.3
157345,6-2-5,364.6
157345,1-4-2,91.5
157345,2-4-1,196.4
157345,3-4-1,118
157345,4-3-1,343.5
157345,5-3-1,33.8
157345,6-3-1,813.7
157345,1-4-3,75
157345,2-4-3,187.1
157345,3-4-2,133.2
157345,4-3-2,369.8
157345,5-3-2,61.5
157345,6-3-2,1227
157345,1-4-5,50.3
157345,2-4-5,99.6
157345,3-4-5,72.1
157345,4-3-5,190.1
157345,5-3-4,84.7
157345,6-3-4,1236
157345,1-4-6,96.7
157345,2-4-6,264.7
157345,3-4-6,211.7
157345,4-3-6,372.5
157345,5-3-6,62.4
157345,6-3-5,490.8
157345,1-5-2,27.1
157345,2-5-1,57.6
157345,3-5-1,41.2
157345,4-5-1,85.7
157345,5-4-1,76.3
157345,6-4-1,840.2
157345,1-5-3,18.7
157345,2-5-3,60.5
157345,3-5-2,52.7
157345,4-5-2,124.8
157345,5-4-2,106.1
157345,6-4-2,1267
157345,1-5-4,43.5
157345,2-5-4,75.4
157345,3-5-4,57.4
157345,4-5-3,139.2
157345,5-4-3,125.1
157345,6-4-3,1405
157345,1-5-6,33
157345,2-5-6,77.7
157345,3-5-6,67
157345,4-5-6,93
157345,5-4-6,73
157345,6-4-5,500.3
157345,1-6-2,224.7
157345,2-6-1,391.4
157345,3-6-1,277
157345,4-6-1,300.2
157345,5-6-1,37.6
157345,6-5-1,186.2
157345,1-6-3,179.3
157345,2-6-3,420.1
157345,3-6-2,421.2
157345,4-6-2,510.2
157345,5-6-2,59.8
157345,6-5-2,231.7
157345,1-6-4,208.9
157345,2-6-4,444.2
157345,3-6-4,380.8
157345,4-6-3,495.5
157345,5-6-3,60.5
157345,6-5-3,258.9
157345,1-6-5,100.8
157345,2-6-5,184.4
157345,3-6-5,202.6
157345,4-6-5,203.4
157345,5-6-4,78.4
157345,6-5-4,286.8
157346,1-2-3,9.9
157346,2-1-3,44.6
157346,3-1-2,12.9
157346,4-1-2,170.2
157346,5-1-2,94.1
157346,6-1-2,833.3
157346,1-2-4,34.9
157346,2-1-4,121.4
157346,3-1-4,29.7
157346,4-1-3,162.5
157346,5-1-3,61.5
157346,6-1-3,980.1
157346,1-2-5,22.1
157346,2-1-5,86.2
157346,3-1-5,15.3
157346,4-1-5,101.8
157346,5-1-4,99.6
157346,6-1-4,1688
157346,1-2-6,196.8
157346,2-1-6,515.4
157346,3-1-6,98.5
157346,4-1-6,343.9
157346,5-1-6,207.4
157346,6-1-5,692.9
157346,1-3-2,7.5
157346,2-3-1,98
157346,3-2-1,34.6
157346,4-2-1,297.4
157346,5-2-1,181.3
157346,6-2-1,1045
157346,1-3-4,18.5
157346,2-3-4,224.6
157346,3-2-4,97.9
157346,4-2-3,374.5
157346,5-2-3,234.9
157346,6-2-3,2125
157346,1-3-5,9.2
157346,2-3-5,153.6
157346,3-2-5,61.4
157346,4-2-5,284
157346,5-2-4,321.1
157346,6-2-4,1589
157346,1-3-6,81.5
157346,2-3-6,719.2
157346,3-2-6,345.1
157346,4-2-6,678
157346,5-2-6,643.4
157346,6-2-5,2149
157346,1-4-2,58.1
157346,2-4-1,231.2
157346,3-4-1,65.6
157346,4-3-1,205.6
157346,5-3-1,78.7
157346,6-3-1,1189
157346,1-4-3,39.5
157346,2-4-3,345.1
157346,3-4-2,116.6
157346,4-3-2,362.3
157346,5-3-2,187.6
157346,6-3-2,1891
157346,1-4-5,45
157346,2-4-5,310.6
157346,3-4-5,69.2
157346,4-3-5,207.4
157346,5-3-4,177.2
157346,6-3-4,2101
157346,1-4-6,186.9
157346,2-4-6,913.8
157346,3-4-6,289.6
157346,4-3-6,698
157346,5-3-6,383.7
157346,6-3-5,1390
157346,1-5-2,33.8
157346,2-5-1,200.1
157346,3-5-1,32.4
157346,4-5-1,91.5
157346,5-4-1,122.9
157346,6-4-1,1455
157346,1-5-3,21.5
157346,2-5-3,254.5
157346,3-5-2,71.5
157346,4-5-2,140.5
157346,5-4-2,197
157346,6-4-2,1784
157346,1-5-4,43.4
157346,2-5-4,365.8
157346,3-5-4,63.9
157346,4-5-3,172.5
157346,5-4-3,209
157346,6-4-3,2425
157346,1-5-6,122.9
157346,2-5-6,719.2
157346,3-5-6,162.6
157346,4-5-6,258
157346,5-4-6,438.8
157346,6-4-5,1525
157346,1-6-2,480.1
157346,2-6-1,1477
157346,3-6-1,359.6
157346,4-6-1,744.7
157346,5-6-1,554.7
157346,6-5-1,762.7
157346,1-6-3,310.1
157346,2-6-3,1751
157346,3-6-2,636.9
157346,4-6-2,945.8
157346,5-6-2,844.4
157346,6-5-2,1022
157346,1-6-4,505.7
157346,2-6-4,1589
157346,3-6-4,596.7
157346,4-6-3,1167
157346,5-6-3,753.6
157346,6-5-3,1550
157346,1-6-5,397.4
157346,2-6-5,1891
157346,3-6-5,444
157346,4-6-5,859.8
157346,5-6-4,896.5
157346,6-5-4,995.6
157347,1-2-3,8
157347,2-1-3,21.7
157347,3-1-2,36.4
157347,4-1-2,144.1
157347,5-1-2,169.4
157347,6-1-2,868
157347,1-2-4,14.7
157347,2-1-4,37.1
157347,3-1-4,30.3
157347,4-1-3,109.6
157347,5-1-3,157.3
157347,6-1-3,835
157347,1-2-5,20
157347,2-1-5,47
157347,3-1-5,44.7
157347,4-1-5,126.2
157347,5-1-4,216.2
157347,6-1-4,1094
157347,1-2-6,45.6
157347,2-1-6,93.5
157347,3-1-6,75.7
157347,4-1-6,162.1
157347,5-1-6,209.5
157347,6-1-5,1072
157347,1-3-2,10
157347,2-3-1,45.7
157347,3-2-1,60
157347,4-2-1,162.5
157347,5-2-1,274.5
157347,6-2-1,1204
157347,1-3-4,16.9
157347,2-3-4,82.7
157347,3-2-4,68.6
157347,4-2-3,209.9
157347,5-2-3,325.3
157347,6-2-3,1346
157347,1-3-5,14.2
157347,2-3-5,99.2
157347,3-2-5,103.4
157347,4-2-5,206.9
157347,5-2-4,398
157347,6-2-4,1152
157347,1-3-6,38.9
157347,2-3-6,187.9
157347,3-2-6,167.5
157347,4-2-6,246.3
157347,5-2-6,382.9
157347,6-2-5,1490
157347,1-4-2,32.8
157347,2-4-1,90.4
157347,3-4-1,61.3
157347,4-3-1,141.3
157347,5-3-1,221
157347,6-3-1,945.8
157347,1-4-3,34.6
157347,2-4-3,114.4
157347,3-4-2,95.6
157347,4-3-2,241.2
157347,5-3-2,303.3
157347,6-3-2,1194
157347,1-4-5,66.9
157347,2-4-5,198.5
157347,3-4-5,86.2
157347,4-3-5,173.9
157347,5-3-4,335.7
157347,6-3-4,1216
157347,1-4-6,93.3
157347,2-4-6,262
157347,3-4-6,115.7
157347,4-3-6,238.3
157347,5-3-6,352.7
157347,6-3-5,966.6
157347,1-5-2,47
157347,2-5-1,140.7
157347,3-5-1,95.4
157347,4-5-1,114.5
157347,5-4-1,197.6
157347,6-4-1,1280
157347,1-5-3,41.2
157347,2-5-3,190.1
157347,3-5-2,136
157347,4-5-2,177.8
157347,5-4-2,302.2
157347,6-4-2,897.5
157347,1-5-4,97.5
157347,2-5-4,282.5
157347,3-5-4,137
157347,4-5-3,159.7
157347,5-4-3,291.5
157347,6-4-3,1332
157347,1-5-6,91.6
157347,2-5-6,331.5
157347,3-5-6,158.8
157347,4-5-6,149.1
157347,5-4-6,260.4
157347,6-4-5,1507
157347,1-6-2,185.3
157347,2-6-1,350.9
157347,3-6-1,241.4
157347,4-6-1,293.2
157347,5-6-1,414.9
157347,6-5-1,1077
157347,1-6-3,164.6
157347,2-6-3,566.2
157347,3-6-2,347.6
157347,4-6-2,442
157347,5-6-2,517.4
157347,6-5-2,1434
157347,1-6-4,218.9
157347,2-6-4,532
157347,3-6-4,301.5
157347,4-6-3,378
157347,5-6-3,469.5
157347,6-5-3,963
157347,1-6-5,197.6
157347,2-6-5,623.8
157347,3-6-5,320.6
157347,4-6-5,344
157347,5-6-4,571.1
157347,6-5-4,1507
157348,1-2-3,5.1
157348,2-1-3,21.6
157348,3-1-2,32.3
157348,4-1-2,119.6
157348,5-1-2,273.8
157348,6-1-2,832.5
157348,1-2-4,10.3
157348,2-1-4,35.3
157348,3-1-4,41.6
157348,4-1-3,145.6
157348,5-1-3,180.3
157348,6-1-3,832.5
157348,1-2-5,29.2
157348,2-1-5,92.2
157348,3-1-5,67.6
157348,4-1-5,232.7
157348,5-1-4,380.4
157348,6-1-4,1178
157348,1-2-6,38
157348,2-1-6,109.7
157348,3-1-6,92.6
157348,4-1-6,246.5
157348,5-1-6,427.8
157348,6-1-5,1930
157348,1-3-2,6.7
157348,2-3-1,47
157348,3-2-1,59.7
157348,4-2-1,179.7
157348,5-2-1,472.7
157348,6-2-1,1262
157348,1-3-4,9.9
157348,2-3-4,70.4
157348,3-2-4,84.3
157348,4-2-3,240.3
157348,5-2-3,368.8
157348,6-2-3,957.3
157348,1-3-5,23.4
157348,2-3-5,171.8
157348,3-2-5,158.6
157348,4-2-5,381
157348,5-2-4,965.4
157348,6-2-4,1584
157348,1-3-6,30.2
157348,2-3-6,195.7
157348,3-2-6,169.6
157348,4-2-6,389.4
157348,5-2-6,1021
157348,6-2-5,2252
157348,1-4-2,22.1
157348,2-4-1,96.5
157348,3-4-1,91.9
157348,4-3-1,184.2
157348,5-3-1,332.5
157348,6-3-1,647.2
157348,1-4-3,23.6
157348,2-4-3,115.1
157348,3-4-2,104.6
157348,4-3-2,280.2
157348,5-3-2,441.8
157348,6-3-2,1016
157348,1-4-5,67.4
157348,2-4-5,284
157348,3-4-5,186.1
157348,4-3-5,525.7
157348,5-3-4,614.3
157348,6-3-4,1104
157348,1-4-6,67
157348,2-4-6,252.2
157348,3-4-6,201
157348,4-3-6,471.8
157348,5-3-6,652.7
157348,6-3-5,1392
157348,1-5-2,80.5
157348,2-5-1,400.9
157348,3-5-1,245.7
157348,4-5-1,330.1
157348,5-4-1,619.3
157348,6-4-1,1202
157348,1-5-3,53
157348,2-5-3,379.1
157348,3-5-2,319.1
157348,4-5-2,445.2
157348,5-4-2,1025
157348,6-4-2,1573
157348,1-5-4,120.1
157348,2-5-4,626
157348,3-5-4,524.5
157348,4-5-3,440.1
157348,5-4-3,621
157348,6-4-3,2167
157348,1-5-6,166.9
157348,2-5-6,867
157348,3-5-6,418.5
157348,4-5-6,458.6
157348,5-4-6,1030
157348,6-4-5,1235
157348,1-6-2,171
157348,2-6-1,540.6
157348,3-6-1,335.9
157348,4-6-1,441.8
157348,5-6-1,713.5
157348,6-5-1,1255
157348,1-6-3,137.6
157348,2-6-3,681.8
157348,3-6-2,516.3
157348,4-6-2,627.7
157348,5-6-2,1007
157348,6-5-2,2984
157348,1-6-4,226.3
157348,2-6-4,709.1
157348,3-6-4,671.8
157348,4-6-3,700.5
157348,5-6-3,937.8
157348,6-5-3,2252
157348,1-6-5,355.1
157348,2-6-5,1202
157348,3-6-5,876.9
157348,4-6-5,713.5
157348,5-6-4,1883
157348,6-5-4,1335
157349,1-2-3,6.3
157349,2-1-3,21.9
157349,3-1-2,48.2
157349,4-1-2,189.3
157349,5-1-2,402.5
157349,6-1-2,249.1
157349,1-2-4,12
157349,2-1-4,34.1
157349,3-1-4,61.3
157349,4-1-3,239.6
157349,5-1-3,459.4
157349,6-1-3,290.2
157349,1-2-5,22
157349,2-1-5,72.1
157349,3-1-5,127.1
157349,4-1-5,326
157349,5-1-4,662.8
157349,6-1-4,410.7
157349,1-2-6,27.1
157349,2-1-6,86.7
157349,3-1-6,158.3
157349,4-1-6,355.5
157349,5-1-6,435.4
157349,6-1-5,421.1
157349,1-3-2,10.3
157349,2-3-1,24.7
157349,3-2-1,46.7
157349,4-2-1,267
157349,5-2-1,497.4
157349,6-2-1,532
157349,1-3-4,17.4
157349,2-3-4,24.5
157349,3-2-4,36.1
157349,4-2-3,214.5
157349,5-2-3,670.6
157349,6-2-3,609.9
157349,1-3-5,25
157349,2-3-5,83.5
157349,3-2-5,101.5
157349,4-2-5,461.7
157349,5-2-4,829.9
157349,6-2-4,862.8
157349,1-3-6,33.7
157349,2-3-6,98.6
157349,3-2-6,137.7
157349,4-2-6,478.8
157349,5-2-6,832.4
157349,6-2-5,996.5
157349,1-4-2,33.4
157349,2-4-1,76.7
157349,3-4-1,81.7
157349,4-3-1,250.2
157349,5-3-1,669
157349,6-3-1,619.3
157349,1-4-3,41.9
157349,2-4-3,55.6
157349,3-4-2,71.4
157349,4-3-2,207.9
157349,5-3-2,758.7
157349,6-3-2,669
157349,1-4-5,80.2
157349,2-4-5,197.9
157349,3-4-5,150.3
157349,4-3-5,380.4
157349,5-3-4,813.2
157349,6-3-4,777.5
157349,1-4-6,79.5
157349,2-4-6,234.2
157349,3-4-6,198.1
157349,4-3-6,527
157349,5-3-6,1101
157349,6-3-5,1123
157349,1-5-2,41.8
157349,2-5-1,211.3
157349,3-5-1,328.7
157349,4-5-1,693.6
157349,5-4-1,1136
157349,6-4-1,1118
157349,1-5-3,47.3
157349,2-5-3,157.4
157349,3-5-2,247.1
157349,4-5-2,868.1
157349,5-4-2,1029
157349,6-4-2,1097
157349,1-5-4,93.7
157349,2-5-4,224.2
157349,3-5-4,226.2
157349,4-5-3,790.5
157349,5-4-3,1084
157349,6-4-3,1072
157349,1-5-6,56
157349,2-5-6,516.4
157349,3-5-6,533
157349,4-5-6,860.2
157349,5-4-6,1415
157349,6-4-5,1546
157349,1-6-2,42.1
157349,2-6-1,226.9
157349,3-6-1,308.9
157349,4-6-1,777.5
157349,5-6-1,526
157349,6-5-1,542.1
157349,1-6-3,49
157349,2-6-3,196.5
157349,3-6-2,303.6
157349,4-6-2,943.4
157349,5-6-2,1010
157349,6-5-2,1136
157349,1-6-4,93.9
157349,2-6-4,292.9
157349,3-6-4,298.2
157349,4-6-3,915.9
157349,5-6-3,1076
157349,6-5-3,1056
157349,1-6-5,67
157349,2-6-5,500.9
157349,3-6-5,466.2
157349,4-6-5,1145
157349,5-6-4,1328
157349,6-5-4,1429
