race_id,combo,odds
152923,1-2-3,4.6
152923,2-1-3,30.8
152923,3-1-2,35.8
152923,4-1-2,116.8
152923,5-1-2,95.8
152923,6-1-2,1407
152923,1-2-4,11.1
152923,2-1-4,63.9
152923,3-1-4,72.8
152923,4-1-3,159.8
152923,5-1-3,124.4
152923,6-1-3,2520
152923,1-2-5,10.4
152923,2-1-5,54.5
152923,3-1-5,46.4
152923,4-1-5,101.2
152923,5-1-4,236.3
152923,6-1-4,3270
152923,1-2-6,107.2
152923,2-1-6,418.7
152923,3-1-6,699.4
152923,4-1-6,623.7
152923,5-1-6,801.3
152923,6-1-5,3270
152923,1-3-2,5.4
152923,2-3-1,73.8
152923,3-2-1,71.7
152923,4-2-1,233.6
152923,5-2-1,215.3
152923,6-2-1,1680
152923,1-3-4,13.3
152923,2-3-4,243.4
152923,3-2-4,156.3
152923,4-2-3,362.2
152923,5-2-3,363.3
152923,6-2-3,2814
152923,1-3-5,9.5
152923,2-3-5,195.4
152923,3-2-5,173.8
152923,4-2-5,283.3
152923,5-2-4,461.8
152923,6-2-4,6722
152923,1-3-6,207.5
152923,2-3-6,1375
152923,3-2-6,1287
152923,4-2-6,1198
152923,5-2-6,1531
152923,6-2-5,4840
152923,1-4-2,29.2
152923,2-4-1,225.7
152923,3-4-1,194.2
152923,4-3-1,338.9
152923,5-3-1,243.9
152923,6-3-1,4033
152923,1-4-3,33.2
152923,2-4-3,392.8
152923,3-4-2,197.3
152923,4-3-2,550
152923,5-3-2,465.4
152923,6-3-2,4481
152923,1-4-5,44.2
152923,2-4-5,343.7
152923,3-4-5,313.4
152923,4-3-5,487.9
152923,5-3-4,864.3
152923,6-3-4,5762
152923,1-4-6,386.5
152923,2-4-6,1806
152923,3-4-6,1423
152923,4-3-6,1657
152923,5-3-6,2372
152923,6-3-5,1680
152923,1-5-2,23.5
152923,2-5-1,194.8
152923,3-5-1,126.3
152923,4-5-1,151.2
152923,5-4-1,286
152923,6-4-1,5762
152923,1-5-3,27.1
152923,2-5-3,329.7
152923,3-5-2,242.9
152923,4-5-2,213.4
152923,5-4-2,394.1
152923,6-4-2,6722
152923,1-5-4,65.5
152923,2-5-4,426
152923,3-5-4,376.9
152923,4-5-3,295.8
152923,5-4-3,661.2
152923,6-4-3,6050
152923,1-5-6,342.7
152923,2-5-6,1592
152923,3-5-6,1344
152923,4-5-6,602
152923,5-4-6,1061
152923,6-4-5,4321
152923,1-6-2,362.2
152923,2-6-1,1273
152923,3-6-1,1983
152923,4-6-1,2050
152923,5-6-1,1951
152923,6-5-1,4654
152923,1-6-3,1025
152923,2-6-3,2750
152923,3-6-2,2372
152923,4-6-2,1833
152923,5-6-2,2469
152923,6-5-2,6368
152923,1-6-4,846.1
152923,2-6-4,2881
152923,3-6-4,2283
152923,4-6-3,2814
152923,5-6-3,2951
152923,6-5-3,7562
152923,1-6-5,1016
152923,2-6-5,2689
152923,3-6-5,2630
152923,4-6-5,1983
152923,5-6-4,2240
152923,6-5-4,3781
152924,1-2-3,27.5
152924,2-1-3,71.5
152924,3-1-2,98.5
152924,4-1-2,949.6
152924,5-1-2,161.6
152924,6-1-2,11.7
152924,1-2-4,92.1
152924,2-1-4,224.9
152924,3-1-4,191.4
152924,4-1-3,983.1
152924,5-1-3,200.4
152924,6-1-3,17.7
152924,1-2-5,46.3
152924,2-1-5,119.8
152924,3-1-5,99.1
152924,4-1-5,784.6
152924,5-1-4,359.4
152924,6-1-4,87
152924,1-2-6,14.2
152924,2-1-6,46.8
152924,3-1-6,55.9
152924,4-1-6,443.3
152924,5-1-6,81
152924,6-1-5,30.4
152924,1-3-2,35.4
152924,2-3-1,119.9
152924,3-2-1,171.9
152924,4-2-1,1416
152924,5-2-1,381.5
152924,6-2-1,25.5
152924,1-3-4,127.7
152924,2-3-4,304.4
152924,3-2-4,380.7
152924,4-2-3,1404
152924,5-2-3,457.9
152924,6-2-3,31.2
152924,1-3-5,70.9
152924,2-3-5,181.2
152924,3-2-5,234.4
152924,4-2-5,1428
152924,5-2-4,1038
152924,6-2-4,137.2
152924,1-3-6,22.2
152924,2-3-6,72.7
152924,3-2-6,102.5
152924,4-2-6,650.3
152924,5-2-6,151.5
152924,6-2-5,47.2
152924,1-4-2,280.9
152924,2-4-1,452.9
152924,3-4-1,584.3
152924,4-3-1,1202
152924,5-3-1,310.6
152924,6-3-1,35
152924,1-4-3,291.1
152924,2-4-3,461.7
152924,3-4-2,630.7
152924,4-3-2,1492
152924,5-3-2,469.4
152924,6-3-2,38.9
152924,1-4-5,294.2
152924,2-4-5,1092
152924,3-4-5,690.6
152924,4-3-5,1347
152924,5-3-4,1238
152924,6-3-4,151.1
152924,1-4-6,151.9
152924,2-4-6,426.3
152924,3-4-6,376.4
152924,4-3-6,690.6
152924,5-3-6,165.6
152924,6-3-5,70.5
152924,1-5-2,117.1
152924,2-5-1,257.9
152924,3-5-1,196.6
152924,4-5-1,933.7
152924,5-4-1,870.5
152924,6-4-1,159.7
152924,1-5-3,132.8
152924,2-5-3,330.9
152924,3-5-2,336.2
152924,4-5-2,857.1
152924,5-4-2,1114
152924,6-4-2,210.4
152924,1-5-4,363.3
152924,2-5-4,898.5
152924,3-5-4,655.4
152924,4-5-3,1160
152924,5-4-3,1025
152924,6-4-3,193.6
152924,1-5-6,47.2
152924,2-5-6,135.5
152924,3-5-6,138.5
152924,4-5-6,480.2
152924,5-4-6,469.4
152924,6-4-5,240.8
152924,1-6-2,11.5
152924,2-6-1,48.6
152924,3-6-1,66.1
152924,4-6-1,430.7
152924,5-6-1,63.7
152924,6-5-1,41.4
152924,1-6-3,18.1
152924,2-6-3,65.3
152924,3-6-2,89.4
152924,4-6-2,546.1
152924,5-6-2,83
152924,6-5-2,51.7
152924,1-6-4,67.8
152924,2-6-4,235.7
152924,3-6-4,229.8
152924,4-6-3,551.6
152924,5-6-3,111.3
152924,6-5-3,64.4
152924,1-6-5,29.6
152924,2-6-5,86.8
152924,3-6-5,96
152924,4-6-5,474.8
152924,5-6-4,333.6
152924,6-5-4,163.6
152925,1-2-3,50.5
152925,2-1-3,53.2
152925,3-1-2,153.2
152925,4-1-2,175.7
152925,5-1-2,943.8
152925,6-1-2,105.1
152925,1-2-4,45.5
152925,2-1-4,41.5
152925,3-1-4,243
152925,4-1-3,426
152925,5-1-3,1345
152925,6-1-3,213.8
152925,1-2-5,100.6
152925,2-1-5,101.2
152925,3-1-5,405.7
152925,4-1-5,399.1
152925,5-1-4,1423
152925,6-1-4,187.3
152925,1-2-6,31.4
152925,2-1-6,34.8
152925,3-1-6,150.7
152925,4-1-6,193.2
152925,5-1-6,637.4
152925,6-1-5,243.3
152925,1-3-2,75
152925,2-3-1,58.7
152925,3-2-1,134
152925,4-2-1,147
152925,5-2-1,780
152925,6-2-1,76.5
152925,1-3-4,142.2
152925,2-3-4,21.6
152925,3-2-4,57.5
152925,4-2-3,97.8
152925,5-2-3,880.6
152925,6-2-3,52.3
152925,1-3-5,250.4
152925,2-3-5,65.8
152925,3-2-5,110
152925,4-2-5,113.2
152925,5-2-4,565.6
152925,6-2-4,32.6
152925,1-3-6,101.8
152925,2-3-6,18.6
152925,3-2-6,37.5
152925,4-2-6,35.3
152925,5-2-6,190
152925,6-2-5,64.5
152925,1-4-2,104.8
152925,2-4-1,41.8
152925,3-4-1,265.2
152925,4-3-1,423.9
152925,5-3-1,1877
152925,6-3-1,231.4
152925,1-4-3,196.5
152925,2-4-3,24.1
152925,3-4-2,94.6
152925,4-3-2,172.2
152925,5-3-2,938.6
152925,6-3-2,92.7
152925,1-4-5,273.7
152925,2-4-5,55.7
152925,3-4-5,212.7
152925,4-3-5,423.9
152925,5-3-4,1498
152925,6-3-4,139.2
152925,1-4-6,131.5
152925,2-4-6,11.9
152925,3-4-6,75.6
152925,4-3-6,150.5
152925,5-3-6,587
152925,6-3-5,172.5
152925,1-5-2,226.2
152925,2-5-1,200.5
152925,3-5-1,446
152925,4-5-1,365
152925,5-4-1,1067
152925,6-4-1,171.6
152925,1-5-3,593.1
152925,2-5-3,161.7
152925,3-5-2,187.7
152925,4-5-2,159.9
152925,5-4-2,474.5
152925,6-4-2,55
152925,1-5-4,565.6
152925,2-5-4,137.9
152925,3-5-4,299.1
152925,4-5-3,421.8
152925,5-4-3,1211
152925,6-4-3,134.8
152925,1-5-6,234.3
152925,2-5-6,72.4
152925,3-5-6,120.3
152925,4-5-6,96.9
152925,5-4-6,246.1
152925,6-4-5,94.9
152925,1-6-2,59.6
152925,2-6-1,42.5
152925,3-6-1,145.7
152925,4-6-1,152.1
152925,5-6-1,519.2
152925,6-5-1,265.6
152925,1-6-3,146.1
152925,2-6-3,22.8
152925,3-6-2,52.4
152925,4-6-2,43
152925,5-6-2,201.6
152925,6-5-2,100.1
152925,1-6-4,118.6
152925,2-6-4,14.8
152925,3-6-4,82.9
152925,4-6-3,117.1
152925,5-6-3,575.2
152925,6-5-3,281.4
152925,1-6-5,169.1
152925,2-6-5,51.3
152925,3-6-5,92.1
152925,4-6-5,81.9
152925,5-6-4,293
152925,6-5-4,156.4
152926,1-2-3,25.5
152926,2-1-3,66.5
152926,3-1-2,54.8
152926,4-1-2,142
152926,5-1-2,690
152926,6-1-2,246.7
152926,1-2-4,18.4
152926,2-1-4,39.6
152926,3-1-4,19.3
152926,4-1-3,122.2
152926,5-1-3,402.8
152926,6-1-3,193.8
152926,1-2-5,78.4
152926,2-1-5,172.3
152926,3-1-5,54.6
152926,4-1-5,166.7
152926,5-1-4,389.1
152926,6-1-4,156.5
152926,1-2-6,24.1
152926,2-1-6,39
152926,3-1-6,20.7
152926,4-1-6,54.1
152926,5-1-6,256.9
152926,6-1-5,369.8
152926,1-3-2,22.8
152926,2-3-1,136.1
152926,3-2-1,134.7
152926,4-2-1,196.3
152926,5-2-1,1307
152926,6-2-1,417.4
152926,1-3-4,12.3
152926,2-3-4,110.4
152926,3-2-4,87.6
152926,4-2-3,250.9
152926,5-2-3,1129
152926,6-2-3,573.2
152926,1-3-5,41
152926,2-3-5,362.6
152926,3-2-5,246.3
152926,4-2-5,440.9
152926,5-2-4,1087
152926,6-2-4,510.4
152926,1-3-6,16.3
152926,2-3-6,114.6
152926,3-2-6,115
152926,4-2-6,130.3
152926,5-2-6,1013
152926,6-2-5,1035
152926,1-4-2,33.5
152926,2-4-1,90.7
152926,3-4-1,30.9
152926,4-3-1,116
152926,5-3-1,471.6
152926,6-3-1,244.7
152926,1-4-3,33.3
152926,2-4-3,147.5
152926,3-4-2,59.6
152926,4-3-2,167.6
152926,5-3-2,810
152926,6-3-2,397.4
152926,1-4-5,68.9
152926,2-4-5,320.5
152926,3-4-5,58.3
152926,4-3-5,192.3
152926,5-3-4,613.3
152926,6-3-4,190.3
152926,1-4-6,19.7
152926,2-4-6,86
152926,3-4-6,22
152926,4-3-6,86.6
152926,5-3-6,437
152926,6-3-5,428.2
152926,1-5-2,202.5
152926,2-5-1,547.9
152926,3-5-1,122.5
152926,4-5-1,299.2
152926,5-4-1,832.6
152926,6-4-1,232.1
152926,1-5-3,149.9
152926,2-5-3,892.4
152926,3-5-2,281.2
152926,4-5-2,626.2
152926,5-4-2,1307
152926,6-4-2,528.5
152926,1-5-4,162
152926,2-5-4,788.5
152926,3-5-4,114.6
152926,4-5-3,428.2
152926,5-4-3,861.5
152926,6-4-3,263.7
152926,1-5-6,110
152926,2-5-6,461.4
152926,3-5-6,106
152926,4-5-6,135.9
152926,5-4-6,439.6
152926,6-4-5,375.4
152926,1-6-2,60.4
152926,2-6-1,124.7
152926,3-6-1,52.2
152926,4-6-1,90.6
152926,5-6-1,589
152926,6-5-1,703
152926,1-6-3,54.1
152926,2-6-3,268
152926,3-6-2,109.9
152926,4-6-2,179.1
152926,5-6-2,1064
152926,6-5-2,1211
152926,1-6-4,43.5
152926,2-6-4,153
152926,3-6-4,40.6
152926,4-6-3,162
152926,5-6-3,686.8
152926,6-5-3,788.5
152926,1-6-5,118.7
152926,2-6-5,429.5
152926,3-6-5,99.2
152926,4-6-5,121.6
152926,5-6-4,575.4
152926,6-5-4,571
152927,1-2-3,20.6
152927,2-1-3,169.8
152927,3-1-2,109.9
152927,4-1-2,41.1
152927,5-1-2,303.9
152927,6-1-2,2450
152927,1-2-4,13.3
152927,2-1-4,109.8
152927,3-1-4,26.4
152927,4-1-3,26.8
152927,5-1-3,191
152927,6-1-3,2416
152927,1-2-5,51.9
152927,2-1-5,314.1
152927,3-1-5,63
152927,4-1-5,29.7
152927,5-1-4,128
152927,6-1-4,1757
152927,1-2-6,173
152927,2-1-6,750.8
152927,3-1-6,254.3
152927,4-1-6,108.5
152927,5-1-6,351.1
152927,6-1-5,3127
152927,1-3-2,19
152927,2-3-1,389.7
152927,3-2-1,313.1
152927,4-2-1,98
152927,5-2-1,651
152927,6-2-1,3982
152927,1-3-4,5.7
152927,2-3-4,390.6
152927,3-2-4,375.9
152927,4-2-3,191.8
152927,5-2-3,1277
152927,6-2-3,6069
152927,1-3-5,16.7
152927,2-3-5,949.3
152927,3-2-5,621.7
152927,4-2-5,255.2
152927,5-2-4,859.7
152927,6-2-4,4511
152927,1-3-6,92.2
152927,2-3-6,2080
152927,3-2-6,1334
152927,4-2-6,526.6
152927,5-2-6,1751
152927,6-2-5,6217
152927,1-4-2,9.4
152927,2-4-1,174.3
152927,3-4-1,43.5
152927,4-3-1,48.5
152927,5-3-1,408.1
152927,6-3-1,3540
152927,1-4-3,6.3
152927,2-4-3,344.6
152927,3-4-2,196.9
152927,4-3-2,175.8
152927,5-3-2,1210
152927,6-3-2,5728
152927,1-4-5,10.9
152927,2-4-5,482.7
152927,3-4-5,85.9
152927,4-3-5,93.3
152927,5-3-4,470.3
152927,6-3-4,2655
152927,1-4-6,66.9
152927,2-4-6,1103
152927,3-4-6,296.7
152927,4-3-6,288.6
152927,5-3-6,1460
152927,6-3-5,5366
152927,1-5-2,76.4
152927,2-5-1,1019
152927,3-5-1,225.8
152927,4-5-1,52.2
152927,5-4-1,163.3
152927,6-4-1,2255
152927,1-5-3,44.5
152927,2-5-3,1628
152927,3-5-2,641.2
152927,4-5-2,130.8
152927,5-4-2,472.9
152927,6-4-2,3862
152927,1-5-4,36.3
152927,2-5-4,1087
152927,3-5-4,246.5
152927,4-5-3,103.5
152927,5-4-3,339.4
152927,6-4-3,2998
152927,1-5-6,185.8
152927,2-5-6,2499
152927,3-5-6,806.6
152927,4-5-6,138.4
152927,5-4-6,466.8
152927,6-4-5,2511
152927,1-6-2,476.9
152927,2-6-1,2929
152927,3-6-1,1137
152927,4-6-1,408.1
152927,5-6-1,1210
152927,6-5-1,4213
152927,1-6-3,485.5
152927,2-6-3,4433
152927,3-6-2,2499
152927,4-6-2,689.8
152927,5-6-2,2382
152927,6-5-2,5423
152927,1-6-4,326.3
152927,2-6-4,2711
152927,3-6-4,1177
152927,4-6-3,689.8
152927,5-6-3,2178
152927,6-5-3,4677
152927,1-6-5,451.5
152927,2-6-5,4433
152927,3-6-5,1814
152927,4-6-5,425.9
152927,5-6-4,1193
152927,6-5-4,3089
152928,1-2-3,18.4
152928,2-1-3,56.6
152928,3-1-2,76.2
152928,4-1-2,152.7
152928,5-1-2,811.7
152928,6-1-2,86.4
152928,1-2-4,21.9
152928,2-1-4,64.7
152928,3-1-4,46.5
152928,4-1-3,144.1
152928,5-1-3,682.4
152928,6-1-3,51.2
152928,1-2-5,86.4
152928,2-1-5,154.6
152928,3-1-5,116
152928,4-1-5,219.8
152928,5-1-4,783.5
152928,6-1-4,95.9
152928,1-2-6,16.2
152928,2-1-6,34.3
152928,3-1-6,24.2
152928,4-1-6,65.3
152928,5-1-6,444.3
152928,6-1-5,264.3
152928,1-3-2,21.5
152928,2-3-1,128.3
152928,3-2-1,160.5
152928,4-2-1,268.3
152928,5-2-1,1131
152928,6-2-1,177.6
152928,1-3-4,17.1
152928,2-3-4,177
152928,3-2-4,166.1
152928,4-2-3,335.9
152928,5-2-3,1291
152928,6-2-3,231.9
152928,1-3-5,64.9
152928,2-3-5,391.1
152928,3-2-5,315.5
152928,4-2-5,401.3
152928,5-2-4,1115
152928,6-2-4,241.8
152928,1-3-6,10.7
152928,2-3-6,88.3
152928,3-2-6,104.8
152928,4-2-6,129.9
152928,5-2-6,780.1
152928,6-2-5,609.2
152928,1-4-2,35.4
152928,2-4-1,157.3
152928,3-4-1,82.5
152928,4-3-1,184.5
152928,5-3-1,990.5
152928,6-3-1,73
152928,1-4-3,31.6
152928,2-4-3,221.2
152928,3-4-2,160.1
152928,4-3-2,331.1
152928,5-3-2,1398
152928,6-3-2,202.4
152928,1-4-5,106
152928,2-4-5,342.1
152928,3-4-5,182.9
152928,4-3-5,312.2
152928,5-3-4,1226
152928,6-3-4,139.1
152928,1-4-6,21.3
152928,2-4-6,93
152928,3-4-6,50.5
152928,4-3-6,82.2
152928,5-3-6,718.8
152928,6-3-5,357.7
152928,1-5-2,223.9
152928,2-5-1,463.7
152928,3-5-1,301.4
152928,4-5-1,265.6
152928,5-4-1,797.3
152928,6-4-1,150.8
152928,1-5-3,175.5
152928,2-5-3,719.7
152928,3-5-2,443.9
152928,4-5-2,394.3
152928,5-4-2,960.5
152928,6-4-2,221.9
152928,1-5-4,236.7
152928,2-5-4,597.8
152928,3-5-4,322.2
152928,4-5-3,426.4
152928,5-4-3,1046
152928,6-4-3,166.1
152928,1-5-6,123.1
152928,2-5-6,346.9
152928,3-5-6,205.7
152928,4-5-6,120.2
152928,5-4-6,395.1
152928,6-4-5,256
152928,1-6-2,30.2
152928,2-6-1,80.5
152928,3-6-1,34.9
152928,4-6-1,65.2
152928,5-6-1,554.2
152928,6-5-1,577.9
152928,1-6-3,18.2
152928,2-6-3,119.1
152928,3-6-2,89.6
152928,4-6-2,98.5
152928,5-6-2,690.3
152928,6-5-2,727.5
152928,1-6-4,27.6
152928,2-6-4,127.2
152928,3-6-4,51.8
152928,4-6-3,87.6
152928,5-6-3,739.5
152928,6-5-3,583.6
152928,1-6-5,105.2
152928,2-6-5,303.2
152928,3-6-5,150.1
152928,4-6-5,95.1
152928,5-6-4,496.1
152928,6-5-4,493.4
152929,1-2-3,27.2
152929,2-1-3,170.3
152929,3-1-2,77.2
152929,4-1-2,248.1
152929,5-1-2,2465
152929,6-1-2,19.8
152929,1-2-4,46.6
152929,2-1-4,266
152929,3-1-4,69.9
152929,4-1-3,209.4
152929,5-1-3,2270
152929,6-1-3,14.2
152929,1-2-5,364.4
152929,2-1-5,927.5
152929,3-1-5,351.9
152929,4-1-5,614.6
152929,5-1-4,2664
152929,6-1-4,24.6
152929,1-2-6,18.7
152929,2-1-6,138.1
152929,3-1-6,28
152929,4-1-6,77.4
152929,5-1-6,1920
152929,6-1-5,127.4
152929,1-3-2,21.4
152929,2-3-1,244.4
152929,3-2-1,189.7
152929,4-2-1,448.4
152929,5-2-1,3466
152929,6-2-1,66.9
152929,1-3-4,23.1
152929,2-3-4,364.9
152929,3-2-4,290.2
152929,4-2-3,685.9
152929,5-2-3,3389
152929,6-2-3,95.9
152929,1-3-5,226.4
152929,2-3-5,1440
152929,3-2-5,931.2
152929,4-2-5,1953
152929,5-2-4,3778
152929,6-2-4,142.4
152929,1-3-6,8.2
152929,2-3-6,279.3
152929,3-2-6,167.8
152929,4-2-6,334.5
152929,5-2-6,4153
152929,6-2-5,459.6
152929,1-4-2,58
152929,2-4-1,464.7
152929,3-4-1,131.6
152929,4-3-1,258.6
152929,5-3-1,3389
152929,6-3-1,28.4
152929,1-4-3,51.7
152929,2-4-3,594
152929,3-4-2,234.3
152929,4-3-2,556
152929,5-3-2,3809
152929,6-3-2,63.2
152929,1-4-5,313.8
152929,2-4-5,1313
152929,3-4-5,614.6
152929,4-3-5,1259
152929,5-3-4,3316
152929,6-3-4,53.9
152929,1-4-6,27.4
152929,2-4-6,388
152929,3-4-6,77.9
152929,4-3-6,161.5
152929,5-3-6,3629
152929,6-3-5,252.7
152929,1-5-2,878
152929,2-5-1,2532
152929,3-5-1,1121
152929,4-5-1,1367
152929,5-4-1,3157
152929,6-4-1,47.8
152929,1-5-3,756.9
152929,2-5-3,2680
152929,3-5-2,1472
152929,4-5-2,2760
152929,5-4-2,4348
152929,6-4-2,107
152929,1-5-4,858.4
152929,2-5-4,2619
152929,3-5-4,1511
152929,4-5-3,2195
152929,5-4-3,4079
152929,6-4-3,83.5
152929,1-5-6,503.2
152929,2-5-6,2491
152929,3-5-6,1062
152929,4-5-6,1002
152929,5-4-6,2237
152929,6-4-5,228.3
152929,1-6-2,12.1
152929,2-6-1,173.8
152929,3-6-1,31.6
152929,4-6-1,61.1
152929,5-6-1,2114
152929,6-5-1,310.6
152929,1-6-3,8.1
152929,2-6-3,252.8
152929,3-6-2,75.6
152929,4-6-2,148.9
152929,5-6-2,3717
152929,6-5-2,660.4
152929,1-6-4,16.1
152929,2-6-4,329.7
152929,3-6-4,51.8
152929,4-6-3,117.8
152929,5-6-3,2760
152929,6-5-3,608.9
152929,1-6-5,141.7
152929,2-6-5,1468
152929,3-6-5,288.4
152929,4-6-5,301.1
152929,5-6-4,2532
152929,6-5-4,525
152930,1-2-3,5.9
152930,2-1-3,40.5
152930,3-1-2,35.1
152930,4-1-2,228.7
152930,5-1-2,257.5
152930,6-1-2,1712
152930,1-2-4,14.2
152930,2-1-4,65.7
152930,3-1-4,35.3
152930,4-1-3,176
152930,5-1-3,138.8
152930,6-1-3,1723
152930,1-2-5,13.1
152930,2-1-5,62.3
152930,3-1-5,24.9
152930,4-1-5,180.8
152930,5-1-4,297.7
152930,6-1-4,1944
152930,1-2-6,86.7
152930,2-1-6,287.7
152930,3-1-6,164.9
152930,4-1-6,466.7
152930,5-1-6,606.9
152930,6-1-5,2427
152930,1-3-2,6
152930,2-3-1,87.3
152930,3-2-1,90.9
152930,4-2-1,457.2
152930,5-2-1,471.4
152930,6-2-1,2841
152930,1-3-4,11
152930,2-3-4,180.8
152930,3-2-4,159.9
152930,4-2-3,541.5
152930,5-2-3,595.8
152930,6-2-3,4382
152930,1-3-5,7.7
152930,2-3-5,165
152930,3-2-5,146.8
152930,4-2-5,663.8
152930,5-2-4,977.6
152930,6-2-4,4104
152930,1-3-6,58.9
152930,2-3-6,616.4
152930,3-2-6,593
152930,4-2-6,1286
152930,5-2-6,1616
152930,6-2-5,4878
152930,1-4-2,27.5
152930,2-4-1,225.7
152930,3-4-1,93.8
152930,4-3-1,283.3
152930,5-3-1,216.9
152930,6-3-1,2889
152930,1-4-3,25.2
152930,2-4-3,317.6
152930,3-4-2,189.8
152930,4-3-2,528.7
152930,5-3-2,561.5
152930,6-3-2,4170
152930,1-4-5,34.8
152930,2-4-5,379.4
152930,3-4-5,114.6
152930,4-3-5,385.3
152930,5-3-4,559
152930,6-3-4,4040
152930,1-4-6,133.1
152930,2-4-6,1057
152930,3-4-6,343.6
152930,4-3-6,1028
152930,5-3-6,1208
152930,6-3-5,3917
152930,1-5-2,32.5
152930,2-5-1,261.9
152930,3-5-1,74.6
152930,4-5-1,293.3
152930,5-4-1,517.1
152930,6-4-1,3518
152930,1-5-3,22.8
152930,2-5-3,370.7
152930,3-5-2,172.6
152930,4-5-2,525
152930,5-4-2,1064
152930,6-4-2,4576
152930,1-5-4,53.9
152930,2-5-4,577.8
152930,3-5-4,152.6
152930,4-5-3,498.7
152930,5-4-3,795.6
152930,6-4-3,4833
152930,1-5-6,132.6
152930,2-5-6,1436
152930,3-5-6,407.8
152930,4-5-6,718.2
152930,5-4-6,1093
152930,6-4-5,3542
152930,1-6-2,330.4
152930,2-6-1,1432
152930,3-6-1,861.9
152930,4-6-1,1481
152930,5-6-1,2004
152930,6-5-1,3616
152930,1-6-3,326
152930,2-6-3,2128
152930,3-6-2,1516
152930,4-6-2,2427
152930,5-6-2,2873
152930,6-5-2,4878
152930,1-6-4,397.2
152930,2-6-4,2085
152930,3-6-4,931.8
152930,4-6-3,2625
152930,5-6-3,2319
152930,6-5-3,4040
152930,1-6-5,432.4
152930,2-6-5,2665
152930,3-6-5,1014
152930,4-6-5,1880
152930,5-6-4,2451
152930,6-5-4,3402
152931,1-2-3,4
152931,2-1-3,12.2
152931,3-1-2,72.9
152931,4-1-2,359.5
152931,5-1-2,253
152931,6-1-2,796.3
152931,1-2-4,9.4
152931,2-1-4,28.2
152931,3-1-4,147.6
152931,4-1-3,629.1
152931,5-1-3,328.4
152931,6-1-3,1414
152931,1-2-5,10.2
152931,2-1-5,25.2
152931,3-1-5,106.5
152931,4-1-5,414.7
152931,5-1-4,755.9
152931,6-1-4,2099
152931,1-2-6,21.6
152931,2-1-6,44.3
152931,3-1-6,228.7
152931,4-1-6,743.4
152931,5-1-6,570.9
152931,6-1-5,2223
152931,1-3-2,7.9
152931,2-3-1,38.7
152931,3-2-1,107.8
152931,4-2-1,420.8
152931,5-2-1,365
152931,6-2-1,1012
152931,1-3-4,19.9
152931,2-3-4,92.8
152931,3-2-4,224.7
152931,4-2-3,806.2
152931,5-2-3,619.3
152931,6-2-3,1840
152931,1-3-5,18.3
152931,2-3-5,82.5
152931,3-2-5,214.9
152931,4-2-5,773.1
152931,5-2-4,1253
152931,6-2-4,2057
152931,1-3-6,38.2
152931,2-3-6,130.8
152931,3-2-6,339.2
152931,4-2-6,845.2
152931,5-2-6,923.7
152931,6-2-5,2443
152931,1-4-2,32.6
152931,2-4-1,122.1
152931,3-4-1,446.3
152931,4-3-1,1183
152931,5-3-1,629.1
152931,6-3-1,2386
152931,1-4-3,55
152931,2-4-3,185.6
152931,3-4-2,491.7
152931,4-3-2,1280
152931,5-3-2,758.3
152931,6-3-2,2566
152931,1-4-5,80.4
152931,2-4-5,244
152931,3-4-5,624.7
152931,4-3-5,1746
152931,5-3-4,2216
152931,6-3-4,3999
152931,1-4-6,117
152931,2-4-6,289.8
152931,3-4-6,930.9
152931,4-3-6,1826
152931,5-3-6,1859
152931,6-3-5,3652
152931,1-5-2,35
152931,2-5-1,123.5
152931,3-5-1,331.5
152931,4-5-1,678.5
152931,5-4-1,1207
152931,6-4-1,3597
152931,1-5-3,50.1
152931,2-5-3,196.4
152931,3-5-2,410.9
152931,4-5-2,893.7
152931,5-4-2,1549
152931,6-4-2,2584
152931,1-5-4,113.9
152931,2-5-4,369.9
152931,3-5-4,920.2
152931,4-5-3,1688
152931,5-4-3,2494
152931,6-4-3,4971
152931,1-5-6,118.1
152931,2-5-6,376.7
152931,3-5-6,943.2
152931,4-5-6,949.4
152931,5-4-6,1794
152931,6-4-5,3999
152931,1-6-2,97.9
152931,2-6-1,230.9
152931,3-6-1,760.8
152931,4-6-1,1358
152931,5-6-1,1366
152931,6-5-1,2538
152931,1-6-3,161
152931,2-6-3,371.1
152931,3-6-2,943.2
152931,4-6-2,1213
152931,5-6-2,1201
152931,6-5-2,3361
152931,1-6-4,268.8
152931,2-6-4,563.7
152931,3-6-4,1940
152931,4-6-3,2547
152931,5-6-3,2331
152931,6-5-3,4286
152931,1-6-5,258.5
152931,2-6-5,581.5
152931,3-6-5,1573
152931,4-6-5,1612
152931,5-6-4,2309
152931,6-5-4,4044
152932,1-2-3,3.5
152932,2-1-3,11.5
152932,3-1-2,72
152932,4-1-2,482.1
152932,5-1-2,776.8
152932,6-1-2,109.6
152932,1-2-4,8.6
152932,2-1-4,26.3
152932,3-1-4,191.1
152932,4-1-3,829.5
152932,5-1-3,1266
152932,6-1-3,216
152932,1-2-5,18.9
152932,2-1-5,56.9
152932,3-1-5,235.5
152932,4-1-5,965
152932,5-1-4,2020
152932,6-1-4,401.4
152932,1-2-6,10.6
152932,2-1-6,24.5
152932,3-1-6,189.8
152932,4-1-6,836.4
152932,5-1-6,1157
152932,6-1-5,516.2
152932,1-3-2,7
152932,2-3-1,43.1
152932,3-2-1,123.7
152932,4-2-1,604.1
152932,5-2-1,1058
152932,6-2-1,141.8
152932,1-3-4,26.1
152932,2-3-4,108.8
152932,3-2-4,352.8
152932,4-2-3,1020
152932,5-2-3,2015
152932,6-2-3,272.2
152932,1-3-5,33.5
152932,2-3-5,235.5
152932,3-2-5,476.3
152932,4-2-5,1709
152932,5-2-4,3018
152932,6-2-4,504.8
152932,1-3-6,27
152932,2-3-6,96
152932,3-2-6,321.6
152932,4-2-6,918.7
152932,5-2-6,1795
152932,6-2-5,758.5
152932,1-4-2,51.4
152932,2-4-1,166
152932,3-4-1,542.6
152932,4-3-1,1374
152932,5-3-1,2216
152932,6-3-1,491.8
152932,1-4-3,84.6
152932,2-4-3,301.3
152932,3-4-2,635.5
152932,4-3-2,1548
152932,5-3-2,2356
152932,6-3-2,546
152932,1-4-5,151.7
152932,2-4-5,534.9
152932,3-4-5,1244
152932,4-3-5,2356
152932,5-3-4,4324
152932,6-3-4,1225
152932,1-4-6,103
152932,2-4-6,254.8
152932,3-4-6,852.5
152932,4-3-6,1901
152932,5-3-6,3476
152932,6-3-5,1777
152932,1-5-2,75.9
152932,2-5-1,347.8
152932,3-5-1,889.9
152932,4-5-1,1604
152932,5-4-1,3564
152932,6-4-1,1330
152932,1-5-3,113.7
152932,2-5-3,603.6
152932,3-5-2,1020
152932,4-5-2,2302
152932,5-4-2,3675
152932,6-4-2,1231
152932,1-5-4,228.1
152932,2-5-4,912.8
152932,3-5-4,1692
152932,4-5-3,2759
152932,5-4-3,4405
152932,6-4-3,2049
152932,1-5-6,192.4
152932,2-5-6,513.9
152932,3-5-6,1330
152932,4-5-6,1975
152932,5-4-6,2803
152932,6-4-5,2404
152932,1-6-2,35.1
152932,2-6-1,89
152932,3-6-1,519.6
152932,4-6-1,1541
152932,5-6-1,1916
152932,6-5-1,1401
152932,1-6-3,62.3
152932,2-6-3,161.1
152932,3-6-2,634.4
152932,4-6-2,1398
152932,5-6-2,2273
152932,6-5-2,1538
152932,1-6-4,135.3
152932,2-6-4,254.7
152932,3-6-4,1291
152932,4-6-3,2340
152932,5-6-3,3031
152932,6-5-3,2216
152932,1-6-5,201.9
152932,2-6-5,451.2
152932,3-6-5,1590
152932,4-6-5,2551
152932,5-6-4,2803
152932,6-5-4,2136
152933,1-2-3,4.4
152933,2-1-3,77.1
152933,3-1-2,115.4
152933,4-1-2,79.3
152933,5-1-2,352.1
152933,6-1-2,2654
152933,1-2-4,6.8
152933,2-1-4,92.1
152933,3-1-4,103.5
152933,4-1-3,105.9
152933,5-1-3,421.5
152933,6-1-3,3411
152933,1-2-5,16.9
152933,2-1-5,170.6
152933,3-1-5,166.2
152933,4-1-5,60.1
152933,5-1-4,248
152933,6-1-4,2455
152933,1-2-6,60.6
152933,2-1-6,415.5
152933,3-1-6,492.7
152933,4-1-6,175.2
152933,5-1-6,531.2
152933,6-1-5,3033
152933,1-3-2,7.3
152933,2-3-1,220.2
152933,3-2-1,240.5
152933,4-2-1,242.9
152933,5-2-1,778.6
152933,6-2-1,4772
152933,1-3-4,8.2
152933,2-3-4,386.6
152933,3-2-4,464.9
152933,4-2-3,502.9
152933,5-2-3,1682
152933,6-2-3,6067
152933,1-3-5,15.9
152933,2-3-5,713.2
152933,3-2-5,704.9
152933,4-2-5,386.1
152933,5-2-4,1131
152933,6-2-4,6111
152933,1-3-6,66.8
152933,2-3-6,1482
152933,3-2-6,1492
152933,4-2-6,663.1
152933,5-2-6,1627
152933,6-2-5,6636
152933,1-4-2,12.8
152933,2-4-1,292.2
152933,3-4-1,226.2
152933,4-3-1,297.4
152933,5-3-1,918.3
152933,6-3-1,4854
152933,1-4-3,14.3
152933,2-4-3,553.7
152933,3-4-2,457.9
152933,4-3-2,572.4
152933,5-3-2,1646
152933,6-3-2,6688
152933,1-4-5,17.7
152933,2-4-5,750.4
152933,3-4-5,391.8
152933,4-3-5,464.7
152933,5-3-4,1300
152933,6-3-4,5480
152933,1-4-6,64.2
152933,2-4-6,1363
152933,3-4-6,917.3
152933,4-3-6,818.3
152933,5-3-6,2333
152933,6-3-5,6111
152933,1-5-2,35.2
152933,2-5-1,688.9
152933,3-5-1,460.4
152933,4-5-1,102.6
152933,5-4-1,277.3
152933,6-4-1,3792
152933,1-5-3,36.1
152933,2-5-3,1444
152933,3-5-2,922.3
152933,4-5-2,215.9
152933,5-4-2,567.4
152933,6-4-2,5342
152933,1-5-4,39.1
152933,2-5-4,1184
152933,3-5-4,698
152933,4-5-3,300
152933,5-4-3,753.7
152933,6-4-3,6246
152933,1-5-6,102.9
152933,2-5-6,2283
152933,3-5-6,1306
152933,4-5-6,208.2
152933,5-4-6,528.9
152933,6-4-5,4123
152933,1-6-2,272.4
152933,2-6-1,2241
152933,3-6-1,1930
152933,4-6-1,564.8
152933,5-6-1,1522
152933,6-5-1,3344
152933,1-6-3,310.7
152933,2-6-3,3614
152933,3-6-2,2909
152933,4-6-2,1018
152933,5-6-2,1846
152933,6-5-2,6435
152933,1-6-4,283.7
152933,2-6-4,3100
152933,3-6-4,2427
152933,4-6-3,1506
152933,5-6-3,2812
152933,6-5-3,6111
152933,1-6-5,323.2
152933,2-6-5,4247
152933,3-6-5,2740
152933,4-6-5,609.8
152933,5-6-4,1639
152933,6-5-4,4123
152934,1-2-3,6.6
152934,2-1-3,27.1
152934,3-1-2,40.9
152934,4-1-2,110.6
152934,5-1-2,229.2
152934,6-1-2,206.7
152934,1-2-4,13.5
152934,2-1-4,51.9
152934,3-1-4,77.1
152934,4-1-3,141.6
152934,5-1-3,282.3
152934,6-1-3,294.9
152934,1-2-5,22
152934,2-1-5,52.6
152934,3-1-5,80.2
152934,4-1-5,99.3
152934,5-1-4,337.4
152934,6-1-4,377.7
152934,1-2-6,21
152934,2-1-6,55.4
152934,3-1-6,80.3
152934,4-1-6,91.5
152934,5-1-6,299.7
152934,6-1-5,555.1
152934,1-3-2,8.8
152934,2-3-1,52.9
152934,3-2-1,70
152934,4-2-1,209.1
152934,5-2-1,396.4
152934,6-2-1,296.3
152934,1-3-4,14
152934,2-3-4,104.2
152934,3-2-4,141.3
152934,4-2-3,293.4
152934,5-2-3,551.6
152934,6-2-3,470
152934,1-3-5,17.9
152934,2-3-5,129.2
152934,3-2-5,150.5
152934,4-2-5,246.3
152934,5-2-4,752.5
152934,6-2-4,678.6
152934,1-3-6,21.1
152934,2-3-6,134.9
152934,3-2-6,176.6
152934,4-2-6,223.4
152934,5-2-6,697.7
152934,6-2-5,1057
152934,1-4-2,30.7
152934,2-4-1,149
152934,3-4-1,189.3
152934,4-3-1,275.3
152934,5-3-1,480.7
152934,6-3-1,497
152934,1-4-3,33.7
152934,2-4-3,200.9
152934,3-4-2,205.5
152934,4-3-2,361.3
152934,5-3-2,604.9
152934,6-3-2,607
152934,1-4-5,50.9
152934,2-4-5,304
152934,3-4-5,273.9
152934,4-3-5,393.5
152934,5-3-4,901.7
152934,6-3-4,769.2
152934,1-4-6,46.4
152934,2-4-6,241.7
152934,3-4-6,264.5
152934,4-3-6,322
152934,5-3-6,926.8
152934,6-3-5,1257
152934,1-5-2,48.3
152934,2-5-1,200.8
152934,3-5-1,214
152934,4-5-1,122.5
152934,5-4-1,372.3
152934,6-4-1,485
152934,1-5-3,49.7
152934,2-5-3,321.3
152934,3-5-2,256.5
152934,4-5-2,178.9
152934,5-4-2,524.8
152934,6-4-2,684.5
152934,1-5-4,79.9
152934,2-5-4,454.6
152934,3-5-4,367.7
152934,4-5-3,277.6
152934,5-4-3,732
152934,6-4-3,727.7
152934,1-5-6,84.6
152934,2-5-6,480.4
152934,3-5-6,401.4
152934,4-5-6,110.6
152934,5-4-6,321.2
152934,6-4-5,554.4
152934,1-6-2,60.6
152934,2-6-1,198.6
152934,3-6-1,266.7
152934,4-6-1,140.9
152934,5-6-1,577
152934,6-5-1,792.5
152934,1-6-3,68.8
152934,2-6-3,316.5
152934,3-6-2,376.2
152934,4-6-2,209.9
152934,5-6-2,767.2
152934,6-5-2,1209
152934,1-6-4,94.2
152934,2-6-4,467.7
152934,3-6-4,482.8
152934,4-6-3,291.2
152934,5-6-3,961.9
152934,6-5-3,1347
152934,1-6-5,136
152934,2-6-5,584
152934,3-6-5,558.7
152934,4-6-5,155.5
152934,5-6-4,571.3
152934,6-5-4,652.9
152899,1-2-3,14.5
152899,2-1-3,49.8
152899,3-1-2,37.6
152899,4-1-2,36.9
152899,5-1-2,1777
152899,6-1-2,198.9
152899,1-2-4,15.4
152899,2-1-4,47
152899,3-1-4,19.3
152899,4-1-3,28
152899,5-1-3,1684
152899,6-1-3,198.6
152899,1-2-5,226.5
152899,2-1-5,425.5
152899,3-1-5,245.7
152899,4-1-5,220
152899,5-1-4,1633
152899,6-1-4,159.8
152899,1-2-6,52.3
152899,2-1-6,114.8
152899,3-1-6,49
152899,4-1-6,39.2
152899,5-1-6,2450
152899,6-1-5,1171
152899,1-3-2,12.1
152899,2-3-1,98
152899,3-2-1,73.3
152899,4-2-1,74.1
152899,5-2-1,2185
152899,6-2-1,332.7
152899,1-3-4,7.1
152899,2-3-4,78.9
152899,3-2-4,61.2
152899,4-2-3,74.2
152899,5-2-3,2695
152899,6-2-3,592.3
152899,1-3-5,165.6
152899,2-3-5,731.7
152899,3-2-5,668.2
152899,4-2-5,451.7
152899,5-2-4,1525
152899,6-2-4,431.2
152899,1-3-6,27.4
152899,2-3-6,206.2
152899,3-2-6,124.6
152899,4-2-6,93.1
152899,5-2-6,2837
152899,6-2-5,2526
152899,1-4-2,17.5
152899,2-4-1,85.7
152899,3-4-1,26.9
152899,4-3-1,38
152899,5-3-1,2378
152899,6-3-1,341.1
152899,1-4-3,11.2
152899,2-4-3,92.9
152899,3-4-2,40.4
152899,4-3-2,53.5
152899,5-3-2,3515
152899,6-3-2,577.5
152899,1-4-5,201.1
152899,2-4-5,773.7
152899,3-4-5,321.5
152899,4-3-5,338.3
152899,5-3-4,3051
152899,6-3-4,332.7
152899,1-4-6,28.4
152899,2-4-6,208.1
152899,3-4-6,45.7
152899,4-3-6,62.9
152899,5-3-6,4255
152899,6-3-5,2526
152899,1-5-2,800.6
152899,2-5-1,1456
152899,3-5-1,1050
152899,4-5-1,535.5
152899,5-4-1,1601
152899,6-4-1,227.4
152899,1-5-3,555.7
152899,2-5-3,2488
152899,3-5-2,1244
152899,4-5-2,788.8
152899,5-4-2,1720
152899,6-4-2,309.8
152899,1-5-4,800.6
152899,2-5-4,1617
152899,3-5-4,1206
152899,4-5-3,980.1
152899,5-4-3,2837
152899,6-4-3,279.7
152899,1-5-6,700
152899,2-5-6,3515
152899,3-5-6,1633
152899,4-5-6,583.8
152899,5-4-6,1757
152899,6-4-5,777.5
152899,1-6-2,78.7
152899,2-6-1,375.2
152899,3-6-1,132.4
152899,4-6-1,56.6
152899,5-6-1,3515
152899,6-5-1,2450
152899,1-6-3,71.8
152899,2-6-3,447.9
152899,3-6-2,203.6
152899,4-6-2,85.6
152899,5-6-2,4255
152899,6-5-2,3440
152899,1-6-4,71.7
152899,2-6-4,404.3
152899,3-6-4,110.6
152899,4-6-3,76
152899,5-6-3,4255
152899,6-5-3,3850
152899,1-6-5,510.1
152899,2-6-5,2127
152899,3-6-5,956.9
152899,4-6-5,284.2
152899,5-6-4,1902
152899,6-5-4,1796
152900,1-2-3,51.1
152900,2-1-3,170.8
152900,3-1-2,152
152900,4-1-2,55.2
152900,5-1-2,104.7
152900,6-1-2,2642
152900,1-2-4,35.1
152900,2-1-4,117
152900,3-1-4,49.3
152900,4-1-3,35
152900,5-1-3,58.6
152900,6-1-3,2276
152900,1-2-5,41.3
152900,2-1-5,127.4
152900,3-1-5,45.8
152900,4-1-5,13.2
152900,5-1-4,34.8
152900,6-1-4,2596
152900,1-2-6,409.9
152900,2-1-6,1027
152900,3-1-6,704.6
152900,4-1-6,505
152900,5-1-6,575.7
152900,6-1-5,3609
152900,1-3-2,45.7
152900,2-3-1,270.5
152900,3-2-1,233.3
152900,4-2-1,103.8
152900,5-2-1,252
152900,6-2-1,3216
152900,1-3-4,18.9
152900,2-3-4,259.6
152900,3-2-4,214.4
152900,4-2-3,187.3
152900,5-2-3,323.7
152900,6-2-3,5480
152900,1-3-5,20.3
152900,2-3-5,256
152900,3-2-5,210.1
152900,4-2-5,70.6
152900,5-2-4,257.7
152900,6-2-4,4773
152900,1-3-6,552.1
152900,2-3-6,1973
152900,3-2-6,1509
152900,4-2-6,1104
152900,5-2-6,1782
152900,6-2-5,4932
152900,1-4-2,30.3
152900,2-4-1,149.7
152900,3-4-1,59.5
152900,4-3-1,49.4
152900,5-3-1,97.4
152900,6-3-1,4227
152900,1-4-3,18.9
152900,2-4-3,261.4
152900,3-4-2,155.1
152900,4-3-2,120.7
152900,5-3-2,277.1
152900,6-3-2,6433
152900,1-4-5,11
152900,2-4-5,139.7
152900,3-4-5,30.6
152900,4-3-5,17.2
152900,5-3-4,81.4
152900,6-3-4,3363
152900,1-4-6,383.3
152900,2-4-6,1450
152900,3-4-6,589.5
152900,4-3-6,611.4
152900,5-3-6,1156
152900,6-3-5,4624
152900,1-5-2,40.3
152900,2-5-1,209.8
152900,3-5-1,59
152900,4-5-1,12
152900,5-4-1,33.1
152900,6-4-1,4227
152900,1-5-3,23.3
152900,2-5-3,238.2
152900,3-5-2,159.1
152900,4-5-2,38.4
152900,5-4-2,116.2
152900,6-4-2,4624
152900,1-5-4,14.5
152900,2-5-4,205.8
152900,3-5-4,43
152900,4-5-3,20.1
152900,5-4-3,53.4
152900,6-4-3,3082
152900,1-5-6,395.6
152900,2-5-6,1720
152900,3-5-6,619.1
152900,4-5-6,204.3
152900,5-4-6,323
152900,6-4-5,2845
152900,1-6-2,1147
152900,2-6-1,2386
152900,3-6-1,3148
152900,4-6-1,2084
152900,5-6-1,1174
152900,6-5-1,4352
152900,1-6-3,1080
152900,2-6-3,4624
152900,3-6-2,3363
152900,4-6-2,2348
152900,5-6-2,2508
152900,6-5-2,4352
152900,1-6-4,1264
152900,2-6-4,3082
152900,3-6-4,2144
152900,4-6-3,1897
152900,5-6-3,2276
152900,6-5-3,4484
152900,1-6-5,1873
152900,2-6-5,3699
152900,3-6-5,2508
152900,4-6-5,1156
152900,5-6-4,1298
152900,6-5-4,2791
152901,1-2-3,6.9
152901,2-1-3,10.3
152901,3-1-2,27.8
152901,4-1-2,398.9
152901,5-1-2,159.2
152901,6-1-2,408.6
152901,1-2-4,20.7
152901,2-1-4,27.6
152901,3-1-4,53.1
152901,4-1-3,624.4
152901,5-1-3,192.8
152901,6-1-3,619.8
152901,1-2-5,31.1
152901,2-1-5,37.6
152901,3-1-5,54.7
152901,4-1-5,458.9
152901,5-1-4,445.5
152901,6-1-4,1056
152901,1-2-6,41
152901,2-1-6,56.6
152901,3-1-6,87.2
152901,4-1-6,857
152901,5-1-6,428.5
152901,6-1-5,608.6
152901,1-3-2,10.4
152901,2-3-1,13.3
152901,3-2-1,28.6
152901,4-2-1,467.8
152901,5-2-1,202.3
152901,6-2-1,521.6
152901,1-3-4,24
152901,2-3-4,23.5
152901,3-2-4,39.2
152901,4-2-3,304.8
152901,5-2-3,149.3
152901,6-2-3,571.3
152901,1-3-5,33.7
152901,2-3-5,29.7
152901,3-2-5,43.8
152901,4-2-5,509
152901,5-2-4,373.2
152901,6-2-4,1069
152901,1-3-6,48.9
152901,2-3-6,50.6
152901,3-2-6,68.4
152901,4-2-6,561.7
152901,5-2-6,407.7
152901,6-2-5,702.8
152901,1-4-2,65.2
152901,2-4-1,100.3
152901,3-4-1,109.5
152901,4-3-1,595.6
152901,5-3-1,299.4
152901,6-3-1,1150
152901,1-4-3,73
152901,2-4-3,62.8
152901,3-4-2,79.5
152901,4-3-2,309.3
152901,5-3-2,207.6
152901,6-3-2,781.2
152901,1-4-5,163.8
152901,2-4-5,163
152901,3-4-5,145
152901,4-3-5,569.4
152901,5-3-4,464
152901,6-3-4,1411
152901,1-4-6,164.1
152901,2-4-6,158
152901,3-4-6,173.8
152901,4-3-6,666.5
152901,5-3-6,512.1
152901,6-3-5,1343
152901,1-5-2,79.9
152901,2-5-1,123.6
152901,3-5-1,150.6
152901,4-5-1,619.8
152901,5-4-1,636.2
152901,6-4-1,1866
152901,1-5-3,90.6
152901,2-5-3,84.5
152901,3-5-2,102.4
152901,4-5-2,711.7
152901,5-4-2,599.9
152901,6-4-2,1435
152901,1-5-4,223.9
152901,2-5-4,182.1
152901,3-5-4,221.6
152901,4-5-3,815.4
152901,5-4-3,633.8
152901,6-4-3,1555
152901,1-5-6,191.3
152901,2-5-6,203.1
152901,3-5-6,232
152901,4-5-6,1056
152901,5-4-6,982.3
152901,6-4-5,1646
152901,1-6-2,128.9
152901,2-6-1,202.1
152901,3-6-1,313.3
152901,4-6-1,1845
152901,5-6-1,663.9
152901,6-5-1,988
152901,1-6-3,154.1
152901,2-6-3,176.4
152901,3-6-2,217.5
152901,4-6-2,1244
152901,5-6-2,604.2
152901,6-5-2,844
152901,1-6-4,273.1
152901,2-6-4,325.5
152901,3-6-4,321.7
152901,4-6-3,1166
152901,5-6-3,724
152901,6-5-3,1150
152901,1-6-5,232.3
152901,2-6-5,275.8
152901,3-6-5,346.3
152901,4-6-5,1473
152901,5-6-4,1056
152901,6-5-4,1599
152902,1-2-3,24.2
152902,2-1-3,35.3
152902,3-1-2,91.5
152902,4-1-2,22.1
152902,5-1-2,167.8
152902,6-1-2,1395
152902,1-2-4,11.5
152902,2-1-4,17.7
152902,3-1-4,41
152902,4-1-3,65.5
152902,5-1-3,222.6
152902,6-1-3,2616
152902,1-2-5,30.6
152902,2-1-5,38.8
152902,3-1-5,63.5
152902,4-1-5,25.1
152902,5-1-4,116.7
152902,6-1-4,1661
152902,1-2-6,159.8
152902,2-1-6,197.6
152902,3-1-6,309.1
152902,4-1-6,130.4
152902,5-1-6,358.3
152902,6-1-5,2300
152902,1-3-2,39.1
152902,2-3-1,75.6
152902,3-2-1,132.8
152902,4-2-1,35.2
152902,5-2-1,292.7
152902,6-2-1,2114
152902,1-3-4,31.5
152902,2-3-4,50.1
152902,3-2-4,59.3
152902,4-2-3,79.6
152902,5-2-3,330.6
152902,6-2-3,3220
152902,1-3-5,51.4
152902,2-3-5,89.7
152902,3-2-5,102
152902,4-2-5,38.8
152902,5-2-4,159.2
152902,6-2-4,1804
152902,1-3-6,207.4
152902,2-3-6,288.2
152902,3-2-6,328
152902,4-2-6,164.6
152902,5-2-6,547.9
152902,6-2-5,2325
152902,1-4-2,12.5
152902,2-4-1,24.8
152902,3-4-1,74.7
152902,4-3-1,133
152902,5-3-1,428.9
152902,6-3-1,5656
152902,1-4-3,30.5
152902,2-4-3,39.9
152902,3-4-2,63
152902,4-3-2,108.8
152902,5-3-2,395.6
152902,6-3-2,5104
152902,1-4-5,23.6
152902,2-4-5,34.7
152902,3-4-5,47
152902,4-3-5,71
152902,5-3-4,213.7
152902,6-3-4,2718
152902,1-4-6,116.7
152902,2-4-6,160.3
152902,3-4-6,222.6
152902,4-3-6,282
152902,5-3-6,670.8
152902,6-3-5,2754
152902,1-5-2,56.6
152902,2-5-1,122.3
152902,3-5-1,162.3
152902,4-5-1,38
152902,5-4-1,138.7
152902,6-4-1,1505
152902,1-5-3,81.2
152902,2-5-3,153.5
152902,3-5-2,166.9
152902,4-5-2,46.7
152902,5-4-2,125.4
152902,6-4-2,1585
152902,1-5-4,56.3
152902,2-5-4,80.2
152902,3-5-4,85.5
152902,4-5-3,74
152902,5-4-3,180.5
152902,6-4-3,2226
152902,1-5-6,246.2
152902,2-5-6,358.3
152902,3-5-6,417.7
152902,4-5-6,79
152902,5-4-6,221.2
152902,6-4-5,778
152902,1-6-2,476.7
152902,2-6-1,837.2
152902,3-6-1,1182
152902,4-6-1,359.6
152902,5-6-1,742.2
152902,6-5-1,2325
152902,1-6-3,820.8
152902,2-6-3,1062
152902,3-6-2,1284
152902,4-6-2,332.7
152902,5-6-2,798.8
152902,6-5-2,2351
152902,1-6-4,497.1
152902,2-6-4,586.2
152902,3-6-4,857.8
152902,4-6-3,646
152902,5-6-3,1001
152902,6-5-3,2491
152902,1-6-5,646
152902,2-6-5,1156
152902,3-6-5,1245
152902,4-6-5,230.2
152902,5-6-4,484.5
152902,6-5-4,861.3
152903,1-2-3,11.8
152903,2-1-3,11.4
152903,3-1-2,43.8
152903,4-1-2,45
152903,5-1-2,3417
152903,6-1-2,681.3
152903,1-2-4,12
152903,2-1-4,9.9
152903,3-1-4,46.9
152903,4-1-3,68.2
152903,5-1-3,2290
152903,6-1-3,899.8
152903,1-2-5,410.2
152903,2-1-5,341.7
152903,3-1-5,591
152903,4-1-5,603.7
152903,5-1-4,3717
152903,6-1-4,774.7
152903,1-2-6,63.4
152903,2-1-6,54
152903,3-1-6,114.2
152903,4-1-6,110.8
152903,5-1-6,4927
152903,6-1-5,4154
152903,1-3-2,19.7
152903,2-3-1,19.6
152903,3-2-1,40.8
152903,4-2-1,36.5
152903,5-2-1,4154
152903,6-2-1,728.1
152903,1-3-4,27.2
152903,2-3-4,14.2
152903,3-2-4,23.9
152903,4-2-3,28.3
152903,5-2-3,2522
152903,6-2-3,559.8
152903,1-3-5,652
152903,2-3-5,378.3
152903,3-2-5,537.8
152903,4-2-5,479.4
152903,5-2-4,3390
152903,6-2-4,453.2
152903,1-3-6,86.6
152903,2-3-6,53.6
152903,3-2-6,75.3
152903,4-2-6,62.1
152903,5-2-6,8309
152903,6-2-5,4280
152903,1-4-2,24.7
152903,2-4-1,18.4
152903,3-4-1,50.3
152903,4-3-1,76.9
152903,5-3-1,2844
152903,6-3-1,1021
152903,1-4-3,38.4
152903,2-4-3,18.7
152903,3-4-2,30.1
152903,4-3-2,41.8
152903,5-3-2,2825
152903,6-3-2,643.1
152903,1-4-5,678
152903,2-4-5,358.8
152903,3-4-5,632.5
152903,4-3-5,939.7
152903,5-3-4,6142
152903,6-3-4,705.1
152903,1-4-6,97.8
152903,2-4-6,54.6
152903,3-4-6,68.8
152903,4-3-6,113.2
152903,5-3-6,8649
152903,6-3-5,4871
152903,1-5-2,1100
152903,2-5-1,2057
152903,3-5-1,1403
152903,4-5-1,1193
152903,5-4-1,3048
152903,6-4-1,717.1
152903,1-5-3,1312
152903,2-5-3,1148
152903,3-5-2,1083
152903,4-5-2,1300
152903,5-4-2,3139
152903,6-4-2,393.8
152903,1-5-4,2184
152903,2-5-4,1508
152903,3-5-4,2195
152903,4-5-3,2018
152903,5-4-3,3561
152903,6-4-3,651
152903,1-5-6,2648
152903,2-5-6,2315
152903,3-5-6,2584
152903,4-5-6,1668
152903,5-4-6,6520
152903,6-4-5,3235
152903,1-6-2,179.4
152903,2-6-1,208.9
152903,3-6-1,264
152903,4-6-1,123.8
152903,5-6-1,7848
152903,6-5-1,6835
152903,1-6-3,231.2
152903,2-6-3,176.4
152903,3-6-2,190.5
152903,4-6-2,87.7
152903,5-6-2,8309
152903,6-5-2,6232
152903,1-6-4,226.8
152903,2-6-4,172.3
152903,3-6-4,208.5
152903,4-6-3,163.6
152903,5-6-3,7435
152903,6-5-3,5969
152903,1-6-5,2008
152903,2-6-5,1497
152903,3-6-5,1736
152903,4-6-5,786.2
152903,5-6-4,7567
152903,6-5-4,6520
152904,1-2-3,6.9
152904,2-1-3,39.9
152904,3-1-2,48.4
152904,4-1-2,576.3
152904,5-1-2,370.9
152904,6-1-2,140.6
152904,1-2-4,17.5
152904,2-1-4,84.8
152904,3-1-4,51.9
152904,4-1-3,378
152904,5-1-3,311.9
152904,6-1-3,98.1
152904,1-2-5,33.9
152904,2-1-5,145.5
152904,3-1-5,80.3
152904,4-1-5,919.6
152904,5-1-4,599.8
152904,6-1-4,249.9
152904,1-2-6,13.6
152904,2-1-6,65.4
152904,3-1-6,32.4
152904,4-1-6,287.6
152904,5-1-6,167.8
152904,6-1-5,295.6
152904,1-3-2,7
152904,2-3-1,86.7
152904,3-2-1,118.5
152904,4-2-1,960.9
152904,5-2-1,761.6
152904,6-2-1,344.5
152904,1-3-4,11.3
152904,2-3-4,242.3
152904,3-2-4,315.5
152904,4-2-3,1190
152904,5-2-3,1342
152904,6-2-3,499.6
152904,1-3-5,23.2
152904,2-3-5,466
152904,3-2-5,493.3
152904,4-2-5,2507
152904,5-2-4,2151
152904,6-2-4,1144
152904,1-3-6,7.8
152904,2-3-6,215.2
152904,3-2-6,198.9
152904,4-2-6,1416
152904,5-2-6,864
152904,6-2-5,952
152904,1-4-2,40.5
152904,2-4-1,362
152904,3-4-1,179
152904,4-3-1,467.3
152904,5-3-1,640.2
152904,6-3-1,177.3
152904,1-4-3,36.2
152904,2-4-3,507
152904,3-4-2,414.9
152904,4-3-2,1103
152904,5-3-2,1416
152904,6-3-2,463.9
152904,1-4-5,126.3
152904,2-4-5,1345
152904,3-4-5,576.9
152904,4-3-5,1823
152904,5-3-4,1918
152904,6-3-4,707.1
152904,1-4-6,40.2
152904,2-4-6,637.8
152904,3-4-6,247.8
152904,4-3-6,782.4
152904,5-3-6,697.5
152904,6-3-5,783.6
152904,1-5-2,68.6
152904,2-5-1,520.3
152904,3-5-1,278.4
152904,4-5-1,1304
152904,5-4-1,1507
152904,6-4-1,708.1
152904,1-5-3,69.5
152904,2-5-3,881.8
152904,3-5-2,609.8
152904,4-5-2,2622
152904,5-4-2,3006
152904,6-4-2,1707
152904,1-5-4,157.9
152904,2-5-4,1539
152904,3-5-4,741.8
152904,4-5-3,2178
152904,5-4-3,2532
152904,6-4-3,1022
152904,1-5-6,59.9
152904,2-5-6,814.7
152904,3-5-6,393.3
152904,4-5-6,1291
152904,5-4-6,1224
152904,6-4-5,1591
152904,1-6-2,21.9
152904,2-6-1,236.5
152904,3-6-1,84.2
152904,4-6-1,590.2
152904,5-6-1,257.4
152904,6-5-1,464.8
152904,1-6-3,19.2
152904,2-6-3,378.2
152904,3-6-2,227.9
152904,4-6-2,1444
152904,5-6-2,668.5
152904,6-5-2,975.5
152904,1-6-4,41.1
152904,2-6-4,654
152904,3-6-4,266.3
152904,4-6-3,866.9
152904,5-6-3,543.4
152904,6-5-3,856.8
152904,1-6-5,65.3
152904,2-6-5,856.8
152904,3-6-5,371.4
152904,4-6-5,1370
152904,5-6-4,878.8
152904,6-5-4,1342
152905,1-2-3,19.1
152905,2-1-3,25.2
152905,3-1-2,13.2
152905,4-1-2,552.4
152905,5-1-2,181.8
152905,6-1-2,4262
152905,1-2-4,74.2
152905,2-1-4,106.1
152905,3-1-4,37.7
152905,4-1-3,490.6
152905,5-1-3,154.6
152905,6-1-3,3366
152905,1-2-5,38.8
152905,2-1-5,48
152905,3-1-5,13.2
152905,4-1-5,540.2
152905,5-1-4,510.5
152905,6-1-4,3904
152905,1-2-6,647
152905,2-1-6,832.6
152905,3-1-6,459.5
152905,4-1-6,1618
152905,5-1-6,1412
152905,6-1-5,6543
152905,1-3-2,14.2
152905,2-3-1,19
152905,3-2-1,15.3
152905,4-2-1,619.4
152905,5-2-1,188.6
152905,6-2-1,6194
152905,1-3-4,39.7
152905,2-3-4,36
152905,3-2-4,27.6
152905,4-2-3,327.1
152905,5-2-3,78
152905,6-2-3,4890
152905,1-3-5,17.1
152905,2-3-5,12.7
152905,3-2-5,8.3
152905,4-2-5,463.6
152905,5-2-4,345.6
152905,6-2-4,5807
152905,1-3-6,374.6
152905,2-3-6,418.5
152905,3-2-6,316.2
152905,4-2-6,1714
152905,5-2-6,1114
152905,6-2-5,5956
152905,1-4-2,180
152905,2-4-1,236.3
152905,3-4-1,66.1
152905,4-3-1,403.9
152905,5-3-1,119.1
152905,6-3-1,5049
152905,1-4-3,129.3
152905,2-4-3,125.7
152905,3-4-2,49.8
152905,4-3-2,296.4
152905,5-3-2,67.3
152905,6-3-2,4424
152905,1-4-5,226.9
152905,2-4-5,183.3
152905,3-4-5,42.4
152905,4-3-5,261
152905,5-3-4,208.8
152905,6-3-4,4692
152905,1-4-6,942.3
152905,2-4-6,1182
152905,3-4-6,510.5
152905,4-3-6,1327
152905,5-3-6,783.4
152905,6-3-5,5465
152905,1-5-2,71.6
152905,2-5-1,77.3
152905,3-5-1,22.1
152905,4-5-1,522
152905,5-4-1,670.4
152905,6-4-1,4942
152905,1-5-3,51.8
152905,2-5-3,34.7
152905,3-5-2,14.4
152905,4-5-2,480.4
152905,5-4-2,556.4
152905,6-4-2,5597
152905,1-5-4,205.1
152905,2-5-4,138.3
152905,3-5-4,38.5
152905,4-5-3,339.6
152905,5-4-3,361.5
152905,6-4-3,5735
152905,1-5-6,1252
152905,2-5-6,677.2
152905,3-5-6,334
152905,4-5-6,1498
152905,5-4-6,1766
152905,6-4-5,5105
152905,1-6-2,1780
152905,2-6-1,2716
152905,3-6-1,1518
152905,4-6-1,2497
152905,5-6-1,3441
152905,6-5-1,6934
152905,1-6-3,1548
152905,2-6-3,1880
152905,3-6-2,1559
152905,4-6-2,2940
152905,5-6-2,3182
152905,6-5-2,5597
152905,1-6-4,2028
152905,2-6-4,1167
152905,3-6-4,1671
152905,4-6-3,3318
152905,5-6-3,1727
152905,6-5-3,5665
152905,1-6-5,2511
152905,2-6-5,2903
152905,3-6-5,1403
152905,4-6-5,3295
152905,5-6-4,2358
152905,6-5-4,5105
152906,1-2-3,9.1
152906,2-1-3,173.1
152906,3-1-2,79.5
152906,4-1-2,61.8
152906,5-1-2,1007
152906,6-1-2,558.6
152906,1-2-4,6.3
152906,2-1-4,107.1
152906,3-1-4,41.2
152906,4-1-3,84.4
152906,5-1-3,1534
152906,6-1-3,579.7
152906,1-2-5,54.9
152906,2-1-5,456.8
152906,3-1-5,146.4
152906,4-1-5,119.6
152906,5-1-4,1029
152906,6-1-4,576.5
152906,1-2-6,29.7
152906,2-1-6,332.5
152906,3-1-6,85.9
152906,4-1-6,89.6
152906,5-1-6,1576
152906,6-1-5,1380
152906,1-3-2,9.8
152906,2-3-1,387
152906,3-2-1,222.1
152906,4-2-1,176.9
152906,5-2-1,2103
152906,6-2-1,1251
152906,1-3-4,6.1
152906,2-3-4,438.4
152906,3-2-4,261.6
152906,4-2-3,462.9
152906,5-2-3,2790
152906,6-2-3,2298
152906,1-3-5,36.1
152906,2-3-5,1029
152906,3-2-5,582.9
152906,4-2-5,606.7
152906,5-2-4,2484
152906,6-2-4,1694
152906,1-3-6,16.7
152906,2-3-6,1056
152906,3-2-6,498.8
152906,4-2-6,480.8
152906,5-2-6,3302
152906,6-2-5,3344
152906,1-4-2,8
152906,2-4-1,251.4
152906,3-4-1,104.7
152906,4-3-1,191.5
152906,5-3-1,2557
152906,6-3-1,1013
152906,1-4-3,8.6
152906,2-4-3,531.8
152906,3-4-2,203.4
152906,4-3-2,419.7
152906,5-3-2,3281
152906,6-3-2,2258
152906,1-4-5,35.8
152906,2-4-5,1064
152906,3-4-5,327.7
152906,4-3-5,631.6
152906,5-3-4,3674
152906,6-3-4,1843
152906,1-4-6,17.4
152906,2-4-6,728.7
152906,3-4-6,197.4
152906,4-3-6,395.5
152906,5-3-6,4312
152906,6-3-5,3598
152906,1-5-2,157.3
152906,2-5-1,1818
152906,3-5-1,557.4
152906,4-5-1,213.6
152906,5-4-1,1202
152906,6-4-1,953.8
152906,1-5-3,124.5
152906,2-5-3,2062
152906,3-5-2,871
152906,4-5-2,494.1
152906,5-4-2,2121
152906,6-4-2,1651
152906,1-5-4,146
152906,2-5-4,2070
152906,3-5-4,795.3
152906,4-5-3,687.4
152906,5-4-3,2731
152906,6-4-3,2022
152906,1-5-6,171.3
152906,2-5-6,2308
152906,3-5-6,964.4
152906,4-5-6,339.9
152906,5-4-6,2030
152906,6-4-5,2835
152906,1-6-2,73.7
152906,2-6-1,1441
152906,3-6-1,337.9
152906,4-6-1,232.8
152906,5-6-1,3281
152906,6-5-1,3455
152906,1-6-3,57.4
152906,2-6-3,2360
152906,3-6-2,834.8
152906,4-6-2,501.7
152906,5-6-2,3700
152906,6-5-2,4384
152906,1-6-4,58.6
152906,2-6-4,1666
152906,3-6-4,498.8
152906,4-6-3,608.8
152906,5-6-3,4459
152906,6-5-3,5550
152906,1-6-5,183.1
152906,2-6-5,2882
152906,3-6-5,1191
152906,4-6-5,452.5
152906,5-6-4,3700
152906,6-5-4,4276
152907,1-2-3,19.9
152907,2-1-3,50.7
152907,3-1-2,74.3
152907,4-1-2,29.4
152907,5-1-2,417.2
152907,6-1-2,1355
152907,1-2-4,18.1
152907,2-1-4,45.1
152907,3-1-4,29.6
152907,4-1-3,22.8
152907,5-1-3,502.9
152907,6-1-3,1148
152907,1-2-5,46
152907,2-1-5,120.4
152907,3-1-5,98.4
152907,4-1-5,49.9
152907,5-1-4,251.1
152907,6-1-4,726.5
152907,1-2-6,150.2
152907,2-1-6,269.7
152907,3-1-6,202.4
152907,4-1-6,54.2
152907,5-1-6,466.6
152907,6-1-5,1852
152907,1-3-2,22.6
152907,2-3-1,74.9
152907,3-2-1,108.6
152907,4-2-1,54.6
152907,5-2-1,621.6
152907,6-2-1,2089
152907,1-3-4,12.2
152907,2-3-4,38.2
152907,3-2-4,44.7
152907,4-2-3,40
152907,5-2-3,692.1
152907,6-2-3,2028
152907,1-3-5,40.9
152907,2-3-5,121.6
152907,3-2-5,132.9
152907,4-2-5,77.3
152907,5-2-4,417.2
152907,6-2-4,1083
152907,1-3-6,112
152907,2-3-6,280.1
152907,3-2-6,271.1
152907,4-2-6,75.6
152907,5-2-6,1025
152907,6-2-5,2335
152907,1-4-2,17.5
152907,2-4-1,64
152907,3-4-1,36.1
152907,4-3-1,32.8
152907,5-3-1,689.5
152907,6-3-1,1871
152907,1-4-3,13.2
152907,2-4-3,43.3
152907,3-4-2,40.4
152907,4-3-2,34.8
152907,5-3-2,687.8
152907,6-3-2,2315
152907,1-4-5,37.3
152907,2-4-5,98.1
152907,3-4-5,52.4
152907,4-3-5,54.1
152907,5-3-4,372.5
152907,6-3-4,1027
152907,1-4-6,73.4
152907,2-4-6,157
152907,3-4-6,93.8
152907,4-3-6,68.1
152907,5-3-6,1192
152907,6-3-5,2277
152907,1-5-2,106.4
152907,2-5-1,311
152907,3-5-1,209
152907,4-5-1,80.1
152907,5-4-1,250.2
152907,6-4-1,716.2
152907,1-5-3,95.8
152907,2-5-3,246.6
152907,3-5-2,233.9
152907,4-5-2,80.3
152907,5-4-2,225.8
152907,6-4-2,678.6
152907,1-5-4,90.2
152907,2-5-4,210.6
152907,3-5-4,120
152907,4-5-3,82.8
152907,5-4-3,259.4
152907,6-4-3,703.5
152907,1-5-6,296.8
152907,2-5-6,637.3
152907,3-5-6,472.2
152907,4-5-6,78.3
152907,5-4-6,247.1
152907,6-4-5,861.6
152907,1-6-2,390
152907,2-6-1,830.7
152907,3-6-1,586.2
152907,4-6-1,85.9
152907,5-6-1,1392
152907,6-5-1,2223
152907,1-6-3,388.9
152907,2-6-3,775.1
152907,3-6-2,680.2
152907,4-6-2,84
152907,5-6-2,1342
152907,6-5-2,2765
152907,1-6-4,292.2
152907,2-6-4,499.3
152907,3-6-4,377.5
152907,4-6-3,90.6
152907,5-6-3,1462
152907,6-5-3,2481
152907,1-6-5,565.3
152907,2-6-5,966.5
152907,3-6-5,762.3
152907,4-6-5,111.5
152907,5-6-4,732.2
152907,6-5-4,1320
152908,1-2-3,19
152908,2-1-3,41.6
152908,3-1-2,151.3
152908,4-1-2,189.7
152908,5-1-2,32.6
152908,6-1-2,1196
152908,1-2-4,14.8
152908,2-1-4,23.9
152908,3-1-4,197.4
152908,4-1-3,442
152908,5-1-3,63.8
152908,6-1-3,2119
152908,1-2-5,7.7
152908,2-1-5,11.7
152908,3-1-5,92.1
152908,4-1-5,142.4
152908,5-1-4,75.1
152908,6-1-4,1750
152908,1-2-6,52.6
152908,2-1-6,73.9
152908,3-1-6,335.5
152908,4-1-6,361.8
152908,5-1-6,87
152908,6-1-5,999
152908,1-3-2,32
152908,2-3-1,101.1
152908,3-2-1,207.2
152908,4-2-1,201.6
152908,5-2-1,46.6
152908,6-2-1,1104
152908,1-3-4,43.7
152908,2-3-4,119
152908,3-2-4,208.6
152908,4-2-3,476.8
152908,5-2-3,110.6
152908,6-2-3,1962
152908,1-3-5,23.8
152908,2-3-5,66.3
152908,3-2-5,121.5
152908,4-2-5,127.6
152908,5-2-4,78.8
152908,6-2-4,1052
152908,1-3-6,142.8
152908,2-3-6,234.4
152908,3-2-6,364.8
152908,4-2-6,353.1
152908,5-2-6,92.2
152908,6-2-5,718.6
152908,1-4-2,40.5
152908,2-4-1,73.1
152908,3-4-1,327.8
152908,4-3-1,632.7
152908,5-3-1,168.1
152908,6-3-1,3079
152908,1-4-3,79.4
152908,2-4-3,149.6
152908,3-4-2,321.6
152908,4-3-2,578.4
152908,5-3-2,176.6
152908,6-3-2,2497
152908,1-4-5,41.8
152908,2-4-5,42.9
152908,3-4-5,236
152908,4-3-5,368.9
152908,5-3-4,358
152908,6-3-4,2880
152908,1-4-6,145.2
152908,2-4-6,141.7
152908,3-4-6,479.1
152908,4-3-6,567.8
152908,5-3-6,328.4
152908,6-3-5,2282
152908,1-5-2,12.5
152908,2-5-1,27.2
152908,3-5-1,122.8
152908,4-5-1,151.4
152908,5-4-1,156.6
152908,6-4-1,1813
152908,1-5-3,28
152908,2-5-3,67.2
152908,3-5-2,139.5
152908,4-5-2,121.4
152908,5-4-2,116.6
152908,6-4-2,1680
152908,1-5-4,31.6
152908,2-5-4,37.7
152908,3-5-4,201.3
152908,4-5-3,327.8
152908,5-4-3,380.1
152908,6-4-3,3261
152908,1-5-6,44.8
152908,2-5-6,69.3
152908,3-5-6,279.1
152908,4-5-6,207.9
152908,5-4-6,204.7
152908,6-4-5,1406
152908,1-6-2,202.1
152908,2-6-1,342.1
152908,3-6-1,951.1
152908,4-6-1,803.5
152908,5-6-1,197
152908,6-5-1,1087
152908,1-6-3,422.9
152908,2-6-3,686.8
152908,3-6-2,1063
152908,4-6-2,710
152908,5-6-2,165.1
152908,6-5-2,663.2
152908,1-6-4,331
152908,2-6-4,382.8
152908,3-6-4,1152
152908,4-6-3,1206
152908,5-6-3,404
152908,6-5-3,1874
152908,1-6-5,164.8
152908,2-6-5,248.9
152908,3-6-5,846.3
152908,4-6-5,556.3
152908,5-6-4,314.5
152908,6-5-4,1044
152909,1-2-3,5.3
152909,2-1-3,31.1
152909,3-1-2,70.6
152909,4-1-2,0
152909,5-1-2,36
152909,6-1-2,373.7
152909,1-2-4,0
152909,2-1-4,0
152909,3-1-4,0
152909,4-1-3,0
152909,5-1-3,44.5
152909,6-1-3,493.2
152909,1-2-5,5.9
152909,2-1-5,30.3
152909,3-1-5,59.8
152909,4-1-5,0
152909,5-1-4,0
152909,6-1-4,0
152909,1-2-6,29.5
152909,2-1-6,112.8
152909,3-1-6,176
152909,4-1-6,0
152909,5-1-6,50.4
152909,6-1-5,308.5
152909,1-3-2,10.3
152909,2-3-1,60.7
152909,3-2-1,97.3
152909,4-2-1,0
152909,5-2-1,65.6
152909,6-2-1,593
152909,1-3-4,0
152909,2-3-4,0
152909,3-2-4,0
152909,4-2-3,0
152909,5-2-3,108.9
152909,6-2-3,753
152909,1-3-5,9
152909,2-3-5,59.7
152909,3-2-5,101.7
152909,4-2-5,0
152909,5-2-4,0
152909,6-2-4,0
152909,1-3-6,32.3
152909,2-3-6,174.5
152909,3-2-6,246.1
152909,4-2-6,0
152909,5-2-6,118.9
152909,6-2-5,597.4
152909,1-4-2,0
152909,2-4-1,0
152909,3-4-1,0
152909,4-3-1,0
152909,5-3-1,97.4
152909,6-3-1,893.2
152909,1-4-3,0
152909,2-4-3,0
152909,3-4-2,0
152909,4-3-2,0
152909,5-3-2,163.7
152909,6-3-2,1066
152909,1-4-5,0
152909,2-4-5,0
152909,3-4-5,0
152909,4-3-5,0
152909,5-3-4,0
152909,6-3-4,0
152909,1-4-6,0
152909,2-4-6,0
152909,3-4-6,0
152909,4-3-6,0
152909,5-3-6,182.3
152909,6-3-5,1042
152909,1-5-2,9.3
152909,2-5-1,63.1
152909,3-5-1,96.6
152909,4-5-1,0
152909,5-4-1,0
152909,6-4-1,0
152909,1-5-3,11.2
152909,2-5-3,79.8
152909,3-5-2,125.1
152909,4-5-2,0
152909,5-4-2,0
152909,6-4-2,0
152909,1-5-4,0
152909,2-5-4,0
152909,3-5-4,0
152909,4-5-3,0
152909,5-4-3,0
152909,6-4-3,0
152909,1-5-6,23.8
152909,2-5-6,157.5
152909,3-5-6,216
152909,4-5-6,0
152909,5-4-6,0
152909,6-4-5,0
152909,1-6-2,57.9
152909,2-6-1,358.2
152909,3-6-1,423
152909,4-6-1,0
152909,5-6-1,75.3
152909,6-5-1,290
152909,1-6-3,73.7
152909,2-6-3,459.9
152909,3-6-2,544.6
152909,4-6-2,0
152909,5-6-2,108.8
152909,6-5-2,394.1
152909,1-6-4,0
152909,2-6-4,0
152909,3-6-4,0
152909,4-6-3,0
152909,5-6-3,172.6
152909,6-5-3,568.5
152909,1-6-5,59.8
152909,2-6-5,382.5
152909,3-6-5,466.2
152909,4-6-5,0
152909,5-6-4,0
152909,6-5-4,0
152910,1-2-3,4.2
152910,2-1-3,20.8
152910,3-1-2,89
152910,4-1-2,0
152910,5-1-2,105.8
152910,6-1-2,79.7
152910,1-2-4,0
152910,2-1-4,0
152910,3-1-4,0
152910,4-1-3,0
152910,5-1-3,155
152910,6-1-3,137.2
152910,1-2-5,9.7
152910,2-1-5,36
152910,3-1-5,142.6
152910,4-1-5,0
152910,5-1-4,0
152910,6-1-4,0
152910,1-2-6,6.3
152910,2-1-6,22.7
152910,3-1-6,112.1
152910,4-1-6,0
152910,5-1-6,108.3
152910,6-1-5,182.9
152910,1-3-2,10.4
152910,2-3-1,84.8
152910,3-2-1,168.7
152910,4-2-1,0
152910,5-2-1,197.7
152910,6-2-1,131.2
152910,1-3-4,0
152910,2-3-4,0
152910,3-2-4,0
152910,4-2-3,0
152910,5-2-3,396.1
152910,6-2-3,283.6
152910,1-3-5,21.6
152910,2-3-5,182.9
152910,3-2-5,324.7
152910,4-2-5,0
152910,5-2-4,0
152910,6-2-4,0
152910,1-3-6,13.6
152910,2-3-6,142.7
152910,3-2-6,286.2
152910,4-2-6,0
152910,5-2-6,269.5
152910,6-2-5,404.8
152910,1-4-2,0
152910,2-4-1,0
152910,3-4-1,0
152910,4-3-1,0
152910,5-3-1,390.1
152910,6-3-1,327.6
152910,1-4-3,0
152910,2-4-3,0
152910,3-4-2,0
152910,4-3-2,0
152910,5-3-2,566.3
152910,6-3-2,454.1
152910,1-4-5,0
152910,2-4-5,0
152910,3-4-5,0
152910,4-3-5,0
152910,5-3-4,0
152910,6-3-4,0
152910,1-4-6,0
152910,2-4-6,0
152910,3-4-6,0
152910,4-3-6,0
152910,5-3-6,361.2
152910,6-3-5,493.9
152910,1-5-2,21
152910,2-5-1,116
152910,3-5-1,276.6
152910,4-5-1,0
152910,5-4-1,0
152910,6-4-1,0
152910,1-5-3,29
152910,2-5-3,250
152910,3-5-2,414.5
152910,4-5-2,0
152910,5-4-2,0
152910,6-4-2,0
152910,1-5-4,0
152910,2-5-4,0
152910,3-5-4,0
152910,4-5-3,0
152910,5-4-3,0
152910,6-4-3,0
152910,1-5-6,22.7
152910,2-5-6,233.1
152910,3-5-6,277.4
152910,4-5-6,0
152910,5-4-6,0
152910,6-4-5,0
152910,1-6-2,15.3
152910,2-6-1,82.3
152910,3-6-1,227.9
152910,4-6-1,0
152910,5-6-1,166.9
152910,6-5-1,329.9
152910,1-6-3,22
152910,2-6-3,196.9
152910,3-6-2,378.8
152910,4-6-2,0
152910,5-6-2,248.3
152910,6-5-2,496.7
152910,1-6-4,0
152910,2-6-4,0
152910,3-6-4,0
152910,4-6-3,0
152910,5-6-3,299.9
152910,6-5-3,524
152910,1-6-5,31.1
152910,2-6-5,272.8
152910,3-6-5,340.8
152910,4-6-5,0
152910,5-6-4,0
152910,6-5-4,0
152911,1-2-3,11.3
152911,2-1-3,69.1
152911,3-1-2,103.7
152911,4-1-2,75.4
152911,5-1-2,122
152911,6-1-2,438.6
152911,1-2-4,8.6
152911,2-1-4,44.6
152911,3-1-4,71.3
152911,4-1-3,135.5
152911,5-1-3,148.2
152911,6-1-3,681.3
152911,1-2-5,13.8
152911,2-1-5,73
152911,3-1-5,80.9
152911,4-1-5,60.9
152911,5-1-4,108.8
152911,6-1-4,521.9
152911,1-2-6,32.6
152911,2-1-6,143.9
152911,3-1-6,156.2
152911,4-1-6,120.5
152911,5-1-6,155.5
152911,6-1-5,579.5
152911,1-3-2,16.1
152911,2-3-1,192.4
152911,3-2-1,283
152911,4-2-1,157
152911,5-2-1,294
152911,6-2-1,690.4
152911,1-3-4,13.3
152911,2-3-4,273.5
152911,3-2-4,287.9
152911,4-2-3,332.2
152911,5-2-3,507.2
152911,6-2-3,1242
152911,1-3-5,16.9
152911,2-3-5,335.4
152911,3-2-5,349.8
152911,4-2-5,173.1
152911,5-2-4,365.6
152911,6-2-4,988
152911,1-3-6,38.5
152911,2-3-6,570.7
152911,3-2-6,608.4
152911,4-2-6,309.2
152911,5-2-6,351
152911,6-2-5,1189
152911,1-4-2,12.8
152911,2-4-1,122.2
152911,3-4-1,182.5
152911,4-3-1,285.7
152911,5-3-1,360.8
152911,6-3-1,1269
152911,1-4-3,19.1
152911,2-4-3,296.4
152911,3-4-2,228.2
152911,4-3-2,474.7
152911,5-3-2,570.7
152911,6-3-2,1666
152911,1-4-5,15.4
152911,2-4-5,211.6
152911,3-4-5,247.7
152911,4-3-5,247
152911,5-3-4,408.8
152911,6-3-4,1560
152911,1-4-6,33.8
152911,2-4-6,356.8
152911,3-4-6,384.5
152911,4-3-6,348.4
152911,5-3-6,583.6
152911,6-3-5,1765
152911,1-5-2,23.3
152911,2-5-1,266.8
152911,3-5-1,252.4
152911,4-5-1,90.9
152911,5-4-1,174.8
152911,6-4-1,683.6
152911,1-5-3,28.7
152911,2-5-3,504.8
152911,3-5-2,413.7
152911,4-5-2,157.4
152911,5-4-2,243.2
152911,6-4-2,1109
152911,1-5-4,25.1
152911,2-5-4,361.7
152911,3-5-4,246.2
152911,4-5-3,206.7
152911,5-4-3,370.1
152911,6-4-3,1608
152911,1-5-6,51.6
152911,2-5-6,604.9
152911,3-5-6,380.7
152911,4-5-6,129.5
152911,5-4-6,197.7
152911,6-4-5,1007
152911,1-6-2,109
152911,2-6-1,508.5
152911,3-6-1,579.5
152911,4-6-1,265.4
152911,5-6-1,306.4
152911,6-5-1,868.1
152911,1-6-3,130.4
152911,2-6-3,1004
152911,3-6-2,881
152911,4-6-2,441.4
152911,5-6-2,512.3
152911,6-5-2,1313
152911,1-6-4,116.3
152911,2-6-4,750.3
152911,3-6-4,886.6
152911,4-6-3,680.2
152911,5-6-3,886.6
152911,6-5-3,1536
152911,1-6-5,125.4
152911,2-6-5,881
152911,3-6-5,990.3
152911,4-6-5,216.3
152911,5-6-4,400.5
152911,6-5-4,967.2
152912,1-2-3,8.7
152912,2-1-3,43.1
152912,3-1-2,174.1
152912,4-1-2,217.3
152912,5-1-2,36.2
152912,6-1-2,750.1
152912,1-2-4,10.8
152912,2-1-4,45.5
152912,3-1-4,239.8
152912,4-1-3,568.3
152912,5-1-3,84.8
152912,6-1-3,1324
152912,1-2-5,5.9
152912,2-1-5,26.1
152912,3-1-5,130.6
152912,4-1-5,188
152912,5-1-4,109.6
152912,6-1-4,1347
152912,1-2-6,19.9
152912,2-1-6,71.3
152912,3-1-6,285.6
152912,4-1-6,404.6
152912,5-1-6,58.9
152912,6-1-5,531.8
152912,1-3-2,17.3
152912,2-3-1,194.8
152912,3-2-1,379.4
152912,4-2-1,380.9
152912,5-2-1,73.5
152912,6-2-1,1169
152912,1-3-4,31.7
152912,2-3-4,469.6
152912,3-2-4,627.9
152912,4-2-3,1063
152912,5-2-3,235.3
152912,6-2-3,2250
152912,1-3-5,18.5
152912,2-3-5,221.4
152912,3-2-5,393.2
152912,4-2-5,449
152912,5-2-4,304.8
152912,6-2-4,2038
152912,1-3-6,44.8
152912,2-3-6,502.9
152912,3-2-6,784.8
152912,4-2-6,788
152912,5-2-6,156.7
152912,6-2-5,1141
152912,1-4-2,24.7
152912,2-4-1,214.7
152912,3-4-1,697.6
152912,4-3-1,1183
152912,5-3-1,289
152912,6-3-1,1946
152912,1-4-3,50.6
152912,2-4-3,616.9
152912,3-4-2,840.8
152912,4-3-2,1602
152912,5-3-2,346.9
152912,6-3-2,2561
152912,1-4-5,34.6
152912,2-4-5,333
152912,3-4-5,918.1
152912,4-3-5,1463
152912,5-3-4,947.2
152912,6-3-4,2780
152912,1-4-6,65.1
152912,2-4-6,590.7
152912,3-4-6,1057
152912,4-3-6,1563
152912,5-3-6,516.3
152912,6-3-5,2433
152912,1-5-2,9.8
152912,2-5-1,75.2
152912,3-5-1,307
152912,4-5-1,255.7
152912,5-4-1,256.6
152912,6-4-1,1889
152912,1-5-3,21.1
152912,2-5-3,196.2
152912,3-5-2,380.1
152912,4-5-2,376.5
152912,5-4-2,396.8
152912,6-4-2,2162
152912,1-5-4,30.2
152912,2-5-4,307.2
152912,3-5-4,911.7
152912,4-5-3,1029
152912,5-4-3,882.7
152912,6-4-3,3779
152912,1-5-6,23.7
152912,2-5-6,198.8
152912,3-5-6,617.9
152912,4-5-6,379.8
152912,5-4-6,360.1
152912,6-4-5,2093
152912,1-6-2,83.6
152912,2-6-1,471.3
152912,3-6-1,1302
152912,4-6-1,1008
152912,5-6-1,152
152912,6-5-1,614
152912,1-6-3,158.3
152912,2-6-3,1093
152912,3-6-2,1538
152912,4-6-2,1259
152912,5-6-2,214.8
152912,6-5-2,888.8
152912,1-6-4,182
152912,2-6-4,1158
152912,3-6-4,1862
152912,4-6-3,2373
152912,5-6-3,411.9
152912,6-5-3,1769
152912,1-6-5,94
152912,2-6-5,470.7
152912,3-6-5,1231
152912,4-6-5,797.7
152912,5-6-4,482.4
152912,6-5-4,1615
152913,1-2-3,25.9
152913,2-1-3,125.8
152913,3-1-2,178
152913,4-1-2,53.8
152913,5-1-2,184.7
152913,6-1-2,148.5
152913,1-2-4,15.8
152913,2-1-4,76.7
152913,3-1-4,108.1
152913,4-1-3,97.6
152913,5-1-3,321.3
152913,6-1-3,244.8
152913,1-2-5,31.9
152913,2-1-5,109
152913,3-1-5,157.9
152913,4-1-5,30.4
152913,5-1-4,115.5
152913,6-1-4,89.7
152913,1-2-6,15.4
152913,2-1-6,68.5
152913,3-1-6,136.9
152913,4-1-6,49.4
152913,5-1-6,183.4
152913,6-1-5,138.4
152913,1-3-2,34.1
152913,2-3-1,317.1
152913,3-2-1,376
152913,4-2-1,118.2
152913,5-2-1,316.9
152913,6-2-1,281.9
152913,1-3-4,26.8
152913,2-3-4,417.6
152913,3-2-4,393.6
152913,4-2-3,257.4
152913,5-2-3,662.6
152913,6-2-3,672.8
152913,1-3-5,50.6
152913,2-3-5,501.5
152913,3-2-5,564.2
152913,4-2-5,92
152913,5-2-4,271.4
152913,6-2-4,331.3
152913,1-3-6,27.5
152913,2-3-6,443.9
152913,3-2-6,516.9
152913,4-2-6,148.6
152913,5-2-6,400.1
152913,6-2-5,380.6
152913,1-4-2,18.3
152913,2-4-1,168.5
152913,3-4-1,179
152913,4-3-1,195.4
152913,5-3-1,705.3
152913,6-3-1,459.8
152913,1-4-3,35.9
152913,2-4-3,435.1
152913,3-4-2,257.5
152913,4-3-2,306.2
152913,5-3-2,924.5
152913,6-3-2,946.5
152913,1-4-5,17.8
152913,2-4-5,211.5
152913,3-4-5,224
152913,4-3-5,183.8
152913,5-3-4,648.8
152913,6-3-4,464.7
152913,1-4-6,15
152913,2-4-6,194.3
152913,3-4-6,240.9
152913,4-3-6,268.9
152913,5-3-6,930.4
152913,6-3-5,591.7
152913,1-5-2,68.5
152913,2-5-1,312.5
152913,3-5-1,374.4
152913,4-5-1,33.6
152913,5-4-1,97.7
152913,6-4-1,121.6
152913,1-5-3,105.1
152913,2-5-3,732.5
152913,3-5-2,564.2
152913,4-5-2,51.9
152913,5-4-2,135.9
152913,6-4-2,229
152913,1-5-4,46.7
152913,2-5-4,346.8
152913,3-5-4,350.9
152913,4-5-3,122.2
152913,5-4-3,247.3
152913,6-4-3,362.9
152913,1-5-6,54.4
152913,2-5-6,383.6
152913,3-5-6,419.2
152913,4-5-6,48.8
152913,5-4-6,111.8
152913,6-4-5,117.3
152913,1-6-2,21.2
152913,2-6-1,186.4
152913,3-6-1,267.3
152913,4-6-1,83.2
152913,5-6-1,384.2
152913,6-5-1,293.1
152913,1-6-3,39.2
152913,2-6-3,476.9
152913,3-6-2,499.8
152913,4-6-2,147.3
152913,5-6-2,575.4
152913,6-5-2,489.7
152913,1-6-4,17.3
152913,2-6-4,244.5
152913,3-6-4,302.6
152913,4-6-3,258.6
152913,5-6-3,854.1
152913,6-5-3,705.3
152913,1-6-5,29.2
152913,2-6-5,273.3
152913,3-6-5,371.2
152913,4-6-5,71.9
152913,5-6-4,220.8
152913,6-5-4,199.6
152914,1-2-3,10
152914,2-1-3,67.1
152914,3-1-2,54.4
152914,4-1-2,174.3
152914,5-1-2,250.6
152914,6-1-2,501.7
152914,1-2-4,16
152914,2-1-4,86.5
152914,3-1-4,47
152914,4-1-3,196.5
152914,5-1-3,224.4
152914,6-1-3,394.6
152914,1-2-5,18.8
152914,2-1-5,100.6
152914,3-1-5,47.7
152914,4-1-5,122.3
152914,5-1-4,282.4
152914,6-1-4,626.8
152914,1-2-6,18.2
152914,2-1-6,97.7
152914,3-1-6,48.9
152914,4-1-6,138.7
152914,5-1-6,210.5
152914,6-1-5,691.5
152914,1-3-2,9.2
152914,2-3-1,188.5
152914,3-2-1,174.8
152914,4-2-1,451.3
152914,5-2-1,613.1
152914,6-2-1,985.7
152914,1-3-4,11.5
152914,2-3-4,334
152914,3-2-4,294.1
152914,4-2-3,806.9
152914,5-2-3,875.8
152914,6-2-3,1269
152914,1-3-5,11.2
152914,2-3-5,375.7
152914,3-2-5,315.7
152914,4-2-5,708
152914,5-2-4,1100
152914,6-2-4,1704
152914,1-3-6,12.6
152914,2-3-6,319.8
152914,3-2-6,257.5
152914,4-2-6,563.6
152914,5-2-6,756
152914,6-2-5,1911
152914,1-4-2,25.4
152914,2-4-1,355
152914,3-4-1,168.6
152914,4-3-1,389.1
152914,5-3-1,465.9
152914,6-3-1,612.3
152914,1-4-3,25.2
152914,2-4-3,591.4
152914,3-4-2,359.8
152914,4-3-2,780.6
152914,5-3-2,934.4
152914,6-3-2,1250
152914,1-4-5,29.9
152914,2-4-5,672.1
152914,3-4-5,279.7
152914,4-3-5,576.5
152914,5-3-4,1074
152914,6-3-4,1358
152914,1-4-6,29
152914,2-4-6,585.9
152914,3-4-6,249.9
152914,4-3-6,504.7
152914,5-3-6,792.9
152914,6-3-5,1648
152914,1-5-2,28.9
152914,2-5-1,414.8
152914,3-5-1,172.2
152914,4-5-1,180.1
152914,5-4-1,419.3
152914,6-4-1,1127
152914,1-5-3,25.7
152914,2-5-3,679.3
152914,3-5-2,362.4
152914,4-5-2,352.8
152914,5-4-2,798
152914,6-4-2,1828
152914,1-5-4,40.2
152914,2-5-4,891.3
152914,3-5-4,380
152914,4-5-3,491.4
152914,5-4-3,891.3
152914,6-4-3,1664
152914,1-5-6,32.1
152914,2-5-6,628.4
152914,3-5-6,262.6
152914,4-5-6,174.6
152914,5-4-6,377.1
152914,6-4-5,1034
152914,1-6-2,48.6
152914,2-6-1,511.4
152914,3-6-1,227
152914,4-6-1,315.4
152914,5-6-1,460.3
152914,6-5-1,955.7
152914,1-6-3,44
152914,2-6-3,696.3
152914,3-6-2,466.8
152914,4-6-2,561.7
152914,5-6-2,844.9
152914,6-5-2,1698
152914,1-6-4,56.9
152914,2-6-4,939.7
152914,3-6-4,473.8
152914,4-6-3,658
152914,5-6-3,853.5
152914,6-5-3,1470
152914,1-6-5,60.1
152914,2-6-5,974.3
152914,3-6-5,434.1
152914,4-6-5,320
152914,5-6-4,549.4
152914,6-5-4,924.1
152915,1-2-3,14.9
152915,2-1-3,40.6
152915,3-1-2,78.6
152915,4-1-2,243.9
152915,5-1-2,35.4
152915,6-1-2,1364
152915,1-2-4,24.9
152915,2-1-4,67.7
152915,3-1-4,100.4
152915,4-1-3,298.2
152915,5-1-3,45.7
152915,6-1-3,1731
152915,1-2-5,9.3
152915,2-1-5,26.7
152915,3-1-5,46.4
152915,4-1-5,118.8
152915,5-1-4,77.8
152915,6-1-4,2263
152915,1-2-6,70.7
152915,2-1-6,147
152915,3-1-6,163.8
152915,4-1-6,367.1
152915,5-1-6,78.4
152915,6-1-5,849.2
152915,1-3-2,17
152915,2-3-1,86.2
152915,3-2-1,141.1
152915,4-2-1,376.4
152915,5-2-1,67.9
152915,6-2-1,1905
152915,1-3-4,27.2
152915,2-3-4,132.2
152915,3-2-4,166.2
152915,4-2-3,400.9
152915,5-2-3,107.1
152915,6-2-3,2343
152915,1-3-5,11.9
152915,2-3-5,62.5
152915,3-2-5,87.5
152915,4-2-5,200.6
152915,5-2-4,175.9
152915,6-2-4,2646
152915,1-3-6,72.3
152915,2-3-6,240.6
152915,3-2-6,277.2
152915,4-2-6,510
152915,5-2-6,167.4
152915,6-2-5,1291
152915,1-4-2,49.9
152915,2-4-1,197.5
152915,3-4-1,194.8
152915,4-3-1,406
152915,5-3-1,103.7
152915,6-3-1,2451
152915,1-4-3,56.5
152915,2-4-3,217.3
152915,3-4-2,213.9
152915,4-3-2,465.3
152915,5-3-2,145.7
152915,6-3-2,2545
152915,1-4-5,35
152915,2-4-5,152.8
152915,3-4-5,122.2
152915,4-3-5,215.1
152915,5-3-4,168.8
152915,6-3-4,2737
152915,1-4-6,126.2
152915,2-4-6,502.2
152915,3-4-6,415.5
152915,4-3-6,662.7
152915,5-3-6,186
152915,6-3-5,1352
152915,1-5-2,11.9
152915,2-5-1,47.5
152915,3-5-1,68.8
152915,4-5-1,115.9
152915,5-4-1,141.2
152915,6-4-1,3173
152915,1-5-3,15.4
152915,2-5-3,66.1
152915,3-5-2,87.7
152915,4-5-2,152.4
152915,5-4-2,181.1
152915,6-4-2,3040
152915,1-5-4,31.6
152915,2-5-4,116
152915,3-5-4,115
152915,4-5-3,156.5
152915,5-4-3,207.7
152915,6-4-3,3063
152915,1-5-6,39.3
152915,2-5-6,160.4
152915,3-5-6,165.4
152915,4-5-6,168.7
152915,5-4-6,143.8
152915,6-4-5,1505
152915,1-6-2,174.8
152915,2-6-1,694.5
152915,3-6-1,798.2
152915,4-6-1,863
152915,5-6-1,192.5
152915,6-5-1,866.8
152915,1-6-3,187.4
152915,2-6-3,858.4
152915,3-6-2,956.3
152915,4-6-2,1008
152915,5-6-2,197
152915,6-5-2,1107
152915,1-6-4,300.9
152915,2-6-4,1149
152915,3-6-4,1021
152915,4-6-3,1138
152915,5-6-3,244.9
152915,6-5-3,1185
152915,1-6-5,150.4
152915,2-6-5,366.4
152915,3-6-5,402.5
152915,4-6-5,409.1
152915,5-6-4,251.7
152915,6-5-4,1297
152916,1-2-3,14.5
152916,2-1-3,49.3
152916,3-1-2,54.8
152916,4-1-2,49.1
152916,5-1-2,382.5
152916,6-1-2,1343
152916,1-2-4,12
152916,2-1-4,38.5
152916,3-1-4,21.7
152916,4-1-3,41.4
152916,5-1-3,376.1
152916,6-1-3,1053
152916,1-2-5,37.8
152916,2-1-5,111.1
152916,3-1-5,48
152916,4-1-5,53.6
152916,5-1-4,308.3
152916,6-1-4,1186
152916,1-2-6,72
152916,2-1-6,179.4
152916,3-1-6,80.2
152916,4-1-6,86.7
152916,5-1-6,527.2
152916,6-1-5,2234
152916,1-3-2,16
152916,2-3-1,117.9
152916,3-2-1,127.8
152916,4-2-1,107
152916,5-2-1,610.6
152916,6-2-1,2037
152916,1-3-4,9.1
152916,2-3-4,69.5
152916,3-2-4,63.6
152916,4-2-3,76.8
152916,5-2-3,746.6
152916,6-2-3,1680
152916,1-3-5,26.7
152916,2-3-5,230.5
152916,3-2-5,225.4
152916,4-2-5,155.9
152916,5-2-4,643.1
152916,6-2-4,1437
152916,1-3-6,53.8
152916,2-3-6,310.4
152916,3-2-6,233.4
152916,4-2-6,162.2
152916,5-2-6,1176
152916,6-2-5,3142
152916,1-4-2,13.9
152916,2-4-1,88.5
152916,3-4-1,34.9
152916,4-3-1,60.9
152916,5-3-1,618
152916,6-3-1,1938
152916,1-4-3,12.1
152916,2-4-3,77
152916,3-4-2,62.7
152916,4-3-2,75.5
152916,5-3-2,832.7
152916,6-3-2,1835
152916,1-4-5,23.3
152916,2-4-5,174.4
152916,3-4-5,58.6
152916,4-3-5,80.4
152916,5-3-4,475.8
152916,6-3-4,984.5
152916,1-4-6,38.4
152916,2-4-6,255
152916,3-4-6,82.3
152916,4-3-6,97.4
152916,5-3-6,946
152916,6-3-5,1479
152916,1-5-2,85.2
152916,2-5-1,393.1
152916,3-5-1,163.2
152916,4-5-1,95.8
152916,5-4-1,387.1
152916,6-4-1,1584
152916,1-5-3,78.8
152916,2-5-3,435.9
152916,3-5-2,326.6
152916,4-5-2,146
152916,5-4-2,560.2
152916,6-4-2,1448
152916,1-5-4,67.9
152916,2-5-4,451.8
152916,3-5-4,167.9
152916,4-5-3,138.1
152916,5-4-3,409
152916,6-4-3,1067
152916,1-5-6,153
152916,2-5-6,955.8
152916,3-5-6,358.4
152916,4-5-6,127.6
152916,5-4-6,469.4
152916,6-4-5,1092
152916,1-6-2,237.6
152916,2-6-1,892.9
152916,3-6-1,467.8
152916,4-6-1,215.2
152916,5-6-1,1219
152916,6-5-1,2450
152916,1-6-3,220.7
152916,2-6-3,764.1
152916,3-6-2,469.4
152916,4-6-2,220.3
152916,5-6-2,1617
152916,6-5-2,2943
152916,1-6-4,186.2
152916,2-6-4,728.1
152916,3-6-4,344.8
152916,4-6-3,219.4
152916,5-6-3,1128
152916,6-5-3,1607
152916,1-6-5,320.8
152916,2-6-5,1318
152916,3-6-5,603.3
152916,4-6-5,236.5
152916,5-6-4,802.7
152916,6-5-4,1095
152917,1-2-3,11.2
152917,2-1-3,52.6
152917,3-1-2,47
152917,4-1-2,211.3
152917,5-1-2,136.9
152917,6-1-2,1144
152917,1-2-4,18.9
152917,2-1-4,67.8
152917,3-1-4,29.3
152917,4-1-3,235
152917,5-1-3,90.9
152917,6-1-3,1108
152917,1-2-5,17.2
152917,2-1-5,64.7
152917,3-1-5,22.9
152917,4-1-5,184.9
152917,5-1-4,171
152917,6-1-4,1797
152917,1-2-6,48.3
152917,2-1-6,153.8
152917,3-1-6,48.7
152917,4-1-6,311.1
152917,5-1-6,135.9
152917,6-1-5,1248
152917,1-3-2,10.3
152917,2-3-1,106.5
152917,3-2-1,113.4
152917,4-2-1,372.7
152917,5-2-1,317.9
152917,6-2-1,1780
152917,1-3-4,10.3
152917,2-3-4,187.9
152917,3-2-4,178.7
152917,4-2-3,575.2
152917,5-2-3,377.9
152917,6-2-3,2381
152917,1-3-5,9.1
152917,2-3-5,142.3
152917,3-2-5,129.1
152917,4-2-5,595.9
152917,5-2-4,680.7
152917,6-2-4,2553
152917,1-3-6,23.7
152917,2-3-6,338.1
152917,3-2-6,270.5
152917,4-2-6,805
152917,5-2-6,564.9
152917,6-2-5,2322
152917,1-4-2,27.1
152917,2-4-1,203.9
152917,3-4-1,76.8
152917,4-3-1,308.2
152917,5-3-1,149.8
152917,6-3-1,1450
152917,1-4-3,23.2
152917,2-4-3,332.7
152917,3-4-2,172.1
152917,4-3-2,487.7
152917,5-3-2,309.5
152917,6-3-2,2807
152917,1-4-5,32.7
152917,2-4-5,336.9
152917,3-4-5,79.5
152917,4-3-5,341.4
152917,5-3-4,318.1
152917,6-3-4,2178
152917,1-4-6,51.9
152917,2-4-6,533.9
152917,3-4-6,133.1
152917,4-3-6,478.2
152917,5-3-6,241
152917,6-3-5,1785
152917,1-5-2,27.5
152917,2-5-1,217.4
152917,3-5-1,58
152917,4-5-1,289.8
152917,5-4-1,434.7
152917,6-4-1,2649
152917,1-5-3,20.3
152917,2-5-3,279.6
152917,3-5-2,127.3
152917,4-5-2,503.8
152917,5-4-2,740.6
152917,6-4-2,2909
152917,1-5-4,42.5
152917,2-5-4,468.3
152917,3-5-4,95.1
152917,4-5-3,440.8
152917,5-4-3,595.9
152917,6-4-3,2700
152917,1-5-6,48.3
152917,2-5-6,495.9
152917,3-5-6,102.2
152917,4-5-6,426.2
152917,5-4-6,514.4
152917,6-4-5,2576
152917,1-6-2,159.4
152917,2-6-1,738.6
152917,3-6-1,263.3
152917,4-6-1,865.5
152917,5-6-1,523
152917,6-5-1,1525
152917,1-6-3,131.5
152917,2-6-3,997
152917,3-6-2,586
152917,4-6-2,1031
152917,5-6-2,877.6
152917,6-5-2,2015
152917,1-6-4,181.7
152917,2-6-4,1085
152917,3-6-4,343.2
152917,4-6-3,998.8
152917,5-6-3,704.5
152917,6-5-3,1669
152917,1-6-5,145.5
152917,2-6-5,898.6
152917,3-6-5,274.7
152917,4-6-5,760.5
152917,5-6-4,877.6
152917,6-5-4,2052
152918,1-2-3,14.1
152918,2-1-3,74.7
152918,3-1-2,79.1
152918,4-1-2,99.1
152918,5-1-2,65.3
152918,6-1-2,736.5
152918,1-2-4,16.3
152918,2-1-4,84.1
152918,3-1-4,78
152918,4-1-3,191.2
152918,5-1-3,94.1
152918,6-1-3,1040
152918,1-2-5,12.6
152918,2-1-5,62.6
152918,3-1-5,56.8
152918,4-1-5,52.7
152918,5-1-4,66.5
152918,6-1-4,790.6
152918,1-2-6,36.1
152918,2-1-6,141.8
152918,3-1-6,115.1
152918,4-1-6,92
152918,5-1-6,61.7
152918,6-1-5,511.8
152918,1-3-2,14.1
152918,2-3-1,223.1
152918,3-2-1,199.5
152918,4-2-1,272.8
152918,5-2-1,161.1
152918,6-2-1,1169
152918,1-3-4,17.8
152918,2-3-4,376.7
152918,3-2-4,313.8
152918,4-2-3,696.2
152918,5-2-3,409.9
152918,6-2-3,2339
152918,1-3-5,12.8
152918,2-3-5,302.6
152918,3-2-5,255
152918,4-2-5,358.2
152918,5-2-4,320.5
152918,6-2-4,2123
152918,1-3-6,27.7
152918,2-3-6,555.6
152918,3-2-6,428.3
152918,4-2-6,519.1
152918,5-2-6,241
152918,6-2-5,1566
152918,1-4-2,20.8
152918,2-4-1,248.7
152918,3-4-1,290.2
152918,4-3-1,626.5
152918,5-3-1,275.3
152918,6-3-1,1777
152918,1-4-3,32.3
152918,2-4-3,545
152918,3-4-2,430.2
152918,4-3-2,946.2
152918,5-3-2,568.5
152918,6-3-2,2939
152918,1-4-5,15.4
152918,2-4-5,369.8
152918,3-4-5,273.4
152918,4-3-5,636.3
152918,5-3-4,532
152918,6-3-4,2729
152918,1-4-6,31.9
152918,2-4-6,596.1
152918,3-4-6,370.8
152918,4-3-6,821.8
152918,5-3-6,446.4
152918,6-3-5,1910
152918,1-5-2,17.2
152918,2-5-1,162
152918,3-5-1,169.8
152918,4-5-1,69.7
152918,5-4-1,108.5
152918,6-4-1,1061
152918,1-5-3,21.3
152918,2-5-3,358.6
152918,3-5-2,272.4
152918,4-5-2,173.6
152918,5-4-2,233.9
152918,6-4-2,1854
152918,1-5-4,20
152918,2-5-4,404.6
152918,3-5-4,252.9
152918,4-5-3,326.7
152918,5-4-3,434.5
152918,6-4-3,2474
152918,1-5-6,24.3
152918,2-5-6,384.9
152918,3-5-6,245.2
152918,4-5-6,88.2
152918,5-4-6,133.3
152918,6-4-5,792.5
152918,1-6-2,87.9
152918,2-6-1,684.4
152918,3-6-1,541.6
152918,4-6-1,260.9
152918,5-6-1,162.8
152918,6-5-1,589.9
152918,1-6-3,90
152918,2-6-3,1348
152918,3-6-2,929.5
152918,4-6-2,533.2
152918,5-6-2,287.4
152918,6-5-2,1138
152918,1-6-4,95.3
152918,2-6-4,1340
152918,3-6-4,853.4
152918,4-6-3,960.7
152918,5-6-3,435.9
152918,6-5-3,1348
152918,1-6-5,69.7
152918,2-6-5,782.5
152918,3-6-5,640.5
152918,4-6-5,240.7
152918,5-6-4,249.1
152918,6-5-4,715
152919,1-2-3,5.7
152919,2-1-3,41.6
152919,3-1-2,55.2
152919,4-1-2,400.8
152919,5-1-2,106.6
152919,6-1-2,1045
152919,1-2-4,14.3
152919,2-1-4,90.2
152919,3-1-4,97.8
152919,4-1-3,415.2
152919,5-1-3,98.1
152919,6-1-3,855.3
152919,1-2-5,10.4
152919,2-1-5,60.6
152919,3-1-5,63.2
152919,4-1-5,393.1
152919,5-1-4,312.2
152919,6-1-4,1622
152919,1-2-6,20
152919,2-1-6,139
152919,3-1-6,146.5
152919,4-1-6,630.8
152919,5-1-6,185.7
152919,6-1-5,1266
152919,1-3-2,7.2
152919,2-3-1,133.6
152919,3-2-1,143
152919,4-2-1,824.2
152919,5-2-1,300.1
152919,6-2-1,1650
152919,1-3-4,14.6
152919,2-3-4,397.4
152919,3-2-4,420.8
152919,4-2-3,1237
152919,5-2-3,455.4
152919,6-2-3,2152
152919,1-3-5,8.8
152919,2-3-5,287.3
152919,3-2-5,314.9
152919,4-2-5,1560
152919,5-2-4,1298
152919,6-2-4,3920
152919,1-3-6,19.7
152919,2-3-6,463.1
152919,3-2-6,601.9
152919,4-2-6,1742
152919,5-2-6,738.3
152919,6-2-5,2940
152919,1-4-2,32.6
152919,2-4-1,482.8
152919,3-4-1,323.4
152919,4-3-1,685.3
152919,5-3-1,251.2
152919,6-3-1,1667
152919,1-4-3,31.7
152919,2-4-3,674.7
152919,3-4-2,538.4
152919,4-3-2,1419
152919,5-3-2,546.9
152919,6-3-2,2966
152919,1-4-5,48.4
152919,2-4-5,872.2
152919,3-4-5,517.7
152919,4-3-5,1247
152919,5-3-4,1288
152919,6-3-4,3212
152919,1-4-6,58.9
152919,2-4-6,1112
152919,3-4-6,734.2
152919,4-3-6,1490
152919,5-3-6,833.6
152919,6-3-5,2927
152919,1-5-2,17.5
152919,2-5-1,256.6
152919,3-5-1,181.7
152919,4-5-1,711.9
152919,5-4-1,999.3
152919,6-4-1,2755
152919,1-5-3,15.6
152919,2-5-3,378.7
152919,3-5-2,351.4
152919,4-5-2,1268
152919,5-4-2,1876
152919,6-4-2,4807
152919,1-5-4,52.8
152919,2-5-4,881.6
152919,3-5-4,593.3
152919,4-5-3,1242
152919,5-4-3,1634
152919,6-4-3,3679
152919,1-5-6,39.6
152919,2-5-6,766.6
152919,3-5-6,540.2
152919,4-5-6,1281
152919,5-4-6,1460
152919,6-4-5,4090
152919,1-6-2,72.6
152919,2-6-1,967
152919,3-6-1,685.3
152919,4-6-1,1520
152919,5-6-1,630.2
152919,6-5-1,1663
152919,1-6-3,62.3
152919,2-6-3,1090
152919,3-6-2,1330
152919,4-6-2,2224
152919,5-6-2,1199
152919,6-5-2,3077
152919,1-6-4,135
152919,2-6-4,1931
152919,3-6-4,1416
152919,4-6-3,2173
152919,5-6-3,1147
152919,6-5-3,2863
152919,1-6-5,122.7
152919,2-6-5,1517
152919,3-6-5,1252
152919,4-6-5,2138
152919,5-6-4,1737
152919,6-5-4,3260
152920,1-2-3,10
152920,2-1-3,45.9
152920,3-1-2,43.9
152920,4-1-2,83.7
152920,5-1-2,307.5
152920,6-1-2,1829
152920,1-2-4,11.5
152920,2-1-4,62.6
152920,3-1-4,19.7
152920,4-1-3,58.8
152920,5-1-3,222.6
152920,6-1-3,2177
152920,1-2-5,26.5
152920,2-1-5,121.1
152920,3-1-5,34.5
152920,4-1-5,88.8
152920,5-1-4,302.5
152920,6-1-4,2589
152920,1-2-6,73.4
152920,2-1-6,237.3
152920,3-1-6,91.7
152920,4-1-6,171.8
152920,5-1-6,510.3
152920,6-1-5,3039
152920,1-3-2,9.3
152920,2-3-1,127.5
152920,3-2-1,146.7
152920,4-2-1,166.2
152920,5-2-1,667.2
152920,6-2-1,2365
152920,1-3-4,6.6
152920,2-3-4,206.7
152920,3-2-4,231.7
152920,4-2-3,224.4
152920,5-2-3,869
152920,6-2-3,3476
152920,1-3-5,12.6
152920,2-3-5,304.2
152920,3-2-5,339.3
152920,4-2-5,292.9
152920,5-2-4,1061
152920,6-2-4,3616
152920,1-3-6,44.6
152920,2-3-6,766.3
152920,3-2-6,791.4
152920,4-2-6,545.7
152920,5-2-6,1382
152920,6-2-5,3813
152920,1-4-2,13
152920,2-4-1,172.8
152920,3-4-1,50.5
152920,4-3-1,94.5
152920,5-3-1,362.2
152920,6-3-1,2448
152920,1-4-3,10.9
152920,2-4-3,226.5
152920,3-4-2,148.6
152920,4-3-2,214.4
152920,5-3-2,825.7
152920,6-3-2,3745
152920,1-4-5,24
152920,2-4-5,388.1
152920,3-4-5,114.1
152920,4-3-5,162.4
152920,5-3-4,619.2
152920,6-3-4,2321
152920,1-4-6,54
152920,2-4-6,754.4
152920,3-4-6,199.9
152920,4-3-6,291.5
152920,5-3-6,1353
152920,6-3-5,3723
152920,1-5-2,59.4
152920,2-5-1,471.6
152920,3-5-1,151.5
152920,4-5-1,145.1
152920,5-4-1,400
152920,6-4-1,3099
152920,1-5-3,42.9
152920,2-5-3,533.2
152920,3-5-2,402
152920,4-5-2,276.6
152920,5-4-2,799.4
152920,6-4-2,3790
152920,1-5-4,54.9
152920,2-5-4,712.5
152920,3-5-4,240
152920,4-5-3,206.6
152920,5-4-3,598.6
152920,6-4-3,2496
152920,1-5-6,148.4
152920,2-5-6,1367
152920,3-5-6,565.3
152920,4-5-6,300.9
152920,5-4-6,716.6
152920,6-4-5,3346
152920,1-6-2,273.3
152920,2-6-1,1413
152920,3-6-1,703.8
152920,4-6-1,492.3
152920,5-6-1,1167
152920,6-5-1,3723
152920,1-6-3,211.4
152920,2-6-3,2147
152920,3-6-2,1459
152920,4-6-2,891.2
152920,5-6-2,1867
152920,6-5-2,4695
152920,1-6-4,242.4
152920,2-6-4,2192
152920,3-6-4,787.4
152920,4-6-3,693.7
152920,5-6-3,1792
152920,6-5-3,4085
152920,1-6-5,343.8
152920,2-6-5,2016
152920,3-6-5,1347
152920,4-6-5,699.1
152920,5-6-4,1527
152920,6-5-4,3457
152921,1-2-3,7.3
152921,2-1-3,25.3
152921,3-1-2,148.1
152921,4-1-2,49.6
152921,5-1-2,217.1
152921,6-1-2,488.1
152921,1-2-4,4.9
152921,2-1-4,12.9
152921,3-1-4,211.4
152921,4-1-3,216.8
152921,5-1-3,684
152921,6-1-3,1512
152921,1-2-5,21
152921,2-1-5,49.4
152921,3-1-5,445.7
152921,4-1-5,90.9
152921,5-1-4,309.2
152921,6-1-4,740
152921,1-2-6,15.1
152921,2-1-6,36.2
152921,3-1-6,505.8
152921,4-1-6,75.2
152921,5-1-6,342.8
152921,6-1-5,1878
152921,1-3-2,16.9
152921,2-3-1,106.1
152921,3-2-1,225.2
152921,4-2-1,61.8
152921,5-2-1,296.7
152921,6-2-1,646.6
152921,1-3-4,25.4
152921,2-3-4,122.7
152921,3-2-4,232.1
152921,4-2-3,236.3
152921,5-2-3,1093
152921,6-2-3,1632
152921,1-3-5,79
152921,2-3-5,257
152921,3-2-5,742.8
152921,4-2-5,124.3
152921,5-2-4,446.9
152921,6-2-4,647
152921,1-3-6,79.4
152921,2-3-6,279.4
152921,3-2-6,612
152921,4-2-6,88
152921,5-2-6,612.7
152921,6-2-5,2040
152921,1-4-2,11.7
152921,2-4-1,34.8
152921,3-4-1,472.1
152921,4-3-1,594.4
152921,5-3-1,1565
152921,6-3-1,3106
152921,1-4-3,31.6
152921,2-4-3,103.8
152921,3-4-2,315.9
152921,4-3-2,465.5
152921,5-3-2,1725
152921,6-3-2,2595
152921,1-4-5,47
152921,2-4-5,137.2
152921,3-4-5,1151
152921,4-3-5,1055
152921,5-3-4,2693
152921,6-3-4,2949
152921,1-4-6,32.1
152921,2-4-6,77.3
152921,3-4-6,818.7
152921,4-3-6,827.5
152921,5-3-6,2799
152921,6-3-5,4229
152921,1-5-2,41.4
152921,2-5-1,206.8
152921,3-5-1,1334
152921,4-5-1,127.1
152921,5-4-1,371
152921,6-4-1,849.5
152921,1-5-3,107.8
152921,2-5-3,483.4
152921,3-5-2,1213
152921,4-5-2,141.2
152921,5-4-2,368.2
152921,6-4-2,600.9
152921,1-5-4,74.5
152921,2-5-4,335.4
152921,3-5-4,1743
152921,4-5-3,630.6
152921,5-4-3,1570
152921,6-4-3,2650
152921,1-5-6,113.3
152921,2-5-6,423.1
152921,3-5-6,2389
152921,4-5-6,152.3
152921,5-4-6,439
152921,6-4-5,1648
152921,1-6-2,59.5
152921,2-6-1,206.8
152921,3-6-1,1850
152921,4-6-1,155.9
152921,5-6-1,1022
152921,6-5-1,2629
152921,1-6-3,193.5
152921,2-6-3,565
152921,3-6-2,1670
152921,4-6-2,147.9
152921,5-6-2,1076
152921,6-5-2,2284
152921,1-6-4,96.9
152921,2-6-4,221.5
152921,3-6-4,1929
152921,4-6-3,654.3
152921,5-6-3,2671
152921,6-5-3,4158
152921,1-6-5,239.7
152921,2-6-5,554.9
152921,3-6-5,3086
152921,4-6-5,249.2
152921,5-6-4,923.7
152921,6-5-4,1790
152922,1-2-3,13.8
152922,2-1-3,81.5
152922,3-1-2,98.7
152922,4-1-2,35.2
152922,5-1-2,406.3
152922,6-1-2,754.5
152922,1-2-4,6.6
152922,2-1-4,33.1
152922,3-1-4,56.2
152922,4-1-3,58
152922,5-1-3,479.6
152922,6-1-3,1228
152922,1-2-5,29
152922,2-1-5,134.2
152922,3-1-5,120.1
152922,4-1-5,47.8
152922,5-1-4,309.9
152922,6-1-4,644.9
152922,1-2-6,29.4
152922,2-1-6,133.9
152922,3-1-6,138
152922,4-1-6,55.8
152922,5-1-6,456
152922,6-1-5,1379
152922,1-3-2,17.8
152922,2-3-1,230.5
152922,3-2-1,295.8
152922,4-2-1,85.7
152922,5-2-1,822.6
152922,6-2-1,1175
152922,1-3-4,11.3
152922,2-3-4,228.8
152922,3-2-4,318.3
152922,4-2-3,241
152922,5-2-3,1341
152922,6-2-3,2451
152922,1-3-5,33.9
152922,2-3-5,589.4
152922,3-2-5,633.7
152922,4-2-5,215.9
152922,5-2-4,948.3
152922,6-2-4,1288
152922,1-3-6,39.2
152922,2-3-6,712.8
152922,3-2-6,643.6
152922,4-2-6,219.4
152922,5-2-6,1343
152922,6-2-5,2558
152922,1-4-2,7
152922,2-4-1,74.7
152922,3-4-1,122.9
152922,4-3-1,166.5
152922,5-3-1,1037
152922,6-3-1,1883
152922,1-4-3,11.2
152922,2-4-3,199.4
152922,3-4-2,233
152922,4-3-2,314.3
152922,5-3-2,1546
152922,6-3-2,2824
152922,1-4-5,16
152922,2-4-5,230
152922,3-4-5,251.9
152922,4-3-5,328.1
152922,5-3-4,1408
152922,6-3-4,2141
152922,1-4-6,16.4
152922,2-4-6,230.8
152922,3-4-6,249.7
152922,4-3-6,324.1
152922,5-3-6,1883
152922,6-3-5,3210
152922,1-5-2,59.7
152922,2-5-1,504
152922,3-5-1,487.3
152922,4-5-1,113
152922,5-4-1,445.3
152922,6-4-1,890
152922,1-5-3,75
152922,2-5-3,929.3
152922,3-5-2,772.6
152922,4-5-2,197.3
152922,5-4-2,765.1
152922,6-4-2,1154
152922,1-5-4,51.4
152922,2-5-4,540.9
152922,3-5-4,539.2
152922,4-5-3,302.5
152922,5-4-3,1068
152922,6-4-3,1887
152922,1-5-6,87.9
152922,2-5-6,1043
152922,3-5-6,755.9
152922,4-5-6,173.8
152922,5-4-6,669.3
152922,6-4-5,1565
152922,1-6-2,96.9
152922,2-6-1,608.1
152922,3-6-1,652.6
152922,4-6-1,190.3
152922,5-6-1,1308
152922,6-5-1,2366
152922,1-6-3,137.5
152922,2-6-3,1274
152922,3-6-2,1145
152922,4-6-2,298.1
152922,5-6-2,1785
152922,6-5-2,3121
152922,1-6-4,77.6
152922,2-6-4,588.5
152922,3-6-4,661.4
152922,4-6-3,449
152922,5-6-3,2311
152922,6-5-3,3404
152922,1-6-5,158.2
152922,2-6-5,1332
152922,3-6-5,1233
152922,4-6-5,302.1
152922,5-6-4,1216
152922,6-5-4,1704
152851,1-2-3,21.2
152851,2-1-3,27.6
152851,3-1-2,17.7
152851,4-1-2,170.4
152851,5-1-2,576.9
152851,6-1-2,2956
152851,1-2-4,35.1
152851,2-1-4,42.3
152851,3-1-4,16.7
152851,4-1-3,115.8
152851,5-1-3,371.9
152851,6-1-3,2688
152851,1-2-5,78.9
152851,2-1-5,98.3
152851,3-1-5,35.4
152851,4-1-5,208.9
152851,5-1-4,177.5
152851,6-1-4,4078
152851,1-2-6,152.8
152851,2-1-6,158.9
152851,3-1-6,103.7
152851,4-1-6,331.3
152851,5-1-6,1245
152851,6-1-5,5142
152851,1-3-2,15.3
152851,2-3-1,27.9
152851,3-2-1,21.7
152851,4-2-1,176
152851,5-2-1,609.6
152851,6-2-1,3942
152851,1-3-4,18.6
152851,2-3-4,15.3
152851,3-2-4,13.3
152851,4-2-3,83.1
152851,5-2-3,346.8
152851,6-2-3,2004
152851,1-3-5,45.4
152851,2-3-5,37.3
152851,3-2-5,25.7
152851,4-2-5,155.4
152851,5-2-4,482.7
152851,6-2-4,3379
152851,1-3-6,114.8
152851,2-3-6,60.9
152851,3-2-6,60.2
152851,4-2-6,189.8
152851,5-2-6,753.3
152851,6-2-5,3478
152851,1-4-2,62.4
152851,2-4-1,66.5
152851,3-4-1,24.6
152851,4-3-1,99.2
152851,5-3-1,379
152851,6-3-1,2039
152851,1-4-3,47.6
152851,2-4-3,31.9
152851,3-4-2,16.3
152851,4-3-2,69.4
152851,5-3-2,308.8
152851,6-3-2,1938
152851,1-4-5,115.1
152851,2-4-5,88.5
152851,3-4-5,27
152851,4-3-5,94.8
152851,5-3-4,376.6
152851,6-3-4,1556
152851,1-4-6,170.1
152851,2-4-6,92.9
152851,3-4-6,68.1
152851,4-3-6,149.5
152851,5-3-6,576.9
152851,6-3-5,3032
152851,1-5-2,187.7
152851,2-5-1,241.8
152851,3-5-1,90.4
152851,4-5-1,300.1
152851,5-4-1,748.5
152851,6-4-1,5142
152851,1-5-3,155.4
152851,2-5-3,139.3
152851,3-5-2,65.7
152851,4-5-2,236
152851,5-4-2,622.5
152851,6-4-2,4224
152851,1-5-4,247.9
152851,2-5-4,184.5
152851,3-5-4,82.9
152851,4-5-3,193.5
152851,5-4-3,426.9
152851,6-4-3,2816
152851,1-5-6,594.3
152851,2-5-6,354.1
152851,3-5-6,184.2
152851,4-5-6,297.1
152851,5-4-6,600.3
152851,6-4-5,4731
152851,1-6-2,788.5
152851,2-6-1,748.5
152851,3-6-1,381.5
152851,4-6-1,1056
152851,5-6-1,1819
152851,6-5-1,4224
152851,1-6-3,646.3
152851,2-6-3,355.1
152851,3-6-2,300.9
152851,4-6-2,712.5
152851,5-6-2,1792
152851,6-5-2,3285
152851,1-6-4,683.6
152851,2-6-4,394.2
152851,3-6-4,330.3
152851,4-6-3,532.7
152851,5-6-3,1159
152851,6-5-3,3942
152851,1-6-5,1148
152851,2-6-5,938.7
152851,3-6-5,366.1
152851,4-6-5,773
152851,5-6-4,1497
152851,6-5-4,5142
152852,1-2-3,33.9
152852,2-1-3,20.6
152852,3-1-2,100.3
152852,4-1-2,54.5
152852,5-1-2,498.1
152852,6-1-2,2439
152852,1-2-4,40.5
152852,2-1-4,24
152852,3-1-4,148.1
152852,4-1-3,85
152852,5-1-3,175
152852,6-1-3,3146
152852,1-2-5,111.8
152852,2-1-5,61.1
152852,3-1-5,304.9
152852,4-1-5,69.4
152852,5-1-4,444.4
152852,6-1-4,3856
152852,1-2-6,300.3
152852,2-1-6,144.7
152852,3-1-6,474.4
152852,4-1-6,127.1
152852,5-1-6,830.2
152852,6-1-5,7032
152852,1-3-2,63
152852,2-3-1,24.3
152852,3-2-1,69
152852,4-2-1,34.6
152852,5-2-1,290.1
152852,6-2-1,2391
152852,1-3-4,98.9
152852,2-3-4,8.3
152852,3-2-4,29.7
152852,4-2-3,21.6
152852,5-2-3,219.3
152852,6-2-3,1552
152852,1-3-5,281.9
152852,2-3-5,27.8
152852,3-2-5,69.6
152852,4-2-5,17.6
152852,5-2-4,107.9
152852,6-2-4,1048
152852,1-3-6,472.5
152852,2-3-6,58.1
152852,3-2-6,156
152852,4-2-6,29.9
152852,5-2-6,248.5
152852,6-2-5,2299
152852,1-4-2,61.9
152852,2-4-1,24.1
152852,3-4-1,173.5
152852,4-3-1,144
152852,5-3-1,964.1
152852,6-3-1,3415
152852,1-4-3,94.4
152852,2-4-3,10
152852,3-4-2,61.2
152852,4-3-2,51.4
152852,5-3-2,478.2
152852,6-3-2,1732
152852,1-4-5,130.9
152852,2-4-5,17.1
152852,3-4-5,182.5
152852,4-3-5,119.4
152852,5-3-4,569.2
152852,6-3-4,2656
152852,1-4-6,476.2
152852,2-4-6,31
152852,3-4-6,313.7
152852,4-3-6,169.8
152852,5-3-6,1039
152852,6-3-5,7032
152852,1-5-2,289.4
152852,2-5-1,119.1
152852,3-5-1,609.9
152852,4-5-1,76.2
152852,5-4-1,251.6
152852,6-4-1,3320
152852,1-5-3,451.1
152852,2-5-3,64.3
152852,3-5-2,273.5
152852,4-5-2,30.3
152852,5-4-2,101.7
152852,6-4-2,1219
152852,1-5-4,436.3
152852,2-5-4,44.1
152852,3-5-4,305.7
152852,4-5-3,109.6
152852,5-4-3,277.3
152852,6-4-3,2213
152852,1-5-6,1096
152852,2-5-6,158.3
152852,3-5-6,737.9
152852,4-5-6,71.9
152852,5-4-6,219.3
152852,6-4-5,2598
152852,1-6-2,885.5
152852,2-6-1,320.5
152852,3-6-1,1245
152852,4-6-1,225.9
152852,5-6-1,1183
152852,6-5-1,5197
152852,1-6-3,1219
152852,2-6-3,185.9
152852,3-6-2,675.4
152852,4-6-2,110.6
152852,5-6-2,818.8
152852,6-5-2,3146
152852,1-6-4,1138
152852,2-6-4,193.7
152852,3-6-4,956.4
152852,4-6-3,213.4
152852,5-6-3,1732
152852,6-5-3,6641
152852,1-6-5,1532
152852,2-6-5,384.4
152852,3-6-5,1573
152852,4-6-5,178.9
152852,5-6-4,885.5
152852,6-5-4,3320
152853,1-2-3,24.8
152853,2-1-3,42.4
152853,3-1-2,26.5
152853,4-1-2,101.2
152853,5-1-2,714.2
152853,6-1-2,2541
152853,1-2-4,28.9
152853,2-1-4,43.3
152853,3-1-4,15.6
152853,4-1-3,86.9
152853,5-1-3,463
152853,6-1-3,3214
152853,1-2-5,104
152853,2-1-5,143.2
152853,3-1-5,39.2
152853,4-1-5,161.6
152853,5-1-4,378.1
152853,6-1-4,2375
152853,1-2-6,281.6
152853,2-1-6,350.2
152853,3-1-6,98.9
152853,4-1-6,401.7
152853,5-1-6,1539
152853,6-1-5,5751
152853,1-3-2,19.9
152853,2-3-1,44.6
152853,3-2-1,32.8
152853,4-2-1,121
152853,5-2-1,918.2
152853,6-2-1,4047
152853,1-3-4,17.6
152853,2-3-4,21.4
152853,3-2-4,14
152853,4-2-3,57.9
152853,5-2-3,501.2
152853,6-2-3,2428
152853,1-3-5,55.6
152853,2-3-5,76.3
152853,3-2-5,38.6
152853,4-2-5,114.1
152853,5-2-4,682.9
152853,6-2-4,2875
152853,1-3-6,178.5
152853,2-3-6,189
152853,3-2-6,115.1
152853,4-2-6,306
152853,5-2-6,1214
152853,6-2-5,3414
152853,1-4-2,36
152853,2-4-1,74.4
152853,3-4-1,15.4
152853,4-3-1,60.7
152853,5-3-1,554.7
152853,6-3-1,2875
152853,1-4-3,32.5
152853,2-4-3,33.8
152853,3-4-2,11.1
152853,4-3-2,44.2
152853,5-3-2,391.6
152853,6-3-2,1986
152853,1-4-5,106.6
152853,2-4-5,100.7
152853,3-4-5,12.7
152853,4-3-5,48.4
152853,5-3-4,239.6
152853,6-3-4,1583
152853,1-4-6,268.4
152853,2-4-6,262
152853,3-4-6,37.8
152853,4-3-6,127.2
152853,5-3-6,853.7
152853,6-3-5,2601
152853,1-5-2,244.4
152853,2-5-1,335.2
152853,3-5-1,87.1
152853,4-5-1,232.5
152853,5-4-1,1030
152853,6-4-1,2142
152853,1-5-3,196.1
152853,2-5-3,219.8
152853,3-5-2,71.6
152853,4-5-2,156.5
152853,5-4-2,642.8
152853,6-4-2,2875
152853,1-5-4,303.5
152853,2-5-4,221.2
152853,3-5-4,42.2
152853,4-5-3,123.4
152853,5-4-3,340.4
152853,6-4-3,1917
152853,1-5-6,587.5
152853,2-5-6,554.7
152853,3-5-6,117.1
152853,4-5-6,288.3
152853,5-4-6,895.7
152853,6-4-5,2185
152853,1-6-2,620.8
152853,2-6-1,993.4
152853,3-6-1,337.2
152853,4-6-1,809.4
152853,5-6-1,2483
152853,6-5-1,6070
152853,1-6-3,775
152853,2-6-3,942
152853,3-6-2,357.1
152853,4-6-2,674.5
152853,5-6-2,1561
152853,6-5-2,3311
152853,1-6-4,834.1
152853,2-6-4,1071
152853,3-6-4,212.1
152853,4-6-3,527.9
152853,5-6-3,2061
152853,6-5-3,3414
152853,1-6-5,1300
152853,2-6-5,984.4
152853,3-6-5,300.2
152853,4-6-5,563.2
152853,5-6-4,1437
152853,6-5-4,2276
152854,1-2-3,19.3
152854,2-1-3,26.1
152854,3-1-2,27.3
152854,4-1-2,136.8
152854,5-1-2,723.9
152854,6-1-2,3481
152854,1-2-4,31.5
152854,2-1-4,41.4
152854,3-1-4,25.4
152854,4-1-3,102.6
152854,5-1-3,199.7
152854,6-1-3,7113
152854,1-2-5,90.7
152854,2-1-5,77.6
152854,3-1-5,56.6
152854,4-1-5,292.7
152854,5-1-4,1022
152854,6-1-4,7791
152854,1-2-6,678.9
152854,2-1-6,634.1
152854,3-1-6,325.2
152854,4-1-6,1035
152854,5-1-6,3087
152854,6-1-5,9999
152854,1-3-2,17.1
152854,2-3-1,19.2
152854,3-2-1,20.6
152854,4-2-1,143.2
152854,5-2-1,629.3
152854,6-2-1,5642
152854,1-3-4,17.4
152854,2-3-4,9.4
152854,3-2-4,9.8
152854,4-2-3,63.5
152854,5-2-3,238.5
152854,6-2-3,5454
152854,1-3-5,66.2
152854,2-3-5,18.3
152854,3-2-5,20.3
152854,4-2-5,172.2
152854,5-2-4,444.6
152854,6-2-4,6293
152854,1-3-6,597.1
152854,2-3-6,253.6
152854,3-2-6,215.2
152854,4-2-6,852.1
152854,5-2-6,2124
152854,6-2-5,7113
152854,1-4-2,41.6
152854,2-4-1,52.7
152854,3-4-1,23.2
152854,4-3-1,68.3
152854,5-3-1,601.5
152854,6-3-1,5113
152854,1-4-3,31.7
152854,2-4-3,23.4
152854,3-4-2,16.5
152854,4-3-2,59.4
152854,5-3-2,270
152854,6-3-2,5113
152854,1-4-5,163.1
152854,2-4-5,55.8
152854,3-4-5,33.9
152854,4-3-5,95.1
152854,5-3-4,501.9
152854,6-3-4,8181
152854,1-4-6,940.3
152854,2-4-6,397.1
152854,3-4-6,329.2
152854,4-3-6,806
152854,5-3-6,3030
152854,6-3-5,6544
152854,1-5-2,223.8
152854,2-5-1,153.7
152854,3-5-1,129.1
152854,4-5-1,356.4
152854,5-4-1,1105
152854,6-4-1,9624
152854,1-5-3,172.2
152854,2-5-3,65.5
152854,3-5-2,64.7
152854,4-5-2,231.7
152854,5-4-2,644.1
152854,6-4-2,6293
152854,1-5-4,277.3
152854,2-5-4,111.6
152854,3-5-4,91.9
152854,4-5-3,210.3
152854,5-4-3,550.9
152854,6-4-3,8181
152854,1-5-6,1652
152854,2-5-6,582.2
152854,3-5-6,681.7
152854,4-5-6,951.2
152854,5-4-6,2479
152854,6-4-5,5843
152854,1-6-2,1573
152854,2-6-1,2371
152854,3-6-1,2124
152854,4-6-1,2682
152854,5-6-1,6060
152854,6-5-1,9999
152854,1-6-3,2241
152854,2-6-3,1398
152854,3-6-2,1239
152854,4-6-2,2304
152854,5-6-2,4812
152854,6-5-2,9090
152854,1-6-4,2272
152854,2-6-4,1838
152854,3-6-4,1319
152854,4-6-3,2181
152854,5-6-3,4812
152854,6-5-3,6817
152854,1-6-5,2682
152854,2-6-5,1686
152854,3-6-5,1604
152854,4-6-5,2337
152854,5-6-4,5843
152854,6-5-4,8181
152855,1-2-3,15.7
152855,2-1-3,29.8
152855,3-1-2,168.8
152855,4-1-2,163
152855,5-1-2,23.7
152855,6-1-2,1039
152855,1-2-4,23.8
152855,2-1-4,34.5
152855,3-1-4,224.5
152855,4-1-3,407.4
152855,5-1-3,67.4
152855,6-1-3,1441
152855,1-2-5,8
152855,2-1-5,11
152855,3-1-5,126.2
152855,4-1-5,109.5
152855,5-1-4,71.9
152855,6-1-4,1489
152855,1-2-6,48.1
152855,2-1-6,64.6
152855,3-1-6,527.8
152855,4-1-6,325.3
152855,5-1-6,58.6
152855,6-1-5,993
152855,1-3-2,44.1
152855,2-3-1,102.1
152855,3-2-1,199.7
152855,4-2-1,193.4
152855,5-2-1,23.9
152855,6-2-1,1015
152855,1-3-4,94.9
152855,2-3-4,181.9
152855,3-2-4,318.4
152855,4-2-3,433.8
152855,5-2-3,77.4
152855,6-2-3,1836
152855,1-3-5,44.6
152855,2-3-5,73
152855,3-2-5,146.6
152855,4-2-5,116.9
152855,5-2-4,60.1
152855,6-2-4,1426
152855,1-3-6,213.1
152855,2-3-6,320.7
152855,3-2-6,716.9
152855,4-2-6,312.5
152855,5-2-6,49.2
152855,6-2-5,590.5
152855,1-4-2,70.5
152855,2-4-1,95.4
152855,3-4-1,309.6
152855,4-3-1,517.6
152855,5-3-1,165.3
152855,6-3-1,3723
152855,1-4-3,127
152855,2-4-3,216.9
152855,3-4-2,338.5
152855,4-3-2,587.9
152855,5-3-2,157.7
152855,6-3-2,4622
152855,1-4-5,58
152855,2-4-5,72.6
152855,3-4-5,239.3
152855,4-3-5,400.1
152855,5-3-4,319.1
152855,6-3-4,3943
152855,1-4-6,242.8
152855,2-4-6,273
152855,3-4-6,817.4
152855,4-3-6,1155
152855,5-3-6,313.9
152855,6-3-5,3527
152855,1-5-2,13.7
152855,2-5-1,15.4
152855,3-5-1,136.2
152855,4-5-1,70.8
152855,5-4-1,93
152855,6-4-1,4468
152855,1-5-3,36.4
152855,2-5-3,42.7
152855,3-5-2,139.7
152855,4-5-2,72.5
152855,5-4-2,81.9
152855,6-4-2,2062
152855,1-5-4,48
152855,2-5-4,40
152855,3-5-4,216.5
152855,4-5-3,218.3
152855,5-4-3,243.7
152855,6-4-3,3943
152855,1-5-6,69.6
152855,2-5-6,48
152855,3-5-6,379.7
152855,4-5-6,76.5
152855,5-4-6,79.4
152855,6-4-5,881.9
152855,1-6-2,202.8
152855,2-6-1,334.3
152855,3-6-1,1314
152855,4-6-1,544.9
152855,5-6-1,123.5
152855,6-5-1,924.5
152855,1-6-3,560.9
152855,2-6-3,732.5
152855,3-6-2,1382
152855,4-6-2,519.6
152855,5-6-2,108.9
152855,6-5-2,572.9
152855,1-6-4,666.9
152855,2-6-4,549.4
152855,3-6-4,1382
152855,4-6-3,1252
152855,5-6-3,319.1
152855,6-5-3,1718
152855,1-6-5,211.7
152855,2-6-5,228.7
152855,3-6-5,911.9
152855,4-6-5,259.3
152855,5-6-4,170.3
152855,6-5-4,691
152856,1-2-3,40.2
152856,2-1-3,40.7
152856,3-1-2,31
152856,4-1-2,67.7
152856,5-1-2,1772
152856,6-1-2,1417
152856,1-2-4,53
152856,2-1-4,45.9
152856,3-1-4,20.8
152856,4-1-3,51.5
152856,5-1-3,502.8
152856,6-1-3,2116
152856,1-2-5,329.7
152856,2-1-5,307.5
152856,3-1-5,110.6
152856,4-1-5,183.2
152856,5-1-4,2025
152856,6-1-4,2625
152856,1-2-6,312.3
152856,2-1-6,281.9
152856,3-1-6,147.7
152856,4-1-6,157
152856,5-1-6,3017
152856,6-1-5,5453
152856,1-3-2,31.4
152856,2-3-1,35.5
152856,3-2-1,30.6
152856,4-2-1,62.1
152856,5-2-1,1558
152856,6-2-1,2181
152856,1-3-4,26.6
152856,2-3-4,12.7
152856,3-2-4,10.9
152856,4-2-3,23.8
152856,5-2-3,849
152856,6-2-3,1648
152856,1-3-5,134.4
152856,2-3-5,103.7
152856,3-2-5,71.3
152856,4-2-5,107.5
152856,5-2-4,880.7
152856,6-2-4,1222
152856,1-3-6,162
152856,2-3-6,90.4
152856,3-2-6,63.8
152856,4-2-6,73.4
152856,5-2-6,2116
152856,6-2-5,2675
152856,1-4-2,44
152856,2-4-1,45.5
152856,3-4-1,15
152856,4-3-1,32.4
152856,5-3-1,875.3
152856,6-3-1,2055
152856,1-4-3,30.4
152856,2-4-3,16.5
152856,3-4-2,9.4
152856,4-3-2,18.4
152856,5-3-2,908.9
152856,6-3-2,1708
152856,1-4-5,209.1
152856,2-4-5,108.9
152856,3-4-5,38
152856,4-3-5,77.6
152856,5-3-4,891.8
152856,6-3-4,875.3
152856,1-4-6,183.4
152856,2-4-6,83.9
152856,3-4-6,33.2
152856,4-3-6,54.2
152856,5-3-6,1865
152856,6-3-5,2893
152856,1-5-2,958.1
152856,2-5-1,734.7
152856,3-5-1,236.7
152856,4-5-1,221.2
152856,5-4-1,1890
152856,6-4-1,2363
152856,1-5-3,608.5
152856,2-5-3,319.3
152856,3-5-2,203.7
152856,4-5-2,149.2
152856,5-4-2,1058
152856,6-4-2,1134
152856,1-5-4,805.6
152856,2-5-4,358
152856,3-5-4,182.9
152856,4-5-3,131.5
152856,5-4-3,1005
152856,6-4-3,839
152856,1-5-6,1477
152856,2-5-6,730.9
152856,3-5-6,420.7
152856,4-5-6,211.9
152856,5-4-6,1668
152856,6-4-5,1865
152856,1-6-2,774.8
152856,2-6-1,619.2
152856,3-6-1,364.5
152856,4-6-1,224.3
152856,5-6-1,3017
152856,6-5-1,4726
152856,1-6-3,653.4
152856,2-6-3,394.9
152856,3-6-2,234.7
152856,4-6-2,148.7
152856,5-6-2,2578
152856,6-5-2,2835
152856,1-6-4,1042
152856,2-6-4,351.8
152856,3-6-4,171
152856,4-6-3,131.9
152856,5-6-3,1817
152856,6-5-3,3544
152856,1-6-5,1750
152856,2-6-5,746.3
152856,3-6-5,463.3
152856,4-6-5,283
152856,5-6-4,1942
152856,6-5-4,2116
152857,1-2-3,6.7
152857,2-1-3,9.7
152857,3-1-2,86.6
152857,4-1-2,151.8
152857,5-1-2,405.3
152857,6-1-2,170
152857,1-2-4,7.4
152857,2-1-4,10.7
152857,3-1-4,190.4
152857,4-1-3,282.6
152857,5-1-3,830.2
152857,6-1-3,510.1
152857,1-2-5,11.2
152857,2-1-5,18
152857,3-1-5,239.3
152857,4-1-5,384.6
152857,5-1-4,1192
152857,6-1-4,761.9
152857,1-2-6,10.5
152857,2-1-6,14.8
152857,3-1-6,198.3
152857,4-1-6,255
152857,5-1-6,1104
152857,6-1-5,1323
152857,1-3-2,25.2
152857,2-3-1,38.3
152857,3-2-1,99.6
152857,4-2-1,171.2
152857,5-2-1,544.7
152857,6-2-1,196.7
152857,1-3-4,51.9
152857,2-3-4,61.2
152857,3-2-4,129.7
152857,4-2-3,278.6
152857,5-2-3,1056
152857,6-2-3,532.7
152857,1-3-5,77.7
152857,2-3-5,118.2
152857,3-2-5,204
152857,4-2-5,557.3
152857,5-2-4,1241
152857,6-2-4,657.8
152857,1-3-6,72.1
152857,2-3-6,76.4
152857,3-2-6,195.4
152857,4-2-6,212.7
152857,5-2-6,1368
152857,6-2-5,1267
152857,1-4-2,31.4
152857,2-4-1,42.6
152857,3-4-1,253.4
152857,4-3-1,786.8
152857,5-3-1,1146
152857,6-3-1,1114
152857,1-4-3,62.6
152857,2-4-3,75.1
152857,3-4-2,224.6
152857,4-3-2,797.3
152857,5-3-2,2315
152857,6-3-2,1114
152857,1-4-5,129.8
152857,2-4-5,122.2
152857,3-4-5,369.3
152857,4-3-5,1216
152857,5-3-4,3168
152857,6-3-4,2271
152857,1-4-6,77.6
152857,2-4-6,80.2
152857,3-4-6,392.1
152857,4-3-6,1192
152857,5-3-6,3439
152857,6-3-5,2617
152857,1-5-2,87.6
152857,2-5-1,157.7
152857,3-5-1,581.6
152857,4-5-1,747.7
152857,5-4-1,1672
152857,6-4-1,1672
152857,1-5-3,169.5
152857,2-5-3,328
152857,3-5-2,640.3
152857,4-5-2,841.9
152857,5-4-2,1626
152857,6-4-2,1020
152857,1-5-4,262.8
152857,2-5-4,304
152857,3-5-4,1056
152857,4-5-3,1941
152857,5-4-3,3648
152857,6-4-3,2866
152857,1-5-6,261.7
152857,2-5-6,292.2
152857,3-5-6,1216
152857,4-5-6,1046
152857,5-4-6,2112
152857,6-4-5,3168
152857,1-6-2,48.2
152857,2-6-1,66.9
152857,3-6-1,447.5
152857,4-6-1,786.8
152857,5-6-1,2617
152857,6-5-1,3439
152857,1-6-3,121.8
152857,2-6-3,160.5
152857,3-6-2,466.6
152857,4-6-2,620.5
152857,5-6-2,2675
152857,6-5-2,2675
152857,1-6-4,177
152857,2-6-4,172.9
152857,3-6-4,627
152857,4-6-3,2075
152857,5-6-3,5016
152857,6-5-3,5234
152857,1-6-5,288.7
152857,2-6-5,229.7
152857,3-6-5,872.4
152857,4-6-5,1308
152857,5-6-4,4630
152857,6-5-4,3540
152858,1-2-3,19.3
152858,2-1-3,65.9
152858,3-1-2,95.6
152858,4-1-2,47.6
152858,5-1-2,2742
152858,6-1-2,76
152858,1-2-4,9.3
152858,2-1-4,33.9
152858,3-1-4,56.8
152858,4-1-3,71.2
152858,5-1-3,1779
152858,6-1-3,83.5
152858,1-2-5,203.7
152858,2-1-5,418.1
152858,3-1-5,636
152858,4-1-5,264.6
152858,5-1-4,2039
152858,6-1-4,56
152858,1-2-6,16.5
152858,2-1-6,38.6
152858,3-1-6,98.5
152858,4-1-6,32.5
152858,5-1-6,1798
152858,6-1-5,511.5
152858,1-3-2,22.1
152858,2-3-1,150.1
152858,3-2-1,200.5
152858,4-2-1,80.3
152858,5-2-1,3801
152858,6-2-1,125.2
152858,1-3-4,14.8
152858,2-3-4,126.2
152858,3-2-4,169.8
152858,4-2-3,174.7
152858,5-2-3,3559
152858,6-2-3,205.4
152858,1-3-5,213.3
152858,2-3-5,875.7
152858,3-2-5,1267
152858,4-2-5,568.9
152858,5-2-4,2884
152858,6-2-4,118.6
152858,1-3-6,26.8
152858,2-3-6,155.3
152858,3-2-6,282.5
152858,4-2-6,69.8
152858,5-2-6,3216
152858,6-2-5,705.7
152858,1-4-2,11.3
152858,2-4-1,46.4
152858,3-4-1,91.8
152858,4-3-1,94.2
152858,5-3-1,1818
152858,6-3-1,152.7
152858,1-4-3,15.8
152858,2-4-3,94.5
152858,3-4-2,146.9
152858,4-3-2,192.4
152858,5-3-2,4919
152858,6-3-2,285.4
152858,1-4-5,159.6
152858,2-4-5,336.5
152858,3-4-5,919
152858,4-3-5,849.1
152858,5-3-4,5575
152858,6-3-4,160.9
152858,1-4-6,11.6
152858,2-4-6,38.4
152858,3-4-6,120.7
152858,4-3-6,98.9
152858,5-3-6,4520
152858,6-3-5,1317
152858,1-5-2,792.7
152858,2-5-1,1086
152858,3-5-1,1506
152858,4-5-1,666.4
152858,5-4-1,2697
152858,6-4-1,59.7
152858,1-5-3,800.3
152858,2-5-3,1838
152858,3-5-2,2323
152858,4-5-2,1079
152858,5-4-2,3801
152858,6-4-2,121.5
152858,1-5-4,696.9
152858,2-5-4,1001
152858,3-5-4,2697
152858,4-5-3,1608
152858,5-4-3,5974
152858,6-4-3,137.5
152858,1-5-6,636
152858,2-5-6,871.2
152858,3-5-6,2355
152858,4-5-6,756.8
152858,5-4-6,2835
152858,6-4-5,591
152858,1-6-2,32.4
152858,2-6-1,75.5
152858,3-6-1,218.6
152858,4-6-1,46.1
152858,5-6-1,2613
152858,6-5-1,1467
152858,1-6-3,39.4
152858,2-6-3,153.8
152858,3-6-2,346.3
152858,4-6-2,75.2
152858,5-6-2,3345
152858,6-5-2,1706
152858,1-6-4,24.6
152858,2-6-4,62.1
152858,3-6-4,192
152858,4-6-3,96.3
152858,5-6-3,5395
152858,6-5-3,2039
152858,1-6-5,309.7
152858,2-6-5,522.7
152858,3-6-5,1967
152858,4-6-5,404
152858,5-6-4,3484
152858,6-5-4,1493
152859,1-2-3,13.9
152859,2-1-3,162.1
152859,3-1-2,243
152859,4-1-2,32.1
152859,5-1-2,653.7
152859,6-1-2,616.7
152859,1-2-4,5.1
152859,2-1-4,70.8
152859,3-1-4,193.9
152859,4-1-3,74.7
152859,5-1-3,906.1
152859,6-1-3,998
152859,1-2-5,26.7
152859,2-1-5,293
152859,3-1-5,411.5
152859,4-1-5,42.5
152859,5-1-4,310.2
152859,6-1-4,457
152859,1-2-6,43.5
152859,2-1-6,413.1
152859,3-1-6,616.7
152859,4-1-6,48.7
152859,5-1-6,575.4
152859,6-1-5,1359
152859,1-3-2,24.7
152859,2-3-1,405
152859,3-2-1,550.9
152859,4-2-1,84.3
152859,5-2-1,1147
152859,6-2-1,1377
152859,1-3-4,14.6
152859,2-3-4,486.1
152859,3-2-4,533.8
152859,4-2-3,225.5
152859,5-2-3,1781
152859,6-2-3,2152
152859,1-3-5,54.2
152859,2-3-5,875.4
152859,3-2-5,969.9
152859,4-2-5,252.5
152859,5-2-4,1259
152859,6-2-4,1386
152859,1-3-6,76.2
152859,2-3-6,1173
152859,3-2-6,1324
152859,4-2-6,253.1
152859,5-2-6,1878
152859,6-2-5,2295
152859,1-4-2,4.7
152859,2-4-1,140.8
152859,3-4-1,292.2
152859,4-3-1,254.4
152859,5-3-1,1679
152859,6-3-1,3130
152859,1-4-3,9.6
152859,2-4-3,381.8
152859,3-4-2,359.9
152859,4-3-2,414
152859,5-3-2,3973
152859,6-3-2,3386
152859,1-4-5,9.8
152859,2-4-5,491.9
152859,3-4-5,765.1
152859,4-3-5,506.3
152859,5-3-4,3501
152859,6-3-4,2791
152859,1-4-6,14
152859,2-4-6,657.9
152859,3-4-6,754
152859,4-3-6,627.9
152859,5-3-6,3689
152859,6-3-5,3279
152859,1-5-2,70.1
152859,2-5-1,1027
152859,3-5-1,979.1
152859,4-5-1,84.1
152859,5-4-1,346.6
152859,6-4-1,751.2
152859,1-5-3,100.2
152859,2-5-3,2108
152859,3-5-2,1098
152859,4-5-2,201.1
152859,5-4-2,882.9
152859,6-4-2,1405
152859,1-5-4,38.6
152859,2-5-4,1093
152859,3-5-4,1626
152859,4-5-3,443.3
152859,5-4-3,1291
152859,6-4-3,2295
152859,1-5-6,98.5
152859,2-5-6,2374
152859,3-5-6,1986
152859,4-5-6,153.8
152859,5-4-6,572.2
152859,6-4-5,1475
152859,1-6-2,97.4
152859,2-6-1,1486
152859,3-6-1,2321
152859,4-6-1,170.7
152859,5-6-1,1244
152859,6-5-1,2994
152859,1-6-3,154.5
152859,2-6-3,3689
152859,3-6-2,1424
152859,4-6-2,351.9
152859,5-6-2,2994
152859,6-5-2,4304
152859,1-6-4,56.1
152859,2-6-4,2430
152859,3-6-4,1967
152859,4-6-3,616.7
152859,5-6-3,2129
152859,6-5-3,3689
152859,1-6-5,158.5
152859,2-6-5,3689
152859,3-6-5,3386
152859,4-6-5,287.3
152859,5-6-4,1116
152859,6-5-4,1895
152860,1-2-3,21.8
152860,2-1-3,290.7
152860,3-1-2,109.3
152860,4-1-2,98.8
152860,5-1-2,201.3
152860,6-1-2,2770
152860,1-2-4,22.8
152860,2-1-4,271.3
152860,3-1-4,30.8
152860,4-1-3,45
152860,5-1-3,89.6
152860,6-1-3,3492
152860,1-2-5,39
152860,2-1-5,341.3
152860,3-1-5,30.2
152860,4-1-5,30.7
152860,5-1-4,80.3
152860,6-1-4,3012
152860,1-2-6,163.1
152860,2-1-6,1056
152860,3-1-6,233.7
152860,4-1-6,131.4
152860,5-1-6,256.1
152860,6-1-5,3543
152860,1-3-2,18.3
152860,2-3-1,555.2
152860,3-2-1,438.1
152860,4-2-1,333.7
152860,5-2-1,554
152860,6-2-1,4016
152860,1-3-4,5.8
152860,2-3-4,642.6
152860,3-2-4,512.7
152860,4-2-3,514.9
152860,5-2-3,730.2
152860,6-2-3,5737
152860,1-3-5,7.3
152860,2-3-5,845.5
152860,3-2-5,529.6
152860,4-2-5,383.7
152860,5-2-4,919.8
152860,6-2-4,4725
152860,1-3-6,68
152860,2-3-6,2339
152860,3-2-6,1525
152860,4-2-6,717.2
152860,5-2-6,1229
152860,6-2-5,4381
152860,1-4-2,19.1
152860,2-4-1,587.7
152860,3-4-1,76.9
152860,4-3-1,91
152860,5-3-1,191.7
152860,6-3-1,4227
152860,1-4-3,8.4
152860,2-4-3,839.6
152860,3-4-2,239
152860,4-3-2,330.5
152860,5-3-2,656.6
152860,6-3-2,4634
152860,1-4-5,10.5
152860,2-4-5,1021
152860,3-4-5,94
152860,4-3-5,114.1
152860,5-3-4,277.9
152860,6-3-4,4084
152860,1-4-6,60.3
152860,2-4-6,2190
152860,3-4-6,442.1
152860,4-3-6,468.8
152860,5-3-6,870
152860,6-3-5,4084
152860,1-5-2,42.5
152860,2-5-1,753
152860,3-5-1,96.9
152860,4-5-1,42.4
152860,5-4-1,101
152860,6-4-1,3347
152860,1-5-3,17.9
152860,2-5-3,1095
152860,3-5-2,360.7
152860,4-5-2,176.1
152860,5-4-2,381.3
152860,6-4-2,4918
152860,1-5-4,20.9
152860,2-5-4,1229
152860,3-5-4,131.8
152860,4-5-3,89.7
152860,5-4-3,212.8
152860,6-4-3,5238
152860,1-5-6,102.3
152860,2-5-6,2095
152860,3-5-6,460.7
152860,4-5-6,123
152860,5-4-6,259.6
152860,6-4-5,2563
152860,1-6-2,346.2
152860,2-6-1,2738
152860,3-6-1,1295
152860,4-6-1,424.2
152860,5-6-1,960.1
152860,6-5-1,3886
152860,1-6-3,357
152860,2-6-3,4016
152860,3-6-2,1685
152860,4-6-2,879.5
152860,5-6-2,1746
152860,6-5-2,3886
152860,1-6-4,312.9
152860,2-6-4,3442
152860,3-6-4,1585
152860,4-6-3,952.5
152860,5-6-3,1295
152860,6-5-3,4381
152860,1-6-5,332.8
152860,2-6-5,3050
152860,3-6-5,1564
152860,4-6-5,473.4
152860,5-6-4,983.6
152860,6-5-4,2362
152861,1-2-3,10.3
152861,2-1-3,32.8
152861,3-1-2,440.7
152861,4-1-2,219.3
152861,5-1-2,96.3
152861,6-1-2,103.9
152861,1-2-4,5.3
152861,2-1-4,12.9
152861,3-1-4,754.4
152861,4-1-3,862.2
152861,5-1-3,636.8
152861,6-1-3,350.5
152861,1-2-5,5.1
152861,2-1-5,10.3
152861,3-1-5,683.8
152861,4-1-5,193.3
152861,5-1-4,206.8
152861,6-1-4,286.2
152861,1-2-6,15.9
152861,2-1-6,24.3
152861,3-1-6,1101
152861,4-1-6,508.5
152861,5-1-6,246.5
152861,6-1-5,255.1
152861,1-3-2,48.4
152861,2-3-1,212.5
152861,3-2-1,788.7
152861,4-2-1,229.4
152861,5-2-1,122.2
152861,6-2-1,114.1
152861,1-3-4,83.9
152861,2-3-4,292.2
152861,3-2-4,762.7
152861,4-2-3,807.1
152861,5-2-3,762.7
152861,6-2-3,377.2
152861,1-3-5,58.3
152861,2-3-5,279.8
152861,3-2-5,788.7
152861,4-2-5,227.5
152861,5-2-4,236.5
152861,6-2-4,290.4
152861,1-3-6,137.9
152861,2-3-6,424.5
152861,3-2-6,1250
152861,4-2-6,514.1
152861,5-2-6,392.1
152861,6-2-5,260.4
152861,1-4-2,24.6
152861,2-4-1,55.5
152861,3-4-1,1262
152861,4-3-1,1508
152861,5-3-1,2239
152861,6-3-1,1020
152861,1-4-3,86.4
152861,2-4-3,251
152861,3-4-2,683.8
152861,4-3-2,2353
152861,5-3-2,2393
152861,6-3-2,1110
152861,1-4-5,52.2
152861,2-4-5,68.1
152861,3-4-5,2203
152861,4-3-5,2135
152861,5-3-4,3856
152861,6-3-4,1614
152861,1-4-6,92.6
152861,2-4-6,139.5
152861,3-4-6,1983
152861,4-3-6,2011
152861,5-3-6,3228
152861,6-3-5,1713
152861,1-5-2,18.8
152861,2-5-1,50.4
152861,3-5-1,1388
152861,4-5-1,243.1
152861,5-4-1,294.1
152861,6-4-1,793.2
152861,1-5-3,87.8
152861,2-5-3,214.9
152861,3-5-2,878.6
152861,4-5-2,246.5
152861,5-4-2,278.7
152861,6-4-2,680.5
152861,1-5-4,63.1
152861,2-5-4,94.1
152861,3-5-4,2570
152861,4-5-3,1901
152861,5-4-3,2275
152861,6-4-3,1388
152861,1-5-6,96
152861,2-5-6,142.6
152861,3-5-6,2135
152861,4-5-6,359.6
152861,5-4-6,436.5
152861,6-4-5,1093
152861,1-6-2,55.5
152861,2-6-1,130.7
152861,3-6-1,2479
152861,4-6-1,1067
152861,5-6-1,754.4
152861,6-5-1,673.9
152861,1-6-3,216.2
152861,2-6-3,529.8
152861,3-6-2,1374
152861,4-6-2,1013
152861,5-6-2,784.3
152861,6-5-2,606.2
152861,1-6-4,158.8
152861,2-6-4,319.8
152861,3-6-4,3017
152861,4-6-3,3228
152861,5-6-3,2524
152861,6-5-3,1347
152861,1-6-5,141.2
152861,2-6-5,283.9
152861,3-6-5,3386
152861,4-6-5,550.9
152861,5-6-4,1388
152861,6-5-4,1051
152862,1-2-3,8.6
152862,2-1-3,116.3
152862,3-1-2,79.9
152862,4-1-2,1067
152862,5-1-2,817
152862,6-1-2,70.4
152862,1-2-4,28.2
152862,2-1-4,325.3
152862,3-1-4,177.8
152862,4-1-3,943.8
152862,5-1-3,697.4
152862,6-1-3,60.6
152862,1-2-5,31.2
152862,2-1-5,342.8
152862,3-1-5,153.7
152862,4-1-5,928.4
152862,5-1-4,1394
152862,6-1-4,227.3
152862,1-2-6,11.4
152862,2-1-6,132.7
152862,3-1-6,50.7
152862,4-1-6,589.6
152862,5-1-6,632.6
152862,6-1-5,136.6
152862,1-3-2,7.2
152862,2-3-1,241.9
152862,3-2-1,239.3
152862,4-2-1,2057
152862,5-2-1,1305
152862,6-2-1,228.4
152862,1-3-4,18.3
152862,2-3-4,866.5
152862,3-2-4,843.5
152862,4-2-3,2444
152862,5-2-3,2028
152862,6-2-3,386.4
152862,1-3-5,17.5
152862,2-3-5,1017
152862,3-2-5,871.8
152862,4-2-5,3142
152862,5-2-4,2383
152862,6-2-4,925.4
152862,1-3-6,5.2
152862,2-3-6,508.8
152862,3-2-6,401
152862,4-2-6,2749
152862,5-2-6,2234
152862,6-2-5,618.9
152862,1-4-2,58.7
152862,2-4-1,1201
152862,3-4-1,642.6
152862,4-3-1,1505
152862,5-3-1,1162
152862,6-3-1,132.8
152862,1-4-3,41
152862,2-4-3,1408
152862,3-4-2,760.5
152862,4-3-2,2647
152862,5-3-2,2697
152862,6-3-2,295.4
152862,1-4-5,83
152862,2-4-5,2216
152862,3-4-5,1293
152862,4-3-5,2647
152862,5-3-4,3213
152862,6-3-4,674.4
152862,1-4-6,38.1
152862,2-4-6,2199
152862,3-4-6,770.8
152862,4-3-6,2087
152862,5-3-6,2216
152862,6-3-5,503.4
152862,1-5-2,71.9
152862,2-5-1,1259
152862,3-5-1,604.5
152862,4-5-1,1712
152862,5-4-1,2072
152862,6-4-1,810.1
152862,1-5-3,53.5
152862,2-5-3,1906
152862,3-5-2,931.5
152862,4-5-2,2948
152862,5-4-2,3108
152862,6-4-2,1381
152862,1-5-4,123.9
152862,2-5-4,2647
152862,3-5-4,1579
152862,4-5-3,3287
152862,5-4-3,3108
152862,6-4-3,1474
152862,1-5-6,57.6
152862,2-5-6,1821
152862,3-5-6,976
152862,4-5-6,2486
152862,5-4-6,3364
152862,6-4-5,1348
152862,1-6-2,11.9
152862,2-6-1,389.6
152862,3-6-1,131.7
152862,4-6-1,1036
152862,5-6-1,863.9
152862,6-5-1,370.9
152862,1-6-3,8.6
152862,2-6-3,706.1
152862,3-6-2,342
152862,4-6-2,2465
152862,5-6-2,1787
152862,6-5-2,690.7
152862,1-6-4,32.9
152862,2-6-4,2118
152862,3-6-4,689
152862,4-6-3,1999
152862,5-6-3,1579
152862,6-5-3,694.1
152862,1-6-5,25.4
152862,2-6-5,1597
152862,3-6-5,569.6
152862,4-6-5,2042
152862,5-6-4,2672
152862,6-5-4,1211
152947,1-2-3,43.1
152947,2-1-3,327
152947,3-1-2,80.4
152947,4-1-2,782.7
152947,5-1-2,316.2
152947,6-1-2,551.2
152947,1-2-4,113.7
152947,2-1-4,753.8
152947,3-1-4,23.2
152947,4-1-3,301.2
152947,5-1-3,40.9
152947,6-1-3,186.5
152947,1-2-5,107.4
152947,2-1-5,592.2
152947,3-1-5,9.5
152947,4-1-5,380.6
152947,5-1-4,167.1
152947,6-1-4,482.2
152947,1-2-6,189.3
152947,2-1-6,1055
152947,3-1-6,24.5
152947,4-1-6,570.6
152947,5-1-6,70.8
152947,6-1-5,201.2
152947,1-3-2,31.6
152947,2-3-1,416.7
152947,3-2-1,234.3
152947,4-2-1,1683
152947,5-2-1,835.7
152947,6-2-1,1171
152947,1-3-4,10.4
152947,2-3-4,1151
152947,3-2-4,516.1
152947,4-2-3,1909
152947,5-2-3,722.5
152947,6-2-3,1338
152947,1-3-5,5.1
152947,2-3-5,788
152947,3-2-5,302
152947,4-2-5,2087
152947,5-2-4,1779
152947,6-2-4,1820
152947,1-3-6,15
152947,2-3-6,1948
152947,3-2-6,684.6
152947,4-2-6,2078
152947,5-2-6,832.7
152947,6-2-5,1436
152947,1-4-2,152.2
152947,2-4-1,1341
152947,3-4-1,74.5
152947,4-3-1,321.2
152947,5-3-1,46.4
152947,6-3-1,242.9
152947,1-4-3,45
152947,2-4-3,1739
152947,3-4-2,383.7
152947,4-3-2,1353
152947,5-3-2,369.5
152947,6-3-2,910.2
152947,1-4-5,63.4
152947,2-4-5,2325
152947,3-4-5,63.1
152947,4-3-5,332.8
152947,5-3-4,152.6
152947,6-3-4,561.1
152947,1-4-6,107.1
152947,2-4-6,2225
152947,3-4-6,121.8
152947,4-3-6,553.2
152947,5-3-6,68.6
152947,6-3-5,219.1
152947,1-5-2,99.3
152947,2-5-1,1162
152947,3-5-1,16.7
152947,4-5-1,465
152947,5-4-1,381.2
152947,6-4-1,1177
152947,1-5-3,10.5
152947,2-5-3,1226
152947,3-5-2,142.4
152947,4-5-2,1449
152947,5-4-2,1223
152947,6-4-2,2144
152947,1-5-4,45.9
152947,2-5-4,2812
152947,3-5-4,42.5
152947,4-5-3,388.8
152947,5-4-3,312.2
152947,6-4-3,1134
152947,1-5-6,27.6
152947,2-5-6,1886
152947,3-5-6,27
152947,4-5-6,436
152947,5-4-6,326.6
152947,6-4-5,891.2
152947,1-6-2,253.6
152947,2-6-1,1948
152947,3-6-1,89.1
152947,4-6-1,906.7
152947,5-6-1,114.3
152947,6-5-1,252.3
152947,1-6-3,49.3
152947,2-6-3,3173
152947,3-6-2,456.4
152947,4-6-2,1834
152947,5-6-2,502.3
152947,6-5-2,881.1
152947,1-6-4,165.9
152947,2-6-4,3331
152947,3-6-4,187.7
152947,4-6-3,945
152947,5-6-3,103.7
152947,6-5-3,238.2
152947,1-6-5,63
152947,2-6-5,2795
152947,3-6-5,71.5
152947,4-6-5,691.7
152947,5-6-4,283.6
152947,6-5-4,574.8
152948,1-2-3,20.3
152948,2-1-3,145.4
152948,3-1-2,35.1
152948,4-1-2,374.9
152948,5-1-2,475.3
152948,6-1-2,540.1
152948,1-2-4,47.6
152948,2-1-4,284.5
152948,3-1-4,12.1
152948,4-1-3,130.3
152948,5-1-3,170.7
152948,6-1-3,208.3
152948,1-2-5,74.8
152948,2-1-5,333
152948,3-1-5,19.9
152948,4-1-5,207.1
152948,5-1-4,371.2
152948,6-1-4,579.2
152948,1-2-6,57.2
152948,2-1-6,350.4
152948,3-1-6,12.2
152948,4-1-6,183
152948,5-1-6,250.3
152948,6-1-5,828.9
152948,1-3-2,11.9
152948,2-3-1,206
152948,3-2-1,124.3
152948,4-2-1,830.4
152948,5-2-1,1075
152948,6-2-1,1165
152948,1-3-4,6.3
152948,2-3-4,358.6
152948,3-2-4,218.5
152948,4-2-3,680.4
152948,5-2-3,1085
152948,6-2-3,1010
152948,1-3-5,12.1
152948,2-3-5,570.5
152948,3-2-5,281.4
152948,4-2-5,1085
152948,5-2-4,1577
152948,6-2-4,1645
152948,1-3-6,8.1
152948,2-3-6,447.8
152948,3-2-6,190.1
152948,4-2-6,850.5
152948,5-2-6,1306
152948,6-2-5,2053
152948,1-4-2,68
152948,2-4-1,627.9
152948,3-4-1,34.7
152948,4-3-1,152.4
152948,5-3-1,235.3
152948,6-3-1,200
152948,1-4-3,24.3
152948,2-4-3,629.6
152948,3-4-2,158.7
152948,4-3-2,497.1
152948,5-3-2,710.1
152948,6-3-2,674.4
152948,1-4-5,74.4
152948,2-4-5,1348
152948,3-4-5,81.6
152948,4-3-5,257.1
152948,5-3-4,449.1
152948,6-3-4,383.7
152948,1-4-6,41.5
152948,2-4-6,941.9
152948,3-4-6,44.7
152948,4-3-6,196.9
152948,5-3-6,361.2
152948,6-3-5,679.4
152948,1-5-2,133.6
152948,2-5-1,1190
152948,3-5-1,66.7
152948,4-5-1,297
152948,5-4-1,700.3
152948,6-4-1,839.5
152948,1-5-3,40.3
152948,2-5-3,1273
152948,3-5-2,283.6
152948,4-5-2,922.8
152948,5-4-2,1340
152948,6-4-2,1424
152948,1-5-4,100.1
152948,2-5-4,1965
152948,3-5-4,133.3
152948,4-5-3,406.3
152948,5-4-3,727.1
152948,6-4-3,628.8
152948,1-5-6,72.6
152948,2-5-6,1733
152948,3-5-6,97.9
152948,4-5-6,396
152948,5-4-6,890.4
152948,6-4-5,1616
152948,1-6-2,123.2
152948,2-6-1,1052
152948,3-6-1,46.1
152948,4-6-1,323.1
152948,5-6-1,588.2
152948,6-5-1,1218
152948,1-6-3,39.7
152948,2-6-3,1065
152948,3-6-2,189.1
152948,4-6-2,786
152948,5-6-2,1344
152948,6-5-2,2386
152948,1-6-4,80.9
152948,2-6-4,1411
152948,3-6-4,78.3
152948,4-6-3,349.3
152948,5-6-3,638.5
152948,6-5-3,1101
152948,1-6-5,125.1
152948,2-6-5,2290
152948,3-6-5,133.4
152948,4-6-5,479.8
152948,5-6-4,1098
152948,6-5-4,1794
152949,1-2-3,35
152949,2-1-3,74.9
152949,3-1-2,245.2
152949,4-1-2,64
152949,5-1-2,1630
152949,6-1-2,30.6
152949,1-2-4,9
152949,2-1-4,22.2
152949,3-1-4,253.2
152949,4-1-3,230
152949,5-1-3,1928
152949,6-1-3,104.3
152949,1-2-5,91.1
152949,2-1-5,199
152949,3-1-5,564.6
152949,4-1-5,268
152949,5-1-4,1822
152949,6-1-4,41.9
152949,1-2-6,7.4
152949,2-1-6,18.2
152949,3-1-6,182.4
152949,4-1-6,42.4
152949,5-1-6,1136
152949,6-1-5,228.1
152949,1-3-2,77.2
152949,2-3-1,184.4
152949,3-2-1,318.7
152949,4-2-1,100
152949,5-2-1,2223
152949,6-2-1,43.7
152949,1-3-4,75.2
152949,2-3-4,188.2
152949,3-2-4,346
152949,4-2-3,284.5
152949,5-2-3,1969
152949,6-2-3,124
152949,1-3-5,200.7
152949,2-3-5,663.9
152949,3-2-5,914.8
152949,4-2-5,421.7
152949,5-2-4,2029
152949,6-2-4,51.5
152949,1-3-6,57.9
152949,2-3-6,137
152949,3-2-6,254.9
152949,4-2-6,62.5
152949,5-2-6,1570
152949,6-2-5,274
152949,1-4-2,17.1
152949,2-4-1,55.8
152949,3-4-1,338.4
152949,4-3-1,376
152949,5-3-1,3367
152949,6-3-1,219
152949,1-4-3,76.2
152949,2-4-3,164.5
152949,3-4-2,346.5
152949,4-3-2,431.5
152949,5-3-2,2407
152949,6-3-2,227
152949,1-4-5,142
152949,2-4-5,351.5
152949,3-4-5,824
152949,4-3-5,929.4
152949,5-3-4,2960
152949,6-3-4,195.3
152949,1-4-6,14.1
152949,2-4-6,38.8
152949,3-4-6,172.8
152949,4-3-6,201.5
152949,5-3-6,3098
152949,6-3-5,667.7
152949,1-5-2,343.9
152949,2-5-1,775.8
152949,3-5-1,1443
152949,4-5-1,597.3
152949,5-4-1,2093
152949,6-4-1,51.4
152949,1-5-3,492.8
152949,2-5-3,1320
152949,3-5-2,1619
152949,4-5-2,743.5
152949,5-4-2,2625
152949,6-4-2,52.2
152949,1-5-4,461.9
152949,2-5-4,1136
152949,3-5-4,1747
152949,4-5-3,1387
152949,5-4-3,2816
152949,6-4-3,143.7
152949,1-5-6,322.9
152949,2-5-6,621.3
152949,3-5-6,1343
152949,4-5-6,419.8
152949,5-4-6,1480
152949,6-4-5,205.8
152949,1-6-2,13.7
152949,2-6-1,36.2
152949,3-6-1,226.9
152949,4-6-1,41.1
152949,5-6-1,1808
152949,6-5-1,612.3
152949,1-6-3,48.9
152949,2-6-3,101.2
152949,3-6-2,228.1
152949,4-6-2,43.4
152949,5-6-2,1683
152949,6-5-2,599.6
152949,1-6-4,17.7
152949,2-6-4,42.4
152949,3-6-4,186.7
152949,4-6-3,124.9
152949,5-6-3,2102
152949,6-5-3,993
152949,1-6-5,116.2
152949,2-6-5,249.3
152949,3-6-5,669.6
152949,4-6-5,139.7
152949,5-6-4,1421
152949,6-5-4,609
152950,1-2-3,11.5
152950,2-1-3,11.5
152950,3-1-2,86.5
152950,4-1-2,42.6
152950,5-1-2,868.8
152950,6-1-2,918.4
152950,1-2-4,7.8
152950,2-1-4,9.2
152950,3-1-4,80.3
152950,4-1-3,93.2
152950,5-1-3,1430
152950,6-1-3,2191
152950,1-2-5,76.3
152950,2-1-5,72.3
152950,3-1-5,274.4
152950,4-1-5,138.5
152950,5-1-4,1142
152950,6-1-4,1389
152950,1-2-6,31.2
152950,2-1-6,26
152950,3-1-6,270.5
152950,4-1-6,111.9
152950,5-1-6,1335
152950,6-1-5,3494
152950,1-3-2,24.8
152950,2-3-1,31.1
152950,3-2-1,91.6
152950,4-2-1,44.3
152950,5-2-1,851.9
152950,6-2-1,798.3
152950,1-3-4,28.6
152950,2-3-4,24.3
152950,3-2-4,50
152950,4-2-3,44.9
152950,5-2-3,1443
152950,6-2-3,1443
152950,1-3-5,135.6
152950,2-3-5,166.1
152950,3-2-5,238
152950,4-2-5,120.6
152950,5-2-4,851.9
152950,6-2-4,697.8
152950,1-3-6,114.8
152950,2-3-6,75.1
152950,3-2-6,177.2
152950,4-2-6,69.4
152950,5-2-6,1043
152950,6-2-5,2263
152950,1-4-2,13.5
152950,2-4-1,18.7
152950,3-4-1,103.2
152950,4-3-1,148.7
152950,5-3-1,1976
152950,6-3-1,2724
152950,1-4-3,34.3
152950,2-4-3,22.4
152950,3-4-2,53.3
152950,4-3-2,72.4
152950,5-3-2,1812
152950,6-3-2,2060
152950,1-4-5,96.4
152950,2-4-5,100.6
152950,3-4-5,233.2
152950,4-3-5,295.2
152950,5-3-4,1928
152950,6-3-4,1876
152950,1-4-6,57.3
152950,2-4-6,47.4
152950,3-4-6,170.4
152950,4-3-6,185.3
152950,5-3-6,2958
152950,6-3-5,3545
152950,1-5-2,262.2
152950,2-5-1,276.1
152950,3-5-1,795.7
152950,4-5-1,219.3
152950,5-4-1,1217
152950,6-4-1,1369
152950,1-5-3,395.8
152950,2-5-3,421.5
152950,3-5-2,680.1
152950,4-5-2,206.9
152950,5-4-2,943.6
152950,6-4-2,730.6
152950,1-5-4,336.9
152950,2-5-4,294.3
152950,3-5-4,795.7
152950,4-5-3,434
152950,5-4-3,1560
152950,6-4-3,1734
152950,1-5-6,430.9
152950,2-5-6,354.8
152950,3-5-6,854.9
152950,4-5-6,238.5
152950,5-4-6,1328
152950,6-4-5,2387
152950,1-6-2,166.9
152950,2-6-1,159.4
152950,3-6-1,929.1
152950,4-6-1,229
152950,5-6-1,2551
152950,6-5-1,3519
152950,1-6-3,356.9
152950,2-6-3,219
152950,3-6-2,718.6
152950,4-6-2,161.5
152950,5-6-2,1898
152950,6-5-2,2995
152950,1-6-4,218
152950,2-6-4,150.5
152950,3-6-4,666
152950,4-6-3,355.3
152950,5-6-3,3796
152950,6-5-3,4344
152950,1-6-5,575.4
152950,2-6-5,558.7
152950,3-6-5,1575
152950,4-6-5,375.8
152950,5-6-4,2124
152950,6-5-4,2853
152951,1-2-3,9
152951,2-1-3,77.1
152951,3-1-2,25.4
152951,4-1-2,337.2
152951,5-1-2,522.9
152951,6-1-2,1913
152951,1-2-4,21.3
152951,2-1-4,165.3
152951,3-1-4,13.9
152951,4-1-3,176.3
152951,5-1-3,197.1
152951,6-1-3,1374
152951,1-2-5,42.6
152951,2-1-5,266.8
152951,3-1-5,14.7
152951,4-1-5,237.4
152951,5-1-4,521.4
152951,6-1-4,2949
152951,1-2-6,132.1
152951,2-1-6,537.2
152951,3-1-6,68
152951,4-1-6,520
152951,5-1-6,770.4
152951,6-1-5,2964
152951,1-3-2,6.2
152951,2-3-1,142.1
152951,3-2-1,85.5
152951,4-2-1,860.6
152951,5-2-1,1024
152951,6-2-1,2775
152951,1-3-4,5.7
152951,2-3-4,243.8
152951,3-2-4,138.2
152951,4-2-3,768.3
152951,5-2-3,823.1
152951,6-2-3,2562
152951,1-3-5,7.1
152951,2-3-5,304.2
152951,3-2-5,142.6
152951,4-2-5,1170
152951,5-2-4,1430
152951,6-2-4,3905
152951,1-3-6,40.3
152951,2-3-6,663.8
152951,3-2-6,352.6
152951,4-2-6,1207
152951,5-2-6,1887
152951,6-2-5,5778
152951,1-4-2,34.3
152951,2-4-1,489.8
152951,3-4-1,46.5
152951,4-3-1,204.2
152951,5-3-1,221.1
152951,6-3-1,1780
152951,1-4-3,18.6
152951,2-4-3,517.1
152951,3-4-2,116.4
152951,4-3-2,510.6
152951,5-3-2,525.3
152951,6-3-2,2472
152951,1-4-5,48.3
152951,2-4-5,922.3
152951,3-4-5,61
152951,4-3-5,296.8
152951,5-3-4,491.5
152951,6-3-4,2440
152951,1-4-6,135.9
152951,2-4-6,1033
152951,3-4-6,150.7
152951,4-3-6,527.2
152951,5-3-6,984.8
152951,6-3-5,2775
152951,1-5-2,66.6
152951,2-5-1,706.1
152951,3-5-1,47.2
152951,4-5-1,458.9
152951,5-4-1,871.2
152951,6-4-1,4459
152951,1-5-3,32
152951,2-5-3,515.7
152951,3-5-2,127.2
152951,4-5-2,950.1
152951,5-4-2,1599
152951,6-4-2,3800
152951,1-5-4,74.8
152951,2-5-4,1430
152951,3-5-4,84.2
152951,4-5-3,442.4
152951,5-4-3,688
152951,6-4-3,2831
152951,1-5-6,210.5
152951,2-5-6,1868
152951,3-5-6,203.4
152951,4-5-6,813.6
152951,5-4-6,1747
152951,6-4-5,4924
152951,1-6-2,350.8
152951,2-6-1,1627
152951,3-6-1,330.9
152951,4-6-1,1084
152951,5-6-1,1826
152951,6-5-1,4356
152951,1-6-3,222.4
152951,2-6-3,2074
152951,3-6-2,611.5
152951,4-6-2,1568
152951,5-6-2,3012
152951,6-5-2,5498
152951,1-6-4,409.1
152951,2-6-4,2516
152951,3-6-4,441
152951,4-6-3,1184
152951,5-6-3,2008
152951,6-5-3,3453
152951,1-6-5,408.5
152951,2-6-5,2980
152951,3-6-5,439.3
152951,4-6-5,1394
152951,5-6-4,3111
152951,6-5-4,4719
152952,1-2-3,31.8
152952,2-1-3,29.6
152952,3-1-2,126.7
152952,4-1-2,47.9
152952,5-1-2,1210
152952,6-1-2,314.4
152952,1-2-4,16.9
152952,2-1-4,15
152952,3-1-4,114.1
152952,4-1-3,100.9
152952,5-1-3,1460
152952,6-1-3,792.7
152952,1-2-5,182.4
152952,2-1-5,200.7
152952,3-1-5,464.2
152952,4-1-5,368.7
152952,5-1-4,1649
152952,6-1-4,430.3
152952,1-2-6,40.1
152952,2-1-6,28.3
152952,3-1-6,194.1
152952,4-1-6,74
152952,5-1-6,1864
152952,6-1-5,1811
152952,1-3-2,58.6
152952,2-3-1,46.1
152952,3-2-1,102.1
152952,4-2-1,34.3
152952,5-2-1,1120
152952,6-2-1,275.9
152952,1-3-4,58.6
152952,2-3-4,15.6
152952,3-2-4,33
152952,4-2-3,31.7
152952,5-2-3,886
152952,6-2-3,283.7
152952,1-3-5,339.2
152952,2-3-5,193.5
152952,3-2-5,281.3
152952,4-2-5,148.5
152952,5-2-4,793.8
152952,6-2-4,117.4
152952,1-3-6,131.3
152952,2-3-6,29.3
152952,3-2-6,57
152952,4-2-6,23.5
152952,5-2-6,1153
152952,6-2-5,1079
152952,1-4-2,30
152952,2-4-1,16.9
152952,3-4-1,95.2
152952,4-3-1,141.1
152952,5-3-1,1559
152952,6-3-1,847.9
152952,1-4-3,70.5
152952,2-4-3,14.6
152952,3-4-2,41.4
152952,4-3-2,57.7
152952,5-3-2,1128
152952,6-3-2,394.1
152952,1-4-5,349.4
152952,2-4-5,123.2
152952,3-4-5,286
152952,4-3-5,338.8
152952,5-3-4,1177
152952,6-3-4,379.2
152952,1-4-6,59.5
152952,2-4-6,10.7
152952,3-4-6,60.3
152952,4-3-6,74.5
152952,5-3-6,1876
152952,6-3-5,1933
152952,1-5-2,619.4
152952,2-5-1,622.1
152952,3-5-1,824.7
152952,4-5-1,674.9
152952,5-4-1,1703
152952,6-4-1,333.7
152952,1-5-3,719
152952,2-5-3,528.9
152952,3-5-2,656.3
152952,4-5-2,387.2
152952,5-4-2,1067
152952,6-4-2,119.3
152952,1-5-4,902.7
152952,2-5-4,488.3
152952,3-5-4,700.5
152952,4-5-3,570.6
152952,5-4-3,1266
152952,6-4-3,287
152952,1-5-6,1061
152952,2-5-6,560
152952,3-5-6,907
152952,4-5-6,355.2
152952,5-4-6,1366
152952,6-4-5,779.7
152952,1-6-2,117.4
152952,2-6-1,55.8
152952,3-6-1,276.9
152952,4-6-1,74.1
152952,5-6-1,2765
152952,6-5-1,2847
152952,1-6-3,275.8
152952,2-6-3,48.3
152952,3-6-2,128.2
152952,4-6-2,34.7
152952,5-6-2,1927
152952,6-5-2,1987
152952,1-6-4,162
152952,2-6-4,25.3
152952,3-6-4,137.3
152952,4-6-3,86.8
152952,5-6-3,2415
152952,6-5-3,2280
152952,1-6-5,755
152952,2-6-5,332.3
152952,3-6-5,678.1
152952,4-6-5,179.8
152952,5-6-4,1858
152952,6-5-4,1799
152953,1-2-3,18.7
152953,2-1-3,337.8
152953,3-1-2,547.3
152953,4-1-2,79.6
152953,5-1-2,81.9
152953,6-1-2,2296
152953,1-2-4,4.8
152953,2-1-4,129
152953,3-1-4,695.8
152953,4-1-3,331
152953,5-1-3,295.8
152953,6-1-3,4561
152953,1-2-5,4.7
152953,2-1-5,109.2
152953,3-1-5,472.8
152953,4-1-5,47.1
152953,5-1-4,80.9
152953,6-1-4,2945
152953,1-2-6,54.5
152953,2-1-6,667.5
152953,3-1-6,1365
152953,4-1-6,206.4
152953,5-1-6,182.6
152953,6-1-5,2460
152953,1-3-2,41.4
152953,2-3-1,761.1
152953,3-2-1,1064
152953,4-2-1,252.7
152953,5-2-1,290.8
152953,6-2-1,4349
152953,1-3-4,38.5
152953,2-3-4,1329
152953,3-2-4,1679
152953,4-2-3,1290
152953,5-2-3,1218
152953,6-2-3,7380
152953,1-3-5,42.5
152953,2-3-5,1775
152953,3-2-5,1621
152953,4-2-5,391.6
152953,5-2-4,559
152953,6-2-4,5812
152953,1-3-6,193.3
152953,2-3-6,3569
152953,3-2-6,4321
152953,4-2-6,1004
152953,5-2-6,990.7
152953,6-2-5,6138
152953,1-4-2,8.1
152953,2-4-1,424
152953,3-4-1,1303
152953,4-3-1,1103
152953,5-3-1,968.7
152953,6-3-1,6439
152953,1-4-3,30.3
152953,2-4-3,1545
152953,3-4-2,1949
152953,4-3-2,1751
152953,5-3-2,1814
152953,6-3-2,8210
152953,1-4-5,8.3
152953,2-4-5,858.6
152953,3-4-5,2441
152953,4-3-5,1710
152953,5-3-4,2249
152953,6-3-4,7727
152953,1-4-6,52.5
152953,2-4-6,2091
152953,3-4-6,3438
152953,4-3-6,2855
152953,5-3-6,4079
152953,6-3-5,8010
152953,1-5-2,8.5
152953,2-5-1,375.9
152953,3-5-1,953.3
152953,4-5-1,77
152953,5-4-1,151.6
152953,6-4-1,4498
152953,1-5-3,36.8
152953,2-5-3,1760
152953,3-5-2,1892
152953,4-5-2,196.8
152953,5-4-2,359.3
152953,6-4-2,5662
152953,1-5-4,11
152953,2-5-4,848.6
152953,3-5-4,2680
152953,4-5-3,724.1
152953,5-4-3,1111
152953,6-4-3,7549
152953,1-5-6,34.7
152953,2-5-6,1520
152953,3-5-6,3818
152953,4-5-6,227.2
152953,5-4-6,527.1
152953,6-4-5,5014
152953,1-6-2,224.6
152953,2-6-1,2118
152953,3-6-1,4183
152953,4-6-1,897.3
152953,5-6-1,825.1
152953,6-5-1,3157
152953,1-6-3,466.1
152953,2-6-3,5711
152953,3-6-2,5052
152953,4-6-2,1633
152953,5-6-2,1760
152953,6-5-2,6987
152953,1-6-4,253.7
152953,2-6-4,4054
152953,3-6-4,6503
152953,4-6-3,2575
152953,5-6-3,3098
152953,6-5-3,8757
152953,1-6-5,203
152953,2-6-5,4321
152953,3-6-5,6439
152953,4-6-5,918.6
152953,5-6-4,1409
152953,6-5-4,4794
152954,1-2-3,5.8
152954,2-1-3,32.9
152954,3-1-2,30
152954,4-1-2,219.6
152954,5-1-2,84.6
152954,6-1-2,1900
152954,1-2-4,20.5
152954,2-1-4,91.6
152954,3-1-4,47.5
152954,4-1-3,162.4
152954,5-1-3,61.9
152954,6-1-3,2227
152954,1-2-5,14.5
152954,2-1-5,80.5
152954,3-1-5,24.8
152954,4-1-5,166.8
152954,5-1-4,167.2
152954,6-1-4,2665
152954,1-2-6,202
152954,2-1-6,615.6
152954,3-1-6,290.7
152954,4-1-6,784.7
152954,5-1-6,280.8
152954,6-1-5,2745
152954,1-3-2,5
152954,2-3-1,87
152954,3-2-1,69.9
152954,4-2-1,417.6
152954,5-2-1,173.7
152954,6-2-1,2665
152954,1-3-4,14.7
152954,2-3-4,375.5
152954,3-2-4,192.3
152954,4-2-3,703.1
152954,5-2-3,214.2
152954,6-2-3,3171
152954,1-3-5,7.1
152954,2-3-5,234.1
152954,3-2-5,111.8
152954,4-2-5,675.3
152954,5-2-4,520.5
152954,6-2-4,3913
152954,1-3-6,158
152954,2-3-6,1381
152954,3-2-6,897.3
152954,4-2-6,1888
152954,5-2-6,813.9
152954,6-2-5,4318
152954,1-4-2,46.2
152954,2-4-1,304
152954,3-4-1,82.3
152954,4-3-1,248.7
152954,5-3-1,90.8
152954,6-3-1,2838
152954,1-4-3,36.2
152954,2-4-3,589.2
152954,3-4-2,172.2
152954,4-3-2,491
152954,5-3-2,175.6
152954,6-3-2,3880
152954,1-4-5,51
152954,2-4-5,695.7
152954,3-4-5,87
152954,4-3-5,272.4
152954,5-3-4,248.9
152954,6-3-4,3913
152954,1-4-6,292.9
152954,2-4-6,1478
152954,3-4-6,566.7
152954,4-3-6,1254
152954,5-3-6,555.4
152954,6-3-5,3816
152954,1-5-2,25.6
152954,2-5-1,238.9
152954,3-5-1,44.9
152954,4-5-1,189.7
152954,5-4-1,293.7
152954,6-4-1,2627
152954,1-5-3,20.2
152954,2-5-3,329.4
152954,3-5-2,90.9
152954,4-5-2,387.5
152954,5-4-2,577.3
152954,6-4-2,4238
152954,1-5-4,60.8
152954,2-5-4,724.2
152954,3-5-4,91.4
152954,4-5-3,256.7
152954,5-4-3,316.6
152954,6-4-3,3913
152954,1-5-6,222.9
152954,2-5-6,1366
152954,3-5-6,424
152954,4-5-6,692
152954,5-4-6,1007
152954,6-4-5,3635
152954,1-6-2,644
152954,2-6-1,1990
152954,3-6-1,1074
152954,4-6-1,1832
152954,5-6-1,627.8
152954,6-5-1,3086
152954,1-6-3,577.3
152954,2-6-3,3419
152954,3-6-2,1854
152954,4-6-2,3107
152954,5-6-2,1321
152954,6-5-2,3320
152954,1-6-4,755.7
152954,2-6-4,3606
152954,3-6-4,1741
152954,4-6-3,2737
152954,5-6-3,976.3
152954,6-5-3,3606
152954,1-6-5,763.2
152954,2-6-5,3107
152954,3-6-5,1308
152954,4-6-5,2003
152954,5-6-4,1532
152954,6-5-4,3393
152955,1-2-3,9.6
152955,2-1-3,75
152955,3-1-2,34
152955,4-1-2,105.8
152955,5-1-2,124.8
152955,6-1-2,749.8
152955,1-2-4,15.3
152955,2-1-4,123
152955,3-1-4,39.3
152955,4-1-3,95.4
152955,5-1-3,68.5
152955,6-1-3,675.2
152955,1-2-5,23.3
152955,2-1-5,139.5
152955,3-1-5,20.5
152955,4-1-5,84.3
152955,5-1-4,170.5
152955,6-1-4,738.1
152955,1-2-6,71
152955,2-1-6,267.3
152955,3-1-6,82.8
152955,4-1-6,159.3
152955,5-1-6,202.1
152955,6-1-5,1028
152955,1-3-2,8.2
152955,2-3-1,155.4
152955,3-2-1,113.6
152955,4-2-1,217.6
152955,5-2-1,279.3
152955,6-2-1,1231
152955,1-3-4,10.6
152955,2-3-4,354.2
152955,3-2-4,244.5
152955,4-2-3,438.5
152955,5-2-3,341.5
152955,6-2-3,1628
152955,1-3-5,7.7
152955,2-3-5,309.4
152955,3-2-5,171.1
152955,4-2-5,414
152955,5-2-4,550.2
152955,6-2-4,1494
152955,1-3-6,41
152955,2-3-6,754.5
152955,3-2-6,473.4
152955,4-2-6,477.2
152955,5-2-6,617.3
152955,6-2-5,1916
152955,1-4-2,23.4
152955,2-4-1,260.9
152955,3-4-1,109.6
152955,4-3-1,178.3
152955,5-3-1,73.9
152955,6-3-1,870.6
152955,1-4-3,22.8
152955,2-4-3,575.5
152955,3-4-2,246.3
152955,4-3-2,404.2
152955,5-3-2,180.3
152955,6-3-2,1814
152955,1-4-5,29.7
152955,2-4-5,601.7
152955,3-4-5,162.3
152955,4-3-5,334.3
152955,5-3-4,278
152955,6-3-4,1381
152955,1-4-6,66.6
152955,2-4-6,633.8
152955,3-4-6,290.5
152955,4-3-6,451
152955,5-3-6,257.7
152955,6-3-5,1212
152955,1-5-2,34.5
152955,2-5-1,328.7
152955,3-5-1,43.3
152955,4-5-1,146.4
152955,5-4-1,297.1
152955,6-4-1,873.8
152955,1-5-3,20.5
152955,2-5-3,422.9
152955,3-5-2,103.6
152955,4-5-2,316.9
152955,5-4-2,565.9
152955,6-4-2,1543
152955,1-5-4,47.8
152955,2-5-4,671.4
152955,3-5-4,125.4
152955,4-5-3,273.8
152955,5-4-3,525.8
152955,6-4-3,1574
152955,1-5-6,82.5
152955,2-5-6,870.6
152955,3-5-6,137.5
152955,4-5-6,271
152955,5-4-6,559.2
152955,6-4-5,1747
152955,1-6-2,199.9
152955,2-6-1,814
152955,3-6-1,324.7
152955,4-6-1,400.8
152955,5-6-1,463.3
152955,6-5-1,900.3
152955,1-6-3,156.1
152955,2-6-3,1342
152955,3-6-2,695
152955,4-6-2,669.5
152955,5-6-2,836.9
152955,6-5-2,1476
152955,1-6-4,196.9
152955,2-6-4,1212
152955,3-6-4,574.1
152955,4-6-3,654.7
152955,5-6-3,579.7
152955,6-5-3,903.7
152955,1-6-5,216.2
152955,2-6-5,1373
152955,3-6-5,355.2
152955,4-6-5,592.7
152955,5-6-4,784.4
152955,6-5-4,1390
152956,1-2-3,14
152956,2-1-3,25.1
152956,3-1-2,123.8
152956,4-1-2,110.4
152956,5-1-2,189.7
152956,6-1-2,152.2
152956,1-2-4,22
152956,2-1-4,29.4
152956,3-1-4,227.2
152956,4-1-3,229.7
152956,5-1-3,322.3
152956,6-1-3,407.2
152956,1-2-5,20.2
152956,2-1-5,26.4
152956,3-1-5,158.7
152956,4-1-5,99.7
152956,5-1-4,246.6
152956,6-1-4,401.7
152956,1-2-6,18.5
152956,2-1-6,27.3
152956,3-1-6,199.8
152956,4-1-6,111.2
152956,5-1-6,163
152956,6-1-5,224.4
152956,1-3-2,31.1
152956,2-3-1,54.3
152956,3-2-1,140.4
152956,4-2-1,104.4
152956,5-2-1,221.3
152956,6-2-1,214.8
152956,1-3-4,68.6
152956,2-3-4,41.1
152956,3-2-4,103
152956,4-2-3,134.4
152956,5-2-3,264.6
152956,6-2-3,389.2
152956,1-3-5,66.1
152956,2-3-5,39.9
152956,3-2-5,94.1
152956,4-2-5,65.3
152956,5-2-4,205.7
152956,6-2-4,285.8
152956,1-3-6,63.2
152956,2-3-6,43.6
152956,3-2-6,110.3
152956,4-2-6,67.4
152956,5-2-6,149.8
152956,6-2-5,249.8
152956,1-4-2,55.6
152956,2-4-1,52.1
152956,3-4-1,302.3
152956,4-3-1,389.2
152956,5-3-1,531.6
152956,6-3-1,652.2
152956,1-4-3,106.8
152956,2-4-3,53.3
152956,3-4-2,158.2
152956,4-3-2,217.3
152956,5-3-2,396.7
152956,6-3-2,561.9
152956,1-4-5,88
152956,2-4-5,38.9
152956,3-4-5,190.3
152956,4-3-5,245.9
152956,5-3-4,630.4
152956,6-3-4,831.7
152956,1-4-6,77.1
152956,2-4-6,36.6
152956,3-4-6,195.9
152956,4-3-6,260
152956,5-3-6,481
152956,6-3-5,688
152956,1-5-2,57.7
152956,2-5-1,67.8
152956,3-5-1,271
152956,4-5-1,88.2
152956,5-4-1,218.5
152956,6-4-1,451.6
152956,1-5-3,109.4
152956,2-5-3,78.2
152956,3-5-2,179.6
152956,4-5-2,65.8
152956,5-4-2,162.4
152956,6-4-2,305.4
152956,1-5-4,141.8
152956,2-5-4,72.1
152956,3-5-4,261.1
152956,4-5-3,184
152956,5-4-3,402.9
152956,6-4-3,777
152956,1-5-6,58
152956,2-5-6,48.4
152956,3-5-6,198.6
152956,4-5-6,53.3
152956,5-4-6,118.8
152956,6-4-5,320
152956,1-6-2,45.9
152956,2-6-1,75.1
152956,3-6-1,366.8
152956,4-6-1,127.2
152956,5-6-1,212.1
152956,6-5-1,280
152956,1-6-3,101.6
152956,2-6-3,100.1
152956,3-6-2,298.4
152956,4-6-2,83.7
152956,5-6-2,179.6
152956,6-5-2,287.4
152956,1-6-4,135.1
152956,2-6-4,74
152956,3-6-4,433.2
152956,4-6-3,239.9
152956,5-6-3,377.9
152956,6-5-3,615.4
152956,1-6-5,74.4
152956,2-6-5,64.2
152956,3-6-5,337.5
152956,4-6-5,72.7
152956,5-6-4,203.3
152956,6-5-4,340.6
152957,1-2-3,7.1
152957,2-1-3,40.8
152957,3-1-2,40.2
152957,4-1-2,603.2
152957,5-1-2,370.1
152957,6-1-2,134
152957,1-2-4,17.2
152957,2-1-4,110.7
152957,3-1-4,62.7
152957,4-1-3,605
152957,5-1-3,327.1
152957,6-1-3,139.4
152957,1-2-5,21.3
152957,2-1-5,105.3
152957,3-1-5,67.4
152957,4-1-5,601.7
152957,5-1-4,643.3
152957,6-1-4,313.3
152957,1-2-6,10.3
152957,2-1-6,56.9
152957,3-1-6,41.4
152957,4-1-6,490.1
152957,5-1-6,358.4
152957,6-1-5,346.9
152957,1-3-2,8.2
152957,2-3-1,92.7
152957,3-2-1,91.6
152957,4-2-1,1034
152957,5-2-1,838.8
152957,6-2-1,227.1
152957,1-3-4,16
152957,2-3-4,408.4
152957,3-2-4,350.7
152957,4-2-3,1528
152957,5-2-3,1332
152957,6-2-3,357
152957,1-3-5,18.4
152957,2-3-5,350
152957,3-2-5,296
152957,4-2-5,1953
152957,5-2-4,2005
152957,6-2-4,857.5
152957,1-3-6,8
152957,2-3-6,182.5
152957,3-2-6,144.8
152957,4-2-6,1372
152957,5-2-6,1179
152957,6-2-5,873.3
152957,1-4-2,41.1
152957,2-4-1,485.1
152957,3-4-1,228.3
152957,4-3-1,895.3
152957,5-3-1,691
152957,6-3-1,276.1
152957,1-4-3,49.2
152957,2-4-3,796.5
152957,3-4-2,431.7
152957,4-3-2,1474
152957,5-3-2,1292
152957,6-3-2,429.3
152957,1-4-5,71.5
152957,2-4-5,1129
152957,3-4-5,277.1
152957,4-3-5,1537
152957,5-3-4,1633
152957,6-3-4,895.3
152957,1-4-6,30.4
152957,2-4-6,652.5
152957,3-4-6,207.8
152957,4-3-6,1027
152957,5-3-6,931.3
152957,6-3-5,991.5
152957,1-5-2,59.9
152957,2-5-1,490.4
152957,3-5-1,214.4
152957,4-5-1,1164
152957,5-4-1,1581
152957,6-4-1,817.4
152957,1-5-3,63.4
152957,2-5-3,870.3
152957,3-5-2,406
152957,4-5-2,2106
152957,5-4-2,2339
152957,6-4-2,1314
152957,1-5-4,119.6
152957,2-5-4,1507
152957,3-5-4,326.7
152957,4-5-3,1989
152957,5-4-3,2285
152957,6-4-3,1500
152957,1-5-6,54
152957,2-5-6,804.9
152957,3-5-6,212.9
152957,4-5-6,868
152957,5-4-6,1150
152957,6-4-5,1339
152957,1-6-2,21.5
152957,2-6-1,210.7
152957,3-6-1,117.6
152957,4-6-1,862.7
152957,5-6-1,786.5
152957,6-5-1,743.6
152957,1-6-3,20.5
152957,2-6-3,332.3
152957,3-6-2,191.1
152957,4-6-2,1405
152957,5-6-2,1433
152957,6-5-2,1395
152957,1-6-4,46
152957,2-6-4,850.9
152957,3-6-4,276
152957,4-6-3,1569
152957,5-6-3,1258
152957,6-5-3,1311
152957,1-6-5,62
152957,2-6-5,818.1
152957,3-6-5,246.7
152957,4-6-5,1137
152957,5-6-4,1247
152957,6-5-4,1203
152958,1-2-3,9
152958,2-1-3,46.2
152958,3-1-2,64.4
152958,4-1-2,79.6
152958,5-1-2,91.5
152958,6-1-2,453.2
152958,1-2-4,11.2
152958,2-1-4,60.7
152958,3-1-4,65.4
152958,4-1-3,121.5
152958,5-1-3,127.6
152958,6-1-3,664.8
152958,1-2-5,13
152958,2-1-5,55.3
152958,3-1-5,56.6
152958,4-1-5,48.8
152958,5-1-4,98.4
152958,6-1-4,573.3
152958,1-2-6,53.4
152958,2-1-6,162.2
152958,3-1-6,145.2
152958,4-1-6,121.9
152958,5-1-6,167
152958,6-1-5,696.4
152958,1-3-2,10.4
152958,2-3-1,124.3
152958,3-2-1,164.5
152958,4-2-1,204.6
152958,5-2-1,206.9
152958,6-2-1,827
152958,1-3-4,12.5
152958,2-3-4,251.9
152958,3-2-4,393.9
152958,4-2-3,494
152958,5-2-3,441.9
152958,6-2-3,1388
152958,1-3-5,12.5
152958,2-3-5,216.7
152958,3-2-5,272.7
152958,4-2-5,226.3
152958,5-2-4,366.9
152958,6-2-4,1327
152958,1-3-6,50.5
152958,2-3-6,619.6
152958,3-2-6,763.9
152958,4-2-6,440.9
152958,5-2-6,588.2
152958,6-2-5,1429
152958,1-4-2,17.5
152958,2-4-1,191.5
152958,3-4-1,225.7
152958,4-3-1,338.6
152958,5-3-1,319.4
152958,6-3-1,1218
152958,1-4-3,23.4
152958,2-4-3,365.9
152958,3-4-2,471.2
152958,4-3-2,608.4
152958,5-3-2,504.3
152958,6-3-2,1505
152958,1-4-5,19.3
152958,2-4-5,296.4
152958,3-4-5,344.8
152958,4-3-5,414.2
152958,5-3-4,508
152958,6-3-4,1670
152958,1-4-6,47.2
152958,2-4-6,627.3
152958,3-4-6,634.9
152958,4-3-6,811.1
152958,5-3-6,961.1
152958,6-3-5,1791
152958,1-5-2,17.9
152958,2-5-1,192.4
152958,3-5-1,196.2
152958,4-5-1,82.6
152958,5-4-1,161.4
152958,6-4-1,880.5
152958,1-5-3,22.8
152958,2-5-3,318.8
152958,3-5-2,325
152958,4-5-2,136.1
152958,5-4-2,262.3
152958,6-4-2,1343
152958,1-5-4,23.9
152958,2-5-4,349.4
152958,3-5-4,368.9
152958,4-5-3,272
152958,5-4-3,425.1
152958,6-4-3,1815
152958,1-5-6,62.3
152958,2-5-6,603
152958,3-5-6,670.1
152958,4-5-6,141.7
152958,5-4-6,278.1
152958,6-4-5,1224
152958,1-6-2,139.4
152958,2-6-1,681.9
152958,3-6-1,923
152958,4-6-1,354
152958,5-6-1,591.9
152958,6-5-1,1176
152958,1-6-3,186.2
152958,2-6-3,1312
152958,3-6-2,1351
152958,4-6-2,559.3
152958,5-6-2,882.6
152958,6-5-2,1410
152958,1-6-4,172.7
152958,2-6-4,1186
152958,3-6-4,1596
152958,4-6-3,898.3
152958,5-6-3,1275
152958,6-5-3,1916
152958,1-6-5,189.1
152958,2-6-5,1004
152958,3-6-5,1409
152958,4-6-5,369.8
152958,5-6-4,793.6
152958,6-5-4,1302
152875,1-2-3,12
152875,2-1-3,34.1
152875,3-1-2,9.8
152875,4-1-2,231
152875,5-1-2,623.8
152875,6-1-2,2822
152875,1-2-4,36.6
152875,2-1-4,79.4
152875,3-1-4,12.1
152875,4-1-3,150
152875,5-1-3,133
152875,6-1-3,3386
152875,1-2-5,67.4
152875,2-1-5,133
152875,3-1-5,20
152875,4-1-5,322
152875,5-1-4,759.8
152875,6-1-4,3823
152875,1-2-6,404.5
152875,2-1-6,658.5
152875,3-1-6,162.5
152875,4-1-6,1150
152875,5-1-6,1743
152875,6-1-5,5153
152875,1-3-2,7.7
152875,2-3-1,29.6
152875,3-2-1,17.9
152875,4-2-1,270.6
152875,5-2-1,300
152875,6-2-1,3386
152875,1-3-4,11.4
152875,2-3-4,33.4
152875,3-2-4,19.1
152875,4-2-3,157.8
152875,5-2-3,237
152875,6-2-3,2521
152875,1-3-5,20.3
152875,2-3-5,55.2
152875,3-2-5,28
152875,4-2-5,336.7
152875,5-2-4,303.1
152875,6-2-4,5387
152875,1-3-6,164.6
152875,2-3-6,440.6
152875,3-2-6,257.1
152875,4-2-6,2236
152875,5-2-6,2693
152875,6-2-5,6585
152875,1-4-2,55
152875,2-4-1,203.6
152875,3-4-1,25.7
152875,4-3-1,127.8
152875,5-3-1,186.3
152875,6-3-1,2419
152875,1-4-3,36.2
152875,2-4-3,88.7
152875,3-4-2,26.4
152875,4-3-2,123.5
152875,5-3-2,178.5
152875,6-3-2,2324
152875,1-4-5,102.3
152875,2-4-5,219
152875,3-4-5,37
152875,4-3-5,149.8
152875,5-3-4,211.2
152875,6-3-4,3119
152875,1-4-6,677.3
152875,2-4-6,1411
152875,3-4-6,242.8
152875,4-3-6,685.1
152875,5-3-6,1717
152875,6-3-5,3823
152875,1-5-2,163.2
152875,2-5-1,201.9
152875,3-5-1,55.4
152875,4-5-1,435.7
152875,5-4-1,911.7
152875,6-4-1,6585
152875,1-5-3,83.1
152875,2-5-3,140.1
152875,3-5-2,46.7
152875,4-5-2,349.6
152875,5-4-2,759.8
152875,6-4-2,6238
152875,1-5-4,214.3
152875,2-5-4,205
152875,3-5-4,52.2
152875,4-5-3,283.5
152875,5-4-3,627.1
152875,6-4-3,4087
152875,1-5-6,1004
152875,2-5-6,1623
152875,3-5-6,271.2
152875,4-5-6,1463
152875,5-4-6,2279
152875,6-4-5,5926
152875,1-6-2,1048
152875,2-6-1,2963
152875,3-6-1,665.9
152875,4-6-1,3386
152875,5-6-1,3292
152875,6-5-1,6972
152875,1-6-3,1162
152875,2-6-3,2155
152875,3-6-2,759.8
152875,4-6-2,3203
152875,5-6-2,3823
152875,6-5-2,7408
152875,1-6-4,1646
152875,2-6-4,3119
152875,3-6-4,779.8
152875,4-6-3,1975
152875,5-6-3,2693
152875,6-5-3,6238
152875,1-6-5,1669
152875,2-6-5,4087
152875,3-6-5,714
152875,4-6-5,3486
152875,5-6-4,3951
152875,6-5-4,5926
152876,1-2-3,7.1
152876,2-1-3,6.2
152876,3-1-2,22.1
152876,4-1-2,597.1
152876,5-1-2,811.3
152876,6-1-2,191.5
152876,1-2-4,41.8
152876,2-1-4,46
152876,3-1-4,153.1
152876,4-1-3,754.1
152876,5-1-3,865
152876,6-1-3,296.3
152876,1-2-5,30.9
152876,2-1-5,30.5
152876,3-1-5,76
152876,4-1-5,1120
152876,5-1-4,1489
152876,6-1-4,1188
152876,1-2-6,18.1
152876,2-1-6,14.2
152876,3-1-6,52
152876,4-1-6,1041
152876,5-1-6,933.6
152876,6-1-5,964.2
152876,1-3-2,12.6
152876,2-3-1,14.3
152876,3-2-1,21.5
152876,4-2-1,488.1
152876,5-2-1,877.9
152876,6-2-1,167.5
152876,1-3-4,86.1
152876,2-3-4,68.6
152876,3-2-4,89.8
152876,4-2-3,437.3
152876,5-2-3,565.5
152876,6-2-3,201.7
152876,1-3-5,59
152876,2-3-5,31.3
152876,3-2-5,45.7
152876,4-2-5,1005
152876,5-2-4,1730
152876,6-2-4,871.4
152876,1-3-6,39.4
152876,2-3-6,19.3
152876,3-2-6,23.3
152876,4-2-6,515.9
152876,5-2-6,692
152876,6-2-5,537.1
152876,1-4-2,225.3
152876,2-4-1,183.8
152876,3-4-1,285.5
152876,4-3-1,840.2
152876,5-3-1,1307
152876,6-3-1,379.4
152876,1-4-3,299.3
152876,2-4-3,192.5
152876,3-4-2,196
152876,4-3-2,539.6
152876,5-3-2,653.5
152876,6-3-2,242
152876,1-4-5,629
152876,2-4-5,409.8
152876,3-4-5,502.7
152876,4-3-5,1960
152876,5-3-4,2557
152876,6-3-4,1589
152876,1-4-6,392.1
152876,2-4-6,220.3
152876,3-4-6,319.6
152876,4-3-6,1142
152876,5-3-6,1022
152876,6-3-5,822.6
152876,1-5-2,138.5
152876,2-5-1,151.7
152876,3-5-1,186.1
152876,4-5-1,1960
152876,5-4-1,2306
152876,6-4-1,2735
152876,1-5-3,194.7
152876,2-5-3,124.8
152876,3-5-2,112.2
152876,4-5-2,1527
152876,5-4-2,2450
152876,6-4-2,2614
152876,1-5-4,657.2
152876,2-5-4,488.1
152876,3-5-4,597.1
152876,4-5-3,2138
152876,5-4-3,3794
152876,6-4-3,4201
152876,1-5-6,260.8
152876,2-5-6,133.2
152876,3-5-6,179.8
152876,4-5-6,1131
152876,5-4-6,2100
152876,6-4-5,2941
152876,1-6-2,64.4
152876,2-6-1,52.7
152876,3-6-1,122.9
152876,4-6-1,1452
152876,5-6-1,1164
152876,6-5-1,1508
152876,1-6-3,114.2
152876,2-6-3,63.4
152876,3-6-2,67.4
152876,4-6-2,904.9
152876,5-6-2,877.9
152876,6-5-2,858.6
152876,1-6-4,392.1
152876,2-6-4,249.7
152876,3-6-4,343.9
152876,4-6-3,1527
152876,5-6-3,1307
152876,6-5-3,1307
152876,1-6-5,264.9
152876,2-6-5,142
152876,3-6-5,168.5
152876,4-6-5,1867
152876,5-6-4,2735
152876,6-5-4,2306
152877,1-2-3,17.1
152877,2-1-3,129
152877,3-1-2,207.2
152877,4-1-2,21.4
152877,5-1-2,87.7
152877,6-1-2,1887
152877,1-2-4,7.9
152877,2-1-4,67.6
152877,3-1-4,136.6
152877,4-1-3,48
152877,5-1-3,162
152877,6-1-3,2089
152877,1-2-5,16.7
152877,2-1-5,103.4
152877,3-1-5,230
152877,4-1-5,12.4
152877,5-1-4,51.2
152877,6-1-4,2146
152877,1-2-6,396.6
152877,2-1-6,1095
152877,3-1-6,2008
152877,4-1-6,334.7
152877,5-1-6,555.6
152877,6-1-5,2373
152877,1-3-2,24.4
152877,2-3-1,488.1
152877,3-2-1,505.4
152877,4-2-1,88.5
152877,5-2-1,256
152877,6-2-1,5222
152877,1-3-4,16.1
152877,2-3-4,580.2
152877,3-2-4,489.6
152877,4-2-3,203.7
152877,5-2-3,591.2
152877,6-2-3,5054
152877,1-3-5,27.8
152877,2-3-5,905.6
152877,3-2-5,728.7
152877,4-2-5,92.1
152877,5-2-4,298.4
152877,6-2-4,5802
152877,1-3-6,474.7
152877,2-3-6,4352
152877,3-2-6,5595
152877,4-2-6,1017
152877,5-2-6,2089
152877,6-2-5,5595
152877,1-4-2,7.4
152877,2-4-1,177.2
152877,3-4-1,250.6
152877,4-3-1,177.6
152877,5-3-1,600.3
152877,6-3-1,4123
152877,1-4-3,12.9
152877,2-4-3,498.9
152877,3-4-2,463.5
152877,4-3-2,317.8
152877,5-3-2,1044
152877,6-3-2,5595
152877,1-4-5,7.8
152877,2-4-5,340.6
152877,3-4-5,402.7
152877,4-3-5,218.2
152877,5-3-4,696.3
152877,6-3-4,4352
152877,1-4-6,326.4
152877,2-4-6,2901
152877,3-4-6,3481
152877,4-3-6,1506
152877,5-3-6,3643
152877,6-3-5,3197
152877,1-5-2,23.9
152877,2-5-1,373.9
152877,3-5-1,513.7
152877,4-5-1,17.5
152877,5-4-1,50.1
152877,6-4-1,7121
152877,1-5-3,38.4
152877,2-5-3,783.4
152877,3-5-2,705.7
152877,4-5-2,37.9
152877,5-4-2,104.8
152877,6-4-2,9999
152877,1-5-4,18.8
152877,2-5-4,467.7
152877,3-5-4,600.3
152877,4-5-3,95.8
152877,5-4-3,244.8
152877,6-4-3,9999
152877,1-5-6,607.2
152877,2-5-6,4608
152877,3-5-6,6026
152877,4-5-6,200.8
152877,5-4-6,500.5
152877,6-4-5,6528
152877,1-6-2,1243
152877,2-6-1,6026
152877,3-6-1,9999
152877,4-6-1,1958
152877,5-6-1,2486
152877,6-5-1,9999
152877,1-6-3,1780
152877,2-6-3,9792
152877,3-6-2,9216
152877,4-6-2,2797
152877,5-6-2,4017
152877,6-5-2,9999
152877,1-6-4,1478
152877,2-6-4,7834
152877,3-6-4,7834
152877,4-6-3,5402
152877,5-6-3,6528
152877,6-5-3,6528
152877,1-6-5,1958
152877,2-6-5,9216
152877,3-6-5,8246
152877,4-6-5,1386
152877,5-6-4,2410
152877,6-5-4,7121
152878,1-2-3,25.8
152878,2-1-3,161
152878,3-1-2,133.2
152878,4-1-2,22.7
152878,5-1-2,166
152878,6-1-2,3898
152878,1-2-4,11.9
152878,2-1-4,78.5
152878,3-1-4,38
152878,4-1-3,31.9
152878,5-1-3,181
152878,6-1-3,7124
152878,1-2-5,36.8
152878,2-1-5,162.1
152878,3-1-5,109.6
152878,4-1-5,13.8
152878,5-1-4,87.8
152878,6-1-4,3826
152878,1-2-6,481.5
152878,2-1-6,1721
152878,3-1-6,1275
152878,4-1-6,176.1
152878,5-1-6,839.8
152878,6-1-5,5902
152878,1-3-2,32.4
152878,2-3-1,378.3
152878,3-2-1,274
152878,4-2-1,52.4
152878,5-2-1,313.9
152878,6-2-1,4804
152878,1-3-4,11.9
152878,2-3-4,250.7
152878,3-2-4,134.1
152878,4-2-3,90.2
152878,5-2-3,479.3
152878,6-2-3,5902
152878,1-3-5,31.7
152878,2-3-5,556.8
152878,3-2-5,358
152878,4-2-5,57.9
152878,5-2-4,275.1
152878,6-2-4,5436
152878,1-3-6,675.1
152878,2-3-6,4304
152878,3-2-6,3443
152878,4-2-6,398.8
152878,5-2-6,1750
152878,6-2-5,6664
152878,1-4-2,9.8
152878,2-4-1,124.7
152878,3-4-1,52.9
152878,4-3-1,67.1
152878,5-3-1,409.9
152878,6-3-1,8264
152878,1-4-3,10.3
152878,2-4-3,200.1
152878,3-4-2,70.1
152878,4-3-2,85.5
152878,5-3-2,529.7
152878,6-3-2,7652
152878,1-4-5,8.9
152878,2-4-5,223.5
152878,3-4-5,59.4
152878,4-3-5,53.7
152878,5-3-4,284.5
152878,6-3-4,6260
152878,1-4-6,197.3
152878,2-4-6,1895
152878,3-4-6,751.2
152878,4-3-6,525.7
152878,5-3-6,1812
152878,6-3-5,7652
152878,1-5-2,50.6
152878,2-5-1,377.7
152878,3-5-1,245.9
152878,4-5-1,16.8
152878,5-4-1,78.2
152878,6-4-1,3756
152878,1-5-3,45.1
152878,2-5-3,684.1
152878,3-5-2,314.9
152878,4-5-2,30.6
152878,5-4-2,124.8
152878,6-4-2,4491
152878,1-5-4,32.3
152878,2-5-4,380.4
152878,3-5-4,129.1
152878,4-5-3,51.8
152878,5-4-3,162.9
152878,6-4-3,6456
152878,1-5-6,427.7
152878,2-5-6,3083
152878,3-5-6,1415
152878,4-5-6,106.4
152878,5-4-6,442.4
152878,6-4-5,2519
152878,1-6-2,1424
152878,2-6-1,4919
152878,3-6-1,6664
152878,4-6-1,432.2
152878,5-6-1,2045
152878,6-5-1,5739
152878,1-6-3,1967
152878,2-6-3,8982
152878,3-6-2,6664
152878,4-6-2,566
152878,5-6-2,2197
152878,6-5-2,5436
152878,1-6-4,1122
152878,2-6-4,4395
152878,3-6-4,3279
152878,4-6-3,1128
152878,5-6-3,2951
152878,6-5-3,6260
152878,1-6-5,1967
152878,2-6-5,5297
152878,3-6-5,5902
152878,4-6-5,334.8
152878,5-6-4,1173
152878,6-5-4,2615
152879,1-2-3,4.3
152879,2-1-3,18.9
152879,3-1-2,29.7
152879,4-1-2,198.1
152879,5-1-2,511.2
152879,6-1-2,1039
152879,1-2-4,10.9
152879,2-1-4,44.9
152879,3-1-4,25.7
152879,4-1-3,176.9
152879,5-1-3,395
152879,6-1-3,1053
152879,1-2-5,38
152879,2-1-5,144.8
152879,3-1-5,78.5
152879,4-1-5,323.5
152879,5-1-4,652.3
152879,6-1-4,1580
152879,1-2-6,62.6
152879,2-1-6,223.8
152879,3-1-6,110.7
152879,4-1-6,434.5
152879,5-1-6,709.4
152879,6-1-5,1916
152879,1-3-2,5.4
152879,2-3-1,57.8
152879,3-2-1,93
152879,4-2-1,380.8
152879,5-2-1,928.7
152879,6-2-1,1871
152879,1-3-4,6.2
152879,2-3-4,126
152879,3-2-4,165.9
152879,4-2-3,586.3
152879,5-2-3,1644
152879,6-2-3,3119
152879,1-3-5,23.3
152879,2-3-5,319.3
152879,3-2-5,408.9
152879,4-2-5,932.3
152879,5-2-4,1580
152879,6-2-4,3802
152879,1-3-6,40.6
152879,2-3-6,550.5
152879,3-2-6,545.6
152879,4-2-6,1058
152879,5-2-6,1994
152879,6-2-5,4269
152879,1-4-2,15.9
152879,2-4-1,204.3
152879,3-4-1,100.3
152879,4-3-1,283.2
152879,5-3-1,728.5
152879,6-3-1,1644
152879,1-4-3,14.5
152879,2-4-3,237.1
152879,3-4-2,182.5
152879,4-3-2,496.6
152879,5-3-2,1738
152879,6-3-2,2862
152879,1-4-5,52.4
152879,2-4-5,583.5
152879,3-4-5,312.7
152879,4-3-5,777.4
152879,5-3-4,1701
152879,6-3-4,2674
152879,1-4-6,70
152879,2-4-6,803.1
152879,3-4-6,377.8
152879,4-3-6,830.5
152879,5-3-6,2232
152879,6-3-5,4055
152879,1-5-2,97.9
152879,2-5-1,711.5
152879,3-5-1,396.3
152879,4-5-1,567.2
152879,5-4-1,1096
152879,6-4-1,2967
152879,1-5-3,93.7
152879,2-5-3,1222
152879,3-5-2,790
152879,4-5-2,950.5
152879,5-4-2,1871
152879,6-4-2,4195
152879,1-5-4,143.2
152879,2-5-4,1337
152879,3-5-4,647.1
152879,4-5-3,958
152879,5-4-3,1802
152879,6-4-3,3288
152879,1-5-6,185.7
152879,2-5-6,1483
152879,3-5-6,1035
152879,4-5-6,833.3
152879,5-4-6,1590
152879,6-4-5,5069
152879,1-6-2,202.7
152879,2-6-1,1091
152879,3-6-1,724.2
152879,4-6-1,1247
152879,5-6-1,1329
152879,6-5-1,2967
152879,1-6-3,197
152879,2-6-3,1600
152879,3-6-2,1549
152879,4-6-2,1829
152879,5-6-2,2362
152879,6-5-2,4591
152879,1-6-4,274.9
152879,2-6-4,1946
152879,3-6-4,1039
152879,4-6-3,1569
152879,5-6-3,2385
152879,6-5-3,4055
152879,1-6-5,322.7
152879,2-6-5,2232
152879,3-6-5,1713
152879,4-6-5,1622
152879,5-6-4,2134
152879,6-5-4,3862
152880,1-2-3,43.4
152880,2-1-3,170.1
152880,3-1-2,340
152880,4-1-2,9.7
152880,5-1-2,491.6
152880,6-1-2,3265
152880,1-2-4,13.1
152880,2-1-4,51.7
152880,3-1-4,117.9
152880,4-1-3,13.2
152880,5-1-3,776.1
152880,6-1-3,5968
152880,1-2-5,83.2
152880,2-1-5,315.8
152880,3-1-5,455.4
152880,4-1-5,11.7
152880,5-1-4,304.7
152880,6-1-4,2136
152880,1-2-6,253.7
152880,2-1-6,776.1
152880,3-1-6,988.9
152880,4-1-6,31.3
152880,5-1-6,1042
152880,6-1-5,4221
152880,1-3-2,53.6
152880,2-3-1,394.2
152880,3-2-1,522.8
152880,4-2-1,25.1
152880,5-2-1,1042
152880,6-2-1,5244
152880,1-3-4,17.4
152880,2-3-4,270.8
152880,3-2-4,358.3
152880,4-2-3,69.3
152880,5-2-3,2036
152880,6-2-3,5968
152880,1-3-5,86.7
152880,2-3-5,836
152880,3-2-5,1030
152880,4-2-5,53.5
152880,5-2-4,1030
152880,6-2-4,3846
152880,1-3-6,265.4
152880,2-3-6,2338
152880,3-2-6,2472
152880,4-2-6,139.9
152880,5-2-6,2110
152880,6-2-5,5968
152880,1-4-2,5.9
152880,2-4-1,69
152880,3-4-1,118.7
152880,4-3-1,41.8
152880,5-3-1,1632
152880,6-3-1,6922
152880,1-4-3,7.3
152880,2-4-3,147
152880,3-4-2,279.5
152880,4-3-2,89.2
152880,5-3-2,2472
152880,6-3-2,7524
152880,1-4-5,14.6
152880,2-4-5,265.8
152880,3-4-5,309
152880,4-3-5,97.3
152880,5-3-4,1784
152880,6-3-4,5244
152880,1-4-6,46.6
152880,2-4-6,848.3
152880,3-4-6,620.3
152880,4-3-6,205.3
152880,5-3-6,2884
152880,6-3-5,3846
152880,1-5-2,195.3
152880,2-5-1,828
152880,3-5-1,878.5
152880,4-5-1,19.8
152880,5-4-1,266.6
152880,6-4-1,1901
152880,1-5-3,259
152880,2-5-3,1291
152880,3-5-2,1430
152880,4-5-2,39.2
152880,5-4-2,565.5
152880,6-4-2,3328
152880,1-5-4,100.5
152880,2-5-4,607.2
152880,3-5-4,935.5
152880,4-5-3,92.9
152880,5-4-3,765.8
152880,6-4-3,4120
152880,1-5-6,346.8
152880,2-5-6,2190
152880,3-5-6,1944
152880,4-5-6,42.4
152880,5-4-6,580.7
152880,6-4-5,2370
152880,1-6-2,607.2
152880,2-6-1,2437
152880,3-6-1,3205
152880,4-6-1,96
152880,5-6-1,2370
152880,6-5-1,4326
152880,1-6-3,749.2
152880,2-6-3,3532
152880,3-6-2,4326
152880,4-6-2,157.3
152880,5-6-2,3205
152880,6-5-2,5408
152880,1-6-4,384.6
152880,2-6-4,2012
152880,3-6-4,2472
152880,4-6-3,254.8
152880,5-6-3,4120
152880,6-5-3,5408
152880,1-6-5,497.3
152880,2-6-5,2837
152880,3-6-5,3605
152880,4-6-5,102.7
152880,5-6-4,1766
152880,6-5-4,2984
152881,1-2-3,42.6
152881,2-1-3,494.9
152881,3-1-2,406.1
152881,4-1-2,40.2
152881,5-1-2,290.2
152881,6-1-2,1692
152881,1-2-4,19.5
152881,2-1-4,251.5
152881,3-1-4,84.9
152881,4-1-3,25
152881,5-1-3,302.9
152881,6-1-3,1947
152881,1-2-5,59
152881,2-1-5,446.1
152881,3-1-5,245.7
152881,4-1-5,14.2
152881,5-1-4,91.2
152881,6-1-4,575
152881,1-2-6,126.8
152881,2-1-6,1426
152881,3-1-6,575
152881,4-1-6,31
152881,5-1-6,194.7
152881,6-1-5,1006
152881,1-3-2,41.6
152881,2-3-1,953.3
152881,3-2-1,780.7
152881,4-2-1,155.7
152881,5-2-1,727.4
152881,6-2-1,4312
152881,1-3-4,7.6
152881,2-3-4,933.7
152881,3-2-4,736.3
152881,4-2-3,353.1
152881,5-2-3,1535
152881,6-2-3,6038
152881,1-3-5,33.9
152881,2-3-5,1240
152881,3-2-5,901.2
152881,4-2-5,247.7
152881,5-2-4,879.3
152881,6-2-4,3773
152881,1-3-6,73.6
152881,2-3-6,2786
152881,3-2-6,1588
152881,4-2-6,402.5
152881,5-2-6,1351
152881,6-2-5,3937
152881,1-4-2,11.4
152881,2-4-1,377.3
152881,3-4-1,108.2
152881,4-3-1,71.1
152881,5-3-1,801.5
152881,6-3-1,3483
152881,1-4-3,5.7
152881,2-4-3,953.3
152881,3-4-2,453.9
152881,4-3-2,217.4
152881,5-3-2,1725
152881,6-3-2,6469
152881,1-4-5,7
152881,2-4-5,838.6
152881,3-4-5,321.7
152881,4-3-5,97.8
152881,5-3-4,914.8
152881,6-3-4,2875
152881,1-4-6,18.8
152881,2-4-6,2035
152881,3-4-6,514.6
152881,4-3-6,196
152881,5-3-6,1497
152881,6-3-5,4644
152881,1-5-2,73.8
152881,2-5-1,823.3
152881,3-5-1,532.7
152881,4-5-1,21.1
152881,5-4-1,99.7
152881,6-4-1,710.3
152881,1-5-3,55.5
152881,2-5-3,1677
152881,3-5-2,1023
152881,4-5-2,95.9
152881,5-4-2,360.1
152881,6-4-2,2744
152881,1-5-4,25.9
152881,2-5-4,1404
152881,3-5-4,586.2
152881,4-5-3,85.1
152881,5-4-3,381.3
152881,6-4-3,2131
152881,1-5-6,85.4
152881,2-5-6,2587
152881,3-5-6,1677
152881,4-5-6,45.4
152881,5-4-6,177.2
152881,6-4-5,850.4
152881,1-6-2,250.1
152881,2-6-1,2875
152881,3-6-1,1927
152881,4-6-1,94
152881,5-6-1,455.1
152881,6-5-1,1223
152881,1-6-3,207.9
152881,2-6-3,5031
152881,3-6-2,3123
152881,4-6-2,291.2
152881,5-6-2,1011
152881,6-5-2,2515
152881,1-6-4,93.8
152881,2-6-4,3019
152881,3-6-4,1472
152881,4-6-3,312.8
152881,5-6-3,1139
152881,6-5-3,3417
152881,1-6-5,192.2
152881,2-6-5,3019
152881,3-6-5,2035
152881,4-6-5,114.2
152881,5-6-4,404.3
152881,6-5-4,858.4
152882,1-2-3,112.8
152882,2-1-3,613.1
152882,3-1-2,474.4
152882,4-1-2,33.9
152882,5-1-2,407.7
152882,6-1-2,2149
152882,1-2-4,43.8
152882,2-1-4,255.3
152882,3-1-4,117.4
152882,4-1-3,19.7
152882,5-1-3,475.7
152882,6-1-3,2149
152882,1-2-5,124.6
152882,2-1-5,946.3
152882,3-1-5,256.8
152882,4-1-5,8.1
152882,5-1-4,139.8
152882,6-1-4,716.5
152882,1-2-6,209.7
152882,2-1-6,1582
152882,3-1-6,545.8
152882,4-1-6,13.5
152882,5-1-6,422.6
152882,6-1-5,1627
152882,1-3-2,104.3
152882,2-3-1,941.2
152882,3-2-1,659.5
152882,4-2-1,111.8
152882,5-2-1,2097
152882,6-2-1,4836
152882,1-3-4,16
152882,2-3-4,857.7
152882,3-2-4,598.3
152882,4-2-3,243.1
152882,5-2-3,2720
152882,6-2-3,4353
152882,1-3-5,58.2
152882,2-3-5,2123
152882,3-2-5,1329
152882,4-2-5,162.2
152882,5-2-4,559.8
152882,6-2-4,3165
152882,1-3-6,82.9
152882,2-3-6,5121
152882,3-2-6,2291
152882,4-2-6,222.9
152882,5-2-6,2560
152882,6-2-5,4464
152882,1-4-2,17.4
152882,2-4-1,336.1
152882,3-4-1,127
152882,4-3-1,65.4
152882,5-3-1,1270
152882,6-3-1,3414
152882,1-4-3,5.9
152882,2-4-3,734.7
152882,3-4-2,422.6
152882,4-3-2,237.2
152882,5-3-2,3224
152882,6-3-2,5616
152882,1-4-5,7.8
152882,2-4-5,829.1
152882,3-4-5,198
152882,4-3-5,86.9
152882,5-3-4,972.7
152882,6-3-4,1795
152882,1-4-6,12.9
152882,2-4-6,1042
152882,3-4-6,292.6
152882,4-3-6,124.9
152882,5-3-6,2951
152882,6-3-5,4145
152882,1-5-2,139.1
152882,2-5-1,1658
152882,3-5-1,552.7
152882,4-5-1,15.5
152882,5-4-1,137.6
152882,6-4-1,640.1
152882,1-5-3,75.1
152882,2-5-3,2452
152882,3-5-2,1776
152882,4-5-2,66
152882,5-4-2,318.9
152882,6-4-2,1642
152882,1-5-4,34.5
152882,2-5-4,1642
152882,3-5-4,590.2
152882,4-5-3,62.2
152882,5-4-3,397.5
152882,6-4-3,1501
152882,1-5-6,94.5
152882,2-5-6,3054
152882,3-5-6,1393
152882,4-5-6,17.9
152882,5-4-6,206
152882,6-4-5,280.3
152882,1-6-2,352.4
152882,2-6-1,3482
152882,3-6-1,1280
152882,4-6-1,41.4
152882,5-6-1,722.5
152882,6-5-1,1597
152882,1-6-3,243.8
152882,2-6-3,7255
152882,3-6-2,2763
152882,4-6-2,159.3
152882,5-6-2,1690
152882,6-5-2,2763
152882,1-6-4,109.8
152882,2-6-4,3414
152882,3-6-4,995
152882,4-6-3,159.3
152882,5-6-3,1612
152882,6-5-3,2523
152882,1-6-5,223.8
152882,2-6-5,3482
152882,3-6-5,1741
152882,4-6-5,36.3
152882,5-6-4,425.7
152882,6-5-4,716.5
152883,1-2-3,46.8
152883,2-1-3,352.5
152883,3-1-2,85.7
152883,4-1-2,287.1
152883,5-1-2,233.9
152883,6-1-2,2399
152883,1-2-4,86.1
152883,2-1-4,617.5
152883,3-1-4,14.2
152883,4-1-3,79
152883,5-1-3,67.4
152883,6-1-3,1710
152883,1-2-5,96.2
152883,2-1-5,640.2
152883,3-1-5,12.3
152883,4-1-5,59.2
152883,5-1-4,83.8
152883,6-1-4,1863
152883,1-2-6,184.5
152883,2-1-6,1028
152883,3-1-6,46.1
152883,4-1-6,128.1
152883,5-1-6,116.2
152883,6-1-5,2006
152883,1-3-2,26.3
152883,2-3-1,594.6
152883,3-2-1,283.2
152883,4-2-1,767.3
152883,5-2-1,778.8
152883,6-2-1,5351
152883,1-3-4,6.4
152883,2-3-4,891.9
152883,3-2-4,361.1
152883,4-2-3,767.3
152883,5-2-3,828.2
152883,6-2-3,4743
152883,1-3-5,5.5
152883,2-3-5,975.3
152883,3-2-5,372
152883,4-2-5,619.3
152883,5-2-4,948.7
152883,6-2-4,5963
152883,1-3-6,26.2
152883,2-3-6,1683
152883,3-2-6,740.1
152883,4-2-6,1092
152883,5-2-6,1098
152883,6-2-5,5963
152883,1-4-2,71.4
152883,2-4-1,1153
152883,3-4-1,41.8
152883,4-3-1,110.9
152883,5-3-1,117.9
152883,6-3-1,1724
152883,1-4-3,14.1
152883,2-4-3,1092
152883,3-4-2,229.3
152883,4-3-2,565.6
152883,5-3-2,543.5
152883,6-3-2,4259
152883,1-4-5,23.1
152883,2-4-5,1410
152883,3-4-5,42.3
152883,4-3-5,80.8
152883,5-3-4,145.1
152883,6-3-4,2087
152883,1-4-6,66.2
152883,2-4-6,2151
152883,3-4-6,107.4
152883,4-3-6,165.6
152883,5-3-6,240.4
152883,6-3-5,1643
152883,1-5-2,69.6
152883,2-5-1,1346
152883,3-5-1,40
152883,4-5-1,57.9
152883,5-4-1,99.1
152883,6-4-1,2484
152883,1-5-3,15.7
152883,2-5-3,1364
152883,3-5-2,249.9
152883,4-5-2,269.3
152883,5-4-2,462.8
152883,6-4-2,4638
152883,1-5-4,30.6
152883,2-5-4,1449
152883,3-5-4,55.8
152883,4-5-3,70.9
152883,5-4-3,126.4
152883,6-4-3,2455
152883,1-5-6,64
152883,2-5-6,2399
152883,3-5-6,105.3
152883,4-5-6,64.3
152883,5-4-6,105.6
152883,6-4-5,2675
152883,1-6-2,425
152883,2-6-1,2244
152883,3-6-1,325.1
152883,4-6-1,299.4
152883,5-6-1,396
152883,6-5-1,2046
152883,1-6-3,192.1
152883,2-6-3,3261
152883,3-6-2,907.4
152883,4-6-2,1153
152883,5-6-2,1242
152883,6-5-2,3115
152883,1-6-4,257.6
152883,2-6-4,3727
152883,3-6-4,446.9
152883,4-6-3,415.7
152883,5-6-3,573.4
152883,6-5-3,1783
152883,1-6-5,237.1
152883,2-6-5,4969
152883,3-6-5,356.1
152883,4-6-5,190.6
152883,5-6-4,440.3
152883,6-5-4,2151
152884,1-2-3,8.5
152884,2-1-3,106
152884,3-1-2,303.1
152884,4-1-2,30
152884,5-1-2,438.2
152884,6-1-2,323.3
152884,1-2-4,5.3
152884,2-1-4,67.3
152884,3-1-4,183.8
152884,4-1-3,65.7
152884,5-1-3,600.9
152884,6-1-3,528.7
152884,1-2-5,21.7
152884,2-1-5,178.8
152884,3-1-5,389.8
152884,4-1-5,35.6
152884,5-1-4,313.8
152884,6-1-4,319.8
152884,1-2-6,78.2
152884,2-1-6,413.4
152884,3-1-6,1115
152884,4-1-6,101
152884,5-1-6,779.7
152884,6-1-5,610.3
152884,1-3-2,16
152884,2-3-1,411.9
152884,3-2-1,588.7
152884,4-2-1,89.2
152884,5-2-1,798.4
152884,6-2-1,513.5
152884,1-3-4,11
152884,2-3-4,561.8
152884,3-2-4,616.8
152884,4-2-3,337.4
152884,5-2-3,1630
152884,6-2-3,886.5
152884,1-3-5,40.8
152884,2-3-5,1131
152884,3-2-5,1214
152884,4-2-5,246.2
152884,5-2-4,1208
152884,6-2-4,749.7
152884,1-3-6,130.7
152884,2-3-6,1740
152884,3-2-6,1975
152884,4-2-6,485.7
152884,5-2-6,2331
152884,6-2-5,1448
152884,1-4-2,4.8
152884,2-4-1,164.5
152884,3-4-1,340.8
152884,4-3-1,322.4
152884,5-3-1,1387
152884,6-3-1,1036
152884,1-4-3,7.4
152884,2-4-3,472.9
152884,3-4-2,666.1
152884,4-3-2,505.7
152884,5-3-2,2480
152884,6-3-2,1148
152884,1-4-5,13
152884,2-4-5,548.6
152884,3-4-5,651.2
152884,4-3-5,536
152884,5-3-4,1740
152884,6-3-4,1154
152884,1-4-6,42.6
152884,2-4-6,947.8
152884,3-4-6,1641
152884,4-3-6,876.5
152884,5-3-6,4090
152884,6-3-5,1766
152884,1-5-2,58
152884,2-5-1,749.7
152884,3-5-1,983.7
152884,4-5-1,90.9
152884,5-4-1,399.9
152884,6-4-1,498.2
152884,1-5-3,80.2
152884,2-5-3,1523
152884,3-5-2,1608
152884,4-5-2,180.7
152884,5-4-2,812.4
152884,6-4-2,847.8
152884,1-5-4,52.3
152884,2-5-4,1036
152884,3-5-4,1089
152884,4-5-3,356.5
152884,5-4-3,1317
152884,6-4-3,1208
152884,1-5-6,212.5
152884,2-5-6,2454
152884,3-5-6,2914
152884,4-5-6,218.3
152884,5-4-6,893.3
152884,6-4-5,1154
152884,1-6-2,172.3
152884,2-6-1,1404
152884,3-6-1,2534
152884,4-6-1,301.2
152884,5-6-1,1575
152884,6-5-1,1171
152884,1-6-3,263.7
152884,2-6-3,2649
152884,3-6-2,3193
152884,4-6-2,600.9
152884,5-6-2,2951
152884,6-5-2,1943
152884,1-6-4,167.9
152884,2-6-4,1850
152884,3-6-4,2775
152884,4-6-3,955.5
152884,5-6-3,3760
152884,6-5-3,1895
152884,1-6-5,337.4
152884,2-6-5,3067
152884,3-6-5,3330
152884,4-6-5,490.8
152884,5-6-4,1665
152884,6-5-4,1554
152885,1-2-3,7.7
152885,2-1-3,108.2
152885,3-1-2,444.2
152885,4-1-2,138.6
152885,5-1-2,104.4
152885,6-1-2,2389
152885,1-2-4,4.1
152885,2-1-4,56.8
152885,3-1-4,395.6
152885,4-1-3,391.9
152885,5-1-3,227.4
152885,6-1-3,4115
152885,1-2-5,6.7
152885,2-1-5,73.4
152885,3-1-5,383.8
152885,4-1-5,120.1
152885,5-1-4,141.3
152885,6-1-4,1988
152885,1-2-6,61
152885,2-1-6,287.4
152885,3-1-6,1305
152885,4-1-6,306.1
152885,5-1-6,264.5
152885,6-1-5,2822
152885,1-3-2,17.2
152885,2-3-1,525.4
152885,3-2-1,869
152885,4-2-1,286.5
152885,5-2-1,269.4
152885,6-2-1,3613
152885,1-3-4,20
152885,2-3-4,728.1
152885,3-2-4,1135
152885,4-2-3,984.5
152885,5-2-3,1032
152885,6-2-3,7055
152885,1-3-5,21.8
152885,2-3-5,869
152885,3-2-5,1391
152885,4-2-5,394.5
152885,5-2-4,563.3
152885,6-2-4,4779
152885,1-3-6,94.7
152885,2-3-6,1975
152885,3-2-6,3086
152885,4-2-6,1001
152885,5-2-6,1209
152885,6-2-5,4858
152885,1-4-2,8.8
152885,2-4-1,239.9
152885,3-4-1,965.2
152885,4-3-1,1166
152885,5-3-1,898
152885,6-3-1,5926
152885,1-4-3,20.7
152885,2-4-3,705.5
152885,3-4-2,1683
152885,4-3-2,1785
152885,5-3-2,1774
152885,6-3-2,7055
152885,1-4-5,12.9
152885,2-4-5,409.8
152885,3-4-5,1852
152885,4-3-5,1712
152885,5-3-4,2072
152885,6-3-4,8009
152885,1-4-6,58.6
152885,2-4-6,1144
152885,3-4-6,2694
152885,4-3-6,3055
152885,5-3-6,2694
152885,6-3-5,6891
152885,1-5-2,13.2
152885,2-5-1,293.9
152885,3-5-1,931.8
152885,4-5-1,201.1
152885,5-4-1,273.3
152885,6-4-1,3055
152885,1-5-3,25.4
152885,2-5-3,892.6
152885,3-5-2,1899
152885,4-5-2,343.3
152885,5-4-2,427.6
152885,6-4-2,5388
152885,1-5-4,18.9
152885,2-5-4,566.6
152885,3-5-4,2086
152885,4-5-3,841.8
152885,5-4-3,1011
152885,6-4-3,8466
152885,1-5-6,69.3
152885,2-5-6,946.7
152885,3-5-6,3445
152885,4-5-6,408.7
152885,5-4-6,613.5
152885,6-4-5,3658
152885,1-6-2,231.1
152885,2-6-1,2015
152885,3-6-1,4357
152885,4-6-1,858.9
152885,5-6-1,928.9
152885,6-5-1,3221
152885,1-6-3,281.9
152885,2-6-3,4233
152885,3-6-2,6891
152885,4-6-2,1467
152885,5-6-2,1559
152885,6-5-2,4939
152885,1-6-4,235.9
152885,2-6-4,3152
152885,3-6-4,5109
152885,4-6-3,2279
152885,5-6-3,2822
152885,6-5-3,5591
152885,1-6-5,269.8
152885,2-6-5,2490
152885,3-6-5,4779
152885,4-6-5,1001
152885,5-6-4,1391
152885,6-5-4,2877
152886,1-2-3,4.9
152886,2-1-3,152.6
152886,3-1-2,129.3
152886,4-1-2,253.5
152886,5-1-2,301.4
152886,6-1-2,2680
152886,1-2-4,6.9
152886,2-1-4,187.8
152886,3-1-4,124.8
152886,4-1-3,328.8
152886,5-1-3,303.8
152886,6-1-3,3480
152886,1-2-5,13.7
152886,2-1-5,303.5
152886,3-1-5,175.7
152886,4-1-5,258.4
152886,5-1-4,286.9
152886,6-1-4,3011
152886,1-2-6,61.5
152886,2-1-6,701.5
152886,3-1-6,416.7
152886,4-1-6,606.3
152886,5-1-6,554.8
152886,6-1-5,2627
152886,1-3-2,7
152886,2-3-1,415.5
152886,3-2-1,397.6
152886,4-2-1,589
152886,5-2-1,804.8
152886,6-2-1,3722
152886,1-3-4,7.5
152886,2-3-4,655.2
152886,3-2-4,665
152886,4-2-3,1042
152886,5-2-3,1464
152886,6-2-3,4785
152886,1-3-5,10.8
152886,2-3-5,1130
152886,3-2-5,950.3
152886,4-2-5,1360
152886,5-2-4,1751
152886,6-2-4,4620
152886,1-3-6,54.5
152886,2-3-6,2504
152886,3-2-6,1985
152886,4-2-6,2015
152886,5-2-6,2414
152886,6-2-5,5153
152886,1-4-2,11.8
152886,2-4-1,532.8
152886,3-4-1,479.4
152886,4-3-1,690.7
152886,5-3-1,850.7
152886,6-3-1,5360
152886,1-4-3,12.6
152886,2-4-3,953.7
152886,3-4-2,788.2
152886,4-3-2,1240
152886,5-3-2,1585
152886,6-3-2,6700
152886,1-4-5,19.1
152886,2-4-5,1786
152886,3-4-5,978.1
152886,4-3-5,1126
152886,5-3-4,1425
152886,6-3-4,6536
152886,1-4-6,63.4
152886,2-4-6,2851
152886,3-4-6,2061
152886,4-3-6,2821
152886,5-3-6,3392
152886,6-3-5,6536
152886,1-5-2,23.8
152886,2-5-1,960.5
152886,3-5-1,590.3
152886,4-5-1,542.5
152886,5-4-1,678.4
152886,6-4-1,5469
152886,1-5-3,22.4
152886,2-5-3,1685
152886,3-5-2,1093
152886,4-5-2,1212
152886,5-4-2,1540
152886,6-4-2,6090
152886,1-5-4,24.4
152886,2-5-4,1887
152886,3-5-4,1050
152886,4-5-3,1223
152886,5-4-3,1326
152886,6-4-3,6536
152886,1-5-6,76.7
152886,2-5-6,2734
152886,3-5-6,2214
152886,4-5-6,1098
152886,5-4-6,1634
152886,6-4-5,4322
152886,1-6-2,244.5
152886,2-6-1,2481
152886,3-6-1,3228
152886,4-6-1,1751
152886,5-6-1,1223
152886,6-5-1,2707
152886,1-6-3,255.4
152886,2-6-3,4872
152886,3-6-2,4872
152886,4-6-2,2945
152886,5-6-2,2110
152886,6-5-2,4542
152886,1-6-4,248.3
152886,2-6-4,4962
152886,3-6-4,3671
152886,4-6-3,3941
152886,5-6-3,2552
152886,6-5-3,4542
152886,1-6-5,196.9
152886,2-6-5,4000
152886,3-6-5,3392
152886,4-6-5,1763
152886,5-6-4,2030
152886,6-5-4,2707
152839,1-2-3,40.2
152839,2-1-3,90.7
152839,3-1-2,137.9
152839,4-1-2,41
152839,5-1-2,44.7
152839,6-1-2,410.5
152839,1-2-4,27.7
152839,2-1-4,47.8
152839,3-1-4,90.7
152839,4-1-3,57.5
152839,5-1-3,62.9
152839,6-1-3,535.4
152839,1-2-5,41.2
152839,2-1-5,83.9
152839,3-1-5,160.4
152839,4-1-5,27.6
152839,5-1-4,31.2
152839,6-1-4,312.7
152839,1-2-6,124
152839,2-1-6,152.7
152839,3-1-6,162.9
152839,4-1-6,75.6
152839,5-1-6,92.1
152839,6-1-5,445.7
152839,1-3-2,75.8
152839,2-3-1,122.3
152839,3-2-1,174.2
152839,4-2-1,66.5
152839,5-2-1,91.2
152839,6-2-1,506.5
152839,1-3-4,50.3
152839,2-3-4,53.7
152839,3-2-4,68.7
152839,4-2-3,72
152839,5-2-3,117.6
152839,6-2-3,564.5
152839,1-3-5,80.6
152839,2-3-5,148.5
152839,3-2-5,187.8
152839,4-2-5,63.6
152839,5-2-4,70.9
152839,6-2-4,337.3
152839,1-3-6,111.1
152839,2-3-6,137.2
152839,3-2-6,183.9
152839,4-2-6,89.4
152839,5-2-6,166.2
152839,6-2-5,637.6
152839,1-4-2,25.1
152839,2-4-1,49.4
152839,3-4-1,74.1
152839,4-3-1,83.2
152839,5-3-1,122.7
152839,6-3-1,743.5
152839,1-4-3,37.3
152839,2-4-3,49.9
152839,3-4-2,69.6
152839,4-3-2,80.4
152839,5-3-2,153.5
152839,6-3-2,667.9
152839,1-4-5,20.9
152839,2-4-5,63.3
152839,3-4-5,65.7
152839,4-3-5,74.8
152839,5-3-4,74.2
152839,6-3-4,420.1
152839,1-4-6,71.2
152839,2-4-6,74.2
152839,3-4-6,63.2
152839,4-3-6,65.3
152839,5-3-6,141.9
152839,6-3-5,743.5
152839,1-5-2,33.6
152839,2-5-1,128.8
152839,3-5-1,129.3
152839,4-5-1,43.9
152839,5-4-1,48.9
152839,6-4-1,315.7
152839,1-5-3,59.3
152839,2-5-3,107.6
152839,3-5-2,148.7
152839,4-5-2,64.3
152839,5-4-2,73.2
152839,6-4-2,316.2
152839,1-5-4,25.9
152839,2-5-4,80.1
152839,3-5-4,88.8
152839,4-5-3,89.9
152839,5-4-3,72.2
152839,6-4-3,361.5
152839,1-5-6,116.9
152839,2-5-6,172.8
152839,3-5-6,158
152839,4-5-6,88.5
152839,5-4-6,91.5
152839,6-4-5,316.2
152839,1-6-2,198.8
152839,2-6-1,353.7
152839,3-6-1,345
152839,4-6-1,128.1
152839,5-6-1,317.2
152839,6-5-1,515.8
152839,1-6-3,262.7
152839,2-6-3,299.4
152839,3-6-2,340.9
152839,4-6-2,135.5
152839,5-6-2,338.5
152839,6-5-2,646
152839,1-6-4,154.1
152839,2-6-4,190
152839,3-6-4,137.1
152839,4-6-3,125.1
152839,5-6-3,274
152839,6-5-3,721.7
152839,1-6-5,215.8
152839,2-6-5,401.3
152839,3-6-5,284.7
152839,4-6-5,135.7
152839,5-6-4,214.4
152839,6-5-4,375.3
152840,1-2-3,26.6
152840,2-1-3,66.6
152840,3-1-2,43
152840,4-1-2,102.5
152840,5-1-2,67.4
152840,6-1-2,2473
152840,1-2-4,43.5
152840,2-1-4,81
152840,3-1-4,30.2
152840,4-1-3,96
152840,5-1-3,33.8
152840,6-1-3,2226
152840,1-2-5,30.1
152840,2-1-5,59.6
152840,3-1-5,12.9
152840,4-1-5,55.2
152840,5-1-4,51.3
152840,6-1-4,2996
152840,1-2-6,311
152840,2-1-6,590.2
152840,3-1-6,198
152840,4-1-6,478
152840,5-1-6,243.1
152840,6-1-5,2325
152840,1-3-2,21.4
152840,2-3-1,104.1
152840,3-2-1,75
152840,4-2-1,198.7
152840,5-2-1,138.2
152840,6-2-1,1770
152840,1-3-4,19.9
152840,2-3-4,175.8
152840,3-2-4,76.8
152840,4-2-3,239.7
152840,5-2-3,148.2
152840,6-2-3,4100
152840,1-3-5,11.2
152840,2-3-5,120.7
152840,3-2-5,45.1
152840,4-2-5,140.8
152840,5-2-4,159.1
152840,6-2-4,4328
152840,1-3-6,182
152840,2-3-6,731.5
152840,3-2-6,288
152840,4-2-6,783
152840,5-2-6,613.5
152840,6-2-5,5565
152840,1-4-2,60.8
152840,2-4-1,164.3
152840,3-4-1,46.4
152840,4-3-1,116.2
152840,5-3-1,40
152840,6-3-1,2473
152840,1-4-3,45.1
152840,2-4-3,218.5
152840,3-4-2,75.4
152840,4-3-2,182.6
152840,5-3-2,93
152840,6-3-2,4452
152840,1-4-5,28.6
152840,2-4-5,144.5
152840,3-4-5,27
152840,4-3-5,60.6
152840,5-3-4,55.9
152840,6-3-4,3541
152840,1-4-6,318
152840,2-4-6,890.4
152840,3-4-6,252.1
152840,4-3-6,533.6
152840,5-3-6,264.1
152840,6-3-5,2194
152840,1-5-2,35.9
152840,2-5-1,121.3
152840,3-5-1,19.9
152840,4-5-1,49.6
152840,5-4-1,75.4
152840,6-4-1,5194
152840,1-5-3,20.6
152840,2-5-3,164.7
152840,3-5-2,36.9
152840,4-5-2,89.6
152840,5-4-2,128.4
152840,6-4-2,4211
152840,1-5-4,31.8
152840,2-5-4,165.9
152840,3-5-4,24.5
152840,4-5-3,65.2
152840,5-4-3,72.9
152840,6-4-3,3895
152840,1-5-6,209.7
152840,2-5-6,763.8
152840,3-5-6,139.8
152840,4-5-6,258.8
152840,5-4-6,285.4
152840,6-4-5,2473
152840,1-6-2,837.7
152840,2-6-1,1018
152840,3-6-1,837.7
152840,4-6-1,1558
152840,5-6-1,856.2
152840,6-5-1,3116
152840,1-6-3,756.4
152840,2-6-3,2050
152840,3-6-2,1227
152840,4-6-2,1574
152840,5-6-2,1137
152840,6-5-2,4722
152840,1-6-4,828.8
152840,2-6-4,1923
152840,3-6-4,837.7
152840,4-6-3,1512
152840,5-6-3,588
152840,6-5-3,2134
152840,1-6-5,657.5
152840,2-6-5,1623
152840,3-6-5,546.7
152840,4-6-5,842.3
152840,5-6-4,686.4
152840,6-5-4,2513
152841,1-2-3,8.8
152841,2-1-3,10.6
152841,3-1-2,35.9
152841,4-1-2,283.3
152841,5-1-2,521.7
152841,6-1-2,69.4
152841,1-2-4,37.1
152841,2-1-4,37.5
152841,3-1-4,125
152841,4-1-3,461.9
152841,5-1-3,721.1
152841,6-1-3,114.6
152841,1-2-5,82.9
152841,2-1-5,75.5
152841,3-1-5,193.4
152841,4-1-5,495.5
152841,5-1-4,1081
152841,6-1-4,255.2
152841,1-2-6,15.9
152841,2-1-6,12.6
152841,3-1-6,53.4
152841,4-1-6,466.8
152841,5-1-6,887
152841,6-1-5,311.7
152841,1-3-2,15.6
152841,2-3-1,20.8
152841,3-2-1,35.8
152841,4-2-1,302.2
152841,5-2-1,624.6
152841,6-2-1,55
152841,1-3-4,79
152841,2-3-4,47.6
152841,3-2-4,51.9
152841,4-2-3,260.5
152841,5-2-3,583.5
152841,6-2-3,63.9
152841,1-3-5,146.8
152841,2-3-5,92.3
152841,3-2-5,103
152841,4-2-5,385.6
152841,5-2-4,1068
152841,6-2-4,144.8
152841,1-3-6,32.5
152841,2-3-6,18.2
152841,3-2-6,33.6
152841,4-2-6,302.2
152841,5-2-6,568.6
152841,6-2-5,182.1
152841,1-4-2,119
152841,2-4-1,113.3
152841,3-4-1,236.5
152841,4-3-1,649.8
152841,5-3-1,1081
152841,6-3-1,141.5
152841,1-4-3,196.4
152841,2-4-3,106.1
152841,3-4-2,124.2
152841,4-3-2,317.3
152841,5-3-2,799.1
152841,6-3-2,96.6
152841,1-4-5,411.6
152841,2-4-5,248.8
152841,3-4-5,387.3
152841,4-3-5,778
152841,5-3-4,1529
152841,6-3-4,319
152841,1-4-6,223.1
152841,2-4-6,100.1
152841,3-4-6,227.4
152841,4-3-6,605.4
152841,5-3-6,1108
152841,6-3-5,429.5
152841,1-5-2,263.9
152841,2-5-1,251.9
152841,3-5-1,428.5
152841,4-5-1,724.1
152841,5-4-1,1323
152841,6-4-1,414.4
152841,1-5-3,334
152841,2-5-3,230.9
152841,3-5-2,293.2
152841,4-5-2,552.6
152841,5-4-2,1108
152841,6-4-2,272.5
152841,1-5-4,631.3
152841,2-5-4,383.1
152841,3-5-4,664.4
152841,4-5-3,848.8
152841,5-4-3,1343
152841,6-4-3,463.1
152841,1-5-6,419.3
152841,2-5-6,188.1
152841,3-5-6,432.6
152841,4-5-6,848.8
152841,5-4-6,1231
152841,6-4-5,721.1
152841,1-6-2,32.9
152841,2-6-1,22.4
152841,3-6-1,66.9
152841,4-6-1,574.1
152841,5-6-1,1108
152841,6-5-1,579.7
152841,1-6-3,47.5
152841,2-6-3,23.9
152841,3-6-2,48.6
152841,4-6-2,379.8
152841,5-6-2,715.3
152841,6-5-2,405
152841,1-6-4,153.7
152841,2-6-4,67.7
152841,3-6-4,167
152841,4-6-3,611.7
152841,5-6-3,1068
152841,6-5-3,572.2
152841,1-6-5,223.9
152841,2-6-5,86.8
152841,3-6-5,211.1
152841,4-6-5,948.6
152841,5-6-4,1375
152841,6-5-4,948.6
152842,1-2-3,83
152842,2-1-3,149.1
152842,3-1-2,289
152842,4-1-2,40.7
152842,5-1-2,652.5
152842,6-1-2,41.9
152842,1-2-4,28.8
152842,2-1-4,34.5
152842,3-1-4,223.1
152842,4-1-3,86
152842,5-1-3,622.8
152842,6-1-3,77.2
152842,1-2-5,149.6
152842,2-1-5,108.4
152842,3-1-5,259.7
152842,4-1-5,86.8
152842,5-1-4,474.4
152842,6-1-4,27.4
152842,1-2-6,32.2
152842,2-1-6,42.7
152842,3-1-6,216.7
152842,4-1-6,20.3
152842,5-1-6,247
152842,6-1-5,67.5
152842,1-3-2,184.5
152842,2-3-1,316.9
152842,3-2-1,406.5
152842,4-2-1,54
152842,5-2-1,370.3
152842,6-2-1,61.2
152842,1-3-4,138
152842,2-3-4,235.7
152842,3-2-4,302.5
152842,4-2-3,123.3
152842,5-2-3,837.9
152842,6-2-3,135.1
152842,1-3-5,260.2
152842,2-3-5,474.4
152842,3-2-5,371.5
152842,4-2-5,97.3
152842,5-2-4,416
152842,6-2-4,38.1
152842,1-3-6,148.5
152842,2-3-6,258.5
152842,3-2-6,320.4
152842,4-2-6,33.3
152842,5-2-6,629.6
152842,6-2-5,85.5
152842,1-4-2,30.5
152842,2-4-1,46.4
152842,3-4-1,259.1
152842,4-3-1,170.6
152842,5-3-1,569.5
152842,6-3-1,138.2
152842,1-4-3,70.7
152842,2-4-3,120.3
152842,3-4-2,246.2
152842,4-3-2,125.3
152842,5-3-2,621.2
152842,6-3-2,162.4
152842,1-4-5,81.8
152842,2-4-5,78.6
152842,3-4-5,203.4
152842,4-3-5,164.4
152842,5-3-4,619.5
152842,6-3-4,109.3
152842,1-4-6,17.1
152842,2-4-6,32
152842,3-4-6,170.1
152842,4-3-6,110.5
152842,5-3-6,594.2
152842,6-3-5,226.3
152842,1-5-2,358.9
152842,2-5-1,389.5
152842,3-5-1,248.8
152842,4-5-1,176.6
152842,5-4-1,225.5
152842,6-4-1,26.4
152842,1-5-3,380.6
152842,2-5-3,592.7
152842,3-5-2,287.2
152842,4-5-2,164.5
152842,5-4-2,226.3
152842,6-4-2,31.5
152842,1-5-4,275
152842,2-5-4,186.6
152842,3-5-4,306.5
152842,4-5-3,335.6
152842,5-4-3,695.4
152842,6-4-3,63.2
152842,1-5-6,278.9
152842,2-5-6,346.1
152842,3-5-6,265.9
152842,4-5-6,107.3
152842,5-4-6,352.4
152842,6-4-5,58.4
152842,1-6-2,31.6
152842,2-6-1,55.9
152842,3-6-1,260.8
152842,4-6-1,19.2
152842,5-6-1,316.9
152842,6-5-1,272.4
152842,1-6-3,70.3
152842,2-6-3,151.7
152842,3-6-2,269.9
152842,4-6-2,25.6
152842,5-6-2,350.3
152842,6-5-2,148.1
152842,1-6-4,22.6
152842,2-6-4,40.8
152842,3-6-4,188.3
152842,4-6-3,50.7
152842,5-6-3,689.2
152842,6-5-3,351.9
152842,1-6-5,119.7
152842,2-6-5,101.4
152842,3-6-5,306.5
152842,4-6-5,49.3
152842,5-6-4,416
152842,6-5-4,147.7
152843,1-2-3,12.8
152843,2-1-3,55.5
152843,3-1-2,105.2
152843,4-1-2,182.5
152843,5-1-2,52.1
152843,6-1-2,234.2
152843,1-2-4,26.5
152843,2-1-4,94
152843,3-1-4,244.7
152843,4-1-3,434.7
152843,5-1-3,70.1
152843,6-1-3,421.5
152843,1-2-5,9.4
152843,2-1-5,40.3
152843,3-1-5,70.3
152843,4-1-5,135.5
152843,5-1-4,114.9
152843,6-1-4,602.2
152843,1-2-6,13.8
152843,2-1-6,36
152843,3-1-6,102.7
152843,4-1-6,167.1
152843,5-1-6,34.9
152843,6-1-5,212.5
152843,1-3-2,18.3
152843,2-3-1,186.6
152843,3-2-1,180.3
152843,4-2-1,382.6
152843,5-2-1,103.8
152843,6-2-1,458.8
152843,1-3-4,43.9
152843,2-3-4,620.6
152843,3-2-4,381.9
152843,4-2-3,1084
152843,5-2-3,335.4
152843,6-2-3,1049
152843,1-3-5,12.7
152843,2-3-5,276.5
152843,3-2-5,199.6
152843,4-2-5,617.2
152843,5-2-4,459.7
152843,6-2-4,1106
152843,1-3-6,27.7
152843,2-3-6,256.8
152843,3-2-6,233.7
152843,4-2-6,564.2
152843,5-2-6,118.2
152843,6-2-5,505.5
152843,1-4-2,44.3
152843,2-4-1,266.3
152843,3-4-1,471.3
152843,4-3-1,984.3
152843,5-3-1,164.6
152843,6-3-1,934.9
152843,1-4-3,79.1
152843,2-4-3,655.2
152843,3-4-2,484.6
152843,4-3-2,1562
152843,5-3-2,428.8
152843,6-3-2,1470
152843,1-4-5,44
152843,2-4-5,523.2
152843,3-4-5,441.5
152843,4-3-5,1220
152843,5-3-4,632.9
152843,6-3-4,2190
152843,1-4-6,55.1
152843,2-4-6,514.8
152843,3-4-6,535.8
152843,4-3-6,1460
152843,5-3-6,210.9
152843,6-3-5,1151
152843,1-5-2,13
152843,2-5-1,98.4
152843,3-5-1,121.9
152843,4-5-1,180.7
152843,5-4-1,228.9
152843,6-4-1,749.8
152843,1-5-3,17.8
152843,2-5-3,259.8
152843,3-5-2,203.1
152843,4-5-2,371.7
152843,5-4-2,458.8
152843,6-4-2,1269
152843,1-5-4,42.7
152843,2-5-4,422.3
152843,3-5-4,317.3
152843,4-5-3,732.5
152843,5-4-3,689.6
152843,6-4-3,2031
152843,1-5-6,16.7
152843,2-5-6,157.6
152843,3-5-6,182.4
152843,4-5-6,188.3
152843,5-4-6,214.6
152843,6-4-5,789.5
152843,1-6-2,35.4
152843,2-6-1,156.4
152843,3-6-1,286
152843,4-6-1,351.3
152843,5-6-1,78.5
152843,6-5-1,218.2
152843,1-6-3,61.2
152843,2-6-3,451.3
152843,3-6-2,396.8
152843,4-6-2,608.8
152843,5-6-2,140
152843,6-5-2,349.1
152843,1-6-4,103.9
152843,2-6-4,773.1
152843,3-6-4,757.4
152843,4-6-3,1201
152843,5-6-3,262.5
152843,6-5-3,757.4
152843,1-6-5,38.9
152843,2-6-5,276.8
152843,3-6-5,348
152843,4-6-5,344.2
152843,5-6-4,257.1
152843,6-5-4,636.5
152844,1-2-3,48.8
152844,2-1-3,73.7
152844,3-1-2,158.7
152844,4-1-2,742.7
152844,5-1-2,33.7
152844,6-1-2,49.7
152844,1-2-4,91.6
152844,2-1-4,163.3
152844,3-1-4,410.4
152844,4-1-3,1223
152844,5-1-3,76.3
152844,6-1-3,112.6
152844,1-2-5,22.4
152844,2-1-5,34.2
152844,3-1-5,102.2
152844,4-1-5,513.5
152844,5-1-4,175.3
152844,6-1-4,403.1
152844,1-2-6,14.2
152844,2-1-6,13.4
152844,3-1-6,127.3
152844,4-1-6,638.2
152844,5-1-6,22.2
152844,6-1-5,78.4
152844,1-3-2,71.8
152844,2-3-1,81.3
152844,3-2-1,101.7
152844,4-2-1,1048
152844,5-2-1,56.8
152844,6-2-1,47.6
152844,1-3-4,147.9
152844,2-3-4,437
152844,3-2-4,463.8
152844,4-2-3,1293
152844,5-2-3,139.9
152844,6-2-3,142.6
152844,1-3-5,50.7
152844,2-3-5,125.7
152844,3-2-5,165.7
152844,4-2-5,738.3
152844,5-2-4,285.5
152844,6-2-4,313.1
152844,1-3-6,74.3
152844,2-3-6,79.4
152844,3-2-6,91.8
152844,4-2-6,453.7
152844,5-2-6,35.1
152844,6-2-5,76.5
152844,1-4-2,207.9
152844,2-4-1,389.9
152844,3-4-1,695.1
152844,4-3-1,1356
152844,5-3-1,138.9
152844,6-3-1,207.1
152844,1-4-3,248.3
152844,2-4-3,623.9
152844,3-4-2,656.7
152844,4-3-2,1521
152844,5-3-2,199.6
152844,6-3-2,230.8
152844,1-4-5,183.7
152844,2-4-5,388.7
152844,3-4-5,471.7
152844,4-3-5,974.8
152844,5-3-4,444
152844,6-3-4,481.7
152844,1-4-6,232.8
152844,2-4-6,227.9
152844,3-4-6,251.3
152844,4-3-6,1409
152844,5-3-6,108.8
152844,6-3-5,166.9
152844,1-5-2,25.1
152844,2-5-1,48.2
152844,3-5-1,109.1
152844,4-5-1,465.6
152844,5-4-1,407.7
152844,6-4-1,674.5
152844,1-5-3,51.4
152844,2-5-3,104.7
152844,3-5-2,152.5
152844,4-5-2,622.3
152844,5-4-2,474.4
152844,6-4-2,329.2
152844,1-5-4,133.3
152844,2-5-4,282.9
152844,3-5-4,334.5
152844,4-5-3,904.2
152844,5-4-3,613.1
152844,6-4-3,1371
152844,1-5-6,18.8
152844,2-5-6,40
152844,3-5-6,99.5
152844,4-5-6,311.1
152844,5-4-6,225.6
152844,6-4-5,488.3
152844,1-6-2,22.5
152844,2-6-1,23.3
152844,3-6-1,119.9
152844,4-6-1,823.6
152844,5-6-1,22.7
152844,6-5-1,56.1
152844,1-6-3,100.4
152844,2-6-3,85.3
152844,3-6-2,109.1
152844,4-6-2,504.1
152844,5-6-2,26.1
152844,6-5-2,56.6
152844,1-6-4,213.4
152844,2-6-4,128.7
152844,3-6-4,312.3
152844,4-6-3,1674
152844,5-6-3,63.1
152844,6-5-3,177.7
152844,1-6-5,36.3
152844,2-6-5,43.1
152844,3-6-5,177.6
152844,4-6-5,560.8
152844,5-6-4,128.3
152844,6-5-4,292.5
152845,1-2-3,29.4
152845,2-1-3,35.4
152845,3-1-2,21.6
152845,4-1-2,127.1
152845,5-1-2,351.7
152845,6-1-2,1498
152845,1-2-4,56.3
152845,2-1-4,62.8
152845,3-1-4,18.1
152845,4-1-3,84.2
152845,5-1-3,180.7
152845,6-1-3,1154
152845,1-2-5,127.9
152845,2-1-5,98
152845,3-1-5,27.3
152845,4-1-5,110.2
152845,5-1-4,300.1
152845,6-1-4,2008
152845,1-2-6,141.2
152845,2-1-6,166.2
152845,3-1-6,43.9
152845,4-1-6,304.7
152845,5-1-6,641.6
152845,6-1-5,2335
152845,1-3-2,21.7
152845,2-3-1,37.1
152845,3-2-1,24.8
152845,4-2-1,171.3
152845,5-2-1,525.7
152845,6-2-1,1876
152845,1-3-4,25.2
152845,2-3-4,29.5
152845,3-2-4,23.2
152845,4-2-3,104.2
152845,5-2-3,241.6
152845,6-2-3,775.3
152845,1-3-5,38.3
152845,2-3-5,44.3
152845,3-2-5,35
152845,4-2-5,176.1
152845,5-2-4,430
152845,6-2-4,1121
152845,1-3-6,64.9
152845,2-3-6,86.8
152845,3-2-6,49.5
152845,4-2-6,297.9
152845,5-2-6,714.6
152845,6-2-5,2159
152845,1-4-2,73.9
152845,2-4-1,91.9
152845,3-4-1,20.5
152845,4-3-1,78.7
152845,5-3-1,143.2
152845,6-3-1,1167
152845,1-4-3,51.4
152845,2-4-3,47.3
152845,3-4-2,23.1
152845,4-3-2,77.2
152845,5-3-2,147.6
152845,6-3-2,840.2
152845,1-4-5,90.5
152845,2-4-5,96.8
152845,3-4-5,15
152845,4-3-5,56
152845,5-3-4,107.5
152845,6-3-4,873.1
152845,1-4-6,184.4
152845,2-4-6,183.4
152845,3-4-6,41.5
152845,4-3-6,142.1
152845,5-3-6,331.3
152845,6-3-5,1247
152845,1-5-2,207
152845,2-5-1,214.3
152845,3-5-1,36.7
152845,4-5-1,170.3
152845,5-4-1,354.1
152845,6-4-1,2828
152845,1-5-3,109.8
152845,2-5-3,113.9
152845,3-5-2,39.7
152845,4-5-2,189.8
152845,5-4-2,331.9
152845,6-4-2,1476
152845,1-5-4,165.5
152845,2-5-4,190.1
152845,3-5-4,24.6
152845,4-5-3,92.3
152845,5-4-3,148.8
152845,6-4-3,1202
152845,1-5-6,439.4
152845,2-5-6,353.5
152845,3-5-6,85
152845,4-5-6,269.9
152845,5-4-6,597.6
152845,6-4-5,2308
152845,1-6-2,471.4
152845,2-6-1,364.4
152845,3-6-1,141.7
152845,4-6-1,687.7
152845,5-6-1,1181
152845,6-5-1,2868
152845,1-6-3,331.9
152845,2-6-3,345
152845,3-6-2,166.5
152845,4-6-2,590.6
152845,5-6-2,1195
152845,6-5-2,2113
152845,1-6-4,482.7
152845,2-6-4,492.2
152845,3-6-4,138.9
152845,4-6-3,393.7
152845,5-6-3,743.7
152845,6-5-3,1619
152845,1-6-5,869.3
152845,2-6-5,612.2
152845,3-6-5,213.6
152845,4-6-5,532.6
152845,5-6-4,1109
152845,6-5-4,2049
152846,1-2-3,17.5
152846,2-1-3,65
152846,3-1-2,95.4
152846,4-1-2,25.4
152846,5-1-2,409.9
152846,6-1-2,1218
152846,1-2-4,10.1
152846,2-1-4,36.1
152846,3-1-4,35.5
152846,4-1-3,20
152846,5-1-3,338.5
152846,6-1-3,865
152846,1-2-5,57.6
152846,2-1-5,249.9
152846,3-1-5,97.8
152846,4-1-5,26
152846,5-1-4,228.1
152846,6-1-4,547.6
152846,1-2-6,113.8
152846,2-1-6,385.3
152846,3-1-6,159.4
152846,4-1-6,45
152846,5-1-6,428.1
152846,6-1-5,1593
152846,1-3-2,22.5
152846,2-3-1,209.4
152846,3-2-1,199.3
152846,4-2-1,59.5
152846,5-2-1,1004
152846,6-2-1,2140
152846,1-3-4,11
152846,2-3-4,288.3
152846,3-2-4,185.9
152846,4-2-3,155.5
152846,5-2-3,1276
152846,6-2-3,2436
152846,1-3-5,40.9
152846,2-3-5,779.2
152846,3-2-5,409.1
152846,4-2-5,178.7
152846,5-2-4,886.8
152846,6-2-4,1811
152846,1-3-6,73.6
152846,2-3-6,1044
152846,3-2-6,681.5
152846,4-2-6,221.9
152846,5-2-6,1367
152846,6-2-5,2864
152846,1-4-2,7.7
152846,2-4-1,81.5
152846,3-4-1,48.8
152846,4-3-1,46.3
152846,5-3-1,625.2
152846,6-3-1,1547
152846,1-4-3,7.4
152846,2-4-3,229.3
152846,3-4-2,119.6
152846,4-3-2,127.6
152846,5-3-2,1197
152846,6-3-2,2752
152846,1-4-5,16.9
152846,2-4-5,442.4
152846,3-4-5,104.4
152846,4-3-5,119
152846,5-3-4,773.5
152846,6-3-4,1471
152846,1-4-6,31.4
152846,2-4-6,540.6
152846,3-4-6,156.9
152846,4-3-6,167.4
152846,5-3-6,1254
152846,6-3-5,2682
152846,1-5-2,108.3
152846,2-5-1,868.6
152846,3-5-1,214.3
152846,4-5-1,43.2
152846,5-4-1,249.3
152846,6-4-1,654.1
152846,1-5-3,103.1
152846,2-5-3,1358
152846,3-5-2,422.2
152846,4-5-2,124.1
152846,5-4-2,494
152846,6-4-2,1349
152846,1-5-4,67.5
152846,2-5-4,1014
152846,3-5-4,259.4
152846,4-5-3,144.4
152846,5-4-3,566.7
152846,6-4-3,1300
152846,1-5-6,181.1
152846,2-5-6,1944
152846,3-5-6,539.3
152846,4-5-6,81
152846,5-4-6,386
152846,6-4-5,1145
152846,1-6-2,287.9
152846,2-6-1,1239
152846,3-6-1,518.2
152846,4-6-1,105.1
152846,5-6-1,950.4
152846,6-5-1,1980
152846,1-6-3,260.3
152846,2-6-3,2162
152846,3-6-2,1127
152846,4-6-2,257.8
152846,5-6-2,1341
152846,6-5-2,2864
152846,1-6-4,144.2
152846,2-6-4,1432
152846,3-6-4,617.9
152846,4-6-3,285.6
152846,5-6-3,1723
152846,6-5-3,2464
152846,1-6-5,306.7
152846,2-6-5,2717
152846,3-6-5,1038
152846,4-6-5,166.3
152846,5-6-4,847.7
152846,6-5-4,1461
152847,1-2-3,6.2
152847,2-1-3,11.1
152847,3-1-2,57.4
152847,4-1-2,73.6
152847,5-1-2,297.7
152847,6-1-2,649.3
152847,1-2-4,6.4
152847,2-1-4,7.8
152847,3-1-4,95.5
152847,4-1-3,180.5
152847,5-1-3,440.2
152847,6-1-3,1298
152847,1-2-5,21.7
152847,2-1-5,31.4
152847,3-1-5,146
152847,4-1-5,209.2
152847,5-1-4,681.5
152847,6-1-4,1479
152847,1-2-6,31.9
152847,2-1-6,36.7
152847,3-1-6,230.7
152847,4-1-6,252.7
152847,5-1-6,669.7
152847,6-1-5,1840
152847,1-3-2,13.4
152847,2-3-1,34.8
152847,3-2-1,75.7
152847,4-2-1,84
152847,5-2-1,420.4
152847,6-2-1,817.3
152847,1-3-4,24.8
152847,2-3-4,63.3
152847,3-2-4,121
152847,4-2-3,275.3
152847,5-2-3,530
152847,6-2-3,1770
152847,1-3-5,46.3
152847,2-3-5,114.6
152847,3-2-5,175
152847,4-2-5,279.2
152847,5-2-4,695.7
152847,6-2-4,1855
152847,1-3-6,77.1
152847,2-3-6,148
152847,3-2-6,327.8
152847,4-2-6,297.7
152847,5-2-6,701.9
152847,6-2-5,2105
152847,1-4-2,15.7
152847,2-4-1,32.4
152847,3-4-1,197.5
152847,4-3-1,354.1
152847,5-3-1,803.2
152847,6-3-1,2032
152847,1-4-3,38.1
152847,2-4-3,97.6
152847,3-4-2,215.8
152847,4-3-2,388.3
152847,5-3-2,664
152847,6-3-2,2486
152847,1-4-5,73.3
152847,2-4-5,154.2
152847,3-4-5,485.9
152847,4-3-5,763.9
152847,5-3-4,1706
152847,6-3-4,2996
152847,1-4-6,84.1
152847,2-4-6,161.3
152847,3-4-6,530
152847,4-3-6,673.6
152847,5-3-6,1488
152847,6-3-5,3710
152847,1-5-2,78.6
152847,2-5-1,125.3
152847,3-5-1,244.2
152847,4-5-1,355.2
152847,5-4-1,875.4
152847,6-4-1,2125
152847,1-5-3,126.9
152847,2-5-3,222.4
152847,3-5-2,250.5
152847,4-5-2,339.7
152847,5-4-2,817.3
152847,6-4-2,1980
152847,1-5-4,155.8
152847,2-5-4,282.9
152847,3-5-4,533.6
152847,4-5-3,685.5
152847,5-4-3,1399
152847,6-4-3,2850
152847,1-5-6,228.9
152847,2-5-6,345.2
152847,3-5-6,581.4
152847,4-5-6,394.1
152847,5-4-6,882.1
152847,6-4-5,2068
152847,1-6-2,162.3
152847,2-6-1,227.8
152847,3-6-1,673.6
152847,4-6-1,669.7
152847,5-6-1,1204
152847,6-5-1,2409
152847,1-6-3,403
152847,2-6-3,510.3
152847,3-6-2,902.5
152847,4-6-2,621.6
152847,5-6-2,946.3
152847,6-5-2,1964
152847,1-6-4,318.4
152847,2-6-4,406.5
152847,3-6-4,1043
152847,4-6-3,1048
152847,5-6-3,1731
152847,6-5-3,3075
152847,1-6-5,437.7
152847,2-6-5,616.7
152847,3-6-5,1256
152847,4-6-5,701.9
152847,5-6-4,1367
152847,6-5-4,2015
152848,1-2-3,12.9
152848,2-1-3,33.6
152848,3-1-2,107.4
152848,4-1-2,34
152848,5-1-2,358.6
152848,6-1-2,166.4
152848,1-2-4,7.1
152848,2-1-4,27.5
152848,3-1-4,156.7
152848,4-1-3,131.9
152848,5-1-3,758
152848,6-1-3,427.7
152848,1-2-5,29.3
152848,2-1-5,74.9
152848,3-1-5,313.2
152848,4-1-5,54.3
152848,5-1-4,346.8
152848,6-1-4,166.5
152848,1-2-6,13.3
152848,2-1-6,34.8
152848,3-1-6,140.2
152848,4-1-6,31.7
152848,5-1-6,432.3
152848,6-1-5,463.6
152848,1-3-2,26.9
152848,2-3-1,127.3
152848,3-2-1,166.7
152848,4-2-1,75.9
152848,5-2-1,454.8
152848,6-2-1,283.6
152848,1-3-4,34.2
152848,2-3-4,258.3
152848,3-2-4,281.6
152848,4-2-3,352.2
152848,5-2-3,1361
152848,6-2-3,753.3
152848,1-3-5,72
152848,2-3-5,474
152848,3-2-5,520
152848,4-2-5,148.2
152848,5-2-4,857.5
152848,6-2-4,320.2
152848,1-3-6,49.3
152848,2-3-6,218.4
152848,3-2-6,232.2
152848,4-2-6,85.2
152848,5-2-6,802
152848,6-2-5,950.5
152848,1-4-2,8.8
152848,2-4-1,71.6
152848,3-4-1,314.9
152848,4-3-1,364.4
152848,5-3-1,1490
152848,6-3-1,1047
152848,1-4-3,27.2
152848,2-4-3,261.7
152848,3-4-2,354.3
152848,4-3-2,489.5
152848,5-3-2,2101
152848,6-3-2,1355
152848,1-4-5,30.2
152848,2-4-5,242.2
152848,3-4-5,724.4
152848,4-3-5,618.4
152848,5-3-4,2642
152848,6-3-4,1403
152848,1-4-6,14.2
152848,2-4-6,112.6
152848,3-4-6,350.9
152848,4-3-6,330.8
152848,5-3-6,2177
152848,6-3-5,2089
152848,1-5-2,69.8
152848,2-5-1,241.8
152848,3-5-1,710.1
152848,4-5-1,70.9
152848,5-4-1,244.7
152848,6-4-1,209.6
152848,1-5-3,132.7
152848,2-5-3,811.1
152848,3-5-2,1063
152848,4-5-2,116.6
152848,5-4-2,428.2
152848,6-4-2,293.8
152848,1-5-4,74
152848,2-5-4,488.2
152848,3-5-4,1185
152848,4-5-3,403.7
152848,5-4-3,1350
152848,6-4-3,824.1
152848,1-5-6,79.1
152848,2-5-6,450.8
152848,3-5-6,984.4
152848,4-5-6,72.5
152848,5-4-6,295
152848,6-4-5,589
152848,1-6-2,38.7
152848,2-6-1,151.1
152848,3-6-1,443
152848,4-6-1,54.8
152848,5-6-1,630.3
152848,6-5-1,900.5
152848,1-6-3,104.1
152848,2-6-3,389.3
152848,3-6-2,518.5
152848,4-6-2,77.5
152848,5-6-2,822.2
152848,6-5-2,1197
152848,1-6-4,38.6
152848,2-6-4,197.2
152848,3-6-4,680.5
152848,4-6-3,302.7
152848,5-6-3,1562
152848,6-5-3,1761
152848,1-6-5,109.2
152848,2-6-5,454.8
152848,3-6-5,1115
152848,4-6-5,93.8
152848,5-6-4,705.9
152848,6-5-4,861.6
152849,1-2-3,16.1
152849,2-1-3,71
152849,3-1-2,42.8
152849,4-1-2,138.5
152849,5-1-2,235.3
152849,6-1-2,1865
152849,1-2-4,27.8
152849,2-1-4,105.7
152849,3-1-4,22.9
152849,4-1-3,67
152849,5-1-3,126.6
152849,6-1-3,959.9
152849,1-2-5,27.2
152849,2-1-5,103.1
152849,3-1-5,19.5
152849,4-1-5,63
152849,5-1-4,208.3
152849,6-1-4,1541
152849,1-2-6,91.8
152849,2-1-6,268.6
152849,3-1-6,63.5
152849,4-1-6,147
152849,5-1-6,307.6
152849,6-1-5,1120
152849,1-3-2,13.1
152849,2-3-1,131.3
152849,3-2-1,92.3
152849,4-2-1,305.3
152849,5-2-1,415
152849,6-2-1,2264
152849,1-3-4,9.4
152849,2-3-4,247.5
152849,3-2-4,137.6
152849,4-2-3,370.5
152849,5-2-3,441.2
152849,6-2-3,2758
152849,1-3-5,9
152849,2-3-5,196.5
152849,3-2-5,120.2
152849,4-2-5,354.5
152849,5-2-4,676.8
152849,6-2-4,2506
152849,1-3-6,41.1
152849,2-3-6,530.3
152849,3-2-6,291
152849,4-2-6,511.3
152849,5-2-6,779.7
152849,6-2-5,2431
152849,1-4-2,33.2
152849,2-4-1,301.1
152849,3-4-1,38.1
152849,4-3-1,81.2
152849,5-3-1,163
152849,6-3-1,1076
152849,1-4-3,17.7
152849,2-4-3,368
152849,3-4-2,96.4
152849,4-3-2,244.2
152849,5-3-2,342.3
152849,6-3-2,2713
152849,1-4-5,22.3
152849,2-4-5,390.8
152849,3-4-5,34.5
152849,4-3-5,65.2
152849,5-3-4,261.7
152849,6-3-4,1519
152849,1-4-6,68.8
152849,2-4-6,620.5
152849,3-4-6,76
152849,4-3-6,165.1
152849,5-3-6,350.7
152849,6-3-5,1090
152849,1-5-2,45.2
152849,2-5-1,258.4
152849,3-5-1,41.5
152849,4-5-1,91.1
152849,5-4-1,285.4
152849,6-4-1,1774
152849,1-5-3,23.5
152849,2-5-3,306.5
152849,3-5-2,100.4
152849,4-5-2,241.9
152849,5-4-2,619.4
152849,6-4-2,2984
152849,1-5-4,38.1
152849,2-5-4,414.5
152849,3-5-4,52.3
152849,4-5-3,111.7
152849,5-4-3,331.9
152849,6-4-3,1764
152849,1-5-6,78.2
152849,2-5-6,504.2
152849,3-5-6,89
152849,4-5-6,174.8
152849,5-4-6,468.9
152849,6-4-5,1555
152849,1-6-2,275.8
152849,2-6-1,1105
152849,3-6-1,264.5
152849,4-6-1,337
152849,5-6-1,643.7
152849,6-5-1,1168
152849,1-6-3,185.2
152849,2-6-3,1709
152849,3-6-2,617
152849,4-6-2,663.2
152849,5-6-2,1415
152849,6-5-2,2159
152849,1-6-4,215.8
152849,2-6-4,1472
152849,3-6-4,303.4
152849,4-6-3,401.3
152849,5-6-3,695.5
152849,6-5-3,1234
152849,1-6-5,198.9
152849,2-6-5,1272
152849,3-6-5,270.8
152849,4-6-5,332.6
152849,5-6-4,848.2
152849,6-5-4,1505
152850,1-2-3,13.4
152850,2-1-3,27.2
152850,3-1-2,48.4
152850,4-1-2,168.7
152850,5-1-2,126.7
152850,6-1-2,504.3
152850,1-2-4,21.5
152850,2-1-4,40.2
152850,3-1-4,53.9
152850,4-1-3,180.1
152850,5-1-3,105.9
152850,6-1-3,611.7
152850,1-2-5,15
152850,2-1-5,27.3
152850,3-1-5,31.7
152850,4-1-5,129
152850,5-1-4,239.7
152850,6-1-4,666.4
152850,1-2-6,26.1
152850,2-1-6,42.5
152850,3-1-6,57.5
152850,4-1-6,152.4
152850,5-1-6,123.6
152850,6-1-5,554.8
152850,1-3-2,14.6
152850,2-3-1,55.7
152850,3-2-1,80.8
152850,4-2-1,251.3
152850,5-2-1,215.2
152850,6-2-1,780.4
152850,1-3-4,19.8
152850,2-3-4,107.8
152850,3-2-4,123.2
152850,4-2-3,318.1
152850,5-2-3,269.1
152850,6-2-3,1137
152850,1-3-5,13
152850,2-3-5,76
152850,3-2-5,78.5
152850,4-2-5,227.6
152850,5-2-4,357.8
152850,6-2-4,1098
152850,1-3-6,28.6
152850,2-3-6,145.2
152850,3-2-6,131.1
152850,4-2-6,290
152850,5-2-6,253
152850,6-2-5,921.2
152850,1-4-2,42.3
152850,2-4-1,131.9
152850,3-4-1,114.4
152850,4-3-1,237
152850,5-3-1,151
152850,6-3-1,789.9
152850,1-4-3,44.9
152850,2-4-3,181.2
152850,3-4-2,154.3
152850,4-3-2,343.2
152850,5-3-2,264.7
152850,6-3-2,1441
152850,1-4-5,49.5
152850,2-4-5,168.7
152850,3-4-5,115.8
152850,4-3-5,255.8
152850,5-3-4,419.3
152850,6-3-4,1323
152850,1-4-6,61.4
152850,2-4-6,211.2
152850,3-4-6,150.2
152850,4-3-6,274.4
152850,5-3-6,263.8
152850,6-3-5,997
152850,1-5-2,31.9
152850,2-5-1,80.4
152850,3-5-1,62.8
152850,4-5-1,227.2
152850,5-4-1,419.7
152850,6-4-1,1048
152850,1-5-3,28.9
152850,2-5-3,140.4
152850,3-5-2,111
152850,4-5-2,283.5
152850,5-4-2,423.4
152850,6-4-2,1219
152850,1-5-4,69
152850,2-5-4,216.1
152850,3-5-4,147.3
152850,4-5-3,351.6
152850,5-4-3,528.4
152850,6-4-3,1557
152850,1-5-6,37.1
152850,2-5-6,134.3
152850,3-5-6,102.6
152850,4-5-6,211.1
152850,5-4-6,367.6
152850,6-4-5,1077
152850,1-6-2,75.6
152850,2-6-1,167.1
152850,3-6-1,186.7
152850,4-6-1,356.1
152850,5-6-1,222.3
152850,6-5-1,687.6
152850,1-6-3,90.5
152850,2-6-3,376.9
152850,3-6-2,304.6
152850,4-6-2,519.2
152850,5-6-2,338.1
152850,6-5-2,967.2
152850,1-6-4,114.7
152850,2-6-4,389.4
152850,3-6-4,326.4
152850,4-6-3,554
152850,5-6-3,455.2
152850,6-5-3,974.5
152850,1-6-5,76.3
152850,2-6-5,233.7
152850,3-6-5,213.8
152850,4-6-5,336.9
152850,5-6-4,538.6
152850,6-5-4,1068
152815,1-2-3,36.2
152815,2-1-3,82.1
152815,3-1-2,128.2
152815,4-1-2,41.1
152815,5-1-2,142.9
152815,6-1-2,543.3
152815,1-2-4,30.6
152815,2-1-4,64.2
152815,3-1-4,67.1
152815,4-1-3,51.9
152815,5-1-3,129.4
152815,6-1-3,441.1
152815,1-2-5,32.2
152815,2-1-5,54.3
152815,3-1-5,72.8
152815,4-1-5,19.8
152815,5-1-4,80.4
152815,6-1-4,234.6
152815,1-2-6,71.5
152815,2-1-6,103.8
152815,3-1-6,133
152815,4-1-6,31.8
152815,5-1-6,99.8
152815,6-1-5,383.9
152815,1-3-2,37.1
152815,2-3-1,200.1
152815,3-2-1,244.6
152815,4-2-1,70.7
152815,5-2-1,311
152815,6-2-1,1007
152815,1-3-4,17.3
152815,2-3-4,349.9
152815,3-2-4,431.6
152815,4-2-3,164.9
152815,5-2-3,534.7
152815,6-2-3,1450
152815,1-3-5,19.6
152815,2-3-5,302.2
152815,3-2-5,387.6
152815,4-2-5,67.8
152815,5-2-4,378.2
152815,6-2-4,1165
152815,1-3-6,39.5
152815,2-3-6,596.4
152815,3-2-6,598.1
152815,4-2-6,126.8
152815,5-2-6,456
152815,6-2-5,1599
152815,1-4-2,27.7
152815,2-4-1,113.7
152815,3-4-1,104.4
152815,4-3-1,119.1
152815,5-3-1,253.2
152815,6-3-1,888
152815,1-4-3,19.6
152815,2-4-3,292.1
152815,3-4-2,344.5
152815,4-3-2,238
152815,5-3-2,674.2
152815,6-3-2,2121
152815,1-4-5,15
152815,2-4-5,145
152815,3-4-5,159.2
152815,4-3-5,94.5
152815,5-3-4,461.3
152815,6-3-4,946.4
152815,1-4-6,19.1
152815,2-4-6,297.3
152815,3-4-6,194
152815,4-3-6,108.2
152815,5-3-6,466.6
152815,6-3-5,1275
152815,1-5-2,52.2
152815,2-5-1,151.9
152815,3-5-1,152.9
152815,4-5-1,27.9
152815,5-4-1,58.8
152815,6-4-1,271.3
152815,1-5-3,36
152815,2-5-3,321.5
152815,3-5-2,391.4
152815,4-5-2,50
152815,5-4-2,232.5
152815,6-4-2,895.9
152815,1-5-4,27.5
152815,2-5-4,267.7
152815,3-5-4,240.2
152815,4-5-3,57.2
152815,5-4-3,273.8
152815,6-4-3,658.7
152815,1-5-6,35.9
152815,2-5-6,388.4
152815,3-5-6,309.6
152815,4-5-6,36.5
152815,5-4-6,115.5
152815,6-4-5,409.7
152815,1-6-2,125.5
152815,2-6-1,534.7
152815,3-6-1,378.2
152815,4-6-1,61.1
152815,5-6-1,176.9
152815,6-5-1,456
152815,1-6-3,97
152815,2-6-3,1023
152815,3-6-2,924.7
152815,4-6-2,101.8
152815,5-6-2,419.9
152815,6-5-2,1138
152815,1-6-4,51.3
152815,2-6-4,778.3
152815,3-6-4,447.9
152815,4-6-3,185.7
152815,5-6-3,337.6
152815,6-5-3,895.9
152815,1-6-5,72.1
152815,2-6-5,681
152815,3-6-5,574.3
152815,4-6-5,78
152815,5-6-4,215.3
152815,6-5-4,477.7
152816,1-2-3,7.5
152816,2-1-3,7.5
152816,3-1-2,61.8
152816,4-1-2,444.1
152816,5-1-2,607.8
152816,6-1-2,137.2
152816,1-2-4,34.3
152816,2-1-4,28.9
152816,3-1-4,237.9
152816,4-1-3,679.3
152816,5-1-3,897.5
152816,6-1-3,205.4
152816,1-2-5,42.5
152816,2-1-5,30.7
152816,3-1-5,216.2
152816,4-1-5,978.7
152816,5-1-4,1322
152816,6-1-4,627.6
152816,1-2-6,16.8
152816,2-1-6,12.9
152816,3-1-6,117.5
152816,4-1-6,883.8
152816,5-1-6,1043
152816,6-1-5,698.5
152816,1-3-2,22.3
152816,2-3-1,11.5
152816,3-2-1,42.5
152816,4-2-1,472
152816,5-2-1,413.4
152816,6-2-1,117.8
152816,1-3-4,115.6
152816,2-3-4,29.2
152816,3-2-4,93
152816,4-2-3,453.4
152816,5-2-3,533
152816,6-2-3,101.1
152816,1-3-5,122.1
152816,2-3-5,25.6
152816,3-2-5,83.5
152816,4-2-5,921.4
152816,5-2-4,1374
152816,6-2-4,364.7
152816,1-3-6,67.1
152816,2-3-6,11.1
152816,3-2-6,39.7
152816,4-2-6,449.9
152816,5-2-6,420.4
152816,6-2-5,414.4
152816,1-4-2,135.7
152816,2-4-1,81
152816,3-4-1,382.4
152816,4-3-1,916.5
152816,5-3-1,1443
152816,6-3-1,288.2
152816,1-4-3,252.5
152816,2-4-3,75.8
152816,3-4-2,220.1
152816,4-3-2,539.6
152816,5-3-2,661.2
152816,6-3-2,157.4
152816,1-4-5,486.6
152816,2-4-5,160.2
152816,3-4-5,521.7
152816,4-3-5,1533
152816,5-3-4,2279
152816,6-3-4,737.1
152816,1-4-6,287.2
152816,2-4-6,83.6
152816,3-4-6,340.3
152816,4-3-6,883.8
152816,5-3-6,1604
152816,6-3-5,773.3
152816,1-5-2,191.2
152816,2-5-1,89.2
152816,3-5-1,509.5
152816,4-5-1,1665
152816,5-4-1,2474
152816,6-4-1,1506
152816,1-5-3,334.4
152816,2-5-3,72.2
152816,3-5-2,258.9
152816,4-5-2,1468
152816,5-4-2,1991
152816,6-4-2,787.4
152816,1-5-4,609.9
152816,2-5-4,239.9
152816,3-5-4,740.3
152816,4-5-3,2112
152816,5-4-3,3149
152816,6-4-3,1273
152816,1-5-6,401.9
152816,2-5-6,97.8
152816,3-5-6,503.5
152816,4-5-6,2192
152816,5-4-6,2624
152816,6-4-5,2087
152816,1-6-2,72
152816,2-6-1,30.4
152816,3-6-1,189.5
152816,4-6-1,1069
152816,5-6-1,1506
152816,6-5-1,1506
152816,1-6-3,119.5
152816,2-6-3,23.3
152816,3-6-2,100.6
152816,4-6-2,623.1
152816,5-6-2,1069
152816,6-5-2,1096
152816,1-6-4,324.4
152816,2-6-4,87.5
152816,3-6-4,380.7
152816,4-6-3,1019
152816,5-6-3,1681
152816,6-5-3,1903
152816,1-6-5,331.2
152816,2-6-5,85.9
152816,3-6-5,416.4
152816,4-6-5,1634
152816,5-6-4,2624
152816,6-5-4,2665
152817,1-2-3,15.9
152817,2-1-3,16.2
152817,3-1-2,108.9
152817,4-1-2,409.1
152817,5-1-2,198.4
152817,6-1-2,41.5
152817,1-2-4,113.3
152817,2-1-4,84.4
152817,3-1-4,532
152817,4-1-3,728.7
152817,5-1-3,426.5
152817,6-1-3,109.8
152817,1-2-5,21.3
152817,2-1-5,16.9
152817,3-1-5,304.8
152817,4-1-5,568.7
152817,5-1-4,682.5
152817,6-1-4,331.5
152817,1-2-6,9.4
152817,2-1-6,8.1
152817,3-1-6,184.5
152817,4-1-6,585.4
152817,5-1-6,265
152817,6-1-5,85.8
152817,1-3-2,33.8
152817,2-3-1,44.1
152817,3-2-1,134.1
152817,4-2-1,455.7
152817,5-2-1,203.6
152817,6-2-1,32.2
152817,1-3-4,245.4
152817,2-3-4,218.2
152817,3-2-4,546.5
152817,4-2-3,813.5
152817,5-2-3,342.1
152817,6-2-3,64.4
152817,1-3-5,129.5
152817,2-3-5,50.5
152817,3-2-5,238.7
152817,4-2-5,540.2
152817,5-2-4,675.9
152817,6-2-4,193.2
152817,1-3-6,56.8
152817,2-3-6,42.8
152817,3-2-6,139.7
152817,4-2-6,463.3
152817,5-2-6,182.4
152817,6-2-5,26.2
152817,1-4-2,251.6
152817,2-4-1,233.2
152817,3-4-1,1044
152817,4-3-1,1320
152817,5-3-1,1185
152817,6-3-1,203.9
152817,1-4-3,425.2
152817,2-4-3,398.6
152817,3-4-2,978.4
152817,4-3-2,1146
152817,5-3-2,587.9
152817,6-3-2,161.3
152817,1-4-5,393
152817,2-4-5,295.8
152817,3-4-5,1076
152817,4-3-5,1749
152817,5-3-4,2221
152817,6-3-4,813.5
152817,1-4-6,382.3
152817,2-4-6,201.3
152817,3-4-6,1442
152817,4-3-6,1627
152817,5-3-6,964.9
152817,6-3-5,287.9
152817,1-5-2,80.2
152817,2-5-1,50.4
152817,3-5-1,699.6
152817,4-5-1,660
152817,5-4-1,1175
152817,6-4-1,710.2
152817,1-5-3,203
152817,2-5-3,81.5
152817,3-5-2,512.5
152817,4-5-2,644.8
152817,5-4-2,1052
152817,6-4-2,484.1
152817,1-5-4,413.9
152817,2-5-4,226.7
152817,3-5-4,1488
152817,4-5-3,1110
152817,5-4-3,1890
152817,6-4-3,1358
152817,1-5-6,126.6
152817,2-5-6,39.5
152817,3-5-6,756.3
152817,4-5-6,728.7
152817,5-4-6,999.4
152817,6-4-5,736.4
152817,1-6-2,17.5
152817,2-6-1,12.3
152817,3-6-1,268
152817,4-6-1,689.2
152817,5-6-1,333.1
152817,6-5-1,150.7
152817,1-6-3,52.3
152817,2-6-3,25.5
152817,3-6-2,238.7
152817,4-6-2,571.1
152817,5-6-2,216.5
152817,6-5-2,92.2
152817,1-6-4,279.8
152817,2-6-4,104.1
152817,3-6-4,1175
152817,4-6-3,1472
152817,5-6-3,663.1
152817,6-5-3,283.8
152817,1-6-5,61.1
152817,2-6-5,14.6
152817,3-6-5,516.3
152817,4-6-5,869
152817,5-6-4,837.8
152817,6-5-4,583
152818,1-2-3,20
152818,2-1-3,24.9
152818,3-1-2,14.7
152818,4-1-2,952.5
152818,5-1-2,128.4
152818,6-1-2,1038
152818,1-2-4,126.9
152818,2-1-4,195
152818,3-1-4,89
152818,4-1-3,993.6
152818,5-1-3,100.2
152818,6-1-3,965.8
152818,1-2-5,45
152818,2-1-5,54.8
152818,3-1-5,18.5
152818,4-1-5,1079
152818,5-1-4,519.2
152818,6-1-4,3002
152818,1-2-6,161.5
152818,2-1-6,140.3
152818,3-1-6,58.2
152818,4-1-6,1485
152818,5-1-6,254.3
152818,6-1-5,1551
152818,1-3-2,16.6
152818,2-3-1,23.4
152818,3-2-1,18.1
152818,4-2-1,1180
152818,5-2-1,116.9
152818,6-2-1,1211
152818,1-3-4,106.4
152818,2-3-4,75.7
152818,3-2-4,50.7
152818,4-2-3,627.8
152818,5-2-3,51.8
152818,6-2-3,406.2
152818,1-3-5,24.1
152818,2-3-5,16
152818,3-2-5,9.3
152818,4-2-5,798.3
152818,5-2-4,333.6
152818,6-2-4,2227
152818,1-3-6,86.7
152818,2-3-6,42.6
152818,3-2-6,27.6
152818,4-2-6,1278
152818,5-2-6,144.1
152818,6-2-5,933.2
152818,1-4-2,341
152818,2-4-1,364.4
152818,3-4-1,175
152818,4-3-1,891.1
152818,5-3-1,78.5
152818,6-3-1,908.7
152818,1-4-3,307.6
152818,2-4-3,229.8
152818,3-4-2,109.2
152818,4-3-2,489.7
152818,5-3-2,43.5
152818,6-3-2,441.2
152818,1-4-5,416
152818,2-4-5,345.3
152818,3-4-5,103.8
152818,4-3-5,568.4
152818,5-3-4,218.2
152818,6-3-4,1748
152818,1-4-6,573.1
152818,2-4-6,500.4
152818,3-4-6,176.1
152818,4-3-6,965.8
152818,5-3-6,92.2
152818,6-3-5,687.1
152818,1-5-2,78.6
152818,2-5-1,77.7
152818,3-5-1,23.5
152818,4-5-1,1062
152818,5-4-1,1517
152818,6-4-1,4316
152818,1-5-3,58.9
152818,2-5-3,35.2
152818,3-5-2,12.9
152818,4-5-2,837.1
152818,5-4-2,965.8
152818,6-4-2,2557
152818,1-5-4,322.7
152818,2-5-4,221.3
152818,3-5-4,67.4
152818,4-5-3,738.6
152818,5-4-3,701.1
152818,6-4-3,2818
152818,1-5-6,239.3
152818,2-5-6,104.8
152818,3-5-6,27.5
152818,4-5-6,1201
152818,5-4-6,1517
152818,6-4-5,3002
152818,1-6-2,393.5
152818,2-6-1,333.6
152818,3-6-1,134.4
152818,4-6-1,1841
152818,5-6-1,527.1
152818,6-5-1,1748
152818,1-6-3,347.9
152818,2-6-3,155
152818,3-6-2,64.4
152818,4-6-2,1770
152818,5-6-2,351.4
152818,6-5-2,1244
152818,1-6-4,771.6
152818,2-6-4,595.3
152818,3-6-4,204.6
152818,4-6-3,1973
152818,5-6-3,237.7
152818,6-5-3,763.1
152818,1-6-5,507.8
152818,2-6-5,300.9
152818,3-6-5,78.7
152818,4-6-5,1587
152818,5-6-4,1079
152818,6-5-4,2557
152819,1-2-3,20.7
152819,2-1-3,93.9
152819,3-1-2,127.4
152819,4-1-2,18.6
152819,5-1-2,255.9
152819,6-1-2,3183
152819,1-2-4,10
152819,2-1-4,48
152819,3-1-4,61.1
152819,4-1-3,23.4
152819,5-1-3,335.6
152819,6-1-3,4202
152819,1-2-5,41.8
152819,2-1-5,145.3
152819,3-1-5,159.5
152819,4-1-5,19.3
152819,5-1-4,155.5
152819,6-1-4,1628
152819,1-2-6,280.5
152819,2-1-6,739.9
152819,3-1-6,868.3
152819,4-1-6,98.4
152819,5-1-6,790
152819,6-1-5,5125
152819,1-3-2,30.2
152819,2-3-1,227.6
152819,3-2-1,252.5
152819,4-2-1,44.7
152819,5-2-1,455.8
152819,6-2-1,6180
152819,1-3-4,11.2
152819,2-3-4,230.1
152819,3-2-4,232.1
152819,4-2-3,107.3
152819,5-2-3,890.4
152819,6-2-3,7782
152819,1-3-5,51.6
152819,2-3-5,499.1
152819,3-2-5,490.9
152819,4-2-5,92.2
152819,5-2-4,422.8
152819,6-2-4,5125
152819,1-3-6,378.6
152819,2-3-6,1893
152819,3-2-6,1400
152819,4-2-6,316
152819,5-2-6,1796
152819,6-2-5,3964
152819,1-4-2,6.6
152819,2-4-1,66.7
152819,3-4-1,77.2
152819,4-3-1,59.9
152819,5-3-1,709.9
152819,6-3-1,4288
152819,1-4-3,5.3
152819,2-4-3,164.5
152819,3-4-2,161.1
152819,4-3-2,131.6
152819,5-3-2,1083
152819,6-3-2,4886
152819,1-4-5,11.4
152819,2-4-5,173.3
152819,3-4-5,171.2
152819,4-3-5,126.5
152819,5-3-4,808.2
152819,6-3-4,3183
152819,1-4-6,94.1
152819,2-4-6,775.4
152819,3-4-6,638.7
152819,4-3-6,401.7
152819,5-3-6,2694
152819,6-3-5,4120
152819,1-5-2,70.1
152819,2-5-1,382.7
152819,3-5-1,317.9
152819,4-5-1,30.6
152819,5-4-1,163.4
152819,6-4-1,1945
152819,1-5-3,100.2
152819,2-5-3,640.6
152819,3-5-2,582.1
152819,4-5-2,59.8
152819,5-4-2,283.2
152819,6-4-2,3964
152819,1-5-4,46.4
152819,2-5-4,359.2
152819,3-5-4,325.7
152819,4-5-3,88.7
152819,5-4-3,437.7
152819,6-4-3,5388
152819,1-5-6,386.2
152819,2-5-6,1694
152819,3-5-6,1289
152819,4-5-6,131.2
152819,5-4-6,646.5
152819,6-4-5,3891
152819,1-6-2,817.6
152819,2-6-1,2878
152819,3-6-1,2839
152819,4-6-1,403.3
152819,5-6-1,1827
152819,6-5-1,5253
152819,1-6-3,1117
152819,2-6-3,3002
152819,3-6-2,2415
152819,4-6-2,607.3
152819,5-6-2,2472
152819,6-5-2,6180
152819,1-6-4,602.1
152819,2-6-4,2562
152819,3-6-4,2235
152819,4-6-3,567.9
152819,5-6-3,3389
152819,6-5-3,7246
152819,1-6-5,1111
152819,2-6-5,4041
152819,3-6-5,3283
152819,4-6-5,502.7
152819,5-6-4,1859
152819,6-5-4,4669
152820,1-2-3,41.4
152820,2-1-3,46.4
152820,3-1-2,90
152820,4-1-2,51.6
152820,5-1-2,1573
152820,6-1-2,109.8
152820,1-2-4,31
152820,2-1-4,35.4
152820,3-1-4,70.7
152820,4-1-3,79
152820,5-1-3,1637
152820,6-1-3,143.4
152820,1-2-5,208.7
152820,2-1-5,221.1
152820,3-1-5,330.1
152820,4-1-5,232.3
152820,5-1-4,1605
152820,6-1-4,137.3
152820,1-2-6,109
152820,2-1-6,92.2
152820,3-1-6,173.2
152820,4-1-6,102.9
152820,5-1-6,1864
152820,6-1-5,520
152820,1-3-2,60.1
152820,2-3-1,49.6
152820,3-2-1,70.7
152820,4-2-1,42.3
152820,5-2-1,1648
152820,6-2-1,91.4
152820,1-3-4,47.5
152820,2-3-4,14
152820,3-2-4,19.4
152820,4-2-3,19.8
152820,5-2-3,1143
152820,6-2-3,53.1
152820,1-3-5,255.1
152820,2-3-5,115.3
152820,3-2-5,151.2
152820,4-2-5,97.5
152820,5-2-4,969.4
152820,6-2-4,48.8
152820,1-3-6,145.5
152820,2-3-6,38.4
152820,3-2-6,50.7
152820,4-2-6,31.6
152820,5-2-6,1477
152820,6-2-5,277.9
152820,1-4-2,39.9
152820,2-4-1,32.6
152820,3-4-1,61.6
152820,4-3-1,74.3
152820,5-3-1,1864
152820,6-3-1,143.2
152820,1-4-3,50.3
152820,2-4-3,14.8
152820,3-4-2,21.8
152820,4-3-2,26.4
152820,5-3-2,1262
152820,6-3-2,70.5
152820,1-4-5,272
152820,2-4-5,98.3
152820,3-4-5,92.1
152820,4-3-5,99.2
152820,5-3-4,1543
152820,6-3-4,82.7
152820,1-4-6,103.3
152820,2-4-6,28.8
152820,3-4-6,37.8
152820,4-3-6,39.8
152820,5-3-6,1706
152820,6-3-5,359
152820,1-5-2,662.1
152820,2-5-1,555.8
152820,3-5-1,667.6
152820,4-5-1,288.8
152820,5-4-1,1524
152820,6-4-1,140.1
152820,1-5-3,723.4
152820,2-5-3,317.2
152820,3-5-2,428.9
152820,4-5-2,194.8
152820,5-4-2,954.1
152820,6-4-2,66.9
152820,1-5-4,641.1
152820,2-5-4,310.3
152820,3-5-4,412.1
152820,4-5-3,244.8
152820,5-4-3,1434
152820,6-4-3,90.9
152820,1-5-6,781.7
152820,2-5-6,462.5
152820,3-5-6,531.4
152820,4-5-6,168.4
152820,5-4-6,977.2
152820,6-4-5,315.5
152820,1-6-2,180.3
152820,2-6-1,132.2
152820,3-6-1,238.5
152820,4-6-1,111.1
152820,5-6-1,1694
152820,6-5-1,792
152820,1-6-3,225.8
152820,2-6-3,74.6
152820,3-6-2,96.8
152820,4-6-2,50.2
152820,5-6-2,1310
152820,6-5-2,665.8
152820,1-6-4,206.4
152820,2-6-4,66.3
152820,3-6-4,99.4
152820,4-6-3,58.8
152820,5-6-3,1377
152820,6-5-3,755
152820,1-6-5,540.9
152820,2-6-5,302.1
152820,3-6-5,483.7
152820,4-6-5,157.6
152820,5-6-4,1096
152820,6-5-4,631.1
152821,1-2-3,7
152821,2-1-3,44.7
152821,3-1-2,67
152821,4-1-2,283.9
152821,5-1-2,261.2
152821,6-1-2,100.6
152821,1-2-4,33.7
152821,2-1-4,162.6
152821,3-1-4,145.4
152821,4-1-3,295.1
152821,5-1-3,218
152821,6-1-3,70
152821,1-2-5,26.3
152821,2-1-5,230.4
152821,3-1-5,65.8
152821,4-1-5,429.4
152821,5-1-4,680.8
152821,6-1-4,311.1
152821,1-2-6,12.8
152821,2-1-6,71.1
152821,3-1-6,45.8
152821,4-1-6,230.9
152821,5-1-6,181.4
152821,6-1-5,132.6
152821,1-3-2,7.2
152821,2-3-1,125.6
152821,3-2-1,147
152821,4-2-1,402
152821,5-2-1,535.3
152821,6-2-1,243.9
152821,1-3-4,30.5
152821,2-3-4,392.3
152821,3-2-4,404.5
152821,4-2-3,528
152821,5-2-3,723.6
152821,6-2-3,343.9
152821,1-3-5,13.7
152821,2-3-5,447.1
152821,3-2-5,218.8
152821,4-2-5,880.1
152821,5-2-4,1588
152821,6-2-4,1135
152821,1-3-6,6.9
152821,2-3-6,170.7
152821,3-2-6,167.7
152821,4-2-6,410.4
152821,5-2-6,610.5
152821,6-2-5,700.3
152821,1-4-2,70.4
152821,2-4-1,559.8
152821,3-4-1,418.3
152821,4-3-1,583.2
152821,5-3-1,406.2
152821,6-3-1,129.5
152821,1-4-3,63.5
152821,2-4-3,649.1
152821,3-4-2,718.3
152821,4-3-2,769.2
152821,5-3-2,856.9
152821,6-3-2,340.4
152821,1-4-5,132.4
152821,2-4-5,1236
152821,3-4-5,705.3
152821,4-3-5,1338
152821,5-3-4,1915
152821,6-3-4,921.6
152821,1-4-6,67.3
152821,2-4-6,651.3
152821,3-4-6,610.5
152821,4-3-6,526.6
152821,5-3-6,592
152821,6-3-5,370
152821,1-5-2,50.1
152821,2-5-1,680.8
152821,3-5-1,170.7
152821,4-5-1,720.9
152821,5-4-1,1129
152821,6-4-1,784.7
152821,1-5-3,35.4
152821,2-5-3,769.2
152821,3-5-2,460.8
152821,4-5-2,1252
152821,5-4-2,1826
152821,6-4-2,1447
152821,1-5-4,131.8
152821,2-5-4,1458
152821,3-5-4,769.2
152821,4-5-3,1575
152821,5-4-3,2412
152821,6-4-3,1103
152821,1-5-6,36.9
152821,2-5-6,791
152821,3-5-6,230.6
152821,4-5-6,986.8
152821,5-4-6,1550
152821,6-4-5,1480
152821,1-6-2,20
152821,2-6-1,240.3
152821,3-6-1,103.3
152821,4-6-1,353.9
152821,5-6-1,246.3
152821,6-5-1,247.3
152821,1-6-3,13.1
152821,2-6-3,257.4
152821,3-6-2,248.5
152821,4-6-2,454.3
152821,5-6-2,460.8
152821,6-5-2,700.3
152821,1-6-4,72.6
152821,2-6-4,772.2
152821,3-6-4,502.2
152821,4-6-3,456.5
152821,5-6-3,407
152821,6-5-3,393.9
152821,1-6-5,33.6
152821,2-6-5,740.1
152821,3-6-5,275.1
152821,4-6-5,880.1
152821,5-6-4,1097
152821,6-5-4,1311
152822,1-2-3,74.5
152822,2-1-3,194.7
152822,3-1-2,144.4
152822,4-1-2,342.4
152822,5-1-2,73.2
152822,6-1-2,361.3
152822,1-2-4,106.9
152822,2-1-4,333.5
152822,3-1-4,81.8
152822,4-1-3,203.9
152822,5-1-3,35.8
152822,6-1-3,229.1
152822,1-2-5,44.4
152822,2-1-5,76.7
152822,3-1-5,33.1
152822,4-1-5,90
152822,5-1-4,53.4
152822,6-1-4,268.9
152822,1-2-6,68.2
152822,2-1-6,118.2
152822,3-1-6,55.5
152822,4-1-6,132.8
152822,5-1-6,16.4
152822,6-1-5,83.7
152822,1-3-2,73.1
152822,2-3-1,359.9
152822,3-2-1,266
152822,4-2-1,793.3
152822,5-2-1,135.4
152822,6-2-1,820
152822,1-3-4,44.5
152822,2-3-4,784
152822,3-2-4,417
152822,4-2-3,1197
152822,5-2-3,285.5
152822,6-2-3,1150
152822,1-3-5,19
152822,2-3-5,251.7
152822,3-2-5,150.7
152822,4-2-5,541.7
152822,5-2-4,334.7
152822,6-2-4,1489
152822,1-3-6,34.2
152822,2-3-6,347.7
152822,3-2-6,214.1
152822,4-2-6,944.1
152822,5-2-6,112.7
152822,6-2-5,551.7
152822,1-4-2,118.6
152822,2-4-1,840.5
152822,3-4-1,121.8
152822,4-3-1,261
152822,5-3-1,58.4
152822,6-3-1,337.7
152822,1-4-3,65.1
152822,2-4-3,1112
152822,3-4-2,347.3
152822,4-3-2,753.2
152822,5-3-2,209.9
152822,6-3-2,978.6
152822,1-4-5,37.3
152822,2-4-5,670.3
152822,3-4-5,75.8
152822,4-3-5,189.6
152822,5-3-4,127.4
152822,6-3-4,610.8
152822,1-4-6,57
152822,2-4-6,757.4
152822,3-4-6,104.2
152822,4-3-6,238.3
152822,5-3-6,44.3
152822,6-3-5,193.8
152822,1-5-2,39.7
152822,2-5-1,115.3
152822,3-5-1,35.7
152822,4-5-1,91.3
152822,5-4-1,91.3
152822,6-4-1,472
152822,1-5-3,18.5
152822,2-5-3,266.8
152822,3-5-2,109.6
152822,4-5-2,301.6
152822,5-4-2,317.3
152822,6-4-2,1334
152822,1-5-4,31.2
152822,2-5-4,447.6
152822,3-5-4,52.9
152822,4-5-3,163.1
152822,5-4-3,163.9
152822,6-4-3,790.9
152822,1-5-6,12.8
152822,2-5-6,123.7
152822,3-5-6,24.3
152822,4-5-6,63.4
152822,5-4-6,60.2
152822,6-4-5,217.6
152822,1-6-2,114.4
152822,2-6-1,317.7
152822,3-6-1,108.7
152822,4-6-1,210.4
152822,5-6-1,23
152822,6-5-1,79.6
152822,1-6-3,69.4
152822,2-6-3,680.5
152822,3-6-2,321.1
152822,4-6-2,678.8
152822,5-6-2,101.3
152822,6-5-2,303.6
152822,1-6-4,87.2
152822,2-6-4,985.8
152822,3-6-4,172.3
152822,4-6-3,351.8
152822,5-6-3,44.4
152822,6-5-3,143
152822,1-6-5,30.5
152822,2-6-5,282.8
152822,3-6-5,60.3
152822,4-6-5,120.5
152822,5-6-4,53.2
152822,6-5-4,135.4
152823,1-2-3,7.2
152823,2-1-3,13
152823,3-1-2,12.8
152823,4-1-2,634.7
152823,5-1-2,673.9
152823,6-1-2,591.3
152823,1-2-4,39.9
152823,2-1-4,66.7
152823,3-1-4,37.4
152823,4-1-3,515.8
152823,5-1-3,507.5
152823,6-1-3,377
152823,1-2-5,37.5
152823,2-1-5,62.6
152823,3-1-5,30.1
152823,4-1-5,803.6
152823,5-1-4,1432
152823,6-1-4,1528
152823,1-2-6,35.5
152823,2-1-6,56.1
152823,3-1-6,25
152823,4-1-6,968
152823,5-1-6,1134
152823,6-1-5,1557
152823,1-3-2,6
152823,2-3-1,19.2
152823,3-2-1,19.8
152823,4-2-1,841.3
152823,5-2-1,953.3
152823,6-2-1,681.3
152823,1-3-4,21.3
152823,2-3-4,70.7
152823,3-2-4,64.8
152823,4-2-3,602.7
152823,5-2-3,739.6
152823,6-2-3,476.6
152823,1-3-5,20.3
152823,2-3-5,61.5
152823,3-2-5,47.5
152823,4-2-5,1370
152823,5-2-4,2387
152823,6-2-4,1843
152823,1-3-6,19.8
152823,2-3-6,51.4
152823,3-2-6,35.4
152823,4-2-6,987.1
152823,5-2-6,1279
152823,6-2-5,1857
152823,1-4-2,121.4
152823,2-4-1,227.9
152823,3-4-1,88.6
152823,4-3-1,500.4
152823,5-3-1,551
152823,6-3-1,359.2
152823,1-4-3,98.5
152823,2-4-3,203.3
152823,3-4-2,110.6
152823,4-3-2,562.1
152823,5-3-2,668.6
152823,6-3-2,418.5
152823,1-4-5,215.4
152823,2-4-5,391.7
152823,3-4-5,140.2
152823,4-3-5,889.1
152823,5-3-4,1279
152823,6-3-4,1104
152823,1-4-6,209.8
152823,2-4-6,405.7
152823,3-4-6,117.9
152823,4-3-6,677.6
152823,5-3-6,835.7
152823,6-3-5,1129
152823,1-5-2,134.5
152823,2-5-1,258.7
152823,3-5-1,94.8
152823,4-5-1,1109
152823,5-4-1,2021
152823,6-4-1,2300
152823,1-5-3,113.1
152823,2-5-3,241
152823,3-5-2,103.6
152823,4-5-2,1377
152823,5-4-2,2695
152823,6-4-2,2695
152823,1-5-4,311.8
152823,2-5-4,585.8
152823,3-5-4,198.2
152823,4-5-3,1272
152823,5-4-3,1803
152823,6-4-3,1857
152823,1-5-6,242
152823,2-5-6,444.5
152823,3-5-6,126.7
152823,4-5-6,1094
152823,5-4-6,1466
152823,6-4-5,2611
152823,1-6-2,147.3
152823,2-6-1,210.6
152823,3-6-1,75.4
152823,4-6-1,1617
152823,5-6-1,1803
152823,6-5-1,2365
152823,1-6-3,102.3
152823,2-6-3,164.1
152823,3-6-2,76.6
152823,4-6-2,1466
152823,5-6-2,1671
152823,6-5-2,2458
152823,1-6-4,382.7
152823,2-6-4,613
152823,3-6-4,178.8
152823,4-6-3,1188
152823,5-6-3,1205
152823,6-5-3,1638
152823,1-6-5,340.1
152823,2-6-5,472.1
152823,3-6-5,152.6
152823,4-6-5,1628
152823,5-6-4,2106
152823,6-5-4,2584
152824,1-2-3,11.2
152824,2-1-3,10.8
152824,3-1-2,48.1
152824,4-1-2,72.8
152824,5-1-2,299.2
152824,6-1-2,418
152824,1-2-4,20.3
152824,2-1-4,19.5
152824,3-1-4,73.7
152824,4-1-3,139.1
152824,5-1-3,416.6
152824,6-1-3,755.7
152824,1-2-5,45.1
152824,2-1-5,42.4
152824,3-1-5,98.9
152824,4-1-5,84.7
152824,5-1-4,319.9
152824,6-1-4,655
152824,1-2-6,40
152824,2-1-6,34.2
152824,3-1-6,102.4
152824,4-1-6,86.4
152824,5-1-6,379.7
152824,6-1-5,1215
152824,1-3-2,20.9
152824,2-3-1,24.8
152824,3-2-1,50
152824,4-2-1,72.7
152824,5-2-1,338.3
152824,6-2-1,366.1
152824,1-3-4,43.1
152824,2-3-4,28.2
152824,3-2-4,55.9
152824,4-2-3,77.1
152824,5-2-3,350.3
152824,6-2-3,521.6
152824,1-3-5,67.2
152824,2-3-5,52.5
152824,3-2-5,68.6
152824,4-2-5,65.7
152824,5-2-4,312.7
152824,6-2-4,466.9
152824,1-3-6,75.5
152824,2-3-6,45.3
152824,3-2-6,66.4
152824,4-2-6,60.5
152824,5-2-6,341.7
152824,6-2-5,978.4
152824,1-4-2,53.3
152824,2-4-1,66
152824,3-4-1,103.6
152824,4-3-1,175.5
152824,5-3-1,500.6
152824,6-3-1,854.3
152824,1-4-3,81.6
152824,2-4-3,58.6
152824,3-4-2,77.5
152824,4-3-2,100
152824,5-3-2,366.1
152824,6-3-2,667.9
152824,1-4-5,138.7
152824,2-4-5,93.4
152824,3-4-5,102.5
152824,4-3-5,169.3
152824,5-3-4,407.9
152824,6-3-4,833.2
152824,1-4-6,124.8
152824,2-4-6,88.3
152824,3-4-6,105.5
152824,4-3-6,154.9
152824,5-3-6,496.4
152824,6-3-5,1295
152824,1-5-2,121.2
152824,2-5-1,171.6
152824,3-5-1,148.7
152824,4-5-1,65.2
152824,5-4-1,217.9
152824,6-4-1,566.8
152824,1-5-3,184.5
152824,2-5-3,148.6
152824,3-5-2,106.4
152824,4-5-2,50.7
152824,5-4-2,189.5
152824,6-4-2,413.6
152824,1-5-4,194.7
152824,2-5-4,185.2
152824,3-5-4,137
152824,4-5-3,118.9
152824,5-4-3,338.3
152824,6-4-3,773.1
152824,1-5-6,212.8
152824,2-5-6,169.2
152824,3-5-6,144.1
152824,4-5-6,47.8
152824,5-4-6,173.8
152824,6-4-5,653.1
152824,1-6-2,142.4
152824,2-6-1,145.9
152824,3-6-1,212.8
152824,4-6-1,89.2
152824,5-6-1,515.9
152824,6-5-1,962.4
152824,1-6-3,239.6
152824,2-6-3,129.6
152824,3-6-2,169.8
152824,4-6-2,66.7
152824,5-6-2,373.6
152824,6-5-2,974.3
152824,1-6-4,228.9
152824,2-6-4,177.6
152824,3-6-4,211.8
152824,4-6-3,159.2
152824,5-6-3,569.5
152824,6-5-3,1133
152824,1-6-5,345.7
152824,2-6-5,209.4
152824,3-6-5,217.7
152824,4-6-5,71.7
152824,5-6-4,396.3
152824,6-5-4,691.4
152825,1-2-3,26.8
152825,2-1-3,197.8
152825,3-1-2,96.2
152825,4-1-2,112.4
152825,5-1-2,189.4
152825,6-1-2,714.1
152825,1-2-4,32.1
152825,2-1-4,195.5
152825,3-1-4,33.4
152825,4-1-3,57.3
152825,5-1-3,108.6
152825,6-1-3,496.4
152825,1-2-5,42.5
152825,2-1-5,282.1
152825,3-1-5,38.8
152825,4-1-5,39.8
152825,5-1-4,92.7
152825,6-1-4,413.5
152825,1-2-6,48.2
152825,2-1-6,353.3
152825,3-1-6,63.7
152825,4-1-6,62.4
152825,5-1-6,85
152825,6-1-5,469
152825,1-3-2,21.2
152825,2-3-1,336.8
152825,3-2-1,233.3
152825,4-2-1,299.8
152825,5-2-1,409.3
152825,6-2-1,1495
152825,1-3-4,10.8
152825,2-3-4,401
152825,3-2-4,317.9
152825,4-2-3,480.4
152825,5-2-3,597.5
152825,6-2-3,2050
152825,1-3-5,13.3
152825,2-3-5,508.1
152825,3-2-5,249.8
152825,4-2-5,361.4
152825,5-2-4,593
152825,6-2-4,2015
152825,1-3-6,16.7
152825,2-3-6,664.2
152825,3-2-6,348.1
152825,4-2-6,360.3
152825,5-2-6,501.7
152825,6-2-5,2086
152825,1-4-2,30.9
152825,2-4-1,420.1
152825,3-4-1,58.7
152825,4-3-1,90.8
152825,5-3-1,163.1
152825,6-3-1,701.5
152825,1-4-3,14.8
152825,2-4-3,496.4
152825,3-4-2,206.7
152825,4-3-2,306.8
152825,5-3-2,306
152825,6-3-2,1640
152825,1-4-5,14.3
152825,2-4-5,658.7
152825,3-4-5,60
152825,4-3-5,93.7
152825,5-3-4,155.3
152825,6-3-4,608.2
152825,1-4-6,20.2
152825,2-4-6,683.3
152825,3-4-6,85.8
152825,4-3-6,133
152825,5-3-6,192.5
152825,6-3-5,921.7
152825,1-5-2,47.2
152825,2-5-1,637.5
152825,3-5-1,77.9
152825,4-5-1,56
152825,5-4-1,131.3
152825,6-4-1,554.3
152825,1-5-3,26.7
152825,2-5-3,831.5
152825,3-5-2,160.3
152825,4-5-2,188.7
152825,5-4-2,452.9
152825,6-4-2,1468
152825,1-5-4,33.5
152825,2-5-4,894
152825,3-5-4,85.8
152825,4-5-3,97.1
152825,5-4-3,180.9
152825,6-4-3,718.4
152825,1-5-6,32.4
152825,2-5-6,846.3
152825,3-5-6,107.7
152825,4-5-6,62.4
152825,5-4-6,137.9
152825,6-4-5,463.5
152825,1-6-2,84.3
152825,2-6-1,1095
152825,3-6-1,229.7
152825,4-6-1,150.7
152825,5-6-1,172
152825,6-5-1,497.5
152825,1-6-3,59
152825,2-6-3,1534
152825,3-6-2,467.2
152825,4-6-2,375.6
152825,5-6-2,421.6
152825,6-5-2,1306
152825,1-6-4,72.2
152825,2-6-4,1351
152825,3-6-4,231.3
152825,4-6-3,225.4
152825,5-6-3,272.7
152825,6-5-3,932.6
152825,1-6-5,87.4
152825,2-6-5,1564
152825,3-6-5,247.2
152825,4-6-5,138.1
152825,5-6-4,204.6
152825,6-5-4,444.5
152826,1-2-3,19.6
152826,2-1-3,99.1
152826,3-1-2,90.7
152826,4-1-2,827.5
152826,5-1-2,27.6
152826,6-1-2,531.3
152826,1-2-4,65.8
152826,2-1-4,291.3
152826,3-1-4,188.6
152826,4-1-3,719.6
152826,5-1-3,18.4
152826,6-1-3,642.7
152826,1-2-5,13
152826,2-1-5,70.8
152826,3-1-5,33.5
152826,4-1-5,483.9
152826,5-1-4,109.6
152826,6-1-4,1583
152826,1-2-6,50.9
152826,2-1-6,177.2
152826,3-1-6,98.8
152826,4-1-6,795.7
152826,5-1-6,23.4
152826,6-1-5,261.2
152826,1-3-2,20.8
152826,2-3-1,237.4
152826,3-2-1,214.2
152826,4-2-1,1525
152826,5-2-1,72.2
152826,6-2-1,1096
152826,1-3-4,49.6
152826,2-3-4,710.3
152826,3-2-4,545.3
152826,4-2-3,1697
152826,5-2-3,104.1
152826,6-2-3,1420
152826,1-3-5,8
152826,2-3-5,214.3
152826,3-2-5,152.9
152826,4-2-5,1129
152826,5-2-4,325.4
152826,6-2-4,2221
152826,1-3-6,37.8
152826,2-3-6,595.3
152826,3-2-6,332.6
152826,4-2-6,1464
152826,5-2-6,96.9
152826,6-2-5,835.9
152826,1-4-2,164.5
152826,2-4-1,909.4
152826,3-4-1,479
152826,4-3-1,1137
152826,5-3-1,37.2
152826,6-3-1,1208
152826,1-4-3,140.7
152826,2-4-3,1212
152826,3-4-2,762.7
152826,4-3-2,1733
152826,5-3-2,88.1
152826,6-3-2,1630
152826,1-4-5,99
152826,2-4-5,943
152826,3-4-5,329.3
152826,4-3-5,927.2
152826,5-3-4,190
152826,6-3-4,2108
152826,1-4-6,169.1
152826,2-4-6,1173
152826,3-4-6,570.7
152826,4-3-6,1491
152826,5-3-6,55.5
152826,6-3-5,586.9
152826,1-5-2,11.5
152826,2-5-1,115.4
152826,3-5-1,35.6
152826,4-5-1,533
152826,5-4-1,261.2
152826,6-4-1,3036
152826,1-5-3,7.7
152826,2-5-3,191.1
152826,3-5-2,86.9
152826,4-5-2,790
152826,5-4-2,522.9
152826,6-4-2,2903
152826,1-5-4,44.6
152826,2-5-4,435.5
152826,3-5-4,143.4
152826,4-5-3,725.9
152826,5-4-3,440.1
152826,6-4-3,2758
152826,1-5-6,16
152826,2-5-6,252.3
152826,3-5-6,53
152826,4-5-6,593.2
152826,5-4-6,208.3
152826,6-4-5,1293
152826,1-6-2,103.8
152826,2-6-1,894.6
152826,3-6-1,249.6
152826,4-6-1,1849
152826,5-6-1,48.1
152826,6-5-1,222.6
152826,1-6-3,110.8
152826,2-6-3,1313
152826,3-6-2,491.8
152826,4-6-2,1947
152826,5-6-2,87.7
152826,6-5-2,398.3
152826,1-6-4,267.1
152826,2-6-4,1733
152826,3-6-4,637.8
152826,4-6-3,2018
152826,5-6-3,67.8
152826,6-5-3,357.8
152826,1-6-5,64.2
152826,2-6-5,733.9
152826,3-6-5,190
152826,4-6-5,1190
152826,5-6-4,207.1
152826,6-5-4,727.5
152827,1-2-3,9.1
152827,2-1-3,60
152827,3-1-2,90.1
152827,4-1-2,34.6
152827,5-1-2,362.5
152827,6-1-2,291.5
152827,1-2-4,7.9
152827,2-1-4,41
152827,3-1-4,96.1
152827,4-1-3,68.2
152827,5-1-3,356.9
152827,6-1-3,447.4
152827,1-2-5,40.9
152827,2-1-5,186.6
152827,3-1-5,252.9
152827,4-1-5,85.3
152827,5-1-4,343.3
152827,6-1-4,332.1
152827,1-2-6,16.5
152827,2-1-6,90.4
152827,3-1-6,154.6
152827,4-1-6,52.8
152827,5-1-6,376.8
152827,6-1-5,676.7
152827,1-3-2,11.1
152827,2-3-1,145.5
152827,3-2-1,205.5
152827,4-2-1,72.7
152827,5-2-1,577.9
152827,6-2-1,451.1
152827,1-3-4,14.1
152827,2-3-4,256.1
152827,3-2-4,320.3
152827,4-2-3,217.7
152827,5-2-3,892.3
152827,6-2-3,1054
152827,1-3-5,34.7
152827,2-3-5,580
152827,3-2-5,644.4
152827,4-2-5,291.5
152827,5-2-4,784.5
152827,6-2-4,769.7
152827,1-3-6,15.9
152827,2-3-6,431.9
152827,3-2-6,513.9
152827,4-2-6,135.1
152827,5-2-6,949.7
152827,6-2-5,1376
152827,1-4-2,10.8
152827,2-4-1,81.1
152827,3-4-1,203.7
152827,4-3-1,186.4
152827,5-3-1,745
152827,6-3-1,769.7
152827,1-4-3,18.2
152827,2-4-3,234.3
152827,3-4-2,352.3
152827,4-3-2,348.5
152827,5-3-2,1203
152827,6-3-2,1463
152827,1-4-5,42.5
152827,2-4-5,454.9
152827,3-4-5,745
152827,4-3-5,577.9
152827,5-3-4,1041
152827,6-3-4,1288
152827,1-4-6,18.6
152827,2-4-6,249.4
152827,3-4-6,429.6
152827,4-3-6,325.4
152827,5-3-6,1450
152827,6-3-5,2320
152827,1-5-2,67.3
152827,2-5-1,545
152827,3-5-1,671.1
152827,4-5-1,165.5
152827,5-4-1,456.2
152827,6-4-1,461.3
152827,1-5-3,78.5
152827,2-5-3,773.3
152827,3-5-2,788.4
152827,4-5-2,291.5
152827,5-4-2,718.6
152827,6-4-2,863.8
152827,1-5-4,69.1
152827,2-5-4,762.4
152827,3-5-4,996.3
152827,4-5-3,440.1
152827,5-4-3,873.1
152827,6-4-3,1259
152827,1-5-6,62.9
152827,2-5-6,996.3
152827,3-5-6,1135
152827,4-5-6,213.4
152827,5-4-6,631.9
152827,6-4-5,1203
152827,1-6-2,34.8
152827,2-6-1,353
152827,3-6-1,473.5
152827,4-6-1,114.4
152827,5-6-1,691.1
152827,6-5-1,1041
152827,1-6-3,40.7
152827,2-6-3,766
152827,3-6-2,928
152827,4-6-2,181.6
152827,5-6-2,1002
152827,6-5-2,1765
152827,1-6-4,33.8
152827,2-6-4,529
152827,3-6-4,769.7
152827,4-6-3,316.5
152827,5-6-3,1239
152827,6-5-3,1727
152827,1-6-5,76.7
152827,2-6-5,1143
152827,3-6-5,1364
152827,4-6-5,243.4
152827,5-6-4,868.5
152827,6-5-4,1299
152828,1-2-3,8.1
152828,2-1-3,15.3
152828,3-1-2,20.8
152828,4-1-2,308.6
152828,5-1-2,215.4
152828,6-1-2,163.6
152828,1-2-4,30.3
152828,2-1-4,52.8
152828,3-1-4,60.8
152828,4-1-3,270.1
152828,5-1-3,159.8
152828,6-1-3,157.8
152828,1-2-5,53.4
152828,2-1-5,76.1
152828,3-1-5,67.5
152828,4-1-5,475.5
152828,5-1-4,570.6
152828,6-1-4,559.7
152828,1-2-6,22.5
152828,2-1-6,30.3
152828,3-1-6,28.3
152828,4-1-6,289.5
152828,5-1-6,184.2
152828,6-1-5,407.6
152828,1-3-2,10
152828,2-3-1,20.1
152828,3-2-1,25.8
152828,4-2-1,422.3
152828,5-2-1,292.4
152828,6-2-1,233.9
152828,1-3-4,29.2
152828,2-3-4,60.4
152828,3-2-4,80
152828,4-2-3,456.9
152828,5-2-3,306.2
152828,6-2-3,211.9
152828,1-3-5,43.6
152828,2-3-5,70.8
152828,3-2-5,77.2
152828,4-2-5,866.5
152828,5-2-4,935.8
152828,6-2-4,668.4
152828,1-3-6,20.6
152828,2-3-6,29
152828,3-2-6,33.2
152828,4-2-6,402
152828,5-2-6,263.4
152828,6-2-5,479.4
152828,1-4-2,70.5
152828,2-4-1,177.5
152828,3-4-1,142.6
152828,4-3-1,359.9
152828,5-3-1,227.1
152828,6-3-1,197.6
152828,1-4-3,61.3
152828,2-4-3,174.3
152828,3-4-2,189.6
152828,4-3-2,446.5
152828,5-3-2,343
152828,6-3-2,196.6
152828,1-4-5,204.1
152828,2-4-5,590.8
152828,3-4-5,383.5
152828,4-3-5,873
152828,5-3-4,818
152828,6-3-4,628.9
152828,1-4-6,99.3
152828,2-4-6,219
152828,3-4-6,158
152828,4-3-6,348.1
152828,5-3-6,245.7
152828,6-3-5,425.4
152828,1-5-2,103.8
152828,2-5-1,191.7
152828,3-5-1,132.1
152828,4-5-1,526.9
152828,5-4-1,853.9
152828,6-4-1,886.2
152828,1-5-3,96.8
152828,2-5-3,160.2
152828,3-5-2,153.9
152828,4-5-2,899.8
152828,5-4-2,1124
152828,6-4-2,913.9
152828,1-5-4,243.2
152828,2-5-4,506.4
152828,3-5-4,355.5
152828,4-5-3,906.8
152828,5-4-3,893
152828,6-4-3,790.4
152828,1-5-6,121.3
152828,2-5-6,213.8
152828,3-5-6,139.4
152828,4-5-6,502
152828,5-4-6,489.4
152828,6-4-5,966.8
152828,1-6-2,56
152828,2-6-1,74.3
152828,3-6-1,62.2
152828,4-6-1,365.5
152828,5-6-1,200.3
152828,6-5-1,358.8
152828,1-6-3,54.8
152828,2-6-3,63.5
152828,3-6-2,59.9
152828,4-6-2,448.2
152828,5-6-2,224.5
152828,6-5-2,410.4
152828,1-6-4,168.3
152828,2-6-4,269.5
152828,3-6-4,183
152828,4-6-3,406.2
152828,5-6-3,207
152828,6-5-3,325.8
152828,1-6-5,157.4
152828,2-6-5,205.2
152828,3-6-5,171
152828,4-6-5,529.3
152828,5-6-4,396.5
152828,6-5-4,745.1
152829,1-2-3,54.3
152829,2-1-3,147.1
152829,3-1-2,203.2
152829,4-1-2,25.4
152829,5-1-2,94.6
152829,6-1-2,984.7
152829,1-2-4,26.3
152829,2-1-4,64.4
152829,3-1-4,114
152829,4-1-3,49.2
152829,5-1-3,146.9
152829,6-1-3,1654
152829,1-2-5,33.5
152829,2-1-5,80.1
152829,3-1-5,114.4
152829,4-1-5,14.3
152829,5-1-4,54.2
152829,6-1-4,866.1
152829,1-2-6,187.9
152829,2-1-6,306.9
152829,3-1-6,357.3
152829,4-1-6,66.4
152829,5-1-6,136.1
152829,6-1-5,919
152829,1-3-2,79.5
152829,2-3-1,270.3
152829,3-2-1,270.7
152829,4-2-1,42.2
152829,5-2-1,87.1
152829,6-2-1,1531
152829,1-3-4,40.5
152829,2-3-4,196.9
152829,3-2-4,231.3
152829,4-2-3,108.8
152829,5-2-3,140
152829,6-2-3,2625
152829,1-3-5,53.3
152829,2-3-5,121.1
152829,3-2-5,201.9
152829,4-2-5,29.9
152829,5-2-4,103.2
152829,6-2-4,1838
152829,1-3-6,244.7
152829,2-3-6,806.9
152829,3-2-6,961.8
152829,4-2-6,72.2
152829,5-2-6,285.7
152829,6-2-5,1778
152829,1-4-2,21.5
152829,2-4-1,77.3
152829,3-4-1,115.8
152829,4-3-1,107.2
152829,5-3-1,248.7
152829,6-3-1,3007
152829,1-4-3,34.3
152829,2-4-3,145.7
152829,3-4-2,121.4
152829,4-3-2,149.1
152829,5-3-2,231.7
152829,6-3-2,3063
152829,1-4-5,17
152829,2-4-5,58.9
152829,3-4-5,86.9
152829,4-3-5,63.8
152829,5-3-4,241.5
152829,6-3-4,3121
152829,1-4-6,85.1
152829,2-4-6,243.2
152829,3-4-6,360.4
152829,4-3-6,180.6
152829,5-3-6,221.1
152829,6-3-5,3181
152829,1-5-2,49.3
152829,2-5-1,144.3
152829,3-5-1,91.2
152829,4-5-1,13.3
152829,5-4-1,35
152829,6-4-1,803
152829,1-5-3,78.1
152829,2-5-3,109.1
152829,3-5-2,137.8
152829,4-5-2,17.8
152829,5-4-2,53.1
152829,6-4-2,1207
152829,1-5-4,32.8
152829,2-5-4,87.8
152829,3-5-4,140.9
152829,4-5-3,33.4
152829,5-4-3,101.9
152829,6-4-3,1637
152829,1-5-6,80.1
152829,2-5-6,351.2
152829,3-5-6,474
152829,4-5-6,20.5
152829,5-4-6,55
152829,6-4-5,459.5
152829,1-6-2,501.3
152829,2-6-1,1027
152829,3-6-1,1190
152829,4-6-1,77.7
152829,5-6-1,304.1
152829,6-5-1,950.7
152829,1-6-3,680.7
152829,2-6-3,1531
152829,3-6-2,1778
152829,4-6-2,89.7
152829,5-6-2,215.4
152829,6-5-2,1272
152829,1-6-4,301.8
152829,2-6-4,973.1
152829,3-6-4,1067
152829,4-6-3,95.8
152829,5-6-3,338.3
152829,6-5-3,1560
152829,1-6-5,428.5
152829,2-6-5,1074
152829,3-6-5,1181
152829,4-6-5,74.5
152829,5-6-4,199.7
152829,6-5-4,449.5
152830,1-2-3,43.1
152830,2-1-3,100.8
152830,3-1-2,78.9
152830,4-1-2,211.5
152830,5-1-2,64.2
152830,6-1-2,717.1
152830,1-2-4,63.5
152830,2-1-4,123
152830,3-1-4,59.8
152830,4-1-3,197
152830,5-1-3,38
152830,6-1-3,757
152830,1-2-5,38.4
152830,2-1-5,85.8
152830,3-1-5,26.8
152830,4-1-5,113.5
152830,5-1-4,78.1
152830,6-1-4,868.7
152830,1-2-6,86.9
152830,2-1-6,153.6
152830,3-1-6,91.5
152830,4-1-6,219.7
152830,5-1-6,62.5
152830,6-1-5,432.2
152830,1-3-2,38.2
152830,2-3-1,142.4
152830,3-2-1,147.7
152830,4-2-1,285.1
152830,5-2-1,84
152830,6-2-1,765.9
152830,1-3-4,34.1
152830,2-3-4,128.2
152830,3-2-4,113.2
152830,4-2-3,291.2
152830,5-2-3,89.8
152830,6-2-3,677.7
152830,1-3-5,15.4
152830,2-3-5,87
152830,3-2-5,78.7
152830,4-2-5,150.8
152830,5-2-4,96.5
152830,6-2-4,705.4
152830,1-3-6,65.6
152830,2-3-6,160.5
152830,3-2-6,144.8
152830,4-2-6,256.8
152830,5-2-6,60.6
152830,6-2-5,414.9
152830,1-4-2,80.8
152830,2-4-1,198.2
152830,3-4-1,82.3
152830,4-3-1,218.1
152830,5-3-1,46.1
152830,6-3-1,633
152830,1-4-3,63.1
152830,2-4-3,165.1
152830,3-4-2,112.4
152830,4-3-2,264.9
152830,5-3-2,79.4
152830,6-3-2,431.5
152830,1-4-5,50.2
152830,2-4-5,99.5
152830,3-4-5,43
152830,4-3-5,116.3
152830,5-3-4,60.2
152830,6-3-4,533.8
152830,1-4-6,100.6
152830,2-4-6,183.6
152830,3-4-6,89
152830,4-3-6,200.3
152830,5-3-6,52.4
152830,6-3-5,276.9
152830,1-5-2,41.5
152830,2-5-1,123.6
152830,3-5-1,30.1
152830,4-5-1,92
152830,5-4-1,86
152830,6-4-1,1023
152830,1-5-3,22.7
152830,2-5-3,97.5
152830,3-5-2,54.8
152830,4-5-2,93
152830,5-4-2,77.4
152830,6-4-2,892.7
152830,1-5-4,43.4
152830,2-5-4,98.5
152830,3-5-4,33.8
152830,4-5-3,90.7
152830,5-4-3,66.3
152830,6-4-3,674.2
152830,1-5-6,55.4
152830,2-5-6,104.6
152830,3-5-6,40.6
152830,4-5-6,49.9
152830,5-4-6,47.3
152830,6-4-5,312.6
152830,1-6-2,180.2
152830,2-6-1,408.3
152830,3-6-1,249.4
152830,4-6-1,337.1
152830,5-6-1,70.2
152830,6-5-1,286
152830,1-6-3,167.3
152830,2-6-3,383.5
152830,3-6-2,287.6
152830,4-6-2,284.8
152830,5-6-2,59.4
152830,6-5-2,260.9
152830,1-6-4,172.4
152830,2-6-4,379
152830,3-6-4,189.3
152830,4-6-3,309.6
152830,5-6-3,69.9
152830,6-5-3,221.6
152830,1-6-5,130.6
152830,2-6-5,229.3
152830,3-6-5,115
152830,4-6-5,139.9
152830,5-6-4,66
152830,6-5-4,237.7
152831,1-2-3,5.9
152831,2-1-3,10.2
152831,3-1-2,103.9
152831,4-1-2,228.9
152831,5-1-2,292.5
152831,6-1-2,805.8
152831,1-2-4,6.5
152831,2-1-4,13.2
152831,3-1-4,286.5
152831,4-1-3,618.4
152831,5-1-3,429.7
152831,6-1-3,2501
152831,1-2-5,9.6
152831,2-1-5,17
152831,3-1-5,227.4
152831,4-1-5,492.9
152831,5-1-4,842.2
152831,6-1-4,2940
152831,1-2-6,30.9
152831,2-1-6,27.2
152831,3-1-6,391.6
152831,4-1-6,654.7
152831,5-1-6,772.3
152831,6-1-5,2578
152831,1-3-2,29.9
152831,2-3-1,20.5
152831,3-2-1,93.9
152831,4-2-1,230.5
152831,5-2-1,272.5
152831,6-2-1,761.8
152831,1-3-4,76.3
152831,2-3-4,29.1
152831,3-2-4,134
152831,4-2-3,443.4
152831,5-2-3,369.1
152831,6-2-3,1373
152831,1-3-5,94
152831,2-3-5,31.6
152831,3-2-5,117.9
152831,4-2-5,392.5
152831,5-2-4,613.9
152831,6-2-4,1676
152831,1-3-6,218.2
152831,2-3-6,48.6
152831,3-2-6,218.5
152831,4-2-6,466.8
152831,5-2-6,445.7
152831,6-2-5,1926
152831,1-4-2,30.9
152831,2-4-1,31.3
152831,3-4-1,455.4
152831,4-3-1,850.8
152831,5-3-1,920.9
152831,6-3-1,4655
152831,1-4-3,102.7
152831,2-4-3,42.6
152831,3-4-2,339.2
152831,4-3-2,707.2
152831,5-3-2,647.1
152831,6-3-2,2121
152831,1-4-5,106.2
152831,2-4-5,64.3
152831,3-4-5,594.3
152831,4-3-5,1140
152831,5-3-4,1821
152831,6-3-4,4297
152831,1-4-6,247.2
152831,2-4-6,70.2
152831,3-4-6,805.8
152831,4-3-6,1124
152831,5-3-6,1841
152831,6-3-5,3990
152831,1-5-2,54.5
152831,2-5-1,43.5
152831,3-5-1,394.3
152831,4-5-1,741.6
152831,5-4-1,1523
152831,6-4-1,3809
152831,1-5-3,171.3
152831,2-5-3,70
152831,3-5-2,251.2
152831,4-5-2,568.1
152831,5-4-2,1309
152831,6-4-2,3103
152831,1-5-4,160
152831,2-5-4,100.7
152831,3-5-4,657.2
152831,4-5-3,1373
152831,5-4-3,2618
152831,6-4-3,4190
152831,1-5-6,315
152831,2-5-6,107.9
152831,3-5-6,662.4
152831,4-5-6,974.4
152831,5-4-6,1783
152831,6-4-5,4087
152831,1-6-2,167.7
152831,2-6-1,95.8
152831,3-6-1,1444
152831,4-6-1,1802
152831,5-6-1,1883
152831,6-5-1,3047
152831,1-6-3,517.3
152831,2-6-3,145.3
152831,3-6-2,877.5
152831,4-6-2,1214
152831,5-6-2,741.6
152831,6-5-2,2501
152831,1-6-4,454.2
152831,2-6-4,193.5
152831,3-6-4,1581
152831,4-6-3,1821
152831,5-6-3,2295
152831,6-5-3,3897
152831,1-6-5,588
152831,2-6-5,227.7
152831,3-6-5,1197
152831,4-6-5,2019
152831,5-6-4,2429
152831,6-5-4,2703
152832,1-2-3,61.6
152832,2-1-3,52.7
152832,3-1-2,67.1
152832,4-1-2,72.8
152832,5-1-2,637.5
152832,6-1-2,2284
152832,1-2-4,55.6
152832,2-1-4,36.9
152832,3-1-4,51.6
152832,4-1-3,64
152832,5-1-3,403.1
152832,6-1-3,5771
152832,1-2-5,158.4
152832,2-1-5,112.3
152832,3-1-5,100.6
152832,4-1-5,83.9
152832,5-1-4,507.6
152832,6-1-4,4386
152832,1-2-6,489.5
152832,2-1-6,468.6
152832,3-1-6,252.6
152832,4-1-6,250.3
152832,5-1-6,1054
152832,6-1-5,2193
152832,1-3-2,76.5
152832,2-3-1,48
152832,3-2-1,53.6
152832,4-2-1,59.4
152832,5-2-1,532.3
152832,6-2-1,4217
152832,1-3-4,55.4
152832,2-3-4,15.7
152832,3-2-4,15.3
152832,4-2-3,23.1
152832,5-2-3,272
152832,6-2-3,2610
152832,1-3-5,142.9
152832,2-3-5,34.5
152832,3-2-5,33.5
152832,4-2-5,29.3
152832,5-2-4,223.7
152832,6-2-4,2108
152832,1-3-6,512.4
152832,2-3-6,250.9
152832,3-2-6,268.1
152832,4-2-6,199.3
152832,5-2-6,1064
152832,6-2-5,4217
152832,1-4-2,56.6
152832,2-4-1,36
152832,3-4-1,26.6
152832,4-3-1,35.4
152832,5-3-1,431.7
152832,6-3-1,5482
152832,1-4-3,57
152832,2-4-3,16.3
152832,3-4-2,12.7
152832,4-3-2,18.4
152832,5-3-2,252.6
152832,6-3-2,3132
152832,1-4-5,108.5
152832,2-4-5,31.2
152832,3-4-5,15.6
152832,4-3-5,17.6
152832,5-3-4,148.3
152832,6-3-4,1522
152832,1-4-6,415.3
152832,2-4-6,221.9
152832,3-4-6,97.1
152832,4-3-6,117.9
152832,5-3-6,843.4
152832,6-3-5,3781
152832,1-5-2,420.1
152832,2-5-1,180.3
152832,3-5-1,120.6
152832,4-5-1,75.4
152832,5-4-1,336.3
152832,6-4-1,3537
152832,1-5-3,350.3
152832,2-5-3,95.6
152832,3-5-2,64.9
152832,4-5-2,38.3
152832,5-4-2,167.1
152832,6-4-2,2284
152832,1-5-4,287.8
152832,2-5-4,89.5
152832,3-5-4,41.2
152832,4-5-3,29.8
152832,5-4-3,128.1
152832,6-4-3,1686
152832,1-5-6,937.2
152832,2-5-6,548.2
152832,3-5-6,204.1
152832,4-5-6,109.9
152832,5-4-6,445.7
152832,6-4-5,1661
152832,1-6-2,1142
152832,2-6-1,1154
152832,3-6-1,1154
152832,4-6-1,726.1
152832,5-6-1,1890
152832,6-5-1,2492
152832,1-6-3,1566
152832,2-6-3,1130
152832,3-6-2,877.2
152832,4-6-2,605.8
152832,5-6-2,1958
152832,6-5-2,4386
152832,1-6-4,1260
152832,2-6-4,970.3
152832,3-6-4,391.6
152832,4-6-3,350.3
152832,5-6-3,2030
152832,6-5-3,3225
152832,1-6-5,1522
152832,2-6-5,783.2
152832,3-6-5,731
152832,4-6-5,329.2
152832,5-6-4,1034
152832,6-5-4,1462
152833,1-2-3,23.4
152833,2-1-3,36.4
152833,3-1-2,78.6
152833,4-1-2,137.7
152833,5-1-2,1410
152833,6-1-2,45.8
152833,1-2-4,27.9
152833,2-1-4,37.4
152833,3-1-4,135.7
152833,4-1-3,239.2
152833,5-1-3,811
152833,6-1-3,97.7
152833,1-2-5,143.9
152833,2-1-5,133.7
152833,3-1-5,281
152833,4-1-5,380.4
152833,5-1-4,1855
152833,6-1-4,115.2
152833,1-2-6,14.1
152833,2-1-6,17.6
152833,3-1-6,77
152833,4-1-6,76.2
152833,5-1-6,1254
152833,6-1-5,350.8
152833,1-3-2,31.7
152833,2-3-1,47.4
152833,3-2-1,78.6
152833,4-2-1,150.8
152833,5-2-1,1425
152833,6-2-1,42.2
152833,1-3-4,53.9
152833,2-3-4,45.8
152833,3-2-4,84.1
152833,4-2-3,208.3
152833,5-2-3,873.8
152833,6-2-3,47.4
152833,1-3-5,195.4
152833,2-3-5,116.3
152833,3-2-5,160.2
152833,4-2-5,331.9
152833,5-2-4,1504
152833,6-2-4,48.2
152833,1-3-6,29.4
152833,2-3-6,22.5
152833,3-2-6,42.3
152833,4-2-6,62.8
152833,5-2-6,927.6
152833,6-2-5,189.1
152833,1-4-2,40.5
152833,2-4-1,62.6
152833,3-4-1,212.2
152833,4-3-1,345.5
152833,5-3-1,1220
152833,6-3-1,136.9
152833,1-4-3,75.3
152833,2-4-3,69.8
152833,3-4-2,146.5
152833,4-3-2,305
152833,5-3-2,1440
152833,6-3-2,86.3
152833,1-4-5,326.3
152833,2-4-5,184.7
152833,3-4-5,345.5
152833,4-3-5,604.6
152833,5-3-4,2257
152833,6-3-4,211.6
152833,1-4-6,33.4
152833,2-4-6,25.4
152833,3-4-6,114.2
152833,4-3-6,163.1
152833,5-3-6,1714
152833,6-3-5,434.1
152833,1-5-2,423.2
152833,2-5-1,388
152833,3-5-1,543.9
152833,4-5-1,915.1
152833,5-4-1,2335
152833,6-4-1,142.5
152833,1-5-3,473.5
152833,2-5-3,372
152833,3-5-2,548.3
152833,4-5-2,841.2
152833,5-4-2,2257
152833,6-4-2,104.5
152833,1-5-4,635.8
152833,2-5-4,412.9
152833,3-5-4,830.9
152833,4-5-3,1177
152833,5-4-3,2655
152833,6-4-3,222.4
152833,1-5-6,300.9
152833,2-5-6,189.4
152833,3-5-6,409.1
152833,4-5-6,411.6
152833,5-4-6,1167
152833,6-4-5,377.2
152833,1-6-2,24.2
152833,2-6-1,21.9
152833,3-6-1,98.5
152833,4-6-1,84.2
152833,5-6-1,1593
152833,6-5-1,811
152833,1-6-3,40.5
152833,2-6-3,25.4
152833,3-6-2,61.8
152833,4-6-2,63.2
152833,5-6-2,1209
152833,6-5-2,591.4
152833,1-6-4,37.3
152833,2-6-4,20
152833,3-6-4,117
152833,4-6-3,124.3
152833,5-6-3,1265
152833,6-5-3,1010
152833,1-6-5,208.6
152833,2-6-5,90
152833,3-6-5,251.2
152833,4-6-5,173.4
152833,5-6-4,1167
152833,6-5-4,705.4
152834,1-2-3,5.3
152834,2-1-3,15.2
152834,3-1-2,35.4
152834,4-1-2,106.4
152834,5-1-2,470.2
152834,6-1-2,269.9
152834,1-2-4,9
152834,2-1-4,19.6
152834,3-1-4,52.5
152834,4-1-3,175.9
152834,5-1-3,579.6
152834,6-1-3,491.3
152834,1-2-5,41.1
152834,2-1-5,81.8
152834,3-1-5,131.9
152834,4-1-5,308
152834,5-1-4,1021
152834,6-1-4,1173
152834,1-2-6,18.1
152834,2-1-6,31.5
152834,3-1-6,65.5
152834,4-1-6,225.7
152834,5-1-6,743.4
152834,6-1-5,1084
152834,1-3-2,7.5
152834,2-3-1,42.3
152834,3-2-1,55.7
152834,4-2-1,169.4
152834,5-2-1,713.5
152834,6-2-1,395.5
152834,1-3-4,13.9
152834,2-3-4,62.4
152834,3-2-4,102.3
152834,4-2-3,307.3
152834,5-2-3,1434
152834,6-2-3,840.2
152834,1-3-5,51.3
152834,2-3-5,208.5
152834,3-2-5,255.8
152834,4-2-5,699.5
152834,5-2-4,2119
152834,6-2-4,1279
152834,1-3-6,24.2
152834,2-3-6,72.1
152834,3-2-6,111.2
152834,4-2-6,356.7
152834,5-2-6,1613
152834,6-2-5,2629
152834,1-4-2,21.4
152834,2-4-1,75.4
152834,3-4-1,140.8
152834,4-3-1,273.6
152834,5-3-1,1213
152834,6-3-1,1021
152834,1-4-3,28.5
152834,2-4-3,111.9
152834,3-4-2,182.5
152834,4-3-2,361.3
152834,5-3-2,1613
152834,6-3-2,953
152834,1-4-5,102.2
152834,2-4-5,459.5
152834,3-4-5,392.2
152834,4-3-5,893.1
152834,5-3-4,2366
152834,6-3-4,2000
152834,1-4-6,46.3
152834,2-4-6,141.2
152834,3-4-6,245.2
152834,4-3-6,539.9
152834,5-3-6,2184
152834,6-3-5,2629
152834,1-5-2,110.2
152834,2-5-1,381.7
152834,3-5-1,382.7
152834,4-5-1,507.1
152834,5-4-1,1279
152834,6-4-1,1710
152834,1-5-3,140.1
152834,2-5-3,673
152834,3-5-2,609.4
152834,4-5-2,1036
152834,5-4-2,2327
152834,6-4-2,1797
152834,1-5-4,214.5
152834,2-5-4,840.2
152834,3-5-4,763.4
152834,4-5-3,1290
152834,5-4-3,2000
152834,6-4-3,2406
152834,1-5-6,181.5
152834,2-5-6,802.2
152834,3-5-6,793.3
152834,4-5-6,747.3
152834,5-4-6,1378
152834,6-4-5,3736
152834,1-6-2,56.6
152834,2-6-1,139.7
152834,3-6-1,267.9
152834,4-6-1,577.2
152834,5-6-1,1868
152834,6-5-1,2679
152834,1-6-3,86.6
152834,2-6-3,207.6
152834,3-6-2,324.2
152834,4-6-2,612
152834,5-6-2,2218
152834,6-5-2,3837
152834,1-6-4,120.5
152834,2-6-4,264.4
152834,3-6-4,510.8
152834,4-6-3,845.2
152834,5-6-3,2290
152834,6-5-3,3381
152834,1-6-5,253.1
152834,2-6-5,735.7
152834,3-6-5,1036
152834,4-6-5,1109
152834,5-6-4,2840
152834,6-5-4,2958
152835,1-2-3,23.4
152835,2-1-3,53.9
152835,3-1-2,66.6
152835,4-1-2,663.4
152835,5-1-2,101.6
152835,6-1-2,33.7
152835,1-2-4,99.7
152835,2-1-4,194.4
152835,3-1-4,274.3
152835,4-1-3,835.6
152835,5-1-3,161.9
152835,6-1-3,42.7
152835,1-2-5,21.4
152835,2-1-5,47.3
152835,3-1-5,61
152835,4-1-5,294.9
152835,5-1-4,417.8
152835,6-1-4,85.2
152835,1-2-6,12.3
152835,2-1-6,34.7
152835,3-1-6,54.9
152835,4-1-6,195.1
152835,5-1-6,58
152835,6-1-5,29.1
152835,1-3-2,27.3
152835,2-3-1,113.2
152835,3-2-1,117.8
152835,4-2-1,807.5
152835,5-2-1,171.3
152835,6-2-1,75.4
152835,1-3-4,104.5
152835,2-3-4,406.8
152835,3-2-4,565.8
152835,4-2-3,1268
152835,5-2-3,440.9
152835,6-2-3,205.7
152835,1-3-5,30.7
152835,2-3-5,184.4
152835,3-2-5,155.1
152835,4-2-5,945.6
152835,5-2-4,1007
152835,6-2-4,385.7
152835,1-3-6,17.6
152835,2-3-6,128.3
152835,3-2-6,126.6
152835,4-2-6,467.6
152835,5-2-6,137
152835,6-2-5,126.9
152835,1-4-2,180.5
152835,2-4-1,472.8
152835,3-4-1,623.1
152835,4-3-1,1111
152835,5-3-1,315.2
152835,6-3-1,104.2
152835,1-4-3,193.8
152835,2-4-3,632.2
152835,3-4-2,786.8
152835,4-3-2,1684
152835,5-3-2,560
152835,6-3-2,261.6
152835,1-4-5,142.5
152835,2-4-5,518.2
152835,3-4-5,725.9
152835,4-3-5,1268
152835,5-3-4,1391
152835,6-3-4,509.7
152835,1-4-6,82.6
152835,2-4-6,364.2
152835,3-4-6,543
152835,4-3-6,725.9
152835,5-3-6,218.8
152835,6-3-5,157.2
152835,1-5-2,36.1
152835,2-5-1,115.1
152835,3-5-1,147.9
152835,4-5-1,323.2
152835,5-4-1,470.7
152835,6-4-1,167.5
152835,1-5-3,60.6
152835,2-5-3,258.5
152835,3-5-2,194.4
152835,4-5-2,697.7
152835,5-4-2,798.5
152835,6-4-2,305.3
152835,1-5-4,164
152835,2-5-4,525.8
152835,3-5-4,634.1
152835,4-5-3,984.5
152835,5-4-3,1021
152835,6-4-3,371
152835,1-5-6,19.1
152835,2-5-6,108.4
152835,3-5-6,111.7
152835,4-5-6,197
152835,5-4-6,247.8
152835,6-4-5,203.7
152835,1-6-2,12.8
152835,2-6-1,56.9
152835,3-6-1,92.8
152835,4-6-1,150
152835,5-6-1,54.8
152835,6-5-1,47.9
152835,1-6-3,19.1
152835,2-6-3,139.8
152835,3-6-2,153
152835,4-6-2,247.2
152835,5-6-2,104.4
152835,6-5-2,115.2
152835,1-6-4,64.5
152835,2-6-4,316.1
152835,3-6-4,360.5
152835,4-6-3,320.3
152835,5-6-3,153.4
152835,6-5-3,124.9
152835,1-6-5,15
152835,2-6-5,99
152835,3-6-5,109.1
152835,4-6-5,149.9
152835,5-6-4,203.5
152835,6-5-4,209.1
152836,1-2-3,10.1
152836,2-1-3,51
152836,3-1-2,36.6
152836,4-1-2,87.7
152836,5-1-2,97.5
152836,6-1-2,1481
152836,1-2-4,12.4
152836,2-1-4,63.9
152836,3-1-4,40.1
152836,4-1-3,96.7
152836,5-1-3,89.6
152836,6-1-3,1713
152836,1-2-5,16.4
152836,2-1-5,75.3
152836,3-1-5,32.9
152836,4-1-5,96.8
152836,5-1-4,107.9
152836,6-1-4,2123
152836,1-2-6,96.9
152836,2-1-6,261.5
152836,3-1-6,194.3
152836,4-1-6,250
152836,5-1-6,349.5
152836,6-1-5,4064
152836,1-3-2,8.5
152836,2-3-1,91.3
152836,3-2-1,94.2
152836,4-2-1,134.9
152836,5-2-1,185.9
152836,6-2-1,2123
152836,1-3-4,10.5
152836,2-3-4,165.4
152836,3-2-4,157.8
152836,4-2-3,212
152836,5-2-3,239
152836,6-2-3,3743
152836,1-3-5,10.3
152836,2-3-5,173.4
152836,3-2-5,130.6
152836,4-2-5,202.9
152836,5-2-4,272.5
152836,6-2-4,1800
152836,1-3-6,82.6
152836,2-3-6,785.9
152836,3-2-6,515.4
152836,4-2-6,401.8
152836,5-2-6,690.5
152836,6-2-5,3387
152836,1-4-2,17.4
152836,2-4-1,145.7
152836,3-4-1,93.5
152836,4-3-1,152.3
152836,5-3-1,138.1
152836,6-3-1,1237
152836,1-4-3,19.2
152836,2-4-3,180.3
152836,3-4-2,150.3
152836,4-3-2,249.5
152836,5-3-2,247.4
152836,6-3-2,3951
152836,1-4-5,28.2
152836,2-4-5,215.8
152836,3-4-5,154.9
152836,4-3-5,263.9
152836,5-3-4,307.2
152836,6-3-4,2188
152836,1-4-6,91.9
152836,2-4-6,466.4
152836,3-4-6,466.4
152836,4-3-6,697.3
152836,5-3-6,661.6
152836,6-3-5,3387
152836,1-5-2,26.5
152836,2-5-1,203.8
152836,3-5-1,68
152836,4-5-1,119.4
152836,5-4-1,155.9
152836,6-4-1,2789
152836,1-5-3,26.1
152836,2-5-3,228.3
152836,3-5-2,122.3
152836,4-5-2,166.5
152836,5-4-2,237.4
152836,6-4-2,2092
152836,1-5-4,31.4
152836,2-5-4,300.7
152836,3-5-4,156.3
152836,4-5-3,198.6
152836,5-4-3,250.4
152836,6-4-3,3743
152836,1-5-6,143.9
152836,2-5-6,768.9
152836,3-5-6,302.6
152836,4-5-6,254
152836,5-4-6,443.1
152836,6-4-5,4588
152836,1-6-2,394
152836,2-6-1,1247
152836,3-6-1,564.5
152836,4-6-1,872.7
152836,5-6-1,740.9
152836,6-5-1,3308
152836,1-6-3,344.4
152836,2-6-3,1823
152836,3-6-2,1226
152836,4-6-2,917.7
152836,5-6-2,1329
152836,6-5-2,2963
152836,1-6-4,386.5
152836,2-6-4,935.9
152836,3-6-4,1258
152836,4-6-3,1293
152836,5-6-3,1258
152836,6-5-3,2735
152836,1-6-5,376.3
152836,2-6-5,1394
152836,3-6-5,725.8
152836,4-6-5,553.5
152836,5-6-4,1281
152836,6-5-4,2963
152837,1-2-3,9.3
152837,2-1-3,52.8
152837,3-1-2,40.7
152837,4-1-2,126.6
152837,5-1-2,348.8
152837,6-1-2,279.7
152837,1-2-4,18.3
152837,2-1-4,72.4
152837,3-1-4,46.7
152837,4-1-3,108.6
152837,5-1-3,283.2
152837,6-1-3,217.6
152837,1-2-5,42.7
152837,2-1-5,126.5
152837,3-1-5,66.1
152837,4-1-5,138.2
152837,5-1-4,354.8
152837,6-1-4,384.2
152837,1-2-6,18.4
152837,2-1-6,78.8
152837,3-1-6,35.9
152837,4-1-6,83.9
152837,5-1-6,293.5
152837,6-1-5,656.8
152837,1-3-2,8.5
152837,2-3-1,118.8
152837,3-2-1,101.1
152837,4-2-1,230.3
152837,5-2-1,698.9
152837,6-2-1,406.1
152837,1-3-4,12.4
152837,2-3-4,234.7
152837,3-2-4,189
152837,4-2-3,376.4
152837,5-2-3,678.4
152837,6-2-3,735
152837,1-3-5,29.5
152837,2-3-5,344.9
152837,3-2-5,209.5
152837,4-2-5,382.6
152837,5-2-4,726.3
152837,6-2-4,609.2
152837,1-3-6,10.5
152837,2-3-6,214.6
152837,3-2-6,132.3
152837,4-2-6,170
152837,5-2-6,611.3
152837,6-2-5,1096
152837,1-4-2,28.2
152837,2-4-1,192.5
152837,3-4-1,89.6
152837,4-3-1,168.2
152837,5-3-1,378
152837,6-3-1,302.6
152837,1-4-3,24.4
152837,2-4-3,299.2
152837,3-4-2,169.9
152837,4-3-2,341.7
152837,5-3-2,632.1
152837,6-3-2,666.2
152837,1-4-5,54.1
152837,2-4-5,390.7
152837,3-4-5,164.2
152837,4-3-5,304.1
152837,5-3-4,649.9
152837,6-3-4,471.3
152837,1-4-6,29.2
152837,2-4-6,222
152837,3-4-6,80.4
152837,4-3-6,122.5
152837,5-3-6,410.7
152837,6-3-5,723.5
152837,1-5-2,92.7
152837,2-5-1,389.9
152837,3-5-1,169.7
152837,4-5-1,209
152837,5-4-1,432.7
152837,6-4-1,488.7
152837,1-5-3,78.9
152837,2-5-3,490
152837,3-5-2,299.7
152837,4-5-2,345.5
152837,5-4-2,549.6
152837,6-4-2,640.9
152837,1-5-4,104.5
152837,2-5-4,546.3
152837,3-5-4,250.3
152837,4-5-3,307.6
152837,5-4-3,586.1
152837,6-4-3,527.7
152837,1-5-6,62.1
152837,2-5-6,446.3
152837,3-5-6,162.1
152837,4-5-6,127.1
152837,5-4-6,293
152837,6-4-5,532.2
152837,1-6-2,43.1
152837,2-6-1,272.7
152837,3-6-1,98.2
152837,4-6-1,145.3
152837,5-6-1,457.3
152837,6-5-1,781.5
152837,1-6-3,28
152837,2-6-3,384.2
152837,3-6-2,188.4
152837,4-6-2,218.6
152837,5-6-2,765.3
152837,6-5-2,1251
152837,1-6-4,63.9
152837,2-6-4,421.9
152837,3-6-4,148.5
152837,4-6-3,166.2
152837,5-6-3,501.9
152837,6-5-3,808.8
152837,1-6-5,88.5
152837,2-6-5,638.7
152837,3-6-5,222
152837,4-6-5,160.3
152837,5-6-4,407
152837,6-5-4,495.2
152838,1-2-3,15.7
152838,2-1-3,92.1
152838,3-1-2,70.3
152838,4-1-2,246.6
152838,5-1-2,155.7
152838,6-1-2,522.4
152838,1-2-4,20.7
152838,2-1-4,154
152838,3-1-4,44
152838,4-1-3,130.4
152838,5-1-3,89.6
152838,6-1-3,296.2
152838,1-2-5,29
152838,2-1-5,153.2
152838,3-1-5,29.1
152838,4-1-5,126.9
152838,5-1-4,125.9
152838,6-1-4,476.6
152838,1-2-6,47.3
152838,2-1-6,203.3
152838,3-1-6,50.9
152838,4-1-6,163.1
152838,5-1-6,87.4
152838,6-1-5,431
152838,1-3-2,15.5
152838,2-3-1,164.8
152838,3-2-1,180.8
152838,4-2-1,480.5
152838,5-2-1,281.9
152838,6-2-1,736
152838,1-3-4,9.6
152838,2-3-4,307.5
152838,3-2-4,286.1
152838,4-2-3,788
152838,5-2-3,563.9
152838,6-2-3,1017
152838,1-3-5,8
152838,2-3-5,326.4
152838,3-2-5,243.8
152838,4-2-5,722.3
152838,5-2-4,682.3
152838,6-2-4,1560
152838,1-3-6,17.9
152838,2-3-6,409.8
152838,3-2-6,290.3
152838,4-2-6,740.6
152838,5-2-6,634.2
152838,6-2-5,1170
152838,1-4-2,30.5
152838,2-4-1,377.5
152838,3-4-1,96.9
152838,4-3-1,207.4
152838,5-3-1,125.1
152838,6-3-1,444.1
152838,1-4-3,19.6
152838,2-4-3,530.7
152838,3-4-2,259.4
152838,4-3-2,624.1
152838,5-3-2,368.5
152838,6-3-2,1119
152838,1-4-5,19.8
152838,2-4-5,686.3
152838,3-4-5,108.6
152838,4-3-5,235.4
152838,5-3-4,242
152838,6-3-4,793.3
152838,1-4-6,35.5
152838,2-4-6,736
152838,3-4-6,139.8
152838,4-3-6,359.5
152838,5-3-6,173.6
152838,6-3-5,485.5
152838,1-5-2,42.3
152838,2-5-1,505.5
152838,3-5-1,60.6
152838,4-5-1,172.6
152838,5-4-1,189.2
152838,6-4-1,757.4
152838,1-5-3,19.2
152838,2-5-3,609.5
152838,3-5-2,193.7
152838,4-5-2,424
152838,5-4-2,536.8
152838,6-4-2,1786
152838,1-5-4,24.1
152838,2-5-4,876.5
152838,3-5-4,114.5
152838,4-5-3,216.1
152838,5-4-3,309.1
152838,6-4-3,1141
152838,1-5-6,37.7
152838,2-5-6,790.7
152838,3-5-6,86.6
152838,4-5-6,187.3
152838,5-4-6,251.3
152838,6-4-5,682.3
152838,1-6-2,99.3
152838,2-6-1,632.5
152838,3-6-1,147.7
152838,4-6-1,337.7
152838,5-6-1,152.3
152838,6-5-1,533.1
152838,1-6-3,62.4
152838,2-6-3,879.8
152838,3-6-2,420.9
152838,4-6-2,932.4
152838,5-6-2,644.7
152838,6-5-2,1258
152838,1-6-4,77.5
152838,2-6-4,1345
152838,3-6-4,274
152838,4-6-3,538
152838,5-6-3,229.9
152838,6-5-3,433.4
152838,1-6-5,66.2
152838,2-6-5,1251
152838,3-6-5,164.3
152838,4-6-5,378.1
152838,5-6-4,363.9
152838,6-5-4,617.5
152863,1-2-3,5
152863,2-1-3,72
152863,3-1-2,96.2
152863,4-1-2,157.3
152863,5-1-2,109.6
152863,6-1-2,1631
152863,1-2-4,7.1
152863,2-1-4,89.6
152863,3-1-4,108.7
152863,4-1-3,210.8
152863,5-1-3,139.2
152863,6-1-3,2447
152863,1-2-5,8
152863,2-1-5,124.2
152863,3-1-5,115.3
152863,4-1-5,135.1
152863,5-1-4,161.6
152863,6-1-4,2517
152863,1-2-6,212.3
152863,2-1-6,881.2
152863,3-1-6,927.6
152863,4-1-6,1223
152863,5-1-6,557.7
152863,6-1-5,2842
152863,1-3-2,8.8
152863,2-3-1,282.4
152863,3-2-1,276.2
152863,4-2-1,320.4
152863,5-2-1,242
152863,6-2-1,2049
152863,1-3-4,12.6
152863,2-3-4,547.3
152863,3-2-4,527.6
152863,4-2-3,704.9
152863,5-2-3,540.6
152863,6-2-3,4895
152863,1-3-5,11.3
152863,2-3-5,643.2
152863,3-2-5,611.9
152863,4-2-5,515.3
152863,5-2-4,672.6
152863,6-2-4,5874
152863,1-3-6,331.2
152863,2-3-6,2259
152863,3-2-6,2319
152863,4-2-6,2319
152863,5-2-6,1519
152863,6-2-5,7343
152863,1-4-2,12.8
152863,2-4-1,277.9
152863,3-4-1,271.1
152863,4-3-1,431.9
152863,5-3-1,364.1
152863,6-3-1,4406
152863,1-4-3,22
152863,2-4-3,793.8
152863,3-4-2,587.4
152863,4-3-2,979.1
152863,5-3-2,710.6
152863,6-3-2,6294
152863,1-4-5,15.5
152863,2-4-5,786.8
152863,3-4-5,458.9
152863,4-3-5,823.5
152863,5-3-4,1087
152863,6-3-4,6294
152863,1-4-6,359.6
152863,2-4-6,2381
152863,3-4-6,1874
152863,4-3-6,2591
152863,5-3-6,2670
152863,6-3-5,3831
152863,1-5-2,12
152863,2-5-1,340.2
152863,3-5-1,277.9
152863,4-5-1,226.5
152863,5-4-1,297.7
152863,6-4-1,4638
152863,1-5-3,18.7
152863,2-5-3,815.9
152863,3-5-2,515.3
152863,4-5-2,402.3
152863,5-4-2,699.3
152863,6-4-2,7343
152863,1-5-4,22.1
152863,2-5-4,831.3
152863,3-5-4,550.7
152863,4-5-3,746.7
152863,5-4-3,1444
152863,6-4-3,7343
152863,1-5-6,263
152863,2-5-6,1874
152863,3-5-6,2381
152863,4-5-6,1727
152863,5-4-6,2002
152863,6-4-5,2842
152863,1-6-2,657.6
152863,2-6-1,2937
152863,3-6-1,3389
152863,4-6-1,3147
152863,5-6-1,2203
152863,6-5-1,3389
152863,1-6-3,847.3
152863,2-6-3,3524
152863,3-6-2,3147
152863,4-6-2,3524
152863,5-6-2,4895
152863,6-5-2,6294
152863,1-6-4,1115
152863,2-6-4,4196
152863,3-6-4,5183
152863,4-6-3,4196
152863,5-6-3,3147
152863,6-5-3,4638
152863,1-6-5,881.2
152863,2-6-5,4895
152863,3-6-5,4406
152863,4-6-5,3147
152863,5-6-4,2753
152863,6-5-4,4895
152864,1-2-3,8.9
152864,2-1-3,12.1
152864,3-1-2,10.6
152864,4-1-2,564
152864,5-1-2,75.7
152864,6-1-2,376.9
152864,1-2-4,73.5
152864,2-1-4,145.5
152864,3-1-4,80.5
152864,4-1-3,508
152864,5-1-3,48.4
152864,6-1-3,269.9
152864,1-2-5,26.4
152864,2-1-5,78.1
152864,3-1-5,18.4
152864,4-1-5,328.4
152864,5-1-4,218.1
152864,6-1-4,1994
152864,1-2-6,116
152864,2-1-6,143.7
152864,3-1-6,41.2
152864,4-1-6,1704
152864,5-1-6,177.8
152864,6-1-5,1410
152864,1-3-2,6
152864,2-3-1,27.9
152864,3-2-1,22.6
152864,4-2-1,889
152864,5-2-1,158.2
152864,6-2-1,564
152864,1-3-4,42.4
152864,2-3-4,164.2
152864,3-2-4,146.3
152864,4-2-3,826.1
152864,5-2-3,133.6
152864,6-2-3,711.2
152864,1-3-5,9
152864,2-3-5,70.2
152864,3-2-5,54.7
152864,4-2-5,1009
152864,5-2-4,601.4
152864,6-2-4,5452
152864,1-3-6,52.8
152864,2-3-6,216.9
152864,3-2-6,104
152864,4-2-6,2405
152864,5-2-6,889
152864,6-2-5,3145
152864,1-4-2,137
152864,2-4-1,483.9
152864,3-4-1,201.9
152864,4-3-1,664.9
152864,5-3-1,61.4
152864,6-3-1,398.9
152864,1-4-3,115
152864,2-4-3,527.6
152864,3-4-2,244.1
152864,4-3-2,764.4
152864,5-3-2,88.2
152864,6-3-2,644
152864,1-4-5,115.8
152864,2-4-5,614.9
152864,3-4-5,217.5
152864,4-3-5,556.4
152864,5-3-4,357.1
152864,6-3-4,3408
152864,1-4-6,571.9
152864,2-4-6,2152
152864,3-4-6,723.8
152864,4-3-6,2152
152864,5-3-6,192.9
152864,6-3-5,1740
152864,1-5-2,27.8
152864,2-5-1,172.9
152864,3-5-1,34
152864,4-5-1,478.3
152864,5-4-1,470
152864,6-4-1,3271
152864,1-5-3,17.3
152864,2-5-3,135.6
152864,3-5-2,49.9
152864,4-5-2,801.8
152864,5-4-2,919
152864,6-4-2,6291
152864,1-5-4,111.1
152864,2-5-4,459.5
152864,3-5-4,138.6
152864,4-5-3,764.4
152864,5-4-3,675.9
152864,6-4-3,6816
152864,1-5-6,161
152864,2-5-6,1120
152864,3-5-6,135.4
152864,4-5-6,1994
152864,5-4-6,1603
152864,6-4-5,5112
152864,1-6-2,236.3
152864,2-6-1,614.9
152864,3-6-1,240.5
152864,4-6-1,3029
152864,5-6-1,693.1
152864,6-5-1,1152
152864,1-6-3,200.4
152864,2-6-3,639
152864,3-6-2,306.3
152864,4-6-2,5112
152864,5-6-2,1035
152864,6-5-2,2152
152864,1-6-4,898.8
152864,2-6-4,5112
152864,3-6-4,919
152864,4-6-3,4811
152864,5-6-3,644
152864,6-5-3,1434
152864,1-6-5,659.6
152864,2-6-5,2820
152864,3-6-5,605.8
152864,4-6-5,3145
152864,5-6-4,1635
152864,6-5-4,3145
152865,1-2-3,23
152865,2-1-3,84
152865,3-1-2,102.9
152865,4-1-2,17
152865,5-1-2,1597
152865,6-1-2,413.9
152865,1-2-4,9
152865,2-1-4,41.3
152865,3-1-4,39.8
152865,4-1-3,32.4
152865,5-1-3,1157
152865,6-1-3,753.7
152865,1-2-5,265.4
152865,2-1-5,505.6
152865,3-1-5,939.9
152865,4-1-5,215.3
152865,5-1-4,1248
152865,6-1-4,278.3
152865,1-2-6,50.8
152865,2-1-6,104.7
152865,3-1-6,162
152865,4-1-6,20.1
152865,5-1-6,1597
152865,6-1-5,1902
152865,1-3-2,32.5
152865,2-3-1,129
152865,3-2-1,151.8
152865,4-2-1,31.5
152865,5-2-1,2663
152865,6-2-1,591.8
152865,1-3-4,12.7
152865,2-3-4,57.8
152865,3-2-4,68
152865,4-2-3,41.5
152865,5-2-3,2577
152865,6-2-3,962.5
152865,1-3-5,424.9
152865,2-3-5,512.1
152865,3-2-5,719.7
152865,4-2-5,267.2
152865,5-2-4,1815
152865,6-2-4,326
152865,1-3-6,68.2
152865,2-3-6,107.3
152865,3-2-6,135.8
152865,4-2-6,33.2
152865,5-2-6,3328
152865,6-2-5,2349
152865,1-4-2,7
152865,2-4-1,40.3
152865,3-4-1,60.2
152865,4-3-1,66.3
152865,5-3-1,4699
152865,6-3-1,877.9
152865,1-4-3,10.2
152865,2-4-3,42.8
152865,3-4-2,67.6
152865,4-3-2,71.5
152865,5-3-2,5326
152865,6-3-2,1011
152865,1-4-5,253.6
152865,2-4-5,361.5
152865,3-4-5,707
152865,4-3-5,512.1
152865,5-3-4,5326
152865,6-3-4,649.5
152865,1-4-6,20.2
152865,2-4-6,43.6
152865,3-4-6,78.5
152865,4-3-6,68.6
152865,5-3-6,3195
152865,6-3-5,2853
152865,1-5-2,868.4
152865,2-5-1,1775
152865,3-5-1,2219
152865,4-5-1,320.8
152865,5-4-1,1507
152865,6-4-1,231.5
152865,1-5-3,1141
152865,2-5-3,1094
152865,3-5-2,1630
152865,4-5-2,459.1
152865,5-4-2,1426
152865,6-4-2,263.6
152865,1-5-4,634
152865,2-5-4,918.3
152865,3-5-4,1566
152865,4-5-3,907.8
152865,5-4-3,2577
152865,6-4-3,481.2
152865,1-5-6,1174
152865,2-5-6,1507
152865,3-5-6,2349
152865,4-5-6,276.4
152865,5-4-6,1309
152865,6-4-5,1065
152865,1-6-2,115.1
152865,2-6-1,248.1
152865,3-6-1,324.7
152865,4-6-1,35.8
152865,5-6-1,2219
152865,6-5-1,2048
152865,1-6-3,179.1
152865,2-6-3,306.1
152865,3-6-2,302.6
152865,4-6-2,40.8
152865,5-6-2,2577
152865,6-5-2,2349
152865,1-6-4,83
152865,2-6-4,172.9
152865,3-6-4,201.7
152865,4-6-3,78
152865,5-6-3,2421
152865,6-5-3,2219
152865,1-6-5,907.8
152865,2-6-5,1248
152865,3-6-5,1630
152865,4-6-5,206.4
152865,5-6-4,1630
152865,6-5-4,1452
152866,1-2-3,5.9
152866,2-1-3,50.2
152866,3-1-2,138.8
152866,4-1-2,69.4
152866,5-1-2,97.6
152866,6-1-2,1430
152866,1-2-4,5.2
152866,2-1-4,33.6
152866,3-1-4,196.7
152866,4-1-3,228.7
152866,5-1-3,301.4
152866,6-1-3,2722
152866,1-2-5,6.4
152866,2-1-5,41.9
152866,3-1-5,252.6
152866,4-1-5,110.7
152866,5-1-4,214.7
152866,6-1-4,3376
152866,1-2-6,64.2
152866,2-1-6,276.7
152866,3-1-6,1082
152866,4-1-6,428.4
152866,5-1-6,298.2
152866,6-1-5,2281
152866,1-3-2,15.3
152866,2-3-1,186.7
152866,3-2-1,285.1
152866,4-2-1,127.8
152866,5-2-1,141.6
152866,6-2-1,2482
152866,1-3-4,23.8
152866,2-3-4,267.9
152866,3-2-4,340.3
152866,4-2-3,368.5
152866,5-2-3,527.5
152866,6-2-3,4964
152866,1-3-5,24.6
152866,2-3-5,225
152866,3-2-5,430.6
152866,4-2-5,172.5
152866,5-2-4,375.1
152866,6-2-4,4019
152866,1-3-6,139.2
152866,2-3-6,1041
152866,3-2-6,1834
152866,4-2-6,788.7
152866,5-2-6,417.8
152866,6-2-5,2910
152866,1-4-2,12.8
152866,2-4-1,89.8
152866,3-4-1,338.9
152866,4-3-1,458.6
152866,5-3-1,474.1
152866,6-3-1,4220
152866,1-4-3,35.9
152866,2-4-3,218.6
152866,3-4-2,468.8
152866,4-3-2,753.5
152866,5-3-2,1205
152866,6-3-2,3669
152866,1-4-5,22.1
152866,2-4-5,139
152866,3-4-5,458.6
152866,4-3-5,598.5
152866,5-3-4,1318
152866,6-3-4,4688
152866,1-4-6,128.6
152866,2-4-6,709.2
152866,3-4-6,1654
152866,4-3-6,1406
152866,5-3-6,496.4
152866,6-3-5,4220
152866,1-5-2,11.8
152866,2-5-1,146.5
152866,3-5-1,537.5
152866,4-5-1,168.4
152866,5-4-1,394.3
152866,6-4-1,6028
152866,1-5-3,28.7
152866,2-5-3,324.6
152866,3-5-2,629.8
152866,4-5-2,199.5
152866,5-4-2,490.7
152866,6-4-2,4964
152866,1-5-4,24.9
152866,2-5-4,256.5
152866,3-5-4,649.2
152866,4-5-3,517.7
152866,5-4-3,970.1
152866,6-4-3,4442
152866,1-5-6,126.7
152866,2-5-6,796.2
152866,3-5-6,2221
152866,4-5-6,616
152866,5-4-6,1318
152866,6-4-5,3376
152866,1-6-2,233.7
152866,2-6-1,1205
152866,3-6-1,1795
152866,4-6-1,1318
152866,5-6-1,356.1
152866,6-5-1,1455
152866,1-6-3,320.9
152866,2-6-3,2813
152866,3-6-2,3836
152866,4-6-2,1455
152866,5-6-2,387.1
152866,6-5-2,1654
152866,1-6-4,295.1
152866,2-6-4,1875
152866,3-6-4,3669
152866,4-6-3,2281
152866,5-6-3,517.7
152866,6-5-3,5275
152866,1-6-5,271.3
152866,2-6-5,1623
152866,3-6-5,3669
152866,4-6-5,1534
152866,5-6-4,1562
152866,6-5-4,3014
152867,1-2-3,6.7
152867,2-1-3,68.4
152867,3-1-2,33.5
152867,4-1-2,522.5
152867,5-1-2,998.2
152867,6-1-2,187.6
152867,1-2-4,15.5
152867,2-1-4,262.2
152867,3-1-4,55.5
152867,4-1-3,469.3
152867,5-1-3,734.9
152867,6-1-3,162.3
152867,1-2-5,29.2
152867,2-1-5,410.3
152867,3-1-5,78.3
152867,4-1-5,566.8
152867,5-1-4,1053
152867,6-1-4,262.8
152867,1-2-6,16
152867,2-1-6,151.8
152867,3-1-6,37
152867,4-1-6,341.2
152867,5-1-6,830.8
152867,6-1-5,497.2
152867,1-3-2,5.3
152867,2-3-1,186.8
152867,3-2-1,156.2
152867,4-2-1,1205
152867,5-2-1,1910
152867,6-2-1,562
152867,1-3-4,8.9
152867,2-3-4,768.7
152867,3-2-4,589.2
152867,4-2-3,1910
152867,5-2-3,2972
152867,6-2-3,751.4
152867,1-3-5,19.4
152867,2-3-5,1078
152867,3-2-5,751.4
152867,4-2-5,2229
152867,5-2-4,2972
152867,6-2-4,1611
152867,1-3-6,7.2
152867,2-3-6,630.9
152867,3-2-6,381.1
152867,4-2-6,1938
152867,5-2-6,4315
152867,6-2-5,1996
152867,1-4-2,30.4
152867,2-4-1,1133
152867,3-4-1,354.8
152867,4-3-1,796.2
152867,5-3-1,1423
152867,6-3-1,323.8
152867,1-4-3,27.2
152867,2-4-3,1261
152867,3-4-2,909.9
152867,4-3-2,1631
152867,5-3-2,3934
152867,6-3-2,700.3
152867,1-4-5,55.4
152867,2-4-5,2907
152867,3-4-5,942
152867,4-3-5,1520
152867,5-3-4,4180
152867,6-3-4,1311
152867,1-4-6,23.8
152867,2-4-6,1651
152867,3-4-6,431.5
152867,4-3-6,955.4
152867,5-3-6,3110
152867,6-3-5,1651
152867,1-5-2,66.9
152867,2-5-1,1227
152867,3-5-1,655.7
152867,4-5-1,998.2
152867,5-4-1,1832
152867,6-4-1,852
152867,1-5-3,36.8
152867,2-5-3,1737
152867,3-5-2,1573
152867,4-5-2,1910
152867,5-4-2,3934
152867,6-4-2,1408
152867,1-5-4,104.2
152867,2-5-4,2786
152867,3-5-4,1555
152867,4-5-3,2157
152867,5-4-3,4180
152867,6-4-3,1938
152867,1-5-6,52.3
152867,2-5-6,2972
152867,3-5-6,1143
152867,4-5-6,1286
152867,5-4-6,2786
152867,6-4-5,1364
152867,1-6-2,30.6
152867,2-6-1,897.7
152867,3-6-1,214.7
152867,4-6-1,605.2
152867,5-6-1,1967
152867,6-5-1,1364
152867,1-6-3,21.9
152867,2-6-3,1502
152867,3-6-2,768.7
152867,4-6-2,1693
152867,5-6-2,3262
152867,6-5-2,2729
152867,1-6-4,55.8
152867,2-6-4,2907
152867,3-6-4,852
152867,4-6-3,1408
152867,5-6-3,2907
152867,6-5-3,2572
152867,1-6-5,70.7
152867,2-6-5,3262
152867,3-6-5,916.2
152867,4-6-5,1364
152867,5-6-4,3184
152867,6-5-4,3520
152868,1-2-3,18.2
152868,2-1-3,322.4
152868,3-1-2,250.6
152868,4-1-2,81.6
152868,5-1-2,1111
152868,6-1-2,151.1
152868,1-2-4,6.6
152868,2-1-4,143.3
152868,3-1-4,294.3
152868,4-1-3,202.3
152868,5-1-3,1124
152868,6-1-3,212.8
152868,1-2-5,44.3
152868,2-1-5,472.4
152868,3-1-5,749.8
152868,4-1-5,147.1
152868,5-1-4,670.1
152868,6-1-4,91.3
152868,1-2-6,11.1
152868,2-1-6,226.5
152868,3-1-6,390.4
152868,4-1-6,52.5
152868,5-1-6,964.1
152868,6-1-5,387.2
152868,1-3-2,32.7
152868,2-3-1,768.1
152868,3-2-1,874.8
152868,4-2-1,188.5
152868,5-2-1,1499
152868,6-2-1,412.6
152868,1-3-4,19.3
152868,2-3-4,843.6
152868,3-2-4,944.8
152868,4-2-3,1015
152868,5-2-3,3499
152868,6-2-3,1431
152868,1-3-5,86.3
152868,2-3-5,1294
152868,3-2-5,1657
152868,4-2-5,828.8
152868,5-2-4,1928
152868,6-2-4,665.3
152868,1-3-6,18.3
152868,2-3-6,1294
152868,3-2-6,1968
152868,4-2-6,268.4
152868,5-2-6,2624
152868,6-2-5,1717
152868,1-4-2,6.6
152868,2-4-1,328
152868,3-4-1,738.1
152868,4-3-1,694.7
152868,5-3-1,2699
152868,6-3-1,883
152868,1-4-3,17.1
152868,2-4-3,926.3
152868,3-4-2,1227
152868,4-3-2,1410
152868,5-3-2,4294
152868,6-3-2,2147
152868,1-4-5,38.2
152868,2-4-5,1389
152868,3-4-5,1889
152868,4-3-5,1601
152868,5-3-4,4724
152868,6-3-4,1410
152868,1-4-6,5.7
152868,2-4-6,601.8
152868,3-4-6,1073
152868,4-3-6,858.9
152868,5-3-6,4499
152868,6-3-5,3634
152868,1-5-2,163.4
152868,2-5-1,1138
152868,3-5-1,1601
152868,4-5-1,285.4
152868,5-4-1,836.1
152868,6-4-1,184.1
152868,1-5-3,196.8
152868,2-5-3,1782
152868,3-5-2,2147
152868,4-5-2,660.7
152868,5-4-2,2486
152868,6-4-2,477.2
152868,1-5-4,119.9
152868,2-5-4,1601
152868,3-5-4,3047
152868,4-5-3,1523
152868,5-4-3,5249
152868,6-4-3,866.8
152868,1-5-6,86.5
152868,2-5-6,1601
152868,3-5-6,2778
152868,4-5-6,271.5
152868,5-4-6,944.8
152868,6-4-5,705.1
152868,1-6-2,17.7
152868,2-6-1,625.7
152868,3-6-1,821.6
152868,4-6-1,85.2
152868,5-6-1,1369
152868,6-5-1,1259
152868,1-6-3,18.8
152868,2-6-3,1330
152868,3-6-2,1889
152868,4-6-2,222.3
152868,5-6-2,2778
152868,6-5-2,2099
152868,1-6-4,10.9
152868,2-6-4,836.1
152868,3-6-4,1523
152868,4-6-3,552.5
152868,5-6-3,4499
152868,6-5-3,4499
152868,1-6-5,48.2
152868,2-6-5,1389
152868,3-6-5,2952
152868,4-6-5,228.7
152868,5-6-4,1259
152868,6-5-4,1243
152869,1-2-3,17.5
152869,2-1-3,205.6
152869,3-1-2,150.3
152869,4-1-2,277.8
152869,5-1-2,29.7
152869,6-1-2,2359
152869,1-2-4,14.7
152869,2-1-4,225.3
152869,3-1-4,112
152869,4-1-3,244.7
152869,5-1-3,28.1
152869,6-1-3,3572
152869,1-2-5,8.4
152869,2-1-5,111.6
152869,3-1-5,59.6
152869,4-1-5,88.3
152869,5-1-4,37.1
152869,6-1-4,3789
152869,1-2-6,361.4
152869,2-1-6,1344
152869,3-1-6,1202
152869,4-1-6,1289
152869,5-1-6,209.4
152869,6-1-5,2605
152869,1-3-2,20.9
152869,2-3-1,466.6
152869,3-2-1,595.4
152869,4-2-1,727
152869,5-2-1,94.8
152869,6-2-1,3789
152869,1-3-4,17.2
152869,2-3-4,933.2
152869,3-2-4,722.8
152869,4-2-3,1344
152869,5-2-3,218.6
152869,6-2-3,5210
152869,1-3-5,8.1
152869,2-3-5,482.8
152869,3-2-5,525.4
152869,4-2-5,587
152869,5-2-4,239.1
152869,6-2-4,5210
152869,1-3-6,473.6
152869,2-3-6,3206
152869,3-2-6,3473
152869,4-2-6,1923
152869,5-2-6,757.8
152869,6-2-5,5954
152869,1-4-2,21.4
152869,2-4-1,598.3
152869,3-4-1,222.9
152869,4-3-1,400.8
152869,5-3-1,97.6
152869,6-3-1,5954
152869,1-4-3,28.1
152869,2-4-3,1302
152869,3-4-2,571
152869,4-3-2,1059
152869,5-3-2,225.7
152869,6-3-2,5954
152869,1-4-5,12.1
152869,2-4-5,786.4
152869,3-4-5,240.9
152869,4-3-5,387.1
152869,5-3-4,243.7
152869,6-3-4,7815
152869,1-4-6,622.1
152869,2-4-6,2660
152869,3-4-6,2049
152869,4-3-6,2778
152869,5-3-6,1078
152869,6-3-5,5954
152869,1-5-2,7.7
152869,2-5-1,184.7
152869,3-5-1,100.5
152869,4-5-1,94.4
152869,5-4-1,78.9
152869,6-4-1,5001
152869,1-5-3,8.5
152869,2-5-3,409.9
152869,3-5-2,321.4
152869,4-5-2,277.8
152869,5-4-2,213.3
152869,6-4-2,5436
152869,1-5-4,10.1
152869,2-5-4,504.2
152869,3-5-4,208.4
152869,4-5-3,263.8
152869,5-4-3,202.3
152869,6-4-3,7815
152869,1-5-6,134.6
152869,2-5-6,1761
152869,3-5-6,1050
152869,4-5-6,839.2
152869,5-4-6,573.6
152869,6-4-5,3379
152869,1-6-2,1000
152869,2-6-1,2500
152869,3-6-1,3677
152869,4-6-1,2233
152869,5-6-1,628.3
152869,6-5-1,3379
152869,1-6-3,1250
152869,2-6-3,5001
152869,3-6-2,3907
152869,4-6-2,2119
152869,5-6-2,1033
152869,6-5-2,5436
152869,1-6-4,926.2
152869,2-6-4,4312
152869,3-6-4,3907
152869,4-6-3,4809
152869,5-6-3,1316
152869,6-5-3,5210
152869,1-6-5,1008
152869,2-6-5,3677
152869,3-6-5,3290
152869,4-6-5,1645
152869,5-6-4,933.2
152869,6-5-4,3290
152870,1-2-3,11.3
152870,2-1-3,138.6
152870,3-1-2,138.3
152870,4-1-2,131.7
152870,5-1-2,272.5
152870,6-1-2,36
152870,1-2-4,6.6
152870,2-1-4,82.8
152870,3-1-4,113.9
152870,4-1-3,172.1
152870,5-1-3,410.6
152870,6-1-3,77.6
152870,1-2-5,19.8
152870,2-1-5,150.4
152870,3-1-5,284.8
152870,4-1-5,173.8
152870,5-1-4,288.5
152870,6-1-4,52.3
152870,1-2-6,11.5
152870,2-1-6,109.1
152870,3-1-6,199.7
152870,4-1-6,86.3
152870,5-1-6,194
152870,6-1-5,116
152870,1-3-2,25.4
152870,2-3-1,340.9
152870,3-2-1,382.2
152870,4-2-1,248.7
152870,5-2-1,477.2
152870,6-2-1,82.7
152870,1-3-4,15.6
152870,2-3-4,604.7
152870,3-2-4,513.3
152870,4-2-3,939.2
152870,5-2-3,882.9
152870,6-2-3,199.7
152870,1-3-5,39.5
152870,2-3-5,795.4
152870,3-2-5,825.1
152870,4-2-5,596.5
152870,5-2-4,939.2
152870,6-2-4,152.4
152870,1-3-6,23.5
152870,2-3-6,891.8
152870,3-2-6,891.8
152870,4-2-6,354.5
152870,5-2-6,608.9
152870,6-2-5,244.5
152870,1-4-2,14.8
152870,2-4-1,208.7
152870,3-4-1,317.6
152870,4-3-1,443.6
152870,5-3-1,939.2
152870,6-3-1,225.8
152870,1-4-3,16.8
152870,2-4-3,482.4
152870,3-4-2,700.7
152870,4-3-2,1161
152870,5-3-2,1401
152870,6-3-2,319.9
152870,1-4-5,36.1
152870,2-4-5,668.8
152870,3-4-5,874.1
152870,4-3-5,949.3
152870,5-3-4,1605
152870,6-3-4,347.6
152870,1-4-6,14.8
152870,2-4-6,288.5
152870,3-4-6,604.7
152870,4-3-6,654
152870,5-3-6,1131
152870,6-3-5,482.4
152870,1-5-2,64.2
152870,2-5-1,455.1
152870,3-5-1,654
152870,4-5-1,270
152870,5-4-1,545
152870,6-4-1,130.8
152870,1-5-3,75.3
152870,2-5-3,981
152870,3-5-2,1014
152870,4-5-2,673.9
152870,5-4-2,1038
152870,6-4-2,226.9
152870,1-5-4,64.4
152870,2-5-4,1003
152870,3-5-4,1209
152870,4-5-3,981
152870,5-4-3,1576
152870,6-4-3,358.9
152870,1-5-6,59.8
152870,2-5-6,1003
152870,3-5-6,1038
152870,4-5-6,347.6
152870,5-4-6,684.4
152870,6-4-5,369.4
152870,1-6-2,21.9
152870,2-6-1,218
152870,3-6-1,434.9
152870,4-6-1,120.2
152870,5-6-1,271.6
152870,6-5-1,238.6
152870,1-6-3,37.1
152870,2-6-3,825.1
152870,3-6-2,810
152870,4-6-2,308.7
152870,5-6-2,432.8
152870,6-5-2,374.1
152870,1-6-4,20.8
152870,2-6-4,424.4
152870,3-6-4,689.7
152870,4-6-3,448.1
152870,5-6-3,639.8
152870,6-5-3,428.6
152870,1-6-5,52
152870,2-6-5,825.1
152870,3-6-5,939.2
152870,4-6-5,323.4
152870,5-6-4,695.2
152870,6-5-4,424.4
152871,1-2-3,11.4
152871,2-1-3,152.6
152871,3-1-2,91.6
152871,4-1-2,165.7
152871,5-1-2,180.6
152871,6-1-2,273.8
152871,1-2-4,18.9
152871,2-1-4,192
152871,3-1-4,45.4
152871,4-1-3,132.7
152871,5-1-3,113.8
152871,6-1-3,250.6
152871,1-2-5,28.8
152871,2-1-5,235
152871,3-1-5,51.9
152871,4-1-5,87.1
152871,5-1-4,178.6
152871,6-1-4,304.8
152871,1-2-6,40
152871,2-1-6,414.4
152871,3-1-6,113
152871,4-1-6,134.2
152871,5-1-6,93.3
152871,6-1-5,192.8
152871,1-3-2,10.8
152871,2-3-1,341.1
152871,3-2-1,348.6
152871,4-2-1,360.6
152871,5-2-1,419.9
152871,6-2-1,974.1
152871,1-3-4,5.8
152871,2-3-4,559.1
152871,3-2-4,484.5
152871,4-2-3,899.9
152871,5-2-3,828.8
152871,6-2-3,1431
152871,1-3-5,11.2
152871,2-3-5,660.7
152871,3-2-5,502.6
152871,4-2-5,502.6
152871,5-2-4,984.3
152871,6-2-4,2249
152871,1-3-6,20.8
152871,2-3-6,1181
152871,3-2-6,814.6
152871,4-2-6,699.9
152871,5-2-6,749.9
152871,6-2-5,1928
152871,1-4-2,20.4
152871,2-4-1,533.8
152871,3-4-1,119.3
152871,4-3-1,215.7
152871,5-3-1,215.7
152871,6-3-1,598
152871,1-4-3,13.8
152871,2-4-3,807.6
152871,3-4-2,364.8
152871,4-3-2,625.7
152871,5-3-2,634.1
152871,6-3-2,1152
152871,1-4-5,18.1
152871,2-4-5,1312
152871,3-4-5,267.6
152871,4-3-5,347.4
152871,5-3-4,403.8
152871,6-3-4,974.1
152871,1-4-6,25.9
152871,2-4-6,1124
152871,3-4-6,398.7
152871,4-3-6,410.8
152871,5-3-6,356.5
152871,6-3-5,859
152871,1-5-2,41.6
152871,2-5-1,984.3
152871,3-5-1,186.3
152871,4-5-1,216.7
152871,5-4-1,353.9
152871,6-4-1,559.1
152871,1-5-3,25.8
152871,2-5-3,1086
152871,3-5-2,499.9
152871,4-5-2,421.8
152871,5-4-2,705.1
152871,6-4-2,1476
152871,1-5-4,34.4
152871,2-5-4,1852
152871,3-5-4,355.2
152871,4-5-3,524.9
152871,5-4-3,660.7
152871,6-4-3,1049
152871,1-5-6,36.3
152871,2-5-6,1524
152871,3-5-6,339.9
152871,4-5-6,260.3
152871,5-4-6,497.3
152871,6-4-5,1196
152871,1-6-2,57.9
152871,2-6-1,1027
152871,3-6-1,369.1
152871,4-6-1,348.6
152871,5-6-1,135.3
152871,6-5-1,277.9
152871,1-6-3,44.6
152871,2-6-3,1259
152871,3-6-2,954.4
152871,4-6-2,807.6
152871,5-6-2,427.5
152871,6-5-2,732.5
152871,1-6-4,51.2
152871,2-6-4,1601
152871,3-6-4,694.8
152871,4-6-3,749.9
152871,5-6-3,296.2
152871,6-5-3,605.7
152871,1-6-5,54
152871,2-6-5,1687
152871,3-6-5,565.8
152871,4-6-5,348.6
152871,5-6-4,395.3
152871,6-5-4,964.2
152872,1-2-3,6.4
152872,2-1-3,21.5
152872,3-1-2,26.3
152872,4-1-2,101.2
152872,5-1-2,313.7
152872,6-1-2,2920
152872,1-2-4,7.4
152872,2-1-4,38.9
152872,3-1-4,34.9
152872,4-1-3,143.2
152872,5-1-3,358.5
152872,6-1-3,2514
152872,1-2-5,20.8
152872,2-1-5,60
152872,3-1-5,42.6
152872,4-1-5,143
152872,5-1-4,471.4
152872,6-1-4,4210
152872,1-2-6,118
152872,2-1-6,350.1
152872,3-1-6,212.2
152872,4-1-6,611.6
152872,5-1-6,905.2
152872,6-1-5,4114
152872,1-3-2,8
152872,2-3-1,52.3
152872,3-2-1,55.8
152872,4-2-1,139.2
152872,5-2-1,435.2
152872,6-2-1,2785
152872,1-3-4,10.4
152872,2-3-4,111.2
152872,3-2-4,111.8
152872,4-2-3,203.4
152872,5-2-3,451.4
152872,6-2-3,2743
152872,1-3-5,16.7
152872,2-3-5,113.5
152872,3-2-5,110.8
152872,4-2-5,218.9
152872,5-2-4,777
152872,6-2-4,3233
152872,1-3-6,95.5
152872,2-3-6,489.3
152872,3-2-6,469
152872,4-2-6,900.7
152872,5-2-6,1521
152872,6-2-5,4642
152872,1-4-2,11.7
152872,2-4-1,120.8
152872,3-4-1,120.5
152872,4-3-1,218.9
152872,5-3-1,401.4
152872,6-3-1,2662
152872,1-4-3,15.9
152872,2-4-3,172.4
152872,3-4-2,156.7
152872,4-3-2,248.3
152872,5-3-2,390.1
152872,6-3-2,4526
152872,1-4-5,29.5
152872,2-4-5,264.6
152872,3-4-5,202.7
152872,4-3-5,314.3
152872,5-3-4,957.9
152872,6-3-4,4764
152872,1-4-6,178.7
152872,2-4-6,1065
152872,3-4-6,564
152872,4-3-6,1046
152872,5-3-6,1508
152872,6-3-5,4764
152872,1-5-2,54.3
152872,2-5-1,216
152872,3-5-1,156.2
152872,4-5-1,174.9
152872,5-4-1,493.3
152872,6-4-1,5172
152872,1-5-3,54.3
152872,2-5-3,245.6
152872,3-5-2,174.9
152872,4-5-2,204.8
152872,5-4-2,548.6
152872,6-4-2,3935
152872,1-5-4,71.7
152872,2-5-4,381.9
152872,3-5-4,256.8
152872,4-5-3,340.9
152872,5-4-3,947.9
152872,6-4-3,5840
152872,1-5-6,302.7
152872,2-5-6,854
152872,3-5-6,496
152872,4-5-6,642
152872,5-4-6,1302
152872,6-4-5,5172
152872,1-6-2,609.5
152872,2-6-1,1708
152872,3-6-1,794
152872,4-6-1,1534
152872,5-6-1,1905
152872,6-5-1,4764
152872,1-6-3,582.1
152872,2-6-3,1708
152872,3-6-2,914.3
152872,4-6-2,1448
152872,5-6-2,2321
152872,6-5-2,4114
152872,1-6-4,617.9
152872,2-6-4,1757
152872,3-6-4,1382
152872,4-6-3,2207
152872,5-6-3,2235
152872,6-5-3,4642
152872,1-6-5,699
152872,2-6-5,1989
152872,3-6-5,1207
152872,4-6-5,1740
152872,5-6-4,2235
152872,6-5-4,5325
152873,1-2-3,5.7
152873,2-1-3,21
152873,3-1-2,47.7
152873,4-1-2,163.7
152873,5-1-2,78.9
152873,6-1-2,983.7
152873,1-2-4,14.5
152873,2-1-4,31.6
152873,3-1-4,75.9
152873,4-1-3,265.9
152873,5-1-3,124.9
152873,6-1-3,1967
152873,1-2-5,8.1
152873,2-1-5,33.7
152873,3-1-5,46.1
152873,4-1-5,184.4
152873,5-1-4,182
152873,6-1-4,1822
152873,1-2-6,43.7
152873,2-1-6,88.7
152873,3-1-6,179.3
152873,4-1-6,450.7
152873,5-1-6,140.5
152873,6-1-5,1137
152873,1-3-2,9.2
152873,2-3-1,84.7
152873,3-2-1,99.9
152873,4-2-1,216.7
152873,5-2-1,140.8
152873,6-2-1,1493
152873,1-3-4,21.9
152873,2-3-4,198
152873,3-2-4,225.7
152873,4-2-3,402.4
152873,5-2-3,430.4
152873,6-2-3,2253
152873,1-3-5,10.7
152873,2-3-5,212.9
152873,3-2-5,175.3
152873,4-2-5,359.2
152873,5-2-4,372.2
152873,6-2-4,2479
152873,1-3-6,56
152873,2-3-6,486.1
152873,3-2-6,457.4
152873,4-2-6,543.6
152873,5-2-6,405
152873,6-2-5,1967
152873,1-4-2,31.4
152873,2-4-1,146.1
152873,3-4-1,281
152873,4-3-1,488
152873,5-3-1,314.6
152873,6-3-1,2817
152873,1-4-3,47.5
152873,2-4-3,271.2
152873,3-4-2,376.7
152873,4-3-2,558.3
152873,5-3-2,516.4
152873,6-3-2,3443
152873,1-4-5,39.6
152873,2-4-5,261.5
152873,3-4-5,310.6
152873,4-3-5,662.8
152873,5-3-4,684.8
152873,6-3-4,3756
152873,1-4-6,107.7
152873,2-4-6,576.5
152873,3-4-6,720.6
152873,4-3-6,1087
152873,5-3-6,837.5
152873,6-3-5,2817
152873,1-5-2,17
152873,2-5-1,160.7
152873,3-5-1,128.3
152873,4-5-1,269.4
152873,5-4-1,284.3
152873,6-4-1,3443
152873,1-5-3,22.4
152873,2-5-3,306.8
152873,3-5-2,182.5
152873,4-5-2,305.3
152873,5-4-2,352.1
152873,6-4-2,3261
152873,1-5-4,47.4
152873,2-5-4,333.2
152873,3-5-4,337.7
152873,4-5-3,497.8
152873,5-4-3,626
152873,6-4-3,3998
152873,1-5-6,43.8
152873,2-5-6,571.2
152873,3-5-6,444.2
152873,4-5-6,445.8
152873,5-4-6,491.8
152873,6-4-5,3178
152873,1-6-2,147.2
152873,2-6-1,652.3
152873,3-6-1,999.6
152873,4-6-1,999.6
152873,5-6-1,386.1
152873,6-5-1,1068
152873,1-6-3,213.7
152873,2-6-3,1377
152873,3-6-2,1318
152873,4-6-2,1180
152873,5-6-2,523
152873,6-5-2,1721
152873,1-6-4,236.1
152873,2-6-4,1589
152873,3-6-4,1675
152873,4-6-3,2213
152873,5-6-3,918.1
152873,6-5-3,2032
152873,1-6-5,171.4
152873,2-6-5,1169
152873,3-6-5,1408
152873,4-6-5,1147
152873,5-6-4,831.9
152873,6-5-4,2295
152874,1-2-3,10.4
152874,2-1-3,101.8
152874,3-1-2,110.4
152874,4-1-2,61.3
152874,5-1-2,228.8
152874,6-1-2,1398
152874,1-2-4,5.6
152874,2-1-4,59.4
152874,3-1-4,71.6
152874,4-1-3,101
152874,5-1-3,389.6
152874,6-1-3,2182
152874,1-2-5,13.9
152874,2-1-5,95.9
152874,3-1-5,112.4
152874,4-1-5,57.6
152874,5-1-4,192.6
152874,6-1-4,1592
152874,1-2-6,43.9
152874,2-1-6,256
152874,3-1-6,191.7
152874,4-1-6,145.9
152874,5-1-6,378.6
152874,6-1-5,2049
152874,1-3-2,16.1
152874,2-3-1,328.2
152874,3-2-1,342.8
152874,4-2-1,166.5
152874,5-2-1,471.4
152874,6-2-1,2481
152874,1-3-4,10.5
152874,2-3-4,609.8
152874,3-2-4,508.5
152874,4-2-3,489.5
152874,5-2-3,1267
152874,6-2-3,3741
152874,1-3-5,26.5
152874,2-3-5,829.9
152874,3-2-5,734.3
152874,4-2-5,258
152874,5-2-4,565.9
152874,6-2-4,3416
152874,1-3-6,56.1
152874,2-3-6,1411
152874,3-2-6,1152
152874,4-2-6,501.5
152874,5-2-6,1149
152874,6-2-5,3626
152874,1-4-2,7.2
152874,2-4-1,161.3
152874,3-4-1,163.1
152874,4-3-1,252.7
152874,5-3-1,805.8
152874,6-3-1,3416
152874,1-4-3,9.3
152874,2-4-3,534.5
152874,3-4-2,316.3
152874,4-3-2,502
152874,5-3-2,1374
152874,6-3-2,4910
152874,1-4-5,12.5
152874,2-4-5,360.4
152874,3-4-5,259.1
152874,4-3-5,429.7
152874,5-3-4,1320
152874,6-3-4,3928
152874,1-4-6,33
152874,2-4-6,824.1
152874,3-4-6,378
152874,4-3-6,530.8
152874,5-3-6,1714
152874,6-3-5,4761
152874,1-5-2,31.1
152874,2-5-1,391.5
152874,3-5-1,457.2
152874,4-5-1,115.6
152874,5-4-1,282.2
152874,6-4-1,2310
152874,1-5-3,45.6
152874,2-5-3,974
152874,3-5-2,828.5
152874,4-5-2,207.8
152874,5-4-2,430.9
152874,6-4-2,3343
152874,1-5-4,31.4
152874,2-5-4,567.3
152874,3-5-4,586.3
152874,4-5-3,417.1
152874,5-4-3,819.8
152874,6-4-3,3626
152874,1-5-6,77.6
152874,2-5-6,1295
152874,3-5-6,1064
152874,4-5-6,247.3
152874,5-4-6,505.8
152874,6-4-5,2521
152874,1-6-2,172.4
152874,2-6-1,1592
152874,3-6-1,1122
152874,4-6-1,527.9
152874,5-6-1,1133
152874,6-5-1,3207
152874,1-6-3,211.5
152874,2-6-3,2725
152874,3-6-2,1792
152874,4-6-2,787
152874,5-6-2,2049
152874,6-5-2,4325
152874,1-6-4,141
152874,2-6-4,2142
152874,3-6-4,1178
152874,4-6-3,1029
152874,5-6-3,1940
152874,6-5-3,5238
152874,1-6-5,205.7
152874,2-6-5,2442
152874,3-6-5,1561
152874,4-6-5,631.9
152874,5-6-4,1370
152874,6-5-4,2548
152935,1-2-3,3.7
152935,2-1-3,26
152935,3-1-2,36.4
152935,4-1-2,434.6
152935,5-1-2,171.4
152935,6-1-2,543.6
152935,1-2-4,18.1
152935,2-1-4,77.3
152935,3-1-4,112.6
152935,4-1-3,543.6
152935,5-1-3,172.2
152935,6-1-3,624.4
152935,1-2-5,8.8
152935,2-1-5,49.5
152935,3-1-5,59.6
152935,4-1-5,631.4
152935,5-1-4,713.5
152935,6-1-4,1112
152935,1-2-6,38.2
152935,2-1-6,134.2
152935,3-1-6,185.7
152935,4-1-6,905.1
152935,5-1-6,544.5
152935,6-1-5,937.5
152935,1-3-2,4.5
152935,2-3-1,52
152935,3-2-1,77.7
152935,4-2-1,595
152935,5-2-1,311
152935,6-2-1,850.8
152935,1-3-4,20.7
152935,2-3-4,169.4
152935,3-2-4,276.9
152935,4-2-3,797
152935,5-2-3,524.4
152935,6-2-3,1329
152935,1-3-5,9.3
152935,2-3-5,123.1
152935,3-2-5,178.1
152935,4-2-5,1157
152935,5-2-4,1519
152935,6-2-4,1242
152935,1-3-6,40.3
152935,2-3-6,260.7
152935,3-2-6,406.6
152935,4-2-6,818.1
152935,5-2-6,1181
152935,6-2-5,2025
152935,1-4-2,64.5
152935,2-4-1,224.9
152935,3-4-1,415
152935,4-3-1,1083
152935,5-3-1,346.2
152935,6-3-1,1309
152935,1-4-3,74.6
152935,2-4-3,282.4
152935,3-4-2,561.6
152935,4-3-2,1066
152935,5-3-2,621
152935,6-3-2,1859
152935,1-4-5,104.2
152935,2-4-5,395.7
152935,3-4-5,814.2
152935,4-3-5,2363
152935,5-3-4,2025
152935,6-3-4,3659
152935,1-4-6,190.2
152935,2-4-6,302.5
152935,3-4-6,1265
152935,4-3-6,2638
152935,5-3-6,1612
152935,6-3-5,3620
152935,1-5-2,23.2
152935,2-5-1,196.1
152935,3-5-1,209.6
152935,4-5-1,1003
152935,5-4-1,1684
152935,6-4-1,2539
152935,1-5-3,27
152935,2-5-3,310.5
152935,3-5-2,353.7
152935,4-5-2,1324
152935,5-4-2,2413
152935,6-4-2,1424
152935,1-5-4,125.6
152935,2-5-4,675.2
152935,3-5-4,761.3
152935,4-5-3,2002
152935,5-4-3,2638
152935,6-4-3,3369
152935,1-5-6,124.1
152935,2-5-6,704.6
152935,3-5-6,897.9
152935,4-5-6,1324
152935,5-4-6,2363
152935,6-4-5,3699
152935,1-6-2,161
152935,2-6-1,518.8
152935,3-6-1,830
152935,4-6-1,1955
152935,5-6-1,1350
152935,6-5-1,2087
152935,1-6-3,170.8
152935,2-6-3,773.5
152935,3-6-2,1289
152935,4-6-2,1265
152935,5-6-2,1772
152935,6-5-2,2860
152935,1-6-4,386.7
152935,2-6-4,618.8
152935,3-6-4,2331
152935,4-6-3,3180
152935,5-6-3,2253
152935,6-5-3,3508
152935,1-6-5,269
152935,2-6-5,1003
152935,3-6-5,1442
152935,4-6-5,2315
152935,5-6-4,2789
152935,6-5-4,3545
152936,1-2-3,18.8
152936,2-1-3,116.9
152936,3-1-2,84.2
152936,4-1-2,12.3
152936,5-1-2,736.8
152936,6-1-2,2465
152936,1-2-4,8.3
152936,2-1-4,46.2
152936,3-1-4,38.1
152936,4-1-3,19.1
152936,5-1-3,858.3
152936,6-1-3,2927
152936,1-2-5,72.9
152936,2-1-5,237.4
152936,3-1-5,270.7
152936,4-1-5,21.3
152936,5-1-4,388.5
152936,6-1-4,1576
152936,1-2-6,248.9
152936,2-1-6,712.8
152936,3-1-6,771.5
152936,4-1-6,74.4
152936,5-1-6,1791
152936,6-1-5,3451
152936,1-3-2,16
152936,2-3-1,286.8
152936,3-2-1,220.3
152936,4-2-1,34
152936,5-2-1,1419
152936,6-2-1,3726
152936,1-3-4,9.6
152936,2-3-4,290.6
152936,3-2-4,188.8
152936,4-2-3,88.7
152936,5-2-3,2075
152936,6-2-3,5204
152936,1-3-5,61.3
152936,2-3-5,845.1
152936,3-2-5,905.8
152936,4-2-5,92.6
152936,5-2-4,1188
152936,6-2-4,2541
152936,1-3-6,225.3
152936,2-3-6,1906
152936,3-2-6,1734
152936,4-2-6,275.7
152936,5-2-6,3380
152936,6-2-5,4752
152936,1-4-2,5.3
152936,2-4-1,63.6
152936,3-4-1,66.8
152936,4-3-1,59.6
152936,5-3-1,1842
152936,6-3-1,4258
152936,1-4-3,7.1
152936,2-4-3,161.6
152936,3-4-2,132.1
152936,4-3-2,125.7
152936,5-3-2,2826
152936,6-3-2,5044
152936,1-4-5,17
152936,2-4-5,255.7
152936,3-4-5,314
152936,4-3-5,181.4
152936,5-3-4,2200
152936,6-3-4,4098
152936,1-4-6,62.7
152936,2-4-6,617.5
152936,3-4-6,862.8
152936,4-3-6,456.6
152936,5-3-6,5123
152936,6-3-5,6429
152936,1-5-2,153.8
152936,2-5-1,741.8
152936,3-5-1,923.6
152936,4-5-1,43.4
152936,5-4-1,426.3
152936,6-4-1,1707
152936,1-5-3,187.9
152936,2-5-3,1338
152936,3-5-2,1539
152936,4-5-2,87.1
152936,5-4-2,819.7
152936,6-4-2,2901
152936,1-5-4,100.6
152936,2-5-4,755.5
152936,3-5-4,1040
152936,4-5-3,143.6
152936,5-4-3,1270
152936,6-4-3,3643
152936,1-5-6,541.9
152936,2-5-6,2644
152936,3-5-6,2602
152936,4-5-6,158.9
152936,5-4-6,1275
152936,6-4-5,2927
152936,1-6-2,696.1
152936,2-6-1,2465
152936,3-6-1,3415
152936,4-6-1,250.4
152936,5-6-1,4150
152936,6-5-1,4618
152936,1-6-3,903.3
152936,2-6-3,2876
152936,3-6-2,4314
152936,4-6-2,457.3
152936,5-6-2,4894
152936,6-5-2,5557
152936,1-6-4,408.8
152936,2-6-4,2075
152936,3-6-4,2732
152936,4-6-3,678.8
152936,5-6-3,5204
152936,6-5-3,5961
152936,1-6-5,1162
152936,2-6-5,4203
152936,3-6-5,4314
152936,4-6-5,429.7
152936,5-6-4,3008
152936,6-5-4,3726
152937,1-2-3,15.7
152937,2-1-3,152.9
152937,3-1-2,45.8
152937,4-1-2,316.4
152937,5-1-2,29.8
152937,6-1-2,4842
152937,1-2-4,49.9
152937,2-1-4,336.4
152937,3-1-4,72.6
152937,4-1-3,262.2
152937,5-1-3,19.5
152937,6-1-3,6187
152937,1-2-5,12.1
152937,2-1-5,99.8
152937,3-1-5,20.1
152937,4-1-5,125.3
152937,5-1-4,61.5
152937,6-1-4,7263
152937,1-2-6,503.2
152937,2-1-6,1583
152937,3-1-6,467.9
152937,4-1-6,1102
152937,5-1-6,194.2
152937,6-1-5,4125
152937,1-3-2,11.5
152937,2-3-1,258.4
152937,3-2-1,130.7
152937,4-2-1,755.9
152937,5-2-1,107.1
152937,6-2-1,8793
152937,1-3-4,26.1
152937,2-3-4,750.8
152937,3-2-4,391.7
152937,4-2-3,1180
152937,5-2-3,132.9
152937,6-2-3,8567
152937,1-3-5,5.5
152937,2-3-5,289.2
152937,3-2-5,117.2
152937,4-2-5,511.6
152937,5-2-4,295.4
152937,6-2-4,7594
152937,1-3-6,247.3
152937,2-3-6,2956
152937,3-2-6,2257
152937,4-2-6,2212
152937,5-2-6,825
152937,6-2-5,5569
152937,1-4-2,70.9
152937,2-4-1,735.9
152937,3-4-1,163.5
152937,4-3-1,428.3
152937,5-3-1,34.5
152937,6-3-1,6682
152937,1-4-3,60.7
152937,2-4-3,1251
152937,3-4-2,354.7
152937,4-3-2,935.9
152937,5-3-2,78.3
152937,6-3-2,6551
152937,1-4-5,41.7
152937,2-4-5,960.1
152937,3-4-5,144.3
152937,4-3-5,325.6
152937,5-3-4,129.4
152937,6-3-4,7594
152937,1-4-6,532.9
152937,2-4-6,3631
152937,3-4-6,1465
152937,4-3-6,2114
152937,5-3-6,444.3
152937,6-3-5,6075
152937,1-5-2,9.1
152937,2-5-1,201.7
152937,3-5-1,31
152937,4-5-1,123.1
152937,5-4-1,126.1
152937,6-4-1,6961
152937,1-5-3,6.3
152937,2-5-3,305.1
152937,3-5-2,74.7
152937,4-5-2,258
152937,5-4-2,277.9
152937,6-4-2,7594
152937,1-5-4,24.1
152937,2-5-4,683.3
152937,3-5-4,84.7
152937,4-5-3,206.8
152937,5-4-3,195.9
152937,6-4-3,7770
152937,1-5-6,126.5
152937,2-5-6,2075
152937,3-5-6,494.2
152937,4-5-6,455.8
152937,5-4-6,472.6
152937,6-4-5,6961
152937,1-6-2,1018
152937,2-6-1,6304
152937,3-6-1,2651
152937,4-6-1,2738
152937,5-6-1,729.5
152937,6-5-1,3480
152937,1-6-3,941.2
152937,2-6-3,5477
152937,3-6-2,3409
152937,4-6-2,2956
152937,5-6-2,1280
152937,6-5-2,5303
152937,1-6-4,1505
152937,2-6-4,4842
152937,3-6-4,3244
152937,4-6-3,4074
152937,5-6-3,1031
152937,6-5-3,4577
152937,1-6-5,925.5
152937,2-6-5,4842
152937,3-6-5,2273
152937,4-6-5,2000
152937,5-6-4,1144
152937,6-5-4,4773
152938,1-2-3,9
152938,2-1-3,264.4
152938,3-1-2,64.7
152938,4-1-2,1030
152938,5-1-2,351.9
152938,6-1-2,684.3
152938,1-2-4,28.8
152938,2-1-4,648.2
152938,3-1-4,58.6
152938,4-1-3,552.1
152938,5-1-3,146.8
152938,6-1-3,370.7
152938,1-2-5,21
152938,2-1-5,535.3
152938,3-1-5,32.4
152938,4-1-5,667
152938,5-1-4,499.1
152938,6-1-4,1156
152938,1-2-6,44
152938,2-1-6,904
152938,3-1-6,62.1
152938,4-1-6,1036
152938,5-1-6,295
152938,6-1-5,654
152938,1-3-2,5.5
152938,2-3-1,445.4
152938,3-2-1,259
152938,4-2-1,2262
152938,5-2-1,1213
152938,6-2-1,1654
152938,1-3-4,7
152938,2-3-4,1481
152938,3-2-4,702.6
152938,4-2-3,4098
152938,5-2-3,1872
152938,6-2-3,2837
152938,1-3-5,4.4
152938,2-3-5,1632
152938,3-2-5,520.2
152938,4-2-5,3323
152938,5-2-4,2998
152938,6-2-4,3842
152938,1-3-6,11
152938,2-3-6,2794
152938,3-2-6,1063
152938,4-2-6,4098
152938,5-2-6,2459
152938,6-2-5,3152
152938,1-4-2,56.2
152938,2-4-1,1911
152938,3-4-1,242
152938,4-3-1,807.1
152938,5-3-1,252.4
152938,6-3-1,576.3
152938,1-4-3,30.2
152938,2-4-3,2927
152938,3-4-2,703.9
152938,4-3-2,3073
152938,5-3-2,1271
152938,6-3-2,2459
152938,1-4-5,51.7
152938,2-4-5,3152
152938,3-4-5,404.9
152938,4-3-5,2015
152938,5-3-4,1493
152938,6-3-4,2653
152938,1-4-6,73.8
152938,2-4-6,3513
152938,3-4-6,588.3
152938,4-3-6,1739
152938,5-3-6,827
152938,6-3-5,1707
152938,1-5-2,27.3
152938,2-5-1,1317
152938,3-5-1,117.2
152938,4-5-1,1371
152938,5-4-1,1583
152938,6-4-1,3125
152938,1-5-3,14.7
152938,2-5-3,2026
152938,3-5-2,409.3
152938,4-5-2,3447
152938,5-4-2,4239
152938,6-4-2,5674
152938,1-5-4,56.4
152938,2-5-4,3073
152938,3-5-4,423
152938,4-5-3,2815
152938,5-4-3,2927
152938,6-4-3,4444
152938,1-5-6,39.4
152938,2-5-6,3842
152938,3-5-6,314.1
152938,4-5-6,2459
152938,5-4-6,2672
152938,6-4-5,5763
152938,1-6-2,79.7
152938,2-6-1,2653
152938,3-6-1,299.6
152938,4-6-1,2410
152938,5-6-1,746.6
152938,6-5-1,1341
152938,1-6-3,44.3
152938,2-6-3,3688
152938,3-6-2,1280
152938,4-6-2,4444
152938,5-6-2,3023
152938,6-5-2,4191
152938,1-6-4,138
152938,2-6-4,4610
152938,3-6-4,1033
152938,4-6-3,3479
152938,5-6-3,1225
152938,6-5-3,1781
152938,1-6-5,72.9
152938,2-6-5,4144
152938,3-6-5,603.7
152938,4-6-5,3725
152938,5-6-4,3235
152938,6-5-4,4553
152939,1-2-3,9.1
152939,2-1-3,117.4
152939,3-1-2,40.7
152939,4-1-2,830.2
152939,5-1-2,917.6
152939,6-1-2,49.2
152939,1-2-4,31.4
152939,2-1-4,357.4
152939,3-1-4,56.1
152939,4-1-3,546.3
152939,5-1-3,535.6
152939,6-1-3,30.2
152939,1-2-5,41.3
152939,2-1-5,453.3
152939,3-1-5,68.1
152939,4-1-5,761
152939,5-1-4,1124
152939,6-1-4,119.6
152939,1-2-6,13.9
152939,2-1-6,152.6
152939,3-1-6,19.8
152939,4-1-6,447
152939,5-1-6,476.4
152939,6-1-5,143.2
152939,1-3-2,7.8
152939,2-3-1,228.9
152939,3-2-1,137.8
152939,4-2-1,1571
152939,5-2-1,1751
152939,6-2-1,139.8
152939,1-3-4,15.9
152939,2-3-4,765.5
152939,3-2-4,409.7
152939,4-2-3,2062
152939,5-2-3,2296
152939,6-2-3,180.9
152939,1-3-5,20.8
152939,2-3-5,1028
152939,3-2-5,481.2
152939,4-2-5,2645
152939,5-2-4,3068
152939,6-2-4,437.8
152939,1-3-6,5.8
152939,2-3-6,423.3
152939,3-2-6,190.4
152939,4-2-6,1704
152939,5-2-6,2029
152939,6-2-5,598.3
152939,1-4-2,71.1
152939,2-4-1,1039
152939,3-4-1,177.9
152939,4-3-1,672.9
152939,5-3-1,687.3
152939,6-3-1,51.6
152939,1-4-3,54.2
152939,2-4-3,1364
152939,3-4-2,431.4
152939,4-3-2,1759
152939,5-3-2,1646
152939,6-3-2,122.4
152939,1-4-5,113.3
152939,2-4-5,2243
152939,3-4-5,356.7
152939,4-3-5,1522
152939,5-3-4,2269
152939,6-3-4,212
152939,1-4-6,53
152939,2-4-6,1313
152939,3-4-6,174.1
152939,4-3-6,715.5
152939,5-3-6,1039
152939,6-3-5,251.8
152939,1-5-2,132.7
152939,2-5-1,1571
152939,3-5-1,240.9
152939,4-5-1,1374
152939,5-4-1,1546
152939,6-4-1,392.1
152939,1-5-3,89.5
152939,2-5-3,1889
152939,3-5-2,621.6
152939,4-5-2,2506
152939,5-4-2,3093
152939,6-4-2,683.7
152939,1-5-4,193.5
152939,2-5-4,2996
152939,3-5-4,555.8
152939,4-5-3,2130
152939,5-4-3,2682
152939,6-4-3,497.4
152939,1-5-6,89.1
152939,2-5-6,2229
152939,3-5-6,255.8
152939,4-5-6,1399
152939,5-4-6,2119
152939,6-4-5,973.5
152939,1-6-2,18.4
152939,2-6-1,346.4
152939,3-6-1,42.3
152939,4-6-1,696.1
152939,5-6-1,665.9
152939,6-5-1,417.8
152939,1-6-3,11.2
152939,2-6-3,559.9
152939,3-6-2,115
152939,4-6-2,1492
152939,5-6-2,1689
152939,6-5-2,947
152939,1-6-4,46.6
152939,2-6-4,1257
152939,3-6-4,149.7
152939,4-6-3,1004
152939,5-6-3,1080
152939,6-5-3,603
152939,1-6-5,55.4
152939,2-6-5,1792
152939,3-6-5,167.2
152939,4-6-5,1504
152939,5-6-4,2040
152939,6-5-4,1108
152940,1-2-3,100.7
152940,2-1-3,658.6
152940,3-1-2,1029
152940,4-1-2,59.7
152940,5-1-2,431.1
152940,6-1-2,182.7
152940,1-2-4,24.8
152940,2-1-4,245.7
152940,3-1-4,545.3
152940,4-1-3,158.3
152940,5-1-3,777.1
152940,6-1-3,352.8
152940,1-2-5,62.7
152940,2-1-5,555.1
152940,3-1-5,959.4
152940,4-1-5,24.9
152940,5-1-4,133.2
152940,6-1-4,45.6
152940,1-2-6,31.5
152940,2-1-6,270.7
152940,3-1-6,734.9
152940,4-1-6,12.2
152940,5-1-6,111
152940,6-1-5,112.7
152940,1-3-2,148.6
152940,2-3-1,1039
152940,3-2-1,1375
152940,4-2-1,158.4
152940,5-2-1,977.5
152940,6-2-1,436.6
152940,1-3-4,89.4
152940,2-3-4,1098
152940,3-2-4,1295
152940,4-2-3,658.6
152940,5-2-3,1967
152940,6-2-3,1086
152940,1-3-5,139.4
152940,2-3-5,1459
152940,3-2-5,1387
152940,4-2-5,215.7
152940,5-2-4,741.9
152940,6-2-4,353.6
152940,1-3-6,92.9
152940,2-3-6,1274
152940,3-2-6,1776
152940,4-2-6,109.8
152940,5-2-6,675.8
152940,6-2-5,767.5
152940,1-4-2,21.2
152940,2-4-1,321.8
152940,3-4-1,933.5
152940,4-3-1,552.1
152940,5-3-1,1538
152940,6-3-1,959.4
152940,1-4-3,66.3
152940,2-4-3,1126
152940,3-4-2,1653
152940,4-3-2,965.4
152940,5-3-2,2409
152940,6-3-2,1554
152940,1-4-5,17
152940,2-4-5,561.1
152940,3-4-5,1284
152940,4-3-5,706.5
152940,5-3-4,1509
152940,6-3-4,635.7
152940,1-4-6,6.8
152940,2-4-6,273.4
152940,3-4-6,643.6
152940,4-3-6,265.9
152940,5-3-6,1094
152940,6-3-5,1155
152940,1-5-2,104.2
152940,2-5-1,1134
152940,3-5-1,1480
152940,4-5-1,30.8
152940,5-4-1,105.8
152940,6-4-1,40
152940,1-5-3,186.4
152940,2-5-3,1980
152940,3-5-2,2319
152940,4-5-2,107.9
152940,5-4-2,354.4
152940,6-4-2,144.5
152940,1-5-4,48.1
152940,2-5-4,959.4
152940,3-5-4,1839
152940,4-5-3,314.6
152940,5-4-3,854
152940,6-4-3,333.9
152940,1-5-6,36.4
152940,2-5-6,947.7
152940,3-5-6,1419
152940,4-5-6,16.2
152940,5-4-6,60.8
152940,6-4-5,60.2
152940,1-6-2,32.5
152940,2-6-1,520.7
152940,3-6-1,1012
152940,4-6-1,12.8
152940,5-6-1,104.7
152940,6-5-1,179.9
152940,1-6-3,66.5
152940,2-6-3,1494
152940,3-6-2,2031
152940,4-6-2,47.7
152940,5-6-2,340.4
152940,6-5-2,582.1
152940,1-6-4,12.4
152940,2-6-4,413.9
152940,3-6-4,745.5
152940,4-6-3,114.8
152940,5-6-3,646.3
152940,6-5-3,833.4
152940,1-6-5,30.8
152940,2-6-5,906.3
152940,3-6-5,1186
152940,4-6-5,14.7
152940,5-6-4,81.4
152940,6-5-4,101.1
152941,1-2-3,7.4
152941,2-1-3,11.2
152941,3-1-2,35.9
152941,4-1-2,102.4
152941,5-1-2,209.3
152941,6-1-2,658
152941,1-2-4,11.1
152941,2-1-4,16.2
152941,3-1-4,48.1
152941,4-1-3,162.5
152941,5-1-3,229.3
152941,6-1-3,1085
152941,1-2-5,54.1
152941,2-1-5,56
152941,3-1-5,102
152941,4-1-5,218.8
152941,5-1-4,439
152941,6-1-4,1077
152941,1-2-6,47.2
152941,2-1-6,56.4
152941,3-1-6,118.3
152941,4-1-6,247.4
152941,5-1-6,462.3
152941,6-1-5,1904
152941,1-3-2,11.8
152941,2-3-1,22.8
152941,3-2-1,39.9
152941,4-2-1,102.9
152941,5-2-1,285.2
152941,6-2-1,879.4
152941,1-3-4,18.5
152941,2-3-4,23.1
152941,3-2-4,42.3
152941,4-2-3,128.4
152941,5-2-3,303.9
152941,6-2-3,764.8
152941,1-3-5,57.4
152941,2-3-5,70.2
152941,3-2-5,98.2
152941,4-2-5,217.6
152941,5-2-4,367.7
152941,6-2-4,653.5
152941,1-3-6,62.8
152941,2-3-6,56.6
152941,3-2-6,101.4
152941,4-2-6,172.2
152941,5-2-6,590.5
152941,6-2-5,1808
152941,1-4-2,29
152941,2-4-1,31.3
152941,3-4-1,73.4
152941,4-3-1,198.1
152941,5-3-1,332.4
152941,6-3-1,1430
152941,1-4-3,39.5
152941,2-4-3,35.8
152941,3-4-2,64.8
152941,4-3-2,169.4
152941,5-3-2,329.7
152941,6-3-2,901.5
152941,1-4-5,111.3
152941,2-4-5,92.3
152941,3-4-5,144.8
152941,4-3-5,476.1
152941,5-3-4,513.5
152941,6-3-4,1343
152941,1-4-6,89.9
152941,2-4-6,62.5
152941,3-4-6,136.9
152941,4-3-6,341.5
152941,5-3-6,807.8
152941,6-3-5,2246
152941,1-5-2,122.3
152941,2-5-1,137.1
152941,3-5-1,210.8
152941,4-5-1,399.9
152941,5-4-1,607.9
152941,6-4-1,1482
152941,1-5-3,141.9
152941,2-5-3,152.1
152941,3-5-2,188
152941,4-5-2,419.2
152941,5-4-2,646.2
152941,6-4-2,713.5
152941,1-5-4,193.5
152941,2-5-4,237
152941,3-5-4,269.5
152941,4-5-3,741.1
152941,5-4-3,1030
152941,6-4-3,1691
152941,1-5-6,250.5
152941,2-5-6,346.8
152941,3-5-6,312.2
152941,4-5-6,451.4
152941,5-4-6,724.3
152941,6-4-5,2246
152941,1-6-2,223.4
152941,2-6-1,225.1
152941,3-6-1,407.9
152941,4-6-1,491.5
152941,5-6-1,1077
152941,6-5-1,2357
152941,1-6-3,300.5
152941,2-6-3,209.1
152941,3-6-2,291.6
152941,4-6-2,359.9
152941,5-6-2,927.6
152941,6-5-2,1983
152941,1-6-4,297.3
152941,2-6-4,193
152941,3-6-4,406.1
152941,4-6-3,625.1
152941,5-6-3,1118
152941,6-5-3,2437
152941,1-6-5,407.3
152941,2-6-5,492.4
152941,3-6-5,419.2
152941,4-6-5,606.7
152941,5-6-4,1319
152941,6-5-4,2457
152942,1-2-3,193.2
152942,2-1-3,575.9
152942,3-1-2,329.6
152942,4-1-2,203.1
152942,5-1-2,1652
152942,6-1-2,137.6
152942,1-2-4,189.2
152942,2-1-4,546
152942,3-1-4,67.7
152942,4-1-3,85.3
152942,5-1-3,1001
152942,6-1-3,60.9
152942,1-2-5,474.1
152942,2-1-5,1112
152942,3-1-5,212.1
152942,4-1-5,137.5
152942,5-1-4,775.4
152942,6-1-4,43.7
152942,1-2-6,196.8
152942,2-1-6,500.5
152942,3-1-6,55.4
152942,4-1-6,36.8
152942,5-1-6,575
152942,6-1-5,166.1
152942,1-3-2,205
152942,2-3-1,713.9
152942,3-2-1,565.6
152942,4-2-1,421.3
152942,5-2-1,2113
152942,6-2-1,255.1
152942,1-3-4,51
152942,2-3-4,456.4
152942,3-2-4,363.1
152942,4-2-3,392.1
152942,5-2-3,1901
152942,6-2-3,262.5
152942,1-3-5,172.1
152942,2-3-5,960.4
152942,3-2-5,581.2
152942,4-2-5,418.1
152942,5-2-4,1455
152942,6-2-4,158.4
152942,1-3-6,41.8
152942,2-3-6,413.1
152942,3-2-6,293.1
152942,4-2-6,142.9
152942,5-2-6,1449
152942,6-2-5,446.2
152942,1-4-2,194.9
152942,2-4-1,652.4
152942,3-4-1,60.1
152942,4-3-1,76.1
152942,5-3-1,965.3
152942,6-3-1,61.5
152942,1-4-3,57.2
152942,2-4-3,509.2
152942,3-4-2,207.1
152942,4-3-2,231.4
152942,5-3-2,1381
152942,6-3-2,166.2
152942,1-4-5,144
152942,2-4-5,793.2
152942,3-4-5,52.6
152942,4-3-5,48.4
152942,5-3-4,392.1
152942,6-3-4,19.8
152942,1-4-6,30.9
152942,2-4-6,249.4
152942,3-4-6,15.8
152942,4-3-6,18.3
152942,5-3-6,266.4
152942,6-3-5,67.9
152942,1-5-2,709.9
152942,2-5-1,1801
152942,3-5-1,311.6
152942,4-5-1,124.1
152942,5-4-1,589.4
152942,6-4-1,29.6
152942,1-5-3,400
152942,2-5-3,1265
152942,3-5-2,564.7
152942,4-5-2,267.6
152942,5-4-2,982.8
152942,6-4-2,69.2
152942,1-5-4,343
152942,2-5-4,1197
152942,3-5-4,126.6
152942,4-5-3,82
152942,5-4-3,376.1
152942,6-4-3,14.4
152942,1-5-6,215.3
152942,2-5-6,993.1
152942,3-5-6,85.7
152942,4-5-6,26.8
152942,5-4-6,133
152942,6-4-5,30.4
152942,1-6-2,166.8
152942,2-6-1,523.3
152942,3-6-1,47
152942,4-6-1,20.8
152942,5-6-1,436.9
152942,6-5-1,203.3
152942,1-6-3,45.5
152942,2-6-3,420.9
152942,3-6-2,152.7
152942,4-6-2,54.5
152942,5-6-2,850.3
152942,6-5-2,400.4
152942,1-6-4,35.9
152942,2-6-4,272.2
152942,3-6-4,16.4
152942,4-6-3,12.5
152942,5-6-3,266.4
152942,6-5-3,125.2
152942,1-6-5,141.5
152942,2-6-5,761.3
152942,3-6-5,48.3
152942,4-6-5,16
152942,5-6-4,172.7
152942,6-5-4,79
152943,1-2-3,27.4
152943,2-1-3,62.4
152943,3-1-2,26.8
152943,4-1-2,68
152943,5-1-2,201.2
152943,6-1-2,2855
152943,1-2-4,37.6
152943,2-1-4,64.1
152943,3-1-4,15.6
152943,4-1-3,53.4
152943,5-1-3,119
152943,6-1-3,2920
152943,1-2-5,58
152943,2-1-5,112.7
152943,3-1-5,19
152943,4-1-5,64.5
152943,5-1-4,182.5
152943,6-1-4,3603
152943,1-2-6,340.2
152943,2-1-6,633
152943,3-1-6,198.2
152943,4-1-6,360.9
152943,5-1-6,621.8
152943,6-1-5,2877
152943,1-3-2,21.6
152943,2-3-1,74.8
152943,3-2-1,56.1
152943,4-2-1,107.2
152943,5-2-1,312.4
152943,6-2-1,3536
152943,1-3-4,11.5
152943,2-3-4,64.7
152943,3-2-4,49.7
152943,4-2-3,93.3
152943,5-2-3,228.7
152943,6-2-3,3084
152943,1-3-5,15.8
152943,2-3-5,91.6
152943,3-2-5,62.4
152943,4-2-5,110.5
152943,5-2-4,299.5
152943,6-2-4,3160
152943,1-3-6,214.4
152943,2-3-6,638.2
152943,3-2-6,394.1
152943,4-2-6,549.9
152943,5-2-6,1208
152943,6-2-5,3894
152943,1-4-2,40.5
152943,2-4-1,120.2
152943,3-4-1,17.3
152943,4-3-1,45
152943,5-3-1,112.1
152943,6-3-1,3160
152943,1-4-3,22.5
152943,2-4-3,96.6
152943,3-4-2,32.9
152943,4-3-2,64.3
152943,5-3-2,153.4
152943,6-3-2,3933
152943,1-4-5,36.9
152943,2-4-5,146.8
152943,3-4-5,15.4
152943,4-3-5,38.2
152943,5-3-4,107.8
152943,6-3-4,2487
152943,1-4-6,264.6
152943,2-4-6,813.3
152943,3-4-6,123
152943,4-3-6,216.7
152943,5-3-6,547.6
152943,6-3-5,3504
152943,1-5-2,74.4
152943,2-5-1,192.7
152943,3-5-1,31.8
152943,4-5-1,65.2
152943,5-4-1,152.3
152943,6-4-1,3381
152943,1-5-3,46.9
152943,2-5-3,198.5
152943,3-5-2,61.6
152943,4-5-2,78.8
152943,5-4-2,200.4
152943,6-4-2,2855
152943,1-5-4,69.5
152943,2-5-4,251.9
152943,3-5-4,27.4
152943,4-5-3,57.4
152943,5-4-3,132.6
152943,6-4-3,3160
152943,1-5-6,326.7
152943,2-5-6,1171
152943,3-5-6,172.8
152943,4-5-6,175.4
152943,5-4-6,581.4
152943,6-4-5,3442
152943,1-6-2,900.7
152943,2-6-1,1937
152943,3-6-1,693.3
152943,4-6-1,700.9
152943,5-6-1,1352
152943,6-5-1,3134
152943,1-6-3,739.9
152943,2-6-3,2203
152943,3-6-2,978.4
152943,4-6-2,841.7
152943,5-6-2,1827
152943,6-5-2,4145
152943,1-6-4,1073
152943,2-6-4,2141
152943,3-6-4,599.5
152943,4-6-3,806.5
152943,5-6-3,1422
152943,6-5-3,3603
152943,1-6-5,1011
152943,2-6-5,2604
152943,3-6-5,675.1
152943,4-6-5,754.4
152943,5-6-4,1606
152943,6-5-4,3267
152944,1-2-3,5.3
152944,2-1-3,15
152944,3-1-2,160.9
152944,4-1-2,44.7
152944,5-1-2,273
152944,6-1-2,2060
152944,1-2-4,4.1
152944,2-1-4,11.4
152944,3-1-4,273.9
152944,4-1-3,127.2
152944,5-1-3,535.9
152944,6-1-3,4091
152944,1-2-5,13.5
152944,2-1-5,30.1
152944,3-1-5,452.8
152944,4-1-5,79.2
152944,5-1-4,406
152944,6-1-4,3608
152944,1-2-6,68
152944,2-1-6,135.7
152944,3-1-6,1185
152944,4-1-6,242.4
152944,5-1-6,1064
152944,6-1-5,4574
152944,1-3-2,19
152944,2-3-1,70.1
152944,3-2-1,210.2
152944,4-2-1,47.2
152944,5-2-1,380.9
152944,6-2-1,2890
152944,1-3-4,28.4
152944,2-3-4,82.5
152944,3-2-4,312.5
152944,4-2-3,110.9
152944,5-2-3,794.8
152944,6-2-3,3631
152944,1-3-5,55.6
152944,2-3-5,184.9
152944,3-2-5,614.8
152944,4-2-5,112.4
152944,5-2-4,513.7
152944,6-2-4,2905
152944,1-3-6,241.8
152944,2-3-6,574.7
152944,3-2-6,1485
152944,4-2-6,274.3
152944,5-2-6,1052
152944,6-2-5,4504
152944,1-4-2,12.5
152944,2-4-1,37.1
152944,3-4-1,456.4
152944,4-3-1,358.4
152944,5-3-1,1276
152944,6-3-1,4966
152944,1-4-3,32.4
152944,2-4-3,70.1
152944,3-4-2,444.5
152944,4-3-2,288.2
152944,5-3-2,1438
152944,6-3-2,5641
152944,1-4-5,35.9
152944,2-4-5,102.1
152944,3-4-5,884.3
152944,4-3-5,626.7
152944,5-3-4,2060
152944,6-3-4,5141
152944,1-4-6,138.3
152944,2-4-6,318.3
152944,3-4-6,1545
152944,4-3-6,1220
152944,5-3-6,3358
152944,6-3-5,4966
152944,1-5-2,42
152944,2-5-1,136.2
152944,3-5-1,958.7
152944,4-5-1,110
152944,5-4-1,469.7
152944,6-4-1,4539
152944,1-5-3,80.7
152944,2-5-3,282.5
152944,3-5-2,1030
152944,4-5-2,121.7
152944,5-4-2,433.2
152944,6-4-2,2994
152944,1-5-4,68.8
152944,2-5-4,199.8
152944,3-5-4,1305
152944,4-5-3,344.2
152944,5-4-3,994.9
152944,6-4-3,3979
152944,1-5-6,246.1
152944,2-5-6,548.6
152944,3-5-6,2082
152944,4-5-6,253.5
152944,5-4-6,780.9
152944,6-4-5,3677
152944,1-6-2,380
152944,2-6-1,905
152944,3-6-1,2548
152944,4-6-1,491.1
152944,5-6-1,2780
152944,6-5-1,4801
152944,1-6-3,695.8
152944,2-6-3,1396
152944,3-6-2,3282
152944,4-6-2,469.3
152944,5-6-2,1470
152944,6-5-2,3378
152944,1-6-4,580.4
152944,2-6-4,887
152944,3-6-4,2934
152944,4-6-3,974.8
152944,5-6-3,3074
152944,6-5-3,4685
152944,1-6-5,632.9
152944,2-6-5,981.4
152944,3-6-5,2834
152944,4-6-5,472.7
152944,5-6-4,1417
152944,6-5-4,3952
152945,1-2-3,4.9
152945,2-1-3,31.6
152945,3-1-2,34.3
152945,4-1-2,59
152945,5-1-2,450
152945,6-1-2,2323
152945,1-2-4,9.6
152945,2-1-4,44
152945,3-1-4,38.4
152945,4-1-3,65.7
152945,5-1-3,464.3
152945,6-1-3,2688
152945,1-2-5,21.1
152945,2-1-5,113.9
152945,3-1-5,74.8
152945,4-1-5,84.6
152945,5-1-4,572.2
152945,6-1-4,3872
152945,1-2-6,95.2
152945,2-1-6,376.1
152945,3-1-6,279
152945,4-1-6,261.6
152945,5-1-6,1095
152945,6-1-5,4104
152945,1-3-2,6.3
152945,2-3-1,66
152945,3-2-1,72.1
152945,4-2-1,120.8
152945,5-2-1,810.1
152945,6-2-1,4104
152945,1-3-4,7.7
152945,2-3-4,113.9
152945,3-2-4,125.9
152945,4-2-3,189.2
152945,5-2-3,1043
152945,6-2-3,4699
152945,1-3-5,18.3
152945,2-3-5,212.7
152945,3-2-5,231
152945,4-2-5,225.7
152945,5-2-4,1163
152945,6-2-4,4366
152945,1-3-6,89.2
152945,2-3-6,725.1
152945,3-2-6,796.4
152945,4-2-6,586.3
152945,5-2-6,2018
152945,6-2-5,5400
152945,1-4-2,14.2
152945,2-4-1,116.9
152945,3-4-1,84.6
152945,4-3-1,125
152945,5-3-1,813.3
152945,6-3-1,4024
152945,1-4-3,15.2
152945,2-4-3,166.4
152945,3-4-2,132.7
152945,4-3-2,193.1
152945,5-3-2,1226
152945,6-3-2,5088
152945,1-4-5,38.1
152945,2-4-5,318
152945,3-4-5,196.3
152945,4-3-5,273.2
152945,5-3-4,1452
152945,6-3-4,4699
152945,1-4-6,126.6
152945,2-4-6,659.9
152945,3-4-6,466
152945,4-3-6,593.7
152945,5-3-6,2863
152945,6-3-5,5700
152945,1-5-2,57.9
152945,2-5-1,452.7
152945,3-5-1,263
152945,4-5-1,132.3
152945,5-4-1,685.6
152945,6-4-1,5400
152945,1-5-3,61.7
152945,2-5-3,576.4
152945,3-5-2,393.4
152945,4-5-2,170.8
152945,5-4-2,981.9
152945,6-4-2,4664
152945,1-5-4,102.7
152945,2-5-4,698.8
152945,3-5-4,392.4
152945,4-5-3,226.4
152945,5-4-3,1072
152945,6-4-3,5046
152945,1-5-6,271.7
152945,2-5-6,1535
152945,3-5-6,813.3
152945,4-5-6,352.2
152945,5-4-6,1224
152945,6-4-5,5088
152945,1-6-2,433.2
152945,2-6-1,2160
152945,3-6-1,1516
152945,4-6-1,833.1
152945,5-6-1,2890
152945,6-5-1,5700
152945,1-6-3,423.7
152945,2-6-3,2608
152945,3-6-2,2183
152945,4-6-2,1067
152945,5-6-2,3310
152945,6-5-2,5754
152945,1-6-4,550.2
152945,2-6-4,2280
152945,3-6-4,1848
152945,4-6-3,1290
152945,5-6-3,4077
152945,6-5-3,5700
152945,1-6-5,713.4
152945,2-6-5,3364
152945,3-6-5,2101
152945,4-6-5,1050
152945,5-6-4,3274
152945,6-5-4,5353
152946,1-2-3,4.1
152946,2-1-3,47.3
152946,3-1-2,64.4
152946,4-1-2,279.8
152946,5-1-2,205.6
152946,6-1-2,1232
152946,1-2-4,10.1
152946,2-1-4,96.1
152946,3-1-4,99
152946,4-1-3,338.1
152946,5-1-3,236.9
152946,6-1-3,1669
152946,1-2-5,11.2
152946,2-1-5,95.3
152946,3-1-5,103.5
152946,4-1-5,390.6
152946,5-1-4,444.5
152946,6-1-4,2577
152946,1-2-6,32.9
152946,2-1-6,224.2
152946,3-1-6,235.9
152946,4-1-6,707.6
152946,5-1-6,363.1
152946,6-1-5,1446
152946,1-3-2,5.2
152946,2-3-1,140.9
152946,3-2-1,159.8
152946,4-2-1,648.8
152946,5-2-1,477.8
152946,6-2-1,2128
152946,1-3-4,10.1
152946,2-3-4,367.3
152946,3-2-4,375
152946,4-2-3,1222
152946,5-2-3,959.3
152946,6-2-3,3643
152946,1-3-5,9.8
152946,2-3-5,503.9
152946,3-2-5,450.8
152946,4-2-5,1460
152946,5-2-4,1403
152946,6-2-4,4649
152946,1-3-6,30.7
152946,2-3-6,1013
152946,3-2-6,925.3
152946,4-2-6,1894
152946,5-2-6,1443
152946,6-2-5,3661
152946,1-4-2,23.3
152946,2-4-1,481.8
152946,3-4-1,349.2
152946,4-3-1,694.6
152946,5-3-1,566
152946,6-3-1,2687
152946,1-4-3,28.7
152946,2-4-3,705.6
152946,3-4-2,593
152946,4-3-2,1380
152946,5-3-2,1108
152946,6-3-2,4281
152946,1-4-5,46.3
152946,2-4-5,1224
152946,3-4-5,664.2
152946,4-3-5,1821
152946,5-3-4,2122
152946,6-3-4,5191
152946,1-4-6,64.8
152946,2-4-6,1390
152946,3-4-6,878.2
152946,4-3-6,2353
152946,5-3-6,1894
152946,6-3-5,5019
152946,1-5-2,23.5
152946,2-5-1,453
152946,3-5-1,356.8
152946,4-5-1,809.7
152946,5-4-1,1116
152946,6-4-1,4406
152946,1-5-3,26.8
152946,2-5-3,890.5
152946,3-5-2,634.7
152946,4-5-2,1365
152946,5-4-2,1853
152946,6-4-2,5413
152946,1-5-4,63.5
152946,2-5-4,1474
152946,3-5-4,843
152946,4-5-3,1973
152946,5-4-3,2569
152946,6-4-3,5532
152946,1-5-6,56.4
152946,2-5-6,1835
152946,3-5-6,933.3
152946,4-5-6,1350
152946,5-4-6,1770
152946,6-4-5,4827
152946,1-6-2,113.5
152946,2-6-1,1363
152946,3-6-1,1153
152946,4-6-1,2248
152946,5-6-1,879.2
152946,6-5-1,1774
152946,1-6-3,129
152946,2-6-3,2687
152946,3-6-2,2042
152946,4-6-2,2983
152946,5-6-2,1654
152946,6-5-2,3643
152946,1-6-4,204
152946,2-6-4,2948
152946,3-6-4,2262
152946,4-6-3,3643
152946,5-6-3,1994
152946,6-5-3,4484
152946,1-6-5,129.5
152946,2-6-5,2960
152946,3-6-5,1738
152946,4-6-5,2640
152946,5-6-4,2375
152946,6-5-4,4432
152887,1-2-3,9.9
152887,2-1-3,72.5
152887,3-1-2,226.4
152887,4-1-2,86.8
152887,5-1-2,3083
152887,6-1-2,62.1
152887,1-2-4,8.4
152887,2-1-4,69.8
152887,3-1-4,238.8
152887,4-1-3,147.8
152887,5-1-3,1955
152887,6-1-3,110.5
152887,1-2-5,139.3
152887,2-1-5,544.8
152887,3-1-5,876.4
152887,4-1-5,456.5
152887,5-1-4,3448
152887,6-1-4,85
152887,1-2-6,6.4
152887,2-1-6,52.2
152887,3-1-6,245.3
152887,4-1-6,63.1
152887,5-1-6,2758
152887,6-1-5,476.4
152887,1-3-2,15.4
152887,2-3-1,272.1
152887,3-2-1,513.8
152887,4-2-1,201.8
152887,5-2-1,4159
152887,6-2-1,151.1
152887,1-3-4,15.7
152887,2-3-4,642.2
152887,3-2-4,1023
152887,4-2-3,523
152887,5-2-3,4597
152887,6-2-3,493.5
152887,1-3-5,172.4
152887,2-3-5,1955
152887,3-2-5,2278
152887,4-2-5,1323
152887,5-2-4,5039
152887,6-2-4,332.9
152887,1-3-6,13.6
152887,2-3-6,573.4
152887,3-2-6,1015
152887,4-2-6,249.1
152887,5-2-6,4679
152887,6-2-5,1330
152887,1-4-2,12.7
152887,2-4-1,224.3
152887,3-4-1,412
152887,4-3-1,387
152887,5-3-1,3359
152887,6-3-1,351.2
152887,1-4-3,20.3
152887,2-4-3,598.3
152887,3-4-2,1196
152887,4-3-2,757.3
152887,5-3-2,6094
152887,6-3-2,764
152887,1-4-5,177.7
152887,2-4-5,1819
152887,3-4-5,3047
152887,4-3-5,1588
152887,5-3-4,5696
152887,6-3-4,660
152887,1-4-6,11
152887,2-4-6,370.1
152887,3-4-6,837.2
152887,4-3-6,498.2
152887,5-3-6,7941
152887,6-3-5,1970
152887,1-5-2,563.5
152887,2-5-1,2113
152887,3-5-1,2495
152887,4-5-1,1497
152887,5-4-1,2977
152887,6-4-1,144.4
152887,1-5-3,623.9
152887,2-5-3,3157
152887,3-5-2,2879
152887,4-5-2,2339
152887,5-4-2,5823
152887,6-4-2,288.6
152887,1-5-4,702.5
152887,2-5-4,3275
152887,3-5-4,4597
152887,4-5-3,2544
152887,5-4-3,5348
152887,6-4-3,489.8
152887,1-5-6,479.9
152887,2-5-6,3235
152887,3-5-6,4679
152887,4-5-6,1617
152887,5-4-6,5575
152887,6-4-5,1015
152887,1-6-2,9.1
152887,2-6-1,165.7
152887,3-6-1,512.8
152887,4-6-1,93.3
152887,5-6-1,3970
152887,6-5-1,1523
152887,1-6-3,14.9
152887,2-6-3,513.8
152887,3-6-2,1074
152887,4-6-2,165.3
152887,5-6-2,5823
152887,6-5-2,2569
152887,1-6-4,14.6
152887,2-6-4,412
152887,3-6-4,894.3
152887,4-6-3,305.4
152887,5-6-3,7941
152887,6-5-3,3494
152887,1-6-5,142.9
152887,2-6-5,1770
152887,3-6-5,3639
152887,4-6-5,625.4
152887,5-6-4,5823
152887,6-5-4,2426
152888,1-2-3,17.7
152888,2-1-3,14
152888,3-1-2,52.8
152888,4-1-2,82.4
152888,5-1-2,86.6
152888,6-1-2,3573
152888,1-2-4,23.9
152888,2-1-4,18
152888,3-1-4,71.9
152888,4-1-3,82.1
152888,5-1-3,75.8
152888,6-1-3,4849
152888,1-2-5,40.2
152888,2-1-5,15.9
152888,3-1-5,74
152888,4-1-5,60.7
152888,5-1-4,95.1
152888,6-1-4,4780
152888,1-2-6,610.5
152888,2-1-6,270
152888,3-1-6,842.3
152888,4-1-6,1154
152888,5-1-6,529.5
152888,6-1-5,3143
152888,1-3-2,22
152888,2-3-1,22.9
152888,3-2-1,63
152888,4-2-1,89.8
152888,5-2-1,57
152888,6-2-1,4351
152888,1-3-4,23.3
152888,2-3-4,35.2
152888,3-2-4,90
152888,4-2-3,122.7
152888,5-2-3,70.8
152888,6-2-3,4139
152888,1-3-5,27.5
152888,2-3-5,28.6
152888,3-2-5,111.8
152888,4-2-5,109.9
152888,5-2-4,83.6
152888,6-2-4,3573
152888,1-3-6,612.7
152888,2-3-6,344.9
152888,3-2-6,902.7
152888,4-2-6,825.9
152888,5-2-6,357.3
152888,6-2-5,3993
152888,1-4-2,33.9
152888,2-4-1,33.3
152888,3-4-1,124.6
152888,4-3-1,123.1
152888,5-3-1,128.7
152888,6-3-1,6927
152888,1-4-3,30.6
152888,2-4-3,44.7
152888,3-4-2,121.1
152888,4-3-2,182.4
152888,5-3-2,170.3
152888,6-3-2,5657
152888,1-4-5,35.4
152888,2-4-5,35.2
152888,3-4-5,156.7
152888,4-3-5,146.3
152888,5-3-4,221.2
152888,6-3-4,4296
152888,1-4-6,719.1
152888,2-4-6,399.8
152888,3-4-6,1135
152888,4-3-6,1549
152888,5-3-6,1025
152888,6-3-5,7222
152888,1-5-2,67.4
152888,2-5-1,14.8
152888,3-5-1,134.9
152888,4-5-1,83.2
152888,5-4-1,150.4
152888,6-4-1,4041
152888,1-5-3,51.3
152888,2-5-3,19.8
152888,3-5-2,170.9
152888,4-5-2,152.3
152888,5-4-2,196.7
152888,6-4-2,4139
152888,1-5-4,57.5
152888,2-5-4,23.3
152888,3-5-4,215.7
152888,4-5-3,159
152888,5-4-3,249.7
152888,6-4-3,5222
152888,1-5-6,621.7
152888,2-5-6,127.3
152888,3-5-6,1212
152888,4-5-6,895.6
152888,5-4-6,981
152888,6-4-5,4351
152888,1-6-2,1463
152888,2-6-1,695.5
152888,3-6-1,3263
152888,4-6-1,2805
152888,5-6-1,1450
152888,6-5-1,4649
152888,1-6-3,1815
152888,2-6-3,782.1
152888,3-6-2,2715
152888,4-6-2,1996
152888,5-6-2,1225
152888,6-5-2,3901
152888,1-6-4,1805
152888,2-6-4,829.9
152888,3-6-4,2694
152888,4-6-3,2759
152888,5-6-3,1777
152888,6-5-3,5852
152888,1-6-5,1723
152888,2-6-5,458.7
152888,3-6-5,2926
152888,4-6-5,2032
152888,5-6-4,1731
152888,6-5-4,4190
152889,1-2-3,14.2
152889,2-1-3,86.1
152889,3-1-2,64.5
152889,4-1-2,174
152889,5-1-2,704.2
152889,6-1-2,288.8
152889,1-2-4,23
152889,2-1-4,132.9
152889,3-1-4,20.6
152889,4-1-3,66.2
152889,5-1-3,207.8
152889,6-1-3,192.1
152889,1-2-5,56.7
152889,2-1-5,252.8
152889,3-1-5,27
152889,4-1-5,82.8
152889,5-1-4,235.3
152889,6-1-4,321.1
152889,1-2-6,47.9
152889,2-1-6,218.4
152889,3-1-6,39.4
152889,4-1-6,104.4
152889,5-1-6,360.6
152889,6-1-5,537.3
152889,1-3-2,10.7
152889,2-3-1,201.7
152889,3-2-1,218.4
152889,4-2-1,438.6
152889,5-2-1,1209
152889,6-2-1,591.5
152889,1-3-4,5.7
152889,2-3-4,465
152889,3-2-4,382.6
152889,4-2-3,713.6
152889,5-2-3,1506
152889,6-2-3,822.3
152889,1-3-5,12.1
152889,2-3-5,757.7
152889,3-2-5,502.3
152889,4-2-5,848.2
152889,5-2-4,1954
152889,6-2-4,1376
152889,1-3-6,13.9
152889,2-3-6,640.7
152889,3-2-6,498.6
152889,4-2-6,666
152889,5-2-6,2175
152889,6-2-5,1634
152889,1-4-2,25.4
152889,2-4-1,340.5
152889,3-4-1,49.8
152889,4-3-1,91.4
152889,5-3-1,319.9
152889,6-3-1,296
152889,1-4-3,11.1
152889,2-4-3,611.6
152889,3-4-2,263.6
152889,4-3-2,451
152889,5-3-2,1559
152889,6-3-2,702.4
152889,1-4-5,31
152889,2-4-5,1209
152889,3-4-5,81
152889,4-3-5,135.6
152889,5-3-4,469.1
152889,6-3-4,573.9
152889,1-4-6,24.9
152889,2-4-6,840.3
152889,3-4-6,113.4
152889,4-3-6,167.1
152889,5-3-6,719.3
152889,6-3-5,1078
152889,1-5-2,99.9
152889,2-5-1,1096
152889,3-5-1,104.3
152889,4-5-1,132.8
152889,5-4-1,365.5
152889,6-4-1,606.1
152889,1-5-3,48.1
152889,2-5-3,1532
152889,3-5-2,500.4
152889,4-5-2,582.6
152889,5-4-2,1774
152889,6-4-2,1260
152889,1-5-4,74.7
152889,2-5-4,1740
152889,3-5-4,145.5
152889,4-5-3,227
152889,5-4-3,558.4
152889,6-4-3,768.5
152889,1-5-6,90.4
152889,2-5-6,1886
152889,3-5-6,224
152889,4-5-6,253.7
152889,5-4-6,636.1
152889,6-4-5,1105
152889,1-6-2,71.7
152889,2-6-1,721.2
152889,3-6-1,161.5
152889,4-6-1,194.6
152889,5-6-1,908.2
152889,6-5-1,1083
152889,1-6-3,41.5
152889,2-6-3,1237
152889,3-6-2,508.9
152889,4-6-2,674.3
152889,5-6-2,2107
152889,6-5-2,2366
152889,1-6-4,62.9
152889,2-6-4,1427
152889,3-6-4,248.1
152889,4-6-3,370.5
152889,5-6-3,1419
152889,6-5-3,1665
152889,1-6-5,108.9
152889,2-6-5,1968
152889,3-6-5,322.2
152889,4-6-5,411.1
152889,5-6-4,1412
152889,6-5-4,1515
152890,1-2-3,7.4
152890,2-1-3,188.2
152890,3-1-2,152.3
152890,4-1-2,126.5
152890,5-1-2,174.6
152890,6-1-2,2024
152890,1-2-4,10.9
152890,2-1-4,231.9
152890,3-1-4,87.2
152890,4-1-3,144
152890,5-1-3,116.1
152890,6-1-3,1946
152890,1-2-5,10.9
152890,2-1-5,258.8
152890,3-1-5,93
152890,4-1-5,62.7
152890,5-1-4,139.4
152890,6-1-4,1445
152890,1-2-6,41.8
152890,2-1-6,607.2
152890,3-1-6,277.7
152890,4-1-6,119.1
152890,5-1-6,164.8
152890,6-1-5,1438
152890,1-3-2,10.7
152890,2-3-1,523.4
152890,3-2-1,420.5
152890,4-2-1,381.4
152890,5-2-1,490.4
152890,6-2-1,4276
152890,1-3-4,11.3
152890,2-3-4,864.9
152890,3-2-4,578.2
152890,4-2-3,834
152890,5-2-3,834
152890,6-2-3,4743
152890,1-3-5,8.9
152890,2-3-5,908.9
152890,3-2-5,472.9
152890,4-2-5,524.3
152890,5-2-4,1046
152890,6-2-4,5838
152890,1-3-6,32.6
152890,2-3-6,2735
152890,3-2-6,1349
152890,4-2-6,850.4
152890,5-2-6,1254
152890,6-2-5,5421
152890,1-4-2,18
152890,2-4-1,631.1
152890,3-4-1,307.2
152890,4-3-1,349.7
152890,5-3-1,281.1
152890,6-3-1,3129
152890,1-4-3,17.2
152890,2-4-3,1116
152890,3-4-2,694.7
152890,4-3-2,892.9
152890,5-3-2,985.7
152890,6-3-2,5728
152890,1-4-5,16.1
152890,2-4-5,1281
152890,3-4-5,509.4
152890,4-3-5,492.8
152890,5-3-4,1088
152890,6-3-4,4102
152890,1-4-6,35.7
152890,2-4-6,2232
152890,3-4-6,911.7
152890,4-3-6,809.6
152890,5-3-6,969.9
152890,6-3-5,4158
152890,1-5-2,19.5
152890,2-5-1,707.7
152890,3-5-1,206.8
152890,4-5-1,88.1
152890,5-4-1,192.5
152890,6-4-1,1984
152890,1-5-3,15.3
152890,2-5-3,1065
152890,3-5-2,519.8
152890,4-5-2,247.4
152890,5-4-2,588.3
152890,6-4-2,3892
152890,1-5-4,23.1
152890,2-5-4,1677
152890,3-5-4,579.3
152890,4-5-3,304.2
152890,5-4-3,690
152890,6-4-3,4276
152890,1-5-6,30.1
152890,2-5-6,2468
152890,3-5-6,716
152890,4-5-6,160.9
152890,5-4-6,334.7
152890,6-4-5,2837
152890,1-6-2,116.6
152890,2-6-1,2300
152890,3-6-1,1480
152890,4-6-1,347.3
152890,5-6-1,418.7
152890,6-5-1,1659
152890,1-6-3,103
152890,2-6-3,4400
152890,3-6-2,3097
152890,4-6-2,922.8
152890,5-6-2,1275
152890,6-5-2,4531
152890,1-6-4,102.7
152890,2-6-4,4158
152890,3-6-4,2735
152890,4-6-3,1084
152890,5-6-3,1025
152890,6-5-3,4276
152890,1-6-5,90.6
152890,2-6-5,4531
152890,3-6-5,2065
152890,4-6-5,475.8
152890,5-6-4,982.5
152890,6-5-4,2760
152891,1-2-3,55.5
152891,2-1-3,110.8
152891,3-1-2,143.4
152891,4-1-2,114
152891,5-1-2,699.2
152891,6-1-2,32.6
152891,1-2-4,49.2
152891,2-1-4,115.4
152891,3-1-4,60.5
152891,4-1-3,76
152891,5-1-3,509.5
152891,6-1-3,34.4
152891,1-2-5,155.9
152891,2-1-5,234.2
152891,3-1-5,117.9
152891,4-1-5,99.2
152891,5-1-4,331.4
152891,6-1-4,24.3
152891,1-2-6,45.7
152891,2-1-6,99.6
152891,3-1-6,75.5
152891,4-1-6,44.3
152891,5-1-6,432.7
152891,6-1-5,97.8
152891,1-3-2,54.9
152891,2-3-1,137.7
152891,3-2-1,149.1
152891,4-2-1,172.9
152891,5-2-1,1081
152891,6-2-1,69.8
152891,1-3-4,30.1
152891,2-3-4,115.7
152891,3-2-4,105.6
152891,4-2-3,154.8
152891,5-2-3,1145
152891,6-2-3,72.1
152891,1-3-5,84.8
152891,2-3-5,225.2
152891,3-2-5,223
152891,4-2-5,187.4
152891,5-2-4,1058
152891,6-2-4,52
152891,1-3-6,27.9
152891,2-3-6,180.3
152891,3-2-6,174.5
152891,4-2-6,119.8
152891,5-2-6,1372
152891,6-2-5,163.9
152891,1-4-2,45.9
152891,2-4-1,136.8
152891,3-4-1,50.8
152891,4-3-1,80.9
152891,5-3-1,739.8
152891,6-3-1,69.3
152891,1-4-3,32.8
152891,2-4-3,123.4
152891,3-4-2,92.2
152891,4-3-2,150.6
152891,5-3-2,1220
152891,6-3-2,81.4
152891,1-4-5,66.7
152891,2-4-5,208.6
152891,3-4-5,67.7
152891,4-3-5,86.3
152891,5-3-4,608.4
152891,6-3-4,51.2
152891,1-4-6,19.2
152891,2-4-6,102.7
152891,3-4-6,52.8
152891,4-3-6,79.7
152891,5-3-6,999.1
152891,6-3-5,161.8
152891,1-5-2,303.7
152891,2-5-1,578.2
152891,3-5-1,242.2
152891,4-5-1,170.8
152891,5-4-1,420.6
152891,6-4-1,41.6
152891,1-5-3,213.4
152891,2-5-3,486.4
152891,3-5-2,392.3
152891,4-5-2,251.4
152891,5-4-2,651.2
152891,6-4-2,55.5
152891,1-5-4,179.6
152891,2-5-4,511.4
152891,3-5-4,183.5
152891,4-5-3,201.8
152891,5-4-3,552.3
152891,6-4-3,56
152891,1-5-6,158
152891,2-5-6,614.8
152891,3-5-6,280.5
152891,4-5-6,208.5
152891,5-4-6,622.3
152891,6-4-5,94.9
152891,1-6-2,23.5
152891,2-6-1,103.8
152891,3-6-1,95.1
152891,4-6-1,64
152891,5-6-1,576.5
152891,6-5-1,223.6
152891,1-6-3,18.9
152891,2-6-3,131.7
152891,3-6-2,102.7
152891,4-6-2,85.8
152891,5-6-2,1119
152891,6-5-2,328.2
152891,1-6-4,14.2
152891,2-6-4,87.6
152891,3-6-4,55
152891,4-6-3,79.5
152891,5-6-3,984.6
152891,6-5-3,263.5
152891,1-6-5,60
152891,2-6-5,269.2
152891,3-6-5,164.5
152891,4-6-5,120.1
152891,5-6-4,715.1
152891,6-5-4,232.8
152892,1-2-3,54.6
152892,2-1-3,127.8
152892,3-1-2,143.6
152892,4-1-2,47.6
152892,5-1-2,136.6
152892,6-1-2,1046
152892,1-2-4,49.3
152892,2-1-4,82.6
152892,3-1-4,36.9
152892,4-1-3,26.7
152892,5-1-3,84
152892,6-1-3,3864
152892,1-2-5,77.5
152892,2-1-5,125.3
152892,3-1-5,48
152892,4-1-5,13.3
152892,5-1-4,45.3
152892,6-1-4,2593
152892,1-2-6,412.5
152892,2-1-6,1479
152892,3-1-6,725.4
152892,4-1-6,222.2
152892,5-1-6,363.4
152892,6-1-5,1190
152892,1-3-2,63.6
152892,2-3-1,157.5
152892,3-2-1,267.4
152892,4-2-1,101.2
152892,5-2-1,272.8
152892,6-2-1,5569
152892,1-3-4,19.3
152892,2-3-4,118.9
152892,3-2-4,113.5
152892,4-2-3,119
152892,5-2-3,274.4
152892,6-2-3,3712
152892,1-3-5,30.6
152892,2-3-5,148.6
152892,3-2-5,124.9
152892,4-2-5,65
152892,5-2-4,153.9
152892,6-2-4,3155
152892,1-3-6,648.4
152892,2-3-6,2227
152892,3-2-6,1479
152892,4-2-6,736.7
152892,5-2-6,1456
152892,6-2-5,7889
152892,1-4-2,32.9
152892,2-4-1,113.9
152892,3-4-1,43.6
152892,4-3-1,48.3
152892,5-3-1,143
152892,6-3-1,6762
152892,1-4-3,15.8
152892,2-4-3,113.7
152892,3-4-2,81.6
152892,4-3-2,93.6
152892,5-3-2,235.2
152892,6-3-2,7574
152892,1-4-5,12.4
152892,2-4-5,104
152892,3-4-5,26
152892,4-3-5,25.7
152892,5-3-4,65.4
152892,6-3-4,4028
152892,1-4-6,268.5
152892,2-4-6,1333
152892,3-4-6,608.8
152892,4-3-6,597.3
152892,5-3-6,991.3
152892,6-3-5,7013
152892,1-5-2,76
152892,2-5-1,202.7
152892,3-5-1,85.2
152892,4-5-1,11.1
152892,5-4-1,31.2
152892,6-4-1,3442
152892,1-5-3,45.4
152892,2-5-3,190.1
152892,3-5-2,136.5
152892,4-5-2,27.1
152892,5-4-2,65.6
152892,6-4-2,3209
152892,1-5-4,27.5
152892,2-5-4,143.2
152892,3-5-4,46
152892,4-5-3,16
152892,5-4-3,32.9
152892,6-4-3,4207
152892,1-5-6,453
152892,2-5-6,2127
152892,3-5-6,795.6
152892,4-5-6,80.2
152892,5-4-6,197.4
152892,6-4-5,1445
152892,1-6-2,597.3
152892,2-6-1,3155
152892,3-6-1,3506
152892,4-6-1,717.2
152892,5-6-1,1237
152892,6-5-1,5410
152892,1-6-3,1952
152892,2-6-3,4207
152892,3-6-2,2366
152892,4-6-2,1221
152892,5-6-2,1993
152892,6-5-2,5738
152892,1-6-4,1140
152892,2-6-4,2705
152892,3-6-4,1838
152892,4-6-3,1456
152892,5-6-3,1769
152892,6-5-3,5917
152892,1-6-5,901.6
152892,2-6-5,4207
152892,3-6-5,2524
152892,4-6-5,491.8
152892,5-6-4,714.5
152892,6-5-4,1479
152893,1-2-3,57.6
152893,2-1-3,97.3
152893,3-1-2,86.9
152893,4-1-2,166.8
152893,5-1-2,48.5
152893,6-1-2,1270
152893,1-2-4,72.8
152893,2-1-4,126.8
152893,3-1-4,36.3
152893,4-1-3,83.7
152893,5-1-3,26.7
152893,6-1-3,1689
152893,1-2-5,55.5
152893,2-1-5,92.2
152893,3-1-5,22.3
152893,4-1-5,51.4
152893,5-1-4,36.1
152893,6-1-4,1530
152893,1-2-6,456.8
152893,2-1-6,707.7
152893,3-1-6,382.6
152893,4-1-6,496
152893,5-1-6,228.9
152893,6-1-5,1336
152893,1-3-2,49.6
152893,2-3-1,133.9
152893,3-2-1,163
152893,4-2-1,283.3
152893,5-2-1,80.6
152893,6-2-1,3810
152893,1-3-4,22.4
152893,2-3-4,176.5
152893,3-2-4,112.9
152893,4-2-3,231.9
152893,5-2-3,77
152893,6-2-3,2797
152893,1-3-5,17.3
152893,2-3-5,114.2
152893,3-2-5,74.1
152893,4-2-5,145.1
152893,5-2-4,89.7
152893,6-2-4,4164
152893,1-3-6,344.3
152893,2-3-6,1011
152893,3-2-6,899.8
152893,4-2-6,947.4
152893,5-2-6,768.5
152893,6-2-5,3316
152893,1-4-2,83.3
152893,2-4-1,196.9
152893,3-4-1,29.2
152893,4-3-1,83.7
152893,5-3-1,33
152893,6-3-1,4164
152893,1-4-3,38.7
152893,2-4-3,244.6
152893,3-4-2,59.3
152893,4-3-2,142.7
152893,5-3-2,61.3
152893,6-3-2,3892
152893,1-4-5,37.2
152893,2-4-5,195.9
152893,3-4-5,17.8
152893,4-3-5,45.8
152893,5-3-4,30.1
152893,6-3-4,2325
152893,1-4-6,416.4
152893,2-4-6,1479
152893,3-4-6,454.4
152893,4-3-6,534.5
152893,5-3-6,296.4
152893,6-3-5,2713
152893,1-5-2,50
152893,2-5-1,130.6
152893,3-5-1,17.9
152893,4-5-1,34.8
152893,5-4-1,29.3
152893,6-4-1,2797
152893,1-5-3,22.6
152893,2-5-3,127.3
152893,3-5-2,29.5
152893,4-5-2,53.1
152893,5-4-2,49.5
152893,6-4-2,3730
152893,1-5-4,35.7
152893,2-5-4,175.2
152893,3-5-4,15.1
152893,4-5-3,30.9
152893,5-4-3,27.2
152893,6-4-3,2984
152893,1-5-6,308.2
152893,2-5-6,1504
152893,3-5-6,312.5
152893,4-5-6,178.7
152893,5-4-6,187.5
152893,6-4-5,1658
152893,1-6-2,890.8
152893,2-6-1,2012
152893,3-6-1,1613
152893,4-6-1,1398
152893,5-6-1,628.3
152893,6-5-1,2487
152893,1-6-3,865
152893,2-6-3,1721
152893,3-6-2,1366
152893,4-6-2,1388
152893,5-6-2,932.6
152893,6-5-2,4476
152893,1-6-4,813.9
152893,2-6-4,1790
152893,3-6-4,1059
152893,4-6-3,1085
152893,5-6-3,397.9
152893,6-5-3,2419
152893,1-6-5,781.9
152893,2-6-5,1967
152893,3-6-5,1085
152893,4-6-5,746.1
152893,5-6-4,487.9
152893,6-5-4,1530
152894,1-2-3,11.5
152894,2-1-3,40.2
152894,3-1-2,30.3
152894,4-1-2,406.5
152894,5-1-2,22.2
152894,6-1-2,2135
152894,1-2-4,94
152894,2-1-4,218.2
152894,3-1-4,126.4
152894,4-1-3,530.4
152894,5-1-3,18.7
152894,6-1-3,3408
152894,1-2-5,15.4
152894,2-1-5,44.3
152894,3-1-5,21.2
152894,4-1-5,291.7
152894,5-1-4,148.5
152894,6-1-4,3907
152894,1-2-6,214.4
152894,2-1-6,359.9
152894,3-1-6,231.4
152894,4-1-6,1555
152894,5-1-6,85.9
152894,6-1-5,2164
152894,1-3-2,10.1
152894,2-3-1,78.7
152894,3-2-1,68.6
152894,4-2-1,741.6
152894,5-2-1,37.9
152894,6-2-1,2135
152894,1-3-4,85.8
152894,2-3-4,248.3
152894,3-2-4,208.8
152894,4-2-3,1241
152894,5-2-3,27.4
152894,6-2-3,1907
152894,1-3-5,9.4
152894,2-3-5,46.4
152894,3-2-5,37.1
152894,4-2-5,533.9
152894,5-2-4,163.9
152894,6-2-4,3725
152894,1-3-6,205.8
152894,2-3-6,457.6
152894,3-2-6,392.6
152894,4-2-6,1511
152894,5-2-6,107.7
152894,6-2-5,1570
152894,1-4-2,260.8
152894,2-4-1,635.6
152894,3-4-1,359.1
152894,4-3-1,838.6
152894,5-3-1,25.9
152894,6-3-1,3203
152894,1-4-3,238.7
152894,2-4-3,505.3
152894,3-4-2,351.2
152894,4-3-2,1144
152894,5-3-2,25.3
152894,6-3-2,2053
152894,1-4-5,223.1
152894,2-4-5,643.3
152894,3-4-5,236.9
152894,4-3-5,576.2
152894,5-3-4,119.9
152894,6-3-4,2912
152894,1-4-6,738.2
152894,2-4-6,1722
152894,3-4-6,781.4
152894,4-3-6,1392
152894,5-3-6,102.9
152894,6-3-5,1668
152894,1-5-2,14.3
152894,2-5-1,64.4
152894,3-5-1,28
152894,4-5-1,311
152894,5-4-1,295
152894,6-4-1,4576
152894,1-5-3,11
152894,2-5-3,41.4
152894,3-5-2,28.2
152894,4-5-2,397.4
152894,5-4-2,342.2
152894,6-4-2,4576
152894,1-5-4,106
152894,2-5-4,290.1
152894,3-5-4,115.5
152894,4-5-3,418.2
152894,5-4-3,256.7
152894,6-4-3,4449
152894,1-5-6,140.2
152894,2-5-6,271
152894,3-5-6,134.5
152894,4-5-6,1082
152894,5-4-6,568
152894,6-4-5,3814
152894,1-6-2,809
152894,2-6-1,1392
152894,3-6-1,1169
152894,4-6-1,2224
152894,5-6-1,211.3
152894,6-5-1,1722
152894,1-6-3,684.5
152894,2-6-3,1261
152894,3-6-2,1020
152894,4-6-2,3640
152894,5-6-2,206.4
152894,6-5-2,1302
152894,1-6-4,1302
152894,2-6-4,2256
152894,3-6-4,1241
152894,4-6-3,1884
152894,5-6-3,208.8
152894,6-5-3,1469
152894,1-6-5,699.5
152894,2-6-5,899.9
152894,3-6-5,544.8
152894,4-6-5,1722
152894,5-6-4,574.1
152894,6-5-4,2321
152895,1-2-3,62.3
152895,2-1-3,54.7
152895,3-1-2,113.7
152895,4-1-2,94.4
152895,5-1-2,115.5
152895,6-1-2,1204
152895,1-2-4,53
152895,2-1-4,41.5
152895,3-1-4,53.3
152895,4-1-3,65.2
152895,5-1-3,134.7
152895,6-1-3,1124
152895,1-2-5,74.8
152895,2-1-5,58.2
152895,3-1-5,63.8
152895,4-1-5,31.1
152895,5-1-4,74.7
152895,6-1-4,527.1
152895,1-2-6,113.9
152895,2-1-6,106.6
152895,3-1-6,116.8
152895,4-1-6,55.8
152895,5-1-6,76.7
152895,6-1-5,600.8
152895,1-3-2,60.8
152895,2-3-1,55.7
152895,3-2-1,200.2
152895,4-2-1,80.6
152895,5-2-1,112.4
152895,6-2-1,1512
152895,1-3-4,37.6
152895,2-3-4,77.6
152895,3-2-4,100
152895,4-2-3,156.4
152895,5-2-3,152.3
152895,6-2-3,1387
152895,1-3-5,51.4
152895,2-3-5,100.4
152895,3-2-5,89.9
152895,4-2-5,72
152895,5-2-4,78
152895,6-2-4,987.8
152895,1-3-6,114.6
152895,2-3-6,136.8
152895,3-2-6,206.3
152895,4-2-6,115.7
152895,5-2-6,111.3
152895,6-2-5,1321
152895,1-4-2,51.6
152895,2-4-1,57
152895,3-4-1,65.2
152895,4-3-1,94.3
152895,5-3-1,158.4
152895,6-3-1,1225
152895,1-4-3,37.8
152895,2-4-3,95.9
152895,3-4-2,80.5
152895,4-3-2,144.7
152895,5-3-2,201.5
152895,6-3-2,1674
152895,1-4-5,38.8
152895,2-4-5,78.2
152895,3-4-5,36.5
152895,4-3-5,52.7
152895,5-3-4,95.7
152895,6-3-4,550.9
152895,1-4-6,69.9
152895,2-4-6,131.8
152895,3-4-6,69.9
152895,4-3-6,86.8
152895,5-3-6,153.6
152895,6-3-5,738.3
152895,1-5-2,54.1
152895,2-5-1,49.8
152895,3-5-1,105.5
152895,4-5-1,26.9
152895,5-4-1,65.4
152895,6-4-1,443.9
152895,1-5-3,82.6
152895,2-5-3,131.6
152895,3-5-2,142
152895,4-5-2,28.8
152895,5-4-2,54.8
152895,6-4-2,698.4
152895,1-5-4,70.6
152895,2-5-4,91.2
152895,3-5-4,63.4
152895,4-5-3,32.2
152895,5-4-3,68.3
152895,6-4-3,412.9
152895,1-5-6,131.2
152895,2-5-6,117.4
152895,3-5-6,109.3
152895,4-5-6,17.9
152895,5-4-6,34.8
152895,6-4-5,206.1
152895,1-6-2,346.4
152895,2-6-1,287.4
152895,3-6-1,262.9
152895,4-6-1,101.8
152895,5-6-1,164.5
152895,6-5-1,544.1
152895,1-6-3,264.8
152895,2-6-3,499.5
152895,3-6-2,353.1
152895,4-6-2,119.9
152895,5-6-2,239.4
152895,6-5-2,880.7
152895,1-6-4,134.4
152895,2-6-4,198.8
152895,3-6-4,222.4
152895,4-6-3,112.6
152895,5-6-3,242
152895,6-5-3,600.8
152895,1-6-5,186.6
152895,2-6-5,319.2
152895,3-6-5,280
152895,4-6-5,49.4
152895,5-6-4,98.3
152895,6-5-4,233.7
152896,1-2-3,10.5
152896,2-1-3,25.3
152896,3-1-2,72.7
152896,4-1-2,65.8
152896,5-1-2,351.1
152896,6-1-2,490.6
152896,1-2-4,8.4
152896,2-1-4,19.3
152896,3-1-4,65.1
152896,4-1-3,90
152896,5-1-3,468.6
152896,6-1-3,1144
152896,1-2-5,31.8
152896,2-1-5,78
152896,3-1-5,97
152896,4-1-5,85.3
152896,5-1-4,497.4
152896,6-1-4,1002
152896,1-2-6,28.9
152896,2-1-6,45.4
152896,3-1-6,126.6
152896,4-1-6,136.7
152896,5-1-6,565.9
152896,6-1-5,1370
152896,1-3-2,16.7
152896,2-3-1,57
152896,3-2-1,75
152896,4-2-1,76.8
152896,5-2-1,463.4
152896,6-2-1,538
152896,1-3-4,19.8
152896,2-3-4,51.5
152896,3-2-4,61.6
152896,4-2-3,130.3
152896,5-2-3,637.9
152896,6-2-3,795.9
152896,1-3-5,44.9
152896,2-3-5,133
152896,3-2-5,129.9
152896,4-2-5,70.5
152896,5-2-4,351.6
152896,6-2-4,431.5
152896,1-3-6,50.4
152896,2-3-6,80
152896,3-2-6,93.5
152896,4-2-6,105.7
152896,5-2-6,564.6
152896,6-2-5,1150
152896,1-4-2,12.8
152896,2-4-1,37.2
152896,3-4-1,94.8
152896,4-3-1,133.1
152896,5-3-1,735.2
152896,6-3-1,1528
152896,1-4-3,25.1
152896,2-4-3,58.5
152896,3-4-2,75.7
152896,4-3-2,108.6
152896,5-3-2,785.9
152896,6-3-2,1253
152896,1-4-5,36.5
152896,2-4-5,113.1
152896,3-4-5,72.3
152896,4-3-5,240.1
152896,5-3-4,1094
152896,6-3-4,1474
152896,1-4-6,52.7
152896,2-4-6,49.9
152896,3-4-6,109.8
152896,4-3-6,298.1
152896,5-3-6,987
152896,6-3-5,1943
152896,1-5-2,88.3
152896,2-5-1,255
152896,3-5-1,251.7
152896,4-5-1,136.1
152896,5-4-1,356.6
152896,6-4-1,1049
152896,1-5-3,115.9
152896,2-5-3,306.5
152896,3-5-2,231.7
152896,4-5-2,107.4
152896,5-4-2,326.4
152896,6-4-2,505.4
152896,1-5-4,77.1
152896,2-5-4,225.2
152896,3-5-4,134.8
152896,4-5-3,263.9
152896,5-4-3,983.2
152896,6-4-3,1377
152896,1-5-6,244.3
152896,2-5-6,263.9
152896,3-5-6,326.8
152896,4-5-6,157.8
152896,5-4-6,403.7
152896,6-4-5,1457
152896,1-6-2,117.5
152896,2-6-1,150.4
152896,3-6-1,289.8
152896,4-6-1,302.4
152896,5-6-1,824.7
152896,6-5-1,1299
152896,1-6-3,152.4
152896,2-6-3,216.3
152896,3-6-2,256.6
152896,4-6-2,200.2
152896,5-6-2,735.2
152896,6-5-2,1199
152896,1-6-4,205
152896,2-6-4,138.4
152896,3-6-4,225.8
152896,4-6-3,472.1
152896,5-6-3,1119
152896,6-5-3,1741
152896,1-6-5,327.7
152896,2-6-5,289.1
152896,3-6-5,491.6
152896,4-6-5,221.4
152896,5-6-4,1023
152896,6-5-4,1547
152897,1-2-3,6.4
152897,2-1-3,24.9
152897,3-1-2,45.3
152897,4-1-2,144.7
152897,5-1-2,209.4
152897,6-1-2,446.5
152897,1-2-4,11.8
152897,2-1-4,30.1
152897,3-1-4,38.7
152897,4-1-3,142
152897,5-1-3,200.5
152897,6-1-3,759.7
152897,1-2-5,22.5
152897,2-1-5,73.8
152897,3-1-5,53.8
152897,4-1-5,217.4
152897,5-1-4,363.2
152897,6-1-4,712.4
152897,1-2-6,21.3
152897,2-1-6,55.2
152897,3-1-6,81.6
152897,4-1-6,226
152897,5-1-6,323.4
152897,6-1-5,973.9
152897,1-3-2,8.5
152897,2-3-1,75.3
152897,3-2-1,94.4
152897,4-2-1,237.7
152897,5-2-1,340.9
152897,6-2-1,540.1
152897,1-3-4,9.5
152897,2-3-4,129
152897,3-2-4,125.3
152897,4-2-3,369.1
152897,5-2-3,561.6
152897,6-2-3,1000
152897,1-3-5,15.6
152897,2-3-5,256.8
152897,3-2-5,183.4
152897,4-2-5,624.9
152897,5-2-4,803
152897,6-2-4,1188
152897,1-3-6,24.3
152897,2-3-6,194.3
152897,3-2-6,230.6
152897,4-2-6,382.2
152897,5-2-6,813.7
152897,6-2-5,2057
152897,1-4-2,24.5
152897,2-4-1,113.9
152897,3-4-1,94.9
152897,4-3-1,187.6
152897,5-3-1,379
152897,6-3-1,1083
152897,1-4-3,21.1
152897,2-4-3,173.8
152897,3-4-2,142.4
152897,4-3-2,294.8
152897,5-3-2,653.9
152897,6-3-2,1366
152897,1-4-5,51.9
152897,2-4-5,490.8
152897,3-4-5,189.7
152897,4-3-5,397.1
152897,5-3-4,871.9
152897,6-3-4,1408
152897,1-4-6,57.1
152897,2-4-6,278.2
152897,3-4-6,166.1
152897,4-3-6,320.1
152897,5-3-6,756.6
152897,6-3-5,1968
152897,1-5-2,49.2
152897,2-5-1,249.7
152897,3-5-1,200.3
152897,4-5-1,454.3
152897,5-4-1,637.9
152897,6-4-1,1441
152897,1-5-3,36
152897,2-5-3,485.6
152897,3-5-2,289.2
152897,4-5-2,712.4
152897,5-4-2,1151
152897,6-4-2,2034
152897,1-5-4,93.6
152897,2-5-4,649.2
152897,3-5-4,373.6
152897,4-5-3,735.3
152897,5-4-3,1123
152897,6-4-3,1907
152897,1-5-6,97.8
152897,2-5-6,581.2
152897,3-5-6,375.2
152897,4-5-6,627
152897,5-4-6,747.3
152897,6-4-5,2441
152897,1-6-2,101.7
152897,2-6-1,263.8
152897,3-6-1,360.4
152897,4-6-1,602.2
152897,5-6-1,658.6
152897,6-5-1,1298
152897,1-6-3,82.4
152897,2-6-3,538.5
152897,3-6-2,504.4
152897,4-6-2,658.6
152897,5-6-2,1096
152897,6-5-2,1868
152897,1-6-4,149.3
152897,2-6-4,551.5
152897,3-6-4,421.8
152897,4-6-3,673.1
152897,5-6-3,995.1
152897,6-5-3,1990
152897,1-6-5,165.7
152897,2-6-5,876
152897,3-6-5,532.2
152897,4-6-5,924.7
152897,5-6-4,1188
152897,6-5-4,2034
152898,1-2-3,15.7
152898,2-1-3,51.7
152898,3-1-2,14.2
152898,4-1-2,231.6
152898,5-1-2,113.5
152898,6-1-2,374.6
152898,1-2-4,19
152898,2-1-4,54.8
152898,3-1-4,27.4
152898,4-1-3,272.4
152898,5-1-3,168.2
152898,6-1-3,596.5
152898,1-2-5,16.9
152898,2-1-5,41.8
152898,3-1-5,21.6
152898,4-1-5,304.1
152898,5-1-4,221.8
152898,6-1-4,688.4
152898,1-2-6,25
152898,2-1-6,64
152898,3-1-6,33.9
152898,4-1-6,425.2
152898,5-1-6,259.8
152898,6-1-5,402.2
152898,1-3-2,19.6
152898,2-3-1,72.4
152898,3-2-1,20.4
152898,4-2-1,343.2
152898,5-2-1,155.9
152898,6-2-1,469.9
152898,1-3-4,39.7
152898,2-3-4,144.3
152898,3-2-4,40.9
152898,4-2-3,377.5
152898,5-2-3,180.3
152898,6-2-3,575.5
152898,1-3-5,34.5
152898,2-3-5,74.8
152898,3-2-5,26.1
152898,4-2-5,406.2
152898,5-2-4,270
152898,6-2-4,865.4
152898,1-3-6,65.8
152898,2-3-6,158.3
152898,3-2-6,38.9
152898,4-2-6,481.9
152898,5-2-6,293.6
152898,6-2-5,667.8
152898,1-4-2,34.2
152898,2-4-1,153.4
152898,3-4-1,55.9
152898,4-3-1,309.5
152898,5-3-1,164.6
152898,6-3-1,534.3
152898,1-4-3,53.6
152898,2-4-3,203.1
152898,3-4-2,68.3
152898,4-3-2,398.3
152898,5-3-2,158.3
152898,6-3-2,582.4
152898,1-4-5,50.9
152898,2-4-5,231.6
152898,3-4-5,91.2
152898,4-3-5,536.6
152898,5-3-4,349.6
152898,6-3-4,772.8
152898,1-4-6,62.7
152898,2-4-6,289.4
152898,3-4-6,111.8
152898,4-3-6,483.8
152898,5-3-6,279.6
152898,6-3-5,631.8
152898,1-5-2,45.2
152898,2-5-1,125.3
152898,3-5-1,35.7
152898,4-5-1,509.9
152898,5-4-1,648.4
152898,6-4-1,1164
152898,1-5-3,77.2
152898,2-5-3,128.2
152898,3-5-2,35.9
152898,4-5-2,528.5
152898,5-4-2,716.5
152898,6-4-2,1143
152898,1-5-4,93.5
152898,2-5-4,177.4
152898,3-5-4,96.4
152898,4-5-3,628.5
152898,5-4-3,669.6
152898,6-4-3,1117
152898,1-5-6,91.3
152898,2-5-6,207.9
152898,3-5-6,76.9
152898,4-5-6,556
152898,5-4-6,678.9
152898,6-4-5,1404
152898,1-6-2,71.1
152898,2-6-1,246.2
152898,3-6-1,73.1
152898,4-6-1,760.9
152898,5-6-1,515.2
152898,6-5-1,640
152898,1-6-3,123.4
152898,2-6-3,333.4
152898,3-6-2,80.7
152898,4-6-2,751.6
152898,5-6-2,395.1
152898,6-5-2,934.5
152898,1-6-4,118.2
152898,2-6-4,434.2
152898,3-6-4,157.1
152898,4-6-3,686.5
152898,5-6-3,638.3
152898,6-5-3,887.2
152898,1-6-5,101.8
152898,2-6-5,244.8
152898,3-6-5,107.7
152898,4-6-5,865.4
152898,5-6-4,1024
152898,6-5-4,1293
