race_id,combo,odds
155647,1-2-3,8.4
155647,2-1-3,30.7
155647,3-1-2,66
155647,4-1-2,54.6
155647,5-1-2,310.2
155647,6-1-2,823.9
155647,1-2-4,7.1
155647,2-1-4,25.7
155647,3-1-4,48.6
155647,4-1-3,81.5
155647,5-1-3,405.1
155647,6-1-3,1357
155647,1-2-5,18.8
155647,2-1-5,60.5
155647,3-1-5,85.7
155647,4-1-5,80.8
155647,5-1-4,354.5
155647,6-1-4,1489
155647,1-2-6,39.3
155647,2-1-6,96.9
155647,3-1-6,164.2
155647,4-1-6,137.5
155647,5-1-6,518.1
155647,6-1-5,2044
155647,1-3-2,11.7
155647,2-3-1,89
155647,3-2-1,151.2
155647,4-2-1,102.9
155647,5-2-1,550.8
155647,6-2-1,1368
155647,1-3-4,11.4
155647,2-3-4,102.3
155647,3-2-4,142.7
155647,4-2-3,189.3
155647,5-2-3,846.8
155647,6-2-3,2061
155647,1-3-5,23.8
155647,2-3-5,242.1
155647,3-2-5,268
155647,4-2-5,170
155647,5-2-4,670.2
155647,6-2-4,1696
155647,1-3-6,46.7
155647,2-3-6,353
155647,3-2-6,383.5
155647,4-2-6,297.5
155647,5-2-6,864.7
155647,6-2-5,2360
155647,1-4-2,10.4
155647,2-4-1,67.5
155647,3-4-1,107.3
155647,4-3-1,170.9
155647,5-3-1,711.2
155647,6-3-1,1857
155647,1-4-3,15.4
155647,2-4-3,120.7
155647,3-4-2,149.1
155647,4-3-2,235.7
155647,5-3-2,1046
155647,6-3-2,2544
155647,1-4-5,25.1
155647,2-4-5,173.6
155647,3-4-5,198.1
155647,4-3-5,256.4
155647,5-3-4,1039
155647,6-3-4,2088
155647,1-4-6,37.2
155647,2-4-6,258.2
155647,3-4-6,318.9
155647,4-3-6,453.2
155647,5-3-6,1576
155647,6-3-5,2824
155647,1-5-2,48.9
155647,2-5-1,265.6
155647,3-5-1,300.6
155647,4-5-1,130.6
155647,5-4-1,423.4
155647,6-4-1,1656
155647,1-5-3,62
155647,2-5-3,495
155647,3-5-2,443.3
155647,4-5-2,169.8
155647,5-4-2,545.3
155647,6-4-2,1757
155647,1-5-4,51.3
155647,2-5-4,354.3
155647,3-5-4,355
155647,4-5-3,271.7
155647,5-4-3,757.5
155647,6-4-3,2443
155647,1-5-6,122.5
155647,2-5-6,740.3
155647,3-5-6,696
155647,4-5-6,192.2
155647,5-4-6,609.2
155647,6-4-5,2019
155647,1-6-2,154.4
155647,2-6-1,406.8
155647,3-6-1,616.1
155647,4-6-1,324.6
155647,5-6-1,1335
155647,6-5-1,2792
155647,1-6-3,193.1
155647,2-6-3,977.2
155647,3-6-2,823.9
155647,4-6-2,442.1
155647,5-6-2,1476
155647,6-5-2,2714
155647,1-6-4,179.7
155647,2-6-4,765.8
155647,3-6-4,872.5
155647,4-6-3,739.1
155647,5-6-3,1696
155647,6-5-3,3053
155647,1-6-5,244.5
155647,2-6-5,1221
155647,3-6-5,1125
155647,4-6-5,388.4
155647,5-6-4,1233
155647,6-5-4,2035
155648,1-2-3,7.8
155648,2-1-3,11.1
155648,3-1-2,55.4
155648,4-1-2,127.8
155648,5-1-2,175.9
155648,6-1-2,1021
155648,1-2-4,8.9
155648,2-1-4,11.6
155648,3-1-4,67.4
155648,4-1-3,220.8
155648,5-1-3,286.2
155648,6-1-3,1915
155648,1-2-5,14.9
155648,2-1-5,18.6
155648,3-1-5,81.7
155648,4-1-5,208.1
155648,5-1-4,359.3
155648,6-1-4,1973
155648,1-2-6,45.4
155648,2-1-6,53.9
155648,3-1-6,175
155648,4-1-6,355.8
155648,5-1-6,443.3
155648,6-1-5,2499
155648,1-3-2,17.4
155648,2-3-1,33
155648,3-2-1,76.8
155648,4-2-1,149.5
155648,5-2-1,201.9
155648,6-2-1,1650
155648,1-3-4,30.4
155648,2-3-4,37.4
155648,3-2-4,88.7
155648,4-2-3,207.9
155648,5-2-3,260.3
155648,6-2-3,2050
155648,1-3-5,35.1
155648,2-3-5,45.3
155648,3-2-5,98.4
155648,4-2-5,188.6
155648,5-2-4,281.7
155648,6-2-4,1881
155648,1-3-6,83.2
155648,2-3-6,119.5
155648,3-2-6,218.9
155648,4-2-6,330.9
155648,5-2-6,450.5
155648,6-2-5,2160
155648,1-4-2,27
155648,2-4-1,35.6
155648,3-4-1,168.8
155648,4-3-1,375.4
155648,5-3-1,500.8
155648,6-3-1,2792
155648,1-4-3,48.3
155648,2-4-3,52.1
155648,3-4-2,146.8
155648,4-3-2,291.6
155648,5-3-2,364.5
155648,6-3-2,2822
155648,1-4-5,58.9
155648,2-4-5,52.6
155648,3-4-5,184.4
155648,4-3-5,396.4
155648,5-3-4,648
155648,6-3-4,2762
155648,1-4-6,113.3
155648,2-4-6,139.3
155648,3-4-6,336.7
155648,4-3-6,608.9
155648,5-3-6,956.1
155648,6-3-5,3571
155648,1-5-2,39.6
155648,2-5-1,62.6
155648,3-5-1,194.4
155648,4-5-1,291.1
155648,5-4-1,571.2
155648,6-4-1,2822
155648,1-5-3,71.4
155648,2-5-3,81.6
155648,3-5-2,162.8
155648,4-5-2,234.7
155648,5-4-2,416.6
155648,6-4-2,2169
155648,1-5-4,102.2
155648,2-5-4,85.5
155648,3-5-4,252.7
155648,4-5-3,415.6
155648,5-4-3,678.2
155648,6-4-3,2792
155648,1-5-6,151.5
155648,2-5-6,177.7
155648,3-5-6,394.6
155648,4-5-6,409.7
155648,5-4-6,739.3
155648,6-4-5,2624
155648,1-6-2,196.7
155648,2-6-1,284.2
155648,3-6-1,784.6
155648,4-6-1,843.9
155648,5-6-1,1082
155648,6-5-1,2651
155648,1-6-3,309.8
155648,2-6-3,456.4
155648,3-6-2,678.2
155648,4-6-2,678.2
155648,5-6-2,900.4
155648,6-5-2,2333
155648,1-6-4,307.1
155648,2-6-4,429.2
155648,3-6-4,795.3
155648,4-6-3,1064
155648,5-6-3,1359
155648,6-5-3,3016
155648,1-6-5,386.2
155648,2-6-5,458.4
155648,3-6-5,829.2
155648,4-6-5,761.8
155648,5-6-4,1187
155648,6-5-4,2354
155649,1-2-3,20.5
155649,2-1-3,96.6
155649,3-1-2,147.6
155649,4-1-2,35.3
155649,5-1-2,270.7
155649,6-1-2,613.3
155649,1-2-4,8.5
155649,2-1-4,39.3
155649,3-1-4,66.6
155649,4-1-3,73.5
155649,5-1-3,497.8
155649,6-1-3,974.8
155649,1-2-5,24.2
155649,2-1-5,86.8
155649,3-1-5,136.7
155649,4-1-5,31.2
155649,5-1-4,184.5
155649,6-1-4,418.6
155649,1-2-6,33
155649,2-1-6,90.8
155649,3-1-6,163.3
155649,4-1-6,36.7
155649,5-1-6,275.2
155649,6-1-5,1026
155649,1-3-2,33
155649,2-3-1,267.7
155649,3-2-1,274.9
155649,4-2-1,82.1
155649,5-2-1,494
155649,6-2-1,1234
155649,1-3-4,16
155649,2-3-4,197.8
155649,3-2-4,243.4
155649,4-2-3,253.5
155649,5-2-3,1070
155649,6-2-3,2316
155649,1-3-5,48.4
155649,2-3-5,326.9
155649,3-2-5,464.7
155649,4-2-5,111
155649,5-2-4,532.2
155649,6-2-4,1094
155649,1-3-6,44.3
155649,2-3-6,377.2
155649,3-2-6,515.6
155649,4-2-6,118.4
155649,5-2-6,712.2
155649,6-2-5,2097
155649,1-4-2,8.6
155649,2-4-1,76.7
155649,3-4-1,132.8
155649,4-3-1,161.3
155649,5-3-1,1047
155649,6-3-1,1608
155649,1-4-3,16.1
155649,2-4-3,186.8
155649,3-4-2,243.6
155649,4-3-2,331.6
155649,5-3-2,1365
155649,6-3-2,3113
155649,1-4-5,13.2
155649,2-4-5,131
155649,3-4-5,224.2
155649,4-3-5,277.8
155649,5-3-4,1275
155649,6-3-4,1659
155649,1-4-6,11.8
155649,2-4-6,139.5
155649,3-4-6,194.1
155649,4-3-6,217.9
155649,5-3-6,1698
155649,6-3-5,3688
155649,1-5-2,51.5
155649,2-5-1,316.7
155649,3-5-1,444.7
155649,4-5-1,49.7
155649,5-4-1,181.7
155649,6-4-1,500
155649,1-5-3,90.3
155649,2-5-3,654.2
155649,3-5-2,662.5
155649,4-5-2,90.6
155649,5-4-2,316.9
155649,6-4-2,797.5
155649,1-5-4,40.6
155649,2-5-4,345.2
155649,3-5-4,644
155649,4-5-3,228.5
155649,5-4-3,673.3
155649,6-4-3,1258
155649,1-5-6,70.7
155649,2-5-6,517.4
155649,3-5-6,794.2
155649,4-5-6,56.7
155649,5-4-6,200.3
155649,6-4-5,603.7
155649,1-6-2,95.7
155649,2-6-1,519.3
155649,3-6-1,637
155649,4-6-1,72.9
155649,5-6-1,528.8
155649,6-5-1,1436
155649,1-6-3,135.3
155649,2-6-3,1076
155649,3-6-2,1102
155649,4-6-2,128.9
155649,5-6-2,808.7
155649,6-5-2,2003
155649,1-6-4,48.3
155649,2-6-4,511
155649,3-6-4,610.8
155649,4-6-3,256
155649,5-6-3,1267
155649,6-5-3,2402
155649,1-6-5,135
155649,2-6-5,960.2
155649,3-6-5,1142
155649,4-6-5,86.9
155649,5-6-4,410
155649,6-5-4,726.5
155650,1-2-3,8.1
155650,2-1-3,46.8
155650,3-1-2,125.6
155650,4-1-2,77.9
155650,5-1-2,184.1
155650,6-1-2,799.8
155650,1-2-4,5.8
155650,2-1-4,34.5
155650,3-1-4,123.9
155650,4-1-3,178.4
155650,5-1-3,360
155650,6-1-3,1425
155650,1-2-5,10.9
155650,2-1-5,54.2
155650,3-1-5,160.2
155650,4-1-5,91.8
155650,5-1-4,222.1
155650,6-1-4,1273
155650,1-2-6,18.7
155650,2-1-6,79.8
155650,3-1-6,230.5
155650,4-1-6,154.8
155650,5-1-6,274.3
155650,6-1-5,1392
155650,1-3-2,15
155650,2-3-1,136.5
155650,3-2-1,255.2
155650,4-2-1,162
155650,5-2-1,336
155650,6-2-1,1422
155650,1-3-4,18.6
155650,2-3-4,150
155650,3-2-4,266.4
155650,4-2-3,406.7
155650,5-2-3,575.1
155650,6-2-3,2660
155650,1-3-5,26.8
155650,2-3-5,166.7
155650,3-2-5,304.9
155650,4-2-5,256.8
155650,5-2-4,523.5
155650,6-2-4,2300
155650,1-3-6,40.5
155650,2-3-6,288.9
155650,3-2-6,489.2
155650,4-2-6,382.4
155650,5-2-6,579
155650,6-2-5,2864
155650,1-4-2,9.4
155650,2-4-1,96.9
155650,3-4-1,336.8
155650,4-3-1,490
155650,5-3-1,885.3
155650,6-3-1,2462
155650,1-4-3,21.6
155650,2-4-3,190
155650,3-4-2,371
155650,4-3-2,581.8
155650,5-3-2,789.2
155650,6-3-2,3136
155650,1-4-5,18.5
155650,2-4-5,191.2
155650,3-4-5,531
155650,4-3-5,742
155650,5-3-4,1292
155650,6-3-4,3724
155650,1-4-6,26.5
155650,2-4-6,220.2
155650,3-4-6,589.9
155650,4-3-6,831
155650,5-3-6,1678
155650,6-3-5,4081
155650,1-5-2,28
155650,2-5-1,232.2
155650,3-5-1,487.2
155650,4-5-1,163
155650,5-4-1,327.5
155650,6-4-1,1722
155650,1-5-3,50.3
155650,2-5-3,294.9
155650,3-5-2,442.3
155650,4-5-2,262.4
155650,5-4-2,508.4
155650,6-4-2,2514
155650,1-5-4,40.1
155650,2-5-4,360.4
155650,3-5-4,720.4
155650,4-5-3,644.8
155650,5-4-3,1177
155650,6-4-3,3844
155650,1-5-6,57.8
155650,2-5-6,447
155650,3-5-6,873.6
155650,4-5-6,250.7
155650,5-4-6,499.8
155650,6-4-5,2579
155650,1-6-2,81.2
155650,2-6-1,456.2
155650,3-6-1,975.2
155650,4-6-1,463.6
155650,5-6-1,833.3
155650,6-5-1,2019
155650,1-6-3,138.7
155650,2-6-3,919.5
155650,3-6-2,1203
155650,4-6-2,618.1
155650,5-6-2,1143
155650,6-5-2,2797
155650,1-6-4,99
155650,2-6-4,652.6
155650,3-6-4,1520
155650,4-6-3,1221
155650,5-6-3,1747
155650,6-5-3,3819
155650,1-6-5,134.1
155650,2-6-5,893.3
155650,3-6-5,1636
155650,4-6-5,613
155650,5-6-4,1196
155650,6-5-4,2482
155651,1-2-3,11.6
155651,2-1-3,51.3
155651,3-1-2,51
155651,4-1-2,132.1
155651,5-1-2,99.2
155651,6-1-2,452
155651,1-2-4,14.2
155651,2-1-4,79.6
155651,3-1-4,44.1
155651,4-1-3,142.2
155651,5-1-3,99.1
155651,6-1-3,526.1
155651,1-2-5,19.8
155651,2-1-5,96.3
155651,3-1-5,49.8
155651,4-1-5,133.7
155651,5-1-4,105.4
155651,6-1-4,581.9
155651,1-2-6,35.9
155651,2-1-6,135.3
155651,3-1-6,67.5
155651,4-1-6,150.5
155651,5-1-6,99.1
155651,6-1-5,590.8
155651,1-3-2,13.7
155651,2-3-1,117.6
155651,3-2-1,109.6
155651,4-2-1,229
155651,5-2-1,197.3
155651,6-2-1,754
155651,1-3-4,12.5
155651,2-3-4,113.7
155651,3-2-4,106.2
155651,4-2-3,242
155651,5-2-3,285.5
155651,6-2-3,1045
155651,1-3-5,15.4
155651,2-3-5,173.6
155651,3-2-5,150.2
155651,4-2-5,323.5
155651,5-2-4,290.8
155651,6-2-4,1196
155651,1-3-6,25.9
155651,2-3-6,173.7
155651,3-2-6,141.5
155651,4-2-6,282.9
155651,5-2-6,289.9
155651,6-2-5,1258
155651,1-4-2,24.9
155651,2-4-1,211.4
155651,3-4-1,87.9
155651,4-3-1,185.8
155651,5-3-1,152.2
155651,6-3-1,706.4
155651,1-4-3,26
155651,2-4-3,171.6
155651,3-4-2,136.8
155651,4-3-2,224.8
155651,5-3-2,275.6
155651,6-3-2,993.8
155651,1-4-5,35
155651,2-4-5,324.2
155651,3-4-5,97.9
155651,4-3-5,220.4
155651,5-3-4,211
155651,6-3-4,818.8
155651,1-4-6,40
155651,2-4-6,295.2
155651,3-4-6,93
155651,4-3-6,194.2
155651,5-3-6,215.6
155651,6-3-5,992.1
155651,1-5-2,35
155651,2-5-1,251.1
155651,3-5-1,94.6
155651,4-5-1,160.4
155651,5-4-1,126.6
155651,6-4-1,698.7
155651,1-5-3,31
155651,2-5-3,253.8
155651,3-5-2,161.6
155651,4-5-2,270.7
155651,5-4-2,209.9
155651,6-4-2,970.5
155651,1-5-4,42.5
155651,2-5-4,334.1
155651,3-5-4,107.9
155651,4-5-3,229.4
155651,5-4-3,200
155651,6-4-3,838.9
155651,1-5-6,45.3
155651,2-5-6,412.9
155651,3-5-6,114.8
155651,4-5-6,161.5
155651,5-4-6,114.9
155651,6-4-5,623.1
155651,1-6-2,94.2
155651,2-6-1,482.4
155651,3-6-1,192.2
155651,4-6-1,275
155651,5-6-1,158.2
155651,6-5-1,611.9
155651,1-6-3,92.7
155651,2-6-3,453.1
155651,3-6-2,300.7
155651,4-6-2,378.2
155651,5-6-2,250.8
155651,6-5-2,1009
155651,1-6-4,102.3
155651,2-6-4,559.5
155651,3-6-4,186.2
155651,4-6-3,327.1
155651,5-6-3,243
155651,6-5-3,861.3
155651,1-6-5,100.6
155651,2-6-5,750.1
155651,3-6-5,225.6
155651,4-6-5,286.3
155651,5-6-4,163.7
155651,6-5-4,565.5
155652,1-2-3,21.3
155652,2-1-3,113.8
155652,3-1-2,84.6
155652,4-1-2,86.9
155652,5-1-2,260.6
155652,6-1-2,1098
155652,1-2-4,16.5
155652,2-1-4,95.8
155652,3-1-4,27.2
155652,4-1-3,46
155652,5-1-3,206.4
155652,6-1-3,1052
155652,1-2-5,34.7
155652,2-1-5,145.7
155652,3-1-5,45.1
155652,4-1-5,40.1
155652,5-1-4,164.1
155652,6-1-4,777.2
155652,1-2-6,54.4
155652,2-1-6,232.7
155652,3-1-6,81
155652,4-1-6,58.8
155652,5-1-6,269.7
155652,6-1-5,1357
155652,1-3-2,22.7
155652,2-3-1,228.9
155652,3-2-1,213
155652,4-2-1,189.1
155652,5-2-1,497.1
155652,6-2-1,2032
155652,1-3-4,9
155652,2-3-4,325.9
155652,3-2-4,198.7
155652,4-2-3,326.6
155652,5-2-3,829.7
155652,6-2-3,2799
155652,1-3-5,17.4
155652,2-3-5,474
155652,3-2-5,254.2
155652,4-2-5,261.8
155652,5-2-4,727.7
155652,6-2-4,2302
155652,1-3-6,33.2
155652,2-3-6,648
155652,3-2-6,343.4
155652,4-2-6,327
155652,5-2-6,1005
155652,6-2-5,2985
155652,1-4-2,20.1
155652,2-4-1,219.3
155652,3-4-1,33.3
155652,4-3-1,50.8
155652,5-3-1,292.4
155652,6-3-1,1320
155652,1-4-3,11.8
155652,2-4-3,375.2
155652,3-4-2,114.8
155652,4-3-2,173.9
155652,5-3-2,683.5
155652,6-3-2,3052
155652,1-4-5,14.6
155652,2-4-5,416.6
155652,3-4-5,32.1
155652,4-3-5,52.2
155652,5-3-4,339.8
155652,6-3-4,1341
155652,1-4-6,20.7
155652,2-4-6,541.4
155652,3-4-6,53.8
155652,4-3-6,71.8
155652,5-3-6,497.1
155652,6-3-5,2044
155652,1-5-2,61.6
155652,2-5-1,513.4
155652,3-5-1,92.6
155652,4-5-1,63
155652,5-4-1,206.8
155652,6-4-1,915.3
155652,1-5-3,45.4
155652,2-5-3,806
155652,3-5-2,204.8
155652,4-5-2,167.9
155652,5-4-2,500.4
155652,6-4-2,1868
155652,1-5-4,38.7
155652,2-5-4,747.9
155652,3-5-4,73.3
155652,4-5-3,99.9
155652,5-4-3,339.5
155652,6-4-3,1294
155652,1-5-6,76.9
155652,2-5-6,1096
155652,3-5-6,111.1
155652,4-5-6,74.8
155652,5-4-6,306.9
155652,6-4-5,956.9
155652,1-6-2,198.2
155652,2-6-1,1049
155652,3-6-1,294.3
155652,4-6-1,160.2
155652,5-6-1,582.5
155652,6-5-1,1682
155652,1-6-3,158.6
155652,2-6-3,1558
155652,3-6-2,514.1
155652,4-6-2,355.6
155652,5-6-2,1191
155652,6-5-2,3038
155652,1-6-4,91
155652,2-6-4,1320
155652,3-6-4,206.4
155652,4-6-3,223.2
155652,5-6-3,911.6
155652,6-5-3,2302
155652,1-6-5,180.2
155652,2-6-5,1813
155652,3-6-5,261.9
155652,4-6-5,158.6
155652,5-6-4,569.3
155652,6-5-4,1049
155653,1-2-3,17.3
155653,2-1-3,52.6
155653,3-1-2,123.9
155653,4-1-2,39.3
155653,5-1-2,278
155653,6-1-2,1070
155653,1-2-4,8
155653,2-1-4,27
155653,3-1-4,48.3
155653,4-1-3,40.4
155653,5-1-3,292.5
155653,6-1-3,1317
155653,1-2-5,24.8
155653,2-1-5,58.9
155653,3-1-5,96.9
155653,4-1-5,39.4
155653,5-1-4,190.8
155653,6-1-4,677.1
155653,1-2-6,45.7
155653,2-1-6,94.2
155653,3-1-6,156
155653,4-1-6,58.4
155653,5-1-6,323.6
155653,6-1-5,1382
155653,1-3-2,25.6
155653,2-3-1,179.8
155653,3-2-1,282.5
155653,4-2-1,87.7
155653,5-2-1,573.1
155653,6-2-1,1944
155653,1-3-4,12.5
155653,2-3-4,141.8
155653,3-2-4,186.5
155653,4-2-3,181.8
155653,5-2-3,1037
155653,6-2-3,2382
155653,1-3-5,31.3
155653,2-3-5,356.9
155653,3-2-5,350.9
155653,4-2-5,161.6
155653,5-2-4,662.9
155653,6-2-4,1551
155653,1-3-6,55.6
155653,2-3-6,515.9
155653,3-2-6,499.7
155653,4-2-6,205.6
155653,5-2-6,928.3
155653,6-2-5,2604
155653,1-4-2,9.1
155653,2-4-1,59.2
155653,3-4-1,71.4
155653,4-3-1,82.4
155653,5-3-1,627.8
155653,6-3-1,2424
155653,1-4-3,12.4
155653,2-4-3,119.3
155653,3-4-2,133.8
155653,4-3-2,187.6
155653,5-3-2,1191
155653,6-3-2,3262
155653,1-4-5,14.9
155653,2-4-5,143.2
155653,3-4-5,106.9
155653,4-3-5,136.8
155653,5-3-4,627.8
155653,6-3-4,1561
155653,1-4-6,22.5
155653,2-4-6,194.7
155653,3-4-6,151.4
155653,4-3-6,176.2
155653,5-3-6,1183
155653,6-3-5,3525
155653,1-5-2,52.3
155653,2-5-1,266.4
155653,3-5-1,284.7
155653,4-5-1,82.1
155653,5-4-1,277.1
155653,6-4-1,776.5
155653,1-5-3,61
155653,2-5-3,552.3
155653,3-5-2,440.4
155653,4-5-2,167.2
155653,5-4-2,579.3
155653,6-4-2,1345
155653,1-5-4,42.1
155653,2-5-4,337.4
155653,3-5-4,253.6
155653,4-5-3,189.6
155653,5-4-3,558.9
155653,6-4-3,1332
155653,1-5-6,83.5
155653,2-5-6,569.4
155653,3-5-6,510.3
155653,4-5-6,111.2
155653,5-4-6,399.8
155653,6-4-5,969.6
155653,1-6-2,163
155653,2-6-1,520.2
155653,3-6-1,781.7
155653,4-6-1,170.8
155653,5-6-1,883.6
155653,6-5-1,1886
155653,1-6-3,175.2
155653,2-6-3,1173
155653,3-6-2,1169
155653,4-6-2,330.3
155653,5-6-2,1229
155653,6-5-2,2484
155653,1-6-4,100.1
155653,2-6-4,585.1
155653,3-6-4,595.6
155653,4-6-3,322.6
155653,5-6-3,1601
155653,6-5-3,2908
155653,1-6-5,157.1
155653,2-6-5,1057
155653,3-6-5,997.3
155653,4-6-5,210.9
155653,5-6-4,755.5
155653,6-5-4,1090
155654,1-2-3,13.4
155654,2-1-3,43.7
155654,3-1-2,57.2
155654,4-1-2,112.3
155654,5-1-2,146.2
155654,6-1-2,538.1
155654,1-2-4,14.9
155654,2-1-4,48.3
155654,3-1-4,35.2
155654,4-1-3,87.2
155654,5-1-3,102.4
155654,6-1-3,569.3
155654,1-2-5,24.1
155654,2-1-5,58.6
155654,3-1-5,35.8
155654,4-1-5,78.9
155654,5-1-4,124.1
155654,6-1-4,624.7
155654,1-2-6,38.3
155654,2-1-6,70.5
155654,3-1-6,52.8
155654,4-1-6,103
155654,5-1-6,129.1
155654,6-1-5,648.3
155654,1-3-2,16.4
155654,2-3-1,103.3
155654,3-2-1,130.5
155654,4-2-1,234
155654,5-2-1,328.8
155654,6-2-1,956.1
155654,1-3-4,11.9
155654,2-3-4,147.5
155654,3-2-4,141
155654,4-2-3,293.2
155654,5-2-3,397.2
155654,6-2-3,1245
155654,1-3-5,14.2
155654,2-3-5,144.5
155654,3-2-5,107.7
155654,4-2-5,246.1
155654,5-2-4,499.5
155654,6-2-4,1312
155654,1-3-6,28
155654,2-3-6,168.6
155654,3-2-6,148.7
155654,4-2-6,277
155654,5-2-6,484.4
155654,6-2-5,1323
155654,1-4-2,27.8
155654,2-4-1,155.3
155654,3-4-1,65
155654,4-3-1,112.5
155654,5-3-1,187.2
155654,6-3-1,853.7
155654,1-4-3,23.4
155654,2-4-3,227
155654,3-4-2,142
155654,4-3-2,273.5
155654,5-3-2,304.9
155654,6-3-2,1281
155654,1-4-5,29.3
155654,2-4-5,214
155654,3-4-5,55
155654,4-3-5,114.1
155654,5-3-4,228.6
155654,6-3-4,854.6
155654,1-4-6,37.4
155654,2-4-6,219.8
155654,3-4-6,71
155654,4-3-6,143.6
155654,5-3-6,226.6
155654,6-3-5,842.3
155654,1-5-2,47.8
155654,2-5-1,232.1
155654,3-5-1,79.9
155654,4-5-1,124.3
155654,5-4-1,224.5
155654,6-4-1,897.2
155654,1-5-3,38.6
155654,2-5-3,269.4
155654,3-5-2,132.5
155654,4-5-2,218.7
155654,5-4-2,375.6
155654,6-4-2,1198
155654,1-5-4,55.7
155654,2-5-4,312.9
155654,3-5-4,89.5
155654,4-5-3,140.5
155654,5-4-3,250.1
155654,6-4-3,931.4
155654,1-5-6,67.3
155654,2-5-6,300.2
155654,3-5-6,89.8
155654,4-5-6,108.9
155654,5-4-6,182
155654,6-4-5,667.1
155654,1-6-2,119.9
155654,2-6-1,390.5
155654,3-6-1,240.2
155654,4-6-1,244
155654,5-6-1,382.6
155654,6-5-1,997.6
155654,1-6-3,106.8
155654,2-6-3,586.5
155654,3-6-2,368.1
155654,4-6-2,357.5
155654,5-6-2,555.1
155654,6-5-2,1175
155654,1-6-4,126.2
155654,2-6-4,549.9
155654,3-6-4,233.8
155654,4-6-3,269.9
155654,5-6-3,388.7
155654,6-5-3,901.4
155654,1-6-5,137.7
155654,2-6-5,598.1
155654,3-6-5,218.5
155654,4-6-5,177.3
155654,5-6-4,381.4
155654,6-5-4,753.4
155655,1-2-3,13.2
155655,2-1-3,70.2
155655,3-1-2,93.3
155655,4-1-2,85.5
155655,5-1-2,78.7
155655,6-1-2,938.9
155655,1-2-4,7.7
155655,2-1-4,45.3
155655,3-1-4,68.6
155655,4-1-3,163.2
155655,5-1-3,140.5
155655,6-1-3,1481
155655,1-2-5,8.3
155655,2-1-5,46
155655,3-1-5,69.7
155655,4-1-5,80.6
155655,5-1-4,90.1
155655,6-1-4,1187
155655,1-2-6,40.2
155655,2-1-6,133.1
155655,3-1-6,170.9
155655,4-1-6,159
155655,5-1-6,144.8
155655,6-1-5,1131
155655,1-3-2,22.2
155655,2-3-1,228.8
155655,3-2-1,214
155655,4-2-1,180.1
155655,5-2-1,174
155655,6-2-1,1589
155655,1-3-4,19.6
155655,2-3-4,362.2
155655,3-2-4,285
155655,4-2-3,516.6
155655,5-2-3,439.3
155655,6-2-3,2260
155655,1-3-5,20.4
155655,2-3-5,402.6
155655,3-2-5,297.4
155655,4-2-5,273.3
155655,5-2-4,331.8
155655,6-2-4,2233
155655,1-3-6,69.3
155655,2-3-6,900.3
155655,3-2-6,537.2
155655,4-2-6,535
155655,5-2-6,430.9
155655,6-2-5,2104
155655,1-4-2,13.3
155655,2-4-1,141.5
155655,3-4-1,95.5
155655,4-3-1,180.4
155655,5-3-1,275.1
155655,6-3-1,2021
155655,1-4-3,28.9
155655,2-4-3,367.6
155655,3-4-2,185
155655,4-3-2,359.2
155655,5-3-2,447.2
155655,6-3-2,3052
155655,1-4-5,15.7
155655,2-4-5,223.1
155655,3-4-5,75.3
155655,4-3-5,157
155655,5-3-4,393.1
155655,6-3-4,2848
155655,1-4-6,49.6
155655,2-4-6,482.4
155655,3-4-6,118
155655,4-3-6,213
155655,5-3-6,491.4
155655,6-3-5,2651
155655,1-5-2,16.8
155655,2-5-1,151.7
155655,3-5-1,114.6
155655,4-5-1,110.6
155655,5-4-1,187.1
155655,6-4-1,1959
155655,1-5-3,30.7
155655,2-5-3,390.3
155655,3-5-2,187.4
155655,4-5-2,197.7
155655,5-4-2,324.9
155655,6-4-2,2946
155655,1-5-4,17.3
155655,2-5-4,278.3
155655,3-5-4,112.2
155655,4-5-3,246.3
155655,5-4-3,505.7
155655,6-4-3,3260
155655,1-5-6,51.7
155655,2-5-6,478.2
155655,3-5-6,154.8
155655,4-5-6,187.1
155655,5-4-6,335.1
155655,6-4-5,2082
155655,1-6-2,147.5
155655,2-6-1,943.5
155655,3-6-1,548
155655,4-6-1,443.9
155655,5-6-1,430.9
155655,6-5-1,1554
155655,1-6-3,200.5
155655,2-6-3,1676
155655,3-6-2,785.8
155655,4-6-2,726.9
155655,5-6-2,659.9
155655,6-5-2,2152
155655,1-6-4,127.5
155655,2-6-4,1214
155655,3-6-4,487.3
155655,4-6-3,768.4
155655,5-6-3,872.6
155655,6-5-3,2350
155655,1-6-5,136.9
155655,2-6-5,1169
155655,3-6-5,443.9
155655,4-6-5,514.9
155655,5-6-4,608.5
155655,6-5-4,1837
155656,1-2-3,9.5
155656,2-1-3,85.2
155656,3-1-2,64
155656,4-1-2,231.7
155656,5-1-2,148.2
155656,6-1-2,375.9
155656,1-2-4,17.5
155656,2-1-4,122.3
155656,3-1-4,71.4
155656,4-1-3,261.2
155656,5-1-3,100.7
155656,6-1-3,416.5
155656,1-2-5,16.5
155656,2-1-5,117.1
155656,3-1-5,41.3
155656,4-1-5,178.6
155656,5-1-4,187.4
155656,6-1-4,655
155656,1-2-6,21.8
155656,2-1-6,152.4
155656,3-1-6,59.4
155656,4-1-6,221.9
155656,5-1-6,90.2
155656,6-1-5,406.5
155656,1-3-2,9.9
155656,2-3-1,201.8
155656,3-2-1,182.1
155656,4-2-1,500.7
155656,5-2-1,453.8
155656,6-2-1,798.5
155656,1-3-4,13.6
155656,2-3-4,466.6
155656,3-2-4,362.5
155656,4-2-3,1011
155656,5-2-3,871.7
155656,6-2-3,1585
155656,1-3-5,8.7
155656,2-3-5,401.7
155656,3-2-5,294.7
155656,4-2-5,945.6
155656,5-2-4,1302
155656,6-2-4,2042
155656,1-3-6,12.6
155656,2-3-6,488.8
155656,3-2-6,412.5
155656,4-2-6,956.1
155656,5-2-6,600.1
155656,6-2-5,1598
155656,1-4-2,31.2
155656,2-4-1,463.8
155656,3-4-1,180.3
155656,4-3-1,454.9
155656,5-3-1,203.4
155656,6-3-1,758.2
155656,1-4-3,29.1
155656,2-4-3,763.4
155656,3-4-2,336.4
155656,4-3-2,970.3
155656,5-3-2,540.6
155656,6-3-2,1585
155656,1-4-5,32.2
155656,2-4-5,853.6
155656,3-4-5,225.8
155656,4-3-5,658.3
155656,5-3-4,542.5
155656,6-3-4,1912
155656,1-4-6,35.6
155656,2-4-6,811
155656,3-4-6,272.4
155656,4-3-6,651.7
155656,5-3-6,335.1
155656,6-3-5,1333
155656,1-5-2,27.5
155656,2-5-1,380.7
155656,3-5-1,98.6
155656,4-5-1,267.1
155656,5-4-1,498.2
155656,6-4-1,1423
155656,1-5-3,16.7
155656,2-5-3,593.3
155656,3-5-2,248.5
155656,4-5-2,670.8
155656,5-4-2,1086
155656,6-4-2,2287
155656,1-5-4,39.3
155656,2-5-4,1105
155656,3-5-4,243.9
155656,4-5-3,758.2
155656,5-4-3,1122
155656,6-4-3,2241
155656,1-5-6,22.5
155656,2-5-6,563.7
155656,3-5-6,158.9
155656,4-5-6,347.9
155656,5-4-6,599.2
155656,6-4-5,1699
155656,1-6-2,59.4
155656,2-6-1,594.2
155656,3-6-1,258.5
155656,4-6-1,448.3
155656,5-6-1,290.2
155656,6-5-1,604.8
155656,1-6-3,37.3
155656,2-6-3,1147
155656,3-6-2,645.8
155656,4-6-2,975.2
155656,5-6-2,683.7
155656,6-5-2,1455
155656,1-6-4,77
155656,2-6-4,1415
155656,3-6-4,620.6
155656,4-6-3,1162
155656,5-6-3,586.6
155656,6-5-3,1228
155656,1-6-5,45
155656,2-6-5,876.6
155656,3-6-5,364.2
155656,4-6-5,602
155656,5-6-4,793.6
155656,6-5-4,1548
155657,1-2-3,15.2
155657,2-1-3,61.8
155657,3-1-2,77.5
155657,4-1-2,146
155657,5-1-2,98.8
155657,6-1-2,1398
155657,1-2-4,17.1
155657,2-1-4,68
155657,3-1-4,33.4
155657,4-1-3,92.5
155657,5-1-3,71.7
155657,6-1-3,1643
155657,1-2-5,18.1
155657,2-1-5,56.9
155657,3-1-5,31.2
155657,4-1-5,73.6
155657,5-1-4,90.1
155657,6-1-4,1719
155657,1-2-6,68.9
155657,2-1-6,188.6
155657,3-1-6,104.5
155657,4-1-6,145.9
155657,5-1-6,149.8
155657,6-1-5,1652
155657,1-3-2,16.5
155657,2-3-1,168.5
155657,3-2-1,201.9
155657,4-2-1,307
155657,5-2-1,191
155657,6-2-1,2379
155657,1-3-4,9.1
155657,2-3-4,234.2
155657,3-2-4,196.2
155657,4-2-3,525.8
155657,5-2-3,299.3
155657,6-2-3,3829
155657,1-3-5,9.8
155657,2-3-5,196.8
155657,3-2-5,177.2
155657,4-2-5,285.9
155657,5-2-4,311.4
155657,6-2-4,3342
155657,1-3-6,43.9
155657,2-3-6,652.7
155657,3-2-6,493.2
155657,4-2-6,651.3
155657,5-2-6,442.4
155657,6-2-5,2887
155657,1-4-2,23
155657,2-4-1,219
155657,3-4-1,68.7
155657,4-3-1,157.5
155657,5-3-1,116.2
155657,6-3-1,2458
155657,1-4-3,16.3
155657,2-4-3,353.5
155657,3-4-2,190.6
155657,4-3-2,476.9
155657,5-3-2,255.1
155657,6-3-2,3612
155657,1-4-5,18
155657,2-4-5,244
155657,3-4-5,64.2
155657,4-3-5,168.7
155657,5-3-4,186
155657,6-3-4,2542
155657,1-4-6,43.4
155657,2-4-6,624.4
155657,3-4-6,139.4
155657,4-3-6,278.9
155657,5-3-6,303.3
155657,6-3-5,2841
155657,1-5-2,26.9
155657,2-5-1,175.5
155657,3-5-1,71.9
155657,4-5-1,105
155657,5-4-1,158.1
155657,6-4-1,2065
155657,1-5-3,20.2
155657,2-5-3,276.6
155657,3-5-2,159.9
155657,4-5-2,216.4
155657,5-4-2,288.7
155657,6-4-2,3472
155657,1-5-4,27.3
155657,2-5-4,288.8
155657,3-5-4,93
155657,4-5-3,185.7
155657,5-4-3,235.8
155657,6-4-3,2728
155657,1-5-6,58.5
155657,2-5-6,517.9
155657,3-5-6,151.6
155657,4-5-6,152.3
155657,5-4-6,248.7
155657,6-4-5,1470
155657,1-6-2,215.1
155657,2-6-1,1289
155657,3-6-1,585.5
155657,4-6-1,406.9
155657,5-6-1,419.5
155657,6-5-1,1696
155657,1-6-3,197.9
155657,2-6-3,2056
155657,3-6-2,1062
155657,4-6-2,820.9
155657,5-6-2,685.8
155657,6-5-2,2424
155657,1-6-4,178.6
155657,2-6-4,1870
155657,3-6-4,487
155657,4-6-3,691.2
155657,5-6-3,612
155657,6-5-3,2499
155657,1-6-5,185.4
155657,2-6-5,1409
155657,3-6-5,541.1
155657,4-6-5,353.9
155657,5-6-4,494.3
155657,6-5-4,1362
155658,1-2-3,10.2
155658,2-1-3,68.8
155658,3-1-2,93
155658,4-1-2,96.6
155658,5-1-2,288.6
155658,6-1-2,462.7
155658,1-2-4,11.6
155658,2-1-4,74.8
155658,3-1-4,60.6
155658,4-1-3,81.3
155658,5-1-3,271.1
155658,6-1-3,426.8
155658,1-2-5,24.7
155658,2-1-5,123.8
155658,3-1-5,97.6
155658,4-1-5,95.1
155658,5-1-4,288.6
155658,6-1-4,466.9
155658,1-2-6,20.3
155658,2-1-6,109.9
155658,3-1-6,75.3
155658,4-1-6,84.3
155658,5-1-6,261.1
155658,6-1-5,783.2
155658,1-3-2,11.9
155658,2-3-1,182
155658,3-2-1,244.1
155658,4-2-1,265.5
155658,5-2-1,726.1
155658,6-2-1,849.5
155658,1-3-4,9.4
155658,2-3-4,288.4
155658,3-2-4,361.7
155658,4-2-3,466.3
155658,5-2-3,1143
155658,6-2-3,1246
155658,1-3-5,17.8
155658,2-3-5,497
155658,3-2-5,565.3
155658,4-2-5,547.4
155658,5-2-4,1220
155658,6-2-4,1318
155658,1-3-6,14.4
155658,2-3-6,408.9
155658,3-2-6,353.8
155658,4-2-6,385.4
155658,5-2-6,915.2
155658,6-2-5,1750
155658,1-4-2,15.6
155658,2-4-1,216.9
155658,3-4-1,140
155658,4-3-1,186.4
155658,5-3-1,637.4
155658,6-3-1,753.3
155658,1-4-3,13.2
155658,2-4-3,377.3
155658,3-4-2,330.4
155658,4-3-2,451.3
155658,5-3-2,1187
155658,6-3-2,1407
155658,1-4-5,22.1
155658,2-4-5,508
155658,3-4-5,271
155658,4-3-5,408.7
155658,5-3-4,1016
155658,6-3-4,1178
155658,1-4-6,17
155658,2-4-6,404.4
155658,3-4-6,211.4
155658,4-3-6,305.9
155658,5-3-6,940.3
155658,6-3-5,1783
155658,1-5-2,37.9
155658,2-5-1,506.1
155658,3-5-1,345
155658,4-5-1,234.5
155658,5-4-1,551
155658,6-4-1,696.4
155658,1-5-3,34.1
155658,2-5-3,850.8
155658,3-5-2,624.8
155658,4-5-2,477.7
155658,5-4-2,1252
155658,6-4-2,1302
155658,1-5-4,44.2
155658,2-5-4,920.7
155658,3-5-4,519.3
155658,4-5-3,437.3
155658,5-4-3,1018
155658,6-4-3,1166
155658,1-5-6,39.9
155658,2-5-6,738.3
155658,3-5-6,448.3
155658,4-5-6,258
155658,5-4-6,686.3
155658,6-4-5,1206
155658,1-6-2,50.2
155658,2-6-1,506.8
155658,3-6-1,379.5
155658,4-6-1,244.1
155658,5-6-1,728.9
155658,6-5-1,1323
155658,1-6-3,39.7
155658,2-6-3,801.1
155658,3-6-2,745.1
155658,4-6-2,483.5
155658,5-6-2,1319
155658,6-5-2,1994
155658,1-6-4,52.4
155658,2-6-4,865.8
155658,3-6-4,487.5
155658,4-6-3,414.5
155658,5-6-3,1251
155658,6-5-3,1858
155658,1-6-5,86.3
155658,2-6-5,1169
155658,3-6-5,693.5
155658,4-6-5,395.2
155658,5-6-4,959.3
155658,6-5-4,1352
155707,1-2-3,77.9
155707,2-1-3,102.6
155707,3-1-2,128
155707,4-1-2,38.7
155707,5-1-2,1645
155707,6-1-2,322.9
155707,1-2-4,50.8
155707,2-1-4,50.3
155707,3-1-4,52.6
155707,4-1-3,41.2
155707,5-1-3,1723
155707,6-1-3,559.7
155707,1-2-5,354.3
155707,2-1-5,425.2
155707,3-1-5,307.4
155707,4-1-5,155.4
155707,5-1-4,1173
155707,6-1-4,298.4
155707,1-2-6,93.1
155707,2-1-6,88.1
155707,3-1-6,105.3
155707,4-1-6,39.8
155707,5-1-6,1629
155707,6-1-5,1687
155707,1-3-2,73.3
155707,2-3-1,157.8
155707,3-2-1,143.5
155707,4-2-1,32.4
155707,5-2-1,1566
155707,6-2-1,308.6
155707,1-3-4,33.7
155707,2-3-4,58.4
155707,3-2-4,59.8
155707,4-2-3,36.7
155707,5-2-3,1574
155707,6-2-3,357
155707,1-3-5,239.3
155707,2-3-5,459.2
155707,3-2-5,369.9
155707,4-2-5,63.8
155707,5-2-4,747.5
155707,6-2-4,164.3
155707,1-3-6,79.9
155707,2-3-6,81.5
155707,3-2-6,77.6
155707,4-2-6,14.5
155707,5-2-6,749.2
155707,6-2-5,810.4
155707,1-4-2,46.8
155707,2-4-1,58.2
155707,3-4-1,28.7
155707,4-3-1,27.1
155707,5-3-1,1411
155707,6-3-1,455.4
155707,1-4-3,34.3
155707,2-4-3,56.3
155707,3-4-2,30.6
155707,4-3-2,29.4
155707,5-3-2,1597
155707,6-3-2,383.4
155707,1-4-5,207.3
155707,2-4-5,154.8
155707,3-4-5,69
155707,4-3-5,73.2
155707,5-3-4,702.6
155707,6-3-4,127.8
155707,1-4-6,44.9
155707,2-4-6,29.5
155707,3-4-6,15
155707,4-3-6,14.3
155707,5-3-6,1165
155707,6-3-5,909.5
155707,1-5-2,596.4
155707,2-5-1,894.6
155707,3-5-1,648.3
155707,4-5-1,172.2
155707,5-4-1,794.7
155707,6-4-1,204.2
155707,1-5-3,693.7
155707,2-5-3,1073
155707,3-5-2,598.5
155707,4-5-2,84.2
155707,5-4-2,540.3
155707,6-4-2,118
155707,1-5-4,689.3
155707,2-5-4,533.2
155707,3-5-4,283.4
155707,4-5-3,153.4
155707,5-4-3,628.4
155707,6-4-3,107.9
155707,1-5-6,839.5
155707,2-5-6,522.2
155707,3-5-6,387.9
155707,4-5-6,74.5
155707,5-4-6,419.7
155707,6-4-5,387.9
155707,1-6-2,178
155707,2-6-1,141.8
155707,3-6-1,123.5
155707,4-6-1,33.9
155707,5-6-1,1442
155707,6-5-1,2168
155707,1-6-3,203.5
155707,2-6-3,168
155707,3-6-2,107.9
155707,4-6-2,17.3
155707,5-6-2,875.4
155707,6-5-2,1026
155707,1-6-4,140.1
155707,2-6-4,74.2
155707,3-6-4,44.8
155707,4-6-3,20.6
155707,5-6-3,1309
155707,6-5-3,1304
155707,1-6-5,875.4
155707,2-6-5,419.7
155707,3-6-5,256.8
155707,4-6-5,60.3
155707,5-6-4,761.4
155707,6-5-4,796.6
155708,1-2-3,19.2
155708,2-1-3,51.8
155708,3-1-2,311.5
155708,4-1-2,15.9
155708,5-1-2,808.2
155708,6-1-2,185.2
155708,1-2-4,7.8
155708,2-1-4,21.1
155708,3-1-4,249.9
155708,4-1-3,52
155708,5-1-3,1892
155708,6-1-3,447.4
155708,1-2-5,146.6
155708,2-1-5,242.7
155708,3-1-5,1243
155708,4-1-5,98
155708,5-1-4,841.7
155708,6-1-4,116.9
155708,1-2-6,22
155708,2-1-6,49.7
155708,3-1-6,434
155708,4-1-6,15.2
155708,5-1-6,1149
155708,6-1-5,763.6
155708,1-3-2,42.2
155708,2-3-1,189.4
155708,3-2-1,409.5
155708,4-2-1,21.7
155708,5-2-1,986
155708,6-2-1,264.9
155708,1-3-4,40
155708,2-3-4,179.8
155708,3-2-4,338.5
155708,4-2-3,66.9
155708,5-2-3,2086
155708,6-2-3,720.3
155708,1-3-5,357.2
155708,2-3-5,1213
155708,3-2-5,2207
155708,4-2-5,139.6
155708,5-2-4,979.7
155708,6-2-4,201.5
155708,1-3-6,78.8
155708,2-3-6,407.8
155708,3-2-6,896.1
155708,4-2-6,34.8
155708,5-2-6,1674
155708,6-2-5,1213
155708,1-4-2,8.1
155708,2-4-1,33.2
155708,3-4-1,311.8
155708,4-3-1,134
155708,5-3-1,2929
155708,6-3-1,785.3
155708,1-4-3,24.5
155708,2-4-3,101.5
155708,3-4-2,258.6
155708,4-3-2,112.9
155708,5-3-2,3311
155708,6-3-2,1057
155708,1-4-5,93.2
155708,2-4-5,238.2
155708,3-4-5,1692
155708,4-3-5,518.1
155708,5-3-4,2769
155708,6-3-4,711.9
155708,1-4-6,11.1
155708,2-4-6,52.9
155708,3-4-6,475.3
155708,4-3-6,194.6
155708,5-3-6,2958
155708,6-3-5,2160
155708,1-5-2,307.4
155708,2-5-1,1008
155708,3-5-1,2457
155708,4-5-1,182.7
155708,5-4-1,855.8
155708,6-4-1,102.2
155708,1-5-3,771.3
155708,2-5-3,1880
155708,3-5-2,3173
155708,4-5-2,227.8
155708,5-4-2,803.9
155708,6-4-2,136.6
155708,1-5-4,325.8
155708,2-5-4,825.7
155708,3-5-4,3173
155708,4-5-3,523.5
155708,5-4-3,2240
155708,6-4-3,372.4
155708,1-5-6,563.2
155708,2-5-6,1259
155708,3-5-6,3311
155708,4-5-6,204.6
155708,5-4-6,1080
155708,6-4-5,506.9
155708,1-6-2,42.5
155708,2-6-1,140.9
155708,3-6-1,808.2
155708,4-6-1,20.3
155708,5-6-1,1570
155708,6-5-1,1423
155708,1-6-3,98.3
155708,2-6-3,415.6
155708,3-6-2,1167
155708,4-6-2,26.7
155708,5-6-2,1846
155708,6-5-2,1824
155708,1-6-4,34.8
155708,2-6-4,121.4
155708,3-6-4,806
155708,4-6-3,80.3
155708,5-6-3,2477
155708,6-5-3,2604
155708,1-6-5,340
155708,2-6-5,671.1
155708,3-6-5,2418
155708,4-6-5,89
155708,5-6-4,1378
155708,6-5-4,1096
155709,1-2-3,40.3
155709,2-1-3,62.3
155709,3-1-2,192.1
155709,4-1-2,11.5
155709,5-1-2,604.1
155709,6-1-2,2729
155709,1-2-4,15.7
155709,2-1-4,25
155709,3-1-4,100.8
155709,4-1-3,19.8
155709,5-1-3,875.3
155709,6-1-3,4481
155709,1-2-5,80.8
155709,2-1-5,103.3
155709,3-1-5,302.3
155709,4-1-5,21
155709,5-1-4,368.4
155709,6-1-4,1876
155709,1-2-6,426.5
155709,2-1-6,567.6
155709,3-1-6,1735
155709,4-1-6,161
155709,5-1-6,1597
155709,6-1-5,5560
155709,1-3-2,57.9
155709,2-3-1,89.7
155709,3-2-1,194.3
155709,4-2-1,14.3
155709,5-2-1,642.9
155709,6-2-1,4351
155709,1-3-4,29.8
155709,2-3-4,44.8
155709,3-2-4,89.3
155709,4-2-3,18.8
155709,5-2-3,800.6
155709,6-2-3,4619
155709,1-3-5,132.9
155709,2-3-5,122.5
155709,3-2-5,274.7
155709,4-2-5,19.9
155709,5-2-4,259.7
155709,6-2-4,2859
155709,1-3-6,804.9
155709,2-3-6,968.5
155709,3-2-6,1696
155709,4-2-6,169.7
155709,5-2-6,2461
155709,6-2-5,5361
155709,1-4-2,10.9
155709,2-4-1,20.6
155709,3-4-1,87
155709,4-3-1,34.9
155709,5-3-1,1146
155709,6-3-1,5560
155709,1-4-3,16.1
155709,2-4-3,27
155709,3-4-2,66.7
155709,4-3-2,25.5
155709,5-3-2,1014
155709,6-3-2,6255
155709,1-4-5,28.1
155709,2-4-5,32.7
155709,3-4-5,121.6
155709,4-3-5,34.5
155709,5-3-4,642.9
155709,6-3-4,4922
155709,1-4-6,183.9
155709,2-4-6,263.3
155709,3-4-6,1031
155709,4-3-6,319.7
155709,5-3-6,3574
155709,6-3-5,6255
155709,1-5-2,171.8
155709,2-5-1,231.8
155709,3-5-1,542.9
155709,4-5-1,28
155709,5-4-1,257.2
155709,6-4-1,2544
155709,1-5-3,220.6
155709,2-5-3,234
155709,3-5-2,486.6
155709,4-5-2,24.9
155709,5-4-2,190.5
155709,6-4-2,2566
155709,1-5-4,129.1
155709,2-5-4,111.9
155709,3-5-4,330.6
155709,4-5-3,38.6
155709,5-4-3,348.7
155709,6-4-3,4766
155709,1-5-6,865.3
155709,2-5-6,1416
155709,3-5-6,3002
155709,4-5-6,166.5
155709,5-4-6,1266
155709,6-4-5,4003
155709,1-6-2,1215
155709,2-6-1,2099
155709,3-6-1,4415
155709,4-6-1,414.7
155709,5-6-1,2345
155709,6-5-1,6255
155709,1-6-3,1686
155709,2-6-3,2175
155709,3-6-2,4170
155709,4-6-2,450.8
155709,5-6-2,4113
155709,6-5-2,6005
155709,1-6-4,994.2
155709,2-6-4,1215
155709,3-6-4,2915
155709,4-6-3,777.8
155709,5-6-3,5176
155709,6-5-3,5887
155709,1-6-5,2421
155709,2-6-5,2292
155709,3-6-5,5267
155709,4-6-5,493
155709,5-6-4,3063
155709,6-5-4,4351
155710,1-2-3,18.7
155710,2-1-3,41.7
155710,3-1-2,22.4
155710,4-1-2,77.1
155710,5-1-2,621
155710,6-1-2,3318
155710,1-2-4,24.6
155710,2-1-4,54.8
155710,3-1-4,10
155710,4-1-3,35.5
155710,5-1-3,294.5
155710,6-1-3,3780
155710,1-2-5,76.3
155710,2-1-5,158.8
155710,3-1-5,28.2
155710,4-1-5,90.7
155710,5-1-4,499.1
155710,6-1-4,4528
155710,1-2-6,518.7
155710,2-1-6,943
155710,3-1-6,304.6
155710,4-1-6,679.2
155710,5-1-6,1834
155710,6-1-5,6210
155710,1-3-2,12.6
155710,2-3-1,50.2
155710,3-2-1,41.7
155710,4-2-1,129
155710,5-2-1,834.4
155710,6-2-1,4347
155710,1-3-4,6.7
155710,2-3-4,44.4
155710,3-2-4,35.6
155710,4-2-3,99.9
155710,5-2-3,774.9
155710,6-2-3,5114
155710,1-3-5,24.1
155710,2-3-5,115
155710,3-2-5,81.1
155710,4-2-5,218.4
155710,5-2-4,880
155710,6-2-4,4481
155710,1-3-6,337.2
155710,2-3-6,903.8
155710,3-2-6,601.2
155710,4-2-6,1022
155710,5-2-6,2751
155710,6-2-5,5434
155710,1-4-2,26.2
155710,2-4-1,93.1
155710,3-4-1,12.9
155710,4-3-1,32.8
155710,5-3-1,301
155710,6-3-1,3847
155710,1-4-3,14.1
155710,2-4-3,68.5
155710,3-4-2,23.6
155710,4-3-2,61.7
155710,5-3-2,597.9
155710,6-3-2,4940
155710,1-4-5,48.5
155710,2-4-5,183
155710,3-4-5,23.7
155710,4-3-5,57.7
155710,5-3-4,328.5
155710,6-3-4,3477
155710,1-4-6,420
155710,2-4-6,1050
155710,3-4-6,211.2
155710,4-3-6,444
155710,5-3-6,2229
155710,6-3-5,4576
155710,1-5-2,161.9
155710,2-5-1,460
155710,3-5-1,74.9
155710,4-5-1,173.1
155710,5-4-1,590.6
155710,6-4-1,5367
155710,1-5-3,92.8
155710,2-5-3,351.4
155710,3-5-2,116.1
155710,4-5-2,280.2
155710,5-4-2,974.7
155710,6-4-2,4576
155710,1-5-4,128.8
155710,2-5-4,450.9
155710,3-5-4,71.9
155710,4-5-3,128.8
155710,5-4-3,387.1
155710,6-4-3,3450
155710,1-5-6,1129
155710,2-5-6,2100
155710,3-5-6,641.1
155710,4-5-6,783.2
155710,5-4-6,1834
155710,6-4-5,3952
155710,1-6-2,1468
155710,2-6-1,2998
155710,3-6-1,1586
155710,4-6-1,1592
155710,5-6-1,4220
155710,6-5-1,6210
155710,1-6-3,1652
155710,2-6-3,3344
155710,3-6-2,1731
155710,4-6-2,1985
155710,5-6-2,5055
155710,6-5-2,6488
155710,1-6-4,1558
155710,2-6-4,3268
155710,3-6-4,1037
155710,4-6-3,1493
155710,5-6-3,4062
155710,6-5-3,5301
155710,1-6-5,1949
155710,2-6-5,3653
155710,3-6-5,1509
155710,4-6-5,1842
155710,5-6-4,3847
155710,6-5-4,6488
155711,1-2-3,35.2
155711,2-1-3,341.7
155711,3-1-2,232.3
155711,4-1-2,101.5
155711,5-1-2,415.4
155711,6-1-2,282.2
155711,1-2-4,17.8
155711,2-1-4,219.6
155711,3-1-4,57.8
155711,4-1-3,62.4
155711,5-1-3,268.2
155711,6-1-3,152.9
155711,1-2-5,44.9
155711,2-1-5,504
155711,3-1-5,107.1
155711,4-1-5,53.8
155711,5-1-4,118.8
155711,6-1-4,105.7
155711,1-2-6,36
155711,2-1-6,377.4
155711,3-1-6,78.9
155711,4-1-6,40.2
155711,5-1-6,159.2
155711,6-1-5,207.3
155711,1-3-2,34.2
155711,2-3-1,661.6
155711,3-2-1,613.2
155711,4-2-1,337
155711,5-2-1,926.7
155711,6-2-1,619.3
155711,1-3-4,9.4
155711,2-3-4,1111
155711,3-2-4,823.5
155711,4-2-3,670.5
155711,5-2-3,1447
155711,6-2-3,1036
155711,1-3-5,24.1
155711,2-3-5,1559
155711,3-2-5,1178
155711,4-2-5,630.9
155711,5-2-4,1187
155711,6-2-4,800.6
155711,1-3-6,16
155711,2-3-6,1431
155711,3-2-6,970.1
155711,4-2-6,496.3
155711,5-2-6,1053
155711,6-2-5,1090
155711,1-4-2,15.3
155711,2-4-1,417.7
155711,3-4-1,95.9
155711,4-3-1,138.4
155711,5-3-1,619.9
155711,6-3-1,290.4
155711,1-4-3,10.4
155711,2-4-3,963.8
155711,3-4-2,496.3
155711,4-3-2,618.3
155711,5-3-2,1795
155711,6-3-2,1145
155711,1-4-5,11.8
155711,2-4-5,1095
155711,3-4-5,175.1
155711,4-3-5,263.8
155711,5-3-4,572.8
155711,6-3-4,397.9
155711,1-4-6,8.8
155711,2-4-6,732.3
155711,3-4-6,122.7
155711,4-3-6,186.7
155711,5-3-6,780.5
155711,6-3-5,822.6
155711,1-5-2,63.5
155711,2-5-1,1145
155711,3-5-1,274.1
155711,4-5-1,104.6
155711,5-4-1,235.5
155711,6-4-1,169.5
155711,1-5-3,48.6
155711,2-5-3,1935
155711,3-5-2,993.3
155711,4-5-2,379.5
155711,5-4-2,951.5
155711,6-4-2,649.5
155711,1-5-4,21.1
155711,2-5-4,1630
155711,3-5-4,284.8
155711,4-5-3,261
155711,5-4-3,684.6
155711,6-4-3,370.8
155711,1-5-6,33.2
155711,2-5-6,1417
155711,3-5-6,346.1
155711,4-5-6,106
155711,5-4-6,265.2
155711,6-4-5,329.7
155711,1-6-2,66.6
155711,2-6-1,880.8
155711,3-6-1,188.8
155711,4-6-1,80.9
155711,5-6-1,281.3
155711,6-5-1,376.1
155711,1-6-3,36.3
155711,2-6-3,1757
155711,3-6-2,877.7
155711,4-6-2,381.5
155711,5-6-2,902.1
155711,6-5-2,1021
155711,1-6-4,23.6
155711,2-6-4,1138
155711,3-6-4,221.1
155711,4-6-3,199.3
155711,5-6-3,658.7
155711,6-5-3,777.3
155711,1-6-5,48.9
155711,2-6-5,1795
155711,3-6-5,372.5
155711,4-6-5,135.1
155711,5-6-4,325.6
155711,6-5-4,409
155712,1-2-3,17.5
155712,2-1-3,49.6
155712,3-1-2,535.1
155712,4-1-2,19.7
155712,5-1-2,139.2
155712,6-1-2,775.5
155712,1-2-4,4.3
155712,2-1-4,11.3
155712,3-1-4,469
155712,4-1-3,110.8
155712,5-1-3,488.3
155712,6-1-3,1783
155712,1-2-5,12.4
155712,2-1-5,32.9
155712,3-1-5,682.4
155712,4-1-5,36.9
155712,5-1-4,168.4
155712,6-1-4,763.5
155712,1-2-6,80.9
155712,2-1-6,186.3
155712,3-1-6,2064
155712,4-1-6,217
155712,5-1-6,427.2
155712,6-1-5,1138
155712,1-3-2,48.1
155712,2-3-1,208.3
155712,3-2-1,739.8
155712,4-2-1,29.9
155712,5-2-1,224.4
155712,6-2-1,1037
155712,1-3-4,38.2
155712,2-3-4,170.1
155712,3-2-4,648.6
155712,4-2-3,171.5
155712,5-2-3,872.4
155712,6-2-3,2450
155712,1-3-5,106.2
155712,2-3-5,455.7
155712,3-2-5,1182
155712,4-2-5,65.7
155712,5-2-4,314
155712,6-2-4,1061
155712,1-3-6,331.8
155712,2-3-6,1242
155712,3-2-6,2686
155712,4-2-6,336
155712,5-2-6,888.1
155712,6-2-5,2006
155712,1-4-2,5.7
155712,2-4-1,22.4
155712,3-4-1,615
155712,4-3-1,363
155712,5-3-1,1486
155712,6-3-1,3072
155712,1-4-3,24.9
155712,2-4-3,106.2
155712,3-4-2,679.5
155712,4-3-2,405.3
155712,5-3-2,1798
155712,6-3-2,3988
155712,1-4-5,14.1
155712,2-4-5,63.5
155712,3-4-5,1184
155712,4-3-5,594.5
155712,5-3-4,1629
155712,6-3-4,3194
155712,1-4-6,83
155712,2-4-6,302.1
155712,3-4-6,2119
155712,4-3-6,1740
155712,5-3-6,2548
155712,6-3-5,3777
155712,1-5-2,31.7
155712,2-5-1,136.2
155712,3-5-1,1667
155712,4-5-1,69.6
155712,5-4-1,216.1
155712,6-4-1,1200
155712,1-5-3,114.3
155712,2-5-3,521.6
155712,3-5-2,1605
155712,4-5-2,87.7
155712,5-4-2,335.8
155712,6-4-2,1456
155712,1-5-4,36.7
155712,2-5-4,157.4
155712,3-5-4,1783
155712,4-5-3,399.5
155712,5-4-3,925.2
155712,6-4-3,3102
155712,1-5-6,141.5
155712,2-5-6,795.7
155712,3-5-6,3029
155712,4-5-6,345.2
155712,5-4-6,917.3
155712,6-4-5,2098
155712,1-6-2,305.6
155712,2-6-1,857.3
155712,3-6-1,4459
155712,4-6-1,649.2
155712,5-6-1,871.3
155712,6-5-1,1518
155712,1-6-3,735.5
155712,2-6-3,2414
155712,3-6-2,4428
155712,4-6-2,846
155712,5-6-2,1360
155712,6-5-2,2642
155712,1-6-4,299.3
155712,2-6-4,986.4
155712,3-6-4,4116
155712,4-6-3,1951
155712,5-6-3,2184
155712,6-5-3,3397
155712,1-6-5,415
155712,2-6-5,1698
155712,3-6-5,4398
155712,4-6-5,1003
155712,5-6-4,1332
155712,6-5-4,2396
155713,1-2-3,22.2
155713,2-1-3,181.5
155713,3-1-2,346.7
155713,4-1-2,11.8
155713,5-1-2,2099
155713,6-1-2,592.8
155713,1-2-4,4.8
155713,2-1-4,41
155713,3-1-4,139.6
155713,4-1-3,36.2
155713,5-1-3,2118
155713,6-1-3,1061
155713,1-2-5,132.4
155713,2-1-5,576.9
155713,3-1-5,717.4
155713,4-1-5,48.7
155713,5-1-4,977.9
155713,6-1-4,268.3
155713,1-2-6,36.5
155713,2-1-6,221.1
155713,3-1-6,455.8
155713,4-1-6,14.4
155713,5-1-6,2125
155713,6-1-5,1642
155713,1-3-2,32.6
155713,2-3-1,522
155713,3-2-1,706.3
155713,4-2-1,37.6
155713,5-2-1,3432
155713,6-2-1,1082
155713,1-3-4,16.6
155713,2-3-4,619
155713,3-2-4,642.8
155713,4-2-3,181.1
155713,5-2-3,4038
155713,6-2-3,2884
155713,1-3-5,229.8
155713,2-3-5,2367
155713,3-2-5,1933
155713,4-2-5,299.9
155713,5-2-4,2768
155713,6-2-4,1056
155713,1-3-6,99.5
155713,2-3-6,1454
155713,3-2-6,1525
155713,4-2-6,74.5
155713,5-2-6,3968
155713,6-2-5,3349
155713,1-4-2,4.7
155713,2-4-1,76.3
155713,3-4-1,171.2
155713,4-3-1,134.6
155713,5-3-1,3538
155713,6-3-1,1801
155713,1-4-3,12.1
155713,2-4-3,330.8
155713,3-4-2,420.9
155713,4-3-2,298.5
155713,5-3-2,4546
155713,6-3-2,3520
155713,1-4-5,34.2
155713,2-4-5,648.3
155713,3-4-5,861.4
155713,4-3-5,642.2
155713,5-3-4,3092
155713,6-3-4,1845
155713,1-4-6,8.2
155713,2-4-6,259.1
155713,3-4-6,420.4
155713,4-3-6,301.5
155713,5-3-6,4702
155713,6-3-5,4135
155713,1-5-2,418.3
155713,2-5-1,2487
155713,3-5-1,2650
155713,4-5-1,139.5
155713,5-4-1,1052
155713,6-4-1,268.4
155713,1-5-3,586.7
155713,2-5-3,3485
155713,3-5-2,2909
155713,4-5-2,309.2
155713,5-4-2,2351
155713,6-4-2,704.1
155713,1-5-4,251.9
155713,2-5-4,2630
155713,3-5-4,2243
155713,4-5-3,683.1
155713,5-4-3,2571
155713,6-4-3,1246
155713,1-5-6,543.1
155713,2-5-6,3415
155713,3-5-6,3349
155713,4-5-6,209.6
155713,5-4-6,2118
155713,6-4-5,1457
155713,1-6-2,101.1
155713,2-6-1,767
155713,3-6-1,1241
155713,4-6-1,40.4
155713,5-6-1,3835
155713,6-5-1,3793
155713,1-6-3,194.3
155713,2-6-3,1995
155713,3-6-2,2243
155713,4-6-2,85.2
155713,5-6-2,4801
155713,6-5-2,4372
155713,1-6-4,50.7
155713,2-6-4,768.8
155713,3-6-4,1212
155713,4-6-3,251.2
155713,5-6-3,5011
155713,6-5-3,4290
155713,1-6-5,390.7
155713,2-6-5,2972
155713,3-6-5,3051
155713,4-6-5,193.2
155713,5-6-4,3485
155713,6-5-4,3398
155714,1-2-3,6.5
155714,2-1-3,49.2
155714,3-1-2,33.3
155714,4-1-2,52.2
155714,5-1-2,3074
155714,6-1-2,129.2
155714,1-2-4,19.4
155714,2-1-4,103.7
155714,3-1-4,64.1
155714,4-1-3,53.6
155714,5-1-3,2230
155714,6-1-3,79.6
155714,1-2-5,165.7
155714,2-1-5,796.3
155714,3-1-5,256.3
155714,4-1-5,357.7
155714,5-1-4,2046
155714,6-1-4,214.8
155714,1-2-6,17.4
155714,2-1-6,116.5
155714,3-1-6,32.2
155714,4-1-6,51
155714,5-1-6,2642
155714,6-1-5,625.3
155714,1-3-2,5.1
155714,2-3-1,110.3
155714,3-2-1,103.2
155714,4-2-1,137.9
155714,5-2-1,4434
155714,6-2-1,317
155714,1-3-4,12.4
155714,2-3-4,449.9
155714,3-2-4,407.6
155714,4-2-3,416.6
155714,5-2-3,4822
155714,6-2-3,427.7
155714,1-3-5,91.9
155714,2-3-5,1408
155714,3-2-5,1096
155714,4-2-5,1339
155714,5-2-4,4359
155714,6-2-4,712.5
155714,1-3-6,6.7
155714,2-3-6,308.5
155714,3-2-6,238.3
155714,4-2-6,225.5
155714,5-2-6,5178
155714,6-2-5,2192
155714,1-4-2,24.7
155714,2-4-1,286.1
155714,3-4-1,176
155714,4-3-1,101
155714,5-3-1,3639
155714,6-3-1,129.4
155714,1-4-3,21.9
155714,2-4-3,784.1
155714,3-4-2,459
155714,4-3-2,314
155714,5-3-2,5935
155714,6-3-2,337.7
155714,1-4-5,235.1
155714,2-4-5,2746
155714,3-4-5,1118
155714,4-3-5,1041
155714,5-3-4,5076
155714,6-3-4,467.9
155714,1-4-6,35.9
155714,2-4-6,975.5
155714,3-4-6,304.6
155714,4-3-6,244.8
155714,5-3-6,3745
155714,6-3-5,1219
155714,1-5-2,484.4
155714,2-5-1,3228
155714,3-5-1,1426
155714,4-5-1,827.9
155714,5-4-1,2555
155714,6-4-1,309.8
155714,1-5-3,380.4
155714,2-5-3,3639
155714,3-5-2,2359
155714,4-5-2,1353
155714,5-4-2,5144
155714,6-4-2,493.6
155714,1-5-4,592.2
155714,2-5-4,4148
155714,3-5-4,2389
155714,4-5-3,1614
155714,5-4-3,4593
155714,6-4-3,457.9
155714,1-5-6,589.9
155714,2-5-6,4409
155714,3-5-6,1439
155714,4-5-6,981.7
155714,5-4-6,4512
155714,6-4-5,1584
155714,1-6-2,26.3
155714,2-6-1,370.8
155714,3-6-1,85.1
155714,4-6-1,79.4
155714,5-6-1,4019
155714,6-5-1,1737
155714,1-6-3,16.6
155714,2-6-3,532.5
155714,3-6-2,206.3
155714,4-6-2,139.4
155714,5-6-2,6028
155714,6-5-2,2890
155714,1-6-4,62.9
155714,2-6-4,1201
155714,3-6-4,292.2
155714,4-6-3,166.6
155714,5-6-3,3523
155714,6-5-3,1695
155714,1-6-5,308.9
155714,2-6-5,2934
155714,3-6-5,715.8
155714,4-6-5,521.3
155714,5-6-4,4853
155714,6-5-4,2563
155715,1-2-3,4.1
155715,2-1-3,19.3
155715,3-1-2,14.1
155715,4-1-2,404.3
155715,5-1-2,1047
155715,6-1-2,130.1
155715,1-2-4,31.3
155715,2-1-4,107.7
155715,3-1-4,58.6
155715,4-1-3,391.2
155715,5-1-3,1069
155715,6-1-3,139.7
155715,1-2-5,81.3
155715,2-1-5,274.8
155715,3-1-5,124
155715,4-1-5,989.6
155715,5-1-4,2581
155715,6-1-4,615.8
155715,1-2-6,18.2
155715,2-1-6,61.7
155715,3-1-6,27.1
155715,4-1-6,542.6
155715,5-1-6,2172
155715,6-1-5,1419
155715,1-3-2,3.7
155715,2-3-1,27.9
155715,3-2-1,28.7
155715,4-2-1,699.2
155715,5-2-1,1742
155715,6-2-1,239.4
155715,1-3-4,20.9
155715,2-3-4,106.9
155715,3-2-4,120.7
155715,4-2-3,826.5
155715,5-2-3,1905
155715,6-2-3,315.4
155715,1-3-5,52.1
155715,2-3-5,268.2
155715,3-2-5,223.9
155715,4-2-5,2152
155715,5-2-4,3769
155715,6-2-4,1220
155715,1-3-6,10.3
155715,2-3-6,69.4
155715,3-2-6,59.6
155715,4-2-6,989.6
155715,5-2-6,3914
155715,6-2-5,2500
155715,1-4-2,95.8
155715,2-4-1,384.3
155715,3-4-1,215.2
155715,4-3-1,649.5
155715,5-3-1,1552
155715,6-3-1,208.7
155715,1-4-3,88.6
155715,2-4-3,353.7
155715,3-4-2,296
155715,4-3-2,756.3
155715,5-3-2,1503
155715,6-3-2,238.6
155715,1-4-5,328.9
155715,2-4-5,1215
155715,3-4-5,744.5
155715,4-3-5,2219
155715,5-3-4,4191
155715,6-3-4,970.7
155715,1-4-6,154.2
155715,2-4-6,500.3
155715,3-4-6,339.7
155715,4-3-6,981.4
155715,5-3-6,2956
155715,6-3-5,1817
155715,1-5-2,232.3
155715,2-5-1,1205
155715,3-5-1,545.5
155715,4-5-1,1597
155715,5-4-1,2993
155715,6-4-1,1220
155715,1-5-3,225.7
155715,2-5-3,1055
155715,3-5-2,627.7
155715,4-5-2,1962
155715,5-4-2,4292
155715,6-4-2,1535
155715,1-5-4,647.1
155715,2-5-4,2313
155715,3-5-4,1224
155715,4-5-3,2553
155715,5-4-3,4142
155715,6-4-3,1529
155715,1-5-6,637.8
155715,2-5-6,1952
155715,3-5-6,862.6
155715,4-5-6,1548
155715,5-4-6,3392
155715,6-4-5,2740
155715,1-6-2,49.8
155715,2-6-1,218.7
155715,3-6-1,96
155715,4-6-1,739.8
155715,5-6-1,3253
155715,6-5-1,2678
155715,1-6-3,46.1
155715,2-6-3,222.8
155715,3-6-2,122.1
155715,4-6-2,855.3
155715,5-6-2,3392
155715,6-5-2,3152
155715,1-6-4,204
155715,2-6-4,737.5
155715,3-6-4,387.2
155715,4-6-3,874.2
155715,5-6-3,3409
155715,6-5-3,3111
155715,1-6-5,512.2
155715,2-6-5,1512
155715,3-6-5,653
155715,4-6-5,1952
155715,5-6-4,3789
155715,6-5-4,3268
155716,1-2-3,10.2
155716,2-1-3,84.1
155716,3-1-2,58.1
155716,4-1-2,815.6
155716,5-1-2,266.5
155716,6-1-2,197.4
155716,1-2-4,36.1
155716,2-1-4,230.1
155716,3-1-4,102.8
155716,4-1-3,763.8
155716,5-1-3,169.2
155716,6-1-3,127.3
155716,1-2-5,17.1
155716,2-1-5,115.8
155716,3-1-5,37.3
155716,4-1-5,607.3
155716,5-1-4,452.9
155716,6-1-4,390.6
155716,1-2-6,16.6
155716,2-1-6,116.3
155716,3-1-6,38.8
155716,4-1-6,515.1
155716,5-1-6,113
155716,6-1-5,124.3
155716,1-3-2,8.7
155716,2-3-1,145.8
155716,3-2-1,135.5
155716,4-2-1,1330
155716,5-2-1,596.2
155716,6-2-1,423
155716,1-3-4,21.5
155716,2-3-4,462.2
155716,3-2-4,406
155716,4-2-3,1867
155716,5-2-3,725.2
155716,6-2-3,678.3
155716,1-3-5,8
155716,2-3-5,210
155716,3-2-5,200.3
155716,4-2-5,2035
155716,5-2-4,1487
155716,6-2-4,1224
155716,1-3-6,8.5
155716,2-3-6,218.5
155716,3-2-6,214.8
155716,4-2-6,1534
155716,5-2-6,539.6
155716,6-2-5,656.5
155716,1-4-2,73.8
155716,2-4-1,721.4
155716,3-4-1,337.7
155716,4-3-1,1039
155716,5-3-1,288.3
155716,6-3-1,224.9
155716,1-4-3,63.8
155716,2-4-3,1031
155716,3-4-2,618.8
155716,4-3-2,1786
155716,5-3-2,601.9
155716,6-3-2,637.6
155716,1-4-5,63.7
155716,2-4-5,1128
155716,3-4-5,366.6
155716,4-3-5,1549
155716,5-3-4,1228
155716,6-3-4,971.6
155716,1-4-6,51.5
155716,2-4-6,947.9
155716,3-4-6,348.4
155716,4-3-6,1268
155716,5-3-6,328.2
155716,6-3-5,375.6
155716,1-5-2,30.6
155716,2-5-1,376.3
155716,3-5-1,80.1
155716,4-5-1,982.1
155716,5-4-1,1194
155716,6-4-1,909
155716,1-5-3,21.7
155716,2-5-3,459.6
155716,3-5-2,209.1
155716,4-5-2,1763
155716,5-4-2,1889
155716,6-4-2,1588
155716,1-5-4,66.6
155716,2-5-4,1102
155716,3-5-4,319.8
155716,4-5-3,1782
155716,5-4-3,1859
155716,6-4-3,1613
155716,1-5-6,22
155716,2-5-6,397.9
155716,3-5-6,90.1
155716,4-5-6,888.2
155716,5-4-6,1111
155716,6-4-5,1190
155716,1-6-2,34.3
155716,2-6-1,340.3
155716,3-6-1,87.9
155716,4-6-1,865.7
155716,5-6-1,161.3
155716,6-5-1,187.5
155716,1-6-3,23.4
155716,2-6-3,484.6
155716,3-6-2,263.1
155716,4-6-2,1534
155716,5-6-2,427.4
155716,6-5-2,554.6
155716,1-6-4,62.9
155716,2-6-4,1025
155716,3-6-4,376.6
155716,4-6-3,1669
155716,5-6-3,273.4
155716,6-5-3,369.5
155716,1-6-5,30.3
155716,2-6-5,495.2
155716,3-6-5,111.6
155716,4-6-5,1099
155716,5-6-4,741
155716,6-5-4,811.6
155717,1-2-3,7
155717,2-1-3,83.1
155717,3-1-2,43.5
155717,4-1-2,249.5
155717,5-1-2,1713
155717,6-1-2,247.5
155717,1-2-4,13.4
155717,2-1-4,137.5
155717,3-1-4,35
155717,4-1-3,168.9
155717,5-1-3,1366
155717,6-1-3,165.3
155717,1-2-5,97.5
155717,2-1-5,549.2
155717,3-1-5,190.5
155717,4-1-5,603.1
155717,5-1-4,1771
155717,6-1-4,266.7
155717,1-2-6,14.5
155717,2-1-6,151.6
155717,3-1-6,30.9
155717,4-1-6,161.1
155717,5-1-6,1385
155717,6-1-5,1021
155717,1-3-2,6.6
155717,2-3-1,192.7
155717,3-2-1,137.8
155717,4-2-1,520.6
155717,5-2-1,2746
155717,6-2-1,685
155717,1-3-4,6.7
155717,2-3-4,449.4
155717,3-2-4,310.5
155717,4-2-3,744.6
155717,5-2-3,2993
155717,6-2-3,861
155717,1-3-5,85.5
155717,2-3-5,1481
155717,3-2-5,921
155717,4-2-5,1948
155717,5-2-4,3635
155717,6-2-4,954.3
155717,1-3-6,7.7
155717,2-3-6,441.7
155717,3-2-6,279.9
155717,4-2-6,695
155717,5-2-6,2407
155717,6-2-5,2308
155717,1-4-2,25.5
155717,2-4-1,471.6
155717,3-4-1,113
155717,4-3-1,259.9
155717,5-3-1,2308
155717,6-3-1,233.8
155717,1-4-3,18.5
155717,2-4-3,694.5
155717,3-4-2,289.1
155717,4-3-2,687.1
155717,5-3-2,3253
155717,6-3-2,670.6
155717,1-4-5,150.1
155717,2-4-5,2201
155717,3-4-5,650.2
155717,4-3-5,1450
155717,5-3-4,2944
155717,6-3-4,442.1
155717,1-4-6,19.5
155717,2-4-6,740.3
155717,3-4-6,126.4
155717,4-3-6,333.1
155717,5-3-6,2878
155717,6-3-5,1379
155717,1-5-2,309.9
155717,2-5-1,2302
155717,3-5-1,975
155717,4-5-1,1184
155717,5-4-1,2672
155717,6-4-1,505.6
155717,1-5-3,247.6
155717,2-5-3,2737
155717,3-5-2,1778
155717,4-5-2,2018
155717,5-4-2,3592
155717,6-4-2,1029
155717,1-5-4,364.7
155717,2-5-4,3184
155717,3-5-4,1394
155717,4-5-3,1844
155717,5-4-3,3118
155717,6-4-3,595.1
155717,1-5-6,254.5
155717,2-5-6,3075
155717,3-5-6,1129
155717,4-5-6,1259
155717,5-4-6,2704
155717,6-4-5,1817
155717,1-6-2,21.7
155717,2-6-1,540.6
155717,3-6-1,91.2
155717,4-6-1,251.2
155717,5-6-1,2302
155717,6-5-1,2320
155717,1-6-3,18.3
155717,2-6-3,742.7
155717,3-6-2,282.1
155717,4-6-2,567.3
155717,5-6-2,3107
155717,6-5-2,3151
155717,1-6-4,24.5
155717,2-6-4,917.3
155717,3-6-4,173
155717,4-6-3,371.3
155717,5-6-3,2983
155717,6-5-3,2763
155717,1-6-5,192.9
155717,2-6-5,2754
155717,3-6-5,701
155717,4-6-5,1033
155717,5-6-4,2797
155717,6-5-4,2565
155718,1-2-3,12.3
155718,2-1-3,47.2
155718,3-1-2,28.4
155718,4-1-2,83.5
155718,5-1-2,584.4
155718,6-1-2,446.3
155718,1-2-4,13.4
155718,2-1-4,52
155718,3-1-4,17.4
155718,4-1-3,69.1
155718,5-1-3,582.4
155718,6-1-3,392.8
155718,1-2-5,58.1
155718,2-1-5,157.3
155718,3-1-5,57.8
155718,4-1-5,140.5
155718,5-1-4,649.8
155718,6-1-4,353.3
155718,1-2-6,38.4
155718,2-1-6,108.5
155718,3-1-6,31.5
155718,4-1-6,70
155718,5-1-6,568.9
155718,6-1-5,844.7
155718,1-3-2,9.6
155718,2-3-1,100.4
155718,3-2-1,70.8
155718,4-2-1,191.4
155718,5-2-1,1022
155718,6-2-1,786.5
155718,1-3-4,7.5
155718,2-3-4,147
155718,3-2-4,83.6
155718,4-2-3,304.6
155718,5-2-3,1409
155718,6-2-3,995.2
155718,1-3-5,34.7
155718,2-3-5,349.5
155718,3-2-5,178.7
155718,4-2-5,490.1
155718,5-2-4,1407
155718,6-2-4,839.8
155718,1-3-6,16.3
155718,2-3-6,243.2
155718,3-2-6,127
155718,4-2-6,264.6
155718,5-2-6,1067
155718,6-2-5,1351
155718,1-4-2,19.3
155718,2-4-1,159.3
155718,3-4-1,37.7
155718,4-3-1,118.7
155718,5-3-1,928.2
155718,6-3-1,539.5
155718,1-4-3,16.1
155718,2-4-3,222.4
155718,3-4-2,70.4
155718,4-3-2,249.9
155718,5-3-2,1407
155718,6-3-2,945.6
155718,1-4-5,54.2
155718,2-4-5,461.3
155718,3-4-5,98.7
155718,4-3-5,319
155718,5-3-4,1345
155718,6-3-4,584.7
155718,1-4-6,24.4
155718,2-4-6,253.2
155718,3-4-6,52.6
155718,4-3-6,152.2
155718,5-3-6,1070
155718,6-3-5,1256
155718,1-5-2,120
155718,2-5-1,671.5
155718,3-5-1,218.2
155718,4-5-1,247.9
155718,5-4-1,846.8
155718,6-4-1,448.7
155718,1-5-3,108.4
155718,2-5-3,901.5
155718,3-5-2,382
155718,4-5-2,421.4
155718,5-4-2,1322
155718,6-4-2,802.2
155718,1-5-4,140.8
155718,2-5-4,952.8
155718,3-5-4,291
155718,4-5-3,464.5
155718,5-4-3,1356
155718,6-4-3,602.6
155718,1-5-6,141.8
155718,2-5-6,783.5
155718,3-5-6,232.9
155718,4-5-6,222.3
155718,5-4-6,736.9
155718,6-4-5,852.6
155718,1-6-2,99.2
155718,2-6-1,476.4
155718,3-6-1,126.1
155718,4-6-1,136.3
155718,5-6-1,934.2
155718,6-5-1,1298
155718,1-6-3,75.8
155718,2-6-3,650.6
155718,3-6-2,257.3
155718,4-6-2,258.8
155718,5-6-2,1146
155718,6-5-2,1498
155718,1-6-4,73.5
155718,2-6-4,517.9
155718,3-6-4,138.7
155718,4-6-3,225.3
155718,5-6-3,1160
155718,6-5-3,1523
155718,1-6-5,184.1
155718,2-6-5,925.6
155718,3-6-5,260.2
155718,4-6-5,265
155718,5-6-4,852.6
155718,6-5-4,1027
155671,1-2-3,39.3
155671,2-1-3,56.8
155671,3-1-2,218.5
155671,4-1-2,14.4
155671,5-1-2,1360
155671,6-1-2,367.5
155671,1-2-4,15.7
155671,2-1-4,17.9
155671,3-1-4,137.8
155671,4-1-3,30
155671,5-1-3,1478
155671,6-1-3,723.4
155671,1-2-5,240.7
155671,2-1-5,346.2
155671,3-1-5,610.9
155671,4-1-5,90.2
155671,5-1-4,996
155671,6-1-4,333.6
155671,1-2-6,74.8
155671,2-1-6,91.3
155671,3-1-6,367.5
155671,4-1-6,26.6
155671,5-1-6,1562
155671,6-1-5,1374
155671,1-3-2,65.4
155671,2-3-1,112
155671,3-2-1,248.1
155671,4-2-1,13.6
155671,5-2-1,1494
155671,6-2-1,409.1
155671,1-3-4,40.3
155671,2-3-4,37
155671,3-2-4,83.5
155671,4-2-3,19.8
155671,5-2-3,1309
155671,6-2-3,536.9
155671,1-3-5,306.1
155671,2-3-5,541.1
155671,3-2-5,624.8
155671,4-2-5,64.7
155671,5-2-4,636.3
155671,6-2-4,183.2
155671,1-3-6,141.1
155671,2-3-6,171.3
155671,3-2-6,259.3
155671,4-2-6,16.5
155671,5-2-6,1174
155671,6-2-5,869.9
155671,1-4-2,11.5
155671,2-4-1,17.8
155671,3-4-1,129
155671,4-3-1,68.8
155671,5-3-1,1808
155671,6-3-1,1057
155671,1-4-3,24
155671,2-4-3,24.2
155671,3-4-2,75.7
155671,4-3-2,41.7
155671,5-3-2,2051
155671,6-3-2,657.6
155671,1-4-5,129.6
155671,2-4-5,119.1
155671,3-4-5,419
155671,4-3-5,176
155671,5-3-4,1579
155671,6-3-4,543.3
155671,1-4-6,35.7
155671,2-4-6,27.7
155671,3-4-6,117.6
155671,4-3-6,40.9
155671,5-3-6,2863
155671,6-3-5,2217
155671,1-5-2,475.6
155671,2-5-1,875.5
155671,3-5-1,1334
155671,4-5-1,163.2
155671,5-4-1,886.8
155671,6-4-1,231.8
155671,1-5-3,648.3
155671,2-5-3,968
155671,3-5-2,1003
155671,4-5-2,124
155671,5-4-2,630.5
155671,6-4-2,145.3
155671,1-5-4,492.6
155671,2-5-4,494.4
155671,3-5-4,898.4
155671,4-5-3,281.6
155671,5-4-3,1321
155671,6-4-3,296.2
155671,1-5-6,954.5
155671,2-5-6,743
155671,3-5-6,1598
155671,4-5-6,132.1
155671,5-4-6,935
155671,6-4-5,501.6
155671,1-6-2,162.8
155671,2-6-1,195.8
155671,3-6-1,657.6
155671,4-6-1,31.7
155671,5-6-1,1321
155671,6-5-1,1446
155671,1-6-3,246.7
155671,2-6-3,241.1
155671,3-6-2,444.8
155671,4-6-2,23.9
155671,5-6-2,1360
155671,6-5-2,1195
155671,1-6-4,134.2
155671,2-6-4,100.2
155671,3-6-4,294.3
155671,4-6-3,52.6
155671,5-6-3,2181
155671,6-5-3,1636
155671,1-6-5,869.9
155671,2-6-5,624.8
155671,3-6-5,1347
155671,4-6-5,86.8
155671,5-6-4,1284
155671,6-5-4,1108
155672,1-2-3,18.1
155672,2-1-3,40
155672,3-1-2,59.2
155672,4-1-2,54
155672,5-1-2,248.6
155672,6-1-2,1298
155672,1-2-4,15.5
155672,2-1-4,32
155672,3-1-4,38.1
155672,4-1-3,41.5
155672,5-1-3,163.4
155672,6-1-3,2121
155672,1-2-5,33.7
155672,2-1-5,57.4
155672,3-1-5,44.7
155672,4-1-5,55
155672,5-1-4,174.1
155672,6-1-4,2651
155672,1-2-6,226
155672,2-1-6,385.7
155672,3-1-6,530.3
155672,4-1-6,534.8
155672,5-1-6,1087
155672,6-1-5,2708
155672,1-3-2,22.2
155672,2-3-1,64.9
155672,3-2-1,85.2
155672,4-2-1,70.2
155672,5-2-1,305.9
155672,6-2-1,1988
155672,1-3-4,15
155672,2-3-4,35
155672,3-2-4,45.2
155672,4-2-3,43.2
155672,5-2-3,217.2
155672,6-2-3,2401
155672,1-3-5,26
155672,2-3-5,56.8
155672,3-2-5,64.2
155672,4-2-5,46.5
155672,5-2-4,215
155672,6-2-4,2053
155672,1-3-6,353.5
155672,2-3-6,457.8
155672,3-2-6,652.7
155672,4-2-6,583.9
155672,5-2-6,1383
155672,6-2-5,2893
155672,1-4-2,19.4
155672,2-4-1,53.7
155672,3-4-1,44.2
155672,4-3-1,68.3
155672,5-3-1,162.9
155672,6-3-1,1958
155672,1-4-3,18.5
155672,2-4-3,36.4
155672,3-4-2,40
155672,4-3-2,56.4
155672,5-3-2,175.5
155672,6-3-2,2194
155672,1-4-5,27.2
155672,2-4-5,50
155672,3-4-5,23.3
155672,4-3-5,36.8
155672,5-3-4,97.9
155672,6-3-4,2194
155672,1-4-6,376.6
155672,2-4-6,630.1
155672,3-4-6,482.1
155672,4-3-6,586.6
155672,5-3-6,826.5
155672,6-3-5,2053
155672,1-5-2,84.9
155672,2-5-1,165.9
155672,3-5-1,80
155672,4-5-1,65.3
155672,5-4-1,135.8
155672,6-4-1,3104
155672,1-5-3,63.5
155672,2-5-3,107
155672,3-5-2,79.2
155672,4-5-2,62.6
155672,5-4-2,155.2
155672,6-4-2,1515
155672,1-5-4,68.5
155672,2-5-4,103.4
155672,3-5-4,38.2
155672,4-5-3,45.7
155672,5-4-3,92.1
155672,6-4-3,2893
155672,1-5-6,744.3
155672,2-5-6,649.4
155672,3-5-6,467.9
155672,4-5-6,394
155672,5-4-6,935.9
155672,6-4-5,2401
155672,1-6-2,790.6
155672,2-6-1,1674
155672,3-6-1,1720
155672,4-6-1,1285
155672,5-6-1,1899
155672,6-5-1,4106
155672,1-6-3,1178
155672,2-6-3,1533
155672,3-6-2,1368
155672,4-6-2,986.7
155672,5-6-2,2447
155672,6-5-2,4546
155672,1-6-4,1235
155672,2-6-4,1631
155672,3-6-4,1463
155672,4-6-3,1515
155672,5-6-3,1928
155672,6-5-3,3349
155672,1-6-5,1653
155672,2-6-5,1767
155672,3-6-5,1591
155672,4-6-5,1414
155672,5-6-4,2194
155672,6-5-4,3104
155673,1-2-3,32.7
155673,2-1-3,191.2
155673,3-1-2,392.3
155673,4-1-2,26.5
155673,5-1-2,144
155673,6-1-2,1150
155673,1-2-4,9.6
155673,2-1-4,63.9
155673,3-1-4,162.7
155673,4-1-3,73.3
155673,5-1-3,263.7
155673,6-1-3,1593
155673,1-2-5,20.6
155673,2-1-5,100.5
155673,3-1-5,219.8
155673,4-1-5,12.4
155673,5-1-4,62.4
155673,6-1-4,845.2
155673,1-2-6,80.6
155673,2-1-6,374
155673,3-1-6,556.3
155673,4-1-6,44.4
155673,5-1-6,168.3
155673,6-1-5,1366
155673,1-3-2,49.5
155673,2-3-1,509.9
155673,3-2-1,683
155673,4-2-1,82.7
155673,5-2-1,380.5
155673,6-2-1,2637
155673,1-3-4,24.4
155673,2-3-4,564.5
155673,3-2-4,588.4
155673,4-2-3,283.3
155673,5-2-3,776.6
155673,6-2-3,2508
155673,1-3-5,43.5
155673,2-3-5,879.2
155673,3-2-5,761.1
155673,4-2-5,93.9
155673,5-2-4,376.8
155673,6-2-4,2684
155673,1-3-6,158.7
155673,2-3-6,1593
155673,3-2-6,1390
155673,4-2-6,277.1
155673,5-2-6,780.5
155673,6-2-5,3187
155673,1-4-2,7.8
155673,2-4-1,136.9
155673,3-4-1,212.2
155673,4-3-1,206.4
155673,5-3-1,533
155673,6-3-1,2593
155673,1-4-3,18.4
155673,2-4-3,418
155673,3-4-2,435.8
155673,4-3-2,386.3
155673,5-3-2,932.9
155673,6-3-2,3558
155673,1-4-5,6
155673,2-4-5,218.8
155673,3-4-5,295.3
155673,4-3-5,223.3
155673,5-3-4,562.4
155673,6-3-4,3255
155673,1-4-6,30.5
155673,2-4-6,529.4
155673,3-4-6,621.9
155673,4-3-6,481.1
155673,5-3-6,1159
155673,6-3-5,4026
155673,1-5-2,31.5
155673,2-5-1,304.7
155673,3-5-1,487.2
155673,4-5-1,20.3
155673,5-4-1,68
155673,6-4-1,1062
155673,1-5-3,62.3
155673,2-5-3,884.3
155673,3-5-2,932.9
155673,4-5-2,52.9
155673,5-4-2,187.4
155673,6-4-2,1821
155673,1-5-4,16
155673,2-5-4,372.2
155673,3-5-4,556.3
155673,4-5-3,129.8
155673,5-4-3,378.7
155673,6-4-3,3731
155673,1-5-6,63.6
155673,2-5-6,813.8
155673,3-5-6,1186
155673,4-5-6,37.2
155673,5-4-6,141.7
155673,6-4-5,570.8
155673,1-6-2,235
155673,2-6-1,1514
155673,3-6-1,1485
155673,4-6-1,149.2
155673,5-6-1,460.8
155673,6-5-1,1485
155673,1-6-3,322
155673,2-6-3,2095
155673,3-6-2,2467
155673,4-6-2,312.8
155673,5-6-2,1040
155673,6-5-2,2999
155673,1-6-4,132.2
155673,2-6-4,1471
155673,3-6-4,1471
155673,4-6-3,602.3
155673,5-6-3,1254
155673,6-5-3,3326
155673,1-6-5,189.5
155673,2-6-5,1936
155673,3-6-5,2217
155673,4-6-5,122.2
155673,5-6-4,302.9
155673,6-5-4,586.1
155674,1-2-3,17.9
155674,2-1-3,13
155674,3-1-2,150.6
155674,4-1-2,382
155674,5-1-2,36.9
155674,6-1-2,1805
155674,1-2-4,32.9
155674,2-1-4,21.3
155674,3-1-4,347.6
155674,4-1-3,802.3
155674,5-1-3,183.7
155674,6-1-3,3730
155674,1-2-5,11.1
155674,2-1-5,6
155674,3-1-5,193.6
155674,4-1-5,416
155674,5-1-4,255.5
155674,6-1-4,3794
155674,1-2-6,163.3
155674,2-1-6,123.6
155674,3-1-6,1086
155674,4-1-6,1316
155674,5-1-6,496.3
155674,6-1-5,3927
155674,1-3-2,49
155674,2-3-1,25.8
155674,3-2-1,116.4
155674,4-2-1,350.8
155674,5-2-1,29
155674,6-2-1,2664
155674,1-3-4,128.2
155674,2-3-4,39.6
155674,3-2-4,131.5
155674,4-2-3,404.8
155674,5-2-3,52.2
155674,6-2-3,3341
155674,1-3-5,67.9
155674,2-3-5,13
155674,3-2-5,66.6
155674,4-2-5,211.9
155674,5-2-4,70
155674,6-2-4,4477
155674,1-3-6,483.4
155674,2-3-6,181.7
155674,3-2-6,460.6
155674,4-2-6,1113
155674,5-2-6,177.3
155674,6-2-5,1543
155674,1-4-2,104.9
155674,2-4-1,46
155674,3-4-1,575.4
155674,4-3-1,1031
155674,5-3-1,242.2
155674,6-3-1,4866
155674,1-4-3,189
155674,2-4-3,64.9
155674,3-4-2,259.3
155674,4-3-2,545.9
155674,5-3-2,96.8
155674,6-3-2,4762
155674,1-4-5,163
155674,2-4-5,32.5
155674,3-4-5,329.1
155674,4-3-5,753.7
155674,5-3-4,331.6
155674,6-3-4,4663
155674,1-4-6,545.9
155674,2-4-6,270.3
155674,3-4-6,1229
155674,4-3-6,1819
155674,5-3-6,847.9
155674,6-3-5,5329
155674,1-5-2,23.2
155674,2-5-1,11.7
155674,3-5-1,196
155674,4-5-1,428.8
155674,5-4-1,360.4
155674,6-4-1,5087
155674,1-5-3,75.8
155674,2-5-3,12.3
155674,3-5-2,82.7
155674,4-5-2,224.3
155674,5-4-2,168
155674,6-4-2,3610
155674,1-5-4,152
155674,2-5-4,25.2
155674,3-5-4,264.2
155674,4-5-3,586
155674,5-4-3,424.7
155674,6-4-3,4866
155674,1-5-6,362.2
155674,2-5-6,78.6
155674,3-5-6,672.2
155674,4-5-6,680.4
155674,5-4-6,680.4
155674,6-4-5,2697
155674,1-6-2,670.2
155674,2-6-1,278.7
155674,3-6-1,2833
155674,4-6-1,2907
155674,5-6-1,1178
155674,6-5-1,4070
155674,1-6-3,1257
155674,2-6-3,482.4
155674,3-6-2,964.8
155674,4-6-2,1981
155674,5-6-2,535.5
155674,6-5-2,1610
155674,1-6-4,1243
155674,2-6-4,539.4
155674,3-6-4,2072
155674,4-6-3,2833
155674,5-6-3,1502
155674,6-5-3,4762
155674,1-6-5,952.5
155674,2-6-5,260.6
155674,3-6-5,2216
155674,4-6-5,2053
155674,5-6-4,1390
155674,6-5-4,3291
155675,1-2-3,18.9
155675,2-1-3,22.9
155675,3-1-2,169.7
155675,4-1-2,27.1
155675,5-1-2,203.8
155675,6-1-2,2163
155675,1-2-4,8.1
155675,2-1-4,7.5
155675,3-1-4,150.3
155675,4-1-3,82.8
155675,5-1-3,924.7
155675,6-1-3,3771
155675,1-2-5,25.9
155675,2-1-5,27.9
155675,3-1-5,265.1
155675,4-1-5,51.4
155675,5-1-4,366.4
155675,6-1-4,2653
155675,1-2-6,199.6
155675,2-1-6,174.6
155675,3-1-6,840.7
155675,4-1-6,169.9
155675,5-1-6,1181
155675,6-1-5,4512
155675,1-3-2,43.2
155675,2-3-1,70.5
155675,3-2-1,184.4
155675,4-2-1,24.3
155675,5-2-1,270.7
155675,6-2-1,2949
155675,1-3-4,44.9
155675,2-3-4,36.8
155675,3-2-4,91.9
155675,4-2-3,47.3
155675,5-2-3,664.9
155675,6-2-3,3940
155675,1-3-5,93.2
155675,2-3-5,98.8
155675,3-2-5,213.9
155675,4-2-5,22.2
155675,5-2-4,206.5
155675,6-2-4,1521
155675,1-3-6,357.7
155675,2-3-6,389.9
155675,3-2-6,763
155675,4-2-6,110.7
155675,5-2-6,1058
155675,6-2-5,4030
155675,1-4-2,14
155675,2-4-1,12.3
155675,3-4-1,156.5
155675,4-3-1,151.9
155675,5-3-1,1408
155675,6-3-1,4061
155675,1-4-3,35.4
155675,2-4-3,22.4
155675,3-4-2,98.4
155675,4-3-2,96.4
155675,5-3-2,1001
155675,6-3-2,4934
155675,1-4-5,43.5
155675,2-4-5,26.8
155675,3-4-5,184.6
155675,4-3-5,161.4
155675,5-3-4,972.3
155675,6-3-4,3591
155675,1-4-6,183.7
155675,2-4-6,108.1
155675,3-4-6,486.6
155675,4-3-6,405.5
155675,5-3-6,2256
155675,6-3-5,4551
155675,1-5-2,80.4
155675,2-5-1,109.1
155675,3-5-1,550.5
155675,4-5-1,47.9
155675,5-4-1,286
155675,6-4-1,2550
155675,1-5-3,153.4
155675,2-5-3,169.5
155675,3-5-2,428.5
155675,4-5-2,29.3
155675,5-4-2,142.6
155675,6-4-2,1385
155675,1-5-4,121.9
155675,2-5-4,79.6
155675,3-5-4,427.1
155675,4-5-3,137.6
155675,5-4-3,643.9
155675,6-4-3,3940
155675,1-5-6,530.6
155675,2-5-6,549.4
155675,3-5-6,1118
155675,4-5-6,115.2
155675,5-4-6,579.5
155675,6-4-5,2721
155675,1-6-2,798.7
155675,2-6-1,839.4
155675,3-6-1,2357
155675,4-6-1,338
155675,5-6-1,2285
155675,6-5-1,5076
155675,1-6-3,1109
155675,2-6-3,1233
155675,3-6-2,2120
155675,4-6-2,265.8
155675,5-6-2,2007
155675,6-5-2,3161
155675,1-6-4,822.4
155675,2-6-4,558.1
155675,3-6-4,1970
155675,4-6-3,676.9
155675,5-6-3,3017
155675,6-5-3,3911
155675,1-6-5,1213
155675,2-6-5,1230
155675,3-6-5,2367
155675,4-6-5,348.5
155675,5-6-4,1644
155675,6-5-4,3142
155676,1-2-3,18.8
155676,2-1-3,108.4
155676,3-1-2,65.5
155676,4-1-2,319.7
155676,5-1-2,45.6
155676,6-1-2,1309
155676,1-2-4,44.1
155676,2-1-4,236.8
155676,3-1-4,46.3
155676,4-1-3,264.7
155676,5-1-3,24.9
155676,6-1-3,1409
155676,1-2-5,18.9
155676,2-1-5,95.8
155676,3-1-5,14.6
155676,4-1-5,121.8
155676,5-1-4,65
155676,6-1-4,3241
155676,1-2-6,107.2
155676,2-1-6,372.8
155676,3-1-6,102.6
155676,4-1-6,239.9
155676,5-1-6,60.9
155676,6-1-5,1379
155676,1-3-2,15.9
155676,2-3-1,234.2
155676,3-2-1,199.1
155676,4-2-1,641.1
155676,5-2-1,123.5
155676,6-2-1,3390
155676,1-3-4,22.7
155676,2-3-4,561.3
155676,3-2-4,352.3
155676,4-2-3,921.2
155676,5-2-3,142.1
155676,6-2-3,3601
155676,1-3-5,6.4
155676,2-3-5,200.4
155676,3-2-5,116.6
155676,4-2-5,470.2
155676,5-2-4,348.5
155676,6-2-4,5035
155676,1-3-6,61.9
155676,2-3-6,806.6
155676,3-2-6,538
155676,4-2-6,978.6
155676,5-2-6,269
155676,6-2-5,3504
155676,1-4-2,70.7
155676,2-4-1,483.3
155676,3-4-1,109.4
155676,4-3-1,364.7
155676,5-3-1,34
155676,6-3-1,2881
155676,1-4-3,49.6
155676,2-4-3,902
155676,3-4-2,285.9
155676,4-3-2,864.4
155676,5-3-2,96.1
155676,6-3-2,4395
155676,1-4-5,42.3
155676,2-4-5,664.9
155676,3-4-5,65.9
155676,4-3-5,232.9
155676,5-3-4,98
155676,6-3-4,3504
155676,1-4-6,137.4
155676,2-4-6,1615
155676,3-4-6,261.8
155676,4-3-6,602.4
155676,5-3-6,119.7
155676,6-3-5,1290
155676,1-5-2,19.1
155676,2-5-1,187.1
155676,3-5-1,21.5
155676,4-5-1,100
155676,5-4-1,104.3
155676,6-4-1,3182
155676,1-5-3,9.5
155676,2-5-3,221
155676,3-5-2,65.2
155676,4-5-2,211.7
155676,5-4-2,190.5
155676,6-4-2,4182
155676,1-5-4,31.5
155676,2-5-4,535.2
155676,3-5-4,43
155676,4-5-3,163.3
155676,5-4-3,142.8
155676,6-4-3,4590
155676,1-5-6,51.6
155676,2-5-6,664.1
155676,3-5-6,77.1
155676,4-5-6,109.4
155676,5-4-6,113
155676,6-4-5,1405
155676,1-6-2,269.8
155676,2-6-1,1566
155676,3-6-1,577.5
155676,4-6-1,496.3
155676,5-6-1,195.2
155676,6-5-1,1486
155676,1-6-3,253.5
155676,2-6-3,1972
155676,3-6-2,1023
155676,4-6-2,745.2
155676,5-6-2,336.3
155676,6-5-2,2505
155676,1-6-4,429
155676,2-6-4,3367
155676,3-6-4,787
155676,4-6-3,776.4
155676,5-6-3,257.1
155676,6-5-3,1243
155676,1-6-5,211.4
155676,2-6-5,1576
155676,3-6-5,313.7
155676,4-6-5,337.4
155676,5-6-4,331.6
155676,6-5-4,1398
155677,1-2-3,9.7
155677,2-1-3,33.2
155677,3-1-2,23.1
155677,4-1-2,728
155677,5-1-2,39.9
155677,6-1-2,2244
155677,1-2-4,50.8
155677,2-1-4,128.1
155677,3-1-4,65.6
155677,4-1-3,554.5
155677,5-1-3,40.4
155677,6-1-3,2337
155677,1-2-5,11.7
155677,2-1-5,29.5
155677,3-1-5,14.3
155677,4-1-5,556.9
155677,5-1-4,202.9
155677,6-1-4,4529
155677,1-2-6,369
155677,2-1-6,578.3
155677,3-1-6,300.7
155677,4-1-6,1909
155677,5-1-6,425
155677,6-1-5,4195
155677,1-3-2,8.7
155677,2-3-1,54.6
155677,3-2-1,48.7
155677,4-2-1,967.5
155677,5-2-1,65.4
155677,6-2-1,3735
155677,1-3-4,35.1
155677,2-3-4,138.1
155677,3-2-4,126.5
155677,4-2-3,1009
155677,5-2-3,79.1
155677,6-2-3,3967
155677,1-3-5,7
155677,2-3-5,42.6
155677,3-2-5,31.2
155677,4-2-5,821.5
155677,5-2-4,282.3
155677,6-2-4,4921
155677,1-3-6,249.7
155677,2-3-6,771.9
155677,3-2-6,722.9
155677,4-2-6,2402
155677,5-2-6,725.9
155677,6-2-5,4529
155677,1-4-2,97.3
155677,2-4-1,408.7
155677,3-4-1,168.5
155677,4-3-1,657.8
155677,5-3-1,52.9
155677,6-3-1,2559
155677,1-4-3,85.8
155677,2-4-3,342.5
155677,3-4-2,221.4
155677,4-3-2,806
155677,5-3-2,62.7
155677,6-3-2,3937
155677,1-4-5,112.5
155677,2-4-5,341.2
155677,3-4-5,149.3
155677,4-3-5,593.7
155677,5-3-4,222.5
155677,6-3-4,4450
155677,1-4-6,539.8
155677,2-4-6,1599
155677,3-4-6,958.4
155677,4-3-6,2159
155677,5-3-6,532
155677,6-3-5,3302
155677,1-5-2,17.2
155677,2-5-1,59
155677,3-5-1,23.1
155677,4-5-1,649.5
155677,5-4-1,348.4
155677,6-4-1,7417
155677,1-5-3,13.5
155677,2-5-3,58.9
155677,3-5-2,26.8
155677,4-5-2,720.8
155677,5-4-2,353.7
155677,6-4-2,5503
155677,1-5-4,81.1
155677,2-5-4,235.9
155677,3-5-4,88.3
155677,4-5-3,668.1
155677,5-4-3,450.5
155677,6-4-3,5276
155677,1-5-6,288.3
155677,2-5-6,782.5
155677,3-5-6,308.1
155677,4-5-6,1594
155677,5-4-6,1565
155677,6-4-5,6021
155677,1-6-2,1204
155677,2-6-1,1909
155677,3-6-1,1437
155677,4-6-1,3604
155677,5-6-1,1036
155677,6-5-1,5503
155677,1-6-3,1055
155677,2-6-3,2159
155677,3-6-2,1847
155677,4-6-2,2908
155677,5-6-2,1379
155677,6-5-2,4412
155677,1-6-4,1218
155677,2-6-4,2508
155677,3-6-4,1902
155677,4-6-3,3655
155677,5-6-3,1470
155677,6-5-3,3554
155677,1-6-5,912.3
155677,2-6-5,2047
155677,3-6-5,1105
155677,4-6-5,3629
155677,5-6-4,2679
155677,6-5-4,5882
155678,1-2-3,9
155678,2-1-3,151.8
155678,3-1-2,187.6
155678,4-1-2,34.5
155678,5-1-2,870.2
155678,6-1-2,1964
155678,1-2-4,5.5
155678,2-1-4,110.2
155678,3-1-4,93.5
155678,4-1-3,40.6
155678,5-1-3,1098
155678,6-1-3,2553
155678,1-2-5,34.4
155678,2-1-5,452.7
155678,3-1-5,251.3
155678,4-1-5,69.1
155678,5-1-4,624
155678,6-1-4,1515
155678,1-2-6,52.9
155678,2-1-6,598.8
155678,3-1-6,308.4
155678,4-1-6,64.5
155678,5-1-6,1183
155678,6-1-5,3644
155678,1-3-2,11.3
155678,2-3-1,543.7
155678,3-2-1,566.4
155678,4-2-1,114.8
155678,5-2-1,1506
155678,6-2-1,3671
155678,1-3-4,6.1
155678,2-3-4,696.6
155678,3-2-4,637.5
155678,4-2-3,259.8
155678,5-2-3,2372
155678,6-2-3,4883
155678,1-3-5,41.7
155678,2-3-5,1716
155678,3-2-5,1313
155678,4-2-5,489.7
155678,5-2-4,2328
155678,6-2-4,4299
155678,1-3-6,54.2
155678,2-3-6,2028
155678,3-2-6,1771
155678,4-2-6,438.5
155678,5-2-6,3375
155678,6-2-5,5781
155678,1-4-2,5.9
155678,2-4-1,253.5
155678,3-4-1,165.4
155678,4-3-1,131.7
155678,5-3-1,1437
155678,6-3-1,3542
155678,1-4-3,6.6
155678,2-4-3,591
155678,3-4-2,459.7
155678,4-3-2,313.5
155678,5-3-2,2794
155678,6-3-2,6209
155678,1-4-5,20.8
155678,2-4-5,1337
155678,3-4-5,712.4
155678,4-3-5,664.4
155678,5-3-4,1676
155678,6-3-4,3287
155678,1-4-6,23.2
155678,2-4-6,1412
155678,3-4-6,570.9
155678,4-3-6,509.1
155678,5-3-6,5588
155678,6-3-5,7185
155678,1-5-2,72.4
155678,2-5-1,1352
155678,3-5-1,1286
155678,4-5-1,192.5
155678,5-4-1,802.2
155678,6-4-1,1842
155678,1-5-3,101.9
155678,2-5-3,2158
155678,3-5-2,1576
155678,4-5-2,440
155678,5-4-2,1740
155678,6-4-2,3353
155678,1-5-4,67.3
155678,2-5-4,2350
155678,3-5-4,1475
155678,4-5-3,659.2
155678,5-4-3,2441
155678,6-4-3,2810
155678,1-5-6,211.9
155678,2-5-6,3309
155678,3-5-6,2383
155678,4-5-6,334.6
155678,5-4-6,1519
155678,6-4-5,3810
155678,1-6-2,199.4
155678,2-6-1,2383
155678,3-6-1,1740
155678,4-6-1,297.9
155678,5-6-1,2958
155678,6-5-1,4491
155678,1-6-3,314.5
155678,2-6-3,3782
155678,3-6-2,2619
155678,4-6-2,542.6
155678,5-6-2,4191
155678,6-5-2,5294
155678,1-6-4,169.1
155678,2-6-4,3104
155678,3-6-4,1519
155678,4-6-3,723.7
155678,5-6-3,5848
155678,6-5-3,6532
155678,1-6-5,489.7
155678,2-6-5,4191
155678,3-6-5,2874
155678,4-6-5,589
155678,5-6-4,3067
155678,6-5-4,3375
155679,1-2-3,11.2
155679,2-1-3,310.8
155679,3-1-2,149.3
155679,4-1-2,165.8
155679,5-1-2,686.4
155679,6-1-2,1197
155679,1-2-4,17.3
155679,2-1-4,406.6
155679,3-1-4,57.1
155679,4-1-3,98
155679,5-1-3,385.6
155679,6-1-3,881.4
155679,1-2-5,65.1
155679,2-1-5,950.9
155679,3-1-5,125.3
155679,4-1-5,187.3
155679,5-1-4,512.7
155679,6-1-4,860
155679,1-2-6,46.3
155679,2-1-6,844.9
155679,3-1-6,138.8
155679,4-1-6,87.6
155679,5-1-6,617.7
155679,6-1-5,2131
155679,1-3-2,6.6
155679,2-3-1,601.6
155679,3-2-1,498.2
155679,4-2-1,490.8
155679,5-2-1,2563
155679,6-2-1,2883
155679,1-3-4,4.2
155679,2-3-4,1542
155679,3-2-4,956.1
155679,4-2-3,1126
155679,5-2-3,2899
155679,6-2-3,3514
155679,1-3-5,13.2
155679,2-3-5,2626
155679,3-2-5,1287
155679,4-2-5,723.9
155679,5-2-4,2998
155679,6-2-4,3103
155679,1-3-6,11.2
155679,2-3-6,2792
155679,3-2-6,1465
155679,4-2-6,910.2
155679,5-2-6,3255
155679,6-2-5,4422
155679,1-4-2,13.9
155679,2-4-1,826.5
155679,3-4-1,182.9
155679,4-3-1,203
155679,5-3-1,773.5
155679,6-3-1,1392
155679,1-4-3,7
155679,2-4-3,1768
155679,3-4-2,632.4
155679,4-3-2,924.4
155679,5-3-2,2601
155679,6-3-2,3609
155679,1-4-5,30
155679,2-4-5,2915
155679,3-4-5,565.7
155679,4-3-5,919.6
155679,5-3-4,1895
155679,6-3-4,2347
155679,1-4-6,15.2
155679,2-4-6,2434
155679,3-4-6,517.7
155679,4-3-6,438.1
155679,5-3-6,2327
155679,6-3-5,4245
155679,1-5-2,81.1
155679,2-5-1,2538
155679,3-5-1,501
155679,4-5-1,339
155679,5-4-1,820.1
155679,6-4-1,1231
155679,1-5-3,43.8
155679,2-5-3,2883
155679,3-5-2,1284
155679,4-5-2,850.3
155679,5-4-2,2064
155679,6-4-2,2491
155679,1-5-4,70.3
155679,2-5-4,3139
155679,3-5-4,1050
155679,4-5-3,850.3
155679,5-4-3,1627
155679,6-4-3,2412
155679,1-5-6,114.1
155679,2-5-6,3585
155679,3-5-6,1133
155679,4-5-6,490.8
155679,5-4-6,1360
155679,6-4-5,3275
155679,1-6-2,84.3
155679,2-6-1,2763
155679,3-6-1,707.5
155679,4-6-1,223.2
155679,5-6-1,2114
155679,6-5-1,3537
155679,1-6-3,38.9
155679,2-6-3,3736
155679,3-6-2,1848
155679,4-6-2,825.2
155679,5-6-2,3216
155679,6-5-2,4497
155679,1-6-4,56.8
155679,2-6-4,3316
155679,3-6-4,1014
155679,4-6-3,597.5
155679,5-6-3,3121
155679,6-5-3,4279
155679,1-6-5,188.2
155679,2-6-5,4349
155679,3-6-5,1774
155679,4-6-5,773.5
155679,5-6-4,2693
155679,6-5-4,4178
155680,1-2-3,5.5
155680,2-1-3,83.9
155680,3-1-2,123.5
155680,4-1-2,145.4
155680,5-1-2,664.8
155680,6-1-2,1169
155680,1-2-4,8.5
155680,2-1-4,98.5
155680,3-1-4,81.9
155680,4-1-3,146.4
155680,5-1-3,634.6
155680,6-1-3,1188
155680,1-2-5,12.4
155680,2-1-5,172.2
155680,3-1-5,124
155680,4-1-5,206.7
155680,5-1-4,462.9
155680,6-1-4,1512
155680,1-2-6,30.2
155680,2-1-6,252
155680,3-1-6,304
155680,4-1-6,328.5
155680,5-1-6,1012
155680,6-1-5,2187
155680,1-3-2,6.3
155680,2-3-1,295.8
155680,3-2-1,324.3
155680,4-2-1,293.3
155680,5-2-1,1328
155680,6-2-1,2325
155680,1-3-4,6.6
155680,2-3-4,550.8
155680,3-2-4,552.9
155680,4-2-3,842.9
155680,5-2-3,2064
155680,6-2-3,3268
155680,1-3-5,11.4
155680,2-3-5,895.5
155680,3-2-5,703.7
155680,4-2-5,1220
155680,5-2-4,2187
155680,6-2-4,3654
155680,1-3-6,29.2
155680,2-3-6,1452
155680,3-2-6,1198
155680,4-2-6,1325
155680,5-2-6,2493
155680,6-2-5,3700
155680,1-4-2,15.5
155680,2-4-1,271
155680,3-4-1,257.3
155680,4-3-1,306.9
155680,5-3-1,1340
155680,6-3-1,1935
155680,1-4-3,12.6
155680,2-4-3,787.6
155680,3-4-2,651.5
155680,4-3-2,808.1
155680,5-3-2,2762
155680,6-3-2,3163
155680,1-4-5,21.1
155680,2-4-5,1069
155680,3-4-5,394
155680,4-3-5,653
155680,5-3-4,1954
155680,6-3-4,2711
155680,1-4-6,49
155680,2-4-6,1577
155680,3-4-6,835.7
155680,4-3-6,966.1
155680,5-3-6,3324
155680,6-3-5,3922
155680,1-5-2,36.8
155680,2-5-1,744.7
155680,3-5-1,508.9
155680,4-5-1,341.6
155680,5-4-1,1035
155680,6-4-1,2569
155680,1-5-3,40.7
155680,2-5-3,1573
155680,3-5-2,1091
155680,4-5-2,891.4
155680,5-4-2,2986
155680,6-4-2,4057
155680,1-5-4,57
155680,2-5-4,1730
155680,3-5-4,647.9
155680,4-5-3,666.3
155680,5-4-3,2362
155680,6-4-3,2762
155680,1-5-6,82.4
155680,2-5-6,2307
155680,3-5-6,1284
155680,4-5-6,770.1
155680,5-4-6,2391
155680,6-4-5,4002
155680,1-6-2,115.2
155680,2-6-1,1424
155680,3-6-1,1213
155680,4-6-1,905.1
155680,5-6-1,2736
155680,6-5-1,3922
155680,1-6-3,134.1
155680,2-6-3,2280
155680,3-6-2,2391
155680,4-6-2,1782
155680,5-6-2,3975
155680,6-5-2,6326
155680,1-6-4,165.7
155680,2-6-4,2514
155680,3-6-4,1585
155680,4-6-3,1524
155680,5-6-3,3723
155680,6-5-3,4232
155680,1-6-5,172.4
155680,2-6-5,3048
155680,3-6-5,2086
155680,4-6-5,1685
155680,5-6-4,4326
155680,6-5-4,4263
155681,1-2-3,3.1
155681,2-1-3,19.4
155681,3-1-2,35.5
155681,4-1-2,293.1
155681,5-1-2,273.9
155681,6-1-2,2144
155681,1-2-4,14
155681,2-1-4,71.6
155681,3-1-4,87.1
155681,4-1-3,356.9
155681,5-1-3,254.5
155681,6-1-3,2775
155681,1-2-5,10.8
155681,2-1-5,59.7
155681,3-1-5,62.3
155681,4-1-5,385.4
155681,5-1-4,690.8
155681,6-1-4,4173
155681,1-2-6,65.8
155681,2-1-6,226.1
155681,3-1-6,294.9
155681,4-1-6,723
155681,5-1-6,687.8
155681,6-1-5,3397
155681,1-3-2,4.5
155681,2-3-1,61.7
155681,3-2-1,71.5
155681,4-2-1,556.6
155681,5-2-1,567.3
155681,6-2-1,3960
155681,1-3-4,13.8
155681,2-3-4,255.7
155681,3-2-4,247.1
155681,4-2-3,728
155681,5-2-3,868.4
155681,6-2-3,4505
155681,1-3-5,9.7
155681,2-3-5,217.2
155681,3-2-5,191.9
155681,4-2-5,953.6
155681,5-2-4,1429
155681,6-2-4,4090
155681,1-3-6,60.8
155681,2-3-6,619.3
155681,3-2-6,678.8
155681,4-2-6,1586
155681,5-2-6,962.5
155681,6-2-5,2739
155681,1-4-2,49.5
155681,2-4-1,403.2
155681,3-4-1,236.3
155681,4-3-1,597.8
155681,5-3-1,444.7
155681,6-3-1,3791
155681,1-4-3,50.1
155681,2-4-3,552.6
155681,3-4-2,399
155681,4-3-2,901.1
155681,5-3-2,842.5
155681,6-3-2,4746
155681,1-4-5,94.3
155681,2-4-5,1002
155681,3-4-5,382.1
155681,4-3-5,930.8
155681,5-3-4,1246
155681,6-3-4,4441
155681,1-4-6,211.4
155681,2-4-6,1570
155681,3-4-6,878.2
155681,4-3-6,2079
155681,5-3-6,1708
155681,6-3-5,4710
155681,1-5-2,34.2
155681,2-5-1,351
155681,3-5-1,163.7
155681,4-5-1,662.8
155681,5-4-1,1100
155681,6-4-1,5014
155681,1-5-3,33.4
155681,2-5-3,473.9
155681,3-5-2,258.5
155681,4-5-2,861.1
155681,5-4-2,1586
155681,6-4-2,4857
155681,1-5-4,113.6
155681,2-5-4,1085
155681,3-5-4,415
155681,4-5-3,917
155681,5-4-3,1986
155681,6-4-3,5757
155681,1-5-6,198.6
155681,2-5-6,1011
155681,3-5-6,740.2
155681,4-5-6,1048
155681,5-4-6,1666
155681,6-4-5,4538
155681,1-6-2,364.4
155681,2-6-1,1685
155681,3-6-1,1615
155681,4-6-1,2220
155681,5-6-1,1509
155681,6-5-1,4317
155681,1-6-3,474.2
155681,2-6-3,1907
155681,3-6-2,2346
155681,4-6-2,2129
155681,5-6-2,1680
155681,6-5-2,3018
155681,1-6-4,574.1
155681,2-6-4,2892
155681,3-6-4,2548
155681,4-6-3,3003
155681,5-6-3,2691
155681,6-5-3,5181
155681,1-6-5,561.6
155681,2-6-5,1867
155681,3-6-5,2337
155681,4-6-5,2269
155681,5-6-4,2569
155681,6-5-4,4378
155682,1-2-3,5.5
155682,2-1-3,73
155682,3-1-2,141.4
155682,4-1-2,868.3
155682,5-1-2,86.3
155682,6-1-2,197.9
155682,1-2-4,19.1
155682,2-1-4,184.8
155682,3-1-4,308.5
155682,4-1-3,1170
155682,5-1-3,164.9
155682,6-1-3,285.2
155682,1-2-5,7.1
155682,2-1-5,80.2
155682,3-1-5,160.1
155682,4-1-5,956.4
155682,5-1-4,338.2
155682,6-1-4,621.5
155682,1-2-6,12.4
155682,2-1-6,109.2
155682,3-1-6,191.7
155682,4-1-6,1090
155682,5-1-6,106.7
155682,6-1-5,280.1
155682,1-3-2,7.9
155682,2-3-1,274.9
155682,3-2-1,322.7
155682,4-2-1,1550
155682,5-2-1,207.2
155682,6-2-1,430.2
155682,1-3-4,25.1
155682,2-3-4,883.5
155682,3-2-4,953
155682,4-2-3,2157
155682,5-2-3,696.8
155682,6-2-3,813.5
155682,1-3-5,9
155682,2-3-5,545.4
155682,3-2-5,545.4
155682,4-2-5,2271
155682,5-2-4,1370
155682,6-2-4,1638
155682,1-3-6,15.8
155682,2-3-6,600.3
155682,3-2-6,636.1
155682,4-2-6,1973
155682,5-2-6,457.9
155682,6-2-5,753
155682,1-4-2,46.7
155682,2-4-1,765.1
155682,3-4-1,1013
155682,4-3-1,1931
155682,5-3-1,434.6
155682,6-3-1,677
155682,1-4-3,60.6
155682,2-4-3,1814
155682,3-4-2,1645
155682,4-3-2,2787
155682,5-3-2,835.3
155682,6-3-2,1085
155682,1-4-5,67.5
155682,2-4-5,1641
155682,3-4-5,1553
155682,4-3-5,2465
155682,5-3-4,1581
155682,6-3-4,1940
155682,1-4-6,92.5
155682,2-4-6,1571
155682,3-4-6,1461
155682,4-3-6,2534
155682,5-3-6,798.3
155682,6-3-5,1314
155682,1-5-2,14.4
155682,2-5-1,223.1
155682,3-5-1,363.5
155682,4-5-1,1370
155682,5-4-1,937.6
155682,6-4-1,2216
155682,1-5-3,18
155682,2-5-3,695.6
155682,3-5-2,630.6
155682,4-5-2,2350
155682,5-4-2,1830
155682,6-4-2,2712
155682,1-5-4,55.7
155682,2-5-4,1427
155682,3-5-4,1219
155682,4-5-3,2443
155682,5-4-3,2095
155682,6-4-3,3257
155682,1-5-6,22.1
155682,2-5-6,540.3
155682,3-5-6,628.7
155682,4-5-6,1306
155682,5-4-6,1493
155682,6-4-5,2599
155682,1-6-2,34.2
155682,2-6-1,461.1
155682,3-6-1,579.7
155682,4-6-1,2085
155682,5-6-1,251.5
155682,6-5-1,416.3
155682,1-6-3,43.6
155682,2-6-3,947.5
155682,3-6-2,1099
155682,4-6-2,2399
155682,5-6-2,416.1
155682,6-5-2,655.6
155682,1-6-4,116.9
155682,2-6-4,1826
155682,3-6-4,1926
155682,4-6-3,3015
155682,5-6-3,592
155682,6-5-3,1018
155682,1-6-5,49.1
155682,2-6-5,748.9
155682,3-6-5,1135
155682,4-6-5,2291
155682,5-6-4,1134
155682,6-5-4,1544
155731,1-2-3,12
155731,2-1-3,107.9
155731,3-1-2,43.4
155731,4-1-2,129.9
155731,5-1-2,492
155731,6-1-2,447.2
155731,1-2-4,20.3
155731,2-1-4,171.4
155731,3-1-4,27.8
155731,4-1-3,81.8
155731,5-1-3,283.2
155731,6-1-3,251.6
155731,1-2-5,41.5
155731,2-1-5,267
155731,3-1-5,51.1
155731,4-1-5,108.8
155731,5-1-4,367.7
155731,6-1-4,449.4
155731,1-2-6,38.2
155731,2-1-6,247.1
155731,3-1-6,35.6
155731,4-1-6,99.9
155731,5-1-6,340.4
155731,6-1-5,587.7
155731,1-3-2,7.9
155731,2-3-1,204.6
155731,3-2-1,122.8
155731,4-2-1,411.7
155731,5-2-1,1057
155731,6-2-1,1045
155731,1-3-4,6.5
155731,2-3-4,425.7
155731,3-2-4,211.4
155731,4-2-3,564.7
155731,5-2-3,1160
155731,6-2-3,1291
155731,1-3-5,14.2
155731,2-3-5,694.5
155731,3-2-5,303.9
155731,4-2-5,971.9
155731,5-2-4,1503
155731,6-2-4,1993
155731,1-3-6,10.7
155731,2-3-6,564.7
155731,3-2-6,212
155731,4-2-6,770.4
155731,5-2-6,1417
155731,6-2-5,2132
155731,1-4-2,21.8
155731,2-4-1,505.6
155731,3-4-1,60.8
155731,4-3-1,143.3
155731,5-3-1,454.6
155731,6-3-1,374.7
155731,1-4-3,14.4
155731,2-4-3,595.3
155731,3-4-2,179.4
155731,4-3-2,440.7
155731,5-3-2,1118
155731,6-3-2,975.3
155731,1-4-5,31
155731,2-4-5,1160
155731,3-4-5,140.9
155731,4-3-5,382
155731,5-3-4,821
155731,6-3-4,764
155731,1-4-6,22.8
155731,2-4-6,996.5
155731,3-4-6,100.9
155731,4-3-6,275.3
155731,5-3-6,890.1
155731,6-3-5,1233
155731,1-5-2,67.7
155731,2-5-1,864.9
155731,3-5-1,180.4
155731,4-5-1,268.8
155731,5-4-1,555.6
155731,6-4-1,875.9
155731,1-5-3,44.6
155731,2-5-3,1309
155731,3-5-2,394
155731,4-5-2,662.7
155731,5-4-2,1211
155731,6-4-2,1871
155731,1-5-4,65.5
155731,2-5-4,1553
155731,3-5-4,272.3
155731,4-5-3,464.6
155731,5-4-3,919.9
155731,6-4-3,1049
155731,1-5-6,58.9
155731,2-5-6,1545
155731,3-5-6,239.3
155731,4-5-6,345.5
155731,5-4-6,739.3
155731,6-4-5,1677
155731,1-6-2,71.6
155731,2-6-1,823.5
155731,3-6-1,115.8
155731,4-6-1,285.6
155731,5-6-1,788.1
155731,6-5-1,1267
155731,1-6-3,41.5
155731,2-6-3,1238
155731,3-6-2,260.4
155731,4-6-2,707
155731,5-6-2,1562
155731,6-5-2,2218
155731,1-6-4,61.9
155731,2-6-4,1511
155731,3-6-4,195.4
155731,4-6-3,443.6
155731,5-6-3,1074
155731,6-5-3,1637
155731,1-6-5,88.9
155731,2-6-5,1687
155731,3-6-5,288.9
155731,4-6-5,507.4
155731,5-6-4,1201
155731,6-5-4,1697
155732,1-2-3,8.7
155732,2-1-3,42.7
155732,3-1-2,202.3
155732,4-1-2,40.5
155732,5-1-2,263.7
155732,6-1-2,188.3
155732,1-2-4,5.7
155732,2-1-4,26
155732,3-1-4,251.5
155732,4-1-3,146.8
155732,5-1-3,827.6
155732,6-1-3,626.7
155732,1-2-5,16.4
155732,2-1-5,71.1
155732,3-1-5,454.6
155732,4-1-5,51.2
155732,5-1-4,335.8
155732,6-1-4,411.1
155732,1-2-6,11.2
155732,2-1-6,41.3
155732,3-1-6,283.6
155732,4-1-6,36.7
155732,5-1-6,266.3
155732,6-1-5,582.6
155732,1-3-2,22.5
155732,2-3-1,190.7
155732,3-2-1,428.6
155732,4-2-1,80
155732,5-2-1,497.3
155732,6-2-1,296.1
155732,1-3-4,31.2
155732,2-3-4,275.8
155732,3-2-4,590
155732,4-2-3,334.8
155732,5-2-3,1763
155732,6-2-3,1169
155732,1-3-5,59.1
155732,2-3-5,657.3
155732,3-2-5,1218
155732,4-2-5,163.3
155732,5-2-4,834
155732,6-2-4,844.9
155732,1-3-6,47.2
155732,2-3-6,476.7
155732,3-2-6,664.1
155732,4-2-6,107
155732,5-2-6,648.1
155732,6-2-5,960.6
155732,1-4-2,10.2
155732,2-4-1,86.3
155732,3-4-1,455.2
155732,4-3-1,424.6
155732,5-3-1,1865
155732,6-3-1,1613
155732,1-4-3,28.3
155732,2-4-3,221
155732,3-4-2,606.7
155732,4-3-2,556.5
155732,5-3-2,2806
155732,6-3-2,2095
155732,1-4-5,23.4
155732,2-4-5,311.5
155732,3-4-5,682.3
155732,4-3-5,564.2
155732,5-3-4,1754
155732,6-3-4,2541
155732,1-4-6,20.4
155732,2-4-6,206.1
155732,3-4-6,661.4
155732,4-3-6,515.6
155732,5-3-6,2521
155732,6-3-5,3327
155732,1-5-2,45.9
155732,2-5-1,356.6
155732,3-5-1,1218
155732,4-5-1,80.5
155732,5-4-1,357.8
155732,6-4-1,462.4
155732,1-5-3,127
155732,2-5-3,1041
155732,3-5-2,1898
155732,4-5-2,125
155732,5-4-2,545.2
155732,6-4-2,637.8
155732,1-5-4,58.9
155732,2-5-4,710.9
155732,3-5-4,1344
155732,4-5-3,397.5
155732,5-4-3,1285
155732,6-4-3,2082
155732,1-5-6,66.6
155732,2-5-6,617.1
155732,3-5-6,1744
155732,4-5-6,92.5
155732,5-4-6,407
155732,6-4-5,922.2
155732,1-6-2,35.2
155732,2-6-1,200.9
155732,3-6-1,1047
155732,4-6-1,64.7
155732,5-6-1,565.2
155732,6-5-1,1005
155732,1-6-3,108.3
155732,2-6-3,694.1
155732,3-6-2,1434
155732,4-6-2,109.9
155732,5-6-2,730.2
155732,6-5-2,1208
155732,1-6-4,63.4
155732,2-6-4,444.5
155732,3-6-4,1909
155732,4-6-3,377.5
155732,5-6-3,2226
155732,6-5-3,2907
155732,1-6-5,91
155732,2-6-5,650.7
155732,3-6-5,2166
155732,4-6-5,115
155732,5-6-4,688.2
155732,6-5-4,1301
155733,1-2-3,32.4
155733,2-1-3,115.7
155733,3-1-2,529.7
155733,4-1-2,10.6
155733,5-1-2,443.8
155733,6-1-2,713.3
155733,1-2-4,8.9
155733,2-1-4,21.6
155733,3-1-4,319.8
155733,4-1-3,33.5
155733,5-1-3,951.1
155733,6-1-3,1775
155733,1-2-5,56.8
155733,2-1-5,160.1
155733,3-1-5,981.4
155733,4-1-5,17.1
155733,5-1-4,249.9
155733,6-1-4,497.4
155733,1-2-6,54.9
155733,2-1-6,115.4
155733,3-1-6,986.3
155733,4-1-6,13.8
155733,5-1-6,511.4
155733,6-1-5,1630
155733,1-3-2,68.5
155733,2-3-1,451.3
155733,3-2-1,862.7
155733,4-2-1,23.2
155733,5-2-1,722.3
155733,6-2-1,1076
155733,1-3-4,42.4
155733,2-3-4,473.8
155733,3-2-4,710.7
155733,4-2-3,107.5
155733,5-2-3,1911
155733,6-2-3,3170
155733,1-3-5,212.8
155733,2-3-5,1318
155733,3-2-5,2147
155733,4-2-5,56.8
155733,5-2-4,598.8
155733,6-2-4,1141
155733,1-3-6,164.1
155733,2-3-6,1296
155733,3-2-6,2450
155733,4-2-6,48.1
155733,5-2-6,1042
155733,6-2-5,2813
155733,1-4-2,7.1
155733,2-4-1,36.5
155733,3-4-1,437.5
155733,4-3-1,119.6
155733,5-3-1,2244
155733,6-3-1,3473
155733,1-4-3,15
155733,2-4-3,191.9
155733,3-4-2,615.5
155733,4-3-2,199.2
155733,5-3-2,3631
155733,6-3-2,5789
155733,1-4-5,23.7
155733,2-4-5,174.6
155733,3-4-5,1340
155733,4-3-5,296.3
155733,5-3-4,2322
155733,6-3-4,2336
155733,1-4-6,17.2
155733,2-4-6,118.6
155733,3-4-6,811.9
155733,4-3-6,204.2
155733,5-3-6,3535
155733,6-3-5,5962
155733,1-5-2,148.9
155733,2-5-1,574.7
155733,3-5-1,2496
155733,4-5-1,23.1
155733,5-4-1,201.1
155733,6-4-1,458.6
155733,1-5-3,285.9
155733,2-5-3,1264
155733,3-5-2,3247
155733,4-5-2,38.8
155733,5-4-2,322.9
155733,6-4-2,774.1
155733,1-5-4,100
155733,2-5-4,533.3
155733,3-5-4,2420
155733,4-5-3,136.5
155733,5-4-3,881.8
155733,6-4-3,1759
155733,1-5-6,205.6
155733,2-5-6,937.7
155733,3-5-6,4389
155733,4-5-6,31
155733,5-4-6,279.9
155733,6-4-5,895.6
155733,1-6-2,167.7
155733,2-6-1,578
155733,3-6-1,2391
155733,4-6-1,29.9
155733,5-6-1,837.4
155733,6-5-1,2080
155733,1-6-3,320.3
155733,2-6-3,1484
155733,3-6-2,4249
155733,4-6-2,50.6
155733,5-6-2,1128
155733,6-5-2,2754
155733,1-6-4,109.1
155733,2-6-4,542
155733,3-6-4,1707
155733,4-6-3,147.1
155733,5-6-3,2102
155733,6-5-3,4438
155733,1-6-5,347
155733,2-6-5,1507
155733,3-6-5,5187
155733,4-6-5,50.5
155733,5-6-4,643.2
155733,6-5-4,1199
155734,1-2-3,37.9
155734,2-1-3,226.8
155734,3-1-2,135.6
155734,4-1-2,281
155734,5-1-2,2659
155734,6-1-2,39.3
155734,1-2-4,51.7
155734,2-1-4,280.1
155734,3-1-4,53
155734,4-1-3,147.8
155734,5-1-3,1937
155734,6-1-3,14.9
155734,1-2-5,244.7
155734,2-1-5,913.8
155734,3-1-5,222.4
155734,4-1-5,401.3
155734,5-1-4,2025
155734,6-1-4,20.9
155734,1-2-6,32.4
155734,2-1-6,170
155734,3-1-6,28
155734,4-1-6,77
155734,5-1-6,1015
155734,6-1-5,122
155734,1-3-2,31.9
155734,2-3-1,450.5
155734,3-2-1,382.8
155734,4-2-1,651.5
155734,5-2-1,4050
155734,6-2-1,107.2
155734,1-3-4,15.2
155734,2-3-4,573
155734,3-2-4,415.8
155734,4-2-3,815.5
155734,5-2-3,4752
155734,6-2-3,133.6
155734,1-3-5,112.1
155734,2-3-5,1485
155734,3-2-5,848.6
155734,4-2-5,1329
155734,5-2-4,3182
155734,6-2-4,132.8
155734,1-3-6,8.1
155734,2-3-6,347.3
155734,3-2-6,244.6
155734,4-2-6,345.6
155734,5-2-6,3269
155734,6-2-5,451.7
155734,1-4-2,64.7
155734,2-4-1,624.1
155734,3-4-1,100.9
155734,4-3-1,211.2
155734,5-3-1,2582
155734,6-3-1,24.1
155734,1-4-3,29.5
155734,2-4-3,715.6
155734,3-4-2,292.6
155734,4-3-2,633
155734,5-3-2,4346
155734,6-3-2,82.2
155734,1-4-5,213.2
155734,2-4-5,1721
155734,3-4-5,316.8
155734,4-3-5,543.3
155734,5-3-4,2299
155734,6-3-4,33.3
155734,1-4-6,19
155734,2-4-6,368.5
155734,3-4-6,57.5
155734,4-3-6,100
155734,5-3-6,1286
155734,6-3-5,160.4
155734,1-5-2,480.3
155734,2-5-1,2344
155734,3-5-1,788.5
155734,4-5-1,596
155734,5-4-1,1969
155734,6-4-1,37.7
155734,1-5-3,416.8
155734,2-5-3,2458
155734,3-5-2,1329
155734,4-5-2,1212
155734,5-4-2,3154
155734,6-4-2,111.7
155734,1-5-4,487.5
155734,2-5-4,2741
155734,3-5-4,711.4
155734,4-5-3,758.3
155734,5-4-3,2545
155734,6-4-3,42.9
155734,1-5-6,249.5
155734,2-5-6,1591
155734,3-5-6,373.9
155734,4-5-6,290.9
155734,5-4-6,867.1
155734,6-4-5,128.2
155734,1-6-2,25.9
155734,2-6-1,263
155734,3-6-1,33.9
155734,4-6-1,66.9
155734,5-6-1,990
155734,6-5-1,295.2
155734,1-6-3,9.2
155734,2-6-3,329
155734,3-6-2,132.4
155734,4-6-2,174
155734,5-6-2,2013
155734,6-5-2,606.1
155734,1-6-4,13.2
155734,2-6-4,314.5
155734,3-6-4,43.7
155734,4-6-3,84.2
155734,5-6-3,1018
155734,6-5-3,306.9
155734,1-6-5,96.1
155734,2-6-5,992.7
155734,3-6-5,172.1
155734,4-6-5,157.7
155734,5-6-4,793.7
155734,6-5-4,277.1
155735,1-2-3,27.9
155735,2-1-3,170.8
155735,3-1-2,194.3
155735,4-1-2,20
155735,5-1-2,716.8
155735,6-1-2,184.2
155735,1-2-4,13.7
155735,2-1-4,66.2
155735,3-1-4,84.4
155735,4-1-3,71.8
155735,5-1-3,1047
155735,6-1-3,379.9
155735,1-2-5,103.2
155735,2-1-5,327.2
155735,3-1-5,429.4
155735,4-1-5,56
155735,5-1-4,452.3
155735,6-1-4,97.6
155735,1-2-6,25
155735,2-1-6,98.6
155735,3-1-6,127.9
155735,4-1-6,12
155735,5-1-6,449.1
155735,6-1-5,489.8
155735,1-3-2,31
155735,2-3-1,410.9
155735,3-2-1,333.7
155735,4-2-1,46.4
155735,5-2-1,1077
155735,6-2-1,344.5
155735,1-3-4,19
155735,2-3-4,334.3
155735,3-2-4,251.3
155735,4-2-3,113.3
155735,5-2-3,1892
155735,6-2-3,822.8
155735,1-3-5,116.5
155735,2-3-5,1234
155735,3-2-5,1089
155735,4-2-5,205.9
155735,5-2-4,891.7
155735,6-2-4,210.2
155735,1-3-6,31.9
155735,2-3-6,463.6
155735,3-2-6,311.6
155735,4-2-6,36.8
155735,5-2-6,950.9
155735,6-2-5,806.8
155735,1-4-2,11.3
155735,2-4-1,102
155735,3-4-1,143.1
155735,4-3-1,186.1
155735,5-3-1,1540
155735,6-3-1,819.2
155735,1-4-3,22.8
155735,2-4-3,334.6
155735,3-4-2,210.3
155735,4-3-2,189.8
155735,5-3-2,1901
155735,6-3-2,1255
155735,1-4-5,55.9
155735,2-4-5,489.1
155735,3-4-5,335.2
155735,4-3-5,361.9
155735,5-3-4,1222
155735,6-3-4,703.3
155735,1-4-6,8.9
155735,2-4-6,92.7
155735,3-4-6,106.8
155735,4-3-6,138.4
155735,5-3-6,1161
155735,6-3-5,1766
155735,1-5-2,136.6
155735,2-5-1,1010
155735,3-5-1,837.6
155735,4-5-1,78.4
155735,5-4-1,409.1
155735,6-4-1,83.7
155735,1-5-3,210.2
155735,2-5-3,1758
155735,3-5-2,1168
155735,4-5-2,138.6
155735,5-4-2,583.3
155735,6-4-2,130.7
155735,1-5-4,111
155735,2-5-4,1035
155735,3-5-4,641.5
155735,4-5-3,307.3
155735,5-4-3,965.7
155735,6-4-3,352.6
155735,1-5-6,119.4
155735,2-5-6,1044
155735,3-5-6,640.4
155735,4-5-6,48.6
155735,5-4-6,266.2
155735,6-4-5,231.6
155735,1-6-2,48.7
155735,2-6-1,220.5
155735,3-6-1,374.2
155735,4-6-1,15.6
155735,5-6-1,637.2
155735,6-5-1,860.8
155735,1-6-3,82.4
155735,2-6-3,744
155735,3-6-2,502.3
155735,4-6-2,26.4
155735,5-6-2,875
155735,6-5-2,1026
155735,1-6-4,28.8
155735,2-6-4,163
155735,3-6-4,269.9
155735,4-6-3,83.3
155735,5-6-3,1355
155735,6-5-3,1627
155735,1-6-5,172.4
155735,2-6-5,950.9
155735,3-6-5,915.8
155735,4-6-5,39.3
155735,5-6-4,410.5
155735,6-5-4,406.9
155736,1-2-3,12.3
155736,2-1-3,29.1
155736,3-1-2,62.3
155736,4-1-2,1427
155736,5-1-2,54.1
155736,6-1-2,141.9
155736,1-2-4,131.3
155736,2-1-4,159
155736,3-1-4,500.1
155736,4-1-3,2383
155736,5-1-3,123.2
155736,6-1-3,312.5
155736,1-2-5,11.3
155736,2-1-5,17.8
155736,3-1-5,87.6
155736,4-1-5,1268
155736,5-1-4,593.2
155736,6-1-4,892.7
155736,1-2-6,14.3
155736,2-1-6,19.2
155736,3-1-6,93.8
155736,4-1-6,1481
155736,5-1-6,52.2
155736,6-1-5,158.4
155736,1-3-2,18.7
155736,2-3-1,57.3
155736,3-2-1,79.6
155736,4-2-1,1827
155736,5-2-1,62
155736,6-2-1,151.2
155736,1-3-4,346.5
155736,2-3-4,290.3
155736,3-2-4,383.3
155736,4-2-3,2713
155736,5-2-3,84.9
155736,6-2-3,252.6
155736,1-3-5,29.5
155736,2-3-5,35.5
155736,3-2-5,59.3
155736,4-2-5,1473
155736,5-2-4,628.6
155736,6-2-4,985.9
155736,1-3-6,34.9
155736,2-3-6,40.9
155736,3-2-6,70.4
155736,4-2-6,2000
155736,5-2-6,34.9
155736,6-2-5,90.7
155736,1-4-2,398.9
155736,2-4-1,662
155736,3-4-1,1671
155736,4-3-1,2687
155736,5-3-1,239.5
155736,6-3-1,593.2
155736,1-4-3,693.8
155736,2-4-3,820.6
155736,3-4-2,1651
155736,4-3-2,3654
155736,5-3-2,170.3
155736,6-3-2,486.8
155736,1-4-5,727
155736,2-4-5,568.6
155736,3-4-5,1442
155736,4-3-5,3187
155736,5-3-4,1311
155736,6-3-4,3302
155736,1-4-6,598.4
155736,2-4-6,487.7
155736,3-4-6,1621
155736,4-3-6,3915
155736,5-3-6,171.7
155736,6-3-5,481.7
155736,1-5-2,22.2
155736,2-5-1,33.9
155736,3-5-1,158.6
155736,4-5-1,1557
155736,5-4-1,1723
155736,6-4-1,2303
155736,1-5-3,46.9
155736,2-5-3,41.4
155736,3-5-2,109.4
155736,4-5-2,1957
155736,5-4-2,1377
155736,6-4-2,2175
155736,1-5-4,381.2
155736,2-5-4,268.4
155736,3-5-4,1003
155736,4-5-3,3262
155736,5-4-3,2141
155736,6-4-3,3654
155736,1-5-6,29.4
155736,2-5-6,17.8
155736,3-5-6,132.2
155736,4-5-6,1531
155736,5-4-6,1123
155736,6-4-5,2076
155736,1-6-2,42.9
155736,2-6-1,51
155736,3-6-1,254
155736,4-6-1,1903
155736,5-6-1,57.1
155736,6-5-1,125.3
155736,1-6-3,88.9
155736,2-6-3,65.9
155736,3-6-2,169.8
155736,4-6-2,2108
155736,5-6-2,37.5
155736,6-5-2,83.5
155736,1-6-4,553.7
155736,2-6-4,350.9
155736,3-6-4,1337
155736,4-6-3,4568
155736,5-6-3,120.9
155736,6-5-3,255.4
155736,1-6-5,54.5
155736,2-6-5,29
155736,3-6-5,218.9
155736,4-6-5,1791
155736,5-6-4,480
155736,6-5-4,787.6
155737,1-2-3,19.7
155737,2-1-3,224.3
155737,3-1-2,120
155737,4-1-2,118.7
155737,5-1-2,186.7
155737,6-1-2,2511
155737,1-2-4,28.8
155737,2-1-4,245.9
155737,3-1-4,35.6
155737,4-1-3,38.6
155737,5-1-3,76.5
155737,6-1-3,3824
155737,1-2-5,25.5
155737,2-1-5,259.6
155737,3-1-5,34.1
155737,4-1-5,22.7
155737,5-1-4,59.8
155737,6-1-4,4547
155737,1-2-6,379.8
155737,2-1-6,1734
155737,3-1-6,620.8
155737,4-1-6,412.4
155737,5-1-6,670.3
155737,6-1-5,5427
155737,1-3-2,17
155737,2-3-1,511.4
155737,3-2-1,437
155737,4-2-1,367.3
155737,5-2-1,486.3
155737,6-2-1,6471
155737,1-3-4,7.7
155737,2-3-4,695.2
155737,3-2-4,449.8
155737,4-2-3,559
155737,5-2-3,649.6
155737,6-2-3,5427
155737,1-3-5,8.1
155737,2-3-5,607.4
155737,3-2-5,372.2
155737,4-2-5,324.8
155737,5-2-4,497.8
155737,6-2-4,7315
155737,1-3-6,447.5
155737,2-3-6,3235
155737,3-2-6,1934
155737,4-2-6,2213
155737,5-2-6,3115
155737,6-2-5,5802
155737,1-4-2,26.1
155737,2-4-1,483.5
155737,3-4-1,59.4
155737,4-3-1,62.9
155737,5-3-1,127
155737,6-3-1,4673
155737,1-4-3,10.4
155737,2-4-3,845.5
155737,3-4-2,261.6
155737,4-3-2,316.2
155737,5-3-2,448.6
155737,6-3-2,8413
155737,1-4-5,9
155737,2-4-5,644.6
155737,3-4-5,47.1
155737,4-3-5,52.4
155737,5-3-4,122.9
155737,6-3-4,5098
155737,1-4-6,337.1
155737,2-4-6,3913
155737,3-4-6,737.9
155737,4-3-6,820.7
155737,5-3-6,1682
155737,6-3-5,6471
155737,1-5-2,34
155737,2-5-1,630.1
155737,3-5-1,74.2
155737,4-5-1,25.1
155737,5-4-1,63.4
155737,6-4-1,5098
155737,1-5-3,16
155737,2-5-3,731.5
155737,3-5-2,273.5
155737,4-5-2,105.2
155737,5-4-2,195.1
155737,6-4-2,6730
155737,1-5-4,17.6
155737,2-5-4,722.1
155737,3-5-4,70.9
155737,4-5-3,43.4
155737,5-4-3,88
155737,6-4-3,5258
155737,1-5-6,339.2
155737,2-5-6,2549
155737,3-5-6,924.5
155737,4-5-6,181.3
155737,5-4-6,378.9
155737,6-4-5,2369
155737,1-6-2,1413
155737,2-6-1,5258
155737,3-6-1,3174
155737,4-6-1,1265
155737,5-6-1,2511
155737,6-5-1,5258
155737,1-6-3,1324
155737,2-6-3,5608
155737,3-6-2,4206
155737,4-6-2,2951
155737,5-6-2,4103
155737,6-5-2,8413
155737,1-6-4,1114
155737,2-6-4,6231
155737,3-6-4,1979
155737,4-6-3,2213
155737,5-6-3,3299
155737,6-5-3,6730
155737,1-6-5,1617
155737,2-6-5,4103
155737,3-6-5,3235
155737,4-6-5,768.3
155737,5-6-4,1176
155737,6-5-4,2157
155738,1-2-3,23.6
155738,2-1-3,75.1
155738,3-1-2,14.7
155738,4-1-2,460.6
155738,5-1-2,413.9
155738,6-1-2,2324
155738,1-2-4,107.4
155738,2-1-4,308.3
155738,3-1-4,7.4
155738,4-1-3,156.4
155738,5-1-3,128.5
155738,6-1-3,3597
155738,1-2-5,58.1
155738,2-1-5,155.9
155738,3-1-5,5.4
155738,4-1-5,220.8
155738,5-1-4,378.6
155738,6-1-4,6043
155738,1-2-6,604.3
155738,2-1-6,1291
155738,3-1-6,145.4
155738,4-1-6,1119
155738,5-1-6,1349
155738,6-1-5,7194
155738,1-3-2,12.8
155738,2-3-1,97.5
155738,3-2-1,39.1
155738,4-2-1,883.5
155738,5-2-1,642.9
155738,6-2-1,4721
155738,1-3-4,12.9
155738,2-3-4,278.7
155738,3-2-4,89.6
155738,4-2-3,763
155738,5-2-3,535.7
155738,6-2-3,5036
155738,1-3-5,9
155738,2-3-5,142.4
155738,3-2-5,48.6
155738,4-2-5,873.3
155738,5-2-4,1313
155738,6-2-4,5596
155738,1-3-6,258.7
155738,2-3-6,1798
155738,3-2-6,693
155738,4-2-6,2158
155738,5-2-6,4197
155738,6-2-5,5036
155738,1-4-2,155.9
155738,2-4-1,668.5
155738,3-4-1,18.6
155738,4-3-1,126.3
155738,5-3-1,107.8
155738,6-3-1,3685
155738,1-4-3,59.2
155738,2-4-3,696.2
155738,3-4-2,59.2
155738,4-3-2,383.4
155738,5-3-2,314.7
155738,6-3-2,5396
155738,1-4-5,99.9
155738,2-4-5,894
155738,3-4-5,16.3
155738,4-3-5,105.5
155738,5-3-4,175.8
155738,6-3-4,2518
155738,1-4-6,640.2
155738,2-4-6,2605
155738,3-4-6,187.2
155738,4-3-6,740.6
155738,5-3-6,1162
155738,6-3-5,5811
155738,1-5-2,111.9
155738,2-5-1,447
155738,3-5-1,12.2
155738,4-5-1,253.9
155738,5-4-1,429.2
155738,6-4-1,6295
155738,1-5-3,42
155738,2-5-3,423.2
155738,3-5-2,45.3
155738,4-5-2,611.7
155738,5-4-2,981.1
155738,6-4-2,7554
155738,1-5-4,126.8
155738,2-5-4,1248
155738,3-5-4,19.1
155738,4-5-3,181.1
155738,5-4-3,286.1
155738,6-4-3,4443
155738,1-5-6,755.4
155738,2-5-6,2698
155738,3-5-6,186
155738,4-5-6,1014
155738,5-4-6,1842
155738,6-4-5,2560
155738,1-6-2,1466
155738,2-6-1,3433
155738,3-6-1,662.6
155738,4-6-1,1325
155738,5-6-1,2221
155738,6-5-1,7554
155738,1-6-3,1526
155738,2-6-3,4578
155738,3-6-2,1337
155738,4-6-2,5036
155738,5-6-2,5210
155738,6-5-2,7554
155738,1-6-4,1798
155738,2-6-4,5036
155738,3-6-4,883.5
155738,4-6-3,3357
155738,5-6-3,3433
155738,6-5-3,6867
155738,1-6-5,2436
155738,2-6-5,4083
155738,3-6-5,592.5
155738,4-6-5,1313
155738,5-6-4,2360
155738,6-5-4,5396
155739,1-2-3,9.3
155739,2-1-3,34.6
155739,3-1-2,69.7
155739,4-1-2,103.3
155739,5-1-2,64.7
155739,6-1-2,1317
155739,1-2-4,10.9
155739,2-1-4,38.3
155739,3-1-4,72.5
155739,4-1-3,188.1
155739,5-1-3,132.8
155739,6-1-3,3256
155739,1-2-5,7.9
155739,2-1-5,23.2
155739,3-1-5,53.3
155739,4-1-5,87.1
155739,5-1-4,151.6
155739,6-1-4,4424
155739,1-2-6,29
155739,2-1-6,167.2
155739,3-1-6,257.5
155739,4-1-6,371.1
155739,5-1-6,214.9
155739,6-1-5,3027
155739,1-3-2,15.7
155739,2-3-1,91.8
155739,3-2-1,106.3
155739,4-2-1,185.3
155739,5-2-1,86.3
155739,6-2-1,2184
155739,1-3-4,26.9
155739,2-3-4,140
155739,3-2-4,133.5
155739,4-2-3,331.2
155739,5-2-3,169.8
155739,6-2-3,5229
155739,1-3-5,18.6
155739,2-3-5,91.9
155739,3-2-5,97.1
155739,4-2-5,196.1
155739,5-2-4,224.4
155739,6-2-4,4108
155739,1-3-6,70.2
155739,2-3-6,437.9
155739,3-2-6,391.3
155739,4-2-6,666.2
155739,5-2-6,301.6
155739,6-2-5,2157
155739,1-4-2,22.5
155739,2-4-1,109.1
155739,3-4-1,120
155739,4-3-1,222
155739,5-3-1,208.6
155739,6-3-1,4424
155739,1-4-3,40.9
155739,2-4-3,173.7
155739,3-4-2,140.6
155739,4-3-2,281.9
155739,5-3-2,219.2
155739,6-3-2,4541
155739,1-4-5,27
155739,2-4-5,113.9
155739,3-4-5,95.7
155739,4-3-5,228.8
155739,5-3-4,358
155739,6-3-4,4108
155739,1-4-6,83.3
155739,2-4-6,584.9
155739,3-4-6,304.8
155739,4-3-6,599.2
155739,5-3-6,488.8
155739,6-3-5,4209
155739,1-5-2,16.3
155739,2-5-1,57.1
155739,3-5-1,91.1
155739,4-5-1,112.7
155739,5-4-1,229.7
155739,6-4-1,5752
155739,1-5-3,30.8
155739,2-5-3,100.9
155739,3-5-2,94.9
155739,4-5-2,148.8
155739,5-4-2,285.7
155739,6-4-2,4424
155739,1-5-4,34.7
155739,2-5-4,118.7
155739,3-5-4,119.4
155739,4-5-3,280.1
155739,5-4-3,466.4
155739,6-4-3,5392
155739,1-5-6,51.8
155739,2-5-6,250.8
155739,3-5-6,233.2
155739,4-5-6,301.6
155739,5-4-6,515.1
155739,6-4-5,4541
155739,1-6-2,225.5
155739,2-6-1,850
155739,3-6-1,974.9
155739,4-6-1,1039
155739,5-6-1,539.2
155739,6-5-1,2104
155739,1-6-3,431.4
155739,2-6-3,1597
155739,3-6-2,1027
155739,4-6-2,1232
155739,5-6-2,620.7
155739,6-5-2,2332
155739,1-6-4,422.9
155739,2-6-4,1426
155739,3-6-4,894.1
155739,4-6-3,1513
155739,5-6-3,1259
155739,6-5-3,4664
155739,1-6-5,209.9
155739,2-6-5,679.4
155739,3-6-5,679.4
155739,4-6-5,913
155739,5-6-4,1078
155739,6-5-4,5075
155740,1-2-3,4.7
155740,2-1-3,37.4
155740,3-1-2,132.7
155740,4-1-2,67.3
155740,5-1-2,436.4
155740,6-1-2,844.7
155740,1-2-4,4.2
155740,2-1-4,33.6
155740,3-1-4,144.5
155740,4-1-3,150.8
155740,5-1-3,803.9
155740,6-1-3,1780
155740,1-2-5,13.5
155740,2-1-5,76.8
155740,3-1-5,235.9
155740,4-1-5,96.3
155740,5-1-4,492.5
155740,6-1-4,1457
155740,1-2-6,26.2
155740,2-1-6,116.5
155740,3-1-6,416.7
155740,4-1-6,135.9
155740,5-1-6,621.4
155740,6-1-5,2148
155740,1-3-2,11.3
155740,2-3-1,160.8
155740,3-2-1,258.5
155740,4-2-1,144.3
155740,5-2-1,766.8
155740,6-2-1,1325
155740,1-3-4,15.2
155740,2-3-4,291.1
155740,3-2-4,330.5
155740,4-2-3,394.3
155740,5-2-3,1432
155740,6-2-3,2569
155740,1-3-5,28.1
155740,2-3-5,434.1
155740,3-2-5,505.4
155740,4-2-5,292.5
155740,5-2-4,1097
155740,6-2-4,2569
155740,1-3-6,52.7
155740,2-3-6,718.1
155740,3-2-6,781.2
155740,4-2-6,393.6
155740,5-2-6,1354
155740,6-2-5,3002
155740,1-4-2,9.7
155740,2-4-1,123.6
155740,3-4-1,349.5
155740,4-3-1,409.2
155740,5-3-1,1311
155740,6-3-1,2286
155740,1-4-3,21.1
155740,2-4-3,308.4
155740,3-4-2,393
155740,4-3-2,547.7
155740,5-3-2,1902
155740,6-3-2,3413
155740,1-4-5,27.6
155740,2-4-5,401.9
155740,3-4-5,596.1
155740,4-3-5,825.1
155740,5-3-4,2329
155740,6-3-4,3236
155740,1-4-6,37.6
155740,2-4-6,539.4
155740,3-4-6,769.1
155740,4-3-6,1000
155740,5-3-6,2443
155740,6-3-5,4019
155740,1-5-2,43.9
155740,2-5-1,438.7
155740,3-5-1,661
155740,4-5-1,153.5
155740,5-4-1,530.2
155740,6-4-1,1415
155740,1-5-3,70.4
155740,2-5-3,718.1
155740,3-5-2,752.9
155740,4-5-2,256.6
155740,5-4-2,814.4
155740,6-4-2,2148
155740,1-5-4,61.3
155740,2-5-4,700
155740,3-5-4,836.2
155740,4-5-3,540.5
155740,5-4-3,1755
155740,6-4-3,2708
155740,1-5-6,115.5
155740,2-5-6,1021
155740,3-5-6,1069
155740,4-5-6,254.2
155740,5-4-6,762.1
155740,6-4-5,3611
155740,1-6-2,156.7
155740,2-6-1,853.4
155740,3-6-1,1440
155740,4-6-1,361.1
155740,5-6-1,1252
155740,6-5-1,2373
155740,1-6-3,264.2
155740,2-6-3,1650
155740,3-6-2,1618
155740,4-6-2,586.3
155740,5-6-2,1873
155740,6-5-2,3154
155740,1-6-4,184.7
155740,2-6-4,1492
155740,3-6-4,1755
155740,4-6-3,1029
155740,5-6-3,2542
155740,6-5-3,2931
155740,1-6-5,280.6
155740,2-6-5,1695
155740,3-6-5,1742
155740,4-6-5,533.6
155740,5-6-4,1672
155740,6-5-4,3322
155741,1-2-3,4
155741,2-1-3,17.4
155741,3-1-2,44.2
155741,4-1-2,145.6
155741,5-1-2,515.4
155741,6-1-2,219.5
155741,1-2-4,6.4
155741,2-1-4,23.7
155741,3-1-4,52.5
155741,4-1-3,258.7
155741,5-1-3,661.4
155741,6-1-3,348.4
155741,1-2-5,17.9
155741,2-1-5,63
155741,3-1-5,106.4
155741,4-1-5,270.6
155741,5-1-4,775.5
155741,6-1-4,580.7
155741,1-2-6,26.5
155741,2-1-6,63.1
155741,3-1-6,141.3
155741,4-1-6,434.7
155741,5-1-6,1075
155741,6-1-5,947.8
155741,1-3-2,7.8
155741,2-3-1,61.8
155741,3-2-1,86.7
155741,4-2-1,180.5
155741,5-2-1,803.2
155741,6-2-1,325
155741,1-3-4,12.7
155741,2-3-4,136.1
155741,3-2-4,194.6
155741,4-2-3,462.4
155741,5-2-3,1565
155741,6-2-3,568.7
155741,1-3-5,27.1
155741,2-3-5,272.7
155741,3-2-5,350.9
155741,4-2-5,331.6
155741,5-2-4,1359
155741,6-2-4,958.9
155741,1-3-6,35.1
155741,2-3-6,241.3
155741,3-2-6,339.3
155741,4-2-6,702.8
155741,5-2-6,1917
155741,6-2-5,1405
155741,1-4-2,17.4
155741,2-4-1,111
155741,3-4-1,177
155741,4-3-1,456.4
155741,5-3-1,1075
155741,6-3-1,679.6
155741,1-4-3,31.6
155741,2-4-3,234
155741,3-4-2,269.4
155741,4-3-2,579.3
155741,5-3-2,1948
155741,6-3-2,790.4
155741,1-4-5,64.3
155741,2-4-5,354.4
155741,3-4-5,411.6
155741,4-3-5,672.2
155741,5-3-4,2425
155741,6-3-4,1351
155741,1-4-6,65.8
155741,2-4-6,464.1
155741,3-4-6,395.2
155741,4-3-6,970.1
155741,5-3-6,2910
155741,6-3-5,2061
155741,1-5-2,71.6
155741,2-5-1,393.3
155741,3-5-1,514.3
155741,4-5-1,489.8
155741,5-4-1,1089
155741,6-4-1,1472
155741,1-5-3,104.8
155741,2-5-3,740.7
155741,3-5-2,579.3
155741,4-5-2,528.6
155741,5-4-2,1275
155741,6-4-2,1846
155741,1-5-4,117.7
155741,2-5-4,656.2
155741,3-5-4,736.3
155741,4-5-3,997.5
155741,5-4-3,2228
155741,6-4-3,2027
155741,1-5-6,187.7
155741,2-5-6,1255
155741,3-5-6,1005
155741,4-5-6,962.6
155741,5-4-6,1832
155741,6-4-5,2269
155741,1-6-2,93.4
155741,2-6-1,338.4
155741,3-6-1,571.3
155741,4-6-1,902.9
155741,5-6-1,2269
155741,6-5-1,2577
155741,1-6-3,142.5
155741,2-6-3,644.2
155741,3-6-2,756.5
155741,4-6-2,1156
155741,5-6-2,2631
155741,6-5-2,2779
155741,1-6-4,185.4
155741,2-6-4,1043
155741,3-6-4,906.2
155741,4-6-3,1660
155741,5-6-3,3298
155741,6-5-3,2843
155741,1-6-5,298.4
155741,2-6-5,1546
155741,3-6-5,1596
155741,4-6-5,1463
155741,5-6-4,3212
155741,6-5-4,2748
155742,1-2-3,3.8
155742,2-1-3,17.7
155742,3-1-2,50.8
155742,4-1-2,321.3
155742,5-1-2,632.4
155742,6-1-2,128.4
155742,1-2-4,8.2
155742,2-1-4,34.8
155742,3-1-4,74.5
155742,4-1-3,391.7
155742,5-1-3,751.3
155742,6-1-3,168.3
155742,1-2-5,21.6
155742,2-1-5,69.4
155742,3-1-5,127.7
155742,4-1-5,547.6
155742,5-1-4,1145
155742,6-1-4,308.9
155742,1-2-6,18.1
155742,2-1-6,53.4
155742,3-1-6,121.6
155742,4-1-6,459.2
155742,5-1-6,916.2
155742,6-1-5,502.9
155742,1-3-2,6.6
155742,2-3-1,51.9
155742,3-2-1,86.5
155742,4-2-1,569.2
155742,5-2-1,1061
155742,6-2-1,173.7
155742,1-3-4,11.6
155742,2-3-4,109.5
155742,3-2-4,180.4
155742,4-2-3,792.5
155742,5-2-3,1633
155742,6-2-3,255
155742,1-3-5,26.5
155742,2-3-5,226
155742,3-2-5,342.1
155742,4-2-5,1428
155742,5-2-4,2171
155742,6-2-4,416
155742,1-3-6,25.9
155742,2-3-6,159.4
155742,3-2-6,273.4
155742,4-2-6,1114
155742,5-2-6,1966
155742,6-2-5,696.9
155742,1-4-2,27.2
155742,2-4-1,178.2
155742,3-4-1,269.2
155742,4-3-1,745.3
155742,5-3-1,1444
155742,6-3-1,315.4
155742,1-4-3,34.2
155742,2-4-3,227.4
155742,3-4-2,300.7
155742,4-3-2,1007
155742,5-3-2,2075
155742,6-3-2,380.2
155742,1-4-5,91.7
155742,2-4-5,611.8
155742,3-4-5,630.3
155742,4-3-5,1669
155742,5-3-4,2521
155742,6-3-4,760.4
155742,1-4-6,65.7
155742,2-4-6,416.4
155742,3-4-6,504.9
155742,4-3-6,1591
155742,5-3-6,2722
155742,6-3-5,1128
155742,1-5-2,85.9
155742,2-5-1,489.1
155742,3-5-1,601
155742,4-5-1,1381
155742,5-4-1,2249
155742,6-4-1,946.2
155742,1-5-3,90.8
155742,2-5-3,689.3
155742,3-5-2,820.2
155742,4-5-2,1946
155742,5-4-2,3054
155742,6-4-2,867.6
155742,1-5-4,164.8
155742,2-5-4,1223
155742,3-5-4,941.5
155742,4-5-3,1806
155742,5-4-3,3079
155742,6-4-3,1450
155742,1-5-6,172.6
155742,2-5-6,975.7
155742,3-5-6,1148
155742,4-5-6,1391
155742,5-4-6,1832
155742,6-4-5,1633
155742,1-6-2,56.1
155742,2-6-1,229.4
155742,3-6-1,408.3
155742,4-6-1,1001
155742,5-6-1,1806
155742,6-5-1,1108
155742,1-6-3,62.5
155742,2-6-3,384.1
155742,3-6-2,600.1
155742,4-6-2,1699
155742,5-6-2,2645
155742,6-5-2,1252
155742,1-6-4,102.4
155742,2-6-4,610.8
155742,3-6-4,781
155742,4-6-3,1936
155742,5-6-3,2846
155742,6-5-3,1520
155742,1-6-5,187.9
155742,2-6-5,875.6
155742,3-6-5,1295
155742,4-6-5,1841
155742,5-6-4,2184
155742,6-5-4,1662
155599,1-2-3,39.7
155599,2-1-3,132.2
155599,3-1-2,94.1
155599,4-1-2,42.2
155599,5-1-2,187.7
155599,6-1-2,2484
155599,1-2-4,28.3
155599,2-1-4,95.6
155599,3-1-4,26.3
155599,4-1-3,26.4
155599,5-1-3,149.2
155599,6-1-3,3312
155599,1-2-5,53.5
155599,2-1-5,166
155599,3-1-5,42.7
155599,4-1-5,13.2
155599,5-1-4,68.2
155599,6-1-4,3091
155599,1-2-6,597.1
155599,2-1-6,1656
155599,3-1-6,813.6
155599,4-1-6,231.8
155599,5-1-6,589.5
155599,6-1-5,4797
155599,1-3-2,37.3
155599,2-3-1,236.2
155599,3-2-1,189.3
155599,4-2-1,95.2
155599,5-2-1,356.7
155599,6-2-1,5797
155599,1-3-4,14
155599,2-3-4,110.1
155599,3-2-4,82.7
155599,4-2-3,107.3
155599,5-2-3,460.7
155599,6-2-3,5351
155599,1-3-5,25
155599,2-3-5,234.6
155599,3-2-5,142.4
155599,4-2-5,64.8
155599,5-2-4,246.6
155599,6-2-4,6324
155599,1-3-6,709.8
155599,2-3-6,3864
155599,3-2-6,2358
155599,4-2-6,833.1
155599,5-2-6,1855
155599,6-2-5,5153
155599,1-4-2,24.8
155599,2-4-1,119.8
155599,3-4-1,32.5
155599,4-3-1,43.4
155599,5-3-1,244.9
155599,6-3-1,5565
155599,1-4-3,14.2
155599,2-4-3,97.5
155599,3-4-2,52.1
155599,4-3-2,69.3
155599,5-3-2,465.3
155599,6-3-2,7323
155599,1-4-5,11.4
155599,2-4-5,109.8
155599,3-4-5,23.6
155599,4-3-5,23.1
155599,5-3-4,143.1
155599,6-3-4,4216
155599,1-4-6,340.1
155599,2-4-6,1419
155599,3-4-6,641.1
155599,4-3-6,395.2
155599,5-3-6,1312
155599,6-3-5,6324
155599,1-5-2,68.4
155599,2-5-1,385.4
155599,3-5-1,85.5
155599,4-5-1,13.3
155599,5-4-1,52
155599,6-4-1,4488
155599,1-5-3,48.6
155599,2-5-3,398.6
155599,3-5-2,186.7
155599,4-5-2,32.7
155599,5-4-2,107.8
155599,6-4-2,6625
155599,1-5-4,27.3
155599,2-5-4,217.7
155599,3-5-4,60.8
155599,4-5-3,23.4
155599,5-4-3,91.2
155599,6-4-3,4348
155599,1-5-6,474.8
155599,2-5-6,2208
155599,3-5-6,1209
155599,4-5-6,87.5
155599,5-4-6,322
155599,6-4-5,1987
155599,1-6-2,1783
155599,2-6-1,2529
155599,3-6-1,2839
155599,4-6-1,813.6
155599,5-6-1,1987
155599,6-5-1,6049
155599,1-6-3,1480
155599,2-6-3,3567
155599,3-6-2,4348
155599,4-6-2,1364
155599,5-6-2,3478
155599,6-5-2,4092
155599,1-6-4,1113
155599,2-6-4,3393
155599,3-6-4,2576
155599,4-6-3,1264
155599,5-6-3,3235
155599,6-5-3,8184
155599,1-6-5,1405
155599,2-6-5,3975
155599,3-6-5,3393
155599,4-6-5,468.4
155599,5-6-4,1288
155599,6-5-4,2140
155600,1-2-3,20.1
155600,2-1-3,29.1
155600,3-1-2,117.2
155600,4-1-2,38.5
155600,5-1-2,133.1
155600,6-1-2,2423
155600,1-2-4,9.2
155600,2-1-4,10.8
155600,3-1-4,74.4
155600,4-1-3,81.6
155600,5-1-3,243.7
155600,6-1-3,5235
155600,1-2-5,20.3
155600,2-1-5,18.8
155600,3-1-5,101.4
155600,4-1-5,50.2
155600,5-1-4,112.8
155600,6-1-4,3739
155600,1-2-6,407.7
155600,2-1-6,387.2
155600,3-1-6,1295
155600,4-1-6,723
155600,5-1-6,833.6
155600,6-1-5,5949
155600,1-3-2,39.4
155600,2-3-1,67.7
155600,3-2-1,139
155600,4-2-1,37.1
155600,5-2-1,162.1
155600,6-2-1,7271
155600,1-3-4,32.2
155600,2-3-4,45.2
155600,3-2-4,65.4
155600,4-2-3,75.3
155600,5-2-3,278.4
155600,6-2-3,6232
155600,1-3-5,56.7
155600,2-3-5,61.2
155600,3-2-5,89.7
155600,4-2-5,38
155600,5-2-4,123
155600,6-2-4,3966
155600,1-3-6,833.6
155600,2-3-6,962.3
155600,3-2-6,1258
155600,4-2-6,671.1
155600,5-2-6,1099
155600,6-2-5,5033
155600,1-4-2,15.8
155600,2-4-1,19
155600,3-4-1,93.8
155600,4-3-1,106.8
155600,5-3-1,373.9
155600,6-3-1,9999
155600,1-4-3,33.4
155600,2-4-3,40.6
155600,3-4-2,71.8
155600,4-3-2,104.9
155600,5-3-2,339
155600,6-3-2,8179
155600,1-4-5,25.4
155600,2-4-5,21.6
155600,3-4-5,74.1
155600,4-3-5,107.2
155600,5-3-4,285.1
155600,6-3-4,5690
155600,1-4-6,538.5
155600,2-4-6,433.3
155600,3-4-6,878.3
155600,4-3-6,969.4
155600,5-3-6,1407
155600,6-3-5,9999
155600,1-5-2,48.2
155600,2-5-1,48.3
155600,3-5-1,177.8
155600,4-5-1,45.8
155600,5-4-1,124.6
155600,6-4-1,5690
155600,1-5-3,94.8
155600,2-5-3,87.6
155600,3-5-2,131.5
155600,4-5-2,35.5
155600,5-4-2,88.7
155600,6-4-2,4221
155600,1-5-4,47.3
155600,2-5-4,40.3
155600,3-5-4,112.7
155600,4-5-3,91
155600,5-4-3,222.5
155600,6-4-3,8725
155600,1-5-6,623.2
155600,2-5-6,769.8
155600,3-5-6,1179
155600,4-5-6,274.3
155600,5-4-6,529.8
155600,6-4-5,2670
155600,1-6-2,1223
155600,2-6-1,2181
155600,3-6-1,3444
155600,4-6-1,1843
155600,5-6-1,2379
155600,6-5-1,7271
155600,1-6-3,1487
155600,2-6-3,3192
155600,3-6-2,4847
155600,4-6-2,1576
155600,5-6-2,3192
155600,6-5-2,4847
155600,1-6-4,1335
155600,2-6-4,1869
155600,3-6-4,3043
155600,4-6-3,3116
155600,5-6-3,4362
155600,6-5-3,9999
155600,1-6-5,1677
155600,2-6-5,2044
155600,3-6-5,3192
155600,4-6-5,890.3
155600,5-6-4,1576
155600,6-5-4,2181
155601,1-2-3,18
155601,2-1-3,14.9
155601,3-1-2,43.7
155601,4-1-2,248
155601,5-1-2,253
155601,6-1-2,1209
155601,1-2-4,37.2
155601,2-1-4,31.8
155601,3-1-4,50.7
155601,4-1-3,219.4
155601,5-1-3,170.1
155601,6-1-3,1445
155601,1-2-5,41.7
155601,2-1-5,33.5
155601,3-1-5,54.6
155601,4-1-5,212.7
155601,5-1-4,259.8
155601,6-1-4,2418
155601,1-2-6,122.6
155601,2-1-6,80.9
155601,3-1-6,138.1
155601,4-1-6,509.1
155601,5-1-6,610.4
155601,6-1-5,2372
155601,1-3-2,24.2
155601,2-3-1,14.8
155601,3-2-1,37.2
155601,4-2-1,232
155601,5-2-1,252
155601,6-2-1,1876
155601,1-3-4,40.7
155601,2-3-4,11
155601,3-2-4,25.1
155601,4-2-3,134
155601,5-2-3,128.4
155601,6-2-3,821.9
155601,1-3-5,40.6
155601,2-3-5,11.6
155601,3-2-5,28.1
155601,4-2-5,138.8
155601,5-2-4,177.6
155601,6-2-4,1654
155601,1-3-6,125.3
155601,2-3-6,33.8
155601,3-2-6,61.5
155601,4-2-6,320.8
155601,5-2-6,317.5
155601,6-2-5,1796
155601,1-4-2,76.5
155601,2-4-1,65.5
155601,3-4-1,93.4
155601,4-3-1,251
155601,5-3-1,314.3
155601,6-3-1,1676
155601,1-4-3,65.9
155601,2-4-3,30.5
155601,3-4-2,54.2
155601,4-3-2,150.7
155601,5-3-2,167.2
155601,6-3-2,967.3
155601,1-4-5,82.1
155601,2-4-5,53
155601,3-4-5,60.7
155601,4-3-5,136.2
155601,5-3-4,193.7
155601,6-3-4,1934
155601,1-4-6,221.4
155601,2-4-6,102.6
155601,3-4-6,140.6
155601,4-3-6,340.8
155601,5-3-6,406.9
155601,6-3-5,2168
155601,1-5-2,101.4
155601,2-5-1,70.1
155601,3-5-1,101
155601,4-5-1,247
155601,5-4-1,366.6
155601,6-4-1,4056
155601,1-5-3,90.6
155601,2-5-3,35.2
155601,3-5-2,61.9
155601,4-5-2,158.3
155601,5-4-2,228.6
155601,6-4-2,2794
155601,1-5-4,127
155601,2-5-4,71.3
155601,3-5-4,82.2
155601,4-5-3,142.7
155601,5-4-3,210.2
155601,6-4-3,2858
155601,1-5-6,233.7
155601,2-5-6,105.6
155601,3-5-6,165.6
155601,4-5-6,234.6
155601,5-4-6,351.2
155601,6-4-5,2675
155601,1-6-2,421.9
155601,2-6-1,354.2
155601,3-6-1,445.9
155601,4-6-1,1084
155601,5-6-1,1323
155601,6-5-1,2095
155601,1-6-3,388.1
155601,2-6-3,168.1
155601,3-6-2,230.7
155601,4-6-2,781
155601,5-6-2,879.4
155601,6-5-2,2206
155601,1-6-4,515.3
155601,2-6-4,287.1
155601,3-6-4,455.6
155601,4-6-3,718.6
155601,5-6-3,931.5
155601,6-5-3,2061
155601,1-6-5,598.8
155601,2-6-5,300.8
155601,3-6-5,497
155601,4-6-5,638.3
155601,5-6-4,1014
155601,6-5-4,2095
155602,1-2-3,26.7
155602,2-1-3,65.4
155602,3-1-2,263.7
155602,4-1-2,44.6
155602,5-1-2,66.2
155602,6-1-2,1961
155602,1-2-4,12.2
155602,2-1-4,27.4
155602,3-1-4,121.7
155602,4-1-3,54.4
155602,5-1-3,106.4
155602,6-1-3,2833
155602,1-2-5,14.9
155602,2-1-5,34
155602,3-1-5,120.8
155602,4-1-5,17.1
155602,5-1-4,43
155602,6-1-4,2124
155602,1-2-6,154.3
155602,2-1-6,359.9
155602,3-1-6,611.9
155602,4-1-6,104.8
155602,5-1-6,239.7
155602,6-1-5,1758
155602,1-3-2,56
155602,2-3-1,273.6
155602,3-2-1,444.7
155602,4-2-1,76.1
155602,5-2-1,124.8
155602,6-2-1,3922
155602,1-3-4,38.4
155602,2-3-4,207
155602,3-2-4,334
155602,4-2-3,148.2
155602,5-2-3,318.7
155602,6-2-3,5463
155602,1-3-5,48.9
155602,2-3-5,283.8
155602,3-2-5,427.3
155602,4-2-5,54.2
155602,5-2-4,139.5
155602,6-2-4,2549
155602,1-3-6,233.5
155602,2-3-6,1158
155602,3-2-6,1026
155602,4-2-6,199.7
155602,5-2-6,499.9
155602,6-2-5,2683
155602,1-4-2,17.6
155602,2-4-1,66.4
155602,3-4-1,122.5
155602,4-3-1,87.1
155602,5-3-1,220.1
155602,6-3-1,3557
155602,1-4-3,34.2
155602,2-4-3,139.4
155602,3-4-2,251.6
155602,4-3-2,155.9
155602,5-3-2,346.1
155602,6-3-2,5884
155602,1-4-5,20.2
155602,2-4-5,77.2
155602,3-4-5,99
155602,4-3-5,65
155602,5-3-4,141.9
155602,6-3-4,3557
155602,1-4-6,148.8
155602,2-4-6,406.8
155602,3-4-6,511.6
155602,4-3-6,257.9
155602,5-3-6,611.9
155602,6-3-5,3824
155602,1-5-2,24.2
155602,2-5-1,88.2
155602,3-5-1,190
155602,4-5-1,12.9
155602,5-4-1,33
155602,6-4-1,2095
155602,1-5-3,52.2
155602,2-5-3,209.2
155602,3-5-2,386.3
155602,4-5-2,22.8
155602,5-4-2,57.1
155602,6-4-2,1699
155602,1-5-4,27.9
155602,2-5-4,106.2
155602,3-5-4,140.2
155602,4-5-3,31.5
155602,5-4-3,73.9
155602,6-4-3,2781
155602,1-5-6,202.8
155602,2-5-6,588.4
155602,3-5-6,686
155602,4-5-6,22.3
155602,5-4-6,71.3
155602,6-4-5,629.5
155602,1-6-2,849.9
155602,2-6-1,1561
155602,3-6-1,1821
155602,4-6-1,240.9
155602,5-6-1,440.8
155602,6-5-1,1662
155602,1-6-3,884.3
155602,2-6-3,2095
155602,3-6-2,2185
155602,4-6-2,328.2
155602,5-6-2,653.7
155602,6-5-2,2353
155602,1-6-4,568.7
155602,2-6-4,1185
155602,3-6-4,1681
155602,4-6-3,371.3
155602,5-6-3,725
155602,6-5-3,3059
155602,1-6-5,768.7
155602,2-6-5,1429
155602,3-6-5,1529
155602,4-6-5,124.1
155602,5-6-4,264.2
155602,6-5-4,648.2
155603,1-2-3,4.3
155603,2-1-3,60.6
155603,3-1-2,70.6
155603,4-1-2,30.7
155603,5-1-2,493.6
155603,6-1-2,294.2
155603,1-2-4,9.1
155603,2-1-4,86.1
155603,3-1-4,87.1
155603,4-1-3,56.1
155603,5-1-3,892.2
155603,6-1-3,472.6
155603,1-2-5,34.5
155603,2-1-5,239.7
155603,3-1-5,288.6
155603,4-1-5,83.8
155603,5-1-4,345.4
155603,6-1-4,250.1
155603,1-2-6,20.2
155603,2-1-6,176
155603,3-1-6,221.8
155603,4-1-6,53.8
155603,5-1-6,728.6
155603,6-1-5,651.7
155603,1-3-2,6.3
155603,2-3-1,120.3
155603,3-2-1,126.6
155603,4-2-1,58.4
155603,5-2-1,683.8
155603,6-2-1,485
155603,1-3-4,14
155603,2-3-4,257.4
155603,3-2-4,283.2
155603,4-2-3,145
155603,5-2-3,1668
155603,6-2-3,1005
155603,1-3-5,48.5
155603,2-3-5,735
155603,3-2-5,806
155603,4-2-5,349.7
155603,5-2-4,1720
155603,6-2-4,776
155603,1-3-6,28.6
155603,2-3-6,567.5
155603,3-2-6,567.5
155603,4-2-6,186
155603,5-2-6,1142
155603,6-2-5,1142
155603,1-4-2,12.7
155603,2-4-1,211.2
155603,3-4-1,142.4
155603,4-3-1,111.4
155603,5-3-1,1544
155603,6-3-1,1083
155603,1-4-3,21.9
155603,2-4-3,364.3
155603,3-4-2,318.4
155603,4-3-2,158.4
155603,5-3-2,1962
155603,6-3-2,1367
155603,1-4-5,46.4
155603,2-4-5,798.3
155603,3-4-5,587.5
155603,4-3-5,539.9
155603,5-3-4,1720
155603,6-3-4,1264
155603,1-4-6,26.4
155603,2-4-6,528
155603,3-4-6,501
155603,4-3-6,295.8
155603,5-3-6,2453
155603,6-3-5,2224
155603,1-5-2,115.1
155603,2-5-1,842.6
155603,3-5-1,790.7
155603,4-5-1,140.9
155603,5-4-1,380
155603,6-4-1,279
155603,1-5-3,174.1
155603,2-5-3,1023
155603,3-5-2,1209
155603,4-5-2,352.7
155603,5-4-2,1635
155603,6-4-2,573.3
155603,1-5-4,114.6
155603,2-5-4,1119
155603,3-5-4,948
155603,4-5-3,545.2
155603,5-4-3,1685
155603,6-4-3,937.3
155603,1-5-6,156.3
155603,2-5-6,1324
155603,3-5-6,1402
155603,4-5-6,257
155603,5-4-6,948
155603,6-4-5,704
155603,1-6-2,49.7
155603,2-6-1,587.5
155603,3-6-1,646.7
155603,4-6-1,87.8
155603,5-6-1,1097
155603,6-5-1,1017
155603,1-6-3,86.3
155603,2-6-3,1200
155603,3-6-2,834.2
155603,4-6-2,181.5
155603,5-6-2,1604
155603,6-5-2,1702
155603,1-6-4,60.8
155603,2-6-4,809.9
155603,3-6-4,826
155603,4-6-3,298.4
155603,5-6-3,2566
155603,6-5-3,2317
155603,1-6-5,161.6
155603,2-6-5,1685
155603,3-6-5,1367
155603,4-6-5,223.9
155603,5-6-4,1158
155603,6-5-4,1029
155604,1-2-3,86.9
155604,2-1-3,243.6
155604,3-1-2,89.6
155604,4-1-2,754.9
155604,5-1-2,191.9
155604,6-1-2,131.2
155604,1-2-4,267.4
155604,2-1-4,748.2
155604,3-1-4,84.9
155604,4-1-3,376.6
155604,5-1-3,56.6
155604,6-1-3,37.4
155604,1-2-5,130.4
155604,2-1-5,374.1
155604,3-1-5,21.2
155604,4-1-5,519.4
155604,5-1-4,207.9
155604,6-1-4,150.4
155604,1-2-6,141.4
155604,2-1-6,335
155604,3-1-6,18.8
155604,4-1-6,448.1
155604,5-1-6,49
155604,6-1-5,52
155604,1-3-2,62.5
155604,2-3-1,273
155604,3-2-1,188.9
155604,4-2-1,1179
155604,5-2-1,329.8
155604,6-2-1,204.1
155604,1-3-4,66.9
155604,2-3-4,585.7
155604,3-2-4,261.7
155604,4-2-3,1380
155604,5-2-3,266.2
155604,6-2-3,162.2
155604,1-3-5,17.4
155604,2-3-5,191.4
155604,3-2-5,118.1
155604,4-2-5,1327
155604,5-2-4,420.4
155604,6-2-4,438.9
155604,1-3-6,18.2
155604,2-3-6,168.1
155604,3-2-6,96.7
155604,4-2-6,1248
155604,5-2-6,253.1
155604,6-2-5,200.7
155604,1-4-2,333.7
155604,2-4-1,1132
155604,3-4-1,167.1
155604,4-3-1,374.1
155604,5-3-1,53.6
155604,6-3-1,37
155604,1-4-3,142.3
155604,2-4-3,1029
155604,3-4-2,246.5
155604,4-3-2,797.4
155604,5-3-2,156.1
155604,6-3-2,98.4
155604,1-4-5,197.5
155604,2-4-5,1132
155604,3-4-5,85.4
155604,4-3-5,352.4
155604,5-3-4,146.1
155604,6-3-4,95.6
155604,1-4-6,216.9
155604,2-4-6,959.6
155604,3-4-6,72.9
155604,4-3-6,270.9
155604,5-3-6,28.3
155604,6-3-5,28.5
155604,1-5-2,124.8
155604,2-5-1,486.6
155604,3-5-1,25.2
155604,4-5-1,583.7
155604,5-4-1,446.9
155604,6-4-1,335.6
155604,1-5-3,32
155604,2-5-3,277
155604,3-5-2,89.1
155604,4-5-2,1187
155604,5-4-2,761.6
155604,6-4-2,511.6
155604,1-5-4,148.8
155604,2-5-4,1029
155604,3-5-4,60.2
155604,4-5-3,427.8
155604,5-4-3,404.4
155604,6-4-3,160.8
155604,1-5-6,34.9
155604,2-5-6,377.4
155604,3-5-6,14.2
155604,4-5-6,273.9
155604,5-4-6,290.3
155604,6-4-5,159.9
155604,1-6-2,128.3
155604,2-6-1,424.6
155604,3-6-1,25.8
155604,4-6-1,442.3
155604,5-6-1,41.7
155604,6-5-1,46.8
155604,1-6-3,34.2
155604,2-6-3,235.2
155604,3-6-2,71.7
155604,4-6-2,836.7
155604,5-6-2,130.8
155604,6-5-2,143.9
155604,1-6-4,158.5
155604,2-6-4,1023
155604,3-6-4,55.4
155604,4-6-3,254.2
155604,5-6-3,29.1
155604,6-5-3,32.7
155604,1-6-5,45
155604,2-6-5,377.4
155604,3-6-5,16.9
155604,4-6-5,241.9
155604,5-6-4,135
155604,6-5-4,160
155605,1-2-3,28.5
155605,2-1-3,92.4
155605,3-1-2,129.2
155605,4-1-2,1994
155605,5-1-2,11
155605,6-1-2,361.5
155605,1-2-4,167.4
155605,2-1-4,590.2
155605,3-1-4,757.7
155605,4-1-3,1718
155605,5-1-3,18.9
155605,6-1-3,598.3
155605,1-2-5,9.9
155605,2-1-5,40.6
155605,3-1-5,58.9
155605,4-1-5,1156
155605,5-1-4,199
155605,6-1-4,1788
155605,1-2-6,43.3
155605,2-1-6,137.7
155605,3-1-6,229.5
155605,4-1-6,2283
155605,5-1-6,11.9
155605,6-1-5,191.1
155605,1-3-2,32.5
155605,2-3-1,161.7
155605,3-2-1,192.5
155605,4-2-1,3615
155605,5-2-1,26.7
155605,6-2-1,519.5
155605,1-3-4,285.4
155605,2-3-4,997.2
155605,3-2-4,1105
155605,4-2-3,3337
155605,5-2-3,50.6
155605,6-2-3,980.3
155605,1-3-5,16.8
155605,2-3-5,148.9
155605,3-2-5,140.7
155605,4-2-5,2892
155605,5-2-4,437
155605,6-2-4,1652
155605,1-3-6,79.3
155605,2-3-6,342.9
155605,3-2-6,420.1
155605,4-2-6,3470
155605,5-2-6,34.3
155605,6-2-5,438.2
155605,1-4-2,300.7
155605,2-4-1,472.8
155605,3-4-1,1752
155605,4-3-1,2169
155605,5-3-1,56.1
155605,6-3-1,1483
155605,1-4-3,472.8
155605,2-4-3,1994
155605,3-4-2,2711
155605,4-3-2,3692
155605,5-3-2,68.4
155605,6-3-2,1718
155605,1-4-5,339.5
155605,2-4-5,1637
155605,3-4-5,2444
155605,4-3-5,2892
155605,5-3-4,796
155605,6-3-4,2844
155605,1-4-6,885.3
155605,2-4-6,1846
155605,3-4-6,2711
155605,4-3-6,2941
155605,5-3-6,69.3
155605,6-3-5,714.1
155605,1-5-2,6.8
155605,2-5-1,46.5
155605,3-5-1,75.8
155605,4-5-1,1470
155605,5-4-1,744.7
155605,6-4-1,3615
155605,1-5-3,13.6
155605,2-5-3,95.3
155605,3-5-2,113.1
155605,4-5-2,2844
155605,5-4-2,980.3
155605,6-4-2,2551
155605,1-5-4,160.2
155605,2-5-4,359.2
155605,3-5-4,1141
155605,4-5-3,3274
155605,5-4-3,1621
155605,6-4-3,3402
155605,1-5-6,13.7
155605,2-5-6,90.5
155605,3-5-6,131.8
155605,4-5-6,2142
155605,5-4-6,810.8
155605,6-4-5,2798
155605,1-6-2,94.8
155605,2-6-1,325.5
155605,3-6-1,645
155605,4-6-1,3615
155605,5-6-1,22.1
155605,6-5-1,149.7
155605,1-6-3,216.3
155605,2-6-3,606.7
155605,3-6-2,774.6
155605,4-6-2,3470
155605,5-6-2,31.1
155605,6-5-2,236.4
155605,1-6-4,702.5
155605,2-6-4,1735
155605,3-6-4,3213
155605,4-6-3,5103
155605,5-6-3,53
155605,6-5-3,329.9
155605,1-6-5,54.9
155605,2-6-5,288.2
155605,3-6-5,410.2
155605,4-6-5,3213
155605,5-6-4,334.3
155605,6-5-4,433.8
155606,1-2-3,8.6
155606,2-1-3,58.1
155606,3-1-2,27.8
155606,4-1-2,572.2
155606,5-1-2,112
155606,6-1-2,147
155606,1-2-4,71.3
155606,2-1-4,298.8
155606,3-1-4,150.4
155606,4-1-3,667.6
155606,5-1-3,98.5
155606,6-1-3,125.1
155606,1-2-5,20.8
155606,2-1-5,103.6
155606,3-1-5,29.5
155606,4-1-5,417.5
155606,5-1-4,324.3
155606,6-1-4,887.5
155606,1-2-6,19.2
155606,2-1-6,97.4
155606,3-1-6,23.5
155606,4-1-6,712.5
155606,5-1-6,85.6
155606,6-1-5,201.9
155606,1-3-2,6.3
155606,2-3-1,82.1
155606,3-2-1,60.5
155606,4-2-1,1036
155606,5-2-1,252
155606,6-2-1,301.8
155606,1-3-4,42.9
155606,2-3-4,345.4
155606,3-2-4,389
155606,4-2-3,1245
155606,5-2-3,341.5
155606,6-2-3,430.8
155606,1-3-5,9
155606,2-3-5,143
155606,3-2-5,103.5
155606,4-2-5,1051
155606,5-2-4,752.3
155606,6-2-4,1723
155606,1-3-6,8.9
155606,2-3-6,143.8
155606,3-2-6,80.9
155606,4-2-6,1453
155606,5-2-6,333
155606,6-2-5,775.9
155606,1-4-2,185.9
155606,2-4-1,737.3
155606,3-4-1,482.7
155606,4-3-1,988
155606,5-3-1,167.8
155606,6-3-1,206.4
155606,1-4-3,174.7
155606,2-4-3,944
155606,3-4-2,453.2
155606,4-3-2,1425
155606,5-3-2,300
155606,6-3-2,362.3
155606,1-4-5,197
155606,2-4-5,705.7
155606,3-4-5,525.5
155606,4-3-5,1385
155606,5-3-4,809.9
155606,6-3-4,1385
155606,1-4-6,214.4
155606,2-4-6,1066
155606,3-4-6,625.3
155606,4-3-6,1256
155606,5-3-6,216
155606,6-3-5,464.6
155606,1-5-2,34.6
155606,2-5-1,238.6
155606,3-5-1,72
155606,4-5-1,453.2
155606,5-4-1,555.1
155606,6-4-1,1611
155606,1-5-3,24.2
155606,2-5-3,274.9
155606,3-5-2,104.5
155606,4-5-2,775.9
155606,5-4-2,1066
155606,6-4-2,2148
155606,1-5-4,140.6
155606,2-5-4,633.3
155606,3-5-4,363.2
155606,4-5-3,1323
155606,5-4-3,1852
155606,6-4-3,2212
155606,1-5-6,35.6
155606,2-5-6,308.7
155606,3-5-6,89.3
155606,4-5-6,612.4
155606,5-4-6,866.7
155606,6-4-5,1359
155606,1-6-2,40.7
155606,2-6-1,298.2
155606,3-6-1,63.5
155606,4-6-1,1288
155606,5-6-1,136.3
155606,6-5-1,305.5
155606,1-6-3,26.5
155606,2-6-3,368.6
155606,3-6-2,105
155606,4-6-2,1785
155606,5-6-2,232.3
155606,6-5-2,402.7
155606,1-6-4,197
155606,2-6-4,1214
155606,3-6-4,482.7
155606,4-6-3,1829
155606,5-6-3,242.9
155606,6-5-3,429.6
155606,1-6-5,57.5
155606,2-6-5,525.5
155606,3-6-5,128.5
155606,4-6-5,1058
155606,5-6-4,686.1
155606,6-5-4,1074
155607,1-2-3,44.3
155607,2-1-3,251.9
155607,3-1-2,245.8
155607,4-1-2,264
155607,5-1-2,33.2
155607,6-1-2,590.3
155607,1-2-4,36.3
155607,2-1-4,272.5
155607,3-1-4,92.9
155607,4-1-3,312.4
155607,5-1-3,41.5
155607,6-1-3,818.8
155607,1-2-5,20.3
155607,2-1-5,127.5
155607,3-1-5,61.2
155607,4-1-5,71.1
155607,5-1-4,36.8
155607,6-1-4,568.8
155607,1-2-6,55.5
155607,2-1-6,304.9
155607,3-1-6,206.7
155607,4-1-6,169.3
155607,5-1-6,19.6
155607,6-1-5,208
155607,1-3-2,40.6
155607,2-3-1,510.2
155607,3-2-1,523.3
155607,4-2-1,778
155607,5-2-1,123.1
155607,6-2-1,1390
155607,1-3-4,19.2
155607,2-3-4,1277
155607,3-2-4,1005
155607,4-2-3,1450
155607,5-2-3,378.8
155607,6-2-3,2389
155607,1-3-5,11.3
155607,2-3-5,985.8
155607,3-2-5,890.6
155607,4-2-5,760.5
155607,5-2-4,368.5
155607,6-2-4,2231
155607,1-3-6,40.3
155607,2-3-6,1897
155607,3-2-6,1526
155607,4-2-6,1134
155607,5-2-6,205.7
155607,6-2-5,1336
155607,1-4-2,42.2
155607,2-4-1,730.4
155607,3-4-1,300.8
155607,4-3-1,634.6
155607,5-3-1,127.9
155607,6-3-1,1750
155607,1-4-3,35.3
155607,2-4-3,1735
155607,3-4-2,1223
155607,4-3-2,1813
155607,5-3-2,458.4
155607,6-3-2,2943
155607,1-4-5,12.3
155607,2-4-5,828.8
155607,3-4-5,242
155607,4-3-5,488.1
155607,5-3-4,375.3
155607,6-3-4,1990
155607,1-4-6,27.3
155607,2-4-6,1381
155607,3-4-6,593.7
155607,4-3-6,1057
155607,5-3-6,277.4
155607,6-3-5,1504
155607,1-5-2,14.8
155607,2-5-1,242
155607,3-5-1,118.2
155607,4-5-1,92.6
155607,5-4-1,80.6
155607,6-4-1,853.2
155607,1-5-3,10.6
155607,2-5-3,839.1
155607,3-5-2,630.6
155607,4-5-2,351.9
155607,5-4-2,275.9
155607,6-4-2,1664
155607,1-5-4,11.5
155607,2-5-4,712.5
155607,3-5-4,231
155607,4-5-3,434.8
155607,5-4-3,357.5
155607,6-4-3,2231
155607,1-5-6,9.5
155607,2-5-6,672.4
155607,3-5-6,323.3
155607,4-5-6,117.2
155607,5-4-6,105.7
155607,6-4-5,650.8
155607,1-6-2,107.5
155607,2-6-1,923
155607,3-6-1,1000
155607,4-6-1,308.1
155607,5-6-1,38.9
155607,6-5-1,196.5
155607,1-6-3,117
155607,2-6-3,1952
155607,3-6-2,2160
155607,4-6-2,902.5
155607,5-6-2,122.5
155607,6-5-2,628.7
155607,1-6-4,81.5
155607,2-6-4,1692
155607,3-6-4,1261
155607,4-6-3,1344
155607,5-6-3,184.6
155607,6-5-3,846.1
155607,1-6-5,42
155607,2-6-5,1103
155607,3-6-5,832.2
155607,4-6-5,278.5
155607,5-6-4,113.5
155607,6-5-4,461.5
155608,1-2-3,3.9
155608,2-1-3,54.9
155608,3-1-2,84.6
155608,4-1-2,645.8
155608,5-1-2,132.3
155608,6-1-2,126.6
155608,1-2-4,59.8
155608,2-1-4,297.8
155608,3-1-4,307.1
155608,4-1-3,719.9
155608,5-1-3,166.6
155608,6-1-3,170.9
155608,1-2-5,9.7
155608,2-1-5,116.6
155608,3-1-5,114.3
155608,4-1-5,682.3
155608,5-1-4,539.3
155608,6-1-4,499.8
155608,1-2-6,7.7
155608,2-1-6,77.8
155608,3-1-6,97.9
155608,4-1-6,608.3
155608,5-1-6,111.9
155608,6-1-5,217.9
155608,1-3-2,6.1
155608,2-3-1,141.2
155608,3-2-1,179.7
155608,4-2-1,1913
155608,5-2-1,341.1
155608,6-2-1,234.2
155608,1-3-4,59.9
155608,2-3-4,1074
155608,3-2-4,968.7
155608,4-2-3,3339
155608,5-2-3,871.9
155608,6-2-3,499.8
155608,1-3-5,13.1
155608,2-3-5,445.8
155608,3-2-5,645.8
155608,4-2-5,3077
155608,5-2-4,1724
155608,6-2-4,1868
155608,1-3-6,12
155608,2-3-6,308.3
155608,3-2-6,432.3
155608,4-2-6,3923
155608,5-2-6,447.1
155608,6-2-5,694.4
155608,1-4-2,201.2
155608,2-4-1,1121
155608,3-4-1,1060
155608,4-3-1,2038
155608,5-3-1,452.2
155608,6-3-1,378.1
155608,1-4-3,207.5
155608,2-4-3,1783
155608,3-4-2,2242
155608,4-3-2,3018
155608,5-3-2,1466
155608,6-3-2,524.8
155608,1-4-5,251.9
155608,2-4-5,2012
155608,3-4-5,1569
155608,4-3-5,2572
155608,5-3-4,2120
155608,6-3-4,2065
155608,1-4-6,187
155608,2-4-6,1687
155608,3-4-6,1553
155608,4-3-6,2452
155608,5-3-6,1053
155608,6-3-5,1046
155608,1-5-2,19
155608,2-5-1,439.6
155608,3-5-1,274.8
155608,4-5-1,1868
155608,5-4-1,1868
155608,6-4-1,2274
155608,1-5-3,25.8
155608,2-5-3,792.6
155608,3-5-2,843.7
155608,4-5-2,3138
155608,5-4-2,3649
155608,6-4-2,3018
155608,1-5-4,185
155608,2-5-4,1585
155608,3-5-4,1480
155608,4-5-3,2210
155608,5-4-3,2377
155608,6-4-3,3649
155608,1-5-6,24.3
155608,2-5-6,679.4
155608,3-5-6,826
155608,4-5-6,2274
155608,5-4-6,2853
155608,6-4-5,3736
155608,1-6-2,24.1
155608,2-6-1,247.5
155608,3-6-1,342.6
155608,4-6-1,2906
155608,5-6-1,211.2
155608,6-5-1,400.3
155608,1-6-3,32.1
155608,2-6-3,471.2
155608,3-6-2,673.5
155608,4-6-2,3138
155608,5-6-2,381.8
155608,6-5-2,788.6
155608,1-6-4,152.6
155608,2-6-4,2342
155608,3-6-4,1494
155608,4-6-3,3411
155608,5-6-3,826
155608,6-5-3,1046
155608,1-6-5,43
155608,2-6-5,962.8
155608,3-6-5,934.1
155608,4-6-5,3487
155608,5-6-4,2753
155608,6-5-4,2452
155609,1-2-3,6.1
155609,2-1-3,20.5
155609,3-1-2,25
155609,4-1-2,151.1
155609,5-1-2,203.9
155609,6-1-2,528.1
155609,1-2-4,14
155609,2-1-4,30
155609,3-1-4,61.6
155609,4-1-3,189.7
155609,5-1-3,300.3
155609,6-1-3,640.6
155609,1-2-5,18.6
155609,2-1-5,37.8
155609,3-1-5,46.3
155609,4-1-5,240.3
155609,5-1-4,650.5
155609,6-1-4,996.9
155609,1-2-6,18.1
155609,2-1-6,31.8
155609,3-1-6,49
155609,4-1-6,216.5
155609,5-1-6,399.2
155609,6-1-5,1162
155609,1-3-2,7.6
155609,2-3-1,48
155609,3-2-1,41.3
155609,4-2-1,197.5
155609,5-2-1,268.2
155609,6-2-1,769.3
155609,1-3-4,18
155609,2-3-4,73.8
155609,3-2-4,118.7
155609,4-2-3,302.4
155609,5-2-3,364.6
155609,6-2-3,891.4
155609,1-3-5,23.4
155609,2-3-5,120.2
155609,3-2-5,93
155609,4-2-5,307.4
155609,5-2-4,802.3
155609,6-2-4,1369
155609,1-3-6,19.1
155609,2-3-6,85.6
155609,3-2-6,110.9
155609,4-2-6,302.4
155609,5-2-6,435.3
155609,6-2-5,1893
155609,1-4-2,41.3
155609,2-4-1,126.5
155609,3-4-1,174
155609,4-3-1,286.5
155609,5-3-1,473.2
155609,6-3-1,825.9
155609,1-4-3,57.3
155609,2-4-3,153.3
155609,3-4-2,234
155609,4-3-2,421.2
155609,5-3-2,501.4
155609,6-3-2,991.1
155609,1-4-5,82.6
155609,2-4-5,212.4
155609,3-4-5,308.5
155609,4-3-5,687.7
155609,5-3-4,1162
155609,6-3-4,2080
155609,1-4-6,81.2
155609,2-4-6,170.5
155609,3-4-6,303.5
155609,4-3-6,547
155609,5-3-6,710.9
155609,6-3-5,2054
155609,1-5-2,51.7
155609,2-5-1,216.8
155609,3-5-1,169.3
155609,4-5-1,284.6
155609,5-4-1,624
155609,6-4-1,1358
155609,1-5-3,68.7
155609,2-5-3,267
155609,3-5-2,187.4
155609,4-5-2,356.9
155609,5-4-2,802.3
155609,6-4-2,1248
155609,1-5-4,154.2
155609,2-5-4,372.7
155609,3-5-4,392.7
155609,4-5-3,585
155609,5-4-3,1027
155609,6-4-3,2160
155609,1-5-6,122.9
155609,2-5-6,377.7
155609,3-5-6,304.6
155609,4-5-6,259.2
155609,5-4-6,752.1
155609,6-4-5,1477
155609,1-6-2,86.6
155609,2-6-1,280.8
155609,3-6-1,222.2
155609,4-6-1,392.7
155609,5-6-1,936
155609,6-5-1,1701
155609,1-6-3,88.7
155609,2-6-3,296.6
155609,3-6-2,294
155609,4-6-2,428.7
155609,5-6-2,882.1
155609,6-5-2,2030
155609,1-6-4,152
155609,2-6-4,376
155609,3-6-4,491.2
155609,4-6-3,658.1
155609,5-6-3,1040
155609,6-5-3,2308
155609,1-6-5,165.8
155609,2-6-5,523.2
155609,3-6-5,452.9
155609,4-6-5,459.1
155609,5-6-4,1276
155609,6-5-4,1517
155610,1-2-3,8.9
155610,2-1-3,53.8
155610,3-1-2,81
155610,4-1-2,54
155610,5-1-2,214.2
155610,6-1-2,1279
155610,1-2-4,7.5
155610,2-1-4,41
155610,3-1-4,53.2
155610,4-1-3,78.6
155610,5-1-3,291.6
155610,6-1-3,1722
155610,1-2-5,21.2
155610,2-1-5,96.4
155610,3-1-5,84
155610,4-1-5,65.4
155610,5-1-4,197.8
155610,6-1-4,1298
155610,1-2-6,51.3
155610,2-1-6,178.9
155610,3-1-6,179.1
155610,4-1-6,132.9
155610,5-1-6,453
155610,6-1-5,1731
155610,1-3-2,10.8
155610,2-3-1,139.1
155610,3-2-1,176
155610,4-2-1,83.3
155610,5-2-1,362.8
155610,6-2-1,2011
155610,1-3-4,9.1
155610,2-3-4,105.7
155610,3-2-4,138.6
155610,4-2-3,184.1
155610,5-2-3,974.7
155610,6-2-3,2829
155610,1-3-5,18.8
155610,2-3-5,193.2
155610,3-2-5,265.8
155610,4-2-5,118.8
155610,5-2-4,562.1
155610,6-2-4,2134
155610,1-3-6,47.7
155610,2-3-6,394.5
155610,3-2-6,415.2
155610,4-2-6,260.6
155610,5-2-6,638.4
155610,6-2-5,2852
155610,1-4-2,10.6
155610,2-4-1,110
155610,3-4-1,135
155610,4-3-1,163
155610,5-3-1,565.8
155610,6-3-1,2783
155610,1-4-3,14.6
155610,2-4-3,163.1
155610,3-4-2,191.6
155610,4-3-2,230.4
155610,5-3-2,1087
155610,6-3-2,4192
155610,1-4-5,21.5
155610,2-4-5,193
155610,3-4-5,198.3
155610,4-3-5,264.8
155610,5-3-4,950.7
155610,6-3-4,3314
155610,1-4-6,49.1
155610,2-4-6,369
155610,3-4-6,370.9
155610,4-3-6,466.4
155610,5-3-6,1212
155610,6-3-5,4192
155610,1-5-2,36.2
155610,2-5-1,340.4
155610,3-5-1,279.7
155610,4-5-1,81.4
155610,5-4-1,246.2
155610,6-4-1,1664
155610,1-5-3,44.1
155610,2-5-3,372.9
155610,3-5-2,434.9
155610,4-5-2,120.4
155610,5-4-2,387
155610,6-4-2,2383
155610,1-5-4,40.9
155610,2-5-4,336.2
155610,3-5-4,368.2
155610,4-5-3,280.6
155610,5-4-3,910.9
155610,6-4-3,3106
155610,1-5-6,83.4
155610,2-5-6,691.8
155610,3-5-6,563
155610,4-5-6,164.3
155610,5-4-6,464.5
155610,6-4-5,2636
155610,1-6-2,179.2
155610,2-6-1,880.9
155610,3-6-1,1048
155610,4-6-1,341.8
155610,5-6-1,789
155610,6-5-1,2059
155610,1-6-3,198
155610,2-6-3,1242
155610,3-6-2,1397
155610,4-6-2,433.8
155610,5-6-2,980.2
155610,6-5-2,3252
155610,1-6-4,189.1
155610,2-6-4,999.9
155610,3-6-4,1051
155610,4-6-3,778.4
155610,5-6-3,1641
155610,6-5-3,3587
155610,1-6-5,213.4
155610,2-6-5,1204
155610,3-6-5,1293
155610,4-6-5,365.9
155610,5-6-4,798.1
155610,6-5-4,2351
155683,1-2-3,40.1
155683,2-1-3,113.2
155683,3-1-2,22.3
155683,4-1-2,202.1
155683,5-1-2,990.5
155683,6-1-2,612.3
155683,1-2-4,73.8
155683,2-1-4,195.1
155683,3-1-4,7.2
155683,4-1-3,65
155683,5-1-3,463.8
155683,6-1-3,291.3
155683,1-2-5,185.6
155683,2-1-5,516.5
155683,3-1-5,26.2
155683,4-1-5,208.9
155683,5-1-4,809.5
155683,6-1-4,590.8
155683,1-2-6,170.7
155683,2-1-6,543.1
155683,3-1-6,28.4
155683,4-1-6,180.8
155683,5-1-6,940.7
155683,6-1-5,1325
155683,1-3-2,21.9
155683,2-3-1,105.8
155683,3-2-1,51.8
155683,4-2-1,334.7
155683,5-2-1,1427
155683,6-2-1,1086
155683,1-3-4,10.1
155683,2-3-4,87.3
155683,3-2-4,23.6
155683,4-2-3,198.5
155683,5-2-3,1238
155683,6-2-3,755
155683,1-3-5,31.5
155683,2-3-5,346.4
155683,3-2-5,121.5
155683,4-2-5,595
155683,5-2-4,1772
155683,6-2-4,1336
155683,1-3-6,35.3
155683,2-3-6,294.3
155683,3-2-6,115.6
155683,4-2-6,668.1
155683,5-2-6,2590
155683,6-2-5,1014
155683,1-4-2,67.5
155683,2-4-1,250.2
155683,3-4-1,8.3
155683,4-3-1,45.7
155683,5-3-1,447.8
155683,6-3-1,283.4
155683,1-4-3,25.1
155683,2-4-3,140.4
155683,3-4-2,18.7
155683,4-3-2,95.7
155683,5-3-2,900.4
155683,6-3-2,543.1
155683,1-4-5,96.4
155683,2-4-5,687.2
155683,3-4-5,18.4
155683,4-3-5,90.2
155683,5-3-4,450.2
155683,6-3-4,253.2
155683,1-4-6,96.8
155683,2-4-6,614.5
155683,3-4-6,14.9
155683,4-3-6,69.8
155683,5-3-6,576.6
155683,6-3-5,786.8
155683,1-5-2,335.4
155683,2-5-1,1039
155683,3-5-1,76.2
155683,4-5-1,355.9
155683,5-4-1,956.7
155683,6-4-1,713.5
155683,1-5-3,154.4
155683,2-5-3,794.2
155683,3-5-2,164.6
155683,4-5-2,621.3
155683,5-4-2,1850
155683,6-4-2,1153
155683,1-5-4,259.8
155683,2-5-4,1194
155683,3-5-4,56.9
155683,4-5-3,234.5
155683,5-4-3,681.7
155683,6-4-3,371.7
155683,1-5-6,404.7
155683,2-5-6,1634
155683,3-5-6,94.5
155683,4-5-6,391.5
155683,5-4-6,1086
155683,6-4-5,1285
155683,1-6-2,335.4
155683,2-6-1,1039
155683,3-6-1,67.8
155683,4-6-1,350.8
155683,5-6-1,1247
155683,6-5-1,2371
155683,1-6-3,139.6
155683,2-6-3,859.1
155683,3-6-2,142.8
155683,4-6-2,623.6
155683,5-6-2,3006
155683,6-5-2,2954
155683,1-6-4,241.5
155683,2-6-4,1211
155683,3-6-4,42.2
155683,4-6-3,191.3
155683,5-6-3,775.9
155683,6-5-3,1559
155683,1-6-5,553.9
155683,2-6-5,2275
155683,3-6-5,104.1
155683,4-6-5,441.9
155683,5-6-4,1336
155683,6-5-4,1870
155684,1-2-3,43.6
155684,2-1-3,57.3
155684,3-1-2,57.1
155684,4-1-2,1849
155684,5-1-2,34.1
155684,6-1-2,1105
155684,1-2-4,268.7
155684,2-1-4,653.9
155684,3-1-4,161.7
155684,4-1-3,2144
155684,5-1-3,14.5
155684,6-1-3,1191
155684,1-2-5,36.1
155684,2-1-5,39.5
155684,3-1-5,22.8
155684,4-1-5,1729
155684,5-1-4,250.5
155684,6-1-4,3154
155684,1-2-6,210.2
155684,2-1-6,290.6
155684,3-1-6,85.5
155684,4-1-6,2553
155684,5-1-6,52
155684,6-1-5,1165
155684,1-3-2,43.4
155684,2-3-1,76.2
155684,3-2-1,71.1
155684,4-2-1,2615
155684,5-2-1,49.8
155684,6-2-1,1218
155684,1-3-4,182
155684,2-3-4,415.6
155684,3-2-4,265.4
155684,4-2-3,1849
155684,5-2-3,26
155684,6-2-3,800.3
155684,1-3-5,19.7
155684,2-3-5,31
155684,3-2-5,24.5
155684,4-2-5,2494
155684,5-2-4,380.3
155684,6-2-4,1986
155684,1-3-6,103.3
155684,2-3-6,140.7
155684,3-2-6,81.4
155684,4-2-6,2553
155684,5-2-6,73.8
155684,6-2-5,800.3
155684,1-4-2,555.6
155684,2-4-1,1232
155684,3-4-1,649.9
155684,4-3-1,2062
155684,5-3-1,19
155684,6-3-1,864.9
155684,1-4-3,564.4
155684,2-4-3,1061
155684,3-4-2,602.5
155684,4-3-2,1881
155684,5-3-2,17.3
155684,6-3-2,714.9
155684,1-4-5,646
155684,2-4-5,844.4
155684,3-4-5,326.9
155684,4-3-5,1411
155684,5-3-4,109.9
155684,6-3-4,2062
155684,1-4-6,924.5
155684,2-4-6,1532
155684,3-4-6,710.2
155684,4-3-6,2437
155684,5-3-6,23.7
155684,6-3-5,302.1
155684,1-5-2,22.1
155684,2-5-1,42.2
155684,3-5-1,14.2
155684,4-5-1,1577
155684,5-4-1,734.5
155684,6-4-1,4874
155684,1-5-3,12.9
155684,2-5-3,27.5
155684,3-5-2,12.2
155684,4-5-2,2102
155684,5-4-2,674.5
155684,6-4-2,2681
155684,1-5-4,222
155684,2-5-4,323
155684,3-5-4,80.6
155684,4-5-3,1276
155684,5-4-3,323
155684,6-4-3,3972
155684,1-5-6,66.6
155684,2-5-6,96.9
155684,3-5-6,17.8
155684,4-5-6,1949
155684,5-4-6,547.1
155684,6-4-5,2898
155684,1-6-2,528.3
155684,2-6-1,634.6
155684,3-6-1,228.1
155684,4-6-1,4124
155684,5-6-1,87
155684,6-5-1,696.4
155684,1-6-3,403.1
155684,2-6-3,353.9
155684,3-6-2,192.8
155684,4-6-2,2749
155684,5-6-2,100.9
155684,6-5-2,630.8
155684,1-6-4,1247
155684,2-6-4,1510
155684,3-6-4,605.9
155684,4-6-3,3574
155684,5-6-3,53.3
155684,6-5-3,286.7
155684,1-6-5,309
155684,2-6-5,332
155684,3-6-5,80.8
155684,4-6-5,2615
155684,5-6-4,309
155684,6-5-4,1105
155685,1-2-3,17
155685,2-1-3,24.1
155685,3-1-2,382.1
155685,4-1-2,109.1
155685,5-1-2,111.1
155685,6-1-2,412.3
155685,1-2-4,13
155685,2-1-4,17.8
155685,3-1-4,538
155685,4-1-3,385.7
155685,5-1-3,292.2
155685,6-1-3,1080
155685,1-2-5,11.3
155685,2-1-5,14.6
155685,3-1-5,485.8
155685,4-1-5,108.7
155685,5-1-4,178.3
155685,6-1-4,858.6
155685,1-2-6,27.1
155685,2-1-6,22.5
155685,3-1-6,704.2
155685,4-1-6,120
155685,5-1-6,147.4
155685,6-1-5,908.3
155685,1-3-2,50.5
155685,2-3-1,77.7
155685,3-2-1,312.6
155685,4-2-1,97
155685,5-2-1,127.2
155685,6-2-1,487.7
155685,1-3-4,105
155685,2-3-4,73
155685,3-2-4,238.3
155685,4-2-3,108.5
155685,5-2-3,206.1
155685,6-2-3,623.6
155685,1-3-5,111.6
155685,2-3-5,63.5
155685,3-2-5,236.9
155685,4-2-5,55.3
155685,5-2-4,118.9
155685,6-2-4,345.3
155685,1-3-6,158.8
155685,2-3-6,74.5
155685,3-2-6,285.5
155685,4-2-6,62
155685,5-2-6,95.4
155685,6-2-5,333.3
155685,1-4-2,37.8
155685,2-4-1,38.7
155685,3-4-1,864.5
155685,4-3-1,599.7
155685,5-3-1,882.7
155685,6-3-1,2199
155685,1-4-3,115.7
155685,2-4-3,63.1
155685,3-4-2,330.7
155685,4-3-2,274.3
155685,5-3-2,535.7
155685,6-3-2,1193
155685,1-4-5,58.4
155685,2-4-5,27
155685,3-4-5,646.1
155685,4-3-5,366.5
155685,5-3-4,847
155685,6-3-4,1566
155685,1-4-6,101.8
155685,2-4-6,33
155685,3-4-6,733
155685,4-3-6,403
155685,5-3-6,733
155685,6-3-5,2507
155685,1-5-2,42.9
155685,2-5-1,41.5
155685,3-5-1,882.7
155685,4-5-1,73.8
155685,5-4-1,137.9
155685,6-4-1,1036
155685,1-5-3,130.7
155685,2-5-3,67.2
155685,3-5-2,378.7
155685,4-5-2,47.5
155685,5-4-2,95.2
155685,6-4-2,446.1
155685,1-5-4,91.7
155685,2-5-4,41.6
155685,3-5-4,769
155685,4-5-3,158.8
155685,5-4-3,343.4
155685,6-4-3,1333
155685,1-5-6,115.4
155685,2-5-6,29.6
155685,3-5-6,704.2
155685,4-5-6,44.3
155685,5-4-6,91.5
155685,6-4-5,540.3
155685,1-6-2,138.5
155685,2-6-1,73.2
155685,3-6-1,1492
155685,4-6-1,145.2
155685,5-6-1,219.9
155685,6-5-1,704.2
155685,1-6-3,358.1
155685,2-6-3,117.7
155685,3-6-2,605.5
155685,4-6-2,98
155685,5-6-2,141.3
155685,6-5-2,376.4
155685,1-6-4,298.4
155685,2-6-4,67.3
155685,3-6-4,1160
155685,4-6-3,265.5
155685,5-6-3,577.6
155685,6-5-3,1333
155685,1-6-5,294.9
155685,2-6-5,51.1
155685,3-6-5,971.7
155685,4-6-5,94.3
155685,5-6-4,180.3
155685,6-5-4,505.4
155686,1-2-3,27.8
155686,2-1-3,39.5
155686,3-1-2,55.3
155686,4-1-2,274.3
155686,5-1-2,123.9
155686,6-1-2,1152
155686,1-2-4,50.7
155686,2-1-4,62.2
155686,3-1-4,34.2
155686,4-1-3,183.9
155686,5-1-3,88.1
155686,6-1-3,1365
155686,1-2-5,40.1
155686,2-1-5,53.3
155686,3-1-5,24.9
155686,4-1-5,147.4
155686,5-1-4,112.2
155686,6-1-4,2166
155686,1-2-6,214
155686,2-1-6,241.6
155686,3-1-6,165.5
155686,4-1-6,395
155686,5-1-6,279.8
155686,6-1-5,1994
155686,1-3-2,25.4
155686,2-3-1,68.3
155686,3-2-1,93.4
155686,4-2-1,279.2
155686,5-2-1,188.6
155686,6-2-1,1653
155686,1-3-4,26.5
155686,2-3-4,54.4
155686,3-2-4,45.6
155686,4-2-3,166.4
155686,5-2-3,90.1
155686,6-2-3,1131
155686,1-3-5,19.8
155686,2-3-5,36.5
155686,3-2-5,29.6
155686,4-2-5,148.5
155686,5-2-4,176.7
155686,6-2-4,1745
155686,1-3-6,106.9
155686,2-3-6,144.9
155686,3-2-6,152.1
155686,4-2-6,361
155686,5-2-6,299.1
155686,6-2-5,1219
155686,1-4-2,89.2
155686,2-4-1,167.9
155686,3-4-1,49
155686,4-3-1,138.5
155686,5-3-1,80.9
155686,6-3-1,1380
155686,1-4-3,59
155686,2-4-3,124.1
155686,3-4-2,45.1
155686,4-3-2,117.9
155686,5-3-2,66.5
155686,6-3-2,997.1
155686,1-4-5,67.5
155686,2-4-5,111.6
155686,3-4-5,15.4
155686,4-3-5,46
155686,5-3-4,41
155686,6-3-4,959
155686,1-4-6,183.4
155686,2-4-6,245.3
155686,3-4-6,57.9
155686,4-3-6,177.9
155686,5-3-6,101.3
155686,6-3-5,821.1
155686,1-5-2,52.3
155686,2-5-1,110.5
155686,3-5-1,28.4
155686,4-5-1,102.3
155686,5-4-1,183.1
155686,6-4-1,2243
155686,1-5-3,36.8
155686,2-5-3,60.1
155686,3-5-2,25.4
155686,4-5-2,106
155686,5-4-2,156.8
155686,6-4-2,1932
155686,1-5-4,58.6
155686,2-5-4,111.5
155686,3-5-4,15.8
155686,4-5-3,52.8
155686,5-4-3,61.2
155686,6-4-3,1495
155686,1-5-6,151.7
155686,2-5-6,218.1
155686,3-5-6,42.2
155686,4-5-6,106.4
155686,5-4-6,141
155686,6-4-5,973.9
155686,1-6-2,571
155686,2-6-1,701.9
155686,3-6-1,430.2
155686,4-6-1,563.4
155686,5-6-1,539.2
155686,6-5-1,1653
155686,1-6-3,498.5
155686,2-6-3,694.1
155686,3-6-2,401.4
155686,4-6-2,510.7
155686,5-6-2,470.5
155686,6-5-2,1551
155686,1-6-4,717.9
155686,2-6-4,795.1
155686,3-6-4,262.2
155686,4-6-3,439.3
155686,5-6-3,287.5
155686,6-5-3,959
155686,1-6-5,488.8
155686,2-6-5,690.3
155686,3-6-5,201
155686,4-6-5,328
155686,5-6-4,360
155686,6-5-4,903.8
155687,1-2-3,96.8
155687,2-1-3,124.5
155687,3-1-2,90
155687,4-1-2,190.5
155687,5-1-2,393.1
155687,6-1-2,1008
155687,1-2-4,136.2
155687,2-1-4,136.7
155687,3-1-4,47.9
155687,4-1-3,123.8
155687,5-1-3,231.8
155687,6-1-3,787.8
155687,1-2-5,165
155687,2-1-5,181.9
155687,3-1-5,50.7
155687,4-1-5,129.5
155687,5-1-4,260.5
155687,6-1-4,794.1
155687,1-2-6,161.9
155687,2-1-6,159
155687,3-1-6,55.1
155687,4-1-6,130.4
155687,5-1-6,246.5
155687,6-1-5,1205
155687,1-3-2,86
155687,2-3-1,127.7
155687,3-2-1,123.3
155687,4-2-1,189.9
155687,5-2-1,448.3
155687,6-2-1,1509
155687,1-3-4,48.7
155687,2-3-4,52
155687,3-2-4,43
155687,4-2-3,109.4
155687,5-2-3,223.4
155687,6-2-3,983.7
155687,1-3-5,52.3
155687,2-3-5,56.8
155687,3-2-5,51.3
155687,4-2-5,127.8
155687,5-2-4,284.9
155687,6-2-4,1184
155687,1-3-6,66.2
155687,2-3-6,77.6
155687,3-2-6,62.5
155687,4-2-6,119.9
155687,5-2-6,241.1
155687,6-2-5,1184
155687,1-4-2,149.4
155687,2-4-1,173.7
155687,3-4-1,39.4
155687,4-3-1,73.7
155687,5-3-1,151.8
155687,6-3-1,534.4
155687,1-4-3,75.1
155687,2-4-3,76.1
155687,3-4-2,33.2
155687,4-3-2,66.3
155687,5-3-2,153.6
155687,6-3-2,672.5
155687,1-4-5,105.9
155687,2-4-5,104.1
155687,3-4-5,11.4
155687,4-3-5,24.6
155687,5-3-4,56.6
155687,6-3-4,255.4
155687,1-4-6,80.8
155687,2-4-6,95.2
155687,3-4-6,15.6
155687,4-3-6,31.8
155687,5-3-6,74.1
155687,6-3-5,240.8
155687,1-5-2,224.7
155687,2-5-1,220.4
155687,3-5-1,49.4
155687,4-5-1,92
155687,5-4-1,217
155687,6-4-1,941.6
155687,1-5-3,113.8
155687,2-5-3,105.4
155687,3-5-2,42.2
155687,4-5-2,72.7
155687,5-4-2,216.1
155687,6-4-2,803.8
155687,1-5-4,153.8
155687,2-5-4,136.3
155687,3-5-4,18.1
155687,4-5-3,34.6
155687,5-4-3,66.5
155687,6-4-3,270.5
155687,1-5-6,174.3
155687,2-5-6,153
155687,3-5-6,23.6
155687,4-5-6,34.8
155687,5-4-6,73.8
155687,6-4-5,245.9
155687,1-6-2,349.9
155687,2-6-1,323.1
155687,3-6-1,144.4
155687,4-6-1,145.1
155687,5-6-1,305.6
155687,6-5-1,1086
155687,1-6-3,242
155687,2-6-3,233.4
155687,3-6-2,120.5
155687,4-6-2,136.2
155687,5-6-2,266.8
155687,6-5-2,810.4
155687,1-6-4,221.4
155687,2-6-4,224.1
155687,3-6-4,57.5
155687,4-6-3,76.6
155687,5-6-3,128.8
155687,6-5-3,276.9
155687,1-6-5,357.5
155687,2-6-5,346.3
155687,3-6-5,56.3
155687,4-6-5,73.4
155687,5-6-4,137.4
155687,6-5-4,287.8
155688,1-2-3,17.6
155688,2-1-3,149.1
155688,3-1-2,348.9
155688,4-1-2,15.1
155688,5-1-2,389.8
155688,6-1-2,2183
155688,1-2-4,8.3
155688,2-1-4,64.1
155688,3-1-4,128.9
155688,4-1-3,29
155688,5-1-3,581.1
155688,6-1-3,3727
155688,1-2-5,38.4
155688,2-1-5,186.3
155688,3-1-5,385.9
155688,4-1-5,15.7
155688,5-1-4,192.4
155688,6-1-4,1819
155688,1-2-6,196.7
155688,2-1-6,568.1
155688,3-1-6,1099
155688,4-1-6,55
155688,5-1-6,628.9
155688,6-1-5,4366
155688,1-3-2,20.3
155688,2-3-1,372.7
155688,3-2-1,682.3
155688,4-2-1,47
155688,5-2-1,676.2
155688,6-2-1,4495
155688,1-3-4,10.4
155688,2-3-4,425.7
155688,3-2-4,634.1
155688,4-2-3,135.6
155688,5-2-3,1099
155688,6-2-3,6947
155688,1-3-5,48.1
155688,2-3-5,764.2
155688,3-2-5,1032
155688,4-2-5,73.2
155688,5-2-4,613.8
155688,6-2-4,4776
155688,1-3-6,252.2
155688,2-3-6,2388
155688,3-2-6,2681
155688,4-2-6,251.7
155688,5-2-6,1273
155688,6-2-5,6645
155688,1-4-2,5.7
155688,2-4-1,94.9
155688,3-4-1,197.7
155688,4-3-1,94.8
155688,5-3-1,1107
155688,6-3-1,5878
155688,1-4-3,7.6
155688,2-4-3,258.6
155688,3-4-2,408.6
155688,4-3-2,184.3
155688,5-3-2,1717
155688,6-3-2,4776
155688,1-4-5,11
155688,2-4-5,239.9
155688,3-4-5,435.4
155688,4-3-5,199.7
155688,5-3-4,1039
155688,6-3-4,8044
155688,1-4-6,47.6
155688,2-4-6,979.7
155688,3-4-6,1123
155688,4-3-6,501.1
155688,5-3-6,2939
155688,6-3-5,7642
155688,1-5-2,78.6
155688,2-5-1,574.5
155688,3-5-1,734.8
155688,4-5-1,24.8
155688,5-4-1,173.2
155688,6-4-1,2065
155688,1-5-3,105.4
155688,2-5-3,1203
155688,3-5-2,992.4
155688,4-5-2,46.8
155688,5-4-2,328.6
155688,6-4-2,4366
155688,1-5-4,51.1
155688,2-5-4,413
155688,3-5-4,835.1
155688,4-5-3,111.8
155688,5-4-3,561.9
155688,6-4-3,6947
155688,1-5-6,234.7
155688,2-5-6,2093
155688,3-5-6,2152
155688,4-5-6,76.4
155688,5-4-6,432.9
155688,6-4-5,2830
155688,1-6-2,608.9
155688,2-6-1,1886
155688,3-6-1,3251
155688,4-6-1,173.4
155688,5-6-1,1469
155688,6-5-1,5270
155688,1-6-3,731.2
155688,2-6-3,5094
155688,3-6-2,3918
155688,4-6-2,326.5
155688,5-6-2,2505
155688,6-5-2,6947
155688,1-6-4,351.3
155688,2-6-4,3396
155688,3-6-4,3727
155688,4-6-3,527
155688,5-6-3,3473
155688,6-5-3,7278
155688,1-6-5,613.8
155688,2-6-5,2778
155688,3-6-5,4022
155688,4-6-5,186.3
155688,5-6-4,1389
155688,6-5-4,2388
155689,1-2-3,5
155689,2-1-3,6.7
155689,3-1-2,52.7
155689,4-1-2,219.5
155689,5-1-2,479.7
155689,6-1-2,169.5
155689,1-2-4,13.1
155689,2-1-4,13
155689,3-1-4,182.4
155689,4-1-3,694.6
155689,5-1-3,986.6
155689,6-1-3,444.1
155689,1-2-5,23.5
155689,2-1-5,33.3
155689,3-1-5,281.9
155689,4-1-5,683.6
155689,5-1-4,1459
155689,6-1-4,1085
155689,1-2-6,11.2
155689,2-1-6,13.9
155689,3-1-6,120.9
155689,4-1-6,576.9
155689,5-1-6,847.1
155689,6-1-5,1231
155689,1-3-2,12.9
155689,2-3-1,22
155689,3-2-1,58.5
155689,4-2-1,197.7
155689,5-2-1,667.9
155689,6-2-1,155
155689,1-3-4,48.9
155689,2-3-4,69.9
155689,3-2-4,181.4
155689,4-2-3,540.9
155689,5-2-3,959.4
155689,6-2-3,309
155689,1-3-5,77.6
155689,2-3-5,99.5
155689,3-2-5,252.7
155689,4-2-5,652.8
155689,5-2-4,1827
155689,6-2-4,886
155689,1-3-6,35.7
155689,2-3-6,33.3
155689,3-2-6,88.3
155689,4-2-6,314
155689,5-2-6,964.7
155689,6-2-5,1015
155689,1-4-2,54.8
155689,2-4-1,71.9
155689,3-4-1,438.5
155689,4-3-1,851.2
155689,5-3-1,1335
155689,6-3-1,638.4
155689,1-4-3,112.9
155689,2-4-3,128.6
155689,3-4-2,401
155689,4-3-2,928.6
155689,5-3-2,1181
155689,6-3-2,470.6
155689,1-4-5,276.9
155689,2-4-5,369.4
155689,3-4-5,959.4
155689,4-3-5,1996
155689,5-3-4,3276
155689,6-3-4,2170
155689,1-4-6,161.9
155689,2-4-6,120.9
155689,3-4-6,598.8
155689,4-3-6,1578
155689,5-3-6,2378
155689,6-3-5,2943
155689,1-5-2,133.7
155689,2-5-1,170.4
155689,3-5-1,838.9
155689,4-5-1,803.9
155689,5-4-1,1222
155689,6-4-1,1423
155689,1-5-3,240.5
155689,2-5-3,279.1
155689,3-5-2,732.7
155689,4-5-2,1046
155689,5-4-2,1867
155689,6-4-2,1315
155689,1-5-4,465.5
155689,2-5-4,560.1
155689,3-5-4,1867
155689,4-5-3,2143
155689,5-4-3,3617
155689,6-4-3,3215
155689,1-5-6,238.5
155689,2-5-6,207.4
155689,3-5-6,1150
155689,4-5-6,938.6
155689,5-4-6,2553
155689,6-4-5,3215
155689,1-6-2,56
155689,2-6-1,48.6
155689,3-6-1,346.6
155689,4-6-1,675.7
155689,5-6-1,1258
155689,6-5-1,1578
155689,1-6-3,104.1
155689,2-6-3,66.3
155689,3-6-2,211.5
155689,4-6-2,529.4
155689,5-6-2,1447
155689,6-5-2,1887
155689,1-6-4,228.7
155689,2-6-4,156.1
155689,3-6-4,851.2
155689,4-6-3,1550
155689,5-6-3,2480
155689,6-5-3,3046
155689,1-6-5,257.2
155689,2-6-5,188.7
155689,3-6-5,954.1
155689,4-6-5,1009
155689,5-6-4,2713
155689,6-5-4,2671
155690,1-2-3,33.7
155690,2-1-3,130.2
155690,3-1-2,691.7
155690,4-1-2,180.7
155690,5-1-2,496.7
155690,6-1-2,13.4
155690,1-2-4,11.8
155690,2-1-4,54.7
155690,3-1-4,1580
155690,4-1-3,921.1
155690,5-1-3,1378
155690,6-1-3,104
155690,1-2-5,18.2
155690,2-1-5,77.9
155690,3-1-5,1205
155690,4-1-5,234.4
155690,5-1-4,599
155690,6-1-4,33.5
155690,1-2-6,4.7
155690,2-1-6,22.4
155690,3-1-6,686.5
155690,4-1-6,107
155690,5-1-6,351.8
155690,6-1-5,56.4
155690,1-3-2,123.6
155690,2-3-1,560.5
155690,3-2-1,852.5
155690,4-2-1,233.5
155690,5-2-1,736.1
155690,6-2-1,25.2
155690,1-3-4,202.7
155690,2-3-4,1357
155690,3-2-4,2156
155690,4-2-3,1347
155690,5-2-3,1992
155690,6-2-3,181.8
155690,1-3-5,263.3
155690,2-3-5,1041
155690,3-2-5,1540
155690,4-2-5,595.1
155690,5-2-4,1443
155690,6-2-4,68.1
155690,1-3-6,94.6
155690,2-3-6,599
155690,3-2-6,1117
155690,4-2-6,242.7
155690,5-2-6,745.1
155690,6-2-5,97.6
155690,1-4-2,30.8
155690,2-4-1,176
155690,3-4-1,1745
155690,4-3-1,1762
155690,5-3-1,2777
155690,6-3-1,362.2
155690,1-4-3,176.5
155690,2-4-3,872.8
155690,3-4-2,3458
155690,4-3-2,2864
155690,5-3-2,2777
155690,6-3-2,535.9
155690,1-4-5,85.6
155690,2-4-5,547.1
155690,3-4-5,3594
155690,4-3-5,2820
155690,5-3-4,2182
155690,6-3-4,902.9
155690,1-4-6,24.3
155690,2-4-6,173.9
155690,3-4-6,2735
155690,4-3-6,1490
155690,5-3-6,2820
155690,6-3-5,629.9
155690,1-5-2,67.6
155690,2-5-1,402.8
155690,3-5-1,3273
155690,4-5-1,269.5
155690,5-4-1,509.1
155690,6-4-1,80.3
155690,1-5-3,277.3
155690,2-5-3,1410
155690,3-5-2,2735
155690,4-5-2,552.1
155690,5-4-2,985.5
155690,6-4-2,98.2
155690,1-5-4,139.8
155690,2-5-4,837
155690,3-5-4,3984
155690,4-5-3,1622
155690,5-4-3,2545
155690,6-4-3,572.8
155690,1-5-6,53.1
155690,2-5-6,391.6
155690,3-5-6,3273
155690,4-5-6,230.8
155690,5-4-6,482.3
155690,6-4-5,239.9
155690,1-6-2,6.2
155690,2-6-1,41
155690,3-6-1,916.5
155690,4-6-1,114.7
155690,5-6-1,385
155690,6-5-1,215.6
155690,1-6-3,51
155690,2-6-3,362.2
155690,3-6-2,1432
155690,4-6-2,182
155690,5-6-2,613
155690,6-5-2,311.2
155690,1-6-4,15.4
155690,2-6-4,99.4
155690,3-6-4,2581
155690,4-6-3,803.9
155690,5-6-3,1762
155690,6-5-3,811
155690,1-6-5,22.1
155690,2-6-5,184
155690,3-6-5,3273
155690,4-6-5,175.9
155690,5-6-4,597
155690,6-5-4,416.6
155691,1-2-3,8.7
155691,2-1-3,11
155691,3-1-2,25.2
155691,4-1-2,182.3
155691,5-1-2,1319
155691,6-1-2,323.5
155691,1-2-4,22.3
155691,2-1-4,26.6
155691,3-1-4,37.7
155691,4-1-3,236.8
155691,5-1-3,1307
155691,6-1-3,371.2
155691,1-2-5,104.7
155691,2-1-5,103.8
155691,3-1-5,125.1
155691,4-1-5,384.5
155691,5-1-4,1999
155691,6-1-4,732.8
155691,1-2-6,30.9
155691,2-1-6,32.6
155691,3-1-6,43.8
155691,4-1-6,269.3
155691,5-1-6,1987
155691,6-1-5,1115
155691,1-3-2,11
155691,2-3-1,15.2
155691,3-2-1,27.3
155691,4-2-1,184.1
155691,5-2-1,1549
155691,6-2-1,347.5
155691,1-3-4,17.6
155691,2-3-4,22.1
155691,3-2-4,32.9
155691,4-2-3,187.6
155691,5-2-3,1313
155691,6-2-3,181.9
155691,1-3-5,91.8
155691,2-3-5,82.1
155691,3-2-5,111.1
155691,4-2-5,391.8
155691,5-2-4,1834
155691,6-2-4,448.5
155691,1-3-6,26.9
155691,2-3-6,18.3
155691,3-2-6,27
155691,4-2-6,205.1
155691,5-2-6,1901
155691,6-2-5,1174
155691,1-4-2,52.5
155691,2-4-1,84.9
155691,3-4-1,83.8
155691,4-3-1,273.5
155691,5-3-1,1867
155691,6-3-1,385.5
155691,1-4-3,51.1
155691,2-4-3,65
155691,3-4-2,64.1
155691,4-3-2,209.1
155691,5-3-2,1476
155691,6-3-2,194.9
155691,1-4-5,205.5
155691,2-4-5,253.8
155691,3-4-5,201.8
155691,4-3-5,499.1
155691,5-3-4,1771
155691,6-3-4,484.3
155691,1-4-6,110
155691,2-4-6,98.2
155691,3-4-6,76.4
155691,4-3-6,267.4
155691,5-3-6,1512
155691,6-3-5,1239
155691,1-5-2,373.4
155691,2-5-1,425.2
155691,3-5-1,438.4
155691,4-5-1,514
155691,5-4-1,1675
155691,6-4-1,1178
155691,1-5-3,373.4
155691,2-5-3,332.5
155691,3-5-2,328
155691,4-5-2,468.9
155691,5-4-2,1573
155691,6-4-2,706
155691,1-5-4,470.3
155691,2-5-4,456.5
155691,3-5-4,377.1
155691,4-5-3,673.8
155691,5-4-3,1148
155691,6-4-3,763.4
155691,1-5-6,528.9
155691,2-5-6,440.9
155691,3-5-6,366.8
155691,4-5-6,398.4
155691,5-4-6,1421
155691,6-4-5,1377
155691,1-6-2,114.9
155691,2-6-1,105.9
155691,3-6-1,111.5
155691,4-6-1,349.8
155691,5-6-1,2214
155691,6-5-1,2626
155691,1-6-3,110.5
155691,2-6-3,57.7
155691,3-6-2,68.4
155691,4-6-2,265.1
155691,5-6-2,2094
155691,6-5-2,2025
155691,1-6-4,200.5
155691,2-6-4,142.4
155691,3-6-4,131.5
155691,4-6-3,325.9
155691,5-6-3,1987
155691,6-5-3,2039
155691,1-6-5,561.5
155691,2-6-5,355
155691,3-6-5,323.9
155691,4-6-5,484.3
155691,5-6-4,1802
155691,6-5-4,1802
155692,1-2-3,43.2
155692,2-1-3,76.3
155692,3-1-2,470.1
155692,4-1-2,231.9
155692,5-1-2,33.3
155692,6-1-2,174.4
155692,1-2-4,24.6
155692,2-1-4,41.7
155692,3-1-4,761.1
155692,4-1-3,771.1
155692,5-1-3,265.5
155692,6-1-3,596
155692,1-2-5,8.7
155692,2-1-5,14.1
155692,3-1-5,481.7
155692,4-1-5,171.7
155692,5-1-4,92.7
155692,6-1-4,358
155692,1-2-6,15.5
155692,2-1-6,25
155692,3-1-6,630.2
155692,4-1-6,216.2
155692,5-1-6,45.3
155692,6-1-5,192.7
155692,1-3-2,75.7
155692,2-3-1,217
155692,3-2-1,521.7
155692,4-2-1,239.5
155692,5-2-1,43.5
155692,6-2-1,165.2
155692,1-3-4,148.5
155692,2-3-4,222
155692,3-2-4,614.7
155692,4-2-3,723.5
155692,5-2-3,250.4
155692,6-2-3,512.6
155692,1-3-5,87.1
155692,2-3-5,128.3
155692,3-2-5,344.7
155692,4-2-5,128.9
155692,5-2-4,98.3
155692,6-2-4,244.5
155692,1-3-6,106.7
155692,2-3-6,171.3
155692,3-2-6,416.6
155692,4-2-6,145.9
155692,5-2-6,39.1
155692,6-2-5,82.1
155692,1-4-2,52.2
155692,2-4-1,99
155692,3-4-1,1141
155692,4-3-1,1010
155692,5-3-1,604.2
155692,6-3-1,1613
155692,1-4-3,209
155692,2-4-3,241.1
155692,3-4-2,935.2
155692,4-3-2,1085
155692,5-3-2,531.1
155692,6-3-2,1283
155692,1-4-5,61
155692,2-4-5,43.2
155692,3-4-5,1065
155692,4-3-5,874.7
155692,5-3-4,874.7
155692,6-3-4,1932
155692,1-4-6,71.4
155692,2-4-6,50.1
155692,3-4-6,1052
155692,4-3-6,930.2
155692,5-3-6,439.5
155692,6-3-5,1105
155692,1-5-2,17.1
155692,2-5-1,32.8
155692,3-5-1,653.6
155692,4-5-1,153.4
155692,5-4-1,149.1
155692,6-4-1,586
155692,1-5-3,105.1
155692,2-5-3,119.7
155692,3-5-2,428.8
155692,4-5-2,114.1
155692,5-4-2,122.4
155692,6-4-2,407
155692,1-5-4,55.6
155692,2-5-4,44.4
155692,3-5-4,845.3
155692,4-5-3,602.1
155692,5-4-3,621.2
155692,6-4-3,1417
155692,1-5-6,30.2
155692,2-5-6,18.3
155692,3-5-6,442.8
155692,4-5-6,72.5
155692,5-4-6,79.3
155692,6-4-5,214.4
155692,1-6-2,57.5
155692,2-6-1,61.3
155692,3-6-1,1384
155692,4-6-1,260
155692,5-6-1,74.1
155692,6-5-1,171.8
155692,1-6-3,227.7
155692,2-6-3,198
155692,3-6-2,940.2
155692,4-6-2,187
155692,5-6-2,41.4
155692,6-5-2,82.2
155692,1-6-4,124
155692,2-6-4,68.2
155692,3-6-4,1465
155692,4-6-3,870.4
155692,5-6-3,264.4
155692,6-5-3,444
155692,1-6-5,67.8
155692,2-6-5,28.9
155692,3-6-5,764.4
155692,4-6-5,109.6
155692,5-6-4,83.6
155692,6-5-4,169.7
155693,1-2-3,5
155693,2-1-3,41.6
155693,3-1-2,82.9
155693,4-1-2,244.2
155693,5-1-2,173.7
155693,6-1-2,532.8
155693,1-2-4,13.8
155693,2-1-4,62.4
155693,3-1-4,103.2
155693,4-1-3,323.5
155693,5-1-3,221.7
155693,6-1-3,669.9
155693,1-2-5,6.6
155693,2-1-5,48.5
155693,3-1-5,79.9
155693,4-1-5,257.5
155693,5-1-4,309.3
155693,6-1-4,799.2
155693,1-2-6,26.4
155693,2-1-6,112.1
155693,3-1-6,157.5
155693,4-1-6,412.9
155693,5-1-6,263.3
155693,6-1-5,651
155693,1-3-2,10.5
155693,2-3-1,141
155693,3-2-1,154.6
155693,4-2-1,384.4
155693,5-2-1,314.7
155693,6-2-1,730.5
155693,1-3-4,19.1
155693,2-3-4,217
155693,3-2-4,309.8
155693,4-2-3,656.3
155693,5-2-3,551
155693,6-2-3,949.7
155693,1-3-5,11.8
155693,2-3-5,165.2
155693,3-2-5,197.8
155693,4-2-5,761.5
155693,5-2-4,892
155693,6-2-4,872.7
155693,1-3-6,42.1
155693,2-3-6,328.8
155693,3-2-6,398.6
155693,4-2-6,827.9
155693,5-2-6,714.4
155693,6-2-5,1105
155693,1-4-2,26.2
155693,2-4-1,302.3
155693,3-4-1,330.1
155693,4-3-1,570.5
155693,5-3-1,438.7
155693,6-3-1,1345
155693,1-4-3,34.3
155693,2-4-3,463.9
155693,3-4-2,558.6
155693,4-3-2,1002
155693,5-3-2,539.9
155693,6-3-2,1630
155693,1-4-5,37.7
155693,2-4-5,479
155693,3-4-5,701.9
155693,4-3-5,1241
155693,5-3-4,1204
155693,6-3-4,2646
155693,1-4-6,75.2
155693,2-4-6,584.9
155693,3-4-6,863.4
155693,4-3-6,1598
155693,5-3-6,1251
155693,6-3-5,2043
155693,1-5-2,12.5
155693,2-5-1,190.1
155693,3-5-1,281.2
155693,4-5-1,380.7
155693,5-4-1,576.6
155693,6-4-1,949.7
155693,1-5-3,19
155693,2-5-3,310.4
155693,3-5-2,348.7
155693,4-5-2,711.2
155693,5-4-2,887.1
155693,6-4-2,858.8
155693,1-5-4,35.7
155693,2-5-4,558.6
155693,3-5-4,744
155693,4-5-3,949.7
155693,5-4-3,1428
155693,6-4-3,1552
155693,1-5-6,38.6
155693,2-5-6,472
155693,3-5-6,640.6
155693,4-5-6,648.4
155693,5-4-6,896.9
155693,6-4-5,1271
155693,1-6-2,85.4
155693,2-6-1,560.6
155693,3-6-1,863.4
155693,4-6-1,768.8
155693,5-6-1,568.5
155693,6-5-1,1090
155693,1-6-3,125.5
155693,2-6-3,827.9
155693,3-6-2,978.5
155693,4-6-2,938.6
155693,5-6-2,711.2
155693,6-5-2,1582
155693,1-6-4,138.7
155693,2-6-4,724
155693,3-6-4,1187
155693,4-6-3,1416
155693,5-6-3,1213
155693,6-5-3,2446
155693,1-6-5,99.7
155693,2-6-5,640.6
155693,3-6-5,927.9
155693,4-6-5,922.6
155693,5-6-4,966.8
155693,6-5-4,1537
155694,1-2-3,4.1
155694,2-1-3,33.7
155694,3-1-2,62.2
155694,4-1-2,419.5
155694,5-1-2,166
155694,6-1-2,1250
155694,1-2-4,10.4
155694,2-1-4,66.9
155694,3-1-4,125.8
155694,4-1-3,501.5
155694,5-1-3,187.4
155694,6-1-3,1667
155694,1-2-5,7.9
155694,2-1-5,49
155694,3-1-5,73.2
155694,4-1-5,423.3
155694,5-1-4,369
155694,6-1-4,3655
155694,1-2-6,46.4
155694,2-1-6,167.3
155694,3-1-6,258.2
155694,4-1-6,900.8
155694,5-1-6,462.4
155694,6-1-5,2795
155694,1-3-2,6.7
155694,2-3-1,105.1
155694,3-2-1,136.3
155694,4-2-1,785.4
155694,5-2-1,377.8
155694,6-2-1,1845
155694,1-3-4,15.7
155694,2-3-4,428
155694,3-2-4,523.6
155694,4-2-3,1180
155694,5-2-3,623.1
155694,6-2-3,2639
155694,1-3-5,9.3
155694,2-3-5,276.6
155694,3-2-5,351.3
155694,4-2-5,1073
155694,5-2-4,867.9
155694,6-2-4,4873
155694,1-3-6,48.4
155694,2-3-6,748.3
155694,3-2-6,955.1
155694,4-2-6,1727
155694,5-2-6,1105
155694,6-2-5,4420
155694,1-4-2,22.7
155694,2-4-1,377.1
155694,3-4-1,387.1
155694,4-3-1,812.2
155694,5-3-1,400.9
155694,6-3-1,3801
155694,1-4-3,28.4
155694,2-4-3,613.1
155694,3-4-2,662.2
155694,4-3-2,1284
155694,5-3-2,812.2
155694,6-3-2,3277
155694,1-4-5,39.8
155694,2-4-5,719.9
155694,3-4-5,653.1
155694,4-3-5,1357
155694,5-3-4,1131
155694,6-3-4,6554
155694,1-4-6,98.3
155694,2-4-6,844.7
155694,3-4-6,1166
155694,4-3-6,1610
155694,5-3-6,1319
155694,6-3-5,6131
155694,1-5-2,16.8
155694,2-5-1,221.7
155694,3-5-1,235.2
155694,4-5-1,544.6
155694,5-4-1,696.2
155694,6-4-1,5939
155694,1-5-3,23.1
155694,2-5-3,386.3
155694,3-5-2,370.5
155694,4-5-2,900.8
155694,5-4-2,1151
155694,6-4-2,6554
155694,1-5-4,42.4
155694,2-5-4,500.1
155694,3-5-4,691.1
155694,4-5-3,1092
155694,5-4-3,1597
155694,6-4-3,8263
155694,1-5-6,75.9
155694,2-5-6,613.1
155694,3-5-6,629.3
155694,4-5-6,812.2
155694,5-4-6,1284
155694,6-4-5,5590
155694,1-6-2,194.7
155694,2-6-1,1067
155694,3-6-1,1532
155694,4-6-1,1776
155694,5-6-1,1367
155694,6-5-1,4420
155694,1-6-3,254.1
155694,2-6-3,2000
155694,3-6-2,2262
155694,4-6-2,2088
155694,5-6-2,1682
155694,6-5-2,5279
155694,1-6-4,289.3
155694,2-6-4,2795
155694,3-6-4,2715
155694,4-6-3,2715
155694,5-6-3,1545
155694,6-5-3,5590
155694,1-6-5,309
155694,2-6-5,2159
155694,3-6-5,1919
155694,4-6-5,1570
155694,5-6-4,1667
155694,6-5-4,4319
155695,1-2-3,10.1
155695,2-1-3,69.6
155695,3-1-2,401.2
155695,4-1-2,120.5
155695,5-1-2,589.6
155695,6-1-2,60.4
155695,1-2-4,8.3
155695,2-1-4,54.7
155695,3-1-4,290.3
155695,4-1-3,239.9
155695,5-1-3,1293
155695,6-1-3,162.4
155695,1-2-5,17.1
155695,2-1-5,93
155695,3-1-5,602.1
155695,4-1-5,218.9
155695,5-1-4,761.1
155695,6-1-4,76.8
155695,1-2-6,5.2
155695,2-1-6,30.1
155695,3-1-6,308.1
155695,4-1-6,69.1
155695,5-1-6,521
155695,6-1-5,240.1
155695,1-3-2,25
155695,2-3-1,390.6
155695,3-2-1,793
155695,4-2-1,281.6
155695,5-2-1,1063
155695,6-2-1,116.2
155695,1-3-4,27.2
155695,2-3-4,756
155695,3-2-4,1344
155695,4-2-3,947.7
155695,5-2-3,2835
155695,6-2-3,533.2
155695,1-3-5,69.5
155695,2-3-5,1202
155695,3-2-5,2126
155695,4-2-5,912.1
155695,5-2-4,2558
155695,6-2-4,286.8
155695,1-3-6,24.1
155695,2-3-6,481.9
155695,3-2-6,1366
155695,4-2-6,317.3
155695,5-2-6,1900
155695,6-2-5,782.1
155695,1-4-2,15.2
155695,2-4-1,234.3
155695,3-4-1,554.1
155695,4-3-1,504
155695,5-3-1,2153
155695,6-3-1,395.6
155695,1-4-3,30.7
155695,2-4-3,714.7
155695,3-4-2,1350
155695,4-3-2,1288
155695,5-3-2,3866
155695,6-3-2,950.3
155695,1-4-5,60.3
155695,2-4-5,900
155695,3-4-5,1582
155695,4-3-5,1318
155695,5-3-4,2298
155695,6-3-4,731.6
155695,1-4-6,12
155695,2-4-6,297.1
155695,3-4-6,796.8
155695,4-3-6,607.5
155695,5-3-6,3822
155695,6-3-5,1772
155695,1-5-2,58.8
155695,2-5-1,599
155695,3-5-1,1709
155695,4-5-1,368.6
155695,5-4-1,1104
155695,6-4-1,132.8
155695,1-5-3,151.3
155695,2-5-3,1612
155695,3-5-2,2721
155695,4-5-2,639.5
155695,5-4-2,1819
155695,6-4-2,288.3
155695,1-5-4,138.3
155695,2-5-4,1539
155695,3-5-4,2700
155695,4-5-3,1111
155695,5-4-3,3037
155695,6-4-3,579.6
155695,1-5-6,72.4
155695,2-5-6,883.7
155695,3-5-6,2637
155695,4-5-6,337.5
155695,5-4-6,1000
155695,6-4-5,587.6
155695,1-6-2,12.5
155695,2-6-1,102.9
155695,3-6-1,572.7
155695,4-6-1,95.9
155695,5-6-1,854.8
155695,6-5-1,602.1
155695,1-6-3,31.5
155695,2-6-3,454.2
155695,3-6-2,1447
155695,4-6-2,201
155695,5-6-2,1539
155695,6-5-2,1119
155695,1-6-4,17.8
155695,2-6-4,273.5
155695,3-6-4,1097
155695,4-6-3,435.6
155695,5-6-3,3436
155695,6-5-3,2062
155695,1-6-5,59
155695,2-6-5,563.3
155695,3-6-5,2113
155695,4-6-5,280.2
155695,5-6-4,1246
155695,6-5-4,989
155696,1-2-3,58.9
155696,2-1-3,839.3
155696,3-1-2,359.8
155696,4-1-2,59.4
155696,5-1-2,1200
155696,6-1-2,298.4
155696,1-2-4,39.3
155696,2-1-4,562
155696,3-1-4,57.6
155696,4-1-3,25.4
155696,5-1-3,517.2
155696,6-1-3,165.1
155696,1-2-5,134.3
155696,2-1-5,1738
155696,3-1-5,201.4
155696,4-1-5,42.6
155696,5-1-4,389.8
155696,6-1-4,87
155696,1-2-6,66.1
155696,2-1-6,848.3
155696,3-1-6,87
155696,4-1-6,14.7
155696,5-1-6,396.1
155696,6-1-5,423
155696,1-3-2,37.3
155696,2-3-1,1507
155696,3-2-1,1039
155696,4-2-1,253
155696,5-2-1,2409
155696,6-2-1,748.5
155696,1-3-4,8.2
155696,2-3-4,1838
155696,3-2-4,941.1
155696,4-2-3,519.7
155696,5-2-3,3534
155696,6-2-3,1514
155696,1-3-5,41.2
155696,2-3-5,2945
155696,3-2-5,1871
155696,4-2-5,451.2
155696,5-2-4,2504
155696,6-2-4,852.8
155696,1-3-6,14.4
155696,2-3-6,2607
155696,3-2-6,1371
155696,4-2-6,254.6
155696,5-2-6,3279
155696,6-2-5,2178
155696,1-4-2,22
155696,2-4-1,826.2
155696,3-4-1,72.9
155696,4-3-1,50.5
155696,5-3-1,994.1
155696,6-3-1,291.3
155696,1-4-3,7.8
155696,2-4-3,2120
155696,3-4-2,470.5
155696,4-3-2,322.3
155696,5-3-2,3495
155696,6-3-2,1049
155696,1-4-5,30
155696,2-4-5,3534
155696,3-4-5,198.6
155696,4-3-5,149.7
155696,5-3-4,1128
155696,6-3-4,273.9
155696,1-4-6,7.4
155696,2-4-6,1182
155696,3-4-6,84.8
155696,4-3-6,58.4
155696,5-3-6,1022
155696,6-3-5,1140
155696,1-5-2,217.1
155696,2-5-1,4241
155696,3-5-1,524.9
155696,4-5-1,67.4
155696,5-4-1,365.6
155696,6-4-1,83.9
155696,1-5-3,96
155696,2-5-3,5580
155696,3-5-2,1582
155696,4-5-2,248.9
155696,5-4-2,1039
155696,6-4-2,353
155696,1-5-4,89.8
155696,2-5-4,4970
155696,3-5-4,422.4
155696,4-5-3,185
155696,5-4-3,761
155696,6-4-3,185.1
155696,1-5-6,91.5
155696,2-5-6,4078
155696,3-5-6,597.9
155696,4-5-6,67.2
155696,5-4-6,374.6
155696,6-4-5,315.5
155696,1-6-2,75
155696,2-6-1,1757
155696,3-6-1,169.3
155696,4-6-1,20.5
155696,5-6-1,629.9
155696,6-5-1,859.7
155696,1-6-3,29.6
155696,2-6-3,3742
155696,3-6-2,793.2
155696,4-6-2,97.4
155696,5-6-2,1916
155696,6-5-2,1975
155696,1-6-4,19.4
155696,2-6-4,1817
155696,3-6-4,145.3
155696,4-6-3,44.3
155696,5-6-3,1237
155696,6-5-3,1882
155696,1-6-5,92.4
155696,2-6-5,5130
155696,3-6-5,513
155696,4-6-5,52.2
155696,5-6-4,647.8
155696,6-5-4,668.3
155697,1-2-3,53.7
155697,2-1-3,775.9
155697,3-1-2,674.3
155697,4-1-2,66.6
155697,5-1-2,618
155697,6-1-2,194.8
155697,1-2-4,19.3
155697,2-1-4,333.6
155697,3-1-4,250.5
155697,4-1-3,65.3
155697,5-1-3,710.9
155697,6-1-3,219.3
155697,1-2-5,84.3
155697,2-1-5,988.4
155697,3-1-5,555
155697,4-1-5,33.2
155697,5-1-4,218.8
155697,6-1-4,51.7
155697,1-2-6,38.8
155697,2-1-6,528.6
155697,3-1-6,312.3
155697,4-1-6,12.1
155697,5-1-6,226.3
155697,6-1-5,168.1
155697,1-3-2,64.6
155697,2-3-1,1781
155697,3-2-1,1503
155697,4-2-1,212.5
155697,5-2-1,1495
155697,6-2-1,619.3
155697,1-3-4,19.7
155697,2-3-4,2154
155697,3-2-4,1770
155697,4-2-3,864.1
155697,5-2-3,3006
155697,6-2-3,1728
155697,1-3-5,67.6
155697,2-3-5,2554
155697,3-2-5,2186
155697,4-2-5,388.9
155697,5-2-4,1803
155697,6-2-4,777.9
155697,1-3-6,28.6
155697,2-3-6,2509
155697,3-2-6,2154
155697,4-2-6,254.3
155697,5-2-6,2203
155697,6-2-5,1874
155697,1-4-2,12.6
155697,2-4-1,584.2
155697,3-4-1,375.3
155697,4-3-1,178.2
155697,5-3-1,1560
155697,6-3-1,581.9
155697,1-4-3,12.3
155697,2-4-3,1759
155697,3-4-2,1519
155697,4-3-2,757.5
155697,5-3-2,3171
155697,6-3-2,1862
155697,1-4-5,15.4
155697,2-4-5,2047
155697,3-4-5,877.3
155697,4-3-5,403.6
155697,5-3-4,1886
155697,6-3-4,561.5
155697,1-4-6,5.3
155697,2-4-6,1038
155697,3-4-6,386.3
155697,4-3-6,194.6
155697,5-3-6,1838
155697,6-3-5,1374
155697,1-5-2,124.3
155697,2-5-1,2272
155697,3-5-1,1421
155697,4-5-1,53.1
155697,5-4-1,237.5
155697,6-4-1,60.7
155697,1-5-3,125.7
155697,2-5-3,3607
155697,3-5-2,2857
155697,4-5-2,208.1
155697,5-4-2,1019
155697,6-4-2,309
155697,1-5-4,47.3
155697,2-5-4,2748
155697,3-5-4,1678
155697,4-5-3,275.9
155697,5-4-3,1034
155697,6-4-3,307.3
155697,1-5-6,50.6
155697,2-5-6,2722
155697,3-5-6,1658
155697,4-5-6,43.7
155697,5-4-6,206.3
155697,6-4-5,161.3
155697,1-6-2,49.6
155697,2-6-1,1178
155697,3-6-1,574.9
155697,4-6-1,17.4
155697,5-6-1,379.2
155697,6-5-1,391.6
155697,1-6-3,39.8
155697,2-6-3,3797
155697,3-6-2,2237
155697,4-6-2,95.5
155697,5-6-2,1233
155697,6-5-2,1414
155697,1-6-4,11.3
155697,2-6-4,1511
155697,3-6-4,638.5
155697,4-6-3,97.9
155697,5-6-3,1244
155697,6-5-3,1288
155697,1-6-5,39.7
155697,2-6-5,3797
155697,3-6-5,1436
155697,4-6-5,35.4
155697,5-6-4,312
155697,6-5-4,326.1
155698,1-2-3,9.6
155698,2-1-3,22.1
155698,3-1-2,600.1
155698,4-1-2,81.3
155698,5-1-2,79.6
155698,6-1-2,789.1
155698,1-2-4,4.8
155698,2-1-4,7.5
155698,3-1-4,1022
155698,4-1-3,826
155698,5-1-3,560.9
155698,6-1-3,3758
155698,1-2-5,5.6
155698,2-1-5,9.2
155698,3-1-5,1033
155698,4-1-5,148.3
155698,5-1-4,234.9
155698,6-1-4,1844
155698,1-2-6,24.3
155698,2-1-6,33.5
155698,3-1-6,2132
155698,4-1-6,285
155698,5-1-6,343.2
155698,6-1-5,2891
155698,1-3-2,65.8
155698,2-3-1,173.8
155698,3-2-1,634.3
155698,4-2-1,90.1
155698,5-2-1,89.8
155698,6-2-1,1044
155698,1-3-4,210.8
155698,2-3-4,256.1
155698,3-2-4,1279
155698,4-2-3,889.5
155698,5-2-3,507
155698,6-2-3,4295
155698,1-3-5,191.1
155698,2-3-5,265.3
155698,3-2-5,1405
155698,4-2-5,156.1
155698,5-2-4,220.4
155698,6-2-4,1800
155698,1-3-6,318.8
155698,2-3-6,694.4
155698,3-2-6,2708
155698,4-2-6,301.2
155698,5-2-6,341.6
155698,6-2-5,2464
155698,1-4-2,18.9
155698,2-4-1,27.8
155698,3-4-1,1728
155698,4-3-1,1811
155698,5-3-1,1779
155698,6-3-1,6397
155698,1-4-3,171.3
155698,2-4-3,195.7
155698,3-4-2,1991
155698,4-3-2,1952
155698,5-3-2,1779
155698,6-3-2,7159
155698,1-4-5,45
155698,2-4-5,47.1
155698,3-4-5,3099
155698,4-3-5,2277
155698,5-3-4,3496
155698,6-3-4,5184
155698,1-4-6,96
155698,2-4-6,111.9
155698,3-4-6,3037
155698,4-3-6,2684
155698,5-3-6,3378
155698,6-3-5,6397
155698,1-5-2,23.2
155698,2-5-1,38.4
155698,3-5-1,1915
155698,4-5-1,191.5
155698,5-4-1,369.3
155698,6-4-1,2505
155698,1-5-3,180.4
155698,2-5-3,191.3
155698,3-5-2,2059
155698,4-5-2,196.6
155698,5-4-2,306.1
155698,6-4-2,1952
155698,1-5-4,66.9
155698,2-5-4,68.9
155698,3-5-4,3416
155698,4-5-3,1143
155698,5-4-3,1779
155698,6-4-3,5466
155698,1-5-6,139.1
155698,2-5-6,190.5
155698,3-5-6,4487
155698,4-5-6,413.5
155698,5-4-6,660.8
155698,6-4-5,3904
155698,1-6-2,171.9
155698,2-6-1,244.2
155698,3-6-1,4487
155698,4-6-1,688
155698,5-6-1,772.9
155698,6-5-1,3416
155698,1-6-3,618.6
155698,2-6-3,1097
155698,3-6-2,6013
155698,4-6-2,631.6
155698,5-6-2,724.5
155698,6-5-2,2505
155698,1-6-4,325
155698,2-6-4,377.7
155698,3-6-4,5782
155698,4-6-3,2147
155698,5-6-3,2405
155698,6-5-3,6397
155698,1-6-5,395.1
155698,2-6-5,505.3
155698,3-6-5,6536
155698,4-6-5,851.7
155698,5-6-4,1152
155698,6-5-4,3758
155699,1-2-3,19.1
155699,2-1-3,223.2
155699,3-1-2,42.5
155699,4-1-2,516.9
155699,5-1-2,1330
155699,6-1-2,85.9
155699,1-2-4,64.4
155699,2-1-4,410.8
155699,3-1-4,24.9
155699,4-1-3,267.9
155699,5-1-3,655.9
155699,6-1-3,36.6
155699,1-2-5,138.7
155699,2-1-5,737.3
155699,3-1-5,68.2
155699,4-1-5,579.9
155699,5-1-4,1167
155699,6-1-4,97.4
155699,1-2-6,42.7
155699,2-1-6,343.9
155699,3-1-6,14.3
155699,4-1-6,231.4
155699,5-1-6,830.6
155699,6-1-5,164.8
155699,1-3-2,9.3
155699,2-3-1,251.9
155699,3-2-1,141.9
155699,4-2-1,970.5
155699,5-2-1,1598
155699,6-2-1,227.8
155699,1-3-4,8.6
155699,2-3-4,456.1
155699,3-2-4,248.3
155699,4-2-3,1203
155699,5-2-3,2291
155699,6-2-3,308.3
155699,1-3-5,27.7
155699,2-3-5,792.6
155699,3-2-5,446.5
155699,4-2-5,1698
155699,5-2-4,1883
155699,6-2-4,649.2
155699,1-3-6,4.3
155699,2-3-6,335.4
155699,3-2-6,166.4
155699,4-2-6,1022
155699,5-2-6,2438
155699,6-2-5,647
155699,1-4-2,85.9
155699,2-4-1,619.6
155699,3-4-1,62.2
155699,4-3-1,282.6
155699,5-3-1,910.1
155699,6-3-1,51.1
155699,1-4-3,39.4
155699,2-4-3,779.6
155699,3-4-2,185
155699,4-3-2,715.1
155699,5-3-2,2407
155699,6-3-2,167.7
155699,1-4-5,181.6
155699,2-4-5,1056
155699,3-4-5,187.9
155699,4-3-5,779.6
155699,5-3-4,1846
155699,6-3-4,136.4
155699,1-4-6,47.9
155699,2-4-6,720.5
155699,3-4-6,56.5
155699,4-3-6,253.9
155699,5-3-6,1181
155699,6-3-5,237.4
155699,1-5-2,295.8
155699,2-5-1,1276
155699,3-5-1,232.5
155699,4-5-1,640.4
155699,5-4-1,1349
155699,6-4-1,227.2
155699,1-5-3,98.5
155699,2-5-3,1794
155699,3-5-2,578.1
155699,4-5-2,1139
155699,5-4-2,1902
155699,6-4-2,564.4
155699,1-5-4,359.5
155699,2-5-4,1921
155699,3-5-4,363
155699,4-5-3,1011
155699,5-4-3,2237
155699,6-4-3,272.9
155699,1-5-6,138.9
155699,2-5-6,1864
155699,3-5-6,262.7
155699,4-5-6,751.8
155699,5-4-6,1625
155699,6-4-5,508.6
155699,1-6-2,39.1
155699,2-6-1,607.7
155699,3-6-1,29.6
155699,4-6-1,268.3
155699,5-6-1,860.7
155699,6-5-1,342.1
155699,1-6-3,10.2
155699,2-6-3,701.9
155699,3-6-2,117.3
155699,4-6-2,647
155699,5-6-2,2211
155699,6-5-2,792.6
155699,1-6-4,41.8
155699,2-6-4,1045
155699,3-6-4,56
155699,4-6-3,259.5
155699,5-6-3,1112
155699,6-5-3,508.6
155699,1-6-5,92.6
155699,2-6-5,1585
155699,3-6-5,157.8
155699,4-6-5,631.9
155699,5-6-4,1698
155699,6-5-4,598.1
155700,1-2-3,26.1
155700,2-1-3,79
155700,3-1-2,24.1
155700,4-1-2,859.9
155700,5-1-2,106.3
155700,6-1-2,1529
155700,1-2-4,127.4
155700,2-1-4,321.5
155700,3-1-4,34.9
155700,4-1-3,504.5
155700,5-1-3,33.7
155700,6-1-3,1358
155700,1-2-5,50.9
155700,2-1-5,138.9
155700,3-1-5,8.9
155700,4-1-5,540.2
155700,5-1-4,158.4
155700,6-1-4,4541
155700,1-2-6,237.4
155700,2-1-6,515.3
155700,3-1-6,59
155700,4-1-6,1201
155700,5-1-6,136.3
155700,6-1-5,2343
155700,1-3-2,16.3
155700,2-3-1,97.4
155700,3-2-1,45.8
155700,4-2-1,1370
155700,5-2-1,182.5
155700,6-2-1,2691
155700,1-3-4,40.7
155700,2-3-4,304.6
155700,3-2-4,130.8
155700,4-2-3,1453
155700,5-2-3,95.2
155700,6-2-3,2794
155700,1-3-5,10.8
155700,2-3-5,78.3
155700,3-2-5,33.3
155700,4-2-5,1211
155700,5-2-4,357.9
155700,6-2-4,5190
155700,1-3-6,64.3
155700,2-3-6,398.1
155700,3-2-6,143
155700,4-2-6,2642
155700,5-2-6,328
155700,6-2-5,4036
155700,1-4-2,247.1
155700,2-4-1,726.6
155700,3-4-1,70.5
155700,4-3-1,414
155700,5-3-1,22.6
155700,6-3-1,1579
155700,1-4-3,142.8
155700,2-4-3,623.7
155700,3-4-2,145.3
155700,4-3-2,768.9
155700,5-3-2,41.4
155700,6-3-2,3159
155700,1-4-5,201.5
155700,2-4-5,634.6
155700,3-4-5,30.9
155700,4-3-5,168.7
155700,5-3-4,47.6
155700,6-3-4,2906
155700,1-4-6,565.4
155700,2-4-6,1651
155700,3-4-6,130.2
155700,4-3-6,384.4
155700,5-3-6,55.1
155700,6-3-5,1309
155700,1-5-2,55
155700,2-5-1,222.5
155700,3-5-1,7.9
155700,4-5-1,538.2
155700,5-4-1,346.8
155700,6-4-1,5589
155700,1-5-3,20.7
155700,2-5-3,110.5
155700,3-5-2,16.1
155700,4-5-2,675.9
155700,5-4-2,471.8
155700,6-4-2,5190
155700,1-5-4,104.2
155700,2-5-4,367.9
155700,3-5-4,16.7
155700,4-5-3,249.6
155700,5-4-3,178.9
155700,6-4-3,5589
155700,1-5-6,171.3
155700,2-5-6,428.6
155700,3-5-6,21.1
155700,4-5-6,865
155700,5-4-6,519
155700,6-4-5,5382
155700,1-6-2,760.8
155700,2-6-1,1730
155700,3-6-1,230.3
155700,4-6-1,2382
155700,5-6-1,239
155700,6-5-1,1963
155700,1-6-3,401.4
155700,2-6-3,1887
155700,3-6-2,328
155700,4-6-2,2794
155700,5-6-2,455.5
155700,6-5-2,2549
155700,1-6-4,1144
155700,2-6-4,2849
155700,3-6-4,420
155700,4-6-3,2906
155700,5-6-3,219.8
155700,6-5-3,1286
155700,1-6-5,504.5
155700,2-6-5,1384
155700,3-6-5,121.6
155700,4-6-5,2549
155700,5-6-4,719.4
155700,6-5-4,3229
155701,1-2-3,15.7
155701,2-1-3,11.7
155701,3-1-2,50
155701,4-1-2,720
155701,5-1-2,1172
155701,6-1-2,217.8
155701,1-2-4,67.4
155701,2-1-4,45.6
155701,3-1-4,254.4
155701,4-1-3,1305
155701,5-1-3,1558
155701,6-1-3,495.5
155701,1-2-5,119.9
155701,2-1-5,64.8
155701,3-1-5,283.1
155701,4-1-5,1180
155701,5-1-4,1655
155701,6-1-4,938.9
155701,1-2-6,35.3
155701,2-1-6,15.2
155701,3-1-6,122.5
155701,4-1-6,1042
155701,5-1-6,1244
155701,6-1-5,1035
155701,1-3-2,26.9
155701,2-3-1,13.1
155701,3-2-1,31.2
155701,4-2-1,729.8
155701,5-2-1,955.7
155701,6-2-1,124.3
155701,1-3-4,132
155701,2-3-4,22.2
155701,3-2-4,46.2
155701,4-2-3,571.4
155701,5-2-3,683.2
155701,6-2-3,73.9
155701,1-3-5,219.6
155701,2-3-5,27.6
155701,3-2-5,73.6
155701,4-2-5,991.1
155701,5-2-4,1408
155701,6-2-4,203.7
155701,1-3-6,71.1
155701,2-3-6,6.4
155701,3-2-6,21
155701,4-2-6,342.3
155701,5-2-6,350.5
155701,6-2-5,181.6
155701,1-4-2,184.5
155701,2-4-1,94.2
155701,3-4-1,454.8
155701,4-3-1,1845
155701,5-3-1,1982
155701,6-3-1,551.7
155701,1-4-3,325
155701,2-4-3,58.6
155701,3-4-2,223.6
155701,4-3-2,760.9
155701,5-3-2,849.5
155701,6-3-2,138.4
155701,1-4-5,644.8
155701,2-4-5,153.5
155701,3-4-5,819.2
155701,4-3-5,2470
155701,5-3-4,2816
155701,6-3-4,627.2
155701,1-4-6,324.3
155701,2-4-6,41.3
155701,3-4-6,281.2
155701,4-3-6,1122
155701,5-3-6,1244
155701,6-3-5,779.4
155701,1-5-2,388.7
155701,2-5-1,144.6
155701,3-5-1,548
155701,4-5-1,1408
155701,5-4-1,2361
155701,6-4-1,1784
155701,1-5-3,553.6
155701,2-5-3,76.4
155701,3-5-2,258.1
155701,4-5-2,1284
155701,5-4-2,2032
155701,6-4-2,480.7
155701,1-5-4,1049
155701,2-5-4,238.2
155701,3-5-4,1198
155701,4-5-3,2261
155701,5-4-3,3416
155701,6-4-3,1254
155701,1-5-6,546.1
155701,2-5-6,46.6
155701,3-5-6,334.5
155701,4-5-6,1621
155701,5-4-6,2632
155701,6-4-5,1605
155701,1-6-2,116
155701,2-6-1,21.2
155701,3-6-1,212.9
155701,4-6-1,1360
155701,5-6-1,1189
155701,6-5-1,1244
155701,1-6-3,190.2
155701,2-6-3,9
155701,3-6-2,80.6
155701,4-6-2,491
155701,5-6-2,350.5
155701,6-5-2,328.3
155701,1-6-4,447.2
155701,2-6-4,33.8
155701,3-6-4,290.3
155701,4-6-3,1338
155701,5-6-3,1063
155701,6-5-3,944.5
155701,1-6-5,577.5
155701,2-6-5,32.9
155701,3-6-5,321.1
155701,4-6-5,1745
155701,5-6-4,1934
155701,6-5-4,1514
155702,1-2-3,32.3
155702,2-1-3,60.5
155702,3-1-2,470.5
155702,4-1-2,161.3
155702,5-1-2,14.6
155702,6-1-2,807.7
155702,1-2-4,23.2
155702,2-1-4,33.4
155702,3-1-4,830.7
155702,4-1-3,565.7
155702,5-1-3,98.7
155702,6-1-3,2047
155702,1-2-5,5.5
155702,2-1-5,9.9
155702,3-1-5,420.1
155702,4-1-5,93.3
155702,5-1-4,50.9
155702,6-1-4,1730
155702,1-2-6,59.1
155702,2-1-6,78.1
155702,3-1-6,908.6
155702,4-1-6,275.3
155702,5-1-6,57.5
155702,6-1-5,860.2
155702,1-3-2,74.5
155702,2-3-1,226.4
155702,3-2-1,603.2
155702,4-2-1,209.4
155702,5-2-1,18.6
155702,6-2-1,1264
155702,1-3-4,133.9
155702,2-3-4,296.7
155702,3-2-4,1002
155702,4-2-3,850.2
155702,5-2-3,94.3
155702,6-2-3,2307
155702,1-3-5,73.9
155702,2-3-5,129.6
155702,3-2-5,401.6
155702,4-2-5,125.3
155702,5-2-4,56.8
155702,6-2-4,1964
155702,1-3-6,248.5
155702,2-3-6,719.7
155702,3-2-6,1468
155702,4-2-6,497.8
155702,5-2-6,63.7
155702,6-2-5,777.4
155702,1-4-2,49.9
155702,2-4-1,120
155702,3-4-1,1439
155702,4-3-1,1652
155702,5-3-1,326.7
155702,6-3-1,2743
155702,1-4-3,161.3
155702,2-4-3,365.2
155702,3-4-2,1597
155702,4-3-2,1580
155702,5-3-2,279.5
155702,6-3-2,3634
155702,1-4-5,39.2
155702,2-4-5,63.7
155702,3-4-5,1384
155702,4-3-5,1321
155702,5-3-4,835.5
155702,6-3-4,4153
155702,1-4-6,150.9
155702,2-4-6,311.3
155702,3-4-6,2107
155702,4-3-6,1794
155702,5-3-6,692.3
155702,6-3-5,2907
155702,1-5-2,6.6
155702,2-5-1,15.1
155702,3-5-1,554.9
155702,4-5-1,75.7
155702,5-4-1,75.6
155702,6-4-1,2202
155702,1-5-3,51.9
155702,2-5-3,67.8
155702,3-5-2,400.5
155702,4-5-2,96.2
155702,5-4-2,84
155702,6-4-2,2202
155702,1-5-4,28.5
155702,2-5-4,37.3
155702,3-5-4,931.9
155702,4-5-3,548.6
155702,5-4-3,487.8
155702,6-4-3,6057
155702,1-5-6,46.5
155702,2-5-6,61.8
155702,3-5-6,1163
155702,4-5-6,147.7
155702,5-4-6,133.2
155702,6-4-5,1751
155702,1-6-2,313.3
155702,2-6-1,395
155702,3-6-1,2550
155702,4-6-1,695.6
155702,5-6-1,141.1
155702,6-5-1,881.1
155702,1-6-3,629.3
155702,2-6-3,1172
155702,3-6-2,3093
155702,4-6-2,920.1
155702,5-6-2,160.6
155702,6-5-2,790.1
155702,1-6-4,374.7
155702,2-6-4,798.8
155702,3-6-4,3825
155702,4-6-3,2307
155702,5-6-3,517.3
155702,6-5-3,2344
155702,1-6-5,243.9
155702,2-6-5,281.2
155702,3-6-5,2850
155702,4-6-5,521
155702,5-6-4,273.7
155702,6-5-4,1358
155703,1-2-3,13.6
155703,2-1-3,135
155703,3-1-2,214.6
155703,4-1-2,19.8
155703,5-1-2,332.7
155703,6-1-2,2434
155703,1-2-4,5.9
155703,2-1-4,58.9
155703,3-1-4,101.9
155703,4-1-3,45.5
155703,5-1-3,592.3
155703,6-1-3,3780
155703,1-2-5,25.7
155703,2-1-5,170.6
155703,3-1-5,313.9
155703,4-1-5,19.9
155703,5-1-4,160.6
155703,6-1-4,3701
155703,1-2-6,233.8
155703,2-1-6,940.1
155703,3-1-6,1208
155703,4-1-6,181.1
155703,5-1-6,1269
155703,6-1-5,6834
155703,1-3-2,21.9
155703,2-3-1,365.6
155703,3-2-1,481.5
155703,4-2-1,46.3
155703,5-2-1,567.7
155703,6-2-1,3862
155703,1-3-4,12.1
155703,2-3-4,324.8
155703,3-2-4,372.5
155703,4-2-3,164.6
155703,5-2-3,1169
155703,6-2-3,6581
155703,1-3-5,40.3
155703,2-3-5,746.6
155703,3-2-5,854.2
155703,4-2-5,77.2
155703,5-2-4,465.1
155703,6-2-4,5076
155703,1-3-6,324.8
155703,2-3-6,2193
155703,3-2-6,2961
155703,4-2-6,512
155703,5-2-6,2042
155703,6-2-5,9871
155703,1-4-2,5
155703,2-4-1,100.9
155703,3-4-1,179.1
155703,4-3-1,127.9
155703,5-3-1,1505
155703,6-3-1,7403
155703,1-4-3,9.6
155703,2-4-3,266
155703,3-4-2,284.7
155703,4-3-2,250.2
155703,5-3-2,1931
155703,6-3-2,9871
155703,1-4-5,8.5
155703,2-4-5,264.4
155703,3-4-5,413.2
155703,4-3-5,282.9
155703,5-3-4,1146
155703,6-3-4,7403
155703,1-4-6,133.6
155703,2-4-6,1233
155703,3-4-6,1692
155703,4-3-6,1117
155703,5-3-6,3553
155703,6-3-5,9999
155703,1-5-2,52.9
155703,2-5-1,459.1
155703,3-5-1,875.3
155703,4-5-1,28.4
155703,5-4-1,149.5
155703,6-4-1,3948
155703,1-5-3,75.7
155703,2-5-3,858.4
155703,3-5-2,1287
155703,4-5-2,49.9
155703,5-4-2,265.6
155703,6-4-2,4230
155703,1-5-4,35.2
155703,2-5-4,496.3
155703,3-5-4,854.2
155703,4-5-3,142.7
155703,5-4-3,663
155703,6-4-3,9352
155703,1-5-6,387.9
155703,2-5-6,2575
155703,3-5-6,4442
155703,4-5-6,176.8
155703,5-4-6,834.2
155703,6-4-5,8076
155703,1-6-2,696.8
155703,2-6-1,3417
155703,3-6-1,4230
155703,4-6-1,604.3
155703,5-6-1,2115
155703,6-5-1,4442
155703,1-6-3,842.1
155703,2-6-3,5552
155703,3-6-2,5552
155703,4-6-2,1021
155703,5-6-2,3417
155703,6-5-2,8884
155703,1-6-4,625.6
155703,2-6-4,4230
155703,3-6-4,3626
155703,4-6-3,1468
155703,5-6-3,3626
155703,6-5-3,8884
155703,1-6-5,1096
155703,2-6-5,5076
155703,3-6-5,6127
155703,4-6-5,707.9
155703,5-6-4,2307
155703,6-5-4,6127
155704,1-2-3,6.3
155704,2-1-3,70.4
155704,3-1-2,41.7
155704,4-1-2,748.3
155704,5-1-2,1000
155704,6-1-2,92.5
155704,1-2-4,37.4
155704,2-1-4,266.6
155704,3-1-4,75.5
155704,4-1-3,551.6
155704,5-1-3,590.4
155704,6-1-3,55.8
155704,1-2-5,43.2
155704,2-1-5,306.9
155704,3-1-5,63.9
155704,4-1-5,788
155704,5-1-4,1650
155704,6-1-4,308.4
155704,1-2-6,8.4
155704,2-1-6,78.3
155704,3-1-6,18.7
155704,4-1-6,455.3
155704,5-1-6,576.3
155704,6-1-5,313.9
155704,1-3-2,7.3
155704,2-3-1,143.6
155704,3-2-1,118
155704,4-2-1,1389
155704,5-2-1,1544
155704,6-2-1,186.5
155704,1-3-4,29.7
155704,2-3-4,668
155704,3-2-4,386.1
155704,4-2-3,1708
155704,5-2-3,1496
155704,6-2-3,242.5
155704,1-3-5,22.6
155704,2-3-5,728.5
155704,3-2-5,331.7
155704,4-2-5,1856
155704,5-2-4,2169
155704,6-2-4,832.2
155704,1-3-6,6
155704,2-3-6,198.8
155704,3-2-6,118.7
155704,4-2-6,1270
155704,5-2-6,1430
155704,6-2-5,704.6
155704,1-4-2,127.7
155704,2-4-1,1021
155704,3-4-1,238
155704,4-3-1,675
155704,5-3-1,751.2
155704,6-3-1,75
155704,1-4-3,99.4
155704,2-4-3,1184
155704,3-4-2,517.6
155704,4-3-2,1331
155704,5-3-2,1451
155704,6-3-2,180.1
155704,1-4-5,215.9
155704,2-4-5,1544
155704,3-4-5,483.8
155704,4-3-5,1379
155704,5-3-4,1569
155704,6-3-4,335.1
155704,1-4-6,70.9
155704,2-4-6,1010
155704,3-4-6,178.7
155704,4-3-6,637.2
155704,5-3-6,731.3
155704,6-3-5,339.9
155704,1-5-2,112.5
155704,2-5-1,1021
155704,3-5-1,227.6
155704,4-5-1,1331
155704,5-4-1,2121
155704,6-4-1,835.8
155704,1-5-3,71.1
155704,2-5-3,1313
155704,3-5-2,419.7
155704,4-5-2,1771
155704,5-4-2,2413
155704,6-4-2,1199
155704,1-5-4,245.6
155704,2-5-4,2443
155704,3-5-4,539.3
155704,4-5-3,1520
155704,5-4-3,2032
155704,6-4-3,804.4
155704,1-5-6,68.7
155704,2-5-6,1109
155704,3-5-6,172
155704,4-5-6,1253
155704,5-4-6,2271
155704,6-4-5,1359
155704,1-6-2,17.6
155704,2-6-1,204.5
155704,3-6-1,38.2
155704,4-6-1,548.4
155704,5-6-1,725.8
155704,6-5-1,731.3
155704,1-6-3,14.7
155704,2-6-3,246.8
155704,3-6-2,93.8
155704,4-6-2,985
155704,5-6-2,1237
155704,6-5-2,990.1
155704,1-6-4,64.1
155704,2-6-4,941.8
155704,3-6-4,145.6
155704,4-6-3,723.1
155704,5-6-3,919.3
155704,6-5-3,801.1
155704,1-6-5,60.6
155704,2-6-5,906.4
155704,3-6-5,129.3
155704,4-6-5,1473
155704,5-6-4,2298
155704,6-5-4,1350
155705,1-2-3,10.1
155705,2-1-3,12.9
155705,3-1-2,48.2
155705,4-1-2,876.9
155705,5-1-2,1940
155705,6-1-2,112.1
155705,1-2-4,50.1
155705,2-1-4,63.9
155705,3-1-4,172.5
155705,4-1-3,1085
155705,5-1-3,1861
155705,6-1-3,170.6
155705,1-2-5,144.8
155705,2-1-5,164
155705,3-1-5,369.9
155705,4-1-5,1371
155705,5-1-4,2338
155705,6-1-4,660.8
155705,1-2-6,15.6
155705,2-1-6,15.2
155705,3-1-6,50
155705,4-1-6,803.5
155705,5-1-6,1471
155705,6-1-5,1266
155705,1-3-2,15.8
155705,2-3-1,16.9
155705,3-2-1,40
155705,4-2-1,860.4
155705,5-2-1,2026
155705,6-2-1,88.2
155705,1-3-4,75.9
155705,2-3-4,33.9
155705,3-2-4,73.1
155705,4-2-3,498.3
155705,5-2-3,1880
155705,6-2-3,51.5
155705,1-3-5,171.5
155705,2-3-5,68.3
155705,3-2-5,123
155705,4-2-5,1688
155705,5-2-4,2605
155705,6-2-4,228.2
155705,1-3-6,23.3
155705,2-3-6,6.4
155705,3-2-6,13.3
155705,4-2-6,435.3
155705,5-2-6,1361
155705,6-2-5,698.8
155705,1-4-2,149.3
155705,2-4-1,192.2
155705,3-4-1,328
155705,4-3-1,1266
155705,5-3-1,2432
155705,6-3-1,184.6
155705,1-4-3,200
155705,2-4-3,123.4
155705,3-4-2,193.2
155705,4-3-2,592.2
155705,5-3-2,2308
155705,6-3-2,79.1
155705,1-4-5,454.8
155705,2-4-5,426.1
155705,3-4-5,624.6
155705,4-3-5,2464
155705,5-3-4,3576
155705,6-3-4,440.5
155705,1-4-6,181.6
155705,2-4-6,89.3
155705,3-4-6,189.6
155705,4-3-6,732.5
155705,5-3-6,1900
155705,6-3-5,704.2
155705,1-5-2,394.8
155705,2-5-1,582.7
155705,3-5-1,860.4
155705,4-5-1,2464
155705,5-4-1,2806
155705,6-4-1,1098
155705,1-5-3,508
155705,2-5-3,299
155705,3-5-2,624.6
155705,4-5-2,1788
155705,5-4-2,3200
155705,6-4-2,506.6
155705,1-5-4,668.1
155705,2-5-4,738.4
155705,3-5-4,916.6
155705,4-5-3,2400
155705,5-4-3,4560
155705,6-4-3,750.6
155705,1-5-6,525.6
155705,2-5-6,168.2
155705,3-5-6,338.4
155705,4-5-6,2197
155705,5-4-6,3040
155705,6-4-5,1982
155705,1-6-2,44.7
155705,2-6-1,31.7
155705,3-6-1,85.7
155705,4-6-1,894.1
155705,5-6-1,2533
155705,6-5-1,1788
155705,1-6-3,61.1
155705,2-6-3,14
155705,3-6-2,37
155705,4-6-2,459.4
155705,5-6-2,2498
155705,6-5-2,1788
155705,1-6-4,212.8
155705,2-6-4,62.1
155705,3-6-4,163.5
155705,4-6-3,626.8
155705,5-6-3,2682
155705,6-5-3,1614
155705,1-6-5,466.5
155705,2-6-5,107.1
155705,3-6-5,230
155705,4-6-5,1900
155705,5-6-4,1704
155705,6-5-4,2145
155706,1-2-3,6.4
155706,2-1-3,55.3
155706,3-1-2,72.1
155706,4-1-2,62.8
155706,5-1-2,249.5
155706,6-1-2,1424
155706,1-2-4,5.5
155706,2-1-4,43.5
155706,3-1-4,56.1
155706,4-1-3,98.9
155706,5-1-3,284.5
155706,6-1-3,3187
155706,1-2-5,18.4
155706,2-1-5,101.1
155706,3-1-5,87
155706,4-1-5,77.8
155706,5-1-4,275.1
155706,6-1-4,3880
155706,1-2-6,122.8
155706,2-1-6,286.6
155706,3-1-6,358.4
155706,4-1-6,366.2
155706,5-1-6,877.8
155706,6-1-5,4056
155706,1-3-2,7.6
155706,2-3-1,206.1
155706,3-2-1,202.2
155706,4-2-1,132.5
155706,5-2-1,541.9
155706,6-2-1,1808
155706,1-3-4,9
155706,2-3-4,347.7
155706,3-2-4,257.4
155706,4-2-3,442.5
155706,5-2-3,1299
155706,6-2-3,3995
155706,1-3-5,13
155706,2-3-5,544.1
155706,3-2-5,308
155706,4-2-5,288.8
155706,5-2-4,920
155706,6-2-4,3824
155706,1-3-6,129.9
155706,2-3-6,1662
155706,3-2-6,866.4
155706,4-2-6,1029
155706,5-2-6,2013
155706,6-2-5,4780
155706,1-4-2,8.9
155706,2-4-1,135.6
155706,3-4-1,117.6
155706,4-3-1,252.3
155706,5-3-1,642
155706,6-3-1,3880
155706,1-4-3,15.2
155706,2-4-3,371.3
155706,3-4-2,183
155706,4-3-2,461.6
155706,5-3-2,849.9
155706,6-3-2,5148
155706,1-4-5,20.9
155706,2-4-5,429
155706,3-4-5,166.7
155706,4-3-5,446.9
155706,5-3-4,929.6
155706,6-3-4,4318
155706,1-4-6,162.5
155706,2-4-6,1097
155706,3-4-6,461.6
155706,4-3-6,1174
155706,5-3-6,1603
155706,6-3-5,4867
155706,1-5-2,42.9
155706,2-5-1,507
155706,3-5-1,246.9
155706,4-5-1,149.9
155706,5-4-1,369.2
155706,6-4-1,4183
155706,1-5-3,34.8
155706,2-5-3,1006
155706,3-5-2,358.8
155706,4-5-2,269.6
155706,5-4-2,634.4
155706,6-4-2,3617
155706,1-5-4,54.6
155706,2-5-4,806.4
155706,3-5-4,244
155706,4-5-3,443.2
155706,5-4-3,939.4
155706,6-4-3,4616
155706,1-5-6,216.2
155706,2-5-6,1898
155706,3-5-6,643.5
155706,4-5-6,574.5
155706,5-4-6,1455
155706,6-4-5,5577
155706,1-6-2,442.5
155706,2-6-1,1954
155706,3-6-1,1662
155706,4-6-1,1154
155706,5-6-1,2159
155706,6-5-1,4780
155706,1-6-3,433.9
155706,2-6-3,2818
155706,3-6-2,1983
155706,4-6-2,1538
155706,5-6-2,3077
155706,6-5-2,5148
155706,1-6-4,554.3
155706,2-6-4,2108
155706,3-6-4,1574
155706,4-6-3,2288
155706,5-6-3,3388
155706,6-5-3,4957
155706,1-6-5,545.2
155706,2-6-5,2650
155706,3-6-5,2059
155706,4-6-5,1512
155706,5-6-4,2910
155706,6-5-4,5249
155587,1-2-3,13.4
155587,2-1-3,19.7
155587,3-1-2,33.2
155587,4-1-2,107
155587,5-1-2,91.3
155587,6-1-2,343.7
155587,1-2-4,45
155587,2-1-4,68.6
155587,3-1-4,93.8
155587,4-1-3,113.3
155587,5-1-3,99.6
155587,6-1-3,519.2
155587,1-2-5,15.8
155587,2-1-5,17.1
155587,3-1-5,32.9
155587,4-1-5,82.1
155587,5-1-4,221.1
155587,6-1-4,796
155587,1-2-6,51.6
155587,2-1-6,47.9
155587,3-1-6,64.7
155587,4-1-6,123.4
155587,5-1-6,107.9
155587,6-1-5,425
155587,1-3-2,17.1
155587,2-3-1,32.7
155587,3-2-1,40.9
155587,4-2-1,167.2
155587,5-2-1,110.9
155587,6-2-1,520.8
155587,1-3-4,58.7
155587,2-3-4,103.4
155587,3-2-4,107.9
155587,4-2-3,240.3
155587,5-2-3,167
155587,6-2-3,750
155587,1-3-5,21.4
155587,2-3-5,35.2
155587,3-2-5,34.4
155587,4-2-5,149.8
155587,5-2-4,400.8
155587,6-2-4,1163
155587,1-3-6,47.7
155587,2-3-6,82.2
155587,3-2-6,84.8
155587,4-2-6,270.4
155587,5-2-6,186.8
155587,6-2-5,340.9
155587,1-4-2,61.1
155587,2-4-1,145.2
155587,3-4-1,126.5
155587,4-3-1,164.6
155587,5-3-1,119.6
155587,6-3-1,629.7
155587,1-4-3,83.8
155587,2-4-3,187.5
155587,3-4-2,136.9
155587,4-3-2,247
155587,5-3-2,169.2
155587,6-3-2,811.3
155587,1-4-5,71.7
155587,2-4-5,216.6
155587,3-4-5,114.9
155587,4-3-5,168.2
155587,5-3-4,424
155587,6-3-4,1155
155587,1-4-6,103
155587,2-4-6,358.3
155587,3-4-6,178.3
155587,4-3-6,235.3
155587,5-3-6,181.6
155587,6-3-5,511.3
155587,1-5-2,40.6
155587,2-5-1,50.1
155587,3-5-1,55.3
155587,4-5-1,76.4
155587,5-4-1,196.9
155587,6-4-1,848
155587,1-5-3,44.5
155587,2-5-3,72
155587,3-5-2,65.3
155587,4-5-2,123.1
155587,5-4-2,316
155587,6-4-2,992.7
155587,1-5-4,96.9
155587,2-5-4,228.9
155587,3-5-4,122.1
155587,4-5-3,142.2
155587,5-4-3,310.7
155587,6-4-3,998.5
155587,1-5-6,64.1
155587,2-5-6,101.6
155587,3-5-6,73.6
155587,4-5-6,88.9
155587,5-4-6,227.1
155587,6-4-5,715
155587,1-6-2,141.9
155587,2-6-1,159.3
155587,3-6-1,153.5
155587,4-6-1,202.1
155587,5-6-1,148.5
155587,6-5-1,408.6
155587,1-6-3,135.9
155587,2-6-3,244.9
155587,3-6-2,199.2
155587,4-6-2,287
155587,5-6-2,236.3
155587,6-5-2,484.9
155587,1-6-4,222.3
155587,2-6-4,615.9
155587,3-6-4,335.5
155587,4-6-3,386.1
155587,5-6-3,266.1
155587,6-5-3,496.3
155587,1-6-5,124.5
155587,2-6-5,168.4
155587,3-6-5,131.3
155587,4-6-5,184.8
155587,5-6-4,370.9
155587,6-5-4,784.9
155588,1-2-3,15.5
155588,2-1-3,48
155588,3-1-2,46.3
155588,4-1-2,390.2
155588,5-1-2,16
155588,6-1-2,2306
155588,1-2-4,52.8
155588,2-1-4,122.3
155588,3-1-4,92
155588,4-1-3,411.9
155588,5-1-3,17
155588,6-1-3,3992
155588,1-2-5,12.4
155588,2-1-5,33.9
155588,3-1-5,22.2
155588,4-1-5,203.9
155588,5-1-4,47.6
155588,6-1-4,5932
155588,1-2-6,391
155588,2-1-6,661.2
155588,3-1-6,478.3
155588,4-1-6,1774
155588,5-1-6,165.1
155588,6-1-5,3145
155588,1-3-2,21.5
155588,2-3-1,73.3
155588,3-2-1,64.4
155588,4-2-1,616
155588,5-2-1,29.5
155588,6-2-1,4513
155588,1-3-4,49.1
155588,2-3-4,202.1
155588,3-2-4,171.5
155588,4-2-3,777.6
155588,5-2-3,37.9
155588,6-2-3,2595
155588,1-3-5,11.8
155588,2-3-5,57.5
155588,3-2-5,45.4
155588,4-2-5,479.4
155588,5-2-4,110.3
155588,6-2-4,7985
155588,1-3-6,520.3
155588,2-3-6,914.6
155588,3-2-6,631
155588,4-2-6,3642
155588,5-2-6,319.9
155588,6-2-5,5932
155588,1-4-2,99.4
155588,2-4-1,352.5
155588,3-4-1,200.2
155588,4-3-1,461.3
155588,5-3-1,28.4
155588,6-3-1,5932
155588,1-4-3,106.7
155588,2-4-3,409.5
155588,3-4-2,254.1
155588,4-3-2,723.4
155588,5-3-2,39.5
155588,6-3-2,2471
155588,1-4-5,68.6
155588,2-4-5,267.2
155588,3-4-5,118.7
155588,4-3-5,369.4
155588,5-3-4,86.3
155588,6-3-4,4325
155588,1-4-6,872.3
155588,2-4-6,1584
155588,3-4-6,1179
155588,4-3-6,2696
155588,5-3-6,320.4
155588,6-3-5,3403
155588,1-5-2,10.4
155588,2-5-1,42.1
155588,3-5-1,22.1
155588,4-5-1,175
155588,5-4-1,129.9
155588,6-4-1,7159
155588,1-5-3,11.6
155588,2-5-3,54.6
155588,3-5-2,30.9
155588,4-5-2,311.2
155588,5-4-2,189.7
155588,6-4-2,7689
155588,1-5-4,38.4
155588,2-5-4,144.5
155588,3-5-4,64.7
155588,4-5-3,316
155588,5-4-3,184.2
155588,6-4-3,6106
155588,1-5-6,201.9
155588,2-5-6,529.6
155588,3-5-6,345.4
155588,4-5-6,988.6
155588,5-4-6,584.8
155588,6-4-5,5063
155588,1-6-2,1348
155588,2-6-1,2696
155588,3-6-1,2055
155588,4-6-1,2805
155588,5-6-1,446.5
155588,6-5-1,2731
155588,1-6-3,1805
155588,2-6-3,1821
155588,3-6-2,1609
155588,4-6-2,4613
155588,5-6-2,685.2
155588,6-5-2,4152
155588,1-6-4,1904
155588,2-6-4,4071
155588,3-6-4,2805
155588,4-6-3,4417
155588,5-6-3,654.9
155588,6-5-3,2805
155588,1-6-5,872.3
155588,2-6-5,1977
155588,3-6-5,1314
155588,4-6-5,2563
155588,5-6-4,926.8
155588,6-5-4,3244
155589,1-2-3,23.5
155589,2-1-3,18.9
155589,3-1-2,57.5
155589,4-1-2,850
155589,5-1-2,141
155589,6-1-2,198.1
155589,1-2-4,127.2
155589,2-1-4,112.7
155589,3-1-4,190.8
155589,4-1-3,1160
155589,5-1-3,157.3
155589,6-1-3,239.5
155589,1-2-5,34.6
155589,2-1-5,25.2
155589,3-1-5,60.4
155589,4-1-5,809.9
155589,5-1-4,588.9
155589,6-1-4,740
155589,1-2-6,41.9
155589,2-1-6,31.4
155589,3-1-6,78
155589,4-1-6,1071
155589,5-1-6,155.6
155589,6-1-5,264.1
155589,1-3-2,35.4
155589,2-3-1,21
155589,3-2-1,42.6
155589,4-2-1,857.1
155589,5-2-1,147.4
155589,6-2-1,199.7
155589,1-3-4,149
155589,2-3-4,51.2
155589,3-2-4,76.8
155589,4-2-3,570.3
155589,5-2-3,96.9
155589,6-2-3,151
155589,1-3-5,45.3
155589,2-3-5,10.2
155589,3-2-5,20.3
155589,4-2-5,629.7
155589,5-2-4,477.6
155589,6-2-4,567.2
155589,1-3-6,59.8
155589,2-3-6,13.5
155589,3-2-6,26
155589,4-2-6,726
155589,5-2-6,106.7
155589,6-2-5,182.8
155589,1-4-2,265.7
155589,2-4-1,208.6
155589,3-4-1,320.4
155589,4-3-1,1200
155589,5-3-1,226.7
155589,6-3-1,361.3
155589,1-4-3,350.2
155589,2-4-3,136.7
155589,3-4-2,194
155589,4-3-2,691.8
155589,5-3-2,111.6
155589,6-3-2,198.5
155589,1-4-5,290.8
155589,2-4-5,125.8
155589,3-4-5,187.1
155589,4-3-5,886.7
155589,5-3-4,675.2
155589,6-3-4,818.5
155589,1-4-6,316.1
155589,2-4-6,139.3
155589,3-4-6,243.3
155589,4-3-6,958.3
155589,5-3-6,133.3
155589,6-3-5,261.9
155589,1-5-2,66.8
155589,2-5-1,42.7
155589,3-5-1,77.8
155589,4-5-1,738.2
155589,5-4-1,854.8
155589,6-4-1,1341
155589,1-5-3,78.8
155589,2-5-3,21.1
155589,3-5-2,35.9
155589,4-5-2,657.9
155589,5-4-2,747.1
155589,6-4-2,1106
155589,1-5-4,238.6
155589,2-5-4,106.3
155589,3-5-4,153.7
155589,4-5-3,998.6
155589,5-4-3,926.6
155589,6-4-3,1302
155589,1-5-6,92.4
155589,2-5-6,26.7
155589,3-5-6,44.8
155589,4-5-6,565.1
155589,5-4-6,460.5
155589,6-4-5,731.2
155589,1-6-2,104.1
155589,2-6-1,59.4
155589,3-6-1,141.2
155589,4-6-1,1046
155589,5-6-1,185.1
155589,6-5-1,279.5
155589,1-6-3,143.2
155589,2-6-3,41.3
155589,3-6-2,66.6
155589,4-6-2,937.9
155589,5-6-2,140.6
155589,6-5-2,245.1
155589,1-6-4,366.9
155589,2-6-4,151.3
155589,3-6-4,265.5
155589,4-6-3,1114
155589,5-6-3,169.3
155589,6-5-3,264.6
155589,1-6-5,147
155589,2-6-5,44.8
155589,3-6-5,74.6
155589,4-6-5,720.9
155589,5-6-4,461.2
155589,6-5-4,629.7
155590,1-2-3,97.1
155590,2-1-3,57.9
155590,3-1-2,79.4
155590,4-1-2,154.9
155590,5-1-2,908.2
155590,6-1-2,341.1
155590,1-2-4,101.2
155590,2-1-4,53.9
155590,3-1-4,50.1
155590,4-1-3,136.6
155590,5-1-3,999.7
155590,6-1-3,291.7
155590,1-2-5,286.9
155590,2-1-5,213.6
155590,3-1-5,168.9
155590,4-1-5,207
155590,5-1-4,871.4
155590,6-1-4,328.1
155590,1-2-6,171
155590,2-1-6,100.7
155590,3-1-6,73.2
155590,4-1-6,107.9
155590,5-1-6,892.5
155590,6-1-5,788.7
155590,1-3-2,98.6
155590,2-3-1,46.1
155590,3-2-1,58
155590,4-2-1,119.9
155590,5-2-1,921.1
155590,6-2-1,312.6
155590,1-3-4,73.6
155590,2-3-4,19.9
155590,3-2-4,22.8
155590,4-2-3,38.1
155590,5-2-3,669.9
155590,6-2-3,121.6
155590,1-3-5,234
155590,2-3-5,65.9
155590,3-2-5,67.1
155590,4-2-5,85.1
155590,5-2-4,536.2
155590,6-2-4,124.7
155590,1-3-6,110.5
155590,2-3-6,27.2
155590,3-2-6,28.2
155590,4-2-6,34.9
155590,5-2-6,640
155590,6-2-5,361.7
155590,1-4-2,115.9
155590,2-4-1,51.3
155590,3-4-1,45.9
155590,4-3-1,85.1
155590,5-3-1,1131
155590,6-3-1,220.2
155590,1-4-3,102.2
155590,2-4-3,26.6
155590,3-4-2,26.4
155590,4-3-2,39.1
155590,5-3-2,697.1
155590,6-3-2,113.4
155590,1-4-5,267.8
155590,2-4-5,73.1
155590,3-4-5,39.5
155590,4-3-5,71.6
155590,5-3-4,507.7
155590,6-3-4,69.8
155590,1-4-6,127.3
155590,2-4-6,29
155590,3-4-6,17.4
155590,4-3-6,27.1
155590,5-3-6,565.6
155590,6-3-5,248.7
155590,1-5-2,410.7
155590,2-5-1,347.6
155590,3-5-1,256.1
155590,4-5-1,198.8
155590,5-4-1,633.7
155590,6-4-1,234.7
155590,1-5-3,391.4
155590,2-5-3,177.3
155590,3-5-2,141.2
155590,4-5-2,116.2
155590,5-4-2,450.9
155590,6-4-2,104.1
155590,1-5-4,490.3
155590,2-5-4,165.4
155590,3-5-4,98.1
155590,4-5-3,120.5
155590,5-4-3,437.9
155590,6-4-3,73.6
155590,1-5-6,434.9
155590,2-5-6,190.7
155590,3-5-6,111.7
155590,4-5-6,72.1
155590,5-4-6,289.1
155590,6-4-5,198.1
155590,1-6-2,316
155590,2-6-1,161.3
155590,3-6-1,83.9
155590,4-6-1,92.5
155590,5-6-1,856.9
155590,6-5-1,754.1
155590,1-6-3,258.1
155590,2-6-3,55.9
155590,3-6-2,38.8
155590,4-6-2,39.5
155590,5-6-2,691.5
155590,6-5-2,461.4
155590,1-6-4,242.8
155590,2-6-4,53.4
155590,3-6-4,27.2
155590,4-6-3,33.5
155590,5-6-3,605.4
155590,6-5-3,422.8
155590,1-6-5,598.4
155590,2-6-5,203.2
155590,3-6-5,82
155590,4-6-5,67.7
155590,5-6-4,410.7
155590,6-5-4,339.3
155591,1-2-3,40
155591,2-1-3,287.8
155591,3-1-2,199.1
155591,4-1-2,26.7
155591,5-1-2,222.4
155591,6-1-2,2470
155591,1-2-4,24.2
155591,2-1-4,184.8
155591,3-1-4,61.7
155591,4-1-3,21.7
155591,5-1-3,183.8
155591,6-1-3,5062
155591,1-2-5,46.7
155591,2-1-5,364.7
155591,3-1-5,122.8
155591,4-1-5,10.2
155591,5-1-4,71.3
155591,6-1-4,2843
155591,1-2-6,544.7
155591,2-1-6,1515
155591,3-1-6,685
155591,4-1-6,199.5
155591,5-1-6,956.4
155591,6-1-5,6486
155591,1-3-2,40.7
155591,2-3-1,491.8
155591,3-2-1,424.4
155591,4-2-1,80.7
155591,5-2-1,469.5
155591,6-2-1,4416
155591,1-3-4,12.8
155591,2-3-4,496.5
155591,3-2-4,406.9
155591,4-2-3,172.9
155591,5-2-3,820.3
155591,6-2-3,6486
155591,1-3-5,26.6
155591,2-3-5,768.7
155591,3-2-5,593
155591,4-2-5,107.6
155591,5-2-4,524.1
155591,6-2-4,4512
155591,1-3-6,466.4
155591,2-3-6,2034
155591,3-2-6,1621
155591,4-2-6,715.7
155591,5-2-6,2470
155591,6-2-5,4941
155591,1-4-2,12.1
155591,2-4-1,221
155591,3-4-1,68.2
155591,4-3-1,49.4
155591,5-3-1,350.6
155591,6-3-1,4941
155591,1-4-3,6.8
155591,2-4-3,437.8
155591,3-4-2,262.3
155591,4-3-2,171.5
155591,5-3-2,1166
155591,6-3-2,4941
155591,1-4-5,4.9
155591,2-4-5,363.4
155591,3-4-5,120.5
155591,4-3-5,82.4
155591,5-3-4,360.3
155591,6-3-4,4717
155591,1-4-6,178.1
155591,2-4-6,1250
155591,3-4-6,974.4
155591,4-3-6,771.5
155591,5-3-6,3459
155591,6-3-5,7687
155591,1-5-2,49.1
155591,2-5-1,581.3
155591,3-5-1,230.3
155591,4-5-1,14.4
155591,5-4-1,59.4
155591,6-4-1,2731
155591,1-5-3,37.7
155591,2-5-3,979
155591,3-5-2,559.4
155591,4-5-2,44.8
155591,5-4-2,169.1
155591,6-4-2,4612
155591,1-5-4,20.8
155591,2-5-4,667.3
155591,3-5-4,223.4
155591,4-5-3,43.2
155591,5-4-3,141.1
155591,6-4-3,4941
155591,1-5-6,549
155591,2-5-6,2594
155591,3-5-6,2332
155591,4-5-6,171.8
155591,5-4-6,533.5
155591,6-4-5,2923
155591,1-6-2,1660
155591,2-6-1,3294
155591,3-6-1,3347
155591,4-6-1,698.8
155591,5-6-1,1804
155591,6-5-1,3578
155591,1-6-3,1774
155591,2-6-3,4512
155591,3-6-2,3773
155591,4-6-2,960.9
155591,5-6-2,3052
155591,6-5-2,4151
155591,1-6-4,997.8
155591,2-6-4,2413
155591,3-6-4,2843
155591,4-6-3,1621
155591,5-6-3,3843
155591,6-5-3,4717
155591,1-6-5,1729
155591,2-6-5,4512
155591,3-6-5,4612
155591,4-6-5,847.1
155591,5-6-4,1995
155591,6-5-4,2332
155592,1-2-3,35.2
155592,2-1-3,60.3
155592,3-1-2,193.8
155592,4-1-2,51.3
155592,5-1-2,83.1
155592,6-1-2,696.9
155592,1-2-4,15.8
155592,2-1-4,25.4
155592,3-1-4,293
155592,4-1-3,153
155592,5-1-3,239.3
155592,6-1-3,1436
155592,1-2-5,19.2
155592,2-1-5,26.6
155592,3-1-5,240.4
155592,4-1-5,43.7
155592,5-1-4,105.3
155592,6-1-4,920.2
155592,1-2-6,52.3
155592,2-1-6,75.3
155592,3-1-6,488.5
155592,4-1-6,78.6
155592,5-1-6,113.5
155592,6-1-5,589.9
155592,1-3-2,71
155592,2-3-1,116.9
155592,3-2-1,226.8
155592,4-2-1,55.2
155592,5-2-1,80.4
155592,6-2-1,668.4
155592,1-3-4,91
155592,2-3-4,102.3
155592,3-2-4,184.3
155592,4-2-3,93.8
155592,5-2-3,142.9
155592,6-2-3,1033
155592,1-3-5,89.9
155592,2-3-5,86.5
155592,3-2-5,169.3
155592,4-2-5,26.3
155592,5-2-4,48.8
155592,6-2-4,492.1
155592,1-3-6,165.6
155592,2-3-6,220.5
155592,3-2-6,441.4
155592,4-2-6,53.2
155592,5-2-6,99.4
155592,6-2-5,420.8
155592,1-4-2,30.4
155592,2-4-1,39.5
155592,3-4-1,335.5
155592,4-3-1,300.7
155592,5-3-1,424.2
155592,6-3-1,2107
155592,1-4-3,78.9
155592,2-4-3,76.9
155592,3-4-2,202.2
155592,4-3-2,184.3
155592,5-3-2,284.7
155592,6-3-2,1880
155592,1-4-5,36.6
155592,2-4-5,20.5
155592,3-4-5,207.5
155592,4-3-5,151.9
155592,5-3-4,350.8
155592,6-3-4,1853
155592,1-4-6,77.8
155592,2-4-6,61.7
155592,3-4-6,450.6
155592,4-3-6,253.2
155592,5-3-6,504.5
155592,6-3-5,1613
155592,1-5-2,38.7
155592,2-5-1,42.8
155592,3-5-1,345.2
155592,4-5-1,34.6
155592,5-4-1,86.7
155592,6-4-1,851.3
155592,1-5-3,97.3
155592,2-5-3,73.6
155592,3-5-2,236.9
155592,4-5-2,22.8
155592,5-4-2,46.6
155592,6-4-2,503.5
155592,1-5-4,53.9
155592,2-5-4,24.1
155592,3-5-4,297.3
155592,4-5-3,74.2
155592,5-4-3,204
155592,6-4-3,1361
155592,1-5-6,88.1
155592,2-5-6,52
155592,3-5-6,464.2
155592,4-5-6,23.3
155592,5-4-6,66.5
155592,6-4-5,401.4
155592,1-6-2,173.8
155592,2-6-1,213.3
155592,3-6-1,1009
155592,4-6-1,105.4
155592,5-6-1,178.4
155592,6-5-1,520.6
155592,1-6-3,359.9
155592,2-6-3,465
155592,3-6-2,982.5
155592,4-6-2,74.4
155592,5-6-2,161
155592,6-5-2,439.9
155592,1-6-4,247.4
155592,2-6-4,175.6
155592,3-6-4,1088
155592,4-6-3,207
155592,5-6-3,375.5
155592,6-5-3,960.8
155592,1-6-5,202.6
155592,2-6-5,171.4
155592,3-6-5,913.8
155592,4-6-5,65.6
155592,5-6-4,156.9
155592,6-5-4,386.6
155593,1-2-3,19.2
155593,2-1-3,127
155593,3-1-2,80.4
155593,4-1-2,218.5
155593,5-1-2,129.8
155593,6-1-2,356.1
155593,1-2-4,34.1
155593,2-1-4,210.4
155593,3-1-4,72.4
155593,4-1-3,187.6
155593,5-1-3,66.2
155593,6-1-3,198.7
155593,1-2-5,28.4
155593,2-1-5,167.9
155593,3-1-5,34
155593,4-1-5,100.2
155593,5-1-4,132.8
155593,6-1-4,469.7
155593,1-2-6,35.4
155593,2-1-6,310.7
155593,3-1-6,42.2
155593,4-1-6,123
155593,5-1-6,72.3
155593,6-1-5,233.2
155593,1-3-2,16.8
155593,2-3-1,196
155593,3-2-1,176.7
155593,4-2-1,447.7
155593,5-2-1,307.5
155593,6-2-1,939.5
155593,1-3-4,14.1
155593,2-3-4,522.1
155593,3-2-4,448.5
155593,4-2-3,1015
155593,5-2-3,454.5
155593,6-2-3,1909
155593,1-3-5,8.4
155593,2-3-5,273.9
155593,3-2-5,251.2
155593,4-2-5,712.3
155593,5-2-4,907.3
155593,6-2-4,2386
155593,1-3-6,10
155593,2-3-6,519.9
155593,3-2-6,415
155593,4-2-6,1074
155593,5-2-6,670.3
155593,6-2-5,2272
155593,1-4-2,41.5
155593,2-4-1,283.7
155593,3-4-1,132.5
155593,4-3-1,261
155593,5-3-1,119.1
155593,6-3-1,419.4
155593,1-4-3,25.6
155593,2-4-3,837.3
155593,3-4-2,381.8
155593,4-3-2,914.3
155593,5-3-2,441.9
155593,6-3-2,1529
155593,1-4-5,28.7
155593,2-4-5,785
155593,3-4-5,164
155593,4-3-5,399.7
155593,5-3-4,415.7
155593,6-3-4,1318
155593,1-4-6,36.3
155593,2-4-6,1060
155593,3-4-6,242.5
155593,4-3-6,523.3
155593,5-3-6,244.2
155593,6-3-5,718.7
155593,1-5-2,33.6
155593,2-5-1,345.8
155593,3-5-1,70.9
155593,4-5-1,138.4
155593,5-4-1,207.5
155593,6-4-1,681.8
155593,1-5-3,12.8
155593,2-5-3,401
155593,3-5-2,202
155593,4-5-2,346.3
155593,5-4-2,691.7
155593,6-4-2,2538
155593,1-5-4,33.3
155593,2-5-4,467.9
155593,3-5-4,164.1
155593,4-5-3,334.6
155593,5-4-3,465.1
155593,6-4-3,1482
155593,1-5-6,19.4
155593,2-5-6,659.2
155593,3-5-6,132.3
155593,4-5-6,160.5
155593,5-4-6,258.8
155593,6-4-5,870.9
155593,1-6-2,48
155593,2-6-1,943.2
155593,3-6-1,156.2
155593,4-6-1,203.4
155593,5-6-1,122.4
155593,6-5-1,261.3
155593,1-6-3,27.2
155593,2-6-3,1205
155593,3-6-2,553.6
155593,4-6-2,745.7
155593,5-6-2,535
155593,6-5-2,1355
155593,1-6-4,55.8
155593,2-6-4,1668
155593,3-6-4,491
155593,4-6-3,664.7
155593,5-6-3,287.5
155593,6-5-3,568.1
155593,1-6-5,31.6
155593,2-6-5,1236
155593,3-6-5,254.6
155593,4-6-5,267.2
155593,5-6-4,386.7
155593,6-5-4,443.5
155594,1-2-3,17.4
155594,2-1-3,40
155594,3-1-2,255.7
155594,4-1-2,36.2
155594,5-1-2,67.9
155594,6-1-2,639.3
155594,1-2-4,6.7
155594,2-1-4,10.4
155594,3-1-4,344
155594,4-1-3,178
155594,5-1-3,262.8
155594,6-1-3,1330
155594,1-2-5,10.2
155594,2-1-5,14.9
155594,3-1-5,317.1
155594,4-1-5,45.7
155594,5-1-4,74.3
155594,6-1-4,576.1
155594,1-2-6,60.8
155594,2-1-6,71.3
155594,3-1-6,645.6
155594,4-1-6,143.3
155594,5-1-6,188.4
155594,6-1-5,943.8
155594,1-3-2,57
155594,2-3-1,138
155594,3-2-1,323.8
155594,4-2-1,43.9
155594,5-2-1,90.7
155594,6-2-1,865.5
155594,1-3-4,54
155594,2-3-4,166.6
155594,3-2-4,377.5
155594,4-2-3,289.7
155594,5-2-3,407.8
155594,6-2-3,1665
155594,1-3-5,91.3
155594,2-3-5,192
155594,3-2-5,403.6
155594,4-2-5,53.3
155594,5-2-4,103.5
155594,6-2-4,995.9
155594,1-3-6,223.4
155594,2-3-6,374.6
155594,3-2-6,832.7
155594,4-2-6,184.2
155594,5-2-6,329.2
155594,6-2-5,1376
155594,1-4-2,13.6
155594,2-4-1,24
155594,3-4-1,525.7
155594,4-3-1,450.4
155594,5-3-1,718.1
155594,6-3-1,2574
155594,1-4-3,40.7
155594,2-4-3,115.7
155594,3-4-2,552
155594,4-3-2,475.2
155594,5-3-2,795.9
155594,6-3-2,2791
155594,1-4-5,20.6
155594,2-4-5,32.6
155594,3-4-5,579.5
155594,4-3-5,496.7
155594,5-3-4,819
155594,6-3-4,3249
155594,1-4-6,84.8
155594,2-4-6,107.1
155594,3-4-6,1223
155594,4-3-6,1043
155594,5-3-6,1339
155594,6-3-5,3539
155594,1-5-2,24.5
155594,2-5-1,37.2
155594,3-5-1,645.6
155594,4-5-1,51.1
155594,5-4-1,98.1
155594,6-4-1,896.8
155594,1-5-3,96.5
155594,2-5-3,204.7
155594,3-5-2,662.8
155594,4-5-2,52.1
155594,5-4-2,107.2
155594,6-4-2,1254
155594,1-5-4,35.7
155594,2-5-4,57.4
155594,3-5-4,812.2
155594,4-5-3,357.7
155594,5-4-3,538.5
155594,6-4-3,2872
155594,1-5-6,117.6
155594,2-5-6,178.3
155594,3-5-6,1321
155594,4-5-6,138.7
155594,5-4-6,275.6
155594,6-4-5,1611
155594,1-6-2,227
155594,2-6-1,318.6
155594,3-6-1,1869
155594,4-6-1,349.5
155594,5-6-1,500.5
155594,6-5-1,1611
155594,1-6-3,434.6
155594,2-6-3,665
155594,3-6-2,1962
155594,4-6-2,397.1
155594,5-6-2,643.5
155594,6-5-2,1708
155594,1-6-4,275.6
155594,2-6-4,389.3
155594,3-6-4,2304
155594,4-6-3,1172
155594,5-6-3,1295
155594,6-5-3,2642
155594,1-6-5,323.3
155594,2-6-5,432.7
155594,3-6-5,1905
155594,4-6-5,441.4
155594,5-6-4,674.1
155594,6-5-4,1287
155595,1-2-3,25
155595,2-1-3,47.4
155595,3-1-2,24.4
155595,4-1-2,49.1
155595,5-1-2,873.3
155595,6-1-2,1105
155595,1-2-4,32.1
155595,2-1-4,47.7
155595,3-1-4,15.8
155595,4-1-3,45.5
155595,5-1-3,604.3
155595,6-1-3,906.5
155595,1-2-5,122.3
155595,2-1-5,165.2
155595,3-1-5,52.8
155595,4-1-5,69.4
155595,5-1-4,542.8
155595,6-1-4,809.9
155595,1-2-6,134.1
155595,2-1-6,174.1
155595,3-1-6,53.1
155595,4-1-6,64.8
155595,5-1-6,866.9
155595,6-1-5,1566
155595,1-3-2,21
155595,2-3-1,63.2
155595,3-2-1,41.4
155595,4-2-1,65.9
155595,5-2-1,1244
155595,6-2-1,1507
155595,1-3-4,15.6
155595,2-3-4,47.3
155595,3-2-4,28.3
155595,4-2-3,62.9
155595,5-2-3,797.2
155595,6-2-3,1047
155595,1-3-5,60.5
155595,2-3-5,112.9
155595,3-2-5,76.7
155595,4-2-5,81.8
155595,5-2-4,651.7
155595,6-2-4,1050
155595,1-3-6,63
155595,2-3-6,122.7
155595,3-2-6,74
155595,4-2-6,73.6
155595,5-2-6,1000
155595,6-2-5,1638
155595,1-4-2,32.3
155595,2-4-1,77.6
155595,3-4-1,19.1
155595,4-3-1,49.3
155595,5-3-1,681.6
155595,6-3-1,927.7
155595,1-4-3,30
155595,2-4-3,67.8
155595,3-4-2,22.2
155595,4-3-2,57
155595,5-3-2,721.5
155595,6-3-2,886.3
155595,1-4-5,80.9
155595,2-4-5,137.7
155595,3-4-5,31.8
155595,4-3-5,54.4
155595,5-3-4,519.9
155595,6-3-4,620.1
155595,1-4-6,84.1
155595,2-4-6,141.1
155595,3-4-6,29.6
155595,4-3-6,50.7
155595,5-3-6,756.7
155595,6-3-5,1017
155595,1-5-2,271
155595,2-5-1,517.6
155595,3-5-1,118.4
155595,4-5-1,79.6
155595,5-4-1,521.4
155595,6-4-1,718.6
155595,1-5-3,212.8
155595,2-5-3,355
155595,3-5-2,135.7
155595,4-5-2,78.2
155595,5-4-2,483.3
155595,6-4-2,781.5
155595,1-5-4,235.9
155595,2-5-4,339.2
155595,3-5-4,85.6
155595,4-5-3,80.2
155595,5-4-3,447.5
155595,6-4-3,649.4
155595,1-5-6,320.6
155595,2-5-6,586.5
155595,3-5-6,96.4
155595,4-5-6,53.5
155595,5-4-6,268.7
155595,6-4-5,494
155595,1-6-2,286.4
155595,2-6-1,566.9
155595,3-6-1,127.1
155595,4-6-1,108.4
155595,5-6-1,944.9
155595,6-5-1,1594
155595,1-6-3,251.8
155595,2-6-3,364.4
155595,3-6-2,135.5
155595,4-6-2,106.8
155595,5-6-2,927.7
155595,6-5-2,1552
155595,1-6-4,266.9
155595,2-6-4,422.2
155595,3-6-4,84.2
155595,4-6-3,105.7
155595,5-6-3,884.1
155595,6-5-3,1294
155595,1-6-5,358.9
155595,2-6-5,686.8
155595,3-6-5,123.2
155595,4-6-5,85.9
155595,5-6-4,483.9
155595,6-5-4,690.8
155596,1-2-3,8.3
155596,2-1-3,24.9
155596,3-1-2,29.9
155596,4-1-2,324.8
155596,5-1-2,36.6
155596,6-1-2,808.6
155596,1-2-4,33.9
155596,2-1-4,96
155596,3-1-4,86.8
155596,4-1-3,372.7
155596,5-1-3,42.1
155596,6-1-3,940.5
155596,1-2-5,9.9
155596,2-1-5,27.2
155596,3-1-5,26.1
155596,4-1-5,239.1
155596,5-1-4,146.3
155596,6-1-4,1508
155596,1-2-6,99
155596,2-1-6,200.5
155596,3-1-6,140.4
155596,4-1-6,548.2
155596,5-1-6,107.2
155596,6-1-5,1075
155596,1-3-2,11.6
155596,2-3-1,42.8
155596,3-2-1,41.6
155596,4-2-1,353.4
155596,5-2-1,57.6
155596,6-2-1,1270
155596,1-3-4,49
155596,2-3-4,125.8
155596,3-2-4,135
155596,4-2-3,500.6
155596,5-2-3,69.2
155596,6-2-3,1262
155596,1-3-5,12.1
155596,2-3-5,39.9
155596,3-2-5,43
155596,4-2-5,394.3
155596,5-2-4,236.1
155596,6-2-4,2470
155596,1-3-6,97.2
155596,2-3-6,208.3
155596,3-2-6,192.9
155596,4-2-6,899.1
155596,5-2-6,196.1
155596,6-2-5,1284
155596,1-4-2,104.3
155596,2-4-1,265
155596,3-4-1,200.3
155596,4-3-1,491.8
155596,5-3-1,68.2
155596,6-3-1,1152
155596,1-4-3,128.6
155596,2-4-3,249.7
155596,3-4-2,238.3
155596,4-3-2,532.6
155596,5-3-2,76.1
155596,6-3-2,1314
155596,1-4-5,97.3
155596,2-4-5,235.1
155596,3-4-5,168.5
155596,4-3-5,467.3
155596,5-3-4,267.2
155596,6-3-4,1812
155596,1-4-6,282.4
155596,2-4-6,536.4
155596,3-4-6,468.3
155596,4-3-6,910
155596,5-3-6,216.7
155596,6-3-5,1195
155596,1-5-2,15.6
155596,2-5-1,50.7
155596,3-5-1,42.5
155596,4-5-1,207.3
155596,5-4-1,237.1
155596,6-4-1,1842
155596,1-5-3,18.2
155596,2-5-3,53.9
155596,3-5-2,47.8
155596,4-5-2,298.1
155596,5-4-2,372.7
155596,6-4-2,2443
155596,1-5-4,75.5
155596,2-5-4,170
155596,3-5-4,121.8
155596,4-5-3,399.2
155596,5-4-3,443.3
155596,6-4-3,2881
155596,1-5-6,86.7
155596,2-5-6,218
155596,3-5-6,124
155596,4-5-6,469.2
155596,5-4-6,545.6
155596,6-4-5,2203
155596,1-6-2,282.7
155596,2-6-1,633.2
155596,3-6-1,424.9
155596,4-6-1,874.6
155596,5-6-1,203.6
155596,6-5-1,1112
155596,1-6-3,290.8
155596,2-6-3,486.5
155596,3-6-2,387.5
155596,4-6-2,1170
155596,5-6-2,297.3
155596,6-5-2,1215
155596,1-6-4,439
155596,2-6-4,832.5
155596,3-6-4,698.1
155596,4-6-3,1330
155596,5-6-3,325.3
155596,6-5-3,1096
155596,1-6-5,285.6
155596,2-6-5,461.5
155596,3-6-5,338.5
155596,4-6-5,994.6
155596,5-6-4,638.6
155596,6-5-4,1404
155597,1-2-3,28
155597,2-1-3,145.7
155597,3-1-2,125.3
155597,4-1-2,100.1
155597,5-1-2,186.8
155597,6-1-2,608.2
155597,1-2-4,21.6
155597,2-1-4,134.9
155597,3-1-4,50.6
155597,4-1-3,65.6
155597,5-1-3,132.4
155597,6-1-3,736.6
155597,1-2-5,30.1
155597,2-1-5,170.3
155597,3-1-5,55.9
155597,4-1-5,42.7
155597,5-1-4,91.9
155597,6-1-4,374.7
155597,1-2-6,46.9
155597,2-1-6,242.9
155597,3-1-6,123.5
155597,4-1-6,62.3
155597,5-1-6,109.3
155597,6-1-5,452.3
155597,1-3-2,25.4
155597,2-3-1,297.9
155597,3-2-1,263
155597,4-2-1,235.1
155597,5-2-1,400.9
155597,6-2-1,1310
155597,1-3-4,11.1
155597,2-3-4,289.3
155597,3-2-4,270.7
155597,4-2-3,362.9
155597,5-2-3,664.9
155597,6-2-3,1622
155597,1-3-5,16.4
155597,2-3-5,367
155597,3-2-5,286.7
155597,4-2-5,240.7
155597,5-2-4,445.4
155597,6-2-4,991.2
155597,1-3-6,36.6
155597,2-3-6,518
155597,3-2-6,393.5
155597,4-2-6,232
155597,5-2-6,411.2
155597,6-2-5,988.2
155597,1-4-2,20.8
155597,2-4-1,256.1
155597,3-4-1,76.3
155597,4-3-1,104.8
155597,5-3-1,227.6
155597,6-3-1,1259
155597,1-4-3,13.6
155597,2-4-3,340.2
155597,3-4-2,175.3
155597,4-3-2,270.3
155597,5-3-2,548
155597,6-3-2,1355
155597,1-4-5,12.1
155597,2-4-5,263.2
155597,3-4-5,73.4
155597,4-3-5,108.3
155597,5-3-4,226.6
155597,6-3-4,840.7
155597,1-4-6,18.7
155597,2-4-6,329
155597,3-4-6,100.2
155597,4-3-6,119.9
155597,5-3-6,322.4
155597,6-3-5,1053
155597,1-5-2,34.7
155597,2-5-1,369.5
155597,3-5-1,120.9
155597,4-5-1,59
155597,5-4-1,122.8
155597,6-4-1,446
155597,1-5-3,29
155597,2-5-3,493.3
155597,3-5-2,277.3
155597,4-5-2,141.7
155597,5-4-2,271
155597,6-4-2,897.1
155597,1-5-4,22.1
155597,2-5-4,370
155597,3-5-4,123.4
155597,4-5-3,111.9
155597,5-4-3,188.8
155597,6-4-3,838.5
155597,1-5-6,30.7
155597,2-5-6,407
155597,3-5-6,189.2
155597,4-5-6,46.9
155597,5-4-6,99.3
155597,6-4-5,344.6
155597,1-6-2,98.4
155597,2-6-1,775.7
155597,3-6-1,352.9
155597,4-6-1,130.5
155597,5-6-1,178.9
155597,6-5-1,475
155597,1-6-3,100.3
155597,2-6-3,836.3
155597,3-6-2,567.4
155597,4-6-2,211.2
155597,5-6-2,362
155597,6-5-2,863.3
155597,1-6-4,60.4
155597,2-6-4,575.5
155597,3-6-4,306.1
155597,4-6-3,177
155597,5-6-3,361.2
155597,6-5-3,928.2
155597,1-6-5,79.1
155597,2-6-5,620
155597,3-6-5,341.3
155597,4-6-5,100.8
155597,5-6-4,177.2
155597,6-5-4,341.3
155598,1-2-3,11.2
155598,2-1-3,102.2
155598,3-1-2,168
155598,4-1-2,50.1
155598,5-1-2,200.8
155598,6-1-2,165.6
155598,1-2-4,8.4
155598,2-1-4,61.8
155598,3-1-4,85.6
155598,4-1-3,80.1
155598,5-1-3,443
155598,6-1-3,415.5
155598,1-2-5,27.8
155598,2-1-5,133.3
155598,3-1-5,225.6
155598,4-1-5,69
155598,5-1-4,175.1
155598,6-1-4,153.2
155598,1-2-6,14.2
155598,2-1-6,106.1
155598,3-1-6,162.3
155598,4-1-6,42.8
155598,5-1-6,169.2
155598,6-1-5,294.6
155598,1-3-2,19.9
155598,2-3-1,368.1
155598,3-2-1,356.8
155598,4-2-1,121.1
155598,5-2-1,410.3
155598,6-2-1,280.2
155598,1-3-4,17.1
155598,2-3-4,443
155598,3-2-4,446.2
155598,4-2-3,381.7
155598,5-2-3,1197
155598,6-2-3,1338
155598,1-3-5,49
155598,2-3-5,956.3
155598,3-2-5,769.1
155598,4-2-5,299.2
155598,5-2-4,611.6
155598,6-2-4,489.1
155598,1-3-6,30.1
155598,2-3-6,503.4
155598,3-2-6,521.6
155598,4-2-6,173.6
155598,5-2-6,523.9
155598,6-2-5,931.6
155598,1-4-2,9.9
155598,2-4-1,150.9
155598,3-4-1,134.7
155598,4-3-1,159.6
155598,5-3-1,810.5
155598,6-3-1,757.8
155598,1-4-3,16.7
155598,2-4-3,478.1
155598,3-4-2,349.6
155598,4-3-2,419.8
155598,5-3-2,1417
155598,6-3-2,1246
155598,1-4-5,22.5
155598,2-4-5,505.5
155598,3-4-5,418.8
155598,4-3-5,441.9
155598,5-3-4,1072
155598,6-3-4,946.3
155598,1-4-6,11.6
155598,2-4-6,226
155598,3-4-6,253.8
155598,4-3-6,298
155598,5-3-6,1015
155598,6-3-5,1499
155598,1-5-2,45.2
155598,2-5-1,471.3
155598,3-5-1,573.8
155598,4-5-1,112.4
155598,5-4-1,232.4
155598,6-4-1,237.6
155598,1-5-3,76.3
155598,2-5-3,1379
155598,3-5-2,969.1
155598,4-5-2,251.2
155598,5-4-2,514.2
155598,6-4-2,478.1
155598,1-5-4,45.1
155598,2-5-4,856.6
155598,3-5-4,792.7
155598,4-5-3,440.3
155598,5-4-3,929.2
155598,6-4-3,953.8
155598,1-5-6,51.9
155598,2-5-6,814.1
155598,3-5-6,875.2
155598,4-5-6,122
155598,5-4-6,270.1
155598,6-4-5,511.3
155598,1-6-2,31
155598,2-6-1,296.3
155598,3-6-1,400.3
155598,4-6-1,80.6
155598,5-6-1,275.1
155598,6-5-1,393.7
155598,1-6-3,76
155598,2-6-3,915.1
155598,3-6-2,687.2
155598,4-6-2,146.3
155598,5-6-2,530.8
155598,6-5-2,892.5
155598,1-6-4,30.1
155598,2-6-4,379.7
155598,3-6-4,478.1
155598,4-6-3,315.7
155598,5-6-3,1026
155598,6-5-3,1512
155598,1-6-5,69
155598,2-6-5,1009
155598,3-6-5,803.3
155598,4-6-5,148.3
155598,5-6-4,376.1
155598,6-5-4,485.2
155635,1-2-3,4.6
155635,2-1-3,26
155635,3-1-2,50.9
155635,4-1-2,118.5
155635,5-1-2,577.6
155635,6-1-2,1216
155635,1-2-4,5.5
155635,2-1-4,46.9
155635,3-1-4,45.4
155635,4-1-3,173.7
155635,5-1-3,698.1
155635,6-1-3,1574
155635,1-2-5,21.2
155635,2-1-5,106.3
155635,3-1-5,104.6
155635,4-1-5,241.8
155635,5-1-4,772
155635,6-1-4,1544
155635,1-2-6,69.2
155635,2-1-6,311.2
155635,3-1-6,274
155635,4-1-6,504.9
155635,5-1-6,1147
155635,6-1-5,4460
155635,1-3-2,6.5
155635,2-3-1,88.1
155635,3-2-1,114
155635,4-2-1,225.5
155635,5-2-1,1235
155635,6-2-1,3649
155635,1-3-4,7.2
155635,2-3-4,154.7
155635,3-2-4,130.3
155635,4-2-3,418.1
155635,5-2-3,1824
155635,6-2-3,2973
155635,1-3-5,19.1
155635,2-3-5,291.9
155635,3-2-5,311.2
155635,4-2-5,632.2
155635,5-2-4,1459
155635,6-2-4,2867
155635,1-3-6,70.3
155635,2-3-6,716.8
155635,3-2-6,637.2
155635,4-2-6,1130
155635,5-2-6,2007
155635,6-2-5,4225
155635,1-4-2,12.1
155635,2-4-1,145.1
155635,3-4-1,93.1
155635,4-3-1,269.4
155635,5-3-1,1254
155635,6-3-1,2676
155635,1-4-3,16.6
155635,2-4-3,209
155635,3-4-2,139.8
155635,4-3-2,420.3
155635,5-3-2,1867
155635,6-3-2,3649
155635,1-4-5,41.1
155635,2-4-5,389.7
155635,3-4-5,241.8
155635,4-3-5,704.3
155635,5-3-4,2112
155635,6-3-4,2867
155635,1-4-6,90
155635,2-4-6,827.7
155635,3-4-6,477.9
155635,4-3-6,1070
155635,5-3-6,3490
155635,6-3-5,5352
155635,1-5-2,73
155635,2-5-1,553.7
155635,3-5-1,508.1
155635,4-5-1,477.9
155635,5-4-1,1274
155635,6-4-1,3345
155635,1-5-3,87
155635,2-5-3,704.3
155635,3-5-2,757.4
155635,4-5-2,779.5
155635,5-4-2,1672
155635,6-4-2,2361
155635,1-5-4,110.2
155635,2-5-4,736.6
155635,3-5-4,542.5
155635,4-5-3,1254
155635,5-4-3,2294
155635,6-4-3,4460
155635,1-5-6,274
155635,2-5-6,1638
155635,3-5-6,1408
155635,4-5-6,1459
155635,5-4-6,2867
155635,6-4-5,4014
155635,1-6-2,259
155635,2-6-1,1708
155635,3-6-1,1056
155635,4-6-1,1274
155635,5-6-1,2294
155635,6-5-1,7299
155635,1-6-3,298.4
155635,2-6-3,1745
155635,3-6-2,1198
155635,4-6-2,1408
155635,5-6-2,1672
155635,6-5-2,4014
155635,1-6-4,301.8
155635,2-6-4,1574
155635,3-6-4,1099
155635,4-6-3,2509
155635,5-6-3,3649
155635,6-5-3,4460
155635,1-6-5,514.6
155635,2-6-5,3490
155635,3-6-5,1958
155635,4-6-5,2676
155635,5-6-4,3823
155635,6-5-4,5735
155636,1-2-3,14
155636,2-1-3,52.5
155636,3-1-2,72.1
155636,4-1-2,61
155636,5-1-2,99.6
155636,6-1-2,866
155636,1-2-4,16.3
155636,2-1-4,52.7
155636,3-1-4,31.3
155636,4-1-3,42.4
155636,5-1-3,96
155636,6-1-3,1202
155636,1-2-5,21
155636,2-1-5,54.9
155636,3-1-5,41.7
155636,4-1-5,42.6
155636,5-1-4,95.6
155636,6-1-4,1237
155636,1-2-6,106.9
155636,2-1-6,379.8
155636,3-1-6,219.7
155636,4-1-6,162.1
155636,5-1-6,336.9
155636,6-1-5,1882
155636,1-3-2,16.2
155636,2-3-1,139.4
155636,3-2-1,141.5
155636,4-2-1,106.1
155636,5-2-1,176.7
155636,6-2-1,1603
155636,1-3-4,7.8
155636,2-3-4,215.9
155636,3-2-4,206.1
155636,4-2-3,210.1
155636,5-2-3,325.5
155636,6-2-3,1842
155636,1-3-5,12.7
155636,2-3-5,171.1
155636,3-2-5,167.8
155636,4-2-5,139
155636,5-2-4,395.4
155636,6-2-4,1968
155636,1-3-6,102.2
155636,2-3-6,866
155636,3-2-6,1006
155636,4-2-6,460.6
155636,5-2-6,921.2
155636,6-2-5,2886
155636,1-4-2,19.4
155636,2-4-1,139.2
155636,3-4-1,50.2
155636,4-3-1,62
155636,5-3-1,195.4
155636,6-3-1,2220
155636,1-4-3,11.9
155636,2-4-3,237.9
155636,3-4-2,142.6
155636,4-3-2,170.1
155636,5-3-2,363.8
155636,6-3-2,2405
155636,1-4-5,17.6
155636,2-4-5,260.8
155636,3-4-5,62.9
155636,4-3-5,86.6
155636,5-3-4,235.3
155636,6-3-4,2793
155636,1-4-6,105.7
155636,2-4-6,715.7
155636,3-4-6,224.3
155636,4-3-6,254.7
155636,5-3-6,661
155636,6-3-5,2793
155636,1-5-2,34.2
155636,2-5-1,157.1
155636,3-5-1,85.2
155636,4-5-1,61.1
155636,5-4-1,116.5
155636,6-4-1,1292
155636,1-5-3,29.5
155636,2-5-3,257.7
155636,3-5-2,207.1
155636,4-5-2,103.5
155636,5-4-2,192
155636,6-4-2,1255
155636,1-5-4,40.2
155636,2-5-4,320.7
155636,3-5-4,101.8
155636,4-5-3,99
155636,5-4-3,210.7
155636,6-4-3,1804
155636,1-5-6,172.5
155636,2-5-6,911.5
155636,3-5-6,363.8
155636,4-5-6,178.1
155636,5-4-6,345
155636,6-4-5,2061
155636,1-6-2,360.8
155636,2-6-1,1332
155636,3-6-1,809.3
155636,4-6-1,439.5
155636,5-6-1,641.4
155636,6-5-1,2278
155636,1-6-3,335.6
155636,2-6-3,1467
155636,3-6-2,1056
155636,4-6-2,809.3
155636,5-6-2,1139
155636,6-5-2,3207
155636,1-6-4,414.3
155636,2-6-4,1633
155636,3-6-4,911.5
155636,4-6-3,902
155636,5-6-3,1110
155636,6-5-3,2986
155636,1-6-5,386.6
155636,2-6-5,1519
155636,3-6-5,883.6
155636,4-6-5,414.3
155636,5-6-4,809.3
155636,6-5-4,2165
155637,1-2-3,9.6
155637,2-1-3,34.5
155637,3-1-2,33.7
155637,4-1-2,107.9
155637,5-1-2,690.5
155637,6-1-2,340.6
155637,1-2-4,11.5
155637,2-1-4,38.1
155637,3-1-4,25.3
155637,4-1-3,94
155637,5-1-3,705
155637,6-1-3,271.7
155637,1-2-5,44.2
155637,2-1-5,110
155637,3-1-5,73.4
155637,4-1-5,158.5
155637,5-1-4,715
155637,6-1-4,522.4
155637,1-2-6,20.9
155637,2-1-6,68.8
155637,3-1-6,44.5
155637,4-1-6,91.3
155637,5-1-6,413.2
155637,6-1-5,908.3
155637,1-3-2,8.8
155637,2-3-1,81.4
155637,3-2-1,83.2
155637,4-2-1,195.7
155637,5-2-1,1107
155637,6-2-1,579.4
155637,1-3-4,8.7
155637,2-3-4,91
155637,3-2-4,72.6
155637,4-2-3,216.3
155637,5-2-3,1575
155637,6-2-3,501.6
155637,1-3-5,37.8
155637,2-3-5,328.4
155637,3-2-5,244.1
155637,4-2-5,408.2
155637,5-2-4,1400
155637,6-2-4,547.9
155637,1-3-6,19.7
155637,2-3-6,155.5
155637,3-2-6,103.6
155637,4-2-6,199.6
155637,5-2-6,1061
155637,6-2-5,1800
155637,1-4-2,23.5
155637,2-4-1,128.9
155637,3-4-1,52.7
155637,4-3-1,124.9
155637,5-3-1,854.4
155637,6-3-1,456.2
155637,1-4-3,20.4
155637,2-4-3,137.7
155637,3-4-2,68.4
155637,4-3-2,167.7
155637,5-3-2,1172
155637,6-3-2,530.6
155637,1-4-5,67
155637,2-4-5,423.6
155637,3-4-5,118.4
155637,4-3-5,328.4
155637,5-3-4,1008
155637,6-3-4,509.2
155637,1-4-6,31.2
155637,2-4-6,184.3
155637,3-4-6,59.4
155637,4-3-6,162.3
155637,5-3-6,1072
155637,6-3-5,1527
155637,1-5-2,96.7
155637,2-5-1,715
155637,3-5-1,314
155637,4-5-1,264.6
155637,5-4-1,1292
155637,6-4-1,781.5
155637,1-5-3,117.6
155637,2-5-3,800.2
155637,3-5-2,332.7
155637,4-5-2,325.2
155637,5-4-2,1400
155637,6-4-2,579.4
155637,1-5-4,147.8
155637,2-5-4,925
155637,3-5-4,309.2
155637,4-5-3,377.6
155637,5-4-3,1440
155637,6-4-3,596.6
155637,1-5-6,110.6
155637,2-5-6,735.9
155637,3-5-6,225.5
155637,4-5-6,201.2
155637,5-4-6,781.5
155637,6-4-5,1095
155637,1-6-2,67
155637,2-6-1,358.8
155637,3-6-1,145.9
155637,4-6-1,162.3
155637,5-6-1,951.1
155637,6-5-1,1260
155637,1-6-3,84.5
155637,2-6-3,387.7
155637,3-6-2,206.6
155637,4-6-2,185.6
155637,5-6-2,1260
155637,6-5-2,2100
155637,1-6-4,89.6
155637,2-6-4,379
155637,3-6-4,148.9
155637,4-6-3,230.7
155637,5-6-3,1381
155637,6-5-3,1800
155637,1-6-5,146.7
155637,2-6-5,854.4
155637,3-6-5,338.3
155637,4-6-5,247.7
155637,5-6-4,1132
155637,6-5-4,1400
155638,1-2-3,25
155638,2-1-3,69.1
155638,3-1-2,75.3
155638,4-1-2,109
155638,5-1-2,94.1
155638,6-1-2,1653
155638,1-2-4,24.1
155638,2-1-4,61.2
155638,3-1-4,29
155638,4-1-3,61.6
155638,5-1-3,54.4
155638,6-1-3,3255
155638,1-2-5,31.8
155638,2-1-5,77.6
155638,3-1-5,25.5
155638,4-1-5,41.1
155638,5-1-4,47.4
155638,6-1-4,3592
155638,1-2-6,236.2
155638,2-1-6,680.9
155638,3-1-6,358
155638,4-1-6,451
155638,5-1-6,286.2
155638,6-1-5,3472
155638,1-3-2,24.9
155638,2-3-1,128.4
155638,3-2-1,126.5
155638,4-2-1,148.8
155638,5-2-1,157.1
155638,6-2-1,2604
155638,1-3-4,10
155638,2-3-4,151.8
155638,3-2-4,113.9
155638,4-2-3,209.2
155638,5-2-3,217.9
155638,6-2-3,3360
155638,1-3-5,11.2
155638,2-3-5,186.3
155638,3-2-5,139.6
155638,4-2-5,159.5
155638,5-2-4,179.6
155638,6-2-4,4167
155638,1-3-6,273.4
155638,2-3-6,1370
155638,3-2-6,801.3
155638,4-2-6,1085
155638,5-2-6,913.8
155638,6-2-5,4529
155638,1-4-2,26.2
155638,2-4-1,111.6
155638,3-4-1,42.9
155638,4-3-1,70.8
155638,5-3-1,72.7
155638,6-3-1,4340
155638,1-4-3,16.2
155638,2-4-3,169.9
155638,3-4-2,114.9
155638,4-3-2,168.8
155638,5-3-2,162.7
155638,6-3-2,4167
155638,1-4-5,15.8
155638,2-4-5,147.5
155638,3-4-5,30.4
155638,4-3-5,53.4
155638,5-3-4,66.8
155638,6-3-4,5209
155638,1-4-6,280
155638,2-4-6,1427
155638,3-4-6,353.1
155638,4-3-6,443.3
155638,5-3-6,411.7
155638,6-3-5,4735
155638,1-5-2,42.1
155638,2-5-1,171.3
155638,3-5-1,40.7
155638,4-5-1,40.5
155638,5-4-1,54.4
155638,6-4-1,4529
155638,1-5-3,20.9
155638,2-5-3,263
155638,3-5-2,90.9
155638,4-5-2,99.6
155638,5-4-2,136.9
155638,6-4-2,5209
155638,1-5-4,24.8
155638,2-5-4,201.5
155638,3-5-4,36.5
155638,4-5-3,49
155638,5-4-3,61.9
155638,6-4-3,4961
155638,1-5-6,327.6
155638,2-5-6,1286
155638,3-5-6,270.6
155638,4-5-6,177.7
155638,5-4-6,255.9
155638,6-4-5,2741
155638,1-6-2,513.2
155638,2-6-1,2315
155638,3-6-1,1446
155638,4-6-1,1031
155638,5-6-1,882.8
155638,6-5-1,3592
155638,1-6-3,566.2
155638,2-6-3,3157
155638,3-6-2,2003
155638,4-6-2,1707
155638,5-6-2,1680
155638,6-5-2,5483
155638,1-6-4,616.4
155638,2-6-4,2741
155638,3-6-4,1255
155638,4-6-3,1144
155638,5-6-3,1627
155638,6-5-3,4735
155638,1-6-5,537
155638,2-6-5,2264
155638,3-6-5,1096
155638,4-6-5,766
155638,5-6-4,964.6
155638,6-5-4,3360
155639,1-2-3,4.3
155639,2-1-3,39
155639,3-1-2,112.1
155639,4-1-2,90.2
155639,5-1-2,634.9
155639,6-1-2,354.4
155639,1-2-4,4.7
155639,2-1-4,29.5
155639,3-1-4,108.5
155639,4-1-3,174.1
155639,5-1-3,1014
155639,6-1-3,582
155639,1-2-5,34.5
155639,2-1-5,158.3
155639,3-1-5,287.4
155639,4-1-5,176.6
155639,5-1-4,751.5
155639,6-1-4,388
155639,1-2-6,23.6
155639,2-1-6,115.6
155639,3-1-6,297.5
155639,4-1-6,220.7
155639,5-1-6,1152
155639,6-1-5,807.7
155639,1-3-2,6.9
155639,2-3-1,201.9
155639,3-2-1,246.8
155639,4-2-1,167.4
155639,5-2-1,913.3
155639,6-2-1,624.9
155639,1-3-4,11
155639,2-3-4,331.6
155639,3-2-4,433.3
155639,4-2-3,460.2
155639,5-2-3,2158
155639,6-2-3,1041
155639,1-3-5,32.6
155639,2-3-5,678.4
155639,3-2-5,1050
155639,4-2-5,434.9
155639,5-2-4,1696
155639,6-2-4,949.8
155639,1-3-6,33.5
155639,2-3-6,776
155639,3-2-6,1089
155639,4-2-6,565.4
155639,5-2-6,2283
155639,6-2-5,1109
155639,1-4-2,10.5
155639,2-4-1,157.2
155639,3-4-1,287.4
155639,4-3-1,359.8
155639,5-3-1,1448
155639,6-3-1,1542
155639,1-4-3,17.6
155639,2-4-3,327
155639,3-4-2,576.3
155639,4-3-2,690.3
155639,5-3-2,2526
155639,6-3-2,1826
155639,1-4-5,40.5
155639,2-4-5,458.4
155639,3-4-5,920.4
155639,4-3-5,1060
155639,5-3-4,2526
155639,6-3-4,2423
155639,1-4-6,31.9
155639,2-4-6,516.2
155639,3-4-6,771
155639,4-3-6,1211
155639,5-3-6,3298
155639,6-3-5,3492
155639,1-5-2,95.6
155639,2-5-1,645.3
155639,3-5-1,873
155639,4-5-1,276.1
155639,5-4-1,813.2
155639,6-4-1,1187
155639,1-5-3,118.5
155639,2-5-3,1304
155639,3-5-2,1430
155639,4-5-2,460.2
155639,5-4-2,1448
155639,6-4-2,1915
155639,1-5-4,115.7
155639,2-5-4,981.2
155639,3-5-4,1430
155639,4-5-3,791.5
155639,5-4-3,2526
155639,6-4-3,2423
155639,1-5-6,141.3
155639,2-5-6,1946
155639,3-5-6,1626
155639,4-5-6,395.7
155639,5-4-6,920.4
155639,6-4-5,1175
155639,1-6-2,75.1
155639,2-6-1,576.3
155639,3-6-1,1164
155639,4-6-1,425.5
155639,5-6-1,2120
155639,6-5-1,2698
155639,1-6-3,104.7
155639,2-6-3,1396
155639,3-6-2,1915
155639,4-6-2,761.1
155639,5-6-2,3710
155639,6-5-2,3392
155639,1-6-4,98.2
155639,2-6-4,1023
155639,3-6-4,1542
155639,4-6-3,1032
155639,5-6-3,4094
155639,6-5-3,4240
155639,1-6-5,188.1
155639,2-6-5,1626
155639,3-6-5,2423
155639,4-6-5,549.7
155639,5-6-4,1304
155639,6-5-4,1364
155640,1-2-3,52
155640,2-1-3,199.5
155640,3-1-2,1388
155640,4-1-2,38.9
155640,5-1-2,56
155640,6-1-2,486.3
155640,1-2-4,9
155640,2-1-4,31.2
155640,3-1-4,1020
155640,4-1-3,282.6
155640,5-1-3,318.8
155640,6-1-3,1044
155640,1-2-5,11.3
155640,2-1-5,38.6
155640,3-1-5,933.4
155640,4-1-5,23
155640,5-1-4,40.5
155640,6-1-4,465.7
155640,1-2-6,54.5
155640,2-1-6,103.3
155640,3-1-6,1424
155640,4-1-6,58.5
155640,5-1-6,76.9
155640,6-1-5,399.5
155640,1-3-2,153.8
155640,2-3-1,685.4
155640,3-2-1,1754
155640,4-2-1,60.3
155640,5-2-1,106.3
155640,6-2-1,870.4
155640,1-3-4,131.3
155640,2-3-4,1160
155640,3-2-4,1941
155640,4-2-3,516.1
155640,5-2-3,614.4
155640,6-2-3,1798
155640,1-3-5,133.7
155640,2-3-5,1049
155640,3-2-5,2580
155640,4-2-5,46
155640,5-2-4,130.8
155640,6-2-4,800.5
155640,1-3-6,181.2
155640,2-3-6,1075
155640,3-2-6,941.4
155640,4-2-6,117.2
155640,5-2-6,161.7
155640,6-2-5,873.9
155640,1-4-2,11.4
155640,2-4-1,62.8
155640,3-4-1,1544
155640,4-3-1,970.6
155640,5-3-1,1096
155640,6-3-1,2215
155640,1-4-3,83.5
155640,2-4-3,541.6
155640,3-4-2,3133
155640,4-3-2,1179
155640,5-3-2,1370
155640,6-3-2,2964
155640,1-4-5,9.7
155640,2-4-5,63.9
155640,3-4-5,1783
155640,4-3-5,764.3
155640,5-3-4,1290
155640,6-3-4,3717
155640,1-4-6,40.7
155640,2-4-6,187.4
155640,3-4-6,2642
155640,4-3-6,902.7
155640,5-3-6,1166
155640,6-3-5,3655
155640,1-5-2,15.8
155640,2-5-1,94.2
155640,3-5-1,1858
155640,4-5-1,21.2
155640,5-4-1,37.7
155640,6-4-1,458.9
155640,1-5-3,90.6
155640,2-5-3,728.7
155640,3-5-2,2410
155640,4-5-2,40.2
155640,5-4-2,71.8
155640,6-4-2,614.4
155640,1-5-4,14.5
155640,2-5-4,95.1
155640,3-5-4,1798
155640,4-5-3,225.9
155640,5-4-3,448.5
155640,6-4-3,1601
155640,1-5-6,43.2
155640,2-5-6,226.6
155640,3-5-6,2215
155640,4-5-6,27.4
155640,5-4-6,54.4
155640,6-4-5,323.5
155640,1-6-2,130
155640,2-6-1,404.7
155640,3-6-1,2309
155640,4-6-1,88.1
155640,5-6-1,137.7
155640,6-5-1,430.1
155640,1-6-3,269.1
155640,2-6-3,1148
155640,3-6-2,3046
155640,4-6-2,170.1
155640,5-6-2,196.9
155640,6-5-2,741
155640,1-6-4,104.8
155640,2-6-4,420.2
155640,3-6-4,3374
155640,4-6-3,604.2
155640,5-6-3,687.6
155640,6-5-3,1924
155640,1-6-5,102.9
155640,2-6-5,441.3
155640,3-6-5,3374
155640,4-6-5,76
155640,5-6-4,120.9
155640,6-5-4,342.7
155641,1-2-3,35.2
155641,2-1-3,68.9
155641,3-1-2,145.7
155641,4-1-2,343.5
155641,5-1-2,17.7
155641,6-1-2,995.5
155641,1-2-4,53.2
155641,2-1-4,90.4
155641,3-1-4,131.2
155641,4-1-3,440.7
155641,5-1-3,27.1
155641,6-1-3,1052
155641,1-2-5,14.3
155641,2-1-5,19.7
155641,3-1-5,48.4
155641,4-1-5,116.7
155641,5-1-4,43.7
155641,6-1-4,1590
155641,1-2-6,93.6
155641,2-1-6,120.2
155641,3-1-6,179.7
155641,4-1-6,436.8
155641,5-1-6,24.5
155641,6-1-5,578.4
155641,1-3-2,52.6
155641,2-3-1,147.8
155641,3-2-1,206.7
155641,4-2-1,414.5
155641,5-2-1,25.9
155641,6-2-1,1463
155641,1-3-4,69.5
155641,2-3-4,274
155641,3-2-4,244.3
155641,4-2-3,706.9
155641,5-2-3,64.4
155641,6-2-3,1852
155641,1-3-5,22.5
155641,2-3-5,72.4
155641,3-2-5,93.2
155641,4-2-5,176.3
155641,5-2-4,75.2
155641,6-2-4,2523
155641,1-3-6,127.9
155641,2-3-6,331.8
155641,3-2-6,350.9
155641,4-2-6,703.5
155641,5-2-6,54.2
155641,6-2-5,728
155641,1-4-2,100
155641,2-4-1,230.4
155641,3-4-1,251.8
155641,4-3-1,486.1
155641,5-3-1,51.3
155641,6-3-1,1161
155641,1-4-3,111.7
155641,2-4-3,404.2
155641,3-4-2,467.5
155641,4-3-2,881.5
155641,5-3-2,85.5
155641,6-3-2,2251
155641,1-4-5,65.1
155641,2-4-5,105.9
155641,3-4-5,132.9
155641,4-3-5,222
155641,5-3-4,125.7
155641,6-3-4,1626
155641,1-4-6,191
155641,2-4-6,544
155641,3-4-6,356
155641,4-3-6,653.3
155641,5-3-6,67.1
155641,6-3-5,1100
155641,1-5-2,12.9
155641,2-5-1,26.9
155641,3-5-1,48.1
155641,4-5-1,89.6
155641,5-4-1,63.9
155641,6-4-1,2286
155641,1-5-3,17.5
155641,2-5-3,55.7
155641,3-5-2,70.8
155641,4-5-2,117.9
155641,5-4-2,81.3
155641,6-4-2,2567
155641,1-5-4,41.2
155641,2-5-4,69.9
155641,3-5-4,90.7
155641,4-5-3,164.2
155641,5-4-3,153.7
155641,6-4-3,1742
155641,1-5-6,30.6
155641,2-5-6,68.7
155641,3-5-6,83.1
155641,4-5-6,89.5
155641,5-4-6,60.9
155641,6-4-5,1092
155641,1-6-2,250.5
155641,2-6-1,453
155641,3-6-1,421.7
155641,4-6-1,687
155641,5-6-1,53.1
155641,6-5-1,530.2
155641,1-6-3,285.2
155641,2-6-3,742.8
155641,3-6-2,766.2
155641,4-6-2,975.6
155641,5-6-2,66.8
155641,6-5-2,576.1
155641,1-6-4,387.1
155641,2-6-4,956.5
155641,3-6-4,378.1
155641,4-6-3,786.7
155641,5-6-3,77.7
155641,6-5-3,845.9
155641,1-6-5,189.8
155641,2-6-5,197.2
155641,3-6-5,215.8
155641,4-6-5,260.8
155641,5-6-4,104.9
155641,6-5-4,841
155642,1-2-3,11.4
155642,2-1-3,81.2
155642,3-1-2,49
155642,4-1-2,141.4
155642,5-1-2,126.2
155642,6-1-2,1548
155642,1-2-4,16.4
155642,2-1-4,86.8
155642,3-1-4,25.5
155642,4-1-3,83.5
155642,5-1-3,97.4
155642,6-1-3,3217
155642,1-2-5,20
155642,2-1-5,93.7
155642,3-1-5,24.3
155642,4-1-5,89.2
155642,5-1-4,125.4
155642,6-1-4,2412
155642,1-2-6,163.3
155642,2-1-6,603.1
155642,3-1-6,281.3
155642,4-1-6,612
155642,5-1-6,342.8
155642,6-1-5,3136
155642,1-3-2,10.1
155642,2-3-1,228.5
155642,3-2-1,209.1
155642,4-2-1,263
155642,5-2-1,309
155642,6-2-1,3301
155642,1-3-4,6.3
155642,2-3-4,339
155642,3-2-4,298.7
155642,4-2-3,457.9
155642,5-2-3,678.1
155642,6-2-3,5974
155642,1-3-5,6.8
155642,2-3-5,411.3
155642,3-2-5,272.1
155642,4-2-5,403.4
155642,5-2-4,678.1
155642,6-2-4,5227
155642,1-3-6,123.6
155642,2-3-6,1960
155642,3-2-6,1036
155642,4-2-6,1394
155642,5-2-6,1695
155642,6-2-5,5974
155642,1-4-2,16.8
155642,2-4-1,240.3
155642,3-4-1,53.3
155642,4-3-1,143.5
155642,5-3-1,180.2
155642,6-3-1,5974
155642,1-4-3,12.4
155642,2-4-3,421
155642,3-4-2,245
155642,4-3-2,471.6
155642,5-3-2,630.4
155642,6-3-2,6970
155642,1-4-5,19.1
155642,2-4-5,363.6
155642,3-4-5,94.8
155642,4-3-5,218.5
155642,5-3-4,429.6
155642,6-3-4,4646
155642,1-4-6,156.8
155642,2-4-6,1493
155642,3-4-6,557.6
155642,4-3-6,1425
155642,5-3-6,1194
155642,6-3-5,4825
155642,1-5-2,25.5
155642,2-5-1,263
155642,3-5-1,60.4
155642,4-5-1,148.6
155642,5-4-1,263.5
155642,6-4-1,4825
155642,1-5-3,20.2
155642,2-5-3,545.5
155642,3-5-2,245
155642,4-5-2,362.6
155642,5-4-2,545.5
155642,6-4-2,9651
155642,1-5-4,32
155642,2-5-4,533.8
155642,3-5-4,137.4
155642,4-5-3,267.5
155642,5-4-3,456.2
155642,6-4-3,7841
155642,1-5-6,133.4
155642,2-5-6,1458
155642,3-5-6,484.4
155642,4-5-6,612
155642,5-4-6,1130
155642,6-4-5,5455
155642,1-6-2,495.9
155642,2-6-1,2460
155642,3-6-1,1280
155642,4-6-1,1588
155642,5-6-1,1293
155642,6-5-1,4047
155642,1-6-3,550.2
155642,2-6-3,3801
155642,3-6-2,2669
155642,4-6-2,1792
155642,5-6-2,2281
155642,6-5-2,6970
155642,1-6-4,480.7
155642,2-6-4,3217
155642,3-6-4,1818
155642,4-6-3,3217
155642,5-6-3,1991
155642,6-5-3,6603
155642,1-6-5,565.1
155642,2-6-5,2613
155642,3-6-5,2056
155642,4-6-5,1960
155642,5-6-4,1872
155642,6-5-4,4047
155643,1-2-3,6.8
155643,2-1-3,50.8
155643,3-1-2,68.8
155643,4-1-2,80.9
155643,5-1-2,772.2
155643,6-1-2,772.2
155643,1-2-4,9.8
155643,2-1-4,52
155643,3-1-4,33.2
155643,4-1-3,63.3
155643,5-1-3,684.3
155643,6-1-3,1078
155643,1-2-5,40.5
155643,2-1-5,150.5
155643,3-1-5,102.2
155643,4-1-5,144.6
155643,5-1-4,727.9
155643,6-1-4,732.6
155643,1-2-6,33.3
155643,2-1-6,147
155643,3-1-6,77.7
155643,4-1-6,104.9
155643,5-1-6,872.4
155643,6-1-5,2332
155643,1-3-2,8.8
155643,2-3-1,156.1
155643,3-2-1,175
155643,4-2-1,206.6
155643,5-2-1,1190
155643,6-2-1,1428
155643,1-3-4,6.7
155643,2-3-4,232.2
155643,3-2-4,212
155643,4-2-3,350.5
155643,5-2-3,2156
155643,6-2-3,3088
155643,1-3-5,28.5
155643,2-3-5,692.6
155643,3-2-5,761.9
155643,4-2-5,664.4
155643,5-2-4,1758
155643,6-2-4,1298
155643,1-3-6,19.8
155643,2-3-6,565.7
155643,3-2-6,464.5
155643,4-2-6,439.5
155643,5-2-6,1814
155643,6-2-5,3265
155643,1-4-2,11.8
155643,2-4-1,145.4
155643,3-4-1,71.2
155643,4-3-1,107.3
155643,5-3-1,1098
155643,6-3-1,1503
155643,1-4-3,8.9
155643,2-4-3,244.2
155643,3-4-2,201.5
155643,4-3-2,327.4
155643,5-3-2,2787
155643,6-3-2,2380
155643,1-4-5,32.7
155643,2-4-5,492.6
155643,3-4-5,209.3
155643,4-3-5,356
155643,5-3-4,1565
155643,6-3-4,1269
155643,1-4-6,21
155643,2-4-6,434.5
155643,3-4-6,119.1
155643,4-3-6,211.2
155643,5-3-6,1843
155643,6-3-5,3088
155643,1-5-2,98.7
155643,2-5-1,701.1
155643,3-5-1,580.1
155643,4-5-1,294.5
155643,5-4-1,782.7
155643,6-4-1,968.5
155643,1-5-3,88
155643,2-5-3,1544
155643,3-5-2,1255
155643,4-5-2,672.2
155643,5-4-2,1785
155643,6-4-2,1446
155643,1-5-4,114.6
155643,2-5-4,1190
155643,3-5-4,714.2
155643,4-5-3,614.4
155643,5-4-3,1758
155643,6-4-3,1705
155643,1-5-6,138.8
155643,2-5-6,1565
155643,3-5-6,761.9
155643,4-5-6,317.4
155643,5-4-6,976.8
155643,6-4-5,1465
155643,1-6-2,130.9
155643,2-6-1,816.3
155643,3-6-1,299.1
155643,4-6-1,272.1
155643,5-6-1,2005
155643,6-5-1,4081
155643,1-6-3,93.5
155643,2-6-3,1680
155643,3-6-2,985.2
155643,4-6-2,589.1
155643,5-6-2,3265
155643,6-5-2,4571
155643,1-6-4,100.3
155643,2-6-4,985.2
155643,3-6-4,260.3
155643,4-6-3,394
155643,5-6-3,3571
155643,6-5-3,5442
155643,1-6-5,247.9
155643,2-6-5,2077
155643,3-6-5,865.8
155643,4-6-5,466.4
155643,5-6-4,1609
155643,6-5-4,1873
155644,1-2-3,4.4
155644,2-1-3,30.4
155644,3-1-2,34.4
155644,4-1-2,274.2
155644,5-1-2,195.6
155644,6-1-2,2332
155644,1-2-4,9.2
155644,2-1-4,46.4
155644,3-1-4,43.2
155644,4-1-3,280.5
155644,5-1-3,206.1
155644,6-1-3,3775
155644,1-2-5,11.1
155644,2-1-5,53.5
155644,3-1-5,39.3
155644,4-1-5,251.3
155644,5-1-4,373.4
155644,6-1-4,4718
155644,1-2-6,92.9
155644,2-1-6,187.2
155644,3-1-6,152.6
155644,4-1-6,766.1
155644,5-1-6,536.5
155644,6-1-5,3845
155644,1-3-2,6.1
155644,2-3-1,102.4
155644,3-2-1,97.2
155644,4-2-1,452.3
155644,5-2-1,355.5
155644,6-2-1,3992
155644,1-3-4,10.5
155644,2-3-4,284
155644,3-2-4,261.1
155644,4-2-3,883.5
155644,5-2-3,588.1
155644,6-2-3,4237
155644,1-3-5,9.7
155644,2-3-5,272.8
155644,3-2-5,216.7
155644,4-2-5,898.8
155644,5-2-4,1038
155644,6-2-4,5767
155644,1-3-6,79.2
155644,2-3-6,861.5
155644,3-2-6,814.2
155644,4-2-6,1451
155644,5-2-6,1273
155644,6-2-5,6291
155644,1-4-2,23.2
155644,2-4-1,300.4
155644,3-4-1,161
155644,4-3-1,407.1
155644,5-3-1,348.9
155644,6-3-1,5064
155644,1-4-3,26.6
155644,2-4-3,497.9
155644,3-4-2,346
155644,4-3-2,935.2
155644,5-3-2,692.1
155644,6-3-2,6291
155644,1-4-5,41.5
155644,2-4-5,547.8
155644,3-4-5,260.8
155644,4-3-5,676.3
155644,5-3-4,1250
155644,6-3-4,4152
155644,1-4-6,127.5
155644,2-4-6,1789
155644,3-4-6,723.4
155644,4-3-6,1357
155644,5-3-6,1235
155644,6-3-5,3917
155644,1-5-2,28.2
155644,2-5-1,280.2
155644,3-5-1,159.4
155644,4-5-1,401.6
155644,5-4-1,610.6
155644,6-4-1,5463
155644,1-5-3,32.2
155644,2-5-3,413.6
155644,3-5-2,294.9
155644,4-5-2,798.5
155644,5-4-2,1043
155644,6-4-2,5611
155644,1-5-4,63.1
155644,2-5-4,634.9
155644,3-5-4,331.1
155644,4-5-3,804.7
155644,5-4-3,1128
155644,6-4-3,4417
155644,1-5-6,146
155644,2-5-6,1266
155644,3-5-6,581.6
155644,4-5-6,811
155644,5-4-6,1235
155644,6-4-5,3579
155644,1-6-2,399.2
155644,2-6-1,2232
155644,3-6-1,1375
155644,4-6-1,1853
155644,5-6-1,1789
155644,6-5-1,4325
155644,1-6-3,465.5
155644,2-6-3,1821
155644,3-6-2,1789
155644,4-6-2,2501
155644,5-6-2,2532
155644,6-5-2,6291
155644,1-6-4,524.3
155644,2-6-4,3244
155644,3-6-4,1597
155644,4-6-3,2359
155644,5-6-3,2232
155644,6-5-3,3348
155644,1-6-5,546.3
155644,2-6-5,3009
155644,3-6-5,1357
155644,4-6-5,2035
155644,5-6-4,2414
155644,6-5-4,3348
155645,1-2-3,4.7
155645,2-1-3,47.2
155645,3-1-2,279.9
155645,4-1-2,87.7
155645,5-1-2,282.2
155645,6-1-2,794.7
155645,1-2-4,3.9
155645,2-1-4,34.8
155645,3-1-4,356.9
155645,4-1-3,313.4
155645,5-1-3,635.7
155645,6-1-3,2840
155645,1-2-5,5.5
155645,2-1-5,48.1
155645,3-1-5,384.7
155645,4-1-5,153.1
155645,5-1-4,482
155645,6-1-4,1608
155645,1-2-6,21
155645,2-1-6,105.2
155645,3-1-6,702.7
155645,4-1-6,267.5
155645,5-1-6,551.7
155645,6-1-5,1963
155645,1-3-2,15.3
155645,2-3-1,233.4
155645,3-2-1,457.2
155645,4-2-1,144.6
155645,5-2-1,403.3
155645,6-2-1,1121
155645,1-3-4,29.7
155645,2-3-4,531.9
155645,3-2-4,819.1
155645,4-2-3,565.7
155645,5-2-3,1094
155645,6-2-3,3608
155645,1-3-5,39.5
155645,2-3-5,558.6
155645,3-2-5,1059
155645,4-2-5,300
155645,5-2-4,908.2
155645,6-2-4,2967
155645,1-3-6,81.6
155645,2-3-6,1161
155645,3-2-6,1804
155645,4-2-6,517.5
155645,5-2-6,1224
155645,6-2-5,2427
155645,1-4-2,12
155645,2-4-1,131.8
155645,3-4-1,623.9
155645,4-3-1,920.8
155645,5-3-1,1236
155645,6-3-1,3708
155645,1-4-3,36.5
155645,2-4-3,549.4
155645,3-4-2,946.9
155645,4-3-2,1435
155645,5-3-2,2225
155645,6-3-2,4604
155645,1-4-5,34.5
155645,2-4-5,487.2
155645,3-4-5,1027
155645,4-3-5,1296
155645,5-3-4,2670
155645,6-3-4,4945
155645,1-4-6,54.8
155645,2-4-6,771.7
155645,3-4-6,1451
155645,4-3-6,1780
155645,5-3-6,4604
155645,6-3-5,6357
155645,1-5-2,20.5
155645,2-5-1,227.8
155645,3-5-1,908.2
155645,4-5-1,239.2
155645,5-4-1,534
155645,6-4-1,2342
155645,1-5-3,59.8
155645,2-5-3,551.7
155645,3-5-2,1362
155645,4-5-2,305.5
155645,5-4-2,776.2
155645,6-4-2,3513
155645,1-5-4,37.7
155645,2-5-4,632.7
155645,3-5-4,1435
155645,4-5-3,691.7
155645,5-4-3,1435
155645,6-4-3,3926
155645,1-5-6,96.3
155645,2-5-6,920.8
155645,3-5-6,2427
155645,4-5-6,396.1
155645,5-4-6,809.1
155645,6-4-5,2781
155645,1-6-2,119.7
155645,2-6-1,674.3
155645,3-6-1,2472
155645,4-6-1,615.2
155645,5-6-1,1435
155645,6-5-1,3256
155645,1-6-3,311.2
155645,2-6-3,1804
155645,3-6-2,2567
155645,4-6-2,785.3
155645,5-6-2,2119
155645,6-5-2,3608
155645,1-6-4,231.3
155645,2-6-4,1690
155645,3-6-4,2840
155645,4-6-3,1376
155645,5-6-3,3513
155645,6-5-3,5563
155645,1-6-5,257.7
155645,2-6-5,1517
155645,3-6-5,3608
155645,4-6-5,845
155645,5-6-4,2188
155645,6-5-4,3105
155646,1-2-3,3.4
155646,2-1-3,103
155646,3-1-2,148.7
155646,4-1-2,343.9
155646,5-1-2,336
155646,6-1-2,1464
155646,1-2-4,8.8
155646,2-1-4,171.5
155646,3-1-4,181.2
155646,4-1-3,413.2
155646,5-1-3,357.1
155646,6-1-3,2469
155646,1-2-5,13.2
155646,2-1-5,270
155646,3-1-5,201.3
155646,4-1-5,463.7
155646,5-1-4,546.6
155646,6-1-4,2530
155646,1-2-6,42.5
155646,2-1-6,518.9
155646,3-1-6,397.2
155646,4-1-6,680.9
155646,5-1-6,495.1
155646,6-1-5,1933
155646,1-3-2,5.7
155646,2-3-1,307.3
155646,3-2-1,349.7
155646,4-2-1,716.7
155646,5-2-1,756.3
155646,6-2-1,2627
155646,1-3-4,7.6
155646,2-3-4,719.2
155646,3-2-4,734.6
155646,4-2-3,1464
155646,5-2-3,1443
155646,6-2-3,5255
155646,1-3-5,11.6
155646,2-3-5,1067
155646,3-2-5,1114
155646,4-2-5,1588
155646,5-2-4,1880
155646,6-2-4,3941
155646,1-3-6,21.4
155646,2-3-6,2228
155646,3-2-6,2029
155646,4-2-6,1952
155646,5-2-6,1782
155646,6-2-5,3795
155646,1-4-2,18.1
155646,2-4-1,604.6
155646,3-4-1,602.8
155646,4-3-1,883.5
155646,5-3-1,750.8
155646,6-3-1,4099
155646,1-4-3,17.6
155646,2-4-3,1035
155646,3-4-2,875.9
155646,4-3-2,1518
155646,5-3-2,1626
155646,6-3-2,5693
155646,1-4-5,36.9
155646,2-4-5,1541
155646,3-4-5,1014
155646,4-3-5,1915
155646,5-3-4,2135
155646,6-3-4,4456
155646,1-4-6,65.8
155646,2-4-6,2091
155646,3-4-6,1496
155646,4-3-6,2356
155646,5-3-6,2228
155646,6-3-5,6028
155646,1-5-2,29.7
155646,2-5-1,721.7
155646,3-5-1,656.9
155646,4-5-1,864.8
155646,5-4-1,1004
155646,6-4-1,4270
155646,1-5-3,28.6
155646,2-5-3,1464
155646,3-5-2,1281
155646,4-5-2,1423
155646,5-4-2,1798
155646,6-4-2,3253
155646,1-5-4,65.5
155646,2-5-4,1933
155646,3-5-4,1601
155646,4-5-3,1666
155646,5-4-3,2157
155646,6-4-3,4766
155646,1-5-6,80.4
155646,2-5-6,2252
155646,3-5-6,1813
155646,4-5-6,1084
155646,5-4-6,1474
155646,6-4-5,2733
155646,1-6-2,161.5
155646,2-6-1,2530
155646,3-6-1,1897
155646,4-6-1,1767
155646,5-6-1,1107
155646,6-5-1,2499
155646,1-6-3,118.8
155646,2-6-3,3534
155646,3-6-2,2627
155646,4-6-2,2113
155646,5-6-2,2049
155646,6-5-2,4456
155646,1-6-4,236.4
155646,2-6-4,2846
155646,3-6-4,3059
155646,4-6-3,2846
155646,5-6-3,2383
155646,6-5-3,5394
155646,1-6-5,194.4
155646,2-6-5,2928
155646,3-6-5,2807
155646,4-6-5,2009
155646,5-6-4,2049
155646,6-5-4,2928
155611,1-2-3,69.2
155611,2-1-3,104
155611,3-1-2,76.9
155611,4-1-2,337.8
155611,5-1-2,736.2
155611,6-1-2,1340
155611,1-2-4,114.1
155611,2-1-4,142.3
155611,3-1-4,61.6
155611,4-1-3,226.6
155611,5-1-3,333.4
155611,6-1-3,1793
155611,1-2-5,169.1
155611,2-1-5,182.4
155611,3-1-5,67
155611,4-1-5,354.7
155611,5-1-4,677.4
155611,6-1-4,3265
155611,1-2-6,285.5
155611,2-1-6,344.2
155611,3-1-6,209.1
155611,4-1-6,578.9
155611,5-1-6,801
155611,6-1-5,2274
155611,1-3-2,64.2
155611,2-3-1,72.5
155611,3-2-1,63.6
155611,4-2-1,279.3
155611,5-2-1,563.5
155611,6-2-1,2653
155611,1-3-4,59
155611,2-3-4,18.1
155611,3-2-4,11.4
155611,4-2-3,68.7
155611,5-2-3,131.3
155611,6-2-3,1179
155611,1-3-5,74.8
155611,2-3-5,19.7
155611,3-2-5,10.6
155611,4-2-5,47
155611,5-2-4,224.2
155611,6-2-4,2054
155611,1-3-6,218.4
155611,2-3-6,92.8
155611,3-2-6,59.1
155611,4-2-6,184.8
155611,5-2-6,330.8
155611,6-2-5,2021
155611,1-4-2,180.4
155611,2-4-1,139.1
155611,3-4-1,41.4
155611,4-3-1,164.1
155611,5-3-1,258.8
155611,6-3-1,2234
155611,1-4-3,136.2
155611,2-4-3,34.2
155611,3-4-2,13
155611,4-3-2,45.6
155611,5-3-2,97.6
155611,6-3-2,1354
155611,1-4-5,247.3
155611,2-4-5,47.8
155611,3-4-5,9
155611,4-3-5,34.8
155611,5-3-4,80.4
155611,6-3-4,896.9
155611,1-4-6,486.1
155611,2-4-6,155.5
155611,3-4-6,38.3
155611,4-3-6,129.1
155611,5-3-6,206.7
155611,6-3-5,860.5
155611,1-5-2,335.1
155611,2-5-1,259.3
155611,3-5-1,75.1
155611,4-5-1,301
155611,5-4-1,563.5
155611,6-4-1,2961
155611,1-5-3,223
155611,2-5-3,52.3
155611,3-5-2,19
155611,4-5-2,48.5
155611,5-4-2,192.3
155611,6-4-2,2315
155611,1-5-4,370.2
155611,2-5-4,86.2
155611,3-5-4,14.8
155611,4-5-3,58.1
155611,5-4-3,113.5
155611,6-4-3,1107
155611,1-5-6,695.9
155611,2-5-6,158.6
155611,3-5-6,37.1
155611,4-5-6,109.1
155611,5-4-6,328.2
155611,6-4-5,1079
155611,1-6-2,1002
155611,2-6-1,1340
155611,3-6-1,526.2
155611,4-6-1,1097
155611,5-6-1,1299
155611,6-5-1,2087
155611,1-6-3,936.4
155611,2-6-3,477
155611,3-6-2,239.4
155611,4-6-2,707.5
155611,5-6-2,843.4
155611,6-5-2,2054
155611,1-6-4,1384
155611,2-6-4,663.3
155611,3-6-4,165.8
155611,4-6-3,428.8
155611,5-6-3,491.7
155611,6-5-3,943.4
155611,1-6-5,1201
155611,2-6-5,568.5
155611,3-6-5,142.6
155611,4-6-5,412.1
155611,5-6-4,692.1
155611,6-5-4,1212
155612,1-2-3,36
155612,2-1-3,43.6
155612,3-1-2,100.5
155612,4-1-2,43.5
155612,5-1-2,613.7
155612,6-1-2,1042
155612,1-2-4,22.4
155612,2-1-4,24
155612,3-1-4,38.7
155612,4-1-3,78.3
155612,5-1-3,942.1
155612,6-1-3,1952
155612,1-2-5,99.5
155612,2-1-5,93.2
155612,3-1-5,228.5
155612,4-1-5,88.9
155612,5-1-4,506.6
155612,6-1-4,1294
155612,1-2-6,151.9
155612,2-1-6,145.7
155612,3-1-6,355.6
155612,4-1-6,102.4
155612,5-1-6,985.3
155612,6-1-5,2619
155612,1-3-2,39.6
155612,2-3-1,57.4
155612,3-2-1,97.2
155612,4-2-1,33.5
155612,5-2-1,620.8
155612,6-2-1,1678
155612,1-3-4,16.1
155612,2-3-4,18
155612,3-2-4,22.7
155612,4-2-3,23.2
155612,5-2-3,413
155612,6-2-3,1206
155612,1-3-5,124.7
155612,2-3-5,63.7
155612,3-2-5,101.9
155612,4-2-5,31
155612,5-2-4,186.1
155612,6-2-4,475.2
155612,1-3-6,185.8
155612,2-3-6,100.1
155612,3-2-6,149.7
155612,4-2-6,38
155612,5-2-6,958.9
155612,6-2-5,2026
155612,1-4-2,25.9
155612,2-4-1,22.9
155612,3-4-1,45.5
155612,4-3-1,92.3
155612,5-3-1,1342
155612,6-3-1,3254
155612,1-4-3,20
155612,2-4-3,13.8
155612,3-4-2,28.6
155612,4-3-2,41
155612,5-3-2,509
155612,6-3-2,1471
155612,1-4-5,77.2
155612,2-4-5,24.2
155612,3-4-5,55.7
155612,4-3-5,88.9
155612,5-3-4,485.9
155612,6-3-4,1394
155612,1-4-6,101.9
155612,2-4-6,32.3
155612,3-4-6,64.2
155612,4-3-6,87.3
155612,5-3-6,1790
155612,6-3-5,3464
155612,1-5-2,254.5
155612,2-5-1,236
155612,3-5-1,534.3
155612,4-5-1,101.6
155612,5-4-1,494.9
155612,6-4-1,1193
155612,1-5-3,358
155612,2-5-3,160.5
155612,3-5-2,234.5
155612,4-5-2,53.9
155612,5-4-2,190.7
155612,6-4-2,445.6
155612,1-5-4,245.7
155612,2-5-4,81.9
155612,3-5-4,164.9
155612,4-5-3,123.7
155612,5-4-3,397.7
155612,6-4-3,1074
155612,1-5-6,556.4
155612,2-5-6,258.1
155612,3-5-6,451.2
155612,4-5-6,72.5
155612,5-4-6,359.2
155612,6-4-5,725.7
155612,1-6-2,562.3
155612,2-6-1,438.3
155612,3-6-1,950.4
155612,4-6-1,211.8
155612,5-6-1,1451
155612,6-5-1,2386
155612,1-6-3,613.7
155612,2-6-3,340.9
155612,3-6-2,408.3
155612,4-6-2,99.5
155612,5-6-2,1342
155612,6-5-2,2237
155612,1-6-4,403.7
155612,2-6-4,143.5
155612,3-6-4,305.9
155612,4-6-3,211
155612,5-6-3,2065
155612,6-5-3,3158
155612,1-6-5,826.1
155612,2-6-5,443.8
155612,3-6-5,735.6
155612,4-6-5,134.4
155612,5-6-4,624.4
155612,6-5-4,859.2
155613,1-2-3,34.8
155613,2-1-3,48.2
155613,3-1-2,153.1
155613,4-1-2,78.9
155613,5-1-2,286
155613,6-1-2,919.1
155613,1-2-4,26.1
155613,2-1-4,27.7
155613,3-1-4,137.6
155613,4-1-3,142.5
155613,5-1-3,424.2
155613,6-1-3,1495
155613,1-2-5,53
155613,2-1-5,70.3
155613,3-1-5,159.5
155613,4-1-5,98.9
155613,5-1-4,292.1
155613,6-1-4,641.7
155613,1-2-6,70.9
155613,2-1-6,74.2
155613,3-1-6,244.1
155613,4-1-6,101.3
155613,5-1-6,377.9
155613,6-1-5,1747
155613,1-3-2,50.9
155613,2-3-1,93.5
155613,3-2-1,161.1
155613,4-2-1,71.2
155613,5-2-1,296.6
155613,6-2-1,1200
155613,1-3-4,42.2
155613,2-3-4,24.9
155613,3-2-4,49.3
155613,4-2-3,46.7
155613,5-2-3,136.9
155613,6-2-3,760.7
155613,1-3-5,67.3
155613,2-3-5,35.5
155613,3-2-5,64.1
155613,4-2-5,28.1
155613,5-2-4,87.5
155613,6-2-4,373.9
155613,1-3-6,111.7
155613,2-3-6,60.9
155613,3-2-6,109.2
155613,4-2-6,40.9
155613,5-2-6,157.2
155613,6-2-5,602.3
155613,1-4-2,38.7
155613,2-4-1,44.1
155613,3-4-1,128.2
155613,4-3-1,164
155613,5-3-1,516
155613,6-3-1,1521
155613,1-4-3,51.2
155613,2-4-3,23.3
155613,3-4-2,55.9
155613,4-3-2,72.8
155613,5-3-2,185.1
155613,6-3-2,726.2
155613,1-4-5,66.1
155613,2-4-5,20.8
155613,3-4-5,50.9
155613,4-3-5,70.9
155613,5-3-4,206.6
155613,6-3-4,473.1
155613,1-4-6,66.9
155613,2-4-6,28.2
155613,3-4-6,66.8
155613,4-3-6,84.3
155613,5-3-6,344.6
155613,6-3-5,1131
155613,1-5-2,114.6
155613,2-5-1,138.7
155613,3-5-1,250.6
155613,4-5-1,77
155613,5-4-1,189.5
155613,6-4-1,658.5
155613,1-5-3,158
155613,2-5-3,55.4
155613,3-5-2,110.9
155613,4-5-2,30.9
155613,5-4-2,77.3
155613,6-4-2,374.7
155613,1-5-4,122.8
155613,2-5-4,44.8
155613,3-5-4,108.4
155613,4-5-3,58.8
155613,5-4-3,147.3
155613,6-4-3,562
155613,1-5-6,183.4
155613,2-5-6,77.2
155613,3-5-6,168.5
155613,4-5-6,30
155613,5-4-6,87.9
155613,6-4-5,341.3
155613,1-6-2,245.1
155613,2-6-1,271.1
155613,3-6-1,543
155613,4-6-1,153.7
155613,5-6-1,541.3
155613,6-5-1,1982
155613,1-6-3,369.2
155613,2-6-3,194.1
155613,3-6-2,283.7
155613,4-6-2,77.3
155613,5-6-2,247.5
155613,6-5-2,720.3
155613,1-6-4,235.6
155613,2-6-4,106.5
155613,3-6-4,182.6
155613,4-6-3,111.5
155613,5-6-3,389.5
155613,6-5-3,1434
155613,1-6-5,413.3
155613,2-6-5,167.7
155613,3-6-5,306.9
155613,4-6-5,57.2
155613,5-6-4,174.3
155613,6-5-4,388.7
155614,1-2-3,7.1
155614,2-1-3,54.1
155614,3-1-2,42.1
155614,4-1-2,175.4
155614,5-1-2,732.3
155614,6-1-2,1107
155614,1-2-4,11.5
155614,2-1-4,80.9
155614,3-1-4,26.2
155614,4-1-3,101.7
155614,5-1-3,356.1
155614,6-1-3,870.7
155614,1-2-5,45.1
155614,2-1-5,277.2
155614,3-1-5,59.9
155614,4-1-5,257.7
155614,5-1-4,618.1
155614,6-1-4,1210
155614,1-2-6,42.6
155614,2-1-6,253.1
155614,3-1-6,87.1
155614,4-1-6,205.1
155614,5-1-6,921.3
155614,6-1-5,2975
155614,1-3-2,5.6
155614,2-3-1,171.8
155614,3-2-1,159.3
155614,4-2-1,339.2
155614,5-2-1,1472
155614,6-2-1,2596
155614,1-3-4,4.2
155614,2-3-4,395.5
155614,3-2-4,266.4
155614,4-2-3,793.3
155614,5-2-3,1622
155614,6-2-3,2420
155614,1-3-5,16.4
155614,2-3-5,850
155614,3-2-5,443.4
155614,4-2-5,1170
155614,5-2-4,2011
155614,6-2-4,3966
155614,1-3-6,19.9
155614,2-3-6,1020
155614,3-2-6,597.5
155614,4-2-6,1133
155614,5-2-6,1929
155614,6-2-5,4462
155614,1-4-2,16.9
155614,2-4-1,307.1
155614,3-4-1,76.9
155614,4-3-1,144.8
155614,5-3-1,595
155614,6-3-1,1161
155614,1-4-3,11.2
155614,2-4-3,626.3
155614,3-4-2,225.2
155614,4-3-2,502.8
155614,5-3-2,1263
155614,6-3-2,1904
155614,1-4-5,50.5
155614,2-4-5,1298
155614,3-4-5,212.8
155614,4-3-5,585.2
155614,5-3-4,1298
155614,6-3-4,2800
155614,1-4-6,43.7
155614,2-4-6,952
155614,3-4-6,260.1
155614,4-3-6,526.9
155614,5-3-6,1763
155614,6-3-5,4327
155614,1-5-2,105
155614,2-5-1,1161
155614,3-5-1,258.2
155614,4-5-1,555.6
155614,5-4-1,971.4
155614,6-4-1,1428
155614,1-5-3,59
155614,2-5-3,1373
155614,3-5-2,547.1
155614,4-5-2,1107
155614,5-4-2,2100
155614,6-4-2,3757
155614,1-5-4,117.4
155614,2-5-4,1983
155614,3-5-4,409.1
155614,4-5-3,945.7
155614,5-4-3,2231
155614,6-4-3,5100
155614,1-5-6,182.8
155614,2-5-6,2462
155614,3-5-6,582.8
155614,4-5-6,850
155614,5-4-6,1830
155614,6-4-5,3483
155614,1-6-2,197.2
155614,2-6-1,1519
155614,3-6-1,492.4
155614,4-6-1,788.9
155614,5-6-1,1956
155614,6-5-1,4760
155614,1-6-3,105.1
155614,2-6-3,1807
155614,3-6-2,876
155614,4-6-2,1680
155614,5-6-2,3104
155614,6-5-2,4200
155614,1-6-4,160.8
155614,2-6-4,2746
155614,3-6-4,850
155614,4-6-3,1830
155614,5-6-3,2644
155614,6-5-3,3966
155614,1-6-5,283.9
155614,2-6-5,3483
155614,3-6-5,939.4
155614,4-6-5,1741
155614,5-6-4,2800
155614,6-5-4,4200
155615,1-2-3,12.4
155615,2-1-3,50.1
155615,3-1-2,18
155615,4-1-2,428.6
155615,5-1-2,2049
155615,6-1-2,121.5
155615,1-2-4,42.6
155615,2-1-4,141.6
155615,3-1-4,17.2
155615,4-1-3,177
155615,5-1-3,1496
155615,6-1-3,69.4
155615,1-2-5,298
155615,2-1-5,478
155615,3-1-5,149.1
155615,4-1-5,874.9
155615,5-1-4,1968
155615,6-1-4,158.3
155615,1-2-6,27.2
155615,2-1-6,74.5
155615,3-1-6,9.3
155615,4-1-6,162.6
155615,5-1-6,1644
155615,6-1-5,946.9
155615,1-3-2,7.9
155615,2-3-1,69.7
155615,3-2-1,46.4
155615,4-2-1,771.2
155615,5-2-1,2413
155615,6-2-1,186.3
155615,1-3-4,12.3
155615,2-3-4,166.4
155615,3-2-4,87.1
155615,4-2-3,664.9
155615,5-2-3,2822
155615,6-2-3,145.3
155615,1-3-5,139.3
155615,2-3-5,817.5
155615,3-2-5,485.7
155615,4-2-5,1994
155615,5-2-4,2770
155615,6-2-4,402.1
155615,1-3-6,7.1
155615,2-3-6,80
155615,3-2-6,38.4
155615,4-2-6,548
155615,5-2-6,2535
155615,6-2-5,1481
155615,1-4-2,77
155615,2-4-1,421.4
155615,3-4-1,52.7
155615,4-3-1,176.6
155615,5-3-1,2493
155615,6-3-1,82.7
155615,1-4-3,47.8
155615,2-4-3,442.6
155615,3-4-2,111.2
155615,4-3-2,425
155615,5-3-2,3324
155615,6-3-2,129.6
155615,1-4-5,385.6
155615,2-4-5,1847
155615,3-4-5,357
155615,4-3-5,1084
155615,5-3-4,2493
155615,6-3-4,158.3
155615,1-4-6,50.5
155615,2-4-6,412.1
155615,3-4-6,36.9
155615,4-3-6,141
155615,5-3-6,2137
155615,6-3-5,864.8
155615,1-5-2,387.6
155615,2-5-1,1968
155615,3-5-1,642.1
155615,4-5-1,1526
155615,5-4-1,2624
155615,6-4-1,257
155615,1-5-3,631.2
155615,2-5-3,2337
155615,3-5-2,901.2
155615,4-5-2,2413
155615,5-4-2,3836
155615,6-4-2,550
155615,1-5-4,787.4
155615,2-5-4,2233
155615,3-5-4,719.3
155615,4-5-3,1918
155615,5-4-3,2624
155615,6-4-3,247.7
155615,1-5-6,644.8
155615,2-5-6,2137
155615,3-5-6,436.1
155615,4-5-6,1385
155615,5-4-6,2770
155615,6-4-5,1324
155615,1-6-2,44.5
155615,2-6-1,184
155615,3-6-1,24.1
155615,4-6-1,188.1
155615,5-6-1,2337
155615,6-5-1,1781
155615,1-6-3,26.3
155615,2-6-3,149.1
155615,3-6-2,35.9
155615,4-6-2,490.5
155615,5-6-2,4043
155615,6-5-2,2168
155615,1-6-4,67.5
155615,2-6-4,414.4
155615,3-6-4,43.8
155615,4-6-3,200.5
155615,5-6-3,2535
155615,6-5-3,1870
155615,1-6-5,526.8
155615,2-6-5,1608
155615,3-6-5,280.1
155615,4-6-5,990.8
155615,5-6-4,3937
155615,6-5-4,2049
155616,1-2-3,7.3
155616,2-1-3,12.9
155616,3-1-2,23.6
155616,4-1-2,341.6
155616,5-1-2,120.1
155616,6-1-2,333.9
155616,1-2-4,18.2
155616,2-1-4,34.6
155616,3-1-4,58.5
155616,4-1-3,430.9
155616,5-1-3,225.6
155616,6-1-3,454
155616,1-2-5,26.5
155616,2-1-5,36
155616,3-1-5,43.8
155616,4-1-5,512.9
155616,5-1-4,532.9
155616,6-1-4,1318
155616,1-2-6,20.7
155616,2-1-6,32.6
155616,3-1-6,53.8
155616,4-1-6,438.4
155616,5-1-6,267.2
155616,6-1-5,1780
155616,1-3-2,11.6
155616,2-3-1,22.7
155616,3-2-1,28.7
155616,4-2-1,387.8
155616,5-2-1,141.4
155616,6-2-1,391.2
155616,1-3-4,29.4
155616,2-3-4,41.8
155616,3-2-4,62.2
155616,4-2-3,415.8
155616,5-2-3,276.8
155616,6-2-3,339
155616,1-3-5,27.5
155616,2-3-5,39.5
155616,3-2-5,46.9
155616,4-2-5,576
155616,5-2-4,595.3
155616,6-2-4,1022
155616,1-3-6,33.6
155616,2-3-6,34.6
155616,3-2-6,52.4
155616,4-2-6,441.6
155616,5-2-6,307.4
155616,6-2-5,1105
155616,1-4-2,60.1
155616,2-4-1,127
155616,3-4-1,130.4
155616,4-3-1,495.8
155616,5-3-1,266.8
155616,6-3-1,517.4
155616,1-4-3,79.5
155616,2-4-3,117.9
155616,3-4-2,123.4
155616,4-3-2,354.5
155616,5-3-2,270.1
155616,6-3-2,399.1
155616,1-4-5,130.1
155616,2-4-5,212.1
155616,3-4-5,153.4
155616,4-3-5,559.7
155616,5-3-4,664.1
155616,6-3-4,1072
155616,1-4-6,128.8
155616,2-4-6,165.4
155616,3-4-6,145.3
155616,4-3-6,507.1
155616,5-3-6,426.8
155616,6-3-5,1178
155616,1-5-2,70.8
155616,2-5-1,99.1
155616,3-5-1,95.6
155616,4-5-1,557.9
155616,5-4-1,912.8
155616,6-4-1,1633
155616,1-5-3,74.9
155616,2-5-3,117.2
155616,3-5-2,86.2
155616,4-5-2,518.9
155616,5-4-2,1022
155616,6-4-2,1338
155616,1-5-4,200
155616,2-5-4,279.4
155616,3-5-4,181.6
155616,4-5-3,689.9
155616,5-4-3,1005
155616,6-4-3,1547
155616,1-5-6,179
155616,2-5-6,209.4
155616,3-5-6,119.4
155616,4-5-6,591.3
155616,5-4-6,820.2
155616,6-4-5,1977
155616,1-6-2,110.4
155616,2-6-1,124.7
155616,3-6-1,152.9
155616,4-6-1,676.8
155616,5-6-1,700.7
155616,6-5-1,2119
155616,1-6-3,136.9
155616,2-6-3,112.8
155616,3-6-2,122.1
155616,4-6-2,628.9
155616,5-6-2,714.8
155616,6-5-2,1178
155616,1-6-4,288
155616,2-6-4,242.8
155616,3-6-4,236.3
155616,4-6-3,881.1
155616,5-6-3,767.2
155616,6-5-3,1471
155616,1-6-5,272.5
155616,2-6-5,335.2
155616,3-6-5,216.2
155616,4-6-5,824
155616,5-6-4,1105
155616,6-5-4,2069
155617,1-2-3,23.5
155617,2-1-3,182.2
155617,3-1-2,322.1
155617,4-1-2,172.3
155617,5-1-2,29.3
155617,6-1-2,1045
155617,1-2-4,15.4
155617,2-1-4,147.5
155617,3-1-4,316.7
155617,4-1-3,427.6
155617,5-1-3,89.3
155617,6-1-3,2423
155617,1-2-5,6.1
155617,2-1-5,62.4
155617,3-1-5,189.2
155617,4-1-5,68.7
155617,5-1-4,42.9
155617,6-1-4,1511
155617,1-2-6,52.1
155617,2-1-6,410.4
155617,3-1-6,543.3
155617,4-1-6,245.8
155617,5-1-6,68.6
155617,6-1-5,741.2
155617,1-3-2,33.8
155617,2-3-1,502.2
155617,3-2-1,748.4
155617,4-2-1,359.2
155617,5-2-1,81.2
155617,6-2-1,2587
155617,1-3-4,36.2
155617,2-3-4,1106
155617,3-2-4,1139
155617,4-2-3,1440
155617,5-2-3,450.4
155617,6-2-3,4490
155617,1-3-5,16.8
155617,2-3-5,829.8
155617,3-2-5,877.5
155617,4-2-5,418.3
155617,5-2-4,233.8
155617,6-2-4,3550
155617,1-3-6,97.7
155617,2-3-6,2245
155617,3-2-6,2091
155617,4-2-6,1131
155617,5-2-6,367.9
155617,6-2-5,1735
155617,1-4-2,24.1
155617,2-4-1,414.9
155617,3-4-1,571.8
155617,4-3-1,759.6
155617,5-3-1,286.4
155617,6-3-1,4771
155617,1-4-3,48.7
155617,2-4-3,1607
155617,3-4-2,1122
155617,4-3-2,1241
155617,5-3-2,644.2
155617,6-3-2,6362
155617,1-4-5,12.2
155617,2-4-5,553.2
155617,3-4-5,591.8
155617,4-3-5,783
155617,5-3-4,553.2
155617,6-3-4,4925
155617,1-4-6,72.5
155617,2-4-6,1696
155617,3-4-6,1202
155617,4-3-6,1202
155617,5-3-6,867.5
155617,6-3-5,5089
155617,1-5-2,5.2
155617,2-5-1,113.6
155617,3-5-1,314.8
155617,4-5-1,82.7
155617,5-4-1,78.3
155617,6-4-1,2245
155617,1-5-3,14.1
155617,2-5-3,402.8
155617,3-5-2,646.9
155617,4-5-2,198.8
155617,5-4-2,214.4
155617,6-4-2,4925
155617,1-5-4,8.6
155617,2-5-4,367
155617,3-5-4,610.7
155617,4-5-3,457.1
155617,5-4-3,517.5
155617,6-4-3,5265
155617,1-5-6,21.6
155617,2-5-6,663.8
155617,3-5-6,848.2
155617,4-5-6,194
155617,5-4-6,229.6
155617,6-4-5,1558
155617,1-6-2,190.8
155617,2-6-1,1327
155617,3-6-1,3319
155617,4-6-1,681.6
155617,5-6-1,228.5
155617,6-5-1,825.3
155617,1-6-3,271.2
155617,2-6-3,3470
155617,3-6-2,4018
155617,4-6-2,1327
155617,5-6-2,530.1
155617,6-5-2,1957
155617,1-6-4,216.8
155617,2-6-4,2544
155617,3-6-4,2632
155617,4-6-3,2212
155617,5-6-3,985
155617,6-5-3,3550
155617,1-6-5,92.5
155617,2-6-5,1574
155617,3-6-5,3470
155617,4-6-5,569.7
155617,5-6-4,459.9
155617,6-5-4,1327
155618,1-2-3,21.8
155618,2-1-3,142.9
155618,3-1-2,171.2
155618,4-1-2,27.8
155618,5-1-2,581.4
155618,6-1-2,346.7
155618,1-2-4,8
155618,2-1-4,67.4
155618,3-1-4,77.7
155618,4-1-3,57.8
155618,5-1-3,723.9
155618,6-1-3,946.7
155618,1-2-5,34.9
155618,2-1-5,180.4
155618,3-1-5,198.8
155618,4-1-5,24
155618,5-1-4,260
155618,6-1-4,372.9
155618,1-2-6,16.2
155618,2-1-6,146.1
155618,3-1-6,193.4
155618,4-1-6,32
155618,5-1-6,595.5
155618,6-1-5,1030
155618,1-3-2,36.9
155618,2-3-1,464.4
155618,3-2-1,425.2
155618,4-2-1,83.2
155618,5-2-1,1091
155618,6-2-1,688
155618,1-3-4,18.1
155618,2-3-4,474.3
155618,3-2-4,402.8
155618,4-2-3,268.5
155618,5-2-3,1846
155618,6-2-3,2171
155618,1-3-5,62.4
155618,2-3-5,1020
155618,3-2-5,893.3
155618,4-2-5,145.1
155618,5-2-4,1060
155618,6-2-4,1517
155618,1-3-6,54.6
155618,2-3-6,1124
155618,3-2-6,858.6
155618,4-2-6,152.5
155618,5-2-6,1995
155618,6-2-5,2701
155618,1-4-2,6.7
155618,2-4-1,118.8
155618,3-4-1,104.6
155618,4-3-1,111.4
155618,5-3-1,1303
155618,6-3-1,1560
155618,1-4-3,15.2
155618,2-4-3,381.3
155618,3-4-2,235.1
155618,4-3-2,256.1
155618,5-3-2,1909
155618,6-3-2,2193
155618,1-4-5,11.5
155618,2-4-5,340.8
155618,3-4-5,179.2
155618,4-3-5,194.8
155618,5-3-4,959
155618,6-3-4,1538
155618,1-4-6,12.2
155618,2-4-6,411
155618,3-4-6,173.6
155618,4-3-6,182.6
155618,5-3-6,1877
155618,6-3-5,2769
155618,1-5-2,83.7
155618,2-5-1,613.6
155618,3-5-1,642.1
155618,4-5-1,41.3
155618,5-4-1,265.6
155618,6-4-1,439.5
155618,1-5-3,139.6
155618,2-5-3,1334
155618,3-5-2,868.7
155618,4-5-2,90
155618,5-4-2,636.6
155618,6-4-2,919.2
155618,1-5-4,45.9
155618,2-5-4,769.2
155618,3-5-4,510.4
155618,4-5-3,202.3
155618,5-4-3,889.7
155618,6-4-3,1476
155618,1-5-6,99.7
155618,2-5-6,1605
155618,3-5-6,989
155618,4-5-6,56.7
155618,5-4-6,436.1
155618,6-4-5,889.7
155618,1-6-2,40.7
155618,2-6-1,559.4
155618,3-6-1,703.3
155618,4-6-1,65.8
155618,5-6-1,1217
155618,6-5-1,2051
155618,1-6-3,94.2
155618,2-6-3,1617
155618,3-6-2,1091
155618,4-6-2,133.2
155618,5-6-2,1943
155618,6-5-2,2877
155618,1-6-4,40.6
155618,2-6-4,1049
155618,3-6-4,555.2
155618,4-6-3,280.7
155618,5-6-3,2356
155618,6-5-3,4343
155618,1-6-5,112.7
155618,2-6-5,2150
155618,3-6-5,1359
155618,4-6-5,107.1
155618,5-6-4,1011
155618,6-5-4,1476
155619,1-2-3,7.7
155619,2-1-3,111.2
155619,3-1-2,103.4
155619,4-1-2,225.6
155619,5-1-2,107
155619,6-1-2,790.8
155619,1-2-4,13.2
155619,2-1-4,149
155619,3-1-4,87.7
155619,4-1-3,219.9
155619,5-1-3,77
155619,6-1-3,1089
155619,1-2-5,12.8
155619,2-1-5,172.3
155619,3-1-5,64.5
155619,4-1-5,184.3
155619,5-1-4,134.6
155619,6-1-4,1403
155619,1-2-6,42.7
155619,2-1-6,343.6
155619,3-1-6,199.4
155619,4-1-6,327.7
155619,5-1-6,141
155619,6-1-5,775.4
155619,1-3-2,8.3
155619,2-3-1,311.8
155619,3-2-1,311.3
155619,4-2-1,611.3
155619,5-2-1,357.1
155619,6-2-1,1660
155619,1-3-4,8.8
155619,2-3-4,704.2
155619,3-2-4,659.9
155619,4-2-3,1037
155619,5-2-3,579.3
155619,6-2-3,3377
155619,1-3-5,6.6
155619,2-3-5,618.9
155619,3-2-5,544.5
155619,4-2-5,1119
155619,5-2-4,996.4
155619,6-2-4,5386
155619,1-3-6,33.5
155619,2-3-6,1674
155619,3-2-6,1237
155619,4-2-6,1688
155619,5-2-6,972.1
155619,6-2-5,3267
155619,1-4-2,20.5
155619,2-4-1,624.7
155619,3-4-1,302.8
155619,4-3-1,438.9
155619,5-3-1,184
155619,6-3-1,2372
155619,1-4-3,16.6
155619,2-4-3,926.9
155619,3-4-2,540
155619,4-3-2,926.9
155619,5-3-2,511
155619,6-3-2,3436
155619,1-4-5,21.7
155619,2-4-5,1498
155619,3-4-5,320.9
155619,4-3-5,559.8
155619,5-3-4,549
155619,6-3-4,2767
155619,1-4-6,38.8
155619,2-4-6,1973
155619,3-4-6,547.5
155619,4-3-6,914.1
155619,5-3-6,642.8
155619,6-3-5,2460
155619,1-5-2,21.7
155619,2-5-1,564.5
155619,3-5-1,163.2
155619,4-5-1,274.8
155619,5-4-1,364.3
155619,6-4-1,2730
155619,1-5-3,15
155619,2-5-3,784.6
155619,3-5-2,422.2
155619,4-5-2,609.4
155619,5-4-2,958.1
155619,6-4-2,5694
155619,1-5-4,29.6
155619,2-5-4,1647
155619,3-5-4,393.8
155619,4-5-3,582.7
155619,5-4-3,687.2
155619,6-4-3,4428
155619,1-5-6,45.4
155619,2-5-6,1454
155619,3-5-6,655.5
155619,4-5-6,531.4
155619,5-4-6,624.7
155619,6-4-5,3321
155619,1-6-2,120.5
155619,2-6-1,1423
155619,3-6-1,1193
155619,4-6-1,905.8
155619,5-6-1,386.9
155619,6-5-1,877.9
155619,1-6-3,98.9
155619,2-6-3,2430
155619,3-6-2,2214
155619,4-6-2,2166
155619,5-6-2,931.2
155619,6-5-2,2166
155619,1-6-4,115.3
155619,2-6-4,2622
155619,3-6-4,1647
155619,4-6-3,2142
155619,5-6-3,855.3
155619,6-5-3,2372
155619,1-6-5,131.4
155619,2-6-5,2657
155619,3-6-5,1620
155619,4-6-5,1172
155619,5-6-4,1060
155619,6-5-4,2401
155620,1-2-3,20.4
155620,2-1-3,33.8
155620,3-1-2,131.9
155620,4-1-2,36.3
155620,5-1-2,525.9
155620,6-1-2,243.2
155620,1-2-4,13.4
155620,2-1-4,17.6
155620,3-1-4,107.3
155620,4-1-3,86.5
155620,5-1-3,672.9
155620,6-1-3,428.9
155620,1-2-5,62.2
155620,2-1-5,63
155620,3-1-5,197.8
155620,4-1-5,71.7
155620,5-1-4,430.7
155620,6-1-4,272
155620,1-2-6,57.5
155620,2-1-6,59.8
155620,3-1-6,218.1
155620,4-1-6,60.6
155620,5-1-6,616.2
155620,6-1-5,614.3
155620,1-3-2,33.4
155620,2-3-1,81.7
155620,3-2-1,137.4
155620,4-2-1,38.7
155620,5-2-1,520.5
155620,6-2-1,244.4
155620,1-3-4,33.9
155620,2-3-4,38.6
155620,3-2-4,57.9
155620,4-2-3,43.6
155620,5-2-3,608.8
155620,6-2-3,238.1
155620,1-3-5,79.8
155620,2-3-5,89.3
155620,3-2-5,110.2
155620,4-2-5,28.5
155620,5-2-4,322.1
155620,6-2-4,124.1
155620,1-3-6,104.1
155620,2-3-6,103.3
155620,3-2-6,143
155620,4-2-6,37.7
155620,5-2-6,523.2
155620,6-2-5,423.5
155620,1-4-2,19.6
155620,2-4-1,26.2
155620,3-4-1,113.2
155620,4-3-1,119.5
155620,5-3-1,824.9
155620,6-3-1,535.5
155620,1-4-3,34.5
155620,2-4-3,35
155620,3-4-2,61.6
155620,4-3-2,62.4
155620,5-3-2,749.4
155620,6-3-2,386
155620,1-4-5,68.3
155620,2-4-5,46.7
155620,3-4-5,93
155620,4-3-5,86.2
155620,5-3-4,754.9
155620,6-3-4,369.2
155620,1-4-6,51
155620,2-4-6,33
155620,3-4-6,98.2
155620,4-3-6,115.5
155620,5-3-6,838.4
155620,6-3-5,792.9
155620,1-5-2,160.8
155620,2-5-1,241.8
155620,3-5-1,389.6
155620,4-5-1,66.7
155620,5-4-1,256
155620,6-4-1,253.8
155620,1-5-3,175.4
155620,2-5-3,199.2
155620,3-5-2,238.7
155620,4-5-2,36.5
155620,5-4-2,211.5
155620,6-4-2,123.8
155620,1-5-4,208.3
155620,2-5-4,142.3
155620,3-5-4,263.6
155620,4-5-3,100.5
155620,5-4-3,560.5
155620,6-4-3,287.3
155620,1-5-6,311.8
155620,2-5-6,261.9
155620,3-5-6,454.6
155620,4-5-6,50.5
155620,5-4-6,201.7
155620,6-4-5,295.2
155620,1-6-2,151.9
155620,2-6-1,176
155620,3-6-1,403.5
155620,4-6-1,79.7
155620,5-6-1,925.7
155620,6-5-1,951.5
155620,1-6-3,254.1
155620,2-6-3,152.9
155620,3-6-2,239
155620,4-6-2,46.4
155620,5-6-2,757.7
155620,6-5-2,743.9
155620,1-6-4,166.3
155620,2-6-4,78.5
155620,3-6-4,222.1
155620,4-6-3,127.6
155620,5-6-3,1182
155620,6-5-3,1038
155620,1-6-5,345
155620,2-6-5,236.5
155620,3-6-5,404.3
155620,4-6-5,70.1
155620,5-6-4,491.7
155620,6-5-4,527.2
155621,1-2-3,5.6
155621,2-1-3,18.2
155621,3-1-2,57.3
155621,4-1-2,60.1
155621,5-1-2,246.1
155621,6-1-2,972.7
155621,1-2-4,8.3
155621,2-1-4,21.2
155621,3-1-4,66
155621,4-1-3,105.4
155621,5-1-3,374.1
155621,6-1-3,1610
155621,1-2-5,16.7
155621,2-1-5,40.8
155621,3-1-5,101.9
155621,4-1-5,94.3
155621,5-1-4,370.1
155621,6-1-4,1343
155621,1-2-6,62
155621,2-1-6,130.4
155621,3-1-6,256.7
155621,4-1-6,192.6
155621,5-1-6,521.8
155621,6-1-5,2456
155621,1-3-2,9.4
155621,2-3-1,45
155621,3-2-1,94.9
155621,4-2-1,102.2
155621,5-2-1,405.9
155621,6-2-1,1930
155621,1-3-4,14.4
155621,2-3-4,59.4
155621,3-2-4,106.5
155621,4-2-3,164.4
155621,5-2-3,514.1
155621,6-2-3,1775
155621,1-3-5,24.2
155621,2-3-5,99.6
155621,3-2-5,167.7
155621,4-2-5,157.7
155621,5-2-4,552.6
155621,6-2-4,1700
155621,1-3-6,76.8
155621,2-3-6,232.4
155621,3-2-6,335.8
155621,4-2-6,299.8
155621,5-2-6,1048
155621,6-2-5,2587
155621,1-4-2,15.3
155621,2-4-1,58.3
155621,3-4-1,142.7
155621,4-3-1,192.3
155621,5-3-1,620.3
155621,6-3-1,2294
155621,1-4-3,25.6
155621,2-4-3,83.1
155621,3-4-2,139.4
155621,4-3-2,201.4
155621,5-3-2,702.8
155621,6-3-2,2338
155621,1-4-5,39.6
155621,2-4-5,114.7
155621,3-4-5,210.1
155621,4-3-5,259.2
155621,5-3-4,907.3
155621,6-3-4,2171
155621,1-4-6,97.3
155621,2-4-6,220
155621,3-4-6,359.7
155621,4-3-6,438.1
155621,5-3-6,1464
155621,6-3-5,3117
155621,1-5-2,47.6
155621,2-5-1,151.6
155621,3-5-1,303.2
155621,4-5-1,135.2
155621,5-4-1,386.6
155621,6-4-1,1724
155621,1-5-3,63.7
155621,2-5-3,189.5
155621,3-5-2,287.1
155621,4-5-2,155.2
155621,5-4-2,407.3
155621,6-4-2,1788
155621,1-5-4,84.6
155621,2-5-4,221
155621,3-5-4,357.6
155621,4-5-3,249.6
155621,5-4-3,671.7
155621,6-4-3,2384
155621,1-5-6,177.6
155621,2-5-6,488.3
155621,3-5-6,816
155621,4-5-6,216.3
155621,5-4-6,576.2
155621,6-4-5,2096
155621,1-6-2,182.5
155621,2-6-1,643.3
155621,3-6-1,1307
155621,4-6-1,456.2
155621,5-6-1,1203
155621,6-5-1,3242
155621,1-6-3,331.3
155621,2-6-3,639.9
155621,3-6-2,1105
155621,4-6-2,462.3
155621,5-6-2,1447
155621,6-5-2,2965
155621,1-6-4,295.4
155621,2-6-4,706.9
155621,3-6-4,1057
155621,4-6-3,745.9
155621,5-6-3,1568
155621,6-5-3,3425
155621,1-6-5,384.1
155621,2-6-5,1071
155621,3-6-5,1529
155621,4-6-5,509.8
155621,5-6-4,1328
155621,6-5-4,2251
155622,1-2-3,35.1
155622,2-1-3,47.9
155622,3-1-2,127.2
155622,4-1-2,18.9
155622,5-1-2,260.2
155622,6-1-2,705.5
155622,1-2-4,19.2
155622,2-1-4,33.8
155622,3-1-4,119.3
155622,4-1-3,35.3
155622,5-1-3,299
155622,6-1-3,973.2
155622,1-2-5,45.2
155622,2-1-5,52.5
155622,3-1-5,99.4
155622,4-1-5,32.1
155622,5-1-4,231.5
155622,6-1-4,657.9
155622,1-2-6,89.3
155622,2-1-6,84.5
155622,3-1-6,109.4
155622,4-1-6,68.5
155622,5-1-6,225.5
155622,6-1-5,966.5
155622,1-3-2,64.3
155622,2-3-1,47.9
155622,3-2-1,100.3
155622,4-2-1,29.3
155622,5-2-1,256.6
155622,6-2-1,781
155622,1-3-4,57.1
155622,2-3-4,48.5
155622,3-2-4,85.7
155622,4-2-3,52.7
155622,5-2-3,200.7
155622,6-2-3,562.8
155622,1-3-5,76.4
155622,2-3-5,29.9
155622,3-2-5,57.8
155622,4-2-5,49.3
155622,5-2-4,243.1
155622,6-2-4,616.7
155622,1-3-6,127.8
155622,2-3-6,39.8
155622,3-2-6,56.4
155622,4-2-6,97.9
155622,5-2-6,168.7
155622,6-2-5,621.3
155622,1-4-2,16.9
155622,2-4-1,38.4
155622,3-4-1,136.4
155622,4-3-1,83.6
155622,5-3-1,230.1
155622,6-3-1,923.9
155622,1-4-3,32.4
155622,2-4-3,55.9
155622,3-4-2,120.8
155622,4-3-2,90.3
155622,5-3-2,192.3
155622,6-3-2,631.7
155622,1-4-5,26.7
155622,2-4-5,48.8
155622,3-4-5,96
155622,4-3-5,110.5
155622,5-3-4,226.8
155622,6-3-4,787.2
155622,1-4-6,62
155622,2-4-6,86
155622,3-4-6,108.1
155622,4-3-6,165.1
155622,5-3-6,144
155622,6-3-5,558.9
155622,1-5-2,88.5
155622,2-5-1,74.9
155622,3-5-1,93.3
155622,4-5-1,98.1
155622,5-4-1,245.1
155622,6-4-1,649.2
155622,1-5-3,120.7
155622,2-5-3,49.6
155622,3-5-2,86.7
155622,4-5-2,116.6
155622,5-4-2,288.5
155622,6-4-2,657.9
155622,1-5-4,82.7
155622,2-5-4,75.5
155622,3-5-4,85.8
155622,4-5-3,158.7
155622,5-4-3,339.6
155622,6-4-3,933.5
155622,1-5-6,150.4
155622,2-5-6,60.7
155622,3-5-6,55.1
155622,4-5-6,147.6
155622,5-4-6,220.2
155622,6-4-5,655.2
155622,1-6-2,253.1
155622,2-6-1,169.3
155622,3-6-1,151.7
155622,4-6-1,239.8
155622,5-6-1,366.4
155622,6-5-1,880.9
155622,1-6-3,301.1
155622,2-6-3,108.7
155622,3-6-2,138.1
155622,4-6-2,263
155622,5-6-2,271.7
155622,6-5-2,683.4
155622,1-6-4,216.6
155622,2-6-4,165.6
155622,3-6-4,139.1
155622,4-6-3,330.8
155622,5-6-3,227
155622,6-5-3,592.9
155622,1-6-5,285.8
155622,2-6-5,124.1
155622,3-6-5,96.7
155622,4-6-5,264.5
155622,5-6-4,296.2
155622,6-5-4,644.5
155659,1-2-3,5.1
155659,2-1-3,19
155659,3-1-2,45.1
155659,4-1-2,70.2
155659,5-1-2,200
155659,6-1-2,375.4
155659,1-2-4,8.9
155659,2-1-4,18.8
155659,3-1-4,51.2
155659,4-1-3,124.8
155659,5-1-3,339.2
155659,6-1-3,561.9
155659,1-2-5,14.3
155659,2-1-5,51.2
155659,3-1-5,88.3
155659,4-1-5,137.9
155659,5-1-4,294.5
155659,6-1-4,668.6
155659,1-2-6,47.5
155659,2-1-6,87.7
155659,3-1-6,182.4
155659,4-1-6,298.3
155659,5-1-6,618.9
155659,6-1-5,964.2
155659,1-3-2,10.7
155659,2-3-1,47.4
155659,3-2-1,61.8
155659,4-2-1,89.7
155659,5-2-1,328.3
155659,6-2-1,545.2
155659,1-3-4,15.4
155659,2-3-4,65.1
155659,3-2-4,80.8
155659,4-2-3,168
155659,5-2-3,704.6
155659,6-2-3,934.7
155659,1-3-5,29.2
155659,2-3-5,155.7
155659,3-2-5,167.1
155659,4-2-5,197.4
155659,5-2-4,458
155659,6-2-4,840.4
155659,1-3-6,66.4
155659,2-3-6,210.5
155659,3-2-6,258.7
155659,4-2-6,340.5
155659,5-2-6,1409
155659,6-2-5,1189
155659,1-4-2,19.8
155659,2-4-1,47.6
155659,3-4-1,97.9
155659,4-3-1,170.2
155659,5-3-1,542
155659,6-3-1,1159
155659,1-4-3,28.7
155659,2-4-3,77.4
155659,3-4-2,116.5
155659,4-3-2,226.1
155659,5-3-2,906.9
155659,6-3-2,1728
155659,1-4-5,52.4
155659,2-4-5,121.1
155659,3-4-5,169.3
155659,4-3-5,436.2
155659,5-3-4,1254
155659,6-3-4,1991
155659,1-4-6,93.8
155659,2-4-6,164.4
155659,3-4-6,270.2
155659,4-3-6,732.8
155659,5-3-6,1665
155659,6-3-5,2694
155659,1-5-2,46.8
155659,2-5-1,197.4
155659,3-5-1,228.4
155659,4-5-1,219.6
155659,5-4-1,410.7
155659,6-4-1,1017
155659,1-5-3,73.2
155659,2-5-3,357.8
155659,3-5-2,323.6
155659,4-5-2,268.6
155659,5-4-2,467.3
155659,6-4-2,832.7
155659,1-5-4,96.8
155659,2-5-4,241.6
155659,3-5-4,283.6
155659,4-5-3,526.4
155659,5-4-3,1052
155659,6-4-3,1431
155659,1-5-6,186.5
155659,2-5-6,551.8
155659,3-5-6,864.1
155659,4-5-6,545.2
155659,5-4-6,1409
155659,6-4-5,1991
155659,1-6-2,135.5
155659,2-6-1,265.5
155659,3-6-1,542
155659,4-6-1,514.6
155659,5-6-1,1077
155659,6-5-1,1696
155659,1-6-3,165.3
155659,2-6-3,538.8
155659,3-6-2,974.5
155659,4-6-2,623.1
155659,5-6-2,2234
155659,6-5-2,2694
155659,1-6-4,200.4
155659,2-6-4,363.5
155659,3-6-4,688.7
155659,4-6-3,1205
155659,5-6-3,1949
155659,6-5-3,2290
155659,1-6-5,258
155659,2-6-5,590.9
155659,3-6-5,974.5
155659,4-6-5,1017
155659,5-6-4,1796
155659,6-5-4,2617
155660,1-2-3,26
155660,2-1-3,36.6
155660,3-1-2,211.6
155660,4-1-2,153.4
155660,5-1-2,68.6
155660,6-1-2,146.1
155660,1-2-4,14.4
155660,2-1-4,21.3
155660,3-1-4,481.7
155660,4-1-3,629.7
155660,5-1-3,280.9
155660,6-1-3,730.9
155660,1-2-5,8.8
155660,2-1-5,10.9
155660,3-1-5,259.3
155660,4-1-5,129
155660,5-1-4,144.7
155660,6-1-4,574.3
155660,1-2-6,16.9
155660,2-1-6,16
155660,3-1-6,369.3
155660,4-1-6,190.4
155660,5-1-6,101.4
155660,6-1-5,270.8
155660,1-3-2,55.5
155660,2-3-1,97.7
155660,3-2-1,226.2
155660,4-2-1,156.9
155660,5-2-1,72.9
155660,6-2-1,151
155660,1-3-4,141.8
155660,2-3-4,175.3
155660,3-2-4,370.6
155660,4-2-3,604.2
155660,5-2-3,280.2
155660,6-2-3,507.4
155660,1-3-5,86.6
155660,2-3-5,95.4
155660,3-2-5,202.1
155660,4-2-5,111.5
155660,5-2-4,114.3
155660,6-2-4,444.8
155660,1-3-6,139.1
155660,2-3-6,141.6
155660,3-2-6,230.7
155660,4-2-6,167.5
155660,5-2-6,84.9
155660,6-2-5,214.6
155660,1-4-2,38.2
155660,2-4-1,49.5
155660,3-4-1,797.9
155660,4-3-1,1215
155660,5-3-1,568.1
155660,6-3-1,1412
155660,1-4-3,140.3
155660,2-4-3,160.3
155660,3-4-2,804
155660,4-3-2,1431
155660,5-3-2,514.9
155660,6-3-2,849.8
155660,1-4-5,51.9
155660,2-4-5,51
155660,3-4-5,657.4
155660,4-3-5,1066
155660,5-3-4,986.1
155660,6-3-4,2049
155660,1-4-6,73.9
155660,2-4-6,74.8
155660,3-4-6,885.8
155660,4-3-6,1633
155660,5-3-6,583.9
155660,6-3-5,1187
155660,1-5-2,18.7
155660,2-5-1,21.4
155660,3-5-1,381.5
155660,4-5-1,119.4
155660,5-4-1,196.8
155660,6-4-1,785.9
155660,1-5-3,81.7
155660,2-5-3,80.4
155660,3-5-2,282.5
155660,4-5-2,112.1
155660,5-4-2,142.9
155660,6-4-2,574.3
155660,1-5-4,44.8
155660,2-5-4,39.3
155660,3-5-4,706.2
155660,4-5-3,520
155660,5-4-3,701.5
155660,6-4-3,2090
155660,1-5-6,35.6
155660,2-5-6,30.2
155660,3-5-6,400.5
155660,4-5-6,131.8
155660,5-4-6,173.3
155660,6-4-5,701.5
155660,1-6-2,55.2
155660,2-6-1,43.5
155660,3-6-1,995.5
155660,4-6-1,293.6
155660,5-6-1,169.6
155660,6-5-1,378.7
155660,1-6-3,191
155660,2-6-3,183.3
155660,3-6-2,577.5
155660,4-6-2,312
155660,5-6-2,155.5
155660,6-5-2,275.8
155660,1-6-4,139.1
155660,2-6-4,124.1
155660,3-6-4,1608
155660,4-6-3,1340
155660,5-6-3,520
155660,6-5-3,916.9
155660,1-6-5,92.6
155660,2-6-5,69.4
155660,3-6-5,797.9
155660,4-6-5,237.5
155660,5-6-4,267.3
155660,6-5-4,593.9
155661,1-2-3,5.9
155661,2-1-3,9.3
155661,3-1-2,102.6
155661,4-1-2,111.7
155661,5-1-2,343.4
155661,6-1-2,1282
155661,1-2-4,6.1
155661,2-1-4,8.5
155661,3-1-4,165.8
155661,4-1-3,232.5
155661,5-1-3,1067
155661,6-1-3,3494
155661,1-2-5,11.3
155661,2-1-5,14.4
155661,3-1-5,260.7
155661,4-1-5,229.1
155661,5-1-4,539.6
155661,6-1-4,3176
155661,1-2-6,30.4
155661,2-1-6,35.6
155661,3-1-6,452.3
155661,4-1-6,346.8
155661,5-1-6,650.1
155661,6-1-5,4659
155661,1-3-2,17.1
155661,2-3-1,41.8
155661,3-2-1,120.4
155661,4-2-1,115.2
155661,5-2-1,416
155661,6-2-1,1914
155661,1-3-4,39.8
155661,2-3-4,47.8
155661,3-2-4,127.4
155661,4-2-3,198.8
155661,5-2-3,1164
155661,6-2-3,2688
155661,1-3-5,69
155661,2-3-5,105.4
155661,3-2-5,266.2
155661,4-2-5,234.5
155661,5-2-4,537.6
155661,6-2-4,2496
155661,1-3-6,146.9
155661,2-3-6,211.4
155661,3-2-6,380.8
155661,4-2-6,364.9
155661,5-2-6,716.8
155661,6-2-5,3328
155661,1-4-2,20.2
155661,2-4-1,25.4
155661,3-4-1,251.8
155661,4-3-1,398.2
155661,5-3-1,2150
155661,6-3-1,4992
155661,1-4-3,47.5
155661,2-4-3,40.4
155661,3-4-2,168.8
155661,4-3-2,345.9
155661,5-3-2,1704
155661,6-3-2,4659
155661,1-4-5,82.6
155661,2-4-5,67.9
155661,3-4-5,407.5
155661,4-3-5,852.3
155661,5-3-4,2588
155661,6-3-4,4368
155661,1-4-6,146.6
155661,2-4-6,139
155661,3-4-6,490.4
155661,4-3-6,919.6
155661,5-3-6,2852
155661,6-3-5,6077
155661,1-5-2,59.8
155661,2-5-1,105.6
155661,3-5-1,743.5
155661,4-5-1,445.1
155661,5-4-1,780.8
155661,6-4-1,4659
155661,1-5-3,167.2
155661,2-5-3,235.3
155661,3-5-2,561.3
155661,4-5-2,421
155661,5-4-2,776.5
155661,6-4-2,3106
155661,1-5-4,172.5
155661,2-5-4,181.7
155661,3-5-4,925.6
155661,4-5-3,1075
155661,5-4-3,2452
155661,6-4-3,5591
155661,1-5-6,325.8
155661,2-5-6,377.7
155661,3-5-6,1487
155661,4-5-6,852.3
155661,5-4-6,1456
155661,6-4-5,6988
155661,1-6-2,231.8
155661,2-6-1,345.1
155661,3-6-1,1318
155661,4-6-1,1331
155661,5-6-1,1456
155661,6-5-1,4368
155661,1-6-3,552.4
155661,2-6-3,709.5
155661,3-6-2,1226
155661,4-6-2,1270
155661,5-6-2,1769
155661,6-5-2,4509
155661,1-6-4,527.4
155661,2-6-4,579.9
155661,3-6-4,1570
155661,4-6-3,2740
155661,5-6-3,3038
155661,6-5-3,5824
155661,1-6-5,565.9
155661,2-6-5,709.5
155661,3-6-5,2086
155661,4-6-5,1888
155661,5-6-4,2588
155661,6-5-4,5824
155662,1-2-3,47.8
155662,2-1-3,219.8
155662,3-1-2,170.5
155662,4-1-2,55.1
155662,5-1-2,39.6
155662,6-1-2,727.6
155662,1-2-4,31.2
155662,2-1-4,127.8
155662,3-1-4,107.5
155662,4-1-3,92.7
155662,5-1-3,36.1
155662,6-1-3,1244
155662,1-2-5,28.9
155662,2-1-5,108.7
155662,3-1-5,62.3
155662,4-1-5,17.4
155662,5-1-4,16.9
155662,6-1-4,476.6
155662,1-2-6,116.8
155662,2-1-6,306.1
155662,3-1-6,660.6
155662,4-1-6,54.8
155662,5-1-6,42.1
155662,6-1-5,440.4
155662,1-3-2,51.2
155662,2-3-1,500.4
155662,3-2-1,443
155662,4-2-1,142.7
155662,5-2-1,101.5
155662,6-2-1,1234
155662,1-3-4,38.7
155662,2-3-4,823.1
155662,3-2-4,710.5
155662,4-2-3,495.4
155662,5-2-3,248.1
155662,6-2-3,1931
155662,1-3-5,21.8
155662,2-3-5,473.6
155662,3-2-5,485.8
155662,4-2-5,129.2
155662,5-2-4,133.4
155662,6-2-4,1195
155662,1-3-6,163
155662,2-3-6,1186
155662,3-2-6,1255
155662,4-2-6,273.3
155662,5-2-6,180.3
155662,6-2-5,742
155662,1-4-2,30.9
155662,2-4-1,250.2
155662,3-4-1,244.9
155662,4-3-1,301.8
155662,5-3-1,100.5
155662,6-3-1,2689
155662,1-4-3,41.6
155662,2-4-3,865.6
155662,3-4-2,796.9
155662,4-3-2,1010
155662,5-3-2,343.1
155662,6-3-2,2553
155662,1-4-5,12.7
155662,2-4-5,225.1
155662,3-4-5,254.4
155662,4-3-5,282
155662,5-3-4,219.2
155662,6-3-4,1906
155662,1-4-6,48.1
155662,2-4-6,528.5
155662,3-4-6,1265
155662,4-3-6,984.5
155662,5-3-6,414.9
155662,6-3-5,1836
155662,1-5-2,22.2
155662,2-5-1,191.3
155662,3-5-1,119.3
155662,4-5-1,15.1
155662,5-4-1,18.9
155662,6-4-1,503.7
155662,1-5-3,17.7
155662,2-5-3,453.7
155662,3-5-2,419.5
155662,4-5-2,47.7
155662,5-4-2,62.5
155662,6-4-2,855.8
155662,1-5-4,12.5
155662,2-5-4,215.8
155662,3-5-4,249.7
155662,4-5-3,102.1
155662,5-4-3,128.7
155662,6-4-3,1357
155662,1-5-6,39.4
155662,2-5-6,367.3
155662,3-5-6,818.6
155662,4-5-6,29
155662,5-4-6,35.3
155662,6-4-5,397.4
155662,1-6-2,253.1
155662,2-6-1,1115
155662,3-6-1,2008
155662,4-6-1,127
155662,5-6-1,94.4
155662,6-5-1,493.8
155662,1-6-3,327.4
155662,2-6-3,1369
155662,3-6-2,1931
155662,4-6-2,284.7
155662,5-6-2,183.9
155662,6-5-2,713.8
155662,1-6-4,155.9
155662,2-6-4,1158
155662,3-6-4,1981
155662,4-6-3,622.4
155662,5-6-3,332.5
155662,6-5-3,1214
155662,1-6-5,154.1
155662,2-6-5,690.9
155662,3-6-5,1434
155662,4-6-5,95.9
155662,5-6-4,92.2
155662,6-5-4,449.6
155663,1-2-3,21
155663,2-1-3,67.7
155663,3-1-2,519.8
155663,4-1-2,47.2
155663,5-1-2,73
155663,6-1-2,1002
155663,1-2-4,4.5
155663,2-1-4,16.2
155663,3-1-4,559.2
155663,4-1-3,252
155663,5-1-3,279.6
155663,6-1-3,4818
155663,1-2-5,5.8
155663,2-1-5,18.6
155663,3-1-5,392.7
155663,4-1-5,35.2
155663,5-1-4,92.3
155663,6-1-4,2723
155663,1-2-6,203.3
155663,2-1-6,280.2
155663,3-1-6,2665
155663,4-1-6,659.3
155663,5-1-6,626.3
155663,6-1-5,2665
155663,1-3-2,55
155663,2-3-1,238.6
155663,3-2-1,639.1
155663,4-2-1,79.2
155663,5-2-1,104.9
155663,6-2-1,1423
155663,1-3-4,64.8
155663,2-3-4,272.3
155663,3-2-4,724.1
155663,4-2-3,445.8
155663,5-2-3,479.9
155663,6-2-3,4175
155663,1-3-5,61.8
155663,2-3-5,268.2
155663,3-2-5,645.7
155663,4-2-5,79.2
155663,5-2-4,142.5
155663,6-2-4,5219
155663,1-3-6,639.1
155663,2-3-6,1002
155663,3-2-6,2020
155663,4-2-6,901.2
155663,5-2-6,840.7
155663,6-2-5,2609
155663,1-4-2,9.7
155663,2-4-1,45.5
155663,3-4-1,754.6
155663,4-3-1,666.3
155663,5-3-1,645.7
155663,6-3-1,8351
155663,1-4-3,39.5
155663,2-4-3,208.7
155663,3-4-2,914.3
155663,4-3-2,813.4
155663,5-3-2,732.5
155663,6-3-2,9636
155663,1-4-5,9.8
155663,2-4-5,59.9
155663,3-4-5,808.2
155663,4-3-5,639.1
155663,5-3-4,1181
155663,6-3-4,9999
155663,1-4-6,431.9
155663,2-4-6,677.1
155663,3-4-6,3296
155663,4-3-6,2982
155663,5-3-6,2609
155663,6-3-5,8351
155663,1-5-2,16.7
155663,2-5-1,56.8
155663,3-5-1,608.1
155663,4-5-1,49.3
155663,5-4-1,97.3
155663,6-4-1,5010
155663,1-5-3,56.9
155663,2-5-3,235.4
155663,3-5-2,715.8
155663,4-5-2,66.7
155663,5-4-2,120.1
155663,6-4-2,5446
155663,1-5-4,17.2
155663,2-5-4,77.9
155663,3-5-4,1043
155663,4-5-3,345.1
155663,5-4-3,544.6
155663,6-4-3,4041
155663,1-5-6,344.1
155663,2-5-6,605.1
155663,3-5-6,2783
155663,4-5-6,392.7
155663,5-4-6,547
155663,6-4-5,4319
155663,1-6-2,470.9
155663,2-6-1,632.6
155663,3-6-1,5965
155663,4-6-1,1606
155663,5-6-1,1291
155663,6-5-1,3914
155663,1-6-3,1149
155663,2-6-3,1626
155663,3-6-2,3579
155663,4-6-2,2609
155663,5-6-2,1739
155663,6-5-2,4319
155663,1-6-4,1061
155663,2-6-4,1546
155663,3-6-4,4818
155663,4-6-3,5219
155663,5-6-3,2409
155663,6-5-3,6593
155663,1-6-5,1018
155663,2-6-5,1089
155663,3-6-5,6263
155663,4-6-5,1527
155663,5-6-4,1585
155663,6-5-4,3914
155664,1-2-3,11.2
155664,2-1-3,18.9
155664,3-1-2,22.7
155664,4-1-2,116.7
155664,5-1-2,471.2
155664,6-1-2,2234
155664,1-2-4,17.2
155664,2-1-4,25.4
155664,3-1-4,19.9
155664,4-1-3,99.7
155664,5-1-3,411.7
155664,6-1-3,5745
155664,1-2-5,75.6
155664,2-1-5,93.8
155664,3-1-5,56.7
155664,4-1-5,220.5
155664,5-1-4,594.3
155664,6-1-4,5484
155664,1-2-6,247.7
155664,2-1-6,317.5
155664,3-1-6,363.4
155664,4-1-6,893.7
155664,5-1-6,1402
155664,6-1-5,5484
155664,1-3-2,11.3
155664,2-3-1,20.8
155664,3-2-1,23.7
155664,4-2-1,117.4
155664,5-2-1,513.4
155664,6-2-1,3891
155664,1-3-4,13.8
155664,2-3-4,11.9
155664,3-2-4,11.5
155664,4-2-3,63
155664,5-2-3,424.8
155664,6-2-3,4308
155664,1-3-5,52.7
155664,2-3-5,56.2
155664,3-2-5,57.3
155664,4-2-5,209.4
155664,5-2-4,517.8
155664,6-2-4,4826
155664,1-3-6,310.9
155664,2-3-6,351.7
155664,3-2-6,261.7
155664,4-2-6,701.4
155664,5-2-6,1856
155664,6-2-5,3770
155664,1-4-2,35
155664,2-4-1,45.8
155664,3-4-1,28.7
155664,4-3-1,74.7
155664,5-3-1,424.8
155664,6-3-1,3447
155664,1-4-3,29.6
155664,2-4-3,23.2
155664,3-4-2,18.6
155664,4-3-2,62.5
155664,5-3-2,392.9
155664,6-3-2,4160
155664,1-4-5,105
155664,2-4-5,118.2
155664,3-4-5,51.9
155664,4-3-5,158.7
155664,5-3-4,344.7
155664,6-3-4,2942
155664,1-4-6,389.1
155664,2-4-6,445.2
155664,3-4-6,216.6
155664,4-3-6,722.4
155664,5-3-6,1885
155664,6-3-5,4640
155664,1-5-2,186.4
155664,2-5-1,284.5
155664,3-5-1,161.9
155664,4-5-1,367.8
155664,5-4-1,670.2
155664,6-4-1,6702
155664,1-5-3,154
155664,2-5-3,186.4
155664,3-5-2,134.3
155664,4-5-2,334.2
155664,5-4-2,662.9
155664,6-4-2,4308
155664,1-5-4,221.7
155664,2-5-4,238.9
155664,3-5-4,120.7
155664,4-5-3,310.1
155664,5-4-3,464
155664,6-4-3,2622
155664,1-5-6,758.8
155664,2-5-6,1218
155664,3-5-6,677.8
155664,4-5-6,843.7
155664,5-4-6,2320
155664,6-4-5,5245
155664,1-6-2,1086
155664,2-6-1,1856
155664,3-6-1,1325
155664,4-6-1,1977
155664,5-6-1,1915
155664,6-5-1,3016
155664,1-6-3,950
155664,2-6-3,1945
155664,3-6-2,1171
155664,4-6-2,1608
155664,5-6-2,3548
155664,6-5-2,4826
155664,1-6-4,1171
155664,2-6-4,1723
155664,3-6-4,1218
155664,4-6-3,1675
155664,5-6-3,3093
155664,6-5-3,4308
155664,1-6-5,1566
155664,2-6-5,2080
155664,3-6-5,1489
155664,4-6-5,1453
155664,5-6-4,3175
155664,6-5-4,2942
155665,1-2-3,52.4
155665,2-1-3,446.2
155665,3-1-2,237.9
155665,4-1-2,265.1
155665,5-1-2,1238
155665,6-1-2,56
155665,1-2-4,63
155665,2-1-4,454.7
155665,3-1-4,46.7
155665,4-1-3,95.8
155665,5-1-3,927
155665,6-1-3,27.4
155665,1-2-5,156
155665,2-1-5,830.6
155665,3-1-5,145.7
155665,4-1-5,170.8
155665,5-1-4,606.3
155665,6-1-4,21.7
155665,1-2-6,38
155665,2-1-6,349.6
155665,3-1-6,33.5
155665,4-1-6,39.4
155665,5-1-6,409.3
155665,6-1-5,116.1
155665,1-3-2,38.6
155665,2-3-1,596.2
155665,3-2-1,520.6
155665,4-2-1,606.3
155665,5-2-1,1915
155665,6-2-1,137.1
155665,1-3-4,11
155665,2-3-4,789.5
155665,3-2-4,633
155665,4-2-3,1056
155665,5-2-3,2317
155665,6-2-3,325.8
155665,1-3-5,52
155665,2-3-5,1122
155665,3-2-5,1064
155665,4-2-5,1228
155665,5-2-4,1774
155665,6-2-4,293.2
155665,1-3-6,8.9
155665,2-3-6,694.1
155665,3-2-6,440.7
155665,4-2-6,495.4
155665,5-2-6,1941
155665,6-2-5,603.7
155665,1-4-2,52.9
155665,2-4-1,756.2
155665,3-4-1,81.6
155665,4-3-1,147.9
155665,5-3-1,1041
155665,6-3-1,65.6
155665,1-4-3,16.4
155665,2-4-3,1041
155665,3-4-2,463.5
155665,4-3-2,671.4
155665,5-3-2,1731
155665,6-3-2,183.2
155665,1-4-5,64.4
155665,2-4-5,1422
155665,3-4-5,217.3
155665,4-3-5,410.5
155665,5-3-4,1197
155665,6-3-4,91.6
155665,1-4-6,9.3
155665,2-4-6,584.1
155665,3-4-6,57.3
155665,4-3-6,117.7
155665,5-3-6,970.9
155665,6-3-5,348.7
155665,1-5-2,285.6
155665,2-5-1,1528
155665,3-5-1,403.6
155665,4-5-1,256.5
155665,5-4-1,707.8
155665,6-4-1,40.1
155665,1-5-3,153
155665,2-5-3,1774
155665,3-5-2,1033
155665,4-5-2,744.5
155665,5-4-2,1496
155665,6-4-2,223.4
155665,1-5-4,159.3
155665,2-5-4,1866
155665,3-5-4,466.5
155665,4-5-3,559.1
155665,5-4-3,1395
155665,6-4-3,80.9
155665,1-5-6,99.3
155665,2-5-6,1528
155665,3-5-6,215.7
155665,4-5-6,181.6
155665,5-4-6,532.2
155665,6-4-5,196
155665,1-6-2,25.8
155665,2-6-1,538.1
155665,3-6-1,56.3
155665,4-6-1,42.2
155665,5-6-1,449
155665,6-5-1,303.1
155665,1-6-3,11.6
155665,2-6-3,898
155665,3-6-2,213.1
155665,4-6-2,229.9
155665,5-6-2,1168
155665,6-5-2,725.7
155665,1-6-4,10.5
155665,2-6-4,707.8
155665,3-6-4,63.5
155665,4-6-3,80.1
155665,5-6-3,887
155665,6-5-3,581.7
155665,1-6-5,57.6
155665,2-6-5,1342
155665,3-6-5,206.4
155665,4-6-5,128.5
155665,5-6-4,520.6
155665,6-5-4,368.4
155666,1-2-3,9.1
155666,2-1-3,18.9
155666,3-1-2,32.7
155666,4-1-2,228.1
155666,5-1-2,551.2
155666,6-1-2,90.5
155666,1-2-4,26.6
155666,2-1-4,41.9
155666,3-1-4,29.8
155666,4-1-3,188
155666,5-1-3,583.4
155666,6-1-3,98.5
155666,1-2-5,107.9
155666,2-1-5,140.8
155666,3-1-5,137.6
155666,4-1-5,551.2
155666,5-1-4,875.1
155666,6-1-4,214.3
155666,1-2-6,16.1
155666,2-1-6,24.5
155666,3-1-6,26.8
155666,4-1-6,165.1
155666,5-1-6,470.3
155666,6-1-5,409.1
155666,1-3-2,15.8
155666,2-3-1,47.5
155666,3-2-1,52.5
155666,4-2-1,271.2
155666,5-2-1,671
155666,6-2-1,95.9
155666,1-3-4,22
155666,2-3-4,56.9
155666,3-2-4,48.1
155666,4-2-3,200.4
155666,5-2-3,430.9
155666,6-2-3,94.7
155666,1-3-5,129.4
155666,2-3-5,128.3
155666,3-2-5,136.4
155666,4-2-5,446.7
155666,5-2-4,879.6
155666,6-2-4,208.3
155666,1-3-6,19.9
155666,2-3-6,26.2
155666,3-2-6,39.7
155666,4-2-6,180.6
155666,5-2-6,368.2
155666,6-2-5,378.1
155666,1-4-2,69.6
155666,2-4-1,125.4
155666,3-4-1,78.2
155666,4-3-1,213.5
155666,5-3-1,617.3
155666,6-3-1,141.2
155666,1-4-3,55.9
155666,2-4-3,108.5
155666,3-4-2,81.3
155666,4-3-2,220.2
155666,5-3-2,423.3
155666,6-3-2,111.9
155666,1-4-5,286.7
155666,2-4-5,319.7
155666,3-4-5,192.7
155666,4-3-5,444.4
155666,5-3-4,778.8
155666,6-3-4,166.1
155666,1-4-6,69.9
155666,2-4-6,69.9
155666,3-4-6,49
155666,4-3-6,121.6
155666,5-3-6,317.3
155666,6-3-5,386.7
155666,1-5-2,340.9
155666,2-5-1,489.2
155666,3-5-1,346.4
155666,4-5-1,665.8
155666,5-4-1,1248
155666,6-4-1,381.5
155666,1-5-3,318.5
155666,2-5-3,309.8
155666,3-5-2,222.5
155666,4-5-2,619.6
155666,5-4-2,1022
155666,6-4-2,302.1
155666,1-5-4,439.8
155666,2-5-4,707.4
155666,3-5-4,401.3
155666,4-5-3,775.2
155666,5-4-3,1239
155666,6-4-3,242.1
155666,1-5-6,288.2
155666,2-5-6,338.8
155666,3-5-6,158.3
155666,4-5-6,349.3
155666,5-4-6,589.5
155666,6-4-5,512.9
155666,1-6-2,44.7
155666,2-6-1,63.3
155666,3-6-1,66.2
155666,4-6-1,223.1
155666,5-6-1,458.8
155666,6-5-1,542.4
155666,1-6-3,48.9
155666,2-6-3,43.9
155666,3-6-2,57.8
155666,4-6-2,194.4
155666,5-6-2,457.6
155666,6-5-2,496.4
155666,1-6-4,77.8
155666,2-6-4,78.2
155666,3-6-4,61.9
155666,4-6-3,169.9
155666,5-6-3,479.6
155666,6-5-3,547.6
155666,1-6-5,215.7
155666,2-6-5,229.7
155666,3-6-5,171.3
155666,4-6-5,342.9
155666,5-6-4,593.6
155666,6-5-4,511.3
155667,1-2-3,11.6
155667,2-1-3,17.9
155667,3-1-2,48.2
155667,4-1-2,312.4
155667,5-1-2,697.1
155667,6-1-2,80.1
155667,1-2-4,29.5
155667,2-1-4,46.2
155667,3-1-4,104.5
155667,4-1-3,374.5
155667,5-1-3,717
155667,6-1-3,83
155667,1-2-5,38.2
155667,2-1-5,53
155667,3-1-5,83.2
155667,4-1-5,419.4
155667,5-1-4,1045
155667,6-1-4,226.7
155667,1-2-6,10.7
155667,2-1-6,13.2
155667,3-1-6,32.7
155667,4-1-6,180.1
155667,5-1-6,429
155667,6-1-5,334.6
155667,1-3-2,18.1
155667,2-3-1,45.5
155667,3-2-1,72.1
155667,4-2-1,392.1
155667,5-2-1,831.9
155667,6-2-1,116.8
155667,1-3-4,36.2
155667,2-3-4,99
155667,3-2-4,142
155667,4-2-3,413.7
155667,5-2-3,1091
155667,6-2-3,151.3
155667,1-3-5,46.6
155667,2-3-5,94.7
155667,3-2-5,128.8
155667,4-2-5,576.9
155667,5-2-4,1132
155667,6-2-4,323.1
155667,1-3-6,13.4
155667,2-3-6,26.4
155667,3-2-6,42.8
155667,4-2-6,204.6
155667,5-2-6,595.2
155667,6-2-5,374.5
155667,1-4-2,75.5
155667,2-4-1,193.8
155667,3-4-1,212
155667,4-3-1,452.2
155667,5-3-1,745.4
155667,6-3-1,128.5
155667,1-4-3,82
155667,2-4-3,171.1
155667,3-4-2,234.1
155667,4-3-2,493.7
155667,5-3-2,1003
155667,6-3-2,172.1
155667,1-4-5,143.8
155667,2-4-5,317.6
155667,3-4-5,321
155667,4-3-5,583.6
155667,5-3-4,1214
155667,6-3-4,336.1
155667,1-4-6,54.9
155667,2-4-6,117
155667,3-4-6,135.4
155667,4-3-6,228.8
155667,5-3-6,553.6
155667,6-3-5,373.6
155667,1-5-2,119
155667,2-5-1,271.8
155667,3-5-1,268.9
155667,4-5-1,501.9
155667,5-4-1,1053
155667,6-4-1,399.4
155667,1-5-3,117.7
155667,2-5-3,276.8
155667,3-5-2,313
155667,4-5-2,555.6
155667,5-4-2,1234
155667,6-4-2,433.9
155667,1-5-4,201.8
155667,2-5-4,472
155667,3-5-4,454.9
155667,4-5-3,749.1
155667,5-4-3,1730
155667,6-4-3,444.2
155667,1-5-6,71.4
155667,2-5-6,185.9
155667,3-5-6,218.5
155667,4-5-6,292.4
155667,5-4-6,651.8
155667,6-4-5,703.6
155667,1-6-2,21
155667,2-6-1,44.6
155667,3-6-1,66
155667,4-6-1,178.4
155667,5-6-1,557.7
155667,6-5-1,717
155667,1-6-3,25
155667,2-6-3,52.1
155667,3-6-2,72.9
155667,4-6-2,237.1
155667,5-6-2,666.3
155667,6-5-2,654.7
155667,1-6-4,72.2
155667,2-6-4,143.1
155667,3-6-4,148.9
155667,4-6-3,251.3
155667,5-6-3,756.7
155667,6-5-3,693.9
155667,1-6-5,84.4
155667,2-6-5,160.3
155667,3-6-5,171.5
155667,4-6-5,282
155667,5-6-4,827.4
155667,6-5-4,772.2
155668,1-2-3,41.2
155668,2-1-3,532.8
155668,3-1-2,440.6
155668,4-1-2,48.6
155668,5-1-2,440.6
155668,6-1-2,1822
155668,1-2-4,24.6
155668,2-1-4,373.2
155668,3-1-4,70.7
155668,4-1-3,26.3
155668,5-1-3,321.8
155668,6-1-3,2278
155668,1-2-5,68.3
155668,2-1-5,681.7
155668,3-1-5,164.6
155668,4-1-5,10.8
155668,5-1-4,97.3
155668,6-1-4,840.6
155668,1-2-6,127.7
155668,2-1-6,1012
155668,3-1-6,375.6
155668,4-1-6,26.8
155668,5-1-6,248.8
155668,6-1-5,1767
155668,1-3-2,42.8
155668,2-3-1,967.4
155668,3-2-1,995.2
155668,4-2-1,195
155668,5-2-1,1082
155668,6-2-1,3206
155668,1-3-4,10.2
155668,2-3-4,1012
155668,3-2-4,865.8
155668,4-2-3,473.1
155668,5-2-3,1924
155668,6-2-3,3148
155668,1-3-5,28.9
155668,2-3-5,1519
155668,3-2-5,1385
155668,4-2-5,282.4
155668,5-2-4,1082
155668,6-2-4,4810
155668,1-3-6,75.7
155668,2-3-6,1990
155668,3-2-6,1618
155668,4-2-6,390
155668,5-2-6,1618
155668,6-2-5,3092
155668,1-4-2,13.9
155668,2-4-1,531.1
155668,3-4-1,102.7
155668,4-3-1,81.2
155668,5-3-1,593
155668,6-3-1,3330
155668,1-4-3,6.8
155668,2-4-3,916.2
155668,3-4-2,453.3
155668,4-3-2,364.5
155668,5-3-2,1374
155668,6-3-2,3330
155668,1-4-5,5.7
155668,2-4-5,892.6
155668,3-4-5,186.4
155668,4-3-5,115.9
155668,5-3-4,532.8
155668,6-3-4,2748
155668,1-4-6,18.7
155668,2-4-6,1455
155668,3-4-6,384.8
155668,4-3-6,204.2
155668,5-3-6,1236
155668,6-3-5,5093
155668,1-5-2,85.2
155668,2-5-1,1321
155668,3-5-1,353.4
155668,4-5-1,17.9
155668,5-4-1,94
155668,6-4-1,962
155668,1-5-3,44.8
155668,2-5-3,1633
155668,3-5-2,1049
155668,4-5-2,90.3
155668,5-4-2,409.3
155668,6-4-2,3330
155668,1-5-4,23.8
155668,2-5-4,1633
155668,3-5-4,345.6
155668,4-5-3,58.4
155668,5-4-3,289.5
155668,6-4-3,2935
155668,1-5-6,86.3
155668,2-5-6,2438
155668,3-5-6,798
155668,4-5-6,32.1
155668,5-4-6,184.4
155668,6-4-5,962
155668,1-6-2,314.8
155668,2-6-1,1990
155668,3-6-1,1082
155668,4-6-1,73.4
155668,5-6-1,509.3
155668,6-5-1,2220
155668,1-6-3,195.4
155668,2-6-3,2438
155668,3-6-2,1902
155668,4-6-2,323.6
155668,5-6-2,1967
155668,6-5-2,3206
155668,1-6-4,103.2
155668,2-6-4,3038
155668,3-6-4,1075
155668,4-6-3,238.1
155668,5-6-3,1095
155668,6-5-3,4223
155668,1-6-5,206.8
155668,2-6-5,3038
155668,3-6-5,1302
155668,4-6-5,86.6
155668,5-6-4,387.3
155668,6-5-4,978.3
155669,1-2-3,7.7
155669,2-1-3,51.1
155669,3-1-2,16.1
155669,4-1-2,303
155669,5-1-2,1460
155669,6-1-2,272.6
155669,1-2-4,16.1
155669,2-1-4,89.1
155669,3-1-4,21.1
155669,4-1-3,206.9
155669,5-1-3,1247
155669,6-1-3,154.5
155669,1-2-5,80.1
155669,2-1-5,221.9
155669,3-1-5,78.9
155669,4-1-5,439.3
155669,5-1-4,1726
155669,6-1-4,372.3
155669,1-2-6,26
155669,2-1-6,113.1
155669,3-1-6,24.3
155669,4-1-6,225.1
155669,5-1-6,1436
155669,6-1-5,794.9
155669,1-3-2,4.9
155669,2-3-1,90.2
155669,3-2-1,49.6
155669,4-2-1,501.2
155669,5-2-1,1837
155669,6-2-1,562.2
155669,1-3-4,7.4
155669,2-3-4,221.4
155669,3-2-4,113.4
155669,4-2-3,524.2
155669,5-2-3,2629
155669,6-2-3,736.7
155669,1-3-5,46.7
155669,2-3-5,491.1
155669,3-2-5,274.7
155669,4-2-5,1124
155669,5-2-4,2998
155669,6-2-4,1400
155669,1-3-6,10.6
155669,2-3-6,220.2
155669,3-2-6,145.5
155669,4-2-6,769.9
155669,5-2-6,2513
155669,6-2-5,1553
155669,1-4-2,26.6
155669,2-4-1,305.7
155669,3-4-1,82.7
155669,4-3-1,261.3
155669,5-3-1,1568
155669,6-3-1,203.4
155669,1-4-3,22.3
155669,2-4-3,405.9
155669,3-4-2,142.5
155669,4-3-2,452.1
155669,5-3-2,2136
155669,6-3-2,542.6
155669,1-4-5,115.2
155669,2-4-5,1139
155669,3-4-5,220.2
155669,4-3-5,709.2
155669,5-3-4,2946
155669,6-3-4,626
155669,1-4-6,37.1
155669,2-4-6,577.4
155669,3-4-6,104.7
155669,4-3-6,333.1
155669,5-3-6,2513
155669,6-3-5,1709
155669,1-5-2,202.2
155669,2-5-1,1162
155669,3-5-1,350.2
155669,4-5-1,791.3
155669,5-4-1,2110
155669,6-4-1,739.9
155669,1-5-3,171.7
155669,2-5-3,1247
155669,3-5-2,579.3
155669,4-5-2,1042
155669,5-4-2,2946
155669,6-4-2,1178
155669,1-5-4,269.1
155669,2-5-4,1627
155669,3-5-4,502.7
155669,4-5-3,1170
155669,5-4-3,2896
155669,6-4-3,1356
155669,1-5-6,226.3
155669,2-5-6,1124
155669,3-5-6,415.8
155669,4-5-6,794.9
155669,5-4-6,2191
155669,6-4-5,1818
155669,1-6-2,58.8
155669,2-6-1,383.2
155669,3-6-1,83.8
155669,4-6-1,400.2
155669,5-6-1,1762
155669,6-5-1,1942
155669,1-6-3,38.3
155669,2-6-3,438.2
155669,3-6-2,196
155669,4-6-2,766.4
155669,5-6-2,2110
155669,6-5-2,3286
155669,1-6-4,69.1
155669,2-6-4,858.9
155669,3-6-4,168.3
155669,4-6-3,718.1
155669,5-6-3,2670
155669,6-5-3,3560
155669,1-6-5,171.9
155669,2-6-5,1186
155669,3-6-5,362.1
155669,4-6-5,904.3
155669,5-6-4,2477
155669,6-5-4,3224
155670,1-2-3,7.8
155670,2-1-3,38.3
155670,3-1-2,128.1
155670,4-1-2,136.2
155670,5-1-2,288.5
155670,6-1-2,169.2
155670,1-2-4,7.1
155670,2-1-4,41.2
155670,3-1-4,85.3
155670,4-1-3,158.6
155670,5-1-3,415.8
155670,6-1-3,255.6
155670,1-2-5,13.3
155670,2-1-5,62.7
155670,3-1-5,132.8
155670,4-1-5,129.5
155670,5-1-4,334.9
155670,6-1-4,237.6
155670,1-2-6,11.9
155670,2-1-6,48.2
155670,3-1-6,124.3
155670,4-1-6,109.1
155670,5-1-6,281.3
155670,6-1-5,392.1
155670,1-3-2,14.3
155670,2-3-1,143.1
155670,3-2-1,218.5
155670,4-2-1,231.2
155670,5-2-1,452.5
155670,6-2-1,287.2
155670,1-3-4,13.6
155670,2-3-4,219.6
155670,3-2-4,273.2
155670,4-2-3,525.5
155670,5-2-3,1134
155670,6-2-3,737.5
155670,1-3-5,26.4
155670,2-3-5,247.5
155670,3-2-5,333.1
155670,4-2-5,441.4
155670,5-2-4,990.1
155670,6-2-4,762.6
155670,1-3-6,24
155670,2-3-6,269.9
155670,3-2-6,387.9
155670,4-2-6,340
155670,5-2-6,825.8
155670,6-2-5,810.9
155670,1-4-2,16.5
155670,2-4-1,146.3
155670,3-4-1,193.5
155670,4-3-1,282.6
155670,5-3-1,676.2
155670,6-3-1,467.9
155670,1-4-3,24.5
155670,2-4-3,274.8
155670,3-4-2,398.2
155670,4-3-2,663.7
155670,5-3-2,1357
155670,6-3-2,1179
155670,1-4-5,36.4
155670,2-4-5,328.8
155670,3-4-5,311.1
155670,4-3-5,346.6
155670,5-3-4,1271
155670,6-3-4,1202
155670,1-4-6,26.2
155670,2-4-6,249.6
155670,3-4-6,306.8
155670,4-3-6,362
155670,5-3-6,1347
155670,6-3-5,1308
155670,1-5-2,42.6
155670,2-5-1,273.2
155670,3-5-1,338.1
155670,4-5-1,196.7
155670,5-4-1,422.6
155670,6-4-1,496.4
155670,1-5-3,68.6
155670,2-5-3,450.2
155670,3-5-2,615.8
155670,4-5-2,393.8
155670,5-4-2,1024
155670,6-4-2,1048
155670,1-5-4,65.3
155670,2-5-4,514.9
155670,3-5-4,491
155670,4-5-3,423.6
155670,5-4-3,1271
155670,6-4-3,1544
155670,1-5-6,54.3
155670,2-5-6,366.5
155670,3-5-6,513.5
155670,4-5-6,229.7
155670,5-4-6,536.5
155670,6-4-5,984.7
155670,1-6-2,38
155670,2-6-1,191.6
155670,3-6-1,327
155670,4-6-1,225.1
155670,5-6-1,464.2
155670,6-5-1,668.7
155670,1-6-3,63.5
155670,2-6-3,449.1
155670,3-6-2,714
155670,4-6-2,338.1
155670,5-6-2,919
155670,6-5-2,1378
155670,1-6-4,60.5
155670,2-6-4,404.5
155670,3-6-4,548
155670,4-6-3,506.2
155670,5-6-3,1289
155670,6-5-3,1757
155670,1-6-5,76.9
155670,2-6-5,419.7
155670,3-6-5,769.1
155670,4-6-5,289.5
155670,5-6-4,849.3
155670,6-5-4,1106
155719,1-2-3,11
155719,2-1-3,405.2
155719,3-1-2,290.9
155719,4-1-2,969.7
155719,5-1-2,479.1
155719,6-1-2,993.4
155719,1-2-4,23
155719,2-1-4,550.4
155719,3-1-4,95
155719,4-1-3,298.3
155719,5-1-3,188.5
155719,6-1-3,1380
155719,1-2-5,20
155719,2-1-5,586
155719,3-1-5,82
155719,4-1-5,382.4
155719,5-1-4,315.7
155719,6-1-4,1597
155719,1-2-6,77.8
155719,2-1-6,754.2
155719,3-1-6,462.8
155719,4-1-6,1115
155719,5-1-6,532.4
155719,6-1-5,2088
155719,1-3-2,9.6
155719,2-3-1,875.9
155719,3-2-1,646.5
155719,4-2-1,2143
155719,5-2-1,2036
155719,6-2-1,2143
155719,1-3-4,5.1
155719,2-3-4,1851
155719,3-2-4,1115
155719,4-2-3,2909
155719,5-2-3,2327
155719,6-2-3,5091
155719,1-3-5,3.8
155719,2-3-5,1894
155719,3-2-5,905.1
155719,4-2-5,2201
155719,5-2-4,2143
155719,6-2-4,2715
155719,1-3-6,30.5
155719,2-3-6,3879
155719,3-2-6,2468
155719,4-2-6,2395
155719,5-2-6,4525
155719,6-2-5,5091
155719,1-4-2,30.5
155719,2-4-1,2088
155719,3-4-1,241.7
155719,4-3-1,384.2
155719,5-3-1,411.4
155719,6-3-1,3394
155719,1-4-3,12.2
155719,2-4-3,2468
155719,3-4-2,1597
155719,4-3-2,3702
155719,5-3-2,1986
155719,6-3-2,8146
155719,1-4-5,13.4
155719,2-4-5,3541
155719,3-4-5,509.1
155719,4-3-5,1197
155719,5-3-4,1851
155719,6-3-4,6266
155719,1-4-6,75
155719,2-4-6,2143
155719,3-4-6,1697
155719,4-3-6,2395
155719,5-3-6,3541
155719,6-3-5,4791
155719,1-5-2,29.3
155719,2-5-1,1566
155719,3-5-1,229.4
155719,4-5-1,487.7
155719,5-4-1,636.4
155719,6-4-1,2909
155719,1-5-3,10.8
155719,2-5-3,2627
155719,3-5-2,1163
155719,4-5-2,2545
155719,5-4-2,2627
155719,6-4-2,3258
155719,1-5-4,16.9
155719,2-5-4,3394
155719,3-5-4,631.4
155719,4-5-3,1071
155719,5-4-3,1536
155719,6-4-3,6266
155719,1-5-6,59.8
155719,2-5-6,4525
155719,3-5-6,1293
155719,4-5-6,1086
155719,5-4-6,1629
155719,6-4-5,3702
155719,1-6-2,172.5
155719,2-6-1,2327
155719,3-6-1,1481
155719,4-6-1,2395
155719,5-6-1,1215
155719,6-5-1,3133
155719,1-6-3,132.8
155719,2-6-3,5818
155719,3-6-2,2468
155719,4-6-2,2395
155719,5-6-2,2715
155719,6-5-2,4073
155719,1-6-4,186.4
155719,2-6-4,2545
155719,3-6-4,2395
155719,4-6-3,3541
155719,5-6-3,3133
155719,6-5-3,4525
155719,1-6-5,156.3
155719,2-6-5,4525
155719,3-6-5,2327
155719,4-6-5,2201
155719,5-6-4,2036
155719,6-5-4,2715
155720,1-2-3,14.9
155720,2-1-3,6.3
155720,3-1-2,69.5
155720,4-1-2,220.9
155720,5-1-2,440.7
155720,6-1-2,1404
155720,1-2-4,26.9
155720,2-1-4,17.1
155720,3-1-4,142.7
155720,4-1-3,390.9
155720,5-1-3,988
155720,6-1-3,5289
155720,1-2-5,30.9
155720,2-1-5,9.6
155720,3-1-5,149.3
155720,4-1-5,426.1
155720,5-1-4,917.5
155720,6-1-4,6422
155720,1-2-6,412.4
155720,2-1-6,194.2
155720,3-1-6,1322
155720,4-1-6,1998
155720,5-1-6,2430
155720,6-1-5,6422
155720,1-3-2,37.9
155720,2-3-1,10.6
155720,3-2-1,37.6
155720,4-2-1,166.5
155720,5-2-1,284.5
155720,6-2-1,2644
155720,1-3-4,81
155720,2-3-4,10.6
155720,3-2-4,38.4
155720,4-2-3,158.3
155720,5-2-3,228.7
155720,6-2-3,2900
155720,1-3-5,110.7
155720,2-3-5,7.7
155720,3-2-5,32.6
155720,4-2-5,131.8
155720,5-2-4,355.3
155720,6-2-4,2644
155720,1-3-6,956.5
155720,2-3-6,164
155720,3-2-6,387.5
155720,4-2-6,620.1
155720,5-2-6,1474
155720,6-2-5,3596
155720,1-4-2,91
155720,2-4-1,38.7
155720,3-4-1,208.6
155720,4-3-1,371.5
155720,5-3-1,795.7
155720,6-3-1,6422
155720,1-4-3,134.8
155720,2-4-3,22.2
155720,3-4-2,98
155720,4-3-2,215.1
155720,5-3-2,324.6
155720,6-3-2,1798
155720,1-4-5,192.5
155720,2-4-5,29.8
155720,3-4-5,197.1
155720,4-3-5,595.4
155720,5-3-4,917.5
155720,6-3-4,4732
155720,1-4-6,1577
155720,2-4-6,265.2
155720,3-4-6,1729
155720,4-3-6,2569
155720,5-3-6,3458
155720,6-3-5,5619
155720,1-5-2,136.4
155720,2-5-1,33
155720,3-5-1,293.8
155720,4-5-1,422.1
155720,5-4-1,731
155720,6-4-1,7493
155720,1-5-3,277.5
155720,2-5-3,20.4
155720,3-5-2,99.6
155720,4-5-2,197.1
155720,5-4-2,470.7
155720,6-4-2,3596
155720,1-5-4,358.2
155720,2-5-4,39.9
155720,3-5-4,298.7
155720,4-5-3,624.4
155720,5-4-3,899.1
155720,6-4-3,6422
155720,1-5-6,1303
155720,2-5-6,345.8
155720,3-5-6,1835
155720,4-5-6,1167
155720,5-4-6,2366
155720,6-4-5,4995
155720,1-6-2,1404
155720,2-6-1,856.3
155720,3-6-1,4281
155720,4-6-1,4087
155720,5-6-1,3330
155720,6-5-1,6916
155720,1-6-3,3100
155720,2-6-3,1083
155720,3-6-2,2497
155720,4-6-2,2497
155720,5-6-2,3458
155720,6-5-2,3909
155720,1-6-4,2724
155720,2-6-4,1045
155720,3-6-4,3909
155720,4-6-3,3746
155720,5-6-3,4087
155720,6-5-3,7493
155720,1-6-5,2724
155720,2-6-5,1322
155720,3-6-5,3909
155720,4-6-5,2997
155720,5-6-4,3458
155720,6-5-4,3909
155721,1-2-3,22.2
155721,2-1-3,40
155721,3-1-2,12.5
155721,4-1-2,416.4
155721,5-1-2,501.7
155721,6-1-2,1649
155721,1-2-4,53.8
155721,2-1-4,130.9
155721,3-1-4,8.3
155721,4-1-3,107.3
155721,5-1-3,157.7
155721,6-1-3,1949
155721,1-2-5,65
155721,2-1-5,167.8
155721,3-1-5,11.9
155721,4-1-5,297.9
155721,5-1-4,487.4
155721,6-1-4,3730
155721,1-2-6,227.5
155721,2-1-6,599.9
155721,3-1-6,81.9
155721,4-1-6,1225
155721,5-1-6,824.9
155721,6-1-5,5046
155721,1-3-2,13.1
155721,2-3-1,48
155721,3-2-1,26.8
155721,4-2-1,579.6
155721,5-2-1,884.4
155721,6-2-1,4085
155721,1-3-4,11.6
155721,2-3-4,74.3
155721,3-2-4,30.9
155721,4-2-3,316.5
155721,5-2-3,298.9
155721,6-2-3,4085
155721,1-3-5,18.2
155721,2-3-5,76.9
155721,3-2-5,33.5
155721,4-2-5,714.9
155721,5-2-4,1191
155721,6-2-4,2859
155721,1-3-6,99.3
155721,2-3-6,365
155721,3-2-6,169.2
155721,4-2-6,1715
155721,5-2-6,2257
155721,6-2-5,4085
155721,1-4-2,101.4
155721,2-4-1,243
155721,3-4-1,12.4
155721,4-3-1,102.7
155721,5-3-1,139.7
155721,6-3-1,2767
155721,1-4-3,39.7
155721,2-4-3,181.3
155721,3-4-2,27.9
155721,4-3-2,187.7
155721,5-3-2,217.2
155721,6-3-2,4766
155721,1-4-5,118.8
155721,2-4-5,446.8
155721,3-4-5,14.6
155721,4-3-5,154.8
155721,5-3-4,247.2
155721,6-3-4,3064
155721,1-4-6,354.5
155721,2-4-6,953.2
155721,3-4-6,78.2
155721,4-3-6,501.7
155721,5-3-6,476.6
155721,6-3-5,3299
155721,1-5-2,124.7
155721,2-5-1,366.6
155721,3-5-1,24.9
155721,4-5-1,471.4
155721,5-4-1,575.8
155721,6-4-1,4289
155721,1-5-3,77.2
155721,2-5-3,220.5
155721,3-5-2,36.7
155721,4-5-2,932.5
155721,5-4-2,1114
155721,6-4-2,2257
155721,1-5-4,146.9
155721,2-5-4,626.2
155721,3-5-4,26.4
155721,4-5-3,347.3
155721,5-4-3,461.2
155721,6-4-3,4085
155721,1-5-6,523.1
155721,2-5-6,1505
155721,3-5-6,96.2
155721,4-5-6,1208
155721,5-4-6,1532
155721,6-4-5,4289
155721,1-6-2,1021
155721,2-6-1,1505
155721,3-6-1,327.4
155721,4-6-1,2599
155721,5-6-1,1099
155721,6-5-1,3899
155721,1-6-3,817.1
155721,2-6-3,1128
155721,3-6-2,456.3
155721,4-6-2,2767
155721,5-6-2,1682
155721,6-5-2,3064
155721,1-6-4,1159
155721,2-6-4,1682
155721,3-6-4,271.5
155721,4-6-3,1787
155721,5-6-3,1532
155721,6-5-3,5719
155721,1-6-5,1479
155721,2-6-5,2042
155721,3-6-5,298.9
155721,4-6-5,2859
155721,5-6-4,1995
155721,6-5-4,4766
155722,1-2-3,6.4
155722,2-1-3,16.1
155722,3-1-2,50.7
155722,4-1-2,159.5
155722,5-1-2,145
155722,6-1-2,2105
155722,1-2-4,10.3
155722,2-1-4,26.8
155722,3-1-4,57.3
155722,4-1-3,178.5
155722,5-1-3,159
155722,6-1-3,3478
155722,1-2-5,12.5
155722,2-1-5,28
155722,3-1-5,50.8
155722,4-1-5,155
155722,5-1-4,208
155722,6-1-4,5000
155722,1-2-6,479
155722,2-1-6,474.8
155722,3-1-6,812.2
155722,4-1-6,1126
155722,5-1-6,969.7
155722,6-1-5,5517
155722,1-3-2,10.3
155722,2-3-1,38.2
155722,3-2-1,68
155722,4-2-1,195.1
155722,5-2-1,221.3
155722,6-2-1,3478
155722,1-3-4,12.8
155722,2-3-4,38.3
155722,3-2-4,54.8
155722,4-2-3,249.6
155722,5-2-3,233.2
155722,6-2-3,9999
155722,1-3-5,15.2
155722,2-3-5,44.6
155722,3-2-5,68.4
155722,4-2-5,235.3
155722,5-2-4,357.1
155722,6-2-4,7619
155722,1-3-6,529.8
155722,2-3-6,680.9
155722,3-2-6,1025
155722,4-2-6,1839
155722,5-2-6,1600
155722,6-2-5,6154
155722,1-4-2,24.2
155722,2-4-1,92.2
155722,3-4-1,108.9
155722,4-3-1,237
155722,5-3-1,258
155722,6-3-1,5714
155722,1-4-3,29.1
155722,2-4-3,79.5
155722,3-4-2,96
155722,4-3-2,298.5
155722,5-3-2,268
155722,6-3-2,7619
155722,1-4-5,36.3
155722,2-4-5,110.2
155722,3-4-5,117
155722,4-3-5,323.2
155722,5-3-4,416.6
155722,6-3-4,5517
155722,1-4-6,599.2
155722,2-4-6,816.3
155722,3-4-6,1176
155722,4-3-6,1975
155722,5-3-6,2285
155722,6-3-5,6154
155722,1-5-2,28.9
155722,2-5-1,98.2
155722,3-5-1,100.4
155722,4-5-1,176
155722,5-4-1,307.1
155722,6-4-1,4706
155722,1-5-3,31.6
155722,2-5-3,93.1
155722,3-5-2,94.9
155722,4-5-2,236.7
155722,5-4-2,401
155722,6-4-2,8889
155722,1-5-4,45.1
155722,2-5-4,144.4
155722,3-5-4,139.1
155722,4-5-3,301.9
155722,5-4-3,458.4
155722,6-4-3,8000
155722,1-5-6,544.2
155722,2-5-6,1039
155722,3-5-6,1073
155722,4-5-6,1012
155722,5-4-6,1818
155722,6-4-5,9999
155722,1-6-2,727.3
155722,2-6-1,2623
155722,3-6-1,4324
155722,4-6-1,3636
155722,5-6-1,2857
155722,6-5-1,4848
155722,1-6-3,1025
155722,2-6-3,1739
155722,3-6-2,2424
155722,4-6-2,4000
155722,5-6-2,3265
155722,6-5-2,6667
155722,1-6-4,1221
155722,2-6-4,2807
155722,3-6-4,5000
155722,4-6-3,4000
155722,5-6-3,3721
155722,6-5-3,3636
155722,1-6-5,1000
155722,2-6-5,2963
155722,3-6-5,2539
155722,4-6-5,2388
155722,5-6-4,3555
155722,6-5-4,8421
155723,1-2-3,57.8
155723,2-1-3,70.1
155723,3-1-2,483.5
155723,4-1-2,35.4
155723,5-1-2,132.3
155723,6-1-2,1080
155723,1-2-4,15.8
155723,2-1-4,13.2
155723,3-1-4,342
155723,4-1-3,133.9
155723,5-1-3,430.1
155723,6-1-3,2679
155723,1-2-5,29.3
155723,2-1-5,22.4
155723,3-1-5,489
155723,4-1-5,48.2
155723,5-1-4,120.1
155723,6-1-4,2041
155723,1-2-6,121.9
155723,2-1-6,83.4
155723,3-1-6,952.6
155723,4-1-6,104.3
155723,5-1-6,165.9
155723,6-1-5,1368
155723,1-3-2,132.8
155723,2-3-1,164.6
155723,3-2-1,462.6
155723,4-2-1,25
155723,5-2-1,96.7
155723,6-2-1,1118
155723,1-3-4,133
155723,2-3-4,97.3
155723,3-2-4,303.3
155723,4-2-3,81
155723,5-2-3,274.8
155723,6-2-3,2624
155723,1-3-5,194.5
155723,2-3-5,136
155723,3-2-5,351.3
155723,4-2-5,15.2
155723,5-2-4,51
155723,6-2-4,669.8
155723,1-3-6,361.2
155723,2-3-6,255.6
155723,3-2-6,765.5
155723,4-2-6,38.5
155723,5-2-6,94.2
155723,6-2-5,824.4
155723,1-4-2,24.4
155723,2-4-1,13.4
155723,3-4-1,325.5
155723,4-3-1,188
155723,5-3-1,863.1
155723,6-3-1,3062
155723,1-4-3,84.3
155723,2-4-3,46.9
155723,3-4-2,395.7
155723,4-3-2,169.6
155723,5-3-2,676.9
155723,6-3-2,4434
155723,1-4-5,40.7
155723,2-4-5,9.1
155723,3-4-5,478.1
155723,4-3-5,227.2
155723,5-3-4,666.3
155723,6-3-4,4287
155723,1-4-6,157.8
155723,2-4-6,35.1
155723,3-4-6,756.5
155723,4-3-6,362.2
155723,5-3-6,893.1
155723,6-3-5,4763
155723,1-5-2,62.3
155723,2-5-1,37.2
155723,3-5-1,600.9
155723,4-5-1,34.6
155723,5-4-1,92.1
155723,6-4-1,1587
155723,1-5-3,211.5
155723,2-5-3,105.8
155723,3-5-2,485.3
155723,4-5-2,22.2
155723,5-4-2,54.8
155723,6-4-2,706.6
155723,1-5-4,72.1
155723,2-5-4,21.5
155723,3-5-4,566.5
155723,4-5-3,139.4
155723,5-4-3,278.9
155723,6-4-3,4148
155723,1-5-6,213.6
155723,2-5-6,84
155723,3-5-6,880.9
155723,4-5-6,44.9
155723,5-4-6,98.4
155723,6-4-5,945.6
155723,1-6-2,421.6
155723,2-6-1,240.8
155723,3-6-1,2217
155723,4-6-1,171.9
155723,5-6-1,217.2
155723,6-5-1,1325
155723,1-6-3,1071
155723,2-6-3,656.1
155723,3-6-2,2795
155723,4-6-2,102.8
155723,5-6-2,159.3
155723,6-5-2,959.7
155723,1-6-4,710.5
155723,2-6-4,170.1
155723,3-6-4,2795
155723,4-6-3,606.6
155723,5-6-3,952.6
155723,6-5-3,4019
155723,1-6-5,581.9
155723,2-6-5,205.7
155723,3-6-5,2922
155723,4-6-5,121.2
155723,5-6-4,170.1
155723,6-5-4,1004
155724,1-2-3,90.2
155724,2-1-3,125.7
155724,3-1-2,146.9
155724,4-1-2,1112
155724,5-1-2,29.6
155724,6-1-2,1087
155724,1-2-4,205.9
155724,2-1-4,249.3
155724,3-1-4,167.7
155724,4-1-3,571.5
155724,5-1-3,24.4
155724,6-1-3,1225
155724,1-2-5,74.4
155724,2-1-5,104.9
155724,3-1-5,73.5
155724,4-1-5,637
155724,5-1-4,61.1
155724,6-1-4,2410
155724,1-2-6,267.3
155724,2-1-6,317.1
155724,3-1-6,171.9
155724,4-1-6,909.5
155724,5-1-6,51.2
155724,6-1-5,926.9
155724,1-3-2,110.4
155724,2-3-1,96.9
155724,3-2-1,131.8
155724,4-2-1,749.2
155724,5-2-1,43.4
155724,6-2-1,1522
155724,1-3-4,159.9
155724,2-3-4,61.6
155724,3-2-4,68
155724,4-2-3,327.9
155724,5-2-3,12.1
155724,6-2-3,590.2
155724,1-3-5,61.2
155724,2-3-5,30.9
155724,3-2-5,28.3
155724,4-2-5,392.9
155724,5-2-4,46
155724,6-2-4,1403
155724,1-3-6,211.4
155724,2-3-6,44.7
155724,3-2-6,42.9
155724,4-2-6,394
155724,5-2-6,24.3
155724,6-2-5,585.4
155724,1-4-2,456.1
155724,2-4-1,417.9
155724,3-4-1,175
155724,4-3-1,467.9
155724,5-3-1,31.7
155724,6-3-1,1156
155724,1-4-3,340.2
155724,2-4-3,150.6
155724,3-4-2,89.7
155724,4-3-2,285.2
155724,5-3-2,13.5
155724,6-3-2,500.3
155724,1-4-5,432.9
155724,2-4-5,175.2
155724,3-4-5,63.3
155724,4-3-5,215.1
155724,5-3-4,34.5
155724,6-3-4,817
155724,1-4-6,631.4
155724,2-4-6,201.4
155724,3-4-6,60.7
155724,4-3-6,214.5
155724,5-3-6,22.6
155724,6-3-5,228
155724,1-5-2,33.7
155724,2-5-1,78.2
155724,3-5-1,53
155724,4-5-1,541.6
155724,5-4-1,240.2
155724,6-4-1,2410
155724,1-5-3,30.1
155724,2-5-3,23.9
155724,3-5-2,21.9
155724,4-5-2,316.4
155724,5-4-2,102.7
155724,6-4-2,1681
155724,1-5-4,68.7
155724,2-5-4,72.8
155724,3-5-4,43.9
155724,4-5-3,264.3
155724,5-4-3,89.6
155724,6-4-3,1032
155724,1-5-6,65.1
155724,2-5-6,43.2
155724,3-5-6,27.9
155724,4-5-6,300
155724,5-4-6,112.1
155724,6-4-5,1215
155724,1-6-2,569.3
155724,2-6-1,615.3
155724,3-6-1,224.5
155724,4-6-1,1147
155724,5-6-1,192
155724,6-5-1,745.4
155724,1-6-3,539.5
155724,2-6-3,187
155724,3-6-2,118.1
155724,4-6-2,812.4
155724,5-6-2,96.8
155724,6-5-2,488.5
155724,1-6-4,831
155724,2-6-4,382.5
155724,3-6-4,114.6
155724,4-6-3,564.8
155724,5-6-3,71.5
155724,6-5-3,222.4
155724,1-6-5,390.8
155724,2-6-5,202.8
155724,3-6-5,65.5
155724,4-6-5,657.3
155724,5-6-4,193
155724,6-5-4,1004
155725,1-2-3,13
155725,2-1-3,34.6
155725,3-1-2,219.8
155725,4-1-2,639.6
155725,5-1-2,100.8
155725,6-1-2,161
155725,1-2-4,22
155725,2-1-4,46.1
155725,3-1-4,339.1
155725,4-1-3,605.2
155725,5-1-3,275.4
155725,6-1-3,608
155725,1-2-5,5.9
155725,2-1-5,14.8
155725,3-1-5,208.9
155725,4-1-5,485.5
155725,5-1-4,416.5
155725,6-1-4,893.8
155725,1-2-6,6.4
155725,2-1-6,15.8
155725,3-1-6,292.1
155725,4-1-6,584.3
155725,5-1-6,97.1
155725,6-1-5,266.7
155725,1-3-2,30.5
155725,2-3-1,150.6
155725,3-2-1,309.5
155725,4-2-1,828
155725,5-2-1,145.6
155725,6-2-1,175
155725,1-3-4,69
155725,2-3-4,255.6
155725,3-2-4,564.7
155725,4-2-3,1363
155725,5-2-3,442.5
155725,6-2-3,544.2
155725,1-3-5,39.6
155725,2-3-5,130.6
155725,3-2-5,296.6
155725,4-2-5,622
155725,5-2-4,513.2
155725,6-2-4,754
155725,1-3-6,43.9
155725,2-3-6,155.3
155725,3-2-6,350.5
155725,4-2-6,699.3
155725,5-2-6,122.1
155725,6-2-5,155.6
155725,1-4-2,66.3
155725,2-4-1,236.3
155725,3-4-1,535.6
155725,4-3-1,699.3
155725,5-3-1,459.1
155725,6-3-1,1173
155725,1-4-3,124.2
155725,2-4-3,374.9
155725,3-4-2,813.1
155725,4-3-2,1249
155725,5-3-2,789.3
155725,6-3-2,1014
155725,1-4-5,88.3
155725,2-4-5,215.9
155725,3-4-5,714.1
155725,4-3-5,1022
155725,5-3-4,1349
155725,6-3-4,1606
155725,1-4-6,73.2
155725,2-4-6,213.2
155725,3-4-6,1079
155725,4-3-6,1261
155725,5-3-6,710.4
155725,6-3-5,1499
155725,1-5-2,14.2
155725,2-5-1,56.1
155725,3-5-1,297.3
155725,4-5-1,681.6
155725,5-4-1,978
155725,6-4-1,1848
155725,1-5-3,47.6
155725,2-5-3,160.3
155725,3-5-2,278.3
155725,4-5-2,417.8
155725,5-4-2,766.9
155725,6-4-2,1606
155725,1-5-4,69.8
155725,2-5-4,207.9
155725,3-5-4,818
155725,4-5-3,1273
155725,5-4-3,1901
155725,6-4-3,2812
155725,1-5-6,23
155725,2-5-6,42.8
155725,3-5-6,384.5
155725,4-5-6,555.4
155725,5-4-6,610.7
155725,6-4-5,1928
155725,1-6-2,24.5
155725,2-6-1,64.9
155725,3-6-1,706.6
155725,4-6-1,893.8
155725,5-6-1,153.5
155725,6-5-1,322.1
155725,1-6-3,86.9
155725,2-6-3,195.6
155725,3-6-2,599.8
155725,4-6-2,818
155725,5-6-2,126
155725,6-5-2,165
155725,1-6-4,94.6
155725,2-6-4,254.1
155725,3-6-4,1420
155725,4-6-3,1752
155725,5-6-3,619.1
155725,6-5-3,1143
155725,1-6-5,40.9
155725,2-6-5,57.3
155725,3-6-5,648.9
155725,4-6-5,833.1
155725,5-6-4,610.7
155725,6-5-4,1143
155726,1-2-3,8.2
155726,2-1-3,149.9
155726,3-1-2,30.6
155726,4-1-2,948.3
155726,5-1-2,1148
155726,6-1-2,291.1
155726,1-2-4,18.6
155726,2-1-4,410.4
155726,3-1-4,44.1
155726,4-1-3,327.7
155726,5-1-3,558.8
155726,6-1-3,208.6
155726,1-2-5,34.5
155726,2-1-5,551.4
155726,3-1-5,94.1
155726,4-1-5,777.5
155726,5-1-4,1127
155726,6-1-4,913.7
155726,1-2-6,17
155726,2-1-6,289.1
155726,3-1-6,32.6
155726,4-1-6,596.1
155726,5-1-6,823.5
155726,6-1-5,1069
155726,1-3-2,4.2
155726,2-3-1,278.1
155726,3-2-1,204.2
155726,4-2-1,1763
155726,5-2-1,1955
155726,6-2-1,920.4
155726,1-3-4,8.3
155726,2-3-4,869.3
155726,3-2-4,587.7
155726,4-2-3,2121
155726,5-2-3,3294
155726,6-2-3,1317
155726,1-3-5,19
155726,2-3-5,1215
155726,3-2-5,687.8
155726,4-2-5,1714
155726,5-2-4,3383
155726,6-2-4,4316
155726,1-3-6,5.9
155726,2-3-6,745.1
155726,3-2-6,474.1
155726,4-2-6,2554
155726,5-2-6,2911
155726,6-2-5,2361
155726,1-4-2,32.1
155726,2-4-1,1069
155726,3-4-1,188.5
155726,4-3-1,403.8
155726,5-3-1,913.7
155726,6-3-1,336.5
155726,1-4-3,28.5
155726,2-4-3,1438
155726,3-4-2,525.9
155726,4-3-2,1669
155726,5-3-2,3383
155726,6-3-2,1117
155726,1-4-5,86.4
155726,2-4-5,1955
155726,3-4-5,566.4
155726,4-3-5,1472
155726,5-3-4,3477
155726,6-3-4,1738
155726,1-4-6,39.5
155726,2-4-6,2086
155726,3-4-6,313.7
155726,4-3-6,1079
155726,5-3-6,2781
155726,6-3-5,2407
155726,1-5-2,62.2
155726,2-5-1,1406
155726,3-5-1,358.6
155726,4-5-1,1148
155726,5-4-1,1647
155726,6-4-1,2019
155726,1-5-3,46.6
155726,2-5-3,2607
155726,3-5-2,787.3
155726,4-5-2,3911
155726,5-4-2,4172
155726,6-4-2,3911
155726,1-5-4,97.6
155726,2-5-4,2503
155726,3-5-4,797.3
155726,4-5-3,2158
155726,5-4-3,2980
155726,6-4-3,2503
155726,1-5-6,63.2
155726,2-5-6,2407
155726,3-5-6,593.2
155726,4-5-6,1987
155726,5-4-6,3477
155726,6-4-5,4636
155726,1-6-2,34.5
155726,2-6-1,749.5
155726,3-6-1,140.9
155726,4-6-1,797.3
155726,5-6-1,1331
155726,6-5-1,2454
155726,1-6-3,17.8
155726,2-6-3,1169
155726,3-6-2,487
155726,4-6-2,3576
155726,5-6-2,2980
155726,6-5-2,3911
155726,1-6-4,72.2
155726,2-6-4,2607
155726,3-6-4,468.8
155726,4-6-3,2019
155726,5-6-3,2554
155726,6-5-3,3576
155726,1-6-5,90
155726,2-6-5,2318
155726,3-6-5,740.7
155726,4-6-5,2607
155726,5-6-4,3576
155726,6-5-4,3793
155727,1-2-3,18.7
155727,2-1-3,59.3
155727,3-1-2,194.3
155727,4-1-2,12.7
155727,5-1-2,278.5
155727,6-1-2,1284
155727,1-2-4,6.9
155727,2-1-4,19.1
155727,3-1-4,130.9
155727,4-1-3,39.5
155727,5-1-3,727.7
155727,6-1-3,2621
155727,1-2-5,28.3
155727,2-1-5,74.3
155727,3-1-5,351.1
155727,4-1-5,23.2
155727,5-1-4,220.5
155727,6-1-4,1407
155727,1-2-6,121.8
155727,2-1-6,235.4
155727,3-1-6,585.3
155727,4-1-6,56.5
155727,5-1-6,554.7
155727,6-1-5,2990
155727,1-3-2,38.6
155727,2-3-1,204.9
155727,3-2-1,381.2
155727,4-2-1,19.5
155727,5-2-1,397
155727,6-2-1,2658
155727,1-3-4,25.8
155727,2-3-4,129.1
155727,3-2-4,218.9
155727,4-2-3,60.7
155727,5-2-3,924.6
155727,6-2-3,3827
155727,1-3-5,77.9
155727,2-3-5,460
155727,3-2-5,683.5
155727,4-2-5,33.6
155727,5-2-4,333.4
155727,6-2-4,2058
155727,1-3-6,206.6
155727,2-3-6,804.1
155727,3-2-6,1023
155727,4-2-6,77.1
155727,5-2-6,804.1
155727,6-2-5,2899
155727,1-4-2,6.9
155727,2-4-1,30.8
155727,3-4-1,174.1
155727,4-3-1,120.5
155727,5-3-1,1724
155727,6-3-1,3827
155727,1-4-3,16.7
155727,2-4-3,75.1
155727,3-4-2,179.2
155727,4-3-2,122.1
155727,5-3-2,1913
155727,6-3-2,3479
155727,1-4-5,18.6
155727,2-4-5,79.7
155727,3-4-5,382
155727,4-3-5,180
155727,5-3-4,1739
155727,6-3-4,3906
155727,1-4-6,57.6
155727,2-4-6,204.9
155727,3-4-6,567.9
155727,4-3-6,383.5
155727,5-3-6,3137
155727,6-3-5,5036
155727,1-5-2,90.8
155727,2-5-1,273.8
155727,3-5-1,1112
155727,4-5-1,27.4
155727,5-4-1,183.8
155727,6-4-1,1132
155727,1-5-3,202.7
155727,2-5-3,451.4
155727,3-5-2,1057
155727,4-5-2,31.1
155727,5-4-2,203.8
155727,6-4-2,1259
155727,1-5-4,88.9
155727,2-5-4,231.7
155727,3-5-4,1018
155727,4-5-3,116.2
155727,5-4-3,585.3
155727,6-4-3,2551
155727,1-5-6,300.9
155727,2-5-6,592.5
155727,3-5-6,1543
155727,4-5-6,63.3
155727,5-4-6,350.5
155727,6-4-5,1581
155727,1-6-2,420.6
155727,2-6-1,1347
155727,3-6-1,1519
155727,4-6-1,124.4
155727,5-6-1,850.6
155727,6-5-1,3752
155727,1-6-3,571.3
155727,2-6-3,1858
155727,3-6-2,2126
155727,4-6-2,130.2
155727,5-6-2,1376
155727,6-5-2,4160
155727,1-6-4,333.4
155727,2-6-4,902.8
155727,3-6-4,1678
155727,4-6-3,313.2
155727,5-6-3,1876
155727,6-5-3,5172
155727,1-6-5,515.8
155727,2-6-5,2278
155727,3-6-5,2126
155727,4-6-5,141.9
155727,5-6-4,756.5
155727,6-5-4,2362
155728,1-2-3,21.7
155728,2-1-3,59.1
155728,3-1-2,188.3
155728,4-1-2,8
155728,5-1-2,1303
155728,6-1-2,624.1
155728,1-2-4,7.2
155728,2-1-4,29.2
155728,3-1-4,135.3
155728,4-1-3,18.8
155728,5-1-3,1487
155728,6-1-3,1767
155728,1-2-5,72.6
155728,2-1-5,137.5
155728,3-1-5,380.6
155728,4-1-5,73.1
155728,5-1-4,1043
155728,6-1-4,583.3
155728,1-2-6,33.4
155728,2-1-6,69.8
155728,3-1-6,289.3
155728,4-1-6,28.7
155728,5-1-6,1767
155728,6-1-5,2231
155728,1-3-2,54
155728,2-3-1,103.8
155728,3-2-1,204.4
155728,4-2-1,17.6
155728,5-2-1,1373
155728,6-2-1,830.2
155728,1-3-4,42.8
155728,2-3-4,79.1
155728,3-2-4,159.3
155728,4-2-3,40.8
155728,5-2-3,1525
155728,6-2-3,1500
155728,1-3-5,152.1
155728,2-3-5,196.3
155728,3-2-5,380.6
155728,4-2-5,117.2
155728,5-2-4,1405
155728,6-2-4,822.6
155728,1-3-6,115.3
155728,2-3-6,127.4
155728,3-2-6,262.5
155728,4-2-6,44.4
155728,5-2-6,1899
155728,6-2-5,2318
155728,1-4-2,5.2
155728,2-4-1,36.8
155728,3-4-1,169.2
155728,4-3-1,71.2
155728,5-3-1,1840
155728,6-3-1,2664
155728,1-4-3,15.9
155728,2-4-3,65.2
155728,3-4-2,181.2
155728,4-3-2,77.9
155728,5-3-2,1733
155728,6-3-2,1919
155728,1-4-5,41
155728,2-4-5,186.7
155728,3-4-5,478.5
155728,4-3-5,242.2
155728,5-3-4,1593
155728,6-3-4,2005
155728,1-4-6,23.9
155728,2-4-6,62.7
155728,3-4-6,315.9
155728,4-3-6,136.7
155728,5-3-6,1879
155728,6-3-5,2879
155728,1-5-2,276.3
155728,2-5-1,469.7
155728,3-5-1,635.2
155728,4-5-1,341.3
155728,5-4-1,1166
155728,6-4-1,595
155728,1-5-3,390.6
155728,2-5-3,420
155728,3-5-2,633
155728,4-5-2,435.3
155728,5-4-2,1579
155728,6-4-2,676.1
155728,1-5-4,256.4
155728,2-5-4,375
155728,3-5-4,587.2
155728,4-5-3,500
155728,5-4-3,1303
155728,6-4-3,1428
155728,1-5-6,461.2
155728,2-5-6,431.1
155728,3-5-6,611.3
155728,4-5-6,402.9
155728,5-4-6,1637
155728,6-4-5,1840
155728,1-6-2,132.5
155728,2-6-1,222.8
155728,3-6-1,681.3
155728,4-6-1,110.8
155728,5-6-1,2100
155728,6-5-1,2625
155728,1-6-3,293.6
155728,2-6-3,300.5
155728,3-6-2,605.1
155728,4-6-2,129
155728,5-6-2,2445
155728,6-5-2,3643
155728,1-6-4,115.1
155728,2-6-4,196.5
155728,3-6-4,531.2
155728,4-6-3,296
155728,5-6-3,2514
155728,6-5-3,3305
155728,1-6-5,591
155728,2-6-5,561.3
155728,3-6-5,822.6
155728,4-6-5,464.8
155728,5-6-4,1919
155728,6-5-4,2479
155729,1-2-3,6.4
155729,2-1-3,162.5
155729,3-1-2,370.7
155729,4-1-2,353.8
155729,5-1-2,148.7
155729,6-1-2,741.5
155729,1-2-4,6.9
155729,2-1-4,128
155729,3-1-4,473.2
155729,4-1-3,594.8
155729,5-1-3,394
155729,6-1-3,1919
155729,1-2-5,4.9
155729,2-1-5,108.4
155729,3-1-5,458
155729,4-1-5,354.7
155729,5-1-4,389.4
155729,6-1-4,1735
155729,1-2-6,14
155729,2-1-6,207.8
155729,3-1-6,723.7
155729,4-1-6,560.4
155729,5-1-6,201.9
155729,6-1-5,676.6
155729,1-3-2,13.8
155729,2-3-1,625.1
155729,3-2-1,688.7
155729,4-2-1,810.4
155729,5-2-1,345.6
155729,6-2-1,1555
155729,1-3-4,27.7
155729,2-3-4,1176
155729,3-2-4,1374
155729,4-2-3,2653
155729,5-2-3,1463
155729,6-2-3,4437
155729,1-3-5,17.2
155729,2-3-5,1142
155729,3-2-5,1224
155729,4-2-5,1230
155729,5-2-4,1479
155729,6-2-4,4039
155729,1-3-6,39.9
155729,2-3-6,1757
155729,3-2-6,1933
155729,4-2-6,1769
155729,5-2-6,977.1
155729,6-2-5,2602
155729,1-4-2,16.4
155729,2-4-1,574.6
155729,3-4-1,923.8
155729,4-3-1,1049
155729,5-3-1,1176
155729,6-3-1,3657
155729,1-4-3,36.8
155729,2-4-3,1713
155729,3-4-2,1804
155729,4-3-2,2553
155729,5-3-2,1961
155729,6-3-2,4437
155729,1-4-5,23.3
155729,2-4-5,1176
155729,3-4-5,2098
155729,4-3-5,2114
155729,5-3-4,3041
155729,6-3-4,4164
155729,1-4-6,41.3
155729,2-4-6,1537
155729,3-4-6,2237
155729,4-3-6,2182
155729,5-3-6,2293
155729,6-3-5,3515
155729,1-5-2,9.6
155729,2-5-1,382.3
155729,3-5-1,920.6
155729,4-5-1,559.2
155729,5-4-1,827.7
155729,6-4-1,2849
155729,1-5-3,24.5
155729,2-5-3,1208
155729,3-5-2,1512
155729,4-5-2,1045
155729,5-4-2,1320
155729,6-4-2,4039
155729,1-5-4,29.4
155729,2-5-4,1142
155729,3-5-4,2200
155729,4-5-3,1879
155729,5-4-3,2438
155729,6-4-3,4101
155729,1-5-6,20.2
155729,2-5-6,881.6
155729,3-5-6,1455
155729,4-5-6,768.9
155729,5-4-6,1156
155729,6-4-5,3007
155729,1-6-2,45.4
155729,2-6-1,1057
155729,3-6-1,2506
155729,4-6-1,1301
155729,5-6-1,403.3
155729,6-5-1,786.8
155729,1-6-3,103.8
155729,2-6-3,2200
155729,3-6-2,3300
155729,4-6-2,1681
155729,5-6-2,991.4
155729,6-5-2,2082
155729,1-6-4,93.8
155729,2-6-4,1691
155729,3-6-4,3041
155729,4-6-3,2529
155729,5-6-3,1735
155729,6-5-3,2679
155729,1-6-5,55.6
155729,2-6-5,1471
155729,3-6-5,2506
155729,4-6-5,1282
155729,5-6-4,1235
155729,6-5-4,2200
155730,1-2-3,7.7
155730,2-1-3,21.9
155730,3-1-2,86.4
155730,4-1-2,33.3
155730,5-1-2,1569
155730,6-1-2,333.9
155730,1-2-4,6.5
155730,2-1-4,20.5
155730,3-1-4,103.9
155730,4-1-3,62.4
155730,5-1-3,2126
155730,6-1-3,647.4
155730,1-2-5,108.4
155730,2-1-5,197.7
155730,3-1-5,438.1
155730,4-1-5,242.1
155730,5-1-4,2076
155730,6-1-4,511.1
155730,1-2-6,14.6
155730,2-1-6,35.3
155730,3-1-6,156.4
155730,4-1-6,103.5
155730,5-1-6,2530
155730,6-1-5,1694
155730,1-3-2,18.1
155730,2-3-1,36.8
155730,3-2-1,84.2
155730,4-2-1,56.1
155730,5-2-1,1871
155730,6-2-1,478.4
155730,1-3-4,25.4
155730,2-3-4,50.1
155730,3-2-4,115.2
155730,4-2-3,66.9
155730,5-2-3,2318
155730,6-2-3,656.8
155730,1-3-5,203.1
155730,2-3-5,175.1
155730,3-2-5,276.1
155730,4-2-5,296.9
155730,5-2-4,2064
155730,6-2-4,499
155730,1-3-6,50.5
155730,2-3-6,47.4
155730,3-2-6,105.6
155730,4-2-6,92.6
155730,5-2-6,2231
155730,6-2-5,1719
155730,1-4-2,7.8
155730,2-4-1,41.4
155730,3-4-1,164.2
155730,4-3-1,148.5
155730,5-3-1,2548
155730,6-3-1,849.4
155730,1-4-3,16
155730,2-4-3,49.8
155730,3-4-2,152
155730,4-3-2,124.7
155730,5-3-2,2379
155730,6-3-2,784.5
155730,1-4-5,166.5
155730,2-4-5,284.2
155730,3-4-5,727.3
155730,4-3-5,593.8
155730,5-3-4,3151
155730,6-3-4,1029
155730,1-4-6,27.6
155730,2-4-6,63.8
155730,3-4-6,286.9
155730,4-3-6,215.8
155730,5-3-6,2395
155730,6-3-5,1648
155730,1-5-2,316.5
155730,2-5-1,503.9
155730,3-5-1,802
155730,4-5-1,905
155730,5-4-1,2566
155730,6-4-1,711.4
155730,1-5-3,462.4
155730,2-5-3,506.7
155730,3-5-2,751.6
155730,4-5-2,950.5
155730,5-4-2,2742
155730,6-4-2,580.4
155730,1-5-4,417.3
155730,2-5-4,720
155730,3-5-4,1029
155730,4-5-3,1189
155730,5-4-3,3629
155730,6-4-3,1017
155730,1-5-6,474.6
155730,2-5-6,501.1
155730,3-5-6,589
155730,4-5-6,849.4
155730,5-4-6,3266
155730,6-4-5,1842
155730,1-6-2,62.4
155730,2-6-1,116.6
155730,3-6-1,262.4
155730,4-6-1,278.5
155730,5-6-1,2274
155730,6-5-1,2722
155730,1-6-3,114.1
155730,2-6-3,117.3
155730,3-6-2,227.9
155730,4-6-2,242.7
155730,5-6-2,2874
155730,6-5-2,2318
155730,1-6-4,91.3
155730,2-6-4,135.6
155730,3-6-4,337.6
155730,4-6-3,411.1
155730,5-6-3,2807
155730,6-5-3,2041
155730,1-6-5,357.8
155730,2-6-5,375
155730,3-6-5,533
155730,4-6-5,761.2
155730,5-6-4,3097
155730,6-5-4,2681
155623,1-2-3,8.5
155623,2-1-3,44
155623,3-1-2,126.3
155623,4-1-2,112.9
155623,5-1-2,63.8
155623,6-1-2,374.8
155623,1-2-4,9.3
155623,2-1-4,33.8
155623,3-1-4,124.7
155623,4-1-3,182.8
155623,5-1-3,115.5
155623,6-1-3,678.5
155623,1-2-5,12.4
155623,2-1-5,43.3
155623,3-1-5,121.5
155623,4-1-5,106.7
155623,5-1-4,95.3
155623,6-1-4,726.5
155623,1-2-6,27.5
155623,2-1-6,84.7
155623,3-1-6,207.3
155623,4-1-6,190.4
155623,5-1-6,95.1
155623,6-1-5,465.1
155623,1-3-2,15.9
155623,2-3-1,126
155623,3-2-1,242.9
155623,4-2-1,182.4
155623,5-2-1,124.1
155623,6-2-1,566.2
155623,1-3-4,21.3
155623,2-3-4,131.2
155623,3-2-4,240.7
155623,4-2-3,291.1
155623,5-2-3,188.5
155623,6-2-3,1087
155623,1-3-5,24.9
155623,2-3-5,147.4
155623,3-2-5,257.3
155623,4-2-5,144.2
155623,5-2-4,124.6
155623,6-2-4,760.2
155623,1-3-6,51.5
155623,2-3-6,227.4
155623,3-2-6,394.7
155623,4-2-6,282.1
155623,5-2-6,175.8
155623,6-2-5,687
155623,1-4-2,16.7
155623,2-4-1,89.3
155623,3-4-1,258.5
155623,4-3-1,378.3
155623,5-3-1,249.5
155623,6-3-1,954.6
155623,1-4-3,27.7
155623,2-4-3,151.2
155623,3-4-2,280.2
155623,4-3-2,344.9
155623,5-3-2,278.3
155623,6-3-2,1052
155623,1-4-5,33.6
155623,2-4-5,93.8
155623,3-4-5,273.2
155623,4-3-5,380.1
155623,5-3-4,391.8
155623,6-3-4,1282
155623,1-4-6,45.5
155623,2-4-6,159.7
155623,3-4-6,410.5
155623,4-3-6,478.7
155623,5-3-6,299.6
155623,6-3-5,797.1
155623,1-5-2,20.3
155623,2-5-1,95.5
155623,3-5-1,251
155623,4-5-1,141.6
155623,5-4-1,186.1
155623,6-4-1,1073
155623,1-5-3,38.9
155623,2-5-3,160
155623,3-5-2,245.8
155623,4-5-2,135.2
155623,5-4-2,165.8
155623,6-4-2,753.2
155623,1-5-4,43.2
155623,2-5-4,97.6
155623,3-5-4,272.7
155623,4-5-3,289.6
155623,5-4-3,374.8
155623,6-4-3,1578
155623,1-5-6,42.8
155623,2-5-6,156.6
155623,3-5-6,253.4
155623,4-5-6,143.9
155623,5-4-6,197.5
155623,6-4-5,608.1
155623,1-6-2,98.3
155623,2-6-1,291.1
155623,3-6-1,549.1
155623,4-6-1,379.2
155623,5-6-1,189.3
155623,6-5-1,451.1
155623,1-6-3,142.1
155623,2-6-3,540.1
155623,3-6-2,536.6
155623,4-6-2,432.1
155623,5-6-2,214.9
155623,6-5-2,574.1
155623,1-6-4,132.8
155623,2-6-4,325.8
155623,3-6-4,549.1
155623,4-6-3,654.2
155623,5-6-3,288.5
155623,6-5-3,654.2
155623,1-6-5,91.9
155623,2-6-5,313.9
155623,3-6-5,387.2
155623,4-6-5,279.2
155623,5-6-4,237.6
155623,6-5-4,536.6
155624,1-2-3,24.1
155624,2-1-3,56.1
155624,3-1-2,62.8
155624,4-1-2,263.9
155624,5-1-2,212.9
155624,6-1-2,65
155624,1-2-4,50
155624,2-1-4,123.7
155624,3-1-4,43.1
155624,4-1-3,228.9
155624,5-1-3,159.5
155624,6-1-3,45.6
155624,1-2-5,71.8
155624,2-1-5,60.4
155624,3-1-5,71.6
155624,4-1-5,286
155624,5-1-4,419
155624,6-1-4,97.1
155624,1-2-6,30.2
155624,2-1-6,60.1
155624,3-1-6,24.9
155624,4-1-6,179.5
155624,5-1-6,148.6
155624,6-1-5,136.6
155624,1-3-2,16
155624,2-3-1,66.2
155624,3-2-1,113.9
155624,4-2-1,334
155624,5-2-1,167.4
155624,6-2-1,116.6
155624,1-3-4,15.6
155624,2-3-4,160.2
155624,3-2-4,243.7
155624,4-2-3,400.2
155624,5-2-3,172.8
155624,6-2-3,143.1
155624,1-3-5,29.9
155624,2-3-5,73.6
155624,3-2-5,156.1
155624,4-2-5,487.4
155624,5-2-4,284.3
155624,6-2-4,239.2
155624,1-3-6,9
155624,2-3-6,76.7
155624,3-2-6,115.1
155624,4-2-6,334.8
155624,5-2-6,221.1
155624,6-2-5,223.2
155624,1-4-2,64.5
155624,2-4-1,216.1
155624,3-4-1,157.8
155624,4-3-1,301.6
155624,5-3-1,277.1
155624,6-3-1,70.1
155624,1-4-3,36
155624,2-4-3,256.3
155624,3-4-2,324.9
155624,4-3-2,457.8
155624,5-3-2,417.7
155624,6-3-2,137.7
155624,1-4-5,103.6
155624,2-4-5,295.4
155624,3-4-5,319.1
155624,4-3-5,487.4
155624,5-3-4,705.9
155624,6-3-4,159.2
155624,1-4-6,36
155624,2-4-6,222.1
155624,3-4-6,149.2
155624,4-3-6,271.4
155624,5-3-6,324.9
155624,6-3-5,190.3
155624,1-5-2,80
155624,2-5-1,63
155624,3-5-1,178.4
155624,4-5-1,427.7
155624,5-4-1,580.1
155624,6-4-1,206.7
155624,1-5-3,75.6
155624,2-5-3,68.7
155624,3-5-2,201.2
155624,4-5-2,648.4
155624,5-4-2,936.6
155624,6-4-2,273.9
155624,1-5-4,178.2
155624,2-5-4,146.8
155624,3-5-4,318.4
155624,4-5-3,675.9
155624,5-4-3,873.7
155624,6-4-3,233
155624,1-5-6,101.7
155624,2-5-6,87.1
155624,3-5-6,186.8
155624,4-5-6,497.5
155624,5-4-6,597
155624,6-4-5,299.7
155624,1-6-2,24
155624,2-6-1,83.7
155624,3-6-1,67.6
155624,4-6-1,208.8
155624,5-6-1,323.4
155624,6-5-1,325.6
155624,1-6-3,14.3
155624,2-6-3,91.7
155624,3-6-2,115.8
155624,4-6-2,306.8
155624,5-6-2,709.4
155624,6-5-2,407.1
155624,1-6-4,32.8
155624,2-6-4,179.1
155624,3-6-4,134.9
155624,4-6-3,283.7
155624,5-6-3,429
155624,6-5-3,337.9
155624,1-6-5,46.5
155624,2-6-5,107.4
155624,3-6-5,158.1
155624,4-6-5,330.1
155624,5-6-4,833.1
155624,6-5-4,589.7
155625,1-2-3,12.8
155625,2-1-3,72.8
155625,3-1-2,51.5
155625,4-1-2,292.9
155625,5-1-2,219.7
155625,6-1-2,119.2
155625,1-2-4,26.8
155625,2-1-4,135.6
155625,3-1-4,49.7
155625,4-1-3,218.3
155625,5-1-3,171.7
155625,6-1-3,80.2
155625,1-2-5,30.8
155625,2-1-5,127.8
155625,3-1-5,48.7
155625,4-1-5,257.2
155625,5-1-4,319.1
155625,6-1-4,158.3
155625,1-2-6,20.9
155625,2-1-6,85.5
155625,3-1-6,25.2
155625,4-1-6,130.4
155625,5-1-6,140.9
155625,6-1-5,218.1
155625,1-3-2,12.2
155625,2-3-1,134.3
155625,3-2-1,120.9
155625,4-2-1,498.3
155625,5-2-1,303.2
155625,6-2-1,249.7
155625,1-3-4,16.6
155625,2-3-4,273.5
155625,3-2-4,271.7
155625,4-2-3,506.9
155625,5-2-3,449.6
155625,6-2-3,237.9
155625,1-3-5,18.9
155625,2-3-5,246.2
155625,3-2-5,200.4
155625,4-2-5,667.1
155625,5-2-4,656.5
155625,6-2-4,426.4
155625,1-3-6,10.3
155625,2-3-6,143.1
155625,3-2-6,99.8
155625,4-2-6,348.7
155625,5-2-6,354.7
155625,6-2-5,508.1
155625,1-4-2,46.5
155625,2-4-1,368.6
155625,3-4-1,146.5
155625,4-3-1,270
155625,5-3-1,227.5
155625,6-3-1,105.6
155625,1-4-3,32.7
155625,2-4-3,454.5
155625,3-4-2,306.8
155625,4-3-2,506.9
155625,5-3-2,424.6
155625,6-3-2,189.5
155625,1-4-5,73.3
155625,2-4-5,636.3
155625,3-4-5,261.1
155625,4-3-5,494.7
155625,5-3-4,498.3
155625,6-3-4,272.1
155625,1-4-6,28.2
155625,2-4-6,320.1
155625,3-4-6,110
155625,4-3-6,218.3
155625,5-3-6,201.3
155625,6-3-5,179.8
155625,1-5-2,48.1
155625,2-5-1,284.4
155625,3-5-1,120.1
155625,4-5-1,247.3
155625,5-4-1,315.2
155625,6-4-1,298.4
155625,1-5-3,45.9
155625,2-5-3,459.6
155625,3-5-2,209.3
155625,4-5-2,448.6
155625,5-4-2,456.5
155625,6-4-2,453.5
155625,1-5-4,84.6
155625,2-5-4,644.3
155625,3-5-4,252.8
155625,4-5-3,416.9
155625,5-4-3,452.5
155625,6-4-3,327.7
155625,1-5-6,50.7
155625,2-5-6,364.1
155625,3-5-6,90.1
155625,4-5-6,180.9
155625,5-4-6,180.9
155625,6-4-5,390.2
155625,1-6-2,36
155625,2-6-1,229.8
155625,3-6-1,55
155625,4-6-1,169.5
155625,5-6-1,164.6
155625,6-5-1,242.1
155625,1-6-3,25
155625,2-6-3,235.8
155625,3-6-2,103.7
155625,4-6-2,267.9
155625,5-6-2,254
155625,6-5-2,418.6
155625,1-6-4,41
155625,2-6-4,388.7
155625,3-6-4,118.7
155625,4-6-3,208.6
155625,5-6-3,176.6
155625,6-5-3,247.3
155625,1-6-5,62
155625,2-6-5,450.5
155625,3-6-5,98.3
155625,4-6-5,207.2
155625,5-6-4,200.4
155625,6-5-4,368.6
155626,1-2-3,27.2
155626,2-1-3,99.8
155626,3-1-2,220.9
155626,4-1-2,99.4
155626,5-1-2,39.2
155626,6-1-2,581.9
155626,1-2-4,23.3
155626,2-1-4,89.2
155626,3-1-4,193.2
155626,4-1-3,179.6
155626,5-1-3,90
155626,6-1-3,721.8
155626,1-2-5,13.4
155626,2-1-5,50.4
155626,3-1-5,121.9
155626,4-1-5,37.9
155626,5-1-4,41.9
155626,6-1-4,378.8
155626,1-2-6,32.4
155626,2-1-6,127.8
155626,3-1-6,179.1
155626,4-1-6,59.3
155626,5-1-6,40.8
155626,6-1-5,312.1
155626,1-3-2,37.4
155626,2-3-1,302.4
155626,3-2-1,381.9
155626,4-2-1,193.2
155626,5-2-1,75.9
155626,6-2-1,970.4
155626,1-3-4,38.4
155626,2-3-4,419.3
155626,3-2-4,618.9
155626,4-2-3,480.8
155626,5-2-3,186.4
155626,6-2-3,1473
155626,1-3-5,28.2
155626,2-3-5,274
155626,3-2-5,370.9
155626,4-2-5,146.8
155626,5-2-4,127.7
155626,6-2-4,1245
155626,1-3-6,45.5
155626,2-3-6,454.9
155626,3-2-6,474.4
155626,4-2-6,241.8
155626,5-2-6,122.9
155626,6-2-5,870.5
155626,1-4-2,30.6
155626,2-4-1,206.4
155626,3-4-1,307
155626,4-3-1,397.5
155626,5-3-1,179.7
155626,6-3-1,1295
155626,1-4-3,39.1
155626,2-4-3,447.3
155626,3-4-2,580.8
155626,4-3-2,667.8
155626,5-3-2,292.5
155626,6-3-2,2085
155626,1-4-5,16.5
155626,2-4-5,182.2
155626,3-4-5,284.7
155626,4-3-5,341
155626,5-3-4,282.5
155626,6-3-4,1427
155626,1-4-6,29.3
155626,2-4-6,388.4
155626,3-4-6,288.6
155626,4-3-6,308.8
155626,5-3-6,150.3
155626,6-3-5,1279
155626,1-5-2,15.7
155626,2-5-1,81
155626,3-5-1,188.6
155626,4-5-1,34.8
155626,5-4-1,48.3
155626,6-4-1,439.4
155626,1-5-3,28.5
155626,2-5-3,203
155626,3-5-2,327.7
155626,4-5-2,71.9
155626,5-4-2,86.6
155626,6-4-2,1111
155626,1-5-4,19.5
155626,2-5-4,167
155626,3-5-4,279.3
155626,4-5-3,150.8
155626,5-4-3,186.7
155626,6-4-3,1194
155626,1-5-6,21.4
155626,2-5-6,174.7
155626,3-5-6,205.3
155626,4-5-6,33.9
155626,5-4-6,46.4
155626,6-4-5,281.2
155626,1-6-2,91.3
155626,2-6-1,487.4
155626,3-6-1,473
155626,4-6-1,114.3
155626,5-6-1,74.2
155626,6-5-1,329.4
155626,1-6-3,113.9
155626,2-6-3,750.5
155626,3-6-2,741.8
155626,4-6-2,235.5
155626,5-6-2,116.9
155626,6-5-2,576.7
155626,1-6-4,79.5
155626,2-6-4,741.8
155626,3-6-4,530
155626,4-6-3,329.4
155626,5-6-3,196.8
155626,6-5-3,832.1
155626,1-6-5,73.3
155626,2-6-5,500.3
155626,3-6-5,494.1
155626,4-6-5,80.3
155626,5-6-4,82.7
155626,6-5-4,270.1
155627,1-2-3,9.6
155627,2-1-3,82
155627,3-1-2,29.2
155627,4-1-2,299.8
155627,5-1-2,290.9
155627,6-1-2,704
155627,1-2-4,38.3
155627,2-1-4,265.4
155627,3-1-4,18.1
155627,4-1-3,129.1
155627,5-1-3,158.4
155627,6-1-3,261.3
155627,1-2-5,33.8
155627,2-1-5,230.4
155627,3-1-5,15.4
155627,4-1-5,171.3
155627,5-1-4,378.5
155627,6-1-4,743.2
155627,1-2-6,58.8
155627,2-1-6,361.5
155627,3-1-6,26.5
155627,4-1-6,196.3
155627,5-1-6,282.8
155627,6-1-5,803.2
155627,1-3-2,7.2
155627,2-3-1,179.1
155627,3-2-1,101
155627,4-2-1,556
155627,5-2-1,622
155627,6-2-1,1521
155627,1-3-4,7.9
155627,2-3-4,521.9
155627,3-2-4,217.3
155627,4-2-3,620
155627,5-2-3,881.6
155627,6-2-3,1784
155627,1-3-5,7.8
155627,2-3-5,529.9
155627,3-2-5,213.2
155627,4-2-5,868.6
155627,5-2-4,1371
155627,6-2-4,2017
155627,1-3-6,15.9
155627,2-3-6,687.5
155627,3-2-6,289.8
155627,4-2-6,808.7
155627,5-2-6,1203
155627,6-2-5,2224
155627,1-4-2,56.7
155627,2-4-1,592.5
155627,3-4-1,56.8
155627,4-3-1,162.9
155627,5-3-1,198.5
155627,6-3-1,287.1
155627,1-4-3,25.1
155627,2-4-3,836.4
155627,3-4-2,189.2
155627,4-3-2,481.6
155627,5-3-2,576.7
155627,6-3-2,1244
155627,1-4-5,54.1
155627,2-4-5,1191
155627,3-4-5,87.9
155627,4-3-5,251.5
155627,5-3-4,576.2
155627,6-3-4,786
155627,1-4-6,55.4
155627,2-4-6,1114
155627,3-4-6,110.4
155627,4-3-6,265.3
155627,5-3-6,432.7
155627,6-3-5,784.9
155627,1-5-2,50.5
155627,2-5-1,834
155627,3-5-1,56.7
155627,4-5-1,225
155627,5-4-1,492.1
155627,6-4-1,936.4
155627,1-5-3,29.6
155627,2-5-3,1116
155627,3-5-2,199.2
155627,4-5-2,562.9
155627,5-4-2,1120
155627,6-4-2,1569
155627,1-5-4,92
155627,2-5-4,1668
155627,3-5-4,127.8
155627,4-5-3,298.2
155627,5-4-3,671.8
155627,6-4-3,991.8
155627,1-5-6,79.6
155627,2-5-6,1513
155627,3-5-6,106
155627,4-5-6,262.7
155627,5-4-6,547.7
155627,6-4-5,1193
155627,1-6-2,153
155627,2-6-1,1414
155627,3-6-1,99.9
155627,4-6-1,353
155627,5-6-1,538.6
155627,6-5-1,1118
155627,1-6-3,66.8
155627,2-6-3,1475
155627,3-6-2,348.4
155627,4-6-2,773.6
155627,5-6-2,1215
155627,6-5-2,2142
155627,1-6-4,140.3
155627,2-6-4,1846
155627,3-6-4,225
155627,4-6-3,474.2
155627,5-6-3,611.6
155627,6-5-3,1007
155627,1-6-5,144.5
155627,2-6-5,2045
155627,3-6-5,176.7
155627,4-6-5,446.5
155627,5-6-4,770.5
155627,6-5-4,1331
155628,1-2-3,27.5
155628,2-1-3,190.5
155628,3-1-2,207.1
155628,4-1-2,645.1
155628,5-1-2,370.9
155628,6-1-2,23.5
155628,1-2-4,50.6
155628,2-1-4,376.8
155628,3-1-4,197.2
155628,4-1-3,498.7
155628,5-1-3,465.2
155628,6-1-3,20.5
155628,1-2-5,46.1
155628,2-1-5,284.6
155628,3-1-5,244.3
155628,4-1-5,604.7
155628,5-1-4,598
155628,6-1-4,42.7
155628,1-2-6,11.8
155628,2-1-6,82.9
155628,3-1-6,54
155628,4-1-6,171.6
155628,5-1-6,136.3
155628,6-1-5,33.2
155628,1-3-2,27.9
155628,2-3-1,367
155628,3-2-1,432.7
155628,4-2-1,1128
155628,5-2-1,732.6
155628,6-2-1,65.3
155628,1-3-4,35.4
155628,2-3-4,913.2
155628,3-2-4,986.6
155628,4-2-3,1566
155628,5-2-3,1217
155628,6-2-3,123.5
155628,1-3-5,42.4
155628,2-3-5,831.9
155628,3-2-5,888.4
155628,4-2-5,1742
155628,5-2-4,1636
155628,6-2-4,216.6
155628,1-3-6,9.2
155628,2-3-6,297.1
155628,3-2-6,303
155628,4-2-6,740.9
155628,5-2-6,522.6
155628,6-2-5,172.4
155628,1-4-2,82.2
155628,2-4-1,801.4
155628,3-4-1,316.8
155628,4-3-1,577.4
155628,5-3-1,802.5
155628,6-3-1,52.6
155628,1-4-3,60.6
155628,2-4-3,1258
155628,3-4-2,729
155628,4-3-2,1409
155628,5-3-2,1204
155628,6-3-2,121.8
155628,1-4-5,125.9
155628,2-4-5,1412
155628,3-4-5,702.9
155628,4-3-5,1609
155628,5-3-4,1605
155628,6-3-4,152
155628,1-4-6,25.1
155628,2-4-6,625.3
155628,3-4-6,214.8
155628,4-3-6,442.5
155628,5-3-6,633.3
155628,6-3-5,151.2
155628,1-5-2,75.2
155628,2-5-1,684.1
155628,3-5-1,494.9
155628,4-5-1,823.8
155628,5-4-1,1000
155628,6-4-1,118.1
155628,1-5-3,88.5
155628,2-5-3,1126
155628,3-5-2,871.3
155628,4-5-2,1447
155628,5-4-2,1906
155628,6-4-2,273.2
155628,1-5-4,157
155628,2-5-4,1510
155628,3-5-4,1029
155628,4-5-3,1570
155628,5-4-3,1823
155628,6-4-3,234.6
155628,1-5-6,29.2
155628,2-5-6,459.8
155628,3-5-6,379.5
155628,4-5-6,480.8
155628,5-4-6,597.3
155628,6-4-5,263.3
155628,1-6-2,9.3
155628,2-6-1,120.8
155628,3-6-1,72.2
155628,4-6-1,178.1
155628,5-6-1,122.9
155628,6-5-1,68.6
155628,1-6-3,8.5
155628,2-6-3,273.2
155628,3-6-2,195.8
155628,4-6-2,492
155628,5-6-2,269.4
155628,6-5-2,161.5
155628,1-6-4,18.3
155628,2-6-4,477.7
155628,3-6-4,178.9
155628,4-6-3,388.2
155628,5-6-3,333.5
155628,6-5-3,169.9
155628,1-6-5,17.1
155628,2-6-5,324.8
155628,3-6-5,212.9
155628,4-6-5,355.6
155628,5-6-4,360.4
155628,6-5-4,204.3
155629,1-2-3,10.4
155629,2-1-3,129.6
155629,3-1-2,24
155629,4-1-2,84.6
155629,5-1-2,515.6
155629,6-1-2,415.8
155629,1-2-4,52.9
155629,2-1-4,520.5
155629,3-1-4,19.6
155629,4-1-3,34.2
155629,5-1-3,302.2
155629,6-1-3,219.8
155629,1-2-5,73.4
155629,2-1-5,669.4
155629,3-1-5,42.3
155629,4-1-5,87.7
155629,5-1-4,467.8
155629,6-1-4,439.3
155629,1-2-6,70
155629,2-1-6,545.9
155629,3-1-6,27.4
155629,4-1-6,57.1
155629,5-1-6,348.9
155629,6-1-5,684.2
155629,1-3-2,5.3
155629,2-3-1,193.3
155629,3-2-1,89.1
155629,4-2-1,161.8
155629,5-2-1,991.9
155629,6-2-1,799.4
155629,1-3-4,7.9
155629,2-3-4,657.9
155629,3-2-4,256.4
155629,4-2-3,168.8
155629,5-2-3,1176
155629,6-2-3,1174
155629,1-3-5,18.4
155629,2-3-5,1200
155629,3-2-5,398.4
155629,4-2-5,317.4
155629,5-2-4,1301
155629,6-2-4,1465
155629,1-3-6,14
155629,2-3-6,797.4
155629,3-2-6,280.2
155629,4-2-6,180.1
155629,5-2-6,1159
155629,6-2-5,1902
155629,1-4-2,47.3
155629,2-4-1,471.5
155629,3-4-1,45.6
155629,4-3-1,43.2
155629,5-3-1,407.9
155629,6-3-1,267.5
155629,1-4-3,20.1
155629,2-4-3,485.2
155629,3-4-2,150
155629,4-3-2,112.1
155629,5-3-2,959.7
155629,6-3-2,773.7
155629,1-4-5,121.6
155629,2-4-5,1681
155629,3-4-5,144.5
155629,4-3-5,141
155629,5-3-4,756.6
155629,6-3-4,569.3
155629,1-4-6,73.3
155629,2-4-6,637.9
155629,3-4-6,86.5
155629,4-3-6,82.4
155629,5-3-6,566.3
155629,6-3-5,956.9
155629,1-5-2,121.1
155629,2-5-1,1317
155629,3-5-1,131.5
155629,4-5-1,78.7
155629,5-4-1,399.9
155629,6-4-1,368.6
155629,1-5-3,83.3
155629,2-5-3,1651
155629,3-5-2,305.6
155629,4-5-2,188.3
155629,5-4-2,680.6
155629,6-4-2,819.5
155629,1-5-4,176.9
155629,2-5-4,2002
155629,3-5-4,251.2
155629,4-5-3,119.7
155629,5-4-3,521.8
155629,6-4-3,417.4
155629,1-5-6,166.2
155629,2-5-6,1538
155629,3-5-6,184.4
155629,4-5-6,81.4
155629,5-4-6,362.7
155629,6-4-5,712.7
155629,1-6-2,124.1
155629,2-6-1,1013
155629,3-6-1,100.5
155629,4-6-1,62.8
155629,5-6-1,473.2
155629,6-5-1,911.3
155629,1-6-3,67.2
155629,2-6-3,1468
155629,3-6-2,276
155629,4-6-2,120.1
155629,5-6-2,893.8
155629,6-5-2,1545
155629,1-6-4,134.1
155629,2-6-4,1913
155629,3-6-4,191.3
155629,4-6-3,84.1
155629,5-6-3,565.3
155629,6-5-3,1114
155629,1-6-5,207.1
155629,2-6-5,2085
155629,3-6-5,232.7
155629,4-6-5,101.3
155629,5-6-4,559.5
155629,6-5-4,1015
155630,1-2-3,9.6
155630,2-1-3,136.9
155630,3-1-2,102.3
155630,4-1-2,620.8
155630,5-1-2,66.9
155630,6-1-2,1399
155630,1-2-4,24.3
155630,2-1-4,322
155630,3-1-4,95.1
155630,4-1-3,461
155630,5-1-3,37.3
155630,6-1-3,1127
155630,1-2-5,10.6
155630,2-1-5,135.3
155630,3-1-5,30
155630,4-1-5,227.9
155630,5-1-4,90
155630,6-1-4,1622
155630,1-2-6,105.3
155630,2-1-6,667.7
155630,3-1-6,144.6
155630,4-1-6,588.4
155630,5-1-6,91
155630,6-1-5,804.1
155630,1-3-2,10.8
155630,2-3-1,395.2
155630,3-2-1,334.7
155630,4-2-1,1323
155630,5-2-1,247.2
155630,6-2-1,2735
155630,1-3-4,17.9
155630,2-3-4,1098
155630,3-2-4,838.1
155630,4-2-3,1981
155630,5-2-3,333.3
155630,6-2-3,2918
155630,1-3-5,6
155630,2-3-5,508.3
155630,3-2-5,277.1
155630,4-2-5,1165
155630,5-2-4,676.7
155630,6-2-4,3204
155630,1-3-6,49.6
155630,2-3-6,1689
155630,3-2-6,957.1
155630,4-2-6,1618
155630,5-2-6,641.5
155630,6-2-5,2563
155630,1-4-2,41.7
155630,2-4-1,1175
155630,3-4-1,249.5
155630,4-3-1,716.8
155630,5-3-1,76.3
155630,6-3-1,1379
155630,1-4-3,39
155630,2-4-3,2075
155630,3-4-2,794.3
155630,4-3-2,2122
155630,5-3-2,245
155630,6-3-2,2679
155630,1-4-5,25.7
155630,2-4-5,1186
155630,3-4-5,212.1
155630,4-3-5,594.3
155630,5-3-4,325.2
155630,6-3-4,2636
155630,1-4-6,91.5
155630,2-4-6,2095
155630,3-4-6,552.6
155630,4-3-6,1138
155630,5-3-6,279
155630,6-3-5,1390
155630,1-5-2,10.5
155630,2-5-1,360.9
155630,3-5-1,50.7
155630,4-5-1,266.9
155630,5-4-1,253.8
155630,6-4-1,2495
155630,1-5-3,7.5
155630,2-5-3,601.4
155630,3-5-2,187.8
155630,4-5-2,553.5
155630,5-4-2,581.6
155630,6-4-2,3496
155630,1-5-4,18.5
155630,2-5-4,961.4
155630,3-5-4,159.8
155630,4-5-3,530.6
155630,5-4-3,486
155630,6-4-3,3514
155630,1-5-6,30
155630,2-5-6,1157
155630,3-5-6,174.2
155630,4-5-6,397.9
155630,5-4-6,401.8
155630,6-4-5,1757
155630,1-6-2,257.8
155630,2-6-1,2030
155630,3-6-1,652.4
155630,4-6-1,1231
155630,5-6-1,247.9
155630,6-5-1,928.6
155630,1-6-3,204.6
155630,2-6-3,2343
155630,3-6-2,1373
155630,4-6-2,1757
155630,5-6-2,611.5
155630,6-5-2,1900
155630,1-6-4,264
155630,2-6-4,3054
155630,3-6-4,1269
155630,4-6-3,2082
155630,5-6-3,439.6
155630,6-5-3,1318
155630,1-6-5,145
155630,2-6-5,2201
155630,3-6-5,580
155630,4-6-5,1010
155630,5-6-4,588.9
155630,6-5-4,1462
155631,1-2-3,19.7
155631,2-1-3,278.1
155631,3-1-2,174
155631,4-1-2,59.2
155631,5-1-2,146.2
155631,6-1-2,1353
155631,1-2-4,11.8
155631,2-1-4,164.9
155631,3-1-4,63.8
155631,4-1-3,88.8
155631,5-1-3,242
155631,6-1-3,1451
155631,1-2-5,20.8
155631,2-1-5,272.8
155631,3-1-5,114.5
155631,4-1-5,25
155631,5-1-4,73.2
155631,6-1-4,949.5
155631,1-2-6,92.3
155631,2-1-6,648.2
155631,3-1-6,338.9
155631,4-1-6,75
155631,5-1-6,166.6
155631,6-1-5,1197
155631,1-3-2,18.6
155631,2-3-1,742
155631,3-2-1,615.8
155631,4-2-1,236.3
155631,5-2-1,545.1
155631,6-2-1,3378
155631,1-3-4,8.8
155631,2-3-4,722.9
155631,3-2-4,531.9
155631,4-2-3,587.5
155631,5-2-3,1482
155631,6-2-3,4038
155631,1-3-5,17.2
155631,2-3-5,1673
155631,3-2-5,1205
155631,4-2-5,270.7
155631,5-2-4,732.7
155631,6-2-4,3698
155631,1-3-6,69.7
155631,2-3-6,2509
155631,3-2-6,2036
155631,4-2-6,629.6
155631,5-2-6,1230
155631,6-2-5,4015
155631,1-4-2,9.3
155631,2-4-1,346.5
155631,3-4-1,167
155631,4-3-1,241.9
155631,5-3-1,627.9
155631,6-3-1,1925
155631,1-4-3,10.5
155631,2-4-3,840.5
155631,3-4-2,462.6
155631,4-3-2,653.6
155631,5-3-2,1439
155631,6-3-2,3603
155631,1-4-5,6.7
155631,2-4-5,683.5
155631,3-4-5,255.1
155631,4-3-5,351.8
155631,5-3-4,826.7
155631,6-3-4,2491
155631,1-4-6,35.6
155631,2-4-6,1544
155631,3-4-6,508.8
155631,4-3-6,638.8
155631,5-3-6,1541
155631,6-3-5,4364
155631,1-5-2,22.9
155631,2-5-1,691.6
155631,3-5-1,369.8
155631,4-5-1,34.3
155631,5-4-1,91.4
155631,6-4-1,1498
155631,1-5-3,28.3
155631,2-5-3,2013
155631,3-5-2,1012
155631,4-5-2,97.8
155631,5-4-2,222
155631,6-4-2,3411
155631,1-5-4,14.5
155631,2-5-4,914.9
155631,3-5-4,452.1
155631,4-5-3,178.6
155631,5-4-3,473.5
155631,6-4-3,3798
155631,1-5-6,53.5
155631,2-5-6,2110
155631,3-5-6,1076
155631,4-5-6,72
155631,5-4-6,184
155631,6-4-5,1697
155631,1-6-2,277.8
155631,2-6-1,2002
155631,3-6-1,1197
155631,4-6-1,251
155631,5-6-1,529.9
155631,6-5-1,1739
155631,1-6-3,280
155631,2-6-3,3003
155631,3-6-2,2822
155631,4-6-2,634.7
155631,5-6-2,1129
155631,6-5-2,4475
155631,1-6-4,166.9
155631,2-6-4,3095
155631,3-6-4,1600
155631,4-6-3,966.5
155631,5-6-3,1649
155631,6-5-3,4563
155631,1-6-5,202
155631,2-6-5,3461
155631,3-6-5,2406
155631,4-6-5,252.7
155631,5-6-4,560.8
155631,6-5-4,1718
155632,1-2-3,10.3
155632,2-1-3,116.6
155632,3-1-2,311.7
155632,4-1-2,53.1
155632,5-1-2,58.8
155632,6-1-2,626.7
155632,1-2-4,7.3
155632,2-1-4,72
155632,3-1-4,326.2
155632,4-1-3,168.7
155632,5-1-3,188.1
155632,6-1-3,1129
155632,1-2-5,7.2
155632,2-1-5,57.4
155632,3-1-5,309.5
155632,4-1-5,36.4
155632,5-1-4,72.6
155632,6-1-4,1083
155632,1-2-6,63.8
155632,2-1-6,278.7
155632,3-1-6,630.7
155632,4-1-6,105
155632,5-1-6,135.2
155632,6-1-5,810.4
155632,1-3-2,15.1
155632,2-3-1,415.3
155632,3-2-1,562.5
155632,4-2-1,132.3
155632,5-2-1,118.4
155632,6-2-1,1083
155632,1-3-4,20.8
155632,2-3-4,651.1
155632,3-2-4,796.4
155632,4-2-3,529.9
155632,5-2-3,451.3
155632,6-2-3,2145
155632,1-3-5,25.7
155632,2-3-5,482.3
155632,3-2-5,685.8
155632,4-2-5,154.9
155632,5-2-4,226.4
155632,6-2-4,1737
155632,1-3-6,101
155632,2-3-6,1337
155632,3-2-6,1583
155632,4-2-6,343.3
155632,5-2-6,277.3
155632,6-2-5,1148
155632,1-4-2,11.3
155632,2-4-1,193.6
155632,3-4-1,556.9
155632,4-3-1,400.2
155632,5-3-1,436.3
155632,6-3-1,1809
155632,1-4-3,24.6
155632,2-4-3,635.9
155632,3-4-2,754.4
155632,4-3-2,617.4
155632,5-3-2,738.7
155632,6-3-2,2814
155632,1-4-5,13.5
155632,2-4-5,319.6
155632,3-4-5,684
155632,4-3-5,456.8
155632,5-3-4,1021
155632,6-3-4,2897
155632,1-4-6,65
155632,2-4-6,941.6
155632,3-4-6,1104
155632,4-3-6,760.2
155632,5-3-6,1054
155632,6-3-5,2804
155632,1-5-2,13.7
155632,2-5-1,148.8
155632,3-5-1,552.6
155632,4-5-1,38.9
155632,5-4-1,78
155632,6-4-1,1451
155632,1-5-3,35.5
155632,2-5-3,460
155632,3-5-2,744.4
155632,4-5-2,64.5
155632,5-4-2,127.4
155632,6-4-2,1852
155632,1-5-4,22.4
155632,2-5-4,322.1
155632,3-5-4,766.9
155632,4-5-3,197.1
155632,5-4-3,369
155632,6-4-3,2509
155632,1-5-6,65.9
155632,2-5-6,565.4
155632,3-5-6,1507
155632,4-5-6,69.1
155632,5-4-6,140.2
155632,6-4-5,1313
155632,1-6-2,222
155632,2-6-1,984.1
155632,3-6-1,1504
155632,4-6-1,258.5
155632,5-6-1,297.4
155632,6-5-1,1017
155632,1-6-3,349.1
155632,2-6-3,1973
155632,3-6-2,1805
155632,4-6-2,349.8
155632,5-6-2,420.6
155632,6-5-2,1232
155632,1-6-4,251.1
155632,2-6-4,1667
155632,3-6-4,2583
155632,4-6-3,733.9
155632,5-6-3,953
155632,6-5-3,2029
155632,1-6-5,246.3
155632,2-6-5,1081
155632,3-6-5,2574
155632,4-6-5,227.4
155632,5-6-4,463.3
155632,6-5-4,1304
155633,1-2-3,7.5
155633,2-1-3,188.2
155633,3-1-2,115
155633,4-1-2,162.4
155633,5-1-2,549.5
155633,6-1-2,1155
155633,1-2-4,7.5
155633,2-1-4,224.6
155633,3-1-4,69.1
155633,4-1-3,145.8
155633,5-1-3,469.1
155633,6-1-3,1058
155633,1-2-5,18.7
155633,2-1-5,418.8
155633,3-1-5,140.2
155633,4-1-5,135.9
155633,5-1-4,329.2
155633,6-1-4,1049
155633,1-2-6,37.1
155633,2-1-6,605
155633,3-1-6,184.2
155633,4-1-6,208.8
155633,5-1-6,609.2
155633,6-1-5,2166
155633,1-3-2,7.9
155633,2-3-1,480.4
155633,3-2-1,398.6
155633,4-2-1,538.6
155633,5-2-1,1404
155633,6-2-1,2473
155633,1-3-4,6.1
155633,2-3-4,778.6
155633,3-2-4,699.4
155633,4-2-3,1093
155633,5-2-3,2215
155633,6-2-3,3579
155633,1-3-5,14.6
155633,2-3-5,1553
155633,3-2-5,1280
155633,4-2-5,1051
155633,5-2-4,2231
155633,6-2-4,3553
155633,1-3-6,26.1
155633,2-3-6,2031
155633,3-2-6,1566
155633,4-2-6,1388
155633,5-2-6,2215
155633,6-2-5,4071
155633,1-4-2,11.5
155633,2-4-1,654.9
155633,3-4-1,178.6
155633,4-3-1,304.2
155633,5-3-1,906.4
155633,6-3-1,1454
155633,1-4-3,11
155633,2-4-3,1127
155633,3-4-2,497.2
155633,4-3-2,804.9
155633,5-3-2,2166
155633,6-3-2,3701
155633,1-4-5,17.7
155633,2-4-5,1864
155633,3-4-5,468.4
155633,4-3-5,781.1
155633,5-3-4,1462
155633,6-3-4,2832
155633,1-4-6,28.5
155633,2-4-6,1935
155633,3-4-6,570.1
155633,4-3-6,849.7
155633,5-3-6,2578
155633,6-3-5,4248
155633,1-5-2,25.5
155633,2-5-1,1467
155633,3-5-1,430.6
155633,4-5-1,233.4
155633,5-4-1,450.9
155633,6-4-1,1615
155633,1-5-3,29.7
155633,2-5-3,2598
155633,3-5-2,1230
155633,4-5-2,656.2
155633,5-4-2,1420
155633,6-4-2,3381
155633,1-5-4,32.1
155633,2-5-4,2531
155633,3-5-4,739.7
155633,4-5-3,720.6
155633,5-4-3,1248
155633,6-4-3,3063
155633,1-5-6,66.1
155633,2-5-6,2848
155633,3-5-6,1420
155633,4-5-6,525.9
155633,5-4-6,1104
155633,6-4-5,2473
155633,1-6-2,99.8
155633,2-6-1,2083
155633,3-6-1,728.1
155633,4-6-1,577.8
155633,5-6-1,1366
155633,6-5-1,3235
155633,1-6-3,86.3
155633,2-6-3,3290
155633,3-6-2,2267
155633,4-6-2,1325
155633,5-6-2,2848
155633,6-5-2,4766
155633,1-6-4,90.4
155633,2-6-4,3632
155633,3-6-4,1456
155633,4-6-3,1309
155633,5-6-3,3006
155633,6-5-3,3956
155633,1-6-5,128.5
155633,2-6-5,3465
155633,3-6-5,2299
155633,4-6-5,868.6
155633,5-6-4,1806
155633,6-5-4,2578
155634,1-2-3,5.5
155634,2-1-3,38.5
155634,3-1-2,74.5
155634,4-1-2,142.5
155634,5-1-2,245.3
155634,6-1-2,1574
155634,1-2-4,8.3
155634,2-1-4,45.1
155634,3-1-4,68.7
155634,4-1-3,161.7
155634,5-1-3,285.9
155634,6-1-3,1901
155634,1-2-5,12.4
155634,2-1-5,51.5
155634,3-1-5,89.6
155634,4-1-5,113.6
155634,5-1-4,253.9
155634,6-1-4,2450
155634,1-2-6,66.3
155634,2-1-6,179.4
155634,3-1-6,299.9
155634,4-1-6,317.3
155634,5-1-6,464.4
155634,6-1-5,2691
155634,1-3-2,9.1
155634,2-3-1,107.8
155634,3-2-1,166
155634,4-2-1,283.9
155634,5-2-1,513.4
155634,6-2-1,2737
155634,1-3-4,10.4
155634,2-3-4,109
155634,3-2-4,146.3
155634,4-2-3,371.6
155634,5-2-3,661.2
155634,6-2-3,3260
155634,1-3-5,14.6
155634,2-3-5,122.3
155634,3-2-5,176.6
155634,4-2-5,341.7
155634,5-2-4,746.2
155634,6-2-4,3646
155634,1-3-6,79.5
155634,2-3-6,358.7
155634,3-2-6,418.5
155634,4-2-6,641.9
155634,5-2-6,948.8
155634,6-2-5,3196
155634,1-4-2,15.3
155634,2-4-1,181.9
155634,3-4-1,178.1
155634,4-3-1,336
155634,5-3-1,607.8
155634,6-3-1,2475
155634,1-4-3,17
155634,2-4-3,159.4
155634,3-4-2,178.7
155634,4-3-2,476.6
155634,5-3-2,818.2
155634,6-3-2,3722
155634,1-4-5,23.8
155634,2-4-5,224.9
155634,3-4-5,238.2
155634,4-3-5,553.9
155634,5-3-4,1099
155634,6-3-4,4289
155634,1-4-6,83.1
155634,2-4-6,503.9
155634,3-4-6,517.5
155634,4-3-6,1139
155634,5-3-6,1886
155634,6-3-5,4477
155634,1-5-2,19.8
155634,2-5-1,232.8
155634,3-5-1,292.7
155634,4-5-1,172.7
155634,5-4-1,387.1
155634,6-4-1,3572
155634,1-5-3,25.8
155634,2-5-3,241
155634,3-5-2,347.2
155634,4-5-2,302.2
155634,5-4-2,693.3
155634,6-4-2,3878
155634,1-5-4,33.1
155634,2-5-4,300.5
155634,3-5-4,377.5
155634,4-5-3,418.6
155634,5-4-3,912.3
155634,6-4-3,4488
155634,1-5-6,96.9
155634,2-5-6,635.2
155634,3-5-6,813.4
155634,4-5-6,366.4
155634,5-4-6,837.2
155634,6-4-5,3863
155634,1-6-2,238.2
155634,2-6-1,1106
155634,3-6-1,1327
155634,4-6-1,893.4
155634,5-6-1,1509
155634,6-5-1,3476
155634,1-6-3,284.2
155634,2-6-3,1158
155634,3-6-2,1440
155634,4-6-2,1190
155634,5-6-2,1713
155634,6-5-2,3526
155634,1-6-4,240.9
155634,2-6-4,1565
155634,3-6-4,1581
155634,4-6-3,1558
155634,5-6-3,2254
155634,6-5-3,4299
155634,1-6-5,322.3
155634,2-6-5,1489
155634,3-6-5,1707
155634,4-6-5,941.5
155634,5-6-4,1688
155634,6-5-4,3421
