race_id,combo,odds
151039,1-2-3,5.1
151039,2-1-3,56.6
151039,3-1-2,135.4
151039,4-1-2,178.4
151039,5-1-2,27.2
151039,6-1-2,1958
151039,1-2-4,10.7
151039,2-1-4,89.9
151039,3-1-4,282.8
151039,4-1-3,440
151039,5-1-3,74.4
151039,6-1-3,3876
151039,1-2-5,4.9
151039,2-1-5,49.6
151039,3-1-5,147.6
151039,4-1-5,138.9
151039,5-1-4,88.8
151039,6-1-4,3087
151039,1-2-6,134.8
151039,2-1-6,534.2
151039,3-1-6,1434
151039,4-1-6,828.1
151039,5-1-6,232.6
151039,6-1-5,2047
151039,1-3-2,11.6
151039,2-3-1,252.3
151039,3-2-1,344.3
151039,4-2-1,355.1
151039,5-2-1,83.1
151039,6-2-1,4048
151039,1-3-4,27.2
151039,2-3-4,643.7
151039,3-2-4,1065
151039,4-2-3,1110
151039,5-2-3,267.1
151039,6-2-3,3437
151039,1-3-5,13.9
151039,2-3-5,492.3
151039,3-2-5,687.4
151039,4-2-5,534.2
151039,5-2-4,304.1
151039,6-2-4,4671
151039,1-3-6,223.5
151039,2-3-6,2602
151039,3-2-6,2530
151039,4-2-6,2429
151039,5-2-6,759.1
151039,6-2-5,4443
151039,1-4-2,20.6
151039,2-4-1,329.4
151039,3-4-1,785.2
151039,4-3-1,1078
151039,5-3-1,237.8
151039,6-3-1,4554
151039,1-4-3,42.1
151039,2-4-3,816.9
151039,3-4-2,1401
151039,4-3-2,1671
151039,5-3-2,390.1
151039,6-3-2,4554
151039,1-4-5,23.4
151039,2-4-5,641.5
151039,3-4-5,1247
151039,4-3-5,1518
151039,5-3-4,897.4
151039,6-3-4,3036
151039,1-4-6,219.2
151039,2-4-6,2602
151039,3-4-6,3503
151039,4-3-6,3196
151039,5-3-6,1457
151039,6-3-5,4923
151039,1-5-2,8.2
151039,2-5-1,163.2
151039,3-5-1,330.6
151039,4-5-1,189.9
151039,5-4-1,212.5
151039,6-4-1,4443
151039,1-5-3,15.1
151039,2-5-3,415.9
151039,3-5-2,722.9
151039,4-5-2,349
151039,5-4-2,365.8
151039,6-4-2,4554
151039,1-5-4,22.8
151039,2-5-4,564
151039,3-5-4,1053
151039,4-5-3,576.5
151039,5-4-3,816.9
151039,6-4-3,3643
151039,1-5-6,79
151039,2-5-6,1518
151039,3-5-6,2277
151039,4-5-6,565.7
151039,5-4-6,893
151039,6-4-5,1329
151039,1-6-2,341.8
151039,2-6-1,2846
151039,3-6-1,3253
151039,4-6-1,3572
151039,5-6-1,720.1
151039,6-5-1,2168
151039,1-6-3,467.1
151039,2-6-3,3572
151039,3-6-2,4337
151039,4-6-2,3795
151039,5-6-2,714.4
151039,6-5-2,3373
151039,1-6-4,471.9
151039,2-6-4,3960
151039,3-6-4,3795
151039,4-6-3,3087
151039,5-6-3,1584
151039,6-5-3,4554
151039,1-6-5,307.7
151039,2-6-5,2986
151039,3-6-5,3960
151039,4-6-5,1641
151039,5-6-4,1530
151039,6-5-4,1917
151040,1-2-3,4.3
151040,2-1-3,20.4
151040,3-1-2,39
151040,4-1-2,2146
151040,5-1-2,197.6
151040,6-1-2,194.5
151040,1-2-4,53
151040,2-1-4,205.2
151040,3-1-4,277.1
151040,4-1-3,2312
151040,5-1-3,246
151040,6-1-3,296.1
151040,1-2-5,8.6
151040,2-1-5,47.9
151040,3-1-5,59.8
151040,4-1-5,2338
151040,5-1-4,1239
151040,6-1-4,1826
151040,1-2-6,8.2
151040,2-1-6,27.4
151040,3-1-6,63.2
151040,4-1-6,2478
151040,5-1-6,242
151040,6-1-5,486.3
151040,1-3-2,6.8
151040,2-3-1,67.7
151040,3-2-1,67.7
151040,4-2-1,2775
151040,5-2-1,391.2
151040,6-2-1,267.9
151040,1-3-4,76.3
151040,2-3-4,584.7
151040,3-2-4,418
151040,4-2-3,4003
151040,5-2-3,550.7
151040,6-2-3,506.4
151040,1-3-5,11.7
151040,2-3-5,180.2
151040,3-2-5,100.7
151040,4-2-5,4248
151040,5-2-4,1416
151040,6-2-4,2191
151040,1-3-6,14
151040,2-3-6,129.6
151040,3-2-6,85.7
151040,4-2-6,4625
151040,5-2-6,432.7
151040,6-2-5,759.7
151040,1-4-2,262.1
151040,2-4-1,1292
151040,3-4-1,715.3
151040,4-3-1,2891
151040,5-3-1,444.8
151040,6-3-1,584.7
151040,1-4-3,434.5
151040,2-4-3,1565
151040,3-4-2,822.7
151040,4-3-2,4625
151040,5-3-2,524.3
151040,6-3-2,615.8
151040,1-4-5,461.5
151040,2-4-5,2449
151040,3-4-5,1078
151040,4-3-5,3202
151040,5-3-4,2538
151040,6-3-4,2538
151040,1-4-6,481.8
151040,2-4-6,2392
151040,3-4-6,1030
151040,4-3-6,4163
151040,5-3-6,581.4
151040,6-3-5,946.2
151040,1-5-2,31
151040,2-5-1,253.8
151040,3-5-1,133.1
151040,4-5-1,4625
151040,5-4-1,3106
151040,6-4-1,5077
151040,1-5-3,39.5
151040,2-5-3,430
151040,3-5-2,149.9
151040,4-5-2,5077
151040,5-4-2,3589
151040,6-4-2,5077
151040,1-5-4,331.4
151040,2-5-4,1749
151040,3-5-4,644.4
151040,4-5-3,3589
151040,5-4-3,4841
151040,6-4-3,6715
151040,1-5-6,57.8
151040,2-5-6,289.9
151040,3-5-6,170.9
151040,4-5-6,3252
151040,5-4-6,2891
151040,6-4-5,4163
151040,1-6-2,33.4
151040,2-6-1,155.1
151040,3-6-1,172.8
151040,4-6-1,4163
151040,5-6-1,375.7
151040,6-5-1,725.3
151040,1-6-3,47.4
151040,2-6-3,266.8
151040,3-6-2,166.6
151040,4-6-2,5204
151040,5-6-2,510.2
151040,6-5-2,826
151040,1-6-4,398
151040,2-6-4,1577
151040,3-6-4,991.2
151040,4-6-3,4625
151040,5-6-3,614
151040,6-5-3,977.3
151040,1-6-5,83
151040,2-6-5,401.8
151040,3-6-5,249.3
151040,4-6-5,3589
151040,5-6-4,2124
151040,6-5-4,3202
151041,1-2-3,6
151041,2-1-3,32
151041,3-1-2,32.7
151041,4-1-2,90.7
151041,5-1-2,273.7
151041,6-1-2,756.3
151041,1-2-4,8.7
151041,2-1-4,41.3
151041,3-1-4,38
151041,4-1-3,114.9
151041,5-1-3,254.3
151041,6-1-3,1061
151041,1-2-5,14.4
151041,2-1-5,66.7
151041,3-1-5,34.2
151041,4-1-5,102.2
151041,5-1-4,380.3
151041,6-1-4,1196
151041,1-2-6,85.2
151041,2-1-6,270
151041,3-1-6,270.4
151041,4-1-6,365.5
151041,5-1-6,1055
151041,6-1-5,1265
151041,1-3-2,7.1
151041,2-3-1,72.5
151041,3-2-1,75.1
151041,4-2-1,183.9
151041,5-2-1,554.4
151041,6-2-1,1265
151041,1-3-4,11.5
151041,2-3-4,135.9
151041,3-2-4,123.2
151041,4-2-3,391.6
151041,5-2-3,704.9
151041,6-2-3,1898
151041,1-3-5,10.4
151041,2-3-5,163.2
151041,3-2-5,119.2
151041,4-2-5,351.8
151041,5-2-4,967.6
151041,6-2-4,3084
151041,1-3-6,113.1
151041,2-3-6,680.6
151041,3-2-6,529.2
151041,4-2-6,1108
151041,5-2-6,2122
151041,6-2-5,4028
151041,1-4-2,15.1
151041,2-4-1,144.1
151041,3-4-1,84.7
151041,4-3-1,206.9
151041,5-3-1,328.4
151041,6-3-1,1518
151041,1-4-3,26
151041,2-4-3,264.6
151041,3-4-2,154
151041,4-3-2,375.2
151041,5-3-2,518.1
151041,6-3-2,2378
151041,1-4-5,33.1
151041,2-4-5,336.2
151041,3-4-5,121.6
151041,4-3-5,306.5
151041,5-3-4,723
151041,6-3-4,2741
151041,1-4-6,148.6
151041,2-4-6,1290
151041,3-4-6,568.8
151041,4-3-6,1115
151041,5-3-6,1731
151041,6-3-5,2990
151041,1-5-2,41.8
151041,2-5-1,336.2
151041,3-5-1,101
151041,4-5-1,194.2
151041,5-4-1,527.8
151041,6-4-1,2498
151041,1-5-3,32.3
151041,2-5-3,456.9
151041,3-5-2,173
151041,4-5-2,356.9
151041,5-4-2,918.1
151041,6-4-2,3183
151041,1-5-4,65.6
151041,2-5-4,599.9
151041,3-5-4,169.2
151041,4-5-3,384
151041,5-4-3,832.9
151041,6-4-3,3870
151041,1-5-6,264.6
151041,2-5-6,1844
151041,3-5-6,620.7
151041,4-5-6,771
151041,5-4-6,1451
151041,6-4-5,2741
151041,1-6-2,229.8
151041,2-6-1,1290
151041,3-6-1,909.6
151041,4-6-1,1154
151041,5-6-1,2145
151041,6-5-1,2563
151041,1-6-3,357.6
151041,2-6-3,2667
151041,3-6-2,1644
151041,4-6-2,2077
151041,5-6-2,3724
151041,6-5-2,3870
151041,1-6-4,328.4
151041,2-6-4,2563
151041,3-6-4,1566
151041,4-6-3,2268
151041,5-6-3,4028
151041,6-5-3,3947
151041,1-6-5,355.6
151041,2-6-5,3345
151041,3-6-5,1506
151041,4-6-5,1409
151041,5-6-4,2268
151041,6-5-4,3345
151042,1-2-3,31.2
151042,2-1-3,311.7
151042,3-1-2,112.9
151042,4-1-2,301.9
151042,5-1-2,517.2
151042,6-1-2,1529
151042,1-2-4,40.3
151042,2-1-4,379.5
151042,3-1-4,24.6
151042,4-1-3,89
151042,5-1-3,147.1
151042,6-1-3,587.8
151042,1-2-5,73.2
151042,2-1-5,480.7
151042,3-1-5,30.9
151042,4-1-5,110.3
151042,5-1-4,203.1
151042,6-1-4,1071
151042,1-2-6,88.9
151042,2-1-6,624.3
151042,3-1-6,45.8
151042,4-1-6,106.4
151042,5-1-6,182.5
151042,6-1-5,1044
151042,1-3-2,19.6
151042,2-3-1,790.4
151042,3-2-1,450.9
151042,4-2-1,830.8
151042,5-2-1,1165
151042,6-2-1,2398
151042,1-3-4,5
151042,2-3-4,787.4
151042,3-2-4,508.5
151042,4-2-3,933.7
151042,5-2-3,1172
151042,6-2-3,2319
151042,1-3-5,7.5
151042,2-3-5,1397
151042,3-2-5,618.8
151042,4-2-5,1146
151042,5-2-4,1185
151042,6-2-4,3576
151042,1-3-6,13.3
151042,2-3-6,1648
151042,3-2-6,735.3
151042,4-2-6,1128
151042,5-2-6,1302
151042,6-2-5,3297
151042,1-4-2,30.1
151042,2-4-1,972.5
151042,3-4-1,67.4
151042,4-3-1,137.3
151042,5-3-1,257.6
151042,6-3-1,787.4
151042,1-4-3,9.2
151042,2-4-3,942.1
151042,3-4-2,270.9
151042,4-3-2,617
151042,5-3-2,995.4
151042,6-3-2,2029
151042,1-4-5,17.3
151042,2-4-5,1867
151042,3-4-5,97.3
151042,4-3-5,214.6
151042,5-3-4,423.7
151042,6-3-4,1172
151042,1-4-6,19.1
151042,2-4-6,1773
151042,3-4-6,111
151042,4-3-6,244.2
151042,5-3-6,473.1
151042,6-3-5,1352
151042,1-5-2,71.5
151042,2-5-1,1093
151042,3-5-1,102.3
151042,4-5-1,201.3
151042,5-4-1,378.2
151042,6-4-1,1199
151042,1-5-3,17.6
151042,2-5-3,1192
151042,3-5-2,442.4
151042,4-5-2,722.7
151042,5-4-2,1104
151042,6-4-2,2319
151042,1-5-4,24
151042,2-5-4,1518
151042,3-5-4,150.3
151042,4-5-3,279.8
151042,5-4-3,507.3
151042,6-4-3,1226
151042,1-5-6,27.7
151042,2-5-6,1586
151042,3-5-6,177.9
151042,4-5-6,245.3
151042,5-4-6,528.9
151042,6-4-5,1674
151042,1-6-2,172.1
151042,2-6-1,2131
151042,3-6-1,209.3
151042,4-6-1,380.2
151042,5-6-1,497.7
151042,6-5-1,1146
151042,1-6-3,43.4
151042,2-6-3,2705
151042,3-6-2,767.4
151042,4-6-2,1004
151042,5-6-2,1445
151042,6-5-2,2344
151042,1-6-4,65.2
151042,2-6-4,2705
151042,3-6-4,333.3
151042,4-6-3,528.9
151042,5-6-3,635.6
151042,6-5-3,1335
151042,1-6-5,78.5
151042,2-6-5,3149
151042,3-6-5,328.7
151042,4-6-5,507.3
151042,5-6-4,864.9
151042,6-5-4,1688
151043,1-2-3,69.5
151043,2-1-3,197.1
151043,3-1-2,337.6
151043,4-1-2,808.4
151043,5-1-2,609.9
151043,6-1-2,13.5
151043,1-2-4,119.5
151043,2-1-4,299.5
151043,3-1-4,332.2
151043,4-1-3,665.4
151043,5-1-3,703.4
151043,6-1-3,9.6
151043,1-2-5,98.4
151043,2-1-5,227.3
151043,3-1-5,264.9
151043,4-1-5,588.7
151043,5-1-4,825.6
151043,6-1-4,20.1
151043,1-2-6,24
151043,2-1-6,73.4
151043,3-1-6,107.5
151043,4-1-6,296.9
151043,5-1-6,249.1
151043,6-1-5,13.9
151043,1-3-2,99.5
151043,2-3-1,433.3
151043,3-2-1,479.3
151043,4-2-1,1049
151043,5-2-1,778.2
151043,6-2-1,29.8
151043,1-3-4,107.3
151043,2-3-4,703.4
151043,3-2-4,615.4
151043,4-2-3,1074
151043,5-2-3,1029
151043,6-2-3,42.9
151043,1-3-5,109.5
151043,2-3-5,654.1
151043,3-2-5,579.9
151043,4-2-5,1096
151043,5-2-4,1236
151043,6-2-4,64
151043,1-3-6,34.9
151043,2-3-6,262.6
151043,3-2-6,242.2
151043,4-2-6,571.3
151043,5-2-6,344.5
151043,6-2-5,45.4
151043,1-4-2,225.6
151043,2-4-1,773.7
151043,3-4-1,407.2
151043,4-3-1,638.7
151043,5-3-1,823.1
151043,6-3-1,22.1
151043,1-4-3,175.4
151043,2-4-3,846.3
151043,3-4-2,611.3
151043,4-3-2,887.9
151043,5-3-2,1083
151043,6-3-2,42.4
151043,1-4-5,185.8
151043,2-4-5,1049
151043,3-4-5,327
151043,4-3-5,496.9
151043,5-3-4,1010
151043,6-3-4,28.9
151043,1-4-6,85.1
151043,2-4-6,428.5
151043,3-4-6,164
151043,4-3-6,309.5
151043,5-3-6,462.1
151043,6-3-5,25
151043,1-5-2,202.2
151043,2-5-1,551.5
151043,3-5-1,465.3
151043,4-5-1,828.1
151043,5-4-1,1152
151043,6-4-1,52.9
151043,1-5-3,200.6
151043,2-5-3,808.4
151043,3-5-2,662.1
151043,4-5-2,1123
151043,5-4-2,1456
151043,6-4-2,87.5
151043,1-5-4,283.2
151043,2-5-4,1006
151043,3-5-4,428.5
151043,4-5-3,621.1
151043,5-4-3,726
151043,6-4-3,46.9
151043,1-5-6,80.1
151043,2-5-6,257.1
151043,3-5-6,215.4
151043,4-5-6,349.4
151043,5-4-6,452.1
151043,6-4-5,58.6
151043,1-6-2,15.4
151043,2-6-1,71.3
151043,3-6-1,83.7
151043,4-6-1,249.6
151043,5-6-1,212.4
151043,6-5-1,37.7
151043,1-6-3,15
151043,2-6-3,124.3
151043,3-6-2,127.3
151043,4-6-2,365.9
151043,5-6-2,266.8
151043,6-5-2,60.8
151043,1-6-4,30.9
151043,2-6-4,180.1
151043,3-6-4,78.9
151043,4-6-3,205.6
151043,5-6-3,259.4
151043,6-5-3,42.4
151043,1-6-5,26.7
151043,2-6-5,136
151043,3-6-5,99.7
151043,4-6-5,234
151043,5-6-4,333.1
151043,6-5-4,71.1
151044,1-2-3,32.6
151044,2-1-3,128.7
151044,3-1-2,236.2
151044,4-1-2,89.3
151044,5-1-2,243.2
151044,6-1-2,273.4
151044,1-2-4,14.1
151044,2-1-4,68.3
151044,3-1-4,123.1
151044,4-1-3,180.4
151044,5-1-3,449.1
151044,6-1-3,597.4
151044,1-2-5,27.8
151044,2-1-5,108.9
151044,3-1-5,187.6
151044,4-1-5,48.4
151044,5-1-4,130.5
151044,6-1-4,164
151044,1-2-6,23.5
151044,2-1-6,96
151044,3-1-6,147.2
151044,4-1-6,42.4
151044,5-1-6,130.2
151044,6-1-5,231.7
151044,1-3-2,48.4
151044,2-3-1,268.7
151044,3-2-1,379.8
151044,4-2-1,119
151044,5-2-1,346.6
151044,6-2-1,356.7
151044,1-3-4,32.9
151044,2-3-4,169.5
151044,3-2-4,189.3
151044,4-2-3,187
151044,5-2-3,504.3
151044,6-2-3,736.9
151044,1-3-5,51.1
151044,2-3-5,264.1
151044,3-2-5,276.5
151044,4-2-5,111.8
151044,5-2-4,214.7
151044,6-2-4,213.6
151044,1-3-6,37.4
151044,2-3-6,183.4
151044,3-2-6,197.2
151044,4-2-6,65.7
151044,5-2-6,247.6
151044,6-2-5,323.8
151044,1-4-2,15.1
151044,2-4-1,119.6
151044,3-4-1,199.7
151044,4-3-1,275.3
151044,5-3-1,556.8
151044,6-3-1,815
151044,1-4-3,29.7
151044,2-4-3,146.1
151044,3-4-2,206.4
151044,4-3-2,257.4
151044,5-3-2,544.5
151044,6-3-2,842.9
151044,1-4-5,16.4
151044,2-4-5,104.5
151044,3-4-5,151.7
151044,4-3-5,152.3
151044,5-3-4,414.3
151044,6-3-4,551.8
151044,1-4-6,13
151044,2-4-6,86
151044,3-4-6,86.4
151044,4-3-6,86.2
151044,5-3-6,299.4
151044,6-3-5,755
151044,1-5-2,49.7
151044,2-5-1,296.5
151044,3-5-1,349.6
151044,4-5-1,65.5
151044,5-4-1,113.1
151044,6-4-1,189.9
151044,1-5-3,65.7
151044,2-5-3,408.8
151044,3-5-2,399.5
151044,4-5-2,105.8
151044,5-4-2,147.9
151044,6-4-2,177.8
151044,1-5-4,38.9
151044,2-5-4,223.7
151044,3-5-4,235.3
151044,4-5-3,182.8
151044,5-4-3,329
151044,6-4-3,444.3
151044,1-5-6,32.6
151044,2-5-6,209.6
151044,3-5-6,183.9
151044,4-5-6,28.9
151044,5-4-6,55.5
151044,6-4-5,106.1
151044,1-6-2,61.4
151044,2-6-1,250.1
151044,3-6-1,390.7
151044,4-6-1,70.5
151044,5-6-1,191.1
151044,6-5-1,299.4
151044,1-6-3,66.9
151044,2-6-3,286.2
151044,3-6-2,397
151044,4-6-2,92.3
151044,5-6-2,254.2
151044,6-5-2,321.3
151044,1-6-4,37.5
151044,2-6-4,179.1
151044,3-6-4,185.6
151044,4-6-3,110.7
151044,5-6-3,404.8
151044,6-5-3,728.2
151044,1-6-5,58.3
151044,2-6-5,246.6
151044,3-6-5,295.8
151044,4-6-5,37.9
151044,5-6-4,90.1
151044,6-5-4,124.6
151045,1-2-3,26.2
151045,2-1-3,79.8
151045,3-1-2,128
151045,4-1-2,61.3
151045,5-1-2,83.8
151045,6-1-2,2119
151045,1-2-4,14.2
151045,2-1-4,55.8
151045,3-1-4,51.3
151045,4-1-3,55.9
151045,5-1-3,85.6
151045,6-1-3,3296
151045,1-2-5,17.7
151045,2-1-5,62.7
151045,3-1-5,51.8
151045,4-1-5,25.3
151045,5-1-4,38.9
151045,6-1-4,2197
151045,1-2-6,170.9
151045,2-1-6,316.4
151045,3-1-6,681.9
151045,4-1-6,171.9
151045,5-1-6,191
151045,6-1-5,2524
151045,1-3-2,33.6
151045,2-3-1,176
151045,3-2-1,225.1
151045,4-2-1,106.7
151045,5-2-1,184.2
151045,6-2-1,3955
151045,1-3-4,17.4
151045,2-3-4,296.6
151045,3-2-4,209.2
151045,4-2-3,279.2
151045,5-2-3,343.9
151045,6-2-3,2966
151045,1-3-5,18.5
151045,2-3-5,345.9
151045,3-2-5,249.8
151045,4-2-5,92.7
151045,5-2-4,192.9
151045,6-2-4,4238
151045,1-3-6,213.8
151045,2-3-6,1163
151045,3-2-6,1289
151045,4-2-6,655.6
151045,5-2-6,614.8
151045,6-2-5,3708
151045,1-4-2,13.8
151045,2-4-1,104
151045,3-4-1,73
151045,4-3-1,85.6
151045,5-3-1,164.8
151045,6-3-1,4395
151045,1-4-3,18.9
151045,2-4-3,285.2
151045,3-4-2,199.7
151045,4-3-2,291.5
151045,5-3-2,295.9
151045,6-3-2,2696
151045,1-4-5,7.8
151045,2-4-5,147.4
151045,3-4-5,74
151045,4-3-5,74.9
151045,5-3-4,172.2
151045,6-3-4,3122
151045,1-4-6,133.7
151045,2-4-6,446.1
151045,3-4-6,681.9
151045,4-3-6,807.2
151045,5-3-6,847.6
151045,6-3-5,2696
151045,1-5-2,24.1
151045,2-5-1,132.5
151045,3-5-1,98
151045,4-5-1,27
151045,5-4-1,43.5
151045,6-4-1,2239
151045,1-5-3,24.5
151045,2-5-3,370.8
151045,3-5-2,279.2
151045,4-5-2,66.5
151045,5-4-2,107.1
151045,6-4-2,2825
151045,1-5-4,13.1
151045,2-5-4,196.1
151045,3-5-4,111.8
151045,4-5-3,64.1
151045,5-4-3,113.8
151045,6-4-3,2472
151045,1-5-6,141.7
151045,2-5-6,674.2
151045,3-5-6,801.8
151045,4-5-6,139.1
151045,5-4-6,189.5
151045,6-4-5,1745
151045,1-6-2,549.3
151045,2-6-1,1582
151045,3-6-1,2579
151045,4-6-1,644.9
151045,5-6-1,565
151045,6-5-1,2472
151045,1-6-3,698
151045,2-6-3,1913
151045,3-6-2,2282
151045,4-6-2,898.9
151045,5-6-2,912.8
151045,6-5-2,2825
151045,1-6-4,467.1
151045,2-6-4,1883
151045,3-6-4,1695
151045,4-6-3,1275
151045,5-6-3,1141
151045,6-5-3,3595
151045,1-6-5,546.8
151045,2-6-5,1483
151045,3-6-5,1379
151045,4-6-5,426.8
151045,5-6-4,596.3
151045,6-5-4,1854
151046,1-2-3,36
151046,2-1-3,93.9
151046,3-1-2,307
151046,4-1-2,90.8
151046,5-1-2,31
151046,6-1-2,573.7
151046,1-2-4,7.3
151046,2-1-4,22.9
151046,3-1-4,600
151046,4-1-3,509.1
151046,5-1-3,235.2
151046,6-1-3,1680
151046,1-2-5,4.2
151046,2-1-5,13.2
151046,3-1-5,426.1
151046,4-1-5,90.8
151046,5-1-4,49.7
151046,6-1-4,1264
151046,1-2-6,33.7
151046,2-1-6,77.3
151046,3-1-6,1292
151046,4-1-6,191.8
151046,5-1-6,65
151046,6-1-5,712.8
151046,1-3-2,91.1
151046,2-3-1,224
151046,3-2-1,427.7
151046,4-2-1,150.4
151046,5-2-1,47.7
151046,6-2-1,687.8
151046,1-3-4,133.8
151046,2-3-4,579.3
151046,3-2-4,639.2
151046,4-2-3,554.8
151046,5-2-3,302.3
151046,6-2-3,1278
151046,1-3-5,131.7
151046,2-3-5,474.2
151046,3-2-5,639.2
151046,4-2-5,155.5
151046,5-2-4,100.4
151046,6-2-4,1251
151046,1-3-6,308.7
151046,2-3-6,891
151046,3-2-6,1292
151046,4-2-6,305.5
151046,5-2-6,124.3
151046,6-2-5,1022
151046,1-4-2,15.5
151046,2-4-1,55
151046,3-4-1,852.3
151046,4-3-1,773.8
151046,5-3-1,646.2
151046,6-3-1,2450
151046,1-4-3,101.3
151046,2-4-3,186.1
151046,3-4-2,840.1
151046,4-3-2,904.7
151046,5-3-2,600
151046,6-3-2,2027
151046,1-4-5,20.1
151046,2-4-5,70.5
151046,3-4-5,933.4
151046,4-3-5,940.9
151046,5-3-4,1089
151046,6-3-4,2352
151046,1-4-6,73.7
151046,2-4-6,274.1
151046,3-4-6,1568
151046,4-3-6,1488
151046,5-3-6,1278
151046,6-3-5,3360
151046,1-5-2,10
151046,2-5-1,43.7
151046,3-5-1,811.1
151046,4-5-1,98.6
151046,5-4-1,96.8
151046,6-4-1,1176
151046,1-5-3,88.6
151046,2-5-3,351
151046,3-5-2,712.8
151046,4-5-2,120.8
151046,5-4-2,115.3
151046,6-4-2,1040
151046,1-5-4,21.2
151046,2-5-4,90.9
151046,3-5-4,1292
151046,4-5-3,625.6
151046,5-4-3,529.8
151046,6-4-3,1809
151046,1-5-6,43.3
151046,2-5-6,160.4
151046,3-5-6,2306
151046,4-5-6,192.8
151046,5-4-6,185.5
151046,6-4-5,1188
151046,1-6-2,92.4
151046,2-6-1,356.4
151046,3-6-1,2735
151046,4-6-1,498.3
151046,5-6-1,148.6
151046,6-5-1,773.8
151046,1-6-3,476.1
151046,2-6-3,1040
151046,3-6-2,1960
151046,4-6-2,494.1
151046,5-6-2,213.4
151046,6-5-2,877.7
151046,1-6-4,122.6
151046,2-6-4,653.4
151046,3-6-4,2613
151046,4-6-3,1547
151046,5-6-3,840.1
151046,6-5-3,2138
151046,1-6-5,171.9
151046,2-6-5,390.7
151046,3-6-5,2613
151046,4-6-5,480
151046,5-6-4,214.6
151046,6-5-4,1527
151047,1-2-3,22.1
151047,2-1-3,77.6
151047,3-1-2,157
151047,4-1-2,45.6
151047,5-1-2,29.9
151047,6-1-2,2076
151047,1-2-4,7.8
151047,2-1-4,29.4
151047,3-1-4,137.8
151047,4-1-3,156.3
151047,5-1-3,76.9
151047,6-1-3,2280
151047,1-2-5,8.7
151047,2-1-5,26.6
151047,3-1-5,117.5
151047,4-1-5,31.3
151047,5-1-4,35.6
151047,6-1-4,1987
151047,1-2-6,294.7
151047,2-1-6,615.6
151047,3-1-6,880.5
151047,4-1-6,429.4
151047,5-1-6,484.7
151047,6-1-5,2782
151047,1-3-2,34.4
151047,2-3-1,229.9
151047,3-2-1,260.5
151047,4-2-1,78.1
151047,5-2-1,48
151047,6-2-1,3864
151047,1-3-4,29.4
151047,2-3-4,310.5
151047,3-2-4,258.6
151047,4-2-3,273.3
151047,5-2-3,194.3
151047,6-2-3,3312
151047,1-3-5,28.1
151047,2-3-5,220.1
151047,3-2-5,220.8
151047,4-2-5,63.7
151047,5-2-4,95.4
151047,6-2-4,3661
151047,1-3-6,303.1
151047,2-3-6,2398
151047,3-2-6,1959
151047,4-2-6,760.2
151047,5-2-6,760.2
151047,6-2-5,4488
151047,1-4-2,11.9
151047,2-4-1,69.1
151047,3-4-1,247.5
151047,4-3-1,250.6
151047,5-3-1,207.9
151047,6-3-1,2839
151047,1-4-3,32.8
151047,2-4-3,240.2
151047,3-4-2,336.8
151047,4-3-2,362.3
151047,5-3-2,314.7
151047,6-3-2,4216
151047,1-4-5,12.6
151047,2-4-5,88.2
151047,3-4-5,274.4
151047,4-3-5,270.1
151047,5-3-4,276
151047,6-3-4,3091
151047,1-4-6,263
151047,2-4-6,1276
151047,3-4-6,1563
151047,4-3-6,1350
151047,5-3-6,1159
151047,6-3-5,4488
151047,1-5-2,15.4
151047,2-5-1,51.4
151047,3-5-1,167.4
151047,4-5-1,28.9
151047,5-4-1,42.1
151047,6-4-1,2016
151047,1-5-3,31.1
151047,2-5-3,184.7
151047,3-5-2,248
151047,4-5-2,40.9
151047,5-4-2,71.6
151047,6-4-2,2173
151047,1-5-4,20.7
151047,2-5-4,105.5
151047,3-5-4,240.7
151047,4-5-3,132.7
151047,5-4-3,161.4
151047,6-4-3,3975
151047,1-5-6,369
151047,2-5-6,1231
151047,3-5-6,1987
151047,4-5-6,254.8
151047,5-4-6,295.3
151047,6-4-5,3478
151047,1-6-2,717.1
151047,2-6-1,2839
151047,3-6-1,3393
151047,4-6-1,1104
151047,5-6-1,1276
151047,6-5-1,3162
151047,1-6-3,756.1
151047,2-6-3,3975
151047,3-6-2,4797
151047,4-6-2,1276
151047,5-6-2,1739
151047,6-5-2,4797
151047,1-6-4,813.6
151047,2-6-4,2839
151047,3-6-4,4637
151047,4-6-3,2625
151047,5-6-3,2173
151047,6-5-3,4488
151047,1-6-5,1189
151047,2-6-5,3393
151047,3-6-5,3975
151047,4-6-5,1264
151047,5-6-4,1480
151047,6-5-4,3393
151048,1-2-3,10.6
151048,2-1-3,38.1
151048,3-1-2,48.1
151048,4-1-2,49.7
151048,5-1-2,185.1
151048,6-1-2,1472
151048,1-2-4,8.3
151048,2-1-4,30.7
151048,3-1-4,30.5
151048,4-1-3,74
151048,5-1-3,116.7
151048,6-1-3,1498
151048,1-2-5,26.4
151048,2-1-5,58.6
151048,3-1-5,46.2
151048,4-1-5,81.5
151048,5-1-4,170.3
151048,6-1-4,1389
151048,1-2-6,59.7
151048,2-1-6,146.5
151048,3-1-6,160.8
151048,4-1-6,181.1
151048,5-1-6,298.6
151048,6-1-5,1203
151048,1-3-2,13.2
151048,2-3-1,94.8
151048,3-2-1,116.2
151048,4-2-1,88.4
151048,5-2-1,348.6
151048,6-2-1,2218
151048,1-3-4,9.5
151048,2-3-4,122.9
151048,3-2-4,135.9
151048,4-2-3,178.5
151048,5-2-3,446
151048,6-2-3,2308
151048,1-3-5,17.8
151048,2-3-5,227.8
151048,3-2-5,207.5
151048,4-2-5,175.2
151048,5-2-4,418.7
151048,6-2-4,1675
151048,1-3-6,64.1
151048,2-3-6,460.5
151048,3-2-6,460.5
151048,4-2-6,283.3
151048,5-2-6,769.5
151048,6-2-5,2440
151048,1-4-2,12.5
151048,2-4-1,67.7
151048,3-4-1,66.7
151048,4-3-1,121
151048,5-3-1,284.2
151048,6-3-1,2278
151048,1-4-3,14.1
151048,2-4-3,132.1
151048,3-4-2,122.3
151048,4-3-2,210.6
151048,5-3-2,415.6
151048,6-3-2,2755
151048,1-4-5,26.1
151048,2-4-5,166
151048,3-4-5,121.9
151048,4-3-5,231.8
151048,5-3-4,418.7
151048,6-3-4,1837
151048,1-4-6,41.3
151048,2-4-6,276.9
151048,3-4-6,241.6
151048,4-3-6,421.8
151048,5-3-6,723.9
151048,6-3-5,2406
151048,1-5-2,48.8
151048,2-5-1,247.6
151048,3-5-1,127.8
151048,4-5-1,146.4
151048,5-4-1,237.2
151048,6-4-1,1567
151048,1-5-3,43.1
151048,2-5-3,378.8
151048,3-5-2,265.2
151048,4-5-2,204.6
151048,5-4-2,352.9
151048,6-4-2,1511
151048,1-5-4,54.4
151048,2-5-4,336.9
151048,3-5-4,205.5
151048,4-5-3,285.7
151048,5-4-3,413.6
151048,6-4-3,1725
151048,1-5-6,105.3
151048,2-5-6,659.6
151048,3-5-6,422.8
151048,4-5-6,272.9
151048,5-4-6,421.8
151048,6-4-5,1798
151048,1-6-2,230.8
151048,2-6-1,837.5
151048,3-6-1,697.3
151048,4-6-1,435.8
151048,5-6-1,670
151048,6-5-1,1447
151048,1-6-3,255.7
151048,2-6-3,1366
151048,3-6-2,1029
151048,4-6-2,567.6
151048,5-6-2,876.1
151048,6-5-2,1857
151048,1-6-4,220.1
151048,2-6-4,700.2
151048,3-6-4,630.4
151048,4-6-3,766.1
151048,5-6-3,1010
151048,6-5-3,1691
151048,1-6-5,255.7
151048,2-6-5,1054
151048,3-6-5,755.9
151048,4-6-5,547.5
151048,5-6-4,809.7
151048,6-5-4,1642
151049,1-2-3,4.9
151049,2-1-3,64.5
151049,3-1-2,73.5
151049,4-1-2,441.8
151049,5-1-2,133.8
151049,6-1-2,860.1
151049,1-2-4,14.7
151049,2-1-4,132.1
151049,3-1-4,81.4
151049,4-1-3,437.8
151049,5-1-3,120.4
151049,6-1-3,1238
151049,1-2-5,9.8
151049,2-1-5,103.4
151049,3-1-5,56
151049,4-1-5,428.1
151049,5-1-4,252.7
151049,6-1-4,1720
151049,1-2-6,28.5
151049,2-1-6,174
151049,3-1-6,122.4
151049,4-1-6,490.9
151049,5-1-6,137.5
151049,6-1-5,780.7
151049,1-3-2,6.7
151049,2-3-1,169.9
151049,3-2-1,153
151049,4-2-1,717.3
151049,5-2-1,267.4
151049,6-2-1,1350
151049,1-3-4,12.4
151049,2-3-4,417.1
151049,3-2-4,305.6
151049,4-2-3,962.3
151049,5-2-3,493.4
151049,6-2-3,2627
151049,1-3-5,7.9
151049,2-3-5,320.7
151049,3-2-5,243.9
151049,4-2-5,883.6
151049,5-2-4,864
151049,6-2-4,1963
151049,1-3-6,24.2
151049,2-3-6,504.9
151049,3-2-6,389.5
151049,4-2-6,916.9
151049,5-2-6,521.1
151049,6-2-5,1705
151049,1-4-2,35
151049,2-4-1,435.8
151049,3-4-1,257.8
151049,4-3-1,684.5
151049,5-3-1,240.8
151049,6-3-1,2627
151049,1-4-3,34.6
151049,2-4-3,598.1
151049,3-4-2,420.7
151049,4-3-2,1359
151049,5-3-2,519.7
151049,6-3-2,3135
151049,1-4-5,49.1
151049,2-4-5,806.6
151049,3-4-5,335.7
151049,4-3-5,759.3
151049,5-3-4,701.8
151049,6-3-4,2858
151049,1-4-6,72.4
151049,2-4-6,823.7
151049,3-4-6,619.1
151049,4-3-6,976.8
151049,5-3-6,665.7
151049,6-3-5,3135
151049,1-5-2,21.7
151049,2-5-1,376.7
151049,3-5-1,138.4
151049,4-5-1,561.8
151049,5-4-1,555.4
151049,6-4-1,2663
151049,1-5-3,19.7
151049,2-5-3,458.4
151049,3-5-2,243.9
151049,4-5-2,1023
151049,5-4-2,1157
151049,6-4-2,1983
151049,1-5-4,51.3
151049,2-5-4,981.8
151049,3-5-4,344
151049,4-5-3,806.6
151049,5-4-3,883.6
151049,6-4-3,2700
151049,1-5-6,41.3
151049,2-5-6,741.9
151049,3-5-6,410.9
151049,4-5-6,603.7
151049,5-4-6,736.3
151049,6-4-5,2627
151049,1-6-2,88.2
151049,2-6-1,706.9
151049,3-6-1,573.4
151049,4-6-1,1045
151049,5-6-1,310.5
151049,6-5-1,827.2
151049,1-6-3,97.1
151049,2-6-3,1157
151049,3-6-2,1171
151049,4-6-2,1340
151049,5-6-2,625
151049,6-5-2,1304
151049,1-6-4,176.7
151049,2-6-4,1350
151049,3-6-4,1398
151049,4-6-3,1472
151049,5-6-3,753.4
151049,6-5-3,1905
151049,1-6-5,125.1
151049,2-6-5,1222
151049,3-6-5,1034
151049,4-6-5,1178
151049,5-6-4,996.9
151049,6-5-4,1833
151050,1-2-3,3.3
151050,2-1-3,75.2
151050,3-1-2,81.2
151050,4-1-2,384.8
151050,5-1-2,800.9
151050,6-1-2,1001
151050,1-2-4,5.8
151050,2-1-4,132.2
151050,3-1-4,127.8
151050,4-1-3,434.5
151050,5-1-3,704.6
151050,6-1-3,1565
151050,1-2-5,15.7
151050,2-1-5,222.3
151050,3-1-5,203.9
151050,4-1-5,672
151050,5-1-4,1377
151050,6-1-4,1926
151050,1-2-6,26.6
151050,2-1-6,260.9
151050,3-1-6,246.2
151050,4-1-6,643.7
151050,5-1-6,1287
151050,6-1-5,2416
151050,1-3-2,5.2
151050,2-3-1,278.3
151050,3-2-1,229.4
151050,4-2-1,782.7
151050,5-2-1,1241
151050,6-2-1,1611
151050,1-3-4,8.7
151050,2-3-4,648.2
151050,3-2-4,474.2
151050,4-2-3,1281
151050,5-2-3,1812
151050,6-2-3,3319
151050,1-3-5,18.4
151050,2-3-5,858.3
151050,3-2-5,668.7
151050,4-2-5,1732
151050,5-2-4,2395
151050,6-2-4,3532
151050,1-3-6,32.4
151050,2-3-6,1148
151050,3-2-6,900.3
151050,4-2-6,1861
151050,5-2-6,2931
151050,6-2-5,3826
151050,1-4-2,15.5
151050,2-4-1,593.7
151050,3-4-1,394.7
151050,4-3-1,763.2
151050,5-3-1,1063
151050,6-3-1,2277
151050,1-4-3,19
151050,2-4-3,822.4
151050,3-4-2,761.1
151050,4-3-2,1505
151050,5-3-2,1789
151050,6-3-2,3625
151050,1-4-5,44.2
151050,2-4-5,1481
151050,3-4-5,763.2
151050,4-3-5,1620
151050,5-3-4,3280
151050,6-3-4,4443
151050,1-4-6,54.1
151050,2-4-6,1522
151050,3-4-6,994.6
151050,4-3-6,2649
151050,5-3-6,4238
151050,6-3-5,5009
151050,1-5-2,50.1
151050,2-5-1,933.9
151050,3-5-1,593.7
151050,4-5-1,1337
151050,5-4-1,2103
151050,6-4-1,2900
151050,1-5-3,53.5
151050,2-5-3,1093
151050,3-5-2,1020
151050,4-5-2,2071
151050,5-4-2,2783
151050,6-4-2,4238
151050,1-5-4,91.9
151050,2-5-4,2071
151050,3-5-4,1275
151050,4-5-3,2103
151050,5-4-3,3095
151050,6-4-3,4174
151050,1-5-6,116.7
151050,2-5-6,2204
151050,3-5-6,2056
151050,4-5-6,1968
151050,5-4-6,2783
151050,6-4-5,4238
151050,1-6-2,108.7
151050,2-6-1,1148
151050,3-6-1,885.9
151050,4-6-1,1620
151050,5-6-1,2574
151050,6-5-1,3444
151050,1-6-3,135.9
151050,2-6-3,1996
151050,3-6-2,2701
151050,4-6-2,2504
151050,5-6-2,3532
151050,6-5-2,4516
151050,1-6-4,198.9
151050,2-6-4,1954
151050,3-6-4,1913
151050,4-6-3,3401
151050,5-6-3,4051
151050,6-5-3,5009
151050,1-6-5,204
151050,2-6-5,3027
151050,3-6-5,3774
151050,4-6-5,2931
151050,5-6-4,4238
151050,6-5-4,4174
151087,1-2-3,9
151087,2-1-3,38.7
151087,3-1-2,67.3
151087,4-1-2,70.4
151087,5-1-2,318.1
151087,6-1-2,257.7
151087,1-2-4,12.3
151087,2-1-4,55.4
151087,3-1-4,52.4
151087,4-1-3,63.1
151087,5-1-3,275.1
151087,6-1-3,276.4
151087,1-2-5,31.8
151087,2-1-5,121
151087,3-1-5,90.1
151087,4-1-5,60.4
151087,5-1-4,180.2
151087,6-1-4,294.4
151087,1-2-6,30.4
151087,2-1-6,76.5
151087,3-1-6,90
151087,4-1-6,69.7
151087,5-1-6,259.4
151087,6-1-5,437.9
151087,1-3-2,12.8
151087,2-3-1,85.5
151087,3-2-1,124.4
151087,4-2-1,133.2
151087,5-2-1,540.6
151087,6-2-1,394.1
151087,1-3-4,11.4
151087,2-3-4,123.1
151087,3-2-4,133.3
151087,4-2-3,247.3
151087,5-2-3,698.1
151087,6-2-3,522.1
151087,1-3-5,28.3
151087,2-3-5,183.4
151087,3-2-5,202.6
151087,4-2-5,269.1
151087,5-2-4,718.7
151087,6-2-4,664
151087,1-3-6,23.7
151087,2-3-6,177
151087,3-2-6,197.3
151087,4-2-6,232.2
151087,5-2-6,714.5
151087,6-2-5,911.8
151087,1-4-2,15.4
151087,2-4-1,138.6
151087,3-4-1,96.3
151087,4-3-1,133.8
151087,5-3-1,390.3
151087,6-3-1,486.7
151087,1-4-3,13.4
151087,2-4-3,185.6
151087,3-4-2,184.8
151087,4-3-2,304.6
151087,5-3-2,1141
151087,6-3-2,579
151087,1-4-5,24.1
151087,2-4-5,262.1
151087,3-4-5,184.5
151087,4-3-5,346.1
151087,5-3-4,1001
151087,6-3-4,587.4
151087,1-4-6,27.1
151087,2-4-6,192.4
151087,3-4-6,164.4
151087,4-3-6,239.1
151087,5-3-6,993.3
151087,6-3-5,962
151087,1-5-2,73.1
151087,2-5-1,418.4
151087,3-5-1,233.1
151087,4-5-1,92.3
151087,5-4-1,197
151087,6-4-1,306.2
151087,1-5-3,73.4
151087,2-5-3,442.6
151087,3-5-2,515.5
151087,4-5-2,252.4
151087,5-4-2,482.9
151087,6-4-2,513.3
151087,1-5-4,64.6
151087,2-5-4,626.5
151087,3-5-4,380.6
151087,4-5-3,280.2
151087,5-4-3,763.6
151087,6-4-3,610.9
151087,1-5-6,84
151087,2-5-6,596
151087,3-5-6,445.9
151087,4-5-6,114.5
151087,5-4-6,284.8
151087,6-4-5,535.8
151087,1-6-2,64.7
151087,2-6-1,280.2
151087,3-6-1,262.7
151087,4-6-1,116.5
151087,5-6-1,407.2
151087,6-5-1,557.9
151087,1-6-3,63
151087,2-6-3,375.9
151087,3-6-2,399.2
151087,4-6-2,245.3
151087,5-6-2,613.9
151087,6-5-2,977.4
151087,1-6-4,59.8
151087,2-6-4,325.8
151087,3-6-4,301.6
151087,4-6-3,254
151087,5-6-3,798.5
151087,6-5-3,1018
151087,1-6-5,94
151087,2-6-5,498.7
151087,3-6-5,450.8
151087,4-6-5,153.4
151087,5-6-4,419.8
151087,6-5-4,682.5
151088,1-2-3,15.8
151088,2-1-3,50.4
151088,3-1-2,59.7
151088,4-1-2,46.7
151088,5-1-2,206.9
151088,6-1-2,313
151088,1-2-4,14.1
151088,2-1-4,53.3
151088,3-1-4,51.8
151088,4-1-3,52
151088,5-1-3,265.3
151088,6-1-3,456.3
151088,1-2-5,35.1
151088,2-1-5,109.8
151088,3-1-5,84.7
151088,4-1-5,44.5
151088,5-1-4,200.5
151088,6-1-4,255
151088,1-2-6,23.3
151088,2-1-6,82.9
151088,3-1-6,56.7
151088,4-1-6,36.8
151088,5-1-6,196.9
151088,6-1-5,533.6
151088,1-3-2,19.5
151088,2-3-1,123.4
151088,3-2-1,171.3
151088,4-2-1,96.8
151088,5-2-1,375.6
151088,6-2-1,551.7
151088,1-3-4,18.7
151088,2-3-4,173.4
151088,3-2-4,172.8
151088,4-2-3,188.1
151088,5-2-3,630.1
151088,6-2-3,751.2
151088,1-3-5,35.3
151088,2-3-5,285.5
151088,3-2-5,274.3
151088,4-2-5,113.3
151088,5-2-4,293.2
151088,6-2-4,506
151088,1-3-6,23.3
151088,2-3-6,243.5
151088,3-2-6,210
151088,4-2-6,94.2
151088,5-2-6,527.9
151088,6-2-5,930.1
151088,1-4-2,21
151088,2-4-1,112.3
151088,3-4-1,84.7
151088,4-3-1,96.6
151088,5-3-1,450
151088,6-3-1,734.3
151088,1-4-3,23.7
151088,2-4-3,216
151088,3-4-2,181.5
151088,4-3-2,210
151088,5-3-2,757.1
151088,6-3-2,966.9
151088,1-4-5,35.8
151088,2-4-5,206.9
151088,3-4-5,137.5
151088,4-3-5,122.5
151088,5-3-4,554.9
151088,6-3-4,588.3
151088,1-4-6,26.9
151088,2-4-6,158.8
151088,3-4-6,86.8
151088,4-3-6,74
151088,5-3-6,495.7
151088,6-3-5,1097
151088,1-5-2,78.9
151088,2-5-1,263.2
151088,3-5-1,184.2
151088,4-5-1,46
151088,5-4-1,194.9
151088,6-4-1,272
151088,1-5-3,77.4
151088,2-5-3,462.8
151088,3-5-2,372.7
151088,4-5-2,64.5
151088,5-4-2,239.3
151088,6-4-2,428.3
151088,1-5-4,78.7
151088,2-5-4,320.2
151088,3-5-4,220.9
151088,4-5-3,108.3
151088,5-4-3,380
151088,6-4-3,500.8
151088,1-5-6,83.9
151088,2-5-6,367.1
151088,3-5-6,218.4
151088,4-5-6,33.4
151088,5-4-6,117.1
151088,6-4-5,272.8
151088,1-6-2,63.2
151088,2-6-1,227.1
151088,3-6-1,195.7
151088,4-6-1,52.2
151088,5-6-1,307.1
151088,6-5-1,574.5
151088,1-6-3,71
151088,2-6-3,511.3
151088,3-6-2,383
151088,4-6-2,81.2
151088,5-6-2,527.9
151088,6-5-2,800.5
151088,1-6-4,67
151088,2-6-4,288.1
151088,3-6-4,209.5
151088,4-6-3,84.4
151088,5-6-3,474.1
151088,6-5-3,813.8
151088,1-6-5,134.8
151088,2-6-5,514
151088,3-6-5,302.3
151088,4-6-5,50
151088,5-6-4,188.9
151088,6-5-4,297.7
151089,1-2-3,32.5
151089,2-1-3,47
151089,3-1-2,51.9
151089,4-1-2,459.2
151089,5-1-2,1394
151089,6-1-2,31
151089,1-2-4,66.7
151089,2-1-4,105
151089,3-1-4,65.8
151089,4-1-3,451.9
151089,5-1-3,926.1
151089,6-1-3,30.4
151089,1-2-5,232.9
151089,2-1-5,386.9
151089,3-1-5,269
151089,4-1-5,855.9
151089,5-1-4,1055
151089,6-1-4,71.6
151089,1-2-6,26.8
151089,2-1-6,41.7
151089,3-1-6,25.5
151089,4-1-6,266.4
151089,5-1-6,491.2
151089,6-1-5,117.4
151089,1-3-2,31.2
151089,2-3-1,48.6
151089,3-2-1,58.4
151089,4-2-1,432.8
151089,5-2-1,1228
151089,6-2-1,36.6
151089,1-3-4,66.9
151089,2-3-4,81
151089,3-2-4,68.9
151089,4-2-3,239.8
151089,5-2-3,807
151089,6-2-3,20.7
151089,1-3-5,237.8
151089,2-3-5,247.2
151089,3-2-5,191.8
151089,4-2-5,790.1
151089,5-2-4,1298
151089,6-2-4,66.5
151089,1-3-6,20.5
151089,2-3-6,24.1
151089,3-2-6,20.4
151089,4-2-6,236.3
151089,5-2-6,624.2
151089,6-2-5,151.6
151089,1-4-2,134.8
151089,2-4-1,225
151089,3-4-1,138.2
151089,4-3-1,370.4
151089,5-3-1,982.4
151089,6-3-1,34.9
151089,1-4-3,150
151089,2-4-3,158.4
151089,3-4-2,132.3
151089,4-3-2,280.3
151089,5-3-2,855.9
151089,6-3-2,20.1
151089,1-4-5,409.3
151089,2-4-5,710.5
151089,3-4-5,305.3
151089,4-3-5,738.4
151089,5-3-4,1637
151089,6-3-4,49.6
151089,1-4-6,100.1
151089,2-4-6,118.3
151089,3-4-6,60.4
151089,4-3-6,160.7
151089,5-3-6,567.7
151089,6-3-5,114.1
151089,1-5-2,588.4
151089,2-5-1,903.8
151089,3-5-1,535.4
151089,4-5-1,738.4
151089,5-4-1,1283
151089,6-4-1,134.6
151089,1-5-3,480.7
151089,2-5-3,627.6
151089,3-5-2,420
151089,4-5-2,1189
151089,5-4-2,1241
151089,6-4-2,111
151089,1-5-4,570.6
151089,2-5-4,974
151089,3-5-4,395
151089,4-5-3,918.5
151089,5-4-3,1614
151089,6-4-3,101
151089,1-5-6,304.5
151089,2-5-6,491.2
151089,3-5-6,189.8
151089,4-5-6,468.8
151089,5-4-6,941.5
151089,6-4-5,257.3
151089,1-6-2,28.6
151089,2-6-1,46.5
151089,3-6-1,23.6
151089,4-6-1,210
151089,5-6-1,502.1
151089,6-5-1,211.9
151089,1-6-3,27.8
151089,2-6-3,27.2
151089,3-6-2,16.6
151089,4-6-2,202.4
151089,5-6-2,476.7
151089,6-5-2,201.7
151089,1-6-4,61
151089,2-6-4,87.5
151089,3-6-4,32.2
151089,4-6-3,155.4
151089,5-6-3,461.1
151089,6-5-3,185.8
151089,1-6-5,113.6
151089,2-6-5,194.4
151089,3-6-5,98.1
151089,4-6-5,311.2
151089,5-6-4,672.5
151089,6-5-4,307.8
151090,1-2-3,25.6
151090,2-1-3,41
151090,3-1-2,71.7
151090,4-1-2,571
151090,5-1-2,75
151090,6-1-2,39.7
151090,1-2-4,93.7
151090,2-1-4,169.5
151090,3-1-4,206.2
151090,4-1-3,594.3
151090,5-1-3,94.6
151090,6-1-3,52.2
151090,1-2-5,31.4
151090,2-1-5,55.2
151090,3-1-5,100.5
151090,4-1-5,667.9
151090,5-1-4,428.3
151090,6-1-4,158.4
151090,1-2-6,36
151090,2-1-6,48.7
151090,3-1-6,73.6
151090,4-1-6,611.8
151090,5-1-6,136.8
151090,6-1-5,72.1
151090,1-3-2,35.5
151090,2-3-1,39.1
151090,3-2-1,69.4
151090,4-2-1,577.8
151090,5-2-1,96.2
151090,6-2-1,30.7
151090,1-3-4,125.6
151090,2-3-4,78.9
151090,3-2-4,108.3
151090,4-2-3,514.5
151090,5-2-3,79.5
151090,6-2-3,22.9
151090,1-3-5,61.9
151090,2-3-5,59.8
151090,3-2-5,65.3
151090,4-2-5,491.9
151090,5-2-4,291.8
151090,6-2-4,73.7
151090,1-3-6,43.3
151090,2-3-6,20.1
151090,3-2-6,33.8
151090,4-2-6,397.8
151090,5-2-6,95.7
151090,6-2-5,39.4
151090,1-4-2,286
151090,2-4-1,307.2
151090,3-4-1,338.6
151090,4-3-1,650.1
151090,5-3-1,152.8
151090,6-3-1,57.2
151090,1-4-3,278.9
151090,2-4-3,169.7
151090,3-4-2,234.8
151090,4-3-2,587.1
151090,5-3-2,121.2
151090,6-3-2,33.6
151090,1-4-5,346.7
151090,2-4-5,324.3
151090,3-4-5,327.2
151090,4-3-5,589.5
151090,5-3-4,393.5
151090,6-3-4,121.4
151090,1-4-6,297.1
151090,2-4-6,149.8
151090,3-4-6,187.1
151090,4-3-6,471.2
151090,5-3-6,173.5
151090,6-3-5,73.6
151090,1-5-2,33.7
151090,2-5-1,73.3
151090,3-5-1,147.9
151090,4-5-1,724.4
151090,5-4-1,778.7
151090,6-4-1,263.8
151090,1-5-3,46.2
151090,2-5-3,49.9
151090,3-5-2,95.1
151090,4-5-2,638.6
151090,5-4-2,549.5
151090,6-4-2,191.8
151090,1-5-4,206.2
151090,2-5-4,203.1
151090,3-5-4,261.4
151090,4-5-3,724.4
151090,5-4-3,641.5
151090,6-4-3,204.5
151090,1-5-6,68.3
151090,2-5-6,65.2
151090,3-5-6,102.5
151090,4-5-6,638.6
151090,5-4-6,758.4
151090,6-4-5,299.6
151090,1-6-2,54.6
151090,2-6-1,39.9
151090,3-6-1,89.8
151090,4-6-1,674.1
151090,5-6-1,197.3
151090,6-5-1,97
151090,1-6-3,64.7
151090,2-6-3,22.1
151090,3-6-2,44.9
151090,4-6-2,472.8
151090,5-6-2,140.2
151090,6-5-2,65
151090,1-6-4,230.4
151090,2-6-4,82.6
151090,3-6-4,137.2
151090,4-6-3,472.8
151090,5-6-3,185.7
151090,6-5-3,92.5
151090,1-6-5,97.7
151090,2-6-5,52.5
151090,3-6-5,96.4
151090,4-6-5,622.3
151090,5-6-4,555.8
151090,6-5-4,214.1
151091,1-2-3,19.8
151091,2-1-3,137.9
151091,3-1-2,110.1
151091,4-1-2,22.9
151091,5-1-2,787.1
151091,6-1-2,676
151091,1-2-4,5.9
151091,2-1-4,57.6
151091,3-1-4,32
151091,4-1-3,35.2
151091,5-1-3,776.5
151091,6-1-3,1064
151091,1-2-5,69.1
151091,2-1-5,403.7
151091,3-1-5,222.7
151091,4-1-5,48.9
151091,5-1-4,427.7
151091,6-1-4,492.5
151091,1-2-6,42.8
151091,2-1-6,336
151091,3-1-6,248.7
151091,4-1-6,36.3
151091,5-1-6,973.9
151091,6-1-5,2076
151091,1-3-2,23.7
151091,2-3-1,369.9
151091,3-2-1,333.4
151091,4-2-1,67.8
151091,5-2-1,1460
151091,6-2-1,1084
151091,1-3-4,7.5
151091,2-3-4,316.8
151091,3-2-4,258.4
151091,4-2-3,189
151091,5-2-3,1853
151091,6-2-3,1833
151091,1-3-5,59.1
151091,2-3-5,1267
151091,3-2-5,996.4
151091,4-2-5,270.1
151091,5-2-4,1512
151091,6-2-4,973.9
151091,1-3-6,56.1
151091,2-3-6,1539
151091,3-2-6,1134
151091,4-2-6,202.8
151091,5-2-6,2210
151091,6-2-5,4925
151091,1-4-2,5.2
151091,2-4-1,122.1
151091,3-4-1,69.2
151091,4-3-1,87.3
151091,5-3-1,1240
151091,6-3-1,2394
151091,1-4-3,7.3
151091,2-4-3,257.6
151091,3-4-2,165.1
151091,4-3-2,184.5
151091,5-3-2,1894
151091,6-3-2,2921
151091,1-4-5,27.8
151091,2-4-5,681.3
151091,3-4-5,325.8
151091,4-3-5,325.8
151091,5-3-4,1641
151091,6-3-4,1412
151091,1-4-6,17.3
151091,2-4-6,458.4
151091,3-4-6,239
151091,4-3-6,264.3
151091,5-3-6,2004
151091,6-3-5,3134
151091,1-5-2,188.8
151091,2-5-1,1379
151091,3-5-1,665.5
151091,4-5-1,105.1
151091,5-4-1,404.6
151091,6-4-1,572.7
151091,1-5-3,175
151091,2-5-3,1958
151091,3-5-2,884
151091,4-5-2,260
151091,5-4-2,1084
151091,6-4-2,1014
151091,1-5-4,106
151091,2-5-4,1286
151091,3-5-4,715.2
151091,4-5-3,363.6
151091,5-4-3,1197
151091,6-4-3,1119
151091,1-5-6,248.3
151091,2-5-6,2210
151091,3-5-6,1008
151091,4-5-6,163.7
151091,5-4-6,857.6
151091,6-4-5,1981
151091,1-6-2,135.4
151091,2-6-1,1346
151091,3-6-1,1119
151091,4-6-1,120.1
151091,5-6-1,1706
151091,6-5-1,3252
151091,1-6-3,201.3
151091,2-6-3,2652
151091,3-6-2,1673
151091,4-6-2,259.2
151091,5-6-2,3024
151091,6-5-2,6156
151091,1-6-4,91.5
151091,2-6-4,1134
151091,3-6-4,926.7
151091,4-6-3,378
151091,5-6-3,2154
151091,6-5-3,3380
151091,1-6-5,372.3
151091,2-6-5,3134
151091,3-6-5,1539
151091,4-6-5,264.3
151091,5-6-4,1641
151091,6-5-4,2128
151092,1-2-3,25
151092,2-1-3,57
151092,3-1-2,45.7
151092,4-1-2,316.9
151092,5-1-2,12.9
151092,6-1-2,1294
151092,1-2-4,50.6
151092,2-1-4,97.5
151092,3-1-4,123.8
151092,4-1-3,486
151092,5-1-3,14.9
151092,6-1-3,2285
151092,1-2-5,14.6
151092,2-1-5,33.4
151092,3-1-5,31.1
151092,4-1-5,207.2
151092,5-1-4,46.4
151092,6-1-4,2840
151092,1-2-6,376
151092,2-1-6,492.5
151092,3-1-6,675.7
151092,4-1-6,1199
151092,5-1-6,98.4
151092,6-1-5,1462
151092,1-3-2,27.3
151092,2-3-1,86.1
151092,3-2-1,90.2
151092,4-2-1,432.8
151092,5-2-1,19.6
151092,6-2-1,1548
151092,1-3-4,58.1
151092,2-3-4,165.6
151092,3-2-4,180.8
151092,4-2-3,485.2
151092,5-2-3,22.3
151092,6-2-3,1851
151092,1-3-5,18.6
151092,2-3-5,50.3
151092,3-2-5,61.3
151092,4-2-5,279.7
151092,5-2-4,54.5
151092,6-2-4,2813
151092,1-3-6,485.2
151092,2-3-6,667.9
151092,3-2-6,991.8
151092,4-2-6,1784
151092,5-2-6,108
151092,6-2-5,1300
151092,1-4-2,101.6
151092,2-4-1,244.4
151092,3-4-1,292.2
151092,4-3-1,626.5
151092,5-3-1,22.9
151092,6-3-1,3287
151092,1-4-3,108.2
151092,2-4-3,273.1
151092,3-4-2,241.6
151092,4-3-2,475.7
151092,5-3-2,22.7
151092,6-3-2,2500
151092,1-4-5,80.9
151092,2-4-5,173.5
151092,3-4-5,161.3
151092,4-3-5,274.7
151092,5-3-4,57.5
151092,6-3-4,3525
151092,1-4-6,733.2
151092,2-4-6,1250
151092,3-4-6,1386
151092,4-3-6,2544
151092,5-3-6,180.1
151092,6-3-5,2120
151092,1-5-2,13.4
151092,2-5-1,37.5
151092,3-5-1,37.5
151092,4-5-1,164.9
151092,5-4-1,69.5
151092,6-4-1,2522
151092,1-5-3,15.4
151092,2-5-3,39.7
151092,3-5-2,38.8
151092,4-5-2,159
151092,5-4-2,64.4
151092,6-4-2,3442
151092,1-5-4,54.8
151092,2-5-4,93.6
151092,3-5-4,98.8
151092,4-5-3,172.9
151092,5-4-3,71.3
151092,6-4-3,3442
151092,1-5-6,239.8
151092,2-5-6,269.6
151092,3-5-6,429
151092,4-5-6,664.9
151092,5-4-6,265.9
151092,6-4-5,3180
151092,1-6-2,686.8
151092,2-6-1,1500
151092,3-6-1,2544
151092,4-6-1,2151
151092,5-6-1,174.7
151092,6-5-1,1312
151092,1-6-3,1224
151092,2-6-3,1721
151092,3-6-2,2089
151092,4-6-2,2684
151092,5-6-2,173.8
151092,6-5-2,1245
151092,1-6-4,1406
151092,2-6-4,2183
151092,3-6-4,2868
151092,4-6-3,3250
151092,5-6-3,218.5
151092,6-5-3,1581
151092,1-6-5,946.8
151092,2-6-5,1091
151092,3-6-5,1701
151092,4-6-5,2089
151092,5-6-4,303.1
151092,6-5-4,2378
151093,1-2-3,34.3
151093,2-1-3,161.8
151093,3-1-2,220.4
151093,4-1-2,49.1
151093,5-1-2,48.9
151093,6-1-2,1318
151093,1-2-4,13.8
151093,2-1-4,73.7
151093,3-1-4,142.4
151093,4-1-3,116.7
151093,5-1-3,87.5
151093,6-1-3,2636
151093,1-2-5,13
151093,2-1-5,75.8
151093,3-1-5,123.2
151093,4-1-5,21
151093,5-1-4,28.3
151093,6-1-4,1470
151093,1-2-6,132.3
151093,2-1-6,374.2
151093,3-1-6,554.5
151093,4-1-6,99.2
151093,5-1-6,104.5
151093,6-1-5,1297
151093,1-3-2,42.7
151093,2-3-1,349
151093,3-2-1,355.1
151093,4-2-1,98.8
151093,5-2-1,124.6
151093,6-2-1,1731
151093,1-3-4,29.1
151093,2-3-4,412.8
151093,3-2-4,386.6
151093,4-2-3,351.1
151093,5-2-3,363.3
151093,6-2-3,3463
151093,1-3-5,23.2
151093,2-3-5,471.4
151093,3-2-5,448.1
151093,4-2-5,83.2
151093,5-2-4,134.5
151093,6-2-4,2688
151093,1-3-6,148.2
151093,2-3-6,1508
151093,3-2-6,1480
151093,4-2-6,266.6
151093,5-2-6,378
151093,6-2-5,2432
151093,1-4-2,14.8
151093,2-4-1,142.3
151093,3-4-1,245
151093,4-3-1,283.2
151093,5-3-1,210.6
151093,6-3-1,2390
151093,1-4-3,27.2
151093,2-4-3,383.4
151093,3-4-2,421.3
151093,4-3-2,418.7
151093,5-3-2,449.1
151093,6-3-2,2919
151093,1-4-5,8.9
151093,2-4-5,161.2
151093,3-4-5,239.8
151093,4-3-5,267.8
151093,5-3-4,363.6
151093,6-3-4,2570
151093,1-4-6,67
151093,2-4-6,790.5
151093,3-4-6,1058
151093,4-3-6,662.4
151093,5-3-6,756.8
151093,6-3-5,2983
151093,1-5-2,14
151093,2-5-1,155.9
151093,3-5-1,199
151093,4-5-1,18.3
151093,5-4-1,28
151093,6-4-1,1434
151093,1-5-3,25.6
151093,2-5-3,447.1
151093,3-5-2,432
151093,4-5-2,41.7
151093,5-4-2,63.6
151093,6-4-2,2283
151093,1-5-4,11.1
151093,2-5-4,195.8
151093,3-5-4,276.7
151093,4-5-3,120.5
151093,5-4-3,165
151093,6-4-3,2671
151093,1-5-6,60.9
151093,2-5-6,720.8
151093,3-5-6,862.2
151093,4-5-6,44.8
151093,5-4-6,68
151093,6-4-5,1220
151093,1-6-2,308.9
151093,2-6-1,1554
151093,3-6-1,1424
151093,4-6-1,354.4
151093,5-6-1,266.9
151093,6-5-1,1089
151093,1-6-3,467.6
151093,2-6-3,2671
151093,3-6-2,2139
151093,4-6-2,475.2
151093,5-6-2,463.9
151093,6-5-2,1883
151093,1-6-4,327.5
151093,2-6-4,1984
151093,3-6-4,1965
151093,4-6-3,1119
151093,5-6-3,775.5
151093,6-5-3,2636
151093,1-6-5,278
151093,2-6-5,1648
151093,3-6-5,1554
151093,4-6-5,242.5
151093,5-6-4,299.8
151093,6-5-4,1072
151094,1-2-3,7.3
151094,2-1-3,10.8
151094,3-1-2,186.6
151094,4-1-2,66.5
151094,5-1-2,150.5
151094,6-1-2,499.5
151094,1-2-4,6.1
151094,2-1-4,11
151094,3-1-4,366.6
151094,4-1-3,270.3
151094,5-1-3,413.3
151094,6-1-3,1888
151094,1-2-5,8.9
151094,2-1-5,16.4
151094,3-1-5,338
151094,4-1-5,103.4
151094,5-1-4,267.5
151094,6-1-4,1477
151094,1-2-6,32.4
151094,2-1-6,31.3
151094,3-1-6,737.4
151094,4-1-6,212.7
151094,5-1-6,456.7
151094,6-1-5,1467
151094,1-3-2,21.5
151094,2-3-1,59.2
151094,3-2-1,234.4
151094,4-2-1,95
151094,5-2-1,205.1
151094,6-2-1,482.8
151094,1-3-4,51
151094,2-3-4,122.8
151094,3-2-4,335.8
151094,4-2-3,390.9
151094,5-2-3,581.3
151094,6-2-3,1538
151094,1-3-5,51.8
151094,2-3-5,121.5
151094,3-2-5,471.1
151094,4-2-5,153.4
151094,5-2-4,398.9
151094,6-2-4,1286
151094,1-3-6,154.9
151094,2-3-6,273.4
151094,3-2-6,952.4
151094,4-2-6,236.8
151094,5-2-6,621.7
151094,6-2-5,1390
151094,1-4-2,15.3
151094,2-4-1,43.9
151094,3-4-1,679.2
151094,4-3-1,748.5
151094,5-3-1,838.2
151094,6-3-1,2712
151094,1-4-3,52.3
151094,2-4-3,120.7
151094,3-4-2,626
151094,4-3-2,712.7
151094,5-3-2,884.6
151094,6-3-2,3315
151094,1-4-5,36.1
151094,2-4-5,90.1
151094,3-4-5,1008
151094,4-3-5,1368
151094,5-3-4,1682
151094,6-3-4,2797
151094,1-4-6,77.5
151094,2-4-6,157.1
151094,3-4-6,1543
151094,4-3-6,1482
151094,5-3-6,1741
151094,6-3-5,3130
151094,1-5-2,25.3
151094,2-5-1,65.9
151094,3-5-1,614.8
151094,4-5-1,121.8
151094,5-4-1,294.6
151094,6-4-1,1639
151094,1-5-3,76.7
151094,2-5-3,188
151094,3-5-2,770.4
151094,4-5-2,139.2
151094,5-4-2,347.2
151094,6-4-2,1670
151094,1-5-4,64.5
151094,2-5-4,153.2
151094,3-5-4,1229
151094,4-5-3,538
151094,5-4-3,1043
151094,6-4-3,2746
151094,1-5-6,141.9
151094,2-5-6,291.2
151094,3-5-6,1497
151094,4-5-6,202.8
151094,5-4-6,502.3
151094,6-4-5,1651
151094,1-6-2,123.3
151094,2-6-1,186.5
151094,3-6-1,1748
151094,4-6-1,434.5
151094,5-6-1,860.8
151094,6-5-1,1980
151094,1-6-3,436.7
151094,2-6-3,557.4
151094,3-6-2,2473
151094,4-6-2,398.2
151094,5-6-2,867.5
151094,6-5-2,1921
151094,1-6-4,296.4
151094,2-6-4,446.2
151094,3-6-4,2712
151094,4-6-3,1083
151094,5-6-3,1610
151094,6-5-3,2833
151094,1-6-5,322
151094,2-6-5,530.9
151094,3-6-5,2368
151094,4-6-5,349.9
151094,5-6-4,924.8
151094,6-5-4,1721
151095,1-2-3,15
151095,2-1-3,88.6
151095,3-1-2,70.8
151095,4-1-2,47
151095,5-1-2,90.8
151095,6-1-2,662.3
151095,1-2-4,11.5
151095,2-1-4,73.1
151095,3-1-4,50.9
151095,4-1-3,68.1
151095,5-1-3,99.1
151095,6-1-3,859
151095,1-2-5,16.1
151095,2-1-5,92.6
151095,3-1-5,44.6
151095,4-1-5,36.2
151095,5-1-4,70.4
151095,6-1-4,727.4
151095,1-2-6,141
151095,2-1-6,421.2
151095,3-1-6,359.5
151095,4-1-6,210.7
151095,5-1-6,217.8
151095,6-1-5,652
151095,1-3-2,18.3
151095,2-3-1,208.3
151095,3-2-1,159.1
151095,4-2-1,136.1
151095,5-2-1,217.8
151095,6-2-1,933.9
151095,1-3-4,13.8
151095,2-3-4,313.2
151095,3-2-4,179.3
151095,4-2-3,297.6
151095,5-2-3,383.6
151095,6-2-3,1438
151095,1-3-5,13.6
151095,2-3-5,301.6
151095,3-2-5,177
151095,4-2-5,181.5
151095,5-2-4,308.6
151095,6-2-4,1406
151095,1-3-6,125.2
151095,2-3-6,1284
151095,3-2-6,872.4
151095,4-2-6,792.7
151095,5-2-6,725.3
151095,6-2-5,1338
151095,1-4-2,13.3
151095,2-4-1,162.2
151095,3-4-1,73.7
151095,4-3-1,122.1
151095,5-3-1,180.6
151095,6-3-1,1843
151095,1-4-3,17.4
151095,2-4-3,338.7
151095,3-4-2,146.8
151095,4-3-2,252.7
151095,5-3-2,363.7
151095,6-3-2,2374
151095,1-4-5,11.5
151095,2-4-5,257.6
151095,3-4-5,62.3
151095,4-3-5,120.1
151095,5-3-4,241.7
151095,6-3-4,1871
151095,1-4-6,105.4
151095,2-4-6,1184
151095,3-4-6,484.9
151095,4-3-6,735.9
151095,5-3-6,675.6
151095,6-3-5,1394
151095,1-5-2,22.8
151095,2-5-1,247.6
151095,3-5-1,80
151095,4-5-1,45.7
151095,5-4-1,82.6
151095,6-4-1,1099
151095,1-5-3,21.2
151095,2-5-3,384.2
151095,3-5-2,147
151095,4-5-2,93.3
151095,5-4-2,181.9
151095,6-4-2,1892
151095,1-5-4,19.9
151095,2-5-4,309.9
151095,3-5-4,74.3
151095,4-5-3,110.2
151095,5-4-3,207.6
151095,6-4-3,1823
151095,1-5-6,92.5
151095,2-5-6,962.4
151095,3-5-6,415.3
151095,4-5-6,144.1
151095,5-4-6,229.4
151095,6-4-5,728.4
151095,1-6-2,353.7
151095,2-6-1,1511
151095,3-6-1,1218
151095,4-6-1,557.4
151095,5-6-1,478.5
151095,6-5-1,860.4
151095,1-6-3,407.2
151095,2-6-3,2063
151095,3-6-2,1706
151095,4-6-2,863.4
151095,5-6-2,825.2
151095,6-5-2,1489
151095,1-6-4,310.3
151095,2-6-4,1936
151095,3-6-4,1364
151095,4-6-3,1035
151095,5-6-3,743.5
151095,6-5-3,1331
151095,1-6-5,277.9
151095,2-6-5,1356
151095,3-6-5,895.7
151095,4-6-5,398.2
151095,5-6-4,474.8
151095,6-5-4,661.4
151096,1-2-3,6.9
151096,2-1-3,28.1
151096,3-1-2,78.6
151096,4-1-2,70.8
151096,5-1-2,150.2
151096,6-1-2,464.4
151096,1-2-4,7.1
151096,2-1-4,24.8
151096,3-1-4,106.1
151096,4-1-3,157
151096,5-1-3,290.5
151096,6-1-3,1119
151096,1-2-5,11.1
151096,2-1-5,32.2
151096,3-1-5,128.7
151096,4-1-5,86.2
151096,5-1-4,200.5
151096,6-1-4,1190
151096,1-2-6,22.7
151096,2-1-6,50.6
151096,3-1-6,150.4
151096,4-1-6,118.1
151096,5-1-6,222.2
151096,6-1-5,1175
151096,1-3-2,14.6
151096,2-3-1,102.8
151096,3-2-1,88.7
151096,4-2-1,104.6
151096,5-2-1,234.3
151096,6-2-1,566.4
151096,1-3-4,26.6
151096,2-3-4,189.5
151096,3-2-4,114.6
151096,4-2-3,251.9
151096,5-2-3,538.2
151096,6-2-3,1300
151096,1-3-5,37.7
151096,2-3-5,236.3
151096,3-2-5,141.3
151096,4-2-5,143.4
151096,5-2-4,477.8
151096,6-2-4,1294
151096,1-3-6,60.5
151096,2-3-6,259.6
151096,3-2-6,171
151096,4-2-6,144.9
151096,5-2-6,460.6
151096,6-2-5,1294
151096,1-4-2,16.1
151096,2-4-1,91.5
151096,3-4-1,153.3
151096,4-3-1,225.5
151096,5-3-1,535.1
151096,6-3-1,1390
151096,1-4-3,31.7
151096,2-4-3,214.3
151096,3-4-2,151.3
151096,4-3-2,236.7
151096,5-3-2,525.1
151096,6-3-2,1552
151096,1-4-5,38.8
151096,2-4-5,197.3
151096,3-4-5,158.8
151096,4-3-5,229.7
151096,5-3-4,828.8
151096,6-3-4,1259
151096,1-4-6,58.6
151096,2-4-6,254.2
151096,3-4-6,158.6
151096,4-3-6,204.3
151096,5-3-6,618.8
151096,6-3-5,1937
151096,1-5-2,29.4
151096,2-5-1,148.3
151096,3-5-1,241.5
151096,4-5-1,111.9
151096,5-4-1,259.6
151096,6-4-1,1123
151096,1-5-3,58.9
151096,2-5-3,265
151096,3-5-2,228.9
151096,4-5-2,122.7
151096,5-4-2,323.7
151096,6-4-2,1510
151096,1-5-4,65.4
151096,2-5-4,320.3
151096,3-5-4,237.5
151096,4-5-3,339.3
151096,5-4-3,733.6
151096,6-4-3,1478
151096,1-5-6,80.3
151096,2-5-6,302.7
151096,3-5-6,262.5
151096,4-5-6,110.9
151096,5-4-6,250.6
151096,6-4-5,1778
151096,1-6-2,78
151096,2-6-1,255.8
151096,3-6-1,383.8
151096,4-6-1,217.4
151096,5-6-1,602.9
151096,6-5-1,1331
151096,1-6-3,163.1
151096,2-6-3,667.4
151096,3-6-2,488.6
151096,4-6-2,243.2
151096,5-6-2,713.1
151096,6-5-2,1543
151096,1-6-4,168.1
151096,2-6-4,518.4
151096,3-6-4,443.8
151096,4-6-3,449.5
151096,5-6-3,996.3
151096,6-5-3,1964
151096,1-6-5,161
151096,2-6-5,511.7
151096,3-6-5,553.1
151096,4-6-5,239.5
151096,5-6-4,821.5
151096,6-5-4,1836
151097,1-2-3,5.3
151097,2-1-3,14.9
151097,3-1-2,16.6
151097,4-1-2,432.5
151097,5-1-2,381.1
151097,6-1-2,370.6
151097,1-2-4,20.9
151097,2-1-4,42.1
151097,3-1-4,33.2
151097,4-1-3,481
151097,5-1-3,348.2
151097,6-1-3,277.2
151097,1-2-5,28.2
151097,2-1-5,50.4
151097,3-1-5,39.4
151097,4-1-5,731.2
151097,5-1-4,808.6
151097,6-1-4,950
151097,1-2-6,29.9
151097,2-1-6,51.6
151097,3-1-6,28.6
151097,4-1-6,670.5
151097,5-1-6,609.7
151097,6-1-5,1342
151097,1-3-2,5.9
151097,2-3-1,26.9
151097,3-2-1,29.5
151097,4-2-1,699.6
151097,5-2-1,589.4
151097,6-2-1,518.6
151097,1-3-4,13.7
151097,2-3-4,96
151097,3-2-4,107.9
151097,4-2-3,827.6
151097,5-2-3,652.7
151097,6-2-3,591.2
151097,1-3-5,21.5
151097,2-3-5,97.4
151097,3-2-5,105.6
151097,4-2-5,1155
151097,5-2-4,1382
151097,6-2-4,1368
151097,1-3-6,17.5
151097,2-3-6,89.5
151097,3-2-6,74.7
151097,4-2-6,1068
151097,5-2-6,1046
151097,6-2-5,1835
151097,1-4-2,59.2
151097,2-4-1,209.2
151097,3-4-1,150.6
151097,4-3-1,637.2
151097,5-3-1,572.1
151097,6-3-1,315.9
151097,1-4-3,62.7
151097,2-4-3,266.1
151097,3-4-2,193.1
151097,4-3-2,798.4
151097,5-3-2,866.9
151097,6-3-2,515.7
151097,1-4-5,154.9
151097,2-4-5,461.4
151097,3-4-5,293.8
151097,4-3-5,1126
151097,5-3-4,1806
151097,6-3-4,1177
151097,1-4-6,108.9
151097,2-4-6,389.3
151097,3-4-6,226.7
151097,4-3-6,954.8
151097,5-3-6,1308
151097,6-3-5,1697
151097,1-5-2,80.8
151097,2-5-1,224.2
151097,3-5-1,192.7
151097,4-5-1,1163
151097,5-4-1,1472
151097,6-4-1,1605
151097,1-5-3,88.2
151097,2-5-3,263.6
151097,3-5-2,254.4
151097,4-5-2,1326
151097,5-4-2,1903
151097,6-4-2,2216
151097,1-5-4,240.2
151097,2-5-4,586.3
151097,3-5-4,450.7
151097,4-5-3,1339
151097,5-4-3,2157
151097,6-4-3,1969
151097,1-5-6,193.3
151097,2-5-6,512.4
151097,3-5-6,310.4
151097,4-5-6,1215
151097,5-4-6,1687
151097,6-4-5,2326
151097,1-6-2,92.1
151097,2-6-1,241.3
151097,3-6-1,123
151097,4-6-1,1148
151097,5-6-1,1267
151097,6-5-1,2026
151097,1-6-3,77.3
151097,2-6-3,275.2
151097,3-6-2,173.6
151097,4-6-2,1413
151097,5-6-2,1445
151097,6-5-2,2468
151097,1-6-4,197.7
151097,2-6-4,577.4
151097,3-6-4,330.9
151097,4-6-3,1491
151097,5-6-3,1453
151097,6-5-3,2288
151097,1-6-5,285
151097,2-6-5,672.9
151097,3-6-5,361.2
151097,4-6-5,1633
151097,5-6-4,1878
151097,6-5-4,2426
151098,1-2-3,14.3
151098,2-1-3,77.2
151098,3-1-2,142.8
151098,4-1-2,28.6
151098,5-1-2,160.1
151098,6-1-2,470.1
151098,1-2-4,7.8
151098,2-1-4,35.5
151098,3-1-4,104.4
151098,4-1-3,71.4
151098,5-1-3,336.5
151098,6-1-3,1416
151098,1-2-5,24.6
151098,2-1-5,121.2
151098,3-1-5,185.6
151098,4-1-5,32.8
151098,5-1-4,148.6
151098,6-1-4,604.6
151098,1-2-6,19.9
151098,2-1-6,59.1
151098,3-1-6,229
151098,4-1-6,33.5
151098,5-1-6,164.5
151098,6-1-5,1172
151098,1-3-2,25.2
151098,2-3-1,229.2
151098,3-2-1,256.7
151098,4-2-1,52.6
151098,5-2-1,305.5
151098,6-2-1,710.4
151098,1-3-4,20.3
151098,2-3-4,303.7
151098,3-2-4,311.8
151098,4-2-3,195.3
151098,5-2-3,872
151098,6-2-3,2311
151098,1-3-5,42.7
151098,2-3-5,827.2
151098,3-2-5,742.2
151098,4-2-5,88.2
151098,5-2-4,383.9
151098,6-2-4,882.4
151098,1-3-6,65.8
151098,2-3-6,400.3
151098,3-2-6,396.5
151098,4-2-6,54.5
151098,5-2-6,345.7
151098,6-2-5,1799
151098,1-4-2,10.7
151098,2-4-1,75.3
151098,3-4-1,169
151098,4-3-1,151.8
151098,5-3-1,678.3
151098,6-3-1,2040
151098,1-4-3,20.7
151098,2-4-3,265.4
151098,3-4-2,292.5
151098,4-3-2,242.1
151098,5-3-2,1247
151098,6-3-2,2793
151098,1-4-5,22.7
151098,2-4-5,283.9
151098,3-4-5,297.2
151098,4-3-5,278.9
151098,5-3-4,1011
151098,6-3-4,1831
151098,1-4-6,26.6
151098,2-4-6,123.7
151098,3-4-6,263.3
151098,4-3-6,177.1
151098,5-3-6,1185
151098,6-3-5,2910
151098,1-5-2,40.8
151098,2-5-1,362.6
151098,3-5-1,422.4
151098,4-5-1,39.1
151098,5-4-1,112.3
151098,6-4-1,596.1
151098,1-5-3,75.8
151098,2-5-3,929.6
151098,3-5-2,771.5
151098,4-5-2,56.5
151098,5-4-2,159.7
151098,6-4-2,667.7
151098,1-5-4,47.3
151098,2-5-4,597.1
151098,3-5-4,561.2
151098,4-5-3,188.7
151098,5-4-3,519.5
151098,6-4-3,1470
151098,1-5-6,63.1
151098,2-5-6,721
151098,3-5-6,739.7
151098,4-5-6,43
151098,5-4-6,122
151098,6-4-5,742.7
151098,1-6-2,61.7
151098,2-6-1,251.6
151098,3-6-1,630.3
151098,4-6-1,56.2
151098,5-6-1,371.7
151098,6-5-1,1372
151098,1-6-3,203.3
151098,2-6-3,852
151098,3-6-2,759.4
151098,4-6-2,75.5
151098,5-6-2,490.4
151098,6-5-2,1677
151098,1-6-4,79.9
151098,2-6-4,347.2
151098,3-6-4,659.4
151098,4-6-3,240.6
151098,5-6-3,983
151098,6-5-3,2616
151098,1-6-5,133.5
151098,2-6-5,944.6
151098,3-6-5,1184
151098,4-6-5,72.1
151098,5-6-4,402.1
151098,6-5-4,951.1
151063,1-2-3,39
151063,2-1-3,139.5
151063,3-1-2,24.5
151063,4-1-2,1569
151063,5-1-2,151.8
151063,6-1-2,1365
151063,1-2-4,264.9
151063,2-1-4,730.1
151063,3-1-4,59.1
151063,4-1-3,770.4
151063,5-1-3,37.9
151063,6-1-3,512.5
151063,1-2-5,90.8
151063,2-1-5,288
151063,3-1-5,6.3
151063,4-1-5,1443
151063,5-1-4,592.3
151063,6-1-4,3139
151063,1-2-6,164.5
151063,2-1-6,568.2
151063,3-1-6,17.6
151063,4-1-6,2242
151063,5-1-6,71
151063,6-1-5,584
151063,1-3-2,16.9
151063,2-3-1,156.5
151063,3-2-1,60
151063,4-2-1,2165
151063,5-2-1,256.2
151063,6-2-1,1932
151063,1-3-4,76.6
151063,2-3-4,510.4
151063,3-2-4,218
151063,4-2-3,1768
151063,5-2-3,154.4
151063,6-2-3,1092
151063,1-3-5,8.2
151063,2-3-5,149.3
151063,3-2-5,48.6
151063,4-2-5,2369
151063,5-2-4,1101
151063,6-2-4,1744
151063,1-3-6,21.5
151063,2-3-6,273.5
151063,3-2-6,80
151063,4-2-6,1411
151063,5-2-6,250.1
151063,6-2-5,848.5
151063,1-4-2,529.8
151063,2-4-1,1630
151063,3-4-1,122.1
151063,4-3-1,751.9
151063,5-3-1,34
151063,6-3-1,386.4
151063,1-4-3,280.3
151063,2-4-3,848.5
151063,3-4-2,217.2
151063,4-3-2,1219
151063,5-3-2,77
151063,6-3-2,988.8
151063,1-4-5,492.4
151063,2-4-5,1460
151063,3-4-5,85.7
151063,4-3-5,705.5
151063,5-3-4,250.6
151063,6-3-4,1294
151063,1-4-6,667.9
151063,2-4-6,1294
151063,3-4-6,124.3
151063,4-3-6,1111
151063,5-3-6,30.2
151063,6-3-5,255.7
151063,1-5-2,78
151063,2-5-1,439
151063,3-5-1,9.7
151063,4-5-1,1569
151063,5-4-1,1268
151063,6-4-1,3924
151063,1-5-3,21.5
151063,2-5-3,231.6
151063,3-5-2,29.4
151063,4-5-2,1962
151063,5-4-2,1820
151063,6-4-2,2165
151063,1-5-4,347.8
151063,2-5-4,1531
151063,3-5-4,68.1
151063,4-5-3,799.8
151063,5-4-3,631
151063,6-4-3,2920
151063,1-5-6,60.9
151063,2-5-6,536.6
151063,3-5-6,10.6
151063,4-5-6,1874
151063,5-4-6,1064
151063,6-4-5,4651
151063,1-6-2,296.8
151063,2-6-1,1243
151063,3-6-1,45.7
151063,4-6-1,4330
151063,5-6-1,99.4
151063,6-5-1,510.4
151063,1-6-3,105.4
151063,2-6-3,743
151063,3-6-2,89.1
151063,4-6-2,1846
151063,5-6-2,228.3
151063,6-5-2,581.3
151063,1-6-4,780
151063,2-6-4,1846
151063,3-6-4,153.7
151063,4-6-3,2854
151063,5-6-3,76.9
151063,6-5-3,310.8
151063,1-6-5,123.3
151063,2-6-5,775.1
151063,3-6-5,31.9
151063,4-6-5,3805
151063,5-6-4,860.1
151063,6-5-4,2058
151064,1-2-3,18.7
151064,2-1-3,19.3
151064,3-1-2,291.6
151064,4-1-2,152.7
151064,5-1-2,34.3
151064,6-1-2,1977
151064,1-2-4,20.7
151064,2-1-4,19.2
151064,3-1-4,444.8
151064,4-1-3,369.4
151064,5-1-3,82.6
151064,6-1-3,3235
151064,1-2-5,12.5
151064,2-1-5,9.2
151064,3-1-5,245.4
151064,4-1-5,120.7
151064,5-1-4,77.5
151064,6-1-4,4270
151064,1-2-6,223.3
151064,2-1-6,269.5
151064,3-1-6,1941
151064,4-1-6,796.7
151064,5-1-6,319.6
151064,6-1-5,4106
151064,1-3-2,55.7
151064,2-3-1,71.2
151064,3-2-1,277.2
151064,4-2-1,126.1
151064,5-2-1,25.4
151064,6-2-1,2482
151064,1-3-4,105.8
151064,2-3-4,52.5
151064,3-2-4,221.4
151064,4-2-3,144.8
151064,5-2-3,36.6
151064,6-2-3,2014
151064,1-3-5,67.3
151064,2-3-5,31.6
151064,3-2-5,136.1
151064,4-2-5,49.4
151064,5-2-4,28
151064,6-2-4,2372
151064,1-3-6,773.6
151064,2-3-6,402.8
151064,3-2-6,1112
151064,4-2-6,556
151064,5-2-6,161.5
151064,6-2-5,1941
151064,1-4-2,51.8
151064,2-4-1,46.7
151064,3-4-1,329.5
151064,4-3-1,496.5
151064,5-3-1,157.9
151064,6-3-1,4448
151064,1-4-3,104.4
151064,2-4-3,65.3
151064,3-4-2,324.4
151064,4-3-2,333.6
151064,5-3-2,93.7
151064,6-3-2,4641
151064,1-4-5,64
151064,2-4-5,23.8
151064,3-4-5,342.1
151064,4-3-5,318.6
151064,5-3-4,181.2
151064,6-3-4,3140
151064,1-4-6,620.6
151064,2-4-6,427
151064,3-4-6,1386
151064,4-3-6,1301
151064,5-3-6,654.9
151064,6-3-5,4270
151064,1-5-2,22.2
151064,2-5-1,14.2
151064,3-5-1,275.1
151064,4-5-1,74
151064,5-4-1,72.8
151064,6-4-1,5338
151064,1-5-3,50.5
151064,2-5-3,21.8
151064,3-5-2,167.5
151064,4-5-2,43.2
151064,5-4-2,42.4
151064,6-4-2,3681
151064,1-5-4,50.6
151064,2-5-4,19.5
151064,3-5-4,331.5
151064,4-5-3,123.2
151064,5-4-3,96.4
151064,6-4-3,4641
151064,1-5-6,247.1
151064,2-5-6,151.2
151064,3-5-6,1046
151064,4-5-6,261.6
151064,5-4-6,295.7
151064,6-4-5,3681
151064,1-6-2,570.9
151064,2-6-1,867.9
151064,3-6-1,2541
151064,4-6-1,1809
151064,5-6-1,485.2
151064,6-5-1,4106
151064,1-6-3,875
151064,2-6-3,912.4
151064,3-6-2,2135
151064,4-6-2,1642
151064,5-6-2,379.9
151064,6-5-2,2224
151064,1-6-4,912.4
151064,2-6-4,1078
151064,3-6-4,2541
151064,4-6-3,2809
151064,5-6-3,731.2
151064,6-5-3,2737
151064,1-6-5,462.1
151064,2-6-5,617.1
151064,3-6-5,2320
151064,4-6-5,1135
151064,5-6-4,736.2
151064,6-5-4,2809
151065,1-2-3,92.9
151065,2-1-3,63.8
151065,3-1-2,248.3
151065,4-1-2,74.2
151065,5-1-2,604.4
151065,6-1-2,643.8
151065,1-2-4,45.4
151065,2-1-4,41.3
151065,3-1-4,235.5
151065,4-1-3,149
151065,5-1-3,940.1
151065,6-1-3,877.5
151065,1-2-5,162.5
151065,2-1-5,104.1
151065,3-1-5,367.9
151065,4-1-5,109.4
151065,5-1-4,452.1
151065,6-1-4,604.4
151065,1-2-6,121.7
151065,2-1-6,71
151065,3-1-6,424.6
151065,4-1-6,70.5
151065,5-1-6,510.6
151065,6-1-5,1039
151065,1-3-2,121.8
151065,2-3-1,121.2
151065,3-2-1,254.2
151065,4-2-1,51.3
151065,5-2-1,558.7
151065,6-2-1,545.9
151065,1-3-4,110.3
151065,2-3-4,27.5
151065,3-2-4,52
151065,4-2-3,31.4
151065,5-2-3,489.5
151065,6-2-3,448.7
151065,1-3-5,239.3
151065,2-3-5,63
151065,3-2-5,118.8
151065,4-2-5,23.2
151065,5-2-4,175.2
151065,6-2-4,94.6
151065,1-3-6,240.2
151065,2-3-6,48.5
151065,3-2-6,83.4
151065,4-2-6,13.6
151065,5-2-6,192.9
151065,6-2-5,462.7
151065,1-4-2,56.9
151065,2-4-1,36.8
151065,3-4-1,169.7
151065,4-3-1,227.8
151065,5-3-1,1361
151065,6-3-1,1234
151065,1-4-3,119.5
151065,2-4-3,21.3
151065,3-4-2,61.9
151065,4-3-2,69.6
151065,5-3-2,658.1
151065,6-3-2,604.4
151065,1-4-5,147.5
151065,2-4-5,22.7
151065,3-4-5,76.8
151065,4-3-5,74.5
151065,5-3-4,365.6
151065,6-3-4,384.6
151065,1-4-6,90.2
151065,2-4-6,13.4
151065,3-4-6,61.3
151065,4-3-6,54.3
151065,5-3-6,405.6
151065,6-3-5,1172
151065,1-5-2,299.9
151065,2-5-1,174.2
151065,3-5-1,636.9
151065,4-5-1,86.2
151065,5-4-1,255.3
151065,6-4-1,291.7
151065,1-5-3,464.5
151065,2-5-3,120.1
151065,3-5-2,244.2
151065,4-5-2,30.8
151065,5-4-2,139.6
151065,6-4-2,81.4
151065,1-5-4,272.9
151065,2-5-4,74.2
151065,3-5-4,157.3
151065,4-5-3,84.6
151065,5-4-3,268
151065,6-4-3,299.1
151065,1-5-6,266.8
151065,2-5-6,105.4
151065,3-5-6,197.4
151065,4-5-6,19.1
151065,5-4-6,87.1
151065,6-4-5,225.2
151065,1-6-2,230.9
151065,2-6-1,149.5
151065,3-6-1,577.8
151065,4-6-1,63.1
151065,5-6-1,633.4
151065,6-5-1,940.1
151065,1-6-3,435.5
151065,2-6-3,87.6
151065,3-6-2,214.9
151065,4-6-2,18.2
151065,5-6-2,292.5
151065,6-5-2,580.7
151065,1-6-4,246.8
151065,2-6-4,32.6
151065,3-6-4,197.7
151065,4-6-3,59.4
151065,5-6-3,477.6
151065,6-5-3,932.7
151065,1-6-5,367.9
151065,2-6-5,109.9
151065,3-6-5,343.3
151065,4-6-5,27.1
151065,5-6-4,213.8
151065,6-5-4,347.4
151066,1-2-3,258.9
151066,2-1-3,397.7
151066,3-1-2,1335
151066,4-1-2,13
151066,5-1-2,925.3
151066,6-1-2,481.7
151066,1-2-4,12.3
151066,2-1-4,30.4
151066,3-1-4,865.4
151066,4-1-3,182.5
151066,5-1-3,2031
151066,6-1-3,2225
151066,1-2-5,101.7
151066,2-1-5,205.8
151066,3-1-5,963.5
151066,4-1-5,26.8
151066,5-1-4,502.5
151066,6-1-4,309.4
151066,1-2-6,55.9
151066,2-1-6,96.1
151066,3-1-6,1947
151066,4-1-6,15.8
151066,5-1-6,834.5
151066,6-1-5,1229
151066,1-3-2,546.5
151066,2-3-1,944
151066,3-2-1,1730
151066,4-2-1,12.2
151066,5-2-1,819.8
151066,6-2-1,428.7
151066,1-3-4,352.6
151066,2-3-4,584.1
151066,3-2-4,944
151066,4-2-3,158.6
151066,5-2-3,1557
151066,6-2-3,1763
151066,1-3-5,953.7
151066,2-3-5,1460
151066,3-2-5,1532
151066,4-2-5,21.7
151066,5-2-4,376.8
151066,6-2-4,152.9
151066,1-3-6,881.7
151066,2-3-6,1437
151066,3-2-6,2124
151066,4-2-6,10.2
151066,5-2-6,599.1
151066,6-2-5,713.4
151066,1-4-2,9.8
151066,2-4-1,22.7
151066,3-4-1,1183
151066,4-3-1,516.3
151066,5-3-1,4248
151066,6-3-1,4063
151066,1-4-3,174.3
151066,2-4-3,218.8
151066,3-4-2,1005
151066,4-3-2,408.1
151066,5-3-2,2396
151066,6-3-2,3461
151066,1-4-5,44.1
151066,2-4-5,58.1
151066,3-4-5,1699
151066,4-3-5,606.9
151066,5-3-4,1483
151066,6-3-4,1699
151066,1-4-6,25.6
151066,2-4-6,23.4
151066,3-4-6,1354
151066,4-3-6,494.5
151066,5-3-6,3738
151066,6-3-5,5192
151066,1-5-2,219.9
151066,2-5-1,430.7
151066,3-5-1,3338
151066,4-5-1,29
151066,5-4-1,354
151066,6-4-1,213.8
151066,1-5-3,805.7
151066,2-5-3,1168
151066,3-5-2,1797
151066,4-5-2,23.2
151066,5-4-2,225.7
151066,6-4-2,126.8
151066,1-5-4,160.3
151066,2-5-4,211.4
151066,3-5-4,1947
151066,4-5-3,224.6
151066,5-4-3,1005
151066,6-4-3,944
151066,1-5-6,270.9
151066,2-5-6,449.3
151066,3-5-6,3222
151066,4-5-6,19.3
151066,5-4-6,206.3
151066,6-4-5,314.6
151066,1-6-2,147.6
151066,2-6-1,210
151066,3-6-1,3594
151066,4-6-1,19
151066,5-6-1,1027
151066,6-5-1,1395
151066,1-6-3,658.2
151066,2-6-3,1038
151066,3-6-2,3461
151066,4-6-2,14
151066,5-6-2,785.4
151066,6-5-2,730.1
151066,1-6-4,97
151066,2-6-4,85.8
151066,3-6-4,1947
151066,4-6-3,198
151066,5-6-3,2396
151066,6-5-3,3015
151066,1-6-5,308.4
151066,2-6-5,370.8
151066,3-6-5,3015
151066,4-6-5,22
151066,5-6-4,472
151066,6-5-4,449.3
151067,1-2-3,11.1
151067,2-1-3,79.2
151067,3-1-2,55.5
151067,4-1-2,67.6
151067,5-1-2,270
151067,6-1-2,2352
151067,1-2-4,11.3
151067,2-1-4,93.6
151067,3-1-4,28.6
151067,4-1-3,44.7
151067,5-1-3,238.6
151067,6-1-3,1757
151067,1-2-5,23.8
151067,2-1-5,144.3
151067,3-1-5,35.7
151067,4-1-5,46.5
151067,5-1-4,193.6
151067,6-1-4,1602
151067,1-2-6,148.5
151067,2-1-6,767.5
151067,3-1-6,235.9
151067,4-1-6,321.2
151067,5-1-6,873.2
151067,6-1-5,3391
151067,1-3-2,10.6
151067,2-3-1,163.8
151067,3-2-1,125.6
151067,4-2-1,149.2
151067,5-2-1,504.6
151067,6-2-1,3170
151067,1-3-4,7.5
151067,2-3-4,319.1
151067,3-2-4,200.6
151067,4-2-3,251.4
151067,5-2-3,819.3
151067,6-2-3,3837
151067,1-3-5,12.6
151067,2-3-5,375.8
151067,3-2-5,224.3
151067,4-2-5,197
151067,5-2-4,645.3
151067,6-2-4,3102
151067,1-3-6,121.2
151067,2-3-6,1488
151067,3-2-6,819.3
151067,4-2-6,732.8
151067,5-2-6,1638
151067,6-2-5,4704
151067,1-4-2,11.9
151067,2-4-1,220.6
151067,3-4-1,48
151067,4-3-1,72.3
151067,5-3-1,321.9
151067,6-3-1,2314
151067,1-4-3,10.3
151067,2-4-3,303.1
151067,3-4-2,129.2
151067,4-3-2,203.9
151067,5-3-2,681.4
151067,6-3-2,3941
151067,1-4-5,13.8
151067,2-4-5,392
151067,3-4-5,73.3
151067,4-3-5,95.3
151067,5-3-4,506.3
151067,6-3-4,2514
151067,1-4-6,130.7
151067,2-4-6,1225
151067,3-4-6,307
151067,4-3-6,487.7
151067,5-3-6,1473
151067,6-3-5,4166
151067,1-5-2,35.8
151067,2-5-1,421.4
151067,3-5-1,129.7
151067,4-5-1,64.9
151067,5-4-1,206.8
151067,6-4-1,2113
151067,1-5-3,32.4
151067,2-5-3,576.4
151067,3-5-2,241.4
151067,4-5-2,147.7
151067,5-4-2,460
151067,6-4-2,4704
151067,1-5-4,35
151067,2-5-4,648.1
151067,3-5-4,139.2
151067,4-5-3,118.7
151067,5-4-3,421.4
151067,6-4-3,3837
151067,1-5-6,235.2
151067,2-5-6,1535
151067,3-5-6,583.3
151067,4-5-6,372
151067,5-4-6,833.3
151067,6-4-5,3837
151067,1-6-2,441.9
151067,2-6-1,2054
151067,3-6-1,784
151067,4-6-1,628.6
151067,5-6-1,1104
151067,6-5-1,5208
151067,1-6-3,400.6
151067,2-6-3,2144
151067,3-6-2,1535
151067,4-6-2,1096
151067,5-6-2,1822
151067,6-5-2,3739
151067,1-6-4,489.3
151067,2-6-4,2558
151067,3-6-4,953.1
151067,4-6-3,978.7
151067,5-6-3,1757
151067,6-5-3,4557
151067,1-6-5,371
151067,2-6-5,2025
151067,3-6-5,1148
151067,4-6-5,889.2
151067,5-6-4,1350
151067,6-5-4,3038
151068,1-2-3,7.9
151068,2-1-3,112.4
151068,3-1-2,101.7
151068,4-1-2,66.2
151068,5-1-2,419.3
151068,6-1-2,1277
151068,1-2-4,6.8
151068,2-1-4,102.3
151068,3-1-4,68.5
151068,4-1-3,54.8
151068,5-1-3,324.6
151068,6-1-3,1775
151068,1-2-5,35.2
151068,2-1-5,551.1
151068,3-1-5,268
151068,4-1-5,154.6
151068,5-1-4,355.9
151068,6-1-4,1327
151068,1-2-6,64.2
151068,2-1-6,533.9
151068,3-1-6,356.9
151068,4-1-6,139.3
151068,5-1-6,629.9
151068,6-1-5,2733
151068,1-3-2,7.5
151068,2-3-1,277.8
151068,3-2-1,257.4
151068,4-2-1,214.2
151068,5-2-1,1067
151068,6-2-1,2204
151068,1-3-4,4.8
151068,2-3-4,823.4
151068,3-2-4,663.5
151068,4-2-3,476.2
151068,5-2-3,1822
151068,6-2-3,4409
151068,1-3-5,26.4
151068,2-3-5,1898
151068,3-2-5,1148
151068,4-2-5,1012
151068,5-2-4,1589
151068,6-2-4,2908
151068,1-3-6,43.9
151068,2-3-6,1822
151068,3-2-6,1394
151068,4-2-6,828.4
151068,5-2-6,2135
151068,6-2-5,5695
151068,1-4-2,7.5
151068,2-4-1,316.4
151068,3-4-1,161
151068,4-3-1,159.3
151068,5-3-1,942.7
151068,6-3-1,2680
151068,1-4-3,6.3
151068,2-4-3,715.6
151068,3-4-2,481.3
151068,4-3-2,468.1
151068,5-3-2,1898
151068,6-3-2,5257
151068,1-4-5,29.3
151068,2-4-5,1822
151068,3-4-5,870.6
151068,4-3-5,942.7
151068,5-3-4,2135
151068,6-3-4,2531
151068,1-4-6,34
151068,2-4-6,1168
151068,3-4-6,676.7
151068,4-3-6,833.5
151068,5-3-6,2441
151068,6-3-5,5062
151068,1-5-2,86.6
151068,2-5-1,1340
151068,3-5-1,755.2
151068,4-5-1,408
151068,5-4-1,627
151068,6-4-1,1469
151068,1-5-3,72.2
151068,2-5-3,1752
151068,3-5-2,1423
151068,4-5-2,942.7
151068,5-4-2,1502
151068,6-4-2,3417
151068,1-5-4,68.6
151068,2-5-4,2531
151068,3-5-4,1518
151068,4-5-3,1012
151068,5-4-3,1589
151068,6-4-3,2680
151068,1-5-6,142.9
151068,2-5-6,2103
151068,3-5-6,2103
151068,4-5-6,734.9
151068,5-4-6,1485
151068,6-4-5,4142
151068,1-6-2,189.8
151068,2-6-1,2010
151068,3-6-1,1277
151068,4-6-1,458.7
151068,5-6-1,1289
151068,6-5-1,3178
151068,1-6-3,193.8
151068,2-6-3,2531
151068,3-6-2,1847
151068,4-6-2,854.3
151068,5-6-2,1952
151068,6-5-2,2847
151068,1-6-4,178.9
151068,2-6-4,2010
151068,3-6-4,1120
151068,4-6-3,1051
151068,5-6-3,2103
151068,6-5-3,3334
151068,1-6-5,268
151068,2-6-5,3505
151068,3-6-5,2204
151068,4-6-5,1067
151068,5-6-4,2485
151068,6-5-4,3597
151069,1-2-3,8.7
151069,2-1-3,7.1
151069,3-1-2,48.6
151069,4-1-2,764.9
151069,5-1-2,605.7
151069,6-1-2,106.1
151069,1-2-4,50
151069,2-1-4,41.5
151069,3-1-4,201.9
151069,4-1-3,1168
151069,5-1-3,700
151069,6-1-3,156.8
151069,1-2-5,35
151069,2-1-5,26
151069,3-1-5,144.9
151069,4-1-5,1159
151069,5-1-4,1337
151069,6-1-4,459.4
151069,1-2-6,24.3
151069,2-1-6,15.2
151069,3-1-6,87
151069,4-1-6,1247
151069,5-1-6,867.8
151069,6-1-5,445.6
151069,1-3-2,21
151069,2-3-1,9.6
151069,3-2-1,32.9
151069,4-2-1,731
151069,5-2-1,481.8
151069,6-2-1,90.1
151069,1-3-4,119.7
151069,2-3-4,35.6
151069,3-2-4,84.1
151069,4-2-3,298.6
151069,5-2-3,392.6
151069,6-2-3,60.4
151069,1-3-5,90.7
151069,2-3-5,26
151069,3-2-5,59
151069,4-2-5,696.7
151069,5-2-4,996
151069,6-2-4,252.3
151069,1-3-6,56.7
151069,2-3-6,12.6
151069,3-2-6,34.4
151069,4-2-6,517.1
151069,5-2-6,441.6
151069,6-2-5,224.8
151069,1-4-2,188.5
151069,2-4-1,124.7
151069,3-4-1,401.1
151069,4-3-1,1413
151069,5-3-1,957.4
151069,6-3-1,185.9
151069,1-4-3,289.8
151069,2-4-3,90.1
151069,3-4-2,194.2
151069,4-3-2,340.3
151069,5-3-2,653.7
151069,6-3-2,100.4
151069,1-4-5,468.1
151069,2-4-5,133.9
151069,3-4-5,560
151069,4-3-5,1454
151069,5-3-4,1927
151069,6-3-4,455.2
151069,1-4-6,359.3
151069,2-4-6,124.8
151069,3-4-6,374.7
151069,4-3-6,1009
151069,5-3-6,963.6
151069,6-3-5,420.4
151069,1-5-2,160.9
151069,2-5-1,92.4
151069,3-5-1,358.4
151069,4-5-1,1562
151069,5-4-1,1361
151069,6-4-1,833.7
151069,1-5-3,248.5
151069,2-5-3,71.8
151069,3-5-2,193.2
151069,4-5-2,1091
151069,5-4-2,1427
151069,6-4-2,605.7
151069,1-5-4,506.5
151069,2-5-4,214.1
151069,3-5-4,710
151069,4-5-3,1855
151069,5-4-3,2150
151069,6-4-3,819.9
151069,1-5-6,292.1
151069,2-5-6,86.9
151069,3-5-6,318.4
151069,4-5-6,1290
151069,5-4-6,1374
151069,6-4-5,1091
151069,1-6-2,76.8
151069,2-6-1,37.1
151069,3-6-1,162.5
151069,4-6-1,1349
151069,5-6-1,1009
151069,6-5-1,757.1
151069,1-6-3,119.2
151069,2-6-3,29.1
151069,3-6-2,87.4
151069,4-6-2,824.4
151069,5-6-2,509.9
151069,6-5-2,383.4
151069,1-6-4,364.6
151069,2-6-4,133.8
151069,3-6-4,405.4
151069,4-6-3,1247
151069,5-6-3,872.9
151069,6-5-3,671.5
151069,1-6-5,268.8
151069,2-6-5,81.9
151069,3-6-5,300.4
151069,4-6-5,1268
151069,5-6-4,1374
151069,6-5-4,989.3
151070,1-2-3,6.8
151070,2-1-3,161.4
151070,3-1-2,148.6
151070,4-1-2,175.6
151070,5-1-2,1048
151070,6-1-2,776.1
151070,1-2-4,5.7
151070,2-1-4,166.2
151070,3-1-4,154.5
151070,4-1-3,259.9
151070,5-1-3,1119
151070,6-1-3,919.2
151070,1-2-5,25.1
151070,2-1-5,364.8
151070,3-1-5,288.6
151070,4-1-5,241.2
151070,5-1-4,1003
151070,6-1-4,515.8
151070,1-2-6,18.8
151070,2-1-6,220.2
151070,3-1-6,223.8
151070,4-1-6,155
151070,5-1-6,909
151070,6-1-5,1552
151070,1-3-2,7.7
151070,2-3-1,507.8
151070,3-2-1,471.4
151070,4-2-1,474.1
151070,5-2-1,1714
151070,6-2-1,1337
151070,1-3-4,6.2
151070,2-3-4,1082
151070,3-2-4,1218
151070,4-2-3,1629
151070,5-2-3,2193
151070,6-2-3,3164
151070,1-3-5,26.8
151070,2-3-5,1285
151070,3-2-5,1265
151070,4-2-5,2136
151070,5-2-4,2991
151070,6-2-4,2165
151070,1-3-6,19.1
151070,2-3-6,1041
151070,3-2-6,1104
151070,4-2-6,839.5
151070,5-2-6,2653
151070,6-2-5,3656
151070,1-4-2,7.4
151070,2-4-1,554
151070,3-4-1,388.9
151070,4-3-1,596.1
151070,5-3-1,2254
151070,6-3-1,1958
151070,1-4-3,15.7
151070,2-4-3,1104
151070,3-4-2,861.4
151070,4-3-2,1769
151070,5-3-2,2384
151070,6-3-2,4219
151070,1-4-5,30.3
151070,2-4-5,2223
151070,3-4-5,1696
151070,4-3-5,2254
151070,5-3-4,4701
151070,6-3-4,2384
151070,1-4-6,17.7
151070,2-4-6,1075
151070,3-4-6,798.7
151070,4-3-6,1275
151070,5-3-6,3917
151070,6-3-5,5484
151070,1-5-2,63
151070,2-5-1,1246
151070,3-5-1,1430
151070,4-5-1,511
151070,5-4-1,1285
151070,6-4-1,671.6
151070,1-5-3,79.4
151070,2-5-3,1469
151070,3-5-2,1958
151070,4-5-2,1469
151070,5-4-2,3226
151070,6-4-2,2056
151070,1-5-4,67.4
151070,2-5-4,2653
151070,3-5-4,2419
151070,4-5-3,1714
151070,5-4-3,3500
151070,6-4-3,2317
151070,1-5-6,74.6
151070,2-5-6,1348
151070,3-5-6,2611
151070,4-5-6,754.7
151070,5-4-6,1567
151070,6-4-5,3047
151070,1-6-2,48.9
151070,2-6-1,1082
151070,3-6-1,1337
151070,4-6-1,327.7
151070,5-6-1,1769
151070,6-5-1,3428
151070,1-6-3,61.8
151070,2-6-3,2285
151070,3-6-2,2165
151070,4-6-2,751.3
151070,5-6-2,3164
151070,6-5-2,3047
151070,1-6-4,47.2
151070,2-6-4,1958
151070,3-6-4,2082
151070,4-6-3,1227
151070,5-6-3,3500
151070,6-5-3,3164
151070,1-6-5,89.2
151070,2-6-5,1769
151070,3-6-5,2571
151070,4-6-5,956.6
151070,5-6-4,2886
151070,6-5-4,3358
151071,1-2-3,8
151071,2-1-3,22.7
151071,3-1-2,28
151071,4-1-2,52.5
151071,5-1-2,2247
151071,6-1-2,410.4
151071,1-2-4,7.9
151071,2-1-4,16.9
151071,3-1-4,21.3
151071,4-1-3,86.7
151071,5-1-3,2034
151071,6-1-3,514.1
151071,1-2-5,234.3
151071,2-1-5,416.6
151071,3-1-5,385
151071,4-1-5,291.5
151071,5-1-4,2510
151071,6-1-4,484.4
151071,1-2-6,26.7
151071,2-1-6,42.1
151071,3-1-6,45.3
151071,4-1-6,72.8
151071,5-1-6,2928
151071,6-1-5,2013
151071,1-3-2,11.6
151071,2-3-1,45.6
151071,3-2-1,46.6
151071,4-2-1,68.3
151071,5-2-1,2684
151071,6-2-1,443.3
151071,1-3-4,15.6
151071,2-3-4,53.7
151071,3-2-4,48.7
151071,4-2-3,112.1
151071,5-2-3,2301
151071,6-2-3,539.9
151071,1-3-5,241.9
151071,2-3-5,767.1
151071,3-2-5,653
151071,4-2-5,582.2
151071,5-2-4,3276
151071,6-2-4,452.7
151071,1-3-6,32.5
151071,2-3-6,79.9
151071,3-2-6,75.8
151071,4-2-6,89.9
151071,5-2-6,4495
151071,6-2-5,2221
151071,1-4-2,14.2
151071,2-4-1,50.3
151071,3-4-1,44.6
151071,4-3-1,109.4
151071,5-3-1,2510
151071,6-3-1,642.2
151071,1-4-3,26.9
151071,2-4-3,81.2
151071,3-4-2,56.3
151071,4-3-2,114.3
151071,5-3-2,2172
151071,6-3-2,657.5
151071,1-4-5,280.5
151071,2-4-5,646.5
151071,3-4-5,379.7
151071,4-3-5,587.5
151071,5-3-4,2885
151071,6-3-4,692.8
151071,1-4-6,37.2
151071,2-4-6,73.9
151071,3-4-6,63.7
151071,4-3-6,116.3
151071,5-3-6,3717
151071,6-3-5,1952
151071,1-5-2,570.2
151071,2-5-1,1079
151071,3-5-1,1012
151071,4-5-1,450.6
151071,5-4-1,3068
151071,6-4-1,521
151071,1-5-3,798.8
151071,2-5-3,1239
151071,3-5-2,981.2
151071,4-5-2,582.2
151071,5-4-2,4113
151071,6-4-2,498.2
151071,1-5-4,776.3
151071,2-5-4,1823
151071,3-5-4,952.2
151071,4-5-3,886.7
151071,5-4-3,3068
151071,6-4-3,675.9
151071,1-5-6,695.3
151071,2-5-6,1522
151071,3-5-6,833.2
151071,4-5-6,561.9
151071,5-4-6,3068
151071,6-4-5,1823
151071,1-6-2,57.8
151071,2-6-1,157.8
151071,3-6-1,149.5
151071,4-6-1,120
151071,5-6-1,3221
151071,6-5-1,3169
151071,1-6-3,96.8
151071,2-6-3,245.9
151071,3-6-2,187.8
151071,4-6-2,117.6
151071,5-6-2,4295
151071,6-5-2,5523
151071,1-6-4,88.9
151071,2-6-4,183
151071,3-6-4,151.8
151071,4-6-3,182.7
151071,5-6-3,3790
151071,6-5-3,2648
151071,1-6-5,617.6
151071,2-6-5,1271
151071,3-6-5,808.8
151071,4-6-5,499.5
151071,5-6-4,3647
151071,6-5-4,2543
151072,1-2-3,3.9
151072,2-1-3,62.4
151072,3-1-2,42.2
151072,4-1-2,555.9
151072,5-1-2,222.8
151072,6-1-2,1191
151072,1-2-4,15.9
151072,2-1-4,160.5
151072,3-1-4,74.9
151072,4-1-3,528.2
151072,5-1-3,215.8
151072,6-1-3,1716
151072,1-2-5,11.3
151072,2-1-5,110.6
151072,3-1-5,40
151072,4-1-5,535.5
151072,5-1-4,430.8
151072,6-1-4,2993
151072,1-2-6,58.2
151072,2-1-6,285.4
151072,3-1-6,181.2
151072,4-1-6,1167
151072,5-1-6,474.5
151072,6-1-5,2715
151072,1-3-2,4.3
151072,2-3-1,172.9
151072,3-2-1,134.5
151072,4-2-1,778.3
151072,5-2-1,503.2
151072,6-2-1,1599
151072,1-3-4,11.7
151072,2-3-4,919.2
151072,3-2-4,457.8
151072,4-2-3,926.5
151072,5-2-3,699
151072,6-2-3,2245
151072,1-3-5,7.2
151072,2-3-5,561.2
151072,3-2-5,308
151072,4-2-5,989.4
151072,5-2-4,748.3
151072,6-2-4,2122
151072,1-3-6,33.3
151072,2-3-6,1111
151072,3-2-6,694.9
151072,4-2-6,1341
151072,5-2-6,2162
151072,6-2-5,3766
151072,1-4-2,41.7
151072,2-4-1,411
151072,3-4-1,359.2
151072,4-3-1,694.9
151072,5-3-1,377.8
151072,6-3-1,2382
151072,1-4-3,37.7
151072,2-4-3,566.7
151072,3-4-2,627.6
151072,4-3-2,1167
151072,5-3-2,694.9
151072,6-3-2,2594
151072,1-4-5,65.1
151072,2-4-5,611.2
151072,3-4-5,512
151072,4-3-5,1015
151072,5-3-4,1326
151072,6-3-4,2245
151072,1-4-6,116.2
151072,2-4-6,621
151072,3-4-6,905
151072,4-3-6,1621
151072,5-3-6,1144
151072,6-3-5,4490
151072,1-5-2,23.7
151072,2-5-1,394.4
151072,3-5-1,155.4
151072,4-5-1,694.9
151072,5-4-1,816.4
151072,6-4-1,4025
151072,1-5-3,22.4
151072,2-5-3,670.9
151072,3-5-2,298.5
151072,4-5-2,1101
151072,5-4-2,1824
151072,6-4-2,4669
151072,1-5-4,85.7
151072,2-5-4,1191
151072,3-5-4,496.8
151072,4-5-3,1242
151072,5-4-3,1536
151072,6-4-3,3072
151072,1-5-6,83.7
151072,2-5-6,1326
151072,3-5-6,641.4
151072,4-5-6,1373
151072,5-4-6,1716
151072,6-4-5,5559
151072,1-6-2,176
151072,2-6-1,1133
151072,3-6-1,1042
151072,4-6-1,1692
151072,5-6-1,1144
151072,6-5-1,3155
151072,1-6-3,192
151072,2-6-3,2122
151072,3-6-2,1282
151072,4-6-2,2162
151072,5-6-2,2847
151072,6-5-2,4490
151072,1-6-4,279.9
151072,2-6-4,2993
151072,3-6-4,1644
151072,4-6-3,3335
151072,5-6-3,1556
151072,6-5-3,2779
151072,1-6-5,264.1
151072,2-6-5,2382
151072,3-6-5,1122
151072,4-6-5,2122
151072,5-6-4,2012
151072,6-5-4,3766
151073,1-2-3,9.9
151073,2-1-3,136.1
151073,3-1-2,62.1
151073,4-1-2,182.1
151073,5-1-2,365
151073,6-1-2,385.1
151073,1-2-4,19.8
151073,2-1-4,172.3
151073,3-1-4,53.9
151073,4-1-3,124.2
151073,5-1-3,279.7
151073,6-1-3,230.4
151073,1-2-5,27
151073,2-1-5,234.3
151073,3-1-5,65.3
151073,4-1-5,136.7
151073,5-1-4,324.7
151073,6-1-4,390.5
151073,1-2-6,22.5
151073,2-1-6,235.3
151073,3-1-6,49.6
151073,4-1-6,99.4
151073,5-1-6,245.6
151073,6-1-5,471.9
151073,1-3-2,8.1
151073,2-3-1,286.9
151073,3-2-1,240.7
151073,4-2-1,339.1
151073,5-2-1,754.7
151073,6-2-1,877.2
151073,1-3-4,10.3
151073,2-3-4,585.8
151073,3-2-4,451.6
151073,4-2-3,552.9
151073,5-2-3,957.4
151073,6-2-3,1009
151073,1-3-5,12.2
151073,2-3-5,581.7
151073,3-2-5,391.4
151073,4-2-5,506.2
151073,5-2-4,1095
151073,6-2-4,1147
151073,1-3-6,8.6
151073,2-3-6,644.4
151073,3-2-6,392.4
151073,4-2-6,361.1
151073,5-2-6,790.3
151073,6-2-5,1432
151073,1-4-2,28.7
151073,2-4-1,438.6
151073,3-4-1,153.4
151073,4-3-1,213.9
151073,5-3-1,549.3
151073,6-3-1,346.1
151073,1-4-3,19.9
151073,2-4-3,805.5
151073,3-4-2,386.9
151073,4-3-2,478.7
151073,5-3-2,915.6
151073,6-3-2,881.8
151073,1-4-5,37.4
151073,2-4-5,1188
151073,3-4-5,209.1
151073,4-3-5,231.4
151073,5-3-4,872.6
151073,6-3-4,758.1
151073,1-4-6,24.9
151073,2-4-6,896
151073,3-4-6,180.7
151073,4-3-6,187.2
151073,5-3-6,474.6
151073,6-3-5,841.9
151073,1-5-2,50.3
151073,2-5-1,644.4
151073,3-5-1,226.7
151073,4-5-1,133.1
151073,5-4-1,357.2
151073,6-4-1,436.3
151073,1-5-3,36.7
151073,2-5-3,925.7
151073,3-5-2,525.2
151073,4-5-2,268.5
151073,5-4-2,689.5
151073,6-4-2,974.1
151073,1-5-4,65.7
151073,2-5-4,1432
151073,3-5-4,341.2
151073,4-5-3,255.4
151073,5-4-3,675.6
151073,6-4-3,748
151073,1-5-6,39.7
151073,2-5-6,790.3
151073,3-5-6,262.2
151073,4-5-6,87.5
151073,5-4-6,252.3
151073,6-4-5,450.4
151073,1-6-2,41.1
151073,2-6-1,794.1
151073,3-6-1,188
151073,4-6-1,154.4
151073,5-6-1,422
151073,6-5-1,686.7
151073,1-6-3,28.7
151073,2-6-3,952
151073,3-6-2,482.8
151073,4-6-2,341.9
151073,5-6-2,731.6
151073,6-5-2,1171
151073,1-6-4,52.4
151073,2-6-4,1384
151073,3-6-4,344
151073,4-6-3,242.4
151073,5-6-3,498.6
151073,6-5-3,772.1
151073,1-6-5,55.3
151073,2-6-5,1171
151073,3-6-5,364.2
151073,4-6-5,151.6
151073,5-6-4,367.4
151073,6-5-4,509.2
151074,1-2-3,11.3
151074,2-1-3,168.9
151074,3-1-2,167
151074,4-1-2,116.7
151074,5-1-2,266.9
151074,6-1-2,1779
151074,1-2-4,9.3
151074,2-1-4,135.1
151074,3-1-4,90.2
151074,4-1-3,107.5
151074,5-1-3,166.3
151074,6-1-3,1823
151074,1-2-5,16.6
151074,2-1-5,208.9
151074,3-1-5,127.3
151074,4-1-5,78.2
151074,5-1-4,153
151074,6-1-4,1624
151074,1-2-6,50.3
151074,2-1-6,511
151074,3-1-6,257.3
151074,4-1-6,156.1
151074,5-1-6,242.8
151074,6-1-5,1904
151074,1-3-2,12.1
151074,2-3-1,437.1
151074,3-2-1,424.7
151074,4-2-1,296.9
151074,5-2-1,720.4
151074,6-2-1,3214
151074,1-3-4,7.6
151074,2-3-4,674.9
151074,3-2-4,615.2
151074,4-2-3,677.9
151074,5-2-3,1136
151074,6-2-3,4822
151074,1-3-5,11.9
151074,2-3-5,1079
151074,3-2-5,738.2
151074,4-2-5,554.7
151074,5-2-4,952.2
151074,6-2-4,4396
151074,1-3-6,37.6
151074,2-3-6,2047
151074,3-2-6,1225
151074,4-2-6,887.2
151074,5-2-6,1235
151074,6-2-5,4152
151074,1-4-2,11.2
151074,2-4-1,412.9
151074,3-4-1,216.3
151074,4-3-1,261.8
151074,5-3-1,435.8
151074,6-3-1,2743
151074,1-4-3,9.8
151074,2-4-3,760.7
151074,3-4-2,600.3
151074,4-3-2,664.4
151074,5-3-2,1128
151074,6-3-2,4271
151074,1-4-5,11.8
151074,2-4-5,821.4
151074,3-4-5,347.6
151074,4-3-5,430.8
151074,5-3-4,509.3
151074,6-3-4,2391
151074,1-4-6,29
151074,2-4-6,1215
151074,3-4-6,674.9
151074,4-3-6,768.6
151074,5-3-6,727.4
151074,6-3-5,4040
151074,1-5-2,26.2
151074,2-5-1,732.8
151074,3-5-1,334.8
151074,4-5-1,132.5
151074,5-4-1,256.6
151074,6-4-1,2450
151074,1-5-3,17.1
151074,2-5-3,990
151074,3-5-2,821.4
151074,4-5-2,353.8
151074,5-4-2,700.2
151074,6-4-2,4396
151074,1-5-4,18.7
151074,2-5-4,1091
151074,3-5-4,382.8
151074,4-5-3,352.5
151074,5-4-3,537.7
151074,6-4-3,2820
151074,1-5-6,41.6
151074,2-5-6,1294
151074,3-5-6,610.1
151074,4-5-6,248.1
151074,5-4-6,428.3
151074,6-4-5,2555
151074,1-6-2,137
151074,2-6-1,1812
151074,3-6-1,1352
151074,4-6-1,492.5
151074,5-6-1,895.1
151074,6-5-1,2960
151074,1-6-3,129.3
151074,2-6-3,3397
151074,3-6-2,2533
151074,4-6-2,1132
151074,5-6-2,2166
151074,6-5-2,3883
151074,1-6-4,115.4
151074,2-6-4,3436
151074,3-6-4,2020
151074,4-6-3,1038
151074,5-6-3,1549
151074,6-5-3,3559
151074,1-6-5,125.4
151074,2-6-5,2931
151074,3-6-5,1487
151074,4-6-5,579.4
151074,5-6-4,996.6
151074,6-5-4,2354
151015,1-2-3,7.7
151015,2-1-3,71.8
151015,3-1-2,45.1
151015,4-1-2,969.3
151015,5-1-2,92.4
151015,6-1-2,518.2
151015,1-2-4,110.4
151015,2-1-4,576.1
151015,3-1-4,264.9
151015,4-1-3,762.9
151015,5-1-3,63.1
151015,6-1-3,502.4
151015,1-2-5,11.9
151015,2-1-5,89.4
151015,3-1-5,23.5
151015,4-1-5,777.3
151015,5-1-4,447.8
151015,6-1-4,1498
151015,1-2-6,36.8
151015,2-1-6,299.6
151015,3-1-6,79
151015,4-1-6,1373
151015,5-1-6,125.6
151015,6-1-5,414
151015,1-3-2,6.2
151015,2-3-1,167.4
151015,3-2-1,113.9
151015,4-2-1,1420
151015,5-2-1,207
151015,6-2-1,947
151015,1-3-4,48.5
151015,2-3-4,1872
151015,3-2-4,722.7
151015,4-2-3,1872
151015,5-2-3,269.2
151015,6-2-3,1307
151015,1-3-5,4.4
151015,2-3-5,234
151015,3-2-5,137.3
151015,4-2-5,2657
151015,5-2-4,1004
151015,6-2-4,2009
151015,1-3-6,18.4
151015,2-3-6,653.9
151015,3-2-6,319.3
151015,4-2-6,3295
151015,5-2-6,511.7
151015,6-2-5,1328
151015,1-4-2,304
151015,2-4-1,1681
151015,3-4-1,659.1
151015,4-3-1,1287
151015,5-3-1,98.2
151015,6-3-1,792.2
151015,1-4-3,299.6
151015,2-4-3,2354
151015,3-4-2,1287
151015,4-3-2,2496
151015,5-3-2,204.9
151015,6-3-2,1328
151015,1-4-5,308.5
151015,2-4-5,1584
151015,3-4-5,936.3
151015,4-3-5,1831
151015,5-3-4,686.6
151015,6-3-4,2226
151015,1-4-6,359.8
151015,2-4-6,1445
151015,3-4-6,1396
151015,4-3-6,2657
151015,5-3-6,248.1
151015,6-3-5,664.4
151015,1-5-2,13.4
151015,2-5-1,245.9
151015,3-5-1,50.3
151015,4-5-1,1229
151015,5-4-1,1017
151015,6-4-1,2226
151015,1-5-3,8.8
151015,2-5-3,385
151015,3-5-2,117
151015,4-5-2,2657
151015,5-4-2,1525
151015,6-4-2,2657
151015,1-5-4,117.2
151015,2-5-4,1961
151015,3-5-4,396.1
151015,4-5-3,1961
151015,5-4-3,1831
151015,6-4-3,2841
151015,1-5-6,25.7
151015,2-5-6,823.9
151015,3-5-6,123.5
151015,4-5-6,2746
151015,5-4-6,1498
151015,6-4-5,2746
151015,1-6-2,77.5
151015,2-6-1,1084
151015,3-6-1,273.7
151015,4-6-1,2226
151015,5-6-1,193.8
151015,6-5-1,398
151015,1-6-3,58.4
151015,2-6-3,1471
151015,3-6-2,484.6
151015,4-6-2,3051
151015,5-6-2,403.9
151015,6-5-2,925.7
151015,1-6-4,313.2
151015,2-6-4,2496
151015,3-6-4,1029
151015,4-6-3,3169
151015,5-6-3,295.3
151015,6-5-3,669.8
151015,1-6-5,67.1
151015,2-6-5,1267
151015,3-6-5,302.9
151015,4-6-5,3169
151015,5-6-4,716.4
151015,6-5-4,1248
151016,1-2-3,44.6
151016,2-1-3,45.4
151016,3-1-2,92.3
151016,4-1-2,205
151016,5-1-2,217.8
151016,6-1-2,552.9
151016,1-2-4,72.2
151016,2-1-4,61.2
151016,3-1-4,114.6
151016,4-1-3,351.7
151016,5-1-3,272.5
151016,6-1-3,793.2
151016,1-2-5,82.6
151016,2-1-5,63.7
151016,3-1-5,135.3
151016,4-1-5,194.6
151016,5-1-4,291.9
151016,6-1-4,833.4
151016,1-2-6,58.4
151016,2-1-6,46.7
151016,3-1-6,70
151016,4-1-6,172.6
151016,5-1-6,151.1
151016,6-1-5,950.5
151016,1-3-2,58
151016,2-3-1,50.1
151016,3-2-1,67.4
151016,4-2-1,146.3
151016,5-2-1,159.7
151016,6-2-1,437.3
151016,1-3-4,79.4
151016,2-3-4,24.6
151016,3-2-4,43.1
151016,4-2-3,97.2
151016,5-2-3,147.8
151016,6-2-3,256.7
151016,1-3-5,110.2
151016,2-3-5,19.9
151016,3-2-5,44
151016,4-2-5,52.1
151016,5-2-4,130.2
151016,6-2-4,223.3
151016,1-3-6,53.4
151016,2-3-6,18.2
151016,3-2-6,36.2
151016,4-2-6,41.9
151016,5-2-6,87.5
151016,6-2-5,242.6
151016,1-4-2,125.4
151016,2-4-1,64.5
151016,3-4-1,154.7
151016,4-3-1,325.8
151016,5-3-1,255
151016,6-3-1,714.3
151016,1-4-3,158.6
151016,2-4-3,32.1
151016,3-4-2,99.1
151016,4-3-2,153.7
151016,5-3-2,185.8
151016,6-3-2,413.7
151016,1-4-5,249.4
151016,2-4-5,32.3
151016,3-4-5,115.1
151016,4-3-5,188.2
151016,5-3-4,196.6
151016,6-3-4,467.5
151016,1-4-6,124.8
151016,2-4-6,23.7
151016,3-4-6,61.2
151016,4-3-6,130.2
151016,5-3-6,85.5
151016,6-3-5,602.1
151016,1-5-2,131.1
151016,2-5-1,71.4
151016,3-5-1,157.5
151016,4-5-1,125.5
151016,5-4-1,255
151016,6-4-1,746.8
151016,1-5-3,168.8
151016,2-5-3,45.5
151016,3-5-2,107
151016,4-5-2,54.4
151016,5-4-2,113.5
151016,6-4-2,263.1
151016,1-5-4,248.4
151016,2-5-4,54
151016,3-5-4,142.1
151016,4-5-3,151.3
151016,5-4-3,237.1
151016,6-4-3,527.5
151016,1-5-6,151.9
151016,2-5-6,33.3
151016,3-5-6,79.2
151016,4-5-6,45.7
151016,5-4-6,86.2
151016,6-4-5,226.8
151016,1-6-2,136.5
151016,2-6-1,105
151016,3-6-1,152.1
151016,4-6-1,161.7
151016,5-6-1,151.9
151016,6-5-1,815.7
151016,1-6-3,140.7
151016,2-6-3,56.1
151016,3-6-2,121
151016,4-6-2,62.3
151016,5-6-2,103.5
151016,6-5-2,301
151016,1-6-4,192.9
151016,2-6-4,52.7
151016,3-6-4,102.1
151016,4-6-3,147.8
151016,5-6-3,142.1
151016,6-5-3,577.9
151016,1-6-5,254.4
151016,2-6-5,49.2
151016,3-6-5,137.7
151016,4-6-5,60.6
151016,5-6-4,123.8
151016,6-5-4,351.7
151017,1-2-3,22.3
151017,2-1-3,26.7
151017,3-1-2,398.8
151017,4-1-2,244.2
151017,5-1-2,78.7
151017,6-1-2,1629
151017,1-2-4,14.5
151017,2-1-4,12.3
151017,3-1-4,665.6
151017,4-1-3,727
151017,5-1-3,482.2
151017,6-1-3,3375
151017,1-2-5,5.7
151017,2-1-5,7.6
151017,3-1-5,546.3
151017,4-1-5,314
151017,5-1-4,255.4
151017,6-1-4,3150
151017,1-2-6,59.1
151017,2-1-6,49.4
151017,3-1-6,1027
151017,4-1-6,801
151017,5-1-6,304.9
151017,6-1-5,3150
151017,1-3-2,77
151017,2-3-1,69.3
151017,3-2-1,348.7
151017,4-2-1,160.4
151017,5-2-1,62.9
151017,6-2-1,1783
151017,1-3-4,228.8
151017,2-3-4,60
151017,3-2-4,248
151017,4-2-3,264.7
151017,5-2-3,163.8
151017,6-2-3,1687
151017,1-3-5,123
151017,2-3-5,34.9
151017,3-2-5,198.5
151017,4-2-5,86.1
151017,5-2-4,77.6
151017,6-2-4,1074
151017,1-3-6,387.3
151017,2-3-6,164.6
151017,3-2-6,559.3
151017,4-2-6,284.7
151017,5-2-6,141.9
151017,6-2-5,891.7
151017,1-4-2,56.7
151017,2-4-1,33.8
151017,3-4-1,1312
151017,4-3-1,1549
151017,5-3-1,945.2
151017,6-3-1,4974
151017,1-4-3,237.4
151017,2-4-3,61.2
151017,3-4-2,516.5
151017,4-3-2,543.2
151017,5-3-2,341.2
151017,6-3-2,2198
151017,1-4-5,76.6
151017,2-4-5,17
151017,3-4-5,721.5
151017,4-3-5,821.9
151017,5-3-4,670.3
151017,6-3-4,3150
151017,1-4-6,333.9
151017,2-4-6,68.6
151017,3-4-6,1500
151017,4-3-6,1817
151017,5-3-6,1112
151017,6-3-5,3938
151017,1-5-2,20.1
151017,2-5-1,13.4
151017,3-5-1,883.3
151017,4-5-1,236.8
151017,5-4-1,243.6
151017,6-4-1,4974
151017,1-5-3,113
151017,2-5-3,35.5
151017,3-5-2,341.2
151017,4-5-2,111.5
151017,5-4-2,109.9
151017,6-4-2,1454
151017,1-5-4,79.2
151017,2-5-4,16.2
151017,3-5-4,647.4
151017,4-5-3,447.9
151017,5-4-3,505.4
151017,6-4-3,4109
151017,1-5-6,214.3
151017,2-5-6,32.7
151017,3-5-6,1005
151017,4-5-6,282.9
151017,5-4-6,270.8
151017,6-4-5,2363
151017,1-6-2,427.7
151017,2-6-1,188.6
151017,3-6-1,2250
151017,4-6-1,1027
151017,5-6-1,403.9
151017,6-5-1,2148
151017,1-6-3,829.1
151017,2-6-3,356.6
151017,3-6-2,2198
151017,4-6-2,528
151017,5-6-2,238.6
151017,6-5-2,984.6
151017,1-6-4,705.3
151017,2-6-4,166.1
151017,3-6-4,2305
151017,4-6-3,1227
151017,5-6-3,670.3
151017,6-5-3,4109
151017,1-6-5,559.3
151017,2-6-5,90.2
151017,3-6-5,1687
151017,4-6-5,602
151017,5-6-4,435.5
151017,6-5-4,2054
151018,1-2-3,91
151018,2-1-3,91.8
151018,3-1-2,272.5
151018,4-1-2,520.4
151018,5-1-2,127
151018,6-1-2,54.5
151018,1-2-4,148.1
151018,2-1-4,164.6
151018,3-1-4,520.4
151018,4-1-3,841.9
151018,5-1-3,344
151018,6-1-3,119.5
151018,1-2-5,51.8
151018,2-1-5,56.6
151018,3-1-5,320.6
151018,4-1-5,436.9
151018,5-1-4,324.6
151018,6-1-4,138.4
151018,1-2-6,54.5
151018,2-1-6,87.3
151018,3-1-6,346.3
151018,4-1-6,651.3
151018,5-1-6,124
151018,6-1-5,67.1
151018,1-3-2,135.7
151018,2-3-1,85.6
151018,3-2-1,216.2
151018,4-2-1,435.1
151018,5-2-1,92.4
151018,6-2-1,63.2
151018,1-3-4,279.9
151018,2-3-4,58.6
151018,3-2-4,140.9
151018,4-2-3,318.6
151018,5-2-3,60.5
151018,6-2-3,42.4
151018,1-3-5,140.1
151018,2-3-5,21.5
151018,3-2-5,55.9
151018,4-2-5,106.3
151018,5-2-4,78.2
151018,6-2-4,50.6
151018,1-3-6,170.8
151018,2-3-6,42.4
151018,3-2-6,118.2
151018,4-2-6,209.2
151018,5-2-6,30.3
151018,6-2-5,21.1
151018,1-4-2,266.2
151018,2-4-1,142.6
151018,3-4-1,468.6
151018,4-3-1,750.4
151018,5-3-1,300.1
151018,6-3-1,170.8
151018,1-4-3,348.6
151018,2-4-3,71.7
151018,3-4-2,218
151018,4-3-2,398.3
151018,5-3-2,115.4
151018,6-3-2,87.1
151018,1-4-5,182.6
151018,2-4-5,23.8
151018,3-4-5,120.4
151018,4-3-5,234.3
151018,5-3-4,224.1
151018,6-3-4,145.8
151018,1-4-6,311.9
151018,2-4-6,66.9
151018,3-4-6,217.5
151018,4-3-6,414.2
151018,5-3-6,138
151018,6-3-5,83.1
151018,1-5-2,69.8
151018,2-5-1,59.5
151018,3-5-1,234.3
151018,4-5-1,355.8
151018,5-4-1,273.9
151018,6-4-1,311.9
151018,1-5-3,138
151018,2-5-3,24.2
151018,3-5-2,84.4
151018,4-5-2,142
151018,5-4-2,158.5
151018,6-4-2,160
151018,1-5-4,164.6
151018,2-5-4,32
151018,3-5-4,134.1
151018,4-5-3,245.9
151018,5-4-3,217.5
151018,6-4-3,255.7
151018,1-5-6,106.9
151018,2-5-6,18.7
151018,3-5-6,110.1
151018,4-5-6,203.4
151018,5-4-6,164.3
151018,6-4-5,142.4
151018,1-6-2,42.4
151018,2-6-1,65.3
151018,3-6-1,384.9
151018,4-6-1,767.1
151018,5-6-1,106.4
151018,6-5-1,84.9
151018,1-6-3,97.5
151018,2-6-3,35.1
151018,3-6-2,167
151018,4-6-2,246.5
151018,5-6-2,36
151018,6-5-2,32.3
151018,1-6-4,131.7
151018,2-6-4,46.4
151018,3-6-4,292.5
151018,4-6-3,488.5
151018,5-6-3,107
151018,6-5-3,77.6
151018,1-6-5,56.2
151018,2-6-5,20.9
151018,3-6-5,113.8
151018,4-6-5,180.1
151018,5-6-4,117.4
151018,6-5-4,88.8
151019,1-2-3,71.6
151019,2-1-3,737.4
151019,3-1-2,208.5
151019,4-1-2,84.7
151019,5-1-2,745.1
151019,6-1-2,614
151019,1-2-4,55.3
151019,2-1-4,569.9
151019,3-1-4,23.5
151019,4-1-3,20.5
151019,5-1-3,390.8
151019,6-1-3,262.5
151019,1-2-5,139.9
151019,2-1-5,1459
151019,3-1-5,74.3
151019,4-1-5,38.7
151019,5-1-4,264.9
151019,6-1-4,145.3
151019,1-2-6,136.2
151019,2-1-6,1505
151019,3-1-6,49
151019,4-1-6,15.2
151019,5-1-6,355.8
151019,6-1-5,635.8
151019,1-3-2,40.6
151019,2-3-1,1182
151019,3-2-1,733.6
151019,4-2-1,331.1
151019,5-2-1,1644
151019,6-2-1,1607
151019,1-3-4,8.6
151019,2-3-4,1505
151019,3-2-4,611.3
151019,4-2-3,554.5
151019,5-2-3,1788
151019,6-2-3,1723
151019,1-3-5,31.8
151019,2-3-5,2270
151019,3-2-5,1172
151019,4-2-5,518.3
151019,5-2-4,1882
151019,6-2-4,1277
151019,1-3-6,22.7
151019,2-3-6,2466
151019,3-2-6,960.1
151019,4-2-6,430.9
151019,5-2-6,1933
151019,6-2-5,2167
151019,1-4-2,24.3
151019,2-4-1,941.2
151019,3-4-1,30.4
151019,4-3-1,36.5
151019,5-3-1,650.2
151019,6-3-1,406.4
151019,1-4-3,6.2
151019,2-4-3,1375
151019,3-4-2,225.2
151019,4-3-2,226
151019,5-3-2,1644
151019,6-3-2,1683
151019,1-4-5,22.2
151019,2-4-5,1882
151019,3-4-5,73.4
151019,4-3-5,85.9
151019,5-3-4,598.5
151019,6-3-4,402.9
151019,1-4-6,9.6
151019,2-4-6,1233
151019,3-4-6,43.4
151019,4-3-6,45.1
151019,5-3-6,765
151019,6-3-5,1324
151019,1-5-2,152
151019,2-5-1,1907
151019,3-5-1,234.5
151019,4-5-1,59.6
151019,5-4-1,251.8
151019,6-4-1,181.7
151019,1-5-3,69.2
151019,2-5-3,2699
151019,3-5-2,846.5
151019,4-5-2,254.5
151019,5-4-2,861.8
151019,6-4-2,737.4
151019,1-5-4,66.8
151019,2-5-4,2919
151019,3-5-4,190.7
151019,4-5-3,120.5
151019,5-4-3,478.4
151019,6-4-3,352.3
151019,1-5-6,125.9
151019,2-5-6,2103
151019,3-5-6,293.7
151019,4-5-6,60.9
151019,5-4-6,267.9
151019,6-4-5,563.2
151019,1-6-2,157.3
151019,2-6-1,1589
151019,3-6-1,154.3
151019,4-6-1,32.5
151019,5-6-1,510.9
151019,6-5-1,1266
151019,1-6-3,51.7
151019,2-6-3,2270
151019,3-6-2,653.2
151019,4-6-2,191.2
151019,5-6-2,822.1
151019,6-5-2,1788
151019,1-6-4,32.4
151019,2-6-4,1349
151019,3-6-4,147.3
151019,4-6-3,70.1
151019,5-6-3,596
151019,6-5-3,1416
151019,1-6-5,165.5
151019,2-6-5,2043
151019,3-6-5,333.4
151019,4-6-5,72
151019,5-6-4,464.4
151019,6-5-4,803.7
151020,1-2-3,14.3
151020,2-1-3,217.6
151020,3-1-2,296
151020,4-1-2,74
151020,5-1-2,336.1
151020,6-1-2,730.3
151020,1-2-4,8.7
151020,2-1-4,105.1
151020,3-1-4,174.4
151020,4-1-3,129.2
151020,5-1-3,406.4
151020,6-1-3,753.3
151020,1-2-5,29.2
151020,2-1-5,243.8
151020,3-1-5,261.1
151020,4-1-5,64.4
151020,5-1-4,217.3
151020,6-1-4,306.1
151020,1-2-6,21.7
151020,2-1-6,199.5
151020,3-1-6,194.1
151020,4-1-6,40.4
151020,5-1-6,238.6
151020,6-1-5,642.3
151020,1-3-2,16.8
151020,2-3-1,726.6
151020,3-2-1,940.4
151020,4-2-1,224.8
151020,5-2-1,790.5
151020,6-2-1,1483
151020,1-3-4,9.7
151020,2-3-4,910.6
151020,3-2-4,1035
151020,4-2-3,812.9
151020,5-2-3,1581
151020,6-2-3,3509
151020,1-3-5,25
151020,2-3-5,1141
151020,3-2-5,1410
151020,4-2-5,405.3
151020,5-2-4,1050
151020,6-2-4,1106
151020,1-3-6,16
151020,2-3-6,1332
151020,3-2-6,1308
151020,4-2-6,273
151020,5-2-6,1320
151020,6-2-5,2438
151020,1-4-2,8.1
151020,2-4-1,263
151020,3-4-1,371.7
151020,4-3-1,456.7
151020,5-3-1,904.9
151020,6-3-1,1563
151020,1-4-3,11.3
151020,2-4-3,781.9
151020,3-4-2,965.6
151020,4-3-2,1160
151020,5-3-2,1944
151020,6-3-2,2616
151020,1-4-5,14.5
151020,2-4-5,607.1
151020,3-4-5,773.5
151020,4-3-5,922.3
151020,5-3-4,1396
151020,6-3-4,1918
151020,1-4-6,9.1
151020,2-4-6,392
151020,3-4-6,580.1
151020,4-3-6,584.8
151020,5-3-6,1844
151020,6-3-5,3996
151020,1-5-2,60
151020,2-5-1,753.3
151020,3-5-1,701.8
151020,4-5-1,112.1
151020,5-4-1,273.5
151020,6-4-1,446.8
151020,1-5-3,57
151020,2-5-3,1712
151020,3-5-2,1918
151020,4-5-2,272.5
151020,5-4-2,594.5
151020,6-4-2,715.8
151020,1-5-4,38.3
151020,2-5-4,1169
151020,3-5-4,1370
151020,4-5-3,481.2
151020,5-4-3,1020
151020,6-4-3,1530
151020,1-5-6,45.8
151020,2-5-6,1262
151020,3-5-6,1098
151020,4-5-6,125.5
151020,5-4-6,335.3
151020,6-4-5,910.6
151020,1-6-2,59.5
151020,2-6-1,899.2
151020,3-6-1,851.3
151020,4-6-1,120.2
151020,5-6-1,449.6
151020,6-5-1,882.7
151020,1-6-3,53.9
151020,2-6-3,2180
151020,3-6-2,2569
151020,4-6-2,274.5
151020,5-6-2,940.4
151020,6-5-2,2358
151020,1-6-4,34
151020,2-6-4,803.8
151020,3-6-4,1563
151020,4-6-3,513.8
151020,5-6-3,1219
151020,6-5-3,2480
151020,1-6-5,73.7
151020,2-6-5,1712
151020,3-6-5,1635
151020,4-6-5,183.9
151020,5-6-4,631
151020,6-5-4,1020
151021,1-2-3,36
151021,2-1-3,60.4
151021,3-1-2,259.4
151021,4-1-2,24.9
151021,5-1-2,1338
151021,6-1-2,118.2
151021,1-2-4,13.6
151021,2-1-4,23
151021,3-1-4,269.1
151021,4-1-3,77.7
151021,5-1-3,1394
151021,6-1-3,250.3
151021,1-2-5,284.3
151021,2-1-5,425.3
151021,3-1-5,984.2
151021,4-1-5,173.9
151021,5-1-4,865.4
151021,6-1-4,112.2
151021,1-2-6,22.7
151021,2-1-6,36.7
151021,3-1-6,367.7
151021,4-1-6,25.4
151021,5-1-6,1224
151021,6-1-5,619.7
151021,1-3-2,44.1
151021,2-3-1,140.2
151021,3-2-1,259.4
151021,4-2-1,24.6
151021,5-2-1,1375
151021,6-2-1,119.8
151021,1-3-4,76.8
151021,2-3-4,86.6
151021,3-2-4,133.8
151021,4-2-3,36.2
151021,5-2-3,1645
151021,6-2-3,204.8
151021,1-3-5,604.7
151021,2-3-5,647.6
151021,3-2-5,1254
151021,4-2-5,136.9
151021,5-2-4,1056
151021,6-2-4,63.1
151021,1-3-6,105.5
151021,2-3-6,94.3
151021,3-2-6,173
151021,4-2-6,12.1
151021,5-2-6,1356
151021,6-2-5,458.4
151021,1-4-2,16.9
151021,2-4-1,24.7
151021,3-4-1,296.1
151021,4-3-1,167.3
151021,5-3-1,1761
151021,6-3-1,615.9
151021,1-4-3,55.8
151021,2-4-3,57.1
151021,3-4-2,142.6
151021,4-3-2,75.5
151021,5-3-2,2281
151021,6-3-2,406.4
151021,1-4-5,195.3
151021,2-4-5,241.9
151021,3-4-5,1014
151021,4-3-5,551.6
151021,5-3-4,2007
151021,6-3-4,371.8
151021,1-4-6,22.8
151021,2-4-6,14.4
151021,3-4-6,174.2
151021,4-3-6,68.9
151021,5-3-6,1568
151021,6-3-5,1034
151021,1-5-2,590.5
151021,2-5-1,1068
151021,3-5-1,2007
151021,4-5-1,354.7
151021,5-4-1,1140
151021,6-4-1,76.2
151021,1-5-3,1079
151021,2-5-3,1859
151021,3-5-2,2182
151021,4-5-2,298.7
151021,5-4-2,1079
151021,6-4-2,47.3
151021,1-5-4,732.7
151021,2-5-4,1024
151021,3-5-4,2091
151021,4-5-3,475.7
151021,5-4-3,1568
151021,6-4-3,160.1
151021,1-5-6,1254
151021,2-5-6,1167
151021,3-5-6,1521
151021,4-5-6,208.7
151021,5-4-6,896.3
151021,6-4-5,241.9
151021,1-6-2,53.3
151021,2-6-1,62.7
151021,3-6-1,682.9
151021,4-6-1,20
151021,5-6-1,1761
151021,6-5-1,1673
151021,1-6-3,145.7
151021,2-6-3,121.1
151021,3-6-2,262.1
151021,4-6-2,12.3
151021,5-6-2,1730
151021,6-5-2,1356
151021,1-6-4,56
151021,2-6-4,32.5
151021,3-6-4,343.8
151021,4-6-3,48.4
151021,5-6-3,1394
151021,6-5-3,938.2
151021,1-6-5,778.2
151021,2-6-5,496.9
151021,3-6-5,1320
151021,4-6-5,78.2
151021,5-6-4,1254
151021,6-5-4,732.7
151022,1-2-3,76.9
151022,2-1-3,459.7
151022,3-1-2,38.5
151022,4-1-2,548.9
151022,5-1-2,1077
151022,6-1-2,189.4
151022,1-2-4,143.1
151022,2-1-4,912
151022,3-1-4,10.9
151022,4-1-3,130.2
151022,5-1-3,382
151022,6-1-3,53.6
151022,1-2-5,209.8
151022,2-1-5,1165
151022,3-1-5,24.9
151022,4-1-5,314.1
151022,5-1-4,729.6
151022,6-1-4,122.3
151022,1-2-6,149.5
151022,2-1-6,753.9
151022,3-1-6,7.1
151022,4-1-6,148.2
151022,5-1-6,357.8
151022,6-1-5,207.8
151022,1-3-2,20.1
151022,2-3-1,500.4
151022,3-2-1,204.5
151022,4-2-1,912
151022,5-2-1,1663
151022,6-2-1,463.4
151022,1-3-4,9.9
151022,2-3-4,790.8
151022,3-2-4,314.1
151022,4-2-3,904.7
151022,5-2-3,1639
151022,6-2-3,487.4
151022,1-3-5,25.5
151022,2-3-5,992
151022,3-2-5,367.1
151022,4-2-5,1165
151022,5-2-4,2174
151022,6-2-4,608
151022,1-3-6,6.2
151022,2-3-6,608
151022,3-2-6,203.4
151022,4-2-6,665.2
151022,5-2-6,1713
151022,6-2-5,850.3
151022,1-4-2,149.3
151022,2-4-1,1330
151022,3-4-1,27.3
151022,4-3-1,117.8
151022,5-3-1,461.6
151022,6-3-1,53.1
151022,1-4-3,36.7
151022,2-4-3,1615
151022,3-4-2,171.8
151022,4-3-2,565.4
151022,5-3-2,1270
151022,6-3-2,242.1
151022,1-4-5,140.1
151022,2-4-5,1687
151022,3-4-5,92.4
151022,4-3-5,290.7
151022,5-3-4,611.3
151022,6-3-4,69.7
151022,1-4-6,49
151022,2-4-6,1009
151022,3-4-6,22.7
151022,4-3-6,90.9
151022,5-3-6,405.3
151022,6-3-5,182.4
151022,1-5-2,264.2
151022,2-5-1,1449
151022,3-5-1,110.7
151022,4-5-1,412.7
151022,5-4-1,1256
151022,6-4-1,240.1
151022,1-5-3,113.7
151022,2-5-3,1713
151022,3-5-2,415.7
151022,4-5-2,753.9
151022,5-4-2,1592
151022,6-4-2,483.3
151022,1-5-4,239
151022,2-5-4,2174
151022,3-5-4,162.9
151022,4-5-3,426.7
151022,5-4-3,897.5
151022,6-4-3,151.1
151022,1-5-6,150.3
151022,2-5-6,1165
151022,3-5-6,88.6
151022,4-5-6,334.5
151022,5-4-6,677.2
151022,6-4-5,440
151022,1-6-2,128.6
151022,2-6-1,1087
151022,3-6-1,18.1
151022,4-6-1,173.1
151022,5-6-1,408.2
151022,6-5-1,454.1
151022,1-6-3,22.7
151022,2-6-3,1037
151022,3-6-2,150.5
151022,4-6-2,467.3
151022,5-6-2,1097
151022,6-5-2,869.9
151022,1-6-4,56.4
151022,2-6-4,1216
151022,3-6-4,24.3
151022,4-6-3,133.5
151022,5-6-3,398.2
151022,6-5-3,338.6
151022,1-6-5,126.7
151022,2-6-5,2019
151022,3-6-5,77.1
151022,4-6-5,322.2
151022,5-6-4,608
151022,6-5-4,475.1
151023,1-2-3,12.4
151023,2-1-3,59.1
151023,3-1-2,49.7
151023,4-1-2,122.7
151023,5-1-2,365.8
151023,6-1-2,2103
151023,1-2-4,14.9
151023,2-1-4,70.7
151023,3-1-4,19.6
151023,4-1-3,55.2
151023,5-1-3,251.5
151023,6-1-3,1969
151023,1-2-5,41
151023,2-1-5,155
151023,3-1-5,52.6
151023,4-1-5,105.7
151023,5-1-4,284.7
151023,6-1-4,1303
151023,1-2-6,159.8
151023,2-1-6,416.9
151023,3-1-6,187.3
151023,4-1-6,411.3
151023,5-1-6,554.2
151023,6-1-5,1623
151023,1-3-2,9.7
151023,2-3-1,87.6
151023,3-2-1,113.1
151023,4-2-1,226.2
151023,5-2-1,544.4
151023,6-2-1,3427
151023,1-3-4,5.8
151023,2-3-4,76.3
151023,3-2-4,81.3
151023,4-2-3,234.9
151023,5-2-3,633.9
151023,6-2-3,1423
151023,1-3-5,16.8
151023,2-3-5,183.6
151023,3-2-5,197.3
151023,4-2-5,360.1
151023,5-2-4,898.5
151023,6-2-4,2152
151023,1-3-6,125.9
151023,2-3-6,494.9
151023,3-2-6,538.1
151023,4-2-6,849.1
151023,5-2-6,1267
151023,6-2-5,3191
151023,1-4-2,11.8
151023,2-4-1,147.6
151023,3-4-1,31.9
151023,4-3-1,71
151023,5-3-1,340.2
151023,6-3-1,2985
151023,1-4-3,7.9
151023,2-4-3,125.9
151023,3-4-2,75.1
151023,4-3-2,164.1
151023,5-3-2,656.4
151023,6-3-2,3559
151023,1-4-5,15.7
151023,2-4-5,285.6
151023,3-4-5,81.5
151023,4-3-5,161.5
151023,5-3-4,479.5
151023,6-3-4,2203
151023,1-4-6,70.4
151023,2-4-6,661.1
151023,3-4-6,376.2
151023,4-3-6,589.5
151023,5-3-6,1217
151023,6-3-5,2203
151023,1-5-2,68.8
151023,2-5-1,426.5
151023,3-5-1,185.1
151023,4-5-1,180
151023,5-4-1,281.3
151023,6-4-1,2570
151023,1-5-3,43.9
151023,2-5-3,438.6
151023,3-5-2,275.4
151023,4-5-2,411.3
151023,5-4-2,804.8
151023,6-4-2,1746
151023,1-5-4,35
151023,2-5-4,604.9
151023,3-5-4,189.6
151023,4-5-3,205.2
151023,5-4-3,360.1
151023,6-4-3,2501
151023,1-5-6,260.7
151023,2-5-6,1142
151023,3-5-6,777.7
151023,4-5-6,538.1
151023,5-4-6,881.4
151023,6-4-5,2985
151023,1-6-2,487.1
151023,2-6-1,2012
151023,3-6-1,484.5
151023,4-6-1,1285
151023,5-6-1,881.4
151023,6-5-1,1682
151023,1-6-3,322.4
151023,2-6-3,2313
151023,3-6-2,1568
151023,4-6-2,1361
151023,5-6-2,1423
151023,6-5-2,2892
151023,1-6-4,422.6
151023,2-6-4,2313
151023,3-6-4,964.1
151023,4-6-3,1142
151023,5-6-3,1142
151023,6-5-3,3085
151023,1-6-5,571.3
151023,2-6-5,2152
151023,3-6-5,974.2
151023,4-6-5,1267
151023,5-6-4,2012
151023,6-5-4,2722
151024,1-2-3,51.6
151024,2-1-3,248.9
151024,3-1-2,290.1
151024,4-1-2,28.7
151024,5-1-2,71.5
151024,6-1-2,2218
151024,1-2-4,16.8
151024,2-1-4,91
151024,3-1-4,157.9
151024,4-1-3,71
151024,5-1-3,137.6
151024,6-1-3,3327
151024,1-2-5,31
151024,2-1-5,152.6
151024,3-1-5,146.5
151024,4-1-5,11.2
151024,5-1-4,29.2
151024,6-1-4,2321
151024,1-2-6,215.1
151024,2-1-6,739.4
151024,3-1-6,744.9
151024,4-1-6,95.6
151024,5-1-6,151.4
151024,6-1-5,2123
151024,1-3-2,45.9
151024,2-3-1,530.9
151024,3-2-1,466.4
151024,4-2-1,92.6
151024,5-2-1,185.5
151024,6-2-1,2935
151024,1-3-4,24.5
151024,2-3-4,733.9
151024,3-2-4,583.7
151024,4-2-3,309
151024,5-2-3,466.4
151024,6-2-3,2321
151024,1-3-5,39.4
151024,2-3-5,924.2
151024,3-2-5,744.9
151024,4-2-5,93.1
151024,5-2-4,175.4
151024,6-2-4,1405
151024,1-3-6,198.8
151024,2-3-6,2852
151024,3-2-6,1751
151024,4-2-6,435.9
151024,5-2-6,530.9
151024,6-2-5,3024
151024,1-4-2,10.8
151024,2-4-1,141.7
151024,3-4-1,217.9
151024,4-3-1,174.2
151024,5-3-1,286
151024,6-3-1,3839
151024,1-4-3,22.7
151024,2-4-3,623.8
151024,3-4-2,449.6
151024,4-3-2,419.4
151024,5-3-2,623.8
151024,6-3-2,4753
151024,1-4-5,6.6
151024,2-4-5,213.7
151024,3-4-5,246.4
151024,4-3-5,175.4
151024,5-3-4,315.8
151024,6-3-4,2935
151024,1-4-6,86.5
151024,2-4-6,1050
151024,3-4-6,1174
151024,4-3-6,563.9
151024,5-3-6,648.1
151024,6-3-5,3220
151024,1-5-2,28.6
151024,2-5-1,253.9
151024,3-5-1,242.2
151024,4-5-1,8
151024,5-4-1,20.8
151024,6-4-1,2037
151024,1-5-3,49.4
151024,2-5-3,932.9
151024,3-5-2,517.2
151024,4-5-2,27.7
151024,5-4-2,61.5
151024,6-4-2,1782
151024,1-5-4,14.1
151024,2-5-4,338.3
151024,3-5-4,357.7
151024,4-5-3,77.9
151024,5-4-3,152.1
151024,6-4-3,3565
151024,1-5-6,168
151024,2-5-6,1751
151024,3-5-6,891.2
151024,4-5-6,40.4
151024,5-4-6,86.1
151024,6-4-5,1313
151024,1-6-2,608.6
151024,2-6-1,1405
151024,3-6-1,1296
151024,4-6-1,269.7
151024,5-6-1,366.9
151024,6-5-1,1919
151024,1-6-3,623.8
151024,2-6-3,4340
151024,3-6-2,2321
151024,4-6-2,464.2
151024,5-6-2,590.6
151024,6-5-2,3024
151024,1-6-4,407.4
151024,2-6-4,1610
151024,3-6-4,2321
151024,4-6-3,779.8
151024,5-6-3,688.4
151024,6-5-3,2123
151024,1-6-5,539.5
151024,2-6-5,2935
151024,3-6-5,1217
151024,4-6-5,251.4
151024,5-6-4,372.4
151024,6-5-4,1367
151025,1-2-3,13.6
151025,2-1-3,87.3
151025,3-1-2,91.5
151025,4-1-2,191.4
151025,5-1-2,67.4
151025,6-1-2,303.7
151025,1-2-4,16
151025,2-1-4,94.3
151025,3-1-4,101.9
151025,4-1-3,163.8
151025,5-1-3,78.4
151025,6-1-3,622.4
151025,1-2-5,10.3
151025,2-1-5,59
151025,3-1-5,56.8
151025,4-1-5,110.9
151025,5-1-4,160
151025,6-1-4,874.3
151025,1-2-6,14.6
151025,2-1-6,85.8
151025,3-1-6,86.6
151025,4-1-6,144.7
151025,5-1-6,76.7
151025,6-1-5,350.1
151025,1-3-2,16.1
151025,2-3-1,219.2
151025,3-2-1,180.7
151025,4-2-1,397
151025,5-2-1,128.5
151025,6-2-1,359.3
151025,1-3-4,38.4
151025,2-3-4,307.4
151025,3-2-4,172
151025,4-2-3,817.6
151025,5-2-3,282.7
151025,6-2-3,783.7
151025,1-3-5,21.4
151025,2-3-5,189.3
151025,3-2-5,93.8
151025,4-2-5,350.9
151025,5-2-4,379.1
151025,6-2-4,727.2
151025,1-3-6,34.9
151025,2-3-6,234.1
151025,3-2-6,117.4
151025,4-2-6,297.7
151025,5-2-6,176.3
151025,6-2-5,528.9
151025,1-4-2,31.7
151025,2-4-1,350.9
151025,3-4-1,71.3
151025,4-3-1,162.4
151025,5-3-1,83.5
151025,6-3-1,654.8
151025,1-4-3,72.4
151025,2-4-3,393.9
151025,3-4-2,150.8
151025,4-3-2,306.2
151025,5-3-2,179.8
151025,6-3-2,710.1
151025,1-4-5,44.6
151025,2-4-5,379.1
151025,3-4-5,41.5
151025,4-3-5,126.3
151025,5-3-4,147.1
151025,6-3-4,957.3
151025,1-4-6,46.2
151025,2-4-6,385.8
151025,3-4-6,52.4
151025,4-3-6,160.7
151025,5-3-6,119.9
151025,6-3-5,681.3
151025,1-5-2,22.8
151025,2-5-1,153.1
151025,3-5-1,65.7
151025,4-5-1,204.9
151025,5-4-1,183.5
151025,6-4-1,1104
151025,1-5-3,38.9
151025,2-5-3,232.3
151025,3-5-2,96.8
151025,4-5-2,254.6
151025,5-4-2,341.4
151025,6-4-2,933.7
151025,1-5-4,50.1
151025,2-5-4,430.9
151025,3-5-4,61.9
151025,4-5-3,296
151025,5-4-3,324.6
151025,6-4-3,1592
151025,1-5-6,33.6
151025,2-5-6,250.8
151025,3-5-6,55.6
151025,4-5-6,115.8
151025,5-4-6,166.2
151025,6-4-5,1043
151025,1-6-2,46
151025,2-6-1,330.2
151025,3-6-1,179.6
151025,4-6-1,267.2
151025,5-6-1,117.2
151025,6-5-1,371.6
151025,1-6-3,91.7
151025,2-6-3,556.1
151025,3-6-2,199
151025,4-6-2,388.8
151025,5-6-2,166.4
151025,6-5-2,471.2
151025,1-6-4,97
151025,2-6-4,521.6
151025,3-6-4,135.3
151025,4-6-3,540.2
151025,5-6-3,205.8
151025,6-5-3,577.3
151025,1-6-5,66.2
151025,2-6-5,405.5
151025,3-6-5,112.4
151025,4-6-5,217.9
151025,5-6-4,253.3
151025,6-5-4,752.5
151026,1-2-3,37.1
151026,2-1-3,364.2
151026,3-1-2,614.8
151026,4-1-2,33.3
151026,5-1-2,57.4
151026,6-1-2,1686
151026,1-2-4,8.9
151026,2-1-4,132
151026,3-1-4,662.1
151026,4-1-3,218.9
151026,5-1-3,268.5
151026,6-1-3,2681
151026,1-2-5,12.9
151026,2-1-5,170.1
151026,3-1-5,481
151026,4-1-5,16.9
151026,5-1-4,38.8
151026,6-1-4,1447
151026,1-2-6,61.3
151026,2-1-6,506.3
151026,3-1-6,973.5
151026,4-1-6,52.9
151026,5-1-6,75.8
151026,6-1-5,1587
151026,1-3-2,58.5
151026,2-3-1,934.5
151026,3-2-1,821.8
151026,4-2-1,105.8
151026,5-2-1,158.6
151026,6-2-1,1837
151026,1-3-4,58.5
151026,2-3-4,1318
151026,3-2-4,1028
151026,4-2-3,614.8
151026,5-2-3,646.4
151026,6-2-3,2019
151026,1-3-5,61.3
151026,2-3-5,1258
151026,3-2-5,1248
151026,4-2-5,116.5
151026,5-2-4,211.5
151026,6-2-4,1447
151026,1-3-6,161.9
151026,2-3-6,2019
151026,3-2-6,1587
151026,4-2-6,242.2
151026,5-2-6,321.9
151026,6-2-5,3085
151026,1-4-2,9.9
151026,2-4-1,240.1
151026,3-4-1,945.3
151026,4-3-1,512.6
151026,5-3-1,750.2
151026,6-3-1,2336
151026,1-4-3,57.9
151026,2-4-3,1151
151026,3-4-2,1318
151026,4-3-2,903.5
151026,5-3-2,1112
151026,6-3-2,3555
151026,1-4-5,8.7
151026,2-4-5,381.2
151026,3-4-5,1239
151026,4-3-5,492.6
151026,5-3-4,973.5
151026,6-3-4,3337
151026,1-4-6,48.9
151026,2-4-6,1055
151026,3-4-6,1619
151026,4-3-6,1151
151026,5-3-6,1318
151026,6-3-5,3989
151026,1-5-2,14
151026,2-5-1,300
151026,3-5-1,834.4
151026,4-5-1,11.7
151026,5-4-1,26.8
151026,6-4-1,1239
151026,1-5-3,55.2
151026,2-5-3,939.9
151026,3-5-2,1298
151026,4-5-2,35.3
151026,5-4-2,72.7
151026,6-4-2,1211
151026,1-5-4,11
151026,2-5-4,433.8
151026,3-5-4,1329
151026,4-5-3,146.4
151026,5-4-3,345.7
151026,6-4-3,2336
151026,1-5-6,43.6
151026,2-5-6,879.2
151026,3-5-6,1603
151026,4-5-6,24.1
151026,5-4-6,40.3
151026,6-4-5,945.3
151026,1-6-2,211
151026,2-6-1,1837
151026,3-6-1,1318
151026,4-6-1,117.6
151026,5-6-1,198.9
151026,6-5-1,1028
151026,1-6-3,354
151026,2-6-3,2240
151026,3-6-2,1994
151026,4-6-2,246.3
151026,5-6-2,347.9
151026,6-5-2,1422
151026,1-6-4,207.2
151026,2-6-4,1758
151026,3-6-4,1901
151026,4-6-3,693
151026,5-6-3,973.5
151026,6-5-3,1858
151026,1-6-5,163.3
151026,2-6-5,2070
151026,3-6-5,1858
151026,4-6-5,105.4
151026,5-6-4,225.8
151026,6-5-4,843
151075,1-2-3,10.9
151075,2-1-3,165.5
151075,3-1-2,159.7
151075,4-1-2,668.8
151075,5-1-2,56.8
151075,6-1-2,635.4
151075,1-2-4,30.9
151075,2-1-4,379.3
151075,3-1-4,253
151075,4-1-3,535.8
151075,5-1-3,30.4
151075,6-1-3,532.6
151075,1-2-5,10.2
151075,2-1-5,166.5
151075,3-1-5,65.4
151075,4-1-5,471.9
151075,5-1-4,163.2
151075,6-1-4,1118
151075,1-2-6,24.9
151075,2-1-6,366.8
151075,3-1-6,188.6
151075,4-1-6,563
151075,5-1-6,43.6
151075,6-1-5,309.4
151075,1-3-2,9.7
151075,2-3-1,387.6
151075,3-2-1,357.2
151075,4-2-1,1194
151075,5-2-1,190.8
151075,6-2-1,1155
151075,1-3-4,22.9
151075,2-3-4,1078
151075,3-2-4,1059
151075,4-2-3,1588
151075,5-2-3,333.1
151075,6-2-3,2118
151075,1-3-5,5.7
151075,2-3-5,473.1
151075,3-2-5,464.5
151075,4-2-5,1662
151075,5-2-4,661.3
151075,6-2-4,2916
151075,1-3-6,18.4
151075,2-3-6,1210
151075,3-2-6,993.9
151075,4-2-6,2021
151075,5-2-6,321.7
151075,6-2-5,1482
151075,1-4-2,75
151075,2-4-1,1279
151075,3-4-1,577.6
151075,4-3-1,644.6
151075,5-3-1,90.3
151075,6-3-1,1105
151075,1-4-3,61.4
151075,2-4-3,1853
151075,3-4-2,1147
151075,4-3-2,1298
151075,5-3-2,237.5
151075,6-3-2,1834
151075,1-4-5,47.6
151075,2-4-5,2021
151075,3-4-5,931.4
151075,4-3-5,1226
151075,5-3-4,502.5
151075,6-3-4,2404
151075,1-4-6,69.5
151075,2-4-6,2372
151075,3-4-6,1022
151075,4-3-6,1298
151075,5-3-6,171.8
151075,6-3-5,1111
151075,1-5-2,12.5
151075,2-5-1,413.7
151075,3-5-1,120.4
151075,4-5-1,630.9
151075,5-4-1,453.8
151075,6-4-1,2616
151075,1-5-3,8.4
151075,2-5-3,587.1
151075,3-5-2,369.8
151075,4-5-2,1560
151075,5-4-2,863.6
151075,6-4-2,3294
151075,1-5-4,31.8
151075,2-5-4,1470
151075,3-5-4,732.1
151075,4-5-3,1118
151075,5-4-3,847.2
151075,6-4-3,3421
151075,1-5-6,15.8
151075,2-5-6,889.5
151075,3-5-6,304.1
151075,4-5-6,951.4
151075,5-4-6,676.4
151075,6-4-5,2824
151075,1-6-2,79.9
151075,2-6-1,1337
151075,3-6-1,605.1
151075,4-6-1,1261
151075,5-6-1,84.3
151075,6-5-1,314.8
151075,1-6-3,60.6
151075,2-6-3,2044
151075,3-6-2,1602
151075,4-6-2,2310
151075,5-6-2,202.1
151075,6-5-2,706
151075,1-6-4,146.3
151075,2-6-4,2505
151075,3-6-4,1999
151075,4-6-3,2655
151075,5-6-3,160.2
151075,6-5-3,601
151075,1-6-5,48.1
151075,2-6-5,1400
151075,3-6-5,766.8
151075,4-6-5,1892
151075,5-6-4,499.7
151075,6-5-4,1347
151076,1-2-3,6.2
151076,2-1-3,59.3
151076,3-1-2,44.5
151076,4-1-2,114.4
151076,5-1-2,364.1
151076,6-1-2,955
151076,1-2-4,12.3
151076,2-1-4,74.6
151076,3-1-4,26.9
151076,4-1-3,74.3
151076,5-1-3,265.3
151076,6-1-3,1028
151076,1-2-5,33.4
151076,2-1-5,140.8
151076,3-1-5,44.5
151076,4-1-5,128.1
151076,5-1-4,424.1
151076,6-1-4,1594
151076,1-2-6,39.9
151076,2-1-6,182.6
151076,3-1-6,92.1
151076,4-1-6,222.7
151076,5-1-6,435.7
151076,6-1-5,1594
151076,1-3-2,5.8
151076,2-3-1,137.3
151076,3-2-1,127.3
151076,4-2-1,212.3
151076,5-2-1,805.4
151076,6-2-1,1226
151076,1-3-4,7.1
151076,2-3-4,218.1
151076,3-2-4,143.8
151076,4-2-3,207.3
151076,5-2-3,1084
151076,6-2-3,2278
151076,1-3-5,15.9
151076,2-3-5,356
151076,3-2-5,271.7
151076,4-2-5,404.7
151076,5-2-4,1286
151076,6-2-4,2380
151076,1-3-6,24.2
151076,2-3-6,443
151076,3-2-6,389.9
151076,4-2-6,613.4
151076,5-2-6,1424
151076,6-2-5,2658
151076,1-4-2,17.5
151076,2-4-1,223
151076,3-4-1,53.6
151076,4-3-1,103
151076,5-3-1,418.6
151076,6-3-1,1307
151076,1-4-3,13.9
151076,2-4-3,300.3
151076,3-4-2,124.3
151076,4-3-2,212.6
151076,5-3-2,817.8
151076,6-3-2,2416
151076,1-4-5,41.5
151076,2-4-5,582
151076,3-4-5,112.9
151076,4-3-5,236.9
151076,5-3-4,627.9
151076,6-3-4,2018
151076,1-4-6,49.4
151076,2-4-6,597.3
151076,3-4-6,185.4
151076,4-3-6,390.9
151076,5-3-6,886
151076,6-3-5,2018
151076,1-5-2,79.6
151076,2-5-1,565.5
151076,3-5-1,191
151076,4-5-1,211.8
151076,5-4-1,553.7
151076,6-4-1,1921
151076,1-5-3,64.8
151076,2-5-3,728.2
151076,3-5-2,362.4
151076,4-5-2,364.1
151076,5-4-2,990.6
151076,6-4-2,2703
151076,1-5-4,109.6
151076,2-5-4,1107
151076,3-5-4,272.6
151076,4-5-3,287.8
151076,5-4-3,659
151076,6-4-3,2380
151076,1-5-6,139.5
151076,2-5-6,1265
151076,3-5-6,396.7
151076,4-5-6,315.1
151076,5-4-6,916.5
151076,6-4-5,2531
151076,1-6-2,160.2
151076,2-6-1,801.4
151076,3-6-1,414.2
151076,4-6-1,635.4
151076,5-6-1,801.4
151076,6-5-1,1661
151076,1-6-3,137.9
151076,2-6-3,1386
151076,3-6-2,839.4
151076,4-6-2,793.4
151076,5-6-2,1318
151076,6-5-2,2531
151076,1-6-4,231.1
151076,2-6-4,1563
151076,3-6-4,632.8
151076,4-6-3,690.4
151076,5-6-3,960.7
151076,6-5-3,2126
151076,1-6-5,271.2
151076,2-6-5,1548
151076,3-6-5,705.7
151076,4-6-5,648.3
151076,5-6-4,1217
151076,6-5-4,2658
151077,1-2-3,11.4
151077,2-1-3,212.5
151077,3-1-2,72.3
151077,4-1-2,242
151077,5-1-2,103.5
151077,6-1-2,297.7
151077,1-2-4,24
151077,2-1-4,299.7
151077,3-1-4,96.3
151077,4-1-3,224.4
151077,5-1-3,117.3
151077,6-1-3,436.6
151077,1-2-5,12.5
151077,2-1-5,189.8
151077,3-1-5,81.5
151077,4-1-5,100.6
151077,5-1-4,137.3
151077,6-1-4,486
151077,1-2-6,17.5
151077,2-1-6,243.7
151077,3-1-6,108.1
151077,4-1-6,115.9
151077,5-1-6,52.8
151077,6-1-5,163
151077,1-3-2,9.1
151077,2-3-1,499.8
151077,3-2-1,293.7
151077,4-2-1,751.9
151077,5-2-1,263.4
151077,6-2-1,600.5
151077,1-3-4,16.9
151077,2-3-4,745.6
151077,3-2-4,594.4
151077,4-2-3,893.2
151077,5-2-3,588.5
151077,6-2-3,1385
151077,1-3-5,9.6
151077,2-3-5,679.3
151077,3-2-5,490.1
151077,4-2-5,826.1
151077,5-2-4,615.2
151077,6-2-4,1491
151077,1-3-6,15.9
151077,2-3-6,1120
151077,3-2-6,594.4
151077,4-2-6,810.8
151077,5-2-6,294.7
151077,6-2-5,630.6
151077,1-4-2,40.7
151077,2-4-1,911.7
151077,3-4-1,253.1
151077,4-3-1,415.9
151077,5-3-1,276.2
151077,6-3-1,946
151077,1-4-3,33.9
151077,2-4-3,796.2
151077,3-4-2,501.3
151077,4-3-2,721.1
151077,5-3-2,623.9
151077,6-3-2,1777
151077,1-4-5,32
151077,2-4-5,1029
151077,3-4-5,269.8
151077,4-3-5,438.8
151077,5-3-4,594.4
151077,6-3-4,1247
151077,1-4-6,38
151077,2-4-6,1092
151077,3-4-6,315.3
151077,4-3-6,469.2
151077,5-3-6,333.8
151077,6-3-5,940.9
151077,1-5-2,22.1
151077,2-5-1,474.2
151077,3-5-1,197.7
151077,4-5-1,118.3
151077,5-4-1,182.7
151077,6-4-1,850
151077,1-5-3,18.2
151077,2-5-3,940.9
151077,3-5-2,428.1
151077,4-5-2,317.6
151077,5-4-2,433.4
151077,6-4-2,1599
151077,1-5-4,40.9
151077,2-5-4,1106
151077,3-5-4,291.8
151077,4-5-3,340.3
151077,5-4-3,459.4
151077,6-4-3,1364
151077,1-5-6,16.4
151077,2-5-6,630.6
151077,3-5-6,221.8
151077,4-5-6,112.2
151077,5-4-6,154.3
151077,6-4-5,409.2
151077,1-6-2,45.3
151077,2-6-1,684.6
151077,3-6-1,445.4
151077,4-6-1,207.7
151077,5-6-1,80.9
151077,6-5-1,166.1
151077,1-6-3,48
151077,2-6-3,1585
151077,3-6-2,1041
151077,4-6-2,565.8
151077,5-6-2,229.1
151077,6-5-2,445.4
151077,1-6-4,80.4
151077,2-6-4,1795
151077,3-6-4,558.6
151077,4-6-3,637.5
151077,5-6-3,274.5
151077,6-5-3,576.9
151077,1-6-5,33.8
151077,2-6-5,718.2
151077,3-6-5,417.9
151077,4-6-5,176.8
151077,5-6-4,172
151077,6-5-4,395.4
151078,1-2-3,11.3
151078,2-1-3,44.6
151078,3-1-2,324.7
151078,4-1-2,48.1
151078,5-1-2,441.8
151078,6-1-2,417.1
151078,1-2-4,4.2
151078,2-1-4,17.4
151078,3-1-4,323.5
151078,4-1-3,286.3
151078,5-1-3,1260
151078,6-1-3,1656
151078,1-2-5,10.2
151078,2-1-5,36.2
151078,3-1-5,451.8
151078,4-1-5,59.8
151078,5-1-4,462.3
151078,6-1-4,670.1
151078,1-2-6,17.2
151078,2-1-6,46.9
151078,3-1-6,742.4
151078,4-1-6,73.1
151078,5-1-6,748.7
151078,6-1-5,1420
151078,1-3-2,27.2
151078,2-3-1,205.9
151078,3-2-1,542.2
151078,4-2-1,76.6
151078,5-2-1,788.2
151078,6-2-1,486.2
151078,1-3-4,37
151078,2-3-4,208.3
151078,3-2-4,636.8
151078,4-2-3,508.3
151078,5-2-3,1597
151078,6-2-3,2209
151078,1-3-5,65
151078,2-3-5,386.4
151078,3-2-5,1040
151078,4-2-5,137.3
151078,5-2-4,885.8
151078,6-2-4,994.1
151078,1-3-6,127.1
151078,2-3-6,527.8
151078,3-2-6,1466
151078,4-2-6,149.1
151078,5-2-6,1720
151078,6-2-5,1863
151078,1-4-2,7.2
151078,2-4-1,57
151078,3-4-1,682.9
151078,4-3-1,860.2
151078,5-3-1,2485
151078,6-3-1,3032
151078,1-4-3,36.3
151078,2-4-3,175.2
151078,3-4-2,798.8
151078,4-3-2,860.2
151078,5-3-2,1641
151078,6-3-2,2670
151078,1-4-5,16.2
151078,2-4-5,147.8
151078,3-4-5,1139
151078,4-3-5,1058
151078,5-3-4,2236
151078,6-3-4,2711
151078,1-4-6,17.8
151078,2-4-6,132
151078,3-4-6,1365
151078,4-3-6,1209
151078,5-3-6,3727
151078,6-3-5,4588
151078,1-5-2,41.1
151078,2-5-1,209.7
151078,3-5-1,1355
151078,4-5-1,97.9
151078,5-4-1,538.9
151078,6-4-1,877.1
151078,1-5-3,123.6
151078,2-5-3,791.7
151078,3-5-2,1345
151078,4-5-2,146.6
151078,5-4-2,707.2
151078,6-4-2,941.7
151078,1-5-4,55.1
151078,2-5-4,349.4
151078,3-5-4,1720
151078,4-5-3,698.9
151078,5-4-3,2056
151078,6-4-3,2840
151078,1-5-6,97
151078,2-5-6,575.3
151078,3-5-6,2155
151078,4-5-6,150.2
151078,5-4-6,698.9
151078,6-4-5,1516
151078,1-6-2,68
151078,2-6-1,241.8
151078,3-6-1,1626
151078,4-6-1,189.5
151078,5-6-1,1454
151078,6-5-1,2130
151078,1-6-3,248.8
151078,2-6-3,788.2
151078,3-6-2,2354
151078,4-6-2,257.1
151078,5-6-2,2155
151078,6-5-2,2631
151078,1-6-4,79.5
151078,2-6-4,375.1
151078,3-6-4,2080
151078,4-6-3,890.2
151078,5-6-3,3376
151078,6-5-3,4473
151078,1-6-5,147
151078,2-6-5,610.7
151078,3-6-5,2711
151078,4-6-5,236
151078,5-6-4,1387
151078,6-5-4,1825
151079,1-2-3,9.9
151079,2-1-3,13
151079,3-1-2,53.6
151079,4-1-2,37.5
151079,5-1-2,1373
151079,6-1-2,1215
151079,1-2-4,8.8
151079,2-1-4,13.6
151079,3-1-4,53.7
151079,4-1-3,62.1
151079,5-1-3,1536
151079,6-1-3,1385
151079,1-2-5,133.9
151079,2-1-5,162.8
151079,3-1-5,315.8
151079,4-1-5,166.3
151079,5-1-4,1242
151079,6-1-4,1173
151079,1-2-6,83.8
151079,2-1-6,90.3
151079,3-1-6,204
151079,4-1-6,115.1
151079,5-1-6,1482
151079,6-1-5,2485
151079,1-3-2,15.2
151079,2-3-1,27.4
151079,3-2-1,66.7
151079,4-2-1,33.5
151079,5-2-1,1508
151079,6-2-1,1157
151079,1-3-4,21.1
151079,2-3-4,19.7
151079,3-2-4,39.9
151079,4-2-3,26
151079,5-2-3,1689
151079,6-2-3,849.1
151079,1-3-5,147.4
151079,2-3-5,188.8
151079,3-2-5,337.9
151079,4-2-5,121.3
151079,5-2-4,933.6
151079,6-2-4,657.5
151079,1-3-6,98.4
151079,2-3-6,91.8
151079,3-2-6,170.1
151079,4-2-6,63.7
151079,5-2-6,1706
151079,6-2-5,1942
151079,1-4-2,14.5
151079,2-4-1,23.7
151079,3-4-1,64.5
151079,4-3-1,78
151079,5-3-1,2347
151079,6-3-1,1988
151079,1-4-3,25.4
151079,2-4-3,18.3
151079,3-4-2,43.8
151079,4-3-2,43.8
151079,5-3-2,2166
151079,6-3-2,1261
151079,1-4-5,189
151079,2-4-5,132
151079,3-4-5,260.3
151079,4-3-5,235
151079,5-3-4,1778
151079,6-3-4,1005
151079,1-4-6,106.8
151079,2-4-6,65.2
151079,3-4-6,134.3
151079,4-3-6,133.3
151079,5-3-6,3129
151079,6-3-5,2913
151079,1-5-2,381.4
151079,2-5-1,635.2
151079,3-5-1,880.1
151079,4-5-1,241.7
151079,5-4-1,1396
151079,6-4-1,642.5
151079,1-5-3,401.3
151079,2-5-3,528
151079,3-5-2,804.7
151079,4-5-2,194.6
151079,5-4-2,944
151079,6-4-2,378
151079,1-5-4,469.4
151079,2-5-4,453
151079,3-5-4,590.8
151079,4-5-3,381.4
151079,5-4-3,1508
151079,6-4-3,976.8
151079,1-5-6,698.2
151079,2-5-6,701.1
151079,3-5-6,866.6
151079,4-5-6,236.3
151079,5-4-6,1330
151079,6-4-5,2011
151079,1-6-2,284.4
151079,2-6-1,330.7
151079,3-6-1,761.2
151079,4-6-1,197.8
151079,5-6-1,2314
151079,6-5-1,1083
151079,1-6-3,373
151079,2-6-3,250.3
151079,3-6-2,599.2
151079,4-6-2,134.5
151079,5-6-2,2223
151079,6-5-2,2380
151079,1-6-4,327.4
151079,2-6-4,248.8
151079,3-6-4,378.8
151079,4-6-3,215.2
151079,5-6-3,3249
151079,6-5-3,3249
151079,1-6-5,775.1
151079,2-6-5,824.3
151079,3-6-5,761.2
151079,4-6-5,248.8
151079,5-6-4,2011
151079,6-5-4,2682
151080,1-2-3,40.4
151080,2-1-3,64
151080,3-1-2,42.3
151080,4-1-2,138.4
151080,5-1-2,259.6
151080,6-1-2,4573
151080,1-2-4,51.7
151080,2-1-4,86
151080,3-1-4,24
151080,4-1-3,100.2
151080,5-1-3,197.3
151080,6-1-3,3455
151080,1-2-5,74.4
151080,2-1-5,120.1
151080,3-1-5,30.2
151080,4-1-5,109.2
151080,5-1-4,220.8
151080,6-1-4,5016
151080,1-2-6,469.8
151080,2-1-6,754.9
151080,3-1-6,312.2
151080,4-1-6,607.4
151080,5-1-6,1110
151080,6-1-5,5981
151080,1-3-2,28.8
151080,2-3-1,50.1
151080,3-2-1,38.5
151080,4-2-1,155.5
151080,5-2-1,272.3
151080,6-2-1,4202
151080,1-3-4,21.6
151080,2-3-4,26.5
151080,3-2-4,16.2
151080,4-2-3,73.2
151080,5-2-3,120.5
151080,6-2-3,4319
151080,1-3-5,27.9
151080,2-3-5,31.9
151080,3-2-5,19.3
151080,4-2-5,81.2
151080,5-2-4,155.6
151080,6-2-4,3534
151080,1-3-6,281.2
151080,2-3-6,370.2
151080,3-2-6,230
151080,4-2-6,423.7
151080,5-2-6,733.5
151080,6-2-5,5759
151080,1-4-2,60.4
151080,2-4-1,130
151080,3-4-1,28.5
151080,4-3-1,77.4
151080,5-3-1,165.7
151080,6-3-1,3616
151080,1-4-3,44.1
151080,2-4-3,49.3
151080,3-4-2,14.5
151080,4-3-2,51.3
151080,5-3-2,96.8
151080,6-3-2,3239
151080,1-4-5,56.1
151080,2-4-5,69.7
151080,3-4-5,11.8
151080,4-3-5,37.3
151080,5-3-4,75.1
151080,6-3-4,2990
151080,1-4-6,414.6
151080,2-4-6,571.7
151080,3-4-6,134.6
151080,4-3-6,213.9
151080,5-3-6,464.2
151080,6-3-5,3792
151080,1-5-2,109.2
151080,2-5-1,198.8
151080,3-5-1,48.2
151080,4-5-1,78.6
151080,5-4-1,180.6
151080,6-4-1,5183
151080,1-5-3,74.5
151080,2-5-3,69.5
151080,3-5-2,28.3
151080,4-5-2,55.2
151080,5-4-2,112.5
151080,6-4-2,4092
151080,1-5-4,91.9
151080,2-5-4,99.3
151080,3-5-4,21
151080,4-5-3,42.4
151080,5-4-3,86.2
151080,6-4-3,4202
151080,1-5-6,539.9
151080,2-5-6,777.5
151080,3-5-6,179.1
151080,4-5-6,139.7
151080,5-4-6,275.2
151080,6-4-5,6220
151080,1-6-2,1254
151080,2-6-1,2046
151080,3-6-1,909.4
151080,4-6-1,1968
151080,5-6-1,2073
151080,6-5-1,4712
151080,1-6-3,965.9
151080,2-6-3,1787
151080,3-6-2,996.8
151080,4-6-2,1524
151080,5-6-2,2253
151080,6-5-2,6220
151080,1-6-4,1264
151080,2-6-4,1603
151080,3-6-4,553.4
151080,4-6-3,1169
151080,5-6-3,1364
151080,6-5-3,3534
151080,1-6-5,1196
151080,2-6-5,1896
151080,3-6-5,563.4
151080,4-6-5,873.6
151080,5-6-4,1439
151080,6-5-4,5183
151081,1-2-3,5.5
151081,2-1-3,14.6
151081,3-1-2,183.8
151081,4-1-2,86.3
151081,5-1-2,179.5
151081,6-1-2,3608
151081,1-2-4,4.9
151081,2-1-4,10.4
151081,3-1-4,228.6
151081,4-1-3,252.6
151081,5-1-3,611
151081,6-1-3,5020
151081,1-2-5,10.2
151081,2-1-5,18.8
151081,3-1-5,264.8
151081,4-1-5,125.2
151081,5-1-4,386.2
151081,6-1-4,5774
151081,1-2-6,218.3
151081,2-1-6,271.7
151081,3-1-6,1215
151081,4-1-6,849.1
151081,5-1-6,1499
151081,6-1-5,5499
151081,1-3-2,14.4
151081,2-3-1,74.2
151081,3-2-1,307.1
151081,4-2-1,91.7
151081,5-2-1,178.4
151081,6-2-1,4441
151081,1-3-4,23.3
151081,2-3-4,77.8
151081,3-2-4,319.8
151081,4-2-3,296.8
151081,5-2-3,479.1
151081,6-2-3,6078
151081,1-3-5,33.4
151081,2-3-5,96.5
151081,3-2-5,307.9
151081,4-2-5,124.3
151081,5-2-4,227.3
151081,6-2-4,2961
151081,1-3-6,439
151081,2-3-6,868.2
151081,3-2-6,1519
151081,4-2-6,861.8
151081,5-2-6,1312
151081,6-2-5,5774
151081,1-4-2,15.3
151081,2-4-1,36.6
151081,3-4-1,408
151081,4-3-1,451.1
151081,5-3-1,780.2
151081,6-3-1,6415
151081,1-4-3,32.6
151081,2-4-3,79.2
151081,3-4-2,487.2
151081,4-3-2,447.6
151081,5-3-2,726.3
151081,6-3-2,4441
151081,1-4-5,34.7
151081,2-4-5,41.7
151081,3-4-5,497.7
151081,4-3-5,434.1
151081,5-3-4,923.8
151081,6-3-4,6078
151081,1-4-6,410.9
151081,2-4-6,473.2
151081,3-4-6,2624
151081,4-3-6,2624
151081,5-3-6,2816
151081,6-3-5,7217
151081,1-5-2,37.4
151081,2-5-1,74.1
151081,3-5-1,617.5
151081,4-5-1,126
151081,5-4-1,354.2
151081,6-4-1,5499
151081,1-5-3,73.6
151081,2-5-3,165.6
151081,3-5-2,542.1
151081,4-5-2,126.4
151081,5-4-2,231.8
151081,6-4-2,3396
151081,1-5-4,57.8
151081,2-5-4,88.3
151081,3-5-4,754.7
151081,4-5-3,359.7
151081,5-4-3,699.8
151081,6-4-3,6415
151081,1-5-6,601.4
151081,2-5-6,836.8
151081,3-5-6,3608
151081,4-5-6,759.7
151081,5-4-6,1312
151081,6-4-5,6078
151081,1-6-2,923.8
151081,2-6-1,1749
151081,3-6-1,3725
151081,4-6-1,2264
151081,5-6-1,2685
151081,6-5-1,5774
151081,1-6-3,1132
151081,2-6-3,2178
151081,3-6-2,3982
151081,4-6-2,2220
151081,5-6-2,2816
151081,6-5-2,5774
151081,1-6-4,1443
151081,2-6-4,1283
151081,3-6-4,6415
151081,4-6-3,3982
151081,5-6-3,3849
151081,6-5-3,6415
151081,1-6-5,1603
151081,2-6-5,1893
151081,3-6-5,6415
151081,4-6-5,2816
151081,5-6-4,3849
151081,6-5-4,5249
151082,1-2-3,27.1
151082,2-1-3,42.8
151082,3-1-2,90.5
151082,4-1-2,215.2
151082,5-1-2,17.3
151082,6-1-2,3444
151082,1-2-4,41.4
151082,2-1-4,56.3
151082,3-1-4,74.1
151082,4-1-3,241.6
151082,5-1-3,20.4
151082,6-1-3,3054
151082,1-2-5,14.9
151082,2-1-5,27.7
151082,3-1-5,58.9
151082,4-1-5,125.7
151082,5-1-4,32.8
151082,6-1-4,3854
151082,1-2-6,436.3
151082,2-1-6,495
151082,3-1-6,610.9
151082,4-1-6,671.7
151082,5-1-6,340.8
151082,6-1-5,1974
151082,1-3-2,44.9
151082,2-3-1,53
151082,3-2-1,92.2
151082,4-2-1,214.9
151082,5-2-1,31.1
151082,6-2-1,4375
151082,1-3-4,56.4
151082,2-3-4,57.2
151082,3-2-4,62.3
151082,4-2-3,163.6
151082,5-2-3,42
151082,6-2-3,722.7
151082,1-3-5,27.1
151082,2-3-5,40.7
151082,3-2-5,70.2
151082,4-2-5,121.1
151082,5-2-4,45.3
151082,6-2-4,3519
151082,1-3-6,566
151082,2-3-6,313.7
151082,3-2-6,481.8
151082,4-2-6,666.2
151082,5-2-6,424.9
151082,6-2-5,3113
151082,1-4-2,77.2
151082,2-4-1,98.2
151082,3-4-1,75.2
151082,4-3-1,189.1
151082,5-3-1,46.5
151082,6-3-1,3764
151082,1-4-3,86.1
151082,2-4-3,85.7
151082,3-4-2,85.7
151082,4-3-2,167.7
151082,5-3-2,54
151082,6-3-2,2791
151082,1-4-5,50.6
151082,2-4-5,67.1
151082,3-4-5,56.2
151082,4-3-5,115.4
151082,5-3-4,57.4
151082,6-3-4,2743
151082,1-4-6,574
151082,2-4-6,295.4
151082,3-4-6,293.8
151082,4-3-6,465.2
151082,5-3-6,652.7
151082,6-3-5,3113
151082,1-5-2,11.8
151082,2-5-1,32.1
151082,3-5-1,53.8
151082,4-5-1,115.9
151082,5-4-1,78.7
151082,6-4-1,3237
151082,1-5-3,15.3
151082,2-5-3,36.3
151082,3-5-2,58.2
151082,4-5-2,113.6
151082,5-4-2,74.3
151082,6-4-2,2791
151082,1-5-4,25.7
151082,2-5-4,49.8
151082,3-5-4,53.9
151082,4-5-3,127.8
151082,5-4-3,88.5
151082,6-4-3,2416
151082,1-5-6,357.3
151082,2-5-6,385.4
151082,3-5-6,504.3
151082,4-5-6,480.3
151082,5-4-6,509
151082,6-4-5,2653
151082,1-6-2,1471
151082,2-6-1,1274
151082,3-6-1,930.4
151082,4-6-1,889.5
151082,5-6-1,1156
151082,6-5-1,1818
151082,1-6-3,1360
151082,2-6-3,650.1
151082,3-6-2,1065
151082,4-6-2,856.5
151082,5-6-2,946.7
151082,6-5-2,2890
151082,1-6-4,1722
151082,2-6-4,825.9
151082,3-6-4,834.4
151082,4-6-3,925
151082,5-6-3,1860
151082,6-5-3,2529
151082,1-6-5,1395
151082,2-6-5,952.2
151082,3-6-5,1101
151082,4-6-5,825.9
151082,5-6-4,1274
151082,6-5-4,2529
151083,1-2-3,8.2
151083,2-1-3,64.9
151083,3-1-2,28
151083,4-1-2,214.4
151083,5-1-2,1994
151083,6-1-2,828.3
151083,1-2-4,17.1
151083,2-1-4,134.3
151083,3-1-4,15.4
151083,4-1-3,115.5
151083,5-1-3,732.2
151083,6-1-3,440.6
151083,1-2-5,63.1
151083,2-1-5,405.3
151083,3-1-5,38.5
151083,4-1-5,305.6
151083,5-1-4,1457
151083,6-1-4,698.5
151083,1-2-6,58
151083,2-1-6,332.4
151083,3-1-6,47.7
151083,4-1-6,255.1
151083,5-1-6,1804
151083,6-1-5,902.2
151083,1-3-2,6
151083,2-3-1,147
151083,3-2-1,96.8
151083,4-2-1,469.3
151083,5-2-1,2807
151083,6-2-1,2134
151083,1-3-4,3.7
151083,2-3-4,246.4
151083,3-2-4,136.8
151083,4-2-3,549.2
151083,5-2-3,1943
151083,6-2-3,1968
151083,1-3-5,16.4
151083,2-3-5,592.1
151083,3-2-5,377
151083,4-2-5,896.9
151083,5-2-4,2196
151083,6-2-4,3225
151083,1-3-6,20.7
151083,2-3-6,711.6
151083,3-2-6,470.7
151083,4-2-6,861.2
151083,5-2-6,3697
151083,6-2-5,4458
151083,1-4-2,23.2
151083,2-4-1,391.6
151083,3-4-1,56.4
151083,4-3-1,180.4
151083,5-3-1,871.1
151083,6-3-1,708.3
151083,1-4-3,12.4
151083,2-4-3,482.7
151083,3-4-2,186.6
151083,4-3-2,484.2
151083,5-3-2,2076
151083,6-3-2,1722
151083,1-4-5,48.3
151083,2-4-5,1131
151083,3-4-5,199.7
151083,4-3-5,599.1
151083,5-3-4,2021
151083,6-3-4,1531
151083,1-4-6,41.2
151083,2-4-6,541.3
151083,3-4-6,193.3
151083,4-3-6,515.5
151083,5-3-6,2972
151083,6-3-5,3225
151083,1-5-2,146.8
151083,2-5-1,1318
151083,3-5-1,221.2
151083,4-5-1,574.1
151083,5-4-1,1894
151083,6-4-1,1222
151083,1-5-3,71.4
151083,2-5-3,1318
151083,3-5-2,435.5
151083,4-5-2,823.8
151083,5-4-2,2915
151083,6-4-2,3093
151083,1-5-4,139.4
151083,2-5-4,623.8
151083,3-5-4,362.6
151083,4-5-3,715
151083,5-4-3,2526
151083,6-4-3,2076
151083,1-5-6,186.4
151083,2-5-6,2048
151083,3-5-6,417.5
151083,4-5-6,743
151083,5-4-6,2860
151083,6-4-5,4096
151083,1-6-2,162.2
151083,2-6-1,754.1
151083,3-6-1,287
151083,4-6-1,484.2
151083,5-6-1,2756
151083,6-5-1,1031
151083,1-6-3,92.1
151083,2-6-3,1848
151083,3-6-2,797.8
151083,4-6-2,846.8
151083,5-6-2,4458
151083,6-5-2,3886
151083,1-6-4,133
151083,2-6-4,876.2
151083,3-6-4,467.8
151083,4-6-3,705
151083,5-6-3,3697
151083,6-5-3,3525
151083,1-6-5,287
151083,2-6-5,977.9
151083,3-6-5,819.3
151083,4-6-5,971.6
151083,5-6-4,3525
151083,6-5-4,3886
151084,1-2-3,15.7
151084,2-1-3,37.5
151084,3-1-2,146.7
151084,4-1-2,50.4
151084,5-1-2,98.5
151084,6-1-2,1730
151084,1-2-4,7
151084,2-1-4,11.8
151084,3-1-4,174.1
151084,4-1-3,155.9
151084,5-1-3,254.2
151084,6-1-3,1787
151084,1-2-5,11.5
151084,2-1-5,20.5
151084,3-1-5,197.9
151084,4-1-5,56
151084,5-1-4,95.5
151084,6-1-4,2024
151084,1-2-6,135.9
151084,2-1-6,179.3
151084,3-1-6,583
151084,4-1-6,223
151084,5-1-6,247.7
151084,6-1-5,1986
151084,1-3-2,38.2
151084,2-3-1,126.3
151084,3-2-1,229.2
151084,4-2-1,53.7
151084,5-2-1,120.2
151084,6-2-1,2438
151084,1-3-4,38
151084,2-3-4,72.6
151084,3-2-4,163.2
151084,4-2-3,143.6
151084,5-2-3,264.8
151084,6-2-3,2062
151084,1-3-5,44.3
151084,2-3-5,103.1
151084,3-2-5,214.1
151084,4-2-5,43.3
151084,5-2-4,95.7
151084,6-2-4,1469
151084,1-3-6,192.9
151084,2-3-6,337.3
151084,3-2-6,658.1
151084,4-2-6,148.7
151084,5-2-6,330
151084,6-2-5,2189
151084,1-4-2,13.6
151084,2-4-1,23
151084,3-4-1,225.3
151084,4-3-1,272.9
151084,5-3-1,474.6
151084,6-3-1,2681
151084,1-4-3,44.1
151084,2-4-3,62.2
151084,3-4-2,209.5
151084,4-3-2,249.4
151084,5-3-2,412.5
151084,6-3-2,2383
151084,1-4-5,21.9
151084,2-4-5,23.9
151084,3-4-5,220.7
151084,4-3-5,228.7
151084,5-3-4,394.3
151084,6-3-4,2332
151084,1-4-6,120.2
151084,2-4-6,125.4
151084,3-4-6,539
151084,4-3-6,498.9
151084,5-3-6,909
151084,6-3-5,2494
151084,1-5-2,37.7
151084,2-5-1,73.9
151084,3-5-1,342.7
151084,4-5-1,54.3
151084,5-4-1,108
151084,6-4-1,2681
151084,1-5-3,70.7
151084,2-5-3,129.5
151084,3-5-2,315.5
151084,4-5-2,46.4
151084,5-4-2,83.8
151084,6-4-2,1324
151084,1-5-4,43.7
151084,2-5-4,49.4
151084,3-5-4,308.2
151084,4-5-3,138.9
151084,5-4-3,248.3
151084,6-4-3,1702
151084,1-5-6,179.9
151084,2-5-6,236.2
151084,3-5-6,794.6
151084,4-5-6,70.6
151084,5-4-6,161
151084,6-4-5,879.2
151084,1-6-2,403.2
151084,2-6-1,744.9
151084,3-6-1,1532
151084,4-6-1,430.8
151084,5-6-1,564.5
151084,6-5-1,2554
151084,1-6-3,450.7
151084,2-6-3,1021
151084,3-6-2,1702
151084,4-6-2,377.7
151084,5-6-2,658.1
151084,6-5-2,1881
151084,1-6-4,392.9
151084,2-6-4,552.9
151084,3-6-4,1532
151084,4-6-3,851.3
151084,5-6-3,975.2
151084,6-5-3,2438
151084,1-6-5,468.4
151084,2-6-5,755.4
151084,3-6-5,1625
151084,4-6-5,215.8
151084,5-6-4,398.7
151084,6-5-4,865.1
151085,1-2-3,14
151085,2-1-3,24.9
151085,3-1-2,74.1
151085,4-1-2,67.2
151085,5-1-2,295.6
151085,6-1-2,710.4
151085,1-2-4,12.9
151085,2-1-4,22.5
151085,3-1-4,54.6
151085,4-1-3,77.5
151085,5-1-3,333.3
151085,6-1-3,969.1
151085,1-2-5,43.2
151085,2-1-5,58.3
151085,3-1-5,136
151085,4-1-5,89.6
151085,5-1-4,198.3
151085,6-1-4,1052
151085,1-2-6,79.5
151085,2-1-6,117.5
151085,3-1-6,176.5
151085,4-1-6,133.4
151085,5-1-6,481.4
151085,6-1-5,1900
151085,1-3-2,20.2
151085,2-3-1,50
151085,3-2-1,81.1
151085,4-2-1,72.9
151085,5-2-1,341.9
151085,6-2-1,1283
151085,1-3-4,15.1
151085,2-3-4,24.3
151085,3-2-4,38.1
151085,4-2-3,51.6
151085,5-2-3,360.4
151085,6-2-3,1037
151085,1-3-5,46.1
151085,2-3-5,78.6
151085,3-2-5,106.8
151085,4-2-5,75.2
151085,5-2-4,229.3
151085,6-2-4,950.2
151085,1-3-6,66.2
151085,2-3-6,102.5
151085,3-2-6,155.8
151085,4-2-6,106.4
151085,5-2-6,444.8
151085,6-2-5,2480
151085,1-4-2,19.4
151085,2-4-1,32.3
151085,3-4-1,68.9
151085,4-3-1,90.8
151085,5-3-1,522.6
151085,6-3-1,1367
151085,1-4-3,24.7
151085,2-4-3,29.7
151085,3-4-2,40.8
151085,4-3-2,60.6
151085,5-3-2,404.2
151085,6-3-2,1143
151085,1-4-5,47.1
151085,2-4-5,60.6
151085,3-4-5,73.6
151085,4-3-5,72.6
151085,5-3-4,221.4
151085,6-3-4,548.1
151085,1-4-6,71.1
151085,2-4-6,95.1
151085,3-4-6,94.7
151085,4-3-6,115.9
151085,5-3-6,926.2
151085,6-3-5,1925
151085,1-5-2,90.3
151085,2-5-1,143.6
151085,3-5-1,258.5
151085,4-5-1,68.4
151085,5-4-1,161.7
151085,6-4-1,962.8
151085,1-5-3,98.8
151085,2-5-3,205.8
151085,3-5-2,231.5
151085,4-5-2,61.6
151085,5-4-2,155
151085,6-4-2,720.9
151085,1-5-4,81.9
151085,2-5-4,144.1
151085,3-5-4,159.9
151085,4-5-3,69.6
151085,5-4-3,170.9
151085,6-4-3,556.4
151085,1-5-6,239.5
151085,2-5-6,356
151085,3-5-6,416.9
151085,4-5-6,80
151085,5-4-6,204.3
151085,6-4-5,1030
151085,1-6-2,255.4
151085,2-6-1,475.1
151085,3-6-1,444.8
151085,4-6-1,187.1
151085,5-6-1,502.9
151085,6-5-1,1573
151085,1-6-3,326.6
151085,2-6-3,457.3
151085,3-6-2,455.9
151085,4-6-2,191.5
151085,5-6-2,506.3
151085,6-5-2,1806
151085,1-6-4,281.9
151085,2-6-4,366.7
151085,3-6-4,243.5
151085,4-6-3,209.9
151085,5-6-3,1037
151085,6-5-3,1852
151085,1-6-5,560.7
151085,2-6-5,742.8
151085,3-6-5,617.4
151085,4-6-5,174.8
151085,5-6-4,436.8
151085,6-5-4,1229
151086,1-2-3,13.6
151086,2-1-3,157.7
151086,3-1-2,360.7
151086,4-1-2,59.7
151086,5-1-2,659.6
151086,6-1-2,156.8
151086,1-2-4,7.2
151086,2-1-4,101.8
151086,3-1-4,209.6
151086,4-1-3,116.2
151086,5-1-3,963.1
151086,6-1-3,239.2
151086,1-2-5,32.5
151086,2-1-5,323.1
151086,3-1-5,409.8
151086,4-1-5,65.8
151086,5-1-4,490.1
151086,6-1-4,105
151086,1-2-6,10.3
151086,2-1-6,133.4
151086,3-1-6,254.7
151086,4-1-6,44.8
151086,5-1-6,362
151086,6-1-5,443.8
151086,1-3-2,21.3
151086,2-3-1,611.5
151086,3-2-1,812.7
151086,4-2-1,166.6
151086,5-2-1,1347
151086,6-2-1,369.7
151086,1-3-4,15.8
151086,2-3-4,683
151086,3-2-4,710.7
151086,4-2-3,453.2
151086,5-2-3,2534
151086,6-2-3,833.8
151086,1-3-5,42.5
151086,2-3-5,1719
151086,3-2-5,1226
151086,4-2-5,382.1
151086,5-2-4,1800
151086,6-2-4,408.1
151086,1-3-6,20.5
151086,2-3-6,930.5
151086,3-2-6,1119
151086,4-2-6,212.3
151086,5-2-6,1945
151086,6-2-5,1406
151086,1-4-2,10.1
151086,2-4-1,242.5
151086,3-4-1,328.1
151086,4-3-1,310.6
151086,5-3-1,1985
151086,6-3-1,761.3
151086,1-4-3,16.5
151086,2-4-3,592.6
151086,3-4-2,685.4
151086,4-3-2,615.4
151086,5-3-2,3106
151086,6-3-2,1328
151086,1-4-5,21
151086,2-4-5,1139
151086,3-4-5,786.2
151086,4-3-5,479.1
151086,5-3-4,3210
151086,6-3-4,908.6
151086,1-4-6,8.6
151086,2-4-6,330.4
151086,3-4-6,407.2
151086,4-3-6,255.8
151086,5-3-6,2832
151086,6-3-5,2164
151086,1-5-2,71.5
151086,2-5-1,1126
151086,3-5-1,967.9
151086,4-5-1,114.8
151086,5-4-1,605.7
151086,6-4-1,187
151086,1-5-3,103
151086,2-5-3,1985
151086,3-5-2,1834
151086,4-5-2,287.9
151086,5-4-2,1516
151086,6-4-2,358.7
151086,1-5-4,77.2
151086,2-5-4,2140
151086,3-5-4,1385
151086,4-5-3,431.8
151086,5-4-3,2006
151086,6-4-3,740.8
151086,1-5-6,62.4
151086,2-5-6,1870
151086,3-5-6,1540
151086,4-5-6,84.5
151086,5-4-6,470.9
151086,6-4-5,812.7
151086,1-6-2,25.2
151086,2-6-1,387.5
151086,3-6-1,585.4
151086,4-6-1,74.7
151086,5-6-1,786.2
151086,6-5-1,1041
151086,1-6-3,34.2
151086,2-6-3,987.8
151086,3-6-2,1153
151086,4-6-2,143.8
151086,5-6-2,1767
151086,6-5-2,1735
151086,1-6-4,18.6
151086,2-6-4,456.4
151086,3-6-4,678.2
151086,4-6-3,238.6
151086,5-6-3,2568
151086,6-5-3,1735
151086,1-6-5,71.4
151086,2-6-5,1783
151086,3-6-5,1566
151086,4-6-5,93.7
151086,5-6-4,1008
151086,6-5-4,1267
150991,1-2-3,29.9
150991,2-1-3,40.4
150991,3-1-2,34.9
150991,4-1-2,56.9
150991,5-1-2,939.9
150991,6-1-2,2061
150991,1-2-4,43.6
150991,2-1-4,50.6
150991,3-1-4,43
150991,4-1-3,56.5
150991,5-1-3,1101
150991,6-1-3,1966
150991,1-2-5,215.2
150991,2-1-5,234.1
150991,3-1-5,167.3
150991,4-1-5,317.9
150991,5-1-4,1304
150991,6-1-4,2367
150991,1-2-6,320.3
150991,2-1-6,379.3
150991,3-1-6,296.5
150991,4-1-6,507.2
150991,5-1-6,1278
150991,6-1-5,1907
150991,1-3-2,33.9
150991,2-3-1,21.8
150991,3-2-1,19.2
150991,4-2-1,40.9
150991,5-2-1,893.9
150991,6-2-1,2506
150991,1-3-4,42.6
150991,2-3-4,8.4
150991,3-2-4,9
150991,4-2-3,12.2
150991,5-2-3,553.3
150991,6-2-3,1420
150991,1-3-5,201.9
150991,2-3-5,50.7
150991,3-2-5,54.4
150991,4-2-5,85.5
150991,5-2-4,617.5
150991,6-2-4,1800
150991,1-3-6,332
150991,2-3-6,71.6
150991,3-2-6,86.2
150991,4-2-6,143.3
150991,5-2-6,1879
150991,6-2-5,2905
150991,1-4-2,45.2
150991,2-4-1,29.6
150991,3-4-1,31.7
150991,4-3-1,45
150991,5-3-1,1172
150991,6-3-1,2166
150991,1-4-3,47.4
150991,2-4-3,9.9
150991,3-4-2,13.1
150991,4-3-2,13.6
150991,5-3-2,568.1
150991,6-3-2,1404
150991,1-4-5,205.5
150991,2-4-5,78
150991,3-4-5,88.5
150991,4-3-5,101.7
150991,5-3-4,835.5
150991,6-3-4,1331
150991,1-4-6,419.1
150991,2-4-6,129.3
150991,3-4-6,146.5
150991,4-3-6,180.8
150991,5-3-6,1751
150991,6-3-5,1997
150991,1-5-2,563.1
150991,2-5-1,373.7
150991,3-5-1,278.5
150991,4-5-1,597.3
150991,5-4-1,1111
150991,6-4-1,2778
150991,1-5-3,594.5
150991,2-5-3,234.9
150991,3-5-2,183.4
150991,4-5-2,287.9
150991,5-4-2,690.9
150991,6-4-2,1800
150991,1-5-4,442.3
150991,2-5-4,279.7
150991,3-5-4,211.2
150991,4-5-3,389.7
150991,5-4-3,793.9
150991,6-4-3,1278
150991,1-5-6,875.5
150991,2-5-6,706.2
150991,3-5-6,443.8
150991,4-5-6,507.2
150991,5-4-6,953.9
150991,6-4-5,1618
150991,1-6-2,961.1
150991,2-6-1,939.9
150991,3-6-1,669.2
150991,4-6-1,939.9
150991,5-6-1,1205
150991,6-5-1,1936
150991,1-6-3,975.8
150991,2-6-3,421.8
150991,3-6-2,329.4
150991,4-6-2,608.7
150991,5-6-2,1879
150991,6-5-2,2778
150991,1-6-4,1265
150991,2-6-4,694.7
150991,3-6-4,442.3
150991,4-6-3,626.6
150991,5-6-3,1879
150991,6-5-3,2458
150991,1-6-5,1065
150991,2-6-5,1014
150991,3-6-5,683.5
150991,4-6-5,852.2
150991,5-6-4,1304
150991,6-5-4,1638
150992,1-2-3,14.9
150992,2-1-3,30.2
150992,3-1-2,69.5
150992,4-1-2,157.8
150992,5-1-2,99.9
150992,6-1-2,238.6
150992,1-2-4,22.4
150992,2-1-4,27.8
150992,3-1-4,94.9
150992,4-1-3,183.8
150992,5-1-3,239.7
150992,6-1-3,285.1
150992,1-2-5,13.8
150992,2-1-5,20.6
150992,3-1-5,84.1
150992,4-1-5,116.9
150992,5-1-4,121.7
150992,6-1-4,440.2
150992,1-2-6,24.2
150992,2-1-6,35.2
150992,3-1-6,80.5
150992,4-1-6,144.5
150992,5-1-6,105.2
150992,6-1-5,253.4
150992,1-3-2,22.5
150992,2-3-1,69.4
150992,3-2-1,92.3
150992,4-2-1,175.6
150992,5-2-1,115.3
150992,6-2-1,316.3
150992,1-3-4,38.3
150992,2-3-4,131.2
150992,3-2-4,152
150992,4-2-3,307.2
150992,5-2-3,275.7
150992,6-2-3,332.3
150992,1-3-5,31.4
150992,2-3-5,97.3
150992,3-2-5,124.2
150992,4-2-5,123.5
150992,5-2-4,163.8
150992,6-2-4,476.4
150992,1-3-6,36.8
150992,2-3-6,85.3
150992,3-2-6,97
150992,4-2-6,155.7
150992,5-2-6,138.6
150992,6-2-5,280.3
150992,1-4-2,45.4
150992,2-4-1,85.8
150992,3-4-1,127.4
150992,4-3-1,221.4
150992,5-3-1,347.7
150992,6-3-1,391.1
150992,1-4-3,55.6
150992,2-4-3,169.3
150992,3-4-2,194.5
150992,4-3-2,297.5
150992,5-3-2,350.9
150992,6-3-2,388
150992,1-4-5,45.1
150992,2-4-5,67.2
150992,3-4-5,188.4
150992,4-3-5,270.8
150992,5-3-4,485.7
150992,6-3-4,657.5
150992,1-4-6,56.2
150992,2-4-6,82
150992,3-4-6,165.8
150992,4-3-6,284.1
150992,5-3-6,301.7
150992,6-3-5,474.9
150992,1-5-2,26.8
150992,2-5-1,53.3
150992,3-5-1,133.1
150992,4-5-1,116.3
150992,5-4-1,177.5
150992,6-4-1,617.1
150992,1-5-3,52.4
150992,2-5-3,135
150992,3-5-2,166.5
150992,4-5-2,123.7
150992,5-4-2,185.8
150992,6-4-2,590.4
150992,1-5-4,55.4
150992,2-5-4,72.8
150992,3-5-4,239.7
150992,4-5-3,210.2
150992,5-4-3,355.1
150992,6-4-3,678.2
150992,1-5-6,48.8
150992,2-5-6,74
150992,3-5-6,152.8
150992,4-5-6,69.7
150992,5-4-6,103.2
150992,6-4-5,445.4
150992,1-6-2,73.1
150992,2-6-1,102.7
150992,3-6-1,155.5
150992,4-6-1,216
150992,5-6-1,176.9
150992,6-5-1,328
150992,1-6-3,87.5
150992,2-6-3,156.6
150992,3-6-2,177.9
150992,4-6-2,252.6
150992,5-6-2,171.3
150992,6-5-2,283.5
150992,1-6-4,115.9
150992,2-6-4,163.6
150992,3-6-4,246
150992,4-6-3,321.7
150992,5-6-3,301.7
150992,6-5-3,485.7
150992,1-6-5,89.8
150992,2-6-5,128.3
150992,3-6-5,187.7
150992,4-6-5,116.8
150992,5-6-4,190.1
150992,6-5-4,383.1
150993,1-2-3,30.5
150993,2-1-3,62.3
150993,3-1-2,85.1
150993,4-1-2,289.1
150993,5-1-2,359.6
150993,6-1-2,165.5
150993,1-2-4,58
150993,2-1-4,85.3
150993,3-1-4,60.3
150993,4-1-3,177.3
150993,5-1-3,316.6
150993,6-1-3,162
150993,1-2-5,64.2
150993,2-1-5,90
150993,3-1-5,77.8
150993,4-1-5,269.5
150993,5-1-4,472.6
150993,6-1-4,235
150993,1-2-6,43
150993,2-1-6,58.3
150993,3-1-6,53.1
150993,4-1-6,164.7
150993,5-1-6,275.8
150993,6-1-5,223
150993,1-3-2,40.4
150993,2-3-1,85.1
150993,3-2-1,107.5
150993,4-2-1,325.9
150993,5-2-1,349.5
150993,6-2-1,203.3
150993,1-3-4,30.4
150993,2-3-4,63.8
150993,3-2-4,56.5
150993,4-2-3,145.2
150993,5-2-3,178.9
150993,6-2-3,135
150993,1-3-5,38.6
150993,2-3-5,46.5
150993,3-2-5,54.4
150993,4-2-5,248.4
150993,5-2-4,305.3
150993,6-2-4,221.9
150993,1-3-6,28.5
150993,2-3-6,36.1
150993,3-2-6,37
150993,4-2-6,136.7
150993,5-2-6,130.7
150993,6-2-5,145.3
150993,1-4-2,83.7
150993,2-4-1,136.8
150993,3-4-1,70.9
150993,4-3-1,174.4
150993,5-3-1,298.4
150993,6-3-1,196.8
150993,1-4-3,52.5
150993,2-4-3,109.4
150993,3-4-2,64.5
150993,4-3-2,154.3
150993,5-3-2,185.8
150993,6-3-2,143.1
150993,1-4-5,97.5
150993,2-4-5,133.5
150993,3-4-5,51.3
150993,4-3-5,101.1
150993,5-3-4,267.9
150993,6-3-4,146.9
150993,1-4-6,54.8
150993,2-4-6,62.5
150993,3-4-6,30.7
150993,4-3-6,59.9
150993,5-3-6,117
150993,6-3-5,123.6
150993,1-5-2,120.6
150993,2-5-1,140.9
150993,3-5-1,106.6
150993,4-5-1,312.2
150993,5-4-1,520.1
150993,6-4-1,357.3
150993,1-5-3,92.8
150993,2-5-3,90.3
150993,3-5-2,76.1
150993,4-5-2,231.6
150993,5-4-2,396.8
150993,6-4-2,296.8
150993,1-5-4,157.6
150993,2-5-4,157.5
150993,3-5-4,78.8
150993,4-5-3,168.6
150993,5-4-3,333.7
150993,6-4-3,193.7
150993,1-5-6,84.2
150993,2-5-6,57.1
150993,3-5-6,36.7
150993,4-5-6,106.7
150993,5-4-6,191.7
150993,6-4-5,232.3
150993,1-6-2,61.2
150993,2-6-1,79.5
150993,3-6-1,73.9
150993,4-6-1,178.6
150993,5-6-1,183.9
150993,6-5-1,250.4
150993,1-6-3,48.9
150993,2-6-3,61.1
150993,3-6-2,54
150993,4-6-2,158.1
150993,5-6-2,101.5
150993,6-5-2,140.5
150993,1-6-4,66.4
150993,2-6-4,76.5
150993,3-6-4,43.3
150993,4-6-3,91.9
150993,5-6-3,101.1
150993,6-5-3,140
150993,1-6-5,84
150993,2-6-5,74.6
150993,3-6-5,44.6
150993,4-6-5,103
150993,5-6-4,127.3
150993,6-5-4,211.4
150994,1-2-3,106.5
150994,2-1-3,88.9
150994,3-1-2,605.9
150994,4-1-2,64
150994,5-1-2,212.3
150994,6-1-2,83.2
150994,1-2-4,29.7
150994,2-1-4,23.1
150994,3-1-4,750.9
150994,4-1-3,258.9
150994,5-1-3,631.5
150994,6-1-3,297.4
150994,1-2-5,48.6
150994,2-1-5,38.8
150994,3-1-5,880.1
150994,4-1-5,127.9
150994,5-1-4,326.9
150994,6-1-4,127.1
150994,1-2-6,27.9
150994,2-1-6,17.3
150994,3-1-6,720.4
150994,4-1-6,57.7
150994,5-1-6,144.4
150994,6-1-5,150
150994,1-3-2,246.5
150994,2-3-1,285.6
150994,3-2-1,692.2
150994,4-2-1,50.4
150994,5-2-1,174.6
150994,6-2-1,72.1
150994,1-3-4,344.8
150994,2-3-4,195.2
150994,3-2-4,452.3
150994,4-2-3,148
150994,5-2-3,474.4
150994,6-2-3,204.9
150994,1-3-5,310.7
150994,2-3-5,253.5
150994,3-2-5,784.3
150994,4-2-5,52.3
150994,5-2-4,128.6
150994,6-2-4,41.7
150994,1-3-6,314.7
150994,2-3-6,127.2
150994,3-2-6,371.1
150994,4-2-6,21.4
150994,5-2-6,72.2
150994,6-2-5,74.6
150994,1-4-2,52.1
150994,2-4-1,31.1
150994,3-4-1,707.3
150994,4-3-1,338.2
150994,5-3-1,987.3
150994,6-3-1,560.5
150994,1-4-3,237.4
150994,2-4-3,98.1
150994,3-4-2,507.8
150994,4-3-2,230.4
150994,5-3-2,797.1
150994,6-3-2,354.2
150994,1-4-5,101.2
150994,2-4-5,29.2
150994,3-4-5,1045
150994,4-3-5,414.7
150994,5-3-4,1018
150994,6-3-4,468.6
150994,1-4-6,57.7
150994,2-4-6,14.1
150994,3-4-6,431.2
150994,4-3-6,142.6
150994,5-3-6,487.4
150994,6-3-5,654.9
150994,1-5-2,101
150994,2-5-1,75
150994,3-5-1,958.1
150994,4-5-1,131.4
150994,5-4-1,300.1
150994,6-4-1,97.4
150994,1-5-3,281
150994,2-5-3,177.7
150994,3-5-2,834.8
150994,4-5-2,80.1
150994,5-4-2,166.5
150994,6-4-2,45
150994,1-5-4,132.4
150994,2-5-4,47.6
150994,3-5-4,1157
150994,4-5-3,334.2
150994,5-4-3,598.4
150994,6-4-3,242.8
150994,1-5-6,104.4
150994,2-5-6,35.5
150994,3-5-6,778
150994,4-5-6,50.3
150994,5-4-6,111.7
150994,6-4-5,99.2
150994,1-6-2,55.8
150994,2-6-1,33.5
150994,3-6-1,494.9
150994,4-6-1,42.4
150994,5-6-1,148.5
150994,6-5-1,194.7
150994,1-6-3,199
150994,2-6-3,96.5
150994,3-6-2,416.5
150994,4-6-2,22.9
150994,5-6-2,87.1
150994,6-5-2,105.5
150994,1-6-4,81.6
150994,2-6-4,17.7
150994,3-6-4,506.5
150994,4-6-3,94.1
150994,5-6-3,354.2
150994,6-5-3,535.8
150994,1-6-5,112.9
150994,2-6-5,32.3
150994,3-6-5,728.4
150994,4-6-5,39.5
150994,5-6-4,136.9
150994,6-5-4,155.9
150995,1-2-3,20.8
150995,2-1-3,234.5
150995,3-1-2,173.2
150995,4-1-2,48.3
150995,5-1-2,62.8
150995,6-1-2,1291
150995,1-2-4,13
150995,2-1-4,154
150995,3-1-4,74.1
150995,4-1-3,37.3
150995,5-1-3,70.2
150995,6-1-3,1516
150995,1-2-5,27.9
150995,2-1-5,251.1
150995,3-1-5,138
150995,4-1-5,31.1
150995,5-1-4,37.8
150995,6-1-4,734.1
150995,1-2-6,112.7
150995,2-1-6,709.2
150995,3-1-6,454.8
150995,4-1-6,111.7
150995,5-1-6,107.8
150995,6-1-5,1188
150995,1-3-2,18.7
150995,2-3-1,450.9
150995,3-2-1,388.8
150995,4-2-1,144.5
150995,5-2-1,166.5
150995,6-2-1,2404
150995,1-3-4,8.5
150995,2-3-4,454.8
150995,3-2-4,309.9
150995,4-2-3,246.1
150995,5-2-3,304.5
150995,6-2-3,2988
150995,1-3-5,21.4
150995,2-3-5,836.9
150995,3-2-5,484.3
150995,4-2-5,179.9
150995,5-2-4,212.4
150995,6-2-4,2179
150995,1-3-6,83.5
150995,2-3-6,1423
150995,3-2-6,1089
150995,4-2-6,434.9
150995,5-2-6,438.6
150995,6-2-5,2113
150995,1-4-2,9.8
150995,2-4-1,258.3
150995,3-4-1,96.6
150995,4-3-1,82
150995,5-3-1,172.4
150995,6-3-1,2648
150995,1-4-3,7.4
150995,2-4-3,394.7
150995,3-4-2,224
150995,4-3-2,210.2
150995,5-3-2,362.6
150995,6-3-2,3269
150995,1-4-5,11.5
150995,2-4-5,367
150995,3-4-5,190.5
150995,4-3-5,183.5
150995,5-3-4,259.2
150995,6-3-4,2071
150995,1-4-6,49.7
150995,2-4-6,955.3
150995,3-4-6,516.6
150995,4-3-6,448
150995,5-3-6,529.6
150995,6-3-5,2827
150995,1-5-2,36.2
150995,2-5-1,419.2
150995,3-5-1,241
150995,4-5-1,41.6
150995,5-4-1,51.7
150995,6-4-1,1442
150995,1-5-3,37.1
150995,2-5-3,826.9
150995,3-5-2,465.9
150995,4-5-2,100.5
150995,5-4-2,115.7
150995,6-4-2,2648
150995,1-5-4,21.1
150995,2-5-4,449.9
150995,3-5-4,260.2
150995,4-5-3,129.5
150995,5-4-3,137
150995,6-4-3,2520
150995,1-5-6,87.1
150995,2-5-6,1230
150995,3-5-6,807.8
150995,4-5-6,127.6
150995,5-4-6,160.3
150995,6-4-5,1433
150995,1-6-2,276.3
150995,2-6-1,2011
150995,3-6-1,1538
150995,4-6-1,398.5
150995,5-6-1,262.1
150995,6-5-1,1216
150995,1-6-3,313.6
150995,2-6-3,2225
150995,3-6-2,2113
150995,4-6-2,769.2
150995,5-6-2,471.2
150995,6-5-2,2011
150995,1-6-4,204.7
150995,2-6-4,1992
150995,3-6-4,1452
150995,4-6-3,853.9
150995,5-6-3,559.4
150995,6-5-3,1973
150995,1-6-5,257.3
150995,2-6-5,2031
150995,3-6-5,1505
150995,4-6-5,409.4
150995,5-6-4,372.9
150995,6-5-4,1168
150996,1-2-3,11.8
150996,2-1-3,30.2
150996,3-1-2,32
150996,4-1-2,146.8
150996,5-1-2,52.3
150996,6-1-2,926.4
150996,1-2-4,24.4
150996,2-1-4,60
150996,3-1-4,54.3
150996,4-1-3,163.8
150996,5-1-3,55.8
150996,6-1-3,1354
150996,1-2-5,15.6
150996,2-1-5,41.3
150996,3-1-5,27.6
150996,4-1-5,118
150996,5-1-4,121.8
150996,6-1-4,1549
150996,1-2-6,114
150996,2-1-6,289.8
150996,3-1-6,184.5
150996,4-1-6,384.1
150996,5-1-6,204.9
150996,6-1-5,1145
150996,1-3-2,11.1
150996,2-3-1,47
150996,3-2-1,55.5
150996,4-2-1,208.2
150996,5-2-1,71.6
150996,6-2-1,1046
150996,1-3-4,22.2
150996,2-3-4,80.6
150996,3-2-4,85
150996,4-2-3,250.8
150996,5-2-3,94
150996,6-2-3,2200
150996,1-3-5,11.4
150996,2-3-5,44.2
150996,3-2-5,50
150996,4-2-5,213.4
150996,5-2-4,222.5
150996,6-2-4,2305
150996,1-3-6,105.4
150996,2-3-6,247.2
150996,3-2-6,233
150996,4-2-6,462.1
150996,5-2-6,304.9
150996,6-2-5,1549
150996,1-4-2,40.7
150996,2-4-1,129
150996,3-4-1,87.7
150996,4-3-1,173.1
150996,5-3-1,72.4
150996,6-3-1,1898
150996,1-4-3,54.6
150996,2-4-3,116.9
150996,3-4-2,107.9
150996,4-3-2,231.8
150996,5-3-2,92.4
150996,6-3-2,2175
150996,1-4-5,49.6
150996,2-4-5,142.1
150996,3-4-5,71.6
150996,4-3-5,141.4
150996,5-3-4,131.8
150996,6-3-4,1466
150996,1-4-6,193.4
150996,2-4-6,397.6
150996,3-4-6,303.9
150996,4-3-6,537.8
150996,5-3-6,275.8
150996,6-3-5,1195
150996,1-5-2,20.9
150996,2-5-1,62
150996,3-5-1,38.6
150996,4-5-1,161.2
150996,5-4-1,208.6
150996,6-4-1,1683
150996,1-5-3,20.8
150996,2-5-3,64.2
150996,3-5-2,49.8
150996,4-5-2,234.9
150996,5-4-2,268.5
150996,6-4-2,2225
150996,1-5-4,54.4
150996,2-5-4,139.7
150996,3-5-4,71.1
150996,4-5-3,164.5
150996,5-4-3,175.8
150996,6-4-3,1587
150996,1-5-6,142.5
150996,2-5-6,320.5
150996,3-5-6,201
150996,4-5-6,349.5
150996,5-4-6,387.2
150996,6-4-5,1383
150996,1-6-2,373.8
150996,2-6-1,790.3
150996,3-6-1,554.8
150996,4-6-1,810.1
150996,5-6-1,431.2
150996,6-5-1,1035
150996,1-6-3,378.1
150996,2-6-3,823.9
150996,3-6-2,624.6
150996,4-6-2,1003
150996,5-6-2,478.1
150996,6-5-2,1373
150996,1-6-4,490.2
150996,2-6-4,1210
150996,3-6-4,612.7
150996,4-6-3,953.8
150996,5-6-3,529
150996,6-5-3,1180
150996,1-6-5,367.4
150996,2-6-5,783.9
150996,3-6-5,526.1
150996,4-6-5,645.4
150996,5-6-4,561.2
150996,6-5-4,1257
150997,1-2-3,15.4
150997,2-1-3,102.1
150997,3-1-2,328.1
150997,4-1-2,23.9
150997,5-1-2,62.6
150997,6-1-2,2161
150997,1-2-4,5.8
150997,2-1-4,43.9
150997,3-1-4,288.3
150997,4-1-3,105.4
150997,5-1-3,257.2
150997,6-1-3,3837
150997,1-2-5,8.1
150997,2-1-5,50.8
150997,3-1-5,391.7
150997,4-1-5,19
150997,5-1-4,51
150997,6-1-4,1593
150997,1-2-6,254.4
150997,2-1-6,706.8
150997,3-1-6,1528
150997,4-1-6,263.7
150997,5-1-6,459.7
150997,6-1-5,3133
150997,1-3-2,29.5
150997,2-3-1,415.9
150997,3-2-1,659.7
150997,4-2-1,47.1
150997,5-2-1,104.5
150997,6-2-1,3298
150997,1-3-4,49.4
150997,2-3-4,386
150997,3-2-4,515.1
150997,4-2-3,244.8
150997,5-2-3,543.4
150997,6-2-3,4700
150997,1-3-5,48.1
150997,2-3-5,497.4
150997,3-2-5,806.9
150997,4-2-5,57.2
150997,5-2-4,147.5
150997,6-2-4,4087
150997,1-3-6,666.7
150997,2-3-6,2540
150997,3-2-6,2043
150997,4-2-6,556.2
150997,5-2-6,551.3
150997,6-2-5,5081
150997,1-4-2,7.1
150997,2-4-1,70.1
150997,3-4-1,375.2
150997,4-3-1,281.8
150997,5-3-1,749.1
150997,6-3-1,5222
150997,1-4-3,33.8
150997,2-4-3,259.3
150997,3-4-2,604.5
150997,4-3-2,485.8
150997,5-3-2,1139
150997,6-3-2,5222
150997,1-4-5,8.7
150997,2-4-5,91.4
150997,3-4-5,717.6
150997,4-3-5,496.1
150997,5-3-4,1027
150997,6-3-4,4087
150997,1-4-6,238
150997,2-4-6,959.3
150997,3-4-6,2161
150997,4-3-6,1333
150997,5-3-6,1790
150997,6-3-5,4000
150997,1-5-2,20
150997,2-5-1,111.9
150997,3-5-1,643.9
150997,4-5-1,25.2
150997,5-4-1,58.4
150997,6-4-1,2000
150997,1-5-3,74
150997,2-5-3,401.7
150997,3-5-2,850.7
150997,4-5-2,41
150997,5-4-2,95.8
150997,6-4-2,3837
150997,1-5-4,18.2
150997,2-5-4,140.9
150997,3-5-4,862.5
150997,4-5-3,211.9
150997,5-4-3,367.2
150997,6-4-3,4700
150997,1-5-6,284
150997,2-5-6,1296
150997,3-5-6,2806
150997,4-5-6,250
150997,5-4-6,445.5
150997,6-4-5,3082
150997,1-6-2,806.9
150997,2-6-1,3298
150997,3-6-1,4273
150997,4-6-1,854.6
150997,5-6-1,1678
150997,6-5-1,4000
150997,1-6-3,989.6
150997,2-6-3,2575
150997,3-6-2,2806
150997,4-6-2,1287
150997,5-6-2,1899
150997,6-5-2,4476
150997,1-6-4,793.3
150997,2-6-4,3186
150997,3-6-4,4178
150997,4-6-3,1663
150997,5-6-3,2321
150997,6-5-3,4821
150997,1-6-5,989.6
150997,2-6-5,2892
150997,3-6-5,3547
150997,4-6-5,1050
150997,5-6-4,1709
150997,6-5-4,2806
150998,1-2-3,40.9
150998,2-1-3,67.8
150998,3-1-2,104.8
150998,4-1-2,45.4
150998,5-1-2,102.5
150998,6-1-2,858.7
150998,1-2-4,24.9
150998,2-1-4,36.4
150998,3-1-4,83.6
150998,4-1-3,56.5
150998,5-1-3,108.9
150998,6-1-3,1020
150998,1-2-5,23.5
150998,2-1-5,27.6
150998,3-1-5,71.3
150998,4-1-5,21.8
150998,5-1-4,54
150998,6-1-4,876
150998,1-2-6,108.2
150998,2-1-6,115.5
150998,3-1-6,262.8
150998,4-1-6,98.1
150998,5-1-6,145.7
150998,6-1-5,799.3
150998,1-3-2,50.7
150998,2-3-1,130.1
150998,3-2-1,182.4
150998,4-2-1,66.5
150998,5-2-1,120.9
150998,6-2-1,1164
150998,1-3-4,37
150998,2-3-4,144
150998,3-2-4,179.5
150998,4-2-3,114.8
150998,5-2-3,200.5
150998,6-2-3,1470
150998,1-3-5,35.6
150998,2-3-5,120
150998,3-2-5,157.6
150998,4-2-5,44.1
150998,5-2-4,111.2
150998,6-2-4,1156
150998,1-3-6,138.7
150998,2-3-6,373.8
150998,3-2-6,507.2
150998,4-2-6,141.2
150998,5-2-6,219.5
150998,6-2-5,1294
150998,1-4-2,25.5
150998,2-4-1,52.8
150998,3-4-1,111
150998,4-3-1,105.7
150998,5-3-1,147.3
150998,6-3-1,1457
150998,1-4-3,35.5
150998,2-4-3,92.5
150998,3-4-2,165.9
150998,4-3-2,165.3
150998,5-3-2,222.9
150998,6-3-2,1788
150998,1-4-5,16.6
150998,2-4-5,34.6
150998,3-4-5,83.3
150998,4-3-5,70.1
150998,5-3-4,130.6
150998,6-3-4,1548
150998,1-4-6,98.3
150998,2-4-6,113.7
150998,3-4-6,338.8
150998,4-3-6,282.9
150998,5-3-6,422
150998,6-3-5,1204
150998,1-5-2,41.3
150998,2-5-1,45.4
150998,3-5-1,123
150998,4-5-1,21.2
150998,5-4-1,43.9
150998,6-4-1,854.5
150998,1-5-3,43.9
150998,2-5-3,109.4
150998,3-5-2,154.4
150998,4-5-2,35.2
150998,5-4-2,76.1
150998,6-4-2,1057
150998,1-5-4,26.8
150998,2-5-4,49
150998,3-5-4,112.6
150998,4-5-3,40.6
150998,5-4-3,91
150998,6-4-3,1230
150998,1-5-6,77.5
150998,2-5-6,99.6
150998,3-5-6,277.9
150998,4-5-6,41.3
150998,5-4-6,84.4
150998,6-4-5,421
150998,1-6-2,342.1
150998,2-6-1,346.2
150998,3-6-1,738.1
150998,4-6-1,197.7
150998,5-6-1,256.6
150998,6-5-1,713.8
150998,1-6-3,327.2
150998,2-6-3,674.9
150998,3-6-2,1032
150998,4-6-2,259.6
150998,5-6-2,377.9
150998,6-5-2,1077
150998,1-6-4,279.7
150998,2-6-4,301.1
150998,3-6-4,850.3
150998,4-6-3,327.2
150998,5-6-3,488.6
150998,6-5-3,908.1
150998,1-6-5,206.2
150998,2-6-5,233.4
150998,3-6-5,654.5
150998,4-6-5,130.7
150998,5-6-4,229.1
150998,6-5-4,404.3
150999,1-2-3,48.8
150999,2-1-3,79.2
150999,3-1-2,28.3
150999,4-1-2,99.2
150999,5-1-2,262
150999,6-1-2,489.1
150999,1-2-4,76.4
150999,2-1-4,134.4
150999,3-1-4,23.1
150999,4-1-3,61.2
150999,5-1-3,142.2
150999,6-1-3,351.6
150999,1-2-5,98.6
150999,2-1-5,122.5
150999,3-1-5,28.5
150999,4-1-5,74.8
150999,5-1-4,241
150999,6-1-4,635.6
150999,1-2-6,97.5
150999,2-1-6,111.6
150999,3-1-6,35.1
150999,4-1-6,105.5
150999,5-1-6,178.7
150999,6-1-5,654.2
150999,1-3-2,34.6
150999,2-3-1,82.6
150999,3-2-1,41.9
150999,4-2-1,163
150999,5-2-1,320
150999,6-2-1,542.7
150999,1-3-4,30.8
150999,2-3-4,95.5
150999,3-2-4,56.8
150999,4-2-3,115.1
150999,5-2-3,261.5
150999,6-2-3,443.7
150999,1-3-5,41.4
150999,2-3-5,91.3
150999,3-2-5,41.9
150999,4-2-5,131.6
150999,5-2-4,359.1
150999,6-2-4,1053
150999,1-3-6,57.1
150999,2-3-6,112.8
150999,3-2-6,40.5
150999,4-2-6,145.5
150999,5-2-6,243
150999,6-2-5,609.5
150999,1-4-2,88.4
150999,2-4-1,189.3
150999,3-4-1,26.2
150999,4-3-1,51.6
150999,5-3-1,142.1
150999,6-3-1,319.7
150999,1-4-3,57.2
150999,2-4-3,148.1
150999,3-4-2,38.9
150999,4-3-2,72.3
150999,5-3-2,177.6
150999,6-3-2,381.7
150999,1-4-5,100.4
150999,2-4-5,189.3
150999,3-4-5,20.5
150999,4-3-5,42.5
150999,5-3-4,132
150999,6-3-4,329.5
150999,1-4-6,128
150999,2-4-6,278.1
150999,3-4-6,30.9
150999,4-3-6,54.7
150999,5-3-6,120.2
150999,6-3-5,288.6
150999,1-5-2,140.3
150999,2-5-1,193.3
150999,3-5-1,41.3
150999,4-5-1,72.3
150999,5-4-1,210.5
150999,6-4-1,675.7
150999,1-5-3,101.8
150999,2-5-3,164.9
150999,3-5-2,41
150999,4-5-2,87.7
150999,5-4-2,266.2
150999,6-4-2,1002
150999,1-5-4,168.8
150999,2-5-4,224.3
150999,3-5-4,34.7
150999,4-5-3,54.8
150999,5-4-3,140.9
150999,6-4-3,430.2
150999,1-5-6,163.3
150999,2-5-6,204.1
150999,3-5-6,25.5
150999,4-5-6,58.5
150999,5-4-6,188
150999,6-4-5,647.9
150999,1-6-2,190.7
150999,2-6-1,235.7
150999,3-6-1,57
150999,4-6-1,136.4
150999,5-6-1,206.3
150999,6-5-1,581.7
150999,1-6-3,206.9
150999,2-6-3,297.9
150999,3-6-2,56.2
150999,4-6-2,158.1
150999,5-6-2,235.1
150999,6-5-2,527.7
150999,1-6-4,329.9
150999,2-6-4,496.4
150999,3-6-4,69.9
150999,4-6-3,109.8
150999,5-6-3,277.2
150999,6-5-3,419.4
150999,1-6-5,263.6
150999,2-6-5,325.9
150999,3-6-5,47.2
150999,4-6-5,102
150999,5-6-4,354.4
150999,6-5-4,612.3
151000,1-2-3,14.3
151000,2-1-3,59.4
151000,3-1-2,41.3
151000,4-1-2,336.5
151000,5-1-2,50.2
151000,6-1-2,583.5
151000,1-2-4,44.1
151000,2-1-4,151.1
151000,3-1-4,51.8
151000,4-1-3,243.6
151000,5-1-3,31.7
151000,6-1-3,554.6
151000,1-2-5,20
151000,2-1-5,68.9
151000,3-1-5,21.2
151000,4-1-5,218
151000,5-1-4,85.9
151000,6-1-4,978.5
151000,1-2-6,69.6
151000,2-1-6,260.6
151000,3-1-6,78
151000,4-1-6,414.8
151000,5-1-6,73.7
151000,6-1-5,613.5
151000,1-3-2,12.3
151000,2-3-1,95.5
151000,3-2-1,90.1
151000,4-2-1,638.1
151000,5-2-1,100.9
151000,6-2-1,1102
151000,1-3-4,17.6
151000,2-3-4,228.2
151000,3-2-4,219.8
151000,4-2-3,742.4
151000,5-2-3,158
151000,6-2-3,1750
151000,1-3-5,8.5
151000,2-3-5,131.7
151000,3-2-5,109.2
151000,4-2-5,619.5
151000,5-2-4,303.3
151000,6-2-4,2029
151000,1-3-6,24.6
151000,2-3-6,412.1
151000,3-2-6,331.8
151000,4-2-6,1102
151000,5-2-6,322.3
151000,6-2-5,1889
151000,1-4-2,62.1
151000,2-4-1,338.9
151000,3-4-1,103.4
151000,4-3-1,286.5
151000,5-3-1,43
151000,6-3-1,875.2
151000,1-4-3,43.8
151000,2-4-3,333
151000,3-4-2,215.8
151000,4-3-2,569.5
151000,5-3-2,105.4
151000,6-3-2,1538
151000,1-4-5,49.9
151000,2-4-5,331.8
151000,3-4-5,92
151000,4-3-5,245.8
151000,5-3-4,117.1
151000,6-3-4,1239
151000,1-4-6,120.9
151000,2-4-6,801.7
151000,3-4-6,209.2
151000,4-3-6,567.8
151000,5-3-6,132.3
151000,6-3-5,900
151000,1-5-2,18.2
151000,2-5-1,124.4
151000,3-5-1,28.9
151000,4-5-1,227.9
151000,5-4-1,195.7
151000,6-4-1,1467
151000,1-5-3,12
151000,2-5-3,145.7
151000,3-5-2,64.8
151000,4-5-2,442.7
151000,5-4-2,377.1
151000,6-4-2,2218
151000,1-5-4,37.6
151000,2-5-4,289.1
151000,3-5-4,72.7
151000,4-5-3,275.3
151000,5-4-3,213.9
151000,6-4-3,1908
151000,1-5-6,45
151000,2-5-6,407.7
151000,3-5-6,78.1
151000,4-5-6,390.2
151000,5-4-6,338.3
151000,6-4-5,1719
151000,1-6-2,171.9
151000,2-6-1,815.4
151000,3-6-1,240.6
151000,4-6-1,688.8
151000,5-6-1,160.6
151000,6-5-1,609.6
151000,1-6-3,92.8
151000,2-6-3,1129
151000,3-6-2,379.3
151000,4-6-2,1239
151000,5-6-2,364.8
151000,6-5-2,1413
151000,1-6-4,236.1
151000,2-6-4,1538
151000,3-6-4,399.1
151000,4-6-3,855.6
151000,5-6-3,260.3
151000,6-5-3,826
151000,1-6-5,133.7
151000,2-6-5,1200
151000,3-6-5,212.9
151000,4-6-5,646.8
151000,5-6-4,383.9
151000,6-5-4,1170
151001,1-2-3,7.3
151001,2-1-3,59.7
151001,3-1-2,44.1
151001,4-1-2,145.2
151001,5-1-2,237
151001,6-1-2,2214
151001,1-2-4,13.2
151001,2-1-4,76
151001,3-1-4,36.3
151001,4-1-3,123.7
151001,5-1-3,232.8
151001,6-1-3,1914
151001,1-2-5,19
151001,2-1-5,100.8
151001,3-1-5,51.5
151001,4-1-5,156.3
151001,5-1-4,285.5
151001,6-1-4,1516
151001,1-2-6,66.4
151001,2-1-6,301.2
151001,3-1-6,141.5
151001,4-1-6,296.8
151001,5-1-6,514.5
151001,6-1-5,2172
151001,1-3-2,6.5
151001,2-3-1,102.4
151001,3-2-1,99.4
151001,4-2-1,265.7
151001,5-2-1,371.5
151001,6-2-1,3643
151001,1-3-4,6.7
151001,2-3-4,150.6
151001,3-2-4,138.5
151001,4-2-3,389.4
151001,5-2-3,537.8
151001,6-2-3,3963
151001,1-3-5,9.7
151001,2-3-5,239
151001,3-2-5,194.9
151001,4-2-5,460
151001,5-2-4,680.4
151001,6-2-4,3765
151001,1-3-6,44.4
151001,2-3-6,643.5
151001,3-2-6,486.8
151001,4-2-6,755.5
151001,5-2-6,990.7
151001,6-2-5,4706
151001,1-4-2,22.6
151001,2-4-1,180.1
151001,3-4-1,84.7
151001,4-3-1,172.4
151001,5-3-1,355.7
151001,6-3-1,2403
151001,1-4-3,16.2
151001,2-4-3,198.3
151001,3-4-2,136.2
151001,4-3-2,326.9
151001,5-3-2,588.2
151001,6-3-2,4107
151001,1-4-5,24.8
151001,2-4-5,334.6
151001,3-4-5,142.7
151001,4-3-5,308.1
151001,5-3-4,658.6
151001,6-3-4,2567
151001,1-4-6,73.5
151001,2-4-6,792.6
151001,3-4-6,273.8
151001,4-3-6,592.9
151001,5-3-6,1182
151001,6-3-5,3181
151001,1-5-2,34.3
151001,2-5-1,289.2
151001,3-5-1,159.1
151001,4-5-1,237.2
151001,5-4-1,456.3
151001,6-4-1,1851
151001,1-5-3,27.5
151001,2-5-3,403.3
151001,3-5-2,270.5
151001,4-5-2,436.9
151001,5-4-2,922
151001,6-4-2,4033
151001,1-5-4,41.3
151001,2-5-4,555
151001,3-5-4,197.4
151001,4-5-3,389.4
151001,5-4-3,815.5
151001,6-4-3,3963
151001,1-5-6,100.2
151001,2-5-6,792.6
151001,3-5-6,397.7
151001,4-5-6,549.6
151001,5-4-6,1004
151001,6-4-5,3227
151001,1-6-2,231.4
151001,2-6-1,1214
151001,3-6-1,682.4
151001,4-6-1,784.3
151001,5-6-1,1182
151001,6-5-1,2328
151001,1-6-3,201.5
151001,2-6-3,1711
151001,3-6-2,1101
151001,4-6-2,1420
151001,5-6-2,1930
151001,6-5-2,3703
151001,1-6-4,213.1
151001,2-6-4,1698
151001,3-6-4,830.5
151001,4-6-3,1496
151001,5-6-3,2091
151001,6-5-3,3371
151001,1-6-5,231.9
151001,2-6-5,1698
151001,3-6-5,865.5
151001,4-6-5,1013
151001,5-6-4,2305
151001,6-5-4,3094
151002,1-2-3,11.8
151002,2-1-3,43.4
151002,3-1-2,92.3
151002,4-1-2,81.3
151002,5-1-2,100.7
151002,6-1-2,577.1
151002,1-2-4,9.3
151002,2-1-4,32.5
151002,3-1-4,85.8
151002,4-1-3,123
151002,5-1-3,214.1
151002,6-1-3,1242
151002,1-2-5,9.1
151002,2-1-5,30.6
151002,3-1-5,106.2
151002,4-1-5,84.1
151002,5-1-4,210.1
151002,6-1-4,908.3
151002,1-2-6,22.8
151002,2-1-6,75.2
151002,3-1-6,165
151002,4-1-6,133.1
151002,5-1-6,182.4
151002,6-1-5,846.2
151002,1-3-2,19
151002,2-3-1,114.7
151002,3-2-1,155.2
151002,4-2-1,122.1
151002,5-2-1,159.3
151002,6-2-1,793
151002,1-3-4,27.4
151002,2-3-4,151.7
151002,3-2-4,186.7
151002,4-2-3,267.9
151002,5-2-3,353.9
151002,6-2-3,1692
151002,1-3-5,29.1
151002,2-3-5,162.1
151002,3-2-5,153.8
151002,4-2-5,150.6
151002,5-2-4,307.9
151002,6-2-4,1260
151002,1-3-6,67.2
151002,2-3-6,365.5
151002,3-2-6,322.7
151002,4-2-6,223.2
151002,5-2-6,285.5
151002,6-2-5,1064
151002,1-4-2,17.1
151002,2-4-1,84.8
151002,3-4-1,108.1
151002,4-3-1,144.7
151002,5-3-1,406.8
151002,6-3-1,1800
151002,1-4-3,32.6
151002,2-4-3,173
151002,3-4-2,123.8
151002,4-3-2,218.4
151002,5-3-2,450.7
151002,6-3-2,1912
151002,1-4-5,26.1
151002,2-4-5,122.6
151002,3-4-5,91.4
151002,4-3-5,145.7
151002,5-3-4,431.1
151002,6-3-4,1641
151002,1-4-6,51.7
151002,2-4-6,216.9
151002,3-4-6,128.7
151002,4-3-6,197.3
151002,5-3-6,570.1
151002,6-3-5,1933
151002,1-5-2,17.6
151002,2-5-1,85.8
151002,3-5-1,142.8
151002,4-5-1,99.1
151002,5-4-1,292.7
151002,6-4-1,1143
151002,1-5-3,36.7
151002,2-5-3,203.4
151002,3-5-2,132.9
151002,4-5-2,138.5
151002,5-4-2,302.9
151002,6-4-2,1316
151002,1-5-4,36.7
151002,2-5-4,158.2
151002,3-5-4,139.9
151002,4-5-3,180.6
151002,5-4-3,478.5
151002,6-4-3,1833
151002,1-5-6,52.7
151002,2-5-6,197.7
151002,3-5-6,151.7
151002,4-5-6,144.7
151002,5-4-6,271.3
151002,6-4-5,1172
151002,1-6-2,75.8
151002,2-6-1,320.3
151002,3-6-1,401.7
151002,4-6-1,279.4
151002,5-6-1,445.8
151002,6-5-1,1102
151002,1-6-3,151.4
151002,2-6-3,643.4
151002,3-6-2,507
151002,4-6-2,341.1
151002,5-6-2,441.4
151002,6-5-2,1123
151002,1-6-4,130
151002,2-6-4,494.2
151002,3-6-4,342.6
151002,4-6-3,518.5
151002,5-6-3,809.4
151002,6-5-3,1847
151002,1-6-5,132.3
151002,2-6-5,476.2
151002,3-6-5,390.5
151002,4-6-5,282.5
151002,5-6-4,535.9
151002,6-5-4,1216
150979,1-2-3,68.9
150979,2-1-3,42.4
150979,3-1-2,36.9
150979,4-1-2,311.9
150979,5-1-2,202.8
150979,6-1-2,2330
150979,1-2-4,147.7
150979,2-1-4,77.5
150979,3-1-4,39.1
150979,4-1-3,165.1
150979,5-1-3,124.1
150979,6-1-3,2287
150979,1-2-5,125.4
150979,2-1-5,56.5
150979,3-1-5,22.6
150979,4-1-5,175.4
150979,5-1-4,228.7
150979,6-1-4,2521
150979,1-2-6,447.5
150979,2-1-6,475.1
150979,3-1-6,292.7
150979,4-1-6,834.7
150979,5-1-6,569.2
150979,6-1-5,2941
150979,1-3-2,61.1
150979,2-3-1,39.3
150979,3-2-1,36.6
150979,4-2-1,270.9
150979,5-2-1,230.4
150979,6-2-1,2167
150979,1-3-4,59.5
150979,2-3-4,24.1
150979,3-2-4,17.3
150979,4-2-3,84.6
150979,5-2-3,80.2
150979,6-2-3,2246
150979,1-3-5,50.3
150979,2-3-5,19.1
150979,3-2-5,12.8
150979,4-2-5,93
150979,5-2-4,139.9
150979,6-2-4,2246
150979,1-3-6,382.4
150979,2-3-6,238.9
150979,3-2-6,194.5
150979,4-2-6,553.9
150979,5-2-6,500.1
150979,6-2-5,1930
150979,1-4-2,170.3
150979,2-4-1,96.4
150979,3-4-1,46.9
150979,4-3-1,123.2
150979,5-3-1,87.2
150979,6-3-1,3013
150979,1-4-3,132.2
150979,2-4-3,48.2
150979,3-4-2,19.5
150979,4-3-2,62.9
150979,5-3-2,54
150979,6-3-2,2628
150979,1-4-5,147.7
150979,2-4-5,57.4
150979,3-4-5,12.1
150979,4-3-5,37.7
150979,5-3-4,45.4
150979,6-3-4,2167
150979,1-4-6,574.5
150979,2-4-6,480.6
150979,3-4-6,166.4
150979,4-3-6,359.1
150979,5-3-6,194.2
150979,6-3-5,1357
150979,1-5-2,170.3
150979,2-5-1,71
150979,3-5-1,26.9
150979,4-5-1,147.5
150979,5-4-1,243.6
150979,6-4-1,3250
150979,1-5-3,102.7
150979,2-5-3,41
150979,3-5-2,15.5
150979,4-5-2,87.4
150979,5-4-2,128.6
150979,6-4-2,3338
150979,1-5-4,176.7
150979,2-5-4,68.1
150979,3-5-4,14.3
150979,4-5-3,49
150979,5-4-3,67.6
150979,6-4-3,2521
150979,1-5-6,705.9
150979,2-5-6,356
150979,3-5-6,98.1
150979,4-5-6,262.2
150979,5-4-6,418.7
150979,6-4-5,2058
150979,1-6-2,1055
150979,2-6-1,851.9
150979,3-6-1,895.1
150979,4-6-1,1342
150979,5-6-1,1004
150979,6-5-1,2628
150979,1-6-3,1235
150979,2-6-3,908.3
150979,3-6-2,608.5
150979,4-6-2,1020
150979,5-6-2,818.1
150979,6-5-2,1525
150979,1-6-4,1123
150979,2-6-4,1046
150979,3-6-4,476.9
150979,4-6-3,781.8
150979,5-6-3,496.1
150979,6-5-3,1328
150979,1-6-5,1436
150979,2-6-5,1046
150979,3-6-5,380.1
150979,4-6-5,722.4
150979,5-6-4,650.1
150979,6-5-4,1960
150980,1-2-3,29.3
150980,2-1-3,82.8
150980,3-1-2,35.8
150980,4-1-2,344.4
150980,5-1-2,80.8
150980,6-1-2,884.4
150980,1-2-4,50.4
150980,2-1-4,140
150980,3-1-4,39.9
150980,4-1-3,207.3
150980,5-1-3,39.5
150980,6-1-3,705.7
150980,1-2-5,34.2
150980,2-1-5,96
150980,3-1-5,16.2
150980,4-1-5,192.5
150980,5-1-4,149.3
150980,6-1-4,1023
150980,1-2-6,89.4
150980,2-1-6,193
150980,3-1-6,53.3
150980,4-1-6,274.9
150980,5-1-6,77.5
150980,6-1-5,809.4
150980,1-3-2,20.5
150980,2-3-1,98.7
150980,3-2-1,62.7
150980,4-2-1,403.5
150980,5-2-1,128.9
150980,6-2-1,974.6
150980,1-3-4,25.9
150980,2-3-4,106.2
150980,3-2-4,70.4
150980,4-2-3,277.1
150980,5-2-3,79.9
150980,6-2-3,1069
150980,1-3-5,12.8
150980,2-3-5,57.9
150980,3-2-5,33.7
150980,4-2-5,235.2
150980,5-2-4,236.4
150980,6-2-4,1477
150980,1-3-6,40.3
150980,2-3-6,159.9
150980,3-2-6,84.2
150980,4-2-6,314.8
150980,5-2-6,140
150980,6-2-5,1203
150980,1-4-2,75.9
150980,2-4-1,264.3
150980,3-4-1,71.6
150980,4-3-1,179.3
150980,5-3-1,50
150980,6-3-1,639.6
150980,1-4-3,58.6
150980,2-4-3,198.9
150980,3-4-2,81.2
150980,4-3-2,216.7
150980,5-3-2,63.4
150980,6-3-2,679
150980,1-4-5,71.9
150980,2-4-5,199.8
150980,3-4-5,38.8
150980,4-3-5,106.6
150980,5-3-4,99
150980,6-3-4,561.8
150980,1-4-6,124.9
150980,2-4-6,318.3
150980,3-4-6,78.7
150980,4-3-6,163.9
150980,5-3-6,59.3
150980,6-3-5,494
150980,1-5-2,40.4
150980,2-5-1,170.3
150980,3-5-1,24.7
150980,4-5-1,199.5
150980,5-4-1,261.9
150980,6-4-1,1290
150980,1-5-3,23.8
150980,2-5-3,95.8
150980,3-5-2,27.1
150980,4-5-2,217.7
150980,5-4-2,254.4
150980,6-4-2,1557
150980,1-5-4,65.7
150980,2-5-4,210
150980,3-5-4,34.8
150980,4-5-3,141.2
150980,5-4-3,177.3
150980,6-4-3,847.7
150980,1-5-6,58.8
150980,2-5-6,215.7
150980,3-5-6,25.4
150980,4-5-6,164.8
150980,5-4-6,166.7
150980,6-4-5,1203
150980,1-6-2,222.8
150980,2-6-1,636.7
150980,3-6-1,144.7
150980,4-6-1,509.8
150980,5-6-1,193.3
150980,6-5-1,639.6
150980,1-6-3,172.8
150980,2-6-3,522.8
150980,3-6-2,159
150980,4-6-2,459.2
150980,5-6-2,216.7
150980,6-5-2,895.4
150980,1-6-4,302.9
150980,2-6-4,787.2
150980,3-6-4,156
150980,4-6-3,329.3
150980,5-6-3,160.9
150980,6-5-3,564
150980,1-6-5,163.1
150980,2-6-5,482.4
150980,3-6-5,73.3
150980,4-6-5,333.1
150980,5-6-4,290
150980,6-5-4,994.9
150981,1-2-3,8.5
150981,2-1-3,115.2
150981,3-1-2,48.4
150981,4-1-2,402.6
150981,5-1-2,62.4
150981,6-1-2,937.1
150981,1-2-4,26.9
150981,2-1-4,271.7
150981,3-1-4,81.2
150981,4-1-3,317.5
150981,5-1-3,52
150981,6-1-3,888.6
150981,1-2-5,10.7
150981,2-1-5,109
150981,3-1-5,30.4
150981,4-1-5,201.8
150981,5-1-4,130
150981,6-1-4,1530
150981,1-2-6,49.9
150981,2-1-6,441.7
150981,3-1-6,153.7
150981,4-1-6,572.7
150981,5-1-6,115.6
150981,6-1-5,696.5
150981,1-3-2,7.1
150981,2-3-1,209.5
150981,3-2-1,155.7
150981,4-2-1,784.9
150981,5-2-1,174.7
150981,6-2-1,1088
150981,1-3-4,18.3
150981,2-3-4,699.6
150981,3-2-4,415.6
150981,4-2-3,1145
150981,5-2-3,240.4
150981,6-2-3,1932
150981,1-3-5,5.9
150981,2-3-5,249.8
150981,3-2-5,163.2
150981,4-2-5,792.9
150981,5-2-4,558.2
150981,6-2-4,2761
150981,1-3-6,33.3
150981,2-3-6,1120
150981,3-2-6,655.2
150981,4-2-6,925.9
150981,5-2-6,480.2
150981,6-2-5,1577
150981,1-4-2,50.6
150981,2-4-1,715.8
150981,3-4-1,295
150981,4-3-1,439.2
150981,5-3-1,94.8
150981,6-3-1,1088
150981,1-4-3,39.2
150981,2-4-3,920.4
150981,3-4-2,583.5
150981,4-3-2,1096
150981,5-3-2,158.2
150981,6-3-2,2307
150981,1-4-5,40.9
150981,2-4-5,818.1
150981,3-4-5,299.6
150981,4-3-5,508.6
150981,5-3-4,345.1
150981,6-3-4,1840
150981,1-4-6,93.4
150981,2-4-6,1472
150981,3-4-6,618.5
150981,4-3-6,1030
150981,5-3-6,380.8
150981,6-3-5,1171
150981,1-5-2,13.2
150981,2-5-1,215.9
150981,3-5-1,72
150981,4-5-1,223.7
150981,5-4-1,287.4
150981,6-4-1,2273
150981,1-5-3,10.9
150981,2-5-3,316.8
150981,3-5-2,137.9
150981,4-5-2,465.7
150981,5-4-2,533.2
150981,6-4-2,3596
150981,1-5-4,36.7
150981,2-5-4,739.8
150981,3-5-4,239.3
150981,4-5-3,391.4
150981,5-4-3,500.4
150981,6-4-3,2061
150981,1-5-6,37.5
150981,2-5-6,732.8
150981,3-5-6,287.9
150981,4-5-6,438
150981,5-4-6,566.4
150981,6-4-5,2147
150981,1-6-2,152.6
150981,2-6-1,1162
150981,3-6-1,524.1
150981,4-6-1,904.2
150981,5-6-1,235.3
150981,6-5-1,769.2
150981,1-6-3,129.3
150981,2-6-3,1486
150981,3-6-2,1145
150981,4-6-2,978.6
150981,5-6-2,461.5
150981,6-5-2,1798
150981,1-6-4,227.3
150981,2-6-4,1819
150981,3-6-4,1024
150981,4-6-3,1088
150981,5-6-3,361.2
150981,6-5-3,1431
150981,1-6-5,114.6
150981,2-6-5,1515
150981,3-6-5,554.2
150981,4-6-5,797
150981,5-6-4,757.9
150981,6-5-4,2089
150982,1-2-3,12.7
150982,2-1-3,43.6
150982,3-1-2,14.3
150982,4-1-2,889.2
150982,5-1-2,66.2
150982,6-1-2,3705
150982,1-2-4,85.7
150982,2-1-4,262.1
150982,3-1-4,71.8
150982,4-1-3,665.6
150982,5-1-3,36.2
150982,6-1-3,1214
150982,1-2-5,22.4
150982,2-1-5,65
150982,3-1-5,8.6
150982,4-1-5,599.2
150982,5-1-4,264
150982,6-1-4,4940
150982,1-2-6,256.1
150982,2-1-6,617.5
150982,3-1-6,160.2
150982,4-1-6,1750
150982,5-1-6,348.4
150982,6-1-5,3528
150982,1-3-2,7.2
150982,2-3-1,53.9
150982,3-2-1,30.5
150982,4-2-1,1453
150982,5-2-1,103.3
150982,6-2-1,3420
150982,1-3-4,52.1
150982,2-3-4,298.8
150982,3-2-4,166.4
150982,4-2-3,1117
150982,5-2-3,82.2
150982,6-2-3,3318
150982,1-3-5,5.6
150982,2-3-5,59.3
150982,3-2-5,27.8
150982,4-2-5,1170
150982,5-2-4,540.9
150982,6-2-4,5850
150982,1-3-6,131.3
150982,2-3-6,635.1
150982,3-2-6,367.4
150982,4-2-6,1822
150982,5-2-6,607.4
150982,6-2-5,4631
150982,1-4-2,237.2
150982,2-4-1,808.4
150982,3-4-1,209.7
150982,4-3-1,733.7
150982,5-3-1,37.7
150982,6-3-1,1347
150982,1-4-3,189.8
150982,2-4-3,673.6
150982,3-4-2,287.2
150982,4-3-2,1074
150982,5-3-2,61.3
150982,6-3-2,3969
150982,1-4-5,217.5
150982,2-4-5,777.3
150982,3-4-5,165.4
150982,4-3-5,679.8
150982,5-3-4,260.9
150982,6-3-4,2814
150982,1-4-6,583.5
150982,2-4-6,1967
150982,3-4-6,559.9
150982,4-3-6,1533
150982,5-3-6,330.8
150982,6-3-5,1950
150982,1-5-2,24.3
150982,2-5-1,115.8
150982,3-5-1,14
150982,4-5-1,635.1
150982,5-4-1,631.5
150982,6-4-1,6351
150982,1-5-3,14.9
150982,2-5-3,95.9
150982,3-5-2,21.7
150982,4-5-2,1221
150982,5-4-2,1074
150982,6-4-2,6175
150982,1-5-4,109.1
150982,2-5-4,667.6
150982,3-5-4,97.7
150982,4-5-3,575.9
150982,5-4-3,624.4
150982,6-4-3,3318
150982,1-5-6,209.1
150982,2-5-6,1122
150982,3-5-6,165.9
150982,4-5-6,1323
150982,5-4-6,1443
150982,6-4-5,5557
150982,1-6-2,1001
150982,2-6-1,2158
150982,3-6-1,524.3
150982,4-6-1,2925
150982,5-6-1,1058
150982,6-5-1,2711
150982,1-6-3,457.4
150982,2-6-3,1778
150982,3-6-2,942
150982,4-6-2,2443
150982,5-6-2,1355
150982,6-5-2,3644
150982,1-6-4,975
150982,2-6-4,2245
150982,3-6-4,861.6
150982,4-6-3,2340
150982,5-6-3,823.4
150982,6-5-3,2340
150982,1-6-5,774.6
150982,2-6-5,2245
150982,3-6-5,530.5
150982,4-6-5,2315
150982,5-6-4,1933
150982,6-5-4,4446
150983,1-2-3,25.1
150983,2-1-3,68.6
150983,3-1-2,153.1
150983,4-1-2,29
150983,5-1-2,96.6
150983,6-1-2,2258
150983,1-2-4,10.9
150983,2-1-4,29.1
150983,3-1-4,125.7
150983,4-1-3,78.5
150983,5-1-3,261.2
150983,6-1-3,2774
150983,1-2-5,14.2
150983,2-1-5,44
150983,3-1-5,175.4
150983,4-1-5,26
150983,5-1-4,79.2
150983,6-1-4,1826
150983,1-2-6,108.1
150983,2-1-6,252
150983,3-1-6,523.1
150983,4-1-6,88.6
150983,5-1-6,217.5
150983,6-1-5,2281
150983,1-3-2,37.8
150983,2-3-1,144.8
150983,3-2-1,235.4
150983,4-2-1,41.3
150983,5-2-1,144
150983,6-2-1,2567
150983,1-3-4,31.2
150983,2-3-4,107.6
150983,3-2-4,166.3
150983,4-2-3,80.9
150983,5-2-3,348.6
150983,6-2-3,2880
150983,1-3-5,51.4
150983,2-3-5,189.3
150983,3-2-5,264.6
150983,4-2-5,35
150983,5-2-4,113.4
150983,6-2-4,1841
150983,1-3-6,192.7
150983,2-3-6,459
150983,3-2-6,671.7
150983,4-2-6,72.9
150983,5-2-6,334.1
150983,6-2-5,2826
150983,1-4-2,13.3
150983,2-4-1,49.7
150983,3-4-1,149.1
150983,4-3-1,137.1
150983,5-3-1,510
150983,6-3-1,3624
150983,1-4-3,29.3
150983,2-4-3,88.8
150983,3-4-2,138.8
150983,4-3-2,96.6
150983,5-3-2,508.9
150983,6-3-2,3808
150983,1-4-5,14.5
150983,2-4-5,46.2
150983,3-4-5,161.8
150983,4-3-5,119
150983,5-3-4,503.8
150983,6-3-4,3036
150983,1-4-6,91.9
150983,2-4-6,189.8
150983,3-4-6,410
150983,4-3-6,232.8
150983,5-3-6,994.2
150983,6-3-5,3566
150983,1-5-2,25.3
150983,2-5-1,97
150983,3-5-1,306.1
150983,4-5-1,23.8
150983,5-4-1,71.3
150983,6-4-1,1812
150983,1-5-3,59.8
150983,2-5-3,211.9
150983,3-5-2,326.3
150983,4-5-2,21.9
150983,5-4-2,77
150983,6-4-2,1841
150983,1-5-4,26
150983,2-5-4,79.4
150983,3-5-4,277.7
150983,4-5-3,81.8
150983,5-4-3,264.1
150983,6-4-3,2403
150983,1-5-6,123.3
150983,2-5-6,348
150983,3-5-6,733.1
150983,4-5-6,35.1
150983,5-4-6,116.4
150983,6-4-5,1077
150983,1-6-2,403
150983,2-6-1,864.2
150983,3-6-1,1325
150983,4-6-1,187.6
150983,5-6-1,540.1
150983,6-5-1,2129
150983,1-6-3,479
150983,2-6-3,1208
150983,3-6-2,1497
150983,4-6-2,125.2
150983,5-6-2,446.2
150983,6-5-2,2674
150983,1-6-4,437.5
150983,2-6-4,781.5
150983,3-6-4,1231
150983,4-6-3,383.7
150983,5-6-3,1080
150983,6-5-3,3942
150983,1-6-5,404.8
150983,2-6-5,974.8
150983,3-6-5,1357
150983,4-6-5,136.6
150983,5-6-4,390.7
150983,6-5-4,1120
150984,1-2-3,8.9
150984,2-1-3,39.5
150984,3-1-2,38
150984,4-1-2,43.2
150984,5-1-2,195.2
150984,6-1-2,1349
150984,1-2-4,7.5
150984,2-1-4,30.2
150984,3-1-4,27.2
150984,4-1-3,47
150984,5-1-3,220
150984,6-1-3,2571
150984,1-2-5,30.4
150984,2-1-5,88.3
150984,3-1-5,70.4
150984,4-1-5,62.6
150984,5-1-4,159.3
150984,6-1-4,2707
150984,1-2-6,302.5
150984,2-1-6,697.3
150984,3-1-6,646.4
150984,4-1-6,432.5
150984,5-1-6,584.8
150984,6-1-5,3027
150984,1-3-2,9.5
150984,2-3-1,88
150984,3-2-1,77
150984,4-2-1,80.3
150984,5-2-1,313.7
150984,6-2-1,1307
150984,1-3-4,8.7
150984,2-3-4,104.4
150984,3-2-4,80.2
150984,4-2-3,129
150984,5-2-3,444.6
150984,6-2-3,2950
150984,1-3-5,26.7
150984,2-3-5,238.5
150984,3-2-5,194.6
150984,4-2-5,146.3
150984,5-2-4,281.4
150984,6-2-4,3152
150984,1-3-6,416.8
150984,2-3-6,1504
150984,3-2-6,1106
150984,4-2-6,713.5
150984,5-2-6,1050
150984,6-2-5,3287
150984,1-4-2,10.8
150984,2-4-1,73.4
150984,3-4-1,40.6
150984,4-3-1,78.7
150984,5-3-1,309
150984,6-3-1,3384
150984,1-4-3,11.9
150984,2-4-3,115.2
150984,3-4-2,72.8
150984,4-3-2,116.6
150984,5-3-2,463
150984,6-3-2,4109
150984,1-4-5,28.8
150984,2-4-5,177.4
150984,3-4-5,94.6
150984,4-3-5,142.7
150984,5-3-4,305.8
150984,6-3-4,2841
150984,1-4-6,285.8
150984,2-4-6,806
150984,3-4-6,640.1
150984,4-3-6,941.1
150984,5-3-6,1411
150984,6-3-5,4341
150984,1-5-2,69.7
150984,2-5-1,290.9
150984,3-5-1,167.1
150984,4-5-1,77.7
150984,5-4-1,170.8
150984,6-4-1,2691
150984,1-5-3,73.6
150984,2-5-3,442.5
150984,3-5-2,281.4
150984,4-5-2,114.5
150984,5-4-2,228.9
150984,6-4-2,3027
150984,1-5-4,72.5
150984,2-5-4,352.6
150984,3-5-4,200.3
150984,4-5-3,142
150984,5-4-3,263.5
150984,6-4-3,3595
150984,1-5-6,433.3
150984,2-5-6,1609
150984,3-5-6,1224
150984,4-5-6,359.5
150984,5-4-6,622.7
150984,6-4-5,3174
150984,1-6-2,784
150984,2-6-1,1661
150984,3-6-1,2181
150984,4-6-1,1072
150984,5-6-1,1189
150984,6-5-1,3486
150984,1-6-3,1048
150984,2-6-3,3264
150984,3-6-2,2806
150984,4-6-2,1311
150984,5-6-2,1643
150984,6-5-2,3567
150984,1-6-4,1022
150984,2-6-4,2063
150984,3-6-4,2009
150984,4-6-3,1933
150984,5-6-3,1756
150984,6-5-3,4072
150984,1-6-5,1192
150984,2-6-5,3068
150984,3-6-5,2267
150984,4-6-5,943.1
150984,5-6-4,1230
150984,6-5-4,3384
150985,1-2-3,8.4
150985,2-1-3,41.1
150985,3-1-2,77.1
150985,4-1-2,281.3
150985,5-1-2,131
150985,6-1-2,65.8
150985,1-2-4,29.4
150985,2-1-4,91.7
150985,3-1-4,139.6
150985,4-1-3,406.9
150985,5-1-3,331.3
150985,6-1-3,105.7
150985,1-2-5,20.1
150985,2-1-5,54.8
150985,3-1-5,116
150985,4-1-5,300.8
150985,5-1-4,350.5
150985,6-1-4,229.5
150985,1-2-6,9.7
150985,2-1-6,29.4
150985,3-1-6,68.6
150985,4-1-6,158.1
150985,5-1-6,87.3
150985,6-1-5,140.7
150985,1-3-2,10.3
150985,2-3-1,98.5
150985,3-2-1,125.9
150985,4-2-1,425.2
150985,5-2-1,206.6
150985,6-2-1,122.1
150985,1-3-4,30.4
150985,2-3-4,284.1
150985,3-2-4,364
150985,4-2-3,838.2
150985,5-2-3,624.1
150985,6-2-3,274.8
150985,1-3-5,20.4
150985,2-3-5,227.7
150985,3-2-5,270.2
150985,4-2-5,454.5
150985,5-2-4,687.2
150985,6-2-4,488.2
150985,1-3-6,10.8
150985,2-3-6,138.1
150985,3-2-6,192.1
150985,4-2-6,244.3
150985,5-2-6,167.8
150985,6-2-5,207.5
150985,1-4-2,65.9
150985,2-4-1,317.5
150985,3-4-1,301.6
150985,4-3-1,565.7
150985,5-3-1,593.4
150985,6-3-1,245
150985,1-4-3,73.2
150985,2-4-3,508.2
150985,3-4-2,594.3
150985,4-3-2,912
150985,5-3-2,747.4
150985,6-3-2,387.3
150985,1-4-5,102
150985,2-4-5,509.9
150985,3-4-5,505.2
150985,4-3-5,902.5
150985,5-3-4,1208
150985,6-3-4,597.5
150985,1-4-6,57.2
150985,2-4-6,273.2
150985,3-4-6,301.8
150985,4-3-6,508.2
150985,5-3-6,439.4
150985,6-3-5,575.4
150985,1-5-2,46.1
150985,2-5-1,182.1
150985,3-5-1,297.9
150985,4-5-1,292.5
150985,5-4-1,417.8
150985,6-4-1,381.6
150985,1-5-3,57.9
150985,2-5-3,452.2
150985,3-5-2,475.9
150985,4-5-2,379.9
150985,5-4-2,575.4
150985,6-4-2,448.4
150985,1-5-4,129
150985,2-5-4,657.1
150985,3-5-4,666.1
150985,4-5-3,848
150985,5-4-3,1257
150985,6-4-3,785.2
150985,1-5-6,40.6
150985,2-5-6,156.4
150985,3-5-6,304.8
150985,4-5-6,166.8
150985,5-4-6,248
150985,6-4-5,388.4
150985,1-6-2,18
150985,2-6-1,84.5
150985,3-6-1,154.7
150985,4-6-1,179.3
150985,5-6-1,123.9
150985,6-5-1,178.5
150985,1-6-3,22.8
150985,2-6-3,218.9
150985,3-6-2,235.9
150985,4-6-2,208.4
150985,5-6-2,157.5
150985,6-5-2,213.4
150985,1-6-4,62.6
150985,2-6-4,296.7
150985,3-6-4,358.3
150985,4-6-3,451.7
150985,5-6-3,364.3
150985,6-5-3,513
150985,1-6-5,42.4
150985,2-6-5,140.7
150985,3-6-5,294.1
150985,4-6-5,169
150985,5-6-4,303.7
150985,6-5-4,474.9
150986,1-2-3,0
150986,2-1-3,0
150986,3-1-2,0
150986,4-1-2,84.3
150986,5-1-2,36.7
150986,6-1-2,116
150986,1-2-4,6.4
150986,2-1-4,38.1
150986,3-1-4,0
150986,4-1-3,0
150986,5-1-3,0
150986,6-1-3,0
150986,1-2-5,5.5
150986,2-1-5,27.3
150986,3-1-5,0
150986,4-1-5,87.2
150986,5-1-4,81.9
150986,6-1-4,153.6
150986,1-2-6,15.1
150986,2-1-6,59.1
150986,3-1-6,0
150986,4-1-6,105.5
150986,5-1-6,46.2
150986,6-1-5,119.9
150986,1-3-2,0
150986,2-3-1,0
150986,3-2-1,0
150986,4-2-1,191.3
150986,5-2-1,66.9
150986,6-2-1,189.3
150986,1-3-4,0
150986,2-3-4,0
150986,3-2-4,0
150986,4-2-3,0
150986,5-2-3,0
150986,6-2-3,0
150986,1-3-5,0
150986,2-3-5,0
150986,3-2-5,0
150986,4-2-5,252
150986,5-2-4,141.6
150986,6-2-4,333.8
150986,1-3-6,0
150986,2-3-6,0
150986,3-2-6,0
150986,4-2-6,350.9
150986,5-2-6,85.3
150986,6-2-5,201.3
150986,1-4-2,10
150986,2-4-1,116.3
150986,3-4-1,0
150986,4-3-1,0
150986,5-3-1,0
150986,6-3-1,0
150986,1-4-3,0
150986,2-4-3,0
150986,3-4-2,0
150986,4-3-2,0
150986,5-3-2,0
150986,6-3-2,0
150986,1-4-5,13.3
150986,2-4-5,169.9
150986,3-4-5,0
150986,4-3-5,0
150986,5-3-4,0
150986,6-3-4,0
150986,1-4-6,21.4
150986,2-4-6,242.1
150986,3-4-6,0
150986,4-3-6,0
150986,5-3-6,0
150986,6-3-5,0
150986,1-5-2,9.1
150986,2-5-1,68.8
150986,3-5-1,0
150986,4-5-1,151.6
150986,5-4-1,167
150986,6-4-1,274.4
150986,1-5-3,0
150986,2-5-3,0
150986,3-5-2,0
150986,4-5-2,268.3
150986,5-4-2,253.3
150986,6-4-2,427.7
150986,1-5-4,16.9
150986,2-5-4,158.8
150986,3-5-4,0
150986,4-5-3,0
150986,5-4-3,0
150986,6-4-3,0
150986,1-5-6,20.2
150986,2-5-6,137.9
150986,3-5-6,0
150986,4-5-6,229.5
150986,5-4-6,219.1
150986,6-4-5,396.6
150986,1-6-2,30.9
150986,2-6-1,163.2
150986,3-6-1,0
150986,4-6-1,223
150986,5-6-1,63.5
150986,6-5-1,147.7
150986,1-6-3,0
150986,2-6-3,0
150986,3-6-2,0
150986,4-6-2,386.6
150986,5-6-2,79.9
150986,6-5-2,178.6
150986,1-6-4,43.9
150986,2-6-4,326.3
150986,3-6-4,0
150986,4-6-3,0
150986,5-6-3,0
150986,6-5-3,0
150986,1-6-5,41.8
150986,2-6-5,206.8
150986,3-6-5,0
150986,4-6-5,332
150986,5-6-4,169.5
150986,6-5-4,317.8
150987,1-2-3,6.5
150987,2-1-3,44
150987,3-1-2,39.9
150987,4-1-2,67.3
150987,5-1-2,151.2
150987,6-1-2,921.8
150987,1-2-4,9.1
150987,2-1-4,39.1
150987,3-1-4,40.3
150987,4-1-3,110.5
150987,5-1-3,154.8
150987,6-1-3,1378
150987,1-2-5,14.7
150987,2-1-5,66
150987,3-1-5,37.6
150987,4-1-5,112.2
150987,5-1-4,206.3
150987,6-1-4,1234
150987,1-2-6,49.8
150987,2-1-6,190.9
150987,3-1-6,136
150987,4-1-6,232.3
150987,5-1-6,273.1
150987,6-1-5,1534
150987,1-3-2,8.8
150987,2-3-1,109.9
150987,3-2-1,104.9
150987,4-2-1,113.3
150987,5-2-1,266.7
150987,6-2-1,1059
150987,1-3-4,12.8
150987,2-3-4,191.1
150987,3-2-4,173.8
150987,4-2-3,257.8
150987,5-2-3,501.3
150987,6-2-3,2498
150987,1-3-5,13.9
150987,2-3-5,217.5
150987,3-2-5,162.4
150987,4-2-5,271.3
150987,5-2-4,648.4
150987,6-2-4,1719
150987,1-3-6,56.6
150987,2-3-6,618.9
150987,3-2-6,423.6
150987,4-2-6,467.9
150987,5-2-6,793.9
150987,6-2-5,2275
150987,1-4-2,18.1
150987,2-4-1,103.4
150987,3-4-1,107.9
150987,4-3-1,239.6
150987,5-3-1,244.3
150987,6-3-1,1526
150987,1-4-3,24.5
150987,2-4-3,211
150987,3-4-2,175.5
150987,4-3-2,336.6
150987,5-3-2,443.5
150987,6-3-2,2720
150987,1-4-5,34.9
150987,2-4-5,259.9
150987,3-4-5,162.9
150987,4-3-5,364.7
150987,5-3-4,579
150987,6-3-4,2209
150987,1-4-6,81.1
150987,2-4-6,453
150987,3-4-6,341.9
150987,4-3-6,595.4
150987,5-3-6,707.6
150987,6-3-5,2081
150987,1-5-2,25.8
150987,2-5-1,219.9
150987,3-5-1,103.8
150987,4-5-1,186.9
150987,5-4-1,371.6
150987,6-4-1,1561
150987,1-5-3,26.2
150987,2-5-3,384.2
150987,3-5-2,196.3
150987,4-5-2,285.4
150987,5-4-2,581.8
150987,6-4-2,1980
150987,1-5-4,47.1
150987,2-5-4,474.4
150987,3-5-4,217.5
150987,4-5-3,355.2
150987,5-4-3,698.7
150987,6-4-3,2561
150987,1-5-6,76
150987,2-5-6,715.9
150987,3-5-6,333.5
150987,4-5-6,296.7
150987,5-4-6,574.2
150987,6-4-5,1526
150987,1-6-2,160.3
150987,2-6-1,780.7
150987,3-6-1,531.3
150987,4-6-1,604.8
150987,5-6-1,683.1
150987,6-5-1,1565
150987,1-6-3,204.9
150987,2-6-3,1537
150987,3-6-2,944.6
150987,4-6-2,797
150987,5-6-2,1011
150987,6-5-2,2267
150987,1-6-4,248.2
150987,2-6-4,1234
150987,3-6-4,813.9
150987,4-6-3,1010
150987,5-6-3,1051
150987,6-5-3,1924
150987,1-6-5,211.2
150987,2-6-5,1296
150987,3-6-5,661.7
150987,4-6-5,621.4
150987,5-6-4,844.2
150987,6-5-4,1447
150988,1-2-3,9.7
150988,2-1-3,32.5
150988,3-1-2,82.1
150988,4-1-2,172.3
150988,5-1-2,33.9
150988,6-1-2,315.3
150988,1-2-4,16.1
150988,2-1-4,43.9
150988,3-1-4,193.2
150988,4-1-3,360.4
150988,5-1-3,79.9
150988,6-1-3,612.1
150988,1-2-5,7.7
150988,2-1-5,21.2
150988,3-1-5,125.5
150988,4-1-5,155.3
150988,5-1-4,80.5
150988,6-1-4,610.1
150988,1-2-6,25.2
150988,2-1-6,68.7
150988,3-1-6,242.3
150988,4-1-6,260.7
150988,5-1-6,65.3
150988,6-1-5,368.3
150988,1-3-2,16
150988,2-3-1,91
150988,3-2-1,115.6
150988,4-2-1,255.1
150988,5-2-1,56.7
150988,6-2-1,388.9
150988,1-3-4,42.8
150988,2-3-4,164.7
150988,3-2-4,245
150988,4-2-3,518.8
150988,5-2-3,130.2
150988,6-2-3,900.3
150988,1-3-5,21.6
150988,2-3-5,98.3
150988,3-2-5,162.9
150988,4-2-5,258.9
150988,5-2-4,152.9
150988,6-2-4,917.1
150988,1-3-6,55.1
150988,2-3-6,244.1
150988,3-2-6,308.1
150988,4-2-6,398.6
150988,5-2-6,110
150988,6-2-5,466.9
150988,1-4-2,35.6
150988,2-4-1,145.5
150988,3-4-1,420.9
150988,4-3-1,589.6
150988,5-3-1,237.3
150988,6-3-1,1141
150988,1-4-3,72
150988,2-4-3,232.2
150988,3-4-2,424.7
150988,4-3-2,666.9
150988,5-3-2,235.4
150988,6-3-2,1299
150988,1-4-5,41.4
150988,2-4-5,141.9
150988,3-4-5,426.7
150988,4-3-5,700.4
150988,5-3-4,510.9
150988,6-3-4,1522
150988,1-4-6,71.3
150988,2-4-6,279.2
150988,3-4-6,706.4
150988,4-3-6,744.9
150988,5-3-6,373.9
150988,6-3-5,1281
150988,1-5-2,13.1
150988,2-5-1,45.9
150988,3-5-1,225.4
150988,4-5-1,152.5
150988,5-4-1,167.5
150988,6-4-1,986.9
150988,1-5-3,26
150988,2-5-3,84.6
150988,3-5-2,219.1
150988,4-5-2,190.6
150988,5-4-2,197
150988,6-4-2,1141
150988,1-5-4,42.5
150988,2-5-4,114
150988,3-5-4,455.4
150988,4-5-3,483.1
150988,5-4-3,445.2
150988,6-4-3,1430
150988,1-5-6,35
150988,2-5-6,100.7
150988,3-5-6,494.1
150988,4-5-6,192
150988,5-4-6,188.5
150988,6-4-5,900.3
150988,1-6-2,81.3
150988,2-6-1,260.2
150988,3-6-1,709.1
150988,4-6-1,442.8
150988,5-6-1,135.9
150988,6-5-1,412.4
150988,1-6-3,154.5
150988,2-6-3,516.9
150988,3-6-2,757.9
150988,4-6-2,554.6
150988,5-6-2,165.4
150988,6-5-2,461.9
150988,1-6-4,163.2
150988,2-6-4,490.5
150988,3-6-4,1295
150988,4-6-3,730.2
150988,5-6-3,334.2
150988,6-5-3,980.4
150988,1-6-5,96.6
150988,2-6-5,238.2
150988,3-6-5,985.6
150988,4-6-5,322.6
150988,5-6-4,244.5
150988,6-5-4,731.6
150989,1-2-3,5.6
150989,2-1-3,14.5
150989,3-1-2,32.2
150989,4-1-2,66.6
150989,5-1-2,290.8
150989,6-1-2,268.2
150989,1-2-4,9.2
150989,2-1-4,19.6
150989,3-1-4,65.1
150989,4-1-3,115.7
150989,5-1-3,343.9
150989,6-1-3,395.1
150989,1-2-5,28.4
150989,2-1-5,52.9
150989,3-1-5,132
150989,4-1-5,133.7
150989,5-1-4,374.4
150989,6-1-4,453
150989,1-2-6,30.5
150989,2-1-6,51.9
150989,3-1-6,140.9
150989,4-1-6,158.9
150989,5-1-6,530.9
150989,6-1-5,678.8
150989,1-3-2,10.3
150989,2-3-1,28.1
150989,3-2-1,42.1
150989,4-2-1,108.5
150989,5-2-1,356.3
150989,6-2-1,317.5
150989,1-3-4,19.7
150989,2-3-4,54
150989,3-2-4,86.6
150989,4-2-3,174.1
150989,5-2-3,472.7
150989,6-2-3,469.5
150989,1-3-5,41.7
150989,2-3-5,131.8
150989,3-2-5,225
150989,4-2-5,270.3
150989,5-2-4,528.2
150989,6-2-4,588.2
150989,1-3-6,44.8
150989,2-3-6,133.7
150989,3-2-6,201.6
150989,4-2-6,249.4
150989,5-2-6,755.6
150989,6-2-5,845.1
150989,1-4-2,22.6
150989,2-4-1,63.1
150989,3-4-1,156.6
150989,4-3-1,216.8
150989,5-3-1,575.1
150989,6-3-1,542
150989,1-4-3,32.7
150989,2-4-3,85.1
150989,3-4-2,161.8
150989,4-3-2,235.2
150989,5-3-2,537.8
150989,6-3-2,647
150989,1-4-5,61.3
150989,2-4-5,203.3
150989,3-4-5,377.1
150989,4-3-5,482.6
150989,5-3-4,866.3
150989,6-3-4,834.9
150989,1-4-6,55.6
150989,2-4-6,164.7
150989,3-4-6,341.6
150989,4-3-6,441.4
150989,5-3-6,1176
150989,6-3-5,1051
150989,1-5-2,62.4
150989,2-5-1,223.6
150989,3-5-1,341.6
150989,4-5-1,205.8
150989,5-4-1,503.7
150989,6-4-1,667.9
150989,1-5-3,73.3
150989,2-5-3,269.6
150989,3-5-2,367.1
150989,4-5-2,270.6
150989,5-4-2,687.9
150989,6-4-2,766.8
150989,1-5-4,97.1
150989,2-5-4,359.4
150989,3-5-4,556.6
150989,4-5-3,402.8
150989,5-4-3,908.1
150989,6-4-3,920.2
150989,1-5-6,121.3
150989,2-5-6,440.5
150989,3-5-6,661.5
150989,4-5-6,292.8
150989,5-4-6,701.8
150989,6-4-5,1056
150989,1-6-2,95.4
150989,2-6-1,241.6
150989,3-6-1,361.9
150989,4-6-1,330.2
150989,5-6-1,862.7
150989,6-5-1,1051
150989,1-6-3,124.5
150989,2-6-3,298.7
150989,3-6-2,397.4
150989,4-6-2,337.7
150989,5-6-2,963
150989,6-5-2,1210
150989,1-6-4,127.8
150989,2-6-4,332.3
150989,3-6-4,508.7
150989,4-6-3,487.1
150989,5-6-3,1095
150989,6-5-3,1225
150989,1-6-5,217.9
150989,2-6-5,579.9
150989,3-6-5,778.4
150989,4-6-5,414.9
150989,5-6-4,852
150989,6-5-4,1056
150990,1-2-3,9.3
150990,2-1-3,26.1
150990,3-1-2,61.4
150990,4-1-2,81.9
150990,5-1-2,204.5
150990,6-1-2,147.5
150990,1-2-4,9
150990,2-1-4,26.2
150990,3-1-4,65.4
150990,4-1-3,103.3
150990,5-1-3,245.4
150990,6-1-3,246.5
150990,1-2-5,22.9
150990,2-1-5,54.8
150990,3-1-5,104.8
150990,4-1-5,97.4
150990,5-1-4,205.2
150990,6-1-4,263.2
150990,1-2-6,29.3
150990,2-1-6,58.2
150990,3-1-6,173.6
150990,4-1-6,249.2
150990,5-1-6,402.2
150990,6-1-5,355.7
150990,1-3-2,15.7
150990,2-3-1,45.8
150990,3-2-1,81.4
150990,4-2-1,138.4
150990,5-2-1,300
150990,6-2-1,171.8
150990,1-3-4,15.6
150990,2-3-4,56.1
150990,3-2-4,104.2
150990,4-2-3,259
150990,5-2-3,498
150990,6-2-3,299
150990,1-3-5,28.3
150990,2-3-5,87.5
150990,3-2-5,146
150990,4-2-5,288.5
150990,5-2-4,504.5
150990,6-2-4,355.7
150990,1-3-6,40.7
150990,2-3-6,91.4
150990,3-2-6,171.3
150990,4-2-6,409.9
150990,5-2-6,818.2
150990,6-2-5,527.2
150990,1-4-2,15.5
150990,2-4-1,59.8
150990,3-4-1,114.1
150990,4-3-1,153.1
150990,5-3-1,409.5
150990,6-3-1,392.9
150990,1-4-3,20.3
150990,2-4-3,93.4
150990,3-4-2,184.8
150990,4-3-2,241.4
150990,5-3-2,526.5
150990,6-3-2,438.2
150990,1-4-5,23
150990,2-4-5,121
150990,3-4-5,259.3
150990,4-3-5,401.8
150990,5-3-4,666.1
150990,6-3-4,615.2
150990,1-4-6,47.1
150990,2-4-6,134.9
150990,3-4-6,226.9
150990,4-3-6,594.4
150990,5-3-6,1043
150990,6-3-5,716.6
150990,1-5-2,47.8
150990,2-5-1,157.7
150990,3-5-1,249.8
150990,4-5-1,168.4
150990,5-4-1,258.1
150990,6-4-1,513.2
150990,1-5-3,50.5
150990,2-5-3,212.4
150990,3-5-2,337.4
150990,4-5-2,306.1
150990,5-4-2,467.4
150990,6-4-2,581.9
150990,1-5-4,46.4
150990,2-5-4,229.5
150990,3-5-4,367.5
150990,4-5-3,407.8
150990,5-4-3,531.6
150990,6-4-3,781.8
150990,1-5-6,104.8
150990,2-5-6,328.5
150990,3-5-6,598.1
150990,4-5-6,410.4
150990,5-4-6,663.8
150990,6-4-5,775.5
150990,1-6-2,74.8
150990,2-6-1,131.9
150990,3-6-1,343.4
150990,4-6-1,476.6
150990,5-6-1,750
150990,6-5-1,619.2
150990,1-6-3,102.3
150990,2-6-3,214.4
150990,3-6-2,390.9
150990,4-6-2,502.6
150990,5-6-2,1005
150990,6-5-2,846.8
150990,1-6-4,113.1
150990,2-6-4,255.6
150990,3-6-4,465.1
150990,4-6-3,785
150990,5-6-3,1108
150990,6-5-3,895.8
150990,1-6-5,171.2
150990,2-6-5,414.8
150990,3-6-5,590.8
150990,4-6-5,653.7
150990,5-6-4,941.6
150990,6-5-4,863.8
151027,1-2-3,4.7
151027,2-1-3,229.7
151027,3-1-2,218.5
151027,4-1-2,198.2
151027,5-1-2,186.1
151027,6-1-2,1291
151027,1-2-4,5.4
151027,2-1-4,256
151027,3-1-4,188.6
151027,4-1-3,324.1
151027,5-1-3,300.1
151027,6-1-3,2583
151027,1-2-5,8.8
151027,2-1-5,277.6
151027,3-1-5,203.9
151027,4-1-5,164.2
151027,5-1-4,209.4
151027,6-1-4,2243
151027,1-2-6,92.9
151027,2-1-6,991.3
151027,3-1-6,1375
151027,4-1-6,916.7
151027,5-1-6,734.9
151027,6-1-5,1776
151027,1-3-2,7.4
151027,2-3-1,698.7
151027,3-2-1,671.2
151027,4-2-1,592
151027,5-2-1,400.2
151027,6-2-1,2029
151027,1-3-4,8.1
151027,2-3-4,1495
151027,3-2-4,1444
151027,4-2-3,1353
151027,5-2-3,1375
151027,6-2-3,4059
151027,1-3-5,9.8
151027,2-3-5,1420
151027,3-2-5,1671
151027,4-2-5,991.3
151027,5-2-4,1065
151027,6-2-4,4059
151027,1-3-6,204.9
151027,2-3-6,3157
151027,3-2-6,2750
151027,4-2-6,4059
151027,5-2-6,3278
151027,6-2-5,5683
151027,1-4-2,13.8
151027,2-4-1,775
151027,3-4-1,487.1
151027,4-3-1,796.7
151027,5-3-1,645.8
151027,6-3-1,5683
151027,1-4-3,16.9
151027,2-4-3,1167
151027,3-4-2,1107
151027,4-3-2,1550
151027,5-3-2,1578
151027,6-3-2,7104
151027,1-4-5,17.1
151027,2-4-5,1420
151027,3-4-5,819.7
151027,4-3-5,1522
151027,5-3-4,2131
151027,6-3-4,5328
151027,1-4-6,180.2
151027,2-4-6,2939
151027,3-4-6,2750
151027,4-3-6,4487
151027,5-3-6,4262
151027,6-3-5,8525
151027,1-5-2,19.4
151027,2-5-1,510.4
151027,3-5-1,645.8
151027,4-5-1,285.1
151027,5-4-1,304.4
151027,6-4-1,3044
151027,1-5-3,24
151027,2-5-3,1522
151027,3-5-2,1217
151027,4-5-2,523
151027,5-4-2,722.4
151027,6-4-2,4059
151027,1-5-4,29.3
151027,2-5-4,1332
151027,3-5-4,1217
151027,4-5-3,916.7
151027,5-4-3,1495
151027,6-4-3,4736
151027,1-5-6,171.5
151027,2-5-6,2243
151027,3-5-6,4487
151027,4-5-6,1052
151027,5-4-6,2029
151027,6-4-5,4736
151027,1-6-2,415.8
151027,2-6-1,3278
151027,3-6-1,4487
151027,4-6-1,2435
151027,5-6-1,1152
151027,6-5-1,2131
151027,1-6-3,734.9
151027,2-6-3,3410
151027,3-6-2,5014
151027,4-6-2,4736
151027,5-6-2,2939
151027,6-5-2,5014
151027,1-6-4,626.8
151027,2-6-4,5683
151027,3-6-4,4487
151027,4-6-3,4262
151027,5-6-3,4487
151027,6-5-3,6089
151027,1-6-5,489.9
151027,2-6-5,5683
151027,3-6-5,5014
151027,4-6-5,3044
151027,5-6-4,3278
151027,6-5-4,4487
151028,1-2-3,27.1
151028,2-1-3,15.4
151028,3-1-2,71.6
151028,4-1-2,249
151028,5-1-2,1911
151028,6-1-2,559.1
151028,1-2-4,47.6
151028,2-1-4,17.7
151028,3-1-4,109.3
151028,4-1-3,331.1
151028,5-1-3,1911
151028,6-1-3,714
151028,1-2-5,296.3
151028,2-1-5,175.8
151028,3-1-5,389.9
151028,4-1-5,623.8
151028,5-1-4,2370
151028,6-1-4,1261
151028,1-2-6,122.9
151028,2-1-6,36.6
151028,3-1-6,143.1
151028,4-1-6,408.7
151028,5-1-6,1795
151028,6-1-5,2822
151028,1-3-2,39.4
151028,2-3-1,17.1
151028,3-2-1,52.1
151028,4-2-1,138.4
151028,5-2-1,1317
151028,6-2-1,346.5
151028,1-3-4,86
151028,2-3-4,6.2
151028,3-2-4,24.4
151028,4-2-3,49.9
151028,5-2-3,372.7
151028,6-2-3,207.2
151028,1-3-5,417.3
151028,2-3-5,52.3
151028,3-2-5,97.1
151028,4-2-5,359.1
151028,5-2-4,769.7
151028,6-2-4,327.4
151028,1-3-6,206.5
151028,2-3-6,9
151028,3-2-6,30.9
151028,4-2-6,57.7
151028,5-2-6,1097
151028,6-2-5,779.8
151028,1-4-2,124.2
151028,2-4-1,27.3
151028,3-4-1,100.6
151028,4-3-1,270.6
151028,5-3-1,1411
151028,6-3-1,658.5
151028,1-4-3,158.8
151028,2-4-3,9.6
151028,3-4-2,46.2
151028,4-3-2,80.1
151028,5-3-2,392.4
151028,6-3-2,310.2
151028,1-4-5,800.9
151028,2-4-5,83.8
151028,3-4-5,286.3
151028,4-3-5,498
151028,5-3-4,1481
151028,6-3-4,502.2
151028,1-4-6,289.1
151028,2-4-6,14
151028,3-4-6,75.2
151028,4-3-6,148.1
151028,5-3-6,1743
151028,6-3-5,1288
151028,1-5-2,651.2
151028,2-5-1,389.9
151028,3-5-1,623.8
151028,4-5-1,1646
151028,5-4-1,2963
151028,6-4-1,1139
151028,1-5-3,779.8
151028,2-5-3,163.7
151028,3-5-2,207.2
151028,4-5-2,740.8
151028,5-4-2,1378
151028,6-4-2,459.4
151028,1-5-4,846.6
151028,2-5-4,287.7
151028,3-5-4,485.7
151028,4-5-3,759.8
151028,5-4-3,1852
151028,6-4-3,697.2
151028,1-5-6,1346
151028,2-5-6,232.4
151028,3-5-6,455.9
151028,4-5-6,569.8
151028,5-4-6,1021
151028,6-4-5,1261
151028,1-6-2,245.9
151028,2-6-1,70.7
151028,3-6-1,193
151028,4-6-1,377.4
151028,5-6-1,1646
151028,6-5-1,2043
151028,1-6-3,320.3
151028,2-6-3,30.2
151028,3-6-2,98.4
151028,4-6-2,200.2
151028,5-6-2,1519
151028,6-5-2,1097
151028,1-6-4,359.1
151028,2-6-4,40.5
151028,3-6-4,151.9
151028,4-6-3,280.8
151028,5-6-3,1646
151028,6-5-3,1139
151028,1-6-5,2195
151028,2-6-5,222.8
151028,3-6-5,445.6
151028,4-6-5,689.1
151028,5-6-4,1911
151028,6-5-4,1118
151029,1-2-3,28.1
151029,2-1-3,30.1
151029,3-1-2,23.5
151029,4-1-2,354.2
151029,5-1-2,1109
151029,6-1-2,610.9
151029,1-2-4,68.9
151029,2-1-4,81.6
151029,3-1-4,12.8
151029,4-1-3,158.1
151029,5-1-3,748.2
151029,6-1-3,449.9
151029,1-2-5,159.3
151029,2-1-5,203
151029,3-1-5,32.2
151029,4-1-5,321.7
151029,5-1-4,899.9
151029,6-1-4,672.6
151029,1-2-6,127.8
151029,2-1-6,135
151029,3-1-6,17.4
151029,4-1-6,268.5
151029,5-1-6,832.4
151029,6-1-5,1387
151029,1-3-2,24.2
151029,2-3-1,35.8
151029,3-2-1,34.7
151029,4-2-1,438.1
151029,5-2-1,1210
151029,6-2-1,1168
151029,1-3-4,18.9
151029,2-3-4,29.3
151029,3-2-4,20.7
151029,4-2-3,127.8
151029,5-2-3,864.8
151029,6-2-3,334.6
151029,1-3-5,52.3
151029,2-3-5,73.8
151029,3-2-5,52.7
151029,4-2-5,537
151029,5-2-4,1109
151029,6-2-4,646.5
151029,1-3-6,31.6
151029,2-3-6,59.6
151029,3-2-6,28.6
151029,4-2-6,363.9
151029,5-2-6,1707
151029,6-2-5,1707
151029,1-4-2,93
151029,2-4-1,163.2
151029,3-4-1,22.1
151029,4-3-1,141.6
151029,5-3-1,731.8
151029,6-3-1,380.5
151029,1-4-3,46.3
151029,2-4-3,57.5
151029,3-4-2,23.7
151029,4-3-2,103.7
151029,5-3-2,616.6
151029,6-3-2,285.8
151029,1-4-5,173.4
151029,2-4-5,302.7
151029,3-4-5,31.6
151029,4-3-5,133.9
151029,5-3-4,610.9
151029,6-3-4,184.4
151029,1-4-6,107.4
151029,2-4-6,175.2
151029,3-4-6,11.4
151029,4-3-6,83.1
151029,5-3-6,665.9
151029,6-3-5,559.6
151029,1-5-2,352.3
151029,2-5-1,453
151029,3-5-1,105.5
151029,4-5-1,622.3
151029,5-4-1,1305
151029,6-4-1,792.7
151029,1-5-3,198.7
151029,2-5-3,245.7
151029,3-5-2,96.2
151029,4-5-2,659.3
151029,5-4-2,1664
151029,6-4-2,622.3
151029,1-5-4,339.7
151029,2-5-4,512.2
151029,3-5-4,67
151029,4-5-3,318.6
151029,5-4-3,812.1
151029,6-4-3,244.8
151029,1-5-6,640.3
151029,2-5-6,672.6
151029,3-5-6,68.5
151029,4-5-6,432.4
151029,5-4-6,1040
151029,6-4-5,965.1
151029,1-6-2,304
151029,2-6-1,323.2
151029,3-6-1,45.1
151029,4-6-1,408.5
151029,5-6-1,1057
151029,6-5-1,1849
151029,1-6-3,172
151029,2-6-3,186.5
151029,3-6-2,41.6
151029,4-6-2,358
151029,5-6-2,1664
151029,6-5-2,1513
151029,1-6-4,257.1
151029,2-6-4,328
151029,3-6-4,25.2
151029,4-6-3,168.1
151029,5-6-3,912.2
151029,6-5-3,812.1
151029,1-6-5,545.8
151029,2-6-5,559.6
151029,3-6-5,59.8
151029,4-6-5,554.9
151029,5-6-4,1233
151029,6-5-4,1074
151030,1-2-3,6.9
151030,2-1-3,10.8
151030,3-1-2,158.1
151030,4-1-2,424.5
151030,5-1-2,264.4
151030,6-1-2,125.2
151030,1-2-4,17.1
151030,2-1-4,36.4
151030,3-1-4,441.9
151030,4-1-3,1024
151030,5-1-3,768.1
151030,6-1-3,313.2
151030,1-2-5,10
151030,2-1-5,31.2
151030,3-1-5,310.2
151030,4-1-5,977.6
151030,5-1-4,1152
151030,6-1-4,871.9
151030,1-2-6,5.4
151030,2-1-6,14.1
151030,3-1-6,251
151030,4-1-6,597.4
151030,5-1-6,403.2
151030,6-1-5,566
151030,1-3-2,18.1
151030,2-3-1,29
151030,3-2-1,136.7
151030,4-2-1,413.6
151030,5-2-1,324.2
151030,6-2-1,133.8
151030,1-3-4,107
151030,2-3-4,87.9
151030,3-2-4,348.7
151030,4-2-3,561
151030,5-2-3,528.8
151030,6-2-3,212.2
151030,1-3-5,59.7
151030,2-3-5,69.8
151030,3-2-5,268.8
151030,4-2-5,1152
151030,5-2-4,896.1
151030,6-2-4,537.7
151030,1-3-6,27.6
151030,2-3-6,33.5
151030,3-2-6,170.2
151030,4-2-6,418.9
151030,5-2-6,421.7
151030,6-2-5,520.3
151030,1-4-2,49.6
151030,2-4-1,123.8
151030,3-4-1,768.1
151030,4-3-1,977.6
151030,5-3-1,1265
151030,6-3-1,451.2
151030,1-4-3,128.2
151030,2-4-3,149.7
151030,3-4-2,571
151030,4-3-2,759.1
151030,5-3-2,837.9
151030,6-3-2,388.7
151030,1-4-5,93.3
151030,2-4-5,224
151030,3-4-5,1152
151030,4-3-5,1843
151030,5-3-4,2688
151030,6-3-4,1897
151030,1-4-6,92.3
151030,2-4-6,137.2
151030,3-4-6,665.2
151030,4-3-6,1173
151030,5-3-6,2225
151030,6-3-5,1792
151030,1-5-2,35.7
151030,2-5-1,181.2
151030,3-5-1,896.1
151030,4-5-1,1372
151030,5-4-1,1654
151030,6-4-1,1240
151030,1-5-3,98.9
151030,2-5-3,187
151030,3-5-2,614.5
151030,4-5-2,1290
151030,5-4-2,1344
151030,6-4-2,849
151030,1-5-4,202.9
151030,2-5-4,386.3
151030,3-5-4,1316
151030,4-5-3,1613
151030,5-4-3,2150
151030,6-4-3,1743
151030,1-5-6,81.2
151030,2-5-6,171.6
151030,3-5-6,921.7
151030,4-5-6,1290
151030,5-4-6,1743
151030,6-4-5,2016
151030,1-6-2,27.7
151030,2-6-1,39.5
151030,3-6-1,424.5
151030,4-6-1,871.9
151030,5-6-1,626.4
151030,6-5-1,896.1
151030,1-6-3,84.7
151030,2-6-3,57
151030,3-6-2,358.4
151030,4-6-2,520.3
151030,5-6-2,528.8
151030,6-5-2,827.2
151030,1-6-4,124.3
151030,2-6-4,171.6
151030,3-6-4,992.7
151030,4-6-3,1316
151030,5-6-3,1265
151030,6-5-3,1372
151030,1-6-5,103.7
151030,2-6-5,160.5
151030,3-6-5,992.7
151030,4-6-5,1316
151030,5-6-4,1573
151030,6-5-4,1792
151031,1-2-3,4.8
151031,2-1-3,100.2
151031,3-1-2,350.7
151031,4-1-2,169
151031,5-1-2,189.8
151031,6-1-2,3284
151031,1-2-4,3.1
151031,2-1-4,57.5
151031,3-1-4,369
151031,4-1-3,452
151031,5-1-3,434.1
151031,6-1-3,5474
151031,1-2-5,5.3
151031,2-1-5,76.2
151031,3-1-5,324.1
151031,4-1-5,195.1
151031,5-1-4,298.6
151031,6-1-4,6569
151031,1-2-6,204.8
151031,2-1-6,635.7
151031,3-1-6,2189
151031,4-1-6,1059
151031,5-1-6,1005
151031,6-1-5,4927
151031,1-3-2,12.3
151031,2-3-1,439.9
151031,3-2-1,674.9
151031,4-2-1,299.5
151031,5-2-1,369
151031,6-2-1,5796
151031,1-3-4,20.5
151031,2-3-4,500.2
151031,3-2-4,1173
151031,4-2-3,1145
151031,5-2-3,1145
151031,6-2-3,6569
151031,1-3-5,26
151031,2-3-5,985.4
151031,3-2-5,956.7
151031,4-2-5,615.9
151031,5-2-4,684.3
151031,6-2-4,8958
151031,1-3-6,476
151031,2-3-6,3790
151031,3-2-6,4284
151031,4-2-6,2815
151031,5-2-6,2986
151031,6-2-5,7039
151031,1-4-2,10.3
151031,2-4-1,231.8
151031,3-4-1,856.9
151031,4-3-1,921
151031,5-3-1,1216
151031,6-3-1,5474
151031,1-4-3,30
151031,2-4-3,500.2
151031,3-4-2,2053
151031,4-3-2,2053
151031,5-3-2,1407
151031,6-3-2,4479
151031,1-4-5,22.4
151031,2-4-5,544.4
151031,3-4-5,1589
151031,4-3-5,1895
151031,5-3-4,2815
151031,6-3-4,7039
151031,1-4-6,428.4
151031,2-4-6,3284
151031,3-4-6,4479
151031,4-3-6,3941
151031,5-3-6,3790
151031,6-3-5,8958
151031,1-5-2,16.2
151031,2-5-1,315.8
151031,3-5-1,1015
151031,4-5-1,392.6
151031,5-4-1,559.9
151031,6-4-1,4479
151031,1-5-3,36.8
151031,2-5-3,1145
151031,3-5-2,1201
151031,4-5-2,604.5
151031,5-4-2,814.4
151031,6-4-2,5796
151031,1-5-4,29.3
151031,2-5-4,661.3
151031,3-5-4,1642
151031,4-5-3,1449
151031,5-4-3,2011
151031,6-4-3,8958
151031,1-5-6,428.4
151031,2-5-6,2898
151031,3-5-6,4692
151031,4-5-6,1699
151031,5-4-6,2815
151031,6-4-5,5186
151031,1-6-2,648.3
151031,2-6-1,3649
151031,3-6-1,6159
151031,4-6-1,4106
151031,5-6-1,2593
151031,6-5-1,5474
151031,1-6-3,2011
151031,2-6-3,5796
151031,3-6-2,6569
151031,4-6-2,4106
151031,5-6-2,3790
151031,6-5-2,5796
151031,1-6-4,1728
151031,2-6-4,6569
151031,3-6-4,5796
151031,4-6-3,7039
151031,5-6-3,5796
151031,6-5-3,5186
151031,1-6-5,1263
151031,2-6-5,4284
151031,3-6-5,5474
151031,4-6-5,4284
151031,5-6-4,7039
151031,6-5-4,5186
151032,1-2-3,78.2
151032,2-1-3,142.1
151032,3-1-2,144.9
151032,4-1-2,272.2
151032,5-1-2,145.3
151032,6-1-2,315.5
151032,1-2-4,133.9
151032,2-1-4,322
151032,3-1-4,134.8
151032,4-1-3,250.9
151032,5-1-3,76
151032,6-1-3,200.9
151032,1-2-5,76.7
151032,2-1-5,159.1
151032,3-1-5,63
151032,4-1-5,78.5
151032,5-1-4,83.3
151032,6-1-4,205.5
151032,1-2-6,110.6
151032,2-1-6,234.4
151032,3-1-6,87.2
151032,4-1-6,82.8
151032,5-1-6,33.7
151032,6-1-5,89.1
151032,1-3-2,68.5
151032,2-3-1,205.5
151032,3-2-1,192.2
151032,4-2-1,412.4
151032,5-2-1,239.8
151032,6-2-1,562.8
151032,1-3-4,72.6
151032,2-3-4,405.7
151032,3-2-4,346.1
151032,4-2-3,493.9
151032,5-2-3,175
151032,6-2-3,328.8
151032,1-3-5,33.6
151032,2-3-5,148.9
151032,3-2-5,112.4
151032,4-2-5,256.5
151032,5-2-4,256
151032,6-2-4,568
151032,1-3-6,47.2
151032,2-3-6,238.4
151032,3-2-6,160.8
151032,4-2-6,253.4
151032,5-2-6,123.2
151032,6-2-5,264.1
151032,1-4-2,157.7
151032,2-4-1,495.8
151032,3-4-1,242.6
151032,4-3-1,319.5
151032,5-3-1,91.8
151032,6-3-1,220
151032,1-4-3,117.4
151032,2-4-3,520.6
151032,3-4-2,344.2
151032,4-3-2,433.8
151032,5-3-2,139.6
151032,6-3-2,351
151032,1-4-5,70.1
151032,2-4-5,308.5
151032,3-4-5,76.5
151032,4-3-5,114
151032,5-3-4,84
151032,6-3-4,238.4
151032,1-4-6,85
151032,2-4-6,357
151032,3-4-6,103.1
151032,4-3-6,127.5
151032,5-3-6,42.7
151032,6-3-5,102.5
151032,1-5-2,85.7
151032,2-5-1,254.5
151032,3-5-1,65
151032,4-5-1,50.9
151032,5-4-1,58.6
151032,6-4-1,183.7
151032,1-5-3,44.2
151032,2-5-3,178.7
151032,3-5-2,79.2
151032,4-5-2,117.5
151032,5-4-2,129.4
151032,6-4-2,371.9
151032,1-5-4,60.3
151032,2-5-4,330.5
151032,3-5-4,63.1
151032,4-5-3,77.9
151032,5-4-3,73.3
151032,6-4-3,196.7
151032,1-5-6,29.8
151032,2-5-6,173.3
151032,3-5-6,34.2
151032,4-5-6,16.6
151032,5-4-6,18.3
151032,6-4-5,48.4
151032,1-6-2,155.6
151032,2-6-1,484.3
151032,3-6-1,171.1
151032,4-6-1,78.5
151032,5-6-1,28.1
151032,6-5-1,54.1
151032,1-6-3,91.8
151032,2-6-3,359
151032,3-6-2,188.7
151032,4-6-2,153.1
151032,5-6-2,64.6
151032,6-5-2,110.4
151032,1-6-4,104.7
151032,2-6-4,423.6
151032,3-6-4,145.8
151032,4-6-3,105
151032,5-6-3,35.3
151032,6-5-3,63.2
151032,1-6-5,50.2
151032,2-6-5,233.5
151032,3-6-5,56.2
151032,4-6-5,26.2
151032,5-6-4,19.2
151032,6-5-4,34.6
151033,1-2-3,17.8
151033,2-1-3,31.8
151033,3-1-2,54.2
151033,4-1-2,240.3
151033,5-1-2,54.8
151033,6-1-2,4737
151033,1-2-4,52.9
151033,2-1-4,75.4
151033,3-1-4,104.7
151033,4-1-3,295.2
151033,5-1-3,58.1
151033,6-1-3,3209
151033,1-2-5,18.1
151033,2-1-5,30.6
151033,3-1-5,44.1
151033,4-1-5,168.6
151033,5-1-4,136.2
151033,6-1-4,9948
151033,1-2-6,637.7
151033,2-1-6,802.2
151033,3-1-6,843
151033,4-1-6,1686
151033,5-1-6,540.6
151033,6-1-5,6217
151033,1-3-2,27.1
151033,2-3-1,43.2
151033,3-2-1,50.4
151033,4-2-1,289.1
151033,5-2-1,57.7
151033,6-2-1,7652
151033,1-3-4,77.4
151033,2-3-4,26
151033,3-2-4,32.2
151033,4-2-3,189.8
151033,5-2-3,28.7
151033,6-2-3,5852
151033,1-3-5,28.4
151033,2-3-5,10.3
151033,3-2-5,15.6
151033,4-2-5,126
151033,5-2-4,84
151033,6-2-4,4145
151033,1-3-6,1058
151033,2-3-6,440.1
151033,3-2-6,606.6
151033,4-2-6,1421
151033,5-2-6,494.9
151033,6-2-5,3430
151033,1-4-2,132.6
151033,2-4-1,104.5
151033,3-4-1,119.8
151033,4-3-1,240.3
151033,5-3-1,54.3
151033,6-3-1,3014
151033,1-4-3,178.6
151033,2-4-3,69.9
151033,3-4-2,67.9
151033,4-3-2,163.6
151033,5-3-2,31.4
151033,6-3-2,2210
151033,1-4-5,150.5
151033,2-4-5,48.5
151033,3-4-5,46.8
151033,4-3-5,114.4
151033,5-3-4,84.2
151033,6-3-4,3430
151033,1-4-6,2162
151033,2-4-6,771.1
151033,3-4-6,588.6
151033,4-3-6,956.5
151033,5-3-6,467
151033,6-3-5,2763
151033,1-5-2,33.9
151033,2-5-1,33.5
151033,3-5-1,39.7
151033,4-5-1,138.3
151033,5-4-1,166
151033,6-4-1,7652
151033,1-5-3,39.9
151033,2-5-3,14.2
151033,3-5-2,19
151033,4-5-2,98.6
151033,5-4-2,106.6
151033,6-4-2,4145
151033,1-5-4,105.1
151033,2-5-4,42.5
151033,3-5-4,41.4
151033,4-5-3,105.9
151033,5-4-3,118.8
151033,6-4-3,4325
151033,1-5-6,984.9
151033,2-5-6,341.8
151033,3-5-6,328.3
151033,4-5-6,562
151033,5-4-6,585.2
151033,6-4-5,2842
151033,1-6-2,2030
151033,2-6-1,1381
151033,3-6-1,1381
151033,4-6-1,4145
151033,5-6-1,896.2
151033,6-5-1,2618
151033,1-6-3,1036
151033,2-6-3,1130
151033,3-6-2,1715
151033,4-6-2,2162
151033,5-6-2,975.3
151033,6-5-2,2688
151033,1-6-4,3209
151033,2-6-4,1401
151033,3-6-4,1381
151033,4-6-3,2487
151033,5-6-3,975.3
151033,6-5-3,2426
151033,1-6-5,2313
151033,2-6-5,1292
151033,3-6-5,1344
151033,4-6-5,1950
151033,5-6-4,929.7
151033,6-5-4,2116
151034,1-2-3,38
151034,2-1-3,285.8
151034,3-1-2,385.3
151034,4-1-2,62
151034,5-1-2,1281
151034,6-1-2,41.2
151034,1-2-4,21.3
151034,2-1-4,103.9
151034,3-1-4,167
151034,4-1-3,113.6
151034,5-1-3,1182
151034,6-1-3,58.9
151034,1-2-5,105.8
151034,2-1-5,608.8
151034,3-1-5,421.3
151034,4-1-5,91.4
151034,5-1-4,520.3
151034,6-1-4,24.8
151034,1-2-6,18.4
151034,2-1-6,74.7
151034,3-1-6,138.5
151034,4-1-6,18.1
151034,5-1-6,376.9
151034,6-1-5,106.1
151034,1-3-2,47.6
151034,2-3-1,640.8
151034,3-2-1,738
151034,4-2-1,153.1
151034,5-2-1,1503
151034,6-2-1,123.1
151034,1-3-4,21.1
151034,2-3-4,785.6
151034,3-2-4,720.5
151034,4-2-3,630.9
151034,5-2-3,2706
151034,6-2-3,291.3
151034,1-3-5,80.1
151034,2-3-5,1217
151034,3-2-5,1138
151034,4-2-5,511.6
151034,5-2-4,1485
151034,6-2-4,138.3
151034,1-3-6,19
151034,2-3-6,627.6
151034,3-2-6,569
151034,4-2-6,104.7
151034,5-2-6,1193
151034,6-2-5,415.5
151034,1-4-2,19.6
151034,2-4-1,225
151034,3-4-1,271.8
151034,4-3-1,238.2
151034,5-3-1,1170
151034,6-3-1,155.7
151034,1-4-3,25.3
151034,2-4-3,738
151034,3-4-2,574.3
151034,4-3-2,499
151034,5-3-2,2255
151034,6-3-2,310.6
151034,1-4-5,41.2
151034,2-4-5,1040
151034,3-4-5,591.1
151034,4-3-5,594
151034,5-3-4,1817
151034,6-3-4,148.3
151034,1-4-6,8.7
151034,2-4-6,229.7
151034,3-4-6,232.3
151034,4-3-6,128.9
151034,5-3-6,1541
151034,6-3-5,505.2
151034,1-5-2,215.5
151034,2-5-1,1148
151034,3-5-1,1242
151034,4-5-1,143.5
151034,5-4-1,594
151034,6-4-1,37
151034,1-5-3,224.6
151034,2-5-3,1790
151034,3-5-2,1764
151034,4-5-2,307.5
151034,5-4-2,1077
151034,6-4-2,85.3
151034,1-5-4,195.1
151034,2-5-4,1541
151034,3-5-4,1077
151034,4-5-3,380.5
151034,5-4-3,1645
151034,6-4-3,91.6
151034,1-5-6,109.6
151034,2-5-6,1087
151034,3-5-6,951.3
151034,4-5-6,85.8
151034,5-4-6,327.3
151034,6-4-5,96.1
151034,1-6-2,18.9
151034,2-6-1,192.6
151034,3-6-1,260.1
151034,4-6-1,20.6
151034,5-6-1,456
151034,6-5-1,302.9
151034,1-6-3,17.8
151034,2-6-3,630.9
151034,3-6-2,658.2
151034,4-6-2,53
151034,5-6-2,1117
151034,6-5-2,574.3
151034,1-6-4,10
151034,2-6-4,307.5
151034,3-6-4,268.8
151034,4-6-3,86.6
151034,5-6-3,1467
151034,6-5-3,611.9
151034,1-6-5,40.9
151034,2-6-5,1031
151034,3-6-5,676.5
151034,4-6-5,56.5
151034,5-6-4,418.4
151034,6-5-4,298.4
151035,1-2-3,19.1
151035,2-1-3,177.3
151035,3-1-2,32.2
151035,4-1-2,1053
151035,5-1-2,137.4
151035,6-1-2,746.5
151035,1-2-4,136
151035,2-1-4,790.4
151035,3-1-4,32.1
151035,4-1-3,621.3
151035,5-1-3,35.3
151035,6-1-3,234.7
151035,1-2-5,53.1
151035,2-1-5,340.1
151035,3-1-5,9.3
151035,4-1-5,741.3
151035,5-1-4,205.9
151035,6-1-4,951.3
151035,1-2-6,75.3
151035,2-1-6,509.4
151035,3-1-6,21.4
151035,4-1-6,959.7
151035,5-1-6,58.9
151035,6-1-5,258.4
151035,1-3-2,13.9
151035,2-3-1,327.7
151035,3-2-1,154.4
151035,4-2-1,1733
151035,5-2-1,287.4
151035,6-2-1,1378
151035,1-3-4,19.2
151035,2-3-4,726.3
151035,3-2-4,392.3
151035,4-2-3,1919
151035,5-2-3,260.9
151035,6-2-3,846.4
151035,1-3-5,7
151035,2-3-5,319.9
151035,3-2-5,140.3
151035,4-2-5,1653
151035,5-2-4,702.5
151035,6-2-4,1653
151035,1-3-6,13
151035,2-3-6,521.8
151035,3-2-6,243.7
151035,4-2-6,1535
151035,5-2-6,301.9
151035,6-2-5,647.5
151035,1-4-2,230.6
151035,2-4-1,1053
151035,3-4-1,95.7
151035,4-3-1,519.3
151035,5-3-1,34
151035,6-3-1,237.3
151035,1-4-3,84.4
151035,2-4-3,942.9
151035,3-4-2,299.4
151035,4-3-2,1119
151035,5-3-2,126.7
151035,6-3-2,751.7
151035,1-4-5,148.6
151035,2-4-5,1378
151035,3-4-5,75.4
151035,4-3-5,381.1
151035,5-3-4,138.7
151035,6-3-4,702.5
151035,1-4-6,158
151035,2-4-6,1414
151035,3-4-6,112
151035,4-3-6,537.4
151035,5-3-6,43.4
151035,6-3-5,184
151035,1-5-2,73.4
151035,2-5-1,521.8
151035,3-5-1,17.3
151035,4-5-1,659.4
151035,5-4-1,497.6
151035,6-4-1,1885
151035,1-5-3,19.5
151035,2-5-3,455.4
151035,3-5-2,68.6
151035,4-5-2,1310
151035,5-4-2,839.8
151035,6-4-2,2388
151035,1-5-4,104.4
151035,2-5-4,1343
151035,3-5-4,61.3
151035,4-5-3,449.7
151035,5-4-3,288.1
151035,6-4-3,1043
151035,1-5-6,45.5
151035,2-5-6,698
151035,3-5-6,21.8
151035,4-5-6,562.8
151035,5-4-6,379.8
151035,6-4-5,888.4
151035,1-6-2,144.6
151035,2-6-1,1472
151035,3-6-1,73
151035,4-6-1,1119
151035,5-6-1,82.8
151035,6-5-1,242.1
151035,1-6-3,49.1
151035,2-6-3,1181
151035,3-6-2,204.7
151035,4-6-2,1414
151035,5-6-2,217.1
151035,6-5-2,471.4
151035,1-6-4,200.9
151035,2-6-4,2559
151035,3-6-4,149.3
151035,4-6-3,866.9
151035,5-6-3,69.5
151035,6-5-3,178.8
151035,1-6-5,97.4
151035,2-6-5,1143
151035,3-6-5,56.5
151035,4-6-5,826.9
151035,5-6-4,267.4
151035,6-5-4,667.6
151036,1-2-3,30
151036,2-1-3,37.6
151036,3-1-2,97.5
151036,4-1-2,134.3
151036,5-1-2,72.2
151036,6-1-2,4690
151036,1-2-4,47.3
151036,2-1-4,56.5
151036,3-1-4,73.6
151036,4-1-3,119.7
151036,5-1-3,56.3
151036,6-1-3,4828
151036,1-2-5,22.6
151036,2-1-5,27.6
151036,3-1-5,42.7
151036,4-1-5,49
151036,5-1-4,51.7
151036,6-1-4,4828
151036,1-2-6,532.9
151036,2-1-6,753
151036,3-1-6,1101
151036,4-1-6,1243
151036,5-1-6,457.2
151036,6-1-5,4104
151036,1-3-2,46
151036,2-3-1,49.7
151036,3-2-1,95.7
151036,4-2-1,135.5
151036,5-2-1,64.9
151036,6-2-1,5295
151036,1-3-4,43.3
151036,2-3-4,28.8
151036,3-2-4,41.3
151036,4-2-3,106.9
151036,5-2-3,45.3
151036,6-2-3,3817
151036,1-3-5,28
151036,2-3-5,17.5
151036,3-2-5,28.2
151036,4-2-5,62.2
151036,5-2-4,64.6
151036,6-2-4,3218
151036,1-3-6,541.7
151036,2-3-6,534.7
151036,3-2-6,716.8
151036,4-2-6,1052
151036,5-2-6,448.5
151036,6-2-5,2605
151036,1-4-2,63
151036,2-4-1,92
151036,3-4-1,90.8
151036,4-3-1,165.4
151036,5-3-1,80.4
151036,6-3-1,4560
151036,1-4-3,57
151036,2-4-3,53.1
151036,3-4-2,61.5
151036,4-3-2,135.3
151036,5-3-2,64.1
151036,6-3-2,6313
151036,1-4-5,30.7
151036,2-4-5,39.3
151036,3-4-5,41.1
151036,4-3-5,62.2
151036,5-3-4,61.2
151036,6-3-4,2984
151036,1-4-6,767.1
151036,2-4-6,906.9
151036,3-4-6,927.4
151036,4-3-6,1216
151036,5-3-6,605.7
151036,6-3-5,3908
151036,1-5-2,36.1
151036,2-5-1,36.9
151036,3-5-1,53.8
151036,4-5-1,46.3
151036,5-4-1,64.6
151036,6-4-1,5472
151036,1-5-3,31.8
151036,2-5-3,20.4
151036,3-5-2,41.7
151036,4-5-2,49
151036,5-4-2,63.2
151036,6-4-2,4690
151036,1-5-4,34
151036,2-5-4,33.5
151036,3-5-4,41.8
151036,4-5-3,42.4
151036,5-4-3,54
151036,6-4-3,5660
151036,1-5-6,491.5
151036,2-5-6,444.8
151036,3-5-6,767.1
151036,4-5-6,273.6
151036,5-4-6,336.3
151036,6-4-5,2565
151036,1-6-2,1548
151036,2-6-1,2487
151036,3-6-1,3218
151036,4-6-1,2565
151036,5-6-1,1225
151036,6-5-1,4209
151036,1-6-3,1440
151036,2-6-3,2379
151036,3-6-2,3040
151036,4-6-2,2450
151036,5-6-2,1132
151036,6-5-2,2984
151036,1-6-4,2026
151036,2-6-4,1803
151036,3-6-4,2026
151036,4-6-3,3218
151036,5-6-3,1520
151036,6-5-3,4690
151036,1-6-5,1886
151036,2-6-5,1368
151036,3-6-5,2280
151036,4-6-5,1292
151036,5-6-4,1132
151036,6-5-4,2414
151037,1-2-3,9.8
151037,2-1-3,118.8
151037,3-1-2,43.9
151037,4-1-2,236.3
151037,5-1-2,955.4
151037,6-1-2,408
151037,1-2-4,24.6
151037,2-1-4,180.8
151037,3-1-4,19.1
151037,4-1-3,118
151037,5-1-3,699.1
151037,6-1-3,260.5
151037,1-2-5,55.7
151037,2-1-5,378.3
151037,3-1-5,47.6
151037,4-1-5,316.7
151037,5-1-4,1005
151037,6-1-4,427.8
151037,1-2-6,20.4
151037,2-1-6,225.2
151037,3-1-6,20.4
151037,4-1-6,118.1
151037,5-1-6,619.7
151037,6-1-5,902.7
151037,1-3-2,7.9
151037,2-3-1,231.1
151037,3-2-1,146.8
151037,4-2-1,498.4
151037,5-2-1,1398
151037,6-2-1,1273
151037,1-3-4,6.2
151037,2-3-4,492
151037,3-2-4,272.9
151037,4-2-3,774.6
151037,5-2-3,1976
151037,6-2-3,1592
151037,1-3-5,21.3
151037,2-3-5,774.6
151037,3-2-5,507.3
151037,4-2-5,1791
151037,5-2-4,2492
151037,6-2-4,2123
151037,1-3-6,8
151037,2-3-6,553.8
151037,3-2-6,246
151037,4-2-6,744.5
151037,5-2-6,1879
151037,6-2-5,2293
151037,1-4-2,32.7
151037,2-4-1,523.5
151037,3-4-1,65.9
151037,4-3-1,135.5
151037,5-3-1,1042
151037,6-3-1,597.1
151037,1-4-3,16.8
151037,2-4-3,1071
151037,3-4-2,191.4
151037,4-3-2,449.6
151037,5-3-2,1451
151037,6-3-2,1302
151037,1-4-5,73.7
151037,2-4-5,1549
151037,3-4-5,226.1
151037,4-3-5,321.1
151037,5-3-4,1661
151037,6-3-4,947.5
151037,1-4-6,18.4
151037,2-4-6,1194
151037,3-4-6,109.8
151037,4-3-6,282.3
151037,5-3-6,1879
151037,6-3-5,1686
151037,1-5-2,105.2
151037,2-5-1,1433
151037,3-5-1,295.4
151037,4-5-1,521.1
151037,5-4-1,1711
151037,6-4-1,862
151037,1-5-3,78.6
151037,2-5-3,1061
151037,3-5-2,686.5
151037,4-5-2,881.9
151037,5-4-2,2204
151037,6-4-2,1791
151037,1-5-4,135.5
151037,2-5-4,1686
151037,3-5-4,442.6
151037,4-5-3,674.4
151037,5-4-3,1661
151037,6-4-3,1146
151037,1-5-6,88.6
151037,2-5-6,2204
151037,3-5-6,424.6
151037,4-5-6,636.9
151037,5-4-6,1763
151037,6-4-5,1791
151037,1-6-2,38.3
151037,2-6-1,836.8
151037,3-6-1,121.9
151037,4-6-1,244.4
151037,5-6-1,1819
151037,6-5-1,2293
151037,1-6-3,23.7
151037,2-6-3,1273
151037,3-6-2,301.7
151037,4-6-2,694.8
151037,5-6-2,2439
151037,6-5-2,2866
151037,1-6-4,38.3
151037,2-6-4,1549
151037,3-6-4,165.6
151037,4-6-3,442.6
151037,5-6-3,1976
151037,6-5-3,3184
151037,1-6-5,81.2
151037,2-6-5,2293
151037,3-6-5,360.5
151037,4-6-5,658.9
151037,5-6-4,2084
151037,6-5-4,3474
151038,1-2-3,9.1
151038,2-1-3,122.5
151038,3-1-2,63.2
151038,4-1-2,78.9
151038,5-1-2,177
151038,6-1-2,1488
151038,1-2-4,11.7
151038,2-1-4,130.3
151038,3-1-4,26.7
151038,4-1-3,54.6
151038,5-1-3,137.3
151038,6-1-3,1438
151038,1-2-5,30.3
151038,2-1-5,245.1
151038,3-1-5,37
151038,4-1-5,49.5
151038,5-1-4,121.9
151038,6-1-4,1817
151038,1-2-6,89.9
151038,2-1-6,558.6
151038,3-1-6,125.5
151038,4-1-6,121.3
151038,5-1-6,298.1
151038,6-1-5,2739
151038,1-3-2,9.6
151038,2-3-1,293
151038,3-2-1,181.5
151038,4-2-1,181.3
151038,5-2-1,472.9
151038,6-2-1,3596
151038,1-3-4,6.8
151038,2-3-4,347.3
151038,3-2-4,292
151038,4-2-3,328.7
151038,5-2-3,784.6
151038,6-2-3,3384
151038,1-3-5,14.3
151038,2-3-5,674.2
151038,3-2-5,372
151038,4-2-5,248.7
151038,5-2-4,774
151038,6-2-4,2876
151038,1-3-6,57.5
151038,2-3-6,1207
151038,3-2-6,734.5
151038,4-2-6,569.6
151038,5-2-6,1085
151038,6-2-5,3923
151038,1-4-2,15.4
151038,2-4-1,296
151038,3-4-1,60.2
151038,4-3-1,93.4
151038,5-3-1,284.8
151038,6-3-1,1917
151038,1-4-3,12.2
151038,2-4-3,341.8
151038,3-4-2,135.5
151038,4-3-2,221.3
151038,5-3-2,682.2
151038,6-3-2,3256
151038,1-4-5,21
151038,2-4-5,644
151038,3-4-5,98.4
151038,4-3-5,112.5
151038,5-3-4,370.4
151038,6-3-4,1369
151038,1-4-6,76.2
151038,2-4-6,997.7
151038,3-4-6,211.7
151038,4-3-6,312.1
151038,5-3-6,774
151038,6-3-5,3672
151038,1-5-2,40.8
151038,2-5-1,625.4
151038,3-5-1,125
151038,4-5-1,49.8
151038,5-4-1,138.4
151038,6-4-1,2271
151038,1-5-3,30.5
151038,2-5-3,837.9
151038,3-5-2,329.4
151038,4-5-2,116.1
151038,5-4-2,297.1
151038,6-4-2,2697
151038,1-5-4,33.2
151038,2-5-4,880.6
151038,3-5-4,138.7
151038,4-5-3,94.4
151038,5-4-3,227.7
151038,6-4-3,2213
151038,1-5-6,116.7
151038,2-5-6,1675
151038,3-5-6,263.5
151038,4-5-6,99.4
151038,5-4-6,248
151038,6-4-5,2655
151038,1-6-2,409
151038,2-6-1,1761
151038,3-6-1,612.1
151038,4-6-1,305.5
151038,5-6-1,918.1
151038,6-5-1,3196
151038,1-6-3,266.7
151038,2-6-3,2007
151038,3-6-2,1190
151038,4-6-2,737.6
151038,5-6-2,1643
151038,6-5-2,3256
151038,1-6-4,339.7
151038,2-6-4,1939
151038,3-6-4,731.4
151038,4-6-3,577.3
151038,5-6-3,1659
151038,6-5-3,2876
151038,1-6-5,337.7
151038,2-6-5,1896
151038,3-6-5,928
151038,4-6-5,361.1
151038,5-6-4,1278
151038,6-5-4,2739
151003,1-2-3,13.5
151003,2-1-3,53.4
151003,3-1-2,32
151003,4-1-2,68.9
151003,5-1-2,487.9
151003,6-1-2,1064
151003,1-2-4,14.2
151003,2-1-4,51.8
151003,3-1-4,15.6
151003,4-1-3,44.7
151003,5-1-3,330.7
151003,6-1-3,970.5
151003,1-2-5,41.2
151003,2-1-5,153.3
151003,3-1-5,52.3
151003,4-1-5,87.3
151003,5-1-4,350.4
151003,6-1-4,712.2
151003,1-2-6,66.2
151003,2-1-6,328.3
151003,3-1-6,124
151003,4-1-6,131.8
151003,5-1-6,754.8
151003,6-1-5,1522
151003,1-3-2,12
151003,2-3-1,80.7
151003,3-2-1,70.4
151003,4-2-1,123.6
151003,5-2-1,581
151003,6-2-1,1318
151003,1-3-4,8.5
151003,2-3-4,79.3
151003,3-2-4,56.3
151003,4-2-3,107.5
151003,5-2-3,654.1
151003,6-2-3,981.2
151003,1-3-5,32.8
151003,2-3-5,180.9
151003,3-2-5,133.6
151003,4-2-5,233
151003,5-2-4,617.5
151003,6-2-4,1026
151003,1-3-6,58.9
151003,2-3-6,319.9
151003,3-2-6,238
151003,4-2-6,280.3
151003,5-2-6,1003
151003,6-2-5,1962
151003,1-4-2,17.5
151003,2-4-1,86.8
151003,3-4-1,22.2
151003,4-3-1,49.5
151003,5-3-1,441.5
151003,6-3-1,1496
151003,1-4-3,12.1
151003,2-4-3,88
151003,3-4-2,37
151003,4-3-2,75.4
151003,5-3-2,532
151003,6-3-2,1471
151003,1-4-5,27.5
151003,2-4-5,210.2
151003,3-4-5,50.5
151003,4-3-5,96.9
151003,5-3-4,457.5
151003,6-3-4,604.9
151003,1-4-6,46.6
151003,2-4-6,317.6
151003,3-4-6,83.2
151003,4-3-6,127.4
151003,5-3-6,1003
151003,6-3-5,1698
151003,1-5-2,127.4
151003,2-5-1,399.6
151003,3-5-1,153.8
151003,4-5-1,128.3
151003,5-4-1,215.4
151003,6-4-1,712.2
151003,1-5-3,79.2
151003,2-5-3,319.9
151003,3-5-2,188.3
151003,4-5-2,233.6
151003,5-4-2,748.4
151003,6-4-2,949.6
151003,1-5-4,73.4
151003,2-5-4,455.2
151003,3-5-4,143.1
151003,4-5-3,175.9
151003,5-4-3,406.9
151003,6-4-3,588.7
151003,1-5-6,268.4
151003,2-5-6,569.7
151003,3-5-6,330.7
151003,4-5-6,252.3
151003,5-4-6,659
151003,6-4-5,1117
151003,1-6-2,258.9
151003,2-6-1,857.4
151003,3-6-1,401.4
151003,4-6-1,252.3
151003,5-6-1,959.9
151003,6-5-1,1919
151003,1-6-3,231.7
151003,2-6-3,659
151003,3-6-2,573.4
151003,4-6-2,387.3
151003,5-6-2,1026
151003,6-5-2,1549
151003,1-6-4,159.7
151003,2-6-4,695.3
151003,3-6-4,248
151003,4-6-3,256.7
151003,5-6-3,1261
151003,6-5-3,1635
151003,1-6-5,347.6
151003,2-6-5,874.4
151003,3-6-5,474.8
151003,4-6-5,439.3
151003,5-6-4,949.6
151003,6-5-4,1226
151004,1-2-3,10.3
151004,2-1-3,10.5
151004,3-1-2,26
151004,4-1-2,90.9
151004,5-1-2,345.3
151004,6-1-2,1336
151004,1-2-4,15.7
151004,2-1-4,14.8
151004,3-1-4,20.5
151004,4-1-3,104.6
151004,5-1-3,475.5
151004,6-1-3,2304
151004,1-2-5,46.9
151004,2-1-5,58.4
151004,3-1-5,50.1
151004,4-1-5,157.5
151004,5-1-4,435.3
151004,6-1-4,2727
151004,1-2-6,93.5
151004,2-1-6,95.1
151004,3-1-6,107.7
151004,4-1-6,266.7
151004,5-1-6,941.1
151004,6-1-5,2024
151004,1-3-2,14.2
151004,2-3-1,17.5
151004,3-2-1,31.6
151004,4-2-1,92.4
151004,5-2-1,416.3
151004,6-2-1,1421
151004,1-3-4,17.5
151004,2-3-4,27.2
151004,3-2-4,30.7
151004,4-2-3,101.9
151004,5-2-3,425.6
151004,6-2-3,1182
151004,1-3-5,43.5
151004,2-3-5,60.1
151004,3-2-5,58.3
151004,4-2-5,165.6
151004,5-2-4,524
151004,6-2-4,1758
151004,1-3-6,112.3
151004,2-3-6,88.5
151004,3-2-6,100.4
151004,4-2-6,209.1
151004,5-2-6,997.3
151004,6-2-5,1735
151004,1-4-2,25.2
151004,2-4-1,37.7
151004,3-4-1,50.3
151004,4-3-1,149.8
151004,5-3-1,824.9
151004,6-3-1,3259
151004,1-4-3,31.4
151004,2-4-3,45.3
151004,3-4-2,45.7
151004,4-3-2,112.2
151004,5-3-2,543.2
151004,6-3-2,1437
151004,1-4-5,71.3
151004,2-4-5,102
151004,3-4-5,83.1
151004,4-3-5,194.2
151004,5-3-4,651.9
151004,6-3-4,2121
151004,1-4-6,138.9
151004,2-4-6,110.1
151004,3-4-6,122.1
151004,4-3-6,265.1
151004,5-3-6,1713
151004,6-3-5,3181
151004,1-5-2,113.3
151004,2-5-1,206.5
151004,3-5-1,137.4
151004,4-5-1,234.4
151004,5-4-1,714.6
151004,6-4-1,4608
151004,1-5-3,145.4
151004,2-5-3,184
151004,3-5-2,127.7
151004,4-5-2,196.8
151004,5-4-2,530.3
151004,6-4-2,1994
151004,1-5-4,143.8
151004,2-5-4,239.5
151004,3-5-4,161.5
151004,4-5-3,276.1
151004,5-4-3,759.3
151004,6-4-3,2521
151004,1-5-6,473.9
151004,2-5-6,379.6
151004,3-5-6,302.3
151004,4-5-6,351.6
151004,5-4-6,954.5
151004,6-4-5,2620
151004,1-6-2,426.9
151004,2-6-1,376.4
151004,3-6-1,426.9
151004,4-6-1,578.5
151004,5-6-1,1214
151004,6-5-1,2344
151004,1-6-3,624.4
151004,2-6-3,370.2
151004,3-6-2,341.7
151004,4-6-2,375.4
151004,5-6-2,1123
151004,6-5-2,2088
151004,1-6-4,671.5
151004,2-6-4,357.3
151004,3-6-4,460.8
151004,4-6-3,578.5
151004,5-6-3,2121
151004,6-5-3,3712
151004,1-6-5,658.3
151004,2-6-5,541
151004,3-6-5,586.1
151004,4-6-5,547.7
151004,5-6-4,2227
151004,6-5-4,3259
151005,1-2-3,69.8
151005,2-1-3,289
151005,3-1-2,600
151005,4-1-2,12.4
151005,5-1-2,315.5
151005,6-1-2,340.2
151005,1-2-4,11.8
151005,2-1-4,36.7
151005,3-1-4,424
151005,4-1-3,86.3
151005,5-1-3,988.3
151005,6-1-3,1280
151005,1-2-5,52.5
151005,2-1-5,147.7
151005,3-1-5,1317
151005,4-1-5,17.6
151005,5-1-4,152.9
151005,6-1-4,180.4
151005,1-2-6,34.9
151005,2-1-6,110.5
151005,3-1-6,1083
151005,4-1-6,10
151005,5-1-6,209.3
151005,6-1-5,730.5
151005,1-3-2,135
151005,2-3-1,824.6
151005,3-2-1,946.5
151005,4-2-1,30.3
151005,5-2-1,602.7
151005,6-2-1,625.1
151005,1-3-4,92.1
151005,2-3-4,804.8
151005,3-2-4,746.7
151005,4-2-3,203.3
151005,5-2-3,1305
151005,6-2-3,1280
151005,1-3-5,289.6
151005,2-3-5,1189
151005,3-2-5,1445
151005,4-2-5,73.8
151005,5-2-4,602.7
151005,6-2-4,513
151005,1-3-6,231.3
151005,2-3-6,1066
151005,3-2-6,1527
151005,4-2-6,44.6
151005,5-2-6,742.6
151005,6-2-5,1292
151005,1-4-2,7.6
151005,2-4-1,62.5
151005,3-4-1,533.3
151005,4-3-1,302
151005,5-3-1,2443
151005,6-3-1,2317
151005,1-4-3,48.6
151005,2-4-3,397.6
151005,3-4-2,734.5
151005,4-3-2,424
151005,5-3-2,2006
151005,6-3-2,2036
151005,1-4-5,22.6
151005,2-4-5,204.5
151005,3-4-5,1461
151005,4-3-5,523
151005,5-3-4,2100
151005,6-3-4,1344
151005,1-4-6,9.1
151005,2-4-6,142.6
151005,3-4-6,946.5
151005,4-3-6,344.6
151005,5-3-6,1948
151005,6-3-5,3446
151005,1-5-2,105.8
151005,2-5-1,494.1
151005,3-5-1,1792
151005,4-5-1,23.5
151005,5-4-1,139.2
151005,6-4-1,155.7
151005,1-5-3,268.8
151005,2-5-3,1477
151005,3-5-2,1510
151005,4-5-2,54.7
151005,5-4-2,309
151005,6-4-2,257.9
151005,1-5-4,76.7
151005,2-5-4,597.4
151005,3-5-4,2036
151005,4-5-3,218.2
151005,5-4-3,1018
151005,6-4-3,890.1
151005,1-5-6,145.6
151005,2-5-6,703.7
151005,3-5-6,2240
151005,4-5-6,23.6
151005,5-4-6,155.5
151005,6-4-5,420
151005,1-6-2,68.9
151005,2-6-1,357.4
151005,3-6-1,2036
151005,4-6-1,16.3
151005,5-6-1,334.3
151005,6-5-1,1010
151005,1-6-3,247.5
151005,2-6-3,995.6
151005,3-6-2,1816
151005,4-6-2,32.5
151005,5-6-2,665.4
151005,6-5-2,1139
151005,1-6-4,39.2
151005,2-6-4,331.8
151005,3-6-4,1562
151005,4-6-3,149
151005,5-6-3,1581
151005,6-5-3,2240
151005,1-6-5,174.5
151005,2-6-5,742.6
151005,3-6-5,2688
151005,4-6-5,27.8
151005,5-6-4,247
151005,6-5-4,579.3
151006,1-2-3,32.4
151006,2-1-3,258.7
151006,3-1-2,127.8
151006,4-1-2,33.6
151006,5-1-2,251.2
151006,6-1-2,2179
151006,1-2-4,22.3
151006,2-1-4,133.3
151006,3-1-4,32.6
151006,4-1-3,21.9
151006,5-1-3,171.2
151006,6-1-3,1349
151006,1-2-5,60.2
151006,2-1-5,373.7
151006,3-1-5,66.3
151006,4-1-5,14.4
151006,5-1-4,97.7
151006,6-1-4,1197
151006,1-2-6,170.6
151006,2-1-6,706.5
151006,3-1-6,286.1
151006,4-1-6,54.4
151006,5-1-6,218.1
151006,6-1-5,1402
151006,1-3-2,26.5
151006,2-3-1,554.8
151006,3-2-1,448.8
151006,4-2-1,92.1
151006,5-2-1,508
151006,6-2-1,2870
151006,1-3-4,8.2
151006,2-3-4,530.4
151006,3-2-4,407.3
151006,4-2-3,235.8
151006,5-2-3,782.9
151006,6-2-3,2348
151006,1-3-5,17.4
151006,2-3-5,967.2
151006,3-2-5,667.4
151006,4-2-5,158.6
151006,5-2-4,617.3
151006,6-2-4,2477
151006,1-3-6,92.5
151006,2-3-6,1349
151006,3-2-6,1310
151006,4-2-6,325.8
151006,5-2-6,811
151006,6-2-5,3288
151006,1-4-2,13.2
151006,2-4-1,185.7
151006,3-4-1,53.7
151006,4-3-1,47.9
151006,5-3-1,350.5
151006,6-3-1,2179
151006,1-4-3,7.6
151006,2-4-3,522.7
151006,3-4-2,207.8
151006,4-3-2,177.6
151006,5-3-2,922.8
151006,6-3-2,3118
151006,1-4-5,10.4
151006,2-4-5,701
151006,3-4-5,97.4
151006,4-3-5,72.9
151006,5-3-4,390.6
151006,6-3-4,2782
151006,1-4-6,53.6
151006,2-4-6,1482
151006,3-4-6,350.5
151006,4-3-6,234.8
151006,5-3-6,913.4
151006,6-3-5,2477
151006,1-5-2,70.9
151006,2-5-1,811
151006,3-5-1,165.3
151006,4-5-1,21.2
151006,5-4-1,88.1
151006,6-4-1,687.7
151006,1-5-3,39.3
151006,2-5-3,1349
151006,3-5-2,502.4
151006,4-5-2,69.6
151006,5-4-2,265.5
151006,6-4-2,2103
151006,1-5-4,31.1
151006,2-5-4,1089
151006,3-5-4,199.8
151006,4-5-3,57.6
151006,5-4-3,189.9
151006,6-4-3,913.4
151006,1-5-6,118.3
151006,2-5-6,1247
151006,3-5-6,543.1
151006,4-5-6,43.4
151006,5-4-6,158.5
151006,6-4-5,735.2
151006,1-6-2,451
151006,2-6-1,1773
151006,3-6-1,946.9
151006,4-6-1,149.2
151006,5-6-1,347.1
151006,6-5-1,849.1
151006,1-6-3,326.4
151006,2-6-3,1944
151006,3-6-2,1924
151006,4-6-2,329.4
151006,5-6-2,904.3
151006,6-5-2,2444
151006,1-6-4,250.5
151006,2-6-4,2055
151006,3-6-4,1273
151006,4-6-3,326.4
151006,5-6-3,643.6
151006,6-5-3,972.4
151006,1-6-5,310.2
151006,2-6-5,1944
151006,3-6-5,1310
151006,4-6-5,136.7
151006,5-6-4,405.5
151006,6-5-4,803.8
151007,1-2-3,48.1
151007,2-1-3,161.5
151007,3-1-2,407.3
151007,4-1-2,80
151007,5-1-2,24
151007,6-1-2,1040
151007,1-2-4,11.2
151007,2-1-4,58.5
151007,3-1-4,246.2
151007,4-1-3,262.3
151007,5-1-3,88.9
151007,6-1-3,1338
151007,1-2-5,10.3
151007,2-1-5,39.4
151007,3-1-5,186.3
151007,4-1-5,46.6
151007,5-1-4,28.5
151007,6-1-4,1059
151007,1-2-6,55.3
151007,2-1-6,176.2
151007,3-1-6,544.3
151007,4-1-6,125.1
151007,5-1-6,47.2
151007,6-1-5,489.4
151007,1-3-2,68.4
151007,2-3-1,506.4
151007,3-2-1,622.9
151007,4-2-1,163.8
151007,5-2-1,57.7
151007,6-2-1,1308
151007,1-3-4,52.3
151007,2-3-4,473.5
151007,3-2-4,487.4
151007,4-2-3,341.6
151007,5-2-3,302.5
151007,6-2-3,2197
151007,1-3-5,37.2
151007,2-3-5,433
151007,3-2-5,429.8
151007,4-2-5,90
151007,5-2-4,77.3
151007,6-2-4,1532
151007,1-3-6,130.7
151007,2-3-6,1088
151007,3-2-6,987.2
151007,4-2-6,199.8
151007,5-2-6,144.5
151007,6-2-5,1109
151007,1-4-2,15.7
151007,2-4-1,97.2
151007,3-4-1,376.9
151007,4-3-1,557.3
151007,5-3-1,245.2
151007,6-3-1,1738
151007,1-4-3,51
151007,2-4-3,485.3
151007,3-4-2,582.4
151007,4-3-2,381.9
151007,5-3-2,485.3
151007,6-3-2,2478
151007,1-4-5,12.2
151007,2-4-5,74.8
151007,3-4-5,289
151007,4-3-5,462.2
151007,5-3-4,413
151007,6-3-4,1941
151007,1-4-6,41.7
151007,2-4-6,334.7
151007,3-4-6,732.6
151007,4-3-6,1004
151007,5-3-6,436.2
151007,6-3-5,1493
151007,1-5-2,11.2
151007,2-5-1,61.9
151007,3-5-1,245.7
151007,4-5-1,42.1
151007,5-4-1,43.7
151007,6-4-1,1109
151007,1-5-3,38.3
151007,2-5-3,361.7
151007,3-5-2,444.6
151007,4-5-2,54.2
151007,5-4-2,66.4
151007,6-4-2,1200
151007,1-5-4,12.3
151007,2-5-4,93.5
151007,3-5-4,356.2
151007,4-5-3,244.2
151007,5-4-3,251
151007,6-4-3,2426
151007,1-5-6,29.4
151007,2-5-6,214.5
151007,3-5-6,609.8
151007,4-5-6,57.7
151007,5-4-6,69.5
151007,6-4-5,629.6
151007,1-6-2,136.5
151007,2-6-1,658.1
151007,3-6-1,1294
151007,4-6-1,267.7
151007,5-6-1,100.5
151007,6-5-1,400.3
151007,1-6-3,439.5
151007,2-6-3,1252
151007,3-6-2,1849
151007,4-6-2,272.1
151007,5-6-2,118.9
151007,6-5-2,568.2
151007,1-6-4,139.5
151007,2-6-4,689.2
151007,3-6-4,1512
151007,4-6-3,803.3
151007,5-6-3,315.6
151007,6-5-3,947
151007,1-6-5,103.4
151007,2-6-5,571
151007,3-6-5,1088
151007,4-6-5,175.1
151007,5-6-4,127.1
151007,6-5-4,520
151008,1-2-3,8.9
151008,2-1-3,19.3
151008,3-1-2,13.5
151008,4-1-2,310.9
151008,5-1-2,339.3
151008,6-1-2,1006
151008,1-2-4,36.2
151008,2-1-4,78.1
151008,3-1-4,33.8
151008,4-1-3,271.1
151008,5-1-3,280.1
151008,6-1-3,1006
151008,1-2-5,31.7
151008,2-1-5,52.2
151008,3-1-5,22.3
151008,4-1-5,357.7
151008,5-1-4,573.8
151008,6-1-4,1947
151008,1-2-6,55.5
151008,2-1-6,85.2
151008,3-1-6,35
151008,4-1-6,456.8
151008,5-1-6,503.3
151008,6-1-5,2083
151008,1-3-2,8.4
151008,2-3-1,24.1
151008,3-2-1,18.4
151008,4-2-1,359.9
151008,5-2-1,416.7
151008,6-2-1,981.6
151008,1-3-4,26.9
151008,2-3-4,56.7
151008,3-2-4,38.7
151008,4-2-3,241.9
151008,5-2-3,257.6
151008,6-2-3,484.8
151008,1-3-5,21.6
151008,2-3-5,35.5
151008,3-2-5,25.9
151008,4-2-5,397.2
151008,5-2-4,652.6
151008,6-2-4,1199
151008,1-3-6,36.4
151008,2-3-6,57
151008,3-2-6,45
151008,4-2-6,374.7
151008,5-2-6,532.6
151008,6-2-5,1164
151008,1-4-2,96.6
151008,2-4-1,179.4
151008,3-4-1,69
151008,4-3-1,271.8
151008,5-3-1,315.9
151008,6-3-1,927.9
151008,1-4-3,86.6
151008,2-4-3,126.7
151008,3-4-2,60.5
151008,4-3-2,214.7
151008,5-3-2,227.9
151008,6-3-2,455.1
151008,1-4-5,146.4
151008,2-4-5,205.1
151008,3-4-5,58
151008,4-3-5,214.7
151008,5-3-4,405.3
151008,6-3-4,1237
151008,1-4-6,224.5
151008,2-4-6,315.9
151008,3-4-6,83.5
151008,4-3-6,299.9
151008,5-3-6,377
151008,6-3-5,781.4
151008,1-5-2,97.3
151008,2-5-1,158.5
151008,3-5-1,62.4
151008,4-5-1,361
151008,5-4-1,609.1
151008,6-4-1,2013
151008,1-5-3,81.7
151008,2-5-3,113.4
151008,3-5-2,56.9
151008,4-5-2,378.2
151008,5-4-2,582.2
151008,6-4-2,1484
151008,1-5-4,244.9
151008,2-5-4,310.1
151008,3-5-4,84.8
151008,4-5-3,303
151008,5-4-3,428.8
151008,6-4-3,2047
151008,1-5-6,206.2
151008,2-5-6,224.9
151008,3-5-6,76.7
151008,4-5-6,339.3
151008,5-4-6,499
151008,6-4-5,2199
151008,1-6-2,239.4
151008,2-6-1,305.3
151008,3-6-1,135.5
151008,4-6-1,728.7
151008,5-6-1,981.6
151008,6-5-1,2159
151008,1-6-3,242.9
151008,2-6-3,190.6
151008,3-6-2,135.9
151008,4-6-2,557.6
151008,5-6-2,786.6
151008,6-5-2,1466
151008,1-6-4,514.2
151008,2-6-4,505.4
151008,3-6-4,228.4
151008,4-6-3,649
151008,5-6-3,678.7
151008,6-5-3,1110
151008,1-6-5,547.3
151008,2-6-5,384.4
151008,3-6-5,177
151008,4-6-5,602.9
151008,5-6-4,1131
151008,6-5-4,2083
151009,1-2-3,46.3
151009,2-1-3,225.2
151009,3-1-2,441.4
151009,4-1-2,25.8
151009,5-1-2,798.1
151009,6-1-2,60.6
151009,1-2-4,16
151009,2-1-4,62.3
151009,3-1-4,100.4
151009,4-1-3,45.2
151009,5-1-3,964.2
151009,6-1-3,118
151009,1-2-5,98.8
151009,2-1-5,669.5
151009,3-1-5,585
151009,4-1-5,44.1
151009,5-1-4,333.8
151009,6-1-4,27.5
151009,1-2-6,23.9
151009,2-1-6,95.1
151009,3-1-6,164.6
151009,4-1-6,13
151009,5-1-6,713.1
151009,6-1-5,262.5
151009,1-3-2,68.7
151009,2-3-1,593.7
151009,3-2-1,753.2
151009,4-2-1,77
151009,5-2-1,1066
151009,6-2-1,152.7
151009,1-3-4,28.3
151009,2-3-4,512.8
151009,3-2-4,487.9
151009,4-2-3,254.2
151009,5-2-3,1242
151009,6-2-3,489.9
151009,1-3-5,142.8
151009,2-3-5,996
151009,3-2-5,956.5
151009,4-2-5,256.9
151009,5-2-4,1012
151009,6-2-4,172.9
151009,1-3-6,50.2
151009,2-3-6,717.4
151009,3-2-6,696.6
151009,4-2-6,75.1
151009,5-2-6,1585
151009,6-2-5,717.4
151009,1-4-2,12.5
151009,2-4-1,138.6
151009,3-4-1,151.6
151009,4-3-1,130.7
151009,5-3-1,1354
151009,6-3-1,273.9
151009,1-4-3,17.4
151009,2-4-3,444.7
151009,3-4-2,428.9
151009,4-3-2,301.3
151009,5-3-2,1181
151009,6-3-2,611.8
151009,1-4-5,30.3
151009,2-4-5,641
151009,3-4-5,605.6
151009,4-3-5,444.7
151009,5-3-4,1385
151009,6-3-4,268.4
151009,1-4-6,8.2
151009,2-4-6,197.2
151009,3-4-6,148
151009,4-3-6,117.8
151009,5-3-6,1883
151009,6-3-5,899.4
151009,1-5-2,272
151009,2-5-1,1126
151009,3-5-1,1147
151009,4-5-1,90
151009,5-4-1,308.2
151009,6-4-1,29.1
151009,1-5-3,237.2
151009,2-5-3,1095
151009,3-5-2,920
151009,4-5-2,225.7
151009,5-4-2,730.4
151009,6-4-2,69.4
151009,1-5-4,130.2
151009,2-5-4,956.5
151009,3-5-4,987.9
151009,4-5-3,377.8
151009,5-4-3,1048
151009,6-4-3,126
151009,1-5-6,340.4
151009,2-5-6,1282
151009,3-5-6,1193
151009,4-5-6,109
151009,5-4-6,453.1
151009,6-4-5,131.4
151009,1-6-2,26.1
151009,2-6-1,242.5
151009,3-6-1,294.6
151009,4-6-1,18.1
151009,5-6-1,892.7
151009,6-5-1,590.8
151009,1-6-3,44.5
151009,2-6-3,611.8
151009,3-6-2,743.9
151009,4-6-2,41.1
151009,5-6-2,1354
151009,6-5-2,814.3
151009,1-6-4,12.8
151009,2-6-4,242.5
151009,3-6-4,220.3
151009,4-6-3,63.8
151009,5-6-3,1883
151009,6-5-3,964.2
151009,1-6-5,197.9
151009,2-6-5,1039
151009,3-6-5,879.7
151009,4-6-5,60.3
151009,5-6-4,647.9
151009,6-5-4,349.3
151010,1-2-3,22.7
151010,2-1-3,300.1
151010,3-1-2,325
151010,4-1-2,32
151010,5-1-2,872
151010,6-1-2,190
151010,1-2-4,9.7
151010,2-1-4,146.3
151010,3-1-4,108.4
151010,4-1-3,41
151010,5-1-3,777.4
151010,6-1-3,291.9
151010,1-2-5,130.7
151010,2-1-5,720.9
151010,3-1-5,366.6
151010,4-1-5,68.2
151010,5-1-4,716.9
151010,6-1-4,111.5
151010,1-2-6,20.5
151010,2-1-6,272.8
151010,3-1-6,222.1
151010,4-1-6,17.1
151010,5-1-6,791.7
151010,6-1-5,713
151010,1-3-2,24.5
151010,2-3-1,581.3
151010,3-2-1,737.4
151010,4-2-1,110.2
151010,5-2-1,1142
151010,6-2-1,295.3
151010,1-3-4,9.6
151010,2-3-4,668.6
151010,3-2-4,392.2
151010,4-2-3,290
151010,5-2-3,1303
151010,6-2-3,754.7
151010,1-3-5,99.5
151010,2-3-5,1122
151010,3-2-5,1152
151010,4-2-5,386.4
151010,5-2-4,1316
151010,6-2-4,465.9
151010,1-3-6,16.4
151010,2-3-6,849
151010,3-2-6,801.6
151010,4-2-6,116
151010,5-2-6,1698
151010,6-2-5,1330
151010,1-4-2,8.7
151010,2-4-1,234.2
151010,3-4-1,150.7
151010,4-3-1,108.1
151010,5-3-1,1240
151010,6-3-1,600.2
151010,1-4-3,9.1
151010,2-4-3,414.9
151010,3-4-2,542.2
151010,4-3-2,295.3
151010,5-3-2,1344
151010,6-3-2,1112
151010,1-4-5,50.7
151010,2-4-5,1229
151010,3-4-5,665.2
151010,4-3-5,476.2
151010,5-3-4,1843
151010,6-3-4,754.7
151010,1-4-6,6.9
151010,2-4-6,340.5
151010,3-4-6,268.8
151010,4-3-6,147.1
151010,5-3-6,1897
151010,6-3-5,1344
151010,1-5-2,252
151010,2-5-1,1277
151010,3-5-1,1057
151010,4-5-1,158.7
151010,5-4-1,672.1
151010,6-4-1,124.5
151010,1-5-3,279.3
151010,2-5-3,1402
151010,3-5-2,1277
151010,4-5-2,303.6
151010,5-4-2,1112
151010,6-4-2,332.6
151010,1-5-4,166.9
151010,2-5-4,1330
151010,3-5-4,1112
151010,4-5-3,467.6
151010,5-4-3,1344
151010,6-4-3,413.6
151010,1-5-6,222.5
151010,2-5-6,1554
151010,3-5-6,1358
151010,4-5-6,145.1
151010,5-4-6,614.5
151010,6-4-5,512.1
151010,1-6-2,37.9
151010,2-6-1,437.4
151010,3-6-1,425.9
151010,4-6-1,34
151010,5-6-1,1184
151010,6-5-1,1122
151010,1-6-3,44.8
151010,2-6-3,741.7
151010,3-6-2,902.5
151010,4-6-2,77.4
151010,5-6-2,1720
151010,6-5-2,1466
151010,1-6-4,21.1
151010,2-6-4,568.5
151010,3-6-4,436
151010,4-6-3,113.4
151010,5-6-3,2081
151010,6-5-3,1633
151010,1-6-5,205.8
151010,2-6-5,1817
151010,3-6-5,866.1
151010,4-6-5,111.7
151010,5-6-4,768.2
151010,6-5-4,675.6
151011,1-2-3,7.2
151011,2-1-3,51.6
151011,3-1-2,104.9
151011,4-1-2,156.9
151011,5-1-2,290.2
151011,6-1-2,62.9
151011,1-2-4,11.9
151011,2-1-4,65.2
151011,3-1-4,164.6
151011,4-1-3,229.5
151011,5-1-3,252.3
151011,6-1-3,90.2
151011,1-2-5,33.5
151011,2-1-5,125
151011,3-1-5,189.8
151011,4-1-5,277
151011,5-1-4,466
151011,6-1-4,155.4
151011,1-2-6,9.5
151011,2-1-6,45.5
151011,3-1-6,103.2
151011,4-1-6,141.5
151011,5-1-6,156.6
151011,6-1-5,211.5
151011,1-3-2,11.6
151011,2-3-1,145.3
151011,3-2-1,221.7
151011,4-2-1,321.5
151011,5-2-1,625.3
151011,6-2-1,125.3
151011,1-3-4,18.7
151011,2-3-4,244.7
151011,3-2-4,546.9
151011,4-2-3,683.1
151011,5-2-3,895.2
151011,6-2-3,238.5
151011,1-3-5,29.4
151011,2-3-5,382.2
151011,3-2-5,611.8
151011,4-2-5,833.8
151011,5-2-4,1223
151011,6-2-4,359.6
151011,1-3-6,9.6
151011,2-3-6,209.4
151011,3-2-6,419.9
151011,4-2-6,429.5
151011,5-2-6,842
151011,6-2-5,506.2
151011,1-4-2,25.1
151011,2-4-1,244
151011,3-4-1,456
151011,4-3-1,449.9
151011,5-3-1,611.8
151011,6-3-1,241.9
151011,1-4-3,30.5
151011,2-4-3,476.4
151011,3-4-2,726.9
151011,4-3-2,863.4
151011,5-3-2,1076
151011,6-3-2,393.7
151011,1-4-5,64.1
151011,2-4-5,667
151011,3-4-5,746
151011,4-3-5,859
151011,5-3-4,1349
151011,6-3-4,521.7
151011,1-4-6,28.2
151011,2-4-6,234.2
151011,3-4-6,563.2
151011,4-3-6,664.4
151011,5-3-6,752.6
151011,6-3-5,625.3
151011,1-5-2,54.8
151011,2-5-1,409.8
151011,3-5-1,395.5
151011,4-5-1,447.6
151011,5-4-1,919.4
151011,6-4-1,335.5
151011,1-5-3,47.2
151011,2-5-3,352.9
151011,3-5-2,702.8
151011,4-5-2,859
151011,5-4-2,1667
151011,6-4-2,543.4
151011,1-5-4,105.3
151011,2-5-4,726.9
151011,3-5-4,854.7
151011,4-5-3,881.3
151011,5-4-3,1241
151011,6-4-3,646.7
151011,1-5-6,39.2
151011,2-5-6,327.1
151011,3-5-6,787.4
151011,4-5-6,383.9
151011,5-4-6,955.6
151011,6-4-5,714.6
151011,1-6-2,18.9
151011,2-6-1,124.9
151011,3-6-1,272.5
151011,4-6-1,201
151011,5-6-1,260
151011,6-5-1,345
151011,1-6-3,21.3
151011,2-6-3,207.4
151011,3-6-2,531.5
151011,4-6-2,378.8
151011,5-6-2,749.3
151011,6-5-2,651.7
151011,1-6-4,43.1
151011,2-6-4,209.9
151011,3-6-4,646.7
151011,4-6-3,392.8
151011,5-6-3,697.1
151011,6-5-3,656.7
151011,1-6-5,50.9
151011,2-6-5,310.3
151011,3-6-5,776.7
151011,4-6-5,329
151011,5-6-4,794.8
151011,6-5-4,817.7
151012,1-2-3,7.2
151012,2-1-3,36.4
151012,3-1-2,40.9
151012,4-1-2,56.6
151012,5-1-2,295.5
151012,6-1-2,1606
151012,1-2-4,6.5
151012,2-1-4,35.3
151012,3-1-4,39.6
151012,4-1-3,118.6
151012,5-1-3,437.6
151012,6-1-3,1694
151012,1-2-5,21.3
151012,2-1-5,94.5
151012,3-1-5,95.7
151012,4-1-5,72.5
151012,5-1-4,323.4
151012,6-1-4,1726
151012,1-2-6,68.5
151012,2-1-6,239.2
151012,3-1-6,193.1
151012,4-1-6,151.5
151012,5-1-6,617.7
151012,6-1-5,2252
151012,1-3-2,8.8
151012,2-3-1,97
151012,3-2-1,96.8
151012,4-2-1,107.7
151012,5-2-1,504.6
151012,6-2-1,2495
151012,1-3-4,8.4
151012,2-3-4,114.2
151012,3-2-4,94.9
151012,4-2-3,180.7
151012,5-2-3,942.3
151012,6-2-3,2052
151012,1-3-5,22
151012,2-3-5,385.5
151012,3-2-5,335.8
151012,4-2-5,204.5
151012,5-2-4,684
151012,6-2-4,2198
151012,1-3-6,55.1
151012,2-3-6,520.2
151012,3-2-6,538.4
151012,4-2-6,325.7
151012,5-2-6,1256
151012,6-2-5,3184
151012,1-4-2,11.7
151012,2-4-1,96.3
151012,3-4-1,125.3
151012,4-3-1,238
151012,5-3-1,900.9
151012,6-3-1,2098
151012,1-4-3,15
151012,2-4-3,141
151012,3-4-2,130.9
151012,4-3-2,296.4
151012,5-3-2,1215
151012,6-3-2,2601
151012,1-4-5,23.5
151012,2-4-5,218
151012,3-4-5,263.8
151012,4-3-5,439.7
151012,5-3-4,1420
151012,6-3-4,2530
151012,1-4-6,64.5
151012,2-4-6,527.7
151012,3-4-6,399.7
151012,4-3-6,603.5
151012,5-3-6,1793
151012,6-3-5,2430
151012,1-5-2,51.2
151012,2-5-1,370.1
151012,3-5-1,357.9
151012,4-5-1,103.4
151012,5-4-1,379.2
151012,6-4-1,1679
151012,1-5-3,71.6
151012,2-5-3,735.8
151012,3-5-2,507.4
151012,4-5-2,191.1
151012,5-4-2,732.9
151012,6-4-2,2308
151012,1-5-4,57.5
151012,2-5-4,546.4
151012,3-5-4,479.7
151012,4-5-3,328
151012,5-4-3,1061
151012,6-4-3,3130
151012,1-5-6,140.7
151012,2-5-6,1009
151012,3-5-6,679
151012,4-5-6,191.3
151012,5-4-6,548
151012,6-4-5,1328
151012,1-6-2,215
151012,2-6-1,972
151012,3-6-1,763.2
151012,4-6-1,459.4
151012,5-6-1,1231
151012,6-5-1,2495
151012,1-6-3,247.5
151012,2-6-3,1207
151012,3-6-2,1282
151012,4-6-2,699.6
151012,5-6-2,1846
151012,6-5-2,2978
151012,1-6-4,230.2
151012,2-6-4,1126
151012,3-6-4,947.1
151012,4-6-3,828.2
151012,5-6-3,1649
151012,6-5-3,2430
151012,1-6-5,259
151012,2-6-5,1606
151012,3-6-5,1199
151012,4-6-5,465.2
151012,5-6-4,918.8
151012,6-5-4,1291
151013,1-2-3,6.4
151013,2-1-3,39.9
151013,3-1-2,142.6
151013,4-1-2,82.1
151013,5-1-2,92.1
151013,6-1-2,565.7
151013,1-2-4,5.9
151013,2-1-4,29.1
151013,3-1-4,139
151013,4-1-3,225.7
151013,5-1-3,146.4
151013,6-1-3,1224
151013,1-2-5,10.8
151013,2-1-5,52.9
151013,3-1-5,170.1
151013,4-1-5,150.4
151013,5-1-4,135.7
151013,6-1-4,1353
151013,1-2-6,26.2
151013,2-1-6,78
151013,3-1-6,356.9
151013,4-1-6,217.1
151013,5-1-6,169.4
151013,6-1-5,1281
151013,1-3-2,11.8
151013,2-3-1,140
151013,3-2-1,287.5
151013,4-2-1,149.1
151013,5-2-1,176.8
151013,6-2-1,719.2
151013,1-3-4,16.5
151013,2-3-4,197.4
151013,3-2-4,355.6
151013,4-2-3,392.4
151013,5-2-3,380.8
151013,6-2-3,1535
151013,1-3-5,22.1
151013,2-3-5,257.9
151013,3-2-5,401.4
151013,4-2-5,317.7
151013,5-2-4,398.9
151013,6-2-4,1454
151013,1-3-6,59
151013,2-3-6,413.4
151013,3-2-6,693.5
151013,4-2-6,392.4
151013,5-2-6,337
151013,6-2-5,1653
151013,1-4-2,15.2
151013,2-4-1,94.4
151013,3-4-1,329.6
151013,4-3-1,408.2
151013,5-3-1,381.6
151013,6-3-1,1878
151013,1-4-3,26.7
151013,2-4-3,222.9
151013,3-4-2,409.9
151013,4-3-2,496.1
151013,5-3-2,528.6
151013,6-3-2,2198
151013,1-4-5,31.7
151013,2-4-5,255.2
151013,3-4-5,491
151013,4-3-5,484.9
151013,5-3-4,773.9
151013,6-3-4,2359
151013,1-4-6,55
151013,2-4-6,265.4
151013,3-4-6,841.2
151013,4-3-6,859.9
151013,5-3-6,764.7
151013,6-3-5,2976
151013,1-5-2,17.5
151013,2-5-1,204.7
151013,3-5-1,359.6
151013,4-5-1,248.3
151013,5-4-1,379.3
151013,6-4-1,1499
151013,1-5-3,28.4
151013,2-5-3,326.8
151013,3-5-2,416.1
151013,4-5-2,305.1
151013,5-4-2,552.8
151013,6-4-2,1523
151013,1-5-4,30.9
151013,2-5-4,390.1
151013,3-5-4,588.1
151013,4-5-3,491
151013,5-4-3,895.7
151013,6-4-3,2418
151013,1-5-6,57.3
151013,2-5-6,459.5
151013,3-5-6,891.6
151013,4-5-6,373.5
151013,5-4-6,600.9
151013,6-4-5,2249
151013,1-6-2,90.7
151013,2-6-1,326.8
151013,3-6-1,1433
151013,4-6-1,593.5
151013,5-6-1,378.6
151013,6-5-1,1232
151013,1-6-3,200
151013,2-6-3,758.7
151013,3-6-2,1599
151013,4-6-2,636.4
151013,5-6-2,470.7
151013,6-5-2,1353
151013,1-6-4,191
151013,2-6-4,471.9
151013,3-6-4,1860
151013,4-6-3,1201
151013,5-6-3,796.2
151013,6-5-3,1878
151013,1-6-5,197.4
151013,2-6-5,664.9
151013,3-6-5,1697
151013,4-6-5,802.8
151013,5-6-4,758.7
151013,6-5-4,1775
151014,1-2-3,7.8
151014,2-1-3,76.4
151014,3-1-2,218.9
151014,4-1-2,151.7
151014,5-1-2,97.2
151014,6-1-2,768.2
151014,1-2-4,5.9
151014,2-1-4,61.6
151014,3-1-4,287.9
151014,4-1-3,409.1
151014,5-1-3,166
151014,6-1-3,1558
151014,1-2-5,6.7
151014,2-1-5,65.5
151014,3-1-5,253.5
151014,4-1-5,187.1
151014,5-1-4,157.8
151014,6-1-4,1359
151014,1-2-6,23.6
151014,2-1-6,142
151014,3-1-6,495.6
151014,4-1-6,282.8
151014,5-1-6,152.6
151014,6-1-5,1152
151014,1-3-2,13.8
151014,2-3-1,276.5
151014,3-2-1,413.4
151014,4-2-1,295.6
151014,5-2-1,222.3
151014,6-2-1,1063
151014,1-3-4,18.7
151014,2-3-4,552
151014,3-2-4,886.4
151014,4-2-3,948.8
151014,5-2-3,609.8
151014,6-2-3,1831
151014,1-3-5,19.2
151014,2-3-5,632.1
151014,3-2-5,867
151014,4-2-5,646.2
151014,5-2-4,622.9
151014,6-2-4,2160
151014,1-3-6,47.1
151014,2-3-6,1013
151014,3-2-6,1515
151014,4-2-6,716.5
151014,5-2-6,677.9
151014,6-2-5,2447
151014,1-4-2,14.3
151014,2-4-1,242.7
151014,3-4-1,733.6
151014,4-3-1,900.9
151014,5-3-1,455.2
151014,6-3-1,2353
151014,1-4-3,27.9
151014,2-4-3,619.4
151014,3-4-2,1026
151014,4-3-2,1262
151014,5-3-2,813.4
151014,6-3-2,2738
151014,1-4-5,21.8
151014,2-4-5,458.3
151014,3-4-5,975.6
151014,4-3-5,1274
151014,5-3-4,1106
151014,6-3-4,3457
151014,1-4-6,34.3
151014,2-4-6,631.4
151014,3-4-6,1274
151014,4-3-6,1617
151014,5-3-6,1218
151014,6-3-5,3435
151014,1-5-2,11.6
151014,2-5-1,233.5
151014,3-5-1,543.9
151014,4-5-1,274.7
151014,5-4-1,371.7
151014,6-4-1,1887
151014,1-5-3,21.3
151014,2-5-3,650
151014,3-5-2,957
151014,4-5-2,483.9
151014,5-4-2,702.8
151014,6-4-2,2095
151014,1-5-4,23.3
151014,2-5-4,591.6
151014,3-5-4,1076
151014,4-5-3,893.6
151014,5-4-3,1104
151014,6-4-3,3107
151014,1-5-6,32.1
151014,2-5-6,689.7
151014,3-5-6,1323
151014,4-5-6,509.3
151014,5-4-6,744.5
151014,6-4-5,2405
151014,1-6-2,75.6
151014,2-6-1,643.2
151014,3-6-1,1523
151014,4-6-1,637.2
151014,5-6-1,453
151014,6-5-1,1167
151014,1-6-3,134.1
151014,2-6-3,1463
151014,3-6-2,2363
151014,4-6-2,972.1
151014,5-6-2,1041
151014,6-5-2,2458
151014,1-6-4,110.7
151014,2-6-4,1169
151014,3-6-4,2169
151014,4-6-3,1661
151014,5-6-3,1084
151014,6-5-3,2469
151014,1-6-5,99.1
151014,2-6-5,1301
151014,3-6-5,1927
151014,4-6-5,895.1
151014,5-6-4,1126
151014,6-5-4,2334
151051,1-2-3,18.2
151051,2-1-3,40.5
151051,3-1-2,67.7
151051,4-1-2,352.7
151051,5-1-2,193.2
151051,6-1-2,73.2
151051,1-2-4,44.7
151051,2-1-4,101.2
151051,3-1-4,87
151051,4-1-3,354.5
151051,5-1-3,164.7
151051,6-1-3,78.1
151051,1-2-5,36.7
151051,2-1-5,63.9
151051,3-1-5,57.4
151051,4-1-5,390.6
151051,5-1-4,250.1
151051,6-1-4,169.4
151051,1-2-6,17.3
151051,2-1-6,34
151051,3-1-6,31.2
151051,4-1-6,176.3
151051,5-1-6,95.4
151051,6-1-5,108
151051,1-3-2,24
151051,2-3-1,64.8
151051,3-2-1,80.9
151051,4-2-1,447.3
151051,5-2-1,325.2
151051,6-2-1,122.3
151051,1-3-4,50.3
151051,2-3-4,121.1
151051,3-2-4,135.4
151051,4-2-3,513.8
151051,5-2-3,292.9
151051,6-2-3,101.1
151051,1-3-5,30.5
151051,2-3-5,71
151051,3-2-5,73.5
151051,4-2-5,458.9
151051,5-2-4,562.7
151051,6-2-4,204.9
151051,1-3-6,17.9
151051,2-3-6,40.1
151051,3-2-6,45.3
151051,4-2-6,212.9
151051,5-2-6,182.5
151051,6-2-5,127.8
151051,1-4-2,111.5
151051,2-4-1,209.4
151051,3-4-1,139.5
151051,4-3-1,411
151051,5-3-1,267.5
151051,6-3-1,124.1
151051,1-4-3,101
151051,2-4-3,230.5
151051,3-4-2,198
151051,4-3-2,529.1
151051,5-3-2,304.9
151051,6-3-2,123.2
151051,1-4-5,111.7
151051,2-4-5,221.9
151051,3-4-5,134
151051,4-3-5,450.1
151051,5-3-4,521.3
151051,6-3-4,188.8
151051,1-4-6,59.9
151051,2-4-6,139.5
151051,3-4-6,79.8
151051,4-3-6,198
151051,5-3-6,177.9
151051,6-3-5,157.3
151051,1-5-2,74.2
151051,2-5-1,129.5
151051,3-5-1,110.5
151051,4-5-1,358.1
151051,5-4-1,583.5
151051,6-4-1,263
151051,1-5-3,72.6
151051,2-5-3,142
151051,3-5-2,116.2
151051,4-5-2,393.9
151051,5-4-2,709
151051,6-4-2,232
151051,1-5-4,123
151051,2-5-4,253.2
151051,3-5-4,153.3
151051,4-5-3,422
151051,5-4-3,672
151051,6-4-3,227.2
151051,1-5-6,47
151051,2-5-6,78.8
151051,3-5-6,62
151051,4-5-6,143.5
151051,5-4-6,222.2
151051,6-4-5,206.4
151051,1-6-2,32.6
151051,2-6-1,58.1
151051,3-6-1,52.6
151051,4-6-1,179.9
151051,5-6-1,127
151051,6-5-1,145.4
151051,1-6-3,30
151051,2-6-3,61.7
151051,3-6-2,60.8
151051,4-6-2,185.8
151051,5-6-2,157.2
151051,6-5-2,145.8
151051,1-6-4,61
151051,2-6-4,148.1
151051,3-6-4,88.9
151051,4-6-3,173.1
151051,5-6-3,164.7
151051,6-5-3,172.9
151051,1-6-5,48.2
151051,2-6-5,78.2
151051,3-6-5,60
151051,4-6-5,131
151051,5-6-4,227.2
151051,6-5-4,212.6
151052,1-2-3,59.1
151052,2-1-3,120.2
151052,3-1-2,25.3
151052,4-1-2,492.4
151052,5-1-2,233.5
151052,6-1-2,3022
151052,1-2-4,156
151052,2-1-4,327.2
151052,3-1-4,17.2
151052,4-1-3,224.7
151052,5-1-3,66.4
151052,6-1-3,1976
151052,1-2-5,127.1
151052,2-1-5,252.2
151052,3-1-5,8.7
151052,4-1-5,289.7
151052,5-1-4,220.8
151052,6-1-4,2141
151052,1-2-6,291.9
151052,2-1-6,716.9
151052,3-1-6,51
151052,4-1-6,461.5
151052,5-1-6,257.3
151052,6-1-5,2001
151052,1-3-2,30.6
151052,2-3-1,89.1
151052,3-2-1,38.6
151052,4-2-1,833.2
151052,5-2-1,407.8
151052,6-2-1,3503
151052,1-3-4,25.1
151052,2-3-4,81
151052,3-2-4,30.9
151052,4-2-3,322.4
151052,5-2-3,189.1
151052,6-2-3,1813
151052,1-3-5,15.6
151052,2-3-5,73.5
151052,3-2-5,28.7
151052,4-2-5,490.9
151052,5-2-4,474.3
151052,6-2-4,2964
151052,1-3-6,87.2
151052,2-3-6,200.9
151052,3-2-6,72.7
151052,4-2-6,510.4
151052,5-2-6,414.3
151052,6-2-5,2612
151052,1-4-2,186.3
151052,2-4-1,556.5
151052,3-4-1,26.8
151052,4-3-1,164.8
151052,5-3-1,49.1
151052,6-3-1,1732
151052,1-4-3,87.2
151052,2-4-3,186.6
151052,3-4-2,33.7
151052,4-3-2,194.3
151052,5-3-2,94.8
151052,6-3-2,2371
151052,1-4-5,146.9
151052,2-4-5,340.2
151052,3-4-5,14
151052,4-3-5,85
151052,5-3-4,71.1
151052,6-3-4,1751
151052,1-4-6,297.5
151052,2-4-6,802.8
151052,3-4-6,40.3
151052,4-3-6,186.3
151052,5-3-6,95
151052,6-3-5,975.6
151052,1-5-2,134.2
151052,2-5-1,317.1
151052,3-5-1,10.2
151052,4-5-1,323.8
151052,5-4-1,313.9
151052,6-4-1,2001
151052,1-5-3,40.5
151052,2-5-3,158.9
151052,3-5-2,23.5
151052,4-5-2,524.3
151052,5-4-2,546.6
151052,6-4-2,2964
151052,1-5-4,141.9
151052,2-5-4,404.5
151052,3-5-4,12.3
151052,4-5-3,162.7
151052,5-4-3,161
151052,6-4-3,2704
151052,1-5-6,259.9
151052,2-5-6,634.3
151052,3-5-6,23.3
151052,4-5-6,310.7
151052,5-4-6,310.7
151052,6-4-5,2266
151052,1-6-2,923
151052,2-6-1,1622
151052,3-6-1,151.8
151052,4-6-1,824.3
151052,5-6-1,546.6
151052,6-5-1,1813
151052,1-6-3,475.7
151052,2-6-3,1176
151052,3-6-2,244.2
151052,4-6-2,1233
151052,5-6-2,778.5
151052,6-5-2,2335
151052,1-6-4,774.6
151052,2-6-4,1976
151052,3-6-4,127.1
151052,4-6-3,664.4
151052,5-6-3,323.8
151052,6-5-3,1048
151052,1-6-5,802.8
151052,2-6-5,1813
151052,3-6-5,90.3
151052,4-6-5,782.4
151052,5-6-4,658.7
151052,6-5-4,1926
151053,1-2-3,28.7
151053,2-1-3,131
151053,3-1-2,130.5
151053,4-1-2,193.7
151053,5-1-2,107.5
151053,6-1-2,142.7
151053,1-2-4,32.9
151053,2-1-4,149.9
151053,3-1-4,72.8
151053,4-1-3,168.7
151053,5-1-3,123.5
151053,6-1-3,105.4
151053,1-2-5,30.6
151053,2-1-5,131.8
151053,3-1-5,98.9
151053,4-1-5,106.9
151053,5-1-4,105.9
151053,6-1-4,102.4
151053,1-2-6,25.4
151053,2-1-6,104.7
151053,3-1-6,60.6
151053,4-1-6,69.6
151053,5-1-6,42.4
151053,6-1-5,83.6
151053,1-3-2,30.4
151053,2-3-1,282.6
151053,3-2-1,266.2
151053,4-2-1,267.4
151053,5-2-1,247.1
151053,6-2-1,291.3
151053,1-3-4,19.2
151053,2-3-4,432.8
151053,3-2-4,422.6
151053,4-2-3,646.9
151053,5-2-3,433.9
151053,6-2-3,512
151053,1-3-5,23.4
151053,2-3-5,415.7
151053,3-2-5,546.3
151053,4-2-5,319.4
151053,5-2-4,246.5
151053,6-2-4,480.4
151053,1-3-6,14.4
151053,2-3-6,371
151053,3-2-6,253.1
151053,4-2-6,181.7
151053,5-2-6,145.2
151053,6-2-5,422.6
151053,1-4-2,38.6
151053,2-4-1,332.4
151053,3-4-1,173.4
151053,4-3-1,264.3
151053,5-3-1,305.2
151053,6-3-1,195.6
151053,1-4-3,26.5
151053,2-4-3,429.7
151053,3-4-2,377.2
151053,4-3-2,579.9
151053,5-3-2,671.1
151053,6-3-2,404.5
151053,1-4-5,27.9
151053,2-4-5,471.5
151053,3-4-5,223.7
151053,4-3-5,331.2
151053,5-3-4,510.5
151053,6-3-4,220.9
151053,1-4-6,17.5
151053,2-4-6,338.1
151053,3-4-6,102.8
151053,4-3-6,155.4
151053,5-3-6,249.5
151053,6-3-5,297.6
151053,1-5-2,34.9
151053,2-5-1,298.1
151053,3-5-1,214.6
151053,4-5-1,117.4
151053,5-4-1,134.1
151053,6-4-1,173.3
151053,1-5-3,33.6
151053,2-5-3,531.7
151053,3-5-2,534.9
151053,4-5-2,211
151053,5-4-2,252.4
151053,6-4-2,419.6
151053,1-5-4,40.9
151053,2-5-4,527
151053,3-5-4,323.4
151053,4-5-3,320.5
151053,5-4-3,349.3
151053,6-4-3,234.5
151053,1-5-6,20.1
151053,2-5-6,297.6
151053,3-5-6,196.2
151053,4-5-6,70.2
151053,5-4-6,83.9
151053,6-4-5,195.2
151053,1-6-2,34.5
151053,2-6-1,252.7
151053,3-6-1,142.6
151053,4-6-1,93.2
151053,5-6-1,66.6
151053,6-5-1,121.5
151053,1-6-3,30.4
151053,2-6-3,499.1
151053,3-6-2,306.8
151053,4-6-2,177.9
151053,5-6-2,130.2
151053,6-5-2,295.2
151053,1-6-4,27.5
151053,2-6-4,410
151053,3-6-4,129.2
151053,4-6-3,155.2
151053,5-6-3,174.3
151053,6-5-3,231.2
151053,1-6-5,24.4
151053,2-6-5,384.5
151053,3-6-5,205.2
151053,4-6-5,79.5
151053,5-6-4,79.6
151053,6-5-4,194.5
151054,1-2-3,5.3
151054,2-1-3,18.3
151054,3-1-2,32.8
151054,4-1-2,138.7
151054,5-1-2,143.7
151054,6-1-2,1848
151054,1-2-4,10.7
151054,2-1-4,29.1
151054,3-1-4,44.9
151054,4-1-3,182.9
151054,5-1-3,192.7
151054,6-1-3,2529
151054,1-2-5,11.6
151054,2-1-5,23.5
151054,3-1-5,44.8
151054,4-1-5,163.6
151054,5-1-4,277.2
151054,6-1-4,2942
151054,1-2-6,79.3
151054,2-1-6,131.1
151054,3-1-6,248.5
151054,4-1-6,533.9
151054,5-1-6,502.3
151054,6-1-5,3896
151054,1-3-2,8.9
151054,2-3-1,47.5
151054,3-2-1,51.8
151054,4-2-1,165.5
151054,5-2-1,152.4
151054,6-2-1,1872
151054,1-3-4,15.8
151054,2-3-4,104.9
151054,3-2-4,91.4
151054,4-2-3,297.8
151054,5-2-3,269.9
151054,6-2-3,1825
151054,1-3-5,17.9
151054,2-3-5,90.3
151054,3-2-5,94.9
151054,4-2-5,305.4
151054,5-2-4,374.4
151054,6-2-4,2218
151054,1-3-6,123.5
151054,2-3-6,354.2
151054,3-2-6,356.8
151054,4-2-6,848
151054,5-2-6,608.3
151054,6-2-5,2942
151054,1-4-2,23.3
151054,2-4-1,103.9
151054,3-4-1,99
151054,4-3-1,264
151054,5-3-1,269.9
151054,6-3-1,3003
151054,1-4-3,30.2
151054,2-4-3,168.4
151054,3-4-2,122
151054,4-3-2,336.8
151054,5-3-2,303.5
151054,6-3-2,2443
151054,1-4-5,49.4
151054,2-4-5,185.5
151054,3-4-5,151.9
151054,4-3-5,332.9
151054,5-3-4,603.2
151054,6-3-4,4119
151054,1-4-6,160.5
151054,2-4-6,421.5
151054,3-4-6,460.6
151054,4-3-6,901
151054,5-3-6,1092
151054,6-3-5,4004
151054,1-5-2,29.7
151054,2-5-1,67.5
151054,3-5-1,93.5
151054,4-5-1,264
151054,5-4-1,560.9
151054,6-4-1,3134
151054,1-5-3,42.9
151054,2-5-3,157.5
151054,3-5-2,128.7
151054,4-5-2,319.6
151054,5-4-2,800.9
151054,6-4-2,3432
151054,1-5-4,84.5
151054,2-5-4,243.1
151054,3-5-4,203.6
151054,4-5-3,537.9
151054,5-4-3,1044
151054,6-4-3,3604
151054,1-5-6,244.7
151054,2-5-6,400.4
151054,3-5-6,475.8
151054,4-5-6,762.8
151054,5-4-6,1619
151054,6-4-5,4119
151054,1-6-2,283.8
151054,2-6-1,490.3
151054,3-6-1,754.8
151054,4-6-1,1253
151054,5-6-1,1298
151054,6-5-1,3203
151054,1-6-3,447.7
151054,2-6-3,1015
151054,3-6-2,646.5
151054,4-6-2,1253
151054,5-6-2,1242
151054,6-5-2,2621
151054,1-6-4,649.4
151054,2-6-4,974.1
151054,3-6-4,987.5
151054,4-6-3,2252
151054,5-6-3,1922
151054,6-5-3,3794
151054,1-6-5,696.5
151054,2-6-5,814.5
151054,3-6-5,809.9
151054,4-6-5,1322
151054,5-6-4,2089
151054,6-5-4,4004
151055,1-2-3,25.5
151055,2-1-3,189.2
151055,3-1-2,179.8
151055,4-1-2,173.9
151055,5-1-2,92.5
151055,6-1-2,1216
151055,1-2-4,18
151055,2-1-4,150.2
151055,3-1-4,53.1
151055,4-1-3,105.1
151055,5-1-3,65.3
151055,6-1-3,1341
151055,1-2-5,15.4
151055,2-1-5,130.6
151055,3-1-5,47.6
151055,4-1-5,51.8
151055,5-1-4,43.1
151055,6-1-4,989.4
151055,1-2-6,79.2
151055,2-1-6,469.7
151055,3-1-6,200
151055,4-1-6,209.1
151055,5-1-6,101.3
151055,6-1-5,564.4
151055,1-3-2,26.9
151055,2-3-1,431.5
151055,3-2-1,442.5
151055,4-2-1,418.3
151055,5-2-1,266.3
151055,6-2-1,2551
151055,1-3-4,11.6
151055,2-3-4,919.5
151055,3-2-4,525.7
151055,4-2-3,831.3
151055,5-2-3,547.8
151055,6-2-3,3212
151055,1-3-5,9.7
151055,2-3-5,644.1
151055,3-2-5,462.2
151055,4-2-5,400.9
151055,5-2-4,434.4
151055,6-2-4,3424
151055,1-3-6,59.2
151055,2-3-6,1668
151055,3-2-6,1102
151055,4-2-6,864.5
151055,5-2-6,505.2
151055,6-2-5,2576
151055,1-4-2,19.9
151055,2-4-1,385.5
151055,3-4-1,107.3
151055,4-3-1,177
151055,5-3-1,170.7
151055,6-3-1,2168
151055,1-4-3,17.3
151055,2-4-3,783.8
151055,3-4-2,431.5
151055,4-3-2,558.4
151055,5-3-2,496.6
151055,6-3-2,3771
151055,1-4-5,8.7
151055,2-4-5,519.4
151055,3-4-5,119.3
151055,4-3-5,188
151055,5-3-4,258.1
151055,6-3-4,2991
151055,1-4-6,48.8
151055,2-4-6,1606
151055,3-4-6,359.4
151055,4-3-6,557.2
151055,5-3-6,478.3
151055,6-3-5,2365
151055,1-5-2,17.6
151055,2-5-1,286.9
151055,3-5-1,90.2
151055,4-5-1,62.9
151055,5-4-1,68.2
151055,6-4-1,1414
151055,1-5-3,13.9
151055,2-5-3,839.4
151055,3-5-2,347.8
151055,4-5-2,218.3
151055,5-4-2,287.2
151055,6-4-2,2828
151055,1-5-4,10.9
151055,2-5-4,518.3
151055,3-5-4,130.1
151055,4-5-3,161.6
151055,5-4-3,187.7
151055,6-4-3,3212
151055,1-5-6,27.2
151055,2-5-6,1141
151055,3-5-6,286.2
151055,4-5-6,141.5
151055,5-4-6,190.2
151055,6-4-5,1040
151055,1-6-2,158.6
151055,2-6-1,1807
151055,3-6-1,858.8
151055,4-6-1,553.6
151055,5-6-1,252.4
151055,6-5-1,808.1
151055,1-6-3,192.6
151055,2-6-3,3516
151055,3-6-2,1606
151055,4-6-2,873.2
151055,5-6-2,506.2
151055,6-5-2,2049
151055,1-6-4,134.1
151055,2-6-4,2957
151055,3-6-4,1216
151055,4-6-3,1107
151055,5-6-3,645.7
151055,6-5-3,1899
151055,1-6-5,81
151055,2-6-5,2205
151055,3-6-5,888.1
151055,4-6-5,343.3
151055,5-6-4,310.5
151055,6-5-4,942.8
151056,1-2-3,11.3
151056,2-1-3,12.7
151056,3-1-2,30
151056,4-1-2,207.9
151056,5-1-2,150.3
151056,6-1-2,1256
151056,1-2-4,29.6
151056,2-1-4,33.4
151056,3-1-4,68
151056,4-1-3,378.5
151056,5-1-3,182.4
151056,6-1-3,1720
151056,1-2-5,25.7
151056,2-1-5,24.2
151056,3-1-5,37.3
151056,4-1-5,365.1
151056,5-1-4,360.4
151056,6-1-4,3268
151056,1-2-6,77.9
151056,2-1-6,73.9
151056,3-1-6,97.5
151056,4-1-6,662.4
151056,5-1-6,470.2
151056,6-1-5,2203
151056,1-3-2,16
151056,2-3-1,14.6
151056,3-2-1,26.3
151056,4-2-1,183
151056,5-2-1,156.7
151056,6-2-1,1174
151056,1-3-4,44.1
151056,2-3-4,28.5
151056,3-2-4,37.4
151056,4-2-3,166.7
151056,5-2-3,109.7
151056,6-2-3,673.8
151056,1-3-5,25.3
151056,2-3-5,15
151056,3-2-5,21.1
151056,4-2-5,208.6
151056,5-2-4,290.5
151056,6-2-4,1634
151056,1-3-6,83.1
151056,2-3-6,41.3
151056,3-2-6,64.7
151056,4-2-6,347.6
151056,5-2-6,279.3
151056,6-2-5,1333
151056,1-4-2,63.6
151056,2-4-1,84.8
151056,3-4-1,121.7
151056,4-3-1,380
151056,5-3-1,196.4
151056,6-3-1,1690
151056,1-4-3,93.7
151056,2-4-3,64.3
151056,3-4-2,80
151056,4-3-2,205.9
151056,5-3-2,122.7
151056,6-3-2,797.1
151056,1-4-5,143.3
151056,2-4-5,105.8
151056,3-4-5,109.5
151056,4-3-5,355.2
151056,5-3-4,377
151056,6-3-4,1980
151056,1-4-6,265.3
151056,2-4-6,167.3
151056,3-4-6,213.3
151056,4-3-6,638.7
151056,5-3-6,396.1
151056,6-3-5,1520
151056,1-5-2,56.1
151056,2-5-1,59.5
151056,3-5-1,65.4
151056,4-5-1,355.8
151056,5-4-1,552.3
151056,6-4-1,3440
151056,1-5-3,61.1
151056,2-5-3,41.9
151056,3-5-2,46.4
151056,4-5-2,286.6
151056,5-4-2,405.1
151056,6-4-2,2042
151056,1-5-4,175.8
151056,2-5-4,119
151056,3-5-4,116.7
151056,4-5-3,395.3
151056,5-4-3,532.8
151056,6-4-3,2801
151056,1-5-6,160
151056,2-5-6,138.7
151056,3-5-6,103.4
151056,4-5-6,385.2
151056,5-4-6,555.4
151056,6-4-5,1885
151056,1-6-2,246.6
151056,2-6-1,317.8
151056,3-6-1,354.5
151056,4-6-1,1037
151056,5-6-1,734.4
151056,6-5-1,2064
151056,1-6-3,315.2
151056,2-6-3,182.4
151056,3-6-2,203.2
151056,4-6-2,690.4
151056,5-6-2,532.8
151056,6-5-2,1316
151056,1-6-4,555.4
151056,2-6-4,418.9
151056,3-6-4,428.1
151056,4-6-3,1153
151056,5-6-3,692.9
151056,6-5-3,1647
151056,1-6-5,471.3
151056,2-6-5,331.2
151056,3-6-5,287.1
151056,4-6-5,797.1
151056,5-6-4,817
151056,6-5-4,1766
151057,1-2-3,9.8
151057,2-1-3,22.2
151057,3-1-2,85
151057,4-1-2,270.4
151057,5-1-2,27.7
151057,6-1-2,932.7
151057,1-2-4,32.8
151057,2-1-4,46.2
151057,3-1-4,193.5
151057,4-1-3,497.9
151057,5-1-3,46.8
151057,6-1-3,1648
151057,1-2-5,8.2
151057,2-1-5,11.7
151057,3-1-5,67.4
151057,4-1-5,165.2
151057,5-1-4,78.9
151057,6-1-4,2420
151057,1-2-6,65
151057,2-1-6,83
151057,3-1-6,406.8
151057,4-1-6,367
151057,5-1-6,65.8
151057,6-1-5,746.9
151057,1-3-2,18.1
151057,2-3-1,65.1
151057,3-2-1,133
151057,4-2-1,349.5
151057,5-2-1,38.4
151057,6-2-1,1241
151057,1-3-4,49.3
151057,2-3-4,197.1
151057,3-2-4,331.3
151057,4-2-3,590.1
151057,5-2-3,66.3
151057,6-2-3,1838
151057,1-3-5,15.6
151057,2-3-5,55.6
151057,3-2-5,121.1
151057,4-2-5,229.5
151057,5-2-4,113
151057,6-2-4,2249
151057,1-3-6,103.4
151057,2-3-6,282.4
151057,3-2-6,495.3
151057,4-2-6,453.1
151057,5-2-6,94.8
151057,6-2-5,853.6
151057,1-4-2,70.7
151057,2-4-1,161
151057,3-4-1,395.8
151057,4-3-1,810.2
151057,5-3-1,111.1
151057,6-3-1,2197
151057,1-4-3,102.5
151057,2-4-3,242.6
151057,3-4-2,461.8
151057,4-3-2,777.3
151057,5-3-2,105.2
151057,6-3-2,2172
151057,1-4-5,73.8
151057,2-4-5,145.7
151057,3-4-5,414.7
151057,4-3-5,710.8
151057,5-3-4,339
151057,6-3-4,2390
151057,1-4-6,162.3
151057,2-4-6,418.4
151057,3-4-6,842.3
151057,4-3-6,1165
151057,5-3-6,233.4
151057,6-3-5,1292
151057,1-5-2,12.8
151057,2-5-1,29.5
151057,3-5-1,107.3
151057,4-5-1,125.3
151057,5-4-1,118.4
151057,6-4-1,3296
151057,1-5-3,21
151057,2-5-3,47.5
151057,3-5-2,111.8
151057,4-5-2,153.2
151057,5-4-2,134.5
151057,6-4-2,2420
151057,1-5-4,49
151057,2-5-4,100.3
151057,3-5-4,298.3
151057,4-5-3,329.1
151057,5-4-3,279.9
151057,6-4-3,2812
151057,1-5-6,59.7
151057,2-5-6,118
151057,3-5-6,362.8
151057,4-5-6,180.3
151057,5-4-6,128.3
151057,6-4-5,1951
151057,1-6-2,173.3
151057,2-6-1,360.7
151057,3-6-1,1044
151057,4-6-1,810.2
151057,5-6-1,119
151057,6-5-1,764.8
151057,1-6-3,297.3
151057,2-6-3,650.3
151057,3-6-2,990.7
151057,4-6-2,786.9
151057,5-6-2,134.9
151057,6-5-2,716.1
151057,1-6-4,422.1
151057,2-6-4,906.2
151057,3-6-4,1395
151057,4-6-3,1028
151057,5-6-3,248.3
151057,6-5-3,1074
151057,1-6-5,212.9
151057,2-6-5,340.2
151057,3-6-5,846
151057,4-6-5,540.1
151057,5-6-4,246.7
151057,6-5-4,1356
151058,1-2-3,18.5
151058,2-1-3,11.6
151058,3-1-2,84
151058,4-1-2,414
151058,5-1-2,206.8
151058,6-1-2,191.6
151058,1-2-4,78
151058,2-1-4,48.1
151058,3-1-4,244.2
151058,4-1-3,659.8
151058,5-1-3,374
151058,6-1-3,430.9
151058,1-2-5,43.7
151058,2-1-5,22.9
151058,3-1-5,153.3
151058,4-1-5,533.8
151058,5-1-4,570.1
151058,6-1-4,949.2
151058,1-2-6,30.8
151058,2-1-6,15.7
151058,3-1-6,90.4
151058,4-1-6,546.8
151058,5-1-6,331.5
151058,6-1-5,653.4
151058,1-3-2,45.3
151058,2-3-1,18.5
151058,3-2-1,55.4
151058,4-2-1,275.3
151058,5-2-1,152.2
151058,6-2-1,139.9
151058,1-3-4,167.5
151058,2-3-4,35.8
151058,3-2-4,87.1
151058,4-2-3,250
151058,5-2-3,155.6
151058,6-2-3,101.5
151058,1-3-5,108.1
151058,2-3-5,15.7
151058,3-2-5,47.8
151058,4-2-5,198.2
151058,5-2-4,230
151058,6-2-4,293.3
151058,1-3-6,97.8
151058,2-3-6,9.4
151058,3-2-6,29.2
151058,4-2-6,183.9
151058,5-2-6,125.2
151058,6-2-5,184.9
151058,1-4-2,197.3
151058,2-4-1,78.9
151058,3-4-1,396.1
151058,4-3-1,673
151058,5-3-1,415.8
151058,6-3-1,384
151058,1-4-3,278.3
151058,2-4-3,60.6
151058,3-4-2,230
151058,4-3-2,462.6
151058,5-3-2,259.3
151058,6-3-2,153.9
151058,1-4-5,303.5
151058,2-4-5,59.8
151058,3-4-5,360
151058,4-3-5,608
151058,5-3-4,795.4
151058,6-3-4,651.2
151058,1-4-6,314.4
151058,2-4-6,50.9
151058,3-4-6,283.8
151058,4-3-6,522.7
151058,5-3-6,396.1
151058,6-3-5,482.6
151058,1-5-2,145.5
151058,2-5-1,39.5
151058,3-5-1,221.3
151058,4-5-1,383.3
151058,5-4-1,774
151058,6-4-1,1227
151058,1-5-3,212.9
151058,2-5-3,31.5
151058,3-5-2,122.2
151058,4-5-2,234.8
151058,5-4-2,425.4
151058,6-4-2,528.2
151058,1-5-4,403.3
151058,2-5-4,67.8
151058,3-5-4,423.6
151058,4-5-3,536.6
151058,5-4-3,940.4
151058,6-4-3,1042
151058,1-5-6,278.3
151058,2-5-6,27.5
151058,3-5-6,174.8
151058,4-5-6,288.7
151058,5-4-6,566.9
151058,6-4-5,821.4
151058,1-6-2,118.6
151058,2-6-1,36.7
151058,3-6-1,176.5
151058,4-6-1,493.2
151058,5-6-1,367.9
151058,6-5-1,495.6
151058,1-6-3,192.4
151058,2-6-3,22.2
151058,3-6-2,81.4
151058,4-6-2,269.4
151058,5-6-2,211.1
151058,6-5-2,263.4
151058,1-6-4,394.6
151058,2-6-4,74.4
151058,3-6-4,371.3
151058,4-6-3,552.8
151058,5-6-3,426.3
151058,6-5-3,602.5
151058,1-6-5,351.8
151058,2-6-5,37.3
151058,3-6-5,210.2
151058,4-6-5,361.3
151058,5-6-4,476.8
151058,6-5-4,689.2
151059,1-2-3,12.4
151059,2-1-3,17.5
151059,3-1-2,148.2
151059,4-1-2,50.6
151059,5-1-2,257.4
151059,6-1-2,186.2
151059,1-2-4,7.8
151059,2-1-4,8.9
151059,3-1-4,173.8
151059,4-1-3,132.7
151059,5-1-3,672
151059,6-1-3,658
151059,1-2-5,37.9
151059,2-1-5,43.4
151059,3-1-5,306.6
151059,4-1-5,126.6
151059,5-1-4,402
151059,6-1-4,474.4
151059,1-2-6,19.4
151059,2-1-6,18.5
151059,3-1-6,364.8
151059,4-1-6,99.1
151059,5-1-6,420.3
151059,6-1-5,818.9
151059,1-3-2,26.9
151059,2-3-1,53.3
151059,3-2-1,143.5
151059,4-2-1,43.5
151059,5-2-1,318.1
151059,6-2-1,166.3
151059,1-3-4,42.3
151059,2-3-4,50.9
151059,3-2-4,120.4
151059,4-2-3,100.9
151059,5-2-3,770.4
151059,6-2-3,383.2
151059,1-3-5,93.8
151059,2-3-5,146.2
151059,3-2-5,292.4
151059,4-2-5,90.7
151059,5-2-4,389.9
151059,6-2-4,218
151059,1-3-6,87.6
151059,2-3-6,93.3
151059,3-2-6,203
151059,4-2-6,50.3
151059,5-2-6,468.4
151059,6-2-5,465.4
151059,1-4-2,19.7
151059,2-4-1,18.5
151059,3-4-1,241.9
151059,4-3-1,247.8
151059,5-3-1,1145
151059,6-3-1,1176
151059,1-4-3,44.9
151059,2-4-3,36.8
151059,3-4-2,192.1
151059,4-3-2,208.5
151059,5-3-2,1139
151059,6-3-2,831.2
151059,1-4-5,83.5
151059,2-4-5,67.9
151059,3-4-5,431.8
151059,4-3-5,395.5
151059,5-3-4,1650
151059,6-3-4,1116
151059,1-4-6,54.5
151059,2-4-6,29.2
151059,3-4-6,397.6
151059,4-3-6,349.3
151059,5-3-6,622.8
151059,6-3-5,1783
151059,1-5-2,89.2
151059,2-5-1,141
151059,3-5-1,565.5
151059,4-5-1,132.4
151059,5-4-1,417.1
151059,6-4-1,543.2
151059,1-5-3,208.2
151059,2-5-3,275
151059,3-5-2,517.8
151059,4-5-2,119.8
151059,5-4-2,338
151059,6-4-2,257.4
151059,1-5-4,164.5
151059,2-5-4,185.1
151059,3-5-4,633.5
151059,4-5-3,314
151059,5-4-3,898.8
151059,6-4-3,925.1
151059,1-5-6,184.7
151059,2-5-6,199.1
151059,3-5-6,720.2
151059,4-5-6,119.7
151059,5-4-6,368.5
151059,6-4-5,784
151059,1-6-2,69
151059,2-6-1,80.5
151059,3-6-1,847.1
151059,4-6-1,174.2
151059,5-6-1,629.9
151059,6-5-1,1052
151059,1-6-3,219.7
151059,2-6-3,197.5
151059,3-6-2,543.2
151059,4-6-2,114.2
151059,5-6-2,615.9
151059,6-5-2,860.3
151059,1-6-4,147.1
151059,2-6-4,91.6
151059,3-6-4,895.1
151059,4-6-3,372.8
151059,5-6-3,1493
151059,6-5-3,749.5
151059,1-6-5,273.6
151059,2-6-5,229.3
151059,3-6-5,1340
151059,4-6-5,211.1
151059,5-6-4,621
151059,6-5-4,974
151060,1-2-3,15.7
151060,2-1-3,64.8
151060,3-1-2,61.2
151060,4-1-2,40.5
151060,5-1-2,662.2
151060,6-1-2,863.2
151060,1-2-4,12.9
151060,2-1-4,58.3
151060,3-1-4,25.9
151060,4-1-3,28.9
151060,5-1-3,685.6
151060,6-1-3,612.7
151060,1-2-5,69.4
151060,2-1-5,261.9
151060,3-1-5,131.8
151060,4-1-5,72.5
151060,5-1-4,786.8
151060,6-1-4,481.3
151060,1-2-6,48.5
151060,2-1-6,173.7
151060,3-1-6,74.2
151060,4-1-6,43.7
151060,5-1-6,849.5
151060,6-1-5,1719
151060,1-3-2,13.8
151060,2-3-1,131.9
151060,3-2-1,145.4
151060,4-2-1,85
151060,5-2-1,1005
151060,6-2-1,1246
151060,1-3-4,6.2
151060,2-3-4,125.8
151060,3-2-4,124.9
151060,4-2-3,124.2
151060,5-2-3,1431
151060,6-2-3,1679
151060,1-3-5,50.2
151060,2-3-5,403
151060,3-2-5,380.7
151060,4-2-5,242.3
151060,5-2-4,1431
151060,6-2-4,1747
151060,1-3-6,25
151060,2-3-6,422.2
151060,3-2-6,310.8
151060,4-2-6,178.7
151060,5-2-6,1366
151060,6-2-5,2921
151060,1-4-2,12.1
151060,2-4-1,107.3
151060,3-4-1,38.5
151060,4-3-1,46.3
151060,5-3-1,863.2
151060,6-3-1,789.7
151060,1-4-3,8.8
151060,2-4-3,136.9
151060,3-4-2,77.4
151060,4-3-2,97.3
151060,5-3-2,1246
151060,6-3-2,2175
151060,1-4-5,32.6
151060,2-4-5,415.6
151060,3-4-5,141.2
151060,4-3-5,139.6
151060,5-3-4,1349
151060,6-3-4,737.8
151060,1-4-6,19.2
151060,2-4-6,292.5
151060,3-4-6,74.7
151060,4-3-6,77.8
151060,5-3-6,1556
151060,6-3-5,1974
151060,1-5-2,147.7
151060,2-5-1,512.5
151060,3-5-1,360.8
151060,4-5-1,156.5
151060,5-4-1,737.8
151060,6-4-1,495.8
151060,1-5-3,155
151060,2-5-3,810.7
151060,3-5-2,507.7
151060,4-5-2,262.9
151060,5-4-2,969.2
151060,6-4-2,1122
151060,1-5-4,144.8
151060,2-5-4,892.1
151060,3-5-4,384.2
151060,4-5-3,244.8
151060,5-4-3,1030
151060,6-4-3,668.4
151060,1-5-6,208.6
151060,2-5-6,1146
151060,3-5-6,597.2
151060,4-5-6,188.2
151060,5-4-6,826.4
151060,6-4-5,1450
151060,1-6-2,118.9
151060,2-6-1,706
151060,3-6-1,265.2
151060,4-6-1,107.8
151060,5-6-1,1421
151060,6-5-1,2111
151060,1-6-3,88
151060,2-6-3,978.1
151060,3-6-2,533
151060,4-6-2,216.7
151060,5-6-2,1665
151060,6-5-2,3090
151060,1-6-4,82.8
151060,2-6-4,892.1
151060,3-6-4,252
151060,4-6-3,161.5
151060,5-6-3,1974
151060,6-5-3,3280
151060,1-6-5,246.7
151060,2-6-5,1627
151060,3-6-5,692.3
151060,4-6-5,224.2
151060,5-6-4,1603
151060,6-5-4,2244
151061,1-2-3,6.3
151061,2-1-3,52.2
151061,3-1-2,85.7
151061,4-1-2,185.6
151061,5-1-2,81.4
151061,6-1-2,1050
151061,1-2-4,10.5
151061,2-1-4,73.1
151061,3-1-4,112
151061,4-1-3,285.3
151061,5-1-3,95.2
151061,6-1-3,1188
151061,1-2-5,7.3
151061,2-1-5,49.3
151061,3-1-5,55.6
151061,4-1-5,185.6
151061,5-1-4,145.1
151061,6-1-4,1307
151061,1-2-6,43.2
151061,2-1-6,193.1
151061,3-1-6,199.9
151061,4-1-6,420.7
151061,5-1-6,181.7
151061,6-1-5,1527
151061,1-3-2,9.9
151061,2-3-1,194.8
151061,3-2-1,185.2
151061,4-2-1,299.4
151061,5-2-1,165
151061,6-2-1,1188
151061,1-3-4,18.3
151061,2-3-4,411.2
151061,3-2-4,367.9
151061,4-2-3,715.6
151061,5-2-3,335.9
151061,6-2-3,1527
151061,1-3-5,9.7
151061,2-3-5,246.2
151061,3-2-5,217.4
151061,4-2-5,440.1
151061,5-2-4,424.6
151061,6-2-4,1566
151061,1-3-6,42.1
151061,2-3-6,977.2
151061,3-2-6,620.3
151061,4-2-6,886.6
151061,5-2-6,584.4
151061,6-2-5,3188
151061,1-4-2,22.4
151061,2-4-1,208.2
151061,3-4-1,322.2
151061,4-3-1,517.8
151061,5-3-1,195.8
151061,6-3-1,1465
151061,1-4-3,34.4
151061,2-4-3,411.2
151061,3-4-2,557.5
151061,4-3-2,815
151061,5-3-2,334.1
151061,6-3-2,1997
151061,1-4-5,27
151061,2-4-5,303.4
151061,3-4-5,406.6
151061,4-3-5,633.3
151061,5-3-4,507.7
151061,6-3-4,1594
151061,1-4-6,78.6
151061,2-4-6,861.4
151061,3-4-6,833.7
151061,4-3-6,972
151061,5-3-6,525.3
151061,6-3-5,3245
151061,1-5-2,15.5
151061,2-5-1,150.2
151061,3-5-1,113.3
151061,4-5-1,248.6
151061,5-4-1,268.8
151061,6-4-1,2216
151061,1-5-3,16.7
151061,2-5-3,305.4
151061,3-5-2,222.4
151061,4-5-2,387.5
151061,5-4-2,452.1
151061,6-4-2,3366
151061,1-5-4,29.9
151061,2-5-4,344.2
151061,3-5-4,342.9
151061,4-5-3,552.4
151061,5-4-3,568
151061,6-4-3,3635
151061,1-5-6,56.1
151061,2-5-6,651.4
151061,3-5-6,369.4
151061,4-5-6,540.9
151061,5-4-6,577
151061,6-4-5,2931
151061,1-6-2,173.7
151061,2-6-1,961.7
151061,3-6-1,727
151061,4-6-1,790.2
151061,5-6-1,569.7
151061,6-5-1,1527
151061,1-6-3,174.1
151061,2-6-3,1893
151061,3-6-2,1409
151061,4-6-2,1280
151061,5-6-2,807.8
151061,6-5-2,2712
151061,1-6-4,198.6
151061,2-6-4,1683
151061,3-6-4,1271
151061,4-6-3,1115
151061,5-6-3,922.6
151061,6-5-3,2931
151061,1-6-5,167.2
151061,2-6-5,1608
151061,3-6-5,1044
151061,4-6-5,1026
151061,5-6-4,932.1
151061,6-5-4,3188
151062,1-2-3,11.7
151062,2-1-3,43.7
151062,3-1-2,279.6
151062,4-1-2,344.2
151062,5-1-2,101.5
151062,6-1-2,91.6
151062,1-2-4,13.7
151062,2-1-4,43.4
151062,3-1-4,444.6
151062,4-1-3,733
151062,5-1-3,269.7
151062,6-1-3,318.2
151062,1-2-5,8.2
151062,2-1-5,23.9
151062,3-1-5,311.3
151062,4-1-5,466.7
151062,5-1-4,316.5
151062,6-1-4,347.7
151062,1-2-6,6.7
151062,2-1-6,23
151062,3-1-6,331.6
151062,4-1-6,426.7
151062,5-1-6,80.9
151062,6-1-5,145.8
151062,1-3-2,23.5
151062,2-3-1,171.1
151062,3-2-1,409.5
151062,4-2-1,502.2
151062,5-2-1,158.8
151062,6-2-1,139.7
151062,1-3-4,47.5
151062,2-3-4,305.4
151062,3-2-4,570.3
151062,4-2-3,1119
151062,5-2-3,470.3
151062,6-2-3,622.6
151062,1-3-5,33.6
151062,2-3-5,159.1
151062,3-2-5,535.2
151062,4-2-5,833
151062,5-2-4,538.8
151062,6-2-4,577
151062,1-3-6,30.8
151062,2-3-6,223.9
151062,3-2-6,583.9
151062,4-2-6,659.7
151062,5-2-6,165.5
151062,6-2-5,242.8
151062,1-4-2,35.8
151062,2-4-1,177.3
151062,3-4-1,931.6
151062,4-3-1,1394
151062,5-3-1,472.1
151062,6-3-1,753.3
151062,1-4-3,72.9
151062,2-4-3,406.1
151062,3-4-2,1135
151062,4-3-2,1410
151062,5-3-2,577
151062,6-3-2,1080
151062,1-4-5,50.1
151062,2-4-5,301.3
151062,3-4-5,1226
151062,4-3-5,1506
151062,5-3-4,709.5
151062,6-3-4,1145
151062,1-4-6,37.7
151062,2-4-6,242.1
151062,3-4-6,1080
151062,4-3-6,1470
151062,5-3-6,548.5
151062,6-3-5,1214
151062,1-5-2,16.9
151062,2-5-1,92.3
151062,3-5-1,627.4
151062,4-5-1,737.4
151062,5-4-1,713.7
151062,6-4-1,805.5
151062,1-5-3,43.6
151062,2-5-3,263.3
151062,3-5-2,833
151062,4-5-2,924.5
151062,5-4-2,1034
151062,6-4-2,949.7
151062,1-5-4,53.9
151062,2-5-4,236.5
151062,3-5-4,1109
151062,4-5-3,1379
151062,5-4-3,1535
151062,6-4-3,1849
151062,1-5-6,21
151062,2-5-6,97.8
151062,3-5-6,741.9
151062,4-5-6,699.4
151062,5-4-6,595.3
151062,6-4-5,792.5
151062,1-6-2,16.9
151062,2-6-1,78.5
151062,3-6-1,695.4
151062,4-6-1,672.4
151062,5-6-1,140.7
151062,6-5-1,206.8
151062,1-6-3,49.3
151062,2-6-3,278.3
151062,3-6-2,900.7
151062,4-6-2,802.9
151062,5-6-2,181.8
151062,6-5-2,257.2
151062,1-6-4,54.7
151062,2-6-4,239.7
151062,3-6-4,1232
151062,4-6-3,1264
151062,5-6-3,547.2
151062,6-5-3,841.6
151062,1-6-5,31.3
151062,2-6-5,125.6
151062,3-6-5,1094
151062,4-6-5,693.4
151062,5-6-4,459.6
151062,6-5-4,644
151123,1-2-3,13.5
151123,2-1-3,29.8
151123,3-1-2,125.8
151123,4-1-2,59.3
151123,5-1-2,98.1
151123,6-1-2,2057
151123,1-2-4,6
151123,2-1-4,21.9
151123,3-1-4,148.7
151123,4-1-3,175.6
151123,5-1-3,169.4
151123,6-1-3,9167
151123,1-2-5,8.9
151123,2-1-5,19.5
151123,3-1-5,104.7
151123,4-1-5,45.9
151123,5-1-4,92
151123,6-1-4,4033
151123,1-2-6,311.2
151123,2-1-6,380.5
151123,3-1-6,1653
151123,4-1-6,600.2
151123,5-1-6,1008
151123,6-1-5,7756
151123,1-3-2,26.9
151123,2-3-1,86.9
151123,3-2-1,135.3
151123,4-2-1,88.1
151123,5-2-1,139.6
151123,6-2-1,4801
151123,1-3-4,33.2
151123,2-3-4,69.4
151123,3-2-4,214
151123,4-2-3,263.9
151123,5-2-3,458.3
151123,6-2-3,6302
151123,1-3-5,25.5
151123,2-3-5,59.5
151123,3-2-5,184.3
151123,4-2-5,82.3
151123,5-2-4,148.9
151123,6-2-4,3878
151123,1-3-6,589.7
151123,2-3-6,1626
151123,3-2-6,1505
151123,4-2-6,746.9
151123,5-2-6,1482
151123,6-2-5,7756
151123,1-4-2,9.7
151123,2-4-1,45
151123,3-4-1,297.4
151123,4-3-1,454.2
151123,5-3-1,423.6
151123,6-3-1,9999
151123,1-4-3,38.9
151123,2-4-3,65.9
151123,3-4-2,315.1
151123,4-3-2,533.5
151123,5-3-2,800.3
151123,6-3-2,7756
151123,1-4-5,13.5
151123,2-4-5,32.6
151123,3-4-5,325.2
151123,4-3-5,522.4
151123,5-3-4,847.3
151123,6-3-4,9999
151123,1-4-6,303.7
151123,2-4-6,854.5
151123,3-4-6,1420
151123,4-3-6,2100
151123,5-3-6,2653
151123,6-3-5,9999
151123,1-5-2,22.8
151123,2-5-1,62.9
151123,3-5-1,264.6
151123,4-5-1,56.6
151123,5-4-1,109.8
151123,6-4-1,4033
151123,1-5-3,45.1
151123,2-5-3,88
151123,3-5-2,366.6
151123,4-5-2,77.9
151123,5-4-2,140.6
151123,6-4-2,3477
151123,1-5-4,27.2
151123,2-5-4,44.8
151123,3-5-4,454.2
151123,4-5-3,278.5
151123,5-4-3,473.4
151123,6-4-3,9999
151123,1-5-6,296.5
151123,2-5-6,951.3
151123,3-5-6,1833
151123,4-5-6,427.2
151123,5-4-6,951.3
151123,6-4-5,4801
151123,1-6-2,626.3
151123,2-6-1,1028
151123,3-6-1,2145
151123,4-6-1,1326
151123,5-6-1,1400
151123,6-5-1,3601
151123,1-6-3,1551
151123,2-6-3,2459
151123,3-6-2,2459
151123,4-6-2,1400
151123,5-6-2,1626
151123,6-5-2,7202
151123,1-6-4,1292
151123,2-6-4,2291
151123,3-6-4,3151
151123,4-6-3,2100
151123,5-6-3,2100
151123,6-5-3,9167
151123,1-6-5,1214
151123,2-6-5,2291
151123,3-6-5,2057
151123,4-6-5,1362
151123,5-6-4,1653
151123,6-5-4,5307
151124,1-2-3,24.8
151124,2-1-3,194.7
151124,3-1-2,120.3
151124,4-1-2,504.7
151124,5-1-2,132.7
151124,6-1-2,163.7
151124,1-2-4,47.6
151124,2-1-4,350
151124,3-1-4,90.7
151124,4-1-3,261
151124,5-1-3,47.6
151124,6-1-3,81.4
151124,1-2-5,36
151124,2-1-5,311.7
151124,3-1-5,35.7
151124,4-1-5,354
151124,5-1-4,94.6
151124,6-1-4,214.4
151124,1-2-6,38.9
151124,2-1-6,379
151124,3-1-6,55.7
151124,4-1-6,297.5
151124,5-1-6,52
151124,6-1-5,77.8
151124,1-3-2,21.2
151124,2-3-1,300.5
151124,3-2-1,199
151124,4-2-1,1015
151124,5-2-1,432.9
151124,6-2-1,326.2
151124,1-3-4,19.6
151124,2-3-4,780.8
151124,3-2-4,264
151124,4-2-3,961.6
151124,5-2-3,363.9
151124,6-2-3,404.2
151124,1-3-5,9
151124,2-3-5,478.3
151124,3-2-5,146.4
151124,4-2-5,1171
151124,5-2-4,528
151124,6-2-4,662
151124,1-3-6,15.7
151124,2-3-6,534.2
151124,3-2-6,218
151124,4-2-6,861.8
151124,5-2-6,383.8
151124,6-2-5,459
151124,1-4-2,76.8
151124,2-4-1,702.7
151124,3-4-1,157.5
151124,4-3-1,567.4
151124,5-3-1,75.4
151124,6-3-1,135.1
151124,1-4-3,41.8
151124,2-4-3,1026
151124,3-4-2,327.4
151124,4-3-2,853.7
151124,5-3-2,154.3
151124,6-3-2,461.3
151124,1-4-5,43.2
151124,2-4-5,971.8
151124,3-4-5,118.9
151124,4-3-5,262.5
151124,5-3-4,127.5
151124,6-3-4,435
151124,1-4-6,36
151124,2-4-6,708.1
151124,3-4-6,87.1
151124,4-3-6,214.9
151124,5-3-6,74.7
151124,6-3-5,145.9
151124,1-5-2,36.2
151124,2-5-1,522
151124,3-5-1,45.4
151124,4-5-1,437.1
151124,5-4-1,177.7
151124,6-4-1,422.9
151124,1-5-3,11.7
151124,2-5-3,550.3
151124,3-5-2,113
151124,4-5-2,638.8
151124,5-4-2,593.2
151124,6-4-2,1156
151124,1-5-4,33
151124,2-5-4,845.8
151124,3-5-4,96.2
151124,4-5-3,507.5
151124,5-4-3,204.3
151124,6-4-3,557
151124,1-5-6,13.3
151124,2-5-6,488.5
151124,3-5-6,47.2
151124,4-5-6,218
151124,5-4-6,124.4
151124,6-4-5,445.6
151124,1-6-2,62.7
151124,2-6-1,697.3
151124,3-6-1,108.7
151124,4-6-1,422.9
151124,5-6-1,92.7
151124,6-5-1,101
151124,1-6-3,32.6
151124,2-6-3,823
151124,3-6-2,266.3
151124,4-6-2,761.3
151124,5-6-2,259.5
151124,6-5-2,323.9
151124,1-6-4,54.9
151124,2-6-4,913.5
151124,3-6-4,119.2
151124,4-6-3,377.5
151124,5-6-3,112.9
151124,6-5-3,145.9
151124,1-6-5,33.8
151124,2-6-5,713.7
151124,3-6-5,96.9
151124,4-6-5,411.5
151124,5-6-4,179.8
151124,6-5-4,302.5
151125,1-2-3,10.3
151125,2-1-3,46
151125,3-1-2,25.3
151125,4-1-2,64.7
151125,5-1-2,148.5
151125,6-1-2,6595
151125,1-2-4,19.9
151125,2-1-4,56.3
151125,3-1-4,28.5
151125,4-1-3,59.7
151125,5-1-3,115.4
151125,6-1-3,5003
151125,1-2-5,27.1
151125,2-1-5,82.8
151125,3-1-5,29.4
151125,4-1-5,55.9
151125,5-1-4,176.2
151125,6-1-4,5803
151125,1-2-6,607
151125,2-1-6,967.2
151125,3-1-6,549.5
151125,4-1-6,732.7
151125,5-1-6,815.1
151125,6-1-5,4267
151125,1-3-2,13
151125,2-3-1,42.9
151125,3-2-1,31.5
151125,4-2-1,89.3
151125,5-2-1,205.8
151125,6-2-1,6909
151125,1-3-4,13.5
151125,2-3-4,54.8
151125,3-2-4,38.2
151125,4-2-3,86
151125,5-2-3,207.8
151125,6-2-3,2737
151125,1-3-5,13.1
151125,2-3-5,74.9
151125,3-2-5,39
151125,4-2-5,88.3
151125,5-2-4,303.5
151125,6-2-4,4836
151125,1-3-6,435.7
151125,2-3-6,459.1
151125,3-2-6,368.2
151125,4-2-6,653.5
151125,5-2-6,1687
151125,6-2-5,6308
151125,1-4-2,24.4
151125,2-4-1,103.5
151125,3-4-1,35.9
151125,4-3-1,70
151125,5-3-1,155.5
151125,6-3-1,5803
151125,1-4-3,22.5
151125,2-4-3,90.7
151125,3-4-2,39.3
151125,4-3-2,74
151125,5-3-2,202
151125,6-3-2,4396
151125,1-4-5,37.6
151125,2-4-5,135.8
151125,3-4-5,38.9
151125,4-3-5,73.8
151125,5-3-4,192.6
151125,6-3-4,4680
151125,1-4-6,884.6
151125,2-4-6,1860
151125,3-4-6,403
151125,4-3-6,509
151125,5-3-6,1036
151125,6-3-5,5803
151125,1-5-2,45.2
151125,2-5-1,185.7
151125,3-5-1,58.3
151125,4-5-1,65.1
151125,5-4-1,175.6
151125,6-4-1,6909
151125,1-5-3,36.4
151125,2-5-3,153.2
151125,3-5-2,74.9
151125,4-5-2,77.3
151125,5-4-2,224.5
151125,6-4-2,7254
151125,1-5-4,56.9
151125,2-5-4,227
151125,3-5-4,60.6
151125,4-5-3,83.1
151125,5-4-3,197.1
151125,6-4-3,8534
151125,1-5-6,647.7
151125,2-5-6,1727
151125,3-5-6,553.7
151125,4-5-6,578
151125,5-4-6,868.8
151125,6-4-5,3921
151125,1-6-2,1007
151125,2-6-1,2790
151125,3-6-1,2072
151125,4-6-1,3224
151125,5-6-1,1436
151125,6-5-1,4267
151125,1-6-3,1836
151125,2-6-3,2232
151125,3-6-2,1934
151125,4-6-2,3224
151125,5-6-2,2340
151125,6-5-2,6909
151125,1-6-4,1769
151125,2-6-4,3921
151125,3-6-4,1612
151125,4-6-3,2790
151125,5-6-3,1884
151125,6-5-3,5003
151125,1-6-5,1594
151125,2-6-5,4267
151125,3-6-5,1450
151125,4-6-5,2015
151125,5-6-4,1960
151125,6-5-4,4534
151126,1-2-3,10.5
151126,2-1-3,10.6
151126,3-1-2,138.2
151126,4-1-2,270.7
151126,5-1-2,90.9
151126,6-1-2,1543
151126,1-2-4,11.9
151126,2-1-4,14.2
151126,3-1-4,277.5
151126,4-1-3,812.1
151126,5-1-3,212.5
151126,6-1-3,2857
151126,1-2-5,10.1
151126,2-1-5,7.9
151126,3-1-5,194.8
151126,4-1-5,397.6
151126,5-1-4,259.7
151126,6-1-4,3506
151126,1-2-6,74.8
151126,2-1-6,55.5
151126,3-1-6,653.8
151126,4-1-6,989.1
151126,5-1-6,328.3
151126,6-1-5,1978
151126,1-3-2,28.8
151126,2-3-1,29.6
151126,3-2-1,141.3
151126,4-2-1,201.9
151126,5-2-1,80
151126,6-2-1,1574
151126,1-3-4,55.2
151126,2-3-4,35.9
151126,3-2-4,125
151126,4-2-3,295.6
151126,5-2-3,139.5
151126,6-2-3,1543
151126,1-3-5,51.5
151126,2-3-5,27.3
151126,3-2-5,110.5
151126,4-2-5,123
151126,5-2-4,149.8
151126,6-2-4,1753
151126,1-3-6,254.6
151126,2-3-6,145.2
151126,3-2-6,504.2
151126,4-2-6,417
151126,5-2-6,207.9
151126,6-2-5,829.6
151126,1-4-2,42.1
151126,2-4-1,47.5
151126,3-4-1,543.3
151126,4-3-1,857.2
151126,5-3-1,369.1
151126,6-3-1,1512
151126,1-4-3,128.8
151126,2-4-3,69.4
151126,3-4-2,265.1
151126,4-3-2,602.7
151126,5-3-2,221.7
151126,6-3-2,2967
151126,1-4-5,81.1
151126,2-4-5,36.7
151126,3-4-5,317.5
151126,4-3-5,547.1
151126,5-3-4,734.7
151126,6-3-4,3354
151126,1-4-6,344.4
151126,2-4-6,123.2
151126,3-4-6,779.3
151126,4-3-6,976.6
151126,5-3-6,627.2
151126,6-3-5,2755
151126,1-5-2,26.8
151126,2-5-1,17.5
151126,3-5-1,297.8
151126,4-5-1,350.6
151126,5-4-1,406
151126,6-4-1,4060
151126,1-5-3,71.7
151126,2-5-3,28.2
151126,3-5-2,193.3
151126,4-5-2,172.9
151126,5-4-2,216.7
151126,6-4-2,2411
151126,1-5-4,76.1
151126,2-5-4,37.6
151126,3-5-4,349.1
151126,4-5-3,464.7
151126,5-4-3,665.1
151126,6-4-3,2660
151126,1-5-6,173.7
151126,2-5-6,65.7
151126,3-5-6,584.4
151126,4-5-6,551
151126,5-4-6,688.8
151126,6-4-5,2269
151126,1-6-2,219.1
151126,2-6-1,296.7
151126,3-6-1,1607
151126,4-6-1,1714
151126,5-6-1,602.7
151126,6-5-1,1928
151126,1-6-3,857.2
151126,2-6-3,412.5
151126,3-6-2,1307
151126,4-6-2,1071
151126,5-6-2,426.2
151126,6-5-2,1028
151126,1-6-4,1071
151126,2-6-4,300.2
151126,3-6-4,1714
151126,4-6-3,2143
151126,5-6-3,989.1
151126,6-5-3,2204
151126,1-6-5,421.6
151126,2-6-5,188.6
151126,3-6-5,1168
151126,4-6-5,1056
151126,5-6-4,1224
151126,6-5-4,2488
151127,1-2-3,11.2
151127,2-1-3,52.3
151127,3-1-2,35.3
151127,4-1-2,269.3
151127,5-1-2,1378
151127,6-1-2,103.6
151127,1-2-4,39.5
151127,2-1-4,96.4
151127,3-1-4,26
151127,4-1-3,158.3
151127,5-1-3,1339
151127,6-1-3,41.6
151127,1-2-5,444.2
151127,2-1-5,488.1
151127,3-1-5,294.7
151127,4-1-5,1562
151127,5-1-4,1768
151127,6-1-4,93
151127,1-2-6,23.1
151127,2-1-6,85.8
151127,3-1-6,11.6
151127,4-1-6,149
151127,5-1-6,1536
151127,6-1-5,571.5
151127,1-3-2,9.4
151127,2-3-1,69.3
151127,3-2-1,63.3
151127,4-2-1,321
151127,5-2-1,1562
151127,6-2-1,219.5
151127,1-3-4,13.7
151127,2-3-4,117.1
151127,3-2-4,96
151127,4-2-3,266.2
151127,5-2-3,2286
151127,6-2-3,191.6
151127,1-3-5,289.2
151127,2-3-5,715.5
151127,3-2-5,589.5
151127,4-2-5,1735
151127,5-2-4,1994
151127,6-2-4,300.4
151127,1-3-6,6.2
151127,2-3-6,82
151127,3-2-6,55
151127,4-2-6,243.4
151127,5-2-6,3232
151127,6-2-5,1129
151127,1-4-2,71.4
151127,2-4-1,197.3
151127,3-4-1,62.7
151127,4-3-1,184.1
151127,5-3-1,1301
151127,6-3-1,54.1
151127,1-4-3,35.2
151127,2-4-3,214
151127,3-4-2,115
151127,4-3-2,267.8
151127,5-3-2,1768
151127,6-3-2,142.8
151127,1-4-5,624.8
151127,2-4-5,1378
151127,3-4-5,815
151127,4-3-5,1284
151127,5-3-4,2533
151127,6-3-4,107.1
151127,1-4-6,41.6
151127,2-4-6,198.1
151127,3-4-6,50.1
151127,4-3-6,134.6
151127,5-3-6,2533
151127,6-3-5,642
151127,1-5-2,535.6
151127,2-5-1,1007
151127,3-5-1,732.2
151127,4-5-1,2403
151127,5-4-1,2929
151127,6-4-1,210.6
151127,1-5-3,526.5
151127,2-5-3,1339
151127,3-5-2,1171
151127,4-5-2,2678
151127,5-4-2,2343
151127,6-4-2,297.5
151127,1-5-4,650.9
151127,2-5-4,1588
151127,3-5-4,1102
151127,4-5-3,2343
151127,5-4-3,2756
151127,6-4-3,176.5
151127,1-5-6,774.6
151127,2-5-6,1768
151127,3-5-6,1157
151127,4-5-6,2082
151127,5-4-6,2533
151127,6-4-5,1378
151127,1-6-2,36.8
151127,2-6-1,154.9
151127,3-6-1,24.5
151127,4-6-1,171
151127,5-6-1,2231
151127,6-5-1,1115
151127,1-6-3,15.4
151127,2-6-3,139
151127,3-6-2,59
151127,4-6-2,222.1
151127,5-6-2,2840
151127,6-5-2,1511
151127,1-6-4,42
151127,2-6-4,234.9
151127,3-6-4,42.8
151127,4-6-3,158.6
151127,5-6-3,2603
151127,6-5-3,1077
151127,1-6-5,392.1
151127,2-6-5,1420
151127,3-6-5,442.1
151127,4-6-5,1616
151127,5-6-4,2533
151127,6-5-4,1053
151128,1-2-3,11.8
151128,2-1-3,9.3
151128,3-1-2,13.6
151128,4-1-2,158.5
151128,5-1-2,233.2
151128,6-1-2,2620
151128,1-2-4,29.9
151128,2-1-4,31.3
151128,3-1-4,21.9
151128,4-1-3,141.5
151128,5-1-3,202.2
151128,6-1-3,1924
151128,1-2-5,53.4
151128,2-1-5,50.2
151128,3-1-5,40.2
151128,4-1-5,340.2
151128,5-1-4,578.3
151128,6-1-4,2737
151128,1-2-6,208.7
151128,2-1-6,200.9
151128,3-1-6,163.3
151128,4-1-6,658.7
151128,5-1-6,409.2
151128,6-1-5,3329
151128,1-3-2,11.3
151128,2-3-1,14.1
151128,3-2-1,16
151128,4-2-1,175.4
151128,5-2-1,259.3
151128,6-2-1,3079
151128,1-3-4,17.2
151128,2-3-4,24
151128,3-2-4,21.2
151128,4-2-3,113.8
151128,5-2-3,146.8
151128,6-2-3,1579
151128,1-3-5,46.5
151128,2-3-5,39.4
151128,3-2-5,32.7
151128,4-2-5,273.1
151128,5-2-4,438.3
151128,6-2-4,2052
151128,1-3-6,173.9
151128,2-3-6,264.3
151128,3-2-6,171.3
151128,4-2-6,565
151128,5-2-6,259.8
151128,6-2-5,3519
151128,1-4-2,48
151128,2-4-1,67
151128,3-4-1,34
151128,4-3-1,132.4
151128,5-3-1,207.3
151128,6-3-1,1986
151128,1-4-3,45.2
151128,2-4-3,52.7
151128,3-4-2,31.1
151128,4-3-2,105.7
151128,5-3-2,169.6
151128,6-3-2,2019
151128,1-4-5,125.3
151128,2-4-5,162.9
151128,3-4-5,61.2
151128,4-3-5,252.9
151128,5-3-4,396
151128,6-3-4,2620
151128,1-4-6,353.9
151128,2-4-6,454.5
151128,3-4-6,179.2
151128,4-3-6,570.2
151128,5-3-6,348.9
151128,6-3-5,2368
151128,1-5-2,134.9
151128,2-5-1,106.2
151128,3-5-1,89.7
151128,4-5-1,575.6
151128,5-4-1,805
151128,6-4-1,3622
151128,1-5-3,133
151128,2-5-3,93.2
151128,3-5-2,71.9
151128,4-5-2,426.2
151128,5-4-2,631.6
151128,6-4-2,2737
151128,1-5-4,241
151128,2-5-4,307.9
151128,3-5-4,105.1
151128,4-5-3,427.7
151128,5-4-3,669.4
151128,6-4-3,2677
151128,1-5-6,517.5
151128,2-5-6,393.5
151128,3-5-6,235
151128,4-5-6,933.1
151128,5-4-6,1368
151128,6-4-5,3973
151128,1-6-2,535.5
151128,2-6-1,484.9
151128,3-6-1,545
151128,4-6-1,1895
151128,5-6-1,524.1
151128,6-5-1,3158
151128,1-6-3,562.4
151128,2-6-3,821.1
151128,3-6-2,554.8
151128,4-6-2,1043
151128,5-6-2,545
151128,6-5-2,3519
151128,1-6-4,1043
151128,2-6-4,1296
151128,3-6-4,567.6
151128,4-6-3,1109
151128,5-6-3,521.9
151128,6-5-3,3079
151128,1-6-5,1283
151128,2-6-5,1710
151128,3-6-5,751
151128,4-6-5,1710
151128,5-6-4,1838
151128,6-5-4,3329
151129,1-2-3,12.1
151129,2-1-3,31.8
151129,3-1-2,37.2
151129,4-1-2,168.9
151129,5-1-2,3030
151129,6-1-2,47.5
151129,1-2-4,23.1
151129,2-1-4,57
151129,3-1-4,58.2
151129,4-1-3,205.9
151129,5-1-3,2403
151129,6-1-3,35.3
151129,1-2-5,331.1
151129,2-1-5,690.2
151129,3-1-5,427.6
151129,4-1-5,1010
151129,5-1-4,3768
151129,6-1-4,103.3
151129,1-2-6,15.4
151129,2-1-6,37.5
151129,3-1-6,19.6
151129,4-1-6,151.8
151129,5-1-6,3030
151129,6-1-5,452.6
151129,1-3-2,10.6
151129,2-3-1,58.1
151129,3-2-1,59.9
151129,4-2-1,199.4
151129,5-2-1,3400
151129,6-2-1,79.5
151129,1-3-4,22.6
151129,2-3-4,106.4
151129,3-2-4,91.3
151129,4-2-3,222
151129,5-2-3,4807
151129,6-2-3,67.4
151129,1-3-5,281.6
151129,2-3-5,968.2
151129,3-2-5,693.6
151129,4-2-5,1884
151129,5-2-4,2681
151129,6-2-4,142.7
151129,1-3-6,9.4
151129,2-3-6,56
151129,3-2-6,46.9
151129,4-2-6,174.7
151129,5-2-6,5576
151129,6-2-5,766
151129,1-4-2,38.1
151129,2-4-1,145.9
151129,3-4-1,118
151129,4-3-1,285.1
151129,5-3-1,2630
151129,6-3-1,42.4
151129,1-4-3,44.3
151129,2-4-3,181.5
151129,3-4-2,115.7
151129,4-3-2,237.9
151129,5-3-2,3319
151129,6-3-2,51.5
151129,1-4-5,608.8
151129,2-4-5,1721
151129,3-4-5,1437
151129,4-3-5,2630
151129,5-3-4,6971
151129,6-3-4,120.2
151129,1-4-6,49.3
151129,2-4-6,155.9
151129,3-4-6,99
151129,4-3-6,183.2
151129,5-3-6,4807
151129,6-3-5,569
151129,1-5-2,981.8
151129,2-5-1,1584
151129,3-5-1,1256
151129,4-5-1,2144
151129,5-4-1,4807
151129,6-4-1,158.9
151129,1-5-3,820.1
151129,2-5-3,3242
151129,3-5-2,1621
151129,4-5-2,2489
151129,5-4-2,2845
151129,6-4-2,146.2
151129,1-5-4,1040
151129,2-5-4,2213
151129,3-5-4,2112
151129,4-5-3,2904
151129,5-4-3,6061
151129,6-4-3,154
151129,1-5-6,954.9
151129,2-5-6,2788
151129,3-5-6,1721
151129,4-5-6,1549
151129,5-4-6,3030
151129,6-4-5,876.8
151129,1-6-2,19.5
151129,2-6-1,68.7
151129,3-6-1,31.5
151129,4-6-1,129.2
151129,5-6-1,4100
151129,6-5-1,1452
151129,1-6-3,15.5
151129,2-6-3,72
151129,3-6-2,41.4
151129,4-6-2,153.5
151129,5-6-2,4979
151129,6-5-2,1787
151129,1-6-4,46.9
151129,2-6-4,146.9
151129,3-6-4,76.1
151129,4-6-3,163
151129,5-6-3,6337
151129,6-5-3,1380
151129,1-6-5,437
151129,2-6-5,770.2
151129,3-6-5,482.4
151129,4-6-5,778.8
151129,5-6-4,3485
151129,6-5-4,1380
151130,1-2-3,21.2
151130,2-1-3,48.5
151130,3-1-2,64.6
151130,4-1-2,153.7
151130,5-1-2,35.2
151130,6-1-2,1435
151130,1-2-4,28
151130,2-1-4,58.4
151130,3-1-4,74.1
151130,4-1-3,252.7
151130,5-1-3,34.7
151130,6-1-3,2071
151130,1-2-5,15.3
151130,2-1-5,32.3
151130,3-1-5,33
151130,4-1-5,81.2
151130,5-1-4,42.5
151130,6-1-4,2578
151130,1-2-6,74.5
151130,2-1-6,146.9
151130,3-1-6,194.1
151130,4-1-6,298
151130,5-1-6,64.2
151130,6-1-5,698.1
151130,1-3-2,24.7
151130,2-3-1,106.5
151130,3-2-1,121.6
151130,4-2-1,192
151130,5-2-1,70.5
151130,6-2-1,1755
151130,1-3-4,29.1
151130,2-3-4,130.5
151130,3-2-4,124.9
151130,4-2-3,424
151130,5-2-3,111.2
151130,6-2-3,3159
151130,1-3-5,13.1
151130,2-3-5,87.3
151130,3-2-5,65.3
151130,4-2-5,143.4
151130,5-2-4,123.8
151130,6-2-4,1504
151130,1-3-6,88.1
151130,2-3-6,364.1
151130,3-2-6,346.1
151130,4-2-6,511.5
151130,5-2-6,163.4
151130,6-2-5,1251
151130,1-4-2,48.1
151130,2-4-1,102.2
151130,3-4-1,146
151130,4-3-1,336
151130,5-3-1,62.1
151130,6-3-1,2808
151130,1-4-3,55.8
151130,2-4-3,178.2
151130,3-4-2,153.3
151130,4-3-2,449.6
151130,5-3-2,96.6
151130,6-3-2,3510
151130,1-4-5,32.6
151130,2-4-5,90.2
151130,3-4-5,53.6
151130,4-3-5,96.7
151130,5-3-4,84.6
151130,6-3-4,2527
151130,1-4-6,110.5
151130,2-4-6,326.5
151130,3-4-6,296.6
151130,4-3-6,517.8
151130,5-3-6,175.2
151130,6-3-5,1251
151130,1-5-2,16.7
151130,2-5-1,46.4
151130,3-5-1,50.8
151130,4-5-1,85.6
151130,5-4-1,102.5
151130,6-4-1,2871
151130,1-5-3,17.3
151130,2-5-3,90.9
151130,3-5-2,77.8
151130,4-5-2,115.6
151130,5-4-2,140.7
151130,6-4-2,2578
151130,1-5-4,28.1
151130,2-5-4,78
151130,3-5-4,59
151130,4-5-3,88.8
151130,5-4-3,122.5
151130,6-4-3,3948
151130,1-5-6,38.2
151130,2-5-6,167.1
151130,3-5-6,139.6
151130,4-5-6,162.8
151130,5-4-6,160.7
151130,6-4-5,1035
151130,1-6-2,226.8
151130,2-6-1,694.2
151130,3-6-1,922.3
151130,4-6-1,722
151130,5-6-1,143.4
151130,6-5-1,451.2
151130,1-6-3,339.6
151130,2-6-3,1061
151130,3-6-2,889.8
151130,4-6-2,836.8
151130,5-6-2,195.3
151130,6-5-2,582.3
151130,1-6-4,266
151130,2-6-4,865.4
151130,3-6-4,950
151130,4-6-3,1373
151130,5-6-3,306.6
151130,6-5-3,1203
151130,1-6-5,156.1
151130,2-6-5,585
151130,3-6-5,476.8
151130,4-6-5,456.1
151130,5-6-4,242
151130,6-5-4,950
151131,1-2-3,8.8
151131,2-1-3,25.8
151131,3-1-2,44.5
151131,4-1-2,228.7
151131,5-1-2,45.2
151131,6-1-2,2769
151131,1-2-4,24.7
151131,2-1-4,58.2
151131,3-1-4,103.5
151131,4-1-3,350.7
151131,5-1-3,56.6
151131,6-1-3,3288
151131,1-2-5,7.3
151131,2-1-5,21
151131,3-1-5,27.9
151131,4-1-5,173.6
151131,5-1-4,129.7
151131,6-1-4,5538
151131,1-2-6,152
151131,2-1-6,276.9
151131,3-1-6,398.5
151131,4-1-6,869.6
151131,5-1-6,184.2
151131,6-1-5,3628
151131,1-3-2,10.2
151131,2-3-1,58.7
151131,3-2-1,77.8
151131,4-2-1,339.4
151131,5-2-1,75.4
151131,6-2-1,4209
151131,1-3-4,31.9
151131,2-3-4,140.8
151131,3-2-4,152.2
151131,4-2-3,508.3
151131,5-2-3,107.7
151131,6-2-3,4209
151131,1-3-5,9.3
151131,2-3-5,49.3
151131,3-2-5,64.1
151131,4-2-5,326.8
151131,5-2-4,195.2
151131,6-2-4,2698
151131,1-3-6,170.2
151131,2-3-6,467.6
151131,3-2-6,523.5
151131,4-2-6,956.6
151131,5-2-6,367.9
151131,6-2-5,3507
151131,1-4-2,48.7
151131,2-4-1,189.2
151131,3-4-1,263
151131,4-3-1,461.5
151131,5-3-1,115.7
151131,6-3-1,5010
151131,1-4-3,67.8
151131,2-4-3,234.8
151131,3-4-2,247
151131,4-3-2,578.1
151131,5-3-2,124.2
151131,6-3-2,3897
151131,1-4-5,53.6
151131,2-4-5,157.7
151131,3-4-5,189.2
151131,4-3-5,411
151131,5-3-4,279.1
151131,6-3-4,3288
151131,1-4-6,208.7
151131,2-4-6,773.7
151131,3-4-6,809.4
151131,4-3-6,1021
151131,5-3-6,427.7
151131,6-3-5,3006
151131,1-5-2,13.5
151131,2-5-1,44.1
151131,3-5-1,63.4
151131,4-5-1,233.3
151131,5-4-1,279.1
151131,6-4-1,5010
151131,1-5-3,15
151131,2-5-3,68
151131,3-5-2,74.8
151131,4-5-2,249.9
151131,5-4-2,234.8
151131,6-4-2,3288
151131,1-5-4,48.1
151131,2-5-4,128
151131,3-5-4,156.5
151131,4-5-3,310.4
151131,5-4-3,336.1
151131,6-4-3,4047
151131,1-5-6,129.1
151131,2-5-6,293.1
151131,3-5-6,280.6
151131,4-5-6,498.7
151131,5-4-6,562.7
151131,6-4-5,5010
151131,1-6-2,419.2
151131,2-6-1,939.5
151131,3-6-1,1594
151131,4-6-1,2192
151131,5-6-1,645.5
151131,6-5-1,3507
151131,1-6-3,768.1
151131,2-6-3,1570
151131,3-6-2,1985
151131,4-6-2,1846
151131,5-6-2,619
151131,6-5-2,3188
151131,1-6-4,757
151131,2-6-4,1315
151131,3-6-4,1879
151131,4-6-3,1503
151131,5-6-3,768.1
151131,6-5-3,2923
151131,1-6-5,637.7
151131,2-6-5,711
151131,3-6-5,1195
151131,4-6-5,1366
151131,5-6-4,876.9
151131,6-5-4,3288
151132,1-2-3,10.2
151132,2-1-3,51
151132,3-1-2,55.8
151132,4-1-2,274.5
151132,5-1-2,104.7
151132,6-1-2,680.3
151132,1-2-4,27.7
151132,2-1-4,106
151132,3-1-4,86.2
151132,4-1-3,290.2
151132,5-1-3,70.2
151132,6-1-3,479.3
151132,1-2-5,15.7
151132,2-1-5,72.3
151132,3-1-5,37.2
151132,4-1-5,301.3
151132,5-1-4,151.7
151132,6-1-4,838
151132,1-2-6,31.1
151132,2-1-6,168
151132,3-1-6,70.5
151132,4-1-6,370
151132,5-1-6,56.5
151132,6-1-5,273.3
151132,1-3-2,8.8
151132,2-3-1,108.2
151132,3-2-1,117.9
151132,4-2-1,557.4
151132,5-2-1,273.3
151132,6-2-1,1332
151132,1-3-4,22.1
151132,2-3-4,230
151132,3-2-4,198
151132,4-2-3,599.7
151132,5-2-3,313.2
151132,6-2-3,2181
151132,1-3-5,7.5
151132,2-3-5,143.3
151132,3-2-5,120.9
151132,4-2-5,816.4
151132,5-2-4,744.4
151132,6-2-4,1733
151132,1-3-6,15.8
151132,2-3-6,400.4
151132,3-2-6,304.9
151132,4-2-6,897.5
151132,5-2-6,365.7
151132,6-2-5,1110
151132,1-4-2,55.5
151132,2-4-1,323.6
151132,3-4-1,182
151132,4-3-1,473.9
151132,5-3-1,144.4
151132,6-3-1,816.4
151132,1-4-3,50.8
151132,2-4-3,351.5
151132,3-4-2,254.1
151132,4-3-2,543.1
151132,5-3-2,289.5
151132,6-3-2,2109
151132,1-4-5,46
151132,2-4-5,533.9
151132,3-4-5,197.1
151132,4-3-5,605.4
151132,5-3-4,466.9
151132,6-3-4,1240
151132,1-4-6,64.3
151132,2-4-6,735.7
151132,3-4-6,314
151132,4-3-6,659.1
151132,5-3-6,195.5
151132,6-3-5,639.1
151132,1-5-2,21.8
151132,2-5-1,228
151132,3-5-1,85.4
151132,4-5-1,344.8
151132,5-4-1,345.7
151132,6-4-1,1304
151132,1-5-3,15.3
151132,2-5-3,244.7
151132,3-5-2,141.2
151132,4-5-2,838
151132,5-4-2,781.1
151132,6-4-2,2181
151132,1-5-4,46.7
151132,2-5-4,540.8
151132,3-5-4,237.8
151132,4-5-3,585.8
151132,5-4-3,580.5
151132,6-4-3,1562
151132,1-5-6,20.1
151132,2-5-6,393
151132,3-5-6,114.8
151132,4-5-6,292.2
151132,5-4-6,297
151132,6-4-5,723.1
151132,1-6-2,66.5
151132,2-6-1,608.4
151132,3-6-1,240.5
151132,4-6-1,591.3
151132,5-6-1,141.5
151132,6-5-1,333
151132,1-6-3,48.8
151132,2-6-3,1090
151132,3-6-2,531.7
151132,4-6-2,1375
151132,5-6-2,358.4
151132,6-5-2,762.3
151132,1-6-4,112.9
151132,2-6-4,884.9
151132,3-6-4,588.6
151132,4-6-3,1161
151132,5-6-3,210.2
151132,6-5-3,460.1
151132,1-6-5,46.2
151132,2-6-5,771.6
151132,3-6-5,218.9
151132,4-6-5,527.2
151132,5-6-4,343.8
151132,6-5-4,585.8
151133,1-2-3,12.2
151133,2-1-3,230.9
151133,3-1-2,272.9
151133,4-1-2,62.1
151133,5-1-2,190
151133,6-1-2,587.6
151133,1-2-4,7.1
151133,2-1-4,126.9
151133,3-1-4,125.6
151133,4-1-3,167.8
151133,5-1-3,297.3
151133,6-1-3,952.9
151133,1-2-5,11
151133,2-1-5,192.5
151133,3-1-5,132.7
151133,4-1-5,46.9
151133,5-1-4,141.4
151133,6-1-4,519.3
151133,1-2-6,41.8
151133,2-1-6,368.9
151133,3-1-6,535.8
151133,4-1-6,118.5
151133,5-1-6,268.9
151133,6-1-5,880.2
151133,1-3-2,16.3
151133,2-3-1,602.1
151133,3-2-1,600.4
151133,4-2-1,193.6
151133,5-2-1,434
151133,6-2-1,1153
151133,1-3-4,10.8
151133,2-3-4,898.2
151133,3-2-4,771.7
151133,4-2-3,869.7
151133,5-2-3,1296
151133,6-2-3,1922
151133,1-3-5,12
151133,2-3-5,1141
151133,3-2-5,936.6
151133,4-2-5,273.2
151133,5-2-4,711.6
151133,6-2-4,1576
151133,1-3-6,57.9
151133,2-3-6,1712
151133,3-2-6,1623
151133,4-2-6,466.3
151133,5-2-6,1048
151133,6-2-5,2213
151133,1-4-2,8.8
151133,2-4-1,267.6
151133,3-4-1,356.3
151133,4-3-1,481.7
151133,5-3-1,682.7
151133,6-3-1,2408
151133,1-4-3,17
151133,2-4-3,794.1
151133,3-4-2,750.6
151133,4-3-2,1204
151133,5-3-2,1423
151133,6-3-2,2739
151133,1-4-5,9.8
151133,2-4-5,637.1
151133,3-4-5,549.3
151133,4-3-5,711.6
151133,5-3-4,1123
151133,6-3-4,2462
151133,1-4-6,32.8
151133,2-4-6,1010
151133,3-4-6,1532
151133,4-3-6,1336
151133,5-3-6,2010
151133,6-3-5,3223
151133,1-5-2,20.7
151133,2-5-1,508.5
151133,3-5-1,416.6
151133,4-5-1,75.5
151133,5-4-1,183.8
151133,6-4-1,817.8
151133,1-5-3,27.7
151133,2-5-3,1281
151133,3-5-2,1024
151133,4-5-2,168.3
151133,5-4-2,405.8
151133,6-4-2,1423
151133,1-5-4,18.1
151133,2-5-4,1033
151133,3-5-4,777.2
151133,4-5-3,426.4
151133,5-4-3,887.3
151133,6-4-3,2010
151133,1-5-6,50.4
151133,2-5-6,1511
151133,3-5-6,1699
151133,4-5-6,149
151133,5-4-6,336.1
151133,6-4-5,1470
151133,1-6-2,94.8
151133,2-6-1,1328
151133,3-6-1,1647
151133,4-6-1,359.3
151133,5-6-1,750.6
151133,6-5-1,1281
151133,1-6-3,134.4
151133,2-6-3,2548
151133,3-6-2,2519
151133,4-6-2,689.2
151133,5-6-2,1274
151133,6-5-2,2170
151133,1-6-4,97
151133,2-6-4,2048
151133,3-6-4,2609
151133,4-6-3,901.9
151133,5-6-3,1974
151133,6-5-3,2922
151133,1-6-5,115.9
151133,2-6-5,2356
151133,3-6-5,3535
151133,4-6-5,386.5
151133,5-6-4,996.2
151133,6-5-4,1554
151134,1-2-3,5
151134,2-1-3,15
151134,3-1-2,39.7
151134,4-1-2,180.3
151134,5-1-2,399
151134,6-1-2,760.2
151134,1-2-4,9.8
151134,2-1-4,28.8
151134,3-1-4,59.4
151134,4-1-3,253.2
151134,5-1-3,439.4
151134,6-1-3,1079
151134,1-2-5,16.3
151134,2-1-5,39.7
151134,3-1-5,85.6
151134,4-1-5,292.8
151134,5-1-4,760.2
151134,6-1-4,1523
151134,1-2-6,28.4
151134,2-1-6,56.9
151134,3-1-6,107.1
151134,4-1-6,364.5
151134,5-1-6,687.2
151134,6-1-5,1645
151134,1-3-2,9.2
151134,2-3-1,35.7
151134,3-2-1,62
151134,4-2-1,260.6
151134,5-2-1,545
151134,6-2-1,962.5
151134,1-3-4,17.3
151134,2-3-4,42.2
151134,3-2-4,53.8
151134,4-2-3,349.4
151134,5-2-3,734.7
151134,6-2-3,1343
151134,1-3-5,24.1
151134,2-3-5,59.2
151134,3-2-5,65.6
151134,4-2-5,475
151134,5-2-4,1038
151134,6-2-4,1503
151134,1-3-6,37.2
151134,2-3-6,57.6
151134,3-2-6,78.8
151134,4-2-6,504.1
151134,5-2-6,1051
151134,6-2-5,1798
151134,1-4-2,33.8
151134,2-4-1,94.1
151134,3-4-1,119.3
151134,4-3-1,315.6
151134,5-3-1,650.5
151134,6-3-1,1270
151134,1-4-3,48.1
151134,2-4-3,83.6
151134,3-4-2,102.5
151134,4-3-2,425.2
151134,5-3-2,882.5
151134,6-3-2,1670
151134,1-4-5,67.7
151134,2-4-5,154.2
151134,3-4-5,152.1
151134,4-3-5,588.8
151134,5-3-4,1232
151134,6-3-4,1714
151134,1-4-6,72.4
151134,2-4-6,146.3
151134,3-4-6,138.6
151134,4-3-6,504.1
151134,5-3-6,1246
151134,6-3-5,1902
151134,1-5-2,59.7
151134,2-5-1,170.7
151134,3-5-1,210.8
151134,4-5-1,576.4
151134,5-4-1,1090
151134,6-4-1,1881
151134,1-5-3,73
151134,2-5-3,190.8
151134,3-5-2,222.7
151134,4-5-2,715.6
151134,5-4-2,1261
151134,6-4-2,1959
151134,1-5-4,126.7
151134,2-5-4,308.5
151134,3-5-4,311.1
151134,4-5-3,783.7
151134,5-4-3,1383
151134,6-4-3,1971
151134,1-5-6,143.4
151134,2-5-6,256.9
151134,3-5-6,298.1
151134,4-5-6,780
151134,5-4-6,1205
151134,6-4-5,2591
151134,1-6-2,140.1
151134,2-6-1,277.3
151134,3-6-1,359.7
151134,4-6-1,789.4
151134,5-6-1,1041
151134,6-5-1,1732
151134,1-6-3,174.4
151134,2-6-3,275.9
151134,3-6-2,381.8
151134,4-6-2,1025
151134,5-6-2,1388
151134,6-5-2,2180
151134,1-6-4,218.1
151134,2-6-4,442.4
151134,3-6-4,535.2
151134,4-6-3,979.7
151134,5-6-3,1290
151134,6-5-3,2019
151134,1-6-5,285.9
151134,2-6-5,420.9
151134,3-6-5,531.7
151134,4-6-5,1019
151134,5-6-4,1431
151134,6-5-4,2368
151111,1-2-3,5.9
151111,2-1-3,71
151111,3-1-2,48.4
151111,4-1-2,80.7
151111,5-1-2,228
151111,6-1-2,1872
151111,1-2-4,9.8
151111,2-1-4,92.8
151111,3-1-4,55
151111,4-1-3,89
151111,5-1-3,203.6
151111,6-1-3,2441
151111,1-2-5,18.7
151111,2-1-5,150.1
151111,3-1-5,55.3
151111,4-1-5,54.6
151111,5-1-4,164.3
151111,6-1-4,2146
151111,1-2-6,135.7
151111,2-1-6,651.8
151111,3-1-6,364.5
151111,4-1-6,179.5
151111,5-1-6,532
151111,6-1-5,2649
151111,1-3-2,5.9
151111,2-3-1,169.5
151111,3-2-1,147.5
151111,4-2-1,240.1
151111,5-2-1,508.1
151111,6-2-1,2515
151111,1-3-4,7.8
151111,2-3-4,375.5
151111,3-2-4,295.3
151111,4-2-3,529.8
151111,5-2-3,841.2
151111,6-2-3,3507
151111,1-3-5,10.9
151111,2-3-5,488.2
151111,3-2-5,314.4
151111,4-2-5,376.7
151111,5-2-4,752.2
151111,6-2-4,2797
151111,1-3-6,95
151111,2-3-6,2008
151111,3-2-6,1546
151111,4-2-6,1033
151111,5-2-6,1527
151111,6-2-5,3952
151111,1-4-2,15.2
151111,2-4-1,300
151111,3-4-1,183
151111,4-3-1,222.1
151111,5-3-1,376.1
151111,6-3-1,3036
151111,1-4-3,14.3
151111,2-4-3,651.8
151111,3-4-2,451.1
151111,4-3-2,478.8
151111,5-3-2,750
151111,6-3-2,5081
151111,1-4-5,18.9
151111,2-4-5,864.6
151111,3-4-5,282
151111,4-3-5,419.2
151111,5-3-4,844.1
151111,6-3-4,4082
151111,1-4-6,77.2
151111,2-4-6,2349
151111,3-4-6,1158
151111,4-3-6,1158
151111,5-3-6,2223
151111,6-3-5,4788
151111,1-5-2,36.1
151111,2-5-1,468.9
151111,3-5-1,168.7
151111,4-5-1,77.2
151111,5-4-1,208.5
151111,6-4-1,3000
151111,1-5-3,31.1
151111,2-5-3,895.7
151111,3-5-2,318.4
151111,4-5-2,178.5
151111,5-4-2,489.2
151111,6-4-2,4980
151111,1-5-4,36.4
151111,2-5-4,1028
151111,3-5-4,397.7
151111,4-5-3,232.7
151111,5-4-3,685.9
151111,6-4-3,4082
151111,1-5-6,158.7
151111,2-5-6,2677
151111,3-5-6,1185
151111,4-5-6,242.2
151111,5-4-6,664
151111,6-4-5,2677
151111,1-6-2,406.8
151111,2-6-1,1945
151111,3-6-1,1331
151111,4-6-1,587.2
151111,5-6-1,1283
151111,6-5-1,3458
151111,1-6-3,367.8
151111,2-6-3,3112
151111,3-6-2,2964
151111,4-6-2,1276
151111,5-6-2,2041
151111,6-5-2,4446
151111,1-6-4,323.8
151111,2-6-4,3320
151111,3-6-4,2305
151111,4-6-3,1491
151111,5-6-3,2621
151111,6-5-3,4882
151111,1-6-5,428.5
151111,2-6-5,3952
151111,3-6-5,2829
151111,4-6-5,709.4
151111,5-6-4,1398
151111,6-5-4,2349
151112,1-2-3,26.3
151112,2-1-3,106
151112,3-1-2,357.6
151112,4-1-2,11.4
151112,5-1-2,616
151112,6-1-2,864.6
151112,1-2-4,7.2
151112,2-1-4,24.4
151112,3-1-4,166.6
151112,4-1-3,39.2
151112,5-1-3,1026
151112,6-1-3,1392
151112,1-2-5,58
151112,2-1-5,125.4
151112,3-1-5,563.9
151112,4-1-5,17.3
151112,5-1-4,355.6
151112,6-1-4,673.3
151112,1-2-6,85.1
151112,2-1-6,163.5
151112,3-1-6,1026
151112,4-1-6,43.1
151112,5-1-6,981.8
151112,6-1-5,1665
151112,1-3-2,60.5
151112,2-3-1,371.6
151112,3-2-1,818.7
151112,4-2-1,24.4
151112,5-2-1,873.8
151112,6-2-1,1310
151112,1-3-4,22.3
151112,2-3-4,264.4
151112,3-2-4,487.9
151112,4-2-3,111
151112,5-2-3,1511
151112,6-2-3,3042
151112,1-3-5,116.6
151112,2-3-5,794.9
151112,3-2-5,1332
151112,4-2-5,57.6
151112,5-2-4,657.1
151112,6-2-4,1257
151112,1-3-6,206.5
151112,2-3-6,1162
151112,3-2-6,2303
151112,4-2-6,62.6
151112,5-2-6,1735
151112,6-2-5,4107
151112,1-4-2,5.3
151112,2-4-1,32.5
151112,3-4-1,190.4
151112,4-3-1,124.1
151112,5-3-1,2281
151112,6-3-1,3080
151112,1-4-3,11
151112,2-4-3,121.2
151112,3-4-2,361.8
151112,4-3-2,221.2
151112,5-3-2,1852
151112,6-3-2,4400
151112,1-4-5,11.1
151112,2-4-5,107
151112,3-4-5,660.6
151112,4-3-5,293.7
151112,5-3-4,1987
151112,6-3-4,1852
151112,1-4-6,22.3
151112,2-4-6,98.8
151112,3-4-6,619.1
151112,4-3-6,256.4
151112,5-3-6,5357
151112,6-3-5,4563
151112,1-5-2,135.3
151112,2-5-1,486
151112,3-5-1,1346
151112,4-5-1,32.4
151112,5-4-1,311.1
151112,6-4-1,718.4
151112,1-5-3,237.1
151112,2-5-3,1179
151112,3-5-2,1493
151112,4-5-2,49.1
151112,5-4-2,435.3
151112,6-4-2,916.1
151112,1-5-4,86.9
151112,2-5-4,371.1
151112,3-5-4,1095
151112,4-5-3,137
151112,5-4-3,958.8
151112,6-4-3,1569
151112,1-5-6,295.1
151112,2-5-6,1610
151112,3-5-6,3733
151112,4-5-6,81.1
151112,5-4-6,511.2
151112,6-4-5,1376
151112,1-6-2,259.9
151112,2-6-1,802.7
151112,3-6-1,2003
151112,4-6-1,124.7
151112,5-6-1,2200
151112,6-5-1,3974
151112,1-6-3,440.8
151112,2-6-3,2416
151112,3-6-2,3624
151112,4-6-2,147.5
151112,5-6-2,2800
151112,6-5-2,4480
151112,1-6-4,124.2
151112,2-6-4,484.1
151112,3-6-4,2124
151112,4-6-3,367.2
151112,5-6-3,4480
151112,6-5-3,5357
151112,1-6-5,527.6
151112,2-6-5,2621
151112,3-6-5,4739
151112,4-6-5,179.6
151112,5-6-4,1549
151112,6-5-4,2464
151113,1-2-3,78.6
151113,2-1-3,343.3
151113,3-1-2,45.1
151113,4-1-2,535.5
151113,5-1-2,189.8
151113,6-1-2,3559
151113,1-2-4,167.9
151113,2-1-4,778.3
151113,3-1-4,11.3
151113,4-1-3,118.3
151113,5-1-3,31.2
151113,6-1-3,2521
151113,1-2-5,142.1
151113,2-1-5,591.8
151113,3-1-5,6.8
151113,4-1-5,132.9
151113,5-1-4,67.2
151113,6-1-4,4173
151113,1-2-6,670.5
151113,2-1-6,1936
151113,3-1-6,200.8
151113,4-1-6,992
151113,5-1-6,240.6
151113,6-1-5,1704
151113,1-3-2,26
151113,2-3-1,519.4
151113,3-2-1,189.9
151113,4-2-1,1322
151113,5-2-1,562.9
151113,6-2-1,3968
151113,1-3-4,7.4
151113,2-3-4,941.8
151113,3-2-4,321.8
151113,4-2-3,1315
151113,5-2-3,484.1
151113,6-2-3,4746
151113,1-3-5,4.7
151113,2-3-5,627
151113,3-2-5,194.5
151113,4-2-5,1352
151113,5-2-4,889.9
151113,6-2-4,5763
151113,1-3-6,148.7
151113,2-3-6,4322
151113,3-2-6,1367
151113,4-2-6,3143
151113,5-2-6,1367
151113,6-2-5,5629
151113,1-4-2,141.6
151113,2-4-1,1592
151113,3-4-1,28.3
151113,4-3-1,114.5
151113,5-3-1,36.4
151113,6-3-1,2988
151113,1-4-3,26.3
151113,2-4-3,1432
151113,3-4-2,189.8
151113,4-3-2,593.2
151113,5-3-2,204.2
151113,6-3-2,4654
151113,1-4-5,37.3
151113,2-4-5,1984
151113,3-4-5,24.2
151113,4-3-5,105.2
151113,5-3-4,65.3
151113,6-3-4,2521
151113,1-4-6,391.6
151113,2-4-6,3409
151113,3-4-6,371.2
151113,4-3-6,906.5
151113,5-3-6,344.3
151113,6-3-5,2719
151113,1-5-2,81.3
151113,2-5-1,1057
151113,3-5-1,13.4
151113,4-5-1,146.1
151113,5-4-1,147.4
151113,6-4-1,5629
151113,1-5-3,14
151113,2-5-3,849.3
151113,3-5-2,98.4
151113,4-5-2,674.2
151113,5-4-2,640.3
151113,6-4-2,6206
151113,1-5-4,32.8
151113,2-5-4,1680
151113,3-5-4,21
151113,4-5-3,124.8
151113,5-4-3,127.7
151113,6-4-3,4482
151113,1-5-6,191.6
151113,2-5-6,3723
151113,3-5-6,242.2
151113,4-5-6,801.5
151113,5-4-6,695.5
151113,6-4-5,2951
151113,1-6-2,1158
151113,2-6-1,3904
151113,3-6-1,791
151113,4-6-1,2469
151113,5-6-1,508.5
151113,6-5-1,1716
151113,1-6-3,652.4
151113,2-6-3,4746
151113,3-6-2,2142
151113,4-6-2,3842
151113,5-6-2,1287
151113,6-5-2,4939
151113,1-6-4,1131
151113,2-6-4,4400
151113,3-6-4,1192
151113,4-6-3,2241
151113,5-6-3,642
151113,6-5-3,2521
151113,1-6-5,749.3
151113,2-6-5,6051
151113,3-6-5,927.4
151113,4-6-5,2161
151113,5-6-4,976
151113,6-5-4,3270
151114,1-2-3,4.3
151114,2-1-3,33.7
151114,3-1-2,63.9
151114,4-1-2,866.5
151114,5-1-2,151.6
151114,6-1-2,668.1
151114,1-2-4,26.1
151114,2-1-4,131.5
151114,3-1-4,163.8
151114,4-1-3,703.7
151114,5-1-3,149.2
151114,6-1-3,441.5
151114,1-2-5,8.4
151114,2-1-5,51.4
151114,3-1-5,76.1
151114,4-1-5,1277
151114,5-1-4,567
151114,6-1-4,1939
151114,1-2-6,18.1
151114,2-1-6,105.6
151114,3-1-6,96.1
151114,4-1-6,1155
151114,5-1-6,198.2
151114,6-1-5,785.5
151114,1-3-2,5.8
151114,2-3-1,84.2
151114,3-2-1,130.7
151114,4-2-1,1386
151114,5-2-1,265
151114,6-2-1,1232
151114,1-3-4,23.2
151114,2-3-4,408.9
151114,3-2-4,481.3
151114,4-2-3,1873
151114,5-2-3,493.3
151114,6-2-3,1584
151114,1-3-5,8.6
151114,2-3-5,184.8
151114,3-2-5,308.4
151114,4-2-5,2183
151114,5-2-4,918.1
151114,6-2-4,3648
151114,1-3-6,13.3
151114,2-3-6,307.7
151114,3-2-6,417.5
151114,4-2-6,2291
151114,5-2-6,658.6
151114,6-2-5,2718
151114,1-4-2,77.2
151114,2-4-1,631.6
151114,3-4-1,495.1
151114,4-3-1,1136
151114,5-3-1,338.5
151114,6-3-1,705.5
151114,1-4-3,76.9
151114,2-4-3,869.2
151114,3-4-2,832.6
151114,4-3-2,1966
151114,5-3-2,553.4
151114,6-3-2,1848
151114,1-4-5,128.6
151114,2-4-5,1136
151114,3-4-5,885.8
151114,4-3-5,2330
151114,5-3-4,1722
151114,6-3-4,3648
151114,1-4-6,148.6
151114,2-4-6,1254
151114,3-4-6,946.3
151114,4-3-6,2918
151114,5-3-6,813.1
151114,6-3-5,2858
151114,1-5-2,19.2
151114,2-5-1,199.1
151114,3-5-1,252.9
151114,4-5-1,1812
151114,5-4-1,1482
151114,6-4-1,3961
151114,1-5-3,20.5
151114,2-5-3,328.5
151114,3-5-2,423.3
151114,4-5-2,2520
151114,5-4-2,1966
151114,6-4-2,5332
151114,1-5-4,92.6
151114,2-5-4,808.4
151114,3-5-4,1004
151114,4-5-3,2254
151114,5-4-3,2453
151114,6-4-3,5436
151114,1-5-6,41.3
151114,2-5-6,571.7
151114,3-5-6,515.4
151114,4-5-6,2291
151114,5-4-6,2009
151114,6-4-5,4780
151114,1-6-2,58.8
151114,2-6-1,509.7
151114,3-6-1,355.4
151114,4-6-1,2149
151114,5-6-1,475.6
151114,6-5-1,1515
151114,1-6-3,51.1
151114,2-6-3,855.8
151114,3-6-2,832.6
151114,4-6-2,3187
151114,5-6-2,789.9
151114,6-5-2,2520
151114,1-6-4,198.7
151114,2-6-4,1777
151114,3-6-4,1429
151114,4-6-3,3262
151114,5-6-3,861.1
151114,6-5-3,2310
151114,1-6-5,89.9
151114,2-6-5,1190
151114,3-6-5,789.9
151114,4-6-5,3301
151114,5-6-4,1733
151114,6-5-4,3747
151115,1-2-3,14.1
151115,2-1-3,142.7
151115,3-1-2,67.8
151115,4-1-2,77.5
151115,5-1-2,451.6
151115,6-1-2,133.4
151115,1-2-4,25.3
151115,2-1-4,265.4
151115,3-1-4,63.4
151115,4-1-3,73.9
151115,5-1-3,356.1
151115,6-1-3,115.8
151115,1-2-5,47
151115,2-1-5,343.9
151115,3-1-5,111.2
151115,4-1-5,84.4
151115,5-1-4,344.4
151115,6-1-4,166.5
151115,1-2-6,27.1
151115,2-1-6,235.7
151115,3-1-6,52.6
151115,4-1-6,44.9
151115,5-1-6,208.3
151115,6-1-5,259.1
151115,1-3-2,11
151115,2-3-1,238.2
151115,3-2-1,215.5
151115,4-2-1,217
151115,5-2-1,1126
151115,6-2-1,441.3
151115,1-3-4,8.8
151115,2-3-4,634.1
151115,3-2-4,424.8
151115,4-2-3,676.8
151115,5-2-3,1443
151115,6-2-3,732
151115,1-3-5,20.1
151115,2-3-5,732
151115,3-2-5,669.6
151115,4-2-5,831.4
151115,5-2-4,1350
151115,6-2-4,1195
151115,1-3-6,7.9
151115,2-3-6,547
151115,3-2-6,415
151115,4-2-6,442
151115,5-2-6,1569
151115,6-2-5,1477
151115,1-4-2,26.1
151115,2-4-1,585.3
151115,3-4-1,137.3
151115,4-3-1,143.9
151115,5-3-1,606.5
151115,6-3-1,217
151115,1-4-3,14
151115,2-4-3,1016
151115,3-4-2,439.7
151115,4-3-2,597.8
151115,5-3-2,1091
151115,6-3-2,676.8
151115,1-4-5,32.6
151115,2-4-5,1178
151115,3-4-5,399.2
151115,4-3-5,480.1
151115,5-3-4,1151
151115,6-3-4,525.3
151115,1-4-6,13.7
151115,2-4-6,1016
151115,3-4-6,187.9
151115,4-3-6,250.6
151115,5-3-6,984.7
151115,6-3-5,996.4
151115,1-5-2,81
151115,2-5-1,913.1
151115,3-5-1,357.7
151115,4-5-1,116.6
151115,5-4-1,439.7
151115,6-4-1,243
151115,1-5-3,51.4
151115,2-5-3,1195
151115,3-5-2,834.2
151115,4-5-2,492.3
151115,5-4-2,1126
151115,6-4-2,707.3
151115,1-5-4,72.5
151115,2-5-4,1307
151115,3-5-4,691.7
151115,4-5-3,453.2
151115,5-4-3,1037
151115,6-4-3,473.7
151115,1-5-6,48.1
151115,2-5-6,1477
151115,3-5-6,480.1
151115,4-5-6,138.5
151115,5-4-6,327.3
151115,6-4-5,618.4
151115,1-6-2,38.4
151115,2-6-1,569.4
151115,3-6-1,123.2
151115,4-6-1,65
151115,5-6-1,385.1
151115,6-5-1,538.8
151115,1-6-3,18.6
151115,2-6-3,851.2
151115,3-6-2,414.3
151115,4-6-2,297.1
151115,5-6-2,1261
151115,6-5-2,1521
151115,1-6-4,27.2
151115,2-6-4,1402
151115,3-6-4,255.7
151115,4-6-3,248.8
151115,5-6-3,1033
151115,6-5-3,930
151115,1-6-5,50
151115,2-6-5,1485
151115,3-6-5,445.2
151115,4-6-5,156.5
151115,5-6-4,465
151115,6-5-4,837
151116,1-2-3,16.6
151116,2-1-3,29.2
151116,3-1-2,150.7
151116,4-1-2,313.5
151116,5-1-2,1068
151116,6-1-2,18.6
151116,1-2-4,33.6
151116,2-1-4,54.7
151116,3-1-4,362.9
151116,4-1-3,622.6
151116,5-1-3,1315
151116,6-1-3,54.3
151116,1-2-5,70.4
151116,2-1-5,99.7
151116,3-1-5,437.2
151116,4-1-5,688.4
151116,5-1-4,1723
151116,6-1-4,104.9
151116,1-2-6,8.2
151116,2-1-6,11.6
151116,3-1-6,134.9
151116,4-1-6,191.6
151116,5-1-6,676.2
151116,6-1-5,142
151116,1-3-2,33.1
151116,2-3-1,72.3
151116,3-2-1,164.4
151116,4-2-1,327.7
151116,5-2-1,1000
151116,6-2-1,18.2
151116,1-3-4,77.7
151116,2-3-4,168
151116,3-2-4,330.2
151116,4-2-3,491
151116,5-2-3,1156
151116,6-2-3,29.9
151116,1-3-5,117.4
151116,2-3-5,235.7
151116,3-2-5,490.1
151116,4-2-5,701.1
151116,5-2-4,1248
151116,6-2-4,58.9
151116,1-3-6,31.4
151116,2-3-6,38.1
151116,3-2-6,83.2
151116,4-2-6,114.4
151116,5-2-6,479.5
151116,6-2-5,74.5
151116,1-4-2,77.2
151116,2-4-1,136.8
151116,3-4-1,553
151116,4-3-1,858.9
151116,5-3-1,1428
151116,6-3-1,112.3
151116,1-4-3,130.7
151116,2-4-3,224.1
151116,3-4-2,545.1
151116,4-3-2,785.6
151116,5-3-2,1236
151116,6-3-2,67.6
151116,1-4-5,292.5
151116,2-4-5,508.8
151116,3-4-5,1068
151116,4-3-5,1254
151116,5-3-4,2154
151116,6-3-4,247.8
151116,1-4-6,74.7
151116,2-4-6,69.8
151116,3-4-6,324.1
151116,4-3-6,471.9
151116,5-3-6,1492
151116,6-3-5,269.2
151116,1-5-2,219.5
151116,2-5-1,352.4
151116,3-5-1,819.4
151116,4-5-1,814.4
151116,5-4-1,1829
151116,6-4-1,181.1
151116,1-5-3,255.1
151116,2-5-3,456.6
151116,3-5-2,792.6
151116,4-5-2,974.9
151116,5-4-2,1769
151116,6-4-2,96.2
151116,1-5-4,457.4
151116,2-5-4,792.6
151116,3-5-4,1315
151116,4-5-3,1197
151116,5-4-3,2103
151116,6-4-3,274.5
151116,1-5-6,184.3
151116,2-5-6,175.3
151116,3-5-6,555.3
151116,4-5-6,435.7
151116,5-4-6,1284
151116,6-4-5,366.4
151116,1-6-2,11.7
151116,2-6-1,13.8
151116,3-6-1,136.1
151116,4-6-1,156.5
151116,5-6-1,714.2
151116,6-5-1,251
151116,1-6-3,27.3
151116,2-6-3,25.2
151116,3-6-2,85.1
151116,4-6-2,96.5
151116,5-6-2,452
151116,6-5-2,142.1
151116,1-6-4,55.1
151116,2-6-4,46.5
151116,3-6-4,295.8
151116,4-6-3,289.4
151116,5-6-3,1023
151116,6-5-3,294.5
151116,1-6-5,98.9
151116,2-6-5,78.4
151116,3-6-5,398.7
151116,4-6-5,290.6
151116,5-6-4,1039
151116,6-5-4,470.3
151117,1-2-3,12.7
151117,2-1-3,38.7
151117,3-1-2,178.6
151117,4-1-2,32.4
151117,5-1-2,249.5
151117,6-1-2,95.7
151117,1-2-4,7.1
151117,2-1-4,28
151117,3-1-4,178.1
151117,4-1-3,115.2
151117,5-1-3,667.5
151117,6-1-3,272.1
151117,1-2-5,18.7
151117,2-1-5,47
151117,3-1-5,377.5
151117,4-1-5,53.5
151117,5-1-4,283.1
151117,6-1-4,125.2
151117,1-2-6,13
151117,2-1-6,37.2
151117,3-1-6,249.3
151117,4-1-6,34.9
151117,5-1-6,318.4
151117,6-1-5,308.6
151117,1-3-2,29.8
151117,2-3-1,154.5
151117,3-2-1,291
151117,4-2-1,62.2
151117,5-2-1,405
151117,6-2-1,156
151117,1-3-4,42.9
151117,2-3-4,276.3
151117,3-2-4,315.6
151117,4-2-3,245.1
151117,5-2-3,1001
151117,6-2-3,460.1
151117,1-3-5,90.4
151117,2-3-5,490.8
151117,3-2-5,705.1
151117,4-2-5,128.2
151117,5-2-4,443.8
151117,6-2-4,203.3
151117,1-3-6,55.6
151117,2-3-6,350.6
151117,3-2-6,479.5
151117,4-2-6,80.1
151117,5-2-6,665.7
151117,6-2-5,574.1
151117,1-4-2,10.5
151117,2-4-1,69
151117,3-4-1,271.5
151117,4-3-1,293.8
151117,5-3-1,1025
151117,6-3-1,557.5
151117,1-4-3,38.3
151117,2-4-3,220.5
151117,3-4-2,401.1
151117,4-3-2,427.9
151117,5-3-2,1148
151117,6-3-2,758.5
151117,1-4-5,27.7
151117,2-4-5,190.6
151117,3-4-5,682.1
151117,4-3-5,618.1
151117,5-3-4,1940
151117,6-3-4,787.2
151117,1-4-6,16.2
151117,2-4-6,109.6
151117,3-4-6,383.3
151117,4-3-6,389.3
151117,5-3-6,1896
151117,6-3-5,1422
151117,1-5-2,58.9
151117,2-5-1,224.9
151117,3-5-1,691.5
151117,4-5-1,78.3
151117,5-4-1,314.8
151117,6-4-1,172
151117,1-5-3,146.3
151117,2-5-3,606.1
151117,3-5-2,897.2
151117,4-5-2,131.2
151117,5-4-2,382.7
151117,6-4-2,209.8
151117,1-5-4,82.3
151117,2-5-4,384.5
151117,3-5-4,1093
151117,4-5-3,370.3
151117,5-4-3,1251
151117,6-4-3,600.3
151117,1-5-6,89.4
151117,2-5-6,430.8
151117,3-5-6,1051
151117,4-5-6,75.1
151117,5-4-6,328
151117,6-4-5,371.4
151117,1-6-2,36.6
151117,2-6-1,157.8
151117,3-6-1,394.2
151117,4-6-1,54.5
151117,5-6-1,480.4
151117,6-5-1,495.7
151117,1-6-3,85.5
151117,2-6-3,454.3
151117,3-6-2,729.8
151117,4-6-2,76.9
151117,5-6-2,745
151117,6-5-2,792.1
151117,1-6-4,38.6
151117,2-6-4,190.2
151117,3-6-4,650.2
151117,4-6-3,257.8
151117,5-6-3,1545
151117,6-5-3,1158
151117,1-6-5,99.2
151117,2-6-5,538.3
151117,3-6-5,1406
151117,4-6-5,83.8
151117,5-6-4,447
151117,6-5-4,478.6
151118,1-2-3,24.2
151118,2-1-3,14.3
151118,3-1-2,298.8
151118,4-1-2,42.3
151118,5-1-2,1738
151118,6-1-2,414.1
151118,1-2-4,10.5
151118,2-1-4,6.4
151118,3-1-4,414.1
151118,4-1-3,176.4
151118,5-1-3,3147
151118,6-1-3,1548
151118,1-2-5,145.1
151118,2-1-5,100.8
151118,3-1-5,990.5
151118,4-1-5,298.8
151118,5-1-4,2982
151118,6-1-4,694.3
151118,1-2-6,31.4
151118,2-1-6,16.5
151118,3-1-6,730.1
151118,4-1-6,93.2
151118,5-1-6,3632
151118,6-1-5,3079
151118,1-3-2,71.1
151118,2-3-1,40.5
151118,3-2-1,252.7
151118,4-2-1,32.4
151118,5-2-1,1600
151118,6-2-1,355.4
151118,1-3-4,93.2
151118,2-3-4,21.8
151118,3-2-4,132
151118,4-2-3,69.2
151118,5-2-3,1609
151118,6-2-3,628.1
151118,1-3-5,355
151118,2-3-5,145.1
151118,3-2-5,638
151118,4-2-5,145.9
151118,5-2-4,1200
151118,6-2-4,211.1
151118,1-3-6,182.6
151118,2-3-6,43.5
151118,3-2-6,247
151118,4-2-6,36.2
151118,5-2-6,1738
151118,6-2-5,1591
151118,1-4-2,21.1
151118,2-4-1,8.5
151118,3-4-1,483.4
151118,4-3-1,339.7
151118,5-3-1,3294
151118,6-3-1,2400
151118,1-4-3,77.1
151118,2-4-3,16.1
151118,3-4-2,209.3
151118,4-3-2,157.5
151118,5-3-2,1582
151118,6-3-2,1133
151118,1-4-5,261.3
151118,2-4-5,60.7
151118,3-4-5,1221
151118,4-3-5,793.5
151118,5-3-4,4047
151118,6-3-4,1523
151118,1-4-6,68.4
151118,2-4-6,10.4
151118,3-4-6,520.7
151118,4-3-6,317.9
151118,5-3-6,4801
151118,6-3-5,3497
151118,1-5-2,502.3
151118,2-5-1,339.7
151118,3-5-1,1953
151118,4-5-1,455.4
151118,5-4-1,2805
151118,6-4-1,708.2
151118,1-5-3,941.2
151118,2-5-3,353.6
151118,3-5-2,1156
151118,4-5-2,292
151118,5-4-2,1388
151118,6-4-2,254.5
151118,1-5-4,795.8
151118,2-5-4,237.6
151118,3-5-4,2463
151118,4-5-3,807.1
151118,5-4-3,3632
151118,6-4-3,1137
151118,1-5-6,990.5
151118,2-5-6,301
151118,3-5-6,1967
151118,4-5-6,355.9
151118,5-4-6,2230
151118,6-4-5,2009
151118,1-6-2,123.2
151118,2-6-1,44.3
151118,3-6-1,1210
151118,4-6-1,124.7
151118,5-6-1,4105
151118,6-5-1,4292
151118,1-6-3,340.5
151118,2-6-3,68.7
151118,3-6-2,715.4
151118,4-6-2,69.4
151118,5-6-2,2890
151118,6-5-2,2552
151118,1-6-4,172.8
151118,2-6-4,30.5
151118,3-6-4,1098
151118,4-6-3,287.3
151118,5-6-3,5059
151118,6-5-3,4358
151118,1-6-5,908
151118,2-6-5,192.7
151118,3-6-5,2442
151118,4-6-5,302.6
151118,5-6-4,3541
151118,6-5-4,3046
151119,1-2-3,9.9
151119,2-1-3,37.2
151119,3-1-2,57.3
151119,4-1-2,1109
151119,5-1-2,54.3
151119,6-1-2,537.6
151119,1-2-4,108.8
151119,2-1-4,247
151119,3-1-4,265.8
151119,4-1-3,1321
151119,5-1-3,38.8
151119,6-1-3,388.8
151119,1-2-5,11
151119,2-1-5,37.1
151119,3-1-5,32.6
151119,4-1-5,1420
151119,5-1-4,305
151119,6-1-4,1516
151119,1-2-6,27.9
151119,2-1-6,102.5
151119,3-1-6,93.4
151119,4-1-6,1626
151119,5-1-6,51.4
151119,6-1-5,257.9
151119,1-3-2,11.7
151119,2-3-1,57.9
151119,3-2-1,63
151119,4-2-1,1662
151119,5-2-1,96.2
151119,6-2-1,863.2
151119,1-3-4,87.1
151119,2-3-4,346.3
151119,3-2-4,440.1
151119,4-2-3,1787
151119,5-2-3,133.2
151119,6-2-3,978.6
151119,1-3-5,6.9
151119,2-3-5,51.5
151119,3-2-5,71.1
151119,4-2-5,2625
151119,5-2-4,646.3
151119,6-2-4,2321
151119,1-3-6,20.6
151119,2-3-6,109.5
151119,3-2-6,186.3
151119,4-2-6,2607
151119,5-2-6,170.4
151119,6-2-5,815.1
151119,1-4-2,248.3
151119,2-4-1,725.1
151119,3-4-1,780
151119,4-3-1,1787
151119,5-3-1,69.9
151119,6-3-1,694.6
151119,1-4-3,269.4
151119,2-4-3,702.3
151119,3-4-2,1075
151119,4-3-2,1903
151119,5-3-2,126.7
151119,6-3-2,1122
151119,1-4-5,244.6
151119,2-4-5,799.7
151119,3-4-5,847.8
151119,4-3-5,2252
151119,5-3-4,615.9
151119,6-3-4,2589
151119,1-4-6,357.4
151119,2-4-6,1129
151119,3-4-6,1441
151119,4-3-6,3339
151119,5-3-6,128.2
151119,6-3-5,517.2
151119,1-5-2,15.5
151119,2-5-1,64.9
151119,3-5-1,49.8
151119,4-5-1,1662
151119,5-4-1,1054
151119,6-4-1,2625
151119,1-5-3,10.6
151119,2-5-3,72.6
151119,3-5-2,81.1
151119,4-5-2,2589
151119,5-4-2,1487
151119,6-4-2,3429
151119,1-5-4,129.8
151119,2-5-4,472.9
151119,3-5-4,416.9
151119,4-5-3,2394
151119,5-4-3,1516
151119,6-4-3,3806
151119,1-5-6,20.3
151119,2-5-6,116.2
151119,3-5-6,101.4
151119,4-5-6,1707
151119,5-4-6,1113
151119,6-4-5,2379
151119,1-6-2,67.8
151119,2-6-1,272.8
151119,3-6-1,244.5
151119,4-6-1,2643
151119,5-6-1,84.6
151119,6-5-1,302.1
151119,1-6-3,55.5
151119,2-6-3,319.1
151119,3-6-2,381.8
151119,4-6-2,3172
151119,5-6-2,172
151119,6-5-2,592
151119,1-6-4,313.5
151119,2-6-4,1268
151119,3-6-4,1436
151119,4-6-3,4093
151119,5-6-3,119.5
151119,6-5-3,425.3
151119,1-6-5,54.9
151119,2-6-5,286.2
151119,3-6-5,223.8
151119,4-6-5,2738
151119,5-6-4,527.2
151119,6-5-4,1447
151120,1-2-3,6.2
151120,2-1-3,12.1
151120,3-1-2,118.9
151120,4-1-2,92.7
151120,5-1-2,474.5
151120,6-1-2,293.9
151120,1-2-4,6
151120,2-1-4,10.6
151120,3-1-4,198.4
151120,4-1-3,290.6
151120,5-1-3,1017
151120,6-1-3,1221
151120,1-2-5,17.8
151120,2-1-5,23.6
151120,3-1-5,334.4
151120,4-1-5,326.6
151120,5-1-4,1104
151120,6-1-4,1116
151120,1-2-6,16.2
151120,2-1-6,22.6
151120,3-1-6,331.9
151120,4-1-6,238.7
151120,5-1-6,845.6
151120,6-1-5,1567
151120,1-3-2,20.2
151120,2-3-1,34.6
151120,3-2-1,120.3
151120,4-2-1,101.7
151120,5-2-1,546.4
151120,6-2-1,314.1
151120,1-3-4,39.1
151120,2-3-4,38.5
151120,3-2-4,135.1
151120,4-2-3,200.7
151120,5-2-3,1136
151120,6-2-3,1287
151120,1-3-5,75.2
151120,2-3-5,102
151120,3-2-5,328
151120,4-2-5,359.2
151120,5-2-4,1104
151120,6-2-4,838.8
151120,1-3-6,67
151120,2-3-6,75.7
151120,3-2-6,251.1
151120,4-2-6,191.7
151120,5-2-6,949.1
151120,6-2-5,1443
151120,1-4-2,20.4
151120,2-4-1,29.1
151120,3-4-1,314.1
151120,4-3-1,513.8
151120,5-3-1,1477
151120,6-3-1,1892
151120,1-4-3,49.2
151120,2-4-3,46
151120,3-4-2,215.3
151120,4-3-2,303.9
151120,5-3-2,1304
151120,6-3-2,1724
151120,1-4-5,79.6
151120,2-4-5,94.1
151120,3-4-5,614.5
151120,4-3-5,1001
151120,5-3-4,2698
151120,6-3-4,2586
151120,1-4-6,62.4
151120,2-4-6,55.1
151120,3-4-6,503.8
151120,4-3-6,747.8
151120,5-3-6,3166
151120,6-3-5,4030
151120,1-5-2,81.1
151120,2-5-1,108.2
151120,3-5-1,738.9
151120,4-5-1,557.2
151120,5-4-1,1463
151120,6-4-1,1355
151120,1-5-3,176.6
151120,2-5-3,250.2
151120,3-5-2,812.4
151120,4-5-2,628.2
151120,5-4-2,1355
151120,6-4-2,1031
151120,1-5-4,197
151120,2-5-4,245.3
151120,3-5-4,1038
151120,4-5-3,1132
151120,5-4-3,2282
151120,6-4-3,2443
151120,1-5-6,195
151120,2-5-6,234.5
151120,3-5-6,1304
151120,4-5-6,751.4
151120,5-4-6,1804
151120,6-4-5,3013
151120,1-6-2,74
151120,2-6-1,91.1
151120,3-6-1,762.5
151120,4-6-1,491.8
151120,5-6-1,1320
151120,6-5-1,1650
151120,1-6-3,173.9
151120,2-6-3,199.8
151120,3-6-2,728.5
151120,4-6-2,449.1
151120,5-6-2,1499
151120,6-5-2,1650
151120,1-6-4,179.8
151120,2-6-4,163
151120,3-6-4,1189
151120,4-6-3,1141
151120,5-6-3,3373
151120,6-5-3,3567
151120,1-6-5,260.3
151120,2-6-5,276.6
151120,3-6-5,1714
151120,4-6-5,1171
151120,5-6-4,3042
151120,6-5-4,3337
151121,1-2-3,18.7
151121,2-1-3,32.3
151121,3-1-2,160.6
151121,4-1-2,33.3
151121,5-1-2,1020
151121,6-1-2,387.9
151121,1-2-4,7
151121,2-1-4,10.9
151121,3-1-4,148
151121,4-1-3,120.6
151121,5-1-3,1144
151121,6-1-3,1071
151121,1-2-5,47.6
151121,2-1-5,60.8
151121,3-1-5,277.6
151121,4-1-5,98.8
151121,5-1-4,761.9
151121,6-1-4,376
151121,1-2-6,23.1
151121,2-1-6,31
151121,3-1-6,270.8
151121,4-1-6,58
151121,5-1-6,1303
151121,6-1-5,1637
151121,1-3-2,39.3
151121,2-3-1,67.5
151121,3-2-1,172.6
151121,4-2-1,37.7
151121,5-2-1,1053
151121,6-2-1,389.3
151121,1-3-4,34
151121,2-3-4,41.1
151121,3-2-4,99.3
151121,4-2-3,80.8
151121,5-2-3,1218
151121,6-2-3,840.1
151121,1-3-5,111.2
151121,2-3-5,104.5
151121,3-2-5,243.9
151121,4-2-5,72.5
151121,5-2-4,630.9
151121,6-2-4,270.8
151121,1-3-6,89
151121,2-3-6,77.7
151121,3-2-6,206.9
151121,4-2-6,45
151121,5-2-6,1218
151121,6-2-5,1580
151121,1-4-2,12.1
151121,2-4-1,17.8
151121,3-4-1,189.8
151121,4-3-1,217.3
151121,5-3-1,1513
151121,6-3-1,1451
151121,1-4-3,35.5
151121,2-4-3,32.7
151121,3-4-2,127.3
151121,4-3-2,149.1
151121,5-3-2,1406
151121,6-3-2,1232
151121,1-4-5,44.4
151121,2-4-5,48.2
151121,3-4-5,205.8
151121,4-3-5,200.1
151121,5-3-4,1620
151121,6-3-4,1148
151121,1-4-6,29.4
151121,2-4-6,22.4
151121,3-4-6,211.4
151121,4-3-6,208.6
151121,5-3-6,1983
151121,6-3-5,1911
151121,1-5-2,144.2
151121,2-5-1,224.5
151121,3-5-1,559.1
151121,4-5-1,143.8
151121,5-4-1,790.2
151121,6-4-1,383.7
151121,1-5-3,231.6
151121,2-5-3,235.8
151121,3-5-2,516.6
151121,4-5-2,132.6
151121,5-4-2,691
151121,6-4-2,259.3
151121,1-5-4,143.8
151121,2-5-4,177.3
151121,3-5-4,492.7
151121,4-5-3,301.2
151121,5-4-3,1419
151121,6-4-3,920.1
151121,1-5-6,266
151121,2-5-6,322.8
151121,3-5-6,666.5
151121,4-5-6,128.1
151121,5-4-6,763.8
151121,6-4-5,717.4
151121,1-6-2,88
151121,2-6-1,112.6
151121,3-6-1,617.5
151121,4-6-1,92.4
151121,5-6-1,1814
151121,6-5-1,1725
151121,1-6-3,235.8
151121,2-6-3,192.2
151121,3-6-2,535.6
151121,4-6-2,75.5
151121,5-6-2,2046
151121,6-5-2,2128
151121,1-6-4,102.5
151121,2-6-4,83.8
151121,3-6-4,513.3
151121,4-6-3,220.6
151121,5-6-3,2296
151121,6-5-3,1889
151121,1-6-5,362.8
151121,2-6-5,353.5
151121,3-6-5,930.8
151121,4-6-5,123.5
151121,5-6-4,1161
151121,6-5-4,1173
151122,1-2-3,5.7
151122,2-1-3,24.7
151122,3-1-2,68.9
151122,4-1-2,111.3
151122,5-1-2,563.7
151122,6-1-2,210.1
151122,1-2-4,6.7
151122,2-1-4,26.2
151122,3-1-4,92.4
151122,4-1-3,206
151122,5-1-3,693.5
151122,6-1-3,356.6
151122,1-2-5,24.1
151122,2-1-5,69.3
151122,3-1-5,157.2
151122,4-1-5,291.9
151122,5-1-4,881.4
151122,6-1-4,380.6
151122,1-2-6,13.8
151122,2-1-6,40.7
151122,3-1-6,98.2
151122,4-1-6,161.2
151122,5-1-6,726
151122,6-1-5,707.8
151122,1-3-2,10.7
151122,2-3-1,75
151122,3-2-1,122.7
151122,4-2-1,160.3
151122,5-2-1,740.9
151122,6-2-1,314.2
151122,1-3-4,15.6
151122,2-3-4,112.7
151122,3-2-4,206.7
151122,4-2-3,347.5
151122,5-2-3,1239
151122,6-2-3,638.4
151122,1-3-5,34.9
151122,2-3-5,225.1
151122,3-2-5,376.9
151122,4-2-5,324.6
151122,5-2-4,1108
151122,6-2-4,517.1
151122,1-3-6,20.3
151122,2-3-6,148.3
151122,3-2-6,267.8
151122,4-2-6,262.2
151122,5-2-6,1178
151122,6-2-5,1050
151122,1-4-2,16.3
151122,2-4-1,85.5
151122,3-4-1,239.7
151122,4-3-1,417
151122,5-3-1,982.6
151122,6-3-1,571.1
151122,1-4-3,29
151122,2-4-3,153.9
151122,3-4-2,278.8
151122,4-3-2,490.2
151122,5-3-2,1384
151122,6-3-2,879.1
151122,1-4-5,56.5
151122,2-4-5,237.3
151122,3-4-5,528.4
151122,4-3-5,804.1
151122,5-3-4,2125
151122,6-3-4,1069
151122,1-4-6,26.5
151122,2-4-6,134.3
151122,3-4-6,308.3
151122,4-3-6,579.8
151122,5-3-6,1707
151122,6-3-5,1360
151122,1-5-2,72.7
151122,2-5-1,300.3
151122,3-5-1,494.3
151122,4-5-1,413.3
151122,5-4-1,700.2
151122,6-4-1,543
151122,1-5-3,103
151122,2-5-3,494.3
151122,3-5-2,583.4
151122,4-5-2,443.4
151122,5-4-2,1184
151122,6-4-2,571.1
151122,1-5-4,118.8
151122,2-5-4,442.5
151122,3-5-4,956.6
151122,4-5-3,859.3
151122,5-4-3,2052
151122,6-4-3,1121
151122,1-5-6,86.8
151122,2-5-6,464
151122,3-5-6,596.2
151122,4-5-6,403
151122,5-4-6,1026
151122,6-4-5,1049
151122,1-6-2,44.2
151122,2-6-1,181.5
151122,3-6-1,318.2
151122,4-6-1,276.8
151122,5-6-1,1151
151122,6-5-1,1189
151122,1-6-3,66.2
151122,2-6-3,340.9
151122,3-6-2,500.4
151122,4-6-2,340.9
151122,5-6-2,1414
151122,6-5-2,1442
151122,1-6-4,71
151122,2-6-4,281.7
151122,3-6-4,569.6
151122,4-6-3,649.8
151122,5-6-3,1663
151122,6-5-3,1541
151122,1-6-5,121.5
151122,2-6-5,545.2
151122,3-6-5,799.1
151122,4-6-5,476.2
151122,5-6-4,1358
151122,6-5-4,1335
151099,1-2-3,17.6
151099,2-1-3,38.5
151099,3-1-2,29.2
151099,4-1-2,177.1
151099,5-1-2,221.5
151099,6-1-2,119.8
151099,1-2-4,28.5
151099,2-1-4,59.1
151099,3-1-4,19.8
151099,4-1-3,119.6
151099,5-1-3,218.7
151099,6-1-3,101.6
151099,1-2-5,53.7
151099,2-1-5,76.7
151099,3-1-5,46.8
151099,4-1-5,253.8
151099,5-1-4,544
151099,6-1-4,173.4
151099,1-2-6,48.2
151099,2-1-6,79.8
151099,3-1-6,36.1
151099,4-1-6,191.3
151099,5-1-6,500.5
151099,6-1-5,295.9
151099,1-3-2,15.4
151099,2-3-1,61.6
151099,3-2-1,57.4
151099,4-2-1,277.6
151099,5-2-1,275.3
151099,6-2-1,124.8
151099,1-3-4,11.7
151099,2-3-4,51.5
151099,3-2-4,45.9
151099,4-2-3,169
151099,5-2-3,224.9
151099,6-2-3,111.2
151099,1-3-5,39.4
151099,2-3-5,51.8
151099,3-2-5,65.7
151099,4-2-5,299.6
151099,5-2-4,355.1
151099,6-2-4,165.7
151099,1-3-6,26.5
151099,2-3-6,64.3
151099,3-2-6,58
151099,4-2-6,232.1
151099,5-2-6,324.2
151099,6-2-5,256.7
151099,1-4-2,46.7
151099,2-4-1,161.2
151099,3-4-1,35.8
151099,4-3-1,126.1
151099,5-3-1,320.4
151099,6-3-1,112.5
151099,1-4-3,33.3
151099,2-4-3,103.5
151099,3-4-2,50.5
151099,4-3-2,137.2
151099,5-3-2,214.5
151099,6-3-2,114.3
151099,1-4-5,88.6
151099,2-4-5,170.6
151099,3-4-5,67
151099,4-3-5,174.6
151099,5-3-4,348.5
151099,6-3-4,122.9
151099,1-4-6,60.6
151099,2-4-6,150.3
151099,3-4-6,43
151099,4-3-6,113.6
151099,5-3-6,325.4
151099,6-3-5,214.8
151099,1-5-2,109.1
151099,2-5-1,181.2
151099,3-5-1,127.9
151099,4-5-1,335.6
151099,5-4-1,825
151099,6-4-1,306.2
151099,1-5-3,101.3
151099,2-5-3,115.4
151099,3-5-2,98.7
151099,4-5-2,327.2
151099,5-4-2,656.9
151099,6-4-2,258.5
151099,1-5-4,192.9
151099,2-5-4,181.4
151099,3-5-4,128
151099,4-5-3,241.3
151099,5-4-3,496.2
151099,6-4-3,188.3
151099,1-5-6,218.1
151099,2-5-6,221.7
151099,3-5-6,139.9
151099,4-5-6,261.8
151099,5-4-6,563.2
151099,6-4-5,401.7
151099,1-6-2,89.2
151099,2-6-1,213.2
151099,3-6-1,89.6
151099,4-6-1,279.5
151099,5-6-1,925.2
151099,6-5-1,570
151099,1-6-3,66.9
151099,2-6-3,128.2
151099,3-6-2,88.5
151099,4-6-2,224.6
151099,5-6-2,544
151099,6-5-2,427.6
151099,1-6-4,105.3
151099,2-6-4,228.9
151099,3-6-4,79.4
151099,4-6-3,162.9
151099,5-6-3,523.4
151099,6-5-3,364.2
151099,1-6-5,217.5
151099,2-6-5,308.6
151099,3-6-5,142.3
151099,4-6-5,276.8
151099,5-6-4,656.9
151099,6-5-4,491.6
151100,1-2-3,16.8
151100,2-1-3,26.3
151100,3-1-2,40.6
151100,4-1-2,132.3
151100,5-1-2,394.2
151100,6-1-2,427.8
151100,1-2-4,22.8
151100,2-1-4,32.3
151100,3-1-4,48.2
151100,4-1-3,171.5
151100,5-1-3,421.5
151100,6-1-3,549.7
151100,1-2-5,51.2
151100,2-1-5,67.5
151100,3-1-5,58.8
151100,4-1-5,195.6
151100,5-1-4,531.2
151100,6-1-4,638.7
151100,1-2-6,49.3
151100,2-1-6,55.9
151100,3-1-6,75.9
151100,4-1-6,214.1
151100,5-1-6,470.5
151100,6-1-5,775.2
151100,1-3-2,21.1
151100,2-3-1,32
151100,3-2-1,46.7
151100,4-2-1,134.6
151100,5-2-1,470.5
151100,6-2-1,448.8
151100,1-3-4,27.3
151100,2-3-4,16.7
151100,3-2-4,22
151100,4-2-3,76.4
151100,5-2-3,290.3
151100,6-2-3,235.6
151100,1-3-5,54
151100,2-3-5,43
151100,3-2-5,39.2
151100,4-2-5,135.7
151100,5-2-4,440.2
151100,6-2-4,329.5
151100,1-3-6,54.9
151100,2-3-6,26.5
151100,3-2-6,32.4
151100,4-2-6,114.4
151100,5-2-6,392.9
151100,6-2-5,654.3
151100,1-4-2,44.9
151100,2-4-1,51.4
151100,3-4-1,68.7
151100,4-3-1,188.5
151100,5-3-1,482.4
151100,6-3-1,612.2
151100,1-4-3,52
151100,2-4-3,31.2
151100,3-4-2,36.7
151100,4-3-2,87.8
151100,5-3-2,308.4
151100,6-3-2,261.2
151100,1-4-5,70.9
151100,2-4-5,82.4
151100,3-4-5,55.9
151100,4-3-5,167.3
151100,5-3-4,536.8
151100,6-3-4,376.1
151100,1-4-6,75.8
151100,2-4-6,49.3
151100,3-4-6,52.8
151100,4-3-6,145
151100,5-3-6,472.4
151100,6-3-5,799.6
151100,1-5-2,102.1
151100,2-5-1,169.2
151100,3-5-1,124.8
151100,4-5-1,240.2
151100,5-4-1,795.4
151100,6-4-1,742.4
151100,1-5-3,114.7
151100,2-5-3,119.9
151100,3-5-2,91.1
151100,4-5-2,187.6
151100,5-4-2,611.4
151100,6-4-2,396.3
151100,1-5-4,143.6
151100,2-5-4,148.2
151100,3-5-4,106.7
151100,4-5-3,253.9
151100,5-4-3,704.7
151100,6-4-3,441.4
151100,1-5-6,169.7
151100,2-5-6,171.6
151100,3-5-6,119.9
151100,4-5-6,228
151100,5-4-6,597
151100,6-4-5,691.9
151100,1-6-2,140.5
151100,2-6-1,154.4
151100,3-6-1,184.6
151100,4-6-1,317.8
151100,5-6-1,677.5
151100,6-5-1,802.4
151100,1-6-3,157.3
151100,2-6-3,81.6
151100,3-6-2,88.5
151100,4-6-2,190
151100,5-6-2,508.1
151100,6-5-2,808
151100,1-6-4,170.7
151100,2-6-4,102.9
151100,3-6-4,108.3
151100,4-6-3,228.4
151100,5-6-3,593.2
151100,6-5-3,909.2
151100,1-6-5,244.3
151100,2-6-5,208.3
151100,3-6-5,189.9
151100,4-6-5,268.8
151100,5-6-4,833.1
151100,6-5-4,871.1
151101,1-2-3,20.5
151101,2-1-3,98.3
151101,3-1-2,186.5
151101,4-1-2,130.6
151101,5-1-2,55.3
151101,6-1-2,764.8
151101,1-2-4,15.3
151101,2-1-4,72.6
151101,3-1-4,110.8
151101,4-1-3,152.7
151101,5-1-3,53.6
151101,6-1-3,1126
151101,1-2-5,14.6
151101,2-1-5,60.8
151101,3-1-5,74.8
151101,4-1-5,55.8
151101,5-1-4,48.7
151101,6-1-4,1004
151101,1-2-6,39.6
151101,2-1-6,116
151101,3-1-6,230.6
151101,4-1-6,129.6
151101,5-1-6,52.4
151101,6-1-5,457.7
151101,1-3-2,27.7
151101,2-3-1,300.1
151101,3-2-1,443.5
151101,4-2-1,292.3
151101,5-2-1,140.1
151101,6-2-1,1082
151101,1-3-4,20.2
151101,2-3-4,405.4
151101,3-2-4,511.2
151101,4-2-3,654.5
151101,5-2-3,301.9
151101,6-2-3,1470
151101,1-3-5,12.8
151101,2-3-5,317.1
151101,3-2-5,411.7
151101,4-2-5,291.4
151101,5-2-4,245
151101,6-2-4,1367
151101,1-3-6,46.4
151101,2-3-6,519.7
151101,3-2-6,679
151101,4-2-6,418.3
151101,5-2-6,188.3
151101,6-2-5,965
151101,1-4-2,23.2
151101,2-4-1,255.6
151101,3-4-1,244.6
151101,4-3-1,316.5
151101,5-3-1,143.1
151101,6-3-1,1547
151101,1-4-3,24.6
151101,2-4-3,526.6
151101,3-4-2,470.9
151101,4-3-2,661.8
151101,5-3-2,316.9
151101,6-3-2,1685
151101,1-4-5,13.3
151101,2-4-5,290.9
151101,3-4-5,209.3
151101,4-3-5,270.2
151101,5-3-4,263.1
151101,6-3-4,1638
151101,1-4-6,37.7
151101,2-4-6,428.6
151101,3-4-6,493.6
151101,4-3-6,517.4
151101,5-3-6,271.2
151101,6-3-5,1179
151101,1-5-2,17.4
151101,2-5-1,138.8
151101,3-5-1,124.2
151101,4-5-1,59.5
151101,5-4-1,83.8
151101,6-4-1,1265
151101,1-5-3,15.7
151101,2-5-3,286.1
151101,3-5-2,307.6
151101,4-5-2,142.7
151101,5-4-2,203.3
151101,6-4-2,1425
151101,1-5-4,14.6
151101,2-5-4,257
151101,3-5-4,204.8
151101,4-5-3,164.3
151101,5-4-3,212.5
151101,6-4-3,1910
151101,1-5-6,20.7
151101,2-5-6,226
151101,3-5-6,268.4
151101,4-5-6,84.1
151101,5-4-6,111.7
151101,6-4-5,600.3
151101,1-6-2,96.8
151101,2-6-1,486
151101,3-6-1,803.9
151101,4-6-1,327.2
151101,5-6-1,129.2
151101,6-5-1,407.1
151101,1-6-3,138.6
151101,2-6-3,851.8
151101,3-6-2,1025
151101,4-6-2,461.2
151101,5-6-2,225
151101,6-5-2,710.7
151101,1-6-4,95.3
151101,2-6-4,721.5
151101,3-6-4,1041
151101,4-6-3,753.8
151101,5-6-3,289.3
151101,6-5-3,878.7
151101,1-6-5,61.9
151101,2-6-5,492
151101,3-6-5,648.2
151101,4-6-5,215.5
151101,5-6-4,204.2
151101,6-5-4,522
151102,1-2-3,23.2
151102,2-1-3,86.7
151102,3-1-2,43.6
151102,4-1-2,118.8
151102,5-1-2,151.1
151102,6-1-2,768.9
151102,1-2-4,41.5
151102,2-1-4,134.4
151102,3-1-4,26.5
151102,4-1-3,65.2
151102,5-1-3,72
151102,6-1-3,391.6
151102,1-2-5,37.4
151102,2-1-5,158.8
151102,3-1-5,20.6
151102,4-1-5,80
151102,5-1-4,122.4
151102,6-1-4,548.8
151102,1-2-6,66.8
151102,2-1-6,232.8
151102,3-1-6,43.3
151102,4-1-6,142.2
151102,5-1-6,141.6
151102,6-1-5,595.7
151102,1-3-2,18
151102,2-3-1,127.7
151102,3-2-1,89.3
151102,4-2-1,200.5
151102,5-2-1,305.5
151102,6-2-1,1167
151102,1-3-4,13.3
151102,2-3-4,181.6
151102,3-2-4,92.3
151102,4-2-3,243.1
151102,5-2-3,266.4
151102,6-2-3,938.2
151102,1-3-5,10.7
151102,2-3-5,184.2
151102,3-2-5,115.6
151102,4-2-5,275.6
151102,5-2-4,398
151102,6-2-4,1050
151102,1-3-6,25.6
151102,2-3-6,258.7
151102,3-2-6,148.4
151102,4-2-6,330.3
151102,5-2-6,403.5
151102,6-2-5,1092
151102,1-4-2,55.3
151102,2-4-1,281.8
151102,3-4-1,46.4
151102,4-3-1,73.1
151102,5-3-1,89.6
151102,6-3-1,433
151102,1-4-3,30.9
151102,2-4-3,285.3
151102,3-4-2,99.4
151102,4-3-2,183.2
151102,5-3-2,189.2
151102,6-3-2,701.4
151102,1-4-5,42.2
151102,2-4-5,408
151102,3-4-5,39.2
151102,4-3-5,82.2
151102,5-3-4,100.3
151102,6-3-4,395.9
151102,1-4-6,76.6
151102,2-4-6,456.4
151102,3-4-6,61.7
151102,4-3-6,133.2
151102,5-3-6,115.5
151102,6-3-5,374.6
151102,1-5-2,49.9
151102,2-5-1,296.4
151102,3-5-1,36.7
151102,4-5-1,109.4
151102,5-4-1,166
151102,6-4-1,826.8
151102,1-5-3,22.3
151102,2-5-3,259.6
151102,3-5-2,85.5
151102,4-5-2,187.7
151102,5-4-2,309.8
151102,6-4-2,1302
151102,1-5-4,45.7
151102,2-5-4,420.1
151102,3-5-4,39.7
151102,4-5-3,94.3
151102,5-4-3,134
151102,6-4-3,583.8
151102,1-5-6,55
151102,2-5-6,476.2
151102,3-5-6,44.5
151102,4-5-6,174.7
151102,5-4-6,236.5
151102,6-4-5,739.1
151102,1-6-2,136.1
151102,2-6-1,599
151102,3-6-1,117.3
151102,4-6-1,269.7
151102,5-6-1,280
151102,6-5-1,693.6
151102,1-6-3,87.2
151102,2-6-3,566.5
151102,3-6-2,227.7
151102,4-6-2,377.5
151102,5-6-2,471.6
151102,6-5-2,1040
151102,1-6-4,138.2
151102,2-6-4,726.9
151102,3-6-4,93.7
151102,4-6-3,263.2
151102,5-6-3,204.3
151102,6-5-3,423.4
151102,1-6-5,120.1
151102,2-6-5,746.7
151102,3-6-5,101
151102,4-6-5,282.9
151102,5-6-4,271.5
151102,6-5-4,568.7
151103,1-2-3,21.9
151103,2-1-3,36.7
151103,3-1-2,142.8
151103,4-1-2,46.6
151103,5-1-2,123.9
151103,6-1-2,940.8
151103,1-2-4,12.2
151103,2-1-4,16.9
151103,3-1-4,98.8
151103,4-1-3,95.6
151103,5-1-3,197.6
151103,6-1-3,1084
151103,1-2-5,24.3
151103,2-1-5,31.2
151103,3-1-5,138.9
151103,4-1-5,43.6
151103,5-1-4,104.6
151103,6-1-4,713.3
151103,1-2-6,60.5
151103,2-1-6,85.4
151103,3-1-6,277.4
151103,4-1-6,91.6
151103,5-1-6,154.4
151103,6-1-5,688.3
151103,1-3-2,34.1
151103,2-3-1,54.4
151103,3-2-1,177
151103,4-2-1,68.8
151103,5-2-1,165.7
151103,6-2-1,1121
151103,1-3-4,24.7
151103,2-3-4,47.5
151103,3-2-4,166.1
151103,4-2-3,143.1
151103,5-2-3,327
151103,6-2-3,1414
151103,1-3-5,41.9
151103,2-3-5,83.4
151103,3-2-5,242.8
151103,4-2-5,85
151103,5-2-4,171.5
151103,6-2-4,871.4
151103,1-3-6,78.1
151103,2-3-6,214.4
151103,3-2-6,539.7
151103,4-2-6,150.6
151103,5-2-6,254.1
151103,6-2-5,1068
151103,1-4-2,13.4
151103,2-4-1,24.7
151103,3-4-1,148.2
151103,4-3-1,202.6
151103,5-3-1,346.8
151103,6-3-1,1709
151103,1-4-3,26.5
151103,2-4-3,44.8
151103,3-4-2,193.2
151103,4-3-2,227.3
151103,5-3-2,479.6
151103,6-3-2,2048
151103,1-4-5,15.7
151103,2-4-5,33.2
151103,3-4-5,188.4
151103,4-3-5,242
151103,5-3-4,425.9
151103,6-3-4,1735
151103,1-4-6,36.6
151103,2-4-6,76.5
151103,3-4-6,289.8
151103,4-3-6,401
151103,5-3-6,670.3
151103,6-3-5,1953
151103,1-5-2,40.8
151103,2-5-1,61.8
151103,3-5-1,276.7
151103,4-5-1,67.3
151103,5-4-1,133.2
151103,6-4-1,787.6
151103,1-5-3,58.6
151103,2-5-3,137.7
151103,3-5-2,365.2
151103,4-5-2,91.3
151103,5-4-2,164.4
151103,6-4-2,883.1
151103,1-5-4,29.3
151103,2-5-4,54.5
151103,3-5-4,287
151103,4-5-3,175.4
151103,5-4-3,323.7
151103,6-4-3,1431
151103,1-5-6,58.6
151103,2-5-6,119.4
151103,3-5-6,576.6
151103,4-5-6,108.1
151103,5-4-6,193.2
151103,6-4-5,611.9
151103,1-6-2,168.7
151103,2-6-1,383.5
151103,3-6-1,971.9
151103,4-6-1,263.9
151103,5-6-1,353
151103,6-5-1,713.3
151103,1-6-3,163.6
151103,2-6-3,566.1
151103,3-6-2,1055
151103,4-6-2,294.5
151103,5-6-2,394.8
151103,6-5-2,1074
151103,1-6-4,105
151103,2-6-4,285.5
151103,3-6-4,834.4
151103,4-6-3,493.6
151103,5-6-3,743
151103,6-5-3,1340
151103,1-6-5,137.8
151103,2-6-5,406.2
151103,3-6-5,996.5
151103,4-6-5,247.5
151103,5-6-4,331.4
151103,6-5-4,639.1
151104,1-2-3,10.2
151104,2-1-3,23.9
151104,3-1-2,42.2
151104,4-1-2,163.1
151104,5-1-2,83.1
151104,6-1-2,279
151104,1-2-4,14.3
151104,2-1-4,24.3
151104,3-1-4,120.9
151104,4-1-3,301.5
151104,5-1-3,164.3
151104,6-1-3,571.2
151104,1-2-5,12.5
151104,2-1-5,19.4
151104,3-1-5,118.3
151104,4-1-5,207.3
151104,5-1-4,179
151104,6-1-4,677.5
151104,1-2-6,19.4
151104,2-1-6,25.9
151104,3-1-6,103.9
151104,4-1-6,234.6
151104,5-1-6,123.5
151104,6-1-5,605.4
151104,1-3-2,14.9
151104,2-3-1,54.2
151104,3-2-1,78.8
151104,4-2-1,181.3
151104,5-2-1,117.4
151104,6-2-1,329.6
151104,1-3-4,36.8
151104,2-3-4,88.4
151104,3-2-4,105.9
151104,4-2-3,361.6
151104,5-2-3,213
151104,6-2-3,611.4
151104,1-3-5,34.1
151104,2-3-5,78.2
151104,3-2-5,128.2
151104,4-2-5,193
151104,5-2-4,213.3
151104,6-2-4,542.5
151104,1-3-6,44.1
151104,2-3-6,85.9
151104,3-2-6,107.4
151104,4-2-6,191.1
151104,5-2-6,138.6
151104,6-2-5,449.5
151104,1-4-2,36.8
151104,2-4-1,61.4
151104,3-4-1,360.5
151104,4-3-1,462.1
151104,5-3-1,363.5
151104,6-3-1,959.7
151104,1-4-3,66.6
151104,2-4-3,122.3
151104,3-4-2,247
151104,4-3-2,476.9
151104,5-3-2,315.3
151104,6-3-2,832.2
151104,1-4-5,64.4
151104,2-4-5,59.4
151104,3-4-5,439.1
151104,4-3-5,628.5
151104,5-3-4,700.2
151104,6-3-4,1228
151104,1-4-6,72.6
151104,2-4-6,65
151104,3-4-6,326.4
151104,4-3-6,606.6
151104,5-3-6,445.4
151104,6-3-5,1313
151104,1-5-2,27.1
151104,2-5-1,44.7
151104,3-5-1,283.1
151104,4-5-1,236.3
151104,5-4-1,315
151104,6-4-1,1184
151104,1-5-3,59
151104,2-5-3,96.9
151104,3-5-2,226.8
151104,4-5-2,212.4
151104,5-4-2,308.8
151104,6-4-2,697
151104,1-5-4,75.5
151104,2-5-4,67.3
151104,3-5-4,430.1
151104,4-5-3,418.3
151104,5-4-3,638.8
151104,6-4-3,1336
151104,1-5-6,59.7
151104,2-5-6,55.8
151104,3-5-6,301.4
151104,4-5-6,225.6
151104,5-4-6,311.7
151104,6-4-5,993.1
151104,1-6-2,72.7
151104,2-6-1,92
151104,3-6-1,401.9
151104,4-6-1,410.1
151104,5-6-1,255.1
151104,6-5-1,628.5
151104,1-6-3,109.2
151104,2-6-3,188.7
151104,3-6-2,318.6
151104,4-6-2,359.9
151104,5-6-2,225.2
151104,6-5-2,505.3
151104,1-6-4,148
151104,2-6-4,129.2
151104,3-6-4,516.2
151104,4-6-3,694
151104,5-6-3,467.3
151104,6-5-3,1019
151104,1-6-5,135.6
151104,2-6-5,110.7
151104,3-6-5,592.8
151104,4-6-5,416.4
151104,5-6-4,368.2
151104,6-5-4,921.6
151105,1-2-3,49.4
151105,2-1-3,294.3
151105,3-1-2,257.7
151105,4-1-2,82.5
151105,5-1-2,113
151105,6-1-2,426.3
151105,1-2-4,28.7
151105,2-1-4,181.3
151105,3-1-4,88.4
151105,4-1-3,94.6
151105,5-1-3,156.5
151105,6-1-3,345.2
151105,1-2-5,38.8
151105,2-1-5,205.5
151105,3-1-5,102.4
151105,4-1-5,25.5
151105,5-1-4,53.3
151105,6-1-4,220.4
151105,1-2-6,50.5
151105,2-1-6,257.3
151105,3-1-6,72.3
151105,4-1-6,31.9
151105,5-1-6,55.6
151105,6-1-5,241.4
151105,1-3-2,51.9
151105,2-3-1,573.8
151105,3-2-1,628.1
151105,4-2-1,212.3
151105,5-2-1,227.6
151105,6-2-1,666
151105,1-3-4,24
151105,2-3-4,792
151105,3-2-4,764.6
151105,4-2-3,492.5
151105,5-2-3,620.4
151105,6-2-3,1171
151105,1-3-5,30.5
151105,2-3-5,827.7
151105,3-2-5,888.2
151105,4-2-5,176.6
151105,5-2-4,263.3
151105,6-2-4,704.6
151105,1-3-6,20.5
151105,2-3-6,825.3
151105,3-2-6,492.8
151105,4-2-6,205.4
151105,5-2-6,253.7
151105,6-2-5,760.5
151105,1-4-2,30
151105,2-4-1,314.3
151105,3-4-1,183.7
151105,4-3-1,169.1
151105,5-3-1,357.4
151105,6-3-1,689.9
151105,1-4-3,28.5
151105,2-4-3,682.3
151105,3-4-2,626.8
151105,4-3-2,535
151105,5-3-2,726.6
151105,6-3-2,1407
151105,1-4-5,14.2
151105,2-4-5,325.5
151105,3-4-5,170.6
151105,4-3-5,148.7
151105,5-3-4,359.6
151105,6-3-4,686.1
151105,1-4-6,18.1
151105,2-4-6,398
151105,3-4-6,101.8
151105,4-3-6,93
151105,5-3-6,201.5
151105,6-3-5,743.5
151105,1-5-2,44.2
151105,2-5-1,355
151105,3-5-1,234.5
151105,4-5-1,26.8
151105,5-4-1,49.8
151105,6-4-1,206.9
151105,1-5-3,45.1
151105,2-5-3,714.5
151105,3-5-2,866.8
151105,4-5-2,76.4
151105,5-4-2,132.7
151105,6-4-2,478.3
151105,1-5-4,22.4
151105,2-5-4,384.6
151105,3-5-4,234.5
151105,4-5-3,99.7
151105,5-4-3,174.2
151105,6-4-3,411.1
151105,1-5-6,25
151105,2-5-6,389.5
151105,3-5-6,140.3
151105,4-5-6,19.8
151105,5-4-6,35.1
151105,6-4-5,115.2
151105,1-6-2,91.3
151105,2-6-1,642.2
151105,3-6-1,241
151105,4-6-1,46.8
151105,5-6-1,83.4
151105,6-5-1,221.9
151105,1-6-3,49.3
151105,2-6-3,1070
151105,3-6-2,646.5
151105,4-6-2,124.5
151105,5-6-2,175.1
151105,6-5-2,483.1
151105,1-6-4,51
151105,2-6-4,700.6
151105,3-6-4,226
151105,4-6-3,81.6
151105,5-6-3,183.6
151105,6-5-3,500.5
151105,1-6-5,54.9
151105,2-6-5,636.5
151105,3-6-5,248.5
151105,4-6-5,38
151105,5-6-4,61
151105,6-5-4,120.4
151106,1-2-3,18.4
151106,2-1-3,104.2
151106,3-1-2,108.4
151106,4-1-2,114.4
151106,5-1-2,271.4
151106,6-1-2,116.5
151106,1-2-4,30.1
151106,2-1-4,145.9
151106,3-1-4,50.4
151106,4-1-3,92.4
151106,5-1-3,210.7
151106,6-1-3,74.8
151106,1-2-5,43
151106,2-1-5,208.9
151106,3-1-5,70.1
151106,4-1-5,60.5
151106,5-1-4,178.3
151106,6-1-4,80.1
151106,1-2-6,22
151106,2-1-6,124.7
151106,3-1-6,41.5
151106,4-1-6,69.4
151106,5-1-6,199.6
151106,6-1-5,117.2
151106,1-3-2,22.5
151106,2-3-1,241.5
151106,3-2-1,281.3
151106,4-2-1,235.9
151106,5-2-1,583.1
151106,6-2-1,223.2
151106,1-3-4,15.2
151106,2-3-4,347.3
151106,3-2-4,337.9
151106,4-2-3,434.5
151106,5-2-3,809.1
151106,6-2-3,334.1
151106,1-3-5,22.5
151106,2-3-5,364.8
151106,3-2-5,363.2
151106,4-2-5,271.5
151106,5-2-4,678.3
151106,6-2-4,314.8
151106,1-3-6,11.3
151106,2-3-6,283
151106,3-2-6,317
151106,4-2-6,269.7
151106,5-2-6,851
151106,6-2-5,415.4
151106,1-4-2,36.6
151106,2-4-1,299
151106,3-4-1,114.9
151106,4-3-1,177.7
151106,5-3-1,357
151106,6-3-1,114.8
151106,1-4-3,29.2
151106,2-4-3,416.2
151106,3-4-2,301.1
151106,4-3-2,426.6
151106,5-3-2,782.7
151106,6-3-2,304.3
151106,1-4-5,36.4
151106,2-4-5,466.6
151106,3-4-5,159.9
151106,4-3-5,175.1
151106,5-3-4,400.5
151106,6-3-4,137.1
151106,1-4-6,23.9
151106,2-4-6,308.9
151106,3-4-6,99.2
151106,4-3-6,166.5
151106,5-3-6,406.3
151106,6-3-5,206.1
151106,1-5-2,81.9
151106,2-5-1,588
151106,3-5-1,182.2
151106,4-5-1,68.2
151106,5-4-1,164.3
151106,6-4-1,119.5
151106,1-5-3,59.7
151106,2-5-3,607.1
151106,3-5-2,478.4
151106,4-5-2,142.7
151106,5-4-2,303
151106,6-4-2,264.2
151106,1-5-4,56.4
151106,2-5-4,813.8
151106,3-5-4,239.2
151106,4-5-3,113.9
151106,5-4-3,230.5
151106,6-4-3,156.3
151106,1-5-6,52.7
151106,2-5-6,753.9
151106,3-5-6,191.7
151106,4-5-6,92.1
151106,5-4-6,198.8
151106,6-4-5,159.6
151106,1-6-2,24.7
151106,2-6-1,241.5
151106,3-6-1,72.4
151106,4-6-1,120.4
151106,5-6-1,378.6
151106,6-5-1,250.8
151106,1-6-3,17.8
151106,2-6-3,327.6
151106,3-6-2,215.9
151106,4-6-2,295.3
151106,5-6-2,814.6
151106,6-5-2,515.4
151106,1-6-4,20.2
151106,2-6-4,366.9
151106,3-6-4,86.1
151106,4-6-3,181.9
151106,5-6-3,487.2
151106,6-5-3,316.7
151106,1-6-5,34.1
151106,2-6-5,404.5
151106,3-6-5,126.4
151106,4-6-5,140.3
151106,5-6-4,397.5
151106,6-5-4,261.8
151107,1-2-3,9.5
151107,2-1-3,42.1
151107,3-1-2,62.2
151107,4-1-2,82.9
151107,5-1-2,306.6
151107,6-1-2,899.2
151107,1-2-4,8.4
151107,2-1-4,31.8
151107,3-1-4,41.4
151107,4-1-3,86.6
151107,5-1-3,312.7
151107,6-1-3,1223
151107,1-2-5,30.1
151107,2-1-5,89
151107,3-1-5,81.5
151107,4-1-5,113.6
151107,5-1-4,362
151107,6-1-4,1044
151107,1-2-6,33.5
151107,2-1-6,93
151107,3-1-6,84.6
151107,4-1-6,101.1
151107,5-1-6,401.2
151107,6-1-5,1507
151107,1-3-2,11.7
151107,2-3-1,117.6
151107,3-2-1,127
151107,4-2-1,133.1
151107,5-2-1,525
151107,6-2-1,1190
151107,1-3-4,10.8
151107,2-3-4,126.1
151107,3-2-4,108.1
151107,4-2-3,221.8
151107,5-2-3,740.8
151107,6-2-3,1946
151107,1-3-5,33.2
151107,2-3-5,318.5
151107,3-2-5,139.2
151107,4-2-5,314.5
151107,5-2-4,633.4
151107,6-2-4,1134
151107,1-3-6,32.3
151107,2-3-6,287.6
151107,3-2-6,132.7
151107,4-2-6,265.1
151107,5-2-6,781
151107,6-2-5,2369
151107,1-4-2,15.6
151107,2-4-1,98.6
151107,3-4-1,55.8
151107,4-3-1,93
151107,5-3-1,382
151107,6-3-1,1497
151107,1-4-3,20.7
151107,2-4-3,177.8
151107,3-4-2,87.6
151107,4-3-2,158.9
151107,5-3-2,519.9
151107,6-3-2,2111
151107,1-4-5,41.7
151107,2-4-5,288.4
151107,3-4-5,42.9
151107,4-3-5,72
151107,5-3-4,264.3
151107,6-3-4,1349
151107,1-4-6,35.9
151107,2-4-6,238
151107,3-4-6,38.9
151107,4-3-6,63.1
151107,5-3-6,269.9
151107,6-3-5,2005
151107,1-5-2,64
151107,2-5-1,361.1
151107,3-5-1,96.5
151107,4-5-1,188.8
151107,5-4-1,635.6
151107,6-4-1,1425
151107,1-5-3,79.5
151107,2-5-3,545.7
151107,3-5-2,143.6
151107,4-5-2,290.1
151107,5-4-2,779.9
151107,6-4-2,1538
151107,1-5-4,90.1
151107,2-5-4,522.1
151107,3-5-4,85.9
151107,4-5-3,154.2
151107,5-4-3,750.7
151107,6-4-3,1523
151107,1-5-6,119.5
151107,2-5-6,641.4
151107,3-5-6,99.3
151107,4-5-6,233.1
151107,5-4-6,667.7
151107,6-4-5,1730
151107,1-6-2,135.2
151107,2-6-1,520.4
151107,3-6-1,155.6
151107,4-6-1,245.8
151107,5-6-1,1049
151107,6-5-1,1749
151107,1-6-3,153.5
151107,2-6-3,1030
151107,3-6-2,205.1
151107,4-6-2,353.7
151107,5-6-2,1274
151107,6-5-2,2425
151107,1-6-4,134.8
151107,2-6-4,701.5
151107,3-6-4,120.1
151107,4-6-3,179.4
151107,5-6-3,1150
151107,6-5-3,2023
151107,1-6-5,197.6
151107,2-6-5,1147
151107,3-6-5,174.9
151107,4-6-5,383.1
151107,5-6-4,983.4
151107,6-5-4,1823
151108,1-2-3,10.2
151108,2-1-3,58.5
151108,3-1-2,64.3
151108,4-1-2,86.7
151108,5-1-2,69.3
151108,6-1-2,1275
151108,1-2-4,13.6
151108,2-1-4,75.9
151108,3-1-4,55.4
151108,4-1-3,119.8
151108,5-1-3,77.7
151108,6-1-3,1542
151108,1-2-5,11.6
151108,2-1-5,56.3
151108,3-1-5,39.5
151108,4-1-5,54.9
151108,5-1-4,80.3
151108,6-1-4,1792
151108,1-2-6,93.1
151108,2-1-6,260.5
151108,3-1-6,232.8
151108,4-1-6,177.6
151108,5-1-6,200.5
151108,6-1-5,1535
151108,1-3-2,12.6
151108,2-3-1,167.2
151108,3-2-1,146.6
151108,4-2-1,150.2
151108,5-2-1,152.8
151108,6-2-1,1730
151108,1-3-4,14
151108,2-3-4,327.5
151108,3-2-4,242.2
151108,4-2-3,295
151108,5-2-3,327.8
151108,6-2-3,2963
151108,1-3-5,10.4
151108,2-3-5,237.4
151108,3-2-5,183.1
151108,4-2-5,152.8
151108,5-2-4,326.7
151108,6-2-4,2497
151108,1-3-6,82.8
151108,2-3-6,888
151108,3-2-6,902.9
151108,4-2-6,409.8
151108,5-2-6,594.4
151108,6-2-5,2597
151108,1-4-2,20.9
151108,2-4-1,215.6
151108,3-4-1,153
151108,4-3-1,231.8
151108,5-3-1,178.3
151108,6-3-1,2177
151108,1-4-3,24
151108,2-4-3,465.9
151108,3-4-2,280.4
151108,4-3-2,319.8
151108,5-3-2,366.3
151108,6-3-2,2204
151108,1-4-5,20.7
151108,2-4-5,272.3
151108,3-4-5,161.2
151108,4-3-5,180.4
151108,5-3-4,426.3
151108,6-3-4,2847
151108,1-4-6,88
151108,2-4-6,641.2
151108,3-4-6,516.1
151108,4-3-6,523.1
151108,5-3-6,639.2
151108,6-3-5,2602
151108,1-5-2,16.5
151108,2-5-1,139.8
151108,3-5-1,96.5
151108,4-5-1,48.7
151108,5-4-1,110.1
151108,6-4-1,2068
151108,1-5-3,16.6
151108,2-5-3,279.1
151108,3-5-2,184.3
151108,4-5-2,77.9
151108,5-4-2,189.6
151108,6-4-2,2710
151108,1-5-4,25.1
151108,2-5-4,362.4
151108,3-5-4,180.2
151108,4-5-3,112.1
151108,5-4-3,295.8
151108,6-4-3,2828
151108,1-5-6,80.4
151108,2-5-6,677.3
151108,3-5-6,384.6
151108,4-5-6,91.8
151108,5-4-6,203.2
151108,6-4-5,2240
151108,1-6-2,291.4
151108,2-6-1,1015
151108,3-6-1,987.1
151108,4-6-1,328.2
151108,5-6-1,575.6
151108,6-5-1,1762
151108,1-6-3,304.1
151108,2-6-3,1764
151108,3-6-2,1636
151108,4-6-2,434.3
151108,5-6-2,827.5
151108,6-5-2,2315
151108,1-6-4,270
151108,2-6-4,1529
151108,3-6-4,1326
151108,4-6-3,690.1
151108,5-6-3,843.3
151108,6-5-3,2106
151108,1-6-5,237.6
151108,2-6-5,1412
151108,3-6-5,973.1
151108,4-6-5,284.9
151108,5-6-4,776.7
151108,6-5-4,1988
151109,1-2-3,9.7
151109,2-1-3,12.5
151109,3-1-2,47.4
151109,4-1-2,121.7
151109,5-1-2,175.5
151109,6-1-2,1032
151109,1-2-4,16.2
151109,2-1-4,18
151109,3-1-4,73.1
151109,4-1-3,263.4
151109,5-1-3,369.3
151109,6-1-3,2231
151109,1-2-5,26.8
151109,2-1-5,20.5
151109,3-1-5,110.8
151109,4-1-5,220.3
151109,5-1-4,467.1
151109,6-1-4,2425
151109,1-2-6,111.1
151109,2-1-6,95
151109,3-1-6,305.5
151109,4-1-6,479.9
151109,5-1-6,655.2
151109,6-1-5,2631
151109,1-3-2,18.8
151109,2-3-1,21.3
151109,3-2-1,50.6
151109,4-2-1,90.2
151109,5-2-1,154.8
151109,6-2-1,1347
151109,1-3-4,32.5
151109,2-3-4,15.7
151109,3-2-4,38.9
151109,4-2-3,94.1
151109,5-2-3,155.4
151109,6-2-3,1428
151109,1-3-5,71.6
151109,2-3-5,17.9
151109,3-2-5,46.2
151109,4-2-5,84
151109,5-2-4,166.7
151109,6-2-4,1223
151109,1-3-6,185.5
151109,2-3-6,73.9
151109,3-2-6,159.8
151109,4-2-6,229.7
151109,5-2-6,364.9
151109,6-2-5,1633
151109,1-4-2,44.1
151109,2-4-1,27.7
151109,3-4-1,172.6
151109,4-3-1,383
151109,5-3-1,500.6
151109,6-3-1,2735
151109,1-4-3,66.3
151109,2-4-3,21.2
151109,3-4-2,93.3
151109,4-3-2,184.2
151109,5-3-2,254.6
151109,6-3-2,1866
151109,1-4-5,101.7
151109,2-4-5,23.9
151109,3-4-5,173.6
151109,4-3-5,335
151109,5-3-4,593.5
151109,6-3-4,2154
151109,1-4-6,229.6
151109,2-4-6,70.3
151109,3-4-6,354.4
151109,4-3-6,665.8
151109,5-3-6,1034
151109,6-3-5,3117
151109,1-5-2,72
151109,2-5-1,43.9
151109,3-5-1,264.9
151109,4-5-1,259.8
151109,5-4-1,539
151109,6-4-1,2944
151109,1-5-3,134.1
151109,2-5-3,37
151109,3-5-2,134.8
151109,4-5-2,141
151109,5-4-2,242.7
151109,6-4-2,1543
151109,1-5-4,181.9
151109,2-5-4,42.5
151109,3-5-4,282.5
151109,4-5-3,323.7
151109,5-4-3,575.5
151109,6-4-3,2485
151109,1-5-6,394.7
151109,2-5-6,106.7
151109,3-5-6,525.6
151109,4-5-6,375.9
151109,5-4-6,738.5
151109,6-4-5,2676
151109,1-6-2,455.6
151109,2-6-1,283.4
151109,3-6-1,1134
151109,4-6-1,932.2
151109,5-6-1,1291
151109,6-5-1,2656
151109,1-6-3,669.8
151109,2-6-3,264.6
151109,3-6-2,697.4
151109,4-6-2,574.3
151109,5-6-2,859
151109,6-5-2,1841
151109,1-6-4,658.3
151109,2-6-4,249.1
151109,3-6-4,1067
151109,4-6-3,1099
151109,5-6-3,1432
151109,6-5-3,2839
151109,1-6-5,774.9
151109,2-6-5,258.6
151109,3-6-5,1146
151109,4-6-5,815.7
151109,5-6-4,1357
151109,6-5-4,2607
151110,1-2-3,8
151110,2-1-3,47.5
151110,3-1-2,60.1
151110,4-1-2,54.6
151110,5-1-2,138.9
151110,6-1-2,363.8
151110,1-2-4,8.2
151110,2-1-4,39.8
151110,3-1-4,60.9
151110,4-1-3,93.7
151110,5-1-3,198.1
151110,6-1-3,451.6
151110,1-2-5,14.3
151110,2-1-5,62.5
151110,3-1-5,78.1
151110,4-1-5,69.1
151110,5-1-4,169.3
151110,6-1-4,526.6
151110,1-2-6,34
151110,2-1-6,129.3
151110,3-1-6,122.6
151110,4-1-6,113.8
151110,5-1-6,277.7
151110,6-1-5,772.8
151110,1-3-2,11.5
151110,2-3-1,152.2
151110,3-2-1,162.7
151110,4-2-1,108.1
151110,5-2-1,245.6
151110,6-2-1,576
151110,1-3-4,13.3
151110,2-3-4,290.2
151110,3-2-4,289
151110,4-2-3,301.4
151110,5-2-3,605.3
151110,6-2-3,1105
151110,1-3-5,18
151110,2-3-5,373.5
151110,3-2-5,366.7
151110,4-2-5,219.6
151110,5-2-4,452.1
151110,6-2-4,911.9
151110,1-3-6,31.5
151110,2-3-6,577.1
151110,3-2-6,509.3
151110,4-2-6,301.6
151110,5-2-6,693
151110,6-2-5,1199
151110,1-4-2,14.2
151110,2-4-1,111.5
151110,3-4-1,137.9
151110,4-3-1,190.3
151110,5-3-1,385.7
151110,6-3-1,740.4
151110,1-4-3,21.9
151110,2-4-3,327.4
151110,3-4-2,245.1
151110,4-3-2,351.4
151110,5-3-2,719.5
151110,6-3-2,1185
151110,1-4-5,24.1
151110,2-4-5,277.4
151110,3-4-5,252.5
151110,4-3-5,330.9
151110,5-3-4,826.6
151110,6-3-4,1053
151110,1-4-6,38.5
151110,2-4-6,383.6
151110,3-4-6,272.4
151110,4-3-6,348.9
151110,5-3-6,924.5
151110,6-3-5,1341
151110,1-5-2,29.8
151110,2-5-1,214
151110,3-5-1,253.9
151110,4-5-1,110.7
151110,5-4-1,233.4
151110,6-4-1,711.8
151110,1-5-3,38.6
151110,2-5-3,510.5
151110,3-5-2,473.4
151110,4-5-2,181.8
151110,5-4-2,405.2
151110,6-4-2,962.5
151110,1-5-4,44.8
151110,2-5-4,409
151110,3-5-4,411.1
151110,4-5-3,286.5
151110,5-4-3,603.2
151110,6-4-3,1057
151110,1-5-6,66.9
151110,2-5-6,698
151110,3-5-6,525.6
151110,4-5-6,189.1
151110,5-4-6,424.6
151110,6-4-5,1089
151110,1-6-2,86.3
151110,2-6-1,510.8
151110,3-6-1,420.9
151110,4-6-1,262.3
151110,5-6-1,653.3
151110,6-5-1,1117
151110,1-6-3,97.1
151110,2-6-3,1013
151110,3-6-2,742.9
151110,4-6-2,363.5
151110,5-6-2,969
151110,6-5-2,1368
151110,1-6-4,102
151110,2-6-4,768.7
151110,3-6-4,576.7
151110,4-6-3,485.8
151110,5-6-3,956.2
151110,6-5-3,1274
151110,1-6-5,124.8
151110,2-6-5,1026
151110,3-6-5,739.1
151110,4-6-5,349.4
151110,5-6-4,811.1
151110,6-5-4,1199
