race_id,combo,odds
145301,1-2-3,5.9
145301,2-1-3,46.2
145301,3-1-2,184.6
145301,4-1-2,58.4
145301,5-1-2,437
145301,6-1-2,1421
145301,1-2-4,4.7
145301,2-1-4,40
145301,3-1-4,142.6
145301,4-1-3,78
145301,5-1-3,648.1
145301,6-1-3,1786
145301,1-2-5,21.4
145301,2-1-5,157.2
145301,3-1-5,395.2
145301,4-1-5,68.8
145301,5-1-4,308.1
145301,6-1-4,1469
145301,1-2-6,42.6
145301,2-1-6,229.3
145301,3-1-6,686.8
145301,4-1-6,155.9
145301,5-1-6,701.4
145301,6-1-5,2726
145301,1-3-2,11.8
145301,2-3-1,204.5
145301,3-2-1,350.2
145301,4-2-1,131.1
145301,5-2-1,947.7
145301,6-2-1,2167
145301,1-3-4,11.3
145301,2-3-4,344.3
145301,3-2-4,497
145301,4-2-3,401.2
145301,5-2-3,1798
145301,6-2-3,3724
145301,1-3-5,32.6
145301,2-3-5,905.5
145301,3-2-5,1024
145301,4-2-5,338.5
145301,5-2-4,861.3
145301,6-2-4,3264
145301,1-3-6,80.2
145301,2-3-6,1235
145301,3-2-6,1751
145301,4-2-6,631
145301,5-2-6,1888
145301,6-2-5,3946
145301,1-4-2,6.7
145301,2-4-1,146.2
145301,3-4-1,247.1
145301,4-3-1,202.4
145301,5-3-1,1391
145301,6-3-1,2938
145301,1-4-3,9.6
145301,2-4-3,365.2
145301,3-4-2,600.9
145301,4-3-2,534.2
145301,5-3-2,2049
145301,6-3-2,4481
145301,1-4-5,16.1
145301,2-4-5,617.8
145301,3-4-5,931
145301,4-3-5,619.2
145301,5-3-4,1862
145301,6-3-4,3039
145301,1-4-6,43.1
145301,2-4-6,931
145301,3-4-6,1377
145301,4-3-6,1066
145301,5-3-6,3305
145301,6-3-5,4721
145301,1-5-2,48.1
145301,2-5-1,685
145301,3-5-1,1032
145301,4-5-1,127.1
145301,5-4-1,381
145301,6-4-1,1684
145301,1-5-3,67.9
145301,2-5-3,1583
145301,3-5-2,2018
145301,4-5-2,253.7
145301,5-4-2,724.4
145301,6-4-2,2754
145301,1-5-4,45.4
145301,2-5-4,1191
145301,3-5-4,1751
145301,4-5-3,453.5
145301,5-4-3,1384
145301,6-4-3,2698
145301,1-5-6,138.5
145301,2-5-6,2425
145301,3-5-6,3434
145301,4-5-6,318.2
145301,5-4-6,944.3
145301,6-4-5,3147
145301,1-6-2,144.4
145301,2-6-1,1032
145301,3-6-1,1811
145301,4-6-1,431.3
145301,5-6-1,1875
145301,6-5-1,4068
145301,1-6-3,289.3
145301,2-6-3,2319
145301,3-6-2,3074
145301,4-6-2,842.1
145301,5-6-2,3390
145301,6-5-2,4264
145301,1-6-4,174.3
145301,2-6-4,2203
145301,3-6-4,2843
145301,4-6-3,1175
145301,5-6-3,3946
145301,6-5-3,4639
145301,1-6-5,276.8
145301,2-6-5,3224
145301,3-6-5,4006
145301,4-6-5,707
145301,5-6-4,2003
145301,6-5-4,3479
145302,1-2-3,5.5
145302,2-1-3,21.7
145302,3-1-2,142.3
145302,4-1-2,109.1
145302,5-1-2,177.5
145302,6-1-2,388.7
145302,1-2-4,6.4
145302,2-1-4,18.1
145302,3-1-4,222.7
145302,4-1-3,259
145302,5-1-3,388.2
145302,6-1-3,1103
145302,1-2-5,8.4
145302,2-1-5,22.9
145302,3-1-5,198.7
145302,4-1-5,150.3
145302,5-1-4,362.8
145302,6-1-4,704.7
145302,1-2-6,21.7
145302,2-1-6,44.6
145302,3-1-6,419.2
145302,4-1-6,220.1
145302,5-1-6,366.8
145302,6-1-5,911.5
145302,1-3-2,12.6
145302,2-3-1,82.1
145302,3-2-1,208.6
145302,4-2-1,148.9
145302,5-2-1,242.1
145302,6-2-1,485.6
145302,1-3-4,26.7
145302,2-3-4,165
145302,3-2-4,389.3
145302,4-2-3,443.6
145302,5-2-3,556.4
145302,6-2-3,1526
145302,1-3-5,25
145302,2-3-5,168.6
145302,3-2-5,404
145302,4-2-5,229.4
145302,5-2-4,429.4
145302,6-2-4,1126
145302,1-3-6,70.9
145302,2-3-6,291.2
145302,3-2-6,629.9
145302,4-2-6,338
145302,5-2-6,555.2
145302,6-2-5,1208
145302,1-4-2,17.7
145302,2-4-1,69.4
145302,3-4-1,466.9
145302,4-3-1,502
145302,5-3-1,676.1
145302,6-3-1,3035
145302,1-4-3,38.5
145302,2-4-3,190.7
145302,3-4-2,550.6
145302,4-3-2,708.4
145302,5-3-2,887.3
145302,6-3-2,2568
145302,1-4-5,37
145302,2-4-5,125.1
145302,3-4-5,797.2
145302,4-3-5,978.3
145302,5-3-4,1534
145302,6-3-4,2871
145302,1-4-6,55.6
145302,2-4-6,214.3
145302,3-4-6,950.4
145302,4-3-6,1236
145302,5-3-6,1907
145302,6-3-5,3561
145302,1-5-2,27.4
145302,2-5-1,96.2
145302,3-5-1,483.8
145302,4-5-1,235.5
145302,5-4-1,563.4
145302,6-4-1,1117
145302,1-5-3,60.3
145302,2-5-3,289
145302,3-5-2,631.4
145302,4-5-2,255.8
145302,5-4-2,604.2
145302,6-4-2,1552
145302,1-5-4,69.5
145302,2-5-4,211.4
145302,3-5-4,937.1
145302,4-5-3,699.1
145302,5-4-3,1580
145302,6-4-3,2935
145302,1-5-6,85.7
145302,2-5-6,282.3
145302,3-5-6,1035
145302,4-5-6,380.4
145302,5-4-6,1051
145302,6-4-5,2189
145302,1-6-2,63.3
145302,2-6-1,200.2
145302,3-6-1,1161
145302,4-6-1,408.3
145302,5-6-1,719.9
145302,6-5-1,1398
145302,1-6-3,178.8
145302,2-6-3,575.6
145302,3-6-2,1271
145302,4-6-2,514.6
145302,5-6-2,804.4
145302,6-5-2,1500
145302,1-6-4,136.4
145302,2-6-4,409
145302,3-6-4,1589
145302,4-6-3,1483
145302,5-6-3,1618
145302,6-5-3,3105
145302,1-6-5,152.8
145302,2-6-5,420.6
145302,3-6-5,1435
145302,4-6-5,716
145302,5-6-4,1355
145302,6-5-4,2384
145303,1-2-3,16.5
145303,2-1-3,173.1
145303,3-1-2,31.1
145303,4-1-2,184
145303,5-1-2,615.2
145303,6-1-2,2843
145303,1-2-4,34.1
145303,2-1-4,300.3
145303,3-1-4,9.9
145303,4-1-3,56.7
145303,5-1-3,244.8
145303,6-1-3,1709
145303,1-2-5,74.8
145303,2-1-5,507.6
145303,3-1-5,17.6
145303,4-1-5,107.3
145303,5-1-4,371
145303,6-1-4,2629
145303,1-2-6,197.9
145303,2-1-6,1151
145303,3-1-6,71.6
145303,4-1-6,330.9
145303,5-1-6,824.5
145303,6-1-5,3715
145303,1-3-2,8.5
145303,2-3-1,282
145303,3-2-1,126.2
145303,4-2-1,426.1
145303,5-2-1,1339
145303,6-2-1,5067
145303,1-3-4,4.4
145303,2-3-4,611.1
145303,3-2-4,185.4
145303,4-2-3,611.1
145303,5-2-3,1498
145303,6-2-3,4644
145303,1-3-5,8.1
145303,2-3-5,785
145303,3-2-5,284.9
145303,4-2-5,805.4
145303,5-2-4,1132
145303,6-2-4,5161
145303,1-3-6,41.2
145303,2-3-6,1962
145303,3-2-6,669.9
145303,4-2-6,1366
145303,5-2-6,2361
145303,6-2-5,3817
145303,1-4-2,31.4
145303,2-4-1,495.8
145303,3-4-1,22.7
145303,4-3-1,60.2
145303,5-3-1,314.2
145303,6-3-1,2423
145303,1-4-3,11.1
145303,2-4-3,774.1
145303,3-4-2,77
145303,4-3-2,279.5
145303,5-3-2,944.7
145303,6-3-2,5573
145303,1-4-5,32.8
145303,2-4-5,1227
145303,3-4-5,41.1
145303,4-3-5,124.1
145303,5-3-4,430
145303,6-3-4,2679
145303,1-4-6,114.1
145303,2-4-6,2533
145303,3-4-6,122.6
145303,4-3-6,307.2
145303,5-3-6,539
145303,6-3-5,3398
145303,1-5-2,86.6
145303,2-5-1,928.9
145303,3-5-1,64.5
145303,4-5-1,181.6
145303,5-4-1,503
145303,6-4-1,4039
145303,1-5-3,39.6
145303,2-5-3,1444
145303,3-5-2,197.7
145303,4-5-2,493.2
145303,5-4-2,1185
145303,6-4-2,6797
145303,1-5-4,61.5
145303,2-5-4,1421
145303,3-5-4,77.7
145303,4-5-3,204
145303,5-4-3,552.9
145303,6-4-3,3440
145303,1-5-6,190.6
145303,2-5-6,2705
145303,3-5-6,212.2
145303,4-5-6,469.1
145303,5-4-6,1067
145303,6-4-5,4287
145303,1-6-2,465.2
145303,2-6-1,3096
145303,3-6-1,383.3
145303,4-6-1,1097
145303,5-6-1,1786
145303,6-5-1,4568
145303,1-6-3,263.1
145303,2-6-3,3527
145303,3-6-2,928.9
145303,4-6-2,2194
145303,5-6-2,3062
145303,6-5-2,6058
145303,1-6-4,286.1
145303,2-6-4,4039
145303,3-6-4,403.9
145303,4-6-3,1047
145303,5-6-3,1629
145303,6-5-3,3440
145303,1-6-5,490.6
145303,2-6-5,4159
145303,3-6-5,541.1
145303,4-6-5,1327
145303,5-6-4,1870
145303,6-5-4,4287
145304,1-2-3,30.4
145304,2-1-3,33.4
145304,3-1-2,84.6
145304,4-1-2,142.4
145304,5-1-2,120
145304,6-1-2,294.9
145304,1-2-4,14.5
145304,2-1-4,22.5
145304,3-1-4,88.3
145304,4-1-3,353.5
145304,5-1-3,304.8
145304,6-1-3,694.2
145304,1-2-5,16
145304,2-1-5,29.2
145304,3-1-5,147.3
145304,4-1-5,130.5
145304,5-1-4,189.8
145304,6-1-4,427.1
145304,1-2-6,19.5
145304,2-1-6,24.1
145304,3-1-6,85.2
145304,4-1-6,143.1
145304,5-1-6,121.2
145304,6-1-5,333.7
145304,1-3-2,43.4
145304,2-3-1,64
145304,3-2-1,89.1
145304,4-2-1,145.4
145304,5-2-1,162.3
145304,6-2-1,326.2
145304,1-3-4,50.8
145304,2-3-4,52.1
145304,3-2-4,65.3
145304,4-2-3,271.9
145304,5-2-3,286.7
145304,6-2-3,562
145304,1-3-5,54.9
145304,2-3-5,69.4
145304,3-2-5,99.6
145304,4-2-5,131.4
145304,5-2-4,191.3
145304,6-2-4,338
145304,1-3-6,49.7
145304,2-3-6,52.7
145304,3-2-6,61.9
145304,4-2-6,115.4
145304,5-2-6,150.9
145304,6-2-5,334.6
145304,1-4-2,23.8
145304,2-4-1,50.7
145304,3-4-1,203
145304,4-3-1,548.4
145304,5-3-1,565.5
145304,6-3-1,1171
145304,1-4-3,59.4
145304,2-4-3,77.9
145304,3-4-2,144.9
145304,4-3-2,433.7
145304,5-3-2,478.9
145304,6-3-2,926.2
145304,1-4-5,34.9
145304,2-4-5,50.3
145304,3-4-5,237.6
145304,4-3-5,425.1
145304,5-3-4,674.8
145304,6-3-4,1113
145304,1-4-6,26.9
145304,2-4-6,37
145304,3-4-6,112.1
145304,4-3-6,363
145304,5-3-6,500.8
145304,6-3-5,1282
145304,1-5-2,33.4
145304,2-5-1,60.6
145304,3-5-1,320.7
145304,4-5-1,139.2
145304,5-4-1,225.2
145304,6-4-1,695.5
145304,1-5-3,80.4
145304,2-5-3,103.7
145304,3-5-2,247.6
145304,4-5-2,148
145304,5-4-2,225
145304,6-4-2,438.5
145304,1-5-4,55.1
145304,2-5-4,72.5
145304,3-5-4,261.9
145304,4-5-3,345.4
145304,5-4-3,515
145304,6-4-3,1113
145304,1-5-6,37.9
145304,2-5-6,55.4
145304,3-5-6,204
145304,4-5-6,105.4
145304,5-4-6,159.9
145304,6-4-5,502.1
145304,1-6-2,62.8
145304,2-6-1,84.3
145304,3-6-1,235.7
145304,4-6-1,228.4
145304,5-6-1,187.8
145304,6-5-1,372
145304,1-6-3,128.3
145304,2-6-3,143.8
145304,3-6-2,185
145304,4-6-2,205.2
145304,5-6-2,192.3
145304,6-5-2,349.7
145304,1-6-4,79.7
145304,2-6-4,89.4
145304,3-6-4,212.9
145304,4-6-3,502.8
145304,5-6-3,434.3
145304,6-5-3,864.4
145304,1-6-5,91
145304,2-6-5,102
145304,3-6-5,364.5
145304,4-6-5,189.4
145304,5-6-4,227.2
145304,6-5-4,452.7
145305,1-2-3,21.8
145305,2-1-3,27.8
145305,3-1-2,41.7
145305,4-1-2,885.5
145305,5-1-2,40.3
145305,6-1-2,2142
145305,1-2-4,100.3
145305,2-1-4,118.9
145305,3-1-4,129.3
145305,4-1-3,867
145305,5-1-3,37.8
145305,6-1-3,2322
145305,1-2-5,22
145305,2-1-5,24
145305,3-1-5,25.6
145305,4-1-5,696.2
145305,5-1-4,177.4
145305,6-1-4,2991
145305,1-2-6,181.7
145305,2-1-6,236.1
145305,3-1-6,288.7
145305,4-1-6,1795
145305,5-1-6,142.3
145305,6-1-5,2062
145305,1-3-2,24.4
145305,2-3-1,31.7
145305,3-2-1,43.1
145305,4-2-1,1000
145305,5-2-1,39
145305,6-2-1,2389
145305,1-3-4,83.6
145305,2-3-4,69.4
145305,3-2-4,80.5
145305,4-2-3,614.9
145305,5-2-3,22
145305,6-2-3,1596
145305,1-3-5,18.8
145305,2-3-5,13.9
145305,3-2-5,16.3
145305,4-2-5,452.4
145305,5-2-4,84.5
145305,6-2-4,2913
145305,1-3-6,232.2
145305,2-3-6,135.7
145305,3-2-6,172.9
145305,4-2-6,1668
145305,5-2-6,78.5
145305,6-2-5,1407
145305,1-4-2,195.3
145305,2-4-1,299.1
145305,3-4-1,235.5
145305,4-3-1,790.7
145305,5-3-1,42.1
145305,6-3-1,2767
145305,1-4-3,203.8
145305,2-4-3,163.5
145305,3-4-2,149.7
145305,4-3-2,627.7
145305,5-3-2,24.4
145305,6-3-2,1703
145305,1-4-5,179.8
145305,2-4-5,123.5
145305,3-4-5,115.1
145305,4-3-5,438.7
145305,5-3-4,91.7
145305,6-3-4,2938
145305,1-4-6,681.9
145305,2-4-6,491.2
145305,3-4-6,482.6
145305,4-3-6,1372
145305,5-3-6,101.3
145305,6-3-5,1685
145305,1-5-2,25.6
145305,2-5-1,27.8
145305,3-5-1,27.6
145305,4-5-1,611.5
145305,5-4-1,304.1
145305,6-4-1,3423
145305,1-5-3,26.3
145305,2-5-3,17.2
145305,3-5-2,16.8
145305,4-5-2,443.9
145305,5-4-2,156.6
145305,6-4-2,3570
145305,1-5-4,116.5
145305,2-5-4,65.7
145305,3-5-4,64.6
145305,4-5-3,400.1
145305,5-4-3,142.4
145305,6-4-3,3224
145305,1-5-6,175.5
145305,2-5-6,107
145305,3-5-6,102.8
145305,4-5-6,832.3
145305,5-4-6,283.1
145305,6-4-5,2635
145305,1-6-2,547.1
145305,2-6-1,783.2
145305,3-6-1,946.1
145305,4-6-1,2128
145305,5-6-1,256
145305,6-5-1,1775
145305,1-6-3,652.4
145305,2-6-3,474.4
145305,3-6-2,556.2
145305,4-6-2,2372
145305,5-6-2,169.2
145305,6-5-2,1248
145305,1-6-4,935.4
145305,2-6-4,922.4
145305,3-6-4,943.4
145305,4-6-3,1855
145305,5-6-3,182.9
145305,6-5-3,1407
145305,1-6-5,643.5
145305,2-6-5,389.3
145305,3-6-5,436.9
145305,4-6-5,1814
145305,5-6-4,463.1
145305,6-5-4,2199
145306,1-2-3,9.3
145306,2-1-3,11.4
145306,3-1-2,103.5
145306,4-1-2,386.5
145306,5-1-2,128
145306,6-1-2,392.3
145306,1-2-4,20.4
145306,2-1-4,25.3
145306,3-1-4,217.5
145306,4-1-3,884.3
145306,5-1-3,357.5
145306,6-1-3,922.8
145306,1-2-5,9.9
145306,2-1-5,10.9
145306,3-1-5,115.3
145306,4-1-5,530.6
145306,5-1-4,670.9
145306,6-1-4,1255
145306,1-2-6,21.7
145306,2-1-6,27.4
145306,3-1-6,191.5
145306,4-1-6,887.7
145306,5-1-6,243.2
145306,6-1-5,614.4
145306,1-3-2,21.5
145306,2-3-1,25.8
145306,3-2-1,97.3
145306,4-2-1,503.1
145306,5-2-1,118
145306,6-2-1,367
145306,1-3-4,69.1
145306,2-3-4,46
145306,3-2-4,164
145306,4-2-3,634.4
145306,5-2-3,167.3
145306,6-2-3,516.5
145306,1-3-5,36.4
145306,2-3-5,21.1
145306,3-2-5,70.9
145306,4-2-5,362.5
145306,5-2-4,271.4
145306,6-2-4,705.3
145306,1-3-6,68
145306,2-3-6,39.8
145306,3-2-6,126
145306,4-2-6,515.3
145306,5-2-6,117
145306,6-2-5,254
145306,1-4-2,80.1
145306,2-4-1,84.9
145306,3-4-1,484.3
145306,4-3-1,1173
145306,5-3-1,480.4
145306,6-3-1,1373
145306,1-4-3,152.6
145306,2-4-3,110.8
145306,3-4-2,377.1
145306,4-3-2,912
145306,5-3-2,271.1
145306,6-3-2,861.5
145306,1-4-5,115.7
145306,2-4-5,68.6
145306,3-4-5,447.2
145306,4-3-5,1341
145306,5-3-4,904.9
145306,6-3-4,1852
145306,1-4-6,170
145306,2-4-6,96.1
145306,3-4-6,573.6
145306,4-3-6,1406
145306,5-3-6,447.2
145306,6-3-5,1133
145306,1-5-2,30.5
145306,2-5-1,29
145306,3-5-1,256.5
145306,4-5-1,949
145306,5-4-1,1061
145306,6-4-1,2141
145306,1-5-3,74.2
145306,2-5-3,35
145306,3-5-2,151.2
145306,4-5-2,426
145306,5-4-2,515.3
145306,6-4-2,993.5
145306,1-5-4,133.4
145306,2-5-4,72.3
145306,3-5-4,463.2
145306,4-5-3,1015
145306,5-4-3,1311
145306,6-4-3,2623
145306,1-5-6,93.7
145306,2-5-6,32.4
145306,3-5-6,286.4
145306,4-5-6,595.5
145306,5-4-6,743.5
145306,6-4-5,1667
145306,1-6-2,94.6
145306,2-6-1,79.2
145306,3-6-1,534.2
145306,4-6-1,1546
145306,5-6-1,417.6
145306,6-5-1,622.6
145306,1-6-3,226.2
145306,2-6-3,119.8
145306,3-6-2,380.2
145306,4-6-2,830.8
145306,5-6-2,182.6
145306,6-5-2,308.8
145306,1-6-4,357.5
145306,2-6-4,171.5
145306,3-6-4,972.8
145306,4-6-3,1929
145306,5-6-3,523.4
145306,6-5-3,845.9
145306,1-6-5,162.2
145306,2-6-5,65
145306,3-6-5,550.6
145306,4-6-5,1028
145306,5-6-4,802.3
145306,6-5-4,1262
145307,1-2-3,59.7
145307,2-1-3,179.5
145307,3-1-2,171
145307,4-1-2,145.7
145307,5-1-2,66.7
145307,6-1-2,1918
145307,1-2-4,71.7
145307,2-1-4,184.6
145307,3-1-4,60.2
145307,4-1-3,90.1
145307,5-1-3,27.4
145307,6-1-3,2298
145307,1-2-5,51.7
145307,2-1-5,137.5
145307,3-1-5,33.9
145307,4-1-5,37.9
145307,5-1-4,27.6
145307,6-1-4,1634
145307,1-2-6,254.1
145307,2-1-6,678.7
145307,3-1-6,284.6
145307,4-1-6,181.1
145307,5-1-6,83.2
145307,6-1-5,1297
145307,1-3-2,58.3
145307,2-3-1,291.4
145307,3-2-1,283.9
145307,4-2-1,256.2
145307,5-2-1,107.9
145307,6-2-1,2506
145307,1-3-4,25.6
145307,2-3-4,238.4
145307,3-2-4,196.6
145307,4-2-3,278.1
145307,5-2-3,115.6
145307,6-2-3,3022
145307,1-3-5,15.9
145307,2-3-5,157.6
145307,3-2-5,124.2
145307,4-2-5,95.9
145307,5-2-4,87.7
145307,6-2-4,2865
145307,1-3-6,209.9
145307,2-3-6,755.5
145307,3-2-6,623.1
145307,4-2-6,396
145307,5-2-6,219.2
145307,6-2-5,2322
145307,1-4-2,78.4
145307,2-4-1,281.3
145307,3-4-1,78.6
145307,4-3-1,111.8
145307,5-3-1,45.3
145307,6-3-1,2506
145307,1-4-3,39
145307,2-4-3,259.5
145307,3-4-2,150.8
145307,4-3-2,223.5
145307,5-3-2,103.1
145307,6-3-2,3447
145307,1-4-5,25
145307,2-4-5,136.5
145307,3-4-5,37.5
145307,4-3-5,49.9
145307,5-3-4,41.1
145307,6-3-4,1869
145307,1-4-6,169.5
145307,2-4-6,602.7
145307,3-4-6,211.9
145307,4-3-6,221.9
145307,5-3-6,133
145307,6-3-5,1634
145307,1-5-2,42.3
145307,2-5-1,180.8
145307,3-5-1,39.5
145307,4-5-1,20.6
145307,5-4-1,21
145307,6-4-1,1764
145307,1-5-3,17.4
145307,2-5-3,173.2
145307,3-5-2,93.7
145307,4-5-2,40.5
145307,5-4-2,42.4
145307,6-4-2,1969
145307,1-5-4,21.7
145307,2-5-4,157.9
145307,3-5-4,33
145307,4-5-3,25.4
145307,5-4-3,25.8
145307,6-4-3,1610
145307,1-5-6,102
145307,2-5-6,414.6
145307,3-5-6,125.3
145307,4-5-6,27.6
145307,5-4-6,31.9
145307,6-4-5,417
145307,1-6-2,503.6
145307,2-6-1,1441
145307,3-6-1,915.3
145307,4-6-1,315.1
145307,5-6-1,170
145307,6-5-1,1167
145307,1-6-3,742.7
145307,2-6-3,1696
145307,3-6-2,1137
145307,4-6-2,415.4
145307,5-6-2,257.4
145307,6-5-2,1353
145307,1-6-4,431.7
145307,2-6-4,1423
145307,3-6-4,811
145307,4-6-3,371.3
145307,5-6-3,217.5
145307,6-5-3,1239
145307,1-6-5,464.4
145307,2-6-5,1097
145307,3-6-5,576
145307,4-6-5,128.7
145307,5-6-4,104.8
145307,6-5-4,412.3
145308,1-2-3,17.6
145308,2-1-3,33.8
145308,3-1-2,58.2
145308,4-1-2,61.3
145308,5-1-2,643.7
145308,6-1-2,404.5
145308,1-2-4,22.5
145308,2-1-4,33.5
145308,3-1-4,29.8
145308,4-1-3,44.2
145308,5-1-3,540
145308,6-1-3,248.1
145308,1-2-5,101.4
145308,2-1-5,149.2
145308,3-1-5,70
145308,4-1-5,131.4
145308,5-1-4,598.1
145308,6-1-4,300.3
145308,1-2-6,54.5
145308,2-1-6,74.8
145308,3-1-6,43.2
145308,4-1-6,68.4
145308,5-1-6,474.5
145308,6-1-5,606.7
145308,1-3-2,20.4
145308,2-3-1,67.6
145308,3-2-1,82
145308,4-2-1,84.8
145308,5-2-1,756.8
145308,6-2-1,555.6
145308,1-3-4,14.1
145308,2-3-4,39.9
145308,3-2-4,43.6
145308,4-2-3,74.2
145308,5-2-3,657.8
145308,6-2-3,396.1
145308,1-3-5,53
145308,2-3-5,143.8
145308,3-2-5,131.2
145308,4-2-5,192.3
145308,5-2-4,598.1
145308,6-2-4,377.7
145308,1-3-6,32.8
145308,2-3-6,60.7
145308,3-2-6,64.1
145308,4-2-6,96.5
145308,5-2-6,659.8
145308,6-2-5,851.4
145308,1-4-2,29.1
145308,2-4-1,61.1
145308,3-4-1,34.8
145308,4-3-1,56.1
145308,5-3-1,626.5
145308,6-3-1,289.2
145308,1-4-3,25.3
145308,2-4-3,49.4
145308,3-4-2,48.3
145308,4-3-2,77
145308,5-3-2,708.5
145308,6-3-2,344.4
145308,1-4-5,86.1
145308,2-4-5,154.3
145308,3-4-5,55
145308,4-3-5,103
145308,5-3-4,465
145308,6-3-4,171.8
145308,1-4-6,48.7
145308,2-4-6,68.4
145308,3-4-6,24.8
145308,4-3-6,45.7
145308,5-3-6,432.6
145308,6-3-5,459
145308,1-5-2,202.6
145308,2-5-1,356.6
145308,3-5-1,168.5
145308,4-5-1,175.6
145308,5-4-1,576.9
145308,6-4-1,326.8
145308,1-5-3,177.8
145308,2-5-3,312.3
145308,3-5-2,209.6
145308,4-5-2,218.1
145308,5-4-2,670.3
145308,6-4-2,354.2
145308,1-5-4,172
145308,2-5-4,314.6
145308,3-5-4,124.3
145308,4-5-3,157.2
145308,5-4-3,433.5
145308,6-4-3,183.7
145308,1-5-6,184
145308,2-5-6,319.4
145308,3-5-6,115.2
145308,4-5-6,115.5
145308,5-4-6,337.3
145308,6-4-5,377.7
145308,1-6-2,143.6
145308,2-6-1,231.2
145308,3-6-1,87.7
145308,4-6-1,109
145308,5-6-1,598.1
145308,6-5-1,751.4
145308,1-6-3,111.8
145308,2-6-3,173.6
145308,3-6-2,123.3
145308,4-6-2,129.3
145308,5-6-2,756.8
145308,6-5-2,868.9
145308,1-6-4,109.7
145308,2-6-4,163.6
145308,3-6-4,54.6
145308,4-6-3,68
145308,5-6-3,498
145308,6-5-3,545.6
145308,1-6-5,221.1
145308,2-6-5,410
145308,3-6-5,123.8
145308,4-6-5,128.9
145308,5-6-4,443.6
145308,6-5-4,498
145309,1-2-3,43.5
145309,2-1-3,103
145309,3-1-2,46
145309,4-1-2,761.8
145309,5-1-2,160.9
145309,6-1-2,515.9
145309,1-2-4,124.3
145309,2-1-4,282.4
145309,3-1-4,38.3
145309,4-1-3,338.3
145309,5-1-3,51.7
145309,6-1-3,219.1
145309,1-2-5,69.7
145309,2-1-5,125.5
145309,3-1-5,11.3
145309,4-1-5,340
145309,5-1-4,194.8
145309,6-1-4,753.1
145309,1-2-6,76.3
145309,2-1-6,148.6
145309,3-1-6,18.8
145309,4-1-6,414.6
145309,5-1-6,61.4
145309,6-1-5,305.2
145309,1-3-2,26.4
145309,2-3-1,140.4
145309,3-2-1,97.6
145309,4-2-1,1268
145309,5-2-1,368
145309,6-2-1,795.8
145309,1-3-4,27.1
145309,2-3-4,323.8
145309,3-2-4,197.5
145309,4-2-3,1040
145309,5-2-3,241.1
145309,6-2-3,618.1
145309,1-3-5,10
145309,2-3-5,134.1
145309,3-2-5,73.6
145309,4-2-5,1177
145309,5-2-4,556.8
145309,6-2-4,1008
145309,1-3-6,16.3
145309,2-3-6,158.6
145309,3-2-6,96
145309,4-2-6,1040
145309,5-2-6,274.9
145309,6-2-5,720
145309,1-4-2,163.9
145309,2-4-1,661.8
145309,3-4-1,81.1
145309,4-3-1,316
145309,5-3-1,51.6
145309,6-3-1,224.9
145309,1-4-3,82.1
145309,2-4-3,574.7
145309,3-4-2,184
145309,4-3-2,704.5
145309,5-3-2,125.3
145309,6-3-2,520
145309,1-4-5,91.9
145309,2-4-5,741.7
145309,3-4-5,53.1
145309,4-3-5,239.4
145309,5-3-4,145
145309,6-3-4,528.3
145309,1-4-6,93.4
145309,2-4-6,722.6
145309,3-4-6,66.1
145309,4-3-6,279.2
145309,5-3-6,41.5
145309,6-3-5,119.6
145309,1-5-2,67.6
145309,2-5-1,265.6
145309,3-5-1,18.3
145309,4-5-1,438.7
145309,5-4-1,352.8
145309,6-4-1,1260
145309,1-5-3,23.5
145309,2-5-3,231.5
145309,3-5-2,55.9
145309,4-5-2,822.4
145309,5-4-2,758.9
145309,6-4-2,1355
145309,1-5-4,83.8
145309,2-5-4,736.1
145309,3-5-4,49.4
145309,4-5-3,337.7
145309,5-4-3,288.2
145309,6-4-3,858.3
145309,1-5-6,32.1
145309,2-5-6,294.2
145309,3-5-6,15.5
145309,4-5-6,317.5
145309,5-4-6,236.8
145309,6-4-5,764.8
145309,1-6-2,128.5
145309,2-6-1,411.2
145309,3-6-1,45.8
145309,4-6-1,664
145309,5-6-1,81
145309,6-5-1,310.5
145309,1-6-3,58.8
145309,2-6-3,317.5
145309,3-6-2,108.5
145309,4-6-2,858.3
145309,5-6-2,210.9
145309,6-5-2,521.3
145309,1-6-4,153.2
145309,2-6-4,805.5
145309,3-6-4,94.8
145309,4-6-3,518.6
145309,5-6-3,59.3
145309,6-5-3,138.4
145309,1-6-5,69.3
145309,2-6-5,460.3
145309,3-6-5,27.7
145309,4-6-5,486.5
145309,5-6-4,232.6
145309,6-5-4,579.8
145310,1-2-3,13.6
145310,2-1-3,14.4
145310,3-1-2,173.5
145310,4-1-2,113.1
145310,5-1-2,211.6
145310,6-1-2,276.4
145310,1-2-4,11.5
145310,2-1-4,12.6
145310,3-1-4,221.7
145310,4-1-3,255.9
145310,5-1-3,480.2
145310,6-1-3,761.9
145310,1-2-5,15.8
145310,2-1-5,19.1
145310,3-1-5,230.6
145310,4-1-5,152
145310,5-1-4,407.4
145310,6-1-4,664.5
145310,1-2-6,26.2
145310,2-1-6,26
145310,3-1-6,358.2
145310,4-1-6,188.1
145310,5-1-6,322.8
145310,6-1-5,626.2
145310,1-3-2,32.8
145310,2-3-1,44
145310,3-2-1,164.6
145310,4-2-1,99.6
145310,5-2-1,199.6
145310,6-2-1,300.3
145310,1-3-4,50.2
145310,2-3-4,35.4
145310,3-2-4,115.8
145310,4-2-3,141.1
145310,5-2-3,294.5
145310,6-2-3,425.6
145310,1-3-5,68.4
145310,2-3-5,47.2
145310,3-2-5,126.5
145310,4-2-5,81.4
145310,5-2-4,191.6
145310,6-2-4,328.4
145310,1-3-6,101.1
145310,2-3-6,60.2
145310,3-2-6,177.2
145310,4-2-6,101.6
145310,5-2-6,167.8
145310,6-2-5,291.5
145310,1-4-2,29.1
145310,2-4-1,30.3
145310,3-4-1,347.9
145310,4-3-1,362.2
145310,5-3-1,837.3
145310,6-3-1,944.5
145310,1-4-3,67.9
145310,2-4-3,34.3
145310,3-4-2,214.2
145310,4-3-2,327.4
145310,5-3-2,475.2
145310,6-3-2,653.1
145310,1-4-5,66.8
145310,2-4-5,31
145310,3-4-5,295.7
145310,4-3-5,368.6
145310,5-3-4,626.2
145310,6-3-4,886
145310,1-4-6,84.5
145310,2-4-6,38.3
145310,3-4-6,357.1
145310,4-3-6,407.4
145310,5-3-6,699
145310,6-3-5,1053
145310,1-5-2,53
145310,2-5-1,57.6
145310,3-5-1,417.1
145310,4-5-1,162.8
145310,5-4-1,422.5
145310,6-4-1,819.3
145310,1-5-3,131.1
145310,2-5-3,77.9
145310,3-5-2,251.4
145310,4-5-2,100.9
145310,5-4-2,237.8
145310,6-4-2,428.8
145310,1-5-4,138.6
145310,2-5-4,62.5
145310,3-5-4,398.2
145310,4-5-3,277
145310,5-4-3,542.9
145310,6-4-3,952.4
145310,1-5-6,136.2
145310,2-5-6,51.3
145310,3-5-6,412.6
145310,4-5-6,100.7
145310,5-4-6,242.9
145310,6-4-5,503.5
145310,1-6-2,112.7
145310,2-6-1,73.4
145310,3-6-1,701.1
145310,4-6-1,283.9
145310,5-6-1,502.3
145310,6-5-1,1025
145310,1-6-3,250.9
145310,2-6-3,109
145310,3-6-2,413.3
145310,4-6-2,181.8
145310,5-6-2,257.4
145310,6-5-2,405.3
145310,1-6-4,252
145310,2-6-4,78.7
145310,3-6-4,699
145310,4-6-3,424.8
145310,5-6-3,624.5
145310,6-5-3,1172
145310,1-6-5,246
145310,2-6-5,83.4
145310,3-6-5,643.9
145310,4-6-5,168.8
145310,5-6-4,321
145310,6-5-4,529.1
145311,1-2-3,6.8
145311,2-1-3,12
145311,3-1-2,120.8
145311,4-1-2,237.2
145311,5-1-2,71.2
145311,6-1-2,768.1
145311,1-2-4,20.3
145311,2-1-4,32.8
145311,3-1-4,275.6
145311,4-1-3,487.1
145311,5-1-3,164.8
145311,6-1-3,1591
145311,1-2-5,8.2
145311,2-1-5,13.8
145311,3-1-5,137.3
145311,4-1-5,225.7
145311,5-1-4,244.6
145311,6-1-4,1877
145311,1-2-6,29.4
145311,2-1-6,36.2
145311,3-1-6,323
145311,4-1-6,348.1
145311,5-1-6,132.7
145311,6-1-5,1046
145311,1-3-2,15.5
145311,2-3-1,36.6
145311,3-2-1,143.3
145311,4-2-1,298.4
145311,5-2-1,92.9
145311,6-2-1,994
145311,1-3-4,46.5
145311,2-3-4,84.9
145311,3-2-4,241.1
145311,4-2-3,438.5
145311,5-2-3,126.9
145311,6-2-3,1174
145311,1-3-5,25.5
145311,2-3-5,34.5
145311,3-2-5,109.8
145311,4-2-5,223.2
145311,5-2-4,218.1
145311,6-2-4,1716
145311,1-3-6,51.1
145311,2-3-6,73.1
145311,3-2-6,233.4
145311,4-2-6,329.3
145311,5-2-6,134.5
145311,6-2-5,742.2
145311,1-4-2,43.2
145311,2-4-1,102.3
145311,3-4-1,523
145311,4-3-1,690.8
145311,5-3-1,319.3
145311,6-3-1,1743
145311,1-4-3,83
145311,2-4-3,145.5
145311,3-4-2,421.6
145311,4-3-2,649.9
145311,5-3-2,204.5
145311,6-3-2,1307
145311,1-4-5,68.8
145311,2-4-5,109.9
145311,3-4-5,452.9
145311,4-3-5,749.8
145311,5-3-4,622.3
145311,6-3-4,2112
145311,1-4-6,112.4
145311,2-4-6,174.7
145311,3-4-6,773.5
145311,4-3-6,875.2
145311,5-3-6,459.6
145311,6-3-5,1689
145311,1-5-2,20.2
145311,2-5-1,37.6
145311,3-5-1,270.8
145311,4-5-1,191
145311,5-4-1,292.1
145311,6-4-1,1997
145311,1-5-3,41.2
145311,2-5-3,53.3
145311,3-5-2,189.5
145311,4-5-2,169.3
145311,5-4-2,241.1
145311,6-4-2,2153
145311,1-5-4,89
145311,2-5-4,118.3
145311,3-5-4,515.7
145311,4-5-3,469.4
145311,5-4-3,520.5
145311,6-4-3,2615
145311,1-5-6,68.5
145311,2-5-6,70.5
145311,3-5-6,453.9
145311,4-5-6,201.1
145311,5-4-6,232.7
145311,6-4-5,1525
145311,1-6-2,101.8
145311,2-6-1,174.6
145311,3-6-1,989.6
145311,4-6-1,592.1
145311,5-6-1,234.9
145311,6-5-1,994
145311,1-6-3,194.9
145311,2-6-3,246.5
145311,3-6-2,752.3
145311,4-6-2,581.1
145311,5-6-2,191
145311,6-5-2,605.2
145311,1-6-4,277.3
145311,2-6-4,454.8
145311,3-6-4,1277
145311,4-6-3,998.6
145311,5-6-3,438.5
145311,6-5-3,1569
145311,1-6-5,197.9
145311,2-6-5,191.5
145311,3-6-5,934.8
145311,4-6-5,514.5
145311,5-6-4,480.7
145311,6-5-4,1156
145312,1-2-3,16
145312,2-1-3,98.8
145312,3-1-2,194.1
145312,4-1-2,390.9
145312,5-1-2,160.9
145312,6-1-2,23.6
145312,1-2-4,27.8
145312,2-1-4,133
145312,3-1-4,262
145312,4-1-3,545.2
145312,5-1-3,304.9
145312,6-1-3,44.9
145312,1-2-5,14
145312,2-1-5,72.4
145312,3-1-5,215.4
145312,4-1-5,367.8
145312,5-1-4,336.4
145312,6-1-4,52.2
145312,1-2-6,7.7
145312,2-1-6,45.2
145312,3-1-6,174.5
145312,4-1-6,336.6
145312,5-1-6,125.7
145312,6-1-5,33
145312,1-3-2,32.3
145312,2-3-1,257.7
145312,3-2-1,359
145312,4-2-1,586.9
145312,5-2-1,279.6
145312,6-2-1,52.4
145312,1-3-4,59.4
145312,2-3-4,694.6
145312,3-2-4,652.3
145312,4-2-3,964.3
145312,5-2-3,631.3
145312,6-2-3,152
145312,1-3-5,40.3
145312,2-3-5,421.8
145312,3-2-5,460.5
145312,4-2-5,696.6
145312,5-2-4,680.2
145312,6-2-4,178.8
145312,1-3-6,28.7
145312,2-3-6,338.2
145312,3-2-6,410.5
145312,4-2-6,594
145312,5-2-6,293.6
145312,6-2-5,101.6
145312,1-4-2,51.5
145312,2-4-1,336.4
145312,3-4-1,388.8
145312,4-3-1,679.3
145312,5-3-1,658.4
145312,6-3-1,118.2
145312,1-4-3,85.4
145312,2-4-3,858.3
145312,3-4-2,676.5
145312,4-3-2,938.6
145312,5-3-2,858.3
145312,6-3-2,193.1
145312,1-4-5,57.9
145312,2-4-5,687.8
145312,3-4-5,441.1
145312,4-3-5,742.9
145312,5-3-4,921
145312,6-3-4,180.6
145312,1-4-6,45.6
145312,2-4-6,522.6
145312,3-4-6,470.2
145312,4-3-6,606.4
145312,5-3-6,566.6
145312,6-3-5,159.7
145312,1-5-2,29.5
145312,2-5-1,201.5
145312,3-5-1,390
145312,4-5-1,472
145312,5-4-1,568.6
145312,6-4-1,159.6
145312,1-5-3,56.7
145312,2-5-3,544
145312,3-5-2,594.7
145312,4-5-2,648
145312,5-4-2,848
145312,6-4-2,251.4
145312,1-5-4,73.2
145312,2-5-4,619.4
145312,3-5-4,489.8
145312,4-5-3,774.5
145312,5-4-3,879.8
145312,6-4-3,263.4
145312,1-5-6,29
145312,2-5-6,263.8
145312,3-5-6,437.5
145312,4-5-6,496.3
145312,5-4-6,565.9
145312,6-4-5,162.1
145312,1-6-2,8.5
145312,2-6-1,79.5
145312,3-6-1,261.6
145312,4-6-1,440.7
145312,5-6-1,192.2
145312,6-5-1,91.6
145312,1-6-3,18.4
145312,2-6-3,298.4
145312,3-6-2,460.9
145312,4-6-2,667.3
145312,5-6-2,320
145312,6-5-2,137.6
145312,1-6-4,24.7
145312,2-6-4,366.2
145312,3-6-4,447.5
145312,4-6-3,729.7
145312,5-6-3,569.9
145312,6-5-3,234.9
145312,1-6-5,15.1
145312,2-6-5,201.3
145312,3-6-5,416.1
145312,4-6-5,535.1
145312,5-6-4,558.9
145312,6-5-4,201
145361,1-2-3,9.6
145361,2-1-3,26.7
145361,3-1-2,25
145361,4-1-2,47.9
145361,5-1-2,889.7
145361,6-1-2,447.4
145361,1-2-4,12.2
145361,2-1-4,31.3
145361,3-1-4,21.1
145361,4-1-3,50.2
145361,5-1-3,680.8
145361,6-1-3,715
145361,1-2-5,71
145361,2-1-5,172.6
145361,3-1-5,63.6
145361,4-1-5,101.3
145361,5-1-4,590.9
145361,6-1-4,523.7
145361,1-2-6,41.7
145361,2-1-6,68.2
145361,3-1-6,57.6
145361,4-1-6,55
145361,5-1-6,860.4
145361,6-1-5,2610
145361,1-3-2,9
145361,2-3-1,55.3
145361,3-2-1,54.2
145361,4-2-1,75.5
145361,5-2-1,1350
145361,6-2-1,756.5
145361,1-3-4,9.6
145361,2-3-4,86.6
145361,3-2-4,71.1
145361,4-2-3,135
145361,5-2-3,1720
145361,6-2-3,1151
145361,1-3-5,48.2
145361,2-3-5,385.7
145361,3-2-5,239.8
145361,4-2-5,308.8
145361,5-2-4,949.1
145361,6-2-4,1327
145361,1-3-6,38.4
145361,2-3-6,199.4
145361,3-2-6,169.4
145361,4-2-6,136.6
145361,5-2-6,1820
145361,6-2-5,2900
145361,1-4-2,20.6
145361,2-4-1,79.6
145361,3-4-1,33
145361,4-3-1,55.3
145361,5-3-1,763.9
145361,6-3-1,837.4
145361,1-4-3,20.5
145361,2-4-3,139.8
145361,3-4-2,54.1
145361,4-3-2,94.8
145361,5-3-2,1044
145361,6-3-2,1118
145361,1-4-5,89.8
145361,2-4-5,510.1
145361,3-4-5,69.4
145361,4-3-5,137.2
145361,5-3-4,728.3
145361,6-3-4,735.2
145361,1-4-6,56.1
145361,2-4-6,249.3
145361,3-4-6,56.7
145361,4-3-6,95.1
145361,5-3-6,921.1
145361,6-3-5,2237
145361,1-5-2,208.2
145361,2-5-1,775.2
145361,3-5-1,167.3
145361,4-5-1,138.8
145361,5-4-1,660.7
145361,6-4-1,540
145361,1-5-3,197.2
145361,2-5-3,1058
145361,3-5-2,285.2
145361,4-5-2,261.8
145361,5-4-2,889.7
145361,6-4-2,1327
145361,1-5-4,209.6
145361,2-5-4,900
145361,3-5-4,152.1
145361,4-5-3,206.5
145361,5-4-3,815.6
145361,6-4-3,1023
145361,1-5-6,277.6
145361,2-5-6,1550
145361,3-5-6,220.5
145361,4-5-6,174.5
145361,5-4-6,767.6
145361,6-4-5,2654
145361,1-6-2,124.3
145361,2-6-1,303.4
145361,3-6-1,190
145361,4-6-1,86.9
145361,5-6-1,1361
145361,6-5-1,2525
145361,1-6-3,160.9
145361,2-6-3,600
145361,3-6-2,289.4
145361,4-6-2,130.8
145361,5-6-2,1597
145361,6-5-2,2610
145361,1-6-4,167.4
145361,2-6-4,602.3
145361,3-6-4,185.1
145361,4-6-3,181.8
145361,5-6-3,1273
145361,6-5-3,2302
145361,1-6-5,373.7
145361,2-6-5,1436
145361,3-6-5,372.8
145361,4-6-5,252.5
145361,5-6-4,932.1
145361,6-5-4,2302
145362,1-2-3,19.2
145362,2-1-3,115.9
145362,3-1-2,89.8
145362,4-1-2,1067
145362,5-1-2,82.5
145362,6-1-2,92.8
145362,1-2-4,131.4
145362,2-1-4,374
145362,3-1-4,247.4
145362,4-1-3,1271
145362,5-1-3,49.6
145362,6-1-3,79.7
145362,1-2-5,25.3
145362,2-1-5,139.8
145362,3-1-5,32.8
145362,4-1-5,1317
145362,5-1-4,311.2
145362,6-1-4,359.3
145362,1-2-6,19.1
145362,2-1-6,111
145362,3-1-6,34.7
145362,4-1-6,831
145362,5-1-6,27
145362,6-1-5,58.6
145362,1-3-2,18.7
145362,2-3-1,196.3
145362,3-2-1,164.3
145362,4-2-1,1556
145362,5-2-1,213.2
145362,6-2-1,272.8
145362,1-3-4,85.6
145362,2-3-4,902.8
145362,3-2-4,664.8
145362,4-2-3,2521
145362,5-2-3,304.7
145362,6-2-3,377.9
145362,1-3-5,10.1
145362,2-3-5,347.4
145362,3-2-5,205.1
145362,4-2-5,2437
145362,5-2-4,902.8
145362,6-2-4,1015
145362,1-3-6,12.7
145362,2-3-6,327.2
145362,3-2-6,168.8
145362,4-2-6,1643
145362,5-2-6,170.8
145362,6-2-5,311.8
145362,1-4-2,230.3
145362,2-4-1,1030
145362,3-4-1,778
145362,4-3-1,1681
145362,5-3-1,95.5
145362,6-3-1,178.1
145362,1-4-3,246.2
145362,2-4-3,1625
145362,3-4-2,1170
145362,4-3-2,2925
145362,5-3-2,231
145362,6-3-2,366.5
145362,1-4-5,165.4
145362,2-4-5,1805
145362,3-4-5,845.4
145362,4-3-5,2089
145362,5-3-4,803.6
145362,6-3-4,742.4
145362,1-4-6,154.4
145362,2-4-6,1271
145362,3-4-6,614.5
145362,4-3-6,1741
145362,5-3-6,93.3
145362,6-3-5,170.2
145362,1-5-2,28
145362,2-5-1,241.7
145362,3-5-1,47.5
145362,4-5-1,1783
145362,5-4-1,845.4
145362,6-4-1,1091
145362,1-5-3,13
145362,2-5-3,393.1
145362,3-5-2,148.3
145362,4-5-2,2183
145362,5-4-2,1607
145362,6-4-2,1354
145362,1-5-4,102.4
145362,2-5-4,1160
145362,3-5-4,410.8
145362,4-5-3,1828
145362,5-4-3,1260
145362,6-4-3,1329
145362,1-5-6,10.3
145362,2-5-6,300.3
145362,3-5-6,51.2
145362,4-5-6,937.5
145362,5-4-6,627.7
145362,6-4-5,988.2
145362,1-6-2,23.5
145362,2-6-1,235.1
145362,3-6-1,69.3
145362,4-6-1,1052
145362,5-6-1,35.3
145362,6-5-1,65.2
145362,1-6-3,18.9
145362,2-6-3,421.5
145362,3-6-2,168.7
145362,4-6-2,2003
145362,5-6-2,91.5
145362,6-5-2,166.3
145362,1-6-4,102.7
145362,2-6-4,1208
145362,3-6-4,419
145362,4-6-3,1643
145362,5-6-3,57.3
145362,6-5-3,95.7
145362,1-6-5,20.6
145362,2-6-5,368.4
145362,3-6-5,68.7
145362,4-6-5,1133
145362,5-6-4,245.8
145362,6-5-4,428.9
145363,1-2-3,96.7
145363,2-1-3,322.1
145363,3-1-2,386.7
145363,4-1-2,143
145363,5-1-2,128.6
145363,6-1-2,164.8
145363,1-2-4,28.9
145363,2-1-4,57.4
145363,3-1-4,175.1
145363,4-1-3,228
145363,5-1-3,230.1
145363,6-1-3,341.6
145363,1-2-5,31.2
145363,2-1-5,68.3
145363,3-1-5,236.2
145363,4-1-5,49.7
145363,5-1-4,54.1
145363,6-1-4,84.7
145363,1-2-6,32.4
145363,2-1-6,68.6
145363,3-1-6,259.1
145363,4-1-6,42.7
145363,5-1-6,34.5
145363,6-1-5,73.2
145363,1-3-2,119
145363,2-3-1,560.1
145363,3-2-1,645.6
145363,4-2-1,244.5
145363,5-2-1,205.6
145363,6-2-1,297
145363,1-3-4,88.2
145363,2-3-4,698.9
145363,3-2-4,739.6
145363,4-2-3,588.2
145363,5-2-3,621.8
145363,6-2-3,634.8
145363,1-3-5,87.8
145363,2-3-5,746.8
145363,3-2-5,729
145363,4-2-5,199.1
145363,5-2-4,183.3
145363,6-2-4,211.9
145363,1-3-6,79.5
145363,2-3-6,579.3
145363,3-2-6,739.6
145363,4-2-6,146.2
145363,5-2-6,110.9
145363,6-2-5,182.4
145363,1-4-2,52.5
145363,2-4-1,154.6
145363,3-4-1,372.5
145363,4-3-1,382.8
145363,5-3-1,357.6
145363,6-3-1,611.8
145363,1-4-3,99
145363,2-4-3,560.1
145363,3-4-2,686.3
145363,4-3-2,640.1
145363,5-3-2,711.9
145363,6-3-2,806.1
145363,1-4-5,18.8
145363,2-4-5,143.3
145363,3-4-5,340
145363,4-3-5,326.2
145363,5-3-4,391.6
145363,6-3-4,574.9
145363,1-4-6,21.3
145363,2-4-6,110.9
145363,3-4-6,266.3
145363,4-3-6,349.4
145363,5-3-6,294.1
145363,6-3-5,532.7
145363,1-5-2,43.6
145363,2-5-1,160.7
145363,3-5-1,340
145363,4-5-1,39.5
145363,5-4-1,58.8
145363,6-4-1,99.6
145363,1-5-3,96.3
145363,2-5-3,725.5
145363,3-5-2,607
145363,4-5-2,105.5
145363,5-4-2,132.3
145363,6-4-2,177.7
145363,1-5-4,21.3
145363,2-5-4,129.4
145363,3-5-4,365.3
145363,4-5-3,218.2
145363,5-4-3,302.3
145363,6-4-3,442.9
145363,1-5-6,20.4
145363,2-5-6,141.9
145363,3-5-6,334.8
145363,4-5-6,16.3
145363,5-4-6,26
145363,6-4-5,39.3
145363,1-6-2,53.8
145363,2-6-1,175.3
145363,3-6-1,378
145363,4-6-1,43.7
145363,5-6-1,37.7
145363,6-5-1,69.6
145363,1-6-3,119.7
145363,2-6-3,609.4
145363,3-6-2,773.4
145363,4-6-2,107.1
145363,5-6-2,80.4
145363,6-5-2,113.1
145363,1-6-4,32.3
145363,2-6-4,137.8
145363,3-6-4,327.6
145363,4-6-3,248.1
145363,5-6-3,206.7
145363,6-5-3,305.3
145363,1-6-5,32.4
145363,2-6-5,154.2
145363,3-6-5,365.3
145363,4-6-5,20.5
145363,5-6-4,25.2
145363,6-5-4,41.1
145364,1-2-3,33.7
145364,2-1-3,26.1
145364,3-1-2,173.5
145364,4-1-2,563.9
145364,5-1-2,29.4
145364,6-1-2,509.4
145364,1-2-4,89.1
145364,2-1-4,76.5
145364,3-1-4,510.5
145364,4-1-3,938.3
145364,5-1-3,84.9
145364,6-1-3,1152
145364,1-2-5,17.4
145364,2-1-5,10
145364,3-1-5,132.2
145364,4-1-5,492.5
145364,5-1-4,221.2
145364,6-1-4,1474
145364,1-2-6,52.3
145364,2-1-6,34
145364,3-1-6,426.2
145364,4-1-6,872.8
145364,5-1-6,51.5
145364,6-1-5,420.1
145364,1-3-2,69.8
145364,2-3-1,49.5
145364,3-2-1,136.8
145364,4-2-1,574.8
145364,5-2-1,25.6
145364,6-2-1,372.1
145364,1-3-4,236.2
145364,2-3-4,98.5
145364,3-2-4,307.5
145364,4-2-3,741.9
145364,5-2-3,37.5
145364,6-2-3,374.4
145364,1-3-5,63.8
145364,2-3-5,19.7
145364,3-2-5,66.5
145364,4-2-5,352.2
145364,5-2-4,111.2
145364,6-2-4,741.9
145364,1-3-6,137.3
145364,2-3-6,45.8
145364,3-2-6,139
145364,4-2-6,596.5
145364,5-2-6,22.8
145364,6-2-5,131.3
145364,1-4-2,241.5
145364,2-4-1,214.8
145364,3-4-1,863.3
145364,4-3-1,1269
145364,5-3-1,137.7
145364,6-3-1,1146
145364,1-4-3,457.4
145364,2-4-3,236.2
145364,3-4-2,639.9
145364,4-3-2,1045
145364,5-3-2,88.2
145364,6-3-2,526.4
145364,1-4-5,274.7
145364,2-4-5,121.1
145364,3-4-5,668.7
145364,4-3-5,1023
145364,5-3-4,441.2
145364,6-3-4,1521
145364,1-4-6,329.7
145364,2-4-6,185.6
145364,3-4-6,949.6
145364,4-3-6,1465
145364,5-3-6,109.7
145364,6-3-5,599.5
145364,1-5-2,24.2
145364,2-5-1,12.2
145364,3-5-1,140.6
145364,4-5-1,463.6
145364,5-4-1,375.6
145364,6-4-1,1572
145364,1-5-3,50.7
145364,2-5-3,15
145364,3-5-2,90.6
145364,4-5-2,319.9
145364,5-4-2,255.8
145364,6-4-2,1333
145364,1-5-4,153
145364,2-5-4,59.8
145364,3-5-4,399.6
145364,4-5-3,813
145364,5-4-3,624.7
145364,6-4-3,1812
145364,1-5-6,54.9
145364,2-5-6,12.7
145364,3-5-6,132.4
145364,4-5-6,339.6
145364,5-4-6,253.1
145364,6-4-5,993.3
145364,1-6-2,129.2
145364,2-6-1,86
145364,3-6-1,638.2
145364,4-6-1,1045
145364,5-6-1,59.4
145364,6-5-1,286.3
145364,1-6-3,269.4
145364,2-6-3,96.4
145364,3-6-2,305.5
145364,4-6-2,850.9
145364,5-6-2,36.7
145364,6-5-2,122.8
145364,1-6-4,453
145364,2-6-4,239.3
145364,3-6-4,1175
145364,4-6-3,1396
145364,5-6-3,98.9
145364,6-5-3,407.9
145364,1-6-5,142
145364,2-6-5,45.5
145364,3-6-5,248.8
145364,4-6-5,587.6
145364,5-6-4,205
145364,6-5-4,633.1
145365,1-2-3,77
145365,2-1-3,398
145365,3-1-2,633.5
145365,4-1-2,27.8
145365,5-1-2,1600
145365,6-1-2,47
145365,1-2-4,13.1
145365,2-1-4,108.6
145365,3-1-4,527.9
145365,4-1-3,119.9
145365,5-1-3,1669
145365,6-1-3,198.3
145365,1-2-5,210
145365,2-1-5,843.6
145365,3-1-5,1031
145365,4-1-5,151.3
145365,5-1-4,1443
145365,6-1-4,25
145365,1-2-6,21.5
145365,2-1-6,128.8
145365,3-1-6,705.5
145365,4-1-6,9.8
145365,5-1-6,1236
145365,6-1-5,308.5
145365,1-3-2,114.6
145365,2-3-1,955.2
145365,3-2-1,961.1
145365,4-2-1,72.3
145365,5-2-1,2299
145365,6-2-1,93.8
145365,1-3-4,80.2
145365,2-3-4,1349
145365,3-2-4,1154
145365,4-2-3,362.2
145365,5-2-3,2282
145365,6-2-3,500.7
145365,1-3-5,352.3
145365,2-3-5,1651
145365,3-2-5,1858
145365,4-2-5,571.7
145365,5-2-4,2406
145365,6-2-4,100.6
145365,1-3-6,111.1
145365,2-3-6,1212
145365,3-2-6,1544
145365,4-2-6,70.3
145365,5-2-6,2608
145365,6-2-5,816.9
145365,1-4-2,7.8
145365,2-4-1,155.1
145365,3-4-1,694.5
145365,4-3-1,404.2
145365,5-3-1,2388
145365,6-3-1,618.4
145365,1-4-3,35.4
145365,2-4-3,793.9
145365,3-4-2,1120
145365,4-3-2,680.8
145365,5-3-2,2369
145365,6-3-2,998.2
145365,1-4-5,97.6
145365,2-4-5,1349
145365,3-4-5,1784
145365,4-3-5,1137
145365,5-3-4,3200
145365,6-3-4,600.4
145365,1-4-6,4.9
145365,2-4-6,161.2
145365,3-4-6,732.1
145365,4-3-6,437.2
145365,5-3-6,1990
145365,6-3-5,1430
145365,1-5-2,464.7
145365,2-5-1,2042
145365,3-5-1,1977
145365,4-5-1,565.4
145365,5-4-1,1669
145365,6-4-1,23.1
145365,1-5-3,558.3
145365,2-5-3,2233
145365,3-5-2,1507
145365,4-5-2,926.7
145365,5-4-2,2822
145365,6-4-2,46.3
145365,1-5-4,492.7
145365,2-5-4,2029
145365,3-5-4,2111
145365,4-5-3,1184
145365,5-4-3,2523
145365,6-4-3,211.6
145365,1-5-6,486.5
145365,2-5-6,1804
145365,3-5-6,1753
145365,4-5-6,388
145365,5-4-6,1499
145365,6-4-5,204.9
145365,1-6-2,17.9
145365,2-6-1,167.9
145365,3-6-1,889.5
145365,4-6-1,11
145365,5-6-1,1404
145365,6-5-1,852.8
145365,1-6-3,73.1
145365,2-6-3,595.8
145365,3-6-2,1385
145365,4-6-2,28.5
145365,5-6-2,2369
145365,6-5-2,1212
145365,1-6-4,9.3
145365,2-6-4,184.1
145365,3-6-4,902.4
145365,4-6-3,119.1
145365,5-6-3,1928
145365,6-5-3,1309
145365,1-6-5,192.4
145365,2-6-5,1112
145365,3-6-5,1492
145365,4-6-5,107.8
145365,5-6-4,1583
145365,6-5-4,766.5
145366,1-2-3,14.6
145366,2-1-3,34.3
145366,3-1-2,445.3
145366,4-1-2,54.3
145366,5-1-2,110.5
145366,6-1-2,428.9
145366,1-2-4,5.3
145366,2-1-4,12.6
145366,3-1-4,767.1
145366,4-1-3,397.8
145366,5-1-3,554.3
145366,6-1-3,1409
145366,1-2-5,6.2
145366,2-1-5,14
145366,3-1-5,808.6
145366,4-1-5,89.7
145366,5-1-4,210.3
145366,6-1-4,854.9
145366,1-2-6,13.6
145366,2-1-6,24.9
145366,3-1-6,630
145366,4-1-6,121.5
145366,5-1-6,196.3
145366,6-1-5,1009
145366,1-3-2,50.5
145366,2-3-1,161.8
145366,3-2-1,544.6
145366,4-2-1,77.2
145366,5-2-1,142.8
145366,6-2-1,518.9
145366,1-3-4,109.4
145366,2-3-4,257.6
145366,3-2-4,770.3
145366,4-2-3,547.8
145366,5-2-3,812.2
145366,6-2-3,1415
145366,1-3-5,111
145366,2-3-5,281.7
145366,3-2-5,794.9
145366,4-2-5,113.6
145366,5-2-4,287.6
145366,6-2-4,830.2
145366,1-3-6,168.3
145366,2-3-6,284.7
145366,3-2-6,750.2
145366,4-2-6,142.9
145366,5-2-6,235.7
145366,6-2-5,883.2
145366,1-4-2,15.9
145366,2-4-1,43.2
145366,3-4-1,1279
145366,4-3-1,991
145366,5-3-1,1476
145366,6-3-1,2237
145366,1-4-3,105.3
145366,2-4-3,211.2
145366,3-4-2,1153
145366,4-3-2,845.2
145366,5-3-2,1399
145366,6-3-2,1762
145366,1-4-5,37.7
145366,2-4-5,80.6
145366,3-4-5,1537
145366,4-3-5,1171
145366,5-3-4,1840
145366,6-3-4,1868
145366,1-4-6,56.4
145366,2-4-6,97.9
145366,3-4-6,1301
145366,4-3-6,1167
145366,5-3-6,1796
145366,6-3-5,2809
145366,1-5-2,20.8
145366,2-5-1,55.2
145366,3-5-1,1368
145366,4-5-1,102.8
145366,5-4-1,265.9
145366,6-4-1,1182
145366,1-5-3,122.4
145366,2-5-3,265.5
145366,3-5-2,1149
145366,4-5-2,103.8
145366,5-4-2,255.2
145366,6-4-2,819.3
145366,1-5-4,50
145366,2-5-4,112.3
145366,3-5-4,1470
145366,4-5-3,668.3
145366,5-4-3,1095
145366,6-4-3,2075
145366,1-5-6,69.5
145366,2-5-6,123.2
145366,3-5-6,1378
145366,4-5-6,139.8
145366,5-4-6,286.2
145366,6-4-5,1213
145366,1-6-2,62
145366,2-6-1,118.1
145366,3-6-1,1737
145366,4-6-1,216.2
145366,5-6-1,489
145366,6-5-1,1142
145366,1-6-3,262.7
145366,2-6-3,462.9
145366,3-6-2,1779
145366,4-6-2,233.8
145366,5-6-2,460.1
145366,6-5-2,950.6
145366,1-6-4,121.2
145366,2-6-4,188.2
145366,3-6-4,1997
145366,4-6-3,845.2
145366,5-6-3,1667
145366,6-5-3,2649
145366,1-6-5,164.9
145366,2-6-5,217.3
145366,3-6-5,1976
145366,4-6-5,261.4
145366,5-6-4,646.3
145366,6-5-4,1358
145367,1-2-3,14.3
145367,2-1-3,41.6
145367,3-1-2,145.9
145367,4-1-2,32.3
145367,5-1-2,196.3
145367,6-1-2,177.2
145367,1-2-4,5.9
145367,2-1-4,16.2
145367,3-1-4,144.7
145367,4-1-3,126.7
145367,5-1-3,548.4
145367,6-1-3,590.6
145367,1-2-5,14.6
145367,2-1-5,41.5
145367,3-1-5,269.5
145367,4-1-5,91.1
145367,5-1-4,355.5
145367,6-1-4,208.8
145367,1-2-6,16.8
145367,2-1-6,34.6
145367,3-1-6,212.1
145367,4-1-6,43.7
145367,5-1-6,397.2
145367,6-1-5,446
145367,1-3-2,35.3
145367,2-3-1,110
145367,3-2-1,206.2
145367,4-2-1,52
145367,5-2-1,312.8
145367,6-2-1,258.4
145367,1-3-4,48.6
145367,2-3-4,136.3
145367,3-2-4,242.2
145367,4-2-3,170.1
145367,5-2-3,873.6
145367,6-2-3,838.7
145367,1-3-5,86.8
145367,2-3-5,314.3
145367,3-2-5,484.5
145367,4-2-5,184.8
145367,5-2-4,551.4
145367,6-2-4,322.2
145367,1-3-6,94.6
145367,2-3-6,203.4
145367,3-2-6,389.1
145367,4-2-6,76.2
145367,5-2-6,821.5
145367,6-2-5,838.7
145367,1-4-2,10.7
145367,2-4-1,37.6
145367,3-4-1,151.7
145367,4-3-1,158.7
145367,5-3-1,1013
145367,6-3-1,1015
145367,1-4-3,44.4
145367,2-4-3,111.6
145367,3-4-2,176
145367,4-3-2,197.4
145367,5-3-2,1073
145367,6-3-2,1157
145367,1-4-5,37.3
145367,2-4-5,155.8
145367,3-4-5,318.8
145367,4-3-5,324
145367,5-3-4,1348
145367,6-3-4,860.4
145367,1-4-6,24
145367,2-4-6,69.8
145367,3-4-6,195.1
145367,4-3-6,198.5
145367,5-3-6,1643
145367,6-3-5,1706
145367,1-5-2,28.8
145367,2-5-1,160.2
145367,3-5-1,694.3
145367,4-5-1,182.1
145367,5-4-1,563.1
145367,6-4-1,233.8
145367,1-5-3,82.8
145367,2-5-3,496.5
145367,3-5-2,705.4
145367,4-5-2,261.8
145367,5-4-2,648.1
145367,6-4-2,254.6
145367,1-5-4,58.1
145367,2-5-4,270.1
145367,3-5-4,720.6
145367,4-5-3,537.3
145367,5-4-3,1335
145367,6-4-3,656.6
145367,1-5-6,97.8
145367,2-5-6,340.9
145367,3-5-6,983.3
145367,4-5-6,232.3
145367,5-4-6,781.3
145367,6-4-5,567.1
145367,1-6-2,46.3
145367,2-6-1,127.7
145367,3-6-1,455.2
145367,4-6-1,61.9
145367,5-6-1,744.8
145367,6-5-1,840.5
145367,1-6-3,173.5
145367,2-6-3,401.6
145367,3-6-2,587.1
145367,4-6-2,79.9
145367,5-6-2,962
145367,6-5-2,1037
145367,1-6-4,57
145367,2-6-4,163.8
145367,3-6-4,390.2
145367,4-6-3,249.3
145367,5-6-3,2068
145367,6-5-3,1865
145367,1-6-5,115.7
145367,2-6-5,388.3
145367,3-6-5,847.6
145367,4-6-5,163
145367,5-6-4,946.1
145367,6-5-4,948.3
145368,1-2-3,12.5
145368,2-1-3,34
145368,3-1-2,16.6
145368,4-1-2,106.3
145368,5-1-2,746.3
145368,6-1-2,648.5
145368,1-2-4,30.9
145368,2-1-4,62.6
145368,3-1-4,15.6
145368,4-1-3,69.7
145368,5-1-3,630.4
145368,6-1-3,385.5
145368,1-2-5,84.4
145368,2-1-5,160.8
145368,3-1-5,42.3
145368,4-1-5,180.3
145368,5-1-4,846
145368,6-1-4,687.8
145368,1-2-6,62.2
145368,2-1-6,128.2
145368,3-1-6,27.7
145368,4-1-6,144
145368,5-1-6,906.5
145368,6-1-5,1371
145368,1-3-2,8.1
145368,2-3-1,41.3
145368,3-2-1,32
145368,4-2-1,147.8
145368,5-2-1,1160
145368,6-2-1,857.8
145368,1-3-4,9.1
145368,2-3-4,59.6
145368,3-2-4,36.7
145368,4-2-3,136.6
145368,5-2-3,902.7
145368,6-2-3,551.3
145368,1-3-5,33.4
145368,2-3-5,149.2
145368,3-2-5,76.6
145368,4-2-5,306.7
145368,5-2-4,1484
145368,6-2-4,910.3
145368,1-3-6,21.1
145368,2-3-6,100.7
145368,3-2-6,60.2
145368,4-2-6,231.6
145368,5-2-6,1349
145368,6-2-5,1571
145368,1-4-2,36
145368,2-4-1,122
145368,3-4-1,33.3
145368,4-3-1,77.5
145368,5-3-1,748.9
145368,6-3-1,403.5
145368,1-4-3,24.3
145368,2-4-3,113.2
145368,3-4-2,48.5
145368,4-3-2,105
145368,5-3-2,797.4
145368,6-3-2,466.5
145368,1-4-5,102.2
145368,2-4-5,322.5
145368,3-4-5,68.3
145368,4-3-5,162.6
145368,5-3-4,871.6
145368,6-3-4,420.5
145368,1-4-6,63.9
145368,2-4-6,223.4
145368,3-4-6,46.9
145368,4-3-6,117.2
145368,5-3-6,728.6
145368,6-3-5,928
145368,1-5-2,204.5
145368,2-5-1,492.1
145368,3-5-1,148.5
145368,4-5-1,272.5
145368,5-4-1,1065
145368,6-4-1,942.2
145368,1-5-3,157.8
145368,2-5-3,448.5
145368,3-5-2,194.7
145368,4-5-2,353.8
145368,5-4-2,1248
145368,6-4-2,961.2
145368,1-5-4,277.9
145368,2-5-4,746.3
145368,3-5-4,180.6
145368,4-5-3,255.5
145368,5-4-3,869.9
145368,6-4-3,593.9
145368,1-5-6,221.9
145368,2-5-6,656.4
145368,3-5-6,148.2
145368,4-5-6,275.1
145368,5-4-6,891.5
145368,6-4-5,1449
145368,1-6-2,145.2
145368,2-6-1,419.7
145368,3-6-1,89.6
145368,4-6-1,251.8
145368,5-6-1,1715
145368,6-5-1,1682
145368,1-6-3,85.1
145368,2-6-3,309.7
145368,3-6-2,134.6
145368,4-6-2,334.3
145368,5-6-2,1736
145368,6-5-2,1722
145368,1-6-4,163.4
145368,2-6-4,486
145368,3-6-4,107.9
145368,4-6-3,216.2
145368,5-6-3,1115
145368,6-5-3,1300
145368,1-6-5,283.3
145368,2-6-5,787.2
145368,3-6-5,178.8
145368,4-6-5,399.8
145368,5-6-4,1393
145368,6-5-4,1588
145369,1-2-3,24.5
145369,2-1-3,238.7
145369,3-1-2,64.9
145369,4-1-2,597.6
145369,5-1-2,198.9
145369,6-1-2,187
145369,1-2-4,65.6
145369,2-1-4,405.5
145369,3-1-4,47.7
145369,4-1-3,353.8
145369,5-1-3,67.5
145369,6-1-3,73.2
145369,1-2-5,45.9
145369,2-1-5,334.3
145369,3-1-5,18.3
145369,4-1-5,327.8
145369,5-1-4,244.7
145369,6-1-4,222.2
145369,1-2-6,48.5
145369,2-1-6,306.8
145369,3-1-6,20.5
145369,4-1-6,313.9
145369,5-1-6,61.5
145369,6-1-5,88.6
145369,1-3-2,15
145369,2-3-1,381.9
145369,3-2-1,263.4
145369,4-2-1,1068
145369,5-2-1,523.8
145369,6-2-1,447.1
145369,1-3-4,20.5
145369,2-3-4,1028
145369,3-2-4,501.3
145369,4-2-3,1477
145369,5-2-3,621.5
145369,6-2-3,564.4
145369,1-3-5,7.8
145369,2-3-5,685.4
145369,3-2-5,295.2
145369,4-2-5,1667
145369,5-2-4,1178
145369,6-2-4,933.5
145369,1-3-6,8.9
145369,2-3-6,643.8
145369,3-2-6,291.7
145369,4-2-6,1184
145369,5-2-6,593.8
145369,6-2-5,603
145369,1-4-2,96.7
145369,2-4-1,1025
145369,3-4-1,121.2
145369,4-3-1,417.1
145369,5-3-1,95.2
145369,6-3-1,78.6
145369,1-4-3,52.5
145369,2-4-3,1381
145369,3-4-2,358.7
145369,4-3-2,1093
145369,5-3-2,423.9
145369,6-3-2,388.9
145369,1-4-5,72.4
145369,2-4-5,1637
145369,3-4-5,110.2
145369,4-3-5,333.1
145369,5-3-4,281.7
145369,6-3-4,260.1
145369,1-4-6,60.9
145369,2-4-6,1108
145369,3-4-6,104.6
145369,4-3-6,357.4
145369,5-3-6,93.7
145369,6-3-5,116.8
145369,1-5-2,49
145369,2-5-1,727
145369,3-5-1,42.6
145369,4-5-1,419.7
145369,5-4-1,478.7
145369,6-4-1,416
145369,1-5-3,16.7
145369,2-5-3,915.2
145369,3-5-2,180.5
145369,4-5-2,1063
145369,5-4-2,1141
145369,6-4-2,861.2
145369,1-5-4,74.5
145369,2-5-4,1741
145369,3-5-4,113
145369,4-5-3,409.1
145369,5-4-3,401
145369,6-4-3,419.7
145369,1-5-6,24.1
145369,2-5-6,913.4
145369,3-5-6,34.8
145369,4-5-6,352
145369,5-4-6,379.5
145369,6-4-5,511.8
145369,1-6-2,52.2
145369,2-6-1,735.1
145369,3-6-1,51.7
145369,4-6-1,434.2
145369,5-6-1,90.4
145369,6-5-1,109.5
145369,1-6-3,21.2
145369,2-6-3,1014
145369,3-6-2,218.9
145369,4-6-2,1006
145369,5-6-2,386.7
145369,6-5-2,443.7
145369,1-6-4,78.3
145369,2-6-4,1322
145369,3-6-4,129.4
145369,4-6-3,509
145369,5-6-3,96.4
145369,6-5-3,133.9
145369,1-6-5,32.1
145369,2-6-5,1093
145369,3-6-5,52.9
145369,4-6-5,418.2
145369,5-6-4,305.6
145369,6-5-4,384.1
145370,1-2-3,19.9
145370,2-1-3,232.4
145370,3-1-2,346.1
145370,4-1-2,60.3
145370,5-1-2,258.6
145370,6-1-2,774.7
145370,1-2-4,6.5
145370,2-1-4,121.6
145370,3-1-4,168.6
145370,4-1-3,136.8
145370,5-1-3,495.2
145370,6-1-3,834.6
145370,1-2-5,17.7
145370,2-1-5,211.4
145370,3-1-5,246
145370,4-1-5,39.7
145370,5-1-4,159.7
145370,6-1-4,488.1
145370,1-2-6,49.9
145370,2-1-6,374.8
145370,3-1-6,344.6
145370,4-1-6,74.6
145370,5-1-6,339.4
145370,6-1-5,752.6
145370,1-3-2,29.6
145370,2-3-1,579.2
145370,3-2-1,581.3
145370,4-2-1,186.3
145370,5-2-1,521.3
145370,6-2-1,993.6
145370,1-3-4,13.6
145370,2-3-4,1039
145370,3-2-4,971.2
145370,4-2-3,714.2
145370,5-2-3,1417
145370,6-2-3,2539
145370,1-3-5,27.5
145370,2-3-5,1283
145370,3-2-5,1253
145370,4-2-5,330.2
145370,5-2-4,785
145370,6-2-4,1812
145370,1-3-6,46.9
145370,2-3-6,1562
145370,3-2-6,1465
145370,4-2-6,553.5
145370,5-2-6,1461
145370,6-2-5,2448
145370,1-4-2,6.2
145370,2-4-1,242.9
145370,3-4-1,324.8
145370,4-3-1,398.7
145370,5-3-1,999.8
145370,6-3-1,1405
145370,1-4-3,11.8
145370,2-4-3,852.6
145370,3-4-2,852.6
145370,4-3-2,1004
145370,5-3-2,1954
145370,6-3-2,2683
145370,1-4-5,6.3
145370,2-4-5,589.9
145370,3-4-5,498.8
145370,4-3-5,640.9
145370,5-3-4,1517
145370,6-3-4,1962
145370,1-4-6,15.6
145370,2-4-6,1048
145370,3-4-6,590.7
145370,4-3-6,738.6
145370,5-3-6,1892
145370,6-3-5,2843
145370,1-5-2,27.5
145370,2-5-1,598.9
145370,3-5-1,648.8
145370,4-5-1,75.8
145370,5-4-1,208.5
145370,6-4-1,750.3
145370,1-5-3,45.6
145370,2-5-3,1654
145370,3-5-2,1392
145370,4-5-2,202.8
145370,5-4-2,440.5
145370,6-4-2,1557
145370,1-5-4,17
145370,2-5-4,884.4
145370,3-5-4,783.7
145370,4-5-3,427.4
145370,5-4-3,993.6
145370,6-4-3,1970
145370,1-5-6,55
145370,2-5-6,1604
145370,3-5-6,902.9
145370,4-5-6,163.3
145370,5-4-6,439.7
145370,6-4-5,1421
145370,1-6-2,112.5
145370,2-6-1,1326
145370,3-6-1,949.8
145370,4-6-1,268.9
145370,5-6-1,734
145370,6-5-1,1319
145370,1-6-3,111
145370,2-6-3,2423
145370,3-6-2,1819
145370,4-6-2,606.5
145370,5-6-2,1053
145370,6-5-2,2861
145370,1-6-4,53.7
145370,2-6-4,1778
145370,3-6-4,1256
145370,4-6-3,1043
145370,5-6-3,2073
145370,6-5-3,2931
145370,1-6-5,93.1
145370,2-6-5,1884
145370,3-6-5,1604
145370,4-6-5,377.8
145370,5-6-4,756.2
145370,6-5-4,1493
145371,1-2-3,9.6
145371,2-1-3,19
145371,3-1-2,142.2
145371,4-1-2,86.8
145371,5-1-2,1287
145371,6-1-2,117.2
145371,1-2-4,9.1
145371,2-1-4,13.9
145371,3-1-4,154.6
145371,4-1-3,165.6
145371,5-1-3,1703
145371,6-1-3,283.1
145371,1-2-5,125.8
145371,2-1-5,138.9
145371,3-1-5,561.7
145371,4-1-5,316.2
145371,5-1-4,1542
145371,6-1-4,212.6
145371,1-2-6,13.8
145371,2-1-6,16.9
145371,3-1-6,135.9
145371,4-1-6,78.9
145371,5-1-6,1210
145371,6-1-5,789.6
145371,1-3-2,22.3
145371,2-3-1,43.3
145371,3-2-1,123.9
145371,4-2-1,81.6
145371,5-2-1,1478
145371,6-2-1,130.1
145371,1-3-4,31.3
145371,2-3-4,34.2
145371,3-2-4,72.9
145371,4-2-3,113.2
145371,5-2-3,1963
145371,6-2-3,256.6
145371,1-3-5,247.2
145371,2-3-5,179
145371,3-2-5,309.4
145371,4-2-5,286.3
145371,5-2-4,1661
145371,6-2-4,176.1
145371,1-3-6,37.8
145371,2-3-6,35.2
145371,3-2-6,66.3
145371,4-2-6,59
145371,5-2-6,1273
145371,6-2-5,701.1
145371,1-4-2,21.3
145371,2-4-1,28.3
145371,3-4-1,203.7
145371,4-3-1,254.6
145371,5-3-1,2269
145371,6-3-1,429.5
145371,1-4-3,38.9
145371,2-4-3,38.6
145371,3-4-2,126.2
145371,4-3-2,198.8
145371,5-3-2,2825
145371,6-3-2,341.8
145371,1-4-5,208.9
145371,2-4-5,188.3
145371,3-4-5,685.3
145371,4-3-5,790.5
145371,5-3-4,3043
145371,6-3-4,472.5
145371,1-4-6,31.7
145371,2-4-6,25.8
145371,3-4-6,133.3
145371,4-3-6,171.2
145371,5-3-6,2849
145371,6-3-5,1880
145371,1-5-2,281.9
145371,2-5-1,375.5
145371,3-5-1,1158
145371,4-5-1,444.6
145371,5-4-1,1617
145371,6-4-1,222.6
145371,1-5-3,526.4
145371,2-5-3,531
145371,3-5-2,1020
145371,4-5-2,473.8
145371,5-4-2,1748
145371,6-4-2,182.4
145371,1-5-4,565.5
145371,2-5-4,518.2
145371,3-5-4,1474
145371,4-5-3,941.7
145371,5-4-3,2452
145371,6-4-3,402.8
145371,1-5-6,389.9
145371,2-5-6,329.8
145371,3-5-6,1062
145371,4-5-6,327.5
145371,5-4-6,1331
145371,6-4-5,895.1
145371,1-6-2,40.2
145371,2-6-1,48.3
145371,3-6-1,218.6
145371,4-6-1,87.7
145371,5-6-1,1532
145371,6-5-1,1355
145371,1-6-3,70.4
145371,2-6-3,76.2
145371,3-6-2,166.4
145371,4-6-2,80.1
145371,5-6-2,1501
145371,6-5-2,1344
145371,1-6-4,59.5
145371,2-6-4,53
145371,3-6-4,256.8
145371,4-6-3,173.1
145371,5-6-3,2452
145371,6-5-3,2181
145371,1-6-5,321.4
145371,2-6-5,256.8
145371,3-6-5,973.2
145371,4-6-5,295.4
145371,5-6-4,1497
145371,6-5-4,1511
145372,1-2-3,30
145372,2-1-3,25.8
145372,3-1-2,41
145372,4-1-2,209.1
145372,5-1-2,156.9
145372,6-1-2,2516
145372,1-2-4,74.8
145372,2-1-4,64.3
145372,3-1-4,95.7
145372,4-1-3,237.9
145372,5-1-3,194.8
145372,6-1-3,2222
145372,1-2-5,61.3
145372,2-1-5,50.5
145372,3-1-5,82.9
145372,4-1-5,312.9
145372,5-1-4,360.2
145372,6-1-4,3149
145372,1-2-6,323.7
145372,2-1-6,330.9
145372,3-1-6,491.6
145372,4-1-6,988
145372,5-1-6,832
145372,6-1-5,3462
145372,1-3-2,38.1
145372,2-3-1,25.5
145372,3-2-1,30.7
145372,4-2-1,139.4
145372,5-2-1,104
145372,6-2-1,2333
145372,1-3-4,84.2
145372,2-3-4,12
145372,3-2-4,19.1
145372,4-2-3,51.2
145372,5-2-3,40.9
145372,6-2-3,1870
145372,1-3-5,70.4
145372,2-3-5,8.3
145372,3-2-5,15.9
145372,4-2-5,69.6
145372,5-2-4,76.3
145372,6-2-4,2421
145372,1-3-6,356
145372,2-3-6,182.9
145372,3-2-6,199.4
145372,4-2-6,464.6
145372,5-2-6,323.4
145372,6-2-5,2668
145372,1-4-2,140.2
145372,2-4-1,76.9
145372,3-4-1,95.4
145372,4-3-1,175.3
145372,5-3-1,166.7
145372,6-3-1,2626
145372,1-4-3,163.2
145372,2-4-3,24.2
145372,3-4-2,28.8
145372,4-3-2,59.1
145372,5-3-2,48.9
145372,6-3-2,2159
145372,1-4-5,196.7
145372,2-4-5,28.8
145372,3-4-5,31.5
145372,4-3-5,71.4
145372,5-3-4,98.3
145372,6-3-4,2756
145372,1-4-6,620.6
145372,2-4-6,331.2
145372,3-4-6,340
145372,4-3-6,535.7
145372,5-3-6,426.1
145372,6-3-5,3260
145372,1-5-2,133.4
145372,2-5-1,58.4
145372,3-5-1,92.5
145372,4-5-1,207.5
145372,5-4-1,284.3
145372,6-4-1,3311
145372,1-5-3,141.4
145372,2-5-3,15.7
145372,3-5-2,26.3
145372,4-5-2,75.3
145372,5-4-2,95.4
145372,6-4-2,2626
145372,1-5-4,272.7
145372,2-5-4,33.6
145372,3-5-4,39.1
145372,4-5-3,77.7
145372,5-4-3,111.7
145372,6-4-3,2802
145372,1-5-6,722.2
145372,2-5-6,267.6
145372,3-5-6,334.8
145372,4-5-6,416.2
145372,5-4-6,573
145372,6-4-5,3069
145372,1-6-2,752.1
145372,2-6-1,1053
145372,3-6-1,1338
145372,4-6-1,1775
145372,5-6-1,1283
145372,6-5-1,3234
145372,1-6-3,1026
145372,2-6-3,811
145372,3-6-2,931.9
145372,4-6-2,1188
145372,5-6-2,804.8
145372,6-5-2,2738
145372,1-6-4,1171
145372,2-6-4,913.6
145372,3-6-4,1133
145372,4-6-3,1387
145372,5-6-3,1007
145372,6-5-3,2889
145372,1-6-5,1321
145372,2-6-5,803.3
145372,3-6-5,1141
145372,4-6-5,1228
145372,5-6-4,1099
145372,6-5-4,3137
145325,1-2-3,6.3
145325,2-1-3,70.6
145325,3-1-2,156.2
145325,4-1-2,79.7
145325,5-1-2,169.5
145325,6-1-2,1010
145325,1-2-4,5.1
145325,2-1-4,55.6
145325,3-1-4,206.1
145325,4-1-3,150.7
145325,5-1-3,296.5
145325,6-1-3,1240
145325,1-2-5,9.8
145325,2-1-5,83.2
145325,3-1-5,202.9
145325,4-1-5,87.9
145325,5-1-4,243.4
145325,6-1-4,1168
145325,1-2-6,27
145325,2-1-6,204.6
145325,3-1-6,537.8
145325,4-1-6,144.7
145325,5-1-6,355.3
145325,6-1-5,1443
145325,1-3-2,12.2
145325,2-3-1,246.8
145325,3-2-1,335.9
145325,4-2-1,217.9
145325,5-2-1,335.9
145325,6-2-1,1644
145325,1-3-4,16.3
145325,2-3-4,429.9
145325,3-2-4,579.6
145325,4-2-3,387.5
145325,5-2-3,912.5
145325,6-2-3,3289
145325,1-3-5,21.5
145325,2-3-5,447.6
145325,3-2-5,862.4
145325,4-2-5,439.2
145325,5-2-4,693.3
145325,6-2-4,2886
145325,1-3-6,69.2
145325,2-3-6,1285
145325,3-2-6,1188
145325,4-2-6,634.2
145325,5-2-6,1589
145325,6-2-5,4160
145325,1-4-2,8.7
145325,2-4-1,177.2
145325,3-4-1,416
145325,4-3-1,460.7
145325,5-3-1,799.1
145325,6-3-1,2080
145325,1-4-3,19.8
145325,2-4-3,356.2
145325,3-4-2,601.8
145325,4-3-2,841.9
145325,5-3-2,1704
145325,6-3-2,3929
145325,1-4-5,14.7
145325,2-4-5,411.1
145325,3-4-5,878.5
145325,4-3-5,1003
145325,5-3-4,2176
145325,6-3-4,3143
145325,1-4-6,40.5
145325,2-4-6,1010
145325,3-4-6,1198
145325,4-3-6,1159
145325,5-3-6,2828
145325,6-3-5,4714
145325,1-5-2,19.5
145325,2-5-1,272
145325,3-5-1,533.7
145325,4-5-1,173.1
145325,5-4-1,442
145325,6-4-1,1724
145325,1-5-3,42.4
145325,2-5-3,752.3
145325,3-5-2,1047
145325,4-5-2,367.3
145325,5-4-2,768.7
145325,6-4-2,3143
145325,1-5-4,33
145325,2-5-4,531.7
145325,3-5-4,1386
145325,4-5-3,812.9
145325,5-4-3,1251
145325,6-4-3,3449
145325,1-5-6,58.7
145325,2-5-6,1149
145325,3-5-6,1790
145325,4-5-6,358
145325,5-4-6,1032
145325,6-4-5,3367
145325,1-6-2,87.6
145325,2-6-1,1088
145325,3-6-1,1122
145325,4-6-1,556.8
145325,5-6-1,942.9
145325,6-5-1,2080
145325,1-6-3,177.4
145325,2-6-3,1992
145325,3-6-2,2886
145325,4-6-2,1159
145325,5-6-2,1443
145325,6-5-2,3626
145325,1-6-4,150.7
145325,2-6-4,1520
145325,3-6-4,2245
145325,4-6-3,1992
145325,5-6-3,1861
145325,6-5-3,4041
145325,1-6-5,153.2
145325,2-6-5,1504
145325,3-6-5,2773
145325,4-6-5,968.7
145325,5-6-4,1360
145325,6-5-4,2668
145326,1-2-3,18.2
145326,2-1-3,119.2
145326,3-1-2,158.8
145326,4-1-2,29.9
145326,5-1-2,268.1
145326,6-1-2,1774
145326,1-2-4,8.6
145326,2-1-4,79.2
145326,3-1-4,67.7
145326,4-1-3,40
145326,5-1-3,261.3
145326,6-1-3,1498
145326,1-2-5,33
145326,2-1-5,239.9
145326,3-1-5,179.8
145326,4-1-5,20.1
145326,5-1-4,111.5
145326,6-1-4,1183
145326,1-2-6,92.1
145326,2-1-6,483.3
145326,3-1-6,383.1
145326,4-1-6,66.7
145326,5-1-6,323.4
145326,6-1-5,1899
145326,1-3-2,17.6
145326,2-3-1,223.2
145326,3-2-1,242.1
145326,4-2-1,98.7
145326,5-2-1,688
145326,6-2-1,2325
145326,1-3-4,8.5
145326,2-3-4,466.6
145326,3-2-4,361.5
145326,4-2-3,250.6
145326,5-2-3,1226
145326,6-2-3,3966
145326,1-3-5,25.3
145326,2-3-5,887.2
145326,3-2-5,602
145326,4-2-5,185
145326,5-2-4,702.4
145326,6-2-4,2869
145326,1-3-6,85.1
145326,2-3-6,1954
145326,3-2-6,1404
145326,4-2-6,433.6
145326,5-2-6,1376
145326,6-2-5,4816
145326,1-4-2,7.5
145326,2-4-1,145.1
145326,3-4-1,110
145326,4-3-1,117.9
145326,5-3-1,670.9
145326,6-3-1,1798
145326,1-4-3,8.6
145326,2-4-3,405
145326,3-4-2,251.6
145326,4-3-2,271.9
145326,5-3-2,1335
145326,6-3-2,5187
145326,1-4-5,9.6
145326,2-4-5,443.6
145326,3-4-5,192.9
145326,4-3-5,174.6
145326,5-3-4,706.1
145326,6-3-4,2997
145326,1-4-6,31.8
145326,2-4-6,1123
145326,3-4-6,336.3
145326,4-3-6,361.5
145326,5-3-6,1482
145326,6-3-5,3853
145326,1-5-2,56
145326,2-5-1,848.2
145326,3-5-1,383.1
145326,4-5-1,37.2
145326,5-4-1,126.1
145326,6-4-1,1193
145326,1-5-3,49
145326,2-5-3,1078
145326,3-5-2,630.2
145326,4-5-2,101.6
145326,5-4-2,396.6
145326,6-4-2,2697
145326,1-5-4,28.6
145326,2-5-4,911.2
145326,3-5-4,336.3
145326,4-5-3,123.2
145326,5-4-3,468.2
145326,6-4-3,2644
145326,1-5-6,117.4
145326,2-5-6,2752
145326,3-5-6,1070
145326,4-5-6,80.6
145326,5-4-6,292.5
145326,6-4-5,1729
145326,1-6-2,270.2
145326,2-6-1,2325
145326,3-6-1,848.2
145326,4-6-1,163
145326,5-6-1,881.4
145326,6-5-1,1873
145326,1-6-3,318
145326,2-6-3,2593
145326,3-6-2,3549
145326,4-6-2,578.8
145326,5-6-2,1568
145326,6-5-2,3966
145326,1-6-4,160.5
145326,2-6-4,3065
145326,3-6-4,1123
145326,4-6-3,539.4
145326,5-6-3,1729
145326,6-5-3,3645
145326,1-6-5,321.1
145326,2-6-5,3136
145326,3-6-5,1532
145326,4-6-5,234.5
145326,5-6-4,999
145326,6-5-4,2012
145327,1-2-3,6.2
145327,2-1-3,18.8
145327,3-1-2,135.9
145327,4-1-2,276.6
145327,5-1-2,42.6
145327,6-1-2,1854
145327,1-2-4,15.2
145327,2-1-4,37.8
145327,3-1-4,316.6
145327,4-1-3,426.1
145327,5-1-3,87.9
145327,6-1-3,1722
145327,1-2-5,5.4
145327,2-1-5,16.8
145327,3-1-5,128.1
145327,4-1-5,188.5
145327,5-1-4,174.3
145327,6-1-4,3013
145327,1-2-6,65.3
145327,2-1-6,177.8
145327,3-1-6,373.3
145327,4-1-6,534
145327,5-1-6,142.1
145327,6-1-5,1467
145327,1-3-2,12.9
145327,2-3-1,94
145327,3-2-1,259.6
145327,4-2-1,583.9
145327,5-2-1,62.7
145327,6-2-1,2083
145327,1-3-4,32.5
145327,2-3-4,347.2
145327,3-2-4,763.6
145327,4-2-3,942.8
145327,5-2-3,173.6
145327,6-2-3,3125
145327,1-3-5,11.4
145327,2-3-5,143.7
145327,3-2-5,425
145327,4-2-5,525.7
145327,5-2-4,297.6
145327,6-2-4,3184
145327,1-3-6,70.6
145327,2-3-6,677.7
145327,3-2-6,1278
145327,4-2-6,1394
145327,5-2-6,366
145327,6-2-5,2445
145327,1-4-2,38.1
145327,2-4-1,237.6
145327,3-4-1,615.9
145327,4-3-1,721.2
145327,5-3-1,241.7
145327,6-3-1,2163
145327,1-4-3,59.7
145327,2-4-3,512.9
145327,3-4-2,937.5
145327,4-3-2,1917
145327,5-3-2,410.6
145327,6-3-2,4441
145327,1-4-5,37.3
145327,2-4-5,347.9
145327,3-4-5,992.7
145327,4-3-5,1339
145327,5-3-4,998.5
145327,6-3-4,3750
145327,1-4-6,207.5
145327,2-4-6,1350
145327,3-4-6,1896
145327,4-3-6,2721
145327,5-3-6,770.6
145327,6-3-5,3924
145327,1-5-2,9.6
145327,2-5-1,56.7
145327,3-5-1,277.1
145327,4-5-1,215.2
145327,5-4-1,293.4
145327,6-4-1,5819
145327,1-5-3,15.2
145327,2-5-3,139.1
145327,3-5-2,535.7
145327,4-5-2,305.1
145327,5-4-2,429.4
145327,6-4-2,4687
145327,1-5-4,33.2
145327,2-5-4,256.4
145327,3-5-4,902.4
145327,4-5-3,641.6
145327,5-4-3,865.4
145327,6-4-3,4963
145327,1-5-6,60.5
145327,2-5-6,438.3
145327,3-5-6,1054
145327,4-5-6,421.9
145327,5-4-6,585.9
145327,6-4-5,2250
145327,1-6-2,228.3
145327,2-6-1,1081
145327,3-6-1,1534
145327,4-6-1,1339
145327,5-6-1,326.4
145327,6-5-1,1534
145327,1-6-3,292.9
145327,2-6-3,1854
145327,3-6-2,3375
145327,4-6-2,2636
145327,5-6-2,641.6
145327,6-5-2,2376
145327,1-6-4,471.4
145327,2-6-4,2410
145327,3-6-4,3515
145327,4-6-3,2636
145327,5-6-3,843.8
145327,6-5-3,3068
145327,1-6-5,235
145327,2-6-5,1318
145327,3-6-5,1896
145327,4-6-5,1188
145327,5-6-4,815.2
145327,6-5-4,1917
145328,1-2-3,3.7
145328,2-1-3,20.7
145328,3-1-2,48.5
145328,4-1-2,729
145328,5-1-2,1184
145328,6-1-2,53.1
145328,1-2-4,21.8
145328,2-1-4,93.7
145328,3-1-4,194.4
145328,4-1-3,1093
145328,5-1-3,988.9
145328,6-1-3,67.4
145328,1-2-5,39.9
145328,2-1-5,133.9
145328,3-1-5,244.3
145328,4-1-5,1441
145328,5-1-4,1999
145328,6-1-4,262.5
145328,1-2-6,7.1
145328,2-1-6,30.6
145328,3-1-6,76.1
145328,4-1-6,709.6
145328,5-1-6,1056
145328,6-1-5,380.9
145328,1-3-2,6.3
145328,2-3-1,55.7
145328,3-2-1,68.7
145328,4-2-1,1169
145328,5-2-1,1562
145328,6-2-1,90.3
145328,1-3-4,28.8
145328,2-3-4,327.9
145328,3-2-4,356.1
145328,4-2-3,2161
145328,5-2-3,2816
145328,6-2-3,136.6
145328,1-3-5,39.5
145328,2-3-5,566.8
145328,3-2-5,628.1
145328,4-2-5,2446
145328,5-2-4,2694
145328,6-2-4,528.1
145328,1-3-6,11.1
145328,2-3-6,88.1
145328,3-2-6,104.6
145328,4-2-6,1106
145328,5-2-6,2213
145328,6-2-5,737.7
145328,1-4-2,76.3
145328,2-4-1,590.2
145328,3-4-1,681
145328,4-3-1,1056
145328,5-3-1,1737
145328,6-3-1,150.5
145328,1-4-3,109.2
145328,2-4-3,1176
145328,3-4-2,531.1
145328,4-3-2,2043
145328,5-3-2,3380
145328,6-3-2,177.7
145328,1-4-5,197.3
145328,2-4-5,1616
145328,3-4-5,1207
145328,4-3-5,2323
145328,5-3-4,4131
145328,6-3-4,676
145328,1-4-6,92.3
145328,2-4-6,1027
145328,3-4-6,668.7
145328,4-3-6,1705
145328,5-3-6,2655
145328,6-3-5,1223
145328,1-5-2,125.7
145328,2-5-1,943.7
145328,3-5-1,929.5
145328,4-5-1,2239
145328,5-4-1,3319
145328,6-4-1,898.1
145328,1-5-3,165.2
145328,2-5-3,1753
145328,3-5-2,943.7
145328,4-5-2,3098
145328,5-4-2,4534
145328,6-4-2,1441
145328,1-5-4,287.3
145328,2-5-4,2065
145328,3-5-4,1877
145328,4-5-3,3261
145328,5-4-3,3873
145328,6-4-3,1877
145328,1-5-6,164.8
145328,2-5-6,1347
145328,3-5-6,1207
145328,4-5-6,1674
145328,5-4-6,3507
145328,6-4-5,2020
145328,1-6-2,16.6
145328,2-6-1,120
145328,3-6-1,212.2
145328,4-6-1,893.8
145328,5-6-1,1536
145328,6-5-1,1184
145328,1-6-3,21.6
145328,2-6-3,196.1
145328,3-6-2,175
145328,4-6-2,999.5
145328,5-6-2,2020
145328,6-5-2,1753
145328,1-6-4,73.5
145328,2-6-4,619.7
145328,3-6-4,647.8
145328,4-6-3,1408
145328,5-6-3,2161
145328,6-5-3,482.9
145328,1-6-5,119.4
145328,2-6-5,841.2
145328,3-6-5,958.3
145328,4-6-5,1562
145328,5-6-4,2618
145328,6-5-4,2020
145329,1-2-3,13.4
145329,2-1-3,124.4
145329,3-1-2,72.3
145329,4-1-2,244.6
145329,5-1-2,625.1
145329,6-1-2,70.7
145329,1-2-4,29.3
145329,2-1-4,186
145329,3-1-4,61.6
145329,4-1-3,199
145329,5-1-3,533.1
145329,6-1-3,52.5
145329,1-2-5,51.1
145329,2-1-5,318.1
145329,3-1-5,118.9
145329,4-1-5,359.2
145329,5-1-4,922.7
145329,6-1-4,100.1
145329,1-2-6,12.9
145329,2-1-6,97
145329,3-1-6,23.7
145329,4-1-6,77.8
145329,5-1-6,274.4
145329,6-1-5,180.5
145329,1-3-2,11.4
145329,2-3-1,262.3
145329,3-2-1,195.8
145329,4-2-1,595.3
145329,5-2-1,1185
145329,6-2-1,180.8
145329,1-3-4,14.6
145329,2-3-4,663.2
145329,3-2-4,478.1
145329,4-2-3,1077
145329,5-2-3,2049
145329,6-2-3,384.7
145329,1-3-5,27.5
145329,2-3-5,859.2
145329,3-2-5,637.8
145329,4-2-5,1445
145329,5-2-4,2717
145329,6-2-4,577.4
145329,1-3-6,6.7
145329,2-3-6,357.2
145329,3-2-6,216.6
145329,4-2-6,442.5
145329,5-2-6,1462
145329,6-2-5,868.2
145329,1-4-2,41.5
145329,2-4-1,589.7
145329,3-4-1,136.4
145329,4-3-1,264
145329,5-3-1,902.7
145329,6-3-1,102.6
145329,1-4-3,30.1
145329,2-4-3,1020
145329,3-4-2,460.5
145329,4-3-2,735.4
145329,5-3-2,1866
145329,6-3-2,311.4
145329,1-4-5,78.9
145329,2-4-5,1701
145329,3-4-5,412.6
145329,4-3-5,609.8
145329,5-3-4,2252
145329,6-3-4,301.2
145329,1-4-6,22.4
145329,2-4-6,692.6
145329,3-4-6,96.3
145329,4-3-6,166.4
145329,5-3-6,880.4
145329,6-3-5,466.5
145329,1-5-2,90.4
145329,2-5-1,1147
145329,3-5-1,348.2
145329,4-5-1,452.1
145329,5-4-1,1225
145329,6-4-1,172
145329,1-5-3,68.2
145329,2-5-3,1760
145329,3-5-2,877.3
145329,4-5-2,1073
145329,5-4-2,2404
145329,6-4-2,495.1
145329,1-5-4,161.9
145329,2-5-4,2193
145329,3-5-4,744.2
145329,4-5-3,896.2
145329,5-4-3,2273
145329,6-4-3,339.7
145329,1-5-6,47.1
145329,2-5-6,1256
145329,3-5-6,288.7
145329,4-5-6,289.7
145329,5-4-6,969.2
145329,6-4-5,663.2
145329,1-6-2,15.3
145329,2-6-1,234.1
145329,3-6-1,57.9
145329,4-6-1,89.5
145329,5-6-1,390.7
145329,6-5-1,289
145329,1-6-3,11.5
145329,2-6-3,465.6
145329,3-6-2,186.8
145329,4-6-2,272
145329,5-6-2,1000
145329,6-5-2,972.9
145329,1-6-4,27.3
145329,2-6-4,598.2
145329,3-6-4,114.8
145329,4-6-3,170.5
145329,5-6-3,817.1
145329,6-5-3,665
145329,1-6-5,43.4
145329,2-6-5,877.3
145329,3-6-5,233.6
145329,4-6-5,234.3
145329,5-6-4,969.2
145329,6-5-4,877.3
145330,1-2-3,18.1
145330,2-1-3,104
145330,3-1-2,114.6
145330,4-1-2,68.7
145330,5-1-2,1437
145330,6-1-2,86.2
145330,1-2-4,15
145330,2-1-4,77.3
145330,3-1-4,50.8
145330,4-1-3,66.9
145330,5-1-3,1400
145330,6-1-3,78.9
145330,1-2-5,146.3
145330,2-1-5,929.3
145330,3-1-5,466.9
145330,4-1-5,89.9
145330,5-1-4,508
145330,6-1-4,45.2
145330,1-2-6,31.3
145330,2-1-6,205.5
145330,3-1-6,111.8
145330,4-1-6,26.3
145330,5-1-6,651.9
145330,6-1-5,211.7
145330,1-3-2,20.4
145330,2-3-1,289.1
145330,3-2-1,259.8
145330,4-2-1,170.6
145330,5-2-1,2315
145330,6-2-1,257
145330,1-3-4,10.7
145330,2-3-4,321.6
145330,3-2-4,305.3
145330,4-2-3,290.9
145330,5-2-3,3391
145330,6-2-3,655.2
145330,1-3-5,96.6
145330,2-3-5,2196
145330,3-2-5,2112
145330,4-2-5,667.7
145330,5-2-4,2648
145330,6-2-4,427.2
145330,1-3-6,15.4
145330,2-3-6,746.3
145330,3-2-6,571.9
145330,4-2-6,229.1
145330,5-2-6,3092
145330,6-2-5,1050
145330,1-4-2,14.9
145330,2-4-1,174
145330,3-4-1,93.1
145330,4-3-1,113.2
145330,5-3-1,2401
145330,6-3-1,183.1
145330,1-4-3,12.6
145330,2-4-3,339.1
145330,3-4-2,249.4
145330,4-3-2,232
145330,5-3-2,3717
145330,6-3-2,583.1
145330,1-4-5,56.1
145330,2-4-5,2024
145330,3-4-5,451.1
145330,4-3-5,491.8
145330,5-3-4,2951
145330,6-3-4,283.6
145330,1-4-6,8.5
145330,2-4-6,453.2
145330,3-4-6,131.8
145330,4-3-6,154.5
145330,5-3-6,3451
145330,6-3-5,872.7
145330,1-5-2,217.5
145330,2-5-1,2221
145330,3-5-1,1271
145330,4-5-1,133.5
145330,5-4-1,486.9
145330,6-4-1,64
145330,1-5-3,238.6
145330,2-5-3,2446
145330,3-5-2,1798
145330,4-5-2,328.4
145330,5-4-2,1470
145330,6-4-2,219.4
145330,1-5-4,154.9
145330,2-5-4,3391
145330,3-5-4,1351
145330,4-5-3,516.8
145330,5-4-3,1725
145330,6-4-3,197.9
145330,1-5-6,147
145330,2-5-6,2234
145330,3-5-6,964.1
145330,4-5-6,89.8
145330,5-4-6,344.2
145330,6-4-5,186.1
145330,1-6-2,29.3
145330,2-6-1,473.7
145330,3-6-1,222.3
145330,4-6-1,30.3
145330,5-6-1,792.2
145330,6-5-1,528.1
145330,1-6-3,18.9
145330,2-6-3,1095
145330,3-6-2,615.6
145330,4-6-2,97.9
145330,5-6-2,1680
145330,6-5-2,1251
145330,1-6-4,12.4
145330,2-6-4,836.8
145330,3-6-4,273
145330,4-6-3,110.4
145330,5-6-3,1982
145330,6-5-3,1267
145330,1-6-5,84.5
145330,2-6-5,2301
145330,3-6-5,838.6
145330,4-6-5,72.4
145330,5-6-4,438.3
145330,6-5-4,340
145331,1-2-3,3
145331,2-1-3,21.3
145331,3-1-2,55.8
145331,4-1-2,489.1
145331,5-1-2,472.9
145331,6-1-2,777.9
145331,1-2-4,9.6
145331,2-1-4,76.7
145331,3-1-4,94.1
145331,4-1-3,547.5
145331,5-1-3,355.9
145331,6-1-3,807.1
145331,1-2-5,17
145331,2-1-5,130.4
145331,3-1-5,107.2
145331,4-1-5,637.9
145331,5-1-4,672.9
145331,6-1-4,1702
145331,1-2-6,23.5
145331,2-1-6,157.5
145331,3-1-6,151.9
145331,4-1-6,725.4
145331,5-1-6,690.4
145331,6-1-5,2122
145331,1-3-2,5.3
145331,2-3-1,100.9
145331,3-2-1,126.1
145331,4-2-1,1041
145331,5-2-1,1102
145331,6-2-1,1343
145331,1-3-4,9.9
145331,2-3-4,421.3
145331,3-2-4,400.7
145331,4-2-3,1415
145331,5-2-3,1380
145331,6-2-3,1999
145331,1-3-5,13.8
145331,2-3-5,686.3
145331,3-2-5,502.7
145331,4-2-5,1921
145331,5-2-4,2149
145331,6-2-4,3907
145331,1-3-6,25.1
145331,2-3-6,696
145331,3-2-6,640.3
145331,4-2-6,2204
145331,5-2-6,2665
145331,6-2-5,5730
145331,1-4-2,36.4
145331,2-4-1,526.5
145331,3-4-1,363.8
145331,4-3-1,1011
145331,5-3-1,625.1
145331,6-3-1,1181
145331,1-4-3,39.4
145331,2-4-3,1026
145331,3-4-2,563.7
145331,4-3-2,1555
145331,5-3-2,1098
145331,6-3-2,2841
145331,1-4-5,66.7
145331,2-4-5,1669
145331,3-4-5,592.8
145331,4-3-5,1719
145331,5-3-4,2323
145331,6-3-4,3619
145331,1-4-6,101.4
145331,2-4-6,1790
145331,3-4-6,960.5
145331,4-3-6,2566
145331,5-3-6,2707
145331,6-3-5,5637
145331,1-5-2,41.9
145331,2-5-1,752.4
145331,3-5-1,350.8
145331,4-5-1,1297
145331,5-4-1,1606
145331,6-4-1,4408
145331,1-5-3,39.5
145331,2-5-3,1369
145331,3-5-2,691.8
145331,4-5-2,2387
145331,5-4-2,2938
145331,6-4-2,5056
145331,1-5-4,89.9
145331,2-5-4,1754
145331,3-5-4,744.2
145331,4-5-3,1976
145331,5-4-3,2456
145331,6-4-3,5132
145331,1-5-6,89
145331,2-5-6,1999
145331,3-5-6,1138
145331,4-5-6,2071
145331,5-4-6,3016
145331,6-4-5,3097
145331,1-6-2,79.4
145331,2-6-1,747.5
145331,3-6-1,689
145331,4-6-1,2034
145331,5-6-1,2176
145331,6-5-1,3404
145331,1-6-3,98.1
145331,2-6-3,1548
145331,3-6-2,1380
145331,4-6-2,2624
145331,5-6-2,3619
145331,6-5-2,6367
145331,1-6-4,194.7
145331,2-6-4,2292
145331,3-6-4,2022
145331,4-6-3,2729
145331,5-6-3,4245
145331,6-5-3,6487
145331,1-6-5,163.4
145331,2-6-5,2585
145331,3-6-5,2218
145331,4-6-5,2818
145331,5-6-4,4193
145331,6-5-4,2964
145332,1-2-3,53.1
145332,2-1-3,68.9
145332,3-1-2,111.2
145332,4-1-2,94.1
145332,5-1-2,333
145332,6-1-2,856.9
145332,1-2-4,52.4
145332,2-1-4,64.9
145332,3-1-4,70.9
145332,4-1-3,81.5
145332,5-1-3,249.9
145332,6-1-3,870.1
145332,1-2-5,93.8
145332,2-1-5,115.9
145332,3-1-5,100.3
145332,4-1-5,58.4
145332,5-1-4,154.7
145332,6-1-4,548.7
145332,1-2-6,129.5
145332,2-1-6,142.4
145332,3-1-6,132.7
145332,4-1-6,74
145332,5-1-6,225
145332,6-1-5,788.1
145332,1-3-2,63.3
145332,2-3-1,85
145332,3-2-1,131
145332,4-2-1,104.4
145332,5-2-1,297.4
145332,6-2-1,1038
145332,1-3-4,44.9
145332,2-3-4,33.7
145332,3-2-4,49.9
145332,4-2-3,67.2
145332,5-2-3,183.4
145332,6-2-3,784
145332,1-3-5,70.7
145332,2-3-5,55
145332,3-2-5,78.9
145332,4-2-5,28.8
145332,5-2-4,103.6
145332,6-2-4,375.3
145332,1-3-6,100.5
145332,2-3-6,70.7
145332,3-2-6,109.6
145332,4-2-6,44.3
145332,5-2-6,173.2
145332,6-2-5,588.7
145332,1-4-2,55.2
145332,2-4-1,64.6
145332,3-4-1,81.1
145332,4-3-1,82.7
145332,5-3-1,307.4
145332,6-3-1,1077
145332,1-4-3,48.3
145332,2-4-3,35
145332,3-4-2,69.5
145332,4-3-2,92.4
145332,5-3-2,258.2
145332,6-3-2,954.7
145332,1-4-5,48.1
145332,2-4-5,25.2
145332,3-4-5,50.1
145332,4-3-5,41.5
145332,5-3-4,167.1
145332,6-3-4,487.1
145332,1-4-6,67
145332,2-4-6,38.8
145332,3-4-6,61.5
145332,4-3-6,52.5
145332,5-3-6,210.4
145332,6-3-5,695.8
145332,1-5-2,154.6
145332,2-5-1,159.1
145332,3-5-1,154.4
145332,4-5-1,49.5
145332,5-4-1,111.3
145332,6-4-1,510.8
145332,1-5-3,123
145332,2-5-3,98.5
145332,3-5-2,146.3
145332,4-5-2,29.2
145332,5-4-2,80.6
145332,6-4-2,323.9
145332,1-5-4,88.7
145332,2-5-4,49.5
145332,3-5-4,80.8
145332,4-5-3,39.9
145332,5-4-3,107.1
145332,6-4-3,406.4
145332,1-5-6,139.7
145332,2-5-6,85.5
145332,3-5-6,117.2
145332,4-5-6,17.2
145332,5-4-6,53.2
145332,6-4-5,153.8
145332,1-6-2,267.2
145332,2-6-1,260.7
145332,3-6-1,287.6
145332,4-6-1,88.2
145332,5-6-1,288.9
145332,6-5-1,750.1
145332,1-6-3,264.7
145332,2-6-3,230.2
145332,3-6-2,306.7
145332,4-6-2,64.3
145332,5-6-2,233.8
145332,6-5-2,588
145332,1-6-4,182.5
145332,2-6-4,121.2
145332,3-6-4,165.9
145332,4-6-3,91.3
145332,5-6-3,246.2
145332,6-5-3,442.7
145332,1-6-5,240.8
145332,2-6-5,155.2
145332,3-6-5,199.4
145332,4-6-5,29.1
145332,5-6-4,92.4
145332,6-5-4,164.6
145333,1-2-3,5.1
145333,2-1-3,21.4
145333,3-1-2,109.5
145333,4-1-2,31.7
145333,5-1-2,659.8
145333,6-1-2,1302
145333,1-2-4,4.5
145333,2-1-4,16.8
145333,3-1-4,117.1
145333,4-1-3,68.2
145333,5-1-3,1193
145333,6-1-3,3086
145333,1-2-5,37.5
145333,2-1-5,74.2
145333,3-1-5,382.1
145333,4-1-5,69.7
145333,5-1-4,852.8
145333,6-1-4,1959
145333,1-2-6,41
145333,2-1-6,95.7
145333,3-1-6,498.6
145333,4-1-6,82.2
145333,5-1-6,1061
145333,6-1-5,2614
145333,1-3-2,12
145333,2-3-1,64.9
145333,3-2-1,212.6
145333,4-2-1,50.1
145333,5-2-1,979.5
145333,6-2-1,1782
145333,1-3-4,14.3
145333,2-3-4,91.5
145333,3-2-4,281.2
145333,4-2-3,133.6
145333,5-2-3,2462
145333,6-2-3,4394
145333,1-3-5,79.8
145333,2-3-5,216.4
145333,3-2-5,902.7
145333,4-2-5,128.9
145333,5-2-4,1187
145333,6-2-4,3228
145333,1-3-6,90.3
145333,2-3-6,477.5
145333,3-2-6,1051
145333,4-2-6,151.7
145333,5-2-6,1911
145333,6-2-5,3766
145333,1-4-2,8.5
145333,2-4-1,48.8
145333,3-4-1,243.8
145333,4-3-1,191.6
145333,5-3-1,2212
145333,6-3-1,3955
145333,1-4-3,17.8
145333,2-4-3,95.3
145333,3-4-2,312.9
145333,4-3-2,251.4
145333,5-3-2,3766
145333,6-3-2,4456
145333,1-4-5,56.9
145333,2-4-5,167.4
145333,3-4-5,893.7
145333,4-3-5,577.9
145333,5-3-4,3789
145333,6-3-4,5022
145333,1-4-6,53.6
145333,2-4-6,269.8
145333,3-4-6,910.5
145333,4-3-6,602.1
145333,5-3-6,5229
145333,6-3-5,5650
145333,1-5-2,118.3
145333,2-5-1,206.5
145333,3-5-1,1037
145333,4-5-1,131.1
145333,5-4-1,863.3
145333,6-4-1,1929
145333,1-5-3,238.3
145333,2-5-3,975
145333,3-5-2,1539
145333,4-5-2,146.9
145333,5-4-2,891.2
145333,6-4-2,2301
145333,1-5-4,212
145333,2-5-4,748
145333,3-5-4,1635
145333,4-5-3,396
145333,5-4-3,1834
145333,6-4-3,4109
145333,1-5-6,322.6
145333,2-5-6,961.7
145333,3-5-6,2406
145333,4-5-6,192.8
145333,5-4-6,1245
145333,6-4-5,2727
145333,1-6-2,174.2
145333,2-6-1,491.6
145333,3-6-1,1844
145333,4-6-1,206.1
145333,5-6-1,1748
145333,6-5-1,2787
145333,1-6-3,380.7
145333,2-6-3,1174
145333,3-6-2,2352
145333,4-6-2,262.6
145333,5-6-2,2268
145333,6-5-2,3575
145333,1-6-4,304.3
145333,2-6-4,823.9
145333,3-6-4,2572
145333,4-6-3,565
145333,5-6-3,3979
145333,6-5-3,4552
145333,1-6-5,402.5
145333,2-6-5,1092
145333,3-6-5,3835
145333,4-6-5,291.3
145333,5-6-4,2152
145333,6-5-4,3179
145334,1-2-3,13
145334,2-1-3,127.6
145334,3-1-2,325.2
145334,4-1-2,82.7
145334,5-1-2,138.8
145334,6-1-2,192.3
145334,1-2-4,4.5
145334,2-1-4,49.5
145334,3-1-4,401.5
145334,4-1-3,302.3
145334,5-1-3,323.4
145334,6-1-3,673.7
145334,1-2-5,14.2
145334,2-1-5,97.8
145334,3-1-5,392.3
145334,4-1-5,213.7
145334,5-1-4,209.8
145334,6-1-4,244.9
145334,1-2-6,9.2
145334,2-1-6,72.1
145334,3-1-6,401.8
145334,4-1-6,100.7
145334,5-1-6,162.7
145334,6-1-5,365.9
145334,1-3-2,31.5
145334,2-3-1,466.5
145334,3-2-1,625.6
145334,4-2-1,179.7
145334,5-2-1,282.4
145334,6-2-1,333.4
145334,1-3-4,43.2
145334,2-3-4,714.1
145334,3-2-4,819.8
145334,4-2-3,789.1
145334,5-2-3,905.7
145334,6-2-3,1513
145334,1-3-5,51.9
145334,2-3-5,1041
145334,3-2-5,917.5
145334,4-2-5,678
145334,5-2-4,585
145334,6-2-4,664.5
145334,1-3-6,54
145334,2-3-6,814.5
145334,3-2-6,865.9
145334,4-2-6,312.9
145334,5-2-6,423.9
145334,6-2-5,903.1
145334,1-4-2,6.9
145334,2-4-1,142.3
145334,3-4-1,884.1
145334,4-3-1,969.7
145334,5-3-1,756.9
145334,6-3-1,1451
145334,1-4-3,26.5
145334,2-4-3,580.2
145334,3-4-2,1059
145334,4-3-2,1218
145334,5-3-2,1119
145334,6-3-2,2270
145334,1-4-5,21.2
145334,2-4-5,517
145334,3-4-5,1247
145334,4-3-5,1468
145334,5-3-4,1272
145334,6-3-4,2154
145334,1-4-6,12.8
145334,2-4-6,244
145334,3-4-6,971.2
145334,4-3-6,1240
145334,5-3-6,822
145334,6-3-5,1808
145334,1-5-2,27.7
145334,2-5-1,371.1
145334,3-5-1,624.4
145334,4-5-1,572.8
145334,5-4-1,694.5
145334,6-4-1,391.6
145334,1-5-3,70.8
145334,2-5-3,1235
145334,3-5-2,854.2
145334,4-5-2,880.4
145334,5-4-2,935.2
145334,6-4-2,657.6
145334,1-5-4,42.2
145334,2-5-4,734
145334,3-5-4,1173
145334,4-5-3,1495
145334,5-4-3,1554
145334,6-4-3,1778
145334,1-5-6,37.7
145334,2-5-6,638.3
145334,3-5-6,670.1
145334,4-5-6,626.9
145334,5-4-6,736.6
145334,6-4-5,1180
145334,1-6-2,24.6
145334,2-6-1,242.1
145334,3-6-1,762.4
145334,4-6-1,243.7
145334,5-6-1,268.6
145334,6-5-1,527.8
145334,1-6-3,84.3
145334,2-6-3,846.2
145334,3-6-2,1002
145334,4-6-2,372.4
145334,5-6-2,346.8
145334,6-5-2,901.8
145334,1-6-4,31.7
145334,2-6-4,389.6
145334,3-6-4,1115
145334,4-6-3,991
145334,5-6-3,740.9
145334,6-5-3,1468
145334,1-6-5,53.4
145334,2-6-5,628.1
145334,3-6-5,899.2
145334,4-6-5,706.1
145334,5-6-4,477.5
145334,6-5-4,1055
145335,1-2-3,6.1
145335,2-1-3,50.1
145335,3-1-2,62.2
145335,4-1-2,96.5
145335,5-1-2,521.4
145335,6-1-2,566
145335,1-2-4,7.2
145335,2-1-4,53.6
145335,3-1-4,62.3
145335,4-1-3,135.7
145335,5-1-3,560.8
145335,6-1-3,647.7
145335,1-2-5,21.2
145335,2-1-5,120
145335,3-1-5,99.2
145335,4-1-5,131.3
145335,5-1-4,620.3
145335,6-1-4,611.7
145335,1-2-6,24.3
145335,2-1-6,129.7
145335,3-1-6,114.6
145335,4-1-6,138.5
145335,5-1-6,613.2
145335,6-1-5,1205
145335,1-3-2,7.9
145335,2-3-1,145.7
145335,3-2-1,160.1
145335,4-2-1,170.6
145335,5-2-1,901.3
145335,6-2-1,1014
145335,1-3-4,9.5
145335,2-3-4,190.9
145335,3-2-4,198.9
145335,4-2-3,224.6
145335,5-2-3,1352
145335,6-2-3,1654
145335,1-3-5,18.3
145335,2-3-5,402.8
145335,3-2-5,399.4
145335,4-2-5,248.7
145335,5-2-4,1155
145335,6-2-4,1838
145335,1-3-6,25
145335,2-3-6,408.6
145335,3-2-6,441.6
145335,4-2-6,257.9
145335,5-2-6,1212
145335,6-2-5,2586
145335,1-4-2,13.6
145335,2-4-1,172.8
145335,3-4-1,192.2
145335,4-3-1,226.5
145335,5-3-1,954.4
145335,6-3-1,1067
145335,1-4-3,18.5
145335,2-4-3,238.1
145335,3-4-2,210.5
145335,4-3-2,238
145335,5-3-2,1446
145335,6-3-2,2181
145335,1-4-5,34.8
145335,2-4-5,545
145335,3-4-5,257.3
145335,4-3-5,257.9
145335,5-3-4,1223
145335,6-3-4,1737
145335,1-4-6,34.4
145335,2-4-6,485
145335,3-4-6,285.1
145335,4-3-6,285.5
145335,5-3-6,1650
145335,6-3-5,2647
145335,1-5-2,46.7
145335,2-5-1,599.3
145335,3-5-1,361.4
145335,4-5-1,196.4
145335,5-4-1,753.4
145335,6-4-1,838.5
145335,1-5-3,48.6
145335,2-5-3,871.6
145335,3-5-2,583
145335,4-5-2,216.3
145335,5-4-2,907.5
145335,6-4-2,1817
145335,1-5-4,73.2
145335,2-5-4,915.9
145335,3-5-4,432.9
145335,4-5-3,265.7
145335,5-4-3,886.2
145335,6-4-3,1855
145335,1-5-6,83.8
145335,2-5-6,1268
145335,3-5-6,670.1
145335,4-5-6,184.3
145335,5-4-6,624.2
145335,6-4-5,2073
145335,1-6-2,75.6
145335,2-6-1,681.6
145335,3-6-1,439.4
145335,4-6-1,285.2
145335,5-6-1,1142
145335,6-5-1,2030
145335,1-6-3,94.7
145335,2-6-3,1087
145335,3-6-2,850.2
145335,4-6-2,325.3
145335,5-6-2,1554
145335,6-5-2,3007
145335,1-6-4,93.8
145335,2-6-4,1090
145335,3-6-4,700.8
145335,4-6-3,468.7
145335,5-6-3,2255
145335,6-5-3,2629
145335,1-6-5,153.9
145335,2-6-5,1446
145335,3-6-5,916.9
145335,4-6-5,302.2
145335,5-6-4,1199
145335,6-5-4,2281
145336,1-2-3,14
145336,2-1-3,58.7
145336,3-1-2,180.5
145336,4-1-2,50.8
145336,5-1-2,73.4
145336,6-1-2,464.5
145336,1-2-4,6.8
145336,2-1-4,24.9
145336,3-1-4,202.9
145336,4-1-3,142.5
145336,5-1-3,146.1
145336,6-1-3,1123
145336,1-2-5,11
145336,2-1-5,33.8
145336,3-1-5,145.8
145336,4-1-5,38.3
145336,5-1-4,64.9
145336,6-1-4,659.5
145336,1-2-6,33.1
145336,2-1-6,96.3
145336,3-1-6,364.4
145336,4-1-6,99.1
145336,5-1-6,164.2
145336,6-1-5,863.3
145336,1-3-2,35.3
145336,2-3-1,176.3
145336,3-2-1,280.9
145336,4-2-1,88.7
145336,5-2-1,118.6
145336,6-2-1,675
145336,1-3-4,35.7
145336,2-3-4,230.4
145336,3-2-4,312.8
145336,4-2-3,242.9
145336,5-2-3,252.7
145336,6-2-3,1523
145336,1-3-5,38.2
145336,2-3-5,230.4
145336,3-2-5,315.8
145336,4-2-5,83.3
145336,5-2-4,123.7
145336,6-2-4,745
145336,1-3-6,83.3
145336,2-3-6,456.1
145336,3-2-6,628.6
145336,4-2-6,183
145336,5-2-6,287.3
145336,6-2-5,1149
145336,1-4-2,13.4
145336,2-4-1,70.5
145336,3-4-1,386.1
145336,4-3-1,327.6
145336,5-3-1,280.5
145336,6-3-1,1609
145336,1-4-3,41.1
145336,2-4-3,218.1
145336,3-4-2,399.9
145336,4-3-2,419.9
145336,5-3-2,444
145336,6-3-2,1845
145336,1-4-5,15.9
145336,2-4-5,82.9
145336,3-4-5,297.1
145336,4-3-5,254.9
145336,5-3-4,343.8
145336,6-3-4,1234
145336,1-4-6,40.8
145336,2-4-6,188.8
145336,3-4-6,675
145336,4-3-6,543.6
145336,5-3-6,798.2
145336,6-3-5,1897
145336,1-5-2,20.8
145336,2-5-1,93.9
145336,3-5-1,295.3
145336,4-5-1,39.7
145336,5-4-1,70.9
145336,6-4-1,801.4
145336,1-5-3,48.8
145336,2-5-3,222.7
145336,3-5-2,453
145336,4-5-2,60.8
145336,5-4-2,96.5
145336,6-4-2,657.4
145336,1-5-4,27.3
145336,2-5-4,110.9
145336,3-5-4,357.9
145336,4-5-3,137.6
145336,5-4-3,219.6
145336,6-4-3,1368
145336,1-5-6,62.4
145336,2-5-6,278.6
145336,3-5-6,731.5
145336,4-5-6,81.6
145336,5-4-6,137.5
145336,6-4-5,688.9
145336,1-6-2,97
145336,2-6-1,347.4
145336,3-6-1,1273
145336,4-6-1,263.6
145336,5-6-1,363.1
145336,6-5-1,1081
145336,1-6-3,223.2
145336,2-6-3,785.8
145336,3-6-2,1447
145336,4-6-2,283.3
145336,5-6-2,481.2
145336,6-5-2,1281
145336,1-6-4,129.2
145336,2-6-4,414.7
145336,3-6-4,1156
145336,4-6-3,488.2
145336,5-6-3,827.8
145336,6-5-3,1953
145336,1-6-5,164.3
145336,2-6-5,517.1
145336,3-6-5,1190
145336,4-6-5,217.9
145336,5-6-4,286.1
145336,6-5-4,731.5
145277,1-2-3,15.5
145277,2-1-3,136
145277,3-1-2,268.4
145277,4-1-2,20.8
145277,5-1-2,144.5
145277,6-1-2,965.3
145277,1-2-4,5.4
145277,2-1-4,39.7
145277,3-1-4,191.4
145277,4-1-3,91.3
145277,5-1-3,484.7
145277,6-1-3,1426
145277,1-2-5,12.5
145277,2-1-5,78.2
145277,3-1-5,310.3
145277,4-1-5,21
145277,5-1-4,130
145277,6-1-4,961.2
145277,1-2-6,52
145277,2-1-6,304.5
145277,3-1-6,776.8
145277,4-1-6,94.8
145277,5-1-6,444.8
145277,6-1-5,1745
145277,1-3-2,31.3
145277,2-3-1,331.1
145277,3-2-1,425.6
145277,4-2-1,45.4
145277,5-2-1,291.2
145277,6-2-1,1692
145277,1-3-4,28.9
145277,2-3-4,423.2
145277,3-2-4,462.9
145277,4-2-3,225
145277,5-2-3,1012
145277,6-2-3,2700
145277,1-3-5,53.9
145277,2-3-5,442.2
145277,3-2-5,713.3
145277,4-2-5,58.5
145277,5-2-4,281.4
145277,6-2-4,2081
145277,1-3-6,150.2
145277,2-3-6,1391
145277,3-2-6,1938
145277,4-2-6,281.1
145277,5-2-6,1045
145277,6-2-5,3065
145277,1-4-2,5.9
145277,2-4-1,65.4
145277,3-4-1,244.1
145277,4-3-1,224.3
145277,5-3-1,1095
145277,6-3-1,2637
145277,1-4-3,22.3
145277,2-4-3,319.9
145277,3-4-2,418.5
145277,4-3-2,393.8
145277,5-3-2,1655
145277,6-3-2,3780
145277,1-4-5,9.3
145277,2-4-5,111.4
145277,3-4-5,379.3
145277,4-3-5,342.6
145277,5-3-4,1106
145277,6-3-4,2338
145277,1-4-6,54.2
145277,2-4-6,486.8
145277,3-4-6,852.8
145277,4-3-6,675.1
145277,5-3-6,2520
145277,6-3-5,3024
145277,1-5-2,28.8
145277,2-5-1,217.2
145277,3-5-1,601.7
145277,4-5-1,33.9
145277,5-4-1,130.3
145277,6-4-1,1492
145277,1-5-3,82.2
145277,2-5-3,807.3
145277,3-5-2,977.8
145277,4-5-2,52
145277,5-4-2,191.2
145277,6-4-2,2246
145277,1-5-4,29.2
145277,2-5-4,216.8
145277,3-5-4,669.1
145277,4-5-3,190.9
145277,5-4-3,578.7
145277,6-4-3,2413
145277,1-5-6,113.4
145277,2-5-6,945.2
145277,3-5-6,1800
145277,4-5-6,103.7
145277,5-4-6,363.5
145277,6-4-5,1553
145277,1-6-2,167.6
145277,2-6-1,1145
145277,3-6-1,1718
145277,4-6-1,300
145277,5-6-1,893.1
145277,6-5-1,2835
145277,1-6-3,310.3
145277,2-6-3,2291
145277,3-6-2,2984
145277,4-6-2,458.2
145277,5-6-2,1288
145277,6-5-2,2984
145277,1-6-4,197.6
145277,2-6-4,1374
145277,3-6-4,1786
145277,4-6-3,821.9
145277,5-6-3,2025
145277,6-5-3,3385
145277,1-6-5,257.4
145277,2-6-5,1874
145277,3-6-5,2800
145277,4-6-5,338
145277,5-6-4,875.8
145277,6-5-4,1608
145278,1-2-3,8.9
145278,2-1-3,6.8
145278,3-1-2,17.7
145278,4-1-2,921.2
145278,5-1-2,141.7
145278,6-1-2,1566
145278,1-2-4,159.6
145278,2-1-4,118.1
145278,3-1-4,181.5
145278,4-1-3,976
145278,5-1-3,158.8
145278,6-1-3,2435
145278,1-2-5,26.8
145278,2-1-5,21.6
145278,3-1-5,37.2
145278,4-1-5,1211
145278,5-1-4,681.3
145278,6-1-4,3671
145278,1-2-6,171.6
145278,2-1-6,118.3
145278,3-1-6,174.9
145278,4-1-6,1673
145278,5-1-6,516.7
145278,6-1-5,3671
145278,1-3-2,12.8
145278,2-3-1,6.8
145278,3-2-1,12.7
145278,4-2-1,1188
145278,5-2-1,113.8
145278,6-2-1,2176
145278,1-3-4,174.1
145278,2-3-4,62.3
145278,3-2-4,85.7
145278,4-2-3,842.3
145278,5-2-3,82
145278,6-2-3,1294
145278,1-3-5,30.6
145278,2-3-5,8.5
145278,3-2-5,14.4
145278,4-2-5,1639
145278,5-2-4,690.9
145278,6-2-4,3784
145278,1-3-6,216.7
145278,2-3-6,59.9
145278,3-2-6,77.1
145278,4-2-6,2435
145278,5-2-6,436.8
145278,6-2-5,2860
145278,1-4-2,523.3
145278,2-4-1,526.6
145278,3-4-1,508.1
145278,4-3-1,1182
145278,5-3-1,173.8
145278,6-3-1,3513
145278,1-4-3,640.5
145278,2-4-3,330.1
145278,3-4-2,327.9
145278,4-3-2,1055
145278,5-3-2,104
145278,6-3-2,1358
145278,1-4-5,806.4
145278,2-4-5,555.2
145278,3-4-5,491.9
145278,4-3-5,1952
145278,5-3-4,809.1
145278,6-3-4,3671
145278,1-4-6,1344
145278,2-4-6,987.8
145278,3-4-6,811.7
145278,4-3-6,2732
145278,5-3-6,487
145278,6-3-5,2673
145278,1-5-2,66.4
145278,2-5-1,43.1
145278,3-5-1,57.4
145278,4-5-1,1188
145278,5-4-1,1684
145278,6-4-1,5124
145278,1-5-3,66.3
145278,2-5-3,28.6
145278,3-5-2,35
145278,4-5-2,1464
145278,5-4-2,1821
145278,6-4-2,4392
145278,1-5-4,408.5
145278,2-5-4,291.4
145278,3-5-4,276.9
145278,4-5-3,1374
145278,5-4-3,1967
145278,6-4-3,4822
145278,1-5-6,334.1
145278,2-5-6,185.3
145278,3-5-6,176
145278,4-5-6,1607
145278,5-4-6,2963
145278,6-4-5,5999
145278,1-6-2,700.7
145278,2-6-1,712.9
145278,3-6-1,798.5
145278,4-6-1,2342
145278,5-6-1,878.4
145278,6-5-1,3194
145278,1-6-3,942.4
145278,2-6-3,423.3
145278,3-6-2,473
145278,4-6-2,3369
145278,5-6-2,842.3
145278,6-5-2,2562
145278,1-6-4,1389
145278,2-6-4,1267
145278,3-6-4,1160
145278,4-6-3,3784
145278,5-6-3,964.5
145278,6-5-3,2459
145278,1-6-5,1046
145278,2-6-5,712.9
145278,3-6-5,725.5
145278,4-6-5,4392
145278,5-6-4,1607
145278,6-5-4,3904
145279,1-2-3,20.5
145279,2-1-3,54.9
145279,3-1-2,61.3
145279,4-1-2,90.8
145279,5-1-2,1713
145279,6-1-2,50.8
145279,1-2-4,19.9
145279,2-1-4,49.1
145279,3-1-4,45.3
145279,4-1-3,113
145279,5-1-3,2944
145279,6-1-3,63.5
145279,1-2-5,340.2
145279,2-1-5,498.6
145279,3-1-5,482.4
145279,4-1-5,742
145279,5-1-4,2855
145279,6-1-4,61.2
145279,1-2-6,12.8
145279,2-1-6,35.1
145279,3-1-6,30.2
145279,4-1-6,49
145279,5-1-6,2078
145279,6-1-5,525.4
145279,1-3-2,22.4
145279,2-3-1,94
145279,3-2-1,105.1
145279,4-2-1,143.7
145279,5-2-1,3406
145279,6-2-1,82.1
145279,1-3-4,23
145279,2-3-4,102.2
145279,3-2-4,100
145279,4-2-3,208.1
145279,5-2-3,3447
145279,6-2-3,99.8
145279,1-3-5,418.2
145279,2-3-5,686.2
145279,3-2-5,914.9
145279,4-2-5,1144
145279,5-2-4,3007
145279,6-2-4,93
145279,1-3-6,14.5
145279,2-3-6,63.9
145279,3-2-6,61.8
145279,4-2-6,93.3
145279,5-2-6,2642
145279,6-2-5,772.4
145279,1-4-2,30.7
145279,2-4-1,107.5
145279,3-4-1,67
145279,4-3-1,131.5
145279,5-3-1,3073
145279,6-3-1,89.4
145279,1-4-3,35
145279,2-4-3,139.4
145279,3-4-2,98.7
145279,4-3-2,191.1
145279,5-3-2,4097
145279,6-3-2,105.6
145279,1-4-5,552.1
145279,2-4-5,948.7
145279,3-4-5,692.9
145279,4-3-5,1168
145279,5-3-4,4559
145279,6-3-4,91.6
145279,1-4-6,20.4
145279,2-4-6,71.4
145279,3-4-6,38.6
145279,4-3-6,75.6
145279,5-3-6,3872
145279,6-3-5,875.2
145279,1-5-2,829
145279,2-5-1,1544
145279,3-5-1,1379
145279,4-5-1,1789
145279,5-4-1,5334
145279,6-4-1,75.1
145279,1-5-3,800.8
145279,2-5-3,2243
145279,3-5-2,1872
145279,4-5-2,2395
145279,5-4-2,4038
145279,6-4-2,88
145279,1-5-4,1435
145279,2-5-4,2546
145279,3-5-4,1643
145279,4-5-3,2078
145279,5-4-3,4959
145279,6-4-3,93.4
145279,1-5-6,548.9
145279,2-5-6,1579
145279,3-5-6,1239
145279,4-5-6,1054
145279,5-4-6,3671
145279,6-4-5,565.4
145279,1-6-2,18.4
145279,2-6-1,65
145279,3-6-1,44.8
145279,4-6-1,45.5
145279,5-6-1,3007
145279,6-5-1,1457
145279,1-6-3,20.7
145279,2-6-3,79.1
145279,3-6-2,58.9
145279,4-6-2,57.8
145279,5-6-2,4417
145279,6-5-2,1766
145279,1-6-4,23.9
145279,2-6-4,76
145279,3-6-4,42.2
145279,4-6-3,59.9
145279,5-6-3,3820
145279,6-5-3,1653
145279,1-6-5,384.1
145279,2-6-5,923.9
145279,3-6-5,495.9
145279,4-6-5,392.1
145279,5-6-4,3926
145279,6-5-4,1420
145280,1-2-3,44.8
145280,2-1-3,113.6
145280,3-1-2,108.4
145280,4-1-2,1437
145280,5-1-2,35.5
145280,6-1-2,149.4
145280,1-2-4,289.2
145280,2-1-4,519.2
145280,3-1-4,383.9
145280,4-1-3,1428
145280,5-1-3,33.8
145280,6-1-3,124.1
145280,1-2-5,21.9
145280,2-1-5,54.2
145280,3-1-5,35.9
145280,4-1-5,1428
145280,5-1-4,339.6
145280,6-1-4,610.6
145280,1-2-6,32.9
145280,2-1-6,80.2
145280,3-1-6,58.4
145280,4-1-6,1520
145280,5-1-6,17.4
145280,6-1-5,57.2
145280,1-3-2,44.8
145280,2-3-1,162.1
145280,3-2-1,172.9
145280,4-2-1,1733
145280,5-2-1,51.1
145280,6-2-1,242.5
145280,1-3-4,259.3
145280,2-3-4,990.4
145280,3-2-4,844.8
145280,4-2-3,1900
145280,5-2-3,117.3
145280,6-2-3,355.5
145280,1-3-5,18.3
145280,2-3-5,140.6
145280,3-2-5,158.3
145280,4-2-5,1948
145280,5-2-4,687.2
145280,6-2-4,1247
145280,1-3-6,30.9
145280,2-3-6,199
145280,3-2-6,215.2
145280,4-2-6,2142
145280,5-2-6,47.5
145280,6-2-5,171.3
145280,1-4-2,538.1
145280,2-4-1,1324
145280,3-4-1,1003
145280,4-3-1,1473
145280,5-3-1,47.2
145280,6-3-1,153.1
145280,1-4-3,610.6
145280,2-4-3,1671
145280,3-4-2,1386
145280,4-3-2,2709
145280,5-3-2,123.2
145280,6-3-2,284.6
145280,1-4-5,476.2
145280,2-4-5,1491
145280,3-4-5,954.3
145280,4-3-5,2067
145280,5-3-4,559.9
145280,6-3-4,920.7
145280,1-4-6,511.3
145280,2-4-6,1346
145280,3-4-6,1024
145280,4-3-6,2086
145280,5-3-6,32.9
145280,6-3-5,96.8
145280,1-5-2,19.4
145280,2-5-1,60.6
145280,3-5-1,35.4
145280,4-5-1,1708
145280,5-4-1,1003
145280,6-4-1,1540
145280,1-5-3,18.9
145280,2-5-3,124.3
145280,3-5-2,86.4
145280,4-5-2,2311
145280,5-4-2,1215
145280,6-4-2,1520
145280,1-5-4,284.6
145280,2-5-4,869.8
145280,3-5-4,378.9
145280,4-5-3,2381
145280,5-4-3,1253
145280,6-4-3,1636
145280,1-5-6,13.2
145280,2-5-6,64.8
145280,3-5-6,27.4
145280,4-5-6,1057
145280,5-4-6,618.6
145280,6-4-5,1016
145280,1-6-2,50.4
145280,2-6-1,141.4
145280,3-6-1,79.4
145280,4-6-1,1916
145280,5-6-1,15.1
145280,6-5-1,37.1
145280,1-6-3,51.7
145280,2-6-3,269.3
145280,3-6-2,176.4
145280,4-6-2,2203
145280,5-6-2,31.5
145280,6-5-2,77.6
145280,1-6-4,412.8
145280,2-6-4,946.6
145280,3-6-4,617
145280,4-6-3,2455
145280,5-6-3,22.2
145280,6-5-3,52.2
145280,1-6-5,27.9
145280,2-6-5,126.1
145280,3-6-5,49.6
145280,4-6-5,1437
145280,5-6-4,148.4
145280,6-5-4,280.2
145281,1-2-3,6.7
145281,2-1-3,72.6
145281,3-1-2,73.4
145281,4-1-2,253.1
145281,5-1-2,70.5
145281,6-1-2,3096
145281,1-2-4,17.8
145281,2-1-4,174.7
145281,3-1-4,99.8
145281,4-1-3,262.9
145281,5-1-3,48.2
145281,6-1-3,2908
145281,1-2-5,7.6
145281,2-1-5,77.6
145281,3-1-5,34.3
145281,4-1-5,147
145281,5-1-4,110.1
145281,6-1-4,7116
145281,1-2-6,234.7
145281,2-1-6,1078
145281,3-1-6,629.8
145281,4-1-6,1238
145281,5-1-6,546.5
145281,6-1-5,5483
145281,1-3-2,8.6
145281,2-3-1,192.3
145281,3-2-1,222.6
145281,4-2-1,477.1
145281,5-2-1,197.2
145281,6-2-1,5574
145281,1-3-4,19.7
145281,2-3-4,746.5
145281,3-2-4,646.9
145281,4-2-3,972.2
145281,5-2-3,367.9
145281,6-2-3,4778
145281,1-3-5,5.7
145281,2-3-5,333.1
145281,3-2-5,301.8
145281,4-2-5,558.3
145281,5-2-4,528.3
145281,6-2-4,7432
145281,1-3-6,242.5
145281,2-3-6,1979
145281,3-2-6,2144
145281,4-2-6,3635
145281,5-2-6,1858
145281,6-2-5,7116
145281,1-4-2,36.2
145281,2-4-1,474.4
145281,3-4-1,285.3
145281,4-3-1,437.7
145281,5-3-1,101.9
145281,6-3-1,4519
145281,1-4-3,41.9
145281,2-4-3,936.8
145281,3-4-2,640.7
145281,4-3-2,1061
145281,5-3-2,311.1
145281,6-3-2,6558
145281,1-4-5,30.4
145281,2-4-5,738.3
145281,3-4-5,307.6
145281,4-3-5,524.2
145281,5-3-4,387.5
145281,6-3-4,5226
145281,1-4-6,478.4
145281,2-4-6,4029
145281,3-4-6,1922
145281,4-3-6,2441
145281,5-3-6,1460
145281,6-3-5,6558
145281,1-5-2,9.7
145281,2-5-1,243
145281,3-5-1,65.2
145281,4-5-1,170.2
145281,5-4-1,224.1
145281,6-4-1,8361
145281,1-5-3,8
145281,2-5-3,509.8
145281,3-5-2,180.6
145281,4-5-2,355
145281,5-4-2,448.9
145281,6-4-2,9290
145281,1-5-4,21.8
145281,2-5-4,770.6
145281,3-5-4,233.8
145281,4-5-3,369.1
145281,5-4-3,486.8
145281,6-4-3,4918
145281,1-5-6,205.9
145281,2-5-6,2633
145281,3-5-6,1096
145281,4-5-6,1035
145281,5-4-6,1393
145281,6-4-5,5483
145281,1-6-2,625.1
145281,2-6-1,3013
145281,3-6-1,2834
145281,4-6-1,3844
145281,5-6-1,2553
145281,6-5-1,7432
145281,1-6-3,1082
145281,2-6-3,3596
145281,3-6-2,4180
145281,4-6-2,5483
145281,5-6-2,3635
145281,6-5-2,6968
145281,1-6-4,1343
145281,2-6-4,5574
145281,3-6-4,3279
145281,4-6-3,3981
145281,5-6-3,2787
145281,6-5-3,4400
145281,1-6-5,1093
145281,2-6-5,4918
145281,3-6-5,3800
145281,4-6-5,3448
145281,5-6-4,3596
145281,6-5-4,5483
145282,1-2-3,48.8
145282,2-1-3,300.5
145282,3-1-2,156.3
145282,4-1-2,16.2
145282,5-1-2,2782
145282,6-1-2,757.1
145282,1-2-4,17.8
145282,2-1-4,137.9
145282,3-1-4,36.5
145282,4-1-3,12.2
145282,5-1-3,3484
145282,6-1-3,883.9
145282,1-2-5,391.3
145282,2-1-5,1458
145282,3-1-5,801
145282,4-1-5,114.4
145282,5-1-4,2201
145282,6-1-4,314.2
145282,1-2-6,96.4
145282,2-1-6,529.3
145282,3-1-6,171.9
145282,4-1-6,16.2
145282,5-1-6,3900
145282,6-1-5,2361
145282,1-3-2,39.2
145282,2-3-1,509.7
145282,3-2-1,476.6
145282,4-2-1,69.4
145282,5-2-1,4849
145282,6-2-1,1831
145282,1-3-4,7.8
145282,2-3-4,582.6
145282,3-2-4,444.7
145282,4-2-3,169.7
145282,5-2-3,5981
145282,6-2-3,2527
145282,1-3-5,359.2
145282,2-3-5,1290
145282,3-2-5,2563
145282,4-2-5,669.5
145282,5-2-4,3987
145282,6-2-4,1349
145282,1-3-6,62.6
145282,2-3-6,1369
145282,3-2-6,1107
145282,4-2-6,168.6
145282,5-2-6,6187
145282,6-2-5,6408
145282,1-4-2,5.5
145282,2-4-1,190.6
145282,3-4-1,41.2
145282,4-3-1,34.3
145282,5-3-1,4173
145282,6-3-1,1533
145282,1-4-3,4.1
145282,2-4-3,494.3
145282,3-4-2,172.2
145282,4-3-2,120.1
145282,5-3-2,6187
145282,6-3-2,2161
145282,1-4-5,90.7
145282,2-4-5,1803
145282,3-4-5,638.5
145282,4-3-5,456
145282,5-3-4,6646
145282,6-3-4,1074
145282,1-4-6,8.1
145282,2-4-6,638.5
145282,3-4-6,118
145282,4-3-6,82.6
145282,5-3-6,8753
145282,6-3-5,5521
145282,1-5-2,892.7
145282,2-5-1,3662
145282,3-5-1,2330
145282,4-5-1,389.6
145282,5-4-1,2300
145282,6-4-1,346
145282,1-5-3,821.2
145282,2-5-3,4430
145282,3-5-2,3858
145282,4-5-2,906.2
145282,5-4-2,3484
145282,6-4-2,941.9
145282,1-5-4,451.9
145282,2-5-4,3450
145282,3-5-4,2376
145282,4-5-3,858.5
145282,5-4-3,4486
145282,6-4-3,886.1
145282,1-5-6,1034
145282,2-5-6,4849
145282,3-5-6,3417
145282,4-5-6,520.1
145282,5-4-6,3625
145282,6-4-5,2718
145282,1-6-2,183.9
145282,2-6-1,1305
145282,3-6-1,575.1
145282,4-6-1,48.2
145282,5-6-1,3858
145282,6-5-1,5883
145282,1-6-3,162
145282,2-6-3,2136
145282,3-6-2,1250
145282,4-6-2,136.2
145282,5-6-2,4430
145282,6-5-2,7975
145282,1-6-4,66.7
145282,2-6-4,1139
145282,3-6-4,457.1
145282,4-6-3,119.2
145282,5-6-3,4078
145282,6-5-3,8346
145282,1-6-5,761.9
145282,2-6-5,3900
145282,3-6-5,2990
145282,4-6-5,373
145282,5-6-4,4376
145282,6-5-4,3354
145283,1-2-3,81.4
145283,2-1-3,115
145283,3-1-2,119.5
145283,4-1-2,291.1
145283,5-1-2,1960
145283,6-1-2,241.6
145283,1-2-4,124.9
145283,2-1-4,156.7
145283,3-1-4,83.3
145283,4-1-3,173.2
145283,5-1-3,1855
145283,6-1-3,178.1
145283,1-2-5,490.8
145283,2-1-5,546.4
145283,3-1-5,347.3
145283,4-1-5,702.4
145283,5-1-4,2570
145283,6-1-4,245.5
145283,1-2-6,68.4
145283,2-1-6,81.5
145283,3-1-6,69.5
145283,4-1-6,156.2
145283,5-1-6,2115
145283,6-1-5,1057
145283,1-3-2,85.3
145283,2-3-1,89.4
145283,3-2-1,102
145283,4-2-1,254.7
145283,5-2-1,1906
145283,6-2-1,205.4
145283,1-3-4,59.8
145283,2-3-4,23.7
145283,3-2-4,26.3
145283,4-2-3,77.9
145283,5-2-3,1779
145283,6-2-3,71.8
145283,1-3-5,322.8
145283,2-3-5,174.1
145283,3-2-5,217
145283,4-2-5,485.3
145283,5-2-4,1584
145283,6-2-4,97
145283,1-3-6,42
145283,2-3-6,16.6
145283,3-2-6,20.8
145283,4-2-6,60.7
145283,5-2-6,1515
145283,6-2-5,769.4
145283,1-4-2,145.6
145283,2-4-1,158.4
145283,3-4-1,57.8
145283,4-3-1,102.7
145283,5-3-1,1845
145283,6-3-1,133.5
145283,1-4-3,82.7
145283,2-4-3,40.2
145283,3-4-2,24.8
145283,4-3-2,56.5
145283,5-3-2,1717
145283,6-3-2,65.8
145283,1-4-5,511.8
145283,2-4-5,309.8
145283,3-4-5,117.7
145283,4-3-5,206.9
145283,5-3-4,1382
145283,6-3-4,31.8
145283,1-4-6,73.5
145283,2-4-6,27.5
145283,3-4-6,9.4
145283,4-3-6,20.7
145283,5-3-6,1137
145283,6-3-5,387.2
145283,1-5-2,1112
145283,2-5-1,988.6
145283,3-5-1,736.7
145283,4-5-1,908.4
145283,5-4-1,2609
145283,6-4-1,193.2
145283,1-5-3,818.4
145283,2-5-3,658.4
145283,3-5-2,628.6
145283,4-5-2,836.1
145283,5-4-2,2065
145283,6-4-2,110.9
145283,1-5-4,1026
145283,2-5-4,677.7
145283,3-5-4,362.6
145283,4-5-3,534.6
145283,5-4-3,1542
145283,6-4-3,40.6
145283,1-5-6,1008
145283,2-5-6,585.1
145283,3-5-6,278.9
145283,4-5-6,346.3
145283,5-4-6,1192
145283,6-4-5,381.7
145283,1-6-2,103.7
145283,2-6-1,72.3
145283,3-6-1,53.9
145283,4-6-1,93
145283,5-6-1,2065
145283,6-5-1,1743
145283,1-6-3,74.3
145283,2-6-3,26.7
145283,3-6-2,22.1
145283,4-6-2,47.8
145283,5-6-2,1709
145283,6-5-2,1470
145283,1-6-4,104.2
145283,2-6-4,35.6
145283,3-6-4,10.8
145283,4-6-3,23.8
145283,5-6-3,1355
145283,6-5-3,1029
145283,1-6-5,637.9
145283,2-6-5,298.8
145283,3-6-5,131.1
145283,4-6-5,159.7
145283,5-6-4,1280
145283,6-5-4,948.1
145284,1-2-3,37.4
145284,2-1-3,73.6
145284,3-1-2,398.3
145284,4-1-2,11.6
145284,5-1-2,1392
145284,6-1-2,158.8
145284,1-2-4,7.5
145284,2-1-4,14.8
145284,3-1-4,308.6
145284,4-1-3,53.4
145284,5-1-3,2343
145284,6-1-3,401.7
145284,1-2-5,198.3
145284,2-1-5,340.8
145284,3-1-5,1133
145284,4-1-5,115.4
145284,5-1-4,1222
145284,6-1-4,118.7
145284,1-2-6,25.8
145284,2-1-6,46.9
145284,3-1-6,703
145284,4-1-6,13.9
145284,5-1-6,2324
145284,6-1-5,612.6
145284,1-3-2,73.3
145284,2-3-1,202.3
145284,3-2-1,435.9
145284,4-2-1,17.9
145284,5-2-1,1826
145284,6-2-1,210.6
145284,1-3-4,54.9
145284,2-3-4,157.9
145284,3-2-4,338.8
145284,4-2-3,84.9
145284,5-2-3,3124
145284,6-2-3,679.2
145284,1-3-5,377.4
145284,2-3-5,633.3
145284,3-2-5,1176
145284,4-2-5,210.3
145284,5-2-4,1201
145284,6-2-4,188.3
145284,1-3-6,121.6
145284,2-3-6,356.4
145284,3-2-6,772.5
145284,4-2-6,24.8
145284,5-2-6,2703
145284,6-2-5,1295
145284,1-4-2,7.1
145284,2-4-1,21.2
145284,3-4-1,320.6
145284,4-3-1,135.2
145284,5-3-1,2730
145284,6-3-1,755.9
145284,1-4-3,31.3
145284,2-4-3,79.3
145284,3-4-2,397.1
145284,4-3-2,178.7
145284,5-3-2,3960
145284,6-3-2,1358
145284,1-4-5,124.1
145284,2-4-5,264.2
145284,3-4-5,1244
145284,4-3-5,671.1
145284,5-3-4,4197
145284,6-3-4,867.9
145284,1-4-6,12.9
145284,2-4-6,34.8
145284,3-4-6,499.4
145284,4-3-6,182.4
145284,5-3-6,4686
145284,6-3-5,2343
145284,1-5-2,675.9
145284,2-5-1,1295
145284,3-5-1,2214
145284,4-5-1,172.8
145284,5-4-1,1320
145284,6-4-1,105.1
145284,1-5-3,715.5
145284,2-5-3,1625
145284,3-5-2,2324
145284,4-5-2,221.4
145284,5-4-2,1244
145284,6-4-2,141.2
145284,1-5-4,610
145284,2-5-4,722.9
145284,3-5-4,2114
145284,4-5-3,500.3
145284,5-4-3,2730
145284,6-4-3,411.1
145284,1-5-6,675.9
145284,2-5-6,1365
145284,3-5-6,2628
145284,4-5-6,140.1
145284,5-4-6,1644
145284,6-4-5,615.3
145284,1-6-2,59.4
145284,2-6-1,142.3
145284,3-6-1,1442
145284,4-6-1,19.9
145284,5-6-1,2730
145284,6-5-1,1457
145284,1-6-3,158.3
145284,2-6-3,391.1
145284,3-6-2,1457
145284,4-6-2,25.9
145284,5-6-2,3700
145284,6-5-2,2730
145284,1-6-4,44.6
145284,2-6-4,101.5
145284,3-6-4,1030
145284,4-6-3,96.9
145284,5-6-3,4393
145284,6-5-3,2869
145284,1-6-5,478.2
145284,2-6-5,1057
145284,3-6-5,2533
145284,4-6-5,115.1
145284,5-6-4,2231
145284,6-5-4,1606
145285,1-2-3,12
145285,2-1-3,42.5
145285,3-1-2,24.4
145285,4-1-2,371.2
145285,5-1-2,68
145285,6-1-2,1941
145285,1-2-4,51.1
145285,2-1-4,139.6
145285,3-1-4,54.4
145285,4-1-3,279.4
145285,5-1-3,39.4
145285,6-1-3,2083
145285,1-2-5,15.1
145285,2-1-5,46
145285,3-1-5,13
145285,4-1-5,259.3
145285,5-1-4,167
145285,6-1-4,3371
145285,1-2-6,198.7
145285,2-1-6,395.7
145285,3-1-6,181.8
145285,4-1-6,799.2
145285,5-1-6,242
145285,6-1-5,2943
145285,1-3-2,11.3
145285,2-3-1,59.1
145285,3-2-1,48.1
145285,4-2-1,570.5
145285,5-2-1,107.9
145285,6-2-1,3015
145285,1-3-4,35.2
145285,2-3-4,166
145285,3-2-4,116.2
145285,4-2-3,650.6
145285,5-2-3,76.8
145285,6-2-3,3142
145285,1-3-5,8.1
145285,2-3-5,42.1
145285,3-2-5,30
145285,4-2-5,496.4
145285,5-2-4,301
145285,6-2-4,4522
145285,1-3-6,138.7
145285,2-3-6,460.1
145285,3-2-6,346.5
145285,4-2-6,1598
145285,5-2-6,408.8
145285,6-2-5,3635
145285,1-4-2,118.5
145285,2-4-1,342.4
145285,3-4-1,102.4
145285,4-3-1,266.4
145285,5-3-1,37.2
145285,6-3-1,2630
145285,1-4-3,112.1
145285,2-4-3,352.5
145285,3-4-2,152.5
145285,4-3-2,485.4
145285,5-3-2,54.8
145285,6-3-2,2809
145285,1-4-5,89.4
145285,2-4-5,303.2
145285,3-4-5,60.6
145285,4-3-5,210.3
145285,5-3-4,123.4
145285,6-3-4,3433
145285,1-4-6,367.9
145285,2-4-6,1158
145285,3-4-6,339.9
145285,4-3-6,1120
145285,5-3-6,224.7
145285,6-3-5,1911
145285,1-5-2,23.4
145285,2-5-1,87.9
145285,3-5-1,16.3
145285,4-5-1,207.6
145285,5-4-1,209.9
145285,6-4-1,3600
145285,1-5-3,16.6
145285,2-5-3,63.7
145285,3-5-2,21.4
145285,4-5-2,287.2
145285,5-4-2,328.4
145285,6-4-2,4031
145285,1-5-4,64.9
145285,2-5-4,237.4
145285,3-5-4,44.6
145285,4-5-3,181.7
145285,5-4-3,193.2
145285,6-4-3,3863
145285,1-5-6,159.8
145285,2-5-6,487.3
145285,3-5-6,105.7
145285,4-5-6,430.2
145285,5-4-6,467
145285,6-4-5,2747
145285,1-6-2,523.8
145285,2-6-1,1315
145285,3-6-1,640.5
145285,4-6-1,1757
145285,5-6-1,387.5
145285,6-5-1,2874
145285,1-6-3,578.5
145285,2-6-3,1431
145285,3-6-2,746.1
145285,4-6-2,2788
145285,5-6-2,639.4
145285,6-5-2,2874
145285,1-6-4,774.2
145285,2-6-4,1845
145285,3-6-4,844.7
145285,4-6-3,2143
145285,5-6-3,508.7
145285,6-5-3,1892
145285,1-6-5,551.8
145285,2-6-5,1338
145285,3-6-5,461.2
145285,4-6-5,1265
145285,5-6-4,752.2
145285,6-5-4,2408
145286,1-2-3,24.2
145286,2-1-3,207.4
145286,3-1-2,298.4
145286,4-1-2,970.2
145286,5-1-2,557.9
145286,6-1-2,18.1
145286,1-2-4,111.1
145286,2-1-4,492.9
145286,3-1-4,910.2
145286,4-1-3,1332
145286,5-1-3,450.6
145286,6-1-3,15
145286,1-2-5,45
145286,2-1-5,418.3
145286,3-1-5,343.3
145286,4-1-5,1242
145286,5-1-4,1229
145286,6-1-4,96.7
145286,1-2-6,10.9
145286,2-1-6,110.1
145286,3-1-6,96.9
145286,4-1-6,605.8
145286,5-1-6,128.7
145286,6-1-5,20.9
145286,1-3-2,29.8
145286,2-3-1,404.9
145286,3-2-1,502.3
145286,4-2-1,1519
145286,5-2-1,1059
145286,6-2-1,60.7
145286,1-3-4,158.4
145286,2-3-4,1591
145286,3-2-4,1500
145286,4-2-3,2589
145286,5-2-3,2419
145286,6-2-3,137.8
145286,1-3-5,34.5
145286,2-3-5,912.4
145286,3-2-5,1558
145286,4-2-5,3170
145286,5-2-4,3014
145286,6-2-4,486.4
145286,1-3-6,8.8
145286,2-3-6,640.6
145286,3-2-6,747.4
145286,4-2-6,1976
145286,5-2-6,967.6
145286,6-2-5,176.2
145286,1-4-2,224.6
145286,2-4-1,1075
145286,3-4-1,1829
145286,4-3-1,2054
145286,5-3-1,865.2
145286,6-3-1,54.1
145286,1-4-3,276.6
145286,2-4-3,1465
145286,3-4-2,2255
145286,4-3-2,3170
145286,5-3-2,2077
145286,6-3-2,156.3
145286,1-4-5,327.1
145286,2-4-5,3014
145286,3-4-5,2723
145286,4-3-5,3640
145286,5-3-4,3469
145286,6-3-4,486.4
145286,1-4-6,95.5
145286,2-4-6,1694
145286,3-4-6,1734
145286,4-3-6,2645
145286,5-3-6,822.6
145286,6-3-5,152.4
145286,1-5-2,75.9
145286,2-5-1,1050
145286,3-5-1,620.1
145286,4-5-1,1605
145286,5-4-1,2269
145286,6-4-1,304.6
145286,1-5-3,59.1
145286,2-5-3,1935
145286,3-5-2,1327
145286,4-5-2,2764
145286,5-4-2,4040
145286,6-4-2,732.5
145286,1-5-4,315.9
145286,2-5-4,3605
145286,3-5-4,2684
145286,4-5-3,3283
145286,5-4-3,4085
145286,6-4-3,738.3
145286,1-5-6,15.2
145286,2-5-6,1094
145286,3-5-6,555.4
145286,4-5-6,962.6
145286,5-4-6,1945
145286,6-4-5,526
145286,1-6-2,7
145286,2-6-1,151.8
145286,3-6-1,118.2
145286,4-6-1,582.7
145286,5-6-1,121.6
145286,6-5-1,67.7
145286,1-6-3,5.9
145286,2-6-3,495.5
145286,3-6-2,453.9
145286,4-6-2,1398
145286,5-6-2,475.7
145286,6-5-2,245.1
145286,1-6-4,53.6
145286,2-6-4,1174
145286,3-6-4,1242
145286,4-6-3,1710
145286,5-6-3,389.9
145286,6-5-3,190.1
145286,1-6-5,7.7
145286,2-6-5,618
145286,3-6-5,390.3
145286,4-6-5,983.2
145286,5-6-4,940.4
145286,6-5-4,492.9
145287,1-2-3,14.5
145287,2-1-3,98.5
145287,3-1-2,303.2
145287,4-1-2,56.7
145287,5-1-2,60
145287,6-1-2,526.2
145287,1-2-4,8.6
145287,2-1-4,59.3
145287,3-1-4,301.9
145287,4-1-3,142.6
145287,5-1-3,114.3
145287,6-1-3,1006
145287,1-2-5,6.8
145287,2-1-5,49.4
145287,3-1-5,228
145287,4-1-5,30.9
145287,5-1-4,49.5
145287,6-1-4,788.3
145287,1-2-6,79.9
145287,2-1-6,229
145287,3-1-6,1052
145287,4-1-6,181.6
145287,5-1-6,203.9
145287,6-1-5,651.8
145287,1-3-2,24.3
145287,2-3-1,325.6
145287,3-2-1,512.6
145287,4-2-1,145.8
145287,5-2-1,146.5
145287,6-2-1,904.4
145287,1-3-4,25.9
145287,2-3-4,596
145287,3-2-4,844.1
145287,4-2-3,522.9
145287,5-2-3,505.2
145287,6-2-3,2089
145287,1-3-5,21
145287,2-3-5,447.3
145287,3-2-5,840.7
145287,4-2-5,160
145287,5-2-4,243
145287,6-2-4,1925
145287,1-3-6,168.1
145287,2-3-6,1402
145287,3-2-6,2321
145287,4-2-6,681.6
145287,5-2-6,635.9
145287,6-2-5,1588
145287,1-4-2,12.1
145287,2-4-1,181.4
145287,3-4-1,550.5
145287,4-3-1,465.8
145287,5-3-1,478.6
145287,6-3-1,2153
145287,1-4-3,26.9
145287,2-4-3,544.7
145287,3-4-2,1047
145287,4-3-2,819.2
145287,5-3-2,837.3
145287,6-3-2,3072
145287,1-4-5,8.9
145287,2-4-5,233.8
145287,3-4-5,637.9
145287,4-3-5,552.6
145287,5-3-4,788.3
145287,6-3-4,3424
145287,1-4-6,95.3
145287,2-4-6,997.2
145287,3-4-6,2502
145287,4-3-6,1576
145287,5-3-6,1645
145287,6-3-5,3665
145287,1-5-2,11.7
145287,2-5-1,139.3
145287,3-5-1,457.1
145287,4-5-1,35.2
145287,5-4-1,67.5
145287,6-4-1,1343
145287,1-5-3,25.3
145287,2-5-3,489.2
145287,3-5-2,964.9
145287,4-5-2,78.3
145287,5-4-2,151.1
145287,6-4-2,2579
145287,1-5-4,12.1
145287,2-5-4,256.1
145287,3-5-4,809.7
145287,4-5-3,211.7
145287,5-4-3,331.6
145287,6-4-3,2785
145287,1-5-6,73.8
145287,2-5-6,734.3
145287,3-5-6,2563
145287,4-5-6,141.2
145287,5-4-6,246.8
145287,6-4-5,1177
145287,1-6-2,209
145287,2-6-1,866.8
145287,3-6-1,2387
145287,4-6-1,495
145287,5-6-1,576.3
145287,6-5-1,1044
145287,1-6-3,376.7
145287,2-6-3,1890
145287,3-6-2,4307
145287,4-6-2,985.4
145287,5-6-2,1036
145287,6-5-2,1793
145287,1-6-4,325.1
145287,2-6-4,1840
145287,3-6-4,3868
145287,4-6-3,1365
145287,5-6-3,1530
145287,6-5-3,2921
145287,1-6-5,248.1
145287,2-6-5,1402
145287,3-6-5,3868
145287,4-6-5,443.5
145287,5-6-4,750.1
145287,6-5-4,1207
145288,1-2-3,23.3
145288,2-1-3,298.7
145288,3-1-2,154.2
145288,4-1-2,176.6
145288,5-1-2,141.2
145288,6-1-2,1087
145288,1-2-4,25.2
145288,2-1-4,368.5
145288,3-1-4,55.7
145288,4-1-3,95.4
145288,5-1-3,69.8
145288,6-1-3,1087
145288,1-2-5,20.5
145288,2-1-5,293.2
145288,3-1-5,38.5
145288,4-1-5,47.3
145288,5-1-4,55
145288,6-1-4,857.9
145288,1-2-6,74.9
145288,2-1-6,687.2
145288,3-1-6,204.2
145288,4-1-6,183.2
145288,5-1-6,142.1
145288,6-1-5,804.9
145288,1-3-2,22.1
145288,2-3-1,549.6
145288,3-2-1,416.3
145288,4-2-1,607.5
145288,5-2-1,389.7
145288,6-2-1,2073
145288,1-3-4,8.7
145288,2-3-4,1376
145288,3-2-4,655.3
145288,4-2-3,1133
145288,5-2-3,891
145288,6-2-3,3041
145288,1-3-5,6.4
145288,2-3-5,825.8
145288,3-2-5,531.2
145288,4-2-5,750.2
145288,5-2-4,839.5
145288,6-2-4,2631
145288,1-3-6,46.5
145288,2-3-6,1895
145288,3-2-6,1192
145288,4-2-6,1302
145288,5-2-6,829.9
145288,6-2-5,2604
145288,1-4-2,27.6
145288,2-4-1,856.4
145288,3-4-1,129.4
145288,4-3-1,228.5
145288,5-3-1,145.3
145288,6-3-1,1931
145288,1-4-3,14.5
145288,2-4-3,1557
145288,3-4-2,517.2
145288,4-3-2,920.1
145288,5-3-2,639.6
145288,6-3-2,3174
145288,1-4-5,8.9
145288,2-4-5,1247
145288,3-4-5,92.9
145288,4-3-5,207.5
145288,5-3-4,220.7
145288,6-3-4,2418
145288,1-4-6,46.4
145288,2-4-6,1976
145288,3-4-6,437
145288,4-3-6,707.3
145288,5-3-6,638.8
145288,6-3-5,2287
145288,1-5-2,23
145288,2-5-1,623.1
145288,3-5-1,83.2
145288,4-5-1,68.7
145288,5-4-1,96.1
145288,6-4-1,1133
145288,1-5-3,11
145288,2-5-3,1195
145288,3-5-2,384.1
145288,4-5-2,344.1
145288,5-4-2,473.3
145288,6-4-2,2441
145288,1-5-4,11.2
145288,2-5-4,1203
145288,3-5-4,110
145288,4-5-3,161.6
145288,5-4-3,207.4
145288,6-4-3,2267
145288,1-5-6,34
145288,2-5-6,1493
145288,3-5-6,354.1
145288,4-5-6,186.7
145288,5-4-6,318.4
145288,6-4-5,1131
145288,1-6-2,209
145288,2-6-1,2015
145288,3-6-1,852.1
145288,4-6-1,543.7
145288,5-6-1,406.9
145288,6-5-1,1062
145288,1-6-3,177.8
145288,2-6-3,2716
145288,3-6-2,1945
145288,4-6-2,1181
145288,5-6-2,921.7
145288,6-5-2,2373
145288,1-6-4,154.9
145288,2-6-4,2987
145288,3-6-4,1220
145288,4-6-3,1118
145288,5-6-3,920.1
145288,6-5-3,2152
145288,1-6-5,130.1
145288,2-6-5,2384
145288,3-6-5,1036
145288,4-6-5,521.4
145288,5-6-4,581.1
145288,6-5-4,1162
145241,1-2-3,14.3
145241,2-1-3,23.8
145241,3-1-2,20
145241,4-1-2,1118
145241,5-1-2,223.4
145241,6-1-2,112.8
145241,1-2-4,226.5
145241,2-1-4,276.8
145241,3-1-4,183.7
145241,4-1-3,1105
145241,5-1-3,201.8
145241,6-1-3,117.4
145241,1-2-5,56
145241,2-1-5,66.5
145241,3-1-5,43.6
145241,4-1-5,1178
145241,5-1-4,751.3
145241,6-1-4,643.2
145241,1-2-6,23.8
145241,2-1-6,33.1
145241,3-1-6,22.7
145241,4-1-6,1105
145241,5-1-6,171.1
145241,6-1-5,232.9
145241,1-3-2,14.2
145241,2-3-1,24.5
145241,3-2-1,22.8
145241,4-2-1,1436
145241,5-2-1,237.4
145241,6-2-1,101.9
145241,1-3-4,163.6
145241,2-3-4,160.1
145241,3-2-4,169.1
145241,4-2-3,1099
145241,5-2-3,132.2
145241,6-2-3,71.7
145241,1-3-5,31.9
145241,2-3-5,29.9
145241,3-2-5,31.8
145241,4-2-5,1458
145241,5-2-4,793.7
145241,6-2-4,683.5
145241,1-3-6,21.7
145241,2-3-6,19.6
145241,3-2-6,15.4
145241,4-2-6,1215
145241,5-2-6,128.9
145241,6-2-5,152.7
145241,1-4-2,433.5
145241,2-4-1,754.2
145241,3-4-1,407.5
145241,4-3-1,1075
145241,5-3-1,187.1
145241,6-3-1,104.6
145241,1-4-3,470.9
145241,2-4-3,572.2
145241,3-4-2,356.6
145241,4-3-2,1144
145241,5-3-2,129.4
145241,6-3-2,74.1
145241,1-4-5,667.2
145241,2-4-5,708
145241,3-4-5,389.8
145241,4-3-5,1278
145241,5-3-4,653.9
145241,6-3-4,567.2
145241,1-4-6,607.5
145241,2-4-6,530.5
145241,3-4-6,267.8
145241,4-3-6,1171
145241,5-3-6,116.9
145241,6-3-5,147
145241,1-5-2,105.4
145241,2-5-1,112.7
145241,3-5-1,74.8
145241,4-5-1,1491
145241,5-4-1,1245
145241,6-4-1,1416
145241,1-5-3,90.5
145241,2-5-3,62.8
145241,3-5-2,52
145241,4-5-2,1742
145241,5-4-2,1312
145241,6-4-2,1406
145241,1-5-4,492.1
145241,2-5-4,490.8
145241,3-5-4,290.3
145241,4-5-3,1480
145241,5-4-3,1357
145241,6-4-3,1339
145241,1-5-6,118.7
145241,2-5-6,72.1
145241,3-5-6,44
145241,4-5-6,1321
145241,5-4-6,1041
145241,6-4-5,1396
145241,1-6-2,48.4
145241,2-6-1,59.5
145241,3-6-1,38.2
145241,4-6-1,1696
145241,5-6-1,163.3
145241,6-5-1,231
145241,1-6-3,55.9
145241,2-6-3,39.4
145241,3-6-2,29
145241,4-6-2,1696
145241,5-6-2,119.2
145241,6-5-2,163.3
145241,1-6-4,438.4
145241,2-6-4,409.2
145241,3-6-4,253.9
145241,4-6-3,1587
145241,5-6-3,121.4
145241,6-5-3,155.7
145241,1-6-5,133.3
145241,2-6-5,79.6
145241,3-6-5,51.9
145241,4-6-5,1757
145241,5-6-4,653.9
145241,6-5-4,781.1
145242,1-2-3,17
145242,2-1-3,31.2
145242,3-1-2,60.4
145242,4-1-2,80.4
145242,5-1-2,165.3
145242,6-1-2,605.5
145242,1-2-4,26.1
145242,2-1-4,45.9
145242,3-1-4,56.3
145242,4-1-3,80.4
145242,5-1-3,126.6
145242,6-1-3,657.3
145242,1-2-5,32.2
145242,2-1-5,47.8
145242,3-1-5,51.2
145242,4-1-5,58.4
145242,5-1-4,131.7
145242,6-1-4,979.7
145242,1-2-6,52.5
145242,2-1-6,89.4
145242,3-1-6,107.2
145242,4-1-6,89.4
145242,5-1-6,217.7
145242,6-1-5,1008
145242,1-3-2,19.3
145242,2-3-1,51.4
145242,3-2-1,75
145242,4-2-1,97.7
145242,5-2-1,193.2
145242,6-2-1,783.8
145242,1-3-4,21
145242,2-3-4,61.7
145242,3-2-4,71.5
145242,4-2-3,100.2
145242,5-2-3,157.9
145242,6-2-3,427.3
145242,1-3-5,23.8
145242,2-3-5,40.9
145242,3-2-5,47
145242,4-2-5,65.4
145242,5-2-4,164.3
145242,6-2-4,1160
145242,1-3-6,45.2
145242,2-3-6,98.1
145242,3-2-6,111.5
145242,4-2-6,109.9
145242,5-2-6,292.1
145242,6-2-5,1274
145242,1-4-2,41.2
145242,2-4-1,89.3
145242,3-4-1,93.9
145242,4-3-1,115.9
145242,5-3-1,141.7
145242,6-3-1,979.7
145242,1-4-3,36
145242,2-4-3,83.3
145242,3-4-2,93.9
145242,4-3-2,107.9
145242,5-3-2,146.6
145242,6-3-2,565.9
145242,1-4-5,54.5
145242,2-4-5,91.8
145242,3-4-5,78
145242,4-3-5,91.1
145242,5-3-4,128.4
145242,6-3-4,1116
145242,1-4-6,55.7
145242,2-4-6,140.3
145242,3-4-6,92.9
145242,4-3-6,91.1
145242,5-3-6,248.7
145242,6-3-5,1207
145242,1-5-2,64
145242,2-5-1,101.7
145242,3-5-1,63.3
145242,4-5-1,42.6
145242,5-4-1,91.1
145242,6-4-1,1221
145242,1-5-3,52.4
145242,2-5-3,83.9
145242,3-5-2,67.9
145242,4-5-2,43.2
145242,5-4-2,94.3
145242,6-4-2,1099
145242,1-5-4,78.1
145242,2-5-4,144.3
145242,3-5-4,76.8
145242,4-5-3,53.3
145242,5-4-3,109.1
145242,6-4-3,1038
145242,1-5-6,135.4
145242,2-5-6,219.1
145242,3-5-6,155.3
145242,4-5-6,46.2
145242,5-4-6,111.7
145242,6-4-5,931.4
145242,1-6-2,193.4
145242,2-6-1,298
145242,3-6-1,376.9
145242,4-6-1,194.3
145242,5-6-1,325.5
145242,6-5-1,1290
145242,1-6-3,204
145242,2-6-3,251.4
145242,3-6-2,301
145242,4-6-2,182.6
145242,5-6-2,388.2
145242,6-5-2,1200
145242,1-6-4,270.4
145242,2-6-4,388.9
145242,3-6-4,317.6
145242,4-6-3,186.6
145242,5-6-3,397.9
145242,6-5-3,1070
145242,1-6-5,316.1
145242,2-6-5,374.2
145242,3-6-5,383.9
145242,4-6-5,167.5
145242,5-6-4,301.9
145242,6-5-4,935.6
145243,1-2-3,0
145243,2-1-3,0
145243,3-1-2,0
145243,4-1-2,0
145243,5-1-2,0
145243,6-1-2,0
145243,1-2-4,0
145243,2-1-4,0
145243,3-1-4,0
145243,4-1-3,0
145243,5-1-3,0
145243,6-1-3,0
145243,1-2-5,0
145243,2-1-5,0
145243,3-1-5,0
145243,4-1-5,0
145243,5-1-4,0
145243,6-1-4,0
145243,1-2-6,0
145243,2-1-6,0
145243,3-1-6,0
145243,4-1-6,0
145243,5-1-6,0
145243,6-1-5,0
145243,1-3-2,0
145243,2-3-1,0
145243,3-2-1,0
145243,4-2-1,0
145243,5-2-1,0
145243,6-2-1,0
145243,1-3-4,0
145243,2-3-4,92.8
145243,3-2-4,58.2
145243,4-2-3,251
145243,5-2-3,117.9
145243,6-2-3,66.8
145243,1-3-5,0
145243,2-3-5,50.3
145243,3-2-5,18.3
145243,4-2-5,543.6
145243,5-2-4,381.4
145243,6-2-4,189.6
145243,1-3-6,0
145243,2-3-6,37.2
145243,3-2-6,10.6
145243,4-2-6,397.9
145243,5-2-6,136.3
145243,6-2-5,130.1
145243,1-4-2,0
145243,2-4-1,0
145243,3-4-1,0
145243,4-3-1,0
145243,5-3-1,0
145243,6-3-1,0
145243,1-4-3,0
145243,2-4-3,205.4
145243,3-4-2,74
145243,4-3-2,204.8
145243,5-3-2,81.9
145243,6-3-2,31
145243,1-4-5,0
145243,2-4-5,507.6
145243,3-4-5,46.4
145243,4-3-5,142.9
145243,5-3-4,133.6
145243,6-3-4,48.5
145243,1-4-6,0
145243,2-4-6,344.3
145243,3-4-6,29.3
145243,4-3-6,108.9
145243,5-3-6,31.3
145243,6-3-5,18.8
145243,1-5-2,0
145243,2-5-1,0
145243,3-5-1,0
145243,4-5-1,0
145243,5-4-1,0
145243,6-4-1,0
145243,1-5-3,0
145243,2-5-3,103.2
145243,3-5-2,21.1
145243,4-5-2,365.3
145243,5-4-2,431.5
145243,6-4-2,222
145243,1-5-4,0
145243,2-5-4,477.8
145243,3-5-4,38.2
145243,4-5-3,177.7
145243,5-4-3,219.5
145243,6-4-3,105.5
145243,1-5-6,0
145243,2-5-6,179.8
145243,3-5-6,6.6
145243,4-5-6,139.3
145243,5-4-6,173
145243,6-4-5,145.6
145243,1-6-2,0
145243,2-6-1,0
145243,3-6-1,0
145243,4-6-1,0
145243,5-6-1,0
145243,6-5-1,0
145243,1-6-3,0
145243,2-6-3,77.9
145243,3-6-2,9.2
145243,4-6-2,278.4
145243,5-6-2,87.4
145243,6-5-2,92.2
145243,1-6-4,0
145243,2-6-4,295.6
145243,3-6-4,19.5
145243,4-6-3,130.3
145243,5-6-3,34.7
145243,6-5-3,33.9
145243,1-6-5,0
145243,2-6-5,166.9
145243,3-6-5,4.7
145243,4-6-5,146.4
145243,5-6-4,122.6
145243,6-5-4,109.9
145244,1-2-3,232.1
145244,2-1-3,236
145244,3-1-2,255.8
145244,4-1-2,654.2
145244,5-1-2,73.4
145244,6-1-2,354.2
145244,1-2-4,279.1
145244,2-1-4,223.1
145244,3-1-4,239.3
145244,4-1-3,526.6
145244,5-1-3,91.5
145244,6-1-3,494.7
145244,1-2-5,139.8
145244,2-1-5,127.2
145244,3-1-5,128.9
145244,4-1-5,350.2
145244,5-1-4,144.8
145244,6-1-4,759.7
145244,1-2-6,226.8
145244,2-1-6,231.3
145244,3-1-6,213.2
145244,4-1-6,549.5
145244,5-1-6,39.7
145244,6-1-5,221.5
145244,1-3-2,247.1
145244,2-3-1,228.8
145244,3-2-1,293.6
145244,4-2-1,613.8
145244,5-2-1,62.8
145244,6-2-1,307.2
145244,1-3-4,271.2
145244,2-3-4,146.2
145244,3-2-4,142.1
145244,4-2-3,312.4
145244,5-2-3,36.7
145244,6-2-3,159.4
145244,1-3-5,144
145244,2-3-5,60.7
145244,3-2-5,61.1
145244,4-2-5,163.9
145244,5-2-4,51
145244,6-2-4,242.8
145244,1-3-6,294.8
145244,2-3-6,81.5
145244,3-2-6,84.4
145244,4-2-6,188
145244,5-2-6,16.3
145244,6-2-5,86.7
145244,1-4-2,400.1
145244,2-4-1,328.3
145244,3-4-1,282.3
145244,4-3-1,486.9
145244,5-3-1,83.3
145244,6-3-1,600.5
145244,1-4-3,408.3
145244,2-4-3,227.1
145244,3-4-2,160.4
145244,4-3-2,305.9
145244,5-3-2,46.8
145244,6-3-2,219.4
145244,1-4-5,228.1
145244,2-4-5,97.3
145244,3-4-5,70
145244,4-3-5,134.8
145244,5-3-4,42.1
145244,6-3-4,345.8
145244,1-4-6,417.5
145244,2-4-6,134
145244,3-4-6,94.1
145244,4-3-6,191.2
145244,5-3-6,23.5
145244,6-3-5,134.3
145244,1-5-2,112.3
145244,2-5-1,87.9
145244,3-5-1,95.2
145244,4-5-1,218.4
145244,5-4-1,161.3
145244,6-4-1,803.6
145244,1-5-3,120
145244,2-5-3,45.4
145244,3-5-2,49.4
145244,4-5-2,116.5
145244,5-4-2,80.1
145244,6-4-2,306.5
145244,1-5-4,161
145244,2-5-4,60.9
145244,3-5-4,51.5
145244,4-5-3,101.5
145244,5-4-3,51.8
145244,6-4-3,357.4
145244,1-5-6,89.2
145244,2-5-6,26.2
145244,3-5-6,36.1
145244,4-5-6,56.1
145244,5-4-6,26
145244,6-4-5,154.4
145244,1-6-2,283.7
145244,2-6-1,220.6
145244,3-6-1,276.6
145244,4-6-1,472.9
145244,5-6-1,28.5
145244,6-5-1,106.2
145244,1-6-3,381.4
145244,2-6-3,106.8
145244,3-6-2,114.8
145244,4-6-2,185.2
145244,5-6-2,12.2
145244,6-5-2,51.5
145244,1-6-4,453.6
145244,2-6-4,130
145244,3-6-4,140.9
145244,4-6-3,220.6
145244,5-6-3,15.9
145244,6-5-3,65.8
145244,1-6-5,190.5
145244,2-6-5,59.4
145244,3-6-5,76.4
145244,4-6-5,102.8
145244,5-6-4,17.9
145244,6-5-4,78.4
145245,1-2-3,28.9
145245,2-1-3,19.7
145245,3-1-2,94.5
145245,4-1-2,52.4
145245,5-1-2,347.9
145245,6-1-2,637
145245,1-2-4,20.9
145245,2-1-4,12.8
145245,3-1-4,88.4
145245,4-1-3,96.1
145245,5-1-3,665.1
145245,6-1-3,1435
145245,1-2-5,58.7
145245,2-1-5,42.6
145245,3-1-5,181
145245,4-1-5,112.8
145245,5-1-4,453
145245,6-1-4,817.4
145245,1-2-6,70.5
145245,2-1-6,49
145245,3-1-6,193.5
145245,4-1-6,57.6
145245,5-1-6,434.9
145245,6-1-5,1420
145245,1-3-2,53.2
145245,2-3-1,38.4
145245,3-2-1,84.4
145245,4-2-1,41.9
145245,5-2-1,289.9
145245,6-2-1,644.6
145245,1-3-4,61.7
145245,2-3-4,22.2
145245,3-2-4,47.7
145245,4-2-3,48.3
145245,5-2-3,295.9
145245,6-2-3,712.3
145245,1-3-5,133.2
145245,2-3-5,47.9
145245,3-2-5,82.9
145245,4-2-5,44
145245,5-2-4,186.7
145245,6-2-4,377.9
145245,1-3-6,157.6
145245,2-3-6,66.2
145245,3-2-6,109.8
145245,4-2-6,27.2
145245,5-2-6,253.6
145245,6-2-5,714.2
145245,1-4-2,37.4
145245,2-4-1,16.4
145245,3-4-1,101.3
145245,4-3-1,148.8
145245,5-3-1,919.9
145245,6-3-1,1995
145245,1-4-3,61.7
145245,2-4-3,20.4
145245,3-4-2,61.9
145245,4-3-2,79.6
145245,5-3-2,458.4
145245,6-3-2,1098
145245,1-4-5,105.3
145245,2-4-5,28.9
145245,3-4-5,118.3
145245,4-3-5,136.5
145245,5-3-4,676.8
145245,6-3-4,1154
145245,1-4-6,78.4
145245,2-4-6,28.3
145245,3-4-6,76.1
145245,4-3-6,78.1
145245,5-3-6,777.6
145245,6-3-5,1884
145245,1-5-2,172.6
145245,2-5-1,117.2
145245,3-5-1,347.5
145245,4-5-1,111.4
145245,5-4-1,340.9
145245,6-4-1,737.4
145245,1-5-3,285.3
145245,2-5-3,102.3
145245,3-5-2,187.3
145245,4-5-2,60.5
145245,5-4-2,176
145245,6-4-2,355.2
145245,1-5-4,245.3
145245,2-5-4,76.2
145245,3-5-4,245.3
145245,4-5-3,152.9
145245,5-4-3,447.1
145245,6-4-3,817.4
145245,1-5-6,296.9
145245,2-5-6,109.7
145245,3-5-6,310.8
145245,4-5-6,47.6
145245,5-4-6,174.8
145245,6-4-5,382.2
145245,1-6-2,202.2
145245,2-6-1,154.6
145245,3-6-1,489
145245,4-6-1,91.5
145245,5-6-1,539.5
145245,6-5-1,1428
145245,1-6-3,436.3
145245,2-6-3,187.4
145245,3-6-2,312.6
145245,4-6-2,57.7
145245,5-6-2,331.7
145245,6-5-2,706.7
145245,1-6-4,213.8
145245,2-6-4,91.2
145245,3-6-4,251.5
145245,4-6-3,130.6
145245,5-6-3,779.8
145245,6-5-3,1696
145245,1-6-5,326.5
145245,2-6-5,164.3
145245,3-6-5,486.3
145245,4-6-5,77.9
145245,5-6-4,274.4
145245,6-5-4,461.5
145246,1-2-3,29.5
145246,2-1-3,62.4
145246,3-1-2,355.3
145246,4-1-2,87
145246,5-1-2,21.4
145246,6-1-2,1428
145246,1-2-4,15.3
145246,2-1-4,29.3
145246,3-1-4,403.8
145246,4-1-3,364.1
145246,5-1-3,91.6
145246,6-1-3,3187
145246,1-2-5,7.7
145246,2-1-5,16.8
145246,3-1-5,240.3
145246,4-1-5,52.8
145246,5-1-4,31
145246,6-1-4,2276
145246,1-2-6,83.3
145246,2-1-6,115.8
145246,3-1-6,828.7
145246,4-1-6,183.6
145246,5-1-6,66.8
145246,6-1-5,1067
145246,1-3-2,52.1
145246,2-3-1,197.8
145246,3-2-1,371.9
145246,4-2-1,119.2
145246,5-2-1,32.6
145246,6-2-1,1833
145246,1-3-4,76.1
145246,2-3-4,347.6
145246,3-2-4,616.6
145246,4-2-3,357.2
145246,5-2-3,125.4
145246,6-2-3,2496
145246,1-3-5,46.8
145246,2-3-5,181.1
145246,3-2-5,292.6
145246,4-2-5,88.5
145246,5-2-4,47.9
145246,6-2-4,2252
145246,1-3-6,251.4
145246,2-3-6,614.8
145246,3-2-6,996.1
145246,4-2-6,300.2
145246,5-2-6,113.9
145246,6-2-5,1523
145246,1-4-2,23.4
145246,2-4-1,71.4
145246,3-4-1,651.5
145246,4-3-1,643.4
145246,5-3-1,303.7
145246,6-3-1,3288
145246,1-4-3,74
145246,2-4-3,246.9
145246,3-4-2,849.1
145246,4-3-2,767.3
145246,5-3-2,270.4
145246,6-3-2,3836
145246,1-4-5,18
145246,2-4-5,66.4
145246,3-4-5,692.9
145246,4-3-5,567.6
145246,5-3-4,447.4
145246,6-3-4,3396
145246,1-4-6,117.3
145246,2-4-6,280.7
145246,3-4-6,1644
145246,4-3-6,1311
145246,5-3-6,538.1
145246,6-3-5,4143
145246,1-5-2,9.7
145246,2-5-1,26.7
145246,3-5-1,267.3
145246,4-5-1,46.4
145246,5-4-1,44.4
145246,6-4-1,2726
145246,1-5-3,37.2
145246,2-5-3,90.5
145246,3-5-2,312.9
145246,4-5-2,57.4
145246,5-4-2,50.5
145246,6-4-2,3187
145246,1-5-4,15.4
145246,2-5-4,41.8
145246,3-5-4,421.1
145246,4-5-3,227.4
145246,5-4-3,230.2
145246,6-4-3,6093
145246,1-5-6,51.3
145246,2-5-6,141.7
145246,3-5-6,933.2
145246,4-5-6,90.9
145246,5-4-6,89.3
145246,6-4-5,1833
145246,1-6-2,229.1
145246,2-6-1,569.2
145246,3-6-1,1817
145246,4-6-1,581.9
145246,5-6-1,241.7
145246,6-5-1,1051
145246,1-6-3,486.3
145246,2-6-3,1286
145246,3-6-2,2381
145246,4-6-2,726.9
145246,5-6-2,246.3
145246,6-5-2,1336
145246,1-6-4,364.7
145246,2-6-4,946
145246,3-6-4,2918
145246,4-6-3,1698
145246,5-6-3,597
145246,6-5-3,3396
145246,1-6-5,187.8
145246,2-6-5,477.3
145246,3-6-5,2051
145246,4-6-5,386.5
145246,5-6-4,274.4
145246,6-5-4,1631
145247,1-2-3,15.3
145247,2-1-3,58.1
145247,3-1-2,16.4
145247,4-1-2,378.9
145247,5-1-2,517.2
145247,6-1-2,625.5
145247,1-2-4,41.7
145247,2-1-4,179.3
145247,3-1-4,11.8
145247,4-1-3,157.6
145247,5-1-3,286.4
145247,6-1-3,343.9
145247,1-2-5,63
145247,2-1-5,199.8
145247,3-1-5,21
145247,4-1-5,416.6
145247,5-1-4,801
145247,6-1-4,763.8
145247,1-2-6,54.2
145247,2-1-6,147.7
145247,3-1-6,12.6
145247,4-1-6,260.6
145247,5-1-6,559.8
145247,6-1-5,1305
145247,1-3-2,8.2
145247,2-3-1,73.2
145247,3-2-1,44
145247,4-2-1,738
145247,5-2-1,797.8
145247,6-2-1,990.2
145247,1-3-4,8.3
145247,2-3-4,230.2
145247,3-2-4,77
145247,4-2-3,635.6
145247,5-2-3,763.8
145247,6-2-3,871.9
145247,1-3-5,16.3
145247,2-3-5,272.1
145247,3-2-5,109
145247,4-2-5,1279
145247,5-2-4,1551
145247,6-2-4,3031
145247,1-3-6,10.4
145247,2-3-6,197.2
145247,3-2-6,73
145247,4-2-6,1145
145247,5-2-6,912.3
145247,6-2-5,2432
145247,1-4-2,76
145247,2-4-1,477.1
145247,3-4-1,30.5
145247,4-3-1,134.3
145247,5-3-1,347.5
145247,6-3-1,359.6
145247,1-4-3,31.7
145247,2-4-3,428.3
145247,3-4-2,75.4
145247,4-3-2,317.8
145247,5-3-2,791.4
145247,6-3-2,801
145247,1-4-5,113.3
145247,2-4-5,985.3
145247,3-4-5,68.6
145247,4-3-5,339.1
145247,5-3-4,1021
145247,6-3-4,1048
145247,1-4-6,61
145247,2-4-6,732.5
145247,3-4-6,45.3
145247,4-3-6,245.7
145247,5-3-6,807.6
145247,6-3-5,1492
145247,1-5-2,133.7
145247,2-5-1,639.8
145247,3-5-1,73.4
145247,4-5-1,595.3
145247,5-4-1,1492
145247,6-4-1,1231
145247,1-5-3,66.3
145247,2-5-3,679.5
145247,3-5-2,131.9
145247,4-5-2,895.7
145247,5-4-2,2189
145247,6-4-2,3789
145247,1-5-4,183.9
145247,2-5-4,1576
145247,3-5-4,119.7
145247,4-5-3,542.8
145247,5-4-3,1263
145247,6-4-3,1427
145247,1-5-6,173.9
145247,2-5-6,879.7
145247,3-5-6,113.2
145247,4-5-6,732.5
145247,5-4-6,2265
145247,6-4-5,5185
145247,1-6-2,154.9
145247,2-6-1,478.3
145247,3-6-1,43.7
145247,4-6-1,421.9
145247,5-6-1,1378
145247,6-5-1,2345
145247,1-6-3,57
145247,2-6-3,465.8
145247,3-6-2,107.5
145247,4-6-2,864.3
145247,5-6-2,1378
145247,6-5-2,2592
145247,1-6-4,139.3
145247,2-6-4,1100
145247,3-6-4,85.5
145247,4-6-3,479.4
145247,5-6-3,1216
145247,6-5-3,2318
145247,1-6-5,279.9
145247,2-6-5,1026
145247,3-6-5,140.6
145247,4-6-5,853
145247,5-6-4,2662
145247,6-5-4,5325
145248,1-2-3,0
145248,2-1-3,0
145248,3-1-2,0
145248,4-1-2,0
145248,5-1-2,0
145248,6-1-2,0
145248,1-2-4,0
145248,2-1-4,0
145248,3-1-4,58.1
145248,4-1-3,45.3
145248,5-1-3,318.2
145248,6-1-3,20.1
145248,1-2-5,0
145248,2-1-5,0
145248,3-1-5,136.3
145248,4-1-5,53.6
145248,5-1-4,203.6
145248,6-1-4,27.4
145248,1-2-6,0
145248,2-1-6,0
145248,3-1-6,38.4
145248,4-1-6,19.9
145248,5-1-6,183
145248,6-1-5,54.8
145248,1-3-2,0
145248,2-3-1,0
145248,3-2-1,0
145248,4-2-1,0
145248,5-2-1,0
145248,6-2-1,0
145248,1-3-4,17.2
145248,2-3-4,0
145248,3-2-4,0
145248,4-2-3,0
145248,5-2-3,0
145248,6-2-3,0
145248,1-3-5,50.9
145248,2-3-5,0
145248,3-2-5,0
145248,4-2-5,0
145248,5-2-4,0
145248,6-2-4,0
145248,1-3-6,9.3
145248,2-3-6,0
145248,3-2-6,0
145248,4-2-6,0
145248,5-2-6,0
145248,6-2-5,0
145248,1-4-2,0
145248,2-4-1,0
145248,3-4-1,93.8
145248,4-3-1,81.1
145248,5-3-1,480.9
145248,6-3-1,33
145248,1-4-3,20.7
145248,2-4-3,0
145248,3-4-2,0
145248,4-3-2,0
145248,5-3-2,0
145248,6-3-2,0
145248,1-4-5,44.4
145248,2-4-5,0
145248,3-4-5,235.4
145248,4-3-5,145.7
145248,5-3-4,494.4
145248,6-3-4,45.7
145248,1-4-6,12.6
145248,2-4-6,0
145248,3-4-6,84.2
145248,4-3-6,56
145248,5-3-6,369.9
145248,6-3-5,98.4
145248,1-5-2,0
145248,2-5-1,0
145248,3-5-1,326
145248,4-5-1,56.5
145248,5-4-1,169.1
145248,6-4-1,26.3
145248,1-5-3,102.3
145248,2-5-3,0
145248,3-5-2,0
145248,4-5-2,0
145248,5-4-2,0
145248,6-4-2,0
145248,1-5-4,107.3
145248,2-5-4,0
145248,3-5-4,457
145248,4-5-3,109.3
145248,5-4-3,280.6
145248,6-4-3,35.3
145248,1-5-6,74.3
145248,2-5-6,0
145248,3-5-6,338
145248,4-5-6,30.9
145248,5-4-6,85.4
145248,6-4-5,41.5
145248,1-6-2,0
145248,2-6-1,0
145248,3-6-1,58.1
145248,4-6-1,17.6
145248,5-6-1,149
145248,6-5-1,100.7
145248,1-6-3,11.5
145248,2-6-3,0
145248,3-6-2,0
145248,4-6-2,0
145248,5-6-2,0
145248,6-5-2,0
145248,1-6-4,13.8
145248,2-6-4,0
145248,3-6-4,89.7
145248,4-6-3,28.4
145248,5-6-3,241
145248,6-5-3,117.7
145248,1-6-5,47.8
145248,2-6-5,0
145248,3-6-5,203.8
145248,4-6-5,24.5
145248,5-6-4,107.4
145248,6-5-4,87.8
145249,1-2-3,12.8
145249,2-1-3,36.5
145249,3-1-2,68.6
145249,4-1-2,24.9
145249,5-1-2,148.7
145249,6-1-2,1212
145249,1-2-4,10.6
145249,2-1-4,18.3
145249,3-1-4,72.1
145249,4-1-3,53.9
145249,5-1-3,222.3
145249,6-1-3,1420
145249,1-2-5,32.4
145249,2-1-5,43.6
145249,3-1-5,152.9
145249,4-1-5,33.6
145249,5-1-4,137.6
145249,6-1-4,942
145249,1-2-6,69.5
145249,2-1-6,85.7
145249,3-1-6,266.9
145249,4-1-6,64.5
145249,5-1-6,196.6
145249,6-1-5,1481
145249,1-3-2,18.4
145249,2-3-1,77.1
145249,3-2-1,104.6
145249,4-2-1,32.1
145249,5-2-1,197.3
145249,6-2-1,1377
145249,1-3-4,22
145249,2-3-4,76.7
145249,3-2-4,93.2
145249,4-2-3,66
145249,5-2-3,464.6
145249,6-2-3,1566
145249,1-3-5,63.9
145249,2-3-5,203.3
145249,3-2-5,181.5
145249,4-2-5,42
145249,5-2-4,194
145249,6-2-4,1151
145249,1-3-6,149.9
145249,2-3-6,364
145249,3-2-6,290
145249,4-2-6,73.4
145249,5-2-6,324.8
145249,6-2-5,1622
145249,1-4-2,15.4
145249,2-4-1,33.3
145249,3-4-1,121.2
145249,4-3-1,97.5
145249,5-3-1,628.7
145249,6-3-1,1803
145249,1-4-3,28.2
145249,2-4-3,67.7
145249,3-4-2,103.6
145249,4-3-2,97.2
145249,5-3-2,748.9
145249,6-3-2,1566
145249,1-4-5,37.2
145249,2-4-5,64.5
145249,3-4-5,154.9
145249,4-3-5,156.8
145249,5-3-4,643.5
145249,6-3-4,1557
145249,1-4-6,77.8
145249,2-4-6,111.5
145249,3-4-6,229.5
145249,4-3-6,214.1
145249,5-3-6,785.4
145249,6-3-5,2383
145249,1-5-2,75.4
145249,2-5-1,168.8
145249,3-5-1,278
145249,4-5-1,35
145249,5-4-1,110.4
145249,6-4-1,965.2
145249,1-5-3,131
145249,2-5-3,318
145249,3-5-2,298.6
145249,4-5-2,37.9
145249,5-4-2,125.8
145249,6-4-2,996.8
145249,1-5-4,85.1
145249,2-5-4,142.1
145249,3-5-4,266.6
145249,4-5-3,100.4
145249,5-4-3,297.6
145249,6-4-3,1489
145249,1-5-6,179.8
145249,2-5-6,264.3
145249,3-5-6,402.5
145249,4-5-6,38.4
145249,5-4-6,123.7
145249,6-4-5,530.2
145249,1-6-2,228.6
145249,2-6-1,383.9
145249,3-6-1,867.5
145249,4-6-1,119.3
145249,5-6-1,484.3
145249,6-5-1,1593
145249,1-6-3,447.9
145249,2-6-3,755.1
145249,3-6-2,1007
145249,4-6-2,125
145249,5-6-2,490.3
145249,6-5-2,1540
145249,1-6-4,249.4
145249,2-6-4,357.8
145249,3-6-4,792.2
145249,4-6-3,261.3
145249,5-6-3,859.3
145249,6-5-3,2108
145249,1-6-5,397.8
145249,2-6-5,461.5
145249,3-6-5,982.5
145249,4-6-5,83.6
145249,5-6-4,269.2
145249,6-5-4,561.7
145250,1-2-3,10.6
145250,2-1-3,44
145250,3-1-2,224.5
145250,4-1-2,50.9
145250,5-1-2,144.8
145250,6-1-2,705.3
145250,1-2-4,4.3
145250,2-1-4,15.8
145250,3-1-4,277.3
145250,4-1-3,210.5
145250,5-1-3,654.5
145250,6-1-3,1370
145250,1-2-5,9.6
145250,2-1-5,24.9
145250,3-1-5,327.2
145250,4-1-5,66.6
145250,5-1-4,176.5
145250,6-1-4,777
145250,1-2-6,23.1
145250,2-1-6,65.8
145250,3-1-6,497.6
145250,4-1-6,128
145250,5-1-6,436.3
145250,6-1-5,1221
145250,1-3-2,27.4
145250,2-3-1,180
145250,3-2-1,296.5
145250,4-2-1,81.8
145250,5-2-1,238.5
145250,6-2-1,908.1
145250,1-3-4,38.1
145250,2-3-4,236.2
145250,3-2-4,379.3
145250,4-2-3,387.4
145250,5-2-3,859.8
145250,6-2-3,1963
145250,1-3-5,49.1
145250,2-3-5,369.7
145250,3-2-5,482.7
145250,4-2-5,143.3
145250,5-2-4,402.5
145250,6-2-4,1579
145250,1-3-6,97.5
145250,2-3-6,607.9
145250,3-2-6,629
145250,4-2-6,300.8
145250,5-2-6,657.4
145250,6-2-5,2201
145250,1-4-2,8
145250,2-4-1,65.5
145250,3-4-1,465.7
145250,4-3-1,441.6
145250,5-3-1,1252
145250,6-3-1,2270
145250,1-4-3,36
145250,2-4-3,199
145250,3-4-2,501
145250,4-3-2,581.2
145250,5-3-2,1221
145250,6-3-2,2741
145250,1-4-5,15.2
145250,2-4-5,114.6
145250,3-4-5,722.9
145250,4-3-5,666.5
145250,5-3-4,1438
145250,6-3-4,3302
145250,1-4-6,36.7
145250,2-4-6,266.6
145250,3-4-6,839.9
145250,4-3-6,859.8
145250,5-3-6,1750
145250,6-3-5,3927
145250,1-5-2,26.3
145250,2-5-1,160.5
145250,3-5-1,764.7
145250,4-5-1,104.7
145250,5-4-1,259.4
145250,6-4-1,1052
145250,1-5-3,87.5
145250,2-5-3,511.6
145250,3-5-2,789.7
145250,4-5-2,123.1
145250,5-4-2,377.4
145250,6-4-2,1911
145250,1-5-4,38.2
145250,2-5-4,255.8
145250,3-5-4,1060
145250,4-5-3,538.1
145250,5-4-3,1297
145250,6-4-3,3632
145250,1-5-6,94.9
145250,2-5-6,494.2
145250,3-5-6,1467
145250,4-5-6,221.5
145250,5-4-6,504.5
145250,6-4-5,1990
145250,1-6-2,79.5
145250,2-6-1,454
145250,3-6-1,1370
145250,4-6-1,386.4
145250,5-6-1,886
145250,6-5-1,1632
145250,1-6-3,238.5
145250,2-6-3,1153
145250,3-6-2,1670
145250,4-6-2,583.5
145250,5-6-2,1109
145250,6-5-2,2462
145250,1-6-4,136.5
145250,2-6-4,785.4
145250,3-6-4,1467
145250,4-6-3,1181
145250,5-6-3,1816
145250,6-5-3,3725
145250,1-6-5,201.2
145250,2-6-5,764.7
145250,3-6-5,1793
145250,4-6-5,561
145250,5-6-4,1030
145250,6-5-4,1937
145251,1-2-3,33.1
145251,2-1-3,114.9
145251,3-1-2,359.9
145251,4-1-2,101
145251,5-1-2,58.4
145251,6-1-2,241.3
145251,1-2-4,19.4
145251,2-1-4,58.5
145251,3-1-4,239.8
145251,4-1-3,234.9
145251,5-1-3,117.4
145251,6-1-3,449.7
145251,1-2-5,18.5
145251,2-1-5,62.3
145251,3-1-5,183.1
145251,4-1-5,33.7
145251,5-1-4,32.2
145251,6-1-4,180.4
145251,1-2-6,25
145251,2-1-6,81.6
145251,3-1-6,255.1
145251,4-1-6,55.6
145251,5-1-6,32.8
145251,6-1-5,160.9
145251,1-3-2,51.5
145251,2-3-1,473.5
145251,3-2-1,580.5
145251,4-2-1,252.3
145251,5-2-1,133.4
145251,6-2-1,445.4
145251,1-3-4,42.1
145251,2-3-4,642.2
145251,3-2-4,694.5
145251,4-2-3,753.1
145251,5-2-3,506.8
145251,6-2-3,1103
145251,1-3-5,38.4
145251,2-3-5,724
145251,3-2-5,756.1
145251,4-2-5,302.9
145251,5-2-4,235.8
145251,6-2-4,928.3
145251,1-3-6,45.8
145251,2-3-6,738.2
145251,3-2-6,781.3
145251,4-2-6,355.1
145251,5-2-6,151.8
145251,6-2-5,676.9
145251,1-4-2,22.8
145251,2-4-1,202.5
145251,3-4-1,531.2
145251,4-3-1,510.9
145251,5-3-1,336.6
145251,6-3-1,1225
145251,1-4-3,49.1
145251,2-4-3,872.2
145251,3-4-2,923.7
145251,4-3-2,880.4
145251,5-3-2,747.1
145251,6-3-2,1803
145251,1-4-5,10.6
145251,2-4-5,484.5
145251,3-4-5,664.9
145251,4-3-5,620.9
145251,5-3-4,484.5
145251,6-3-4,1736
145251,1-4-6,18
145251,2-4-6,494.7
145251,3-4-6,667.3
145251,4-3-6,753.1
145251,5-3-6,334.8
145251,6-3-5,1389
145251,1-5-2,21.6
145251,2-5-1,176.5
145251,3-5-1,398.1
145251,4-5-1,42.6
145251,5-4-1,46.6
145251,6-4-1,271.7
145251,1-5-3,33.8
145251,2-5-3,672.1
145251,3-5-2,961.6
145251,4-5-2,172
145251,5-4-2,197.6
145251,6-4-2,815.3
145251,1-5-4,11.6
145251,2-5-4,416.7
145251,3-5-4,601
145251,4-5-3,291.1
145251,5-4-3,320
145251,6-4-3,1339
145251,1-5-6,14.6
145251,2-5-6,292
145251,3-5-6,512.3
145251,4-5-6,52
145251,5-4-6,59
145251,6-4-5,247
145251,1-6-2,51.6
145251,2-6-1,262.6
145251,3-6-1,729.6
145251,4-6-1,118
145251,5-6-1,59.3
145251,6-5-1,199
145251,1-6-3,78.7
145251,2-6-3,966.6
145251,3-6-2,1409
145251,4-6-2,325
145251,5-6-2,131.5
145251,6-5-2,464.1
145251,1-6-4,38.5
145251,2-6-4,569.9
145251,3-6-4,880.4
145251,4-6-3,538.8
145251,5-6-3,256.1
145251,6-5-3,791.2
145251,1-6-5,36.8
145251,2-6-5,430.1
145251,3-6-5,791.2
145251,4-6-5,104.2
145251,5-6-4,85.1
145251,6-5-4,221.1
145252,1-2-3,45.2
145252,2-1-3,140.1
145252,3-1-2,583.7
145252,4-1-2,15.2
145252,5-1-2,99.8
145252,6-1-2,152.2
145252,1-2-4,9
145252,2-1-4,27.8
145252,3-1-4,476.7
145252,4-1-3,84.4
145252,5-1-3,269.1
145252,6-1-3,717.7
145252,1-2-5,36.1
145252,2-1-5,96.2
145252,3-1-5,796
145252,4-1-5,26
145252,5-1-4,84.7
145252,6-1-4,131.4
145252,1-2-6,20.9
145252,2-1-6,49.3
145252,3-1-6,746.2
145252,4-1-6,18.6
145252,5-1-6,128.3
145252,6-1-5,289.9
145252,1-3-2,82
145252,2-3-1,446
145252,3-2-1,737.9
145252,4-2-1,34
145252,5-2-1,170.4
145252,6-2-1,204.7
145252,1-3-4,63.9
145252,2-3-4,619.5
145252,3-2-4,893.5
145252,4-2-3,223.7
145252,5-2-3,457.6
145252,6-2-3,1090
145252,1-3-5,151.1
145252,2-3-5,1026
145252,3-2-5,1199
145252,4-2-5,78.7
145252,5-2-4,177
145252,6-2-4,268.6
145252,1-3-6,139.5
145252,2-3-6,748.4
145252,3-2-6,1099
145252,4-2-6,49.4
145252,5-2-6,222.2
145252,6-2-5,482
145252,1-4-2,7.3
145252,2-4-1,54.6
145252,3-4-1,656.7
145252,4-3-1,339.8
145252,5-3-1,685.8
145252,6-3-1,1545
145252,1-4-3,37.9
145252,2-4-3,305.8
145252,3-4-2,1018
145252,4-3-2,483.7
145252,5-3-2,768.1
145252,6-3-2,2135
145252,1-4-5,20.5
145252,2-4-5,168.6
145252,3-4-5,1443
145252,4-3-5,543.8
145252,5-3-4,899.6
145252,6-3-4,1975
145252,1-4-6,13.8
145252,2-4-6,126
145252,3-4-6,921.7
145252,4-3-6,477.6
145252,5-3-6,1099
145252,6-3-5,1945
145252,1-5-2,77.7
145252,2-5-1,262.4
145252,3-5-1,1320
145252,4-5-1,41.7
145252,5-4-1,113.1
145252,6-4-1,127.5
145252,1-5-3,217.2
145252,2-5-3,893.5
145252,3-5-2,1631
145252,4-5-2,71.5
145252,5-4-2,166.6
145252,6-4-2,204.1
145252,1-5-4,70.8
145252,2-5-4,342.4
145252,3-5-4,2036
145252,4-5-3,277.3
145252,5-4-3,409.1
145252,6-4-3,958.7
145252,1-5-6,121.7
145252,2-5-6,372.6
145252,3-5-6,1621
145252,4-5-6,51.1
145252,5-4-6,143
145252,6-4-5,225.1
145252,1-6-2,47.8
145252,2-6-1,177.3
145252,3-6-1,1216
145252,4-6-1,26.1
145252,5-6-1,235.1
145252,6-5-1,469.9
145252,1-6-3,178.8
145252,2-6-3,828.6
145252,3-6-2,1652
145252,4-6-2,47.8
145252,5-6-2,331.6
145252,6-5-2,768.1
145252,1-6-4,45.3
145252,2-6-4,240.1
145252,3-6-4,1509
145252,4-6-3,200.2
145252,5-6-3,687.6
145252,6-5-3,1641
145252,1-6-5,96.5
145252,2-6-5,412.3
145252,3-6-5,2005
145252,4-6-5,47.8
145252,5-6-4,226.2
145252,6-5-4,373.1
145349,1-2-3,8.3
145349,2-1-3,45.1
145349,3-1-2,93
145349,4-1-2,191.4
145349,5-1-2,125
145349,6-1-2,646.6
145349,1-2-4,10.8
145349,2-1-4,51.2
145349,3-1-4,59
145349,4-1-3,224.3
145349,5-1-3,147.5
145349,6-1-3,1070
145349,1-2-5,12
145349,2-1-5,55.9
145349,3-1-5,59.3
145349,4-1-5,178
145349,5-1-4,204.5
145349,6-1-4,1177
145349,1-2-6,26.4
145349,2-1-6,87.8
145349,3-1-6,108.9
145349,4-1-6,245.9
145349,5-1-6,132.2
145349,6-1-5,865.5
145349,1-3-2,11.3
145349,2-3-1,137.8
145349,3-2-1,220.1
145349,4-2-1,325.2
145349,5-2-1,242
145349,6-2-1,848.6
145349,1-3-4,10.5
145349,2-3-4,250.7
145349,3-2-4,359.7
145349,4-2-3,649.5
145349,5-2-3,434
145349,6-2-3,1818
145349,1-3-5,12.4
145349,2-3-5,235
145349,3-2-5,314.8
145349,4-2-5,452.6
145349,5-2-4,519.7
145349,6-2-4,1591
145349,1-3-6,27.3
145349,2-3-6,327.4
145349,3-2-6,427.6
145349,4-2-6,457.8
145349,5-2-6,266
145349,6-2-5,1140
145349,1-4-2,21
145349,2-4-1,174.1
145349,3-4-1,136.6
145349,4-3-1,315.5
145349,5-3-1,383.1
145349,6-3-1,1597
145349,1-4-3,19.7
145349,2-4-3,372.3
145349,3-4-2,372.9
145349,4-3-2,622.5
145349,5-3-2,599.3
145349,6-3-2,2002
145349,1-4-5,26.1
145349,2-4-5,329.6
145349,3-4-5,197.3
145349,4-3-5,416.6
145349,5-3-4,746.6
145349,6-3-4,2011
145349,1-4-6,32.7
145349,2-4-6,325.4
145349,3-4-6,239.1
145349,4-3-6,410.3
145349,5-3-6,463.7
145349,6-3-5,1503
145349,1-5-2,24.3
145349,2-5-1,192.6
145349,3-5-1,182.3
145349,4-5-1,259.4
145349,5-4-1,424.3
145349,6-4-1,1849
145349,1-5-3,29.3
145349,2-5-3,342.1
145349,3-5-2,355
145349,4-5-2,401.9
145349,5-4-2,650.4
145349,6-4-2,1948
145349,1-5-4,41
145349,2-5-4,442.9
145349,3-5-4,290.8
145349,4-5-3,476.4
145349,5-4-3,749.1
145349,6-4-3,2323
145349,1-5-6,44.8
145349,2-5-6,278.1
145349,3-5-6,284.3
145349,4-5-6,253.9
145349,5-4-6,400.1
145349,6-4-5,1551
145349,1-6-2,80.2
145349,2-6-1,339.7
145349,3-6-1,485.5
145349,4-6-1,496
145349,5-6-1,278.3
145349,6-5-1,955
145349,1-6-3,116.7
145349,2-6-3,818.3
145349,3-6-2,766.3
145349,4-6-2,723
145349,5-6-2,344
145349,6-5-2,1042
145349,1-6-4,107.5
145349,2-6-4,736.4
145349,3-6-4,574
145349,4-6-3,759.6
145349,5-6-3,497.1
145349,6-5-3,1392
145349,1-6-5,103.1
145349,2-6-5,479.6
145349,3-6-5,557
145349,4-6-5,494.3
145349,5-6-4,512.4
145349,6-5-4,1207
145350,1-2-3,11.2
145350,2-1-3,96.4
145350,3-1-2,143.1
145350,4-1-2,47.5
145350,5-1-2,157.7
145350,6-1-2,648.4
145350,1-2-4,6.2
145350,2-1-4,56.5
145350,3-1-4,92.5
145350,4-1-3,106.4
145350,5-1-3,303.6
145350,6-1-3,1163
145350,1-2-5,18.7
145350,2-1-5,110.8
145350,3-1-5,123.9
145350,4-1-5,44.6
145350,5-1-4,141.3
145350,6-1-4,818
145350,1-2-6,21.4
145350,2-1-6,119.7
145350,3-1-6,192.5
145350,4-1-6,54.6
145350,5-1-6,172.5
145350,6-1-5,1035
145350,1-3-2,19.9
145350,2-3-1,304.3
145350,3-2-1,394.4
145350,4-2-1,109
145350,5-2-1,349.9
145350,6-2-1,1119
145350,1-3-4,16.4
145350,2-3-4,370.8
145350,3-2-4,434.8
145350,4-2-3,336.8
145350,5-2-3,753.7
145350,6-2-3,2130
145350,1-3-5,29.5
145350,2-3-5,550.5
145350,3-2-5,584
145350,4-2-5,154.5
145350,5-2-4,422.7
145350,6-2-4,1431
145350,1-3-6,43.8
145350,2-3-6,628.1
145350,3-2-6,738.6
145350,4-2-6,163.2
145350,5-2-6,427.6
145350,6-2-5,2161
145350,1-4-2,8.9
145350,2-4-1,139.1
145350,3-4-1,195.1
145350,4-3-1,236.9
145350,5-3-1,680.4
145350,6-3-1,1852
145350,1-4-3,17.4
145350,2-4-3,317
145350,3-4-2,328.5
145350,4-3-2,337.8
145350,5-3-2,844.7
145350,6-3-2,2808
145350,1-4-5,16.7
145350,2-4-5,307
145350,3-4-5,221.6
145350,4-3-5,252.6
145350,5-3-4,704.3
145350,6-3-4,2261
145350,1-4-6,20.3
145350,2-4-6,305.7
145350,3-4-6,282.8
145350,4-3-6,275.5
145350,5-3-6,905.4
145350,6-3-5,2261
145350,1-5-2,38.1
145350,2-5-1,353
145350,3-5-1,386.4
145350,4-5-1,61.8
145350,5-4-1,176.4
145350,6-4-1,1078
145350,1-5-3,61.9
145350,2-5-3,731.2
145350,3-5-2,620.1
145350,4-5-2,100.2
145350,5-4-2,263.4
145350,6-4-2,1445
145350,1-5-4,40.3
145350,2-5-4,537
145350,3-5-4,384.4
145350,4-5-3,199.2
145350,5-4-3,456.4
145350,6-4-3,2161
145350,1-5-6,55.5
145350,2-5-6,666
145350,3-5-6,522.4
145350,4-5-6,62.4
145350,5-4-6,163.4
145350,6-4-5,838.3
145350,1-6-2,69.6
145350,2-6-1,458.3
145350,3-6-1,758.9
145350,4-6-1,130.5
145350,5-6-1,362.6
145350,6-5-1,1377
145350,1-6-3,140.2
145350,2-6-3,993.1
145350,3-6-2,1221
145350,4-6-2,189.5
145350,5-6-2,461.7
145350,6-5-2,1844
145350,1-6-4,79.6
145350,2-6-4,609
145350,3-6-4,861.2
145350,4-6-3,410.1
145350,5-6-3,769.5
145350,6-5-3,2308
145350,1-6-5,126.3
145350,2-6-5,952.3
145350,3-6-5,960.6
145350,4-6-5,137.5
145350,5-6-4,317.9
145350,6-5-4,838.3
145351,1-2-3,8.1
145351,2-1-3,26.8
145351,3-1-2,25.3
145351,4-1-2,147.5
145351,5-1-2,276.2
145351,6-1-2,1430
145351,1-2-4,15
145351,2-1-4,40.5
145351,3-1-4,25.5
145351,4-1-3,177.3
145351,5-1-3,310.8
145351,6-1-3,1547
145351,1-2-5,27.7
145351,2-1-5,68.6
145351,3-1-5,39.5
145351,4-1-5,189.8
145351,5-1-4,426.2
145351,6-1-4,1644
145351,1-2-6,43.4
145351,2-1-6,95.8
145351,3-1-6,55.8
145351,4-1-6,264.7
145351,5-1-6,457
145351,6-1-5,2307
145351,1-3-2,9
145351,2-3-1,47.2
145351,3-2-1,46.3
145351,4-2-1,218.5
145351,5-2-1,390.7
145351,6-2-1,1719
145351,1-3-4,12.1
145351,2-3-4,46.4
145351,3-2-4,40.9
145351,4-2-3,185.4
145351,5-2-3,402.8
145351,6-2-3,1102
145351,1-3-5,22.5
145351,2-3-5,88.8
145351,3-2-5,78.6
145351,4-2-5,295.8
145351,5-2-4,584.2
145351,6-2-4,1338
145351,1-3-6,33.3
145351,2-3-6,100.1
145351,3-2-6,76.2
145351,4-2-6,328.9
145351,5-2-6,576.9
145351,6-2-5,2142
145351,1-4-2,28.7
145351,2-4-1,110.3
145351,3-4-1,52.2
145351,4-3-1,200.2
145351,5-3-1,393.7
145351,6-3-1,1530
145351,1-4-3,28.8
145351,2-4-3,90.4
145351,3-4-2,47
145351,4-3-2,154.9
145351,5-3-2,387.1
145351,6-3-2,1046
145351,1-4-5,57.4
145351,2-4-5,172.7
145351,3-4-5,59.4
145351,4-3-5,191.6
145351,5-3-4,473.6
145351,6-3-4,1258
145351,1-4-6,67.6
145351,2-4-6,196.7
145351,3-4-6,65.5
145351,4-3-6,204.5
145351,5-3-6,482.9
145351,6-3-5,1670
145351,1-5-2,66.4
145351,2-5-1,265
145351,3-5-1,118.9
145351,4-5-1,274.2
145351,5-4-1,572.2
145351,6-4-1,2164
145351,1-5-3,72
145351,2-5-3,234.8
145351,3-5-2,123.9
145351,4-5-2,280.3
145351,5-4-2,576.9
145351,6-4-2,1638
145351,1-5-4,110.5
145351,2-5-4,351
145351,3-5-4,117.2
145351,4-5-3,303.3
145351,5-4-3,583.4
145351,6-4-3,1524
145351,1-5-6,141.3
145351,2-5-6,428.4
145351,3-5-6,139.4
145351,4-5-6,270.7
145351,5-4-6,599.3
145351,6-4-5,2307
145351,1-6-2,159
145351,2-6-1,528.7
145351,3-6-1,283
145351,4-6-1,587.5
145351,5-6-1,873.9
145351,6-5-1,2578
145351,1-6-3,168.7
145351,2-6-3,404.7
145351,3-6-2,205.7
145351,4-6-2,487.4
145351,5-6-2,859.5
145351,6-5-2,2210
145351,1-6-4,208.1
145351,2-6-4,493.2
145351,3-6-4,227
145351,4-6-3,555.5
145351,5-6-3,958.1
145351,6-5-3,2120
145351,1-6-5,284.1
145351,2-6-5,755.4
145351,3-6-5,269.1
145351,4-6-5,539.7
145351,5-6-4,872.1
145351,6-5-4,2360
145352,1-2-3,10.4
145352,2-1-3,28.2
145352,3-1-2,101
145352,4-1-2,94.7
145352,5-1-2,90.2
145352,6-1-2,1245
145352,1-2-4,9.3
145352,2-1-4,42.7
145352,3-1-4,87.5
145352,4-1-3,174
145352,5-1-3,127.2
145352,6-1-3,1529
145352,1-2-5,10.2
145352,2-1-5,33.6
145352,3-1-5,81.5
145352,4-1-5,56.9
145352,5-1-4,75.8
145352,6-1-4,1459
145352,1-2-6,55.7
145352,2-1-6,133.4
145352,3-1-6,266.7
145352,4-1-6,178.7
145352,5-1-6,180.9
145352,6-1-5,1422
145352,1-3-2,17.5
145352,2-3-1,101.5
145352,3-2-1,210.2
145352,4-2-1,197.6
145352,5-2-1,176
145352,6-2-1,2432
145352,1-3-4,16.3
145352,2-3-4,196.3
145352,3-2-4,394.1
145352,4-2-3,516.9
145352,5-2-3,377.5
145352,6-2-3,3474
145352,1-3-5,15.7
145352,2-3-5,139.5
145352,3-2-5,261.2
145352,4-2-5,172.2
145352,5-2-4,291
145352,6-2-4,3360
145352,1-3-6,78.2
145352,2-3-6,429.2
145352,3-2-6,747.8
145352,4-2-6,528.7
145352,5-2-6,475.1
145352,6-2-5,3022
145352,1-4-2,14.8
145352,2-4-1,141.8
145352,3-4-1,219.5
145352,4-3-1,353.7
145352,5-3-1,414.2
145352,6-3-1,2791
145352,1-4-3,22.2
145352,2-4-3,296.6
145352,3-4-2,447.2
145352,4-3-2,675.6
145352,5-3-2,680.1
145352,6-3-2,3382
145352,1-4-5,12.9
145352,2-4-5,173.1
145352,3-4-5,240.6
145352,4-3-5,378.6
145352,5-3-4,730.6
145352,6-3-4,3474
145352,1-4-6,66.3
145352,2-4-6,540.4
145352,3-4-6,539.9
145352,4-3-6,702.5
145352,5-3-6,1147
145352,6-3-5,4119
145352,1-5-2,18.8
145352,2-5-1,110.7
145352,3-5-1,228.6
145352,4-5-1,65.4
145352,5-4-1,117.6
145352,6-4-1,2375
145352,1-5-3,25.1
145352,2-5-3,194.5
145352,3-5-2,392.5
145352,4-5-2,101.6
145352,5-4-2,197.6
145352,6-4-2,3622
145352,1-5-4,19.5
145352,2-5-4,216.4
145352,3-5-4,395.3
145352,4-5-3,244.4
145352,5-4-3,424.5
145352,6-4-3,3316
145352,1-5-6,70.1
145352,2-5-6,379.4
145352,3-5-6,615.3
145352,4-5-6,117
145352,5-4-6,234.2
145352,6-4-5,1663
145352,1-6-2,198.5
145352,2-6-1,689.2
145352,3-6-1,1168
145352,4-6-1,473.3
145352,5-6-1,514.8
145352,6-5-1,2051
145352,1-6-3,292.1
145352,2-6-3,1218
145352,3-6-2,1837
145352,4-6-2,659.8
145352,5-6-2,681.9
145352,6-5-2,2935
145352,1-6-4,232.7
145352,2-6-4,1543
145352,3-6-4,1621
145352,4-6-3,984.1
145352,5-6-3,1150
145352,6-5-3,3622
145352,1-6-5,209.1
145352,2-6-5,1055
145352,3-6-5,1323
145352,4-6-5,348.1
145352,5-6-4,661.6
145352,6-5-4,1798
145353,1-2-3,8.7
145353,2-1-3,36
145353,3-1-2,79.5
145353,4-1-2,153.1
145353,5-1-2,534.6
145353,6-1-2,61.7
145353,1-2-4,15.3
145353,2-1-4,50.9
145353,3-1-4,102.7
145353,4-1-3,262.3
145353,5-1-3,739.5
145353,6-1-3,92.3
145353,1-2-5,31.7
145353,2-1-5,93
145353,3-1-5,153.1
145353,4-1-5,275
145353,5-1-4,841.3
145353,6-1-4,147.6
145353,1-2-6,8.9
145353,2-1-6,42.1
145353,3-1-6,93.6
145353,4-1-6,203.4
145353,5-1-6,592.6
145353,6-1-5,213
145353,1-3-2,15.5
145353,2-3-1,52.3
145353,3-2-1,97.1
145353,4-2-1,251.9
145353,5-2-1,867
145353,6-2-1,117.4
145353,1-3-4,29.3
145353,2-3-4,55
145353,3-2-4,99.5
145353,4-2-3,369.9
145353,5-2-3,930.4
145353,6-2-3,208.1
145353,1-3-5,47.2
145353,2-3-5,90.7
145353,3-2-5,148.7
145353,4-2-5,392
145353,5-2-4,1312
145353,6-2-4,287.5
145353,1-3-6,19.3
145353,2-3-6,78.3
145353,3-2-6,137.6
145353,4-2-6,391.1
145353,5-2-6,992.7
145353,6-2-5,485.9
145353,1-4-2,28.9
145353,2-4-1,98.8
145353,3-4-1,127
145353,4-3-1,341
145353,5-3-1,1176
145353,6-3-1,254.8
145353,1-4-3,49.1
145353,2-4-3,89.6
145353,3-4-2,130.2
145353,4-3-2,364.1
145353,5-3-2,1063
145353,6-3-2,301.6
145353,1-4-5,66.5
145353,2-4-5,142.5
145353,3-4-5,145.9
145353,4-3-5,368
145353,5-3-4,1407
145353,6-3-4,376.2
145353,1-4-6,36.3
145353,2-4-6,141.2
145353,3-4-6,167.1
145353,4-3-6,448.5
145353,5-3-6,1531
145353,6-3-5,707.6
145353,1-5-2,83.2
145353,2-5-1,301.3
145353,3-5-1,299.8
145353,4-5-1,431.7
145353,5-4-1,1361
145353,6-4-1,475.9
145353,1-5-3,126.9
145353,2-5-3,260.7
145353,3-5-2,310.6
145353,4-5-2,523.8
145353,5-4-2,1376
145353,6-4-2,568.8
145353,1-5-4,150.9
145353,2-5-4,340.3
145353,3-5-4,266.4
145353,4-5-3,744.8
145353,5-4-3,1400
145353,6-4-3,715.7
145353,1-5-6,104.7
145353,2-5-6,403.2
145353,3-5-6,395.5
145353,4-5-6,565.2
145353,5-4-6,1388
145353,6-4-5,940.3
145353,1-6-2,10.5
145353,2-6-1,94.4
145353,3-6-1,201.4
145353,4-6-1,379.9
145353,5-6-1,1078
145353,6-5-1,752
145353,1-6-3,18.1
145353,2-6-3,145.5
145353,3-6-2,226.4
145353,4-6-2,388.6
145353,5-6-2,1208
145353,6-5-2,957.6
145353,1-6-4,28.4
145353,2-6-4,176.3
145353,3-6-4,269
145353,4-6-3,681.3
145353,5-6-3,1726
145353,6-5-3,1288
145353,1-6-5,53.4
145353,2-6-5,321.1
145353,3-6-5,408.2
145353,4-6-5,620.9
145353,5-6-4,1900
145353,6-5-4,1290
145354,1-2-3,10.1
145354,2-1-3,46.3
145354,3-1-2,99.6
145354,4-1-2,42.7
145354,5-1-2,336.9
145354,6-1-2,426.1
145354,1-2-4,5.9
145354,2-1-4,23.7
145354,3-1-4,91.6
145354,4-1-3,134.6
145354,5-1-3,700.7
145354,6-1-3,678.1
145354,1-2-5,20.2
145354,2-1-5,70.1
145354,3-1-5,162.9
145354,4-1-5,69.1
145354,5-1-4,320.1
145354,6-1-4,437.4
145354,1-2-6,20.4
145354,2-1-6,67.2
145354,3-1-6,171.5
145354,4-1-6,63.8
145354,5-1-6,395.9
145354,6-1-5,753.9
145354,1-3-2,16.9
145354,2-3-1,143.4
145354,3-2-1,185.1
145354,4-2-1,66.6
145354,5-2-1,622.8
145354,6-2-1,628.7
145354,1-3-4,18.2
145354,2-3-4,149.8
145354,3-2-4,218.2
145354,4-2-3,217.3
145354,5-2-3,1134
145354,6-2-3,965.6
145354,1-3-5,48.5
145354,2-3-5,336.9
145354,3-2-5,424.4
145354,4-2-5,132.1
145354,5-2-4,593.9
145354,6-2-4,548.1
145354,1-3-6,48.6
145354,2-3-6,369.8
145354,3-2-6,480.1
145354,4-2-6,107.9
145354,5-2-6,836.6
145354,6-2-5,1038
145354,1-4-2,8.4
145354,2-4-1,47.2
145354,3-4-1,183.4
145354,4-3-1,296.3
145354,5-3-1,1332
145354,6-3-1,859.9
145354,1-4-3,22.7
145354,2-4-3,126.8
145354,3-4-2,247
145354,4-3-2,352.7
145354,5-3-2,1482
145354,6-3-2,1134
145354,1-4-5,23.5
145354,2-4-5,111.5
145354,3-4-5,392.7
145354,4-3-5,471.1
145354,5-3-4,1482
145354,6-3-4,1920
145354,1-4-6,19.5
145354,2-4-6,94.5
145354,3-4-6,361.6
145354,4-3-6,361.9
145354,5-3-6,2229
145354,6-3-5,2844
145354,1-5-2,56.1
145354,2-5-1,299.8
145354,3-5-1,595.3
145354,4-5-1,95.9
145354,5-4-1,324.8
145354,6-4-1,691.5
145354,1-5-3,115.2
145354,2-5-3,584
145354,3-5-2,775
145354,4-5-2,128.7
145354,5-4-2,391.2
145354,6-4-2,751.8
145354,1-5-4,64.4
145354,2-5-4,348.7
145354,3-5-4,732.9
145354,4-5-3,335.8
145354,5-4-3,918.4
145354,6-4-3,1941
145354,1-5-6,113.2
145354,2-5-6,501.2
145354,3-5-6,1048
145354,4-5-6,95
145354,5-4-6,341.5
145354,6-4-5,1052
145354,1-6-2,69.3
145354,2-6-1,332.8
145354,3-6-1,777.3
145354,4-6-1,136
145354,5-6-1,869.8
145354,6-5-1,1866
145354,1-6-3,156.6
145354,2-6-3,854.3
145354,3-6-2,1103
145354,4-6-2,156.8
145354,5-6-2,1179
145354,6-5-2,2542
145354,1-6-4,71.4
145354,2-6-4,325
145354,3-6-4,980
145354,4-6-3,430.6
145354,5-6-3,2211
145354,6-5-3,3208
145354,1-6-5,167.4
145354,2-6-5,796.1
145354,3-6-5,1552
145354,4-6-5,171
145354,5-6-4,740.1
145354,6-5-4,1325
145355,1-2-3,13.9
145355,2-1-3,102.1
145355,3-1-2,85.2
145355,4-1-2,64.4
145355,5-1-2,159.2
145355,6-1-2,454
145355,1-2-4,15.4
145355,2-1-4,99.3
145355,3-1-4,51.6
145355,4-1-3,57.2
145355,5-1-3,170.9
145355,6-1-3,482.5
145355,1-2-5,32.5
145355,2-1-5,139.9
145355,3-1-5,74.3
145355,4-1-5,40.4
145355,5-1-4,116.1
145355,6-1-4,338.7
145355,1-2-6,42.3
145355,2-1-6,222.5
145355,3-1-6,98.1
145355,4-1-6,50.1
145355,5-1-6,137.4
145355,6-1-5,516.9
145355,1-3-2,15
145355,2-3-1,246.1
145355,3-2-1,258.1
145355,4-2-1,160.1
145355,5-2-1,310.4
145355,6-2-1,1051
145355,1-3-4,9.7
145355,2-3-4,320.5
145355,3-2-4,253.4
145355,4-2-3,304.7
145355,5-2-3,738
145355,6-2-3,1425
145355,1-3-5,16.4
145355,2-3-5,455.2
145355,3-2-5,269.4
145355,4-2-5,211.6
145355,5-2-4,515.3
145355,6-2-4,1401
145355,1-3-6,27.8
145355,2-3-6,590
145355,3-2-6,337.4
145355,4-2-6,195.3
145355,5-2-6,440.8
145355,6-2-5,1881
145355,1-4-2,16.3
145355,2-4-1,207.1
145355,3-4-1,84
145355,4-3-1,111.9
145355,5-3-1,388.1
145355,6-3-1,954.9
145355,1-4-3,13.7
145355,2-4-3,379.3
145355,3-4-2,188.6
145355,4-3-2,267.4
145355,5-3-2,720.9
145355,6-3-2,1558
145355,1-4-5,17
145355,2-4-5,417.3
145355,3-4-5,113.1
145355,4-3-5,157.4
145355,5-3-4,568.6
145355,6-3-4,1099
145355,1-4-6,25.9
145355,2-4-6,514.2
145355,3-4-6,125.1
145355,4-3-6,147.6
145355,5-3-6,609.4
145355,6-3-5,1530
145355,1-5-2,48.9
145355,2-5-1,404.5
145355,3-5-1,175.4
145355,4-5-1,53.2
145355,5-4-1,136.1
145355,6-4-1,443.2
145355,1-5-3,42.6
145355,2-5-3,639.8
145355,3-5-2,244.8
145355,4-5-2,115.5
145355,5-4-2,262.9
145355,6-4-2,817.6
145355,1-5-4,40.3
145355,2-5-4,780.6
145355,3-5-4,209.3
145355,4-5-3,143.8
145355,5-4-3,344.1
145355,6-4-3,873.2
145355,1-5-6,52.2
145355,2-5-6,849.5
145355,3-5-6,237
145355,4-5-6,53.5
145355,5-4-6,136.4
145355,6-4-5,574.4
145355,1-6-2,84.4
145355,2-6-1,774.5
145355,3-6-1,341.5
145355,4-6-1,84.3
145355,5-6-1,313.9
145355,6-5-1,984.9
145355,1-6-3,77.1
145355,2-6-3,1064
145355,3-6-2,409.4
145355,4-6-2,155
145355,5-6-2,489.1
145355,6-5-2,1553
145355,1-6-4,67.6
145355,2-6-4,1134
145355,3-6-4,357.6
145355,4-6-3,184.7
145355,5-6-3,566.6
145355,6-5-3,1761
145355,1-6-5,98.4
145355,2-6-5,1124
145355,3-6-5,431.7
145355,4-6-5,92.4
145355,5-6-4,311.9
145355,6-5-4,779.3
145356,1-2-3,14.3
145356,2-1-3,92.1
145356,3-1-2,255.1
145356,4-1-2,38.9
145356,5-1-2,140.7
145356,6-1-2,113.6
145356,1-2-4,5
145356,2-1-4,40.5
145356,3-1-4,260.8
145356,4-1-3,136.3
145356,5-1-3,309.7
145356,6-1-3,234.4
145356,1-2-5,10.3
145356,2-1-5,61.9
145356,3-1-5,344.5
145356,4-1-5,36.6
145356,5-1-4,109.8
145356,6-1-4,149.2
145356,1-2-6,34.5
145356,2-1-6,145.3
145356,3-1-6,545.4
145356,4-1-6,89.4
145356,5-1-6,336.3
145356,6-1-5,243
145356,1-3-2,31.7
145356,2-3-1,267.1
145356,3-2-1,503.6
145356,4-2-1,80.8
145356,5-2-1,306.3
145356,6-2-1,170.7
145356,1-3-4,30.5
145356,2-3-4,408.6
145356,3-2-4,623.9
145356,4-2-3,327.5
145356,5-2-3,802.3
145356,6-2-3,413.5
145356,1-3-5,43.4
145356,2-3-5,456.7
145356,3-2-5,770.5
145356,4-2-5,120.6
145356,5-2-4,402.1
145356,6-2-4,255.2
145356,1-3-6,79.9
145356,2-3-6,701.5
145356,3-2-6,1308
145356,4-2-6,217.6
145356,5-2-6,708.1
145356,6-2-5,417.1
145356,1-4-2,7.7
145356,2-4-1,98.9
145356,3-4-1,538.2
145356,4-3-1,386.1
145356,5-3-1,881.9
145356,6-3-1,459.9
145356,1-4-3,27.3
145356,2-4-3,343.8
145356,3-4-2,821.2
145356,4-3-2,622.5
145356,5-3-2,1286
145356,6-3-2,747.5
145356,1-4-5,13
145356,2-4-5,191.2
145356,3-4-5,861.6
145356,4-3-5,586.9
145356,5-3-4,1465
145356,6-3-4,786.7
145356,1-4-6,36.7
145356,2-4-6,347.9
145356,3-4-6,995.7
145356,4-3-6,591.6
145356,5-3-6,1743
145356,6-3-5,1073
145356,1-5-2,23
145356,2-5-1,216.9
145356,3-5-1,796.3
145356,4-5-1,53.3
145356,5-4-1,139.7
145356,6-4-1,231.6
145356,1-5-3,52.7
145356,2-5-3,534.9
145356,3-5-2,980.8
145356,4-5-2,92
145356,5-4-2,190.4
145356,6-4-2,300.5
145356,1-5-4,26.8
145356,2-5-4,335.1
145356,3-5-4,1198
145356,4-5-3,309.5
145356,5-4-3,684.1
145356,6-4-3,688.6
145356,1-5-6,74.5
145356,2-5-6,640.7
145356,3-5-6,1403
145356,4-5-6,142.2
145356,5-4-6,414.8
145356,6-4-5,489.5
145356,1-6-2,66.3
145356,2-6-1,431.5
145356,3-6-1,1118
145356,4-6-1,178.1
145356,5-6-1,618.1
145356,6-5-1,445.8
145356,1-6-3,128.9
145356,2-6-3,903.2
145356,3-6-2,1749
145356,4-6-2,234.9
145356,5-6-2,779.7
145356,6-5-2,654.3
145356,1-6-4,78.2
145356,2-6-4,594.9
145356,3-6-4,1571
145356,4-6-3,534.3
145356,5-6-3,1093
145356,6-5-3,990.1
145356,1-6-5,138.5
145356,2-6-5,851.8
145356,3-6-5,1692
145356,4-6-5,245.9
145356,5-6-4,656.7
145356,6-5-4,603.8
145357,1-2-3,14.9
145357,2-1-3,24.6
145357,3-1-2,37.9
145357,4-1-2,250.1
145357,5-1-2,125.7
145357,6-1-2,1799
145357,1-2-4,35.7
145357,2-1-4,52.8
145357,3-1-4,38.9
145357,4-1-3,212.4
145357,5-1-3,68.4
145357,6-1-3,1319
145357,1-2-5,21.1
145357,2-1-5,33.1
145357,3-1-5,14.6
145357,4-1-5,164
145357,5-1-4,186.9
145357,6-1-4,2482
145357,1-2-6,85.9
145357,2-1-6,123.3
145357,3-1-6,60.6
145357,4-1-6,352.3
145357,5-1-6,143.7
145357,6-1-5,1478
145357,1-3-2,13.8
145357,2-3-1,47.3
145357,3-2-1,62.9
145357,4-2-1,384.9
145357,5-2-1,216.4
145357,6-2-1,2572
145357,1-3-4,20.2
145357,2-3-4,78.1
145357,3-2-4,92.5
145357,4-2-3,332.6
145357,5-2-3,186.5
145357,6-2-3,2065
145357,1-3-5,8.4
145357,2-3-5,48.3
145357,3-2-5,45.3
145357,4-2-5,258.8
145357,5-2-4,478.8
145357,6-2-4,3509
145357,1-3-6,40.7
145357,2-3-6,172
145357,3-2-6,178.6
145357,4-2-6,685.7
145357,5-2-6,461.7
145357,6-2-5,2247
145357,1-4-2,58
145357,2-4-1,126.3
145357,3-4-1,83.2
145357,4-3-1,288.1
145357,5-3-1,86.8
145357,6-3-1,1354
145357,1-4-3,51
145357,2-4-3,159.9
145357,3-4-2,135.9
145357,4-3-2,351.8
145357,5-3-2,158.7
145357,6-3-2,1672
145357,1-4-5,50.5
145357,2-4-5,165
145357,3-4-5,60.3
145357,4-3-5,189.4
145357,5-3-4,208.5
145357,6-3-4,2351
145357,1-4-6,127.5
145357,2-4-6,493.4
145357,3-4-6,157.1
145357,4-3-6,409.9
145357,5-3-6,153.6
145357,6-3-5,806
145357,1-5-2,38.4
145357,2-5-1,92.5
145357,3-5-1,28.3
145357,4-5-1,182.7
145357,5-4-1,289.7
145357,6-4-1,2861
145357,1-5-3,20.2
145357,2-5-3,101.5
145357,3-5-2,60.7
145357,4-5-2,226.5
145357,5-4-2,410.4
145357,6-4-2,2896
145357,1-5-4,61.2
145357,2-5-4,212.3
145357,3-5-4,62
145357,4-5-3,203.9
145357,5-4-3,278.4
145357,6-4-3,3031
145357,1-5-6,63.6
145357,2-5-6,340.2
145357,3-5-6,53.8
145357,4-5-6,195.5
145357,5-4-6,319.6
145357,6-4-5,1158
145357,1-6-2,280.4
145357,2-6-1,573.6
145357,3-6-1,275.2
145357,4-6-1,748.4
145357,5-6-1,414.4
145357,6-5-1,1579
145357,1-6-3,201.2
145357,2-6-3,812.4
145357,3-6-2,476.2
145357,4-6-2,1047
145357,5-6-2,613.1
145357,6-5-2,2192
145357,1-6-4,341.5
145357,2-6-4,1258
145357,3-6-4,481.4
145357,4-6-3,909.9
145357,5-6-3,322.4
145357,6-5-3,840.2
145357,1-6-5,203.2
145357,2-6-5,779.5
145357,3-6-5,179.6
145357,4-6-5,407.8
145357,5-6-4,544.7
145357,6-5-4,1111
145358,1-2-3,8.4
145358,2-1-3,119.4
145358,3-1-2,75.1
145358,4-1-2,229
145358,5-1-2,123.8
145358,6-1-2,1225
145358,1-2-4,16.5
145358,2-1-4,181.5
145358,3-1-4,56.6
145358,4-1-3,197.6
145358,5-1-3,85.6
145358,6-1-3,880.1
145358,1-2-5,14.1
145358,2-1-5,180.5
145358,3-1-5,39.8
145358,4-1-5,148.9
145358,5-1-4,146.9
145358,6-1-4,1501
145358,1-2-6,37
145358,2-1-6,289.5
145358,3-1-6,76.3
145358,4-1-6,252.2
145358,5-1-6,143.9
145358,6-1-5,1232
145358,1-3-2,8.3
145358,2-3-1,275.7
145358,3-2-1,244.6
145358,4-2-1,653
145358,5-2-1,459.5
145358,6-2-1,2155
145358,1-3-4,10.2
145358,2-3-4,621.9
145358,3-2-4,436.5
145358,4-2-3,1125
145358,5-2-3,678.8
145358,6-2-3,2790
145358,1-3-5,7
145358,2-3-5,523.2
145358,3-2-5,335.2
145358,4-2-5,825.5
145358,5-2-4,1074
145358,6-2-4,2244
145358,1-3-6,19.6
145358,2-3-6,828.7
145358,3-2-6,646.5
145358,4-2-6,1012
145358,5-2-6,823.5
145358,6-2-5,2767
145358,1-4-2,27.6
145358,2-4-1,583
145358,3-4-1,189.8
145358,4-3-1,362.8
145358,5-3-1,216.5
145358,6-3-1,1225
145358,1-4-3,22.5
145358,2-4-3,1114
145358,3-4-2,484
145358,4-3-2,918.4
145358,5-3-2,593.1
145358,6-3-2,2612
145358,1-4-5,24
145358,2-4-5,1141
145358,3-4-5,230.4
145358,4-3-5,447.5
145358,5-3-4,496.9
145358,6-3-4,2040
145358,1-4-6,44.7
145358,2-4-6,1239
145358,3-4-6,338.7
145358,4-3-6,627.3
145358,5-3-6,485.1
145358,6-3-5,1920
145358,1-5-2,21.1
145358,2-5-1,558.6
145358,3-5-1,124.3
145358,4-5-1,209.6
145358,5-4-1,329.1
145358,6-4-1,2502
145358,1-5-3,14.1
145358,2-5-3,881.2
145358,3-5-2,313
145358,4-5-2,478
145358,5-4-2,731.2
145358,6-4-2,2571
145358,1-5-4,31.4
145358,2-5-4,1340
145358,3-5-4,255.3
145358,4-5-3,421
145358,5-4-3,571.3
145358,6-4-3,2560
145358,1-5-6,36.2
145358,2-5-6,1380
145358,3-5-6,262.8
145358,4-5-6,259.8
145358,5-4-6,424.6
145358,6-4-5,1596
145358,1-6-2,123.3
145358,2-6-1,1338
145358,3-6-1,424
145358,4-6-1,655.6
145358,5-6-1,446.3
145358,6-5-1,1518
145358,1-6-3,86.7
145358,2-6-3,1961
145358,3-6-2,1081
145358,4-6-2,1054
145358,5-6-2,840.4
145358,6-5-2,2571
145358,1-6-4,145.2
145358,2-6-4,1784
145358,3-6-4,827.6
145358,4-6-3,976.1
145358,5-6-3,689.5
145358,6-5-3,1824
145358,1-6-5,113
145358,2-6-5,1709
145358,3-6-5,605.2
145358,4-6-5,513.8
145358,5-6-4,635.8
145358,6-5-4,1490
145359,1-2-3,11.1
145359,2-1-3,80.7
145359,3-1-2,201.6
145359,4-1-2,244.5
145359,5-1-2,237.5
145359,6-1-2,100
145359,1-2-4,8.8
145359,2-1-4,68.3
145359,3-1-4,249.2
145359,4-1-3,557.9
145359,5-1-3,375.7
145359,6-1-3,239.7
145359,1-2-5,16
145359,2-1-5,114.9
145359,3-1-5,249.4
145359,4-1-5,355.3
145359,5-1-4,383
145359,6-1-4,157.5
145359,1-2-6,6.8
145359,2-1-6,42.4
145359,3-1-6,152.7
145359,4-1-6,159.4
145359,5-1-6,147.3
145359,6-1-5,198.3
145359,1-3-2,20.7
145359,2-3-1,269.4
145359,3-2-1,398.3
145359,4-2-1,487.8
145359,5-2-1,584.7
145359,6-2-1,231.9
145359,1-3-4,28.8
145359,2-3-4,506.8
145359,3-2-4,830.6
145359,4-2-3,1372
145359,5-2-3,1249
145359,6-2-3,769
145359,1-3-5,31.7
145359,2-3-5,666.3
145359,3-2-5,910.3
145359,4-2-5,1221
145359,5-2-4,1340
145359,6-2-4,500.8
145359,1-3-6,15.6
145359,2-3-6,308.9
145359,3-2-6,535.7
145359,4-2-6,506.8
145359,5-2-6,592.8
145359,6-2-5,741.6
145359,1-4-2,15.8
145359,2-4-1,231.4
145359,3-4-1,500.8
145359,4-3-1,1196
145359,5-3-1,1138
145359,6-3-1,619.6
145359,1-4-3,33.6
145359,2-4-3,652.7
145359,3-4-2,1153
145359,4-3-2,1883
145359,5-3-2,1786
145359,6-3-2,1124
145359,1-4-5,29.4
145359,2-4-5,726.2
145359,3-4-5,1345
145359,4-3-5,1730
145359,5-3-4,2158
145359,6-3-4,1171
145359,1-4-6,12.6
145359,2-4-6,240.5
145359,3-4-6,634.9
145359,4-3-6,986.3
145359,5-3-6,1374
145359,6-3-5,1422
145359,1-5-2,34.4
145359,2-5-1,524.4
145359,3-5-1,857.5
145359,4-5-1,555.1
145359,5-4-1,807.9
145359,6-4-1,348.2
145359,1-5-3,55.6
145359,2-5-3,1164
145359,3-5-2,1265
145359,4-5-2,1017
145359,5-4-2,1221
145359,6-4-2,582.9
145359,1-5-4,54.2
145359,2-5-4,1185
145359,3-5-4,1545
145359,4-5-3,1324
145359,5-4-3,1564
145359,6-4-3,1035
145359,1-5-6,23
145359,2-5-6,521.2
145359,3-5-6,986.3
145359,4-5-6,385.9
145359,5-4-6,650
145359,6-4-5,792
145359,1-6-2,16.6
145359,2-6-1,168.3
145359,3-6-1,422.8
145359,4-6-1,276.6
145359,5-6-1,297.5
145359,6-5-1,385.1
145359,1-6-3,29.6
145359,2-6-3,426.6
145359,3-6-2,728.9
145359,4-6-2,454.9
145359,5-6-2,535.4
145359,6-5-2,792
145359,1-6-4,25.3
145359,2-6-4,327
145359,3-6-4,744.5
145359,4-6-3,863.2
145359,5-6-3,930.1
145359,6-5-3,1206
145359,1-6-5,33.8
145359,2-6-5,452.7
145359,3-6-5,1089
145359,4-6-5,456.7
145359,5-6-4,608.3
145359,6-5-4,871.1
145360,1-2-3,13.6
145360,2-1-3,110.1
145360,3-1-2,123.9
145360,4-1-2,57
145360,5-1-2,323.7
145360,6-1-2,900
145360,1-2-4,8.4
145360,2-1-4,73.4
145360,3-1-4,58.5
145360,4-1-3,68.3
145360,5-1-3,382.4
145360,6-1-3,1028
145360,1-2-5,28.3
145360,2-1-5,171
145360,3-1-5,129
145360,4-1-5,64.4
145360,5-1-4,266.5
145360,6-1-4,616.5
145360,1-2-6,26.9
145360,2-1-6,160.6
145360,3-1-6,121.9
145360,4-1-6,52.7
145360,5-1-6,373.8
145360,6-1-5,1293
145360,1-3-2,16.1
145360,2-3-1,233.3
145360,3-2-1,285.2
145360,4-2-1,154.4
145360,5-2-1,719.3
145360,6-2-1,1464
145360,1-3-4,7.8
145360,2-3-4,224.6
145360,3-2-4,242.8
145360,4-2-3,241.7
145360,5-2-3,1034
145360,6-2-3,1658
145360,1-3-5,25.3
145360,2-3-5,448.4
145360,3-2-5,432.1
145360,4-2-5,249.1
145360,5-2-4,728.7
145360,6-2-4,1017
145360,1-3-6,22.1
145360,2-3-6,403.7
145360,3-2-6,393
145360,4-2-6,177
145360,5-2-6,788.6
145360,6-2-5,2024
145360,1-4-2,10.6
145360,2-4-1,139.4
145360,3-4-1,110.2
145360,4-3-1,160.2
145360,5-3-1,812.7
145360,6-3-1,1501
145360,1-4-3,11.8
145360,2-4-3,220.9
145360,3-4-2,185.7
145360,4-3-2,257.6
145360,5-3-2,1223
145360,6-3-2,1848
145360,1-4-5,18.6
145360,2-4-5,268.2
145360,3-4-5,168.8
145360,4-3-5,236.3
145360,5-3-4,901.5
145360,6-3-4,1361
145360,1-4-6,15.3
145360,2-4-6,215.7
145360,3-4-6,143.1
145360,4-3-6,167.6
145360,5-3-6,1101
145360,6-3-5,2577
145360,1-5-2,55.8
145360,2-5-1,541.5
145360,3-5-1,353.9
145360,4-5-1,134.2
145360,5-4-1,369.1
145360,6-4-1,756.7
145360,1-5-3,58.1
145360,2-5-3,775.4
145360,3-5-2,546.2
145360,4-5-2,221.3
145360,5-4-2,569
145360,6-4-2,933.1
145360,1-5-4,48.3
145360,2-5-4,574.5
145360,3-5-4,360.3
145360,4-5-3,273
145360,5-4-3,634.8
145360,6-4-3,1219
145360,1-5-6,64.2
145360,2-5-6,673.4
145360,3-5-6,419.3
145360,4-5-6,127.9
145360,5-4-6,402.5
145360,6-4-5,1003
145360,1-6-2,80.3
145360,2-6-1,623
145360,3-6-1,450.1
145360,4-6-1,148.5
145360,5-6-1,853.1
145360,6-5-1,1851
145360,1-6-3,85
145360,2-6-3,923.4
145360,3-6-2,696.7
145360,4-6-2,238.4
145360,5-6-2,1062
145360,6-5-2,2075
145360,1-6-4,60.5
145360,2-6-4,552.8
145360,3-6-4,448.4
145360,4-6-3,297.2
145360,5-6-3,1251
145360,6-5-3,2535
145360,1-6-5,119.4
145360,2-6-5,829.8
145360,3-6-5,715
145360,4-6-5,204.7
145360,5-6-4,701.3
145360,6-5-4,1203
145289,1-2-3,15
145289,2-1-3,158.3
145289,3-1-2,182.3
145289,4-1-2,95.1
145289,5-1-2,115.5
145289,6-1-2,413.5
145289,1-2-4,13.7
145289,2-1-4,143.5
145289,3-1-4,145.2
145289,4-1-3,171.2
145289,5-1-3,119.3
145289,6-1-3,586.6
145289,1-2-5,15.4
145289,2-1-5,147.5
145289,3-1-5,87
145289,4-1-5,52.7
145289,5-1-4,76.6
145289,6-1-4,475.9
145289,1-2-6,42.5
145289,2-1-6,248.1
145289,3-1-6,195
145289,4-1-6,139.1
145289,5-1-6,108.7
145289,6-1-5,317.9
145289,1-3-2,15.9
145289,2-3-1,356.9
145289,3-2-1,370.9
145289,4-2-1,237.2
145289,5-2-1,286.6
145289,6-2-1,831.5
145289,1-3-4,14.3
145289,2-3-4,911.7
145289,3-2-4,840.8
145289,4-2-3,970.1
145289,5-2-3,646.7
145289,6-2-3,1645
145289,1-3-5,9
145289,2-3-5,922.8
145289,3-2-5,741.9
145289,4-2-5,427.5
145289,5-2-4,532.9
145289,6-2-4,1282
145289,1-3-6,31.9
145289,2-3-6,1261
145289,3-2-6,911.7
145289,4-2-6,957.9
145289,5-2-6,707.2
145289,6-2-5,1455
145289,1-4-2,13.2
145289,2-4-1,305.1
145289,3-4-1,285.5
145289,4-3-1,353.6
145289,5-3-1,299.1
145289,6-3-1,1129
145289,1-4-3,19.4
145289,2-4-3,756.7
145289,3-4-2,694.2
145289,4-3-2,945.9
145289,5-3-2,869.8
145289,6-3-2,1483
145289,1-4-5,14.1
145289,2-4-5,813.7
145289,3-4-5,319.3
145289,4-3-5,455.8
145289,5-3-4,556.4
145289,6-3-4,1544
145289,1-4-6,28.5
145289,2-4-6,970.1
145289,3-4-6,514.7
145289,4-3-6,749.2
145289,5-3-6,372.7
145289,6-3-5,470
145289,1-5-2,18.3
145289,2-5-1,303.9
145289,3-5-1,168.5
145289,4-5-1,88.1
145289,5-4-1,100.3
145289,6-4-1,957.9
145289,1-5-3,15.6
145289,2-5-3,922.8
145289,3-5-2,518.3
145289,4-5-2,276.1
145289,5-4-2,319.3
145289,6-4-2,1544
145289,1-5-4,17.9
145289,2-5-4,831.5
145289,3-5-4,316.6
145289,4-5-3,345.5
145289,5-4-3,380.2
145289,6-4-3,1401
145289,1-5-6,21.8
145289,2-5-6,970.1
145289,3-5-6,242.5
145289,4-5-6,140.1
145289,5-4-6,181.9
145289,6-4-5,595.8
145289,1-6-2,81
145289,2-6-1,831.5
145289,3-6-1,600.5
145289,4-6-1,306.3
145289,5-6-1,220.6
145289,6-5-1,415.7
145289,1-6-3,83.7
145289,2-6-3,1427
145289,3-6-2,1513
145289,4-6-2,756.7
145289,5-6-2,694.2
145289,6-5-2,1036
145289,1-6-4,76
145289,2-6-4,1455
145289,3-6-4,1009
145289,4-6-3,749.2
145289,5-6-3,350.3
145289,6-5-3,455.8
145289,1-6-5,61.4
145289,2-6-5,1351
145289,3-6-5,370.9
145289,4-6-5,277.1
145289,5-6-4,315.3
145289,6-5-4,472.9
145290,1-2-3,11.4
145290,2-1-3,24.3
145290,3-1-2,53.9
145290,4-1-2,55.6
145290,5-1-2,1457
145290,6-1-2,440
145290,1-2-4,8.8
145290,2-1-4,15.8
145290,3-1-4,43.1
145290,4-1-3,81.2
145290,5-1-3,1395
145290,6-1-3,571.2
145290,1-2-5,115.8
145290,2-1-5,235.9
145290,3-1-5,269.8
145290,4-1-5,211.4
145290,5-1-4,948.4
145290,6-1-4,428.4
145290,1-2-6,42.2
145290,2-1-6,52.6
145290,3-1-6,107.7
145290,4-1-6,88
145290,5-1-6,1684
145290,6-1-5,1320
145290,1-3-2,18
145290,2-3-1,45.2
145290,3-2-1,57.4
145290,4-2-1,63.1
145290,5-2-1,1338
145290,6-2-1,490.8
145290,1-3-4,17.6
145290,2-3-4,23.6
145290,3-2-4,41.5
145290,4-2-3,57.8
145290,5-2-3,1252
145290,6-2-3,275.9
145290,1-3-5,163.3
145290,2-3-5,193.4
145290,3-2-5,274.3
145290,4-2-5,211.4
145290,5-2-4,763.1
145290,6-2-4,210.5
145290,1-3-6,63.3
145290,2-3-6,49.6
145290,3-2-6,80.5
145290,4-2-6,51.2
145290,5-2-6,1176
145290,6-2-5,1085
145290,1-4-2,16.6
145290,2-4-1,30.6
145290,3-4-1,64.9
145290,4-3-1,91.3
145290,5-3-1,1550
145290,6-3-1,849.4
145290,1-4-3,25.6
145290,2-4-3,26.5
145290,3-4-2,54
145290,4-3-2,85.6
145290,5-3-2,1744
145290,6-3-2,323.4
145290,1-4-5,145.1
145290,2-4-5,154.3
145290,3-4-5,151.9
145290,4-3-5,198.5
145290,5-3-4,872.1
145290,6-3-4,355.2
145290,1-4-6,49.9
145290,2-4-6,28.9
145290,3-4-6,66
145290,4-3-6,91.4
145290,5-3-6,2220
145290,6-3-5,1878
145290,1-5-2,247.9
145290,2-5-1,602.9
145290,3-5-1,581.4
145290,4-5-1,255
145290,5-4-1,781.4
145290,6-4-1,539.6
145290,1-5-3,403.6
145290,2-5-3,490.8
145290,3-5-2,571.2
145290,4-5-2,271.3
145290,5-4-2,769.1
145290,6-4-2,244.2
145290,1-5-4,375.7
145290,2-5-4,432.2
145290,3-5-4,383
145290,4-5-3,276.7
145290,5-4-3,678.3
145290,6-4-3,397
145290,1-5-6,588.4
145290,2-5-6,454.3
145290,3-5-6,555
145290,4-5-6,204.3
145290,5-4-6,634.3
145290,6-4-5,673.6
145290,1-6-2,126.3
145290,2-6-1,161.7
145290,3-6-1,273.6
145290,4-6-1,132.5
145290,5-6-1,1655
145290,6-5-1,2504
145290,1-6-3,181.9
145290,2-6-3,96.6
145290,3-6-2,191.5
145290,4-6-2,100.1
145290,5-6-2,1162
145290,6-5-2,1502
145290,1-6-4,162.8
145290,2-6-4,65.8
145290,3-6-4,135.6
145290,4-6-3,131.2
145290,5-6-3,1713
145290,6-5-3,2382
145290,1-6-5,581.4
145290,2-6-5,454.3
145290,3-6-5,638.4
145290,4-6-5,241.7
145290,5-6-4,842.1
145290,6-5-4,1017
145291,1-2-3,36.1
145291,2-1-3,43.3
145291,3-1-2,97.9
145291,4-1-2,62.7
145291,5-1-2,90
145291,6-1-2,383.4
145291,1-2-4,14.2
145291,2-1-4,20.9
145291,3-1-4,139
145291,4-1-3,198.6
145291,5-1-3,355.1
145291,6-1-3,812.3
145291,1-2-5,16.3
145291,2-1-5,17
145291,3-1-5,120.4
145291,4-1-5,72.6
145291,5-1-4,157.4
145291,6-1-4,543.3
145291,1-2-6,40.2
145291,2-1-6,41.4
145291,3-1-6,367.9
145291,4-1-6,167.4
145291,5-1-6,221.7
145291,6-1-5,503.3
145291,1-3-2,47.4
145291,2-3-1,76.8
145291,3-2-1,84.9
145291,4-2-1,58.7
145291,5-2-1,80.7
145291,6-2-1,406.1
145291,1-3-4,78.5
145291,2-3-4,78.5
145291,3-2-4,67
145291,4-2-3,126.8
145291,5-2-3,223.5
145291,6-2-3,626.3
145291,1-3-5,77.1
145291,2-3-5,59.4
145291,3-2-5,54.5
145291,4-2-5,36.8
145291,5-2-4,86
145291,6-2-4,199.6
145291,1-3-6,130.2
145291,2-3-6,118.9
145291,3-2-6,140.4
145291,4-2-6,86.6
145291,5-2-6,94.6
145291,6-2-5,266.3
145291,1-4-2,32.8
145291,2-4-1,53.3
145291,3-4-1,152.2
145291,4-3-1,199.1
145291,5-3-1,445.9
145291,6-3-1,1139
145291,1-4-3,135.3
145291,2-4-3,100
145291,3-4-2,97.6
145291,4-3-2,172.3
145291,5-3-2,255.6
145291,6-3-2,882.2
145291,1-4-5,47.7
145291,2-4-5,26.5
145291,3-4-5,126.6
145291,4-3-5,166.4
145291,5-3-4,328.2
145291,6-3-4,1390
145291,1-4-6,90.2
145291,2-4-6,50.3
145291,3-4-6,240.6
145291,4-3-6,436.4
145291,5-3-6,438.7
145291,6-3-5,845.8
145291,1-5-2,36.8
145291,2-5-1,37.3
145291,3-5-1,135.1
145291,4-5-1,84.4
145291,5-4-1,179.5
145291,6-4-1,707.3
145291,1-5-3,119
145291,2-5-3,87.6
145291,3-5-2,83.8
145291,4-5-2,37.2
145291,5-4-2,91.1
145291,6-4-2,218.8
145291,1-5-4,57
145291,2-5-4,35.4
145291,3-5-4,130.4
145291,4-5-3,148.1
145291,5-4-3,336.2
145291,6-4-3,901.6
145291,1-5-6,100.6
145291,2-5-6,51
145291,3-5-6,198.1
145291,4-5-6,60.1
145291,5-4-6,114.2
145291,6-4-5,315.5
145291,1-6-2,119
145291,2-6-1,139.7
145291,3-6-1,577.8
145291,4-6-1,251.6
145291,5-6-1,223.5
145291,6-5-1,547
145291,1-6-3,285.8
145291,2-6-3,235.7
145291,3-6-2,356.7
145291,4-6-2,129.8
145291,5-6-2,150.8
145291,6-5-2,266.3
145291,1-6-4,158.3
145291,2-6-4,84
145291,3-6-4,603.3
145291,4-6-3,471.5
145291,5-6-3,363
145291,6-5-3,713.4
145291,1-6-5,165.4
145291,2-6-5,87
145291,3-6-5,367.9
145291,4-6-5,142.6
145291,5-6-4,136.2
145291,6-5-4,310.7
145292,1-2-3,11.1
145292,2-1-3,19.6
145292,3-1-2,105.3
145292,4-1-2,51.1
145292,5-1-2,374.6
145292,6-1-2,889.7
145292,1-2-4,12
145292,2-1-4,16.4
145292,3-1-4,81.5
145292,4-1-3,82.5
145292,5-1-3,526.3
145292,6-1-3,1346
145292,1-2-5,28.4
145292,2-1-5,46.4
145292,3-1-5,134.6
145292,4-1-5,76.6
145292,5-1-4,332.1
145292,6-1-4,1115
145292,1-2-6,37.7
145292,2-1-6,72.4
145292,3-1-6,191.6
145292,4-1-6,108.3
145292,5-1-6,559.8
145292,6-1-5,1525
145292,1-3-2,20.8
145292,2-3-1,41.9
145292,3-2-1,111.1
145292,4-2-1,59.8
145292,5-2-1,414
145292,6-2-1,1346
145292,1-3-4,23.1
145292,2-3-4,23.3
145292,3-2-4,64.7
145292,4-2-3,68.1
145292,5-2-3,479.1
145292,6-2-3,1132
145292,1-3-5,52.1
145292,2-3-5,57.1
145292,3-2-5,100.7
145292,4-2-5,50.6
145292,5-2-4,231
145292,6-2-4,844.5
145292,1-3-6,67.2
145292,2-3-6,92.5
145292,3-2-6,144.5
145292,4-2-6,85.6
145292,5-2-6,499.9
145292,6-2-5,1358
145292,1-4-2,20.3
145292,2-4-1,32.1
145292,3-4-1,86.2
145292,4-3-1,109.1
145292,5-3-1,655.6
145292,6-3-1,2020
145292,1-4-3,32.7
145292,2-4-3,32.3
145292,3-4-2,83
145292,4-3-2,100.5
145292,5-3-2,664.3
145292,6-3-2,1679
145292,1-4-5,45.8
145292,2-4-5,38.9
145292,3-4-5,117.1
145292,4-3-5,144.5
145292,5-3-4,600.3
145292,6-3-4,1607
145292,1-4-6,62
145292,2-4-6,61.8
145292,3-4-6,153.7
145292,4-3-6,192.8
145292,5-3-6,1186
145292,6-3-5,2020
145292,1-5-2,90.7
145292,2-5-1,119.3
145292,3-5-1,284.1
145292,4-5-1,88.5
145292,5-4-1,285.8
145292,6-4-1,1346
145292,1-5-3,136.5
145292,2-5-3,129.5
145292,3-5-2,219.5
145292,4-5-2,66.8
145292,5-4-2,222.1
145292,6-4-2,869.1
145292,1-5-4,108
145292,2-5-4,81.2
145292,3-5-4,230.6
145292,4-5-3,104.9
145292,5-4-3,402.9
145292,6-4-3,1423
145292,1-5-6,174.8
145292,2-5-6,203.6
145292,3-5-6,363.7
145292,4-5-6,97.4
145292,5-4-6,302.6
145292,6-4-5,1149
145292,1-6-2,137.6
145292,2-6-1,257.2
145292,3-6-1,508.4
145292,4-6-1,235.7
145292,5-6-1,1067
145292,6-5-1,2198
145292,1-6-3,181.4
145292,2-6-3,268.3
145292,3-6-2,439.6
145292,4-6-2,205
145292,5-6-2,854.2
145292,6-5-2,1451
145292,1-6-4,190.9
145292,2-6-4,232.1
145292,3-6-4,442.2
145292,4-6-3,306.3
145292,5-6-3,1277
145292,6-5-3,2299
145292,1-6-5,270.3
145292,2-6-5,361
145292,3-6-5,526.3
145292,4-6-5,217.2
145292,5-6-4,664.3
145292,6-5-4,1423
145293,1-2-3,14.4
145293,2-1-3,114
145293,3-1-2,67.2
145293,4-1-2,115.6
145293,5-1-2,196.2
145293,6-1-2,1712
145293,1-2-4,28.8
145293,2-1-4,215.2
145293,3-1-4,25.1
145293,4-1-3,48.8
145293,5-1-3,129.7
145293,6-1-3,939.4
145293,1-2-5,34.3
145293,2-1-5,208.5
145293,3-1-5,31.9
145293,4-1-5,42
145293,5-1-4,128.8
145293,6-1-4,1138
145293,1-2-6,66.5
145293,2-1-6,386.2
145293,3-1-6,94.4
145293,4-1-6,85.8
145293,5-1-6,140.6
145293,6-1-5,1256
145293,1-3-2,9.1
145293,2-3-1,274.8
145293,3-2-1,253.9
145293,4-2-1,339.5
145293,5-2-1,513.3
145293,6-2-1,3949
145293,1-3-4,5.7
145293,2-3-4,656
145293,3-2-4,466.3
145293,4-2-3,460.7
145293,5-2-3,786.6
145293,6-2-3,4500
145293,1-3-5,9.1
145293,2-3-5,658.2
145293,3-2-5,590
145293,4-2-5,466.3
145293,5-2-4,856.3
145293,6-2-4,3721
145293,1-3-6,30.3
145293,2-3-6,1099
145293,3-2-6,925.9
145293,4-2-6,604.7
145293,5-2-6,930.4
145293,6-2-5,4500
145293,1-4-2,28.9
145293,2-4-1,562.5
145293,3-4-1,59.6
145293,4-3-1,78.2
145293,5-3-1,296.3
145293,6-3-1,2250
145293,1-4-3,13.6
145293,2-4-3,744.3
145293,3-4-2,234.8
145293,4-3-2,294.5
145293,5-3-2,977.4
145293,6-3-2,5691
145293,1-4-5,19.8
145293,2-4-5,1063
145293,3-4-5,97.5
145293,4-3-5,118.3
145293,5-3-4,397.3
145293,6-3-4,2199
145293,1-4-6,46.7
145293,2-4-6,1573
145293,3-4-6,195.8
145293,4-3-6,213.6
145293,5-3-6,557.7
145293,6-3-5,2845
145293,1-5-2,42.9
145293,2-5-1,703.7
145293,3-5-1,151.5
145293,4-5-1,41.2
145293,5-4-1,138.4
145293,6-4-1,1573
145293,1-5-3,27.9
145293,2-5-3,1087
145293,3-5-2,533.1
145293,4-5-2,190.2
145293,5-4-2,415.2
145293,6-4-2,4207
145293,1-5-4,37.8
145293,2-5-4,1523
145293,3-5-4,209.8
145293,4-5-3,96.5
145293,5-4-3,244
145293,6-4-3,2250
145293,1-5-6,62.6
145293,2-5-6,1511
145293,3-5-6,378.7
145293,4-5-6,75.8
145293,5-4-6,176.4
145293,6-4-5,1112
145293,1-6-2,162.2
145293,2-6-1,1412
145293,3-6-1,498.7
145293,4-6-1,215.7
145293,5-6-1,401.5
145293,6-5-1,1878
145293,1-6-3,102.8
145293,2-6-3,2845
145293,3-6-2,1599
145293,4-6-2,584.6
145293,5-6-2,1325
145293,6-5-2,4207
145293,1-6-4,147.3
145293,2-6-4,2513
145293,3-6-4,638.7
145293,4-6-3,358.3
145293,5-6-3,647.2
145293,6-5-3,2615
145293,1-6-5,149
145293,2-6-5,2058
145293,3-6-5,716.7
145293,4-6-5,210.1
145293,5-6-4,430
145293,6-5-4,1145
145294,1-2-3,58.4
145294,2-1-3,196.9
145294,3-1-2,72.4
145294,4-1-2,70.5
145294,5-1-2,789.9
145294,6-1-2,1366
145294,1-2-4,60.2
145294,2-1-4,224.7
145294,3-1-4,13.6
145294,4-1-3,25.8
145294,5-1-3,425.7
145294,6-1-3,848.8
145294,1-2-5,206.4
145294,2-1-5,496.9
145294,3-1-5,57.2
145294,4-1-5,47.2
145294,5-1-4,333.3
145294,6-1-4,540.1
145294,1-2-6,187.7
145294,2-1-6,443.7
145294,3-1-6,42.6
145294,4-1-6,31.3
145294,5-1-6,455.5
145294,6-1-5,1423
145294,1-3-2,28.3
145294,2-3-1,214.8
145294,3-2-1,166
145294,4-2-1,134.2
145294,5-2-1,1231
145294,6-2-1,1952
145294,1-3-4,10.3
145294,2-3-4,138.1
145294,3-2-4,107.1
145294,4-2-3,120.9
145294,5-2-3,1666
145294,6-2-3,1501
145294,1-3-5,44.1
145294,2-3-5,562.3
145294,3-2-5,326.9
145294,4-2-5,194.6
145294,5-2-4,1076
145294,6-2-4,1708
145294,1-3-6,36.7
145294,2-3-6,316.3
145294,3-2-6,269
145294,4-2-6,106.6
145294,5-2-6,1453
145294,6-2-5,2440
145294,1-4-2,29.9
145294,2-4-1,299.6
145294,3-4-1,14.4
145294,4-3-1,22.9
145294,5-3-1,517.6
145294,6-3-1,955.6
145294,1-4-3,14.5
145294,2-4-3,169.1
145294,3-4-2,53.2
145294,4-3-2,69.1
145294,5-3-2,1408
145294,6-3-2,1589
145294,1-4-5,45.2
145294,2-4-5,535.9
145294,3-4-5,28.2
145294,4-3-5,36.2
145294,5-3-4,336.6
145294,6-3-4,292.6
145294,1-4-6,36.3
145294,2-4-6,386
145294,3-4-6,16.8
145294,4-3-6,20.6
145294,5-3-6,673.2
145294,6-3-5,1339
145294,1-5-2,292.6
145294,2-5-1,1277
145294,3-5-1,173.6
145294,4-5-1,47.7
145294,5-4-1,251.6
145294,6-4-1,498.7
145294,1-5-3,181.7
145294,2-5-3,1423
145294,3-5-2,318.5
145294,4-5-2,99.9
145294,5-4-2,591.6
145294,6-4-2,1220
145294,1-5-4,152.1
145294,2-5-4,1198
145294,3-5-4,97.6
145294,4-5-3,52.7
145294,5-4-3,249.3
145294,6-4-3,309.1
145294,1-5-6,280.6
145294,2-5-6,1774
145294,3-5-6,170.8
145294,4-5-6,31.4
145294,5-4-6,245.3
145294,6-4-5,669.9
145294,1-6-2,337.4
145294,2-6-1,1366
145294,3-6-1,159
145294,4-6-1,45.9
145294,5-6-1,697.2
145294,6-5-1,2070
145294,1-6-3,181.4
145294,2-6-3,1380
145294,3-6-2,309.1
145294,4-6-2,105.4
145294,5-6-2,1570
145294,6-5-2,2789
145294,1-6-4,172.9
145294,2-6-4,1138
145294,3-6-4,78.5
145294,4-6-3,40.9
145294,5-6-3,726.9
145294,6-5-3,1552
145294,1-6-5,412.8
145294,2-6-5,1980
145294,3-6-5,243.6
145294,4-6-5,57.6
145294,5-6-4,457
145294,6-5-4,976.1
145295,1-2-3,44.2
145295,2-1-3,154.6
145295,3-1-2,53.7
145295,4-1-2,143
145295,5-1-2,408.8
145295,6-1-2,898.6
145295,1-2-4,57.7
145295,2-1-4,197.2
145295,3-1-4,15.9
145295,4-1-3,33
145295,5-1-3,179.7
145295,6-1-3,391.9
145295,1-2-5,96.4
145295,2-1-5,281.8
145295,3-1-5,25.2
145295,4-1-5,87.1
145295,5-1-4,291.3
145295,6-1-4,610.6
145295,1-2-6,152.4
145295,2-1-6,425.2
145295,3-1-6,34.7
145295,4-1-6,51.8
145295,5-1-6,359.4
145295,6-1-5,814.1
145295,1-3-2,28
145295,2-3-1,214
145295,3-2-1,94
145295,4-2-1,235.1
145295,5-2-1,557
145295,6-2-1,1642
145295,1-3-4,12.5
145295,2-3-4,148.3
145295,3-2-4,76
145295,4-2-3,139
145295,5-2-3,506.6
145295,6-2-3,1322
145295,1-3-5,19.1
145295,2-3-5,292.1
145295,3-2-5,110.7
145295,4-2-5,244.8
145295,5-2-4,744.1
145295,6-2-4,2026
145295,1-3-6,45.1
145295,2-3-6,436.9
145295,3-2-6,180.4
145295,4-2-6,221.5
145295,5-2-6,680.3
145295,6-2-5,1488
145295,1-4-2,60.3
145295,2-4-1,304.3
145295,3-4-1,18.1
145295,4-3-1,31.9
145295,5-3-1,168.5
145295,6-3-1,457.9
145295,1-4-3,23.8
145295,2-4-3,205.7
145295,3-4-2,41.8
145295,4-3-2,79.3
145295,5-3-2,421.4
145295,6-3-2,881.9
145295,1-4-5,53.6
145295,2-4-5,498.7
145295,3-4-5,13.9
145295,4-3-5,33.1
145295,5-3-4,127.1
145295,6-3-4,308.2
145295,1-4-6,66
145295,2-4-6,610.6
145295,3-4-6,19.8
145295,4-3-6,25.7
145295,5-3-6,220.4
145295,6-3-5,423.3
145295,1-5-2,168.8
145295,2-5-1,610.6
145295,3-5-1,49.2
145295,4-5-1,107
145295,5-4-1,280.1
145295,6-4-1,695.2
145295,1-5-3,66.4
145295,2-5-3,716.2
145295,3-5-2,125.3
145295,4-5-2,232.8
145295,5-4-2,355.4
145295,6-4-2,469.2
145295,1-5-4,106.3
145295,2-5-4,915.9
145295,3-5-4,26.8
145295,4-5-3,61.1
145295,5-4-3,143.6
145295,6-4-3,320.7
145295,1-5-6,173.5
145295,2-5-6,982
145295,3-5-6,48.3
145295,4-5-6,86
145295,5-4-6,268.3
145295,6-4-5,547.4
145295,1-6-2,307.2
145295,2-6-1,1221
145295,3-6-1,104.2
145295,4-6-1,109.9
145295,5-6-1,478.6
145295,6-5-1,1205
145295,1-6-3,142.5
145295,2-6-3,1322
145295,3-6-2,267.5
145295,4-6-2,329.6
145295,5-6-2,814.1
145295,6-5-2,1360
145295,1-6-4,198
145295,2-6-4,1488
145295,3-6-4,68.6
145295,4-6-3,75.1
145295,5-6-3,318.5
145295,6-5-3,541.2
145295,1-6-5,318.5
145295,2-6-5,1731
145295,3-6-5,107.1
145295,4-6-5,149
145295,5-6-4,432.9
145295,6-5-4,780.7
145296,1-2-3,18.4
145296,2-1-3,20.1
145296,3-1-2,40.1
145296,4-1-2,222.6
145296,5-1-2,108.7
145296,6-1-2,2233
145296,1-2-4,30.7
145296,2-1-4,33.4
145296,3-1-4,38.2
145296,4-1-3,258.2
145296,5-1-3,103.5
145296,6-1-3,1793
145296,1-2-5,25.8
145296,2-1-5,25.3
145296,3-1-5,22.8
145296,4-1-5,235.3
145296,5-1-4,171.8
145296,6-1-4,2158
145296,1-2-6,215.8
145296,2-1-6,349.8
145296,3-1-6,396.6
145296,4-1-6,795.8
145296,5-1-6,361.7
145296,6-1-5,1768
145296,1-3-2,18.6
145296,2-3-1,39.7
145296,3-2-1,57.4
145296,4-2-1,201.4
145296,5-2-1,91
145296,6-2-1,2961
145296,1-3-4,31.6
145296,2-3-4,26.8
145296,3-2-4,35.1
145296,4-2-3,149.4
145296,5-2-3,45.7
145296,6-2-3,2315
145296,1-3-5,26.3
145296,2-3-5,16.7
145296,3-2-5,21.2
145296,4-2-5,136
145296,5-2-4,90.1
145296,6-2-4,4547
145296,1-3-6,284.8
145296,2-3-6,300.3
145296,3-2-6,332.4
145296,4-2-6,670.1
145296,5-2-6,216.9
145296,6-2-5,2273
145296,1-4-2,66.7
145296,2-4-1,81.2
145296,3-4-1,93.2
145296,4-3-1,239.3
145296,5-3-1,95.2
145296,6-3-1,2402
145296,1-4-3,71.4
145296,2-4-3,56.8
145296,3-4-2,57.1
145296,4-3-2,148
145296,5-3-2,61.1
145296,6-3-2,1845
145296,1-4-5,82.5
145296,2-4-5,52.7
145296,3-4-5,39.5
145296,4-3-5,103
145296,5-3-4,80.2
145296,6-3-4,3979
145296,1-4-6,346.9
145296,2-4-6,393
145296,3-4-6,352.7
145296,4-3-6,546.4
145296,5-3-6,263.6
145296,6-3-5,2448
145296,1-5-2,49.2
145296,2-5-1,48.4
145296,3-5-1,51.7
145296,4-5-1,178
145296,5-4-1,202.1
145296,6-4-1,3537
145296,1-5-3,53.6
145296,2-5-3,26.9
145296,3-5-2,27.2
145296,4-5-2,114.1
145296,5-4-2,123
145296,6-4-2,5093
145296,1-5-4,102.5
145296,2-5-4,49.3
145296,3-5-4,36
145296,4-5-3,92.1
145296,5-4-3,105.4
145296,6-4-3,4107
145296,1-5-6,402.9
145296,2-5-6,272.6
145296,3-5-6,261.4
145296,4-5-6,292.7
145296,5-4-6,279.8
145296,6-4-5,2598
145296,1-6-2,639.8
145296,2-6-1,987
145296,3-6-1,896.7
145296,4-6-1,1136
145296,5-6-1,558.4
145296,6-5-1,2448
145296,1-6-3,749
145296,2-6-3,837.7
145296,3-6-2,979.4
145296,4-6-2,1498
145296,5-6-2,418.8
145296,6-5-2,1929
145296,1-6-4,936.2
145296,2-6-4,1079
145296,3-6-4,1116
145296,4-6-3,1340
145296,5-6-3,449.9
145296,6-5-3,2195
145296,1-6-5,979.4
145296,2-6-5,994.7
145296,3-6-5,950.2
145296,4-6-5,987
145296,5-6-4,495.4
145296,6-5-4,2546
145297,1-2-3,52.2
145297,2-1-3,333.2
145297,3-1-2,58.2
145297,4-1-2,0
145297,5-1-2,499.1
145297,6-1-2,186.4
145297,1-2-4,0
145297,2-1-4,0
145297,3-1-4,0
145297,4-1-3,0
145297,5-1-3,116.7
145297,6-1-3,43
145297,1-2-5,173.1
145297,2-1-5,960.5
145297,3-1-5,9.3
145297,4-1-5,0
145297,5-1-4,0
145297,6-1-4,0
145297,1-2-6,114.5
145297,2-1-6,788.3
145297,3-1-6,4.3
145297,4-1-6,0
145297,5-1-6,132.3
145297,6-1-5,97.2
145297,1-3-2,28.8
145297,2-3-1,423.3
145297,3-2-1,169
145297,4-2-1,0
145297,5-2-1,846.7
145297,6-2-1,531.6
145297,1-3-4,0
145297,2-3-4,0
145297,3-2-4,0
145297,4-2-3,0
145297,5-2-3,921.8
145297,6-2-3,552.2
145297,1-3-5,8.4
145297,2-3-5,907.2
145297,3-2-5,252.8
145297,4-2-5,0
145297,5-2-4,0
145297,6-2-4,0
145297,1-3-6,4.4
145297,2-3-6,1131
145297,3-2-6,174.5
145297,4-2-6,0
145297,5-2-6,804.9
145297,6-2-5,879.3
145297,1-4-2,0
145297,2-4-1,0
145297,3-4-1,0
145297,4-3-1,0
145297,5-3-1,121.7
145297,6-3-1,39.9
145297,1-4-3,0
145297,2-4-3,0
145297,3-4-2,0
145297,4-3-2,0
145297,5-3-2,521.9
145297,6-3-2,253.4
145297,1-4-5,0
145297,2-4-5,0
145297,3-4-5,0
145297,4-3-5,0
145297,5-3-4,0
145297,6-3-4,0
145297,1-4-6,0
145297,2-4-6,0
145297,3-4-6,0
145297,4-3-6,0
145297,5-3-6,96.2
145297,6-3-5,75.3
145297,1-5-2,182
145297,2-5-1,1029
145297,3-5-1,26.7
145297,4-5-1,0
145297,5-4-1,0
145297,6-4-1,0
145297,1-5-3,37.3
145297,2-5-3,1284
145297,3-5-2,167.3
145297,4-5-2,0
145297,5-4-2,0
145297,6-4-2,0
145297,1-5-4,0
145297,2-5-4,0
145297,3-5-4,0
145297,4-5-3,0
145297,5-4-3,0
145297,6-4-3,0
145297,1-5-6,52.6
145297,2-5-6,1329
145297,3-5-6,21.4
145297,4-5-6,0
145297,5-4-6,0
145297,6-4-5,0
145297,1-6-2,94.1
145297,2-6-1,1078
145297,3-6-1,11.7
145297,4-6-1,0
145297,5-6-1,147.6
145297,6-5-1,169.5
145297,1-6-3,17.3
145297,2-6-3,1329
145297,3-6-2,121.8
145297,4-6-2,0
145297,5-6-2,539.1
145297,6-5-2,472.3
145297,1-6-4,0
145297,2-6-4,0
145297,3-6-4,0
145297,4-6-3,0
145297,5-6-3,112
145297,6-5-3,121.7
145297,1-6-5,46
145297,2-6-5,1360
145297,3-6-5,19.1
145297,4-6-5,0
145297,5-6-4,0
145297,6-5-4,0
145298,1-2-3,11.5
145298,2-1-3,59.6
145298,3-1-2,328.4
145298,4-1-2,469.5
145298,5-1-2,29
145298,6-1-2,158.3
145298,1-2-4,12.2
145298,2-1-4,58.8
145298,3-1-4,677.6
145298,4-1-3,1056
145298,5-1-3,132.2
145298,6-1-3,624.8
145298,1-2-5,5.2
145298,2-1-5,23.5
145298,3-1-5,410.7
145298,4-1-5,468.2
145298,5-1-4,112.5
145298,6-1-4,577.6
145298,1-2-6,11.1
145298,2-1-6,35.4
145298,3-1-6,514.7
145298,4-1-6,610.6
145298,5-1-6,31.9
145298,6-1-5,171.2
145298,1-3-2,28
145298,2-3-1,273.5
145298,3-2-1,750.4
145298,4-2-1,666.3
145298,5-2-1,60.7
145298,6-2-1,142.2
145298,1-3-4,70.2
145298,2-3-4,555.6
145298,3-2-4,1327
145298,4-2-3,1867
145298,5-2-3,319.2
145298,6-2-3,997.4
145298,1-3-5,32.7
145298,2-3-5,425.9
145298,3-2-5,840.8
145298,4-2-5,704.3
145298,5-2-4,269.4
145298,6-2-4,955.9
145298,1-3-6,64.5
145298,2-3-6,516.3
145298,3-2-6,1198
145298,4-2-6,939.1
145298,5-2-6,73.3
145298,6-2-5,173
145298,1-4-2,46.6
145298,2-4-1,298.5
145298,3-4-1,1384
145298,4-3-1,1446
145298,5-3-1,642.3
145298,6-3-1,1138
145298,1-4-3,114.4
145298,2-4-3,716.9
145298,3-4-2,1982
145298,4-3-2,2549
145298,5-3-2,815.1
145298,6-3-2,1745
145298,1-4-5,63.4
145298,2-4-5,393.6
145298,3-4-5,2509
145298,4-3-5,2261
145298,5-3-4,1360
145298,6-3-4,2396
145298,1-4-6,91.9
145298,2-4-6,523.1
145298,3-4-6,2676
145298,4-3-6,2919
145298,5-3-6,710.5
145298,6-3-5,1590
145298,1-5-2,9.5
145298,2-5-1,62.2
145298,3-5-1,671.9
145298,4-5-1,533.5
145298,5-4-1,399.4
145298,6-4-1,1295
145298,1-5-3,34.1
145298,2-5-3,297.3
145298,3-5-2,912.4
145298,4-5-2,594.7
145298,5-4-2,569.4
145298,6-4-2,1784
145298,1-5-4,39.9
145298,2-5-4,247.4
145298,3-5-4,1605
145298,4-5-3,1338
145298,5-4-3,1254
145298,6-4-3,2549
145298,1-5-6,15.7
145298,2-5-6,87.2
145298,3-5-6,979.2
145298,4-5-6,446
145298,5-4-6,418.2
145298,6-4-5,1063
145298,1-6-2,38.4
145298,2-6-1,103.3
145298,3-6-1,1338
145298,4-6-1,1016
145298,5-6-1,53
145298,6-5-1,175.8
145298,1-6-3,115.7
145298,2-6-3,521.4
145298,3-6-2,2632
145298,4-6-2,1500
145298,5-6-2,70.6
145298,6-5-2,161
145298,1-6-4,107.2
145298,2-6-4,482.2
145298,3-6-4,3416
145298,4-6-3,2549
145298,5-6-3,361.6
145298,6-5-3,811
145298,1-6-5,45.7
145298,2-6-5,139.8
145298,3-6-5,2170
145298,4-6-5,811
145298,5-6-4,273.5
145298,6-5-4,669.1
145299,1-2-3,28.1
145299,2-1-3,121.8
145299,3-1-2,62.6
145299,4-1-2,72.8
145299,5-1-2,444.7
145299,6-1-2,644.8
145299,1-2-4,24.8
145299,2-1-4,96.4
145299,3-1-4,11.9
145299,4-1-3,46.4
145299,5-1-3,212.7
145299,6-1-3,426.6
145299,1-2-5,74.9
145299,2-1-5,241.2
145299,3-1-5,28
145299,4-1-5,42.9
145299,5-1-4,204.7
145299,6-1-4,503.5
145299,1-2-6,112.2
145299,2-1-6,391.7
145299,3-1-6,57.9
145299,4-1-6,66.2
145299,5-1-6,367.6
145299,6-1-5,560.7
145299,1-3-2,17.6
145299,2-3-1,225
145299,3-2-1,158.1
145299,4-2-1,186
145299,5-2-1,1081
145299,6-2-1,1074
145299,1-3-4,6
145299,2-3-4,233.5
145299,3-2-4,112.7
145299,4-2-3,299.4
145299,5-2-3,1299
145299,6-2-3,2122
145299,1-3-5,11.3
145299,2-3-5,568.3
145299,3-2-5,304.8
145299,4-2-5,520.7
145299,5-2-4,1397
145299,6-2-4,2235
145299,1-3-6,24.9
145299,2-3-6,1088
145299,3-2-6,469.6
145299,4-2-6,687.1
145299,5-2-6,1309
145299,6-2-5,1538
145299,1-4-2,22.2
145299,2-4-1,197.4
145299,3-4-1,32.8
145299,4-3-1,82.1
145299,5-3-1,324.3
145299,6-3-1,642.4
145299,1-4-3,9.2
145299,2-4-3,287.1
145299,3-4-2,99.3
145299,4-3-2,268.2
145299,5-3-2,891.8
145299,6-3-2,1676
145299,1-4-5,16.2
145299,2-4-5,605.2
145299,3-4-5,65.2
145299,4-3-5,133.8
145299,5-3-4,433.2
145299,6-3-4,986.2
145299,1-4-6,30.5
145299,2-4-6,958
145299,3-4-6,95
145299,4-3-6,191.6
145299,5-3-6,710.4
145299,6-3-5,1374
145299,1-5-2,95.8
145299,2-5-1,825.9
145299,3-5-1,118.9
145299,4-5-1,76
145299,5-4-1,288.5
145299,6-4-1,689.9
145299,1-5-3,48.2
145299,2-5-3,1320
145299,3-5-2,349.3
145299,4-5-2,286.1
145299,5-4-2,868.7
145299,6-4-2,1643
145299,1-5-4,51.3
145299,2-5-4,1206
145299,3-5-4,153.5
145299,4-5-3,158.9
145299,5-4-3,425.5
145299,6-4-3,1047
145299,1-5-6,90.8
145299,2-5-6,1783
145299,3-5-6,260.3
145299,4-5-6,111.1
145299,5-4-6,425.5
145299,6-4-5,802.2
145299,1-6-2,161.8
145299,2-6-1,1470
145299,3-6-1,255.2
145299,4-6-1,168.8
145299,5-6-1,769.1
145299,6-5-1,921.2
145299,1-6-3,115.3
145299,2-6-3,2661
145299,3-6-2,830
145299,4-6-2,616.4
145299,5-6-2,1309
145299,6-5-2,1408
145299,1-6-4,121.9
145299,2-6-4,2361
145299,3-6-4,321.8
145299,4-6-3,367.6
145299,5-6-3,882.4
145299,6-5-3,1497
145299,1-6-5,175.2
145299,2-6-5,2540
145299,3-6-5,445.9
145299,4-6-5,220.9
145299,5-6-4,687.1
145299,6-5-4,992.1
145300,1-2-3,10.9
145300,2-1-3,130.8
145300,3-1-2,50
145300,4-1-2,196.2
145300,5-1-2,223.4
145300,6-1-2,1745
145300,1-2-4,19.9
145300,2-1-4,189.3
145300,3-1-4,28.3
145300,4-1-3,157.5
145300,5-1-3,97
145300,6-1-3,1340
145300,1-2-5,25
145300,2-1-5,252.7
145300,3-1-5,21.2
145300,4-1-5,185.5
145300,5-1-4,246.4
145300,6-1-4,1299
145300,1-2-6,46.8
145300,2-1-6,400.9
145300,3-1-6,39.3
145300,4-1-6,228.9
145300,5-1-6,198.5
145300,6-1-5,1021
145300,1-3-2,7.8
145300,2-3-1,301.9
145300,3-2-1,197.1
145300,4-2-1,461.6
145300,5-2-1,562.3
145300,6-2-1,2702
145300,1-3-4,6.5
145300,2-3-4,522
145300,3-2-4,374
145300,4-2-3,731.7
145300,5-2-3,744.8
145300,6-2-3,2992
145300,1-3-5,6.6
145300,2-3-5,630
145300,3-2-5,327.3
145300,4-2-5,710
145300,5-2-4,868.2
145300,6-2-4,3491
145300,1-3-6,19.7
145300,2-3-6,1053
145300,3-2-6,515.6
145300,4-2-6,868.2
145300,5-2-6,891.3
145300,6-2-5,2889
145300,1-4-2,26.7
145300,2-4-1,556.7
145300,3-4-1,94.1
145300,4-3-1,291.9
145300,5-3-1,194.6
145300,6-3-1,1596
145300,1-4-3,18.7
145300,2-4-3,692.4
145300,3-4-2,290.9
145300,4-3-2,642
145300,5-3-2,583.9
145300,6-3-2,3103
145300,1-4-5,28.5
145300,2-4-5,877.3
145300,3-4-5,168.5
145300,4-3-5,397.1
145300,5-3-4,387
145300,6-3-4,2094
145300,1-4-6,46.5
145300,2-4-6,1340
145300,3-4-6,247.8
145300,4-3-6,568
145300,5-3-6,369.9
145300,6-3-5,1384
145300,1-5-2,33.2
145300,2-5-1,722.3
145300,3-5-1,93.6
145300,4-5-1,264.3
145300,5-4-1,426.4
145300,6-4-1,1692
145300,1-5-3,19.8
145300,2-5-3,936.2
145300,3-5-2,281.1
145300,4-5-2,468.1
145300,5-4-2,758.2
145300,6-4-2,2840
145300,1-5-4,49.5
145300,2-5-4,1021
145300,3-5-4,210.5
145300,4-5-3,376.5
145300,5-4-3,497.2
145300,6-4-3,2747
145300,1-5-6,51.9
145300,2-5-6,1340
145300,3-5-6,212.9
145300,4-5-6,329.2
145300,5-4-6,579.8
145300,6-4-5,1626
145300,1-6-2,143.7
145300,2-6-1,1782
145300,3-6-1,363.5
145300,4-6-1,596.3
145300,5-6-1,500.2
145300,6-5-1,1060
145300,1-6-3,105.3
145300,2-6-3,2618
145300,3-6-2,1269
145300,4-6-2,1102
145300,5-6-2,846.3
145300,6-5-2,2176
145300,1-6-4,154.7
145300,2-6-4,2394
145300,3-6-4,900.9
145300,4-6-3,974.3
145300,5-6-3,630
145300,6-5-3,1444
145300,1-6-5,129.1
145300,2-6-5,1948
145300,3-6-5,602.8
145300,4-6-5,686.8
145300,5-6-4,670.3
145300,6-5-4,1551
145253,1-2-3,17.3
145253,2-1-3,94.9
145253,3-1-2,50.8
145253,4-1-2,81.9
145253,5-1-2,66.5
145253,6-1-2,1002
145253,1-2-4,16.5
145253,2-1-4,81
145253,3-1-4,24.9
145253,4-1-3,69.3
145253,5-1-3,73.4
145253,6-1-3,1153
145253,1-2-5,14.1
145253,2-1-5,74.1
145253,3-1-5,41.8
145253,4-1-5,46.8
145253,5-1-4,55.7
145253,6-1-4,1262
145253,1-2-6,120.5
145253,2-1-6,401.8
145253,3-1-6,388.6
145253,4-1-6,300.5
145253,5-1-6,217.1
145253,6-1-5,1031
145253,1-3-2,14.2
145253,2-3-1,173.3
145253,3-2-1,128.1
145253,4-2-1,177
145253,5-2-1,131.7
145253,6-2-1,1375
145253,1-3-4,8.9
145253,2-3-4,277.9
145253,3-2-4,165
145253,4-2-3,292.3
145253,5-2-3,243.2
145253,6-2-3,2063
145253,1-3-5,13.2
145253,2-3-5,204.7
145253,3-2-5,193.6
145253,4-2-5,221.6
145253,5-2-4,190.2
145253,6-2-4,2189
145253,1-3-6,107.9
145253,2-3-6,966.4
145253,3-2-6,984.2
145253,4-2-6,794.6
145253,5-2-6,531
145253,6-2-5,2332
145253,1-4-2,19.6
145253,2-4-1,185.2
145253,3-4-1,63.2
145253,4-3-1,114.2
145253,5-3-1,140.4
145253,6-3-1,1601
145253,1-4-3,19.3
145253,2-4-3,329
145253,3-4-2,138
145253,4-3-2,261.6
145253,5-3-2,257.2
145253,6-3-2,2616
145253,1-4-5,13
145253,2-4-5,209.9
145253,3-4-5,104.1
145253,4-3-5,188.8
145253,5-3-4,239.4
145253,6-3-4,2384
145253,1-4-6,133.1
145253,2-4-6,941
145253,3-4-6,806.6
145253,4-3-6,851.4
145253,5-3-6,555.8
145253,6-3-5,1849
145253,1-5-2,21
145253,2-5-1,142.8
145253,3-5-1,96.8
145253,4-5-1,57.5
145253,5-4-1,75.7
145253,6-4-1,1601
145253,1-5-3,21.3
145253,2-5-3,313.6
145253,3-5-2,225.8
145253,4-5-2,127.2
145253,5-4-2,145.9
145253,6-4-2,2438
145253,1-5-4,19.5
145253,2-5-4,227.2
145253,3-5-4,151.9
145253,4-5-3,138.9
145253,5-4-3,167.1
145253,6-4-3,2616
145253,1-5-6,93.5
145253,2-5-6,674.7
145253,3-5-6,609.5
145253,4-5-6,223.9
145253,5-4-6,264.8
145253,6-4-5,1532
145253,1-6-2,283
145253,2-6-1,1041
145253,3-6-1,1117
145253,4-6-1,705.7
145253,5-6-1,492.1
145253,6-5-1,1083
145253,1-6-3,379
145253,2-6-3,2332
145253,3-6-2,1577
145253,4-6-2,984.2
145253,5-6-2,812.7
145253,6-5-2,2332
145253,1-6-4,350.5
145253,2-6-4,1950
145253,3-6-4,1702
145253,4-6-3,1324
145253,5-6-3,766.2
145253,6-5-3,1702
145253,1-6-5,247.7
145253,2-6-5,1532
145253,3-6-5,1510
145253,4-6-5,683.3
145253,5-6-4,705.7
145253,6-5-4,1308
145254,1-2-3,46.6
145254,2-1-3,169.6
145254,3-1-2,292.3
145254,4-1-2,150.3
145254,5-1-2,35.6
145254,6-1-2,434
145254,1-2-4,26.1
145254,2-1-4,135.4
145254,3-1-4,127.1
145254,4-1-3,118.6
145254,5-1-3,55.9
145254,6-1-3,435.9
145254,1-2-5,15.4
145254,2-1-5,57.4
145254,3-1-5,95.6
145254,4-1-5,41.3
145254,5-1-4,27
145254,6-1-4,386.7
145254,1-2-6,59.9
145254,2-1-6,181.3
145254,3-1-6,243.6
145254,4-1-6,98.9
145254,5-1-6,35.2
145254,6-1-5,230
145254,1-3-2,59.9
145254,2-3-1,288.9
145254,3-2-1,421.1
145254,4-2-1,320.6
145254,5-2-1,91.7
145254,6-2-1,591.6
145254,1-3-4,29.2
145254,2-3-4,482.5
145254,3-2-4,606
145254,4-2-3,725.5
145254,5-2-3,391.3
145254,6-2-3,1380
145254,1-3-5,17.8
145254,2-3-5,396
145254,3-2-5,528.7
145254,4-2-5,237.2
145254,5-2-4,202
145254,6-2-4,1104
145254,1-3-6,56
145254,2-3-6,667.1
145254,3-2-6,849.5
145254,4-2-6,540.2
145254,5-2-6,253.5
145254,6-2-5,782.6
145254,1-4-2,34
145254,2-4-1,294.9
145254,3-4-1,192.2
145254,4-3-1,207
145254,5-3-1,125.5
145254,6-3-1,788.8
145254,1-4-3,32.9
145254,2-4-3,581.2
145254,3-4-2,584.6
145254,4-3-2,584.6
145254,5-3-2,487.2
145254,6-3-2,1577
145254,1-4-5,11.7
145254,2-4-5,260.8
145254,3-4-5,171
145254,4-3-5,170.2
145254,5-3-4,217.5
145254,6-3-4,1419
145254,1-4-6,36.9
145254,2-4-6,480.1
145254,3-4-6,314.5
145254,4-3-6,385.2
145254,5-3-6,303.9
145254,6-3-5,1142
145254,1-5-2,15.1
145254,2-5-1,121.3
145254,3-5-1,136.1
145254,4-5-1,38.8
145254,5-4-1,43.4
145254,6-4-1,482.5
145254,1-5-3,14.6
145254,2-5-3,424.7
145254,3-5-2,473.3
145254,4-5-2,112.5
145254,5-4-2,142.6
145254,6-4-2,1129
145254,1-5-4,11.3
145254,2-5-4,251
145254,3-5-4,187.8
145254,4-5-3,110.5
145254,5-4-3,147.4
145254,6-4-3,1197
145254,1-5-6,19
145254,2-5-6,353.7
145254,3-5-6,280.7
145254,4-5-6,47.3
145254,5-4-6,67.7
145254,6-4-5,270.8
145254,1-6-2,128
145254,2-6-1,515
145254,3-6-1,782.6
145254,4-6-1,204.1
145254,5-6-1,90.8
145254,6-5-1,230
145254,1-6-3,141.3
145254,2-6-3,1046
145254,3-6-2,1104
145254,4-6-2,421.1
145254,5-6-2,248.4
145254,6-5-2,629.1
145254,1-6-4,98.8
145254,2-6-4,747.3
145254,3-6-4,887.4
145254,4-6-3,441.7
145254,5-6-3,270.8
145254,6-5-3,753
145254,1-6-5,61.5
145254,2-6-5,512.3
145254,3-6-5,584.6
145254,4-6-5,120
145254,5-6-4,111.1
145254,6-5-4,236.6
145255,1-2-3,22.2
145255,2-1-3,72.1
145255,3-1-2,115
145255,4-1-2,33.6
145255,5-1-2,693.9
145255,6-1-2,121.5
145255,1-2-4,16.1
145255,2-1-4,43.3
145255,3-1-4,65.1
145255,4-1-3,67.8
145255,5-1-3,805.9
145255,6-1-3,262.3
145255,1-2-5,101.2
145255,2-1-5,246.2
145255,3-1-5,228.9
145255,4-1-5,64.9
145255,5-1-4,474.2
145255,6-1-4,158
145255,1-2-6,21.2
145255,2-1-6,52.1
145255,3-1-6,81.6
145255,4-1-6,24.5
145255,5-1-6,565.1
145255,6-1-5,565.1
145255,1-3-2,27.9
145255,2-3-1,146.3
145255,3-2-1,181.7
145255,4-2-1,52.7
145255,5-2-1,1190
145255,6-2-1,157.7
145255,1-3-4,22.3
145255,2-3-4,94.9
145255,3-2-4,114.6
145255,4-2-3,73.7
145255,5-2-3,1331
145255,6-2-3,231
145255,1-3-5,93
145255,2-3-5,466.8
145255,3-2-5,617.6
145255,4-2-5,128.2
145255,5-2-4,916.9
145255,6-2-4,129.4
145255,1-3-6,31.3
145255,2-3-6,108.9
145255,3-2-6,144.7
145255,4-2-6,27.7
145255,5-2-6,820.6
145255,6-2-5,641.8
145255,1-4-2,18.9
145255,2-4-1,66.7
145255,3-4-1,90.5
145255,4-3-1,102.2
145255,5-3-1,1311
145255,6-3-1,347.6
145255,1-4-3,23.3
145255,2-4-3,86.9
145255,3-4-2,91.6
145255,4-3-2,94
145255,5-3-2,1497
145255,6-3-2,293.1
145255,1-4-5,71.5
145255,2-4-5,238.6
145255,3-4-5,216
145255,4-3-5,213.2
145255,5-3-4,1051
145255,6-3-4,269.8
145255,1-4-6,17.3
145255,2-4-6,50
145255,3-4-6,63.8
145255,4-3-6,52.4
145255,5-3-6,1256
145255,6-3-5,1123
145255,1-5-2,212.9
145255,2-5-1,966.2
145255,3-5-1,558.1
145255,4-5-1,81.7
145255,5-4-1,388.1
145255,6-4-1,146.3
145255,1-5-3,272.7
145255,2-5-3,1076
145255,3-5-2,771.3
145255,4-5-2,123.8
145255,5-4-2,512
145255,6-4-2,108.5
145255,1-5-4,220.5
145255,2-5-4,835.9
145255,3-5-4,513.5
145255,4-5-3,243.8
145255,5-4-3,713.2
145255,6-4-3,203.5
145255,1-5-6,205.4
145255,2-5-6,648.8
145255,3-5-6,512
145255,4-5-6,59
145255,5-4-6,314.2
145255,6-4-5,303
145255,1-6-2,41
145255,2-6-1,112.3
145255,3-6-1,141.2
145255,4-6-1,28.2
145255,5-6-1,781.4
145255,6-5-1,971.5
145255,1-6-3,57.8
145255,2-6-3,150
145255,3-6-2,163.9
145255,4-6-2,26
145255,5-6-2,727.6
145255,6-5-2,832
145255,1-6-4,42.8
145255,2-6-4,85.4
145255,3-6-4,122.7
145255,4-6-3,51.2
145255,5-6-3,1038
145255,6-5-3,1371
145255,1-6-5,184.3
145255,2-6-5,416
145255,3-6-5,536.5
145255,4-6-5,55.7
145255,5-6-4,601.1
145255,6-5-4,589.2
145256,1-2-3,4.5
145256,2-1-3,27.1
145256,3-1-2,19.8
145256,4-1-2,1625
145256,5-1-2,310.5
145256,6-1-2,410.7
145256,1-2-4,70.1
145256,2-1-4,256.7
145256,3-1-4,160.7
145256,4-1-3,1258
145256,5-1-3,190.6
145256,6-1-3,284.1
145256,1-2-5,16.8
145256,2-1-5,103.7
145256,3-1-5,41.7
145256,4-1-5,1829
145256,5-1-4,900.4
145256,6-1-4,2053
145256,1-2-6,19.5
145256,2-1-6,87.6
145256,3-1-6,43.3
145256,4-1-6,1377
145256,5-1-6,357.9
145256,6-1-5,676.6
145256,1-3-2,4.3
145256,2-3-1,42.1
145256,3-2-1,44.3
145256,4-2-1,2128
145256,5-2-1,661.3
145256,6-2-1,616.1
145256,1-3-4,49.1
145256,2-3-4,349.4
145256,3-2-4,352.5
145256,4-2-3,1560
145256,5-2-3,582.3
145256,6-2-3,907.4
145256,1-3-5,7.4
145256,2-3-5,132.2
145256,3-2-5,122.4
145256,4-2-5,2341
145256,5-2-4,1520
145256,6-2-4,2787
145256,1-3-6,10.5
145256,2-3-6,99.7
145256,3-2-6,88.2
145256,4-2-6,2544
145256,5-2-6,1009
145256,6-2-5,1581
145256,1-4-2,168.9
145256,2-4-1,812.9
145256,3-4-1,455.4
145256,4-3-1,900.4
145256,5-3-1,334.4
145256,6-3-1,435.1
145256,1-4-3,209.4
145256,2-4-3,765.1
145256,3-4-2,854.4
145256,4-3-2,2128
145256,5-3-2,600.3
145256,6-3-2,1009
145256,1-4-5,305.6
145256,2-4-5,1083
145256,3-4-5,830.2
145256,4-3-5,1829
145256,5-3-4,1560
145256,6-3-4,2090
145256,1-4-6,263
145256,2-4-6,944
145256,3-4-6,886.8
145256,4-3-6,1951
145256,5-3-6,680.5
145256,6-3-5,1009
145256,1-5-2,42.3
145256,2-5-1,374
145256,3-5-1,137.7
145256,4-5-1,2722
145256,5-4-1,2660
145256,6-4-1,3080
145256,1-5-3,30.8
145256,2-5-3,351.5
145256,3-5-2,263
145256,4-5-2,3001
145256,5-4-2,1951
145256,6-4-2,3001
145256,1-5-4,247.4
145256,2-5-4,1410
145256,3-5-4,760.1
145256,4-5-3,2490
145256,5-4-3,1888
145256,6-4-3,2722
145256,1-5-6,70.8
145256,2-5-6,522.5
145256,3-5-6,219.2
145256,4-5-6,1581
145256,5-4-6,2090
145256,6-4-5,2438
145256,1-6-2,64
145256,2-6-1,347.3
145256,3-6-1,153
145256,4-6-1,1800
145256,5-6-1,600.3
145256,6-5-1,886.8
145256,1-6-3,50.5
145256,2-6-3,453.7
145256,3-6-2,381.3
145256,4-6-2,2855
145256,5-6-2,1286
145256,6-5-2,1888
145256,1-6-4,274.7
145256,2-6-4,1315
145256,3-6-4,1182
145256,4-6-3,2787
145256,5-6-3,848.2
145256,6-5-3,588.2
145256,1-6-5,96.8
145256,2-6-5,745.6
145256,3-6-5,377.6
145256,4-6-5,2660
145256,5-6-4,2438
145256,6-5-4,2490
145257,1-2-3,29.2
145257,2-1-3,73.9
145257,3-1-2,101.1
145257,4-1-2,66.6
145257,5-1-2,348.7
145257,6-1-2,907.6
145257,1-2-4,18.8
145257,2-1-4,60.1
145257,3-1-4,30.6
145257,4-1-3,31.3
145257,5-1-3,312.6
145257,6-1-3,685.5
145257,1-2-5,46.4
145257,2-1-5,128.3
145257,3-1-5,54.2
145257,4-1-5,29.4
145257,5-1-4,174.2
145257,6-1-4,326.6
145257,1-2-6,56.2
145257,2-1-6,191
145257,3-1-6,71.5
145257,4-1-6,26.5
145257,5-1-6,217.6
145257,6-1-5,872.9
145257,1-3-2,33.9
145257,2-3-1,137
145257,3-2-1,156.6
145257,4-2-1,121.2
145257,5-2-1,600.5
145257,6-2-1,1521
145257,1-3-4,14
145257,2-3-4,92.2
145257,3-2-4,102.2
145257,4-2-3,180
145257,5-2-3,882.5
145257,6-2-3,2420
145257,1-3-5,31
145257,2-3-5,176.3
145257,3-2-5,151.7
145257,4-2-5,142.8
145257,5-2-4,443.7
145257,6-2-4,1037
145257,1-3-6,42
145257,2-3-6,241.3
145257,3-2-6,196.9
145257,4-2-6,138.6
145257,5-2-6,490
145257,6-2-5,1794
145257,1-4-2,22.9
145257,2-4-1,103.3
145257,3-4-1,46.4
145257,4-3-1,60.2
145257,5-3-1,494.5
145257,6-3-1,1124
145257,1-4-3,13.8
145257,2-4-3,120.7
145257,3-4-2,110.2
145257,4-3-2,177.2
145257,5-3-2,1004
145257,6-3-2,2535
145257,1-4-5,21.4
145257,2-4-5,135.2
145257,3-4-5,56
145257,4-3-5,68.9
145257,5-3-4,349.5
145257,6-3-4,525.4
145257,1-4-6,17.8
145257,2-4-6,136.5
145257,3-4-6,59.6
145257,4-3-6,63.5
145257,5-3-6,438.8
145257,6-3-5,1228
145257,1-5-2,88.5
145257,2-5-1,369.7
145257,3-5-1,157.3
145257,4-5-1,44.3
145257,5-4-1,166.9
145257,6-4-1,315.6
145257,1-5-3,64.8
145257,2-5-3,428.2
145257,3-5-2,274.4
145257,4-5-2,114.3
145257,5-4-2,332.7
145257,6-4-2,654.6
145257,1-5-4,52.6
145257,2-5-4,242
145257,3-5-4,112.2
145257,4-5-3,82.5
145257,5-4-3,287.3
145257,6-4-3,468.4
145257,1-5-6,88.5
145257,2-5-6,431.7
145257,3-5-6,172.6
145257,4-5-6,35
145257,5-4-6,121.8
145257,6-4-5,308.3
145257,1-6-2,181.3
145257,2-6-1,500.7
145257,3-6-1,282.2
145257,4-6-1,57
145257,5-6-1,464.3
145257,6-5-1,945.2
145257,1-6-3,138.5
145257,2-6-3,736.1
145257,3-6-2,537.8
145257,4-6-2,123.4
145257,5-6-2,732.7
145257,6-5-2,1309
145257,1-6-4,88
145257,2-6-4,370.6
145257,3-6-4,159.4
145257,4-6-3,95.6
145257,5-6-3,646.7
145257,6-5-3,1117
145257,1-6-5,164
145257,2-6-5,892.4
145257,3-6-5,306
145257,4-6-5,56.8
145257,5-6-4,250.3
145257,6-5-4,379.4
145258,1-2-3,20.6
145258,2-1-3,33.2
145258,3-1-2,194.9
145258,4-1-2,353.8
145258,5-1-2,27.5
145258,6-1-2,425.1
145258,1-2-4,37.3
145258,2-1-4,53.7
145258,3-1-4,378.7
145258,4-1-3,727.7
145258,5-1-3,136.6
145258,6-1-3,1243
145258,1-2-5,6.6
145258,2-1-5,8.7
145258,3-1-5,194
145258,4-1-5,388.4
145258,5-1-4,173.6
145258,6-1-4,1461
145258,1-2-6,15.7
145258,2-1-6,23.4
145258,3-1-6,361.5
145258,4-1-6,478.8
145258,5-1-6,34.2
145258,6-1-5,474.8
145258,1-3-2,47.1
145258,2-3-1,91.4
145258,3-2-1,233.4
145258,4-2-1,525.7
145258,5-2-1,29
145258,6-2-1,468.1
145258,1-3-4,119.7
145258,2-3-4,183.1
145258,3-2-4,426.2
145258,4-2-3,691.5
145258,5-2-3,97.5
145258,6-2-3,1312
145258,1-3-5,49.2
145258,2-3-5,65.7
145258,3-2-5,168.6
145258,4-2-5,384.8
145258,5-2-4,144.5
145258,6-2-4,1388
145258,1-3-6,117.1
145258,2-3-6,118.9
145258,3-2-6,301.3
145258,4-2-6,619.5
145258,5-2-6,23.6
145258,6-2-5,312
145258,1-4-2,94.9
145258,2-4-1,158.4
145258,3-4-1,559.2
145258,4-3-1,740.6
145258,5-3-1,255.6
145258,6-3-1,1683
145258,1-4-3,212.3
145258,2-4-3,241.8
145258,3-4-2,636
145258,4-3-2,1041
145258,5-3-2,235
145258,6-3-2,2450
145258,1-4-5,125.8
145258,2-4-5,120.7
145258,3-4-5,768
145258,4-3-5,1243
145258,5-3-4,744
145258,6-3-4,2487
145258,1-4-6,188.5
145258,2-4-6,191.3
145258,3-4-6,980.3
145258,4-3-6,1424
145258,5-3-6,301.3
145258,6-3-5,2415
145258,1-5-2,14
145258,2-5-1,16.6
145258,3-5-1,284.8
145258,4-5-1,409.4
145258,5-4-1,368.7
145258,6-4-1,2109
145258,1-5-3,52.4
145258,2-5-3,47.5
145258,3-5-2,223.1
145258,4-5-2,372
145258,5-4-2,292.3
145258,6-4-2,2415
145258,1-5-4,104.6
145258,2-5-4,74.4
145258,3-5-4,653.5
145258,4-5-3,1028
145258,5-4-3,896
145258,6-4-3,2923
145258,1-5-6,28.8
145258,2-5-6,22.4
145258,3-5-6,334.6
145258,4-5-6,321.7
145258,5-4-6,173.9
145258,6-4-5,1718
145258,1-6-2,79.1
145258,2-6-1,105.6
145258,3-6-1,829.1
145258,4-6-1,1035
145258,5-6-1,66.4
145258,6-5-1,465.5
145258,1-6-3,247.2
145258,2-6-3,237.7
145258,3-6-2,648.4
145258,4-6-2,886.4
145258,5-6-2,56.2
145258,6-5-2,296
145258,1-6-4,354.5
145258,2-6-4,299.2
145258,3-6-4,1412
145258,4-6-3,1322
145258,5-6-3,247.6
145258,6-5-3,1082
145258,1-6-5,88.9
145258,2-6-5,67.6
145258,3-6-5,812.9
145258,4-6-5,680.2
145258,5-6-4,227.3
145258,6-5-4,1041
145259,1-2-3,7.6
145259,2-1-3,38.9
145259,3-1-2,29.1
145259,4-1-2,751.6
145259,5-1-2,1727
145259,6-1-2,88.3
145259,1-2-4,48.3
145259,2-1-4,285.5
145259,3-1-4,32.1
145259,4-1-3,425.4
145259,5-1-3,1151
145259,6-1-3,44.5
145259,1-2-5,228.4
145259,2-1-5,853.3
145259,3-1-5,151.4
145259,4-1-5,1859
145259,5-1-4,2198
145259,6-1-4,215.8
145259,1-2-6,9.5
145259,2-1-6,46.8
145259,3-1-6,12.3
145259,4-1-6,498.5
145259,5-1-6,1559
145259,6-1-5,474
145259,1-3-2,7.9
145259,2-3-1,108.1
145259,3-2-1,73.8
145259,4-2-1,1239
145259,5-2-1,2637
145259,6-2-1,167.5
145259,1-3-4,18.1
145259,2-3-4,641.9
145259,3-2-4,272.1
145259,4-2-3,1465
145259,5-2-3,2014
145259,6-2-3,232.8
145259,1-3-5,109.9
145259,2-3-5,1208
145259,3-2-5,736.4
145259,4-2-5,2789
145259,5-2-4,2378
145259,6-2-4,671.6
145259,1-3-6,5.3
145259,2-3-6,155.1
145259,3-2-6,104.7
145259,4-2-6,1198
145259,5-2-6,2266
145259,6-2-5,1058
145259,1-4-2,85.7
145259,2-4-1,1261
145259,3-4-1,132.2
145259,4-3-1,430.4
145259,5-3-1,1576
145259,6-3-1,54.6
145259,1-4-3,63.4
145259,2-4-3,1381
145259,3-4-2,290.1
145259,4-3-2,1219
145259,5-3-2,1836
145259,6-3-2,140.7
145259,1-4-5,464.9
145259,2-4-5,2501
145259,3-4-5,707.6
145259,4-3-5,2737
145259,5-3-4,2960
145259,6-3-4,188.8
145259,1-4-6,63.2
145259,2-4-6,1107
145259,3-4-6,121.1
145259,4-3-6,498.5
145259,5-3-6,2043
145259,6-3-5,568.9
145259,1-5-2,614.7
145259,2-5-1,2165
145259,3-5-1,639
145259,4-5-1,3920
145259,5-4-1,3086
145259,6-4-1,531.4
145259,1-5-3,318.1
145259,2-5-3,2637
145259,3-5-2,1436
145259,4-5-2,4533
145259,5-4-2,2737
145259,6-4-2,732.6
145259,1-5-4,771.6
145259,2-5-4,4029
145259,3-5-4,1368
145259,4-5-3,4029
145259,5-4-3,3223
145259,6-4-3,454.7
145259,1-5-6,599.4
145259,2-5-6,3454
145259,3-5-6,1021
145259,4-5-6,3086
145259,5-4-6,3626
145259,6-4-5,1686
145259,1-6-2,18.1
145259,2-6-1,185.9
145259,3-6-1,26.1
145259,4-6-1,566.6
145259,5-6-1,2014
145259,6-5-1,1394
145259,1-6-3,11.9
145259,2-6-3,282.2
145259,3-6-2,70.7
145259,4-6-2,828.9
145259,5-6-2,4266
145259,6-5-2,2378
145259,1-6-4,61.6
145259,2-6-4,1000
145259,3-6-4,81.2
145259,4-6-3,557.9
145259,5-6-3,2960
145259,6-5-3,1169
145259,1-6-5,227.3
145259,2-6-5,2378
145259,3-6-5,326
145259,4-6-5,2266
145259,5-6-4,4144
145259,6-5-4,2165
145260,1-2-3,42.3
145260,2-1-3,126.4
145260,3-1-2,580.2
145260,4-1-2,55.6
145260,5-1-2,40.6
145260,6-1-2,324.9
145260,1-2-4,5.4
145260,2-1-4,24.3
145260,3-1-4,756.6
145260,4-1-3,442.2
145260,5-1-3,342.2
145260,6-1-3,857.5
145260,1-2-5,6.5
145260,2-1-5,21.6
145260,3-1-5,803.9
145260,4-1-5,54
145260,5-1-4,61.8
145260,6-1-4,526.8
145260,1-2-6,28.4
145260,2-1-6,59.5
145260,3-1-6,1234
145260,4-1-6,120.8
145260,5-1-6,65.2
145260,6-1-5,350.8
145260,1-3-2,130.5
145260,2-3-1,509.4
145260,3-2-1,935.4
145260,4-2-1,71.8
145260,5-2-1,68.5
145260,6-2-1,439.7
145260,1-3-4,162.3
145260,2-3-4,671.1
145260,3-2-4,1118
145260,4-2-3,756.6
145260,5-2-3,491.5
145260,6-2-3,1244
145260,1-3-5,153.2
145260,2-3-5,610
145260,3-2-5,1196
145260,4-2-5,67.5
145260,5-2-4,84.4
145260,6-2-4,605.3
145260,1-3-6,224.3
145260,2-3-6,946.9
145260,3-2-6,2572
145260,4-2-6,146.8
145260,5-2-6,99
145260,6-2-5,460.7
145260,1-4-2,11.5
145260,2-4-1,68.2
145260,3-4-1,1837
145260,4-3-1,1008
145260,5-3-1,1022
145260,6-3-1,1905
145260,1-4-3,119.8
145260,2-4-3,433.5
145260,3-4-2,1319
145260,4-3-2,2174
145260,5-3-2,1254
145260,6-3-2,2489
145260,1-4-5,18.6
145260,2-4-5,66.4
145260,3-4-5,2374
145260,4-3-5,1442
145260,5-3-4,1659
145260,6-3-4,2912
145260,1-4-6,48.1
145260,2-4-6,136.3
145260,3-4-6,3215
145260,4-3-6,2616
145260,5-3-6,1484
145260,6-3-5,3150
145260,1-5-2,13.1
145260,2-5-1,63.7
145260,3-5-1,1513
145260,4-5-1,63
145260,5-4-1,103.9
145260,6-4-1,852.7
145260,1-5-3,125.2
145260,2-5-3,414.9
145260,3-5-2,1330
145260,4-5-2,60.8
145260,5-4-2,100.7
145260,6-4-2,825.4
145260,1-5-4,25.1
145260,2-5-4,69.9
145260,3-5-4,2237
145260,4-5-3,1015
145260,5-4-3,882
145260,6-4-3,3026
145260,1-5-6,31.3
145260,2-5-6,122.1
145260,3-5-6,2616
145260,4-5-6,91.6
145260,5-4-6,123.9
145260,6-4-5,752.9
145260,1-6-2,65.2
145260,2-6-1,217
145260,3-6-1,2572
145260,4-6-1,281.6
145260,5-6-1,110.8
145260,6-5-1,328.4
145260,1-6-3,304.4
145260,2-6-3,857.5
145260,3-6-2,2530
145260,4-6-2,289.5
145260,5-6-2,126.7
145260,6-5-2,383.9
145260,1-6-4,112.5
145260,2-6-4,294
145260,3-6-4,2707
145260,4-6-3,1642
145260,5-6-3,659.6
145260,6-5-3,1225
145260,1-6-5,85.8
145260,2-6-5,246.9
145260,3-6-5,2661
145260,4-6-5,258.5
145260,5-6-4,198.1
145260,6-5-4,519.7
145261,1-2-3,5.5
145261,2-1-3,23.6
145261,3-1-2,85.6
145261,4-1-2,336.4
145261,5-1-2,114.9
145261,6-1-2,66.3
145261,1-2-4,20.5
145261,2-1-4,61.2
145261,3-1-4,185.8
145261,4-1-3,372.9
145261,5-1-3,183.8
145261,6-1-3,141.9
145261,1-2-5,13.4
145261,2-1-5,41
145261,3-1-5,160.9
145261,4-1-5,561.8
145261,5-1-4,320.1
145261,6-1-4,216.7
145261,1-2-6,8.1
145261,2-1-6,25.8
145261,3-1-6,139.6
145261,4-1-6,472.3
145261,5-1-6,136.7
145261,6-1-5,158.1
145261,1-3-2,11.9
145261,2-3-1,68.9
145261,3-2-1,169
145261,4-2-1,609.6
145261,5-2-1,188.3
145261,6-2-1,84.4
145261,1-3-4,42.2
145261,2-3-4,231.3
145261,3-2-4,364.2
145261,4-2-3,859.5
145261,5-2-3,328.7
145261,6-2-3,185
145261,1-3-5,26.5
145261,2-3-5,134.7
145261,3-2-5,271.5
145261,4-2-5,1153
145261,5-2-4,542.3
145261,6-2-4,258.1
145261,1-3-6,23.5
145261,2-3-6,87.6
145261,3-2-6,209.4
145261,4-2-6,955.1
145261,5-2-6,198.9
145261,6-2-5,203.2
145261,1-4-2,61.1
145261,2-4-1,258.1
145261,3-4-1,325.6
145261,4-3-1,494
145261,5-3-1,394.3
145261,6-3-1,335.1
145261,1-4-3,86.9
145261,2-4-3,357.4
145261,3-4-2,707.4
145261,4-3-2,900
145261,5-3-2,402.6
145261,6-3-2,309.7
145261,1-4-5,133.9
145261,2-4-5,451.2
145261,3-4-5,1041
145261,4-3-5,1534
145261,5-3-4,1017
145261,6-3-4,679.5
145261,1-4-6,80.8
145261,2-4-6,377.8
145261,3-4-6,830.5
145261,4-3-6,1375
145261,5-3-6,422.4
145261,6-3-5,495.4
145261,1-5-2,31.3
145261,2-5-1,118.4
145261,3-5-1,280.4
145261,4-5-1,886.1
145261,5-4-1,764
145261,6-4-1,492.6
145261,1-5-3,52.7
145261,2-5-3,152.9
145261,3-5-2,353.7
145261,4-5-2,955.1
145261,5-4-2,785
145261,6-4-2,505.6
145261,1-5-4,120.3
145261,2-5-4,274.6
145261,3-5-4,754
145261,4-5-3,1245
145261,5-4-3,1017
145261,6-4-3,826.5
145261,1-5-6,46.6
145261,2-5-6,123.7
145261,3-5-6,320.7
145261,4-5-6,785
145261,5-4-6,725.3
145261,6-4-5,788.6
145261,1-6-2,22.1
145261,2-6-1,64.5
145261,3-6-1,291.8
145261,4-6-1,814.7
145261,5-6-1,165.9
145261,6-5-1,228.6
145261,1-6-3,37.8
145261,2-6-3,121.4
145261,3-6-2,328.7
145261,4-6-2,960.4
145261,5-6-2,184.2
145261,6-5-2,253.9
145261,1-6-4,98.6
145261,2-6-4,240.1
145261,3-6-4,687.6
145261,4-6-3,1322
145261,5-6-3,386.3
145261,6-5-3,482.9
145261,1-6-5,59.6
145261,2-6-5,133.9
145261,3-6-5,445.3
145261,4-6-5,1067
145261,5-6-4,425.5
145261,6-5-4,537.2
145262,1-2-3,7.8
145262,2-1-3,34.9
145262,3-1-2,29
145262,4-1-2,357.7
145262,5-1-2,110.3
145262,6-1-2,1280
145262,1-2-4,20.2
145262,2-1-4,90.1
145262,3-1-4,32.8
145262,4-1-3,290.5
145262,5-1-3,68
145262,6-1-3,1241
145262,1-2-5,18.7
145262,2-1-5,90.8
145262,3-1-5,22.5
145262,4-1-5,219.6
145262,5-1-4,164
145262,6-1-4,1781
145262,1-2-6,117.8
145262,2-1-6,470.8
145262,3-1-6,138.8
145262,4-1-6,490.6
145262,5-1-6,175.4
145262,6-1-5,1137
145262,1-3-2,6.5
145262,2-3-1,71.7
145262,3-2-1,71
145262,4-2-1,849
145262,5-2-1,254.8
145262,6-2-1,1463
145262,1-3-4,14.9
145262,2-3-4,153.7
145262,3-2-4,91
145262,4-2-3,900.3
145262,5-2-3,278.6
145262,6-2-3,1905
145262,1-3-5,5.9
145262,2-3-5,217.9
145262,3-2-5,80.8
145262,4-2-5,910.3
145262,5-2-4,625.4
145262,6-2-4,2642
145262,1-3-6,62.6
145262,2-3-6,772.9
145262,3-2-6,456.4
145262,4-2-6,1463
145262,5-2-6,502.6
145262,6-2-5,1950
145262,1-4-2,55.3
145262,2-4-1,383.7
145262,3-4-1,130.8
145262,4-3-1,406.6
145262,5-3-1,109.6
145262,6-3-1,1590
145262,1-4-3,41.8
145262,2-4-3,403.6
145262,3-4-2,193
145262,4-3-2,741.4
145262,5-3-2,233.7
145262,6-3-2,2482
145262,1-4-5,57.2
145262,2-4-5,666.1
145262,3-4-5,114.8
145262,4-3-5,372.4
145262,5-3-4,311.5
145262,6-3-4,2445
145262,1-4-6,131.1
145262,2-4-6,1503
145262,3-4-6,327
145262,4-3-6,900.3
145262,5-3-6,324.4
145262,6-3-5,1280
145262,1-5-2,24.7
145262,2-5-1,305.1
145262,3-5-1,51.3
145262,4-5-1,240.9
145262,5-4-1,274.4
145262,6-4-1,2374
145262,1-5-3,15.9
145262,2-5-3,396.7
145262,3-5-2,67.6
145262,4-5-2,464.2
145262,5-4-2,490.6
145262,6-4-2,2560
145262,1-5-4,49.1
145262,2-5-4,591.5
145262,3-5-4,76.8
145262,4-5-3,291.5
145262,5-4-3,316.3
145262,6-4-3,2560
145262,1-5-6,98.5
145262,2-5-6,1450
145262,3-5-6,139.3
145262,4-5-6,344.9
145262,5-4-6,383.7
145262,6-4-5,1400
145262,1-6-2,276.3
145262,2-6-1,1450
145262,3-6-1,470.8
145262,4-6-1,1114
145262,5-6-1,464.2
145262,6-5-1,1476
145262,1-6-3,225
145262,2-6-3,2048
145262,3-6-2,831.7
145262,4-6-2,1450
145262,5-6-2,762.1
145262,6-5-2,2074
145262,1-6-4,353.9
145262,2-6-4,2307
145262,3-6-4,598
145262,4-6-3,1463
145262,5-6-3,498
145262,6-5-3,1388
145262,1-6-5,295.2
145262,2-6-5,2214
145262,3-6-5,406.6
145262,4-6-5,748.2
145262,5-6-4,718.6
145262,6-5-4,1400
145263,1-2-3,5.4
145263,2-1-3,35.3
145263,3-1-2,111.7
145263,4-1-2,114.4
145263,5-1-2,553.3
145263,6-1-2,373.2
145263,1-2-4,6
145263,2-1-4,30.8
145263,3-1-4,81.1
145263,4-1-3,192
145263,5-1-3,603.6
145263,6-1-3,714.6
145263,1-2-5,29.4
145263,2-1-5,151.9
145263,3-1-5,179.2
145263,4-1-5,157.9
145263,5-1-4,485.8
145263,6-1-4,524.2
145263,1-2-6,19.6
145263,2-1-6,109.4
145263,3-1-6,149.9
145263,4-1-6,132.5
145263,5-1-6,650.5
145263,6-1-5,1048
145263,1-3-2,9.5
145263,2-3-1,114.2
145263,3-2-1,191.7
145263,4-2-1,212.4
145263,5-2-1,1435
145263,6-2-1,870.8
145263,1-3-4,10.5
145263,2-3-4,154.8
145263,3-2-4,179.6
145263,4-2-3,391.5
145263,5-2-3,1532
145263,6-2-3,1713
145263,1-3-5,29.2
145263,2-3-5,527.7
145263,3-2-5,460.6
145263,4-2-5,585.9
145263,5-2-4,1660
145263,6-2-4,1410
145263,1-3-6,24
145263,2-3-6,480
145263,3-2-6,509.1
145263,4-2-6,433
145263,5-2-6,1091
145263,6-2-5,2570
145263,1-4-2,11.9
145263,2-4-1,118.6
145263,3-4-1,254.5
145263,4-3-1,321.3
145263,5-3-1,1362
145263,6-3-1,1422
145263,1-4-3,17.8
145263,2-4-3,180.4
145263,3-4-2,328.6
145263,4-3-2,529.4
145263,5-3-2,1398
145263,6-3-2,2529
145263,1-4-5,31.5
145263,2-4-5,488.8
145263,3-4-5,416.1
145263,4-3-5,622.5
145263,5-3-4,1216
145263,6-3-4,2309
145263,1-4-6,20.5
145263,2-4-6,352.5
145263,3-4-6,415
145263,4-3-6,620.1
145263,5-3-6,2309
145263,6-3-5,2796
145263,1-5-2,69.4
145263,2-5-1,714.6
145263,3-5-1,531.2
145263,4-5-1,273.8
145263,5-4-1,624.9
145263,6-4-1,766.2
145263,1-5-3,91.7
145263,2-5-3,1091
145263,3-5-2,926.5
145263,4-5-2,603.6
145263,5-4-2,1448
145263,6-4-2,1254
145263,1-5-4,81.7
145263,2-5-4,769.9
145263,3-5-4,482.9
145263,4-5-3,581.6
145263,5-4-3,1091
145263,6-4-3,2529
145263,1-5-6,104.1
145263,2-5-6,1489
145263,3-5-6,983.7
145263,4-5-6,272.8
145263,5-4-6,769.9
145263,6-4-5,1350
145263,1-6-2,52.9
145263,2-6-1,507.5
145263,3-6-1,517.4
145263,4-6-1,276.2
145263,5-6-1,1285
145263,6-5-1,1897
145263,1-6-3,74.8
145263,2-6-3,1154
145263,3-6-2,1062
145263,4-6-2,519.1
145263,5-6-2,2343
145263,6-5-2,3320
145263,1-6-4,63.9
145263,2-6-4,737.8
145263,3-6-4,748.2
145263,4-6-3,640
145263,5-6-3,2701
145263,6-5-3,4194
145263,1-6-5,105.6
145263,2-6-5,1713
145263,3-6-5,1285
145263,4-6-5,430.7
145263,5-6-4,1317
145263,6-5-4,1562
145264,1-2-3,13.7
145264,2-1-3,69.9
145264,3-1-2,35
145264,4-1-2,43.8
145264,5-1-2,645
145264,6-1-2,309.8
145264,1-2-4,23.6
145264,2-1-4,98.9
145264,3-1-4,23.8
145264,4-1-3,26.1
145264,5-1-3,497.8
145264,6-1-3,289.3
145264,1-2-5,50.2
145264,2-1-5,316.9
145264,3-1-5,52.7
145264,4-1-5,87.3
145264,5-1-4,513.9
145264,6-1-4,288.4
145264,1-2-6,46.6
145264,2-1-6,193.2
145264,3-1-6,38.6
145264,4-1-6,37.4
145264,5-1-6,610.6
145264,6-1-5,666.7
145264,1-3-2,10.8
145264,2-3-1,125.6
145264,3-2-1,100
145264,4-2-1,89.1
145264,5-2-1,1064
145264,6-2-1,496.8
145264,1-3-4,8.2
145264,2-3-4,168.4
145264,3-2-4,128.8
145264,4-2-3,114.3
145264,5-2-3,1072
145264,6-2-3,603.1
145264,1-3-5,22
145264,2-3-5,534.5
145264,3-2-5,354.9
145264,4-2-5,260.7
145264,5-2-4,1094
145264,6-2-4,555.1
145264,1-3-6,18.6
145264,2-3-6,307.8
145264,3-2-6,239.5
145264,4-2-6,107.4
145264,5-2-6,788.6
145264,6-2-5,1021
145264,1-4-2,25.9
145264,2-4-1,196.5
145264,3-4-1,46.8
145264,4-3-1,38.6
145264,5-3-1,729
145264,6-3-1,452.9
145264,1-4-3,16.7
145264,2-4-3,261.6
145264,3-4-2,120.8
145264,4-3-2,84
145264,5-3-2,1094
145264,6-3-2,585.7
145264,1-4-5,57.8
145264,2-4-5,1106
145264,3-4-5,184.7
145264,4-3-5,153.8
145264,5-3-4,869.9
145264,6-3-4,424.1
145264,1-4-6,36.5
145264,2-4-6,539.2
145264,3-4-6,101.4
145264,4-3-6,61.8
145264,5-3-6,832.4
145264,6-3-5,908.8
145264,1-5-2,89.5
145264,2-5-1,790.3
145264,3-5-1,226.7
145264,4-5-1,157.5
145264,5-4-1,535.7
145264,6-4-1,232.5
145264,1-5-3,75.4
145264,2-5-3,1149
145264,3-5-2,501.3
145264,4-5-2,251.8
145264,5-4-2,921.3
145264,6-4-2,284.4
145264,1-5-4,117.2
145264,2-5-4,1365
145264,3-5-4,340.6
145264,4-5-3,199.7
145264,5-4-3,729.7
145264,6-4-3,274.1
145264,1-5-6,113.8
145264,2-5-6,1204
145264,3-5-6,310.8
145264,4-5-6,145.7
145264,5-4-6,570.7
145264,6-4-5,488.9
145264,1-6-2,71.5
145264,2-6-1,506.8
145264,3-6-1,197.8
145264,4-6-1,47.3
145264,5-6-1,916.7
145264,6-5-1,1083
145264,1-6-3,56.5
145264,2-6-3,613.2
145264,3-6-2,404.3
145264,4-6-2,76
145264,5-6-2,1104
145264,6-5-2,1321
145264,1-6-4,75
145264,2-6-4,728.3
145264,3-6-4,236.4
145264,4-6-3,57
145264,5-6-3,1058
145264,6-5-3,1228
145264,1-6-5,130.6
145264,2-6-5,1363
145264,3-6-5,426.6
145264,4-6-5,121.4
145264,5-6-4,841
145264,6-5-4,940.2
145313,1-2-3,21.4
145313,2-1-3,37.8
145313,3-1-2,55.4
145313,4-1-2,157
145313,5-1-2,125.4
145313,6-1-2,640.3
145313,1-2-4,35.9
145313,2-1-4,53.5
145313,3-1-4,43
145313,4-1-3,128
145313,5-1-3,86.7
145313,6-1-3,867
145313,1-2-5,33.5
145313,2-1-5,46.1
145313,3-1-5,30.6
145313,4-1-5,94
145313,5-1-4,166.7
145313,6-1-4,945.9
145313,1-2-6,70
145313,2-1-6,73.7
145313,3-1-6,95.6
145313,4-1-6,200
145313,5-1-6,139.9
145313,6-1-5,795.2
145313,1-3-2,19.2
145313,2-3-1,51.2
145313,3-2-1,72.1
145313,4-2-1,169.4
145313,5-2-1,164
145313,6-2-1,821.4
145313,1-3-4,24.5
145313,2-3-4,39.5
145313,3-2-4,60.1
145313,4-2-3,133.1
145313,5-2-3,115.3
145313,6-2-3,725.9
145313,1-3-5,16.3
145313,2-3-5,31.8
145313,3-2-5,38.6
145313,4-2-5,119.1
145313,5-2-4,164
145313,6-2-4,1058
145313,1-3-6,61.8
145313,2-3-6,75.2
145313,3-2-6,88.3
145313,4-2-6,171.2
145313,5-2-6,154.5
145313,6-2-5,545.2
145313,1-4-2,60.3
145313,2-4-1,86
145313,3-4-1,68.1
145313,4-3-1,144.3
145313,5-3-1,100.9
145313,6-3-1,1049
145313,1-4-3,38.9
145313,2-4-3,66.6
145313,3-4-2,77
145313,4-3-2,192.9
145313,5-3-2,135.8
145313,6-3-2,911.3
145313,1-4-5,49.6
145313,2-4-5,67.7
145313,3-4-5,43.9
145313,4-3-5,98.7
145313,5-3-4,140.4
145313,6-3-4,686
145313,1-4-6,107.4
145313,2-4-6,94.4
145313,3-4-6,99
145313,4-3-6,182.5
145313,5-3-6,157.2
145313,6-3-5,547.6
145313,1-5-2,65.3
145313,2-5-1,81.8
145313,3-5-1,49.6
145313,4-5-1,100.4
145313,5-4-1,199.1
145313,6-4-1,1274
145313,1-5-3,38
145313,2-5-3,53.6
145313,3-5-2,54.7
145313,4-5-2,104.5
145313,5-4-2,216
145313,6-4-2,1095
145313,1-5-4,82.2
145313,2-5-4,89.8
145313,3-5-4,64.8
145313,4-5-3,93.1
145313,5-4-3,158.2
145313,6-4-3,709.4
145313,1-5-6,105.4
145313,2-5-6,97.1
145313,3-5-6,81.6
145313,4-5-6,77.9
145313,5-4-6,144.1
145313,6-4-5,518
145313,1-6-2,211.2
145313,2-6-1,217.1
145313,3-6-1,326
145313,4-6-1,387.7
145313,5-6-1,271.4
145313,6-5-1,816
145313,1-6-3,152
145313,2-6-3,217.1
145313,3-6-2,221.3
145313,4-6-2,392.6
145313,5-6-2,272.6
145313,6-5-2,562.4
145313,1-6-4,250.7
145313,2-6-4,191.2
145313,3-6-4,190.6
145313,4-6-3,293.1
145313,5-6-3,202.3
145313,6-5-3,503.4
145313,1-6-5,200
145313,2-6-5,216.7
145313,3-6-5,188.8
145313,4-6-5,202.6
145313,5-6-4,237.8
145313,6-5-4,489.6
145314,1-2-3,23.8
145314,2-1-3,74.8
145314,3-1-2,116.1
145314,4-1-2,106.6
145314,5-1-2,35.8
145314,6-1-2,1705
145314,1-2-4,23.9
145314,2-1-4,64.9
145314,3-1-4,71.6
145314,4-1-3,92
145314,5-1-3,27.9
145314,6-1-3,1572
145314,1-2-5,14.4
145314,2-1-5,39.6
145314,3-1-5,36.5
145314,4-1-5,39.4
145314,5-1-4,29.3
145314,6-1-4,2211
145314,1-2-6,305.7
145314,2-1-6,397.6
145314,3-1-6,452.2
145314,4-1-6,337
145314,5-1-6,166.1
145314,6-1-5,1608
145314,1-3-2,30.5
145314,2-3-1,143.7
145314,3-2-1,199
145314,4-2-1,216.4
145314,5-2-1,99
145314,6-2-1,3077
145314,1-3-4,24.4
145314,2-3-4,165.5
145314,3-2-4,238.7
145314,4-2-3,280.8
145314,5-2-3,164.5
145314,6-2-3,3825
145314,1-3-5,12
145314,2-3-5,99.9
145314,3-2-5,170.5
145314,4-2-5,185.7
145314,5-2-4,130.8
145314,6-2-4,3452
145314,1-3-6,349.5
145314,2-3-6,1838
145314,3-2-6,1522
145314,4-2-6,1252
145314,5-2-6,526.2
145314,6-2-5,3452
145314,1-4-2,33.1
145314,2-4-1,152.2
145314,3-4-1,94.7
145314,4-3-1,134.6
145314,5-3-1,55.7
145314,6-3-1,2320
145314,1-4-3,35
145314,2-4-3,229.4
145314,3-4-2,174.1
145314,4-3-2,212.8
145314,5-3-2,111.9
145314,6-3-2,3825
145314,1-4-5,17.1
145314,2-4-5,114.8
145314,3-4-5,71.4
145314,4-3-5,102.4
145314,5-3-4,78.9
145314,6-3-4,3291
145314,1-4-6,432.8
145314,2-4-6,1608
145314,3-4-6,697.3
145314,4-3-6,795.2
145314,5-3-6,374.4
145314,6-3-5,3629
145314,1-5-2,15.3
145314,2-5-1,74.2
145314,3-5-1,47.3
145314,4-5-1,37.1
145314,5-4-1,45.8
145314,6-4-1,3011
145314,1-5-3,12.7
145314,2-5-3,104.4
145314,3-5-2,104.4
145314,4-5-2,77.4
145314,5-4-2,91.3
145314,6-4-2,3825
145314,1-5-4,14.6
145314,2-5-4,87.9
145314,3-5-4,67.1
145314,4-5-3,78.8
145314,5-4-3,82
145314,6-4-3,3932
145314,1-5-6,157.4
145314,2-5-6,561.7
145314,3-5-6,425
145314,4-5-6,178
145314,5-4-6,212.2
145314,6-4-5,3629
145314,1-6-2,652.3
145314,2-6-1,1993
145314,3-6-1,1887
145314,4-6-1,962.9
145314,5-6-1,278.1
145314,6-5-1,1209
145314,1-6-3,1123
145314,2-6-3,3077
145314,3-6-2,3370
145314,4-6-2,1645
145314,5-6-2,375.4
145314,6-5-2,1374
145314,1-6-4,863.1
145314,2-6-4,3452
145314,3-6-4,3011
145314,4-6-3,1791
145314,5-6-3,483.1
145314,6-5-3,1387
145314,1-6-5,589.8
145314,2-6-5,2246
145314,3-6-5,1705
145314,4-6-5,925.1
145314,5-6-4,534.1
145314,6-5-4,2211
145315,1-2-3,87.9
145315,2-1-3,266.8
145315,3-1-2,91
145315,4-1-2,185.7
145315,5-1-2,758.6
145315,6-1-2,339.5
145315,1-2-4,115.7
145315,2-1-4,287.7
145315,3-1-4,9.9
145315,4-1-3,48.9
145315,5-1-3,445.2
145315,6-1-3,90.2
145315,1-2-5,230.1
145315,2-1-5,628.7
145315,3-1-5,44.1
145315,4-1-5,104
145315,5-1-4,415.3
145315,6-1-4,90.8
145315,1-2-6,142.3
145315,2-1-6,394.7
145315,3-1-6,11.3
145315,4-1-6,46.1
145315,5-1-6,486.7
145315,6-1-5,374.1
145315,1-3-2,60
145315,2-3-1,367
145315,3-2-1,201.4
145315,4-2-1,388
145315,5-2-1,2190
145315,6-2-1,870.5
145315,1-3-4,11.5
145315,2-3-4,378.2
145315,3-2-4,191.5
145315,4-2-3,343.8
145315,5-2-3,1835
145315,6-2-3,789.5
145315,1-3-5,55.4
145315,2-3-5,998.5
145315,3-2-5,389.1
145315,4-2-5,722.3
145315,5-2-4,1293
145315,6-2-4,659.2
145315,1-3-6,12.8
145315,2-3-6,593
145315,3-2-6,206
145315,4-2-6,323.3
145315,5-2-6,1763
145315,6-2-5,1293
145315,1-4-2,97.4
145315,2-4-1,443.8
145315,3-4-1,19.3
145315,4-3-1,42.5
145315,5-3-1,545.3
145315,6-3-1,102.8
145315,1-4-3,20.2
145315,2-4-3,471.5
145315,3-4-2,126.2
145315,4-3-2,219
145315,5-3-2,1293
145315,6-3-2,431.1
145315,1-4-5,91.4
145315,2-4-5,1331
145315,3-4-5,57.3
145315,4-3-5,105.1
145315,5-3-4,449.6
145315,6-3-4,67.6
145315,1-4-6,24.1
145315,2-4-6,614.4
145315,3-4-6,13.1
145315,4-3-6,33.2
145315,5-3-6,443.8
145315,6-3-5,293.9
145315,1-5-2,318.7
145315,2-5-1,1476
145315,3-5-1,138.5
145315,4-5-1,174.1
145315,5-4-1,734
145315,6-4-1,154.8
145315,1-5-3,156
145315,2-5-3,1676
145315,3-5-2,445.2
145315,4-5-2,514.4
145315,5-4-2,1234
145315,6-4-2,436.6
145315,1-5-4,180.8
145315,2-5-4,1344
145315,3-5-4,123.9
145315,4-5-3,187.3
145315,5-4-3,606.2
145315,6-4-3,100.5
145315,1-5-6,166.6
145315,2-5-6,1741
145315,3-5-6,107.3
145315,4-5-6,136.4
145315,5-4-6,512.4
145315,6-4-5,326.4
145315,1-6-2,129.8
145315,2-6-1,738
145315,3-6-1,22.8
145315,4-6-1,56
145315,5-6-1,771.6
145315,6-5-1,899.3
145315,1-6-3,31.9
145315,2-6-3,780.4
145315,3-6-2,133.6
145315,4-6-2,177.2
145315,5-6-2,1476
145315,6-5-2,1293
145315,1-6-4,36.6
145315,2-6-4,722.3
145315,3-6-4,19.2
145315,4-6-3,43.9
145315,5-6-3,606.2
145315,6-5-3,685.8
145315,1-6-5,167
145315,2-6-5,1616
145315,3-6-5,77.7
145315,4-6-5,116.5
145315,5-6-4,547.5
145315,6-5-4,479.8
145316,1-2-3,20.4
145316,2-1-3,27
145316,3-1-2,40.1
145316,4-1-2,235.2
145316,5-1-2,45.2
145316,6-1-2,2473
145316,1-2-4,62.5
145316,2-1-4,64.8
145316,3-1-4,64.8
145316,4-1-3,210.7
145316,5-1-3,51.6
145316,6-1-3,3188
145316,1-2-5,21.3
145316,2-1-5,17.2
145316,3-1-5,31.1
145316,4-1-5,165.8
145316,5-1-4,101.1
145316,6-1-4,4783
145316,1-2-6,580.9
145316,2-1-6,567.1
145316,3-1-6,1032
145316,4-1-6,2562
145316,5-1-6,728.3
145316,6-1-5,5978
145316,1-3-2,22.5
145316,2-3-1,34.3
145316,3-2-1,57.5
145316,4-2-1,286.4
145316,5-2-1,39.3
145316,6-2-1,4348
145316,1-3-4,44.7
145316,2-3-4,48.2
145316,3-2-4,67.9
145316,4-2-3,225.9
145316,5-2-3,24.2
145316,6-2-3,5124
145316,1-3-5,22
145316,2-3-5,12.3
145316,3-2-5,25.2
145316,4-2-5,156.6
145316,5-2-4,63.3
145316,6-2-4,6238
145316,1-3-6,824.6
145316,2-3-6,564.9
145316,3-2-6,844
145316,4-2-6,1965
145316,5-2-6,424.5
145316,6-2-5,3587
145316,1-4-2,76.4
145316,2-4-1,127.8
145316,3-4-1,115.6
145316,4-3-1,274.3
145316,5-3-1,74.3
145316,6-3-1,4783
145316,1-4-3,80
145316,2-4-3,89.1
145316,3-4-2,80.7
145316,4-3-2,204.1
145316,5-3-2,40.1
145316,6-3-2,6522
145316,1-4-5,68.5
145316,2-4-5,50.8
145316,3-4-5,57.9
145316,4-3-5,133.8
145316,5-3-4,97.5
145316,6-3-4,5739
145316,1-4-6,1157
145316,2-4-6,989.5
145316,3-4-6,1406
145316,4-3-6,2517
145316,5-3-6,963
145316,6-3-5,5518
145316,1-5-2,31.6
145316,2-5-1,21
145316,3-5-1,45.8
145316,4-5-1,141.2
145316,5-4-1,151.5
145316,6-4-1,6522
145316,1-5-3,33.9
145316,2-5-3,13.2
145316,3-5-2,30.7
145316,4-5-2,116.5
145316,5-4-2,106.2
145316,6-4-2,9566
145316,1-5-4,79.5
145316,2-5-4,34.8
145316,3-5-4,64.2
145316,4-5-3,129.3
145316,5-4-3,139.5
145316,6-4-3,5978
145316,1-5-6,732
145316,2-5-6,367.9
145316,3-5-6,944
145316,4-5-6,1062
145316,5-4-6,1129
145316,6-4-5,2928
145316,1-6-2,891.2
145316,2-6-1,1708
145316,3-6-1,2707
145316,4-6-1,3336
145316,5-6-1,1542
145316,6-5-1,5978
145316,1-6-3,2049
145316,2-6-3,1992
145316,3-6-2,3776
145316,4-6-2,3776
145316,5-6-2,1304
145316,6-5-2,3878
145316,1-6-4,2707
145316,2-6-4,2759
145316,3-6-4,3336
145316,4-6-3,3416
145316,5-6-3,1839
145316,6-5-3,5124
145316,1-6-5,3052
145316,2-6-5,1406
145316,3-6-5,3679
145316,4-6-5,3587
145316,5-6-4,2242
145316,6-5-4,4628
145317,1-2-3,12.6
145317,2-1-3,39.4
145317,3-1-2,89.6
145317,4-1-2,59.5
145317,5-1-2,201.2
145317,6-1-2,1535
145317,1-2-4,9.5
145317,2-1-4,31.7
145317,3-1-4,33.2
145317,4-1-3,40.8
145317,5-1-3,168.1
145317,6-1-3,2270
145317,1-2-5,25.9
145317,2-1-5,67.4
145317,3-1-5,54.7
145317,4-1-5,40.6
145317,5-1-4,134.9
145317,6-1-4,2040
145317,1-2-6,115
145317,2-1-6,210.1
145317,3-1-6,212.9
145317,4-1-6,155.7
145317,5-1-6,353.5
145317,6-1-5,3161
145317,1-3-2,15.4
145317,2-3-1,117.3
145317,3-2-1,198
145317,4-2-1,125.5
145317,5-2-1,457.9
145317,6-2-1,3161
145317,1-3-4,9.1
145317,2-3-4,137.6
145317,3-2-4,175.4
145317,4-2-3,222
145317,5-2-3,644.8
145317,6-2-3,4133
145317,1-3-5,19.2
145317,2-3-5,207.7
145317,3-2-5,249.9
145317,4-2-5,167.4
145317,5-2-4,439.2
145317,6-2-4,3430
145317,1-3-6,75.2
145317,2-3-6,592.7
145317,3-2-6,563.6
145317,4-2-6,392.2
145317,5-2-6,716.5
145317,6-2-5,5200
145317,1-4-2,12
145317,2-4-1,74.6
145317,3-4-1,49.8
145317,4-3-1,76.4
145317,5-3-1,351.9
145317,6-3-1,2480
145317,1-4-3,12.2
145317,2-4-3,135.2
145317,3-4-2,118.8
145317,4-3-2,211
145317,5-3-2,663.4
145317,6-3-2,4357
145317,1-4-5,16
145317,2-4-5,153.5
145317,3-4-5,65.7
145317,4-3-5,106.3
145317,5-3-4,330.3
145317,6-3-4,2642
145317,1-4-6,80.6
145317,2-4-6,438
145317,3-4-6,164.5
145317,4-3-6,230.6
145317,5-3-6,822.5
145317,6-3-5,3582
145317,1-5-2,42.9
145317,2-5-1,265.5
145317,3-5-1,163.5
145317,4-5-1,68.4
145317,5-4-1,179.3
145317,6-4-1,2066
145317,1-5-3,41.8
145317,2-5-3,476.9
145317,3-5-2,335.1
145317,4-5-2,142.6
145317,5-4-2,348.1
145317,6-4-2,2686
145317,1-5-4,39.5
145317,2-5-4,387.5
145317,3-5-4,150.1
145317,4-5-3,113.7
145317,5-4-3,262.5
145317,6-4-3,2600
145317,1-5-6,120.5
145317,2-5-6,736.1
145317,3-5-6,383.8
145317,4-5-6,121.4
145317,5-4-6,348.1
145317,6-4-5,1697
145317,1-6-2,263.8
145317,2-6-1,1007
145317,3-6-1,756.8
145317,4-6-1,468.6
145317,5-6-1,790.2
145317,6-5-1,3224
145317,1-6-3,320.5
145317,2-6-3,1580
145317,3-6-2,1259
145317,4-6-2,713.3
145317,5-6-2,1159
145317,6-5-2,5037
145317,1-6-4,305.3
145317,2-6-4,895.6
145317,3-6-4,786.4
145317,4-6-3,577.8
145317,5-6-3,1212
145317,6-5-3,3838
145317,1-6-5,368
145317,2-6-5,1343
145317,3-6-5,822.5
145317,4-6-5,420.9
145317,5-6-4,818.3
145317,6-5-4,2370
145318,1-2-3,17
145318,2-1-3,26.6
145318,3-1-2,110.9
145318,4-1-2,63.1
145318,5-1-2,372.4
145318,6-1-2,422.7
145318,1-2-4,11.4
145318,2-1-4,15.8
145318,3-1-4,91.3
145318,4-1-3,102.7
145318,5-1-3,372.4
145318,6-1-3,614.1
145318,1-2-5,32.6
145318,2-1-5,48.9
145318,3-1-5,157.2
145318,4-1-5,109.1
145318,5-1-4,341.9
145318,6-1-4,909.1
145318,1-2-6,54.7
145318,2-1-6,65.1
145318,3-1-6,201.9
145318,4-1-6,142.6
145318,5-1-6,609.5
145318,6-1-5,1232
145318,1-3-2,36.3
145318,2-3-1,48.2
145318,3-2-1,99.4
145318,4-2-1,52.3
145318,5-2-1,367.3
145318,6-2-1,457.1
145318,1-3-4,34.1
145318,2-3-4,22.1
145318,3-2-4,44.9
145318,4-2-3,61.8
145318,5-2-3,306.4
145318,6-2-3,521.6
145318,1-3-5,63.4
145318,2-3-5,48.8
145318,3-2-5,87.5
145318,4-2-5,55.6
145318,5-2-4,197.2
145318,6-2-4,466.3
145318,1-3-6,109.5
145318,2-3-6,72
145318,3-2-6,139.5
145318,4-2-6,85.8
145318,5-2-6,410.9
145318,6-2-5,889.3
145318,1-4-2,17.9
145318,2-4-1,23.4
145318,3-4-1,93.8
145318,4-3-1,122.9
145318,5-3-1,494.6
145318,6-3-1,1344
145318,1-4-3,35.7
145318,2-4-3,16.8
145318,3-4-2,55.6
145318,4-3-2,95.7
145318,5-3-2,426
145318,6-3-2,1114
145318,1-4-5,46.1
145318,2-4-5,23.3
145318,3-4-5,94.9
145318,4-3-5,126.4
145318,5-3-4,311.7
145318,6-3-4,1154
145318,1-4-6,70.9
145318,2-4-6,45.6
145318,3-4-6,129.6
145318,4-3-6,145.9
145318,5-3-6,813.7
145318,6-3-5,1808
145318,1-5-2,98.6
145318,2-5-1,130.3
145318,3-5-1,234.1
145318,4-5-1,135.2
145318,5-4-1,312.9
145318,6-4-1,1036
145318,1-5-3,108.1
145318,2-5-3,101.4
145318,3-5-2,183.8
145318,4-5-2,88
145318,5-4-2,215.8
145318,6-4-2,625.9
145318,1-5-4,92.8
145318,2-5-4,68.3
145318,3-5-4,184.5
145318,4-5-3,162.7
145318,5-4-3,337.6
145318,6-4-3,1099
145318,1-5-6,201.9
145318,2-5-6,170.4
145318,3-5-6,317.2
145318,4-5-6,131.9
145318,5-4-6,367.3
145318,6-4-5,1146
145318,1-6-2,137.4
145318,2-6-1,199.6
145318,3-6-1,360.8
145318,4-6-1,278.6
145318,5-6-1,919.4
145318,6-5-1,1768
145318,1-6-3,240
145318,2-6-3,228.5
145318,3-6-2,378.4
145318,4-6-2,174
145318,5-6-2,756.9
145318,6-5-2,1479
145318,1-6-4,201.1
145318,2-6-4,122.2
145318,3-6-4,307.6
145318,4-6-3,319.1
145318,5-6-3,1092
145318,6-5-3,2034
145318,1-6-5,369
145318,2-6-5,261.6
145318,3-6-5,611.8
145318,4-6-5,245.8
145318,5-6-4,678.1
145318,6-5-4,1466
145319,1-2-3,65.6
145319,2-1-3,268.2
145319,3-1-2,150.2
145319,4-1-2,187.5
145319,5-1-2,54.2
145319,6-1-2,2450
145319,1-2-4,64.4
145319,2-1-4,333.1
145319,3-1-4,53.5
145319,4-1-3,90.6
145319,5-1-3,17.5
145319,6-1-3,2891
145319,1-2-5,48.9
145319,2-1-5,287.4
145319,3-1-5,32.4
145319,4-1-5,42.6
145319,5-1-4,19.1
145319,6-1-4,3213
145319,1-2-6,432.8
145319,2-1-6,1742
145319,3-1-6,510.9
145319,4-1-6,688.5
145319,5-1-6,155.3
145319,6-1-5,3143
145319,1-3-2,47.9
145319,2-3-1,333.1
145319,3-2-1,261.4
145319,4-2-1,348.4
145319,5-2-1,136.6
145319,6-2-1,5783
145319,1-3-4,15.8
145319,2-3-4,642.6
145319,3-2-4,364.1
145319,4-2-3,474
145319,5-2-3,178
145319,6-2-3,4381
145319,1-3-5,9.2
145319,2-3-5,402.7
145319,3-2-5,271.7
145319,4-2-5,248.4
145319,5-2-4,142.3
145319,6-2-4,4131
145319,1-3-6,623.2
145319,2-3-6,1980
145319,3-2-6,821.5
145319,4-2-6,1853
145319,5-2-6,365.1
145319,6-2-5,5783
145319,1-4-2,52.5
145319,2-4-1,442.1
145319,3-4-1,68.8
145319,4-3-1,115.1
145319,5-3-1,28.5
145319,6-3-1,4664
145319,1-4-3,22.9
145319,2-4-3,657.2
145319,3-4-2,227.6
145319,4-3-2,357
145319,5-3-2,105.6
145319,6-3-2,4131
145319,1-4-5,12.8
145319,2-4-5,386.5
145319,3-4-5,46.6
145319,4-3-5,71.8
145319,5-3-4,33.2
145319,6-3-4,5163
145319,1-4-6,403.8
145319,2-4-6,2677
145319,3-4-6,651.2
145319,4-3-6,1571
145319,5-3-6,262.4
145319,6-3-5,3614
145319,1-5-2,31.2
145319,2-5-1,320.5
145319,3-5-1,35.7
145319,4-5-1,33.9
145319,5-4-1,26.6
145319,6-4-1,3442
145319,1-5-3,8.3
145319,2-5-3,400.5
145319,3-5-2,125.6
145319,4-5-2,101.1
145319,5-4-2,86.5
145319,6-4-2,4518
145319,1-5-4,11
145319,2-5-4,347.5
145319,3-5-4,36.4
145319,4-5-3,44.5
145319,5-4-3,34.1
145319,6-4-3,4985
145319,1-5-6,184.6
145319,2-5-6,1235
145319,3-5-6,382.5
145319,4-5-6,249.2
145319,5-4-6,173.3
145319,6-4-5,2370
145319,1-6-2,876.2
145319,2-6-1,5163
145319,3-6-1,1185
145319,4-6-1,1257
145319,5-6-1,537.4
145319,6-5-1,3286
145319,1-6-3,1588
145319,2-6-3,5355
145319,3-6-2,1902
145319,4-6-2,1902
145319,5-6-2,698.4
145319,6-5-2,2780
145319,1-6-4,1390
145319,2-6-4,3804
145319,3-6-4,1877
145319,4-6-3,1721
145319,5-6-3,672.4
145319,6-5-3,3442
145319,1-6-5,1138
145319,2-6-5,2126
145319,3-6-5,1624
145319,4-6-5,1004
145319,5-6-4,639.7
145319,6-5-4,2095
145320,1-2-3,13
145320,2-1-3,15.4
145320,3-1-2,12.8
145320,4-1-2,331.6
145320,5-1-2,543.2
145320,6-1-2,456.5
145320,1-2-4,57.1
145320,2-1-4,59.3
145320,3-1-4,32.5
145320,4-1-3,289.2
145320,5-1-3,493.7
145320,6-1-3,285.4
145320,1-2-5,76.9
145320,2-1-5,99.1
145320,3-1-5,40.7
145320,4-1-5,596.7
145320,5-1-4,971.6
145320,6-1-4,851.5
145320,1-2-6,63.3
145320,2-1-6,83.3
145320,3-1-6,32.9
145320,4-1-6,485.8
145320,5-1-6,876.1
145320,6-1-5,1263
145320,1-3-2,11.8
145320,2-3-1,14.8
145320,3-2-1,14
145320,4-2-1,405.2
145320,5-2-1,861.1
145320,6-2-1,519
145320,1-3-4,31.8
145320,2-3-4,27
145320,3-2-4,19.6
145320,4-2-3,205.3
145320,5-2-3,533.6
145320,6-2-3,239.4
145320,1-3-5,44
145320,2-3-5,38.8
145320,3-2-5,25.8
145320,4-2-5,634.1
145320,5-2-4,1024
145320,6-2-4,769.3
145320,1-3-6,32.2
145320,2-3-6,30.4
145320,3-2-6,19.6
145320,4-2-6,490.5
145320,5-2-6,1024
145320,6-2-5,1106
145320,1-4-2,96.9
145320,2-4-1,166.1
145320,3-4-1,63.5
145320,4-3-1,261.3
145320,5-3-1,495.3
145320,6-3-1,292
145320,1-4-3,81.6
145320,2-4-3,79.3
145320,3-4-2,39.4
145320,4-3-2,182.6
145320,5-3-2,490.5
145320,6-3-2,236.8
145320,1-4-5,198.1
145320,2-4-5,288.7
145320,3-4-5,85
145320,4-3-5,412.9
145320,5-3-4,1122
145320,6-3-4,606.2
145320,1-4-6,172.8
145320,2-4-6,176.2
145320,3-4-6,62.9
145320,4-3-6,309.9
145320,5-3-6,810.5
145320,6-3-5,810.5
145320,1-5-2,178.9
145320,2-5-1,363.4
145320,3-5-1,106.1
145320,4-5-1,806.2
145320,5-4-1,1629
145320,6-4-1,659
145320,1-5-3,173.6
145320,2-5-3,160.3
145320,3-5-2,65.6
145320,4-5-2,819.3
145320,5-4-2,1684
145320,6-4-2,701.7
145320,1-5-4,348.4
145320,2-5-4,373.3
145320,3-5-4,129.2
145320,4-5-3,673.6
145320,5-4-3,1471
145320,6-4-3,866.1
145320,1-5-6,350.8
145320,2-5-6,307.4
145320,3-5-6,100.1
145320,4-5-6,814.8
145320,5-4-6,1783
145320,6-4-5,2165
145320,1-6-2,159.2
145320,2-6-1,214.9
145320,3-6-1,73.2
145320,4-6-1,493.7
145320,5-6-1,1783
145320,6-5-1,2706
145320,1-6-3,158.3
145320,2-6-3,115
145320,3-6-2,44.8
145320,4-6-2,520.8
145320,5-6-2,1390
145320,6-5-2,1894
145320,1-6-4,387.6
145320,2-6-4,321.8
145320,3-6-4,109.8
145320,4-6-3,559.3
145320,5-6-3,1157
145320,6-5-3,1546
145320,1-6-5,493.7
145320,2-6-5,423.3
145320,3-6-5,96.8
145320,4-6-5,1024
145320,5-6-4,2659
145320,6-5-4,2971
145321,1-2-3,44.4
145321,2-1-3,339
145321,3-1-2,435.3
145321,4-1-2,39.5
145321,5-1-2,244.9
145321,6-1-2,76.5
145321,1-2-4,9.6
145321,2-1-4,64.2
145321,3-1-4,374.9
145321,4-1-3,225.7
145321,5-1-3,697.6
145321,6-1-3,238
145321,1-2-5,59.3
145321,2-1-5,196.7
145321,3-1-5,956.2
145321,4-1-5,42.4
145321,5-1-4,172.2
145321,6-1-4,51.2
145321,1-2-6,11
145321,2-1-6,64.4
145321,3-1-6,388.6
145321,4-1-6,18.5
145321,5-1-6,141.3
145321,6-1-5,116.1
145321,1-3-2,54.6
145321,2-3-1,855.3
145321,3-2-1,868.4
145321,4-2-1,78.1
145321,5-2-1,601.4
145321,6-2-1,200.2
145321,1-3-4,61.3
145321,2-3-4,1279
145321,3-2-4,1361
145321,4-2-3,517.3
145321,5-2-3,1636
145321,6-2-3,777.2
145321,1-3-5,189.7
145321,2-3-5,1719
145321,3-2-5,1979
145321,4-2-5,168.8
145321,5-2-4,628.1
145321,6-2-4,227.2
145321,1-3-6,68.8
145321,2-3-6,1165
145321,3-2-6,1350
145321,4-2-6,58.2
145321,5-2-6,421.3
145321,6-2-5,437.5
145321,1-4-2,9.4
145321,2-4-1,124.5
145321,3-4-1,616.7
145321,4-3-1,549
145321,5-3-1,1773
145321,6-3-1,900.6
145321,1-4-3,50.8
145321,2-4-3,697.6
145321,3-4-2,935.2
145321,4-3-2,920
145321,5-3-2,2182
145321,6-3-2,1340
145321,1-4-5,34.5
145321,2-4-5,462.5
145321,3-4-5,1299
145321,4-3-5,846.8
145321,5-3-4,2002
145321,6-3-4,930.1
145321,1-4-6,9.7
145321,2-4-6,127.7
145321,3-4-6,877.3
145321,4-3-6,595.1
145321,5-3-6,1979
145321,6-3-5,1736
145321,1-5-2,84.8
145321,2-5-1,250.6
145321,3-5-1,621.2
145321,4-5-1,47.7
145321,5-4-1,180.8
145321,6-4-1,55.7
145321,1-5-3,248.1
145321,2-5-3,1383
145321,3-5-2,1561
145321,4-5-2,119.9
145321,5-4-2,339
145321,6-4-2,146.2
145321,1-5-4,71.8
145321,2-5-4,746.5
145321,3-5-4,2397
145321,4-5-3,453.9
145321,5-4-3,1031
145321,6-4-3,503.5
145321,1-5-6,58.6
145321,2-5-6,424.4
145321,3-5-6,3211
145321,4-5-6,30.5
145321,5-4-6,109.7
145321,6-4-5,101.7
145321,1-6-2,19.2
145321,2-6-1,151
145321,3-6-1,773.7
145321,4-6-1,23.7
145321,5-6-1,173.1
145321,6-5-1,173.8
145321,1-6-3,92.4
145321,2-6-3,1260
145321,3-6-2,1430
145321,4-6-2,45.3
145321,5-6-2,313.4
145321,6-5-2,373.2
145321,1-6-4,18.3
145321,2-6-4,228.4
145321,3-6-4,1270
145321,4-6-3,132.7
145321,5-6-3,607.9
145321,6-5-3,664.9
145321,1-6-5,61
145321,2-6-5,303.4
145321,3-6-5,2331
145321,4-6-5,28.3
145321,5-6-4,135.9
145321,6-5-4,142.7
145322,1-2-3,34
145322,2-1-3,296.6
145322,3-1-2,368.1
145322,4-1-2,26
145322,5-1-2,280.1
145322,6-1-2,1070
145322,1-2-4,12.3
145322,2-1-4,111
145322,3-1-4,164.3
145322,4-1-3,45.4
145322,5-1-3,353.6
145322,6-1-3,1322
145322,1-2-5,49.8
145322,2-1-5,261.4
145322,3-1-5,381.6
145322,4-1-5,13.5
145322,5-1-4,102
145322,6-1-4,593.2
145322,1-2-6,101.8
145322,2-1-6,319.4
145322,3-1-6,562.6
145322,4-1-6,23.9
145322,5-1-6,187
145322,6-1-5,1128
145322,1-3-2,37.6
145322,2-3-1,768.9
145322,3-2-1,807.8
145322,4-2-1,86.8
145322,5-2-1,520.3
145322,6-2-1,1048
145322,1-3-4,13.5
145322,2-3-4,692
145322,3-2-4,513.9
145322,4-2-3,293.6
145322,5-2-3,1153
145322,6-2-3,4237
145322,1-3-5,49.2
145322,2-3-5,1422
145322,3-2-5,1092
145322,4-2-5,103.2
145322,5-2-4,512.6
145322,6-2-4,1128
145322,1-3-6,81.9
145322,2-3-6,2332
145322,3-2-6,2414
145322,4-2-6,173.4
145322,5-2-6,798.5
145322,6-2-5,3145
145322,1-4-2,6.6
145322,2-4-1,165.9
145322,3-4-1,241.4
145322,4-3-1,139.5
145322,5-3-1,682.9
145322,6-3-1,2306
145322,1-4-3,8.7
145322,2-4-3,508.8
145322,3-4-2,411.9
145322,4-3-2,326.9
145322,5-3-2,1504
145322,6-3-2,4237
145322,1-4-5,8.4
145322,2-4-5,429.8
145322,3-4-5,444.5
145322,4-3-5,180.8
145322,5-3-4,906.6
145322,6-3-4,2076
145322,1-4-6,19.8
145322,2-4-6,501.5
145322,3-4-6,614.2
145322,4-3-6,312.2
145322,5-3-6,1493
145322,6-3-5,4325
145322,1-5-2,73.1
145322,2-5-1,733.6
145322,3-5-1,706.1
145322,4-5-1,21
145322,5-4-1,95.1
145322,6-4-1,501.5
145322,1-5-3,78.2
145322,2-5-3,1940
145322,3-5-2,1870
145322,4-5-2,65.9
145322,5-4-2,255.6
145322,6-4-2,887.2
145322,1-5-4,33.7
145322,2-5-4,798.5
145322,3-5-4,711
145322,4-5-3,86
145322,5-4-3,450.3
145322,6-4-3,1634
145322,1-5-6,109.1
145322,2-5-6,1660
145322,3-5-6,1504
145322,4-5-6,29.9
145322,5-4-6,136.2
145322,6-4-5,804.7
145322,1-6-2,172.5
145322,2-6-1,1289
145322,3-6-1,1422
145322,4-6-1,55.4
145322,5-6-1,474
145322,6-5-1,1493
145322,1-6-3,190.1
145322,2-6-3,1870
145322,3-6-2,1977
145322,4-6-2,149.1
145322,5-6-2,861.5
145322,6-5-2,2531
145322,1-6-4,81.3
145322,2-6-4,1357
145322,3-6-4,1572
145322,4-6-3,234
145322,5-6-3,1265
145322,6-5-3,3707
145322,1-6-5,199
145322,2-6-5,2035
145322,3-6-5,2332
145322,4-6-5,58.2
145322,5-6-4,391.7
145322,6-5-4,1053
145323,1-2-3,4.1
145323,2-1-3,17.9
145323,3-1-2,30.8
145323,4-1-2,262.2
145323,5-1-2,614
145323,6-1-2,392.7
145323,1-2-4,11.7
145323,2-1-4,38.9
145323,3-1-4,35.3
145323,4-1-3,209.5
145323,5-1-3,663
145323,6-1-3,420.1
145323,1-2-5,41.2
145323,2-1-5,133.4
145323,3-1-5,124.4
145323,4-1-5,503.9
145323,5-1-4,876.2
145323,6-1-4,1132
145323,1-2-6,18.8
145323,2-1-6,46.1
145323,3-1-6,41.2
145323,4-1-6,262.6
145323,5-1-6,932.5
145323,6-1-5,1981
145323,1-3-2,6.3
145323,2-3-1,40.1
145323,3-2-1,55.9
145323,4-2-1,421.2
145323,5-2-1,1007
145323,6-2-1,514.3
145323,1-3-4,12.4
145323,2-3-4,102.1
145323,3-2-4,98.6
145323,4-2-3,403.6
145323,5-2-3,854.7
145323,6-2-3,534.9
145323,1-3-5,50.1
145323,2-3-5,282.1
145323,3-2-5,239.2
145323,4-2-5,1013
145323,5-2-4,1383
145323,6-2-4,1254
145323,1-3-6,22.6
145323,2-3-6,94.7
145323,3-2-6,102.5
145323,4-2-6,349.4
145323,5-2-6,979.6
145323,6-2-5,2294
145323,1-4-2,33
145323,2-4-1,182
145323,3-4-1,81.4
145323,4-3-1,185.5
145323,5-3-1,771.5
145323,6-3-1,603.3
145323,1-4-3,38.6
145323,2-4-3,203.7
145323,3-4-2,112.7
145323,4-3-2,246.9
145323,5-3-2,689.2
145323,6-3-2,591.1
145323,1-4-5,152.8
145323,2-4-5,748.4
145323,3-4-5,202.2
145323,4-3-5,385.7
145323,5-3-4,898.8
145323,6-3-4,1069
145323,1-4-6,81.9
145323,2-4-6,314.1
145323,3-4-6,82.4
145323,4-3-6,186.3
145323,5-3-6,803.5
145323,6-3-5,2152
145323,1-5-2,138
145323,2-5-1,539.8
145323,3-5-1,348.7
145323,4-5-1,894.2
145323,5-4-1,1570
145323,6-4-1,1816
145323,1-5-3,199.7
145323,2-5-3,645.8
145323,3-5-2,454.1
145323,4-5-2,1037
145323,5-4-2,1676
145323,6-4-2,1835
145323,1-5-4,299.6
145323,2-5-4,958.1
145323,3-5-4,444.8
145323,4-5-3,742
145323,5-4-3,1228
145323,6-4-3,1321
145323,1-5-6,196.3
145323,2-5-6,778.4
145323,3-5-6,386.6
145323,4-5-6,512.8
145323,5-4-6,1321
145323,6-4-5,2179
145323,1-6-2,66.1
145323,2-6-1,225.8
145323,3-6-1,118
145323,4-6-1,401.7
145323,5-6-1,1186
145323,6-5-1,2356
145323,1-6-3,88.6
145323,2-6-3,249.8
145323,3-6-2,146
145323,4-6-2,430.5
145323,5-6-2,1263
145323,6-5-2,2027
145323,1-6-4,166
145323,2-6-4,360.2
145323,3-6-4,166.7
145323,4-6-3,375.8
145323,5-6-3,1441
145323,6-5-3,1895
145323,1-6-5,279.4
145323,2-6-5,738.8
145323,3-6-5,280.3
145323,4-6-5,518.9
145323,5-6-4,1981
145323,6-5-4,2456
145324,1-2-3,10.9
145324,2-1-3,103.7
145324,3-1-2,100
145324,4-1-2,244.6
145324,5-1-2,288.7
145324,6-1-2,40.7
145324,1-2-4,15.2
145324,2-1-4,119.6
145324,3-1-4,137
145324,4-1-3,365.2
145324,5-1-3,551.4
145324,6-1-3,79.3
145324,1-2-5,16.9
145324,2-1-5,113.8
145324,3-1-5,202
145324,4-1-5,284.5
145324,5-1-4,564.1
145324,6-1-4,119.4
145324,1-2-6,6
145324,2-1-6,58.6
145324,3-1-6,81.5
145324,4-1-6,164.3
145324,5-1-6,228.6
145324,6-1-5,81.9
145324,1-3-2,15.5
145324,2-3-1,217.9
145324,3-2-1,275.3
145324,4-2-1,451
145324,5-2-1,486.9
145324,6-2-1,64.8
145324,1-3-4,36.7
145324,2-3-4,442.8
145324,3-2-4,383
145324,4-2-3,789.3
145324,5-2-3,1081
145324,6-2-3,155.1
145324,1-3-5,37.4
145324,2-3-5,507.1
145324,3-2-5,462.7
145324,4-2-5,833
145324,5-2-4,983.6
145324,6-2-4,172.6
145324,1-3-6,18
145324,2-3-6,231.1
145324,3-2-6,216.5
145324,4-2-6,397
145324,5-2-6,391.5
145324,6-2-5,140.5
145324,1-4-2,33.9
145324,2-4-1,314.2
145324,3-4-1,229.2
145324,4-3-1,337.5
145324,5-3-1,815.6
145324,6-3-1,168.6
145324,1-4-3,56.9
145324,2-4-3,529
145324,3-4-2,358.5
145324,4-3-2,501.9
145324,5-3-2,1052
145324,6-3-2,249.3
145324,1-4-5,55.3
145324,2-4-5,470.5
145324,3-4-5,300.7
145324,4-3-5,435.9
145324,5-3-4,1118
145324,6-3-4,303.9
145324,1-4-6,34.7
145324,2-4-6,272.2
145324,3-4-6,203.4
145324,4-3-6,265.2
145324,5-3-6,741.5
145324,6-3-5,383
145324,1-5-2,29.4
145324,2-5-1,331.7
145324,3-5-1,245.6
145324,4-5-1,504.5
145324,5-4-1,786.1
145324,6-4-1,236.7
145324,1-5-3,63.6
145324,2-5-3,699.1
145324,3-5-2,515.1
145324,4-5-2,679.7
145324,5-4-2,1030
145324,6-4-2,225.5
145324,1-5-4,82.1
145324,2-5-4,575.7
145324,3-5-4,342.2
145324,4-5-3,812.2
145324,5-4-3,1186
145324,6-4-3,436.9
145324,1-5-6,31.5
145324,2-5-6,237.2
145324,3-5-6,273
145324,4-5-6,379.3
145324,5-4-6,613.6
145324,6-4-5,382.3
145324,1-6-2,13.4
145324,2-6-1,91.4
145324,3-6-1,144.1
145324,4-6-1,277.6
145324,5-6-1,276.4
145324,6-5-1,164.6
145324,1-6-3,28.2
145324,2-6-3,253.8
145324,3-6-2,291.3
145324,4-6-2,255.2
145324,5-6-2,346.4
145324,6-5-2,209.1
145324,1-6-4,39.2
145324,2-6-4,239.6
145324,3-6-4,265.6
145324,4-6-3,491.8
145324,5-6-3,639.7
145324,6-5-3,435.9
145324,1-6-5,32.6
145324,2-6-5,182.4
145324,3-6-5,223.4
145324,4-6-5,427.4
145324,5-6-4,552.9
145324,6-5-4,363.1
145385,1-2-3,4.5
145385,2-1-3,58.3
145385,3-1-2,196.6
145385,4-1-2,152.2
145385,5-1-2,843.4
145385,6-1-2,1018
145385,1-2-4,3.9
145385,2-1-4,51.1
145385,3-1-4,204.2
145385,4-1-3,266.9
145385,5-1-3,1033
145385,6-1-3,2330
145385,1-2-5,16.3
145385,2-1-5,147.6
145385,3-1-5,372.5
145385,4-1-5,259.8
145385,5-1-4,1065
145385,6-1-4,1636
145385,1-2-6,21.1
145385,2-1-6,135
145385,3-1-6,708.6
145385,4-1-6,376.6
145385,5-1-6,1510
145385,6-1-5,2749
145385,1-3-2,8.8
145385,2-3-1,280.5
145385,3-2-1,376.6
145385,4-2-1,298.8
145385,5-2-1,1374
145385,6-2-1,1527
145385,1-3-4,11.5
145385,2-3-4,595.1
145385,3-2-4,597.7
145385,4-2-3,886.9
145385,5-2-3,2499
145385,6-2-3,5091
145385,1-3-5,20.5
145385,2-3-5,928.8
145385,3-2-5,875.6
145385,4-2-5,823.2
145385,5-2-4,1808
145385,6-2-4,2925
145385,1-3-6,49
145385,2-3-6,1527
145385,3-2-6,1676
145385,4-2-6,881.2
145385,5-2-6,3525
145385,6-2-5,5287
145385,1-4-2,9
145385,2-4-1,208.2
145385,3-4-1,501.7
145385,4-3-1,683.9
145385,5-3-1,1857
145385,6-3-1,4296
145385,1-4-3,16.9
145385,2-4-3,590
145385,3-4-2,648.4
145385,4-3-2,1296
145385,5-3-2,2864
145385,6-3-2,5499
145385,1-4-5,27
145385,2-4-5,633.5
145385,3-4-5,1003
145385,4-3-5,1617
145385,5-3-4,3436
145385,6-3-4,4909
145385,1-4-6,39.8
145385,2-4-6,556.5
145385,3-4-6,1296
145385,4-3-6,2253
145385,5-3-6,3927
145385,6-3-5,5091
145385,1-5-2,38.5
145385,2-5-1,808.6
145385,3-5-1,886.9
145385,4-5-1,537
145385,5-4-1,1432
145385,6-4-1,2082
145385,1-5-3,50.6
145385,2-5-3,1857
145385,3-5-2,1740
145385,4-5-2,833.1
145385,5-4-2,1936
145385,6-4-2,2643
145385,1-5-4,66.7
145385,2-5-4,1963
145385,3-5-4,1562
145385,4-5-3,1361
145385,5-4-3,2749
145385,6-4-3,6248
145385,1-5-6,97.5
145385,2-5-6,2499
145385,3-5-6,2082
145385,4-5-6,948.1
145385,5-4-6,2593
145385,6-4-5,5499
145385,1-6-2,84.5
145385,2-6-1,853.8
145385,3-6-1,3273
145385,4-6-1,1227
145385,5-6-1,3124
145385,6-5-1,5091
145385,1-6-3,199.8
145385,2-6-3,3197
145385,3-6-2,3715
145385,4-6-2,1676
145385,5-6-2,4165
145385,6-5-2,6546
145385,1-6-4,160
145385,2-6-4,1510
145385,3-6-4,3818
145385,4-6-3,3818
145385,5-6-3,3715
145385,6-5-3,4909
145385,1-6-5,226.8
145385,2-6-5,4043
145385,3-6-5,4296
145385,4-6-5,2291
145385,5-6-4,3617
145385,6-5-4,4909
145386,1-2-3,13.3
145386,2-1-3,38.2
145386,3-1-2,15.9
145386,4-1-2,714.1
145386,5-1-2,52.3
145386,6-1-2,3898
145386,1-2-4,98.3
145386,2-1-4,207.5
145386,3-1-4,59.9
145386,4-1-3,526.4
145386,5-1-3,31.3
145386,6-1-3,3606
145386,1-2-5,19.1
145386,2-1-5,45.1
145386,3-1-5,9.1
145386,4-1-5,572.4
145386,5-1-4,187.5
145386,6-1-4,4653
145386,1-2-6,528.4
145386,2-1-6,1084
145386,3-1-6,445.2
145386,4-1-6,3136
145386,5-1-6,465.3
145386,6-1-5,3278
145386,1-3-2,10.8
145386,2-3-1,44.3
145386,3-2-1,25.5
145386,4-2-1,907.2
145386,5-2-1,84.2
145386,6-2-1,5548
145386,1-3-4,48.1
145386,2-3-4,283.4
145386,3-2-4,101.3
145386,4-2-3,930.6
145386,5-2-3,73.7
145386,6-2-3,7592
145386,1-3-5,7.3
145386,2-3-5,44.2
145386,3-2-5,18.8
145386,4-2-5,1052
145386,5-2-4,290.8
145386,6-2-4,6272
145386,1-3-6,307.5
145386,2-3-6,1585
145386,3-2-6,700.2
145386,4-2-6,6010
145386,5-2-6,824.3
145386,6-2-5,6557
145386,1-4-2,200.3
145386,2-4-1,538.2
145386,3-4-1,129.1
145386,4-3-1,445.2
145386,5-3-1,32
145386,6-3-1,4371
145386,1-4-3,163.9
145386,2-4-3,608.6
145386,3-4-2,152.9
145386,4-3-2,721.2
145386,5-3-2,49.9
145386,6-3-2,7212
145386,1-4-5,168.5
145386,2-4-5,588.8
145386,3-4-5,87.4
145386,4-3-5,387.7
145386,5-3-4,140.3
145386,6-3-4,5770
145386,1-4-6,913
145386,2-4-6,3205
145386,3-4-6,805.9
145386,4-3-6,3354
145386,5-3-6,372.7
145386,6-3-5,4242
145386,1-5-2,23.4
145386,2-5-1,78.5
145386,3-5-1,13.4
145386,4-5-1,667.8
145386,5-4-1,421.8
145386,6-4-1,7212
145386,1-5-3,14.4
145386,2-5-3,80
145386,3-5-2,18.8
145386,4-5-2,968.1
145386,5-4-2,528.4
145386,6-4-2,4808
145386,1-5-4,87.8
145386,2-5-4,435.8
145386,3-5-4,57.6
145386,4-5-3,426.7
145386,5-4-3,332.3
145386,6-4-3,8485
145386,1-5-6,350.1
145386,2-5-6,1976
145386,3-5-6,350.1
145386,4-5-6,2671
145386,5-4-6,1030
145386,6-4-5,3518
145386,1-6-2,1243
145386,2-6-1,4653
145386,3-6-1,1568
145386,4-6-1,9016
145386,5-6-1,1076
145386,6-5-1,6272
145386,1-6-3,1212
145386,2-6-3,5770
145386,3-6-2,2944
145386,4-6-2,9016
145386,5-6-2,1373
145386,6-5-2,6272
145386,1-6-4,2121
145386,2-6-4,4121
145386,3-6-4,2828
145386,4-6-3,9617
145386,5-6-3,994.8
145386,6-5-3,6557
145386,1-6-5,1373
145386,2-6-5,4508
145386,3-6-5,1360
145386,4-6-5,5770
145386,5-6-4,1335
145386,6-5-4,4808
145387,1-2-3,9.7
145387,2-1-3,19.7
145387,3-1-2,17.1
145387,4-1-2,82.5
145387,5-1-2,364.2
145387,6-1-2,5742
145387,1-2-4,21.7
145387,2-1-4,32.5
145387,3-1-4,21.9
145387,4-1-3,76.2
145387,5-1-3,338.4
145387,6-1-3,3665
145387,1-2-5,41.2
145387,2-1-5,56
145387,3-1-5,33.4
145387,4-1-5,88.8
145387,5-1-4,312.1
145387,6-1-4,9999
145387,1-2-6,417.1
145387,2-1-6,726.9
145387,3-1-6,584
145387,4-1-6,1188
145387,5-1-6,3250
145387,6-1-5,6626
145387,1-3-2,9.3
145387,2-3-1,20.8
145387,3-2-1,23.8
145387,4-2-1,84.8
145387,5-2-1,448.6
145387,6-2-1,8614
145387,1-3-4,13.6
145387,2-3-4,23.8
145387,3-2-4,26.8
145387,4-2-3,70.1
145387,5-2-3,343.2
145387,6-2-3,2871
145387,1-3-5,26
145387,2-3-5,36.7
145387,3-2-5,39.3
145387,4-2-5,88.2
145387,5-2-4,295.5
145387,6-2-4,6153
145387,1-3-6,399.7
145387,2-3-6,540
145387,3-2-6,621.9
145387,4-2-6,1447
145387,5-2-6,3250
145387,6-2-5,8614
145387,1-4-2,39.3
145387,2-4-1,65.9
145387,3-4-1,35.6
145387,4-3-1,104.4
145387,5-3-1,396.9
145387,6-3-1,5940
145387,1-4-3,33.4
145387,2-4-3,44.4
145387,3-4-2,39.7
145387,4-3-2,90
145387,5-3-2,335.1
145387,6-3-2,3915
145387,1-4-5,71.4
145387,2-4-5,69
145387,3-4-5,50.3
145387,4-3-5,125.1
145387,5-3-4,399.7
145387,6-3-4,3516
145387,1-4-6,445.1
145387,2-4-6,1133
145387,3-4-6,633.4
145387,4-3-6,1172
145387,5-3-6,4006
145387,6-3-5,5742
145387,1-5-2,96.1
145387,2-5-1,152.8
145387,3-5-1,76.2
145387,4-5-1,101.3
145387,5-4-1,250.4
145387,6-4-1,5940
145387,1-5-3,79.6
145387,2-5-3,114.1
145387,3-5-2,92.5
145387,4-5-2,98.3
145387,5-4-2,220.5
145387,6-4-2,7178
145387,1-5-4,121.9
145387,2-5-4,126.6
145387,3-5-4,88.1
145387,4-5-3,118.9
145387,5-4-3,264.6
145387,6-4-3,6891
145387,1-5-6,1248
145387,2-5-6,1758
145387,3-5-6,717.8
145387,4-5-6,1044
145387,5-4-6,2824
145387,6-4-5,7831
145387,1-6-2,1180
145387,2-6-1,4656
145387,3-6-1,1400
145387,4-6-1,3190
145387,5-6-1,6626
145387,6-5-1,6626
145387,1-6-3,1204
145387,2-6-3,2970
145387,3-6-2,2426
145387,4-6-2,3665
145387,5-6-2,5940
145387,6-5-2,6891
145387,1-6-4,2734
145387,2-6-4,2824
145387,3-6-4,1315
145387,4-6-3,3076
145387,5-6-3,7178
145387,6-5-3,8204
145387,1-6-5,2734
145387,2-6-5,4006
145387,3-6-5,1335
145387,4-6-5,3745
145387,5-6-4,7178
145387,6-5-4,9067
145388,1-2-3,14
145388,2-1-3,27.9
145388,3-1-2,18.2
145388,4-1-2,149.1
145388,5-1-2,3114
145388,6-1-2,176.7
145388,1-2-4,43.9
145388,2-1-4,84.5
145388,3-1-4,28.8
145388,4-1-3,81.7
145388,5-1-3,1894
145388,6-1-3,101.2
145388,1-2-5,380.8
145388,2-1-5,707.9
145388,3-1-5,256.7
145388,4-1-5,648.9
145388,5-1-4,2748
145388,6-1-4,222.1
145388,1-2-6,30.3
145388,2-1-6,51.6
145388,3-1-6,14.1
145388,4-1-6,88.4
145388,5-1-6,2982
145388,6-1-5,966.6
145388,1-3-2,9.5
145388,2-3-1,37.8
145388,3-2-1,39.4
145388,4-2-1,240
145388,5-2-1,4122
145388,6-2-1,222.8
145388,1-3-4,18.8
145388,2-3-4,65
145388,3-2-4,67.4
145388,4-2-3,180.6
145388,5-2-3,2336
145388,6-2-3,147
145388,1-3-5,227.1
145388,2-3-5,530.9
145388,3-2-5,284.8
145388,4-2-5,898.4
145388,5-2-4,2695
145388,6-2-4,317.8
145388,1-3-6,9.9
145388,2-3-6,35.8
145388,3-2-6,26.9
145388,4-2-6,191.7
145388,5-2-6,4380
145388,6-2-5,1218
145388,1-4-2,51.7
145388,2-4-1,146
145388,3-4-1,53
145388,4-3-1,94.5
145388,5-3-1,2260
145388,6-3-1,110.3
145388,1-4-3,40
145388,2-4-3,145.7
145388,3-4-2,65.6
145388,4-3-2,145.3
145388,5-3-2,2416
145388,6-3-2,119.4
145388,1-4-5,330.5
145388,2-4-5,783
145388,3-4-5,312.1
145388,4-3-5,677.1
145388,5-3-4,1730
145388,6-3-4,147
145388,1-4-6,52.3
145388,2-4-6,155
145388,3-4-6,40.2
145388,4-3-6,85.9
145388,5-3-6,2695
145388,6-3-5,774.3
145388,1-5-2,791.8
145388,2-5-1,1774
145388,3-5-1,953.5
145388,4-5-1,1415
145388,5-4-1,3337
145388,6-4-1,232
145388,1-5-3,737.7
145388,2-5-3,1401
145388,3-5-2,1023
145388,4-5-2,1347
145388,5-4-2,2860
145388,6-4-2,245.9
145388,1-5-4,1415
145388,2-5-4,2061
145388,3-5-4,904.2
145388,4-5-3,1095
145388,5-4-3,1668
145388,6-4-3,182
145388,1-5-6,934.4
145388,2-5-6,1796
145388,3-5-6,642.9
145388,4-5-6,1001
145388,5-4-6,2224
145388,6-4-5,770.1
145388,1-6-2,46.6
145388,2-6-1,121.8
145388,3-6-1,27.1
145388,4-6-1,116.3
145388,5-6-1,3593
145388,6-5-1,1868
145388,1-6-3,34.1
145388,2-6-3,76.4
145388,3-6-2,25.5
145388,4-6-2,134.6
145388,5-6-2,4004
145388,6-5-2,2061
145388,1-6-4,68.2
145388,2-6-4,189.6
145388,3-6-4,44.6
145388,4-6-3,106.9
145388,5-6-3,3259
145388,6-5-3,1557
145388,1-6-5,325.9
145388,2-6-5,749.5
145388,3-6-5,284.3
145388,4-6-5,486.6
145388,5-6-4,2920
145388,6-5-4,1709
145389,1-2-3,19.3
145389,2-1-3,27.7
145389,3-1-2,46.9
145389,4-1-2,709.6
145389,5-1-2,20.9
145389,6-1-2,1516
145389,1-2-4,100.1
145389,2-1-4,175.8
145389,3-1-4,232.6
145389,4-1-3,1111
145389,5-1-3,24
145389,6-1-3,2001
145389,1-2-5,13.1
145389,2-1-5,15.8
145389,3-1-5,26.1
145389,4-1-5,575
145389,5-1-4,223.3
145389,6-1-4,3227
145389,1-2-6,135.9
145389,2-1-6,172.5
145389,3-1-6,285
145389,4-1-6,1087
145389,5-1-6,107.7
145389,6-1-5,1563
145389,1-3-2,20.8
145389,2-3-1,44.7
145389,3-2-1,60.8
145389,4-2-1,1021
145389,5-2-1,27.5
145389,6-2-1,1887
145389,1-3-4,104.8
145389,2-3-4,235.9
145389,3-2-4,242.2
145389,4-2-3,1235
145389,5-2-3,22
145389,6-2-3,1450
145389,1-3-5,14.5
145389,2-3-5,22.5
145389,3-2-5,29.8
145389,4-2-5,535
145389,5-2-4,188
145389,6-2-4,4002
145389,1-3-6,183.5
145389,2-3-6,201.3
145389,3-2-6,248.2
145389,4-2-6,1786
145389,5-2-6,73.5
145389,6-2-5,1111
145389,1-4-2,227.4
145389,2-4-1,488
145389,3-4-1,384.8
145389,4-3-1,943.9
145389,5-3-1,40.5
145389,6-3-1,2001
145389,1-4-3,340.3
145389,2-4-3,497.8
145389,3-4-2,425.7
145389,4-3-2,1563
145389,5-3-2,27.7
145389,6-3-2,1409
145389,1-4-5,238.8
145389,2-4-5,296
145389,3-4-5,284.2
145389,4-3-5,917.9
145389,5-3-4,273.3
145389,6-3-4,3705
145389,1-4-6,752.3
145389,2-4-6,735.7
145389,3-4-6,917.9
145389,4-3-6,2382
145389,5-3-6,124.4
145389,6-3-5,1266
145389,1-5-2,16.3
145389,2-5-1,18.7
145389,3-5-1,31.3
145389,4-5-1,592
145389,5-4-1,488
145389,6-4-1,3450
145389,1-5-3,17.5
145389,2-5-3,17.2
145389,3-5-2,22.8
145389,4-5-2,420.4
145389,5-4-2,339.1
145389,6-4-2,3227
145389,1-5-4,178.3
145389,2-5-4,141.9
145389,3-5-4,146.9
145389,4-5-3,787.8
145389,5-4-3,465.3
145389,6-4-3,3227
145389,1-5-6,98.4
145389,2-5-6,75
145389,3-5-6,119.4
145389,4-5-6,633.2
145389,5-4-6,537.9
145389,6-4-5,3126
145389,1-6-2,438.8
145389,2-6-1,685.3
145389,3-6-1,917.9
145389,4-6-1,1429
145389,5-6-1,142.9
145389,6-5-1,1409
145389,1-6-3,500.2
145389,2-6-3,526.6
145389,3-6-2,637.3
145389,4-6-2,1220
145389,5-6-2,156.3
145389,6-5-2,909.6
145389,1-6-4,1150
145389,2-6-4,1409
145389,3-6-4,1471
145389,4-6-3,4169
145389,5-6-3,205
145389,6-5-3,1099
145389,1-6-5,438.8
145389,2-6-5,346.2
145389,3-6-5,546.7
145389,4-6-5,1250
145389,5-6-4,599.1
145389,6-5-4,2175
145390,1-2-3,20.5
145390,2-1-3,174.1
145390,3-1-2,59.4
145390,4-1-2,573.5
145390,5-1-2,92.9
145390,6-1-2,85.7
145390,1-2-4,64.8
145390,2-1-4,409.1
145390,3-1-4,101.4
145390,4-1-3,291.8
145390,5-1-3,101.6
145390,6-1-3,54.4
145390,1-2-5,28.6
145390,2-1-5,185.2
145390,3-1-5,66.6
145390,4-1-5,306.8
145390,5-1-4,125.3
145390,6-1-4,147.8
145390,1-2-6,19.8
145390,2-1-6,181.8
145390,3-1-6,39.3
145390,4-1-6,182.9
145390,5-1-6,57
145390,6-1-5,54.2
145390,1-3-2,16.7
145390,2-3-1,318.7
145390,3-2-1,201.1
145390,4-2-1,1183
145390,5-2-1,204.8
145390,6-2-1,183.9
145390,1-3-4,29.4
145390,2-3-4,1227
145390,3-2-4,605.2
145390,4-2-3,1527
145390,5-2-3,200.2
145390,6-2-3,378.4
145390,1-3-5,13.3
145390,2-3-5,864
145390,3-2-5,354.9
145390,4-2-5,1563
145390,5-2-4,202
145390,6-2-4,663.2
145390,1-3-6,8.8
145390,2-3-6,631.4
145390,3-2-6,291.8
145390,4-2-6,1216
145390,5-2-6,128.6
145390,6-2-5,356.8
145390,1-4-2,98
145390,2-4-1,918.4
145390,3-4-1,237.9
145390,4-3-1,427.7
145390,5-3-1,117.5
145390,6-3-1,94.6
145390,1-4-3,60.2
145390,2-4-3,1122
145390,3-4-2,581.1
145390,4-3-2,1085
145390,5-3-2,195.7
145390,6-3-2,336.7
145390,1-4-5,74.1
145390,2-4-5,1412
145390,3-4-5,436.3
145390,4-3-5,864
145390,5-3-4,224.8
145390,6-3-4,427.7
145390,1-4-6,45.7
145390,2-4-6,1152
145390,3-4-6,272.4
145390,4-3-6,515
145390,5-3-6,112.7
145390,6-3-5,193.1
145390,1-5-2,28.4
145390,2-5-1,385.1
145390,3-5-1,128.8
145390,4-5-1,299.8
145390,5-4-1,96.2
145390,6-4-1,217
145390,1-5-3,24.5
145390,2-5-3,980
145390,3-5-2,310.4
145390,4-5-2,1034
145390,5-4-2,214.2
145390,6-4-2,515
145390,1-5-4,49.2
145390,2-5-4,1459
145390,3-5-4,363.7
145390,4-5-3,544.9
145390,5-4-3,186.8
145390,6-4-3,536
145390,1-5-6,16.8
145390,2-5-6,613.6
145390,3-5-6,147.7
145390,4-5-6,231.6
145390,5-4-6,81
145390,6-4-5,237.9
145390,1-6-2,26.2
145390,2-6-1,374.1
145390,3-6-1,110.6
145390,4-6-1,210.8
145390,5-6-1,52.5
145390,6-5-1,88.1
145390,1-6-3,18.4
145390,2-6-3,746.2
145390,3-6-2,222.2
145390,4-6-2,544.9
145390,5-6-2,84.7
145390,6-5-2,230
145390,1-6-4,56.4
145390,2-6-4,1034
145390,3-6-4,340.2
145390,4-6-3,439.2
145390,5-6-3,119.7
145390,6-5-3,176.2
145390,1-6-5,21.3
145390,2-6-5,691.2
145390,3-6-5,180.4
145390,4-6-5,246.8
145390,5-6-4,116.1
145390,6-5-4,168.1
145391,1-2-3,6.1
145391,2-1-3,33.8
145391,3-1-2,28.5
145391,4-1-2,209.7
145391,5-1-2,4007
145391,6-1-2,110
145391,1-2-4,14
145391,2-1-4,58.4
145391,3-1-4,43.4
145391,4-1-3,199.5
145391,5-1-3,4398
145391,6-1-3,75.5
145391,1-2-5,510.9
145391,2-1-5,1001
145391,3-1-5,453.1
145391,4-1-5,1669
145391,5-1-4,8588
145391,6-1-4,186.5
145391,1-2-6,17.3
145391,2-1-6,56
145391,3-1-6,29.6
145391,4-1-6,235.4
145391,5-1-6,4398
145391,6-1-5,929.6
145391,1-3-2,5.9
145391,2-3-1,55.2
145391,3-2-1,52.9
145391,4-2-1,312
145391,5-2-1,5009
145391,6-2-1,232.7
145391,1-3-4,9.1
145391,2-3-4,128.9
145391,3-2-4,96.7
145391,4-2-3,395.5
145391,5-2-3,5304
145391,6-2-3,247.3
145391,1-3-5,310.9
145391,2-3-5,1582
145391,3-2-5,875.4
145391,4-2-5,2613
145391,5-2-4,5009
145391,6-2-4,512.3
145391,1-3-6,9.4
145391,2-3-6,113.8
145391,3-2-6,70.7
145391,4-2-6,401.6
145391,5-2-6,5817
145391,6-2-5,1717
145391,1-4-2,24.7
145391,2-4-1,166.9
145391,3-4-1,91.6
145391,4-3-1,243
145391,5-3-1,6441
145391,6-3-1,100.1
145391,1-4-3,22.5
145391,2-4-3,224
145391,3-4-2,117.7
145391,4-3-2,308.2
145391,5-3-2,4874
145391,6-3-2,205.4
145391,1-4-5,834.9
145391,2-4-5,1821
145391,3-4-5,1186
145391,4-3-5,2342
145391,5-3-4,7514
145391,6-3-4,325.5
145391,1-4-6,37.8
145391,2-4-6,269.9
145391,3-4-6,127
145391,4-3-6,319.2
145391,5-3-6,5817
145391,6-3-5,1235
145391,1-5-2,939.3
145391,2-5-1,2226
145391,3-5-1,1478
145391,4-5-1,4194
145391,5-4-1,9999
145391,6-4-1,418.4
145391,1-5-3,1178
145391,2-5-3,2774
145391,3-5-2,2254
145391,4-5-2,5152
145391,5-4-2,5635
145391,6-4-2,516.7
145391,1-5-4,1939
145391,2-5-4,3536
145391,3-5-4,2908
145391,4-5-3,5817
145391,5-4-3,8588
145391,6-4-3,484.8
145391,1-5-6,1335
145391,2-5-6,3402
145391,3-5-6,2312
145391,4-5-6,4624
145391,5-4-6,6936
145391,6-4-5,2908
145391,1-6-2,28.3
145391,2-6-1,194.7
145391,3-6-1,75.9
145391,4-6-1,327.9
145391,5-6-1,6441
145391,6-5-1,2437
145391,1-6-3,23.6
145391,2-6-3,241.1
145391,3-6-2,113.3
145391,4-6-2,383.7
145391,5-6-2,6219
145391,6-5-2,2956
145391,1-6-4,55.4
145391,2-6-4,378.8
145391,3-6-4,167.4
145391,4-6-3,467.2
145391,5-6-3,4624
145391,6-5-3,2342
145391,1-6-5,632.8
145391,2-6-5,1898
145391,3-6-5,1067
145391,4-6-5,3109
145391,5-6-4,5635
145391,6-5-4,3837
145392,1-2-3,4.7
145392,2-1-3,3.9
145392,3-1-2,62.8
145392,4-1-2,326.2
145392,5-1-2,1106
145392,6-1-2,1245
145392,1-2-4,11.7
145392,2-1-4,8
145392,3-1-4,172.9
145392,4-1-3,580.7
145392,5-1-3,1750
145392,6-1-3,2539
145392,1-2-5,32.9
145392,2-1-5,28.6
145392,3-1-5,363.8
145392,4-1-5,1199
145392,5-1-4,2443
145392,6-1-4,9251
145392,1-2-6,68.9
145392,2-1-6,62.7
145392,3-1-6,775.5
145392,4-1-6,2195
145392,5-1-6,3924
145392,6-1-5,4981
145392,1-3-2,16.3
145392,2-3-1,8.8
145392,3-2-1,54.2
145392,4-2-1,279.1
145392,5-2-1,1156
145392,6-2-1,1579
145392,1-3-4,56.1
145392,2-3-4,13.8
145392,3-2-4,81.9
145392,4-2-3,306.1
145392,5-2-3,1335
145392,6-2-3,1774
145392,1-3-5,131.3
145392,2-3-5,44.4
145392,3-2-5,161.6
145392,4-2-5,799.4
145392,5-2-4,1750
145392,6-2-4,3320
145392,1-3-6,240.7
145392,2-3-6,114.2
145392,3-2-6,509.9
145392,4-2-6,2398
145392,5-2-6,2490
145392,6-2-5,7195
145392,1-4-2,55.4
145392,2-4-1,32.7
145392,3-4-1,307.6
145392,4-3-1,657.4
145392,5-3-1,1962
145392,6-3-1,3500
145392,1-4-3,117.2
145392,2-4-3,31.8
145392,3-4-2,188.5
145392,4-3-2,454.4
145392,5-3-2,1639
145392,6-3-2,2443
145392,1-4-5,229.2
145392,2-4-5,119.9
145392,3-4-5,647.5
145392,4-3-5,1560
145392,5-3-4,3924
145392,6-3-4,8094
145392,1-4-6,462.5
145392,2-4-6,271.5
145392,3-4-6,1349
145392,4-3-6,3924
145392,5-3-6,5631
145392,6-3-5,6475
145392,1-5-2,216.5
145392,2-5-1,163.1
145392,3-5-1,809.4
145392,4-5-1,2590
145392,5-4-1,4466
145392,6-4-1,1933
145392,1-5-3,426
145392,2-5-3,192.7
145392,3-5-2,591.4
145392,4-5-2,2023
145392,5-4-2,2943
145392,6-4-2,2943
145392,1-5-4,535.1
145392,2-5-4,271.5
145392,3-5-4,1027
145392,4-5-3,2943
145392,5-4-3,3237
145392,6-4-3,9999
145392,1-5-6,846.5
145392,2-5-6,748.6
145392,3-5-6,2233
145392,4-5-6,4981
145392,5-4-6,4625
145392,6-4-5,5631
145392,1-6-2,315.1
145392,2-6-1,413.7
145392,3-6-1,2698
145392,4-6-1,5631
145392,5-6-1,6475
145392,6-5-1,7195
145392,1-6-3,784.9
145392,2-6-3,546.4
145392,3-6-2,1363
145392,4-6-2,3597
145392,5-6-2,7195
145392,6-5-2,7195
145392,1-6-4,1660
145392,2-6-4,996.2
145392,3-6-4,4317
145392,4-6-3,4625
145392,5-6-3,9251
145392,6-5-3,9251
145392,1-6-5,1308
145392,2-6-5,1097
145392,3-6-5,3320
145392,4-6-5,6475
145392,5-6-4,7195
145392,6-5-4,8094
145393,1-2-3,10.1
145393,2-1-3,55
145393,3-1-2,56.8
145393,4-1-2,662.5
145393,5-1-2,42.2
145393,6-1-2,1081
145393,1-2-4,66.5
145393,2-1-4,209.8
145393,3-1-4,205.9
145393,4-1-3,688.9
145393,5-1-3,31.3
145393,6-1-3,949.4
145393,1-2-5,8.6
145393,2-1-5,60.9
145393,3-1-5,31.9
145393,4-1-5,431.3
145393,5-1-4,171.4
145393,6-1-4,2256
145393,1-2-6,47.8
145393,2-1-6,259
145393,3-1-6,154.9
145393,4-1-6,1052
145393,5-1-6,56.3
145393,6-1-5,632.9
145393,1-3-2,8.5
145393,2-3-1,90.7
145393,3-2-1,100.5
145393,4-2-1,1245
145393,5-2-1,98.2
145393,6-2-1,2022
145393,1-3-4,56.3
145393,2-3-4,308.9
145393,3-2-4,343.7
145393,4-2-3,1468
145393,5-2-3,158.8
145393,6-2-3,1497
145393,1-3-5,6.4
145393,2-3-5,84.5
145393,3-2-5,85.4
145393,4-2-5,1415
145393,5-2-4,592
145393,6-2-4,2994
145393,1-3-6,35.8
145393,2-3-6,276.5
145393,3-2-6,279
145393,4-2-6,2048
145393,5-2-6,233.7
145393,6-2-5,2104
145393,1-4-2,137.5
145393,2-4-1,677
145393,3-4-1,524.2
145393,4-3-1,1197
145393,5-3-1,62.9
145393,6-3-1,1342
145393,1-4-3,128
145393,2-4-3,745
145393,3-4-2,558.1
145393,4-3-2,1415
145393,5-3-2,141.4
145393,6-3-2,1377
145393,1-4-5,87.7
145393,2-4-5,819.5
145393,3-4-5,433.7
145393,4-3-5,860.2
145393,5-3-4,421.9
145393,6-3-4,2937
145393,1-4-6,166.8
145393,2-4-6,1482
145393,3-4-6,828.2
145393,4-3-6,2224
145393,5-3-6,165.6
145393,6-3-5,1081
145393,1-5-2,10.5
145393,2-5-1,95
145393,3-5-1,51.9
145393,4-5-1,357.1
145393,5-4-1,347.5
145393,6-4-1,3992
145393,1-5-3,8.8
145393,2-5-3,133
145393,3-5-2,94
145393,4-5-2,828.2
145393,5-4-2,770.8
145393,6-4-2,3312
145393,1-5-4,47.8
145393,2-5-4,568.2
145393,3-5-4,312
145393,4-5-3,671.1
145393,5-4-3,622.8
145393,6-4-3,4865
145393,1-5-6,25.3
145393,2-5-6,377.9
145393,3-5-6,155
145393,4-5-6,630.4
145393,5-4-6,452.6
145393,6-4-5,2511
145393,1-6-2,168.1
145393,2-6-1,905.2
145393,3-6-1,513.8
145393,4-6-1,2256
145393,5-6-1,129.6
145393,6-5-1,583.1
145393,1-6-3,126.6
145393,2-6-3,837.1
145393,3-6-2,646.1
145393,4-6-2,2511
145393,5-6-2,279
145393,6-5-2,1572
145393,1-6-4,355.5
145393,2-6-4,1769
145393,3-6-4,1482
145393,4-6-3,2395
145393,5-6-3,233.7
145393,6-5-3,763.2
145393,1-6-5,93.5
145393,2-6-5,1038
145393,3-6-5,442.3
145393,4-6-5,1541
145393,5-6-4,615.4
145393,6-5-4,1810
145394,1-2-3,4.8
145394,2-1-3,107.6
145394,3-1-2,180.8
145394,4-1-2,284.8
145394,5-1-2,525.8
145394,6-1-2,128.8
145394,1-2-4,8.1
145394,2-1-4,137.1
145394,3-1-4,333.1
145394,4-1-3,625.9
145394,5-1-3,1553
145394,6-1-3,246.2
145394,1-2-5,30.1
145394,2-1-5,422.9
145394,3-1-5,715
145394,4-1-5,628.2
145394,5-1-4,1324
145394,6-1-4,272.9
145394,1-2-6,5.1
145394,2-1-6,79.5
145394,3-1-6,224.5
145394,4-1-6,241.3
145394,5-1-6,1195
145394,6-1-5,567.7
145394,1-3-2,8.6
145394,2-3-1,327.3
145394,3-2-1,330.5
145394,4-2-1,575.3
145394,5-2-1,1400
145394,6-2-1,239
145394,1-3-4,17.3
145394,2-3-4,1154
145394,3-2-4,880.8
145394,4-2-3,1597
145394,5-2-3,2712
145394,6-2-3,470.7
145394,1-3-5,66
145394,2-3-5,1499
145394,3-2-5,1116
145394,4-2-5,1424
145394,5-2-4,2801
145394,6-2-4,694.6
145394,1-3-6,13.7
145394,2-3-6,597.5
145394,3-2-6,577.3
145394,4-2-6,724.1
145394,5-2-6,1920
145394,6-2-5,999.3
145394,1-4-2,18.7
145394,2-4-1,544.2
145394,3-4-1,841.8
145394,4-3-1,1294
145394,5-3-1,2084
145394,6-3-1,647.3
145394,1-4-3,33.5
145394,2-4-3,1424
145394,3-4-2,1074
145394,4-3-2,2219
145394,5-3-2,2219
145394,6-3-2,918.7
145394,1-4-5,117.4
145394,2-4-5,2589
145394,3-4-5,3051
145394,4-3-5,2756
145394,5-3-4,3974
145394,6-3-4,1964
145394,1-4-6,16.5
145394,2-4-6,675.4
145394,3-4-6,1170
145394,4-3-6,2190
145394,5-3-6,4272
145394,6-3-5,2406
145394,1-5-2,87.5
145394,2-5-1,1691
145394,3-5-1,1597
145394,4-5-1,1146
145394,5-4-1,3107
145394,6-4-1,551.2
145394,1-5-3,176.5
145394,2-5-3,2136
145394,3-5-2,1675
145394,4-5-2,1378
145394,5-4-2,4068
145394,6-4-2,1186
145394,1-5-4,206.1
145394,2-5-4,2848
145394,3-5-4,2340
145394,4-5-3,2670
145394,5-4-3,4068
145394,6-4-3,1837
145394,1-5-6,114.9
145394,2-5-6,2406
145394,3-5-6,1877
145394,4-5-6,1203
145394,5-4-6,3224
145394,6-4-5,1539
145394,1-6-2,12.5
145394,2-6-1,246.9
145394,3-6-1,540.7
145394,4-6-1,340.4
145394,5-6-1,2278
145394,6-5-1,2190
145394,1-6-3,24.6
145394,2-6-3,529
145394,3-6-2,700.3
145394,4-6-2,477.3
145394,5-6-2,2248
145394,6-5-2,3286
145394,1-6-4,21.6
145394,2-6-4,511.6
145394,3-6-4,1367
145394,4-6-3,1367
145394,5-6-3,5026
145394,6-5-3,3883
145394,1-6-5,94.4
145394,2-6-5,1284
145394,3-6-5,2248
145394,4-6-5,1131
145394,5-6-4,3883
145394,6-5-4,3051
145395,1-2-3,6
145395,2-1-3,33.9
145395,3-1-2,63.3
145395,4-1-2,63.8
145395,5-1-2,281
145395,6-1-2,1068
145395,1-2-4,6.6
145395,2-1-4,40.4
145395,3-1-4,64.2
145395,4-1-3,94.1
145395,5-1-3,628.9
145395,6-1-3,1859
145395,1-2-5,20.8
145395,2-1-5,100.3
145395,3-1-5,145.5
145395,4-1-5,87.9
145395,5-1-4,281
145395,6-1-4,2449
145395,1-2-6,44.8
145395,2-1-6,138.6
145395,3-1-6,220.2
145395,4-1-6,179.1
145395,5-1-6,431.5
145395,6-1-5,2924
145395,1-3-2,8.8
145395,2-3-1,96.5
145395,3-2-1,118.6
145395,4-2-1,147.7
145395,5-2-1,816.3
145395,6-2-1,1536
145395,1-3-4,10.5
145395,2-3-4,169
145395,3-2-4,183.5
145395,4-2-3,347.8
145395,5-2-3,1628
145395,6-2-3,1981
145395,1-3-5,22.3
145395,2-3-5,370.5
145395,3-2-5,361.6
145395,4-2-5,199.8
145395,5-2-4,1309
145395,6-2-4,2815
145395,1-3-6,54.5
145395,2-3-6,395.8
145395,3-2-6,492.2
145395,4-2-6,523
145395,5-2-6,1731
145395,6-2-5,4707
145395,1-4-2,9.5
145395,2-4-1,149.8
145395,3-4-1,132.6
145395,4-3-1,190.4
145395,5-3-1,1309
145395,6-3-1,2248
145395,1-4-3,12.3
145395,2-4-3,232.8
145395,3-4-2,197.4
145395,4-3-2,389.7
145395,5-3-2,1741
145395,6-3-2,2063
145395,1-4-5,21.3
145395,2-4-5,366.4
145395,3-4-5,282
145395,4-3-5,345
145395,5-3-4,2215
145395,6-3-4,4126
145395,1-4-6,58.8
145395,2-4-6,476.6
145395,3-4-6,416
145395,4-3-6,678.4
145395,5-3-6,2049
145395,6-3-5,3963
145395,1-5-2,38.6
145395,2-5-1,513.1
145395,3-5-1,550.7
145395,4-5-1,121.3
145395,5-4-1,348.6
145395,6-4-1,2763
145395,1-5-3,73.7
145395,2-5-3,684.6
145395,3-5-2,657.7
145395,4-5-2,180.9
145395,5-4-2,545.7
145395,6-4-2,2552
145395,1-5-4,51.3
145395,2-5-4,825.3
145395,3-5-4,660.6
145395,4-5-3,453.6
145395,5-4-3,1552
145395,6-4-3,2106
145395,1-5-6,89.5
145395,2-5-6,1186
145395,3-5-6,855.8
145395,4-5-6,211.5
145395,5-4-6,591.8
145395,6-4-5,4496
145395,1-6-2,151.8
145395,2-6-1,760.7
145395,3-6-1,1060
145395,4-6-1,542.7
145395,5-6-1,1655
145395,6-5-1,4070
145395,1-6-3,230.6
145395,2-6-3,944.3
145395,3-6-2,1057
145395,4-6-2,811.9
145395,5-6-2,2092
145395,6-5-2,5105
145395,1-6-4,302.7
145395,2-6-4,1338
145395,3-6-4,1281
145395,4-6-3,1190
145395,5-6-3,2372
145395,6-5-3,2531
145395,1-6-5,264.9
145395,2-6-5,1455
145395,3-6-5,1356
145395,4-6-5,695.7
145395,5-6-4,1859
145395,6-5-4,4184
145396,1-2-3,7.4
145396,2-1-3,63.8
145396,3-1-2,46.4
145396,4-1-2,149.4
145396,5-1-2,270
145396,6-1-2,1731
145396,1-2-4,10.5
145396,2-1-4,96.9
145396,3-1-4,39.5
145396,4-1-3,117.6
145396,5-1-3,219.9
145396,6-1-3,1722
145396,1-2-5,17.2
145396,2-1-5,152.5
145396,3-1-5,46.8
145396,4-1-5,110.2
145396,5-1-4,235.9
145396,6-1-4,2497
145396,1-2-6,64.8
145396,2-1-6,322.2
145396,3-1-6,182.1
145396,4-1-6,259.7
145396,5-1-6,388.5
145396,6-1-5,2346
145396,1-3-2,7.7
145396,2-3-1,136.2
145396,3-2-1,133.2
145396,4-2-1,373.5
145396,5-2-1,651.1
145396,6-2-1,2842
145396,1-3-4,7.1
145396,2-3-4,362.3
145396,3-2-4,254.8
145396,4-2-3,699.3
145396,5-2-3,984.9
145396,6-2-3,3267
145396,1-3-5,10.1
145396,2-3-5,430.1
145396,3-2-5,303.5
145396,4-2-5,496.6
145396,5-2-4,1053
145396,6-2-4,3800
145396,1-3-6,53.1
145396,2-3-6,925
145396,3-2-6,667.3
145396,4-2-6,872
145396,5-2-6,1355
145396,6-2-5,4113
145396,1-4-2,17.4
145396,2-4-1,311.9
145396,3-4-1,115.6
145396,4-3-1,227.9
145396,5-3-1,415.7
145396,6-3-1,2411
145396,1-4-3,15.1
145396,2-4-3,565.8
145396,3-4-2,255.9
145396,4-3-2,565.8
145396,5-3-2,915.3
145396,6-3-2,3394
145396,1-4-5,17.2
145396,2-4-5,616.7
145396,3-4-5,189.4
145396,4-3-5,427.9
145396,5-3-4,765.1
145396,6-3-4,2913
145396,1-4-6,54.4
145396,2-4-6,1201
145396,3-4-6,460.7
145396,4-3-6,706.4
145396,5-3-6,1360
145396,6-3-5,4065
145396,1-5-2,29.1
145396,2-5-1,480.3
145396,3-5-1,177.3
145396,4-5-1,181.7
145396,5-4-1,356
145396,6-4-1,2710
145396,1-5-3,23.8
145396,2-5-3,728.4
145396,3-5-2,335.5
145396,4-5-2,350.7
145396,5-4-2,649.9
145396,6-4-2,4019
145396,1-5-4,27.9
145396,2-5-4,927.5
145396,3-5-4,264.9
145396,4-5-3,415.2
145396,5-4-3,654.8
145396,6-4-3,2913
145396,1-5-6,61.1
145396,2-5-6,1371
145396,3-5-6,562.1
145396,4-5-6,320.2
145396,5-4-6,695.1
145396,6-4-5,2689
145396,1-6-2,172.5
145396,2-6-1,1433
145396,3-6-1,846.6
145396,4-6-1,848.7
145396,5-6-1,1106
145396,6-5-1,2938
145396,1-6-3,201.1
145396,2-6-3,2145
145396,3-6-2,1319
145396,4-6-2,1339
145396,5-6-2,1921
145396,6-5-2,4065
145396,1-6-4,201.8
145396,2-6-4,2462
145396,3-6-4,1169
145396,4-6-3,1226
145396,5-6-3,1665
145396,6-5-3,3800
145396,1-6-5,214.5
145396,2-6-5,2285
145396,3-6-5,1139
145396,4-6-5,803.8
145396,5-6-4,1257
145396,6-5-4,3604
145373,1-2-3,9.6
145373,2-1-3,40.9
145373,3-1-2,120
145373,4-1-2,111.6
145373,5-1-2,75.9
145373,6-1-2,112
145373,1-2-4,17.3
145373,2-1-4,44.4
145373,3-1-4,200.4
145373,4-1-3,265.3
145373,5-1-3,198.3
145373,6-1-3,257.6
145373,1-2-5,7.1
145373,2-1-5,18.4
145373,3-1-5,154.9
145373,4-1-5,99.7
145373,5-1-4,189.1
145373,6-1-4,256.4
145373,1-2-6,12.1
145373,2-1-6,29
145373,3-1-6,187.9
145373,4-1-6,175.8
145373,5-1-6,99.8
145373,6-1-5,170.8
145373,1-3-2,19.2
145373,2-3-1,135
145373,3-2-1,233.4
145373,4-2-1,165.1
145373,5-2-1,107.6
145373,6-2-1,178.8
145373,1-3-4,46.2
145373,2-3-4,293.2
145373,3-2-4,475.7
145373,4-2-3,447.8
145373,5-2-3,330.3
145373,6-2-3,616.3
145373,1-3-5,27.5
145373,2-3-5,158.5
145373,3-2-5,220.4
145373,4-2-5,142
145373,5-2-4,306.5
145373,6-2-4,507.2
145373,1-3-6,45.9
145373,2-3-6,286.6
145373,3-2-6,464.1
145373,4-2-6,306.5
145373,5-2-6,149.4
145373,6-2-5,300.1
145373,1-4-2,37.7
145373,2-4-1,133.9
145373,3-4-1,437.5
145373,4-3-1,525.9
145373,5-3-1,466
145373,6-3-1,644
145373,1-4-3,77.3
145373,2-4-3,343.2
145373,3-4-2,682.4
145373,4-3-2,730.2
145373,5-3-2,769.4
145373,6-3-2,1219
145373,1-4-5,49.5
145373,2-4-5,153
145373,3-4-5,462.2
145373,4-3-5,538.2
145373,5-3-4,1113
145373,6-3-4,1219
145373,1-4-6,66
145373,2-4-6,232
145373,3-4-6,818.9
145373,4-3-6,1081
145373,5-3-6,1091
145373,6-3-5,1071
145373,1-5-2,16.8
145373,2-5-1,59.9
145373,3-5-1,269.7
145373,4-5-1,100.4
145373,5-4-1,223
145373,6-4-1,458.5
145373,1-5-3,45.3
145373,2-5-3,159.4
145373,3-5-2,316.7
145373,4-5-2,123.1
145373,5-4-2,288.7
145373,6-4-2,636.9
145373,1-5-4,64.3
145373,2-5-4,166.1
145373,3-5-4,603.4
145373,4-5-3,367.4
145373,5-4-3,902.7
145373,6-4-3,1071
145373,1-5-6,31.2
145373,2-5-6,85.3
145373,3-5-6,535.7
145373,4-5-6,148.6
145373,5-4-6,249.7
145373,6-4-5,509.5
145373,1-6-2,29.9
145373,2-6-1,122.3
145373,3-6-1,538.2
145373,4-6-1,268.4
145373,5-6-1,181.1
145373,6-5-1,288.7
145373,1-6-3,58.5
145373,2-6-3,447.8
145373,3-6-2,924.5
145373,4-6-2,368.6
145373,5-6-2,232
145373,6-5-2,359.3
145373,1-6-4,89.2
145373,2-6-4,391.2
145373,3-6-4,1061
145373,4-6-3,842.9
145373,5-6-3,818.9
145373,6-5-3,971.5
145373,1-6-5,53.1
145373,2-6-5,162.1
145373,3-6-5,790.6
145373,4-6-5,284.4
145373,5-6-4,399.4
145373,6-5-4,487.8
145374,1-2-3,13.8
145374,2-1-3,42.8
145374,3-1-2,61.4
145374,4-1-2,173
145374,5-1-2,72.1
145374,6-1-2,342.5
145374,1-2-4,21
145374,2-1-4,61.8
145374,3-1-4,71.6
145374,4-1-3,337.8
145374,5-1-3,117.3
145374,6-1-3,555.3
145374,1-2-5,9.5
145374,2-1-5,29.9
145374,3-1-5,69.9
145374,4-1-5,206.2
145374,5-1-4,122.1
145374,6-1-4,586.4
145374,1-2-6,36.8
145374,2-1-6,76.4
145374,3-1-6,131.9
145374,4-1-6,237.2
145374,5-1-6,82.8
145374,6-1-5,330.2
145374,1-3-2,18
145374,2-3-1,74.3
145374,3-2-1,91.8
145374,4-2-1,216.2
145374,5-2-1,103.7
145374,6-2-1,335.4
145374,1-3-4,35.1
145374,2-3-4,102.8
145374,3-2-4,87.4
145374,4-2-3,307.3
145374,5-2-3,147.3
145374,6-2-3,792.4
145374,1-3-5,18.5
145374,2-3-5,62.6
145374,3-2-5,59.8
145374,4-2-5,160
145374,5-2-4,137.7
145374,6-2-4,837.7
145374,1-3-6,54.5
145374,2-3-6,154.4
145374,3-2-6,121.3
145374,4-2-6,201.6
145374,5-2-6,121
145374,6-2-5,543
145374,1-4-2,38.3
145374,2-4-1,149.9
145374,3-4-1,200.2
145374,4-3-1,483.8
145374,5-3-1,187
145374,6-3-1,1047
145374,1-4-3,81.9
145374,2-4-3,136
145374,3-4-2,117.9
145374,4-3-2,299.8
145374,5-3-2,166
145374,6-3-2,958.2
145374,1-4-5,49
145374,2-4-5,90.3
145374,3-4-5,115.9
145374,4-3-5,306.7
145374,5-3-4,248.9
145374,6-3-4,1480
145374,1-4-6,83.2
145374,2-4-6,203
145374,3-4-6,195.2
145374,4-3-6,390.9
145374,5-3-6,187.7
145374,6-3-5,810
145374,1-5-2,15.1
145374,2-5-1,61.2
145374,3-5-1,109.1
145374,4-5-1,188.9
145374,5-4-1,205.9
145374,6-4-1,1145
145374,1-5-3,30.2
145374,2-5-3,79.1
145374,3-5-2,66.4
145374,4-5-2,116.4
145374,5-4-2,147.2
145374,6-4-2,905
145374,1-5-4,48
145374,2-5-4,92.1
145374,3-5-4,104.3
145374,4-5-3,277.6
145374,5-4-3,299.8
145374,6-4-3,1559
145374,1-5-6,37.7
145374,2-5-6,106
145374,3-5-6,103.6
145374,4-5-6,114
145374,5-4-6,145.4
145374,6-4-5,733
145374,1-6-2,72.6
145374,2-6-1,258.1
145374,3-6-1,429.9
145374,4-6-1,426.1
145374,5-6-1,121.7
145374,6-5-1,347.4
145374,1-6-3,150.2
145374,2-6-3,357.5
145374,3-6-2,245.9
145374,4-6-2,247.2
145374,5-6-2,127.9
145374,6-5-2,343.3
145374,1-6-4,173
145374,2-6-4,358.4
145374,3-6-4,328.7
145374,4-6-3,621.2
145374,5-6-3,204.4
145374,6-5-3,645.8
145374,1-6-5,94.8
145374,2-6-5,231.9
145374,3-6-5,255.4
145374,4-6-5,265.1
145374,5-6-4,188.4
145374,6-5-4,465.4
145375,1-2-3,16.2
145375,2-1-3,28.6
145375,3-1-2,68.6
145375,4-1-2,137.5
145375,5-1-2,1820
145375,6-1-2,30.6
145375,1-2-4,47.6
145375,2-1-4,57.2
145375,3-1-4,112.9
145375,4-1-3,148.8
145375,5-1-3,2169
145375,6-1-3,37.1
145375,1-2-5,238.8
145375,2-1-5,392.9
145375,3-1-5,609
145375,4-1-5,740
145375,5-1-4,2474
145375,6-1-4,83.3
145375,1-2-6,17.5
145375,2-1-6,27.1
145375,3-1-6,63.5
145375,4-1-6,91.4
145375,5-1-6,1799
145375,6-1-5,314.2
145375,1-3-2,24.8
145375,2-3-1,41.2
145375,3-2-1,68.9
145375,4-2-1,123.9
145375,5-2-1,2399
145375,6-2-1,47.4
145375,1-3-4,61.2
145375,2-3-4,57.2
145375,3-2-4,80.1
145375,4-2-3,113
145375,5-2-3,2436
145375,6-2-3,41.8
145375,1-3-5,381.6
145375,2-3-5,599.8
145375,3-2-5,676.7
145375,4-2-5,812.1
145375,5-2-4,2554
145375,6-2-4,50.2
145375,1-3-6,22.5
145375,2-3-6,29.4
145375,3-2-6,40.5
145375,4-2-6,65.6
145375,5-2-6,2030
145375,6-2-5,328.5
145375,1-4-2,87.6
145375,2-4-1,92.7
145375,3-4-1,162.2
145375,4-3-1,180.3
145375,5-3-1,2730
145375,6-3-1,44.6
145375,1-4-3,100.2
145375,2-4-3,72.6
145375,3-4-2,121.4
145375,4-3-2,148.2
145375,5-3-2,2596
145375,6-3-2,36.9
145375,1-4-5,524.3
145375,2-4-5,657.1
145375,3-4-5,989.7
145375,4-3-5,807.9
145375,5-3-4,2639
145375,6-3-4,58.6
145375,1-4-6,75.2
145375,2-4-6,47.9
145375,3-4-6,56.9
145375,4-3-6,76.4
145375,5-3-6,2684
145375,6-3-5,457.6
145375,1-5-2,475.5
145375,2-5-1,1015
145375,3-5-1,1452
145375,4-5-1,1035
145375,5-4-1,2988
145375,6-4-1,67.3
145375,1-5-3,894.7
145375,2-5-3,768.7
145375,3-5-2,1115
145375,4-5-2,1330
145375,5-4-2,2778
145375,6-4-2,41.8
145375,1-5-4,971.5
145375,2-5-4,996
145375,3-5-4,1649
145375,4-5-3,1298
145375,5-4-3,2932
145375,6-4-3,50.5
145375,1-5-6,657.1
145375,2-5-6,659.8
145375,3-5-6,1084
145375,4-5-6,481.3
145375,5-4-6,2140
145375,6-4-5,201.4
145375,1-6-2,21.6
145375,2-6-1,30.2
145375,3-6-1,69.7
145375,4-6-1,61
145375,5-6-1,1908
145375,6-5-1,586.5
145375,1-6-3,28
145375,2-6-3,34.5
145375,3-6-2,49.9
145375,4-6-2,39.7
145375,5-6-2,1820
145375,6-5-2,561.5
145375,1-6-4,66.7
145375,2-6-4,40.4
145375,3-6-4,58.1
145375,4-6-3,46.9
145375,5-6-3,2474
145375,6-5-3,659.8
145375,1-6-5,354.2
145375,2-6-5,370.8
145375,3-6-5,569.6
145375,4-6-5,153.1
145375,5-6-4,2169
145375,6-5-4,524.3
145376,1-2-3,7
145376,2-1-3,22.1
145376,3-1-2,77.7
145376,4-1-2,408
145376,5-1-2,323.4
145376,6-1-2,56.7
145376,1-2-4,25.5
145376,2-1-4,93.4
145376,3-1-4,270
145376,4-1-3,688.5
145376,5-1-3,486
145376,6-1-3,80.6
145376,1-2-5,23.1
145376,2-1-5,77.9
145376,3-1-5,222.1
145376,4-1-5,671.7
145376,5-1-4,810
145376,6-1-4,154.3
145376,1-2-6,7.2
145376,2-1-6,23.5
145376,3-1-6,80.1
145376,4-1-6,307.1
145376,5-1-6,291.4
145376,6-1-5,175.6
145376,1-3-2,9.4
145376,2-3-1,92
145376,3-2-1,164.4
145376,4-2-1,700.2
145376,5-2-1,712.3
145376,6-2-1,99.1
145376,1-3-4,28.4
145376,2-3-4,513.2
145376,3-2-4,775.8
145376,4-2-3,1721
145376,5-2-3,1721
145376,6-2-3,277.7
145376,1-3-5,20
145376,2-3-5,476.2
145376,3-2-5,541.8
145376,4-2-5,1652
145376,5-2-4,2503
145376,6-2-4,235
145376,1-3-6,10.1
145376,2-3-6,124.6
145376,3-2-6,167.9
145376,4-2-6,614.3
145376,5-2-6,765
145376,6-2-5,484.6
145376,1-4-2,49
145376,2-4-1,396.3
145376,3-4-1,569.8
145376,4-3-1,1052
145376,5-3-1,1032
145376,6-3-1,191
145376,1-4-3,84
145376,2-4-3,874.3
145376,3-4-2,1188
145376,4-3-2,2118
145376,5-3-2,2040
145376,6-3-2,347.1
145376,1-4-5,103.4
145376,2-4-5,1291
145376,3-4-5,1377
145376,4-3-5,1424
145376,5-3-4,3118
145376,6-3-4,709.2
145376,1-4-6,43.7
145376,2-4-6,369.7
145376,3-4-6,575.8
145376,4-3-6,966.4
145376,5-3-6,1147
145376,6-3-5,724.8
145376,1-5-2,42.6
145376,2-5-1,390.6
145376,3-5-1,565.9
145376,4-5-1,1039
145376,5-4-1,1516
145376,6-4-1,336.5
145376,1-5-3,57.3
145376,2-5-3,923.2
145376,3-5-2,869.7
145376,4-5-2,1776
145376,5-4-2,3592
145376,6-4-2,456.5
145376,1-5-4,121.6
145376,2-5-4,1281
145376,3-5-4,1400
145376,4-5-3,1967
145376,5-4-3,2623
145376,6-4-3,810
145376,1-5-6,38.9
145376,2-5-6,490.3
145376,3-5-6,536.5
145376,4-5-6,860.7
145376,5-4-6,1544
145376,6-4-5,1066
145376,1-6-2,14.2
145376,2-6-1,58.8
145376,3-6-1,176.5
145376,4-6-1,399.1
145376,5-6-1,529.6
145376,6-5-1,360.8
145376,1-6-3,20.3
145376,2-6-3,253.8
145376,3-6-2,345
145376,4-6-2,522.9
145376,5-6-2,802.2
145376,6-5-2,798.3
145376,1-6-4,51.9
145376,2-6-4,260.6
145376,3-6-4,898.1
145376,4-6-3,779.5
145376,5-6-3,1032
145376,6-5-3,908
145376,1-6-5,45
145376,2-6-5,395.3
145376,3-6-5,685.7
145376,4-6-5,903
145376,5-6-4,1669
145376,6-5-4,1073
145377,1-2-3,11.9
145377,2-1-3,35.2
145377,3-1-2,130.1
145377,4-1-2,15.2
145377,5-1-2,450.1
145377,6-1-2,2388
145377,1-2-4,5.6
145377,2-1-4,15.6
145377,3-1-4,91.7
145377,4-1-3,35.7
145377,5-1-3,944.4
145377,6-1-3,3400
145377,1-2-5,35.3
145377,2-1-5,53.8
145377,3-1-5,218.6
145377,4-1-5,23.4
145377,5-1-4,334.4
145377,6-1-4,2861
145377,1-2-6,250.4
145377,2-1-6,448.7
145377,3-1-6,1142
145377,4-1-6,268.3
145377,5-1-6,2006
145377,6-1-5,4378
145377,1-3-2,16.7
145377,2-3-1,98.1
145377,3-2-1,192.9
145377,4-2-1,27.8
145377,5-2-1,652.3
145377,6-2-1,3524
145377,1-3-4,15.8
145377,2-3-4,76.3
145377,3-2-4,143.4
145377,4-2-3,88.3
145377,5-2-3,966.5
145377,6-2-3,5070
145377,1-3-5,52.3
145377,2-3-5,176.5
145377,3-2-5,259.4
145377,4-2-5,48.5
145377,5-2-4,363
145377,6-2-4,3753
145377,1-3-6,518.8
145377,2-3-6,1184
145377,3-2-6,1350
145377,4-2-6,394.2
145377,5-2-6,2449
145377,6-2-5,5780
145377,1-4-2,7
145377,2-4-1,30
145377,3-4-1,128.1
145377,4-3-1,103.1
145377,5-3-1,1553
145377,6-3-1,5666
145377,1-4-3,14.8
145377,2-4-3,64
145377,3-4-2,147.9
145377,4-3-2,147
145377,5-3-2,1273
145377,6-3-2,6422
145377,1-4-5,21.8
145377,2-4-5,72.2
145377,3-4-5,229.7
145377,4-3-5,196
145377,5-3-4,1133
145377,6-3-4,4816
145377,1-4-6,222.1
145377,2-4-6,581.5
145377,3-4-6,1058
145377,4-3-6,929.2
145377,5-3-6,3567
145377,6-3-5,5254
145377,1-5-2,91.8
145377,2-5-1,247.6
145377,3-5-1,631
145377,4-5-1,49.3
145377,5-4-1,308.1
145377,6-4-1,4013
145377,1-5-3,165.2
145377,2-5-3,435.9
145377,3-5-2,561.1
145377,4-5-2,55.4
145377,5-4-2,325.8
145377,6-4-2,4128
145377,1-5-4,95.2
145377,2-5-4,207.1
145377,3-5-4,474.5
145377,4-5-3,165.9
145377,5-4-3,733.5
145377,6-4-3,5160
145377,1-5-6,825.7
145377,2-5-6,1369
145377,3-5-6,1806
145377,4-5-6,249.5
145377,5-4-6,1214
145377,6-4-5,4816
145377,1-6-2,683.2
145377,2-6-1,1537
145377,3-6-1,3853
145377,4-6-1,873.1
145377,5-6-1,3802
145377,6-5-1,5160
145377,1-6-3,1278
145377,2-6-3,3360
145377,3-6-2,3175
145377,4-6-2,929.2
145377,5-6-2,3481
145377,6-5-2,6282
145377,1-6-4,1021
145377,2-6-4,1864
145377,3-6-4,2833
145377,4-6-3,1284
145377,5-6-3,4661
145377,6-5-3,6020
145377,1-6-5,1614
145377,2-6-5,2778
145377,3-6-5,3958
145377,4-6-5,762.5
145377,5-6-4,3284
145377,6-5-4,5452
145378,1-2-3,7.1
145378,2-1-3,19.7
145378,3-1-2,17.4
145378,4-1-2,257.4
145378,5-1-2,308.6
145378,6-1-2,703.1
145378,1-2-4,32.1
145378,2-1-4,66.9
145378,3-1-4,29.6
145378,4-1-3,256.4
145378,5-1-3,189.6
145378,6-1-3,673.9
145378,1-2-5,27.3
145378,2-1-5,59.2
145378,3-1-5,16.1
145378,4-1-5,382.1
145378,5-1-4,673.9
145378,6-1-4,2163
145378,1-2-6,45
145378,2-1-6,96.5
145378,3-1-6,42.5
145378,4-1-6,607.9
145378,5-1-6,384.2
145378,6-1-5,1259
145378,1-3-2,6
145378,2-3-1,45.7
145378,3-2-1,42.9
145378,4-2-1,378.3
145378,5-2-1,513.8
145378,6-2-1,1122
145378,1-3-4,16.8
145378,2-3-4,135.1
145378,3-2-4,107.6
145378,4-2-3,361.5
145378,5-2-3,534
145378,6-2-3,1240
145378,1-3-5,9
145378,2-3-5,88.7
145378,3-2-5,69.1
145378,4-2-5,595
145378,5-2-4,1251
145378,6-2-4,2636
145378,1-3-6,24.9
145378,2-3-6,158.6
145378,3-2-6,135.7
145378,4-2-6,775.5
145378,5-2-6,816
145378,6-2-5,2078
145378,1-4-2,65.1
145378,2-4-1,235.1
145378,3-4-1,80
145378,4-3-1,304.8
145378,5-3-1,243.1
145378,6-3-1,790
145378,1-4-3,57.1
145378,2-4-3,246.2
145378,3-4-2,136.9
145378,4-3-2,347.5
145378,5-3-2,427.9
145378,6-3-2,1212
145378,1-4-5,118
145378,2-4-5,484.9
145378,3-4-5,105.1
145378,4-3-5,410
145378,5-3-4,748
145378,6-3-4,2318
145378,1-4-6,178
145378,2-4-6,711.4
145378,3-4-6,192.8
145378,4-3-6,683.8
145378,5-3-6,456.6
145378,6-3-5,1335
145378,1-5-2,51.3
145378,2-5-1,222.7
145378,3-5-1,47.7
145378,4-5-1,520.8
145378,5-4-1,988
145378,6-4-1,3172
145378,1-5-3,36.7
145378,2-5-3,199.1
145378,3-5-2,87.6
145378,4-5-2,736.3
145378,5-4-2,1322
145378,6-4-2,3486
145378,1-5-4,156
145378,2-5-4,607.9
145378,3-5-4,121.9
145378,4-5-3,546.5
145378,5-4-3,927.2
145378,6-4-3,3296
145378,1-5-6,112
145378,2-5-6,557.3
145378,3-5-6,103.7
145378,4-5-6,644.1
145378,5-4-6,1175
145378,6-4-5,3035
145378,1-6-2,137.5
145378,2-6-1,435.4
145378,3-6-1,158.2
145378,4-6-1,1087
145378,5-6-1,647.1
145378,6-5-1,1318
145378,1-6-3,106.6
145378,2-6-3,469.3
145378,3-6-2,289.9
145378,4-6-2,1294
145378,5-6-2,1011
145378,6-5-2,2330
145378,1-6-4,311.6
145378,2-6-4,1205
145378,3-6-4,329.3
145378,4-6-3,1104
145378,5-6-3,636.3
145378,6-5-3,1485
145378,1-6-5,228.3
145378,2-6-5,787.1
145378,3-6-5,234.1
145378,4-6-5,1110
145378,5-6-4,1411
145378,6-5-4,2775
145379,1-2-3,3.6
145379,2-1-3,21.4
145379,3-1-2,48.7
145379,4-1-2,233.7
145379,5-1-2,472.6
145379,6-1-2,284.9
145379,1-2-4,9.9
145379,2-1-4,63.6
145379,3-1-4,79.1
145379,4-1-3,263.2
145379,5-1-3,512.7
145379,6-1-3,408.7
145379,1-2-5,14.8
145379,2-1-5,86.2
145379,3-1-5,110.9
145379,4-1-5,284
145379,5-1-4,644
145379,6-1-4,769.1
145379,1-2-6,21.7
145379,2-1-6,89.4
145379,3-1-6,128.1
145379,4-1-6,404.4
145379,5-1-6,770.8
145379,6-1-5,959.7
145379,1-3-2,5.7
145379,2-3-1,65.3
145379,3-2-1,75.5
145379,4-2-1,499.3
145379,5-2-1,792
145379,6-2-1,481.9
145379,1-3-4,13.2
145379,2-3-4,298.5
145379,3-2-4,276.5
145379,4-2-3,848.6
145379,5-2-3,1640
145379,6-2-3,740.9
145379,1-3-5,16.6
145379,2-3-5,357.4
145379,3-2-5,372.4
145379,4-2-5,965.1
145379,5-2-4,1680
145379,6-2-4,1852
145379,1-3-6,24.8
145379,2-3-6,340.1
145379,3-2-6,341.1
145379,4-2-6,1213
145379,5-2-6,2409
145379,6-2-5,2281
145379,1-4-2,23.6
145379,2-4-1,330.3
145379,3-4-1,209.9
145379,4-3-1,431.2
145379,5-3-1,1016
145379,6-3-1,859.2
145379,1-4-3,30.3
145379,2-4-3,559.3
145379,3-4-2,353
145379,4-3-2,846.5
145379,5-3-2,1813
145379,6-3-2,1188
145379,1-4-5,53.6
145379,2-4-5,883.4
145379,3-4-5,480.5
145379,4-3-5,1111
145379,5-3-4,2590
145379,6-3-4,2194
145379,1-4-6,75.5
145379,2-4-6,1004
145379,3-4-6,577.1
145379,4-3-6,1192
145379,5-3-6,2610
145379,6-3-5,3104
145379,1-5-2,44.8
145379,2-5-1,440.6
145379,3-5-1,369.7
145379,4-5-1,526.8
145379,5-4-1,1070
145379,6-4-1,1417
145379,1-5-3,57.2
145379,2-5-3,770.8
145379,3-5-2,625.3
145379,4-5-2,901.9
145379,5-4-2,1803
145379,6-4-2,2153
145379,1-5-4,97.8
145379,2-5-4,1050
145379,3-5-4,772.5
145379,4-5-3,1248
145379,5-4-3,2252
145379,6-4-3,2194
145379,1-5-6,116.2
145379,2-5-6,1129
145379,3-5-6,931.2
145379,4-5-6,936.3
145379,5-4-6,2194
145379,6-4-5,2671
145379,1-6-2,67.3
145379,2-6-1,391.9
145379,3-6-1,459.4
145379,4-6-1,928.7
145379,5-6-1,1749
145379,6-5-1,1587
145379,1-6-3,71.9
145379,2-6-3,936.3
145379,3-6-2,793.9
145379,4-6-2,1345
145379,5-6-2,3022
145379,6-5-2,2533
145379,1-6-4,179.3
145379,2-6-4,1632
145379,3-6-4,1129
145379,4-6-3,1447
145379,5-6-3,3049
145379,6-5-3,3049
145379,1-6-5,199.2
145379,2-6-5,1776
145379,3-6-5,1573
145379,4-6-5,1531
145379,5-6-4,3250
145379,6-5-4,3022
145380,1-2-3,6.9
145380,2-1-3,47.3
145380,3-1-2,43.9
145380,4-1-2,64.5
145380,5-1-2,235.4
145380,6-1-2,2048
145380,1-2-4,10.7
145380,2-1-4,52.1
145380,3-1-4,37
145380,4-1-3,74.6
145380,5-1-3,235.4
145380,6-1-3,2240
145380,1-2-5,18.5
145380,2-1-5,85.9
145380,3-1-5,50
145380,4-1-5,54.3
145380,5-1-4,186.4
145380,6-1-4,2372
145380,1-2-6,252.5
145380,2-1-6,528.8
145380,3-1-6,410.1
145380,4-1-6,430.1
145380,5-1-6,972.7
145380,6-1-5,3049
145380,1-3-2,7.7
145380,2-3-1,141.5
145380,3-2-1,118.7
145380,4-2-1,157.6
145380,5-2-1,456.7
145380,6-2-1,3654
145380,1-3-4,7.5
145380,2-3-4,297.3
145380,3-2-4,233.3
145380,4-2-3,386.3
145380,5-2-3,919.7
145380,6-2-3,4315
145380,1-3-5,11.7
145380,2-3-5,408.4
145380,3-2-5,264
145380,4-2-5,256.8
145380,5-2-4,803.2
145380,6-2-4,5200
145380,1-3-6,208
145380,2-3-6,1603
145380,3-2-6,1210
145380,4-2-6,1464
145380,5-2-6,2266
145380,6-2-5,4506
145380,1-4-2,12.3
145380,2-4-1,196.4
145380,3-4-1,70.1
145380,4-3-1,116.8
145380,5-3-1,352.7
145380,6-3-1,3193
145380,1-4-3,14.3
145380,2-4-3,400
145380,3-4-2,178.7
145380,4-3-2,304.7
145380,5-3-2,938.9
145380,6-3-2,5134
145380,1-4-5,18
145380,2-4-5,450.6
145380,3-4-5,101.7
145380,4-3-5,142.9
145380,5-3-4,641.8
145380,6-3-4,3687
145380,1-4-6,266.1
145380,2-4-6,2535
145380,3-4-6,612.7
145380,4-3-6,741.5
145380,5-3-6,2443
145380,6-3-5,4056
145380,1-5-2,31.5
145380,2-5-1,346.3
145380,3-5-1,135.1
145380,4-5-1,95.5
145380,5-4-1,221.6
145380,6-4-1,3380
145380,1-5-3,29.6
145380,2-5-3,654.2
145380,3-5-2,284.2
145380,4-5-2,189.2
145380,5-4-2,493.4
145380,6-4-2,5408
145380,1-5-4,38.5
145380,2-5-4,678.2
145380,3-5-4,177.2
145380,4-5-3,197.4
145380,5-4-3,532.3
145380,6-4-3,4771
145380,1-5-6,306.3
145380,2-5-6,2304
145380,3-5-6,1158
145380,4-5-6,351.4
145380,5-4-6,796.8
145380,6-4-5,2344
145380,1-6-2,526
145380,2-6-1,2488
145380,3-6-1,1628
145380,4-6-1,1370
145380,5-6-1,2535
145380,6-5-1,4016
145380,1-6-3,716.6
145380,2-6-3,3297
145380,3-6-2,3096
145380,4-6-2,2304
145380,5-6-2,3096
145380,6-5-2,5267
145380,1-6-4,724.3
145380,2-6-4,3976
145380,3-6-4,2204
145380,4-6-3,1690
145380,5-6-3,3271
145380,6-5-3,5337
145380,1-6-5,885.6
145380,2-6-5,3144
145380,3-6-5,2385
145380,4-6-5,999
145380,5-6-4,1524
145380,6-5-4,2291
145381,1-2-3,14.7
145381,2-1-3,68.3
145381,3-1-2,50.9
145381,4-1-2,264
145381,5-1-2,72.7
145381,6-1-2,116.1
145381,1-2-4,26.5
145381,2-1-4,120.4
145381,3-1-4,70.1
145381,4-1-3,259.2
145381,5-1-3,69.5
145381,6-1-3,93.4
145381,1-2-5,13.5
145381,2-1-5,81.3
145381,3-1-5,42.7
145381,4-1-5,150.8
145381,5-1-4,121.6
145381,6-1-4,218
145381,1-2-6,27.2
145381,2-1-6,91.5
145381,3-1-6,38.9
145381,4-1-6,195.7
145381,5-1-6,61.1
145381,6-1-5,135.1
145381,1-3-2,15.3
145381,2-3-1,161.7
145381,3-2-1,113.6
145381,4-2-1,449.8
145381,5-2-1,166.1
145381,6-2-1,269.5
145381,1-3-4,27.4
145381,2-3-4,308.6
145381,3-2-4,248.2
145381,4-2-3,594
145381,5-2-3,341.6
145381,6-2-3,406.2
145381,1-3-5,12.5
145381,2-3-5,233.8
145381,3-2-5,176.8
145381,4-2-5,447.3
145381,5-2-4,515
145381,6-2-4,847.3
145381,1-3-6,16.3
145381,2-3-6,248.9
145381,3-2-6,154
145381,4-2-6,534.2
145381,5-2-6,267.7
145381,6-2-5,536.7
145381,1-4-2,48.8
145381,2-4-1,354.7
145381,3-4-1,185.7
145381,4-3-1,391.7
145381,5-3-1,152.1
145381,6-3-1,174.7
145381,1-4-3,52.2
145381,2-4-3,464.9
145381,3-4-2,284.8
145381,4-3-2,549.8
145381,5-3-2,309.2
145381,6-3-2,379.4
145381,1-4-5,50.9
145381,2-4-5,448.1
145381,3-4-5,182.4
145381,4-3-5,323.1
145381,5-3-4,323.8
145381,6-3-4,401.7
145381,1-4-6,58.1
145381,2-4-6,505.7
145381,3-4-6,175.3
145381,4-3-6,308
145381,5-3-6,168.9
145381,6-3-5,282.4
145381,1-5-2,19
145381,2-5-1,190.2
145381,3-5-1,90.6
145381,4-5-1,198.1
145381,5-4-1,249.9
145381,6-4-1,440.6
145381,1-5-3,19.7
145381,2-5-3,284.3
145381,3-5-2,179.2
145381,4-5-2,343.3
145381,5-4-2,437
145381,6-4-2,918.1
145381,1-5-4,57.1
145381,2-5-4,450.7
145381,3-5-4,188.4
145381,4-5-3,330.6
145381,5-4-3,353.1
145381,6-4-3,548.5
145381,1-5-6,25.2
145381,2-5-6,277.3
145381,3-5-6,99.1
145381,4-5-6,157
145381,5-4-6,184.3
145381,6-4-5,487.4
145381,1-6-2,46.6
145381,2-6-1,281.6
145381,3-6-1,87.5
145381,4-6-1,302.9
145381,5-6-1,110.5
145381,6-5-1,201.2
145381,1-6-3,33.8
145381,2-6-3,416.2
145381,3-6-2,173.9
145381,4-6-2,562.9
145381,5-6-2,240.8
145381,6-5-2,461.3
145381,1-6-4,74.3
145381,2-6-4,639.8
145381,3-6-4,180.5
145381,4-6-3,397
145381,5-6-3,201.3
145381,6-5-3,305.4
145381,1-6-5,49.9
145381,2-6-5,456.4
145381,3-6-5,126.7
145381,4-6-5,226.2
145381,5-6-4,213.5
145381,6-5-4,400.3
145382,1-2-3,6.9
145382,2-1-3,60.1
145382,3-1-2,23.4
145382,4-1-2,187.8
145382,5-1-2,310.9
145382,6-1-2,1750
145382,1-2-4,21.1
145382,2-1-4,110
145382,3-1-4,24.5
145382,4-1-3,101.1
145382,5-1-3,133.6
145382,6-1-3,973.1
145382,1-2-5,23.2
145382,2-1-5,141.8
145382,3-1-5,19.9
145382,4-1-5,137.5
145382,5-1-4,317.1
145382,6-1-4,2481
145382,1-2-6,61.5
145382,2-1-6,298.2
145382,3-1-6,66.2
145382,4-1-6,270.3
145382,5-1-6,396.7
145382,6-1-5,1723
145382,1-3-2,7.1
145382,2-3-1,104.3
145382,3-2-1,62.9
145382,4-2-1,344.6
145382,5-2-1,586.4
145382,6-2-1,2857
145382,1-3-4,10.9
145382,2-3-4,219.6
145382,3-2-4,135.6
145382,4-2-3,342
145382,5-2-3,688.3
145382,6-2-3,2303
145382,1-3-5,10.2
145382,2-3-5,294.7
145382,3-2-5,143.9
145382,4-2-5,471.3
145382,5-2-4,990.2
145382,6-2-4,2857
145382,1-3-6,40.1
145382,2-3-6,615.1
145382,3-2-6,298.2
145382,4-2-6,650.6
145382,5-2-6,1101
145382,6-2-5,2857
145382,1-4-2,35.7
145382,2-4-1,261
145382,3-4-1,40.8
145382,4-3-1,94.6
145382,5-3-1,170.6
145382,6-3-1,1328
145382,1-4-3,28.8
145382,2-4-3,301
145382,3-4-2,90.5
145382,4-3-2,222.2
145382,5-3-2,485.5
145382,6-3-2,2595
145382,1-4-5,47.9
145382,2-4-5,516.6
145382,3-4-5,47.1
145382,4-3-5,107.5
145382,5-3-4,402.4
145382,6-3-4,1697
145382,1-4-6,99.9
145382,2-4-6,620.2
145382,3-4-6,81.3
145382,4-3-6,187.9
145382,5-3-6,411.2
145382,6-3-5,1268
145382,1-5-2,48.3
145382,2-5-1,495.1
145382,3-5-1,43.3
145382,4-5-1,241.4
145382,5-4-1,602
145382,6-4-1,3420
145382,1-5-3,28.9
145382,2-5-3,538.8
145382,3-5-2,87
145382,4-5-2,488.6
145382,5-4-2,1055
145382,6-4-2,3320
145382,1-5-4,95.9
145382,2-5-4,994.6
145382,3-5-4,73.8
145382,4-5-3,206
145382,5-4-3,514.2
145382,6-4-3,2351
145382,1-5-6,97.1
145382,2-5-6,1112
145382,3-5-6,87.6
145382,4-5-6,412.7
145382,5-4-6,878.5
145382,6-4-5,3225
145382,1-6-2,253.9
145382,2-6-1,1672
145382,3-6-1,201.2
145382,4-6-1,981.6
145382,5-6-1,818
145382,6-5-1,1636
145382,1-6-3,149.1
145382,2-6-3,1806
145382,3-6-2,444.4
145382,4-6-2,1085
145382,5-6-2,1254
145382,6-5-2,2110
145382,1-6-4,294.3
145382,2-6-4,2052
145382,3-6-4,212.3
145382,4-6-3,725.9
145382,5-6-3,682.1
145382,6-5-3,1163
145382,1-6-5,206.1
145382,2-6-5,1624
145382,3-6-5,208.2
145382,4-6-5,770.5
145382,5-6-4,1268
145382,6-5-4,2857
145383,1-2-3,0
145383,2-1-3,0
145383,3-1-2,0
145383,4-1-2,0
145383,5-1-2,0
145383,6-1-2,0
145383,1-2-4,0
145383,2-1-4,0
145383,3-1-4,33.4
145383,4-1-3,31.2
145383,5-1-3,291.1
145383,6-1-3,261.9
145383,1-2-5,0
145383,2-1-5,0
145383,3-1-5,68.3
145383,4-1-5,49.3
145383,5-1-4,280.8
145383,6-1-4,243
145383,1-2-6,0
145383,2-1-6,0
145383,3-1-6,50.6
145383,4-1-6,43.1
145383,5-1-6,369.9
145383,6-1-5,513.6
145383,1-3-2,0
145383,2-3-1,0
145383,3-2-1,0
145383,4-2-1,0
145383,5-2-1,0
145383,6-2-1,0
145383,1-3-4,3.3
145383,2-3-4,0
145383,3-2-4,0
145383,4-2-3,0
145383,5-2-3,0
145383,6-2-3,0
145383,1-3-5,15.4
145383,2-3-5,0
145383,3-2-5,0
145383,4-2-5,0
145383,5-2-4,0
145383,6-2-4,0
145383,1-3-6,10.5
145383,2-3-6,0
145383,3-2-6,0
145383,4-2-6,0
145383,5-2-6,0
145383,6-2-5,0
145383,1-4-2,0
145383,2-4-1,0
145383,3-4-1,72.8
145383,4-3-1,64.2
145383,5-3-1,505.2
145383,6-3-1,483.3
145383,1-4-3,4.1
145383,2-4-3,0
145383,3-4-2,0
145383,4-3-2,0
145383,5-3-2,0
145383,6-3-2,0
145383,1-4-5,13.2
145383,2-4-5,0
145383,3-4-5,218.1
145383,4-3-5,139.9
145383,5-3-4,700.5
145383,6-3-4,660.1
145383,1-4-6,8.6
145383,2-4-6,0
145383,3-4-6,171.5
145383,4-3-6,134.8
145383,5-3-6,670.3
145383,6-3-5,878.8
145383,1-5-2,0
145383,2-5-1,0
145383,3-5-1,312.5
145383,4-5-1,105.1
145383,5-4-1,419.1
145383,6-4-1,390.8
145383,1-5-3,37.1
145383,2-5-3,0
145383,3-5-2,0
145383,4-5-2,0
145383,5-4-2,0
145383,6-4-2,0
145383,1-5-4,41.2
145383,2-5-4,0
145383,3-5-4,430.2
145383,4-5-3,170
145383,5-4-3,595.1
145383,6-4-3,594.3
145383,1-5-6,58.1
145383,2-5-6,0
145383,3-5-6,426.9
145383,4-5-6,142
145383,5-4-6,597.5
145383,6-4-5,792.4
145383,1-6-2,0
145383,2-6-1,0
145383,3-6-1,284.8
145383,4-6-1,123.5
145383,5-6-1,598.3
145383,6-5-1,831.8
145383,1-6-3,29.3
145383,2-6-3,0
145383,3-6-2,0
145383,4-6-2,0
145383,5-6-2,0
145383,6-5-2,0
145383,1-6-4,30.2
145383,2-6-4,0
145383,3-6-4,443.9
145383,4-6-3,194.6
145383,5-6-3,722.6
145383,6-5-3,893.2
145383,1-6-5,78.1
145383,2-6-5,0
145383,3-6-5,552.7
145383,4-6-5,209.5
145383,5-6-4,779.6
145383,6-5-4,935.5
145384,1-2-3,5.6
145384,2-1-3,25.9
145384,3-1-2,42.2
145384,4-1-2,157.1
145384,5-1-2,439.5
145384,6-1-2,1529
145384,1-2-4,9.2
145384,2-1-4,53.5
145384,3-1-4,39.8
145384,4-1-3,148.3
145384,5-1-3,409.7
145384,6-1-3,1731
145384,1-2-5,20.7
145384,2-1-5,87.7
145384,3-1-5,66.1
145384,4-1-5,212.6
145384,5-1-4,596.5
145384,6-1-4,2380
145384,1-2-6,43.6
145384,2-1-6,141.9
145384,3-1-6,133.5
145384,4-1-6,359
145384,5-1-6,759.2
145384,6-1-5,3202
145384,1-3-2,6.8
145384,2-3-1,65.5
145384,3-2-1,80.2
145384,4-2-1,305
145384,5-2-1,859.2
145384,6-2-1,2087
145384,1-3-4,6.8
145384,2-3-4,167.2
145384,3-2-4,129.3
145384,4-2-3,422.8
145384,5-2-3,1171
145384,6-2-3,2756
145384,1-3-5,15.1
145384,2-3-5,252.2
145384,3-2-5,192.7
145384,4-2-5,691.5
145384,5-2-4,1686
145384,6-2-4,4080
145384,1-3-6,32.6
145384,2-3-6,384.4
145384,3-2-6,287.4
145384,4-2-6,973.4
145384,5-2-6,1706
145384,6-2-5,4045
145384,1-4-2,17.4
145384,2-4-1,194.1
145384,3-4-1,96.7
145384,4-3-1,256.1
145384,5-3-1,689.9
145384,6-3-1,2400
145384,1-4-3,15.7
145384,2-4-3,251.7
145384,3-4-2,167.3
145384,4-3-2,453.6
145384,5-3-2,1159
145384,6-3-2,3543
145384,1-4-5,35.8
145384,2-4-5,570.5
145384,3-4-5,212
145384,4-3-5,584.5
145384,5-3-4,1362
145384,6-3-4,3290
145384,1-4-6,56.6
145384,2-4-6,809.1
145384,3-4-6,287.9
145384,4-3-6,796.4
145384,5-3-6,1473
145384,6-3-5,4314
145384,1-5-2,47.6
145384,2-5-1,412.3
145384,3-5-1,205.8
145384,4-5-1,389.2
145384,5-4-1,1090
145384,6-4-1,3392
145384,1-5-3,44.6
145384,2-5-3,565.8
145384,3-5-2,328
145384,4-5-2,716.5
145384,5-4-2,1810
145384,6-4-2,4288
145384,1-5-4,81
145384,2-5-4,844
145384,3-5-4,350.4
145384,4-5-3,715.4
145384,5-4-3,1896
145384,6-4-3,4275
145384,1-5-6,116.5
145384,2-5-6,1221
145384,3-5-6,475.2
145384,4-5-6,714.7
145384,5-4-6,1724
145384,6-4-5,3828
145384,1-6-2,166.5
145384,2-6-1,845
145384,3-6-1,719.4
145384,4-6-1,994.4
145384,5-6-1,2210
145384,6-5-1,3945
145384,1-6-3,176.9
145384,2-6-3,1327
145384,3-6-2,1305
145384,4-6-2,1560
145384,5-6-2,2811
145384,6-5-2,4548
145384,1-6-4,239.5
145384,2-6-4,2045
145384,3-6-4,1332
145384,4-6-3,1672
145384,5-6-3,3025
145384,6-5-3,4744
145384,1-6-5,264.3
145384,2-6-5,1891
145384,3-6-5,1389
145384,4-6-5,1259
145384,5-6-4,2751
145384,6-5-4,4091
145265,1-2-3,15.5
145265,2-1-3,23.2
145265,3-1-2,44.4
145265,4-1-2,53.5
145265,5-1-2,748.7
145265,6-1-2,510.8
145265,1-2-4,22.9
145265,2-1-4,24
145265,3-1-4,40.5
145265,4-1-3,52.9
145265,5-1-3,687
145265,6-1-3,584
145265,1-2-5,168.7
145265,2-1-5,163.7
145265,3-1-5,174.1
145265,4-1-5,123.2
145265,5-1-4,648.9
145265,6-1-4,606.2
145265,1-2-6,77.9
145265,2-1-6,81.1
145265,3-1-6,83.7
145265,4-1-6,102.5
145265,5-1-6,1012
145265,6-1-5,1564
145265,1-3-2,19.5
145265,2-3-1,29.5
145265,3-2-1,44.1
145265,4-2-1,58.6
145265,5-2-1,931.9
145265,6-2-1,803.6
145265,1-3-4,24.9
145265,2-3-4,13.6
145265,3-2-4,21.2
145265,4-2-3,36.3
145265,5-2-3,826.4
145265,6-2-3,600
145265,1-3-5,159.2
145265,2-3-5,102.5
145265,3-2-5,116.3
145265,4-2-5,121.6
145265,5-2-4,681.7
145265,6-2-4,765
145265,1-3-6,70.1
145265,2-3-6,51.5
145265,3-2-6,52.6
145265,4-2-6,68.1
145265,5-2-6,1225
145265,6-2-5,1769
145265,1-4-2,35.6
145265,2-4-1,30.5
145265,3-4-1,40.3
145265,4-3-1,53.8
145265,5-3-1,796.3
145265,6-3-1,800
145265,1-4-3,33.2
145265,2-4-3,16.9
145265,3-4-2,23.6
145265,4-3-2,37.3
145265,5-3-2,785.6
145265,6-3-2,679
145265,1-4-5,150
145265,2-4-5,114.9
145265,3-4-5,80.2
145265,4-3-5,112.6
145265,5-3-4,554.4
145265,6-3-4,527.7
145265,1-4-6,87.7
145265,2-4-6,55.5
145265,3-4-6,41.6
145265,4-3-6,59.6
145265,5-3-6,800
145265,6-3-5,1327
145265,1-5-2,271.6
145265,2-5-1,405.5
145265,3-5-1,332.4
145265,4-5-1,134.3
145265,5-4-1,490.7
145265,6-4-1,785.6
145265,1-5-3,294.4
145265,2-5-3,339.5
145265,3-5-2,292.9
145265,4-5-2,152.2
145265,5-4-2,550.9
145265,6-4-2,663.6
145265,1-5-4,338.8
145265,2-5-4,317.4
145265,3-5-4,206.6
145265,4-5-3,191.9
145265,5-4-3,478.7
145265,6-4-3,567
145265,1-5-6,554.4
145265,2-5-6,612.6
145265,3-5-6,321.4
145265,4-5-6,139.6
145265,5-4-6,523
145265,6-4-5,936.9
145265,1-6-2,150.9
145265,2-6-1,184.4
145265,3-6-1,198.8
145265,4-6-1,133.7
145265,5-6-1,1297
145265,6-5-1,1946
145265,1-6-3,183.2
145265,2-6-3,153.6
145265,3-6-2,158.7
145265,4-6-2,121.8
145265,5-6-2,1390
145265,6-5-2,1904
145265,1-6-4,231.1
145265,2-6-4,190.6
145265,3-6-4,133.8
145265,4-6-3,114
145265,5-6-3,1191
145265,6-5-3,1424
145265,1-6-5,542.4
145265,2-6-5,778.6
145265,3-6-5,351.1
145265,4-6-5,195.7
145265,5-6-4,898.4
145265,6-5-4,1145
145266,1-2-3,7.3
145266,2-1-3,11.9
145266,3-1-2,32.1
145266,4-1-2,164
145266,5-1-2,262.5
145266,6-1-2,1312
145266,1-2-4,38.2
145266,2-1-4,44.1
145266,3-1-4,68.2
145266,4-1-3,235.5
145266,5-1-3,380.1
145266,6-1-3,1112
145266,1-2-5,22.7
145266,2-1-5,30.9
145266,3-1-5,59.1
145266,4-1-5,246.4
145266,5-1-4,529.5
145266,6-1-4,1583
145266,1-2-6,64.4
145266,2-1-6,85.2
145266,3-1-6,112.5
145266,4-1-6,398.8
145266,5-1-6,685.5
145266,6-1-5,1669
145266,1-3-2,11.6
145266,2-3-1,15.7
145266,3-2-1,27.5
145266,4-2-1,152.1
145266,5-2-1,267.9
145266,6-2-1,1258
145266,1-3-4,55.8
145266,2-3-4,29.4
145266,3-2-4,46.4
145266,4-2-3,107
145266,5-2-3,166.9
145266,6-2-3,679.4
145266,1-3-5,34.6
145266,2-3-5,19.2
145266,3-2-5,29.9
145266,4-2-5,103.4
145266,5-2-4,197.8
145266,6-2-4,1396
145266,1-3-6,75.3
145266,2-3-6,49.7
145266,3-2-6,62.4
145266,4-2-6,157.3
145266,5-2-6,253.4
145266,6-2-5,1383
145266,1-4-2,101.7
145266,2-4-1,71.3
145266,3-4-1,129.8
145266,4-3-1,348.2
145266,5-3-1,450.3
145266,6-3-1,1190
145266,1-4-3,141
145266,2-4-3,50.9
145266,3-4-2,69.5
145266,4-3-2,163.8
145266,5-3-2,231.2
145266,6-3-2,767.8
145266,1-4-5,181.5
145266,2-4-5,62.2
145266,3-4-5,119.5
145266,4-3-5,250.1
145266,5-3-4,540.7
145266,6-3-4,1408
145266,1-4-6,299.3
145266,2-4-6,124.3
145266,3-4-6,143.6
145266,4-3-6,328.1
145266,5-3-6,542.6
145266,6-3-5,1228
145266,1-5-2,79
145266,2-5-1,65
145266,3-5-1,108.3
145266,4-5-1,174.9
145266,5-4-1,446.4
145266,6-4-1,1616
145266,1-5-3,98.1
145266,2-5-3,54.1
145266,3-5-2,61
145266,4-5-2,95.3
145266,5-4-2,198.6
145266,6-4-2,1258
145266,1-5-4,243.3
145266,2-5-4,83.3
145266,3-5-4,133.1
145266,4-5-3,188.6
145266,5-4-3,370.9
145266,6-4-3,1448
145266,1-5-6,310.8
145266,2-5-6,137.7
145266,3-5-6,135.7
145266,4-5-6,128.1
145266,5-4-6,241.8
145266,6-4-5,1037
145266,1-6-2,255.5
145266,2-6-1,334.5
145266,3-6-1,258.9
145266,4-6-1,459.7
145266,5-6-1,984.3
145266,6-5-1,1765
145266,1-6-3,278.6
145266,2-6-3,193.4
145266,3-6-2,160.4
145266,4-6-2,314
145266,5-6-2,614.2
145266,6-5-2,1347
145266,1-6-4,572.9
145266,2-6-4,336
145266,3-6-4,269.4
145266,4-6-3,432.5
145266,5-6-3,830
145266,6-5-3,1358
145266,1-6-5,639.8
145266,2-6-5,350.5
145266,3-6-5,262
145266,4-6-5,297.6
145266,5-6-4,616.7
145266,6-5-4,1037
145267,1-2-3,12.8
145267,2-1-3,42.9
145267,3-1-2,177.7
145267,4-1-2,99.8
145267,5-1-2,30.1
145267,6-1-2,879.5
145267,1-2-4,12.8
145267,2-1-4,32.6
145267,3-1-4,228.2
145267,4-1-3,436
145267,5-1-3,147.5
145267,6-1-3,1541
145267,1-2-5,6.8
145267,2-1-5,19.5
145267,3-1-5,135.7
145267,4-1-5,73.2
145267,5-1-4,52.4
145267,6-1-4,1415
145267,1-2-6,54.4
145267,2-1-6,98
145267,3-1-6,476
145267,4-1-6,164.2
145267,5-1-6,83.2
145267,6-1-5,874.5
145267,1-3-2,28.2
145267,2-3-1,151.5
145267,3-2-1,255.2
145267,4-2-1,160.3
145267,5-2-1,45.7
145267,6-2-1,1017
145267,1-3-4,64.9
145267,2-3-4,304.6
145267,3-2-4,515.4
145267,4-2-3,483.4
145267,5-2-3,188.4
145267,6-2-3,1276
145267,1-3-5,29.5
145267,2-3-5,126.4
145267,3-2-5,190.7
145267,4-2-5,125.5
145267,5-2-4,75.7
145267,6-2-4,1365
145267,1-3-6,174.3
145267,2-3-6,457.8
145267,3-2-6,770.6
145267,4-2-6,251.4
145267,5-2-6,107.3
145267,6-2-5,810.8
145267,1-4-2,23
145267,2-4-1,87.5
145267,3-4-1,659.6
145267,4-3-1,806.6
145267,5-3-1,321.6
145267,6-3-1,2323
145267,1-4-3,82.9
145267,2-4-3,308.2
145267,3-4-2,755.7
145267,4-3-2,707.6
145267,5-3-2,302.2
145267,6-3-2,1428
145267,1-4-5,22.7
145267,2-4-5,89.3
145267,3-4-5,500.5
145267,4-3-5,524.1
145267,5-3-4,479
145267,6-3-4,2192
145267,1-4-6,75.6
145267,2-4-6,229.9
145267,3-4-6,1308
145267,4-3-6,1096
145267,5-3-6,576.5
145267,6-3-5,2192
145267,1-5-2,10.3
145267,2-5-1,42.6
145267,3-5-1,261.2
145267,4-5-1,63.6
145267,5-4-1,71.6
145267,6-4-1,1673
145267,1-5-3,32.1
145267,2-5-3,120.3
145267,3-5-2,267.4
145267,4-5-2,78.6
145267,5-4-2,75.8
145267,6-4-2,1541
145267,1-5-4,21
145267,2-5-4,77.6
145267,3-5-4,410.7
145267,4-5-3,362
145267,5-4-3,368
145267,6-4-3,2358
145267,1-5-6,49.8
145267,2-5-6,121.5
145267,3-5-6,714.1
145267,4-5-6,85.1
145267,5-4-6,83.9
145267,6-4-5,755.7
145267,1-6-2,155.8
145267,2-6-1,418.4
145267,3-6-1,1769
145267,4-6-1,441
145267,5-6-1,176.9
145267,6-5-1,850.6
145267,1-6-3,423
145267,2-6-3,860
145267,3-6-2,1255
145267,4-6-2,513.7
145267,5-6-2,167.2
145267,6-5-2,798.3
145267,1-6-4,213.2
145267,2-6-4,488
145267,3-6-4,1789
145267,4-6-3,1197
145267,5-6-3,645.9
145267,6-5-3,1692
145267,1-6-5,166.6
145267,2-6-5,336.9
145267,3-6-5,1673
145267,4-6-5,288.8
145267,5-6-4,149.5
145267,6-5-4,727.4
145268,1-2-3,31.4
145268,2-1-3,83.1
145268,3-1-2,34.4
145268,4-1-2,212.4
145268,5-1-2,696.2
145268,6-1-2,345.3
145268,1-2-4,72.1
145268,2-1-4,173.5
145268,3-1-4,10.3
145268,4-1-3,87.2
145268,5-1-3,598.8
145268,6-1-3,123.2
145268,1-2-5,234.8
145268,2-1-5,452.2
145268,3-1-5,61.3
145268,4-1-5,244.3
145268,5-1-4,749.8
145268,6-1-4,240
145268,1-2-6,88
145268,2-1-6,278
145268,3-1-6,10.3
145268,4-1-6,72
145268,5-1-6,546.5
145268,6-1-5,507
145268,1-3-2,18.2
145268,2-3-1,92.2
145268,3-2-1,74
145268,4-2-1,382.2
145268,5-2-1,1161
145268,6-2-1,414.7
145268,1-3-4,10.2
145268,2-3-4,141.4
145268,3-2-4,106.1
145268,4-2-3,331.6
145268,5-2-3,1309
145268,6-2-3,452.2
145268,1-3-5,66.3
145268,2-3-5,361.7
145268,3-2-5,263
145268,4-2-5,722
145268,5-2-4,1499
145268,6-2-4,560.5
145268,1-3-6,10.6
145268,2-3-6,197.5
145268,3-2-6,115.2
145268,4-2-6,304.6
145268,5-2-6,1169
145268,6-2-5,1552
145268,1-4-2,62.7
145268,2-4-1,350.2
145268,3-4-1,20.6
145268,4-3-1,68.5
145268,5-3-1,872.9
145268,6-3-1,117.5
145268,1-4-3,28.9
145268,2-4-3,348.1
145268,3-4-2,63.6
145268,4-3-2,168.8
145268,5-3-2,1124
145268,6-3-2,295.8
145268,1-4-5,168.5
145268,2-4-5,1020
145268,3-4-5,85
145268,4-3-5,149.8
145268,5-3-4,722
145268,6-3-4,158
145268,1-4-6,38
145268,2-4-6,546.5
145268,3-4-6,18
145268,4-3-6,34.7
145268,5-3-6,584.8
145268,6-3-5,304
145268,1-5-2,209.1
145268,2-5-1,969.3
145268,3-5-1,164.2
145268,4-5-1,258.4
145268,5-4-1,890.6
145268,6-4-1,271.6
145268,1-5-3,238
145268,2-5-3,1002
145268,3-5-2,234.8
145268,4-5-2,424.8
145268,5-4-2,1201
145268,6-4-2,642.6
145268,1-5-4,323.1
145268,2-5-4,1414
145268,3-5-4,185.8
145268,4-5-3,289.5
145268,5-4-3,743.4
145268,6-4-3,213.7
145268,1-5-6,198
145268,2-5-6,1392
145268,3-5-6,108.8
145268,4-5-6,141.7
145268,5-4-6,582.9
145268,6-4-5,467.8
145268,1-6-2,94.5
145268,2-6-1,699
145268,3-6-1,28.2
145268,4-6-1,67.3
145268,5-6-1,662
145268,6-5-1,746.6
145268,1-6-3,24.1
145268,2-6-3,470.3
145268,3-6-2,110.2
145268,4-6-2,226.1
145268,5-6-2,1185
145268,6-5-2,1808
145268,1-6-4,62.7
145268,2-6-4,877.2
145268,3-6-4,32.8
145268,4-6-3,51.4
145268,5-6-3,652.2
145268,6-5-3,615.6
145268,1-6-5,152.7
145268,2-6-5,1262
145268,3-6-5,85.6
145268,4-6-5,115.6
145268,5-6-4,759.5
145268,6-5-4,831.5
145269,1-2-3,85.4
145269,2-1-3,206.5
145269,3-1-2,64.8
145269,4-1-2,372
145269,5-1-2,343.9
145269,6-1-2,1493
145269,1-2-4,185.7
145269,2-1-4,375.3
145269,3-1-4,23.6
145269,4-1-3,142.1
145269,5-1-3,68.4
145269,6-1-3,519.6
145269,1-2-5,149.9
145269,2-1-5,412.3
145269,3-1-5,15.4
145269,4-1-5,229.1
145269,5-1-4,208.5
145269,6-1-4,1302
145269,1-2-6,277.7
145269,2-1-6,731.4
145269,3-1-6,37
145269,4-1-6,332.1
145269,5-1-6,157.9
145269,6-1-5,861.2
145269,1-3-2,48.3
145269,2-3-1,200.5
145269,3-2-1,116.2
145269,4-2-1,861.2
145269,5-2-1,593.2
145269,6-2-1,1857
145269,1-3-4,21.1
145269,2-3-4,120.2
145269,3-2-4,68
145269,4-2-3,240.7
145269,5-2-3,252.1
145269,6-2-3,1206
145269,1-3-5,18.7
145269,2-3-5,102.6
145269,3-2-5,49.2
145269,4-2-5,382.7
145269,5-2-4,421.2
145269,6-2-4,1736
145269,1-3-6,35.8
145269,2-3-6,221.5
145269,3-2-6,112.1
145269,4-2-6,536.6
145269,5-2-6,557.6
145269,6-2-5,1570
145269,1-4-2,206.1
145269,2-4-1,554.7
145269,3-4-1,31.5
145269,4-3-1,120.1
145269,5-3-1,59.1
145269,6-3-1,492.1
145269,1-4-3,46.9
145269,2-4-3,180.5
145269,3-4-2,61.3
145269,4-3-2,177.8
145269,5-3-2,116
145269,6-3-2,916.6
145269,1-4-5,74.6
145269,2-4-5,281
145269,3-4-5,12.3
145269,4-3-5,56.5
145269,5-3-4,50.3
145269,6-3-4,311.3
145269,1-4-6,114.3
145269,2-4-6,700.2
145269,3-4-6,22.5
145269,4-3-6,93.7
145269,5-3-6,42.2
145269,6-3-5,212.7
145269,1-5-2,181.4
145269,2-5-1,574.1
145269,3-5-1,18.2
145269,4-5-1,263.6
145269,5-4-1,268.6
145269,6-4-1,1360
145269,1-5-3,42.1
145269,2-5-3,194.6
145269,3-5-2,45.2
145269,4-5-2,325.5
145269,5-4-2,413.9
145269,6-4-2,1570
145269,1-5-4,96.6
145269,2-5-4,326.5
145269,3-5-4,11.3
145269,4-5-3,86.4
145269,5-4-3,97.2
145269,6-4-3,637.5
145269,1-5-6,112.3
145269,2-5-6,489.8
145269,3-5-6,12
145269,4-5-6,116.1
145269,5-4-6,165.1
145269,6-4-5,657.1
145269,1-6-2,363.8
145269,2-6-1,1326
145269,3-6-1,101.1
145269,4-6-1,536.6
145269,5-6-1,273.1
145269,6-5-1,854.3
145269,1-6-3,149
145269,2-6-3,773.8
145269,3-6-2,162.2
145269,4-6-2,726.4
145269,5-6-2,462.2
145269,6-5-2,1369
145269,1-6-4,263
145269,2-6-4,1193
145269,3-6-4,54.4
145269,4-6-3,243.8
145269,5-6-3,98.7
145269,6-5-3,272
145269,1-6-5,215
145269,2-6-5,1036
145269,3-6-5,33
145269,4-6-5,242.9
145269,5-6-4,239.7
145269,6-5-4,631.8
145270,1-2-3,11.7
145270,2-1-3,32
145270,3-1-2,251.7
145270,4-1-2,22.3
145270,5-1-2,335.2
145270,6-1-2,1338
145270,1-2-4,3.5
145270,2-1-4,8.9
145270,3-1-4,271.2
145270,4-1-3,95.3
145270,5-1-3,765.5
145270,6-1-3,2562
145270,1-2-5,26.4
145270,2-1-5,49.4
145270,3-1-5,552.8
145270,4-1-5,55.3
145270,5-1-4,376.1
145270,6-1-4,1356
145270,1-2-6,92.7
145270,2-1-6,167.2
145270,3-1-6,1190
145270,4-1-6,133.1
145270,5-1-6,881.5
145270,6-1-5,2499
145270,1-3-2,29.6
145270,2-3-1,124.2
145270,3-2-1,360.4
145270,4-2-1,27.7
145270,5-2-1,539.9
145270,6-2-1,1866
145270,1-3-4,28.2
145270,2-3-4,119
145270,3-2-4,294.4
145270,4-2-3,130
145270,5-2-3,1254
145270,6-2-3,2724
145270,1-3-5,113
145270,2-3-5,327.6
145270,3-2-5,739.3
145270,4-2-5,82.1
145270,5-2-4,698.3
145270,6-2-4,1625
145270,1-3-6,273.1
145270,2-3-6,598.7
145270,3-2-6,1362
145270,4-2-6,168.6
145270,5-2-6,1634
145270,6-2-5,3359
145270,1-4-2,6.2
145270,2-4-1,18.6
145270,3-4-1,376.5
145270,4-3-1,293
145270,5-3-1,1426
145270,6-3-1,4031
145270,1-4-3,23.2
145270,2-4-3,70.8
145270,3-4-2,363
145270,4-3-2,279.4
145270,5-3-2,1519
145270,6-3-2,3251
145270,1-4-5,29.4
145270,2-4-5,80
145270,3-4-5,708.1
145270,4-3-5,538
145270,5-3-4,1558
145270,6-3-4,2879
145270,1-4-6,91.1
145270,2-4-6,179.1
145270,3-4-6,1413
145270,4-3-6,732.1
145270,5-3-6,2676
145270,6-3-5,4086
145270,1-5-2,79.5
145270,2-5-1,215.5
145270,3-5-1,1214
145270,4-5-1,90.9
145270,5-4-1,419.9
145270,6-4-1,1558
145270,1-5-3,183.3
145270,2-5-3,523.1
145270,3-5-2,1158
145270,4-5-2,121
145270,5-4-2,570.5
145270,6-4-2,1558
145270,1-5-4,75.2
145270,2-5-4,265.2
145270,3-5-4,1083
145270,4-5-3,335.2
145270,5-4-3,1141
145270,6-4-3,2826
145270,1-5-6,356.5
145270,2-5-6,944.9
145270,3-5-6,2239
145270,4-5-6,242.6
145270,5-4-6,837.6
145270,6-4-5,2676
145270,1-6-2,296.4
145270,2-6-1,588.3
145270,3-6-1,2584
145270,4-6-1,362.5
145270,5-6-1,1574
145270,6-5-1,3599
145270,1-6-3,653.1
145270,2-6-3,1281
145270,3-6-2,2852
145270,4-6-2,394.2
145270,5-6-2,2129
145270,6-5-2,4086
145270,1-6-4,355.7
145270,2-6-4,568.3
145270,3-6-4,2362
145270,4-6-3,927.5
145270,5-6-3,2879
145270,6-5-3,4319
145270,1-6-5,690.3
145270,2-6-5,1292
145270,3-6-5,2676
145270,4-6-5,545.8
145270,5-6-4,1989
145270,6-5-4,3251
145271,1-2-3,20.6
145271,2-1-3,221.3
145271,3-1-2,100.1
145271,4-1-2,80.9
145271,5-1-2,201.7
145271,6-1-2,0
145271,1-2-4,24.3
145271,2-1-4,236.8
145271,3-1-4,29.9
145271,4-1-3,42.1
145271,5-1-3,108.6
145271,6-1-3,0
145271,1-2-5,37
145271,2-1-5,297.3
145271,3-1-5,40.9
145271,4-1-5,23.1
145271,5-1-4,74
145271,6-1-4,0
145271,1-2-6,0
145271,2-1-6,0
145271,3-1-6,0
145271,4-1-6,0
145271,5-1-6,0
145271,6-1-5,0
145271,1-3-2,14.8
145271,2-3-1,330.8
145271,3-2-1,233.4
145271,4-2-1,230.9
145271,5-2-1,511.4
145271,6-2-1,0
145271,1-3-4,5
145271,2-3-4,374.7
145271,3-2-4,307.6
145271,4-2-3,353.1
145271,5-2-3,788.8
145271,6-2-3,0
145271,1-3-5,9.3
145271,2-3-5,485.4
145271,3-2-5,323.8
145271,4-2-5,249.7
145271,5-2-4,727.3
145271,6-2-4,0
145271,1-3-6,0
145271,2-3-6,0
145271,3-2-6,0
145271,4-2-6,0
145271,5-2-6,0
145271,6-2-5,0
145271,1-4-2,18.2
145271,2-4-1,367
145271,3-4-1,54.3
145271,4-3-1,73.9
145271,5-3-1,214.2
145271,6-3-1,0
145271,1-4-3,7.1
145271,2-4-3,493.7
145271,3-4-2,197.8
145271,4-3-2,246.7
145271,5-3-2,666.3
145271,6-3-2,0
145271,1-4-5,8.8
145271,2-4-5,618.3
145271,3-4-5,68.9
145271,4-3-5,80.5
145271,5-3-4,251.2
145271,6-3-4,0
145271,1-4-6,0
145271,2-4-6,0
145271,3-4-6,0
145271,4-3-6,0
145271,5-3-6,0
145271,6-3-5,0
145271,1-5-2,40.5
145271,2-5-1,563.8
145271,3-5-1,98.1
145271,4-5-1,27.6
145271,5-4-1,90.6
145271,6-4-1,0
145271,1-5-3,21
145271,2-5-3,783
145271,3-5-2,337.8
145271,4-5-2,142.8
145271,5-4-2,426.9
145271,6-4-2,0
145271,1-5-4,17
145271,2-5-4,822
145271,3-5-4,117.6
145271,4-5-3,78.4
145271,5-4-3,209.4
145271,6-4-3,0
145271,1-5-6,0
145271,2-5-6,0
145271,3-5-6,0
145271,4-5-6,0
145271,5-4-6,0
145271,6-4-5,0
145271,1-6-2,0
145271,2-6-1,0
145271,3-6-1,0
145271,4-6-1,0
145271,5-6-1,0
145271,6-5-1,0
145271,1-6-3,0
145271,2-6-3,0
145271,3-6-2,0
145271,4-6-2,0
145271,5-6-2,0
145271,6-5-2,0
145271,1-6-4,0
145271,2-6-4,0
145271,3-6-4,0
145271,4-6-3,0
145271,5-6-3,0
145271,6-5-3,0
145271,1-6-5,0
145271,2-6-5,0
145271,3-6-5,0
145271,4-6-5,0
145271,5-6-4,0
145271,6-5-4,0
145272,1-2-3,28.6
145272,2-1-3,106.4
145272,3-1-2,22.4
145272,4-1-2,614.6
145272,5-1-2,85.3
145272,6-1-2,1895
145272,1-2-4,104.4
145272,2-1-4,279.9
145272,3-1-4,27
145272,4-1-3,298.7
145272,5-1-3,33.8
145272,6-1-3,1106
145272,1-2-5,47.4
145272,2-1-5,148.6
145272,3-1-5,8.6
145272,4-1-5,340.5
145272,5-1-4,144.2
145272,6-1-4,2480
145272,1-2-6,169.7
145272,2-1-6,512.9
145272,3-1-6,49.9
145272,4-1-6,826.9
145272,5-1-6,89.6
145272,6-1-5,1342
145272,1-3-2,15.5
145272,2-3-1,104.4
145272,3-2-1,56.1
145272,4-2-1,874.6
145272,5-2-1,175.2
145272,6-2-1,2511
145272,1-3-4,24.2
145272,2-3-4,157.8
145272,3-2-4,83.8
145272,4-2-3,623
145272,5-2-3,114.8
145272,6-2-3,1764
145272,1-3-5,7.7
145272,2-3-5,82.5
145272,3-2-5,36.8
145272,4-2-5,773.7
145272,5-2-4,429
145272,6-2-4,3248
145272,1-3-6,40.9
145272,2-3-6,321.5
145272,3-2-6,162.6
145272,4-2-6,1166
145272,5-2-6,291.1
145272,6-2-5,1803
145272,1-4-2,139.4
145272,2-4-1,532.2
145272,3-4-1,57.2
145272,4-3-1,248.3
145272,5-3-1,34.5
145272,6-3-1,1172
145272,1-4-3,77.9
145272,2-4-3,360.6
145272,3-4-2,99.9
145272,4-3-2,430.8
145272,5-3-2,67.5
145272,6-3-2,1488
145272,1-4-5,113.8
145272,2-4-5,480.4
145272,3-4-5,40.8
145272,4-3-5,180.3
145272,5-3-4,102.1
145272,6-3-4,1741
145272,1-4-6,253.4
145272,2-4-6,1118
145272,3-4-6,116
145272,4-3-6,545.7
145272,5-3-6,71.5
145272,6-3-5,805.7
145272,1-5-2,38.2
145272,2-5-1,219
145272,3-5-1,12.8
145272,4-5-1,393.9
145272,5-4-1,340.8
145272,6-4-1,3439
145272,1-5-3,16.6
145272,2-5-3,140.5
145272,3-5-2,26.1
145272,4-5-2,589.8
145272,5-4-2,507.8
145272,6-4-2,3498
145272,1-5-4,80.4
145272,2-5-4,397.4
145272,3-5-4,31.4
145272,4-5-3,232.8
145272,5-4-3,191.2
145272,6-4-3,2542
145272,1-5-6,59.2
145272,2-5-6,498.5
145272,3-5-6,39.5
145272,4-5-6,503.4
145272,5-4-6,356.2
145272,6-4-5,2640
145272,1-6-2,306.8
145272,2-6-1,1240
145272,3-6-1,213.5
145272,4-6-1,1574
145272,5-6-1,255.3
145272,6-5-1,1153
145272,1-6-3,170.2
145272,2-6-3,1025
145272,3-6-2,354.4
145272,4-6-2,2056
145272,5-6-2,437.3
145272,6-5-2,1421
145272,1-6-4,475.4
145272,2-6-4,2249
145272,3-6-4,302.9
145272,4-6-3,954.1
145272,5-6-3,199.4
145272,6-5-3,801
145272,1-6-5,214.9
145272,2-6-5,1088
145272,3-6-5,142.6
145272,4-6-5,938.8
145272,5-6-4,507.2
145272,6-5-4,1949
145273,1-2-3,7
145273,2-1-3,23.5
145273,3-1-2,94.9
145273,4-1-2,200.7
145273,5-1-2,45.6
145273,6-1-2,120
145273,1-2-4,15.8
145273,2-1-4,38.1
145273,3-1-4,258
145273,4-1-3,606.8
145273,5-1-3,120
145273,6-1-3,257.4
145273,1-2-5,6
145273,2-1-5,17.1
145273,3-1-5,138.7
145273,4-1-5,462.8
145273,5-1-4,251.6
145273,6-1-4,450
145273,1-2-6,15.1
145273,2-1-6,37.4
145273,3-1-6,201.1
145273,4-1-6,555.8
145273,5-1-6,75.8
145273,6-1-5,220.1
145273,1-3-2,18.7
145273,2-3-1,55
145273,3-2-1,122.4
145273,4-2-1,230.7
145273,5-2-1,68.3
145273,6-2-1,157.5
145273,1-3-4,66.5
145273,2-3-4,170.8
145273,3-2-4,348.5
145273,4-2-3,627.4
145273,5-2-3,179.5
145273,6-2-3,274.1
145273,1-3-5,32.5
145273,2-3-5,77.6
145273,3-2-5,155.4
145273,4-2-5,647.8
145273,5-2-4,375.1
145273,6-2-4,495.7
145273,1-3-6,57.3
145273,2-3-6,119.2
145273,3-2-6,228.1
145273,4-2-6,632.5
145273,5-2-6,125.1
145273,6-2-5,274.2
145273,1-4-2,43.1
145273,2-4-1,115.8
145273,3-4-1,655.7
145273,4-3-1,1115
145273,5-3-1,270.5
145273,6-3-1,475.9
145273,1-4-3,105.7
145273,2-4-3,261
145273,3-4-2,621.5
145273,4-3-2,916.9
145273,5-3-2,304.4
145273,6-3-2,415.5
145273,1-4-5,97.8
145273,2-4-5,240
145273,3-4-5,694.8
145273,4-3-5,1305
145273,5-3-4,1006
145273,6-3-4,1006
145273,1-4-6,145.1
145273,2-4-6,302.7
145273,3-4-6,790
145273,4-3-6,1591
145273,5-3-6,423
145273,6-3-5,640.1
145273,1-5-2,14.7
145273,2-5-1,49.2
145273,3-5-1,234.5
145273,4-5-1,625.9
145273,5-4-1,607.5
145273,6-4-1,1099
145273,1-5-3,39.3
145273,2-5-3,116.3
145273,3-5-2,228.9
145273,4-5-2,741.9
145273,5-4-2,751.3
145273,6-4-2,1192
145273,1-5-4,106.2
145273,2-5-4,238.8
145273,3-5-4,604.7
145273,4-5-3,1210
145273,5-4-3,1256
145273,6-4-3,1692
145273,1-5-6,42.1
145273,2-5-6,109.5
145273,3-5-6,341.2
145273,4-5-6,885.2
145273,5-4-6,924.8
145273,6-4-5,1545
145273,1-6-2,45.7
145273,2-6-1,120.6
145273,3-6-1,387.6
145273,4-6-1,1079
145273,5-6-1,126.8
145273,6-5-1,302.3
145273,1-6-3,96.6
145273,2-6-3,236.6
145273,3-6-2,354.3
145273,4-6-2,1141
145273,5-6-2,152.1
145273,6-5-2,298.6
145273,1-6-4,188.2
145273,2-6-4,444
145273,3-6-4,801.8
145273,4-6-3,1902
145273,5-6-3,334.6
145273,6-5-3,602.7
145273,1-6-5,80.6
145273,2-6-5,183.8
145273,3-6-5,465.2
145273,4-6-5,1407
145273,5-6-4,634
145273,6-5-4,1070
145274,1-2-3,5.8
145274,2-1-3,27.3
145274,3-1-2,47.7
145274,4-1-2,396.6
145274,5-1-2,54
145274,6-1-2,1056
145274,1-2-4,28.3
145274,2-1-4,89.5
145274,3-1-4,121.8
145274,4-1-3,528.5
145274,5-1-3,75.8
145274,6-1-3,1199
145274,1-2-5,7.9
145274,2-1-5,28.8
145274,3-1-5,50.9
145274,4-1-5,346.9
145274,5-1-4,244.4
145274,6-1-4,2309
145274,1-2-6,63.5
145274,2-1-6,165.3
145274,3-1-6,190.4
145274,4-1-6,780.5
145274,5-1-6,236.2
145274,6-1-5,1563
145274,1-3-2,7.1
145274,2-3-1,59.4
145274,3-2-1,79.6
145274,4-2-1,548.3
145274,5-2-1,95.4
145274,6-2-1,1341
145274,1-3-4,28.3
145274,2-3-4,202.4
145274,3-2-4,291.3
145274,4-2-3,761.3
145274,5-2-3,170.7
145274,6-2-3,1945
145274,1-3-5,7.7
145274,2-3-5,74.5
145274,3-2-5,102.9
145274,4-2-5,603.6
145274,5-2-4,503.2
145274,6-2-4,2960
145274,1-3-6,55.5
145274,2-3-6,283.9
145274,3-2-6,377.3
145274,4-2-6,919.9
145274,5-2-6,424.5
145274,6-2-5,1987
145274,1-4-2,65.8
145274,2-4-1,302.7
145274,3-4-1,379.6
145274,4-3-1,754.1
145274,5-3-1,167.1
145274,6-3-1,1701
145274,1-4-3,72.2
145274,2-4-3,418.1
145274,3-4-2,538.2
145274,4-3-2,1062
145274,5-3-2,221.7
145274,6-3-2,2576
145274,1-4-5,78.4
145274,2-4-5,340.6
145274,3-4-5,460.7
145274,4-3-5,924.4
145274,5-3-4,753.1
145274,6-3-4,3811
145274,1-4-6,151.2
145274,2-4-6,771.9
145274,3-4-6,825.7
145274,4-3-6,1576
145274,5-3-6,761.3
145274,6-3-5,3637
145274,1-5-2,12.5
145274,2-5-1,68.2
145274,3-5-1,114.8
145274,4-5-1,445.2
145274,5-4-1,449.9
145274,6-4-1,3435
145274,1-5-3,12.8
145274,2-5-3,99.8
145274,3-5-2,127
145274,4-5-2,570.8
145274,5-4-2,724.6
145274,6-4-2,3661
145274,1-5-4,56.4
145274,2-5-4,290.9
145274,3-5-4,368.8
145274,4-5-3,812.4
145274,5-4-3,861.5
145274,6-4-3,4248
145274,1-5-6,79.8
145274,2-5-6,332.6
145274,3-5-6,476.8
145274,4-5-6,682.8
145274,5-4-6,935.3
145274,6-4-5,3162
145274,1-6-2,185.8
145274,2-6-1,760.3
145274,3-6-1,714.4
145274,4-6-1,1563
145274,5-6-1,611.5
145274,6-5-1,1603
145274,1-6-3,201.5
145274,2-6-3,1176
145274,3-6-2,844.5
145274,4-6-2,1723
145274,5-6-2,799.6
145274,6-5-2,1622
145274,1-6-4,288
145274,2-6-4,1646
145274,3-6-4,1303
145274,4-6-3,2388
145274,5-6-3,1048
145274,6-5-3,2419
145274,1-6-5,247.5
145274,2-6-5,906.4
145274,3-6-5,983.2
145274,4-6-5,1405
145274,5-6-4,1291
145274,6-5-4,1952
145275,1-2-3,3.9
145275,2-1-3,31.3
145275,3-1-2,37
145275,4-1-2,183.6
145275,5-1-2,469.6
145275,6-1-2,376.2
145275,1-2-4,11.8
145275,2-1-4,62.5
145275,3-1-4,51.1
145275,4-1-3,221.6
145275,5-1-3,528.2
145275,6-1-3,446.4
145275,1-2-5,17.1
145275,2-1-5,95.6
145275,3-1-5,85.1
145275,4-1-5,482.4
145275,5-1-4,960.6
145275,6-1-4,735.9
145275,1-2-6,16.2
145275,2-1-6,82.9
145275,3-1-6,80.2
145275,4-1-6,355.1
145275,5-1-6,844.2
145275,6-1-5,967.4
145275,1-3-2,6.2
145275,2-3-1,72.2
145275,3-2-1,66.2
145275,4-2-1,297.7
145275,5-2-1,714.8
145275,6-2-1,577.6
145275,1-3-4,13.4
145275,2-3-4,199.5
145275,3-2-4,115.2
145275,4-2-3,372.1
145275,5-2-3,1310
145275,6-2-3,792
145275,1-3-5,19.3
145275,2-3-5,307.1
145275,3-2-5,261.6
145275,4-2-5,896.5
145275,5-2-4,1668
145275,6-2-4,1924
145275,1-3-6,21.1
145275,2-3-6,249
145275,3-2-6,227.6
145275,4-2-6,671.2
145275,5-2-6,1917
145275,6-2-5,2061
145275,1-4-2,28.9
145275,2-4-1,255
145275,3-4-1,107.5
145275,4-3-1,268.6
145275,5-3-1,581.2
145275,6-3-1,571
145275,1-4-3,32.8
145275,2-4-3,410.4
145275,3-4-2,138.8
145275,4-3-2,347.5
145275,5-3-2,1336
145275,6-3-2,999
145275,1-4-5,76.2
145275,2-4-5,705.7
145275,3-4-5,194.3
145275,4-3-5,527.2
145275,5-3-4,1853
145275,6-3-4,1891
145275,1-4-6,63.2
145275,2-4-6,595
145275,3-4-6,194.7
145275,4-3-6,581.2
145275,5-3-6,2332
145275,6-3-5,2158
145275,1-5-2,49.8
145275,2-5-1,394
145275,3-5-1,243.4
145275,4-5-1,566.3
145275,5-4-1,1307
145275,6-4-1,1411
145275,1-5-3,53.9
145275,2-5-3,668.8
145275,3-5-2,389.2
145275,4-5-2,914.3
145275,5-4-2,1804
145275,6-4-2,2293
145275,1-5-4,133
145275,2-5-4,1123
145275,3-5-4,302.1
145275,4-5-3,745.8
145275,5-4-3,2158
145275,6-4-3,2584
145275,1-5-6,100
145275,2-5-6,926.6
145275,3-5-6,515.4
145275,4-5-6,767.7
145275,5-4-6,1931
145275,6-4-5,3075
145275,1-6-2,60.4
145275,2-6-1,350.1
145275,3-6-1,303.1
145275,4-6-1,617.7
145275,5-6-1,1452
145275,6-5-1,1847
145275,1-6-3,79
145275,2-6-3,534.9
145275,3-6-2,414.1
145275,4-6-2,1004
145275,5-6-2,2303
145275,6-5-2,2897
145275,1-6-4,138.3
145275,2-6-4,1050
145275,3-6-4,403.8
145275,4-6-3,1139
145275,5-6-3,2685
145275,6-5-3,3024
145275,1-6-5,166.6
145275,2-6-5,1096
145275,3-6-5,777.4
145275,4-6-5,1546
145275,5-6-4,2536
145275,6-5-4,2943
145276,1-2-3,10.7
145276,2-1-3,64.9
145276,3-1-2,172.5
145276,4-1-2,65
145276,5-1-2,513.5
145276,6-1-2,76
145276,1-2-4,6.3
145276,2-1-4,42.4
145276,3-1-4,155.7
145276,4-1-3,167.6
145276,5-1-3,658.1
145276,6-1-3,181.6
145276,1-2-5,31.7
145276,2-1-5,155
145276,3-1-5,275.6
145276,4-1-5,130.1
145276,5-1-4,520.4
145276,6-1-4,88.4
145276,1-2-6,12
145276,2-1-6,51
145276,3-1-6,114.6
145276,4-1-6,64
145276,5-1-6,467.3
145276,6-1-5,224.7
145276,1-3-2,17.3
145276,2-3-1,232.2
145276,3-2-1,335.4
145276,4-2-1,132
145276,5-2-1,804.3
145276,6-2-1,128.1
145276,1-3-4,17.1
145276,2-3-4,467.6
145276,3-2-4,592.2
145276,4-2-3,513.9
145276,5-2-3,1683
145276,6-2-3,508.6
145276,1-3-5,47.5
145276,2-3-5,801.5
145276,3-2-5,981.1
145276,4-2-5,418.9
145276,5-2-4,1150
145276,6-2-4,237.7
145276,1-3-6,21.7
145276,2-3-6,541.2
145276,3-2-6,639.8
145276,4-2-6,202.4
145276,5-2-6,1207
145276,6-2-5,527.2
145276,1-4-2,10.6
145276,2-4-1,140
145276,3-4-1,332.8
145276,4-3-1,380.9
145276,5-3-1,1020
145276,6-3-1,214.2
145276,1-4-3,23.1
145276,2-4-3,438.6
145276,3-4-2,564.2
145276,4-3-2,714.5
145276,5-3-2,1844
145276,6-3-2,795.9
145276,1-4-5,38.5
145276,2-4-5,629.9
145276,3-4-5,827.4
145276,4-3-5,809
145276,5-3-4,1889
145276,6-3-4,742.9
145276,1-4-6,14.9
145276,2-4-6,250.7
145276,3-4-6,428
145276,4-3-6,471.2
145276,5-3-6,1755
145276,6-3-5,1060
145276,1-5-2,64
145276,2-5-1,587.2
145276,3-5-1,723.5
145276,4-5-1,219.9
145276,5-4-1,660
145276,6-4-1,133.8
145276,1-5-3,83.7
145276,2-5-3,1235
145276,3-5-2,1332
145276,4-5-2,412.4
145276,5-4-2,1110
145276,6-4-2,269
145276,1-5-4,75.9
145276,2-5-4,924.7
145276,3-5-4,1253
145276,4-5-3,773.7
145276,5-4-3,1510
145276,6-4-3,600.4
145276,1-5-6,73
145276,2-5-6,884.5
145276,3-5-6,1124
145276,4-5-6,238.9
145276,5-4-6,728.8
145276,6-4-5,463
145276,1-6-2,20.1
145276,2-6-1,161.5
145276,3-6-1,356.9
145276,4-6-1,92.2
145276,5-6-1,653.8
145276,6-5-1,413.7
145276,1-6-3,32.9
145276,2-6-3,590.7
145276,3-6-2,699.4
145276,4-6-2,159.4
145276,5-6-2,1108
145276,6-5-2,709.4
145276,1-6-4,25.1
145276,2-6-4,341
145276,3-6-4,553.3
145276,4-6-3,345.8
145276,5-6-3,1444
145276,6-5-3,971.5
145276,1-6-5,60.7
145276,2-6-5,786
145276,3-6-5,1060
145276,4-6-5,201.1
145276,5-6-4,905.3
145276,6-5-4,614.8
145337,1-2-3,6.2
145337,2-1-3,151.3
145337,3-1-2,138.2
145337,4-1-2,94.4
145337,5-1-2,271.2
145337,6-1-2,298.6
145337,1-2-4,10.7
145337,2-1-4,160.8
145337,3-1-4,127.4
145337,4-1-3,112
145337,5-1-3,389.6
145337,6-1-3,297.3
145337,1-2-5,29.3
145337,2-1-5,302.7
145337,3-1-5,236.6
145337,4-1-5,93.4
145337,5-1-4,297.3
145337,6-1-4,303.9
145337,1-2-6,13.6
145337,2-1-6,193.3
145337,3-1-6,137.4
145337,4-1-6,66.3
145337,5-1-6,232.2
145337,6-1-5,473.7
145337,1-3-2,7.6
145337,2-3-1,344.8
145337,3-2-1,297.3
145337,4-2-1,267.7
145337,5-2-1,819.2
145337,6-2-1,611.8
145337,1-3-4,10.9
145337,2-3-4,1132
145337,3-2-4,632
145337,4-2-3,737.3
145337,5-2-3,1662
145337,6-2-3,1375
145337,1-3-5,28.4
145337,2-3-5,1301
145337,3-2-5,1041
145337,4-2-5,737.3
145337,5-2-4,1198
145337,6-2-4,1437
145337,1-3-6,11.1
145337,2-3-6,731.7
145337,3-2-6,664.1
145337,4-2-6,519
145337,5-2-6,1416
145337,6-2-5,2178
145337,1-4-2,17.1
145337,2-4-1,508
145337,3-4-1,280.8
145337,4-3-1,278.9
145337,5-3-1,915.8
145337,6-3-1,599.1
145337,1-4-3,19
145337,2-4-3,1580
145337,3-4-2,632
145337,4-3-2,835.9
145337,5-3-2,2229
145337,6-3-2,1537
145337,1-4-5,30.1
145337,2-4-5,1820
145337,3-4-5,785.7
145337,4-3-5,821.6
145337,5-3-4,1917
145337,6-3-4,1213
145337,1-4-6,17.4
145337,2-4-6,1389
145337,3-4-6,445.1
145337,4-3-6,493.2
145337,5-3-6,1742
145337,6-3-5,2357
145337,1-5-2,51.8
145337,2-5-1,991.6
145337,3-5-1,618.4
145337,4-5-1,168.1
145337,5-4-1,461.5
145337,6-4-1,447.9
145337,1-5-3,69
145337,2-5-3,2337
145337,3-5-2,1164
145337,4-5-2,445.8
145337,5-4-2,1150
145337,6-4-2,1423
145337,1-5-4,54.6
145337,2-5-4,2229
145337,3-5-4,1295
145337,4-5-3,557.3
145337,5-4-3,1537
145337,6-4-3,1430
145337,1-5-6,50.6
145337,2-5-6,2396
145337,3-5-6,1132
145337,4-5-6,224.1
145337,5-4-6,632
145337,6-4-5,1198
145337,1-6-2,28.6
145337,2-6-1,634.8
145337,3-6-1,371
145337,4-6-1,132.4
145337,5-6-1,506.2
145337,6-5-1,766.8
145337,1-6-3,30.9
145337,2-6-3,1118
145337,3-6-2,1053
145337,4-6-2,374.9
145337,5-6-2,1239
145337,6-5-2,2246
145337,1-6-4,32.7
145337,2-6-4,1571
145337,3-6-4,634.8
145337,4-6-3,403.3
145337,5-6-3,1546
145337,6-5-3,2614
145337,1-6-5,59.7
145337,2-6-5,2162
145337,3-6-5,1307
145337,4-6-5,266
145337,5-6-4,823.9
145337,6-5-4,1362
145338,1-2-3,33.6
145338,2-1-3,30.3
145338,3-1-2,40.4
145338,4-1-2,1022
145338,5-1-2,36.4
145338,6-1-2,610.7
145338,1-2-4,307.5
145338,2-1-4,254.1
145338,3-1-4,275.9
145338,4-1-3,1257
145338,5-1-3,35.9
145338,6-1-3,649.1
145338,1-2-5,37.2
145338,2-1-5,25.9
145338,3-1-5,32.7
145338,4-1-5,864.8
145338,5-1-4,271
145338,6-1-4,2656
145338,1-2-6,156.5
145338,2-1-6,119.5
145338,3-1-6,115
145338,4-1-6,1481
145338,5-1-6,70.8
145338,6-1-5,654.1
145338,1-3-2,34.6
145338,2-3-1,32
145338,3-2-1,46.6
145338,4-2-1,927
145338,5-2-1,31.3
145338,6-2-1,672.9
145338,1-3-4,253.9
145338,2-3-4,135.9
145338,3-2-4,193.6
145338,4-2-3,776.2
145338,5-2-3,16.1
145338,6-2-3,431.6
145338,1-3-5,32.3
145338,2-3-5,12.1
145338,3-2-5,17.8
145338,4-2-5,486.2
145338,5-2-4,144.8
145338,6-2-4,1729
145338,1-3-6,116.4
145338,2-3-6,77.2
145338,3-2-6,66.3
145338,4-2-6,947.5
145338,5-2-6,40.8
145338,6-2-5,473.7
145338,1-4-2,525.9
145338,2-4-1,444.3
145338,3-4-1,580.4
145338,4-3-1,1176
145338,5-3-1,34.6
145338,6-3-1,876.6
145338,1-4-3,662.5
145338,2-4-3,270.1
145338,3-4-2,436.8
145338,4-3-2,1051
145338,5-3-2,18.8
145338,6-3-2,497.5
145338,1-4-5,490.8
145338,2-4-5,202.9
145338,3-4-5,362.4
145338,4-3-5,692.8
145338,5-3-4,190.3
145338,6-3-4,2342
145338,1-4-6,802.8
145338,2-4-6,498.4
145338,3-4-6,715.8
145338,4-3-6,1342
145338,5-3-6,42
145338,6-3-5,493.7
145338,1-5-2,41.5
145338,2-5-1,23.7
145338,3-5-1,28.6
145338,4-5-1,535.8
145338,5-4-1,396.4
145338,6-4-1,2863
145338,1-5-3,37.7
145338,2-5-3,12.6
145338,3-5-2,16.9
145338,4-5-2,367.6
145338,5-4-2,250.2
145338,6-4-2,1967
145338,1-5-4,290.2
145338,2-5-4,109.6
145338,3-5-4,160.7
145338,4-5-3,508.3
145338,5-4-3,324.9
145338,6-4-3,2629
145338,1-5-6,134.3
145338,2-5-6,51.9
145338,3-5-6,50.7
145338,4-5-6,363.5
145338,5-4-6,273.8
145338,6-4-5,972.5
145338,1-6-2,338.2
145338,2-6-1,391.6
145338,3-6-1,377.3
145338,4-6-1,1631
145338,5-6-1,108.8
145338,6-5-1,466
145338,1-6-3,360.9
145338,2-6-3,242.2
145338,3-6-2,177.6
145338,4-6-2,1215
145338,5-6-2,68.4
145338,6-5-2,333.8
145338,1-6-4,1087
145338,2-6-4,764.7
145338,3-6-4,927
145338,4-6-3,1641
145338,5-6-3,82.8
145338,6-5-3,358.9
145338,1-6-5,374
145338,2-6-5,205.3
145338,3-6-5,191.4
145338,4-6-5,667.6
145338,5-6-4,267.6
145338,6-5-4,788.1
145339,1-2-3,14.9
145339,2-1-3,297.8
145339,3-1-2,63
145339,4-1-2,916.5
145339,5-1-2,261
145339,6-1-2,638
145339,1-2-4,70.2
145339,2-1-4,897
145339,3-1-4,52.7
145339,4-1-3,407.7
145339,5-1-3,64.3
145339,6-1-3,285.7
145339,1-2-5,27.8
145339,2-1-5,469.9
145339,3-1-5,18.8
145339,4-1-5,490.1
145339,5-1-4,256.5
145339,6-1-4,785.2
145339,1-2-6,53.1
145339,2-1-6,868.1
145339,3-1-6,35.2
145339,4-1-6,602.9
145339,5-1-6,144.2
145339,6-1-5,467.6
145339,1-3-2,8.6
145339,2-3-1,455.4
145339,3-2-1,244.4
145339,4-2-1,1558
145339,5-2-1,569.3
145339,6-2-1,1518
145339,1-3-4,14.7
145339,2-3-4,1885
145339,3-2-4,718.5
145339,4-2-3,2145
145339,5-2-3,873.2
145339,6-2-3,2209
145339,1-3-5,4
145339,2-3-5,824.6
145339,3-2-5,329.3
145339,4-2-5,2225
145339,5-2-4,1409
145339,6-2-4,3610
145339,1-3-6,10.2
145339,2-3-6,1383
145339,3-2-6,497.5
145339,4-2-6,2242
145339,5-2-6,1409
145339,6-2-5,3326
145339,1-4-2,95.9
145339,2-4-1,1626
145339,3-4-1,197.8
145339,4-3-1,573.7
145339,5-3-1,89.1
145339,6-3-1,434
145339,1-4-3,47.9
145339,2-4-3,2487
145339,3-4-2,627.2
145339,4-3-2,1873
145339,5-3-2,470.6
145339,6-3-2,1608
145339,1-4-5,71.4
145339,2-4-5,2667
145339,3-4-5,279.5
145339,4-3-5,913.7
145339,5-3-4,361.4
145339,6-3-4,1339
145339,1-4-6,85.7
145339,2-4-6,2902
145339,3-4-6,320.3
145339,4-3-6,1125
145339,5-3-6,229.1
145339,6-3-5,772.9
145339,1-5-2,28.2
145339,2-5-1,1092
145339,3-5-1,45
145339,4-5-1,939.8
145339,5-4-1,455.4
145339,6-4-1,1444
145339,1-5-3,8.2
145339,2-5-3,1265
145339,3-5-2,222
145339,4-5-2,2331
145339,5-4-2,1376
145339,6-4-2,3116
145339,1-5-4,43.7
145339,2-5-4,3183
145339,3-5-4,157.7
145339,4-5-3,1031
145339,5-4-3,546.2
145339,6-4-3,1861
145339,1-5-6,24.5
145339,2-5-6,2349
145339,3-5-6,99.3
145339,4-5-6,1364
145339,5-4-6,713.3
145339,6-4-5,2209
145339,1-6-2,88.6
145339,2-6-1,2160
145339,3-6-1,136.8
145339,4-6-1,881
145339,5-6-1,347.8
145339,6-5-1,779
145339,1-6-3,38.3
145339,2-6-3,2426
145339,3-6-2,551.2
145339,4-6-2,1960
145339,5-6-2,1117
145339,6-5-2,3051
145339,1-6-4,112.2
145339,2-6-4,4111
145339,3-6-4,384.4
145339,4-6-3,1218
145339,5-6-3,402.7
145339,6-5-3,889
145339,1-6-5,58.7
145339,2-6-5,3051
145339,3-6-5,203.7
145339,4-6-5,1376
145339,5-6-4,838.6
145339,6-5-4,2027
145340,1-2-3,34.7
145340,2-1-3,83.2
145340,3-1-2,288.7
145340,4-1-2,15.3
145340,5-1-2,103.4
145340,6-1-2,1195
145340,1-2-4,7.8
145340,2-1-4,19
145340,3-1-4,203.5
145340,4-1-3,107.9
145340,5-1-3,265
145340,6-1-3,2298
145340,1-2-5,22.4
145340,2-1-5,41.2
145340,3-1-5,268.1
145340,4-1-5,18.4
145340,5-1-4,84.2
145340,6-1-4,1300
145340,1-2-6,101.5
145340,2-1-6,156.6
145340,3-1-6,1066
145340,4-1-6,67.1
145340,5-1-6,207.4
145340,6-1-5,2132
145340,1-3-2,66.1
145340,2-3-1,205.7
145340,3-2-1,340.6
145340,4-2-1,23
145340,5-2-1,140.8
145340,6-2-1,1682
145340,1-3-4,50.5
145340,2-3-4,218.5
145340,3-2-4,373.7
145340,4-2-3,151.9
145340,5-2-3,612.2
145340,6-2-3,2966
145340,1-3-5,77.6
145340,2-3-5,321.1
145340,3-2-5,580.6
145340,4-2-5,30.3
145340,5-2-4,136.8
145340,6-2-4,1245
145340,1-3-6,286.4
145340,2-3-6,805.7
145340,3-2-6,1510
145340,4-2-6,74.5
145340,5-2-6,335.3
145340,6-2-5,2132
145340,1-4-2,8.4
145340,2-4-1,27.3
145340,3-4-1,305.8
145340,4-3-1,234
145340,5-3-1,528.8
145340,6-3-1,3708
145340,1-4-3,38.3
145340,2-4-3,131.1
145340,3-4-2,345.3
145340,4-3-2,282.5
145340,5-3-2,1004
145340,6-3-2,4293
145340,1-4-5,15.9
145340,2-4-5,47.4
145340,3-4-5,481.2
145340,4-3-5,331.9
145340,5-3-4,865.5
145340,6-3-4,4293
145340,1-4-6,68.7
145340,2-4-6,154.8
145340,3-4-6,1019
145340,4-3-6,539.3
145340,5-3-6,2014
145340,6-3-5,4944
145340,1-5-2,41.7
145340,2-5-1,95.2
145340,3-5-1,388.4
145340,4-5-1,20
145340,5-4-1,71.4
145340,6-4-1,1424
145340,1-5-3,98.8
145340,2-5-3,339.5
145340,3-5-2,760.6
145340,4-5-2,20.9
145340,5-4-2,73.2
145340,6-4-2,1052
145340,1-5-4,36
145340,2-5-4,97.3
145340,3-5-4,698.7
145340,4-5-3,158.4
145340,5-4-3,331.2
145340,6-4-3,3708
145340,1-5-6,151.2
145340,2-5-6,307.5
145340,3-5-6,1631
145340,4-5-6,36.3
145340,5-4-6,111.4
145340,6-4-5,1412
145340,1-6-2,309.5
145340,2-6-1,695.7
145340,3-6-1,2453
145340,4-6-1,124.7
145340,5-6-1,619.1
145340,6-5-1,2052
145340,1-6-3,778.8
145340,2-6-3,1639
145340,3-6-2,2813
145340,4-6-2,118.8
145340,5-6-2,603.1
145340,6-5-2,2330
145340,1-6-4,319.6
145340,2-6-4,620.3
145340,3-6-4,2039
145340,4-6-3,510.6
145340,5-6-3,1406
145340,6-5-3,3979
145340,1-6-5,476.3
145340,2-6-5,852
145340,3-6-5,3021
145340,4-6-5,101.1
145340,5-6-4,435
145340,6-5-4,1469
145341,1-2-3,7.4
145341,2-1-3,43.2
145341,3-1-2,59.7
145341,4-1-2,343.2
145341,5-1-2,97.7
145341,6-1-2,188.6
145341,1-2-4,24.3
145341,2-1-4,102.9
145341,3-1-4,127.7
145341,4-1-3,426.9
145341,5-1-3,100.6
145341,6-1-3,217.4
145341,1-2-5,12
145341,2-1-5,50.5
145341,3-1-5,49.9
145341,4-1-5,233.5
145341,5-1-4,203.5
145341,6-1-4,522.3
145341,1-2-6,14.9
145341,2-1-6,53
145341,3-1-6,41.7
145341,4-1-6,242.1
145341,5-1-6,63
145341,6-1-5,203.6
145341,1-3-2,9.6
145341,2-3-1,112.9
145341,3-2-1,122.2
145341,4-2-1,609.7
145341,5-2-1,196.4
145341,6-2-1,334.4
145341,1-3-4,27
145341,2-3-4,425.8
145341,3-2-4,418.4
145341,4-2-3,1115
145341,5-2-3,366.9
145341,6-2-3,618.1
145341,1-3-5,13.1
145341,2-3-5,203.3
145341,3-2-5,159.8
145341,4-2-5,556.6
145341,5-2-4,650.1
145341,6-2-4,1380
145341,1-3-6,15
145341,2-3-6,245.6
145341,3-2-6,241.6
145341,4-2-6,549.8
145341,5-2-6,282.5
145341,6-2-5,768.1
145341,1-4-2,48
145341,2-4-1,405.4
145341,3-4-1,333.3
145341,4-3-1,652.9
145341,5-3-1,182.4
145341,6-3-1,518
145341,1-4-3,60
145341,2-4-3,705.8
145341,3-4-2,518.8
145341,4-3-2,1327
145341,5-3-2,351.7
145341,6-3-2,739.1
145341,1-4-5,55.9
145341,2-4-5,450.2
145341,3-4-5,429.3
145341,4-3-5,882.8
145341,5-3-4,612
145341,6-3-4,1712
145341,1-4-6,66
145341,2-4-6,625.5
145341,3-4-6,505.4
145341,4-3-6,1058
145341,5-3-6,324
145341,6-3-5,1088
145341,1-5-2,21.8
145341,2-5-1,168.5
145341,3-5-1,109.9
145341,4-5-1,285.4
145341,5-4-1,356.5
145341,6-4-1,1058
145341,1-5-3,25.7
145341,2-5-3,301.9
145341,3-5-2,190.1
145341,4-5-2,525.8
145341,5-4-2,561.6
145341,6-4-2,1712
145341,1-5-4,56.8
145341,2-5-4,614.4
145341,3-5-4,350.5
145341,4-5-3,770
145341,5-4-3,932.7
145341,6-4-3,1934
145341,1-5-6,28.6
145341,2-5-6,280
145341,3-5-6,194.1
145341,4-5-6,352.5
145341,5-4-6,411.2
145341,6-4-5,1750
145341,1-6-2,35.2
145341,2-6-1,207.6
145341,3-6-1,163.5
145341,4-6-1,386.9
145341,5-6-1,137.1
145341,6-5-1,272
145341,1-6-3,37.2
145341,2-6-3,399.2
145341,3-6-2,410.7
145341,4-6-2,685.7
145341,5-6-2,286.2
145341,6-5-2,760.6
145341,1-6-4,82.9
145341,2-6-4,795.4
145341,3-6-4,704.2
145341,4-6-3,1305
145341,5-6-3,416.1
145341,6-5-3,916.3
145341,1-6-5,43.1
145341,2-6-5,394.2
145341,3-6-5,324.4
145341,4-6-5,672.5
145341,5-6-4,486.6
145341,6-5-4,1437
145342,1-2-3,15.2
145342,2-1-3,16.5
145342,3-1-2,38.1
145342,4-1-2,297.6
145342,5-1-2,41.3
145342,6-1-2,1204
145342,1-2-4,66.4
145342,2-1-4,51.7
145342,3-1-4,165.6
145342,4-1-3,417.2
145342,5-1-3,60.3
145342,6-1-3,1702
145342,1-2-5,16.2
145342,2-1-5,13.3
145342,3-1-5,34.2
145342,4-1-5,264.3
145342,5-1-4,171.3
145342,6-1-4,2280
145342,1-2-6,302.5
145342,2-1-6,270.5
145342,3-1-6,808.1
145342,4-1-6,925.2
145342,5-1-6,395.3
145342,6-1-5,2837
145342,1-3-2,24
145342,2-3-1,22.1
145342,3-2-1,36.7
145342,4-2-1,232.5
145342,5-2-1,35
145342,6-2-1,1824
145342,1-3-4,117.3
145342,2-3-4,51
145342,3-2-4,86.9
145342,4-2-3,223.6
145342,5-2-3,31.9
145342,6-2-3,1964
145342,1-3-5,25
145342,2-3-5,10.8
145342,3-2-5,21.8
145342,4-2-5,127.9
145342,5-2-4,82.2
145342,6-2-4,2775
145342,1-3-6,519
145342,2-3-6,260
145342,3-2-6,521.1
145342,4-2-6,565
145342,5-2-6,264.3
145342,6-2-5,1358
145342,1-4-2,147.7
145342,2-4-1,117
145342,3-4-1,309.1
145342,4-3-1,602.3
145342,5-3-1,84.7
145342,6-3-1,3274
145342,1-4-3,240
145342,2-4-3,96
145342,3-4-2,177.8
145342,4-3-2,413.2
145342,5-3-2,53.6
145342,6-3-2,2775
145342,1-4-5,170.2
145342,2-4-5,53.7
145342,3-4-5,160.6
145342,4-3-5,404
145342,5-3-4,210.3
145342,6-3-4,3451
145342,1-4-6,632.1
145342,2-4-6,306.9
145342,3-4-6,1110
145342,4-3-6,1434
145342,5-3-6,697.7
145342,6-3-5,3755
145342,1-5-2,27.6
145342,2-5-1,18.3
145342,3-5-1,53.3
145342,4-5-1,237.7
145342,5-4-1,220.1
145342,6-4-1,3546
145342,1-5-3,32.2
145342,2-5-3,13.4
145342,3-5-2,37.6
145342,4-5-2,142.1
145342,5-4-2,137.1
145342,6-4-2,3546
145342,1-5-4,133.4
145342,2-5-4,41
145342,3-5-4,124.9
145342,4-5-3,244.6
145342,5-4-3,220.9
145342,6-4-3,3114
145342,1-5-6,422.8
145342,2-5-6,153.4
145342,3-5-6,665
145342,4-5-6,380
145342,5-4-6,456
145342,6-4-5,2280
145342,1-6-2,668.5
145342,2-6-1,892.9
145342,3-6-1,1905
145342,4-6-1,1905
145342,5-6-1,1316
145342,6-5-1,2553
145342,1-6-3,989.8
145342,2-6-3,982.2
145342,3-6-2,2093
145342,4-6-2,1637
145342,5-6-2,751.1
145342,6-5-2,1798
145342,1-6-4,1193
145342,2-6-4,997.5
145342,3-6-4,1658
145342,4-6-3,1850
145342,5-6-3,1021
145342,6-5-3,2716
145342,1-6-5,1100
145342,2-6-5,395.3
145342,3-6-5,1773
145342,4-6-5,1160
145342,5-6-4,1140
145342,6-5-4,2164
145343,1-2-3,6.1
145343,2-1-3,19.4
145343,3-1-2,14.5
145343,4-1-2,499.6
145343,5-1-2,80.4
145343,6-1-2,1980
145343,1-2-4,38.3
145343,2-1-4,109.5
145343,3-1-4,50.6
145343,4-1-3,427.3
145343,5-1-3,76.8
145343,6-1-3,1517
145343,1-2-5,17.3
145343,2-1-5,35.2
145343,3-1-5,20.2
145343,4-1-5,649.5
145343,5-1-4,418.5
145343,6-1-4,3383
145343,1-2-6,147.8
145343,2-1-6,190.5
145343,3-1-6,148.9
145343,4-1-6,1640
145343,5-1-6,308.7
145343,6-1-5,2287
145343,1-3-2,6
145343,2-3-1,26.1
145343,3-2-1,24.3
145343,4-2-1,592.6
145343,5-2-1,119.2
145343,6-2-1,3122
145343,1-3-4,29.5
145343,2-3-4,86.2
145343,3-2-4,44.4
145343,4-2-3,314.7
145343,5-2-3,93.7
145343,6-2-3,1845
145343,1-3-5,11.9
145343,2-3-5,32.2
145343,3-2-5,29
145343,4-2-5,615
145343,5-2-4,558
145343,6-2-4,4273
145343,1-3-6,97.5
145343,2-3-6,188.6
145343,3-2-6,129.5
145343,4-2-6,1353
145343,5-2-6,435.3
145343,6-2-5,3247
145343,1-4-2,96.5
145343,2-4-1,411.1
145343,3-4-1,175.5
145343,4-3-1,454.8
145343,5-3-1,102.2
145343,6-3-1,2029
145343,1-4-3,99
145343,2-4-3,257.7
145343,3-4-2,105.9
145343,4-3-2,332
145343,5-3-2,96.4
145343,6-3-2,2224
145343,1-4-5,230
145343,2-4-5,383.8
145343,3-4-5,160.9
145343,4-3-5,465.2
145343,5-3-4,453.5
145343,6-3-4,2952
145343,1-4-6,534.1
145343,2-4-6,863.7
145343,3-4-6,337.6
145343,4-3-6,938.6
145343,5-3-6,211.1
145343,6-3-5,2706
145343,1-5-2,36.1
145343,2-5-1,76.7
145343,3-5-1,51.7
145343,4-5-1,792.1
145343,5-4-1,960.8
145343,6-4-1,6495
145343,1-5-3,34.4
145343,2-5-3,69.8
145343,3-5-2,46.1
145343,4-5-2,799.9
145343,5-4-2,984.1
145343,6-4-2,4920
145343,1-5-4,197.5
145343,2-5-4,319
145343,3-5-4,157.6
145343,4-5-3,588.3
145343,5-4-3,828.5
145343,6-4-3,3776
145343,1-5-6,228
145343,2-5-6,315.9
145343,3-5-6,222.4
145343,4-5-6,1202
145343,5-4-6,1364
145343,6-4-5,5799
145343,1-6-2,466.6
145343,2-6-1,966.5
145343,3-6-1,728.1
145343,4-6-1,2194
145343,5-6-1,660.1
145343,6-5-1,2081
145343,1-6-3,477.6
145343,2-6-3,873
145343,3-6-2,575.8
145343,4-6-2,2498
145343,5-6-2,654.7
145343,6-5-2,3122
145343,1-6-4,978.2
145343,2-6-4,1068
145343,3-6-4,816
145343,4-6-3,1746
145343,5-6-3,610.4
145343,6-5-3,2537
145343,1-6-5,619.7
145343,2-6-5,796
145343,3-6-5,601.4
145343,4-6-5,3383
145343,5-6-4,1804
145343,6-5-4,5412
145344,1-2-3,12.9
145344,2-1-3,17.6
145344,3-1-2,23.6
145344,4-1-2,263.5
145344,5-1-2,141.9
145344,6-1-2,959
145344,1-2-4,32.2
145344,2-1-4,44.4
145344,3-1-4,43.5
145344,4-1-3,237.3
145344,5-1-3,123.1
145344,6-1-3,848.6
145344,1-2-5,31.1
145344,2-1-5,40
145344,3-1-5,33.3
145344,4-1-5,231.8
145344,5-1-4,266.5
145344,6-1-4,1671
145344,1-2-6,69.8
145344,2-1-6,110.1
145344,3-1-6,89
145344,4-1-6,455.3
145344,5-1-6,287.8
145344,6-1-5,1724
145344,1-3-2,13.6
145344,2-3-1,17.3
145344,3-2-1,20.8
145344,4-2-1,320.9
145344,5-2-1,143.1
145344,6-2-1,1421
145344,1-3-4,27.6
145344,2-3-4,26.4
145344,3-2-4,27.1
145344,4-2-3,211.8
145344,5-2-3,139.4
145344,6-2-3,871.4
145344,1-3-5,27
145344,2-3-5,23.4
145344,3-2-5,21.1
145344,4-2-5,241.9
145344,5-2-4,262.7
145344,6-2-4,2701
145344,1-3-6,72.7
145344,2-3-6,62.7
145344,3-2-6,55.9
145344,4-2-6,517.8
145344,5-2-6,333.5
145344,6-2-5,1671
145344,1-4-2,62.8
145344,2-4-1,86.3
145344,3-4-1,69.5
145344,4-3-1,248.9
145344,5-3-1,166.5
145344,6-3-1,1110
145344,1-4-3,58.3
145344,2-4-3,67.6
145344,3-4-2,52.9
145344,4-3-2,220.8
145344,5-3-2,125.6
145344,6-3-2,890.5
145344,1-4-5,95.9
145344,2-4-5,126.2
145344,3-4-5,62.4
145344,4-3-5,241.2
145344,5-3-4,205.4
145344,6-3-4,1500
145344,1-4-6,199.8
145344,2-4-6,245.2
145344,3-4-6,106.3
145344,4-3-6,391.5
145344,5-3-6,226.3
145344,6-3-5,1543
145344,1-5-2,56
145344,2-5-1,75.3
145344,3-5-1,63.3
145344,4-5-1,266.5
145344,5-4-1,317.1
145344,6-4-1,2455
145344,1-5-3,57.2
145344,2-5-3,52.5
145344,3-5-2,45.1
145344,4-5-2,279.4
145344,5-4-2,350
145344,6-4-2,2947
145344,1-5-4,124.7
145344,2-5-4,163.3
145344,3-5-4,84.6
145344,4-5-3,299.6
145344,5-4-3,311.7
145344,6-4-3,1742
145344,1-5-6,216.9
145344,2-5-6,276.5
145344,3-5-6,100.6
145344,4-5-6,339
145344,5-4-6,494.1
145344,6-4-5,2132
145344,1-6-2,258.1
145344,2-6-1,382.2
145344,3-6-1,221.1
145344,4-6-1,862.1
145344,5-6-1,623.4
145344,6-5-1,1653
145344,1-6-3,272.4
145344,2-6-3,312.9
145344,3-6-2,179.4
145344,4-6-2,982.3
145344,5-6-2,536.7
145344,6-5-2,1688
145344,1-6-4,414.5
145344,2-6-4,672.5
145344,3-6-4,229.2
145344,4-6-3,831.2
145344,5-6-3,445.2
145344,6-5-3,1781
145344,1-6-5,441.6
145344,2-6-5,653.5
145344,3-6-5,233.5
145344,4-6-5,862.1
145344,5-6-4,848.6
145344,6-5-4,2132
145345,1-2-3,19
145345,2-1-3,39.5
145345,3-1-2,38.4
145345,4-1-2,470.2
145345,5-1-2,373.4
145345,6-1-2,83
145345,1-2-4,69.1
145345,2-1-4,108.9
145345,3-1-4,63.8
145345,4-1-3,359.9
145345,5-1-3,216.1
145345,6-1-3,52
145345,1-2-5,42.5
145345,2-1-5,78.5
145345,3-1-5,22.8
145345,4-1-5,490.7
145345,5-1-4,627.5
145345,6-1-4,196.3
145345,1-2-6,19.3
145345,2-1-6,39.7
145345,3-1-6,18.6
145345,4-1-6,355.4
145345,5-1-6,199
145345,6-1-5,84.3
145345,1-3-2,15.3
145345,2-3-1,62
145345,3-2-1,68.8
145345,4-2-1,727.6
145345,5-2-1,721.4
145345,6-2-1,143.5
145345,1-3-4,36.1
145345,2-3-4,204.6
145345,3-2-4,145.2
145345,4-2-3,557.1
145345,5-2-3,596.5
145345,6-2-3,178.2
145345,1-3-5,13.8
145345,2-3-5,107.2
145345,3-2-5,74.4
145345,4-2-5,811.6
145345,5-2-4,1188
145345,6-2-4,572.2
145345,1-3-6,9.9
145345,2-3-6,66.1
145345,3-2-6,52.4
145345,4-2-6,781.5
145345,5-2-6,605
145345,6-2-5,396.2
145345,1-4-2,125
145345,2-4-1,375.1
145345,3-4-1,171.2
145345,4-3-1,359.9
145345,5-3-1,263.3
145345,6-3-1,85.2
145345,1-4-3,95.8
145345,2-4-3,400.9
145345,3-4-2,191.8
145345,4-3-2,607.2
145345,5-3-2,478.2
145345,6-3-2,175.1
145345,1-4-5,140.6
145345,2-4-5,662
145345,3-4-5,167.1
145345,4-3-5,452.6
145345,5-3-4,646.8
145345,6-3-4,376.8
145345,1-4-6,75.8
145345,2-4-6,439.6
145345,3-4-6,127.2
145345,4-3-6,408.7
145345,5-3-6,235.1
145345,6-3-5,166.4
145345,1-5-2,73.6
145345,2-5-1,298.2
145345,3-5-1,55.2
145345,4-5-1,566.5
145345,5-4-1,1023
145345,6-4-1,466.3
145345,1-5-3,45.8
145345,2-5-3,268.3
145345,3-5-2,103
145345,4-5-2,1125
145345,5-4-2,1468
145345,6-4-2,870.2
145345,1-5-4,152.9
145345,2-5-4,667.2
145345,3-5-4,171.3
145345,4-5-3,439.6
145345,5-4-3,662
145345,6-4-3,616.1
145345,1-5-6,42.5
145345,2-5-6,242.2
145345,3-5-6,42.4
145345,4-5-6,424.1
145345,5-4-6,620.6
145345,6-4-5,680.7
145345,1-6-2,30.8
145345,2-6-1,109.5
145345,3-6-1,46
145345,4-6-1,480.9
145345,5-6-1,273.1
145345,6-5-1,189.6
145345,1-6-3,20.3
145345,2-6-3,104.7
145345,3-6-2,61.3
145345,4-6-2,815.5
145345,5-6-2,537.6
145345,6-5-2,489.3
145345,1-6-4,73
145345,2-6-4,337.6
145345,3-6-4,142.1
145345,4-6-3,472.8
145345,5-6-3,283.2
145345,6-5-3,294.6
145345,1-6-5,39.4
145345,2-6-5,222.7
145345,3-6-5,52.3
145345,4-6-5,548.1
145345,5-6-4,677.9
145345,6-5-4,407.7
145346,1-2-3,10.7
145346,2-1-3,17.9
145346,3-1-2,62.4
145346,4-1-2,93
145346,5-1-2,227.3
145346,6-1-2,132.9
145346,1-2-4,9.9
145346,2-1-4,26.1
145346,3-1-4,140.7
145346,4-1-3,239.2
145346,5-1-3,435.6
145346,6-1-3,259
145346,1-2-5,30.7
145346,2-1-5,48.6
145346,3-1-5,145.3
145346,4-1-5,175.1
145346,5-1-4,434.7
145346,6-1-4,239.5
145346,1-2-6,12.7
145346,2-1-6,26.4
145346,3-1-6,104.8
145346,4-1-6,94.1
145346,5-1-6,247.6
145346,6-1-5,497.1
145346,1-3-2,16.6
145346,2-3-1,42.2
145346,3-2-1,63.3
145346,4-2-1,89.4
145346,5-2-1,248.5
145346,6-2-1,170.5
145346,1-3-4,26.8
145346,2-3-4,83.1
145346,3-2-4,111.2
145346,4-2-3,165
145346,5-2-3,434.7
145346,6-2-3,317.3
145346,1-3-5,47.4
145346,2-3-5,124.2
145346,3-2-5,128.3
145346,4-2-5,169.9
145346,5-2-4,481.3
145346,6-2-4,309.3
145346,1-3-6,29.5
145346,2-3-6,61.1
145346,3-2-6,77.7
145346,4-2-6,77.1
145346,5-2-6,279.9
145346,6-2-5,680.5
145346,1-4-2,21.6
145346,2-4-1,74.2
145346,3-4-1,262.1
145346,4-3-1,389.2
145346,5-3-1,605.4
145346,6-3-1,489.7
145346,1-4-3,47.1
145346,2-4-3,135.5
145346,3-4-2,216.6
145346,4-3-2,253
145346,5-3-2,590.9
145346,6-3-2,482.5
145346,1-4-5,82.6
145346,2-4-5,197.1
145346,3-4-5,452.6
145346,4-3-5,614.8
145346,5-3-4,1147
145346,6-3-4,582.1
145346,1-4-6,32.6
145346,2-4-6,87.1
145346,3-4-6,230
145346,4-3-6,307.4
145346,5-3-6,767.9
145346,6-3-5,1281
145346,1-5-2,55.2
145346,2-5-1,148.7
145346,3-5-1,295.9
145346,4-5-1,237.7
145346,5-4-1,480.2
145346,6-4-1,326.7
145346,1-5-3,108.9
145346,2-5-3,243.6
145346,3-5-2,299.9
145346,4-5-2,248.8
145346,5-4-2,472.1
145346,6-4-2,353
145346,1-5-4,149.7
145346,2-5-4,320.3
145346,3-5-4,578.7
145346,4-5-3,603.5
145346,5-4-3,901.2
145346,6-4-3,596.2
145346,1-5-6,105.6
145346,2-5-6,209
145346,3-5-6,404.4
145346,4-5-6,187.9
145346,5-4-6,370.2
145346,6-4-5,640.7
145346,1-6-2,29.5
145346,2-6-1,77.3
145346,3-6-1,229.4
145346,4-6-1,109.5
145346,5-6-1,324.6
145346,6-5-1,799
145346,1-6-3,55.8
145346,2-6-3,138.8
145346,3-6-2,187.9
145346,4-6-2,112.9
145346,5-6-2,365.4
145346,6-5-2,930.9
145346,1-6-4,55
145346,2-6-4,133.2
145346,3-6-4,306.4
145346,4-6-3,343.2
145346,5-6-3,812.2
145346,6-5-3,1409
145346,1-6-5,107.2
145346,2-6-5,288.9
145346,3-6-5,457.9
145346,4-6-5,190.8
145346,5-6-4,465.4
145346,6-5-4,901.2
145347,1-2-3,9.5
145347,2-1-3,59.8
145347,3-1-2,40.7
145347,4-1-2,122.7
145347,5-1-2,246.9
145347,6-1-2,789
145347,1-2-4,14.8
145347,2-1-4,77.5
145347,3-1-4,20
145347,4-1-3,85.5
145347,5-1-3,231.4
145347,6-1-3,761.3
145347,1-2-5,29.3
145347,2-1-5,108.6
145347,3-1-5,34.2
145347,4-1-5,100
145347,5-1-4,244.5
145347,6-1-4,997.6
145347,1-2-6,49.9
145347,2-1-6,177.5
145347,3-1-6,65.1
145347,4-1-6,146.8
145347,5-1-6,384.9
145347,6-1-5,1446
145347,1-3-2,8.8
145347,2-3-1,148.2
145347,3-2-1,100.6
145347,4-2-1,253.7
145347,5-2-1,479.5
145347,6-2-1,1377
145347,1-3-4,7
145347,2-3-4,167.7
145347,3-2-4,90.2
145347,4-2-3,272.9
145347,5-2-3,556.3
145347,6-2-3,1536
145347,1-3-5,16.5
145347,2-3-5,241.4
145347,3-2-5,131.1
145347,4-2-5,320.8
145347,5-2-4,542.4
145347,6-2-4,2411
145347,1-3-6,24.7
145347,2-3-6,443.9
145347,3-2-6,241.7
145347,4-2-6,429.6
145347,5-2-6,1009
145347,6-2-5,2117
145347,1-4-2,19.8
145347,2-4-1,211.9
145347,3-4-1,45.2
145347,4-3-1,104.2
145347,5-3-1,401.8
145347,6-3-1,1065
145347,1-4-3,14.7
145347,2-4-3,231.1
145347,3-4-2,80.8
145347,4-3-2,207.4
145347,5-3-2,497.4
145347,6-3-2,1653
145347,1-4-5,36.2
145347,2-4-5,322.6
145347,3-4-5,62.2
145347,4-3-5,140.5
145347,5-3-4,326.9
145347,6-3-4,1071
145347,1-4-6,45.1
145347,2-4-6,469.1
145347,3-4-6,77.4
145347,4-3-6,207.1
145347,5-3-6,748.2
145347,6-3-5,1808
145347,1-5-2,63.3
145347,2-5-1,371.7
145347,3-5-1,120
145347,4-5-1,178.9
145347,5-4-1,425.4
145347,6-4-1,1345
145347,1-5-3,60.5
145347,2-5-3,421.3
145347,3-5-2,200.2
145347,4-5-2,334.4
145347,5-4-2,635.8
145347,6-4-2,2254
145347,1-5-4,83.8
145347,2-5-4,590.4
145347,3-5-4,119.2
145347,4-5-3,230.5
145347,5-4-3,401.8
145347,6-4-3,1105
145347,1-5-6,125.5
145347,2-5-6,1149
145347,3-5-6,233.3
145347,4-5-6,272.5
145347,5-4-6,615.5
145347,6-4-5,1563
145347,1-6-2,114.7
145347,2-6-1,556.3
145347,3-6-1,254.9
145347,4-6-1,335.1
145347,5-6-1,872.3
145347,6-5-1,1653
145347,1-6-3,106.8
145347,2-6-3,761.3
145347,3-6-2,478.2
145347,4-6-2,624.4
145347,5-6-2,1345
145347,6-5-2,2314
145347,1-6-4,151.2
145347,2-6-4,1127
145347,3-6-4,280.8
145347,4-6-3,370.9
145347,5-6-3,1078
145347,6-5-3,1808
145347,1-6-5,209.9
145347,2-6-5,1295
145347,3-6-5,401.8
145347,4-6-5,440.5
145347,5-6-4,1039
145347,6-5-4,1808
145348,1-2-3,6.8
145348,2-1-3,27.4
145348,3-1-2,71.7
145348,4-1-2,100.4
145348,5-1-2,248.8
145348,6-1-2,612
145348,1-2-4,8.1
145348,2-1-4,27
145348,3-1-4,73.2
145348,4-1-3,141.5
145348,5-1-3,375.4
145348,6-1-3,693.3
145348,1-2-5,17.5
145348,2-1-5,47.9
145348,3-1-5,98.3
145348,4-1-5,148
145348,5-1-4,411.5
145348,6-1-4,693.3
145348,1-2-6,21.7
145348,2-1-6,56.7
145348,3-1-6,123.4
145348,4-1-6,127.3
145348,5-1-6,475.8
145348,6-1-5,962
145348,1-3-2,10
145348,2-3-1,84.1
145348,3-2-1,129.2
145348,4-2-1,175.6
145348,5-2-1,457.4
145348,6-2-1,1019
145348,1-3-4,12.2
145348,2-3-4,123.6
145348,3-2-4,165.5
145348,4-2-3,265.3
145348,5-2-3,932.8
145348,6-2-3,1465
145348,1-3-5,19.8
145348,2-3-5,229.7
145348,3-2-5,257.3
145348,4-2-5,374.9
145348,5-2-4,859.9
145348,6-2-4,1309
145348,1-3-6,29
145348,2-3-6,201.9
145348,3-2-6,260.2
145348,4-2-6,280.1
145348,5-2-6,996.2
145348,6-2-5,1832
145348,1-4-2,15
145348,2-4-1,86
145348,3-4-1,149.2
145348,4-3-1,255.8
145348,5-3-1,605.9
145348,6-3-1,1083
145348,1-4-3,21
145348,2-4-3,139.7
145348,3-4-2,212.4
145348,4-3-2,343.1
145348,5-3-2,1111
145348,6-3-2,1854
145348,1-4-5,34.9
145348,2-4-5,250.6
145348,3-4-5,343.9
145348,4-3-5,512.2
145348,5-3-4,1161
145348,6-3-4,1531
145348,1-4-6,28.4
145348,2-4-6,181.7
145348,3-4-6,303.5
145348,4-3-6,478.7
145348,5-3-6,1231
145348,6-3-5,1821
145348,1-5-2,45.8
145348,2-5-1,246.8
145348,3-5-1,303.5
145348,4-5-1,300.9
145348,5-4-1,687.1
145348,6-4-1,959
145348,1-5-3,58.4
145348,2-5-3,520
145348,3-5-2,487
145348,4-5-2,449.4
145348,5-4-2,1029
145348,6-4-2,1412
145348,1-5-4,78.5
145348,2-5-4,498.9
145348,3-5-4,517.3
145348,4-5-3,571.1
145348,5-4-3,1095
145348,6-4-3,1501
145348,1-5-6,84.3
145348,2-5-6,544.8
145348,3-5-6,570
145348,4-5-6,333.5
145348,5-4-6,750.8
145348,6-4-5,1578
145348,1-6-2,77.8
145348,2-6-1,282.4
145348,3-6-1,408.8
145348,4-6-1,320.6
145348,5-6-1,1216
145348,6-5-1,1611
145348,1-6-3,94.5
145348,2-6-3,462.2
145348,3-6-2,590.8
145348,4-6-2,484
145348,5-6-2,1531
145348,6-5-2,2137
145348,1-6-4,96.5
145348,2-6-4,427.5
145348,3-6-4,578.6
145348,4-6-3,608.3
145348,5-6-3,1516
145348,6-5-3,2137
145348,1-6-5,136.8
145348,2-6-5,814.4
145348,3-6-5,829.7
145348,4-6-5,468.5
145348,5-6-4,1380
145348,6-5-4,1936
