race_id,combo,odds
153691,1-2-3,9.2
153691,2-1-3,57
153691,3-1-2,51.5
153691,4-1-2,56.3
153691,5-1-2,135.5
153691,6-1-2,221.5
153691,1-2-4,8.4
153691,2-1-4,46.9
153691,3-1-4,42.8
153691,4-1-3,97
153691,5-1-3,209.2
153691,6-1-3,377.9
153691,1-2-5,29.7
153691,2-1-5,123.8
153691,3-1-5,116.6
153691,4-1-5,111.9
153691,5-1-4,150.4
153691,6-1-4,210.1
153691,1-2-6,23.8
153691,2-1-6,83.9
153691,3-1-6,101.5
153691,4-1-6,67.7
153691,5-1-6,155.9
153691,6-1-5,402.2
153691,1-3-2,11.6
153691,2-3-1,130.9
153691,3-2-1,111.1
153691,4-2-1,99.2
153691,5-2-1,249.9
153691,6-2-1,445.2
153691,1-3-4,11.5
153691,2-3-4,228.3
153691,3-2-4,122.7
153691,4-2-3,243.7
153691,5-2-3,650.8
153691,6-2-3,909.9
153691,1-3-5,34.7
153691,2-3-5,535.5
153691,3-2-5,332.9
153691,4-2-5,279.7
153691,5-2-4,469.8
153691,6-2-4,639.7
153691,1-3-6,34.9
153691,2-3-6,465.1
153691,3-2-6,308.8
153691,4-2-6,200.4
153691,5-2-6,388.9
153691,6-2-5,1013
153691,1-4-2,13.3
153691,2-4-1,95.7
153691,3-4-1,103.3
153691,4-3-1,186.1
153691,5-3-1,432.9
153691,6-3-1,829.4
153691,1-4-3,19.1
153691,2-4-3,213.5
153691,3-4-2,145.3
153691,4-3-2,334.7
153691,5-3-2,815
153691,6-3-2,1615
153691,1-4-5,32.4
153691,2-4-5,379.4
153691,3-4-5,250.9
153691,4-3-5,414.7
153691,5-3-4,660
153691,6-3-4,1129
153691,1-4-6,20.2
153691,2-4-6,247.3
153691,3-4-6,177.1
153691,4-3-6,399.6
153691,5-3-6,855.9
153691,6-3-5,1994
153691,1-5-2,52.5
153691,2-5-1,384.1
153691,3-5-1,322
153691,4-5-1,165.4
153691,5-4-1,258.9
153691,6-4-1,347.7
153691,1-5-3,72.2
153691,2-5-3,794.2
153691,3-5-2,544.9
153691,4-5-2,291.9
153691,5-4-2,435.9
153691,6-4-2,614.6
153691,1-5-4,54.4
153691,2-5-4,629
153691,3-5-4,459.4
153691,4-5-3,420.3
153691,5-4-3,644.1
153691,6-4-3,1018
153691,1-5-6,75.4
153691,2-5-6,840.6
153691,3-5-6,660
153691,4-5-6,218.9
153691,5-4-6,323.7
153691,6-4-5,644.1
153691,1-6-2,44.8
153691,2-6-1,316.6
153691,3-6-1,402.2
153691,4-6-1,125.9
153691,5-6-1,272
153691,6-5-1,535.5
153691,1-6-3,85.3
153691,2-6-3,743.8
153691,3-6-2,520.7
153691,4-6-2,219.5
153691,5-6-2,413.8
153691,6-5-2,884.2
153691,1-6-4,38.8
153691,2-6-4,479.4
153691,3-6-4,322.6
153691,4-6-3,403.1
153691,5-6-3,723.7
153691,6-5-3,1388
153691,1-6-5,106.2
153691,2-6-5,961.3
153691,3-6-5,844.3
153691,4-6-5,254.3
153691,5-6-4,421.2
153691,6-5-4,694.2
153692,1-2-3,27.5
153692,2-1-3,28.1
153692,3-1-2,124.9
153692,4-1-2,169.5
153692,5-1-2,40.1
153692,6-1-2,506.7
153692,1-2-4,44.6
153692,2-1-4,39
153692,3-1-4,247.6
153692,4-1-3,394.4
153692,5-1-3,97.2
153692,6-1-3,1395
153692,1-2-5,16.4
153692,2-1-5,13.4
153692,3-1-5,116.7
153692,4-1-5,139.3
153692,5-1-4,109
153692,6-1-4,1374
153692,1-2-6,68.3
153692,2-1-6,48.5
153692,3-1-6,346.2
153692,4-1-6,272.1
153692,5-1-6,76.6
153692,6-1-5,586.1
153692,1-3-2,51
153692,2-3-1,56.4
153692,3-2-1,108.7
153692,4-2-1,91.6
153692,5-2-1,37.7
153692,6-2-1,502.6
153692,1-3-4,98.2
153692,2-3-4,67.7
153692,3-2-4,142.9
153692,4-2-3,172
153692,5-2-3,59.1
153692,6-2-3,939.6
153692,1-3-5,50.7
153692,2-3-5,28.7
153692,3-2-5,66.4
153692,4-2-5,50
153692,5-2-4,61.7
153692,6-2-4,805.9
153692,1-3-6,153.1
153692,2-3-6,74.6
153692,3-2-6,171.3
153692,4-2-6,132
153692,5-2-6,39.7
153692,6-2-5,286.3
153692,1-4-2,109.6
153692,2-4-1,80.1
153692,3-4-1,298.2
153692,4-3-1,469.8
153692,5-3-1,163.4
153692,6-3-1,2149
153692,1-4-3,176.7
153692,2-4-3,97.3
153692,3-4-2,243.7
153692,4-3-2,293.5
153692,5-3-2,99.4
153692,6-3-2,1654
153692,1-4-5,124.8
153692,2-4-5,44.3
153692,3-4-5,200.4
153692,4-3-5,189
153692,5-3-4,282.8
153692,6-3-4,2100
153692,1-4-6,218.1
153692,2-4-6,101.7
153692,3-4-6,368
153692,4-3-6,489.4
153692,5-3-6,179.4
153692,6-3-5,1484
153692,1-5-2,28.4
153692,2-5-1,17.3
153692,3-5-1,125.9
153692,4-5-1,77.4
153692,5-4-1,111.1
153692,6-4-1,1354
153692,1-5-3,60
153692,2-5-3,23.9
153692,3-5-2,89.5
153692,4-5-2,44.3
153692,5-4-2,68.1
153692,6-4-2,820.1
153692,1-5-4,101.5
153692,2-5-4,35.1
153692,3-5-4,188.3
153692,4-5-3,114.2
153692,5-4-3,206.6
153692,6-4-3,1715
153692,1-5-6,79
153692,2-5-6,22.5
153692,3-5-6,176.9
153692,4-5-6,71.3
153692,5-4-6,72.7
153692,6-4-5,458.3
153692,1-6-2,222
153692,2-6-1,134.2
153692,3-6-1,595.5
153692,4-6-1,322.3
153692,5-6-1,125.1
153692,6-5-1,515.1
153692,1-6-3,513.7
153692,2-6-3,182.2
153692,3-6-2,523.7
153692,4-6-2,212.4
153692,5-6-2,71
153692,6-5-2,270.6
153692,1-6-4,509.5
153692,2-6-4,238.2
153692,3-6-4,802.5
153692,4-6-3,558.1
153692,5-6-3,203.4
153692,6-5-3,890.4
153692,1-6-5,245.3
153692,2-6-5,80.2
153692,3-6-5,433.8
153692,4-6-5,176.5
153692,5-6-4,148.5
153692,6-5-4,397.8
153693,1-2-3,13.3
153693,2-1-3,33.6
153693,3-1-2,17.2
153693,4-1-2,118.9
153693,5-1-2,1068
153693,6-1-2,1636
153693,1-2-4,28.7
153693,2-1-4,55.2
153693,3-1-4,12
153693,4-1-3,64.5
153693,5-1-3,538
153693,6-1-3,1498
153693,1-2-5,124.2
153693,2-1-5,163.7
153693,3-1-5,45.1
153693,4-1-5,200.1
153693,5-1-4,1121
153693,6-1-4,2196
153693,1-2-6,116.3
153693,2-1-6,254.5
153693,3-1-6,56.8
153693,4-1-6,229
153693,5-1-6,1603
153693,6-1-5,3411
153693,1-3-2,11.2
153693,2-3-1,34.3
153693,3-2-1,24.4
153693,4-2-1,159.3
153693,5-2-1,1419
153693,6-2-1,2717
153693,1-3-4,10.8
153693,2-3-4,28.1
153693,3-2-4,17.7
153693,4-2-3,81
153693,5-2-3,651.8
153693,6-2-3,2196
153693,1-3-5,47.1
153693,2-3-5,92.9
153693,3-2-5,59.8
153693,4-2-5,341.1
153693,5-2-4,1243
153693,6-2-4,2358
153693,1-3-6,50.7
153693,2-3-6,159.5
153693,3-2-6,61.9
153693,4-2-6,371.1
153693,5-2-6,2323
153693,6-2-5,5529
153693,1-4-2,47.5
153693,2-4-1,82.3
153693,3-4-1,15.2
153693,4-3-1,47.3
153693,5-3-1,600.5
153693,6-3-1,2358
153693,1-4-3,25.9
153693,2-4-3,50.7
153693,3-4-2,17.4
153693,4-3-2,51.9
153693,5-3-2,538
153693,6-3-2,1705
153693,1-4-5,130.5
153693,2-4-5,195
153693,3-4-5,35.3
153693,4-3-5,100.1
153693,5-3-4,602.8
153693,6-3-4,960.1
153693,1-4-6,144.5
153693,2-4-6,235.4
153693,3-4-6,41
153693,4-3-6,115.1
153693,5-3-6,1196
153693,6-3-5,2109
153693,1-5-2,305.4
153693,2-5-1,412.2
153693,3-5-1,108.1
153693,4-5-1,356.3
153693,5-4-1,1541
153693,6-4-1,2969
153693,1-5-3,219.3
153693,2-5-3,269
153693,3-5-2,117.5
153693,4-5-2,505.8
153693,5-4-2,1370
153693,6-4-2,2358
153693,1-5-4,289.9
153693,2-5-4,416.4
153693,3-5-4,95.3
153693,4-5-3,245.1
153693,5-4-3,735.5
153693,6-4-3,1282
153693,1-5-6,529.2
153693,2-5-6,995.9
153693,3-5-6,173.3
153693,4-5-6,530.9
153693,5-4-6,1908
153693,6-4-5,3563
153693,1-6-2,657.1
153693,2-6-1,983.7
153693,3-6-1,306
153693,4-6-1,700.2
153693,5-6-1,3411
153693,6-5-1,5938
153693,1-6-3,494.9
153693,2-6-3,685.2
153693,3-6-2,292
153693,4-6-2,813.9
153693,5-6-2,2863
153693,6-5-2,5726
153693,1-6-4,536.2
153693,2-6-4,767.2
153693,3-6-4,180.7
153693,4-6-3,466.1
153693,5-6-3,1636
153693,6-5-3,2545
153693,1-6-5,989.8
153693,2-6-5,1457
153693,3-6-5,380.8
153693,4-6-5,885.9
153693,5-6-4,2717
153693,6-5-4,3910
153694,1-2-3,49.5
153694,2-1-3,70.6
153694,3-1-2,239.4
153694,4-1-2,52.8
153694,5-1-2,34.8
153694,6-1-2,1817
153694,1-2-4,37.6
153694,2-1-4,47.6
153694,3-1-4,217.1
153694,4-1-3,122.5
153694,5-1-3,76.1
153694,6-1-3,2595
153694,1-2-5,22.5
153694,2-1-5,32.1
153694,3-1-5,134
153694,4-1-5,31.7
153694,5-1-4,34.1
153694,6-1-4,2477
153694,1-2-6,469.9
153694,2-1-6,626.6
153694,3-1-6,1409
153694,4-1-6,370.8
153694,5-1-6,259.5
153694,6-1-5,2920
153694,1-3-2,72.3
153694,2-3-1,136.2
153694,3-2-1,232.9
153694,4-2-1,61.2
153694,5-2-1,37.5
153694,6-2-1,3085
153694,1-3-4,76.1
153694,2-3-4,92.9
153694,3-2-4,162.7
153694,4-2-3,96.3
153694,5-2-3,48.4
153694,6-2-3,3206
153694,1-3-5,55.1
153694,2-3-5,64.2
153694,3-2-5,98.2
153694,4-2-5,26.8
153694,5-2-4,24.4
153694,6-2-4,2210
153694,1-3-6,865.3
153694,2-3-6,1105
153694,3-2-6,962
153694,4-2-6,321.3
153694,5-2-6,204.6
153694,6-2-5,2070
153694,1-4-2,43.7
153694,2-4-1,58.2
153694,3-4-1,232.9
153694,4-3-1,223.4
153694,5-3-1,132.1
153694,6-3-1,4672
153694,1-4-3,80
153694,2-4-3,83.8
153694,3-4-2,189.2
153694,4-3-2,180.7
153694,5-3-2,85.7
153694,6-3-2,4672
153694,1-4-5,31.3
153694,2-4-5,29
153694,3-4-5,111.2
153694,4-3-5,83
153694,5-3-4,95.6
153694,6-3-4,2819
153694,1-4-6,427
153694,2-4-6,577.9
153694,3-4-6,1135
153694,4-3-6,869.9
153694,5-3-6,646.4
153694,6-3-5,3893
153694,1-5-2,24.6
153694,2-5-1,36.9
153694,3-5-1,159
153694,4-5-1,19.7
153694,5-4-1,25.3
153694,6-4-1,2725
153694,1-5-3,47.9
153694,2-5-3,45.2
153694,3-5-2,109.8
153694,4-5-2,13.4
153694,5-4-2,17
153694,6-4-2,2240
153694,1-5-4,30
153694,2-5-4,27.1
153694,3-5-4,126.8
153694,4-5-3,28.8
153694,5-4-3,45.3
153694,6-4-3,3407
153694,1-5-6,302.8
153694,2-5-6,386.6
153694,3-5-6,879.2
153694,4-5-6,64
153694,5-4-6,79
153694,6-4-5,1097
153694,1-6-2,1159
153694,2-6-1,1837
153694,3-6-1,2920
153694,4-6-1,856.2
153694,5-6-1,590.4
153694,6-5-1,2819
153694,1-6-3,1514
153694,2-6-3,1817
153694,3-6-2,3145
153694,4-6-2,797.7
153694,5-6-2,494
153694,6-5-2,1924
153694,1-6-4,1329
153694,2-6-4,1587
153694,3-6-4,3479
153694,4-6-3,1397
153694,5-6-3,778.7
153694,6-5-3,3206
153694,1-6-5,1287
153694,2-6-5,1318
153694,3-6-5,874.5
153694,4-6-5,428.1
153694,5-6-4,403.8
153694,6-5-4,1090
153695,1-2-3,42.5
153695,2-1-3,94.7
153695,3-1-2,95.7
153695,4-1-2,48.7
153695,5-1-2,50.3
153695,6-1-2,734
153695,1-2-4,23.6
153695,2-1-4,48.4
153695,3-1-4,39.1
153695,4-1-3,40.3
153695,5-1-3,43.1
153695,6-1-3,524.1
153695,1-2-5,54.2
153695,2-1-5,106.8
153695,3-1-5,55.9
153695,4-1-5,27.5
153695,5-1-4,33.9
153695,6-1-4,549.7
153695,1-2-6,154
153695,2-1-6,330.8
153695,3-1-6,126.8
153695,4-1-6,103.1
153695,5-1-6,122.5
153695,6-1-5,654.1
153695,1-3-2,44
153695,2-3-1,191.4
153695,3-2-1,184
153695,4-2-1,62.8
153695,5-2-1,66.3
153695,6-2-1,1207
153695,1-3-4,18.4
153695,2-3-4,125.6
153695,3-2-4,133.9
153695,4-2-3,90.4
153695,5-2-3,84.3
153695,6-2-3,1143
153695,1-3-5,34.5
153695,2-3-5,240.5
153695,3-2-5,200.1
153695,4-2-5,61.9
153695,5-2-4,74.6
153695,6-2-4,1072
153695,1-3-6,80.4
153695,2-3-6,690.8
153695,3-2-6,433.5
153695,4-2-6,155.8
153695,5-2-6,241.2
153695,6-2-5,1345
153695,1-4-2,23.7
153695,2-4-1,81.7
153695,3-4-1,45.7
153695,4-3-1,59.7
153695,5-3-1,62.4
153695,6-3-1,705.9
153695,1-4-3,17.2
153695,2-4-3,109.1
153695,3-4-2,81.8
153695,4-3-2,99.9
153695,5-3-2,103.1
153695,6-3-2,1153
153695,1-4-5,19.9
153695,2-4-5,107.6
153695,3-4-5,50.9
153695,4-3-5,64.4
153695,5-3-4,66.7
153695,6-3-4,650.8
153695,1-4-6,64.2
153695,2-4-6,305.4
153695,3-4-6,119.5
153695,4-3-6,159.4
153695,5-3-6,228.4
153695,6-3-5,746.7
153695,1-5-2,67.8
153695,2-5-1,211.4
153695,3-5-1,88
153695,4-5-1,36.8
153695,5-4-1,42.4
153695,6-4-1,579.3
153695,1-5-3,55.6
153695,2-5-3,277.8
153695,3-5-2,154.2
153695,4-5-2,51.7
153695,5-4-2,63.3
153695,6-4-2,700.2
153695,1-5-4,38.5
153695,2-5-4,165.8
153695,3-5-4,65.9
153695,4-5-3,58.2
153695,5-4-3,62.1
153695,6-4-3,659.1
153695,1-5-6,161.1
153695,2-5-6,634.8
153695,3-5-6,196
153695,4-5-6,79.5
153695,5-4-6,128.4
153695,6-4-5,502.7
153695,1-6-2,292.6
153695,2-6-1,929.4
153695,3-6-1,272.8
153695,4-6-1,163.1
153695,5-6-1,219.1
153695,6-5-1,594
153695,1-6-3,236.8
153695,2-6-3,1133
153695,3-6-2,452.5
153695,4-6-2,242.3
153695,5-6-2,316.2
153695,6-5-2,736.1
153695,1-6-4,204.4
153695,2-6-4,723.7
153695,3-6-4,241.7
153695,4-6-3,233.8
153695,5-6-3,271.7
153695,6-5-3,600.9
153695,1-6-5,242.1
153695,2-6-5,1013
153695,3-6-5,268.3
153695,4-6-5,148.8
153695,5-6-4,217.1
153695,6-5-4,499.7
153696,1-2-3,15.7
153696,2-1-3,49
153696,3-1-2,91.9
153696,4-1-2,138.1
153696,5-1-2,30.9
153696,6-1-2,2094
153696,1-2-4,22
153696,2-1-4,46.8
153696,3-1-4,101.5
153696,4-1-3,190.9
153696,5-1-3,49.8
153696,6-1-3,3204
153696,1-2-5,8.1
153696,2-1-5,20.9
153696,3-1-5,49.9
153696,4-1-5,74.2
153696,5-1-4,60.1
153696,6-1-4,5019
153696,1-2-6,172
153696,2-1-6,268.9
153696,3-1-6,395.8
153696,4-1-6,422.2
153696,5-1-6,155.1
153696,6-1-5,2418
153696,1-3-2,27.7
153696,2-3-1,126.6
153696,3-2-1,128.7
153696,4-2-1,210.9
153696,5-2-1,41.8
153696,6-2-1,3594
153696,1-3-4,41
153696,2-3-4,203.8
153696,3-2-4,225.2
153696,4-2-3,401.2
153696,5-2-3,103.5
153696,6-2-3,4222
153696,1-3-5,20.7
153696,2-3-5,119.2
153696,3-2-5,95.4
153696,4-2-5,144.4
153696,5-2-4,113.4
153696,6-2-4,4926
153696,1-3-6,210.9
153696,2-3-6,622.9
153696,3-2-6,653.5
153696,4-2-6,705.5
153696,5-2-6,242.9
153696,6-2-5,3204
153696,1-4-2,34.9
153696,2-4-1,142.4
153696,3-4-1,118.2
153696,4-3-1,239.8
153696,5-3-1,83.2
153696,6-3-1,5115
153696,1-4-3,44.5
153696,2-4-3,240
153696,3-4-2,209.7
153696,4-3-2,394.6
153696,5-3-2,114
153696,6-3-2,4222
153696,1-4-5,22.6
153696,2-4-5,112.9
153696,3-4-5,68.1
153696,4-3-5,102.1
153696,5-3-4,85.5
153696,6-3-4,2860
153696,1-4-6,205.7
153696,2-4-6,743
153696,3-4-6,298.5
153696,4-3-6,400
153696,5-3-6,188.5
153696,6-3-5,3694
153696,1-5-2,11.5
153696,2-5-1,36.5
153696,3-5-1,46.3
153696,4-5-1,66.7
153696,5-4-1,81.8
153696,6-4-1,4360
153696,1-5-3,19
153696,2-5-3,81.9
153696,3-5-2,67.5
153696,4-5-2,101.6
153696,5-4-2,111.1
153696,6-4-2,5215
153696,1-5-4,20.6
153696,2-5-4,81.2
153696,3-5-4,52
153696,4-5-3,104.5
153696,5-4-3,142.1
153696,6-4-3,4222
153696,1-5-6,91.9
153696,2-5-6,310.7
153696,3-5-6,154.7
153696,4-5-6,142.7
153696,5-4-6,157.3
153696,6-4-5,2714
153696,1-6-2,607.3
153696,2-6-1,1085
153696,3-6-1,685.5
153696,4-6-1,1011
153696,5-6-1,459.4
153696,6-5-1,2145
153696,1-6-3,718.9
153696,2-6-3,1511
153696,3-6-2,1422
153696,4-6-2,1291
153696,5-6-2,526.7
153696,6-5-2,3057
153696,1-6-4,728.7
153696,2-6-4,1437
153696,3-6-4,1064
153696,4-6-3,1260
153696,5-6-3,717
153696,6-5-3,3204
153696,1-6-5,477.5
153696,2-6-5,1027
153696,3-6-5,690.9
153696,4-6-5,537.3
153696,5-6-4,473.3
153696,6-5-4,2582
153697,1-2-3,14
153697,2-1-3,100
153697,3-1-2,85.6
153697,4-1-2,35.1
153697,5-1-2,368.9
153697,6-1-2,1241
153697,1-2-4,9.3
153697,2-1-4,79.5
153697,3-1-4,41.8
153697,4-1-3,30.5
153697,5-1-3,335.8
153697,6-1-3,1765
153697,1-2-5,30.3
153697,2-1-5,163.5
153697,3-1-5,120
153697,4-1-5,53.6
153697,5-1-4,256.4
153697,6-1-4,1256
153697,1-2-6,80.5
153697,2-1-6,470.5
153697,3-1-6,362
153697,4-1-6,135
153697,5-1-6,762.9
153697,6-1-5,2605
153697,1-3-2,14.2
153697,2-3-1,212.5
153697,3-2-1,183.6
153697,4-2-1,81.3
153697,5-2-1,569.6
153697,6-2-1,1873
153697,1-3-4,7
153697,2-3-4,274.9
153697,3-2-4,204.4
153697,4-2-3,175.2
153697,5-2-3,1007
153697,6-2-3,3141
153697,1-3-5,21.7
153697,2-3-5,741.7
153697,3-2-5,435
153697,4-2-5,219.9
153697,5-2-4,932.8
153697,6-2-4,3683
153697,1-3-6,82.8
153697,2-3-6,1220
153697,3-2-6,1286
153697,4-2-6,494.4
153697,5-2-6,1570
153697,6-2-5,3683
153697,1-4-2,7
153697,2-4-1,136.8
153697,3-4-1,62.3
153697,4-3-1,63.5
153697,5-3-1,493.3
153697,6-3-1,2073
153697,1-4-3,6.7
153697,2-4-3,258.6
153697,3-4-2,151.8
153697,4-3-2,154.2
153697,5-3-2,1047
153697,6-3-2,3236
153697,1-4-5,14.9
153697,2-4-5,457.4
153697,3-4-5,202.8
153697,4-3-5,190.3
153697,5-3-4,897.5
153697,6-3-4,2427
153697,1-4-6,32.8
153697,2-4-6,598.3
153697,3-4-6,392.6
153697,4-3-6,331.1
153697,5-3-6,1924
153697,6-3-5,5477
153697,1-5-2,56.4
153697,2-5-1,593.3
153697,3-5-1,272.1
153697,4-5-1,106
153697,5-4-1,296.2
153697,6-4-1,1708
153697,1-5-3,51.2
153697,2-5-3,1515
153697,3-5-2,507.4
153697,4-5-2,241.6
153697,5-4-2,641.4
153697,6-4-2,3051
153697,1-5-4,43.3
153697,2-5-4,1052
153697,3-5-4,395.5
153697,4-5-3,238.4
153697,5-4-3,657.2
153697,6-4-3,2810
153697,1-5-6,166.4
153697,2-5-6,1924
153697,3-5-6,1084
153697,4-5-6,286.3
153697,5-4-6,608.5
153697,6-4-5,3051
153697,1-6-2,236.3
153697,2-6-1,1582
153697,3-6-1,1618
153697,4-6-1,435
153697,5-6-1,1582
153697,6-5-1,3008
153697,1-6-3,292.2
153697,2-6-3,4030
153697,3-6-2,2738
153697,4-6-2,905.1
153697,5-6-2,2179
153697,6-5-2,3501
153697,1-6-4,193.6
153697,2-6-4,2848
153697,3-6-4,1536
153697,4-6-3,875.4
153697,5-6-3,2513
153697,6-5-3,4188
153697,1-6-5,287.1
153697,2-6-5,3445
153697,3-6-5,2810
153697,4-6-5,566.6
153697,5-6-4,966.5
153697,6-5-4,3445
153698,1-2-3,14.7
153698,2-1-3,39.6
153698,3-1-2,61
153698,4-1-2,98
153698,5-1-2,32
153698,6-1-2,1115
153698,1-2-4,26
153698,2-1-4,61.5
153698,3-1-4,64.4
153698,4-1-3,119.6
153698,5-1-3,36.7
153698,6-1-3,1678
153698,1-2-5,10.5
153698,2-1-5,25.6
153698,3-1-5,36.4
153698,4-1-5,60.9
153698,5-1-4,51.9
153698,6-1-4,1747
153698,1-2-6,139.7
153698,2-1-6,200.6
153698,3-1-6,365.2
153698,4-1-6,315.3
153698,5-1-6,123.2
153698,6-1-5,954.8
153698,1-3-2,19.3
153698,2-3-1,79
153698,3-2-1,101.9
153698,4-2-1,170.9
153698,5-2-1,55.9
153698,6-2-1,1149
153698,1-3-4,29.4
153698,2-3-4,205.1
153698,3-2-4,177.3
153698,4-2-3,298.3
153698,5-2-3,96.1
153698,6-2-3,2230
153698,1-3-5,14.3
153698,2-3-5,80
153698,3-2-5,88.2
153698,4-2-5,164
153698,5-2-4,120
153698,6-2-4,2017
153698,1-3-6,218.6
153698,2-3-6,555.6
153698,3-2-6,607.4
153698,4-2-6,706.1
153698,5-2-6,195.3
153698,6-2-5,1629
153698,1-4-2,36.4
153698,2-4-1,168.9
153698,3-4-1,97.8
153698,4-3-1,188.2
153698,5-3-1,57.8
153698,6-3-1,2041
153698,1-4-3,44
153698,2-4-3,305.6
153698,3-4-2,159.6
153698,4-3-2,293.4
153698,5-3-2,87.9
153698,6-3-2,2017
153698,1-4-5,28.6
153698,2-4-5,182.3
153698,3-4-5,99
153698,4-3-5,164.3
153698,5-3-4,135.8
153698,6-3-4,2529
153698,1-4-6,188.7
153698,2-4-6,738.4
153698,3-4-6,424.7
153698,4-3-6,665.9
153698,5-3-6,199.6
153698,6-3-5,1720
153698,1-5-2,14.1
153698,2-5-1,46.6
153698,3-5-1,43.4
153698,4-5-1,62.8
153698,5-4-1,86.8
153698,6-4-1,2017
153698,1-5-3,18
153698,2-5-3,94.1
153698,3-5-2,68.9
153698,4-5-2,97.9
153698,5-4-2,134.1
153698,6-4-2,2733
153698,1-5-4,29.3
153698,2-5-4,124.4
153698,3-5-4,80.9
153698,4-5-3,119.7
153698,5-4-3,170.5
153698,6-4-3,2848
153698,1-5-6,115.5
153698,2-5-6,264.8
153698,3-5-6,221.1
153698,4-5-6,216
153698,5-4-6,242.9
153698,6-4-5,1862
153698,1-6-2,410.8
153698,2-6-1,858.1
153698,3-6-1,871.3
153698,4-6-1,680.6
153698,5-6-1,196.6
153698,6-5-1,885
153698,1-6-3,639.5
153698,2-6-3,1394
153698,3-6-2,1412
153698,4-6-2,858.1
153698,5-6-2,323.7
153698,6-5-2,1361
153698,1-6-4,483.5
153698,2-6-4,1104
153698,3-6-4,790.1
153698,4-6-3,1115
153698,5-6-3,435.1
153698,6-5-3,1720
153698,1-6-5,420.5
153698,2-6-5,820.7
153698,3-6-5,741.7
153698,4-6-5,718.1
153698,5-6-4,408.3
153698,6-5-4,1473
153699,1-2-3,36.5
153699,2-1-3,437
153699,3-1-2,705.4
153699,4-1-2,79.8
153699,5-1-2,119.3
153699,6-1-2,62.8
153699,1-2-4,7.1
153699,2-1-4,116.5
153699,3-1-4,886.3
153699,4-1-3,326.7
153699,5-1-3,420.6
153699,6-1-3,169.9
153699,1-2-5,11.1
153699,2-1-5,153.7
153699,3-1-5,917.3
153699,4-1-5,40.2
153699,5-1-4,83.2
153699,6-1-4,59.3
153699,1-2-6,18.4
153699,2-1-6,214.3
153699,3-1-6,1174
153699,4-1-6,60
153699,5-1-6,108.8
153699,6-1-5,80.9
153699,1-3-2,86.7
153699,2-3-1,1144
153699,3-2-1,1248
153699,4-2-1,193.3
153699,5-2-1,230.3
153699,6-2-1,137.2
153699,1-3-4,81.7
153699,2-3-4,2043
153699,3-2-4,1872
153699,4-2-3,1059
153699,5-2-3,1148
153699,6-2-3,562.8
153699,1-3-5,90.9
153699,2-3-5,2600
153699,3-2-5,2185
153699,4-2-5,309.6
153699,5-2-4,459.3
153699,6-2-4,242.9
153699,1-3-6,127.5
153699,2-3-6,3178
153699,3-2-6,2644
153699,4-2-6,387.4
153699,5-2-6,618.1
153699,6-2-5,334.3
153699,1-4-2,8.8
153699,2-4-1,265.2
153699,3-4-1,1449
153699,4-3-1,1031
153699,5-3-1,1430
153699,6-3-1,646
153699,1-4-3,47.7
153699,2-4-3,1279
153699,3-4-2,2383
153699,4-3-2,1978
153699,5-3-2,2330
153699,6-3-2,836.8
153699,1-4-5,8.4
153699,2-4-5,428
153699,3-4-5,2439
153699,4-3-5,1954
153699,5-3-4,2666
153699,6-3-4,886.3
153699,1-4-6,16.2
153699,2-4-6,694.5
153699,3-4-6,2537
153699,4-3-6,1728
153699,5-3-6,2383
153699,6-3-5,1581
153699,1-5-2,16.7
153699,2-5-1,305.4
153699,3-5-1,1573
153699,4-5-1,56.8
153699,5-4-1,118.1
153699,6-4-1,126.7
153699,1-5-3,68.9
153699,2-5-3,782.6
153699,3-5-2,2401
153699,4-5-2,180.4
153699,5-4-2,318.4
153699,6-4-2,279.6
153699,1-5-4,15.1
153699,2-5-4,395.7
153699,3-5-4,2886
153699,4-5-3,708.6
153699,5-4-3,1014
153699,6-4-3,904.1
153699,1-5-6,21.4
153699,2-5-6,625.5
153699,3-5-6,3054
153699,4-5-6,95.8
153699,5-4-6,193.7
153699,6-4-5,276.7
153699,1-6-2,24.8
153699,2-6-1,350.3
153699,3-6-1,1565
153699,4-6-1,109.4
153699,5-6-1,177.5
153699,6-5-1,170
153699,1-6-3,92.5
153699,2-6-3,2029
153699,3-6-2,2968
153699,4-6-2,300.5
153699,5-6-2,446.9
153699,6-5-2,373.2
153699,1-6-4,24.1
153699,2-6-4,855
153699,3-6-4,2622
153699,4-6-3,942
153699,5-6-3,959.2
153699,6-5-3,1174
153699,1-6-5,34.3
153699,2-6-5,1052
153699,3-6-5,2968
153699,4-6-5,161.4
153699,5-6-4,281.4
153699,6-5-4,286.5
153700,1-2-3,15.2
153700,2-1-3,58.8
153700,3-1-2,54.2
153700,4-1-2,132.8
153700,5-1-2,147.3
153700,6-1-2,858.5
153700,1-2-4,20.5
153700,2-1-4,78.8
153700,3-1-4,32.7
153700,4-1-3,88.5
153700,5-1-3,112.4
153700,6-1-3,715
153700,1-2-5,24.9
153700,2-1-5,82.4
153700,3-1-5,32.8
153700,4-1-5,68.9
153700,5-1-4,112.1
153700,6-1-4,698.6
153700,1-2-6,41.8
153700,2-1-6,152.9
153700,3-1-6,61.3
153700,4-1-6,110.6
153700,5-1-6,126.3
153700,6-1-5,710
153700,1-3-2,15.1
153700,2-3-1,125.8
153700,3-2-1,125.1
153700,4-2-1,243.3
153700,5-2-1,333.6
153700,6-2-1,1534
153700,1-3-4,9.6
153700,2-3-4,227.8
153700,3-2-4,175.7
153700,4-2-3,376.5
153700,5-2-3,551.5
153700,6-2-3,2411
153700,1-3-5,10.1
153700,2-3-5,244.4
153700,3-2-5,203.2
153700,4-2-5,310.7
153700,5-2-4,430.4
153700,6-2-4,1660
153700,1-3-6,26.7
153700,2-3-6,317.2
153700,3-2-6,214.1
153700,4-2-6,303.9
153700,5-2-6,585.5
153700,6-2-5,2095
153700,1-4-2,30.6
153700,2-4-1,189.1
153700,3-4-1,67.2
153700,4-3-1,125.8
153700,5-3-1,190.4
153700,6-3-1,1105
153700,1-4-3,19.5
153700,2-4-3,321.2
153700,3-4-2,157.1
153700,4-3-2,290.2
153700,5-3-2,443.6
153700,6-3-2,2337
153700,1-4-5,21.2
153700,2-4-5,262.4
153700,3-4-5,80.1
153700,4-3-5,154.8
153700,5-3-4,271.3
153700,6-3-4,1255
153700,1-4-6,38.3
153700,2-4-6,310.1
153700,3-4-6,107.8
153700,4-3-6,167.7
153700,5-3-6,363.5
153700,6-3-5,1475
153700,1-5-2,38.5
153700,2-5-1,227.8
153700,3-5-1,77.1
153700,4-5-1,88.9
153700,5-4-1,142.7
153700,6-4-1,1240
153700,1-5-3,24.7
153700,2-5-3,414
153700,3-5-2,182.5
153700,4-5-2,238.1
153700,5-4-2,342.2
153700,6-4-2,1960
153700,1-5-4,33.8
153700,2-5-4,372.8
153700,3-5-4,99.6
153700,4-5-3,155.6
153700,5-4-3,256.4
153700,6-4-3,1413
153700,1-5-6,46
153700,2-5-6,514.2
153700,3-5-6,141.9
153700,4-5-6,106.4
153700,5-4-6,178.3
153700,6-4-5,705.1
153700,1-6-2,116.5
153700,2-6-1,566.9
153700,3-6-1,278.3
153700,4-6-1,235.9
153700,5-6-1,348.9
153700,6-5-1,1151
153700,1-6-3,94.8
153700,2-6-3,718.4
153700,3-6-2,457
153700,4-6-2,414.6
153700,5-6-2,681.4
153700,6-5-2,2355
153700,1-6-4,107.8
153700,2-6-4,734
153700,3-6-4,257.1
153700,4-6-3,294.2
153700,5-6-3,586.6
153700,6-5-3,1574
153700,1-6-5,108.3
153700,2-6-5,935.1
153700,3-6-5,309.4
153700,4-6-5,225.2
153700,5-6-4,336.9
153700,6-5-4,730.5
153701,1-2-3,10.8
153701,2-1-3,125
153701,3-1-2,142
153701,4-1-2,94.4
153701,5-1-2,330.2
153701,6-1-2,267
153701,1-2-4,10.9
153701,2-1-4,106.4
153701,3-1-4,96.7
153701,4-1-3,112
153701,5-1-3,371.3
153701,6-1-3,203.9
153701,1-2-5,20.4
153701,2-1-5,162.4
153701,3-1-5,128
153701,4-1-5,88.8
153701,5-1-4,363.5
153701,6-1-4,194.8
153701,1-2-6,12.1
153701,2-1-6,157.4
153701,3-1-6,109.3
153701,4-1-6,73.4
153701,5-1-6,274.5
153701,6-1-5,251
153701,1-3-2,15.4
153701,2-3-1,297.7
153701,3-2-1,311.5
153701,4-2-1,242.5
153701,5-2-1,671
153701,6-2-1,637.8
153701,1-3-4,10.9
153701,2-3-4,544
153701,3-2-4,559.4
153701,4-2-3,626.9
153701,5-2-3,1345
153701,6-2-3,1502
153701,1-3-5,19.8
153701,2-3-5,674.1
153701,3-2-5,728.9
153701,4-2-5,480.4
153701,5-2-4,1193
153701,6-2-4,1193
153701,1-3-6,15.4
153701,2-3-6,743.5
153701,3-2-6,556.2
153701,4-2-6,404.8
153701,5-2-6,989.7
153701,6-2-5,1457
153701,1-4-2,15.9
153701,2-4-1,258
153701,3-4-1,200.2
153701,4-3-1,247.2
153701,5-3-1,716.5
153701,6-3-1,383.8
153701,1-4-3,17
153701,2-4-3,575.7
153701,3-4-2,482.7
153701,4-3-2,612.7
153701,5-3-2,1382
153701,6-3-2,1472
153701,1-4-5,21.5
153701,2-4-5,656.1
153701,3-4-5,339.3
153701,4-3-5,463.8
153701,5-3-4,1487
153701,6-3-4,600.2
153701,1-4-6,15.7
153701,2-4-6,504.1
153701,3-4-6,274.7
153701,4-3-6,343.7
153701,5-3-6,1351
153701,6-3-5,815.2
153701,1-5-2,39.2
153701,2-5-1,581.4
153701,3-5-1,352.7
153701,4-5-1,141.9
153701,5-4-1,367.6
153701,6-4-1,363.1
153701,1-5-3,40
153701,2-5-3,1321
153701,3-5-2,641.9
153701,4-5-2,307.9
153701,5-4-2,615.2
153701,6-4-2,993
153701,1-5-4,43
153701,2-5-4,1217
153701,3-5-4,625.6
153701,4-5-3,401.5
153701,5-4-3,843.1
153701,6-4-3,808.5
153701,1-5-6,36.3
153701,2-5-6,1327
153701,3-5-6,480.4
153701,4-5-6,139
153701,5-4-6,372.7
153701,6-4-5,578
153701,1-6-2,30.6
153701,2-6-1,646.1
153701,3-6-1,293.3
153701,4-6-1,137.3
153701,5-6-1,446.3
153701,6-5-1,533.2
153701,1-6-3,35.1
153701,2-6-3,1541
153701,3-6-2,888.7
153701,4-6-2,312.8
153701,5-6-2,1100
153701,6-5-2,1376
153701,1-6-4,35.7
153701,2-6-4,1183
153701,3-6-4,532.2
153701,4-6-3,332.1
153701,5-6-3,1193
153701,6-5-3,1193
153701,1-6-5,44.5
153701,2-6-5,1517
153701,3-6-5,633.7
153701,4-6-5,186
153701,5-6-4,620.4
153701,6-5-4,699.6
153702,1-2-3,13.5
153702,2-1-3,116.8
153702,3-1-2,109.9
153702,4-1-2,147.4
153702,5-1-2,635.8
153702,6-1-2,340.9
153702,1-2-4,11.5
153702,2-1-4,106.1
153702,3-1-4,63.7
153702,4-1-3,121.7
153702,5-1-3,671.2
153702,6-1-3,374.7
153702,1-2-5,37.8
153702,2-1-5,271.6
153702,3-1-5,137.4
153702,4-1-5,185.8
153702,5-1-4,713.1
153702,6-1-4,335.9
153702,1-2-6,17.7
153702,2-1-6,162.4
153702,3-1-6,77.4
153702,4-1-6,93.2
153702,5-1-6,657.4
153702,6-1-5,858.6
153702,1-3-2,13.4
153702,2-3-1,330.4
153702,3-2-1,356.1
153702,4-2-1,383
153702,5-2-1,1173
153702,6-2-1,663.5
153702,1-3-4,6.7
153702,2-3-4,525.2
153702,3-2-4,529.9
153702,4-2-3,739.5
153702,5-2-3,2070
153702,6-2-3,2005
153702,1-3-5,24.9
153702,2-3-5,950.5
153702,3-2-5,746.4
153702,4-2-5,916.4
153702,5-2-4,1974
153702,6-2-4,1599
153702,1-3-6,10.1
153702,2-3-6,640.9
153702,3-2-6,615.6
153702,4-2-6,531.3
153702,5-2-6,1992
153702,6-2-5,2205
153702,1-4-2,12.9
153702,2-4-1,278
153702,3-4-1,125.6
153702,4-3-1,203.5
153702,5-3-1,1150
153702,6-3-1,674
153702,1-4-3,9.2
153702,2-4-3,552.4
153702,3-4-2,343.3
153702,4-3-2,542.1
153702,5-3-2,1701
153702,6-3-2,1848
153702,1-4-5,29
153702,2-4-5,953.3
153702,3-4-5,296.9
153702,4-3-5,495.5
153702,5-3-4,1724
153702,6-3-4,1078
153702,1-4-6,10.3
153702,2-4-6,500.9
153702,3-4-6,171.9
153702,4-3-6,263.5
153702,5-3-6,1523
153702,6-3-5,1956
153702,1-5-2,76.1
153702,2-5-1,915.1
153702,3-5-1,401.3
153702,4-5-1,424.2
153702,5-4-1,1064
153702,6-4-1,533.5
153702,1-5-3,69.7
153702,2-5-3,1421
153702,3-5-2,751.7
153702,4-5-2,800.6
153702,5-4-2,1757
153702,6-4-2,1607
153702,1-5-4,75.1
153702,2-5-4,1424
153702,3-5-4,584.7
153702,4-5-3,819
153702,5-4-3,1715
153702,6-4-3,1230
153702,1-5-6,70.9
153702,2-5-6,1415
153702,3-5-6,524.7
153702,4-5-6,463.2
153702,5-4-6,1182
153702,6-4-5,1757
153702,1-6-2,40.2
153702,2-6-1,544.4
153702,3-6-1,292.2
153702,4-6-1,222.1
153702,5-6-1,1206
153702,6-5-1,1564
153702,1-6-3,30.8
153702,2-6-3,1204
153702,3-6-2,714.7
153702,4-6-2,541.6
153702,5-6-2,1807
153702,6-5-2,2334
153702,1-6-4,23.6
153702,2-6-4,911.2
153702,3-6-4,378
153702,4-6-3,414.3
153702,5-6-3,1932
153702,6-5-3,2343
153702,1-6-5,83.7
153702,2-6-5,1665
153702,3-6-5,788.7
153702,4-6-5,548.1
153702,5-6-4,1583
153702,6-5-4,1944
153703,1-2-3,7.3
153703,2-1-3,20.8
153703,3-1-2,25.7
153703,4-1-2,89.6
153703,5-1-2,146.6
153703,6-1-2,241.3
153703,1-2-4,15.7
153703,2-1-4,67.3
153703,3-1-4,53
153703,4-1-3,131.7
153703,5-1-3,132.6
153703,6-1-3,316.4
153703,1-2-5,32.5
153703,2-1-5,128.5
153703,3-1-5,57.2
153703,4-1-5,138
153703,5-1-4,248.4
153703,6-1-4,565.9
153703,1-2-6,17.4
153703,2-1-6,39.3
153703,3-1-6,43.1
153703,4-1-6,116.9
153703,5-1-6,193.7
153703,6-1-5,528.6
153703,1-3-2,8.8
153703,2-3-1,49.1
153703,3-2-1,44.9
153703,4-2-1,142.9
153703,5-2-1,282.3
153703,6-2-1,374.6
153703,1-3-4,15.8
153703,2-3-4,142.2
153703,3-2-4,147.7
153703,4-2-3,267.9
153703,5-2-3,385.2
153703,6-2-3,522.5
153703,1-3-5,23.9
153703,2-3-5,257.3
153703,3-2-5,140.7
153703,4-2-5,260.2
153703,5-2-4,505.1
153703,6-2-4,885.6
153703,1-3-6,23.4
153703,2-3-6,151.3
153703,3-2-6,105.3
153703,4-2-6,215.4
153703,5-2-6,427.5
153703,6-2-5,1091
153703,1-4-2,31.8
153703,2-4-1,142.3
153703,3-4-1,112.6
153703,4-3-1,207.9
153703,5-3-1,214.1
153703,6-3-1,389.6
153703,1-4-3,35.6
153703,2-4-3,200.2
153703,3-4-2,182
153703,4-3-2,284.7
153703,5-3-2,384.1
153703,6-3-2,516.6
153703,1-4-5,64.6
153703,2-4-5,398.7
153703,3-4-5,227.3
153703,4-3-5,352.4
153703,5-3-4,508.9
153703,6-3-4,953.7
153703,1-4-6,57.1
153703,2-4-6,260.2
153703,3-4-6,177.5
153703,4-3-6,267.9
153703,5-3-6,445.7
153703,6-3-5,981.1
153703,1-5-2,56.1
153703,2-5-1,287.7
153703,3-5-1,99.6
153703,4-5-1,171.5
153703,5-4-1,362.7
153703,6-4-1,779.3
153703,1-5-3,48.1
153703,2-5-3,373.6
153703,3-5-2,150.7
153703,4-5-2,253.5
153703,5-4-2,505.1
153703,6-4-2,757.6
153703,1-5-4,95.7
153703,2-5-4,501.4
153703,3-5-4,261.7
153703,4-5-3,337.5
153703,5-4-3,503.2
153703,6-4-3,1108
153703,1-5-6,87.9
153703,2-5-6,485.3
153703,3-5-6,216.8
153703,4-5-6,192.9
153703,5-4-6,419.6
153703,6-4-5,960.4
153703,1-6-2,57.7
153703,2-6-1,192
153703,3-6-1,133.7
153703,4-6-1,196.5
153703,5-6-1,320.1
153703,6-5-1,770.5
153703,1-6-3,63.8
153703,2-6-3,297.7
153703,3-6-2,199.1
153703,4-6-2,270.6
153703,5-6-2,414.5
153703,6-5-2,921.5
153703,1-6-4,142.3
153703,2-6-4,447.1
153703,3-6-4,249.3
153703,4-6-3,352.4
153703,5-6-3,490.5
153703,6-5-3,960.4
153703,1-6-5,169.4
153703,2-6-5,649.4
153703,3-6-5,266.3
153703,4-6-5,288.3
153703,5-6-4,568.2
153703,6-5-4,821.5
153704,1-2-3,16.1
153704,2-1-3,53.3
153704,3-1-2,121.8
153704,4-1-2,29.1
153704,5-1-2,392.6
153704,6-1-2,222.5
153704,1-2-4,8.8
153704,2-1-4,31.4
153704,3-1-4,69.8
153704,4-1-3,55
153704,5-1-3,402.9
153704,6-1-3,442.9
153704,1-2-5,40.1
153704,2-1-5,117.8
153704,3-1-5,163.9
153704,4-1-5,53.1
153704,5-1-4,188
153704,6-1-4,183
153704,1-2-6,22.3
153704,2-1-6,56.4
153704,3-1-6,136
153704,4-1-6,28.5
153704,5-1-6,306.4
153704,6-1-5,687.5
153704,1-3-2,27.6
153704,2-3-1,94.2
153704,3-2-1,126.7
153704,4-2-1,45.9
153704,5-2-1,628.1
153704,6-2-1,296.5
153704,1-3-4,26.5
153704,2-3-4,65.7
153704,3-2-4,92.1
153704,4-2-3,92.7
153704,5-2-3,708.7
153704,6-2-3,680.7
153704,1-3-5,62.5
153704,2-3-5,167.9
153704,3-2-5,196.5
153704,4-2-5,86
153704,5-2-4,509.9
153704,6-2-4,273.6
153704,1-3-6,42.6
153704,2-3-6,134.3
153704,3-2-6,173.3
153704,4-2-6,51.7
153704,5-2-6,731.2
153704,6-2-5,1071
153704,1-4-2,13.1
153704,2-4-1,45.9
153704,3-4-1,97.3
153704,4-3-1,112.1
153704,5-3-1,789.7
153704,6-3-1,705
153704,1-4-3,23
153704,2-4-3,69.2
153704,3-4-2,115.2
153704,4-3-2,138.8
153704,5-3-2,885.8
153704,6-3-2,987.1
153704,1-4-5,49.7
153704,2-4-5,112.5
153704,3-4-5,180.4
153704,4-3-5,224.3
153704,5-3-4,953.1
153704,6-3-4,747
153704,1-4-6,16.6
153704,2-4-6,49.9
153704,3-4-6,137.1
153704,4-3-6,130.7
153704,5-3-6,1071
153704,6-3-5,1161
153704,1-5-2,111.1
153704,2-5-1,263.2
153704,3-5-1,364.6
153704,4-5-1,88.8
153704,5-4-1,213.9
153704,6-4-1,232.6
153704,1-5-3,173.3
153704,2-5-3,319.1
153704,3-5-2,357.1
153704,4-5-2,123.7
153704,5-4-2,401.7
153704,6-4-2,210
153704,1-5-4,125.9
153704,2-5-4,261.7
153704,3-5-4,366.5
153704,4-5-3,239.9
153704,5-4-3,566.3
153704,6-4-3,645.7
153704,1-5-6,146.5
153704,2-5-6,376.5
153704,3-5-6,529.5
153704,4-5-6,96.7
153704,5-4-6,280.3
153704,6-4-5,517.6
153704,1-6-2,65.3
153704,2-6-1,158.6
153704,3-6-1,321.3
153704,4-6-1,56.4
153704,5-6-1,636.8
153704,6-5-1,940.1
153704,1-6-3,110.2
153704,2-6-3,292.1
153704,3-6-2,397.1
153704,4-6-2,72.8
153704,5-6-2,701.5
153704,6-5-2,1328
153704,1-6-4,51.2
153704,2-6-4,131.6
153704,3-6-4,308.4
153704,4-6-3,167.9
153704,5-6-3,903.2
153704,6-5-3,1727
153704,1-6-5,165.5
153704,2-6-5,407.6
153704,3-6-5,590.5
153704,4-6-5,113.9
153704,5-6-4,544
153704,6-5-4,763.5
153705,1-2-3,8.5
153705,2-1-3,43.7
153705,3-1-2,20.9
153705,4-1-2,242
153705,5-1-2,118.7
153705,6-1-2,706.7
153705,1-2-4,33.7
153705,2-1-4,125.1
153705,3-1-4,39.6
153705,4-1-3,212.6
153705,5-1-3,83.9
153705,6-1-3,808.8
153705,1-2-5,18.6
153705,2-1-5,78.1
153705,3-1-5,21.6
153705,4-1-5,150.4
153705,5-1-4,121.9
153705,6-1-4,1554
153705,1-2-6,66.5
153705,2-1-6,195.1
153705,3-1-6,84.8
153705,4-1-6,469.5
153705,5-1-6,220.3
153705,6-1-5,1295
153705,1-3-2,4.8
153705,2-3-1,62.1
153705,3-2-1,48.3
153705,4-2-1,480.8
153705,5-2-1,196.8
153705,6-2-1,1146
153705,1-3-4,14.4
153705,2-3-4,168.1
153705,3-2-4,138.5
153705,4-2-3,585.4
153705,5-2-3,201
153705,6-2-3,1156
153705,1-3-5,8.5
153705,2-3-5,109.7
153705,3-2-5,80.6
153705,4-2-5,813.5
153705,5-2-4,383.3
153705,6-2-4,2544
153705,1-3-6,35.1
153705,2-3-6,321.6
153705,3-2-6,249.8
153705,4-2-6,1128
153705,5-2-6,442.8
153705,6-2-5,2454
153705,1-4-2,56
153705,2-4-1,267.5
153705,3-4-1,111.4
153705,4-3-1,273.8
153705,5-3-1,112.1
153705,6-3-1,1076
153705,1-4-3,40
153705,2-4-3,364.4
153705,3-4-2,202.8
153705,4-3-2,497.9
153705,5-3-2,199
153705,6-3-2,1646
153705,1-4-5,59.9
153705,2-4-5,320.9
153705,3-4-5,160.8
153705,4-3-5,442.8
153705,5-3-4,390.8
153705,6-3-4,1865
153705,1-4-6,117.8
153705,2-4-6,630.3
153705,3-4-6,339.6
153705,4-3-6,945.4
153705,5-3-6,480.8
153705,6-3-5,2544
153705,1-5-2,32.6
153705,2-5-1,156.5
153705,3-5-1,58.4
153705,4-5-1,159
153705,5-4-1,168.7
153705,6-4-1,2120
153705,1-5-3,23.2
153705,2-5-3,172.7
153705,3-5-2,99.7
153705,4-5-2,663.1
153705,5-4-2,717.6
153705,6-4-2,2640
153705,1-5-4,57.9
153705,2-5-4,351.5
153705,3-5-4,150.6
153705,4-5-3,349.8
153705,5-4-3,417.7
153705,6-4-3,3412
153705,1-5-6,90.1
153705,2-5-6,387.6
153705,3-5-6,254.8
153705,4-5-6,828
153705,5-4-6,1084
153705,6-4-5,3412
153705,1-6-2,120.7
153705,2-6-1,575.8
153705,3-6-1,417.7
153705,4-6-1,1358
153705,5-6-1,768.8
153705,6-5-1,1727
153705,1-6-3,126.6
153705,2-6-3,880
153705,3-6-2,613.7
153705,4-6-2,1665
153705,5-6-2,1196
153705,6-5-2,3042
153705,1-6-4,207.9
153705,2-6-4,1249
153705,3-6-4,721.2
153705,4-6-3,1794
153705,5-6-3,1052
153705,6-5-3,2977
153705,1-6-5,186.5
153705,2-6-5,585.4
153705,3-6-5,555.2
153705,4-6-5,1504
153705,5-6-4,1749
153705,6-5-4,2977
153706,1-2-3,34.7
153706,2-1-3,105.1
153706,3-1-2,146.3
153706,4-1-2,52.6
153706,5-1-2,269.4
153706,6-1-2,47.7
153706,1-2-4,18.2
153706,2-1-4,50.2
153706,3-1-4,117.8
153706,4-1-3,120.9
153706,5-1-3,473.6
153706,6-1-3,103.8
153706,1-2-5,75
153706,2-1-5,167.7
153706,3-1-5,296.1
153706,4-1-5,96
153706,5-1-4,298.3
153706,6-1-4,36.3
153706,1-2-6,17
153706,2-1-6,42.2
153706,3-1-6,90.9
153706,4-1-6,24.6
153706,5-1-6,172.9
153706,6-1-5,96.7
153706,1-3-2,46.7
153706,2-3-1,209.9
153706,3-2-1,219.3
153706,4-2-1,84.4
153706,5-2-1,386.3
153706,6-2-1,76.3
153706,1-3-4,49
153706,2-3-4,238.6
153706,3-2-4,255.4
153706,4-2-3,232.9
153706,5-2-3,919.5
153706,6-2-3,202.3
153706,1-3-5,130.1
153706,2-3-5,473.6
153706,3-2-5,590
153706,4-2-5,179.8
153706,5-2-4,526.7
153706,6-2-4,79.6
153706,1-3-6,42.7
153706,2-3-6,177
153706,3-2-6,196.6
153706,4-2-6,53.7
153706,5-2-6,315.1
153706,6-2-5,181.2
153706,1-4-2,23.4
153706,2-4-1,88.3
153706,3-4-1,186.6
153706,4-3-1,241.9
153706,5-3-1,950.1
153706,6-3-1,250.7
153706,1-4-3,51.3
153706,2-4-3,206.4
153706,3-4-2,244.9
153706,4-3-2,296.1
153706,5-3-2,1088
153706,6-3-2,325.9
153706,1-4-5,75.6
153706,2-4-5,204.3
153706,3-4-5,444.2
153706,4-3-5,449.9
153706,5-3-4,1135
153706,6-3-4,299.2
153706,1-4-6,14.5
153706,2-4-6,54.2
153706,3-4-6,143.4
153706,4-3-6,171.3
153706,5-3-6,876
153706,6-3-5,585.6
153706,1-5-2,139.4
153706,2-5-1,347.8
153706,3-5-1,508
153706,4-5-1,133
153706,5-4-1,311
153706,6-4-1,39.3
153706,1-5-3,198.4
153706,2-5-3,577
153706,3-5-2,741.7
153706,4-5-2,179.9
153706,5-4-2,407.9
153706,6-4-2,61.8
153706,1-5-4,136
153706,2-5-4,354.1
153706,3-5-4,768.9
153706,4-5-3,361.4
153706,5-4-3,765.2
153706,6-4-3,169.4
153706,1-5-6,75.9
153706,2-5-6,194.3
153706,3-5-6,471.5
153706,4-5-6,66.4
153706,5-4-6,163.5
153706,6-4-5,82.5
153706,1-6-2,22.3
153706,2-6-1,64.5
153706,3-6-1,135.5
153706,4-6-1,23.2
153706,5-6-1,171.8
153706,6-5-1,158.9
153706,1-6-3,51.6
153706,2-6-3,151.4
153706,3-6-2,217
153706,4-6-2,34.4
153706,5-6-2,182.9
153706,6-5-2,196.1
153706,1-6-4,18.4
153706,2-6-4,63.1
153706,3-6-4,176.8
153706,4-6-3,89.3
153706,5-6-3,426.1
153706,6-5-3,387.3
153706,1-6-5,67.3
153706,2-6-5,141.9
153706,3-6-5,359
153706,4-6-5,45.7
153706,5-6-4,154.6
153706,6-5-4,102
153707,1-2-3,38.1
153707,2-1-3,107.7
153707,3-1-2,54.1
153707,4-1-2,332.8
153707,5-1-2,35.2
153707,6-1-2,701.9
153707,1-2-4,111.4
153707,2-1-4,217.6
153707,3-1-4,48
153707,4-1-3,227.6
153707,5-1-3,16.1
153707,6-1-3,613
153707,1-2-5,37.9
153707,2-1-5,68.7
153707,3-1-5,15.2
153707,4-1-5,107.6
153707,5-1-4,31
153707,6-1-4,913.7
153707,1-2-6,201.3
153707,2-1-6,470.2
153707,3-1-6,92.7
153707,4-1-6,456.8
153707,5-1-6,39.7
153707,6-1-5,457.9
153707,1-3-2,26.9
153707,2-3-1,166.8
153707,3-2-1,120.7
153707,4-2-1,494.1
153707,5-2-1,60.5
153707,6-2-1,1257
153707,1-3-4,38.5
153707,2-3-4,396.1
153707,3-2-4,234.2
153707,4-2-3,663.4
153707,5-2-3,81.3
153707,6-2-3,1257
153707,1-3-5,11.2
153707,2-3-5,133.6
153707,3-2-5,75
153707,4-2-5,382.8
153707,5-2-4,168
153707,6-2-4,1899
153707,1-3-6,89.7
153707,2-3-6,668
153707,3-2-6,295.3
153707,4-2-6,993.4
153707,5-2-6,140.7
153707,6-2-5,1160
153707,1-4-2,133.9
153707,2-4-1,374.7
153707,3-4-1,115.4
153707,4-3-1,237.4
153707,5-3-1,18.3
153707,6-3-1,765.7
153707,1-4-3,77.7
153707,2-4-3,588.8
153707,3-4-2,234.8
153707,4-3-2,474.8
153707,5-3-2,53
153707,6-3-2,1070
153707,1-4-5,55.9
153707,2-4-5,428.5
153707,3-4-5,76.1
153707,4-3-5,163.8
153707,5-3-4,50.7
153707,6-3-4,978.4
153707,1-4-6,248
153707,2-4-6,1107
153707,3-4-6,250.9
153707,4-3-6,542.6
153707,5-3-6,44.1
153707,6-3-5,448.4
153707,1-5-2,28.4
153707,2-5-1,108.8
153707,3-5-1,16.5
153707,4-5-1,89.1
153707,5-4-1,49.2
153707,6-4-1,1670
153707,1-5-3,14
153707,2-5-3,125.9
153707,3-5-2,41.2
153707,4-5-2,241.2
153707,5-4-2,146.8
153707,6-4-2,1918
153707,1-5-4,35.3
153707,2-5-4,281.9
153707,3-5-4,40.9
153707,4-5-3,131.6
153707,5-4-3,79.9
153707,6-4-3,1614
153707,1-5-6,56.3
153707,2-5-6,443.3
153707,3-5-6,54.2
153707,4-5-6,226.8
153707,5-4-6,139
153707,6-4-5,998.5
153707,1-6-2,358.7
153707,2-6-1,872.6
153707,3-6-1,281.5
153707,4-6-1,762.6
153707,5-6-1,63.8
153707,6-5-1,407.8
153707,1-6-3,293.5
153707,2-6-3,1601
153707,3-6-2,484.3
153707,4-6-2,1058
153707,5-6-2,116
153707,6-5-2,618.9
153707,1-6-4,509.8
153707,2-6-4,1641
153707,3-6-4,409.5
153707,4-6-3,731
153707,5-6-3,62.6
153707,6-5-3,367.5
153707,1-6-5,199.7
153707,2-6-5,1014
153707,3-6-5,192.5
153707,4-6-5,504.4
153707,5-6-4,143.9
153707,6-5-4,618.9
153708,1-2-3,7.3
153708,2-1-3,23
153708,3-1-2,79.8
153708,4-1-2,273.5
153708,5-1-2,36.5
153708,6-1-2,358.1
153708,1-2-4,23.7
153708,2-1-4,51.7
153708,3-1-4,176
153708,4-1-3,424.3
153708,5-1-3,75.8
153708,6-1-3,812.4
153708,1-2-5,5.6
153708,2-1-5,18.4
153708,3-1-5,76.1
153708,4-1-5,294.7
153708,5-1-4,154.9
153708,6-1-4,1049
153708,1-2-6,31.9
153708,2-1-6,63.5
153708,3-1-6,230.1
153708,4-1-6,530.8
153708,5-1-6,87.7
153708,6-1-5,504.6
153708,1-3-2,15.1
153708,2-3-1,54.7
153708,3-2-1,111.4
153708,4-2-1,327.3
153708,5-2-1,53.6
153708,6-2-1,510.4
153708,1-3-4,54.2
153708,2-3-4,190.8
153708,3-2-4,256.2
153708,4-2-3,493.4
153708,5-2-3,132.5
153708,6-2-3,1092
153708,1-3-5,18
153708,2-3-5,61.5
153708,3-2-5,126.8
153708,4-2-5,431.1
153708,5-2-4,246.7
153708,6-2-4,1306
153708,1-3-6,73.2
153708,2-3-6,186.6
153708,3-2-6,275.2
153708,4-2-6,779.1
153708,5-2-6,131.5
153708,6-2-5,662.8
153708,1-4-2,57.1
153708,2-4-1,165.1
153708,3-4-1,441.1
153708,4-3-1,686.7
153708,5-3-1,160.3
153708,6-3-1,1387
153708,1-4-3,93.5
153708,2-4-3,290.2
153708,3-4-2,562.1
153708,4-3-2,951.6
153708,5-3-2,188.7
153708,6-3-2,1876
153708,1-4-5,73.5
153708,2-4-5,236.2
153708,3-4-5,552.8
153708,4-3-5,965.4
153708,5-3-4,480.9
153708,6-3-4,2184
153708,1-4-6,149.3
153708,2-4-6,433.9
153708,3-4-6,944.9
153708,4-3-6,1514
153708,5-3-6,387.3
153708,6-3-5,1644
153708,1-5-2,12.4
153708,2-5-1,34.2
153708,3-5-1,133.3
153708,4-5-1,275.2
153708,5-4-1,294.7
153708,6-4-1,1730
153708,1-5-3,24.8
153708,2-5-3,56
153708,3-5-2,157.6
153708,4-5-2,391.8
153708,5-4-2,379.5
153708,6-4-2,1930
153708,1-5-4,63.2
153708,2-5-4,141.8
153708,3-5-4,389.5
153708,4-5-3,646.7
153708,5-4-3,640.5
153708,6-4-3,2258
153708,1-5-6,40.5
153708,2-5-6,110.2
153708,3-5-6,402.5
153708,4-5-6,499
153708,5-4-6,506.6
153708,6-4-5,1332
153708,1-6-2,100.7
153708,2-6-1,218
153708,3-6-1,761.3
153708,4-6-1,1119
153708,5-6-1,182
153708,6-5-1,504.6
153708,1-6-3,202.7
153708,2-6-3,421.6
153708,3-6-2,876.5
153708,4-6-2,1074
153708,5-6-2,186.3
153708,6-5-2,564.5
153708,1-6-4,247.6
153708,2-6-4,557.4
153708,3-6-4,944.9
153708,4-6-3,1988
153708,5-6-3,403.7
153708,6-5-3,1373
153708,1-6-5,122.5
153708,2-6-5,279.3
153708,3-6-5,876.5
153708,4-6-5,1001
153708,5-6-4,522.4
153708,6-5-4,1138
153709,1-2-3,23.8
153709,2-1-3,102.7
153709,3-1-2,32
153709,4-1-2,351.4
153709,5-1-2,609.8
153709,6-1-2,36.1
153709,1-2-4,66.4
153709,2-1-4,192.5
153709,3-1-4,43.8
153709,4-1-3,265.7
153709,5-1-3,436.3
153709,6-1-3,18.6
153709,1-2-5,125.3
153709,2-1-5,324.3
153709,3-1-5,95.7
153709,4-1-5,483.7
153709,5-1-4,709.9
153709,6-1-4,71.1
153709,1-2-6,21.1
153709,2-1-6,99.9
153709,3-1-6,13.1
153709,4-1-6,198.4
153709,5-1-6,419.7
153709,6-1-5,153.1
153709,1-3-2,15.3
153709,2-3-1,157.3
153709,3-2-1,76.1
153709,4-2-1,570.7
153709,5-2-1,908.9
153709,6-2-1,71.7
153709,1-3-4,27.6
153709,2-3-4,480.4
153709,3-2-4,200.4
153709,4-2-3,997.8
153709,5-2-3,1385
153709,6-2-3,84.5
153709,1-3-5,55.7
153709,2-3-5,731.7
153709,3-2-5,408.8
153709,4-2-5,1426
153709,5-2-4,1761
153709,6-2-4,187.7
153709,1-3-6,7.8
153709,2-3-6,187.7
153709,3-2-6,66
153709,4-2-6,666.8
153709,5-2-6,1309
153709,6-2-5,393.1
153709,1-4-2,100.1
153709,2-4-1,354.9
153709,3-4-1,84.9
153709,4-3-1,263.7
153709,5-3-1,530.4
153709,6-3-1,25.4
153709,1-4-3,52.9
153709,2-4-3,679.5
153709,3-4-2,220.5
153709,4-3-2,538.4
153709,5-3-2,1004
153709,6-3-2,65.3
153709,1-4-5,176.3
153709,2-4-5,1251
153709,3-4-5,328
153709,4-3-5,788.3
153709,5-3-4,997.8
153709,6-3-4,88.3
153709,1-4-6,49.2
153709,2-4-6,463.3
153709,3-4-6,75.1
153709,4-3-6,241.4
153709,5-3-6,538.4
153709,6-3-5,177.2
153709,1-5-2,240.2
153709,2-5-1,597
153709,3-5-1,214.2
153709,4-5-1,513.3
153709,5-4-1,864.8
153709,6-4-1,169.6
153709,1-5-3,147.8
153709,2-5-3,763
153709,3-5-2,478.8
153709,4-5-2,1072
153709,5-4-2,1518
153709,6-4-2,290
153709,1-5-4,317.8
153709,2-5-4,1585
153709,3-5-4,509.6
153709,4-5-3,1089
153709,5-4-3,864.8
153709,6-4-3,190.7
153709,1-5-6,126.5
153709,2-5-6,997.8
153709,3-5-6,181.5
153709,4-5-6,506
153709,5-4-6,849.4
153709,6-4-5,441.7
153709,1-6-2,20.1
153709,2-6-1,136.8
153709,3-6-1,15.7
153709,4-6-1,219.2
153709,5-6-1,540.5
153709,6-5-1,331.8
153709,1-6-3,11
153709,2-6-3,191.2
153709,3-6-2,41.6
153709,4-6-2,401.9
153709,5-6-2,970.7
153709,6-5-2,530.4
153709,1-6-4,39.8
153709,2-6-4,412.4
153709,3-6-4,52.2
153709,4-6-3,243
153709,5-6-3,540.5
153709,6-5-3,341.3
153709,1-6-5,82.6
153709,2-6-5,612.4
153709,3-6-5,110.6
153709,4-6-5,424.7
153709,5-6-4,864.8
153709,6-5-4,550.9
153710,1-2-3,5.5
153710,2-1-3,10.2
153710,3-1-2,63.2
153710,4-1-2,108
153710,5-1-2,419.5
153710,6-1-2,848.4
153710,1-2-4,9.7
153710,2-1-4,11.9
153710,3-1-4,104.1
153710,4-1-3,228.1
153710,5-1-3,524.1
153710,6-1-3,2291
153710,1-2-5,23.6
153710,2-1-5,35.6
153710,3-1-5,129.8
153710,4-1-5,321.2
153710,5-1-4,771.6
153710,6-1-4,2602
153710,1-2-6,70.5
153710,2-1-6,82.3
153710,3-1-6,280.2
153710,4-1-6,558.4
153710,5-1-6,1016
153710,6-1-5,3071
153710,1-3-2,16.6
153710,2-3-1,19.3
153710,3-2-1,54.2
153710,4-2-1,88.8
153710,5-2-1,425.3
153710,6-2-1,1228
153710,1-3-4,34.5
153710,2-3-4,15.8
153710,3-2-4,44.4
153710,4-2-3,83.7
153710,5-2-3,472.4
153710,6-2-3,1745
153710,1-3-5,56.1
153710,2-3-5,38.4
153710,3-2-5,82.7
153710,4-2-5,164.2
153710,5-2-4,505.1
153710,6-2-4,1238
153710,1-3-6,194.6
153710,2-3-6,89.3
153710,3-2-6,168
153710,4-2-6,287.5
153710,5-2-6,997.1
153710,6-2-5,2476
153710,1-4-2,28.2
153710,2-4-1,23.9
153710,3-4-1,145
153710,4-3-1,228.5
153710,5-3-1,685.5
153710,6-3-1,3011
153710,1-4-3,49.6
153710,2-4-3,23.1
153710,3-4-2,81.2
153710,4-3-2,129.5
153710,5-3-2,602.2
153710,6-3-2,2020
153710,1-4-5,100.7
153710,2-4-5,48.5
153710,3-4-5,171.7
153710,4-3-5,403
153710,5-3-4,978.1
153710,6-3-4,2362
153710,1-4-6,218.1
153710,2-4-6,98.6
153710,3-4-6,427.7
153710,4-3-6,749
153710,5-3-6,1706
153710,6-3-5,3267
153710,1-5-2,119.1
153710,2-5-1,123.5
153710,3-5-1,277.6
153710,4-5-1,376.3
153710,5-4-1,965.7
153710,6-4-1,3338
153710,1-5-3,168.9
153710,2-5-3,112.8
153710,3-5-2,222.5
153710,4-5-2,257.2
153710,5-4-2,710.9
153710,6-4-2,1551
153710,1-5-4,213.8
153710,2-5-4,152.6
153710,3-5-4,304
153710,4-5-3,520.5
153710,5-4-3,1073
153710,6-4-3,3133
153710,1-5-6,381.9
153710,2-5-6,342.7
153710,3-5-6,808.2
153710,4-5-6,602.2
153710,5-4-6,1462
153710,6-4-5,2647
153710,1-6-2,284.9
153710,2-6-1,290.8
153710,3-6-1,853.1
153710,4-6-1,1089
153710,5-6-1,2132
153710,6-5-1,3199
153710,1-6-3,579.4
153710,2-6-3,328.8
153710,3-6-2,550.4
153710,4-6-2,629.3
153710,5-6-2,1616
153710,6-5-2,2742
153710,1-6-4,650.6
153710,2-6-4,389.7
153710,3-6-4,1181
153710,4-6-3,1505
153710,5-6-3,2258
153710,6-5-3,3490
153710,1-6-5,741.8
153710,2-6-5,513.5
153710,3-6-5,1112
153710,4-6-5,1163
153710,5-6-4,2075
153710,6-5-4,3011
153711,1-2-3,37.3
153711,2-1-3,183.5
153711,3-1-2,71.3
153711,4-1-2,119.2
153711,5-1-2,90.8
153711,6-1-2,972.4
153711,1-2-4,39.3
153711,2-1-4,194.8
153711,3-1-4,36.2
153711,4-1-3,71.7
153711,5-1-3,43.5
153711,6-1-3,501.8
153711,1-2-5,32.9
153711,2-1-5,144.9
153711,3-1-5,23.3
153711,4-1-5,39.3
153711,5-1-4,46.8
153711,6-1-4,645.2
153711,1-2-6,89.9
153711,2-1-6,453.6
153711,3-1-6,90
153711,4-1-6,73.4
153711,5-1-6,90.6
153711,6-1-5,559.9
153711,1-3-2,24.4
153711,2-3-1,333.7
153711,3-2-1,203.4
153711,4-2-1,265.3
153711,5-2-1,243.4
153711,6-2-1,1693
153711,1-3-4,13.2
153711,2-3-4,537.6
153711,3-2-4,384.2
153711,4-2-3,539.1
153711,5-2-3,324.1
153711,6-2-3,895.3
153711,1-3-5,10
153711,2-3-5,373.6
153711,3-2-5,230.4
153711,4-2-5,317
153711,5-2-4,400.8
153711,6-2-4,2139
153711,1-3-6,35.8
153711,2-3-6,1148
153711,3-2-6,621.5
153711,4-2-6,574.1
153711,5-2-6,696
153711,6-2-5,2448
153711,1-4-2,34.3
153711,2-4-1,323.1
153711,3-4-1,62.2
153711,4-3-1,126.7
153711,5-3-1,82.6
153711,6-3-1,1262
153711,1-4-3,18
153711,2-4-3,623.4
153711,3-4-2,229.1
153711,4-3-2,450.6
153711,5-3-2,289.1
153711,6-3-2,2363
153711,1-4-5,13.1
153711,2-4-5,406.4
153711,3-4-5,69.2
153711,4-3-5,130.6
153711,5-3-4,157.3
153711,6-3-4,1782
153711,1-4-6,42.2
153711,2-4-6,775.7
153711,3-4-6,201.4
153711,4-3-6,315.5
153711,5-3-6,319
153711,6-3-5,1441
153711,1-5-2,25.9
153711,2-5-1,281.1
153711,3-5-1,45.1
153711,4-5-1,43.7
153711,5-4-1,65.7
153711,6-4-1,772.7
153711,1-5-3,14.5
153711,2-5-3,359.7
153711,3-5-2,156.3
153711,4-5-2,173.1
153711,5-4-2,209.7
153711,6-4-2,1954
153711,1-5-4,17
153711,2-5-4,462.9
153711,3-5-4,79
153711,4-5-3,102.4
153711,5-4-3,126.2
153711,6-4-3,787.7
153711,1-5-6,32.8
153711,2-5-6,915.5
153711,3-5-6,173.2
153711,4-5-6,78.2
153711,5-4-6,123.3
153711,6-4-5,826.1
153711,1-6-2,174.3
153711,2-6-1,1575
153711,3-6-1,280.3
153711,4-6-1,214.6
153711,5-6-1,225.3
153711,6-5-1,575.7
153711,1-6-3,96.8
153711,2-6-3,2032
153711,3-6-2,954.1
153711,4-6-2,555.3
153711,5-6-2,533.4
153711,6-5-2,1707
153711,1-6-4,117
153711,2-6-4,1551
153711,3-6-4,662
153711,4-6-3,514.5
153711,5-6-3,477
153711,6-5-3,1148
153711,1-6-5,86
153711,2-6-5,1693
153711,3-6-5,513.2
153711,4-6-5,236.3
153711,5-6-4,292.8
153711,6-5-4,778.7
153712,1-2-3,14.1
153712,2-1-3,38
153712,3-1-2,69
153712,4-1-2,49.9
153712,5-1-2,428
153712,6-1-2,91.4
153712,1-2-4,9.1
153712,2-1-4,26.5
153712,3-1-4,64.1
153712,4-1-3,113
153712,5-1-3,516.8
153712,6-1-3,226.8
153712,1-2-5,40.8
153712,2-1-5,83.5
153712,3-1-5,112.8
153712,4-1-5,120.4
153712,5-1-4,423.7
153712,6-1-4,177
153712,1-2-6,13.4
153712,2-1-6,32.1
153712,3-1-6,69.1
153712,4-1-6,57
153712,5-1-6,430.2
153712,6-1-5,457.4
153712,1-3-2,20.8
153712,2-3-1,78.4
153712,3-2-1,129
153712,4-2-1,71.8
153712,5-2-1,639.6
153712,6-2-1,125.5
153712,1-3-4,24.9
153712,2-3-4,91
153712,3-2-4,103.2
153712,4-2-3,159.9
153712,5-2-3,1255
153712,6-2-3,320.4
153712,1-3-5,42.1
153712,2-3-5,242.3
153712,3-2-5,308.6
153712,4-2-5,168.8
153712,5-2-4,678.6
153712,6-2-4,213.4
153712,1-3-6,32.4
153712,2-3-6,117.1
153712,3-2-6,146.9
153712,4-2-6,84.7
153712,5-2-6,787.5
153712,6-2-5,545.6
153712,1-4-2,16.3
153712,2-4-1,54.4
153712,3-4-1,96.6
153712,4-3-1,141.8
153712,5-3-1,932.7
153712,6-3-1,385.5
153712,1-4-3,26.9
153712,2-4-3,122.9
153712,3-4-2,120.8
153712,4-3-2,222.3
153712,5-3-2,1439
153712,6-3-2,421.6
153712,1-4-5,62.2
153712,2-4-5,191.6
153712,3-4-5,178.7
153712,4-3-5,237.1
153712,5-3-4,959.5
153712,6-3-4,406.2
153712,1-4-6,23.5
153712,2-4-6,76
153712,3-4-6,123.9
153712,4-3-6,168.8
153712,5-3-6,1011
153712,6-3-5,847.4
153712,1-5-2,102.2
153712,2-5-1,309.7
153712,3-5-1,322.3
153712,4-5-1,156.9
153712,5-4-1,447.5
153712,6-4-1,221.7
153712,1-5-3,91.5
153712,2-5-3,431.4
153712,3-5-2,531.7
153712,4-5-2,208.4
153712,5-4-2,594.1
153712,6-4-2,235.8
153712,1-5-4,128.7
153712,2-5-4,345.6
153712,3-5-4,303.5
153712,4-5-3,303.5
153712,5-4-3,791.2
153712,6-4-3,343.5
153712,1-5-6,120.5
153712,2-5-6,483.9
153712,3-5-6,426.9
153712,4-5-6,133.4
153712,5-4-6,348.5
153712,6-4-5,303
153712,1-6-2,35.7
153712,2-6-1,72.7
153712,3-6-1,173.5
153712,4-6-1,76.1
153712,5-6-1,687
153712,6-5-1,710.4
153712,1-6-3,71.8
153712,2-6-3,170.3
153712,3-6-2,252.1
153712,4-6-2,85.3
153712,5-6-2,897.6
153712,6-5-2,798.8
153712,1-6-4,48.5
153712,2-6-4,118.5
153712,3-6-4,205.3
153712,4-6-3,159.4
153712,5-6-3,1024
153712,6-5-3,1005
153712,1-6-5,134.9
153712,2-6-5,326
153712,3-6-5,429.1
153712,4-6-5,119.3
153712,5-6-4,504.3
153712,6-5-4,467.6
153713,1-2-3,7.2
153713,2-1-3,35.5
153713,3-1-2,54.4
153713,4-1-2,150.9
153713,5-1-2,87.9
153713,6-1-2,252
153713,1-2-4,12.9
153713,2-1-4,49.9
153713,3-1-4,72.3
153713,4-1-3,260.2
153713,5-1-3,115.4
153713,6-1-3,519.9
153713,1-2-5,10.5
153713,2-1-5,46.9
153713,3-1-5,54
153713,4-1-5,200.8
153713,5-1-4,210.9
153713,6-1-4,699.3
153713,1-2-6,15.1
153713,2-1-6,55.2
153713,3-1-6,81.4
153713,4-1-6,213.5
153713,5-1-6,91.8
153713,6-1-5,418.1
153713,1-3-2,12.4
153713,2-3-1,98.3
153713,3-2-1,115.9
153713,4-2-1,232.4
153713,5-2-1,145.4
153713,6-2-1,338.7
153713,1-3-4,21.8
153713,2-3-4,275.5
153713,3-2-4,300.4
153713,4-2-3,481.2
153713,5-2-3,283.7
153713,6-2-3,1144
153713,1-3-5,17.1
153713,2-3-5,219.4
153713,3-2-5,217.2
153713,4-2-5,518.8
153713,5-2-4,438.8
153713,6-2-4,1336
153713,1-3-6,24.5
153713,2-3-6,196.8
153713,3-2-6,289.2
153713,4-2-6,484.1
153713,5-2-6,231.9
153713,6-2-5,766.6
153713,1-4-2,25.8
153713,2-4-1,168.6
153713,3-4-1,175.7
153713,4-3-1,390.1
153713,5-3-1,197.9
153713,6-3-1,1128
153713,1-4-3,37.5
153713,2-4-3,365.7
153713,3-4-2,321.4
153713,4-3-2,624.4
153713,5-3-2,335.4
153713,6-3-2,1811
153713,1-4-5,42.5
153713,2-4-5,367.9
153713,3-4-5,298.9
153713,4-3-5,673.7
153713,5-3-4,546
153713,6-3-4,1563
153713,1-4-6,42.5
153713,2-4-6,253.6
153713,3-4-6,354.8
153713,4-3-6,885.8
153713,5-3-6,358.5
153713,6-3-5,1058
153713,1-5-2,26.4
153713,2-5-1,148.6
153713,3-5-1,121.5
153713,4-5-1,293.1
153713,5-4-1,410.2
153713,6-4-1,1009
153713,1-5-3,33.1
153713,2-5-3,247.6
153713,3-5-2,209.9
153713,4-5-2,514.3
153713,5-4-2,589.1
153713,6-4-2,1594
153713,1-5-4,59.7
153713,2-5-4,430.1
153713,3-5-4,316.3
153713,4-5-3,602.4
153713,5-4-3,634.4
153713,6-4-3,1868
153713,1-5-6,36.4
153713,2-5-6,246.8
153713,3-5-6,237.9
153713,4-5-6,401.3
153713,5-4-6,443.7
153713,6-4-5,1423
153713,1-6-2,55
153713,2-6-1,191.8
153713,3-6-1,339.2
153713,4-6-1,447.9
153713,5-6-1,143.3
153713,6-5-1,451.2
153713,1-6-3,77.1
153713,2-6-3,454.7
153713,3-6-2,583.3
153713,4-6-2,789.3
153713,5-6-2,220.2
153713,6-5-2,605.5
153713,1-6-4,100.6
153713,2-6-4,579.1
153713,3-6-4,747.4
153713,4-6-3,1112
153713,5-6-3,268.1
153713,6-5-3,689.2
153713,1-6-5,78
153713,2-6-5,347.1
153713,3-6-5,482.2
153713,4-6-5,627.7
153713,5-6-4,386.4
153713,6-5-4,930.6
153714,1-2-3,15.3
153714,2-1-3,85
153714,3-1-2,77.7
153714,4-1-2,125.9
153714,5-1-2,50.6
153714,6-1-2,784.9
153714,1-2-4,14.5
153714,2-1-4,88
153714,3-1-4,61.5
153714,4-1-3,168.9
153714,5-1-3,58.1
153714,6-1-3,1083
153714,1-2-5,12.1
153714,2-1-5,76.3
153714,3-1-5,44.8
153714,4-1-5,81
153714,5-1-4,55.3
153714,6-1-4,954.3
153714,1-2-6,52.4
153714,2-1-6,228.5
153714,3-1-6,132.5
153714,4-1-6,188.2
153714,5-1-6,75.9
153714,6-1-5,559.5
153714,1-3-2,18.6
153714,2-3-1,217.2
153714,3-2-1,177.4
153714,4-2-1,287.8
153714,5-2-1,126.4
153714,6-2-1,1454
153714,1-3-4,16.3
153714,2-3-4,385.5
153714,3-2-4,290.7
153714,4-2-3,608.4
153714,5-2-3,221.4
153714,6-2-3,2372
153714,1-3-5,12.2
153714,2-3-5,274.6
153714,3-2-5,191.6
153714,4-2-5,336.4
153714,5-2-4,253.1
153714,6-2-4,2372
153714,1-3-6,48.3
153714,2-3-6,690.5
153714,3-2-6,503.5
153714,4-2-6,638
153714,5-2-6,284.6
153714,6-2-5,1925
153714,1-4-2,22.5
153714,2-4-1,230.1
153714,3-4-1,123.2
153714,4-3-1,280
153714,5-3-1,109.4
153714,6-3-1,1670
153714,1-4-3,23.1
153714,2-4-3,445.3
153714,3-4-2,234.1
153714,4-3-2,563.4
153714,5-3-2,187.4
153714,6-3-2,2289
153714,1-4-5,14.6
153714,2-4-5,303
153714,3-4-5,106.7
153714,4-3-5,277.8
153714,5-3-4,222.2
153714,6-3-4,2211
153714,1-4-6,53.4
153714,2-4-6,546.4
153714,3-4-6,247
153714,4-3-6,544.6
153714,5-3-6,248.5
153714,6-3-5,1818
153714,1-5-2,17.1
153714,2-5-1,179.3
153714,3-5-1,70.8
153714,4-5-1,100.6
153714,5-4-1,104.8
153714,6-4-1,1448
153714,1-5-3,16.4
153714,2-5-3,276.9
153714,3-5-2,119.4
153714,4-5-2,221.3
153714,5-4-2,214.7
153714,6-4-2,3030
153714,1-5-4,18.3
153714,2-5-4,321.2
153714,3-5-4,114.1
153714,4-5-3,242.1
153714,5-4-3,228.1
153714,6-4-3,2727
153714,1-5-6,37.5
153714,2-5-6,505.9
153714,3-5-6,163.8
153714,4-5-6,188.1
153714,5-4-6,188.7
153714,6-4-5,1059
153714,1-6-2,138.9
153714,2-6-1,716.2
153714,3-6-1,371.9
153714,4-6-1,486.3
153714,5-6-1,169.2
153714,6-5-1,614.1
153714,1-6-3,151.1
153714,2-6-3,1102
153714,3-6-2,575.2
153714,4-6-2,865.9
153714,5-6-2,319
153714,6-5-2,1319
153714,1-6-4,166.4
153714,2-6-4,1069
153714,3-6-4,467.6
153714,4-6-3,826.6
153714,5-6-3,381.5
153714,6-5-3,1448
153714,1-6-5,121.8
153714,2-6-5,988.9
153714,3-6-5,413.3
153714,4-6-5,411.2
153714,5-6-4,313.8
153714,6-5-4,943.3
153715,1-2-3,54.6
153715,2-1-3,71.9
153715,3-1-2,52.5
153715,4-1-2,329.4
153715,5-1-2,731
153715,6-1-2,395.1
153715,1-2-4,145.7
153715,2-1-4,208.8
153715,3-1-4,45.9
153715,4-1-3,168.5
153715,5-1-3,330.5
153715,6-1-3,228.1
153715,1-2-5,219.7
153715,2-1-5,368.3
153715,3-1-5,74.9
153715,4-1-5,306.5
153715,5-1-4,605.3
153715,6-1-4,470.4
153715,1-2-6,123.3
153715,2-1-6,148.7
153715,3-1-6,34.4
153715,4-1-6,181.1
153715,5-1-6,407.8
153715,6-1-5,625.2
153715,1-3-2,42.1
153715,2-3-1,74.6
153715,3-2-1,64.9
153715,4-2-1,337.5
153715,5-2-1,696.2
153715,6-2-1,390.2
153715,1-3-4,40.7
153715,2-3-4,36.3
153715,3-2-4,24.2
153715,4-2-3,129.4
153715,5-2-3,331.1
153715,6-2-3,96.2
153715,1-3-5,75.6
153715,2-3-5,64.5
153715,3-2-5,40
153715,4-2-5,270.7
153715,5-2-4,550.9
153715,6-2-4,232.6
153715,1-3-6,32.2
153715,2-3-6,25.7
153715,3-2-6,14.7
153715,4-2-6,125.6
153715,5-2-6,332.8
153715,6-2-5,394.3
153715,1-4-2,173.2
153715,2-4-1,256.5
153715,3-4-1,57.3
153715,4-3-1,120.9
153715,5-3-1,311.5
153715,6-3-1,156.4
153715,1-4-3,82.3
153715,2-4-3,75.8
153715,3-4-2,28.5
153715,4-3-2,92.8
153715,5-3-2,259.6
153715,6-3-2,60.6
153715,1-4-5,244.3
153715,2-4-5,227.3
153715,3-4-5,39.8
153715,4-3-5,90.5
153715,5-3-4,185.9
153715,6-3-4,82.2
153715,1-4-6,118.4
153715,2-4-6,90.3
153715,3-4-6,14.7
153715,4-3-6,48.2
153715,5-3-6,120.7
153715,6-3-5,139.4
153715,1-5-2,373.4
153715,2-5-1,488.6
153715,3-5-1,119
153715,4-5-1,221
153715,5-4-1,461.3
153715,6-4-1,432.9
153715,1-5-3,201.9
153715,2-5-3,185
153715,3-5-2,73.5
153715,4-5-2,215
153715,5-4-2,405.2
153715,6-4-2,265
153715,1-5-4,401.8
153715,2-5-4,347.4
153715,3-5-4,69.8
153715,4-5-3,134.8
153715,5-4-3,222
153715,6-4-3,151
153715,1-5-6,294.2
153715,2-5-6,230.1
153715,3-5-6,38.9
153715,4-5-6,109.7
153715,5-4-6,183.8
153715,6-4-5,345.5
153715,1-6-2,210.9
153715,2-6-1,205.7
153715,3-6-1,46
153715,4-6-1,160.9
153715,5-6-1,482.4
153715,6-5-1,757.2
153715,1-6-3,91.9
153715,2-6-3,55.1
153715,3-6-2,16.4
153715,4-6-2,119.4
153715,5-6-2,331.1
153715,6-5-2,512.3
153715,1-6-4,203
153715,2-6-4,106.3
153715,3-6-4,18.2
153715,4-6-3,75.3
153715,5-6-3,176.6
153715,6-5-3,273.4
153715,1-6-5,322.6
153715,2-6-5,197.3
153715,3-6-5,31.3
153715,4-6-5,115.2
153715,5-6-4,274.2
153715,6-5-4,426.1
153716,1-2-3,27.4
153716,2-1-3,47.4
153716,3-1-2,166.4
153716,4-1-2,145.2
153716,5-1-2,40.4
153716,6-1-2,1194
153716,1-2-4,23.9
153716,2-1-4,39.1
153716,3-1-4,188.7
153716,4-1-3,292
153716,5-1-3,106.7
153716,6-1-3,3288
153716,1-2-5,10
153716,2-1-5,15.6
153716,3-1-5,123.5
153716,4-1-5,82.6
153716,5-1-4,73.7
153716,6-1-4,3438
153716,1-2-6,162.8
153716,2-1-6,196.4
153716,3-1-6,497.6
153716,4-1-6,360.1
153716,5-1-6,201.8
153716,6-1-5,2439
153716,1-3-2,51.3
153716,2-3-1,73.2
153716,3-2-1,154
153716,4-2-1,121.9
153716,5-2-1,36.4
153716,6-2-1,1644
153716,1-3-4,84.5
153716,2-3-4,57.6
153716,3-2-4,98.5
153716,4-2-3,166.4
153716,5-2-3,50
153716,6-2-3,2608
153716,1-3-5,48.5
153716,2-3-5,28.2
153716,3-2-5,57.5
153716,4-2-5,57.3
153716,5-2-4,44.6
153716,6-2-4,2246
153716,1-3-6,275
153716,2-3-6,242.1
153716,3-2-6,305.4
153716,4-2-6,210.1
153716,5-2-6,92
153716,6-2-5,1200
153716,1-4-2,47.2
153716,2-4-1,64.9
153716,3-4-1,184.9
153716,4-3-1,320.4
153716,5-3-1,169.4
153716,6-3-1,4052
153716,1-4-3,100.4
153716,2-4-3,68.3
153716,3-4-2,144.5
153716,4-3-2,249.6
153716,5-3-2,94.7
153716,6-3-2,3845
153716,1-4-5,42.1
153716,2-4-5,28.9
153716,3-4-5,99.3
153716,4-3-5,151.8
153716,5-3-4,179
153716,6-3-4,2669
153716,1-4-6,333.2
153716,2-4-6,160.3
153716,3-4-6,281.5
153716,4-3-6,453.8
153716,5-3-6,366.5
153716,6-3-5,2466
153716,1-5-2,16.6
153716,2-5-1,19.1
153716,3-5-1,124.2
153716,4-5-1,60.1
153716,5-4-1,67.6
153716,6-4-1,3490
153716,1-5-3,46.2
153716,2-5-3,23.1
153716,3-5-2,70
153716,4-5-2,49
153716,5-4-2,56.2
153716,6-4-2,2701
153716,1-5-4,36.1
153716,2-5-4,21
153716,3-5-4,94.9
153716,4-5-3,111.7
153716,5-4-3,137.9
153716,6-4-3,3386
153716,1-5-6,200.9
153716,2-5-6,71.5
153716,3-5-6,257.8
153716,4-5-6,112
153716,5-4-6,133.9
153716,6-4-5,1800
153716,1-6-2,522.8
153716,2-6-1,434.6
153716,3-6-1,1200
153716,4-6-1,538.9
153716,5-6-1,417.1
153716,6-5-1,2269
153716,1-6-3,731.9
153716,2-6-3,499.8
153716,3-6-2,937.6
153716,4-6-2,496.5
153716,5-6-2,272.7
153716,6-5-2,1194
153716,1-6-4,922.4
153716,2-6-4,426.5
153716,3-6-4,639.1
153716,4-6-3,751.3
153716,5-6-3,483.8
153716,6-5-3,2413
153716,1-6-5,663.4
153716,2-6-5,324.6
153716,3-6-5,831.1
153716,4-6-5,348.5
153716,5-6-4,368.9
153716,6-5-4,1644
153717,1-2-3,55.7
153717,2-1-3,129.9
153717,3-1-2,46.3
153717,4-1-2,156.3
153717,5-1-2,98.3
153717,6-1-2,1439
153717,1-2-4,67.8
153717,2-1-4,160.7
153717,3-1-4,24.3
153717,4-1-3,67.2
153717,5-1-3,44.8
153717,6-1-3,1698
153717,1-2-5,59.2
153717,2-1-5,130.8
153717,3-1-5,16.5
153717,4-1-5,54.8
153717,5-1-4,59.6
153717,6-1-4,2538
153717,1-2-6,283.6
153717,2-1-6,429.7
153717,3-1-6,132.3
153717,4-1-6,230.3
153717,5-1-6,151.4
153717,6-1-5,1851
153717,1-3-2,34.7
153717,2-3-1,150.9
153717,3-2-1,76
153717,4-2-1,253.8
153717,5-2-1,148.5
153717,6-2-1,2512
153717,1-3-4,19
153717,2-3-4,174.9
153717,3-2-4,56.7
153717,4-2-3,207
153717,5-2-3,123.7
153717,6-2-3,2830
153717,1-3-5,13.8
153717,2-3-5,118.2
153717,3-2-5,43.3
153717,4-2-5,162
153717,5-2-4,182.1
153717,6-2-4,2896
153717,1-3-6,151.8
153717,2-3-6,590.4
153717,3-2-6,272
153717,4-2-6,517.2
153717,5-2-6,274.1
153717,6-2-5,2487
153717,1-4-2,63.9
153717,2-4-1,205.8
153717,3-4-1,31.9
153717,4-3-1,64.4
153717,5-3-1,49.5
153717,6-3-1,2051
153717,1-4-3,31.3
153717,2-4-3,226.5
153717,3-4-2,50.7
153717,4-3-2,116.7
153717,5-3-2,87.2
153717,6-3-2,2830
153717,1-4-5,32.4
153717,2-4-5,207.6
153717,3-4-5,18.6
153717,4-3-5,39.8
153717,5-3-4,44.7
153717,6-3-4,1630
153717,1-4-6,184.5
153717,2-4-6,571.2
153717,3-4-6,91.2
153717,4-3-6,178.6
153717,5-3-6,138.9
153717,6-3-5,1275
153717,1-5-2,58.9
153717,2-5-1,167.8
153717,3-5-1,21.9
153717,4-5-1,52
153717,5-4-1,67.3
153717,6-4-1,2462
153717,1-5-3,25
153717,2-5-3,178
153717,3-5-2,35.1
153717,4-5-2,99.1
153717,5-4-2,106.2
153717,6-4-2,2301
153717,1-5-4,39
153717,2-5-4,226.9
153717,3-5-4,19.5
153717,4-5-3,43.4
153717,5-4-3,54.4
153717,6-4-3,1954
153717,1-5-6,138.1
153717,2-5-6,406.9
153717,3-5-6,72.6
153717,4-5-6,106.9
153717,5-4-6,115.8
153717,6-4-5,1183
153717,1-6-2,464.5
153717,2-6-1,1155
153717,3-6-1,406.3
153717,4-6-1,512.9
153717,5-6-1,299.1
153717,6-5-1,1630
153717,1-6-3,558.3
153717,2-6-3,1709
153717,3-6-2,481.8
153717,4-6-2,873.1
153717,5-6-2,384.7
153717,6-5-2,1810
153717,1-6-4,591.8
153717,2-6-4,1588
153717,3-6-4,331.3
153717,4-6-3,564.7
153717,5-6-3,284.9
153717,6-5-3,1166
153717,1-6-5,505.5
153717,2-6-5,1025
153717,3-6-5,254.8
153717,4-6-5,324.4
153717,5-6-4,283
153717,6-5-4,1124
153718,1-2-3,17.4
153718,2-1-3,32.5
153718,3-1-2,68.1
153718,4-1-2,151.9
153718,5-1-2,820
153718,6-1-2,48.5
153718,1-2-4,18.6
153718,2-1-4,33.5
153718,3-1-4,55.3
153718,4-1-3,177.4
153718,5-1-3,898.8
153718,6-1-3,36.2
153718,1-2-5,83.9
153718,2-1-5,127.8
153718,3-1-5,168.9
153718,4-1-5,391.2
153718,5-1-4,1192
153718,6-1-4,53.9
153718,1-2-6,15.5
153718,2-1-6,27.1
153718,3-1-6,29.9
153718,4-1-6,104.5
153718,5-1-6,674.1
153718,6-1-5,173.6
153718,1-3-2,26.4
153718,2-3-1,76.6
153718,3-2-1,87.8
153718,4-2-1,207.8
153718,5-2-1,771.4
153718,6-2-1,64
153718,1-3-4,27.1
153718,2-3-4,137.7
153718,3-2-4,129.5
153718,4-2-3,346
153718,5-2-3,860.1
153718,6-2-3,107.1
153718,1-3-5,101.2
153718,2-3-5,287.2
153718,3-2-5,274.6
153718,4-2-5,602.2
153718,5-2-4,850.3
153718,6-2-4,141.1
153718,1-3-6,15
153718,2-3-6,69.9
153718,3-2-6,66.2
153718,4-2-6,203.3
153718,5-2-6,631.4
153718,6-2-5,369
153718,1-4-2,38
153718,2-4-1,94.4
153718,3-4-1,88.6
153718,4-3-1,216.1
153718,5-3-1,918.1
153718,6-3-1,46.2
153718,1-4-3,46.5
153718,2-4-3,191.6
153718,3-4-2,141.9
153718,4-3-2,331.1
153718,5-3-2,1125
153718,6-3-2,86.1
153718,1-4-5,156.5
153718,2-4-5,435.6
153718,3-4-5,244.3
153718,4-3-5,487.4
153718,5-3-4,1173
153718,6-3-4,68.8
153718,1-4-6,32.7
153718,2-4-6,115.7
153718,3-4-6,60
153718,4-3-6,122.8
153718,5-3-6,750.1
153718,6-3-5,203.6
153718,1-5-2,232
153718,2-5-1,310.1
153718,3-5-1,396.4
153718,4-5-1,567.9
153718,5-4-1,1197
153718,6-4-1,96.2
153718,1-5-3,257.3
153718,2-5-3,423.9
153718,3-5-2,431.9
153718,4-5-2,596.2
153718,5-4-2,806.7
153718,6-4-2,173.6
153718,1-5-4,282.1
153718,2-5-4,524.1
153718,3-5-4,426.3
153718,4-5-3,576.7
153718,5-4-3,1257
153718,6-4-3,109
153718,1-5-6,214.1
153718,2-5-6,277.1
153718,3-5-6,266.2
153718,4-5-6,341.2
153718,5-4-6,765.5
153718,6-4-5,341.2
153718,1-6-2,25.9
153718,2-6-1,52.6
153718,3-6-1,34.2
153718,4-6-1,117.6
153718,5-6-1,704.2
153718,6-5-1,431.2
153718,1-6-3,19.6
153718,2-6-3,73.9
153718,3-6-2,61.2
153718,4-6-2,185.2
153718,5-6-2,789.7
153718,6-5-2,593.8
153718,1-6-4,32.4
153718,2-6-4,114.9
153718,3-6-4,52.5
153718,4-6-3,124.2
153718,5-6-3,733.6
153718,6-5-3,498.8
153718,1-6-5,135.4
153718,2-6-5,243.1
153718,3-6-5,154.6
153718,4-6-5,307.9
153718,5-6-4,845.5
153718,6-5-4,516.9
153719,1-2-3,9.6
153719,2-1-3,58.8
153719,3-1-2,79.3
153719,4-1-2,99.8
153719,5-1-2,110.1
153719,6-1-2,282.9
153719,1-2-4,16.7
153719,2-1-4,72.5
153719,3-1-4,84.7
153719,4-1-3,112.2
153719,5-1-3,96.2
153719,6-1-3,361.9
153719,1-2-5,16.9
153719,2-1-5,78.2
153719,3-1-5,56.1
153719,4-1-5,64.5
153719,5-1-4,122.7
153719,6-1-4,443
153719,1-2-6,27.2
153719,2-1-6,106.3
153719,3-1-6,140.4
153719,4-1-6,111
153719,5-1-6,114.9
153719,6-1-5,475.6
153719,1-3-2,13.4
153719,2-3-1,151.3
153719,3-2-1,210.6
153719,4-2-1,204.8
153719,5-2-1,249.1
153719,6-2-1,433.8
153719,1-3-4,12
153719,2-3-4,467.3
153719,3-2-4,411
153719,4-2-3,506.3
153719,5-2-3,469.6
153719,6-2-3,999.3
153719,1-3-5,11.7
153719,2-3-5,237.8
153719,3-2-5,299.6
153719,4-2-5,306.4
153719,5-2-4,554.1
153719,6-2-4,1105
153719,1-3-6,25.9
153719,2-3-6,465
153719,3-2-6,393.8
153719,4-2-6,357.8
153719,5-2-6,402.2
153719,6-2-5,731
153719,1-4-2,22.1
153719,2-4-1,178.9
153719,3-4-1,178.5
153719,4-3-1,239.9
153719,5-3-1,203.1
153719,6-3-1,673.3
153719,1-4-3,19.6
153719,2-4-3,465
153719,3-4-2,398
153719,4-3-2,555.8
153719,5-3-2,489.2
153719,6-3-2,1236
153719,1-4-5,22.3
153719,2-4-5,393.8
153719,3-4-5,249.4
153719,4-3-5,307.9
153719,5-3-4,469.6
153719,6-3-4,1073
153719,1-4-6,33.1
153719,2-4-6,469.6
153719,3-4-6,316.8
153719,4-3-6,398.8
153719,5-3-6,517.5
153719,6-3-5,1278
153719,1-5-2,28.6
153719,2-5-1,179.4
153719,3-5-1,113.7
153719,4-5-1,94
153719,5-4-1,176.7
153719,6-4-1,659.2
153719,1-5-3,21.9
153719,2-5-3,390.5
153719,3-5-2,299.1
153719,4-5-2,229.1
153719,5-4-2,383.4
153719,6-4-2,1124
153719,1-5-4,29.9
153719,2-5-4,546.1
153719,3-5-4,274.6
153719,4-5-3,232.5
153719,5-4-3,395.5
153719,6-4-3,1174
153719,1-5-6,34
153719,2-5-6,283.7
153719,3-5-6,378.7
153719,4-5-6,162.6
153719,5-4-6,283.3
153719,6-4-5,650
153719,1-6-2,61.9
153719,2-6-1,334.8
153719,3-6-1,337.2
153719,4-6-1,236.6
153719,5-6-1,223.1
153719,6-5-1,581.6
153719,1-6-3,66.9
153719,2-6-3,678.2
153719,3-6-2,643.3
153719,4-6-2,466.1
153719,5-6-2,489.2
153719,6-5-2,751.4
153719,1-6-4,76
153719,2-6-4,776.3
153719,3-6-4,590.7
153719,4-6-3,517.5
153719,5-6-3,554.1
153719,6-5-3,1111
153719,1-6-5,80.1
153719,2-6-5,562.4
153719,3-6-5,654.6
153719,4-6-5,314.1
153719,5-6-4,544.5
153719,6-5-4,898.9
153720,1-2-3,7.8
153720,2-1-3,9
153720,3-1-2,57
153720,4-1-2,176.7
153720,5-1-2,77.5
153720,6-1-2,1060
153720,1-2-4,24.4
153720,2-1-4,18.7
153720,3-1-4,260
153720,4-1-3,386.5
153720,5-1-3,174.3
153720,6-1-3,1185
153720,1-2-5,15.6
153720,2-1-5,11.1
153720,3-1-5,139.3
153720,4-1-5,181.4
153720,5-1-4,180.1
153720,6-1-4,2751
153720,1-2-6,96.8
153720,2-1-6,63.7
153720,3-1-6,515.9
153720,4-1-6,477.6
153720,5-1-6,271.3
153720,6-1-5,1764
153720,1-3-2,20.3
153720,2-3-1,24.6
153720,3-2-1,47.8
153720,4-2-1,155.8
153720,5-2-1,62.1
153720,6-2-1,1520
153720,1-3-4,98
153720,2-3-4,52.5
153720,3-2-4,109.4
153720,4-2-3,220.1
153720,5-2-3,88.6
153720,6-2-3,2063
153720,1-3-5,62.3
153720,2-3-5,27.8
153720,3-2-5,63.5
153720,4-2-5,87.2
153720,5-2-4,71.4
153720,6-2-4,1541
153720,1-3-6,304.1
153720,2-3-6,146.7
153720,3-2-6,282.5
153720,4-2-6,299.4
153720,5-2-6,154
153720,6-2-5,1013
153720,1-4-2,77.2
153720,2-4-1,42.2
153720,3-4-1,364.6
153720,4-3-1,547.7
153720,5-3-1,275.1
153720,6-3-1,2626
153720,1-4-3,155.2
153720,2-4-3,64.5
153720,3-4-2,256.5
153720,4-3-2,345
153720,5-3-2,163.7
153720,6-3-2,2926
153720,1-4-5,121.1
153720,2-4-5,30.6
153720,3-4-5,300.2
153720,4-3-5,355.6
153720,5-3-4,319.2
153720,6-3-4,3002
153720,1-4-6,326.5
153720,2-4-6,179.6
153720,3-4-6,700.4
153720,4-3-6,935.8
153720,5-3-6,611.5
153720,6-3-5,2751
153720,1-5-2,50.3
153720,2-5-1,18.3
153720,3-5-1,222
153720,4-5-1,133
153720,5-4-1,134.1
153720,6-4-1,2687
153720,1-5-3,91.7
153720,2-5-3,29.5
153720,3-5-2,135
153720,4-5-2,82.2
153720,5-4-2,88.5
153720,6-4-2,1530
153720,1-5-4,135.5
153720,2-5-4,28.4
153720,3-5-4,315.7
153720,4-5-3,254.5
153720,5-4-3,280.8
153720,6-4-3,2853
153720,1-5-6,253.4
153720,2-5-6,91.9
153720,3-5-6,508
153720,4-5-6,156.2
153720,5-4-6,177.9
153720,6-4-5,1179
153720,1-6-2,421
153720,2-6-1,373.4
153720,3-6-1,1179
153720,4-6-1,778.3
153720,5-6-1,485.6
153720,6-5-1,1712
153720,1-6-3,536.3
153720,2-6-3,613.1
153720,3-6-2,924.6
153720,4-6-2,549
153720,5-6-2,294.4
153720,6-5-2,1018
153720,1-6-4,653
153720,2-6-4,503.6
153720,3-6-4,1263
153720,4-6-3,1065
153720,5-6-3,681.8
153720,6-5-3,2687
153720,1-6-5,551.7
153720,2-6-5,329.2
153720,3-6-5,1000
153720,4-6-5,378.9
153720,5-6-4,372.2
153720,6-5-4,1122
153721,1-2-3,22
153721,2-1-3,20.6
153721,3-1-2,115.4
153721,4-1-2,153.5
153721,5-1-2,39
153721,6-1-2,734.7
153721,1-2-4,28.6
153721,2-1-4,19.9
153721,3-1-4,182.7
153721,4-1-3,285.8
153721,5-1-3,115.4
153721,6-1-3,1486
153721,1-2-5,15.8
153721,2-1-5,8.7
153721,3-1-5,128.1
153721,4-1-5,169.3
153721,5-1-4,136.9
153721,6-1-4,1477
153721,1-2-6,78.3
153721,2-1-6,51.9
153721,3-1-6,366.3
153721,4-1-6,335.5
153721,5-1-6,112.5
153721,6-1-5,1015
153721,1-3-2,50.1
153721,2-3-1,44.3
153721,3-2-1,117.3
153721,4-2-1,127.8
153721,5-2-1,32.3
153721,6-2-1,833.6
153721,1-3-4,78.7
153721,2-3-4,53
153721,3-2-4,98.2
153721,4-2-3,139.1
153721,5-2-3,60.9
153721,6-2-3,1097
153721,1-3-5,60.1
153721,2-3-5,29.3
153721,3-2-5,63.5
153721,4-2-5,92.7
153721,5-2-4,69.1
153721,6-2-4,966.8
153721,1-3-6,207.5
153721,2-3-6,118.3
153721,3-2-6,224.7
153721,4-2-6,206
153721,5-2-6,59.9
153721,6-2-5,427
153721,1-4-2,66.1
153721,2-4-1,39.6
153721,3-4-1,218.3
153721,4-3-1,334.7
153721,5-3-1,163.6
153721,6-3-1,2000
153721,1-4-3,117.2
153721,2-4-3,52.4
153721,3-4-2,156.3
153721,4-3-2,243.7
153721,5-3-2,104.7
153721,6-3-2,1354
153721,1-4-5,82.9
153721,2-4-5,28.7
153721,3-4-5,163.4
153721,4-3-5,287.7
153721,5-3-4,268.9
153721,6-3-4,1926
153721,1-4-6,210.7
153721,2-4-6,93.9
153721,3-4-6,398.9
153721,4-3-6,628.2
153721,5-3-6,305.2
153721,6-3-5,1469
153721,1-5-2,32.7
153721,2-5-1,17.4
153721,3-5-1,158.3
153721,4-5-1,163.8
153721,5-4-1,191.8
153721,6-4-1,1955
153721,1-5-3,71.5
153721,2-5-3,31.7
153721,3-5-2,91
153721,4-5-2,111.3
153721,5-4-2,110.8
153721,6-4-2,1040
153721,1-5-4,83.7
153721,2-5-4,25.5
153721,3-5-4,158.9
153721,4-5-3,229.3
153721,5-4-3,276.1
153721,6-4-3,1722
153721,1-5-6,111.7
153721,2-5-6,38.7
153721,3-5-6,243.7
153721,4-5-6,205.4
153721,5-4-6,216.9
153721,6-4-5,1354
153721,1-6-2,243.5
153721,2-6-1,186.8
153721,3-6-1,656.7
153721,4-6-1,625.2
153721,5-6-1,183.2
153721,6-5-1,858.3
153721,1-6-3,426.3
153721,2-6-3,290.6
153721,3-6-2,570.3
153721,4-6-2,493.5
153721,5-6-2,119.3
153721,6-5-2,414.8
153721,1-6-4,385.3
153721,2-6-4,216.7
153721,3-6-4,704.8
153721,4-6-3,919
153721,5-6-3,325.9
153721,6-5-3,1023
153721,1-6-5,295.2
153721,2-6-5,126.7
153721,3-6-5,553.3
153721,4-6-5,545.2
153721,5-6-4,318.7
153721,6-5-4,974.1
153722,1-2-3,48.2
153722,2-1-3,181.4
153722,3-1-2,162.8
153722,4-1-2,32.2
153722,5-1-2,395.1
153722,6-1-2,559.7
153722,1-2-4,33.6
153722,2-1-4,134.1
153722,3-1-4,43.5
153722,4-1-3,13.5
153722,5-1-3,392.2
153722,6-1-3,383.8
153722,1-2-5,161.7
153722,2-1-5,401
153722,3-1-5,150.5
153722,4-1-5,22
153722,5-1-4,219.1
153722,6-1-4,260.8
153722,1-2-6,136.6
153722,2-1-6,387.3
153722,3-1-6,119.2
153722,4-1-6,15.2
153722,5-1-6,329.1
153722,6-1-5,533.4
153722,1-3-2,49
153722,2-3-1,291.2
153722,3-2-1,283.5
153722,4-2-1,65
153722,5-2-1,603.8
153722,6-2-1,1085
153722,1-3-4,14.2
153722,2-3-4,331.7
153722,3-2-4,233.6
153722,4-2-3,106.3
153722,5-2-3,995.1
153722,6-2-3,1395
153722,1-3-5,66
153722,2-3-5,716.5
153722,3-2-5,472.4
153722,4-2-5,120.1
153722,5-2-4,669.6
153722,6-2-4,856.4
153722,1-3-6,50.2
153722,2-3-6,751.6
153722,3-2-6,448.7
153722,4-2-6,83.3
153722,5-2-6,853
153722,6-2-5,1640
153722,1-4-2,21.6
153722,2-4-1,174
153722,3-4-1,42.8
153722,4-3-1,28.8
153722,5-3-1,610.6
153722,6-3-1,523
153722,1-4-3,8.7
153722,2-4-3,282.1
153722,3-4-2,135.2
153722,4-3-2,86.5
153722,5-3-2,1143
153722,6-3-2,990.6
153722,1-4-5,22.5
153722,2-4-5,577.8
153722,3-4-5,135.9
153722,4-3-5,56
153722,5-3-4,452.5
153722,6-3-4,422.3
153722,1-4-6,15.6
153722,2-4-6,429.9
153722,3-4-6,85.4
153722,4-3-6,37.8
153722,5-3-6,784.5
153722,6-3-5,1168
153722,1-5-2,188.5
153722,2-5-1,746.3
153722,3-5-1,288.1
153722,4-5-1,28.7
153722,5-4-1,158.6
153722,6-4-1,210.5
153722,1-5-3,127.4
153722,2-5-3,1214
153722,3-5-2,479.8
153722,4-5-2,85
153722,5-4-2,361.8
153722,6-4-2,394.4
153722,1-5-4,87.8
153722,2-5-4,959.6
153722,3-5-4,288.9
153722,4-5-3,56.7
153722,5-4-3,266.3
153722,6-4-3,319.4
153722,1-5-6,180.4
153722,2-5-6,1235
153722,3-5-6,433.3
153722,4-5-6,23.6
153722,5-4-6,131.1
153722,6-4-5,364.3
153722,1-6-2,170.4
153722,2-6-1,814.2
153722,3-6-1,266.7
153722,4-6-1,28.6
153722,5-6-1,392.9
153722,6-5-1,863.2
153722,1-6-3,121.9
153722,2-6-3,1535
153722,3-6-2,597.1
153722,4-6-2,77.7
153722,5-6-2,799.1
153722,6-5-2,1414
153722,1-6-4,72.8
153722,2-6-4,1028
153722,3-6-4,243.9
153722,4-6-3,59.1
153722,5-6-3,684.5
153722,6-5-3,1294
153722,1-6-5,294.4
153722,2-6-5,1592
153722,3-6-5,605.5
153722,4-6-5,41.8
153722,5-6-4,294.8
153722,6-5-4,523
153723,1-2-3,27.9
153723,2-1-3,25.4
153723,3-1-2,123.7
153723,4-1-2,38.9
153723,5-1-2,330.1
153723,6-1-2,497.3
153723,1-2-4,15
153723,2-1-4,10.9
153723,3-1-4,92.6
153723,4-1-3,78.7
153723,5-1-3,632.3
153723,6-1-3,1135
153723,1-2-5,70.8
153723,2-1-5,53.2
153723,3-1-5,427.9
153723,4-1-5,78.1
153723,5-1-4,404.2
153723,6-1-4,611.3
153723,1-2-6,49.4
153723,2-1-6,30.1
153723,3-1-6,228.6
153723,4-1-6,54.8
153723,5-1-6,412.3
153723,6-1-5,950.1
153723,1-3-2,45
153723,2-3-1,52.4
153723,3-2-1,125.7
153723,4-2-1,32.4
153723,5-2-1,355.3
153723,6-2-1,412.3
153723,1-3-4,40.3
153723,2-3-4,31.9
153723,3-2-4,65.3
153723,4-2-3,46.2
153723,5-2-3,636.9
153723,6-2-3,642.7
153723,1-3-5,189.8
153723,2-3-5,134.1
153723,3-2-5,300.1
153723,4-2-5,49.9
153723,5-2-4,244.5
153723,6-2-4,235.1
153723,1-3-6,106.3
153723,2-3-6,70.1
153723,3-2-6,145.8
153723,4-2-6,27.5
153723,5-2-6,326.4
153723,6-2-5,712.1
153723,1-4-2,22.7
153723,2-4-1,15
153723,3-4-1,132.5
153723,4-3-1,123.1
153723,5-3-1,1173
153723,6-3-1,1689
153723,1-4-3,43.8
153723,2-4-3,28.6
153723,3-4-2,98.7
153723,4-3-2,87.9
153723,5-3-2,917.7
153723,6-3-2,1089
153723,1-4-5,86.5
153723,2-4-5,40.7
153723,3-4-5,372.3
153723,4-3-5,328.6
153723,5-3-4,1138
153723,6-3-4,1040
153723,1-4-6,53.2
153723,2-4-6,17.8
153723,3-4-6,117.5
153723,4-3-6,93.2
153723,5-3-6,1500
153723,6-3-5,2241
153723,1-5-2,175.4
153723,2-5-1,118.9
153723,3-5-1,800.1
153723,4-5-1,81.3
153723,5-4-1,264.9
153723,6-4-1,410.8
153723,1-5-3,313.3
153723,2-5-3,218.2
153723,3-5-2,603.9
153723,4-5-2,55.3
153723,5-4-2,170
153723,6-4-2,218.8
153723,1-5-4,200
153723,2-5-4,101.7
153723,3-5-4,842.5
153723,4-5-3,266.5
153723,5-4-3,639.2
153723,6-4-3,716.5
153723,1-5-6,247.8
153723,2-5-6,140.9
153723,3-5-6,982.2
153723,4-5-6,61.3
153723,5-4-6,202.8
153723,6-4-5,594.6
153723,1-6-2,156
153723,2-6-1,92.7
153723,3-6-1,601.8
153723,4-6-1,71.4
153723,5-6-1,678.9
153723,6-5-1,1589
153723,1-6-3,307.8
153723,2-6-3,157.8
153723,3-6-2,506.7
153723,4-6-2,47.8
153723,5-6-2,469.9
153723,6-5-2,1193
153723,1-6-4,167.3
153723,2-6-4,60.1
153723,3-6-4,354.2
153723,4-6-3,119.6
153723,5-6-3,1276
153723,6-5-3,1850
153723,1-6-5,350
153723,2-6-5,182.7
153723,3-6-5,1154
153723,4-6-5,82.4
153723,5-6-4,468.7
153723,6-5-4,1131
153724,1-2-3,4.9
153724,2-1-3,14
153724,3-1-2,24.9
153724,4-1-2,77.4
153724,5-1-2,578
153724,6-1-2,1164
153724,1-2-4,8.3
153724,2-1-4,18.1
153724,3-1-4,35.5
153724,4-1-3,121.2
153724,5-1-3,571.5
153724,6-1-3,1439
153724,1-2-5,44.1
153724,2-1-5,84.5
153724,3-1-5,77.9
153724,4-1-5,227
153724,5-1-4,703.2
153724,6-1-4,1969
153724,1-2-6,72.1
153724,2-1-6,114
153724,3-1-6,194.6
153724,4-1-6,278.2
153724,5-1-6,847.7
153724,6-1-5,1474
153724,1-3-2,7
153724,2-3-1,35.4
153724,3-2-1,52
153724,4-2-1,88.6
153724,5-2-1,657.7
153724,6-2-1,1533
153724,1-3-4,11.5
153724,2-3-4,50.3
153724,3-2-4,79.8
153724,4-2-3,147.7
153724,5-2-3,829.3
153724,6-2-3,1714
153724,1-3-5,29.2
153724,2-3-5,179.6
153724,3-2-5,212
153724,4-2-5,319.2
153724,5-2-4,696.8
153724,6-2-4,1496
153724,1-3-6,85.1
153724,2-3-6,242
153724,3-2-6,305.8
153724,4-2-6,349.2
153724,5-2-6,897.6
153724,6-2-5,2725
153724,1-4-2,20.2
153724,2-4-1,44.9
153724,3-4-1,91.7
153724,4-3-1,173.3
153724,5-3-1,1156
153724,6-3-1,1705
153724,1-4-3,21.1
153724,2-4-3,65.4
153724,3-4-2,105.3
153724,4-3-2,185.4
153724,5-3-2,1374
153724,6-3-2,2244
153724,1-4-5,90.1
153724,2-4-5,199.4
153724,3-4-5,297.7
153724,4-3-5,529.8
153724,5-3-4,1518
153724,6-3-4,2034
153724,1-4-6,121.3
153724,2-4-6,219.7
153724,3-4-6,411.8
153724,4-3-6,566.2
153724,5-3-6,2007
153724,6-3-5,3767
153724,1-5-2,143
153724,2-5-1,298.6
153724,3-5-1,272
153724,4-5-1,284.7
153724,5-4-1,566.2
153724,6-4-1,2211
153724,1-5-3,109.7
153724,2-5-3,435.3
153724,3-5-2,423.8
153724,4-5-2,331.3
153724,5-4-2,516.4
153724,6-4-2,1344
153724,1-5-4,190.9
153724,2-5-4,400
153724,3-5-4,688.9
153724,4-5-3,482.1
153724,5-4-3,857.3
153724,6-4-3,2227
153724,1-5-6,328.5
153724,2-5-6,616.5
153724,3-5-6,1013
153724,4-5-6,389.7
153724,5-4-6,649.3
153724,6-4-5,2294
153724,1-6-2,381.5
153724,2-6-1,535.4
153724,3-6-1,593.7
153724,4-6-1,607.9
153724,5-6-1,1827
153724,6-5-1,2564
153724,1-6-3,411.3
153724,2-6-3,730.1
153724,3-6-2,666.3
153724,4-6-2,719.8
153724,5-6-2,1632
153724,6-5-2,2329
153724,1-6-4,412.9
153724,2-6-4,615.3
153724,3-6-4,971.9
153724,4-6-3,975
153724,5-6-3,2134
153724,6-5-3,2879
153724,1-6-5,601.9
153724,2-6-5,1056
153724,3-6-5,1387
153724,4-6-5,1074
153724,5-6-4,1714
153724,6-5-4,1943
153725,1-2-3,18.4
153725,2-1-3,99.3
153725,3-1-2,59.6
153725,4-1-2,323.1
153725,5-1-2,87.9
153725,6-1-2,236.1
153725,1-2-4,38.7
153725,2-1-4,173.1
153725,3-1-4,41.4
153725,4-1-3,260.2
153725,5-1-3,45.5
153725,6-1-3,193.8
153725,1-2-5,27.4
153725,2-1-5,113.8
153725,3-1-5,21.6
153725,4-1-5,215
153725,5-1-4,153.4
153725,6-1-4,530.7
153725,1-2-6,30
153725,2-1-6,106.4
153725,3-1-6,36.8
153725,4-1-6,306.4
153725,5-1-6,50.9
153725,6-1-5,193.9
153725,1-3-2,14.5
153725,2-3-1,191.4
153725,3-2-1,157.4
153725,4-2-1,563.8
153725,5-2-1,207.9
153725,6-2-1,354.5
153725,1-3-4,15.7
153725,2-3-4,397.7
153725,3-2-4,268.7
153725,4-2-3,713.9
153725,5-2-3,243.4
153725,6-2-3,541.8
153725,1-3-5,8.7
153725,2-3-5,270.5
153725,3-2-5,182.2
153725,4-2-5,725.3
153725,5-2-4,562.9
153725,6-2-4,1167
153725,1-3-6,14.4
153725,2-3-6,297.1
153725,3-2-6,194
153725,4-2-6,837.8
153725,5-2-6,231.2
153725,6-2-5,636.1
153725,1-4-2,58.9
153725,2-4-1,398.1
153725,3-4-1,107.3
153725,4-3-1,324.9
153725,5-3-1,79.1
153725,6-3-1,301.1
153725,1-4-3,36.8
153725,2-4-3,580
153725,3-4-2,270.1
153725,4-3-2,597.2
153725,5-3-2,183
153725,6-3-2,564.6
153725,1-4-5,44.3
153725,2-4-5,589.5
153725,3-4-5,112.8
153725,4-3-5,281.6
153725,5-3-4,201.8
153725,6-3-4,804.3
153725,1-4-6,67.2
153725,2-4-6,605.2
153725,3-4-6,180
153725,4-3-6,461.6
153725,5-3-6,89.3
153725,6-3-5,319.7
153725,1-5-2,33.8
153725,2-5-1,231.8
153725,3-5-1,42.5
153725,4-5-1,264
153725,5-4-1,257
153725,6-4-1,902.6
153725,1-5-3,17.9
153725,2-5-3,333.9
153725,3-5-2,149
153725,4-5-2,473.7
153725,5-4-2,503.4
153725,6-4-2,1252
153725,1-5-4,52.5
153725,2-5-4,589.5
153725,3-5-4,99.3
153725,4-5-3,293.3
153725,5-4-3,285.4
153725,6-4-3,1070
153725,1-5-6,26.2
153725,2-5-6,337.6
153725,3-5-6,69.7
153725,4-5-6,314.4
153725,5-4-6,288.8
153725,6-4-5,945
153725,1-6-2,53.7
153725,2-6-1,266.5
153725,3-6-1,105.5
153725,4-6-1,567.3
153725,5-6-1,80.7
153725,6-5-1,207.6
153725,1-6-3,44.7
153725,2-6-3,385.4
153725,3-6-2,229.8
153725,4-6-2,793.7
153725,5-6-2,155.7
153725,6-5-2,368.9
153725,1-6-4,114.2
153725,2-6-4,696
153725,3-6-4,253.2
153725,4-6-3,708.3
153725,5-6-3,95.4
153725,6-5-3,236.1
153725,1-6-5,53.3
153725,2-6-5,396
153725,3-6-5,128.8
153725,4-6-5,489.1
153725,5-6-4,274.8
153725,6-5-4,596.3
153726,1-2-3,6.8
153726,2-1-3,61.1
153726,3-1-2,72.9
153726,4-1-2,79.8
153726,5-1-2,556.7
153726,6-1-2,557.8
153726,1-2-4,6.8
153726,2-1-4,57.7
153726,3-1-4,49.9
153726,4-1-3,91.8
153726,5-1-3,595.5
153726,6-1-3,615.7
153726,1-2-5,26.9
153726,2-1-5,131.5
153726,3-1-5,124.4
153726,4-1-5,124.2
153726,5-1-4,598
153726,6-1-4,698.6
153726,1-2-6,27.3
153726,2-1-6,160.3
153726,3-1-6,151.6
153726,4-1-6,129
153726,5-1-6,633.2
153726,6-1-5,626.3
153726,1-3-2,9.2
153726,2-3-1,149
153726,3-2-1,164
153726,4-2-1,164.7
153726,5-2-1,821
153726,6-2-1,796.2
153726,1-3-4,7.8
153726,2-3-4,203.5
153726,3-2-4,197.8
153726,4-2-3,298.7
153726,5-2-3,1438
153726,6-2-3,1297
153726,1-3-5,26.1
153726,2-3-5,447.1
153726,3-2-5,356.1
153726,4-2-5,375.9
153726,5-2-4,1157
153726,6-2-4,1280
153726,1-3-6,25.6
153726,2-3-6,568.7
153726,3-2-6,375.5
153726,4-2-6,373
153726,5-2-6,1286
153726,6-2-5,2121
153726,1-4-2,11.5
153726,2-4-1,149.6
153726,3-4-1,124.3
153726,4-3-1,178.9
153726,5-3-1,814.1
153726,6-3-1,965.5
153726,1-4-3,11.3
153726,2-4-3,217.8
153726,3-4-2,211.2
153726,4-3-2,302.7
153726,5-3-2,1537
153726,6-3-2,1545
153726,1-4-5,29.3
153726,2-4-5,397.5
153726,3-4-5,300.5
153726,4-3-5,473.3
153726,5-3-4,1258
153726,6-3-4,1475
153726,1-4-6,27.4
153726,2-4-6,418.7
153726,3-4-6,254.9
153726,4-3-6,385.9
153726,5-3-6,1937
153726,6-3-5,1805
153726,1-5-2,74
153726,2-5-1,382.9
153726,3-5-1,311.1
153726,4-5-1,227
153726,5-4-1,888.8
153726,6-4-1,791.9
153726,1-5-3,73.5
153726,2-5-3,693.6
153726,3-5-2,614.4
153726,4-5-2,405.3
153726,5-4-2,1030
153726,6-4-2,988.5
153726,1-5-4,73.3
153726,2-5-4,585.9
153726,3-5-4,556.7
153726,4-5-3,546.3
153726,5-4-3,1431
153726,6-4-3,1205
153726,1-5-6,104.4
153726,2-5-6,825.6
153726,3-5-6,714.1
153726,4-5-6,344.7
153726,5-4-6,1126
153726,6-4-5,1309
153726,1-6-2,89.5
153726,2-6-1,495.9
153726,3-6-1,488.4
153726,4-6-1,277.8
153726,5-6-1,1072
153726,6-5-1,1019
153726,1-6-3,89
153726,2-6-3,862.4
153726,3-6-2,807.3
153726,4-6-2,433.7
153726,5-6-2,1642
153726,6-5-2,2253
153726,1-6-4,93.9
153726,2-6-4,719.4
153726,3-6-4,730.2
153726,4-6-3,494.2
153726,5-6-3,1899
153726,6-5-3,2018
153726,1-6-5,133.6
153726,2-6-5,894.2
153726,3-6-5,1045
153726,4-6-5,431.8
153726,5-6-4,1709
153726,6-5-4,1924
153727,1-2-3,41.4
153727,2-1-3,138.9
153727,3-1-2,87.6
153727,4-1-2,151.1
153727,5-1-2,500.6
153727,6-1-2,160.9
153727,1-2-4,41.8
153727,2-1-4,129.1
153727,3-1-4,26.4
153727,4-1-3,52.7
153727,5-1-3,224.7
153727,6-1-3,83.8
153727,1-2-5,82.2
153727,2-1-5,269.2
153727,3-1-5,50.1
153727,4-1-5,78.9
153727,5-1-4,236.8
153727,6-1-4,94
153727,1-2-6,42.5
153727,2-1-6,118.9
153727,3-1-6,25.1
153727,4-1-6,37.8
153727,5-1-6,178.8
153727,6-1-5,186.8
153727,1-3-2,35
153727,2-3-1,242.2
153727,3-2-1,188.2
153727,4-2-1,362.4
153727,5-2-1,1313
153727,6-2-1,414.6
153727,1-3-4,12.9
153727,2-3-4,334.8
153727,3-2-4,192.1
153727,4-2-3,544.2
153727,5-2-3,1609
153727,6-2-3,457.7
153727,1-3-5,33.5
153727,2-3-5,730.1
153727,3-2-5,415.7
153727,4-2-5,621
153727,5-2-4,1527
153727,6-2-4,558.5
153727,1-3-6,14.7
153727,2-3-6,311.8
153727,3-2-6,232.7
153727,4-2-6,287.2
153727,5-2-6,1018
153727,6-2-5,890.9
153727,1-4-2,34.1
153727,2-4-1,323.9
153727,3-4-1,37.2
153727,4-3-1,62.2
153727,5-3-1,255.4
153727,6-3-1,106.6
153727,1-4-3,21.5
153727,2-4-3,381.8
153727,3-4-2,145.3
153727,4-3-2,286.1
153727,5-3-2,912.6
153727,6-3-2,269.2
153727,1-4-5,29.4
153727,2-4-5,771.5
153727,3-4-5,50.9
153727,4-3-5,95.2
153727,5-3-4,291.7
153727,6-3-4,123
153727,1-4-6,15.2
153727,2-4-6,341.7
153727,3-4-6,31.7
153727,4-3-6,54.3
153727,5-3-6,228.5
153727,6-3-5,261.2
153727,1-5-2,131.4
153727,2-5-1,813.4
153727,3-5-1,103.6
153727,4-5-1,148
153727,5-4-1,369.5
153727,6-4-1,140.9
153727,1-5-3,81.6
153727,2-5-3,1373
153727,3-5-2,374.2
153727,4-5-2,406.7
153727,5-4-2,763.6
153727,6-4-2,484.4
153727,1-5-4,68.2
153727,2-5-4,1187
153727,3-5-4,85.6
153727,4-5-3,157.8
153727,5-4-3,351.3
153727,6-4-3,161.1
153727,1-5-6,49.4
153727,2-5-6,947.3
153727,3-5-6,83.6
153727,4-5-6,86.7
153727,5-4-6,196.4
153727,6-4-5,218.1
153727,1-6-2,62.4
153727,2-6-1,362.4
153727,3-6-1,49.2
153727,4-6-1,63.1
153727,5-6-1,248.2
153727,6-5-1,319.1
153727,1-6-3,28.4
153727,2-6-3,517.9
153727,3-6-2,167
153727,4-6-2,235.7
153727,5-6-2,653.6
153727,6-5-2,885.6
153727,1-6-4,30.7
153727,2-6-4,510.8
153727,3-6-4,49.6
153727,4-6-3,73.4
153727,5-6-3,269.2
153727,6-5-3,390.8
153727,1-6-5,58.1
153727,2-6-5,907.1
153727,3-6-5,84.9
153727,4-6-5,88.4
153727,5-6-4,247
153727,6-5-4,260.7
153728,1-2-3,21.9
153728,2-1-3,19.8
153728,3-1-2,164.8
153728,4-1-2,657.7
153728,5-1-2,38.7
153728,6-1-2,999.9
153728,1-2-4,44.5
153728,2-1-4,40
153728,3-1-4,458.9
153728,4-1-3,1098
153728,5-1-3,81.1
153728,6-1-3,1808
153728,1-2-5,13.4
153728,2-1-5,9
153728,3-1-5,169.1
153728,4-1-5,798.6
153728,5-1-4,123.9
153728,6-1-4,2733
153728,1-2-6,95.4
153728,2-1-6,81.9
153728,3-1-6,514.6
153728,4-1-6,1381
153728,5-1-6,116.5
153728,6-1-5,1464
153728,1-3-2,40.4
153728,2-3-1,36.4
153728,3-2-1,137.2
153728,4-2-1,527.8
153728,5-2-1,28.1
153728,6-2-1,1281
153728,1-3-4,131.1
153728,2-3-4,50.4
153728,3-2-4,110
153728,4-2-3,668.4
153728,5-2-3,27.7
153728,6-2-3,1921
153728,1-3-5,45.5
153728,2-3-5,14.6
153728,3-2-5,52.8
153728,4-2-5,258.3
153728,5-2-4,39.2
153728,6-2-4,1952
153728,1-3-6,197.7
153728,2-3-6,91.6
153728,3-2-6,213.9
153728,4-2-6,848.2
153728,5-2-6,47.6
153728,6-2-5,599.9
153728,1-4-2,130.8
153728,2-4-1,123.1
153728,3-4-1,698.8
153728,4-3-1,1205
153728,5-3-1,143.1
153728,6-3-1,3236
153728,1-4-3,299.2
153728,2-4-3,84.7
153728,3-4-2,292.8
153728,4-3-2,999.9
153728,5-3-2,74.4
153728,6-3-2,2733
153728,1-4-5,145.7
153728,2-4-5,50.2
153728,3-4-5,233.3
153728,4-3-5,884.8
153728,5-3-4,154.7
153728,6-3-4,3727
153728,1-4-6,415.5
153728,2-4-6,197.1
153728,3-4-6,897.7
153728,4-3-6,1952
153728,5-3-6,208.1
153728,6-3-5,2616
153728,1-5-2,23.2
153728,2-5-1,11.8
153728,3-5-1,166.8
153728,4-5-1,599.9
153728,5-4-1,236.9
153728,6-4-1,3153
153728,1-5-3,47.5
153728,2-5-3,11.5
153728,3-5-2,68.9
153728,4-5-2,247.9
153728,5-4-2,96.6
153728,6-4-2,2510
153728,1-5-4,70.3
153728,2-5-4,29.3
153728,3-5-4,123.8
153728,4-5-3,763.9
153728,5-4-3,328.8
153728,6-4-3,3416
153728,1-5-6,107.3
153728,2-5-6,35.8
153728,3-5-6,290.7
153728,4-5-6,679.5
153728,5-4-6,224.4
153728,6-4-5,3727
153728,1-6-2,332.4
153728,2-6-1,224.4
153728,3-6-1,1205
153728,4-6-1,2562
153728,5-6-1,189.2
153728,6-5-1,1413
153728,1-6-3,657.7
153728,2-6-3,297.8
153728,3-6-2,1016
153728,4-6-2,1835
153728,5-6-2,124.3
153728,6-5-2,602.9
153728,1-6-4,1042
153728,2-6-4,363.8
153728,3-6-4,1863
153728,4-6-3,2928
153728,5-6-3,288.7
153728,6-5-3,2277
153728,1-6-5,448.8
153728,2-6-5,161.1
153728,3-6-5,878.5
153728,4-6-5,2365
153728,5-6-4,389.2
153728,6-5-4,2673
153729,1-2-3,43.1
153729,2-1-3,71.7
153729,3-1-2,256.7
153729,4-1-2,41.6
153729,5-1-2,155.4
153729,6-1-2,101.1
153729,1-2-4,16.1
153729,2-1-4,32.2
153729,3-1-4,145.9
153729,4-1-3,106.9
153729,5-1-3,306.5
153729,6-1-3,176
153729,1-2-5,29.5
153729,2-1-5,40.3
153729,3-1-5,185.6
153729,4-1-5,25.4
153729,5-1-4,108.9
153729,6-1-4,98
153729,1-2-6,74.4
153729,2-1-6,105
153729,3-1-6,306
153729,4-1-6,48.6
153729,5-1-6,169.8
153729,6-1-5,147.3
153729,1-3-2,61
153729,2-3-1,160.3
153729,3-2-1,319.4
153729,4-2-1,50.1
153729,5-2-1,206.6
153729,6-2-1,116.4
153729,1-3-4,40.3
153729,2-3-4,145.1
153729,3-2-4,256
153729,4-2-3,173.6
153729,5-2-3,364.1
153729,6-2-3,206.6
153729,1-3-5,58.1
153729,2-3-5,165.8
153729,3-2-5,275.3
153729,4-2-5,47
153729,5-2-4,137.2
153729,6-2-4,106.8
153729,1-3-6,95.2
153729,2-3-6,313.1
153729,3-2-6,416.1
153729,4-2-6,88.2
153729,5-2-6,214.6
153729,6-2-5,160.3
153729,1-4-2,17.1
153729,2-4-1,44.1
153729,3-4-1,183.1
153729,4-3-1,210.5
153729,5-3-1,536
153729,6-3-1,310
153729,1-4-3,35.9
153729,2-4-3,93.6
153729,3-4-2,226.1
153729,4-3-2,274.9
153729,5-3-2,490.3
153729,6-3-2,319.9
153729,1-4-5,16.7
153729,2-4-5,40.1
153729,3-4-5,142.7
153729,4-3-5,137.2
153729,5-3-4,402
153729,6-3-4,333.4
153729,1-4-6,39.7
153729,2-4-6,90.3
153729,3-4-6,212.7
153729,4-3-6,212.2
153729,5-3-6,514.2
153729,6-3-5,468.5
153729,1-5-2,48
153729,2-5-1,82.8
153729,3-5-1,285.3
153729,4-5-1,25.7
153729,5-4-1,86.1
153729,6-4-1,113.4
153729,1-5-3,92.6
153729,2-5-3,184.4
153729,3-5-2,319.4
153729,4-5-2,34.6
153729,5-4-2,89.4
153729,6-4-2,130.3
153729,1-5-4,39.2
153729,2-5-4,72.7
153729,3-5-4,243.2
153729,4-5-3,119.3
153729,5-4-3,257.4
153729,6-4-3,303.1
153729,1-5-6,83.6
153729,2-5-6,177.9
153729,3-5-6,372
153729,4-5-6,28.9
153729,5-4-6,72.6
153729,6-4-5,96.2
153729,1-6-2,117.4
153729,2-6-1,238.9
153729,3-6-1,596.6
153729,4-6-1,78.9
153729,5-6-1,262
153729,6-5-1,207.3
153729,1-6-3,172.6
153729,2-6-3,505.9
153729,3-6-2,713.3
153729,4-6-2,94.1
153729,5-6-2,213.9
153729,6-5-2,236.2
153729,1-6-4,88.5
153729,2-6-4,195.4
153729,3-6-4,485.2
153729,4-6-3,242.3
153729,5-6-3,438.2
153729,6-5-3,469.6
153729,1-6-5,120.7
153729,2-6-5,279
153729,3-6-5,517
153729,4-6-5,53.6
153729,5-6-4,136.9
153729,6-5-4,144.6
153730,1-2-3,111.2
153730,2-1-3,159.4
153730,3-1-2,233.2
153730,4-1-2,271.6
153730,5-1-2,420.9
153730,6-1-2,535.7
153730,1-2-4,105.6
153730,2-1-4,128.3
153730,3-1-4,223.5
153730,4-1-3,374.9
153730,5-1-3,504.3
153730,6-1-3,781.6
153730,1-2-5,171.1
153730,2-1-5,207
153730,3-1-5,262.8
153730,4-1-5,341.3
153730,5-1-4,551.1
153730,6-1-4,707.1
153730,1-2-6,131.1
153730,2-1-6,131.5
153730,3-1-6,250.5
153730,4-1-6,231.6
153730,5-1-6,331.6
153730,6-1-5,664.9
153730,1-3-2,156.8
153730,2-3-1,126.4
153730,3-2-1,154.4
153730,4-2-1,162.6
153730,5-2-1,349.8
153730,6-2-1,350.8
153730,1-3-4,163.5
153730,2-3-4,34.8
153730,3-2-4,54.4
153730,4-2-3,74.7
153730,5-2-3,142.1
153730,6-2-3,97.2
153730,1-3-5,199.1
153730,2-3-5,51.1
153730,3-2-5,64.6
153730,4-2-5,52.3
153730,5-2-4,121.1
153730,6-2-4,99.4
153730,1-3-6,203.1
153730,2-3-6,19.9
153730,3-2-6,39.1
153730,4-2-6,27.1
153730,5-2-6,80.3
153730,6-2-5,135
153730,1-4-2,138.6
153730,2-4-1,92.6
153730,3-4-1,163
153730,4-3-1,270.2
153730,5-3-1,373.3
153730,6-3-1,641
153730,1-4-3,186.9
153730,2-4-3,36.8
153730,3-4-2,58.8
153730,4-3-2,89.4
153730,5-3-2,148
153730,6-3-2,121
153730,1-4-5,198.1
153730,2-4-5,27.9
153730,3-4-5,44.9
153730,4-3-5,85.7
153730,5-3-4,170.8
153730,6-3-4,151.4
153730,1-4-6,159.4
153730,2-4-6,17.3
153730,3-4-6,36.1
153730,4-3-6,48.9
153730,5-3-6,109.3
153730,6-3-5,199.3
153730,1-5-2,336.2
153730,2-5-1,239.1
153730,3-5-1,213.8
153730,4-5-1,213.3
153730,5-4-1,375.9
153730,6-4-1,438.2
153730,1-5-3,347.6
153730,2-5-3,76
153730,3-5-2,77.8
153730,4-5-2,59
153730,5-4-2,115.4
153730,6-4-2,98.9
153730,1-5-4,369.2
153730,2-5-4,63.2
153730,3-5-4,72.5
153730,4-5-3,96.1
153730,5-4-3,168.6
153730,6-4-3,164
153730,1-5-6,288
153730,2-5-6,38.6
153730,3-5-6,50.5
153730,4-5-6,27.9
153730,5-4-6,65.4
153730,6-4-5,114.3
153730,1-6-2,256.2
153730,2-6-1,109.4
153730,3-6-1,213.1
153730,4-6-1,154.4
153730,5-6-1,247.5
153730,6-5-1,471.4
153730,1-6-3,371.2
153730,2-6-3,27
153730,3-6-2,56
153730,4-6-2,32.2
153730,5-6-2,80.2
153730,6-5-2,133.5
153730,1-6-4,279
153730,2-6-4,24.6
153730,3-6-4,57.9
153730,4-6-3,50.5
153730,5-6-3,106.8
153730,6-5-3,226.7
153730,1-6-5,332
153730,2-6-5,43.7
153730,3-6-5,68.1
153730,4-6-5,32
153730,5-6-4,73.2
153730,6-5-4,120.1
153731,1-2-3,25.6
153731,2-1-3,52.3
153731,3-1-2,19.2
153731,4-1-2,477.4
153731,5-1-2,213.6
153731,6-1-2,1247
153731,1-2-4,109.8
153731,2-1-4,204.7
153731,3-1-4,26.8
153731,4-1-3,292.9
153731,5-1-3,78.7
153731,6-1-3,707.4
153731,1-2-5,63.7
153731,2-1-5,105.7
153731,3-1-5,9.3
153731,4-1-5,318.4
153731,5-1-4,292
153731,6-1-4,2003
153731,1-2-6,90.2
153731,2-1-6,153.2
153731,3-1-6,19.8
153731,4-1-6,409.1
153731,5-1-6,152.1
153731,6-1-5,1039
153731,1-3-2,17.9
153731,2-3-1,62.1
153731,3-2-1,37.7
153731,4-2-1,814.5
153731,5-2-1,215.9
153731,6-2-1,1500
153731,1-3-4,35.3
153731,2-3-4,139.2
153731,3-2-4,92.6
153731,4-2-3,629.6
153731,5-2-3,163.5
153731,6-2-3,918
153731,1-3-5,12.6
153731,2-3-5,72.8
153731,3-2-5,30.8
153731,4-2-5,720.4
153731,5-2-4,370.4
153731,6-2-4,2859
153731,1-3-6,31.2
153731,2-3-6,104
153731,3-2-6,39.4
153731,4-2-6,819.4
153731,5-2-6,257.7
153731,6-2-5,1414
153731,1-4-2,161.3
153731,2-4-1,392.1
153731,3-4-1,57.1
153731,4-3-1,271.5
153731,5-3-1,55
153731,6-3-1,562.5
153731,1-4-3,93.8
153731,2-4-3,355.5
153731,3-4-2,105.9
153731,4-3-2,367.4
153731,5-3-2,102.8
153731,6-3-2,797.9
153731,1-4-5,138.9
153731,2-4-5,407.8
153731,3-4-5,45.2
153731,4-3-5,191.1
153731,5-3-4,169.6
153731,6-3-4,987.4
153731,1-4-6,185.2
153731,2-4-6,454.4
153731,3-4-6,62.2
153731,4-3-6,254.4
153731,5-3-6,74.1
153731,6-3-5,352.8
153731,1-5-2,90.5
153731,2-5-1,160.8
153731,3-5-1,15.4
153731,4-5-1,324.8
153731,5-4-1,395.5
153731,6-4-1,2231
153731,1-5-3,35.2
153731,2-5-3,144.6
153731,3-5-2,31.5
153731,4-5-2,435
153731,5-4-2,520.8
153731,6-4-2,2951
153731,1-5-4,153.6
153731,2-5-4,263.1
153731,3-5-4,44.2
153731,4-5-3,245.7
153731,5-4-3,302.3
153731,6-4-3,1422
153731,1-5-6,89.7
153731,2-5-6,244.2
153731,3-5-6,17
153731,4-5-6,242.9
153731,5-4-6,263.9
153731,6-4-5,1393
153731,1-6-2,216.3
153731,2-6-1,594.1
153731,3-6-1,73.7
153731,4-6-1,758.3
153731,5-6-1,205.7
153731,6-5-1,771
153731,1-6-3,146.9
153731,2-6-3,387.7
153731,3-6-2,85.8
153731,4-6-2,720.4
153731,5-6-2,276.1
153731,6-5-2,1198
153731,1-6-4,409.1
153731,2-6-4,1039
153731,3-6-4,117.5
153731,4-6-3,537.2
153731,5-6-3,134.7
153731,6-5-3,371.9
153731,1-6-5,263.6
153731,2-6-5,591.6
153731,3-6-5,49.2
153731,4-6-5,491.9
153731,5-6-4,378.6
153731,6-5-4,1168
153732,1-2-3,29.5
153732,2-1-3,25.1
153732,3-1-2,67.8
153732,4-1-2,146.1
153732,5-1-2,579.3
153732,6-1-2,127.2
153732,1-2-4,50.3
153732,2-1-4,32.8
153732,3-1-4,73.5
153732,4-1-3,177.2
153732,5-1-3,827.7
153732,6-1-3,164.1
153732,1-2-5,146.7
153732,2-1-5,109.4
153732,3-1-5,202.8
153732,4-1-5,290.3
153732,5-1-4,770.2
153732,6-1-4,200.6
153732,1-2-6,47.9
153732,2-1-6,28.2
153732,3-1-6,64.8
153732,4-1-6,103.9
153732,5-1-6,546.1
153732,6-1-5,402.6
153732,1-3-2,40
153732,2-3-1,27.2
153732,3-2-1,53.2
153732,4-2-1,104.6
153732,5-2-1,550.6
153732,6-2-1,97.6
153732,1-3-4,56.5
153732,2-3-4,20.8
153732,3-2-4,32.4
153732,4-2-3,96.2
153732,5-2-3,453.2
153732,6-2-3,59.7
153732,1-3-5,167.4
153732,2-3-5,70.5
153732,3-2-5,97.2
153732,4-2-5,214.9
153732,5-2-4,619.8
153732,6-2-4,88.4
153732,1-3-6,57.9
153732,2-3-6,14.4
153732,3-2-6,23.9
153732,4-2-6,71.3
153732,5-2-6,428.4
153732,6-2-5,278.2
153732,1-4-2,78.6
153732,2-4-1,53
153732,3-4-1,78.2
153732,4-3-1,176.7
153732,5-3-1,1057
153732,6-3-1,163.3
153732,1-4-3,94.1
153732,2-4-3,34.5
153732,3-4-2,44.3
153732,4-3-2,105.4
153732,5-3-2,625.6
153732,6-3-2,80.4
153732,1-4-5,238.3
153732,2-4-5,105.4
153732,3-4-5,124.5
153732,4-3-5,257.7
153732,5-3-4,744.4
153732,6-3-4,120.9
153732,1-4-6,92.2
153732,2-4-6,28.5
153732,3-4-6,36
153732,4-3-6,82.3
153732,5-3-6,679.9
153732,6-3-5,401.3
153732,1-5-2,325.8
153732,2-5-1,231.3
153732,3-5-1,347.9
153732,4-5-1,297.4
153732,5-4-1,690.4
153732,6-4-1,191.1
153732,1-5-3,377.5
153732,2-5-3,210.5
153732,3-5-2,217.7
153732,4-5-2,243.1
153732,5-4-2,557.5
153732,6-4-2,133.9
153732,1-5-4,398.9
153732,2-5-4,288.4
153732,3-5-4,272.5
153732,4-5-3,305.6
153732,5-4-3,705
153732,6-4-3,168
153732,1-5-6,333.1
153732,2-5-6,204.7
153732,3-5-6,204.7
153732,4-5-6,130.1
153732,5-4-6,325
153732,6-4-5,300.1
153732,1-6-2,82.7
153732,2-6-1,50.8
153732,3-6-1,87.7
153732,4-6-1,94.1
153732,5-6-1,548.4
153732,6-5-1,502.8
153732,1-6-3,95.8
153732,2-6-3,25.2
153732,3-6-2,38.4
153732,4-6-2,71.4
153732,5-6-2,474.2
153732,6-5-2,450.2
153732,1-6-4,139.9
153732,2-6-4,36.3
153732,3-6-4,50
153732,4-6-3,87.6
153732,5-6-3,650
153732,6-5-3,584.4
153732,1-6-5,304.2
153732,2-6-5,135.1
153732,3-6-5,159.7
153732,4-6-5,115.5
153732,5-6-4,441.2
153732,6-5-4,415.1
153733,1-2-3,17.7
153733,2-1-3,251.9
153733,3-1-2,126.1
153733,4-1-2,86.7
153733,5-1-2,447.6
153733,6-1-2,880.2
153733,1-2-4,10
153733,2-1-4,173.9
153733,3-1-4,36.6
153733,4-1-3,51.9
153733,5-1-3,269.1
153733,6-1-3,874.2
153733,1-2-5,31.5
153733,2-1-5,536
153733,3-1-5,70.2
153733,4-1-5,100.5
153733,5-1-4,273.6
153733,6-1-4,770.8
153733,1-2-6,110.8
153733,2-1-6,1017
153733,3-1-6,152.8
153733,4-1-6,190.1
153733,5-1-6,440.1
153733,6-1-5,910.9
153733,1-3-2,13
153733,2-3-1,387.7
153733,3-2-1,420.2
153733,4-2-1,245.3
153733,5-2-1,719.7
153733,6-2-1,1736
153733,1-3-4,4.8
153733,2-3-4,465.2
153733,3-2-4,446.1
153733,4-2-3,449.2
153733,5-2-3,1025
153733,6-2-3,4824
153733,1-3-5,13.3
153733,2-3-5,1385
153733,3-2-5,799.2
153733,4-2-5,704.1
153733,5-2-4,1463
153733,6-2-4,4342
153733,1-3-6,31.1
153733,2-3-6,2457
153733,3-2-6,1173
153733,4-2-6,1152
153733,5-2-6,2285
153733,6-2-5,4824
153733,1-4-2,8.8
153733,2-4-1,307.2
153733,3-4-1,77.4
153733,4-3-1,100.8
153733,5-3-1,523.1
153733,6-3-1,1834
153733,1-4-3,6.3
153733,2-4-3,538.3
153733,3-4-2,259.5
153733,4-3-2,350.1
153733,5-3-2,1342
153733,6-3-2,3831
153733,1-4-5,14.4
153733,2-4-5,1042
153733,3-4-5,182.7
153733,4-3-5,328.9
153733,5-3-4,1050
153733,6-3-4,2554
153733,1-4-6,27.1
153733,2-4-6,1385
153733,3-4-6,263.7
153733,4-3-6,495.3
153733,5-3-6,1550
153733,6-3-5,2960
153733,1-5-2,63.2
153733,2-5-1,1252
153733,3-5-1,292
153733,4-5-1,175.8
153733,5-4-1,375.4
153733,6-4-1,1289
153733,1-5-3,38.8
153733,2-5-3,1809
153733,3-5-2,814.1
153733,4-5-2,512.8
153733,5-4-2,1240
153733,6-4-2,2960
153733,1-5-4,36.3
153733,2-5-4,2171
153733,3-5-4,438.6
153733,4-5-3,398.3
153733,5-4-3,910.9
153733,6-4-3,3029
153733,1-5-6,74.9
153733,2-5-6,2771
153733,3-5-6,571.3
153733,4-5-6,482.4
153733,5-4-6,1385
153733,6-4-5,2894
153733,1-6-2,219.6
153733,2-6-1,1834
153733,3-6-1,620.3
153733,4-6-1,538.3
153733,5-6-1,857
153733,6-5-1,1264
153733,1-6-3,131.7
153733,2-6-3,4202
153733,3-6-2,1385
153733,4-6-2,1342
153733,5-6-2,2207
153733,6-5-2,3101
153733,1-6-4,111.1
153733,2-6-4,2713
153733,3-6-4,829.7
153733,4-6-3,851.4
153733,5-6-3,1480
153733,6-5-3,2831
153733,1-6-5,161.6
153733,2-6-5,3721
153733,3-6-5,775.4
153733,4-6-5,950.8
153733,5-6-4,1860
153733,6-5-4,2368
153734,1-2-3,24.3
153734,2-1-3,67.5
153734,3-1-2,56.1
153734,4-1-2,122.2
153734,5-1-2,931.6
153734,6-1-2,78.8
153734,1-2-4,37.7
153734,2-1-4,78.7
153734,3-1-4,41
153734,4-1-3,108.7
153734,5-1-3,785
153734,6-1-3,65.3
153734,1-2-5,145.6
153734,2-1-5,169.9
153734,3-1-5,109.2
153734,4-1-5,147.9
153734,5-1-4,708.3
153734,6-1-4,79.5
153734,1-2-6,40
153734,2-1-6,92.3
153734,3-1-6,53.1
153734,4-1-6,119.4
153734,5-1-6,762.5
153734,6-1-5,163.9
153734,1-3-2,21.5
153734,2-3-1,66.2
153734,3-2-1,67.1
153734,4-2-1,136.4
153734,5-2-1,920.9
153734,6-2-1,138.1
153734,1-3-4,23.3
153734,2-3-4,38.5
153734,3-2-4,41.1
153734,4-2-3,88
153734,5-2-3,592.6
153734,6-2-3,107.1
153734,1-3-5,93.1
153734,2-3-5,87.1
153734,3-2-5,89.4
153734,4-2-5,209.2
153734,5-2-4,613.9
153734,6-2-4,123.4
153734,1-3-6,25.7
153734,2-3-6,74.5
153734,3-2-6,68.3
153734,4-2-6,164.7
153734,5-2-6,727.7
153734,6-2-5,204.4
153734,1-4-2,52.3
153734,2-4-1,86
153734,3-4-1,36.5
153734,4-3-1,82.7
153734,5-3-1,864.3
153734,6-3-1,94.6
153734,1-4-3,41.3
153734,2-4-3,49.9
153734,3-4-2,39.6
153734,4-3-2,74.4
153734,5-3-2,814.4
153734,6-3-2,105.2
153734,1-4-5,96.9
153734,2-4-5,89.7
153734,3-4-5,45.4
153734,4-3-5,110.6
153734,5-3-4,556.8
153734,6-3-4,91.5
153734,1-4-6,52.9
153734,2-4-6,91.4
153734,3-4-6,41.1
153734,4-3-6,90.9
153734,5-3-6,708.3
153734,6-3-5,179.2
153734,1-5-2,300.7
153734,2-5-1,234.9
153734,3-5-1,157.1
153734,4-5-1,216.8
153734,5-4-1,648.8
153734,6-4-1,147.7
153734,1-5-3,214.1
153734,2-5-3,174.3
153734,3-5-2,184.7
153734,4-5-2,286
153734,5-4-2,716.8
153734,6-4-2,193.7
153734,1-5-4,214.5
153734,2-5-4,156
153734,3-5-4,100.8
153734,4-5-3,212.4
153734,5-4-3,549.1
153734,6-4-3,134.5
153734,1-5-6,234.5
153734,2-5-6,205.7
153734,3-5-6,158.4
153734,4-5-6,223.7
153734,5-4-6,582.5
153734,6-4-5,218.4
153734,1-6-2,24.8
153734,2-6-1,104.6
153734,3-6-1,63.9
153734,4-6-1,171.5
153734,5-6-1,702.1
153734,6-5-1,315
153734,1-6-3,20.9
153734,2-6-3,77.7
153734,3-6-2,67
153734,4-6-2,153.9
153734,5-6-2,819.9
153734,6-5-2,409.2
153734,1-6-4,29
153734,2-6-4,83.1
153734,3-6-4,53.1
153734,4-6-3,138.5
153734,5-6-3,668.8
153734,6-5-3,329.8
153734,1-6-5,102.4
153734,2-6-5,136.1
153734,3-6-5,103.7
153734,4-6-5,250.7
153734,5-6-4,631.7
153734,6-5-4,308.9
153735,1-2-3,5.5
153735,2-1-3,39.5
153735,3-1-2,29.3
153735,4-1-2,104.4
153735,5-1-2,347.5
153735,6-1-2,917.5
153735,1-2-4,8
153735,2-1-4,34.6
153735,3-1-4,29.3
153735,4-1-3,111.4
153735,5-1-3,339
153735,6-1-3,1159
153735,1-2-5,22.3
153735,2-1-5,95.8
153735,3-1-5,55
153735,4-1-5,203.8
153735,5-1-4,603.1
153735,6-1-4,1626
153735,1-2-6,48.9
153735,2-1-6,168.3
153735,3-1-6,112.5
153735,4-1-6,280.5
153735,5-1-6,926.3
153735,6-1-5,2225
153735,1-3-2,7.7
153735,2-3-1,99.2
153735,3-2-1,58.9
153735,4-2-1,158.8
153735,5-2-1,645.3
153735,6-2-1,1455
153735,1-3-4,10
153735,2-3-4,124.7
153735,3-2-4,63
153735,4-2-3,358.5
153735,5-2-3,717
153735,6-2-3,2251
153735,1-3-5,22.6
153735,2-3-5,197.3
153735,3-2-5,105.6
153735,4-2-5,480.4
153735,5-2-4,935.3
153735,6-2-4,1879
153735,1-3-6,48.7
153735,2-3-6,298.3
153735,3-2-6,199.1
153735,4-2-6,557.9
153735,5-2-6,1536
153735,6-2-5,2978
153735,1-4-2,16.5
153735,2-4-1,85.7
153735,3-4-1,47.8
153735,4-3-1,140.1
153735,5-3-1,408.4
153735,6-3-1,1916
153735,1-4-3,20.5
153735,2-4-3,169.6
153735,3-4-2,63.2
153735,4-3-2,310.7
153735,5-3-2,820.3
153735,6-3-2,2652
153735,1-4-5,43.4
153735,2-4-5,268.1
153735,3-4-5,74.3
153735,4-3-5,215.6
153735,5-3-4,480.4
153735,6-3-4,2652
153735,1-4-6,74.2
153735,2-4-6,337.3
153735,3-4-6,123.7
153735,4-3-6,375.2
153735,5-3-6,1282
153735,6-3-5,1916
153735,1-5-2,74.7
153735,2-5-1,353.9
153735,3-5-1,135.7
153735,4-5-1,390.3
153735,5-4-1,736.1
153735,6-4-1,2420
153735,1-5-3,84.1
153735,2-5-3,506.8
153735,3-5-2,149.7
153735,4-5-2,527.5
153735,5-4-2,1119
153735,6-4-2,2450
153735,1-5-4,109.8
153735,2-5-4,616.5
153735,3-5-4,145.2
153735,4-5-3,588.4
153735,5-4-3,1152
153735,6-4-3,3025
153735,1-5-6,229.3
153735,2-5-6,930.8
153735,3-5-6,235.5
153735,4-5-6,709.1
153735,5-4-6,1444
153735,6-4-5,3025
153735,1-6-2,220.7
153735,2-6-1,709.1
153735,3-6-1,434.1
153735,4-6-1,693.9
153735,5-6-1,2127
153735,6-5-1,3723
153735,1-6-3,218.2
153735,2-6-3,892.2
153735,3-6-2,567.7
153735,4-6-2,841.7
153735,5-6-2,2200
153735,6-5-2,3173
153735,1-6-4,278.9
153735,2-6-4,838.1
153735,3-6-4,510.8
153735,4-6-3,1159
153735,5-6-3,1744
153735,6-5-3,2225
153735,1-6-5,357.8
153735,2-6-5,1308
153735,3-6-5,463.1
153735,4-6-5,1125
153735,5-6-4,2038
153735,6-5-4,2581
153736,1-2-3,9.9
153736,2-1-3,57.4
153736,3-1-2,57.9
153736,4-1-2,76
153736,5-1-2,127.2
153736,6-1-2,2372
153736,1-2-4,10.1
153736,2-1-4,54.2
153736,3-1-4,29
153736,4-1-3,75.3
153736,5-1-3,120.9
153736,6-1-3,2559
153736,1-2-5,16.8
153736,2-1-5,73.5
153736,3-1-5,46.5
153736,4-1-5,53.4
153736,5-1-4,95.4
153736,6-1-4,2648
153736,1-2-6,179
153736,2-1-6,421.7
153736,3-1-6,480.5
153736,4-1-6,279.8
153736,5-1-6,386.6
153736,6-1-5,2957
153736,1-3-2,11.1
153736,2-3-1,144.3
153736,3-2-1,164.9
153736,4-2-1,171.2
153736,5-2-1,230.2
153736,6-2-1,4648
153736,1-3-4,8
153736,2-3-4,219.2
153736,3-2-4,171.3
153736,4-2-3,295
153736,5-2-3,371.5
153736,6-2-3,3733
153736,1-3-5,13.1
153736,2-3-5,224.6
153736,3-2-5,229.1
153736,4-2-5,206.8
153736,5-2-4,261.7
153736,6-2-4,4845
153736,1-3-6,189.9
153736,2-3-6,1217
153736,3-2-6,1286
153736,4-2-6,718.4
153736,5-2-6,896.6
153736,6-2-5,4951
153736,1-4-2,14.1
153736,2-4-1,129.4
153736,3-4-1,84.3
153736,4-3-1,141.1
153736,5-3-1,250
153736,6-3-1,4555
153736,1-4-3,13
153736,2-4-3,233.8
153736,3-4-2,172.5
153736,4-3-2,332
153736,5-3-2,495.1
153736,6-3-2,4555
153736,1-4-5,17
153736,2-4-5,168.3
153736,3-4-5,144.5
153736,4-3-5,220.4
153736,5-3-4,373.9
153736,6-3-4,4141
153736,1-4-6,158.9
153736,2-4-6,862.7
153736,3-4-6,790.8
153736,4-3-6,766.8
153736,5-3-6,1127
153736,6-3-5,3795
153736,1-5-2,28.5
153736,2-5-1,212.8
153736,3-5-1,157
153736,4-5-1,71.6
153736,5-4-1,136.6
153736,6-4-1,3163
153736,1-5-3,22.4
153736,2-5-3,360.9
153736,3-5-2,315.4
153736,4-5-2,120.8
153736,5-4-2,214.6
153736,6-4-2,6901
153736,1-5-4,26.8
153736,2-5-4,267.9
153736,3-5-4,250.5
153736,4-5-3,156.7
153736,5-4-3,319.8
153736,6-4-3,5296
153736,1-5-6,157.5
153736,2-5-6,1100
153736,3-5-6,929.6
153736,4-5-6,222.4
153736,5-4-6,396.7
153736,6-4-5,2588
153736,1-6-2,499.4
153736,2-6-1,1699
153736,3-6-1,1674
153736,4-6-1,772
153736,5-6-1,1138
153736,6-5-1,3119
153736,1-6-3,656.3
153736,2-6-3,3077
153736,3-6-2,2300
153736,4-6-2,1069
153736,5-6-2,1751
153736,6-5-2,4845
153736,1-6-4,643.3
153736,2-6-4,2846
153736,3-6-4,2108
153736,4-6-3,1687
153736,5-6-3,1414
153736,6-5-3,3558
153736,1-6-5,471.5
153736,2-6-5,2348
153736,3-6-5,1638
153736,4-6-5,641.5
153736,5-6-4,1224
153736,6-5-4,2530
153737,1-2-3,6.7
153737,2-1-3,23
153737,3-1-2,49.7
153737,4-1-2,148.4
153737,5-1-2,192
153737,6-1-2,315
153737,1-2-4,12.5
153737,2-1-4,34.3
153737,3-1-4,62.7
153737,4-1-3,222.8
153737,5-1-3,228.2
153737,6-1-3,413.5
153737,1-2-5,17.3
153737,2-1-5,51
153737,3-1-5,72.1
153737,4-1-5,149.5
153737,5-1-4,220.7
153737,6-1-4,551
153737,1-2-6,23.4
153737,2-1-6,48
153737,3-1-6,94.6
153737,4-1-6,192.6
153737,5-1-6,254
153737,6-1-5,600
153737,1-3-2,11.2
153737,2-3-1,53.9
153737,3-2-1,82.2
153737,4-2-1,253.3
153737,5-2-1,428.5
153737,6-2-1,485.8
153737,1-3-4,16
153737,2-3-4,84.4
153737,3-2-4,112.1
153737,4-2-3,342.3
153737,5-2-3,577.9
153737,6-2-3,423.7
153737,1-3-5,20.9
153737,2-3-5,111.8
153737,3-2-5,118.8
153737,4-2-5,378
153737,5-2-4,780.9
153737,6-2-4,747
153737,1-3-6,24.6
153737,2-3-6,99.4
153737,3-2-6,149.2
153737,4-2-6,384.9
153737,5-2-6,576.2
153737,6-2-5,1181
153737,1-4-2,24.8
153737,2-4-1,97.5
153737,3-4-1,139.3
153737,4-3-1,382.5
153737,5-3-1,357.2
153737,6-3-1,759
153737,1-4-3,30
153737,2-4-3,137.7
153737,3-4-2,152.7
153737,4-3-2,336.8
153737,5-3-2,372.7
153737,6-3-2,544.6
153737,1-4-5,35.5
153737,2-4-5,190.5
153737,3-4-5,165.9
153737,4-3-5,483.3
153737,5-3-4,416.3
153737,6-3-4,959.3
153737,1-4-6,44.2
153737,2-4-6,171.6
153737,3-4-6,165
153737,4-3-6,429.5
153737,5-3-6,391.3
153737,6-3-5,1379
153737,1-5-2,46.3
153737,2-5-1,224.4
153737,3-5-1,184.7
153737,4-5-1,191.1
153737,5-4-1,261.4
153737,6-4-1,1038
153737,1-5-3,48.9
153737,2-5-3,225
153737,3-5-2,231.6
153737,4-5-2,301.9
153737,5-4-2,705.2
153737,6-4-2,979.2
153737,1-5-4,63
153737,2-5-4,394.5
153737,3-5-4,289.4
153737,4-5-3,473.6
153737,5-4-3,774.5
153737,6-4-3,1321
153737,1-5-6,65.5
153737,2-5-6,318.7
153737,3-5-6,296.7
153737,4-5-6,206.1
153737,5-4-6,422.8
153737,6-4-5,1067
153737,1-6-2,68.1
153737,2-6-1,191.6
153737,3-6-1,249.3
153737,4-6-1,352.6
153737,5-6-1,488.3
153737,6-5-1,1067
153737,1-6-3,82.7
153737,2-6-3,220.7
153737,3-6-2,249
153737,4-6-2,417.2
153737,5-6-2,625.8
153737,6-5-2,1330
153737,1-6-4,106.7
153737,2-6-4,297.1
153737,3-6-4,323
153737,4-6-3,596.2
153737,5-6-3,913
153737,6-5-3,1260
153737,1-6-5,115.6
153737,2-6-5,355.2
153737,3-6-5,345.5
153737,4-6-5,316.5
153737,5-6-4,627.9
153737,6-5-4,1050
153738,1-2-3,10.1
153738,2-1-3,42.2
153738,3-1-2,33.6
153738,4-1-2,89.5
153738,5-1-2,346
153738,6-1-2,203.6
153738,1-2-4,17.1
153738,2-1-4,63
153738,3-1-4,28.3
153738,4-1-3,90.3
153738,5-1-3,328.7
153738,6-1-3,185
153738,1-2-5,42.1
153738,2-1-5,132.1
153738,3-1-5,55.9
153738,4-1-5,157.1
153738,5-1-4,474.1
153738,6-1-4,241.7
153738,1-2-6,21.8
153738,2-1-6,78
153738,3-1-6,34.5
153738,4-1-6,147.7
153738,5-1-6,426.1
153738,6-1-5,384.8
153738,1-3-2,10.3
153738,2-3-1,86
153738,3-2-1,78.3
153738,4-2-1,214.3
153738,5-2-1,556.5
153738,6-2-1,342.2
153738,1-3-4,10.9
153738,2-3-4,112.5
153738,3-2-4,85.7
153738,4-2-3,223.7
153738,5-2-3,621.9
153738,6-2-3,464.8
153738,1-3-5,29.2
153738,2-3-5,220.3
153738,3-2-5,155.3
153738,4-2-5,506.6
153738,5-2-4,1052
153738,6-2-4,589.2
153738,1-3-6,13.7
153738,2-3-6,156.6
153738,3-2-6,110.4
153738,4-2-6,402.1
153738,5-2-6,966.9
153738,6-2-5,882
153738,1-4-2,25.7
153738,2-4-1,169.2
153738,3-4-1,55.1
153738,4-3-1,130.5
153738,5-3-1,549.8
153738,6-3-1,263
153738,1-4-3,22.5
153738,2-4-3,197.8
153738,3-4-2,72.8
153738,4-3-2,178.9
153738,5-3-2,750.3
153738,6-3-2,450.4
153738,1-4-5,47.8
153738,2-4-5,412.2
153738,3-4-5,101.8
153738,4-3-5,255.9
153738,5-3-4,887.3
153738,6-3-4,360.9
153738,1-4-6,39.6
153738,2-4-6,318.3
153738,3-4-6,98.7
153738,4-3-6,228
153738,5-3-6,936.4
153738,6-3-5,664.5
153738,1-5-2,78.5
153738,2-5-1,468.9
153738,3-5-1,194.8
153738,4-5-1,314.4
153738,5-4-1,696.5
153738,6-4-1,319
153738,1-5-3,67.8
153738,2-5-3,508.7
153738,3-5-2,273.9
153738,4-5-2,445.6
153738,5-4-2,1083
153738,6-4-2,464.1
153738,1-5-4,105.3
153738,2-5-4,794.5
153738,3-5-4,249.1
153738,4-5-3,442.6
153738,5-4-3,866.5
153738,6-4-3,428.2
153738,1-5-6,103.2
153738,2-5-6,753.1
153738,3-5-6,316.6
153738,4-5-6,390.7
153738,5-4-6,757
153738,6-4-5,467.4
153738,1-6-2,40.3
153738,2-6-1,221.5
153738,3-6-1,91.5
153738,4-6-1,283.7
153738,5-6-1,1069
153738,6-5-1,764.8
153738,1-6-3,34.1
153738,2-6-3,281
153738,3-6-2,140.5
153738,4-6-2,388.4
153738,5-6-2,1288
153738,6-5-2,960.6
153738,1-6-4,51.5
153738,2-6-4,342.4
153738,3-6-4,117.1
153738,4-6-3,337.9
153738,5-6-3,1222
153738,6-5-3,946.8
153738,1-6-5,77.6
153738,2-6-5,492.7
153738,3-6-5,182.4
153738,4-6-5,402.9
153738,5-6-4,1075
153738,6-5-4,680.5
153739,1-2-3,20.6
153739,2-1-3,63.4
153739,3-1-2,62.1
153739,4-1-2,168
153739,5-1-2,2115
153739,6-1-2,39.4
153739,1-2-4,33.7
153739,2-1-4,83
153739,3-1-4,38.5
153739,4-1-3,111.9
153739,5-1-3,1371
153739,6-1-3,20.8
153739,1-2-5,296.1
153739,2-1-5,558.8
153739,3-1-5,236.5
153739,4-1-5,452.8
153739,5-1-4,1682
153739,6-1-4,35.6
153739,1-2-6,24.4
153739,2-1-6,55.2
153739,3-1-6,22.4
153739,4-1-6,64.5
153739,5-1-6,1175
153739,6-1-5,211.5
153739,1-3-2,17.4
153739,2-3-1,145.4
153739,3-2-1,162.1
153739,4-2-1,292.6
153739,5-2-1,2553
153739,6-2-1,95.6
153739,1-3-4,15
153739,2-3-4,294.9
153739,3-2-4,230.3
153739,4-2-3,450.1
153739,5-2-3,2553
153739,6-2-3,115
153739,1-3-5,120
153739,2-3-5,892
153739,3-2-5,661
153739,4-2-5,831.9
153739,5-2-4,2644
153739,6-2-4,162.3
153739,1-3-6,8.8
153739,2-3-6,178.4
153739,3-2-6,147
153739,4-2-6,264.9
153739,5-2-6,2742
153739,6-2-5,682.4
153739,1-4-2,44.5
153739,2-4-1,202.5
153739,3-4-1,77.8
153739,4-3-1,155.5
153739,5-3-1,1851
153739,6-3-1,34.5
153739,1-4-3,28.5
153739,2-4-3,394.8
153739,3-4-2,181.4
153739,4-3-2,354.2
153739,5-3-2,2350
153739,6-3-2,94.4
153739,1-4-5,206.2
153739,2-4-5,1265
153739,3-4-5,519.5
153739,4-3-5,892
153739,5-3-4,1974
153739,6-3-4,51.8
153739,1-4-6,23.9
153739,2-4-6,227.1
153739,3-4-6,57.7
153739,4-3-6,84.2
153739,5-3-6,2313
153739,6-3-5,317.7
153739,1-5-2,488.7
153739,2-5-1,1805
153739,3-5-1,646.6
153739,4-5-1,925.5
153739,5-4-1,2085
153739,6-4-1,69.2
153739,1-5-3,315.7
153739,2-5-3,1234
153739,3-5-2,1028
153739,4-5-2,1702
153739,5-4-2,2468
153739,6-4-2,142.2
153739,1-5-4,442
153739,2-5-4,2597
153739,3-5-4,860.9
153739,4-5-3,1828
153739,5-4-3,2210
153739,6-4-3,74.5
153739,1-5-6,249.2
153739,2-5-6,2115
153739,3-5-6,685.5
153739,4-5-6,569.5
153739,5-4-6,1423
153739,6-4-5,421.8
153739,1-6-2,25.9
153739,2-6-1,122.6
153739,3-6-1,31.4
153739,4-6-1,66.5
153739,5-6-1,1511
153739,6-5-1,661
153739,1-6-3,11.7
153739,2-6-3,206.2
153739,3-6-2,96.2
153739,4-6-2,156.2
153739,5-6-2,1721
153739,6-5-2,1194
153739,1-6-4,21.3
153739,2-6-4,259.7
153739,3-6-4,45.8
153739,4-6-3,72.9
153739,5-6-3,1592
153739,6-5-3,779.3
153739,1-6-5,143.9
153739,2-6-5,1139
153739,3-6-5,284.7
153739,4-6-5,308.5
153739,5-6-4,1334
153739,6-5-4,804.7
153740,1-2-3,11.8
153740,2-1-3,16.6
153740,3-1-2,49.7
153740,4-1-2,863.3
153740,5-1-2,237.3
153740,6-1-2,82.6
153740,1-2-4,66.4
153740,2-1-4,87.1
153740,3-1-4,139.5
153740,4-1-3,724.8
153740,5-1-3,208.1
153740,6-1-3,87.4
153740,1-2-5,27.8
153740,2-1-5,31.8
153740,3-1-5,56.6
153740,4-1-5,1048
153740,5-1-4,685.3
153740,6-1-4,432.7
153740,1-2-6,20.7
153740,2-1-6,38.3
153740,3-1-6,82.5
153740,4-1-6,1467
153740,5-1-6,323.1
153740,6-1-5,128.2
153740,1-3-2,22.1
153740,2-3-1,17.6
153740,3-2-1,41
153740,4-2-1,903.2
153740,5-2-1,238.9
153740,6-2-1,115.1
153740,1-3-4,121.1
153740,2-3-4,46.2
153740,3-2-4,64.1
153740,4-2-3,555.6
153740,5-2-3,134.9
153740,6-2-3,70
153740,1-3-5,42.7
153740,2-3-5,13.7
153740,3-2-5,25.7
153740,4-2-5,876.2
153740,5-2-4,638.1
153740,6-2-4,366.9
153740,1-3-6,40
153740,2-3-6,26.7
153740,3-2-6,56.5
153740,4-2-6,1198
153740,5-2-6,344.6
153740,6-2-5,98.7
153740,1-4-2,285.9
153740,2-4-1,288.7
153740,3-4-1,171
153740,4-3-1,597
153740,5-3-1,239.9
153740,6-3-1,141.3
153740,1-4-3,296.5
153740,2-4-3,154.7
153740,3-4-2,138.6
153740,4-3-2,519.5
153740,5-3-2,131.9
153740,6-3-2,94.2
153740,1-4-5,353.6
153740,2-4-5,191.8
153740,3-4-5,98.3
153740,4-3-5,555.6
153740,5-3-4,420.3
153740,6-3-4,373.1
153740,1-4-6,348
153740,2-4-6,335.4
153740,3-4-6,200.1
153740,4-3-6,553.8
153740,5-3-6,259.7
153740,6-3-5,89.1
153740,1-5-2,102.2
153740,2-5-1,81.2
153740,3-5-1,65
153740,4-5-1,1067
153740,5-4-1,1121
153740,6-4-1,1000
153740,1-5-3,108.5
153740,2-5-3,39.7
153740,3-5-2,47
153740,4-5-2,1107
153740,5-4-2,978.5
153740,6-4-2,730.8
153740,1-5-4,319
153740,2-5-4,159.8
153740,3-5-4,83
153740,4-5-3,830.8
153740,5-4-3,838.7
153740,6-4-3,736.9
153740,1-5-6,141
153740,2-5-6,104.3
153740,3-5-6,83.1
153740,4-5-6,1087
153740,5-4-6,1151
153740,6-4-5,730.8
153740,1-6-2,30.7
153740,2-6-1,77.3
153740,3-6-1,129.7
153740,4-6-1,1834
153740,5-6-1,456.3
153740,6-5-1,263.2
153740,1-6-3,36.7
153740,2-6-3,49.8
153740,3-6-2,88.8
153740,4-6-2,1761
153740,5-6-2,472.2
153740,6-5-2,233.2
153740,1-6-4,145
153740,2-6-4,232.3
153740,3-6-4,253.4
153740,4-6-3,1601
153740,5-6-3,496.1
153740,6-5-3,202.2
153740,1-6-5,59.7
153740,2-6-5,68.1
153740,3-6-5,71
153740,4-6-5,1386
153740,5-6-4,1067
153740,6-5-4,669.7
153741,1-2-3,15.2
153741,2-1-3,37.5
153741,3-1-2,74.7
153741,4-1-2,535.8
153741,5-1-2,532
153741,6-1-2,35.2
153741,1-2-4,52.1
153741,2-1-4,125.8
153741,3-1-4,192.6
153741,4-1-3,655.1
153741,5-1-3,604.9
153741,6-1-3,48.6
153741,1-2-5,44.6
153741,2-1-5,127.8
153741,3-1-5,154.5
153741,4-1-5,701.1
153741,5-1-4,893
153741,6-1-4,127.3
153741,1-2-6,9.1
153741,2-1-6,23.7
153741,3-1-6,49
153741,4-1-6,496.8
153741,5-1-6,391.7
153741,6-1-5,97.5
153741,1-3-2,24.5
153741,2-3-1,63.3
153741,3-2-1,87.3
153741,4-2-1,595.3
153741,5-2-1,694.6
153741,6-2-1,45.6
153741,1-3-4,67.4
153741,2-3-4,143.5
153741,3-2-4,181.8
153741,4-2-3,714.4
153741,5-2-3,704.4
153741,6-2-3,39.6
153741,1-3-5,70.4
153741,2-3-5,169.5
153741,3-2-5,152.9
153741,4-2-5,717.8
153741,5-2-4,1020
153741,6-2-4,119.9
153741,1-3-6,16.5
153741,2-3-6,33.6
153741,3-2-6,44.8
153741,4-2-6,429.9
153741,5-2-6,331.9
153741,6-2-5,101.9
153741,1-4-2,138.7
153741,2-4-1,306.8
153741,3-4-1,383.7
153741,4-3-1,769.4
153741,5-3-1,920.4
153741,6-3-1,68.4
153741,1-4-3,158.7
153741,2-4-3,308.7
153741,3-4-2,395.8
153741,4-3-2,838.1
153741,5-3-2,750.1
153741,6-3-2,54.9
153741,1-4-5,194.6
153741,2-4-5,350.5
153741,3-4-5,401.1
153741,4-3-5,833.5
153741,5-3-4,1049
153741,6-3-4,144.8
153741,1-4-6,122.4
153741,2-4-6,219.6
153741,3-4-6,243.9
153741,4-3-6,446.5
153741,5-3-6,503.4
153741,6-3-5,123.5
153741,1-5-2,115.7
153741,2-5-1,326.8
153741,3-5-1,293.6
153741,4-5-1,681.9
153741,5-4-1,955.6
153741,6-4-1,234.4
153741,1-5-3,137
153741,2-5-3,290.2
153741,3-5-2,311.9
153741,4-5-2,643.9
153741,5-4-2,980.6
153741,6-4-2,185.2
153741,1-5-4,289.6
153741,2-5-4,515.5
153741,3-5-4,390.7
153741,4-5-3,798
153741,5-4-3,1087
153741,6-4-3,224.9
153741,1-5-6,91.6
153741,2-5-6,182.3
153741,3-5-6,185.9
153741,4-5-6,520.9
153741,5-4-6,714.4
153741,6-4-5,265.5
153741,1-6-2,10.3
153741,2-6-1,32.5
153741,3-6-1,52.7
153741,4-6-1,541.6
153741,5-6-1,477.8
153741,6-5-1,178.6
153741,1-6-3,17.5
153741,2-6-3,29.8
153741,3-6-2,44.9
153741,4-6-2,422.6
153741,5-6-2,354.6
153741,6-5-2,155.9
153741,1-6-4,48
153741,2-6-4,91.4
153741,3-6-4,115.6
153741,4-6-3,401.1
153741,5-6-3,477.8
153741,6-5-3,184.3
153741,1-6-5,35.3
153741,2-6-5,66.8
153741,3-6-5,84.2
153741,4-6-5,467.4
153741,5-6-4,742.7
153741,6-5-4,215.5
153742,1-2-3,7.9
153742,2-1-3,82.4
153742,3-1-2,90.9
153742,4-1-2,92.2
153742,5-1-2,284
153742,6-1-2,390.6
153742,1-2-4,9.2
153742,2-1-4,52.1
153742,3-1-4,60.5
153742,4-1-3,94.8
153742,5-1-3,286.4
153742,6-1-3,269
153742,1-2-5,22.5
153742,2-1-5,175.8
153742,3-1-5,107.1
153742,4-1-5,106.1
153742,5-1-4,237.4
153742,6-1-4,487.5
153742,1-2-6,17.2
153742,2-1-6,101.7
153742,3-1-6,95.8
153742,4-1-6,99.3
153742,5-1-6,301.5
153742,6-1-5,622.1
153742,1-3-2,8.2
153742,2-3-1,316
153742,3-2-1,269.6
153742,4-2-1,193.1
153742,5-2-1,619.3
153742,6-2-1,804
153742,1-3-4,8
153742,2-3-4,554.4
153742,3-2-4,455.2
153742,4-2-3,456.8
153742,5-2-3,1238
153742,6-2-3,1136
153742,1-3-5,14.8
153742,2-3-5,794.7
153742,3-2-5,636.5
153742,4-2-5,582.6
153742,5-2-4,1309
153742,6-2-4,1562
153742,1-3-6,17.4
153742,2-3-6,823.3
153742,3-2-6,680.6
153742,4-2-6,417.9
153742,5-2-6,1297
153742,6-2-5,1656
153742,1-4-2,15.1
153742,2-4-1,197.5
153742,3-4-1,171.2
153742,4-3-1,226.8
153742,5-3-1,526.8
153742,6-3-1,600.4
153742,1-4-3,15.9
153742,2-4-3,622.1
153742,3-4-2,442.1
153742,4-3-2,587.5
153742,5-3-2,1348
153742,6-3-2,1216
153742,1-4-5,33.5
153742,2-4-5,941.7
153742,3-4-5,415.4
153742,4-3-5,587.5
153742,5-3-4,759.6
153742,6-3-4,1155
153742,1-4-6,25.6
153742,2-4-6,541.3
153742,3-4-6,343.7
153742,4-3-6,467.6
153742,5-3-6,1227
153742,6-3-5,1478
153742,1-5-2,54
153742,2-5-1,674
153742,3-5-1,295.6
153742,4-5-1,186.3
153742,5-4-1,342
153742,6-4-1,794.7
153742,1-5-3,47.7
153742,2-5-3,870.2
153742,3-5-2,804
153742,4-5-2,511.1
153742,5-4-2,989.1
153742,6-4-2,1322
153742,1-5-4,62.6
153742,2-5-4,1403
153742,3-5-4,496.3
153742,4-5-3,501.8
153742,5-4-3,1136
153742,6-4-3,1238
153742,1-5-6,74.6
153742,2-5-6,1417
153742,3-5-6,670.7
153742,4-5-6,306.9
153742,5-4-6,781.2
153742,6-4-5,1041
153742,1-6-2,61.7
153742,2-6-1,611.1
153742,3-6-1,333.7
153742,4-6-1,250.9
153742,5-6-1,708.7
153742,6-5-1,1099
153742,1-6-3,52.1
153742,2-6-3,1417
153742,3-6-2,785.7
153742,4-6-2,455.2
153742,5-6-2,1065
153742,6-5-2,1785
153742,1-6-4,66
153742,2-6-4,1049
153742,3-6-4,597.8
153742,4-6-3,501.8
153742,5-6-3,1273
153742,6-5-3,1740
153742,1-6-5,88.6
153742,2-6-5,1697
153742,3-6-5,781.2
153742,4-6-5,409.2
153742,5-6-4,1195
153742,6-5-4,1185
153743,1-2-3,10
153743,2-1-3,15.1
153743,3-1-2,32.5
153743,4-1-2,1505
153743,5-1-2,101.2
153743,6-1-2,214.8
153743,1-2-4,99.5
153743,2-1-4,105
153743,3-1-4,171.7
153743,4-1-3,632.7
153743,5-1-3,102.3
153743,6-1-3,253
153743,1-2-5,17.1
153743,2-1-5,22
153743,3-1-5,40.9
153743,4-1-5,1332
153743,5-1-4,490.5
153743,6-1-4,576.9
153743,1-2-6,27.6
153743,2-1-6,29.6
153743,3-1-6,50.8
153743,4-1-6,640.7
153743,5-1-6,129.3
153743,6-1-5,436.4
153743,1-3-2,18.6
153743,2-3-1,27.6
153743,3-2-1,38.1
153743,4-2-1,1636
153743,5-2-1,111.2
153743,6-2-1,227.8
153743,1-3-4,97.5
153743,2-3-4,135.2
153743,3-2-4,168.6
153743,4-2-3,865.4
153743,5-2-3,78.7
153743,6-2-3,198.6
153743,1-3-5,21.4
153743,2-3-5,19.6
153743,3-2-5,25
153743,4-2-5,1368
153743,5-2-4,476.5
153743,6-2-4,1224
153743,1-3-6,35.8
153743,2-3-6,25.1
153743,3-2-6,31.9
153743,4-2-6,1381
153743,5-2-6,86.4
153743,6-2-5,253
153743,1-4-2,306
153743,2-4-1,532.1
153743,3-4-1,328
153743,4-3-1,547.5
153743,5-3-1,137.3
153743,6-3-1,321
153743,1-4-3,250.9
153743,2-4-3,346.9
153743,3-4-2,427.8
153743,4-3-2,1381
153743,5-3-2,96.7
153743,6-3-2,255.6
153743,1-4-5,346.1
153743,2-4-5,411.4
153743,3-4-5,349.3
153743,4-3-5,1792
153743,5-3-4,555.6
153743,6-3-4,630
153743,1-4-6,273.2
153743,2-4-6,463.3
153743,3-4-6,313.7
153743,4-3-6,672.2
153743,5-3-6,122.2
153743,6-3-5,386.1
153743,1-5-2,44.3
153743,2-5-1,62.2
153743,3-5-1,68.5
153743,4-5-1,1461
153743,5-4-1,891
153743,6-4-1,710.3
153743,1-5-3,51.8
153743,2-5-3,37.8
153743,3-5-2,42.6
153743,4-5-2,1536
153743,5-4-2,965.2
153743,6-4-2,1771
153743,1-5-4,339.1
153743,2-5-4,255.2
153743,3-5-4,246
153743,4-5-3,1836
153743,5-4-3,1017
153743,6-4-3,690.7
153743,1-5-6,71
153743,2-5-6,46.9
153743,3-5-6,54.4
153743,4-5-6,1075
153743,5-4-6,532.1
153743,6-4-5,780.2
153743,1-6-2,85.8
153743,2-6-1,116.3
153743,3-6-1,119.3
153743,4-6-1,752.9
153743,5-6-1,175.9
153743,6-5-1,478
153743,1-6-3,90.7
153743,2-6-3,73.7
153743,3-6-2,87
153743,4-6-2,1981
153743,5-6-2,111.6
153743,6-5-2,261.4
153743,1-6-4,279.8
153743,2-6-4,457.7
153743,3-6-4,336.1
153743,4-6-3,760.5
153743,5-6-3,136.1
153743,6-5-3,343
153743,1-6-5,132
153743,2-6-5,86
153743,3-6-5,98.2
153743,4-6-5,1521
153743,5-6-4,549.5
153743,6-5-4,646.2
153744,1-2-3,54.1
153744,2-1-3,118.6
153744,3-1-2,69.6
153744,4-1-2,218.1
153744,5-1-2,1241
153744,6-1-2,29
153744,1-2-4,95.3
153744,2-1-4,226.6
153744,3-1-4,31.3
153744,4-1-3,99.1
153744,5-1-3,790.8
153744,6-1-3,15.7
153744,1-2-5,410.1
153744,2-1-5,569.6
153744,3-1-5,117.4
153744,4-1-5,211.7
153744,5-1-4,811.3
153744,6-1-4,29.9
153744,1-2-6,51.2
153744,2-1-6,121.2
153744,3-1-6,22.9
153744,4-1-6,102
153744,5-1-6,669.3
153744,6-1-5,117.7
153744,1-3-2,49.2
153744,2-3-1,166.8
153744,3-2-1,119.8
153744,4-2-1,374
153744,5-2-1,1819
153744,6-2-1,63.8
153744,1-3-4,44.9
153744,2-3-4,179.1
153744,3-2-4,83.6
153744,4-2-3,285.2
153744,5-2-3,1536
153744,6-2-3,48.9
153744,1-3-5,195.6
153744,2-3-5,438.9
153744,3-2-5,227.7
153744,4-2-5,514.8
153744,5-2-4,1338
153744,6-2-4,71.4
153744,1-3-6,22.7
153744,2-3-6,99.3
153744,3-2-6,68.5
153744,4-2-6,200.4
153744,5-2-6,1224
153744,6-2-5,213.2
153744,1-4-2,124.8
153744,2-4-1,328.2
153744,3-4-1,29.6
153744,4-3-1,71.5
153744,5-3-1,829.2
153744,6-3-1,25.2
153744,1-4-3,74.2
153744,2-4-3,287
153744,3-4-2,67.1
153744,4-3-2,149.2
153744,5-3-2,752.6
153744,6-3-2,40.6
153744,1-4-5,215.6
153744,2-4-5,694.1
153744,3-4-5,47.9
153744,4-3-5,96
153744,5-3-4,516.3
153744,6-3-4,34.5
153744,1-4-6,64.4
153744,2-4-6,255.3
153744,3-4-6,20.4
153744,4-3-6,52.1
153744,5-3-6,493.2
153744,6-3-5,92.9
153744,1-5-2,726.4
153744,2-5-1,1368
153744,3-5-1,178.8
153744,4-5-1,377.1
153744,5-4-1,598.7
153744,6-4-1,72.2
153744,1-5-3,580.2
153744,2-5-3,859.7
153744,3-5-2,270.8
153744,4-5-2,551.2
153744,5-4-2,1274
153744,6-4-2,92.7
153744,1-5-4,462.7
153744,2-5-4,1257
153744,3-5-4,109.6
153744,4-5-3,285.7
153744,5-4-3,641.8
153744,6-4-3,73.7
153744,1-5-6,462.7
153744,2-5-6,1266
153744,3-5-6,103.1
153744,4-5-6,235.7
153744,5-4-6,624.7
153744,6-4-5,134.5
153744,1-6-2,26.1
153744,2-6-1,139.9
153744,3-6-1,26.3
153744,4-6-1,110.7
153744,5-6-1,626.8
153744,6-5-1,378.6
153744,1-6-3,16.6
153744,2-6-3,98.5
153744,3-6-2,46.8
153744,4-6-2,125.5
153744,5-6-2,771.2
153744,6-5-2,428.8
153744,1-6-4,32.3
153744,2-6-4,164.5
153744,3-6-4,25.8
153744,4-6-3,82.5
153744,5-6-3,573.1
153744,6-5-3,358.3
153744,1-6-5,121.6
153744,2-6-5,468.5
153744,3-6-5,72.5
153744,4-6-5,162.8
153744,5-6-4,593.1
153744,6-5-4,354.2
153745,1-2-3,12.5
153745,2-1-3,39.7
153745,3-1-2,358.6
153745,4-1-2,110.2
153745,5-1-2,70.8
153745,6-1-2,180.9
153745,1-2-4,6.5
153745,2-1-4,20.1
153745,3-1-4,391.1
153745,4-1-3,331
153745,5-1-3,230.1
153745,6-1-3,754.8
153745,1-2-5,7.5
153745,2-1-5,18.3
153745,3-1-5,388
153745,4-1-5,115.2
153745,5-1-4,120.8
153745,6-1-4,418.1
153745,1-2-6,12.4
153745,2-1-6,27.9
153745,3-1-6,544.9
153745,4-1-6,142.8
153745,5-1-6,72.8
153745,6-1-5,279.5
153745,1-3-2,39.8
153745,2-3-1,173.9
153745,3-2-1,451.1
153745,4-2-1,170.3
153745,5-2-1,100.8
153745,6-2-1,279.5
153745,1-3-4,67.2
153745,2-3-4,265.7
153745,3-2-4,671.3
153745,4-2-3,598.7
153745,5-2-3,415.4
153745,6-2-3,1077
153745,1-3-5,57.8
153745,2-3-5,262.5
153745,3-2-5,551.1
153745,4-2-5,245.8
153745,5-2-4,231.7
153745,6-2-4,659.8
153745,1-3-6,89.4
153745,2-3-6,291.7
153745,3-2-6,862.2
153745,4-2-6,263.9
153745,5-2-6,141.5
153745,6-2-5,461.9
153745,1-4-2,20.4
153745,2-4-1,69.9
153745,3-4-1,1000
153745,4-3-1,631.9
153745,5-3-1,623.8
153745,6-3-1,1577
153745,1-4-3,71.7
153745,2-4-3,205.9
153745,3-4-2,994.9
153745,4-3-2,1026
153745,5-3-2,713.2
153745,6-3-2,1577
153745,1-4-5,32.3
153745,2-4-5,129.7
153745,3-4-5,1293
153745,4-3-5,1220
153745,5-3-4,1048
153745,6-3-4,2282
153745,1-4-6,41.9
153745,2-4-6,132.7
153745,3-4-6,1564
153745,4-3-6,1564
153745,5-3-6,1005
153745,6-3-5,2179
153745,1-5-2,18.7
153745,2-5-1,60.2
153745,3-5-1,763.8
153745,4-5-1,133.8
153745,5-4-1,168.9
153745,6-4-1,627.8
153745,1-5-3,73.5
153745,2-5-3,216
153745,3-5-2,836.2
153745,4-5-2,172.7
153745,5-4-2,257.6
153745,6-4-2,858.4
153745,1-5-4,42.1
153745,2-5-4,145.9
153745,3-5-4,1005
153745,4-5-3,760.8
153745,5-4-3,928.2
153745,6-4-3,2131
153745,1-5-6,33.1
153745,2-5-6,103.8
153745,3-5-6,1259
153745,4-5-6,137
153745,5-4-6,189.8
153745,6-4-5,528.6
153745,1-6-2,46
153745,2-6-1,106.9
153745,3-6-1,1902
153745,4-6-1,226.9
153745,5-6-1,119.3
153745,6-5-1,339.7
153745,1-6-3,164.8
153745,2-6-3,497.4
153745,3-6-2,1616
153745,4-6-2,313.4
153745,5-6-2,156.9
153745,6-5-2,413.6
153745,1-6-4,90.1
153745,2-6-4,259.3
153745,3-6-4,2552
153745,4-6-3,941.7
153745,5-6-3,617.8
153745,6-5-3,1328
153745,1-6-5,64.9
153745,2-6-5,164.9
153745,3-6-5,1847
153745,4-6-5,201.6
153745,5-6-4,207
153745,6-5-4,447
153746,1-2-3,70.7
153746,2-1-3,381
153746,3-1-2,931.1
153746,4-1-2,14.5
153746,5-1-2,210.6
153746,6-1-2,574.2
153746,1-2-4,16.7
153746,2-1-4,82.7
153746,3-1-4,294.4
153746,4-1-3,39.5
153746,5-1-3,399.9
153746,6-1-3,1101
153746,1-2-5,55.5
153746,2-1-5,263.8
153746,3-1-5,633
153746,4-1-5,8.4
153746,5-1-4,92.8
153746,6-1-4,362.1
153746,1-2-6,112.6
153746,2-1-6,248.1
153746,3-1-6,1674
153746,4-1-6,18.6
153746,5-1-6,217.2
153746,6-1-5,817.5
153746,1-3-2,139
153746,2-3-1,893.2
153746,3-2-1,1262
153746,4-2-1,43.4
153746,5-2-1,387.1
153746,6-2-1,949.5
153746,1-3-4,44.9
153746,2-3-4,719.9
153746,3-2-4,924
153746,4-2-3,204.9
153746,5-2-3,843.2
153746,6-2-3,1526
153746,1-3-5,121.4
153746,2-3-5,1317
153746,3-2-5,1354
153746,4-2-5,56.9
153746,5-2-4,335.8
153746,6-2-4,650
153746,1-3-6,271.5
153746,2-3-6,1566
153746,3-2-6,2134
153746,4-2-6,79.7
153746,5-2-6,545.6
153746,6-2-5,1317
153746,1-4-2,9.6
153746,2-4-1,102.1
153746,3-4-1,323.7
153746,4-3-1,142.2
153746,5-3-1,1067
153746,6-3-1,2565
153746,1-4-3,18.5
153746,2-4-3,419.4
153746,3-4-2,748.9
153746,4-3-2,350
153746,5-3-2,1153
153746,6-3-2,2512
153746,1-4-5,9.6
153746,2-4-5,231.2
153746,3-4-5,423.1
153746,4-3-5,154
153746,5-3-4,910
153746,6-3-4,1674
153746,1-4-6,27.1
153746,2-4-6,301.8
153746,3-4-6,870.6
153746,4-3-6,380.3
153746,5-3-6,1402
153746,6-3-5,2275
153746,1-5-2,80.7
153746,2-5-1,443.3
153746,3-5-1,1205
153746,4-5-1,10.4
153746,5-4-1,69.6
153746,6-4-1,324.1
153746,1-5-3,134.8
153746,2-5-3,938.4
153746,3-5-2,1629
153746,4-5-2,24.3
153746,5-4-2,128
153746,6-4-2,499.3
153746,1-5-4,33.7
153746,2-5-4,437.7
153746,3-5-4,1111
153746,4-5-3,99.5
153746,5-4-3,342
153746,6-4-3,910
153746,1-5-6,121.5
153746,2-5-6,945.7
153746,3-5-6,2341
153746,4-5-6,14.9
153746,5-4-6,111.1
153746,6-4-5,396
153746,1-6-2,251.4
153746,2-6-1,1000
153746,3-6-1,2650
153746,4-6-1,33.8
153746,5-6-1,385.2
153746,6-5-1,1009
153746,1-6-3,489.1
153746,2-6-3,2436
153746,3-6-2,2804
153746,4-6-2,57.7
153746,5-6-2,643.1
153746,6-5-2,1378
153746,1-6-4,126.4
153746,2-6-4,687.1
153746,3-6-4,1663
153746,4-6-3,202.8
153746,5-6-3,1218
153746,6-5-3,1773
153746,1-6-5,274.9
153746,2-6-5,1651
153746,3-6-5,3132
153746,4-6-5,34.6
153746,5-6-4,289.1
153746,6-5-4,576.9
153747,1-2-3,53.6
153747,2-1-3,563.5
153747,3-1-2,687.1
153747,4-1-2,70.4
153747,5-1-2,307
153747,6-1-2,288.8
153747,1-2-4,29.6
153747,2-1-4,401.8
153747,3-1-4,447.5
153747,4-1-3,114.4
153747,5-1-3,480.1
153747,6-1-3,463.2
153747,1-2-5,46.7
153747,2-1-5,705.5
153747,3-1-5,901.6
153747,4-1-5,18.9
153747,5-1-4,103
153747,6-1-4,92.2
153747,1-2-6,25.8
153747,2-1-6,528.1
153747,3-1-6,606
153747,4-1-6,14.4
153747,5-1-6,93.8
153747,6-1-5,159.7
153747,1-3-2,84.7
153747,2-3-1,1113
153747,3-2-1,1455
153747,4-2-1,204.2
153747,5-2-1,783.2
153747,6-2-1,687.1
153747,1-3-4,36
153747,2-3-4,1490
153747,3-2-4,1727
153747,4-2-3,551.7
153747,5-2-3,1339
153747,6-2-3,1711
153747,1-3-5,61.1
153747,2-3-5,2339
153747,3-2-5,1966
153747,4-2-5,274.2
153747,5-2-4,821.5
153747,6-2-4,901.6
153747,1-3-6,30.6
153747,2-3-6,2339
153747,3-2-6,2464
153747,4-2-6,213.4
153747,5-2-6,800.2
153747,6-2-5,1455
153747,1-4-2,18.7
153747,2-4-1,546.8
153747,3-4-1,855.7
153747,4-3-1,350
153747,5-3-1,1087
153747,6-3-1,1169
153747,1-4-3,26.9
153747,2-4-3,1369
153747,3-4-2,2031
153747,4-3-2,439
153747,5-3-2,1711
153747,6-3-2,2076
153747,1-4-5,10.2
153747,2-4-5,1062
153747,3-4-5,1369
153747,4-3-5,563.5
153747,5-3-4,1127
153747,6-3-4,1379
153747,1-4-6,6.4
153747,2-4-6,748.3
153747,3-4-6,1093
153747,4-3-6,392.4
153747,5-3-6,1141
153747,6-3-5,1905
153747,1-5-2,69.7
153747,2-5-1,1478
153747,3-5-1,1184
153747,4-5-1,28.9
153747,5-4-1,94.4
153747,6-4-1,110.2
153747,1-5-3,84.5
153747,2-5-3,1301
153747,3-5-2,2076
153747,4-5-2,139.2
153747,5-4-2,339.1
153747,6-4-2,456.4
153747,1-5-4,26.5
153747,2-5-4,1794
153747,3-5-4,1127
153747,4-5-3,267.8
153747,5-4-3,602.1
153747,6-4-3,644
153747,1-5-6,17.4
153747,2-5-6,2076
153747,3-5-6,2532
153747,4-5-6,27.4
153747,5-4-6,80.7
153747,6-4-5,146.8
153747,1-6-2,36.9
153747,2-6-1,1010
153747,3-6-1,1515
153747,4-6-1,27.1
153747,5-6-1,144.2
153747,6-5-1,242.9
153747,1-6-3,43.6
153747,2-6-3,2678
153747,3-6-2,2432
153747,4-6-2,125
153747,5-6-2,465.6
153747,6-5-2,933.5
153747,1-6-4,15.7
153747,2-6-4,1349
153747,3-6-4,1593
153747,4-6-3,259.2
153747,5-6-3,796.7
153747,6-5-3,1216
153747,1-6-5,20.6
153747,2-6-5,1966
153747,3-6-5,1794
153747,4-6-5,33.7
153747,5-6-4,135.8
153747,6-5-4,203.8
153748,1-2-3,7.5
153748,2-1-3,32.9
153748,3-1-2,47.6
153748,4-1-2,75.7
153748,5-1-2,332.7
153748,6-1-2,155.4
153748,1-2-4,8.8
153748,2-1-4,37.9
153748,3-1-4,69.2
153748,4-1-3,122.4
153748,5-1-3,371.7
153748,6-1-3,323.7
153748,1-2-5,23.2
153748,2-1-5,81.2
153748,3-1-5,101.8
153748,4-1-5,205.7
153748,5-1-4,443.4
153748,6-1-4,174.6
153748,1-2-6,14
153748,2-1-6,47.2
153748,3-1-6,77.6
153748,4-1-6,54.1
153748,5-1-6,370.2
153748,6-1-5,535.6
153748,1-3-2,12.9
153748,2-3-1,86.5
153748,3-2-1,68
153748,4-2-1,136.1
153748,5-2-1,535.6
153748,6-2-1,265.5
153748,1-3-4,26.9
153748,2-3-4,161.1
153748,3-2-4,108.4
153748,4-2-3,186.7
153748,5-2-3,772
153748,6-2-3,607.2
153748,1-3-5,35.2
153748,2-3-5,231.4
153748,3-2-5,151.9
153748,4-2-5,402.3
153748,5-2-4,908
153748,6-2-4,288
153748,1-3-6,27.2
153748,2-3-6,171.7
153748,3-2-6,102
153748,4-2-6,127.7
153748,5-2-6,840
153748,6-2-5,1030
153748,1-4-2,20.3
153748,2-4-1,142.4
153748,3-4-1,116.3
153748,4-3-1,146.2
153748,5-3-1,513.9
153748,6-3-1,637.7
153748,1-4-3,42.1
153748,2-4-3,228.9
153748,3-4-2,122.2
153748,4-3-2,159.8
153748,5-3-2,775.1
153748,6-3-2,683.4
153748,1-4-5,78.2
153748,2-4-5,420.9
153748,3-4-5,188.9
153748,4-3-5,251.2
153748,5-3-4,832.7
153748,6-3-4,925.6
153748,1-4-6,30.3
153748,2-4-6,201.3
153748,3-4-6,115.3
153748,4-3-6,131.3
153748,5-3-6,650.8
153748,6-3-5,1177
153748,1-5-2,56.8
153748,2-5-1,286.3
153748,3-5-1,216.2
153748,4-5-1,379.8
153748,5-4-1,644.2
153748,6-4-1,120
153748,1-5-3,80.3
153748,2-5-3,335.1
153748,3-5-2,229.4
153748,4-5-2,463.9
153748,5-4-2,925.6
153748,6-4-2,180.9
153748,1-5-4,94.7
153748,2-5-4,579.6
153748,3-5-4,281.2
153748,4-5-3,426.6
153748,5-4-3,921.2
153748,6-4-3,352.4
153748,1-5-6,86.1
153748,2-5-6,474.3
153748,3-5-6,201.7
153748,4-5-6,303.1
153748,5-4-6,583.1
153748,6-4-5,462.8
153748,1-6-2,40.5
153748,2-6-1,187.6
153748,3-6-1,187.6
153748,4-6-1,57.4
153748,5-6-1,540.1
153748,6-5-1,874.7
153748,1-6-3,69.3
153748,2-6-3,330.4
153748,3-6-2,181.9
153748,4-6-2,78.1
153748,5-6-2,939.3
153748,6-5-2,1371
153748,1-6-4,52.2
153748,2-6-4,305.1
153748,3-6-4,244.1
153748,4-6-3,146.9
153748,5-6-3,825.5
153748,6-5-3,1381
153748,1-6-5,136.5
153748,2-6-5,540.1
153748,3-6-5,305.1
153748,4-6-5,196.7
153748,5-6-4,747.8
153748,6-5-4,840
153749,1-2-3,8.7
153749,2-1-3,41.9
153749,3-1-2,40.7
153749,4-1-2,553
153749,5-1-2,53.8
153749,6-1-2,918.1
153749,1-2-4,27.8
153749,2-1-4,97.4
153749,3-1-4,38.2
153749,4-1-3,454.5
153749,5-1-3,39
153749,6-1-3,1035
153749,1-2-5,16.9
153749,2-1-5,67
153749,3-1-5,22.8
153749,4-1-5,400.3
153749,5-1-4,149.5
153749,6-1-4,1659
153749,1-2-6,59.3
153749,2-1-6,158.6
153749,3-1-6,83.6
153749,4-1-6,586
153749,5-1-6,96.9
153749,6-1-5,1157
153749,1-3-2,7
153749,2-3-1,83.5
153749,3-2-1,83.6
153749,4-2-1,906
153749,5-2-1,124.8
153749,6-2-1,1363
153749,1-3-4,13.5
153749,2-3-4,223.2
153749,3-2-4,178.6
153749,4-2-3,1005
153749,5-2-3,154.2
153749,6-2-3,1995
153749,1-3-5,7.6
153749,2-3-5,121.3
153749,3-2-5,96.3
153749,4-2-5,983.6
153749,5-2-4,384.6
153749,6-2-4,2151
153749,1-3-6,33.5
153749,2-3-6,311.5
153749,3-2-6,227.2
153749,4-2-6,1419
153749,5-2-6,283.3
153749,6-2-5,1886
153749,1-4-2,70.4
153749,2-4-1,360.5
153749,3-4-1,145.7
153749,4-3-1,498.9
153749,5-3-1,69.6
153749,6-3-1,1324
153749,1-4-3,46.8
153749,2-4-3,427.6
153749,3-4-2,271.6
153749,4-3-2,805.3
153749,5-3-2,130.4
153749,6-3-2,2118
153749,1-4-5,68.1
153749,2-4-5,709.8
153749,3-4-5,156.4
153749,4-3-5,521.6
153749,5-3-4,283.3
153749,6-3-4,2025
153749,1-4-6,112.3
153749,2-4-6,824.6
153749,3-4-6,250.3
153749,4-3-6,782.4
153749,5-3-6,216.5
153749,6-3-5,1679
153749,1-5-2,23.8
153749,2-5-1,169.1
153749,3-5-1,52.3
153749,4-5-1,529.6
153749,5-4-1,359.5
153749,6-4-1,2550
153749,1-5-3,12.4
153749,2-5-3,174.3
153749,3-5-2,103
153749,4-5-2,578.6
153749,5-4-2,566.7
153749,6-4-2,2334
153749,1-5-4,51.8
153749,2-5-4,511.9
153749,3-5-4,149.5
153749,4-5-3,578.6
153749,5-4-3,521.6
153749,6-4-3,2086
153749,1-5-6,56.3
153749,2-5-6,478.1
153749,3-5-6,175.4
153749,4-5-6,652.6
153749,5-4-6,413.5
153749,6-4-5,1967
153749,1-6-2,204.9
153749,2-6-1,1067
153749,3-6-1,433
153749,4-6-1,1157
153749,5-6-1,231.8
153749,6-5-1,1110
153749,1-6-3,192.8
153749,2-6-3,1263
153749,3-6-2,717.2
153749,4-6-2,1263
153749,5-6-2,326.3
153749,6-5-2,1299
153749,1-6-4,253.6
153749,2-6-4,1659
153749,3-6-4,658.9
153749,4-6-3,1377
153749,5-6-3,311.5
153749,6-5-3,1128
153749,1-6-5,198.7
153749,2-6-5,1324
153749,3-6-5,476.5
153749,4-6-5,949.7
153749,5-6-4,468.4
153749,6-5-4,1465
153750,1-2-3,5.3
153750,2-1-3,28
153750,3-1-2,39.9
153750,4-1-2,168.3
153750,5-1-2,326.2
153750,6-1-2,400.6
153750,1-2-4,11.8
153750,2-1-4,47.4
153750,3-1-4,40.1
153750,4-1-3,225.9
153750,5-1-3,367.2
153750,6-1-3,474.3
153750,1-2-5,21.7
153750,2-1-5,87.5
153750,3-1-5,68.6
153750,4-1-5,284.6
153750,5-1-4,518.2
153750,6-1-4,719.7
153750,1-2-6,22.4
153750,2-1-6,77.8
153750,3-1-6,57.2
153750,4-1-6,246.7
153750,5-1-6,364.2
153750,6-1-5,1016
153750,1-3-2,7
153750,2-3-1,66.7
153750,3-2-1,76.3
153750,4-2-1,272
153750,5-2-1,554.6
153750,6-2-1,704.6
153750,1-3-4,9.6
153750,2-3-4,134.3
153750,3-2-4,125.5
153750,4-2-3,427.4
153750,5-2-3,780.4
153750,6-2-3,780.4
153750,1-3-5,15.7
153750,2-3-5,226.3
153750,3-2-5,206.3
153750,4-2-5,601.9
153750,5-2-4,1198
153750,6-2-4,932.1
153750,1-3-6,19.2
153750,2-3-6,191.4
153750,3-2-6,182.7
153750,4-2-6,441.5
153750,5-2-6,1113
153750,6-2-5,1542
153750,1-4-2,27.1
153750,2-4-1,177.7
153750,3-4-1,113
153750,4-3-1,281.1
153750,5-3-1,640.7
153750,6-3-1,690.1
153750,1-4-3,23.7
153750,2-4-3,258.8
153750,3-4-2,169
153750,4-3-2,406.7
153750,5-3-2,745.7
153750,6-3-2,874.4
153750,1-4-5,68.8
153750,2-4-5,567.5
153750,3-4-5,173.8
153750,4-3-5,426.8
153750,5-3-4,979.8
153750,6-3-4,900.8
153750,1-4-6,49.6
153750,2-4-6,370.8
153750,3-4-6,146.8
153750,4-3-6,370.8
153750,5-3-6,1198
153750,6-3-5,1508
153750,1-5-2,58.2
153750,2-5-1,491.6
153750,3-5-1,253.9
153750,4-5-1,476
153750,5-4-1,863.2
153750,6-4-1,1016
153750,1-5-3,57.6
153750,2-5-3,507.4
153750,3-5-2,313.6
153750,4-5-2,572.4
153750,5-4-2,1086
153750,6-4-2,1052
153750,1-5-4,110.1
153750,2-5-4,928.9
153750,3-5-4,292.7
153750,4-5-3,714
153750,5-4-3,1167
153750,6-4-3,935.4
153750,1-5-6,114.8
153750,2-5-6,916.2
153750,3-5-6,409.8
153750,4-5-6,485.4
153750,5-4-6,952
153750,6-4-5,1451
153750,1-6-2,84.2
153750,2-6-1,387.9
153750,3-6-1,249.9
153750,4-6-1,472.6
153750,5-6-1,1157
153750,6-5-1,1398
153750,1-6-3,84.1
153750,2-6-3,422.7
153750,3-6-2,371.3
153750,4-6-2,576.1
153750,5-6-2,1667
153750,6-5-2,2003
153750,1-6-4,135.7
153750,2-6-4,599.2
153750,3-6-4,357.9
153750,4-6-3,540.1
153750,5-6-3,1677
153750,6-5-3,2033
153750,1-6-5,202.1
153750,2-6-5,1073
153750,3-6-5,672.8
153750,4-6-5,699.1
153750,5-6-4,1342
153750,6-5-4,1677
153751,1-2-3,22.4
153751,2-1-3,125.5
153751,3-1-2,256.2
153751,4-1-2,21.1
153751,5-1-2,139.2
153751,6-1-2,427.9
153751,1-2-4,10.6
153751,2-1-4,41.9
153751,3-1-4,120.5
153751,4-1-3,52.6
153751,5-1-3,296.4
153751,6-1-3,845.7
153751,1-2-5,33.6
153751,2-1-5,96.2
153751,3-1-5,212.5
153751,4-1-5,24.9
153751,5-1-4,118.9
153751,6-1-4,333
153751,1-2-6,26.4
153751,2-1-6,108.4
153751,3-1-6,326.4
153751,4-1-6,25.2
153751,5-1-6,145.8
153751,6-1-5,696
153751,1-3-2,40.8
153751,2-3-1,274.7
153751,3-2-1,422.1
153751,4-2-1,45.5
153751,5-2-1,256.5
153751,6-2-1,664.3
153751,1-3-4,24.9
153751,2-3-4,213.8
153751,3-2-4,288.4
153751,4-2-3,129.4
153751,5-2-3,576.3
153751,6-2-3,1346
153751,1-3-5,64.5
153751,2-3-5,375.4
153751,3-2-5,463.1
153751,4-2-5,64.8
153751,5-2-4,224.2
153751,6-2-4,456.3
153751,1-3-6,57.6
153751,2-3-6,522.8
153751,3-2-6,771.9
153751,4-2-6,75
153751,5-2-6,359.6
153751,6-2-5,1101
153751,1-4-2,9.5
153751,2-4-1,66.3
153751,3-4-1,168.1
153751,4-3-1,117.5
153751,5-3-1,757.8
153751,6-3-1,1220
153751,1-4-3,19.4
153751,2-4-3,157.4
153751,3-4-2,241.7
153751,4-3-2,198.4
153751,5-3-2,987.2
153751,6-3-2,1906
153751,1-4-5,22.1
153751,2-4-5,111.6
153751,3-4-5,234
153751,4-3-5,184.9
153751,5-3-4,652.1
153751,6-3-4,968
153751,1-4-6,20.2
153751,2-4-6,134.6
153751,3-4-6,248.5
153751,4-3-6,159.4
153751,5-3-6,718.2
153751,6-3-5,1877
153751,1-5-2,58
153751,2-5-1,234
153751,3-5-1,486.8
153751,4-5-1,30.8
153751,5-4-1,103.2
153751,6-4-1,295
153751,1-5-3,87.9
153751,2-5-3,458.9
153751,3-5-2,580.3
153751,4-5-2,48.7
153751,5-4-2,131.3
153751,6-4-2,340.3
153751,1-5-4,54.9
153751,2-5-4,190.3
153751,3-5-4,432.4
153751,4-5-3,121.6
153751,5-4-3,304.4
153751,6-4-3,716.2
153751,1-5-6,67.6
153751,2-5-6,434.7
153751,3-5-6,627.3
153751,4-5-6,33.7
153751,5-4-6,108.6
153751,6-4-5,429.4
153751,1-6-2,70.9
153751,2-6-1,470.2
153751,3-6-1,755.5
153751,4-6-1,51.7
153751,5-6-1,260.8
153751,6-5-1,851.5
153751,1-6-3,112
153751,2-6-3,767.2
153751,3-6-2,1180
153751,4-6-2,83.3
153751,5-6-2,465.8
153751,6-5-2,1152
153751,1-6-4,77.6
153751,2-6-4,339.9
153751,3-6-4,537.5
153751,4-6-3,148.4
153751,5-6-3,710
153751,6-5-3,1520
153751,1-6-5,127
153751,2-6-5,702
153751,3-6-5,983.3
153751,4-6-5,62.4
153751,5-6-4,289.1
153751,6-5-4,595.6
153752,1-2-3,8.1
153752,2-1-3,19.9
153752,3-1-2,15
153752,4-1-2,211.5
153752,5-1-2,260.9
153752,6-1-2,414.5
153752,1-2-4,25.5
153752,2-1-4,55
153752,3-1-4,25.4
153752,4-1-3,198.3
153752,5-1-3,203.9
153752,6-1-3,390.6
153752,1-2-5,40.7
153752,2-1-5,81.4
153752,3-1-5,35.2
153752,4-1-5,297.8
153752,5-1-4,418.5
153752,6-1-4,1062
153752,1-2-6,49.4
153752,2-1-6,100.7
153752,3-1-6,51.1
153752,4-1-6,376.4
153752,5-1-6,345.8
153752,6-1-5,803
153752,1-3-2,7.7
153752,2-3-1,25.3
153752,3-2-1,21.8
153752,4-2-1,228.2
153752,5-2-1,407.5
153752,6-2-1,521.2
153752,1-3-4,12.7
153752,2-3-4,64.7
153752,3-2-4,45
153752,4-2-3,224.9
153752,5-2-3,318.3
153752,6-2-3,536.6
153752,1-3-5,23
153752,2-3-5,75.1
153752,3-2-5,54
153752,4-2-5,447.9
153752,5-2-4,697.1
153752,6-2-4,1606
153752,1-3-6,33.6
153752,2-3-6,94.9
153752,3-2-6,67.1
153752,4-2-6,447
153752,5-2-6,548.9
153752,6-2-5,1748
153752,1-4-2,44
153752,2-4-1,161.9
153752,3-4-1,52.1
153752,4-3-1,162.1
153752,5-3-1,232.6
153752,6-3-1,681.8
153752,1-4-3,40
153752,2-4-3,166.2
153752,3-4-2,61.9
153752,4-3-2,201.3
153752,5-3-2,280.8
153752,6-3-2,708.5
153752,1-4-5,90.4
153752,2-4-5,328.5
153752,3-4-5,72.1
153752,4-3-5,236.9
153752,5-3-4,439.7
153752,6-3-4,963.6
153752,1-4-6,95.8
153752,2-4-6,370.6
153752,3-4-6,105.5
153752,4-3-6,299
153752,5-3-6,397.1
153752,6-3-5,1141
153752,1-5-2,100.6
153752,2-5-1,271.3
153752,3-5-1,86.2
153752,4-5-1,382.3
153752,5-4-1,567.5
153752,6-4-1,1407
153752,1-5-3,77.2
153752,2-5-3,200.2
153752,3-5-2,88.1
153752,4-5-2,487.2
153752,5-4-2,667.1
153752,6-4-2,1165
153752,1-5-4,147.6
153752,2-5-4,422.6
153752,3-5-4,119
153752,4-5-3,406
153752,5-4-3,597.2
153752,6-4-3,1106
153752,1-5-6,190.3
153752,2-5-6,460.3
153752,3-5-6,136.7
153752,4-5-6,468.2
153752,5-4-6,609
153752,6-4-5,1495
153752,1-6-2,125.9
153752,2-6-1,330
153752,3-6-1,155.7
153752,4-6-1,669.1
153752,5-6-1,454.5
153752,6-5-1,1117
153752,1-6-3,130.6
153752,2-6-3,260.2
153752,3-6-2,179.9
153752,4-6-2,633.9
153752,5-6-2,578.1
153752,6-5-2,1455
153752,1-6-4,201.6
153752,2-6-4,626.6
153752,3-6-4,232.8
153752,4-6-3,610.7
153752,5-6-3,515
153752,6-5-3,1165
153752,1-6-5,281.2
153752,2-6-5,632.1
153752,3-6-5,248.9
153752,4-6-5,671.2
153752,5-6-4,737.4
153752,6-5-4,1398
153753,1-2-3,22.1
153753,2-1-3,94.1
153753,3-1-2,140.2
153753,4-1-2,106.7
153753,5-1-2,233.8
153753,6-1-2,48.4
153753,1-2-4,15
153753,2-1-4,68.5
153753,3-1-4,118.1
153753,4-1-3,96.6
153753,5-1-3,235.3
153753,6-1-3,99.8
153753,1-2-5,38.9
153753,2-1-5,143.5
153753,3-1-5,112.9
153753,4-1-5,126.5
153753,5-1-4,243
153753,6-1-4,82.2
153753,1-2-6,11.8
153753,2-1-6,48.3
153753,3-1-6,67.4
153753,4-1-6,56.9
153753,5-1-6,126.4
153753,6-1-5,149.8
153753,1-3-2,26.8
153753,2-3-1,236.2
153753,3-2-1,276.8
153753,4-2-1,164.7
153753,5-2-1,507.3
153753,6-2-1,78.6
153753,1-3-4,25.2
153753,2-3-4,328.3
153753,3-2-4,328.9
153753,4-2-3,341.6
153753,5-2-3,812.2
153753,6-2-3,201.9
153753,1-3-5,37.7
153753,2-3-5,446.2
153753,3-2-5,428.6
153753,4-2-5,368.1
153753,5-2-4,815.7
153753,6-2-4,145.5
153753,1-3-6,21.7
153753,2-3-6,227.2
153753,3-2-6,245.2
153753,4-2-6,137.3
153753,5-2-6,448.3
153753,6-2-5,286.2
153753,1-4-2,20.3
153753,2-4-1,147.2
153753,3-4-1,150.6
153753,4-3-1,174.8
153753,5-3-1,333.6
153753,6-3-1,224.4
153753,1-4-3,19.3
153753,2-4-3,324.3
153753,3-4-2,327.7
153753,4-3-2,364.5
153753,5-3-2,714.9
153753,6-3-2,318.7
153753,1-4-5,33.8
153753,2-4-5,410.6
153753,3-4-5,238
153753,4-3-5,290.7
153753,5-3-4,781.3
153753,6-3-4,381
153753,1-4-6,15.9
153753,2-4-6,133.1
153753,3-4-6,108
153753,4-3-6,128.5
153753,5-3-6,283.1
153753,6-3-5,308.1
153753,1-5-2,56
153753,2-5-1,352.7
153753,3-5-1,210.1
153753,4-5-1,225.2
153753,5-4-1,344.2
153753,6-4-1,148.3
153753,1-5-3,67.5
153753,2-5-3,554.4
153753,3-5-2,363.1
153753,4-5-2,467.6
153753,5-4-2,808.6
153753,6-4-2,184.6
153753,1-5-4,65.4
153753,2-5-4,656.6
153753,3-5-4,360.9
153753,4-5-3,396.5
153753,5-4-3,845.5
153753,6-4-3,353.4
153753,1-5-6,44.6
153753,2-5-6,393.1
153753,3-5-6,137
153753,4-5-6,171.1
153753,5-4-6,281
153753,6-4-5,324.3
153753,1-6-2,19.4
153753,2-6-1,77.2
153753,3-6-1,98.2
153753,4-6-1,101.4
153753,5-6-1,167.1
153753,6-5-1,221.2
153753,1-6-3,31.4
153753,2-6-3,225.8
153753,3-6-2,175.1
153753,4-6-2,154.3
153753,5-6-2,269.9
153753,6-5-2,318.7
153753,1-6-4,25.4
153753,2-6-4,150.4
153753,3-6-4,153.8
153753,4-6-3,171.6
153753,5-6-3,267.2
153753,6-5-3,354
153753,1-6-5,46.4
153753,2-6-5,329.5
153753,3-6-5,141.1
153753,4-6-5,170.6
153753,5-6-4,358.8
153753,6-5-4,381.8
153754,1-2-3,13.6
153754,2-1-3,29.6
153754,3-1-2,36.2
153754,4-1-2,198.5
153754,5-1-2,356.4
153754,6-1-2,156.2
153754,1-2-4,35.1
153754,2-1-4,67.4
153754,3-1-4,49.8
153754,4-1-3,156.1
153754,5-1-3,341.7
153754,6-1-3,160.3
153754,1-2-5,36.2
153754,2-1-5,63
153754,3-1-5,59.9
153754,4-1-5,173.3
153754,5-1-4,440.8
153754,6-1-4,308.1
153754,1-2-6,27.5
153754,2-1-6,47.5
153754,3-1-6,32.4
153754,4-1-6,130.2
153754,5-1-6,175.4
153754,6-1-5,230.7
153754,1-3-2,13.7
153754,2-3-1,43.7
153754,3-2-1,48.8
153754,4-2-1,306.3
153754,5-2-1,502.3
153754,6-2-1,231.7
153754,1-3-4,21.6
153754,2-3-4,53.8
153754,3-2-4,56.2
153754,4-2-3,209.5
153754,5-2-3,477.8
153754,6-2-3,175.4
153754,1-3-5,34.9
153754,2-3-5,84.7
153754,3-2-5,83.2
153754,4-2-5,173.6
153754,5-2-4,618.9
153754,6-2-4,328.7
153754,1-3-6,18.3
153754,2-3-6,41.8
153754,3-2-6,39.1
153754,4-2-6,178
153754,5-2-6,261.4
153754,6-2-5,210.7
153754,1-4-2,65.6
153754,2-4-1,172.3
153754,3-4-1,97.4
153754,4-3-1,188.9
153754,5-3-1,534.6
153754,6-3-1,234.5
153754,1-4-3,51.6
153754,2-4-3,126.4
153754,3-4-2,98.1
153754,4-3-2,203.7
153754,5-3-2,524.2
153754,6-3-2,198.1
153754,1-4-5,105.7
153754,2-4-5,308.5
153754,3-4-5,116
153754,4-3-5,147.5
153754,5-3-4,749.9
153754,6-3-4,274.8
153754,1-4-6,62.9
153754,2-4-6,162.6
153754,3-4-6,69.7
153754,4-3-6,129.2
153754,5-3-6,266.6
153754,6-3-5,213.6
153754,1-5-2,90.7
153754,2-5-1,249.4
153754,3-5-1,173
153754,4-5-1,165.2
153754,5-4-1,410.6
153754,6-4-1,407.5
153754,1-5-3,78.8
153754,2-5-3,255.3
153754,3-5-2,156.1
153754,4-5-2,139.6
153754,5-4-2,359.9
153754,6-4-2,268.6
153754,1-5-4,142
153754,2-5-4,488.6
153754,3-5-4,171.2
153754,4-5-3,140.2
153754,5-4-3,478.9
153754,6-4-3,304.2
153754,1-5-6,75.6
153754,2-5-6,231.5
153754,3-5-6,116.5
153754,4-5-6,72.4
153754,5-4-6,151.1
153754,6-4-5,156.2
153754,1-6-2,53.5
153754,2-6-1,152.1
153754,3-6-1,87.7
153754,4-6-1,148.7
153754,5-6-1,200.5
153754,6-5-1,295.8
153754,1-6-3,46.2
153754,2-6-3,109.3
153754,3-6-2,71.9
153754,4-6-2,124.9
153754,5-6-2,211.7
153754,6-5-2,216.8
153754,1-6-4,96.4
153754,2-6-4,245.4
153754,3-6-4,101.3
153754,4-6-3,126.8
153754,5-6-3,272
153754,6-5-3,276.9
153754,1-6-5,80
153754,2-6-5,212.5
153754,3-6-5,115
153754,4-6-5,74.8
153754,5-6-4,254.1
153754,6-5-4,274.1
153755,1-2-3,9
153755,2-1-3,14.2
153755,3-1-2,30.4
153755,4-1-2,414.3
153755,5-1-2,212.6
153755,6-1-2,52.4
153755,1-2-4,28.2
153755,2-1-4,37.5
153755,3-1-4,58.9
153755,4-1-3,410.1
153755,5-1-3,225.3
153755,6-1-3,71.9
153755,1-2-5,28.4
153755,2-1-5,42.6
153755,3-1-5,65.3
153755,4-1-5,793
153755,5-1-4,504.9
153755,6-1-4,159.3
153755,1-2-6,58.1
153755,2-1-6,67.9
153755,3-1-6,119.1
153755,4-1-6,995.5
153755,5-1-6,608.7
153755,6-1-5,172.3
153755,1-3-2,10.9
153755,2-3-1,19
153755,3-2-1,31.9
153755,4-2-1,467.5
153755,5-2-1,270.5
153755,6-2-1,48.2
153755,1-3-4,27.2
153755,2-3-4,25.7
153755,3-2-4,37.1
153755,4-2-3,233.8
153755,5-2-3,204.7
153755,6-2-3,41.9
153755,1-3-5,26
153755,2-3-5,36.7
153755,3-2-5,59
153755,4-2-5,693.5
153755,5-2-4,413
153755,6-2-4,82.2
153755,1-3-6,66
153755,2-3-6,53.8
153755,3-2-6,84.4
153755,4-2-6,668.4
153755,5-2-6,516
153755,6-2-5,109.7
153755,1-4-2,84.4
153755,2-4-1,101.7
153755,3-4-1,124.4
153755,4-3-1,455.1
153755,5-3-1,333.2
153755,6-3-1,96
153755,1-4-3,87.1
153755,2-4-3,71.4
153755,3-4-2,82
153755,4-3-2,251.6
153755,5-3-2,232.7
153755,6-3-2,63.4
153755,1-4-5,154
153755,2-4-5,156.4
153755,3-4-5,158.3
153755,4-3-5,681.3
153755,5-3-4,409.2
153755,6-3-4,152.2
153755,1-4-6,255.1
153755,2-4-6,191
153755,3-4-6,254.2
153755,4-3-6,788.5
153755,5-3-6,745.8
153755,6-3-5,199.4
153755,1-5-2,59.9
153755,2-5-1,131.3
153755,3-5-1,139.3
153755,4-5-1,807.6
153755,5-4-1,952.2
153755,6-4-1,335.1
153755,1-5-3,63.6
153755,2-5-3,101
153755,3-5-2,101.7
153755,4-5-2,772.9
153755,5-4-2,682
153755,6-4-2,187.2
153755,1-5-4,149.9
153755,2-5-4,197
153755,3-5-4,164.5
153755,4-5-3,778
153755,5-4-3,662.7
153755,6-4-3,289.6
153755,1-5-6,245.4
153755,2-5-6,235.9
153755,3-5-6,325.3
153755,4-5-6,875.1
153755,5-4-6,1158
153755,6-4-5,455.7
153755,1-6-2,118.1
153755,2-6-1,124.9
153755,3-6-1,229
153755,4-6-1,1038
153755,5-6-1,651
153755,6-5-1,304.4
153755,1-6-3,136.3
153755,2-6-3,96.3
153755,3-6-2,168
153755,4-6-2,827.6
153755,5-6-2,621.6
153755,6-5-2,222.5
153755,1-6-4,268
153755,2-6-4,190.8
153755,3-6-4,301.8
153755,4-6-3,910.2
153755,5-6-3,814.1
153755,6-5-3,333.2
153755,1-6-5,247.2
153755,2-6-5,228.1
153755,3-6-5,359.5
153755,4-6-5,1047
153755,5-6-4,1121
153755,6-5-4,414.3
153756,1-2-3,58.4
153756,2-1-3,120.4
153756,3-1-2,482.8
153756,4-1-2,69.4
153756,5-1-2,58.4
153756,6-1-2,444.3
153756,1-2-4,25.5
153756,2-1-4,37
153756,3-1-4,523.6
153756,4-1-3,274.7
153756,5-1-3,275.7
153756,6-1-3,1378
153756,1-2-5,20.2
153756,2-1-5,25
153756,3-1-5,442.6
153756,4-1-5,40.7
153756,5-1-4,64.2
153756,6-1-4,529.8
153756,1-2-6,54.1
153756,2-1-6,73.9
153756,3-1-6,851.7
153756,4-1-6,62.9
153756,5-1-6,64.9
153756,6-1-5,422.8
153756,1-3-2,124.8
153756,2-3-1,284.9
153756,3-2-1,560.4
153756,4-2-1,80.1
153756,5-2-1,67.2
153756,6-2-1,507.4
153756,1-3-4,151.5
153756,2-3-4,283.2
153756,3-2-4,570.2
153756,4-2-3,249.5
153756,5-2-3,220.4
153756,6-2-3,1291
153756,1-3-5,139.9
153756,2-3-5,226.8
153756,3-2-5,525.2
153756,4-2-5,33.7
153756,5-2-4,48.8
153756,6-2-4,470.5
153756,1-3-6,268.5
153756,2-3-6,434
153756,3-2-6,864
153756,4-2-6,56.7
153756,5-2-6,61.2
153756,6-2-5,339.7
153756,1-4-2,40
153756,2-4-1,60.6
153756,3-4-1,639.3
153756,4-3-1,561.8
153756,5-3-1,611.5
153756,6-3-1,2005
153756,1-4-3,124.9
153756,2-4-3,201.4
153756,3-4-2,618.4
153756,4-3-2,542.6
153756,5-3-2,490.4
153756,6-3-2,1781
153756,1-4-5,33.8
153756,2-4-5,32.3
153756,3-4-5,563.5
153756,4-3-5,339.9
153756,5-3-4,530.2
153756,6-3-4,1599
153756,1-4-6,68.4
153756,2-4-6,77.5
153756,3-4-6,792.4
153756,4-3-6,392.3
153756,5-3-6,472.3
153756,6-3-5,1578
153756,1-5-2,32
153756,2-5-1,41.5
153756,3-5-1,658.1
153756,4-5-1,26
153756,5-4-1,44.7
153756,6-4-1,433.5
153756,1-5-3,128.9
153756,2-5-3,144.7
153756,3-5-2,572.1
153756,4-5-2,18.3
153756,5-4-2,29.4
153756,6-4-2,379.2
153756,1-5-4,41.2
153756,2-5-4,33.3
153756,3-5-4,632.5
153756,4-5-3,125.4
153756,5-4-3,199.9
153756,6-4-3,1123
153756,1-5-6,56.6
153756,2-5-6,48.8
153756,3-5-6,784.6
153756,4-5-6,10.7
153756,5-4-6,21.8
153756,6-4-5,176.1
153756,1-6-2,122.9
153756,2-6-1,236.1
153756,3-6-1,1557
153756,4-6-1,66.1
153756,5-6-1,93.7
153756,6-5-1,370.2
153756,1-6-3,316
153756,2-6-3,549.7
153756,3-6-2,1459
153756,4-6-2,58.1
153756,5-6-2,70.8
153756,6-5-2,289
153756,1-6-4,149.3
153756,2-6-4,197.4
153756,3-6-4,1317
153756,4-6-3,263.5
153756,5-6-3,299
153756,6-5-3,1025
153756,1-6-5,126.4
153756,2-6-5,138.5
153756,3-6-5,1173
153756,4-6-5,30.6
153756,5-6-4,58.2
153756,6-5-4,194.4
153757,1-2-3,11.8
153757,2-1-3,151.8
153757,3-1-2,47.5
153757,4-1-2,359.3
153757,5-1-2,456.4
153757,6-1-2,266.6
153757,1-2-4,29.3
153757,2-1-4,278.8
153757,3-1-4,22.2
153757,4-1-3,139.6
153757,5-1-3,208.2
153757,6-1-3,154.8
153757,1-2-5,38.8
153757,2-1-5,317.2
153757,3-1-5,28.2
153757,4-1-5,232.2
153757,5-1-4,424.4
153757,6-1-4,363
153757,1-2-6,37.7
153757,2-1-6,298.9
153757,3-1-6,34.3
153757,4-1-6,246.5
153757,5-1-6,466
153757,6-1-5,405.9
153757,1-3-2,7.6
153757,2-3-1,289
153757,3-2-1,193.7
153757,4-2-1,839
153757,5-2-1,1208
153757,6-2-1,616.5
153757,1-3-4,6.1
153757,2-3-4,699.5
153757,3-2-4,349.9
153757,4-2-3,1083
153757,5-2-3,1295
153757,6-2-3,889.5
153757,1-3-5,8.1
153757,2-3-5,829.4
153757,3-2-5,434.7
153757,4-2-5,1134
153757,5-2-4,1680
153757,6-2-4,1405
153757,1-3-6,10.8
153757,2-3-6,787.4
153757,3-2-6,435.7
153757,4-2-6,1221
153757,5-2-6,1741
153757,6-2-5,1497
153757,1-4-2,39.2
153757,2-4-1,740.9
153757,3-4-1,73.7
153757,4-3-1,192
153757,5-3-1,382.2
153757,6-3-1,266.6
153757,1-4-3,17.7
153757,2-4-3,1117
153757,3-4-2,243.3
153757,4-3-2,716
153757,5-3-2,1048
153757,6-3-2,709
153757,1-4-5,38.2
153757,2-4-5,1264
153757,3-4-5,154.3
153757,4-3-5,384.5
153757,5-3-4,729.6
153757,6-3-4,611.9
153757,1-4-6,41.5
153757,2-4-6,1141
153757,3-4-6,163.1
153757,4-3-6,436
153757,5-3-6,831.8
153757,6-3-5,817.6
153757,1-5-2,53.8
153757,2-5-1,978.6
153757,3-5-1,140.7
153757,4-5-1,438.6
153757,5-4-1,813
153757,6-4-1,732.4
153757,1-5-3,23.9
153757,2-5-3,1365
153757,3-5-2,436.7
153757,4-5-2,962.3
153757,5-4-2,1448
153757,6-4-2,1524
153757,1-5-4,56.5
153757,2-5-4,1710
153757,3-5-4,259.8
153757,4-5-3,474
153757,5-4-3,830.6
153757,6-4-3,934.2
153757,1-5-6,48.7
153757,2-5-6,1322
153757,3-5-6,252.6
153757,4-5-6,566.2
153757,5-4-6,1119
153757,6-4-5,1301
153757,1-6-2,61
153757,2-6-1,941.9
153757,3-6-1,148.8
153757,4-6-1,555.3
153757,5-6-1,859
153757,6-5-1,819.9
153757,1-6-3,31.9
153757,2-6-3,1405
153757,3-6-2,438.6
153757,4-6-2,1134
153757,5-6-2,1637
153757,6-5-2,1570
153757,1-6-4,72.3
153757,2-6-4,1807
153757,3-6-4,301.4
153757,4-6-3,647.6
153757,5-6-3,1130
153757,6-5-3,1069
153757,1-6-5,75.2
153757,2-6-5,1642
153757,3-6-5,356.7
153757,4-6-5,751.5
153757,5-6-4,1642
153757,6-5-4,1592
153758,1-2-3,16.2
153758,2-1-3,65.9
153758,3-1-2,22.3
153758,4-1-2,594.9
153758,5-1-2,376.6
153758,6-1-2,540.2
153758,1-2-4,67.6
153758,2-1-4,236.1
153758,3-1-4,28.1
153758,4-1-3,359.9
153758,5-1-3,199.2
153758,6-1-3,233.9
153758,1-2-5,55.3
153758,2-1-5,185.9
153758,3-1-5,18.5
153758,4-1-5,629.9
153758,5-1-4,831
153758,6-1-4,1133
153758,1-2-6,48.2
153758,2-1-6,160.5
153758,3-1-6,12.5
153758,4-1-6,522.6
153758,5-1-6,284.8
153758,6-1-5,739.8
153758,1-3-2,8.5
153758,2-3-1,80.5
153758,3-2-1,57.3
153758,4-2-1,1271
153758,5-2-1,659.8
153758,6-2-1,908.8
153758,1-3-4,13.8
153758,2-3-4,183.5
153758,3-2-4,98.3
153758,4-2-3,984.1
153758,5-2-3,366.5
153758,6-2-3,597.1
153758,1-3-5,11.4
153758,2-3-5,105.2
153758,3-2-5,57.5
153758,4-2-5,1597
153758,5-2-4,1199
153758,6-2-4,2157
153758,1-3-6,8.3
153758,2-3-6,88.2
153758,3-2-6,45.3
153758,4-2-6,1346
153758,5-2-6,482
153758,6-2-5,1055
153758,1-4-2,107
153758,2-4-1,673.7
153758,3-4-1,77.1
153758,4-3-1,442.4
153758,5-3-1,198.1
153758,6-3-1,224.3
153758,1-4-3,58.2
153758,2-4-3,545.2
153758,3-4-2,139.8
153758,4-3-2,703.3
153758,5-3-2,223.3
153758,6-3-2,432.3
153758,1-4-5,155.2
153758,2-4-5,967.8
153758,3-4-5,95
153758,4-3-5,480.6
153758,5-3-4,451.2
153758,6-3-4,542.9
153758,1-4-6,112.1
153758,2-4-6,832
153758,3-4-6,66
153758,4-3-6,345.5
153758,5-3-6,143.3
153758,6-3-5,348.7
153758,1-5-2,90.2
153758,2-5-1,469.7
153758,3-5-1,45
153758,4-5-1,1144
153758,5-4-1,1570
153758,6-4-1,2272
153758,1-5-3,42.2
153758,2-5-3,246.8
153758,3-5-2,66.1
153758,4-5-2,1613
153758,5-4-2,1851
153758,6-4-2,3050
153758,1-5-4,176.2
153758,2-5-4,1013
153758,3-5-4,99.6
153758,4-5-3,780.3
153758,5-4-3,908.8
153758,6-4-3,1256
153758,1-5-6,79.8
153758,2-5-6,397.2
153758,3-5-6,35.1
153758,4-5-6,931.2
153758,5-4-6,967.8
153758,6-4-5,2164
153758,1-6-2,106.6
153758,2-6-1,526.4
153758,3-6-1,32.3
153758,4-6-1,1266
153758,5-6-1,482
153758,6-5-1,912.6
153758,1-6-3,43.7
153758,2-6-3,294.7
153758,3-6-2,73.5
153758,4-6-2,1395
153758,5-6-2,620.8
153758,6-5-2,590.5
153758,1-6-4,175.1
153758,2-6-4,1015
153758,3-6-4,83.3
153758,4-6-3,682.3
153758,5-6-3,269
153758,6-5-3,472.4
153758,1-6-5,132.8
153758,2-6-5,688.1
153758,3-6-5,46.8
153758,4-6-5,1075
153758,5-6-4,963.4
153758,6-5-4,1647
153759,1-2-3,5.5
153759,2-1-3,18.2
153759,3-1-2,71.5
153759,4-1-2,363.5
153759,5-1-2,271.6
153759,6-1-2,66.9
153759,1-2-4,23
153759,2-1-4,53.3
153759,3-1-4,211.1
153759,4-1-3,725.8
153759,5-1-3,477.7
153759,6-1-3,106.6
153759,1-2-5,16.5
153759,2-1-5,43.6
153759,3-1-5,134.7
153759,4-1-5,578.9
153759,5-1-4,874.8
153759,6-1-4,259.9
153759,1-2-6,7.5
153759,2-1-6,18.1
153759,3-1-6,68.8
153759,4-1-6,327.5
153759,5-1-6,263.2
153759,6-1-5,250
153759,1-3-2,9.8
153759,2-3-1,69.9
153759,3-2-1,123.7
153759,4-2-1,421.9
153759,5-2-1,379
153759,6-2-1,98.9
153759,1-3-4,44.7
153759,2-3-4,266.3
153759,3-2-4,375.2
153759,4-2-3,778.4
153759,5-2-3,727.8
153759,6-2-3,209.2
153759,1-3-5,27.4
153759,2-3-5,221.9
153759,3-2-5,331
153759,4-2-5,771.5
153759,5-2-4,1146
153759,6-2-4,364.9
153759,1-3-6,14.1
153759,2-3-6,92.6
153759,3-2-6,147.4
153759,4-2-6,365.7
153759,5-2-6,409.7
153759,6-2-5,443.6
153759,1-4-2,66.7
153759,2-4-1,202.8
153759,3-4-1,496.1
153759,4-3-1,1030
153759,5-3-1,767
153759,6-3-1,187.3
153759,1-4-3,109.2
153759,2-4-3,458.4
153759,3-4-2,626.1
153759,4-3-2,1217
153759,5-3-2,920
153759,6-3-2,287.7
153759,1-4-5,146.5
153759,2-4-5,517.7
153759,3-4-5,893.8
153759,4-3-5,1552
153759,5-3-4,1700
153759,6-3-4,630.6
153759,1-4-6,83.2
153759,2-4-6,220.9
153759,3-4-6,427.4
153759,4-3-6,842
153759,5-3-6,796.6
153759,6-3-5,629.6
153759,1-5-2,48
153759,2-5-1,225.7
153759,3-5-1,351.6
153759,4-5-1,707.4
153759,5-4-1,1319
153759,6-4-1,625.6
153759,1-5-3,72.2
153759,2-5-3,394.9
153759,3-5-2,471
153759,4-5-2,833.9
153759,5-4-2,1351
153759,6-4-2,650
153759,1-5-4,174.3
153759,2-5-4,701.7
153759,3-5-4,886.7
153759,4-5-3,1337
153759,5-4-3,1749
153759,6-4-3,945.6
153759,1-5-6,65.4
153759,2-5-6,263.8
153759,3-5-6,351.5
153759,4-5-6,466.8
153759,5-4-6,876.8
153759,6-4-5,1276
153759,1-6-2,19.6
153759,2-6-1,61.8
153759,3-6-1,132.9
153759,4-6-1,426.2
153759,5-6-1,546.6
153759,6-5-1,524
153759,1-6-3,27.9
153759,2-6-3,131.5
153759,3-6-2,190
153759,4-6-2,440.1
153759,5-6-2,549.3
153759,6-5-2,683.4
153759,1-6-4,94.2
153759,2-6-4,254.4
153759,3-6-4,424.8
153759,4-6-3,765.5
153759,5-6-3,886.7
153759,6-5-3,894.8
153759,1-6-5,74.9
153759,2-6-5,273.6
153759,3-6-5,357.1
153759,4-6-5,628.1
153759,5-6-4,1149
153759,6-5-4,1260
153760,1-2-3,70.8
153760,2-1-3,501.9
153760,3-1-2,684.4
153760,4-1-2,28.4
153760,5-1-2,151.9
153760,6-1-2,556.7
153760,1-2-4,14.7
153760,2-1-4,136.4
153760,3-1-4,364.1
153760,4-1-3,86.1
153760,5-1-3,308.7
153760,6-1-3,973.9
153760,1-2-5,36.4
153760,2-1-5,309.6
153760,3-1-5,533.2
153760,4-1-5,11.5
153760,5-1-4,56.8
153760,6-1-4,225.4
153760,1-2-6,80.3
153760,2-1-6,517.9
153760,3-1-6,927
153760,4-1-6,23
153760,5-1-6,85.7
153760,6-1-5,312.6
153760,1-3-2,105.4
153760,2-3-1,989.8
153760,3-2-1,1222
153760,4-2-1,81.6
153760,5-2-1,369.5
153760,6-2-1,937.3
153760,1-3-4,45.3
153760,2-3-4,1159
153760,3-2-4,1375
153760,4-2-3,337.5
153760,5-2-3,1180
153760,6-2-3,2448
153760,1-3-5,87.1
153760,2-3-5,1810
153760,3-2-5,1838
153760,4-2-5,87
153760,5-2-4,311
153760,6-2-4,838.1
153760,1-3-6,163.1
153760,2-3-6,2206
153760,3-2-6,2521
153760,4-2-6,161.3
153760,5-2-6,481.7
153760,6-2-5,1476
153760,1-4-2,8.8
153760,2-4-1,197.8
153760,3-4-1,572.9
153760,4-3-1,334.3
153760,5-3-1,930.1
153760,6-3-1,1658
153760,1-4-3,25.7
153760,2-4-3,749.1
153760,3-4-2,1096
153760,4-3-2,593.7
153760,5-3-2,1684
153760,6-3-2,3605
153760,1-4-5,5.9
153760,2-4-5,279.8
153760,3-4-5,780.2
153760,4-3-5,352.6
153760,5-3-4,773.8
153760,6-3-4,1722
153760,1-4-6,12.1
153760,2-4-6,492.6
153760,3-4-6,1033
153760,4-3-6,462.5
153760,5-3-6,1228
153760,6-3-5,2872
153760,1-5-2,38.5
153760,2-5-1,601.7
153760,3-5-1,1145
153760,4-5-1,18.4
153760,5-4-1,56.7
153760,6-4-1,235.1
153760,1-5-3,80.3
153760,2-5-3,1377
153760,3-5-2,1806
153760,4-5-2,56.7
153760,5-4-2,152
153760,6-4-2,559.2
153760,1-5-4,16.4
153760,2-5-4,526.9
153760,3-5-4,1073
153760,4-5-3,148.8
153760,5-4-3,366.8
153760,6-4-3,1285
153760,1-5-6,35.3
153760,2-5-6,954.2
153760,3-5-6,1635
153760,4-5-6,22.3
153760,5-4-6,66.4
153760,6-4-5,231.8
153760,1-6-2,157.1
153760,2-6-1,1549
153760,3-6-1,2134
153760,4-6-1,57.3
153760,5-6-1,166.6
153760,6-5-1,340.4
153760,1-6-3,266.1
153760,2-6-3,2623
153760,3-6-2,3605
153760,4-6-2,137.8
153760,5-6-2,372.6
153760,6-5-2,1022
153760,1-6-4,56.9
153760,2-6-4,1086
153760,3-6-4,1661
153760,4-6-3,321.5
153760,5-6-3,710.8
153760,6-5-3,1818
153760,1-6-5,88.6
153760,2-6-5,1691
153760,3-6-5,2414
153760,4-6-5,49.2
153760,5-6-4,131.6
153760,6-5-4,253.8
153761,1-2-3,8.6
153761,2-1-3,40.3
153761,3-1-2,24.4
153761,4-1-2,585
153761,5-1-2,141.1
153761,6-1-2,188.8
153761,1-2-4,31.6
153761,2-1-4,117
153761,3-1-4,34.3
153761,4-1-3,480
153761,5-1-3,86.8
153761,6-1-3,142.5
153761,1-2-5,17.3
153761,2-1-5,120.5
153761,3-1-5,14.3
153761,4-1-5,601.7
153761,5-1-4,365.1
153761,6-1-4,431.7
153761,1-2-6,74.8
153761,2-1-6,293.8
153761,3-1-6,33.4
153761,4-1-6,923.1
153761,5-1-6,187.5
153761,6-1-5,244
153761,1-3-2,7.7
153761,2-3-1,84.9
153761,3-2-1,65.6
153761,4-2-1,952.6
153761,5-2-1,310.7
153761,6-2-1,336.5
153761,1-3-4,19.6
153761,2-3-4,203.1
153761,3-2-4,126.6
153761,4-2-3,1067
153761,5-2-3,337.5
153761,6-2-3,348.6
153761,1-3-5,6.9
153761,2-3-5,203
153761,3-2-5,96
153761,4-2-5,1541
153761,5-2-4,924
153761,6-2-4,815.4
153761,1-3-6,26.2
153761,2-3-6,457.6
153761,3-2-6,236.5
153761,4-2-6,1880
153761,5-2-6,611.7
153761,6-2-5,601
153761,1-4-2,72.4
153761,2-4-1,453.8
153761,3-4-1,122.1
153761,4-3-1,570.8
153761,5-3-1,119.8
153761,6-3-1,184.7
153761,1-4-3,64.8
153761,2-4-3,510.8
153761,3-4-2,204.7
153761,4-3-2,880
153761,5-3-2,258.1
153761,6-3-2,292.1
153761,1-4-5,113.5
153761,2-4-5,858.7
153761,3-4-5,117.7
153761,4-3-5,628.8
153761,5-3-4,413.9
153761,6-3-4,513.1
153761,1-4-6,179
153761,2-4-6,1433
153761,3-4-6,200.8
153761,4-3-6,875
153761,5-3-6,242.1
153761,6-3-5,279.7
153761,1-5-2,25.5
153761,2-5-1,334.5
153761,3-5-1,35.4
153761,4-5-1,936.2
153761,5-4-1,855.5
153761,6-4-1,1108
153761,1-5-3,17.2
153761,2-5-3,329.5
153761,3-5-2,74.8
153761,4-5-2,1375
153761,5-4-2,1224
153761,6-4-2,1616
153761,1-5-4,86.7
153761,2-5-4,756
153761,3-5-4,93.4
153761,4-5-3,771.2
153761,5-4-3,745.6
153761,6-4-3,1132
153761,1-5-6,65.2
153761,2-5-6,981
153761,3-5-6,63.9
153761,4-5-6,1174
153761,5-4-6,1217
153761,6-4-5,1619
153761,1-6-2,132.3
153761,2-6-1,1073
153761,3-6-1,107.2
153761,4-6-1,1505
153761,5-6-1,356.9
153761,6-5-1,452
153761,1-6-3,79.7
153761,2-6-3,947.7
153761,3-6-2,211
153761,4-6-2,2037
153761,5-6-2,610.9
153761,6-5-2,746.8
153761,1-6-4,222.4
153761,2-6-4,1696
153761,3-6-4,233
153761,4-6-3,1449
153761,5-6-3,360.6
153761,6-5-3,417.5
153761,1-6-5,129.3
153761,2-6-5,1536
153761,3-6-5,130.2
153761,4-6-5,1645
153761,5-6-4,1031
153761,6-5-4,1152
153762,1-2-3,6.3
153762,2-1-3,31.9
153762,3-1-2,51.6
153762,4-1-2,338.4
153762,5-1-2,64.4
153762,6-1-2,516.9
153762,1-2-4,18.5
153762,2-1-4,59.8
153762,3-1-4,71
153762,4-1-3,462.7
153762,5-1-3,88.3
153762,6-1-3,731.4
153762,1-2-5,7.8
153762,2-1-5,35.2
153762,3-1-5,46
153762,4-1-5,269.4
153762,5-1-4,127.7
153762,6-1-4,1005
153762,1-2-6,22.9
153762,2-1-6,71.7
153762,3-1-6,76.4
153762,4-1-6,394
153762,5-1-6,78.9
153762,6-1-5,485.1
153762,1-3-2,12.5
153762,2-3-1,79.7
153762,3-2-1,110.6
153762,4-2-1,649
153762,5-2-1,139.7
153762,6-2-1,811.1
153762,1-3-4,23.4
153762,2-3-4,272.2
153762,3-2-4,343.2
153762,4-2-3,1156
153762,5-2-3,211.9
153762,6-2-3,1351
153762,1-3-5,13.6
153762,2-3-5,124.5
153762,3-2-5,187
153762,4-2-5,960.6
153762,5-2-4,487.5
153762,6-2-4,2204
153762,1-3-6,34.5
153762,2-3-6,253.2
153762,3-2-6,287.4
153762,4-2-6,1210
153762,5-2-6,212
153762,6-2-5,1071
153762,1-4-2,46.3
153762,2-4-1,298.7
153762,3-4-1,255.8
153762,4-3-1,931.7
153762,5-3-1,239.7
153762,6-3-1,1397
153762,1-4-3,51.7
153762,2-4-3,623.5
153762,3-4-2,597.5
153762,4-3-2,1329
153762,5-3-2,300.6
153762,6-3-2,1616
153762,1-4-5,38.2
153762,2-4-5,518.1
153762,3-4-5,599.4
153762,4-3-5,1227
153762,5-3-4,687.7
153762,6-3-4,2261
153762,1-4-6,70.8
153762,2-4-6,813.1
153762,3-4-6,670.7
153762,4-3-6,1519
153762,5-3-6,331.3
153762,6-3-5,1521
153762,1-5-2,16.2
153762,2-5-1,108.8
153762,3-5-1,132.9
153762,4-5-1,345.7
153762,5-4-1,334.5
153762,6-4-1,2097
153762,1-5-3,21.4
153762,2-5-3,169.1
153762,3-5-2,224.6
153762,4-5-2,575.1
153762,5-4-2,647.7
153762,6-4-2,2753
153762,1-5-4,31.2
153762,2-5-4,388.1
153762,3-5-4,450.5
153762,4-5-3,711
153762,5-4-3,769.8
153762,6-4-3,2742
153762,1-5-6,30.2
153762,2-5-6,227.8
153762,3-5-6,285.4
153762,4-5-6,391.5
153762,5-4-6,334.9
153762,6-4-5,1824
153762,1-6-2,80
153762,2-6-1,384.7
153762,3-6-1,536
153762,4-6-1,673.8
153762,5-6-1,162.9
153762,6-5-1,565.1
153762,1-6-3,103.3
153762,2-6-3,768
153762,3-6-2,844.2
153762,4-6-2,903.3
153762,5-6-2,244.6
153762,6-5-2,805
153762,1-6-4,138.7
153762,2-6-4,1190
153762,3-6-4,1218
153762,4-6-3,975
153762,5-6-3,311.4
153762,6-5-3,1021
153762,1-6-5,82.6
153762,2-6-5,561.7
153762,3-6-5,635.7
153762,4-6-5,607.2
153762,5-6-4,364.4
153762,6-5-4,1233
153763,1-2-3,9.1
153763,2-1-3,164.3
153763,3-1-2,286.5
153763,4-1-2,78.1
153763,5-1-2,210.9
153763,6-1-2,410.5
153763,1-2-4,5.3
153763,2-1-4,87.8
153763,3-1-4,195.6
153763,4-1-3,195
153763,5-1-3,442.2
153763,6-1-3,785.8
153763,1-2-5,10.7
153763,2-1-5,188.1
153763,3-1-5,329
153763,4-1-5,53.6
153763,5-1-4,157.1
153763,6-1-4,477.5
153763,1-2-6,26.8
153763,2-1-6,293.8
153763,3-1-6,684.2
153763,4-1-6,90
153763,5-1-6,234.2
153763,6-1-5,712.5
153763,1-3-2,20.8
153763,2-3-1,494.7
153763,3-2-1,565.9
153763,4-2-1,179.5
153763,5-2-1,420.5
153763,6-2-1,893
153763,1-3-4,20.2
153763,2-3-4,1074
153763,3-2-4,1155
153763,4-2-3,777
153763,5-2-3,1100
153763,6-2-3,2644
153763,1-3-5,29.5
153763,2-3-5,1511
153763,3-2-5,1494
153763,4-2-5,324.3
153763,5-2-4,642.6
153763,6-2-4,1786
153763,1-3-6,59.4
153763,2-3-6,2148
153763,3-2-6,2218
153763,4-2-6,435.2
153763,5-2-6,904.7
153763,6-2-5,2254
153763,1-4-2,8
153763,2-4-1,297
153763,3-4-1,565.9
153763,4-3-1,461.5
153763,5-3-1,898.8
153763,6-3-1,2115
153763,1-4-3,18.4
153763,2-4-3,785.8
153763,3-4-2,1146
153763,4-3-2,893
153763,5-3-2,2371
153763,6-3-2,3619
153763,1-4-5,10.9
153763,2-4-5,735.4
153763,3-4-5,1250
153763,4-3-5,1091
153763,5-3-4,2696
153763,6-3-4,2806
153763,1-4-6,20.7
153763,2-4-6,1155
153763,3-4-6,1833
153763,4-3-6,1034
153763,5-3-6,3274
153763,6-3-5,3619
153763,1-5-2,19.9
153763,2-5-1,503.7
153763,3-5-1,727.6
153763,4-5-1,74.2
153763,5-4-1,188.3
153763,6-4-1,716.2
153763,1-5-3,38.6
153763,2-5-3,1146
153763,3-5-2,1580
153763,4-5-2,178.1
153763,5-4-2,431.1
153763,6-4-2,1833
153763,1-5-4,23.4
153763,2-5-4,1049
153763,3-5-4,1833
153763,4-5-3,505.6
153763,5-4-3,1195
153763,6-4-3,2455
153763,1-5-6,37
153763,2-5-6,1389
153763,3-5-6,2371
153763,4-5-6,140.3
153763,5-4-6,311.1
153763,6-4-5,1463
153763,1-6-2,57.8
153763,2-6-1,785.8
153763,3-6-1,1719
153763,4-6-1,197.5
153763,5-6-1,716.2
153763,6-5-1,1018
153763,1-6-3,93
153763,2-6-3,2254
153763,3-6-2,2696
153763,4-6-2,425.7
153763,5-6-2,1389
153763,6-5-2,2455
153763,1-6-4,52.4
153763,2-6-4,1656
153763,3-6-4,3125
153763,4-6-3,923
153763,5-6-3,2254
153763,6-5-3,2865
153763,1-6-5,61.2
153763,2-6-5,2292
153763,3-6-5,3198
153763,4-6-5,301.5
153763,5-6-4,1041
153763,6-5-4,1545
153764,1-2-3,13.1
153764,2-1-3,61.3
153764,3-1-2,224.1
153764,4-1-2,63.6
153764,5-1-2,63.9
153764,6-1-2,1176
153764,1-2-4,9.3
153764,2-1-4,44.3
153764,3-1-4,148.4
153764,4-1-3,111.5
153764,5-1-3,123.3
153764,6-1-3,1838
153764,1-2-5,8.2
153764,2-1-5,51.9
153764,3-1-5,158.1
153764,4-1-5,35.9
153764,5-1-4,58
153764,6-1-4,1994
153764,1-2-6,91.7
153764,2-1-6,303.3
153764,3-1-6,700.5
153764,4-1-6,187.3
153764,5-1-6,211.6
153764,6-1-5,1681
153764,1-3-2,18.8
153764,2-3-1,236.7
153764,3-2-1,426.3
153764,4-2-1,116.5
153764,5-2-1,108.5
153764,6-2-1,2802
153764,1-3-4,20
153764,2-3-4,380.8
153764,3-2-4,525.3
153764,4-2-3,292.7
153764,5-2-3,345.1
153764,6-2-3,4203
153764,1-3-5,17.2
153764,2-3-5,278.8
153764,3-2-5,565.7
153764,4-2-5,124.2
153764,5-2-4,172.8
153764,6-2-4,2263
153764,1-3-6,118.5
153764,2-3-6,1489
153764,3-2-6,1528
153764,4-2-6,431
153764,5-2-6,636.1
153764,6-2-5,3362
153764,1-4-2,13.3
153764,2-4-1,130.3
153764,3-4-1,233
153764,4-3-1,188.2
153764,5-3-1,287.7
153764,6-3-1,2263
153764,1-4-3,23.8
153764,2-4-3,314.6
153764,3-4-2,537.3
153764,4-3-2,449.1
153764,5-3-2,525.3
153764,6-3-2,3180
153764,1-4-5,12.4
153764,2-4-5,203.2
153764,3-4-5,372.4
153764,4-3-5,315.5
153764,5-3-4,470.7
153764,6-3-4,2870
153764,1-4-6,84.3
153764,2-4-6,585.4
153764,3-4-6,1089
153764,4-3-6,1023
153764,5-3-6,1417
153764,6-3-5,2101
153764,1-5-2,12.8
153764,2-5-1,127.7
153764,3-5-1,289.1
153764,4-5-1,35.4
153764,5-4-1,56.3
153764,6-4-1,2942
153764,1-5-3,23.3
153764,2-5-3,347.1
153764,3-5-2,565.7
153764,4-5-2,67.5
153764,5-4-2,111.3
153764,6-4-2,2064
153764,1-5-4,17.2
153764,2-5-4,224.1
153764,3-5-4,496.5
153764,4-5-3,150.4
153764,5-4-3,255.2
153764,6-4-3,3566
153764,1-5-6,91
153764,2-5-6,884.8
153764,3-5-6,1200
153764,4-5-6,107.6
153764,5-4-6,195.1
153764,6-4-5,2220
153764,1-6-2,219.5
153764,2-6-1,1238
153764,3-6-1,2029
153764,4-6-1,435.8
153764,5-6-1,544.8
153764,6-5-1,1471
153764,1-6-3,289.8
153764,2-6-3,2179
153764,3-6-2,3362
153764,4-6-2,713.2
153764,5-6-2,1023
153764,6-5-2,1961
153764,1-6-4,257.5
153764,2-6-4,1838
153764,3-6-4,3180
153764,4-6-3,1322
153764,5-6-3,1368
153764,6-5-3,3461
153764,1-6-5,242.6
153764,2-6-5,2353
153764,3-6-5,3017
153764,4-6-5,459.7
153764,5-6-4,708.9
153764,6-5-4,2353
153765,1-2-3,14.9
153765,2-1-3,68
153765,3-1-2,202
153765,4-1-2,227.2
153765,5-1-2,130.1
153765,6-1-2,25.9
153765,1-2-4,15.1
153765,2-1-4,60.9
153765,3-1-4,259
153765,4-1-3,657.5
153765,5-1-3,325.8
153765,6-1-3,81.8
153765,1-2-5,14.4
153765,2-1-5,44.2
153765,3-1-5,212.4
153765,4-1-5,281.3
153765,5-1-4,376.6
153765,6-1-4,135.5
153765,1-2-6,7.1
153765,2-1-6,26.3
153765,3-1-6,153.9
153765,4-1-6,210
153765,5-1-6,138.3
153765,6-1-5,57.6
153765,1-3-2,29.5
153765,2-3-1,185.8
153765,3-2-1,272.3
153765,4-2-1,320.2
153765,5-2-1,167.1
153765,6-2-1,35
153765,1-3-4,72
153765,2-3-4,444.5
153765,3-2-4,594.2
153765,4-2-3,1068
153765,5-2-3,498.3
153765,6-2-3,93.8
153765,1-3-5,52.9
153765,2-3-5,280.6
153765,3-2-5,427.4
153765,4-2-5,437.5
153765,5-2-4,581.8
153765,6-2-4,139.6
153765,1-3-6,30.7
153765,2-3-6,172.5
153765,3-2-6,298.7
153765,4-2-6,252.5
153765,5-2-6,131.8
153765,6-2-5,54.2
153765,1-4-2,37.2
153765,2-4-1,199.1
153765,3-4-1,578.7
153765,4-3-1,805.2
153765,5-3-1,992.1
153765,6-3-1,179.8
153765,1-4-3,108.5
153765,2-4-3,516.8
153765,3-4-2,823.1
153765,4-3-2,1221
153765,5-3-2,788.1
153765,6-3-2,190.2
153765,1-4-5,76.5
153765,2-4-5,334.7
153765,3-4-5,835.5
153765,4-3-5,1322
153765,5-3-4,1338
153765,6-3-4,359.6
153765,1-4-6,43.5
153765,2-4-6,208.4
153765,3-4-6,620.8
153765,4-3-6,881.9
153765,5-3-6,694.5
153765,6-3-5,314.8
153765,1-5-2,31.9
153765,2-5-1,104.8
153765,3-5-1,457.3
153765,4-5-1,341.9
153765,5-4-1,500.5
153765,6-4-1,207.3
153765,1-5-3,69.7
153765,2-5-3,179.5
153765,3-5-2,472.8
153765,4-5-2,389.9
153765,5-4-2,661.4
153765,6-4-2,208
153765,1-5-4,72.9
153765,2-5-4,207.7
153765,3-5-4,1001
153765,4-5-3,1048
153765,5-4-3,1277
153765,6-4-3,407
153765,1-5-6,36.3
153765,2-5-6,68.7
153765,3-5-6,407
153765,4-5-6,239.4
153765,5-4-6,356.1
153765,6-4-5,297.9
153765,1-6-2,13.5
153765,2-6-1,41.8
153765,3-6-1,260.8
153765,4-6-1,220.9
153765,5-6-1,161.9
153765,6-5-1,101.2
153765,1-6-3,47.1
153765,2-6-3,121.9
153765,3-6-2,328.7
153765,4-6-2,238.9
153765,5-6-2,108.6
153765,6-5-2,80.8
153765,1-6-4,56.2
153765,2-6-4,178.6
153765,3-6-4,610.5
153765,4-6-3,685.9
153765,5-6-3,396.8
153765,6-5-3,279.2
153765,1-6-5,36.1
153765,2-6-5,63.5
153765,3-6-5,448
153765,4-6-5,239.4
153765,5-6-4,350.5
153765,6-5-4,265.2
153766,1-2-3,15.4
153766,2-1-3,16.2
153766,3-1-2,61.4
153766,4-1-2,671.8
153766,5-1-2,868.1
153766,6-1-2,28.8
153766,1-2-4,112.9
153766,2-1-4,129.8
153766,3-1-4,168.7
153766,4-1-3,836
153766,5-1-3,895.7
153766,6-1-3,28.2
153766,1-2-5,88.2
153766,2-1-5,89.4
153766,3-1-5,136.8
153766,4-1-5,1064
153766,5-1-4,1200
153766,6-1-4,287.9
153766,1-2-6,17.8
153766,2-1-6,22.1
153766,3-1-6,60
153766,4-1-6,956.4
153766,5-1-6,964.6
153766,6-1-5,200.4
153766,1-3-2,27.9
153766,2-3-1,17.9
153766,3-2-1,45.3
153766,4-2-1,757.4
153766,5-2-1,910.1
153766,6-2-1,36.9
153766,1-3-4,135
153766,2-3-4,48.4
153766,3-2-4,84.6
153766,4-2-3,696.6
153766,5-2-3,482.3
153766,6-2-3,23.4
153766,1-3-5,131.5
153766,2-3-5,23.4
153766,3-2-5,55
153766,4-2-5,861.5
153766,5-2-4,964.6
153766,6-2-4,162.1
153766,1-3-6,29.1
153766,2-3-6,13
153766,3-2-6,28.5
153766,4-2-6,742.5
153766,5-2-6,606.7
153766,6-2-5,103.5
153766,1-4-2,272.6
153766,2-4-1,275.2
153766,3-4-1,277.3
153766,4-3-1,1007
153766,5-3-1,1163
153766,6-3-1,50.8
153766,1-4-3,261.2
153766,2-4-3,163
153766,3-4-2,195.9
153766,4-3-2,773
153766,5-3-2,540
153766,6-3-2,35.1
153766,1-4-5,444.3
153766,2-4-5,256.5
153766,3-4-5,223.9
153766,4-3-5,1074
153766,5-3-4,1343
153766,6-3-4,234.1
153766,1-4-6,262.4
153766,2-4-6,205.2
153766,3-4-6,224.3
153766,4-3-6,1045
153766,5-3-6,1007
153766,6-3-5,143.4
153766,1-5-2,276.6
153766,2-5-1,218.3
153766,3-5-1,235.1
153766,4-5-1,1410
153766,5-4-1,1485
153766,6-4-1,742.5
153766,1-5-3,368.8
153766,2-5-3,124.3
153766,3-5-2,142.8
153766,4-5-2,1140
153766,5-4-2,1343
153766,6-4-2,482.3
153766,1-5-4,506.1
153766,2-5-4,291.6
153766,3-5-4,291.6
153766,4-5-3,1254
153766,5-4-3,1410
153766,6-4-3,581.7
153766,1-5-6,340.9
153766,2-5-6,147.7
153766,3-5-6,193.5
153766,4-5-6,1567
153766,5-4-6,2090
153766,6-4-5,1045
153766,1-6-2,20.6
153766,2-6-1,30
153766,3-6-1,68.4
153766,4-6-1,964.6
153766,5-6-1,1254
153766,6-5-1,527.4
153766,1-6-3,20.5
153766,2-6-3,18.2
153766,3-6-2,46.2
153766,4-6-2,823.8
153766,5-6-2,752.4
153766,6-5-2,332.9
153766,1-6-4,167.7
153766,2-6-4,128.2
153766,3-6-4,185.6
153766,4-6-3,964.6
153766,5-6-3,917.5
153766,6-5-3,403
153766,1-6-5,147.1
153766,2-6-5,71.6
153766,3-6-5,123
153766,4-6-5,1612
153766,5-6-4,2170
153766,6-5-4,910.1
153767,1-2-3,10.3
153767,2-1-3,212.9
153767,3-1-2,125.2
153767,4-1-2,48.6
153767,5-1-2,323.3
153767,6-1-2,750.6
153767,1-2-4,10.1
153767,2-1-4,167.9
153767,3-1-4,51.1
153767,4-1-3,41
153767,5-1-3,340
153767,6-1-3,1196
153767,1-2-5,23.1
153767,2-1-5,232
153767,3-1-5,86
153767,4-1-5,35
153767,5-1-4,212.6
153767,6-1-4,828.6
153767,1-2-6,37.4
153767,2-1-6,417
153767,3-1-6,141
153767,4-1-6,45.1
153767,5-1-6,255.2
153767,6-1-5,1320
153767,1-3-2,12.4
153767,2-3-1,443.1
153767,3-2-1,325.5
153767,4-2-1,173.7
153767,5-2-1,791
153767,6-2-1,1994
153767,1-3-4,7.7
153767,2-3-4,797.6
153767,3-2-4,423.5
153767,4-2-3,422.5
153767,5-2-3,1895
153767,6-2-3,3418
153767,1-3-5,19.9
153767,2-3-5,1556
153767,3-2-5,781.3
153767,4-2-5,318.5
153767,5-2-4,1227
153767,6-2-4,2857
153767,1-3-6,30.3
153767,2-3-6,1397
153767,3-2-6,1153
153767,4-2-6,383.6
153767,5-2-6,1556
153767,6-2-5,3611
153767,1-4-2,12.4
153767,2-4-1,388.2
153767,3-4-1,61.5
153767,4-3-1,61.5
153767,5-3-1,666.9
153767,6-3-1,2126
153767,1-4-3,10.5
153767,2-4-3,942.9
153767,3-4-2,232.8
153767,4-3-2,245.4
153767,5-3-2,1740
153767,6-3-2,4557
153767,1-4-5,18
153767,2-4-5,915.9
153767,3-4-5,119.5
153767,4-3-5,124.2
153767,5-3-4,1081
153767,6-3-4,2857
153767,1-4-6,27.5
153767,2-4-6,1069
153767,3-4-6,162.6
153767,4-3-6,204.9
153767,5-3-6,1694
153767,6-3-5,4557
153767,1-5-2,38.9
153767,2-5-1,733.4
153767,3-5-1,255.9
153767,4-5-1,66.1
153767,5-4-1,316.9
153767,6-4-1,947.6
153767,1-5-3,45.3
153767,2-5-3,2306
153767,3-5-2,768.7
153767,4-5-2,163.1
153767,5-4-2,804.3
153767,6-4-2,2622
153767,1-5-4,39.8
153767,2-5-4,1367
153767,3-5-4,229.2
153767,4-5-3,201.2
153767,5-4-3,866.1
153767,6-4-3,2622
153767,1-5-6,63.5
153767,2-5-6,1840
153767,3-5-6,530.2
153767,4-5-6,108.2
153767,5-4-6,472.6
153767,6-4-5,2036
153767,1-6-2,88.8
153767,2-6-1,1227
153767,3-6-1,598.2
153767,4-6-1,122.4
153767,5-6-1,787.7
153767,6-5-1,2200
153767,1-6-3,91.8
153767,2-6-3,2774
153767,3-6-2,1595
153767,4-6-2,343
153767,5-6-2,1756
153767,6-5-2,4557
153767,1-6-4,84.5
153767,2-6-4,2815
153767,3-6-4,660
153767,4-6-3,366.7
153767,5-6-3,2036
153767,6-5-3,4161
153767,1-6-5,127.1
153767,2-6-5,2945
153767,3-6-5,759.6
153767,4-6-5,185.1
153767,5-6-4,902.9
153767,6-5-4,2622
153768,1-2-3,89.6
153768,2-1-3,110.6
153768,3-1-2,565.1
153768,4-1-2,12.3
153768,5-1-2,142.6
153768,6-1-2,858.2
153768,1-2-4,18.2
153768,2-1-4,20.1
153768,3-1-4,328.2
153768,4-1-3,88.3
153768,5-1-3,505.9
153768,6-1-3,1609
153768,1-2-5,52.7
153768,2-1-5,57.9
153768,3-1-5,689.6
153768,4-1-5,15.5
153768,5-1-4,124.4
153768,6-1-4,998.8
153768,1-2-6,201.8
153768,2-1-6,170.3
153768,3-1-6,891.2
153768,4-1-6,45.8
153768,5-1-6,363.2
153768,6-1-5,2106
153768,1-3-2,162.7
153768,2-3-1,251.3
153768,3-2-1,706.4
153768,4-2-1,17.6
153768,5-2-1,165.5
153768,6-2-1,1363
153768,1-3-4,111.8
153768,2-3-4,115
153768,3-2-4,319.1
153768,4-2-3,72.4
153768,5-2-3,588.1
153768,6-2-3,2186
153768,1-3-5,228
153768,2-3-5,231.2
153768,3-2-5,579.3
153768,4-2-5,13.3
153768,5-2-4,93.5
153768,6-2-4,891.2
153768,1-3-6,377.4
153768,2-3-6,490.9
153768,3-2-6,1034
153768,4-2-6,41.8
153768,5-2-6,288.2
153768,6-2-5,1729
153768,1-4-2,12.7
153768,2-4-1,18.8
153768,3-4-1,457.9
153768,4-3-1,198.7
153768,5-3-1,957.5
153768,6-3-1,2271
153768,1-4-3,61.4
153768,2-4-3,58.3
153768,3-4-2,317.4
153768,4-3-2,143.7
153768,5-3-2,884.4
153768,6-3-2,2465
153768,1-4-5,24.5
153768,2-4-5,20.1
153768,3-4-5,538.9
153768,4-3-5,164.8
153768,5-3-4,821.7
153768,6-3-4,1963
153768,1-4-6,70.9
153768,2-4-6,69.9
153768,3-4-6,884.4
153768,4-3-6,256.3
153768,5-3-6,1631
153768,6-3-5,3511
153768,1-5-2,85.8
153768,2-5-1,111.8
153768,3-5-1,919.5
153768,4-5-1,14.7
153768,5-4-1,94.2
153768,6-4-1,1034
153768,1-5-3,248.1
153768,2-5-3,250.2
153768,3-5-2,633.1
153768,4-5-2,12.3
153768,5-4-2,69.1
153768,6-4-2,827.5
153768,1-5-4,72.1
153768,2-5-4,57.3
153768,3-5-4,677.5
153768,4-5-3,105.6
153768,5-4-3,348.9
153768,6-4-3,2106
153768,1-5-6,244.4
153768,2-5-6,228
153768,3-5-6,1206
153768,4-5-6,21
153768,5-4-6,106
153768,6-4-5,697.9
153768,1-6-2,469
153768,2-6-1,579.3
153768,3-6-1,1655
153768,4-6-1,96.9
153768,5-6-1,815.9
153768,6-5-1,1782
153768,1-6-3,662
153768,2-6-3,810.2
153768,3-6-2,1466
153768,4-6-2,89.1
153768,5-6-2,546.5
153768,6-5-2,1609
153768,1-6-4,314.8
153768,2-6-4,262.1
153768,3-6-4,1485
153768,4-6-3,252.9
153768,5-6-3,1524
153768,6-5-3,3131
153768,1-6-5,579.3
153768,2-6-5,454.3
153768,3-6-5,2228
153768,4-6-5,66.6
153768,5-6-4,308.9
153768,6-5-4,697.9
153769,1-2-3,18.2
153769,2-1-3,23
153769,3-1-2,23.7
153769,4-1-2,240.2
153769,5-1-2,163
153769,6-1-2,1761
153769,1-2-4,41.2
153769,2-1-4,50
153769,3-1-4,23.6
153769,4-1-3,186.2
153769,5-1-3,132.1
153769,6-1-3,1356
153769,1-2-5,37.4
153769,2-1-5,33.5
153769,3-1-5,22.7
153769,4-1-5,252.2
153769,5-1-4,238.5
153769,6-1-4,2953
153769,1-2-6,267.7
153769,2-1-6,290.2
153769,3-1-6,194.5
153769,4-1-6,536.9
153769,5-1-6,420.1
153769,6-1-5,2136
153769,1-3-2,18.6
153769,2-3-1,25
153769,3-2-1,24.7
153769,4-2-1,238.5
153769,5-2-1,185.6
153769,6-2-1,3347
153769,1-3-4,33
153769,2-3-4,24.8
153769,3-2-4,21.9
153769,4-2-3,157.8
153769,5-2-3,108
153769,6-2-3,1894
153769,1-3-5,27
153769,2-3-5,17.5
153769,3-2-5,13.6
153769,4-2-5,147.8
153769,5-2-4,221.6
153769,6-2-4,3462
153769,1-3-6,240.2
153769,2-3-6,211.8
153769,3-2-6,190.5
153769,4-2-6,567.3
153769,5-2-6,440.4
153769,6-2-5,2574
153769,1-4-2,83
153769,2-4-1,108
153769,3-4-1,40.5
153769,4-3-1,93.3
153769,5-3-1,134.6
153769,6-3-1,1825
153769,1-4-3,68.3
153769,2-4-3,61.2
153769,3-4-2,35.6
153769,4-3-2,135.8
153769,5-3-2,96.9
153769,6-3-2,2049
153769,1-4-5,112.6
153769,2-4-5,70
153769,3-4-5,29
153769,4-3-5,91.2
153769,5-3-4,173.4
153769,6-3-4,3347
153769,1-4-6,497
153769,2-4-6,312.8
153769,3-4-6,200
153769,4-3-6,373.2
153769,5-3-6,361.1
153769,6-3-5,1476
153769,1-5-2,82.8
153769,2-5-1,73.6
153769,3-5-1,44.5
153769,4-5-1,206.6
153769,5-4-1,348.6
153769,6-4-1,3862
153769,1-5-3,67.2
153769,2-5-3,40.7
153769,3-5-2,25
153769,4-5-2,176.7
153769,5-4-2,300.6
153769,6-4-2,3718
153769,1-5-4,155.1
153769,2-5-4,110.2
153769,3-5-4,39.3
153769,4-5-3,139.4
153769,5-4-3,223.1
153769,6-4-3,4016
153769,1-5-6,373.2
153769,2-5-6,323.9
153769,3-5-6,154.7
153769,4-5-6,310.8
153769,5-4-6,534.1
153769,6-4-5,3347
153769,1-6-2,647.8
153769,2-6-1,760.6
153769,3-6-1,577
153769,4-6-1,471.4
153769,5-6-1,727.6
153769,6-5-1,1568
153769,1-6-3,418.3
153769,2-6-3,536.9
153769,3-6-2,464.8
153769,4-6-2,896.5
153769,5-6-2,687.7
153769,6-5-2,2049
153769,1-6-4,938.4
153769,2-6-4,888.6
153769,3-6-4,542.7
153769,4-6-3,858.2
153769,5-6-3,522.9
153769,6-5-3,1181
153769,1-6-5,631.5
153769,2-6-5,683
153769,3-6-5,395.3
153769,4-6-5,843.8
153769,5-6-4,823
153769,6-5-4,2136
153770,1-2-3,30.2
153770,2-1-3,141.8
153770,3-1-2,61.1
153770,4-1-2,166.8
153770,5-1-2,832.6
153770,6-1-2,704
153770,1-2-4,52.9
153770,2-1-4,235.2
153770,3-1-4,7.3
153770,4-1-3,53.1
153770,5-1-3,427.4
153770,6-1-3,312.9
153770,1-2-5,149.8
153770,2-1-5,629.9
153770,3-1-5,39.3
153770,4-1-5,146.8
153770,5-1-4,664.9
153770,6-1-4,488.5
153770,1-2-6,148.6
153770,2-1-6,512
153770,3-1-6,17.9
153770,4-1-6,83.6
153770,5-1-6,693.8
153770,6-1-5,1473
153770,1-3-2,16.8
153770,2-3-1,298.2
153770,3-2-1,232.4
153770,4-2-1,462.5
153770,5-2-1,1348
153770,6-2-1,1650
153770,1-3-4,4.1
153770,2-3-4,398.9
153770,3-2-4,191.1
153770,4-2-3,491
153770,5-2-3,1052
153770,6-2-3,1740
153770,1-3-5,27
153770,2-3-5,878.4
153770,3-2-5,387.6
153770,4-2-5,556.6
153770,5-2-4,1063
153770,6-2-4,2226
153770,1-3-6,13.8
153770,2-3-6,886.5
153770,3-2-6,464.8
153770,4-2-6,651.3
153770,5-2-6,1740
153770,6-2-5,3419
153770,1-4-2,45.8
153770,2-4-1,460.3
153770,3-4-1,19.6
153770,4-3-1,66.7
153770,5-3-1,544
153770,6-3-1,280.7
153770,1-4-3,9.4
153770,2-4-3,437.2
153770,3-4-2,119.2
153770,4-3-2,318.1
153770,5-3-2,1139
153770,6-3-2,1276
153770,1-4-5,65.9
153770,2-4-5,400.6
153770,3-4-5,53.7
153770,4-3-5,141.6
153770,5-3-4,583.8
153770,6-3-4,291
153770,1-4-6,34.4
153770,2-4-6,854.9
153770,3-4-6,25.5
153770,4-3-6,74.6
153770,5-3-6,772.1
153770,6-3-5,1040
153770,1-5-2,297.3
153770,2-5-1,1450
153770,3-5-1,194.6
153770,4-5-1,321.3
153770,5-4-1,948
153770,6-4-1,509.3
153770,1-5-3,131.8
153770,2-5-3,1387
153770,3-5-2,397.3
153770,4-5-2,517.5
153770,5-4-2,1139
153770,6-4-2,1569
153770,1-5-4,184.4
153770,2-5-4,1773
153770,3-5-4,151.7
153770,4-5-3,251.9
153770,5-4-3,674.3
153770,6-4-3,341.9
153770,1-5-6,238.1
153770,2-5-6,2455
153770,3-5-6,241.7
153770,4-5-6,307.8
153770,5-4-6,920.6
153770,6-4-5,1276
153770,1-6-2,227.9
153770,2-6-1,1408
153770,3-6-1,57.2
153770,4-6-1,135
153770,5-6-1,1622
153770,6-5-1,2659
153770,1-6-3,72.6
153770,2-6-3,1595
153770,3-6-2,340.7
153770,4-6-2,534.9
153770,5-6-2,2081
153770,6-5-2,3830
153770,1-6-4,99.1
153770,2-6-4,1994
153770,3-6-4,59.5
153770,4-6-3,113.8
153770,5-6-3,1212
153770,6-5-3,1650
153770,1-6-5,312.9
153770,2-6-5,3301
153770,3-6-5,199
153770,4-6-5,289.2
153770,5-6-4,1311
153770,6-5-4,1806
153771,1-2-3,19.4
153771,2-1-3,166.1
153771,3-1-2,53.7
153771,4-1-2,403.5
153771,5-1-2,148
153771,6-1-2,544.1
153771,1-2-4,82.1
153771,2-1-4,410.4
153771,3-1-4,34.5
153771,4-1-3,219.9
153771,5-1-3,70.8
153771,6-1-3,258.7
153771,1-2-5,35.3
153771,2-1-5,170.9
153771,3-1-5,8.3
153771,4-1-5,189.3
153771,5-1-4,198.8
153771,6-1-4,800.2
153771,1-2-6,90.6
153771,2-1-6,388.6
153771,3-1-6,20.4
153771,4-1-6,234.5
153771,5-1-6,87.7
153771,6-1-5,352.6
153771,1-3-2,14
153771,2-3-1,276.8
153771,3-2-1,133.9
153771,4-2-1,933.6
153771,5-2-1,302.3
153771,6-2-1,1442
153771,1-3-4,19.1
153771,2-3-4,906.9
153771,3-2-4,304.2
153771,4-2-3,1511
153771,5-2-3,471.4
153771,6-2-3,1587
153771,1-3-5,4.9
153771,2-3-5,371.9
153771,3-2-5,115
153771,4-2-5,933.6
153771,5-2-4,726.9
153771,6-2-4,2070
153771,1-3-6,12.7
153771,2-3-6,680.1
153771,3-2-6,237.4
153771,4-2-6,1094
153771,5-2-6,881.7
153771,6-2-5,2720
153771,1-4-2,80.5
153771,2-4-1,906.9
153771,3-4-1,114.5
153771,4-3-1,291.2
153771,5-3-1,99.2
153771,6-3-1,367.6
153771,1-4-3,47.4
153771,2-4-3,1641
153771,3-4-2,348.8
153771,4-3-2,1107
153771,5-3-2,326.1
153771,6-3-2,1046
153771,1-4-5,57.7
153771,2-4-5,1904
153771,3-4-5,99.2
153771,4-3-5,401.8
153771,5-3-4,316.3
153771,6-3-4,1069
153771,1-4-6,80.2
153771,2-4-6,1670
153771,3-4-6,140.2
153771,4-3-6,455.6
153771,5-3-6,139.6
153771,6-3-5,550.4
153771,1-5-2,34
153771,2-5-1,371.9
153771,3-5-1,26.9
153771,4-5-1,249.2
153771,5-4-1,317.4
153771,6-4-1,1252
153771,1-5-3,15.4
153771,2-5-3,680.1
153771,3-5-2,107.9
153771,4-5-2,587.8
153771,5-4-2,580.6
153771,6-4-2,2214
153771,1-5-4,73.1
153771,2-5-4,1614
153771,3-5-4,88.2
153771,4-5-3,362
153771,5-4-3,485.8
153771,6-4-3,1269
153771,1-5-6,37
153771,2-5-6,933.6
153771,3-5-6,44.3
153771,4-5-6,241
153771,5-4-6,348.8
153771,6-4-5,1069
153771,1-6-2,161.4
153771,2-6-1,981.7
153771,3-6-1,91.6
153771,4-6-1,544.1
153771,5-6-1,206.1
153771,6-5-1,490.8
153771,1-6-3,64.2
153771,2-6-3,1641
153771,3-6-2,304.2
153771,4-6-2,1013
153771,5-6-2,652.2
153771,6-5-2,1943
153771,1-6-4,146.9
153771,2-6-4,2267
153771,3-6-4,183.4
153771,4-6-3,622.4
153771,5-6-3,242.9
153771,6-5-3,610.4
153771,1-6-5,68
153771,2-6-5,1731
153771,3-6-5,83.6
153771,4-6-5,430.8
153771,5-6-4,421.3
153771,6-5-4,915.6
153772,1-2-3,12.5
153772,2-1-3,102.6
153772,3-1-2,49.7
153772,4-1-2,43.1
153772,5-1-2,648.6
153772,6-1-2,712.6
153772,1-2-4,14
153772,2-1-4,103.8
153772,3-1-4,17.9
153772,4-1-3,23.4
153772,5-1-3,538.6
153772,6-1-3,746
153772,1-2-5,71.6
153772,2-1-5,288.4
153772,3-1-5,57.2
153772,4-1-5,62.2
153772,5-1-4,401.2
153772,6-1-4,712.6
153772,1-2-6,66.6
153772,2-1-6,243.3
153772,3-1-6,50.8
153772,4-1-6,59.9
153772,5-1-6,475.7
153772,6-1-5,1418
153772,1-3-2,11.8
153772,2-3-1,208
153772,3-2-1,175.5
153772,4-2-1,105.3
153772,5-2-1,1143
153772,6-2-1,1177
153772,1-3-4,5.9
153772,2-3-4,247.5
153772,3-2-4,170.1
153772,4-2-3,114.9
153772,5-2-3,1727
153772,6-2-3,1826
153772,1-3-5,40.3
153772,2-3-5,623.1
153772,3-2-5,394.3
153772,4-2-5,281.7
153772,5-2-4,1281
153772,6-2-4,1914
153772,1-3-6,29.2
153772,2-3-6,597.4
153772,3-2-6,348.4
153772,4-2-6,232.6
153772,5-2-6,1358
153772,6-2-5,2407
153772,1-4-2,13.9
153772,2-4-1,221.9
153772,3-4-1,45.6
153772,4-3-1,42.2
153772,5-3-1,700
153772,6-3-1,798.5
153772,1-4-3,9.5
153772,2-4-3,260
153772,3-4-2,98.7
153772,4-3-2,93.5
153772,5-3-2,1393
153772,6-3-2,1557
153772,1-4-5,34.2
153772,2-4-5,653.9
153772,3-4-5,98.2
153772,4-3-5,94.1
153772,5-3-4,840.8
153772,6-3-4,725.6
153772,1-4-6,29.6
153772,2-4-6,606.5
153772,3-4-6,73.2
153772,4-3-6,69.6
153772,5-3-6,775.1
153772,6-3-5,1727
153772,1-5-2,150.2
153772,2-5-1,945.9
153772,3-5-1,307.9
153772,4-5-1,114.9
153772,5-4-1,399.2
153772,6-4-1,575.7
153772,1-5-3,117.5
153772,2-5-3,1444
153772,3-5-2,522.7
153772,4-5-2,232.3
153772,5-4-2,735.7
153772,6-4-2,1393
153772,1-5-4,108.3
153772,2-5-4,1213
153772,3-5-4,348.4
153772,4-5-3,145.1
153772,5-4-3,625.6
153772,6-4-3,715.8
153772,1-5-6,169.4
153772,2-5-6,1471
153772,3-5-6,430.6
153772,4-5-6,120.3
153772,5-4-6,349.2
153772,6-4-5,1005
153772,1-6-2,188.5
153772,2-6-1,873.1
153772,3-6-1,315.3
153772,4-6-1,128.3
153772,5-6-1,863.6
153772,6-5-1,1605
153772,1-6-3,112.5
153772,2-6-3,1589
153772,3-6-2,504.4
153772,4-6-2,253.4
153772,5-6-2,1324
153772,6-5-2,1765
153772,1-6-4,132.7
153772,2-6-4,1393
153772,3-6-4,294.8
153772,4-6-3,144.5
153772,5-6-3,1151
153772,6-5-3,2063
153772,1-6-5,228.3
153772,2-6-5,1765
153772,3-6-5,597.4
153772,4-6-5,187.1
153772,5-6-4,595.1
153772,6-5-4,1103
153773,1-2-3,11.4
153773,2-1-3,44.6
153773,3-1-2,33.8
153773,4-1-2,146.8
153773,5-1-2,546.1
153773,6-1-2,310.4
153773,1-2-4,17.3
153773,2-1-4,90.5
153773,3-1-4,17.4
153773,4-1-3,83.7
153773,5-1-3,257.2
153773,6-1-3,283
153773,1-2-5,33.8
153773,2-1-5,150.5
153773,3-1-5,38
153773,4-1-5,151
153773,5-1-4,557.8
153773,6-1-4,322.4
153773,1-2-6,38.6
153773,2-1-6,134.5
153773,3-1-6,37.3
153773,4-1-6,112.4
153773,5-1-6,434.6
153773,6-1-5,501.5
153773,1-3-2,10.5
153773,2-3-1,154.2
153773,3-2-1,135.3
153773,4-2-1,389.2
153773,5-2-1,1081
153773,6-2-1,619.1
153773,1-3-4,6.7
153773,2-3-4,213.7
153773,3-2-4,166.1
153773,4-2-3,448.6
153773,5-2-3,1320
153773,6-2-3,811.8
153773,1-3-5,19
153773,2-3-5,330.6
153773,3-2-5,244.3
153773,4-2-5,579.5
153773,5-2-4,1557
153773,6-2-4,824.6
153773,1-3-6,16.5
153773,2-3-6,292.2
153773,3-2-6,231.5
153773,4-2-6,389.9
153773,5-2-6,1534
153773,6-2-5,993.5
153773,1-4-2,19.7
153773,2-4-1,253.8
153773,3-4-1,46
153773,4-3-1,99.1
153773,5-3-1,501.5
153773,6-3-1,529.5
153773,1-4-3,14.2
153773,2-4-3,310
153773,3-4-2,154.8
153773,4-3-2,284.2
153773,5-3-2,1152
153773,6-3-2,848.1
153773,1-4-5,34.4
153773,2-4-5,502.7
153773,3-4-5,98.9
153773,4-3-5,207.3
153773,5-3-4,716.9
153773,6-3-4,490.9
153773,1-4-6,26.5
153773,2-4-6,389.9
153773,3-4-6,75.5
153773,4-3-6,147.7
153773,5-3-6,677.4
153773,6-3-5,998.2
153773,1-5-2,83.9
153773,2-5-1,528.2
153773,3-5-1,175.9
153773,4-5-1,260.4
153773,5-4-1,855
153773,6-4-1,668.7
153773,1-5-3,47.2
153773,2-5-3,654
153773,3-5-2,354.2
153773,4-5-2,484
153773,5-4-2,1814
153773,6-4-2,1165
153773,1-5-4,88.3
153773,2-5-4,851.5
153773,3-5-4,197.3
153773,4-5-3,276.7
153773,5-4-3,974.9
153773,6-4-3,755.9
153773,1-5-6,100
153773,2-5-6,520.2
153773,3-5-6,232.5
153773,4-5-6,208.8
153773,5-4-6,799.3
153773,6-4-5,1109
153773,1-6-2,94.8
153773,2-6-1,592.7
153773,3-6-1,203.9
153773,4-6-1,264.7
153773,5-6-1,1043
153773,6-5-1,1192
153773,1-6-3,62.6
153773,2-6-3,862.1
153773,3-6-2,410.7
153773,4-6-2,512.6
153773,5-6-2,1682
153773,6-5-2,1592
153773,1-6-4,68.8
153773,2-6-4,984.1
153773,3-6-4,180.7
153773,4-6-3,268.5
153773,5-6-3,761.4
153773,6-5-3,1438
153773,1-6-5,129.8
153773,2-6-5,919.1
153773,3-6-5,350
153773,4-6-5,332.7
153773,5-6-4,1256
153773,6-5-4,1234
153774,1-2-3,8.5
153774,2-1-3,144.9
153774,3-1-2,292.9
153774,4-1-2,92.7
153774,5-1-2,258.5
153774,6-1-2,594.9
153774,1-2-4,4.3
153774,2-1-4,83.4
153774,3-1-4,275.6
153774,4-1-3,219.3
153774,5-1-3,498.3
153774,6-1-3,1302
153774,1-2-5,8.1
153774,2-1-5,132.2
153774,3-1-5,376.7
153774,4-1-5,94.5
153774,5-1-4,253.7
153774,6-1-4,1154
153774,1-2-6,24.6
153774,2-1-6,255.1
153774,3-1-6,583
153774,4-1-6,160
153774,5-1-6,377.9
153774,6-1-5,1371
153774,1-3-2,18.5
153774,2-3-1,610.4
153774,3-2-1,537.3
153774,4-2-1,252.1
153774,5-2-1,463.6
153774,6-2-1,1348
153774,1-3-4,19.5
153774,2-3-4,795.9
153774,3-2-4,704.5
153774,4-2-3,774.7
153774,5-2-3,1302
153774,6-2-3,3886
153774,1-3-5,27.8
153774,2-3-5,1148
153774,3-2-5,1084
153774,4-2-5,372.5
153774,5-2-4,664.4
153774,6-2-4,2915
153774,1-3-6,54.1
153774,2-3-6,1865
153774,3-2-6,1702
153774,4-2-6,666.3
153774,5-2-6,1115
153774,6-2-5,2989
153774,1-4-2,7.3
153774,2-4-1,265.9
153774,3-4-1,574.3
153774,4-3-1,653.2
153774,5-3-1,1439
153774,6-3-1,2562
153774,1-4-3,18.9
153774,2-4-3,896.9
153774,3-4-2,759.6
153774,4-3-2,1074
153774,5-3-2,1665
153774,6-3-2,4020
153774,1-4-5,11.4
153774,2-4-5,504.7
153774,3-4-5,1022
153774,4-3-5,1022
153774,5-3-4,2286
153774,6-3-4,3331
153774,1-4-6,24
153774,2-4-6,1143
153774,3-4-6,1247
153774,4-3-6,1137
153774,5-3-6,2242
153774,6-3-5,4164
153774,1-5-2,22.3
153774,2-5-1,465.4
153774,3-5-1,988.1
153774,4-5-1,180.3
153774,5-4-1,335.5
153774,6-4-1,1976
153774,1-5-3,46.2
153774,2-5-3,1404
153774,3-5-2,1439
153774,4-5-2,317.2
153774,5-4-2,556.5
153774,6-4-2,2480
153774,1-5-4,25
153774,2-5-4,731
153774,3-5-4,1475
153774,4-5-3,698.2
153774,5-4-3,1105
153774,6-4-3,4164
153774,1-5-6,48
153774,2-5-6,1586
153774,3-5-6,1677
153774,4-5-6,287.1
153774,5-4-6,509.1
153774,6-4-5,2308
153774,1-6-2,84.4
153774,2-6-1,1466
153774,3-6-1,2264
153774,4-6-1,430.2
153774,5-6-1,1177
153774,6-5-1,2562
153774,1-6-3,136.7
153774,2-6-3,2989
153774,3-6-2,3151
153774,4-6-2,790.5
153774,5-6-2,1714
153774,6-5-2,2989
153774,1-6-4,87.7
153774,2-6-4,2379
153774,3-6-4,2915
153774,4-6-3,1247
153774,5-6-3,2332
153774,6-5-3,3480
153774,1-6-5,118.6
153774,2-6-5,2404
153774,3-6-5,3480
153774,4-6-5,578.6
153774,5-6-4,1253
153774,6-5-4,2200
153775,1-2-3,3.1
153775,2-1-3,20
153775,3-1-2,47.9
153775,4-1-2,242.3
153775,5-1-2,332
153775,6-1-2,1175
153775,1-2-4,8.2
153775,2-1-4,35.4
153775,3-1-4,72.9
153775,4-1-3,291.4
153775,5-1-3,333.3
153775,6-1-3,2118
153775,1-2-5,12.7
153775,2-1-5,50.7
153775,3-1-5,70.4
153775,4-1-5,404.7
153775,5-1-4,731.2
153775,6-1-4,4028
153775,1-2-6,156.6
153775,2-1-6,361.8
153775,3-1-6,676.8
153775,4-1-6,1453
153775,5-1-6,2408
153775,6-1-5,4095
153775,1-3-2,5.6
153775,2-3-1,52
153775,3-2-1,91.7
153775,4-2-1,425.1
153775,5-2-1,600.7
153775,6-2-1,2213
153775,1-3-4,11.1
153775,2-3-4,100.4
153775,3-2-4,193.6
153775,4-2-3,690.2
153775,5-2-3,978.9
153775,6-2-3,3722
153775,1-3-5,12.9
153775,2-3-5,137.9
153775,3-2-5,212
153775,4-2-5,1137
153775,5-2-4,1480
153775,6-2-4,4817
153775,1-3-6,218.6
153775,2-3-6,1023
153775,3-2-6,1638
153775,4-2-6,3320
153775,5-2-6,3780
153775,6-2-5,6300
153775,1-4-2,26
153775,2-4-1,144.1
153775,3-4-1,204
153775,4-3-1,523.9
153775,5-3-1,585
153775,6-3-1,4914
153775,1-4-3,30.9
153775,2-4-3,205.6
153775,3-4-2,332.4
153775,4-3-2,742.3
153775,5-3-2,1216
153775,6-3-2,3460
153775,1-4-5,56.7
153775,2-4-5,358.7
153775,3-4-5,476.1
153775,4-3-5,1279
153775,5-3-4,2174
153775,6-3-4,5714
153775,1-4-6,378
153775,2-4-6,1445
153775,3-4-6,2100
153775,4-3-6,2700
153775,5-3-6,3839
153775,6-3-5,7678
153775,1-5-2,39.2
153775,2-5-1,226.6
153775,3-5-1,215.3
153775,4-5-1,853.1
153775,5-4-1,1240
153775,6-4-1,6466
153775,1-5-3,41.4
153775,2-5-3,339.3
153775,3-5-2,406.1
153775,4-5-2,1404
153775,5-4-2,1638
153775,6-4-2,3667
153775,1-5-4,94.2
153775,2-5-4,560.9
153775,3-5-4,567.4
153775,4-5-3,1526
153775,5-4-3,2014
153775,6-4-3,4817
153775,1-5-6,454.1
153775,2-5-6,2296
153775,3-5-6,2890
153775,4-5-6,3071
153775,5-4-6,4636
153775,6-4-5,7678
153775,1-6-2,522.7
153775,2-6-1,1266
153775,3-6-1,2996
153775,4-6-1,5714
153775,5-6-1,5584
153775,6-5-1,5714
153775,1-6-3,819
153775,2-6-3,2792
153775,3-6-2,4914
153775,4-6-2,5714
153775,5-6-2,5850
153775,6-5-2,7445
153775,1-6-4,1015
153775,2-6-4,3561
153775,3-6-4,4914
153775,4-6-3,5850
153775,5-6-3,5584
153775,6-5-3,8775
153775,1-6-5,1050
153775,2-6-5,4310
153775,3-6-5,5992
153775,4-6-5,7020
153775,5-6-4,7678
153775,6-5-4,7926
153776,1-2-3,5.6
153776,2-1-3,13.8
153776,3-1-2,29
153776,4-1-2,234.5
153776,5-1-2,528.4
153776,6-1-2,235.6
153776,1-2-4,20.2
153776,2-1-4,34.2
153776,3-1-4,54.9
153776,4-1-3,221.6
153776,5-1-3,509.4
153776,6-1-3,178.4
153776,1-2-5,29
153776,2-1-5,60.2
153776,3-1-5,72.1
153776,4-1-5,384.5
153776,5-1-4,866.4
153776,6-1-4,544.8
153776,1-2-6,20.2
153776,2-1-6,35.8
153776,3-1-6,33.8
153776,4-1-6,265.6
153776,5-1-6,730.5
153776,6-1-5,1042
153776,1-3-2,8
153776,2-3-1,33.4
153776,3-2-1,48.2
153776,4-2-1,320.8
153776,5-2-1,669.7
153776,6-2-1,342.9
153776,1-3-4,17.7
153776,2-3-4,79.9
153776,3-2-4,84.4
153776,4-2-3,359.5
153776,5-2-3,774.1
153776,6-2-3,260.5
153776,1-3-5,38.2
153776,2-3-5,105.7
153776,3-2-5,105.9
153776,4-2-5,570.9
153776,5-2-4,1426
153776,6-2-4,812.1
153776,1-3-6,14
153776,2-3-6,51.2
153776,3-2-6,57.4
153776,4-2-6,454.3
153776,5-2-6,958.3
153776,6-2-5,1324
153776,1-4-2,52.2
153776,2-4-1,136.2
153776,3-4-1,122.6
153776,4-3-1,353.1
153776,5-3-1,672.8
153776,6-3-1,277.7
153776,1-4-3,54.2
153776,2-4-3,177.9
153776,3-4-2,143.1
153776,4-3-2,407.1
153776,5-3-2,764.2
153776,6-3-2,280.9
153776,1-4-5,127.5
153776,2-4-5,361.7
153776,3-4-5,309.1
153776,4-3-5,660.8
153776,5-3-4,1279
153776,6-3-4,542.9
153776,1-4-6,86.5
153776,2-4-6,230.5
153776,3-4-6,134.6
153776,4-3-6,365.7
153776,5-3-6,934.3
153776,6-3-5,1000
153776,1-5-2,89.2
153776,2-5-1,270.9
153776,3-5-1,245.9
153776,4-5-1,583.2
153776,5-4-1,1095
153776,6-4-1,1027
153776,1-5-3,106.9
153776,2-5-3,302.9
153776,3-5-2,218.8
153776,4-5-2,704.6
153776,5-4-2,1490
153776,6-4-2,1124
153776,1-5-4,200.9
153776,2-5-4,549.9
153776,3-5-4,402.7
153776,4-5-3,841.9
153776,5-4-3,1806
153776,6-4-3,967.7
153776,1-5-6,182.4
153776,2-5-6,395.8
153776,3-5-6,274.9
153776,4-5-6,610.7
153776,5-4-6,1257
153776,6-4-5,1722
153776,1-6-2,53.7
153776,2-6-1,128.8
153776,3-6-1,79.2
153776,4-6-1,521.9
153776,5-6-1,1146
153776,6-5-1,1611
153776,1-6-3,46.7
153776,2-6-3,116.2
153776,3-6-2,98.4
153776,4-6-2,628.8
153776,5-6-2,1241
153776,6-5-2,1817
153776,1-6-4,111.8
153776,2-6-4,289.9
153776,3-6-4,193.7
153776,4-6-3,538
153776,5-6-3,1187
153776,6-5-3,1528
153776,1-6-5,208.2
153776,2-6-5,445.5
153776,3-6-5,337.9
153776,4-6-5,764.2
153776,5-6-4,1637
153776,6-5-4,1712
153777,1-2-3,18.1
153777,2-1-3,35
153777,3-1-2,18.8
153777,4-1-2,94.1
153777,5-1-2,226.3
153777,6-1-2,1359
153777,1-2-4,27
153777,2-1-4,46
153777,3-1-4,15.1
153777,4-1-3,53.9
153777,5-1-3,138.6
153777,6-1-3,984.6
153777,1-2-5,64.5
153777,2-1-5,60
153777,3-1-5,30.2
153777,4-1-5,125.6
153777,5-1-4,237
153777,6-1-4,1298
153777,1-2-6,164.4
153777,2-1-6,181.4
153777,3-1-6,98.3
153777,4-1-6,225.5
153777,5-1-6,621.1
153777,6-1-5,2100
153777,1-3-2,10.6
153777,2-3-1,32
153777,3-2-1,34.7
153777,4-2-1,109.6
153777,5-2-1,224.3
153777,6-2-1,1724
153777,1-3-4,9.1
153777,2-3-4,37.1
153777,3-2-4,38.2
153777,4-2-3,94.6
153777,5-2-3,223.7
153777,6-2-3,1293
153777,1-3-5,34.3
153777,2-3-5,46.3
153777,3-2-5,58.1
153777,4-2-5,143.5
153777,5-2-4,319.7
153777,6-2-4,1288
153777,1-3-6,83.5
153777,2-3-6,151.6
153777,3-2-6,172.4
153777,4-2-6,230.7
153777,5-2-6,538.1
153777,6-2-5,1786
153777,1-4-2,31.4
153777,2-4-1,59.8
153777,3-4-1,30.7
153777,4-3-1,64.4
153777,5-3-1,114.9
153777,6-3-1,1121
153777,1-4-3,19.7
153777,2-4-3,49.1
153777,3-4-2,47.1
153777,4-3-2,91.2
153777,5-3-2,194.6
153777,6-3-2,1327
153777,1-4-5,78.5
153777,2-4-5,65.4
153777,3-4-5,88.8
153777,4-3-5,103.8
153777,5-3-4,188.5
153777,6-3-4,1207
153777,1-4-6,161.6
153777,2-4-6,144.4
153777,3-4-6,161.6
153777,4-3-6,201.1
153777,5-3-6,561.7
153777,6-3-5,1715
153777,1-5-2,146.9
153777,2-5-1,98.4
153777,3-5-1,73.6
153777,4-5-1,142.3
153777,5-4-1,222.7
153777,6-4-1,1481
153777,1-5-3,103.2
153777,2-5-3,88.5
153777,3-5-2,118.4
153777,4-5-2,223.1
153777,5-4-2,360.2
153777,6-4-2,1487
153777,1-5-4,173.4
153777,2-5-4,118.6
153777,3-5-4,127.8
153777,4-5-3,146.9
153777,5-4-3,222
153777,6-4-3,1224
153777,1-5-6,387.6
153777,2-5-6,248.2
153777,3-5-6,392.5
153777,4-5-6,237.2
153777,5-4-6,546.6
153777,6-4-5,1642
153777,1-6-2,480.7
153777,2-6-1,450.1
153777,3-6-1,460.8
153777,4-6-1,403.9
153777,5-6-1,1004
153777,6-5-1,1715
153777,1-6-3,396.5
153777,2-6-3,430.5
153777,3-6-2,615.6
153777,4-6-2,472.8
153777,5-6-2,1073
153777,6-5-2,1777
153777,1-6-4,491.6
153777,2-6-4,380.4
153777,3-6-4,535.6
153777,4-6-3,371
153777,5-6-3,949.5
153777,6-5-3,1715
153777,1-6-5,683.6
153777,2-6-5,487.4
153777,3-6-5,693.1
153777,4-6-5,437.6
153777,5-6-4,916.9
153777,6-5-4,1456
153778,1-2-3,34.6
153778,2-1-3,19.4
153778,3-1-2,308.3
153778,4-1-2,268.8
153778,5-1-2,118.1
153778,6-1-2,163.6
153778,1-2-4,41
153778,2-1-4,22.9
153778,3-1-4,260.6
153778,4-1-3,455.1
153778,5-1-3,214.2
153778,6-1-3,211.5
153778,1-2-5,22.4
153778,2-1-5,11.9
153778,3-1-5,224.5
153778,4-1-5,257.1
153778,5-1-4,220.8
153778,6-1-4,227.5
153778,1-2-6,23
153778,2-1-6,11.5
153778,3-1-6,153.2
153778,4-1-6,183.9
153778,5-1-6,96
153778,6-1-5,165.2
153778,1-3-2,49.4
153778,2-3-1,38.1
153778,3-2-1,413.8
153778,4-2-1,305
153778,5-2-1,107.7
153778,6-2-1,175.9
153778,1-3-4,44.8
153778,2-3-4,70.1
153778,3-2-4,698.1
153778,4-2-3,743.4
153778,5-2-3,289.4
153778,6-2-3,514
153778,1-3-5,42.7
153778,2-3-5,59.7
153778,3-2-5,545.4
153778,4-2-5,525.4
153778,5-2-4,278.9
153778,6-2-4,496.2
153778,1-3-6,29
153778,2-3-6,54.1
153778,3-2-6,529.6
153778,4-2-6,401
153778,5-2-6,116.6
153778,6-2-5,267.2
153778,1-4-2,66.3
153778,2-4-1,47.3
153778,3-4-1,711.7
153778,4-3-1,829.4
153778,5-3-1,442.1
153778,6-3-1,495
153778,1-4-3,69.9
153778,2-4-3,85.1
153778,3-4-2,1001
153778,4-3-2,1184
153778,5-3-2,631.2
153778,6-3-2,1008
153778,1-4-5,58.6
153778,2-4-5,63.4
153778,3-4-5,900.1
153778,4-3-5,1053
153778,5-3-4,906.1
153778,6-3-4,1011
153778,1-4-6,37.1
153778,2-4-6,59.7
153778,3-4-6,645.4
153778,4-3-6,716.8
153778,5-3-6,419
153778,6-3-5,787.1
153778,1-5-2,39.1
153778,2-5-1,24.2
153778,3-5-1,471.1
153778,4-5-1,341.6
153778,5-4-1,441.1
153778,6-4-1,539.5
153778,1-5-3,64.3
153778,2-5-3,58.6
153778,3-5-2,711.7
153778,4-5-2,523.3
153778,5-4-2,450.5
153778,6-4-2,942.3
153778,1-5-4,73.6
153778,2-5-4,56.4
153778,3-5-4,955.8
153778,4-5-3,776.4
153778,5-4-3,878.4
153778,6-4-3,1205
153778,1-5-6,34.6
153778,2-5-6,28.7
153778,3-5-6,466.7
153778,4-5-6,341.6
153778,5-4-6,363.9
153778,6-4-5,685
153778,1-6-2,43.8
153778,2-6-1,25.8
153778,3-6-1,369.6
153778,4-6-1,363.2
153778,5-6-1,143.5
153778,6-5-1,262.8
153778,1-6-3,47.9
153778,2-6-3,62.6
153778,3-6-2,912.3
153778,4-6-2,565.4
153778,5-6-2,168.1
153778,6-5-2,346.6
153778,1-6-4,53.1
153778,2-6-4,62.4
153778,3-6-4,725.9
153778,4-6-3,718.1
153778,5-6-3,364.9
153778,6-5-3,695.7
153778,1-6-5,40.8
153778,2-6-5,35.9
153778,3-6-5,593.8
153778,4-6-5,463
153778,5-6-4,334.2
153778,6-5-4,630.2
153779,1-2-3,27.7
153779,2-1-3,30.3
153779,3-1-2,50.2
153779,4-1-2,458.5
153779,5-1-2,134.2
153779,6-1-2,945.6
153779,1-2-4,74.4
153779,2-1-4,77.7
153779,3-1-4,78.3
153779,4-1-3,595.4
153779,5-1-3,134.1
153779,6-1-3,1489
153779,1-2-5,35
153779,2-1-5,39.1
153779,3-1-5,47.2
153779,4-1-5,452.8
153779,5-1-4,299.9
153779,6-1-4,1973
153779,1-2-6,132.1
153779,2-1-6,117.4
153779,3-1-6,151.3
153779,4-1-6,814.7
153779,5-1-6,294.8
153779,6-1-5,1448
153779,1-3-2,38.8
153779,2-3-1,31.8
153779,3-2-1,40.2
153779,4-2-1,306.4
153779,5-2-1,74
153779,6-2-1,919.4
153779,1-3-4,83.8
153779,2-3-4,27.8
153779,3-2-4,29.6
153779,4-2-3,119
153779,5-2-3,40.1
153779,6-2-3,377.4
153779,1-3-5,42.7
153779,2-3-5,11
153779,3-2-5,14.2
153779,4-2-5,74.8
153779,5-2-4,57.2
153779,6-2-4,766.8
153779,1-3-6,163.2
153779,2-3-6,32.6
153779,3-2-6,50.7
153779,4-2-6,260.1
153779,5-2-6,90.1
153779,6-2-5,460.3
153779,1-4-2,149.6
153779,2-4-1,101.3
153779,3-4-1,161.6
153779,4-3-1,536
153779,5-3-1,118.4
153779,6-3-1,1483
153779,1-4-3,170.8
153779,2-4-3,50.4
153779,3-4-2,76.1
153779,4-3-2,176.5
153779,5-3-2,52
153779,6-3-2,491.9
153779,1-4-5,151.2
153779,2-4-5,41.3
153779,3-4-5,77.1
153779,4-3-5,135.2
153779,5-3-4,98
153779,6-3-4,1212
153779,1-4-6,362.8
153779,2-4-6,117.7
153779,3-4-6,167.6
153779,4-3-6,416.2
153779,5-3-6,127.8
153779,6-3-5,629.3
153779,1-5-2,69.9
153779,2-5-1,55.3
153779,3-5-1,60.8
153779,4-5-1,375.9
153779,5-4-1,299.4
153779,6-4-1,2534
153779,1-5-3,75.3
153779,2-5-3,19.7
153779,3-5-2,24.6
153779,4-5-2,86.1
153779,5-4-2,85.9
153779,6-4-2,1351
153779,1-5-4,139.1
153779,2-5-4,37.6
153779,3-5-4,65.3
153779,4-5-3,116.2
153779,5-4-3,112.6
153779,6-4-3,1891
153779,1-5-6,200.3
153779,2-5-6,56.1
153779,3-5-6,67.8
153779,4-5-6,194.4
153779,5-4-6,161.7
153779,6-4-5,1382
153779,1-6-2,436.6
153779,2-6-1,280.3
153779,3-6-1,375.1
153779,4-6-1,1067
153779,5-6-1,374.3
153779,6-5-1,1208
153779,1-6-3,506.9
153779,2-6-3,116.5
153779,3-6-2,163.2
153779,4-6-2,509
153779,5-6-2,169.6
153779,6-5-2,498.6
153779,1-6-4,669.7
153779,2-6-4,224.3
153779,3-6-4,304.9
153779,4-6-3,656.5
153779,5-6-3,209.4
153779,6-5-3,614.5
153779,1-6-5,487.9
153779,2-6-5,132.1
153779,3-6-5,188.6
153779,4-6-5,470.3
153779,5-6-4,292.9
153779,6-5-4,983.8
153780,1-2-3,46.1
153780,2-1-3,47.8
153780,3-1-2,507.8
153780,4-1-2,39.2
153780,5-1-2,50.9
153780,6-1-2,1863
153780,1-2-4,13.7
153780,2-1-4,17.2
153780,3-1-4,555.9
153780,4-1-3,213.9
153780,5-1-3,206.2
153780,6-1-3,3676
153780,1-2-5,12.7
153780,2-1-5,16.9
153780,3-1-5,476.2
153780,4-1-5,30.4
153780,5-1-4,71.7
153780,6-1-4,2377
153780,1-2-6,185.3
153780,2-1-6,151.7
153780,3-1-6,1443
153780,4-1-6,118.4
153780,5-1-6,156.5
153780,6-1-5,2297
153780,1-3-2,115.9
153780,2-3-1,157.2
153780,3-2-1,514.4
153780,4-2-1,37.8
153780,5-2-1,52.7
153780,6-2-1,2902
153780,1-3-4,185
153780,2-3-4,70.3
153780,3-2-4,309.1
153780,4-2-3,89.3
153780,5-2-3,147.2
153780,6-2-3,4754
153780,1-3-5,150.9
153780,2-3-5,58.7
153780,3-2-5,234.4
153780,4-2-5,21.2
153780,5-2-4,44.1
153780,6-2-4,2027
153780,1-3-6,574.4
153780,2-3-6,324.4
153780,3-2-6,1345
153780,4-2-6,86.6
153780,5-2-6,112.6
153780,6-2-5,1671
153780,1-4-2,26.8
153780,2-4-1,30.2
153780,3-4-1,653.4
153780,4-3-1,505
153780,5-3-1,505.9
153780,6-3-1,4520
153780,1-4-3,127.5
153780,2-4-3,53.4
153780,3-4-2,389.4
153780,4-3-2,245.9
153780,5-3-2,344.2
153780,6-3-2,4924
153780,1-4-5,29.9
153780,2-4-5,17.3
153780,3-4-5,438.3
153780,4-3-5,215.9
153780,5-3-4,555.9
153780,6-3-4,3777
153780,1-4-6,180.8
153780,2-4-6,107
153780,3-4-6,1523
153780,4-3-6,761.7
153780,5-3-6,970.9
153780,6-3-5,3726
153780,1-5-2,27.9
153780,2-5-1,32.1
153780,3-5-1,514.4
153780,4-5-1,25.1
153780,5-4-1,47.5
153780,6-4-1,2336
153780,1-5-3,114.5
153780,2-5-3,53.8
153780,3-5-2,296.8
153780,4-5-2,17.7
153780,5-4-2,31.2
153780,6-4-2,1901
153780,1-5-4,41.4
153780,2-5-4,23.2
153780,3-5-4,491.5
153780,4-5-3,124.9
153780,5-4-3,245.9
153780,6-4-3,3581
153780,1-5-6,188.4
153780,2-5-6,89.6
153780,3-5-6,1436
153780,4-5-6,42
153780,5-4-6,70
153780,6-4-5,1351
153780,1-6-2,641.2
153780,2-6-1,823.1
153780,3-6-1,3322
153780,4-6-1,340.8
153780,5-6-1,324.4
153780,6-5-1,2336
153780,1-6-3,1173
153780,2-6-3,1116
153780,3-6-2,2506
153780,4-6-2,264.6
153780,5-6-2,269.2
153780,6-5-2,1474
153780,1-6-4,737.2
153780,2-6-4,587.9
153780,3-6-4,3063
153780,4-6-3,708.8
153780,5-6-3,685.9
153780,6-5-3,3206
153780,1-6-5,685.9
153780,2-6-5,426.1
153780,3-6-5,2377
153780,4-6-5,188.3
153780,5-6-4,289
153780,6-5-4,1300
153781,1-2-3,9.6
153781,2-1-3,19.7
153781,3-1-2,24.1
153781,4-1-2,129.4
153781,5-1-2,834
153781,6-1-2,353.9
153781,1-2-4,23.7
153781,2-1-4,41.8
153781,3-1-4,25.4
153781,4-1-3,132.9
153781,5-1-3,815.2
153781,6-1-3,423.9
153781,1-2-5,72.7
153781,2-1-5,125.2
153781,3-1-5,80.7
153781,4-1-5,250.9
153781,5-1-4,1012
153781,6-1-4,830.2
153781,1-2-6,42.2
153781,2-1-6,64.6
153781,3-1-6,52.2
153781,4-1-6,213.4
153781,5-1-6,1017
153781,6-1-5,1268
153781,1-3-2,11.2
153781,2-3-1,22.8
153781,3-2-1,26.9
153781,4-2-1,125
153781,5-2-1,933.4
153781,6-2-1,406.6
153781,1-3-4,17.4
153781,2-3-4,23.3
153781,3-2-4,22.2
153781,4-2-3,84.8
153781,5-2-3,905.3
153781,6-2-3,338
153781,1-3-5,57
153781,2-3-5,77.3
153781,3-2-5,61.8
153781,4-2-5,209.9
153781,5-2-4,1078
153781,6-2-4,477.8
153781,1-3-6,40.6
153781,2-3-6,37.5
153781,3-2-6,42.4
153781,4-2-6,149.3
153781,5-2-6,1091
153781,6-2-5,866.1
153781,1-4-2,39.8
153781,2-4-1,63.5
153781,3-4-1,31.5
153781,4-3-1,135.2
153781,5-3-1,948.2
153781,6-3-1,500.4
153781,1-4-3,38.1
153781,2-4-3,42.9
153781,3-4-2,28.7
153781,4-3-2,95.3
153781,5-3-2,857.9
153781,6-3-2,341.8
153781,1-4-5,121.6
153781,2-4-5,168.5
153781,3-4-5,62.9
153781,4-3-5,229.8
153781,5-3-4,1286
153781,6-3-4,600.5
153781,1-4-6,95.9
153781,2-4-6,80.9
153781,3-4-6,48
153781,4-3-6,170.6
153781,5-3-6,1429
153781,6-3-5,1225
153781,1-5-2,231.5
153781,2-5-1,327.5
153781,3-5-1,226.6
153781,4-5-1,304.8
153781,5-4-1,1296
153781,6-4-1,928.6
153781,1-5-3,203.8
153781,2-5-3,281.9
153781,3-5-2,205.9
153781,4-5-2,395
153781,5-4-2,1354
153781,6-4-2,594.6
153781,1-5-4,349.1
153781,2-5-4,464.3
153781,3-5-4,242.1
153781,4-5-3,477.8
153781,5-4-3,1566
153781,6-4-3,818.9
153781,1-5-6,334.2
153781,2-5-6,321.7
153781,3-5-6,247.1
153781,4-5-6,355.3
153781,5-4-6,1364
153781,6-4-5,1354
153781,1-6-2,129
153781,2-6-1,166.9
153781,3-6-1,136
153781,4-6-1,317.1
153781,5-6-1,1296
153781,6-5-1,1683
153781,1-6-3,137.9
153781,2-6-3,122.7
153781,3-6-2,103.9
153781,4-6-2,248.8
153781,5-6-2,1305
153781,6-5-2,1112
153781,1-6-4,228.9
153781,2-6-4,212.9
153781,3-6-4,123.3
153781,4-6-3,341.8
153781,5-6-3,1580
153781,6-5-3,1513
153781,1-6-5,334.8
153781,2-6-5,370.7
153781,3-6-5,207.5
153781,4-6-5,467.9
153781,5-6-4,1429
153781,6-5-4,1594
153782,1-2-3,121.1
153782,2-1-3,238.3
153782,3-1-2,203.5
153782,4-1-2,39.9
153782,5-1-2,73.3
153782,6-1-2,2398
153782,1-2-4,69.6
153782,2-1-4,116.7
153782,3-1-4,61.8
153782,4-1-3,25.5
153782,5-1-3,53.3
153782,6-1-3,2489
153782,1-2-5,77
153782,2-1-5,163.7
153782,3-1-5,94.1
153782,4-1-5,15.7
153782,5-1-4,28.2
153782,6-1-4,2048
153782,1-2-6,993.1
153782,2-1-6,1512
153782,3-1-6,588.7
153782,4-1-6,88.5
153782,5-1-6,543.1
153782,6-1-5,2891
153782,1-3-2,161.7
153782,2-3-1,234.6
153782,3-2-1,292.6
153782,4-2-1,53.1
153782,5-2-1,115.9
153782,6-2-1,3710
153782,1-3-4,59.6
153782,2-3-4,85.8
153782,3-2-4,130.4
153782,4-2-3,54.7
153782,5-2-3,152.5
153782,6-2-3,3710
153782,1-3-5,74.1
153782,2-3-5,117.6
153782,3-2-5,170.9
153782,4-2-5,40.3
153782,5-2-4,96.1
153782,6-2-4,3025
153782,1-3-6,843.9
153782,2-3-6,1365
153782,3-2-6,1003
153782,4-2-6,194.8
153782,5-2-6,1170
153782,6-2-5,3781
153782,1-4-2,54.8
153782,2-4-1,91.4
153782,3-4-1,39.6
153782,4-3-1,24.1
153782,5-3-1,65.7
153782,6-3-1,3641
153782,1-4-3,42.3
153782,2-4-3,70.4
153782,3-4-2,70
153782,4-3-2,48.6
153782,5-3-2,121.9
153782,6-3-2,3855
153782,1-4-5,24.8
153782,2-4-5,56.9
153782,3-4-5,27.4
153782,4-3-5,16.7
153782,5-3-4,39.5
153782,6-3-4,1680
153782,1-4-6,316.6
153782,2-4-6,777.2
153782,3-4-6,179.5
153782,4-3-6,109.8
153782,5-3-6,606.9
153782,6-3-5,3025
153782,1-5-2,59.1
153782,2-5-1,187.2
153782,3-5-1,98.6
153782,4-5-1,14.2
153782,5-4-1,28.3
153782,6-4-1,829.6
153782,1-5-3,48.3
153782,2-5-3,125.4
153782,3-5-2,141.2
153782,4-5-2,32.2
153782,5-4-2,62
153782,6-4-2,2398
153782,1-5-4,25.4
153782,2-5-4,83.5
153782,3-5-4,42.3
153782,4-5-3,15.7
153782,5-4-3,29.8
153782,6-4-3,1302
153782,1-5-6,388.6
153782,2-5-6,1268
153782,3-5-6,485.5
153782,4-5-6,68.5
153782,5-4-6,242.4
153782,6-4-5,644.7
153782,1-6-2,1724
153782,2-6-1,3171
153782,3-6-1,1293
153782,4-6-1,107.9
153782,5-6-1,1346
153782,6-5-1,2521
153782,1-6-3,1680
153782,2-6-3,3390
153782,3-6-2,1445
153782,4-6-2,200.6
153782,5-6-2,2027
153782,6-5-2,3855
153782,1-6-4,1130
153782,2-6-4,2313
153782,3-6-4,678
153782,4-6-3,149.4
153782,5-6-3,1478
153782,6-5-3,2553
153782,1-6-5,1724
153782,2-6-5,3223
153782,3-6-5,1156
153782,4-6-5,94.1
153782,5-6-4,712.4
153782,6-5-4,1228
153783,1-2-3,35.7
153783,2-1-3,71.6
153783,3-1-2,66.1
153783,4-1-2,17.6
153783,5-1-2,387.7
153783,6-1-2,1886
153783,1-2-4,50.6
153783,2-1-4,104.3
153783,3-1-4,53.2
153783,4-1-3,18.7
153783,5-1-3,376.7
153783,6-1-3,1861
153783,1-2-5,160.5
153783,2-1-5,208.9
153783,3-1-5,125.8
153783,4-1-5,27.2
153783,5-1-4,322.3
153783,6-1-4,2609
153783,1-2-6,451.7
153783,2-1-6,746.4
153783,3-1-6,509.4
153783,4-1-6,109.1
153783,5-1-6,979.6
153783,6-1-5,3363
153783,1-3-2,38.4
153783,2-3-1,74.7
153783,3-2-1,59.5
153783,4-2-1,18.3
153783,5-2-1,443.8
153783,6-2-1,2820
153783,1-3-4,40.2
153783,2-3-4,55.5
153783,3-2-4,46
153783,4-2-3,12
153783,5-2-3,384.5
153783,6-2-3,2233
153783,1-3-5,137.4
153783,2-3-5,153.4
153783,3-2-5,108.5
153783,4-2-5,21.7
153783,5-2-4,348.1
153783,6-2-4,2406
153783,1-3-6,578
153783,2-3-6,717.7
153783,3-2-6,473.2
153783,4-2-6,99.8
153783,5-2-6,1235
153783,6-2-5,3323
153783,1-4-2,33.2
153783,2-4-1,84.9
153783,3-4-1,34.6
153783,4-3-1,16.4
153783,5-3-1,407.5
153783,6-3-1,2449
153783,1-4-3,32.1
153783,2-4-3,52.9
153783,3-4-2,27.1
153783,4-3-2,11.1
153783,5-3-2,338.8
153783,6-3-2,2099
153783,1-4-5,126.6
153783,2-4-5,179.3
153783,3-4-5,52.9
153783,4-3-5,22.1
153783,5-3-4,313.6
153783,6-3-4,1789
153783,1-4-6,426.2
153783,2-4-6,616.3
153783,3-4-6,170.3
153783,4-3-6,90.5
153783,5-3-6,969.4
153783,6-3-5,3172
153783,1-5-2,255.9
153783,2-5-1,348.9
153783,3-5-1,151.7
153783,4-5-1,23.3
153783,5-4-1,169.7
153783,6-4-1,2164
153783,1-5-3,288.1
153783,2-5-3,301.1
153783,3-5-2,137.7
153783,4-5-2,18.6
153783,5-4-2,185.5
153783,6-4-2,2023
153783,1-5-4,302.8
153783,2-5-4,339.6
153783,3-5-4,123.1
153783,4-5-3,21.5
153783,5-4-3,205.4
153783,6-4-3,1767
153783,1-5-6,1041
153783,2-5-6,1246
153783,3-5-6,426.2
153783,4-5-6,55.5
153783,5-4-6,492.3
153783,6-4-5,2115
153783,1-6-2,1402
153783,2-6-1,1966
153783,3-6-1,1077
153783,4-6-1,176.4
153783,5-6-1,1509
153783,6-5-1,3534
153783,1-6-3,1424
153783,2-6-3,1652
153783,3-6-2,1053
153783,4-6-2,161.1
153783,5-6-2,1559
153783,6-5-2,3172
153783,1-6-4,1148
153783,2-6-4,1485
153783,3-6-4,748.5
153783,4-6-3,168.4
153783,5-6-3,1623
153783,6-5-3,3323
153783,1-6-5,1994
153783,2-6-5,1925
153783,3-6-5,736.6
153783,4-6-5,127.1
153783,5-6-4,1219
153783,6-5-4,2346
153784,1-2-3,11.5
153784,2-1-3,39.4
153784,3-1-2,152.1
153784,4-1-2,48.9
153784,5-1-2,96.1
153784,6-1-2,1411
153784,1-2-4,7.5
153784,2-1-4,26.5
153784,3-1-4,120.5
153784,4-1-3,113.9
153784,5-1-3,204
153784,6-1-3,1980
153784,1-2-5,8.3
153784,2-1-5,22
153784,3-1-5,124.7
153784,4-1-5,38.6
153784,5-1-4,106.1
153784,6-1-4,1920
153784,1-2-6,138.6
153784,2-1-6,247.5
153784,3-1-6,477.4
153784,4-1-6,196.9
153784,5-1-6,310.3
153784,6-1-5,2935
153784,1-3-2,22.2
153784,2-3-1,119.5
153784,3-2-1,189.2
153784,4-2-1,86.4
153784,5-2-1,127.9
153784,6-2-1,2240
153784,1-3-4,27
153784,2-3-4,136.2
153784,3-2-4,186.3
153784,4-2-3,167.9
153784,5-2-3,266.6
153784,6-2-3,2043
153784,1-3-5,33.3
153784,2-3-5,114.9
153784,3-2-5,146.3
153784,4-2-5,74.2
153784,5-2-4,165.8
153784,6-2-4,2409
153784,1-3-6,198
153784,2-3-6,524.4
153784,3-2-6,653.2
153784,4-2-6,302.9
153784,5-2-6,509.8
153784,6-2-5,3756
153784,1-4-2,10.3
153784,2-4-1,63
153784,3-4-1,154.8
153784,4-3-1,251.1
153784,5-3-1,370.7
153784,6-3-1,2746
153784,1-4-3,28.2
153784,2-4-3,119.4
153784,3-4-2,186.8
153784,4-3-2,283.1
153784,5-3-2,350.8
153784,6-3-2,2717
153784,1-4-5,12.9
153784,2-4-5,60.2
153784,3-4-5,141.2
153784,4-3-5,227.4
153784,5-3-4,479.2
153784,6-3-4,2260
153784,1-4-6,126.7
153784,2-4-6,327
153784,3-4-6,550.4
153784,4-3-6,624.5
153784,5-3-6,1034
153784,6-3-5,3812
153784,1-5-2,23.9
153784,2-5-1,76.1
153784,3-5-1,205.8
153784,4-5-1,57.6
153784,5-4-1,114.3
153784,6-4-1,2479
153784,1-5-3,50.9
153784,2-5-3,152.9
153784,3-5-2,217
153784,4-5-2,69.9
153784,5-4-2,134.7
153784,6-4-2,2746
153784,1-5-4,33.3
153784,2-5-4,107.4
153784,3-5-4,238.7
153784,4-5-3,165.1
153784,5-4-3,325.3
153784,6-4-3,2606
153784,1-5-6,185.6
153784,2-5-6,359.2
153784,3-5-6,723.5
153784,4-5-6,156
153784,5-4-6,347
153784,6-4-5,2456
153784,1-6-2,450.4
153784,2-6-1,1013
153784,3-6-1,1222
153784,4-6-1,757.9
153784,5-6-1,769.3
153784,6-5-1,2717
153784,1-6-3,545.7
153784,2-6-3,1529
153784,3-6-2,1467
153784,4-6-2,808.3
153784,5-6-2,918.7
153784,6-5-2,3405
153784,1-6-4,488.3
153784,2-6-4,1351
153784,3-6-4,1365
153784,4-6-3,1100
153784,5-6-3,1204
153784,6-5-3,3991
153784,1-6-5,573.9
153784,2-6-5,1277
153784,3-6-5,1576
153784,4-6-5,595.3
153784,5-6-4,767
153784,6-5-4,2301
153785,1-2-3,36
153785,2-1-3,149.3
153785,3-1-2,214.7
153785,4-1-2,38
153785,5-1-2,120
153785,6-1-2,538.7
153785,1-2-4,13.4
153785,2-1-4,67.5
153785,3-1-4,133.6
153785,4-1-3,54.3
153785,5-1-3,219.2
153785,6-1-3,1065
153785,1-2-5,26.8
153785,2-1-5,97.2
153785,3-1-5,202.8
153785,4-1-5,20.4
153785,5-1-4,80.2
153785,6-1-4,386.2
153785,1-2-6,49.7
153785,2-1-6,146.7
153785,3-1-6,312.4
153785,4-1-6,27.6
153785,5-1-6,120.8
153785,6-1-5,556.1
153785,1-3-2,49
153785,2-3-1,333.8
153785,3-2-1,454.7
153785,4-2-1,84.9
153785,5-2-1,197.1
153785,6-2-1,746.5
153785,1-3-4,29.4
153785,2-3-4,366.7
153785,3-2-4,456.9
153785,4-2-3,246.9
153785,5-2-3,447.2
153785,6-2-3,1806
153785,1-3-5,40.3
153785,2-3-5,321.9
153785,3-2-5,490
153785,4-2-5,87.8
153785,5-2-4,233.2
153785,6-2-4,824.4
153785,1-3-6,70.8
153785,2-3-6,679.6
153785,3-2-6,767.7
153785,4-2-6,110.1
153785,5-2-6,308.3
153785,6-2-5,1053
153785,1-4-2,12.1
153785,2-4-1,129.1
153785,3-4-1,173.4
153785,4-3-1,141.9
153785,5-3-1,468.2
153785,6-3-1,1678
153785,1-4-3,20.5
153785,2-4-3,249.5
153785,3-4-2,277.2
153785,4-3-2,284.3
153785,5-3-2,699.7
153785,6-3-2,2284
153785,1-4-5,10.8
153785,2-4-5,158.6
153785,3-4-5,174.9
153785,4-3-5,80.9
153785,5-3-4,376.2
153785,6-3-4,1723
153785,1-4-6,16
153785,2-4-6,202.8
153785,3-4-6,230.1
153785,4-3-6,118
153785,5-3-6,552.8
153785,6-3-5,1634
153785,1-5-2,42.1
153785,2-5-1,201.5
153785,3-5-1,313.9
153785,4-5-1,23.8
153785,5-4-1,73
153785,6-4-1,363.2
153785,1-5-3,72.4
153785,2-5-3,468.2
153785,3-5-2,564.3
153785,4-5-2,58.3
153785,5-4-2,137.1
153785,6-4-2,615.6
153785,1-5-4,29.2
153785,2-5-4,243.1
153785,3-5-4,269.7
153785,4-5-3,61.3
153785,5-4-3,186.6
153785,6-4-3,1170
153785,1-5-6,54.4
153785,2-5-6,334.4
153785,3-5-6,449.3
153785,4-5-6,22.1
153785,5-4-6,70.4
153785,6-4-5,321.4
153785,1-6-2,105.6
153785,2-6-1,476.4
153785,3-6-1,890.3
153785,4-6-1,60.5
153785,5-6-1,183.3
153785,6-5-1,585.2
153785,1-6-3,174.6
153785,2-6-3,1030
153785,3-6-2,1083
153785,4-6-2,111.8
153785,5-6-2,314.4
153785,6-5-2,948.1
153785,1-6-4,68.4
153785,2-6-4,455.8
153785,3-6-4,743.6
153785,4-6-3,195.4
153785,5-6-3,486.2
153785,6-5-3,1364
153785,1-6-5,104.4
153785,2-6-5,642.8
153785,3-6-5,828
153785,4-6-5,52
153785,5-6-4,147.1
153785,6-5-4,371.8
153786,1-2-3,5.4
153786,2-1-3,28.5
153786,3-1-2,82.1
153786,4-1-2,106.7
153786,5-1-2,121
153786,6-1-2,971.5
153786,1-2-4,7.4
153786,2-1-4,29.3
153786,3-1-4,124.3
153786,4-1-3,192.7
153786,5-1-3,180.3
153786,6-1-3,1748
153786,1-2-5,10.7
153786,2-1-5,36.8
153786,3-1-5,109.9
153786,4-1-5,111.9
153786,5-1-4,208.8
153786,6-1-4,1819
153786,1-2-6,36.8
153786,2-1-6,131.2
153786,3-1-6,321.9
153786,4-1-6,230.6
153786,5-1-6,288.6
153786,6-1-5,1585
153786,1-3-2,9.8
153786,2-3-1,93.5
153786,3-2-1,162.8
153786,4-2-1,196.5
153786,5-2-1,199.7
153786,6-2-1,1623
153786,1-3-4,14.6
153786,2-3-4,201.8
153786,3-2-4,362.8
153786,4-2-3,443.6
153786,5-2-3,388.8
153786,6-2-3,3045
153786,1-3-5,16.4
153786,2-3-5,208.8
153786,3-2-5,325.7
153786,4-2-5,292.4
153786,5-2-4,402.7
153786,6-2-4,2357
153786,1-3-6,56.9
153786,2-3-6,457.8
153786,3-2-6,772.2
153786,4-2-6,538.8
153786,5-2-6,631.8
153786,6-2-5,2946
153786,1-4-2,15.7
153786,2-4-1,129.1
153786,3-4-1,301.8
153786,4-3-1,345.7
153786,5-3-1,369.2
153786,6-3-1,3011
153786,1-4-3,24.3
153786,2-4-3,215.9
153786,3-4-2,467.3
153786,4-3-2,461.7
153786,5-3-2,550.9
153786,6-3-2,3662
153786,1-4-5,28.9
153786,2-4-5,249.3
153786,3-4-5,450.2
153786,4-3-5,656.3
153786,5-3-4,909.6
153786,6-3-4,3475
153786,1-4-6,65.9
153786,2-4-6,479.7
153786,3-4-6,903.5
153786,4-3-6,921.9
153786,5-3-6,1322
153786,6-3-5,4235
153786,1-5-2,22.2
153786,2-5-1,143.9
153786,3-5-1,292
153786,4-5-1,169.9
153786,5-4-1,282.3
153786,6-4-1,2377
153786,1-5-3,28.9
153786,2-5-3,283.2
153786,3-5-2,439.3
153786,4-5-2,253.3
153786,5-4-2,433
153786,6-4-2,2737
153786,1-5-4,42.2
153786,2-5-4,298.1
153786,3-5-4,611.8
153786,4-5-3,568.2
153786,5-4-3,806.7
153786,6-4-3,3928
153786,1-5-6,75.8
153786,2-5-6,450.2
153786,3-5-6,971.5
153786,4-5-6,318.8
153786,5-4-6,531.4
153786,6-4-5,2509
153786,1-6-2,168.5
153786,2-6-1,722.8
153786,3-6-1,1284
153786,4-6-1,691.4
153786,5-6-1,783.4
153786,6-5-1,1908
153786,1-6-3,190.8
153786,2-6-3,1254
153786,3-6-2,1594
153786,4-6-2,1026
153786,5-6-2,1046
153786,6-5-2,2557
153786,1-6-4,281.4
153786,2-6-4,1548
153786,3-6-4,1882
153786,4-6-3,1748
153786,5-6-3,1594
153786,6-5-3,3713
153786,1-6-5,237.1
153786,2-6-5,1124
153786,3-6-5,1726
153786,4-6-5,931.4
153786,5-6-4,1120
153786,6-5-4,2581
153787,1-2-3,7.8
153787,2-1-3,11.1
153787,3-1-2,21
153787,4-1-2,254.4
153787,5-1-2,153
153787,6-1-2,618.9
153787,1-2-4,31.7
153787,2-1-4,40.1
153787,3-1-4,40.4
153787,4-1-3,302.3
153787,5-1-3,141.4
153787,6-1-3,922.6
153787,1-2-5,23.3
153787,2-1-5,26.5
153787,3-1-5,27.7
153787,4-1-5,370.4
153787,5-1-4,327.9
153787,6-1-4,1702
153787,1-2-6,260.4
153787,2-1-6,259.4
153787,3-1-6,300.9
153787,4-1-6,1298
153787,5-1-6,789.7
153787,6-1-5,1473
153787,1-3-2,9.8
153787,2-3-1,14.3
153787,3-2-1,21.3
153787,4-2-1,255.4
153787,5-2-1,178.8
153787,6-2-1,731.2
153787,1-3-4,32.7
153787,2-3-4,31
153787,3-2-4,32.6
153787,4-2-3,289.9
153787,5-2-3,118.4
153787,6-2-3,768.2
153787,1-3-5,22
153787,2-3-5,19.7
153787,3-2-5,21.5
153787,4-2-5,465.6
153787,5-2-4,361.6
153787,6-2-4,1361
153787,1-3-6,260.1
153787,2-3-6,180.3
153787,3-2-6,241
153787,4-2-6,1161
153787,5-2-6,889.3
153787,6-2-5,1343
153787,1-4-2,76.8
153787,2-4-1,93.6
153787,3-4-1,79.4
153787,4-3-1,291.2
153787,5-3-1,147.2
153787,6-3-1,1226
153787,1-4-3,80.4
153787,2-4-3,79.3
153787,3-4-2,81.5
153787,4-3-2,250.5
153787,5-3-2,120.7
153787,6-3-2,958.4
153787,1-4-5,118.7
153787,2-4-5,108.2
153787,3-4-5,95.7
153787,4-3-5,446.6
153787,5-3-4,253.4
153787,6-3-4,1731
153787,1-4-6,687.9
153787,2-4-6,502.3
153787,3-4-6,443.6
153787,4-3-6,1716
153787,5-3-6,977.4
153787,6-3-5,1618
153787,1-5-2,61.2
153787,2-5-1,69.7
153787,3-5-1,50.9
153787,4-5-1,394.8
153787,5-4-1,442.6
153787,6-4-1,2122
153787,1-5-3,57.8
153787,2-5-3,49.4
153787,3-5-2,44.1
153787,4-5-2,451.8
153787,5-4-2,589.3
153787,6-4-2,1716
153787,1-5-4,164.5
153787,2-5-4,112.1
153787,3-5-4,79.3
153787,4-5-3,518.2
153787,5-4-3,465.6
153787,6-4-3,1862
153787,1-5-6,510.1
153787,2-5-6,376.7
153787,3-5-6,397.2
153787,4-5-6,1298
153787,5-4-6,1226
153787,6-4-5,1022
153787,1-6-2,539.4
153787,2-6-1,600.1
153787,3-6-1,858.4
153787,4-6-1,2243
153787,5-6-1,1203
153787,6-5-1,2014
153787,1-6-3,715.3
153787,2-6-3,587.6
153787,3-6-2,676.1
153787,4-6-2,1794
153787,5-6-2,1073
153787,6-5-2,1702
153787,1-6-4,1325
153787,2-6-4,753.5
153787,3-6-4,893.3
153787,4-6-3,2193
153787,5-6-3,1128
153787,6-5-3,1716
153787,1-6-5,1078
153787,2-6-5,710.2
153787,3-6-5,881.4
153787,4-6-5,2243
153787,5-6-4,1390
153787,6-5-4,1002
153788,1-2-3,29.1
153788,2-1-3,87.5
153788,3-1-2,52.5
153788,4-1-2,161.3
153788,5-1-2,76.9
153788,6-1-2,1929
153788,1-2-4,53.2
153788,2-1-4,131.4
153788,3-1-4,32.5
153788,4-1-3,91.3
153788,5-1-3,27.9
153788,6-1-3,1795
153788,1-2-5,33.4
153788,2-1-5,88.2
153788,3-1-5,12.7
153788,4-1-5,51.9
153788,5-1-4,46.3
153788,6-1-4,3509
153788,1-2-6,482.4
153788,2-1-6,902.9
153788,3-1-6,432.4
153788,4-1-6,657
153788,5-1-6,349.3
153788,6-1-5,2573
153788,1-3-2,20.5
153788,2-3-1,132.6
153788,3-2-1,102.6
153788,4-2-1,307.5
153788,5-2-1,138.9
153788,6-2-1,5146
153788,1-3-4,17.2
153788,2-3-4,217.4
153788,3-2-4,174.6
153788,4-2-3,332
153788,5-2-3,106.5
153788,6-2-3,3958
153788,1-3-5,7.8
153788,2-3-5,108.7
153788,3-2-5,59.9
153788,4-2-5,221.8
153788,5-2-4,215
153788,6-2-4,5718
153788,1-3-6,373.8
153788,2-3-6,1575
153788,3-2-6,935.7
153788,4-2-6,1660
153788,5-2-6,674.2
153788,6-2-5,3859
153788,1-4-2,52.1
153788,2-4-1,285.3
153788,3-4-1,56.2
153788,4-3-1,116.5
153788,5-3-1,33.6
153788,6-3-1,2450
153788,1-4-3,29.7
153788,2-4-3,358.2
153788,3-4-2,141.6
153788,4-3-2,267.1
153788,5-3-2,75.3
153788,6-3-2,4824
153788,1-4-5,23.6
153788,2-4-5,265.2
153788,3-4-5,34.8
153788,4-3-5,58.8
153788,5-3-4,55.3
153788,6-3-4,3356
153788,1-4-6,598.4
153788,2-4-6,1979
153788,3-4-6,654.2
153788,4-3-6,977.1
153788,5-3-6,491.7
153788,6-3-5,4288
153788,1-5-2,32.7
153788,2-5-1,131.2
153788,3-5-1,20.5
153788,4-5-1,44.8
153788,5-4-1,57.7
153788,6-4-1,3958
153788,1-5-3,13.2
153788,2-5-3,126.5
153788,3-5-2,48.7
153788,4-5-2,103.9
153788,5-4-2,134.1
153788,6-4-2,5146
153788,1-5-4,24.9
153788,2-5-4,205
153788,3-5-4,30.7
153788,4-5-3,46
153788,5-4-3,64
153788,6-4-3,4288
153788,1-5-6,354.9
153788,2-5-6,1087
153788,3-5-6,371.1
153788,4-5-6,404.1
153788,5-4-6,421.8
153788,6-4-5,3216
153788,1-6-2,913.5
153788,2-6-1,3216
153788,3-6-1,1416
153788,4-6-1,2412
153788,5-6-1,983.4
153788,6-5-1,2859
153788,1-6-3,892.4
153788,2-6-3,3216
153788,3-6-2,2662
153788,4-6-2,2174
153788,5-6-2,1079
153788,6-5-2,3509
153788,1-6-4,1265
153788,2-6-4,2859
153788,3-6-4,2086
153788,4-6-3,2616
153788,5-6-3,913.5
153788,6-5-3,3859
153788,1-6-5,1087
153788,2-6-5,3285
153788,3-6-5,1608
153788,4-6-5,1882
153788,5-6-4,1102
153788,6-5-4,3285
153789,1-2-3,19.2
153789,2-1-3,115.6
153789,3-1-2,166.3
153789,4-1-2,147.5
153789,5-1-2,282.4
153789,6-1-2,189.4
153789,1-2-4,23.1
153789,2-1-4,103.7
153789,3-1-4,73.9
153789,4-1-3,168.7
153789,5-1-3,234.1
153789,6-1-3,181.5
153789,1-2-5,33.4
153789,2-1-5,133.1
153789,3-1-5,75.5
153789,4-1-5,92.9
153789,5-1-4,203.1
153789,6-1-4,108.3
153789,1-2-6,21.8
153789,2-1-6,98.6
153789,3-1-6,61.7
153789,4-1-6,62.8
153789,5-1-6,131.7
153789,6-1-5,137.3
153789,1-3-2,23.4
153789,2-3-1,275.1
153789,3-2-1,316.5
153789,4-2-1,269.8
153789,5-2-1,411.7
153789,6-2-1,451.9
153789,1-3-4,17.9
153789,2-3-4,364.4
153789,3-2-4,343
153789,4-2-3,509.2
153789,5-2-3,852.7
153789,6-2-3,728.9
153789,1-3-5,21
153789,2-3-5,377.4
153789,3-2-5,365.9
153789,4-2-5,283.7
153789,5-2-4,513.5
153789,6-2-4,556.2
153789,1-3-6,14.1
153789,2-3-6,247.6
153789,3-2-6,250
153789,4-2-6,150.1
153789,5-2-6,329.8
153789,6-2-5,632
153789,1-4-2,30.1
153789,2-4-1,237.5
153789,3-4-1,139.2
153789,4-3-1,225.1
153789,5-3-1,362.2
153789,6-3-1,317.1
153789,1-4-3,27.5
153789,2-4-3,385.4
153789,3-4-2,292
153789,4-3-2,389.6
153789,5-3-2,689.9
153789,6-3-2,572
153789,1-4-5,26.2
153789,2-4-5,300.7
153789,3-4-5,143.3
153789,4-3-5,240
153789,5-3-4,527
153789,6-3-4,319.3
153789,1-4-6,15.4
153789,2-4-6,157
153789,3-4-6,80.9
153789,4-3-6,132.2
153789,5-3-6,260.8
153789,6-3-5,362.2
153789,1-5-2,50.2
153789,2-5-1,382.1
153789,3-5-1,171.1
153789,4-5-1,113.9
153789,5-4-1,215.7
153789,6-4-1,129.4
153789,1-5-3,36.4
153789,2-5-3,703.4
153789,3-5-2,406.2
153789,4-5-2,200.1
153789,5-4-2,343
153789,6-4-2,375
153789,1-5-4,43.3
153789,2-5-4,491.2
153789,3-5-4,208.7
153789,4-5-3,269
153789,5-4-3,440.9
153789,6-4-3,282.9
153789,1-5-6,25.4
153789,2-5-6,330.4
153789,3-5-6,106.4
153789,4-5-6,53.7
153789,5-4-6,110
153789,6-4-5,129.4
153789,1-6-2,39.2
153789,2-6-1,260.4
153789,3-6-1,141.3
153789,4-6-1,78.6
153789,5-6-1,174.3
153789,6-5-1,211.9
153789,1-6-3,34
153789,2-6-3,387.9
153789,3-6-2,264.6
153789,4-6-2,121.1
153789,5-6-2,273
153789,6-5-2,499.3
153789,1-6-4,27.4
153789,2-6-4,247.6
153789,3-6-4,93.4
153789,4-6-3,165.2
153789,5-6-3,268.2
153789,6-5-3,301.7
153789,1-6-5,35
153789,2-6-5,365.2
153789,3-6-5,134.7
153789,4-6-5,66.5
153789,5-6-4,147
153789,6-5-4,154.1
153790,1-2-3,35.7
153790,2-1-3,64.8
153790,3-1-2,78.9
153790,4-1-2,93.8
153790,5-1-2,2192
153790,6-1-2,111
153790,1-2-4,40.9
153790,2-1-4,70
153790,3-1-4,49
153790,4-1-3,83.6
153790,5-1-3,2172
153790,6-1-3,110.9
153790,1-2-5,577.1
153790,2-1-5,720.1
153790,3-1-5,378
153790,4-1-5,268.4
153790,5-1-4,1115
153790,6-1-4,94.4
153790,1-2-6,42.9
153790,2-1-6,64
153790,3-1-6,47.6
153790,4-1-6,42.8
153790,5-1-6,1571
153790,6-1-5,780.9
153790,1-3-2,38.6
153790,2-3-1,88
153790,3-2-1,95.8
153790,4-2-1,119.7
153790,5-2-1,2776
153790,6-2-1,124.6
153790,1-3-4,23.8
153790,2-3-4,43.7
153790,3-2-4,45.3
153790,4-2-3,64.3
153790,5-2-3,2449
153790,6-2-3,102.6
153790,1-3-5,543.2
153790,2-3-5,649
153790,3-2-5,577.1
153790,4-2-5,457.6
153790,5-2-4,2292
153790,6-2-4,81.4
153790,1-3-6,28.2
153790,2-3-6,38.6
153790,3-2-6,40.1
153790,4-2-6,36.9
153790,5-2-6,2716
153790,6-2-5,976.1
153790,1-4-2,53.9
153790,2-4-1,97
153790,3-4-1,52.7
153790,4-3-1,78.4
153790,5-3-1,2498
153790,6-3-1,112
153790,1-4-3,37.1
153790,2-4-3,62.7
153790,3-4-2,51.2
153790,4-3-2,63.8
153790,5-3-2,3331
153790,6-3-2,104.2
153790,1-4-5,339.9
153790,2-4-5,662.8
153790,3-4-5,315.5
153790,4-3-5,334.9
153790,5-3-4,2474
153790,6-3-4,46.5
153790,1-4-6,31.7
153790,2-4-6,42
153790,3-4-6,19.9
153790,4-3-6,26.6
153790,5-3-6,2905
153790,6-3-5,701.9
153790,1-5-2,1487
153790,2-5-1,1654
153790,3-5-1,1281
153790,4-5-1,419.9
153790,5-4-1,1230
153790,6-4-1,60.8
153790,1-5-3,1505
153790,2-5-3,1315
153790,3-5-2,1110
153790,4-5-2,500.7
153790,5-4-2,2687
153790,6-4-2,51.9
153790,1-5-4,915.3
153790,2-5-4,1542
153790,3-5-4,979.9
153790,4-5-3,458.5
153790,5-4-3,2031
153790,6-4-3,34.9
153790,1-5-6,1274
153790,2-5-6,1436
153790,3-5-6,983.8
153790,4-5-6,224.9
153790,5-4-6,644
153790,6-4-5,268.9
153790,1-6-2,62.1
153790,2-6-1,97.1
153790,3-6-1,58
153790,4-6-1,31
153790,5-6-1,2099
153790,6-5-1,1478
153790,1-6-3,54.1
153790,2-6-3,60
153790,3-6-2,51.1
153790,4-6-2,21.8
153790,5-6-2,2630
153790,6-5-2,1380
153790,1-6-4,50.2
153790,2-6-4,50.4
153790,3-6-4,26.3
153790,4-6-3,17.2
153790,5-6-3,1999
153790,6-5-3,1201
153790,1-6-5,737.1
153790,2-6-5,690.3
153790,3-6-5,492.8
153790,4-6-5,129.6
153790,5-6-4,644
153790,6-5-4,407.6
153791,1-2-3,19.9
153791,2-1-3,236.9
153791,3-1-2,463.7
153791,4-1-2,1142
153791,5-1-2,18.9
153791,6-1-2,157.2
153791,1-2-4,59.6
153791,2-1-4,492.4
153791,3-1-4,847.3
153791,4-1-3,1326
153791,5-1-3,65.3
153791,6-1-3,382.5
153791,1-2-5,6.9
153791,2-1-5,80.4
153791,3-1-5,250.3
153791,4-1-5,656.3
153791,5-1-4,167.5
153791,6-1-4,677.3
153791,1-2-6,15.5
153791,2-1-6,139.1
153791,3-1-6,482.8
153791,4-1-6,894.9
153791,5-1-6,13.8
153791,6-1-5,76.6
153791,1-3-2,32.9
153791,2-3-1,567.7
153791,3-2-1,639.4
153791,4-2-1,1946
153791,5-2-1,60.9
153791,6-2-1,294.3
153791,1-3-4,97.7
153791,2-3-4,1656
153791,3-2-4,1782
153791,4-2-3,3183
153791,5-2-3,244.7
153791,6-2-3,905.8
153791,1-3-5,19.7
153791,2-3-5,750.3
153791,3-2-5,744
153791,4-2-5,1980
153791,5-2-4,556.4
153791,6-2-4,1620
153791,1-3-6,40
153791,2-3-6,1179
153791,3-2-6,1117
153791,4-2-6,2163
153791,5-2-6,77.5
153791,6-2-5,273.4
153791,1-4-2,147
153791,2-4-1,1428
153791,3-4-1,1701
153791,4-3-1,2142
153791,5-3-1,223.2
153791,6-3-1,1259
153791,1-4-3,187.5
153791,2-4-3,2206
153791,3-4-2,2435
153791,4-3-2,3623
153791,5-3-2,405.1
153791,6-3-2,2102
153791,1-4-5,106.3
153791,2-4-5,1500
153791,3-4-5,1864
153791,4-3-5,2591
153791,5-3-4,1214
153791,6-3-4,2951
153791,1-4-6,152
153791,2-4-6,1819
153791,3-4-6,2228
153791,4-3-6,3537
153791,5-3-6,324.3
153791,6-3-5,1125
153791,1-5-2,5.9
153791,2-5-1,147.9
153791,3-5-1,387.2
153791,4-5-1,756.6
153791,5-4-1,437.8
153791,6-4-1,1681
153791,1-5-3,18.7
153791,2-5-3,542.1
153791,3-5-2,765.7
153791,4-5-2,1346
153791,5-4-2,819.2
153791,6-4-2,2383
153791,1-5-4,77.1
153791,2-5-4,979.5
153791,3-5-4,1277
153791,4-5-3,2016
153791,5-4-3,1154
153791,6-4-3,2621
153791,1-5-6,6.7
153791,2-5-6,206.1
153791,3-5-6,550.2
153791,4-5-6,666.1
153791,5-4-6,405.9
153791,6-4-5,1169
153791,1-6-2,31.9
153791,2-6-1,400.4
153791,3-6-1,1204
153791,4-6-1,1241
153791,5-6-1,24.8
153791,6-5-1,78.9
153791,1-6-3,75
153791,2-6-3,1262
153791,3-6-2,1980
153791,4-6-2,1912
153791,5-6-2,43.1
153791,6-5-2,149.8
153791,1-6-4,189
153791,2-6-4,1864
153791,3-6-4,2951
153791,4-6-3,2971
153791,5-6-3,118.9
153791,6-5-3,361.4
153791,1-6-5,20.5
153791,2-6-5,320.4
153791,3-6-5,1061
153791,4-6-5,904
153791,5-6-4,197.7
153791,6-5-4,452.9
153792,1-2-3,19.2
153792,2-1-3,207.4
153792,3-1-2,128.5
153792,4-1-2,892.5
153792,5-1-2,1352
153792,6-1-2,15.4
153792,1-2-4,81.3
153792,2-1-4,636.4
153792,3-1-4,281.1
153792,4-1-3,889.5
153792,5-1-3,1268
153792,6-1-3,10.2
153792,1-2-5,234
153792,2-1-5,1011
153792,3-1-5,398
153792,4-1-5,1191
153792,5-1-4,1271
153792,6-1-4,67.6
153792,1-2-6,13.3
153792,2-1-6,153.7
153792,3-1-6,50.2
153792,4-1-6,565.8
153792,5-1-6,639.5
153792,6-1-5,50.8
153792,1-3-2,14.7
153792,2-3-1,377.3
153792,3-2-1,284.1
153792,4-2-1,1779
153792,5-2-1,2129
153792,6-2-1,53.2
153792,1-3-4,43
153792,2-3-4,1238
153792,3-2-4,948.4
153792,4-2-3,2218
153792,5-2-3,3355
153792,6-2-3,92.4
153792,1-3-5,142.6
153792,2-3-5,1860
153792,3-2-5,1761
153792,4-2-5,3313
153792,5-2-4,4109
153792,6-2-4,272.7
153792,1-3-6,5.2
153792,2-3-6,466.6
153792,3-2-6,355.3
153792,4-2-6,1828
153792,5-2-6,2718
153792,6-2-5,258.3
153792,1-4-2,155.5
153792,2-4-1,1656
153792,3-4-1,853.7
153792,4-3-1,1302
153792,5-3-1,1879
153792,6-3-1,31.2
153792,1-4-3,102.7
153792,2-4-3,2120
153792,3-4-2,1359
153792,4-3-2,2023
153792,5-3-2,3759
153792,6-3-2,80.6
153792,1-4-5,420.7
153792,2-4-5,3155
153792,3-4-5,2366
153792,4-3-5,2912
153792,5-3-4,4908
153792,6-3-4,205.2
153792,1-4-6,71.1
153792,2-4-6,1563
153792,3-4-6,816.8
153792,4-3-6,1452
153792,5-3-6,2819
153792,6-3-5,219.9
153792,1-5-2,576.8
153792,2-5-1,2335
153792,3-5-1,1611
153792,4-5-1,1413
153792,5-4-1,2524
153792,6-4-1,247.3
153792,1-5-3,457.4
153792,2-5-3,3465
153792,3-5-2,2650
153792,4-5-2,4207
153792,5-4-2,5301
153792,6-4-2,529.6
153792,1-5-4,720.3
153792,2-5-4,3681
153792,3-5-4,3631
153792,4-5-3,4310
153792,5-4-3,5001
153792,6-4-3,441
153792,1-5-6,266.5
153792,2-5-6,2315
153792,3-5-6,1592
153792,4-5-6,3376
153792,5-4-6,3252
153792,6-4-5,589.7
153792,1-6-2,7.5
153792,2-6-1,219.8
153792,3-6-1,69.6
153792,4-6-1,614.3
153792,5-6-1,719.3
153792,6-5-1,159.7
153792,1-6-3,4.3
153792,2-6-3,407.1
153792,3-6-2,230.5
153792,4-6-2,1232
153792,5-6-2,1791
153792,6-5-2,286.5
153792,1-6-4,29.1
153792,2-6-4,1060
153792,3-6-4,409.7
153792,4-6-3,1221
153792,5-6-3,1611
153792,6-5-3,300.5
153792,1-6-5,44.5
153792,2-6-5,1432
153792,3-6-5,514.2
153792,4-6-5,1949
153792,5-6-4,3029
153792,6-5-4,451.1
153793,1-2-3,24.1
153793,2-1-3,325
153793,3-1-2,237.6
153793,4-1-2,247
153793,5-1-2,224
153793,6-1-2,82.6
153793,1-2-4,23.9
153793,2-1-4,369
153793,3-1-4,246
153793,4-1-3,303.8
153793,5-1-3,242.9
153793,6-1-3,91
153793,1-2-5,26.8
153793,2-1-5,304.9
153793,3-1-5,169
153793,4-1-5,107.1
153793,5-1-4,188.4
153793,6-1-4,84.7
153793,1-2-6,13.1
153793,2-1-6,136.5
153793,3-1-6,90.1
153793,4-1-6,64.3
153793,5-1-6,67.4
153793,6-1-5,60.9
153793,1-3-2,28.7
153793,2-3-1,571.6
153793,3-2-1,505.4
153793,4-2-1,581
153793,5-2-1,590.1
153793,6-2-1,266.3
153793,1-3-4,24.6
153793,2-3-4,1300
153793,3-2-4,938.1
153793,4-2-3,1412
153793,5-2-3,1313
153793,6-2-3,584.9
153793,1-3-5,21.7
153793,2-3-5,1126
153793,3-2-5,787.1
153793,4-2-5,1015
153793,5-2-4,1145
153793,6-2-4,660.2
153793,1-3-6,11.7
153793,2-3-6,943.1
153793,3-2-6,627.2
153793,4-2-6,449.8
153793,5-2-6,547.8
153793,6-2-5,495.4
153793,1-4-2,27.8
153793,2-4-1,896.7
153793,3-4-1,506.8
153793,4-3-1,639.4
153793,5-3-1,631
153793,6-3-1,230.8
153793,1-4-3,29.3
153793,2-4-3,1760
153793,3-4-2,1039
153793,4-3-2,1313
153793,5-3-2,1294
153793,6-3-2,605
153793,1-4-5,23.7
153793,2-4-5,1778
153793,3-4-5,721.5
153793,4-3-5,976.2
153793,5-3-4,1496
153793,6-3-4,483.6
153793,1-4-6,11.9
153793,2-4-6,958.5
153793,3-4-6,449.5
153793,4-3-6,473.6
153793,5-3-6,509.3
153793,6-3-5,481
153793,1-5-2,40.3
153793,2-5-1,773.3
153793,3-5-1,401.3
153793,4-5-1,131.1
153793,5-4-1,250.9
153793,6-4-1,172.3
153793,1-5-3,35.9
153793,2-5-3,1650
153793,3-5-2,849.1
153793,4-5-2,420.8
153793,5-4-2,718.5
153793,6-4-2,531.3
153793,1-5-4,36.3
153793,2-5-4,1731
153793,3-5-4,878.8
153793,4-5-3,609.8
153793,5-4-3,1043
153793,6-4-3,569.7
153793,1-5-6,15.2
153793,2-5-6,842.3
153793,3-5-6,358.8
153793,4-5-6,99.4
153793,5-4-6,173
153793,6-4-5,239.8
153793,1-6-2,16.8
153793,2-6-1,349.5
153793,3-6-1,206.4
153793,4-6-1,82.5
153793,5-6-1,89.5
153793,6-5-1,114.1
153793,1-6-3,18.9
153793,2-6-3,910.6
153793,3-6-2,630.2
153793,4-6-2,295.8
153793,5-6-2,348.8
153793,6-5-2,384.9
153793,1-6-4,18.3
153793,2-6-4,956.8
153793,3-6-4,419.5
153793,4-6-3,347
153793,5-6-3,353
153793,6-5-3,400.4
153793,1-6-5,15.8
153793,2-6-5,805.1
153793,3-6-5,359.2
153793,4-6-5,99.5
153793,5-6-4,198.2
153793,6-5-4,235.9
153794,1-2-3,6.9
153794,2-1-3,103.4
153794,3-1-2,71.6
153794,4-1-2,82.1
153794,5-1-2,264.4
153794,6-1-2,1662
153794,1-2-4,7.1
153794,2-1-4,105.5
153794,3-1-4,48.4
153794,4-1-3,88.7
153794,5-1-3,314.9
153794,6-1-3,2322
153794,1-2-5,19
153794,2-1-5,181.4
153794,3-1-5,83.2
153794,4-1-5,68.5
153794,5-1-4,284.3
153794,6-1-4,2486
153794,1-2-6,49
153794,2-1-6,435.9
153794,3-1-6,169
153794,4-1-6,116.2
153794,5-1-6,370.6
153794,6-1-5,2712
153794,1-3-2,8.5
153794,2-3-1,242.1
153794,3-2-1,208.7
153794,4-2-1,199.4
153794,5-2-1,635.5
153794,6-2-1,3225
153794,1-3-4,7.3
153794,2-3-4,329.9
153794,3-2-4,258.8
153794,4-2-3,377
153794,5-2-3,1240
153794,6-2-3,4521
153794,1-3-5,17.9
153794,2-3-5,525.8
153794,3-2-5,437.2
153794,4-2-5,370.6
153794,5-2-4,989.7
153794,6-2-4,3900
153794,1-3-6,42.4
153794,2-3-6,976.7
153794,3-2-6,840.5
153794,4-2-6,645.8
153794,5-2-6,1459
153794,6-2-5,4662
153794,1-4-2,10.3
153794,2-4-1,285.1
153794,3-4-1,107
153794,4-3-1,170.8
153794,5-3-1,589.7
153794,6-3-1,3225
153794,1-4-3,10.8
153794,2-4-3,425.3
153794,3-4-2,197.2
153794,4-3-2,392.8
153794,5-3-2,1308
153794,6-3-2,4891
153794,1-4-5,22.1
153794,2-4-5,595
153794,3-4-5,218.1
153794,4-3-5,307.6
153794,5-3-4,1039
153794,6-3-4,4232
153794,1-4-6,34.2
153794,2-4-6,1145
153794,3-4-6,452.1
153794,4-3-6,405.1
153794,5-3-6,1662
153794,6-3-5,5630
153794,1-5-2,44.4
153794,2-5-1,570
153794,3-5-1,318.6
153794,4-5-1,103.6
153794,5-4-1,353.5
153794,6-4-1,2855
153794,1-5-3,46.4
153794,2-5-3,878.9
153794,3-5-2,650.8
153794,4-5-2,249.6
153794,5-4-2,623.6
153794,6-4-2,4262
153794,1-5-4,52.1
153794,2-5-4,970.4
153794,3-5-4,504.9
153794,4-5-3,298.2
153794,5-4-3,726.9
153794,6-4-3,4293
153794,1-5-6,98.6
153794,2-5-6,1750
153794,3-5-6,773
153794,4-5-6,183.2
153794,5-4-6,625.5
153794,6-4-5,3639
153794,1-6-2,195.5
153794,2-6-1,1760
153794,3-6-1,1256
153794,4-6-1,369.7
153794,5-6-1,1163
153794,6-5-1,3243
153794,1-6-3,181.5
153794,2-6-3,2406
153794,3-6-2,2094
153794,4-6-2,734
153794,5-6-2,1724
153794,6-5-2,4852
153794,1-6-4,178.5
153794,2-6-4,2094
153794,3-6-4,1644
153794,4-6-3,1008
153794,5-6-3,2170
153794,6-5-3,5577
153794,1-6-5,229.6
153794,2-6-5,2676
153794,3-6-5,2101
153794,4-6-5,498.1
153794,5-6-4,1739
153794,6-5-4,2629
153795,1-2-3,4.8
153795,2-1-3,16.2
153795,3-1-2,121.1
153795,4-1-2,132.2
153795,5-1-2,183.8
153795,6-1-2,490.5
153795,1-2-4,4.9
153795,2-1-4,14.4
153795,3-1-4,186.1
153795,4-1-3,435.8
153795,5-1-3,693.1
153795,6-1-3,2484
153795,1-2-5,8.8
153795,2-1-5,23.2
153795,3-1-5,245.8
153795,4-1-5,236.5
153795,5-1-4,477.9
153795,6-1-4,2191
153795,1-2-6,14.7
153795,2-1-6,33.3
153795,3-1-6,381
153795,4-1-6,303.7
153795,5-1-6,611.2
153795,6-1-5,2205
153795,1-3-2,14.2
153795,2-3-1,89.4
153795,3-2-1,193.6
153795,4-2-1,134.3
153795,5-2-1,237.4
153795,6-2-1,774.1
153795,1-3-4,29.1
153795,2-3-4,161.4
153795,3-2-4,276.4
153795,4-2-3,583.7
153795,5-2-3,727.5
153795,6-2-3,2953
153795,1-3-5,43.9
153795,2-3-5,219.1
153795,3-2-5,391.9
153795,4-2-5,272.6
153795,5-2-4,531.4
153795,6-2-4,2171
153795,1-3-6,74.8
153795,2-3-6,316.7
153795,3-2-6,562.7
153795,4-2-6,370.4
153795,5-2-6,551.4
153795,6-2-5,2024
153795,1-4-2,16.6
153795,2-4-1,87.5
153795,3-4-1,447.2
153795,4-3-1,840.3
153795,5-3-1,1615
153795,6-3-1,4024
153795,1-4-3,46.3
153795,2-4-3,192.3
153795,3-4-2,494.7
153795,4-3-2,1030
153795,5-3-2,1532
153795,6-3-2,4171
153795,1-4-5,55.6
153795,2-4-5,202.6
153795,3-4-5,793.8
153795,4-3-5,1362
153795,5-3-4,2966
153795,6-3-4,5136
153795,1-4-6,78.2
153795,2-4-6,281.7
153795,3-4-6,1009
153795,4-3-6,1543
153795,5-3-6,2992
153795,6-3-5,4987
153795,1-5-2,36.5
153795,2-5-1,140.7
153795,3-5-1,818.3
153795,4-5-1,374.8
153795,5-4-1,633.7
153795,6-4-1,3261
153795,1-5-3,90
153795,2-5-3,390.1
153795,3-5-2,847.5
153795,4-5-2,344.8
153795,5-4-2,593.8
153795,6-4-2,2820
153795,1-5-4,104.7
153795,2-5-4,286.8
153795,3-5-4,1279
153795,4-5-3,1124
153795,5-4-3,2054
153795,6-4-3,5136
153795,1-5-6,119.3
153795,2-5-6,343.7
153795,3-5-6,1532
153795,4-5-6,623.4
153795,5-4-6,1031
153795,6-4-5,4383
153795,1-6-2,94.2
153795,2-6-1,237.8
153795,3-6-1,1796
153795,4-6-1,839.3
153795,5-6-1,1031
153795,6-5-1,2549
153795,1-6-3,251.9
153795,2-6-3,804.9
153795,3-6-2,1796
153795,4-6-2,803
153795,5-6-2,893.8
153795,6-5-2,2213
153795,1-6-4,230.8
153795,2-6-4,611.2
153795,3-6-4,2317
153795,4-6-3,2098
153795,5-6-3,2539
153795,6-5-3,4916
153795,1-6-5,229.2
153795,2-6-5,620
153795,3-6-5,2431
153795,4-6-5,1122
153795,5-6-4,2085
153795,6-5-4,2626
153796,1-2-3,4
153796,2-1-3,37.7
153796,3-1-2,47.1
153796,4-1-2,220.8
153796,5-1-2,220.3
153796,6-1-2,502.4
153796,1-2-4,12.5
153796,2-1-4,92.1
153796,3-1-4,56.3
153796,4-1-3,208.8
153796,5-1-3,232.8
153796,6-1-3,570.3
153796,1-2-5,9.2
153796,2-1-5,81.7
153796,3-1-5,100.1
153796,4-1-5,385.2
153796,5-1-4,617.5
153796,6-1-4,939.1
153796,1-2-6,24.8
153796,2-1-6,149.3
153796,3-1-6,81.5
153796,4-1-6,346.3
153796,5-1-6,543
153796,6-1-5,933.3
153796,1-3-2,7
153796,2-3-1,117
153796,3-2-1,107.4
153796,4-2-1,425.6
153796,5-2-1,528
153796,6-2-1,871.2
153796,1-3-4,14.8
153796,2-3-4,355.7
153796,3-2-4,244.4
153796,4-2-3,695.8
153796,5-2-3,790.1
153796,6-2-3,1581
153796,1-3-5,14.8
153796,2-3-5,305.1
153796,3-2-5,292.2
153796,4-2-5,1360
153796,5-2-4,1552
153796,6-2-4,2276
153796,1-3-6,25.3
153796,2-3-6,567.3
153796,3-2-6,337.8
153796,4-2-6,995.5
153796,5-2-6,1929
153796,6-2-5,2695
153796,1-4-2,33.4
153796,2-4-1,361.5
153796,3-4-1,105.3
153796,4-3-1,264.2
153796,5-3-1,461.1
153796,6-3-1,945.1
153796,1-4-3,35.6
153796,2-4-3,601.6
153796,3-4-2,187.3
153796,4-3-2,516.3
153796,5-3-2,722.7
153796,6-3-2,1493
153796,1-4-5,73.6
153796,2-4-5,1008
153796,3-4-5,377.2
153796,4-3-5,884.6
153796,5-3-4,1496
153796,6-3-4,1362
153796,1-4-6,67.9
153796,2-4-6,1059
153796,3-4-6,172.6
153796,4-3-6,475.5
153796,5-3-6,1342
153796,6-3-5,2370
153796,1-5-2,22.7
153796,2-5-1,343.1
153796,3-5-1,275.6
153796,4-5-1,767.3
153796,5-4-1,1490
153796,6-4-1,1612
153796,1-5-3,22.8
153796,2-5-3,423.9
153796,3-5-2,422.7
153796,4-5-2,1670
153796,5-4-2,2151
153796,6-4-2,2629
153796,1-5-4,61.2
153796,2-5-4,1021
153796,3-5-4,621.1
153796,4-5-3,1481
153796,5-4-3,2115
153796,6-4-3,1807
153796,1-5-6,70.3
153796,2-5-6,1188
153796,3-5-6,705.7
153796,4-5-6,1575
153796,5-4-6,2340
153796,6-4-5,3022
153796,1-6-2,64.3
153796,2-6-1,637
153796,3-6-1,238.1
153796,4-6-1,686.8
153796,5-6-1,1630
153796,6-5-1,1991
153796,1-6-3,74.2
153796,2-6-3,1157
153796,3-6-2,407.5
153796,4-6-2,1039
153796,5-6-2,2497
153796,6-5-2,3137
153796,1-6-4,117.4
153796,2-6-4,1552
153796,3-6-4,344.8
153796,4-6-3,895.2
153796,5-6-3,2202
153796,6-5-3,2894
153796,1-6-5,131.4
153796,2-6-5,1655
153796,3-6-5,659
153796,4-6-5,1514
153796,5-6-4,2522
153796,6-5-4,2362
153797,1-2-3,5.9
153797,2-1-3,52.7
153797,3-1-2,42.5
153797,4-1-2,386.2
153797,5-1-2,264.8
153797,6-1-2,1799
153797,1-2-4,11.6
153797,2-1-4,101
153797,3-1-4,43.8
153797,4-1-3,328.6
153797,5-1-3,213.6
153797,6-1-3,2370
153797,1-2-5,14.5
153797,2-1-5,104.1
153797,3-1-5,39
153797,4-1-5,464.3
153797,5-1-4,488.7
153797,6-1-4,4082
153797,1-2-6,69.2
153797,2-1-6,318.6
153797,3-1-6,146.6
153797,4-1-6,1014
153797,5-1-6,612.3
153797,6-1-5,3430
153797,1-3-2,5.1
153797,2-3-1,122.3
153797,3-2-1,138.7
153797,4-2-1,786.5
153797,5-2-1,597.7
153797,6-2-1,3206
153797,1-3-4,6.6
153797,2-3-4,373.7
153797,3-2-4,352.8
153797,4-2-3,1348
153797,5-2-3,894.2
153797,6-2-3,5217
153797,1-3-5,7.6
153797,2-3-5,303.3
153797,3-2-5,333.1
153797,4-2-5,1759
153797,5-2-4,1594
153797,6-2-4,4981
153797,1-3-6,45.1
153797,2-3-6,1081
153797,3-2-6,1062
153797,4-2-6,2671
153797,5-2-6,2255
153797,6-2-5,6080
153797,1-4-2,21.9
153797,2-4-1,491.4
153797,3-4-1,203.4
153797,4-3-1,553.8
153797,5-3-1,371.7
153797,6-3-1,3417
153797,1-4-3,18.8
153797,2-4-3,746.5
153797,3-4-2,396
153797,4-3-2,1199
153797,5-3-2,817.1
153797,6-3-2,5279
153797,1-4-5,40.5
153797,2-4-5,1161
153797,3-4-5,350.5
153797,4-3-5,1123
153797,5-3-4,1197
153797,6-3-4,4740
153797,1-4-6,92.9
153797,2-4-6,1774
153797,3-4-6,788.6
153797,4-3-6,2055
153797,5-3-6,1525
153797,6-3-5,5343
153797,1-5-2,26.2
153797,2-5-1,434.1
153797,3-5-1,173.2
153797,4-5-1,734.1
153797,5-4-1,1188
153797,6-4-1,5217
153797,1-5-3,22.3
153797,2-5-3,616.1
153797,3-5-2,368.6
153797,4-5-2,1597
153797,5-4-2,1925
153797,6-4-2,5616
153797,1-5-4,54.7
153797,2-5-4,1174
153797,3-5-4,405.7
153797,4-5-3,1256
153797,5-4-3,1654
153797,6-4-3,5580
153797,1-5-6,107.6
153797,2-5-6,1795
153797,3-5-6,752.3
153797,4-5-6,1985
153797,5-4-6,2469
153797,6-4-5,5917
153797,1-6-2,252.4
153797,2-6-1,1728
153797,3-6-1,940.9
153797,4-6-1,2624
153797,5-6-1,1856
153797,6-5-1,4198
153797,1-6-3,220.4
153797,2-6-3,2655
153797,3-6-2,2469
153797,4-6-2,2422
153797,5-6-2,2755
153797,6-5-2,5652
153797,1-6-4,308.4
153797,2-6-4,3327
153797,3-6-4,2069
153797,4-6-3,3526
153797,5-6-3,2663
153797,6-5-3,5688
153797,1-6-5,297.8
153797,2-6-5,3104
153797,3-6-5,1836
153797,4-6-5,3253
153797,5-6-4,3751
153797,6-5-4,3918
153798,1-2-3,6.5
153798,2-1-3,28.1
153798,3-1-2,79.2
153798,4-1-2,176.9
153798,5-1-2,72.4
153798,6-1-2,587.1
153798,1-2-4,7.4
153798,2-1-4,24.2
153798,3-1-4,134.1
153798,4-1-3,329.1
153798,5-1-3,122.5
153798,6-1-3,1062
153798,1-2-5,7.1
153798,2-1-5,22.7
153798,3-1-5,108.5
153798,4-1-5,226.2
153798,5-1-4,173.1
153798,6-1-4,1321
153798,1-2-6,49.3
153798,2-1-6,92.3
153798,3-1-6,283
153798,4-1-6,455.8
153798,5-1-6,151.6
153798,6-1-5,973
153798,1-3-2,11.1
153798,2-3-1,84.8
153798,3-2-1,138.9
153798,4-2-1,263.1
153798,5-2-1,127
153798,6-2-1,1066
153798,1-3-4,26.5
153798,2-3-4,138.9
153798,3-2-4,238
153798,4-2-3,562.3
153798,5-2-3,257.2
153798,6-2-3,2073
153798,1-3-5,18.3
153798,2-3-5,114.8
153798,3-2-5,185.6
153798,4-2-5,411.2
153798,5-2-4,340.1
153798,6-2-4,2047
153798,1-3-6,84.5
153798,2-3-6,333.8
153798,3-2-6,462.2
153798,4-2-6,806.2
153798,5-2-6,318.4
153798,6-2-5,1649
153798,1-4-2,22.5
153798,2-4-1,89.1
153798,3-4-1,367.8
153798,4-3-1,572
153798,5-3-1,283.7
153798,6-3-1,2218
153798,1-4-3,50.6
153798,2-4-3,188.3
153798,3-4-2,423.6
153798,4-3-2,727.8
153798,5-3-2,345.7
153798,6-3-2,2548
153798,1-4-5,38.3
153798,2-4-5,139.2
153798,3-4-5,553.9
153798,4-3-5,953.9
153798,5-3-4,879.5
153798,6-3-4,2212
153798,1-4-6,115.5
153798,2-4-6,358.2
153798,3-4-6,868.3
153798,4-3-6,1317
153798,5-3-6,726.5
153798,6-3-5,2929
153798,1-5-2,15.3
153798,2-5-1,76.7
153798,3-5-1,248.7
153798,4-5-1,280.9
153798,5-4-1,331.9
153798,6-4-1,2149
153798,1-5-3,28
153798,2-5-3,153.5
153798,3-5-2,286.9
153798,4-5-2,424.1
153798,5-4-2,460.9
153798,6-4-2,2664
153798,1-5-4,42.8
153798,2-5-4,152.8
153798,3-5-4,568.9
153798,4-5-3,815
153798,5-4-3,833.2
153798,6-4-3,3049
153798,1-5-6,63.2
153798,2-5-6,245.8
153798,3-5-6,653.3
153798,4-5-6,472.8
153798,5-4-6,478.6
153798,6-4-5,2358
153798,1-6-2,149.8
153798,2-6-1,454
153798,3-6-1,1120
153798,4-6-1,1130
153798,5-6-1,333.8
153798,6-5-1,1074
153798,1-6-3,240.5
153798,2-6-3,760.8
153798,3-6-2,988.2
153798,4-6-2,1189
153798,5-6-2,406.1
153798,6-5-2,1527
153798,1-6-4,274.3
153798,2-6-4,839.1
153798,3-6-4,1513
153798,4-6-3,1914
153798,5-6-3,685.4
153798,6-5-3,2078
153798,1-6-5,198.5
153798,2-6-5,603.1
153798,3-6-5,1304
153798,4-6-5,1063
153798,5-6-4,662.2
153798,6-5-4,1562
153799,1-2-3,7.1
153799,2-1-3,45.2
153799,3-1-2,285.9
153799,4-1-2,79.3
153799,5-1-2,85.1
153799,6-1-2,613.6
153799,1-2-4,5.2
153799,2-1-4,32.2
153799,3-1-4,356.7
153799,4-1-3,269.1
153799,5-1-3,251.5
153799,6-1-3,1334
153799,1-2-5,7
153799,2-1-5,37.1
153799,3-1-5,424.7
153799,4-1-5,93.5
153799,5-1-4,128.4
153799,6-1-4,1224
153799,1-2-6,17.3
153799,2-1-6,66.5
153799,3-1-6,644.3
153799,4-1-6,159
153799,5-1-6,158.2
153799,6-1-5,1194
153799,1-3-2,19.4
153799,2-3-1,214.6
153799,3-2-1,486
153799,4-2-1,166.8
153799,5-2-1,168.8
153799,6-2-1,875.3
153799,1-3-4,33.9
153799,2-3-4,402.3
153799,3-2-4,864.4
153799,4-2-3,722.5
153799,5-2-3,623
153799,6-2-3,2454
153799,1-3-5,42.9
153799,2-3-5,440
153799,3-2-5,1007
153799,4-2-5,277.3
153799,5-2-4,361.2
153799,6-2-4,2087
153799,1-3-6,68
153799,2-3-6,612
153799,3-2-6,1475
153799,4-2-6,435.3
153799,5-2-6,334.3
153799,6-2-5,1907
153799,1-4-2,11.8
153799,2-4-1,149.4
153799,3-4-1,787.7
153799,4-3-1,815.4
153799,5-3-1,1000
153799,6-3-1,1809
153799,1-4-3,34.1
153799,2-4-3,416.7
153799,3-4-2,1262
153799,4-3-2,1255
153799,5-3-2,1364
153799,6-3-2,3234
153799,1-4-5,21.6
153799,2-4-5,330.6
153799,3-4-5,1262
153799,4-3-5,1352
153799,5-3-4,1776
153799,6-3-4,3091
153799,1-4-6,40.9
153799,2-4-6,432.6
153799,3-4-6,1655
153799,4-3-6,1432
153799,5-3-6,1871
153799,6-3-5,3907
153799,1-5-2,15.3
153799,2-5-1,163.4
153799,3-5-1,919.8
153799,4-5-1,126
153799,5-4-1,191
153799,6-4-1,1661
153799,1-5-3,45
153799,2-5-3,546.9
153799,3-5-2,1090
153799,4-5-2,183.2
153799,5-4-2,266.7
153799,6-4-2,2170
153799,1-5-4,32.6
153799,2-5-4,391
153799,3-5-4,1719
153799,4-5-3,652.1
153799,5-4-3,904.5
153799,6-4-3,3591
153799,1-5-6,39.9
153799,2-5-6,445.2
153799,3-5-6,1822
153799,4-5-6,208.5
153799,5-4-6,290.2
153799,6-4-5,2611
153799,1-6-2,63.8
153799,2-6-1,394.2
153799,3-6-1,1575
153799,4-6-1,431.4
153799,5-6-1,431
153799,6-5-1,1419
153799,1-6-3,148.4
153799,2-6-3,1050
153799,3-6-2,2314
153799,4-6-2,688.9
153799,5-6-2,534.3
153799,6-5-2,1930
153799,1-6-4,128
153799,2-6-4,925
153799,3-6-4,2890
153799,4-6-3,1391
153799,5-6-3,1432
153799,6-5-3,3439
153799,1-6-5,103.1
153799,2-6-5,971
153799,3-6-5,2807
153799,4-6-5,550.6
153799,5-6-4,741.1
153799,6-5-4,2293
153800,1-2-3,7.1
153800,2-1-3,24.4
153800,3-1-2,25.9
153800,4-1-2,172.3
153800,5-1-2,119.9
153800,6-1-2,1263
153800,1-2-4,10.5
153800,2-1-4,36
153800,3-1-4,27.7
153800,4-1-3,201.6
153800,5-1-3,155.5
153800,6-1-3,1838
153800,1-2-5,15.9
153800,2-1-5,43.6
153800,3-1-5,29.9
153800,4-1-5,212
153800,5-1-4,154.3
153800,6-1-4,2206
153800,1-2-6,42.5
153800,2-1-6,110.6
153800,3-1-6,76.4
153800,4-1-6,280.3
153800,5-1-6,223.6
153800,6-1-5,2880
153800,1-3-2,9.7
153800,2-3-1,53.3
153800,3-2-1,60.4
153800,4-2-1,285.5
153800,5-2-1,229.3
153800,6-2-1,1992
153800,1-3-4,14.1
153800,2-3-4,95.7
153800,3-2-4,103.6
153800,4-2-3,388.8
153800,5-2-3,305.9
153800,6-2-3,3230
153800,1-3-5,16.3
153800,2-3-5,86.5
153800,3-2-5,98.1
153800,4-2-5,398.4
153800,5-2-4,311.8
153800,6-2-4,3140
153800,1-3-6,54.8
153800,2-3-6,260.8
153800,3-2-6,285.3
153800,4-2-6,464.3
153800,5-2-6,468.6
153800,6-2-5,3561
153800,1-4-2,23.8
153800,2-4-1,136
153800,3-4-1,91.9
153800,4-3-1,267.1
153800,5-3-1,266.6
153800,6-3-1,1892
153800,1-4-3,30.7
153800,2-4-3,182.1
153800,3-4-2,127.7
153800,4-3-2,372.5
153800,5-3-2,295.5
153800,6-3-2,3350
153800,1-4-5,41.5
153800,2-4-5,200.1
153800,3-4-5,122.6
153800,4-3-5,427
153800,5-3-4,450.8
153800,6-3-4,3561
153800,1-4-6,59.7
153800,2-4-6,276.4
153800,3-4-6,226.8
153800,4-3-6,560.4
153800,5-3-6,637.8
153800,6-3-5,3898
153800,1-5-2,33.8
153800,2-5-1,156.1
153800,3-5-1,112.1
153800,4-5-1,293.4
153800,5-4-1,311.6
153800,6-4-1,2975
153800,1-5-3,38.5
153800,2-5-3,167
153800,3-5-2,131.4
153800,4-5-2,339.5
153800,5-4-2,380.3
153800,6-4-2,3253
153800,1-5-4,51.5
153800,2-5-4,233.9
153800,3-5-4,175.6
153800,4-5-3,489.9
153800,5-4-3,535.2
153800,6-4-3,4002
153800,1-5-6,120.6
153800,2-5-6,433.6
153800,3-5-6,268.2
153800,4-5-6,311
153800,5-4-6,335.4
153800,6-4-5,3253
153800,1-6-2,182.8
153800,2-6-1,700
153800,3-6-1,519.8
153800,4-6-1,667
153800,5-6-1,628.1
153800,6-5-1,3325
153800,1-6-3,232.7
153800,2-6-3,964.2
153800,3-6-2,783.7
153800,4-6-2,774.4
153800,5-6-2,783.7
153800,6-5-2,3967
153800,1-6-4,196
153800,2-6-4,773
153800,3-6-4,750
153800,4-6-3,1061
153800,5-6-3,1147
153800,6-5-3,3865
153800,1-6-5,292.3
153800,2-6-5,966.3
153800,3-6-5,701.1
153800,4-6-5,713.3
153800,5-6-4,747.5
153800,6-5-4,3375
153801,1-2-3,13.5
153801,2-1-3,134.3
153801,3-1-2,56.8
153801,4-1-2,405.9
153801,5-1-2,115.4
153801,6-1-2,598.6
153801,1-2-4,31.1
153801,2-1-4,275.2
153801,3-1-4,48.3
153801,4-1-3,232
153801,5-1-3,69.9
153801,6-1-3,428.4
153801,1-2-5,23.4
153801,2-1-5,207.5
153801,3-1-5,33.2
153801,4-1-5,253.4
153801,5-1-4,183.4
153801,6-1-4,1020
153801,1-2-6,42.1
153801,2-1-6,307.3
153801,3-1-6,53.2
153801,4-1-6,297.1
153801,5-1-6,89.7
153801,6-1-5,520.7
153801,1-3-2,9.6
153801,2-3-1,241.4
153801,3-2-1,177.2
153801,4-2-1,993.4
153801,5-2-1,327.8
153801,6-2-1,1227
153801,1-3-4,7.5
153801,2-3-4,660
153801,3-2-4,369.1
153801,4-2-3,1484
153801,5-2-3,473.4
153801,6-2-3,1599
153801,1-3-5,7.1
153801,2-3-5,498.7
153801,3-2-5,297.3
153801,4-2-5,1836
153801,5-2-4,847.3
153801,6-2-4,2394
153801,1-3-6,13.3
153801,2-3-6,726.8
153801,3-2-6,407.6
153801,4-2-6,1899
153801,5-2-6,381.9
153801,6-2-5,1680
153801,1-4-2,42
153801,2-4-1,766.1
153801,3-4-1,158.9
153801,4-3-1,365.3
153801,5-3-1,140.9
153801,6-3-1,708.1
153801,1-4-3,14.4
153801,2-4-3,1194
153801,3-4-2,412.7
153801,4-3-2,1124
153801,5-3-2,326.7
153801,6-3-2,1493
153801,1-4-5,26.9
153801,2-4-5,1636
153801,3-4-5,270.2
153801,4-3-5,562.6
153801,5-3-4,475.7
153801,6-3-4,1809
153801,1-4-6,26.5
153801,2-4-6,1563
153801,3-4-6,296.1
153801,4-3-6,529.6
153801,5-3-6,242.6
153801,6-3-5,1248
153801,1-5-2,27.9
153801,2-5-1,514.2
153801,3-5-1,91.2
153801,4-5-1,511
153801,5-4-1,563.3
153801,6-4-1,2015
153801,1-5-3,15.4
153801,2-5-3,783.1
153801,3-5-2,235.7
153801,4-5-2,1420
153801,5-4-2,1534
153801,6-4-2,2738
153801,1-5-4,35.1
153801,2-5-4,1558
153801,3-5-4,274.1
153801,4-5-3,775.7
153801,5-4-3,872.7
153801,6-4-3,2694
153801,1-5-6,32.8
153801,2-5-6,1174
153801,3-5-6,182.7
153801,4-5-6,680
153801,5-4-6,747.6
153801,6-4-5,2916
153801,1-6-2,77.2
153801,2-6-1,1066
153801,3-6-1,243.3
153801,4-6-1,935.3
153801,5-6-1,202.4
153801,6-5-1,560.7
153801,1-6-3,49
153801,2-6-3,1549
153801,3-6-2,628.2
153801,4-6-2,2371
153801,5-6-2,403.3
153801,6-5-2,1068
153801,1-6-4,78.9
153801,2-6-4,2127
153801,3-6-4,652.2
153801,4-6-3,1304
153801,5-6-3,290.9
153801,6-5-3,946
153801,1-6-5,66.7
153801,2-6-5,1856
153801,3-6-5,448.6
153801,4-6-5,1180
153801,5-6-4,629.8
153801,6-5-4,1721
153802,1-2-3,7.7
153802,2-1-3,25.5
153802,3-1-2,88.7
153802,4-1-2,174
153802,5-1-2,115.2
153802,6-1-2,313
153802,1-2-4,11
153802,2-1-4,33.1
153802,3-1-4,103.4
153802,4-1-3,271.3
153802,5-1-3,166
153802,6-1-3,499.8
153802,1-2-5,16
153802,2-1-5,35.8
153802,3-1-5,112.4
153802,4-1-5,214.6
153802,5-1-4,209.9
153802,6-1-4,646.4
153802,1-2-6,12.3
153802,2-1-6,26.9
153802,3-1-6,94.2
153802,4-1-6,175.3
153802,5-1-6,133.3
153802,6-1-5,739
153802,1-3-2,13
153802,2-3-1,80.2
153802,3-2-1,164.7
153802,4-2-1,258.4
153802,5-2-1,191.3
153802,6-2-1,398.9
153802,1-3-4,19.4
153802,2-3-4,136.9
153802,3-2-4,237.7
153802,4-2-3,459.8
153802,5-2-3,296.3
153802,6-2-3,592
153802,1-3-5,24.1
153802,2-3-5,108.6
153802,3-2-5,179.1
153802,4-2-5,426.8
153802,5-2-4,447.1
153802,6-2-4,644.7
153802,1-3-6,19.9
153802,2-3-6,86.9
153802,3-2-6,164.7
153802,4-2-6,280.1
153802,5-2-6,238.7
153802,6-2-5,750
153802,1-4-2,26.7
153802,2-4-1,120.9
153802,3-4-1,322.7
153802,4-3-1,526.6
153802,5-3-1,487.1
153802,6-3-1,772
153802,1-4-3,39.1
153802,2-4-3,197.1
153802,3-4-2,430.1
153802,4-3-2,729.3
153802,5-3-2,495.8
153802,6-3-2,904.7
153802,1-4-5,47.9
153802,2-4-5,206.7
153802,3-4-5,521.7
153802,4-3-5,888.6
153802,5-3-4,1104
153802,6-3-4,1755
153802,1-4-6,37.7
153802,2-4-6,123.9
153802,3-4-6,404.1
153802,4-3-6,706.6
153802,5-3-6,594.1
153802,6-3-5,1656
153802,1-5-2,27.7
153802,2-5-1,118.3
153802,3-5-1,328.2
153802,4-5-1,309.4
153802,5-4-1,451.1
153802,6-4-1,947.5
153802,1-5-3,44.8
153802,2-5-3,172.1
153802,3-5-2,313.2
153802,4-5-2,404.1
153802,5-4-2,586.5
153802,6-4-2,826.9
153802,1-5-4,66.2
153802,2-5-4,270.4
153802,3-5-4,634.1
153802,4-5-3,680.7
153802,5-4-3,1057
153802,6-4-3,1902
153802,1-5-6,45
153802,2-5-6,152.4
153802,3-5-6,381.3
153802,4-5-6,301.9
153802,5-4-6,498.3
153802,6-4-5,1454
153802,1-6-2,45.4
153802,2-6-1,122.2
153802,3-6-1,342.4
153802,4-6-1,335.3
153802,5-6-1,373
153802,6-5-1,856.7
153802,1-6-3,66.8
153802,2-6-3,189.8
153802,3-6-2,404.1
153802,4-6-2,393.6
153802,5-6-2,375.6
153802,6-5-2,800.5
153802,1-6-4,98.1
153802,2-6-4,205.8
153802,3-6-4,754.6
153802,4-6-3,701.7
153802,5-6-3,692
153802,6-5-3,1489
153802,1-6-5,98.5
153802,2-6-5,215.8
153802,3-6-5,602.7
153802,4-6-5,464.9
153802,5-6-4,602.7
153802,6-5-4,1087
153803,1-2-3,12.6
153803,2-1-3,52.5
153803,3-1-2,77.9
153803,4-1-2,80.4
153803,5-1-2,156.3
153803,6-1-2,201.9
153803,1-2-4,12.1
153803,2-1-4,42.8
153803,3-1-4,67.4
153803,4-1-3,172.1
153803,5-1-3,251.4
153803,6-1-3,373.3
153803,1-2-5,11.8
153803,2-1-5,39.3
153803,3-1-5,59.4
153803,4-1-5,72.1
153803,5-1-4,228.5
153803,6-1-4,288.2
153803,1-2-6,20
153803,2-1-6,54.6
153803,3-1-6,70
153803,4-1-6,73.9
153803,5-1-6,179
153803,6-1-5,363.5
153803,1-3-2,17.6
153803,2-3-1,161.8
153803,3-2-1,156.9
153803,4-2-1,142.5
153803,5-2-1,284.9
153803,6-2-1,293.6
153803,1-3-4,23.2
153803,2-3-4,212.4
153803,3-2-4,198.9
153803,4-2-3,297.3
153803,5-2-3,494.5
153803,6-2-3,613.7
153803,1-3-5,20.6
153803,2-3-5,156.1
153803,3-2-5,141
153803,4-2-5,138.8
153803,5-2-4,444.5
153803,6-2-4,305.3
153803,1-3-6,27.2
153803,2-3-6,216.3
153803,3-2-6,183.3
153803,4-2-6,118.6
153803,5-2-6,370.1
153803,6-2-5,500.2
153803,1-4-2,20.6
153803,2-4-1,120.3
153803,3-4-1,159.3
153803,4-3-1,349.4
153803,5-3-1,576.7
153803,6-3-1,691.6
153803,1-4-3,36.4
153803,2-4-3,232.6
153803,3-4-2,196.1
153803,4-3-2,422.9
153803,5-3-2,616.1
153803,6-3-2,842.1
153803,1-4-5,31
153803,2-4-5,141.2
153803,3-4-5,154.4
153803,4-3-5,279.9
153803,5-3-4,835.7
153803,6-3-4,790.5
153803,1-4-6,31.4
153803,2-4-6,125.7
153803,3-4-6,169.3
153803,4-3-6,287.6
153803,5-3-6,529.7
153803,6-3-5,889.5
153803,1-5-2,32.7
153803,2-5-1,148.2
153803,3-5-1,172.4
153803,4-5-1,95.9
153803,5-4-1,291.1
153803,6-4-1,359.9
153803,1-5-3,47.7
153803,2-5-3,259.5
153803,3-5-2,179.1
153803,4-5-2,105.7
153803,5-4-2,324.9
153803,6-4-2,289.3
153803,1-5-4,56.5
153803,2-5-4,246.9
153803,3-5-4,213.2
153803,4-5-3,229.1
153803,5-4-3,595.3
153803,6-4-3,602.2
153803,1-5-6,42.1
153803,2-5-6,200.8
153803,3-5-6,179.4
153803,4-5-6,78.2
153803,5-4-6,211.9
153803,6-4-5,421.9
153803,1-6-2,56.7
153803,2-6-1,228.7
153803,3-6-1,322.2
153803,4-6-1,119.6
153803,5-6-1,410.5
153803,6-5-1,636.9
153803,1-6-3,85.4
153803,2-6-3,427.5
153803,3-6-2,354.3
153803,4-6-2,122.4
153803,5-6-2,419.2
153803,6-5-2,599.9
153803,1-6-4,81
153803,2-6-4,231.2
153803,3-6-4,374.2
153803,4-6-3,277.8
153803,5-6-3,640.6
153803,6-5-3,850.4
153803,1-6-5,74.7
153803,2-6-5,293.1
153803,3-6-5,287.9
153803,4-6-5,115.1
153803,5-6-4,386.3
153803,6-5-4,562.8
153804,1-2-3,7.9
153804,2-1-3,19.9
153804,3-1-2,36.6
153804,4-1-2,186.8
153804,5-1-2,215.8
153804,6-1-2,182.5
153804,1-2-4,11
153804,2-1-4,28.8
153804,3-1-4,52.8
153804,4-1-3,263
153804,5-1-3,276.5
153804,6-1-3,278.8
153804,1-2-5,26.3
153804,2-1-5,71.7
153804,3-1-5,79.5
153804,4-1-5,299.1
153804,5-1-4,285.4
153804,6-1-4,393.6
153804,1-2-6,16.8
153804,2-1-6,33.3
153804,3-1-6,59.1
153804,4-1-6,289.7
153804,5-1-6,329.2
153804,6-1-5,498.4
153804,1-3-2,12.1
153804,2-3-1,39.4
153804,3-2-1,52.2
153804,4-2-1,266.4
153804,5-2-1,348.4
153804,6-2-1,204.5
153804,1-3-4,21.9
153804,2-3-4,62.9
153804,3-2-4,66.5
153804,4-2-3,312.7
153804,5-2-3,373.1
153804,6-2-3,221.9
153804,1-3-5,34.4
153804,2-3-5,102.3
153804,3-2-5,92
153804,4-2-5,428.5
153804,5-2-4,456.7
153804,6-2-4,341
153804,1-3-6,28.1
153804,2-3-6,53.5
153804,3-2-6,57.8
153804,4-2-6,327.3
153804,5-2-6,360
153804,6-2-5,452.1
153804,1-4-2,30.8
153804,2-4-1,110.9
153804,3-4-1,126
153804,4-3-1,338.8
153804,5-3-1,363.3
153804,6-3-1,374.4
153804,1-4-3,50.7
153804,2-4-3,120.6
153804,3-4-2,107.2
153804,4-3-2,328
153804,5-3-2,343.7
153804,6-3-2,285.9
153804,1-4-5,59.3
153804,2-4-5,267.7
153804,3-4-5,137
153804,4-3-5,377
153804,5-3-4,469.8
153804,6-3-4,503.1
153804,1-4-6,59.9
153804,2-4-6,125.6
153804,3-4-6,117.7
153804,4-3-6,384.3
153804,5-3-6,409.5
153804,6-3-5,604.7
153804,1-5-2,54.2
153804,2-5-1,277.5
153804,3-5-1,156.5
153804,4-5-1,441.8
153804,5-4-1,540.7
153804,6-4-1,735
153804,1-5-3,72.5
153804,2-5-3,214.9
153804,3-5-2,122.8
153804,4-5-2,489.3
153804,5-4-2,629.2
153804,6-4-2,538.4
153804,1-5-4,67.2
153804,2-5-4,351.1
153804,3-5-4,157.5
153804,4-5-3,492.3
153804,5-4-3,883.7
153804,6-4-3,785.7
153804,1-5-6,96
153804,2-5-6,258
153804,3-5-6,131.8
153804,4-5-6,418.9
153804,5-4-6,512
153804,6-4-5,888.6
153804,1-6-2,57.1
153804,2-6-1,131.2
153804,3-6-1,178.5
153804,4-6-1,533.4
153804,5-6-1,548.1
153804,6-5-1,813.8
153804,1-6-3,83.8
153804,2-6-3,129.6
153804,3-6-2,135.3
153804,4-6-2,428.5
153804,5-6-2,506.3
153804,6-5-2,650.4
153804,1-6-4,110.7
153804,2-6-4,203.2
153804,3-6-4,223
153804,4-6-3,649.7
153804,5-6-3,634.8
153804,6-5-3,657.7
153804,1-6-5,154.8
153804,2-6-5,332.1
153804,3-6-5,253.7
153804,4-6-5,644.4
153804,5-6-4,679.5
153804,6-5-4,956.5
153805,1-2-3,11.3
153805,2-1-3,102.8
153805,3-1-2,91.4
153805,4-1-2,377.6
153805,5-1-2,463
153805,6-1-2,41.1
153805,1-2-4,22.7
153805,2-1-4,181.5
153805,3-1-4,107.8
153805,4-1-3,414.6
153805,5-1-3,530.8
153805,6-1-3,37.3
153805,1-2-5,32.1
153805,2-1-5,225.1
153805,3-1-5,142.4
153805,4-1-5,529.7
153805,5-1-4,883.5
153805,6-1-4,85.5
153805,1-2-6,8.7
153805,2-1-6,71.8
153805,3-1-6,42.4
153805,4-1-6,180.2
153805,5-1-6,227.4
153805,6-1-5,119.2
153805,1-3-2,11.6
153805,2-3-1,215.4
153805,3-2-1,216.5
153805,4-2-1,688.9
153805,5-2-1,864.6
153805,6-2-1,101.6
153805,1-3-4,19.3
153805,2-3-4,589.7
153805,3-2-4,576.2
153805,4-2-3,1283
153805,5-2-3,1667
153805,6-2-3,185.2
153805,1-3-5,27.4
153805,2-3-5,737.7
153805,3-2-5,595.5
153805,4-2-5,1598
153805,5-2-4,2076
153805,6-2-4,294.9
153805,1-3-6,7.8
153805,2-3-6,263.6
153805,3-2-6,194.5
153805,4-2-6,595.9
153805,5-2-6,744.5
153805,6-2-5,420.3
153805,1-4-2,40.7
153805,2-4-1,477.6
153805,3-4-1,329.6
153805,4-3-1,712.5
153805,5-3-1,885.6
153805,6-3-1,81.5
153805,1-4-3,38.5
153805,2-4-3,772.1
153805,3-4-2,664.4
153805,4-3-2,1370
153805,5-3-2,1634
153805,6-3-2,191.4
153805,1-4-5,86.9
153805,2-4-5,1111
153805,3-4-5,765.6
153805,4-3-5,1588
153805,5-3-4,2169
153805,6-3-4,252.2
153805,1-4-6,25.4
153805,2-4-6,416.7
153805,3-4-6,291.6
153805,4-3-6,598.9
153805,5-3-6,805.4
153805,6-3-5,381.4
153805,1-5-2,63.8
153805,2-5-1,686.3
153805,3-5-1,437.5
153805,4-5-1,949
153805,5-4-1,1420
153805,6-4-1,224.2
153805,1-5-3,78.4
153805,2-5-3,1194
153805,3-5-2,711.8
153805,4-5-2,1446
153805,5-4-2,2292
153805,6-4-2,374.7
153805,1-5-4,147.1
153805,2-5-4,1466
153805,3-5-4,942.9
153805,4-5-3,1547
153805,5-4-3,2195
153805,6-4-3,375.3
153805,1-5-6,42.8
153805,2-5-6,629.9
153805,3-5-6,346.4
153805,4-5-6,617.7
153805,5-4-6,981
153805,6-4-5,481.4
153805,1-6-2,13.5
153805,2-6-1,133.5
153805,3-6-1,75.5
153805,4-6-1,253.6
153805,5-6-1,381
153805,6-5-1,301.6
153805,1-6-3,11.9
153805,2-6-3,246.2
153805,3-6-2,170
153805,4-6-2,441.2
153805,5-6-2,609.9
153805,6-5-2,547.6
153805,1-6-4,28.3
153805,2-6-4,380
153805,3-6-4,237.4
153805,4-6-3,537.5
153805,5-6-3,765.6
153805,6-5-3,609.4
153805,1-6-5,40.2
153805,2-6-5,521.3
153805,3-6-5,298.7
153805,4-6-5,549.6
153805,5-6-4,854.5
153805,6-5-4,545.9
153806,1-2-3,8.6
153806,2-1-3,110.4
153806,3-1-2,91.8
153806,4-1-2,132.3
153806,5-1-2,398.6
153806,6-1-2,127.8
153806,1-2-4,17.1
153806,2-1-4,147.3
153806,3-1-4,54.8
153806,4-1-3,130.3
153806,5-1-3,345.9
153806,6-1-3,110.5
153806,1-2-5,31.9
153806,2-1-5,245.8
153806,3-1-5,74.2
153806,4-1-5,138.7
153806,5-1-4,415.3
153806,6-1-4,124.1
153806,1-2-6,17.7
153806,2-1-6,135.8
153806,3-1-6,48.2
153806,4-1-6,75.9
153806,5-1-6,252.1
153806,6-1-5,203.5
153806,1-3-2,11
153806,2-3-1,302.8
153806,3-2-1,250.9
153806,4-2-1,344.1
153806,5-2-1,957.9
153806,6-2-1,277.9
153806,1-3-4,10.8
153806,2-3-4,633.9
153806,3-2-4,527.8
153806,4-2-3,775.8
153806,5-2-3,1291
153806,6-2-3,428.9
153806,1-3-5,19.8
153806,2-3-5,829.2
153806,3-2-5,529.3
153806,4-2-5,612.8
153806,5-2-4,1443
153806,6-2-4,472.8
153806,1-3-6,9.7
153806,2-3-6,560
153806,3-2-6,398.6
153806,4-2-6,356.6
153806,5-2-6,899.3
153806,6-2-5,601.2
153806,1-4-2,25.7
153806,2-4-1,406.8
153806,3-4-1,142.2
153806,4-3-1,236.3
153806,5-3-1,567.8
153806,6-3-1,203.8
153806,1-4-3,19.3
153806,2-4-3,855.3
153806,3-4-2,423.4
153806,4-3-2,621.6
153806,5-3-2,1222
153806,6-3-2,502.2
153806,1-4-5,39.2
153806,2-4-5,1148
153806,3-4-5,296.6
153806,4-3-5,495.4
153806,5-3-4,1120
153806,6-3-4,421
153806,1-4-6,17.4
153806,2-4-6,580.3
153806,3-4-6,154.3
153806,4-3-6,260.2
153806,5-3-6,703.1
153806,6-3-5,527
153806,1-5-2,57.3
153806,2-5-1,907
153806,3-5-1,267
153806,4-5-1,259.6
153806,5-4-1,606.7
153806,6-4-1,215.3
153806,1-5-3,50.1
153806,2-5-3,1466
153806,3-5-2,556.2
153806,4-5-2,428.9
153806,5-4-2,1204
153806,6-4-2,441.5
153806,1-5-4,74.7
153806,2-5-4,1632
153806,3-5-4,468.2
153806,4-5-3,557.4
153806,5-4-3,1155
153806,6-4-3,470.6
153806,1-5-6,44.8
153806,2-5-6,1216
153806,3-5-6,290.8
153806,4-5-6,223.6
153806,5-4-6,578.9
153806,6-4-5,501.8
153806,1-6-2,32
153806,2-6-1,419.8
153806,3-6-1,138
153806,4-6-1,119.7
153806,5-6-1,365.7
153806,6-5-1,393.3
153806,1-6-3,23.7
153806,2-6-3,717.5
153806,3-6-2,378.9
153806,4-6-2,244.9
153806,5-6-2,704.4
153806,6-5-2,647.9
153806,1-6-4,29.3
153806,2-6-4,721.7
153806,3-6-4,224.1
153806,4-6-3,267.7
153806,5-6-3,633.4
153806,6-5-3,691.8
153806,1-6-5,51.1
153806,2-6-5,1153
153806,3-6-5,291.1
153806,4-6-5,223.6
153806,5-6-4,605.7
153806,6-5-4,572.6
153807,1-2-3,31.6
153807,2-1-3,194
153807,3-1-2,173.1
153807,4-1-2,80
153807,5-1-2,65.7
153807,6-1-2,1972
153807,1-2-4,26.1
153807,2-1-4,164.2
153807,3-1-4,77.3
153807,4-1-3,76.3
153807,5-1-3,53.2
153807,6-1-3,2402
153807,1-2-5,21
153807,2-1-5,136.1
153807,3-1-5,52.6
153807,4-1-5,23.5
153807,5-1-4,31.3
153807,6-1-4,2477
153807,1-2-6,125.8
153807,2-1-6,435.9
153807,3-1-6,310.8
153807,4-1-6,130.5
153807,5-1-6,94.3
153807,6-1-5,1687
153807,1-3-2,35
153807,2-3-1,431.8
153807,3-2-1,383.5
153807,4-2-1,189
153807,5-2-1,172.7
153807,6-2-1,3024
153807,1-3-4,18.9
153807,2-3-4,657.4
153807,3-2-4,347.9
153807,4-2-3,342.2
153807,5-2-3,262.8
153807,6-2-3,3092
153807,1-3-5,13.4
153807,2-3-5,458.8
153807,3-2-5,231.9
153807,4-2-5,116.3
153807,5-2-4,172.7
153807,6-2-4,3282
153807,1-3-6,99.2
153807,2-3-6,1497
153807,3-2-6,945.3
153807,4-2-6,359.9
153807,5-2-6,273.1
153807,6-2-5,2700
153807,1-4-2,28
153807,2-4-1,312.2
153807,3-4-1,145.7
153807,4-3-1,170.7
153807,5-3-1,107.8
153807,6-3-1,2958
153807,1-4-3,21.5
153807,2-4-3,601.3
153807,3-4-2,268.4
153807,4-3-2,342.9
153807,5-3-2,201.2
153807,6-3-2,3644
153807,1-4-5,9.8
153807,2-4-5,264
153807,3-4-5,73.6
153807,4-3-5,86.1
153807,5-3-4,103
153807,6-3-4,2496
153807,1-4-6,86.4
153807,2-4-6,1067
153807,3-4-6,360.7
153807,4-3-6,329.5
153807,5-3-6,232.5
153807,6-3-5,2026
153807,1-5-2,23.7
153807,2-5-1,269.5
153807,3-5-1,96.6
153807,4-5-1,21.5
153807,5-4-1,33
153807,6-4-1,2802
153807,1-5-3,15.8
153807,2-5-3,448.3
153807,3-5-2,182.1
153807,4-5-2,42.3
153807,5-4-2,63.2
153807,6-4-2,3216
153807,1-5-4,12.4
153807,2-5-4,311.6
153807,3-5-4,79.3
153807,4-5-3,43.4
153807,5-4-3,64
153807,6-4-3,2516
153807,1-5-6,62.7
153807,2-5-6,719.6
153807,3-5-6,237.5
153807,4-5-6,44.6
153807,5-4-6,66.4
153807,6-4-5,1210
153807,1-6-2,351.7
153807,2-6-1,1486
153807,3-6-1,1207
153807,4-6-1,352.6
153807,5-6-1,249
153807,6-5-1,1836
153807,1-6-3,353.3
153807,2-6-3,2255
153807,3-6-2,1714
153807,4-6-2,546.8
153807,5-6-2,332.1
153807,6-5-2,2224
153807,1-6-4,351.2
153807,2-6-4,2250
153807,3-6-4,1160
153807,4-6-3,569.2
153807,5-6-3,391.9
153807,6-5-3,1952
153807,1-6-5,242.5
153807,2-6-5,1563
153807,3-6-5,939.8
153807,4-6-5,220.1
153807,5-6-4,250.2
153807,6-5-4,1129
153808,1-2-3,26.8
153808,2-1-3,88.1
153808,3-1-2,108.7
153808,4-1-2,94.8
153808,5-1-2,101.7
153808,6-1-2,355.8
153808,1-2-4,18.5
153808,2-1-4,66.3
153808,3-1-4,62.5
153808,4-1-3,113.4
153808,5-1-3,112.3
153808,6-1-3,456.8
153808,1-2-5,20.1
153808,2-1-5,62.2
153808,3-1-5,53.6
153808,4-1-5,39.4
153808,5-1-4,70.2
153808,6-1-4,313.3
153808,1-2-6,33.8
153808,2-1-6,96.9
153808,3-1-6,75.1
153808,4-1-6,62.5
153808,5-1-6,74.4
153808,6-1-5,321.5
153808,1-3-2,32.6
153808,2-3-1,249.6
153808,3-2-1,279.7
153808,4-2-1,230.2
153808,5-2-1,263.9
153808,6-2-1,502.9
153808,1-3-4,19.7
153808,2-3-4,311.1
153808,3-2-4,280.1
153808,4-2-3,423.4
153808,5-2-3,454.4
153808,6-2-3,635.4
153808,1-3-5,21.5
153808,2-3-5,306
153808,3-2-5,251.6
153808,4-2-5,205
153808,5-2-4,310.8
153808,6-2-4,562.6
153808,1-3-6,34.1
153808,2-3-6,352.1
153808,3-2-6,268.7
153808,4-2-6,248.3
153808,5-2-6,253.3
153808,6-2-5,557.7
153808,1-4-2,23.4
153808,2-4-1,170.7
153808,3-4-1,154.3
153808,4-3-1,231.1
153808,5-3-1,264.5
153808,6-3-1,687
153808,1-4-3,26
153808,2-4-3,343.6
153808,3-4-2,345.3
153808,4-3-2,440.5
153808,5-3-2,495.8
153808,6-3-2,809.8
153808,1-4-5,14.4
153808,2-4-5,195.9
153808,3-4-5,129.6
153808,4-3-5,186.3
153808,5-3-4,268.6
153808,6-3-4,676.4
153808,1-4-6,25.1
153808,2-4-6,231.8
153808,3-4-6,136.3
153808,4-3-6,237.6
153808,5-3-6,214.5
153808,6-3-5,651.9
153808,1-5-2,29.5
153808,2-5-1,163.6
153808,3-5-1,143.3
153808,4-5-1,47.8
153808,5-4-1,86.8
153808,6-4-1,322
153808,1-5-3,33.2
153808,2-5-3,334.3
153808,3-5-2,262
153808,4-5-2,110.1
153808,5-4-2,184.4
153808,6-4-2,475
153808,1-5-4,22.8
153808,2-5-4,244.3
153808,3-5-4,153.4
153808,4-5-3,115.2
153808,5-4-3,180.9
153808,6-4-3,551.1
153808,1-5-6,30.6
153808,2-5-6,245.5
153808,3-5-6,131.1
153808,4-5-6,41.8
153808,5-4-6,65.4
153808,6-4-5,190.6
153808,1-6-2,78.7
153808,2-6-1,312.4
153808,3-6-1,238.1
153808,4-6-1,118.5
153808,5-6-1,125
153808,6-5-1,318.8
153808,1-6-3,85.5
153808,2-6-3,586.1
153808,3-6-2,403.3
153808,4-6-2,218.6
153808,5-6-2,196.3
153808,6-5-2,471.8
153808,1-6-4,63.9
153808,2-6-4,384.3
153808,3-6-4,270.6
153808,4-6-3,251.7
153808,5-6-3,222.7
153808,6-5-3,529.5
153808,1-6-5,67.8
153808,2-6-5,392
153808,3-6-5,254.4
153808,4-6-5,80.4
153808,5-6-4,92.4
153808,6-5-4,184.3
153809,1-2-3,8.7
153809,2-1-3,39.9
153809,3-1-2,44.6
153809,4-1-2,80.6
153809,5-1-2,420.1
153809,6-1-2,579.6
153809,1-2-4,11.9
153809,2-1-4,46.5
153809,3-1-4,29.9
153809,4-1-3,65.1
153809,5-1-3,372.3
153809,6-1-3,450.6
153809,1-2-5,50.5
153809,2-1-5,155.1
153809,3-1-5,91.2
153809,4-1-5,123.7
153809,5-1-4,413.1
153809,6-1-4,514.1
153809,1-2-6,24.1
153809,2-1-6,78.1
153809,3-1-6,40.8
153809,4-1-6,80.1
153809,5-1-6,417.8
153809,6-1-5,1059
153809,1-3-2,10.4
153809,2-3-1,81.2
153809,3-2-1,82.9
153809,4-2-1,171.1
153809,5-2-1,811.4
153809,6-2-1,1066
153809,1-3-4,9.1
153809,2-3-4,105.6
153809,3-2-4,89.6
153809,4-2-3,212.2
153809,5-2-3,1071
153809,6-2-3,1282
153809,1-3-5,34.5
153809,2-3-5,301.7
153809,3-2-5,235.6
153809,4-2-5,374.3
153809,5-2-4,1077
153809,6-2-4,1149
153809,1-3-6,15.1
153809,2-3-6,165
153809,3-2-6,120.5
153809,4-2-6,218.1
153809,5-2-6,957.9
153809,6-2-5,1890
153809,1-4-2,19
153809,2-4-1,128.7
153809,3-4-1,60
153809,4-3-1,120.6
153809,5-3-1,660.2
153809,6-3-1,675.9
153809,1-4-3,16.1
153809,2-4-3,145.6
153809,3-4-2,94.5
153809,4-3-2,204.5
153809,5-3-2,1006
153809,6-3-2,1228
153809,1-4-5,53
153809,2-4-5,371.7
153809,3-4-5,150
153809,4-3-5,315.2
153809,5-3-4,886.2
153809,6-3-4,574
153809,1-4-6,24.9
153809,2-4-6,207.9
153809,3-4-6,68.7
153809,4-3-6,154.3
153809,5-3-6,922.3
153809,6-3-5,1602
153809,1-5-2,116.5
153809,2-5-1,603.3
153809,3-5-1,260.6
153809,4-5-1,214.7
153809,5-4-1,555
153809,6-4-1,715.5
153809,1-5-3,101.8
153809,2-5-3,773.8
153809,3-5-2,365.9
153809,4-5-2,338.4
153809,5-4-2,899.6
153809,6-4-2,1074
153809,1-5-4,126.7
153809,2-5-4,795.4
153809,3-5-4,320.7
153809,4-5-3,332.2
153809,5-4-3,803.7
153809,6-4-3,604.2
153809,1-5-6,122.2
153809,2-5-6,815.7
153809,3-5-6,310.6
153809,4-5-6,213.2
153809,5-4-6,565.1
153809,6-4-5,1086
153809,1-6-2,66.7
153809,2-6-1,366.4
153809,3-6-1,158.4
153809,4-6-1,184.5
153809,5-6-1,820
153809,6-5-1,1490
153809,1-6-3,50.9
153809,2-6-3,458.6
153809,3-6-2,255.5
153809,4-6-2,284.2
153809,5-6-2,1106
153809,6-5-2,1962
153809,1-6-4,66.9
153809,2-6-4,459.2
153809,3-6-4,165.9
153809,4-6-3,212.2
153809,5-6-3,1148
153809,6-5-3,1732
153809,1-6-5,199.8
153809,2-6-5,956.7
153809,3-6-5,419.1
153809,4-6-5,302.6
153809,5-6-4,849.9
153809,6-5-4,1203
153810,1-2-3,8.9
153810,2-1-3,59.6
153810,3-1-2,18.9
153810,4-1-2,162.2
153810,5-1-2,576.4
153810,6-1-2,1465
153810,1-2-4,21
153810,2-1-4,123.2
153810,3-1-4,13.7
153810,4-1-3,94.4
153810,5-1-3,353.8
153810,6-1-3,1013
153810,1-2-5,51
153810,2-1-5,235.5
153810,3-1-5,33.4
153810,4-1-5,203.3
153810,5-1-4,520.6
153810,6-1-4,1608
153810,1-2-6,50.4
153810,2-1-6,222.2
153810,3-1-6,38.4
153810,4-1-6,234.8
153810,5-1-6,756.4
153810,6-1-5,2645
153810,1-3-2,7.1
153810,2-3-1,76.5
153810,3-2-1,56.5
153810,4-2-1,355.1
153810,5-2-1,1188
153810,6-2-1,2375
153810,1-3-4,6.2
153810,2-3-4,99.2
153810,3-2-4,64.5
153810,4-2-3,281
153810,5-2-3,1108
153810,6-2-3,1723
153810,1-3-5,18.1
153810,2-3-5,233.8
153810,3-2-5,146.1
153810,4-2-5,719.4
153810,5-2-4,1436
153810,6-2-4,2411
153810,1-3-6,20.6
153810,2-3-6,213.6
153810,3-2-6,138.5
153810,4-2-6,661.6
153810,5-2-6,1456
153810,6-2-5,3071
153810,1-4-2,26.4
153810,2-4-1,292.7
153810,3-4-1,38.2
153810,4-3-1,124.9
153810,5-3-1,531.2
153810,6-3-1,1039
153810,1-4-3,16
153810,2-4-3,199
153810,3-4-2,62.7
153810,4-3-2,204.9
153810,5-3-2,882.9
153810,6-3-2,1505
153810,1-4-5,48.9
153810,2-4-5,556.1
153810,3-4-5,79
153810,4-3-5,270
153810,5-3-4,846.7
153810,6-3-4,1276
153810,1-4-6,52.5
153810,2-4-6,523.8
153810,3-4-6,78.2
153810,4-3-6,261.5
153810,5-3-6,1158
153810,6-3-5,2228
153810,1-5-2,85.9
153810,2-5-1,739.3
153810,3-5-1,157.7
153810,4-5-1,301.6
153810,5-4-1,832.3
153810,6-4-1,2518
153810,1-5-3,52.9
153810,2-5-3,597.8
153810,3-5-2,240.1
153810,4-5-2,652.2
153810,5-4-2,1453
153810,6-4-2,2919
153810,1-5-4,81.4
153810,2-5-4,899.1
153810,3-5-4,204.3
153810,4-5-3,358.5
153810,5-4-3,909.1
153810,6-4-3,1660
153810,1-5-6,159.6
153810,2-5-6,1020
153810,3-5-6,236.3
153810,4-5-6,523.6
153810,5-4-6,1352
153810,6-4-5,2948
153810,1-6-2,198.2
153810,2-6-1,949.7
153810,3-6-1,210
153810,4-6-1,492.3
153810,5-6-1,1635
153810,6-5-1,3616
153810,1-6-3,124.8
153810,2-6-3,764.3
153810,3-6-2,320.4
153810,4-6-2,872.4
153810,5-6-2,1960
153810,6-5-2,3726
153810,1-6-4,169.4
153810,2-6-4,1174
153810,3-6-4,245.2
153810,4-6-3,584
153810,5-6-3,1756
153810,6-5-3,2978
153810,1-6-5,349
153810,2-6-5,1527
153810,3-6-5,368.4
153810,4-6-5,891.4
153810,5-6-4,1823
153810,6-5-4,2896
153811,1-2-3,21
153811,2-1-3,165.3
153811,3-1-2,347.1
153811,4-1-2,44.1
153811,5-1-2,91.1
153811,6-1-2,416.6
153811,1-2-4,10.7
153811,2-1-4,93.5
153811,3-1-4,170.5
153811,4-1-3,85.6
153811,5-1-3,155.9
153811,6-1-3,484.2
153811,1-2-5,19.9
153811,2-1-5,133.8
153811,3-1-5,191.7
153811,4-1-5,24.7
153811,5-1-4,57.8
153811,6-1-4,349.8
153811,1-2-6,41.6
153811,2-1-6,188.3
153811,3-1-6,477.7
153811,4-1-6,44.3
153811,5-1-6,92.6
153811,6-1-5,456.3
153811,1-3-2,32.3
153811,2-3-1,436.1
153811,3-2-1,627.4
153811,4-2-1,112.3
153811,5-2-1,260.9
153811,6-2-1,1068
153811,1-3-4,19
153811,2-3-4,515.8
153811,3-2-4,660.2
153811,4-2-3,426.2
153811,5-2-3,804.6
153811,6-2-3,2308
153811,1-3-5,28.2
153811,2-3-5,751.1
153811,3-2-5,798.5
153811,4-2-5,174
153811,5-2-4,410.7
153811,6-2-4,1424
153811,1-3-6,52.2
153811,2-3-6,888.3
153811,3-2-6,883.3
153811,4-2-6,220.6
153811,5-2-6,415.5
153811,6-2-5,1871
153811,1-4-2,10.4
153811,2-4-1,196
153811,3-4-1,269.1
153811,4-3-1,204.8
153811,5-3-1,411.7
153811,6-3-1,1296
153811,1-4-3,17
153811,2-4-3,631.2
153811,3-4-2,547.1
153811,4-3-2,555.7
153811,5-3-2,1171
153811,6-3-2,2432
153811,1-4-5,8.6
153811,2-4-5,416.6
153811,3-4-5,337.8
153811,4-3-5,211.8
153811,5-3-4,555.7
153811,6-3-4,2094
153811,1-4-6,20.5
153811,2-4-6,594.4
153811,3-4-6,414.4
153811,4-3-6,353.3
153811,5-3-6,649.3
153811,6-3-5,2291
153811,1-5-2,26.4
153811,2-5-1,362.6
153811,3-5-1,359.7
153811,4-5-1,30
153811,5-4-1,68
153811,6-4-1,425
153811,1-5-3,38
153811,2-5-3,1424
153811,3-5-2,751.1
153811,4-5-2,79.3
153811,5-4-2,172
153811,6-4-2,1180
153811,1-5-4,19.6
153811,2-5-4,698.1
153811,3-5-4,560.7
153811,4-5-3,149.9
153811,5-4-3,333.2
153811,6-4-3,1550
153811,1-5-6,35.4
153811,2-5-6,1020
153811,3-5-6,1235
153811,4-5-6,48.2
153811,5-4-6,99.6
153811,6-4-5,536.9
153811,1-6-2,80.3
153811,2-6-1,778.9
153811,3-6-1,930.1
153811,4-6-1,88.5
153811,5-6-1,187.1
153811,6-5-1,545.2
153811,1-6-3,119.7
153811,2-6-3,2001
153811,3-6-2,2196
153811,4-6-2,170.4
153811,5-6-2,319.7
153811,6-5-2,1430
153811,1-6-4,63.6
153811,2-6-4,1357
153811,3-6-4,900.9
153811,4-6-3,303.7
153811,5-6-3,481.3
153811,6-5-3,1728
153811,1-6-5,80.1
153811,2-6-5,1393
153811,3-6-5,2053
153811,4-6-5,104.6
153811,5-6-4,224.1
153811,6-5-4,585.6
153812,1-2-3,15.1
153812,2-1-3,123.2
153812,3-1-2,31.8
153812,4-1-2,235.9
153812,5-1-2,550.1
153812,6-1-2,1833
153812,1-2-4,39.3
153812,2-1-4,217.2
153812,3-1-4,13.6
153812,4-1-3,93.9
153812,5-1-3,188.3
153812,6-1-3,826
153812,1-2-5,51.9
153812,2-1-5,306.7
153812,3-1-5,12.7
153812,4-1-5,135.6
153812,5-1-4,354.6
153812,6-1-4,2119
153812,1-2-6,142.8
153812,2-1-6,652.9
153812,3-1-6,31.5
153812,4-1-6,267.3
153812,5-1-6,540.9
153812,6-1-5,2268
153812,1-3-2,8.5
153812,2-3-1,198.4
153812,3-2-1,116.1
153812,4-2-1,514
153812,5-2-1,1186
153812,6-2-1,4458
153812,1-3-4,5.1
153812,2-3-4,485.1
153812,3-2-4,237.8
153812,4-2-3,767.2
153812,5-2-3,1390
153812,6-2-3,4309
153812,1-3-5,5.5
153812,2-3-5,586.3
153812,3-2-5,283.2
153812,4-2-5,968.4
153812,5-2-4,1723
153812,6-2-4,5069
153812,1-3-6,17.5
153812,2-3-6,1038
153812,3-2-6,400.2
153812,4-2-6,1368
153812,5-2-6,2721
153812,6-2-5,5876
153812,1-4-2,47.5
153812,2-4-1,554.8
153812,3-4-1,53.2
153812,4-3-1,120.9
153812,5-3-1,264.9
153812,6-3-1,1129
153812,1-4-3,19
153812,2-4-3,764.9
153812,3-4-2,218.3
153812,4-3-2,534.2
153812,5-3-2,1013
153812,6-3-2,4382
153812,1-4-5,40.1
153812,2-4-5,1197
153812,3-4-5,91.1
153812,4-3-5,217.1
153812,5-3-4,652.9
153812,6-3-4,3078
153812,1-4-6,93.4
153812,2-4-6,1808
153812,3-4-6,166.4
153812,4-3-6,428.8
153812,5-3-6,972
153812,6-3-5,3006
153812,1-5-2,71.3
153812,2-5-1,986.9
153812,3-5-1,57.7
153812,4-5-1,192.1
153812,5-4-1,498.2
153812,6-4-1,3006
153812,1-5-3,25
153812,2-5-3,1169
153812,3-5-2,307.8
153812,4-5-2,557.2
153812,5-4-2,1124
153812,6-4-2,4238
153812,1-5-4,57.2
153812,2-5-4,1494
153812,3-5-4,126.8
153812,4-5-3,288.2
153812,5-4-3,708.4
153812,6-4-3,3641
153812,1-5-6,98.5
153812,2-5-6,2308
153812,3-5-6,179.9
153812,4-5-6,428.8
153812,5-4-6,916.9
153812,6-4-5,3402
153812,1-6-2,281.9
153812,2-6-1,2780
153812,3-6-1,193.2
153812,4-6-1,595.7
153812,5-6-1,1292
153812,6-5-1,3006
153812,1-6-3,116
153812,2-6-3,2329
153812,3-6-2,839.5
153812,4-6-2,1339
153812,5-6-2,2560
153812,6-5-2,4458
153812,1-6-4,260.1
153812,2-6-4,3006
153812,3-6-4,485.1
153812,4-6-3,815.6
153812,5-6-3,1548
153812,6-5-3,3802
153812,1-6-5,298.2
153812,2-6-5,3232
153812,3-6-5,445.8
153812,4-6-5,839.5
153812,5-6-4,1873
153812,6-5-4,3358
153813,1-2-3,25.9
153813,2-1-3,235.1
153813,3-1-2,388.3
153813,4-1-2,30.1
153813,5-1-2,289.7
153813,6-1-2,1627
153813,1-2-4,10.1
153813,2-1-4,115.9
153813,3-1-4,115.6
153813,4-1-3,50.2
153813,5-1-3,349.5
153813,6-1-3,2440
153813,1-2-5,24.9
153813,2-1-5,254.8
153813,3-1-5,189.1
153813,4-1-5,17.8
153813,5-1-4,135.3
153813,6-1-4,709.5
153813,1-2-6,75.1
153813,2-1-6,450.1
153813,3-1-6,443.7
153813,4-1-6,39
153813,5-1-6,331.5
153813,6-1-5,2081
153813,1-3-2,33.6
153813,2-3-1,656.8
153813,3-2-1,782
153813,4-2-1,109.1
153813,5-2-1,685.5
153813,6-2-1,3044
153813,1-3-4,11.2
153813,2-3-4,925.2
153813,3-2-4,837.6
153813,4-2-3,354.3
153813,5-2-3,1241
153813,6-2-3,5341
153813,1-3-5,25.5
153813,2-3-5,1429
153813,3-2-5,1298
153813,4-2-5,166.6
153813,5-2-4,649.3
153813,6-2-4,2696
153813,1-3-6,87.8
153813,2-3-6,2379
153813,3-2-6,1726
153813,4-2-6,300.2
153813,5-2-6,1189
153813,6-2-5,3932
153813,1-4-2,7.4
153813,2-4-1,200.6
153813,3-4-1,165.5
153813,4-3-1,137.1
153813,5-3-1,782
153813,6-3-1,3676
153813,1-4-3,9.5
153813,2-4-3,608.8
153813,3-4-2,629.1
153813,4-3-2,445.8
153813,5-3-2,1348
153813,6-3-2,6584
153813,1-4-5,6.3
153813,2-4-5,489.8
153813,3-4-5,289.7
153813,4-3-5,188.2
153813,5-3-4,956.4
153813,6-3-4,3292
153813,1-4-6,22.8
153813,2-4-6,735.3
153813,3-4-6,599.8
153813,4-3-6,438.9
153813,5-3-6,1581
153813,6-3-5,4798
153813,1-5-2,33.2
153813,2-5-1,630.5
153813,3-5-1,473.4
153813,4-5-1,32.3
153813,5-4-1,150.5
153813,6-4-1,718.5
153813,1-5-3,41.1
153813,2-5-3,1555
153813,3-5-2,1236
153813,4-5-2,76.7
153813,5-4-2,350.3
153813,6-4-2,2144
153813,1-5-4,19.6
153813,2-5-4,837.6
153813,3-5-4,578.9
153813,4-5-3,145.6
153813,5-4-3,514.7
153813,6-4-3,2621
153813,1-5-6,82.1
153813,2-5-6,1466
153813,3-5-6,1348
153813,4-5-6,58.8
153813,5-4-6,306.4
153813,6-4-5,1599
153813,1-6-2,181.4
153813,2-6-1,1316
153813,3-6-1,1705
153813,4-6-1,131.3
153813,5-6-1,881.9
153813,6-5-1,2621
153813,1-6-3,240.1
153813,2-6-3,3181
153813,3-6-2,2775
153813,4-6-2,332.6
153813,5-6-2,1451
153813,6-5-2,4493
153813,1-6-4,111.8
153813,2-6-4,2036
153813,3-6-4,1608
153813,4-6-3,448.6
153813,5-6-3,2036
153813,6-5-3,5662
153813,1-6-5,205.6
153813,2-6-5,2229
153813,3-6-5,2483
153813,4-6-5,187.3
153813,5-6-4,865.8
153813,6-5-4,1769
153814,1-2-3,6
153814,2-1-3,7.7
153814,3-1-2,59.4
153814,4-1-2,505.9
153814,5-1-2,143.1
153814,6-1-2,483.5
153814,1-2-4,22.4
153814,2-1-4,55.9
153814,3-1-4,256.6
153814,4-1-3,965.5
153814,5-1-3,243.4
153814,6-1-3,915.3
153814,1-2-5,10.7
153814,2-1-5,13.3
153814,3-1-5,106.9
153814,4-1-5,743.4
153814,5-1-4,807.9
153814,6-1-4,3369
153814,1-2-6,20.8
153814,2-1-6,22.8
153814,3-1-6,160.8
153814,4-1-6,1292
153814,5-1-6,265.2
153814,6-1-5,1389
153814,1-3-2,13.5
153814,2-3-1,16.1
153814,3-2-1,55.9
153814,4-2-1,432.6
153814,5-2-1,152.9
153814,6-2-1,514.9
153814,1-3-4,65.8
153814,2-3-4,79.8
153814,3-2-4,195.8
153814,4-2-3,545
153814,5-2-3,196.2
153814,6-2-3,524.3
153814,1-3-5,30.5
153814,2-3-5,22
153814,3-2-5,71.3
153814,4-2-5,384.8
153814,5-2-4,610.2
153814,6-2-4,1649
153814,1-3-6,47.7
153814,2-3-6,31.3
153814,3-2-6,102.8
153814,4-2-6,612.5
153814,5-2-6,212.4
153814,6-2-5,729.7
153814,1-4-2,74.1
153814,2-4-1,181.4
153814,3-4-1,642.3
153814,4-3-1,1059
153814,5-3-1,433.2
153814,6-3-1,1135
153814,1-4-3,133.4
153814,2-4-3,200
153814,3-4-2,459.6
153814,4-3-2,1018
153814,5-3-2,316.7
153814,6-3-2,672.4
153814,1-4-5,164.6
153814,2-4-5,224.4
153814,3-4-5,738.2
153814,4-3-5,1452
153814,5-3-4,1382
153814,6-3-4,3640
153814,1-4-6,256.2
153814,2-4-6,223.8
153814,3-4-6,799.7
153814,4-3-6,1789
153814,5-3-6,639.8
153814,6-3-5,1896
153814,1-5-2,37.9
153814,2-5-1,51.9
153814,3-5-1,197.9
153814,4-5-1,1038
153814,5-4-1,1303
153814,6-4-1,3231
153814,1-5-3,70.9
153814,2-5-3,58.4
153814,3-5-2,148.2
153814,4-5-2,706.9
153814,5-4-2,1164
153814,6-4-2,2246
153814,1-5-4,202.1
153814,2-5-4,213.1
153814,3-5-4,691.4
153814,4-5-3,1552
153814,5-4-3,1873
153814,6-4-3,4279
153814,1-5-6,111.7
153814,2-5-6,73.9
153814,3-5-6,314.1
153814,4-5-6,1151
153814,5-4-6,1486
153814,6-4-5,4726
153814,1-6-2,95.9
153814,2-6-1,93.1
153814,3-6-1,385.2
153814,4-6-1,1907
153814,5-6-1,444.8
153814,6-5-1,1297
153814,1-6-3,162.9
153814,2-6-3,89
153814,3-6-2,245.1
153814,4-6-2,1319
153814,5-6-2,317.9
153814,6-5-2,835.6
153814,1-6-4,402.9
153814,2-6-4,269
153814,3-6-4,1143
153814,4-6-3,2381
153814,5-6-3,587.5
153814,6-5-3,1666
153814,1-6-5,225.2
153814,2-6-5,114.2
153814,3-6-5,515.8
153814,4-6-5,2125
153814,5-6-4,1591
153814,6-5-4,3770
153815,1-2-3,9
153815,2-1-3,26.6
153815,3-1-2,125
153815,4-1-2,319
153815,5-1-2,21
153815,6-1-2,1101
153815,1-2-4,20.4
153815,2-1-4,42.4
153815,3-1-4,233
153815,4-1-3,494.3
153815,5-1-3,52.8
153815,6-1-3,2263
153815,1-2-5,5.7
153815,2-1-5,14.2
153815,3-1-5,82.7
153815,4-1-5,209.9
153815,5-1-4,89.9
153815,6-1-4,2682
153815,1-2-6,63
153815,2-1-6,127.1
153815,3-1-6,392
153815,4-1-6,611.2
153815,5-1-6,72.9
153815,6-1-5,911
153815,1-3-2,17.2
153815,2-3-1,96.2
153815,3-2-1,213.4
153815,4-2-1,534.5
153815,5-2-1,36.2
153815,6-2-1,1470
153815,1-3-4,39.3
153815,2-3-4,205.1
153815,3-2-4,402.9
153815,4-2-3,913.9
153815,5-2-3,94.3
153815,6-2-3,2414
153815,1-3-5,17
153815,2-3-5,91.9
153815,3-2-5,209.7
153815,4-2-5,530.6
153815,5-2-4,157.7
153815,6-2-4,2956
153815,1-3-6,132
153815,2-3-6,449.8
153815,3-2-6,940.6
153815,4-2-6,1434
153815,5-2-6,132.9
153815,6-2-5,1516
153815,1-4-2,50
153815,2-4-1,177.1
153815,3-4-1,686.5
153815,4-3-1,1207
153815,5-3-1,177.9
153815,6-3-1,3292
153815,1-4-3,75
153815,2-4-3,268.7
153815,3-4-2,531.5
153815,4-3-2,1360
153815,5-3-2,215
153815,6-3-2,5466
153815,1-4-5,50.4
153815,2-4-5,192.1
153815,3-4-5,476.5
153815,4-3-5,1158
153815,5-3-4,530.6
153815,6-3-4,3968
153815,1-4-6,214.9
153815,2-4-6,713.5
153815,3-4-6,1566
153815,4-3-6,2317
153815,5-3-6,522.9
153815,6-3-5,3255
153815,1-5-2,8.2
153815,2-5-1,29.9
153815,3-5-1,190.9
153815,4-5-1,309.5
153815,5-4-1,242.6
153815,6-4-1,4080
153815,1-5-3,17.5
153815,2-5-3,64.5
153815,3-5-2,240.8
153815,4-5-2,413.2
153815,5-4-2,296.8
153815,6-4-2,4198
153815,1-5-4,34.9
153815,2-5-4,106.9
153815,3-5-4,415
153815,4-5-3,849.6
153815,5-4-3,545.6
153815,6-4-3,5466
153815,1-5-6,46.7
153815,2-5-6,164
153815,3-5-6,827.7
153815,4-5-6,744.7
153815,5-4-6,473.3
153815,6-4-5,3762
153815,1-6-2,245.7
153815,2-6-1,691.4
153815,3-6-1,1724
153815,4-6-1,2414
153815,5-6-1,166.2
153815,6-5-1,854.6
153815,1-6-3,330.3
153815,2-6-3,1347
153815,3-6-2,2374
153815,4-6-2,2812
153815,5-6-2,220.8
153815,6-5-2,1287
153815,1-6-4,534.5
153815,2-6-4,1287
153815,3-6-4,3667
153815,4-6-3,4198
153815,5-6-3,428.5
153815,6-5-3,2682
153815,1-6-5,214.9
153815,2-6-5,717.1
153815,3-6-5,2476
153815,4-6-5,2476
153815,5-6-4,658.4
153815,6-5-4,2586
153816,1-2-3,5.4
153816,2-1-3,14.7
153816,3-1-2,53.5
153816,4-1-2,82.7
153816,5-1-2,149.9
153816,6-1-2,2142
153816,1-2-4,8.3
153816,2-1-4,17.6
153816,3-1-4,107.1
153816,4-1-3,176.1
153816,5-1-3,231.1
153816,6-1-3,3290
153816,1-2-5,13.2
153816,2-1-5,22.8
153816,3-1-5,98.7
153816,4-1-5,90.4
153816,5-1-4,209.8
153816,6-1-4,4187
153816,1-2-6,280.8
153816,2-1-6,427.5
153816,3-1-6,1262
153816,4-1-6,907.6
153816,5-1-6,907.6
153816,6-1-5,5264
153816,1-3-2,10.3
153816,2-3-1,35.9
153816,3-2-1,81.2
153816,4-2-1,92.5
153816,5-2-1,184
153816,6-2-1,3476
153816,1-3-4,22.6
153816,2-3-4,54.7
153816,3-2-4,90.7
153816,4-2-3,165.9
153816,5-2-3,224.4
153816,6-2-3,4493
153816,1-3-5,26.4
153816,2-3-5,46.2
153816,3-2-5,91.8
153816,4-2-5,85.7
153816,5-2-4,193.7
153816,6-2-4,3350
153816,1-3-6,624.5
153816,2-3-6,731.1
153816,3-2-6,944.8
153816,4-2-6,808.1
153816,5-2-6,944.8
153816,6-2-5,4606
153816,1-4-2,20.4
153816,2-4-1,54.9
153816,3-4-1,173.1
153816,4-3-1,309.1
153816,5-3-1,476.1
153816,6-3-1,4606
153816,1-4-3,35.6
153816,2-4-3,72.8
153816,3-4-2,136.9
153816,4-3-2,256.6
153816,5-3-2,315.5
153816,6-3-2,4187
153816,1-4-5,36.4
153816,2-4-5,63
153816,3-4-5,169.8
153816,4-3-5,244.3
153816,5-3-4,550
153816,6-3-4,5583
153816,1-4-6,534
153816,2-4-6,682.4
153816,3-4-6,1196
153816,4-3-6,2246
153816,5-3-6,2632
153816,6-3-5,6353
153816,1-5-2,39.7
153816,2-5-1,79.3
153816,3-5-1,199.1
153816,4-5-1,91.9
153816,5-4-1,197.4
153816,6-4-1,6353
153816,1-5-3,55.6
153816,2-5-3,91.2
153816,3-5-2,146.3
153816,4-5-2,82.7
153816,5-4-2,173.6
153816,6-4-2,4606
153816,1-5-4,68.4
153816,2-5-4,104.8
153816,3-5-4,219.8
153816,4-5-3,178
153816,5-4-3,327.8
153816,6-4-3,7370
153816,1-5-6,780.7
153816,2-5-6,833.7
153816,3-5-6,1788
153816,4-5-6,590.5
153816,5-4-6,787.4
153816,6-4-5,5583
153816,1-6-2,856.9
153816,2-6-1,1754
153816,3-6-1,3760
153816,4-6-1,2559
153816,5-6-1,1981
153816,6-5-1,4979
153816,1-6-3,1395
153816,2-6-3,3350
153816,3-6-2,2246
153816,4-6-2,2193
153816,5-6-2,1824
153816,6-5-2,5583
153816,1-6-4,2024
153816,2-6-4,2246
153816,3-6-4,3290
153816,4-6-3,3476
153816,5-6-3,3122
153816,6-5-3,7370
153816,1-6-5,1630
153816,2-6-5,2142
153816,3-6-5,3350
153816,4-6-5,1721
153816,5-6-4,2070
153816,6-5-4,4493
153817,1-2-3,20.8
153817,2-1-3,49.4
153817,3-1-2,13.2
153817,4-1-2,1257
153817,5-1-2,225.8
153817,6-1-2,1050
153817,1-2-4,156.8
153817,2-1-4,449.7
153817,3-1-4,41.4
153817,4-1-3,649.8
153817,5-1-3,89.2
153817,6-1-3,606.1
153817,1-2-5,58
153817,2-1-5,139.5
153817,3-1-5,5.6
153817,4-1-5,952.5
153817,5-1-4,553.6
153817,6-1-4,2323
153817,1-2-6,107.8
153817,2-1-6,229.9
153817,3-1-6,14.8
153817,4-1-6,1597
153817,5-1-6,203.6
153817,6-1-5,964.5
153817,1-3-2,9.2
153817,2-3-1,59
153817,3-2-1,30
153817,4-2-1,1564
153817,5-2-1,377.7
153817,6-2-1,1783
153817,1-3-4,47.2
153817,2-3-4,511.1
153817,3-2-4,158.7
153817,4-2-3,1333
153817,5-2-3,294.3
153817,6-2-3,1703
153817,1-3-5,8
153817,2-3-5,133.3
153817,3-2-5,40.3
153817,4-2-5,2473
153817,5-2-4,989.4
153817,6-2-4,2514
153817,1-3-6,20.9
153817,2-3-6,203.3
153817,3-2-6,63.6
153817,4-2-6,2100
153817,5-2-6,625.9
153817,6-2-5,1916
153817,1-4-2,280.3
153817,2-4-1,1095
153817,3-4-1,107
153817,4-3-1,592.1
153817,5-3-1,80.1
153817,6-3-1,570.1
153817,1-4-3,204.7
153817,2-4-3,940.8
153817,3-4-2,195.6
153817,4-3-2,1079
153817,5-3-2,184.5
153817,6-3-2,1170
153817,1-4-5,390.2
153817,2-4-5,1597
153817,3-4-5,86.6
153817,4-3-5,615.8
153817,5-3-4,364.2
153817,6-3-4,1406
153817,1-4-6,468.9
153817,2-4-6,2044
153817,3-4-6,136.4
153817,4-3-6,970.6
153817,5-3-6,129
153817,6-3-5,476.2
153817,1-5-2,72.5
153817,2-5-1,356.6
153817,3-5-1,12.3
153817,4-5-1,1246
153817,5-4-1,1119
153817,6-4-1,3485
153817,1-5-3,31.9
153817,2-5-3,326.9
153817,3-5-2,31.5
153817,4-5-2,1941
153817,5-4-2,1217
153817,6-4-2,3407
153817,1-5-4,253
153817,2-5-4,1406
153817,3-5-4,62.6
153817,4-5-3,886.4
153817,5-4-3,766.7
153817,6-4-3,3007
153817,1-5-6,96.4
153817,2-5-6,811.4
153817,3-5-6,23.9
153817,4-5-6,1357
153817,5-4-6,1036
153817,6-4-5,3067
153817,1-6-2,263.5
153817,2-6-1,1072
153817,3-6-1,53.8
153817,4-6-1,3262
153817,5-6-1,331.9
153817,6-5-1,983
153817,1-6-3,134.6
153817,2-6-3,958.4
153817,3-6-2,126.1
153817,4-6-2,4259
153817,5-6-2,606.1
153817,6-5-2,1614
153817,1-6-4,631.1
153817,2-6-4,2738
153817,3-6-4,191.9
153817,4-6-3,1847
153817,5-6-3,225.1
153817,6-5-3,565.8
153817,1-6-5,234.1
153817,2-6-5,1474
153817,3-6-5,57.3
153817,4-6-5,1941
153817,5-6-4,952.5
153817,6-5-4,1991
153818,1-2-3,35
153818,2-1-3,101.6
153818,3-1-2,136.9
153818,4-1-2,13.4
153818,5-1-2,482
153818,6-1-2,1584
153818,1-2-4,20
153818,2-1-4,47.7
153818,3-1-4,65.3
153818,4-1-3,11.8
153818,5-1-3,506.1
153818,6-1-3,2566
153818,1-2-5,48.6
153818,2-1-5,120.7
153818,3-1-5,179.8
153818,4-1-5,9.2
153818,5-1-4,186.7
153818,6-1-4,1544
153818,1-2-6,365.1
153818,2-1-6,639.3
153818,3-1-6,782
153818,4-1-6,67.3
153818,5-1-6,756.1
153818,6-1-5,2496
153818,1-3-2,49.5
153818,2-3-1,178.4
153818,3-2-1,197.2
153818,4-2-1,28.4
153818,5-2-1,839.7
153818,6-2-1,2530
153818,1-3-4,21.2
153818,2-3-4,188.8
153818,3-2-4,167.9
153818,4-2-3,54.3
153818,5-2-3,756.1
153818,6-2-3,2094
153818,1-3-5,57.2
153818,2-3-5,397
153818,3-2-5,395.2
153818,4-2-5,37.6
153818,5-2-4,428.7
153818,6-2-4,1412
153818,1-3-6,557.2
153818,2-3-6,1401
153818,3-2-6,1320
153818,4-2-6,140.3
153818,5-2-6,1339
153818,6-2-5,2249
153818,1-4-2,12.5
153818,2-4-1,55.5
153818,3-4-1,63.1
153818,4-3-1,30
153818,5-3-1,820.8
153818,6-3-1,3141
153818,1-4-3,11.2
153818,2-4-3,119.4
153818,3-4-2,106.3
153818,4-3-2,66.5
153818,5-3-2,802.7
153818,6-3-2,2761
153818,1-4-5,15.9
153818,2-4-5,131.3
153818,3-4-5,98.9
153818,4-3-5,44.1
153818,5-3-4,478.2
153818,6-3-4,2143
153818,1-4-6,124.3
153818,2-4-6,386.8
153818,3-4-6,353.8
153818,4-3-6,192.6
153818,5-3-6,1493
153818,6-3-5,3254
153818,1-5-2,112.6
153818,2-5-1,346.4
153818,3-5-1,344.4
153818,4-5-1,14.2
153818,5-4-1,147.6
153818,6-4-1,1518
153818,1-5-3,113.8
153818,2-5-3,662.6
153818,3-5-2,453.3
153818,4-5-2,29.1
153818,5-4-2,257.7
153818,6-4-2,1584
153818,1-5-4,63.8
153818,2-5-4,327.1
153818,3-5-4,247.9
153818,4-5-3,33
153818,5-4-3,279.4
153818,6-4-3,1918
153818,1-5-6,587.8
153818,2-5-6,1339
153818,3-5-6,1035
153818,4-5-6,53.4
153818,5-4-6,393.5
153818,6-4-5,1248
153818,1-6-2,759.2
153818,2-6-1,2047
153818,3-6-1,2366
153818,4-6-1,158
153818,5-6-1,1518
153818,6-5-1,2679
153818,1-6-3,690.2
153818,2-6-3,2603
153818,3-6-2,2070
153818,4-6-2,214.8
153818,5-6-2,1769
153818,6-5-2,3718
153818,1-6-4,626.2
153818,2-6-4,1168
153818,3-6-4,1168
153818,4-6-3,341.2
153818,5-6-3,1980
153818,6-5-3,3718
153818,1-6-5,1175
153818,2-6-5,2094
153818,3-6-5,1598
153818,4-6-5,159.2
153818,5-6-4,888.9
153818,6-5-4,1330
153819,1-2-3,13.5
153819,2-1-3,26.3
153819,3-1-2,59.3
153819,4-1-2,116.3
153819,5-1-2,99.3
153819,6-1-2,512.7
153819,1-2-4,23.8
153819,2-1-4,33.4
153819,3-1-4,71.5
153819,4-1-3,176.5
153819,5-1-3,129.7
153819,6-1-3,826.3
153819,1-2-5,15.6
153819,2-1-5,20.5
153819,3-1-5,42.7
153819,4-1-5,89.6
153819,5-1-4,154.8
153819,6-1-4,1121
153819,1-2-6,39.5
153819,2-1-6,51.7
153819,3-1-6,77
153819,4-1-6,160.5
153819,5-1-6,121.7
153819,6-1-5,670
153819,1-3-2,22.2
153819,2-3-1,63.8
153819,3-2-1,81.8
153819,4-2-1,133.4
153819,5-2-1,115.5
153819,6-2-1,582.3
153819,1-3-4,36.4
153819,2-3-4,117.3
153819,3-2-4,99.3
153819,4-2-3,193.8
153819,5-2-3,133.4
153819,6-2-3,882.9
153819,1-3-5,23.1
153819,2-3-5,55.4
153819,3-2-5,60.4
153819,4-2-5,90.3
153819,5-2-4,129.8
153819,6-2-4,815.2
153819,1-3-6,46.4
153819,2-3-6,101.9
153819,3-2-6,91.2
153819,4-2-6,159.3
153819,5-2-6,88.5
153819,6-2-5,391.9
153819,1-4-2,49.9
153819,2-4-1,85.4
153819,3-4-1,135.6
153819,4-3-1,235.4
153819,5-3-1,188.4
153819,6-3-1,778.9
153819,1-4-3,67.8
153819,2-4-3,134.1
153819,3-4-2,150.3
153819,4-3-2,244.8
153819,5-3-2,167.4
153819,6-3-2,970.5
153819,1-4-5,58.2
153819,2-4-5,74.6
153819,3-4-5,101.2
153819,4-3-5,147.2
153819,5-3-4,208.1
153819,6-3-4,1314
153819,1-4-6,94.5
153819,2-4-6,127
153819,3-4-6,151.3
153819,4-3-6,280.4
153819,5-3-6,172.3
153819,6-3-5,560.9
153819,1-5-2,38.6
153819,2-5-1,56.8
153819,3-5-1,89.1
153819,4-5-1,83.5
153819,5-4-1,150
153819,6-4-1,951.6
153819,1-5-3,51.6
153819,2-5-3,74.2
153819,3-5-2,71.2
153819,4-5-2,75.9
153819,5-4-2,125.2
153819,6-4-2,864.2
153819,1-5-4,80.2
153819,2-5-4,90.6
153819,3-5-4,106.5
153819,4-5-3,115.5
153819,5-4-3,176.9
153819,6-4-3,1455
153819,1-5-6,77
153819,2-5-6,57
153819,3-5-6,84.7
153819,4-5-6,68.6
153819,5-4-6,113.9
153819,6-4-5,603.9
153819,1-6-2,141.9
153819,2-6-1,221.7
153819,3-6-1,240.7
153819,4-6-1,234.5
153819,5-6-1,206.4
153819,6-5-1,555.8
153819,1-6-3,167.5
153819,2-6-3,253.4
153819,3-6-2,211.9
153819,4-6-2,234.7
153819,5-6-2,134.9
153819,6-5-2,335.5
153819,1-6-4,231.3
153819,2-6-4,261.5
153819,3-6-4,328.7
153819,4-6-3,374.5
153819,5-6-3,208.3
153819,6-5-3,530.5
153819,1-6-5,180.9
153819,2-6-5,148.1
153819,3-6-5,170.7
153819,4-6-5,172.6
153819,5-6-4,206.9
153819,6-5-4,525.9
153820,1-2-3,12.8
153820,2-1-3,33.3
153820,3-1-2,44
153820,4-1-2,146.3
153820,5-1-2,70
153820,6-1-2,514.6
153820,1-2-4,14.5
153820,2-1-4,25.2
153820,3-1-4,51.8
153820,4-1-3,229
153820,5-1-3,174.5
153820,6-1-3,919.2
153820,1-2-5,11.3
153820,2-1-5,19.4
153820,3-1-5,56.2
153820,4-1-5,125.4
153820,5-1-4,117
153820,6-1-4,1150
153820,1-2-6,39.9
153820,2-1-6,52.2
153820,3-1-6,121.1
153820,4-1-6,234.4
153820,5-1-6,103.8
153820,6-1-5,713.5
153820,1-3-2,20.9
153820,2-3-1,75.8
153820,3-2-1,66.4
153820,4-2-1,123.2
153820,5-2-1,88.7
153820,6-2-1,596.3
153820,1-3-4,29.2
153820,2-3-4,117.9
153820,3-2-4,81.7
153820,4-2-3,233.3
153820,5-2-3,188.4
153820,6-2-3,899.5
153820,1-3-5,28.4
153820,2-3-5,98.3
153820,3-2-5,94.3
153820,4-2-5,103
153820,5-2-4,100.1
153820,6-2-4,832
153820,1-3-6,71.1
153820,2-3-6,178.2
153820,3-2-6,183.3
153820,4-2-6,194.9
153820,5-2-6,113.2
153820,6-2-5,578.3
153820,1-4-2,31.8
153820,2-4-1,74
153820,3-4-1,120.2
153820,4-3-1,334.1
153820,5-3-1,278.8
153820,6-3-1,1754
153820,1-4-3,53.7
153820,2-4-3,149.1
153820,3-4-2,123.1
153820,4-3-2,318.9
153820,5-3-2,255.4
153820,6-3-2,1394
153820,1-4-5,39.9
153820,2-4-5,60.9
153820,3-4-5,115.1
153820,4-3-5,290.3
153820,5-3-4,258.9
153820,6-3-4,1879
153820,1-4-6,79.8
153820,2-4-6,125.5
153820,3-4-6,203.9
153820,4-3-6,490.6
153820,5-3-6,424.4
153820,6-3-5,1697
153820,1-5-2,23.1
153820,2-5-1,53.1
153820,3-5-1,115.5
153820,4-5-1,114.2
153820,5-4-1,178.8
153820,6-4-1,1451
153820,1-5-3,43.5
153820,2-5-3,112.5
153820,3-5-2,120.3
153820,4-5-2,110.6
153820,5-4-2,129.5
153820,6-4-2,1007
153820,1-5-4,48.7
153820,2-5-4,70.6
153820,3-5-4,122.8
153820,4-5-3,238.6
153820,5-4-3,331.5
153820,6-4-3,1814
153820,1-5-6,54.2
153820,2-5-6,85.5
153820,3-5-6,213.2
153820,4-5-6,116.3
153820,5-4-6,163.3
153820,6-4-5,672.5
153820,1-6-2,114
153820,2-6-1,225.8
153820,3-6-1,467.7
153820,4-6-1,369.9
153820,5-6-1,224.6
153820,6-5-1,687.9
153820,1-6-3,186.9
153820,2-6-3,392.7
153820,3-6-2,463.6
153820,4-6-2,305
153820,5-6-2,171.5
153820,6-5-2,518.4
153820,1-6-4,213
153820,2-6-4,325.8
153820,3-6-4,467.7
153820,4-6-3,527.5
153820,5-6-3,449.7
153820,6-5-3,1156
153820,1-6-5,159.2
153820,2-6-5,244.2
153820,3-6-5,495.3
153820,4-6-5,243
153820,5-6-4,234.6
153820,6-5-4,567.3
153821,1-2-3,6.5
153821,2-1-3,40.4
153821,3-1-2,73.8
153821,4-1-2,115.5
153821,5-1-2,107.1
153821,6-1-2,2143
153821,1-2-4,14.1
153821,2-1-4,51.5
153821,3-1-4,68.3
153821,4-1-3,125
153821,5-1-3,111.7
153821,6-1-3,3394
153821,1-2-5,8.5
153821,2-1-5,45.1
153821,3-1-5,57
153821,4-1-5,88.7
153821,5-1-4,165.4
153821,6-1-4,4454
153821,1-2-6,84.9
153821,2-1-6,244.3
153821,3-1-6,334.6
153821,4-1-6,431.3
153821,5-1-6,296
153821,6-1-5,3098
153821,1-3-2,9.1
153821,2-3-1,135.3
153821,3-2-1,169.3
153821,4-2-1,231.2
153821,5-2-1,216.1
153821,6-2-1,3239
153821,1-3-4,12.5
153821,2-3-4,316.7
153821,3-2-4,333.4
153821,4-2-3,526.9
153821,5-2-3,380.1
153821,6-2-3,5818
153821,1-3-5,8.1
153821,2-3-5,228.6
153821,3-2-5,245.5
153821,4-2-5,336.2
153821,5-2-4,566.8
153821,6-2-4,4751
153821,1-3-6,72.5
153821,2-3-6,1284
153821,3-2-6,1000
153821,4-2-6,1267
153821,5-2-6,869.2
153821,6-2-5,4915
153821,1-4-2,22.3
153821,2-4-1,201.9
153821,3-4-1,217.1
153821,4-3-1,289.1
153821,5-3-1,259.8
153821,6-3-1,5091
153821,1-4-3,23.9
153821,2-4-3,448.9
153821,3-4-2,487.3
153821,4-3-2,688.6
153821,5-3-2,477.5
153821,6-3-2,6630
153821,1-4-5,25.2
153821,2-4-5,312.9
153821,3-4-5,255.9
153821,4-3-5,357.2
153821,5-3-4,719.9
153821,6-3-4,4525
153821,1-4-6,94.2
153821,2-4-6,1255
153821,3-4-6,888.1
153821,4-3-6,1425
153821,5-3-6,1319
153821,6-3-5,6479
153821,1-5-2,15.4
153821,2-5-1,171.1
153821,3-5-1,148.8
153821,4-5-1,134.6
153821,5-4-1,301
153821,6-4-1,4525
153821,1-5-3,15.5
153821,2-5-3,287.4
153821,3-5-2,288.8
153821,4-5-2,313.2
153821,5-4-2,634.9
153821,6-4-2,5702
153821,1-5-4,31.2
153821,2-5-4,430
153821,3-5-4,336.2
153821,4-5-3,303.6
153821,5-4-3,685.3
153821,6-4-3,5183
153821,1-5-6,73.1
153821,2-5-6,983.1
153821,3-5-6,758.2
153821,4-5-6,387.8
153821,5-4-6,791.9
153821,6-4-5,5091
153821,1-6-2,257.5
153821,2-6-1,1000
153821,3-6-1,1707
153821,4-6-1,1048
153821,5-6-1,1025
153821,6-5-1,3563
153821,1-6-3,291.2
153821,2-6-3,2969
153821,3-6-2,2356
153821,4-6-2,2051
153821,5-6-2,1462
153821,6-5-2,4598
153821,1-6-4,379.6
153821,2-6-4,3655
153821,3-6-4,1804
153821,4-6-3,1888
153821,5-6-3,1697
153821,6-5-3,4598
153821,1-6-5,318.1
153821,2-6-5,2689
153821,3-6-5,2193
153821,4-6-5,1168
153821,5-6-4,1629
153821,6-5-4,4673
153822,1-2-3,6.2
153822,2-1-3,16
153822,3-1-2,59.2
153822,4-1-2,170.5
153822,5-1-2,241
153822,6-1-2,808.1
153822,1-2-4,6.8
153822,2-1-4,19.8
153822,3-1-4,89.5
153822,4-1-3,294.2
153822,5-1-3,315.7
153822,6-1-3,1163
153822,1-2-5,12.8
153822,2-1-5,31.4
153822,3-1-5,102.3
153822,4-1-5,250.6
153822,5-1-4,416.9
153822,6-1-4,1764
153822,1-2-6,27.2
153822,2-1-6,59.2
153822,3-1-6,163.7
153822,4-1-6,363.3
153822,5-1-6,416.3
153822,6-1-5,1726
153822,1-3-2,13.2
153822,2-3-1,47.7
153822,3-2-1,79.9
153822,4-2-1,291.9
153822,5-2-1,397.2
153822,6-2-1,1044
153822,1-3-4,19.6
153822,2-3-4,53
153822,3-2-4,83.1
153822,4-2-3,462.1
153822,5-2-3,523.2
153822,6-2-3,1843
153822,1-3-5,24.9
153822,2-3-5,61.4
153822,3-2-5,94.6
153822,4-2-5,455
153822,5-2-4,676.5
153822,6-2-4,1640
153822,1-3-6,51.6
153822,2-3-6,95.4
153822,3-2-6,146.1
153822,4-2-6,566.6
153822,5-2-6,766.6
153822,6-2-5,2604
153822,1-4-2,18.4
153822,2-4-1,76.8
153822,3-4-1,264.1
153822,4-3-1,579.6
153822,5-3-1,592.2
153822,6-3-1,1726
153822,1-4-3,31.5
153822,2-4-3,99.6
153822,3-4-2,194.1
153822,4-3-2,617.9
153822,5-3-2,644.6
153822,6-3-2,2326
153822,1-4-5,36.2
153822,2-4-5,144
153822,3-4-5,272
153822,4-3-5,852.2
153822,5-3-4,1090
153822,6-3-4,2689
153822,1-4-6,51.3
153822,2-4-6,194.4
153822,3-4-6,376.2
153822,4-3-6,976.5
153822,5-3-6,1247
153822,6-3-5,2543
153822,1-5-2,36.1
153822,2-5-1,141.8
153822,3-5-1,280.4
153822,4-5-1,483.2
153822,5-4-1,742.3
153822,6-4-1,2262
153822,1-5-3,51.6
153822,2-5-3,179.1
153822,3-5-2,244.6
153822,4-5-2,582.7
153822,5-4-2,1035
153822,6-4-2,1832
153822,1-5-4,66.9
153822,2-5-4,220.7
153822,3-5-4,368.6
153822,4-5-3,886.7
153822,5-4-3,1491
153822,6-4-3,3216
153822,1-5-6,87.9
153822,2-5-6,261
153822,3-5-6,385.1
153822,4-5-6,677.9
153822,5-4-6,1116
153822,6-4-5,2757
153822,1-6-2,116.6
153822,2-6-1,336.8
153822,3-6-1,837
153822,4-6-1,1022
153822,5-6-1,1090
153822,6-5-1,2103
153822,1-6-3,149.8
153822,2-6-3,476.8
153822,3-6-2,643.3
153822,4-6-2,1086
153822,5-6-2,1058
153822,6-5-2,2624
153822,1-6-4,175.2
153822,2-6-4,506.3
153822,3-6-4,879.6
153822,4-6-3,1657
153822,5-6-3,1458
153822,6-5-3,2667
153822,1-6-5,193
153822,2-6-5,549.5
153822,3-6-5,850
153822,4-6-5,1197
153822,5-6-4,1420
153822,6-5-4,2466
153823,1-2-3,7.6
153823,2-1-3,21.6
153823,3-1-2,195.5
153823,4-1-2,439.3
153823,5-1-2,47.4
153823,6-1-2,177.4
153823,1-2-4,20.8
153823,2-1-4,41.5
153823,3-1-4,413
153823,4-1-3,739.1
153823,5-1-3,125
153823,6-1-3,654.6
153823,1-2-5,6.2
153823,2-1-5,17
153823,3-1-5,263.3
153823,4-1-5,499.1
153823,5-1-4,169.5
153823,6-1-4,755.9
153823,1-2-6,10
153823,2-1-6,21.1
153823,3-1-6,329.4
153823,4-1-6,498.1
153823,5-1-6,50.2
153823,6-1-5,266.8
153823,1-3-2,22.4
153823,2-3-1,90.6
153823,3-2-1,280.9
153823,4-2-1,571.3
153823,5-2-1,73.5
153823,6-2-1,206.2
153823,1-3-4,64.3
153823,2-3-4,253.1
153823,3-2-4,606.8
153823,4-2-3,1059
153823,5-2-3,242.9
153823,6-2-3,770
153823,1-3-5,34.7
153823,2-3-5,145.3
153823,3-2-5,368.7
153823,4-2-5,723
153823,5-2-4,354.5
153823,6-2-4,739.1
153823,1-3-6,53
153823,2-3-6,159.3
153823,3-2-6,439.3
153823,4-2-6,699.7
153823,5-2-6,79.1
153823,6-2-5,285.6
153823,1-4-2,62
153823,2-4-1,211.2
153823,3-4-1,745.7
153823,4-3-1,1012
153823,5-3-1,493.2
153823,6-3-1,1209
153823,1-4-3,128.4
153823,2-4-3,427.2
153823,3-4-2,902.5
153823,4-3-2,1233
153823,5-3-2,529.4
153823,6-3-2,1080
153823,1-4-5,90.8
153823,2-4-5,316.9
153823,3-4-5,1022
153823,4-3-5,1350
153823,5-3-4,941.7
153823,6-3-4,1953
153823,1-4-6,99.2
153823,2-4-6,259.2
153823,3-4-6,1071
153823,4-3-6,1324
153823,5-3-6,582.6
153823,6-3-5,1586
153823,1-5-2,13.1
153823,2-5-1,53.7
153823,3-5-1,548.6
153823,4-5-1,595.9
153823,5-4-1,463.4
153823,6-4-1,1294
153823,1-5-3,40.9
153823,2-5-3,154.9
153823,3-5-2,618.8
153823,4-5-2,642.8
153823,5-4-2,663.3
153823,6-4-2,1224
153823,1-5-4,71.5
153823,2-5-4,262.7
153823,3-5-4,1090
153823,4-5-3,1127
153823,5-4-3,1027
153823,6-4-3,2274
153823,1-5-6,24.9
153823,2-5-6,81
153823,3-5-6,725.1
153823,4-5-6,595.2
153823,5-4-6,486.5
153823,6-4-5,1448
153823,1-6-2,33.5
153823,2-6-1,74.7
153823,3-6-1,838.7
153823,4-6-1,818
153823,5-6-1,84.2
153823,6-5-1,277
153823,1-6-3,112.8
153823,2-6-3,234.8
153823,3-6-2,1029
153823,4-6-2,856
153823,5-6-2,81.6
153823,6-5-2,250.8
153823,1-6-4,151.2
153823,2-6-4,301
153823,3-6-4,1818
153823,4-6-3,1811
153823,5-6-3,316.7
153823,6-5-3,891.2
153823,1-6-5,51.4
153823,2-6-5,124.2
153823,3-6-5,1294
153823,4-6-5,990.4
153823,5-6-4,404
153823,6-5-4,1035
153824,1-2-3,23.6
153824,2-1-3,63.2
153824,3-1-2,119.2
153824,4-1-2,794.7
153824,5-1-2,271.4
153824,6-1-2,67.1
153824,1-2-4,119.4
153824,2-1-4,278.6
153824,3-1-4,384.1
153824,4-1-3,1128
153824,5-1-3,284.9
153824,6-1-3,75.5
153824,1-2-5,56.2
153824,2-1-5,85.4
153824,3-1-5,115.7
153824,4-1-5,931
153824,5-1-4,699.5
153824,6-1-4,285.2
153824,1-2-6,29.8
153824,2-1-6,44
153824,3-1-6,73.7
153824,4-1-6,760.2
153824,5-1-6,173.3
153824,6-1-5,123.1
153824,1-3-2,31.3
153824,2-3-1,68.7
153824,3-2-1,115.8
153824,4-2-1,805.3
153824,5-2-1,278.9
153824,6-2-1,75.2
153824,1-3-4,168.8
153824,2-3-4,121.8
153824,3-2-4,184.6
153824,4-2-3,479.5
153824,5-2-3,143.1
153824,6-2-3,27.5
153824,1-3-5,44.8
153824,2-3-5,28.9
153824,3-2-5,54.3
153824,4-2-5,546.6
153824,5-2-4,376.6
153824,6-2-4,91.8
153824,1-3-6,26
153824,2-3-6,14.9
153824,3-2-6,27.2
153824,4-2-6,332.2
153824,5-2-6,86.5
153824,6-2-5,41.6
153824,1-4-2,320.8
153824,2-4-1,481.6
153824,3-4-1,713.3
153824,4-3-1,1198
153824,5-3-1,307.8
153824,6-3-1,83.7
153824,1-4-3,468.3
153824,2-4-3,249.3
153824,3-4-2,398.8
153824,4-3-2,611.2
153824,5-3-2,168.8
153824,6-3-2,39
153824,1-4-5,455
153824,2-4-5,307.3
153824,3-4-5,534.7
153824,4-3-5,906.2
153824,5-3-4,614
153824,6-3-4,146.7
153824,1-4-6,367.2
153824,2-4-6,170.1
153824,3-4-6,290.7
153824,4-3-6,551
153824,5-3-6,111.2
153824,6-3-5,54.8
153824,1-5-2,96.3
153824,2-5-1,129.7
153824,3-5-1,158.7
153824,4-5-1,1022
153824,5-4-1,981.5
153824,6-4-1,475.3
153824,1-5-3,86.9
153824,2-5-3,50.3
153824,3-5-2,83.6
153824,4-5-2,626
153824,5-4-2,556.7
153824,6-4-2,132.5
153824,1-5-4,282.8
153824,2-5-4,230.5
153824,3-5-4,320
153824,4-5-3,927.9
153824,5-4-3,762.3
153824,6-4-3,188.2
153824,1-5-6,79.8
153824,2-5-6,31.7
153824,3-5-6,48.8
153824,4-5-6,434.9
153824,5-4-6,351.3
153824,6-4-5,210.5
153824,1-6-2,37.5
153824,2-6-1,49.8
153824,3-6-1,73.7
153824,4-6-1,743.5
153824,5-6-1,125.8
153824,6-5-1,134.1
153824,1-6-3,37.4
153824,2-6-3,16.1
153824,3-6-2,32.8
153824,4-6-2,292.9
153824,5-6-2,66.9
153824,6-5-2,56.8
153824,1-6-4,172.3
153824,2-6-4,99.2
153824,3-6-4,151
153824,4-6-3,438.1
153824,5-6-3,78.6
153824,6-5-3,64.5
153824,1-6-5,65.9
153824,2-6-5,24.6
153824,3-6-5,43.3
153824,4-6-5,440.2
153824,5-6-4,188.3
153824,6-5-4,156.8
153825,1-2-3,3.8
153825,2-1-3,7.7
153825,3-1-2,26.8
153825,4-1-2,283.8
153825,5-1-2,350.2
153825,6-1-2,783.1
153825,1-2-4,17.6
153825,2-1-4,33.8
153825,3-1-4,112.5
153825,4-1-3,527.7
153825,5-1-3,432.6
153825,6-1-3,1025
153825,1-2-5,18.7
153825,2-1-5,39.2
153825,3-1-5,85.2
153825,4-1-5,446.9
153825,5-1-4,980.1
153825,6-1-4,2214
153825,1-2-6,19
153825,2-1-6,35.2
153825,3-1-6,86
153825,4-1-6,441.6
153825,5-1-6,611.9
153825,6-1-5,2194
153825,1-3-2,6.4
153825,2-3-1,15.8
153825,3-2-1,35.4
153825,4-2-1,339.7
153825,5-2-1,605.8
153825,6-2-1,1045
153825,1-3-4,33.9
153825,2-3-4,68.6
153825,3-2-4,141.3
153825,4-2-3,646.9
153825,5-2-3,817.3
153825,6-2-3,964.6
153825,1-3-5,28.1
153825,2-3-5,74
153825,3-2-5,118.3
153825,4-2-5,622.1
153825,5-2-4,1436
153825,6-2-4,1852
153825,1-3-6,30.3
153825,2-3-6,59.6
153825,3-2-6,108.6
153825,4-2-6,481.8
153825,5-2-6,1036
153825,6-2-5,2330
153825,1-4-2,59
153825,2-4-1,148
153825,3-4-1,448.9
153825,4-3-1,986.1
153825,5-3-1,892.2
153825,6-3-1,1602
153825,1-4-3,112.2
153825,2-4-3,188
153825,3-4-2,337.8
153825,4-3-2,762.3
153825,5-3-2,1010
153825,6-3-2,1138
153825,1-4-5,168.2
153825,2-4-5,419.5
153825,3-4-5,801.2
153825,4-3-5,1454
153825,5-3-4,2411
153825,6-3-4,2647
153825,1-4-6,149.7
153825,2-4-6,268.9
153825,3-4-6,758.7
153825,4-3-6,1349
153825,5-3-6,1948
153825,6-3-5,3662
153825,1-5-2,86.8
153825,2-5-1,240.2
153825,3-5-1,341.1
153825,4-5-1,621.3
153825,5-4-1,1387
153825,6-4-1,3142
153825,1-5-3,110.6
153825,2-5-3,275.8
153825,3-5-2,355
153825,4-5-2,660
153825,5-4-2,1561
153825,6-4-2,2447
153825,1-5-4,234
153825,2-5-4,693.9
153825,3-5-4,912.2
153825,4-5-3,1107
153825,5-4-3,2184
153825,6-4-3,3555
153825,1-5-6,193.9
153825,2-5-6,464.8
153825,3-5-6,720.6
153825,4-5-6,850.1
153825,5-4-6,1607
153825,6-4-5,3044
153825,1-6-2,117.5
153825,2-6-1,252
153825,3-6-1,471.5
153825,4-6-1,747.1
153825,5-6-1,1021
153825,6-5-1,2244
153825,1-6-3,155.9
153825,2-6-3,272.1
153825,3-6-2,399.6
153825,4-6-2,738
153825,5-6-2,1032
153825,6-5-2,2330
153825,1-6-4,285.5
153825,2-6-4,599.9
153825,3-6-4,1176
153825,4-6-3,1618
153825,5-6-3,1454
153825,6-5-3,3204
153825,1-6-5,334.1
153825,2-6-5,658.3
153825,3-6-5,960.8
153825,4-6-5,1275
153825,5-6-4,1940
153825,6-5-4,3479
153826,1-2-3,5.5
153826,2-1-3,10.7
153826,3-1-2,16.1
153826,4-1-2,366.5
153826,5-1-2,410.7
153826,6-1-2,758.9
153826,1-2-4,16.8
153826,2-1-4,34.7
153826,3-1-4,36.9
153826,4-1-3,409.7
153826,5-1-3,456.5
153826,6-1-3,944.8
153826,1-2-5,19.3
153826,2-1-5,37.5
153826,3-1-5,38.6
153826,4-1-5,547.9
153826,5-1-4,1027
153826,6-1-4,2779
153826,1-2-6,53.4
153826,2-1-6,71.7
153826,3-1-6,91.9
153826,4-1-6,803.9
153826,5-1-6,994.7
153826,6-1-5,2839
153826,1-3-2,7.1
153826,2-3-1,17
153826,3-2-1,23.7
153826,4-2-1,399.2
153826,5-2-1,544.5
153826,6-2-1,928.2
153826,1-3-4,19
153826,2-3-4,35.7
153826,3-2-4,36.2
153826,4-2-3,327.4
153826,5-2-3,449.9
153826,6-2-3,811.3
153826,1-3-5,20.3
153826,2-3-5,45
153826,3-2-5,54.5
153826,4-2-5,581
153826,5-2-4,967.3
153826,6-2-4,2839
153826,1-3-6,54.3
153826,2-3-6,77.8
153826,3-2-6,103.5
153826,4-2-6,904.4
153826,5-2-6,1033
153826,6-2-5,2870
153826,1-4-2,52.6
153826,2-4-1,159.8
153826,3-4-1,127.3
153826,4-3-1,469
153826,5-3-1,679.7
153826,6-3-1,1145
153826,1-4-3,60.8
153826,2-4-3,118.2
153826,3-4-2,107.4
153826,4-3-2,379.4
153826,5-3-2,505.4
153826,6-3-2,858.8
153826,1-4-5,167.4
153826,2-4-5,250.9
153826,3-4-5,175.7
153826,4-3-5,620.6
153826,5-3-4,1214
153826,6-3-4,2479
153826,1-4-6,226.4
153826,2-4-6,381
153826,3-4-6,255.5
153826,4-3-6,899.8
153826,5-3-6,1504
153826,6-3-5,3088
153826,1-5-2,76.8
153826,2-5-1,169
153826,3-5-1,151.3
153826,4-5-1,883.2
153826,5-4-1,1610
153826,6-4-1,4063
153826,1-5-3,85.5
153826,2-5-3,141
153826,3-5-2,150.6
153826,4-5-2,731.5
153826,5-4-2,1192
153826,6-4-2,3343
153826,1-5-4,275.2
153826,2-5-4,360.2
153826,3-5-4,270.5
153826,4-5-3,861.6
153826,5-4-3,1492
153826,6-4-3,3220
153826,1-5-6,307.4
153826,2-5-6,431.8
153826,3-5-6,317.4
153826,4-5-6,1077
153826,5-4-6,1840
153826,6-4-5,3144
153826,1-6-2,255.1
153826,2-6-1,343.4
153826,3-6-1,439
153826,4-6-1,1517
153826,5-6-1,2173
153826,6-5-1,3593
153826,1-6-3,269.3
153826,2-6-3,310.8
153826,3-6-2,412.9
153826,4-6-2,1242
153826,5-6-2,1620
153826,6-5-2,2902
153826,1-6-4,567.3
153826,2-6-4,925
153826,3-6-4,681.5
153826,4-6-3,1447
153826,5-6-3,2316
153826,6-5-3,3201
153826,1-6-5,485
153826,2-6-5,723.5
153826,3-6-5,584.9
153826,4-6-5,1687
153826,5-6-4,3001
153826,6-5-4,3568
153827,1-2-3,6.4
153827,2-1-3,71.9
153827,3-1-2,55.5
153827,4-1-2,540.4
153827,5-1-2,2692
153827,6-1-2,25
153827,1-2-4,39.1
153827,2-1-4,307.9
153827,3-1-4,137.3
153827,4-1-3,555.1
153827,5-1-3,2180
153827,6-1-3,25.7
153827,1-2-5,108.7
153827,2-1-5,673.2
153827,3-1-5,514.3
153827,4-1-5,1260
153827,5-1-4,3443
153827,6-1-4,99
153827,1-2-6,6
153827,2-1-6,65.9
153827,3-1-6,33.7
153827,4-1-6,280.8
153827,5-1-6,2157
153827,6-1-5,294.4
153827,1-3-2,8.5
153827,2-3-1,218.6
153827,3-2-1,185.6
153827,4-2-1,1228
153827,5-2-1,4437
153827,6-2-1,68.7
153827,1-3-4,43.9
153827,2-3-4,1099
153827,3-2-4,657.7
153827,4-2-3,1932
153827,5-2-3,5295
153827,6-2-3,125.6
153827,1-3-5,225.8
153827,2-3-5,2274
153827,3-2-5,1726
153827,4-2-5,3540
153827,5-2-4,5295
153827,6-2-4,306.9
153827,1-3-6,6.3
153827,2-3-6,262.9
153827,3-2-6,229.8
153827,4-2-6,1123
153827,5-2-6,5340
153827,6-2-5,858.4
153827,1-4-2,124.8
153827,2-4-1,1115
153827,3-4-1,417.5
153827,4-3-1,896.3
153827,5-3-1,4737
153827,6-3-1,68.3
153827,1-4-3,125.7
153827,2-4-3,1571
153827,3-4-2,830.2
153827,4-3-2,1726
153827,5-3-2,6429
153827,6-3-2,131.7
153827,1-4-5,608.2
153827,2-4-5,3334
153827,3-4-5,2283
153827,4-3-5,3424
153827,5-3-4,6364
153827,6-3-4,303.6
153827,1-4-6,90.3
153827,2-4-6,1099
153827,3-4-6,433
153827,4-3-6,910.5
153827,5-3-6,5385
153827,6-3-5,839
153827,1-5-2,657
153827,2-5-1,2930
153827,3-5-1,2195
153827,4-5-1,2739
153827,5-4-1,4468
153827,6-4-1,229.9
153827,1-5-3,764.7
153827,2-5-3,3481
153827,3-5-2,3684
153827,4-5-2,4065
153827,5-4-2,6177
153827,6-4-2,421.2
153827,1-5-4,1073
153827,2-5-4,4922
153827,3-5-4,3865
153827,4-5-3,3818
153827,5-4-3,6429
153827,6-4-3,467.1
153827,1-5-6,821.5
153827,2-5-6,2530
153827,3-5-6,2571
153827,4-5-6,2603
153827,5-4-6,5041
153827,6-4-5,907.9
153827,1-6-2,7.6
153827,2-6-1,148.4
153827,3-6-1,62.5
153827,4-6-1,258.3
153827,5-6-1,4437
153827,6-5-1,1039
153827,1-6-3,7.6
153827,2-6-3,254.3
153827,3-6-2,125.8
153827,4-6-2,521.6
153827,5-6-2,4702
153827,6-5-2,1583
153827,1-6-4,43.8
153827,2-6-4,758.2
153827,3-6-4,247.3
153827,4-6-3,580.7
153827,5-6-3,5576
153827,6-5-3,1721
153827,1-6-5,210.8
153827,2-6-5,2143
153827,3-6-5,960.5
153827,4-6-5,1164
153827,5-6-4,5432
153827,6-5-4,1675
153828,1-2-3,10
153828,2-1-3,68.1
153828,3-1-2,59.3
153828,4-1-2,160.9
153828,5-1-2,3134
153828,6-1-2,170
153828,1-2-4,12.3
153828,2-1-4,84.2
153828,3-1-4,22.5
153828,4-1-3,67.5
153828,5-1-3,3295
153828,6-1-3,124.9
153828,1-2-5,251.8
153828,2-1-5,755
153828,3-1-5,334
153828,4-1-5,522.7
153828,5-1-4,3896
153828,6-1-4,164.6
153828,1-2-6,22.2
153828,2-1-6,107.7
153828,3-1-6,35
153828,4-1-6,85.3
153828,5-1-6,3326
153828,6-1-5,1049
153828,1-3-2,9.2
153828,2-3-1,182.6
153828,3-2-1,188.1
153828,4-2-1,422.2
153828,5-2-1,4300
153828,6-2-1,347.7
153828,1-3-4,5.2
153828,2-3-4,231.9
153828,3-2-4,182.7
153828,4-2-3,436.1
153828,5-2-3,4007
153828,6-2-3,469.2
153828,1-3-5,169.4
153828,2-3-5,1663
153828,3-2-5,1330
153828,4-2-5,1953
153828,5-2-4,4380
153828,6-2-4,520
153828,1-3-6,10.6
153828,2-3-6,275.1
153828,3-2-6,225.6
153828,4-2-6,488.3
153828,5-2-6,5147
153828,6-2-5,2124
153828,1-4-2,19.5
153828,2-4-1,282.5
153828,3-4-1,42.1
153828,4-3-1,91.1
153828,5-3-1,4407
153828,6-3-1,222.3
153828,1-4-3,10.1
153828,2-4-3,347
153828,3-4-2,115.2
153828,4-3-2,264.7
153828,5-3-2,4966
153828,6-3-2,439.6
153828,1-4-5,215.2
153828,2-4-5,2038
153828,3-4-5,521.2
153828,4-3-5,856.9
153828,5-3-4,4897
153828,6-3-4,227.8
153828,1-4-6,16.5
153828,2-4-6,385.1
153828,3-4-6,54.3
153828,4-3-6,104.8
153828,5-3-6,5466
153828,6-3-5,1812
153828,1-5-2,763.2
153828,2-5-1,2820
153828,3-5-1,1602
153828,4-5-1,1226
153828,5-4-1,4670
153828,6-4-1,300.7
153828,1-5-3,730.8
153828,2-5-3,3579
153828,3-5-2,2176
153828,4-5-2,2390
153828,5-4-2,5073
153828,6-4-2,572.4
153828,1-5-4,719.6
153828,2-5-4,4353
153828,3-5-4,1911
153828,4-5-3,1679
153828,5-4-3,5073
153828,6-4-3,278.6
153828,1-5-6,550.1
153828,2-5-6,3406
153828,3-5-6,1758
153828,4-5-6,1286
153828,5-4-6,4491
153828,6-4-5,1827
153828,1-6-2,40.4
153828,2-6-1,315.1
153828,3-6-1,126.2
153828,4-6-1,164.7
153828,5-6-1,5641
153828,6-5-1,2722
153828,1-6-3,26.7
153828,2-6-3,499.1
153828,3-6-2,292.5
153828,4-6-2,402.3
153828,5-6-2,5509
153828,6-5-2,3508
153828,1-6-4,34
153828,2-6-4,572.8
153828,3-6-4,125.3
153828,4-6-3,164.7
153828,5-6-3,5976
153828,6-5-3,3616
153828,1-6-5,367.3
153828,2-6-5,2491
153828,3-6-5,1159
153828,4-6-5,900.6
153828,5-6-4,5037
153828,6-5-4,3423
153829,1-2-3,13.8
153829,2-1-3,142.9
153829,3-1-2,51.9
153829,4-1-2,66.1
153829,5-1-2,126.2
153829,6-1-2,881.5
153829,1-2-4,15.3
153829,2-1-4,141.4
153829,3-1-4,34.6
153829,4-1-3,48.7
153829,5-1-3,109.7
153829,6-1-3,1219
153829,1-2-5,32.7
153829,2-1-5,275.7
153829,3-1-5,40.2
153829,4-1-5,49.8
153829,5-1-4,212.6
153829,6-1-4,1420
153829,1-2-6,144.9
153829,2-1-6,511.7
153829,3-1-6,247.4
153829,4-1-6,194.7
153829,5-1-6,736.4
153829,6-1-5,2156
153829,1-3-2,10.6
153829,2-3-1,251.6
153829,3-2-1,207.8
153829,4-2-1,237.7
153829,5-2-1,388.3
153829,6-2-1,1509
153829,1-3-4,4.5
153829,2-3-4,384.6
153829,3-2-4,300.4
153829,4-2-3,462.7
153829,5-2-3,674.7
153829,6-2-3,2569
153829,1-3-5,11.4
153829,2-3-5,642.4
153829,3-2-5,425.2
153829,4-2-5,525.1
153829,5-2-4,594.9
153829,6-2-4,1610
153829,1-3-6,77.9
153829,2-3-6,1327
153829,3-2-6,816
153829,4-2-6,914.9
153829,5-2-6,1118
153829,6-2-5,2236
153829,1-4-2,15.7
153829,2-4-1,275.7
153829,3-4-1,89.3
153829,4-3-1,79.1
153829,5-3-1,269.5
153829,6-3-1,2118
153829,1-4-3,7.6
153829,2-4-3,561.7
153829,3-4-2,293.8
153829,4-3-2,351
153829,5-3-2,645.8
153829,6-3-2,2808
153829,1-4-5,13.4
153829,2-4-5,789.3
153829,3-4-5,172.5
153829,4-3-5,122.9
153829,5-3-4,445.6
153829,6-3-4,2047
153829,1-4-6,79.1
153829,2-4-6,881.5
153829,3-4-6,505.3
153829,4-3-6,603.8
153829,5-3-6,1979
153829,6-3-5,2683
153829,1-5-2,50.6
153829,2-5-1,642.4
153829,3-5-1,181.3
153829,4-5-1,76.2
153829,5-4-1,252.6
153829,6-4-1,1979
153829,1-5-3,29.6
153829,2-5-3,678.5
153829,3-5-2,389.5
153829,4-5-2,259.7
153829,5-4-2,575.1
153829,6-4-2,1548
153829,1-5-4,30.3
153829,2-5-4,908
153829,3-5-4,309.6
153829,4-5-3,125.1
153829,5-4-3,452.3
153829,6-4-3,1589
153829,1-5-6,203.3
153829,2-5-6,1568
153829,3-5-6,805.1
153829,4-5-6,394.6
153829,5-4-6,1032
153829,6-4-5,1725
153829,1-6-2,286.1
153829,2-6-1,1128
153829,3-6-1,567
153829,4-6-1,736.4
153829,5-6-1,1829
153829,6-5-1,2683
153829,1-6-3,257.5
153829,2-6-3,1219
153829,3-6-2,678.5
153829,4-6-2,1150
153829,5-6-2,2047
153829,6-5-2,2415
153829,1-6-4,354.1
153829,2-6-4,1327
153829,3-6-4,1195
153829,4-6-3,1128
153829,5-6-3,1947
153829,6-5-3,2516
153829,1-6-5,546.4
153829,2-6-5,2156
153829,3-6-5,1802
153829,4-6-5,1139
153829,5-6-4,1917
153829,6-5-4,2278
153830,1-2-3,20.9
153830,2-1-3,21.3
153830,3-1-2,45.3
153830,4-1-2,310.5
153830,5-1-2,33.6
153830,6-1-2,1271
153830,1-2-4,47.9
153830,2-1-4,49.9
153830,3-1-4,126.4
153830,4-1-3,736.7
153830,5-1-3,58.3
153830,6-1-3,2402
153830,1-2-5,13.4
153830,2-1-5,11.1
153830,3-1-5,43.6
153830,4-1-5,291.4
153830,5-1-4,145.4
153830,6-1-4,2650
153830,1-2-6,125.1
153830,2-1-6,103.7
153830,3-1-6,248.6
153830,4-1-6,646.8
153830,5-1-6,102.7
153830,6-1-5,1439
153830,1-3-2,33.3
153830,2-3-1,43.9
153830,3-2-1,54
153830,4-2-1,358.4
153830,5-2-1,27.5
153830,6-2-1,1543
153830,1-3-4,113.9
153830,2-3-4,90.1
153830,3-2-4,109.3
153830,4-2-3,561.9
153830,5-2-3,26.6
153830,6-2-3,1678
153830,1-3-5,39.6
153830,2-3-5,17.8
153830,3-2-5,36.1
153830,4-2-5,190.9
153830,5-2-4,69.5
153830,6-2-4,1999
153830,1-3-6,297
153830,2-3-6,145.7
153830,3-2-6,232.4
153830,4-2-6,630.9
153830,5-2-6,50.5
153830,6-2-5,559.7
153830,1-4-2,135
153830,2-4-1,140
153830,3-4-1,295.3
153830,4-3-1,1201
153830,5-3-1,80.8
153830,6-3-1,2947
153830,1-4-3,257.4
153830,2-4-3,191.4
153830,3-4-2,278.2
153830,4-3-2,859.3
153830,5-3-2,45.9
153830,6-3-2,2057
153830,1-4-5,149.8
153830,2-4-5,65
153830,3-4-5,192.8
153830,4-3-5,716.2
153830,5-3-4,223.7
153830,6-3-4,3306
153830,1-4-6,434.7
153830,2-4-6,273.3
153830,3-4-6,690.5
153830,4-3-6,1727
153830,5-3-6,142.6
153830,6-3-5,1792
153830,1-5-2,22.8
153830,2-5-1,14.7
153830,3-5-1,58.2
153830,4-5-1,247.1
153830,5-4-1,226.6
153830,6-4-1,3285
153830,1-5-3,41.7
153830,2-5-3,14.2
153830,3-5-2,41
153830,4-5-2,156
153830,5-4-2,125
153830,6-4-2,2616
153830,1-5-4,106.3
153830,2-5-4,38.5
153830,3-5-4,106.2
153830,4-5-3,436.5
153830,5-4-3,335.2
153830,6-4-3,3809
153830,1-5-6,128.1
153830,2-5-6,39.4
153830,3-5-6,135
153830,4-5-6,309.8
153830,5-4-6,241.5
153830,6-4-5,2251
153830,1-6-2,502.7
153830,2-6-1,379.3
153830,3-6-1,631.3
153830,4-6-1,1825
153830,5-6-1,204.4
153830,6-5-1,1304
153830,1-6-3,713.6
153830,2-6-3,407.4
153830,3-6-2,753.9
153830,4-6-2,1287
153830,5-6-2,118.3
153830,6-5-2,532.9
153830,1-6-4,861.5
153830,2-6-4,531.2
153830,3-6-4,1294
153830,4-6-3,2330
153830,5-6-3,254.1
153830,6-5-3,1374
153830,1-6-5,494.3
153830,2-6-5,175.1
153830,3-6-5,503.2
153830,4-6-5,1011
153830,5-6-4,359.3
153830,6-5-4,1650
153831,1-2-3,27.6
153831,2-1-3,134.1
153831,3-1-2,126.8
153831,4-1-2,65.3
153831,5-1-2,70.7
153831,6-1-2,1256
153831,1-2-4,23.1
153831,2-1-4,115.2
153831,3-1-4,67.6
153831,4-1-3,66.6
153831,5-1-3,48.2
153831,6-1-3,1783
153831,1-2-5,22.2
153831,2-1-5,108.9
153831,3-1-5,50.6
153831,4-1-5,23
153831,5-1-4,33.9
153831,6-1-4,1140
153831,1-2-6,147.9
153831,2-1-6,368.1
153831,3-1-6,277.3
153831,4-1-6,110.7
153831,5-1-6,93.6
153831,6-1-5,1280
153831,1-3-2,30.4
153831,2-3-1,286.8
153831,3-2-1,276.7
153831,4-2-1,168.9
153831,5-2-1,182.8
153831,6-2-1,1927
153831,1-3-4,15.9
153831,2-3-4,445.9
153831,3-2-4,383.2
153831,4-2-3,308.8
153831,5-2-3,279.2
153831,6-2-3,2704
153831,1-3-5,12.5
153831,2-3-5,351.1
153831,3-2-5,348.6
153831,4-2-5,163
153831,5-2-4,221.9
153831,6-2-4,1628
153831,1-3-6,110.6
153831,2-3-6,1148
153831,3-2-6,992.2
153831,4-2-6,416.6
153831,5-2-6,412
153831,6-2-5,2057
153831,1-4-2,23.2
153831,2-4-1,234.1
153831,3-4-1,118.1
153831,4-3-1,146.5
153831,5-3-1,104.4
153831,6-3-1,2221
153831,1-4-3,19
153831,2-4-3,449.5
153831,3-4-2,314
153831,4-3-2,372.2
153831,5-3-2,269.1
153831,6-3-2,2395
153831,1-4-5,9.4
153831,2-4-5,251.4
153831,3-4-5,94.3
153831,4-3-5,114.5
153831,5-3-4,128.5
153831,6-3-4,1949
153831,1-4-6,81.3
153831,2-4-6,637.5
153831,3-4-6,456.9
153831,4-3-6,457.5
153831,5-3-6,386.3
153831,6-3-5,1905
153831,1-5-2,22.3
153831,2-5-1,208.5
153831,3-5-1,88.8
153831,4-5-1,26.3
153831,5-4-1,41.6
153831,6-4-1,1352
153831,1-5-3,15.1
153831,2-5-3,363.3
153831,3-5-2,244.2
153831,4-5-2,71.6
153831,5-4-2,122.3
153831,6-4-2,2122
153831,1-5-4,13.6
153831,2-5-4,313.1
153831,3-5-4,107.6
153831,4-5-3,63.3
153831,5-4-3,96
153831,6-4-3,1822
153831,1-5-6,48.5
153831,2-5-6,706
153831,3-5-6,420.2
153831,4-5-6,55.3
153831,5-4-6,92
153831,6-4-5,757
153831,1-6-2,360.2
153831,2-6-1,1368
153831,3-6-1,1035
153831,4-6-1,295.7
153831,5-6-1,287.3
153831,6-5-1,1304
153831,1-6-3,361.7
153831,2-6-3,2540
153831,3-6-2,1822
153831,4-6-2,496.1
153831,5-6-2,528.1
153831,6-5-2,1884
153831,1-6-4,288.6
153831,2-6-4,1336
153831,3-6-4,1016
153831,4-6-3,608.6
153831,5-6-3,528.9
153831,6-5-3,1755
153831,1-6-5,183.4
153831,2-6-5,1746
153831,3-6-5,1095
153831,4-6-5,211.7
153831,5-6-4,250.8
153831,6-5-4,722.7
153832,1-2-3,7.8
153832,2-1-3,75.7
153832,3-1-2,144.3
153832,4-1-2,159.2
153832,5-1-2,172.3
153832,6-1-2,184.1
153832,1-2-4,6.6
153832,2-1-4,64.2
153832,3-1-4,177.1
153832,4-1-3,366.3
153832,5-1-3,292.5
153832,6-1-3,430.4
153832,1-2-5,8.7
153832,2-1-5,66.9
153832,3-1-5,139.2
153832,4-1-5,193.1
153832,5-1-4,339.1
153832,6-1-4,457.3
153832,1-2-6,11.4
153832,2-1-6,73.7
153832,3-1-6,185.7
153832,4-1-6,228.4
153832,5-1-6,202.2
153832,6-1-5,315.8
153832,1-3-2,14.8
153832,2-3-1,259.2
153832,3-2-1,345.2
153832,4-2-1,298.5
153832,5-2-1,338.8
153832,6-2-1,282.9
153832,1-3-4,21
153832,2-3-4,553.9
153832,3-2-4,612.5
153832,4-2-3,892.4
153832,5-2-3,840.2
153832,6-2-3,866.3
153832,1-3-5,21.3
153832,2-3-5,534.6
153832,3-2-5,600.2
153832,4-2-5,601.7
153832,5-2-4,841.7
153832,6-2-4,849.3
153832,1-3-6,27.8
153832,2-3-6,638.9
153832,3-2-6,675.3
153832,4-2-6,576.1
153832,5-2-6,611.8
153832,6-2-5,684
153832,1-4-2,14.5
153832,2-4-1,252.1
153832,3-4-1,449.1
153832,4-3-1,682.1
153832,5-3-1,548.2
153832,6-3-1,827.1
153832,1-4-3,28.5
153832,2-4-3,710.7
153832,3-4-2,671.5
153832,4-3-2,1146
153832,5-3-2,1048
153832,6-3-2,1297
153832,1-4-5,26.7
153832,2-4-5,574.7
153832,3-4-5,512.1
153832,4-3-5,887.4
153832,5-3-4,1183
153832,6-3-4,1138
153832,1-4-6,24.8
153832,2-4-6,442
153832,3-4-6,531
153832,4-3-6,887.4
153832,5-3-6,1408
153832,6-3-5,1269
153832,1-5-2,20.8
153832,2-5-1,256.6
153832,3-5-1,381.6
153832,4-5-1,287.7
153832,5-4-1,514.3
153832,6-4-1,877.5
153832,1-5-3,37.5
153832,2-5-3,618.1
153832,3-5-2,799.2
153832,4-5-2,452.1
153832,5-4-2,744.1
153832,6-4-2,1023
153832,1-5-4,45.5
153832,2-5-4,716
153832,3-5-4,742.9
153832,4-5-3,700.2
153832,5-4-3,980.9
153832,6-4-3,1300
153832,1-5-6,31.3
153832,2-5-6,467.2
153832,3-5-6,745.3
153832,4-5-6,345.5
153832,5-4-6,691
153832,6-4-5,1214
153832,1-6-2,33.2
153832,2-6-1,254.9
153832,3-6-1,581.8
153832,4-6-1,426.1
153832,5-6-1,341.7
153832,6-5-1,431.9
153832,1-6-3,64.3
153832,2-6-3,877.5
153832,3-6-2,1045
153832,4-6-2,603.2
153832,5-6-2,620.6
153832,6-5-2,778.2
153832,1-6-4,59.3
153832,2-6-4,684
153832,3-6-4,864.7
153832,4-6-3,989
153832,5-6-3,1066
153832,6-5-3,1279
153832,1-6-5,55.5
153832,2-6-5,689
153832,3-6-5,947.6
153832,4-6-5,526.9
153832,5-6-4,899.1
153832,6-5-4,1078
153833,1-2-3,6.4
153833,2-1-3,16.3
153833,3-1-2,89.1
153833,4-1-2,162.8
153833,5-1-2,77.9
153833,6-1-2,502
153833,1-2-4,11.1
153833,2-1-4,22.4
153833,3-1-4,236.3
153833,4-1-3,523.3
153833,5-1-3,164
153833,6-1-3,1374
153833,1-2-5,5.5
153833,2-1-5,12.5
153833,3-1-5,123.4
153833,4-1-5,163.1
153833,5-1-4,203
153833,6-1-4,1156
153833,1-2-6,19.3
153833,2-1-6,30
153833,3-1-6,315.8
153833,4-1-6,310.4
153833,5-1-6,186.9
153833,6-1-5,901.8
153833,1-3-2,18.6
153833,2-3-1,86.2
153833,3-2-1,148.8
153833,4-2-1,225.5
153833,5-2-1,121.1
153833,6-2-1,607.2
153833,1-3-4,53.4
153833,2-3-4,298
153833,3-2-4,498.9
153833,4-2-3,753.3
153833,5-2-3,359.9
153833,6-2-3,1653
153833,1-3-5,25.7
153833,2-3-5,156.7
153833,3-2-5,256
153833,4-2-5,312.3
153833,5-2-4,404.9
153833,6-2-4,1304
153833,1-3-6,78.8
153833,2-3-6,257.1
153833,3-2-6,500.2
153833,4-2-6,467
153833,5-2-6,334.8
153833,6-2-5,1185
153833,1-4-2,28.2
153833,2-4-1,124.9
153833,3-4-1,754.7
153833,4-3-1,1345
153833,5-3-1,392.7
153833,6-3-1,2892
153833,1-4-3,74.5
153833,2-4-3,394.4
153833,3-4-2,1148
153833,4-3-2,1761
153833,5-3-2,672.2
153833,6-3-2,2978
153833,1-4-5,42.5
153833,2-4-5,199.4
153833,3-4-5,1015
153833,4-3-5,1561
153833,5-3-4,1644
153833,6-3-4,3463
153833,1-4-6,74.2
153833,2-4-6,254.5
153833,3-4-6,1465
153833,4-3-6,2191
153833,5-3-6,1551
153833,6-3-5,3661
153833,1-5-2,14.8
153833,2-5-1,60.6
153833,3-5-1,293.5
153833,4-5-1,212.4
153833,5-4-1,353.7
153833,6-4-1,1861
153833,1-5-3,34.9
153833,2-5-3,185.3
153833,3-5-2,460.3
153833,4-5-2,280.5
153833,5-4-2,431.4
153833,6-4-2,1839
153833,1-5-4,53.4
153833,2-5-4,224.6
153833,3-5-4,1046
153833,4-5-3,834.7
153833,5-4-3,1209
153833,6-4-3,3585
153833,1-5-6,51.9
153833,2-5-6,164.8
153833,3-5-6,952.8
153833,4-5-6,331.8
153833,5-4-6,574.1
153833,6-4-5,2551
153833,1-6-2,91.6
153833,2-6-1,237.4
153833,3-6-1,1511
153833,4-6-1,744.9
153833,5-6-1,486.7
153833,6-5-1,1246
153833,1-6-3,221.3
153833,2-6-3,642.6
153833,3-6-2,1923
153833,4-6-2,843.4
153833,5-6-2,598.5
153833,6-5-2,1500
153833,1-6-4,171.8
153833,2-6-4,524.4
153833,3-6-4,3030
153833,4-6-3,2179
153833,5-6-3,1470
153833,6-5-3,3302
153833,1-6-5,160.6
153833,2-6-5,392.7
153833,3-6-5,2546
153833,4-6-5,793.2
153833,5-6-4,1008
153833,6-5-4,2754
153834,1-2-3,33.9
153834,2-1-3,76.4
153834,3-1-2,179.8
153834,4-1-2,88.8
153834,5-1-2,35.4
153834,6-1-2,1889
153834,1-2-4,12.3
153834,2-1-4,22.4
153834,3-1-4,122.2
153834,4-1-3,190.6
153834,5-1-3,62.4
153834,6-1-3,2561
153834,1-2-5,12.4
153834,2-1-5,21.1
153834,3-1-5,91.5
153834,4-1-5,40.9
153834,5-1-4,28.3
153834,6-1-4,2083
153834,1-2-6,75.4
153834,2-1-6,123.8
153834,3-1-6,577.2
153834,4-1-6,233.8
153834,5-1-6,89.7
153834,6-1-5,1379
153834,1-3-2,50.8
153834,2-3-1,158.8
153834,3-2-1,286.1
153834,4-2-1,126.1
153834,5-2-1,64.3
153834,6-2-1,2836
153834,1-3-4,39.9
153834,2-3-4,143.9
153834,3-2-4,236.6
153834,4-2-3,336.6
153834,5-2-3,133.5
153834,6-2-3,3370
153834,1-3-5,27.8
153834,2-3-5,93.6
153834,3-2-5,154.8
153834,4-2-5,80.3
153834,5-2-4,72.4
153834,6-2-4,2826
153834,1-3-6,276.3
153834,2-3-6,537
153834,3-2-6,887.9
153834,4-2-6,355.5
153834,5-2-6,172.2
153834,6-2-5,2299
153834,1-4-2,22.6
153834,2-4-1,54.7
153834,3-4-1,244.1
153834,4-3-1,381.7
153834,5-3-1,140.1
153834,6-3-1,3490
153834,1-4-3,48.9
153834,2-4-3,144.6
153834,3-4-2,361.5
153834,4-3-2,577.4
153834,5-3-2,203.5
153834,6-3-2,3635
153834,1-4-5,15.6
153834,2-4-5,39.4
153834,3-4-5,173.2
153834,4-3-5,287.6
153834,5-3-4,199
153834,6-3-4,3383
153834,1-4-6,113.4
153834,2-4-6,196.3
153834,3-4-6,791.6
153834,4-3-6,1048
153834,5-3-6,461.4
153834,6-3-5,3010
153834,1-5-2,16.9
153834,2-5-1,43.7
153834,3-5-1,145.7
153834,4-5-1,34.5
153834,5-4-1,38.1
153834,6-4-1,2423
153834,1-5-3,31.6
153834,2-5-3,91.8
153834,3-5-2,197.5
153834,4-5-2,53.4
153834,5-4-2,60.3
153834,6-4-2,2855
153834,1-5-4,15.7
153834,2-5-4,43.2
153834,3-5-4,171.9
153834,4-5-3,136.1
153834,5-4-3,127.1
153834,6-4-3,3461
153834,1-5-6,89.6
153834,2-5-6,155.1
153834,3-5-6,553.6
153834,4-5-6,78.8
153834,5-4-6,88
153834,6-4-5,914.2
153834,1-6-2,455.2
153834,2-6-1,733
153834,3-6-1,1870
153834,4-6-1,538.7
153834,5-6-1,204.9
153834,6-5-1,1330
153834,1-6-3,765.4
153834,2-6-3,1299
153834,3-6-2,2065
153834,4-6-2,706.3
153834,5-6-2,289.8
153834,6-5-2,1829
153834,1-6-4,505.8
153834,2-6-4,891.2
153834,3-6-4,1956
153834,4-6-3,1128
153834,5-6-3,466.8
153834,6-5-3,2477
153834,1-6-5,386.1
153834,2-6-5,586.8
153834,3-6-5,1517
153834,4-6-5,299.7
153834,5-6-4,219.1
153834,6-5-4,829.1
