race_id,combo,odds
144281,1-2-3,12.7
144281,2-1-3,97.2
144281,3-1-2,75.1
144281,4-1-2,180.9
144281,5-1-2,145.6
144281,6-1-2,342.7
144281,1-2-4,17.4
144281,2-1-4,150.5
144281,3-1-4,51.4
144281,4-1-3,155
144281,5-1-3,118.6
144281,6-1-3,370.5
144281,1-2-5,13.3
144281,2-1-5,118.3
144281,3-1-5,52.9
144281,4-1-5,145.1
144281,5-1-4,142.6
144281,6-1-4,422.5
144281,1-2-6,25.8
144281,2-1-6,156.9
144281,3-1-6,75.8
144281,4-1-6,186.4
144281,5-1-6,92.2
144281,6-1-5,252.7
144281,1-3-2,11
144281,2-3-1,226.3
144281,3-2-1,185.6
144281,4-2-1,461.9
144281,5-2-1,344.8
144281,6-2-1,738.3
144281,1-3-4,11.4
144281,2-3-4,548.5
144281,3-2-4,389.8
144281,4-2-3,1228
144281,5-2-3,850
144281,6-2-3,1522
144281,1-3-5,9.8
144281,2-3-5,565.5
144281,3-2-5,430.6
144281,4-2-5,833
144281,5-2-4,958.6
144281,6-2-4,1923
144281,1-3-6,16.4
144281,2-3-6,688
144281,3-2-6,488.9
144281,4-2-6,1075
144281,5-2-6,660
144281,6-2-5,1651
144281,1-4-2,27.2
144281,2-4-1,445.7
144281,3-4-1,147.2
144281,4-3-1,264.3
144281,5-3-1,232.4
144281,6-3-1,749.7
144281,1-4-3,22.4
144281,2-4-3,609.1
144281,3-4-2,464.1
144281,4-3-2,875.4
144281,5-3-2,878
144281,6-3-2,1862
144281,1-4-5,22.8
144281,2-4-5,709.7
144281,3-4-5,341.1
144281,4-3-5,589.5
144281,5-3-4,968.2
144281,6-3-4,1761
144281,1-4-6,32.2
144281,2-4-6,854.9
144281,3-4-6,388.8
144281,4-3-6,618.1
144281,5-3-6,517.5
144281,6-3-5,1299
144281,1-5-2,22.1
144281,2-5-1,395.1
144281,3-5-1,154.4
144281,4-5-1,194.6
144281,5-4-1,272.5
144281,6-4-1,732.8
144281,1-5-3,19.9
144281,2-5-3,862.5
144281,3-5-2,510.2
144281,4-5-2,615.5
144281,5-4-2,891.4
144281,6-4-2,1507
144281,1-5-4,27.5
144281,2-5-4,865
144281,3-5-4,450.5
144281,4-5-3,798.9
144281,5-4-3,974.6
144281,6-4-3,2284
144281,1-5-6,19.1
144281,2-5-6,769.4
144281,3-5-6,282.7
144281,4-5-6,278.7
144281,5-4-6,363.6
144281,6-4-5,1099
144281,1-6-2,55
144281,2-6-1,558
144281,3-6-1,293.5
144281,4-6-1,373.4
144281,5-6-1,155.6
144281,6-5-1,347.6
144281,1-6-3,52.8
144281,2-6-3,1366
144281,3-6-2,961.8
144281,4-6-2,1095
144281,5-6-2,520.2
144281,6-5-2,1111
144281,1-6-4,61.2
144281,2-6-4,1597
144281,3-6-4,781.8
144281,4-6-3,1048
144281,5-6-3,452.6
144281,6-5-3,1048
144281,1-6-5,38.8
144281,2-6-5,1260
144281,3-6-5,479.3
144281,4-6-5,528.7
144281,5-6-4,388.8
144281,6-5-4,794.5
144282,1-2-3,4.9
144282,2-1-3,12.6
144282,3-1-2,121.3
144282,4-1-2,174.1
144282,5-1-2,125.4
144282,6-1-2,325.1
144282,1-2-4,13.3
144282,2-1-4,20.3
144282,3-1-4,488.5
144282,4-1-3,668
144282,5-1-3,307
144282,6-1-3,1005
144282,1-2-5,7.9
144282,2-1-5,16.6
144282,3-1-5,289.4
144282,4-1-5,258.9
144282,5-1-4,512.4
144282,6-1-4,1354
144282,1-2-6,9.6
144282,2-1-6,16.1
144282,3-1-6,320.5
144282,4-1-6,226.1
144282,5-1-6,194.4
144282,6-1-5,616
144282,1-3-2,18
144282,2-3-1,47.7
144282,3-2-1,142.1
144282,4-2-1,201.1
144282,5-2-1,165.3
144282,6-2-1,379
144282,1-3-4,72.6
144282,2-3-4,170.7
144282,3-2-4,533
144282,4-2-3,740.8
144282,5-2-3,365.3
144282,6-2-3,744.5
144282,1-3-5,45.8
144282,2-3-5,101.1
144282,3-2-5,331
144282,4-2-5,309.9
144282,5-2-4,588.7
144282,6-2-4,1277
144282,1-3-6,51.6
144282,2-3-6,93.4
144282,3-2-6,314.6
144282,4-2-6,271.4
144282,5-2-6,258.2
144282,6-2-5,752.2
144282,1-4-2,37.4
144282,2-4-1,87.6
144282,3-4-1,1048
144282,4-3-1,1455
144282,5-3-1,790.8
144282,6-3-1,1662
144282,1-4-3,117.8
144282,2-4-3,281.3
144282,3-4-2,931.9
144282,4-3-2,1318
144282,5-3-2,647.3
144282,6-3-2,1048
144282,1-4-5,91.3
144282,2-4-5,182.4
144282,3-4-5,1380
144282,4-3-5,1773
144282,5-3-4,2167
144282,6-3-4,2544
144282,1-4-6,68.1
144282,2-4-6,146.6
144282,3-4-6,1306
144282,4-3-6,1312
144282,5-3-6,943.9
144282,6-3-5,2167
144282,1-5-2,30.2
144282,2-5-1,65.9
144282,3-5-1,657.5
144282,4-5-1,356.8
144282,5-4-1,762
144282,6-4-1,2046
144282,1-5-3,70.9
144282,2-5-3,146.7
144282,3-5-2,572.6
144282,4-5-2,410.4
144282,5-4-2,793
144282,6-4-2,1741
144282,1-5-4,128.9
144282,2-5-4,210.5
144282,3-5-4,1599
144282,4-5-3,1272
144282,5-4-3,1912
144282,6-4-3,3146
144282,1-5-6,63.5
144282,2-5-6,105.6
144282,3-5-6,934.9
144282,4-5-6,372.2
144282,5-4-6,618.6
144282,6-4-5,2398
144282,1-6-2,54.2
144282,2-6-1,91.1
144282,3-6-1,937.8
144282,4-6-1,536.9
144282,5-6-1,324.4
144282,6-5-1,718.9
144282,1-6-3,141
144282,2-6-3,196.3
144282,3-6-2,682.1
144282,4-6-2,608.3
144282,5-6-2,318
144282,6-5-2,722.5
144282,1-6-4,197.9
144282,2-6-4,305.7
144282,3-6-4,2046
144282,4-6-3,1524
144282,5-6-3,764
144282,6-5-3,1828
144282,1-6-5,124.5
144282,2-6-5,194.9
144282,3-6-5,1234
144282,4-6-5,680.5
144282,5-6-4,972.1
144282,6-5-4,1937
144283,1-2-3,10.8
144283,2-1-3,198.4
144283,3-1-2,21.3
144283,4-1-2,691.1
144283,5-1-2,205.8
144283,6-1-2,2750
144283,1-2-4,62.3
144283,2-1-4,583.3
144283,3-1-4,25.6
144283,4-1-3,330.8
144283,5-1-3,73.5
144283,6-1-3,1178
144283,1-2-5,38.6
144283,2-1-5,415.6
144283,3-1-5,15.7
144283,4-1-5,472.3
144283,5-1-4,261.9
144283,6-1-4,3152
144283,1-2-6,142.7
144283,2-1-6,984.5
144283,3-1-6,46.6
144283,4-1-6,1178
144283,5-1-6,258.1
144283,6-1-5,2377
144283,1-3-2,3.8
144283,2-3-1,325.1
144283,3-2-1,129.3
144283,4-2-1,1424
144283,5-2-1,528.4
144283,6-2-1,4755
144283,1-3-4,7.9
144283,2-3-4,1164
144283,3-2-4,382.2
144283,4-2-3,1516
144283,5-2-3,561.1
144283,6-2-3,4599
144283,1-3-5,4
144283,2-3-5,893.6
144283,3-2-5,239.6
144283,4-2-5,1492
144283,5-2-4,893.6
144283,6-2-4,6843
144283,1-3-6,18.9
144283,2-3-6,2527
144283,3-2-6,669.6
144283,4-2-6,3340
144283,5-2-6,1188
144283,6-2-5,6843
144283,1-4-2,107.3
144283,2-4-1,1336
144283,3-4-1,135.2
144283,4-3-1,417.5
144283,5-3-1,98.8
144283,6-3-1,1550
144283,1-4-3,40.2
144283,2-4-3,1883
144283,3-4-2,376.6
144283,4-3-2,1043
144283,5-3-2,315.9
144283,6-3-2,4453
144283,1-4-5,94.9
144283,2-4-5,1895
144283,3-4-5,215
144283,4-3-5,717.6
144283,5-3-4,381.2
144283,6-3-4,4251
144283,1-4-6,211.7
144283,2-4-6,3692
144283,3-4-6,448.2
144283,4-3-6,1417
144283,5-3-6,375.6
144283,6-3-5,2724
144283,1-5-2,48.1
144283,2-5-1,905.1
144283,3-5-1,52.5
144283,4-5-1,723.1
144283,5-4-1,746.2
144283,6-4-1,4316
144283,1-5-3,18.1
144283,2-5-3,1236
144283,3-5-2,160.8
144283,4-5-2,1368
144283,5-4-2,1431
144283,6-4-2,6843
144283,1-5-4,87
144283,2-5-4,1948
144283,3-5-4,186.8
144283,4-5-3,911
144283,5-4-3,1002
144283,6-4-3,5845
144283,1-5-6,103.7
144283,2-5-6,2922
144283,3-5-6,226.1
144283,4-5-6,1541
144283,5-4-6,1500
144283,6-4-5,5196
144283,1-6-2,391.8
144283,2-6-1,3597
144283,3-6-1,412.6
144283,4-6-1,2953
144283,5-6-1,687.7
144283,6-5-1,3188
144283,1-6-3,171
144283,2-6-3,5611
144283,3-6-2,1131
144283,4-6-2,4453
144283,5-6-2,1431
144283,6-5-2,5726
144283,1-6-4,471.5
144283,2-6-4,6099
144283,3-6-4,991.5
144283,4-6-3,3262
144283,5-6-3,815.6
144283,6-5-3,2892
144283,1-6-5,334.8
144283,2-6-5,4599
144283,3-6-5,622.1
144283,4-6-5,3507
144283,5-6-4,1660
144283,6-5-4,5101
144284,1-2-3,9.7
144284,2-1-3,106.3
144284,3-1-2,60.9
144284,4-1-2,259.3
144284,5-1-2,194.2
144284,6-1-2,3455
144284,1-2-4,20.7
144284,2-1-4,153.2
144284,3-1-4,37
144284,4-1-3,154.7
144284,5-1-3,86.7
144284,6-1-3,2077
144284,1-2-5,17.1
144284,2-1-5,137
144284,3-1-5,23.4
144284,4-1-5,112.6
144284,5-1-4,137
144284,6-1-4,3532
144284,1-2-6,100
144284,2-1-6,425.5
144284,3-1-6,133.4
144284,4-1-6,389.5
144284,5-1-6,290.5
144284,6-1-5,2445
144284,1-3-2,9
144284,2-3-1,234.7
144284,3-2-1,187.5
144284,4-2-1,533.4
144284,5-2-1,464.7
144284,6-2-1,4415
144284,1-3-4,7.2
144284,2-3-4,425.5
144284,3-2-4,263.8
144284,4-2-3,648.7
144284,5-2-3,676.4
144284,6-2-3,6623
144284,1-3-5,5.2
144284,2-3-5,360.4
144284,3-2-5,242.4
144284,4-2-5,491.3
144284,5-2-4,692.6
144284,6-2-4,3243
144284,1-3-6,55.9
144284,2-3-6,1281
144284,3-2-6,861.5
144284,4-2-6,1241
144284,5-2-6,1261
144284,6-2-5,6358
144284,1-4-2,28.6
144284,2-4-1,403.9
144284,3-4-1,103.5
144284,4-3-1,243.6
144284,5-3-1,134.7
144284,6-3-1,3418
144284,1-4-3,20.5
144284,2-4-3,647.4
144284,3-4-2,302.7
144284,4-3-2,588.7
144284,5-3-2,448.3
144284,6-3-2,5887
144284,1-4-5,21.8
144284,2-4-5,488.3
144284,3-4-5,102.2
144284,4-3-5,253.5
144284,5-3-4,267.1
144284,6-3-4,3784
144284,1-4-6,95.2
144284,2-4-6,1074
144284,3-4-6,343.6
144284,4-3-6,784.9
144284,5-3-6,594.2
144284,6-3-5,4075
144284,1-5-2,27.9
144284,2-5-1,381.6
144284,3-5-1,58.8
144284,4-5-1,150
144284,5-4-1,222.7
144284,6-4-1,4675
144284,1-5-3,14.9
144284,2-5-3,596.4
144284,3-5-2,179.6
144284,4-5-2,358
144284,5-4-2,570.7
144284,6-4-2,4607
144284,1-5-4,26.2
144284,2-5-4,622.1
144284,3-5-4,97.5
144284,4-5-3,228.5
144284,5-4-3,341.8
144284,6-4-3,4415
144284,1-5-6,75.6
144284,2-5-6,1341
144284,3-5-6,225.1
144284,4-5-6,358.8
144284,5-4-6,518.6
144284,6-4-5,1341
144284,1-6-2,384.4
144284,2-6-1,2238
144284,3-6-1,890.5
144284,4-6-1,1335
144284,5-6-1,878.2
144284,6-5-1,2943
144284,1-6-3,310.7
144284,2-6-3,3740
144284,3-6-2,2091
144284,4-6-2,1999
144284,5-6-2,1999
144284,6-5-2,4967
144284,1-6-4,364.1
144284,2-6-4,2916
144284,3-6-4,1218
144284,4-6-3,1589
144284,5-6-3,1251
144284,6-5-3,4354
144284,1-6-5,266.9
144284,2-6-5,3612
144284,3-6-5,885.5
144284,4-6-5,1052
144284,5-6-4,1139
144284,6-5-4,1550
144285,1-2-3,18.3
144285,2-1-3,81.3
144285,3-1-2,59.5
144285,4-1-2,371.8
144285,5-1-2,470.3
144285,6-1-2,74.3
144285,1-2-4,42.9
144285,2-1-4,186.2
144285,3-1-4,30.4
144285,4-1-3,176
144285,5-1-3,289
144285,6-1-3,30.3
144285,1-2-5,49.4
144285,2-1-5,221.5
144285,3-1-5,25.3
144285,4-1-5,252
144285,5-1-4,422.1
144285,6-1-4,76
144285,1-2-6,34.8
144285,2-1-6,141.4
144285,3-1-6,15
144285,4-1-6,199.1
144285,5-1-6,309.8
144285,6-1-5,90.9
144285,1-3-2,21.1
144285,2-3-1,158.2
144285,3-2-1,127.8
144285,4-2-1,563.7
144285,5-2-1,873.2
144285,6-2-1,145.5
144285,1-3-4,14.1
144285,2-3-4,342.5
144285,3-2-4,221.5
144285,4-2-3,626.3
144285,5-2-3,1151
144285,6-2-3,150.9
144285,1-3-5,13.2
144285,2-3-5,390.7
144285,3-2-5,237
144285,4-2-5,819.1
144285,5-2-4,1533
144285,6-2-4,272
144285,1-3-6,8.8
144285,2-3-6,271.1
144285,3-2-6,171
144285,4-2-6,655.2
144285,5-2-6,985.4
144285,6-2-5,311.4
144285,1-4-2,69.2
144285,2-4-1,432.1
144285,3-4-1,76.8
144285,4-3-1,211.7
144285,5-3-1,393.9
144285,6-3-1,35
144285,1-4-3,36.1
144285,2-4-3,579.9
144285,3-4-2,232
144285,4-3-2,511.1
144285,5-3-2,972.9
144285,6-3-2,95.5
144285,1-4-5,76.6
144285,2-4-5,836.9
144285,3-4-5,115.1
144285,4-3-5,250.2
144285,5-3-4,487
144285,6-3-4,69.8
144285,1-4-6,53.9
144285,2-4-6,647.5
144285,3-4-6,65.8
144285,4-3-6,195.3
144285,5-3-6,383.3
144285,6-3-5,80.2
144285,1-5-2,104.5
144285,2-5-1,572.1
144285,3-5-1,90.2
144285,4-5-1,367.5
144285,5-4-1,585.2
144285,6-4-1,193.1
144285,1-5-3,53.3
144285,2-5-3,793.6
144285,3-5-2,324
144285,4-5-2,887.3
144285,5-4-2,1331
144285,6-4-2,354.6
144285,1-5-4,105.4
144285,2-5-4,1209
144285,3-5-4,162.8
144285,4-5-3,424.9
144285,5-4-3,642.1
144285,6-4-3,161.4
144285,1-5-6,80.4
144285,2-5-6,813.8
144285,3-5-6,81.9
144285,4-5-6,324
144285,5-4-6,499.7
144285,6-4-5,275.1
144285,1-6-2,57.4
144285,2-6-1,352.3
144285,3-6-1,27.6
144285,4-6-1,284.3
144285,5-6-1,452.5
144285,6-5-1,207.8
144285,1-6-3,23.1
144285,2-6-3,432.6
144285,3-6-2,101.6
144285,4-6-2,597.1
144285,5-6-2,941.8
144285,6-5-2,402.6
144285,1-6-4,60.5
144285,2-6-4,751.6
144285,3-6-4,55.2
144285,4-6-3,269.9
144285,5-6-3,417.5
144285,6-5-3,174.4
144285,1-6-5,70.7
144285,2-6-5,768.2
144285,3-6-5,58.1
144285,4-6-5,308.8
144285,5-6-4,587.9
144285,6-5-4,307.1
144286,1-2-3,18.5
144286,2-1-3,79.3
144286,3-1-2,82.7
144286,4-1-2,604
144286,5-1-2,164.5
144286,6-1-2,79.1
144286,1-2-4,47.6
144286,2-1-4,169.2
144286,3-1-4,92.3
144286,4-1-3,498.4
144286,5-1-3,129.8
144286,6-1-3,52.5
144286,1-2-5,27.4
144286,2-1-5,94.2
144286,3-1-5,48.9
144286,4-1-5,472.7
144286,5-1-4,211.6
144286,6-1-4,162.1
144286,1-2-6,20.4
144286,2-1-6,74.1
144286,3-1-6,35.4
144286,4-1-6,372.4
144286,5-1-6,84.6
144286,6-1-5,71.8
144286,1-3-2,23.6
144286,2-3-1,139
144286,3-2-1,144
144286,4-2-1,740.2
144286,5-2-1,258.4
144286,6-2-1,125.1
144286,1-3-4,29.7
144286,2-3-4,215.8
144286,3-2-4,218.2
144286,4-2-3,861.1
144286,5-2-3,268
144286,6-2-3,115.5
144286,1-3-5,15.9
144286,2-3-5,136.3
144286,3-2-5,116.2
144286,4-2-5,595.7
144286,5-2-4,516.1
144286,6-2-4,253.9
144286,1-3-6,12.6
144286,2-3-6,96.3
144286,3-2-6,100
144286,4-2-6,513.1
144286,5-2-6,141.8
144286,6-2-5,106.4
144286,1-4-2,100.1
144286,2-4-1,409.3
144286,3-4-1,230.7
144286,4-3-1,583.7
144286,5-3-1,188.8
144286,6-3-1,79.3
144286,1-4-3,64.4
144286,2-4-3,437
144286,3-4-2,267.6
144286,4-3-2,861.1
144286,5-3-2,204.8
144286,6-3-2,120.8
144286,1-4-5,73.5
144286,2-4-5,354.2
144286,3-4-5,117.4
144286,4-3-5,393.5
144286,5-3-4,248.5
144286,6-3-4,157.5
144286,1-4-6,57
144286,2-4-6,333.8
144286,3-4-6,108.6
144286,4-3-6,323.9
144286,5-3-6,105.9
144286,6-3-5,79.3
144286,1-5-2,62.3
144286,2-5-1,219.9
144286,3-5-1,98.7
144286,4-5-1,634.8
144286,5-4-1,612.5
144286,6-4-1,318.5
144286,1-5-3,33.4
144286,2-5-3,208
144286,3-5-2,106.1
144286,4-5-2,836.3
144286,5-4-2,733.9
144286,6-4-2,383.1
144286,1-5-4,77.3
144286,2-5-4,426.3
144286,3-5-4,98.2
144286,4-5-3,492.7
144286,5-4-3,437
144286,6-4-3,240.6
144286,1-5-6,29.6
144286,2-5-6,103.4
144286,3-5-6,54.6
144286,4-5-6,319.1
144286,5-4-6,260.8
144286,6-4-5,196.5
144286,1-6-2,35.9
144286,2-6-1,158.8
144286,3-6-1,62.9
144286,4-6-1,418.1
144286,5-6-1,104.7
144286,6-5-1,99
144286,1-6-3,23.4
144286,2-6-3,144.9
144286,3-6-2,101
144286,4-6-2,485.9
144286,5-6-2,116.2
144286,6-5-2,98.2
144286,1-6-4,63.5
144286,2-6-4,312.3
144286,3-6-4,97
144286,4-6-3,386.5
144286,5-6-3,106
144286,6-5-3,84.6
144286,1-6-5,31.4
144286,2-6-5,113
144286,3-6-5,53.8
144286,4-6-5,303
144286,5-6-4,189.9
144286,6-5-4,156.1
144287,1-2-3,90.7
144287,2-1-3,215.2
144287,3-1-2,266.3
144287,4-1-2,290.8
144287,5-1-2,60.7
144287,6-1-2,736.1
144287,1-2-4,97.4
144287,2-1-4,293
144287,3-1-4,126.7
144287,4-1-3,95.1
144287,5-1-3,30.7
144287,6-1-3,190.7
144287,1-2-5,56.2
144287,2-1-5,137.4
144287,3-1-5,71.4
144287,4-1-5,63.5
144287,5-1-4,24.2
144287,6-1-4,228.4
144287,1-2-6,129.3
144287,2-1-6,358.5
144287,3-1-6,118.8
144287,4-1-6,77.3
144287,5-1-6,23.8
144287,6-1-5,152.5
144287,1-3-2,99.2
144287,2-3-1,446.8
144287,3-2-1,416.3
144287,4-2-1,439.1
144287,5-2-1,108.3
144287,6-2-1,907
144287,1-3-4,38.5
144287,2-3-4,538.4
144287,3-2-4,440.4
144287,4-2-3,402
144287,5-2-3,98.6
144287,6-2-3,761.9
144287,1-3-5,20.6
144287,2-3-5,397.8
144287,3-2-5,369.8
144287,4-2-5,266.8
144287,5-2-4,117.1
144287,6-2-4,901.6
144287,1-3-6,47.7
144287,2-3-6,671.2
144287,3-2-6,597.5
144287,4-2-6,331.2
144287,5-2-6,110.5
144287,6-2-5,595.2
144287,1-4-2,97.4
144287,2-4-1,583.8
144287,3-4-1,161.2
144287,4-3-1,117.3
144287,5-3-1,66.5
144287,6-3-1,290.8
144287,1-4-3,50.8
144287,2-4-3,599.9
144287,3-4-2,357.7
144287,4-3-2,337.1
144287,5-3-2,130.1
144287,6-3-2,860.9
144287,1-4-5,27.3
144287,2-4-5,314.8
144287,3-4-5,120.4
144287,4-3-5,94.4
144287,5-3-4,57.1
144287,6-3-4,234.7
144287,1-4-6,41.7
144287,2-4-6,511.3
144287,3-4-6,112.4
144287,4-3-6,62.2
144287,5-3-6,52.1
144287,6-3-5,189.5
144287,1-5-2,40.7
144287,2-5-1,138.5
144287,3-5-1,87.2
144287,4-5-1,67.6
144287,5-4-1,42.2
144287,6-4-1,218.3
144287,1-5-3,17.2
144287,2-5-3,162.7
144287,3-5-2,298.2
144287,4-5-2,195.3
144287,5-4-2,114.2
144287,6-4-2,530.9
144287,1-5-4,16
144287,2-5-4,162.1
144287,3-5-4,117.3
144287,4-5-3,72.7
144287,5-4-3,47.7
144287,6-4-3,175.9
144287,1-5-6,18.5
144287,2-5-6,160.5
144287,3-5-6,84.7
144287,4-5-6,40.5
144287,5-4-6,32.6
144287,6-4-5,136
144287,1-6-2,211.9
144287,2-6-1,777.4
144287,3-6-1,188.5
144287,4-6-1,80.4
144287,5-6-1,54.1
144287,6-5-1,182
144287,1-6-3,80.3
144287,2-6-3,856
144287,3-6-2,604.6
144287,4-6-2,235.5
144287,5-6-2,127.6
144287,6-5-2,489.9
144287,1-6-4,84.7
144287,2-6-4,785.4
144287,3-6-4,167.6
144287,4-6-3,63.5
144287,5-6-3,52.5
144287,6-5-3,164.3
144287,1-6-5,59.4
144287,2-6-5,389.7
144287,3-6-5,135.8
144287,4-6-5,63.8
144287,5-6-4,45.9
144287,6-5-4,154.5
144288,1-2-3,22
144288,2-1-3,22.8
144288,3-1-2,47.6
144288,4-1-2,981.6
144288,5-1-2,55.4
144288,6-1-2,1111
144288,1-2-4,69.6
144288,2-1-4,106.3
144288,3-1-4,132.4
144288,4-1-3,751.8
144288,5-1-3,37.9
144288,6-1-3,1227
144288,1-2-5,22.1
144288,2-1-5,21.1
144288,3-1-5,32.8
144288,4-1-5,929.9
144288,5-1-4,175.8
144288,6-1-4,3759
144288,1-2-6,93.7
144288,2-1-6,91.9
144288,3-1-6,124.6
144288,4-1-6,1651
144288,5-1-6,94.7
144288,6-1-5,1077
144288,1-3-2,27.9
144288,2-3-1,27.4
144288,3-2-1,50.6
144288,4-2-1,1170
144288,5-2-1,64.7
144288,6-2-1,1118
144288,1-3-4,79.6
144288,2-3-4,60.8
144288,3-2-4,110.1
144288,4-2-3,761.6
144288,5-2-3,27.9
144288,6-2-3,564.5
144288,1-3-5,25.4
144288,2-3-5,12
144288,3-2-5,21.2
144288,4-2-5,706.7
144288,5-2-4,148.6
144288,6-2-4,2181
144288,1-3-6,102.4
144288,2-3-6,45.5
144288,3-2-6,70.9
144288,4-2-6,1338
144288,5-2-6,53.6
144288,6-2-5,389.1
144288,1-4-2,211.3
144288,2-4-1,297.4
144288,3-4-1,273.5
144288,4-3-1,829.5
144288,5-3-1,63.2
144288,6-3-1,1636
144288,1-4-3,225.6
144288,2-4-3,280
144288,3-4-2,253.8
144288,4-3-2,695.6
144288,5-3-2,34.8
144288,6-3-2,690.2
144288,1-4-5,233.1
144288,2-4-5,242.3
144288,3-4-5,196.5
144288,4-3-5,771.5
144288,5-3-4,87
144288,6-3-4,1859
144288,1-4-6,428.8
144288,2-4-6,442.8
144288,3-4-6,370.4
144288,4-3-6,861.9
144288,5-3-6,49.1
144288,6-3-5,695.6
144288,1-5-2,37.2
144288,2-5-1,28.9
144288,3-5-1,47.3
144288,4-5-1,949.9
144288,5-4-1,484
144288,6-4-1,4109
144288,1-5-3,30.5
144288,2-5-3,13.5
144288,3-5-2,27.6
144288,4-5-2,879
144288,5-4-2,317.7
144288,6-4-2,3333
144288,1-5-4,146
144288,2-5-4,73.1
144288,3-5-4,82.2
144288,4-5-3,955
144288,5-4-3,218.9
144288,6-4-3,2488
144288,1-5-6,110.9
144288,2-5-6,35.7
144288,3-5-6,48.3
144288,4-5-6,960.2
144288,5-4-6,220.3
144288,6-4-5,2896
144288,1-6-2,355.5
144288,2-6-1,328.4
144288,3-6-1,359.1
144288,4-6-1,2265
144288,5-6-1,180.1
144288,6-5-1,758.3
144288,1-6-3,448.4
144288,2-6-3,190.1
144288,3-6-2,205.6
144288,4-6-2,2236
144288,5-6-2,112.5
144288,6-5-2,368.8
144288,1-6-4,771.5
144288,2-6-4,594.9
144288,3-6-4,573.6
144288,4-6-3,2128
144288,5-6-3,127.1
144288,6-5-3,566.3
144288,1-6-5,359.1
144288,2-6-5,140.6
144288,3-6-5,184.4
144288,4-6-5,2078
144288,5-6-4,320.6
144288,6-5-4,1749
144289,1-2-3,89.2
144289,2-1-3,87.6
144289,3-1-2,156.6
144289,4-1-2,91.1
144289,5-1-2,315.1
144289,6-1-2,521.1
144289,1-2-4,122.3
144289,2-1-4,104.7
144289,3-1-4,78.2
144289,4-1-3,58.1
144289,5-1-3,173.9
144289,6-1-3,307.9
144289,1-2-5,147.2
144289,2-1-5,105.8
144289,3-1-5,80
144289,4-1-5,58
144289,5-1-4,162.5
144289,6-1-4,306.7
144289,1-2-6,192.1
144289,2-1-6,162.9
144289,3-1-6,182.7
144289,4-1-6,117.7
144289,5-1-6,436.4
144289,6-1-5,375.3
144289,1-3-2,109.4
144289,2-3-1,132
144289,3-2-1,197.5
144289,4-2-1,158.6
144289,5-2-1,353.9
144289,6-2-1,544
144289,1-3-4,60.9
144289,2-3-4,45
144289,3-2-4,64.1
144289,4-2-3,55.4
144289,5-2-3,181.7
144289,6-2-3,216.1
144289,1-3-5,78
144289,2-3-5,53.4
144289,3-2-5,76.6
144289,4-2-5,54
144289,5-2-4,142.5
144289,6-2-4,193
144289,1-3-6,161.8
144289,2-3-6,103.2
144289,3-2-6,213.5
144289,4-2-6,146.8
144289,5-2-6,273.8
144289,6-2-5,219.7
144289,1-4-2,140.1
144289,2-4-1,137.7
144289,3-4-1,52.6
144289,4-3-1,47.6
144289,5-3-1,176.7
144289,6-3-1,395.6
144289,1-4-3,64.8
144289,2-4-3,39.4
144289,3-4-2,36.9
144289,4-3-2,34
144289,5-3-2,150
144289,6-3-2,246.2
144289,1-4-5,79.3
144289,2-4-5,55
144289,3-4-5,14.6
144289,4-3-5,12.3
144289,5-3-4,44.6
144289,6-3-4,121.8
144289,1-4-6,176.5
144289,2-4-6,93.5
144289,3-4-6,51.9
144289,4-3-6,47.6
144289,5-3-6,203.8
144289,6-3-5,171.3
144289,1-5-2,245.4
144289,2-5-1,236.4
144289,3-5-1,100.5
144289,4-5-1,44.6
144289,5-4-1,111.9
144289,6-4-1,354.7
144289,1-5-3,119.4
144289,2-5-3,89.4
144289,3-5-2,83.5
144289,4-5-2,36.1
144289,5-4-2,91.8
144289,6-4-2,261.4
144289,1-5-4,123.6
144289,2-5-4,89.4
144289,3-5-4,26.4
144289,4-5-3,14.7
144289,5-4-3,38.3
144289,6-4-3,131.5
144289,1-5-6,325.9
144289,2-5-6,176.5
144289,3-5-6,99.4
144289,4-5-6,42.1
144289,5-4-6,111.8
144289,6-4-5,147.8
144289,1-6-2,247.3
144289,2-6-1,237.8
144289,3-6-1,282.5
144289,4-6-1,282.5
144289,5-6-1,516.1
144289,6-5-1,479.2
144289,1-6-3,193.7
144289,2-6-3,117.4
144289,3-6-2,236.8
144289,4-6-2,229
144289,5-6-2,306.1
144289,6-5-2,337.6
144289,1-6-4,194.7
144289,2-6-4,108.5
144289,3-6-4,114.5
144289,4-6-3,109.7
144289,5-6-3,251.2
144289,6-5-3,251.6
144289,1-6-5,267
144289,2-6-5,107.3
144289,3-6-5,122.6
144289,4-6-5,107.9
144289,5-6-4,216.7
144289,6-5-4,194.9
144290,1-2-3,19.5
144290,2-1-3,23.8
144290,3-1-2,53.4
144290,4-1-2,240.7
144290,5-1-2,1082
144290,6-1-2,79.7
144290,1-2-4,32.5
144290,2-1-4,33.9
144290,3-1-4,70.6
144290,4-1-3,328.3
144290,5-1-3,1406
144290,6-1-3,118
144290,1-2-5,92.4
144290,2-1-5,100.1
144290,3-1-5,189
144290,4-1-5,599.4
144290,5-1-4,1941
144290,6-1-4,171.4
144290,1-2-6,19.4
144290,2-1-6,19.2
144290,3-1-6,59
144290,4-1-6,206.9
144290,5-1-6,1050
144290,6-1-5,389.1
144290,1-3-2,31.1
144290,2-3-1,34.2
144290,3-2-1,38.5
144290,4-2-1,252.2
144290,5-2-1,1363
144290,6-2-1,70.9
144290,1-3-4,50
144290,2-3-4,26
144290,3-2-4,30.1
144290,4-2-3,171.9
144290,5-2-3,1116
144290,6-2-3,54.9
144290,1-3-5,164.4
144290,2-3-5,87.9
144290,3-2-5,76.6
144290,4-2-5,364.5
144290,5-2-4,1050
144290,6-2-4,67.6
144290,1-3-6,38.5
144290,2-3-6,15.2
144290,3-2-6,21.5
144290,4-2-6,105.2
144290,5-2-6,708.8
144290,6-2-5,190.8
144290,1-4-2,77.3
144290,2-4-1,64.3
144290,3-4-1,74.8
144290,4-3-1,357.9
144290,5-3-1,1900
144290,6-3-1,144.2
144290,1-4-3,101.8
144290,2-4-3,52.2
144290,3-4-2,56.3
144290,4-3-2,201.1
144290,5-3-2,1257
144290,6-3-2,85.6
144290,1-4-5,323.6
144290,2-4-5,173.7
144290,3-4-5,192.2
144290,4-3-5,684.3
144290,5-3-4,2007
144290,6-3-4,141.6
144290,1-4-6,71.1
144290,2-4-6,34.9
144290,3-4-6,60.3
144290,4-3-6,201.3
144290,5-3-6,1343
144290,6-3-5,346.1
144290,1-5-2,344.8
144290,2-5-1,333.2
144290,3-5-1,528.4
144290,4-5-1,850.6
144290,5-4-1,2077
144290,6-4-1,263.8
144290,1-5-3,452.2
144290,2-5-3,214.9
144290,3-5-2,350.2
144290,4-5-2,661.5
144290,5-4-2,1275
144290,6-4-2,109.5
144290,1-5-4,551.3
144290,2-5-4,304.8
144290,3-5-4,605.5
144290,4-5-3,1063
144290,5-4-3,2319
144290,6-4-3,175.1
144290,1-5-6,313.3
144290,2-5-6,181.1
144290,3-5-6,342.8
144290,4-5-6,542.9
144290,5-4-6,1032
144290,6-4-5,445.4
144290,1-6-2,46.3
144290,2-6-1,36.9
144290,3-6-1,66.3
144290,4-6-1,229.8
144290,5-6-1,902.1
144290,6-5-1,692.3
144290,1-6-3,62.1
144290,2-6-3,23.2
144290,3-6-2,42.2
144290,4-6-2,100.4
144290,5-6-2,626.7
144290,6-5-2,427.3
144290,1-6-4,89.1
144290,2-6-4,33
144290,3-6-4,65
144290,4-6-3,195.6
144290,5-6-3,1159
144290,6-5-3,609.6
144290,1-6-5,226.6
144290,2-6-5,114.2
144290,3-6-5,152.2
144290,4-6-5,383.3
144290,5-6-4,940.1
144290,6-5-4,664
144291,1-2-3,36.6
144291,2-1-3,26.3
144291,3-1-2,134.2
144291,4-1-2,196.1
144291,5-1-2,188.1
144291,6-1-2,252.6
144291,1-2-4,33.9
144291,2-1-4,19.9
144291,3-1-4,139.2
144291,4-1-3,399.5
144291,5-1-3,375.6
144291,6-1-3,439.1
144291,1-2-5,37.3
144291,2-1-5,16.6
144291,3-1-5,161.7
144291,4-1-5,301.2
144291,5-1-4,259
144291,6-1-4,400.3
144291,1-2-6,51.7
144291,2-1-6,27.9
144291,3-1-6,216.4
144291,4-1-6,300.3
144291,5-1-6,296.6
144291,6-1-5,413.5
144291,1-3-2,67.5
144291,2-3-1,36.7
144291,3-2-1,111.6
144291,4-2-1,150
144291,5-2-1,160.4
144291,6-2-1,182.6
144291,1-3-4,84.9
144291,2-3-4,27.7
144291,3-2-4,73.1
144291,4-2-3,152.1
144291,5-2-3,164.9
144291,6-2-3,201.8
144291,1-3-5,105
144291,2-3-5,21.8
144291,3-2-5,65.1
144291,4-2-5,93.5
144291,5-2-4,124.6
144291,6-2-4,109.2
144291,1-3-6,150.6
144291,2-3-6,30.4
144291,3-2-6,82.6
144291,4-2-6,87.9
144291,5-2-6,111.8
144291,6-2-5,134
144291,1-4-2,75.6
144291,2-4-1,35.2
144291,3-4-1,228.5
144291,4-3-1,421.7
144291,5-3-1,566.4
144291,6-3-1,678.2
144291,1-4-3,136.6
144291,2-4-3,35.3
144291,3-4-2,163.1
144291,4-3-2,275.5
144291,5-3-2,280.9
144291,6-3-2,342.3
144291,1-4-5,118.6
144291,2-4-5,16.8
144291,3-4-5,181.8
144291,4-3-5,339.1
144291,5-3-4,418.4
144291,6-3-4,610.2
144291,1-4-6,135.8
144291,2-4-6,16.5
144291,3-4-6,194.1
144291,4-3-6,381.6
144291,5-3-6,394.3
144291,6-3-5,509.4
144291,1-5-2,82.9
144291,2-5-1,37.1
144291,3-5-1,269.5
144291,4-5-1,330.6
144291,5-4-1,488.4
144291,6-4-1,445.5
144291,1-5-3,149.4
144291,2-5-3,32.9
144291,3-5-2,161.4
144291,4-5-2,167
144291,5-4-2,244.7
144291,6-4-2,189.8
144291,1-5-4,121.5
144291,2-5-4,28.7
144291,3-5-4,231.2
144291,4-5-3,368.4
144291,5-4-3,502.2
144291,6-4-3,487.3
144291,1-5-6,172.8
144291,2-5-6,23.1
144291,3-5-6,199.5
144291,4-5-6,176
144291,5-4-6,251.1
144291,6-4-5,292.1
144291,1-6-2,157.9
144291,2-6-1,59
144291,3-6-1,420.8
144291,4-6-1,376.9
144291,5-6-1,451.2
144291,6-5-1,577.1
144291,1-6-3,331.2
144291,2-6-3,57
144291,3-6-2,204.3
144291,4-6-2,157.7
144291,5-6-2,165.2
144291,6-5-2,247.9
144291,1-6-4,233.2
144291,2-6-4,34
144291,3-6-4,310.4
144291,4-6-3,453.1
144291,5-6-3,438.2
144291,6-5-3,631.9
144291,1-6-5,268.2
144291,2-6-5,38.7
144291,3-6-5,292.5
144291,4-6-5,235.5
144291,5-6-4,269.9
144291,6-5-4,385.8
144292,1-2-3,9.7
144292,2-1-3,32
144292,3-1-2,91.1
144292,4-1-2,34.1
144292,5-1-2,146.6
144292,6-1-2,559.2
144292,1-2-4,7.6
144292,2-1-4,26.1
144292,3-1-4,103.6
144292,4-1-3,91.7
144292,5-1-3,314.1
144292,6-1-3,877
144292,1-2-5,20.4
144292,2-1-5,47.1
144292,3-1-5,160.5
144292,4-1-5,41.6
144292,5-1-4,139.3
144292,6-1-4,469.9
144292,1-2-6,30.9
144292,2-1-6,88.2
144292,3-1-6,275.5
144292,4-1-6,48.3
144292,5-1-6,196.1
144292,6-1-5,963.8
144292,1-3-2,16.4
144292,2-3-1,122.7
144292,3-2-1,190.8
144292,4-2-1,66.9
144292,5-2-1,249
144292,6-2-1,840.5
144292,1-3-4,16.1
144292,2-3-4,215
144292,3-2-4,297.5
144292,4-2-3,190.1
144292,5-2-3,775.8
144292,6-2-3,1478
144292,1-3-5,39.6
144292,2-3-5,417.7
144292,3-2-5,439.8
144292,4-2-5,79.5
144292,5-2-4,364.8
144292,6-2-4,775.8
144292,1-3-6,55.6
144292,2-3-6,634.6
144292,3-2-6,777.9
144292,4-2-6,93.6
144292,5-2-6,514.4
144292,6-2-5,1260
144292,1-4-2,11.4
144292,2-4-1,78.6
144292,3-4-1,252.8
144292,4-3-1,220.1
144292,5-3-1,850.6
144292,6-3-1,1351
144292,1-4-3,21.6
144292,2-4-3,198.3
144292,3-4-2,371.1
144292,4-3-2,295
144292,5-3-2,1377
144292,6-3-2,1988
144292,1-4-5,25.1
144292,2-4-5,195.9
144292,3-4-5,432.4
144292,4-3-5,355.6
144292,5-3-4,1249
144292,6-3-4,1882
144292,1-4-6,28.5
144292,2-4-6,246.8
144292,3-4-6,593.2
144292,4-3-6,419.6
144292,5-3-6,1313
144292,6-3-5,2664
144292,1-5-2,42.6
144292,2-5-1,153.3
144292,3-5-1,488.5
144292,4-5-1,50.9
144292,5-4-1,133.1
144292,6-4-1,426.6
144292,1-5-3,80.7
144292,2-5-3,560.3
144292,3-5-2,759.1
144292,4-5-2,57.4
144292,5-4-2,215
144292,6-4-2,706
144292,1-5-4,47.3
144292,2-5-4,306.9
144292,3-5-4,767.4
144292,4-5-3,247.9
144292,5-4-3,718.6
144292,6-4-3,1711
144292,1-5-6,99.5
144292,2-5-6,502.5
144292,3-5-6,1086
144292,4-5-6,57.3
144292,5-4-6,207.1
144292,6-4-5,833
144292,1-6-2,104.8
144292,2-6-1,291.4
144292,3-6-1,941.3
144292,4-6-1,89.6
144292,5-6-1,491.1
144292,6-5-1,1212
144292,1-6-3,159.2
144292,2-6-3,1143
144292,3-6-2,1463
144292,4-6-2,94.8
144292,5-6-2,646.2
144292,6-5-2,1604
144292,1-6-4,88.8
144292,2-6-4,577.5
144292,3-6-4,1227
144292,4-6-3,344.8
144292,5-6-3,1405
144292,6-5-3,2689
144292,1-6-5,177.3
144292,2-6-5,802.3
144292,3-6-5,1921
144292,4-6-5,92.1
144292,5-6-4,465.2
144292,6-5-4,1111
144341,1-2-3,20.2
144341,2-1-3,51.3
144341,3-1-2,329.5
144341,4-1-2,33.7
144341,5-1-2,136.5
144341,6-1-2,607.8
144341,1-2-4,4.9
144341,2-1-4,10.4
144341,3-1-4,410.5
144341,4-1-3,135.5
144341,5-1-3,582.4
144341,6-1-3,1869
144341,1-2-5,12.2
144341,2-1-5,24.6
144341,3-1-5,504.9
144341,4-1-5,41.6
144341,5-1-4,158.3
144341,6-1-4,857.7
144341,1-2-6,30.5
144341,2-1-6,48.2
144341,3-1-6,1061
144341,4-1-6,67.9
144341,5-1-6,306.9
144341,6-1-5,1239
144341,1-3-2,62
144341,2-3-1,182.8
144341,3-2-1,463.8
144341,4-2-1,48.2
144341,5-2-1,186.3
144341,6-2-1,711.5
144341,1-3-4,63.6
144341,2-3-4,153.6
144341,3-2-4,392.5
144341,4-2-3,258.7
144341,5-2-3,585.1
144341,6-2-3,1527
144341,1-3-5,116.7
144341,2-3-5,221.2
144341,3-2-5,528.3
144341,4-2-5,50.6
144341,5-2-4,205.9
144341,6-2-4,662.5
144341,1-3-6,195
144341,2-3-6,326.1
144341,3-2-6,1026
144341,4-2-6,75.8
144341,5-2-6,362.9
144341,6-2-5,1215
144341,1-4-2,10.5
144341,2-4-1,25.1
144341,3-4-1,613.8
144341,4-3-1,481.6
144341,5-3-1,1159
144341,6-3-1,3295
144341,1-4-3,53.1
144341,2-4-3,98.7
144341,3-4-2,535.1
144341,4-3-2,542.1
144341,5-3-2,1192
144341,6-3-2,2236
144341,1-4-5,22.2
144341,2-4-5,39.6
144341,3-4-5,1227
144341,4-3-5,773
144341,5-3-4,1490
144341,6-3-4,2981
144341,1-4-6,47.1
144341,2-4-6,62.2
144341,3-4-6,1605
144341,4-3-6,863.6
144341,5-3-6,1508
144341,6-3-5,2608
144341,1-5-2,35.4
144341,2-5-1,63.3
144341,3-5-1,993.8
144341,4-5-1,64.7
144341,5-4-1,178.1
144341,6-4-1,1108
144341,1-5-3,133.5
144341,2-5-3,248.4
144341,3-5-2,970.7
144341,4-5-2,69.1
144341,5-4-2,177.6
144341,6-4-2,797.6
144341,1-5-4,47.9
144341,2-5-4,68.9
144341,3-5-4,1473
144341,4-5-3,401.3
144341,5-4-3,754.3
144341,6-4-3,2846
144341,1-5-6,106.3
144341,2-5-6,131.6
144341,3-5-6,1546
144341,4-5-6,86.7
144341,5-4-6,230.1
144341,6-4-5,1018
144341,1-6-2,112.2
144341,2-6-1,172.7
144341,3-6-1,2052
144341,4-6-1,158.7
144341,5-6-1,509
144341,6-5-1,1332
144341,1-6-3,344
144341,2-6-3,465.5
144341,3-6-2,1473
144341,4-6-2,166.3
144341,5-6-2,465.5
144341,6-5-2,1159
144341,1-6-4,136.1
144341,2-6-4,162
144341,3-6-4,2159
144341,4-6-3,613.8
144341,5-6-3,888.1
144341,6-5-3,2912
144341,1-6-5,206.6
144341,2-6-5,268.1
144341,3-6-5,2408
144341,4-6-5,179.6
144341,5-6-4,440.9
144341,6-5-4,1138
144342,1-2-3,9
144342,2-1-3,53.6
144342,3-1-2,84.4
144342,4-1-2,207.2
144342,5-1-2,179.8
144342,6-1-2,46.9
144342,1-2-4,22.3
144342,2-1-4,94.8
144342,3-1-4,102.9
144342,4-1-3,324
144342,5-1-3,127
144342,6-1-3,66.9
144342,1-2-5,22.9
144342,2-1-5,92.8
144342,3-1-5,46.9
144342,4-1-5,240.2
144342,5-1-4,276.7
144342,6-1-4,114.8
144342,1-2-6,10.7
144342,2-1-6,44.9
144342,3-1-6,34.5
144342,4-1-6,162.5
144342,5-1-6,100.6
144342,6-1-5,78.3
144342,1-3-2,14.4
144342,2-3-1,139.7
144342,3-2-1,177.8
144342,4-2-1,384.7
144342,5-2-1,490.2
144342,6-2-1,99.4
144342,1-3-4,29.1
144342,2-3-4,349.9
144342,3-2-4,383.2
144342,4-2-3,657
144342,5-2-3,870
144342,6-2-3,213.6
144342,1-3-5,18.4
144342,2-3-5,352.4
144342,3-2-5,356.3
144342,4-2-5,643.8
144342,5-2-4,928.6
144342,6-2-4,284
144342,1-3-6,12.4
144342,2-3-6,190.4
144342,3-2-6,232.1
144342,4-2-6,381.7
144342,5-2-6,539.5
144342,6-2-5,262.4
144342,1-4-2,45.4
144342,2-4-1,300.8
144342,3-4-1,290.9
144342,4-3-1,574.8
144342,5-3-1,349.9
144342,6-3-1,155.7
144342,1-4-3,57.3
144342,2-4-3,435
144342,3-4-2,457.7
144342,4-3-2,894.2
144342,5-3-2,1085
144342,6-3-2,275.1
144342,1-4-5,85.6
144342,2-4-5,754.5
144342,3-4-5,449.2
144342,4-3-5,772.6
144342,5-3-4,985.5
144342,6-3-4,425.4
144342,1-4-6,45.3
144342,2-4-6,304.6
144342,3-4-6,299
144342,4-3-6,492.7
144342,5-3-6,394.2
144342,6-3-5,295.3
144342,1-5-2,48
144342,2-5-1,335.3
144342,3-5-1,180.5
144342,4-5-1,254.1
144342,5-4-1,475.7
144342,6-4-1,293.5
144342,1-5-3,40.2
144342,2-5-3,619.1
144342,3-5-2,492.7
144342,4-5-2,561.5
144342,5-4-2,804.8
144342,6-4-2,383.2
144342,1-5-4,105.5
144342,2-5-4,748.6
144342,3-5-4,429.2
144342,4-5-3,603.6
144342,5-4-3,902.6
144342,6-4-3,639.6
144342,1-5-6,30
144342,2-5-6,361.7
144342,3-5-6,205.4
144342,4-5-6,261
144342,5-4-6,410.9
144342,6-4-5,473.4
144342,1-6-2,17.7
144342,2-6-1,113.3
144342,3-6-1,114.9
144342,4-6-1,179.1
144342,5-6-1,170.9
144342,6-5-1,181.8
144342,1-6-3,23.3
144342,2-6-3,248.9
144342,3-6-2,267.5
144342,4-6-2,320.8
144342,5-6-2,357.7
144342,6-5-2,380.2
144342,1-6-4,50
144342,2-6-4,368.6
144342,3-6-4,336.5
144342,4-6-3,423.5
144342,5-6-3,292.6
144342,6-5-3,425.4
144342,1-6-5,30.3
144342,2-6-5,359
144342,3-6-5,206.3
144342,4-6-5,247
144342,5-6-4,386.3
144342,6-5-4,457.7
144343,1-2-3,13.4
144343,2-1-3,15.1
144343,3-1-2,42.3
144343,4-1-2,540.6
144343,5-1-2,39.5
144343,6-1-2,882.5
144343,1-2-4,52.4
144343,2-1-4,48.8
144343,3-1-4,84.1
144343,4-1-3,431.7
144343,5-1-3,54.7
144343,6-1-3,1043
144343,1-2-5,11.8
144343,2-1-5,13.6
144343,3-1-5,35.7
144343,4-1-5,458.1
144343,5-1-4,157.5
144343,6-1-4,1333
144343,1-2-6,180.7
144343,2-1-6,197.7
144343,3-1-6,269.7
144343,4-1-6,1081
144343,5-1-6,387.2
144343,6-1-5,1600
144343,1-3-2,17.7
144343,2-3-1,19
144343,3-2-1,37.3
144343,4-2-1,441.2
144343,5-2-1,59.5
144343,6-2-1,1463
144343,1-3-4,65.9
144343,2-3-4,40.9
144343,3-2-4,58.5
144343,4-2-3,272.1
144343,5-2-3,58.1
144343,6-2-3,1017
144343,1-3-5,18.2
144343,2-3-5,13.3
144343,3-2-5,23.8
144343,4-2-5,367
144343,5-2-4,186
144343,6-2-4,2222
144343,1-3-6,247.4
144343,2-3-6,164.6
144343,3-2-6,221.4
144343,4-2-6,1600
144343,5-2-6,392.2
144343,6-2-5,1519
144343,1-4-2,154.2
144343,2-4-1,129.4
144343,3-4-1,194.8
144343,4-3-1,612.4
144343,5-3-1,102.7
144343,6-3-1,1622
144343,1-4-3,151.9
144343,2-4-3,93.8
144343,3-4-2,124.5
144343,4-3-2,286.4
144343,5-3-2,68.1
144343,6-3-2,1154
144343,1-4-5,133.6
144343,2-4-5,105.9
144343,3-4-5,127.4
144343,4-3-5,327.9
144343,5-3-4,185.2
144343,6-3-4,1500
144343,1-4-6,512.9
144343,2-4-6,603.1
144343,3-4-6,779.4
144343,4-3-6,1290
144343,5-3-6,467
144343,6-3-5,1846
144343,1-5-2,18.6
144343,2-5-1,32.6
144343,3-5-1,53.9
144343,4-5-1,478.2
144343,5-4-1,334.3
144343,6-4-1,3158
144343,1-5-3,23.1
144343,2-5-3,24.5
144343,3-5-2,38.9
144343,4-5-2,421.1
144343,5-4-2,279.7
144343,6-4-2,3000
144343,1-5-4,72.3
144343,2-5-4,82.6
144343,3-5-4,102.5
144343,4-5-3,361.5
144343,5-4-3,238.6
144343,6-4-3,2143
144343,1-5-6,231.2
144343,2-5-6,226.4
144343,3-5-6,296.3
144343,4-5-6,1379
144343,5-4-6,1143
144343,6-4-5,3000
144343,1-6-2,442.9
144343,2-6-1,789.6
144343,3-6-1,930.4
144343,4-6-1,2308
144343,5-6-1,1052
144343,6-5-1,1967
144343,1-6-3,574.3
144343,2-6-3,701.9
144343,3-6-2,805.5
144343,4-6-2,3334
144343,5-6-2,1000
144343,6-5-2,1538
144343,1-6-4,784.5
144343,2-6-4,1212
144343,3-6-4,1348
144343,4-6-3,1558
144343,5-6-3,833.5
144343,6-5-3,1905
144343,1-6-5,889.1
144343,2-6-5,774.4
144343,3-6-5,857.3
144343,4-6-5,2264
144343,5-6-4,1538
144343,6-5-4,2182
144344,1-2-3,48.4
144344,2-1-3,63.1
144344,3-1-2,48.2
144344,4-1-2,467.9
144344,5-1-2,410.1
144344,6-1-2,156.5
144344,1-2-4,134.8
144344,2-1-4,140.6
144344,3-1-4,73.8
144344,4-1-3,507.6
144344,5-1-3,330
144344,6-1-3,96.7
144344,1-2-5,113.9
144344,2-1-5,100.4
144344,3-1-5,35.3
144344,4-1-5,807.2
144344,5-1-4,753
144344,6-1-4,331.8
144344,1-2-6,64.8
144344,2-1-6,58
144344,3-1-6,23.3
144344,4-1-6,587.5
144344,5-1-6,213.3
144344,6-1-5,188.8
144344,1-3-2,38.3
144344,2-3-1,68.7
144344,3-2-1,66.7
144344,4-2-1,572.5
144344,5-2-1,386.2
144344,6-2-1,169.3
144344,1-3-4,90.4
144344,2-3-4,90.3
144344,3-2-4,76
144344,4-2-3,620.1
144344,5-2-3,267.8
144344,6-2-3,40.8
144344,1-3-5,40.5
144344,2-3-5,42.2
144344,3-2-5,33.8
144344,4-2-5,909.7
144344,5-2-4,789.4
144344,6-2-4,312.2
144344,1-3-6,31.7
144344,2-3-6,22.3
144344,3-2-6,19
144344,4-2-6,563.5
144344,5-2-6,171.6
144344,6-2-5,105.4
144344,1-4-2,261.6
144344,2-4-1,364.9
144344,3-4-1,109.5
144344,4-3-1,449.1
144344,5-3-1,267.4
144344,6-3-1,76.6
144344,1-4-3,255.6
144344,2-4-3,258.2
144344,3-4-2,123.7
144344,4-3-2,464.2
144344,5-3-2,219.3
144344,6-3-2,35.3
144344,1-4-5,364.9
144344,2-4-5,465.4
144344,3-4-5,62.1
144344,4-3-5,371.8
144344,5-3-4,320
144344,6-3-4,137.7
144344,1-4-6,210.3
144344,2-4-6,152.7
144344,3-4-6,45.6
144344,4-3-6,203.8
144344,5-3-6,79
144344,6-3-5,41.3
144344,1-5-2,191.4
144344,2-5-1,211
144344,3-5-1,55.1
144344,4-5-1,857.4
144344,5-4-1,1148
144344,6-4-1,803.6
144344,1-5-3,113.1
144344,2-5-3,105.9
144344,3-5-2,49.7
144344,4-5-2,1127
144344,5-4-2,1244
144344,6-4-2,509.1
144344,1-5-4,313.8
144344,2-5-4,353.4
144344,3-5-4,64.6
144344,4-5-3,607.5
144344,5-4-3,631
144344,6-4-3,310.5
144344,1-5-6,119.7
144344,2-5-6,59.2
144344,3-5-6,17.1
144344,4-5-6,263.5
144344,5-4-6,295.2
144344,6-4-5,265.8
144344,1-6-2,109.3
144344,2-6-1,84.7
144344,3-6-1,29.8
144344,4-6-1,597.3
144344,5-6-1,196.7
144344,6-5-1,271.1
144344,1-6-3,72.9
144344,2-6-3,41
144344,3-6-2,24.6
144344,4-6-2,522.4
144344,5-6-2,171
144344,6-5-2,131.3
144344,1-6-4,199.1
144344,2-6-4,109.8
144344,3-6-4,32.3
144344,4-6-3,300.6
144344,5-6-3,92.1
144344,6-5-3,61.7
144344,1-6-5,125.7
144344,2-6-5,55.6
144344,3-6-5,16.9
144344,4-6-5,271.1
144344,5-6-4,213
144344,6-5-4,250.6
144345,1-2-3,7.8
144345,2-1-3,131.3
144345,3-1-2,95.6
144345,4-1-2,56.2
144345,5-1-2,318.4
144345,6-1-2,2988
144345,1-2-4,10.1
144345,2-1-4,93
144345,3-1-4,58.6
144345,4-1-3,67.2
144345,5-1-3,260.7
144345,6-1-3,1806
144345,1-2-5,18.4
144345,2-1-5,180.8
144345,3-1-5,107.4
144345,4-1-5,77.1
144345,5-1-4,203.5
144345,6-1-4,1992
144345,1-2-6,220.7
144345,2-1-6,745.3
144345,3-1-6,885.4
144345,4-1-6,288.8
144345,5-1-6,1381
144345,6-1-5,4933
144345,1-3-2,7
144345,2-3-1,278.9
144345,3-2-1,226.1
144345,4-2-1,139.3
144345,5-2-1,699.9
144345,6-2-1,3984
144345,1-3-4,5.5
144345,2-3-4,424
144345,3-2-4,320.7
144345,4-2-3,340
144345,5-2-3,1644
144345,6-2-3,5179
144345,1-3-5,10.5
144345,2-3-5,692.1
144345,3-2-5,646.1
144345,4-2-5,337.4
144345,5-2-4,1046
144345,6-2-4,3531
144345,1-3-6,219.3
144345,2-3-6,2372
144345,3-2-6,2932
144345,4-2-6,717.7
144345,5-2-6,4316
144345,6-2-5,4933
144345,1-4-2,11
144345,2-4-1,189.8
144345,3-4-1,160.2
144345,4-3-1,171
144345,5-3-1,550
144345,6-3-1,3306
144345,1-4-3,9
144345,2-4-3,504.5
144345,3-4-2,310.7
144345,4-3-2,335.9
144345,5-3-2,1258
144345,6-3-2,5864
144345,1-4-5,15.6
144345,2-4-5,575.5
144345,3-4-5,328.5
144345,4-3-5,355.1
144345,5-3-4,782.8
144345,6-3-4,5549
144345,1-4-6,149.1
144345,2-4-6,1214
144345,3-4-6,1954
144345,4-3-6,989.7
144345,5-3-6,3492
144345,6-3-5,6756
144345,1-5-2,33.1
144345,2-5-1,599.9
144345,3-5-1,291
144345,4-5-1,172
144345,5-4-1,359.7
144345,6-4-1,3077
144345,1-5-3,26.6
144345,2-5-3,1258
144345,3-5-2,908.7
144345,4-5-2,362.6
144345,5-4-2,756.1
144345,6-4-2,3171
144345,1-5-4,26.8
144345,2-5-4,974.2
144345,3-5-4,429.8
144345,4-5-3,369.9
144345,5-4-3,796.9
144345,6-4-3,5012
144345,1-5-6,291.8
144345,2-5-6,4089
144345,3-5-6,3204
144345,4-5-6,977.3
144345,5-4-6,1942
144345,6-4-5,5267
144345,1-6-2,554
144345,2-6-1,1906
144345,3-6-1,2633
144345,4-6-1,936.1
144345,5-6-1,3453
144345,6-5-1,6474
144345,1-6-3,597.6
144345,2-6-3,4143
144345,3-6-2,5095
144345,4-6-2,1109
144345,5-6-2,5179
144345,6-5-2,6342
144345,1-6-4,362.2
144345,2-6-4,2085
144345,3-6-4,4143
144345,4-6-3,1357
144345,5-6-3,3984
144345,6-5-3,7399
144345,1-6-5,590.8
144345,2-6-5,4377
144345,3-6-5,5864
144345,4-6-5,1369
144345,5-6-4,3572
144345,6-5-4,5095
144346,1-2-3,12.6
144346,2-1-3,19.4
144346,3-1-2,16.6
144346,4-1-2,413.5
144346,5-1-2,696.8
144346,6-1-2,168.7
144346,1-2-4,35.8
144346,2-1-4,40.4
144346,3-1-4,18.2
144346,4-1-3,274.9
144346,5-1-3,409.6
144346,6-1-3,127.9
144346,1-2-5,109.2
144346,2-1-5,175
144346,3-1-5,54.2
144346,4-1-5,742.4
144346,5-1-4,900
144346,6-1-4,280.6
144346,1-2-6,36.2
144346,2-1-6,32.5
144346,3-1-6,16.3
144346,4-1-6,372.3
144346,5-1-6,591.4
144346,6-1-5,635.2
144346,1-3-2,8.8
144346,2-3-1,30.1
144346,3-2-1,34
144346,4-2-1,507.8
144346,5-2-1,1243
144346,6-2-1,208.3
144346,1-3-4,11.1
144346,2-3-4,60.7
144346,3-2-4,59.9
144346,4-2-3,384.1
144346,5-2-3,977.5
144346,6-2-3,182.6
144346,1-3-5,40.4
144346,2-3-5,187.1
144346,3-2-5,151.2
144346,4-2-5,1313
144346,5-2-4,1861
144346,6-2-4,432.3
144346,1-3-6,14.3
144346,2-3-6,44
144346,3-2-6,39.2
144346,4-2-6,494.9
144346,5-2-6,1261
144346,6-2-5,1157
144346,1-4-2,74.8
144346,2-4-1,164.4
144346,3-4-1,46.8
144346,4-3-1,271.7
144346,5-3-1,434.9
144346,6-3-1,150.5
144346,1-4-3,48.9
144346,2-4-3,154.9
144346,3-4-2,72.4
144346,4-3-2,307.3
144346,5-3-2,854.1
144346,6-3-2,179
144346,1-4-5,192
144346,2-4-5,637.5
144346,3-4-5,137.3
144346,4-3-5,733.1
144346,5-3-4,1127
144346,6-3-4,219.9
144346,1-4-6,86.4
144346,2-4-6,196.7
144346,3-4-6,43.8
144346,4-3-6,215.3
144346,5-3-6,659
144346,6-3-5,522.9
144346,1-5-2,267
144346,2-5-1,586.5
144346,3-5-1,160.6
144346,4-5-1,1017
144346,5-4-1,1708
144346,6-4-1,556.8
144346,1-5-3,154
144346,2-5-3,527.6
144346,3-5-2,307
144346,4-5-2,1380
144346,5-4-2,2393
144346,6-4-2,660.2
144346,1-5-4,324.9
144346,2-5-4,985.7
144346,3-5-4,289.1
144346,4-5-3,972.1
144346,5-4-3,1497
144346,6-4-3,382.1
144346,1-5-6,235
144346,2-5-6,708
144346,3-5-6,191.3
144346,4-5-6,895.4
144346,5-4-6,1491
144346,6-4-5,1293
144346,1-6-2,78
144346,2-6-1,108.1
144346,3-6-1,47.5
144346,4-6-1,467.9
144346,5-6-1,833.9
144346,6-5-1,1017
144346,1-6-3,50.2
144346,2-6-3,113.1
144346,3-6-2,63.9
144346,4-6-2,578.8
144346,5-6-2,1430
144346,6-5-2,1380
144346,1-6-4,113.7
144346,2-6-4,237.6
144346,3-6-4,67.8
144346,4-6-3,297.7
144346,5-6-3,683.3
144346,6-5-3,828
144346,1-6-5,263.8
144346,2-6-5,650.4
144346,3-6-5,170.7
144346,4-6-5,966.7
144346,5-6-4,1338
144346,6-5-4,1472
144347,1-2-3,36.5
144347,2-1-3,222.5
144347,3-1-2,125
144347,4-1-2,537.3
144347,5-1-2,106.5
144347,6-1-2,1901
144347,1-2-4,77.4
144347,2-1-4,545.7
144347,3-1-4,54.7
144347,4-1-3,189.5
144347,5-1-3,24.9
144347,6-1-3,1185
144347,1-2-5,39.1
144347,2-1-5,265.2
144347,3-1-5,17.9
144347,4-1-5,100
144347,5-1-4,60.6
144347,6-1-4,1943
144347,1-2-6,144.1
144347,2-1-6,876.7
144347,3-1-6,76
144347,4-1-6,255.7
144347,5-1-6,42
144347,6-1-5,836.8
144347,1-3-2,21
144347,2-3-1,359.1
144347,3-2-1,376.5
144347,4-2-1,1114
144347,5-2-1,444.4
144347,6-2-1,3682
144347,1-3-4,12.3
144347,2-3-4,1096
144347,3-2-4,535.6
144347,4-2-3,1731
144347,5-2-3,550.8
144347,6-2-3,4727
144347,1-3-5,4.6
144347,2-3-5,465.1
144347,3-2-5,406.7
144347,4-2-5,901.5
144347,5-2-4,589.8
144347,6-2-4,4372
144347,1-3-6,28.8
144347,2-3-6,1541
144347,3-2-6,844.9
144347,4-2-6,1501
144347,5-2-6,782.5
144347,6-2-5,4067
144347,1-4-2,87
144347,2-4-1,1286
144347,3-4-1,141.6
144347,4-3-1,294.4
144347,5-3-1,46.9
144347,6-3-1,2045
144347,1-4-3,37.8
144347,2-4-3,1173
144347,3-4-2,500.4
144347,4-3-2,1433
144347,5-3-2,282.7
144347,6-3-2,4265
144347,1-4-5,26.8
144347,2-4-5,1189
144347,3-4-5,108.6
144347,4-3-5,201.1
144347,5-3-4,119.7
144347,6-3-4,2480
144347,1-4-6,89
144347,2-4-6,2057
144347,3-4-6,278.2
144347,4-3-6,490.6
144347,5-3-6,126.6
144347,6-3-5,1527
144347,1-5-2,27.7
144347,2-5-1,529.2
144347,3-5-1,35.3
144347,4-5-1,92.5
144347,5-4-1,106.9
144347,6-4-1,2867
144347,1-5-3,6.5
144347,2-5-3,632.5
144347,3-5-2,236.1
144347,4-5-2,497.5
144347,5-4-2,428.1
144347,6-4-2,4020
144347,1-5-4,19.3
144347,2-5-4,1541
144347,3-5-4,87.3
144347,4-5-3,136.3
144347,5-4-3,144.7
144347,6-4-3,2939
144347,1-5-6,21.1
144347,2-5-6,1689
144347,3-5-6,88.9
144347,4-5-6,103.4
144347,5-4-6,109.2
144347,6-4-5,1860
144347,1-6-2,272.8
144347,2-6-1,2363
144347,3-6-1,335
144347,4-6-1,538.1
144347,5-6-1,147.1
144347,6-5-1,857.3
144347,1-6-3,136.7
144347,2-6-3,2498
144347,3-6-2,1249
144347,4-6-2,1627
144347,5-6-2,539.8
144347,6-5-2,2553
144347,1-6-4,220.2
144347,2-6-4,3643
144347,3-6-4,496.8
144347,4-6-3,791.4
144347,5-6-3,215
144347,6-5-3,1214
144347,1-6-5,95
144347,2-6-5,2446
144347,3-6-5,279.8
144347,4-6-5,331.2
144347,5-6-4,220.9
144347,6-5-4,1427
144348,1-2-3,3.6
144348,2-1-3,16
144348,3-1-2,74
144348,4-1-2,97.7
144348,5-1-2,827.4
144348,6-1-2,412.2
144348,1-2-4,5.7
144348,2-1-4,20.5
144348,3-1-4,90.8
144348,4-1-3,151.1
144348,5-1-3,1059
144348,6-1-3,609.9
144348,1-2-5,103.3
144348,2-1-5,196.7
144348,3-1-5,491.2
144348,4-1-5,412.7
144348,5-1-4,1001
144348,6-1-4,541.6
144348,1-2-6,17.4
144348,2-1-6,41.5
144348,3-1-6,167.5
144348,4-1-6,139.4
144348,5-1-6,1346
144348,6-1-5,2274
144348,1-3-2,7
144348,2-3-1,55.6
144348,3-2-1,114.9
144348,4-2-1,152.4
144348,5-2-1,1213
144348,6-2-1,571.3
144348,1-3-4,15.2
144348,2-3-4,92.1
144348,3-2-4,157.8
144348,4-2-3,334
144348,5-2-3,1635
144348,6-2-3,1480
144348,1-3-5,164.3
144348,2-3-5,416.7
144348,3-2-5,933.1
144348,4-2-5,837.5
144348,5-2-4,1734
144348,6-2-4,920.5
144348,1-3-6,29.6
144348,2-3-6,157.8
144348,3-2-6,316.7
144348,4-2-6,301.7
144348,5-2-6,1788
144348,6-2-5,3333
144348,1-4-2,17.4
144348,2-4-1,74.6
144348,3-4-1,216.6
144348,4-3-1,291.2
144348,5-3-1,1716
144348,6-3-1,1196
144348,1-4-3,26.9
144348,2-4-3,121.8
144348,3-4-2,315.3
144348,4-3-2,460.9
144348,5-3-2,2132
144348,6-3-2,1708
144348,1-4-5,207.2
144348,2-4-5,654
144348,3-4-5,995.3
144348,4-3-5,1546
144348,5-3-4,2543
144348,6-3-4,1553
144348,1-4-6,37.4
144348,2-4-6,172.5
144348,3-4-6,396
144348,4-3-6,520.2
144348,5-3-6,2703
144348,6-3-5,4578
144348,1-5-2,281
144348,2-5-1,891.9
144348,3-5-1,1691
144348,4-5-1,1196
144348,5-4-1,1675
144348,6-4-1,738.4
144348,1-5-3,414.2
144348,2-5-3,1271
144348,3-5-2,1973
144348,4-5-2,1816
144348,5-4-2,2543
144348,6-4-2,882.7
144348,1-5-4,507.2
144348,2-5-4,1362
144348,3-5-4,2106
144348,4-5-3,2304
144348,5-4-3,2861
144348,6-4-3,1473
144348,1-5-6,564.7
144348,2-5-6,1886
144348,3-5-6,2351
144348,4-5-6,1473
144348,5-4-6,2543
144348,6-4-5,2703
144348,1-6-2,53.2
144348,2-6-1,170.1
144348,3-6-1,569.4
144348,4-6-1,252.3
144348,5-6-1,2885
144348,6-5-1,4346
144348,1-6-3,67
144348,2-6-3,308.2
144348,3-6-2,785.7
144348,4-6-2,334.3
144348,5-6-2,3366
144348,6-5-2,4578
144348,1-6-4,68.4
144348,2-6-4,344.4
144348,3-6-4,764.7
144348,4-6-3,535.6
144348,5-6-3,3399
144348,6-5-3,6243
144348,1-6-5,449.4
144348,2-6-5,1442
144348,3-6-5,2259
144348,4-6-5,940.7
144348,5-6-4,2814
144348,6-5-4,4292
144349,1-2-3,5.2
144349,2-1-3,50.4
144349,3-1-2,85.8
144349,4-1-2,103
144349,5-1-2,543.5
144349,6-1-2,265.6
144349,1-2-4,9.1
144349,2-1-4,66.8
144349,3-1-4,110.8
144349,4-1-3,125.8
144349,5-1-3,784.4
144349,6-1-3,268.2
144349,1-2-5,35.4
144349,2-1-5,227.8
144349,3-1-5,327.3
144349,4-1-5,203.8
144349,5-1-4,712.7
144349,6-1-4,273.6
144349,1-2-6,13.1
144349,2-1-6,83.5
144349,3-1-6,120.8
144349,4-1-6,71.4
144349,5-1-6,524
144349,6-1-5,731.5
144349,1-3-2,7
144349,2-3-1,118.5
144349,3-2-1,179
144349,4-2-1,168.3
144349,5-2-1,957.6
144349,6-2-1,593.9
144349,1-3-4,10.3
144349,2-3-4,227.8
144349,3-2-4,311
144349,4-2-3,329.1
144349,5-2-3,1781
144349,6-2-3,1216
144349,1-3-5,45
144349,2-3-5,659.9
144349,3-2-5,842.7
144349,4-2-5,576.8
144349,5-2-4,2105
144349,6-2-4,1022
144349,1-3-6,12.9
144349,2-3-6,318.6
144349,3-2-6,359.7
144349,4-2-6,211.9
144349,5-2-6,1259
144349,6-2-5,2237
144349,1-4-2,17.6
144349,2-4-1,212.4
144349,3-4-1,224
144349,4-3-1,237.1
144349,5-3-1,1484
144349,6-3-1,619.7
144349,1-4-3,21
144349,2-4-3,319.2
144349,3-4-2,359.9
144349,4-3-2,447.8
144349,5-3-2,2019
144349,6-3-2,1417
144349,1-4-5,75.4
144349,2-4-5,890.9
144349,3-4-5,752.5
144349,4-3-5,917.1
144349,5-3-4,2818
144349,6-3-4,1149
144349,1-4-6,18.9
144349,2-4-6,350.6
144349,3-4-6,303.8
144349,4-3-6,320.8
144349,5-3-6,2078
144349,6-3-5,2711
144349,1-5-2,78.3
144349,2-5-1,903.8
144349,3-5-1,883
144349,4-5-1,283.9
144349,5-4-1,920.5
144349,6-4-1,433.4
144349,1-5-3,123.5
144349,2-5-3,1463
144349,3-5-2,1382
144349,4-5-2,553.7
144349,5-4-2,1463
144349,6-4-2,910.4
144349,1-5-4,152.6
144349,2-5-4,1714
144349,3-5-4,1348
144349,4-5-3,771.1
144349,5-4-3,2247
144349,6-4-3,1016
144349,1-5-6,108.9
144349,2-5-6,1609
144349,3-5-6,1463
144349,4-5-6,301.8
144349,5-4-6,1045
144349,6-4-5,1568
144349,1-6-2,33.7
144349,2-6-1,333
144349,3-6-1,307.9
144349,4-6-1,112.9
144349,5-6-1,989.9
144349,6-5-1,1549
144349,1-6-3,35.5
144349,2-6-3,585.6
144349,3-6-2,578.1
144349,4-6-2,245.6
144349,5-6-2,1498
144349,6-5-2,3042
144349,1-6-4,39.2
144349,2-6-4,519.1
144349,3-6-4,453.5
144349,4-6-3,293.3
144349,5-6-3,2028
144349,6-5-3,3060
144349,1-6-5,127.1
144349,2-6-5,1511
144349,3-6-5,1471
144349,4-6-5,321.6
144349,5-6-4,1619
144349,6-5-4,2114
144350,1-2-3,5.4
144350,2-1-3,10.9
144350,3-1-2,62.7
144350,4-1-2,181.2
144350,5-1-2,209.3
144350,6-1-2,246.9
144350,1-2-4,12.3
144350,2-1-4,19.3
144350,3-1-4,133.6
144350,4-1-3,370.8
144350,5-1-3,383.9
144350,6-1-3,412.2
144350,1-2-5,23.8
144350,2-1-5,34.5
144350,3-1-5,135.5
144350,4-1-5,237.9
144350,5-1-4,486.8
144350,6-1-4,650
144350,1-2-6,13.6
144350,2-1-6,18.5
144350,3-1-6,96.6
144350,4-1-6,204.3
144350,5-1-6,302.4
144350,6-1-5,718.4
144350,1-3-2,13.6
144350,2-3-1,26.4
144350,3-2-1,70.8
144350,4-2-1,238.8
144350,5-2-1,309.8
144350,6-2-1,290.7
144350,1-3-4,33
144350,2-3-4,53.8
144350,3-2-4,130.6
144350,4-2-3,467.9
144350,5-2-3,513.6
144350,6-2-3,413.7
144350,1-3-5,46.3
144350,2-3-5,60.4
144350,3-2-5,130.7
144350,4-2-5,331.1
144350,5-2-4,764
144350,6-2-4,697.6
144350,1-3-6,33.3
144350,2-3-6,40.9
144350,3-2-6,83.4
144350,4-2-6,264.6
144350,5-2-6,446.9
144350,6-2-5,897.3
144350,1-4-2,42.9
144350,2-4-1,79.6
144350,3-4-1,243
144350,4-3-1,755.1
144350,5-3-1,718.4
144350,6-3-1,678.9
144350,1-4-3,79.8
144350,2-4-3,125
144350,3-4-2,289.6
144350,4-3-2,727.5
144350,5-3-2,725.2
144350,6-3-2,590.5
144350,1-4-5,119.9
144350,2-4-5,191
144350,3-4-5,408.6
144350,4-3-5,870
144350,5-3-4,1510
144350,6-3-4,1342
144350,1-4-6,71.8
144350,2-4-6,128
144350,3-4-6,308.1
144350,4-3-6,676.9
144350,5-3-6,861.8
144350,6-3-5,1434
144350,1-5-2,62.7
144350,2-5-1,119.3
144350,3-5-1,322.5
144350,4-5-1,283.3
144350,5-4-1,582.9
144350,6-4-1,1044
144350,1-5-3,117
144350,2-5-3,183.6
144350,3-5-2,280.9
144350,4-5-2,324.7
144350,5-4-2,626.9
144350,6-4-2,895.5
144350,1-5-4,161.1
144350,2-5-4,293.1
144350,3-5-4,544.1
144350,4-5-3,696.5
144350,5-4-3,1260
144350,6-4-3,1546
144350,1-5-6,138.1
144350,2-5-6,194.2
144350,3-5-6,363.2
144350,4-5-6,232
144350,5-4-6,429.7
144350,6-4-5,1069
144350,1-6-2,51.1
144350,2-6-1,69.5
144350,3-6-1,264.9
144350,4-6-1,329.4
144350,5-6-1,590.5
144350,6-5-1,1146
144350,1-6-3,85.3
144350,2-6-3,117.5
144350,3-6-2,233.7
144350,4-6-2,374.1
144350,5-6-2,632.9
144350,6-5-2,1223
144350,1-6-4,116
144350,2-6-4,198.6
144350,3-6-4,495.8
144350,4-6-3,724.1
144350,5-6-3,953.4
144350,6-5-3,1594
144350,1-6-5,191.2
144350,2-6-5,248.1
144350,3-6-5,414.1
144350,4-6-5,331.8
144350,5-6-4,762.7
144350,6-5-4,1129
144351,1-2-3,7.4
144351,2-1-3,26.8
144351,3-1-2,104.1
144351,4-1-2,126.2
144351,5-1-2,99.8
144351,6-1-2,222.1
144351,1-2-4,6
144351,2-1-4,19
144351,3-1-4,139.5
144351,4-1-3,237.3
144351,5-1-3,211.5
144351,6-1-3,456.4
144351,1-2-5,15.8
144351,2-1-5,33.1
144351,3-1-5,168.2
144351,4-1-5,188.3
144351,5-1-4,207.3
144351,6-1-4,436.6
144351,1-2-6,15.2
144351,2-1-6,27.2
144351,3-1-6,161.4
144351,4-1-6,178
144351,5-1-6,123.3
144351,6-1-5,564.6
144351,1-3-2,19.6
144351,2-3-1,80.6
144351,3-2-1,153.1
144351,4-2-1,159.9
144351,5-2-1,130.8
144351,6-2-1,286.7
144351,1-3-4,26.3
144351,2-3-4,109.9
144351,3-2-4,225.7
144351,4-2-3,394.1
144351,5-2-3,400.7
144351,6-2-3,896.7
144351,1-3-5,37.4
144351,2-3-5,167.2
144351,3-2-5,291.5
144351,4-2-5,378.6
144351,5-2-4,353.7
144351,6-2-4,689.2
144351,1-3-6,44.5
144351,2-3-6,148.4
144351,3-2-6,240.9
144351,4-2-6,253.5
144351,5-2-6,210
144351,6-2-5,794.4
144351,1-4-2,18
144351,2-4-1,59.8
144351,3-4-1,270
144351,4-3-1,411.6
144351,5-3-1,422.8
144351,6-3-1,808.6
144351,1-4-3,37
144351,2-4-3,124.8
144351,3-4-2,322.3
144351,4-3-2,505.4
144351,5-3-2,627.2
144351,6-3-2,1078
144351,1-4-5,41.6
144351,2-4-5,154.1
144351,3-4-5,435
144351,4-3-5,725.7
144351,5-3-4,927.9
144351,6-3-4,1401
144351,1-4-6,36.5
144351,2-4-6,94.5
144351,3-4-6,326.4
144351,4-3-6,462
144351,5-3-6,504.8
144351,6-3-5,1715
144351,1-5-2,43.2
144351,2-5-1,112.8
144351,3-5-1,340.2
144351,4-5-1,285.5
144351,5-4-1,339.9
144351,6-4-1,645.9
144351,1-5-3,72
144351,2-5-3,300
144351,3-5-2,512.2
144351,4-5-2,429.6
144351,5-4-2,484.3
144351,6-4-2,730.3
144351,1-5-4,77.9
144351,2-5-4,272.6
144351,3-5-4,688.2
144351,4-5-3,728
144351,5-4-3,949.3
144351,6-4-3,1556
144351,1-5-6,67.6
144351,2-5-6,207.1
144351,3-5-6,528.3
144351,4-5-6,293.6
144351,5-4-6,346.7
144351,6-4-5,1210
144351,1-6-2,54.1
144351,2-6-1,141.8
144351,3-6-1,440.5
144351,4-6-1,290.2
144351,5-6-1,179.6
144351,6-5-1,563.9
144351,1-6-3,93.2
144351,2-6-3,339.2
144351,3-6-2,568.1
144351,4-6-2,346.4
144351,5-6-2,258.6
144351,6-5-2,794.4
144351,1-6-4,87.7
144351,2-6-4,244.6
144351,3-6-4,670.8
144351,4-6-3,554.2
144351,5-6-3,511.1
144351,6-5-3,1499
144351,1-6-5,116.1
144351,2-6-5,303.9
144351,3-6-5,857.6
144351,4-6-5,464.9
144351,5-6-4,378.3
144351,6-5-4,1063
144352,1-2-3,7
144352,2-1-3,23.7
144352,3-1-2,82.1
144352,4-1-2,120.8
144352,5-1-2,116.5
144352,6-1-2,920.5
144352,1-2-4,8.6
144352,2-1-4,24.7
144352,3-1-4,97.5
144352,4-1-3,235.1
144352,5-1-3,185.7
144352,6-1-3,1175
144352,1-2-5,11.3
144352,2-1-5,29
144352,3-1-5,103.3
144352,4-1-5,136.4
144352,5-1-4,199.9
144352,6-1-4,1505
144352,1-2-6,45.4
144352,2-1-6,81.5
144352,3-1-6,199.6
144352,4-1-6,219.5
144352,5-1-6,245
144352,6-1-5,1359
144352,1-3-2,15.2
144352,2-3-1,48.7
144352,3-2-1,96.3
144352,4-2-1,144.5
144352,5-2-1,141.5
144352,6-2-1,1121
144352,1-3-4,26.2
144352,2-3-4,43.7
144352,3-2-4,63.7
144352,4-2-3,214.8
144352,5-2-3,193.7
144352,6-2-3,1415
144352,1-3-5,29.8
144352,2-3-5,50.4
144352,3-2-5,70.5
144352,4-2-5,123
144352,5-2-4,187.8
144352,6-2-4,1247
144352,1-3-6,79.6
144352,2-3-6,130.3
144352,3-2-6,143.7
144352,4-2-6,208.9
144352,5-2-6,263.5
144352,6-2-5,1431
144352,1-4-2,28.7
144352,2-4-1,67.2
144352,3-4-1,143.9
144352,4-3-1,296.2
144352,5-3-1,342
144352,6-3-1,1712
144352,1-4-3,46.2
144352,2-4-3,73.9
144352,3-4-2,114.3
144352,4-3-2,264.5
144352,5-3-2,302.4
144352,6-3-2,1920
144352,1-4-5,42.4
144352,2-4-5,65.8
144352,3-4-5,131.8
144352,4-3-5,272
144352,5-3-4,470.5
144352,6-3-4,2012
144352,1-4-6,84
144352,2-4-6,136.3
144352,3-4-6,195.9
144352,4-3-6,328.3
144352,5-3-6,629.4
144352,6-3-5,2329
144352,1-5-2,29.4
144352,2-5-1,75.4
144352,3-5-1,198.9
144352,4-5-1,157.5
144352,5-4-1,270.7
144352,6-4-1,1949
144352,1-5-3,48.6
144352,2-5-3,91.1
144352,3-5-2,159.1
144352,4-5-2,129.8
144352,5-4-2,211.1
144352,6-4-2,1437
144352,1-5-4,65.3
144352,2-5-4,87.4
144352,3-5-4,201.8
144352,4-5-3,275.3
144352,5-4-3,416.8
144352,6-4-3,2078
144352,1-5-6,110.4
144352,2-5-6,160.2
144352,3-5-6,299.5
144352,4-5-6,152.9
144352,5-4-6,288.9
144352,6-4-5,1389
144352,1-6-2,181.5
144352,2-6-1,381.8
144352,3-6-1,560.2
144352,4-6-1,430.9
144352,5-6-1,587.5
144352,6-5-1,1669
144352,1-6-3,232.2
144352,2-6-3,496
144352,3-6-2,558
144352,4-6-2,454.7
144352,5-6-2,523.8
144352,6-5-2,1546
144352,1-6-4,233.2
144352,2-6-4,402.9
144352,3-6-4,578.8
144352,4-6-3,672.6
144352,5-6-3,868.4
144352,6-5-3,2273
144352,1-6-5,267.1
144352,2-6-5,358.3
144352,3-6-5,651.8
144352,4-6-5,357.3
144352,5-6-4,596.4
144352,6-5-4,1466
144305,1-2-3,39.1
144305,2-1-3,58.1
144305,3-1-2,232.6
144305,4-1-2,20.7
144305,5-1-2,246.5
144305,6-1-2,1027
144305,1-2-4,10.3
144305,2-1-4,12.8
144305,3-1-4,270.9
144305,4-1-3,97.3
144305,5-1-3,688.1
144305,6-1-3,2316
144305,1-2-5,41.4
144305,2-1-5,42.6
144305,3-1-5,425
144305,4-1-5,30.6
144305,5-1-4,205.5
144305,6-1-4,865.6
144305,1-2-6,67.9
144305,2-1-6,61.6
144305,3-1-6,679.6
144305,4-1-6,42.3
144305,5-1-6,352.9
144305,6-1-5,1713
144305,1-3-2,82.9
144305,2-3-1,127.9
144305,3-2-1,245.1
144305,4-2-1,20.6
144305,5-2-1,224
144305,6-2-1,1096
144305,1-3-4,79.4
144305,2-3-4,86.7
144305,3-2-4,174.7
144305,4-2-3,45.7
144305,5-2-3,565.2
144305,6-2-3,1628
144305,1-3-5,156.7
144305,2-3-5,234.6
144305,3-2-5,444.5
144305,4-2-5,20.7
144305,5-2-4,154.2
144305,6-2-4,523.8
144305,1-3-6,292.6
144305,2-3-6,208.4
144305,3-2-6,571.1
144305,4-2-6,27.1
144305,5-2-6,280.6
144305,6-2-5,1442
144305,1-4-2,15.5
144305,2-4-1,17
144305,3-4-1,264.4
144305,4-3-1,176.1
144305,5-3-1,1047
144305,6-3-1,3103
144305,1-4-3,62.8
144305,2-4-3,45.5
144305,3-4-2,178.7
144305,4-3-2,127.8
144305,5-3-2,918.8
144305,6-3-2,3499
144305,1-4-5,42.6
144305,2-4-5,26.7
144305,3-4-5,411.1
144305,4-3-5,199.8
144305,5-3-4,929.2
144305,6-3-4,2492
144305,1-4-6,63.1
144305,2-4-6,42
144305,3-4-6,502.9
144305,4-3-6,213
144305,5-3-6,1405
144305,6-3-5,3825
144305,1-5-2,115.5
144305,2-5-1,116.8
144305,3-5-1,751
144305,4-5-1,29.6
144305,5-4-1,130.9
144305,6-4-1,665.9
144305,1-5-3,214.7
144305,2-5-3,123.3
144305,3-5-2,691
144305,4-5-2,19.1
144305,5-4-2,102.8
144305,6-4-2,419.5
144305,1-5-4,107.2
144305,2-5-4,60.4
144305,3-5-4,731
144305,4-5-3,81.4
144305,5-4-3,416.4
144305,6-4-3,1731
144305,1-5-6,210.8
144305,2-5-6,179.9
144305,3-5-6,1227
144305,4-5-6,26.5
144305,5-4-6,132
144305,6-4-5,705.9
144305,1-6-2,205
144305,2-6-1,244
144305,3-6-1,1134
144305,4-6-1,67.7
144305,5-6-1,577.1
144305,6-5-1,1628
144305,1-6-3,363
144305,2-6-3,650.1
144305,3-6-2,1370
144305,4-6-2,51.1
144305,5-6-2,501.4
144305,6-5-2,1628
144305,1-6-4,209.2
144305,2-6-4,156.9
144305,3-6-4,1315
144305,4-6-3,256.5
144305,5-6-3,1227
144305,6-5-3,2787
144305,1-6-5,355.2
144305,2-6-5,307.4
144305,3-6-5,1807
144305,4-6-5,59.3
144305,5-6-4,367.9
144305,6-5-4,908.7
144306,1-2-3,11.2
144306,2-1-3,40.9
144306,3-1-2,59.2
144306,4-1-2,188.7
144306,5-1-2,49.9
144306,6-1-2,1123
144306,1-2-4,22.2
144306,2-1-4,50.7
144306,3-1-4,70.4
144306,4-1-3,240.6
144306,5-1-3,50.2
144306,6-1-3,1523
144306,1-2-5,9.4
144306,2-1-5,30.1
144306,3-1-5,36.6
144306,4-1-5,138.3
144306,5-1-4,96.4
144306,6-1-4,1160
144306,1-2-6,86.8
144306,2-1-6,147.2
144306,3-1-6,209.5
144306,4-1-6,315
144306,5-1-6,127.3
144306,6-1-5,1074
144306,1-3-2,12.1
144306,2-3-1,90.4
144306,3-2-1,86.5
144306,4-2-1,314.5
144306,5-2-1,86.7
144306,6-2-1,1990
144306,1-3-4,23.8
144306,2-3-4,129
144306,3-2-4,129
144306,4-2-3,671.2
144306,5-2-3,119.7
144306,6-2-3,1317
144306,1-3-5,9.2
144306,2-3-5,65.2
144306,3-2-5,68.2
144306,4-2-5,292.9
144306,5-2-4,218.1
144306,6-2-4,2189
144306,1-3-6,90.5
144306,2-3-6,243.9
144306,3-2-6,266.6
144306,4-2-6,679
144306,5-2-6,270.7
144306,6-2-5,1751
144306,1-4-2,40.9
144306,2-4-1,166.5
144306,3-4-1,137.8
144306,4-3-1,356
144306,5-3-1,93.8
144306,6-3-1,2539
144306,1-4-3,46.3
144306,2-4-3,241.3
144306,3-4-2,181.1
144306,4-3-2,459.8
144306,5-3-2,129.4
144306,6-3-2,1668
144306,1-4-5,39.1
144306,2-4-5,181.5
144306,3-4-5,108.6
144306,4-3-5,275.4
144306,5-3-4,217.3
144306,6-3-4,2969
144306,1-4-6,161.4
144306,2-4-6,616.8
144306,3-4-6,587.8
144306,4-3-6,1012
144306,5-3-6,294.4
144306,6-3-5,2654
144306,1-5-2,12.2
144306,2-5-1,56.7
144306,3-5-1,61.5
144306,4-5-1,181.5
144306,5-4-1,177.8
144306,6-4-1,2433
144306,1-5-3,16.3
144306,2-5-3,84.6
144306,3-5-2,87.2
144306,4-5-2,244.3
144306,5-4-2,238.6
144306,6-4-2,2737
144306,1-5-4,36.9
144306,2-5-4,137.4
144306,3-5-4,108.2
144306,4-5-3,295.4
144306,5-4-3,279.8
144306,6-4-3,3435
144306,1-5-6,64
144306,2-5-6,221.2
144306,3-5-6,288.1
144306,4-5-6,340.8
144306,5-4-6,358.2
144306,6-4-5,2162
144306,1-6-2,313.9
144306,2-6-1,695.2
144306,3-6-1,661
144306,4-6-1,867.2
144306,5-6-1,343.5
144306,6-5-1,1074
144306,1-6-3,338.2
144306,2-6-3,715
144306,3-6-2,778.6
144306,4-6-2,1307
144306,5-6-2,434.7
144306,6-5-2,1368
144306,1-6-4,399
144306,2-6-4,1199
144306,3-6-4,1288
144306,4-6-3,1863
144306,5-6-3,485.2
144306,6-5-3,1844
144306,1-6-5,256.1
144306,2-6-5,755.1
144306,3-6-5,907.7
144306,4-6-5,755.1
144306,5-6-4,621.2
144306,6-5-4,1578
144307,1-2-3,61.1
144307,2-1-3,245.2
144307,3-1-2,309.2
144307,4-1-2,34.1
144307,5-1-2,328.3
144307,6-1-2,755.1
144307,1-2-4,41
144307,2-1-4,120.8
144307,3-1-4,99
144307,4-1-3,26.3
144307,5-1-3,448
144307,6-1-3,933.4
144307,1-2-5,118.8
144307,2-1-5,276.2
144307,3-1-5,206.3
144307,4-1-5,15
144307,5-1-4,165.5
144307,6-1-4,313
144307,1-2-6,138.3
144307,2-1-6,311.6
144307,3-1-6,250.4
144307,4-1-6,14.7
144307,5-1-6,175.9
144307,6-1-5,667.6
144307,1-3-2,70.9
144307,2-3-1,362
144307,3-2-1,282.4
144307,4-2-1,64.5
144307,5-2-1,688.1
144307,6-2-1,854.3
144307,1-3-4,32.2
144307,2-3-4,243.5
144307,3-2-4,245.8
144307,4-2-3,103
144307,5-2-3,908.2
144307,6-2-3,1237
144307,1-3-5,105.3
144307,2-3-5,553.9
144307,3-2-5,435.4
144307,4-2-5,60.3
144307,5-2-4,521
144307,6-2-4,400
144307,1-3-6,99.9
144307,2-3-6,593
144307,3-2-6,681.2
144307,4-2-6,58.4
144307,5-2-6,618.5
144307,6-2-5,1003
144307,1-4-2,28
144307,2-4-1,130.3
144307,3-4-1,96.6
144307,4-3-1,45.8
144307,5-3-1,618.5
144307,6-3-1,1276
144307,1-4-3,20.3
144307,2-4-3,190.7
144307,3-4-2,197.6
144307,4-3-2,119
144307,5-3-2,1044
144307,6-3-2,1600
144307,1-4-5,28.6
144307,2-4-5,168.1
144307,3-4-5,122.2
144307,4-3-5,51
144307,5-3-4,386.2
144307,6-3-4,654.6
144307,1-4-6,29.2
144307,2-4-6,158.3
144307,3-4-6,120.3
144307,4-3-6,46.9
144307,5-3-6,681.2
144307,6-3-5,1276
144307,1-5-2,174.1
144307,2-5-1,511.7
144307,3-5-1,406.5
144307,4-5-1,14.7
144307,5-4-1,122.3
144307,6-4-1,254.9
144307,1-5-3,142.5
144307,2-5-3,683.5
144307,3-5-2,658.9
144307,4-5-2,31.8
144307,5-4-2,169.1
144307,6-4-2,290.1
144307,1-5-4,75.2
144307,2-5-4,385.5
144307,3-5-4,233.6
144307,4-5-3,29.7
144307,5-4-3,244.1
144307,6-4-3,424.4
144307,1-5-6,125.7
144307,2-5-6,525
144307,3-5-6,490.5
144307,4-5-6,10.2
144307,5-4-6,72.1
144307,6-4-5,180.6
144307,1-6-2,220.6
144307,2-6-1,695.2
144307,3-6-1,579.4
144307,4-6-1,20.9
144307,5-6-1,257.1
144307,6-5-1,681.2
144307,1-6-3,222
144307,2-6-3,974
144307,3-6-2,974
144307,4-6-2,35.4
144307,5-6-2,380.4
144307,6-5-2,858
144307,1-6-4,102.2
144307,2-6-4,351.8
144307,3-6-4,318
144307,4-6-3,37.5
144307,5-6-3,663.2
144307,6-5-3,1252
144307,1-6-5,184.6
144307,2-6-5,760.8
144307,3-6-5,735.8
144307,4-6-5,15
144307,5-6-4,123.2
144307,6-5-4,215.4
144308,1-2-3,25.6
144308,2-1-3,29.8
144308,3-1-2,15.7
144308,4-1-2,553.3
144308,5-1-2,1447
144308,6-1-2,299.5
144308,1-2-4,95.5
144308,2-1-4,111.8
144308,3-1-4,22.6
144308,4-1-3,328.4
144308,5-1-3,831.3
144308,6-1-3,213.1
144308,1-2-5,170
144308,2-1-5,208.5
144308,3-1-5,54.7
144308,4-1-5,609.6
144308,5-1-4,1357
144308,6-1-4,720.9
144308,1-2-6,59.3
144308,2-1-6,56.8
144308,3-1-6,14.9
144308,4-1-6,454.8
144308,5-1-6,976.1
144308,6-1-5,1173
144308,1-3-2,18.6
144308,2-3-1,30.2
144308,3-2-1,19.7
144308,4-2-1,542.9
144308,5-2-1,1720
144308,6-2-1,324.1
144308,1-3-4,27.4
144308,2-3-4,38.6
144308,3-2-4,24.6
144308,4-2-3,193.4
144308,5-2-3,881.9
144308,6-2-3,114.6
144308,1-3-5,63.7
144308,2-3-5,75.2
144308,3-2-5,50.3
144308,4-2-5,653.1
144308,5-2-4,1809
144308,6-2-4,327.2
144308,1-3-6,22.5
144308,2-3-6,19.6
144308,3-2-6,11.6
144308,4-2-6,184.4
144308,5-2-6,1092
144308,6-2-5,648.3
144308,1-4-2,180.9
144308,2-4-1,218.5
144308,3-4-1,49.7
144308,4-3-1,245
144308,5-3-1,811.9
144308,6-3-1,161.9
144308,1-4-3,124.9
144308,2-4-3,88.9
144308,3-4-2,44.4
144308,4-3-2,192.2
144308,5-3-2,811.9
144308,6-3-2,100.8
144308,1-4-5,311.9
144308,2-4-5,315.9
144308,3-4-5,71
144308,4-3-5,400.3
144308,5-3-4,904.9
144308,6-3-4,241.6
144308,1-4-6,173.7
144308,2-4-6,88.6
144308,3-4-6,34.3
144308,4-3-6,166.1
144308,5-3-6,653.1
144308,6-3-5,421.7
144308,1-5-2,444.3
144308,2-5-1,579.1
144308,3-5-1,140.2
144308,4-5-1,782.6
144308,5-4-1,1412
144308,6-4-1,965.2
144308,1-5-3,271
144308,2-5-3,263.6
144308,3-5-2,114.9
144308,4-5-2,715
144308,5-4-2,1888
144308,6-4-2,400.3
144308,1-5-4,502.1
144308,2-5-4,575.3
144308,3-5-4,133.1
144308,4-5-3,508
144308,5-4-3,1059
144308,6-4-3,388.7
144308,1-5-6,444.3
144308,2-5-6,293.9
144308,3-5-6,73.5
144308,4-5-6,490.8
144308,5-4-6,1173
144308,6-4-5,1143
144308,1-6-2,111.7
144308,2-6-1,111.8
144308,3-6-1,25.5
144308,4-6-1,556.8
144308,5-6-1,1497
144308,6-5-1,1686
144308,1-6-3,97.9
144308,2-6-3,47.4
144308,3-6-2,18
144308,4-6-2,220.7
144308,5-6-2,1173
144308,6-5-2,1277
144308,1-6-4,229.5
144308,2-6-4,120.5
144308,3-6-4,45.9
144308,4-6-3,261.6
144308,5-6-3,900.2
144308,6-5-3,944.2
144308,1-6-5,344
144308,2-6-5,260.8
144308,3-6-5,68.6
144308,4-6-5,526.5
144308,5-6-4,1190
144308,6-5-4,1287
144309,1-2-3,19.1
144309,2-1-3,221.9
144309,3-1-2,331.3
144309,4-1-2,50.6
144309,5-1-2,892.1
144309,6-1-2,76
144309,1-2-4,8.4
144309,2-1-4,113.4
144309,3-1-4,297.9
144309,4-1-3,107
144309,5-1-3,1127
144309,6-1-3,146.2
144309,1-2-5,70.8
144309,2-1-5,436.7
144309,3-1-5,629.5
144309,4-1-5,87.2
144309,5-1-4,711.4
144309,6-1-4,60.7
144309,1-2-6,9.7
144309,2-1-6,113
144309,3-1-6,279.2
144309,4-1-6,29.1
144309,5-1-6,590.5
144309,6-1-5,165.4
144309,1-3-2,29.9
144309,2-3-1,508.6
144309,3-2-1,511.7
144309,4-2-1,138.5
144309,5-2-1,1951
144309,6-2-1,215.5
144309,1-3-4,21.7
144309,2-3-4,939.8
144309,3-2-4,901.7
144309,4-2-3,416
144309,5-2-3,2780
144309,6-2-3,749.7
144309,1-3-5,91.5
144309,2-3-5,1863
144309,3-2-5,1611
144309,4-2-5,400
144309,5-2-4,2072
144309,6-2-4,322.9
144309,1-3-6,22.4
144309,2-3-6,967.1
144309,3-2-6,885
144309,4-2-6,160.4
144309,5-2-6,2317
144309,6-2-5,1004
144309,1-4-2,9
144309,2-4-1,267.3
144309,3-4-1,475.2
144309,4-3-1,354.1
144309,5-3-1,1833
144309,6-3-1,452.7
144309,1-4-3,21.8
144309,2-4-3,864.3
144309,3-4-2,796.3
144309,4-3-2,698
144309,5-3-2,3439
144309,6-3-2,840.4
144309,1-4-5,37.8
144309,2-4-5,1263
144309,3-4-5,1079
144309,4-3-5,1020
144309,5-3-4,2224
144309,6-3-4,720.6
144309,1-4-6,7.1
144309,2-4-6,347.9
144309,3-4-6,604.4
144309,4-3-6,397.2
144309,5-3-6,2209
144309,6-3-5,1350
144309,1-5-2,176.1
144309,2-5-1,1711
144309,3-5-1,1329
144309,4-5-1,220.5
144309,5-4-1,549.6
144309,6-4-1,84.4
144309,1-5-3,215.5
144309,2-5-3,2901
144309,3-5-2,2606
144309,4-5-2,404.4
144309,5-4-2,1146
144309,6-4-2,228.5
144309,1-5-4,139
144309,2-5-4,1863
144309,3-5-4,2072
144309,4-5-3,725.3
144309,5-4-3,1928
144309,6-4-3,473.9
144309,1-5-6,111.3
144309,2-5-6,1803
144309,3-5-6,1863
144309,4-5-6,203.2
144309,5-4-6,493.5
144309,6-4-5,280.1
144309,1-6-2,13.8
144309,2-6-1,293.1
144309,3-6-1,406.4
144309,4-6-1,35
144309,5-6-1,868.8
144309,6-5-1,500.2
144309,1-6-3,26.4
144309,2-6-3,914.1
144309,3-6-2,916.6
144309,4-6-2,89.3
144309,5-6-2,1874
144309,6-5-2,1249
144309,1-6-4,11.9
144309,2-6-4,432.7
144309,3-6-4,613.3
144309,4-6-3,213.4
144309,5-6-3,1544
144309,6-5-3,1288
144309,1-6-5,48.6
144309,2-6-5,1131
144309,3-6-5,1108
144309,4-6-5,112.4
144309,5-6-4,767
144309,6-5-4,640.4
144310,1-2-3,35
144310,2-1-3,17.2
144310,3-1-2,115.1
144310,4-1-2,247.9
144310,5-1-2,66.3
144310,6-1-2,457.2
144310,1-2-4,36.1
144310,2-1-4,22.3
144310,3-1-4,244
144310,4-1-3,518.7
144310,5-1-3,167.6
144310,6-1-3,733.2
144310,1-2-5,20.4
144310,2-1-5,9.4
144310,3-1-5,151.8
144310,4-1-5,277
144310,5-1-4,166.2
144310,6-1-4,1134
144310,1-2-6,71.6
144310,2-1-6,47.7
144310,3-1-6,303.8
144310,4-1-6,650.7
144310,5-1-6,250.9
144310,6-1-5,741.4
144310,1-3-2,79.1
144310,2-3-1,31.5
144310,3-2-1,84.6
144310,4-2-1,222.5
144310,5-2-1,52.5
144310,6-2-1,453
144310,1-3-4,167
144310,2-3-4,29.9
144310,3-2-4,93.4
144310,4-2-3,288.6
144310,5-2-3,64.9
144310,6-2-3,432.6
144310,1-3-5,105.5
144310,2-3-5,14.2
144310,3-2-5,55
144310,4-2-5,102.8
144310,5-2-4,58.2
144310,6-2-4,669.6
144310,1-3-6,198.1
144310,2-3-6,53.4
144310,3-2-6,133.4
144310,4-2-6,371.4
144310,5-2-6,110.3
144310,6-2-5,434.1
144310,1-4-2,94
144310,2-4-1,44.3
144310,3-4-1,311.2
144310,4-3-1,731.8
144310,5-3-1,257.8
144310,6-3-1,933
144310,1-4-3,209.9
144310,2-4-3,39.4
144310,3-4-2,200.7
144310,4-3-2,424.7
144310,5-3-2,135.6
144310,6-3-2,564.8
144310,1-4-5,107.7
144310,2-4-5,20
144310,3-4-5,216.6
144310,4-3-5,481.9
144310,5-3-4,339.4
144310,6-3-4,1278
144310,1-4-6,234.2
144310,2-4-6,86.1
144310,3-4-6,480.1
144310,4-3-6,898.9
144310,5-3-6,481.3
144310,6-3-5,1230
144310,1-5-2,43
144310,2-5-1,14.9
144310,3-5-1,176.7
144310,4-5-1,248.4
144310,5-4-1,251.1
144310,6-4-1,1757
144310,1-5-3,108.4
144310,2-5-3,15.6
144310,3-5-2,86.9
144310,4-5-2,119.4
144310,5-4-2,112
144310,6-4-2,1081
144310,1-5-4,100.9
144310,2-5-4,15
144310,3-5-4,207.7
144310,4-5-3,358.9
144310,5-4-3,339.7
144310,6-4-3,1949
144310,1-5-6,161.1
144310,2-5-6,33.5
144310,3-5-6,272.2
144310,4-5-6,361.2
144310,5-4-6,422
144310,6-4-5,1550
144310,1-6-2,258
144310,2-6-1,126.3
144310,3-6-1,550.6
144310,4-6-1,1087
144310,5-6-1,423.8
144310,6-5-1,882.8
144310,1-6-3,372.8
144310,2-6-3,152.5
144310,3-6-2,316.7
144310,4-6-2,721.1
144310,5-6-2,247.9
144310,6-5-2,510
144310,1-6-4,497.7
144310,2-6-4,210.3
144310,3-6-4,763
144310,4-6-3,1182
144310,5-6-3,663.9
144310,6-5-3,1308
144310,1-6-5,359.9
144310,2-6-5,92.1
144310,3-6-5,533.5
144310,4-6-5,717.1
144310,5-6-4,661.7
144310,6-5-4,1087
144311,1-2-3,0
144311,2-1-3,0
144311,3-1-2,0
144311,4-1-2,0
144311,5-1-2,0
144311,6-1-2,0
144311,1-2-4,0
144311,2-1-4,0
144311,3-1-4,0
144311,4-1-3,0
144311,5-1-3,0
144311,6-1-3,0
144311,1-2-5,0
144311,2-1-5,0
144311,3-1-5,0
144311,4-1-5,0
144311,5-1-4,0
144311,6-1-4,0
144311,1-2-6,0
144311,2-1-6,0
144311,3-1-6,0
144311,4-1-6,0
144311,5-1-6,0
144311,6-1-5,0
144311,1-3-2,0
144311,2-3-1,0
144311,3-2-1,0
144311,4-2-1,0
144311,5-2-1,0
144311,6-2-1,0
144311,1-3-4,0
144311,2-3-4,31.1
144311,3-2-4,32.6
144311,4-2-3,195.5
144311,5-2-3,29.3
144311,6-2-3,107
144311,1-3-5,0
144311,2-3-5,15.1
144311,3-2-5,21
144311,4-2-5,203.7
144311,5-2-4,62.9
144311,6-2-4,178.9
144311,1-3-6,0
144311,2-3-6,28.4
144311,3-2-6,29.8
144311,4-2-6,259.1
144311,5-2-6,21.2
144311,6-2-5,66.8
144311,1-4-2,0
144311,2-4-1,0
144311,3-4-1,0
144311,4-3-1,0
144311,5-3-1,0
144311,6-3-1,0
144311,1-4-3,0
144311,2-4-3,58.4
144311,3-4-2,69.6
144311,4-3-2,196.2
144311,5-3-2,29
144311,6-3-2,97.9
144311,1-4-5,0
144311,2-4-5,63.8
144311,3-4-5,65
144311,4-3-5,184.2
144311,5-3-4,52
144311,6-3-4,142.7
144311,1-4-6,0
144311,2-4-6,94.6
144311,3-4-6,79.6
144311,4-3-6,194.1
144311,5-3-6,15.7
144311,6-3-5,62.8
144311,1-5-2,0
144311,2-5-1,0
144311,3-5-1,0
144311,4-5-1,0
144311,5-4-1,0
144311,6-4-1,0
144311,1-5-3,0
144311,2-5-3,18.2
144311,3-5-2,22.2
144311,4-5-2,190.5
144311,5-4-2,106.7
144311,6-4-2,279.9
144311,1-5-4,0
144311,2-5-4,50.6
144311,3-5-4,43.9
144311,4-5-3,176.8
144311,5-4-3,86.6
144311,6-4-3,225.8
144311,1-5-6,0
144311,2-5-6,18.2
144311,3-5-6,14
144311,4-5-6,111.4
144311,5-4-6,72.2
144311,6-4-5,198.1
144311,1-6-2,0
144311,2-6-1,0
144311,3-6-1,0
144311,4-6-1,0
144311,5-6-1,0
144311,6-5-1,0
144311,1-6-3,0
144311,2-6-3,61.9
144311,3-6-2,51
144311,4-6-2,286.2
144311,5-6-2,15.2
144311,6-5-2,44.6
144311,1-6-4,0
144311,2-6-4,111.4
144311,3-6-4,84.5
144311,4-6-3,247.1
144311,5-6-3,11.3
144311,6-5-3,38.7
144311,1-6-5,0
144311,2-6-5,39.6
144311,3-6-5,42.4
144311,4-6-5,160.8
144311,5-6-4,35.6
144311,6-5-4,84
144312,1-2-3,8.8
144312,2-1-3,11.4
144312,3-1-2,74.4
144312,4-1-2,75.4
144312,5-1-2,820
144312,6-1-2,796.5
144312,1-2-4,7.7
144312,2-1-4,10.2
144312,3-1-4,111.1
144312,4-1-3,161.1
144312,5-1-3,1097
144312,6-1-3,1431
144312,1-2-5,46.2
144312,2-1-5,41.8
144312,3-1-5,267.3
144312,4-1-5,272.4
144312,5-1-4,1197
144312,6-1-4,1321
144312,1-2-6,36.5
144312,2-1-6,32.2
144312,3-1-6,301.4
144312,4-1-6,231.8
144312,5-1-6,1267
144312,6-1-5,1906
144312,1-3-2,17.7
144312,2-3-1,22.5
144312,3-2-1,74
144312,4-2-1,72.3
144312,5-2-1,840.7
144312,6-2-1,808.1
144312,1-3-4,34.1
144312,2-3-4,17.7
144312,3-2-4,58.7
144312,4-2-3,102.5
144312,5-2-3,756.7
144312,6-2-3,839.3
144312,1-3-5,135.6
144312,2-3-5,46.9
144312,3-2-5,141.9
144312,4-2-5,157.1
144312,5-2-4,845
144312,6-2-4,716.5
144312,1-3-6,131.4
144312,2-3-6,40
144312,3-2-6,136.5
144312,4-2-6,145.5
144312,5-2-6,665
144312,6-2-5,877.7
144312,1-4-2,19.5
144312,2-4-1,21
144312,3-4-1,179
144312,4-3-1,292.9
144312,5-3-1,1499
144312,6-3-1,2239
144312,1-4-3,52.4
144312,2-4-3,22.7
144312,3-4-2,98.5
144312,4-3-2,169.3
144312,5-3-2,921.4
144312,6-3-2,1212
144312,1-4-5,134.4
144312,2-4-5,48.3
144312,3-4-5,279.6
144312,4-3-5,494.9
144312,5-3-4,1842
144312,6-3-4,2089
144312,1-4-6,92.6
144312,2-4-6,40.2
144312,3-4-6,314.1
144312,4-3-6,506
144312,5-3-6,2055
144312,6-3-5,2774
144312,1-5-2,210.1
144312,2-5-1,128.3
144312,3-5-1,563.6
144312,4-5-1,350.9
144312,5-4-1,1387
144312,6-4-1,1746
144312,1-5-3,356.9
144312,2-5-3,132.9
144312,3-5-2,388
144312,4-5-2,310.4
144312,5-4-2,935.2
144312,6-4-2,949.4
144312,1-5-4,372.9
144312,2-5-4,127.9
144312,3-5-4,714.4
144312,4-5-3,619.6
144312,5-4-3,1771
144312,6-4-3,2355
144312,1-5-6,406.3
144312,2-5-6,102.9
144312,3-5-6,754.4
144312,4-5-6,338.5
144312,5-4-6,1274
144312,6-4-5,1822
144312,1-6-2,193.4
144312,2-6-1,120.8
144312,3-6-1,785.2
144312,4-6-1,372.9
144312,5-6-1,1764
144312,6-5-1,2436
144312,1-6-3,408
144312,2-6-3,136.4
144312,3-6-2,463.7
144312,4-6-2,308.1
144312,5-6-2,795.2
144312,6-5-2,1183
144312,1-6-4,388.6
144312,2-6-4,111.9
144312,3-6-4,768.3
144312,4-6-3,707.4
144312,5-6-3,1913
144312,6-5-3,2886
144312,1-6-5,517
144312,2-6-5,150.5
144312,3-6-5,1004
144312,4-6-5,553.6
144312,5-6-4,1395
144312,6-5-4,1642
144313,1-2-3,35.2
144313,2-1-3,235.3
144313,3-1-2,49.7
144313,4-1-2,525.3
144313,5-1-2,1403
144313,6-1-2,74.9
144313,1-2-4,124.2
144313,2-1-4,568.3
144313,3-1-4,28.3
144313,4-1-3,220.5
144313,5-1-3,549.3
144313,6-1-3,20.6
144313,1-2-5,169.5
144313,2-1-5,779.7
144313,3-1-5,40.6
144313,4-1-5,491.8
144313,5-1-4,1231
144313,6-1-4,73.1
144313,1-2-6,41
144313,2-1-6,302.6
144313,3-1-6,14.1
144313,4-1-6,283.2
144313,5-1-6,738.8
144313,6-1-5,109.7
144313,1-3-2,21.7
144313,2-3-1,317.9
144313,3-2-1,142.7
144313,4-2-1,1097
144313,5-2-1,1368
144313,6-2-1,214.3
144313,1-3-4,18.2
144313,2-3-4,561.9
144313,3-2-4,227.9
144313,4-2-3,889.5
144313,5-2-3,1888
144313,6-2-3,171
144313,1-3-5,31.2
144313,2-3-5,736.6
144313,3-2-5,289.1
144313,4-2-5,1365
144313,5-2-4,2488
144313,6-2-4,530.4
144313,1-3-6,7.8
144313,2-3-6,324.6
144313,3-2-6,111.2
144313,4-2-6,1087
144313,5-2-6,1866
144313,6-2-5,665
144313,1-4-2,167.8
144313,2-4-1,863
144313,3-4-1,38.4
144313,4-3-1,189.9
144313,5-3-1,594.4
144313,6-3-1,23.5
144313,1-4-3,66.1
144313,2-4-3,878.4
144313,3-4-2,118.4
144313,4-3-2,509
144313,5-3-2,1384
144313,6-3-2,71.8
144313,1-4-5,187.7
144313,2-4-5,1574
144313,3-4-5,58.5
144313,4-3-5,289.8
144313,5-3-4,883.1
144313,6-3-4,41
144313,1-4-6,78.8
144313,2-4-6,1235
144313,3-4-6,38.3
144313,4-3-6,141.6
144313,5-3-6,581.1
144313,6-3-5,70.9
144313,1-5-2,376.7
144313,2-5-1,1631
144313,3-5-1,77
144313,4-5-1,783.4
144313,5-4-1,1080
144313,6-4-1,178.5
144313,1-5-3,128.6
144313,2-5-3,1488
144313,3-5-2,178.8
144313,4-5-2,1273
144313,5-4-2,2250
144313,6-4-2,464
144313,1-5-4,314
144313,2-5-4,1940
144313,3-5-4,103.4
144313,4-5-3,539.1
144313,5-4-3,1173
144313,6-4-3,131.4
144313,1-5-6,153.7
144313,2-5-6,1838
144313,3-5-6,77.5
144313,4-5-6,866
144313,5-4-6,1759
144313,6-4-5,372.4
144313,1-6-2,28
144313,2-6-1,448.8
144313,3-6-1,18.8
144313,4-6-1,364.4
144313,5-6-1,999.5
144313,6-5-1,364.4
144313,1-6-3,8.4
144313,2-6-3,366.6
144313,3-6-2,55.8
144313,4-6-2,924.5
144313,5-6-2,1979
144313,6-5-2,912.5
144313,1-6-4,34.7
144313,2-6-4,1011
144313,3-6-4,24.4
144313,4-6-3,224.3
144313,5-6-3,712.1
144313,6-5-3,275.1
144313,1-6-5,57.4
144313,2-6-5,1263
144313,3-6-5,45
144313,4-6-5,822.6
144313,5-6-4,1766
144313,6-5-4,564.4
144314,1-2-3,7.4
144314,2-1-3,31.8
144314,3-1-2,172.3
144314,4-1-2,119.4
144314,5-1-2,53.5
144314,6-1-2,1035
144314,1-2-4,9.9
144314,2-1-4,27.5
144314,3-1-4,314
144314,4-1-3,392.4
144314,5-1-3,148.9
144314,6-1-3,2220
144314,1-2-5,5.8
144314,2-1-5,18.3
144314,3-1-5,191.2
144314,4-1-5,125.1
144314,5-1-4,127.9
144314,6-1-4,1494
144314,1-2-6,33.2
144314,2-1-6,64.9
144314,3-1-6,500.6
144314,4-1-6,246.6
144314,5-1-6,127
144314,6-1-5,1283
144314,1-3-2,17.3
144314,2-3-1,97.7
144314,3-2-1,245.5
144314,4-2-1,154.4
144314,5-2-1,78.2
144314,6-2-1,1316
144314,1-3-4,51.4
144314,2-3-4,168.7
144314,3-2-4,421.3
144314,4-2-3,437.2
144314,5-2-3,244.7
144314,6-2-3,2177
144314,1-3-5,21
144314,2-3-5,124.5
144314,3-2-5,291.7
144314,4-2-5,142.1
144314,5-2-4,174.8
144314,6-2-4,1184
144314,1-3-6,121.9
144314,2-3-6,316.3
144314,3-2-6,731.5
144314,4-2-6,229.5
144314,5-2-6,163.6
144314,6-2-5,1123
144314,1-4-2,31.4
144314,2-4-1,73
144314,3-4-1,662.2
144314,4-3-1,875.1
144314,5-3-1,443.4
144314,6-3-1,3561
144314,1-4-3,101.4
144314,2-4-3,189.3
144314,3-4-2,628.4
144314,4-3-2,741.1
144314,5-3-2,467.5
144314,6-3-2,2888
144314,1-4-5,46.7
144314,2-4-5,79.1
144314,3-4-5,675.6
144314,4-3-5,876.5
144314,5-3-4,872.4
144314,6-3-4,2379
144314,1-4-6,130.2
144314,2-4-6,127.8
144314,3-4-6,923.7
144314,4-3-6,1027
144314,5-3-6,894.5
144314,6-3-5,3217
144314,1-5-2,12.1
144314,2-5-1,48.8
144314,3-5-1,368.6
144314,4-5-1,115.5
144314,5-4-1,158.9
144314,6-4-1,1814
144314,1-5-3,27.5
144314,2-5-3,131.5
144314,3-5-2,389.1
144314,4-5-2,116.2
144314,5-4-2,168.4
144314,6-4-2,1042
144314,1-5-4,33.1
144314,2-5-4,90.8
144314,3-5-4,713.1
144314,4-5-3,391.3
144314,5-4-3,588.6
144314,6-4-3,2169
144314,1-5-6,56.3
144314,2-5-6,121.6
144314,3-5-6,733.4
144314,4-5-6,122.7
144314,5-4-6,202
144314,6-4-5,842.6
144314,1-6-2,165
144314,2-6-1,342.5
144314,3-6-1,1415
144314,4-6-1,467.5
144314,5-6-1,283.6
144314,6-5-1,1228
144314,1-6-3,373
144314,2-6-3,765.1
144314,3-6-2,1313
144314,4-6-2,388.8
144314,5-6-2,274.7
144314,6-5-2,995.1
144314,1-6-4,334.2
144314,2-6-4,384.6
144314,3-6-4,1361
144314,4-6-3,877.8
144314,5-6-3,678.1
144314,6-5-3,2633
144314,1-6-5,229.3
144314,2-6-5,355
144314,3-6-5,1269
144314,4-6-5,286.2
144314,5-6-4,333.4
144314,6-5-4,837.6
144315,1-2-3,6.9
144315,2-1-3,51.4
144315,3-1-2,17.5
144315,4-1-2,206.9
144315,5-1-2,1156
144315,6-1-2,779.1
144315,1-2-4,17.5
144315,2-1-4,116.8
144315,3-1-4,13.1
144315,4-1-3,122.6
144315,5-1-3,670.5
144315,6-1-3,521.4
144315,1-2-5,62.5
144315,2-1-5,320.3
144315,3-1-5,39.8
144315,4-1-5,442.4
144315,5-1-4,1152
144315,6-1-4,996.1
144315,1-2-6,62.5
144315,2-1-6,300.6
144315,3-1-6,38.5
144315,4-1-6,511.2
144315,5-1-6,1460
144315,6-1-5,1372
144315,1-3-2,5.5
144315,2-3-1,87.5
144315,3-2-1,49.4
144315,4-2-1,349
144315,5-2-1,2038
144315,6-2-1,2090
144315,1-3-4,5.4
144315,2-3-4,126.6
144315,3-2-4,67.6
144315,4-2-3,336.6
144315,5-2-3,1596
144315,6-2-3,1919
144315,1-3-5,20.7
144315,2-3-5,357.8
144315,3-2-5,185.5
144315,4-2-5,1014
144315,5-2-4,2320
144315,6-2-4,2921
144315,1-3-6,18.6
144315,2-3-6,371
144315,3-2-6,171.5
144315,4-2-6,1045
144315,5-2-6,2784
144315,6-2-5,3595
144315,1-4-2,28.3
144315,2-4-1,253.5
144315,3-4-1,31.4
144315,4-3-1,154.8
144315,5-3-1,929.6
144315,6-3-1,647.3
144315,1-4-3,18.1
144315,2-4-3,245.6
144315,3-4-2,52.6
144315,4-3-2,264.4
144315,5-3-2,1619
144315,6-3-2,1116
144315,1-4-5,91.5
144315,2-4-5,817
144315,3-4-5,72
144315,4-3-5,436.5
144315,5-3-4,1454
144315,6-3-4,1053
144315,1-4-6,93.6
144315,2-4-6,892.8
144315,3-4-6,105.6
144315,4-3-6,451.9
144315,5-3-6,2167
144315,6-3-5,1636
144315,1-5-2,201.4
144315,2-5-1,1194
144315,3-5-1,164.7
144315,4-5-1,1045
144315,5-4-1,1828
144315,6-4-1,2704
144315,1-5-3,108.4
144315,2-5-3,1071
144315,3-5-2,304.3
144315,4-5-2,1374
144315,5-4-2,2469
144315,6-4-2,3576
144315,1-5-4,270.6
144315,2-5-4,1580
144315,3-5-4,225.2
144315,4-5-3,936.2
144315,5-4-3,1793
144315,6-4-3,2379
144315,1-5-6,366.6
144315,2-5-6,2104
144315,3-5-6,312.6
144315,4-5-6,1428
144315,5-4-6,3116
144315,6-4-5,5499
144315,1-6-2,178.6
144315,2-6-1,1404
144315,3-6-1,204.7
144315,4-6-1,1225
144315,5-6-1,4039
144315,6-5-1,4482
144315,1-6-3,104.2
144315,2-6-3,1237
144315,3-6-2,364.1
144315,4-6-2,1507
144315,5-6-2,3087
144315,6-5-2,5453
144315,1-6-4,252.4
144315,2-6-4,1812
144315,3-6-4,273.7
144315,4-6-3,1122
144315,5-6-3,3739
144315,6-5-3,4305
144315,1-6-5,438.3
144315,2-6-5,2682
144315,3-6-5,446.1
144315,4-6-5,1864
144315,5-6-4,4392
144315,6-5-4,4812
144316,1-2-3,24.3
144316,2-1-3,317.8
144316,3-1-2,336.8
144316,4-1-2,64.9
144316,5-1-2,504.7
144316,6-1-2,587
144316,1-2-4,13.2
144316,2-1-4,194.5
144316,3-1-4,154.1
144316,4-1-3,64.3
144316,5-1-3,322.4
144316,6-1-3,451
144316,1-2-5,69.6
144316,2-1-5,668.2
144316,3-1-5,344.3
144316,4-1-5,52.3
144316,5-1-4,201.2
144316,6-1-4,220.4
144316,1-2-6,32.9
144316,2-1-6,361.5
144316,3-1-6,233.6
144316,4-1-6,33.5
144316,5-1-6,135.9
144316,6-1-5,484.2
144316,1-3-2,28.8
144316,2-3-1,601.2
144316,3-2-1,614.2
144316,4-2-1,215
144316,5-2-1,1999
144316,6-2-1,1360
144316,1-3-4,10.2
144316,2-3-4,1014
144316,3-2-4,889.9
144316,4-2-3,679
144316,5-2-3,2908
144316,6-2-3,2136
144316,1-3-5,27.3
144316,2-3-5,1867
144316,3-2-5,1647
144316,4-2-5,443.1
144316,5-2-4,2256
144316,6-2-4,1447
144316,1-3-6,17.5
144316,2-3-6,1198
144316,3-2-6,1322
144316,4-2-6,332.5
144316,5-2-6,1821
144316,6-2-5,2926
144316,1-4-2,10.4
144316,2-4-1,322.5
144316,3-4-1,238.6
144316,4-3-1,197.4
144316,5-3-1,975.3
144316,6-3-1,1061
144316,1-4-3,8.8
144316,2-4-3,896.5
144316,3-4-2,735.4
144316,4-3-2,679.5
144316,5-3-2,3630
144316,6-3-2,2541
144316,1-4-5,19.2
144316,2-4-5,1447
144316,3-4-5,810
144316,4-3-5,434.7
144316,5-3-4,1358
144316,6-3-4,1023
144316,1-4-6,7.3
144316,2-4-6,622.9
144316,3-4-6,335.7
144316,4-3-6,264.4
144316,5-3-6,1038
144316,6-3-5,1990
144316,1-5-2,77.7
144316,2-5-1,1825
144316,3-5-1,808
144316,4-5-1,87.1
144316,5-4-1,227
144316,6-4-1,273
144316,1-5-3,37.6
144316,2-5-3,3046
144316,3-5-2,2240
144316,4-5-2,276.3
144316,5-4-2,734.3
144316,6-4-2,856
144316,1-5-4,28.8
144316,2-5-4,2332
144316,3-5-4,1153
144316,4-5-3,299
144316,5-4-3,737.1
144316,6-4-3,716.3
144316,1-5-6,22.1
144316,2-5-6,2450
144316,3-5-6,804
144316,4-5-6,66.2
144316,5-4-6,161.7
144316,6-4-5,561
144316,1-6-2,56.5
144316,2-6-1,1115
144316,3-6-1,664.5
144316,4-6-1,63.1
144316,5-6-1,307
144316,6-5-1,675.2
144316,1-6-3,34.8
144316,2-6-3,1978
144316,3-6-2,1673
144316,4-6-2,191.7
144316,5-6-2,1142
144316,6-5-2,2674
144316,1-6-4,22.9
144316,2-6-4,1331
144316,3-6-4,694.1
144316,4-6-3,193.7
144316,5-6-3,791.4
144316,6-5-3,1682
144316,1-6-5,35.1
144316,2-6-5,2766
144316,3-6-5,1124
144316,4-6-5,83.8
144316,5-6-4,388.8
144316,6-5-4,880.2
144221,1-2-3,62.7
144221,2-1-3,198.1
144221,3-1-2,142.1
144221,4-1-2,59.3
144221,5-1-2,399.3
144221,6-1-2,627.1
144221,1-2-4,42.6
144221,2-1-4,193.1
144221,3-1-4,46.9
144221,4-1-3,31.1
144221,5-1-3,161.7
144221,6-1-3,390.5
144221,1-2-5,114.6
144221,2-1-5,269.2
144221,3-1-5,102.3
144221,4-1-5,18.1
144221,5-1-4,99
144221,6-1-4,287.3
144221,1-2-6,152.7
144221,2-1-6,380.7
144221,3-1-6,165.3
144221,4-1-6,51.8
144221,5-1-6,267.2
144221,6-1-5,525.2
144221,1-3-2,42
144221,2-3-1,406.9
144221,3-2-1,386.3
144221,4-2-1,108.4
144221,5-2-1,658.1
144221,6-2-1,683.4
144221,1-3-4,15.9
144221,2-3-4,334.2
144221,3-2-4,198.1
144221,4-2-3,121.9
144221,5-2-3,895.9
144221,6-2-3,783.9
144221,1-3-5,52.7
144221,2-3-5,706
144221,3-2-5,436.9
144221,4-2-5,75.7
144221,5-2-4,408.5
144221,6-2-4,541.2
144221,1-3-6,68.4
144221,2-3-6,839.5
144221,3-2-6,761.5
144221,4-2-6,137
144221,5-2-6,960.5
144221,6-2-5,846.1
144221,1-4-2,25.3
144221,2-4-1,260.6
144221,3-4-1,49.6
144221,4-3-1,47.1
144221,5-3-1,274
144221,6-3-1,630.8
144221,1-4-3,15.6
144221,2-4-3,303.7
144221,3-4-2,73.9
144221,4-3-2,65.2
144221,5-3-2,683.4
144221,6-3-2,881.1
144221,1-4-5,22.3
144221,2-4-5,223.9
144221,3-4-5,35
144221,4-3-5,24.1
144221,5-3-4,105.5
144221,6-3-4,250.2
144221,1-4-6,38.5
144221,2-4-6,365.1
144221,3-4-6,69.5
144221,4-3-6,46.3
144221,5-3-6,339.5
144221,6-3-5,520
144221,1-5-2,159.1
144221,2-5-1,552.4
144221,3-5-1,185.1
144221,4-5-1,14.2
144221,5-4-1,65.3
144221,6-4-1,222.5
144221,1-5-3,121
144221,2-5-3,846.1
144221,3-5-2,402.3
144221,4-5-2,39.1
144221,5-4-2,153.4
144221,6-4-2,326
144221,1-5-4,66.2
144221,2-5-4,428.1
144221,3-5-4,73.4
144221,4-5-3,15.1
144221,5-4-3,61.4
144221,6-4-3,205.4
144221,1-5-6,172.5
144221,2-5-6,750.8
144221,3-5-6,229.2
144221,4-5-6,17.1
144221,5-4-6,68
144221,6-4-5,110.2
144221,1-6-2,210.2
144221,2-6-1,839.5
144221,3-6-1,433.4
144221,4-6-1,85.9
144221,5-6-1,683.4
144221,6-5-1,558.2
144221,1-6-3,175.6
144221,2-6-3,911.2
144221,3-6-2,687.8
144221,4-6-2,121.2
144221,5-6-2,1076
144221,6-5-2,832.9
144221,1-6-4,82.6
144221,2-6-4,507.7
144221,3-6-4,165.3
144221,4-6-3,81.2
144221,5-6-3,538.4
144221,6-5-3,527.8
144221,1-6-5,189.3
144221,2-6-5,911.2
144221,3-6-5,303.7
144221,4-6-5,47.1
144221,5-6-4,179.1
144221,6-5-4,170.8
144222,1-2-3,5.4
144222,2-1-3,58
144222,3-1-2,116.7
144222,4-1-2,83.8
144222,5-1-2,949.9
144222,6-1-2,3542
144222,1-2-4,8.1
144222,2-1-4,93.4
144222,3-1-4,51.7
144222,4-1-3,53.6
144222,5-1-3,679.2
144222,6-1-3,1638
144222,1-2-5,25.2
144222,2-1-5,203.5
144222,3-1-5,146.3
144222,4-1-5,88.2
144222,5-1-4,587.8
144222,6-1-4,2427
144222,1-2-6,200.7
144222,2-1-6,1092
144222,3-1-6,679.2
144222,4-1-6,409.6
144222,5-1-6,2080
144222,6-1-5,4228
144222,1-3-2,9.5
144222,2-3-1,173.1
144222,3-2-1,246.4
144222,4-2-1,266.9
144222,5-2-1,1337
144222,6-2-1,9363
144222,1-3-4,5.1
144222,2-3-4,284.3
144222,3-2-4,328.5
144222,4-2-3,434
144222,5-2-3,2184
144222,6-2-3,6899
144222,1-3-5,19.6
144222,2-3-5,528.5
144222,3-2-5,562.6
144222,4-2-5,587.8
144222,5-2-4,1956
144222,6-2-4,5462
144222,1-3-6,168.2
144222,2-3-6,2520
144222,3-2-6,1702
144222,4-2-6,2080
144222,5-2-6,3855
144222,6-2-5,8739
144222,1-4-2,8.5
144222,2-4-1,325.2
144222,3-4-1,97.8
144222,4-3-1,122.2
144222,5-3-1,1337
144222,6-3-1,4520
144222,1-4-3,5.7
144222,2-4-3,394.8
144222,3-4-2,288.7
144222,4-3-2,356.2
144222,5-3-2,2520
144222,6-3-2,6242
144222,1-4-5,17.6
144222,2-4-5,766.5
144222,3-4-5,305.5
144222,4-3-5,344.9
144222,5-3-4,2016
144222,6-3-4,5041
144222,1-4-6,157.7
144222,2-4-6,2383
144222,3-4-6,1260
144222,4-3-6,1618
144222,5-3-6,7282
144222,6-3-5,6899
144222,1-5-2,79.5
144222,2-5-1,675.7
144222,3-5-1,508
144222,4-5-1,207.4
144222,5-4-1,749
144222,6-4-1,4369
144222,1-5-3,60.2
144222,2-5-3,1074
144222,3-5-2,1149
144222,4-5-2,456.7
144222,5-4-2,1927
144222,6-4-2,4681
144222,1-5-4,71.6
144222,2-5-4,1424
144222,3-5-4,708.5
144222,4-5-3,445.8
144222,5-4-3,1579
144222,6-4-3,7282
144222,1-5-6,400.8
144222,2-5-6,2979
144222,3-5-6,2260
144222,4-5-6,873.9
144222,5-4-6,3121
144222,6-4-5,2789
144222,1-6-2,744.8
144222,2-6-1,4520
144222,3-6-1,3048
144222,4-6-1,1702
144222,5-6-1,3855
144222,6-5-1,5041
144222,1-6-3,580
144222,2-6-3,3641
144222,3-6-2,2789
144222,4-6-2,2299
144222,5-6-2,4855
144222,6-5-2,7282
144222,1-6-4,701
144222,2-6-4,4228
144222,3-6-4,3048
144222,4-6-3,3121
144222,5-6-3,6242
144222,6-5-3,8739
144222,1-6-5,891.7
144222,2-6-5,6554
144222,3-6-5,5243
144222,4-6-5,1702
144222,5-6-4,4228
144222,6-5-4,4096
144223,1-2-3,25.5
144223,2-1-3,17.5
144223,3-1-2,120.8
144223,4-1-2,34.8
144223,5-1-2,1615
144223,6-1-2,373.2
144223,1-2-4,14.1
144223,2-1-4,9.9
144223,3-1-4,59.8
144223,4-1-3,34.9
144223,5-1-3,1021
144223,6-1-3,585.8
144223,1-2-5,107.9
144223,2-1-5,66.5
144223,3-1-5,334.2
144223,4-1-5,65.6
144223,5-1-4,942.6
144223,6-1-4,478.9
144223,1-2-6,90.1
144223,2-1-6,44
144223,3-1-6,400.6
144223,4-1-6,89.7
144223,5-1-6,1547
144223,6-1-5,1176
144223,1-3-2,35.5
144223,2-3-1,32.9
144223,3-2-1,150.6
144223,4-2-1,41.4
144223,5-2-1,1336
144223,6-2-1,322.4
144223,1-3-4,16.9
144223,2-3-4,29.2
144223,3-2-4,132
144223,4-2-3,60.4
144223,5-2-3,2297
144223,6-2-3,490.1
144223,1-3-5,94.6
144223,2-3-5,94.6
144223,3-2-5,605.1
144223,4-2-5,94.2
144223,5-2-4,1205
144223,6-2-4,356.9
144223,1-3-6,108.4
144223,2-3-6,73.7
144223,3-2-6,478.9
144223,4-2-6,83.4
144223,5-2-6,1564
144223,6-2-5,574.4
144223,1-4-2,13.5
144223,2-4-1,14.4
144223,3-4-1,102
144223,4-3-1,74.3
144223,5-3-1,1652
144223,6-3-1,1028
144223,1-4-3,12.2
144223,2-4-3,21.4
144223,3-4-2,145.8
144223,4-3-2,106.4
144223,5-3-2,2535
144223,6-3-2,807.9
144223,1-4-5,37.9
144223,2-4-5,42.5
144223,3-4-5,356.9
144223,4-3-5,193.2
144223,5-3-4,1815
144223,6-3-4,993.5
144223,1-4-6,45.1
144223,2-4-6,39.3
144223,3-4-6,331.9
144223,4-3-6,219.1
144223,5-3-6,2262
144223,6-3-5,1615
144223,1-5-2,273.3
144223,2-5-1,157.6
144223,3-5-1,1114
144223,4-5-1,119.7
144223,5-4-1,967.4
144223,6-4-1,523.3
144223,1-5-3,295.8
144223,2-5-3,239.1
144223,3-5-2,1413
144223,4-5-2,155.1
144223,5-4-2,1349
144223,6-4-2,440.2
144223,1-5-4,206.8
144223,2-5-4,130.3
144223,3-5-4,907.7
144223,4-5-3,173.2
144223,5-4-3,1139
144223,6-4-3,854.9
144223,1-5-6,408.4
144223,2-5-6,223.1
144223,3-5-6,1225
144223,4-5-6,181.7
144223,5-4-6,1301
144223,6-4-5,1089
144223,1-6-2,200
144223,2-6-1,80
144223,3-6-1,1007
144223,4-6-1,144.3
144223,5-6-1,2334
144223,6-5-1,1598
144223,1-6-3,272.3
144223,2-6-3,104.9
144223,3-6-2,880.5
144223,4-6-2,147.9
144223,5-6-2,2042
144223,6-5-2,1730
144223,1-6-4,175.4
144223,2-6-4,71.7
144223,3-6-4,713.8
144223,4-6-3,225.5
144223,5-6-3,2334
144223,6-5-3,1909
144223,1-6-5,477.4
144223,2-6-5,183.1
144223,3-6-5,1531
144223,4-6-5,260.2
144223,5-6-4,1671
144223,6-5-4,1652
144224,1-2-3,23.1
144224,2-1-3,49.6
144224,3-1-2,61.8
144224,4-1-2,113.3
144224,5-1-2,1295
144224,6-1-2,754.1
144224,1-2-4,26.3
144224,2-1-4,42.9
144224,3-1-4,27.1
144224,4-1-3,74
144224,5-1-3,863.9
144224,6-1-3,262
144224,1-2-5,91
144224,2-1-5,140.5
144224,3-1-5,86.1
144224,4-1-5,148.1
144224,5-1-4,863.9
144224,6-1-4,342.6
144224,1-2-6,62.9
144224,2-1-6,98.6
144224,3-1-6,34.5
144224,4-1-6,81.6
144224,5-1-6,874.5
144224,6-1-5,1149
144224,1-3-2,22.5
144224,2-3-1,61.7
144224,3-2-1,69.2
144224,4-2-1,100.6
144224,5-2-1,1207
144224,6-2-1,843.4
144224,1-3-4,13.9
144224,2-3-4,33.7
144224,3-2-4,34.7
144224,4-2-3,72.9
144224,5-2-3,1319
144224,6-2-3,514.5
144224,1-3-5,55
144224,2-3-5,99.3
144224,3-2-5,94.1
144224,4-2-5,110.8
144224,5-2-4,1018
144224,6-2-4,546.1
144224,1-3-6,21.8
144224,2-3-6,52.7
144224,3-2-6,48.5
144224,4-2-6,95.9
144224,5-2-6,1131
144224,6-2-5,1284
144224,1-4-2,36.5
144224,2-4-1,57.1
144224,3-4-1,31.2
144224,4-3-1,77
144224,5-3-1,1261
144224,6-3-1,319.6
144224,1-4-3,24.2
144224,2-4-3,51.8
144224,3-4-2,40.5
144224,4-3-2,83.4
144224,5-3-2,1307
144224,6-3-2,444
144224,1-4-5,65.9
144224,2-4-5,80.8
144224,3-4-5,54.2
144224,4-3-5,93.1
144224,5-3-4,688.6
144224,6-3-4,137.4
144224,1-4-6,33.3
144224,2-4-6,59.1
144224,3-4-6,19.2
144224,4-3-6,46.2
144224,5-3-6,950.2
144224,6-3-5,556.8
144224,1-5-2,224.1
144224,2-5-1,434.5
144224,3-5-1,257.7
144224,4-5-1,150.3
144224,5-4-1,819.2
144224,6-4-1,363.6
144224,1-5-3,201.3
144224,2-5-3,297.5
144224,3-5-2,228
144224,4-5-2,152.6
144224,5-4-2,828.7
144224,6-4-2,488.1
144224,1-5-4,192.6
144224,2-5-4,243.6
144224,3-5-4,123
144224,4-5-3,155.9
144224,5-4-3,662.9
144224,6-4-3,139.8
144224,1-5-6,183.2
144224,2-5-6,326.9
144224,3-5-6,137
144224,4-5-6,101.5
144224,5-4-6,404.9
144224,6-4-5,465.8
144224,1-6-2,172.1
144224,2-6-1,345.9
144224,3-6-1,87.8
144224,4-6-1,128.6
144224,5-6-1,1439
144224,6-5-1,1332
144224,1-6-3,75.3
144224,2-6-3,218.2
144224,3-6-2,112
144224,4-6-2,148.3
144224,5-6-2,1250
144224,6-5-2,1601
144224,1-6-4,77.5
144224,2-6-4,196.8
144224,3-6-4,45.2
144224,4-6-3,68.9
144224,5-6-3,1131
144224,6-5-3,969.6
144224,1-6-5,212.7
144224,2-6-5,438.5
144224,3-6-5,132.2
144224,4-6-5,129.3
144224,5-6-4,593.9
144224,6-5-4,586.5
144225,1-2-3,26.4
144225,2-1-3,36.3
144225,3-1-2,54.3
144225,4-1-2,194.5
144225,5-1-2,860.6
144225,6-1-2,135.7
144225,1-2-4,47.9
144225,2-1-4,63.7
144225,3-1-4,74.9
144225,4-1-3,185.4
144225,5-1-3,802.9
144225,6-1-3,174.8
144225,1-2-5,105
144225,2-1-5,179.3
144225,3-1-5,227.4
144225,4-1-5,319.6
144225,5-1-4,1020
144225,6-1-4,255.1
144225,1-2-6,25.7
144225,2-1-6,40.3
144225,3-1-6,55.1
144225,4-1-6,159.8
144225,5-1-6,478.8
144225,6-1-5,530.9
144225,1-3-2,29.7
144225,2-3-1,34.9
144225,3-2-1,48.1
144225,4-2-1,201.6
144225,5-2-1,940.5
144225,6-2-1,129.7
144225,1-3-4,49.1
144225,2-3-4,26.4
144225,3-2-4,32
144225,4-2-3,119.7
144225,5-2-3,639.2
144225,6-2-3,45.6
144225,1-3-5,113.7
144225,2-3-5,140.9
144225,3-2-5,140
144225,4-2-5,351.1
144225,5-2-4,735.6
144225,6-2-4,104.1
144225,1-3-6,25.5
144225,2-3-6,14.9
144225,3-2-6,17.7
144225,4-2-6,84
144225,5-2-6,312.7
144225,6-2-5,315.7
144225,1-4-2,87.6
144225,2-4-1,120.9
144225,3-4-1,86.2
144225,4-3-1,208.6
144225,5-3-1,927.3
144225,6-3-1,166.2
144225,1-4-3,89.3
144225,2-4-3,56.4
144225,3-4-2,49.9
144225,4-3-2,119.4
144225,5-3-2,693
144225,6-3-2,50.1
144225,1-4-5,256.6
144225,2-4-5,273.7
144225,3-4-5,160.7
144225,4-3-5,320.3
144225,5-3-4,678.7
144225,6-3-4,125.8
144225,1-4-6,53.9
144225,2-4-6,44.9
144225,3-4-6,39.1
144225,4-3-6,83.8
144225,5-3-6,318
144225,6-3-5,271.5
144225,1-5-2,224.7
144225,2-5-1,544.1
144225,3-5-1,463.6
144225,4-5-1,520.4
144225,5-4-1,895.7
144225,6-4-1,299.2
144225,1-5-3,263.3
144225,2-5-3,369.8
144225,3-5-2,283.1
144225,4-5-2,364.7
144225,5-4-2,685.8
144225,6-4-2,136.1
144225,1-5-4,388.4
144225,2-5-4,465.2
144225,3-5-4,269.8
144225,4-5-3,471.9
144225,5-4-3,700.4
144225,6-4-3,161.7
144225,1-5-6,184.4
144225,2-5-6,223.9
144225,3-5-6,128.8
144225,4-5-6,162.7
144225,5-4-6,236.8
144225,6-4-5,230.6
144225,1-6-2,43.6
144225,2-6-1,61.7
144225,3-6-1,60.8
144225,4-6-1,140.6
144225,5-6-1,562.7
144225,6-5-1,704.1
144225,1-6-3,50
144225,2-6-3,26.6
144225,3-6-2,22
144225,4-6-2,71.7
144225,5-6-2,311.2
144225,6-5-2,418
144225,1-6-4,74.3
144225,2-6-4,47.3
144225,3-6-4,49.4
144225,4-6-3,88
144225,5-6-3,367.8
144225,6-5-3,468.6
144225,1-6-5,148.7
144225,2-6-5,144.7
144225,3-6-5,93.9
144225,4-6-5,117.6
144225,5-6-4,278.3
144225,6-5-4,322.7
144226,1-2-3,4.8
144226,2-1-3,19.5
144226,3-1-2,60.8
144226,4-1-2,1047
144226,5-1-2,124.4
144226,6-1-2,59.5
144226,1-2-4,40.9
144226,2-1-4,88.2
144226,3-1-4,394.3
144226,4-1-3,875.3
144226,5-1-3,234.1
144226,6-1-3,172.9
144226,1-2-5,18.2
144226,2-1-5,51.7
144226,3-1-5,132.8
144226,4-1-5,1216
144226,5-1-4,815.6
144226,6-1-4,327.7
144226,1-2-6,6
144226,2-1-6,15
144226,3-1-6,74.1
144226,4-1-6,1010
144226,5-1-6,115.9
144226,6-1-5,222.5
144226,1-3-2,9.4
144226,2-3-1,63.4
144226,3-2-1,108.4
144226,4-2-1,1543
144226,5-2-1,220.8
144226,6-2-1,71.3
144226,1-3-4,84.9
144226,2-3-4,347.6
144226,3-2-4,667.7
144226,4-2-3,1729
144226,5-2-3,409
144226,6-2-3,258.6
144226,1-3-5,26.9
144226,2-3-5,173.5
144226,3-2-5,234.9
144226,4-2-5,1511
144226,5-2-4,1071
144226,6-2-4,373.8
144226,1-3-6,16.8
144226,2-3-6,81
144226,3-2-6,136.2
144226,4-2-6,1688
144226,5-2-6,195.3
144226,6-2-5,335.4
144226,1-4-2,182.4
144226,2-4-1,500.2
144226,3-4-1,969.9
144226,4-3-1,1305
144226,5-3-1,516.3
144226,6-3-1,407.8
144226,1-4-3,292.9
144226,2-4-3,806.5
144226,3-4-2,1421
144226,4-3-2,2111
144226,5-3-2,476.9
144226,6-3-2,342.6
144226,1-4-5,341.8
144226,2-4-5,552.1
144226,3-4-5,1248
144226,4-3-5,2142
144226,5-3-4,1206
144226,6-3-4,1840
144226,1-4-6,237.6
144226,2-4-6,500.2
144226,3-4-6,1421
144226,4-3-6,2243
144226,5-3-6,386.9
144226,6-3-5,643.7
144226,1-5-2,44.2
144226,2-5-1,181.2
144226,3-5-1,290
144226,4-5-1,1914
144226,5-4-1,1613
144226,6-4-1,1079
144226,1-5-3,72.7
144226,2-5-3,361.6
144226,3-5-2,287.1
144226,4-5-2,1560
144226,5-4-2,1650
144226,6-4-2,1479
144226,1-5-4,301.5
144226,2-5-4,969.9
144226,3-5-4,1079
144226,4-5-3,1772
144226,5-4-3,1966
144226,6-4-3,1631
144226,1-5-6,59.2
144226,2-5-6,205
144226,3-5-6,240.4
144226,4-5-6,1688
144226,5-4-6,1293
144226,6-4-5,1543
144226,1-6-2,18.5
144226,2-6-1,41
144226,3-6-1,213.3
144226,4-6-1,1354
144226,5-6-1,167.7
144226,6-5-1,269.8
144226,1-6-3,40.4
144226,2-6-3,106.8
144226,3-6-2,177.4
144226,4-6-2,1527
144226,5-6-2,168.2
144226,6-5-2,276
144226,1-6-4,147.5
144226,2-6-4,213.6
144226,3-6-4,844.4
144226,4-6-3,1993
144226,5-6-3,326.2
144226,6-5-3,523.9
144226,1-6-5,62.4
144226,2-6-5,152.7
144226,3-6-5,259.1
144226,4-6-5,1595
144226,5-6-4,834.6
144226,6-5-4,1055
144227,1-2-3,22.1
144227,2-1-3,47.5
144227,3-1-2,163.2
144227,4-1-2,194.1
144227,5-1-2,15.9
144227,6-1-2,1770
144227,1-2-4,32.1
144227,2-1-4,51.2
144227,3-1-4,230.5
144227,4-1-3,337.1
144227,5-1-3,38.7
144227,6-1-3,1429
144227,1-2-5,11.4
144227,2-1-5,16.5
144227,3-1-5,102.6
144227,4-1-5,110.3
144227,5-1-4,29.9
144227,6-1-4,2124
144227,1-2-6,207.3
144227,2-1-6,328.2
144227,3-1-6,869.5
144227,4-1-6,762.5
144227,5-1-6,187.9
144227,6-1-5,1218
144227,1-3-2,40.1
144227,2-3-1,75.6
144227,3-2-1,169.7
144227,4-2-1,160.7
144227,5-2-1,20.5
144227,6-2-1,2398
144227,1-3-4,76
144227,2-3-4,108.4
144227,3-2-4,181.3
144227,4-2-3,278.9
144227,5-2-3,34.2
144227,6-2-3,2065
144227,1-3-5,34.6
144227,2-3-5,37
144227,3-2-5,73.2
144227,4-2-5,92.2
144227,5-2-4,28.9
144227,6-2-4,1858
144227,1-3-6,437.3
144227,2-3-6,576.3
144227,3-2-6,817
144227,4-2-6,660.8
144227,5-2-6,153.6
144227,6-2-5,1457
144227,1-4-2,53.2
144227,2-4-1,87.5
144227,3-4-1,285.4
144227,4-3-1,456.1
144227,5-3-1,83.3
144227,6-3-1,3232
144227,1-4-3,105.5
144227,2-4-3,126.6
144227,3-4-2,243.7
144227,4-3-2,342.6
144227,5-3-2,57.5
144227,6-3-2,2563
144227,1-4-5,42.8
144227,2-4-5,42.5
144227,3-4-5,160.2
144227,4-3-5,255.9
144227,5-3-4,80.2
144227,6-3-4,2608
144227,1-4-6,404
144227,2-4-6,721.8
144227,3-4-6,1486
144227,4-3-6,2009
144227,5-3-6,502.3
144227,6-3-5,2478
144227,1-5-2,14.1
144227,2-5-1,18.1
144227,3-5-1,104.7
144227,4-5-1,74
144227,5-4-1,43.1
144227,6-4-1,3540
144227,1-5-3,31.9
144227,2-5-3,29.3
144227,3-5-2,73.4
144227,4-5-2,60.1
144227,5-4-2,30.8
144227,6-4-2,2124
144227,1-5-4,38.8
144227,2-5-4,30.2
144227,3-5-4,133.3
144227,4-5-3,132.7
144227,5-4-3,68.7
144227,6-4-3,2753
144227,1-5-6,175.1
144227,2-5-6,200.1
144227,3-5-6,490.7
144227,4-5-6,330.4
144227,5-4-6,287
144227,6-4-5,2009
144227,1-6-2,619.5
144227,2-6-1,1457
144227,3-6-1,2520
144227,4-6-1,2252
144227,5-6-1,404
144227,6-5-1,1109
144227,1-6-3,1047
144227,2-6-3,2065
144227,3-6-2,1729
144227,4-6-2,1616
144227,5-6-2,307.2
144227,6-5-2,1270
144227,1-6-4,1118
144227,2-6-4,1581
144227,3-6-4,1835
144227,4-6-3,2398
144227,5-6-3,675.8
144227,6-5-3,2478
144227,1-6-5,708
144227,2-6-5,688.4
144227,3-6-5,1548
144227,4-6-5,1189
144227,5-6-4,512.7
144227,6-5-4,1472
144228,1-2-3,21.2
144228,2-1-3,84.4
144228,3-1-2,215.3
144228,4-1-2,320.9
144228,5-1-2,128.2
144228,6-1-2,15.8
144228,1-2-4,42.2
144228,2-1-4,182.2
144228,3-1-4,233.4
144228,4-1-3,372.9
144228,5-1-3,259.4
144228,6-1-3,27.9
144228,1-2-5,23.8
144228,2-1-5,89.8
144228,3-1-5,161.2
144228,4-1-5,286.6
144228,5-1-4,426.2
144228,6-1-4,53.2
144228,1-2-6,12
144228,2-1-6,46
144228,3-1-6,109.5
144228,4-1-6,169.5
144228,5-1-6,83.9
144228,6-1-5,23.5
144228,1-3-2,28.6
144228,2-3-1,194.3
144228,3-2-1,302.2
144228,4-2-1,551.7
144228,5-2-1,287.6
144228,6-2-1,30.9
144228,1-3-4,45.4
144228,2-3-4,407.8
144228,3-2-4,569.2
144228,4-2-3,839
144228,5-2-3,728.9
144228,6-2-3,64.1
144228,1-3-5,28.8
144228,2-3-5,373.7
144228,3-2-5,492.6
144228,4-2-5,797.5
144228,5-2-4,870.8
144228,6-2-4,107.1
144228,1-3-6,21.4
144228,2-3-6,259
144228,3-2-6,349.4
144228,4-2-6,506.6
144228,5-2-6,288.7
144228,6-2-5,67
144228,1-4-2,71.7
144228,2-4-1,430.7
144228,3-4-1,362.8
144228,4-3-1,513
144228,5-3-1,450
144228,6-3-1,55
144228,1-4-3,79.5
144228,2-4-3,691.4
144228,3-4-2,671.2
144228,4-3-2,931.2
144228,5-3-2,988.3
144228,6-3-2,91.3
144228,1-4-5,92.8
144228,2-4-5,676.9
144228,3-4-5,514.7
144228,4-3-5,725.6
144228,5-3-4,982.3
144228,6-3-4,129.7
144228,1-4-6,64.9
144228,2-4-6,456.3
144228,3-4-6,361.2
144228,4-3-6,533.4
144228,5-3-6,440.1
144228,6-3-5,100.8
144228,1-5-2,35.7
144228,2-5-1,242.9
144228,3-5-1,338.4
144228,4-5-1,428.4
144228,5-4-1,622
144228,6-4-1,132.1
144228,1-5-3,58.5
144228,2-5-3,546.1
144228,3-5-2,610.2
144228,4-5-2,732.2
144228,5-4-2,925.8
144228,6-4-2,207.3
144228,1-5-4,118.3
144228,2-5-4,622
144228,3-5-4,567.2
144228,4-5-3,671.2
144228,5-4-3,1000
144228,6-4-3,212.5
144228,1-5-6,25
144228,2-5-6,267.1
144228,3-5-6,302.8
144228,4-5-6,324.8
144228,5-4-6,430.7
144228,6-4-5,175.3
144228,1-6-2,12.1
144228,2-6-1,71.9
144228,3-6-1,148.7
144228,4-6-1,191.1
144228,5-6-1,82.7
144228,6-5-1,43.7
144228,1-6-3,21.6
144228,2-6-3,207.3
144228,3-6-2,332.1
144228,4-6-2,412
144228,5-6-2,159.5
144228,6-5-2,77.8
144228,1-6-4,50.5
144228,2-6-4,330.8
144228,3-6-4,344.2
144228,4-6-3,498.7
144228,5-6-3,290.8
144228,6-5-3,112.5
144228,1-6-5,19.2
144228,2-6-5,204.1
144228,3-6-5,279.2
144228,4-6-5,278.7
144228,5-6-4,357.2
144228,6-5-4,152.2
144229,1-2-3,3.6
144229,2-1-3,21.9
144229,3-1-2,56.6
144229,4-1-2,57.1
144229,5-1-2,492.2
144229,6-1-2,1081
144229,1-2-4,8.3
144229,2-1-4,35.5
144229,3-1-4,106
144229,4-1-3,88.7
144229,5-1-3,751.4
144229,6-1-3,1139
144229,1-2-5,23.9
144229,2-1-5,74.8
144229,3-1-5,160.8
144229,4-1-5,124.5
144229,5-1-4,741.5
144229,6-1-4,1715
144229,1-2-6,25.7
144229,2-1-6,113.1
144229,3-1-6,257.6
144229,4-1-6,145.7
144229,5-1-6,1109
144229,6-1-5,2264
144229,1-3-2,6.1
144229,2-3-1,50.7
144229,3-2-1,81.8
144229,4-2-1,99.2
144229,5-2-1,725.7
144229,6-2-1,1403
144229,1-3-4,12.9
144229,2-3-4,128.5
144229,3-2-4,217.7
144229,4-2-3,177.6
144229,5-2-3,1267
144229,6-2-3,3773
144229,1-3-5,27.7
144229,2-3-5,218
144229,3-2-5,297.9
144229,4-2-5,248.6
144229,5-2-4,1698
144229,6-2-4,2979
144229,1-3-6,33.7
144229,2-3-6,287.3
144229,3-2-6,485.2
144229,4-2-6,251.2
144229,5-2-6,1415
144229,6-2-5,3537
144229,1-4-2,19.2
144229,2-4-1,107.5
144229,3-4-1,225.8
144229,4-3-1,196.7
144229,5-3-1,1124
144229,6-3-1,1587
144229,1-4-3,25.3
144229,2-4-3,180.4
144229,3-4-2,288.3
144229,4-3-2,235.2
144229,5-3-2,1439
144229,6-3-2,3859
144229,1-4-5,61.7
144229,2-4-5,372.4
144229,3-4-5,560.4
144229,4-3-5,554.9
144229,5-3-4,2426
144229,6-3-4,4245
144229,1-4-6,52
144229,2-4-6,336.2
144229,3-4-6,575.6
144229,4-3-6,431
144229,5-3-6,2234
144229,6-3-5,4589
144229,1-5-2,87.7
144229,2-5-1,372.4
144229,3-5-1,450.4
144229,4-5-1,191.8
144229,5-4-1,857.6
144229,6-4-1,1750
144229,1-5-3,107.1
144229,2-5-3,520.9
144229,3-5-2,556.7
144229,4-5-2,216.3
144229,5-4-2,1088
144229,6-4-2,2149
144229,1-5-4,152.1
144229,2-5-4,779
144229,3-5-4,761.5
144229,4-5-3,394.9
144229,5-4-3,1732
144229,6-4-3,3537
144229,1-5-6,172.7
144229,2-5-6,875.3
144229,3-5-6,884.4
144229,4-5-6,268.7
144229,5-4-6,1213
144229,6-4-5,2739
144229,1-6-2,140
144229,2-6-1,640.8
144229,3-6-1,676.5
144229,4-6-1,322.8
144229,5-6-1,2326
144229,6-5-1,2653
144229,1-6-3,185.8
144229,2-6-3,959.4
144229,3-6-2,1147
144229,4-6-2,351.5
144229,5-6-2,2046
144229,6-5-2,3773
144229,1-6-4,234.5
144229,2-6-4,922.9
144229,3-6-4,1257
144229,4-6-3,539.1
144229,5-6-3,3265
144229,6-5-3,4245
144229,1-6-5,451.6
144229,2-6-5,1427
144229,3-6-5,1587
144229,4-6-5,520.9
144229,5-6-4,2326
144229,6-5-4,3465
144230,1-2-3,5.6
144230,2-1-3,18.3
144230,3-1-2,54
144230,4-1-2,29.6
144230,5-1-2,277.6
144230,6-1-2,294
144230,1-2-4,18
144230,2-1-4,55.3
144230,3-1-4,123.7
144230,4-1-3,43.5
144230,5-1-3,307
144230,6-1-3,379.9
144230,1-2-5,18.7
144230,2-1-5,60.3
144230,3-1-5,115.8
144230,4-1-5,79.6
144230,5-1-4,403.9
144230,6-1-4,484.7
144230,1-2-6,16.6
144230,2-1-6,48.6
144230,3-1-6,125.7
144230,4-1-6,64.8
144230,5-1-6,326.6
144230,6-1-5,593.8
144230,1-3-2,8.9
144230,2-3-1,54.9
144230,3-2-1,91.6
144230,4-2-1,42.9
144230,5-2-1,384.8
144230,6-2-1,462.2
144230,1-3-4,29.7
144230,2-3-4,194.7
144230,3-2-4,285.5
144230,4-2-3,65.1
144230,5-2-3,593.8
144230,6-2-3,620.5
144230,1-3-5,20.7
144230,2-3-5,162.8
144230,3-2-5,288.3
144230,4-2-5,111.3
144230,5-2-4,834.1
144230,6-2-4,744.1
144230,1-3-6,20.6
144230,2-3-6,159.5
144230,3-2-6,246
144230,4-2-6,85.6
144230,5-2-6,535.3
144230,6-2-5,959
144230,1-4-2,36.3
144230,2-4-1,146.4
144230,3-4-1,262.1
144230,4-3-1,86.5
144230,5-3-1,353.7
144230,6-3-1,659.3
144230,1-4-3,47.1
144230,2-4-3,242.3
144230,3-4-2,331.5
144230,4-3-2,93.8
144230,5-3-2,597.8
144230,6-3-2,674.2
144230,1-4-5,106.8
144230,2-4-5,498.1
144230,3-4-5,569.3
144230,4-3-5,175.6
144230,5-3-4,964.2
144230,6-3-4,1228
144230,1-4-6,77.3
144230,2-4-6,264.9
144230,3-4-6,452.8
144230,4-3-6,137.3
144230,5-3-6,525.9
144230,6-3-5,1086
144230,1-5-2,59.2
144230,2-5-1,216
144230,3-5-1,278.4
144230,4-5-1,137.4
144230,5-4-1,574.8
144230,6-4-1,697.8
144230,1-5-3,65.9
144230,2-5-3,369
144230,3-5-2,421.9
144230,4-5-2,170.9
144230,5-4-2,980
144230,6-4-2,879.1
144230,1-5-4,145.9
144230,2-5-4,633.7
144230,3-5-4,597.8
144230,4-5-3,194.3
144230,5-4-3,1048
144230,6-4-3,1067
144230,1-5-6,95.1
144230,2-5-6,396.7
144230,3-5-6,392.4
144230,4-5-6,144.7
144230,5-4-6,591.8
144230,6-4-5,822.6
144230,1-6-2,57.9
144230,2-6-1,220.5
144230,3-6-1,334.5
144230,4-6-1,124.8
144230,5-6-1,445
144230,6-5-1,830.2
144230,1-6-3,72.4
144230,2-6-3,374.4
144230,3-6-2,473.2
144230,4-6-2,134.3
144230,5-6-2,522.8
144230,6-5-2,1030
144230,1-6-4,147.7
144230,2-6-4,500.9
144230,3-6-4,738
144230,4-6-3,184.3
144230,5-6-3,811.5
144230,6-5-3,1007
144230,1-6-5,141.6
144230,2-6-5,567.5
144230,3-6-5,614.1
144230,4-6-5,173.4
144230,5-6-4,624.8
144230,6-5-4,943.9
144231,1-2-3,7.9
144231,2-1-3,9.2
144231,3-1-2,43.3
144231,4-1-2,246.5
144231,5-1-2,226.9
144231,6-1-2,499.2
144231,1-2-4,22.4
144231,2-1-4,19.7
144231,3-1-4,56
144231,4-1-3,230.6
144231,5-1-3,233.5
144231,6-1-3,590.9
144231,1-2-5,17.9
144231,2-1-5,39.2
144231,3-1-5,50.4
144231,4-1-5,217.7
144231,5-1-4,433.1
144231,6-1-4,1274
144231,1-2-6,33.2
144231,2-1-6,44.8
144231,3-1-6,70.5
144231,4-1-6,221.5
144231,5-1-6,191.9
144231,6-1-5,553.8
144231,1-3-2,13.7
144231,2-3-1,31.2
144231,3-2-1,67.4
144231,4-2-1,364.5
144231,5-2-1,413.6
144231,6-2-1,651.7
144231,1-3-4,22
144231,2-3-4,38.5
144231,3-2-4,73.4
144231,4-2-3,241.8
144231,5-2-3,428.5
144231,6-2-3,827.3
144231,1-3-5,18.6
144231,2-3-5,67
144231,3-2-5,109.1
144231,4-2-5,476.9
144231,5-2-4,734.4
144231,6-2-4,1178
144231,1-3-6,35.2
144231,2-3-6,96.8
144231,3-2-6,119.5
144231,4-2-6,585.8
144231,5-2-6,373.2
144231,6-2-5,635.4
144231,1-4-2,52.4
144231,2-4-1,104.8
144231,3-4-1,78.4
144231,4-3-1,252.4
144231,5-3-1,313.7
144231,6-3-1,938.4
144231,1-4-3,47
144231,2-4-3,73.4
144231,3-4-2,83.6
144231,4-3-2,228.5
144231,5-3-2,323.8
144231,6-3-2,1095
144231,1-4-5,74.7
144231,2-4-5,194.3
144231,3-4-5,68.8
144231,4-3-5,178.4
144231,5-3-4,444.5
144231,6-3-4,1259
144231,1-4-6,93.1
144231,2-4-6,224.7
144231,3-4-6,77
144231,4-3-6,190.5
144231,5-3-6,318.2
144231,6-3-5,841
144231,1-5-2,53
144231,2-5-1,196.7
144231,3-5-1,87.8
144231,4-5-1,391.3
144231,5-4-1,830.7
144231,6-4-1,2303
144231,1-5-3,53.1
144231,2-5-3,190.5
144231,3-5-2,101.7
144231,4-5-2,410.3
144231,5-4-2,694.1
144231,6-4-2,2006
144231,1-5-4,119.9
144231,2-5-4,326.4
144231,3-5-4,98
144231,4-5-3,409.4
144231,5-4-3,682.4
144231,6-4-3,1717
144231,1-5-6,73.1
144231,2-5-6,258.5
144231,3-5-6,92
144231,4-5-6,339.5
144231,5-4-6,756.3
144231,6-4-5,1351
144231,1-6-2,117
144231,2-6-1,266.3
144231,3-6-1,181.9
144231,4-6-1,418.8
144231,5-6-1,410.3
144231,6-5-1,662.4
144231,1-6-3,141.4
144231,2-6-3,254.9
144231,3-6-2,213.5
144231,4-6-2,461.7
144231,5-6-2,460.6
144231,6-5-2,753.5
144231,1-6-4,218.1
144231,2-6-4,400.5
144231,3-6-4,233.7
144231,4-6-3,616.1
144231,5-6-3,493.1
144231,6-5-3,862.5
144231,1-6-5,137
144231,2-6-5,412.8
144231,3-6-5,189.7
144231,4-6-5,671.1
144231,5-6-4,745.2
144231,6-5-4,1138
144232,1-2-3,10
144232,2-1-3,33.2
144232,3-1-2,48.9
144232,4-1-2,42.8
144232,5-1-2,115.9
144232,6-1-2,401.9
144232,1-2-4,13
144232,2-1-4,46.2
144232,3-1-4,63.1
144232,4-1-3,87.6
144232,5-1-3,158.2
144232,6-1-3,496.2
144232,1-2-5,13.3
144232,2-1-5,40.5
144232,3-1-5,51.8
144232,4-1-5,104.9
144232,5-1-4,174.6
144232,6-1-4,395.7
144232,1-2-6,47
144232,2-1-6,112.4
144232,3-1-6,129.1
144232,4-1-6,70.4
144232,5-1-6,294
144232,6-1-5,570.3
144232,1-3-2,16.1
144232,2-3-1,62.4
144232,3-2-1,81.3
144232,4-2-1,65
144232,5-2-1,172.7
144232,6-2-1,484.2
144232,1-3-4,25.3
144232,2-3-4,92.2
144232,3-2-4,122.7
144232,4-2-3,114.5
144232,5-2-3,222.2
144232,6-2-3,511.2
144232,1-3-5,22.4
144232,2-3-5,79.9
144232,3-2-5,101.2
144232,4-2-5,131.7
144232,5-2-4,183.6
144232,6-2-4,411.7
144232,1-3-6,68.2
144232,2-3-6,169.2
144232,3-2-6,204.6
144232,4-2-6,85.2
144232,5-2-6,337
144232,6-2-5,564.3
144232,1-4-2,20
144232,2-4-1,107.8
144232,3-4-1,129.3
144232,4-3-1,168.9
144232,5-3-1,254.5
144232,6-3-1,872.2
144232,1-4-3,38.2
144232,2-4-3,144.7
144232,3-4-2,139.5
144232,4-3-2,142.2
144232,5-3-2,265.6
144232,6-3-2,770.5
144232,1-4-5,48.6
144232,2-4-5,164.8
144232,3-4-5,201.9
144232,4-3-5,262.7
144232,5-3-4,395.7
144232,6-3-4,717.9
144232,1-4-6,48.7
144232,2-4-6,184.9
144232,3-4-6,194.6
144232,4-3-6,193
144232,5-3-6,634.1
144232,6-3-5,1014
144232,1-5-2,26.1
144232,2-5-1,100.5
144232,3-5-1,135.3
144232,4-5-1,129.9
144232,5-4-1,178.3
144232,6-4-1,352
144232,1-5-3,37
144232,2-5-3,123.5
144232,3-5-2,140.5
144232,4-5-2,108.1
144232,5-4-2,143.4
144232,6-4-2,333.3
144232,1-5-4,52.2
144232,2-5-4,170.5
144232,3-5-4,233.9
144232,4-5-3,243.3
144232,5-4-3,306.6
144232,6-4-3,463.5
144232,1-5-6,90.3
144232,2-5-6,223.3
144232,3-5-6,284.3
144232,4-5-6,125.3
144232,5-4-6,185.3
144232,6-4-5,548.4
144232,1-6-2,111.3
144232,2-6-1,325.1
144232,3-6-1,326.7
144232,4-6-1,86.1
144232,5-6-1,622.4
144232,6-5-1,877
144232,1-6-3,160.8
144232,2-6-3,379.5
144232,3-6-2,373.3
144232,4-6-2,95.5
144232,5-6-2,559.4
144232,6-5-2,767.7
144232,1-6-4,124.2
144232,2-6-4,310
144232,3-6-4,343
144232,4-6-3,178
144232,5-6-3,737.7
144232,6-5-3,954
144232,1-6-5,183
144232,2-6-5,374.9
144232,3-6-5,430.5
144232,4-6-5,200.1
144232,5-6-4,594.7
144232,6-5-4,855.9
144317,1-2-3,6.3
144317,2-1-3,35.2
144317,3-1-2,55.3
144317,4-1-2,95.6
144317,5-1-2,620
144317,6-1-2,517
144317,1-2-4,8.9
144317,2-1-4,43.6
144317,3-1-4,50.2
144317,4-1-3,101.2
144317,5-1-3,531.8
144317,6-1-3,557.6
144317,1-2-5,34
144317,2-1-5,115.5
144317,3-1-5,97.7
144317,4-1-5,141.3
144317,5-1-4,537.5
144317,6-1-4,561.7
144317,1-2-6,23.1
144317,2-1-6,74.3
144317,3-1-6,84
144317,4-1-6,116.6
144317,5-1-6,609.9
144317,6-1-5,1450
144317,1-3-2,7.4
144317,2-3-1,78.8
144317,3-2-1,90.5
144317,4-2-1,199.7
144317,5-2-1,989.6
144317,6-2-1,853.9
144317,1-3-4,8.6
144317,2-3-4,124.3
144317,3-2-4,138.6
144317,4-2-3,266.3
144317,5-2-3,964.1
144317,6-2-3,1479
144317,1-3-5,28.3
144317,2-3-5,251.1
144317,3-2-5,258
144317,4-2-5,478.9
144317,5-2-4,1383
144317,6-2-4,1717
144317,1-3-6,18.5
144317,2-3-6,178.5
144317,3-2-6,198.1
144317,4-2-6,343.5
144317,5-2-6,1067
144317,6-2-5,1940
144317,1-4-2,15.8
144317,2-4-1,145.3
144317,3-4-1,130.2
144317,4-3-1,208.7
144317,5-3-1,711.6
144317,6-3-1,879
144317,1-4-3,17.2
144317,2-4-3,192.3
144317,3-4-2,194.8
144317,4-3-2,293
144317,5-3-2,1082
144317,6-3-2,1779
144317,1-4-5,54.5
144317,2-4-5,510
144317,3-4-5,314.6
144317,4-3-5,435.6
144317,5-3-4,1186
144317,6-3-4,1277
144317,1-4-6,25.3
144317,2-4-6,246.5
144317,3-4-6,216.8
144317,4-3-6,343.5
144317,5-3-6,1176
144317,6-3-5,2230
144317,1-5-2,117.7
144317,2-5-1,515.3
144317,3-5-1,304.9
144317,4-5-1,235.7
144317,5-4-1,646.9
144317,6-4-1,790.6
144317,1-5-3,79.9
144317,2-5-3,630.5
144317,3-5-2,524.3
144317,4-5-2,386.1
144317,5-4-2,1052
144317,6-4-2,1589
144317,1-5-4,130.8
144317,2-5-4,1002
144317,3-5-4,529.9
144317,4-5-3,465.5
144317,5-4-3,1037
144317,6-4-3,1509
144317,1-5-6,116.7
144317,2-5-6,520.6
144317,3-5-6,503.1
144317,4-5-6,243.7
144317,5-4-6,718.4
144317,6-4-5,1679
144317,1-6-2,76.1
144317,2-6-1,380.2
144317,3-6-1,358.3
144317,4-6-1,242.5
144317,5-6-1,1132
144317,6-5-1,1915
144317,1-6-3,66.2
144317,2-6-3,574.7
144317,3-6-2,607.4
144317,4-6-2,391.1
144317,5-6-2,1450
144317,6-5-2,2767
144317,1-6-4,66.4
144317,2-6-4,670.1
144317,3-6-4,533.7
144317,4-6-3,443.4
144317,5-6-3,1540
144317,6-5-3,2075
144317,1-6-5,161.2
144317,2-6-5,1245
144317,3-6-5,747.1
144317,4-6-5,358.3
144317,5-6-4,996.2
144317,6-5-4,1915
144318,1-2-3,18.1
144318,2-1-3,93.6
144318,3-1-2,23.4
144318,4-1-2,141
144318,5-1-2,372.4
144318,6-1-2,2169
144318,1-2-4,32.6
144318,2-1-4,162.9
144318,3-1-4,8.7
144318,4-1-3,57.9
144318,5-1-3,156.7
144318,6-1-3,1585
144318,1-2-5,47.2
144318,2-1-5,184.8
144318,3-1-5,14.8
144318,4-1-5,89.1
144318,5-1-4,215
144318,6-1-4,2473
144318,1-2-6,416.3
144318,2-1-6,624.5
144318,3-1-6,110.8
144318,4-1-6,413.5
144318,5-1-6,1114
144318,6-1-5,3091
144318,1-3-2,11.5
144318,2-3-1,153.8
144318,3-2-1,70
144318,4-2-1,255.5
144318,5-2-1,813.5
144318,6-2-1,3989
144318,1-3-4,6.8
144318,2-3-4,176.1
144318,3-2-4,69.8
144318,4-2-3,212.8
144318,5-2-3,896.1
144318,6-2-3,6508
144318,1-3-5,10.6
144318,2-3-5,250.3
144318,3-2-5,106.5
144318,4-2-5,322
144318,5-2-4,1145
144318,6-2-4,7729
144318,1-3-6,101.4
144318,2-3-6,847
144318,3-2-6,354.3
144318,4-2-6,1048
144318,5-2-6,1104
144318,6-2-5,2248
144318,1-4-2,41.1
144318,2-4-1,338.8
144318,3-4-1,15.3
144318,4-3-1,50.2
144318,5-3-1,213.9
144318,6-3-1,1766
144318,1-4-3,17.3
144318,2-4-3,271.7
144318,3-4-2,37.6
144318,4-3-2,120.7
144318,5-3-2,564.6
144318,6-3-2,3533
144318,1-4-5,33.2
144318,2-4-5,463.1
144318,3-4-5,24.4
144318,4-3-5,65.7
144318,5-3-4,262
144318,6-3-4,1932
144318,1-4-6,237.3
144318,2-4-6,1606
144318,3-4-6,107.6
144318,4-3-6,298.7
144318,5-3-6,958.6
144318,6-3-5,3170
144318,1-5-2,79.7
144318,2-5-1,657.7
144318,3-5-1,47
144318,4-5-1,115.1
144318,5-4-1,300.8
144318,6-4-1,3170
144318,1-5-3,39.1
144318,2-5-3,647.4
144318,3-5-2,113.5
144318,4-5-2,274.8
144318,5-4-2,718.9
144318,6-4-2,4416
144318,1-5-4,59.7
144318,2-5-4,835.5
144318,3-5-4,47.6
144318,4-5-3,107.1
144318,5-4-3,317.9
144318,6-4-3,3170
144318,1-5-6,393.8
144318,2-5-6,1358
144318,3-5-6,242.4
144318,4-5-6,392.5
144318,5-4-6,870.8
144318,6-4-5,3533
144318,1-6-2,852.8
144318,2-6-1,3091
144318,3-6-1,473.8
144318,4-6-1,679.4
144318,5-6-1,1932
144318,6-5-1,2688
144318,1-6-3,637.4
144318,2-6-3,4416
144318,3-6-2,1104
144318,4-6-2,1845
144318,5-6-2,1358
144318,6-5-2,2169
144318,1-6-4,758.6
144318,2-6-4,5376
144318,3-6-4,422
144318,4-6-3,763.3
144318,5-6-3,2132
144318,6-5-3,3533
144318,1-6-5,723.1
144318,2-6-5,2208
144318,3-6-5,644
144318,4-6-5,1166
144318,5-6-4,1627
144318,6-5-4,4264
144319,1-2-3,12.7
144319,2-1-3,36.7
144319,3-1-2,137.1
144319,4-1-2,26.1
144319,5-1-2,161.4
144319,6-1-2,2965
144319,1-2-4,6.1
144319,2-1-4,16.1
144319,3-1-4,145.4
144319,4-1-3,79.9
144319,5-1-3,287.5
144319,6-1-3,2621
144319,1-2-5,19
144319,2-1-5,43.1
144319,3-1-5,243.9
144319,4-1-5,23.9
144319,5-1-4,146.5
144319,6-1-4,3756
144319,1-2-6,292.7
144319,2-1-6,519.3
144319,3-1-6,1138
144319,4-1-6,327.6
144319,5-1-6,700
144319,6-1-5,4025
144319,1-3-2,22.1
144319,2-3-1,106.3
144319,3-2-1,233.3
144319,4-2-1,36.8
144319,5-2-1,253.8
144319,6-2-1,5122
144319,1-3-4,17.6
144319,2-3-4,103.2
144319,3-2-4,201.6
144319,4-2-3,102.4
144319,5-2-3,534.1
144319,6-2-3,6629
144319,1-3-5,40.3
144319,2-3-5,196
144319,3-2-5,385.9
144319,4-2-5,39.6
144319,5-2-4,249.8
144319,6-2-4,4174
144319,1-3-6,315.6
144319,2-3-6,1211
144319,3-2-6,1006
144319,4-2-6,370.7
144319,5-2-6,708.8
144319,6-2-5,2504
144319,1-4-2,7.9
144319,2-4-1,28.2
144319,3-4-1,226.7
144319,4-3-1,199.4
144319,5-3-1,619.2
144319,6-3-1,5931
144319,1-4-3,19.6
144319,2-4-3,75
144319,3-4-2,238.7
144319,4-3-2,210.6
144319,5-3-2,1024
144319,6-3-2,8050
144319,1-4-5,15.7
144319,2-4-5,64.7
144319,3-4-5,367.1
144319,4-3-5,176.6
144319,5-3-4,569.2
144319,6-3-4,4900
144319,1-4-6,283.8
144319,2-4-6,477.5
144319,3-4-6,1310
144319,4-3-6,866.9
144319,5-3-6,2209
144319,6-3-5,8050
144319,1-5-2,45
144319,2-5-1,119.2
144319,3-5-1,481.6
144319,4-5-1,32.8
144319,5-4-1,129.6
144319,6-4-1,4695
144319,1-5-3,77.6
144319,2-5-3,233.3
144319,3-5-2,659
144319,4-5-2,33.5
144319,5-4-2,140.5
144319,6-4-2,3415
144319,1-5-4,43.3
144319,2-5-4,121.4
144319,3-5-4,514.6
144319,4-5-3,95.7
144319,5-4-3,298.9
144319,6-4-3,6261
144319,1-5-6,398.2
144319,2-5-6,980
144319,3-5-6,1523
144319,4-5-6,179.1
144319,5-4-6,395.4
144319,6-4-5,1847
144319,1-6-2,1186
144319,2-6-1,2504
144319,3-6-1,3886
144319,4-6-1,1150
144319,5-6-1,3521
144319,6-5-1,3635
144319,1-6-3,1391
144319,2-6-3,3521
144319,3-6-2,4900
144319,4-6-2,901.6
144319,5-6-2,1977
144319,6-5-2,2621
144319,1-6-4,1138
144319,2-6-4,1943
144319,3-6-4,2504
144319,4-6-3,1657
144319,5-6-3,3756
144319,6-5-3,9391
144319,1-6-5,1150
144319,2-6-5,1817
144319,3-6-5,3886
144319,4-6-5,521.7
144319,5-6-4,1211
144319,6-5-4,1817
144320,1-2-3,9.5
144320,2-1-3,56.1
144320,3-1-2,136.7
144320,4-1-2,96.4
144320,5-1-2,289.6
144320,6-1-2,318.4
144320,1-2-4,7.3
144320,2-1-4,34.4
144320,3-1-4,102.8
144320,4-1-3,210.3
144320,5-1-3,411.2
144320,6-1-3,445.1
144320,1-2-5,16
144320,2-1-5,65.8
144320,3-1-5,127.8
144320,4-1-5,154.2
144320,5-1-4,262
144320,6-1-4,381.2
144320,1-2-6,15.2
144320,2-1-6,85
144320,3-1-6,122
144320,4-1-6,144.2
144320,5-1-6,237.4
144320,6-1-5,408
144320,1-3-2,15.8
144320,2-3-1,163.3
144320,3-2-1,275.3
144320,4-2-1,140.6
144320,5-2-1,517.1
144320,6-2-1,598
144320,1-3-4,15.5
144320,2-3-4,146.7
144320,3-2-4,244
144320,4-2-3,347.4
144320,5-2-3,875.4
144320,6-2-3,900.5
144320,1-3-5,27.6
144320,2-3-5,268.7
144320,3-2-5,292.3
144320,4-2-5,250.3
144320,5-2-4,595.8
144320,6-2-4,647.5
144320,1-3-6,24.1
144320,2-3-6,323
144320,3-2-6,250.3
144320,4-2-6,237
144320,5-2-6,561.6
144320,6-2-5,955.4
144320,1-4-2,12.9
144320,2-4-1,74.1
144320,3-4-1,230.4
144320,4-3-1,384
144320,5-3-1,816.1
144320,6-3-1,875.4
144320,1-4-3,20.1
144320,2-4-3,134.1
144320,3-4-2,266.9
144320,4-3-2,442.6
144320,5-3-2,1103
144320,6-3-2,1205
144320,1-4-5,25.8
144320,2-4-5,132.5
144320,3-4-5,270.1
144320,4-3-5,532.9
144320,5-3-4,1004
144320,6-3-4,1362
144320,1-4-6,21.3
144320,2-4-6,156.8
144320,3-4-6,239.9
144320,4-3-6,477.7
144320,5-3-6,1010
144320,6-3-5,1741
144320,1-5-2,38.4
144320,2-5-1,296.7
144320,3-5-1,448.9
144320,4-5-1,229.4
144320,5-4-1,462.2
144320,6-4-1,735.6
144320,1-5-3,58.9
144320,2-5-3,458.1
144320,3-5-2,593.5
144320,4-5-2,303.6
144320,5-4-2,600.3
144320,6-4-2,875.4
144320,1-5-4,47.8
144320,2-5-4,291.2
144320,3-5-4,547.9
144320,4-5-3,469.1
144320,5-4-3,961.3
144320,6-4-3,1632
144320,1-5-6,40.5
144320,2-5-6,379.4
144320,3-5-6,364.4
144320,4-5-6,195.6
144320,5-4-6,390.7
144320,6-4-5,795.4
144320,1-6-2,37.2
144320,2-6-1,348.9
144320,3-6-1,485.1
144320,4-6-1,237.4
144320,5-6-1,432.8
144320,6-5-1,669.6
144320,1-6-3,61.8
144320,2-6-3,609.7
144320,3-6-2,735.6
144320,4-6-2,349.7
144320,5-6-2,650.2
144320,6-5-2,1205
144320,1-6-4,47.2
144320,2-6-4,388.8
144320,3-6-4,658.4
144320,4-6-3,735.6
144320,5-6-3,911
144320,6-5-3,1760
144320,1-6-5,57.2
144320,2-6-5,658.4
144320,3-6-5,488.1
144320,4-6-5,286.4
144320,5-6-4,510.4
144320,6-5-4,921.7
144321,1-2-3,9.2
144321,2-1-3,105.8
144321,3-1-2,51.5
144321,4-1-2,31.8
144321,5-1-2,185.6
144321,6-1-2,2694
144321,1-2-4,15.4
144321,2-1-4,116.9
144321,3-1-4,36.8
144321,4-1-3,28.4
144321,5-1-3,229
144321,6-1-3,2424
144321,1-2-5,27.3
144321,2-1-5,214.3
144321,3-1-5,72.9
144321,4-1-5,34.3
144321,5-1-4,159.1
144321,6-1-4,1847
144321,1-2-6,97
144321,2-1-6,489.8
144321,3-1-6,238.6
144321,4-1-6,77.5
144321,5-1-6,304.5
144321,6-1-5,2394
144321,1-3-2,7
144321,2-3-1,245.8
144321,3-2-1,146.2
144321,4-2-1,69.1
144321,5-2-1,350.7
144321,6-2-1,3730
144321,1-3-4,8
144321,2-3-4,374.4
144321,3-2-4,172.2
144321,4-2-3,173.8
144321,5-2-3,932.6
144321,6-2-3,3958
144321,1-3-5,13
144321,2-3-5,492.3
144321,3-2-5,234.8
144321,4-2-5,110.8
144321,5-2-4,388.7
144321,6-2-4,4217
144321,1-3-6,57.6
144321,2-3-6,979.7
144321,3-2-6,850.8
144321,4-2-6,166.6
144321,5-2-6,757.7
144321,6-2-5,3803
144321,1-4-2,19.9
144321,2-4-1,232.8
144321,3-4-1,69.1
144321,4-3-1,52.7
144321,5-3-1,454.2
144321,6-3-1,3233
144321,1-4-3,17.8
144321,2-4-3,367.3
144321,3-4-2,128.6
144321,4-3-2,129.4
144321,5-3-2,1015
144321,6-3-2,4217
144321,1-4-5,29.3
144321,2-4-5,484.9
144321,3-4-5,133.4
144321,4-3-5,98
144321,5-3-4,828.9
144321,6-3-4,4127
144321,1-4-6,70.3
144321,2-4-6,732
144321,3-4-6,457.5
144321,4-3-6,215.5
144321,5-3-6,1375
144321,6-3-5,3730
144321,1-5-2,50.1
144321,2-5-1,535.8
144321,3-5-1,199.3
144321,4-5-1,36.5
144321,5-4-1,161.6
144321,6-4-1,1979
144321,1-5-3,40
144321,2-5-3,923.7
144321,3-5-2,242.7
144321,4-5-2,74.9
144321,5-4-2,214.5
144321,6-4-2,3030
144321,1-5-4,59.8
144321,2-5-4,923.7
144321,3-5-4,195.5
144321,4-5-3,95.6
144321,5-4-3,415.3
144321,6-4-3,3592
144321,1-5-6,116.5
144321,2-5-6,1048
144321,3-5-6,547.9
144321,4-5-6,65
144321,5-4-6,223.4
144321,6-4-5,2694
144321,1-6-2,293
144321,2-6-1,1701
144321,3-6-1,1026
144321,4-6-1,190.9
144321,5-6-1,902.2
144321,6-5-1,2657
144321,1-6-3,227.4
144321,2-6-3,1847
144321,3-6-2,1865
144321,4-6-2,305.9
144321,5-6-2,1190
144321,6-5-2,3180
144321,1-6-4,278.3
144321,2-6-4,1847
144321,3-6-4,1979
144321,4-6-3,451.1
144321,5-6-3,1415
144321,6-5-3,3879
144321,1-6-5,270.5
144321,2-6-5,2041
144321,3-6-5,1259
144321,4-6-5,179.2
144321,5-6-4,808.2
144321,6-5-4,2852
144322,1-2-3,14.9
144322,2-1-3,99.6
144322,3-1-2,596.1
144322,4-1-2,48.4
144322,5-1-2,1224
144322,6-1-2,48.8
144322,1-2-4,5.9
144322,2-1-4,40.6
144322,3-1-4,653.4
144322,4-1-3,198.5
144322,5-1-3,1716
144322,6-1-3,306
144322,1-2-5,36.1
144322,2-1-5,163.7
144322,3-1-5,1112
144322,4-1-5,125.7
144322,5-1-4,1025
144322,6-1-4,86.9
144322,1-2-6,3.8
144322,2-1-6,19.6
144322,3-1-6,781.3
144322,4-1-6,34.8
144322,5-1-6,788
144322,6-1-5,433
144322,1-3-2,44.1
144322,2-3-1,370.1
144322,3-2-1,687.6
144322,4-2-1,93.7
144322,5-2-1,1782
144322,6-2-1,78.6
144322,1-3-4,73.4
144322,2-3-4,758.7
144322,3-2-4,956.3
144322,4-2-3,445.6
144322,5-2-3,4173
144322,6-2-3,461.3
144322,1-3-5,148.7
144322,2-3-5,1445
144322,3-2-5,1953
144322,4-2-5,333.8
144322,5-2-4,2384
144322,6-2-4,222.5
144322,1-3-6,66.4
144322,2-3-6,497.6
144322,3-2-6,805.3
144322,4-2-6,82
144322,5-2-6,1330
144322,6-2-5,698.1
144322,1-4-2,12.5
144322,2-4-1,151.8
144322,3-4-1,1031
144322,4-3-1,717.2
144322,5-3-1,3060
144322,6-3-1,951.3
144322,1-4-3,64.6
144322,2-4-3,529.1
144322,3-4-2,1311
144322,4-3-2,1162
144322,5-3-2,6331
144322,6-3-2,927.3
144322,1-4-5,86.3
144322,2-4-5,846.1
144322,3-4-5,2481
144322,4-3-5,1320
144322,5-3-4,2914
144322,6-3-4,1162
144322,1-4-6,14.7
144322,2-4-6,175.3
144322,3-4-6,1468
144322,4-3-6,714.4
144322,5-3-6,2868
144322,6-3-5,2295
144322,1-5-2,173.8
144322,2-5-1,1003
144322,3-5-1,1684
144322,4-5-1,228.9
144322,5-4-1,1031
144322,6-4-1,105.8
144322,1-5-3,276.9
144322,2-5-3,2384
144322,3-5-2,1800
144322,4-5-2,311.7
144322,5-4-2,1311
144322,6-4-2,185
144322,1-5-4,211.7
144322,2-5-4,1624
144322,3-5-4,2448
144322,4-5-3,734.4
144322,5-4-3,2354
144322,6-4-3,823.3
144322,1-5-6,173
144322,2-5-6,1099
144322,3-5-6,2586
144322,4-5-6,183.9
144322,5-4-6,639.7
144322,6-4-5,581
144322,1-6-2,11.6
144322,2-6-1,75.1
144322,3-6-1,1480
144322,4-6-1,48.6
144322,5-6-1,1055
144322,6-5-1,941.6
144322,1-6-3,73.5
144322,2-6-3,355.1
144322,3-6-2,1569
144322,4-6-2,64.7
144322,5-6-2,1350
144322,6-5-2,1240
144322,1-6-4,21.9
144322,2-6-4,187.7
144322,3-6-4,1654
144322,4-6-3,332
144322,5-6-3,2266
144322,6-5-3,2212
144322,1-6-5,114.6
144322,2-6-5,677.5
144322,3-6-5,2623
144322,4-6-5,155.8
144322,5-6-4,1020
144322,6-5-4,992.5
144323,1-2-3,6.2
144323,2-1-3,40.5
144323,3-1-2,216.8
144323,4-1-2,30.7
144323,5-1-2,808
144323,6-1-2,812
144323,1-2-4,4.1
144323,2-1-4,33.4
144323,3-1-4,259.8
144323,4-1-3,111.8
144323,5-1-3,1221
144323,6-1-3,1845
144323,1-2-5,33.4
144323,2-1-5,167
144323,3-1-5,631.9
144323,4-1-5,62.7
144323,5-1-4,617.5
144323,6-1-4,709.2
144323,1-2-6,19.8
144323,2-1-6,112.7
144323,3-1-6,654.9
144323,4-1-6,50.4
144323,5-1-6,933.4
144323,6-1-5,1289
144323,1-3-2,16.2
144323,2-3-1,182.9
144323,3-2-1,305.8
144323,4-2-1,66.5
144323,5-2-1,1503
144323,6-2-1,1278
144323,1-3-4,19
144323,2-3-4,275.2
144323,3-2-4,414.3
144323,4-2-3,267.5
144323,5-2-3,2578
144323,6-2-3,1824
144323,1-3-5,66.5
144323,2-3-5,1503
144323,3-2-5,1289
144323,4-2-5,177.5
144323,5-2-4,1400
144323,6-2-4,1299
144323,1-3-6,60.9
144323,2-3-6,850.3
144323,3-2-6,978.4
144323,4-2-6,159
144323,5-2-6,1674
144323,6-2-5,2320
144323,1-4-2,6
144323,2-4-1,77.7
144323,3-4-1,448.6
144323,4-3-1,417.5
144323,5-3-1,1956
144323,6-3-1,2255
144323,1-4-3,14.9
144323,2-4-3,271.1
144323,3-4-2,509.1
144323,4-3-2,527.3
144323,5-3-2,2953
144323,6-3-2,2137
144323,1-4-5,26.4
144323,2-4-5,493.6
144323,3-4-5,1249
144323,4-3-5,1041
144323,5-3-4,2498
144323,6-3-4,2537
144323,1-4-6,15.7
144323,2-4-6,327.4
144323,3-4-6,1424
144323,4-3-6,978.4
144323,5-3-6,2900
144323,6-3-5,3383
144323,1-5-2,119.6
144323,2-5-1,996.4
144323,3-5-1,2005
144323,4-5-1,152
144323,5-4-1,777.1
144323,6-4-1,1047
144323,1-5-3,186.9
144323,2-5-3,1980
144323,3-5-2,2752
144323,4-5-2,244.2
144323,5-4-2,1112
144323,6-4-2,1400
144323,1-5-4,119.8
144323,2-5-4,1230
144323,3-5-4,2662
144323,4-5-3,882.6
144323,5-4-3,2320
144323,6-4-3,2460
144323,1-5-6,176.3
144323,2-5-6,1933
144323,3-5-6,3248
144323,4-5-6,217.4
144323,5-4-6,933.4
144323,6-4-5,1888
144323,1-6-2,79
144323,2-6-1,762.5
144323,3-6-1,2005
144323,4-6-1,161.4
144323,5-6-1,1532
144323,6-5-1,2953
144323,1-6-3,152.5
144323,2-6-3,1437
144323,3-6-2,1784
144323,4-6-2,251.8
144323,5-6-2,1657
144323,6-5-2,2388
144323,1-6-4,80.9
144323,2-6-4,841.5
144323,3-6-4,3123
144323,4-6-3,837.1
144323,5-6-3,2752
144323,6-5-3,3064
144323,1-6-5,187.7
144323,2-6-5,1299
144323,3-6-5,2460
144323,4-6-5,276.2
144323,5-6-4,1278
144323,6-5-4,2109
144324,1-2-3,9.7
144324,2-1-3,108.4
144324,3-1-2,62
144324,4-1-2,28.4
144324,5-1-2,0
144324,6-1-2,456.4
144324,1-2-4,7.7
144324,2-1-4,91.5
144324,3-1-4,36.4
144324,4-1-3,31.1
144324,5-1-3,0
144324,6-1-3,435.2
144324,1-2-5,0
144324,2-1-5,0
144324,3-1-5,0
144324,4-1-5,0
144324,5-1-4,0
144324,6-1-4,240.2
144324,1-2-6,41.2
144324,2-1-6,291.7
144324,3-1-6,116.5
144324,4-1-6,37.2
144324,5-1-6,0
144324,6-1-5,0
144324,1-3-2,8.5
144324,2-3-1,210.4
144324,3-2-1,143.3
144324,4-2-1,74.7
144324,5-2-1,0
144324,6-2-1,812.7
144324,1-3-4,5.5
144324,2-3-4,284.4
144324,3-2-4,177.1
144324,4-2-3,133.9
144324,5-2-3,0
144324,6-2-3,1385
144324,1-3-5,0
144324,2-3-5,0
144324,3-2-5,0
144324,4-2-5,0
144324,5-2-4,0
144324,6-2-4,989.3
144324,1-3-6,30.2
144324,2-3-6,650.1
144324,3-2-6,416.9
144324,4-2-6,145.7
144324,5-2-6,0
144324,6-2-5,0
144324,1-4-2,6.5
144324,2-4-1,149.8
144324,3-4-1,56.1
144324,4-3-1,68.1
144324,5-3-1,0
144324,6-3-1,598.8
144324,1-4-3,6.4
144324,2-4-3,263.2
144324,3-4-2,114.5
144324,4-3-2,145.4
144324,5-3-2,0
144324,6-3-2,1129
144324,1-4-5,0
144324,2-4-5,0
144324,3-4-5,0
144324,4-3-5,0
144324,5-3-4,0
144324,6-3-4,730.6
144324,1-4-6,18.8
144324,2-4-6,440
144324,3-4-6,175.4
144324,4-3-6,155.4
144324,5-3-6,0
144324,6-3-5,0
144324,1-5-2,0
144324,2-5-1,0
144324,3-5-1,0
144324,4-5-1,0
144324,5-4-1,0
144324,6-4-1,248.5
144324,1-5-3,0
144324,2-5-3,0
144324,3-5-2,0
144324,4-5-2,0
144324,5-4-2,0
144324,6-4-2,632.1
144324,1-5-4,0
144324,2-5-4,0
144324,3-5-4,0
144324,4-5-3,0
144324,5-4-3,0
144324,6-4-3,585.6
144324,1-5-6,0
144324,2-5-6,0
144324,3-5-6,0
144324,4-5-6,0
144324,5-4-6,0
144324,6-4-5,0
144324,1-6-2,108.2
144324,2-6-1,942.5
144324,3-6-1,328.4
144324,4-6-1,73.1
144324,5-6-1,0
144324,6-5-1,0
144324,1-6-3,101.7
144324,2-6-3,1361
144324,3-6-2,829.6
144324,4-6-2,132.7
144324,5-6-2,0
144324,6-5-2,0
144324,1-6-4,74.5
144324,2-6-4,1091
144324,3-6-4,504
144324,4-6-3,164.2
144324,5-6-3,0
144324,6-5-3,0
144324,1-6-5,0
144324,2-6-5,0
144324,3-6-5,0
144324,4-6-5,0
144324,5-6-4,0
144324,6-5-4,0
144325,1-2-3,17.4
144325,2-1-3,64.5
144325,3-1-2,34.8
144325,4-1-2,277.8
144325,5-1-2,103.5
144325,6-1-2,884.7
144325,1-2-4,56.5
144325,2-1-4,134.5
144325,3-1-4,40.4
144325,4-1-3,236.2
144325,5-1-3,54.2
144325,6-1-3,520.8
144325,1-2-5,31.2
144325,2-1-5,70.1
144325,3-1-5,15.5
144325,4-1-5,181.6
144325,5-1-4,154.6
144325,6-1-4,1142
144325,1-2-6,81.3
144325,2-1-6,164.9
144325,3-1-6,51.4
144325,4-1-6,317
144325,5-1-6,99.1
144325,6-1-5,605.8
144325,1-3-2,14.5
144325,2-3-1,67.9
144325,3-2-1,65
144325,4-2-1,449.8
144325,5-2-1,174
144325,6-2-1,1266
144325,1-3-4,22.1
144325,2-3-4,93.8
144325,3-2-4,87.5
144325,4-2-3,314.1
144325,5-2-3,134.5
144325,6-2-3,948.1
144325,1-3-5,9.1
144325,2-3-5,44.4
144325,3-2-5,38.4
144325,4-2-5,335
144325,5-2-4,341
144325,6-2-4,1510
144325,1-3-6,28.8
144325,2-3-6,109.3
144325,3-2-6,93.1
144325,4-2-6,503.4
144325,5-2-6,239.7
144325,6-2-5,1215
144325,1-4-2,94.1
144325,2-4-1,238.9
144325,3-4-1,77.6
144325,4-3-1,209.7
144325,5-3-1,62.8
144325,6-3-1,646.6
144325,1-4-3,64.5
144325,2-4-3,178.8
144325,3-4-2,114.4
144325,4-3-2,295.7
144325,5-3-2,102.9
144325,6-3-2,1142
144325,1-4-5,74.1
144325,2-4-5,151.9
144325,3-4-5,60.6
144325,4-3-5,184
144325,5-3-4,148.2
144325,6-3-4,1107
144325,1-4-6,128.9
144325,2-4-6,247.3
144325,3-4-6,99.7
144325,4-3-6,233.6
144325,5-3-6,77.3
144325,6-3-5,477.3
144325,1-5-2,38.6
144325,2-5-1,127.3
144325,3-5-1,27.4
144325,4-5-1,208.5
144325,5-4-1,248.1
144325,6-4-1,1458
144325,1-5-3,19.9
144325,2-5-3,77.7
144325,3-5-2,46.6
144325,4-5-2,290.8
144325,5-4-2,397.4
144325,6-4-2,1791
144325,1-5-4,68.8
144325,2-5-4,197.9
144325,3-5-4,56.5
144325,4-5-3,201.7
144325,5-4-3,197.4
144325,6-4-3,1382
144325,1-5-6,53.5
144325,2-5-6,179.9
144325,3-5-6,43.6
144325,4-5-6,197.9
144325,5-4-6,169
144325,6-4-5,1181
144325,1-6-2,188.9
144325,2-6-1,584.1
144325,3-6-1,173.4
144325,4-6-1,568.4
144325,5-6-1,149.6
144325,6-5-1,577.7
144325,1-6-3,102.5
144325,2-6-3,533.9
144325,3-6-2,247.5
144325,4-6-2,849.1
144325,5-6-2,225.9
144325,6-5-2,845.7
144325,1-6-4,276.4
144325,2-6-4,948.1
144325,3-6-4,271.4
144325,4-6-3,547.7
144325,5-6-3,112.2
144325,6-5-3,448.9
144325,1-6-5,141.2
144325,2-6-5,401.2
144325,3-6-5,117.6
144325,4-6-5,403.5
144325,5-6-4,265.3
144325,6-5-4,948.1
144326,1-2-3,18.6
144326,2-1-3,54.3
144326,3-1-2,79.6
144326,4-1-2,55
144326,5-1-2,572.2
144326,6-1-2,100.3
144326,1-2-4,8.1
144326,2-1-4,25.3
144326,3-1-4,88.7
144326,4-1-3,141.1
144326,5-1-3,734.6
144326,6-1-3,152.4
144326,1-2-5,31
144326,2-1-5,87
144326,3-1-5,231.4
144326,4-1-5,109.6
144326,5-1-4,450.3
144326,6-1-4,172.5
144326,1-2-6,16.8
144326,2-1-6,42
144326,3-1-6,54.1
144326,4-1-6,80.1
144326,5-1-6,666.8
144326,6-1-5,420.8
144326,1-3-2,32.7
144326,2-3-1,110.2
144326,3-2-1,82.4
144326,4-2-1,70.6
144326,5-2-1,728.4
144326,6-2-1,96.4
144326,1-3-4,48.7
144326,2-3-4,125.4
144326,3-2-4,87.2
144326,4-2-3,133.1
144326,5-2-3,710.5
144326,6-2-3,141
144326,1-3-5,112.7
144326,2-3-5,245.2
144326,3-2-5,184.2
144326,4-2-5,113.7
144326,5-2-4,449.1
144326,6-2-4,136.4
144326,1-3-6,53.6
144326,2-3-6,90.8
144326,3-2-6,46.3
144326,4-2-6,71.7
144326,5-2-6,444.5
144326,6-2-5,316.3
144326,1-4-2,13.2
144326,2-4-1,44.5
144326,3-4-1,130.5
144326,4-3-1,233.3
144326,5-3-1,1002
144326,6-3-1,108.4
144326,1-4-3,40.3
144326,2-4-3,91.4
144326,3-4-2,138.1
144326,4-3-2,182.1
144326,5-3-2,917.3
144326,6-3-2,91.2
144326,1-4-5,35.6
144326,2-4-5,82.3
144326,3-4-5,297.8
144326,4-3-5,368.8
144326,5-3-4,996.4
144326,6-3-4,144
144326,1-4-6,27.6
144326,2-4-6,44.7
144326,3-4-6,102.3
144326,4-3-6,161.5
144326,5-3-6,942.2
144326,6-3-5,415.7
144326,1-5-2,91
144326,2-5-1,169.1
144326,3-5-1,520.6
144326,4-5-1,188
144326,5-4-1,583.7
144326,6-4-1,296.8
144326,1-5-3,150.8
144326,2-5-3,201.3
144326,3-5-2,312.9
144326,4-5-2,167
144326,5-4-2,522.2
144326,6-4-2,202.5
144326,1-5-4,100.9
144326,2-5-4,140.5
144326,3-5-4,587.7
144326,4-5-3,253.4
144326,5-4-3,893.6
144326,6-4-3,411.8
144326,1-5-6,138
144326,2-5-6,131.6
144326,3-5-6,260.3
144326,4-5-6,145.2
144326,5-4-6,488.3
144326,6-4-5,481.6
144326,1-6-2,46.4
144326,2-6-1,102.4
144326,3-6-1,50.6
144326,4-6-1,162.6
144326,5-6-1,1070
144326,6-5-1,780.9
144326,1-6-3,86.6
144326,2-6-3,144.2
144326,3-6-2,43.8
144326,4-6-2,118
144326,5-6-2,546.9
144326,6-5-2,501
144326,1-6-4,68.9
144326,2-6-4,93.5
144326,3-6-4,75.4
144326,4-6-3,265.5
144326,5-6-3,1025
144326,6-5-3,821.6
144326,1-6-5,175.4
144326,2-6-5,193.9
144326,3-6-5,190.3
144326,4-6-5,213.5
144326,5-6-4,606.2
144326,6-5-4,625.9
144327,1-2-3,9.1
144327,2-1-3,37.8
144327,3-1-2,68.1
144327,4-1-2,33.7
144327,5-1-2,197.3
144327,6-1-2,1869
144327,1-2-4,6.3
144327,2-1-4,26.2
144327,3-1-4,57.1
144327,4-1-3,59.4
144327,5-1-3,418.7
144327,6-1-3,2108
144327,1-2-5,27.6
144327,2-1-5,81.3
144327,3-1-5,133.5
144327,4-1-5,58.4
144327,5-1-4,254.3
144327,6-1-4,2266
144327,1-2-6,61.2
144327,2-1-6,145.5
144327,3-1-6,298.2
144327,4-1-6,138.4
144327,5-1-6,610.5
144327,6-1-5,3296
144327,1-3-2,11.9
144327,2-3-1,116
144327,3-2-1,134.1
144327,4-2-1,76.8
144327,5-2-1,286
144327,6-2-1,3238
144327,1-3-4,8.8
144327,2-3-4,108.5
144327,3-2-4,131.3
144327,4-2-3,158.5
144327,5-2-3,533.3
144327,6-2-3,3487
144327,1-3-5,34.4
144327,2-3-5,298.7
144327,3-2-5,301.7
144327,4-2-5,170.5
144327,5-2-4,342.1
144327,6-2-4,4317
144327,1-3-6,73.4
144327,2-3-6,570.2
144327,3-2-6,521
144327,4-2-6,337.6
144327,5-2-6,758.7
144327,6-2-5,3941
144327,1-4-2,8.1
144327,2-4-1,83.2
144327,3-4-1,109.1
144327,4-3-1,116.9
144327,5-3-1,656.9
144327,6-3-1,2878
144327,1-4-3,11.8
144327,2-4-3,134.3
144327,3-4-2,139.9
144327,4-3-2,143.5
144327,5-3-2,659.3
144327,6-3-2,3421
144327,1-4-5,25.1
144327,2-4-5,227.2
144327,3-4-5,234.8
144327,4-3-5,219.7
144327,5-3-4,623.1
144327,6-3-4,4317
144327,1-4-6,58.9
144327,2-4-6,291.5
144327,3-4-6,445.5
144327,4-3-6,404.7
144327,5-3-6,1353
144327,6-3-5,4649
144327,1-5-2,53.9
144327,2-5-1,242
144327,3-5-1,333.9
144327,4-5-1,123.6
144327,5-4-1,344.7
144327,6-4-1,2878
144327,1-5-3,87.5
144327,2-5-3,451
144327,3-5-2,351.4
144327,4-5-2,142.2
144327,5-4-2,413
144327,6-4-2,2789
144327,1-5-4,73.5
144327,2-5-4,280.2
144327,3-5-4,342.7
144327,4-5-3,258.3
144327,5-4-3,618.8
144327,6-4-3,3700
144327,1-5-6,188.8
144327,2-5-6,784.9
144327,3-5-6,788.3
144327,4-5-6,240.1
144327,5-4-6,623.1
144327,6-4-5,3073
144327,1-6-2,243
144327,2-6-1,902.1
144327,3-6-1,1048
144327,4-6-1,453.3
144327,5-6-1,1092
144327,6-5-1,3626
144327,1-6-3,288.2
144327,2-6-3,1648
144327,3-6-2,1154
144327,4-6-2,372.3
144327,5-6-2,1085
144327,6-5-2,3357
144327,1-6-4,234.8
144327,2-6-4,1268
144327,3-6-4,1098
144327,4-6-3,871.7
144327,5-6-3,2060
144327,6-5-3,5666
144327,1-6-5,282.8
144327,2-6-5,2266
144327,3-6-5,1268
144327,4-6-5,466.1
144327,5-6-4,1177
144327,6-5-4,3238
144328,1-2-3,6.6
144328,2-1-3,19.6
144328,3-1-2,48.6
144328,4-1-2,318.4
144328,5-1-2,489.7
144328,6-1-2,206.5
144328,1-2-4,22
144328,2-1-4,29.9
144328,3-1-4,66.8
144328,4-1-3,299.3
144328,5-1-3,522.1
144328,6-1-3,272.4
144328,1-2-5,18
144328,2-1-5,25
144328,3-1-5,65.8
144328,4-1-5,448.6
144328,5-1-4,850.7
144328,6-1-4,487.9
144328,1-2-6,17.4
144328,2-1-6,44.8
144328,3-1-6,107.4
144328,4-1-6,578
144328,5-1-6,915.3
144328,6-1-5,426.2
144328,1-3-2,11.3
144328,2-3-1,29.4
144328,3-2-1,52.6
144328,4-2-1,398
144328,5-2-1,620.1
144328,6-2-1,341.3
144328,1-3-4,27.8
144328,2-3-4,31.6
144328,3-2-4,49.3
144328,4-2-3,300.5
144328,5-2-3,527.5
144328,6-2-3,512
144328,1-3-5,30.9
144328,2-3-5,32.6
144328,3-2-5,52.7
144328,4-2-5,410.3
144328,5-2-4,847.5
144328,6-2-4,881.2
144328,1-3-6,26.2
144328,2-3-6,79.4
144328,3-2-6,132.5
144328,4-2-6,707.4
144328,5-2-6,1222
144328,6-2-5,812.2
144328,1-4-2,76.1
144328,2-4-1,83.7
144328,3-4-1,98.3
144328,4-3-1,341.3
144328,5-3-1,621.9
144328,6-3-1,534.7
144328,1-4-3,75.1
144328,2-4-3,73.1
144328,3-4-2,90
144328,4-3-2,324.5
144328,5-3-2,565.7
144328,6-3-2,625.4
144328,1-4-5,97.7
144328,2-4-5,73.2
144328,3-4-5,82.9
144328,4-3-5,367.8
144328,5-3-4,874.3
144328,6-3-4,970.1
144328,1-4-6,115.2
144328,2-4-6,244.1
144328,3-4-6,216.6
144328,4-3-6,655.7
144328,5-3-6,1455
144328,6-3-5,1068
144328,1-5-2,66.8
144328,2-5-1,85.9
144328,3-5-1,116.2
144328,4-5-1,662.9
144328,5-4-1,1162
144328,6-4-1,1359
144328,1-5-3,84
144328,2-5-3,87.5
144328,3-5-2,119.9
144328,4-5-2,649.9
144328,5-4-2,1168
144328,6-4-2,1474
144328,1-5-4,130
144328,2-5-4,111
144328,3-5-4,140
144328,4-5-3,613.3
144328,5-4-3,1060
144328,6-4-3,1414
144328,1-5-6,139.4
144328,2-5-6,245.3
144328,3-5-6,254.3
144328,4-5-6,1134
144328,5-4-6,1879
144328,6-4-5,1741
144328,1-6-2,27.2
144328,2-6-1,136.4
144328,3-6-1,256
144328,4-6-1,1087
144328,5-6-1,1595
144328,6-5-1,1327
144328,1-6-3,32
144328,2-6-3,208.7
144328,3-6-2,294.5
144328,4-6-2,1117
144328,5-6-2,1848
144328,6-5-2,1599
144328,1-6-4,86.8
144328,2-6-4,256.7
144328,3-6-4,395.7
144328,4-6-3,1128
144328,5-6-3,1957
144328,6-5-3,1746
144328,1-6-5,83
144328,2-6-5,214.4
144328,3-6-5,353.9
144328,4-6-5,1319
144328,5-6-4,2126
144328,6-5-4,1951
144257,1-2-3,5.9
144257,2-1-3,26.5
144257,3-1-2,46.8
144257,4-1-2,46.4
144257,5-1-2,818.6
144257,6-1-2,178.9
144257,1-2-4,10.8
144257,2-1-4,38.5
144257,3-1-4,66.2
144257,4-1-3,75.7
144257,5-1-3,1382
144257,6-1-3,202.8
144257,1-2-5,118.2
144257,2-1-5,278
144257,3-1-5,446.6
144257,4-1-5,261.6
144257,5-1-4,1559
144257,6-1-4,267.9
144257,1-2-6,14.6
144257,2-1-6,41.6
144257,3-1-6,64.1
144257,4-1-6,47.3
144257,5-1-6,1525
144257,6-1-5,1198
144257,1-3-2,7.8
144257,2-3-1,46.4
144257,3-2-1,74.2
144257,4-2-1,87
144257,5-2-1,1550
144257,6-2-1,278
144257,1-3-4,12.8
144257,2-3-4,84.1
144257,3-2-4,136.3
144257,4-2-3,177.9
144257,5-2-3,2515
144257,6-2-3,445.9
144257,1-3-5,137.1
144257,2-3-5,525.7
144257,3-2-5,736.6
144257,4-2-5,495.8
144257,5-2-4,1613
144257,6-2-4,514.1
144257,1-3-6,14.7
144257,2-3-6,84.2
144257,3-2-6,135.7
144257,4-2-6,126.2
144257,5-2-6,2023
144257,6-2-5,1801
144257,1-4-2,19
144257,2-4-1,82.9
144257,3-4-1,138.7
144257,4-3-1,157.1
144257,5-3-1,2233
144257,6-3-1,374.7
144257,1-4-3,25.6
144257,2-4-3,127.1
144257,3-4-2,187.6
144257,4-3-2,236.9
144257,5-3-2,2684
144257,6-3-2,527.7
144257,1-4-5,174.9
144257,2-4-5,576.8
144257,3-4-5,1130
144257,4-3-5,1130
144257,5-3-4,3001
144257,6-3-4,694.4
144257,1-4-6,26.3
144257,2-4-6,129.8
144257,3-4-6,189.7
144257,4-3-6,188.8
144257,5-3-6,2938
144257,6-3-5,1994
144257,1-5-2,357.9
144257,2-5-1,825.9
144257,3-5-1,1454
144257,4-5-1,480.5
144257,5-4-1,1836
144257,6-4-1,300.5
144257,1-5-3,466
144257,2-5-3,1461
144257,3-5-2,1836
144257,4-5-2,620.3
144257,5-4-2,1702
144257,6-4-2,453.2
144257,1-5-4,508.5
144257,2-5-4,1144
144257,3-5-4,2114
144257,4-5-3,1026
144257,5-4-3,2609
144257,6-4-3,488
144257,1-5-6,500.3
144257,2-5-6,1203
144257,3-5-6,1595
144257,4-5-6,419.8
144257,5-4-6,1484
144257,6-4-5,1208
144257,1-6-2,37.5
144257,2-6-1,129.4
144257,3-6-1,176
144257,4-6-1,76.4
144257,5-6-1,2008
144257,6-5-1,2083
144257,1-6-3,38.4
144257,2-6-3,183.1
144257,3-6-2,254
144257,4-6-2,120
144257,5-6-2,1789
144257,6-5-2,2427
144257,1-6-4,60.7
144257,2-6-4,233.6
144257,3-6-4,279.1
144257,4-6-3,149
144257,5-6-3,2307
144257,6-5-3,2658
144257,1-6-5,345
144257,2-6-5,1011
144257,3-6-5,1342
144257,4-6-5,322
144257,5-6-4,1661
144257,6-5-4,1755
144258,1-2-3,7
144258,2-1-3,29.7
144258,3-1-2,11.9
144258,4-1-2,355
144258,5-1-2,1670
144258,6-1-2,205.4
144258,1-2-4,33
144258,2-1-4,110.2
144258,3-1-4,20.5
144258,4-1-3,195.9
144258,5-1-3,1070
144258,6-1-3,137
144258,1-2-5,98.4
144258,2-1-5,283.4
144258,3-1-5,67.4
144258,4-1-5,666.8
144258,5-1-4,2331
144258,6-1-4,696.1
144258,1-2-6,21.7
144258,2-1-6,82.9
144258,3-1-6,17.6
144258,4-1-6,494.6
144258,5-1-6,1867
144258,6-1-5,1174
144258,1-3-2,6.5
144258,2-3-1,35.5
144258,3-2-1,24.4
144258,4-2-1,571.7
144258,5-2-1,2148
144258,6-2-1,285
144258,1-3-4,14.3
144258,2-3-4,97.7
144258,3-2-4,54.7
144258,4-2-3,495.4
144258,5-2-3,1661
144258,6-2-3,263.1
144258,1-3-5,47.5
144258,2-3-5,217.1
144258,3-2-5,137.3
144258,4-2-5,1373
144258,5-2-4,2425
144258,6-2-4,1232
144258,1-3-6,11.7
144258,2-3-6,76.2
144258,3-2-6,45
144258,4-2-6,979.5
144258,5-2-6,2465
144258,6-2-5,1940
144258,1-4-2,85.8
144258,2-4-1,277.9
144258,3-4-1,39.7
144258,4-3-1,198.5
144258,5-3-1,1183
144258,6-3-1,146.8
144258,1-4-3,61.4
144258,2-4-3,253.5
144258,3-4-2,59.9
144258,4-3-2,347.6
144258,5-3-2,1503
144258,6-3-2,206.6
144258,1-4-5,246.7
144258,2-4-5,810.5
144258,3-4-5,102
144258,4-3-5,506.2
144258,5-3-4,951.6
144258,6-3-4,491.3
144258,1-4-6,113.5
144258,2-4-6,457
144258,3-4-6,51.6
144258,4-3-6,353.8
144258,5-3-6,1940
144258,6-3-5,939.7
144258,1-5-2,413
144258,2-5-1,995.7
144258,3-5-1,200.4
144258,4-5-1,999.1
144258,5-4-1,2570
144258,6-4-1,1165
144258,1-5-3,299.8
144258,2-5-3,759.4
144258,3-5-2,275.9
144258,4-5-2,1392
144258,5-4-2,3233
144258,6-4-2,1398
144258,1-5-4,581.6
144258,2-5-4,1699
144258,3-5-4,211.9
144258,4-5-3,674.2
144258,5-4-3,999.1
144258,6-4-3,919.6
144258,1-5-6,430.8
144258,2-5-6,1366
144258,3-5-6,203.6
144258,4-5-6,1029
144258,5-4-6,2211
144258,6-4-5,1879
144258,1-6-2,55.9
144258,2-6-1,187.3
144258,3-6-1,39.4
144258,4-6-1,757.5
144258,5-6-1,1891
144258,6-5-1,2045
144258,1-6-3,42.6
144258,2-6-3,178.7
144258,3-6-2,59.9
144258,4-6-2,963.8
144258,5-6-2,2759
144258,6-5-2,2837
144258,1-6-4,177.5
144258,2-6-4,710.9
144258,3-6-4,84.4
144258,4-6-3,671.2
144258,5-6-3,2004
144258,6-5-3,2059
144258,1-6-5,321.9
144258,2-6-5,1336
144258,3-6-5,197.4
144258,4-6-5,1232
144258,5-6-4,2685
144258,6-5-4,2386
144259,1-2-3,12.8
144259,2-1-3,56.6
144259,3-1-2,54
144259,4-1-2,1295
144259,5-1-2,78.6
144259,6-1-2,298.8
144259,1-2-4,144.7
144259,2-1-4,383.8
144259,3-1-4,262
144259,4-1-3,1148
144259,5-1-3,44
144259,6-1-3,193.8
144259,1-2-5,13.9
144259,2-1-5,64.8
144259,3-1-5,26
144259,4-1-5,1080
144259,5-1-4,397.3
144259,6-1-4,1261
144259,1-2-6,27.3
144259,2-1-6,128.7
144259,3-1-6,49.7
144259,4-1-6,1470
144259,5-1-6,53.6
144259,6-1-5,179.8
144259,1-3-2,9.9
144259,2-3-1,67.2
144259,3-2-1,106.4
144259,4-2-1,1750
144259,5-2-1,138.9
144259,6-2-1,596.3
144259,1-3-4,85.8
144259,2-3-4,341.8
144259,3-2-4,556.8
144259,4-2-3,2041
144259,5-2-3,201.9
144259,6-2-3,761.7
144259,1-3-5,5.8
144259,2-3-5,80.7
144259,3-2-5,137.3
144259,4-2-5,2315
144259,5-2-4,927.5
144259,6-2-4,2297
144259,1-3-6,12.9
144259,2-3-6,132.9
144259,3-2-6,216.6
144259,4-2-6,3000
144259,5-2-6,214.4
144259,6-2-5,715.3
144259,1-4-2,345
144259,2-4-1,1069
144259,3-4-1,715.3
144259,4-3-1,1455
144259,5-3-1,65.7
144259,6-3-1,307.8
144259,1-4-3,341.8
144259,2-4-3,1240
144259,3-4-2,993.3
144259,4-3-2,1960
144259,5-3-2,193.5
144259,6-3-2,786.1
144259,1-4-5,302.1
144259,2-4-5,1204
144259,3-4-5,1088
144259,4-3-5,1884
144259,5-3-4,771.7
144259,6-3-4,1680
144259,1-4-6,412.9
144259,2-4-6,1393
144259,3-4-6,1386
144259,4-3-6,2297
144259,5-3-6,117.6
144259,6-3-5,367
144259,1-5-2,18.2
144259,2-5-1,101.9
144259,3-5-1,44.9
144259,4-5-1,1330
144259,5-4-1,888.2
144259,6-4-1,2672
144259,1-5-3,9.2
144259,2-5-3,125.5
144259,3-5-2,122.9
144259,4-5-2,2297
144259,5-4-2,1484
144259,6-4-2,2911
144259,1-5-4,163.5
144259,2-5-4,731.3
144259,3-5-4,566.5
144259,4-5-3,2146
144259,5-4-3,1380
144259,6-4-3,3127
144259,1-5-6,17.6
144259,2-5-6,160.2
144259,3-5-6,75.1
144259,4-5-6,1771
144259,5-4-6,1020
144259,6-4-5,2070
144259,1-6-2,56.8
144259,2-6-1,327.7
144259,3-6-1,154.9
144259,4-6-1,2194
144259,5-6-1,72.9
144259,6-5-1,216.9
144259,1-6-3,44.3
144259,2-6-3,409.4
144259,3-6-2,398.4
144259,4-6-2,3459
144259,5-6-2,181.6
144259,6-5-2,499.1
144259,1-6-4,310.1
144259,2-6-4,1406
144259,3-6-4,1336
144259,4-6-3,3341
144259,5-6-3,107.6
144259,6-5-3,319.9
144259,1-6-5,44.3
144259,2-6-5,358.9
144259,3-6-5,172.6
144259,4-6-5,2940
144259,5-6-4,628.2
144259,6-5-4,1318
144260,1-2-3,15.9
144260,2-1-3,26.5
144260,3-1-2,20.9
144260,4-1-2,148.4
144260,5-1-2,315.5
144260,6-1-2,4053
144260,1-2-4,44.3
144260,2-1-4,63.4
144260,3-1-4,24
144260,4-1-3,97
144260,5-1-3,190.9
144260,6-1-3,3648
144260,1-2-5,59.5
144260,2-1-5,78
144260,3-1-5,29.1
144260,4-1-5,192
144260,5-1-4,442.8
144260,6-1-4,7296
144260,1-2-6,587.2
144260,2-1-6,860.8
144260,3-1-6,485.5
144260,4-1-6,1430
144260,5-1-6,1496
144260,6-1-5,4864
144260,1-3-2,13.8
144260,2-3-1,21.8
144260,3-2-1,20.2
144260,4-2-1,156.4
144260,5-2-1,307.5
144260,6-2-1,6485
144260,1-3-4,19
144260,2-3-4,18.2
144260,3-2-4,14.4
144260,4-2-3,79.7
144260,5-2-3,135.6
144260,6-2-3,3648
144260,1-3-5,24.5
144260,2-3-5,19.2
144260,3-2-5,17.5
144260,4-2-5,168.6
144260,5-2-4,320.7
144260,6-2-4,4489
144260,1-3-6,431
144260,2-3-6,368
144260,3-2-6,317.2
144260,4-2-6,1363
144260,5-2-6,1257
144260,6-2-5,3943
144260,1-4-2,64.2
144260,2-4-1,86.1
144260,3-4-1,29.8
144260,4-3-1,73.2
144260,5-3-1,168.2
144260,6-3-1,4946
144260,1-4-3,42
144260,2-4-3,47.8
144260,3-4-2,24
144260,4-3-2,59.9
144260,5-3-2,126.3
144260,6-3-2,3943
144260,1-4-5,91.8
144260,2-4-5,87.1
144260,3-4-5,25.9
144260,4-3-5,72.3
144260,5-3-4,195.3
144260,6-3-4,3354
144260,1-4-6,873.7
144260,2-4-6,824.4
144260,3-4-6,368.9
144260,4-3-6,708.3
144260,5-3-6,1481
144260,6-3-5,5031
144260,1-5-2,121.8
144260,2-5-1,133
144260,3-5-1,45.4
144260,4-5-1,185.6
144260,5-4-1,430.4
144260,6-4-1,7483
144260,1-5-3,79.6
144260,2-5-3,63.4
144260,3-5-2,34.3
144260,4-5-2,158.8
144260,5-4-2,349.5
144260,6-4-2,4421
144260,1-5-4,171.1
144260,2-5-4,125.6
144260,3-5-4,40.8
144260,4-5-3,114
144260,5-4-3,245
144260,6-4-3,4291
144260,1-5-6,1034
144260,2-5-6,793
144260,3-5-6,422.9
144260,4-5-6,706.6
144260,5-4-6,1630
144260,6-4-5,5031
144260,1-6-2,1870
144260,2-6-1,3393
144260,3-6-1,1437
144260,4-6-1,3790
144260,5-6-1,2432
144260,6-5-1,4864
144260,1-6-3,2145
144260,2-6-3,2026
144260,3-6-2,1285
144260,4-6-2,3559
144260,5-6-2,2194
144260,6-5-2,4421
144260,1-6-4,2353
144260,2-6-4,2130
144260,3-6-4,1496
144260,4-6-3,3008
144260,5-6-3,2889
144260,6-5-3,5955
144260,1-6-5,2210
144260,2-6-5,2099
144260,3-6-5,1658
144260,4-6-5,3040
144260,5-6-4,3242
144260,6-5-4,5836
144261,1-2-3,33
144261,2-1-3,39.7
144261,3-1-2,311.6
144261,4-1-2,796.4
144261,5-1-2,16.4
144261,6-1-2,371.5
144261,1-2-4,69.8
144261,2-1-4,81.9
144261,3-1-4,1048
144261,4-1-3,1674
144261,5-1-3,137.9
144261,6-1-3,1708
144261,1-2-5,5.1
144261,2-1-5,5
144261,3-1-5,643.3
144261,4-1-5,784.9
144261,5-1-4,236.3
144261,6-1-4,2360
144261,1-2-6,29.1
144261,2-1-6,25.4
144261,3-1-6,1783
144261,4-1-6,1802
144261,5-1-6,34.6
144261,6-1-5,383.7
144261,1-3-2,98.5
144261,2-3-1,112.5
144261,3-2-1,322.6
144261,4-2-1,934.8
144261,5-2-1,14.6
144261,6-2-1,385.5
144261,1-3-4,453.8
144261,2-3-4,400.1
144261,3-2-4,1058
144261,4-2-3,2013
144261,5-2-3,95.6
144261,6-2-3,1674
144261,1-3-5,147.9
144261,2-3-5,99.5
144261,3-2-5,504
144261,4-2-5,711.7
144261,5-2-4,158.3
144261,6-2-4,2310
144261,1-3-6,407.6
144261,2-3-6,299.9
144261,3-2-6,1414
144261,4-2-6,1665
144261,5-2-6,23.9
144261,6-2-5,255.9
144261,1-4-2,239.5
144261,2-4-1,276.4
144261,3-4-1,1864
144261,4-3-1,2543
144261,5-3-1,484.6
144261,6-3-1,3216
144261,1-4-3,725.9
144261,2-4-3,616.7
144261,3-4-2,1736
144261,4-3-2,2523
144261,5-3-2,372
144261,6-3-2,2956
144261,1-4-5,316.1
144261,2-4-5,217.8
144261,3-4-5,2232
144261,4-3-5,3095
144261,5-3-4,1519
144261,6-3-4,3185
144261,1-4-6,828.5
144261,2-4-6,522.4
144261,3-4-6,2903
144261,4-3-6,3906
144261,5-3-6,747.4
144261,6-3-5,2929
144261,1-5-2,10.8
144261,2-5-1,9.3
144261,3-5-1,814.1
144261,4-5-1,708.6
144261,5-4-1,573.6
144261,6-4-1,4001
144261,1-5-3,76.3
144261,2-5-3,50.6
144261,3-5-2,580.7
144261,4-5-2,622.6
144261,5-4-2,452.5
144261,6-4-2,3314
144261,1-5-4,168.4
144261,2-5-4,92.2
144261,3-5-4,1941
144261,4-5-3,2130
144261,5-4-3,1577
144261,6-4-3,4494
144261,1-5-6,41.7
144261,2-5-6,20.8
144261,3-5-6,1585
144261,4-5-6,932.1
144261,5-4-6,739
144261,6-4-5,2711
144261,1-6-2,126.7
144261,2-6-1,106.2
144261,3-6-1,3348
144261,4-6-1,2624
144261,5-6-1,45.8
144261,6-5-1,293.7
144261,1-6-3,562.8
144261,2-6-3,455
144261,3-6-2,2467
144261,4-6-2,2646
144261,5-6-2,39
144261,6-5-2,198
144261,1-6-4,970.7
144261,2-6-4,673.7
144261,3-6-4,3185
144261,4-6-3,4153
144261,5-6-3,269.6
144261,6-5-3,1350
144261,1-6-5,150.3
144261,2-6-5,87.5
144261,3-6-5,2543
144261,4-6-5,1717
144261,5-6-4,392
144261,6-5-4,1498
144262,1-2-3,10.1
144262,2-1-3,82
144262,3-1-2,322.4
144262,4-1-2,200.2
144262,5-1-2,112
144262,6-1-2,213.7
144262,1-2-4,14.5
144262,2-1-4,113.9
144262,3-1-4,372
144262,4-1-3,298.5
144262,5-1-3,251.9
144262,6-1-3,385.2
144262,1-2-5,8
144262,2-1-5,85.2
144262,3-1-5,318.5
144262,4-1-5,115.6
144262,5-1-4,164.1
144262,6-1-4,331.2
144262,1-2-6,9.3
144262,2-1-6,84.6
144262,3-1-6,327.9
144262,4-1-6,130.8
144262,5-1-6,77.4
144262,6-1-5,169.4
144262,1-3-2,21.6
144262,2-3-1,338.9
144262,3-2-1,580.2
144262,4-2-1,588.3
144262,5-2-1,273.4
144262,6-2-1,505.4
144262,1-3-4,36.5
144262,2-3-4,959.2
144262,3-2-4,1334
144262,4-2-3,1330
144262,5-2-3,959.2
144262,6-2-3,1931
144262,1-3-5,24
144262,2-3-5,831.1
144262,3-2-5,1396
144262,4-2-5,946.3
144262,5-2-4,923.6
144262,6-2-4,1658
144262,1-3-6,23.9
144262,2-3-6,866.8
144262,3-2-6,1578
144262,4-2-6,1060
144262,5-2-6,405.5
144262,6-2-5,968
144262,1-4-2,28.8
144262,2-4-1,499.4
144262,3-4-1,664.1
144262,4-3-1,725.6
144262,5-3-1,725.6
144262,6-3-1,1062
144262,1-4-3,47
144262,2-4-3,1255
144262,3-4-2,1549
144262,4-3-2,1429
144262,5-3-2,1468
144262,6-3-2,2403
144262,1-4-5,20.7
144262,2-4-5,1087
144262,3-4-5,1505
144262,4-3-5,1561
144262,5-3-4,2191
144262,6-3-4,2203
144262,1-4-6,22.1
144262,2-4-6,1060
144262,3-4-6,1317
144262,4-3-6,1410
144262,5-3-6,1110
144262,6-3-5,2262
144262,1-5-2,13
144262,2-5-1,258.2
144262,3-5-1,654.8
144262,4-5-1,173.4
144262,5-4-1,298.3
144262,6-4-1,651.8
144262,1-5-3,34.1
144262,2-5-3,979.2
144262,3-5-2,1369
144262,4-5-2,541.6
144262,5-4-2,896.2
144262,6-4-2,1831
144262,1-5-4,26.9
144262,2-5-4,1068
144262,3-5-4,1672
144262,4-5-3,974.7
144262,5-4-3,1505
144262,6-4-3,2445
144262,1-5-6,11.1
144262,2-5-6,475.3
144262,3-5-6,1021
144262,4-5-6,189.1
144262,5-4-6,351.6
144262,6-4-5,688.9
144262,1-6-2,21.5
144262,2-6-1,344.7
144262,3-6-1,653.8
144262,4-6-1,272.2
144262,5-6-1,132.5
144262,6-5-1,275.5
144262,1-6-3,40.7
144262,2-6-3,1251
144262,3-6-2,1712
144262,4-6-2,870.4
144262,5-6-2,331.7
144262,6-5-2,824.6
144262,1-6-4,39.1
144262,2-6-4,1162
144262,3-6-4,1712
144262,4-6-3,1262
144262,5-6-3,686.7
144262,6-5-3,1596
144262,1-6-5,20.3
144262,2-6-5,685.6
144262,3-6-5,1233
144262,4-6-5,313.1
144262,5-6-4,358.8
144262,6-5-4,652.8
144263,1-2-3,36.4
144263,2-1-3,66
144263,3-1-2,188
144263,4-1-2,238.9
144263,5-1-2,10.8
144263,6-1-2,4233
144263,1-2-4,42.8
144263,2-1-4,74
144263,3-1-4,246
144263,4-1-3,325.9
144263,5-1-3,19.9
144263,6-1-3,5965
144263,1-2-5,13
144263,2-1-5,21.4
144263,3-1-5,88.8
144263,4-1-5,115.2
144263,5-1-4,26.8
144263,6-1-4,5545
144263,1-2-6,512.6
144263,2-1-6,880.8
144263,3-1-6,1491
144263,4-1-6,1343
144263,5-1-6,161.6
144263,6-1-5,5320
144263,1-3-2,50.1
144263,2-3-1,129.5
144263,3-2-1,230.2
144263,4-2-1,332.8
144263,5-2-1,15.3
144263,6-2-1,5393
144263,1-3-4,93.9
144263,2-3-4,175.1
144263,3-2-4,311.9
144263,4-2-3,452.5
144263,5-2-3,21.5
144263,6-2-3,6350
144263,1-3-5,29.4
144263,2-3-5,58.3
144263,3-2-5,94.6
144263,4-2-5,115
144263,5-2-4,27.7
144263,6-2-4,6907
144263,1-3-6,737.3
144263,2-3-6,1112
144263,3-2-6,1607
144263,4-2-6,2163
144263,5-2-6,178.5
144263,6-2-5,3977
144263,1-4-2,77.8
144263,2-4-1,169.4
144263,3-4-1,333.1
144263,4-3-1,531.3
144263,5-3-1,36.8
144263,6-3-1,6788
144263,1-4-3,121.6
144263,2-4-3,243
144263,3-4-2,373.9
144263,4-3-2,453.6
144263,5-3-2,36
144263,6-3-2,7428
144263,1-4-5,41.7
144263,2-4-5,65.9
144263,3-4-5,144.3
144263,4-3-5,204.9
144263,5-3-4,60.4
144263,6-3-4,6454
144263,1-4-6,773.5
144263,2-4-6,1426
144263,3-4-6,1675
144263,4-3-6,2642
144263,5-3-6,339.7
144263,6-3-5,8948
144263,1-5-2,11.8
144263,2-5-1,26.6
144263,3-5-1,60
144263,4-5-1,71.7
144263,5-4-1,43.3
144263,6-4-1,4578
144263,1-5-3,18.6
144263,2-5-3,36
144263,3-5-2,62.1
144263,4-5-2,66.7
144263,5-4-2,38.5
144263,6-4-2,6788
144263,1-5-4,25.3
144263,2-5-4,35.1
144263,3-5-4,81.8
144263,4-5-3,107.8
144263,5-4-3,64.6
144263,6-4-3,6907
144263,1-5-6,231.4
144263,2-5-6,322.7
144263,3-5-6,717.1
144263,4-5-6,522.8
144263,5-4-6,260.5
144263,6-4-5,4059
144263,1-6-2,1613
144263,2-6-1,2792
144263,3-6-1,4860
144263,4-6-1,4017
144263,5-6-1,390.9
144263,6-5-1,3937
144263,1-6-3,2275
144263,2-6-3,3612
144263,3-6-2,4326
144263,4-6-2,3484
144263,5-6-2,420.6
144263,6-5-2,3075
144263,1-6-4,2262
144263,2-6-4,3579
144263,3-6-4,5180
144263,4-6-3,5468
144263,5-6-3,729.1
144263,6-5-3,6057
144263,1-6-5,1090
144263,2-6-5,1902
144263,3-6-5,3612
144263,4-6-5,2275
144263,5-6-4,639.1
144263,6-5-4,3253
144264,1-2-3,21.6
144264,2-1-3,10.2
144264,3-1-2,114.9
144264,4-1-2,660.7
144264,5-1-2,1609
144264,6-1-2,137.1
144264,1-2-4,72.2
144264,2-1-4,38
144264,3-1-4,432.8
144264,4-1-3,1232
144264,5-1-3,2447
144264,6-1-3,341.7
144264,1-2-5,222
144264,2-1-5,127.8
144264,3-1-5,781
144264,4-1-5,1800
144264,5-1-4,2653
144264,6-1-4,858.2
144264,1-2-6,30.3
144264,2-1-6,10.7
144264,3-1-6,231.8
144264,4-1-6,1384
144264,5-1-6,2482
144264,6-1-5,1150
144264,1-3-2,57.7
144264,2-3-1,12.4
144264,3-2-1,73.1
144264,4-2-1,544.7
144264,5-2-1,1810
144264,6-2-1,63.1
144264,1-3-4,222
144264,2-3-4,16.8
144264,3-2-4,110.4
144264,4-2-3,405.1
144264,5-2-3,1395
144264,6-2-3,51.3
144264,1-3-5,519.5
144264,2-3-5,71.3
144264,3-2-5,301.7
144264,4-2-5,1150
144264,5-2-4,1551
144264,6-2-4,142
144264,1-3-6,112.1
144264,2-3-6,4.9
144264,3-2-6,44.1
144264,4-2-6,339.4
144264,5-2-6,1316
144264,6-2-5,299.1
144264,1-4-2,272.8
144264,2-4-1,69
144264,3-4-1,617.3
144264,4-3-1,1511
144264,5-3-1,2920
144264,6-3-1,351.8
144264,1-4-3,480.7
144264,2-4-3,38.2
144264,3-4-2,297.8
144264,4-3-2,567
144264,5-3-2,1800
144264,6-3-2,112.2
144264,1-4-5,1186
144264,2-4-5,192.1
144264,3-4-5,1326
144264,4-3-5,2574
144264,5-3-4,3995
144264,6-3-4,564.2
144264,1-4-6,492.3
144264,2-4-6,31.4
144264,3-4-6,438.3
144264,4-3-6,1124
144264,5-3-6,3131
144264,6-3-5,1254
144264,1-5-2,733.2
144264,2-5-1,368.9
144264,3-5-1,1498
144264,4-5-1,2825
144264,5-4-1,3620
144264,6-4-1,1194
144264,1-5-3,483.4
144264,2-5-3,271.3
144264,3-5-2,854
144264,4-5-2,2056
144264,5-4-2,2242
144264,6-4-2,433.9
144264,1-5-4,831.5
144264,2-5-4,392.7
144264,3-5-4,1974
144264,4-5-3,3188
144264,5-4-3,4089
144264,6-4-3,871.1
144264,1-5-6,1228
144264,2-5-6,215
144264,3-5-6,1282
144264,4-5-6,3279
144264,5-4-6,3995
144264,6-4-5,2317
144264,1-6-2,88
144264,2-6-1,13.6
144264,3-6-1,233.1
144264,4-6-1,1287
144264,5-6-1,4965
144264,6-5-1,2119
144264,1-6-3,165.6
144264,2-6-3,6.3
144264,3-6-2,92.3
144264,4-6-2,472.2
144264,5-6-2,2068
144264,6-5-2,1022
144264,1-6-4,418.7
144264,2-6-4,21.2
144264,3-6-4,416.7
144264,4-6-3,981.8
144264,5-6-3,4344
144264,6-5-3,1930
144264,1-6-5,884.4
144264,2-6-5,67.4
144264,3-6-5,919.5
144264,4-6-5,2465
144264,5-6-4,4761
144264,6-5-4,2500
144265,1-2-3,13
144265,2-1-3,28.7
144265,3-1-2,74.9
144265,4-1-2,1084
144265,5-1-2,24
144265,6-1-2,254.8
144265,1-2-4,87.8
144265,2-1-4,180.9
144265,3-1-4,540.6
144265,4-1-3,1493
144265,5-1-3,55.2
144265,6-1-3,494
144265,1-2-5,6.7
144265,2-1-5,16.9
144265,3-1-5,52.4
144265,4-1-5,756.7
144265,5-1-4,278.5
144265,6-1-4,1072
144265,1-2-6,29.9
144265,2-1-6,62.3
144265,3-1-6,251.2
144265,4-1-6,1465
144265,5-1-6,41.1
144265,6-1-5,197.8
144265,1-3-2,21
144265,2-3-1,67.6
144265,3-2-1,105.3
144265,4-2-1,1306
144265,5-2-1,35
144265,6-2-1,337.4
144265,1-3-4,167.4
144265,2-3-4,404.6
144265,3-2-4,732.9
144265,4-2-3,1766
144265,5-2-3,80.8
144265,6-2-3,626.2
144265,1-3-5,15.5
144265,2-3-5,56
144265,3-2-5,72.8
144265,4-2-5,1280
144265,5-2-4,371.2
144265,6-2-4,1465
144265,1-3-6,59
144265,2-3-6,170.1
144265,3-2-6,386.4
144265,4-2-6,1921
144265,5-2-6,70.3
144265,6-2-5,306.5
144265,1-4-2,267.2
144265,2-4-1,627.2
144265,3-4-1,1252
144265,4-3-1,2314
144265,5-3-1,117.7
144265,6-3-1,994.4
144265,1-4-3,366.4
144265,2-4-3,742.5
144265,3-4-2,1383
144265,4-3-2,2150
144265,5-3-2,140
144265,6-3-2,991.9
144265,1-4-5,205.7
144265,2-4-5,443.1
144265,3-4-5,1280
144265,4-3-5,2369
144265,5-3-4,949
144265,6-3-4,2198
144265,1-4-6,326.2
144265,2-4-6,698
144265,3-4-6,1691
144265,4-3-6,2826
144265,5-3-6,221.4
144265,6-3-5,887.3
144265,1-5-2,8.2
144265,2-5-1,25.7
144265,3-5-1,77.6
144265,4-5-1,1007
144265,5-4-1,885.3
144265,6-4-1,2621
144265,1-5-3,15.3
144265,2-5-3,51.9
144265,3-5-2,86.9
144265,4-5-2,1174
144265,5-4-2,933.4
144265,6-4-2,2341
144265,1-5-4,105
144265,2-5-4,235.5
144265,3-5-4,822.8
144265,4-5-3,1893
144265,5-4-3,1433
144265,6-4-3,3116
144265,1-5-6,17.9
144265,2-5-6,55.1
144265,3-5-6,196.6
144265,4-5-6,881.4
144265,5-4-6,669.6
144265,6-4-5,1684
144265,1-6-2,77.8
144265,2-6-1,191.9
144265,3-6-1,625.2
144265,4-6-1,2638
144265,5-6-1,65.2
144265,6-5-1,205.1
144265,1-6-3,135
144265,2-6-3,342.9
144265,3-6-2,700.4
144265,4-6-2,2520
144265,5-6-2,80.6
144265,6-5-2,254.3
144265,1-6-4,325.2
144265,2-6-4,750.9
144265,3-6-4,1743
144265,4-6-3,3441
144265,5-6-3,169.4
144265,6-5-3,510
144265,1-6-5,57.3
144265,2-6-5,160
144265,3-6-5,472.8
144265,4-6-5,1751
144265,5-6-4,418.3
144265,6-5-4,942.3
144266,1-2-3,14.2
144266,2-1-3,128.3
144266,3-1-2,123.3
144266,4-1-2,688.6
144266,5-1-2,35.8
144266,6-1-2,825
144266,1-2-4,45.7
144266,2-1-4,339.2
144266,3-1-4,230.9
144266,4-1-3,773
144266,5-1-3,39.6
144266,6-1-3,758.9
144266,1-2-5,7.3
144266,2-1-5,80
144266,3-1-5,53.6
144266,4-1-5,357.9
144266,5-1-4,123.9
144266,6-1-4,1686
144266,1-2-6,32.1
144266,2-1-6,269.6
144266,3-1-6,155.8
144266,4-1-6,805.9
144266,5-1-6,40
144266,6-1-5,322.2
144266,1-3-2,14.5
144266,2-3-1,244.6
144266,3-2-1,271.9
144266,4-2-1,1318
144266,5-2-1,106.8
144266,6-2-1,1431
144266,1-3-4,36.2
144266,2-3-4,907.7
144266,3-2-4,886.5
144266,4-2-3,1956
144266,5-2-3,294
144266,6-2-3,2450
144266,1-3-5,7.1
144266,2-3-5,332.7
144266,3-2-5,360.1
144266,4-2-5,1653
144266,5-2-4,696.7
144266,6-2-4,3561
144266,1-3-6,21.8
144266,2-3-6,760.3
144266,3-2-6,840
144266,4-2-6,2104
144266,5-2-6,245.2
144266,6-2-5,1614
144266,1-4-2,106.5
144266,2-4-1,1163
144266,3-4-1,659.2
144266,4-3-1,1236
144266,5-3-1,103.5
144266,6-3-1,1229
144266,1-4-3,96.8
144266,2-4-3,1653
144266,3-4-2,982.6
144266,4-3-2,1946
144266,5-3-2,286.9
144266,6-3-2,2252
144266,1-4-5,51.1
144266,2-4-5,1537
144266,3-4-5,670.9
144266,4-3-5,1314
144266,5-3-4,606.4
144266,6-3-4,2834
144266,1-4-6,101.8
144266,2-4-6,1860
144266,3-4-6,1120
144266,4-3-6,1937
144266,5-3-6,235.2
144266,6-3-5,1282
144266,1-5-2,7.5
144266,2-5-1,139.4
144266,3-5-1,86.9
144266,4-5-1,374.3
144266,5-4-1,318.7
144266,6-4-1,2509
144266,1-5-3,8.1
144266,2-5-3,358.8
144266,3-5-2,226.1
144266,4-5-2,913.7
144266,5-4-2,927.9
144266,6-4-2,3443
144266,1-5-4,31.7
144266,2-5-4,807.4
144266,3-5-4,375.3
144266,4-5-3,989.6
144266,5-4-3,982.6
144266,6-4-3,3968
144266,1-5-6,13
144266,2-5-6,431.3
144266,3-5-6,182.1
144266,4-5-6,668.7
144266,5-4-6,439
144266,6-4-5,2422
144266,1-6-2,92.1
144266,2-6-1,864.4
144266,3-6-1,586.8
144266,4-6-1,1560
144266,5-6-1,82
144266,6-5-1,325.7
144266,1-6-3,85.6
144266,2-6-3,1578
144266,3-6-2,1054
144266,4-6-2,2741
144266,5-6-2,197.8
144266,6-5-2,942.6
144266,1-6-4,178.4
144266,2-6-4,2170
144266,3-6-4,1461
144266,4-6-3,2815
144266,5-6-3,191.7
144266,6-5-3,955.6
144266,1-6-5,47.9
144266,2-6-5,1062
144266,3-6-5,594.3
144266,4-6-5,1461
144266,5-6-4,390.1
144266,6-5-4,1488
144267,1-2-3,74.9
144267,2-1-3,543.5
144267,3-1-2,747.3
144267,4-1-2,12.2
144267,5-1-2,476.1
144267,6-1-2,2515
144267,1-2-4,18.1
144267,2-1-4,142.7
144267,3-1-4,233.7
144267,4-1-3,18.1
144267,5-1-3,727.3
144267,6-1-3,3069
144267,1-2-5,90.4
144267,2-1-5,564.2
144267,3-1-5,826.5
144267,4-1-5,5.9
144267,5-1-4,134.6
144267,6-1-4,930
144267,1-2-6,323.3
144267,2-1-6,1296
144267,3-1-6,1770
144267,4-1-6,23.5
144267,5-1-6,510.9
144267,6-1-5,2202
144267,1-3-2,104.1
144267,2-3-1,945.3
144267,3-2-1,1083
144267,4-2-1,51.9
144267,5-2-1,957.1
144267,6-2-1,4650
144267,1-3-4,32.6
144267,2-3-4,1083
144267,3-2-4,1068
144267,4-2-3,194.1
144267,5-2-3,1662
144267,6-2-3,4795
144267,1-3-5,129.6
144267,2-3-5,1593
144267,3-2-5,1959
144267,4-2-5,86
144267,5-2-4,804.8
144267,6-2-4,3487
144267,1-3-6,361.6
144267,2-3-6,2348
144267,3-2-6,3131
144267,4-2-6,208.3
144267,5-2-6,1841
144267,6-2-5,3836
144267,1-4-2,7
144267,2-4-1,179.7
144267,3-4-1,267.6
144267,4-3-1,87.4
144267,5-3-1,1289
144267,6-3-1,4558
144267,1-4-3,9.5
144267,2-4-3,904.5
144267,3-4-2,992.2
144267,4-3-2,262.7
144267,5-3-2,1975
144267,6-3-2,5546
144267,1-4-5,6.2
144267,2-4-5,499.3
144267,3-4-5,705
144267,4-3-5,173.6
144267,5-3-4,1186
144267,6-3-4,3773
144267,1-4-6,30.6
144267,2-4-6,1205
144267,3-4-6,1626
144267,4-3-6,358.8
144267,5-3-6,2773
144267,6-3-5,5059
144267,1-5-2,139.3
144267,2-5-1,1230
144267,3-5-1,1466
144267,4-5-1,11.8
144267,5-4-1,118.6
144267,6-4-1,957.1
144267,1-5-3,166
144267,2-5-3,1950
144267,3-5-2,2171
144267,4-5-2,42.7
144267,5-4-2,377.6
144267,6-4-2,2488
144267,1-5-4,33.7
144267,2-5-4,1058
144267,3-5-4,1338
144267,4-5-3,69.1
144267,5-4-3,590.2
144267,6-4-3,2756
144267,1-5-6,238.2
144267,2-5-6,2824
144267,3-5-6,3712
144267,4-5-6,26.7
144267,5-4-6,287.7
144267,6-4-5,1041
144267,1-6-2,685.1
144267,2-6-1,3968
144267,3-6-1,4223
144267,4-6-1,65.6
144267,5-6-1,881.9
144267,6-5-1,2543
144267,1-6-3,799.2
144267,2-6-3,3743
144267,3-6-2,2740
144267,4-6-2,195.2
144267,5-6-2,1452
144267,6-5-2,4558
144267,1-6-4,215.7
144267,2-6-4,3048
144267,3-6-4,3653
144267,4-6-3,287.5
144267,5-6-3,2423
144267,6-5-3,4950
144267,1-6-5,505.9
144267,2-6-5,4897
144267,3-6-5,5059
144267,4-6-5,76
144267,5-6-4,584.2
144267,6-5-4,1271
144268,1-2-3,21.5
144268,2-1-3,140.8
144268,3-1-2,59.4
144268,4-1-2,74.3
144268,5-1-2,1103
144268,6-1-2,677.2
144268,1-2-4,22.6
144268,2-1-4,150.6
144268,3-1-4,16.2
144268,4-1-3,23.7
144268,5-1-3,738.5
144268,6-1-3,381.9
144268,1-2-5,88.2
144268,2-1-5,435.8
144268,3-1-5,66
144268,4-1-5,88.7
144268,5-1-4,850.2
144268,6-1-4,349.1
144268,1-2-6,77
144268,2-1-6,406.2
144268,3-1-6,48.5
144268,4-1-6,57.1
144268,5-1-6,1196
144268,6-1-5,947.9
144268,1-3-2,15.7
144268,2-3-1,234.6
144268,3-2-1,182.7
144268,4-2-1,218.1
144268,5-2-1,1895
144268,6-2-1,1446
144268,1-3-4,4.9
144268,2-3-4,325.1
144268,3-2-4,193.2
144268,4-2-3,295
144268,5-2-3,2287
144268,6-2-3,1589
144268,1-3-5,27.8
144268,2-3-5,814.5
144268,3-2-5,410.5
144268,4-2-5,546.8
144268,5-2-4,2254
144268,6-2-4,1689
144268,1-3-6,18.1
144268,2-3-6,760.2
144268,3-2-6,345.2
144268,4-2-6,454.2
144268,5-2-6,2241
144268,6-2-5,1924
144268,1-4-2,17.4
144268,2-4-1,299.3
144268,3-4-1,24.1
144268,4-3-1,33.2
144268,5-3-1,945.6
144268,6-3-1,555
144268,1-4-3,7.3
144268,2-4-3,378.6
144268,3-4-2,96.3
144268,4-3-2,154.7
144268,5-3-2,1988
144268,6-3-2,1316
144268,1-4-5,34.1
144268,2-4-5,1025
144268,3-4-5,69.2
144268,4-3-5,121.3
144268,5-3-4,1043
144268,6-3-4,427.9
144268,1-4-6,17.1
144268,2-4-6,815.3
144268,3-4-6,41.7
144268,4-3-6,69.9
144268,5-3-6,1436
144268,6-3-5,1307
144268,1-5-2,189
144268,2-5-1,1379
144268,3-5-1,249.3
144268,4-5-1,259.5
144268,5-4-1,1023
144268,6-4-1,469.6
144268,1-5-3,125.4
144268,2-5-3,1267
144268,3-5-2,531.1
144268,4-5-2,583.4
144268,5-4-2,1846
144268,6-4-2,1157
144268,1-5-4,142.4
144268,2-5-4,1924
144268,3-5-4,251.9
144268,4-5-3,306.9
144268,5-4-3,1014
144268,6-4-3,453.7
144268,1-5-6,171.5
144268,2-5-6,2040
144268,3-5-6,321.4
144268,4-5-6,297.6
144268,5-4-6,1318
144268,6-4-5,1122
144268,1-6-2,157
144268,2-6-1,1618
144268,3-6-1,178.4
144268,4-6-1,146.7
144268,5-6-1,1811
144268,6-5-1,1919
144268,1-6-3,76.8
144268,2-6-3,1909
144268,3-6-2,459.9
144268,4-6-2,418.2
144268,5-6-2,2184
144268,6-5-2,2287
144268,1-6-4,73.3
144268,2-6-4,1656
144268,3-6-4,144.5
144268,4-6-3,164.9
144268,5-6-3,1715
144268,6-5-3,1700
144268,1-6-5,190.5
144268,2-6-5,2501
144268,3-6-5,405.7
144268,4-6-5,346.3
144268,5-6-4,1734
144268,6-5-4,1758
144329,1-2-3,10.3
144329,2-1-3,43.2
144329,3-1-2,180.1
144329,4-1-2,84.8
144329,5-1-2,58.8
144329,6-1-2,568.7
144329,1-2-4,11.6
144329,2-1-4,50.8
144329,3-1-4,211.9
144329,4-1-3,222.2
144329,5-1-3,131.3
144329,6-1-3,927.2
144329,1-2-5,9.9
144329,2-1-5,42.9
144329,3-1-5,171
144329,4-1-5,52.9
144329,5-1-4,72.8
144329,6-1-4,605.1
144329,1-2-6,21.6
144329,2-1-6,74.9
144329,3-1-6,281.5
144329,4-1-6,79
144329,5-1-6,55.1
144329,6-1-5,400.1
144329,1-3-2,20.1
144329,2-3-1,181.8
144329,3-2-1,410.7
144329,4-2-1,182.9
144329,5-2-1,131.4
144329,6-2-1,1022
144329,1-3-4,24
144329,2-3-4,431.9
144329,3-2-4,682.5
144329,4-2-3,517.6
144329,5-2-3,414.2
144329,6-2-3,2540
144329,1-3-5,19.4
144329,2-3-5,376.9
144329,3-2-5,922.9
144329,4-2-5,185.1
144329,5-2-4,240.8
144329,6-2-4,1292
144329,1-3-6,32.6
144329,2-3-6,672.3
144329,3-2-6,1235
144329,4-2-6,246.4
144329,5-2-6,169.9
144329,6-2-5,1042
144329,1-4-2,21.1
144329,2-4-1,176
144329,3-4-1,644.3
144329,4-3-1,763.2
144329,5-3-1,451.5
144329,6-3-1,1752
144329,1-4-3,42.9
144329,2-4-3,452.9
144329,3-4-2,963.8
144329,4-3-2,1071
144329,5-3-2,940.6
144329,6-3-2,2863
144329,1-4-5,20.1
144329,2-4-5,252.3
144329,3-4-5,1185
144329,4-3-5,900.2
144329,5-3-4,1053
144329,6-3-4,2934
144329,1-4-6,38.1
144329,2-4-6,402
144329,3-4-6,1474
144329,4-3-6,897.5
144329,5-3-6,674.6
144329,6-3-5,2476
144329,1-5-2,16.4
144329,2-5-1,138.9
144329,3-5-1,500.8
144329,4-5-1,55.3
144329,5-4-1,91.5
144329,6-4-1,959
144329,1-5-3,26.3
144329,2-5-3,411.6
144329,3-5-2,1235
144329,4-5-2,97.1
144329,5-4-2,157.4
144329,6-4-2,1489
144329,1-5-4,25.2
144329,2-5-4,289.2
144329,3-5-4,1301
144329,4-5-3,278.5
144329,5-4-3,385.4
144329,6-4-3,2405
144329,1-5-6,25.2
144329,2-5-6,317.9
144329,3-5-6,1038
144329,4-5-6,59.8
144329,5-4-6,95.1
144329,6-4-5,664.7
144329,1-6-2,70.8
144329,2-6-1,439
144329,3-6-1,1162
144329,4-6-1,187.4
144329,5-6-1,118.1
144329,6-5-1,458.9
144329,1-6-3,88.1
144329,2-6-3,1107
144329,3-6-2,2530
144329,4-6-2,275
144329,5-6-2,183.2
144329,6-5-2,742
144329,1-6-4,90.3
144329,2-6-4,885.3
144329,3-6-4,2655
144329,4-6-3,625
144329,5-6-3,380.8
144329,6-5-3,1178
144329,1-6-5,67.8
144329,2-6-5,675.4
144329,3-6-5,1789
144329,4-6-5,143.8
144329,5-6-4,178
144329,6-5-4,542.4
144330,1-2-3,8.1
144330,2-1-3,25.1
144330,3-1-2,142.9
144330,4-1-2,35.8
144330,5-1-2,129.2
144330,6-1-2,1658
144330,1-2-4,8.7
144330,2-1-4,25.6
144330,3-1-4,134.4
144330,4-1-3,81
144330,5-1-3,229.8
144330,6-1-3,2078
144330,1-2-5,20.7
144330,2-1-5,47.7
144330,3-1-5,163.2
144330,4-1-5,47.7
144330,5-1-4,143.9
144330,6-1-4,1653
144330,1-2-6,54.3
144330,2-1-6,117.7
144330,3-1-6,337.4
144330,4-1-6,82.7
144330,5-1-6,197.9
144330,6-1-5,2032
144330,1-3-2,18.3
144330,2-3-1,97
144330,3-2-1,227
144330,4-2-1,52.2
144330,5-2-1,221.9
144330,6-2-1,2078
144330,1-3-4,19.2
144330,2-3-4,77.3
144330,3-2-4,144.8
144330,4-2-3,70.1
144330,5-2-3,343.3
144330,6-2-3,2168
144330,1-3-5,31
144330,2-3-5,119.7
144330,3-2-5,222.4
144330,4-2-5,49.8
144330,5-2-4,166.6
144330,6-2-4,1079
144330,1-3-6,77.5
144330,2-3-6,250.1
144330,3-2-6,470.2
144330,4-2-6,93.5
144330,5-2-6,309
144330,6-2-5,2247
144330,1-4-2,14.5
144330,2-4-1,50.2
144330,3-4-1,218.8
144330,4-3-1,186.6
144330,5-3-1,642.5
144330,6-3-1,2824
144330,1-4-3,24.9
144330,2-4-3,65.6
144330,3-4-2,168
144330,4-3-2,127.5
144330,5-3-2,611.1
144330,6-3-2,2883
144330,1-4-5,27.8
144330,2-4-5,62.6
144330,3-4-5,253.5
144330,4-3-5,187.6
144330,5-3-4,574.2
144330,6-3-4,1799
144330,1-4-6,59.9
144330,2-4-6,129.7
144330,3-4-6,385.9
144330,4-3-6,226.9
144330,5-3-6,910.2
144330,6-3-5,3317
144330,1-5-2,46.7
144330,2-5-1,149.6
144330,3-5-1,412.4
144330,4-5-1,52.2
144330,5-4-1,149.7
144330,6-4-1,1564
144330,1-5-3,58.7
144330,2-5-3,163.7
144330,3-5-2,431.2
144330,4-5-2,44.2
144330,5-4-2,122.9
144330,6-4-2,974.6
144330,1-5-4,60.3
144330,2-5-4,139.2
144330,3-5-4,435.6
144330,4-5-3,112.6
144330,5-4-3,298.6
144330,6-4-3,1390
144330,1-5-6,114.9
144330,2-5-6,299.2
144330,3-5-6,712.4
144330,4-5-6,56.1
144330,5-4-6,156.8
144330,6-4-5,1298
144330,1-6-2,280.9
144330,2-6-1,736.2
144330,3-6-1,1366
144330,4-6-1,193.4
144330,5-6-1,577.8
144330,6-5-1,2480
144330,1-6-3,299.1
144330,2-6-3,792.3
144330,3-6-2,1434
144330,4-6-2,169.7
144330,5-6-2,601.1
144330,6-5-2,2526
144330,1-6-4,298.9
144330,2-6-4,550.6
144330,3-6-4,1073
144330,4-6-3,309
144330,5-6-3,808.6
144330,6-5-3,2976
144330,1-6-5,318.4
144330,2-6-5,817
144330,3-6-5,1408
144330,4-6-5,137.7
144330,5-6-4,490.3
144330,6-5-4,1555
144331,1-2-3,7.5
144331,2-1-3,16.1
144331,3-1-2,60.4
144331,4-1-2,152.7
144331,5-1-2,103.8
144331,6-1-2,130.4
144331,1-2-4,14.9
144331,2-1-4,27
144331,3-1-4,92.1
144331,4-1-3,267.9
144331,5-1-3,199.7
144331,6-1-3,214.6
144331,1-2-5,18.1
144331,2-1-5,31.2
144331,3-1-5,85.7
144331,4-1-5,146.5
144331,5-1-4,183.2
144331,6-1-4,380.8
144331,1-2-6,15.3
144331,2-1-6,25.3
144331,3-1-6,84.6
144331,4-1-6,154.4
144331,5-1-6,117.5
144331,6-1-5,344.1
144331,1-3-2,13.2
144331,2-3-1,45.2
144331,3-2-1,95.8
144331,4-2-1,228.4
144331,5-2-1,164.9
144331,6-2-1,170.6
144331,1-3-4,21
144331,2-3-4,78.9
144331,3-2-4,149
144331,4-2-3,342.1
144331,5-2-3,469.4
144331,6-2-3,278.6
144331,1-3-5,25.8
144331,2-3-5,92.2
144331,3-2-5,165.3
144331,4-2-5,217.2
144331,5-2-4,493.1
144331,6-2-4,430.4
144331,1-3-6,24.6
144331,2-3-6,70.4
144331,3-2-6,128.4
144331,4-2-6,227.4
144331,5-2-6,282.4
144331,6-2-5,388.2
144331,1-4-2,38.8
144331,2-4-1,102.5
144331,3-4-1,266.8
144331,4-3-1,503.2
144331,5-3-1,586.9
144331,6-3-1,437
144331,1-4-3,52.1
144331,2-4-3,152.6
144331,3-4-2,278.6
144331,4-3-2,469.4
144331,5-3-2,674
144331,6-3-2,375
144331,1-4-5,71.5
144331,2-4-5,199.5
144331,3-4-5,377.7
144331,4-3-5,661.1
144331,5-3-4,1028
144331,6-3-4,670.5
144331,1-4-6,60.4
144331,2-4-6,145.2
144331,3-4-6,308.5
144331,4-3-6,590.3
144331,5-3-6,674.8
144331,6-3-5,782.9
144331,1-5-2,46
144331,2-5-1,115.8
144331,3-5-1,269.1
144331,4-5-1,203.3
144331,5-4-1,265.6
144331,6-4-1,666.2
144331,1-5-3,57.5
144331,2-5-3,209.5
144331,3-5-2,333.9
144331,4-5-2,237.9
144331,5-4-2,341.2
144331,6-4-2,546.1
144331,1-5-4,94.1
144331,2-5-4,300.9
144331,3-5-4,496.4
144331,4-5-3,677.5
144331,5-4-3,972.4
144331,6-4-3,959.8
144331,1-5-6,65.3
144331,2-5-6,172.3
144331,3-5-6,342.7
144331,4-5-6,188.3
144331,5-4-6,275.2
144331,6-4-5,893.6
144331,1-6-2,48.4
144331,2-6-1,94.6
144331,3-6-1,291.3
144331,4-6-1,347.6
144331,5-6-1,221.5
144331,6-5-1,586.3
144331,1-6-3,74.6
144331,2-6-3,157.6
144331,3-6-2,321.3
144331,4-6-2,352.3
144331,5-6-2,346.6
144331,6-5-2,470.3
144331,1-6-4,115.1
144331,2-6-4,219.6
144331,3-6-4,537.6
144331,4-6-3,697.5
144331,5-6-3,728.9
144331,6-5-3,853.8
144331,1-6-5,106.7
144331,2-6-5,206.9
144331,3-6-5,474.6
144331,4-6-5,294.4
144331,5-6-4,585.6
144331,6-5-4,871.1
144332,1-2-3,11.4
144332,2-1-3,33.2
144332,3-1-2,54.3
144332,4-1-2,555.7
144332,5-1-2,34.9
144332,6-1-2,1676
144332,1-2-4,37.6
144332,2-1-4,124.4
144332,3-1-4,115.9
144332,4-1-3,549.5
144332,5-1-3,33.4
144332,6-1-3,1590
144332,1-2-5,9.4
144332,2-1-5,24.9
144332,3-1-5,28
144332,4-1-5,279.2
144332,5-1-4,167.3
144332,6-1-4,3172
144332,1-2-6,63.4
144332,2-1-6,137.2
144332,3-1-6,127.3
144332,4-1-6,569.7
144332,5-1-6,64.2
144332,6-1-5,1207
144332,1-3-2,14.7
144332,2-3-1,77.9
144332,3-2-1,101.4
144332,4-2-1,912.7
144332,5-2-1,65.3
144332,6-2-1,2248
144332,1-3-4,34
144332,2-3-4,255.5
144332,3-2-4,259.9
144332,4-2-3,1020
144332,5-2-3,87.2
144332,6-2-3,2742
144332,1-3-5,9
144332,2-3-5,56.3
144332,3-2-5,66.7
144332,4-2-5,568.6
144332,5-2-4,379.1
144332,6-2-4,3224
144332,1-3-6,59.3
144332,2-3-6,271.3
144332,3-2-6,290.2
144332,4-2-6,1162
144332,5-2-6,168.1
144332,6-2-5,1996
144332,1-4-2,91.5
144332,2-4-1,499.4
144332,3-4-1,229.7
144332,4-3-1,492.7
144332,5-3-1,64.7
144332,6-3-1,2655
144332,1-4-3,89.7
144332,2-4-3,563.7
144332,3-4-2,344.6
144332,4-3-2,874.6
144332,5-3-2,88.1
144332,6-3-2,2835
144332,1-4-5,65.9
144332,2-4-5,408.1
144332,3-4-5,137.6
144332,4-3-5,359.8
144332,5-3-4,252.8
144332,6-3-4,3072
144332,1-4-6,156.7
144332,2-4-6,919.8
144332,3-4-6,274.2
144332,4-3-6,520.2
144332,5-3-6,119.3
144332,6-3-5,1767
144332,1-5-2,12.2
144332,2-5-1,53.3
144332,3-5-1,41.8
144332,4-5-1,282.8
144332,5-4-1,305
144332,6-4-1,3556
144332,1-5-3,11.4
144332,2-5-3,64.9
144332,3-5-2,51.8
144332,4-5-2,393
144332,5-4-2,462.8
144332,6-4-2,3668
144332,1-5-4,58.2
144332,2-5-4,269.9
144332,3-5-4,106.6
144332,4-5-3,350.1
144332,5-4-3,406.1
144332,6-4-3,3861
144332,1-5-6,34.5
144332,2-5-6,169.1
144332,3-5-6,85.1
144332,4-5-6,342.8
144332,5-4-6,318.2
144332,6-4-5,3392
144332,1-6-2,269.4
144332,2-6-1,939
144332,3-6-1,671.4
144332,4-6-1,1449
144332,5-6-1,190.6
144332,6-5-1,1153
144332,1-6-3,229.6
144332,2-6-3,986.3
144332,3-6-2,787.7
144332,4-6-2,1548
144332,5-6-2,286
144332,6-5-2,1603
144332,1-6-4,308.4
144332,2-6-4,1548
144332,3-6-4,644.2
144332,4-6-3,1581
144332,5-6-3,236.4
144332,6-5-3,1310
144332,1-6-5,139.9
144332,2-6-5,598.2
144332,3-6-5,346
144332,4-6-5,1113
144332,5-6-4,549
144332,6-5-4,2667
144333,1-2-3,12.5
144333,2-1-3,126.9
144333,3-1-2,131.1
144333,4-1-2,130.3
144333,5-1-2,165.6
144333,6-1-2,572.6
144333,1-2-4,11.1
144333,2-1-4,123.7
144333,3-1-4,59.2
144333,4-1-3,87.4
144333,5-1-3,178.8
144333,6-1-3,570.5
144333,1-2-5,18.1
144333,2-1-5,166.1
144333,3-1-5,94.9
144333,4-1-5,92.3
144333,5-1-4,156.5
144333,6-1-4,490.6
144333,1-2-6,24.6
144333,2-1-6,220.7
144333,3-1-6,113.6
144333,4-1-6,98.7
144333,5-1-6,125
144333,6-1-5,487.9
144333,1-3-2,15.6
144333,2-3-1,341.8
144333,3-2-1,318.4
144333,4-2-1,322.3
144333,5-2-1,374.7
144333,6-2-1,1396
144333,1-3-4,8.8
144333,2-3-4,471.4
144333,3-2-4,401.1
144333,4-2-3,531.8
144333,5-2-3,803.8
144333,6-2-3,2184
144333,1-3-5,15.2
144333,2-3-5,781.7
144333,3-2-5,657.9
144333,4-2-5,557.8
144333,5-2-4,704.4
144333,6-2-4,1756
144333,1-3-6,19.2
144333,2-3-6,918
144333,3-2-6,672.7
144333,4-2-6,509.7
144333,5-2-6,548
144333,6-2-5,1690
144333,1-4-2,15.5
144333,2-4-1,360.3
144333,3-4-1,124.4
144333,4-3-1,164.7
144333,5-3-1,452
144333,6-3-1,1454
144333,1-4-3,11.9
144333,2-4-3,532.7
144333,3-4-2,328.4
144333,4-3-2,417.7
144333,5-3-2,1117
144333,6-3-2,2339
144333,1-4-5,17.2
144333,2-4-5,643
144333,3-4-5,250.4
144333,4-3-5,267.1
144333,5-3-4,643
144333,6-3-4,1298
144333,1-4-6,15.2
144333,2-4-6,614.1
144333,3-4-6,263.8
144333,4-3-6,273.9
144333,5-3-6,687.4
144333,6-3-5,1860
144333,1-5-2,35.7
144333,2-5-1,479.3
144333,3-5-1,333.3
144333,4-5-1,152.8
144333,5-4-1,272.7
144333,6-4-1,915.3
144333,1-5-3,34.3
144333,2-5-3,864.8
144333,3-5-2,761.8
144333,4-5-2,331.7
144333,5-4-2,700.5
144333,6-4-2,1507
144333,1-5-4,34.3
144333,2-5-4,902.1
144333,3-5-4,406.3
144333,4-5-3,248
144333,5-4-3,477.8
144333,6-4-3,1156
144333,1-5-6,33.5
144333,2-5-6,809
144333,3-5-6,525.1
144333,4-5-6,150.6
144333,5-4-6,307.9
144333,6-4-5,831.5
144333,1-6-2,70.4
144333,2-6-1,842.7
144333,3-6-1,491.7
144333,4-6-1,218.4
144333,5-6-1,237.4
144333,6-5-1,659.3
144333,1-6-3,52.9
144333,2-6-3,1231
144333,3-6-2,1339
144333,4-6-2,436
144333,5-6-2,490.6
144333,6-5-2,1279
144333,1-6-4,45.9
144333,2-6-4,970.5
144333,3-6-4,609.3
144333,4-6-3,343.1
144333,5-6-3,537.7
144333,6-5-3,1461
144333,1-6-5,70.7
144333,2-6-5,1174
144333,3-6-5,765.5
144333,4-6-5,234.8
144333,5-6-4,378.1
144333,6-5-4,818.5
144334,1-2-3,17.9
144334,2-1-3,71.3
144334,3-1-2,96.7
144334,4-1-2,212.9
144334,5-1-2,697.5
144334,6-1-2,47.1
144334,1-2-4,33.5
144334,2-1-4,94.9
144334,3-1-4,94.7
144334,4-1-3,191.1
144334,5-1-3,497.5
144334,6-1-3,49.1
144334,1-2-5,46
144334,2-1-5,130
144334,3-1-5,92.5
144334,4-1-5,185.2
144334,5-1-4,735.1
144334,6-1-4,62.8
144334,1-2-6,17.5
144334,2-1-6,73.6
144334,3-1-6,71.6
144334,4-1-6,144.6
144334,5-1-6,453.8
144334,6-1-5,81.7
144334,1-3-2,23.8
144334,2-3-1,93.9
144334,3-2-1,136.9
144334,4-2-1,269
144334,5-2-1,1091
144334,6-2-1,98.6
144334,1-3-4,31.8
144334,2-3-4,64.4
144334,3-2-4,86.3
144334,4-2-3,220.2
144334,5-2-3,883.2
144334,6-2-3,88.1
144334,1-3-5,31.6
144334,2-3-5,77.9
144334,3-2-5,95.7
144334,4-2-5,218.1
144334,5-2-4,963.2
144334,6-2-4,102
144334,1-3-6,16
144334,2-3-6,94
144334,3-2-6,121.7
144334,4-2-6,186.4
144334,5-2-6,824.8
144334,6-2-5,126.2
144334,1-4-2,60.7
144334,2-4-1,165.6
144334,3-4-1,92.6
144334,4-3-1,190.2
144334,5-3-1,628.8
144334,6-3-1,106
144334,1-4-3,62.3
144334,2-4-3,100.4
144334,3-4-2,100.7
144334,4-3-2,168.1
144334,5-3-2,707.9
144334,6-3-2,118.4
144334,1-4-5,74.4
144334,2-4-5,128.7
144334,3-4-5,64.2
144334,4-3-5,113.2
144334,5-3-4,544.7
144334,6-3-4,109.8
144334,1-4-6,42.1
144334,2-4-6,136
144334,3-4-6,81.4
144334,4-3-6,128.4
144334,5-3-6,486.9
144334,6-3-5,116.7
144334,1-5-2,118.3
144334,2-5-1,351.3
144334,3-5-1,152.5
144334,4-5-1,331.8
144334,5-4-1,915.6
144334,6-4-1,153.5
144334,1-5-3,94.2
144334,2-5-3,224.4
144334,3-5-2,181.3
144334,4-5-2,289.3
144334,5-4-2,998.4
144334,6-4-2,150.9
144334,1-5-4,140.7
144334,2-5-4,276.4
144334,3-5-4,115.5
144334,4-5-3,218.2
144334,5-4-3,638.6
144334,6-4-3,140.1
144334,1-5-6,75.8
144334,2-5-6,299.1
144334,3-5-6,124.9
144334,4-5-6,201.6
144334,5-4-6,649.4
144334,6-4-5,167.7
144334,1-6-2,16.4
144334,2-6-1,113.1
144334,3-6-1,101.2
144334,4-6-1,165.5
144334,5-6-1,600.5
144334,6-5-1,257.7
144334,1-6-3,15.3
144334,2-6-3,103.5
144334,3-6-2,127.9
144334,4-6-2,173
144334,5-6-2,776.8
144334,6-5-2,284.6
144334,1-6-4,26.1
144334,2-6-4,101.8
144334,3-6-4,99.4
144334,4-6-3,146.9
144334,5-6-3,554.7
144334,6-5-3,248.7
144334,1-6-5,36.2
144334,2-6-5,123.9
144334,3-6-5,100.8
144334,4-6-5,135.7
144334,5-6-4,682.6
144334,6-5-4,281
144335,1-2-3,14.3
144335,2-1-3,51
144335,3-1-2,81.4
144335,4-1-2,279.1
144335,5-1-2,92.6
144335,6-1-2,272.7
144335,1-2-4,20.8
144335,2-1-4,59.1
144335,3-1-4,89.7
144335,4-1-3,293.7
144335,5-1-3,140
144335,6-1-3,355.6
144335,1-2-5,15.9
144335,2-1-5,45.2
144335,3-1-5,67
144335,4-1-5,216.9
144335,5-1-4,127.7
144335,6-1-4,337.2
144335,1-2-6,17
144335,2-1-6,50.6
144335,3-1-6,75.2
144335,4-1-6,198.4
144335,5-1-6,68.7
144335,6-1-5,223.5
144335,1-3-2,21.4
144335,2-3-1,76
144335,3-2-1,104.5
144335,4-2-1,384.9
144335,5-2-1,120.6
144335,6-2-1,356.6
144335,1-3-4,21.6
144335,2-3-4,79.3
144335,3-2-4,103.7
144335,4-2-3,493.2
144335,5-2-3,164.7
144335,6-2-3,610.4
144335,1-3-5,23.3
144335,2-3-5,49.8
144335,3-2-5,70.4
144335,4-2-5,390.2
144335,5-2-4,217.7
144335,6-2-4,678.6
144335,1-3-6,24.2
144335,2-3-6,66.7
144335,3-2-6,88.3
144335,4-2-6,332.3
144335,5-2-6,85
144335,6-2-5,305.2
144335,1-4-2,41.7
144335,2-4-1,162.7
144335,3-4-1,212.3
144335,4-3-1,439.3
144335,5-3-1,283
144335,6-3-1,658.7
144335,1-4-3,43.2
144335,2-4-3,163.2
144335,3-4-2,233.7
144335,4-3-2,578.9
144335,5-3-2,260.1
144335,6-3-2,915.7
144335,1-4-5,42.8
144335,2-4-5,119.7
144335,3-4-5,196.8
144335,4-3-5,474.9
144335,5-3-4,405
144335,6-3-4,932.8
144335,1-4-6,36.7
144335,2-4-6,118
144335,3-4-6,197.1
144335,4-3-6,438.1
144335,5-3-6,219
144335,6-3-5,788
144335,1-5-2,30
144335,2-5-1,80.3
144335,3-5-1,144
144335,4-5-1,275.9
144335,5-4-1,235.1
144335,6-4-1,560
144335,1-5-3,42.4
144335,2-5-3,78.2
144335,3-5-2,140.6
144335,4-5-2,367.5
144335,5-4-2,405.8
144335,6-4-2,977.6
144335,1-5-4,42.8
144335,2-5-4,123.6
144335,3-5-4,227.3
144335,4-5-3,468
144335,5-4-3,502.8
144335,6-4-3,1017
144335,1-5-6,28
144335,2-5-6,54.6
144335,3-5-6,116.6
144335,4-5-6,215.2
144335,5-4-6,172.1
144335,6-4-5,589.9
144335,1-6-2,55.6
144335,2-6-1,149.4
144335,3-6-1,246.4
144335,4-6-1,311.6
144335,5-6-1,106.2
144335,6-5-1,243.1
144335,1-6-3,65
144335,2-6-3,196
144335,3-6-2,270.9
144335,4-6-2,465.7
144335,5-6-2,131.9
144335,6-5-2,287.3
144335,1-6-4,54.3
144335,2-6-4,199.6
144335,3-6-4,337.9
144335,4-6-3,535.1
144335,5-6-3,248.3
144335,6-5-3,526.4
144335,1-6-5,52.7
144335,2-6-5,112.4
144335,3-6-5,240.8
144335,4-6-5,297.4
144335,5-6-4,186.4
144335,6-5-4,471.4
144336,1-2-3,6.7
144336,2-1-3,32.7
144336,3-1-2,79.2
144336,4-1-2,69
144336,5-1-2,169.1
144336,6-1-2,1133
144336,1-2-4,5.9
144336,2-1-4,27.8
144336,3-1-4,82.3
144336,4-1-3,145.1
144336,5-1-3,237.9
144336,6-1-3,1541
144336,1-2-5,12.6
144336,2-1-5,52.3
144336,3-1-5,115.2
144336,4-1-5,101.7
144336,5-1-4,238.9
144336,6-1-4,1223
144336,1-2-6,36.7
144336,2-1-6,103.9
144336,3-1-6,194.3
144336,4-1-6,152
144336,5-1-6,343.8
144336,6-1-5,2014
144336,1-3-2,12.1
144336,2-3-1,103.5
144336,3-2-1,147.9
144336,4-2-1,142.3
144336,5-2-1,329.9
144336,6-2-1,1549
144336,1-3-4,14.5
144336,2-3-4,187.3
144336,3-2-4,232.4
144336,4-2-3,397.7
144336,5-2-3,612.3
144336,6-2-3,2106
144336,1-3-5,25
144336,2-3-5,237.2
144336,3-2-5,281.4
144336,4-2-5,325.1
144336,5-2-4,635.1
144336,6-2-4,1671
144336,1-3-6,59.2
144336,2-3-6,384.2
144336,3-2-6,422.5
144336,4-2-6,381
144336,5-2-6,682.1
144336,6-2-5,2612
144336,1-4-2,10.7
144336,2-4-1,99.2
144336,3-4-1,189.9
144336,4-3-1,327.6
144336,5-3-1,526.1
144336,6-3-1,2014
144336,1-4-3,20.5
144336,2-4-3,237.6
144336,3-4-2,273.6
144336,4-3-2,502.7
144336,5-3-2,773.9
144336,6-3-2,2412
144336,1-4-5,23
144336,2-4-5,301.8
144336,3-4-5,303.8
144336,4-3-5,551.9
144336,5-3-4,990.5
144336,6-3-4,2232
144336,1-4-6,40.5
144336,2-4-6,324.7
144336,3-4-6,361
144336,4-3-6,656.7
144336,5-3-6,1187
144336,6-3-5,2670
144336,1-5-2,25.2
144336,2-5-1,217.4
144336,3-5-1,310.1
144336,4-5-1,187.1
144336,5-4-1,394.6
144336,6-4-1,1246
144336,1-5-3,36.9
144336,2-5-3,370.4
144336,3-5-2,361.2
144336,4-5-2,271.4
144336,5-4-2,672.2
144336,6-4-2,1625
144336,1-5-4,42.5
144336,2-5-4,430.1
144336,3-5-4,421.6
144336,4-5-3,459.5
144336,5-4-3,997.1
144336,6-4-3,2719
144336,1-5-6,92.4
144336,2-5-6,628.4
144336,3-5-6,467
144336,4-5-6,330.1
144336,5-4-6,793.4
144336,6-4-5,2309
144336,1-6-2,141.9
144336,2-6-1,660.3
144336,3-6-1,699.7
144336,4-6-1,364.1
144336,5-6-1,1262
144336,6-5-1,2207
144336,1-6-3,205.4
144336,2-6-3,1015
144336,3-6-2,828.6
144336,4-6-2,506.1
144336,5-6-2,1441
144336,6-5-2,2647
144336,1-6-4,154.5
144336,2-6-4,817.3
144336,3-6-4,705.5
144336,4-6-3,907.8
144336,5-6-3,1835
144336,6-5-3,2769
144336,1-6-5,230.3
144336,2-6-5,1365
144336,3-6-5,759.2
144336,4-6-5,594.7
144336,5-6-4,1685
144336,6-5-4,2309
144337,1-2-3,4
144337,2-1-3,12.5
144337,3-1-2,74.7
144337,4-1-2,208.3
144337,5-1-2,186.5
144337,6-1-2,1298
144337,1-2-4,12.8
144337,2-1-4,27.5
144337,3-1-4,170.7
144337,4-1-3,486.5
144337,5-1-3,369.3
144337,6-1-3,2677
144337,1-2-5,7
144337,2-1-5,17
144337,3-1-5,99.8
144337,4-1-5,361.9
144337,5-1-4,588
144337,6-1-4,3417
144337,1-2-6,20.4
144337,2-1-6,48.9
144337,3-1-6,239.5
144337,4-1-6,592.3
144337,5-1-6,501.3
144337,6-1-5,2919
144337,1-3-2,9.7
144337,2-3-1,44.7
144337,3-2-1,113.7
144337,4-2-1,278
144337,5-2-1,253.3
144337,6-2-1,1581
144337,1-3-4,32.8
144337,2-3-4,99.5
144337,3-2-4,264.4
144337,4-2-3,455.5
144337,5-2-3,452.7
144337,6-2-3,3014
144337,1-3-5,20.7
144337,2-3-5,67.4
144337,3-2-5,163.7
144337,4-2-5,388.8
144337,5-2-4,727.7
144337,6-2-4,2439
144337,1-3-6,59.9
144337,2-3-6,165.8
144337,3-2-6,358.7
144337,4-2-6,700.2
144337,5-2-6,648.2
144337,6-2-5,2423
144337,1-4-2,34.4
144337,2-4-1,107.2
144337,3-4-1,422.7
144337,4-3-1,816.7
144337,5-3-1,758.2
144337,6-3-1,3401
144337,1-4-3,68.1
144337,2-4-3,174.5
144337,3-4-2,393.4
144337,4-3-2,571.7
144337,5-3-2,649.9
144337,6-3-2,4097
144337,1-4-5,71.6
144337,2-4-5,175.6
144337,3-4-5,564.3
144337,4-3-5,959.3
144337,5-3-4,1640
144337,6-3-4,3965
144337,1-4-6,127.5
144337,2-4-6,300.2
144337,3-4-6,803.4
144337,4-3-6,1516
144337,5-3-6,1786
144337,6-3-5,5373
144337,1-5-2,25.2
144337,2-5-1,78.9
144337,3-5-1,292.8
144337,4-5-1,498
144337,5-4-1,1024
144337,6-4-1,4142
144337,1-5-3,49.6
144337,2-5-3,123.9
144337,3-5-2,270.4
144337,4-5-2,436.4
144337,5-4-2,965.5
144337,6-4-2,3295
144337,1-5-4,107.8
144337,2-5-4,232.8
144337,3-5-4,710.3
144337,4-5-3,885.9
144337,5-4-3,1704
144337,6-4-3,6448
144337,1-5-6,98.6
144337,2-5-6,217.3
144337,3-5-6,612.8
144337,4-5-6,683.4
144337,5-4-6,1574
144337,6-4-5,5222
144337,1-6-2,141.1
144337,2-6-1,327.8
144337,3-6-1,1291
144337,4-6-1,1201
144337,5-6-1,1289
144337,6-5-1,2657
144337,1-6-3,259.6
144337,2-6-3,494.3
144337,3-6-2,1388
144337,4-6-2,1242
144337,5-6-2,1098
144337,6-5-2,2539
144337,1-6-4,358.9
144337,2-6-4,775.7
144337,3-6-4,2399
144337,4-6-3,2155
144337,5-6-3,2130
144337,6-5-3,4440
144337,1-6-5,254.4
144337,2-6-5,464.6
144337,3-6-5,1670
144337,4-6-5,1289
144337,5-6-4,2274
144337,6-5-4,4943
144338,1-2-3,10.1
144338,2-1-3,162.3
144338,3-1-2,140.4
144338,4-1-2,168.8
144338,5-1-2,133.8
144338,6-1-2,957.1
144338,1-2-4,9.9
144338,2-1-4,165.3
144338,3-1-4,83.2
144338,4-1-3,174.4
144338,5-1-3,142.6
144338,6-1-3,1042
144338,1-2-5,11.9
144338,2-1-5,180.3
144338,3-1-5,83.3
144338,4-1-5,107.3
144338,5-1-4,162.5
144338,6-1-4,980.5
144338,1-2-6,24.1
144338,2-1-6,313.7
144338,3-1-6,138.9
144338,4-1-6,127.1
144338,5-1-6,115.6
144338,6-1-5,801.1
144338,1-3-2,13.3
144338,2-3-1,387.4
144338,3-2-1,418.2
144338,4-2-1,474.8
144338,5-2-1,402.3
144338,6-2-1,2064
144338,1-3-4,9.4
144338,2-3-4,789.8
144338,3-2-4,777.8
144338,4-2-3,893.2
144338,5-2-3,797.6
144338,6-2-3,3330
144338,1-3-5,9.9
144338,2-3-5,760.7
144338,3-2-5,715.5
144338,4-2-5,667.2
144338,5-2-4,917
144338,6-2-4,3284
144338,1-3-6,20.9
144338,2-3-6,1214
144338,3-2-6,1096
144338,4-2-6,831.6
144338,5-2-6,708.4
144338,6-2-5,2937
144338,1-4-2,17.7
144338,2-4-1,480.8
144338,3-4-1,225.3
144338,4-3-1,390.4
144338,5-3-1,377.9
144338,6-3-1,1963
144338,1-4-3,16.3
144338,2-4-3,988.6
144338,3-4-2,838.3
144338,4-3-2,963.5
144338,5-3-2,912.4
144338,6-3-2,3783
144338,1-4-5,16.3
144338,2-4-5,895.5
144338,3-4-5,446.6
144338,4-3-5,577.6
144338,5-3-4,1002
144338,6-3-4,2279
144338,1-4-6,19.4
144338,2-4-6,1283
144338,3-4-6,412.7
144338,4-3-6,515.4
144338,5-3-6,683
144338,6-3-5,3183
144338,1-5-2,23.6
144338,2-5-1,491.6
144338,3-5-1,268.9
144338,4-5-1,189.8
144338,5-4-1,341.2
144338,6-4-1,1496
144338,1-5-3,23.3
144338,2-5-3,948.3
144338,3-5-2,757.5
144338,4-5-2,457
144338,5-4-2,804.7
144338,6-4-2,3049
144338,1-5-4,29.4
144338,2-5-4,1218
144338,3-5-4,662.9
144338,4-5-3,540.5
144338,5-4-3,882.3
144338,6-4-3,2822
144338,1-5-6,29.3
144338,2-5-6,1173
144338,3-5-6,559.3
144338,4-5-6,229.2
144338,5-4-6,472.3
144338,6-4-5,1886
144338,1-6-2,76.9
144338,2-6-1,1311
144338,3-6-1,659.9
144338,4-6-1,380.1
144338,5-6-1,304.1
144338,6-5-1,765.5
144338,1-6-3,73.6
144338,2-6-3,2449
144338,3-6-2,2094
144338,4-6-2,884.5
144338,5-6-2,630
144338,6-5-2,1771
144338,1-6-4,61.4
144338,2-6-4,2441
144338,3-6-4,1411
144338,4-6-3,949.6
144338,5-6-3,695.5
144338,6-5-3,1862
144338,1-6-5,60.3
144338,2-6-5,2082
144338,3-6-5,1302
144338,4-6-5,482.4
144338,5-6-4,546.6
144338,6-5-4,1397
144339,1-2-3,6.2
144339,2-1-3,26.9
144339,3-1-2,159.3
144339,4-1-2,88
144339,5-1-2,147.6
144339,6-1-2,567.6
144339,1-2-4,5.8
144339,2-1-4,19.1
144339,3-1-4,253.8
144339,4-1-3,283.6
144339,5-1-3,394.7
144339,6-1-3,1297
144339,1-2-5,7.8
144339,2-1-5,22.2
144339,3-1-5,252.7
144339,4-1-5,121.5
144339,5-1-4,280.2
144339,6-1-4,1133
144339,1-2-6,23.6
144339,2-1-6,44.1
144339,3-1-6,494.6
144339,4-1-6,206.9
144339,5-1-6,292.8
144339,6-1-5,1106
144339,1-3-2,13
144339,2-3-1,112
144339,3-2-1,268
144339,4-2-1,141.4
144339,5-2-1,212.2
144339,6-2-1,742.5
144339,1-3-4,25.2
144339,2-3-4,201.2
144339,3-2-4,344.3
144339,4-2-3,411.7
144339,5-2-3,664.1
144339,6-2-3,1790
144339,1-3-5,29.4
144339,2-3-5,243.1
144339,3-2-5,417.6
144339,4-2-5,204.8
144339,5-2-4,468.3
144339,6-2-4,1301
144339,1-3-6,68.8
144339,2-3-6,379.8
144339,3-2-6,1001
144339,4-2-6,312.4
144339,5-2-6,442.6
144339,6-2-5,1179
144339,1-4-2,14.9
144339,2-4-1,72.6
144339,3-4-1,613.9
144339,4-3-1,682.3
144339,5-3-1,1097
144339,6-3-1,2290
144339,1-4-3,37.8
144339,2-4-3,230.7
144339,3-4-2,588.7
144339,4-3-2,643.6
144339,5-3-2,1180
144339,6-3-2,2861
144339,1-4-5,34.4
144339,2-4-5,134.5
144339,3-4-5,807.8
144339,4-3-5,742.5
144339,5-3-4,1640
144339,6-3-4,3031
144339,1-4-6,64.5
144339,2-4-6,208.1
144339,3-4-6,1301
144339,4-3-6,942
144339,5-3-6,1925
144339,6-3-5,3616
144339,1-5-2,22.9
144339,2-5-1,98.3
144339,3-5-1,741.9
144339,4-5-1,160
144339,5-4-1,384.9
144339,6-4-1,1804
144339,1-5-3,54.8
144339,2-5-3,306
144339,3-5-2,649.5
144339,4-5-2,175.4
144339,5-4-2,412
144339,6-4-2,1479
144339,1-5-4,55.2
144339,2-5-4,215.6
144339,3-5-4,957.7
144339,4-5-3,503
144339,5-4-3,1075
144339,6-4-3,3051
144339,1-5-6,75.5
144339,2-5-6,226.3
144339,3-5-6,1541
144339,4-5-6,214.9
144339,5-4-6,487.5
144339,6-4-5,2068
144339,1-6-2,92.2
144339,2-6-1,229.7
144339,3-6-1,1790
144339,4-6-1,471.5
144339,5-6-1,816.4
144339,6-5-1,1676
144339,1-6-3,230
144339,2-6-3,700.6
144339,3-6-2,2349
144339,4-6-2,477.8
144339,5-6-2,719.8
144339,6-5-2,1469
144339,1-6-4,181
144339,2-6-4,487.5
144339,3-6-4,2482
144339,4-6-3,1039
144339,5-6-3,1950
144339,6-5-3,3245
144339,1-6-5,176.8
144339,2-6-5,391.3
144339,3-6-5,2398
144339,4-6-5,441.5
144339,5-6-4,1049
144339,6-5-4,2064
144340,1-2-3,5.9
144340,2-1-3,39.3
144340,3-1-2,68.9
144340,4-1-2,108.9
144340,5-1-2,408
144340,6-1-2,895
144340,1-2-4,5.5
144340,2-1-4,33.6
144340,3-1-4,64.1
144340,4-1-3,187.2
144340,5-1-3,404.1
144340,6-1-3,1205
144340,1-2-5,12.6
144340,2-1-5,68.2
144340,3-1-5,85.5
144340,4-1-5,163.7
144340,5-1-4,458.9
144340,6-1-4,1041
144340,1-2-6,29.6
144340,2-1-6,127.7
144340,3-1-6,155.2
144340,4-1-6,213.7
144340,5-1-6,616.7
144340,6-1-5,1849
144340,1-3-2,10.1
144340,2-3-1,131.4
144340,3-2-1,163.6
144340,4-2-1,213
144340,5-2-1,760.8
144340,6-2-1,1366
144340,1-3-4,10.2
144340,2-3-4,274.5
144340,3-2-4,349.9
144340,4-2-3,610.1
144340,5-2-3,1230
144340,6-2-3,2565
144340,1-3-5,17.1
144340,2-3-5,383.3
144340,3-2-5,450.1
144340,4-2-5,500
144340,5-2-4,1315
144340,6-2-4,2418
144340,1-3-6,40.1
144340,2-3-6,792.7
144340,3-2-6,763.7
144340,4-2-6,681.1
144340,5-2-6,1514
144340,6-2-5,3000
144340,1-4-2,12.8
144340,2-4-1,131.4
144340,3-4-1,205.4
144340,4-3-1,381.1
144340,5-3-1,705.3
144340,6-3-1,1754
144340,1-4-3,18.9
144340,2-4-3,363
144340,3-4-2,384.4
144340,4-3-2,697
144340,5-3-2,1308
144340,6-3-2,2796
144340,1-4-5,23.7
144340,2-4-5,385.1
144340,3-4-5,392.7
144340,4-3-5,767.6
144340,5-3-4,1570
144340,6-3-4,2050
144340,1-4-6,37.5
144340,2-4-6,606
144340,3-4-6,541.7
144340,4-3-6,790.5
144340,5-3-6,2135
144340,6-3-5,3022
144340,1-5-2,40.3
144340,2-5-1,402.1
144340,3-5-1,344.6
144340,4-5-1,309.4
144340,5-4-1,713.3
144340,6-4-1,1502
144340,1-5-3,49.1
144340,2-5-3,843.6
144340,3-5-2,610.5
144340,4-5-2,510
144340,5-4-2,1226
144340,6-4-2,2537
144340,1-5-4,51.5
144340,2-5-4,719.9
144340,3-5-4,614.4
144340,4-5-3,693.4
144340,5-4-3,1512
144340,6-4-3,2418
144340,1-5-6,80
144340,2-5-6,1288
144340,3-5-6,835.4
144340,4-5-6,434.5
144340,5-4-6,1149
144340,6-4-5,2561
144340,1-6-2,117.5
144340,2-6-1,864
144340,3-6-1,878.8
144340,4-6-1,551
144340,5-6-1,1584
144340,6-5-1,2389
144340,1-6-3,139.8
144340,2-6-3,2000
144340,3-6-2,1571
144340,4-6-2,886.8
144340,5-6-2,2105
144340,6-5-2,3418
144340,1-6-4,125.7
144340,2-6-4,1412
144340,3-6-4,1275
144340,4-6-3,1110
144340,5-6-3,2589
144340,6-5-3,3180
144340,1-6-5,156.1
144340,2-6-5,1712
144340,3-6-5,1449
144340,4-6-5,743.3
144340,5-6-4,1853
144340,6-5-4,2691
144209,1-2-3,9.9
144209,2-1-3,35.2
144209,3-1-2,40.9
144209,4-1-2,71.5
144209,5-1-2,439.2
144209,6-1-2,82.3
144209,1-2-4,13.2
144209,2-1-4,36.6
144209,3-1-4,32.4
144209,4-1-3,65.9
144209,5-1-3,555
144209,6-1-3,90.2
144209,1-2-5,45.2
144209,2-1-5,119.8
144209,3-1-5,93.9
144209,4-1-5,130.6
144209,5-1-4,499.4
144209,6-1-4,116.4
144209,1-2-6,36.8
144209,2-1-6,68.6
144209,3-1-6,68.1
144209,4-1-6,109.2
144209,5-1-6,613.3
144209,6-1-5,271.9
144209,1-3-2,14.6
144209,2-3-1,64.5
144209,3-2-1,63.5
144209,4-2-1,103.3
144209,5-2-1,481.7
144209,6-2-1,95.8
144209,1-3-4,12.9
144209,2-3-4,55.5
144209,3-2-4,49.1
144209,4-2-3,126.9
144209,5-2-3,564.2
144209,6-2-3,124.9
144209,1-3-5,53.1
144209,2-3-5,173.3
144209,3-2-5,126
144209,4-2-5,176.3
144209,5-2-4,636.3
144209,6-2-4,155
144209,1-3-6,41
144209,2-3-6,107.3
144209,3-2-6,79.6
144209,4-2-6,149.8
144209,5-2-6,797.8
144209,6-2-5,326.2
144209,1-4-2,23.4
144209,2-4-1,79.5
144209,3-4-1,39.3
144209,4-3-1,77.1
144209,5-3-1,607.9
144209,6-3-1,132.2
144209,1-4-3,24.6
144209,2-4-3,90.2
144209,3-4-2,45.3
144209,4-3-2,99
144209,5-3-2,570.5
144209,6-3-2,153.6
144209,1-4-5,72
144209,2-4-5,237.7
144209,3-4-5,83.5
144209,4-3-5,147.6
144209,5-3-4,549
144209,6-3-4,181.5
144209,1-4-6,55.3
144209,2-4-6,139.9
144209,3-4-6,62.5
144209,4-3-6,126.4
144209,5-3-6,820.3
144209,6-3-5,366
144209,1-5-2,146.6
144209,2-5-1,428.2
144209,3-5-1,202.2
144209,4-5-1,197.1
144209,5-4-1,518.4
144209,6-4-1,169.7
144209,1-5-3,207.3
144209,2-5-3,394.3
144209,3-5-2,196
144209,4-5-2,202.4
144209,5-4-2,504.3
144209,6-4-2,203
144209,1-5-4,201.4
144209,2-5-4,439.2
144209,3-5-4,180.2
144209,4-5-3,216.1
144209,5-4-3,538.9
144209,6-4-3,226.9
144209,1-5-6,265.2
144209,2-5-6,489.8
144209,3-5-6,262.5
144209,4-5-6,203.8
144209,5-4-6,555
144209,6-4-5,374
144209,1-6-2,75.6
144209,2-6-1,196.9
144209,3-6-1,119
144209,4-6-1,164.5
144209,5-6-1,779.6
144209,6-5-1,611.5
144209,1-6-3,82.8
144209,2-6-3,192.1
144209,3-6-2,128.7
144209,4-6-2,170.3
144209,5-6-2,776.6
144209,6-5-2,711.7
144209,1-6-4,102.2
144209,2-6-4,226.9
144209,3-6-4,127.4
144209,4-6-3,208.6
144209,5-6-3,888
144209,6-5-3,676.3
144209,1-6-5,228.2
144209,2-6-5,431.8
144209,3-6-5,268.7
144209,4-6-5,233.7
144209,5-6-4,888
144209,6-5-4,732.1
144210,1-2-3,56
144210,2-1-3,120.8
144210,3-1-2,179.1
144210,4-1-2,185
144210,5-1-2,765.5
144210,6-1-2,24.3
144210,1-2-4,61.8
144210,2-1-4,132.7
144210,3-1-4,222
144210,4-1-3,231.8
144210,5-1-3,810.9
144210,6-1-3,38.1
144210,1-2-5,151.7
144210,2-1-5,279.5
144210,3-1-5,350.1
144210,4-1-5,272.4
144210,5-1-4,792.1
144210,6-1-4,29
144210,1-2-6,24
144210,2-1-6,59.1
144210,3-1-6,109.8
144210,4-1-6,78.3
144210,5-1-6,337.4
144210,6-1-5,52.5
144210,1-3-2,78.3
144210,2-3-1,132.1
144210,3-2-1,185.8
144210,4-2-1,216.6
144210,5-2-1,954.2
144210,6-2-1,28.5
144210,1-3-4,92.1
144210,2-3-4,152.2
144210,3-2-4,191
144210,4-2-3,257.7
144210,5-2-3,481.6
144210,6-2-3,34.2
144210,1-3-5,162.5
144210,2-3-5,215
144210,3-2-5,238.5
144210,4-2-5,276.1
144210,5-2-4,892
144210,6-2-4,22.2
144210,1-3-6,46.6
144210,2-3-6,76.1
144210,3-2-6,100.1
144210,4-2-6,78.4
144210,5-2-6,383.4
144210,6-2-5,48.8
144210,1-4-2,79.9
144210,2-4-1,175.5
144210,3-4-1,239.6
144210,4-3-1,286.9
144210,5-3-1,1020
144210,6-3-1,48.3
144210,1-4-3,118.8
144210,2-4-3,187.3
144210,3-4-2,246.2
144210,4-3-2,296.9
144210,5-3-2,494.3
144210,6-3-2,43.5
144210,1-4-5,185.6
144210,2-4-5,256.7
144210,3-4-5,285.7
144210,4-3-5,349.5
144210,5-3-4,869.3
144210,6-3-4,32
144210,1-4-6,43.4
144210,2-4-6,64.6
144210,3-4-6,76.9
144210,4-3-6,101.8
144210,5-3-6,354.3
144210,6-3-5,62.9
144210,1-5-2,354.9
144210,2-5-1,496.7
144210,3-5-1,450.9
144210,4-5-1,301.7
144210,5-4-1,712.3
144210,6-4-1,35.9
144210,1-5-3,323.6
144210,2-5-3,341.9
144210,3-5-2,304.4
144210,4-5-2,334.6
144210,5-4-2,647.2
144210,6-4-2,24.3
144210,1-5-4,365.7
144210,2-5-4,441.2
144210,3-5-4,377.1
144210,4-5-3,339.6
144210,5-4-3,666.1
144210,6-4-3,37.5
144210,1-5-6,159.5
144210,2-5-6,199.3
144210,3-5-6,182.5
144210,4-5-6,114.9
144210,5-4-6,225.4
144210,6-4-5,43
144210,1-6-2,23.6
144210,2-6-1,62.4
144210,3-6-1,78.1
144210,4-6-1,55.8
144210,5-6-1,267.4
144210,6-5-1,102.7
144210,1-6-3,43
144210,2-6-3,55.9
144210,3-6-2,67.7
144210,4-6-2,39.7
144210,5-6-2,258.7
144210,6-5-2,91.4
144210,1-6-4,36.8
144210,2-6-4,49.2
144210,3-6-4,59.2
144210,4-6-3,53.6
144210,5-6-3,248
144210,6-5-3,94.3
144210,1-6-5,76.2
144210,2-6-5,102
144210,3-6-5,105.8
144210,4-6-5,63.9
144210,5-6-4,199.9
144210,6-5-4,77.8
144211,1-2-3,26.2
144211,2-1-3,18
144211,3-1-2,122.4
144211,4-1-2,64.9
144211,5-1-2,290.1
144211,6-1-2,2258
144211,1-2-4,26.9
144211,2-1-4,15.8
144211,3-1-4,146.7
144211,4-1-3,137.4
144211,5-1-3,624.1
144211,6-1-3,3794
144211,1-2-5,68.1
144211,2-1-5,34.5
144211,3-1-5,245.1
144211,4-1-5,135.5
144211,5-1-4,445.3
144211,6-1-4,4036
144211,1-2-6,416
144211,2-1-6,285.3
144211,3-1-6,1976
144211,4-1-6,651.9
144211,5-1-6,1224
144211,6-1-5,4864
144211,1-3-2,51.9
144211,2-3-1,25.3
144211,3-2-1,92.5
144211,4-2-1,41.8
144211,5-2-1,231.3
144211,6-2-1,3648
144211,1-3-4,65
144211,2-3-4,9.4
144211,3-2-4,33.3
144211,4-2-3,25.8
144211,5-2-3,150.9
144211,6-2-3,3110
144211,1-3-5,146.9
144211,2-3-5,15.2
144211,3-2-5,52.4
144211,4-2-5,30.4
144211,5-2-4,122.9
144211,6-2-4,2874
144211,1-3-6,1171
144211,2-3-6,234.8
144211,3-2-6,569.7
144211,4-2-6,262.4
144211,5-2-6,677.6
144211,6-2-5,2040
144211,1-4-2,52.4
144211,2-4-1,16.7
144211,3-4-1,154.8
144211,4-3-1,169.1
144211,5-3-1,878.3
144211,6-3-1,4124
144211,1-4-3,83.2
144211,2-4-3,8.5
144211,3-4-2,52.7
144211,4-3-2,50
144211,5-3-2,329.3
144211,6-3-2,2918
144211,1-4-5,141.9
144211,2-4-5,11
144211,3-4-5,105.1
144211,4-3-5,112.3
144211,5-3-4,367.6
144211,6-3-4,2464
144211,1-4-6,878.3
144211,2-4-6,142.4
144211,3-4-6,768.1
144211,4-3-6,930
144211,5-3-6,2432
144211,6-3-5,2084
144211,1-5-2,187.2
144211,2-5-1,52.2
144211,3-5-1,353.3
144211,4-5-1,138.6
144211,5-4-1,414.2
144211,6-4-1,4312
144211,1-5-3,240.1
144211,2-5-3,30.6
144211,3-5-2,151.3
144211,4-5-2,52.1
144211,5-4-2,161.7
144211,6-4-2,2635
144211,1-5-4,264.9
144211,2-5-4,25.1
144211,3-5-4,188.7
144211,4-5-3,115
144211,5-4-3,306.5
144211,6-4-3,4412
144211,1-5-6,1326
144211,2-5-6,239.5
144211,3-5-6,1193
144211,4-5-6,394.4
144211,5-4-6,1014
144211,6-4-5,3162
144211,1-6-2,1482
144211,2-6-1,1014
144211,3-6-1,2563
144211,4-6-1,1649
144211,5-6-1,2206
144211,6-5-1,4517
144211,1-6-3,2285
144211,2-6-3,694.9
144211,3-6-2,1200
144211,4-6-2,777.5
144211,5-6-2,1054
144211,6-5-2,2563
144211,1-6-4,2156
144211,2-6-4,697.5
144211,3-6-4,1756
144211,4-6-3,1299
144211,5-6-3,1860
144211,6-5-3,3215
144211,1-6-5,2749
144211,2-6-5,546.7
144211,3-6-5,1649
144211,4-6-5,953.4
144211,5-6-4,1724
144211,6-5-4,3720
144212,1-2-3,45.1
144212,2-1-3,130.5
144212,3-1-2,48.1
144212,4-1-2,137.1
144212,5-1-2,281.5
144212,6-1-2,2368
144212,1-2-4,62.1
144212,2-1-4,160.9
144212,3-1-4,11.3
144212,4-1-3,45.3
144212,5-1-3,85.9
144212,6-1-3,1643
144212,1-2-5,91.8
144212,2-1-5,244.5
144212,3-1-5,16
144212,4-1-5,59.4
144212,5-1-4,140.3
144212,6-1-4,2072
144212,1-2-6,228.8
144212,2-1-6,571.8
144212,3-1-6,104.6
144212,4-1-6,202
144212,5-1-6,275.9
144212,6-1-5,2197
144212,1-3-2,29.5
144212,2-3-1,189
144212,3-2-1,104.5
144212,4-2-1,251.2
144212,5-2-1,608
144212,6-2-1,4449
144212,1-3-4,10.2
144212,2-3-4,167.3
144212,3-2-4,85.8
144212,4-2-3,208.2
144212,5-2-3,493
144212,6-2-3,4343
144212,1-3-5,13.9
144212,2-3-5,248.8
144212,3-2-5,106
144212,4-2-5,251.2
144212,5-2-4,515.2
144212,6-2-4,4800
144212,1-3-6,90.7
144212,2-3-6,776.2
144212,3-2-6,339
144212,4-2-6,559.5
144212,5-2-6,876.9
144212,6-2-5,5211
144212,1-4-2,67.1
144212,2-4-1,346.7
144212,3-4-1,16.2
144212,4-3-1,40
144212,5-3-1,98.2
144212,6-3-1,1720
144212,1-4-3,19.2
144212,2-4-3,260.5
144212,3-4-2,56.8
144212,4-3-2,132.4
144212,5-3-2,307
144212,6-3-2,2643
144212,1-4-5,32.1
144212,2-4-5,394.8
144212,3-4-5,14
144212,4-3-5,27.1
144212,5-3-4,72.2
144212,6-3-4,1154
144212,1-4-6,177.4
144212,2-4-6,1275
144212,3-4-6,70.1
144212,4-3-6,103.3
144212,5-3-6,143.8
144212,6-3-5,1284
144212,1-5-2,124.5
144212,2-5-1,596.1
144212,3-5-1,28.8
144212,4-5-1,59.5
144212,5-4-1,141.8
144212,6-4-1,2224
144212,1-5-3,29.2
144212,2-5-3,434.3
144212,3-5-2,79.9
144212,4-5-2,145.4
144212,5-4-2,346.1
144212,6-4-2,2432
144212,1-5-4,51.1
144212,2-5-4,524.1
144212,3-5-4,21.8
144212,4-5-3,35.2
144212,5-4-3,83.8
144212,6-4-3,1507
144212,1-5-6,142.3
144212,2-5-6,1224
144212,3-5-6,59.4
144212,4-5-6,75.9
144212,5-4-6,157.5
144212,6-4-5,1520
144212,1-6-2,729.6
144212,2-6-1,2498
144212,3-6-1,384
144212,4-6-1,376.8
144212,5-6-1,796.5
144212,6-5-1,2763
144212,1-6-3,491.6
144212,2-6-3,2569
144212,3-6-2,612.1
144212,4-6-2,580.9
144212,5-6-2,1184
144212,6-5-2,4242
144212,1-6-4,592.2
144212,2-6-4,3200
144212,3-6-4,318.9
144212,4-6-3,319.4
144212,5-6-3,490.3
144212,6-5-3,1806
144212,1-6-5,588.4
144212,2-6-5,2722
144212,3-6-5,213.5
144212,4-6-5,258.3
144212,5-6-4,610
144212,6-5-4,1982
144213,1-2-3,70.8
144213,2-1-3,327
144213,3-1-2,473
144213,4-1-2,13.5
144213,5-1-2,232.3
144213,6-1-2,1228
144213,1-2-4,24.8
144213,2-1-4,85.4
144213,3-1-4,222
144213,4-1-3,24.1
144213,5-1-3,548.6
144213,6-1-3,1717
144213,1-2-5,76.2
144213,2-1-5,194.7
144213,3-1-5,560.2
144213,4-1-5,9.6
144213,5-1-4,78.8
144213,6-1-4,490.5
144213,1-2-6,73.7
144213,2-1-6,387.9
144213,3-1-6,986.4
144213,4-1-6,16.9
144213,5-1-6,220.7
144213,6-1-5,1228
144213,1-3-2,135.4
144213,2-3-1,548.6
144213,3-2-1,756.9
144213,4-2-1,36.1
144213,5-2-1,427.2
144213,6-2-1,2083
144213,1-3-4,69.3
144213,2-3-4,406.6
144213,3-2-4,515.1
144213,4-2-3,86.8
144213,5-2-3,846.7
144213,6-2-3,2809
144213,1-3-5,132.2
144213,2-3-5,600.1
144213,3-2-5,824.2
144213,4-2-5,42.5
144213,5-2-4,295.7
144213,6-2-4,1315
144213,1-3-6,133.3
144213,2-3-6,904.6
144213,3-2-6,1196
144213,4-2-6,61.1
144213,5-2-6,600.1
144213,6-2-5,2289
144213,1-4-2,10.7
144213,2-4-1,91.3
144213,3-4-1,211.2
144213,4-3-1,55.9
144213,5-3-1,976
144213,6-3-1,3040
144213,1-4-3,17.3
144213,2-4-3,266.4
144213,3-4-2,452.3
144213,4-3-2,118.7
144213,5-3-2,1685
144213,6-3-2,3040
144213,1-4-5,12.5
144213,2-4-5,117.7
144213,3-4-5,345.9
144213,4-3-5,60.1
144213,5-3-4,802.7
144213,6-3-4,1911
144213,1-4-6,16.3
144213,2-4-6,251.9
144213,3-4-6,572.3
144213,4-3-6,67.8
144213,5-3-6,941.3
144213,6-3-5,2540
144213,1-5-2,102.9
144213,2-5-1,266.4
144213,3-5-1,775.9
144213,4-5-1,13.5
144213,5-4-1,66.5
144213,6-4-1,476.7
144213,1-5-3,135.5
144213,2-5-3,543.8
144213,3-5-2,1166
144213,4-5-2,29.3
144213,5-4-2,143
144213,6-4-2,960.8
144213,1-5-4,40.7
144213,2-5-4,208.1
144213,3-5-4,646.1
144213,4-5-3,52.2
144213,5-4-3,372.3
144213,6-4-3,1598
144213,1-5-6,99.9
144213,2-5-6,526.8
144213,3-5-6,965.8
144213,4-5-6,20.2
144213,5-4-6,116.2
144213,6-4-5,543.8
144213,1-6-2,182.7
144213,2-6-1,1220
144213,3-6-1,1701
144213,4-6-1,49.8
144213,5-6-1,399.6
144213,6-5-1,1137
144213,1-6-3,244.3
144213,2-6-3,1670
144213,3-6-2,2377
144213,4-6-2,97.3
144213,5-6-2,563.6
144213,6-5-2,2181
144213,1-6-4,105.6
144213,2-6-4,887.3
144213,3-6-4,1701
144213,4-6-3,133.1
144213,5-6-3,895.8
144213,6-5-3,2440
144213,1-6-5,216.8
144213,2-6-5,1228
144213,3-6-5,1612
144213,4-6-5,50.7
144213,5-6-4,283.1
144213,6-5-4,671.9
144214,1-2-3,47.8
144214,2-1-3,181.7
144214,3-1-2,31.9
144214,4-1-2,162
144214,5-1-2,1098
144214,6-1-2,451.4
144214,1-2-4,104.5
144214,2-1-4,291.5
144214,3-1-4,11.6
144214,4-1-3,44.2
144214,5-1-3,776.9
144214,6-1-3,148.8
144214,1-2-5,218.9
144214,2-1-5,739.1
144214,3-1-5,29.5
144214,4-1-5,146.1
144214,5-1-4,1012
144214,6-1-4,336
144214,1-2-6,136.4
144214,2-1-6,419.7
144214,3-1-6,15.7
144214,4-1-6,79
144214,5-1-6,1018
144214,6-1-5,1037
144214,1-3-2,22.8
144214,2-3-1,192.8
144214,3-2-1,87.3
144214,4-2-1,288.9
144214,5-2-1,1275
144214,6-2-1,1063
144214,1-3-4,12.8
144214,2-3-4,208.5
144214,3-2-4,76.3
144214,4-2-3,217.7
144214,5-2-3,1275
144214,6-2-3,497.1
144214,1-3-5,29.3
144214,2-3-5,586.1
144214,3-2-5,167
144214,4-2-5,425
144214,5-2-4,1176
144214,6-2-4,806.9
144214,1-3-6,19.3
144214,2-3-6,229.1
144214,3-2-6,73.8
144214,4-2-6,356.1
144214,5-2-6,1491
144214,6-2-5,1347
144214,1-4-2,82
144214,2-4-1,362.3
144214,3-4-1,12.8
144214,4-3-1,31
144214,5-3-1,729.4
144214,6-3-1,139.3
144214,1-4-3,23.4
144214,2-4-3,290
144214,3-4-2,35.7
144214,4-3-2,87.9
144214,5-3-2,1168
144214,6-3-2,294.6
144214,1-4-5,98.8
144214,2-4-5,707.7
144214,3-4-5,26.2
144214,4-3-5,58.5
144214,5-3-4,759.2
144214,6-3-4,128.7
144214,1-4-6,50.4
144214,2-4-6,482.7
144214,3-4-6,12.6
144214,4-3-6,32.2
144214,5-3-6,749
144214,6-3-5,542.3
144214,1-5-2,345.1
144214,2-5-1,1128
144214,3-5-1,102.2
144214,4-5-1,235.2
144214,5-4-1,1031
144214,6-4-1,404.4
144214,1-5-3,135.1
144214,2-5-3,1113
144214,3-5-2,180.7
144214,4-5-2,376.2
144214,5-4-2,1210
144214,6-4-2,799.2
144214,1-5-4,257.7
144214,2-5-4,1031
144214,3-5-4,88.2
144214,4-5-3,177.5
144214,5-4-3,843.6
144214,6-4-3,165.5
144214,1-5-6,288
144214,2-5-6,1201
144214,3-5-6,78.3
144214,4-5-6,179.2
144214,5-4-6,673.5
144214,6-4-5,843.6
144214,1-6-2,186.4
144214,2-6-1,954.5
144214,3-6-1,31.1
144214,4-6-1,112.1
144214,5-6-1,1358
144214,6-5-1,1237
144214,1-6-3,58.3
144214,2-6-3,411.4
144214,3-6-2,64
144214,4-6-2,211.1
144214,5-6-2,1392
144214,6-5-2,1478
144214,1-6-4,91.7
144214,2-6-4,720
144214,3-6-4,26.3
144214,4-6-3,69.5
144214,5-6-3,1237
144214,6-5-3,1184
144214,1-6-5,286
144214,2-6-5,1098
144214,3-6-5,70.6
144214,4-6-5,192.4
144214,5-6-4,982.5
144214,6-5-4,1106
144215,1-2-3,12.5
144215,2-1-3,97.1
144215,3-1-2,36.3
144215,4-1-2,496.5
144215,5-1-2,196.3
144215,6-1-2,355.5
144215,1-2-4,48.5
144215,2-1-4,271.1
144215,3-1-4,55.4
144215,4-1-3,276.5
144215,5-1-3,108.8
144215,6-1-3,195.6
144215,1-2-5,21.6
144215,2-1-5,141.9
144215,3-1-5,23
144215,4-1-5,364
144215,5-1-4,363.2
144215,6-1-4,645.5
144215,1-2-6,26
144215,2-1-6,186.2
144215,3-1-6,30.4
144215,4-1-6,387.6
144215,5-1-6,120.4
144215,6-1-5,287.8
144215,1-3-2,7.8
144215,2-3-1,143.5
144215,3-2-1,106.4
144215,4-2-1,964.6
144215,5-2-1,424.9
144215,6-2-1,777
144215,1-3-4,25.1
144215,2-3-4,431.4
144215,3-2-4,324
144215,4-2-3,1342
144215,5-2-3,565.1
144215,6-2-3,1554
144215,1-3-5,6.7
144215,2-3-5,346
144215,3-2-5,153
144215,4-2-5,1111
144215,5-2-4,1364
144215,6-2-4,2237
144215,1-3-6,11.3
144215,2-3-6,476.8
144215,3-2-6,170.3
144215,4-2-6,1629
144215,5-2-6,483.6
144215,6-2-5,1321
144215,1-4-2,94.9
144215,2-4-1,787.9
144215,3-4-1,102.7
144215,4-3-1,342.5
144215,5-3-1,138.4
144215,6-3-1,261.4
144215,1-4-3,58
144215,2-4-3,1234
144215,3-4-2,310.8
144215,4-3-2,932.4
144215,5-3-2,357.1
144215,6-3-2,732.9
144215,1-4-5,83.3
144215,2-4-5,1291
144215,3-4-5,123.7
144215,4-3-5,432.5
144215,5-3-4,521.2
144215,6-3-4,987.3
144215,1-4-6,82.2
144215,2-4-6,1271
144215,3-4-6,138.1
144215,4-3-6,574.8
144215,5-3-6,142.7
144215,6-3-5,333.6
144215,1-5-2,29.8
144215,2-5-1,419.6
144215,3-5-1,48.1
144215,4-5-1,498
144215,5-4-1,676.7
144215,6-4-1,1049
144215,1-5-3,20
144215,2-5-3,526.1
144215,3-5-2,114.7
144215,4-5-2,1042
144215,5-4-2,1459
144215,6-4-2,2124
144215,1-5-4,67.2
144215,2-5-4,1055
144215,3-5-4,130.3
144215,4-5-3,584.8
144215,5-4-3,847.6
144215,6-4-3,1907
144215,1-5-6,22.1
144215,2-5-6,902.3
144215,3-5-6,53.5
144215,4-5-6,593
144215,5-4-6,521.2
144215,6-4-5,1375
144215,1-6-2,41.4
144215,2-6-1,574.8
144215,3-6-1,71.8
144215,4-6-1,666
144215,5-6-1,222
144215,6-5-1,400.5
144215,1-6-3,32.9
144215,2-6-3,1104
144215,3-6-2,154.1
144215,4-6-2,1225
144215,5-6-2,380.5
144215,6-5-2,883.3
144215,1-6-4,106.8
144215,2-6-4,1695
144215,3-6-4,209.8
144215,4-6-3,987.3
144215,5-6-3,268.5
144215,6-5-3,495.1
144215,1-6-5,37.6
144215,2-6-5,1410
144215,3-6-5,87.8
144215,4-6-5,674
144215,5-6-4,574.8
144215,6-5-4,1089
144216,1-2-3,20.5
144216,2-1-3,100.7
144216,3-1-2,91.9
144216,4-1-2,385.2
144216,5-1-2,106.2
144216,6-1-2,107.1
144216,1-2-4,29.3
144216,2-1-4,129.5
144216,3-1-4,121
144216,4-1-3,274.8
144216,5-1-3,83.9
144216,6-1-3,118.1
144216,1-2-5,16.5
144216,2-1-5,83.1
144216,3-1-5,45.5
144216,4-1-5,225.4
144216,5-1-4,201.5
144216,6-1-4,224.8
144216,1-2-6,17.5
144216,2-1-6,83.7
144216,3-1-6,61.3
144216,4-1-6,215.9
144216,5-1-6,52.9
144216,6-1-5,58.3
144216,1-3-2,19.7
144216,2-3-1,174.1
144216,3-2-1,193
144216,4-2-1,736.3
144216,5-2-1,222.8
144216,6-2-1,239.3
144216,1-3-4,29.7
144216,2-3-4,442.9
144216,3-2-4,277.8
144216,4-2-3,1057
144216,5-2-3,407.7
144216,6-2-3,548.8
144216,1-3-5,12.6
144216,2-3-5,291.8
144216,3-2-5,129.6
144216,4-2-5,595.6
144216,5-2-4,495.7
144216,6-2-4,765.4
144216,1-3-6,17.3
144216,2-3-6,327.4
144216,3-2-6,170.5
144216,4-2-6,564.7
144216,5-2-6,225.4
144216,6-2-5,389.5
144216,1-4-2,62.1
144216,2-4-1,425.6
144216,3-4-1,212.3
144216,4-3-1,401.1
144216,5-3-1,145.6
144216,6-3-1,255.5
144216,1-4-3,63.5
144216,2-4-3,533.7
144216,3-4-2,412.5
144216,4-3-2,958.9
144216,5-3-2,302.4
144216,6-3-2,706.5
144216,1-4-5,49.4
144216,2-4-5,511.7
144216,3-4-5,186.8
144216,4-3-5,525.6
144216,5-3-4,360.5
144216,6-3-4,928.3
144216,1-4-6,56
144216,2-4-6,536.9
144216,3-4-6,226
144216,4-3-6,562.9
144216,5-3-6,161.7
144216,6-3-5,352.5
144216,1-5-2,25.8
144216,2-5-1,204.3
144216,3-5-1,85.9
144216,4-5-1,283.7
144216,5-4-1,296.2
144216,6-4-1,625.5
144216,1-5-3,16.7
144216,2-5-3,442.9
144216,3-5-2,130.7
144216,4-5-2,488.8
144216,5-4-2,426.7
144216,6-4-2,1171
144216,1-5-4,44.7
144216,2-5-4,448.6
144216,3-5-4,152.5
144216,4-5-3,548.8
144216,5-4-3,543.6
144216,6-4-3,1179
144216,1-5-6,15.1
144216,2-5-6,255.1
144216,3-5-6,70.2
144216,4-5-6,191.7
144216,5-4-6,159.2
144216,6-4-5,520.9
144216,1-6-2,27.7
144216,2-6-1,220.3
144216,3-6-1,116.1
144216,4-6-1,334.3
144216,5-6-1,66.3
144216,6-5-1,90.8
144216,1-6-3,20.3
144216,2-6-3,482.1
144216,3-6-2,339.5
144216,4-6-2,634.6
144216,5-6-2,178.6
144216,6-5-2,273.1
144216,1-6-4,62.6
144216,2-6-4,648.7
144216,3-6-4,292.3
144216,4-6-3,718.1
144216,5-6-3,151.1
144216,6-5-3,247.8
144216,1-6-5,21.6
144216,2-6-5,347.6
144216,3-6-5,115.1
144216,4-6-5,264.4
144216,5-6-4,219.2
144216,6-5-4,325.5
144217,1-2-3,12
144217,2-1-3,26
144217,3-1-2,12
144217,4-1-2,578.8
144217,5-1-2,929
144217,6-1-2,103.8
144217,1-2-4,79.3
144217,2-1-4,171.5
144217,3-1-4,27
144217,4-1-3,304.2
144217,5-1-3,705.6
144217,6-1-3,62.3
144217,1-2-5,135.5
144217,2-1-5,304.2
144217,3-1-5,50.3
144217,4-1-5,761.9
144217,5-1-4,1785
144217,6-1-4,351.5
144217,1-2-6,30.6
144217,2-1-6,61.7
144217,3-1-6,9.9
144217,4-1-6,415.6
144217,5-1-6,777.9
144217,6-1-5,590.4
144217,1-3-2,10
144217,2-3-1,42.3
144217,3-2-1,20.4
144217,4-2-1,769.8
144217,5-2-1,1384
144217,6-2-1,135.8
144217,1-3-4,33
144217,2-3-4,190.5
144217,3-2-4,56.2
144217,4-2-3,585.7
144217,5-2-3,1418
144217,6-2-3,146.5
144217,1-3-5,60.4
144217,2-3-5,341.8
144217,3-2-5,97
144217,4-2-5,1404
144217,5-2-4,2599
144217,6-2-4,573.2
144217,1-3-6,12.8
144217,2-3-6,73.1
144217,3-2-6,26.6
144217,4-2-6,830.2
144217,5-2-6,1512
144217,6-2-5,994.5
144217,1-4-2,203.4
144217,2-4-1,478
144217,3-4-1,49
144217,4-3-1,212.9
144217,5-3-1,759.9
144217,6-3-1,60.8
144217,1-4-3,126.8
144217,2-4-3,464.5
144217,3-4-2,74.3
144217,4-3-2,382.4
144217,5-3-2,1240
144217,6-3-2,96.9
144217,1-4-5,354.9
144217,2-4-5,1022
144217,3-4-5,97.5
144217,4-3-5,441
144217,5-3-4,1398
144217,6-3-4,197.7
144217,1-4-6,179
144217,2-4-6,514.5
144217,3-4-6,37.2
144217,4-3-6,206.3
144217,5-3-6,735.4
144217,6-3-5,332.2
144217,1-5-2,350.7
144217,2-5-1,882
144217,3-5-1,154.6
144217,4-5-1,959.1
144217,5-4-1,2371
144217,6-4-1,645.7
144217,1-5-3,231.3
144217,2-5-3,884.7
144217,3-5-2,206.5
144217,4-5-2,1489
144217,5-4-2,3153
144217,6-4-2,821
144217,1-5-4,452.4
144217,2-5-4,1224
144217,3-5-4,180.5
144217,4-5-3,788.2
144217,5-4-3,1646
144217,6-4-3,468.9
144217,1-5-6,308
144217,2-5-6,914.7
144217,3-5-6,104.4
144217,4-5-6,849.2
144217,5-4-6,2117
144217,6-4-5,1424
144217,1-6-2,55.5
144217,2-6-1,156.6
144217,3-6-1,16
144217,4-6-1,521.7
144217,5-6-1,851.6
144217,6-5-1,871.7
144217,1-6-3,35.3
144217,2-6-3,141.8
144217,3-6-2,24.3
144217,4-6-2,724.6
144217,5-6-2,1481
144217,6-5-2,1365
144217,1-6-4,154.6
144217,2-6-4,507.5
144217,3-6-4,36.2
144217,4-6-3,392.5
144217,5-6-3,909.1
144217,6-5-3,830.2
144217,1-6-5,259
144217,2-6-5,786.1
144217,3-6-5,63.2
144217,4-6-5,851.6
144217,5-6-4,1962
144217,6-5-4,1504
144218,1-2-3,19.7
144218,2-1-3,32.4
144218,3-1-2,42.7
144218,4-1-2,501.6
144218,5-1-2,38.6
144218,6-1-2,1155
144218,1-2-4,76.7
144218,2-1-4,127.6
144218,3-1-4,123.7
144218,4-1-3,539.8
144218,5-1-3,43.9
144218,6-1-3,1546
144218,1-2-5,17.1
144218,2-1-5,30.4
144218,3-1-5,28.6
144218,4-1-5,353.4
144218,5-1-4,176.2
144218,6-1-4,2637
144218,1-2-6,113.4
144218,2-1-6,172.9
144218,3-1-6,159.6
144218,4-1-6,826
144218,5-1-6,112.1
144218,6-1-5,1318
144218,1-3-2,19.6
144218,2-3-1,37
144218,3-2-1,46.6
144218,4-2-1,640.7
144218,5-2-1,42.8
144218,6-2-1,1310
144218,1-3-4,78.2
144218,2-3-4,75.3
144218,3-2-4,83
144218,4-2-3,400.9
144218,5-2-3,25.1
144218,6-2-3,1743
144218,1-3-5,15.9
144218,2-3-5,17.1
144218,3-2-5,20.5
144218,4-2-5,285.2
144218,5-2-4,155
144218,6-2-4,3213
144218,1-3-6,115.1
144218,2-3-6,110.9
144218,3-2-6,107.6
144218,4-2-6,646.8
144218,5-2-6,87.3
144218,6-2-5,965.6
144218,1-4-2,166
144218,2-4-1,284.1
144218,3-4-1,180.9
144218,4-3-1,413
144218,5-3-1,53.8
144218,6-3-1,1773
144218,1-4-3,179.6
144218,2-4-3,160.4
144218,3-4-2,127.6
144218,4-3-2,301.1
144218,5-3-2,31.7
144218,6-3-2,1606
144218,1-4-5,143.5
144218,2-4-5,161.8
144218,3-4-5,93.2
144218,4-3-5,228.5
144218,5-3-4,143.9
144218,6-3-4,2448
144218,1-4-6,455
144218,2-4-6,371.9
144218,3-4-6,302.9
144218,4-3-6,606.7
144218,5-3-6,93.6
144218,6-3-5,1044
144218,1-5-2,23.4
144218,2-5-1,32.8
144218,3-5-1,36
144218,4-5-1,351
144218,5-4-1,301.6
144218,6-4-1,2706
144218,1-5-3,25.9
144218,2-5-3,18.1
144218,3-5-2,21
144218,4-5-2,279
144218,5-4-2,259.7
144218,6-4-2,3739
144218,1-5-4,116
144218,2-5-4,94.4
144218,3-5-4,73.4
144218,4-5-3,298.1
144218,5-4-3,251.1
144218,6-4-3,3880
144218,1-5-6,86.2
144218,2-5-6,75.9
144218,3-5-6,60
144218,4-5-6,374.6
144218,5-4-6,333.3
144218,6-4-5,1728
144218,1-6-2,308.8
144218,2-6-1,437.6
144218,3-6-1,434.8
144218,4-6-1,1458
144218,5-6-1,180.2
144218,6-5-1,747.9
144218,1-6-3,403.3
144218,2-6-3,418.9
144218,3-6-2,423.2
144218,4-6-2,1362
144218,5-6-2,153.3
144218,6-5-2,694.9
144218,1-6-4,644.8
144218,2-6-4,539.8
144218,3-6-4,638.7
144218,4-6-3,1658
144218,5-6-3,187.5
144218,6-5-3,829.4
144218,1-6-5,274.9
144218,2-6-5,294.6
144218,3-6-5,232.9
144218,4-6-5,816.2
144218,5-6-4,408.9
144218,6-5-4,1418
144219,1-2-3,21.2
144219,2-1-3,44.4
144219,3-1-2,173.4
144219,4-1-2,208.8
144219,5-1-2,64
144219,6-1-2,141.3
144219,1-2-4,21.2
144219,2-1-4,33.5
144219,3-1-4,451.5
144219,4-1-3,517.6
144219,5-1-3,234.9
144219,6-1-3,466.7
144219,1-2-5,8.5
144219,2-1-5,13.4
144219,3-1-5,286.1
144219,4-1-5,260.7
144219,5-1-4,228
144219,6-1-4,338.1
144219,1-2-6,11.2
144219,2-1-6,17.1
144219,3-1-6,298.4
144219,4-1-6,197.7
144219,5-1-6,82.2
144219,6-1-5,204.3
144219,1-3-2,49.5
144219,2-3-1,119.6
144219,3-2-1,269.1
144219,4-2-1,179
144219,5-2-1,70.4
144219,6-2-1,182.5
144219,1-3-4,116.6
144219,2-3-4,274.1
144219,3-2-4,617.2
144219,4-2-3,532.2
144219,5-2-3,247.4
144219,6-2-3,551.9
144219,1-3-5,75.5
144219,2-3-5,168.2
144219,3-2-5,430.1
144219,4-2-5,153.9
144219,5-2-4,176.6
144219,6-2-4,401.9
144219,1-3-6,85.2
144219,2-3-6,160.9
144219,3-2-6,369.2
144219,4-2-6,122.5
144219,5-2-6,68.3
144219,6-2-5,187.2
144219,1-4-2,57.8
144219,2-4-1,57.2
144219,3-4-1,884
144219,4-3-1,1159
144219,5-3-1,602.9
144219,6-3-1,831.1
144219,1-4-3,161.6
144219,2-4-3,186.6
144219,3-4-2,1109
144219,4-3-2,1295
144219,5-3-2,634.1
144219,6-3-2,1080
144219,1-4-5,77.9
144219,2-4-5,49.1
144219,3-4-5,1212
144219,4-3-5,1212
144219,5-3-4,1121
144219,6-3-4,1696
144219,1-4-6,56.9
144219,2-4-6,44.6
144219,3-4-6,658.1
144219,4-3-6,965.8
144219,5-3-6,675.1
144219,6-3-5,1710
144219,1-5-2,25
144219,2-5-1,25.7
144219,3-5-1,445.7
144219,4-5-1,275.9
144219,5-4-1,379.3
144219,6-4-1,755.8
144219,1-5-3,85.3
144219,2-5-3,92.7
144219,3-5-2,582.7
144219,4-5-2,209
144219,5-4-2,309.5
144219,6-4-2,750.4
144219,1-5-4,74.7
144219,2-5-4,45.3
144219,3-5-4,1295
144219,4-5-3,647.9
144219,5-4-3,907
144219,6-4-3,1879
144219,1-5-6,32.2
144219,2-5-6,22.5
144219,3-5-6,712
144219,4-5-6,176.8
144219,5-4-6,228.2
144219,6-4-5,617.2
144219,1-6-2,28.8
144219,2-6-1,39.9
144219,3-6-1,747.7
144219,4-6-1,361.5
144219,5-6-1,114.3
144219,6-5-1,243.1
144219,1-6-3,97.8
144219,2-6-3,124.6
144219,3-6-2,753.1
144219,4-6-2,325.9
144219,5-6-2,98.7
144219,6-5-2,214.6
144219,1-6-4,58.4
144219,2-6-4,63.3
144219,3-6-4,1617
144219,4-6-3,848
144219,5-6-3,389.2
144219,6-5-3,869.2
144219,1-6-5,39.8
144219,2-6-5,38
144219,3-6-5,1133
144219,4-6-5,313.7
144219,5-6-4,240
144219,6-5-4,520.2
144220,1-2-3,23.1
144220,2-1-3,184.7
144220,3-1-2,254.4
144220,4-1-2,182.9
144220,5-1-2,78.4
144220,6-1-2,100.8
144220,1-2-4,16.6
144220,2-1-4,191
144220,3-1-4,294.7
144220,4-1-3,319
144220,5-1-3,178.3
144220,6-1-3,266.8
144220,1-2-5,9.9
144220,2-1-5,125.7
144220,3-1-5,198.9
144220,4-1-5,120.7
144220,5-1-4,132.4
144220,6-1-4,165.1
144220,1-2-6,8.7
144220,2-1-6,107.8
144220,3-1-6,212.5
144220,4-1-6,101.6
144220,5-1-6,45
144220,6-1-5,78.1
144220,1-3-2,37.8
144220,2-3-1,449.1
144220,3-2-1,471
144220,4-2-1,433.7
144220,5-2-1,165.6
144220,6-2-1,220.2
144220,1-3-4,44.5
144220,2-3-4,917.1
144220,3-2-4,722
144220,4-2-3,1045
144220,5-2-3,599.7
144220,6-2-3,1171
144220,1-3-5,33.4
144220,2-3-5,1019
144220,3-2-5,767.4
144220,4-2-5,558.9
144220,5-2-4,518.4
144220,6-2-4,636.8
144220,1-3-6,38.4
144220,2-3-6,889.8
144220,3-2-6,846.3
144220,4-2-6,480.6
144220,5-2-6,213.1
144220,6-2-5,404.4
144220,1-4-2,24.7
144220,2-4-1,596.4
144220,3-4-1,525.1
144220,4-3-1,572.5
144220,5-3-1,443.7
144220,6-3-1,717.3
144220,1-4-3,48.3
144220,2-4-3,1261
144220,3-4-2,930
144220,4-3-2,1188
144220,5-3-2,839.9
144220,6-3-2,1598
144220,1-4-5,21.7
144220,2-4-5,899.5
144220,3-4-5,621.2
144220,4-3-5,882.6
144220,5-3-4,897.1
144220,6-3-4,1646
144220,1-4-6,18.3
144220,2-4-6,730
144220,3-4-6,623.5
144220,4-3-6,763.9
144220,5-3-6,484.8
144220,6-3-5,988.7
144220,1-5-2,16.2
144220,2-5-1,276.4
144220,3-5-1,409.5
144220,4-5-1,170.5
144220,5-4-1,233.5
144220,6-4-1,357
144220,1-5-3,39.7
144220,2-5-3,1058
144220,3-5-2,799.1
144220,4-5-2,371.6
144220,5-4-2,466.3
144220,6-4-2,731.6
144220,1-5-4,25.9
144220,2-5-4,875.6
144220,3-5-4,731.6
144220,4-5-3,659.8
144220,5-4-3,804.9
144220,6-4-3,1354
144220,1-5-6,12.2
144220,2-5-6,375.8
144220,3-5-6,488.4
144220,4-5-6,163.1
144220,5-4-6,210.6
144220,6-4-5,446.1
144220,1-6-2,13.5
144220,2-6-1,226.4
144220,3-6-1,540.6
144220,4-6-1,170.3
144220,5-6-1,61.4
144220,6-5-1,105.5
144220,1-6-3,50.2
144220,2-6-3,1072
144220,3-6-2,1127
144220,4-6-2,375.8
144220,5-6-2,144.7
144220,6-5-2,256
144220,1-6-4,24.2
144220,2-6-4,795.2
144220,3-6-4,979.8
144220,4-6-3,705
144220,5-6-3,297.9
144220,6-5-3,542.4
144220,1-6-5,17.5
144220,2-6-5,495.8
144220,3-6-5,605.2
144220,4-6-5,212.4
144220,5-6-4,184.2
144220,6-5-4,326.9
144269,1-2-3,43.3
144269,2-1-3,342.4
144269,3-1-2,518.2
144269,4-1-2,28.2
144269,5-1-2,191.2
144269,6-1-2,428.4
144269,1-2-4,6.7
144269,2-1-4,68.8
144269,3-1-4,391.3
144269,4-1-3,203.4
144269,5-1-3,633.8
144269,6-1-3,1917
144269,1-2-5,21.9
144269,2-1-5,150
144269,3-1-5,644.5
144269,4-1-5,21.5
144269,5-1-4,124.1
144269,6-1-4,264.4
144269,1-2-6,27.9
144269,2-1-6,207.2
144269,3-1-6,1095
144269,4-1-6,24.6
144269,5-1-6,231.7
144269,6-1-5,690.9
144269,1-3-2,77
144269,2-3-1,751.9
144269,3-2-1,881.6
144269,4-2-1,69.5
144269,5-2-1,304.3
144269,6-2-1,807.3
144269,1-3-4,58.8
144269,2-3-4,1369
144269,3-2-4,1127
144269,4-2-3,730.4
144269,5-2-3,1300
144269,6-2-3,3195
144269,1-3-5,110.9
144269,2-3-5,1704
144269,3-2-5,1743
144269,4-2-5,108.7
144269,5-2-4,383.5
144269,6-2-4,576.6
144269,1-3-6,161.8
144269,2-3-6,2191
144269,3-2-6,1966
144269,4-2-6,136.2
144269,5-2-6,666.9
144269,6-2-5,1826
144269,1-4-2,5.4
144269,2-4-1,121.9
144269,3-4-1,774.7
144269,4-3-1,661.2
144269,5-3-1,1345
144269,6-3-1,2072
144269,1-4-3,44.5
144269,2-4-3,958.7
144269,3-4-2,1278
144269,4-3-2,1534
144269,5-3-2,1743
144269,6-3-2,3334
144269,1-4-5,7.7
144269,2-4-5,239.6
144269,3-4-5,1162
144269,4-3-5,881.6
144269,5-3-4,1597
144269,6-3-4,2644
144269,1-4-6,8.4
144269,2-4-6,281.9
144269,3-4-6,1369
144269,4-3-6,1369
144269,5-3-6,2950
144269,6-3-5,2474
144269,1-5-2,41.1
144269,2-5-1,399.4
144269,3-5-1,1631
144269,4-5-1,30.1
144269,5-4-1,118.9
144269,6-4-1,391.3
144269,1-5-3,143.9
144269,2-5-3,1743
144269,3-5-2,2324
144269,4-5-2,61.2
144269,5-4-2,264.4
144269,6-4-2,445.9
144269,1-5-4,23.9
144269,2-5-4,448.5
144269,3-5-4,1783
144269,4-5-3,358.4
144269,5-4-3,913
144269,6-4-3,815.9
144269,1-5-6,58.9
144269,2-5-6,902.3
144269,3-5-6,2739
144269,4-5-6,43.3
144269,5-4-6,152.7
144269,6-4-5,476.3
144269,1-6-2,49.8
144269,2-6-1,730.4
144269,3-6-1,3486
144269,4-6-1,56.3
144269,5-6-1,491.6
144269,6-5-1,861.8
144269,1-6-3,272.9
144269,2-6-3,2644
144269,3-6-2,3486
144269,4-6-2,139.7
144269,5-6-2,824.7
144269,6-5-2,1503
144269,1-6-4,40
144269,2-6-4,488.5
144269,3-6-4,1917
144269,4-6-3,644.5
144269,5-6-3,1743
144269,6-5-3,3334
144269,1-6-5,94.1
144269,2-6-5,1447
144269,3-6-5,3835
144269,4-6-5,101.7
144269,5-6-4,360
144269,6-5-4,672.8
144270,1-2-3,24.8
144270,2-1-3,77.8
144270,3-1-2,143.4
144270,4-1-2,33.8
144270,5-1-2,342.2
144270,6-1-2,362.6
144270,1-2-4,10.6
144270,2-1-4,37.3
144270,3-1-4,77.3
144270,4-1-3,66.7
144270,5-1-3,462.3
144270,6-1-3,617.6
144270,1-2-5,41.1
144270,2-1-5,102.1
144270,3-1-5,176
144270,4-1-5,34
144270,5-1-4,227.1
144270,6-1-4,262.6
144270,1-2-6,33.6
144270,2-1-6,85.3
144270,3-1-6,173.7
144270,4-1-6,28.2
144270,5-1-6,245.5
144270,6-1-5,409.6
144270,1-3-2,39.1
144270,2-3-1,138.4
144270,3-2-1,228.4
144270,4-2-1,72.7
144270,5-2-1,454.3
144270,6-2-1,425
144270,1-3-4,21.3
144270,2-3-4,108.8
144270,3-2-4,138.9
144270,4-2-3,164.6
144270,5-2-3,790.5
144270,6-2-3,964
144270,1-3-5,66.7
144270,2-3-5,230.4
144270,3-2-5,304
144270,4-2-5,95.1
144270,5-2-4,369.4
144270,6-2-4,209.6
144270,1-3-6,53.4
144270,2-3-6,201.1
144270,3-2-6,281.3
144270,4-2-6,73
144270,5-2-6,441.6
144270,6-2-5,952.4
144270,1-4-2,11.3
144270,2-4-1,59
144270,3-4-1,85.2
144270,4-3-1,98
144270,5-3-1,664.3
144270,6-3-1,878.3
144270,1-4-3,25.6
144270,2-4-3,101.4
144270,3-4-2,130.6
144270,4-3-2,163.3
144270,5-3-2,898.3
144270,6-3-2,1275
144270,1-4-5,20.8
144270,2-4-5,98
144270,3-4-5,100.9
144270,4-3-5,108.4
144270,5-3-4,385.6
144270,6-3-4,516.6
144270,1-4-6,15.4
144270,2-4-6,90.9
144270,3-4-6,92.3
144270,4-3-6,90.2
144270,5-3-6,552.8
144270,6-3-5,1295
144270,1-5-2,73.1
144270,2-5-1,211.3
144270,3-5-1,326.6
144270,4-5-1,44.2
144270,5-4-1,171.8
144270,6-4-1,217.1
144270,1-5-3,105.1
144270,2-5-3,346.7
144270,3-5-2,482
144270,4-5-2,71.3
144270,5-4-2,225.8
144270,6-4-2,185.1
144270,1-5-4,60.9
144270,2-5-4,178.8
144270,3-5-4,206.9
144270,4-5-3,121
144270,5-4-3,311.2
144270,6-4-3,479.1
144270,1-5-6,90.5
144270,2-5-6,283.3
144270,3-5-6,300.5
144270,4-5-6,34.6
144270,5-4-6,133.5
144270,6-4-5,257.5
144270,1-6-2,80.8
144270,2-6-1,241.7
144270,3-6-1,416
144270,4-6-1,54.8
144270,5-6-1,434.3
144270,6-5-1,642.7
144270,1-6-3,137.4
144270,2-6-3,467.7
144270,3-6-2,603.4
144270,4-6-2,71.4
144270,5-6-2,612.8
144270,6-5-2,975.9
144270,1-6-4,57.2
144270,2-6-4,205.8
144270,3-6-4,249.3
144270,4-6-3,122.3
144270,5-6-3,705.8
144270,6-5-3,1145
144270,1-6-5,131.7
144270,2-6-5,387.5
144270,3-6-5,603.4
144270,4-6-5,58.2
144270,5-6-4,307.6
144270,6-5-4,436.7
144271,1-2-3,74.7
144271,2-1-3,74.9
144271,3-1-2,499.3
144271,4-1-2,38.3
144271,5-1-2,78.5
144271,6-1-2,1850
144271,1-2-4,30.9
144271,2-1-4,32.3
144271,3-1-4,511.9
144271,4-1-3,160.8
144271,5-1-3,260
144271,6-1-3,3700
144271,1-2-5,35.1
144271,2-1-5,38.2
144271,3-1-5,695.7
144271,4-1-5,22.1
144271,5-1-4,51.1
144271,6-1-4,2394
144271,1-2-6,224.8
144271,2-1-6,179.2
144271,3-1-6,2325
144271,4-1-6,65.6
144271,5-1-6,153.2
144271,6-1-5,2200
144271,1-3-2,134.7
144271,2-3-1,171.7
144271,3-2-1,508.7
144271,4-2-1,38.3
144271,5-2-1,75.3
144271,6-2-1,2200
144271,1-3-4,160.2
144271,2-3-4,86.7
144271,3-2-4,267.7
144271,4-2-3,63.2
144271,5-2-3,125.8
144271,6-2-3,4284
144271,1-3-5,174.3
144271,2-3-5,111.2
144271,3-2-5,310.6
144271,4-2-5,20.4
144271,5-2-4,36.4
144271,6-2-4,1661
144271,1-3-6,598.5
144271,2-3-6,635.9
144271,3-2-6,1985
144271,4-2-6,59.3
144271,5-2-6,132.1
144271,6-2-5,1507
144271,1-4-2,37.4
144271,2-4-1,39.4
144271,3-4-1,550
144271,4-3-1,310.6
144271,5-3-1,462.5
144271,6-3-1,4788
144271,1-4-3,114
144271,2-4-3,64.9
144271,3-4-2,248.9
144271,4-3-2,124
144271,5-3-2,205
144271,6-3-2,6261
144271,1-4-5,30.9
144271,2-4-5,24.2
144271,3-4-5,323
144271,4-3-5,117.4
144271,5-3-4,208.1
144271,6-3-4,3256
144271,1-4-6,137
144271,2-4-6,108.1
144271,3-4-6,1214
144271,4-3-6,330.8
144271,5-3-6,635.9
144271,6-3-5,3876
144271,1-5-2,53.4
144271,2-5-1,54.1
144271,3-5-1,822.2
144271,4-5-1,12
144271,5-4-1,27.8
144271,6-4-1,1162
144271,1-5-3,151.5
144271,2-5-3,88.2
144271,3-5-2,339.1
144271,4-5-2,10
144271,5-4-2,22.4
144271,6-4-2,511.9
144271,1-5-4,45.6
144271,2-5-4,33.8
144271,3-5-4,393.2
144271,4-5-3,50.8
144271,5-4-3,89.7
144271,6-4-3,557.5
144271,1-5-6,180.8
144271,2-5-6,154.1
144271,3-5-6,1731
144271,4-5-6,13.5
144271,5-4-6,28.3
144271,6-4-5,607.4
144271,1-6-2,684
144271,2-6-1,814
144271,3-6-1,3256
144271,4-6-1,104.6
144271,5-6-1,340.5
144271,6-5-1,1197
144271,1-6-3,1017
144271,2-6-3,1808
144271,3-6-2,3539
144271,4-6-2,112.4
144271,5-6-2,286.6
144271,6-5-2,1356
144271,1-6-4,542.6
144271,2-6-4,714
144271,3-6-4,2543
144271,4-6-3,397
144271,5-6-3,695.7
144271,6-5-3,656.4
144271,1-6-5,775.2
144271,2-6-5,746.8
144271,3-6-5,3130
144271,4-6-5,73.2
144271,5-6-4,194.7
144271,6-5-4,607.4
144272,1-2-3,20.1
144272,2-1-3,24
144272,3-1-2,143.3
144272,4-1-2,136
144272,5-1-2,252
144272,6-1-2,142.9
144272,1-2-4,31.9
144272,2-1-4,18.5
144272,3-1-4,214.1
144272,4-1-3,429.3
144272,5-1-3,383.7
144272,6-1-3,353.4
144272,1-2-5,55.9
144272,2-1-5,28.6
144272,3-1-5,154.9
144272,4-1-5,205.3
144272,5-1-4,396.7
144272,6-1-4,350.8
144272,1-2-6,23.7
144272,2-1-6,16.3
144272,3-1-6,129.5
144272,4-1-6,120.8
144272,5-1-6,193
144272,6-1-5,252
144272,1-3-2,39.8
144272,2-3-1,40.7
144272,3-2-1,142.9
144272,4-2-1,91.5
144272,5-2-1,211.3
144272,6-2-1,137.4
144272,1-3-4,65.9
144272,2-3-4,46.7
144272,3-2-4,103.1
144272,4-2-3,225.4
144272,5-2-3,261.9
144272,6-2-3,121.8
144272,1-3-5,71.9
144272,2-3-5,49
144272,3-2-5,99.8
144272,4-2-5,66.2
144272,5-2-4,277.3
144272,6-2-4,145.3
144272,1-3-6,53.8
144272,2-3-6,23.7
144272,3-2-6,64.1
144272,4-2-6,42.8
144272,5-2-6,108.5
144272,6-2-5,107.4
144272,1-4-2,84.6
144272,2-4-1,36.2
144272,3-4-1,353.4
144272,4-3-1,644
144272,5-3-1,516.6
144272,6-3-1,427.4
144272,1-4-3,118.1
144272,2-4-3,56
144272,3-4-2,177.4
144272,4-3-2,350.8
144272,5-3-2,267.8
144272,6-3-2,217.6
144272,1-4-5,164.1
144272,2-4-5,40.5
144272,3-4-5,327.6
144272,4-3-5,379.1
144272,5-3-4,740.3
144272,6-3-4,528.2
144272,1-4-6,98.1
144272,2-4-6,25.1
144272,3-4-6,164.1
144272,4-3-6,270.9
144272,5-3-6,256.9
144272,6-3-5,279.8
144272,1-5-2,110.6
144272,2-5-1,85.2
144272,3-5-1,323.1
144272,4-5-1,186.5
144272,5-4-1,537.3
144272,6-4-1,553.1
144272,1-5-3,127.5
144272,2-5-3,107.7
144272,3-5-2,221.7
144272,4-5-2,121.8
144272,5-4-2,346.9
144272,6-4-2,256.9
144272,1-5-4,193.4
144272,2-5-4,88.3
144272,3-5-4,329.9
144272,4-5-3,373.1
144272,5-4-3,676.4
144272,6-4-3,648.4
144272,1-5-6,98.5
144272,2-5-6,37.3
144272,3-5-6,141.1
144272,4-5-6,81.4
144272,5-4-6,224.4
144272,6-4-5,295.6
144272,1-6-2,68
144272,2-6-1,43.8
144272,3-6-1,241.1
144272,4-6-1,113.1
144272,5-6-1,155.1
144272,6-5-1,256.2
144272,1-6-3,114.8
144272,2-6-3,55.8
144272,3-6-2,149.9
144272,4-6-2,69.4
144272,5-6-2,90.8
144272,6-5-2,123.8
144272,1-6-4,155.6
144272,2-6-4,43
144272,3-6-4,240.4
144272,4-6-3,269.4
144272,5-6-3,154.6
144272,6-5-3,230.4
144272,1-6-5,130.2
144272,2-6-5,42.5
144272,3-6-5,184.7
144272,4-6-5,72.3
144272,5-6-4,208.9
144272,6-5-4,312.3
144273,1-2-3,10.2
144273,2-1-3,46.3
144273,3-1-2,53.6
144273,4-1-2,44.7
144273,5-1-2,85.2
144273,6-1-2,3310
144273,1-2-4,12.3
144273,2-1-4,38.2
144273,3-1-4,46.4
144273,4-1-3,47.5
144273,5-1-3,146.1
144273,6-1-3,4237
144273,1-2-5,24.1
144273,2-1-5,73.9
144273,3-1-5,85.5
144273,4-1-5,31.5
144273,5-1-4,92.2
144273,6-1-4,5044
144273,1-2-6,585.2
144273,2-1-6,1139
144273,3-1-6,735.6
144273,4-1-6,356.6
144273,5-1-6,937.4
144273,6-1-5,6231
144273,1-3-2,11.9
144273,2-3-1,112.1
144273,3-2-1,97.1
144273,4-2-1,67.2
144273,5-2-1,151.5
144273,6-2-1,5044
144273,1-3-4,7.4
144273,2-3-4,134.2
144273,3-2-4,103
144273,4-2-3,134.9
144273,5-2-3,321.9
144273,6-2-3,5575
144273,1-3-5,19.2
144273,2-3-5,252.8
144273,3-2-5,185.5
144273,4-2-5,116.4
144273,5-2-4,224.4
144273,6-2-4,6620
144273,1-3-6,445.1
144273,2-3-6,3115
144273,3-2-6,1736
144273,4-2-6,1203
144273,5-2-6,2716
144273,6-2-5,5885
144273,1-4-2,12.9
144273,2-4-1,93
144273,3-4-1,75.8
144273,4-3-1,88.2
144273,5-3-1,308.8
144273,6-3-1,6620
144273,1-4-3,10.3
144273,2-4-3,160.2
144273,3-4-2,116.5
144273,4-3-2,134.7
144273,5-3-2,336.3
144273,6-3-2,7566
144273,1-4-5,15.1
144273,2-4-5,223.4
144273,3-4-5,121.7
144273,4-3-5,109.5
144273,5-3-4,330
144273,6-3-4,6231
144273,1-4-6,396.7
144273,2-4-6,2253
144273,3-4-6,1276
144273,4-3-6,1261
144273,5-3-6,3923
144273,6-3-5,7566
144273,1-5-2,46.4
144273,2-5-1,255.8
144273,3-5-1,200.2
144273,4-5-1,39.8
144273,5-4-1,93.6
144273,6-4-1,4074
144273,1-5-3,40.7
144273,2-5-3,462.5
144273,3-5-2,232.3
144273,4-5-2,85.2
144273,5-4-2,159.7
144273,6-4-2,6620
144273,1-5-4,35.7
144273,2-5-4,342.8
144273,3-5-4,220.2
144273,4-5-3,78.1
144273,5-4-3,211.4
144273,6-4-3,6231
144273,1-5-6,653.9
144273,2-5-6,3783
144273,3-5-6,1826
144273,4-5-6,229.7
144273,5-4-6,605.3
144273,6-4-5,1826
144273,1-6-2,1451
144273,2-6-1,2716
144273,3-6-1,3210
144273,4-6-1,954.3
144273,5-6-1,2302
144273,6-5-1,3652
144273,1-6-3,1535
144273,2-6-3,5044
144273,3-6-2,5575
144273,4-6-2,2522
144273,5-6-2,2253
144273,6-5-2,7062
144273,1-6-4,1557
144273,2-6-4,5044
144273,3-6-4,2863
144273,4-6-3,2522
144273,5-6-3,2942
144273,6-5-3,8148
144273,1-6-5,1581
144273,2-6-5,5296
144273,3-6-5,5044
144273,4-6-5,710.9
144273,5-6-4,1139
144273,6-5-4,1736
144274,1-2-3,12.5
144274,2-1-3,26.5
144274,3-1-2,35.4
144274,4-1-2,150.7
144274,5-1-2,1282
144274,6-1-2,473.6
144274,1-2-4,19
144274,2-1-4,43.4
144274,3-1-4,22.1
144274,4-1-3,116.1
144274,5-1-3,683.3
144274,6-1-3,213.2
144274,1-2-5,130.8
144274,2-1-5,221.1
144274,3-1-5,96.2
144274,4-1-5,347.3
144274,5-1-4,1068
144274,6-1-4,487.5
144274,1-2-6,35.3
144274,2-1-6,55.2
144274,3-1-6,22.4
144274,4-1-6,116.2
144274,5-1-6,936.6
144274,6-1-5,1190
144274,1-3-2,10.6
144274,2-3-1,36.1
144274,3-2-1,60.7
144274,4-2-1,191.6
144274,5-2-1,1603
144274,6-2-1,724.9
144274,1-3-4,8.3
144274,2-3-4,42.9
144274,3-2-4,50.8
144274,4-2-3,151.8
144274,5-2-3,1282
144274,6-2-3,591.2
144274,1-3-5,62.5
144274,2-3-5,256.5
144274,3-2-5,269.7
144274,4-2-5,591.2
144274,5-2-4,1543
144274,6-2-4,744.3
144274,1-3-6,13.9
144274,2-3-6,52.8
144274,3-2-6,69.5
144274,4-2-6,189.4
144274,5-2-6,1543
144274,6-2-5,1515
144274,1-4-2,31.5
144274,2-4-1,79.9
144274,3-4-1,49.4
144274,4-3-1,120.1
144274,5-3-1,751
144274,6-3-1,237.5
144274,1-4-3,21.1
144274,2-4-3,74.5
144274,3-4-2,65.2
144274,4-3-2,183.2
144274,5-3-2,1344
144274,6-3-2,571
144274,1-4-5,126.8
144274,2-4-5,323.1
144274,3-4-5,137.3
144274,4-3-5,315.7
144274,5-3-4,1111
144274,6-3-4,182
144274,1-4-6,33.5
144274,2-4-6,99.6
144274,3-4-6,37.6
144274,4-3-6,119.7
144274,5-3-6,980.7
144274,6-3-5,646.2
144274,1-5-2,348.8
144274,2-5-1,817.3
144274,3-5-1,218.8
144274,4-5-1,487.5
144274,5-4-1,958.2
144274,6-4-1,595.4
144274,1-5-3,235.4
144274,2-5-3,793.9
144274,3-5-2,380.6
144274,4-5-2,631.5
144274,5-4-2,1111
144274,6-4-2,801.5
144274,1-5-4,330.8
144274,2-5-4,859.4
144274,3-5-4,275.1
144274,4-5-3,400.7
144274,5-4-3,992.4
144274,6-4-3,326.9
144274,1-5-6,320.6
144274,2-5-6,786.4
144274,3-5-6,224.7
144274,4-5-6,307.6
144274,5-4-6,724.9
144274,6-4-5,793.9
144274,1-6-2,89.1
144274,2-6-1,223.5
144274,3-6-1,66.4
144274,4-6-1,202.3
144274,5-6-1,992.4
144274,6-5-1,958.2
144274,1-6-3,46.6
144274,2-6-3,178.8
144274,3-6-2,118
144274,4-6-2,274.2
144274,5-6-2,1437
144274,6-5-2,1437
144274,1-6-4,74.6
144274,2-6-4,229
144274,3-6-4,59.5
144274,4-6-3,174
144274,5-6-3,947.3
144274,6-5-3,672.3
144274,1-6-5,293.5
144274,2-6-5,706.4
144274,3-6-5,245.9
144274,4-6-5,416.8
144274,5-6-4,817.3
144274,6-5-4,833.6
144275,1-2-3,45.4
144275,2-1-3,35.6
144275,3-1-2,257.9
144275,4-1-2,45.9
144275,5-1-2,201.3
144275,6-1-2,887.7
144275,1-2-4,21.1
144275,2-1-4,13
144275,3-1-4,268.9
144275,4-1-3,123.5
144275,5-1-3,485.6
144275,6-1-3,1719
144275,1-2-5,38.2
144275,2-1-5,24.8
144275,3-1-5,358.9
144275,4-1-5,63
144275,5-1-4,213.8
144275,6-1-4,948.9
144275,1-2-6,82.2
144275,2-1-6,52.5
144275,3-1-6,687.9
144275,4-1-6,86.4
144275,5-1-6,368.5
144275,6-1-5,1331
144275,1-3-2,103.9
144275,2-3-1,71.7
144275,3-2-1,246.4
144275,4-2-1,35.5
144275,5-2-1,198.9
144275,6-2-1,635
144275,1-3-4,117.9
144275,2-3-4,35.7
144275,3-2-4,98.1
144275,4-2-3,54.8
144275,5-2-3,218.4
144275,6-2-3,764.4
144275,1-3-5,148.4
144275,2-3-5,64.1
144275,3-2-5,202.3
144275,4-2-5,24
144275,5-2-4,80.2
144275,6-2-4,234.5
144275,1-3-6,303.5
144275,2-3-6,94
144275,3-2-6,251.6
144275,4-2-6,21.7
144275,5-2-6,156
144275,6-2-5,398.8
144275,1-4-2,35.8
144275,2-4-1,18.1
144275,3-4-1,342.5
144275,4-3-1,203.3
144275,5-3-1,730.5
144275,6-3-1,2293
144275,1-4-3,100.9
144275,2-4-3,28
144275,3-4-2,115.6
144275,4-3-2,106.3
144275,5-3-2,469
144275,6-3-2,1423
144275,1-4-5,76.2
144275,2-4-5,11.9
144275,3-4-5,250.9
144275,4-3-5,153.1
144275,5-3-4,660.4
144275,6-3-4,2013
144275,1-4-6,113.8
144275,2-4-6,18.7
144275,3-4-6,218.4
144275,4-3-6,122.4
144275,5-3-6,825.5
144275,6-3-5,2231
144275,1-5-2,96.1
144275,2-5-1,53.6
144275,3-5-1,598.2
144275,4-5-1,69.6
144275,5-4-1,199.8
144275,6-4-1,801.5
144275,1-5-3,204.3
144275,2-5-3,70.4
144275,3-5-2,412.7
144275,4-5-2,30.3
144275,5-4-2,81.9
144275,6-4-2,301.3
144275,1-5-4,131.4
144275,2-5-4,26.5
144275,3-5-4,393.1
144275,4-5-3,125.6
144275,5-4-3,312.7
144275,6-4-3,1375
144275,1-5-6,289.6
144275,2-5-6,51
144275,3-5-6,737.1
144275,4-5-6,35.2
144275,5-4-6,143.5
144275,6-4-5,368.5
144275,1-6-2,316.3
144275,2-6-1,169.5
144275,3-6-1,927.6
144275,4-6-1,143.5
144275,5-6-1,539.5
144275,6-5-1,1019
144275,1-6-3,581.3
144275,2-6-3,218.4
144275,3-6-2,859.9
144275,4-6-2,76.6
144275,5-6-2,316.3
144275,6-5-2,453.6
144275,1-6-4,375.2
144275,2-6-4,82.2
144275,3-6-4,869
144275,4-6-3,212.2
144275,5-6-3,737.1
144275,6-5-3,1794
144275,1-6-5,519.2
144275,2-6-5,140.6
144275,3-6-5,1162
144275,4-6-5,94.2
144275,5-6-4,298
144275,6-5-4,419
144276,1-2-3,8.5
144276,2-1-3,23
144276,3-1-2,41.3
144276,4-1-2,982.6
144276,5-1-2,22.3
144276,6-1-2,915.9
144276,1-2-4,51.9
144276,2-1-4,105.1
144276,3-1-4,194
144276,4-1-3,908.2
144276,5-1-3,30.1
144276,6-1-3,1019
144276,1-2-5,9.9
144276,2-1-5,20.9
144276,3-1-5,38
144276,4-1-5,684
144276,5-1-4,134.2
144276,6-1-4,1286
144276,1-2-6,75.1
144276,2-1-6,146.6
144276,3-1-6,301.9
144276,4-1-6,1070
144276,5-1-6,60.9
144276,6-1-5,755.8
144276,1-3-2,13.2
144276,2-3-1,43.4
144276,3-2-1,75.2
144276,4-2-1,1256
144276,5-2-1,38.6
144276,6-2-1,1102
144276,1-3-4,54.8
144276,2-3-4,162.7
144276,3-2-4,199
144276,4-2-3,915.9
144276,5-2-3,38.4
144276,6-2-3,1351
144276,1-3-5,14.5
144276,2-3-5,38.9
144276,3-2-5,44.7
144276,4-2-5,915.9
144276,5-2-4,223.7
144276,6-2-4,1566
144276,1-3-6,112
144276,2-3-6,231.4
144276,3-2-6,330.5
144276,4-2-6,1460
144276,5-2-6,72.7
144276,6-2-5,794.7
144276,1-4-2,182.5
144276,2-4-1,365.1
144276,3-4-1,476.1
144276,4-3-1,1059
144276,5-3-1,59.9
144276,6-3-1,1688
144276,1-4-3,192.6
144276,2-4-3,397.3
144276,3-4-2,418.9
144276,4-3-2,837.8
144276,5-3-2,49.9
144276,6-3-2,2349
144276,1-4-5,162.2
144276,2-4-5,352
144276,3-4-5,355.5
144276,4-3-5,991.6
144276,5-3-4,275.7
144276,6-3-4,2078
144276,1-4-6,391.6
144276,2-4-6,857.8
144276,3-4-6,908.2
144276,4-3-6,1522
144276,5-3-6,111.3
144276,6-3-5,1522
144276,1-5-2,11.4
144276,2-5-1,35.4
144276,3-5-1,50.1
144276,4-5-1,715.8
144276,5-4-1,409.4
144276,6-4-1,1688
144276,1-5-3,16.1
144276,2-5-3,48.1
144276,3-5-2,52.6
144276,4-5-2,806.6
144276,5-4-2,482.5
144276,6-4-2,2513
144276,1-5-4,82
144276,2-5-4,187.9
144276,3-5-4,225.1
144276,4-5-3,885.9
144276,5-4-3,507.4
144276,6-4-3,1743
144276,1-5-6,72.9
144276,2-5-6,148.8
144276,3-5-6,193.7
144276,4-5-6,1228
144276,5-4-6,581.1
144276,6-4-5,1930
144276,1-6-2,214.4
144276,2-6-1,338.8
144276,3-6-1,593.8
144276,4-6-1,1715
144276,5-6-1,111
144276,6-5-1,659
144276,1-6-3,254.3
144276,2-6-3,535
144276,3-6-2,643.3
144276,4-6-2,2349
144276,5-6-2,115.4
144276,6-5-2,725.4
144276,1-6-4,415.7
144276,2-6-4,915.9
144276,3-6-4,1422
144276,4-6-3,2401
144276,5-6-3,143.3
144276,6-5-3,956.5
144276,1-6-5,221
144276,2-6-5,427.2
144276,3-6-5,562.9
144276,4-6-5,2119
144276,5-6-4,401.8
144276,6-5-4,1385
144277,1-2-3,21.7
144277,2-1-3,27.3
144277,3-1-2,36.8
144277,4-1-2,856
144277,5-1-2,150.5
144277,6-1-2,560
144277,1-2-4,71.2
144277,2-1-4,118.4
144277,3-1-4,71.5
144277,4-1-3,651.3
144277,5-1-3,65.4
144277,6-1-3,281.3
144277,1-2-5,35.3
144277,2-1-5,50.4
144277,3-1-5,19.4
144277,4-1-5,634.1
144277,5-1-4,333.8
144277,6-1-4,700.8
144277,1-2-6,80.8
144277,2-1-6,137.7
144277,3-1-6,37
144277,4-1-6,654.9
144277,5-1-6,106.1
144277,6-1-5,347.3
144277,1-3-2,14.8
144277,2-3-1,40
144277,3-2-1,49.6
144277,4-2-1,665.8
144277,5-2-1,152.6
144277,6-2-1,749
144277,1-3-4,38.3
144277,2-3-4,82.9
144277,3-2-4,83.2
144277,4-2-3,312.1
144277,5-2-3,60.3
144277,6-2-3,362
144277,1-3-5,9.7
144277,2-3-5,24.2
144277,3-2-5,25.2
144277,4-2-5,391.6
144277,5-2-4,266.3
144277,6-2-4,856
144277,1-3-6,18.7
144277,2-3-6,69.2
144277,3-2-6,62.4
144277,4-2-6,688.7
144277,5-2-6,146.6
144277,6-2-5,460.9
144277,1-4-2,133.7
144277,2-4-1,322.1
144277,3-4-1,160.2
144277,4-3-1,481.3
144277,5-3-1,82.8
144277,6-3-1,304.1
144277,1-4-3,132.5
144277,2-4-3,159.7
144277,3-4-2,167.1
144277,4-3-2,319.5
144277,5-3-2,55.9
144277,6-3-2,404.8
144277,1-4-5,173.9
144277,2-4-5,218.7
144277,3-4-5,107.5
144277,4-3-5,229.1
144277,5-3-4,154.2
144277,6-3-4,658.5
144277,1-4-6,186.6
144277,2-4-6,493.2
144277,3-4-6,161.5
144277,4-3-6,507.8
144277,5-3-6,66.8
144277,6-3-5,247.1
144277,1-5-2,52.7
144277,2-5-1,87.8
144277,3-5-1,38.7
144277,4-5-1,537.4
144277,5-4-1,680.9
144277,6-4-1,1120
144277,1-5-3,30.4
144277,2-5-3,40.8
144277,3-5-2,34.4
144277,4-5-2,473.7
144277,5-4-2,357.7
144277,6-4-2,1060
144277,1-5-4,135.7
144277,2-5-4,201.7
144277,3-5-4,75.2
144277,4-5-3,274.2
144277,5-4-3,245.5
144277,6-4-3,943.6
144277,1-5-6,53.3
144277,2-5-6,122
144277,3-5-6,39.4
144277,4-5-6,337.6
144277,5-4-6,351.4
144277,6-4-5,788.4
144277,1-6-2,169.2
144277,2-6-1,403.5
144277,3-6-1,104.3
144277,4-6-1,644.3
144277,5-6-1,145.9
144277,6-5-1,275.5
144277,1-6-3,92.6
144277,2-6-3,168.3
144277,3-6-2,163.7
144277,4-6-2,966.5
144277,5-6-2,151.7
144277,6-5-2,338.5
144277,1-6-4,250.7
144277,2-6-4,584.6
144277,3-6-4,231.3
144277,4-6-3,951.1
144277,5-6-3,103
144277,6-5-3,204.5
144277,1-6-5,120.9
144277,2-6-5,235.9
144277,3-6-5,75.7
144277,4-6-5,768.2
144277,5-6-4,308
144277,6-5-4,547.2
144278,1-2-3,14.7
144278,2-1-3,31
144278,3-1-2,194.1
144278,4-1-2,18.1
144278,5-1-2,1034
144278,6-1-2,353.7
144278,1-2-4,5.9
144278,2-1-4,12.5
144278,3-1-4,187.9
144278,4-1-3,106.2
144278,5-1-3,1893
144278,6-1-3,1099
144278,1-2-5,57
144278,2-1-5,83.5
144278,3-1-5,603.3
144278,4-1-5,51
144278,5-1-4,854.7
144278,6-1-4,314.8
144278,1-2-6,22.9
144278,2-1-6,32.5
144278,3-1-6,444.3
144278,4-1-6,32.2
144278,5-1-6,984.7
144278,6-1-5,1431
144278,1-3-2,36.9
144278,2-3-1,95.3
144278,3-2-1,218.6
144278,4-2-1,19.4
144278,5-2-1,1619
144278,6-2-1,414.4
144278,1-3-4,40
144278,2-3-4,96
144278,3-2-4,207.2
144278,4-2-3,102.6
144278,5-2-3,2051
144278,6-2-3,1070
144278,1-3-5,115.7
144278,2-3-5,418.6
144278,3-2-5,699.3
144278,4-2-5,53.6
144278,5-2-4,1017
144278,6-2-4,272.9
144278,1-3-6,94
144278,2-3-6,170
144278,3-2-6,355.7
144278,4-2-6,29.4
144278,5-2-6,1367
144278,6-2-5,1538
144278,1-4-2,9.8
144278,2-4-1,25.1
144278,3-4-1,243.7
144278,4-3-1,210.4
144278,5-3-1,2051
144278,6-3-1,2086
144278,1-4-3,36.6
144278,2-4-3,72.7
144278,3-4-2,189.3
144278,4-3-2,166.3
144278,5-3-2,2930
144278,6-3-2,1837
144278,1-4-5,58.2
144278,2-4-5,115.2
144278,3-4-5,600.4
144278,4-3-5,425.9
144278,5-3-4,3326
144278,6-3-4,1686
144278,1-4-6,24.7
144278,2-4-6,43.2
144278,3-4-6,287.5
144278,4-3-6,204.8
144278,5-3-6,2862
144278,6-3-5,3239
144278,1-5-2,243.2
144278,2-5-1,392
144278,3-5-1,976.9
144278,4-5-1,80.2
144278,5-4-1,591.7
144278,6-4-1,315.6
144278,1-5-3,266.4
144278,2-5-3,764.5
144278,3-5-2,1282
144278,4-5-2,76.4
144278,5-4-2,569.8
144278,6-4-2,243.2
144278,1-5-4,233.5
144278,2-5-4,399.6
144278,3-5-4,1465
144278,4-5-3,482.7
144278,5-4-3,2413
144278,6-4-3,1043
144278,1-5-6,254.3
144278,2-5-6,462.7
144278,3-5-6,1448
144278,4-5-6,111.2
144278,5-4-6,532.8
144278,6-4-5,815.1
144278,1-6-2,83.7
144278,2-6-1,132.4
144278,3-6-1,932.5
144278,4-6-1,50.2
144278,5-6-1,1465
144278,6-5-1,1501
144278,1-6-3,224.6
144278,2-6-3,403.5
144278,3-6-2,1183
144278,4-6-2,43.2
144278,5-6-2,1414
144278,6-5-2,2017
144278,1-6-4,82.2
144278,2-6-4,118.9
144278,3-6-4,1108
144278,4-6-3,246.6
144278,5-6-3,2512
144278,6-5-3,3326
144278,1-6-5,284.9
144278,2-6-5,469.8
144278,3-6-5,2238
144278,4-6-5,129.2
144278,5-6-4,1139
144278,6-5-4,1686
144279,1-2-3,5.9
144279,2-1-3,10.8
144279,3-1-2,49.3
144279,4-1-2,89.1
144279,5-1-2,411
144279,6-1-2,459.3
144279,1-2-4,7.1
144279,2-1-4,11.7
144279,3-1-4,72.5
144279,4-1-3,151.2
144279,5-1-3,570.1
144279,6-1-3,866
144279,1-2-5,42.8
144279,2-1-5,59.8
144279,3-1-5,189.7
144279,4-1-5,222.4
144279,5-1-4,340.6
144279,6-1-4,349
144279,1-2-6,22.2
144279,2-1-6,35.1
144279,3-1-6,148.8
144279,4-1-6,146.1
144279,5-1-6,279.4
144279,6-1-5,451.9
144279,1-3-2,15.6
144279,2-3-1,30.8
144279,3-2-1,64.6
144279,4-2-1,113.6
144279,5-2-1,495.4
144279,6-2-1,466.8
144279,1-3-4,24
144279,2-3-4,50.8
144279,3-2-4,84
144279,4-2-3,205.9
144279,5-2-3,761.4
144279,6-2-3,961.4
144279,1-3-5,66.2
144279,2-3-5,245
144279,3-2-5,399.4
144279,4-2-5,426.5
144279,5-2-4,804.6
144279,6-2-4,633.8
144279,1-3-6,56.3
144279,2-3-6,125.3
144279,3-2-6,211.2
144279,4-2-6,218.5
144279,5-2-6,464.9
144279,6-2-5,1012
144279,1-4-2,21.4
144279,2-4-1,41.8
144279,3-4-1,128.4
144279,4-3-1,231
144279,5-3-1,756.3
144279,6-3-1,1400
144279,1-4-3,40.4
144279,2-4-3,72
144279,3-4-2,129.9
144279,4-3-2,243.4
144279,5-3-2,822.1
144279,6-3-2,1274
144279,1-4-5,80.6
144279,2-4-5,284.3
144279,3-4-5,323.2
144279,4-3-5,461.1
144279,5-3-4,945.4
144279,6-3-4,515.6
144279,1-4-6,48.6
144279,2-4-6,102.8
144279,3-4-6,148.4
144279,4-3-6,194.2
144279,5-3-6,727.2
144279,6-3-5,1319
144279,1-5-2,137.5
144279,2-5-1,176.7
144279,3-5-1,409.5
144279,4-5-1,268.2
144279,5-4-1,296.2
144279,6-4-1,365.9
144279,1-5-3,218.1
144279,2-5-3,570.1
144279,3-5-2,558.8
144279,4-5-2,439.7
144279,5-4-2,922.3
144279,6-4-2,597.1
144279,1-5-4,174.8
144279,2-5-4,603.4
144279,3-5-4,489
144279,4-5-3,497.5
144279,5-4-3,1022
144279,6-4-3,486.9
144279,1-5-6,149.6
144279,2-5-6,384.5
144279,3-5-6,537.6
144279,4-5-6,249.3
144279,5-4-6,380.7
144279,6-4-5,468.8
144279,1-6-2,95.4
144279,2-6-1,127.9
144279,3-6-1,395.2
144279,4-6-1,224.6
144279,5-6-1,287.9
144279,6-5-1,421.7
144279,1-6-3,212.4
144279,2-6-3,326
144279,3-6-2,364.7
144279,4-6-2,267.5
144279,5-6-2,417
144279,6-5-2,922.3
144279,1-6-4,106.4
144279,2-6-4,193.2
144279,3-6-4,274.6
144279,4-6-3,326
144279,5-6-3,593.9
144279,6-5-3,1101
144279,1-6-5,152.6
144279,2-6-5,443.1
144279,3-6-5,756.3
144279,4-6-5,291.6
144279,5-6-4,339.6
144279,6-5-4,439.7
144280,1-2-3,6.5
144280,2-1-3,43
144280,3-1-2,135
144280,4-1-2,111.6
144280,5-1-2,149.7
144280,6-1-2,492.1
144280,1-2-4,5.8
144280,2-1-4,47.7
144280,3-1-4,165.9
144280,4-1-3,238.6
144280,5-1-3,269
144280,6-1-3,950.7
144280,1-2-5,11.8
144280,2-1-5,75.9
144280,3-1-5,228.8
144280,4-1-5,186.1
144280,5-1-4,205.3
144280,6-1-4,563.3
144280,1-2-6,15.1
144280,2-1-6,78.9
144280,3-1-6,326.1
144280,4-1-6,206.3
144280,5-1-6,198.4
144280,6-1-5,646
144280,1-3-2,12.6
144280,2-3-1,154.3
144280,3-2-1,238
144280,4-2-1,219
144280,5-2-1,323
144280,6-2-1,934.7
144280,1-3-4,15.3
144280,2-3-4,319.3
144280,3-2-4,319.3
144280,4-2-3,557.7
144280,5-2-3,771
144280,6-2-3,1578
144280,1-3-5,24.9
144280,2-3-5,468.6
144280,3-2-5,470
144280,4-2-5,552.2
144280,5-2-4,550.4
144280,6-2-4,1248
144280,1-3-6,40.4
144280,2-3-6,418.3
144280,3-2-6,554
144280,4-2-6,700
144280,5-2-6,576.9
144280,6-2-5,1690
144280,1-4-2,10.1
144280,2-4-1,160.1
144280,3-4-1,363.7
144280,4-3-1,467.3
144280,5-3-1,636.2
144280,6-3-1,1454
144280,1-4-3,20.2
144280,2-4-3,448.5
144280,3-4-2,531.1
144280,4-3-2,721.2
144280,5-3-2,914.3
144280,6-3-2,1761
144280,1-4-5,27.7
144280,2-4-5,567.1
144280,3-4-5,824.2
144280,4-3-5,1072
144280,5-3-4,1161
144280,6-3-4,1799
144280,1-4-6,29.9
144280,2-4-6,567.1
144280,3-4-6,757.1
144280,4-3-6,929.5
144280,5-3-6,990
144280,6-3-5,1838
144280,1-5-2,26.9
144280,2-5-1,245.7
144280,3-5-1,493.5
144280,4-5-1,282.1
144280,5-4-1,316.3
144280,6-4-1,648.5
144280,1-5-3,42
144280,2-5-3,680.1
144280,3-5-2,724.3
144280,4-5-2,480.8
144280,5-4-2,554
144280,6-4-2,990
144280,1-5-4,49.3
144280,2-5-4,615.1
144280,3-5-4,899.5
144280,4-5-3,862.4
144280,5-4-3,1115
144280,6-4-3,1761
144280,1-5-6,44.7
144280,2-5-6,804.4
144280,3-5-6,1100
144280,4-5-6,399.3
144280,5-4-6,489.2
144280,6-4-5,1146
144280,1-6-2,61.5
144280,2-6-1,416.2
144280,3-6-1,816.2
144280,4-6-1,346.4
144280,5-6-1,359.8
144280,6-5-1,781.8
144280,1-6-3,103.6
144280,2-6-3,876
144280,3-6-2,1507
144280,4-6-2,638.6
144280,5-6-2,482.2
144280,6-5-2,1327
144280,1-6-4,98.6
144280,2-6-4,789.2
144280,3-6-4,1093
144280,4-6-3,929.5
144280,5-6-3,712
144280,6-5-3,1467
144280,1-6-5,95.2
144280,2-6-5,1130
144280,3-6-5,1430
144280,4-6-5,545
144280,5-6-4,496.5
144280,6-5-4,1161
144233,1-2-3,29
144233,2-1-3,104.3
144233,3-1-2,51.2
144233,4-1-2,139.2
144233,5-1-2,54.5
144233,6-1-2,886.8
144233,1-2-4,50.5
144233,2-1-4,162.8
144233,3-1-4,20.1
144233,4-1-3,74.3
144233,5-1-3,26.8
144233,6-1-3,835.4
144233,1-2-5,54.6
144233,2-1-5,161
144233,3-1-5,17.9
144233,4-1-5,78.5
144233,5-1-4,47.8
144233,6-1-4,945
144233,1-2-6,396.1
144233,2-1-6,977
144233,3-1-6,201.2
144233,4-1-6,401.7
144233,5-1-6,80.9
144233,6-1-5,739
144233,1-3-2,23.6
144233,2-3-1,147.2
144233,3-2-1,92.3
144233,4-2-1,183
144233,5-2-1,91.5
144233,6-2-1,1325
144233,1-3-4,12.9
144233,2-3-4,148.9
144233,3-2-4,92.2
144233,4-2-3,155.1
144233,5-2-3,85.1
144233,6-2-3,1647
144233,1-3-5,11.3
144233,2-3-5,144.6
144233,3-2-5,92
144233,4-2-5,172.5
144233,5-2-4,131.6
144233,6-2-4,1746
144233,1-3-6,194.7
144233,2-3-6,945
144233,3-2-6,576.4
144233,4-2-6,835.4
144233,5-2-6,190.5
144233,6-2-5,1130
144233,1-4-2,54.7
144233,2-4-1,227.8
144233,3-4-1,32.5
144233,4-3-1,70.6
144233,5-3-1,35.2
144233,6-3-1,1077
144233,1-4-3,25.6
144233,2-4-3,147.4
144233,3-4-2,72.8
144233,4-3-2,130.4
144233,5-3-2,61.9
144233,6-3-2,1478
144233,1-4-5,30.9
144233,2-4-5,250.6
144233,3-4-5,26.1
144233,4-3-5,60.5
144233,5-3-4,43.9
144233,6-3-4,1029
144233,1-4-6,262.6
144233,2-4-6,1029
144233,3-4-6,220.8
144233,4-3-6,369.5
144233,5-3-6,99.7
144233,6-3-5,743.8
144233,1-5-2,57.1
144233,2-5-1,244.7
144233,3-5-1,30.7
144233,4-5-1,80.5
144233,5-4-1,81.6
144233,6-4-1,1859
144233,1-5-3,22.1
144233,2-5-3,185
144233,3-5-2,62.3
144233,4-5-2,134.3
144233,5-4-2,141.2
144233,6-4-2,1987
144233,1-5-4,39.2
144233,2-5-4,263.2
144233,3-5-4,30
144233,4-5-3,63.5
144233,5-4-3,59.2
144233,6-4-3,1356
144233,1-5-6,136.1
144233,2-5-6,763.5
144233,3-5-6,131.1
144233,4-5-6,231
144233,5-4-6,190.5
144233,6-4-5,1011
144233,1-6-2,929.7
144233,2-6-1,2401
144233,3-6-1,702.9
144233,4-6-1,1098
144233,5-6-1,144.8
144233,6-5-1,538.7
144233,1-6-3,565.1
144233,2-6-3,1773
144233,3-6-2,1029
144233,4-6-2,1356
144233,5-6-2,186.8
144233,6-5-2,655
144233,1-6-4,748.6
144233,2-6-4,1746
144233,3-6-4,711.6
144233,4-6-3,985.3
144233,5-6-3,148.3
144233,6-5-3,588.2
144233,1-6-5,507.8
144233,2-6-5,1497
144233,3-6-5,510.1
144233,4-6-5,758.4
144233,5-6-4,241.7
144233,6-5-4,582.2
144234,1-2-3,8.5
144234,2-1-3,18.5
144234,3-1-2,134.2
144234,4-1-2,18.2
144234,5-1-2,175.9
144234,6-1-2,423.9
144234,1-2-4,4.7
144234,2-1-4,12.8
144234,3-1-4,178.3
144234,4-1-3,122.3
144234,5-1-3,307.8
144234,6-1-3,766.5
144234,1-2-5,61.3
144234,2-1-5,108.4
144234,3-1-5,399.1
144234,4-1-5,161.4
144234,5-1-4,295.2
144234,6-1-4,587.5
144234,1-2-6,28.1
144234,2-1-6,46.4
144234,3-1-6,370.9
144234,4-1-6,99.1
144234,5-1-6,324.2
144234,6-1-5,1244
144234,1-3-2,21.2
144234,2-3-1,59.5
144234,3-2-1,132.2
144234,4-2-1,25.1
144234,5-2-1,198.1
144234,6-2-1,446.8
144234,1-3-4,33.1
144234,2-3-4,63.5
144234,3-2-4,156.1
144234,4-2-3,121.8
144234,5-2-3,271.6
144234,6-2-3,593.5
144234,1-3-5,137.2
144234,2-3-5,274.9
144234,3-2-5,553.7
144234,4-2-5,126.9
144234,5-2-4,240.1
144234,6-2-4,435.1
144234,1-3-6,73.7
144234,2-3-6,103.8
144234,3-2-6,317.1
144234,4-2-6,80.8
144234,5-2-6,347.5
144234,6-2-5,1123
144234,1-4-2,8
144234,2-4-1,33.8
144234,3-4-1,299.8
144234,4-3-1,302.1
144234,5-3-1,622.2
144234,6-3-1,1394
144234,1-4-3,39.2
144234,2-4-3,63.6
144234,3-4-2,201.2
144234,4-3-2,204.1
144234,5-3-2,535.8
144234,6-3-2,876.8
144234,1-4-5,92.8
144234,2-4-5,213.1
144234,3-4-5,1271
144234,4-3-5,803.7
144234,5-3-4,751.5
144234,6-3-4,1315
144234,1-4-6,57.9
144234,2-4-6,71.8
144234,3-4-6,472.4
144234,4-3-6,381.9
144234,5-3-6,863.7
144234,6-3-5,1653
144234,1-5-2,120.8
144234,2-5-1,267.9
144234,3-5-1,1231
144234,4-5-1,259.5
144234,5-4-1,533.3
144234,6-4-1,596.6
144234,1-5-3,311.1
144234,2-5-3,403.2
144234,3-5-2,1123
144234,4-5-2,194.8
144234,5-4-2,413.3
144234,6-4-2,406.1
144234,1-5-4,163.7
144234,2-5-4,378.2
144234,3-5-4,1483
144234,4-5-3,605.9
144234,5-4-3,1052
144234,6-4-3,948.7
144234,1-5-6,269.7
144234,2-5-6,414.8
144234,3-5-6,1503
144234,4-5-6,213.9
144234,5-4-6,629
144234,6-4-5,863.7
144234,1-6-2,101.8
144234,2-6-1,176.9
144234,3-6-1,737.2
144234,4-6-1,137.7
144234,5-6-1,665.1
144234,6-5-1,1866
144234,1-6-3,177.5
144234,2-6-3,198.8
144234,3-6-2,516.7
144234,4-6-2,118.1
144234,5-6-2,535.8
144234,6-5-2,1465
144234,1-6-4,145.2
144234,2-6-4,170.2
144234,3-6-4,876.8
144234,4-6-3,319.7
144234,5-6-3,844.8
144234,6-5-3,2269
144234,1-6-5,535.8
144234,2-6-5,530.9
144234,3-6-5,1630
144234,4-6-5,251.6
144234,5-6-4,918.5
144234,6-5-4,1315
144235,1-2-3,49.7
144235,2-1-3,138.1
144235,3-1-2,182.7
144235,4-1-2,380.3
144235,5-1-2,18.9
144235,6-1-2,676.8
144235,1-2-4,120.6
144235,2-1-4,270.7
144235,3-1-4,145.3
144235,4-1-3,362.7
144235,5-1-3,15.2
144235,6-1-3,518
144235,1-2-5,31.1
144235,2-1-5,98.2
144235,3-1-5,63.2
144235,4-1-5,165.4
144235,5-1-4,29.8
144235,6-1-4,452.8
144235,1-2-6,119.5
144235,2-1-6,253.2
144235,3-1-6,140.1
144235,4-1-6,209.1
144235,5-1-6,16.3
144235,6-1-5,180
144235,1-3-2,71.5
144235,2-3-1,226.8
144235,3-2-1,215.1
144235,4-2-1,501.5
144235,5-2-1,34.9
144235,6-2-1,999.1
144235,1-3-4,87.7
144235,2-3-4,318.7
144235,3-2-4,323.6
144235,4-2-3,552.1
144235,5-2-3,45.2
144235,6-2-3,680.4
144235,1-3-5,26
144235,2-3-5,181.1
144235,3-2-5,185.9
144235,4-2-5,354.6
144235,5-2-4,67.3
144235,6-2-4,758.3
144235,1-3-6,91.4
144235,2-3-6,295.5
144235,3-2-6,268.9
144235,4-2-6,461.1
144235,5-2-6,44.1
144235,6-2-5,537.9
144235,1-4-2,168.3
144235,2-4-1,491.7
144235,3-4-1,228.8
144235,4-3-1,395.8
144235,5-3-1,39.2
144235,6-3-1,699.3
144235,1-4-3,154.8
144235,2-4-3,526.7
144235,3-4-2,379.1
144235,4-3-2,569.6
144235,5-3-2,59.4
144235,6-3-2,925.6
144235,1-4-5,92.5
144235,2-4-5,364.8
144235,3-4-5,127.6
144235,4-3-5,250.7
144235,5-3-4,59.2
144235,6-3-4,533.4
144235,1-4-6,125.2
144235,2-4-6,531.1
144235,3-4-6,125.7
144235,4-3-6,232.2
144235,5-3-6,26.1
144235,6-3-5,305.5
144235,1-5-2,17.2
144235,2-5-1,100.1
144235,3-5-1,75.1
144235,4-5-1,143.5
144235,5-4-1,84.7
144235,6-4-1,423.8
144235,1-5-3,13.9
144235,2-5-3,119.8
144235,3-5-2,119.6
144235,4-5-2,238.8
144235,5-4-2,104.2
144235,6-4-2,833.7
144235,1-5-4,31.5
144235,2-5-4,194.2
144235,3-5-4,106.9
144235,4-5-3,215.1
144235,5-4-3,79.1
144235,6-4-3,482.3
144235,1-5-6,15.7
144235,2-5-6,134.6
144235,3-5-6,69.5
144235,4-5-6,93.3
144235,5-4-6,37
144235,6-4-5,188.1
144235,1-6-2,228.4
144235,2-6-1,629.4
144235,3-6-1,251.2
144235,4-6-1,195.7
144235,5-6-1,53.7
144235,6-5-1,178.3
144235,1-6-3,176.5
144235,2-6-3,655.6
144235,3-6-2,395.8
144235,4-6-2,340.2
144235,5-6-2,62.4
144235,6-5-2,249.2
144235,1-6-4,176
144235,2-6-4,719.3
144235,3-6-4,192.7
144235,4-6-3,279.1
144235,5-6-3,43.6
144235,6-5-3,191.3
144235,1-6-5,66.7
144235,2-6-5,339.3
144235,3-6-5,144.7
144235,4-6-5,112.7
144235,5-6-4,56.4
144235,6-5-4,172.9
144236,1-2-3,5
144236,2-1-3,120.1
144236,3-1-2,110
144236,4-1-2,206.5
144236,5-1-2,1513
144236,6-1-2,291.7
144236,1-2-4,6.6
144236,2-1-4,159.8
144236,3-1-4,85
144236,4-1-3,228.9
144236,5-1-3,1403
144236,6-1-3,348.4
144236,1-2-5,35.4
144236,2-1-5,395.3
144236,3-1-5,249
144236,4-1-5,335.1
144236,5-1-4,905.2
144236,6-1-4,408.7
144236,1-2-6,14.6
144236,2-1-6,239.1
144236,3-1-6,235.6
144236,4-1-6,248.3
144236,5-1-6,1862
144236,6-1-5,1364
144236,1-3-2,6.9
144236,2-3-1,310.4
144236,3-2-1,217.6
144236,4-2-1,456.9
144236,5-2-1,2017
144236,6-2-1,566.4
144236,1-3-4,5.7
144236,2-3-4,544.1
144236,3-2-4,428.5
144236,4-2-3,672.6
144236,5-2-3,3026
144236,6-2-3,1537
144236,1-3-5,30.1
144236,2-3-5,1126
144236,3-2-5,1226
144236,4-2-5,1167
144236,5-2-4,1614
144236,6-2-4,998.5
144236,1-3-6,17.4
144236,2-3-6,949.6
144236,3-2-6,978.4
144236,4-2-6,1019
144236,5-2-6,2483
144236,6-2-5,2017
144236,1-4-2,12.9
144236,2-4-1,419.3
144236,3-4-1,242.1
144236,4-3-1,419.3
144236,5-3-1,2152
144236,6-3-1,905.2
144236,1-4-3,14.1
144236,2-4-3,781.1
144236,3-4-2,489.2
144236,4-3-2,807.1
144236,5-3-2,2617
144236,6-3-2,1862
144236,1-4-5,44.7
144236,2-4-5,872.6
144236,3-4-5,707
144236,4-3-5,1274
144236,5-3-4,2549
144236,6-3-4,1641
144236,1-4-6,23.2
144236,2-4-6,1139
144236,3-4-6,896.8
144236,4-3-6,1345
144236,5-3-6,2767
144236,6-3-5,2201
144236,1-5-2,127.4
144236,2-5-1,1195
144236,3-5-1,1257
144236,4-5-1,576.5
144236,5-4-1,1364
144236,6-4-1,872.6
144236,1-5-3,129.4
144236,2-5-3,1862
144236,3-5-2,1827
144236,4-5-2,1019
144236,5-4-2,1587
144236,6-4-2,1210
144236,1-5-4,134.9
144236,2-5-4,1445
144236,3-5-4,1445
144236,4-5-3,1614
144236,5-4-3,2060
144236,6-4-3,2017
144236,1-5-6,124.8
144236,2-5-6,2152
144236,3-5-6,2252
144236,4-5-6,988.4
144236,5-4-6,2767
144236,6-4-5,1937
144236,1-6-2,40.1
144236,2-6-1,609.2
144236,3-6-1,628.9
144236,4-6-1,517.9
144236,5-6-1,2060
144236,6-5-1,2306
144236,1-6-3,41.6
144236,2-6-3,1490
144236,3-6-2,1210
144236,4-6-2,905.2
144236,5-6-2,3725
144236,6-5-2,2617
144236,1-6-4,50.2
144236,2-6-4,1383
144236,3-6-4,1226
144236,4-6-3,1467
144236,5-6-3,4035
144236,6-5-3,2617
144236,1-6-5,140.9
144236,2-6-5,2252
144236,3-6-5,1641
144236,4-6-5,1274
144236,5-6-4,2690
144236,6-5-4,2362
144237,1-2-3,38.4
144237,2-1-3,104.5
144237,3-1-2,32.7
144237,4-1-2,200.9
144237,5-1-2,360.1
144237,6-1-2,1298
144237,1-2-4,50.2
144237,2-1-4,118.5
144237,3-1-4,11.4
144237,4-1-3,63.1
144237,5-1-3,177.2
144237,6-1-3,1452
144237,1-2-5,104.7
144237,2-1-5,194.3
144237,3-1-5,18.4
144237,4-1-5,90
144237,5-1-4,202.1
144237,6-1-4,1216
144237,1-2-6,207.4
144237,2-1-6,511.5
144237,3-1-6,53.2
144237,4-1-6,156.2
144237,5-1-6,362
144237,6-1-5,1350
144237,1-3-2,24.9
144237,2-3-1,156.2
144237,3-2-1,72.4
144237,4-2-1,383.6
144237,5-2-1,762.9
144237,6-2-1,1626
144237,1-3-4,13.2
144237,2-3-4,90.8
144237,3-2-4,34.7
144237,4-2-3,197.7
144237,5-2-3,432.8
144237,6-2-3,1626
144237,1-3-5,21.8
144237,2-3-5,149.2
144237,3-2-5,70.9
144237,4-2-5,326.9
144237,5-2-4,562.6
144237,6-2-4,1552
144237,1-3-6,72.7
144237,2-3-6,366.9
144237,3-2-6,108.5
144237,4-2-6,376.1
144237,5-2-6,794.3
144237,6-2-5,2077
144237,1-4-2,53.7
144237,2-4-1,267.4
144237,3-4-1,18.8
144237,4-3-1,55.5
144237,5-3-1,155.5
144237,6-3-1,1377
144237,1-4-3,23.5
144237,2-4-3,172.2
144237,3-4-2,32.2
144237,4-3-2,107.8
144237,5-3-2,217.1
144237,6-3-2,1311
144237,1-4-5,44.6
144237,2-4-5,303.4
144237,3-4-5,10.9
144237,4-3-5,35
144237,5-3-4,78
144237,6-3-4,535.8
144237,1-4-6,129.9
144237,2-4-6,484
144237,3-4-6,25.2
144237,4-3-6,66.3
144237,5-3-6,214.3
144237,6-3-5,1000
144237,1-5-2,137.5
144237,2-5-1,587.1
144237,3-5-1,42.3
144237,4-5-1,103.8
144237,5-4-1,231.6
144237,6-4-1,1154
144237,1-5-3,71.4
144237,2-5-3,415.5
144237,3-5-2,59.4
144237,4-5-2,202.1
144237,5-4-2,388
144237,6-4-2,1534
144237,1-5-4,103.5
144237,2-5-4,475.4
144237,3-5-4,20.1
144237,4-5-3,51.6
144237,5-4-3,95.1
144237,6-4-3,668.5
144237,1-5-6,248.2
144237,2-5-6,957.7
144237,3-5-6,47.2
144237,4-5-6,101.7
144237,5-4-6,246.8
144237,6-4-5,1023
144237,1-6-2,465.6
144237,2-6-1,1097
144237,3-6-1,206.7
144237,4-6-1,414.2
144237,5-6-1,722.1
144237,6-5-1,1238
144237,1-6-3,310.4
144237,2-6-3,1038
144237,3-6-2,201.2
144237,4-6-2,477.1
144237,5-6-2,871.2
144237,6-5-2,1957
144237,1-6-4,348.9
144237,2-6-4,1030
144237,3-6-4,102.5
144237,4-6-3,196.2
144237,5-6-3,643
144237,6-5-3,1392
144237,1-6-5,517.3
144237,2-6-5,1687
144237,3-6-5,151.5
144237,4-6-5,318.4
144237,5-6-4,503.8
144237,6-5-4,1071
144238,1-2-3,11.2
144238,2-1-3,16.8
144238,3-1-2,31.3
144238,4-1-2,227.2
144238,5-1-2,1430
144238,6-1-2,47.5
144238,1-2-4,75
144238,2-1-4,107.6
144238,3-1-4,94.4
144238,4-1-3,244.7
144238,5-1-3,1914
144238,6-1-3,46.5
144238,1-2-5,233.7
144238,2-1-5,270.1
144238,3-1-5,269.5
144238,4-1-5,851
144238,5-1-4,1914
144238,6-1-4,125.5
144238,1-2-6,16.2
144238,2-1-6,23.6
144238,3-1-6,24.9
144238,4-1-6,260.9
144238,5-1-6,1808
144238,6-1-5,452.1
144238,1-3-2,13.8
144238,2-3-1,24.7
144238,3-2-1,35.6
144238,4-2-1,264.1
144238,5-2-1,1479
144238,6-2-1,56.9
144238,1-3-4,62
144238,2-3-4,83
144238,3-2-4,104.4
144238,4-2-3,229.6
144238,5-2-3,2100
144238,6-2-3,46.7
144238,1-3-5,183.3
144238,2-3-5,208.6
144238,3-2-5,288.7
144238,4-2-5,813.7
144238,5-2-4,2456
144238,6-2-4,128.4
144238,1-3-6,13.2
144238,2-3-6,15.4
144238,3-2-6,24.5
144238,4-2-6,247.5
144238,5-2-6,1430
144238,6-2-5,489.4
144238,1-4-2,179.3
144238,2-4-1,283.6
144238,3-4-1,196.6
144238,4-3-1,265.1
144238,5-3-1,1627
144238,6-3-1,44.9
144238,1-4-3,182.1
144238,2-4-3,246.6
144238,3-4-2,175
144238,4-3-2,268.4
144238,5-3-2,2284
144238,6-3-2,40.9
144238,1-4-5,614.1
144238,2-4-5,1122
144238,3-4-5,506.6
144238,4-3-5,808.7
144238,5-3-4,3175
144238,6-3-4,93.6
144238,1-4-6,185.7
144238,2-4-6,221
144238,3-4-6,134.2
144238,4-3-6,206.6
144238,5-3-6,1759
144238,6-3-5,362.6
144238,1-5-2,813.7
144238,2-5-1,1067
144238,3-5-1,1132
144238,4-5-1,1251
144238,5-4-1,2134
144238,6-4-1,187.8
144238,1-5-3,856.6
144238,2-5-3,964.4
144238,3-5-2,1058
144238,4-5-2,1302
144238,5-4-2,2456
144238,6-4-2,148.1
144238,1-5-4,1183
144238,2-5-4,1289
144238,3-5-4,1085
144238,4-5-3,1076
144238,5-4-3,3519
144238,6-4-3,135.2
144238,1-5-6,1058
144238,2-5-6,957.3
144238,3-5-6,731.4
144238,4-5-6,943.5
144238,5-4-6,1531
144238,6-4-5,489.4
144238,1-6-2,21.4
144238,2-6-1,42.3
144238,3-6-1,26.8
144238,4-6-1,207.6
144238,5-6-1,1713
144238,6-5-1,748.3
144238,1-6-3,23.2
144238,2-6-3,28.3
144238,3-6-2,22.8
144238,4-6-2,183.6
144238,5-6-2,1627
144238,6-5-2,1205
144238,1-6-4,120.6
144238,2-6-4,129.1
144238,3-6-4,71.1
144238,4-6-3,190.9
144238,5-6-3,1972
144238,6-5-3,1385
144238,1-6-5,373
144238,2-6-5,369.9
144238,3-6-5,228
144238,4-6-5,597.2
144238,5-6-4,1550
144238,6-5-4,808.7
144239,1-2-3,19
144239,2-1-3,23.8
144239,3-1-2,141.8
144239,4-1-2,134.9
144239,5-1-2,79.3
144239,6-1-2,149.7
144239,1-2-4,21.5
144239,2-1-4,28.6
144239,3-1-4,358.1
144239,4-1-3,465.2
144239,5-1-3,329
144239,6-1-3,741.9
144239,1-2-5,9.8
144239,2-1-5,11.3
144239,3-1-5,226.5
144239,4-1-5,146.2
144239,5-1-4,207.1
144239,6-1-4,537.9
144239,1-2-6,12.9
144239,2-1-6,13.4
144239,3-1-6,297.1
144239,4-1-6,101.1
144239,5-1-6,88.7
144239,6-1-5,297.1
144239,1-3-2,47.9
144239,2-3-1,92.7
144239,3-2-1,193
144239,4-2-1,137.4
144239,5-2-1,88.6
144239,6-2-1,140.6
144239,1-3-4,143.1
144239,2-3-4,209.4
144239,3-2-4,421.9
144239,4-2-3,485.1
144239,5-2-3,225.6
144239,6-2-3,396.9
144239,1-3-5,91.7
144239,2-3-5,89.8
144239,3-2-5,232.6
144239,4-2-5,124.7
144239,5-2-4,209.4
144239,6-2-4,421.9
144239,1-3-6,121.1
144239,2-3-6,110.2
144239,3-2-6,262.7
144239,4-2-6,91.3
144239,5-2-6,67.7
144239,6-2-5,144.9
144239,1-4-2,57.5
144239,2-4-1,97.2
144239,3-4-1,545.7
144239,4-3-1,659.9
144239,5-3-1,540.5
144239,6-3-1,1335
144239,1-4-3,150.7
144239,2-4-3,266.4
144239,3-4-2,525.5
144239,4-3-2,687.9
144239,5-3-2,463.3
144239,6-3-2,679.7
144239,1-4-5,82.3
144239,2-4-5,95.9
144239,3-4-5,847.1
144239,4-3-5,866.5
144239,5-3-4,1261
144239,6-3-4,1860
144239,1-4-6,64.3
144239,2-4-6,98.7
144239,3-4-6,945.9
144239,4-3-6,582.1
144239,5-3-6,459.5
144239,6-3-5,1384
144239,1-5-2,23.9
144239,2-5-1,29.7
144239,3-5-1,378.3
144239,4-5-1,136.1
144239,5-4-1,217.8
144239,6-4-1,634.1
144239,1-5-3,81.1
144239,2-5-3,80.7
144239,3-5-2,355.8
144239,4-5-2,125.2
144239,5-4-2,190.4
144239,6-4-2,446.9
144239,1-5-4,81.8
144239,2-5-4,93.2
144239,3-5-4,741.9
144239,4-5-3,506.7
144239,5-4-3,886.8
144239,6-4-3,1830
144239,1-5-6,37.6
144239,2-5-6,26.6
144239,3-5-6,476.9
144239,4-5-6,77.2
144239,5-4-6,117.1
144239,6-4-5,391.4
144239,1-6-2,43.4
144239,2-6-1,40.6
144239,3-6-1,641.3
144239,4-6-1,145.5
144239,5-6-1,130.6
144239,6-5-1,283
144239,1-6-3,162.6
144239,2-6-3,106.2
144239,3-6-2,543.1
144239,4-6-2,124.4
144239,5-6-2,99.6
144239,6-5-2,138.6
144239,1-6-4,129.5
144239,2-6-4,128.9
144239,3-6-4,1060
144239,4-6-3,576.2
144239,5-6-3,414.2
144239,6-5-3,816.6
144239,1-6-5,72.5
144239,2-6-5,41.7
144239,3-6-5,767
144239,4-6-5,130.6
144239,5-6-4,222.1
144239,6-5-4,337.8
144240,1-2-3,36.6
144240,2-1-3,80.4
144240,3-1-2,28.4
144240,4-1-2,51.1
144240,5-1-2,881.8
144240,6-1-2,1492
144240,1-2-4,34.2
144240,2-1-4,68.6
144240,3-1-4,11.2
144240,4-1-3,24
144240,5-1-3,780.7
144240,6-1-3,2154
144240,1-2-5,179.3
144240,2-1-5,272.3
144240,3-1-5,79.6
144240,4-1-5,52.9
144240,5-1-4,571.1
144240,6-1-4,1242
144240,1-2-6,221.6
144240,2-1-6,339
144240,3-1-6,96.7
144240,4-1-6,73.2
144240,5-1-6,830.2
144240,6-1-5,2210
144240,1-3-2,29.3
144240,2-3-1,90
144240,3-2-1,47.6
144240,4-2-1,93.2
144240,5-2-1,1037
144240,6-2-1,2466
144240,1-3-4,15.8
144240,2-3-4,33.8
144240,3-2-4,17.8
144240,4-2-3,52.8
144240,5-2-3,945.5
144240,6-2-3,2050
144240,1-3-5,100.4
144240,2-3-5,78.7
144240,3-2-5,61.8
144240,4-2-5,85.9
144240,5-2-4,586.8
144240,6-2-4,1395
144240,1-3-6,160.5
144240,2-3-6,99.7
144240,3-2-6,77.9
144240,4-2-6,109.7
144240,5-2-6,830.2
144240,6-2-5,2026
144240,1-4-2,30.3
144240,2-4-1,98.2
144240,3-4-1,19.4
144240,4-3-1,28
144240,5-3-1,940.2
144240,6-3-1,2299
144240,1-4-3,15.3
144240,2-4-3,42.3
144240,3-4-2,18.2
144240,4-3-2,40
144240,5-3-2,826.1
144240,6-3-2,1810
144240,1-4-5,66.7
144240,2-4-5,99.9
144240,3-4-5,29.2
144240,4-3-5,36.8
144240,5-3-4,400.4
144240,6-3-4,834.2
144240,1-4-6,93.4
144240,2-4-6,130.7
144240,3-4-6,42.4
144240,4-3-6,55.4
144240,5-3-6,989.4
144240,6-3-5,2026
144240,1-5-2,356
144240,2-5-1,503.5
144240,3-5-1,204.5
144240,4-5-1,69.7
144240,5-4-1,393.9
144240,6-4-1,1084
144240,1-5-3,236
144240,2-5-3,278
144240,3-5-2,156.5
144240,4-5-2,79.7
144240,5-4-2,417.1
144240,6-4-2,1070
144240,1-5-4,222.1
144240,2-5-4,229.9
144240,3-5-4,89
144240,4-5-3,58.7
144240,5-4-3,297
144240,6-4-3,877.2
144240,1-5-6,490.4
144240,2-5-6,465
144240,3-5-6,216.5
144240,4-5-6,58.4
144240,5-4-6,383.3
144240,6-4-5,886.4
144240,1-6-2,649.5
144240,2-6-1,1127
144240,3-6-1,428.6
144240,4-6-1,130.3
144240,5-6-1,1561
144240,6-5-1,2540
144240,1-6-3,554.3
144240,2-6-3,652
144240,3-6-2,361.3
144240,4-6-2,153.8
144240,5-6-2,1070
144240,6-5-2,2154
144240,1-6-4,424.4
144240,2-6-4,571.1
144240,3-6-4,176.1
144240,4-6-3,125.6
144240,5-6-3,1319
144240,6-5-3,2540
144240,1-6-5,780.7
144240,2-6-5,940.2
144240,3-6-5,430.8
144240,4-6-5,108.4
144240,5-6-4,777.1
144240,6-5-4,1090
144241,1-2-3,7.3
144241,2-1-3,8.6
144241,3-1-2,51.3
144241,4-1-2,214.5
144241,5-1-2,1326
144241,6-1-2,258
144241,1-2-4,12.7
144241,2-1-4,11.5
144241,3-1-4,86.6
144241,4-1-3,470.2
144241,5-1-3,2040
144241,6-1-3,422.3
144241,1-2-5,97.2
144241,2-1-5,76.5
144241,3-1-5,296
144241,4-1-5,753.5
144241,5-1-4,1339
144241,6-1-4,502.3
144241,1-2-6,21.3
144241,2-1-6,14.9
144241,3-1-6,102.8
144241,4-1-6,298
144241,5-1-6,1678
144241,6-1-5,1069
144241,1-3-2,15.4
144241,2-3-1,23.1
144241,3-2-1,49.5
144241,4-2-1,213.2
144241,5-2-1,1339
144241,6-2-1,232.2
144241,1-3-4,32.3
144241,2-3-4,18.9
144241,3-2-4,32.7
144241,4-2-3,265.2
144241,5-2-3,1275
144241,6-2-3,207.2
144241,1-3-5,178
144241,2-3-5,125.8
144241,3-2-5,227.4
144241,4-2-5,550.3
144241,5-2-4,1578
144241,6-2-4,235.9
144241,1-3-6,55.7
144241,2-3-6,26.7
144241,3-2-6,60.5
144241,4-2-6,140.9
144241,5-2-6,1114
144241,6-2-5,477
144241,1-4-2,47.6
144241,2-4-1,36.3
144241,3-4-1,137.4
144241,4-3-1,413.1
144241,5-3-1,1894
144241,6-3-1,470.2
144241,1-4-3,73.1
144241,2-4-3,42.5
144241,3-4-2,100
144241,4-3-2,384.4
144241,5-3-2,1657
144241,6-3-2,244.2
144241,1-4-5,303.4
144241,2-4-5,150.3
144241,3-4-5,386.6
144241,4-3-5,1133
144241,5-3-4,2411
144241,6-3-4,659.8
144241,1-4-6,94.9
144241,2-4-6,32.9
144241,3-4-6,133.1
144241,4-3-6,411.8
144241,5-3-6,2072
144241,6-3-5,1410
144241,1-5-2,373.5
144241,2-5-1,271.2
144241,3-5-1,698
144241,4-5-1,872.5
144241,5-4-1,1700
144241,6-4-1,653.3
144241,1-5-3,449.5
144241,2-5-3,353.6
144241,3-5-2,628.5
144241,4-5-2,872.5
144241,5-4-2,1792
144241,6-4-2,316.5
144241,1-5-4,518
144241,2-5-4,300
144241,3-5-4,789.4
144241,4-5-3,1426
144241,5-4-3,2600
144241,6-4-3,753.5
144241,1-5-6,498.5
144241,2-5-6,195
144241,3-5-6,622.6
144241,4-5-6,698
144241,5-4-6,1841
144241,6-4-5,1173
144241,1-6-2,85.7
144241,2-6-1,51.6
144241,3-6-1,243.7
144241,4-6-1,345.3
144241,5-6-1,2139
144241,6-5-1,1678
144241,1-6-3,131.7
144241,2-6-3,50
144241,3-6-2,164.3
144241,4-6-2,170.4
144241,5-6-2,1542
144241,6-5-2,1657
144241,1-6-4,170.2
144241,2-6-4,60
144241,3-6-4,266.3
144241,4-6-3,516
144241,5-6-3,1950
144241,6-5-3,2326
144241,1-6-5,471.9
144241,2-6-5,222.8
144241,3-6-5,716.8
144241,4-6-5,798.9
144241,5-6-4,1922
144241,6-5-4,1922
144242,1-2-3,20.9
144242,2-1-3,186.6
144242,3-1-2,445.3
144242,4-1-2,169.9
144242,5-1-2,18.3
144242,6-1-2,880.4
144242,1-2-4,15.6
144242,2-1-4,144.1
144242,3-1-4,473
144242,4-1-3,553.8
144242,5-1-3,60.6
144242,6-1-3,1478
144242,1-2-5,6.9
144242,2-1-5,54.4
144242,3-1-5,271.9
144242,4-1-5,70.3
144242,5-1-4,23.3
144242,6-1-4,1248
144242,1-2-6,50.3
144242,2-1-6,302.8
144242,3-1-6,698.6
144242,4-1-6,175.4
144242,5-1-6,32.2
144242,6-1-5,430.2
144242,1-3-2,41.7
144242,2-3-1,441.4
144242,3-2-1,502.6
144242,4-2-1,376
144242,5-2-1,57.9
144242,6-2-1,1218
144242,1-3-4,62.6
144242,2-3-4,982.6
144242,3-2-4,1057
144242,4-2-3,841.5
144242,5-2-3,259.9
144242,6-2-3,2343
144242,1-3-5,32.6
144242,2-3-5,499.3
144242,3-2-5,695.5
144242,4-2-5,358.3
144242,5-2-4,165.7
144242,6-2-4,2719
144242,1-3-6,103.3
144242,2-3-6,940.2
144242,3-2-6,1218
144242,4-2-6,698.6
144242,5-2-6,160.6
144242,6-2-5,1008
144242,1-4-2,27.2
144242,2-4-1,350.9
144242,3-4-1,832.3
144242,4-3-1,951.9
144242,5-3-1,259.4
144242,6-3-1,2175
144242,1-4-3,64.3
144242,2-4-3,1080
144242,3-4-2,1180
144242,4-3-2,1199
144242,5-3-2,426.6
144242,6-3-2,3240
144242,1-4-5,15.1
144242,2-4-5,391.5
144242,3-4-5,1208
144242,4-3-5,895.9
144242,5-3-4,665.1
144242,6-3-4,2929
144242,1-4-6,68
144242,2-4-6,1238
144242,3-4-6,1771
144242,4-3-6,1637
144242,5-3-6,637.2
144242,6-3-5,2769
144242,1-5-2,6.1
144242,2-5-1,105.4
144242,3-5-1,407.2
144242,4-5-1,64.5
144242,5-4-1,45.1
144242,6-4-1,1603
144242,1-5-3,17.2
144242,2-5-3,395.6
144242,3-5-2,629.3
144242,4-5-2,184.1
144242,5-4-2,126
144242,6-4-2,2496
144242,1-5-4,10
144242,2-5-4,296.3
144242,3-5-4,865.4
144242,4-5-3,562
144242,5-4-3,380.7
144242,6-4-3,3384
144242,1-5-6,20.8
144242,2-5-6,356.7
144242,3-5-6,875.3
144242,4-5-6,117
144242,5-4-6,112.1
144242,6-4-5,1336
144242,1-6-2,126.4
144242,2-6-1,777.1
144242,3-6-1,1189
144242,4-6-1,467.2
144242,5-6-1,80.7
144242,6-5-1,331.8
144242,1-6-3,177.7
144242,2-6-3,1880
144242,3-6-2,2058
144242,4-6-2,860.5
144242,5-6-2,165.3
144242,6-5-2,805.8
144242,1-6-4,148.8
144242,2-6-4,1692
144242,3-6-4,2145
144242,4-6-3,1384
144242,5-6-3,359.2
144242,6-5-3,1730
144242,1-6-5,89.8
144242,2-6-5,793.3
144242,3-6-5,1903
144242,4-6-5,413.8
144242,5-6-4,182.8
144242,6-5-4,1008
144243,1-2-3,30.4
144243,2-1-3,102.4
144243,3-1-2,75.9
144243,4-1-2,35.8
144243,5-1-2,672.7
144243,6-1-2,558.8
144243,1-2-4,21.2
144243,2-1-4,63.7
144243,3-1-4,20.2
144243,4-1-3,24.3
144243,5-1-3,429
144243,6-1-3,364.7
144243,1-2-5,154.6
144243,2-1-5,513.2
144243,3-1-5,81.2
144243,4-1-5,62.4
144243,5-1-4,494.9
144243,6-1-4,353.5
144243,1-2-6,80.8
144243,2-1-6,325.3
144243,3-1-6,72.2
144243,4-1-6,61.8
144243,5-1-6,815.2
144243,6-1-5,1042
144243,1-3-2,29.4
144243,2-3-1,227.1
144243,3-2-1,186.7
144243,4-2-1,55.1
144243,5-2-1,1034
144243,6-2-1,860.7
144243,1-3-4,8.6
144243,2-3-4,77.8
144243,3-2-4,74.1
144243,4-2-3,35.1
144243,5-2-3,815.2
144243,6-2-3,962.4
144243,1-3-5,82.6
144243,2-3-5,618.6
144243,3-2-5,362.7
144243,4-2-5,130.3
144243,5-2-4,871.6
144243,6-2-4,686
144243,1-3-6,38.7
144243,2-3-6,521
144243,3-2-6,340.5
144243,4-2-6,155.1
144243,5-2-6,989.9
144243,6-2-5,1872
144243,1-4-2,21
144243,2-4-1,108.6
144243,3-4-1,18.2
144243,4-3-1,21.8
144243,5-3-1,699.9
144243,6-3-1,455.8
144243,1-4-3,10.6
144243,2-4-3,67.4
144243,3-4-2,35.2
144243,4-3-2,31.6
144243,5-3-2,930.1
144243,6-3-2,820
144243,1-4-5,62.5
144243,2-4-5,439.9
144243,3-4-5,28.7
144243,4-3-5,38.8
144243,5-3-4,524.9
144243,6-3-4,402.8
144243,1-4-6,30.7
144243,2-4-6,331.5
144243,3-4-6,48.9
144243,4-3-6,67.7
144243,5-3-6,1034
144243,6-3-5,1108
144243,1-5-2,273.3
144243,2-5-1,962.4
144243,3-5-1,173.6
144243,4-5-1,94.2
144243,5-4-1,503.9
144243,6-4-1,431.7
144243,1-5-3,202.3
144243,2-5-3,969.1
144243,3-5-2,332.3
144243,4-5-2,121.6
144243,5-4-2,561
144243,6-4-2,537.1
144243,1-5-4,194.6
144243,2-5-4,911.7
144243,3-5-4,138.1
144243,4-5-3,80.2
144243,5-4-3,417.4
144243,6-4-3,399.3
144243,1-5-6,291.1
144243,2-5-6,1428
144243,3-5-6,404
144243,4-5-6,150.6
144243,5-4-6,672.7
144243,6-4-5,989.9
144243,1-6-2,94.4
144243,2-6-1,629.9
144243,3-6-1,162.8
144243,4-6-1,126.5
144243,5-6-1,1458
144243,6-5-1,1649
144243,1-6-3,48
144243,2-6-3,644.5
144243,3-6-2,359.9
144243,4-6-2,190.1
144243,5-6-2,1443
144243,6-5-2,1776
144243,1-6-4,42.1
144243,2-6-4,522.9
144243,3-6-4,111.6
144243,4-6-3,127
144243,5-6-3,1057
144243,6-5-3,1539
144243,1-6-5,211.5
144243,2-6-5,1385
144243,3-6-5,469.7
144243,4-6-5,249.7
144243,5-6-4,1034
144243,6-5-4,1271
144244,1-2-3,5.7
144244,2-1-3,43.4
144244,3-1-2,83.6
144244,4-1-2,549.8
144244,5-1-2,64
144244,6-1-2,465.5
144244,1-2-4,19.8
144244,2-1-4,102.2
144244,3-1-4,285.2
144244,4-1-3,778.1
144244,5-1-3,112.6
144244,6-1-3,855.8
144244,1-2-5,5.8
144244,2-1-5,42.9
144244,3-1-5,83.5
144244,4-1-5,620.5
144244,5-1-4,266.9
144244,6-1-4,1087
144244,1-2-6,21.8
144244,2-1-6,80.7
144244,3-1-6,186.6
144244,4-1-6,679.5
144244,5-1-6,88.8
144244,6-1-5,479.4
144244,1-3-2,9.5
144244,2-3-1,111.3
144244,3-2-1,140
144244,4-2-1,939.1
144244,5-2-1,126.1
144244,6-2-1,692.9
144244,1-3-4,30.3
144244,2-3-4,500.6
144244,3-2-4,738
144244,4-2-3,1588
144244,5-2-3,301.5
144244,6-2-3,1635
144244,1-3-5,10.3
144244,2-3-5,169.5
144244,3-2-5,172.6
144244,4-2-5,1393
144244,5-2-4,680.7
144244,6-2-4,1882
144244,1-3-6,30.4
144244,2-3-6,349.3
144244,3-2-6,418.6
144244,4-2-6,1209
144244,5-2-6,204.3
144244,6-2-5,972.2
144244,1-4-2,38.7
144244,2-4-1,453.5
144244,3-4-1,670.1
144244,4-3-1,1166
144244,5-3-1,224.1
144244,6-3-1,1408
144244,1-4-3,59.8
144244,2-4-3,821.2
144244,3-4-2,893.4
144244,4-3-2,1707
144244,5-3-2,415.4
144244,6-3-2,2109
144244,1-4-5,54.8
144244,2-4-5,658.6
144244,3-4-5,865.4
144244,4-3-5,1368
144244,5-3-4,943.7
144244,6-3-4,1959
144244,1-4-6,68.6
144244,2-4-6,690.4
144244,3-4-6,1034
144244,4-3-6,1440
144244,5-3-6,372.5
144244,6-3-5,1663
144244,1-5-2,12.4
144244,2-5-1,131.8
144244,3-5-1,178.2
144244,4-5-1,855.8
144244,5-4-1,705.6
144244,6-4-1,1795
144244,1-5-3,18.8
144244,2-5-3,216.4
144244,3-5-2,260.2
144244,4-5-2,1225
144244,5-4-2,1213
144244,6-4-2,2231
144244,1-5-4,64.2
144244,2-5-4,529.4
144244,3-5-4,666.6
144244,4-5-3,1265
144244,5-4-3,1213
144244,6-4-3,2442
144244,1-5-6,28.1
144244,2-5-6,219.1
144244,3-5-6,364.8
144244,4-5-6,943.7
144244,5-4-6,901.8
144244,6-4-5,2339
144244,1-6-2,67.9
144244,2-6-1,316.3
144244,3-6-1,550.6
144244,4-6-1,1295
144244,5-6-1,160.8
144244,6-5-1,383.6
144244,1-6-3,97.8
144244,2-6-3,717.4
144244,3-6-2,887.3
144244,4-6-2,1649
144244,5-6-2,224.6
144244,6-5-2,645.4
144244,1-6-4,146.9
144244,2-6-4,881.2
144244,3-6-4,1393
144244,4-6-3,1795
144244,5-6-3,467.2
144244,6-5-3,1169
144244,1-6-5,73.8
144244,2-6-5,402
144244,3-6-5,665.4
144244,4-6-5,1445
144244,5-6-4,607.8
144244,6-5-4,1556
144293,1-2-3,14.1
144293,2-1-3,13.2
144293,3-1-2,77.4
144293,4-1-2,291
144293,5-1-2,63.6
144293,6-1-2,466.7
144293,1-2-4,32.1
144293,2-1-4,29.2
144293,3-1-4,153.2
144293,4-1-3,369.9
144293,5-1-3,125.3
144293,6-1-3,863.8
144293,1-2-5,11.2
144293,2-1-5,12.9
144293,3-1-5,85.8
144293,4-1-5,275.4
144293,5-1-4,191.2
144293,6-1-4,994.2
144293,1-2-6,62.2
144293,2-1-6,40.2
144293,3-1-6,231.1
144293,4-1-6,564.7
144293,5-1-6,140.5
144293,6-1-5,534.7
144293,1-3-2,30.8
144293,2-3-1,25.2
144293,3-2-1,71.2
144293,4-2-1,301.1
144293,5-2-1,80.3
144293,6-2-1,543.8
144293,1-3-4,63.7
144293,2-3-4,38.7
144293,3-2-4,72.6
144293,4-2-3,297.3
144293,5-2-3,85.7
144293,6-2-3,704.4
144293,1-3-5,32.8
144293,2-3-5,17.7
144293,3-2-5,36.4
144293,4-2-5,265.1
144293,5-2-4,154.7
144293,6-2-4,788.8
144293,1-3-6,122.9
144293,2-3-6,43.1
144293,3-2-6,75.8
144293,4-2-6,488.2
144293,5-2-6,103.8
144293,6-2-5,417.7
144293,1-4-2,89.4
144293,2-4-1,86.6
144293,3-4-1,254.1
144293,4-3-1,429.9
144293,5-3-1,189.1
144293,6-3-1,1103
144293,1-4-3,137.5
144293,2-4-3,80.8
144293,3-4-2,139.6
144293,4-3-2,321.3
144293,5-3-2,140.7
144293,6-3-2,896.2
144293,1-4-5,87.1
144293,2-4-5,63.3
144293,3-4-5,164.8
144293,4-3-5,412.3
144293,5-3-4,333.7
144293,6-3-4,1281
144293,1-4-6,185.3
144293,2-4-6,129.9
144293,3-4-6,288.8
144293,4-3-6,699.2
144293,5-3-6,267.7
144293,6-3-5,766.6
144293,1-5-2,30.8
144293,2-5-1,29.2
144293,3-5-1,141.6
144293,4-5-1,338.4
144293,5-4-1,366.4
144293,6-4-1,1307
144293,1-5-3,55.7
144293,2-5-3,28.2
144293,3-5-2,63.5
144293,4-5-2,317.1
144293,5-4-2,287
144293,6-4-2,1048
144293,1-5-4,89
144293,2-5-4,58.6
144293,3-5-4,195.1
144293,4-5-3,428
144293,5-4-3,367.8
144293,6-4-3,1645
144293,1-5-6,96.7
144293,2-5-6,41.1
144293,3-5-6,117
144293,4-5-6,381.8
144293,5-4-6,281.5
144293,6-4-5,1037
144293,1-6-2,199
144293,2-6-1,145.7
144293,3-6-1,533.2
144293,4-6-1,792.1
144293,5-6-1,221.9
144293,6-5-1,621.8
144293,1-6-3,346.4
144293,2-6-3,115.3
144293,3-6-2,351.5
144293,4-6-2,644.9
144293,5-6-2,169.3
144293,6-5-2,424.2
144293,1-6-4,396
144293,2-6-4,205.7
144293,3-6-4,583.7
144293,4-6-3,959.3
144293,5-6-3,300.1
144293,6-5-3,812.3
144293,1-6-5,242.2
144293,2-6-5,84
144293,3-6-5,373.5
144293,4-6-5,696.7
144293,5-6-4,337.8
144293,6-5-4,879.7
144294,1-2-3,6.8
144294,2-1-3,7.2
144294,3-1-2,53
144294,4-1-2,266.7
144294,5-1-2,77.4
144294,6-1-2,577.7
144294,1-2-4,21
144294,2-1-4,18
144294,3-1-4,103.4
144294,4-1-3,435.8
144294,5-1-3,140
144294,6-1-3,2351
144294,1-2-5,14.8
144294,2-1-5,12.3
144294,3-1-5,82.2
144294,4-1-5,381.5
144294,5-1-4,266.7
144294,6-1-4,2888
144294,1-2-6,198.6
144294,2-1-6,154.1
144294,3-1-6,631.9
144294,4-1-6,1773
144294,5-1-6,426.6
144294,6-1-5,2466
144294,1-3-2,16.2
144294,2-3-1,14.3
144294,3-2-1,46.9
144294,4-2-1,268.9
144294,5-2-1,68.8
144294,6-2-1,1982
144294,1-3-4,41.1
144294,2-3-4,28
144294,3-2-4,68.4
144294,4-2-3,289.7
144294,5-2-3,85.6
144294,6-2-3,2106
144294,1-3-5,35.9
144294,2-3-5,18.4
144294,3-2-5,55.6
144294,4-2-5,311.1
144294,5-2-4,197.8
144294,6-2-4,3486
144294,1-3-6,322
144294,2-3-6,224.1
144294,3-2-6,498
144294,4-2-6,1189
144294,5-2-6,362.4
144294,6-2-5,1872
144294,1-4-2,66.9
144294,2-4-1,63.5
144294,3-4-1,170.7
144294,4-3-1,488.4
144294,5-3-1,195.9
144294,6-3-1,2592
144294,1-4-3,101.4
144294,2-4-3,67.8
144294,3-4-2,140.8
144294,4-3-2,331.5
144294,5-3-2,137.3
144294,6-3-2,2466
144294,1-4-5,126.5
144294,2-4-5,76.4
144294,3-4-5,198.2
144294,4-3-5,463.8
144294,5-3-4,380.1
144294,6-3-4,3063
144294,1-4-6,577.7
144294,2-4-6,486.1
144294,3-4-6,910.9
144294,4-3-6,2106
144294,5-3-6,760.2
144294,6-3-5,2063
144294,1-5-2,37
144294,2-5-1,28.5
144294,3-5-1,144.4
144294,4-5-1,481.4
144294,5-4-1,393.4
144294,6-4-1,4595
144294,1-5-3,59.5
144294,2-5-3,30.8
144294,3-5-2,102
144294,4-5-2,390.3
144294,5-4-2,357.2
144294,6-4-2,3888
144294,1-5-4,145.2
144294,2-5-4,71.1
144294,3-5-4,214.6
144294,4-5-3,561.7
144294,5-4-3,483.7
144294,6-4-3,5617
144294,1-5-6,411
144294,2-5-6,217.9
144294,3-5-6,678.5
144294,4-5-6,1348
144294,5-4-6,1296
144294,6-4-5,7222
144294,1-6-2,571.2
144294,2-6-1,732.6
144294,3-6-1,1685
144294,4-6-1,2808
144294,5-6-1,902.7
144294,6-5-1,2151
144294,1-6-3,808.8
144294,2-6-3,879.2
144294,3-6-2,1136
144294,4-6-2,2732
144294,5-6-2,777.7
144294,6-5-2,2022
144294,1-6-4,1203
144294,2-6-4,1531
144294,3-6-4,1838
144294,4-6-3,3063
144294,5-6-3,1111
144294,6-5-3,2351
144294,1-6-5,919.1
144294,2-6-5,594.7
144294,3-6-5,1348
144294,4-6-5,2973
144294,5-6-4,2063
144294,6-5-4,6740
144295,1-2-3,17.5
144295,2-1-3,37.2
144295,3-1-2,67.8
144295,4-1-2,239.9
144295,5-1-2,32
144295,6-1-2,809.1
144295,1-2-4,31.3
144295,2-1-4,53.7
144295,3-1-4,77.6
144295,4-1-3,358.5
144295,5-1-3,38
144295,6-1-3,942.9
144295,1-2-5,13.4
144295,2-1-5,22.4
144295,3-1-5,36.9
144295,4-1-5,128
144295,5-1-4,63.6
144295,6-1-4,3236
144295,1-2-6,178.4
144295,2-1-6,228
144295,3-1-6,366.2
144295,4-1-6,435.4
144295,5-1-6,76.8
144295,6-1-5,708.5
144295,1-3-2,22.2
144295,2-3-1,69.7
144295,3-2-1,88.8
144295,4-2-1,329.8
144295,5-2-1,45.8
144295,6-2-1,950.4
144295,1-3-4,40.2
144295,2-3-4,97.5
144295,3-2-4,83.1
144295,4-2-3,386.2
144295,5-2-3,50.4
144295,6-2-3,1174
144295,1-3-5,16.7
144295,2-3-5,39.3
144295,3-2-5,43.1
144295,4-2-5,149.5
144295,5-2-4,67.5
144295,6-2-4,3421
144295,1-3-6,202.2
144295,2-3-6,338.2
144295,3-2-6,335.4
144295,4-2-6,546.8
144295,5-2-6,88.9
144295,6-2-5,772.5
144295,1-4-2,59.1
144295,2-4-1,129.4
144295,3-4-1,162.4
144295,4-3-1,451.8
144295,5-3-1,73.9
144295,6-3-1,2721
144295,1-4-3,86.3
144295,2-4-3,137.1
144295,3-4-2,131.5
144295,4-3-2,450.1
144295,5-3-2,75.5
144295,6-3-2,2302
144295,1-4-5,51.1
144295,2-4-5,66.1
144295,3-4-5,61.6
144295,4-3-5,174.8
144295,5-3-4,79.2
144295,6-3-4,4605
144295,1-4-6,213
144295,2-4-6,332.6
144295,3-4-6,467.7
144295,4-3-6,1119
144295,5-3-6,180.8
144295,6-3-5,2661
144295,1-5-2,19
144295,2-5-1,35.3
144295,3-5-1,52.7
144295,4-5-1,87.6
144295,5-4-1,68.1
144295,6-4-1,3236
144295,1-5-3,23.6
144295,2-5-3,38
144295,3-5-2,42.7
144295,4-5-2,94.4
144295,5-4-2,70.7
144295,6-4-2,3151
144295,1-5-4,43.8
144295,2-5-4,54.5
144295,3-5-4,45.6
144295,4-5-3,108.5
144295,5-4-3,87.4
144295,6-4-3,3991
144295,1-5-6,109.8
144295,2-5-6,148
144295,3-5-6,262
144295,4-5-6,150.2
144295,5-4-6,108.6
144295,6-4-5,1618
144295,1-6-2,513.9
144295,2-6-1,843.3
144295,3-6-1,1596
144295,4-6-1,814.6
144295,5-6-1,160
144295,6-5-1,935.5
144295,1-6-3,692.2
144295,2-6-3,1209
144295,3-6-2,1871
144295,4-6-2,843.3
144295,5-6-2,169.1
144295,6-5-2,997.9
144295,1-6-4,446.8
144295,2-6-4,880.5
144295,3-6-4,1496
144295,4-6-3,1119
144295,5-6-3,225.5
144295,6-5-3,1871
144295,1-6-5,455.3
144295,2-6-5,595.7
144295,3-6-5,1119
144295,4-6-5,492.8
144295,5-6-4,226.8
144295,6-5-4,1247
144296,1-2-3,18.2
144296,2-1-3,50.8
144296,3-1-2,25.7
144296,4-1-2,262.1
144296,5-1-2,61.7
144296,6-1-2,2565
144296,1-2-4,55.7
144296,2-1-4,115.8
144296,3-1-4,44.7
144296,4-1-3,219.8
144296,5-1-3,44.8
144296,6-1-3,2693
144296,1-2-5,27.5
144296,2-1-5,58.5
144296,3-1-5,12.3
144296,4-1-5,201.7
144296,5-1-4,134.6
144296,6-1-4,4309
144296,1-2-6,301.8
144296,2-1-6,352.1
144296,3-1-6,204
144296,4-1-6,645.1
144296,5-1-6,264.7
144296,6-1-5,3169
144296,1-3-2,12.9
144296,2-3-1,66.5
144296,3-2-1,40.3
144296,4-2-1,378
144296,5-2-1,88.7
144296,6-2-1,4684
144296,1-3-4,26.6
144296,2-3-4,105.5
144296,3-2-4,78.4
144296,4-2-3,275.5
144296,5-2-3,68.8
144296,6-2-3,2448
144296,1-3-5,9.7
144296,2-3-5,43.8
144296,3-2-5,21.2
144296,4-2-5,327.5
144296,5-2-4,214.2
144296,6-2-4,4144
144296,1-3-6,231.2
144296,2-3-6,387.5
144296,3-2-6,326.5
144296,4-2-6,810.1
144296,5-2-6,481
144296,6-2-5,3715
144296,1-4-2,86.1
144296,2-4-1,232.7
144296,3-4-1,83.9
144296,4-3-1,224
144296,5-3-1,42
144296,6-3-1,4309
144296,1-4-3,66.7
144296,2-4-3,200.6
144296,3-4-2,104.5
144296,4-3-2,221.7
144296,5-3-2,46.3
144296,6-3-2,2912
144296,1-4-5,71.3
144296,2-4-5,200.6
144296,3-4-5,44.8
144296,4-3-5,114.8
144296,5-3-4,85.5
144296,6-3-4,3367
144296,1-4-6,419.2
144296,2-4-6,897.9
144296,3-4-6,294.3
144296,4-3-6,438
144296,5-3-6,110.1
144296,6-3-5,1766
144296,1-5-2,33.8
144296,2-5-1,103.3
144296,3-5-1,16.8
144296,4-5-1,143
144296,5-4-1,130.4
144296,6-4-1,4144
144296,1-5-3,19.1
144296,2-5-3,67.4
144296,3-5-2,19.4
144296,4-5-2,169.9
144296,5-4-2,144.8
144296,6-4-2,5130
144296,1-5-4,59
144296,2-5-4,146.3
144296,3-5-4,36
144296,4-5-3,108.5
144296,5-4-3,105.9
144296,6-4-3,4144
144296,1-5-6,249.4
144296,2-5-6,450.8
144296,3-5-6,83.6
144296,4-5-6,317.8
144296,5-4-6,313.2
144296,6-4-5,2693
144296,1-6-2,764.1
144296,2-6-1,1857
144296,3-6-1,979.5
144296,4-6-1,1795
144296,5-6-1,738
144296,6-5-1,3265
144296,1-6-3,822.5
144296,2-6-3,1657
144296,3-6-2,1026
144296,4-6-2,1857
144296,5-6-2,816.2
144296,6-5-2,4897
144296,1-6-4,1134
144296,2-6-4,2448
144296,3-6-4,848.4
144296,4-6-3,1826
144296,5-6-3,412.8
144296,6-5-3,2292
144296,1-6-5,855.1
144296,2-6-5,1584
144296,3-6-5,396.1
144296,4-6-5,905.4
144296,5-6-4,798.1
144296,6-5-4,2565
144297,1-2-3,12.9
144297,2-1-3,78.5
144297,3-1-2,144.4
144297,4-1-2,123.1
144297,5-1-2,31.5
144297,6-1-2,3491
144297,1-2-4,10.2
144297,2-1-4,78.5
144297,3-1-4,206.4
144297,4-1-3,228.4
144297,5-1-3,55.3
144297,6-1-3,4073
144297,1-2-5,5.8
144297,2-1-5,41.9
144297,3-1-5,118.4
144297,4-1-5,75.9
144297,5-1-4,30.2
144297,6-1-4,6110
144297,1-2-6,285.5
144297,2-1-6,1009
144297,3-1-6,1939
144297,4-1-6,1026
144297,5-1-6,590.3
144297,6-1-5,4525
144297,1-3-2,17.7
144297,2-3-1,186.2
144297,3-2-1,210.6
144297,4-2-1,273.9
144297,5-2-1,72.7
144297,6-2-1,4364
144297,1-3-4,19.8
144297,2-3-4,425.7
144297,3-2-4,547.9
144297,4-2-3,660.5
144297,5-2-3,238.6
144297,6-2-3,5819
144297,1-3-5,15.2
144297,2-3-5,277.7
144297,3-2-5,261.6
144297,4-2-5,332.9
144297,5-2-4,179.7
144297,6-2-4,5554
144297,1-3-6,596.1
144297,2-3-6,1673
144297,3-2-6,2545
144297,4-2-6,1880
144297,5-2-6,1198
144297,6-2-5,7188
144297,1-4-2,19.3
144297,2-4-1,260
144297,3-4-1,380.6
144297,4-3-1,450.9
144297,5-3-1,135.9
144297,6-3-1,7188
144297,1-4-3,31.6
144297,2-4-3,675.1
144297,3-4-2,773.4
144297,4-3-2,1044
144297,5-3-2,322.4
144297,6-3-2,9999
144297,1-4-5,13.4
144297,2-4-5,346.1
144297,3-4-5,436.4
144297,4-3-5,552.9
144297,5-3-4,264.5
144297,6-3-4,6110
144297,1-4-6,573.7
144297,2-4-6,3394
144297,3-4-6,2545
144297,4-3-6,3055
144297,5-3-6,2777
144297,6-3-5,6788
144297,1-5-2,7.8
144297,2-5-1,99.2
144297,3-5-1,158.7
144297,4-5-1,77.5
144297,5-4-1,71.1
144297,6-4-1,5554
144297,1-5-3,17.1
144297,2-5-3,307.8
144297,3-5-2,270.9
144297,4-5-2,148.6
144297,5-4-2,145.6
144297,6-4-2,9400
144297,1-5-4,10.1
144297,2-5-4,252.4
144297,3-5-4,386.7
144297,4-5-3,301.7
144297,5-4-3,266.2
144297,6-4-3,8728
144297,1-5-6,297.3
144297,2-5-6,1797
144297,3-5-6,1909
144297,4-5-6,643.1
144297,5-4-6,1121
144297,6-4-5,7637
144297,1-6-2,1091
144297,2-6-1,3941
144297,3-6-1,4213
144297,4-6-1,3594
144297,5-6-1,1909
144297,6-5-1,4073
144297,1-6-3,1342
144297,2-6-3,5554
144297,3-6-2,6788
144297,4-6-2,5091
144297,5-6-2,3055
144297,6-5-2,6431
144297,1-6-4,1909
144297,2-6-4,4700
144297,3-6-4,3703
144297,4-6-3,5819
144297,5-6-3,4073
144297,6-5-3,6431
144297,1-6-5,1313
144297,2-6-5,4073
144297,3-6-5,4700
144297,4-6-5,3133
144297,5-6-4,2656
144297,6-5-4,7637
144298,1-2-3,15.6
144298,2-1-3,139.4
144298,3-1-2,67.9
144298,4-1-2,20.4
144298,5-1-2,380.4
144298,6-1-2,723.5
144298,1-2-4,11.8
144298,2-1-4,86.2
144298,3-1-4,45.9
144298,4-1-3,30.7
144298,5-1-3,519.4
144298,6-1-3,1000
144298,1-2-5,69.7
144298,2-1-5,353
144298,3-1-5,309.2
144298,4-1-5,24
144298,5-1-4,208.3
144298,6-1-4,438
144298,1-2-6,36.1
144298,2-1-6,227.6
144298,3-1-6,125.2
144298,4-1-6,17.4
144298,5-1-6,268.7
144298,6-1-5,1095
144298,1-3-2,14.4
144298,2-3-1,243.7
144298,3-2-1,203
144298,4-2-1,51.8
144298,5-2-1,915.6
144298,6-2-1,1237
144298,1-3-4,10.8
144298,2-3-4,400.1
144298,3-2-4,361.7
144298,4-2-3,148.8
144298,5-2-3,1141
144298,6-2-3,1670
144298,1-3-5,68.4
144298,2-3-5,862
144298,3-2-5,1080
144298,4-2-5,133.6
144298,5-2-4,802.2
144298,6-2-4,848.5
144298,1-3-6,39.5
144298,2-3-6,1025
144298,3-2-6,976.2
144298,4-2-6,99.2
144298,5-2-6,1095
144298,6-2-5,2250
144298,1-4-2,9.7
144298,2-4-1,138
144298,3-4-1,94.4
144298,4-3-1,81.4
144298,5-3-1,1604
144298,6-3-1,1884
144298,1-4-3,10.5
144298,2-4-3,319.6
144298,3-4-2,272.8
144298,4-3-2,234.5
144298,5-3-2,1820
144298,6-3-2,2455
144298,1-4-5,27.8
144298,2-4-5,580.8
144298,3-4-5,471.1
144298,4-3-5,283.3
144298,5-3-4,1286
144298,6-3-4,1952
144298,1-4-6,18.8
144298,2-4-6,385.8
144298,3-4-6,347
144298,4-3-6,190.8
144298,5-3-6,1688
144298,6-3-5,2746
144298,1-5-2,119.3
144298,2-5-1,976.2
144298,3-5-1,839.7
144298,4-5-1,33.8
144298,5-4-1,188.6
144298,6-4-1,368.3
144298,1-5-3,162.7
144298,2-5-3,1256
144298,3-5-2,1125
144298,4-5-2,72.2
144298,5-4-2,307.5
144298,6-4-2,547.5
144298,1-5-4,90.1
144298,2-5-4,1191
144298,3-5-4,1019
144298,4-5-3,139.8
144298,5-4-3,587.1
144298,6-4-3,885.5
144298,1-5-6,142.2
144298,2-5-6,1237
144298,3-5-6,1543
144298,4-5-6,46.4
144298,5-4-6,218.1
144298,6-4-5,701.5
144298,1-6-2,101.7
144298,2-6-1,802.2
144298,3-6-1,664.1
144298,4-6-1,36.6
144298,5-6-1,643.1
144298,6-5-1,1246
144298,1-6-3,124.2
144298,2-6-3,1133
144298,3-6-2,1397
144298,4-6-2,81.8
144298,5-6-2,1025
144298,6-5-2,1688
144298,1-6-4,67
144298,2-6-4,736.6
144298,3-6-4,1141
144298,4-6-3,155.2
144298,5-6-3,1000
144298,6-5-3,1976
144298,1-6-5,178
144298,2-6-5,1637
144298,3-6-5,1473
144298,4-6-5,65.7
144298,5-6-4,572.6
144298,6-5-4,1012
144299,1-2-3,24.8
144299,2-1-3,85.3
144299,3-1-2,121
144299,4-1-2,28.2
144299,5-1-2,490.3
144299,6-1-2,447.2
144299,1-2-4,9.9
144299,2-1-4,40.6
144299,3-1-4,71.6
144299,4-1-3,64.1
144299,5-1-3,358.7
144299,6-1-3,438.3
144299,1-2-5,28.3
144299,2-1-5,88.9
144299,3-1-5,135.5
144299,4-1-5,47.5
144299,5-1-4,290.3
144299,6-1-4,211.8
144299,1-2-6,21.3
144299,2-1-6,78.5
144299,3-1-6,115.8
144299,4-1-6,26
144299,5-1-6,266.9
144299,6-1-5,633.4
144299,1-3-2,31.7
144299,2-3-1,191.5
144299,3-2-1,230.2
144299,4-2-1,78.1
144299,5-2-1,925.8
144299,6-2-1,802.3
144299,1-3-4,17.9
144299,2-3-4,168
144299,3-2-4,178.6
144299,4-2-3,163.6
144299,5-2-3,959.3
144299,6-2-3,1439
144299,1-3-5,51.1
144299,2-3-5,330.1
144299,3-2-5,350.2
144299,4-2-5,129.5
144299,5-2-4,668.6
144299,6-2-4,624.4
144299,1-3-6,39.9
144299,2-3-6,313.7
144299,3-2-6,305.7
144299,4-2-6,93.3
144299,5-2-6,769.7
144299,6-2-5,1141
144299,1-4-2,9.5
144299,2-4-1,75.6
144299,3-4-1,97.7
144299,4-3-1,105.2
144299,5-3-1,529.5
144299,6-3-1,563.3
144299,1-4-3,17.6
144299,2-4-3,151.1
144299,3-4-2,143.7
144299,4-3-2,124.3
144299,5-3-2,1192
144299,6-3-2,1248
144299,1-4-5,23.3
144299,2-4-5,164
144299,3-4-5,184.1
144299,4-3-5,171.9
144299,5-3-4,837.9
144299,6-3-4,493.9
144299,1-4-6,14
144299,2-4-6,118.9
144299,3-4-6,117.7
144299,4-3-6,89.3
144299,5-3-6,509.1
144299,6-3-5,913
144299,1-5-2,80.4
144299,2-5-1,365.7
144299,3-5-1,398.7
144299,4-5-1,72.3
144299,5-4-1,308.6
144299,6-4-1,192.7
144299,1-5-3,97.1
144299,2-5-3,678.9
144299,3-5-2,553.9
144299,4-5-2,124.7
144299,5-4-2,454.9
144299,6-4-2,367.7
144299,1-5-4,67.9
144299,2-5-4,392.8
144299,3-5-4,431.2
144299,4-5-3,196.4
144299,5-4-3,479.6
144299,6-4-3,397.5
144299,1-5-6,73.9
144299,2-5-6,459.6
144299,3-5-6,399.9
144299,4-5-6,53.2
144299,5-4-6,242.4
144299,6-4-5,387.1
144299,1-6-2,57.8
144299,2-6-1,309.3
144299,3-6-1,289.6
144299,4-6-1,50
144299,5-6-1,381.5
144299,6-5-1,859.6
144299,1-6-3,103.7
144299,2-6-3,570.6
144299,3-6-2,451.8
144299,4-6-2,108.9
144299,5-6-2,731.4
144299,6-5-2,1141
144299,1-6-4,56.9
144299,2-6-4,328.5
144299,3-6-4,253.1
144299,4-6-3,138
144299,5-6-3,451.8
144299,6-5-3,959.3
144299,1-6-5,112.2
144299,2-6-5,556.2
144299,3-6-5,389.3
144299,4-6-5,65.3
144299,5-6-4,420.2
144299,6-5-4,533.8
144300,1-2-3,11.5
144300,2-1-3,40.8
144300,3-1-2,45.3
144300,4-1-2,79.1
144300,5-1-2,50.6
144300,6-1-2,2538
144300,1-2-4,22.9
144300,2-1-4,68.4
144300,3-1-4,58.9
144300,4-1-3,104.3
144300,5-1-3,46.5
144300,6-1-3,3553
144300,1-2-5,18.2
144300,2-1-5,46.3
144300,3-1-5,26.8
144300,4-1-5,54.1
144300,5-1-4,58.8
144300,6-1-4,3997
144300,1-2-6,515.8
144300,2-1-6,1110
144300,3-1-6,707.5
144300,4-1-6,761.4
144300,5-1-6,340.2
144300,6-1-5,2757
144300,1-3-2,12.1
144300,2-3-1,56.9
144300,3-2-1,66.4
144300,4-2-1,122.9
144300,5-2-1,89
144300,6-2-1,3634
144300,1-3-4,16.6
144300,2-3-4,136.2
144300,3-2-4,108.8
144300,4-2-3,128.6
144300,5-2-3,93.6
144300,6-2-3,3997
144300,1-3-5,9.5
144300,2-3-5,63.8
144300,3-2-5,67.3
144300,4-2-5,90.5
144300,5-2-4,119.3
144300,6-2-4,7268
144300,1-3-6,375.3
144300,2-3-6,1402
144300,3-2-6,1073
144300,4-2-6,1522
144300,5-2-6,561
144300,6-2-5,4208
144300,1-4-2,33.4
144300,2-4-1,138.5
144300,3-4-1,102.3
144300,4-3-1,142.7
144300,5-3-1,70.5
144300,6-3-1,3718
144300,1-4-3,32.5
144300,2-4-3,176.4
144300,3-4-2,163.3
144300,4-3-2,157.2
144300,5-3-2,106.8
144300,6-3-2,3017
144300,1-4-5,32.3
144300,2-4-5,162.8
144300,3-4-5,86.6
144300,4-3-5,105.7
144300,5-3-4,120
144300,6-3-4,4703
144300,1-4-6,547.6
144300,2-4-6,2284
144300,3-4-6,987
144300,4-3-6,1038
144300,5-3-6,460.8
144300,6-3-5,3331
144300,1-5-2,23.9
144300,2-5-1,97.4
144300,3-5-1,45.2
144300,4-5-1,45
144300,5-4-1,58.5
144300,6-4-1,5158
144300,1-5-3,20.5
144300,2-5-3,98.7
144300,3-5-2,71.8
144300,4-5-2,57.3
144300,5-4-2,66.4
144300,6-4-2,6662
144300,1-5-4,36.2
144300,2-5-4,181
144300,3-5-4,91.6
144300,4-5-3,69.7
144300,5-4-3,92.9
144300,6-4-3,6150
144300,1-5-6,365
144300,2-5-6,1440
144300,3-5-6,531.2
144300,4-5-6,327
144300,5-4-6,427.5
144300,6-4-5,6952
144300,1-6-2,1343
144300,2-6-1,3017
144300,3-6-1,2538
144300,4-6-1,2190
144300,5-6-1,975
144300,6-5-1,2498
144300,1-6-3,1522
144300,2-6-3,3476
144300,3-6-2,2805
144300,4-6-2,2961
144300,5-6-2,1018
144300,6-5-2,3263
144300,1-6-4,1701
144300,2-6-4,4568
144300,3-6-4,2460
144300,4-6-3,3135
144300,5-6-3,1018
144300,6-5-3,3718
144300,1-6-5,1167
144300,2-6-5,3331
144300,3-6-5,1903
144300,4-6-5,2024
144300,5-6-4,1110
144300,6-5-4,4997
144301,1-2-3,11.4
144301,2-1-3,49.1
144301,3-1-2,131.4
144301,4-1-2,71.1
144301,5-1-2,69.6
144301,6-1-2,850.4
144301,1-2-4,8
144301,2-1-4,36.5
144301,3-1-4,126.5
144301,4-1-3,183.3
144301,5-1-3,138.1
144301,6-1-3,1526
144301,1-2-5,8.3
144301,2-1-5,38.8
144301,3-1-5,115
144301,4-1-5,49.6
144301,5-1-4,115.8
144301,6-1-4,938.6
144301,1-2-6,27.9
144301,2-1-6,111.8
144301,3-1-6,289.9
144301,4-1-6,79.9
144301,5-1-6,92.8
144301,6-1-5,534.6
144301,1-3-2,20.1
144301,2-3-1,167.1
144301,3-2-1,261.2
144301,4-2-1,101.1
144301,5-2-1,118.5
144301,6-2-1,1242
144301,1-3-4,22.5
144301,2-3-4,293.9
144301,3-2-4,311.3
144301,4-2-3,412.7
144301,5-2-3,325.7
144301,6-2-3,2484
144301,1-3-5,26.7
144301,2-3-5,265.6
144301,3-2-5,324.9
144301,4-2-5,125.2
144301,5-2-4,247.9
144301,6-2-4,1473
144301,1-3-6,59.2
144301,2-3-6,496.9
144301,3-2-6,527.9
144301,4-2-6,194.3
144301,5-2-6,259.6
144301,6-2-5,1195
144301,1-4-2,17.5
144301,2-4-1,112.6
144301,3-4-1,231.6
144301,4-3-1,315.9
144301,5-3-1,246.5
144301,6-3-1,2303
144301,1-4-3,35.6
144301,2-4-3,339.7
144301,3-4-2,335.2
144301,4-3-2,517.1
144301,5-3-2,435.4
144301,6-3-2,3334
144301,1-4-5,24.5
144301,2-4-5,192.5
144301,3-4-5,203
144301,4-3-5,282.2
144301,5-3-4,428
144301,6-3-4,2484
144301,1-4-6,43.9
144301,2-4-6,324.9
144301,3-4-6,329.9
144301,4-3-6,454.1
144301,5-3-6,472.8
144301,6-3-5,1891
144301,1-5-2,18.1
144301,2-5-1,101.4
144301,3-5-1,193.1
144301,4-5-1,65.6
144301,5-4-1,124.1
144301,6-4-1,1195
144301,1-5-3,41.9
144301,2-5-3,279
144301,3-5-2,311.3
144301,4-5-2,102.7
144301,5-4-2,191.6
144301,6-4-2,1439
144301,1-5-4,31.6
144301,2-5-4,221.5
144301,3-5-4,217.3
144301,4-5-3,214.7
144301,5-4-3,358.9
144301,6-4-3,2346
144301,1-5-6,37.1
144301,2-5-6,240.4
144301,3-5-6,331.7
144301,4-5-6,72.4
144301,5-4-6,130.2
144301,6-4-5,959.9
144301,1-6-2,96.1
144301,2-6-1,455.7
144301,3-6-1,879.9
144301,4-6-1,179.2
144301,5-6-1,178.2
144301,6-5-1,517.1
144301,1-6-3,177.2
144301,2-6-3,1173
144301,3-6-2,1184
144301,4-6-2,268.4
144301,5-6-2,326.5
144301,6-5-2,918.1
144301,1-6-4,119.8
144301,2-6-4,666.9
144301,3-6-4,822.7
144301,4-6-3,500.8
144301,5-6-3,541.5
144301,6-5-3,1230
144301,1-6-5,102.8
144301,2-6-5,589.3
144301,3-6-5,772.6
144301,4-6-5,168.2
144301,5-6-4,290.6
144301,6-5-4,861.9
144302,1-2-3,7.1
144302,2-1-3,20.6
144302,3-1-2,85.3
144302,4-1-2,35
144302,5-1-2,531.1
144302,6-1-2,1612
144302,1-2-4,5.2
144302,2-1-4,13.2
144302,3-1-4,79.4
144302,4-1-3,93.7
144302,5-1-3,1105
144302,6-1-3,2045
144302,1-2-5,27.2
144302,2-1-5,60.3
144302,3-1-5,190.8
144302,4-1-5,74.4
144302,5-1-4,625.7
144302,6-1-4,1612
144302,1-2-6,96.2
144302,2-1-6,183.6
144302,3-1-6,406.6
144302,4-1-6,130.6
144302,5-1-6,1330
144302,6-1-5,3703
144302,1-3-2,13.3
144302,2-3-1,58.6
144302,3-2-1,110.2
144302,4-2-1,50.1
144302,5-2-1,649.4
144302,6-2-1,2447
144302,1-3-4,18.3
144302,2-3-4,60.7
144302,3-2-4,100
144302,4-2-3,107.5
144302,5-2-3,856.4
144302,6-2-3,3186
144302,1-3-5,55.9
144302,2-3-5,146
144302,3-2-5,235.8
144302,4-2-5,109.6
144302,5-2-4,640.3
144302,6-2-4,2175
144302,1-3-6,139.6
144302,2-3-6,404.2
144302,3-2-6,537.4
144302,4-2-6,118.4
144302,5-2-6,1756
144302,6-2-5,3703
144302,1-4-2,8.5
144302,2-4-1,26
144302,3-4-1,136.6
144302,4-3-1,198.6
144302,5-3-1,1593
144302,6-3-1,3915
144302,1-4-3,16.4
144302,2-4-3,51.4
144302,3-4-2,139.4
144302,4-3-2,216.4
144302,5-3-2,1593
144302,6-3-2,3915
144302,1-4-5,34.3
144302,2-4-5,84.6
144302,3-4-5,259
144302,4-3-5,338.3
144302,5-3-4,1539
144302,6-3-4,3262
144302,1-4-6,103.9
144302,2-4-6,215.1
144302,3-4-6,470.9
144302,4-3-6,548.1
144302,5-3-6,1986
144302,6-3-5,2796
144302,1-5-2,98
144302,2-5-1,186.4
144302,3-5-1,561.6
144302,4-5-1,152.7
144302,5-4-1,668.4
144302,6-4-1,1877
144302,1-5-3,165.9
144302,2-5-3,269.2
144302,3-5-2,583.1
144302,4-5-2,181
144302,5-4-2,552.5
144302,6-4-2,1930
144302,1-5-4,109.1
144302,2-5-4,191.9
144302,3-5-4,601
144302,4-5-3,392.6
144302,5-4-3,1234
144302,6-4-3,3342
144302,1-5-6,350.4
144302,2-5-6,662
144302,3-5-6,1141
144302,4-5-6,273.5
144302,5-4-6,1612
144302,6-4-5,3262
144302,1-6-2,416.5
144302,2-6-1,778.6
144302,3-6-1,1330
144302,4-6-1,280.2
144302,5-6-1,2687
144302,6-5-1,4282
144302,1-6-3,517.1
144302,2-6-3,965
144302,3-6-2,1191
144302,4-6-2,198.3
144302,5-6-2,2210
144302,6-5-2,3262
144302,1-6-4,453.7
144302,2-6-4,815.7
144302,3-6-4,1343
144302,4-6-3,872.8
144302,5-6-3,2362
144302,6-5-3,3513
144302,1-6-5,559.3
144302,2-6-5,1202
144302,3-6-5,1356
144302,4-6-5,355
144302,5-6-4,2537
144302,6-5-4,3915
144303,1-2-3,11.3
144303,2-1-3,86.8
144303,3-1-2,331.7
144303,4-1-2,54.5
144303,5-1-2,224.3
144303,6-1-2,216
144303,1-2-4,8.1
144303,2-1-4,49.1
144303,3-1-4,348.1
144303,4-1-3,190.6
144303,5-1-3,242.5
144303,6-1-3,679.5
144303,1-2-5,17.9
144303,2-1-5,101.4
144303,3-1-5,301.8
144303,4-1-5,56.6
144303,5-1-4,154.5
144303,6-1-4,251.6
144303,1-2-6,17.6
144303,2-1-6,96
144303,3-1-6,450.8
144303,4-1-6,49.8
144303,5-1-6,141.5
144303,6-1-5,633.6
144303,1-3-2,21.7
144303,2-3-1,365.3
144303,3-2-1,586.1
144303,4-2-1,123.1
144303,5-2-1,478.4
144303,6-2-1,303.1
144303,1-3-4,18.2
144303,2-3-4,439.5
144303,3-2-4,669.8
144303,4-2-3,440.9
144303,5-2-3,1153
144303,6-2-3,1512
144303,1-3-5,20.7
144303,2-3-5,703.3
144303,3-2-5,919.4
144303,4-2-5,235.6
144303,5-2-4,588.5
144303,6-2-4,390.7
144303,1-3-6,30.3
144303,2-3-6,785.8
144303,3-2-6,1162
144303,4-2-6,128.8
144303,5-2-6,666.6
144303,6-2-5,1496
144303,1-4-2,9.6
144303,2-4-1,114.1
144303,3-4-1,569.5
144303,4-3-1,475.2
144303,5-3-1,857.7
144303,6-3-1,2009
144303,1-4-3,23
144303,2-4-3,385.3
144303,3-4-2,822.6
144303,4-3-2,387.5
144303,5-3-2,1780
144303,6-3-2,2705
144303,1-4-5,17.8
144303,2-4-5,321.8
144303,3-4-5,1223
144303,4-3-5,703.3
144303,5-3-4,1480
144303,6-3-4,2099
144303,1-4-6,15.7
144303,2-4-6,166.2
144303,3-4-6,1026
144303,4-3-6,386.4
144303,5-3-6,1715
144303,6-3-5,3125
144303,1-5-2,35.3
144303,2-5-1,368.2
144303,3-5-1,976.8
144303,4-5-1,70.9
144303,5-4-1,189
144303,6-4-1,331.7
144303,1-5-3,30.1
144303,2-5-3,1212
144303,3-5-2,1529
144303,4-5-2,140.8
144303,5-4-2,343.9
144303,6-4-2,377.1
144303,1-5-4,31.5
144303,2-5-4,567.2
144303,3-5-4,1562
144303,4-5-3,388.5
144303,5-4-3,764.5
144303,6-4-3,1116
144303,1-5-6,32.9
144303,2-5-6,614.2
144303,3-5-6,1981
144303,4-5-6,83.4
144303,5-4-6,214.4
144303,6-4-5,520.9
144303,1-6-2,43.4
144303,2-6-1,302.5
144303,3-6-1,1900
144303,4-6-1,86.9
144303,5-6-1,391.8
144303,6-5-1,950.4
144303,1-6-3,77.4
144303,2-6-3,919.4
144303,3-6-2,2467
144303,4-6-2,119
144303,5-6-2,703.3
144303,6-5-2,1803
144303,1-6-4,45.4
144303,2-6-4,335.7
144303,3-6-4,2099
144303,4-6-3,360.6
144303,5-6-3,1302
144303,6-5-3,3058
144303,1-6-5,65.4
144303,2-6-5,884.7
144303,3-6-5,3271
144303,4-6-5,132.9
144303,5-6-4,412.5
144303,6-5-4,736.4
144304,1-2-3,7.6
144304,2-1-3,30.5
144304,3-1-2,132.9
144304,4-1-2,178.2
144304,5-1-2,152.6
144304,6-1-2,147.8
144304,1-2-4,8.1
144304,2-1-4,29.6
144304,3-1-4,265.4
144304,4-1-3,398.8
144304,5-1-3,265
144304,6-1-3,411.6
144304,1-2-5,11.4
144304,2-1-5,37.4
144304,3-1-5,259
144304,4-1-5,244
144304,5-1-4,280.5
144304,6-1-4,379.7
144304,1-2-6,11.7
144304,2-1-6,34.4
144304,3-1-6,317.2
144304,4-1-6,247.2
144304,5-1-6,182.8
144304,6-1-5,337.5
144304,1-3-2,16.3
144304,2-3-1,101.6
144304,3-2-1,185.2
144304,4-2-1,264.3
144304,5-2-1,234.3
144304,6-2-1,226.8
144304,1-3-4,28.6
144304,2-3-4,107.4
144304,3-2-4,134.4
144304,4-2-3,563.4
144304,5-2-3,384
144304,6-2-3,509.1
144304,1-3-5,41.9
144304,2-3-5,95.3
144304,3-2-5,128.4
144304,4-2-5,221.5
144304,5-2-4,418.2
144304,6-2-4,522
144304,1-3-6,45
144304,2-3-6,117.4
144304,3-2-6,298.4
144304,4-2-6,424.3
144304,5-2-6,292.5
144304,6-2-5,445.3
144304,1-4-2,16.9
144304,2-4-1,100.2
144304,3-4-1,505.4
144304,4-3-1,752.6
144304,5-3-1,652.5
144304,6-3-1,937.3
144304,1-4-3,31
144304,2-4-3,125.5
144304,3-4-2,244.6
144304,4-3-2,721
144304,5-3-2,512.9
144304,6-3-2,752.6
144304,1-4-5,36.9
144304,2-4-5,123.6
144304,3-4-5,630.6
144304,4-3-5,1001
144304,5-3-4,1139
144304,6-3-4,1205
144304,1-4-6,34.6
144304,2-4-6,119.3
144304,3-4-6,760.9
144304,4-3-6,1057
144304,5-3-6,981.9
144304,6-3-5,1152
144304,1-5-2,29.7
144304,2-5-1,123
144304,3-5-1,557.3
144304,4-5-1,431.4
144304,5-4-1,545.5
144304,6-4-1,638.4
144304,1-5-3,51.7
144304,2-5-3,200.9
144304,3-5-2,206.4
144304,4-5-2,222.9
144304,5-4-2,701.4
144304,6-4-2,763.7
144304,1-5-4,55.5
144304,2-5-4,214.8
144304,3-5-4,711.1
144304,4-5-3,772.3
144304,5-4-3,1288
144304,6-4-3,1562
144304,1-5-6,40.5
144304,2-5-6,157.7
144304,3-5-6,733.8
144304,4-5-6,374.9
144304,5-4-6,560.3
144304,6-4-5,900.5
144304,1-6-2,34.5
144304,2-6-1,137.8
144304,3-6-1,673.9
144304,4-6-1,520.7
144304,5-6-1,302.8
144304,6-5-1,347.7
144304,1-6-3,62.8
144304,2-6-3,288.4
144304,3-6-2,577.6
144304,4-6-2,601.2
144304,5-6-2,390.5
144304,6-5-2,378.3
144304,1-6-4,68.6
144304,2-6-4,307.7
144304,3-6-4,959.1
144304,4-6-3,1213
144304,5-6-3,972.7
144304,6-5-3,1171
144304,1-6-5,58.5
144304,2-6-5,256.8
144304,3-6-5,991.4
144304,4-6-5,542.6
144304,5-6-4,802.4
144304,6-5-4,859.2
144377,1-2-3,6.7
144377,2-1-3,149.9
144377,3-1-2,138.5
144377,4-1-2,51.6
144377,5-1-2,1091
144377,6-1-2,767.2
144377,1-2-4,4.8
144377,2-1-4,78.1
144377,3-1-4,94.4
144377,4-1-3,112.8
144377,5-1-3,1155
144377,6-1-3,1558
144377,1-2-5,50.5
144377,2-1-5,405.7
144377,3-1-5,335.1
144377,4-1-5,196
144377,5-1-4,1033
144377,6-1-4,458.8
144377,1-2-6,21.1
144377,2-1-6,302.1
144377,3-1-6,257.7
144377,4-1-6,67
144377,5-1-6,1259
144377,6-1-5,2338
144377,1-3-2,11.2
144377,2-3-1,365
144377,3-2-1,324
144377,4-2-1,149
144377,5-2-1,2004
144377,6-2-1,1583
144377,1-3-4,9.4
144377,2-3-4,574.2
144377,3-2-4,414.3
144377,4-2-3,444.3
144377,5-2-3,2395
144377,6-2-3,3777
144377,1-3-5,50
144377,2-3-5,991.9
144377,3-2-5,825.2
144377,4-2-5,613.7
144377,5-2-4,3507
144377,6-2-4,1423
144377,1-3-6,29.7
144377,2-3-6,1155
144377,3-2-6,1022
144377,4-2-6,295.7
144377,5-2-6,3386
144377,6-2-5,5168
144377,1-4-2,5.2
144377,2-4-1,210.7
144377,3-4-1,231.6
144377,4-3-1,340.9
144377,5-3-1,2395
144377,6-3-1,3507
144377,1-4-3,10.3
144377,2-4-3,567.6
144377,3-4-2,386.6
144377,4-3-2,637.6
144377,5-3-2,2518
144377,6-3-2,3928
144377,1-4-5,39.3
144377,2-4-5,1103
144377,3-4-5,785.6
144377,4-3-5,884.7
144377,5-3-4,2975
144377,6-3-4,3167
144377,1-4-6,13.3
144377,2-4-6,606.1
144377,3-4-6,530.8
144377,4-3-6,637.6
144377,5-3-6,7014
144377,6-3-5,5455
144377,1-5-2,125.9
144377,2-5-1,900.9
144377,3-5-1,876.8
144377,4-5-1,385.1
144377,5-4-1,1785
144377,6-4-1,591.5
144377,1-5-3,171.9
144377,2-5-3,1785
144377,3-5-2,1327
144377,4-5-2,791.9
144377,5-4-2,3777
144377,6-4-2,1091
144377,1-5-4,141.7
144377,2-5-4,1534
144377,3-5-4,1091
144377,4-5-3,1115
144377,5-4-3,2805
144377,6-4-3,2888
144377,1-5-6,226.2
144377,2-5-6,1753
144377,3-5-6,1852
144377,4-5-6,548.6
144377,5-4-6,2283
144377,6-4-5,4091
144377,1-6-2,73.7
144377,2-6-1,853.9
144377,3-6-1,1197
144377,4-6-1,187.4
144377,5-6-1,2975
144377,6-5-1,2584
144377,1-6-3,113.9
144377,2-6-3,1583
144377,3-6-2,1964
144377,4-6-2,365
144377,5-6-2,3928
144377,6-5-2,6546
144377,1-6-4,54.2
144377,2-6-4,853.9
144377,3-6-4,1259
144377,4-6-3,818.3
144377,5-6-3,5455
144377,6-5-3,7014
144377,1-6-5,176.9
144377,2-6-5,1465
144377,3-6-5,2395
144377,4-6-5,567.6
144377,5-6-4,4463
144377,6-5-4,3928
144378,1-2-3,10.9
144378,2-1-3,26.3
144378,3-1-2,17.4
144378,4-1-2,229.6
144378,5-1-2,167.4
144378,6-1-2,2852
144378,1-2-4,31
144378,2-1-4,59
144378,3-1-4,26.4
144378,4-1-3,180.4
144378,5-1-3,100.2
144378,6-1-3,2746
144378,1-2-5,22.4
144378,2-1-5,58.8
144378,3-1-5,15.2
144378,4-1-5,222.7
144378,5-1-4,237.7
144378,6-1-4,3531
144378,1-2-6,463.5
144378,2-1-6,1177
144378,3-1-6,526
144378,4-1-6,1399
144378,5-1-6,1044
144378,6-1-5,3903
144378,1-3-2,9.7
144378,2-3-1,42
144378,3-2-1,25.6
144378,4-2-1,303.9
144378,5-2-1,216.2
144378,6-2-1,6180
144378,1-3-4,18.5
144378,2-3-4,78.4
144378,3-2-4,44.3
144378,4-2-3,254
144378,5-2-3,187.7
144378,6-2-3,4944
144378,1-3-5,9.3
144378,2-3-5,65.3
144378,3-2-5,32.5
144378,4-2-5,288.5
144378,5-2-4,284.1
144378,6-2-4,6180
144378,1-3-6,323.8
144378,2-3-6,963.2
144378,3-2-6,686.7
144378,4-2-6,1578
144378,5-2-6,1612
144378,6-2-5,7416
144378,1-4-2,51.1
144378,2-4-1,135.3
144378,3-4-1,41.2
144378,4-3-1,164.8
144378,5-3-1,87.7
144378,6-3-1,4635
144378,1-4-3,43.3
144378,2-4-3,127.8
144378,3-4-2,48.7
144378,4-3-2,195.1
144378,5-3-2,129.4
144378,6-3-2,3903
144378,1-4-5,55.9
144378,2-4-5,169.3
144378,3-4-5,29.3
144378,4-3-5,109.8
144378,5-3-4,110.8
144378,6-3-4,5705
144378,1-4-6,650.5
144378,2-4-6,2060
144378,3-4-6,529.7
144378,4-3-6,1545
144378,5-3-6,720
144378,6-3-5,4944
144378,1-5-2,43.4
144378,2-5-1,144.8
144378,3-5-1,24.8
144378,4-5-1,249.7
144378,5-4-1,273.6
144378,6-4-1,6180
144378,1-5-3,29.5
144378,2-5-3,132.4
144378,3-5-2,31.9
144378,4-5-2,307.7
144378,5-4-2,322.4
144378,6-4-2,4635
144378,1-5-4,73.8
144378,2-5-4,218.7
144378,3-5-4,31.9
144378,4-5-3,148.3
144378,5-4-3,158.8
144378,6-4-3,5705
144378,1-5-6,497.7
144378,2-5-6,2392
144378,3-5-6,561.8
144378,4-5-6,1278
144378,5-4-6,1324
144378,6-4-5,6742
144378,1-6-2,1301
144378,2-6-1,3531
144378,3-6-1,1854
144378,4-6-1,4944
144378,5-6-1,3531
144378,6-5-1,2746
144378,1-6-3,1123
144378,2-6-3,3531
144378,3-6-2,1951
144378,4-6-2,2966
144378,5-6-2,3224
144378,6-5-2,5705
144378,1-6-4,2392
144378,2-6-4,5297
144378,3-6-4,1348
144378,4-6-3,5297
144378,5-6-3,3090
144378,6-5-3,4362
144378,1-6-5,2181
144378,2-6-5,5297
144378,3-6-5,1685
144378,4-6-5,3371
144378,5-6-4,3903
144378,6-5-4,6180
144379,1-2-3,39.5
144379,2-1-3,64.2
144379,3-1-2,17.7
144379,4-1-2,196.3
144379,5-1-2,402
144379,6-1-2,3020
144379,1-2-4,79.8
144379,2-1-4,125.4
144379,3-1-4,25.4
144379,4-1-3,113.4
144379,5-1-3,166.6
144379,6-1-3,1931
144379,1-2-5,120.4
144379,2-1-5,139.4
144379,3-1-5,16.1
144379,4-1-5,228.3
144379,5-1-4,580.3
144379,6-1-4,3272
144379,1-2-6,709.6
144379,2-1-6,835.4
144379,3-1-6,173.7
144379,4-1-6,1111
144379,5-1-6,1636
144379,6-1-5,3020
144379,1-3-2,25.3
144379,2-3-1,43.6
144379,3-2-1,22
144379,4-2-1,191.5
144379,5-2-1,382.4
144379,6-2-1,2945
144379,1-3-4,27.7
144379,2-3-4,34.5
144379,3-2-4,18.9
144379,4-2-3,94.2
144379,5-2-3,138.5
144379,6-2-3,3464
144379,1-3-5,29.6
144379,2-3-5,36.2
144379,3-2-5,12.9
144379,4-2-5,165.6
144379,5-2-4,342.4
144379,6-2-4,2506
144379,1-3-6,278.4
144379,2-3-6,636.7
144379,3-2-6,196.3
144379,4-2-6,1454
144379,5-2-6,1294
144379,6-2-5,2617
144379,1-4-2,100
144379,2-4-1,133.1
144379,3-4-1,29.3
144379,4-3-1,67.1
144379,5-3-1,95.7
144379,6-3-1,1758
144379,1-4-3,54.6
144379,2-4-3,62.8
144379,3-4-2,22.6
144379,4-3-2,50.2
144379,5-3-2,78.3
144379,6-3-2,2873
144379,1-4-5,144.3
144379,2-4-5,128.3
144379,3-4-5,15.8
144379,4-3-5,45.5
144379,5-3-4,101.9
144379,6-3-4,2454
144379,1-4-6,1111
144379,2-4-6,1154
144379,3-4-6,164.9
144379,4-3-6,647.2
144379,5-3-6,429.9
144379,6-3-5,2404
144379,1-5-2,190
144379,2-5-1,237
144379,3-5-1,13
144379,4-5-1,259.4
144379,5-4-1,569.1
144379,6-4-1,3100
144379,1-5-3,90.5
144379,2-5-3,99.4
144379,3-5-2,10.5
144379,4-5-2,208.8
144379,5-4-2,490.8
144379,6-4-2,2356
144379,1-5-4,229.1
144379,2-5-4,236.5
144379,3-5-4,15.2
144379,4-5-3,128.8
144379,5-4-3,213.8
144379,6-4-3,2309
144379,1-5-6,1121
144379,2-5-6,1636
144379,3-5-6,82.7
144379,4-5-6,1570
144379,5-4-6,1869
144379,6-4-5,2945
144379,1-6-2,2141
144379,2-6-1,2181
144379,3-6-1,434.7
144379,4-6-1,2506
144379,5-6-1,2031
144379,6-5-1,2677
144379,1-6-3,1280
144379,2-6-3,1963
144379,3-6-2,413.3
144379,4-6-2,1900
144379,5-6-2,2031
144379,6-5-2,4062
144379,1-6-4,1758
144379,2-6-4,1996
144379,3-6-4,414.8
144379,4-6-3,1682
144379,5-6-3,1080
144379,6-5-3,2309
144379,1-6-5,2309
144379,2-6-5,2617
144379,3-6-5,413.3
144379,4-6-5,2617
144379,5-6-4,1931
144379,6-5-4,4363
144380,1-2-3,22.8
144380,2-1-3,20.6
144380,3-1-2,27.4
144380,4-1-2,276.5
144380,5-1-2,2129
144380,6-1-2,70.1
144380,1-2-4,45.9
144380,2-1-4,41.1
144380,3-1-4,47.9
144380,4-1-3,351.9
144380,5-1-3,1774
144380,6-1-3,68.2
144380,1-2-5,171.4
144380,2-1-5,174.2
144380,3-1-5,178.9
144380,4-1-5,1073
144380,5-1-4,2607
144380,6-1-4,180.4
144380,1-2-6,28.1
144380,2-1-6,24.1
144380,3-1-6,28.6
144380,4-1-6,243.7
144380,5-1-6,1878
144380,6-1-5,614.1
144380,1-3-2,25.6
144380,2-3-1,29.8
144380,3-2-1,30.4
144380,4-2-1,259.1
144380,5-2-1,1906
144380,6-2-1,63.3
144380,1-3-4,47.4
144380,2-3-4,35.4
144380,3-2-4,36
144380,4-2-3,232.6
144380,5-2-3,1502
144380,6-2-3,34
144380,1-3-5,168.3
144380,2-3-5,129.9
144380,3-2-5,134.3
144380,4-2-5,798.4
144380,5-2-4,1726
144380,6-2-4,95.7
144380,1-3-6,26.5
144380,2-3-6,15.1
144380,3-2-6,18
144380,4-2-6,141.6
144380,5-2-6,1228
144380,6-2-5,359.8
144380,1-4-2,95.3
144380,2-4-1,105.4
144380,3-4-1,83.3
144380,4-3-1,311.5
144380,5-3-1,1824
144380,6-3-1,74.6
144380,1-4-3,107.8
144380,2-4-3,70.9
144380,3-4-2,60.3
144380,4-3-2,209.7
144380,5-3-2,1344
144380,6-3-2,37.2
144380,1-4-5,362.9
144380,2-4-5,321.7
144380,3-4-5,244.2
144380,4-3-5,721.7
144380,5-3-4,1878
144380,6-3-4,87
144380,1-4-6,96.6
144380,2-4-6,69
144380,3-4-6,44.2
144380,4-3-6,136
144380,5-3-6,1659
144380,6-3-5,375.7
144380,1-5-2,459.5
144380,2-5-1,626.1
144380,3-5-1,431.5
144380,4-5-1,1228
144380,5-4-1,2365
144380,6-4-1,320.9
144380,1-5-3,433
144380,2-5-3,473.1
144380,3-5-2,299.8
144380,4-5-2,953.3
144380,5-4-2,2027
144380,6-4-2,190.6
144380,1-5-4,645.1
144380,2-5-4,764.9
144380,3-5-4,489.4
144380,4-5-3,1091
144380,5-4-3,2504
144380,6-4-3,165.9
144380,1-5-6,459.5
144380,2-5-6,401.7
144380,3-5-6,270
144380,4-5-6,668.8
144380,5-4-6,1878
144380,6-4-5,686.7
144380,1-6-2,45.6
144380,2-6-1,41.8
144380,3-6-1,38.5
144380,4-6-1,227.3
144380,5-6-1,2060
144380,6-5-1,1403
144380,1-6-3,43.2
144380,2-6-3,22.6
144380,3-6-2,24.6
144380,4-6-2,160
144380,5-6-2,1596
144380,6-5-2,683.1
144380,1-6-4,103.6
144380,2-6-4,60.4
144380,3-6-4,41.6
144380,4-6-3,154.4
144380,5-6-3,2322
144380,6-5-3,788.5
144380,1-6-5,338.8
144380,2-6-5,287.7
144380,3-6-5,178.4
144380,4-6-5,510.9
144380,5-6-4,1680
144380,6-5-4,1082
144381,1-2-3,18.9
144381,2-1-3,33.1
144381,3-1-2,59.3
144381,4-1-2,75.2
144381,5-1-2,542.8
144381,6-1-2,134.9
144381,1-2-4,17.3
144381,2-1-4,18.5
144381,3-1-4,86.2
144381,4-1-3,135.5
144381,5-1-3,1166
144381,6-1-3,218.7
144381,1-2-5,81.1
144381,2-1-5,128.9
144381,3-1-5,281.9
144381,4-1-5,281.9
144381,5-1-4,985.5
144381,6-1-4,198.6
144381,1-2-6,30.6
144381,2-1-6,28.8
144381,3-1-6,98.2
144381,4-1-6,83.8
144381,5-1-6,786.9
144381,6-1-5,517.9
144381,1-3-2,25.8
144381,2-3-1,59.1
144381,3-2-1,62
144381,4-2-1,56.1
144381,5-2-1,545.7
144381,6-2-1,173.5
144381,1-3-4,45.1
144381,2-3-4,33.4
144381,3-2-4,39.7
144381,4-2-3,58.2
144381,5-2-3,455.2
144381,6-2-3,217.8
144381,1-3-5,166.1
144381,2-3-5,114.5
144381,3-2-5,112.5
144381,4-2-5,130.4
144381,5-2-4,381.6
144381,6-2-4,101.1
144381,1-3-6,57
144381,2-3-6,38.8
144381,3-2-6,41.9
144381,4-2-6,28.2
144381,5-2-6,329.5
144381,6-2-5,626.6
144381,1-4-2,32.9
144381,2-4-1,27.5
144381,3-4-1,95.4
144381,4-3-1,161.1
144381,5-3-1,1253
144381,6-3-1,537.1
144381,1-4-3,58.6
144381,2-4-3,29.9
144381,3-4-2,44.4
144381,4-3-2,82.9
144381,5-3-2,525.9
144381,6-3-2,320.2
144381,1-4-5,194.1
144381,2-4-5,116.1
144381,3-4-5,145.4
144381,4-3-5,209.7
144381,5-3-4,654.9
144381,6-3-4,342.9
144381,1-4-6,53.7
144381,2-4-6,14.7
144381,3-4-6,53.3
144381,4-3-6,73.2
144381,5-3-6,488
144381,6-3-5,1153
144381,1-5-2,180.6
144381,2-5-1,329.5
144381,3-5-1,604.2
144381,4-5-1,426.5
144381,5-4-1,1127
144381,6-4-1,298.5
144381,1-5-3,363.8
144381,2-5-3,280.4
144381,3-5-2,224.5
144381,4-5-2,185.5
144381,5-4-2,412.6
144381,6-4-2,88.5
144381,1-5-4,357.4
144381,2-5-4,275.8
144381,3-5-4,317.2
144381,4-5-3,350
144381,5-4-3,704.9
144381,6-4-3,286.7
144381,1-5-6,348.8
144381,2-5-6,262.3
144381,3-5-6,256.9
144381,4-5-6,157.8
144381,5-4-6,326.4
144381,6-4-5,667.8
144381,1-6-2,69.6
144381,2-6-1,69.9
144381,3-6-1,225.5
144381,4-6-1,87.5
144381,5-6-1,1471
144381,6-5-1,1450
144381,1-6-3,107.8
144381,2-6-3,64
144381,3-6-2,125.4
144381,4-6-2,34.9
144381,5-6-2,528.7
144381,6-5-2,1492
144381,1-6-4,100.3
144381,2-6-4,33.9
144381,3-6-4,139.6
144381,4-6-3,100.3
144381,5-6-3,832
144381,6-5-3,1450
144381,1-6-5,261.6
144381,2-6-5,260.9
144381,3-6-5,367.8
144381,4-6-5,165.8
144381,5-6-4,730.3
144381,6-5-4,1335
144382,1-2-3,7.5
144382,2-1-3,40.4
144382,3-1-2,125.7
144382,4-1-2,168.3
144382,5-1-2,55.3
144382,6-1-2,1377
144382,1-2-4,9.4
144382,2-1-4,43.7
144382,3-1-4,175.4
144382,4-1-3,377.3
144382,5-1-3,108.3
144382,6-1-3,2951
144382,1-2-5,4.9
144382,2-1-5,26.7
144382,3-1-5,101.5
144382,4-1-5,116.8
144382,5-1-4,125.2
144382,6-1-4,4349
144382,1-2-6,66.8
144382,2-1-6,144.2
144382,3-1-6,888.6
144382,4-1-6,1007
144382,5-1-6,227
144382,6-1-5,1836
144382,1-3-2,12.6
144382,2-3-1,129.5
144382,3-2-1,197.7
144382,4-2-1,290.9
144382,5-2-1,103.6
144382,6-2-1,2066
144382,1-3-4,23.4
144382,2-3-4,206
144382,3-2-4,283.9
144382,4-2-3,744.5
144382,5-2-3,222.7
144382,6-2-3,6357
144382,1-3-5,16.2
144382,2-3-5,129.5
144382,3-2-5,222.7
144382,4-2-5,375.6
144382,5-2-4,254.2
144382,6-2-4,5509
144382,1-3-6,126.9
144382,2-3-6,843.2
144382,3-2-6,645.6
144382,4-2-6,1033
144382,5-2-6,529.7
144382,6-2-5,3935
144382,1-4-2,19.9
144382,2-4-1,202.5
144382,3-4-1,432.6
144382,4-3-1,598.8
144382,5-3-1,316.6
144382,6-3-1,4349
144382,1-4-3,36
144382,2-4-3,405.1
144382,3-4-2,573.9
144382,4-3-2,960.9
144382,5-3-2,428.1
144382,6-3-2,5509
144382,1-4-5,15.3
144382,2-4-5,219.2
144382,3-4-5,449.1
144382,4-3-5,860.8
144382,5-3-4,724.9
144382,6-3-4,5165
144382,1-4-6,154.4
144382,2-4-6,818.2
144382,3-4-6,1132
144382,4-3-6,1796
144382,5-3-6,1836
144382,6-3-5,5509
144382,1-5-2,10.9
144382,2-5-1,80.9
144382,3-5-1,243
144382,4-5-1,220.3
144382,5-4-1,247.4
144382,6-4-1,4349
144382,1-5-3,22.7
144382,2-5-3,160.1
144382,3-5-2,308.3
144382,4-5-2,397.3
144382,5-4-2,407.1
144382,6-4-2,5165
144382,1-5-4,27.8
144382,2-5-4,200.5
144382,3-5-4,554.6
144382,4-5-3,779.6
144382,5-4-3,737.8
144382,6-4-3,5902
144382,1-5-6,79.2
144382,2-5-6,529.7
144382,3-5-6,1116
144382,4-5-6,851.9
144382,5-4-6,1354
144382,6-4-5,5509
144382,1-6-2,234.1
144382,2-6-1,1033
144382,3-6-1,2233
144382,4-6-1,949.9
144382,5-6-1,908.1
144382,6-5-1,1836
144382,1-6-3,347.2
144382,2-6-3,3060
144382,3-6-2,2951
144382,4-6-2,2754
144382,5-6-2,1233
144382,6-5-2,2665
144382,1-6-4,430.4
144382,2-6-4,1686
144382,3-6-4,1796
144382,4-6-3,3756
144382,5-6-3,1559
144382,6-5-3,3756
144382,1-6-5,258.2
144382,2-6-5,1559
144382,3-6-5,2504
144382,4-6-5,2015
144382,5-6-4,2015
144382,6-5-4,5165
144383,1-2-3,21.8
144383,2-1-3,64.4
144383,3-1-2,64.7
144383,4-1-2,180.2
144383,5-1-2,912.2
144383,6-1-2,27
144383,1-2-4,30.2
144383,2-1-4,109.9
144383,3-1-4,47.8
144383,4-1-3,72.3
144383,5-1-3,1077
144383,6-1-3,21.1
144383,1-2-5,165.8
144383,2-1-5,421
144383,3-1-5,232.3
144383,4-1-5,476.7
144383,5-1-4,1290
144383,6-1-4,37.7
144383,1-2-6,11.9
144383,2-1-6,69.2
144383,3-1-6,37.3
144383,4-1-6,102.5
144383,5-1-6,670.7
144383,6-1-5,194.6
144383,1-3-2,30.7
144383,2-3-1,147.9
144383,3-2-1,124.6
144383,4-2-1,243
144383,5-2-1,1354
144383,6-2-1,62.3
144383,1-3-4,27
144383,2-3-4,215.4
144383,3-2-4,174.7
144383,4-2-3,223.5
144383,5-2-3,1628
144383,6-2-3,98.6
144383,1-3-5,158.9
144383,2-3-5,1060
144383,3-2-5,408.4
144383,4-2-5,877.1
144383,5-2-4,1689
144383,6-2-4,140.4
144383,1-3-6,15
144383,2-3-6,173.4
144383,3-2-6,134.8
144383,4-2-6,328.9
144383,5-2-6,1471
144383,6-2-5,480.1
144383,1-4-2,51.1
144383,2-4-1,236.3
144383,3-4-1,60.9
144383,4-3-1,76.2
144383,5-3-1,1396
144383,6-3-1,42.3
144383,1-4-3,30.3
144383,2-4-3,219.6
144383,3-4-2,131.8
144383,4-3-2,189.7
144383,5-3-2,1648
144383,6-3-2,87.9
144383,1-4-5,228.8
144383,2-4-5,943.6
144383,3-4-5,243.9
144383,4-3-5,355.4
144383,5-3-4,1710
144383,6-3-4,65
144383,1-4-6,34.6
144383,2-4-6,316
144383,3-4-6,67
144383,4-3-6,101.2
144383,5-3-6,1290
144383,6-3-5,295.5
144383,1-5-2,403.6
144383,2-5-1,1221
144383,3-5-1,473.4
144383,4-5-1,970.4
144383,5-4-1,2073
144383,6-4-1,83.4
144383,1-5-3,414.6
144383,2-5-3,1503
144383,3-5-2,608.1
144383,4-5-2,1052
144383,5-4-2,2073
144383,6-4-2,178.8
144383,1-5-4,524.2
144383,2-5-4,1303
144383,3-5-4,456.1
144383,4-5-3,701.7
144383,5-4-3,1648
144383,6-4-3,76.7
144383,1-5-6,310.9
144383,2-5-6,1628
144383,3-5-6,352.6
144383,4-5-6,844.6
144383,5-4-6,1849
144383,6-4-5,442.8
144383,1-6-2,9.9
144383,2-6-1,105.3
144383,3-6-1,50.8
144383,4-6-1,140.9
144383,5-6-1,800.2
144383,6-5-1,481.8
144383,1-6-3,9
144383,2-6-3,136.2
144383,3-6-2,100.4
144383,4-6-2,318.2
144383,5-6-2,1315
144383,6-5-2,906.1
144383,1-6-4,16.5
144383,2-6-4,203.6
144383,3-6-4,83.8
144383,4-6-3,111.9
144383,5-6-3,1130
144383,6-5-3,616.3
144383,1-6-5,108.6
144383,2-6-5,866
144383,3-6-5,260.1
144383,4-6-5,651.5
144383,5-6-4,1290
144383,6-5-4,824.3
144384,1-2-3,13.5
144384,2-1-3,119.9
144384,3-1-2,97.6
144384,4-1-2,26.3
144384,5-1-2,519.9
144384,6-1-2,2661
144384,1-2-4,5.1
144384,2-1-4,59.1
144384,3-1-4,58.4
144384,4-1-3,51.4
144384,5-1-3,504.8
144384,6-1-3,4757
144384,1-2-5,28.1
144384,2-1-5,204.4
144384,3-1-5,129.9
144384,4-1-5,27.3
144384,5-1-4,292.3
144384,6-1-4,3738
144384,1-2-6,342
144384,2-1-6,1341
144384,3-1-6,662.5
144384,4-1-6,400.5
144384,5-1-6,2243
144384,6-1-5,8263
144384,1-3-2,19.9
144384,2-3-1,254
144384,3-2-1,226.5
144384,4-2-1,67.4
144384,5-2-1,957.3
144384,6-2-1,4131
144384,1-3-4,12.6
144384,2-3-4,358.4
144384,3-2-4,279.3
144384,4-2-3,210.7
144384,5-2-3,1847
144384,6-2-3,9999
144384,1-3-5,37.2
144384,2-3-5,691.6
144384,3-2-5,532.2
144384,4-2-5,170.4
144384,5-2-4,1000
144384,6-2-4,6542
144384,1-3-6,338.3
144384,2-3-6,3489
144384,3-2-6,1618
144384,4-2-6,1180
144384,5-2-6,2962
144384,6-2-5,7476
144384,1-4-2,4.2
144384,2-4-1,103.8
144384,3-4-1,97.2
144384,4-3-1,103.7
144384,5-3-1,762.2
144384,6-3-1,5607
144384,1-4-3,9.6
144384,2-4-3,297.9
144384,3-4-2,195.7
144384,4-3-2,252
144384,5-3-2,1764
144384,6-3-2,8263
144384,1-4-5,7.4
144384,2-4-5,409.9
144384,3-4-5,206.8
144384,4-3-5,267.4
144384,5-3-4,1226
144384,6-3-4,6826
144384,1-4-6,250.8
144384,2-4-6,2754
144384,3-4-6,1207
144384,4-3-6,1377
144384,5-3-6,3140
144384,6-3-5,7850
144384,1-5-2,64.4
144384,2-5-1,620.6
144384,3-5-1,358.4
144384,4-5-1,63.9
144384,5-4-1,289.6
144384,6-4-1,7476
144384,1-5-3,85.3
144384,2-5-3,1440
144384,3-5-2,670.9
144384,4-5-2,119.4
144384,5-4-2,688.6
144384,6-4-2,6280
144384,1-5-4,40.4
144384,2-5-4,792.9
144384,3-5-4,459.1
144384,4-5-3,222.3
144384,5-4-3,1012
144384,6-4-3,9999
144384,1-5-6,503.2
144384,2-5-6,6280
144384,3-5-6,2378
144384,4-5-6,477.2
144384,5-4-6,2378
144384,6-4-5,7476
144384,1-6-2,1082
144384,2-6-1,3078
144384,3-6-1,2962
144384,4-6-1,987.5
144384,5-6-1,4486
144384,6-5-1,6038
144384,1-6-3,1266
144384,2-6-3,6542
144384,3-6-2,4757
144384,4-6-2,2093
144384,5-6-2,4906
144384,6-5-2,5414
144384,1-6-4,1137
144384,2-6-4,4131
144384,3-6-4,3340
144384,4-6-3,3019
144384,5-6-3,3829
144384,6-5-3,6038
144384,1-6-5,1585
144384,2-6-5,8263
144384,3-6-5,6280
144384,4-6-5,1962
144384,5-6-4,4906
144384,6-5-4,6826
144385,1-2-3,13.9
144385,2-1-3,33.8
144385,3-1-2,96.6
144385,4-1-2,43.8
144385,5-1-2,55.2
144385,6-1-2,1628
144385,1-2-4,7.3
144385,2-1-4,18.4
144385,3-1-4,76.9
144385,4-1-3,82.9
144385,5-1-3,103.8
144385,6-1-3,2509
144385,1-2-5,11.4
144385,2-1-5,25.5
144385,3-1-5,112.9
144385,4-1-5,41
144385,5-1-4,64.7
144385,6-1-4,3170
144385,1-2-6,166.4
144385,2-1-6,222.6
144385,3-1-6,651.2
144385,4-1-6,233.4
144385,5-1-6,220.6
144385,6-1-5,2316
144385,1-3-2,25.6
144385,2-3-1,110.5
144385,3-2-1,122.4
144385,4-2-1,59.2
144385,5-2-1,104.3
144385,6-2-1,1912
144385,1-3-4,35
144385,2-3-4,109.4
144385,3-2-4,72
144385,4-2-3,131.5
144385,5-2-3,194.3
144385,6-2-3,2868
144385,1-3-5,48.3
144385,2-3-5,128.7
144385,3-2-5,88.5
144385,4-2-5,45.6
144385,5-2-4,118.1
144385,6-2-4,2151
144385,1-3-6,326.4
144385,2-3-6,497.8
144385,3-2-6,320.4
144385,4-2-6,229.9
144385,5-2-6,489.7
144385,6-2-5,1943
144385,1-4-2,19.3
144385,2-4-1,46.9
144385,3-4-1,65
144385,4-3-1,122.3
144385,5-3-1,221.8
144385,6-3-1,3764
144385,1-4-3,41.6
144385,2-4-3,113.5
144385,3-4-2,66.6
144385,4-3-2,151.5
144385,5-3-2,223.1
144385,6-3-2,3089
144385,1-4-5,30.7
144385,2-4-5,57.7
144385,3-4-5,72.8
144385,4-3-5,131.9
144385,5-3-4,195.5
144385,6-3-4,2231
144385,1-4-6,255.2
144385,2-4-6,347.1
144385,3-4-6,301.1
144385,4-3-6,508.3
144385,5-3-6,712.8
144385,6-3-5,2509
144385,1-5-2,39
144385,2-5-1,84.3
144385,3-5-1,131.9
144385,4-5-1,46.1
144385,5-4-1,70.3
144385,6-4-1,2563
144385,1-5-3,69.5
144385,2-5-3,170.1
144385,3-5-2,101.4
144385,4-5-2,35.6
144385,5-4-2,63.7
144385,6-4-2,1974
144385,1-5-4,46.2
144385,2-5-4,88.6
144385,3-5-4,105.7
144385,4-5-3,94.1
144385,5-4-3,143.2
144385,6-4-3,3170
144385,1-5-6,291.7
144385,2-5-6,402.9
144385,3-5-6,354.3
144385,4-5-6,79.3
144385,5-4-6,132.2
144385,6-4-5,1047
144385,1-6-2,725.7
144385,2-6-1,1105
144385,3-6-1,739.1
144385,4-6-1,407
144385,5-6-1,941.2
144385,6-5-1,1943
144385,1-6-3,708.6
144385,2-6-3,1147
144385,3-6-2,879.3
144385,4-6-2,562.9
144385,5-6-2,912.6
144385,6-5-2,2077
144385,1-6-4,819.5
144385,2-6-4,1216
144385,3-6-4,1585
144385,4-6-3,948.6
144385,5-6-3,1628
144385,6-5-3,3011
144385,1-6-5,762.4
144385,2-6-5,1066
144385,3-6-5,1798
144385,4-6-5,301.9
144385,5-6-4,582
144385,6-5-4,1003
144386,1-2-3,7
144386,2-1-3,47.5
144386,3-1-2,26.3
144386,4-1-2,196.5
144386,5-1-2,28.9
144386,6-1-2,1420
144386,1-2-4,17.4
144386,2-1-4,74.3
144386,3-1-4,54.6
144386,4-1-3,278.1
144386,5-1-3,70.8
144386,6-1-3,2022
144386,1-2-5,6.8
144386,2-1-5,37
144386,3-1-5,28.8
144386,4-1-5,160.3
144386,5-1-4,128.3
144386,6-1-4,2983
144386,1-2-6,83.5
144386,2-1-6,239.6
144386,3-1-6,232.1
144386,4-1-6,509.9
144386,5-1-6,122.7
144386,6-1-5,1864
144386,1-3-2,10.6
144386,2-3-1,113.5
144386,3-2-1,61.2
144386,4-2-1,352
144386,5-2-1,52.5
144386,6-2-1,2294
144386,1-3-4,27.3
144386,2-3-4,306.7
144386,3-2-4,152.4
144386,4-2-3,615.1
144386,5-2-3,175.2
144386,6-2-3,2910
144386,1-3-5,15.2
144386,2-3-5,219.7
144386,3-2-5,86.2
144386,4-2-5,400.4
144386,5-2-4,299
144386,6-2-4,1612
144386,1-3-6,113.7
144386,2-3-6,883.9
144386,3-2-6,582.1
144386,4-2-6,883.9
144386,5-2-6,326
144386,6-2-5,2386
144386,1-4-2,39.3
144386,2-4-1,257.1
144386,3-4-1,153.9
144386,4-3-1,532.7
144386,5-3-1,135.4
144386,6-3-1,2093
144386,1-4-3,56.7
144386,2-4-3,582.1
144386,3-4-2,187
144386,4-3-2,670.4
144386,5-3-2,244.5
144386,6-3-2,2130
144386,1-4-5,38.5
144386,2-4-5,423.1
144386,3-4-5,173.4
144386,4-3-5,516.5
144386,5-3-4,430.8
144386,6-3-4,3314
144386,1-4-6,173.4
144386,2-4-6,1297
144386,3-4-6,846.3
144386,4-3-6,1591
144386,5-3-6,570.9
144386,6-3-5,2435
144386,1-5-2,11.1
144386,2-5-1,72.1
144386,3-5-1,78.2
144386,4-5-1,178.1
144386,5-4-1,163.9
144386,6-4-1,2435
144386,1-5-3,20.4
144386,2-5-3,217.3
144386,3-5-2,91.4
144386,4-5-2,261.1
144386,5-4-2,284.1
144386,6-4-2,1729
144386,1-5-4,41.2
144386,2-5-4,282.1
144386,3-5-4,159.9
144386,4-5-3,424.6
144386,5-4-3,491
144386,6-4-3,4773
144386,1-5-6,56.3
144386,2-5-6,516.5
144386,3-5-6,404.5
144386,4-5-6,368.3
144386,5-4-6,405.8
144386,6-4-5,1729
144386,1-6-2,278.1
144386,2-6-1,1037
144386,3-6-1,871
144386,4-6-1,608.8
144386,5-6-1,229
144386,6-5-1,674.1
144386,1-6-3,346.8
144386,2-6-3,1549
144386,3-6-2,994.4
144386,4-6-2,954.6
144386,5-6-2,426.1
144386,6-5-2,1570
144386,1-6-4,384.9
144386,2-6-4,1455
144386,3-6-4,1491
144386,4-6-3,1529
144386,5-6-3,560.2
144386,6-5-3,2539
144386,1-6-5,284.1
144386,2-6-5,1491
144386,3-6-5,1243
144386,4-6-5,741.2
144386,5-6-4,532.7
144386,6-5-4,1704
144387,1-2-3,6.6
144387,2-1-3,70.9
144387,3-1-2,118.4
144387,4-1-2,189.7
144387,5-1-2,185.9
144387,6-1-2,904.2
144387,1-2-4,6
144387,2-1-4,69.9
144387,3-1-4,155.4
144387,4-1-3,389.8
144387,5-1-3,337.8
144387,6-1-3,1437
144387,1-2-5,7
144387,2-1-5,67.9
144387,3-1-5,158
144387,4-1-5,191.4
144387,5-1-4,277.5
144387,6-1-4,1089
144387,1-2-6,18.3
144387,2-1-6,119
144387,3-1-6,275.7
144387,4-1-6,288.9
144387,5-1-6,238.2
144387,6-1-5,1112
144387,1-3-2,13.2
144387,2-3-1,140.3
144387,3-2-1,225.8
144387,4-2-1,315.7
144387,5-2-1,338.2
144387,6-2-1,1452
144387,1-3-4,17.3
144387,2-3-4,211.6
144387,3-2-4,420.6
144387,4-2-3,651.6
144387,5-2-3,863.1
144387,6-2-3,2632
144387,1-3-5,19.2
144387,2-3-5,225.4
144387,3-2-5,378.1
144387,4-2-5,498.7
144387,5-2-4,662.9
144387,6-2-4,1784
144387,1-3-6,34.5
144387,2-3-6,192.9
144387,3-2-6,661.3
144387,4-2-6,654.8
144387,5-2-6,768.3
144387,6-2-5,1796
144387,1-4-2,15.1
144387,2-4-1,240.1
144387,3-4-1,383
144387,4-3-1,716.5
144387,5-3-1,676.4
144387,6-3-1,2740
144387,1-4-3,28
144387,2-4-3,428.1
144387,3-4-2,589.4
144387,4-3-2,1010
144387,5-3-2,1236
144387,6-3-2,3592
144387,1-4-5,21.2
144387,2-4-5,410.9
144387,3-4-5,568
144387,4-3-5,1007
144387,5-3-4,1476
144387,6-3-4,4028
144387,1-4-6,34.7
144387,2-4-6,646.8
144387,3-4-6,939.4
144387,4-3-6,1342
144387,5-3-6,1322
144387,6-3-5,4923
144387,1-5-2,16.7
144387,2-5-1,216.4
144387,3-5-1,366.6
144387,4-5-1,306.2
144387,5-4-1,491.4
144387,6-4-1,1796
144387,1-5-3,32.5
144387,2-5-3,572.9
144387,3-5-2,618.2
144387,4-5-2,490.5
144387,5-4-2,995.7
144387,6-4-2,2556
144387,1-5-4,31.2
144387,2-5-4,452.9
144387,3-5-4,622.6
144387,4-5-3,852.1
144387,5-4-3,1452
144387,6-4-3,2769
144387,1-5-6,38.3
144387,2-5-6,611.1
144387,3-5-6,923.1
144387,4-5-6,444.5
144387,5-4-6,836
144387,6-4-5,2029
144387,1-6-2,73.2
144387,2-6-1,639
144387,3-6-1,1117
144387,4-6-1,594.7
144387,5-6-1,639
144387,6-5-1,1303
144387,1-6-3,122.5
144387,2-6-3,1493
144387,3-6-2,2060
144387,4-6-2,1225
144387,5-6-2,895.1
144387,6-5-2,1715
144387,1-6-4,88.1
144387,2-6-4,1112
144387,3-6-4,2077
144387,4-6-3,2029
144387,5-6-3,2109
144387,6-5-3,3744
144387,1-6-5,86.2
144387,2-6-5,1003
144387,3-6-5,2109
144387,4-6-5,874.5
144387,5-6-4,1126
144387,6-5-4,1760
144388,1-2-3,6.4
144388,2-1-3,44.2
144388,3-1-2,49.8
144388,4-1-2,91.1
144388,5-1-2,688.4
144388,6-1-2,1044
144388,1-2-4,7.2
144388,2-1-4,47
144388,3-1-4,45
144388,4-1-3,103.9
144388,5-1-3,466.4
144388,6-1-3,1057
144388,1-2-5,32.2
144388,2-1-5,136.4
144388,3-1-5,114.7
144388,4-1-5,146.7
144388,5-1-4,677.6
144388,6-1-4,1240
144388,1-2-6,34.1
144388,2-1-6,152.8
144388,3-1-6,127.5
144388,4-1-6,151.7
144388,5-1-6,994.1
144388,6-1-5,1996
144388,1-3-2,7.3
144388,2-3-1,117.8
144388,3-2-1,127.8
144388,4-2-1,207.4
144388,5-2-1,1059
144388,6-2-1,1479
144388,1-3-4,6.5
144388,2-3-4,173.5
144388,3-2-4,137
144388,4-2-3,326.7
144388,5-2-3,1492
144388,6-2-3,2696
144388,1-3-5,22.2
144388,2-3-5,496.6
144388,3-2-5,416.3
144388,4-2-5,585.2
144388,5-2-4,1763
144388,6-2-4,2464
144388,1-3-6,26.4
144388,2-3-6,571.5
144388,3-2-6,528.1
144388,4-2-6,587.2
144388,5-2-6,2258
144388,6-2-5,3901
144388,1-4-2,12.4
144388,2-4-1,162
144388,3-4-1,121.1
144388,4-3-1,205.3
144388,5-3-1,668.8
144388,6-3-1,1131
144388,1-4-3,13.4
144388,2-4-3,249.3
144388,3-4-2,148.6
144388,4-3-2,317.6
144388,5-3-2,1728
144388,6-3-2,2877
144388,1-4-5,29.9
144388,2-4-5,603.7
144388,3-4-5,280.4
144388,4-3-5,494.2
144388,5-3-4,1446
144388,6-3-4,2051
144388,1-4-6,31.6
144388,2-4-6,683.9
144388,3-4-6,263.5
144388,4-3-6,450.5
144388,5-3-6,2210
144388,6-3-5,3433
144388,1-5-2,77
144388,2-5-1,711.3
144388,3-5-1,353.4
144388,4-5-1,293.9
144388,5-4-1,946.6
144388,6-4-1,1220
144388,1-5-3,70.1
144388,2-5-3,1091
144388,3-5-2,596
144388,4-5-2,471.1
144388,5-4-2,1629
144388,6-4-2,2210
144388,1-5-4,80.6
144388,2-5-4,1246
144388,3-5-4,478.1
144388,4-5-3,487.2
144388,5-4-3,1369
144388,6-4-3,2288
144388,1-5-6,125.6
144388,2-5-6,1454
144388,3-5-6,900.3
144388,4-5-6,335.4
144388,5-4-6,1129
144388,6-4-5,1973
144388,1-6-2,133.1
144388,2-6-1,969.8
144388,3-6-1,572.8
144388,4-6-1,394.6
144388,5-6-1,1973
144388,6-5-1,2182
144388,1-6-3,118.8
144388,2-6-3,1458
144388,3-6-2,992.2
144388,4-6-2,682.1
144388,5-6-2,2627
144388,6-5-2,3759
144388,1-6-4,116.6
144388,2-6-4,1162
144388,3-6-4,758.4
144388,4-6-3,691.2
144388,5-6-3,2362
144388,6-5-3,3872
144388,1-6-5,215.9
144388,2-6-5,2035
144388,3-6-5,1341
144388,4-6-5,547.2
144388,5-6-4,1570
144388,6-5-4,2219
144365,1-2-3,4.4
144365,2-1-3,11.9
144365,3-1-2,41.5
144365,4-1-2,571.2
144365,5-1-2,1453
144365,6-1-2,49.7
144365,1-2-4,24
144365,2-1-4,66.3
144365,3-1-4,147
144365,4-1-3,619.2
144365,5-1-3,1729
144365,6-1-3,69.3
144365,1-2-5,115.5
144365,2-1-5,251.3
144365,3-1-5,489.9
144365,4-1-5,2023
144365,5-1-4,3225
144365,6-1-4,223.8
144365,1-2-6,5.6
144365,2-1-6,18.8
144365,3-1-6,53.9
144365,4-1-6,595.4
144365,5-1-6,1789
144365,6-1-5,334
144365,1-3-2,8.8
144365,2-3-1,41.7
144365,3-2-1,66.3
144365,4-2-1,1056
144365,5-2-1,1947
144365,6-2-1,84.3
144365,1-3-4,34.7
144365,2-3-4,219.7
144365,3-2-4,292.9
144365,4-2-3,1655
144365,5-2-3,3035
144365,6-2-3,154.1
144365,1-3-5,178.9
144365,2-3-5,864.9
144365,3-2-5,986.1
144365,4-2-5,4074
144365,5-2-4,4487
144365,6-2-4,437.3
144365,1-3-6,12.5
144365,2-3-6,73.1
144365,3-2-6,107.7
144365,4-2-6,1370
144365,5-2-6,3225
144365,6-2-5,629.3
144365,1-4-2,79.4
144365,2-4-1,311.8
144365,3-4-1,323.5
144365,4-3-1,986.1
144365,5-3-1,2438
144365,6-3-1,175.2
144365,1-4-3,92.2
144365,2-4-3,549
144365,3-4-2,575.5
144365,4-3-2,1474
144365,5-3-2,3600
144365,6-3-2,231.2
144365,1-4-5,409
144365,2-4-5,1865
144365,3-4-5,1923
144365,4-3-5,3686
144365,5-3-4,5842
144365,6-3-4,593.1
144365,1-4-6,94.7
144365,2-4-6,457.3
144365,3-4-6,510.1
144365,4-3-6,1394
144365,5-3-6,3402
144365,6-3-5,1269
144365,1-5-2,402.6
144365,2-5-1,998.8
144365,3-5-1,1525
144365,4-5-1,3870
144365,5-4-1,5076
144365,6-4-1,654.6
144365,1-5-3,474.9
144365,2-5-3,2293
144365,3-5-2,2243
144365,4-5-2,4621
144365,5-4-2,5842
144365,6-4-2,902.7
144365,1-5-4,764.5
144365,2-5-4,2692
144365,3-5-4,2814
144365,4-5-3,4691
144365,5-4-3,5842
144365,6-4-3,1086
144365,1-5-6,411.2
144365,2-5-6,1495
144365,3-5-6,2135
144365,4-5-6,2669
144365,5-4-6,4838
144365,6-4-5,2135
144365,1-6-2,12.6
144365,2-6-1,60.2
144365,3-6-1,102.8
144365,4-6-1,952.7
144365,5-6-1,1972
144365,6-5-1,785.8
144365,1-6-3,17.8
144365,2-6-3,109.8
144365,3-6-2,138.7
144365,4-6-2,1190
144365,5-6-2,2517
144365,6-5-2,1018
144365,1-6-4,65
144365,2-6-4,302
144365,3-6-4,382.2
144365,4-6-3,1328
144365,5-6-3,3159
144365,6-5-3,1446
144365,1-6-5,161.9
144365,2-6-5,739
144365,3-6-5,1094
144365,4-6-5,2580
144365,5-6-4,3225
144365,6-5-4,1769
144366,1-2-3,23.7
144366,2-1-3,168.4
144366,3-1-2,147.8
144366,4-1-2,20.8
144366,5-1-2,315.8
144366,6-1-2,441.1
144366,1-2-4,11.3
144366,2-1-4,95.7
144366,3-1-4,69.9
144366,4-1-3,23.4
144366,5-1-3,288.2
144366,6-1-3,519.9
144366,1-2-5,36.9
144366,2-1-5,212.3
144366,3-1-5,117.2
144366,4-1-5,41.7
144366,5-1-4,159
144366,6-1-4,287.4
144366,1-2-6,47.9
144366,2-1-6,265.8
144366,3-1-6,130.7
144366,4-1-6,55
144366,5-1-6,290.2
144366,6-1-5,629.3
144366,1-3-2,28.1
144366,2-3-1,226.8
144366,3-2-1,277
144366,4-2-1,70.4
144366,5-2-1,688.5
144366,6-2-1,1009
144366,1-3-4,15.5
144366,2-3-4,278.9
144366,3-2-4,285.7
144366,4-2-3,137.1
144366,5-2-3,1015
144366,6-2-3,1605
144366,1-3-5,46.4
144366,2-3-5,338.9
144366,3-2-5,371.4
144366,4-2-5,196.1
144366,5-2-4,707.8
144366,6-2-4,943
144366,1-3-6,47.1
144366,2-3-6,438.2
144366,3-2-6,417.6
144366,4-2-6,229.5
144366,5-2-6,1025
144366,6-2-5,2070
144366,1-4-2,5.6
144366,2-4-1,129.9
144366,3-4-1,100.2
144366,4-3-1,84.5
144366,5-3-1,381.3
144366,6-3-1,887.1
144366,1-4-3,6.6
144366,2-4-3,303.9
144366,3-4-2,238.8
144366,4-3-2,166.9
144366,5-3-2,988.3
144366,6-3-2,1545
144366,1-4-5,14.4
144366,2-4-5,360.4
144366,3-4-5,181.7
144366,4-3-5,219.7
144366,5-3-4,458.4
144366,6-3-4,1018
144366,1-4-6,19
144366,2-4-6,402.3
144366,3-4-6,193
144366,4-3-6,262.6
144366,5-3-6,609.5
144366,6-3-5,1246
144366,1-5-2,67.3
144366,2-5-1,501.7
144366,3-5-1,160.5
144366,4-5-1,160.6
144366,5-4-1,234
144366,6-4-1,374.4
144366,1-5-3,76
144366,2-5-3,677.2
144366,3-5-2,410.9
144366,4-5-2,318.9
144366,5-4-2,530.8
144366,6-4-2,709.3
144366,1-5-4,39
144366,2-5-4,607.2
144366,3-5-4,188.6
144366,4-5-3,362
144366,5-4-3,468.1
144366,6-4-3,839.6
144366,1-5-6,109.8
144366,2-5-6,749.7
144366,3-5-6,215.9
144366,4-5-6,371.4
144366,5-4-6,456.4
144366,6-4-5,956.7
144366,1-6-2,98.9
144366,2-6-1,653
144366,3-6-1,254.7
144366,4-6-1,214
144366,5-6-1,476.3
144366,6-5-1,962.3
144366,1-6-3,109.1
144366,2-6-3,965.2
144366,3-6-2,586.6
144366,4-6-2,384.5
144366,5-6-2,1009
144366,6-5-2,1574
144366,1-6-4,61.2
144366,2-6-4,737.9
144366,3-6-4,269.1
144366,4-6-3,468.8
144366,5-6-3,774.4
144366,6-5-3,1306
144366,1-6-5,160.4
144366,2-6-5,1065
144366,3-6-5,324.2
144366,4-6-5,507.1
144366,5-6-4,571.4
144366,6-5-4,1179
144367,1-2-3,0
144367,2-1-3,0
144367,3-1-2,0
144367,4-1-2,0
144367,5-1-2,0
144367,6-1-2,0
144367,1-2-4,0
144367,2-1-4,0
144367,3-1-4,17.4
144367,4-1-3,124.7
144367,5-1-3,21.1
144367,6-1-3,1448
144367,1-2-5,0
144367,2-1-5,0
144367,3-1-5,5.6
144367,4-1-5,124.5
144367,5-1-4,60.6
144367,6-1-4,2122
144367,1-2-6,0
144367,2-1-6,0
144367,3-1-6,159
144367,4-1-6,641.2
144367,5-1-6,166.9
144367,6-1-5,1522
144367,1-3-2,0
144367,2-3-1,0
144367,3-2-1,0
144367,4-2-1,0
144367,5-2-1,0
144367,6-2-1,0
144367,1-3-4,9.8
144367,2-3-4,0
144367,3-2-4,0
144367,4-2-3,0
144367,5-2-3,0
144367,6-2-3,0
144367,1-3-5,3.1
144367,2-3-5,0
144367,3-2-5,0
144367,4-2-5,0
144367,5-2-4,0
144367,6-2-4,0
144367,1-3-6,117.6
144367,2-3-6,0
144367,3-2-6,0
144367,4-2-6,0
144367,5-2-6,0
144367,6-2-5,0
144367,1-4-2,0
144367,2-4-1,0
144367,3-4-1,57.6
144367,4-3-1,165
144367,5-3-1,17.2
144367,6-3-1,1382
144367,1-4-3,24.7
144367,2-4-3,0
144367,3-4-2,0
144367,4-3-2,0
144367,5-3-2,0
144367,6-3-2,0
144367,1-4-5,30.5
144367,2-4-5,0
144367,3-4-5,51.3
144367,4-3-5,166.7
144367,5-3-4,35.6
144367,6-3-4,1783
144367,1-4-6,262.5
144367,2-4-6,0
144367,3-4-6,383.4
144367,4-3-6,896.9
144367,5-3-6,134.1
144367,6-3-5,1477
144367,1-5-2,0
144367,2-5-1,0
144367,3-5-1,11.3
144367,4-5-1,154.1
144367,5-4-1,123
144367,6-4-1,2620
144367,1-5-3,8
144367,2-5-3,0
144367,3-5-2,0
144367,4-5-2,0
144367,5-4-2,0
144367,6-4-2,0
144367,1-5-4,26.3
144367,2-5-4,0
144367,3-5-4,34
144367,4-5-3,157.3
144367,5-4-3,94.6
144367,6-4-3,2643
144367,1-5-6,188.9
144367,2-5-6,0
144367,3-5-6,161.2
144367,4-5-6,559.1
144367,5-4-6,415.1
144367,6-4-5,2450
144367,1-6-2,0
144367,2-6-1,0
144367,3-6-1,797.2
144367,4-6-1,1561
144367,5-6-1,354.1
144367,6-5-1,1561
144367,1-6-3,617.5
144367,2-6-3,0
144367,3-6-2,0
144367,4-6-2,0
144367,5-6-2,0
144367,6-5-2,0
144367,1-6-4,894.2
144367,2-6-4,0
144367,3-6-4,1032
144367,4-6-3,1620
144367,5-6-3,306.9
144367,6-5-3,1388
144367,1-6-5,812.3
144367,2-6-5,0
144367,3-6-5,761
144367,4-6-5,1577
144367,5-6-4,601.5
144367,6-5-4,1860
144368,1-2-3,5.7
144368,2-1-3,46.1
144368,3-1-2,70.3
144368,4-1-2,662.8
144368,5-1-2,73.7
144368,6-1-2,649.3
144368,1-2-4,21.8
144368,2-1-4,136.1
144368,3-1-4,167.4
144368,4-1-3,832.8
144368,5-1-3,67.1
144368,6-1-3,461.3
144368,1-2-5,9.1
144368,2-1-5,64.5
144368,3-1-5,70.6
144368,4-1-5,701.2
144368,5-1-4,230.8
144368,6-1-4,1524
144368,1-2-6,27
144368,2-1-6,148
144368,3-1-6,136.1
144368,4-1-6,1052
144368,5-1-6,73
144368,6-1-5,432.8
144368,1-3-2,6.8
144368,2-3-1,153.4
144368,3-2-1,188.2
144368,4-2-1,1123
144368,5-2-1,164.9
144368,6-2-1,1391
144368,1-3-4,23.6
144368,2-3-4,697
144368,3-2-4,741.3
144368,4-2-3,2191
144368,5-2-3,313.6
144368,6-2-3,1895
144368,1-3-5,7
144368,2-3-5,338.4
144368,3-2-5,369
144368,4-2-5,2026
144368,5-2-4,654.1
144368,6-2-4,2874
144368,1-3-6,18.5
144368,2-3-6,605.5
144368,3-2-6,830.9
144368,4-2-6,2697
144368,5-2-6,324.6
144368,6-2-5,1685
144368,1-4-2,59.5
144368,2-4-1,749.2
144368,3-4-1,787.9
144368,4-3-1,1419
144368,5-3-1,170.7
144368,6-3-1,787.9
144368,1-4-3,73.4
144368,2-4-3,1270
144368,3-4-2,1328
144368,4-3-2,2401
144368,5-3-2,379.8
144368,6-3-2,1855
144368,1-4-5,83.8
144368,2-4-5,1348
144368,3-4-5,1092
144368,4-3-5,2219
144368,5-3-4,811.6
144368,6-3-4,2782
144368,1-4-6,116.8
144368,2-4-6,2062
144368,3-4-6,1461
144368,4-3-6,2578
144368,5-3-6,277.1
144368,6-3-5,1095
144368,1-5-2,14.6
144368,2-5-1,209.5
144368,3-5-1,194.3
144368,4-5-1,1013
144368,5-4-1,960.6
144368,6-4-1,3577
144368,1-5-3,13.5
144368,2-5-3,409.1
144368,3-5-2,453.6
144368,4-5-2,1770
144368,5-4-2,1537
144368,6-4-2,4675
144368,1-5-4,55
144368,2-5-4,1001
144368,3-5-4,779.2
144368,4-5-3,1762
144368,5-4-3,1498
144368,6-4-3,5009
144368,1-5-6,22.5
144368,2-5-6,528.8
144368,3-5-6,357.7
144368,4-5-6,1391
144368,5-4-6,1213
144368,6-4-5,2578
144368,1-6-2,80.4
144368,2-6-1,815.4
144368,3-6-1,562.8
144368,4-6-1,2597
144368,5-6-1,141.5
144368,6-5-1,498
144368,1-6-3,61.6
144368,2-6-3,1226
144368,3-6-2,1669
144368,4-6-2,4125
144368,5-6-2,279.8
144368,6-5-2,1172
144368,1-6-4,167.4
144368,2-6-4,2026
144368,3-6-4,2138
144368,4-6-3,4125
144368,5-6-3,228.1
144368,6-5-3,815.4
144368,1-6-5,64.3
144368,2-6-5,1034
144368,3-6-5,718.5
144368,4-6-5,3246
144368,5-6-4,609.8
144368,6-5-4,1981
144369,1-2-3,13.6
144369,2-1-3,171.9
144369,3-1-2,267.8
144369,4-1-2,52.5
144369,5-1-2,1514
144369,6-1-2,89.4
144369,1-2-4,9.6
144369,2-1-4,119.1
144369,3-1-4,181.3
144369,4-1-3,80
144369,5-1-3,1475
144369,6-1-3,113.2
144369,1-2-5,160
144369,2-1-5,676.6
144369,3-1-5,847
144369,4-1-5,159.8
144369,5-1-4,1137
144369,6-1-4,61
144369,1-2-6,12.6
144369,2-1-6,140.5
144369,3-1-6,168.2
144369,4-1-6,23.1
144369,5-1-6,952.9
144369,6-1-5,412.8
144369,1-3-2,15.5
144369,2-3-1,412.8
144369,3-2-1,498.2
144369,4-2-1,119.9
144369,5-2-1,2722
144369,6-2-1,199.2
144369,1-3-4,11.1
144369,2-3-4,661
144369,3-2-4,688.8
144369,4-2-3,318.9
144369,5-2-3,3363
144369,6-2-3,501.5
144369,1-3-5,151
144369,2-3-5,2357
144369,3-2-5,2382
144369,4-2-5,579
144369,5-2-4,3009
144369,6-2-4,242
144369,1-3-6,11.5
144369,2-3-6,816.8
144369,3-2-6,889.9
144369,4-2-6,85.8
144369,5-2-6,2513
144369,6-2-5,1256
144369,1-4-2,14.2
144369,2-4-1,249.6
144369,3-4-1,326.2
144369,4-3-1,186.8
144369,5-3-1,3090
144369,6-3-1,285.1
144369,1-4-3,15.9
144369,2-4-3,644.2
144369,3-4-2,653.4
144369,4-3-2,464.8
144369,5-3-2,4574
144369,6-3-2,541.9
144369,1-4-5,155.1
144369,2-4-5,1669
144369,3-4-5,2486
144369,4-3-5,1083
144369,5-3-4,4084
144369,6-3-4,390.2
144369,1-4-6,9.3
144369,2-4-6,306.5
144369,3-4-6,270.3
144369,4-3-6,108.3
144369,5-3-6,3465
144369,6-3-5,1337
144369,1-5-2,405.5
144369,2-5-1,2459
144369,3-5-1,2117
144369,4-5-1,230.5
144369,5-4-1,1270
144369,6-4-1,71
144369,1-5-3,378.6
144369,2-5-3,3133
144369,3-5-2,3314
144369,4-5-2,516.2
144369,5-4-2,2333
144369,6-4-2,142.5
144369,1-5-4,381.8
144369,2-5-4,3049
144369,3-5-4,3413
144369,4-5-3,816.8
144369,5-4-3,2722
144369,6-4-3,225.1
144369,1-5-6,275.5
144369,2-5-6,2357
144369,3-5-6,2628
144369,4-5-6,168.2
144369,5-4-6,896.9
144369,6-4-5,364.7
144369,1-6-2,22.2
144369,2-6-1,327.2
144369,3-6-1,384.3
144369,4-6-1,24.4
144369,5-6-1,1329
144369,6-5-1,1003
144369,1-6-3,22.3
144369,2-6-3,922.2
144369,3-6-2,904
144369,4-6-2,48.3
144369,5-6-2,2024
144369,6-5-2,1353
144369,1-6-4,15.6
144369,2-6-4,428.3
144369,3-6-4,470.6
144369,4-6-3,80.7
144369,5-6-3,2357
144369,6-5-3,2220
144369,1-6-5,186.7
144369,2-6-5,2079
144369,3-6-5,2382
144369,4-6-5,101.2
144369,5-6-4,1044
144369,6-5-4,730.7
144370,1-2-3,22.4
144370,2-1-3,120.9
144370,3-1-2,113.1
144370,4-1-2,59.6
144370,5-1-2,171.5
144370,6-1-2,2035
144370,1-2-4,17.2
144370,2-1-4,100.8
144370,3-1-4,40
144370,4-1-3,34.8
144370,5-1-3,110
144370,6-1-3,1806
144370,1-2-5,34.3
144370,2-1-5,146.7
144370,3-1-5,56.6
144370,4-1-5,27.2
144370,5-1-4,76.6
144370,6-1-4,1747
144370,1-2-6,225.5
144370,2-1-6,855.2
144370,3-1-6,562.1
144370,4-1-6,200.2
144370,5-1-6,485.7
144370,6-1-5,1806
144370,1-3-2,22.9
144370,2-3-1,205.8
144370,3-2-1,228.7
144370,4-2-1,159.5
144370,5-2-1,362.9
144370,6-2-1,3152
144370,1-3-4,8.4
144370,2-3-4,181.8
144370,3-2-4,186.5
144370,4-2-3,186.3
144370,5-2-3,512
144370,6-2-3,3152
144370,1-3-5,13
144370,2-3-5,250
144370,3-2-5,239.9
144370,4-2-5,157.3
144370,5-2-4,374.7
144370,6-2-4,2330
144370,1-3-6,180.8
144370,2-3-6,1276
144370,3-2-6,1086
144370,4-2-6,846.2
144370,5-2-6,1640
144370,6-2-5,3921
144370,1-4-2,12.2
144370,2-4-1,158.2
144370,3-4-1,58
144370,4-3-1,65.3
144370,5-3-1,213.2
144370,6-3-1,2772
144370,1-4-3,8.8
144370,2-4-3,189.1
144370,3-4-2,137.3
144370,4-3-2,152.2
144370,5-3-2,493.2
144370,6-3-2,3739
144370,1-4-5,8.1
144370,2-4-5,169.2
144370,3-4-5,53.2
144370,4-3-5,61
144370,5-3-4,149.1
144370,6-3-4,2820
144370,1-4-6,124.2
144370,2-4-6,1140
144370,3-4-6,539.5
144370,4-3-6,508.8
144370,5-3-6,1461
144370,6-3-5,3349
144370,1-5-2,42.6
144370,2-5-1,315.8
144370,3-5-1,124
144370,4-5-1,43.3
144370,5-4-1,99
144370,6-4-1,1869
144370,1-5-3,27.2
144370,2-5-3,405
144370,3-5-2,260.1
144370,4-5-2,93.4
144370,5-4-2,205
144370,6-4-2,2635
144370,1-5-4,17.9
144370,2-5-4,290.7
144370,3-5-4,92.6
144370,4-5-3,60.6
144370,5-4-3,122.7
144370,6-4-3,2330
144370,1-5-6,180
144370,2-5-6,1692
144370,3-5-6,705.1
144370,4-5-6,261.8
144370,5-4-6,751.3
144370,6-4-5,2088
144370,1-6-2,669.9
144370,2-6-1,3281
144370,3-6-1,2202
144370,4-6-1,1079
144370,5-6-1,1374
144370,6-5-1,2264
144370,1-6-3,751.3
144370,2-6-3,3152
144370,3-6-2,2436
144370,4-6-2,1561
144370,5-6-2,2233
144370,6-5-2,3215
144370,1-6-4,508.8
144370,2-6-4,2436
144370,3-6-4,1985
144370,4-6-3,1546
144370,5-6-3,2399
144370,6-5-3,3654
144370,1-6-5,546.8
144370,2-6-5,3495
144370,3-6-5,2364
144370,4-6-5,1132
144370,5-6-4,1891
144370,6-5-4,2364
144371,1-2-3,21.1
144371,2-1-3,75.5
144371,3-1-2,28
144371,4-1-2,62.6
144371,5-1-2,0
144371,6-1-2,196.9
144371,1-2-4,34.8
144371,2-1-4,140.2
144371,3-1-4,12.8
144371,4-1-3,38.6
144371,5-1-3,0
144371,6-1-3,121.1
144371,1-2-5,0
144371,2-1-5,0
144371,3-1-5,0
144371,4-1-5,0
144371,5-1-4,0
144371,6-1-4,136.4
144371,1-2-6,60.9
144371,2-1-6,208.5
144371,3-1-6,19.7
144371,4-1-6,41.2
144371,5-1-6,0
144371,6-1-5,0
144371,1-3-2,16.5
144371,2-3-1,140.1
144371,3-2-1,76
144371,4-2-1,157
144371,5-2-1,0
144371,6-2-1,289.4
144371,1-3-4,7.2
144371,2-3-4,169.5
144371,3-2-4,67.1
144371,4-2-3,113.1
144371,5-2-3,0
144371,6-2-3,289.9
144371,1-3-5,0
144371,2-3-5,0
144371,3-2-5,0
144371,4-2-5,0
144371,5-2-4,0
144371,6-2-4,294.7
144371,1-3-6,14.5
144371,2-3-6,206.6
144371,3-2-6,88.5
144371,4-2-6,114.6
144371,5-2-6,0
144371,6-2-5,0
144371,1-4-2,41.9
144371,2-4-1,274.4
144371,3-4-1,22.3
144371,4-3-1,38.6
144371,5-3-1,0
144371,6-3-1,133
144371,1-4-3,19.6
144371,2-4-3,224.6
144371,3-4-2,43.1
144371,4-3-2,51.2
144371,5-3-2,0
144371,6-3-2,185.7
144371,1-4-5,0
144371,2-4-5,0
144371,3-4-5,0
144371,4-3-5,0
144371,5-3-4,0
144371,6-3-4,95.2
144371,1-4-6,34.4
144371,2-4-6,297.4
144371,3-4-6,17.6
144371,4-3-6,28
144371,5-3-6,0
144371,6-3-5,0
144371,1-5-2,0
144371,2-5-1,0
144371,3-5-1,0
144371,4-5-1,0
144371,5-4-1,0
144371,6-4-1,105.7
144371,1-5-3,0
144371,2-5-3,0
144371,3-5-2,0
144371,4-5-2,0
144371,5-4-2,0
144371,6-4-2,144.1
144371,1-5-4,0
144371,2-5-4,0
144371,3-5-4,0
144371,4-5-3,0
144371,5-4-3,0
144371,6-4-3,69
144371,1-5-6,0
144371,2-5-6,0
144371,3-5-6,0
144371,4-5-6,0
144371,5-4-6,0
144371,6-4-5,0
144371,1-6-2,97.7
144371,2-6-1,508.7
144371,3-6-1,40.5
144371,4-6-1,26.6
144371,5-6-1,0
144371,6-5-1,0
144371,1-6-3,51.1
144371,2-6-3,386.8
144371,3-6-2,67.8
144371,4-6-2,41
144371,5-6-2,0
144371,6-5-2,0
144371,1-6-4,65.4
144371,2-6-4,455.1
144371,3-6-4,29.6
144371,4-6-3,23.1
144371,5-6-3,0
144371,6-5-3,0
144371,1-6-5,0
144371,2-6-5,0
144371,3-6-5,0
144371,4-6-5,0
144371,5-6-4,0
144371,6-5-4,0
144372,1-2-3,40.6
144372,2-1-3,32.3
144372,3-1-2,144
144372,4-1-2,90
144372,5-1-2,405.9
144372,6-1-2,415.6
144372,1-2-4,33
144372,2-1-4,22.3
144372,3-1-4,214.5
144372,4-1-3,245
144372,5-1-3,841.5
144372,6-1-3,947.8
144372,1-2-5,82.9
144372,2-1-5,60.5
144372,3-1-5,354.9
144372,4-1-5,191.4
144372,5-1-4,510.3
144372,6-1-4,549.4
144372,1-2-6,49.2
144372,2-1-6,30.7
144372,3-1-6,249.6
144372,4-1-6,121.3
144372,5-1-6,475.2
144372,6-1-5,1214
144372,1-3-2,61.8
144372,2-3-1,52.7
144372,3-2-1,123.1
144372,4-2-1,72.3
144372,5-2-1,358.6
144372,6-2-1,254.8
144372,1-3-4,79.6
144372,2-3-4,19.1
144372,3-2-4,45
144372,4-2-3,54.9
144372,5-2-3,284.6
144372,6-2-3,221.4
144372,1-3-5,160.3
144372,2-3-5,44
144372,3-2-5,94
144372,4-2-5,65.8
144372,5-2-4,171.8
144372,6-2-4,78.1
144372,1-3-6,134.2
144372,2-3-6,23.5
144372,3-2-6,48
144372,4-2-6,23.7
144372,5-2-6,124
144372,6-2-5,277.3
144372,1-4-2,50
144372,2-4-1,27
144372,3-4-1,230.6
144372,4-3-1,281.8
144372,5-3-1,1091
144372,6-3-1,1039
144372,1-4-3,82.3
144372,2-4-3,16.3
144372,3-4-2,74.6
144372,4-3-2,101.2
144372,5-3-2,412.7
144372,6-3-2,323
144372,1-4-5,119.8
144372,2-4-5,27.4
144372,3-4-5,174.2
144372,4-3-5,256.3
144372,5-3-4,641.3
144372,6-3-4,367
144372,1-4-6,71.7
144372,2-4-6,11.2
144372,3-4-6,92.7
144372,4-3-6,114
144372,5-3-6,569.3
144372,6-3-5,802.3
144372,1-5-2,208.3
144372,2-5-1,141.2
144372,3-5-1,498.5
144372,4-5-1,222
144372,5-4-1,613.9
144372,6-4-1,419.7
144372,1-5-3,412.7
144372,2-5-3,97.1
144372,3-5-2,197.6
144372,4-5-2,110.5
144372,5-4-2,238.2
144372,6-4-2,91.8
144372,1-5-4,326.1
144372,2-5-4,70.5
144372,3-5-4,284.6
144372,4-5-3,287.5
144372,5-4-3,627.3
144372,6-4-3,302.1
144372,1-5-6,349.2
144372,2-5-6,61.4
144372,3-5-6,279.6
144372,4-5-6,92.4
144372,5-4-6,212.7
144372,6-4-5,343.6
144372,1-6-2,153.8
144372,2-6-1,72.5
144372,3-6-1,504.4
144372,4-6-1,127.5
144372,5-6-1,721.8
144372,6-5-1,1337
144372,1-6-3,352.7
144372,2-6-3,42.4
144372,3-6-2,134
144372,4-6-2,38.3
144372,5-6-2,209.3
144372,6-5-2,424.9
144372,1-6-4,211.6
144372,2-6-4,25.9
144372,3-6-4,189.1
144372,4-6-3,105.1
144372,5-6-3,605.3
144372,6-5-3,917.6
144372,1-6-5,453.9
144372,2-6-5,57.6
144372,3-6-5,340.9
144372,4-6-5,100.5
144372,5-6-4,300
144372,6-5-4,472.6
144373,1-2-3,56.5
144373,2-1-3,193.3
144373,3-1-2,367.2
144373,4-1-2,189.9
144373,5-1-2,574
144373,6-1-2,19.4
144373,1-2-4,40.2
144373,2-1-4,159.9
144373,3-1-4,209.5
144373,4-1-3,223.9
144373,5-1-3,914.9
144373,6-1-3,23.3
144373,1-2-5,81
144373,2-1-5,185.1
144373,3-1-5,343.8
144373,4-1-5,118.1
144373,5-1-4,414.8
144373,6-1-4,13.7
144373,1-2-6,25.5
144373,2-1-6,116.9
144373,3-1-6,200.7
144373,4-1-6,69.2
144373,5-1-6,285
144373,6-1-5,28.1
144373,1-3-2,69.7
144373,2-3-1,223
144373,3-2-1,405.8
144373,4-2-1,316.2
144373,5-2-1,813.2
144373,6-2-1,67.3
144373,1-3-4,47.7
144373,2-3-4,186.1
144373,3-2-4,281.9
144373,4-2-3,427.8
144373,5-2-3,1234
144373,6-2-3,109.8
144373,1-3-5,95.6
144373,2-3-5,239.9
144373,3-2-5,338.7
144373,4-2-5,254.9
144373,5-2-4,833.1
144373,6-2-4,58.6
144373,1-3-6,38
144373,2-3-6,227.2
144373,3-2-6,340.4
144373,4-2-6,223.7
144373,5-2-6,843.4
144373,6-2-5,135.5
144373,1-4-2,40.7
144373,2-4-1,158.8
144373,3-4-1,230
144373,4-3-1,291.1
144373,5-3-1,1433
144373,6-3-1,103.5
144373,1-4-3,44.3
144373,2-4-3,228.4
144373,3-4-2,319.2
144373,4-3-2,413.2
144373,5-3-2,1463
144373,6-3-2,170.6
144373,1-4-5,51.9
144373,2-4-5,167
144373,3-4-5,126.5
144373,4-3-5,159.4
144373,5-3-4,791.3
144373,6-3-4,74.2
144373,1-4-6,18.8
144373,2-4-6,133.8
144373,3-4-6,116.7
144373,4-3-6,172.8
144373,5-3-6,1084
144373,6-3-5,164.8
144373,1-5-2,175.9
144373,2-5-1,460.5
144373,3-5-1,595.7
144373,4-5-1,176.6
144373,5-4-1,419.1
144373,6-4-1,36
144373,1-5-3,173.2
144373,2-5-3,504.7
144373,3-5-2,737.2
144373,4-5-2,350.9
144373,5-4-2,721.6
144373,6-4-2,68.1
144373,1-5-4,133.6
144373,2-5-4,367.2
144373,3-5-4,269.3
144373,4-5-3,256.5
144373,5-4-3,615.4
144373,6-4-3,68.2
144373,1-5-6,92.3
144373,2-5-6,349.7
144373,3-5-6,346.1
144373,4-5-6,129.9
144373,5-4-6,310.9
144373,6-4-5,58.4
144373,1-6-2,12
144373,2-6-1,131.2
144373,3-6-1,186.1
144373,4-6-1,72.9
144373,5-6-1,327.9
144373,6-5-1,143.4
144373,1-6-3,15.5
144373,2-6-3,188.8
144373,3-6-2,327.9
144373,4-6-2,153.5
144373,5-6-2,619.1
144373,6-5-2,228.9
144373,1-6-4,9.3
144373,2-6-4,107.9
144373,3-6-4,105.4
144373,4-6-3,125.1
144373,5-6-3,776.3
144373,6-5-3,310
144373,1-6-5,29.7
144373,2-6-5,231
144373,3-6-5,196.3
144373,4-6-5,76.9
144373,5-6-4,345
144373,6-5-4,130.9
144374,1-2-3,10.2
144374,2-1-3,134.4
144374,3-1-2,147.4
144374,4-1-2,58
144374,5-1-2,287.8
144374,6-1-2,561.1
144374,1-2-4,6.2
144374,2-1-4,104.2
144374,3-1-4,86.5
144374,4-1-3,76.1
144374,5-1-3,448.6
144374,6-1-3,992.2
144374,1-2-5,25.7
144374,2-1-5,286.1
144374,3-1-5,190.6
144374,4-1-5,54
144374,5-1-4,167
144374,6-1-4,548.5
144374,1-2-6,31.4
144374,2-1-6,262.4
144374,3-1-6,316.5
144374,4-1-6,77
144374,5-1-6,294
144374,6-1-5,1119
144374,1-3-2,17.1
144374,2-3-1,357.8
144374,3-2-1,377.2
144374,4-2-1,162.4
144374,5-2-1,835.9
144374,6-2-1,935.2
144374,1-3-4,10.8
144374,2-3-4,661.4
144374,3-2-4,521.5
144374,4-2-3,384.3
144374,5-2-3,1333
144374,6-2-3,1706
144374,1-3-5,31
144374,2-3-5,1075
144374,3-2-5,1000
144374,4-2-5,318.6
144374,5-2-4,910.7
144374,6-2-4,1190
144374,1-3-6,49.2
144374,2-3-6,1427
144374,3-2-6,1232
144374,4-2-6,339
144374,5-2-6,1214
144374,6-2-5,2000
144374,1-4-2,7.3
144374,2-4-1,249
144374,3-4-1,165.9
144374,4-3-1,194
144374,5-3-1,1151
144374,6-3-1,1435
144374,1-4-3,11.1
144374,2-4-3,563.7
144374,3-4-2,408.1
144374,4-3-2,452
144374,5-3-2,1794
144374,6-3-2,1937
144374,1-4-5,11.3
144374,2-4-5,835.9
144374,3-4-5,457
144374,4-3-5,431.2
144374,5-3-4,1196
144374,6-3-4,1516
144374,1-4-6,18.7
144374,2-4-6,853.4
144374,3-4-6,556
144374,4-3-6,534.1
144374,5-3-6,1835
144374,6-3-5,2260
144374,1-5-2,33.5
144374,2-5-1,1151
144374,3-5-1,642.3
144374,4-5-1,101.7
144374,5-4-1,271.5
144374,6-4-1,668.7
144374,1-5-3,57.3
144374,2-5-3,1461
144374,3-5-2,1226
144374,4-5-2,208
144374,5-4-2,557.2
144374,6-4-2,1135
144374,1-5-4,22.9
144374,2-5-4,1239
144374,3-5-4,830.2
144374,4-5-3,332
144374,5-4-3,762.7
144374,6-4-3,1497
144374,1-5-6,50.6
144374,2-5-6,1564
144374,3-5-6,1184
144374,4-5-6,124.3
144374,5-4-6,287.1
144374,6-4-5,1012
144374,1-6-2,90.8
144374,2-6-1,924.5
144374,3-6-1,1104
144374,4-6-1,164.9
144374,5-6-1,715.7
144374,6-5-1,1525
144374,1-6-3,149.3
144374,2-6-3,1574
144374,3-6-2,1341
144374,4-6-2,288.1
144374,5-6-2,1104
144374,6-5-2,2141
144374,1-6-4,69.4
144374,2-6-4,1239
144374,3-6-4,1135
144374,4-6-3,465.8
144374,5-6-3,1683
144374,6-5-3,1835
144374,1-6-5,101.2
144374,2-6-5,1984
144374,3-6-5,1497
144374,4-6-5,212.2
144374,5-6-4,666.9
144374,6-5-4,1298
144375,1-2-3,3.4
144375,2-1-3,21.3
144375,3-1-2,47.4
144375,4-1-2,249.2
144375,5-1-2,427.7
144375,6-1-2,2121
144375,1-2-4,7.7
144375,2-1-4,41.7
144375,3-1-4,64.5
144375,4-1-3,257.5
144375,5-1-3,450.6
144375,6-1-3,2805
144375,1-2-5,14
144375,2-1-5,54.5
144375,3-1-5,86.7
144375,4-1-5,308.7
144375,5-1-4,663.9
144375,6-1-4,3574
144375,1-2-6,43.3
144375,2-1-6,174.8
144375,3-1-6,208.4
144375,4-1-6,528.1
144375,5-1-6,795.5
144375,6-1-5,3894
144375,1-3-2,6
144375,2-3-1,63.6
144375,3-2-1,95.3
144375,4-2-1,469.2
144375,5-2-1,724.8
144375,6-2-1,3034
144375,1-3-4,10.4
144375,2-3-4,152.7
144375,3-2-4,198.8
144375,4-2-3,720.8
144375,5-2-3,1100
144375,6-2-3,3675
144375,1-3-5,17.1
144375,2-3-5,184.2
144375,3-2-5,262.2
144375,4-2-5,855.5
144375,5-2-4,1219
144375,6-2-4,3837
144375,1-3-6,43.3
144375,2-3-6,476.1
144375,3-2-6,449.8
144375,4-2-6,1208
144375,5-2-6,1850
144375,6-2-5,5218
144375,1-4-2,22.6
144375,2-4-1,216.8
144375,3-4-1,154.9
144375,4-3-1,342.8
144375,5-3-1,669
144375,6-3-1,3433
144375,1-4-3,25.5
144375,2-4-3,299.5
144375,3-4-2,226.8
144375,4-3-2,539.1
144375,5-3-2,1154
144375,6-3-2,4208
144375,1-4-5,53.3
144375,2-4-5,465.9
144375,3-4-5,267.3
144375,4-3-5,728.8
144375,5-3-4,1351
144375,6-3-4,5116
144375,1-4-6,90.3
144375,2-4-6,765.1
144375,3-4-6,442.2
144375,4-3-6,1031
144375,5-3-6,1787
144375,6-3-5,5798
144375,1-5-2,51.8
144375,2-5-1,349.3
144375,3-5-1,300.2
144375,4-5-1,577.2
144375,5-4-1,1159
144375,6-4-1,3345
144375,1-5-3,62.2
144375,2-5-3,564.7
144375,3-5-2,453.7
144375,4-5-2,952.3
144375,5-4-2,1799
144375,6-4-2,4077
144375,1-5-4,111
144375,2-5-4,774.2
144375,3-5-4,491.3
144375,4-5-3,1039
144375,5-4-3,1763
144375,6-4-3,5672
144375,1-5-6,136.4
144375,2-5-6,922
144375,3-5-6,688.4
144375,4-5-6,1011
144375,5-4-6,1863
144375,6-4-5,5325
144375,1-6-2,267
144375,2-6-1,1078
144375,3-6-1,988.3
144375,4-6-1,1003
144375,5-6-1,2192
144375,6-5-1,4208
144375,1-6-3,297.8
144375,2-6-3,2138
144375,3-6-2,1571
144375,4-6-2,1441
144375,5-6-2,2662
144375,6-5-2,5017
144375,1-6-4,319.3
144375,2-6-4,1863
144375,3-6-4,1850
144375,4-6-3,1591
144375,5-6-3,2746
144375,6-5-3,5017
144375,1-6-5,359.9
144375,2-6-5,2533
144375,3-6-5,1799
144375,4-6-5,1395
144375,5-6-4,3221
144375,6-5-4,5017
144376,1-2-3,4.8
144376,2-1-3,57.2
144376,3-1-2,77.5
144376,4-1-2,175.3
144376,5-1-2,465.9
144376,6-1-2,1196
144376,1-2-4,7.5
144376,2-1-4,77.9
144376,3-1-4,74.5
144376,4-1-3,179.4
144376,5-1-3,447.8
144376,6-1-3,1376
144376,1-2-5,15.7
144376,2-1-5,134.3
144376,3-1-5,127.2
144376,4-1-5,249.8
144376,5-1-4,518.8
144376,6-1-4,1454
144376,1-2-6,40.1
144376,2-1-6,228.2
144376,3-1-6,238.4
144376,4-1-6,383.2
144376,5-1-6,806.4
144376,6-1-5,2408
144376,1-3-2,6.4
144376,2-3-1,151.6
144376,3-2-1,180.6
144376,4-2-1,348.7
144376,5-2-1,918.7
144376,6-2-1,2109
144376,1-3-4,7.2
144376,2-3-4,342.4
144376,3-2-4,387.4
144376,4-2-3,721.5
144376,5-2-3,1584
144376,6-2-3,3529
144376,1-3-5,13.4
144376,2-3-5,556.1
144376,3-2-5,606.2
144376,4-2-5,840.7
144376,5-2-4,1543
144376,6-2-4,2970
144376,1-3-6,33.7
144376,2-3-6,907
144376,3-2-6,882.3
144376,4-2-6,1128
144376,5-2-6,1756
144376,6-2-5,3637
144376,1-4-2,17.3
144376,2-4-1,267.4
144376,3-4-1,209.3
144376,4-3-1,345.4
144376,5-3-1,858.9
144376,6-3-1,2806
144376,1-4-3,15.2
144376,2-4-3,474.6
144376,3-4-2,372.4
144376,4-3-2,701.7
144376,5-3-2,1846
144376,6-3-2,4752
144376,1-4-5,27.2
144376,2-4-5,711.5
144376,3-4-5,466.5
144376,4-3-5,753.6
144376,5-3-4,1454
144376,6-3-4,3270
144376,1-4-6,40.9
144376,2-4-6,1039
144376,3-4-6,711.5
144376,4-3-6,1107
144376,5-3-6,2528
144376,6-3-5,4883
144376,1-5-2,37.5
144376,2-5-1,538.4
144376,3-5-1,428.9
144376,4-5-1,408.3
144376,5-4-1,842.7
144376,6-4-1,2084
144376,1-5-3,33.9
144376,2-5-3,895.6
144376,3-5-2,793.9
144376,4-5-2,678.9
144376,5-4-2,1504
144376,6-4-2,3394
144376,1-5-4,44.5
144376,2-5-4,1048
144376,3-5-4,711.5
144376,4-5-3,714.3
144376,5-4-3,1479
144376,6-4-3,4294
144376,1-5-6,87.3
144376,2-5-6,1466
144376,3-5-6,1021
144376,4-5-6,688.1
144376,5-4-6,1713
144376,6-4-5,4005
144376,1-6-2,129.2
144376,2-6-1,1090
144376,3-6-1,1012
144376,4-6-1,886.7
144376,5-6-1,2329
144376,6-5-1,3564
144376,1-6-3,131.2
144376,2-6-3,2096
144376,3-6-2,1937
144376,4-6-2,1577
144376,5-6-2,2329
144376,6-5-2,5242
144376,1-6-4,136.9
144376,2-6-4,1837
144376,3-6-4,1381
144376,4-6-3,1584
144376,5-6-3,3960
144376,6-5-3,5484
144376,1-6-5,184
144376,2-6-5,2109
144376,3-6-5,1791
144376,4-6-5,1360
144376,5-6-4,2721
144376,6-5-4,4050
144353,1-2-3,9.1
144353,2-1-3,19.9
144353,3-1-2,37.6
144353,4-1-2,45.9
144353,5-1-2,233.7
144353,6-1-2,1657
144353,1-2-4,14.6
144353,2-1-4,22.3
144353,3-1-4,32.5
144353,4-1-3,60.5
144353,5-1-3,229.5
144353,6-1-3,1118
144353,1-2-5,24.8
144353,2-1-5,30.7
144353,3-1-5,50
144353,4-1-5,50.5
144353,5-1-4,212.1
144353,6-1-4,1721
144353,1-2-6,240.6
144353,2-1-6,355.2
144353,3-1-6,309.7
144353,4-1-6,285.9
144353,5-1-6,904.2
144353,6-1-5,2887
144353,1-3-2,11.8
144353,2-3-1,41.4
144353,3-2-1,56.3
144353,4-2-1,59.9
144353,5-2-1,273.7
144353,6-2-1,2632
144353,1-3-4,11.1
144353,2-3-4,54.7
144353,3-2-4,52
144353,4-2-3,69
144353,5-2-3,260.9
144353,6-2-3,1989
144353,1-3-5,29.1
144353,2-3-5,71.1
144353,3-2-5,66.3
144353,4-2-5,50
144353,5-2-4,252.8
144353,6-2-4,2355
144353,1-3-6,187.2
144353,2-3-6,621.6
144353,3-2-6,463.8
144353,4-2-6,318.5
144353,5-2-6,922.8
144353,6-2-5,2887
144353,1-4-2,25.1
144353,2-4-1,64.9
144353,3-4-1,53.5
144353,4-3-1,80
144353,5-3-1,344.2
144353,6-3-1,1627
144353,1-4-3,22.5
144353,2-4-3,62.5
144353,3-4-2,55.2
144353,4-3-2,75.8
144353,5-3-2,326.7
144353,6-3-2,2081
144353,1-4-5,51.8
144353,2-4-5,89.3
144353,3-4-5,61.8
144353,4-3-5,80.8
144353,5-3-4,303.4
144353,6-3-4,2295
144353,1-4-6,237.4
144353,2-4-6,765.1
144353,3-4-6,447.5
144353,4-3-6,604.8
144353,5-3-6,1336
144353,6-3-5,4068
144353,1-5-2,88.4
144353,2-5-1,146
144353,3-5-1,134
144353,4-5-1,59.9
144353,5-4-1,181.9
144353,6-4-1,2486
144353,1-5-3,93.8
144353,2-5-3,201.6
144353,3-5-2,122.9
144353,4-5-2,47.9
144353,5-4-2,173.1
144353,6-4-2,1946
144353,1-5-4,125
144353,2-5-4,192.5
144353,3-5-4,124.1
144353,4-5-3,79.7
144353,5-4-3,233.1
144353,6-4-3,2486
144353,1-5-6,459
144353,2-5-6,1162
144353,3-5-6,778.4
144353,4-5-6,202.9
144353,5-4-6,621.6
144353,6-4-5,3086
144353,1-6-2,517.4
144353,2-6-1,1297
144353,3-6-1,860.7
144353,4-6-1,733.7
144353,5-6-1,2712
144353,6-5-1,5967
144353,1-6-3,545.8
144353,2-6-3,1162
144353,3-6-2,1091
144353,4-6-2,721.9
144353,5-6-2,1864
144353,6-5-2,4068
144353,1-6-4,617.3
144353,2-6-4,1443
144353,3-6-4,1065
144353,4-6-3,869.1
144353,5-6-3,2131
144353,6-5-3,5265
144353,1-6-5,877.6
144353,2-6-5,1864
144353,3-6-5,1316
144353,4-6-5,733.7
144353,5-6-4,3086
144353,6-5-4,5967
144354,1-2-3,90.2
144354,2-1-3,161.6
144354,3-1-2,137.7
144354,4-1-2,227
144354,5-1-2,412.7
144354,6-1-2,597.6
144354,1-2-4,85.9
144354,2-1-4,153
144354,3-1-4,47.1
144354,4-1-3,152.4
144354,5-1-3,219.2
144354,6-1-3,378.2
144354,1-2-5,94.2
144354,2-1-5,239
144354,3-1-5,57.3
144354,4-1-5,116.1
144354,5-1-4,186
144354,6-1-4,337.8
144354,1-2-6,105.4
144354,2-1-6,243.2
144354,3-1-6,63.7
144354,4-1-6,106.3
144354,5-1-6,185.7
144354,6-1-5,385.1
144354,1-3-2,68.2
144354,2-3-1,171.2
144354,3-2-1,151.2
144354,4-2-1,263.4
144354,5-2-1,578.5
144354,6-2-1,772.6
144354,1-3-4,26.2
144354,2-3-4,53
144354,3-2-4,50.8
144354,4-2-3,171.4
144354,5-2-3,247
144354,6-2-3,391
144354,1-3-5,30.1
144354,2-3-5,55.9
144354,3-2-5,55.3
144354,4-2-5,184.9
144354,5-2-4,374.8
144354,6-2-4,383.9
144354,1-3-6,36.2
144354,2-3-6,67.6
144354,3-2-6,62.2
144354,4-2-6,147.1
144354,5-2-6,274.2
144354,6-2-5,416.8
144354,1-4-2,82.9
144354,2-4-1,177.4
144354,3-4-1,57.8
144354,4-3-1,148
144354,5-3-1,230.8
144354,6-3-1,334.3
144354,1-4-3,40.4
144354,2-4-3,80.7
144354,3-4-2,58.6
144354,4-3-2,135.5
144354,5-3-2,208.4
144354,6-3-2,337.8
144354,1-4-5,39.3
144354,2-4-5,110.6
144354,3-4-5,19.4
144354,4-3-5,51.8
144354,5-3-4,120.4
144354,6-3-4,106.4
144354,1-4-6,38.1
144354,2-4-6,102.9
144354,3-4-6,20.1
144354,4-3-6,43.6
144354,5-3-6,99.1
144354,6-3-5,135.9
144354,1-5-2,117.3
144354,2-5-1,324
144354,3-5-1,86.4
144354,4-5-1,133
144354,5-4-1,233.7
144354,6-4-1,328.2
144354,1-5-3,60.5
144354,2-5-3,116.4
144354,3-5-2,77.3
144354,4-5-2,161.6
144354,5-4-2,342.4
144354,6-4-2,306.8
144354,1-5-4,55.6
144354,2-5-4,179.2
144354,3-5-4,35.3
144354,4-5-3,71.3
144354,5-4-3,131.5
144354,6-4-3,114.7
144354,1-5-6,56.1
144354,2-5-6,143.8
144354,3-5-6,29
144354,4-5-6,33.7
144354,5-4-6,80.2
144354,6-4-5,89
144354,1-6-2,191.6
144354,2-6-1,322.4
144354,3-6-1,97.2
144354,4-6-1,141.5
144354,5-6-1,227.8
144354,6-5-1,343.3
144354,1-6-3,95
144354,2-6-3,162.4
144354,3-6-2,103.6
144354,4-6-2,158.1
144354,5-6-2,287.9
144354,6-5-2,399.7
144354,1-6-4,73.3
144354,2-6-4,199.5
144354,3-6-4,36.9
144354,4-6-3,67.2
144354,5-6-3,129
144354,6-5-3,160.3
144354,1-6-5,91.2
144354,2-6-5,187.1
144354,3-6-5,45
144354,4-6-5,44.9
144354,5-6-4,93.1
144354,6-5-4,103.4
144355,1-2-3,20
144355,2-1-3,24.4
144355,3-1-2,63.7
144355,4-1-2,529.3
144355,5-1-2,141.3
144355,6-1-2,331.1
144355,1-2-4,60.9
144355,2-1-4,51.7
144355,3-1-4,118.3
144355,4-1-3,525.9
144355,5-1-3,113.1
144355,6-1-3,255.6
144355,1-2-5,27.9
144355,2-1-5,26.9
144355,3-1-5,40.2
144355,4-1-5,341.5
144355,5-1-4,295.8
144355,6-1-4,644
144355,1-2-6,19
144355,2-1-6,14.4
144355,3-1-6,56.7
144355,4-1-6,379.5
144355,5-1-6,86.5
144355,6-1-5,286.9
144355,1-3-2,21.5
144355,2-3-1,57.4
144355,3-2-1,92.8
144355,4-2-1,626.7
144355,5-2-1,158.3
144355,6-2-1,361.9
144355,1-3-4,58.3
144355,2-3-4,135.3
144355,3-2-4,177.6
144355,4-2-3,554.5
144355,5-2-3,144.3
144355,6-2-3,347.3
144355,1-3-5,20.8
144355,2-3-5,55.4
144355,3-2-5,70.3
144355,4-2-5,310.9
144355,5-2-4,292.6
144355,6-2-4,870.1
144355,1-3-6,32.1
144355,2-3-6,49
144355,3-2-6,79.7
144355,4-2-6,333.1
144355,5-2-6,94.7
144355,6-2-5,295.8
144355,1-4-2,138.5
144355,2-4-1,159.2
144355,3-4-1,219.2
144355,4-3-1,578
144355,5-3-1,126.2
144355,6-3-1,302.3
144355,1-4-3,144.3
144355,2-4-3,249.7
144355,3-4-2,253.2
144355,4-3-2,543.4
144355,5-3-2,147.5
144355,6-3-2,387.6
144355,1-4-5,111.6
144355,2-4-5,155
144355,3-4-5,113.1
144355,4-3-5,378.6
144355,5-3-4,293.1
144355,6-3-4,678.7
144355,1-4-6,106.5
144355,2-4-6,90.4
144355,3-4-6,121.2
144355,4-3-6,388.5
144355,5-3-6,69.1
144355,6-3-5,195.4
144355,1-5-2,46.8
144355,2-5-1,54.7
144355,3-5-1,68.5
144355,4-5-1,405.9
144355,5-4-1,491.2
144355,6-4-1,1009
144355,1-5-3,40.7
144355,2-5-3,73.2
144355,3-5-2,70.6
144355,4-5-2,290.5
144355,5-4-2,376.9
144355,6-4-2,1258
144355,1-5-4,136
144355,2-5-4,125.7
144355,3-5-4,108
144355,4-5-3,427.1
144355,5-4-3,524.3
144355,6-4-3,940.1
144355,1-5-6,40.6
144355,2-5-6,36.3
144355,3-5-6,33.6
144355,4-5-6,213.8
144355,5-4-6,231
144355,6-4-5,720.6
144355,1-6-2,51.7
144355,2-6-1,37.4
144355,3-6-1,115.7
144355,4-6-1,531.1
144355,5-6-1,103.7
144355,6-5-1,248.2
144355,1-6-3,76.8
144355,2-6-3,70
144355,3-6-2,128.2
144355,4-6-2,471.4
144355,5-6-2,126.1
144355,6-5-2,247.4
144355,1-6-4,139.5
144355,2-6-4,116.9
144355,3-6-4,146.8
144355,4-6-3,536.3
144355,5-6-3,73.7
144355,6-5-3,172.9
144355,1-6-5,72.8
144355,2-6-5,73.3
144355,3-6-5,61
144355,4-6-5,317.6
144355,5-6-4,222.2
144355,6-5-4,460.8
144356,1-2-3,70.9
144356,2-1-3,159.8
144356,3-1-2,343.9
144356,4-1-2,37
144356,5-1-2,189.9
144356,6-1-2,37.5
144356,1-2-4,20.7
144356,2-1-4,53.3
144356,3-1-4,372.9
144356,4-1-3,129.1
144356,5-1-3,415.1
144356,6-1-3,126.7
144356,1-2-5,106.5
144356,2-1-5,189.7
144356,3-1-5,518.2
144356,4-1-5,79.8
144356,5-1-4,160.5
144356,6-1-4,20.9
144356,1-2-6,24.1
144356,2-1-6,54.7
144356,3-1-6,497.6
144356,4-1-6,18.4
144356,5-1-6,161.7
144356,6-1-5,71.2
144356,1-3-2,110.5
144356,2-3-1,359.5
144356,3-2-1,456.7
144356,4-2-1,66.5
144356,5-2-1,335.4
144356,6-2-1,59.5
144356,1-3-4,132.1
144356,2-3-4,575.8
144356,3-2-4,743.9
144356,4-2-3,236.2
144356,5-2-3,812.3
144356,6-2-3,224.3
144356,1-3-5,222.3
144356,2-3-5,933.4
144356,3-2-5,1129
144356,4-2-5,182.1
144356,5-2-4,370.1
144356,6-2-4,43.7
144356,1-3-6,152.7
144356,2-3-6,613.4
144356,3-2-6,849
144356,4-2-6,45.3
144356,5-2-6,313.7
144356,6-2-5,142.5
144356,1-4-2,16.2
144356,2-4-1,70.5
144356,3-4-1,554.5
144356,4-3-1,384.3
144356,5-3-1,751.4
144356,6-3-1,225.3
144356,1-4-3,72.1
144356,2-4-3,334.7
144356,3-4-2,751.4
144356,4-3-2,509.4
144356,5-3-2,951.1
144356,6-3-2,353.6
144356,1-4-5,56
144356,2-4-5,257.7
144356,3-4-5,830.3
144356,4-3-5,523.6
144356,5-3-4,766.7
144356,6-3-4,188.5
144356,1-4-6,9
144356,2-4-6,51.7
144356,3-4-6,534.8
144356,4-3-6,335.4
144356,5-3-6,849
144356,6-3-5,389.3
144356,1-5-2,161.7
144356,2-5-1,409.4
144356,3-5-1,1138
144356,4-5-1,175.7
144356,5-4-1,218.4
144356,6-4-1,25
144356,1-5-3,284
144356,2-5-3,807.9
144356,3-5-2,1192
144356,4-5-2,291.8
144356,5-4-2,356.1
144356,6-4-2,31.3
144356,1-5-4,129.4
144356,2-5-4,458.1
144356,3-5-4,1081
144356,4-5-3,469.6
144356,5-4-3,560.7
144356,6-4-3,87.3
144356,1-5-6,106.5
144356,2-5-6,386.3
144356,3-5-6,1707
144356,4-5-6,132.2
144356,5-4-6,194.1
144356,6-4-5,51.6
144356,1-6-2,22
144356,2-6-1,70.4
144356,3-6-1,705.5
144356,4-6-1,19.7
144356,5-6-1,223.3
144356,6-5-1,140.5
144356,1-6-3,81.8
144356,2-6-3,304.2
144356,3-6-2,988.7
144356,4-6-2,29.2
144356,5-6-2,292.3
144356,6-5-2,212.5
144356,1-6-4,12.9
144356,2-6-4,57.9
144356,3-6-4,686.2
144356,4-6-3,93
144356,5-6-3,634.1
144356,6-5-3,416.3
144356,1-6-5,65.6
144356,2-6-5,243.9
144356,3-6-5,1273
144356,4-6-5,60.8
144356,5-6-4,207.2
144356,6-5-4,123.9
144357,1-2-3,8.9
144357,2-1-3,26.4
144357,3-1-2,208.2
144357,4-1-2,30.8
144357,5-1-2,284.4
144357,6-1-2,1855
144357,1-2-4,3.8
144357,2-1-4,10.9
144357,3-1-4,227.5
144357,4-1-3,104.3
144357,5-1-3,819.7
144357,6-1-3,2303
144357,1-2-5,19.5
144357,2-1-5,40.4
144357,3-1-5,489.5
144357,4-1-5,74.1
144357,5-1-4,418.6
144357,6-1-4,2037
144357,1-2-6,79.3
144357,2-1-6,162.3
144357,3-1-6,1111
144357,4-1-6,248.5
144357,5-1-6,1355
144357,6-1-5,3233
144357,1-3-2,18
144357,2-3-1,69.7
144357,3-2-1,248.5
144357,4-2-1,41.6
144357,5-2-1,342.5
144357,6-2-1,2123
144357,1-3-4,20.7
144357,2-3-4,63.8
144357,3-2-4,239.2
144357,4-2-3,118.1
144357,5-2-3,968.3
144357,6-2-3,2987
144357,1-3-5,68.4
144357,2-3-5,162.1
144357,3-2-5,695.2
144357,4-2-5,81.4
144357,5-2-4,473.1
144357,6-2-4,2482
144357,1-3-6,238
144357,2-3-6,414.6
144357,3-2-6,1432
144357,4-2-6,310.5
144357,5-2-6,1519
144357,6-2-5,3671
144357,1-4-2,7.1
144357,2-4-1,23.3
144357,3-4-1,416.6
144357,4-3-1,249.6
144357,5-3-1,1345
144357,6-3-1,2482
144357,1-4-3,21.5
144357,2-4-3,52.2
144357,3-4-2,322.4
144357,4-3-2,237
144357,5-3-2,1580
144357,6-3-2,3119
144357,1-4-5,33
144357,2-4-5,65.3
144357,3-4-5,879
144357,4-3-5,485.5
144357,5-3-4,1798
144357,6-3-4,3389
144357,1-4-6,97.7
144357,2-4-6,281.5
144357,3-4-6,1969
144357,4-3-6,1194
144357,5-3-6,3596
144357,6-3-5,4406
144357,1-5-2,76.9
144357,2-5-1,157.4
144357,3-5-1,1027
144357,4-5-1,122.9
144357,5-4-1,513.8
144357,6-4-1,2842
144357,1-5-3,149.7
144357,2-5-3,308.9
144357,3-5-2,1245
144357,4-5-2,128.7
144357,5-4-2,508.6
144357,6-4-2,2865
144357,1-5-4,97
144357,2-5-4,179.7
144357,3-5-4,1310
144357,4-5-3,359.6
144357,5-4-3,1148
144357,6-4-3,4246
144357,1-5-6,413.7
144357,2-5-6,1004
144357,3-5-6,2630
144357,4-5-6,472.4
144357,5-4-6,1427
144357,6-4-5,3489
144357,1-6-2,331.9
144357,2-6-1,932.4
144357,3-6-1,2650
144357,4-6-1,737.4
144357,5-6-1,3038
144357,6-5-1,4051
144357,1-6-3,709.2
144357,2-6-3,1609
144357,3-6-2,2610
144357,4-6-2,981.8
144357,5-6-2,3455
144357,6-5-2,4005
144357,1-6-4,438.9
144357,2-6-4,1295
144357,3-6-4,2610
144357,4-6-3,1647
144357,5-6-3,4098
144357,6-5-3,4298
144357,1-6-5,776.3
144357,2-6-5,1552
144357,3-6-5,3356
144357,4-6-5,1068
144357,5-6-4,2630
144357,6-5-4,3263
144358,1-2-3,7.4
144358,2-1-3,40.6
144358,3-1-2,54.3
144358,4-1-2,1099
144358,5-1-2,742
144358,6-1-2,73.8
144358,1-2-4,31.2
144358,2-1-4,163.7
144358,3-1-4,136.3
144358,4-1-3,904.5
144358,5-1-3,482.8
144358,6-1-3,47.3
144358,1-2-5,25.5
144358,2-1-5,124.8
144358,3-1-5,69.3
144358,4-1-5,849.6
144358,5-1-4,1387
144358,6-1-4,276.6
144358,1-2-6,9.3
144358,2-1-6,36.2
144358,3-1-6,36.5
144358,4-1-6,791.4
144358,5-1-6,371.3
144358,6-1-5,163.9
144358,1-3-2,7.8
144358,2-3-1,113.5
144358,3-2-1,132.1
144358,4-2-1,1498
144358,5-2-1,1515
144358,6-2-1,179
144358,1-3-4,21.9
144358,2-3-4,577.2
144358,3-2-4,585.9
144358,4-2-3,1905
144358,5-2-3,1721
144358,6-2-3,258.2
144358,1-3-5,14.2
144358,2-3-5,349.2
144358,3-2-5,310.5
144358,4-2-5,2193
144358,5-2-4,2438
144358,6-2-4,876.2
144358,1-3-6,6.5
144358,2-3-6,116.6
144358,3-2-6,113.7
144358,4-2-6,1851
144358,5-2-6,923.6
144358,6-2-5,700.9
144358,1-4-2,92.7
144358,2-4-1,904.5
144358,3-4-1,469.5
144358,4-3-1,1171
144358,5-3-1,760.7
144358,6-3-1,85.9
144358,1-4-3,93.6
144358,2-4-3,1443
144358,3-4-2,921.4
144358,4-3-2,2033
144358,5-3-2,1953
144358,6-3-2,199.5
144358,1-4-5,157.8
144358,2-4-5,1825
144358,3-4-5,894.2
144358,4-3-5,2205
144358,5-3-4,2145
144358,6-3-4,491.9
144358,1-4-6,88.3
144358,2-4-6,858.9
144358,3-4-6,534
144358,4-3-6,1464
144358,5-3-6,811
144358,6-3-5,294.9
144358,1-5-2,79.5
144358,2-5-1,628
144358,3-5-1,248.4
144358,4-5-1,1869
144358,5-4-1,2295
144358,6-4-1,853.3
144358,1-5-3,57
144358,2-5-3,934.6
144358,3-5-2,489.4
144358,4-5-2,2582
144358,5-4-2,2907
144358,6-4-2,1498
144358,1-5-4,196.4
144358,2-5-4,2269
144358,3-5-4,794.6
144358,4-5-3,2256
144358,5-4-3,2973
144358,6-4-3,1401
144358,1-5-6,50
144358,2-5-6,525.5
144358,3-5-6,265.5
144358,4-5-6,1576
144358,5-4-6,2145
144358,6-4-5,1453
144358,1-6-2,20.2
144358,2-6-1,119.7
144358,3-6-1,75.4
144358,4-6-1,1147
144358,5-6-1,558.4
144358,6-5-1,390.6
144358,1-6-3,13.2
144358,2-6-3,166.4
144358,3-6-2,155.6
144358,4-6-2,2393
144358,5-6-2,1178
144358,6-5-2,925.8
144358,1-6-4,77.7
144358,2-6-4,659.7
144358,3-6-4,361.4
144358,4-6-3,1684
144358,5-6-3,844.2
144358,6-5-3,522
144358,1-6-5,42
144358,2-6-5,408
144358,3-6-5,196.4
144358,4-6-5,1851
144358,5-6-4,1834
144358,6-5-4,1242
144359,1-2-3,16.8
144359,2-1-3,182.7
144359,3-1-2,139.2
144359,4-1-2,55.6
144359,5-1-2,70.4
144359,6-1-2,3783
144359,1-2-4,11.6
144359,2-1-4,134.7
144359,3-1-4,55.4
144359,4-1-3,60.8
144359,5-1-3,76.3
144359,6-1-3,3072
144359,1-2-5,20
144359,2-1-5,164.7
144359,3-1-5,69.4
144359,4-1-5,28.3
144359,5-1-4,41.7
144359,6-1-4,3714
144359,1-2-6,400.5
144359,2-1-6,1507
144359,3-1-6,903.9
144359,4-1-6,415.2
144359,5-1-6,390.6
144359,6-1-5,3584
144359,1-3-2,15.5
144359,2-3-1,353.1
144359,3-2-1,479
144359,4-2-1,166.2
144359,5-2-1,204.9
144359,6-2-1,6285
144359,1-3-4,7.9
144359,2-3-4,435.1
144359,3-2-4,353.7
144359,4-2-3,344.5
144359,5-2-3,449.9
144359,6-2-3,6190
144359,1-3-5,15.3
144359,2-3-5,785.7
144359,3-2-5,518.5
144359,4-2-5,148.2
144359,5-2-4,233.6
144359,6-2-4,5306
144359,1-3-6,406.1
144359,2-3-6,3004
144359,3-2-6,2348
144359,4-2-6,1361
144359,5-2-6,1226
144359,6-2-5,5172
144359,1-4-2,11.2
144359,2-4-1,293.9
144359,3-4-1,118.3
144359,4-3-1,145.7
144359,5-3-1,194.9
144359,6-3-1,4045
144359,1-4-3,10.1
144359,2-4-3,522.4
144359,3-4-2,233
144359,4-3-2,289.3
144359,5-3-2,452.9
144359,6-3-2,6384
144359,1-4-5,8.8
144359,2-4-5,461.6
144359,3-4-5,112.9
144359,4-3-5,128.3
144359,5-3-4,138.1
144359,6-3-4,4127
144359,1-4-6,316
144359,2-4-6,2295
144359,3-4-6,1589
144359,4-3-6,1583
144359,5-3-6,1241
144359,6-3-5,5238
144359,1-5-2,25.7
144359,2-5-1,360.3
144359,3-5-1,183.9
144359,4-5-1,32.1
144359,5-4-1,48.3
144359,6-4-1,5376
144359,1-5-3,24.9
144359,2-5-3,998.9
144359,3-5-2,432.8
144359,4-5-2,72.4
144359,5-4-2,104.1
144359,6-4-2,5376
144359,1-5-4,16.8
144359,2-5-4,569.8
144359,3-5-4,149.3
144359,4-5-3,82.5
144359,5-4-3,90.4
144359,6-4-3,5597
144359,1-5-6,304.6
144359,2-5-6,2960
144359,3-5-6,2128
144359,4-5-6,264.4
144359,5-4-6,403.3
144359,6-4-5,4127
144359,1-6-2,1154
144359,2-6-1,4256
144359,3-6-1,2670
144359,4-6-1,1634
144359,5-6-1,1301
144359,6-5-1,4346
144359,1-6-3,1177
144359,2-6-3,5836
144359,3-6-2,4643
144359,4-6-2,2476
144359,5-6-2,1348
144359,6-5-2,5597
144359,1-6-4,1080
144359,2-6-4,5238
144359,3-6-4,3615
144359,4-6-3,3321
144359,5-6-3,1602
144359,6-5-3,4806
144359,1-6-5,1047
144359,2-6-5,4643
144359,3-6-5,5044
144359,4-6-5,1322
144359,5-6-4,1454
144359,6-5-4,4300
144360,1-2-3,4.3
144360,2-1-3,30.4
144360,3-1-2,44.9
144360,4-1-2,143.2
144360,5-1-2,247.8
144360,6-1-2,538.3
144360,1-2-4,9.4
144360,2-1-4,49.5
144360,3-1-4,73
144360,4-1-3,161.6
144360,5-1-3,319.9
144360,6-1-3,723.2
144360,1-2-5,10.1
144360,2-1-5,59.3
144360,3-1-5,61.1
144360,4-1-5,171.5
144360,5-1-4,523.5
144360,6-1-4,1397
144360,1-2-6,19
144360,2-1-6,62.2
144360,3-1-6,87.8
144360,4-1-6,255.2
144360,5-1-6,601
144360,6-1-5,1748
144360,1-3-2,8.2
144360,2-3-1,89.7
144360,3-2-1,89.9
144360,4-2-1,347.2
144360,5-2-1,413.8
144360,6-2-1,804.5
144360,1-3-4,21.3
144360,2-3-4,294.8
144360,3-2-4,219.9
144360,4-2-3,620.5
144360,5-2-3,878.5
144360,6-2-3,1390
144360,1-3-5,19.1
144360,2-3-5,279.9
144360,3-2-5,196
144360,4-2-5,505
144360,5-2-4,1273
144360,6-2-4,2432
144360,1-3-6,23.7
144360,2-3-6,215.6
144360,3-2-6,194.5
144360,4-2-6,665.4
144360,5-2-6,1135
144360,6-2-5,2515
144360,1-4-2,26.1
144360,2-4-1,223.2
144360,3-4-1,103.9
144360,4-3-1,250.4
144360,5-3-1,437.4
144360,6-3-1,1123
144360,1-4-3,44.2
144360,2-4-3,475.2
144360,3-4-2,152.7
144360,4-3-2,425.1
144360,5-3-2,656.9
144360,6-3-2,1448
144360,1-4-5,52.4
144360,2-4-5,446.4
144360,3-4-5,120.1
144360,4-3-5,316.1
144360,5-3-4,776.6
144360,6-3-4,2455
144360,1-4-6,79.4
144360,2-4-6,453.9
144360,3-4-6,172.6
144360,4-3-6,452.3
144360,5-3-6,934.2
144360,6-3-5,2728
144360,1-5-2,36.5
144360,2-5-1,255.9
144360,3-5-1,119.8
144360,4-5-1,266.6
144360,5-4-1,919.2
144360,6-4-1,2421
144360,1-5-3,50.1
144360,2-5-3,524
144360,3-5-2,179.1
144360,4-5-2,399.7
144360,5-4-2,1227
144360,6-4-2,2930
144360,1-5-4,85.7
144360,2-5-4,707.4
144360,3-5-4,167.9
144360,4-5-3,379.7
144360,5-4-3,1196
144360,6-4-3,3305
144360,1-5-6,130.6
144360,2-5-6,798.2
144360,3-5-6,229.1
144360,4-5-6,431.9
144360,5-4-6,1444
144360,6-4-5,3966
144360,1-6-2,69.6
144360,2-6-1,373.9
144360,3-6-1,301
144360,4-6-1,880
144360,5-6-1,1544
144360,6-5-1,2772
144360,1-6-3,92
144360,2-6-3,608.8
144360,3-6-2,342.4
144360,4-6-2,1125
144360,5-6-2,1875
144360,6-5-2,2998
144360,1-6-4,170.3
144360,2-6-4,949.7
144360,3-6-4,451.9
144360,4-6-3,1219
144360,5-6-3,1642
144360,6-5-3,3791
144360,1-6-5,217.5
144360,2-6-5,1145
144360,3-6-5,509
144360,4-6-5,1156
144360,5-6-4,2251
144360,6-5-4,5262
144361,1-2-3,5.5
144361,2-1-3,68.4
144361,3-1-2,36.5
144361,4-1-2,305.5
144361,5-1-2,122.7
144361,6-1-2,3028
144361,1-2-4,16.8
144361,2-1-4,174.8
144361,3-1-4,44.8
144361,4-1-3,266.1
144361,5-1-3,96.2
144361,6-1-3,2618
144361,1-2-5,14.5
144361,2-1-5,164.5
144361,3-1-5,32.9
144361,4-1-5,287
144361,5-1-4,274.5
144361,6-1-4,3616
144361,1-2-6,49
144361,2-1-6,387.2
144361,3-1-6,111.5
144361,4-1-6,579.1
144361,5-1-6,242.2
144361,6-1-5,4086
144361,1-3-2,4.8
144361,2-3-1,146.5
144361,3-2-1,120
144361,4-2-1,686.7
144361,5-2-1,380.5
144361,6-2-1,4053
144361,1-3-4,8.7
144361,2-3-4,485.6
144361,3-2-4,311
144361,4-2-3,846.2
144361,5-2-3,611.5
144361,6-2-3,5648
144361,1-3-5,7.2
144361,2-3-5,500.6
144361,3-2-5,296.7
144361,4-2-5,1244
144361,5-2-4,1298
144361,6-2-4,5984
144361,1-3-6,32
144361,2-3-6,1408
144361,3-2-6,869.7
144361,4-2-6,2244
144361,5-2-6,1272
144361,6-2-5,6363
144361,1-4-2,37.9
144361,2-4-1,612.2
144361,3-4-1,199.3
144361,4-3-1,424.9
144361,5-3-1,220.7
144361,6-3-1,3396
144361,1-4-3,32.1
144361,2-4-3,799.1
144361,3-4-2,388.1
144361,4-3-2,732.7
144361,5-3-2,497.7
144361,6-3-2,6363
144361,1-4-5,53.1
144361,2-4-5,1319
144361,3-4-5,327.9
144361,4-3-5,735.9
144361,5-3-4,776.9
144361,6-3-4,5182
144361,1-4-6,131.1
144361,2-4-6,2762
144361,3-4-6,662.3
144361,4-3-6,1416
144361,5-3-6,943.1
144361,6-3-5,5026
144361,1-5-2,19.5
144361,2-5-1,516.1
144361,3-5-1,136.3
144361,4-5-1,459.4
144361,5-4-1,653.6
144361,6-4-1,4448
144361,1-5-3,14.5
144361,2-5-3,821.3
144361,3-5-2,301.9
144361,4-5-2,915.6
144361,5-4-2,1381
144361,6-4-2,7616
144361,1-5-4,57.3
144361,2-5-4,1440
144361,3-5-4,337.6
144361,4-5-3,829.5
144361,5-4-3,1155
144361,6-4-3,6614
144361,1-5-6,70.6
144361,2-5-6,2284
144361,3-5-6,549.3
144361,4-5-6,769.8
144361,5-4-6,1400
144361,6-4-5,4611
144361,1-6-2,252.7
144361,2-6-1,1648
144361,3-6-1,751.4
144361,4-6-1,1621
144361,5-6-1,918.9
144361,6-5-1,4371
144361,1-6-3,210.3
144361,2-6-3,3141
144361,3-6-2,1664
144361,4-6-2,2577
144361,5-6-2,1926
144361,6-5-2,6444
144361,1-6-4,369
144361,2-6-4,4189
144361,3-6-4,1182
144361,4-6-3,2452
144361,5-6-3,1896
144361,6-5-3,5291
144361,1-6-5,328.9
144361,2-6-5,3751
144361,3-6-5,1208
144361,4-6-5,1653
144361,5-6-4,2051
144361,6-5-4,4260
144362,1-2-3,3.8
144362,2-1-3,28.7
144362,3-1-2,48.8
144362,4-1-2,118.8
144362,5-1-2,598.2
144362,6-1-2,2364
144362,1-2-4,6.5
144362,2-1-4,42.1
144362,3-1-4,75.4
144362,4-1-3,174.5
144362,5-1-3,633.5
144362,6-1-3,2200
144362,1-2-5,20.3
144362,2-1-5,106.4
144362,3-1-5,130.1
144362,4-1-5,180.9
144362,5-1-4,696.7
144362,6-1-4,2705
144362,1-2-6,49.4
144362,2-1-6,246.9
144362,3-1-6,357.7
144362,4-1-6,305.1
144362,5-1-6,1093
144362,6-1-5,4058
144362,1-3-2,6.2
144362,2-3-1,64.5
144362,3-2-1,92.9
144362,4-2-1,253.7
144362,5-2-1,936.9
144362,6-2-1,3977
144362,1-3-4,8.4
144362,2-3-4,153.8
144362,3-2-4,185.6
144362,4-2-3,440.6
144362,5-2-3,1501
144362,6-2-3,5410
144362,1-3-5,19
144362,2-3-5,294.5
144362,3-2-5,384.7
144362,4-2-5,563.4
144362,5-2-4,1280
144362,6-2-4,4584
144362,1-3-6,65.3
144362,2-3-6,715
144362,3-2-6,1011
144362,4-2-6,859.2
144362,5-2-6,1859
144362,6-2-5,5177
144362,1-4-2,14.5
144362,2-4-1,159.7
144362,3-4-1,185.1
144362,4-3-1,422.9
144362,5-3-1,1122
144362,6-3-1,4058
144362,1-4-3,17.3
144362,2-4-3,267.4
144362,3-4-2,240.3
144362,4-3-2,580.2
144362,5-3-2,1876
144362,6-3-2,6322
144362,1-4-5,36.5
144362,2-4-5,468.4
144362,3-4-5,454.6
144362,4-3-5,1019
144362,5-3-4,2008
144362,6-3-4,5460
144362,1-4-6,64.6
144362,2-4-6,811.6
144362,3-4-6,918.3
144362,4-3-6,1551
144362,5-3-6,3018
144362,6-3-5,4843
144362,1-5-2,67.6
144362,2-5-1,458.8
144362,3-5-1,470.6
144362,4-5-1,317.7
144362,5-4-1,991
144362,6-4-1,3246
144362,1-5-3,70.1
144362,2-5-3,730.6
144362,3-5-2,731.5
144362,4-5-2,448.2
144362,5-4-2,1314
144362,6-4-2,4550
144362,1-5-4,102
144362,2-5-4,782
144362,3-5-4,860.4
144362,4-5-3,867.9
144362,5-4-3,1803
144362,6-4-3,5720
144362,1-5-6,192.2
144362,2-5-6,1196
144362,3-5-6,1343
144362,4-5-6,515.9
144362,5-4-6,1618
144362,6-4-5,5005
144362,1-6-2,218.7
144362,2-6-1,1297
144362,3-6-1,1711
144362,4-6-1,792.3
144362,5-6-1,2392
144362,6-5-1,5315
144362,1-6-3,219.5
144362,2-6-3,2392
144362,3-6-2,2793
144362,4-6-2,1213
144362,5-6-2,2622
144362,6-5-2,5222
144362,1-6-4,273.2
144362,2-6-4,1761
144362,3-6-4,2421
144362,4-6-3,2107
144362,5-6-3,3048
144362,6-5-3,5460
144362,1-6-5,323.2
144362,2-6-5,2275
144362,3-6-5,2421
144362,4-6-5,996
144362,5-6-4,2634
144362,6-5-4,5089
144363,1-2-3,4
144363,2-1-3,50.1
144363,3-1-2,111.3
144363,4-1-2,399.1
144363,5-1-2,116.3
144363,6-1-2,1544
144363,1-2-4,9.7
144363,2-1-4,94.7
144363,3-1-4,191.1
144363,4-1-3,572
144363,5-1-3,160.7
144363,6-1-3,1343
144363,1-2-5,5.5
144363,2-1-5,68.3
144363,3-1-5,136.9
144363,4-1-5,353.1
144363,5-1-4,294.9
144363,6-1-4,2365
144363,1-2-6,37.9
144363,2-1-6,222.2
144363,3-1-6,397
144363,4-1-6,703
144363,5-1-6,260.1
144363,6-1-5,2045
144363,1-3-2,7.2
144363,2-3-1,146.2
144363,3-2-1,204.7
144363,4-2-1,599.1
144363,5-2-1,247.9
144363,6-2-1,2183
144363,1-3-4,18.1
144363,2-3-4,426
144363,3-2-4,569.1
144363,4-2-3,1041
144363,5-2-3,662
144363,6-2-3,2390
144363,1-3-5,11.5
144363,2-3-5,306.8
144363,3-2-5,434.2
144363,4-2-5,822.8
144363,5-2-4,808.1
144363,6-2-4,2551
144363,1-3-6,51.4
144363,2-3-6,923.1
144363,3-2-6,1158
144363,4-2-6,1188
144363,5-2-6,698.7
144363,6-2-5,2671
144363,1-4-2,30.6
144363,2-4-1,396.3
144363,3-4-1,486.2
144363,4-3-1,873.4
144363,5-3-1,365.1
144363,6-3-1,1588
144363,1-4-3,44.7
144363,2-4-3,679.9
144363,3-4-2,912
144363,4-3-2,1555
144363,5-3-2,883.6
144363,6-3-2,3110
144363,1-4-5,38.7
144363,2-4-5,711.8
144363,3-4-5,1188
144363,4-3-5,1335
144363,5-3-4,1419
144363,6-3-4,3027
144363,1-4-6,97
144363,2-4-6,1220
144363,3-4-6,1359
144363,4-3-6,1669
144363,5-3-6,1158
144363,6-3-5,2949
144363,1-5-2,13.5
144363,2-5-1,234.6
144363,3-5-1,329.1
144363,4-5-1,589.8
144363,5-4-1,764.6
144363,6-4-1,2911
144363,1-5-3,20
144363,2-5-3,520.8
144363,3-5-2,645.1
144363,4-5-2,930.7
144363,5-4-2,1013
144363,6-4-2,3110
144363,1-5-4,40.2
144363,2-5-4,756.9
144363,3-5-4,974.6
144363,4-5-3,1176
144363,5-4-3,1290
144363,6-4-3,3244
144363,1-5-6,57.3
144363,2-5-6,1118
144363,3-5-6,1124
144363,4-5-6,1009
144363,5-4-6,1152
144363,6-4-5,3849
144363,1-6-2,152.4
144363,2-6-1,1118
144363,3-6-1,1170
144363,4-6-1,1720
144363,5-6-1,856.9
144363,6-5-1,2183
144363,1-6-3,183.4
144363,2-6-3,2064
144363,3-6-2,2083
144363,4-6-2,2365
144363,5-6-2,1113
144363,6-5-2,3548
144363,1-6-4,220.2
144363,2-6-4,2083
144363,3-6-4,1513
144363,4-6-3,2415
144363,5-6-3,1455
144363,6-5-3,2874
144363,1-6-5,185.6
144363,2-6-5,2341
144363,3-6-5,2009
144363,4-6-5,2102
144363,5-6-4,1924
144363,6-5-4,3440
144364,1-2-3,7.3
144364,2-1-3,54.9
144364,3-1-2,24
144364,4-1-2,144.3
144364,5-1-2,465.6
144364,6-1-2,727.6
144364,1-2-4,14.3
144364,2-1-4,102.2
144364,3-1-4,16.1
144364,4-1-3,95.1
144364,5-1-3,291.2
144364,6-1-3,498.8
144364,1-2-5,32.5
144364,2-1-5,200.9
144364,3-1-5,34.4
144364,4-1-5,184
144364,5-1-4,443.1
144364,6-1-4,948
144364,1-2-6,44.7
144364,2-1-6,231.2
144364,3-1-6,43.1
144364,4-1-6,223.8
144364,5-1-6,534.7
144364,6-1-5,1383
144364,1-3-2,6.6
144364,2-3-1,98
144364,3-2-1,64.2
144364,4-2-1,265.8
144364,5-2-1,891.1
144364,6-2-1,1106
144364,1-3-4,6.2
144364,2-3-4,257.8
144364,3-2-4,104.8
144364,4-2-3,323.3
144364,5-2-3,1030
144364,6-2-3,1127
144364,1-3-5,16.7
144364,2-3-5,401.2
144364,3-2-5,177.7
144364,4-2-5,427.9
144364,5-2-4,991.4
144364,6-2-4,1416
144364,1-3-6,24.6
144364,2-3-6,470.2
144364,3-2-6,201.3
144364,4-2-6,626.1
144364,5-2-6,1012
144364,6-2-5,1844
144364,1-4-2,29.3
144364,2-4-1,281.5
144364,3-4-1,39.6
144364,4-3-1,118.6
144364,5-3-1,371.7
144364,6-3-1,616.4
144364,1-4-3,21.5
144364,2-4-3,349.4
144364,3-4-2,88.2
144364,4-3-2,259.4
144364,5-3-2,983.2
144364,6-3-2,1057
144364,1-4-5,58.3
144364,2-4-5,600.8
144364,3-4-5,91.4
144364,4-3-5,270.7
144364,5-3-4,689.7
144364,6-3-4,868.4
144364,1-4-6,61.4
144364,2-4-6,834.9
144364,3-4-6,92.4
144364,4-3-6,271.6
144364,5-3-6,925.8
144364,6-3-5,1433
144364,1-5-2,83.6
144364,2-5-1,708.1
144364,3-5-1,124.7
144364,4-5-1,360.5
144364,5-4-1,672.1
144364,6-4-1,1487
144364,1-5-3,63.5
144364,2-5-3,1025
144364,3-5-2,273.5
144364,4-5-2,644.8
144364,5-4-2,951.7
144364,6-4-2,1663
144364,1-5-4,114.6
144364,2-5-4,891.1
144364,3-5-4,169.1
144364,4-5-3,498.8
144364,5-4-3,727.6
144364,6-4-3,1207
144364,1-5-6,131.9
144364,2-5-6,1375
144364,3-5-6,227
144364,4-5-6,393.9
144364,5-4-6,967.2
144364,6-4-5,2223
144364,1-6-2,139.8
144364,2-6-1,831.9
144364,3-6-1,162
144364,4-6-1,580.3
144364,5-6-1,1220
144364,6-5-1,1830
144364,1-6-3,97.7
144364,2-6-3,1016
144364,3-6-2,316.4
144364,4-6-2,1052
144364,5-6-2,1252
144364,6-5-2,2310
144364,1-6-4,161.8
144364,2-6-4,1314
144364,3-6-4,224
144364,4-6-3,657.3
144364,5-6-3,1272
144364,6-5-3,2143
144364,1-6-5,247
144364,2-6-5,1652
144364,3-6-5,344.8
144364,4-6-5,685.7
144364,5-6-4,1416
144364,6-5-4,2183
144245,1-2-3,25.8
144245,2-1-3,43.4
144245,3-1-2,102.4
144245,4-1-2,26.4
144245,5-1-2,343.1
144245,6-1-2,499.2
144245,1-2-4,15
144245,2-1-4,25.8
144245,3-1-4,78.4
144245,4-1-3,62.4
144245,5-1-3,476.9
144245,6-1-3,624.6
144245,1-2-5,63.1
144245,2-1-5,75.4
144245,3-1-5,148.8
144245,4-1-5,38.1
144245,5-1-4,256.5
144245,6-1-4,506
144245,1-2-6,80
144245,2-1-6,76.7
144245,3-1-6,153.1
144245,4-1-6,45
144245,5-1-6,376
144245,6-1-5,681.6
144245,1-3-2,46.2
144245,2-3-1,74.2
144245,3-2-1,119.5
144245,4-2-1,33.5
144245,5-2-1,398.1
144245,6-2-1,495.9
144245,1-3-4,38.9
144245,2-3-4,35.8
144245,3-2-4,59.9
144245,4-2-3,44.2
144245,5-2-3,399.1
144245,6-2-3,518.3
144245,1-3-5,87.9
144245,2-3-5,96.3
144245,3-2-5,137.4
144245,4-2-5,34.1
144245,5-2-4,233.6
144245,6-2-4,336.2
144245,1-3-6,103.6
144245,2-3-6,101.9
144245,3-2-6,130.6
144245,4-2-6,39
144245,5-2-6,420.5
144245,6-2-5,694.3
144245,1-4-2,16
144245,2-4-1,31.1
144245,3-4-1,88.3
144245,4-3-1,88.7
144245,5-3-1,563.3
144245,6-3-1,1213
144245,1-4-3,35.7
144245,2-4-3,31
144245,3-4-2,66.3
144245,4-3-2,71.9
144245,5-3-2,513
144245,6-3-2,802.6
144245,1-4-5,44.9
144245,2-4-5,42.8
144245,3-4-5,96
144245,4-3-5,76.4
144245,5-3-4,385.7
144245,6-3-4,691.1
144245,1-4-6,57.5
144245,2-4-6,42.1
144245,3-4-6,98
144245,4-3-6,76.2
144245,5-3-6,619.4
144245,6-3-5,1640
144245,1-5-2,148.2
144245,2-5-1,174.2
144245,3-5-1,305.9
144245,4-5-1,42
144245,5-4-1,234.7
144245,6-4-1,413.5
144245,1-5-3,167.1
144245,2-5-3,182.2
144245,3-5-2,276.4
144245,4-5-2,39.6
144245,5-4-2,172.5
144245,6-4-2,275.9
144245,1-5-4,132.3
144245,2-5-4,105.5
144245,3-5-4,202.8
144245,4-5-3,79
144245,5-4-3,289.3
144245,6-4-3,500.9
144245,1-5-6,226.8
144245,2-5-6,208.2
144245,3-5-6,303.4
144245,4-5-6,32.6
144245,5-4-6,188
144245,6-4-5,436.5
144245,1-6-2,221.8
144245,2-6-1,196.6
144245,3-6-1,403.4
144245,4-6-1,64
144245,5-6-1,580.8
144245,6-5-1,785.7
144245,1-6-3,320.3
144245,2-6-3,260.5
144245,3-6-2,344.7
144245,4-6-2,62
144245,5-6-2,571.9
144245,6-5-2,1089
144245,1-6-4,201.4
144245,2-6-4,109.4
144245,3-6-4,244.3
144245,4-6-3,119.4
144245,5-6-3,717.7
144245,6-5-3,982.1
144245,1-6-5,374.1
144245,2-6-5,282.7
144245,3-6-5,529.3
144245,4-6-5,52.4
144245,5-6-4,360.6
144245,6-5-4,583.1
144246,1-2-3,51
144246,2-1-3,245.1
144246,3-1-2,281.4
144246,4-1-2,33.1
144246,5-1-2,184.4
144246,6-1-2,589.4
144246,1-2-4,20.7
144246,2-1-4,98.1
144246,3-1-4,119.5
144246,4-1-3,45.1
144246,5-1-3,216.5
144246,6-1-3,773.7
144246,1-2-5,39.5
144246,2-1-5,143.7
144246,3-1-5,170.2
144246,4-1-5,11.8
144246,5-1-4,64.2
144246,6-1-4,357.2
144246,1-2-6,54.9
144246,2-1-6,270.7
144246,3-1-6,274.8
144246,4-1-6,24.7
144246,5-1-6,117
144246,6-1-5,538.8
144246,1-3-2,54.2
144246,2-3-1,537
144246,3-2-1,515
144246,4-2-1,95.1
144246,5-2-1,484.4
144246,6-2-1,1014
144246,1-3-4,22.7
144246,2-3-4,430.7
144246,3-2-4,390.5
144246,4-2-3,219.7
144246,5-2-3,995.5
144246,6-2-3,1834
144246,1-3-5,45.3
144246,2-3-5,564.9
144246,3-2-5,627.9
144246,4-2-5,91
144246,5-2-4,399.1
144246,6-2-4,800.3
144246,1-3-6,65.5
144246,2-3-6,873
144246,3-2-6,897
144246,4-2-6,136.6
144246,5-2-6,587.2
144246,6-2-5,1383
144246,1-4-2,15.3
144246,2-4-1,158.5
144246,3-4-1,150.1
144246,4-3-1,112.2
144246,5-3-1,531.8
144246,6-3-1,1014
144246,1-4-3,21.5
144246,2-4-3,401.1
144246,3-4-2,318.8
144246,4-3-2,247.7
144246,5-3-2,1060
144246,6-3-2,1525
144246,1-4-5,10.4
144246,2-4-5,240.4
144246,3-4-5,181.2
144246,4-3-5,101.8
144246,5-3-4,366
144246,6-3-4,755.8
144246,1-4-6,18.5
144246,2-4-6,342.9
144246,3-4-6,254.7
144246,4-3-6,155.6
144246,5-3-6,716
144246,6-3-5,1227
144246,1-5-2,47.3
144246,2-5-1,390.5
144246,3-5-1,351.1
144246,4-5-1,13.8
144246,5-4-1,61.7
144246,6-4-1,319.5
144246,1-5-3,70.9
144246,2-5-3,854.7
144246,3-5-2,655.6
144246,4-5-2,42.8
144246,5-4-2,165.2
144246,6-4-2,535.2
144246,1-5-4,24.2
144246,2-5-4,395.3
144246,3-5-4,273.9
144246,4-5-3,54.9
144246,5-4-3,210.9
144246,6-4-3,658.3
144246,1-5-6,45.6
144246,2-5-6,642.7
144246,3-5-6,457.3
144246,4-5-6,19.2
144246,5-4-6,73.4
144246,6-4-5,294.1
144246,1-6-2,112.9
144246,2-6-1,762.9
144246,3-6-1,635.2
144246,4-6-1,52.9
144246,5-6-1,231.9
144246,6-5-1,703.7
144246,1-6-3,160.5
144246,2-6-3,1265
144246,3-6-2,1014
144246,4-6-2,129.8
144246,5-6-2,508.6
144246,6-5-2,1432
144246,1-6-4,58.9
144246,2-6-4,728.8
144246,3-6-4,551.5
144246,4-6-3,172.9
144246,5-6-3,691.8
144246,6-5-3,1736
144246,1-6-5,84.9
144246,2-6-5,1053
144246,3-6-5,700.7
144246,4-6-5,41.6
144246,5-6-4,167.7
144246,6-5-4,404.1
144247,1-2-3,5.8
144247,2-1-3,9.8
144247,3-1-2,25.5
144247,4-1-2,141.3
144247,5-1-2,668
144247,6-1-2,423.9
144247,1-2-4,13.6
144247,2-1-4,19.8
144247,3-1-4,40.5
144247,4-1-3,245.3
144247,5-1-3,721.1
144247,6-1-3,614.8
144247,1-2-5,58.8
144247,2-1-5,79.3
144247,3-1-5,94
144247,4-1-5,456.5
144247,5-1-4,913.1
144247,6-1-4,1286
144247,1-2-6,32.3
144247,2-1-6,40.5
144247,3-1-6,68.7
144247,4-1-6,402.9
144247,5-1-6,871.8
144247,6-1-5,1574
144247,1-3-2,9
144247,2-3-1,17.6
144247,3-2-1,29.1
144247,4-2-1,162.4
144247,5-2-1,760.2
144247,6-2-1,497.8
144247,1-3-4,16.8
144247,2-3-4,26
144247,3-2-4,40.5
144247,4-2-3,201.2
144247,5-2-3,795.4
144247,6-2-3,589
144247,1-3-5,54.2
144247,2-3-5,79.1
144247,3-2-5,98.4
144247,4-2-5,593.5
144247,5-2-4,1094
144247,6-2-4,1094
144247,1-3-6,37.3
144247,2-3-6,46.5
144247,3-2-6,65.3
144247,4-2-6,308
144247,5-2-6,989.2
144247,6-2-5,1905
144247,1-4-2,36.4
144247,2-4-1,67.6
144247,3-4-1,104.6
144247,4-3-1,328.3
144247,5-3-1,940.9
144247,6-3-1,783.3
144247,1-4-3,41.2
144247,2-4-3,62.5
144247,3-4-2,92
144247,4-3-2,295
144247,5-3-2,976.7
144247,6-3-2,711.1
144247,1-4-5,159.4
144247,2-4-5,251.3
144247,3-4-5,278.5
144247,4-3-5,775.4
144247,5-3-4,1677
144247,6-3-4,1624
144247,1-4-6,119.5
144247,2-4-6,121.5
144247,3-4-6,187.5
144247,4-3-6,591.2
144247,5-3-6,1498
144247,6-3-5,2755
144247,1-5-2,129.6
144247,2-5-1,339.1
144247,3-5-1,317.5
144247,4-5-1,760.2
144247,5-4-1,1318
144247,6-4-1,1773
144247,1-5-3,117.4
144247,2-5-3,291.1
144247,3-5-2,300.2
144247,4-5-2,902.4
144247,5-4-2,1590
144247,6-4-2,1275
144247,1-5-4,195.8
144247,2-5-4,541.4
144247,3-5-4,467.6
144247,4-5-3,940.9
144247,5-4-3,2269
144247,6-4-3,2269
144247,1-5-6,218.5
144247,2-5-6,491.4
144247,3-5-6,467.6
144247,4-5-6,918.5
144247,5-4-6,1905
144247,6-4-5,2857
144247,1-6-2,104.2
144247,2-6-1,156.3
144247,3-6-1,223
144247,4-6-1,779.4
144247,5-6-1,1377
144247,6-5-1,2004
144247,1-6-3,112.6
144247,2-6-3,133.3
144247,3-6-2,182.6
144247,4-6-2,602.8
144247,5-6-2,1307
144247,6-5-2,2173
144247,1-6-4,187.9
144247,2-6-4,271.6
144247,3-6-4,383.8
144247,4-6-3,886.9
144247,5-6-3,1469
144247,6-5-3,2857
144247,1-6-5,285.2
144247,2-6-5,489.9
144247,3-6-5,571.5
144247,4-6-5,1151
144247,5-6-4,2374
144247,6-5-4,2303
144248,1-2-3,16.1
144248,2-1-3,42.9
144248,3-1-2,146
144248,4-1-2,18.9
144248,5-1-2,195.6
144248,6-1-2,1202
144248,1-2-4,6.6
144248,2-1-4,11.9
144248,3-1-4,184.4
144248,4-1-3,75.3
144248,5-1-3,388.7
144248,6-1-3,2049
144248,1-2-5,28.1
144248,2-1-5,50.6
144248,3-1-5,301.1
144248,4-1-5,28.8
144248,5-1-4,183.4
144248,6-1-4,1210
144248,1-2-6,53.8
144248,2-1-6,133.9
144248,3-1-6,482.2
144248,4-1-6,63
144248,5-1-6,343.5
144248,6-1-5,2692
144248,1-3-2,23.6
144248,2-3-1,114.1
144248,3-2-1,195.6
144248,4-2-1,22.4
144248,5-2-1,241.1
144248,6-2-1,1431
144248,1-3-4,35.7
144248,2-3-4,97.3
144248,3-2-4,175.9
144248,4-2-3,81.5
144248,5-2-3,570.7
144248,6-2-3,1785
144248,1-3-5,77.4
144248,2-3-5,214.2
144248,3-2-5,306.7
144248,4-2-5,29.6
144248,5-2-4,187.4
144248,6-2-4,1218
144248,1-3-6,133.3
144248,2-3-6,352.9
144248,3-2-6,494.1
144248,4-2-6,69.6
144248,5-2-6,422.4
144248,6-2-5,1685
144248,1-4-2,12.2
144248,2-4-1,22.7
144248,3-4-1,241.7
144248,4-3-1,141.3
144248,5-3-1,959.3
144248,6-3-1,3109
144248,1-4-3,35.2
144248,2-4-3,66.3
144248,3-4-2,164.5
144248,4-3-2,123.8
144248,5-3-2,1113
144248,6-3-2,2470
144248,1-4-5,37.1
144248,2-4-5,46.1
144248,3-4-5,287.2
144248,4-3-5,147.8
144248,5-3-4,884.1
144248,6-3-4,3680
144248,1-4-6,71.4
144248,2-4-6,125.2
144248,3-4-6,454.3
144248,4-3-6,219.9
144248,5-3-6,1528
144248,6-3-5,3921
144248,1-5-2,84.3
144248,2-5-1,152.4
144248,3-5-1,533.6
144248,4-5-1,32.1
144248,5-4-1,158.6
144248,6-4-1,1376
144248,1-5-3,129.1
144248,2-5-3,309.9
144248,3-5-2,585.6
144248,4-5-2,29.2
144248,5-4-2,133
144248,6-4-2,1113
144248,1-5-4,94
144248,2-5-4,131.9
144248,3-5-4,499.6
144248,4-5-3,110.1
144248,5-4-3,446.4
144248,6-4-3,3164
144248,1-5-6,203.5
144248,2-5-6,384.5
144248,3-5-6,897.3
144248,4-5-6,47.5
144248,5-4-6,207.5
144248,6-4-5,1261
144248,1-6-2,196.2
144248,2-6-1,505.2
144248,3-6-1,985.6
144248,4-6-1,124.3
144248,5-6-1,1156
144248,6-5-1,3006
144248,1-6-3,406.2
144248,2-6-3,658.2
144248,3-6-2,1002
144248,4-6-2,114.9
144248,5-6-2,846.7
144248,6-5-2,1803
144248,1-6-4,261.7
144248,2-6-4,413.6
144248,3-6-4,892.9
144248,4-6-3,392.1
144248,5-6-3,1346
144248,6-5-3,3536
144248,1-6-5,453.1
144248,2-6-5,655.8
144248,3-6-5,1194
144248,4-6-5,124.1
144248,5-6-4,678
144248,6-5-4,1356
144249,1-2-3,11
144249,2-1-3,16.7
144249,3-1-2,67.1
144249,4-1-2,29.6
144249,5-1-2,454.1
144249,6-1-2,1490
144249,1-2-4,6
144249,2-1-4,9
144249,3-1-4,77.3
144249,4-1-3,89.3
144249,5-1-3,725.8
144249,6-1-3,2162
144249,1-2-5,29.6
144249,2-1-5,44.5
144249,3-1-5,161.4
144249,4-1-5,83.7
144249,5-1-4,407.7
144249,6-1-4,1624
144249,1-2-6,112.4
144249,2-1-6,143.6
144249,3-1-6,417.1
144249,4-1-6,181.2
144249,5-1-6,1358
144249,6-1-5,4039
144249,1-3-2,19.1
144249,2-3-1,38
144249,3-2-1,79.7
144249,4-2-1,31.2
144249,5-2-1,534.8
144249,6-2-1,1968
144249,1-3-4,23.3
144249,2-3-4,38.9
144249,3-2-4,86.7
144249,4-2-3,84.6
144249,5-2-3,707.4
144249,6-2-3,2869
144249,1-3-5,60
144249,2-3-5,84.1
144249,3-2-5,170.5
144249,4-2-5,71.6
144249,5-2-4,379.9
144249,6-2-4,1395
144249,1-3-6,198.5
144249,2-3-6,249
144249,3-2-6,535.8
144249,4-2-6,153.2
144249,5-2-6,1312
144249,6-2-5,3886
144249,1-4-2,11.5
144249,2-4-1,19.3
144249,3-4-1,124.1
144249,4-3-1,164.8
144249,5-3-1,911
144249,6-3-1,3612
144249,1-4-3,24.3
144249,2-4-3,39.3
144249,3-4-2,127.1
144249,4-3-2,152.8
144249,5-3-2,862.4
144249,6-3-2,3337
144249,1-4-5,33.8
144249,2-4-5,56.5
144249,3-4-5,263.5
144249,4-3-5,279.6
144249,5-3-4,996.8
144249,6-3-4,3411
144249,1-4-6,127.9
144249,2-4-6,123.9
144249,3-4-6,651.8
144249,4-3-6,460.3
144249,5-3-6,2343
144249,6-3-5,5482
144249,1-5-2,99.9
144249,2-5-1,155.3
144249,3-5-1,420.5
144249,4-5-1,113.7
144249,5-4-1,478.2
144249,6-4-1,1754
144249,1-5-3,141.6
144249,2-5-3,192.8
144249,3-5-2,373.5
144249,4-5-2,103.6
144249,5-4-2,379.5
144249,6-4-2,1535
144249,1-5-4,88.1
144249,2-5-4,121.3
144249,3-5-4,483.5
144249,4-5-3,323.5
144249,5-4-3,848.1
144249,6-4-3,3411
144249,1-5-6,441.7
144249,2-5-6,477.4
144249,3-5-6,1300
144249,4-5-6,248.8
144249,5-4-6,1026
144249,6-4-5,2791
144249,1-6-2,371.7
144249,2-6-1,440.5
144249,3-6-1,1497
144249,4-6-1,383.7
144249,5-6-1,2326
144249,6-5-1,3837
144249,1-6-3,492.8
144249,2-6-3,699.3
144249,3-6-2,1795
144249,4-6-2,336.2
144249,5-6-2,2060
144249,6-5-2,3886
144249,1-6-4,419.4
144249,2-6-4,405.5
144249,3-6-4,1931
144249,4-6-3,836.5
144249,5-6-3,2980
144249,6-5-3,5904
144249,1-6-5,642.3
144249,2-6-5,761.8
144249,3-6-5,2132
144249,4-6-5,487.3
144249,5-6-4,1641
144249,6-5-4,2924
144250,1-2-3,12.6
144250,2-1-3,113.5
144250,3-1-2,42.4
144250,4-1-2,351.1
144250,5-1-2,208.2
144250,6-1-2,1491
144250,1-2-4,28.6
144250,2-1-4,203.3
144250,3-1-4,22.1
144250,4-1-3,179.7
144250,5-1-3,64.2
144250,6-1-3,950.3
144250,1-2-5,23.2
144250,2-1-5,208.9
144250,3-1-5,15.7
144250,4-1-5,176.6
144250,5-1-4,154.4
144250,6-1-4,2002
144250,1-2-6,135.4
144250,2-1-6,662.4
144250,3-1-6,128.8
144250,4-1-6,674.9
144250,5-1-6,539.1
144250,6-1-5,1503
144250,1-3-2,9.3
144250,2-3-1,214.6
144250,3-2-1,156.7
144250,4-2-1,697.4
144250,5-2-1,779.8
144250,6-2-1,2441
144250,1-3-4,6.4
144250,2-3-4,542.4
144250,3-2-4,349
144250,4-2-3,1315
144250,5-2-3,799
144250,6-2-3,2659
144250,1-3-5,4.3
144250,2-3-5,485.5
144250,3-2-5,259.7
144250,4-2-5,1216
144250,5-2-4,1295
144250,6-2-4,2945
144250,1-3-6,62.3
144250,2-3-6,1529
144250,3-2-6,1086
144250,4-2-6,1478
144250,5-2-6,1809
144250,6-2-5,3599
144250,1-4-2,36.6
144250,2-4-1,517.2
144250,3-4-1,95.7
144250,4-3-1,268.1
144250,5-3-1,117.4
144250,6-3-1,1764
144250,1-4-3,19.8
144250,2-4-3,952.9
144250,3-4-2,293.5
144250,4-3-2,913.8
144250,5-3-2,526.4
144250,6-3-2,2679
144250,1-4-5,27.3
144250,2-4-5,1096
144250,3-4-5,126.6
144250,4-3-5,346.3
144250,5-3-4,300.5
144250,6-3-4,2582
144250,1-4-6,157.2
144250,2-4-6,1549
144250,3-4-6,457.5
144250,4-3-6,1199
144250,5-3-6,998.3
144250,6-3-5,2408
144250,1-5-2,27.1
144250,2-5-1,676.2
144250,3-5-1,52
144250,4-5-1,280.1
144250,5-4-1,381.9
144250,6-4-1,3791
144250,1-5-3,11.7
144250,2-5-3,769.7
144250,3-5-2,197.9
144250,4-5-2,778.1
144250,5-4-2,1180
144250,6-4-2,2806
144250,1-5-4,31
144250,2-5-4,1117
144250,3-5-4,124.1
144250,4-5-3,309.1
144250,5-4-3,401.3
144250,6-4-3,4192
144250,1-5-6,102.7
144250,2-5-6,1790
144250,3-5-6,364
144250,4-5-6,998.3
144250,5-4-6,1291
144250,6-4-5,3873
144250,1-6-2,289.9
144250,2-6-1,2213
144250,3-6-1,655.1
144250,4-6-1,1846
144250,5-6-1,1649
144250,6-5-1,3099
144250,1-6-3,223.1
144250,2-6-3,2545
144250,3-6-2,1510
144250,4-6-2,2013
144250,5-6-2,2679
144250,6-5-2,3959
144250,1-6-4,336.2
144250,2-6-4,1885
144250,3-6-4,952.9
144250,4-6-3,1738
144250,5-6-3,1681
144250,6-5-3,3269
144250,1-6-5,220.6
144250,2-6-5,2828
144250,3-6-5,998.3
144250,4-6-5,1958
144250,5-6-4,1818
144250,6-5-4,3674
144251,1-2-3,9.9
144251,2-1-3,109.1
144251,3-1-2,34.5
144251,4-1-2,120.7
144251,5-1-2,628.1
144251,6-1-2,3063
144251,1-2-4,14.2
144251,2-1-4,129.6
144251,3-1-4,15
144251,4-1-3,70.8
144251,5-1-3,396.2
144251,6-1-3,1818
144251,1-2-5,36.4
144251,2-1-5,279.4
144251,3-1-5,30.3
144251,4-1-5,118.8
144251,5-1-4,430.5
144251,6-1-4,2865
144251,1-2-6,196.4
144251,2-1-6,961.9
144251,3-1-6,259.9
144251,4-1-6,488.6
144251,5-1-6,1397
144251,6-1-5,3463
144251,1-3-2,6.8
144251,2-3-1,204.2
144251,3-2-1,141.2
144251,4-2-1,309.4
144251,5-2-1,1203
144251,6-2-1,4577
144251,1-3-4,4
144251,2-3-4,308.4
144251,3-2-4,155
144251,4-2-3,356.8
144251,5-2-3,1525
144251,6-2-3,4236
144251,1-3-5,12.9
144251,2-3-5,597.9
144251,3-2-5,280
144251,4-2-5,643.3
144251,5-2-4,1652
144251,6-2-4,4105
144251,1-3-6,117.5
144251,2-3-6,1914
144251,3-2-6,1031
144251,4-2-6,1340
144251,5-2-6,2906
144251,6-2-5,5105
144251,1-4-2,14.2
144251,2-4-1,345.1
144251,3-4-1,34.4
144251,4-3-1,114.8
144251,5-3-1,617.4
144251,6-3-1,3687
144251,1-4-3,9.2
144251,2-4-3,506
144251,3-4-2,95.3
144251,4-3-2,269.6
144251,5-3-2,1363
144251,6-3-2,5531
144251,1-4-5,22.9
144251,2-4-5,888.9
144251,3-4-5,79.6
144251,4-3-5,258.1
144251,5-3-4,847.3
144251,6-3-4,4424
144251,1-4-6,144.5
144251,2-4-6,1914
144251,3-4-6,413.9
144251,4-3-6,898.9
144251,5-3-6,3017
144251,6-3-5,6034
144251,1-5-2,74.2
144251,2-5-1,928.3
144251,3-5-1,137.7
144251,4-5-1,226.9
144251,5-4-1,592.6
144251,6-4-1,3904
144251,1-5-3,48
144251,2-5-3,1276
144251,3-5-2,338.3
144251,4-5-2,507.9
144251,5-4-2,1318
144251,6-4-2,4474
144251,1-5-4,54.7
144251,2-5-4,1314
144251,3-5-4,178.3
144251,4-5-3,381.8
144251,5-4-3,867.6
144251,6-4-3,4525
144251,1-5-6,311.6
144251,2-5-6,2654
144251,3-5-6,983.3
144251,4-5-6,741.6
144251,5-4-6,1612
144251,6-4-5,4424
144251,1-6-2,530.9
144251,2-6-1,2994
144251,3-6-1,1210
144251,4-6-1,1301
144251,5-6-1,3185
144251,6-5-1,5041
144251,1-6-3,430.5
144251,2-6-3,4577
144251,3-6-2,2328
144251,4-6-2,2074
144251,5-6-2,5105
144251,6-5-2,5856
144251,1-6-4,441
144251,2-6-4,3620
144251,3-6-4,1508
144251,4-6-3,1905
144251,5-6-3,2949
144251,6-5-3,4978
144251,1-6-5,672.7
144251,2-6-5,3904
144251,3-6-5,2096
144251,4-6-5,1502
144251,5-6-4,3040
144251,6-5-4,4282
144252,1-2-3,8.7
144252,2-1-3,10.7
144252,3-1-2,101.5
144252,4-1-2,530.3
144252,5-1-2,66
144252,6-1-2,798.5
144252,1-2-4,15
144252,2-1-4,26.6
144252,3-1-4,270.4
144252,4-1-3,1079
144252,5-1-3,177
144252,6-1-3,1694
144252,1-2-5,7.1
144252,2-1-5,8.2
144252,3-1-5,164.1
144252,4-1-5,611.1
144252,5-1-4,368.2
144252,6-1-4,2724
144252,1-2-6,30
144252,2-1-6,44.3
144252,3-1-6,485.8
144252,4-1-6,1375
144252,5-1-6,216.8
144252,6-1-5,1240
144252,1-3-2,21.5
144252,2-3-1,29.3
144252,3-2-1,108.9
144252,4-2-1,507.7
144252,5-2-1,67.3
144252,6-2-1,790.9
144252,1-3-4,85.2
144252,2-3-4,58.7
144252,3-2-4,152.5
144252,4-2-3,786.4
144252,5-2-3,120.7
144252,6-2-3,1327
144252,1-3-5,39.2
144252,2-3-5,22.5
144252,3-2-5,83.2
144252,4-2-5,549.8
144252,5-2-4,256
144252,6-2-4,2229
144252,1-3-6,144.6
144252,2-3-6,93
144252,3-2-6,254.1
144252,4-2-6,1099
144252,5-2-6,148.4
144252,6-2-5,825.3
144252,1-4-2,64
144252,2-4-1,83.5
144252,3-4-1,624.9
144252,4-3-1,1366
144252,5-3-1,386.3
144252,6-3-1,2671
144252,1-4-3,186.4
144252,2-4-3,119.2
144252,3-4-2,337.5
144252,4-3-2,1031
144252,5-3-2,254.1
144252,6-3-2,2013
144252,1-4-5,118.7
144252,2-4-5,87.6
144252,3-4-5,494.4
144252,4-3-5,1302
144252,5-3-4,884.9
144252,6-3-4,3532
144252,1-4-6,315.2
144252,2-4-6,224
144252,3-4-6,1123
144252,4-3-6,2094
144252,5-3-6,774.7
144252,6-3-5,2778
144252,1-5-2,20.8
144252,2-5-1,18.6
144252,3-5-1,254.9
144252,4-5-1,864.7
144252,5-4-1,763.4
144252,6-4-1,4126
144252,1-5-3,50.3
144252,2-5-3,26.7
144252,3-5-2,138.3
144252,4-5-2,695.8
144252,5-4-2,586.2
144252,6-4-2,3334
144252,1-5-4,88.8
144252,2-5-4,71.2
144252,3-5-4,465.7
144252,4-5-3,1184
144252,5-4-3,1302
144252,6-4-3,4253
144252,1-5-6,102.7
144252,2-5-6,63.2
144252,3-5-6,511.4
144252,4-5-6,1105
144252,5-4-6,1034
144252,6-4-5,3688
144252,1-6-2,144.5
144252,2-6-1,170.8
144252,3-6-1,1247
144252,4-6-1,1956
144252,5-6-1,403.5
144252,6-5-1,1194
144252,1-6-3,412.6
144252,2-6-3,282.7
144252,3-6-2,639.3
144252,4-6-2,2217
144252,5-6-2,316.2
144252,6-5-2,870.1
144252,1-6-4,479.1
144252,2-6-4,417.6
144252,3-6-4,1694
144252,4-6-3,2572
144252,5-6-3,801.5
144252,6-5-3,2023
144252,1-6-5,262.6
144252,2-6-5,178.8
144252,3-6-5,1102
144252,4-6-5,1956
144252,5-6-4,953.8
144252,6-5-4,2395
144253,1-2-3,38.8
144253,2-1-3,493.2
144253,3-1-2,498.5
144253,4-1-2,60.4
144253,5-1-2,155.5
144253,6-1-2,1179
144253,1-2-4,11
144253,2-1-4,253.2
144253,3-1-4,276.1
144253,4-1-3,102.1
144253,5-1-3,234.3
144253,6-1-3,1299
144253,1-2-5,26.7
144253,2-1-5,334.4
144253,3-1-5,356.7
144253,4-1-5,20.2
144253,5-1-4,59.5
144253,6-1-4,495.8
144253,1-2-6,80
144253,2-1-6,773.9
144253,3-1-6,666.5
144253,4-1-6,47
144253,5-1-6,152.8
144253,6-1-5,970.2
144253,1-3-2,48
144253,2-3-1,966.3
144253,3-2-1,1091
144253,4-2-1,211.7
144253,5-2-1,451.1
144253,6-2-1,2376
144253,1-3-4,13.1
144253,2-3-4,1461
144253,3-2-4,1235
144253,4-2-3,728.4
144253,5-2-3,1310
144253,6-2-3,3223
144253,1-3-5,31.8
144253,2-3-5,1749
144253,3-2-5,1292
144253,4-2-5,225.2
144253,5-2-4,529.3
144253,6-2-4,2284
144253,1-3-6,80.3
144253,2-3-6,3434
144253,3-2-6,2941
144253,4-2-6,466.8
144253,5-2-6,744.6
144253,6-2-5,3179
144253,1-4-2,7.8
144253,2-4-1,427
144253,3-4-1,449.8
144253,4-3-1,324.7
144253,5-3-1,685.9
144253,6-3-1,2585
144253,1-4-3,10.3
144253,2-4-3,1371
144253,3-4-2,1248
144253,4-3-2,908.4
144253,5-3-2,1736
144253,6-3-2,4317
144253,1-4-5,5.4
144253,2-4-5,653.5
144253,3-4-5,702.3
144253,4-3-5,485.6
144253,5-3-4,948.7
144253,6-3-4,2869
144253,1-4-6,12.9
144253,2-4-6,1470
144253,3-4-6,1209
144253,4-3-6,694
144253,5-3-6,1079
144253,6-3-5,4357
144253,1-5-2,28.9
144253,2-5-1,709.7
144253,3-5-1,756.5
144253,4-5-1,28.2
144253,5-4-1,69
144253,6-4-1,518.2
144253,1-5-3,43.9
144253,2-5-3,2037
144253,3-5-2,1723
144253,4-5-2,105.9
144253,5-4-2,243.9
144253,6-4-2,1238
144253,1-5-4,12
144253,2-5-4,797.6
144253,3-5-4,1025
144253,4-5-3,213.7
144253,5-4-3,381
144253,6-4-3,1705
144253,1-5-6,55.7
144253,2-5-6,2251
144253,3-5-6,2011
144253,4-5-6,55.8
144253,5-4-6,147.6
144253,6-4-5,834.3
144253,1-6-2,163.7
144253,2-6-1,2168
144253,3-6-1,1860
144253,4-6-1,100.8
144253,5-6-1,449
144253,6-5-1,1558
144253,1-6-3,175.5
144253,2-6-3,3511
144253,3-6-2,3565
144253,4-6-2,340.7
144253,5-6-2,962.3
144253,6-5-2,2941
144253,1-6-4,62.1
144253,2-6-4,2571
144253,3-6-4,1882
144253,4-6-3,423.5
144253,5-6-3,1380
144253,6-5-3,3337
144253,1-6-5,128.3
144253,2-6-5,3016
144253,3-6-5,3055
144253,4-6-5,116.9
144253,5-6-4,423.9
144253,6-5-4,1147
144254,1-2-3,33.4
144254,2-1-3,255.9
144254,3-1-2,86.8
144254,4-1-2,1188
144254,5-1-2,50.9
144254,6-1-2,1916
144254,1-2-4,121.4
144254,2-1-4,676.9
144254,3-1-4,73.3
144254,4-1-3,437.2
144254,5-1-3,13.6
144254,6-1-3,668.4
144254,1-2-5,34.5
144254,2-1-5,272.6
144254,3-1-5,19.4
144254,4-1-5,437.2
144254,5-1-4,80.4
144254,6-1-4,1309
144254,1-2-6,115.2
144254,2-1-6,662.8
144254,3-1-6,57.7
144254,4-1-6,788.1
144254,5-1-6,36.9
144254,6-1-5,559.1
144254,1-3-2,20
144254,2-3-1,383.5
144254,3-2-1,221.5
144254,4-2-1,1616
144254,5-2-1,163.7
144254,6-2-1,2970
144254,1-3-4,35.2
144254,2-3-4,842.6
144254,3-2-4,377.7
144254,4-2-3,1638
144254,5-2-3,181.3
144254,6-2-3,2625
144254,1-3-5,6.1
144254,2-3-5,368.1
144254,3-2-5,200.6
144254,4-2-5,1342
144254,5-2-4,424.6
144254,6-2-4,3370
144254,1-3-6,28.2
144254,2-3-6,805.4
144254,3-2-6,342.1
144254,4-2-6,1703
144254,5-2-6,300.5
144254,6-2-5,2654
144254,1-4-2,220.4
144254,2-4-1,1410
144254,3-4-1,130.4
144254,4-3-1,456
144254,5-3-1,25.3
144254,6-3-1,742.5
144254,1-4-3,123.2
144254,2-4-3,1480
144254,3-4-2,351.2
144254,4-3-2,1237
144254,5-3-2,96.1
144254,6-3-2,1971
144254,1-4-5,114
144254,2-4-5,1361
144254,3-4-5,139.7
144254,4-3-5,465
144254,5-3-4,127.7
144254,6-3-4,1287
144254,1-4-6,223.8
144254,2-4-6,1878
144254,3-4-6,174.2
144254,4-3-6,683.7
144254,5-3-6,65.4
144254,6-3-5,672.1
144254,1-5-2,15.6
144254,2-5-1,399.3
144254,3-5-1,26.8
144254,4-5-1,630.2
144254,5-4-1,328.4
144254,6-4-1,2179
144254,1-5-3,4.6
144254,2-5-3,392.7
144254,3-5-2,109.4
144254,4-5-2,1247
144254,5-4-2,669.3
144254,6-4-2,3126
144254,1-5-4,35.2
144254,2-5-4,1105
144254,3-5-4,95.3
144254,4-5-3,614
144254,5-4-3,340.6
144254,6-4-3,2449
144254,1-5-6,15.2
144254,2-5-6,906.9
144254,3-5-6,60.7
144254,4-5-6,1009
144254,5-4-6,490.4
144254,6-4-5,2684
144254,1-6-2,240.6
144254,2-6-1,1800
144254,3-6-1,117.5
144254,4-6-1,1338
144254,5-6-1,138.5
144254,6-5-1,633.6
144254,1-6-3,95.7
144254,2-6-3,1753
144254,3-6-2,343.1
144254,4-6-2,2179
144254,5-6-2,459.6
144254,6-5-2,2140
144254,1-6-4,290.8
144254,2-6-4,2611
144254,3-6-4,222.6
144254,4-6-3,1250
144254,5-6-3,165.5
144254,6-5-3,770.2
144254,1-6-5,71.3
144254,2-6-5,1779
144254,3-6-5,113.6
144254,4-6-5,1444
144254,5-6-4,518.2
144254,6-5-4,1856
144255,1-2-3,12.3
144255,2-1-3,188.2
144255,3-1-2,51.9
144255,4-1-2,189.1
144255,5-1-2,668.7
144255,6-1-2,1158
144255,1-2-4,18.9
144255,2-1-4,344
144255,3-1-4,21.1
144255,4-1-3,90.5
144255,5-1-3,338.1
144255,6-1-3,446.4
144255,1-2-5,47.7
144255,2-1-5,450.7
144255,3-1-5,48.2
144255,4-1-5,172.6
144255,5-1-4,598.4
144255,6-1-4,854.9
144255,1-2-6,54.6
144255,2-1-6,513.8
144255,3-1-6,40.5
144255,4-1-6,193.8
144255,5-1-6,588
144255,6-1-5,1309
144255,1-3-2,7.1
144255,2-3-1,287.5
144255,3-2-1,180.3
144255,4-2-1,442.6
144255,5-2-1,1144
144255,6-2-1,2168
144255,1-3-4,4.6
144255,2-3-4,508.9
144255,3-2-4,204
144255,4-2-3,736.4
144255,5-2-3,1591
144255,6-2-3,2412
144255,1-3-5,13.3
144255,2-3-5,567.5
144255,3-2-5,346.8
144255,4-2-5,980.8
144255,5-2-4,1712
144255,6-2-4,3450
144255,1-3-6,12.5
144255,2-3-6,701.4
144255,3-2-6,350.7
144255,4-2-6,785.3
144255,5-2-6,1994
144255,6-2-5,4221
144255,1-4-2,20.4
144255,2-4-1,633.7
144255,3-4-1,47.8
144255,4-3-1,110.3
144255,5-3-1,407.9
144255,6-3-1,544
144255,1-4-3,10.1
144255,2-4-3,750.4
144255,3-4-2,151.1
144255,4-3-2,437.3
144255,5-3-2,1331
144255,6-3-2,2029
144255,1-4-5,30.7
144255,2-4-5,1237
144255,3-4-5,102
144255,4-3-5,252.6
144255,5-3-4,1074
144255,6-3-4,1234
144255,1-4-6,30.8
144255,2-4-6,1496
144255,3-4-6,107.6
144255,4-3-6,300.7
144255,5-3-6,1107
144255,6-3-5,2139
144255,1-5-2,90.2
144255,2-5-1,1209
144255,3-5-1,156.7
144255,4-5-1,303
144255,5-4-1,902.2
144255,6-4-1,1284
144255,1-5-3,49.3
144255,2-5-3,1010
144255,3-5-2,467.1
144255,4-5-2,756.4
144255,5-4-2,1818
144255,6-4-2,3401
144255,1-5-4,67.2
144255,2-5-4,1535
144255,3-5-4,212.2
144255,4-5-3,501.8
144255,5-4-3,1407
144255,6-4-3,1653
144255,1-5-6,106.1
144255,2-5-6,2273
144255,3-5-6,279.5
144255,4-5-6,424.7
144255,5-4-6,1581
144255,6-4-5,3353
144255,1-6-2,100.8
144255,2-6-1,1700
144255,3-6-1,176.2
144255,4-6-1,419.5
144255,5-6-1,1099
144255,6-5-1,2003
144255,1-6-3,55.2
144255,2-6-3,1929
144255,3-6-2,555.5
144255,4-6-2,1072
144255,5-6-2,2168
144255,6-5-2,3972
144255,1-6-4,88.3
144255,2-6-4,2273
144255,3-6-4,271
144255,4-6-3,605.3
144255,5-6-3,1581
144255,6-5-3,2732
144255,1-6-5,150.1
144255,2-6-5,2882
144255,3-6-5,504.5
144255,4-6-5,742.2
144255,5-6-4,2082
144255,6-5-4,3353
144256,1-2-3,11.2
144256,2-1-3,126.1
144256,3-1-2,121.4
144256,4-1-2,59.1
144256,5-1-2,137.2
144256,6-1-2,935
144256,1-2-4,8.7
144256,2-1-4,80.7
144256,3-1-4,97
144256,4-1-3,117.7
144256,5-1-3,233.6
144256,6-1-3,1150
144256,1-2-5,16.6
144256,2-1-5,113.7
144256,3-1-5,121.1
144256,4-1-5,32.6
144256,5-1-4,90.6
144256,6-1-4,643.2
144256,1-2-6,42.5
144256,2-1-6,192.5
144256,3-1-6,248.8
144256,4-1-6,52
144256,5-1-6,126.3
144256,6-1-5,734.1
144256,1-3-2,14.3
144256,2-3-1,355.8
144256,3-2-1,331.6
144256,4-2-1,154.2
144256,5-2-1,289.2
144256,6-2-1,1325
144256,1-3-4,15.3
144256,2-3-4,620.8
144256,3-2-4,508.1
144256,4-2-3,412.8
144256,5-2-3,797.6
144256,6-2-3,2389
144256,1-3-5,23.1
144256,2-3-5,845.2
144256,3-2-5,687.1
144256,4-2-5,143.6
144256,5-2-4,301.2
144256,6-2-4,1538
144256,1-3-6,55.8
144256,2-3-6,1397
144256,3-2-6,1325
144256,4-2-6,205.3
144256,5-2-6,386
144256,6-2-5,1770
144256,1-4-2,11.3
144256,2-4-1,211.3
144256,3-4-1,260.4
144256,4-3-1,318.7
144256,5-3-1,616.8
144256,6-3-1,1978
144256,1-4-3,20.1
144256,2-4-3,627.9
144256,3-4-2,479.9
144256,4-3-2,533
144256,5-3-2,1210
144256,6-3-2,2874
144256,1-4-5,12.6
144256,2-4-5,312.9
144256,3-4-5,344.5
144256,4-3-5,326.1
144256,5-3-4,771.8
144256,6-3-4,1783
144256,1-4-6,28.9
144256,2-4-6,461.3
144256,3-4-6,517.2
144256,4-3-6,394.9
144256,5-3-6,999.1
144256,6-3-5,2337
144256,1-5-2,27.7
144256,2-5-1,326.5
144256,3-5-1,399.8
144256,4-5-1,38.1
144256,5-4-1,87.7
144256,6-4-1,614.5
144256,1-5-3,38.4
144256,2-5-3,845.2
144256,3-5-2,787.3
144256,4-5-2,78.3
144256,5-4-2,155.1
144256,6-4-2,1009
144256,1-5-4,25.2
144256,2-5-4,432.3
144256,3-5-4,507.3
144256,4-5-3,152.4
144256,5-4-3,331.3
144256,6-4-3,1301
144256,1-5-6,42.3
144256,2-5-6,704.5
144256,3-5-6,1057
144256,4-5-6,43.5
144256,5-4-6,98.3
144256,6-4-5,457.4
144256,1-6-2,120.9
144256,2-6-1,810.2
144256,3-6-1,1193
144256,4-6-1,102.7
144256,5-6-1,228
144256,6-5-1,596.5
144256,1-6-3,149.1
144256,2-6-3,2027
144256,3-6-2,2578
144256,4-6-2,175.6
144256,5-6-2,339.5
144256,6-5-2,998.1
144256,1-6-4,88.2
144256,2-6-4,934.1
144256,3-6-4,1388
144256,4-6-3,267.5
144256,5-6-3,531
144256,6-5-3,1091
144256,1-6-5,105.3
144256,2-6-5,1378
144256,3-6-5,1779
144256,4-6-5,91.9
144256,5-6-4,198.2
144256,6-5-4,434.8
