race_id,combo,odds
156355,1-2-3,12.9
156355,2-1-3,19
156355,3-1-2,28.4
156355,4-1-2,57.5
156355,5-1-2,69.3
156355,6-1-2,1976
156355,1-2-4,21.1
156355,2-1-4,27.4
156355,3-1-4,49.2
156355,4-1-3,82.1
156355,5-1-3,90.5
156355,6-1-3,2186
156355,1-2-5,22.6
156355,2-1-5,32.8
156355,3-1-5,44.6
156355,4-1-5,54.7
156355,5-1-4,98.7
156355,6-1-4,2531
156355,1-2-6,369.9
156355,2-1-6,601.2
156355,3-1-6,495.8
156355,4-1-6,424.3
156355,5-1-6,759.4
156355,6-1-5,2091
156355,1-3-2,17.6
156355,2-3-1,25.3
156355,3-2-1,31.9
156355,4-2-1,61
156355,5-2-1,70.2
156355,6-2-1,2829
156355,1-3-4,32.8
156355,2-3-4,39.1
156355,3-2-4,45
156355,4-2-3,78.1
156355,5-2-3,92.4
156355,6-2-3,4008
156355,1-3-5,31.8
156355,2-3-5,44.3
156355,3-2-5,43
156355,4-2-5,54.9
156355,5-2-4,92.8
156355,6-2-4,3206
156355,1-3-6,616.6
156355,2-3-6,797.1
156355,3-2-6,700.4
156355,4-2-6,506.2
156355,5-2-6,981.5
156355,6-2-5,3797
156355,1-4-2,38.5
156355,2-4-1,44.6
156355,3-4-1,60.3
156355,4-3-1,96.5
156355,5-3-1,121.1
156355,6-3-1,3519
156355,1-4-3,53
156355,2-4-3,54.9
156355,3-4-2,57.1
156355,4-3-2,97
156355,5-3-2,119.8
156355,6-3-2,4243
156355,1-4-5,56.6
156355,2-4-5,61.9
156355,3-4-5,65.8
156355,4-3-5,90.1
156355,5-3-4,152.6
156355,6-3-4,4243
156355,1-4-6,495.8
156355,2-4-6,680.6
156355,3-4-6,544.4
156355,4-3-6,647
156355,5-3-6,1348
156355,6-3-5,4809
156355,1-5-2,49.2
156355,2-5-1,67.9
156355,3-5-1,70.5
156355,4-5-1,40.1
156355,5-4-1,78.5
156355,6-4-1,3797
156355,1-5-3,60
156355,2-5-3,77.2
156355,3-5-2,66.1
156355,4-5-2,40.6
156355,5-4-2,74.7
156355,6-4-2,3006
156355,1-5-4,81.4
156355,2-5-4,94.3
156355,3-5-4,76.1
156355,4-5-3,56.4
156355,5-4-3,104.6
156355,6-4-3,4243
156355,1-5-6,466.9
156355,2-5-6,1023
156355,3-5-6,664.9
156355,4-5-6,154.8
156355,5-4-6,371.8
156355,6-4-5,1487
156355,1-6-2,1118
156355,2-6-1,1738
156355,3-6-1,2032
156355,4-6-1,853.7
156355,5-6-1,1076
156355,6-5-1,2445
156355,1-6-3,1243
156355,2-6-3,2365
156355,3-6-2,1717
156355,4-6-2,779.9
156355,5-6-2,1621
156355,6-5-2,2722
156355,1-6-4,1487
156355,2-6-4,2219
156355,3-6-4,1849
156355,4-6-3,1084
156355,5-6-3,2061
156355,6-5-3,4122
156355,1-6-5,1400
156355,2-6-5,1603
156355,3-6-5,1949
156355,4-6-5,542.4
156355,5-6-4,788.4
156355,6-5-4,1442
156356,1-2-3,20.3
156356,2-1-3,99
156356,3-1-2,10.1
156356,4-1-2,332.2
156356,5-1-2,996.7
156356,6-1-2,361.3
156356,1-2-4,90.9
156356,2-1-4,293.8
156356,3-1-4,12.3
156356,4-1-3,132.8
156356,5-1-3,391
156356,6-1-3,116.4
156356,1-2-5,258.4
156356,2-1-5,516.9
156356,3-1-5,35.2
156356,4-1-5,451.1
156356,5-1-4,876.4
156356,6-1-4,385
156356,1-2-6,84.6
156356,2-1-6,271.8
156356,3-1-6,9.6
156356,4-1-6,205.8
156356,5-1-6,851.9
156356,6-1-5,740.2
156356,1-3-2,7
156356,2-3-1,111.8
156356,3-2-1,42.5
156356,4-2-1,542.7
156356,5-2-1,1588
156356,6-2-1,646.1
156356,1-3-4,12.7
156356,2-3-4,224.2
156356,3-2-4,68.9
156356,4-2-3,416.6
156356,5-2-3,1524
156356,6-2-3,388
156356,1-3-5,35.7
156356,2-3-5,435.7
156356,3-2-5,170
156356,4-2-5,886.6
156356,5-2-4,1837
156356,6-2-4,1066
156356,1-3-6,11.3
156356,2-3-6,165.7
156356,3-2-6,55.7
156356,4-2-6,569
156356,5-2-6,2118
156356,6-2-5,1882
156356,1-4-2,102.1
156356,2-4-1,402.3
156356,3-4-1,21.7
156356,4-3-1,103.8
156356,5-3-1,345.8
156356,6-3-1,105.5
156356,1-4-3,36.9
156356,2-4-3,397.1
156356,3-4-2,55.7
156356,4-3-2,239.4
156356,5-3-2,871.4
156356,6-3-2,281.8
156356,1-4-5,242.8
156356,2-4-5,1105
156356,3-4-5,95.7
156356,4-3-5,313.7
156356,5-3-4,861.5
156356,6-3-4,235.7
156356,1-4-6,88.6
156356,2-4-6,586.5
156356,3-4-6,25.6
156356,4-3-6,112.7
156356,5-3-6,582
156356,6-3-5,525.8
156356,1-5-2,351.3
156356,2-5-1,1326
156356,3-5-1,109
156356,4-5-1,622.4
156356,5-4-1,1239
156356,6-4-1,524
156356,1-5-3,157
156356,2-5-3,1260
156356,3-5-2,215.6
156356,4-5-2,935.5
156356,5-4-2,1773
156356,6-4-2,824.3
156356,1-5-4,371
156356,2-5-4,2033
156356,3-5-4,197.2
156356,4-5-3,674.7
156356,5-4-3,1292
156356,6-4-3,402.3
156356,1-5-6,233.8
156356,2-5-6,2006
156356,3-5-6,112.4
156356,4-5-6,614.9
156356,5-4-6,1105
156356,6-4-5,1386
156356,1-6-2,120.5
156356,2-6-1,602.7
156356,3-6-1,20.9
156356,4-6-1,290.4
156356,5-6-1,1138
156356,6-5-1,1097
156356,1-6-3,42.5
156356,2-6-3,436.9
156356,3-6-2,57.7
156356,4-6-2,478
156356,5-6-2,2346
156356,6-5-2,2584
156356,1-6-4,137.8
156356,2-6-4,902.3
156356,3-6-4,38.2
156356,4-6-3,214.4
156356,5-6-3,1066
156356,6-5-3,941.3
156356,1-6-5,296.1
156356,2-6-5,1556
156356,3-6-5,96
156356,4-6-5,622.4
156356,5-6-4,1524
156356,6-5-4,1657
156357,1-2-3,19.2
156357,2-1-3,25.8
156357,3-1-2,39.9
156357,4-1-2,307.1
156357,5-1-2,1207
156357,6-1-2,93
156357,1-2-4,58
156357,2-1-4,64.6
156357,3-1-4,52.3
156357,4-1-3,205.2
156357,5-1-3,1423
156357,6-1-3,68.9
156357,1-2-5,220.4
156357,2-1-5,279.6
156357,3-1-5,275.2
156357,4-1-5,806.6
156357,5-1-4,1786
156357,6-1-4,164.9
156357,1-2-6,30.1
156357,2-1-6,34.3
156357,3-1-6,21.9
156357,4-1-6,158.9
156357,5-1-6,1535
156357,6-1-5,595.4
156357,1-3-2,17.4
156357,2-3-1,30.6
156357,3-2-1,46
156357,4-2-1,331.5
156357,5-2-1,1446
156357,6-2-1,105.2
156357,1-3-4,35.6
156357,2-3-4,38.8
156357,3-2-4,38.1
156357,4-2-3,221
156357,5-2-3,1804
156357,6-2-3,52.1
156357,1-3-5,215.8
156357,2-3-5,277.8
156357,3-2-5,326.5
156357,4-2-5,897.7
156357,5-2-4,2244
156357,6-2-4,130.6
156357,1-3-6,17.4
156357,2-3-6,17.4
156357,3-2-6,15.4
156357,4-2-6,148.8
156357,5-2-6,1923
156357,6-2-5,741.7
156357,1-4-2,121.1
156357,2-4-1,147.3
156357,3-4-1,81.7
156357,4-3-1,214.7
156357,5-3-1,1591
156357,6-3-1,51.6
156357,1-4-3,91.2
156357,2-4-3,92
156357,3-4-2,78.6
156357,4-3-2,217.7
156357,5-3-2,1750
156357,6-3-2,36.8
156357,1-4-5,552.2
156357,2-4-5,553.9
156357,3-4-5,374
156357,4-3-5,936.1
156357,5-3-4,2215
156357,6-3-4,61.4
156357,1-4-6,87.3
156357,2-4-6,70.7
156357,3-4-6,32.7
156357,4-3-6,99.9
156357,5-3-6,1378
156357,6-3-5,488.9
156357,1-5-2,609.9
156357,2-5-1,967.1
156357,3-5-1,726.3
156357,4-5-1,1316
156357,5-4-1,2869
156357,6-4-1,221.8
156357,1-5-3,527.2
156357,2-5-3,1080
156357,3-5-2,660.5
156357,4-5-2,1562
156357,5-4-2,2693
156357,6-4-2,170.4
156357,1-5-4,764.4
156357,2-5-4,1509
156357,3-5-4,585.4
156357,4-5-3,1535
156357,5-4-3,3125
156357,6-4-3,118.8
156357,1-5-6,681.1
156357,2-5-6,748
156357,3-5-6,322.9
156357,4-5-6,673.2
156357,5-4-6,1605
156357,6-4-5,636.5
156357,1-6-2,53
156357,2-6-1,66.1
156357,3-6-1,25.4
156357,4-6-1,168.9
156357,5-6-1,1768
156357,6-5-1,1423
156357,1-6-3,38.3
156357,2-6-3,29.2
156357,3-6-2,16.3
156357,4-6-2,148.8
156357,5-6-2,1902
156357,6-5-2,1605
156357,1-6-4,86.7
156357,2-6-4,71.2
156357,3-6-4,22.7
156357,4-6-3,107.9
156357,5-6-3,1605
156357,6-5-3,1144
156357,1-6-5,460.6
156357,2-6-5,501.5
156357,3-6-5,250.4
156357,4-6-5,468
156357,5-6-4,1434
156357,6-5-4,1215
156358,1-2-3,82.9
156358,2-1-3,73.2
156358,3-1-2,73.3
156358,4-1-2,161.7
156358,5-1-2,380.8
156358,6-1-2,1525
156358,1-2-4,114.9
156358,2-1-4,72.7
156358,3-1-4,60
156358,4-1-3,128.1
156358,5-1-3,330.6
156358,6-1-3,1573
156358,1-2-5,172.4
156358,2-1-5,121.2
156358,3-1-5,71.3
156358,4-1-5,171.2
156358,5-1-4,470
156358,6-1-4,1763
156358,1-2-6,406.9
156358,2-1-6,298.5
156358,3-1-6,249.9
156358,4-1-6,307
156358,5-1-6,560
156358,6-1-5,2005
156358,1-3-2,65.9
156358,2-3-1,61.5
156358,3-2-1,67.1
156358,4-2-1,121.6
156358,5-2-1,336.5
156358,6-2-1,2368
156358,1-3-4,60.7
156358,2-3-4,15
156358,3-2-4,17.7
156358,4-2-3,27.3
156358,5-2-3,107.6
156358,6-2-3,1076
156358,1-3-5,85.2
156358,2-3-5,22.6
156358,3-2-5,23.1
156358,4-2-5,33.3
156358,5-2-4,93.5
156358,6-2-4,1249
156358,1-3-6,365.6
156358,2-3-6,64.9
156358,3-2-6,87.1
156358,4-2-6,59.7
156358,5-2-6,218.1
156358,6-2-5,1646
156358,1-4-2,130.4
156358,2-4-1,64.5
156358,3-4-1,54.4
156358,4-3-1,101.9
156358,5-3-1,250.4
156358,6-3-1,1842
156358,1-4-3,99.5
156358,2-4-3,17.3
156358,3-4-2,18
156358,4-3-2,30.1
156358,5-3-2,102.2
156358,6-3-2,1225
156358,1-4-5,159.4
156358,2-4-5,27.3
156358,3-4-5,14.9
156358,4-3-5,27.3
156358,5-3-4,78
156358,6-3-4,967.6
156358,1-4-6,427.2
156358,2-4-6,48.7
156358,3-4-6,61.1
156358,4-3-6,75.6
156358,5-3-6,239.8
156358,6-3-5,1344
156358,1-5-2,292.9
156358,2-5-1,168.3
156358,3-5-1,90.7
156358,4-5-1,145.4
156358,5-4-1,333.3
156358,6-4-1,2590
156358,1-5-3,225
156358,2-5-3,50.7
156358,3-5-2,38.4
156358,4-5-2,45.2
156358,5-4-2,95.4
156358,6-4-2,1062
156358,1-5-4,281.6
156358,2-5-4,48
156358,3-5-4,29.4
156358,4-5-3,43.1
156358,5-4-3,81.8
156358,6-4-3,994.7
156358,1-5-6,620.1
156358,2-5-6,130.7
156358,3-5-6,88.7
156358,4-5-6,72.1
156358,5-4-6,156.8
156358,6-4-5,1031
156358,1-6-2,1207
156358,2-6-1,742.3
156358,3-6-1,539.4
156358,4-6-1,430.2
156358,5-6-1,789.4
156358,6-5-1,2220
156358,1-6-3,551.3
156358,2-6-3,289.1
156358,3-6-2,326.7
156358,4-6-2,217.1
156358,5-6-2,454.6
156358,6-5-2,1583
156358,1-6-4,1105
156358,2-6-4,250.9
156358,3-6-4,255.5
156358,4-6-3,232.4
156358,5-6-3,453.7
156358,6-5-3,1454
156358,1-6-5,1189
156358,2-6-5,366.2
156358,3-6-5,305.1
156358,4-6-5,190.5
156358,5-6-4,386.1
156358,6-5-4,990.7
156359,1-2-3,10.1
156359,2-1-3,42.6
156359,3-1-2,77.1
156359,4-1-2,19.4
156359,5-1-2,0
156359,6-1-2,230.8
156359,1-2-4,6.6
156359,2-1-4,28
156359,3-1-4,58
156359,4-1-3,29.1
156359,5-1-3,0
156359,6-1-3,306.5
156359,1-2-5,0
156359,2-1-5,0
156359,3-1-5,0
156359,4-1-5,0
156359,5-1-4,0
156359,6-1-4,187.2
156359,1-2-6,34.8
156359,2-1-6,89.1
156359,3-1-6,160.1
156359,4-1-6,26.9
156359,5-1-6,0
156359,6-1-5,0
156359,1-3-2,16.4
156359,2-3-1,104.4
156359,3-2-1,133.7
156359,4-2-1,34.7
156359,5-2-1,0
156359,6-2-1,400.5
156359,1-3-4,11.5
156359,2-3-4,131.3
156359,3-2-4,162.5
156359,4-2-3,60.8
156359,5-2-3,0
156359,6-2-3,453.6
156359,1-3-5,0
156359,2-3-5,0
156359,3-2-5,0
156359,4-2-5,0
156359,5-2-4,0
156359,6-2-4,435.1
156359,1-3-6,35.5
156359,2-3-6,257.3
156359,3-2-6,272
156359,4-2-6,62.1
156359,5-2-6,0
156359,6-2-5,0
156359,1-4-2,7.4
156359,2-4-1,47.9
156359,3-4-1,80.3
156359,4-3-1,73.3
156359,5-3-1,0
156359,6-3-1,581.6
156359,1-4-3,10
156359,2-4-3,103.5
156359,3-4-2,140.6
156359,4-3-2,98.9
156359,5-3-2,0
156359,6-3-2,737.6
156359,1-4-5,0
156359,2-4-5,0
156359,3-4-5,0
156359,4-3-5,0
156359,5-3-4,0
156359,6-3-4,617.2
156359,1-4-6,18.3
156359,2-4-6,129
156359,3-4-6,172.1
156359,4-3-6,119.3
156359,5-3-6,0
156359,6-3-5,0
156359,1-5-2,0
156359,2-5-1,0
156359,3-5-1,0
156359,4-5-1,0
156359,5-4-1,0
156359,6-4-1,166.4
156359,1-5-3,0
156359,2-5-3,0
156359,3-5-2,0
156359,4-5-2,0
156359,5-4-2,0
156359,6-4-2,231.4
156359,1-5-4,0
156359,2-5-4,0
156359,3-5-4,0
156359,4-5-3,0
156359,5-4-3,0
156359,6-4-3,381.2
156359,1-5-6,0
156359,2-5-6,0
156359,3-5-6,0
156359,4-5-6,0
156359,5-4-6,0
156359,6-4-5,0
156359,1-6-2,68.6
156359,2-6-1,308.6
156359,3-6-1,284.4
156359,4-6-1,32.6
156359,5-6-1,0
156359,6-5-1,0
156359,1-6-3,80.9
156359,2-6-3,432
156359,3-6-2,387.7
156359,4-6-2,44.5
156359,5-6-2,0
156359,6-5-2,0
156359,1-6-4,50.7
156359,2-6-4,307.5
156359,3-6-4,339.1
156359,4-6-3,83.7
156359,5-6-3,0
156359,6-5-3,0
156359,1-6-5,0
156359,2-6-5,0
156359,3-6-5,0
156359,4-6-5,0
156359,5-6-4,0
156359,6-5-4,0
156360,1-2-3,21.3
156360,2-1-3,19.1
156360,3-1-2,56.1
156360,4-1-2,280.4
156360,5-1-2,88.2
156360,6-1-2,936.2
156360,1-2-4,47.8
156360,2-1-4,48.2
156360,3-1-4,124.4
156360,4-1-3,415.1
156360,5-1-3,133.2
156360,6-1-3,1341
156360,1-2-5,21.8
156360,2-1-5,17.4
156360,3-1-5,57.6
156360,4-1-5,238.4
156360,5-1-4,243.5
156360,6-1-4,1762
156360,1-2-6,108.2
156360,2-1-6,65
156360,3-1-6,159.7
156360,4-1-6,406.6
156360,5-1-6,251.7
156360,6-1-5,1302
156360,1-3-2,34.3
156360,2-3-1,29.6
156360,3-2-1,44.6
156360,4-2-1,304.1
156360,5-2-1,77.1
156360,6-2-1,1222
156360,1-3-4,73.4
156360,2-3-4,35.1
156360,3-2-4,46.1
156360,4-2-3,222.1
156360,5-2-3,46.3
156360,6-2-3,1089
156360,1-3-5,39.1
156360,2-3-5,12.3
156360,3-2-5,22.2
156360,4-2-5,158
156360,5-2-4,109.9
156360,6-2-4,1485
156360,1-3-6,153.2
156360,2-3-6,43.5
156360,3-2-6,78.1
156360,4-2-6,314.8
156360,5-2-6,114.9
156360,6-2-5,889.8
156360,1-4-2,109.7
156360,2-4-1,99.8
156360,3-4-1,162.9
156360,4-3-1,455
156360,5-3-1,125.3
156360,6-3-1,1576
156360,1-4-3,144.1
156360,2-4-3,79.3
156360,3-4-2,90.2
156360,4-3-2,234.6
156360,5-3-2,58.4
156360,6-3-2,1004
156360,1-4-5,113.9
156360,2-4-5,47.4
156360,3-4-5,76.3
156360,4-3-5,166.9
156360,5-3-4,134.6
156360,6-3-4,1293
156360,1-4-6,261.6
156360,2-4-6,122.9
156360,3-4-6,174.5
156360,4-3-6,403
156360,5-3-6,176.5
156360,6-3-5,987.6
156360,1-5-2,48.7
156360,2-5-1,31.3
156360,3-5-1,60.1
156360,4-5-1,198.6
156360,5-4-1,272.3
156360,6-4-1,1932
156360,1-5-3,62
156360,2-5-3,18.6
156360,3-5-2,28.7
156360,4-5-2,143.5
156360,5-4-2,183.9
156360,6-4-2,1473
156360,1-5-4,122.6
156360,2-5-4,42.8
156360,3-5-4,58.7
156360,4-5-3,179.2
156360,5-4-3,202.8
156360,6-4-3,1695
156360,1-5-6,149
156360,2-5-6,38
156360,3-5-6,69.1
156360,4-5-6,144.7
156360,5-4-6,222.4
156360,6-4-5,956.1
156360,1-6-2,452.7
156360,2-6-1,284.8
156360,3-6-1,282.1
156360,4-6-1,670.7
156360,5-6-1,506.3
156360,6-5-1,1590
156360,1-6-3,597.2
156360,2-6-3,177.9
156360,3-6-2,193.4
156360,4-6-2,503.5
156360,5-6-2,331.6
156360,6-5-2,993.1
156360,1-6-4,798.9
156360,2-6-4,318.7
156360,3-6-4,289.9
156360,4-6-3,683.4
156360,5-6-3,439.5
156360,6-5-3,1137
156360,1-6-5,297.6
156360,2-6-5,118.6
156360,3-6-5,185.3
156360,4-6-5,318.7
156360,5-6-4,395.9
156360,6-5-4,881.1
156361,1-2-3,15.8
156361,2-1-3,65
156361,3-1-2,143
156361,4-1-2,611.5
156361,5-1-2,864.3
156361,6-1-2,11.6
156361,1-2-4,41.6
156361,2-1-4,164.4
156361,3-1-4,510.7
156361,4-1-3,1089
156361,5-1-3,1549
156361,6-1-3,26.3
156361,1-2-5,142.3
156361,2-1-5,359.5
156361,3-1-5,589.4
156361,4-1-5,1331
156361,5-1-4,2683
156361,6-1-4,75.2
156361,1-2-6,3.5
156361,2-1-6,22.8
156361,3-1-6,115.3
156361,4-1-6,531.9
156361,5-1-6,1415
156361,6-1-5,130.9
156361,1-3-2,30.1
156361,2-3-1,164.7
156361,3-2-1,222.2
156361,4-2-1,1027
156361,5-2-1,1712
156361,6-2-1,24.7
156361,1-3-4,91.3
156361,2-3-4,633
156361,3-2-4,765
156361,4-2-3,1563
156361,5-2-3,2115
156361,6-2-3,66.7
156361,1-3-5,262.4
156361,2-3-5,1033
156361,3-2-5,1039
156361,4-2-5,1954
156361,5-2-4,2683
156361,6-2-4,192.4
156361,1-3-6,21.4
156361,2-3-6,165.2
156361,3-2-6,249
156361,4-2-6,903.4
156361,5-2-6,2275
156361,6-2-5,284.9
156361,1-4-2,127.2
156361,2-4-1,513.6
156361,3-4-1,898.9
156361,4-3-1,1284
156361,5-3-1,1954
156361,6-3-1,79.9
156361,1-4-3,186.1
156361,2-4-3,1145
156361,3-4-2,1198
156361,4-3-2,1954
156361,5-3-2,2066
156361,6-3-2,113.4
156361,1-4-5,400.4
156361,2-4-5,1696
156361,3-4-5,1712
156361,4-3-5,2275
156361,5-3-4,3457
156361,6-3-4,352.5
156361,1-4-6,108.8
156361,2-4-6,633
156361,3-4-6,848
156361,4-3-6,1130
156361,5-3-6,2947
156361,6-3-5,713.4
156361,1-5-2,424
156361,2-5-1,1190
156361,3-5-1,1284
156361,4-5-1,1680
156361,5-4-1,3595
156361,6-4-1,286.7
156361,1-5-3,522.6
156361,2-5-3,1834
156361,3-5-2,1214
156361,4-5-2,2996
156361,5-4-2,2605
156361,6-4-2,420
156361,1-5-4,603.3
156361,2-5-4,2397
156361,3-5-4,1762
156361,4-5-3,2899
156361,5-4-3,4086
156361,6-4-3,607.3
156361,1-5-6,332.9
156361,2-5-6,1239
156361,3-5-6,1393
156361,4-5-6,1449
156361,5-4-6,2247
156361,6-4-5,908
156361,1-6-2,3.7
156361,2-6-1,38.3
156361,3-6-1,137
156361,4-6-1,563.5
156361,5-6-1,1649
156361,6-5-1,342.4
156361,1-6-3,13.9
156361,2-6-3,105.6
156361,3-6-2,193.3
156361,4-6-2,755.3
156361,5-6-2,2397
156361,6-5-2,469.4
156361,1-6-4,41.8
156361,2-6-4,297.6
156361,3-6-4,593.3
156361,4-6-3,1130
156361,5-6-3,2219
156361,6-5-3,788.5
156361,1-6-5,105.8
156361,2-6-5,515.1
156361,3-6-5,1033
156361,4-6-5,1393
156361,5-6-4,3210
156361,6-5-4,941.2
156362,1-2-3,32.4
156362,2-1-3,48.3
156362,3-1-2,386.2
156362,4-1-2,34.1
156362,5-1-2,251.9
156362,6-1-2,218.6
156362,1-2-4,10.5
156362,2-1-4,9.1
156362,3-1-4,517.3
156362,4-1-3,216.9
156362,5-1-3,905.2
156362,6-1-3,772.5
156362,1-2-5,17.9
156362,2-1-5,23.2
156362,3-1-5,663.4
156362,4-1-5,84
156362,5-1-4,383.7
156362,6-1-4,372.1
156362,1-2-6,19.7
156362,2-1-6,23.8
156362,3-1-6,727.2
156362,4-1-6,72.2
156362,5-1-6,503.8
156362,6-1-5,786.4
156362,1-3-2,127.4
156362,2-3-1,112.7
156362,3-2-1,349
156362,4-2-1,28
156362,5-2-1,218.9
156362,6-2-1,176.1
156362,1-3-4,161.5
156362,2-3-4,64.9
156362,3-2-4,211.9
156362,4-2-3,113
156362,5-2-3,856.2
156362,6-2-3,625.2
156362,1-3-5,244.4
156362,2-3-5,145.3
156362,3-2-5,399.5
156362,4-2-5,39.9
156362,5-2-4,242
156362,6-2-4,177.7
156362,1-3-6,296.1
156362,2-3-6,137.2
156362,3-2-6,407
156362,4-2-6,29.7
156362,5-2-6,167.7
156362,6-2-5,362.1
156362,1-4-2,18.8
156362,2-4-1,11.7
156362,3-4-1,618.5
156362,4-3-1,421.8
156362,5-3-1,1241
156362,6-3-1,1511
156362,1-4-3,120.7
156362,2-4-3,46.5
156362,3-4-2,287.2
156362,4-3-2,264.5
156362,5-3-2,1241
156362,6-3-2,1016
156362,1-4-5,70.1
156362,2-4-5,27.6
156362,3-4-5,575.5
156362,4-3-5,560.6
156362,5-3-4,1687
156362,6-3-4,1671
156362,1-4-6,54.7
156362,2-4-6,17.8
156362,3-4-6,709.4
156362,4-3-6,548.3
156362,5-3-6,1639
156362,6-3-5,2556
156362,1-5-2,71.3
156362,2-5-1,65.1
156362,3-5-1,1151
156362,4-5-1,87.2
156362,5-4-1,340.1
156362,6-4-1,379.5
156362,1-5-3,410.9
156362,2-5-3,206.6
156362,3-5-2,847.8
156362,4-5-2,58
156362,5-4-2,209.6
156362,6-4-2,207.9
156362,1-5-4,187.5
156362,2-5-4,71.5
156362,3-5-4,1136
156362,4-5-3,321.2
156362,5-4-3,769
156362,6-4-3,1357
156362,1-5-6,229.3
156362,2-5-6,59.6
156362,3-5-6,1460
156362,4-5-6,68.8
156362,5-4-6,247.2
156362,6-4-5,609.8
156362,1-6-2,77.4
156362,2-6-1,68.6
156362,3-6-1,1316
156362,4-6-1,103
156362,5-6-1,650.9
156362,6-5-1,1215
156362,1-6-3,305.4
156362,2-6-3,223.9
156362,3-6-2,882.3
156362,4-6-2,62.1
156362,5-6-2,300.7
156362,6-5-2,544.8
156362,1-6-4,141.7
156362,2-6-4,55.2
156362,3-6-4,1511
156362,4-6-3,388.8
156362,5-6-3,1551
156362,6-5-3,2633
156362,1-6-5,316
156362,2-6-5,87.6
156362,3-6-5,1910
156362,4-6-5,106.7
156362,5-6-4,489.6
156362,6-5-4,804.7
156363,1-2-3,36.4
156363,2-1-3,45
156363,3-1-2,56.5
156363,4-1-2,79.4
156363,5-1-2,138.8
156363,6-1-2,1827
156363,1-2-4,36.6
156363,2-1-4,46.4
156363,3-1-4,32.4
156363,4-1-3,67.9
156363,5-1-3,126.5
156363,6-1-3,1572
156363,1-2-5,65
156363,2-1-5,75.5
156363,3-1-5,45.3
156363,4-1-5,68.8
156363,5-1-4,131.7
156363,6-1-4,2011
156363,1-2-6,225
156363,2-1-6,354
156363,3-1-6,198.8
156363,4-1-6,186.5
156363,5-1-6,216.7
156363,6-1-5,1908
156363,1-3-2,33.1
156363,2-3-1,59.1
156363,3-2-1,67.5
156363,4-2-1,100
156363,5-2-1,152.6
156363,6-2-1,2471
156363,1-3-4,24.8
156363,2-3-4,30.2
156363,3-2-4,26
156363,4-2-3,62.2
156363,5-2-3,94.1
156363,6-2-3,1827
156363,1-3-5,40.9
156363,2-3-5,40.3
156363,3-2-5,33.9
156363,4-2-5,55
156363,5-2-4,91.3
156363,6-2-4,1741
156363,1-3-6,195.1
156363,2-3-6,254.4
156363,3-2-6,153.5
156363,4-2-6,121.9
156363,5-2-6,189.4
156363,6-2-5,1601
156363,1-4-2,38.9
156363,2-4-1,75.1
156363,3-4-1,33.1
156363,4-3-1,58.3
156363,5-3-1,133.3
156363,6-3-1,1387
156363,1-4-3,36.6
156363,2-4-3,41
156363,3-4-2,23.9
156363,4-3-2,40.4
156363,5-3-2,88.7
156363,6-3-2,1592
156363,1-4-5,62.2
156363,2-4-5,61.6
156363,3-4-5,20.2
156363,4-3-5,35.5
156363,5-3-4,86.1
156363,6-3-4,1013
156363,1-4-6,205.9
156363,2-4-6,166.1
156363,3-4-6,86.4
156363,4-3-6,128.5
156363,5-3-6,211.4
156363,6-3-5,1380
156363,1-5-2,90.6
156363,2-5-1,101.3
156363,3-5-1,65.5
156363,4-5-1,64.2
156363,5-4-1,134.7
156363,6-4-1,1730
156363,1-5-3,88.3
156363,2-5-3,75.6
156363,3-5-2,45.7
156363,4-5-2,45.5
156363,5-4-2,79.6
156363,6-4-2,1765
156363,1-5-4,93.7
156363,2-5-4,92.1
156363,3-5-4,40.6
156363,4-5-3,54.1
156363,5-4-3,99.8
156363,6-4-3,1466
156363,1-5-6,247.6
156363,2-5-6,243.4
156363,3-5-6,123.6
156363,4-5-6,67.4
156363,5-4-6,107.1
156363,6-4-5,1063
156363,1-6-2,593.8
156363,2-6-1,882.6
156363,3-6-1,488.7
156363,4-6-1,340.5
156363,5-6-1,334.8
156363,6-5-1,1474
156363,1-6-3,712.9
156363,2-6-3,798.4
156363,3-6-2,572.8
156363,4-6-2,294.5
156363,5-6-2,263.7
156363,6-5-2,1330
156363,1-6-4,597.9
156363,2-6-4,682.8
156363,3-6-4,338.3
156363,4-6-3,379.9
156363,5-6-3,357.9
156363,6-5-3,1163
156363,1-6-5,690.1
156363,2-6-5,609.1
156363,3-6-5,390.2
156363,4-6-5,243.8
156363,5-6-4,308.9
156363,6-5-4,845.2
156364,1-2-3,9.1
156364,2-1-3,23.8
156364,3-1-2,36.6
156364,4-1-2,57.6
156364,5-1-2,322.2
156364,6-1-2,645.5
156364,1-2-4,9.7
156364,2-1-4,22.5
156364,3-1-4,32.6
156364,4-1-3,82.1
156364,5-1-3,305.6
156364,6-1-3,804.9
156364,1-2-5,32.7
156364,2-1-5,49.3
156364,3-1-5,47.4
156364,4-1-5,94.6
156364,5-1-4,388.8
156364,6-1-4,795.1
156364,1-2-6,33.3
156364,2-1-6,76.5
156364,3-1-6,83.9
156364,4-1-6,111.8
156364,5-1-6,449.6
156364,6-1-5,1200
156364,1-3-2,11.7
156364,2-3-1,45.9
156364,3-2-1,65.4
156364,4-2-1,84.3
156364,5-2-1,524.4
156364,6-2-1,931.4
156364,1-3-4,13.9
156364,2-3-4,57.3
156364,3-2-4,80.7
156364,4-2-3,159.6
156364,5-2-3,779.2
156364,6-2-3,1528
156364,1-3-5,27.9
156364,2-3-5,80.6
156364,3-2-5,104
156364,4-2-5,190.4
156364,5-2-4,683.9
156364,6-2-4,825.3
156364,1-3-6,41.6
156364,2-3-6,142.7
156364,3-2-6,199.5
156364,4-2-6,191.3
156364,5-2-6,958.8
156364,6-2-5,2016
156364,1-4-2,17.3
156364,2-4-1,49.1
156364,3-4-1,71.1
156364,4-3-1,146.2
156364,5-3-1,448.6
156364,6-3-1,1117
156364,1-4-3,23.3
156364,2-4-3,82.3
156364,3-4-2,109.5
156364,4-3-2,179.1
156364,5-3-2,755.2
156364,6-3-2,1686
156364,1-4-5,48.4
156364,2-4-5,121.7
156364,3-4-5,125.7
156364,4-3-5,263.2
156364,5-3-4,854.1
156364,6-3-4,1377
156364,1-4-6,38.3
156364,2-4-6,123.7
156364,3-4-6,190.6
156364,4-3-6,327.6
156364,5-3-6,968.3
156364,6-3-5,1577
156364,1-5-2,78
156364,2-5-1,142.4
156364,3-5-1,145.6
156364,4-5-1,165.3
156364,5-4-1,535.8
156364,6-4-1,1046
156364,1-5-3,89
156364,2-5-3,199.7
156364,3-5-2,226.1
156364,4-5-2,230.9
156364,5-4-2,701
156364,6-4-2,905.5
156364,1-5-4,110
156364,2-5-4,231.4
156364,3-5-4,207.6
156364,4-5-3,332
156364,5-4-3,850.4
156364,6-4-3,1671
156364,1-5-6,133.2
156364,2-5-6,284.3
156364,3-5-6,299
156364,4-5-6,221.5
156364,5-4-6,609.3
156364,6-4-5,1387
156364,1-6-2,137.8
156364,2-6-1,311.4
156364,3-6-1,331.5
156364,4-6-1,234.2
156364,5-6-1,897.2
156364,6-5-1,1862
156364,1-6-3,159.1
156364,2-6-3,508
156364,3-6-2,620.9
156364,4-6-2,279
156364,5-6-2,1427
156364,6-5-2,2540
156364,1-6-4,125.6
156364,2-6-4,313.4
156364,3-6-4,484.1
156364,4-6-3,524.4
156364,5-6-3,1230
156364,6-5-3,1880
156364,1-6-5,256
156364,2-6-5,575.3
156364,3-6-5,563.6
156364,4-6-5,309.9
156364,5-6-4,1068
156364,6-5-4,1552
156365,1-2-3,10.6
156365,2-1-3,31
156365,3-1-2,26.1
156365,4-1-2,82.9
156365,5-1-2,429
156365,6-1-2,451.7
156365,1-2-4,17.7
156365,2-1-4,46.5
156365,3-1-4,26.1
156365,4-1-3,82.4
156365,5-1-3,333.9
156365,6-1-3,302.7
156365,1-2-5,49.1
156365,2-1-5,113.4
156365,3-1-5,62
156365,4-1-5,170.2
156365,5-1-4,456.6
156365,6-1-4,527
156365,1-2-6,36.6
156365,2-1-6,82.5
156365,3-1-6,44
156365,4-1-6,111.9
156365,5-1-6,357.2
156365,6-1-5,651.8
156365,1-3-2,11.3
156365,2-3-1,54.9
156365,3-2-1,39.2
156365,4-2-1,111.7
156365,5-2-1,643.6
156365,6-2-1,729.8
156365,1-3-4,13.6
156365,2-3-4,69.2
156365,3-2-4,49.1
156365,4-2-3,110.8
156365,5-2-3,637.2
156365,6-2-3,483.3
156365,1-3-5,31
156365,2-3-5,164.3
156365,3-2-5,98.6
156365,4-2-5,291.7
156365,5-2-4,742.5
156365,6-2-4,672.3
156365,1-3-6,24.2
156365,2-3-6,112.4
156365,3-2-6,64.8
156365,4-2-6,148.5
156365,5-2-6,677.6
156365,6-2-5,1237
156365,1-4-2,29.3
156365,2-4-1,89.7
156365,3-4-1,49.1
156365,4-3-1,103.5
156365,5-3-1,413.8
156365,6-3-1,329.2
156365,1-4-3,25.3
156365,2-4-3,94.9
156365,3-4-2,48.2
156365,4-3-2,110.2
156365,5-3-2,465.7
156365,6-3-2,496.4
156365,1-4-5,73.1
156365,2-4-5,216.5
156365,3-4-5,65.8
156365,4-3-5,184.6
156365,5-3-4,397.1
156365,6-3-4,393.4
156365,1-4-6,45.2
156365,2-4-6,132.3
156365,3-4-6,44.1
156365,4-3-6,99.4
156365,5-3-6,419.2
156365,6-3-5,529.2
156365,1-5-2,112.7
156365,2-5-1,381.7
156365,3-5-1,125.2
156365,4-5-1,229.1
156365,5-4-1,632.5
156365,6-4-1,635.6
156365,1-5-3,93.4
156365,2-5-3,369.1
156365,3-5-2,140.7
156365,4-5-2,298.2
156365,5-4-2,661.9
156365,6-4-2,725.6
156365,1-5-4,149.1
156365,2-5-4,473.5
156365,3-5-4,125.3
156365,4-5-3,225.1
156365,5-4-3,459
156365,6-4-3,520.6
156365,1-5-6,118.8
156365,2-5-6,511.3
156365,3-5-6,105.3
156365,4-5-6,170.3
156365,5-4-6,366.4
156365,6-4-5,800.5
156365,1-6-2,117.3
156365,2-6-1,278.7
156365,3-6-1,100.3
156365,4-6-1,173.2
156365,5-6-1,518.5
156365,6-5-1,834.4
156365,1-6-3,93
156365,2-6-3,288.1
156365,3-6-2,125.8
156365,4-6-2,195.2
156365,5-6-2,713.5
156365,6-5-2,1231
156365,1-6-4,150.5
156365,2-6-4,348.5
156365,3-6-4,108.7
156365,4-6-3,172.6
156365,5-6-3,565.4
156365,6-5-3,627.8
156365,1-6-5,180.6
156365,2-6-5,637.2
156365,3-6-5,134.8
156365,4-6-5,238.9
156365,5-6-4,630.9
156365,6-5-4,859.6
156366,1-2-3,19.4
156366,2-1-3,59.2
156366,3-1-2,66.4
156366,4-1-2,83.6
156366,5-1-2,70.7
156366,6-1-2,548.9
156366,1-2-4,23
156366,2-1-4,64.2
156366,3-1-4,41.1
156366,4-1-3,68.8
156366,5-1-3,66.6
156366,6-1-3,572.7
156366,1-2-5,28.2
156366,2-1-5,51.6
156366,3-1-5,44.9
156366,4-1-5,64.4
156366,5-1-4,86.9
156366,6-1-4,707.6
156366,1-2-6,58.9
156366,2-1-6,122.7
156366,3-1-6,96.1
156366,4-1-6,110.6
156366,5-1-6,82.9
156366,6-1-5,504.3
156366,1-3-2,20.6
156366,2-3-1,95.9
156366,3-2-1,105.2
156366,4-2-1,142.8
156366,5-2-1,96.1
156366,6-2-1,795.6
156366,1-3-4,15.6
156366,2-3-4,110.9
156366,3-2-4,93.5
156366,4-2-3,208
156366,5-2-3,117.5
156366,6-2-3,1057
156366,1-3-5,17.6
156366,2-3-5,81.7
156366,3-2-5,69.6
156366,4-2-5,156.3
156366,5-2-4,154.5
156366,6-2-4,1145
156366,1-3-6,43.8
156366,2-3-6,148.5
156366,3-2-6,126.6
156366,4-2-6,240.4
156366,5-2-6,132.2
156366,6-2-5,779.3
156366,1-4-2,32.3
156366,2-4-1,136.5
156366,3-4-1,67
156366,4-3-1,94.3
156366,5-3-1,107
156366,6-3-1,992.4
156366,1-4-3,29.2
156366,2-4-3,166.5
156366,3-4-2,107.2
156366,4-3-2,173.5
156366,5-3-2,142.9
156366,6-3-2,1102
156366,1-4-5,33.4
156366,2-4-5,132
156366,3-4-5,58.1
156366,4-3-5,95.6
156366,5-3-4,139.2
156366,6-3-4,854.5
156366,1-4-6,58
156366,2-4-6,229.2
156366,3-4-6,97.5
156366,4-3-6,140.3
156366,5-3-6,121.7
156366,6-3-5,747.7
156366,1-5-2,35.7
156366,2-5-1,108.5
156366,3-5-1,65.7
156366,4-5-1,79.1
156366,5-4-1,142
156366,6-4-1,837.9
156366,1-5-3,32
156366,2-5-3,119.9
156366,3-5-2,80.8
156366,4-5-2,134.5
156366,5-4-2,206.4
156366,6-4-2,1223
156366,1-5-4,45
156366,2-5-4,145.9
156366,3-5-4,68.6
156366,4-5-3,101.7
156366,5-4-3,166.9
156366,6-4-3,1042
156366,1-5-6,57.8
156366,2-5-6,194.6
156366,3-5-6,78.9
156366,4-5-6,90.5
156366,5-4-6,144.5
156366,6-4-5,677.9
156366,1-6-2,131.7
156366,2-6-1,455.2
156366,3-6-1,268.7
156366,4-6-1,237
156366,5-6-1,153.3
156366,6-5-1,590.5
156366,1-6-3,152.5
156366,2-6-3,422.8
156366,3-6-2,247.7
156366,4-6-2,326.7
156366,5-6-2,197.7
156366,6-5-2,732.4
156366,1-6-4,146.4
156366,2-6-4,453.6
156366,3-6-4,236
156366,4-6-3,295
156366,5-6-3,195.1
156366,6-5-3,693.9
156366,1-6-5,148.5
156366,2-6-5,381.3
156366,3-6-5,183.1
156366,4-6-5,188.9
156366,5-6-4,201.6
156366,6-5-4,580.9
156367,1-2-3,24.7
156367,2-1-3,47.8
156367,3-1-2,117.9
156367,4-1-2,111.1
156367,5-1-2,2018
156367,6-1-2,17.6
156367,1-2-4,41.1
156367,2-1-4,105.1
156367,3-1-4,165
156367,4-1-3,158.8
156367,5-1-3,2261
156367,6-1-3,16.9
156367,1-2-5,363.4
156367,2-1-5,551.2
156367,3-1-5,923.8
156367,4-1-5,332.9
156367,5-1-4,1958
156367,6-1-4,27.6
156367,1-2-6,12
156367,2-1-6,31.9
156367,3-1-6,35
156367,4-1-6,41.6
156367,5-1-6,1111
156367,6-1-5,190.6
156367,1-3-2,31.2
156367,2-3-1,122.9
156367,3-2-1,207.5
156367,4-2-1,226.1
156367,5-2-1,2852
156367,6-2-1,36
156367,1-3-4,47.1
156367,2-3-4,443.2
156367,3-2-4,526.8
156367,4-2-3,420.4
156367,5-2-3,3644
156367,6-2-3,65.5
156367,1-3-5,296.8
156367,2-3-5,1822
156367,3-2-5,1261
156367,4-2-5,546.6
156367,5-2-4,3975
156367,6-2-4,68.7
156367,1-3-6,13.6
156367,2-3-6,105.9
156367,3-2-6,169.9
156367,4-2-6,111.6
156367,5-2-6,2623
156367,6-2-5,398.7
156367,1-4-2,57.5
156367,2-4-1,210.9
156367,3-4-1,424.5
156367,4-3-1,389.2
156367,5-3-1,2385
156367,6-3-1,33.7
156367,1-4-3,89.4
156367,2-4-3,423.2
156367,3-4-2,676.2
156367,4-3-2,728.8
156367,5-3-2,5963
156367,6-3-2,75
156367,1-4-5,379.1
156367,2-4-5,1441
156367,3-4-5,1457
156367,4-3-5,1380
156367,5-3-4,7717
156367,6-3-4,93.5
156367,1-4-6,26.9
156367,2-4-6,159.2
156367,3-4-6,254.7
156367,4-3-6,192.6
156367,5-3-6,7288
156367,6-3-5,546.6
156367,1-5-2,835.6
156367,2-5-1,1749
156367,3-5-1,2385
156367,4-5-1,460.3
156367,5-4-1,1749
156367,6-4-1,30.6
156367,1-5-3,950.6
156367,2-5-3,2429
156367,3-5-2,3545
156367,4-5-2,835.6
156367,5-4-2,4099
156367,6-4-2,48.2
156367,1-5-4,780.9
156367,2-5-4,4373
156367,3-5-4,3279
156367,4-5-3,1273
156367,5-4-3,4373
156367,6-4-3,65.3
156367,1-5-6,482.3
156367,2-5-6,2429
156367,3-5-6,1901
156367,4-5-6,382.4
156367,5-4-6,1261
156367,6-4-5,212.2
156367,1-6-2,10.5
156367,2-6-1,57.5
156367,3-6-1,61.3
156367,4-6-1,28.8
156367,5-6-1,1226
156367,6-5-1,669.3
156367,1-6-3,12.1
156367,2-6-3,91.2
156367,3-6-2,140.1
156367,4-6-2,46.1
156367,5-6-2,2522
156367,6-5-2,1058
156367,1-6-4,20.2
156367,2-6-4,114.6
156367,3-6-4,157.4
156367,4-6-3,73.5
156367,5-6-3,2733
156367,6-5-3,1009
156367,1-6-5,230.9
156367,2-6-5,795.1
156367,3-6-5,785.5
156367,4-6-5,146.9
156367,5-6-4,1311
156367,6-5-4,737
156368,1-2-3,70
156368,2-1-3,81.4
156368,3-1-2,146.6
156368,4-1-2,586
156368,5-1-2,23.6
156368,6-1-2,1216
156368,1-2-4,165.9
156368,2-1-4,173.1
156368,3-1-4,246.6
156368,4-1-3,881.1
156368,5-1-3,26.7
156368,6-1-3,1558
156368,1-2-5,48.7
156368,2-1-5,50.4
156368,3-1-5,67.8
156368,4-1-5,456.3
156368,5-1-4,81.4
156368,6-1-4,2241
156368,1-2-6,474.9
156368,2-1-6,403
156368,3-1-6,651.8
156368,4-1-6,1597
156368,5-1-6,75.4
156368,6-1-5,1140
156368,1-3-2,83.7
156368,2-3-1,85.9
156368,3-2-1,124.7
156368,4-2-1,591.5
156368,5-2-1,17.8
156368,6-2-1,1290
156368,1-3-4,153.5
156368,2-3-4,85.2
156368,3-2-4,111.4
156368,4-2-3,464.6
156368,5-2-3,10.4
156368,6-2-3,1064
156368,1-3-5,45.3
156368,2-3-5,27.9
156368,3-2-5,36.6
156368,4-2-5,266.1
156368,5-2-4,15.2
156368,6-2-4,1659
156368,1-3-6,679.6
156368,2-3-6,291.7
156368,3-2-6,299.9
156368,4-2-6,1038
156368,5-2-6,36.6
156368,6-2-5,725.9
156368,1-4-2,286.4
156368,2-4-1,242.9
156368,3-4-1,305.6
156368,4-3-1,1030
156368,5-3-1,26.1
156368,6-3-1,1703
156368,1-4-3,338.9
156368,2-4-3,176.7
156368,3-4-2,168.1
156368,4-3-2,536.8
156368,5-3-2,13.7
156368,6-3-2,1659
156368,1-4-5,248.5
156368,2-4-5,102.6
156368,3-4-5,110.5
156368,4-3-5,325.1
156368,5-3-4,23.1
156368,6-3-4,1799
156368,1-4-6,1022
156368,2-4-6,665.4
156368,3-4-6,620.2
156368,4-3-6,1996
156368,5-3-6,53.1
156368,6-3-5,1290
156368,1-5-2,40
156368,2-5-1,32.6
156368,3-5-1,44.9
156368,4-5-1,312.3
156368,5-4-1,76.1
156368,6-4-1,2410
156368,1-5-3,43.8
156368,2-5-3,18.9
156368,3-5-2,26.9
156368,4-5-2,137.2
156368,5-4-2,20.6
156368,6-4-2,1935
156368,1-5-4,121.5
156368,2-5-4,35.6
156368,3-5-4,52.4
156368,4-5-3,207
156368,5-4-3,34.1
156368,6-4-3,2457
156368,1-5-6,275.3
156368,2-5-6,118.6
156368,3-5-6,136.2
156368,4-5-6,373.5
156368,5-4-6,53.5
156368,6-4-5,1558
156368,1-6-2,1055
156368,2-6-1,1388
156368,3-6-1,1373
156368,4-6-1,3453
156368,5-6-1,78
156368,6-5-1,813.8
156368,1-6-3,1194
156368,2-6-3,1130
156368,3-6-2,869.1
156368,4-6-2,2129
156368,5-6-2,51.4
156368,6-5-2,658.5
156368,1-6-4,1303
156368,2-6-4,1521
156368,3-6-4,1330
156368,4-6-3,3276
156368,5-6-3,78.2
156368,6-5-3,730
156368,1-6-5,875.1
156368,2-6-5,605.5
156368,3-6-5,638.8
156368,4-6-5,1205
156368,5-6-4,135.4
156368,6-5-4,912.6
156369,1-2-3,17.2
156369,2-1-3,75.7
156369,3-1-2,63.8
156369,4-1-2,418.2
156369,5-1-2,21.4
156369,6-1-2,1787
156369,1-2-4,31
156369,2-1-4,107.5
156369,3-1-4,53.4
156369,4-1-3,332
156369,5-1-3,20.3
156369,6-1-3,2663
156369,1-2-5,19.3
156369,2-1-5,51.8
156369,3-1-5,32.5
156369,4-1-5,244.8
156369,5-1-4,47.3
156369,6-1-4,3345
156369,1-2-6,448.4
156369,2-1-6,945.6
156369,3-1-6,825.9
156369,4-1-6,1837
156369,5-1-6,150.6
156369,6-1-5,1739
156369,1-3-2,14.6
156369,2-3-1,135.2
156369,3-2-1,129.2
156369,4-2-1,496.1
156369,5-2-1,36.4
156369,6-2-1,1891
156369,1-3-4,16.7
156369,2-3-4,135.7
156369,3-2-4,96.5
156369,4-2-3,351.7
156369,5-2-3,30.5
156369,6-2-3,2462
156369,1-3-5,12.4
156369,2-3-5,53.4
156369,3-2-5,49.2
156369,4-2-5,258.9
156369,5-2-4,63.3
156369,6-2-4,3624
156369,1-3-6,336.3
156369,2-3-6,1197
156369,3-2-6,1304
156369,4-2-6,2038
156369,5-2-6,231.7
156369,6-2-5,2663
156369,1-4-2,46.3
156369,2-4-1,248
156369,3-4-1,152
156369,4-3-1,451.5
156369,5-3-1,32.1
156369,6-3-1,2038
156369,1-4-3,37.5
156369,2-4-3,254.3
156369,3-4-2,115.3
156369,4-3-2,338.9
156369,5-3-2,31.4
156369,6-3-2,2609
156369,1-4-5,38.4
156369,2-4-5,144.5
156369,3-4-5,64.4
156369,4-3-5,190.7
156369,5-3-4,65.3
156369,6-3-4,5219
156369,1-4-6,836.4
156369,2-4-6,2139
156369,3-4-6,1466
156369,4-3-6,2462
156369,5-3-6,233.8
156369,6-3-5,2289
156369,1-5-2,16.1
156369,2-5-1,69.6
156369,3-5-1,37
156369,4-5-1,231.7
156369,5-4-1,119.3
156369,6-4-1,5931
156369,1-5-3,14.9
156369,2-5-3,46.9
156369,3-5-2,38.7
156369,4-5-2,207.4
156369,5-4-2,114.3
156369,6-4-2,5437
156369,1-5-4,31.5
156369,2-5-4,105.5
156369,3-5-4,50.5
156369,4-5-3,188.5
156369,5-4-3,119.7
156369,6-4-3,8155
156369,1-5-6,280.6
156369,2-5-6,560
156369,3-5-6,409
156369,4-5-6,606.9
156369,5-4-6,373.9
156369,6-4-5,3434
156369,1-6-2,1433
156369,2-6-1,3728
156369,3-6-1,3106
156369,4-6-1,4349
156369,5-6-1,296.5
156369,6-5-1,2330
156369,1-6-3,1208
156369,2-6-3,3262
156369,3-6-2,2663
156369,4-6-2,3954
156369,5-6-2,368.6
156369,6-5-2,2509
156369,1-6-4,1482
156369,2-6-4,3034
156369,3-6-4,3345
156369,4-6-3,3838
156369,5-6-3,390.6
156369,6-5-3,1631
156369,1-6-5,1011
156369,2-6-5,1535
156369,3-6-5,1304
156369,4-6-5,1318
156369,5-6-4,488.7
156369,6-5-4,2289
156370,1-2-3,3.9
156370,2-1-3,19.3
156370,3-1-2,21
156370,4-1-2,1514
156370,5-1-2,70.7
156370,6-1-2,360.7
156370,1-2-4,143.3
156370,2-1-4,427.2
156370,3-1-4,230.3
156370,4-1-3,2184
156370,5-1-3,60.5
156370,6-1-3,352.3
156370,1-2-5,16
156370,2-1-5,46.4
156370,3-1-5,24.5
156370,4-1-5,1644
156370,5-1-4,711.3
156370,6-1-4,2184
156370,1-2-6,60.3
156370,2-1-6,190.4
156370,3-1-6,96.7
156370,4-1-6,3253
156370,5-1-6,114.8
156370,6-1-5,350.7
156370,1-3-2,4.3
156370,2-3-1,46.1
156370,3-2-1,44.2
156370,4-2-1,1680
156370,5-2-1,141
156370,6-2-1,662
156370,1-3-4,138.9
156370,2-3-4,574.9
156370,3-2-4,449.8
156370,4-2-3,2124
156370,5-2-3,117.4
156370,6-2-3,558.1
156370,1-3-5,12.2
156370,2-3-5,61.6
156370,3-2-5,49.9
156370,4-2-5,2389
156370,5-2-4,1626
156370,6-2-4,3186
156370,1-3-6,41.1
156370,2-3-6,233.4
156370,3-2-6,193.5
156370,4-2-6,2885
156370,5-2-6,241.6
156370,6-2-5,560.2
156370,1-4-2,506.4
156370,2-4-1,1062
156370,3-4-1,659.2
156370,4-3-1,2592
156370,5-3-1,98.4
156370,6-3-1,708
156370,1-4-3,508
156370,2-4-3,1699
156370,3-4-2,1233
156370,4-3-2,3058
156370,5-3-2,119
156370,6-3-2,650.7
156370,1-4-5,513.2
156370,2-4-5,1935
156370,3-4-5,718
156370,4-3-5,3253
156370,5-3-4,1092
156370,6-3-4,2941
156370,1-4-6,516.6
156370,2-4-6,2466
156370,3-4-6,1820
156370,4-3-6,4933
156370,5-3-6,195.3
156370,6-3-5,631.9
156370,1-5-2,26.1
156370,2-5-1,101
156370,3-5-1,48
156370,4-5-1,1718
156370,5-4-1,1329
156370,6-4-1,4634
156370,1-5-3,24.1
156370,2-5-3,96.8
156370,3-5-2,51.1
156370,4-5-2,2317
156370,5-4-2,2216
156370,6-4-2,6951
156370,1-5-4,306.4
156370,2-5-4,1012
156370,3-5-4,400.3
156370,4-5-3,2507
156370,5-4-3,1960
156370,6-4-3,5462
156370,1-5-6,61.7
156370,2-5-6,264.5
156370,3-5-6,102.9
156370,4-5-6,2389
156370,5-4-6,1911
156370,6-4-5,4369
156370,1-6-2,161.4
156370,2-6-1,604.4
156370,3-6-1,339.1
156370,4-6-1,5097
156370,5-6-1,148.9
156370,6-5-1,310.2
156370,1-6-3,116.5
156370,2-6-3,590.4
156370,3-6-2,479.4
156370,4-6-2,4369
156370,5-6-2,207.7
156370,6-5-2,349.9
156370,1-6-4,498.1
156370,2-6-4,2885
156370,3-6-4,1576
156370,4-6-3,5273
156370,5-6-3,200.9
156370,6-5-3,359.8
156370,1-6-5,144.4
156370,2-6-5,542.3
156370,3-6-5,327.4
156370,4-6-5,5664
156370,5-6-4,921.3
156370,6-5-4,2012
156371,1-2-3,21.5
156371,2-1-3,83.6
156371,3-1-2,74
156371,4-1-2,811.7
156371,5-1-2,36.9
156371,6-1-2,205.5
156371,1-2-4,130.8
156371,2-1-4,377.7
156371,3-1-4,239
156371,4-1-3,1155
156371,5-1-3,20.7
156371,6-1-3,209.2
156371,1-2-5,22.5
156371,2-1-5,69.8
156371,3-1-5,29.9
156371,4-1-5,700.9
156371,5-1-4,138.9
156371,6-1-4,641.6
156371,1-2-6,40.2
156371,2-1-6,111.3
156371,3-1-6,59.5
156371,4-1-6,666.1
156371,5-1-6,17.6
156371,6-1-5,128
156371,1-3-2,19
156371,2-3-1,134.4
156371,3-2-1,148.5
156371,4-2-1,948.5
156371,5-2-1,69.4
156371,6-2-1,420.5
156371,1-3-4,80
156371,2-3-4,644
156371,3-2-4,581.7
156371,4-2-3,1531
156371,5-2-3,98.8
156371,6-2-3,591.6
156371,1-3-5,10
156371,2-3-5,141.8
156371,3-2-5,124.2
156371,4-2-5,1897
156371,5-2-4,429.8
156371,6-2-4,1020
156371,1-3-6,29.8
156371,2-3-6,250
156371,3-2-6,215.7
156371,4-2-6,1418
156371,5-2-6,69.5
156371,6-2-5,369.7
156371,1-4-2,254.4
156371,2-4-1,656.1
156371,3-4-1,542
156371,4-3-1,904.3
156371,5-3-1,33.2
156371,6-3-1,285.6
156371,1-4-3,265.6
156371,2-4-3,1363
156371,3-4-2,733.3
156371,4-3-2,1020
156371,5-3-2,77.7
156371,6-3-2,471.7
156371,1-4-5,233
156371,2-4-5,1187
156371,3-4-5,464.1
156371,4-3-5,1302
156371,5-3-4,279.2
156371,6-3-4,800.6
156371,1-4-6,282.4
156371,2-4-6,1020
156371,3-4-6,627.8
156371,4-3-6,1090
156371,5-3-6,32.3
156371,6-3-5,203.4
156371,1-5-2,20.9
156371,2-5-1,101.6
156371,3-5-1,37.7
156371,4-5-1,527.2
156371,5-4-1,270.5
156371,6-4-1,1155
156371,1-5-3,11.8
156371,2-5-3,163.1
156371,3-5-2,87.8
156371,4-5-2,899.6
156371,5-4-2,498.6
156371,6-4-2,1163
156371,1-5-4,136.2
156371,2-5-4,904.3
156371,3-5-4,275.2
156371,4-5-3,1104
156371,5-4-3,432
156371,6-4-3,2053
156371,1-5-6,18.5
156371,2-5-6,171.1
156371,3-5-6,42.4
156371,4-5-6,364.3
156371,5-4-6,147
156371,6-4-5,958.9
156371,1-6-2,73.6
156371,2-6-1,283.7
156371,3-6-1,154.4
156371,4-6-1,727.2
156371,5-6-1,21.6
156371,6-5-1,80
156371,1-6-3,66.2
156371,2-6-3,500.1
156371,3-6-2,281.9
156371,4-6-2,1283
156371,5-6-2,45.1
156371,6-5-2,154.4
156371,1-6-4,320.8
156371,2-6-4,1479
156371,3-6-4,630
156371,4-6-3,1572
156371,5-6-3,30.2
156371,6-5-3,106.6
156371,1-6-5,53.2
156371,2-6-5,318.4
156371,3-6-5,108.7
156371,4-6-5,634.6
156371,5-6-4,149.1
156371,6-5-4,407.7
156372,1-2-3,66.8
156372,2-1-3,90.5
156372,3-1-2,533.7
156372,4-1-2,17
156372,5-1-2,601.7
156372,6-1-2,127.9
156372,1-2-4,11.7
156372,2-1-4,23
156372,3-1-4,284.1
156372,4-1-3,88.1
156372,5-1-3,1150
156372,6-1-3,305.8
156372,1-2-5,87.2
156372,2-1-5,100.6
156372,3-1-5,793.7
156372,4-1-5,44
156372,5-1-4,487.1
156372,6-1-4,104
156372,1-2-6,44
156372,2-1-6,51.6
156372,3-1-6,530.6
156372,4-1-6,16.9
156372,5-1-6,552.9
156372,6-1-5,382
156372,1-3-2,137.8
156372,2-3-1,188.8
156372,3-2-1,524.6
156372,4-2-1,23.9
156372,5-2-1,609.7
156372,6-2-1,158.4
156372,1-3-4,81.2
156372,2-3-4,93
156372,3-2-4,172.4
156372,4-2-3,63.8
156372,5-2-3,1070
156372,6-2-3,404.7
156372,1-3-5,301.8
156372,2-3-5,312.1
156372,3-2-5,570.1
156372,4-2-5,35.7
156372,5-2-4,495
156372,6-2-4,101.1
156372,1-3-6,219.2
156372,2-3-6,229
156372,3-2-6,491
156372,4-2-6,19.1
156372,5-2-6,575.4
156372,6-2-5,467.3
156372,1-4-2,10.8
156372,2-4-1,23.8
156372,3-4-1,273.2
156372,4-3-1,190.4
156372,5-3-1,1547
156372,6-3-1,934.7
156372,1-4-3,40.3
156372,2-4-3,60.7
156372,3-4-2,147.9
156372,4-3-2,102.1
156372,5-3-2,1689
156372,6-3-2,984.7
156372,1-4-5,35.5
156372,2-4-5,62.3
156372,3-4-5,284.6
156372,4-3-5,155.9
156372,5-3-4,1720
156372,6-3-4,898.2
156372,1-4-6,19.8
156372,2-4-6,25.8
156372,3-4-6,227.9
156372,4-3-6,142.4
156372,5-3-6,1521
156372,6-3-5,1405
156372,1-5-2,194.2
156372,2-5-1,315.8
156372,3-5-1,1188
156372,4-5-1,63.2
156372,5-4-1,417.5
156372,6-4-1,98.3
156372,1-5-3,332.9
156372,2-5-3,568.3
156372,3-5-2,979.5
156372,4-5-2,63.8
156372,5-4-2,374.2
156372,6-4-2,83.7
156372,1-5-4,129.7
156372,2-5-4,218.9
156372,3-5-4,754.6
156372,4-5-3,233
156372,5-4-3,1052
156372,6-4-3,341
156372,1-5-6,277.3
156372,2-5-6,362.4
156372,3-5-6,1287
156372,4-5-6,40.8
156372,5-4-6,282.4
156372,6-4-5,228.7
156372,1-6-2,79.8
156372,2-6-1,122.1
156372,3-6-1,773.7
156372,4-6-1,25.5
156372,5-6-1,736.5
156372,6-5-1,727.8
156372,1-6-3,198.2
156372,2-6-3,251.2
156372,3-6-2,949.2
156372,4-6-2,23.1
156372,5-6-2,800.6
156372,6-5-2,730.7
156372,1-6-4,60.3
156372,2-6-4,73
156372,3-6-4,626.3
156372,4-6-3,115
156372,5-6-3,1364
156372,6-5-3,1052
156372,1-6-5,250.5
156372,2-6-5,278.1
156372,3-6-5,1364
156372,4-6-5,38.3
156372,5-6-4,435.3
156372,6-5-4,401.1
156373,1-2-3,5.9
156373,2-1-3,58
156373,3-1-2,10.4
156373,4-1-2,753.8
156373,5-1-2,143.8
156373,6-1-2,2116
156373,1-2-4,101.9
156373,2-1-4,451
156373,3-1-4,34.6
156373,4-1-3,423.3
156373,5-1-3,80.5
156373,6-1-3,2001
156373,1-2-5,35.5
156373,2-1-5,138.9
156373,3-1-5,11.4
156373,4-1-5,632.5
156373,5-1-4,667
156373,6-1-4,3439
156373,1-2-6,277.2
156373,2-1-6,894.7
156373,3-1-6,149.3
156373,4-1-6,1209
156373,5-1-6,738.6
156373,6-1-5,2158
156373,1-3-2,3.1
156373,2-3-1,76
156373,3-2-1,38.1
156373,4-2-1,1572
156373,5-2-1,282.2
156373,6-2-1,3550
156373,1-3-4,20.2
156373,2-3-4,524
156373,3-2-4,230.7
156373,4-2-3,1279
156373,5-2-3,309.1
156373,6-2-3,3335
156373,1-3-5,6.1
156373,2-3-5,168
156373,3-2-5,61.7
156373,4-2-5,2684
156373,5-2-4,1448
156373,6-2-4,3668
156373,1-3-6,96.7
156373,2-3-6,1100
156373,3-2-6,651.2
156373,4-2-6,2341
156373,5-2-6,1279
156373,6-2-5,3550
156373,1-4-2,138.7
156373,2-4-1,659
156373,3-4-1,139.6
156373,4-3-1,498
156373,5-3-1,124
156373,6-3-1,2559
156373,1-4-3,95.3
156373,2-4-3,1209
156373,3-4-2,269
156373,4-3-2,1236
156373,5-3-2,210.8
156373,6-3-2,3550
156373,1-4-5,218.8
156373,2-4-5,2038
156373,3-4-5,188.7
156373,4-3-5,821.3
156373,5-3-4,705.5
156373,6-3-4,3237
156373,1-4-6,355
156373,2-4-6,2620
156373,3-4-6,550.2
156373,4-3-6,2201
156373,5-3-6,791.7
156373,6-3-5,3930
156373,1-5-2,42.9
156373,2-5-1,249
156373,3-5-1,34
156373,4-5-1,932.6
156373,5-4-1,1528
156373,6-4-1,3930
156373,1-5-3,25
156373,2-5-3,272.4
156373,3-5-2,51.4
156373,4-5-2,1897
156373,5-4-2,2038
156373,6-4-2,6114
156373,1-5-4,183.7
156373,2-5-4,1572
156373,3-5-4,178.9
156373,4-5-3,1236
156373,5-4-3,1448
156373,6-4-3,6114
156373,1-5-6,262.6
156373,2-5-6,1467
156373,3-5-6,401.6
156373,4-5-6,1965
156373,5-4-6,2620
156373,6-4-5,5792
156373,1-6-2,894.7
156373,2-6-1,2116
156373,3-6-1,786.1
156373,4-6-1,2974
156373,5-6-1,1693
156373,6-5-1,2445
156373,1-6-3,614.8
156373,2-6-3,2116
156373,3-6-2,1467
156373,4-6-2,2896
156373,5-6-2,2076
156373,6-5-2,3795
156373,1-6-4,1123
156373,2-6-4,3237
156373,3-6-4,1375
156373,4-6-3,2445
156373,5-6-3,1865
156373,6-5-3,2246
156373,1-6-5,1123
156373,2-6-5,1775
156373,3-6-5,1487
156373,4-6-5,3335
156373,5-6-4,3335
156373,6-5-4,5502
156374,1-2-3,5.9
156374,2-1-3,48.4
156374,3-1-2,111
156374,4-1-2,980.9
156374,5-1-2,39.7
156374,6-1-2,828.2
156374,1-2-4,79
156374,2-1-4,318.7
156374,3-1-4,313.7
156374,4-1-3,1174
156374,5-1-3,71.4
156374,6-1-3,1279
156374,1-2-5,2.8
156374,2-1-5,29.9
156374,3-1-5,90.5
156374,4-1-5,918.5
156374,5-1-4,390.1
156374,6-1-4,2245
156374,1-2-6,42.4
156374,2-1-6,349.6
156374,3-1-6,457.2
156374,4-1-6,1656
156374,5-1-6,239.4
156374,6-1-5,918.5
156374,1-3-2,11.8
156374,2-3-1,123
156374,3-2-1,212.2
156374,4-2-1,2296
156374,5-2-1,65.5
156374,6-2-1,1443
156374,1-3-4,101
156374,2-3-4,1403
156374,3-2-4,1403
156374,4-2-3,2886
156374,5-2-3,192.8
156374,6-2-3,2349
156374,1-3-5,12.4
156374,2-3-5,145.5
156374,3-2-5,336.8
156374,4-2-5,3061
156374,5-2-4,902.1
156374,6-2-4,2658
156374,1-3-6,77.1
156374,2-3-6,1074
156374,3-2-6,926.9
156374,4-2-6,2405
156374,5-2-6,490.4
156374,6-2-5,1837
156374,1-4-2,277.5
156374,2-4-1,515.5
156374,3-4-1,1135
156374,4-3-1,1603
156374,5-3-1,197.3
156374,6-3-1,2020
156374,1-4-3,281.4
156374,2-4-3,971.5
156374,3-4-2,2296
156374,4-3-2,3157
156374,5-3-2,282.2
156374,6-3-2,4041
156374,1-4-5,259.7
156374,2-4-5,814.8
156374,3-4-5,1629
156374,4-3-5,1742
156374,5-3-4,1684
156374,6-3-4,2349
156374,1-4-6,354.5
156374,2-4-6,926.9
156374,3-4-6,1837
156374,4-3-6,1871
156374,5-3-6,1403
156374,6-3-5,2730
156374,1-5-2,5.3
156374,2-5-1,72.4
156374,3-5-1,207.9
156374,4-5-1,1020
156374,5-4-1,1148
156374,6-4-1,2806
156374,1-5-3,12.2
156374,2-5-3,227
156374,3-5-2,363.4
156374,4-5-2,3259
156374,5-4-2,1981
156374,6-4-2,4393
156374,1-5-4,112.3
156374,2-5-4,1403
156374,3-5-4,1347
156374,4-5-3,1772
156374,5-4-3,2149
156374,6-4-3,2886
156374,1-5-6,43.5
156374,2-5-6,759.7
156374,3-5-6,1329
156374,4-5-6,1981
156374,5-4-6,2105
156374,6-4-5,4592
156374,1-6-2,159.6
156374,2-6-1,1530
156374,3-6-1,1578
156374,4-6-1,2590
156374,5-6-1,507.7
156374,6-5-1,1148
156374,1-6-3,271.6
156374,2-6-3,1772
156374,3-6-2,1943
156374,4-6-2,3484
156374,5-6-2,673.6
156374,6-5-2,2062
156374,1-6-4,429.9
156374,2-6-4,3608
156374,3-6-4,1906
156374,4-6-3,2196
156374,5-6-3,1148
156374,6-5-3,2464
156374,1-6-5,149
156374,2-6-5,1347
156374,3-6-5,3368
156374,4-6-5,3886
156374,5-6-4,2196
156374,6-5-4,3742
156375,1-2-3,66
156375,2-1-3,189.2
156375,3-1-2,29.5
156375,4-1-2,239.5
156375,5-1-2,1203
156375,6-1-2,1194
156375,1-2-4,127.6
156375,2-1-4,355.8
156375,3-1-4,7.6
156375,4-1-3,61.9
156375,5-1-3,588.4
156375,6-1-3,493
156375,1-2-5,319.8
156375,2-1-5,719.7
156375,3-1-5,32.3
156375,4-1-5,179.5
156375,5-1-4,871.4
156375,6-1-4,778.8
156375,1-2-6,319.8
156375,2-1-6,916
156375,3-1-6,30.8
156375,4-1-6,214.9
156375,5-1-6,1426
156375,6-1-5,1439
156375,1-3-2,33.6
156375,2-3-1,168.2
156375,3-2-1,57.3
156375,4-2-1,323
156375,5-2-1,1354
156375,6-2-1,2015
156375,1-3-4,13.7
156375,2-3-4,71.1
156375,3-2-4,25.6
156375,4-2-3,115.8
156375,5-2-3,989
156375,6-2-3,1596
156375,1-3-5,51.6
156375,2-3-5,167
156375,3-2-5,67
156375,4-2-5,359
156375,5-2-4,1506
156375,6-2-4,1919
156375,1-3-6,56.1
156375,2-3-6,260
156375,3-2-6,89.4
156375,4-2-6,404
156375,5-2-6,2093
156375,6-2-5,2442
156375,1-4-2,115.1
156375,2-4-1,317.9
156375,3-4-1,7.9
156375,4-3-1,32.3
156375,5-3-1,445.3
156375,6-3-1,465.9
156375,1-4-3,34.9
156375,2-4-3,144.2
156375,3-4-2,16.8
156375,4-3-2,58.8
156375,5-3-2,756.9
156375,6-3-2,1046
156375,1-4-5,149
156375,2-4-5,404
156375,3-4-5,9.2
156375,4-3-5,34.7
156375,5-3-4,348.9
156375,6-3-4,307
156375,1-4-6,129.1
156375,2-4-6,532
156375,3-4-6,11.7
156375,4-3-6,44.3
156375,5-3-6,710.2
156375,6-3-5,953.9
156375,1-5-2,463.2
156375,2-5-1,1082
156375,3-5-1,64.8
156375,4-5-1,259.1
156375,5-4-1,729.5
156375,6-4-1,995.1
156375,1-5-3,217.8
156375,2-5-3,806.1
156375,3-5-2,100
156375,4-5-2,389.4
156375,5-4-2,1119
156375,6-4-2,1479
156375,1-5-4,335.1
156375,2-5-4,1007
156375,3-5-4,37.4
156375,4-5-3,126.1
156375,5-4-3,427.6
156375,6-4-3,407.1
156375,1-5-6,571.7
156375,2-5-6,1662
156375,3-5-6,79.1
156375,4-5-6,273.2
156375,5-4-6,1013
156375,6-4-5,1354
156375,1-6-2,632.2
156375,2-6-1,1697
156375,3-6-1,71.9
156375,4-6-1,340.1
156375,5-6-1,2406
156375,6-5-1,1811
156375,1-6-3,231.9
156375,2-6-3,1089
156375,3-6-2,126.7
156375,4-6-2,510.1
156375,5-6-2,2519
156375,6-5-2,2600
156375,1-6-4,360.6
156375,2-6-4,1535
156375,3-6-4,43.1
156375,4-6-3,162.8
156375,5-6-3,1026
156375,6-5-3,1697
156375,1-6-5,802.1
156375,2-6-5,1580
156375,3-6-5,105.7
156375,4-6-5,452.8
156375,5-6-4,1942
156375,6-5-4,1832
156376,1-2-3,19.5
156376,2-1-3,43.5
156376,3-1-2,46.8
156376,4-1-2,59.9
156376,5-1-2,454.5
156376,6-1-2,1681
156376,1-2-4,18.7
156376,2-1-4,39
156376,3-1-4,15.7
156376,4-1-3,29.4
156376,5-1-3,314.2
156376,6-1-3,1835
156376,1-2-5,73.6
156376,2-1-5,142.3
156376,3-1-5,49.4
156376,4-1-5,55.8
156376,5-1-4,315.6
156376,6-1-4,1641
156376,1-2-6,149.2
156376,2-1-6,240.5
156376,3-1-6,105.9
156376,4-1-6,95.7
156376,5-1-6,528.5
156376,6-1-5,2051
156376,1-3-2,19.5
156376,2-3-1,65.1
156376,3-2-1,80.7
156376,4-2-1,67.9
156376,5-2-1,664.4
156376,6-2-1,1937
156376,1-3-4,9.4
156376,2-3-4,47.1
156376,3-2-4,39.9
156376,4-2-3,81.9
156376,5-2-3,578.9
156376,6-2-3,1937
156376,1-3-5,32.2
156376,2-3-5,103.6
156376,3-2-5,80.2
156376,4-2-5,98.4
156376,5-2-4,567.2
156376,6-2-4,1354
156376,1-3-6,80.8
156376,2-3-6,208.8
156376,3-2-6,160.7
156376,4-2-6,127.1
156376,5-2-6,1003
156376,6-2-5,2906
156376,1-4-2,21.1
156376,2-4-1,57.5
156376,3-4-1,19.5
156376,4-3-1,33.7
156376,5-3-1,315.6
156376,6-3-1,872
156376,1-4-3,13.9
156376,2-4-3,59.8
156376,3-4-2,45.9
156376,4-3-2,90
156376,5-3-2,652
156376,6-3-2,2405
156376,1-4-5,39.1
156376,2-4-5,117.4
156376,3-4-5,37.1
156376,4-3-5,55
156376,5-3-4,372
156376,6-3-4,942.8
156376,1-4-6,64.5
156376,2-4-6,136.6
156376,3-4-6,72.1
156376,4-3-6,92.5
156376,5-3-6,883.1
156376,6-3-5,2537
156376,1-5-2,132.7
156376,2-5-1,347.9
156376,3-5-1,130.8
156376,4-5-1,83.4
156376,5-4-1,253.7
156376,6-4-1,734.3
156376,1-5-3,116.1
156376,2-5-3,356.8
156376,3-5-2,189.3
156376,4-5-2,121.1
156376,5-4-2,441.5
156376,6-4-2,1409
156376,1-5-4,109.7
156376,2-5-4,273
156376,3-5-4,113.9
156376,4-5-3,94.6
156376,5-4-3,301.3
156376,6-4-3,982.6
156376,1-5-6,271.9
156376,2-5-6,571.8
156376,3-5-6,260.3
156376,4-5-6,89.6
156376,5-4-6,442.9
156376,6-4-5,1533
156376,1-6-2,333
156376,2-6-1,591.2
156376,3-6-1,373
156376,4-6-1,178.4
156376,5-6-1,936.4
156376,6-5-1,2180
156376,1-6-3,333.8
156376,2-6-3,643
156376,3-6-2,507.4
156376,4-6-2,193.7
156376,5-6-2,1162
156376,6-5-2,2491
156376,1-6-4,290.6
156376,2-6-4,481.1
156376,3-6-4,290
156376,4-6-3,243.5
156376,5-6-3,968.9
156376,6-5-3,2491
156376,1-6-5,437.4
156376,2-6-5,883.1
156376,3-6-5,505.5
156376,4-6-5,187
156376,5-6-4,924
156376,6-5-4,1788
156377,1-2-3,9.2
156377,2-1-3,148.3
156377,3-1-2,94.5
156377,4-1-2,189.1
156377,5-1-2,102.8
156377,6-1-2,879.1
156377,1-2-4,13.8
156377,2-1-4,214.8
156377,3-1-4,71.6
156377,4-1-3,146.7
156377,5-1-3,61.1
156377,6-1-3,1025
156377,1-2-5,11.7
156377,2-1-5,169.2
156377,3-1-5,42.5
156377,4-1-5,100.4
156377,5-1-4,98.8
156377,6-1-4,1937
156377,1-2-6,95.8
156377,2-1-6,477.7
156377,3-1-6,234.5
156377,4-1-6,322.8
156377,5-1-6,197.7
156377,6-1-5,1124
156377,1-3-2,8.3
156377,2-3-1,396.2
156377,3-2-1,326.9
156377,4-2-1,434.1
156377,5-2-1,278.2
156377,6-2-1,1585
156377,1-3-4,12
156377,2-3-4,626.4
156377,3-2-4,505.4
156377,4-2-3,758.1
156377,5-2-3,528.3
156377,6-2-3,1973
156377,1-3-5,7.1
156377,2-3-5,464.9
156377,3-2-5,344.1
156377,4-2-5,550.6
156377,5-2-4,731.5
156377,6-2-4,3374
156377,1-3-6,61.8
156377,2-3-6,1307
156377,3-2-6,968.6
156377,4-2-6,894.1
156377,5-2-6,871.8
156377,6-2-5,2274
156377,1-4-2,20.3
156377,2-4-1,584.4
156377,3-4-1,168.4
156377,4-3-1,221.6
156377,5-3-1,127.7
156377,6-3-1,1660
156377,1-4-3,19.8
156377,2-4-3,934
156377,3-4-2,473.3
156377,4-3-2,645.7
156377,5-3-2,381.8
156377,6-3-2,2490
156377,1-4-5,20
156377,2-4-5,864.6
156377,3-4-5,184.1
156377,4-3-5,242.1
156377,5-3-4,277.5
156377,6-3-4,3077
156377,1-4-6,77.6
156377,2-4-6,1162
156377,3-4-6,464.9
156377,4-3-6,830.3
156377,5-3-6,542
156377,6-3-5,2092
156377,1-5-2,14.9
156377,2-5-1,415.1
156377,3-5-1,98.1
156377,4-5-1,139.1
156377,5-4-1,176.1
156377,6-4-1,2432
156377,1-5-3,11.9
156377,2-5-3,758.1
156377,3-5-2,229.4
156377,4-5-2,377.6
156377,5-4-2,439.5
156377,6-4-2,2989
156377,1-5-4,19.2
156377,2-5-4,1067
156377,3-5-4,176.1
156377,4-5-3,256.4
156377,5-4-3,255.7
156377,6-4-3,3077
156377,1-5-6,61.2
156377,2-5-6,1291
156377,3-5-6,491.1
156377,4-5-6,391.8
156377,5-4-6,445.1
156377,6-4-5,2906
156377,1-6-2,261.5
156377,2-6-1,1634
156377,3-6-1,786.6
156377,4-6-1,886.5
156377,5-6-1,574.8
156377,6-5-1,1307
156377,1-6-3,233.5
156377,2-6-3,2011
156377,3-6-2,1687
156377,4-6-2,1216
156377,5-6-2,959.8
156377,6-5-2,2135
156377,1-6-4,220.7
156377,2-6-4,1973
156377,3-6-4,986.9
156377,4-6-3,1291
156377,5-6-3,996.3
156377,6-5-3,2092
156377,1-6-5,223.5
156377,2-6-5,1743
156377,3-6-5,1101
156377,4-6-5,1149
156377,5-6-4,986.9
156377,6-5-4,3077
156378,1-2-3,13.5
156378,2-1-3,279.9
156378,3-1-2,376.5
156378,4-1-2,65
156378,5-1-2,597.9
156378,6-1-2,419.1
156378,1-2-4,6.8
156378,2-1-4,166.9
156378,3-1-4,207.7
156378,4-1-3,116.6
156378,5-1-3,741.4
156378,6-1-3,675.4
156378,1-2-5,48.4
156378,2-1-5,460.8
156378,3-1-5,273.9
156378,4-1-5,73.6
156378,5-1-4,398.1
156378,6-1-4,223
156378,1-2-6,10.8
156378,2-1-6,330.3
156378,3-1-6,394.3
156378,4-1-6,37.4
156378,5-1-6,483.5
156378,6-1-5,813.8
156378,1-3-2,26.8
156378,2-3-1,859.9
156378,3-2-1,851.1
156378,4-2-1,212.2
156378,5-2-1,1127
156378,6-2-1,838.3
156378,1-3-4,15.9
156378,2-3-4,1235
156378,3-2-4,1283
156378,4-2-3,604.4
156378,5-2-3,2417
156378,6-2-3,1813
156378,1-3-5,44.9
156378,2-3-5,1702
156378,3-2-5,1737
156378,4-2-5,683.7
156378,5-2-4,1635
156378,6-2-4,1150
156378,1-3-6,32.7
156378,2-3-6,1774
156378,3-2-6,1774
156378,4-2-6,329.7
156378,5-2-6,1986
156378,6-2-5,2453
156378,1-4-2,6.8
156378,2-4-1,309.5
156378,3-4-1,336.3
156378,4-3-1,334.3
156378,5-3-1,1069
156378,6-3-1,1450
156378,1-4-3,13
156378,2-4-3,868.9
156378,3-4-2,892.1
156378,4-3-2,689.3
156378,5-3-2,2648
156378,6-3-2,2606
156378,1-4-5,19.7
156378,2-4-5,1573
156378,3-4-5,838.3
156378,4-3-5,654.2
156378,5-3-4,1917
156378,6-3-4,2010
156378,1-4-6,6.1
156378,2-4-6,656.8
156378,3-4-6,813.8
156378,4-3-6,489.2
156378,5-3-6,2780
156378,6-3-5,3208
156378,1-5-2,76.5
156378,2-5-1,1367
156378,3-5-1,709.9
156378,4-5-1,125.1
156378,5-4-1,505.5
156378,6-4-1,273.9
156378,1-5-3,78.9
156378,2-5-3,2349
156378,3-5-2,1668
156378,4-5-2,277.1
156378,5-4-2,1334
156378,6-4-2,964.3
156378,1-5-4,51.9
156378,2-5-4,2827
156378,3-5-4,1293
156378,4-5-3,608.8
156378,5-4-3,2034
156378,6-4-3,1516
156378,1-5-6,61.9
156378,2-5-6,2285
156378,3-5-6,1619
156378,4-5-6,153.6
156378,5-4-6,649.1
156378,6-4-5,969.9
156378,1-6-2,31.3
156378,2-6-1,958.7
156378,3-6-1,926.8
156378,4-6-1,90.2
156378,5-6-1,947.9
156378,6-5-1,1345
156378,1-6-3,44.3
156378,2-6-3,2383
156378,3-6-2,1939
156378,4-6-2,243.1
156378,5-6-2,2059
156378,6-5-2,2827
156378,1-6-4,18.1
156378,2-6-4,1055
156378,3-6-4,1217
156378,4-6-3,351.9
156378,5-6-3,2138
156378,6-5-3,3089
156378,1-6-5,75
156378,2-6-5,2383
156378,3-6-5,2111
156378,4-6-5,190
156378,5-6-4,1069
156378,6-5-4,1604
156379,1-2-3,29.8
156379,2-1-3,173.9
156379,3-1-2,63.4
156379,4-1-2,98.8
156379,5-1-2,73.5
156379,6-1-2,3294
156379,1-2-4,34.8
156379,2-1-4,178.4
156379,3-1-4,23.7
156379,4-1-3,61.5
156379,5-1-3,52.3
156379,6-1-3,4161
156379,1-2-5,39.6
156379,2-1-5,152
156379,3-1-5,19.2
156379,4-1-5,33.4
156379,5-1-4,44.7
156379,6-1-4,3825
156379,1-2-6,432
156379,2-1-6,1198
156379,3-1-6,525.9
156379,4-1-6,617.7
156379,5-1-6,517.9
156379,6-1-5,3706
156379,1-3-2,21.7
156379,2-3-1,229.1
156379,3-2-1,131
156379,4-2-1,158.1
156379,5-2-1,129.5
156379,6-2-1,4941
156379,1-3-4,10.5
156379,2-3-4,211.4
156379,3-2-4,123
156379,4-2-3,289.2
156379,5-2-3,185.9
156379,6-2-3,7907
156379,1-3-5,10
156379,2-3-5,155.1
156379,3-2-5,91.9
156379,4-2-5,162.5
156379,5-2-4,201.8
156379,6-2-4,6082
156379,1-3-6,317.1
156379,2-3-6,1797
156379,3-2-6,1268
156379,4-2-6,1317
156379,5-2-6,933.9
156379,6-2-5,6082
156379,1-4-2,31.2
156379,2-4-1,301.4
156379,3-4-1,32.3
156379,4-3-1,70.3
156379,5-3-1,56.5
156379,6-3-1,4020
156379,1-4-3,18.8
156379,2-4-3,282.7
156379,3-4-2,76.5
156379,4-3-2,168.1
156379,5-3-2,119.6
156379,6-3-2,5271
156379,1-4-5,18.5
156379,2-4-5,204.4
156379,3-4-5,21.8
156379,4-3-5,47.8
156379,5-3-4,57.4
156379,6-3-4,4392
156379,1-4-6,521.3
156379,2-4-6,1976
156379,3-4-6,528.3
156379,4-3-6,723.2
156379,5-3-6,466.9
156379,6-3-5,4841
156379,1-5-2,45.3
156379,2-5-1,217
156379,3-5-1,28.1
156379,4-5-1,25.8
156379,5-4-1,42.2
156379,6-4-1,4235
156379,1-5-3,24.5
156379,2-5-3,230.9
156379,3-5-2,64.2
156379,4-5-2,72.3
156379,5-4-2,111.3
156379,6-4-2,4020
156379,1-5-4,32.1
156379,2-5-4,247.6
156379,3-5-4,25.3
156379,4-5-3,50.3
156379,5-4-3,72.6
156379,6-4-3,4744
156379,1-5-6,472.5
156379,2-5-6,1912
156379,3-5-6,399.3
156379,4-5-6,365.5
156379,5-4-6,498.3
156379,6-4-5,3162
156379,1-6-2,1912
156379,2-6-1,3594
156379,3-6-1,1560
156379,4-6-1,1379
156379,5-6-1,1180
156379,6-5-1,4941
156379,1-6-3,1810
156379,2-6-3,3953
156379,3-6-2,2550
156379,4-6-2,2010
156379,5-6-2,1420
156379,6-5-2,5391
156379,1-6-4,1810
156379,2-6-4,3706
156379,3-6-4,2117
156379,4-6-3,1838
156379,5-6-3,1296
156379,6-5-3,3294
156379,1-6-5,1882
156379,2-6-5,3388
156379,3-6-5,1113
156379,4-6-5,1235
156379,5-6-4,1113
156379,6-5-4,3249
156380,1-2-3,13.8
156380,2-1-3,13.8
156380,3-1-2,28.6
156380,4-1-2,309.5
156380,5-1-2,418.4
156380,6-1-2,97.7
156380,1-2-4,62.6
156380,2-1-4,66.1
156380,3-1-4,108
156380,4-1-3,413.8
156380,5-1-3,546.7
156380,6-1-3,167.5
156380,1-2-5,62.7
156380,2-1-5,62.9
156380,3-1-5,101.6
156380,4-1-5,509.5
156380,5-1-4,734.3
156380,6-1-4,343.5
156380,1-2-6,20.3
156380,2-1-6,15.2
156380,3-1-6,48
156380,4-1-6,363.6
156380,5-1-6,321.4
156380,6-1-5,262.8
156380,1-3-2,20.8
156380,2-3-1,21.7
156380,3-2-1,24.7
156380,4-2-1,281.5
156380,5-2-1,407
156380,6-2-1,80.2
156380,1-3-4,57.7
156380,2-3-4,49.7
156380,3-2-4,46
156380,4-2-3,229
156380,5-2-3,418.4
156380,6-2-3,66.7
156380,1-3-5,66.2
156380,2-3-5,57.6
156380,3-2-5,48.7
156380,4-2-5,420.8
156380,5-2-4,851.1
156380,6-2-4,194
156380,1-3-6,31.6
156380,2-3-6,15.9
156380,3-2-6,20.9
156380,4-2-6,161
156380,5-2-6,199.2
156380,6-2-5,154.4
156380,1-4-2,206.9
156380,2-4-1,187.7
156380,3-4-1,212.7
156380,4-3-1,531.2
156380,5-3-1,535
156380,6-3-1,158.6
156380,1-4-3,247.2
156380,2-4-3,111.6
156380,3-4-2,121.3
156380,4-3-2,346.7
156380,5-3-2,453.9
156380,6-3-2,88.3
156380,1-4-5,416.1
156380,2-4-5,281.5
156380,3-4-5,213.3
156380,4-3-5,456.7
156380,5-3-4,985.5
156380,6-3-4,317.3
156380,1-4-6,279.4
156380,2-4-6,112.9
156380,3-4-6,112.1
156380,4-3-6,300.8
156380,5-3-6,438
156380,6-3-5,246.3
156380,1-5-2,182.6
156380,2-5-1,183.5
156380,3-5-1,193
156380,4-5-1,370.8
156380,5-4-1,772.1
156380,6-4-1,367.1
156380,1-5-3,172.9
156380,2-5-3,125.4
156380,3-5-2,136.1
156380,4-5-2,386
156380,5-4-2,860.9
156380,6-4-2,277.4
156380,1-5-4,513
156380,2-5-4,542.7
156380,3-5-4,280.5
156380,4-5-3,502.7
156380,5-4-3,1134
156380,6-4-3,425.5
156380,1-5-6,214.6
156380,2-5-6,97.7
156380,3-5-6,107.3
156380,4-5-6,216.4
156380,5-4-6,402.7
156380,6-4-5,396.3
156380,1-6-2,51.7
156380,2-6-1,35.6
156380,3-6-1,70.7
156380,4-6-1,254.7
156380,5-6-1,304.4
156380,6-5-1,372.6
156380,1-6-3,81.9
156380,2-6-3,23.9
156380,3-6-2,37.1
156380,4-6-2,146
156380,5-6-2,210.4
156380,6-5-2,267.5
156380,1-6-4,244.7
156380,2-6-4,107.9
156380,3-6-4,129.5
156380,4-6-3,246.3
156380,5-6-3,440.6
156380,6-5-3,448.5
156380,1-6-5,181.3
156380,2-6-5,91.6
156380,3-6-5,112.1
156380,4-6-5,236.2
156380,5-6-4,435.4
156380,6-5-4,516.5
156381,1-2-3,15.8
156381,2-1-3,23.5
156381,3-1-2,33.6
156381,4-1-2,287
156381,5-1-2,27.1
156381,6-1-2,754.8
156381,1-2-4,45.6
156381,2-1-4,61.5
156381,3-1-4,78.8
156381,4-1-3,361.7
156381,5-1-3,42.6
156381,6-1-3,1042
156381,1-2-5,18.6
156381,2-1-5,23.4
156381,3-1-5,18
156381,4-1-5,237.8
156381,5-1-4,78
156381,6-1-4,1843
156381,1-2-6,145.6
156381,2-1-6,206.6
156381,3-1-6,216.4
156381,4-1-6,715.4
156381,5-1-6,187.6
156381,6-1-5,1019
156381,1-3-2,16.6
156381,2-3-1,35.6
156381,3-2-1,55.8
156381,4-2-1,341.1
156381,5-2-1,30.9
156381,6-2-1,1019
156381,1-3-4,44.6
156381,2-3-4,98
156381,3-2-4,73.1
156381,4-2-3,526.7
156381,5-2-3,42.1
156381,6-2-3,1452
156381,1-3-5,14.5
156381,2-3-5,28.3
156381,3-2-5,37
156381,4-2-5,242.7
156381,5-2-4,59.1
156381,6-2-4,1743
156381,1-3-6,187.9
156381,2-3-6,266.3
156381,3-2-6,213
156381,4-2-6,754.8
156381,5-2-6,151.2
156381,6-2-5,1009
156381,1-4-2,90.2
156381,2-4-1,197.6
156381,3-4-1,173.6
156381,4-3-1,370.1
156381,5-3-1,48.1
156381,6-3-1,1571
156381,1-4-3,93.9
156381,2-4-3,243.9
156381,3-4-2,166.1
156381,4-3-2,494.1
156381,5-3-2,39.1
156381,6-3-2,1652
156381,1-4-5,93.5
156381,2-4-5,161.1
156381,3-4-5,108.6
156381,4-3-5,247.7
156381,5-3-4,81.9
156381,6-3-4,1956
156381,1-4-6,342.3
156381,2-4-6,424.1
156381,3-4-6,353.7
156381,4-3-6,833.6
156381,5-3-6,165
156381,6-3-5,1198
156381,1-5-2,26.8
156381,2-5-1,45
156381,3-5-1,30.6
156381,4-5-1,166.4
156381,5-4-1,95.5
156381,6-4-1,1956
156381,1-5-3,27.1
156381,2-5-3,39
156381,3-5-2,32
156381,4-5-2,161.9
156381,5-4-2,69.4
156381,6-4-2,1808
156381,1-5-4,89.1
156381,2-5-4,99.5
156381,3-5-4,66.4
156381,4-5-3,233.8
156381,5-4-3,145.4
156381,6-4-3,2282
156381,1-5-6,210.2
156381,2-5-6,208.8
156381,3-5-6,153.6
156381,4-5-6,283.6
156381,5-4-6,213.5
156381,6-4-5,1295
156381,1-6-2,397.7
156381,2-6-1,720.8
156381,3-6-1,863.6
156381,4-6-1,792.3
156381,5-6-1,254.2
156381,6-5-1,1065
156381,1-6-3,647.7
156381,2-6-3,754.8
156381,3-6-2,574
156381,4-6-2,879.5
156381,5-6-2,187.2
156381,6-5-2,998.6
156381,1-6-4,670.4
156381,2-6-4,715.4
156381,3-6-4,913
156381,4-6-3,1261
156381,5-6-3,302.4
156381,6-5-3,1198
156381,1-6-5,602.9
156381,2-6-5,529.6
156381,3-6-5,469.9
156381,4-6-5,652.1
156381,5-6-4,229.9
156381,6-5-4,1169
156382,1-2-3,131.1
156382,2-1-3,165.5
156382,3-1-2,151.4
156382,4-1-2,2025
156382,5-1-2,82.8
156382,6-1-2,116.4
156382,1-2-4,421.6
156382,2-1-4,977.6
156382,3-1-4,527.4
156382,4-1-3,2908
156382,5-1-3,93.4
156382,6-1-3,101.8
156382,1-2-5,110
156382,2-1-5,153.2
156382,3-1-5,147.4
156382,4-1-5,1718
156382,5-1-4,490.9
156382,6-1-4,564.2
156382,1-2-6,115.4
156382,2-1-6,122
156382,3-1-6,96.6
156382,4-1-6,1800
156382,5-1-6,68.5
156382,6-1-5,119.5
156382,1-3-2,148.8
156382,2-3-1,104.6
156382,3-2-1,151
156382,4-2-1,1553
156382,5-2-1,89.5
156382,6-2-1,134.6
156382,1-3-4,619.7
156382,2-3-4,236.2
156382,3-2-4,316.7
156382,4-2-3,776.7
156382,5-2-3,26.1
156382,6-2-3,50
156382,1-3-5,122
156382,2-3-5,37.4
156382,3-2-5,51.4
156382,4-2-5,1246
156382,5-2-4,253.1
156382,6-2-4,400.7
156382,1-3-6,85
156382,2-3-6,27.2
156382,3-2-6,33.7
156382,4-2-6,798.6
156382,5-2-6,18.4
156382,6-2-5,54.1
156382,1-4-2,893
156382,2-4-1,793
156382,3-4-1,787.5
156382,4-3-1,1989
156382,5-3-1,86.3
156382,6-3-1,77.9
156382,1-4-3,1232
156382,2-4-3,409.4
156382,3-4-2,590.6
156382,4-3-2,1303
156382,5-3-2,31.4
156382,6-3-2,28.2
156382,1-4-5,1219
156382,2-4-5,567
156382,3-4-5,630
156382,4-3-5,1383
156382,5-3-4,255.4
156382,6-3-4,243.8
156382,1-4-6,1012
156382,2-4-6,405
156382,3-4-6,396.5
156382,4-3-6,1059
156382,5-3-6,19.8
156382,6-3-5,17.9
156382,1-5-2,94.7
156382,2-5-1,113.1
156382,3-5-1,119.5
156382,4-5-1,1169
156382,5-4-1,727
156382,6-4-1,708.8
156382,1-5-3,95.3
156382,2-5-3,32.6
156382,3-5-2,55.9
156382,4-5-2,1040
156382,5-4-2,593.7
156382,6-4-2,609.7
156382,1-5-4,553.2
156382,2-5-4,360
156382,3-5-4,389.7
156382,4-5-3,1122
156382,5-4-3,630
156382,6-4-3,506.3
156382,1-5-6,77.7
156382,2-5-6,24.1
156382,3-5-6,21.5
156382,4-5-6,994.8
156382,5-4-6,421.6
156382,6-4-5,515.5
156382,1-6-2,139.6
156382,2-6-1,93.1
156382,3-6-1,64.1
156382,4-6-1,1318
156382,5-6-1,64.4
156382,6-5-1,94.1
156382,1-6-3,90.2
156382,2-6-3,32.1
156382,3-6-2,25.4
156382,4-6-2,821.8
156382,5-6-2,24.6
156382,6-5-2,36.5
156382,1-6-4,522.6
156382,2-6-4,216.4
156382,3-6-4,198.9
156382,4-6-3,852.7
156382,5-6-3,23.3
156382,6-5-3,20.6
156382,1-6-5,93.8
156382,2-6-5,35.8
156382,3-6-5,15.9
156382,4-6-5,945.1
156382,5-6-4,236.2
156382,6-5-4,350
156383,1-2-3,16.6
156383,2-1-3,23
156383,3-1-2,58.3
156383,4-1-2,175.9
156383,5-1-2,34.9
156383,6-1-2,1361
156383,1-2-4,49.5
156383,2-1-4,55.4
156383,3-1-4,165.2
156383,4-1-3,278.6
156383,5-1-3,55.6
156383,6-1-3,4050
156383,1-2-5,15.6
156383,2-1-5,18.4
156383,3-1-5,46.1
156383,4-1-5,98.7
156383,5-1-4,75.3
156383,6-1-4,4369
156383,1-2-6,535.6
156383,2-1-6,492.7
156383,3-1-6,838.6
156383,4-1-6,902.4
156383,5-1-6,410
156383,6-1-5,2965
156383,1-3-2,22
156383,2-3-1,25.9
156383,3-2-1,55.2
156383,4-2-1,178.3
156383,5-2-1,32
156383,6-2-1,1677
156383,1-3-4,52.7
156383,2-3-4,51.1
156383,3-2-4,116.3
156383,4-2-3,195.8
156383,5-2-3,34.1
156383,6-2-3,4744
156383,1-3-5,21.6
156383,2-3-5,15.8
156383,3-2-5,35.2
156383,4-2-5,75.4
156383,5-2-4,52.3
156383,6-2-4,4050
156383,1-3-6,562.8
156383,2-3-6,434.6
156383,3-2-6,806
156383,4-2-6,765.2
156383,5-2-6,272.2
156383,6-2-5,982.5
156383,1-4-2,101.3
156383,2-4-1,103
156383,3-4-1,257
156383,4-3-1,390.7
156383,5-3-1,63.7
156383,6-3-1,2101
156383,1-4-3,111.5
156383,2-4-3,96.2
156383,3-4-2,220.2
156383,4-3-2,283.8
156383,5-3-2,46.9
156383,6-3-2,2000
156383,1-4-5,93.8
156383,2-4-5,59.6
156383,3-4-5,152
156383,4-3-5,192.1
156383,5-3-4,104.3
156383,6-3-4,5535
156383,1-4-6,902.4
156383,2-4-6,751.3
156383,3-4-6,1350
156383,4-3-6,1537
156383,5-3-6,484.1
156383,6-3-5,4257
156383,1-5-2,24.3
156383,2-5-1,22
156383,3-5-1,54.1
156383,4-5-1,57.2
156383,5-4-1,70.3
156383,6-4-1,2025
156383,1-5-3,31.8
156383,2-5-3,17.6
156383,3-5-2,42.1
156383,4-5-2,44.3
156383,5-4-2,58.9
156383,6-4-2,1694
156383,1-5-4,72.8
156383,2-5-4,39.5
156383,3-5-4,104.7
156383,4-5-3,98.2
156383,5-4-3,111.5
156383,6-4-3,4487
156383,1-5-6,395.3
156383,2-5-6,347.3
156383,3-5-6,532.2
156383,4-5-6,340.9
156383,5-4-6,331.4
156383,6-4-5,3133
156383,1-6-2,994.3
156383,2-6-1,1186
156383,3-6-1,1361
156383,4-6-1,1287
156383,5-6-1,675
156383,6-5-1,1419
156383,1-6-3,1612
156383,2-6-3,1930
156383,3-6-2,1248
156383,4-6-2,1085
156383,5-6-2,425.7
156383,6-5-2,761.7
156383,1-6-4,2767
156383,2-6-4,1953
156383,3-6-4,2814
156383,4-6-3,2478
156383,5-6-3,912.3
156383,6-5-3,3533
156383,1-6-5,1908
156383,2-6-5,686.1
156383,3-6-5,1845
156383,4-6-5,1031
156383,5-6-4,847.2
156383,6-5-4,3193
156384,1-2-3,14.6
156384,2-1-3,354.5
156384,3-1-2,48.5
156384,4-1-2,670.3
156384,5-1-2,127.4
156384,6-1-2,388.3
156384,1-2-4,113.6
156384,2-1-4,1247
156384,3-1-4,180.3
156384,4-1-3,486.4
156384,5-1-3,74.1
156384,6-1-3,235.5
156384,1-2-5,14.5
156384,2-1-5,344.6
156384,3-1-5,23.2
156384,4-1-5,486.4
156384,5-1-4,497.2
156384,6-1-4,811.7
156384,1-2-6,18.5
156384,2-1-6,472.7
156384,3-1-6,32.6
156384,4-1-6,474.4
156384,5-1-6,67
156384,6-1-5,260.1
156384,1-3-2,8.6
156384,2-3-1,538.9
156384,3-2-1,234.7
156384,4-2-1,1480
156384,5-2-1,446.1
156384,6-2-1,948.9
156384,1-3-4,51.8
156384,2-3-4,2138
156384,3-2-4,929.2
156384,4-2-3,1643
156384,5-2-3,942.2
156384,6-2-3,1796
156384,1-3-5,5.2
156384,2-3-5,922.9
156384,3-2-5,229.9
156384,4-2-5,1952
156384,5-2-4,1772
156384,6-2-4,2866
156384,1-3-6,7
156384,2-3-6,1224
156384,3-2-6,430.4
156384,4-2-6,1924
156384,5-2-6,563.7
156384,6-2-5,1513
156384,1-4-2,187.4
156384,2-4-1,2105
156384,3-4-1,392.8
156384,4-3-1,623.8
156384,5-3-1,146.3
156384,6-3-1,349
156384,1-4-3,157.7
156384,2-4-3,2208
156384,3-4-2,858.2
156384,4-3-2,1448
156384,5-3-2,349
156384,6-3-2,1122
156384,1-4-5,194.9
156384,2-4-5,2642
156384,3-4-5,635.5
156384,4-3-5,1020
156384,5-3-4,1151
156384,6-3-4,2041
156384,1-4-6,164.7
156384,2-4-6,2994
156384,3-4-6,756.9
156384,4-3-6,1334
156384,5-3-6,216.9
156384,6-3-5,736.3
156384,1-5-2,17.3
156384,2-5-1,787.9
156384,3-5-1,66.5
156384,4-5-1,698.1
156384,5-4-1,1086
156384,6-4-1,1203
156384,1-5-3,10.8
156384,2-5-3,1203
156384,3-5-2,157.4
156384,4-5-2,1308
156384,5-4-2,2041
156384,6-4-2,2449
156384,1-5-4,123.5
156384,2-5-4,2642
156384,3-5-4,573.3
156384,4-5-3,1095
156384,5-4-3,1643
156384,6-4-3,2495
156384,1-5-6,15.2
156384,2-5-6,1132
156384,3-5-6,94.8
156384,4-5-6,935.7
156384,5-4-6,1271
156384,6-4-5,2208
156384,1-6-2,40.9
156384,2-6-1,1418
156384,3-6-1,138.6
156384,4-6-1,935.7
156384,5-6-1,168
156384,6-5-1,332.7
156384,1-6-3,22.5
156384,2-6-3,1796
156384,3-6-2,482.9
156384,4-6-2,1623
156384,5-6-2,409.5
156384,6-5-2,847.4
156384,1-6-4,187.9
156384,2-6-4,2929
156384,3-6-4,886.4
156384,4-6-3,1897
156384,5-6-3,309
156384,6-5-3,694.5
156384,1-6-5,29.8
156384,2-6-5,1604
156384,3-6-5,200.8
156384,4-6-5,1361
156384,5-6-4,1122
156384,6-5-4,2011
156385,1-2-3,28.9
156385,2-1-3,30
156385,3-1-2,236.1
156385,4-1-2,43.3
156385,5-1-2,44.4
156385,6-1-2,856
156385,1-2-4,11.5
156385,2-1-4,10.2
156385,3-1-4,597.4
156385,4-1-3,235.5
156385,5-1-3,245.2
156385,6-1-3,549.5
156385,1-2-5,13.2
156385,2-1-5,10.3
156385,3-1-5,419.9
156385,4-1-5,52.3
156385,5-1-4,66.4
156385,6-1-4,1712
156385,1-2-6,95.2
156385,2-1-6,92.2
156385,3-1-6,1072
156385,4-1-6,150.3
156385,5-1-6,204.6
156385,6-1-5,1348
156385,1-3-2,73
156385,2-3-1,70.3
156385,3-2-1,346.4
156385,4-2-1,42.5
156385,5-2-1,52.6
156385,6-2-1,1271
156385,1-3-4,120.9
156385,2-3-4,86.8
156385,3-2-4,289
156385,4-2-3,161.8
156385,5-2-3,164.5
156385,6-2-3,1780
156385,1-3-5,121.1
156385,2-3-5,66.2
156385,3-2-5,253.6
156385,4-2-5,34.8
156385,5-2-4,53.2
156385,6-2-4,780.9
156385,1-3-6,454.2
156385,2-3-6,173.2
156385,3-2-6,872.8
156385,4-2-6,89.9
156385,5-2-6,173.2
156385,6-2-5,967.6
156385,1-4-2,22.9
156385,2-4-1,21.9
156385,3-4-1,824.3
156385,4-3-1,505.8
156385,5-3-1,447.3
156385,6-3-1,2472
156385,1-4-3,120.7
156385,2-4-3,66.5
156385,3-4-2,423.9
156385,4-3-2,356.1
156385,5-3-2,282.6
156385,6-3-2,2171
156385,1-4-5,42.6
156385,2-4-5,20.8
156385,3-4-5,486.4
156385,4-3-5,383.7
156385,5-3-4,523.6
156385,6-3-4,2871
156385,1-4-6,193.9
156385,2-4-6,85.6
156385,3-4-6,1236
156385,4-3-6,717.9
156385,5-3-6,706.5
156385,6-3-5,2225
156385,1-5-2,27.6
156385,2-5-1,25.4
156385,3-5-1,767.4
156385,4-5-1,35.6
156385,5-4-1,77.8
156385,6-4-1,1816
156385,1-5-3,149.1
156385,2-5-3,60.5
156385,3-5-2,319
156385,4-5-2,31.3
156385,5-4-2,56.4
156385,6-4-2,847.8
156385,1-5-4,51.7
156385,2-5-4,29.7
156385,3-5-4,552.9
156385,4-5-3,186.6
156385,5-4-3,278.2
156385,6-4-3,2697
156385,1-5-6,233
156385,2-5-6,102
156385,3-5-6,1369
156385,4-5-6,81.9
156385,5-4-6,141.3
156385,6-4-5,1328
156385,1-6-2,293.8
156385,2-6-1,287.1
156385,3-6-1,1679
156385,4-6-1,324.9
156385,5-6-1,802
156385,6-5-1,2070
156385,1-6-3,890.2
156385,2-6-3,669.3
156385,3-6-2,1508
156385,4-6-2,220.3
156385,5-6-2,414
156385,6-5-2,1219
156385,1-6-4,563.4
156385,2-6-4,417.9
156385,3-6-4,1854
156385,4-6-3,706.5
156385,5-6-3,1413
156385,6-5-3,3069
156385,1-6-5,735.7
156385,2-6-5,390.4
156385,3-6-5,2543
156385,4-6-5,237.4
156385,5-6-4,679.5
156385,6-5-4,1589
156386,1-2-3,38.6
156386,2-1-3,205
156386,3-1-2,49.5
156386,4-1-2,500.8
156386,5-1-2,23.8
156386,6-1-2,764.5
156386,1-2-4,145.8
156386,2-1-4,491.2
156386,3-1-4,110.8
156386,4-1-3,449.9
156386,5-1-3,12.9
156386,6-1-3,753.1
156386,1-2-5,30.1
156386,2-1-5,140.2
156386,3-1-5,16.7
156386,4-1-5,254.2
156386,5-1-4,83.2
156386,6-1-4,1374
156386,1-2-6,166.6
156386,2-1-6,770.3
156386,3-1-6,115.4
156386,4-1-6,594.6
156386,5-1-6,21.4
156386,6-1-5,410
156386,1-3-2,26.9
156386,2-3-1,351.8
156386,3-2-1,169.7
156386,4-2-1,1006
156386,5-2-1,69.7
156386,6-2-1,1337
156386,1-3-4,55.2
156386,2-3-4,950.2
156386,3-2-4,271.8
156386,4-2-3,1048
156386,5-2-3,84.1
156386,6-2-3,1882
156386,1-3-5,8.6
156386,2-3-5,271.1
156386,3-2-5,104.8
156386,4-2-5,747.6
156386,5-2-4,334.4
156386,6-2-4,2607
156386,1-3-6,73.2
156386,2-3-6,1210
156386,3-2-6,458
156386,4-2-6,1210
156386,5-2-6,132.2
156386,6-2-5,1196
156386,1-4-2,280.1
156386,2-4-1,1105
156386,3-4-1,210
156386,4-3-1,555.6
156386,5-3-1,17
156386,6-3-1,1182
156386,1-4-3,199.7
156386,2-4-3,1374
156386,3-4-2,279.3
156386,4-3-2,753.1
156386,5-3-2,41
156386,6-3-2,1918
156386,1-4-5,139.8
156386,2-4-5,1027
156386,3-4-5,106.5
156386,4-3-5,224.4
156386,5-3-4,95.5
156386,6-3-4,2542
156386,1-4-6,400.3
156386,2-4-6,1753
156386,3-4-6,371
156386,4-3-6,826.6
156386,5-3-6,34.3
156386,6-3-5,470.7
156386,1-5-2,15.7
156386,2-5-1,234.8
156386,3-5-1,16.1
156386,4-5-1,189.7
156386,5-4-1,114.1
156386,6-4-1,2675
156386,1-5-3,7.9
156386,2-5-3,273.3
156386,3-5-2,39.7
156386,4-5-2,388
156386,5-4-2,365.7
156386,6-4-2,2420
156386,1-5-4,57.5
156386,2-5-4,736.8
156386,3-5-4,69.8
156386,4-5-3,248.6
156386,5-4-3,153.1
156386,6-4-3,2420
156386,1-5-6,31.5
156386,2-5-6,643.5
156386,3-5-6,40.3
156386,4-5-6,244.4
156386,5-4-6,149.3
156386,6-4-5,1027
156386,1-6-2,354.2
156386,2-6-1,1848
156386,3-6-1,305.3
156386,4-6-1,1225
156386,5-6-1,36.7
156386,6-5-1,365.7
156386,1-6-3,284
156386,2-6-3,2033
156386,3-6-2,601.6
156386,4-6-2,1753
156386,5-6-2,97.7
156386,6-5-2,764.5
156386,1-6-4,584.3
156386,2-6-4,2420
156386,3-6-4,627.6
156386,4-6-3,1210
156386,5-6-3,54.2
156386,6-5-3,388
156386,1-6-5,167.2
156386,2-6-5,1452
156386,3-6-5,164.2
156386,4-6-5,753.1
156386,5-6-4,185.8
156386,6-5-4,854.4
156387,1-2-3,59.6
156387,2-1-3,105.6
156387,3-1-2,457.2
156387,4-1-2,46.3
156387,5-1-2,124.5
156387,6-1-2,152
156387,1-2-4,22.1
156387,2-1-4,36.4
156387,3-1-4,710.3
156387,4-1-3,192.4
156387,5-1-3,354.1
156387,6-1-3,530.3
156387,1-2-5,42.7
156387,2-1-5,52
156387,3-1-5,487
156387,4-1-5,73.7
156387,5-1-4,145.7
156387,6-1-4,170.2
156387,1-2-6,31.3
156387,2-1-6,30.1
156387,3-1-6,512.1
156387,4-1-6,59.1
156387,5-1-6,114.8
156387,6-1-5,278.8
156387,1-3-2,173.4
156387,2-3-1,148.4
156387,3-2-1,418.7
156387,4-2-1,47.4
156387,5-2-1,121.1
156387,6-2-1,190.3
156387,1-3-4,203.9
156387,2-3-4,114.8
156387,3-2-4,313.2
156387,4-2-3,96.3
156387,5-2-3,181
156387,6-2-3,275.5
156387,1-3-5,259.9
156387,2-3-5,83.3
156387,3-2-5,236.7
156387,4-2-5,31.3
156387,5-2-4,68.1
156387,6-2-4,89.9
156387,1-3-6,289.6
156387,2-3-6,76.9
156387,3-2-6,204.6
156387,4-2-6,21.2
156387,5-2-6,46.8
156387,6-2-5,122.8
156387,1-4-2,24
156387,2-4-1,38.1
156387,3-4-1,774.8
156387,4-3-1,412.9
156387,5-3-1,599.6
156387,6-3-1,817.3
156387,1-4-3,109.2
156387,2-4-3,75
156387,3-4-2,410
156387,4-3-2,249.1
156387,5-3-2,369.4
156387,6-3-2,501.4
156387,1-4-5,57.5
156387,2-4-5,27.7
156387,3-4-5,535.1
156387,4-3-5,211.2
156387,5-3-4,462.5
156387,6-3-4,499.3
156387,1-4-6,49.6
156387,2-4-6,18.5
156387,3-4-6,395.1
156387,4-3-6,192.7
156387,5-3-6,280.1
156387,6-3-5,555
156387,1-5-2,83.1
156387,2-5-1,64.4
156387,3-5-1,714.5
156387,4-5-1,115.6
156387,5-4-1,153.7
156387,6-4-1,221.8
156387,1-5-3,271.8
156387,2-5-3,87.2
156387,3-5-2,417.2
156387,4-5-2,54.7
156387,5-4-2,89.4
156387,6-4-2,101.3
156387,1-5-4,115.8
156387,2-5-4,37.6
156387,3-5-4,621.5
156387,4-5-3,210
156387,5-4-3,274.9
156387,6-4-3,407.2
156387,1-5-6,114.3
156387,2-5-6,26.5
156387,3-5-6,369.4
156387,4-5-6,48.9
156387,5-4-6,63.7
156387,6-4-5,142.9
156387,1-6-2,92.2
156387,2-6-1,64.9
156387,3-6-1,774.8
156387,4-6-1,110.6
156387,5-6-1,91.7
156387,6-5-1,187
156387,1-6-3,350.9
156387,2-6-3,89.5
156387,3-6-2,393.8
156387,4-6-2,45.2
156387,5-6-2,50.5
156387,6-5-2,114.9
156387,1-6-4,109.7
156387,2-6-4,33.3
156387,3-6-4,487
156387,4-6-3,219.3
156387,5-6-3,183.3
156387,6-5-3,337
156387,1-6-5,160.3
156387,2-6-5,39.7
156387,3-6-5,471.6
156387,4-6-5,64.6
156387,5-6-4,51.2
156387,6-5-4,109.4
156388,1-2-3,17.7
156388,2-1-3,192.6
156388,3-1-2,67.3
156388,4-1-2,166.7
156388,5-1-2,626.6
156388,6-1-2,143.4
156388,1-2-4,18
156388,2-1-4,211.7
156388,3-1-4,22.7
156388,4-1-3,88.7
156388,5-1-3,539.8
156388,6-1-3,97.5
156388,1-2-5,58.2
156388,2-1-5,396.5
156388,3-1-5,77.2
156388,4-1-5,187.6
156388,5-1-4,573.9
156388,6-1-4,125.7
156388,1-2-6,34.8
156388,2-1-6,303.7
156388,3-1-6,55.6
156388,4-1-6,120.6
156388,5-1-6,576.9
156388,6-1-5,361
156388,1-3-2,12.2
156388,2-3-1,395
156388,3-2-1,283.9
156388,4-2-1,411.4
156388,5-2-1,1380
156388,6-2-1,443.2
156388,1-3-4,5.3
156388,2-3-4,637.6
156388,3-2-4,297.9
156388,4-2-3,726.9
156388,5-2-3,1758
156388,6-2-3,681.5
156388,1-3-5,22.3
156388,2-3-5,1282
156388,3-2-5,664.9
156388,4-2-5,924.1
156388,5-2-4,1703
156388,6-2-4,826
156388,1-3-6,9.8
156388,2-3-6,1147
156388,3-2-6,478.2
156388,4-2-6,652.9
156388,5-2-6,1787
156388,6-2-5,1267
156388,1-4-2,18.3
156388,2-4-1,437.9
156388,3-4-1,57.2
156388,4-3-1,146.7
156388,5-3-1,586.2
156388,6-3-1,200.8
156388,1-4-3,8.1
156388,2-4-3,752
156388,3-4-2,176.4
156388,4-3-2,495.6
156388,5-3-2,1239
156388,6-3-2,511.9
156388,1-4-5,35
156388,2-4-5,916.3
156388,3-4-5,97.4
156388,4-3-5,248.3
156388,5-3-4,1580
156388,6-3-4,338.6
156388,1-4-6,15
156388,2-4-6,940
156388,3-4-6,120.4
156388,4-3-6,245.5
156388,5-3-6,1453
156388,6-3-5,757.2
156388,1-5-2,147.9
156388,2-5-1,1282
156388,3-5-1,263.3
156388,4-5-1,354
156388,5-4-1,784.4
156388,6-4-1,289.2
156388,1-5-3,93.4
156388,2-5-3,2057
156388,3-5-2,605.8
156388,4-5-2,886.5
156388,5-4-2,1282
156388,6-4-2,813.7
156388,1-5-4,110.1
156388,2-5-4,1730
156388,3-5-4,307.1
156388,4-5-3,570.9
156388,5-4-3,1677
156388,6-4-3,452.4
156388,1-5-6,129.8
156388,2-5-6,1848
156388,3-5-6,476.1
156388,4-5-6,466
156388,5-4-6,1069
156388,6-4-5,752
156388,1-6-2,49.6
156388,2-6-1,1028
156388,3-6-1,139.6
156388,4-6-1,215.9
156388,5-6-1,1473
156388,6-5-1,908.7
156388,1-6-3,24.8
156388,2-6-3,1346
156388,3-6-2,368.3
156388,4-6-2,377.3
156388,5-6-2,2423
156388,6-5-2,1535
156388,1-6-4,29.3
156388,2-6-4,1453
156388,3-6-4,239.1
156388,4-6-3,402.3
156388,5-6-3,1880
156388,6-5-3,1398
156388,1-6-5,117.1
156388,2-6-5,1346
156388,3-6-5,488.9
156388,4-6-5,562
156388,5-6-4,1677
156388,6-5-4,1185
156389,1-2-3,6.5
156389,2-1-3,42.4
156389,3-1-2,115.4
156389,4-1-2,55
156389,5-1-2,552.2
156389,6-1-2,227.1
156389,1-2-4,5.1
156389,2-1-4,22.7
156389,3-1-4,114
156389,4-1-3,196.7
156389,5-1-3,957.8
156389,6-1-3,232.9
156389,1-2-5,40.9
156389,2-1-5,94.1
156389,3-1-5,320.7
156389,4-1-5,140.9
156389,5-1-4,698.8
156389,6-1-4,227.1
156389,1-2-6,15.1
156389,2-1-6,57.9
156389,3-1-6,199
156389,4-1-6,102.1
156389,5-1-6,756.7
156389,6-1-5,539.2
156389,1-3-2,10
156389,2-3-1,150.3
156389,3-2-1,225.2
156389,4-2-1,70.2
156389,5-2-1,728.5
156389,6-2-1,432
156389,1-3-4,13.1
156389,2-3-4,208.1
156389,3-2-4,348.5
156389,4-2-3,245.4
156389,5-2-3,1592
156389,6-2-3,1029
156389,1-3-5,48.3
156389,2-3-5,432
156389,3-2-5,787.1
156389,4-2-5,210.3
156389,5-2-4,992.5
156389,6-2-4,395.8
156389,1-3-6,23.3
156389,2-3-6,366.2
156389,3-2-6,585.3
156389,4-2-6,118.4
156389,5-2-6,1014
156389,6-2-5,1317
156389,1-4-2,11.3
156389,2-4-1,48.8
156389,3-4-1,336.5
156389,4-3-1,494.4
156389,5-3-1,1592
156389,6-3-1,740.3
156389,1-4-3,24.1
156389,2-4-3,162
156389,3-4-2,563.6
156389,4-3-2,658.5
156389,5-3-2,2140
156389,6-3-2,1369
156389,1-4-5,73.5
156389,2-4-5,170.9
156389,3-4-5,1113
156389,4-3-5,895.2
156389,5-3-4,2795
156389,6-3-4,1113
156389,1-4-6,33.5
156389,2-4-6,94.7
156389,3-4-6,744.3
156389,4-3-6,840.2
156389,5-3-6,2014
156389,6-3-5,2107
156389,1-5-2,106.4
156389,2-5-1,296.4
156389,3-5-1,1113
156389,4-5-1,208.1
156389,5-4-1,760.9
156389,6-4-1,402.8
156389,1-5-3,145.2
156389,2-5-3,684.8
156389,3-5-2,1383
156389,4-5-2,247.2
156389,5-4-2,778.2
156389,6-4-2,415
156389,1-5-4,161.1
156389,2-5-4,469
156389,3-5-4,1850
156389,4-5-3,512.9
156389,5-4-3,1733
156389,6-4-3,830.1
156389,1-5-6,178.5
156389,2-5-6,398.1
156389,3-5-6,1457
156389,4-5-6,218.1
156389,5-4-6,681.4
156389,6-4-5,1180
156389,1-6-2,47.9
156389,2-6-1,235.7
156389,3-6-1,671.4
156389,4-6-1,199.9
156389,5-6-1,1342
156389,6-5-1,1222
156389,1-6-3,40.7
156389,2-6-3,805.6
156389,3-6-2,1472
156389,4-6-2,179.7
156389,5-6-2,1369
156389,6-5-2,1850
156389,1-6-4,50.8
156389,2-6-4,241.5
156389,3-6-4,1053
156389,4-6-3,590.3
156389,5-6-3,1850
156389,6-5-3,2445
156389,1-6-5,155.2
156389,2-6-5,550
156389,3-6-5,1985
156389,4-6-5,323
156389,5-6-4,1212
156389,6-5-4,1712
156390,1-2-3,7
156390,2-1-3,38.7
156390,3-1-2,75.4
156390,4-1-2,54.9
156390,5-1-2,201.5
156390,6-1-2,260.1
156390,1-2-4,9.6
156390,2-1-4,39.2
156390,3-1-4,82.5
156390,4-1-3,101.6
156390,5-1-3,331.4
156390,6-1-3,430.7
156390,1-2-5,20.3
156390,2-1-5,79
156390,3-1-5,164.8
156390,4-1-5,65.2
156390,5-1-4,230.6
156390,6-1-4,334.6
156390,1-2-6,17.1
156390,2-1-6,75.4
156390,3-1-6,140.9
156390,4-1-6,60.7
156390,5-1-6,278.6
156390,6-1-5,695.6
156390,1-3-2,10.9
156390,2-3-1,111.8
156390,3-2-1,137.1
156390,4-2-1,90.9
156390,5-2-1,319.9
156390,6-2-1,437.8
156390,1-3-4,13.6
156390,2-3-4,135.4
156390,3-2-4,175.9
156390,4-2-3,242.5
156390,5-2-3,618.3
156390,6-2-3,614.7
156390,1-3-5,29.8
156390,2-3-5,238.4
156390,3-2-5,314.6
156390,4-2-5,197.4
156390,5-2-4,461.7
156390,6-2-4,582.5
156390,1-3-6,27.5
156390,2-3-6,199.6
156390,3-2-6,281.5
156390,4-2-6,161.5
156390,5-2-6,462.7
156390,6-2-5,1011
156390,1-4-2,17.9
156390,2-4-1,109.6
156390,3-4-1,160.4
156390,4-3-1,189.1
156390,5-3-1,667.1
156390,6-3-1,693.3
156390,1-4-3,27.6
156390,2-4-3,184.8
156390,3-4-2,251.4
156390,4-3-2,302.9
156390,5-3-2,877.5
156390,6-3-2,899.9
156390,1-4-5,35
156390,2-4-5,247
156390,3-4-5,440.5
156390,4-3-5,444.2
156390,5-3-4,1002
156390,6-3-4,835.8
156390,1-4-6,29.6
156390,2-4-6,187.4
156390,3-4-6,244.2
156390,4-3-6,268.3
156390,5-3-6,965.6
156390,6-3-5,1438
156390,1-5-2,51
156390,2-5-1,231.1
156390,3-5-1,487.2
156390,4-5-1,72.1
156390,5-4-1,230.3
156390,6-4-1,352.4
156390,1-5-3,74.2
156390,2-5-3,455.7
156390,3-5-2,654.7
156390,4-5-2,139.3
156390,5-4-2,343.8
156390,6-4-2,543.6
156390,1-5-4,88.9
156390,2-5-4,400.5
156390,3-5-4,707.2
156390,4-5-3,227.6
156390,5-4-3,605.9
156390,6-4-3,716.8
156390,1-5-6,96.6
156390,2-5-6,432.4
156390,3-5-6,669.2
156390,4-5-6,83.5
156390,5-4-6,218
156390,6-4-5,492.9
156390,1-6-2,52
156390,2-6-1,277.1
156390,3-6-1,449.9
156390,4-6-1,98.3
156390,5-6-1,445.2
156390,6-5-1,760.7
156390,1-6-3,88.7
156390,2-6-3,363.9
156390,3-6-2,648.7
156390,4-6-2,162.1
156390,5-6-2,571.5
156390,6-5-2,1031
156390,1-6-4,77.2
156390,2-6-4,342.7
156390,3-6-4,568.4
156390,4-6-3,241.1
156390,5-6-3,829.3
156390,6-5-3,1215
156390,1-6-5,149.1
156390,2-6-5,599
156390,3-6-5,907.6
156390,4-6-5,138.4
156390,5-6-4,402.8
156390,6-5-4,597.3
156391,1-2-3,15.3
156391,2-1-3,46.7
156391,3-1-2,63.6
156391,4-1-2,97.4
156391,5-1-2,172.7
156391,6-1-2,1160
156391,1-2-4,17.5
156391,2-1-4,50.9
156391,3-1-4,32.6
156391,4-1-3,84.7
156391,5-1-3,107.7
156391,6-1-3,1321
156391,1-2-5,30.4
156391,2-1-5,61.4
156391,3-1-5,33.1
156391,4-1-5,73.6
156391,5-1-4,131
156391,6-1-4,1626
156391,1-2-6,54.1
156391,2-1-6,102
156391,3-1-6,84.3
156391,4-1-6,142.4
156391,5-1-6,182.9
156391,6-1-5,1550
156391,1-3-2,14.7
156391,2-3-1,93
156391,3-2-1,118.4
156391,4-2-1,152.9
156391,5-2-1,372.4
156391,6-2-1,1883
156391,1-3-4,9.8
156391,2-3-4,84.3
156391,3-2-4,78.9
156391,4-2-3,212.2
156391,5-2-3,432.9
156391,6-2-3,2684
156391,1-3-5,11.4
156391,2-3-5,98.2
156391,3-2-5,78.8
156391,4-2-5,205.5
156391,5-2-4,592.3
156391,6-2-4,2202
156391,1-3-6,40.6
156391,2-3-6,171.3
156391,3-2-6,137.8
156391,4-2-6,274.4
156391,5-2-6,566.5
156391,6-2-5,2412
156391,1-4-2,20.6
156391,2-4-1,121.4
156391,3-4-1,65.3
156391,4-3-1,135.7
156391,5-3-1,153.3
156391,6-3-1,1767
156391,1-4-3,16.1
156391,2-4-3,120.5
156391,3-4-2,102
156391,4-3-2,210.5
156391,5-3-2,320.2
156391,6-3-2,2587
156391,1-4-5,21
156391,2-4-5,169.3
156391,3-4-5,67.5
156391,4-3-5,140
156391,5-3-4,223.9
156391,6-3-4,2084
156391,1-4-6,54.2
156391,2-4-6,228.4
156391,3-4-6,136
156391,4-3-6,223.2
156391,5-3-6,320.9
156391,6-3-5,2511
156391,1-5-2,46.3
156391,2-5-1,186.1
156391,3-5-1,73.5
156391,4-5-1,111.2
156391,5-4-1,195.9
156391,6-4-1,2064
156391,1-5-3,27.9
156391,2-5-3,185.8
156391,3-5-2,117.5
156391,4-5-2,231
156391,5-4-2,484.7
156391,6-4-2,2309
156391,1-5-4,37.6
156391,2-5-4,242.5
156391,3-5-4,92.6
156391,4-5-3,174.1
156391,5-4-3,304.8
156391,6-4-3,2334
156391,1-5-6,71.3
156391,2-5-6,284.8
156391,3-5-6,140.3
156391,4-5-6,176.3
156391,5-4-6,334.7
156391,6-4-5,1961
156391,1-6-2,221
156391,2-6-1,515.5
156391,3-6-1,427.7
156391,4-6-1,404.7
156391,5-6-1,532.8
156391,6-5-1,2016
156391,1-6-3,174.3
156391,2-6-3,619.7
156391,3-6-2,571.1
156391,4-6-2,598.1
156391,5-6-2,931.6
156391,6-5-2,2571
156391,1-6-4,184.8
156391,2-6-4,720.6
156391,3-6-4,527.6
156391,4-6-3,555.6
156391,5-6-3,713.4
156391,6-5-3,1917
156391,1-6-5,208.5
156391,2-6-5,702.9
156391,3-6-5,500.5
156391,4-6-5,399.8
156391,5-6-4,731.6
156391,6-5-4,1851
156392,1-2-3,6.3
156392,2-1-3,11.7
156392,3-1-2,42
156392,4-1-2,103.1
156392,5-1-2,458.5
156392,6-1-2,816
156392,1-2-4,8.4
156392,2-1-4,15.2
156392,3-1-4,55
156392,4-1-3,147.3
156392,5-1-3,530.3
156392,6-1-3,1365
156392,1-2-5,25.4
156392,2-1-5,45.1
156392,3-1-5,109.3
156392,4-1-5,205.4
156392,5-1-4,731.2
156392,6-1-4,1701
156392,1-2-6,34.4
156392,2-1-6,51
156392,3-1-6,162.5
156392,4-1-6,213.7
156392,5-1-6,620.1
156392,6-1-5,2377
156392,1-3-2,11.2
156392,2-3-1,29.7
156392,3-2-1,49.9
156392,4-2-1,113.1
156392,5-2-1,617.9
156392,6-2-1,1008
156392,1-3-4,17
156392,2-3-4,43.6
156392,3-2-4,39.7
156392,4-2-3,155.2
156392,5-2-3,681.2
156392,6-2-3,1920
156392,1-3-5,34.3
156392,2-3-5,96.6
156392,3-2-5,83.2
156392,4-2-5,278.7
156392,5-2-4,927.7
156392,6-2-4,1354
156392,1-3-6,57.7
156392,2-3-6,123.9
156392,3-2-6,112.6
156392,4-2-6,293.3
156392,5-2-6,1101
156392,6-2-5,2393
156392,1-4-2,21.5
156392,2-4-1,50
156392,3-4-1,71.1
156392,4-3-1,223.1
156392,5-3-1,609.5
156392,6-3-1,1930
156392,1-4-3,29.5
156392,2-4-3,73.4
156392,3-4-2,59.7
156392,4-3-2,190.1
156392,5-3-2,695.8
156392,6-3-2,2040
156392,1-4-5,69.7
156392,2-4-5,168.3
156392,3-4-5,115.7
156392,4-3-5,342.5
156392,5-3-4,1136
156392,6-3-4,2895
156392,1-4-6,66.9
156392,2-4-6,146.3
156392,3-4-6,138.6
156392,4-3-6,389.4
156392,5-3-6,1282
156392,6-3-5,4274
156392,1-5-2,80.5
156392,2-5-1,234.2
156392,3-5-1,184.6
156392,4-5-1,452.1
156392,5-4-1,1002
156392,6-4-1,2459
156392,1-5-3,106.4
156392,2-5-3,282.7
156392,3-5-2,161.2
156392,4-5-2,475.5
156392,5-4-2,1040
156392,6-4-2,1662
156392,1-5-4,165.6
156392,2-5-4,393.2
156392,3-5-4,217.3
156392,4-5-3,539.9
156392,5-4-3,1483
156392,6-4-3,3485
156392,1-5-6,216.6
156392,2-5-6,492.5
156392,3-5-6,308.7
156392,4-5-6,637.7
156392,5-4-6,1436
156392,6-4-5,3387
156392,1-6-2,194.7
156392,2-6-1,277.8
156392,3-6-1,610.6
156392,4-6-1,640
156392,5-6-1,1639
156392,6-5-1,3485
156392,1-6-3,293.8
156392,2-6-3,462.6
156392,3-6-2,559.2
156392,4-6-2,603.4
156392,5-6-2,1693
156392,6-5-2,3234
156392,1-6-4,270.5
156392,2-6-4,442.1
156392,3-6-4,785.6
156392,4-6-3,978.3
156392,5-6-3,2640
156392,6-5-3,4224
156392,1-6-5,456.7
156392,2-6-5,701.2
156392,3-6-5,1011
156392,4-6-5,935
156392,5-6-4,2409
156392,6-5-4,3626
156393,1-2-3,10.6
156393,2-1-3,24.8
156393,3-1-2,29.8
156393,4-1-2,154.9
156393,5-1-2,633.7
156393,6-1-2,141.2
156393,1-2-4,22.5
156393,2-1-4,47.5
156393,3-1-4,39.9
156393,4-1-3,177.7
156393,5-1-3,599.8
156393,6-1-3,141.6
156393,1-2-5,66.8
156393,2-1-5,139.8
156393,3-1-5,101.6
156393,4-1-5,284.3
156393,5-1-4,892
156393,6-1-4,265.5
156393,1-2-6,18.9
156393,2-1-6,34.9
156393,3-1-6,28.7
156393,4-1-6,137.8
156393,5-1-6,690.3
156393,6-1-5,549.2
156393,1-3-2,11
156393,2-3-1,43.3
156393,3-2-1,48.1
156393,4-2-1,177.2
156393,5-2-1,814.3
156393,6-2-1,213.9
156393,1-3-4,15.8
156393,2-3-4,53.9
156393,3-2-4,51.1
156393,4-2-3,203.8
156393,5-2-3,849.8
156393,6-2-3,171.7
156393,1-3-5,47
156393,2-3-5,165.5
156393,3-2-5,146.7
156393,4-2-5,349.7
156393,5-2-4,1363
156393,6-2-4,326.8
156393,1-3-6,14.2
156393,2-3-6,35.2
156393,3-2-6,32.4
156393,4-2-6,142.9
156393,5-2-6,902.8
156393,6-2-5,719.1
156393,1-4-2,41.9
156393,2-4-1,124.4
156393,3-4-1,80.1
156393,4-3-1,223.4
156393,5-3-1,757.9
156393,6-3-1,196.8
156393,1-4-3,40.4
156393,2-4-3,107.8
156393,3-4-2,76.9
156393,4-3-2,232.3
156393,5-3-2,834
156393,6-3-2,163.5
156393,1-4-5,111.2
156393,2-4-5,304
156393,3-4-5,180.3
156393,4-3-5,457.4
156393,5-3-4,1019
156393,6-3-4,315.1
156393,1-4-6,42.2
156393,2-4-6,97.3
156393,3-4-6,54
156393,4-3-6,171.4
156393,5-3-6,897.4
156393,6-3-5,772.3
156393,1-5-2,177
156393,2-5-1,393.9
156393,3-5-1,275.1
156393,4-5-1,360.9
156393,5-4-1,881.5
156393,6-4-1,441.6
156393,1-5-3,160.6
156393,2-5-3,439.4
156393,3-5-2,287.4
156393,4-5-2,427.7
156393,5-4-2,1053
156393,6-4-2,380.9
156393,1-5-4,263.1
156393,2-5-4,598.2
156393,3-5-4,321.6
156393,4-5-3,585
156393,5-4-3,1420
156393,6-4-3,418.9
156393,1-5-6,176
156393,2-5-6,390.8
156393,3-5-6,212.7
156393,4-5-6,277.5
156393,5-4-6,744.1
156393,6-4-5,751.6
156393,1-6-2,45.3
156393,2-6-1,107.9
156393,3-6-1,69.3
156393,4-6-1,191.5
156393,5-6-1,938.7
156393,6-5-1,934.8
156393,1-6-3,38.8
156393,2-6-3,85.8
156393,3-6-2,61.1
156393,4-6-2,178.2
156393,5-6-2,960.8
156393,6-5-2,984
156393,1-6-4,66.3
156393,2-6-4,145.3
156393,3-6-4,85.7
156393,4-6-3,209.8
156393,5-6-3,1222
156393,6-5-3,1133
156393,1-6-5,167.4
156393,2-6-5,343
156393,3-6-5,225.9
156393,4-6-5,305.4
156393,5-6-4,1043
156393,6-5-4,960.8
156394,1-2-3,10.5
156394,2-1-3,15.8
156394,3-1-2,50.9
156394,4-1-2,249.4
156394,5-1-2,88.6
156394,6-1-2,544.1
156394,1-2-4,19
156394,2-1-4,28.1
156394,3-1-4,59.9
156394,4-1-3,423.8
156394,5-1-3,131.7
156394,6-1-3,890.8
156394,1-2-5,11.3
156394,2-1-5,19.1
156394,3-1-5,41.1
156394,4-1-5,246.4
156394,5-1-4,219.2
156394,6-1-4,1451
156394,1-2-6,31.1
156394,2-1-6,40.7
156394,3-1-6,75.8
156394,4-1-6,418.4
156394,5-1-6,114.7
156394,6-1-5,575.6
156394,1-3-2,15.9
156394,2-3-1,43.7
156394,3-2-1,70.7
156394,4-2-1,249.9
156394,5-2-1,146
156394,6-2-1,705.5
156394,1-3-4,24.8
156394,2-3-4,76.6
156394,3-2-4,109.3
156394,4-2-3,451.1
156394,5-2-3,220.9
156394,6-2-3,1242
156394,1-3-5,15.8
156394,2-3-5,50.5
156394,3-2-5,80.3
156394,4-2-5,234
156394,5-2-4,347.6
156394,6-2-4,1506
156394,1-3-6,41.6
156394,2-3-6,99
156394,3-2-6,148.9
156394,4-2-6,413.5
156394,5-2-6,194.7
156394,6-2-5,643.3
156394,1-4-2,38.3
156394,2-4-1,101.1
156394,3-4-1,185.7
156394,4-3-1,661.9
156394,5-3-1,276.9
156394,6-3-1,1334
156394,1-4-3,51.7
156394,2-4-3,147.3
156394,3-4-2,243.7
156394,4-3-2,648.9
156394,5-3-2,316.4
156394,6-3-2,1701
156394,1-4-5,45.8
156394,2-4-5,116.7
156394,3-4-5,285.1
156394,4-3-5,691.5
156394,5-3-4,747.6
156394,6-3-4,2180
156394,1-4-6,78.9
156394,2-4-6,197.6
156394,3-4-6,373.8
156394,4-3-6,962.6
156394,5-3-6,430.1
156394,6-3-5,1612
156394,1-5-2,23.1
156394,2-5-1,59.9
156394,3-5-1,95.9
156394,4-5-1,264.2
156394,5-4-1,418.4
156394,6-4-1,2227
156394,1-5-3,30.8
156394,2-5-3,87.1
156394,3-5-2,158.6
156394,4-5-2,296.1
156394,5-4-2,441.3
156394,6-4-2,2037
156394,1-5-4,58.4
156394,2-5-4,139.9
156394,3-5-4,316
156394,4-5-3,529.3
156394,5-4-3,771.8
156394,6-4-3,2539
156394,1-5-6,39.9
156394,2-5-6,92.7
156394,3-5-6,230
156394,4-5-6,288.3
156394,5-4-6,404
156394,6-4-5,1236
156394,1-6-2,115
156394,2-6-1,218.7
156394,3-6-1,324
156394,4-6-1,925.3
156394,5-6-1,223.6
156394,6-5-1,575
156394,1-6-3,147.7
156394,2-6-3,376.2
156394,3-6-2,575
156394,4-6-2,798.8
156394,5-6-2,241.6
156394,6-5-2,556.7
156394,1-6-4,176.7
156394,2-6-4,512.7
156394,3-6-4,909.3
156394,4-6-3,1254
156394,5-6-3,430.1
156394,6-5-3,1090
156394,1-6-5,103.7
156394,2-6-5,218.4
156394,3-6-5,536.3
156394,4-6-5,558.5
156394,5-6-4,450
156394,6-5-4,920.5
156395,1-2-3,20.6
156395,2-1-3,115.2
156395,3-1-2,133.6
156395,4-1-2,52.9
156395,5-1-2,81.5
156395,6-1-2,1217
156395,1-2-4,16.6
156395,2-1-4,88.2
156395,3-1-4,46.8
156395,4-1-3,48.1
156395,5-1-3,99.1
156395,6-1-3,1311
156395,1-2-5,24.1
156395,2-1-5,109.9
156395,3-1-5,76.8
156395,4-1-5,29.4
156395,5-1-4,51.3
156395,6-1-4,1097
156395,1-2-6,83.8
156395,2-1-6,283.3
156395,3-1-6,251.3
156395,4-1-6,70.7
156395,5-1-6,82.8
156395,6-1-5,1169
156395,1-3-2,21.8
156395,2-3-1,255.7
156395,3-2-1,271.6
156395,4-2-1,108.9
156395,5-2-1,183
156395,6-2-1,1850
156395,1-3-4,12.3
156395,2-3-4,277
156395,3-2-4,228.1
156395,4-2-3,205.9
156395,5-2-3,443.2
156395,6-2-3,2542
156395,1-3-5,15.7
156395,2-3-5,352.2
156395,3-2-5,280.2
156395,4-2-5,113
156395,5-2-4,253.4
156395,6-2-4,1969
156395,1-3-6,70.2
156395,2-3-6,768.6
156395,3-2-6,743.4
156395,4-2-6,202.3
156395,5-2-6,310.3
156395,6-2-5,2211
156395,1-4-2,18.1
156395,2-4-1,197.1
156395,3-4-1,72.7
156395,4-3-1,85.8
156395,5-3-1,213.5
156395,6-3-1,2062
156395,1-4-3,14.1
156395,2-4-3,358.8
156395,3-4-2,162.7
156395,4-3-2,187
156395,5-3-2,466.2
156395,6-3-2,2698
156395,1-4-5,13.5
156395,2-4-5,308
156395,3-4-5,70
156395,4-3-5,70.4
156395,5-3-4,225.7
156395,6-3-4,1884
156395,1-4-6,51.6
156395,2-4-6,685.2
156395,3-4-6,179.2
156395,4-3-6,160
156395,5-3-6,418.7
156395,6-3-5,1963
156395,1-5-2,31.6
156395,2-5-1,304.1
156395,3-5-1,149.3
156395,4-5-1,33.6
156395,5-4-1,48.2
156395,6-4-1,1196
156395,1-5-3,28.7
156395,2-5-3,587.3
156395,3-5-2,303.7
156395,4-5-2,65.2
156395,5-4-2,98.3
156395,6-4-2,1701
156395,1-5-4,24.6
156395,2-5-4,466.2
156395,3-5-4,127.9
156395,4-5-3,68
156395,5-4-3,126.6
156395,6-4-3,1706
156395,1-5-6,59.6
156395,2-5-6,614.4
156395,3-5-6,317.5
156395,4-5-6,46.9
156395,5-4-6,72.8
156395,6-4-5,904.9
156395,1-6-2,263.6
156395,2-6-1,1297
156395,3-6-1,1019
156395,4-6-1,165.8
156395,5-6-1,223.6
156395,6-5-1,1314
156395,1-6-3,288.2
156395,2-6-3,2021
156395,3-6-2,1683
156395,4-6-2,258.1
156395,5-6-2,351.4
156395,6-5-2,1976
156395,1-6-4,182.7
156395,2-6-4,1554
156395,3-6-4,958.7
156395,4-6-3,328.1
156395,5-6-3,493.2
156395,6-5-3,1920
156395,1-6-5,181.7
156395,2-6-5,1346
156395,3-6-5,1084
156395,4-6-5,138.7
156395,5-6-4,269.4
156395,6-5-4,884
156396,1-2-3,8.2
156396,2-1-3,21.7
156396,3-1-2,42.9
156396,4-1-2,167.8
156396,5-1-2,159.6
156396,6-1-2,314.3
156396,1-2-4,17
156396,2-1-4,42
156396,3-1-4,80.4
156396,4-1-3,243.4
156396,5-1-3,200.2
156396,6-1-3,509.7
156396,1-2-5,13.2
156396,2-1-5,33.9
156396,3-1-5,69.6
156396,4-1-5,194.5
156396,5-1-4,345.1
156396,6-1-4,681.5
156396,1-2-6,17.7
156396,2-1-6,35.4
156396,3-1-6,82.2
156396,4-1-6,184.3
156396,5-1-6,188.1
156396,6-1-5,627.2
156396,1-3-2,11
156396,2-3-1,42.4
156396,3-2-1,58.6
156396,4-2-1,212.1
156396,5-2-1,255.6
156396,6-2-1,386.5
156396,1-3-4,25.1
156396,2-3-4,89.2
156396,3-2-4,94
156396,4-2-3,273.6
156396,5-2-3,382.9
156396,6-2-3,576.8
156396,1-3-5,16.7
156396,2-3-5,72.9
156396,3-2-5,89.9
156396,4-2-5,283
156396,5-2-4,665.6
156396,6-2-4,714.3
156396,1-3-6,24.8
156396,2-3-6,70.8
156396,3-2-6,95.8
156396,4-2-6,215.3
156396,5-2-6,373.7
156396,6-2-5,816.1
156396,1-4-2,39.1
156396,2-4-1,106.2
156396,3-4-1,178.1
156396,4-3-1,352.3
156396,5-3-1,340.6
156396,6-3-1,781.9
156396,1-4-3,53.3
156396,2-4-3,151.7
156396,3-4-2,159.6
156396,4-3-2,344.7
156396,5-3-2,481.5
156396,6-3-2,784.8
156396,1-4-5,63.7
156396,2-4-5,202.5
156396,3-4-5,215.4
156396,4-3-5,435
156396,5-3-4,809.1
156396,6-3-4,1340
156396,1-4-6,62.6
156396,2-4-6,154.5
156396,3-4-6,226.2
156396,4-3-6,420.4
156396,5-3-6,562.8
156396,6-3-5,1435
156396,1-5-2,31.7
156396,2-5-1,111.5
156396,3-5-1,172.6
156396,4-5-1,225.4
156396,5-4-1,429.2
156396,6-4-1,899.3
156396,1-5-3,38.4
156396,2-5-3,157.2
156396,3-5-2,178.6
156396,4-5-2,289.5
156396,5-4-2,529.1
156396,6-4-2,793.3
156396,1-5-4,82.8
156396,2-5-4,294.9
156396,3-5-4,325.5
156396,4-5-3,428.7
156396,5-4-3,742.8
156396,6-4-3,1419
156396,1-5-6,48.9
156396,2-5-6,160.3
156396,3-5-6,229.9
156396,4-5-6,199.2
156396,5-4-6,390.9
156396,6-4-5,1157
156396,1-6-2,70.1
156396,2-6-1,125.8
156396,3-6-1,262.2
156396,4-6-1,274
156396,5-6-1,350.6
156396,6-5-1,705.8
156396,1-6-3,100.4
156396,2-6-3,182.5
156396,3-6-2,237.6
156396,4-6-2,289.9
156396,5-6-2,466.7
156396,6-5-2,909.4
156396,1-6-4,150.7
156396,2-6-4,277.7
156396,3-6-4,507.7
156396,4-6-3,478.3
156396,5-6-3,635.1
156396,6-5-3,1195
156396,1-6-5,106.1
156396,2-6-5,223.6
156396,3-6-5,409.1
156396,4-6-5,302.9
156396,5-6-4,623
156396,6-5-4,1135
156397,1-2-3,12
156397,2-1-3,40.3
156397,3-1-2,47.2
156397,4-1-2,72.2
156397,5-1-2,93.5
156397,6-1-2,1040
156397,1-2-4,16.2
156397,2-1-4,50.1
156397,3-1-4,45.5
156397,4-1-3,98.3
156397,5-1-3,82.7
156397,6-1-3,1115
156397,1-2-5,17.2
156397,2-1-5,48.6
156397,3-1-5,45.3
156397,4-1-5,62.9
156397,5-1-4,133
156397,6-1-4,1834
156397,1-2-6,90.6
156397,2-1-6,196.9
156397,3-1-6,186.7
156397,4-1-6,155
156397,5-1-6,189.7
156397,6-1-5,1251
156397,1-3-2,13.2
156397,2-3-1,70.6
156397,3-2-1,70.8
156397,4-2-1,115.7
156397,5-2-1,145.5
156397,6-2-1,1629
156397,1-3-4,14.8
156397,2-3-4,68.3
156397,3-2-4,50.4
156397,4-2-3,103.6
156397,5-2-3,149.5
156397,6-2-3,2190
156397,1-3-5,14.2
156397,2-3-5,72.1
156397,3-2-5,72.1
156397,4-2-5,119.9
156397,5-2-4,232.7
156397,6-2-4,2113
156397,1-3-6,75.1
156397,2-3-6,254.5
156397,3-2-6,214.6
156397,4-2-6,256.6
156397,5-2-6,309.3
156397,6-2-5,2166
156397,1-4-2,24.7
156397,2-4-1,102
156397,3-4-1,87.5
156397,4-3-1,146.2
156397,5-3-1,142.1
156397,6-3-1,1795
156397,1-4-3,22.8
156397,2-4-3,96.8
156397,3-4-2,64
156397,4-3-2,108.7
156397,5-3-2,169.3
156397,6-3-2,2231
156397,1-4-5,31.4
156397,2-4-5,148.8
156397,3-4-5,79.9
156397,4-3-5,116.5
156397,5-3-4,260.2
156397,6-3-4,2657
156397,1-4-6,82
156397,2-4-6,369.8
156397,3-4-6,178.7
156397,4-3-6,248.1
156397,5-3-6,360.9
156397,6-3-5,2113
156397,1-5-2,32.9
156397,2-5-1,113.6
156397,3-5-1,74.8
156397,4-5-1,70.9
156397,5-4-1,153.8
156397,6-4-1,2190
156397,1-5-3,29.8
156397,2-5-3,114.9
156397,3-5-2,98.8
156397,4-5-2,97.3
156397,5-4-2,196.6
156397,6-4-2,2166
156397,1-5-4,50.5
156397,2-5-4,191
156397,3-5-4,141.3
156397,4-5-3,121.9
156397,5-4-3,232.7
156397,6-4-3,2681
156397,1-5-6,96.2
156397,2-5-6,338.4
156397,3-5-6,241.8
156397,4-5-6,115
156397,5-4-6,242.4
156397,6-4-5,1616
156397,1-6-2,321.6
156397,2-6-1,802.7
156397,3-6-1,592.6
156397,4-6-1,329.1
156397,5-6-1,422.6
156397,6-5-1,1748
156397,1-6-3,314.9
156397,2-6-3,1193
156397,3-6-2,662.2
156397,4-6-2,397.6
156397,5-6-2,554.2
156397,6-5-2,1892
156397,1-6-4,272.8
156397,2-6-4,1117
156397,3-6-4,629.5
156397,4-6-3,499.6
156397,5-6-3,591.5
156397,6-5-3,1916
156397,1-6-5,314
156397,2-6-5,810.3
156397,3-6-5,668.9
156397,4-6-5,298.7
156397,5-6-4,566.3
156397,6-5-4,1455
156398,1-2-3,8.1
156398,2-1-3,13.7
156398,3-1-2,36
156398,4-1-2,355
156398,5-1-2,149.3
156398,6-1-2,89.2
156398,1-2-4,35.4
156398,2-1-4,62.1
156398,3-1-4,180.3
156398,4-1-3,627.9
156398,5-1-3,227.2
156398,6-1-3,198
156398,1-2-5,15.5
156398,2-1-5,24.8
156398,3-1-5,82.6
156398,4-1-5,488.9
156398,5-1-4,540.3
156398,6-1-4,389.1
156398,1-2-6,10.3
156398,2-1-6,16
156398,3-1-6,57.7
156398,4-1-6,350.8
156398,5-1-6,146.1
156398,6-1-5,249.2
156398,1-3-2,12.8
156398,2-3-1,40.2
156398,3-2-1,60
156398,4-2-1,422.7
156398,5-2-1,209.3
156398,6-2-1,107.7
156398,1-3-4,60.5
156398,2-3-4,186.7
156398,3-2-4,280.1
156398,4-2-3,776.3
156398,5-2-3,390.8
156398,6-2-3,213.5
156398,1-3-5,29.5
156398,2-3-5,85.3
156398,3-2-5,129.6
156398,4-2-5,691.6
156398,5-2-4,984.7
156398,6-2-4,407
156398,1-3-6,22.5
156398,2-3-6,45.2
156398,3-2-6,84.1
156398,4-2-6,440.8
156398,5-2-6,228.3
156398,6-2-5,254.7
156398,1-4-2,86.2
156398,2-4-1,207.4
156398,3-4-1,465
156398,4-3-1,981.6
156398,5-3-1,461.2
156398,6-3-1,379.2
156398,1-4-3,123.8
156398,2-4-3,403.4
156398,3-4-2,551.7
156398,4-3-2,1015
156398,5-3-2,570.7
156398,6-3-2,333.8
156398,1-4-5,127.8
156398,2-4-5,390.3
156398,3-4-5,501.4
156398,4-3-5,1329
156398,5-3-4,1372
156398,6-3-4,939
156398,1-4-6,86.4
156398,2-4-6,172.8
156398,3-4-6,433.8
156398,4-3-6,975.5
156398,5-3-6,549.7
156398,6-3-5,765
156398,1-5-2,34.3
156398,2-5-1,74.3
156398,3-5-1,205
156398,4-5-1,711.2
156398,5-4-1,1087
156398,6-4-1,703.2
156398,1-5-3,53.9
156398,2-5-3,161.7
156398,3-5-2,204.7
156398,4-5-2,954.7
156398,5-4-2,1448
156398,6-4-2,613.7
156398,1-5-4,146.8
156398,2-5-4,406
156398,3-5-4,513.3
156398,4-5-3,1306
156398,5-4-3,1797
156398,6-4-3,1153
156398,1-5-6,41.2
156398,2-5-6,78.8
156398,3-5-6,216.2
156398,4-5-6,634.9
156398,5-4-6,990.9
156398,6-4-5,949
156398,1-6-2,29.1
156398,2-6-1,41.2
156398,3-6-1,161.3
156398,4-6-1,488.9
156398,5-6-1,279.9
156398,6-5-1,369.4
156398,1-6-3,54
156398,2-6-3,74.4
156398,3-6-2,158.2
156398,4-6-2,485.5
156398,5-6-2,290.6
156398,6-5-2,370
156398,1-6-4,124.5
156398,2-6-4,172.4
156398,3-6-4,541.7
156398,4-6-3,977.1
156398,5-6-3,637.5
156398,6-5-3,805.2
156398,1-6-5,61
156398,2-6-5,85.1
156398,3-6-5,286.5
156398,4-6-5,694.6
156398,5-6-4,893.5
156398,6-5-4,914.4
156399,1-2-3,14
156399,2-1-3,38.3
156399,3-1-2,118.2
156399,4-1-2,34
156399,5-1-2,142.3
156399,6-1-2,106.7
156399,1-2-4,9.7
156399,2-1-4,22.1
156399,3-1-4,98.5
156399,4-1-3,98.6
156399,5-1-3,349.6
156399,6-1-3,197.6
156399,1-2-5,19.7
156399,2-1-5,44.4
156399,3-1-5,150.1
156399,4-1-5,43.2
156399,5-1-4,145.3
156399,6-1-4,119.6
156399,1-2-6,45.8
156399,2-1-6,70.2
156399,3-1-6,275.6
156399,4-1-6,79.6
156399,5-1-6,290.3
156399,6-1-5,220.9
156399,1-3-2,25.1
156399,2-3-1,104
156399,3-2-1,190.5
156399,4-2-1,53.7
156399,5-2-1,208.4
156399,6-2-1,124.5
156399,1-3-4,22.7
156399,2-3-4,88.1
156399,3-2-4,157.7
156399,4-2-3,142.1
156399,5-2-3,521.4
156399,6-2-3,214.9
156399,1-3-5,41.4
156399,2-3-5,150.8
156399,3-2-5,252.4
156399,4-2-5,69.6
156399,5-2-4,197
156399,6-2-4,128.3
156399,1-3-6,77.5
156399,2-3-6,223.1
156399,3-2-6,356.2
156399,4-2-6,112
156399,5-2-6,376.4
156399,6-2-5,220.5
156399,1-4-2,12.6
156399,2-4-1,39.1
156399,3-4-1,158.3
156399,4-3-1,221.1
156399,5-3-1,576
156399,6-3-1,399
156399,1-4-3,25.8
156399,2-4-3,84.8
156399,3-4-2,179.8
156399,4-3-2,244.6
156399,5-3-2,724.8
156399,6-3-2,386
156399,1-4-5,21.5
156399,2-4-5,65.4
156399,3-4-5,204
156399,4-3-5,275.8
156399,5-3-4,684.7
156399,6-3-4,424.2
156399,1-4-6,40.3
156399,2-4-6,98.2
156399,3-4-6,353.2
156399,4-3-6,407.4
156399,5-3-6,1108
156399,6-3-5,585.3
156399,1-5-2,44.5
156399,2-5-1,135.9
156399,3-5-1,376.4
156399,4-5-1,76.6
156399,5-4-1,162.6
156399,6-4-1,193.9
156399,1-5-3,69.6
156399,2-5-3,286.8
156399,3-5-2,421.9
156399,4-5-2,84.9
156399,5-4-2,174.6
156399,6-4-2,175
156399,1-5-4,43.8
156399,2-5-4,142.1
156399,3-5-4,382.8
156399,4-5-3,237.4
156399,5-4-3,514.5
156399,6-4-3,378
156399,1-5-6,114.2
156399,2-5-6,319.4
156399,3-5-6,658.2
156399,4-5-6,102
156399,5-4-6,256
156399,6-4-5,244.3
156399,1-6-2,95.1
156399,2-6-1,193.4
156399,3-6-1,648.8
156399,4-6-1,151.6
156399,5-6-1,494.8
156399,6-5-1,454.3
156399,1-6-3,148.8
156399,2-6-3,331.7
156399,3-6-2,740.6
156399,4-6-2,162.2
156399,5-6-2,546.5
156399,6-5-2,429.2
156399,1-6-4,87.6
156399,2-6-4,203.8
156399,3-6-4,709.7
156399,4-6-3,392.1
156399,5-6-3,873.7
156399,6-5-3,696
156399,1-6-5,148.6
156399,2-6-5,279.8
156399,3-6-5,873.7
156399,4-6-5,174.3
156399,5-6-4,419
156399,6-5-4,349.8
156400,1-2-3,17.2
156400,2-1-3,41.4
156400,3-1-2,33.9
156400,4-1-2,117.2
156400,5-1-2,269.1
156400,6-1-2,691.4
156400,1-2-4,22.9
156400,2-1-4,56.1
156400,3-1-4,23.4
156400,4-1-3,85.5
156400,5-1-3,199
156400,6-1-3,503.9
156400,1-2-5,32.8
156400,2-1-5,77.5
156400,3-1-5,31.1
156400,4-1-5,97.3
156400,5-1-4,279.6
156400,6-1-4,721.6
156400,1-2-6,51.2
156400,2-1-6,111.3
156400,3-1-6,35.5
156400,4-1-6,108.8
156400,5-1-6,260.5
156400,6-1-5,800.6
156400,1-3-2,13.8
156400,2-3-1,57.7
156400,3-2-1,55.8
156400,4-2-1,189.4
156400,5-2-1,551.9
156400,6-2-1,1017
156400,1-3-4,10.4
156400,2-3-4,61.5
156400,3-2-4,56
156400,4-2-3,209.4
156400,5-2-3,473.7
156400,6-2-3,989.9
156400,1-3-5,15
156400,2-3-5,87.8
156400,3-2-5,72
156400,4-2-5,214.6
156400,5-2-4,601.1
156400,6-2-4,1291
156400,1-3-6,21.6
156400,2-3-6,110.7
156400,3-2-6,74.1
156400,4-2-6,267.8
156400,5-2-6,792.4
156400,6-2-5,1441
156400,1-4-2,32.6
156400,2-4-1,117.9
156400,3-4-1,48.8
156400,4-3-1,111.9
156400,5-3-1,266.5
156400,6-3-1,661.8
156400,1-4-3,23.4
156400,2-4-3,106.2
156400,3-4-2,68.6
156400,4-3-2,174.1
156400,5-3-2,369.4
156400,6-3-2,944.2
156400,1-4-5,38.5
156400,2-4-5,191.4
156400,3-4-5,52.4
156400,4-3-5,132.4
156400,5-3-4,372
156400,6-3-4,693.5
156400,1-4-6,42.4
156400,2-4-6,231.4
156400,3-4-6,57.5
156400,4-3-6,125.2
156400,5-3-6,320.1
156400,6-3-5,771.3
156400,1-5-2,70.8
156400,2-5-1,282.1
156400,3-5-1,85.9
156400,4-5-1,173.2
156400,5-4-1,443.4
156400,6-4-1,1069
156400,1-5-3,49.1
156400,2-5-3,268
156400,3-5-2,121.4
156400,4-5-2,263.6
156400,5-4-2,576.7
156400,6-4-2,1497
156400,1-5-4,79.9
156400,2-5-4,364.4
156400,3-5-4,100.9
156400,4-5-3,229.2
156400,5-4-3,518.2
156400,6-4-3,920.4
156400,1-5-6,82.3
156400,2-5-6,480.9
156400,3-5-6,87.3
156400,4-5-6,177.9
156400,5-4-6,462.6
156400,6-4-5,1008
156400,1-6-2,145.2
156400,2-6-1,531.7
156400,3-6-1,153.7
156400,4-6-1,268.8
156400,5-6-1,549.7
156400,6-5-1,1052
156400,1-6-3,103.2
156400,2-6-3,470.1
156400,3-6-2,205.3
156400,4-6-2,413.9
156400,5-6-2,764.5
156400,6-5-2,1441
156400,1-6-4,123.1
156400,2-6-4,661.8
156400,3-6-4,161.3
156400,4-6-3,313.1
156400,5-6-3,498.5
156400,6-5-3,953.2
156400,1-6-5,172.4
156400,2-6-5,678.6
156400,3-6-5,160.6
156400,4-6-5,300.8
156400,5-6-4,585.9
156400,6-5-4,932.8
156401,1-2-3,17.8
156401,2-1-3,37.4
156401,3-1-2,90.1
156401,4-1-2,84.2
156401,5-1-2,167.5
156401,6-1-2,105.7
156401,1-2-4,18.8
156401,2-1-4,30
156401,3-1-4,101.1
156401,4-1-3,160.2
156401,5-1-3,320.2
156401,6-1-3,202.2
156401,1-2-5,36.9
156401,2-1-5,52.8
156401,3-1-5,121.9
156401,4-1-5,74.7
156401,5-1-4,212.4
156401,6-1-4,192.4
156401,1-2-6,17.2
156401,2-1-6,24.6
156401,3-1-6,80.1
156401,4-1-6,69.6
156401,5-1-6,139.9
156401,6-1-5,272.9
156401,1-3-2,28.1
156401,2-3-1,66.9
156401,3-2-1,115.8
156401,4-2-1,99.7
156401,5-2-1,221.8
156401,6-2-1,130.8
156401,1-3-4,40
156401,2-3-4,66.1
156401,3-2-4,106.9
156401,4-2-3,187
156401,5-2-3,435.4
156401,6-2-3,208.2
156401,1-3-5,50.4
156401,2-3-5,86.9
156401,3-2-5,132.2
156401,4-2-5,80.8
156401,5-2-4,234.2
156401,6-2-4,145.1
156401,1-3-6,33.3
156401,2-3-6,48.2
156401,3-2-6,76.8
156401,4-2-6,64.5
156401,5-2-6,183
156401,6-2-5,253.2
156401,1-4-2,37.4
156401,2-4-1,58.6
156401,3-4-1,188.4
156401,4-3-1,273.7
156401,5-3-1,471.1
156401,6-3-1,360.7
156401,1-4-3,60.9
156401,2-4-3,82.8
156401,3-4-2,199
156401,4-3-2,284.4
156401,5-3-2,509.5
156401,6-3-2,321
156401,1-4-5,76.8
156401,2-4-5,80.6
156401,3-4-5,227.1
156401,4-3-5,303
156401,5-3-4,633.8
156401,6-3-4,466.1
156401,1-4-6,35.4
156401,2-4-6,41.5
156401,3-4-6,143.8
156401,4-3-6,212
156401,5-3-6,415.3
156401,6-3-5,509.5
156401,1-5-2,78
156401,2-5-1,120
156401,3-5-1,246.3
156401,4-5-1,80.9
156401,5-4-1,190.4
156401,6-4-1,251.8
156401,1-5-3,104.2
156401,2-5-3,160.9
156401,3-5-2,293.9
156401,4-5-2,83.1
156401,5-4-2,165.9
156401,6-4-2,166.5
156401,1-5-4,113.9
156401,2-5-4,127.1
156401,3-5-4,349.2
156401,4-5-3,220.9
156401,5-4-3,464.2
156401,6-4-3,435.4
156401,1-5-6,69.7
156401,2-5-6,86.6
156401,3-5-6,228.6
156401,4-5-6,58.6
156401,5-4-6,119.6
156401,6-4-5,249
156401,1-6-2,40.7
156401,2-6-1,61.6
156401,3-6-1,192.4
156401,4-6-1,81.9
156401,5-6-1,209.7
156401,6-5-1,409.9
156401,1-6-3,69.2
156401,2-6-3,84.9
156401,3-6-2,166.5
156401,4-6-2,70.2
156401,5-6-2,196.8
156401,6-5-2,355.7
156401,1-6-4,64.1
156401,2-6-4,70.2
156401,3-6-4,248.5
156401,4-6-3,176
156401,5-6-3,369.7
156401,6-5-3,506.9
156401,1-6-5,87.1
156401,2-6-5,105.1
156401,3-6-5,253
156401,4-6-5,76.6
156401,5-6-4,179.4
156401,6-5-4,294.4
156402,1-2-3,5
156402,2-1-3,40
156402,3-1-2,68.3
156402,4-1-2,228.1
156402,5-1-2,220.1
156402,6-1-2,973.8
156402,1-2-4,12.4
156402,2-1-4,87.3
156402,3-1-4,73.4
156402,4-1-3,244.1
156402,5-1-3,180.1
156402,6-1-3,1006
156402,1-2-5,10.5
156402,2-1-5,69.9
156402,3-1-5,54.1
156402,4-1-5,189.9
156402,5-1-4,331.4
156402,6-1-4,1647
156402,1-2-6,32.2
156402,2-1-6,166.3
156402,3-1-6,120.6
156402,4-1-6,356.5
156402,5-1-6,308.3
156402,6-1-5,1328
156402,1-3-2,8.1
156402,2-3-1,131.4
156402,3-2-1,173.7
156402,4-2-1,343.2
156402,5-2-1,460.7
156402,6-2-1,1634
156402,1-3-4,13.1
156402,2-3-4,329
156402,3-2-4,406.4
156402,4-2-3,726.2
156402,5-2-3,690.5
156402,6-2-3,3107
156402,1-3-5,8.8
156402,2-3-5,240.2
156402,3-2-5,282.4
156402,4-2-5,589.9
156402,5-2-4,1088
156402,6-2-4,2917
156402,1-3-6,25
156402,2-3-6,559.1
156402,3-2-6,585.6
156402,4-2-6,843.6
156402,5-2-6,1138
156402,6-2-5,2938
156402,1-4-2,23.8
156402,2-4-1,267.8
156402,3-4-1,209.9
156402,4-3-1,433.4
156402,5-3-1,328.2
156402,6-3-1,1735
156402,1-4-3,27.3
156402,2-4-3,560.2
156402,3-4-2,429.1
156402,4-3-2,795
156402,5-3-2,682.9
156402,6-3-2,3107
156402,1-4-5,32.5
156402,2-4-5,428.9
156402,3-4-5,290
156402,4-3-5,585.6
156402,5-3-4,884.8
156402,6-3-4,2917
156402,1-4-6,54.7
156402,2-4-6,819.8
156402,3-4-6,454.2
156402,4-3-6,966.8
156402,5-3-6,903.5
156402,6-3-5,2651
156402,1-5-2,22.5
156402,2-5-1,283.8
156402,3-5-1,144.7
156402,4-5-1,333.1
156402,5-4-1,621.9
156402,6-4-1,2120
156402,1-5-3,20.7
156402,2-5-3,432.5
156402,3-5-2,300
156402,4-5-2,661.8
156402,5-4-2,948.8
156402,6-4-2,3095
156402,1-5-4,47.1
156402,2-5-4,727.5
156402,3-5-4,341.6
156402,4-5-3,645
156402,5-4-3,976.1
156402,6-4-3,3420
156402,1-5-6,47.8
156402,2-5-6,829.8
156402,3-5-6,357.6
156402,4-5-6,562.6
156402,5-4-6,970.3
156402,6-4-5,2660
156402,1-6-2,118.1
156402,2-6-1,766.5
156402,3-6-1,502.5
156402,4-6-1,788.8
156402,5-6-1,935.7
156402,6-5-1,2131
156402,1-6-3,109.3
156402,2-6-3,1496
156402,3-6-2,1235
156402,4-6-2,1345
156402,5-6-2,1602
156402,6-5-2,3479
156402,1-6-4,148.8
156402,2-6-4,1888
156402,3-6-4,1082
156402,4-6-3,1472
156402,5-6-3,1428
156402,6-5-3,3026
156402,1-6-5,124.4
156402,2-6-5,1330
156402,3-6-5,865.1
156402,4-6-5,1047
156402,5-6-4,1710
156402,6-5-4,2928
156403,1-2-3,32.8
156403,2-1-3,79.8
156403,3-1-2,121.4
156403,4-1-2,307.5
156403,5-1-2,69.1
156403,6-1-2,1382
156403,1-2-4,40
156403,2-1-4,87.4
156403,3-1-4,112.2
156403,4-1-3,338.2
156403,5-1-3,115.9
156403,6-1-3,2544
156403,1-2-5,35.6
156403,2-1-5,61.9
156403,3-1-5,70.3
156403,4-1-5,192
156403,5-1-4,150.8
156403,6-1-4,3611
156403,1-2-6,136.5
156403,2-1-6,250.4
156403,3-1-6,327.3
156403,4-1-6,586.1
156403,5-1-6,252.1
156403,6-1-5,1696
156403,1-3-2,34.5
156403,2-3-1,76
156403,3-2-1,82.6
156403,4-2-1,269.7
156403,5-2-1,55.4
156403,6-2-1,1930
156403,1-3-4,35.8
156403,2-3-4,42.9
156403,3-2-4,48.1
156403,4-2-3,124.5
156403,5-2-3,32.3
156403,6-2-3,1599
156403,1-3-5,28.3
156403,2-3-5,25
156403,3-2-5,29.2
156403,4-2-5,61.1
156403,5-2-4,27.3
156403,6-2-4,1473
156403,1-3-6,124.4
156403,2-3-6,137.2
156403,3-2-6,134.7
156403,4-2-6,234.2
156403,5-2-6,75.1
156403,6-2-5,772.1
156403,1-4-2,74.7
156403,2-4-1,114.8
156403,3-4-1,127.3
156403,4-3-1,297.7
156403,5-3-1,95.2
156403,6-3-1,2870
156403,1-4-3,70.9
156403,2-4-3,55.7
156403,3-4-2,75.2
156403,4-3-2,133.2
156403,5-3-2,42.4
156403,6-3-2,1722
156403,1-4-5,60.1
156403,2-4-5,31.2
156403,3-4-5,46.4
156403,4-3-5,92.3
156403,5-3-4,56.5
156403,6-3-4,2073
156403,1-4-6,178
156403,2-4-6,148.6
156403,3-4-6,128.2
156403,4-3-6,239.7
156403,5-3-6,156.1
156403,6-3-5,1286
156403,1-5-2,60.5
156403,2-5-1,50.2
156403,3-5-1,68.8
156403,4-5-1,112.8
156403,5-4-1,104.9
156403,6-4-1,3110
156403,1-5-3,57.2
156403,2-5-3,21.9
156403,3-5-2,29.9
156403,4-5-2,41.8
156403,5-4-2,31.5
156403,6-4-2,1365
156403,1-5-4,75.8
156403,2-5-4,21.9
156403,3-5-4,38.6
156403,4-5-3,63.2
156403,5-4-3,45.9
156403,6-4-3,1622
156403,1-5-6,163.9
156403,2-5-6,64.2
156403,3-5-6,91.3
156403,4-5-6,71.9
156403,5-4-6,77.1
156403,6-4-5,1036
156403,1-6-2,554.2
156403,2-6-1,772.1
156403,3-6-1,861.2
156403,4-6-1,622
156403,5-6-1,264.6
156403,6-5-1,1272
156403,1-6-3,562.6
156403,2-6-3,508.9
156403,3-6-2,474.4
156403,4-6-2,363.5
156403,5-6-2,124.2
156403,6-5-2,629
156403,1-6-4,535.7
156403,2-6-4,497.6
156403,3-6-4,416.2
156403,4-6-3,425.7
156403,5-6-3,216.1
156403,6-5-3,1166
156403,1-6-5,398.4
156403,2-6-5,223
156403,3-6-5,235.7
156403,4-6-5,221.7
156403,5-6-4,178
156403,6-5-4,746.4
156404,1-2-3,7.5
156404,2-1-3,11.8
156404,3-1-2,36.1
156404,4-1-2,290.3
156404,5-1-2,75.5
156404,6-1-2,446.9
156404,1-2-4,19.1
156404,2-1-4,41.4
156404,3-1-4,87.3
156404,4-1-3,410.9
156404,5-1-3,119.4
156404,6-1-3,683
156404,1-2-5,20.5
156404,2-1-5,23
156404,3-1-5,50.4
156404,4-1-5,595
156404,5-1-4,360.5
156404,6-1-4,1259
156404,1-2-6,90.3
156404,2-1-6,152.5
156404,3-1-6,267.1
156404,4-1-6,1031
156404,5-1-6,276.3
156404,6-1-5,664.3
156404,1-3-2,11.6
156404,2-3-1,16.8
156404,3-2-1,30.3
156404,4-2-1,310.8
156404,5-2-1,85.6
156404,6-2-1,527.1
156404,1-3-4,26.9
156404,2-3-4,37.6
156404,3-2-4,56.9
156404,4-2-3,332.1
156404,5-2-3,64.8
156404,6-2-3,664.3
156404,1-3-5,25.9
156404,2-3-5,15.4
156404,3-2-5,26.4
156404,4-2-5,434.9
156404,5-2-4,230.9
156404,6-2-4,1065
156404,1-3-6,129.6
156404,2-3-6,127.7
156404,3-2-6,193.2
156404,4-2-6,1102
156404,5-2-6,237.1
156404,6-2-5,629.8
156404,1-4-2,42.7
156404,2-4-1,115.4
156404,3-4-1,205.9
156404,4-3-1,484.9
156404,5-3-1,134.8
156404,6-3-1,1010
156404,1-4-3,62
156404,2-4-3,89.2
156404,3-4-2,138.3
156404,4-3-2,348.8
156404,5-3-2,78.2
156404,6-3-2,1020
156404,1-4-5,118.2
156404,2-4-5,144.5
156404,3-4-5,207.6
156404,4-3-5,617.7
156404,5-3-4,397.5
156404,6-3-4,1564
156404,1-4-6,374.4
156404,2-4-6,446.9
156404,3-4-6,468.5
156404,4-3-6,1405
156404,5-3-6,391
156404,6-3-5,932.6
156404,1-5-2,40
156404,2-5-1,48.3
156404,3-5-1,73.7
156404,4-5-1,729.2
156404,5-4-1,499.9
156404,6-4-1,2621
156404,1-5-3,50.3
156404,2-5-3,33.5
156404,3-5-2,53.1
156404,4-5-2,484.9
156404,5-4-2,387.9
156404,6-4-2,2063
156404,1-5-4,101.5
156404,2-5-4,136
156404,3-5-4,168.9
156404,4-5-3,692.7
156404,5-4-3,563.9
156404,6-4-3,2108
156404,1-5-6,202.4
156404,2-5-6,204.6
156404,3-5-6,304
156404,4-5-6,989.7
156404,5-4-6,610
156404,6-4-5,1731
156404,1-6-2,220.9
156404,2-6-1,560.6
156404,3-6-1,769.7
156404,4-6-1,2155
156404,5-6-1,392.6
156404,6-5-1,898
156404,1-6-3,294.8
156404,2-6-3,527.1
156404,3-6-2,795
156404,4-6-2,1616
156404,5-6-2,351.4
156404,6-5-2,836.1
156404,1-6-4,480.1
156404,2-6-4,969.9
156404,3-6-4,718.4
156404,4-6-3,2020
156404,5-6-3,429.1
156404,6-5-3,1293
156404,1-6-5,367.3
156404,2-6-5,560.6
156404,3-6-5,815
156404,4-6-5,1616
156404,5-6-4,633.9
156404,6-5-4,1447
156405,1-2-3,18.8
156405,2-1-3,21.7
156405,3-1-2,44.3
156405,4-1-2,61.7
156405,5-1-2,648.7
156405,6-1-2,1282
156405,1-2-4,20.6
156405,2-1-4,20.5
156405,3-1-4,32.1
156405,4-1-3,47.8
156405,5-1-3,801.3
156405,6-1-3,1089
156405,1-2-5,161.9
156405,2-1-5,121.9
156405,3-1-5,116.1
156405,4-1-5,125.5
156405,5-1-4,990.7
156405,6-1-4,1434
156405,1-2-6,142.8
156405,2-1-6,143.4
156405,3-1-6,128.9
156405,4-1-6,180.7
156405,5-1-6,1058
156405,6-1-5,2056
156405,1-3-2,16.7
156405,2-3-1,27.8
156405,3-2-1,50.8
156405,4-2-1,56.2
156405,5-2-1,402.1
156405,6-2-1,844.8
156405,1-3-4,13
156405,2-3-4,13.4
156405,3-2-4,19.1
156405,4-2-3,29.7
156405,5-2-3,437.6
156405,6-2-3,844.8
156405,1-3-5,85.8
156405,2-3-5,101.6
156405,3-2-5,100.6
156405,4-2-5,111.6
156405,5-2-4,656.5
156405,6-2-4,1047
156405,1-3-6,101.5
156405,2-3-6,100.4
156405,3-2-6,108.7
156405,4-2-6,123.2
156405,5-2-6,506.9
156405,6-2-5,1415
156405,1-4-2,25.7
156405,2-4-1,26.5
156405,3-4-1,37.6
156405,4-3-1,60.5
156405,5-3-1,605.4
156405,6-3-1,990.7
156405,1-4-3,19.5
156405,2-4-3,15.6
156405,3-4-2,24.5
156405,4-3-2,43.8
156405,5-3-2,660.5
156405,6-3-2,726.5
156405,1-4-5,145.7
156405,2-4-5,95.2
156405,3-4-5,86
156405,4-3-5,114.4
156405,5-3-4,712.3
156405,6-3-4,602.1
156405,1-4-6,124.8
156405,2-4-6,93.3
156405,3-4-6,74.7
156405,4-3-6,112.9
156405,5-3-6,731.4
156405,6-3-5,1135
156405,1-5-2,187.2
156405,2-5-1,222.8
156405,3-5-1,297.7
156405,4-5-1,195.3
156405,5-4-1,539.5
156405,6-4-1,819.4
156405,1-5-3,235.3
156405,2-5-3,255.8
156405,3-5-2,217.5
156405,4-5-2,183.4
156405,5-4-2,668.6
156405,6-4-2,1135
156405,1-5-4,304.4
156405,2-5-4,200.7
156405,3-5-4,191.5
156405,4-5-3,252.8
156405,5-4-3,668.6
156405,6-4-3,726.5
156405,1-5-6,454.1
156405,2-5-6,523.9
156405,3-5-6,396.3
156405,4-5-6,301
156405,5-4-6,756.8
156405,6-4-5,1602
156405,1-6-2,281.6
156405,2-6-1,340.5
156405,3-6-1,378.4
156405,4-6-1,308.7
156405,5-6-1,531.6
156405,6-5-1,652.6
156405,1-6-3,286.8
156405,2-6-3,276.6
156405,3-6-2,314
156405,4-6-2,261.3
156405,5-6-2,558.9
156405,6-5-2,648.7
156405,1-6-4,369.4
156405,2-6-4,296.9
156405,3-6-4,257.6
156405,4-6-3,233.8
156405,5-6-3,589.1
156405,6-5-3,1329
156405,1-6-5,731.4
156405,2-6-5,589.1
156405,3-6-5,567.6
156405,4-6-5,465.7
156405,5-6-4,915.8
156405,6-5-4,1297
156406,1-2-3,33.2
156406,2-1-3,23.3
156406,3-1-2,33.8
156406,4-1-2,136.3
156406,5-1-2,762.8
156406,6-1-2,1748
156406,1-2-4,76.1
156406,2-1-4,47.6
156406,3-1-4,36.7
156406,4-1-3,127
156406,5-1-3,801.7
156406,6-1-3,1798
156406,1-2-5,167.8
156406,2-1-5,151.1
156406,3-1-5,69.6
156406,4-1-5,277.2
156406,5-1-4,1222
156406,6-1-4,3814
156406,1-2-6,371.2
156406,2-1-6,503.4
156406,3-1-6,207.3
156406,4-1-6,524.4
156406,5-1-6,1463
156406,6-1-5,2797
156406,1-3-2,25.9
156406,2-3-1,15.8
156406,3-2-1,21.1
156406,4-2-1,118.4
156406,5-2-1,991
156406,6-2-1,2374
156406,1-3-4,33.3
156406,2-3-4,6.6
156406,3-2-4,7.5
156406,4-2-3,35
156406,5-2-3,313.1
156406,6-2-3,1234
156406,1-3-5,112.9
156406,2-3-5,22
156406,3-2-5,18.4
156406,4-2-5,111
156406,5-2-4,684
156406,6-2-4,2927
156406,1-3-6,307.7
156406,2-3-6,92.7
156406,3-2-6,87.3
156406,4-2-6,275.4
156406,5-2-6,1324
156406,6-2-5,2420
156406,1-4-2,124.8
156406,2-4-1,65.8
156406,3-4-1,37.2
156406,4-3-1,80.9
156406,5-3-1,585.4
156406,6-3-1,1772
156406,1-4-3,93.5
156406,2-4-3,17
156406,3-4-2,12.9
156406,4-3-2,28.6
156406,5-3-2,276
156406,6-3-2,886.3
156406,1-4-5,317.8
156406,2-4-5,62
156406,3-4-5,32.9
156406,4-3-5,89.5
156406,5-3-4,582.7
156406,6-3-4,2133
156406,1-4-6,833.5
156406,2-4-6,270.6
156406,3-4-6,177.5
156406,4-3-6,220.8
156406,5-3-6,1311
156406,6-3-5,1997
156406,1-5-2,287.3
156406,2-5-1,320.2
156406,3-5-1,141.5
156406,4-5-1,265.5
156406,5-4-1,899
156406,6-4-1,3596
156406,1-5-3,346.7
156406,2-5-3,86.5
156406,3-5-2,55.8
156406,4-5-2,125.7
156406,5-4-2,703.1
156406,6-4-2,2736
156406,1-5-4,723.3
156406,2-5-4,132.4
156406,3-5-4,82.9
156406,4-5-3,151.8
156406,5-4-3,629.3
156406,6-4-3,2568
156406,1-5-6,1339
156406,2-5-6,727.5
156406,3-5-6,270.1
156406,4-5-6,487.8
156406,5-4-6,1824
156406,6-4-5,3496
156406,1-6-2,1678
156406,2-6-1,1634
156406,3-6-1,515.8
156406,4-6-1,1414
156406,5-6-1,3312
156406,6-5-1,3496
156406,1-6-3,1446
156406,2-6-3,467.9
156406,3-6-2,271.2
156406,4-6-2,801.7
156406,5-6-2,2374
156406,6-5-2,2288
156406,1-6-4,2517
156406,2-6-4,1144
156406,3-6-4,429.5
156406,4-6-3,776.9
156406,5-6-3,2288
156406,6-5-3,2468
156406,1-6-5,1573
156406,2-6-5,1154
156406,3-6-5,467.9
156406,4-6-5,1165
156406,5-6-4,3312
156406,6-5-4,4495
156407,1-2-3,11.6
156407,2-1-3,192.2
156407,3-1-2,42.7
156407,4-1-2,242
156407,5-1-2,439.3
156407,6-1-2,1751
156407,1-2-4,14.9
156407,2-1-4,265.4
156407,3-1-4,24.9
156407,4-1-3,147.9
156407,5-1-3,247.6
156407,6-1-3,1688
156407,1-2-5,39
156407,2-1-5,408.6
156407,3-1-5,24.2
156407,4-1-5,276.4
156407,5-1-4,495.2
156407,6-1-4,1919
156407,1-2-6,398.1
156407,2-1-6,1868
156407,3-1-6,260.9
156407,4-1-6,1274
156407,5-1-6,994
156407,6-1-5,2224
156407,1-3-2,5.6
156407,2-3-1,303.3
156407,3-2-1,165.6
156407,4-2-1,556.1
156407,5-2-1,1045
156407,6-2-1,3893
156407,1-3-4,4
156407,2-3-4,722.4
156407,3-2-4,287.2
156407,4-2-3,612
156407,5-2-3,1240
156407,6-2-3,3503
156407,1-3-5,7.1
156407,2-3-5,648.8
156407,3-2-5,352.1
156407,4-2-5,953.4
156407,5-2-4,1919
156407,6-2-4,4671
156407,1-3-6,145.8
156407,2-3-6,2375
156407,3-2-6,1523
156407,4-2-6,1774
156407,5-2-6,3503
156407,6-2-5,7007
156407,1-4-2,14.1
156407,2-4-1,609.3
156407,3-4-1,87.1
156407,4-3-1,177.1
156407,5-3-1,351.2
156407,6-3-1,2375
156407,1-4-3,7.6
156407,2-4-3,1130
156407,3-4-2,241.6
156407,4-3-2,433.9
156407,5-3-2,859.8
156407,6-3-2,3185
156407,1-4-5,25.5
156407,2-4-5,1796
156407,3-4-5,155.7
156407,4-3-5,488.3
156407,5-3-4,916
156407,6-3-4,4247
156407,1-4-6,271
156407,2-4-6,3114
156407,3-4-6,765.8
156407,4-3-6,1648
156407,5-3-6,1946
156407,6-3-5,4832
156407,1-5-2,62.4
156407,2-5-1,1038
156407,3-5-1,100.6
156407,4-5-1,498.7
156407,5-4-1,761.7
156407,6-4-1,3893
156407,1-5-3,25.8
156407,2-5-3,1094
156407,3-5-2,276.9
156407,4-5-2,1008
156407,5-4-2,1540
156407,6-4-2,5839
156407,1-5-4,51.1
156407,2-5-4,1751
156407,3-5-4,201.3
156407,4-5-3,664.2
156407,5-4-3,1240
156407,6-4-3,5606
156407,1-5-6,452.1
156407,2-5-6,3259
156407,3-5-6,910.1
156407,4-5-6,1540
156407,5-4-6,2548
156407,6-4-5,6370
156407,1-6-2,940.6
156407,2-6-1,4379
156407,3-6-1,1334
156407,4-6-1,2297
156407,5-6-1,3337
156407,6-5-1,4671
156407,1-6-3,617.4
156407,2-6-3,5839
156407,3-6-2,2458
156407,4-6-2,3114
156407,5-6-2,5390
156407,6-5-2,5606
156407,1-6-4,504.1
156407,2-6-4,3787
156407,3-6-4,2061
156407,4-6-3,2982
156407,5-6-3,3114
156407,6-5-3,6370
156407,1-6-5,1121
156407,2-6-5,2695
156407,3-6-5,2548
156407,4-6-5,3503
156407,5-6-4,4521
156407,6-5-4,5606
156408,1-2-3,12.5
156408,2-1-3,33.1
156408,3-1-2,65.1
156408,4-1-2,71
156408,5-1-2,92.2
156408,6-1-2,1436
156408,1-2-4,11.9
156408,2-1-4,25.2
156408,3-1-4,56.2
156408,4-1-3,93.9
156408,5-1-3,117.4
156408,6-1-3,2227
156408,1-2-5,19.9
156408,2-1-5,31.4
156408,3-1-5,46
156408,4-1-5,46.8
156408,5-1-4,94.7
156408,6-1-4,2518
156408,1-2-6,237
156408,2-1-6,281.2
156408,3-1-6,444.4
156408,4-1-6,324.8
156408,5-1-6,356.8
156408,6-1-5,2633
156408,1-3-2,14.5
156408,2-3-1,77.2
156408,3-2-1,94.4
156408,4-2-1,96.4
156408,5-2-1,147.6
156408,6-2-1,2482
156408,1-3-4,15.2
156408,2-3-4,70.3
156408,3-2-4,88.4
156408,4-2-3,133.7
156408,5-2-3,196.8
156408,6-2-3,2518
156408,1-3-5,18.8
156408,2-3-5,76.8
156408,3-2-5,86.5
156408,4-2-5,63.6
156408,5-2-4,120
156408,6-2-4,2633
156408,1-3-6,234.2
156408,2-3-6,511.1
156408,3-2-6,567.9
156408,4-2-6,435.5
156408,5-2-6,452.5
156408,6-2-5,2518
156408,1-4-2,20.4
156408,2-4-1,55.7
156408,3-4-1,83.7
156408,4-3-1,145.1
156408,5-3-1,180
156408,6-3-1,2896
156408,1-4-3,26.1
156408,2-4-3,92.1
156408,3-4-2,96.3
156408,4-3-2,156.8
156408,5-3-2,216.9
156408,6-3-2,2119
156408,1-4-5,23.6
156408,2-4-5,51.3
156408,3-4-5,57.4
156408,4-3-5,77.7
156408,5-3-4,167.2
156408,6-3-4,3218
156408,1-4-6,301.7
156408,2-4-6,472.2
156408,3-4-6,425.9
156408,4-3-6,665.8
156408,5-3-6,670.9
156408,6-3-5,4344
156408,1-5-2,39.2
156408,2-5-1,81
156408,3-5-1,86.6
156408,4-5-1,49.1
156408,5-4-1,105.2
156408,6-4-1,3048
156408,1-5-3,41.1
156408,2-5-3,116
156408,3-5-2,109.3
156408,4-5-2,53.1
156408,5-4-2,88.4
156408,6-4-2,3159
156408,1-5-4,39.4
156408,2-5-4,73.5
156408,3-5-4,75.8
156408,4-5-3,67.1
156408,5-4-3,128.8
156408,6-4-3,4238
156408,1-5-6,293.5
156408,2-5-6,525
156408,3-5-6,509.6
156408,4-5-6,142.2
156408,5-4-6,233.5
156408,6-4-5,1720
156408,1-6-2,670.9
156408,2-6-1,1016
156408,3-6-1,1135
156408,4-6-1,905.1
156408,5-6-1,808.2
156408,6-5-1,2758
156408,1-6-3,797.1
156408,2-6-3,1128
156408,3-6-2,1034
156408,4-6-2,939.3
156408,5-6-2,823.6
156408,6-5-2,2447
156408,1-6-4,1190
156408,2-6-4,1524
156408,3-6-4,1336
156408,4-6-3,1401
156408,5-6-3,1128
156408,6-5-3,4041
156408,1-6-5,752.3
156408,2-6-5,1150
156408,3-6-5,1551
156408,4-6-5,484
156408,5-6-4,709.3
156408,6-5-4,1720
156409,1-2-3,10.8
156409,2-1-3,57.1
156409,3-1-2,102.7
156409,4-1-2,40.1
156409,5-1-2,86.2
156409,6-1-2,1258
156409,1-2-4,5.7
156409,2-1-4,32.4
156409,3-1-4,75.6
156409,4-1-3,113.1
156409,5-1-3,149.3
156409,6-1-3,1445
156409,1-2-5,10.7
156409,2-1-5,50.2
156409,3-1-5,85.6
156409,4-1-5,34
156409,5-1-4,76.6
156409,6-1-4,1485
156409,1-2-6,93.3
156409,2-1-6,321.1
156409,3-1-6,568.9
156409,4-1-6,156.5
156409,5-1-6,285.2
156409,6-1-5,1980
156409,1-3-2,17.9
156409,2-3-1,133.5
156409,3-2-1,182.2
156409,4-2-1,70.8
156409,5-2-1,182.5
156409,6-2-1,1407
156409,1-3-4,19.8
156409,2-3-4,188.9
156409,3-2-4,190.9
156409,4-2-3,402
156409,5-2-3,565.9
156409,6-2-3,1697
156409,1-3-5,33.8
156409,2-3-5,296.2
156409,3-2-5,229.5
156409,4-2-5,119.7
156409,5-2-4,263.4
156409,6-2-4,2275
156409,1-3-6,138.1
156409,2-3-6,972.3
156409,3-2-6,1102
156409,4-2-6,411.3
156409,5-2-6,668.4
156409,6-2-5,2275
156409,1-4-2,9.7
156409,2-4-1,81.2
156409,3-4-1,136.4
156409,4-3-1,216.9
156409,5-3-1,383.3
156409,6-3-1,1782
156409,1-4-3,24.8
156409,2-4-3,188.6
156409,3-4-2,236.1
156409,4-3-2,390.3
156409,5-3-2,629.1
156409,6-3-2,2275
156409,1-4-5,15.5
156409,2-4-5,145.9
156409,3-4-5,117.9
156409,4-3-5,165.3
156409,5-3-4,375.2
156409,6-3-4,3565
156409,1-4-6,78.8
156409,2-4-6,594.2
156409,3-4-6,699
156409,4-3-6,780.7
156409,5-3-6,1273
156409,6-3-5,3342
156409,1-5-2,27.1
156409,2-5-1,150
156409,3-5-1,164.2
156409,4-5-1,35.9
156409,5-4-1,103.3
156409,6-4-1,1725
156409,1-5-3,49.8
156409,2-5-3,408.2
156409,3-5-2,271.4
156409,4-5-2,90.1
156409,5-4-2,166.5
156409,6-4-2,2325
156409,1-5-4,32.6
156409,2-5-4,216.5
156409,3-5-4,175.6
156409,4-5-3,142.9
156409,5-4-3,291.4
156409,6-4-3,2814
156409,1-5-6,104.4
156409,2-5-6,816.4
156409,3-5-6,1058
156409,4-5-6,131.2
156409,5-4-6,276.3
156409,6-4-5,1812
156409,1-6-2,300.4
156409,2-6-1,1018
156409,3-6-1,1389
156409,4-6-1,387.5
156409,5-6-1,775
156409,6-5-1,2608
156409,1-6-3,343.9
156409,2-6-3,1407
156409,3-6-2,1485
156409,4-6-2,568.9
156409,5-6-2,1288
156409,6-5-2,2487
156409,1-6-4,254
156409,2-6-4,1527
156409,3-6-4,1485
156409,4-6-3,816.4
156409,5-6-3,1353
156409,6-5-3,3055
156409,1-6-5,270.7
156409,2-6-5,1243
156409,3-6-5,2546
156409,4-6-5,408.2
156409,5-6-4,972.3
156409,6-5-4,1782
156410,1-2-3,12.3
156410,2-1-3,15.6
156410,3-1-2,19.1
156410,4-1-2,595.9
156410,5-1-2,573
156410,6-1-2,969
156410,1-2-4,52
156410,2-1-4,65.4
156410,3-1-4,35.8
156410,4-1-3,478.6
156410,5-1-3,630.6
156410,6-1-3,816.4
156410,1-2-5,105
156410,2-1-5,130.9
156410,3-1-5,73.8
156410,4-1-5,654.9
156410,5-1-4,1083
156410,6-1-4,2091
156410,1-2-6,98.9
156410,2-1-6,130.1
156410,3-1-6,75.8
156410,4-1-6,1135
156410,5-1-6,1324
156410,6-1-5,1922
156410,1-3-2,12.4
156410,2-3-1,15.6
156410,3-2-1,19.3
156410,4-2-1,490.5
156410,5-2-1,816.4
156410,6-2-1,794.6
156410,1-3-4,29.2
156410,2-3-4,13.2
156410,3-2-4,11.8
156410,4-2-3,167.8
156410,5-2-3,367.8
156410,6-2-3,202
156410,1-3-5,70.4
156410,2-3-5,27.2
156410,3-2-5,24.2
156410,4-2-5,511.5
156410,5-2-4,833.5
156410,6-2-4,789.3
156410,1-3-6,65.3
156410,2-3-6,19.6
156410,3-2-6,16.3
156410,4-2-6,421.1
156410,5-2-6,882.9
156410,6-2-5,1135
156410,1-4-2,154.3
156410,2-4-1,146.2
156410,3-4-1,61
156410,4-3-1,424.1
156410,5-3-1,769
156410,6-3-1,614.4
156410,1-4-3,105.5
156410,2-4-3,39.6
156410,3-4-2,32
156410,4-3-2,166.4
156410,5-3-2,370.1
156410,6-3-2,180.8
156410,1-4-5,322.1
156410,2-4-5,122.6
156410,3-4-5,63.1
156410,4-3-5,404
156410,5-3-4,759.2
156410,6-3-4,422.6
156410,1-4-6,306.4
156410,2-4-6,117.4
156410,3-4-6,47.9
156410,4-3-6,345.4
156410,5-3-6,833.5
156410,6-3-5,851.3
156410,1-5-2,281.1
156410,2-5-1,298.7
156410,3-5-1,138.2
156410,4-5-1,735.7
156410,5-4-1,1295
156410,6-4-1,2248
156410,1-5-3,236.4
156410,2-5-3,97.6
156410,3-5-2,79.1
156410,4-5-2,799.9
156410,5-4-2,1241
156410,6-4-2,1146
156410,1-5-4,413.8
156410,2-5-4,272.1
156410,3-5-4,121.3
156410,4-5-3,644.2
156410,5-4-3,1191
156410,6-4-3,863.7
156410,1-5-6,507.2
156410,2-5-6,246.7
156410,3-5-6,126.9
156410,4-5-6,993.2
156410,5-4-6,1471
156410,6-4-5,1610
156410,1-6-2,411
156410,2-6-1,285.1
156410,3-6-1,144.1
156410,4-6-1,1103
156410,5-6-1,2055
156410,6-5-1,2483
156410,1-6-3,279.1
156410,2-6-3,55.6
156410,3-6-2,46.3
156410,4-6-2,673.4
156410,5-6-2,1436
156410,6-5-2,1453
156410,1-6-4,587.1
156410,2-6-4,234.6
156410,3-6-4,98.9
156410,4-6-3,534.5
156410,5-6-3,1124
156410,6-5-3,1010
156410,1-6-5,681.1
156410,2-6-5,291.4
156410,3-6-5,152
156410,4-6-5,1010
156410,5-6-4,1568
156410,6-5-4,1779
156411,1-2-3,4.6
156411,2-1-3,5.8
156411,3-1-2,20.6
156411,4-1-2,534
156411,5-1-2,125.8
156411,6-1-2,645.6
156411,1-2-4,53.4
156411,2-1-4,67.4
156411,3-1-4,137.1
156411,4-1-3,634.1
156411,5-1-3,158.5
156411,6-1-3,802.5
156411,1-2-5,14.8
156411,2-1-5,19.1
156411,3-1-5,43.4
156411,4-1-5,732.2
156411,5-1-4,1068
156411,6-1-4,3156
156411,1-2-6,98.5
156411,2-1-6,93.4
156411,3-1-6,154.4
156411,4-1-6,1596
156411,5-1-6,563.6
156411,6-1-5,1303
156411,1-3-2,7.5
156411,2-3-1,10.8
156411,3-2-1,25.2
156411,4-2-1,660.6
156411,5-2-1,162.3
156411,6-2-1,959.7
156411,1-3-4,53.9
156411,2-3-4,76.1
156411,3-2-4,113.5
156411,4-2-3,736
156411,5-2-3,176
156411,6-2-3,793.5
156411,1-3-5,21.2
156411,2-3-5,26.9
156411,3-2-5,34.1
156411,4-2-5,763.7
156411,5-2-4,893.3
156411,6-2-4,2291
156411,1-3-6,108.8
156411,2-3-6,110.2
156411,3-2-6,150.6
156411,4-2-6,1268
156411,5-2-6,359.6
156411,6-2-5,1753
156411,1-4-2,226.5
156411,2-4-1,239.5
156411,3-4-1,363.2
156411,4-3-1,696.3
156411,5-3-1,229.4
156411,6-3-1,1235
156411,1-4-3,248.7
156411,2-4-3,282.4
156411,3-4-2,303.5
156411,4-3-2,623
156411,5-3-2,214.9
156411,6-3-2,876.8
156411,1-4-5,344.7
156411,2-4-5,414.1
156411,3-4-5,488.1
156411,4-3-5,910.5
156411,5-3-4,1224
156411,6-3-4,3088
156411,1-4-6,732.2
156411,2-4-6,663.7
156411,3-4-6,728.4
156411,4-3-6,1560
156411,5-3-6,767.8
156411,6-3-5,1869
156411,1-5-2,47.1
156411,2-5-1,62.9
156411,3-5-1,111.1
156411,4-5-1,928.4
156411,5-4-1,1315
156411,6-4-1,4439
156411,1-5-3,61.9
156411,2-5-3,70.8
156411,3-5-2,79.4
156411,4-5-2,1036
156411,5-4-2,1036
156411,6-4-2,2449
156411,1-5-4,308.8
156411,2-5-4,319.9
156411,3-5-4,446.6
156411,4-5-3,1068
156411,5-4-3,1544
156411,6-4-3,3228
156411,1-5-6,269.5
156411,2-5-6,335.8
156411,3-5-6,340.6
156411,4-5-6,1154
156411,5-4-6,1434
156411,6-4-5,3022
156411,1-6-2,425.2
156411,2-6-1,507.3
156411,3-6-1,645.6
156411,4-6-1,2536
156411,5-6-1,1154
156411,6-5-1,2328
156411,1-6-3,518.4
156411,2-6-3,475
156411,3-6-2,534
156411,4-6-2,1869
156411,5-6-2,565.9
156411,6-5-2,1821
156411,1-6-4,1193
156411,2-6-4,1352
156411,3-6-4,1379
156411,4-6-3,2291
156411,5-6-3,1193
156411,6-5-3,2407
156411,1-6-5,614.9
156411,2-6-5,703.2
156411,3-6-5,910.5
156411,4-6-5,1578
156411,5-6-4,2058
156411,6-5-4,3382
156412,1-2-3,8.3
156412,2-1-3,56.5
156412,3-1-2,198.7
156412,4-1-2,390.2
156412,5-1-2,37.9
156412,6-1-2,246.8
156412,1-2-4,19.3
156412,2-1-4,79.9
156412,3-1-4,442.2
156412,4-1-3,833.5
156412,5-1-3,126.1
156412,6-1-3,698.2
156412,1-2-5,5.1
156412,2-1-5,27.8
156412,3-1-5,155.6
156412,4-1-5,262.7
156412,5-1-4,201.2
156412,6-1-4,920.2
156412,1-2-6,11.7
156412,2-1-6,52.8
156412,3-1-6,275.9
156412,4-1-6,500.6
156412,5-1-6,45
156412,6-1-5,247.2
156412,1-3-2,16.9
156412,2-3-1,212.5
156412,3-2-1,320.9
156412,4-2-1,641.9
156412,5-2-1,76.4
156412,6-2-1,379
156412,1-3-4,45.5
156412,2-3-4,581
156412,3-2-4,740.5
156412,4-2-3,1447
156412,5-2-3,302.1
156412,6-2-3,920.2
156412,1-3-5,23.6
156412,2-3-5,346.8
156412,3-2-5,400
156412,4-2-5,833.5
156412,5-2-4,442.2
156412,6-2-4,1608
156412,1-3-6,37.8
156412,2-3-6,452.2
156412,3-2-6,603
156412,4-2-6,936.5
156412,5-2-6,120.1
156412,6-2-5,497.5
156412,1-4-2,51.6
156412,2-4-1,305.5
156412,3-4-1,1020
156412,4-3-1,1408
156412,5-3-1,323.5
156412,6-3-1,1263
156412,1-4-3,85.5
156412,2-4-3,909.7
156412,3-4-2,1396
156412,4-3-2,2015
156412,5-3-2,585.3
156412,6-3-2,1384
156412,1-4-5,60.3
156412,2-4-5,511.9
156412,3-4-5,1315
156412,4-3-5,1990
156412,5-3-4,1337
156412,6-3-4,2894
156412,1-4-6,102
156412,2-4-6,614.7
156412,3-4-6,1372
156412,4-3-6,2067
156412,5-3-6,701.3
156412,6-3-5,1592
156412,1-5-2,8.1
156412,2-5-1,78.7
156412,3-5-1,369.3
156412,4-5-1,341.6
156412,5-4-1,453.5
156412,6-4-1,2041
156412,1-5-3,25.2
156412,2-5-3,264
156412,3-5-2,631.7
156412,4-5-2,639.3
156412,5-4-2,629.2
156412,6-4-2,2449
156412,1-5-4,35.4
156412,2-5-4,393.1
156412,3-5-4,1243
156412,4-5-3,1487
156412,5-4-3,1749
156412,6-4-3,2487
156412,1-5-6,15.2
156412,2-5-6,141.3
156412,3-5-6,713.9
156412,4-5-6,621.9
156412,5-4-6,562.5
156412,6-4-5,2527
156412,1-6-2,43.7
156412,2-6-1,212.8
156412,3-6-1,812.2
156412,4-6-1,816.4
156412,5-6-1,96.4
156412,6-5-1,265.7
156412,1-6-3,109.5
156412,2-6-3,647.1
156412,3-6-2,1040
156412,4-6-2,931
156412,5-6-2,139.6
156412,6-5-2,359.3
156412,1-6-4,186.8
156412,2-6-4,1068
156412,3-6-4,1809
156412,4-6-3,2067
156412,5-6-3,500.6
156412,6-5-3,976.7
156412,1-6-5,46.5
156412,2-6-5,268
156412,3-6-5,1097
156412,4-6-5,953.3
156412,5-6-4,494.4
156412,6-5-4,1068
156413,1-2-3,9.4
156413,2-1-3,127.2
156413,3-1-2,48.3
156413,4-1-2,416.9
156413,5-1-2,200.3
156413,6-1-2,787.1
156413,1-2-4,22.6
156413,2-1-4,207.1
156413,3-1-4,37.3
156413,4-1-3,269.9
156413,5-1-3,106.6
156413,6-1-3,603
156413,1-2-5,12.6
156413,2-1-5,135.1
156413,3-1-5,25.6
156413,4-1-5,245.9
156413,5-1-4,254
156413,6-1-4,1475
156413,1-2-6,26.5
156413,2-1-6,239.4
156413,3-1-6,58
156413,4-1-6,436.4
156413,5-1-6,143.1
156413,6-1-5,582.7
156413,1-3-2,8
156413,2-3-1,320.9
156413,3-2-1,168.5
156413,4-2-1,795.5
156413,5-2-1,388.8
156413,6-2-1,1180
156413,1-3-4,13.1
156413,2-3-4,1038
156413,3-2-4,393.5
156413,4-2-3,1162
156413,5-2-3,630.1
156413,6-2-3,2096
156413,1-3-5,6.7
156413,2-3-5,549.8
156413,3-2-5,297.1
156413,4-2-5,1156
156413,5-2-4,1319
156413,6-2-4,3073
156413,1-3-6,17
156413,2-3-6,1058
156413,3-2-6,596.6
156413,4-2-6,1447
156413,5-2-6,740.4
156413,6-2-5,1869
156413,1-4-2,39.2
156413,2-4-1,862.8
156413,3-4-1,101.1
156413,4-3-1,339.4
156413,5-3-1,206
156413,6-3-1,938.6
156413,1-4-3,30.7
156413,2-4-3,1466
156413,3-4-2,279
156413,4-3-2,954.6
156413,5-3-2,530.3
156413,6-3-2,1794
156413,1-4-5,30.9
156413,2-4-5,1260
156413,3-4-5,149.8
156413,4-3-5,433
156413,5-3-4,673.7
156413,6-3-4,1901
156413,1-4-6,51.9
156413,2-4-6,1613
156413,3-4-6,268.6
156413,4-3-6,618
156413,5-3-6,475.3
156413,6-3-5,1267
156413,1-5-2,23.3
156413,2-5-1,415.4
156413,3-5-1,82.1
156413,4-5-1,339.9
156413,5-4-1,551.2
156413,6-4-1,2058
156413,1-5-3,13.5
156413,2-5-3,631.9
156413,3-5-2,217.5
156413,4-5-2,806.9
156413,5-4-2,1253
156413,6-4-2,2804
156413,1-5-4,37.9
156413,2-5-4,1311
156413,3-5-4,180
156413,4-5-3,512.2
156413,5-4-3,846.5
156413,6-4-3,2096
156413,1-5-6,26.7
156413,2-5-6,862.8
156413,3-5-6,180.3
156413,4-5-6,548.5
156413,5-4-6,843.4
156413,6-4-5,2336
156413,1-6-2,83
156413,2-6-1,908.2
156413,3-6-1,325.1
156413,4-6-1,1006
156413,5-6-1,373.9
156413,6-5-1,773.6
156413,1-6-3,75.6
156413,2-6-3,1281
156413,3-6-2,750.3
156413,4-6-2,1901
156413,5-6-2,872.9
156413,6-5-2,1794
156413,1-6-4,151.1
156413,2-6-4,2412
156413,3-6-4,595
156413,4-6-3,1048
156413,5-6-3,614.6
156413,6-5-3,1419
156413,1-6-5,80.9
156413,2-6-5,1180
156413,3-6-5,435.6
156413,4-6-5,1187
156413,5-6-4,1156
156413,6-5-4,2336
156414,1-2-3,9.6
156414,2-1-3,75.9
156414,3-1-2,33.7
156414,4-1-2,175.2
156414,5-1-2,400.4
156414,6-1-2,701.4
156414,1-2-4,22
156414,2-1-4,167.2
156414,3-1-4,24.2
156414,4-1-3,84.3
156414,5-1-3,364.9
156414,6-1-3,429
156414,1-2-5,37.9
156414,2-1-5,250.3
156414,3-1-5,47.1
156414,4-1-5,130
156414,5-1-4,384.8
156414,6-1-4,603
156414,1-2-6,48.3
156414,2-1-6,379.6
156414,3-1-6,55
156414,4-1-6,115.6
156414,5-1-6,297
156414,6-1-5,573.3
156414,1-3-2,7
156414,2-3-1,194.5
156414,3-2-1,130.9
156414,4-2-1,430
156414,5-2-1,887
156414,6-2-1,1170
156414,1-3-4,5.5
156414,2-3-4,763.7
156414,3-2-4,419
156414,4-2-3,860
156414,5-2-3,1569
156414,6-2-3,2082
156414,1-3-5,17
156414,2-3-5,1412
156414,3-2-5,521.9
156414,4-2-5,1309
156414,5-2-4,1621
156414,6-2-4,2082
156414,1-3-6,10.4
156414,2-3-6,1327
156414,3-2-6,689.2
156414,4-2-6,860
156414,5-2-6,1046
156414,6-2-5,1465
156414,1-4-2,24
156414,2-4-1,601.2
156414,3-4-1,80.8
156414,4-3-1,135
156414,5-3-1,757.8
156414,6-3-1,618.1
156414,1-4-3,11.7
156414,2-4-3,1092
156414,3-4-2,324.2
156414,4-3-2,554
156414,5-3-2,1621
156414,6-3-2,1901
156414,1-4-5,36.5
156414,2-4-5,1648
156414,3-4-5,210.2
156414,4-3-5,426.3
156414,5-3-4,1259
156414,6-3-4,1117
156414,1-4-6,20.2
156414,2-4-6,1621
156414,3-4-6,186.4
156414,4-3-6,291.3
156414,5-3-6,1433
156414,6-3-5,1782
156414,1-5-2,53.8
156414,2-5-1,1019
156414,3-5-1,330.2
156414,4-5-1,232.9
156414,5-4-1,526
156414,6-4-1,1009
156414,1-5-3,42.4
156414,2-5-3,2442
156414,3-5-2,781.8
156414,4-5-2,727.2
156414,5-4-2,1228
156414,6-4-2,2126
156414,1-5-4,66
156414,2-5-4,2786
156414,3-5-4,521.9
156414,4-5-3,519.1
156414,5-4-3,969.6
156414,6-4-3,1163
156414,1-5-6,69
156414,2-5-6,2354
156414,3-5-6,563.5
156414,4-5-6,341.6
156414,5-4-6,703.9
156414,6-4-5,1569
156414,1-6-2,97
156414,2-6-1,1383
156414,3-6-1,284.2
156414,4-6-1,282.9
156414,5-6-1,461
156414,6-5-1,752.1
156414,1-6-3,47.6
156414,2-6-3,2535
156414,3-6-2,979.2
156414,4-6-2,871.3
156414,5-6-2,907.3
156414,6-5-2,1345
156414,1-6-4,62.3
156414,2-6-4,2568
156414,3-6-4,420.8
156414,4-6-3,460
156414,5-6-3,1014
156414,6-5-3,1521
156414,1-6-5,111.8
156414,2-6-5,2018
156414,3-6-5,903.2
156414,4-6-5,511.1
156414,5-6-4,999
156414,6-5-4,1476
156415,1-2-3,5.5
156415,2-1-3,20
156415,3-1-2,29.8
156415,4-1-2,193.6
156415,5-1-2,88.3
156415,6-1-2,911.8
156415,1-2-4,18.2
156415,2-1-4,51.6
156415,3-1-4,55.5
156415,4-1-3,216
156415,5-1-3,73
156415,6-1-3,1135
156415,1-2-5,13.4
156415,2-1-5,37.3
156415,3-1-5,33.8
156415,4-1-5,175.4
156415,5-1-4,181.2
156415,6-1-4,2412
156415,1-2-6,178.1
156415,2-1-6,363
156415,3-1-6,275.7
156415,4-1-6,833.1
156415,5-1-6,320.7
156415,6-1-5,1781
156415,1-3-2,5.4
156415,2-3-1,49.6
156415,3-2-1,66.7
156415,4-2-1,290.9
156415,5-2-1,132.4
156415,6-2-1,1362
156415,1-3-4,17.6
156415,2-3-4,125.8
156415,3-2-4,126.5
156415,4-2-3,410.6
156415,5-2-3,145.8
156415,6-2-3,1301
156415,1-3-5,10.3
156415,2-3-5,72.6
156415,3-2-5,83.1
156415,4-2-5,409.1
156415,5-2-4,378.4
156415,6-2-4,2316
156415,1-3-6,134.6
156415,2-3-6,459.5
156415,3-2-6,609.4
156415,4-2-6,1052
156415,5-2-6,457.7
156415,6-2-5,1301
156415,1-4-2,40.4
156415,2-4-1,168.5
156415,3-4-1,170.5
156415,4-3-1,311.2
156415,5-3-1,110.6
156415,6-3-1,1395
156415,1-4-3,39.7
156415,2-4-3,253.9
156415,3-4-2,207.5
156415,4-3-2,466.9
156415,5-3-2,152.5
156415,6-3-2,1447
156415,1-4-5,67.3
156415,2-4-5,285.9
156415,3-4-5,174.9
156415,4-3-5,373.5
156415,5-3-4,300
156415,6-3-4,2105
156415,1-4-6,389.9
156415,2-4-6,877.2
156415,3-4-6,919
156415,4-3-6,1429
156415,5-3-6,600
156415,6-3-5,1608
156415,1-5-2,25.6
156415,2-5-1,107.4
156415,3-5-1,78.5
156415,4-5-1,240.7
156415,5-4-1,328
156415,6-4-1,2824
156415,1-5-3,22
156415,2-5-3,123.7
156415,3-5-2,105.9
156415,4-5-2,350.9
156415,5-4-2,447.1
156415,6-4-2,2463
156415,1-5-4,75.8
156415,2-5-4,358.5
156415,3-5-4,178.1
156415,4-5-3,367.6
156415,5-4-3,406.3
156415,6-4-3,2824
156415,1-5-6,248.5
156415,2-5-6,782.4
156415,3-5-6,536.1
156415,4-5-6,815.5
156415,5-4-6,1015
156415,6-4-5,3216
156415,1-6-2,551.4
156415,2-6-1,1006
156415,3-6-1,883.9
156415,4-6-1,1564
156415,5-6-1,821.2
156415,6-5-1,2031
156415,1-6-3,533.6
156415,2-6-3,1231
156415,3-6-2,1193
156415,4-6-2,1523
156415,5-6-2,751.9
156415,6-5-2,1429
156415,1-6-4,669.3
156415,2-6-4,2105
156415,3-6-4,2031
156415,4-6-3,1898
156415,5-6-3,747.1
156415,6-5-3,1429
156415,1-6-5,697.6
156415,2-6-5,1258
156415,3-6-5,1124
156415,4-6-5,2067
156415,5-6-4,1447
156415,6-5-4,2412
156416,1-2-3,7.8
156416,2-1-3,14.3
156416,3-1-2,36.9
156416,4-1-2,72
156416,5-1-2,138.2
156416,6-1-2,516.6
156416,1-2-4,12.1
156416,2-1-4,17.5
156416,3-1-4,48
156416,4-1-3,163.3
156416,5-1-3,169
156416,6-1-3,1037
156416,1-2-5,15.2
156416,2-1-5,24.8
156416,3-1-5,44.8
156416,4-1-5,137
156416,5-1-4,245.8
156416,6-1-4,1901
156416,1-2-6,119.7
156416,2-1-6,144.8
156416,3-1-6,244.4
156416,4-1-6,497.8
156416,5-1-6,661.4
156416,6-1-5,1006
156416,1-3-2,11.4
156416,2-3-1,36.7
156416,3-2-1,50.2
156416,4-2-1,84.8
156416,5-2-1,167.9
156416,6-2-1,488.9
156416,1-3-4,20.5
156416,2-3-4,47.2
156416,3-2-4,55.8
156416,4-2-3,163.1
156416,5-2-3,256.3
156416,6-2-3,1329
156416,1-3-5,18.5
156416,2-3-5,51
156416,3-2-5,67.4
156416,4-2-5,152.8
156416,5-2-4,370
156416,6-2-4,2173
156416,1-3-6,156.2
156416,2-3-6,271.6
156416,3-2-6,270.5
156416,4-2-6,445.9
156416,5-2-6,786.8
156416,6-2-5,1488
156416,1-4-2,25.7
156416,2-4-1,48.9
156416,3-4-1,81.9
156416,4-3-1,176.4
156416,5-3-1,259.3
156416,6-3-1,1267
156416,1-4-3,44.6
156416,2-4-3,82.6
156416,3-4-2,78.3
156416,4-3-2,155.4
156416,5-3-2,281.7
156416,6-3-2,1329
156416,1-4-5,54.5
156416,2-4-5,84.3
156416,3-4-5,83.4
156416,4-3-5,185.2
156416,5-3-4,520.5
156416,6-3-4,2401
156416,1-4-6,179.4
156416,2-4-6,330.7
156416,3-4-6,269.5
156416,4-3-6,671.1
156416,5-3-6,992.1
156416,6-3-5,2320
156416,1-5-2,42.9
156416,2-5-1,83.9
156416,3-5-1,97.5
156416,4-5-1,169.6
156416,5-4-1,298.9
156416,6-4-1,2535
156416,1-5-3,54.8
156416,2-5-3,102.7
156416,3-5-2,103.5
156416,4-5-2,178.5
156416,5-4-2,326.7
156416,6-4-2,900.7
156416,1-5-4,86
156416,2-5-4,133
156416,3-5-4,111.2
156416,4-5-3,268.9
156416,5-4-3,422.5
156416,6-4-3,2632
156416,1-5-6,349.2
156416,2-5-6,401.5
156416,3-5-6,390
156416,4-5-6,416.1
156416,5-4-6,732.1
156416,6-4-5,814.9
156416,1-6-2,497.8
156416,2-6-1,590.1
156416,3-6-1,889
156416,4-6-1,1140
156416,5-6-1,1316
156416,6-5-1,2173
156416,1-6-3,636.8
156416,2-6-3,633.8
156416,3-6-2,814.9
156416,4-6-2,1006
156416,5-6-2,1029
156416,6-5-2,1690
156416,1-6-4,667.8
156416,2-6-4,796
156416,3-6-4,791.4
156416,4-6-3,1592
156416,5-6-3,1279
156416,6-5-3,2281
156416,1-6-5,716.8
156416,2-6-5,918.8
156416,3-6-5,883.3
156416,4-6-5,925
156416,5-6-4,1190
156416,6-5-4,1850
156417,1-2-3,14.3
156417,2-1-3,21.2
156417,3-1-2,72.3
156417,4-1-2,27.9
156417,5-1-2,109.3
156417,6-1-2,865.4
156417,1-2-4,15.3
156417,2-1-4,23.6
156417,3-1-4,75.6
156417,4-1-3,45.7
156417,5-1-3,148.5
156417,6-1-3,1242
156417,1-2-5,37.3
156417,2-1-5,39.7
156417,3-1-5,91.6
156417,4-1-5,52.5
156417,5-1-4,114.2
156417,6-1-4,1149
156417,1-2-6,151
156417,2-1-6,161.1
156417,3-1-6,211
156417,4-1-6,153.4
156417,5-1-6,208.4
156417,6-1-5,1194
156417,1-3-2,27.6
156417,2-3-1,46.5
156417,3-2-1,79.6
156417,4-2-1,31.2
156417,5-2-1,134.7
156417,6-2-1,1108
156417,1-3-4,33.1
156417,2-3-4,44.9
156417,3-2-4,59.7
156417,4-2-3,34.3
156417,5-2-3,143.5
156417,6-2-3,1540
156417,1-3-5,58.1
156417,2-3-5,57
156417,3-2-5,83.4
156417,4-2-5,36.5
156417,5-2-4,104.5
156417,6-2-4,1426
156417,1-3-6,175.2
156417,2-3-6,175.4
156417,3-2-6,247.2
156417,4-2-6,127.9
156417,5-2-6,212.4
156417,6-2-5,1638
156417,1-4-2,19.4
156417,2-4-1,35.2
156417,3-4-1,92.3
156417,4-3-1,77.7
156417,5-3-1,230.2
156417,6-3-1,1453
156417,1-4-3,28
156417,2-4-3,41.2
156417,3-4-2,72.4
156417,4-3-2,50.8
156417,5-3-2,166.9
156417,6-3-2,1540
156417,1-4-5,49.4
156417,2-4-5,44.7
156417,3-4-5,89.9
156417,4-3-5,68.4
156417,5-3-4,173
156417,6-3-4,1638
156417,1-4-6,163.3
156417,2-4-6,182
156417,3-4-6,239.5
156417,4-3-6,184
156417,5-3-6,244.1
156417,6-3-5,1975
156417,1-5-2,82.9
156417,2-5-1,95.9
156417,3-5-1,139
156417,4-5-1,76.6
156417,5-4-1,125.9
156417,6-4-1,1158
156417,1-5-3,99.4
156417,2-5-3,88.3
156417,3-5-2,98.5
156417,4-5-2,58.1
156417,5-4-2,100.2
156417,6-4-2,1400
156417,1-5-4,83.3
156417,2-5-4,82.9
156417,3-5-4,108.1
156417,4-5-3,89.6
156417,5-4-3,166.1
156417,6-4-3,1692
156417,1-5-6,202.7
156417,2-5-6,241
156417,3-5-6,152.9
156417,4-5-6,92.2
156417,5-4-6,146.5
156417,6-4-5,678.6
156417,1-6-2,464
156417,2-6-1,599.4
156417,3-6-1,672.7
156417,4-6-1,357.4
156417,5-6-1,309.3
156417,6-5-1,1069
156417,1-6-3,534.9
156417,2-6-3,778
156417,3-6-2,755.1
156417,4-6-2,437.6
156417,5-6-2,276.5
156417,6-5-2,1262
156417,1-6-4,415.2
156417,2-6-4,755.1
156417,3-6-4,709.9
156417,4-6-3,601.7
156417,5-6-3,417.4
156417,6-5-3,1339
156417,1-6-5,631.3
156417,2-6-5,616.2
156417,3-6-5,506.7
156417,4-6-5,210.1
156417,5-6-4,195
156417,6-5-4,548.2
156418,1-2-3,7.6
156418,2-1-3,36.7
156418,3-1-2,17.4
156418,4-1-2,181.4
156418,5-1-2,343
156418,6-1-2,977.9
156418,1-2-4,26.1
156418,2-1-4,82.9
156418,3-1-4,20.7
156418,4-1-3,107.6
156418,5-1-3,195.9
156418,6-1-3,973.2
156418,1-2-5,26.6
156418,2-1-5,87.3
156418,3-1-5,18.5
156418,4-1-5,190.6
156418,5-1-4,490.1
156418,6-1-4,1667
156418,1-2-6,175.5
156418,2-1-6,416.8
156418,3-1-6,118.8
156418,4-1-6,470.8
156418,5-1-6,837.1
156418,6-1-5,2260
156418,1-3-2,6
156418,2-3-1,57.5
156418,3-2-1,37.7
156418,4-2-1,306.8
156418,5-2-1,507.2
156418,6-2-1,1681
156418,1-3-4,9.3
156418,2-3-4,106.9
156418,3-2-4,70.9
156418,4-2-3,384.5
156418,5-2-3,483.1
156418,6-2-3,2676
156418,1-3-5,8.3
156418,2-3-5,90.4
156418,3-2-5,60.9
156418,4-2-5,551.2
156418,5-2-4,1142
156418,6-2-4,4237
156418,1-3-6,63.1
156418,2-3-6,612.7
156418,3-2-6,396.5
156418,4-2-6,1027
156418,5-2-6,1506
156418,6-2-5,3447
156418,1-4-2,36.7
156418,2-4-1,215.7
156418,3-4-1,47.2
156418,4-3-1,129.4
156418,5-3-1,218.2
156418,6-3-1,1189
156418,1-4-3,23.7
156418,2-4-3,236.5
156418,3-4-2,86.6
156418,4-3-2,273.7
156418,5-3-2,404.4
156418,6-3-2,2607
156418,1-4-5,64
156418,2-4-5,391.1
156418,3-4-5,77.1
156418,4-3-5,224.2
156418,5-3-4,591.3
156418,6-3-4,2786
156418,1-4-6,164.5
156418,2-4-6,1082
156418,3-4-6,256.8
156418,4-3-6,627.8
156418,5-3-6,1117
156418,6-3-5,2786
156418,1-5-2,49.6
156418,2-5-1,292.6
156418,3-5-1,52
156418,4-5-1,256.5
156418,5-4-1,557.3
156418,6-4-1,3036
156418,1-5-3,31.5
156418,2-5-3,259.7
156418,3-5-2,80.1
156418,4-5-2,509.8
156418,5-4-2,1027
156418,6-4-2,5085
156418,1-5-4,101.9
156418,2-5-4,739.6
156418,3-5-4,106.7
156418,4-5-3,350.7
156418,5-4-3,649.8
156418,6-4-3,4328
156418,1-5-6,256.1
156418,2-5-6,1255
156418,3-5-6,314.4
156418,4-5-6,579.5
156418,5-4-6,1247
156418,6-4-5,4730
156418,1-6-2,494.9
156418,2-6-1,1383
156418,3-6-1,487.8
156418,4-6-1,1037
156418,5-6-1,2034
156418,6-5-1,3507
156418,1-6-3,300.9
156418,2-6-3,1589
156418,3-6-2,804
156418,4-6-2,1541
156418,5-6-2,2905
156418,6-5-2,3568
156418,1-6-4,539.5
156418,2-6-4,2187
156418,3-6-4,633.6
156418,4-6-3,1627
156418,5-6-3,2574
156418,6-5-3,3988
156418,1-6-5,487.8
156418,2-6-5,2607
156418,3-6-5,718.7
156418,4-6-5,1240
156418,5-6-4,1974
156418,6-5-4,4237
156419,1-2-3,15.3
156419,2-1-3,112
156419,3-1-2,28.9
156419,4-1-2,356.6
156419,5-1-2,547.6
156419,6-1-2,255.5
156419,1-2-4,43
156419,2-1-4,242.1
156419,3-1-4,23.2
156419,4-1-3,123.5
156419,5-1-3,166.1
156419,6-1-3,95.3
156419,1-2-5,50.3
156419,2-1-5,321.3
156419,3-1-5,22.9
156419,4-1-5,271.2
156419,5-1-4,572.3
156419,6-1-4,328
156419,1-2-6,34.9
156419,2-1-6,194.4
156419,3-1-6,14
156419,4-1-6,181.9
156419,5-1-6,239.9
156419,6-1-5,340.4
156419,1-3-2,8.6
156419,2-3-1,188.2
156419,3-2-1,114.5
156419,4-2-1,759.9
156419,5-2-1,1070
156419,6-2-1,607.5
156419,1-3-4,11.7
156419,2-3-4,447.9
156419,3-2-4,246.4
156419,4-2-3,889.9
156419,5-2-3,1663
156419,6-2-3,909.9
156419,1-3-5,12.9
156419,2-3-5,552.1
156419,3-2-5,263.3
156419,4-2-5,1149
156419,5-2-4,2242
156419,6-2-4,1130
156419,1-3-6,7.4
156419,2-3-6,370.2
156419,3-2-6,164
156419,4-2-6,897.8
156419,5-2-6,1819
156419,6-2-5,1486
156419,1-4-2,70.1
156419,2-4-1,540.3
156419,3-4-1,56.3
156419,4-3-1,138.5
156419,5-3-1,238
156419,6-3-1,120.3
156419,1-4-3,35.9
156419,2-4-3,744.6
156419,3-4-2,156.8
156419,4-3-2,558.2
156419,5-3-2,1111
156419,6-3-2,467.5
156419,1-4-5,90.6
156419,2-4-5,1166
156419,3-4-5,100.1
156419,4-3-5,215.1
156419,5-3-4,791
156419,6-3-4,409.5
156419,1-4-6,51.2
156419,2-4-6,1009
156419,3-4-6,57.5
156419,4-3-6,149.3
156419,5-3-6,284.1
156419,6-3-5,447.9
156419,1-5-2,95.2
156419,2-5-1,1022
156419,3-5-1,78.2
156419,4-5-1,308.8
156419,5-4-1,745.9
156419,6-4-1,520.9
156419,1-5-3,38.5
156419,2-5-3,1197
156419,3-5-2,269.8
156419,4-5-2,874.6
156419,5-4-2,1444
156419,6-4-2,1099
156419,1-5-4,123.4
156419,2-5-4,2029
156419,3-5-4,186.2
156419,4-5-3,311.2
156419,5-4-3,723.3
156419,6-4-3,552.8
156419,1-5-6,57.7
156419,2-5-6,1643
156419,3-5-6,84.9
156419,4-5-6,261.9
156419,5-4-6,650.3
156419,6-4-5,859.7
156419,1-6-2,50.8
156419,2-6-1,571.5
156419,3-6-1,38.8
156419,4-6-1,202
156419,5-6-1,567.5
156419,6-5-1,630.1
156419,1-6-3,22.4
156419,2-6-3,765.7
156419,3-6-2,139.4
156419,4-6-2,605.7
156419,5-6-2,1566
156419,6-5-2,1326
156419,1-6-4,71
156419,2-6-4,1380
156419,3-6-4,98.5
156419,4-6-3,225.2
156419,5-6-3,498.5
156419,6-5-3,648.2
156419,1-6-5,66.5
156419,2-6-5,1610
156419,3-6-5,103.5
156419,4-6-5,343.3
156419,5-6-4,1233
156419,6-5-4,1111
156420,1-2-3,9.7
156420,2-1-3,143.7
156420,3-1-2,47.7
156420,4-1-2,192
156420,5-1-2,233.1
156420,6-1-2,1968
156420,1-2-4,20.1
156420,2-1-4,248.2
156420,3-1-4,21
156420,4-1-3,89.4
156420,5-1-3,136.5
156420,6-1-3,1382
156420,1-2-5,30.8
156420,2-1-5,311.8
156420,3-1-5,29.8
156420,4-1-5,122.8
156420,5-1-4,218.8
156420,6-1-4,3481
156420,1-2-6,105.1
156420,2-1-6,659.7
156420,3-1-6,113
156420,4-1-6,365.4
156420,5-1-6,406.9
156420,6-1-5,3213
156420,1-3-2,6.1
156420,2-3-1,308.9
156420,3-2-1,193.1
156420,4-2-1,472.4
156420,5-2-1,397.5
156420,6-2-1,2960
156420,1-3-4,4.5
156420,2-3-4,876.5
156420,3-2-4,428.2
156420,4-2-3,785
156420,5-2-3,770.5
156420,6-2-3,4947
156420,1-3-5,6.7
156420,2-3-5,947.1
156420,3-2-5,498
156420,4-2-5,886.8
156420,5-2-4,1000
156420,6-2-4,3798
156420,1-3-6,37.2
156420,2-3-6,2379
156420,3-2-6,1065
156420,4-2-6,1627
156420,5-2-6,1228
156420,6-2-5,6267
156420,1-4-2,24.2
156420,2-4-1,605.5
156420,3-4-1,64.9
156420,4-3-1,149.9
156420,5-3-1,202.7
156420,6-3-1,1627
156420,1-4-3,11.9
156420,2-4-3,1232
156420,3-4-2,263.6
156420,4-3-2,562
156420,5-3-2,639.5
156420,6-3-2,3798
156420,1-4-5,26.7
156420,2-4-5,1541
156420,3-4-5,146.5
156420,4-3-5,347.2
156420,5-3-4,615.4
156420,6-3-4,3449
156420,1-4-6,88.1
156420,2-4-6,2426
156420,3-4-6,420.6
156420,4-3-6,717.6
156420,5-3-6,974.1
156420,6-3-5,3650
156420,1-5-2,46.4
156420,2-5-1,720.3
156420,3-5-1,116.8
156420,4-5-1,191
156420,5-4-1,326.9
156420,6-4-1,3082
156420,1-5-3,24.2
156420,2-5-3,1274
156420,3-5-2,379.4
156420,4-5-2,531.1
156420,5-4-2,878.5
156420,6-4-2,4087
156420,1-5-4,51.8
156420,2-5-4,1816
156420,3-5-4,255.8
156420,4-5-3,399.1
156420,5-4-3,709.5
156420,6-4-3,3876
156420,1-5-6,142.4
156420,2-5-6,1717
156420,3-5-6,589.3
156420,4-5-6,506.1
156420,5-4-6,901.7
156420,6-4-5,4423
156420,1-6-2,396.6
156420,2-6-1,1899
156420,3-6-1,731.5
156420,4-6-1,1024
156420,5-6-1,1074
156420,6-5-1,4000
156420,1-6-3,268.7
156420,2-6-3,3686
156420,3-6-2,2265
156420,4-6-2,1701
156420,5-6-2,1773
156420,6-5-2,3958
156420,1-6-4,442.9
156420,2-6-4,4178
156420,3-6-4,1357
156420,4-6-3,1560
156420,5-6-3,1397
156420,6-5-3,3876
156420,1-6-5,435.2
156420,2-6-5,3798
156420,3-6-5,1534
156420,4-6-5,1310
156420,5-6-4,1656
156420,6-5-4,4947
156421,1-2-3,27.7
156421,2-1-3,83
156421,3-1-2,205.3
156421,4-1-2,801.2
156421,5-1-2,31.7
156421,6-1-2,168.6
156421,1-2-4,59.4
156421,2-1-4,126.2
156421,3-1-4,306.1
156421,4-1-3,866.5
156421,5-1-3,66.6
156421,6-1-3,240.1
156421,1-2-5,11.9
156421,2-1-5,28.3
156421,3-1-5,102
156421,4-1-5,312.9
156421,5-1-4,72.9
156421,6-1-4,381.8
156421,1-2-6,24.8
156421,2-1-6,49.4
156421,3-1-6,156.9
156421,4-1-6,422.2
156421,5-1-6,16.9
156421,6-1-5,81.8
156421,1-3-2,41.5
156421,2-3-1,206.3
156421,3-2-1,310.8
156421,4-2-1,1015
156421,5-2-1,63.1
156421,6-2-1,272.6
156421,1-3-4,78.3
156421,2-3-4,385.7
156421,3-2-4,483.5
156421,4-2-3,1272
156421,5-2-3,160.1
156421,6-2-3,498
156421,1-3-5,23.5
156421,2-3-5,119.9
156421,3-2-5,183.5
156421,4-2-5,543.2
156421,5-2-4,193.1
156421,6-2-4,670.7
156421,1-3-6,39.7
156421,2-3-6,182.6
156421,3-2-6,250.8
156421,4-2-6,636.2
156421,5-2-6,52.7
156421,6-2-5,170.6
156421,1-4-2,130.8
156421,2-4-1,372.9
156421,3-4-1,584.7
156421,4-3-1,1363
156421,5-3-1,177.4
156421,6-3-1,492.9
156421,1-4-3,160.7
156421,2-4-3,564.9
156421,3-4-2,778.4
156421,4-3-2,1589
156421,5-3-2,236.5
156421,6-3-2,724
156421,1-4-5,64.9
156421,2-4-5,239
156421,3-4-5,410.9
156421,4-3-5,1043
156421,5-3-4,447.4
156421,6-3-4,1100
156421,1-4-6,90.4
156421,2-4-6,347.5
156421,3-4-6,526.8
156421,4-3-6,1298
156421,5-3-6,122
156421,6-3-5,341.9
156421,1-5-2,12.7
156421,2-5-1,53.3
156421,3-5-1,145
156421,4-5-1,274.5
156421,5-4-1,142.4
156421,6-4-1,718.5
156421,1-5-3,21.5
156421,2-5-3,99.4
156421,3-5-2,193.2
156421,4-5-2,461.4
156421,5-4-2,252.4
156421,6-4-2,841.7
156421,1-5-4,43.8
156421,2-5-4,163.4
156421,3-5-4,306.6
156421,4-5-3,769
156421,5-4-3,604.1
156421,6-4-3,1289
156421,1-5-6,10.7
156421,2-5-6,47.8
156421,3-5-6,113.8
156421,4-5-6,156.8
156421,5-4-6,83.9
156421,6-4-5,348.8
156421,1-6-2,49.8
156421,2-6-1,148.1
156421,3-6-1,336.2
156421,4-6-1,492.9
156421,5-6-1,26.8
156421,6-5-1,71.5
156421,1-6-3,62.9
156421,2-6-3,274.3
156421,3-6-2,479.3
156421,4-6-2,732.3
156421,5-6-2,43.9
156421,6-5-2,105.7
156421,1-6-4,107.4
156421,2-6-4,341.6
156421,3-6-4,688.8
156421,4-6-3,1164
156421,5-6-3,93.5
156421,6-5-3,190.9
156421,1-6-5,25.2
156421,2-6-5,87.8
156421,3-6-5,195.5
156421,4-6-5,247.2
156421,5-6-4,86.2
156421,6-5-4,192.8
156422,1-2-3,16.1
156422,2-1-3,78.1
156422,3-1-2,157.2
156422,4-1-2,97.3
156422,5-1-2,336.8
156422,6-1-2,183.9
156422,1-2-4,11.1
156422,2-1-4,63.3
156422,3-1-4,125.8
156422,4-1-3,141.9
156422,5-1-3,469.8
156422,6-1-3,291.2
156422,1-2-5,27.5
156422,2-1-5,96.2
156422,3-1-5,160.3
156422,4-1-5,102.3
156422,5-1-4,247.7
156422,6-1-4,103.7
156422,1-2-6,13.5
156422,2-1-6,63.1
156422,3-1-6,110.7
156422,4-1-6,43.9
156422,5-1-6,154.9
156422,6-1-5,256.9
156422,1-3-2,22.3
156422,2-3-1,180.8
156422,3-2-1,230.9
156422,4-2-1,197.3
156422,5-2-1,621.8
156422,6-2-1,361.8
156422,1-3-4,20
156422,2-3-4,312.3
156422,3-2-4,356.9
156422,4-2-3,448.2
156422,5-2-3,963.4
156422,6-2-3,763
156422,1-3-5,29.6
156422,2-3-5,285.9
156422,3-2-5,361.8
156422,4-2-5,405.9
156422,5-2-4,838.2
156422,6-2-4,390
156422,1-3-6,17.9
156422,2-3-6,298.8
156422,3-2-6,343.1
156422,4-2-6,170.9
156422,5-2-6,484
156422,6-2-5,692.9
156422,1-4-2,16.1
156422,2-4-1,154.4
156422,3-4-1,218.8
156422,4-3-1,350.4
156422,5-3-1,763
156422,6-3-1,565.5
156422,1-4-3,21.6
156422,2-4-3,377.9
156422,3-4-2,359.8
156422,4-3-2,517.2
156422,5-3-2,1041
156422,6-3-2,992.1
156422,1-4-5,28.3
156422,2-4-5,389.6
156422,3-4-5,307.7
156422,4-3-5,512.5
156422,5-3-4,852.5
156422,6-3-4,576.1
156422,1-4-6,10.9
156422,2-4-6,163.9
156422,3-4-6,165.5
156422,4-3-6,272.1
156422,5-3-6,696.5
156422,6-3-5,904.5
156422,1-5-2,49.5
156422,2-5-1,309.2
156422,3-5-1,335.9
156422,4-5-1,157.2
156422,5-4-1,348.5
156422,6-4-1,125
156422,1-5-3,46.3
156422,2-5-3,526.7
156422,3-5-2,469.8
156422,4-5-2,309.2
156422,5-4-2,664.1
156422,6-4-2,271
156422,1-5-4,49.4
156422,2-5-4,527.4
156422,3-5-4,492.3
156422,4-5-3,438.8
156422,5-4-3,811
156422,6-4-3,393.5
156422,1-5-6,35.3
156422,2-5-6,381.1
156422,3-5-6,315.8
156422,4-5-6,86.2
156422,5-4-6,180.3
156422,6-4-5,202.9
156422,1-6-2,31.4
156422,2-6-1,203.9
156422,3-6-1,267.9
156422,4-6-1,58.7
156422,5-6-1,280.9
156422,6-5-1,434.1
156422,1-6-3,41.6
156422,2-6-3,544.7
156422,3-6-2,470.3
156422,4-6-2,118.1
156422,5-6-2,565.5
156422,6-5-2,716.5
156422,1-6-4,22.6
156422,2-6-4,244.2
156422,3-6-4,292.4
156422,4-6-3,217.7
156422,5-6-3,726.9
156422,6-5-3,856.1
156422,1-6-5,53.1
156422,2-6-5,488.1
156422,3-6-5,422.2
156422,4-6-5,88.9
156422,5-6-4,241.2
156422,6-5-4,287.8
156423,1-2-3,9.4
156423,2-1-3,53.9
156423,3-1-2,41.9
156423,4-1-2,230.4
156423,5-1-2,755.7
156423,6-1-2,555.7
156423,1-2-4,17.5
156423,2-1-4,79.7
156423,3-1-4,22.8
156423,4-1-3,92.5
156423,5-1-3,360
156423,6-1-3,357.9
156423,1-2-5,46.6
156423,2-1-5,201.7
156423,3-1-5,42.8
156423,4-1-5,178
156423,5-1-4,575.1
156423,6-1-4,973.8
156423,1-2-6,30.8
156423,2-1-6,163.2
156423,3-1-6,41.7
156423,4-1-6,167.8
156423,5-1-6,600.9
156423,6-1-5,1493
156423,1-3-2,8
156423,2-3-1,122.9
156423,3-2-1,123.3
156423,4-2-1,456.8
156423,5-2-1,1158
156423,6-2-1,1101
156423,1-3-4,5.5
156423,2-3-4,239.6
156423,3-2-4,163.6
156423,4-2-3,621
156423,5-2-3,1263
156423,6-2-3,1563
156423,1-3-5,13.5
156423,2-3-5,473.9
156423,3-2-5,256.2
156423,4-2-5,814.6
156423,5-2-4,1635
156423,6-2-4,2186
156423,1-3-6,12.5
156423,2-3-6,390.6
156423,3-2-6,240
156423,4-2-6,670.5
156423,5-2-6,1581
156423,6-2-5,2393
156423,1-4-2,24.3
156423,2-4-1,260.9
156423,3-4-1,57.9
156423,4-3-1,134.5
156423,5-3-1,454.8
156423,6-3-1,643.3
156423,1-4-3,13.2
156423,2-4-3,397.4
156423,3-4-2,155.3
156423,4-3-2,452.4
156423,5-3-2,1190
156423,6-3-2,1498
156423,1-4-5,37.4
156423,2-4-5,883.4
156423,3-4-5,125.2
156423,4-3-5,339.5
156423,5-3-4,939.6
156423,6-3-4,1107
156423,1-4-6,26.8
156423,2-4-6,595.1
156423,3-4-6,97
156423,4-3-6,248.9
156423,5-3-6,1065
156423,6-3-5,2100
156423,1-5-2,104.7
156423,2-5-1,941.7
156423,3-5-1,167.7
156423,4-5-1,312.5
156423,5-4-1,721.3
156423,6-4-1,1322
156423,1-5-3,55.1
156423,2-5-3,1082
156423,3-5-2,425
156423,4-5-2,658.2
156423,5-4-2,1428
156423,6-4-2,2267
156423,1-5-4,88.9
156423,2-5-4,1667
156423,3-5-4,279.3
156423,4-5-3,463.7
156423,5-4-3,933.5
156423,6-4-3,1404
156423,1-5-6,105.6
156423,2-5-6,1477
156423,3-5-6,341.6
156423,4-5-6,347.5
156423,5-4-6,958.5
156423,6-4-5,2354
156423,1-6-2,116.6
156423,2-6-1,598.4
156423,3-6-1,214.4
156423,4-6-1,375.2
156423,5-6-1,1173
156423,6-5-1,1912
156423,1-6-3,62.4
156423,2-6-3,943.8
156423,3-6-2,518.7
156423,4-6-2,840.1
156423,5-6-2,2153
156423,6-5-2,3082
156423,1-6-4,90
156423,2-6-4,1334
156423,3-6-4,319.5
156423,4-6-3,493
156423,5-6-3,1326
156423,6-5-3,2208
156423,1-6-5,157.1
156423,2-6-5,2100
156423,3-6-5,521.9
156423,4-6-5,622.8
156423,5-6-4,1552
156423,6-5-4,2328
156424,1-2-3,7.6
156424,2-1-3,51.6
156424,3-1-2,151.1
156424,4-1-2,47.4
156424,5-1-2,246.1
156424,6-1-2,952
156424,1-2-4,4.5
156424,2-1-4,30.8
156424,3-1-4,145.2
156424,4-1-3,121.2
156424,5-1-3,446.2
156424,6-1-3,1509
156424,1-2-5,14.9
156424,2-1-5,76.7
156424,3-1-5,250.6
156424,4-1-5,69.7
156424,5-1-4,265.6
156424,6-1-4,1156
156424,1-2-6,31.7
156424,2-1-6,129.3
156424,3-1-6,404.1
156424,4-1-6,100.5
156424,5-1-6,410.6
156424,6-1-5,2116
156424,1-3-2,15
156424,2-3-1,153.2
156424,3-2-1,244.3
156424,4-2-1,94
156424,5-2-1,417.3
156424,6-2-1,1346
156424,1-3-4,13.6
156424,2-3-4,211.6
156424,3-2-4,284
156424,4-2-3,306.7
156424,5-2-3,868.4
156424,6-2-3,1863
156424,1-3-5,30.7
156424,2-3-5,393
156424,3-2-5,532.5
156424,4-2-5,210.5
156424,5-2-4,616.5
156424,6-2-4,1788
156424,1-3-6,59.5
156424,2-3-6,692.2
156424,3-2-6,815.8
156424,4-2-6,314.8
156424,5-2-6,622
156424,6-2-5,3296
156424,1-4-2,7.7
156424,2-4-1,84.8
156424,3-4-1,264.5
156424,4-3-1,274.2
156424,5-3-1,853.1
156424,6-3-1,2222
156424,1-4-3,14.2
156424,2-4-3,208.5
156424,3-4-2,316.1
156424,4-3-2,360.5
156424,5-3-2,1072
156424,6-3-2,2563
156424,1-4-5,18.4
156424,2-4-5,252.5
156424,3-4-5,479.3
156424,4-3-5,505.3
156424,5-3-4,1236
156424,6-3-4,2936
156424,1-4-6,29
156424,2-4-6,357.1
156424,3-4-6,665.6
156424,4-3-6,697.2
156424,5-3-6,1519
156424,6-3-5,3785
156424,1-5-2,50.9
156424,2-5-1,373.6
156424,3-5-1,562.8
156424,4-5-1,125.1
156424,5-4-1,328.5
156424,6-4-1,1459
156424,1-5-3,71.1
156424,2-5-3,757.1
156424,3-5-2,853.1
156424,4-5-2,181.9
156424,5-4-2,439.3
156424,6-4-2,1821
156424,1-5-4,62
156424,2-5-4,567.4
156424,3-5-4,847.1
156424,4-5-3,492.9
156424,5-4-3,859.2
156424,6-4-3,3028
156424,1-5-6,133
156424,2-5-6,899
156424,3-5-6,1299
156424,4-5-6,212.4
156424,5-4-6,488
156424,6-4-5,2173
156424,1-6-2,158.5
156424,2-6-1,633.4
156424,3-6-1,1392
156424,4-6-1,280.2
156424,5-6-1,1051
156424,6-5-1,2833
156424,1-6-3,235.5
156424,2-6-3,1421
156424,3-6-2,1994
156424,4-6-2,472.3
156424,5-6-2,1295
156424,6-5-2,4004
156424,1-6-4,146.2
156424,2-6-4,910.8
156424,3-6-4,1682
156424,4-6-3,1223
156424,5-6-3,2002
156424,6-5-3,3643
156424,1-6-5,265
156424,2-6-5,1481
156424,3-6-5,2537
156424,4-6-5,423.2
156424,5-6-4,1011
156424,6-5-4,2202
156425,1-2-3,5.4
156425,2-1-3,20.7
156425,3-1-2,45.2
156425,4-1-2,159.3
156425,5-1-2,344.8
156425,6-1-2,1090
156425,1-2-4,8.5
156425,2-1-4,21.1
156425,3-1-4,46.7
156425,4-1-3,172.4
156425,5-1-3,332.1
156425,6-1-3,1238
156425,1-2-5,15.8
156425,2-1-5,53.6
156425,3-1-5,53.7
156425,4-1-5,209
156425,5-1-4,539.5
156425,6-1-4,1702
156425,1-2-6,58.4
156425,2-1-6,127
156425,3-1-6,140
156425,4-1-6,359.1
156425,5-1-6,686.9
156425,6-1-5,1857
156425,1-3-2,7.5
156425,2-3-1,62.7
156425,3-2-1,96.9
156425,4-2-1,240
156425,5-2-1,612.2
156425,6-2-1,1554
156425,1-3-4,10.9
156425,2-3-4,63.9
156425,3-2-4,89.5
156425,4-2-3,323
156425,5-2-3,914.5
156425,6-2-3,2289
156425,1-3-5,13.7
156425,2-3-5,211
156425,3-2-5,183.8
156425,4-2-5,457.2
156425,5-2-4,1102
156425,6-2-4,2125
156425,1-3-6,59.4
156425,2-3-6,526.5
156425,3-2-6,447.5
156425,4-2-6,783.5
156425,5-2-6,1267
156425,6-2-5,2910
156425,1-4-2,19.6
156425,2-4-1,73.2
156425,3-4-1,109
156425,4-3-1,305.3
156425,5-3-1,482.6
156425,6-3-1,2080
156425,1-4-3,22.8
156425,2-4-3,98.5
156425,3-4-2,132.1
156425,4-3-2,431.8
156425,5-3-2,777.3
156425,6-3-2,3014
156425,1-4-5,43.9
156425,2-4-5,288.2
156425,3-4-5,166.7
156425,4-3-5,535.1
156425,5-3-4,992.9
156425,6-3-4,2391
156425,1-4-6,76.1
156425,2-4-6,524.6
156425,3-4-6,301.5
156425,4-3-6,946.8
156425,5-3-6,1160
156425,6-3-5,2441
156425,1-5-2,50
156425,2-5-1,275.1
156425,3-5-1,162.1
156425,4-5-1,345.1
156425,5-4-1,808.2
156425,6-4-1,2514
156425,1-5-3,45.9
156425,2-5-3,574.1
156425,3-5-2,265.4
156425,4-5-2,512.8
156425,5-4-2,1031
156425,6-4-2,2673
156425,1-5-4,85.9
156425,2-5-4,511.9
156425,3-5-4,294.8
156425,4-5-3,634.5
156425,5-4-3,1312
156425,6-4-3,2773
156425,1-5-6,168.7
156425,2-5-6,873.9
156425,3-5-6,442.2
156425,4-5-6,414.3
156425,5-4-6,1013
156425,6-4-5,2363
156425,1-6-2,212.2
156425,2-6-1,739.4
156425,3-6-1,709.2
156425,4-6-1,788.8
156425,5-6-1,1390
156425,6-5-1,2307
156425,1-6-3,235
156425,2-6-3,1304
156425,3-6-2,1129
156425,4-6-2,1112
156425,5-6-2,1784
156425,6-5-2,2773
156425,1-6-4,293.6
156425,2-6-4,1203
156425,3-6-4,926
156425,4-6-3,1265
156425,5-6-3,1650
156425,6-5-3,2451
156425,1-6-5,354.8
156425,2-6-5,1554
156425,3-6-5,872.6
156425,4-6-5,808.2
156425,5-6-4,1554
156425,6-5-4,2095
156426,1-2-3,5.9
156426,2-1-3,31
156426,3-1-2,46.7
156426,4-1-2,197.7
156426,5-1-2,168.6
156426,6-1-2,817.3
156426,1-2-4,12.8
156426,2-1-4,66
156426,3-1-4,55.2
156426,4-1-3,254.1
156426,5-1-3,184.8
156426,6-1-3,1180
156426,1-2-5,11.2
156426,2-1-5,51.6
156426,3-1-5,48.4
156426,4-1-5,208.3
156426,5-1-4,365.9
156426,6-1-4,1453
156426,1-2-6,34.2
156426,2-1-6,112.8
156426,3-1-6,112.3
156426,4-1-6,332.6
156426,5-1-6,314.6
156426,6-1-5,1323
156426,1-3-2,7.7
156426,2-3-1,77
156426,3-2-1,99.9
156426,4-2-1,394.3
156426,5-2-1,301.8
156426,6-2-1,1202
156426,1-3-4,12.6
156426,2-3-4,151.8
156426,3-2-4,153.4
156426,4-2-3,647.1
156426,5-2-3,453
156426,6-2-3,1973
156426,1-3-5,10.3
156426,2-3-5,138.2
156426,3-2-5,127.8
156426,4-2-5,575.2
156426,5-2-4,924.7
156426,6-2-4,2490
156426,1-3-6,32.4
156426,2-3-6,387.4
156426,3-2-6,434.1
156426,4-2-6,926.1
156426,5-2-6,690.7
156426,6-2-5,2174
156426,1-4-2,24.8
156426,2-4-1,281.9
156426,3-4-1,197.1
156426,4-3-1,409
156426,5-3-1,326.1
156426,6-3-1,1628
156426,1-4-3,26.5
156426,2-4-3,329.5
156426,3-4-2,294.3
156426,4-3-2,732.7
156426,5-3-2,470
156426,6-3-2,2012
156426,1-4-5,33
156426,2-4-5,332.3
156426,3-4-5,188.6
156426,4-3-5,495
156426,5-3-4,810.8
156426,6-3-4,2688
156426,1-4-6,52.7
156426,2-4-6,724
156426,3-4-6,367.9
156426,4-3-6,780.6
156426,5-3-6,723.1
156426,6-3-5,2107
156426,1-5-2,24.1
156426,2-5-1,192.8
156426,3-5-1,144.1
156426,4-5-1,373.5
156426,5-4-1,718.5
156426,6-4-1,2210
156426,1-5-3,24.3
156426,2-5-3,294
156426,3-5-2,220.8
156426,4-5-2,628
156426,5-4-2,1157
156426,6-4-2,2630
156426,1-5-4,55.1
156426,2-5-4,459.7
156426,3-5-4,235.1
156426,4-5-3,653.7
156426,5-4-3,1156
156426,6-4-3,3163
156426,1-5-6,53
156426,2-5-6,545.1
156426,3-5-6,315.8
156426,4-5-6,621.6
156426,5-4-6,1083
156426,6-4-5,2682
156426,1-6-2,134.7
156426,2-6-1,692.3
156426,3-6-1,586.9
156426,4-6-1,1013
156426,5-6-1,834.7
156426,6-5-1,1828
156426,1-6-3,150.8
156426,2-6-3,1249
156426,3-6-2,876.1
156426,4-6-2,1526
156426,5-6-2,1077
156426,6-5-2,2159
156426,1-6-4,184.1
156426,2-6-4,1444
156426,3-6-4,852.8
156426,4-6-3,1643
156426,5-6-3,1202
156426,6-5-3,2210
156426,1-6-5,157.1
156426,2-6-5,1137
156426,3-6-5,669.5
156426,4-6-5,1191
156426,5-6-4,1374
156426,6-5-4,2624
156427,1-2-3,25.9
156427,2-1-3,40.4
156427,3-1-2,15.4
156427,4-1-2,188.2
156427,5-1-2,638.8
156427,6-1-2,1317
156427,1-2-4,46.7
156427,2-1-4,50.3
156427,3-1-4,8.3
156427,4-1-3,106.3
156427,5-1-3,215.1
156427,6-1-3,941.1
156427,1-2-5,129.6
156427,2-1-5,229.6
156427,3-1-5,15.7
156427,4-1-5,250.3
156427,5-1-4,560.6
156427,6-1-4,1621
156427,1-2-6,188.2
156427,2-1-6,288.7
156427,3-1-6,42.9
156427,4-1-6,257.7
156427,5-1-6,843.2
156427,6-1-5,3513
156427,1-3-2,15.2
156427,2-3-1,45.6
156427,3-2-1,30.1
156427,4-2-1,150.8
156427,5-2-1,857
156427,6-2-1,2108
156427,1-3-4,11.6
156427,2-3-4,39.3
156427,3-2-4,28.3
156427,4-2-3,160.9
156427,5-2-3,658.8
156427,6-2-3,1527
156427,1-3-5,22.4
156427,2-3-5,150.8
156427,3-2-5,73.3
156427,4-2-5,341.1
156427,5-2-4,967
156427,6-2-4,3194
156427,1-3-6,62.4
156427,2-3-6,184.9
156427,3-2-6,107
156427,4-2-6,479.1
156427,5-2-6,1700
156427,6-2-5,4791
156427,1-4-2,63.5
156427,2-4-1,69.3
156427,3-4-1,14.4
156427,4-3-1,90.4
156427,5-3-1,210.4
156427,6-3-1,1003
156427,1-4-3,43.9
156427,2-4-3,68.8
156427,3-4-2,23.9
156427,4-3-2,173.3
156427,5-3-2,462.3
156427,6-3-2,1171
156427,1-4-5,118
156427,2-4-5,228.6
156427,3-4-5,19.8
156427,4-3-5,130.9
156427,5-3-4,258.3
156427,6-3-4,1054
156427,1-4-6,177.7
156427,2-4-6,290.3
156427,3-4-6,35.5
156427,4-3-6,173
156427,5-3-6,320.3
156427,6-3-5,1443
156427,1-5-2,227.1
156427,2-5-1,405.4
156427,3-5-1,35.3
156427,4-5-1,220
156427,5-4-1,460.3
156427,6-4-1,1673
156427,1-5-3,95.1
156427,2-5-3,366
156427,3-5-2,77.9
156427,4-5-2,472.6
156427,5-4-2,857
156427,6-4-2,3400
156427,1-5-4,221.4
156427,2-5-4,442.9
156427,3-5-4,37
156427,4-5-3,205.4
156427,5-4-3,327.3
156427,6-4-3,1817
156427,1-5-6,476.9
156427,2-5-6,1597
156427,3-5-6,63.3
156427,4-5-6,305.5
156427,5-4-6,476.9
156427,6-4-5,4791
156427,1-6-2,680
156427,2-6-1,830
156427,3-6-1,130.4
156427,4-6-1,419.9
156427,5-6-1,1158
156427,6-5-1,3764
156427,1-6-3,371.1
156427,2-6-3,850
156427,3-6-2,272.3
156427,4-6-2,1184
156427,5-6-2,1301
156427,6-5-2,3513
156427,1-6-4,506.7
156427,2-6-4,857
156427,3-6-4,104.6
156427,4-6-3,627.4
156427,5-6-3,836.5
156427,6-5-3,2108
156427,1-6-5,885.8
156427,2-6-5,1916
156427,3-6-5,137.2
156427,4-6-5,985.1
156427,5-6-4,1368
156427,6-5-4,5019
156428,1-2-3,10.7
156428,2-1-3,96.9
156428,3-1-2,149.1
156428,4-1-2,231.8
156428,5-1-2,77.6
156428,6-1-2,284.1
156428,1-2-4,16.6
156428,2-1-4,118.3
156428,3-1-4,128.9
156428,4-1-3,268.9
156428,5-1-3,122.4
156428,6-1-3,476.1
156428,1-2-5,10.7
156428,2-1-5,81.6
156428,3-1-5,98.7
156428,4-1-5,145
156428,5-1-4,134
156428,6-1-4,422.9
156428,1-2-6,23.4
156428,2-1-6,148.7
156428,3-1-6,154.8
156428,4-1-6,197.6
156428,5-1-6,85.2
156428,6-1-5,247
156428,1-3-2,11.6
156428,2-3-1,248.6
156428,3-2-1,254.9
156428,4-2-1,533.1
156428,5-2-1,202.7
156428,6-2-1,655.5
156428,1-3-4,13.7
156428,2-3-4,548.6
156428,3-2-4,565
156428,4-2-3,1376
156428,5-2-3,560.8
156428,6-2-3,1916
156428,1-3-5,11.4
156428,2-3-5,488.4
156428,3-2-5,520.3
156428,4-2-5,970.6
156428,5-2-4,688.3
156428,6-2-4,2194
156428,1-3-6,23
156428,2-3-6,788.6
156428,3-2-6,784.6
156428,4-2-6,688.3
156428,5-2-6,442.7
156428,6-2-5,1164
156428,1-4-2,24.5
156428,2-4-1,386.2
156428,3-4-1,245.8
156428,4-3-1,488.4
156428,5-3-1,267
156428,6-3-1,970.6
156428,1-4-3,25.4
156428,2-4-3,721
156428,3-4-2,504.7
156428,4-3-2,1428
156428,5-3-2,801.2
156428,6-3-2,1610
156428,1-4-5,22.9
156428,2-4-5,714.2
156428,3-4-5,413.7
156428,4-3-5,875.3
156428,5-3-4,970.6
156428,6-3-4,1328
156428,1-4-6,26.1
156428,2-4-6,688.3
156428,3-4-6,480.7
156428,4-3-6,1023
156428,5-3-6,542.7
156428,6-3-5,1645
156428,1-5-2,16.3
156428,2-5-1,129.6
156428,3-5-1,188.8
156428,4-5-1,223.6
156428,5-4-1,298
156428,6-4-1,952.3
156428,1-5-3,21.2
156428,2-5-3,540.8
156428,3-5-2,402.7
156428,4-5-2,679
156428,5-4-2,788.6
156428,6-4-2,1846
156428,1-5-4,24.3
156428,2-5-4,633.5
156428,3-5-4,491.6
156428,4-5-3,768.6
156428,5-4-3,865.3
156428,6-4-3,1645
156428,1-5-6,20.8
156428,2-5-6,458.8
156428,3-5-6,420.6
156428,4-5-6,380.4
156428,5-4-6,513.3
156428,6-4-5,1241
156428,1-6-2,36
156428,2-6-1,501.4
156428,3-6-1,424.1
156428,4-6-1,411.4
156428,5-6-1,167.1
156428,6-5-1,396.4
156428,1-6-3,45.9
156428,2-6-3,1802
156428,3-6-2,1529
156428,4-6-2,714.2
156428,5-6-2,380.4
156428,6-5-2,946.4
156428,1-6-4,40.5
156428,2-6-4,934.7
156428,3-6-4,1305
156428,4-6-3,1173
156428,5-6-3,445.3
156428,6-5-3,1211
156428,1-6-5,34.2
156428,2-6-5,780.5
156428,3-6-5,661.2
156428,4-6-5,571.4
156428,5-6-4,400.6
156428,6-5-4,814.1
156429,1-2-3,12.4
156429,2-1-3,85.9
156429,3-1-2,147.5
156429,4-1-2,72.8
156429,5-1-2,117.1
156429,6-1-2,535.5
156429,1-2-4,11.3
156429,2-1-4,75.7
156429,3-1-4,70.9
156429,4-1-3,89.5
156429,5-1-3,146.9
156429,6-1-3,714
156429,1-2-5,15.5
156429,2-1-5,86.1
156429,3-1-5,76.3
156429,4-1-5,33.8
156429,5-1-4,72.8
156429,6-1-4,551.4
156429,1-2-6,71.5
156429,2-1-6,317.3
156429,3-1-6,269
156429,4-1-6,113.4
156429,5-1-6,158.2
156429,6-1-5,538.1
156429,1-3-2,16.7
156429,2-3-1,219.7
156429,3-2-1,282
156429,4-2-1,179
156429,5-2-1,233
156429,6-2-1,968.6
156429,1-3-4,11.4
156429,2-3-4,262.7
156429,3-2-4,272.3
156429,4-2-3,266.4
156429,5-2-3,360.5
156429,6-2-3,1768
156429,1-3-5,14.3
156429,2-3-5,347
156429,3-2-5,316.4
156429,4-2-5,156.8
156429,5-2-4,273
156429,6-2-4,1505
156429,1-3-6,36
156429,2-3-6,1102
156429,3-2-6,813.1
156429,4-2-6,415.6
156429,5-2-6,470
156429,6-2-5,1713
156429,1-4-2,15
156429,2-4-1,192.7
156429,3-4-1,145.2
156429,4-3-1,186.9
156429,5-3-1,242.1
156429,6-3-1,1446
156429,1-4-3,17.4
156429,2-4-3,306.8
156429,3-4-2,209.7
156429,4-3-2,269
156429,5-3-2,456.5
156429,6-3-2,1920
156429,1-4-5,13.2
156429,2-4-5,199.9
156429,3-4-5,110.5
156429,4-3-5,137.8
156429,5-3-4,228.7
156429,6-3-4,1614
156429,1-4-6,49.3
156429,2-4-6,732.8
156429,3-4-6,393.6
156429,4-3-6,497.3
156429,5-3-6,589.3
156429,6-3-5,1547
156429,1-5-2,30.8
156429,2-5-1,255.4
156429,3-5-1,171.1
156429,4-5-1,41.7
156429,5-4-1,76.5
156429,6-4-1,856.8
156429,1-5-3,31.2
156429,2-5-3,402.1
156429,3-5-2,371.3
156429,4-5-2,93.6
156429,5-4-2,168.7
156429,6-4-2,1614
156429,1-5-4,24.9
156429,2-5-4,308.5
156429,3-5-4,171.6
156429,4-5-3,108.5
156429,5-4-3,174.8
156429,6-4-3,1638
156429,1-5-6,58
156429,2-5-6,615.4
156429,3-5-6,421.9
156429,4-5-6,66.3
156429,5-4-6,132.1
156429,6-4-5,470
156429,1-6-2,128.9
156429,2-6-1,709.5
156429,3-6-1,994.6
156429,4-6-1,290
156429,5-6-1,303.5
156429,6-5-1,752.6
156429,1-6-3,141.7
156429,2-6-3,1446
156429,3-6-2,1740
156429,4-6-2,667
156429,5-6-2,577.1
156429,6-5-2,1638
156429,1-6-4,132.2
156429,2-6-4,1136
156429,3-6-4,1446
156429,4-6-3,647.6
156429,5-6-3,532.9
156429,6-5-3,1358
156429,1-6-5,109.1
156429,2-6-5,1446
156429,3-6-5,1031
156429,4-6-5,196.8
156429,5-6-4,260.2
156429,6-5-4,425.1
156430,1-2-3,19.2
156430,2-1-3,76.5
156430,3-1-2,66
156430,4-1-2,554.5
156430,5-1-2,90.4
156430,6-1-2,698
156430,1-2-4,38
156430,2-1-4,158.1
156430,3-1-4,67.2
156430,4-1-3,487.7
156430,5-1-3,51.4
156430,6-1-3,597.5
156430,1-2-5,20.4
156430,2-1-5,61.5
156430,3-1-5,26.4
156430,4-1-5,318.7
156430,5-1-4,137.2
156430,6-1-4,1652
156430,1-2-6,76.3
156430,2-1-6,158.4
156430,3-1-6,87.6
156430,4-1-6,422.8
156430,5-1-6,73.2
156430,6-1-5,444.8
156430,1-3-2,18.3
156430,2-3-1,78
156430,3-2-1,81.8
156430,4-2-1,809.6
156430,5-2-1,124.7
156430,6-2-1,1101
156430,1-3-4,19.4
156430,2-3-4,89.9
156430,3-2-4,108.5
156430,4-2-3,564.2
156430,5-2-3,74.7
156430,6-2-3,1031
156430,1-3-5,10.9
156430,2-3-5,33.9
156430,3-2-5,32.4
156430,4-2-5,479.1
156430,5-2-4,325.8
156430,6-2-4,1799
156430,1-3-6,43
156430,2-3-6,112.4
156430,3-2-6,105
156430,4-2-6,809.6
156430,5-2-6,136.4
156430,6-2-5,698
156430,1-4-2,65
156430,2-4-1,300.9
156430,3-4-1,169.9
156430,4-3-1,534.4
156430,5-3-1,61.5
156430,6-3-1,778.5
156430,1-4-3,42.4
156430,2-4-3,222.4
156430,3-4-2,186.3
156430,4-3-2,578.3
156430,5-3-2,70.1
156430,6-3-2,969.6
156430,1-4-5,42.2
156430,2-4-5,215
156430,3-4-5,84.2
156430,4-3-5,263.7
156430,5-3-4,135.2
156430,6-3-4,1255
156430,1-4-6,154.9
156430,2-4-6,367.2
156430,3-4-6,191.6
156430,4-3-6,588.8
156430,5-3-6,61.3
156430,6-3-5,357.4
156430,1-5-2,20.9
156430,2-5-1,86.1
156430,3-5-1,32.1
156430,4-5-1,319.4
156430,5-4-1,221.2
156430,6-4-1,2570
156430,1-5-3,16.3
156430,2-5-3,55.8
156430,3-5-2,33.5
156430,4-5-2,354.3
156430,5-4-2,444.8
156430,6-4-2,1861
156430,1-5-4,33.7
156430,2-5-4,143.1
156430,3-5-4,66.4
156430,4-5-3,301.5
156430,5-4-3,229
156430,6-4-3,1433
156430,1-5-6,41
156430,2-5-6,116.1
156430,3-5-6,31.5
156430,4-5-6,291.2
156430,5-4-6,273
156430,6-4-5,1148
156430,1-6-2,247.2
156430,2-6-1,515.7
156430,3-6-1,218.8
156430,4-6-1,1199
156430,5-6-1,116
156430,6-5-1,364.7
156430,1-6-3,170.8
156430,2-6-3,419.5
156430,3-6-2,291.2
156430,4-6-2,1236
156430,5-6-2,159.7
156430,6-5-2,529.2
156430,1-6-4,252.2
156430,2-6-4,739.4
156430,3-6-4,362.2
156430,4-6-3,1058
156430,5-6-3,101.7
156430,6-5-3,292.3
156430,1-6-5,151.9
156430,2-6-5,300.4
156430,3-6-5,105.6
156430,4-6-5,666.4
156430,5-6-4,284.1
156430,6-5-4,817.8
156431,1-2-3,5.7
156431,2-1-3,43.6
156431,3-1-2,42.5
156431,4-1-2,515.8
156431,5-1-2,140.5
156431,6-1-2,979.3
156431,1-2-4,15.5
156431,2-1-4,112
156431,3-1-4,56.1
156431,4-1-3,424.3
156431,5-1-3,136.1
156431,6-1-3,897.7
156431,1-2-5,11.8
156431,2-1-5,69.3
156431,3-1-5,29.2
156431,4-1-5,466
156431,5-1-4,388.4
156431,6-1-4,1795
156431,1-2-6,37.3
156431,2-1-6,198.6
156431,3-1-6,78
156431,4-1-6,703.7
156431,5-1-6,303.1
156431,6-1-5,1202
156431,1-3-2,6.3
156431,2-3-1,151.6
156431,3-2-1,124.1
156431,4-2-1,939.9
156431,5-2-1,292
156431,6-2-1,1739
156431,1-3-4,13.1
156431,2-3-4,503.7
156431,3-2-4,282.3
156431,4-2-3,1421
156431,5-2-3,429.5
156431,6-2-3,2858
156431,1-3-5,6.6
156431,2-3-5,253
156431,3-2-5,191
156431,4-2-5,1628
156431,5-2-4,1228
156431,6-2-4,3501
156431,1-3-6,26.3
156431,2-3-6,804.8
156431,3-2-6,408.3
156431,4-2-6,1677
156431,5-2-6,851.3
156431,6-2-5,3334
156431,1-4-2,41.6
156431,2-4-1,599.7
156431,3-4-1,162.5
156431,4-3-1,538.6
156431,5-3-1,242.2
156431,6-3-1,1333
156431,1-4-3,36.3
156431,2-4-3,843.6
156431,3-4-2,331.4
156431,4-3-2,1060
156431,5-3-2,457.6
156431,6-3-2,2693
156431,1-4-5,48.2
156431,2-4-5,989.7
156431,3-4-5,197.9
156431,4-3-5,727.5
156431,5-3-4,718.1
156431,6-3-4,1772
156431,1-4-6,93
156431,2-4-6,1481
156431,3-4-6,288.4
156431,4-3-6,782.3
156431,5-3-6,614.2
156431,6-3-5,1761
156431,1-5-2,24.1
156431,2-5-1,252.5
156431,3-5-1,89.2
156431,4-5-1,666.8
156431,5-4-1,795.7
156431,6-4-1,3077
156431,1-5-3,19.7
156431,2-5-3,372.4
156431,3-5-2,180.4
156431,4-5-2,1244
156431,5-4-2,1353
156431,6-4-2,4376
156431,1-5-4,51.3
156431,2-5-4,1089
156431,3-5-4,227.7
156431,4-5-3,841.1
156431,5-4-3,936.7
156431,6-4-3,2000
156431,1-5-6,48.7
156431,2-5-6,1107
156431,3-5-6,189.5
156431,4-5-6,765.2
156431,5-4-6,1037
156431,6-4-5,2258
156431,1-6-2,128.4
156431,2-6-1,1207
156431,3-6-1,358.1
156431,4-6-1,1687
156431,5-6-1,638
156431,6-5-1,1458
156431,1-6-3,123.9
156431,2-6-3,2059
156431,3-6-2,769.4
156431,4-6-2,2435
156431,5-6-2,1196
156431,6-5-2,2887
156431,1-6-4,199.4
156431,2-6-4,2829
156431,3-6-4,608.9
156431,4-6-3,1547
156431,5-6-3,909.4
156431,6-5-3,1600
156431,1-6-5,151
156431,2-6-5,2154
156431,3-6-5,419.9
156431,4-6-5,1407
156431,5-6-4,1228
156431,6-5-4,1931
156432,1-2-3,20.8
156432,2-1-3,124.7
156432,3-1-2,298.2
156432,4-1-2,18.3
156432,5-1-2,233.6
156432,6-1-2,1464
156432,1-2-4,6.6
156432,2-1-4,47.9
156432,3-1-4,165.8
156432,4-1-3,41.6
156432,5-1-3,365.2
156432,6-1-3,3439
156432,1-2-5,36.6
156432,2-1-5,149.4
156432,3-1-5,327.9
156432,4-1-5,16.6
156432,5-1-4,127
156432,6-1-4,1524
156432,1-2-6,156.8
156432,2-1-6,416.6
156432,3-1-6,954.2
156432,4-1-6,50.8
156432,5-1-6,428.7
156432,6-1-5,3018
156432,1-3-2,26.8
156432,2-3-1,341.5
156432,3-2-1,496.3
156432,4-2-1,46.6
156432,5-2-1,508.2
156432,6-2-1,2424
156432,1-3-4,13
156432,2-3-4,427.4
156432,3-2-4,840.4
156432,4-2-3,200.9
156432,5-2-3,913
156432,6-2-3,4622
156432,1-3-5,34.7
156432,2-3-5,782.6
156432,3-2-5,1297
156432,4-2-5,92.9
156432,5-2-4,528.2
156432,6-2-4,3607
156432,1-3-6,191.5
156432,2-3-6,1408
156432,3-2-6,2739
156432,4-2-6,273.4
156432,5-2-6,954.2
156432,6-2-5,3792
156432,1-4-2,5.3
156432,2-4-1,93.3
156432,3-4-1,255.9
156432,4-3-1,152
156432,5-3-1,907.4
156432,6-3-1,3892
156432,1-4-3,10.8
156432,2-4-3,311.3
156432,3-4-2,684.7
156432,4-3-2,330.8
156432,5-3-2,1408
156432,6-3-2,5100
156432,1-4-5,8.5
156432,2-4-5,260.4
156432,3-4-5,606.1
156432,4-3-5,210.7
156432,5-3-4,1222
156432,6-3-4,1998
156432,1-4-6,41.9
156432,2-4-6,618.8
156432,3-4-6,1436
156432,4-3-6,728.6
156432,5-3-6,2739
156432,6-3-5,6430
156432,1-5-2,63.5
156432,2-5-1,417.8
156432,3-5-1,739.5
156432,4-5-1,28.1
156432,5-4-1,139.5
156432,6-4-1,2083
156432,1-5-3,67.3
156432,2-5-3,1173
156432,3-5-2,1344
156432,4-5-2,57
156432,5-4-2,255.4
156432,6-4-2,3521
156432,1-5-4,28.8
156432,2-5-4,611.2
156432,3-5-4,875.2
156432,4-5-3,107.5
156432,5-4-3,422.6
156432,6-4-3,3147
156432,1-5-6,218.8
156432,2-5-6,1998
156432,3-5-6,2641
156432,4-5-6,80.6
156432,5-4-6,322.9
156432,6-4-5,2311
156432,1-6-2,524.5
156432,2-6-1,1946
156432,3-6-1,3147
156432,4-6-1,168.8
156432,5-6-1,1607
156432,6-5-1,3215
156432,1-6-3,678.4
156432,2-6-3,3215
156432,3-6-2,4108
156432,4-6-2,438.9
156432,5-6-2,2026
156432,6-5-2,4771
156432,1-6-4,417.8
156432,2-6-4,2311
156432,3-6-4,2550
156432,4-6-3,718
156432,5-6-3,2175
156432,6-5-3,3361
156432,1-6-5,684.7
156432,2-6-5,2241
156432,3-6-5,4226
156432,4-6-5,231.4
156432,5-6-4,1056
156432,6-5-4,2385
156433,1-2-3,44.9
156433,2-1-3,199.2
156433,3-1-2,454.3
156433,4-1-2,58.1
156433,5-1-2,191.5
156433,6-1-2,100.8
156433,1-2-4,16.4
156433,2-1-4,97.5
156433,3-1-4,266.8
156433,4-1-3,130.7
156433,5-1-3,350.1
156433,6-1-3,148.4
156433,1-2-5,38.4
156433,2-1-5,149
156433,3-1-5,357.8
156433,4-1-5,29.5
156433,5-1-4,112.8
156433,6-1-4,55.7
156433,1-2-6,27.2
156433,2-1-6,82.1
156433,3-1-6,200.8
156433,4-1-6,17.4
156433,5-1-6,92.8
156433,6-1-5,80.2
156433,1-3-2,66.7
156433,2-3-1,431.2
156433,3-2-1,800.6
156433,4-2-1,153.7
156433,5-2-1,383.1
156433,6-2-1,213.5
156433,1-3-4,40.6
156433,2-3-4,763
156433,3-2-4,1032
156433,4-2-3,454.3
156433,5-2-3,786.5
156433,6-2-3,676.3
156433,1-3-5,61
156433,2-3-5,870.9
156433,3-2-5,1167
156433,4-2-5,201.7
156433,5-2-4,651.6
156433,6-2-4,387.3
156433,1-3-6,47.1
156433,2-3-6,944.7
156433,3-2-6,1069
156433,4-2-6,153.5
156433,5-2-6,605.2
156433,6-2-5,523.6
156433,1-4-2,15.4
156433,2-4-1,169.2
156433,3-4-1,430.2
156433,4-3-1,268.9
156433,5-3-1,737.8
156433,6-3-1,333.1
156433,1-4-3,33.7
156433,2-4-3,630.9
156433,3-4-2,970.4
156433,4-3-2,763
156433,5-3-2,1032
156433,6-3-2,1069
156433,1-4-5,14.9
156433,2-4-5,385.6
156433,3-4-5,678.9
156433,4-3-5,416.2
156433,5-3-4,1167
156433,6-3-4,663.7
156433,1-4-6,8.9
156433,2-4-6,288.4
156433,3-4-6,405.8
156433,4-3-6,256.5
156433,5-3-6,1056
156433,6-3-5,790
156433,1-5-2,65.8
156433,2-5-1,281.6
156433,3-5-1,750.2
156433,4-5-1,37
156433,5-4-1,107.8
156433,6-4-1,67.4
156433,1-5-3,83.2
156433,2-5-3,1115
156433,3-5-2,1257
156433,4-5-2,113.6
156433,5-4-2,271.7
156433,6-4-2,233.7
156433,1-5-4,32.9
156433,2-5-4,766.3
156433,3-5-4,934.8
156433,4-5-3,250.7
156433,5-4-3,666.2
156433,6-4-3,255.4
156433,1-5-6,37.2
156433,2-5-6,570.4
156433,3-5-6,846.2
156433,4-5-6,26.3
156433,5-4-6,87.2
156433,6-4-5,106
156433,1-6-2,37
156433,2-6-1,201
156433,3-6-1,363.6
156433,4-6-1,25
156433,5-6-1,125.8
156433,6-5-1,131.9
156433,1-6-3,55.5
156433,2-6-3,883.9
156433,3-6-2,1122
156433,4-6-2,96.8
156433,5-6-2,350.7
156433,6-5-2,490.5
156433,1-6-4,16.6
156433,2-6-4,487.8
156433,3-6-4,589.2
156433,4-6-3,138.9
156433,5-6-3,595.1
156433,6-5-3,599.1
156433,1-6-5,37.6
156433,2-6-5,519
156433,3-6-5,815.3
156433,4-6-5,32.7
156433,5-6-4,117.8
156433,6-5-4,146.3
156434,1-2-3,20.3
156434,2-1-3,187.1
156434,3-1-2,125.6
156434,4-1-2,480.4
156434,5-1-2,907.3
156434,6-1-2,51.9
156434,1-2-4,42.5
156434,2-1-4,279.9
156434,3-1-4,69.6
156434,4-1-3,219.4
156434,5-1-3,473.7
156434,6-1-3,37.1
156434,1-2-5,67.9
156434,2-1-5,475.9
156434,3-1-5,97.9
156434,4-1-5,245.4
156434,5-1-4,778.7
156434,6-1-4,80.4
156434,1-2-6,11.4
156434,2-1-6,78.2
156434,3-1-6,35.2
156434,4-1-6,116.1
156434,5-1-6,245.7
156434,6-1-5,96.3
156434,1-3-2,16.3
156434,2-3-1,464
156434,3-2-1,351
156434,4-2-1,1021
156434,5-2-1,1752
156434,6-2-1,155.5
156434,1-3-4,13.3
156434,2-3-4,1195
156434,3-2-4,659.8
156434,4-2-3,1494
156434,5-2-3,1917
156434,6-2-3,381.3
156434,1-3-5,26.6
156434,2-3-5,1270
156434,3-2-5,494.5
156434,4-2-5,1881
156434,5-2-4,2572
156434,6-2-4,475.9
156434,1-3-6,6.7
156434,2-3-6,388.6
156434,3-2-6,200.4
156434,4-2-6,619.6
156434,5-2-6,1625
156434,6-2-5,876
156434,1-4-2,61.7
156434,2-4-1,923.8
156434,3-4-1,113.1
156434,4-3-1,324.1
156434,5-3-1,645.2
156434,6-3-1,64.4
156434,1-4-3,35.5
156434,2-4-3,1679
156434,3-4-2,441.8
156434,4-3-2,1081
156434,5-3-2,1575
156434,6-3-2,221.4
156434,1-4-5,60
156434,2-4-5,2185
156434,3-4-5,170.5
156434,4-3-5,435.2
156434,5-3-4,1116
156434,6-3-4,177
156434,1-4-6,23.9
156434,2-4-6,675.2
156434,3-4-6,87.9
156434,4-3-6,183.1
156434,5-3-6,597.7
156434,6-3-5,297.5
156434,1-5-2,119.3
156434,2-5-1,1031
156434,3-5-1,204.8
156434,4-5-1,418.2
156434,5-4-1,996.3
156434,6-4-1,151.2
156434,1-5-3,69.7
156434,2-5-3,1831
156434,3-5-2,482.7
156434,4-5-2,1104
156434,5-4-2,2391
156434,6-4-2,390.1
156434,1-5-4,109.5
156434,2-5-4,2988
156434,3-5-4,210.1
156434,4-5-3,744.4
156434,5-4-3,1516
156434,6-4-3,271.7
156434,1-5-6,44.9
156434,2-5-6,1782
156434,3-5-6,122.3
156434,4-5-6,293.7
156434,5-4-6,574.1
156434,6-4-5,415.6
156434,1-6-2,13.5
156434,2-6-1,193.5
156434,3-6-1,47.2
156434,4-6-1,119
156434,5-6-1,339.8
156434,6-5-1,250.3
156434,1-6-3,11.2
156434,2-6-3,477.1
156434,3-6-2,150.9
156434,4-6-2,366.2
156434,5-6-2,1195
156434,6-5-2,872.2
156434,1-6-4,21
156434,2-6-4,589.1
156434,3-6-4,75.5
156434,4-6-3,160.4
156434,5-6-3,606.7
156434,6-5-3,438
156434,1-6-5,34.7
156434,2-6-5,1135
156434,3-6-5,128.3
156434,4-6-5,274.6
156434,5-6-4,787.7
156434,6-5-4,541.9
156435,1-2-3,58.2
156435,2-1-3,492.6
156435,3-1-2,257.5
156435,4-1-2,262.4
156435,5-1-2,559.2
156435,6-1-2,352.6
156435,1-2-4,51.2
156435,2-1-4,648.2
156435,3-1-4,47.5
156435,4-1-3,108.1
156435,5-1-3,348.7
156435,6-1-3,154.7
156435,1-2-5,70.4
156435,2-1-5,773.5
156435,3-1-5,58
156435,4-1-5,87
156435,5-1-4,238.2
156435,6-1-4,92.9
156435,1-2-6,61.2
156435,2-1-6,636.6
156435,3-1-6,45.3
156435,4-1-6,56.7
156435,5-1-6,174.8
156435,6-1-5,165.9
156435,1-3-2,45.9
156435,2-3-1,889.9
156435,3-2-1,723.8
156435,4-2-1,586.9
156435,5-2-1,1260
156435,6-2-1,1026
156435,1-3-4,8.1
156435,2-3-4,909.5
156435,3-2-4,1205
156435,4-2-3,1356
156435,5-2-3,1986
156435,6-2-3,1866
156435,1-3-5,14.5
156435,2-3-5,1435
156435,3-2-5,1551
156435,4-2-5,871.2
156435,5-2-4,2086
156435,6-2-4,1760
156435,1-3-6,8.6
156435,2-3-6,1748
156435,3-2-6,906.1
156435,4-2-6,944
156435,5-2-6,1313
156435,6-2-5,1812
156435,1-4-2,40.1
156435,2-4-1,1205
156435,3-4-1,88.8
156435,4-3-1,171.3
156435,5-3-1,564.3
156435,6-3-1,335.9
156435,1-4-3,11.4
156435,2-4-3,1799
156435,3-4-2,565.5
156435,4-3-2,773.5
156435,5-3-2,1799
156435,6-3-2,1523
156435,1-4-5,15.6
156435,2-4-5,1786
156435,3-4-5,142.3
156435,4-3-5,282.1
156435,5-3-4,793.2
156435,6-3-4,408.3
156435,1-4-6,7.8
156435,2-4-6,1260
156435,3-4-6,69.5
156435,4-3-6,142.1
156435,5-3-6,607
156435,6-3-5,649.9
156435,1-5-2,85.5
156435,2-5-1,1182
156435,3-5-1,169.8
156435,4-5-1,140.2
156435,5-4-1,343.8
156435,6-4-1,158.7
156435,1-5-3,35.8
156435,2-5-3,1986
156435,3-5-2,1123
156435,4-5-2,515.1
156435,5-4-2,1379
156435,6-4-2,1070
156435,1-5-4,34.1
156435,2-5-4,2197
156435,3-5-4,302.4
156435,4-5-3,371.1
156435,5-4-3,678.4
156435,6-4-3,371.1
156435,1-5-6,26.1
156435,2-5-6,1839
156435,3-5-6,225.1
156435,4-5-6,121.5
156435,5-4-6,261.3
156435,6-4-5,295.2
156435,1-6-2,60.3
156435,2-6-1,1504
156435,3-6-1,121.1
156435,4-6-1,80.2
156435,5-6-1,277.1
156435,6-5-1,322.8
156435,1-6-3,19.4
156435,2-6-3,2508
156435,3-6-2,649.9
156435,4-6-2,555.4
156435,5-6-2,1128
156435,6-5-2,1279
156435,1-6-4,15.9
156435,2-6-4,1909
156435,3-6-4,123.6
156435,4-6-3,192
156435,5-6-3,570.7
156435,6-5-3,682.1
156435,1-6-5,33.1
156435,2-6-5,2533
156435,3-6-5,232.4
156435,4-6-5,132.9
156435,5-6-4,313.5
156435,6-5-4,359.8
156436,1-2-3,8.6
156436,2-1-3,16.7
156436,3-1-2,32.2
156436,4-1-2,143.7
156436,5-1-2,76.7
156436,6-1-2,1086
156436,1-2-4,15.3
156436,2-1-4,26.7
156436,3-1-4,44.9
156436,4-1-3,225.7
156436,5-1-3,94.3
156436,6-1-3,1345
156436,1-2-5,11.5
156436,2-1-5,24.9
156436,3-1-5,55.1
156436,4-1-5,245.3
156436,5-1-4,224.5
156436,6-1-4,1334
156436,1-2-6,59.2
156436,2-1-6,107.4
156436,3-1-6,160.5
156436,4-1-6,363.7
156436,5-1-6,208.2
156436,6-1-5,1486
156436,1-3-2,13.7
156436,2-3-1,43.7
156436,3-2-1,46
156436,4-2-1,156.8
156436,5-2-1,111.9
156436,6-2-1,1614
156436,1-3-4,27.9
156436,2-3-4,58
156436,3-2-4,50.9
156436,4-2-3,204.2
156436,5-2-3,87.6
156436,6-2-3,1803
156436,1-3-5,19.8
156436,2-3-5,39.4
156436,3-2-5,60.5
156436,4-2-5,246.7
156436,5-2-4,221.8
156436,6-2-4,1555
156436,1-3-6,92.1
156436,2-3-6,188.7
156436,3-2-6,165.5
156436,4-2-6,309.8
156436,5-2-6,286.3
156436,6-2-5,1971
156436,1-4-2,37.4
156436,2-4-1,85
156436,3-4-1,118.8
156436,4-3-1,346.6
156436,5-3-1,140.9
156436,6-3-1,1729
156436,1-4-3,46.2
156436,2-4-3,96.2
156436,3-4-2,96
156436,4-3-2,283.9
156436,5-3-2,113.5
156436,6-3-2,1765
156436,1-4-5,56.5
156436,2-4-5,125.5
156436,3-4-5,132.5
156436,4-3-5,380.9
156436,5-3-4,296.8
156436,6-3-4,1842
156436,1-4-6,103.1
156436,2-4-6,249.6
156436,3-4-6,283.4
156436,4-3-6,557.6
156436,5-3-6,264
156436,6-3-5,931.4
156436,1-5-2,25.8
156436,2-5-1,62.3
156436,3-5-1,86.6
156436,4-5-1,298.9
156436,5-4-1,381.7
156436,6-4-1,1555
156436,1-5-3,32.2
156436,2-5-3,52.8
156436,3-5-2,72.7
156436,4-5-2,255.6
156436,5-4-2,304.8
156436,6-4-2,1645
156436,1-5-4,70.4
156436,2-5-4,124.7
156436,3-5-4,147.5
156436,4-5-3,359.1
156436,5-4-3,380
156436,6-4-3,1904
156436,1-5-6,108.3
156436,2-5-6,222.1
156436,3-5-6,191.9
156436,4-5-6,426.9
156436,5-4-6,503
156436,6-4-5,2530
156436,1-6-2,283.9
156436,2-6-1,588.5
156436,3-6-1,632.5
156436,4-6-1,811
156436,5-6-1,501.5
156436,6-5-1,1527
156436,1-6-3,402.6
156436,2-6-3,727.5
156436,3-6-2,513.6
156436,4-6-2,818.9
156436,5-6-2,503
156436,6-5-2,1695
156436,1-6-4,478.8
156436,2-6-4,746.7
156436,3-6-4,892.1
156436,4-6-3,1345
156436,5-6-3,358.3
156436,6-5-3,864.8
156436,1-6-5,507.5
156436,2-6-5,642.1
156436,3-6-5,383.5
156436,4-6-5,1046
156436,5-6-4,807.2
156436,6-5-4,2145
156437,1-2-3,6.6
156437,2-1-3,66.9
156437,3-1-2,40.8
156437,4-1-2,140.8
156437,5-1-2,503.3
156437,6-1-2,1155
156437,1-2-4,12.4
156437,2-1-4,87.9
156437,3-1-4,29.2
156437,4-1-3,107.4
156437,5-1-3,404.4
156437,6-1-3,1274
156437,1-2-5,19.1
156437,2-1-5,178.8
156437,3-1-5,39.1
156437,4-1-5,132.8
156437,5-1-4,573.4
156437,6-1-4,1764
156437,1-2-6,69.5
156437,2-1-6,425.9
156437,3-1-6,134.8
156437,4-1-6,286.2
156437,5-1-6,746.8
156437,6-1-5,2867
156437,1-3-2,6.5
156437,2-3-1,165.5
156437,3-2-1,144.5
156437,4-2-1,311.8
156437,5-2-1,704.2
156437,6-2-1,2058
156437,1-3-4,5.5
156437,2-3-4,377.8
156437,3-2-4,311.8
156437,4-2-3,513
156437,5-2-3,917.5
156437,6-2-3,2919
156437,1-3-5,9
156437,2-3-5,523
156437,3-2-5,376.9
156437,4-2-5,538.8
156437,5-2-4,1305
156437,6-2-4,3649
156437,1-3-6,30.4
156437,2-3-6,1305
156437,3-2-6,723.3
156437,4-2-6,858.7
156437,5-2-6,1764
156437,6-2-5,4460
156437,1-4-2,19.1
156437,2-4-1,263.2
156437,3-4-1,87.7
156437,4-3-1,186.9
156437,5-3-1,537
156437,6-3-1,1708
156437,1-4-3,15.1
156437,2-4-3,535.2
156437,3-4-2,196
156437,4-3-2,488
156437,5-3-2,867.9
156437,6-3-2,3823
156437,1-4-5,26.8
156437,2-4-5,660.8
156437,3-4-5,137.7
156437,4-3-5,327
156437,5-3-4,1225
156437,6-3-4,1911
156437,1-4-6,62
156437,2-4-6,1349
156437,3-4-6,276.8
156437,4-3-6,619.9
156437,5-3-6,1708
156437,6-3-5,2973
156437,1-5-2,43.2
156437,2-5-1,395.5
156437,3-5-1,171.5
156437,4-5-1,236.1
156437,5-4-1,733.2
156437,6-4-1,2169
156437,1-5-3,42
156437,2-5-3,642.3
156437,3-5-2,442.3
156437,4-5-2,404.4
156437,5-4-2,1189
156437,6-4-2,3649
156437,1-5-4,62.4
156437,2-5-4,802.8
156437,3-5-4,276.8
156437,4-5-3,381.4
156437,5-4-3,997.3
156437,6-4-3,2470
156437,1-5-6,133.9
156437,2-5-6,1672
156437,3-5-6,551.8
156437,4-5-6,438.7
156437,5-4-6,1172
156437,6-4-5,3148
156437,1-6-2,340.2
156437,2-6-1,1446
156437,3-6-1,548
156437,4-6-1,967.3
156437,5-6-1,1982
156437,6-5-1,3416
156437,1-6-3,230
156437,2-6-3,2293
156437,3-6-2,1958
156437,4-6-2,1316
156437,5-6-2,3649
156437,6-5-2,4866
156437,1-6-4,289.8
156437,2-6-4,2169
156437,3-6-4,779.5
156437,4-6-3,1180
156437,5-6-3,2509
156437,6-5-3,4014
156437,1-6-5,372.5
156437,2-6-5,2548
156437,3-6-5,1063
156437,4-6-5,1035
156437,5-6-4,2867
156437,6-5-4,3568
156438,1-2-3,7.7
156438,2-1-3,23.5
156438,3-1-2,44.4
156438,4-1-2,74.3
156438,5-1-2,97
156438,6-1-2,1422
156438,1-2-4,11.7
156438,2-1-4,31.6
156438,3-1-4,42.3
156438,4-1-3,110.2
156438,5-1-3,144.4
156438,6-1-3,1397
156438,1-2-5,12.4
156438,2-1-5,34.5
156438,3-1-5,50.4
156438,4-1-5,75.9
156438,5-1-4,143
156438,6-1-4,1707
156438,1-2-6,76.2
156438,2-1-6,143.4
156438,3-1-6,189.5
156438,4-1-6,174.2
156438,5-1-6,212.3
156438,6-1-5,1955
156438,1-3-2,11.6
156438,2-3-1,62
156438,3-2-1,93.9
156438,4-2-1,121
156438,5-2-1,176.2
156438,6-2-1,1934
156438,1-3-4,14.9
156438,2-3-4,75.3
156438,3-2-4,96.1
156438,4-2-3,202.5
156438,5-2-3,274.5
156438,6-2-3,2478
156438,1-3-5,18.4
156438,2-3-5,84
156438,3-2-5,115.8
156438,4-2-5,133.3
156438,5-2-4,264.4
156438,6-2-4,2478
156438,1-3-6,88.2
156438,2-3-6,270.1
156438,3-2-6,305.2
156438,4-2-6,352.2
156438,5-2-6,403.7
156438,6-2-5,2573
156438,1-4-2,21.4
156438,2-4-1,102.2
156438,3-4-1,100.1
156438,4-3-1,184.2
156438,5-3-1,270.1
156438,6-3-1,2369
156438,1-4-3,30
156438,2-4-3,137.5
156438,3-4-2,122.2
156438,4-3-2,214.7
156438,5-3-2,309.2
156438,6-3-2,2971
156438,1-4-5,35.2
156438,2-4-5,160.2
156438,3-4-5,127.2
156438,4-3-5,207
156438,5-3-4,552.2
156438,6-3-4,2636
156438,1-4-6,90.9
156438,2-4-6,355.4
156438,3-4-6,253.5
156438,4-3-6,357.6
156438,5-3-6,638
156438,6-3-5,3382
156438,1-5-2,27.9
156438,2-5-1,119.1
156438,3-5-1,130.1
156438,4-5-1,77.4
156438,5-4-1,151.1
156438,6-4-1,2151
156438,1-5-3,38
156438,2-5-3,157.7
156438,3-5-2,150.4
156438,4-5-2,87.1
156438,5-4-2,188.7
156438,6-4-2,2359
156438,1-5-4,53.5
156438,2-5-4,208.6
156438,3-5-4,192.5
156438,4-5-3,183.3
156438,5-4-3,448.9
156438,6-4-3,2772
156438,1-5-6,116.2
156438,2-5-6,420.5
156438,3-5-6,293.9
156438,4-5-6,106.1
156438,5-4-6,236.1
156438,6-4-5,2662
156438,1-6-2,273.2
156438,2-6-1,697.6
156438,3-6-1,948.5
156438,4-6-1,380.9
156438,5-6-1,878.8
156438,6-5-1,2379
156438,1-6-3,352.9
156438,2-6-3,958.7
156438,3-6-2,1164
156438,4-6-2,452.7
156438,5-6-2,914.7
156438,6-5-2,2490
156438,1-6-4,334.9
156438,2-6-4,839
156438,3-6-4,881.7
156438,4-6-3,589.7
156438,5-6-3,1219
156438,6-5-3,2702
156438,1-6-5,398.1
156438,2-6-5,916.2
156438,3-6-5,916.2
156438,4-6-5,320.7
156438,5-6-4,958.7
156438,6-5-4,2250
156439,1-2-3,8.8
156439,2-1-3,128.7
156439,3-1-2,62.1
156439,4-1-2,187.2
156439,5-1-2,150.9
156439,6-1-2,1492
156439,1-2-4,11.8
156439,2-1-4,140.9
156439,3-1-4,50.2
156439,4-1-3,163.4
156439,5-1-3,113.1
156439,6-1-3,1319
156439,1-2-5,11.3
156439,2-1-5,135.7
156439,3-1-5,40.1
156439,4-1-5,130.9
156439,5-1-4,147.2
156439,6-1-4,1785
156439,1-2-6,153.5
156439,2-1-6,782.7
156439,3-1-6,319.8
156439,4-1-6,820.3
156439,5-1-6,499.4
156439,6-1-5,1588
156439,1-3-2,7.8
156439,2-3-1,296.9
156439,3-2-1,191.7
156439,4-2-1,425.5
156439,5-2-1,379.4
156439,6-2-1,2626
156439,1-3-4,7.3
156439,2-3-4,527.3
156439,3-2-4,355.2
156439,4-2-3,1023
156439,5-2-3,742.3
156439,6-2-3,4336
156439,1-3-5,7.1
156439,2-3-5,526.3
156439,3-2-5,281
156439,4-2-5,676.2
156439,5-2-4,738.3
156439,6-2-4,4268
156439,1-3-6,91.5
156439,2-3-6,2038
156439,3-2-6,1965
156439,4-2-6,1937
156439,5-2-6,1762
156439,6-2-5,4268
156439,1-4-2,15.8
156439,2-4-1,407.7
156439,3-4-1,132.3
156439,4-3-1,289
156439,5-3-1,218.3
156439,6-3-1,1871
156439,1-4-3,14.3
156439,2-4-3,859
156439,3-4-2,311.8
156439,4-3-2,782.7
156439,5-3-2,674.5
156439,6-3-2,4336
156439,1-4-5,15.7
156439,2-4-5,794.1
156439,3-4-5,154.4
156439,4-3-5,410.8
156439,5-3-4,612.5
156439,6-3-4,3547
156439,1-4-6,153.1
156439,2-4-6,2355
156439,3-4-6,1167
156439,4-3-6,1751
156439,5-3-6,1561
156439,6-3-5,3104
156439,1-5-2,20
156439,2-5-1,407.7
156439,3-5-1,119.6
156439,4-5-1,190.2
156439,5-4-1,305.5
156439,6-4-1,2731
156439,1-5-3,16.4
156439,2-5-3,734.3
156439,3-5-2,303.2
156439,4-5-2,482.6
156439,5-4-2,711.4
156439,6-4-2,4202
156439,1-5-4,24.7
156439,2-5-4,919.8
156439,3-5-4,233.8
156439,4-5-3,459.1
156439,5-4-3,722.7
156439,6-4-3,3547
156439,1-5-6,134.7
156439,2-5-6,1858
156439,3-5-6,968.7
156439,4-5-6,1247
156439,5-4-6,1718
156439,6-4-5,3414
156439,1-6-2,435.7
156439,2-6-1,2054
156439,3-6-1,1177
156439,4-6-1,1979
156439,5-6-1,1138
156439,6-5-1,1718
156439,1-6-3,330.3
156439,2-6-3,4139
156439,3-6-2,3104
156439,4-6-2,3252
156439,5-6-2,1937
156439,6-5-2,3372
156439,1-6-4,509.6
156439,2-6-4,3372
156439,3-6-4,2203
156439,4-6-3,3291
156439,5-6-3,1979
156439,6-5-3,3252
156439,1-6-5,419.6
156439,2-6-5,3002
156439,3-6-5,1951
156439,4-6-5,2396
156439,5-6-4,1845
156439,6-5-4,3502
156440,1-2-3,11.1
156440,2-1-3,33.5
156440,3-1-2,33.2
156440,4-1-2,55.1
156440,5-1-2,155
156440,6-1-2,1360
156440,1-2-4,10.7
156440,2-1-4,31.9
156440,3-1-4,23.2
156440,4-1-3,67.2
156440,5-1-3,144.8
156440,6-1-3,1889
156440,1-2-5,28.2
156440,2-1-5,87.5
156440,3-1-5,40
156440,4-1-5,89.2
156440,5-1-4,161
156440,6-1-4,1695
156440,1-2-6,75
156440,2-1-6,201.9
156440,3-1-6,109.6
156440,4-1-6,215.1
156440,5-1-6,317.4
156440,6-1-5,2152
156440,1-3-2,11
156440,2-3-1,70.4
156440,3-2-1,68.3
156440,4-2-1,87.9
156440,5-2-1,368.9
156440,6-2-1,1964
156440,1-3-4,8
156440,2-3-4,90.5
156440,3-2-4,82.2
156440,4-2-3,131.8
156440,5-2-3,521.2
156440,6-2-3,2750
156440,1-3-5,18.8
156440,2-3-5,187.4
156440,3-2-5,144.6
156440,4-2-5,190.5
156440,5-2-4,522.3
156440,6-2-4,2080
156440,1-3-6,68.3
156440,2-3-6,407.2
156440,3-2-6,307.5
156440,4-2-6,329.2
156440,5-2-6,881
156440,6-2-5,2813
156440,1-4-2,14.8
156440,2-4-1,71
156440,3-4-1,49.7
156440,4-3-1,98.1
156440,5-3-1,277.5
156440,6-3-1,2357
156440,1-4-3,14.6
156440,2-4-3,96.5
156440,3-4-2,74
156440,4-3-2,135.2
156440,5-3-2,520.1
156440,6-3-2,3134
156440,1-4-5,28.1
156440,2-4-5,204.7
156440,3-4-5,90.8
156440,4-3-5,168.7
156440,5-3-4,410.5
156440,6-3-4,2982
156440,1-4-6,82.4
156440,2-4-6,314.1
156440,3-4-6,201.7
156440,4-3-6,335.4
156440,5-3-6,847.9
156440,6-3-5,2912
156440,1-5-2,59
156440,2-5-1,316.2
156440,3-5-1,142.8
156440,4-5-1,142.7
156440,5-4-1,303
156440,6-4-1,2029
156440,1-5-3,48.5
156440,2-5-3,496.1
156440,3-5-2,241.3
156440,4-5-2,212.3
156440,5-4-2,472.4
156440,6-4-2,1964
156440,1-5-4,57
156440,2-5-4,512.6
156440,3-5-4,194.9
156440,4-5-3,244.8
156440,5-4-3,443.7
156440,6-4-3,2947
156440,1-5-6,153.9
156440,2-5-6,730.3
156440,3-5-6,462.7
156440,4-5-6,256.5
156440,5-4-6,611.3
156440,6-4-5,2579
156440,1-6-2,327.4
156440,2-6-1,766.5
156440,3-6-1,551.4
156440,4-6-1,533.5
156440,5-6-1,952.2
156440,6-5-1,2271
156440,1-6-3,328.8
156440,2-6-3,1456
156440,3-6-2,974.7
156440,4-6-2,573.1
156440,5-6-2,1383
156440,6-5-2,2878
156440,1-6-4,290.9
156440,2-6-4,970.9
156440,3-6-4,715.5
156440,4-6-3,822.5
156440,5-6-3,1352
156440,6-5-3,2552
156440,1-6-5,416.1
156440,2-6-5,1422
156440,3-6-5,1062
156440,4-6-5,546.5
156440,5-6-4,1100
156440,6-5-4,2427
156441,1-2-3,5.8
156441,2-1-3,39.7
156441,3-1-2,35.7
156441,4-1-2,74.1
156441,5-1-2,1082
156441,6-1-2,295.5
156441,1-2-4,7.5
156441,2-1-4,44.5
156441,3-1-4,34
156441,4-1-3,85.4
156441,5-1-3,1418
156441,6-1-3,393.6
156441,1-2-5,117
156441,2-1-5,311.2
156441,3-1-5,203.4
156441,4-1-5,342.7
156441,5-1-4,1855
156441,6-1-4,343.7
156441,1-2-6,16.2
156441,2-1-6,82.8
156441,3-1-6,52.4
156441,4-1-6,77.5
156441,5-1-6,1713
156441,6-1-5,1003
156441,1-3-2,6.9
156441,2-3-1,98.2
156441,3-2-1,86.3
156441,4-2-1,159.1
156441,5-2-1,1634
156441,6-2-1,528.4
156441,1-3-4,8.4
156441,2-3-4,138.5
156441,3-2-4,113.4
156441,4-2-3,277.9
156441,5-2-3,2682
156441,6-2-3,839.4
156441,1-3-5,112.4
156441,2-3-5,1011
156441,3-2-5,938.3
156441,4-2-5,828.1
156441,5-2-4,3247
156441,6-2-4,878.2
156441,1-3-6,15.9
156441,2-3-6,250
156441,3-2-6,236.8
156441,4-2-6,225.5
156441,5-2-6,2264
156441,6-2-5,2373
156441,1-4-2,14
156441,2-4-1,142
156441,3-4-1,101
156441,4-3-1,164.9
156441,5-3-1,1678
156441,6-3-1,652.9
156441,1-4-3,18
156441,2-4-3,189.8
156441,3-4-2,146.6
156441,4-3-2,283.3
156441,5-3-2,2350
156441,6-3-2,934.8
156441,1-4-5,200.6
156441,2-4-5,1209
156441,3-4-5,938.3
156441,4-3-5,1221
156441,5-3-4,4656
156441,6-3-4,856.9
156441,1-4-6,25
156441,2-4-6,296.2
156441,3-4-6,167.5
156441,4-3-6,272.7
156441,5-3-6,5036
156441,6-3-5,4183
156441,1-5-2,386.8
156441,2-5-1,1087
156441,3-5-1,1015
156441,4-5-1,661.6
156441,5-4-1,2373
156441,6-4-1,474.6
156441,1-5-3,414.7
156441,2-5-3,2039
156441,3-5-2,1326
156441,4-5-2,1045
156441,5-4-2,3335
156441,6-4-2,717.4
156441,1-5-4,571.2
156441,2-5-4,2518
156441,3-5-4,1974
156441,4-5-3,2625
156441,5-4-3,5251
156441,6-4-3,851
156441,1-5-6,558.3
156441,2-5-6,2223
156441,3-5-6,1928
156441,4-5-6,1054
156441,5-4-6,2938
156441,6-4-5,1582
156441,1-6-2,40.5
156441,2-6-1,341.8
156441,3-6-1,231
156441,4-6-1,146.4
156441,5-6-1,1775
156441,6-5-1,1814
156441,1-6-3,48.7
156441,2-6-3,604.8
156441,3-6-2,426.9
156441,4-6-2,228.3
156441,5-6-2,2467
156441,6-5-2,3084
156441,1-6-4,52.8
156441,2-6-4,544.8
156441,3-6-4,344.6
156441,4-6-3,330.3
156441,5-6-3,5484
156441,6-5-3,5141
156441,1-6-5,266.8
156441,2-6-5,1460
156441,3-6-5,1725
156441,4-6-5,658.1
156441,5-6-4,3124
156441,6-5-4,2773
156442,1-2-3,23.6
156442,2-1-3,101.6
156442,3-1-2,39
156442,4-1-2,115.7
156442,5-1-2,71.8
156442,6-1-2,1740
156442,1-2-4,31.8
156442,2-1-4,129.1
156442,3-1-4,14.9
156442,4-1-3,61.9
156442,5-1-3,44.7
156442,6-1-3,1694
156442,1-2-5,35.5
156442,2-1-5,133.4
156442,3-1-5,15.7
156442,4-1-5,65.6
156442,5-1-4,59.2
156442,6-1-4,1469
156442,1-2-6,186
156442,2-1-6,632.9
156442,3-1-6,136.9
156442,4-1-6,195.7
156442,5-1-6,156.2
156442,6-1-5,1851
156442,1-3-2,15.1
156442,2-3-1,167.4
156442,3-2-1,118.7
156442,4-2-1,281.4
156442,5-2-1,224.4
156442,6-2-1,4327
156442,1-3-4,8.9
156442,2-3-4,187.2
156442,3-2-4,105.5
156442,4-2-3,286.9
156442,5-2-3,251.7
156442,6-2-3,4327
156442,1-3-5,10.2
156442,2-3-5,242
156442,3-2-5,110.7
156442,4-2-5,377.2
156442,5-2-4,310.3
156442,6-2-4,3858
156442,1-3-6,96.3
156442,2-3-6,1071
156442,3-2-6,476.5
156442,4-2-6,716.4
156442,5-2-6,584.3
156442,6-2-5,4709
156442,1-4-2,31.6
156442,2-4-1,274.1
156442,3-4-1,34.9
156442,4-3-1,88.8
156442,5-3-1,68.7
156442,6-3-1,2691
156442,1-4-3,16.7
156442,2-4-3,253.7
156442,3-4-2,82
156442,4-3-2,197.8
156442,5-3-2,143.9
156442,6-3-2,4574
156442,1-4-5,23.6
156442,2-4-5,396.3
156442,3-4-5,37.9
156442,4-3-5,122.5
156442,5-3-4,102.5
156442,6-3-4,2809
156442,1-4-6,113.5
156442,2-4-6,1123
156442,3-4-6,194.2
156442,4-3-6,350.7
156442,5-3-6,250.3
156442,6-3-5,3598
156442,1-5-2,32.7
156442,2-5-1,347.7
156442,3-5-1,37.9
156442,4-5-1,83
156442,5-4-1,115.5
156442,6-4-1,1809
156442,1-5-3,20
156442,2-5-3,377.2
156442,3-5-2,80
156442,4-5-2,185.9
156442,5-4-2,238.9
156442,6-4-2,3301
156442,1-5-4,28.7
156442,2-5-4,463.4
156442,3-5-4,50.8
156442,4-5-3,116.2
156442,5-4-3,146.3
156442,6-4-3,2646
156442,1-5-6,108.3
156442,2-5-6,1410
156442,3-5-6,196.1
156442,4-5-6,156.7
156442,5-4-6,228.4
156442,6-4-5,1601
156442,1-6-2,543.7
156442,2-6-1,2239
156442,3-6-1,721.2
156442,4-6-1,511.5
156442,5-6-1,540
156442,6-5-1,2255
156442,1-6-3,460.7
156442,2-6-3,2784
156442,3-6-2,1250
156442,4-6-2,970.4
156442,5-6-2,1049
156442,6-5-2,3480
156442,1-6-4,426.4
156442,2-6-4,2646
156442,3-6-4,751.7
156442,4-6-3,722.9
156442,5-6-3,775.4
156442,6-5-3,3234
156442,1-6-5,421.9
156442,2-6-5,2541
156442,3-6-5,702.2
156442,4-6-5,462.1
156442,5-6-4,556.9
156442,6-5-4,1554
156443,1-2-3,9.5
156443,2-1-3,19.7
156443,3-1-2,28.4
156443,4-1-2,114
156443,5-1-2,668.7
156443,6-1-2,470.6
156443,1-2-4,13.9
156443,2-1-4,35
156443,3-1-4,34.5
156443,4-1-3,118.2
156443,5-1-3,543.3
156443,6-1-3,454.7
156443,1-2-5,64.4
156443,2-1-5,88.5
156443,3-1-5,70.5
156443,4-1-5,292.9
156443,5-1-4,1150
156443,6-1-4,670.2
156443,1-2-6,25.9
156443,2-1-6,52.3
156443,3-1-6,42.1
156443,4-1-6,104.8
156443,5-1-6,720.9
156443,6-1-5,1606
156443,1-3-2,9.4
156443,2-3-1,24.9
156443,3-2-1,36.5
156443,4-2-1,154.1
156443,5-2-1,794.6
156443,6-2-1,724.5
156443,1-3-4,11.9
156443,2-3-4,38.4
156443,3-2-4,47.6
156443,4-2-3,196.2
156443,5-2-3,938.4
156443,6-2-3,501.8
156443,1-3-5,40.9
156443,2-3-5,102.4
156443,3-2-5,102.9
156443,4-2-5,454
156443,5-2-4,1606
156443,6-2-4,879.7
156443,1-3-6,24
156443,2-3-6,48.2
156443,3-2-6,52.5
156443,4-2-6,156.8
156443,5-2-6,1242
156443,6-2-5,1670
156443,1-4-2,31.8
156443,2-4-1,71.7
156443,3-4-1,59.8
156443,4-3-1,163
156443,5-3-1,651
156443,6-3-1,531.6
156443,1-4-3,29
156443,2-4-3,75.9
156443,3-4-2,61.1
156443,4-3-2,185.9
156443,5-3-2,966
156443,6-3-2,477.5
156443,1-4-5,96.3
156443,2-4-5,243.2
156443,3-4-5,140
156443,4-3-5,341.3
156443,5-3-4,1421
156443,6-3-4,671.8
156443,1-4-6,40.8
156443,2-4-6,141
156443,3-4-6,66.3
156443,4-3-6,137.2
156443,5-3-6,1313
156443,6-3-5,1381
156443,1-5-2,175.1
156443,2-5-1,344.9
156443,3-5-1,214.2
156443,4-5-1,456.1
156443,5-4-1,1368
156443,6-4-1,1111
156443,1-5-3,164.3
156443,2-5-3,295
156443,3-5-2,200.4
156443,4-5-2,570.6
156443,5-4-2,1633
156443,6-4-2,898.4
156443,1-5-4,212.3
156443,2-5-4,495.1
156443,3-5-4,278.8
156443,4-5-3,639.8
156443,5-4-3,1485
156443,6-4-3,803.2
156443,1-5-6,203.4
156443,2-5-6,430.8
156443,3-5-6,220.1
156443,4-5-6,350.2
156443,5-4-6,1263
156443,6-4-5,1802
156443,1-6-2,76.6
156443,2-6-1,212
156443,3-6-1,130.1
156443,4-6-1,219.7
156443,5-6-1,1048
156443,6-5-1,2309
156443,1-6-3,86.5
156443,2-6-3,187.2
156443,3-6-2,117.9
156443,4-6-2,238
156443,5-6-2,1932
156443,6-5-2,1067
156443,1-6-4,104.6
156443,2-6-4,298.5
156443,3-6-4,139.6
156443,4-6-3,262.7
156443,5-6-3,1615
156443,6-5-3,1539
156443,1-6-5,308.2
156443,2-6-5,457.5
156443,3-6-5,247.7
156443,4-6-5,445.1
156443,5-6-4,1824
156443,6-5-4,2157
156444,1-2-3,63.6
156444,2-1-3,47.2
156444,3-1-2,241
156444,4-1-2,46.5
156444,5-1-2,477.8
156444,6-1-2,213
156444,1-2-4,23.3
156444,2-1-4,15.8
156444,3-1-4,176
156444,4-1-3,148.5
156444,5-1-3,860.5
156444,6-1-3,454.7
156444,1-2-5,110.7
156444,2-1-5,74.3
156444,3-1-5,382.9
156444,4-1-5,106.8
156444,5-1-4,538.6
156444,6-1-4,215.3
156444,1-2-6,56.3
156444,2-1-6,28.6
156444,3-1-6,288.3
156444,4-1-6,56.3
156444,5-1-6,523
156444,6-1-5,739.7
156444,1-3-2,97.4
156444,2-3-1,80.3
156444,3-2-1,221.3
156444,4-2-1,33.7
156444,5-2-1,467.5
156444,6-2-1,191.4
156444,1-3-4,79.6
156444,2-3-4,35.5
156444,3-2-4,68.6
156444,4-2-3,64.9
156444,5-2-3,724.8
156444,6-2-3,266.3
156444,1-3-5,173.4
156444,2-3-5,110.3
156444,3-2-5,188.8
156444,4-2-5,39.5
156444,5-2-4,272.3
156444,6-2-4,98
156444,1-3-6,122.3
156444,2-3-6,44.3
156444,3-2-6,97.2
156444,4-2-6,15.7
156444,5-2-6,304.2
156444,6-2-5,302.5
156444,1-4-2,33.7
156444,2-4-1,18.4
156444,3-4-1,208.9
156444,4-3-1,340.6
156444,5-3-1,1200
156444,6-3-1,1325
156444,1-4-3,86.4
156444,2-4-3,27.4
156444,3-4-2,90.1
156444,4-3-2,148.6
156444,5-3-2,1080
156444,6-3-2,563.9
156444,1-4-5,109.9
156444,2-4-5,31.6
156444,3-4-5,173.7
156444,4-3-5,242.7
156444,5-3-4,1173
156444,6-3-4,470.5
156444,1-4-6,54.5
156444,2-4-6,10.5
156444,3-4-6,88.6
156444,4-3-6,114.8
156444,5-3-6,1317
156444,6-3-5,1142
156444,1-5-2,203.2
156444,2-5-1,152.7
156444,3-5-1,892.5
156444,4-5-1,94.2
156444,5-4-1,417.8
156444,6-4-1,235.2
156444,1-5-3,354.1
156444,2-5-3,201.6
156444,3-5-2,558.1
156444,4-5-2,54.5
156444,5-4-2,226.4
156444,6-4-2,96.6
156444,1-5-4,224.7
156444,2-5-4,90.1
156444,3-5-4,528.1
156444,4-5-3,242.9
156444,5-4-3,800
156444,6-4-3,358.8
156444,1-5-6,238.1
156444,2-5-6,109.3
156444,3-5-6,540
156444,4-5-6,39.9
156444,5-4-6,195.8
156444,6-4-5,201.6
156444,1-6-2,130.9
156444,2-6-1,65.1
156444,3-6-1,487.5
156444,4-6-1,53.3
156444,5-6-1,516.7
156444,6-5-1,850.4
156444,1-6-3,273
156444,2-6-3,83.2
156444,3-6-2,212.6
156444,4-6-2,24.3
156444,5-6-2,333.3
156444,6-5-2,428.5
156444,1-6-4,126.1
156444,2-6-4,29.7
156444,3-6-4,178.2
156444,4-6-3,122.8
156444,5-6-3,896.2
156444,6-5-3,1107
156444,1-6-5,307.6
156444,2-6-5,98.4
156444,3-6-5,486.4
156444,4-6-5,44.7
156444,5-6-4,260.2
156444,6-5-4,335.9
156445,1-2-3,16.8
156445,2-1-3,29.8
156445,3-1-2,60.6
156445,4-1-2,34
156445,5-1-2,242.3
156445,6-1-2,1035
156445,1-2-4,11.2
156445,2-1-4,21.9
156445,3-1-4,40.5
156445,4-1-3,64.1
156445,5-1-3,407
156445,6-1-3,1941
156445,1-2-5,38.7
156445,2-1-5,63.7
156445,3-1-5,101.3
156445,4-1-5,53.8
156445,5-1-4,215.1
156445,6-1-4,3352
156445,1-2-6,421
156445,2-1-6,547.1
156445,3-1-6,917.4
156445,4-1-6,373.2
156445,5-1-6,890.8
156445,6-1-5,2119
156445,1-3-2,22.6
156445,2-3-1,49.2
156445,3-2-1,72.1
156445,4-2-1,34.7
156445,5-2-1,256.1
156445,6-2-1,1825
156445,1-3-4,19.7
156445,2-3-4,20.8
156445,3-2-4,25.6
156445,4-2-3,32.2
156445,5-2-3,314.1
156445,6-2-3,3352
156445,1-3-5,59
156445,2-3-5,58.6
156445,3-2-5,67.1
156445,4-2-5,38.8
156445,5-2-4,205.8
156445,6-2-4,2752
156445,1-3-6,543.9
156445,2-3-6,765.1
156445,3-2-6,882.2
156445,4-2-6,345.9
156445,5-2-6,922
156445,6-2-5,4190
156445,1-4-2,13.7
156445,2-4-1,27.4
156445,3-4-1,59.7
156445,4-3-1,89.2
156445,5-3-1,385.7
156445,6-3-1,2144
156445,1-4-3,21.2
156445,2-4-3,19.4
156445,3-4-2,35
156445,4-3-2,50
156445,5-3-2,402.6
156445,6-3-2,4190
156445,1-4-5,34.9
156445,2-4-5,31.8
156445,3-4-5,54.7
156445,4-3-5,53.1
156445,5-3-4,317.3
156445,6-3-4,3841
156445,1-4-6,315.2
156445,2-4-6,383.3
156445,3-4-6,651.5
156445,4-3-6,587.2
156445,5-3-6,1862
156445,6-3-5,4728
156445,1-5-2,97.1
156445,2-5-1,153.6
156445,3-5-1,195.1
156445,4-5-1,70.7
156445,5-4-1,208.3
156445,6-4-1,2672
156445,1-5-3,125.2
156445,2-5-3,138.7
156445,3-5-2,159.9
156445,4-5-2,55.7
156445,5-4-2,184.5
156445,6-4-2,2195
156445,1-5-4,94.7
156445,2-5-4,95
156445,3-5-4,131.9
156445,4-5-3,84
156445,5-4-3,254.6
156445,6-4-3,3923
156445,1-5-6,986
156445,2-5-6,1104
156445,3-5-6,1307
156445,4-5-6,278.1
156445,5-4-6,805.2
156445,6-4-5,2672
156445,1-6-2,695.8
156445,2-6-1,1499
156445,3-6-1,2491
156445,4-6-1,922
156445,5-6-1,1631
156445,6-5-1,1646
156445,1-6-3,1289
156445,2-6-3,2221
156445,3-6-2,2672
156445,4-6-2,791.4
156445,5-6-2,1941
156445,6-5-2,5122
156445,1-6-4,774.7
156445,2-6-4,1221
156445,3-6-4,2364
156445,4-6-3,1167
156445,5-6-3,2711
156445,6-5-3,4610
156445,1-6-5,1617
156445,2-6-5,1707
156445,3-6-5,2144
156445,4-6-5,740.5
156445,5-6-4,1739
156445,6-5-4,3235
156446,1-2-3,21.9
156446,2-1-3,39.2
156446,3-1-2,15.7
156446,4-1-2,239.5
156446,5-1-2,1387
156446,6-1-2,337.2
156446,1-2-4,67
156446,2-1-4,131.2
156446,3-1-4,8.8
156446,4-1-3,100.8
156446,5-1-3,1065
156446,6-1-3,251.3
156446,1-2-5,567.7
156446,2-1-5,620.4
156446,3-1-5,93.6
156446,4-1-5,597.7
156446,5-1-4,1771
156446,6-1-4,398.5
156446,1-2-6,65.3
156446,2-1-6,104.6
156446,3-1-6,11
156446,4-1-6,172.1
156446,5-1-6,1615
156446,6-1-5,2131
156446,1-3-2,12.9
156446,2-3-1,48.8
156446,3-2-1,36.5
156446,4-2-1,393.1
156446,5-2-1,1793
156446,6-2-1,644.9
156446,1-3-4,13.1
156446,2-3-4,100.3
156446,3-2-4,42.1
156446,4-2-3,248.4
156446,5-2-3,1750
156446,6-2-3,345.1
156446,1-3-5,128.7
156446,2-3-5,631.1
156446,3-2-5,156.9
156446,4-2-5,1312
156446,5-2-4,2042
156446,6-2-4,1267
156446,1-3-6,15.9
156446,2-3-6,74.7
156446,3-2-6,38
156446,4-2-6,370.4
156446,5-2-6,1671
156446,6-2-5,2827
156446,1-4-2,77.7
156446,2-4-1,274.3
156446,3-4-1,14.5
156446,4-3-1,69.9
156446,5-3-1,924.8
156446,6-3-1,211.8
156446,1-4-3,41.6
156446,2-4-3,241.4
156446,3-4-2,29.7
156446,4-3-2,131.6
156446,5-3-2,1312
156446,6-3-2,338.8
156446,1-4-5,459.5
156446,2-4-5,1374
156446,3-4-5,88.8
156446,4-3-5,330.4
156446,5-3-4,1176
156446,6-3-4,192.9
156446,1-4-6,91.2
156446,2-4-6,437.6
156446,3-4-6,11.3
156446,4-3-6,56.1
156446,5-3-6,1652
156446,6-3-5,1021
156446,1-5-2,967.4
156446,2-5-1,1246
156446,3-5-1,317.6
156446,4-5-1,1035
156446,5-4-1,1861
156446,6-4-1,413
156446,1-5-3,456.6
156446,2-5-3,936.6
156446,3-5-2,362.2
156446,4-5-2,1176
156446,5-4-2,2334
156446,6-4-2,690.3
156446,1-5-4,1028
156446,2-5-4,1690
156446,3-5-4,304.4
156446,4-5-3,662.4
156446,5-4-3,1349
156446,6-4-3,233.7
156446,1-5-6,1581
156446,2-5-6,1387
156446,3-5-6,364.8
156446,4-5-6,924.8
156446,5-4-6,2194
156446,6-4-5,1615
156446,1-6-2,118.6
156446,2-6-1,292.9
156446,3-6-1,26.7
156446,4-6-1,192.4
156446,5-6-1,3342
156446,6-5-1,2371
156446,1-6-3,71.6
156446,2-6-3,241
156446,3-6-2,47.8
156446,4-6-2,307.6
156446,5-6-2,2774
156446,6-5-2,1934
156446,1-6-4,158.6
156446,2-6-4,592.9
156446,3-6-4,21.9
156446,4-6-3,108.6
156446,5-6-3,2297
156446,6-5-3,2194
156446,1-6-5,1598
156446,2-6-5,2194
156446,3-6-5,183.8
156446,4-6-5,687.1
156446,5-6-4,2579
156446,6-5-4,2014
156447,1-2-3,90.7
156447,2-1-3,56.8
156447,3-1-2,222
156447,4-1-2,49.4
156447,5-1-2,174.1
156447,6-1-2,1309
156447,1-2-4,31.9
156447,2-1-4,22.8
156447,3-1-4,171.4
156447,4-1-3,129.3
156447,5-1-3,318.5
156447,6-1-3,2016
156447,1-2-5,64.3
156447,2-1-5,42.1
156447,3-1-5,171.7
156447,4-1-5,39.7
156447,5-1-4,127.3
156447,6-1-4,1390
156447,1-2-6,148.5
156447,2-1-6,79.9
156447,3-1-6,518.3
156447,4-1-6,63.2
156447,5-1-6,266.3
156447,6-1-5,1400
156447,1-3-2,147.9
156447,2-3-1,75.5
156447,3-2-1,237.7
156447,4-2-1,34.8
156447,5-2-1,175
156447,6-2-1,1120
156447,1-3-4,121.7
156447,2-3-4,34.9
156447,3-2-4,75.9
156447,4-2-3,62.3
156447,5-2-3,264.9
156447,6-2-3,1996
156447,1-3-5,181.6
156447,2-3-5,50
156447,3-2-5,93.4
156447,4-2-5,14.2
156447,5-2-4,64.8
156447,6-2-4,544.9
156447,1-3-6,407.3
156447,2-3-6,171.7
156447,3-2-6,278.9
156447,4-2-6,30.7
156447,5-2-6,170.3
156447,6-2-5,916.5
156447,1-4-2,42.1
156447,2-4-1,22.5
156447,3-4-1,184.6
156447,4-3-1,197.3
156447,5-3-1,416.6
156447,6-3-1,1613
156447,1-4-3,105.3
156447,2-4-3,28.9
156447,3-4-2,109.2
156447,4-3-2,122.5
156447,5-3-2,417.4
156447,6-3-2,2265
156447,1-4-5,52.9
156447,2-4-5,13.4
156447,3-4-5,118.9
156447,4-3-5,101.9
156447,5-3-4,333.2
156447,6-3-4,1849
156447,1-4-6,88.7
156447,2-4-6,28.7
156447,3-4-6,258.8
156447,4-3-6,159.1
156447,5-3-6,628.1
156447,6-3-5,1957
156447,1-5-2,147.2
156447,2-5-1,70.7
156447,3-5-1,267.7
156447,4-5-1,24.1
156447,5-4-1,74.9
156447,6-4-1,1072
156447,1-5-3,272.1
156447,2-5-3,90.8
156447,3-5-2,181.3
156447,4-5-2,14.2
156447,5-4-2,43.1
156447,6-4-2,547.9
156447,1-5-4,112.4
156447,2-5-4,31.2
156447,3-5-4,181.6
156447,4-5-3,61.3
156447,5-4-3,168.4
156447,6-4-3,1816
156447,1-5-6,272.8
156447,2-5-6,105.7
156447,3-5-6,525.1
156447,4-5-6,18.4
156447,5-4-6,56.9
156447,6-4-5,518.3
156447,1-6-2,547.9
156447,2-6-1,287.6
156447,3-6-1,1039
156447,4-6-1,128.7
156447,5-6-1,406.5
156447,6-5-1,1084
156447,1-6-3,1003
156447,2-6-3,452.1
156447,3-6-2,888.3
156447,4-6-2,83.4
156447,5-6-2,352.5
156447,6-5-2,1120
156447,1-6-4,395.3
156447,2-6-4,141.9
156447,3-6-4,758
156447,4-6-3,268.1
156447,5-6-3,912.4
156447,6-5-3,2191
156447,1-6-5,640.1
156447,2-6-5,238
156447,3-6-5,1200
156447,4-6-5,58.2
156447,5-6-4,206.6
156447,6-5-4,594.8
156448,1-2-3,9.8
156448,2-1-3,57.3
156448,3-1-2,165.2
156448,4-1-2,59.9
156448,5-1-2,46.6
156448,6-1-2,699.1
156448,1-2-4,6.6
156448,2-1-4,44
156448,3-1-4,202.4
156448,4-1-3,193.9
156448,5-1-3,118.3
156448,6-1-3,1529
156448,1-2-5,5.6
156448,2-1-5,42.5
156448,3-1-5,163.7
156448,4-1-5,47.4
156448,5-1-4,64.2
156448,6-1-4,1335
156448,1-2-6,85.2
156448,2-1-6,311.2
156448,3-1-6,621.4
156448,4-1-6,228
156448,5-1-6,177
156448,6-1-5,715.9
156448,1-3-2,19.7
156448,2-3-1,258.2
156448,3-2-1,287.7
156448,4-2-1,107.2
156448,5-2-1,96
156448,6-2-1,1355
156448,1-3-4,31.8
156448,2-3-4,417.2
156448,3-2-4,481.1
156448,4-2-3,420.1
156448,5-2-3,268.3
156448,6-2-3,3254
156448,1-3-5,27.7
156448,2-3-5,358.6
156448,3-2-5,386.5
156448,4-2-5,120.2
156448,5-2-4,182.2
156448,6-2-4,2594
156448,1-3-6,191.6
156448,2-3-6,1234
156448,3-2-6,1104
156448,4-2-6,473.5
156448,5-2-6,382.4
156448,6-2-5,2057
156448,1-4-2,12.9
156448,2-4-1,163.7
156448,3-4-1,463.7
156448,4-3-1,443
156448,5-3-1,364.5
156448,6-3-1,3891
156448,1-4-3,41.5
156448,2-4-3,479.8
156448,3-4-2,634.7
156448,4-3-2,566.4
156448,5-3-2,460.1
156448,6-3-2,4710
156448,1-4-5,15.9
156448,2-4-5,245.1
156448,3-4-5,672.8
156448,4-3-5,535.9
156448,5-3-4,680.5
156448,6-3-4,4261
156448,1-4-6,138
156448,2-4-6,1040
156448,3-4-6,1642
156448,4-3-6,848.2
156448,5-3-6,1147
156448,6-3-5,3808
156448,1-5-2,10.5
156448,2-5-1,144.9
156448,3-5-1,351.6
156448,4-5-1,52.5
156448,5-4-1,81.8
156448,6-4-1,1966
156448,1-5-3,30
156448,2-5-3,403.1
156448,3-5-2,426.1
156448,4-5-2,78.7
156448,5-4-2,124.7
156448,6-4-2,2671
156448,1-5-4,18.9
156448,2-5-4,278.8
156448,3-5-4,653.2
156448,4-5-3,250.6
156448,5-4-3,408.6
156448,6-4-3,5264
156448,1-5-6,100.2
156448,2-5-6,821
156448,3-5-6,1924
156448,4-5-6,178.4
156448,5-4-6,298.8
156448,6-4-5,2156
156448,1-6-2,267.5
156448,2-6-1,1387
156448,3-6-1,2451
156448,4-6-1,650.8
156448,5-6-1,498.5
156448,6-5-1,1269
156448,1-6-3,499.9
156448,2-6-3,2355
156448,3-6-2,1945
156448,4-6-2,848.2
156448,5-6-2,665.3
156448,6-5-2,2130
156448,1-6-4,380
156448,2-6-4,2294
156448,3-6-4,4067
156448,4-6-3,1543
156448,5-6-3,1355
156448,6-5-3,5114
156448,1-6-5,310.2
156448,2-6-5,1467
156448,3-6-5,4837
156448,4-6-5,693.7
156448,5-6-4,788.5
156448,6-5-4,2265
156449,1-2-3,8.5
156449,2-1-3,16.3
156449,3-1-2,46.1
156449,4-1-2,92.3
156449,5-1-2,274.1
156449,6-1-2,244.8
156449,1-2-4,10.5
156449,2-1-4,24.4
156449,3-1-4,59.5
156449,4-1-3,131.6
156449,5-1-3,355.3
156449,6-1-3,328.4
156449,1-2-5,21.1
156449,2-1-5,36.8
156449,3-1-5,57.5
156449,4-1-5,88.2
156449,5-1-4,281.9
156449,6-1-4,413.7
156449,1-2-6,27.9
156449,2-1-6,50.2
156449,3-1-6,91.8
156449,4-1-6,102.8
156449,5-1-6,327.3
156449,6-1-5,540.8
156449,1-3-2,9.3
156449,2-3-1,57.4
156449,3-2-1,87.1
156449,4-2-1,141.3
156449,5-2-1,446.2
156449,6-2-1,302.9
156449,1-3-4,15
156449,2-3-4,105
156449,3-2-4,153
156449,4-2-3,266.4
156449,5-2-3,562.2
156449,6-2-3,382.7
156449,1-3-5,19.4
156449,2-3-5,131.6
156449,3-2-5,157.9
156449,4-2-5,187.9
156449,5-2-4,578.5
156449,6-2-4,635.8
156449,1-3-6,31.2
156449,2-3-6,181
156449,3-2-6,199.2
156449,4-2-6,180.4
156449,5-2-6,498.8
156449,6-2-5,786.6
156449,1-4-2,26.1
156449,2-4-1,77.1
156449,3-4-1,134.6
156449,4-3-1,207.9
156449,5-3-1,503.8
156449,6-3-1,440.3
156449,1-4-3,33.7
156449,2-4-3,157.8
156449,3-4-2,194.9
156449,4-3-2,323.6
156449,5-3-2,583.6
156449,6-3-2,715.9
156449,1-4-5,47.9
156449,2-4-5,218.7
156449,3-4-5,210.1
156449,4-3-5,310
156449,5-3-4,777.4
156449,6-3-4,832.7
156449,1-4-6,46.6
156449,2-4-6,202.6
156449,3-4-6,204.5
156449,4-3-6,280.7
156449,5-3-6,836.2
156449,6-3-5,970.8
156449,1-5-2,65
156449,2-5-1,187.5
156449,3-5-1,256.8
156449,4-5-1,127.9
156449,5-4-1,314.9
156449,6-4-1,578.5
156449,1-5-3,89.6
156449,2-5-3,249
156449,3-5-2,283.1
156449,4-5-2,183.4
156449,5-4-2,452.3
156449,6-4-2,739.8
156449,1-5-4,87.6
156449,2-5-4,372
156449,3-5-4,374.8
156449,4-5-3,313.9
156449,5-4-3,734.4
156449,6-4-3,947.7
156449,1-5-6,96.4
156449,2-5-6,316.4
156449,3-5-6,381.2
156449,4-5-6,137.6
156449,5-4-6,351
156449,6-4-5,753.8
156449,1-6-2,80.4
156449,2-6-1,201.6
156449,3-6-1,236.3
156449,4-6-1,180.9
156449,5-6-1,514.2
156449,6-5-1,865.3
156449,1-6-3,108
156449,2-6-3,337.9
156449,3-6-2,335
156449,4-6-2,238
156449,5-6-2,568.6
156449,6-5-2,990.1
156449,1-6-4,109.5
156449,2-6-4,325.2
156449,3-6-4,398
156449,4-6-3,376.9
156449,5-6-3,812.3
156449,6-5-3,1191
156449,1-6-5,151.3
156449,2-6-5,412.9
156449,3-6-5,433.6
156449,4-6-5,205.8
156449,5-6-4,532.1
156449,6-5-4,846.9
156450,1-2-3,14.3
156450,2-1-3,97.3
156450,3-1-2,115
156450,4-1-2,85.6
156450,5-1-2,86.8
156450,6-1-2,463.5
156450,1-2-4,13.7
156450,2-1-4,85.5
156450,3-1-4,85.1
156450,4-1-3,119.8
156450,5-1-3,100.8
156450,6-1-3,699
156450,1-2-5,13.9
156450,2-1-5,85.9
156450,3-1-5,72.6
156450,4-1-5,45.9
156450,5-1-4,75
156450,6-1-4,573.3
156450,1-2-6,38.2
156450,2-1-6,175.3
156450,3-1-6,178.9
156450,4-1-6,80
156450,5-1-6,98.8
156450,6-1-5,557.4
156450,1-3-2,19.9
156450,2-3-1,247.5
156450,3-2-1,221.7
156450,4-2-1,190.8
156450,5-2-1,204.8
156450,6-2-1,923.7
156450,1-3-4,16.5
156450,2-3-4,298
156450,3-2-4,233.2
156450,4-2-3,332.1
156450,5-2-3,394.9
156450,6-2-3,1444
156450,1-3-5,14.6
156450,2-3-5,264.8
156450,3-2-5,190.2
156450,4-2-5,185.8
156450,5-2-4,337.7
156450,6-2-4,982.8
156450,1-3-6,38
156450,2-3-6,565.8
156450,3-2-6,404
156450,4-2-6,266.2
156450,5-2-6,367.6
156450,6-2-5,1221
156450,1-4-2,18.4
156450,2-4-1,216
156450,3-4-1,149.7
156450,4-3-1,223.8
156450,5-3-1,251.8
156450,6-3-1,1172
156450,1-4-3,21.9
156450,2-4-3,366.1
156450,3-4-2,200.3
156450,4-3-2,307.2
156450,5-3-2,274
156450,6-3-2,1444
156450,1-4-5,14.4
156450,2-4-5,300.4
156450,3-4-5,98.9
156450,4-3-5,142
156450,5-3-4,265.6
156450,6-3-4,1294
156450,1-4-6,28.9
156450,2-4-6,393.1
156450,3-4-6,196.1
156450,4-3-6,259.8
156450,5-3-6,349.5
156450,6-3-5,1444
156450,1-5-2,21.7
156450,2-5-1,199.2
156450,3-5-1,146.7
156450,4-5-1,57.6
156450,5-4-1,107.4
156450,6-4-1,722.1
156450,1-5-3,23.6
156450,2-5-3,295
156450,3-5-2,194.2
156450,4-5-2,117.9
156450,5-4-2,208.6
156450,6-4-2,1041
156450,1-5-4,21.9
156450,2-5-4,365.6
156450,3-5-4,134.1
156450,4-5-3,144.3
156450,5-4-3,235.9
156450,6-4-3,1390
156450,1-5-6,35.5
156450,2-5-6,464.3
156450,3-5-6,204.5
156450,4-5-6,78.7
156450,5-4-6,137.3
156450,6-4-5,716.2
156450,1-6-2,91.5
156450,2-6-1,586.1
156450,3-6-1,643.9
156450,4-6-1,189.1
156450,5-6-1,271.7
156450,6-5-1,744.8
156450,1-6-3,107.8
156450,2-6-3,1071
156450,3-6-2,1093
156450,4-6-2,334.7
156450,5-6-2,453.8
156450,6-5-2,1460
156450,1-6-4,90.9
156450,2-6-4,746.9
156450,3-6-4,728.2
156450,4-6-3,493.2
156450,5-6-3,531.3
156450,6-5-3,1354
156450,1-6-5,85
156450,2-6-5,687.9
156450,3-6-5,631.4
156450,4-6-5,176
156450,5-6-4,325.5
156450,6-5-4,728.2
156451,1-2-3,12.5
156451,2-1-3,226.2
156451,3-1-2,476.4
156451,4-1-2,131.9
156451,5-1-2,103.9
156451,6-1-2,1595
156451,1-2-4,6.6
156451,2-1-4,148.6
156451,3-1-4,387.1
156451,4-1-3,271.8
156451,5-1-3,247.8
156451,6-1-3,1750
156451,1-2-5,5.6
156451,2-1-5,110.5
156451,3-1-5,267.2
156451,4-1-5,71.1
156451,5-1-4,96.6
156451,6-1-4,1415
156451,1-2-6,41.3
156451,2-1-6,528.3
156451,3-1-6,919.8
156451,4-1-6,240.2
156451,5-1-6,229.7
156451,6-1-5,1440
156451,1-3-2,21.4
156451,2-3-1,642.9
156451,3-2-1,768.4
156451,4-2-1,331.1
156451,5-2-1,294
156451,6-2-1,2423
156451,1-3-4,23.4
156451,2-3-4,1826
156451,3-2-4,2100
156451,4-2-3,1355
156451,5-2-3,1279
156451,6-2-3,5479
156451,1-3-5,22.6
156451,2-3-5,1536
156451,3-2-5,2270
156451,4-2-5,538.5
156451,5-2-4,634.8
156451,6-2-4,6300
156451,1-3-6,85.3
156451,2-3-6,3111
156451,3-2-6,3706
156451,4-2-6,1086
156451,5-2-6,1166
156451,6-2-5,4582
156451,1-4-2,10.1
156451,2-4-1,429.3
156451,3-4-1,754.6
156451,4-3-1,634.8
156451,5-3-1,593
156451,6-3-1,3273
156451,1-4-3,26.8
156451,2-4-3,1536
156451,3-4-2,1880
156451,4-3-2,1369
156451,5-3-2,2135
156451,6-3-2,5143
156451,1-4-5,7.6
156451,2-4-5,863.1
156451,3-4-5,1415
156451,4-3-5,1266
156451,5-3-4,1938
156451,6-3-4,3706
156451,1-4-6,43.4
156451,2-4-6,2681
156451,3-4-6,2291
156451,4-3-6,2082
156451,5-3-6,1800
156451,6-3-5,4500
156451,1-5-2,9.2
156451,2-5-1,354.9
156451,3-5-1,584.7
156451,4-5-1,107.2
156451,5-4-1,157.1
156451,6-4-1,2653
156451,1-5-3,24.2
156451,2-5-3,1369
156451,3-5-2,1738
156451,4-5-2,316.6
156451,5-4-2,492.2
156451,6-4-2,5362
156451,1-5-4,10.9
156451,2-5-4,848.6
156451,3-5-4,1362
156451,4-5-3,792.5
156451,5-4-3,916.4
156451,6-4-3,5861
156451,1-5-6,37.2
156451,2-5-6,1669
156451,3-5-6,1680
156451,4-5-6,323.5
156451,5-4-6,527.2
156451,6-4-5,3073
156451,1-6-2,142.7
156451,2-6-1,1969
156451,3-6-1,1575
156451,4-6-1,777.8
156451,5-6-1,641.3
156451,6-5-1,1647
156451,1-6-3,269.2
156451,2-6-3,4200
156451,3-6-2,4000
156451,4-6-2,1866
156451,5-6-2,1702
156451,6-5-2,5040
156451,1-6-4,159.3
156451,2-6-4,2250
156451,3-6-4,3549
156451,4-6-3,2495
156451,5-6-3,2355
156451,6-5-3,5479
156451,1-6-5,130.1
156451,2-6-5,2000
156451,3-6-5,3316
156451,4-6-5,1016
156451,5-6-4,1253
156451,6-5-4,3111
156452,1-2-3,9.8
156452,2-1-3,203.9
156452,3-1-2,49.1
156452,4-1-2,492.2
156452,5-1-2,1207
156452,6-1-2,122.3
156452,1-2-4,37
156452,2-1-4,443.7
156452,3-1-4,39.2
156452,4-1-3,275.7
156452,5-1-3,709.4
156452,6-1-3,70.8
156452,1-2-5,58.9
156452,2-1-5,615.9
156452,3-1-5,62.1
156452,4-1-5,545.3
156452,5-1-4,1282
156452,6-1-4,187.4
156452,1-2-6,16.1
156452,2-1-6,236.9
156452,3-1-6,21.6
156452,4-1-6,264.2
156452,5-1-6,847.9
156452,6-1-5,315
156452,1-3-2,6.5
156452,2-3-1,407.2
156452,3-2-1,183.2
156452,4-2-1,994.4
156452,5-2-1,2210
156452,6-2-1,338.7
156452,1-3-4,8.3
156452,2-3-4,1250
156452,3-2-4,691.6
156452,4-2-3,1949
156452,5-2-3,3391
156452,6-2-3,508.4
156452,1-3-5,17.2
156452,2-3-5,2029
156452,3-2-5,959.7
156452,4-2-5,2098
156452,5-2-4,4585
156452,6-2-4,1256
156452,1-3-6,4.8
156452,2-3-6,537.1
156452,3-2-6,237.1
156452,4-2-6,1423
156452,5-2-6,3215
156452,6-2-5,1406
156452,1-4-2,60
156452,2-4-1,986.4
156452,3-4-1,141
156452,4-3-1,445.3
156452,5-3-1,1062
156452,6-3-1,114.1
156452,1-4-3,27.2
156452,2-4-3,2314
156452,3-4-2,532.4
156452,4-3-2,1528
156452,5-3-2,2579
156452,6-3-2,377.4
156452,1-4-5,70.3
156452,2-4-5,3809
156452,3-4-5,422.5
156452,4-3-5,1383
156452,5-3-4,3174
156452,6-3-4,456
156452,1-4-6,38
156452,2-4-6,2063
156452,3-4-6,162.5
156452,4-3-6,582.6
156452,5-3-6,1781
156452,6-3-5,768.9
156452,1-5-2,132.3
156452,2-5-1,2579
156452,3-5-1,297.9
156452,4-5-1,1067
156452,5-4-1,1847
156452,6-4-1,483.6
156452,1-5-3,57.9
156452,2-5-3,3487
156452,3-5-2,978.6
156452,4-5-2,2526
156452,5-4-2,4421
156452,6-4-2,1345
156452,1-5-4,100.2
156452,2-5-4,4585
156452,3-5-4,703.4
156452,4-5-3,2314
156452,5-4-3,3641
156452,6-4-3,745.8
156452,1-5-6,102.1
156452,2-5-6,3993
156452,3-5-6,388.1
156452,4-5-6,1310
156452,5-4-6,2250
156452,6-4-5,1225
156452,1-6-2,24.4
156452,2-6-1,617.4
156452,3-6-1,63.1
156452,4-6-1,453.4
156452,5-6-1,1345
156452,6-5-1,934.3
156452,1-6-3,13.5
156452,2-6-3,853.8
156452,3-6-2,204.4
156452,4-6-2,1207
156452,5-6-2,3809
156452,6-5-2,2403
156452,1-6-4,44.9
156452,2-6-4,1949
156452,3-6-4,180.8
156452,4-6-3,705.4
156452,5-6-3,2153
156452,6-5-3,1519
156452,1-6-5,76.2
156452,2-6-5,3019
156452,3-6-5,288.2
156452,4-6-5,1269
156452,5-6-4,2427
156452,6-5-4,1807
156453,1-2-3,51.5
156453,2-1-3,437.5
156453,3-1-2,720.2
156453,4-1-2,49.2
156453,5-1-2,51.7
156453,6-1-2,2377
156453,1-2-4,14.6
156453,2-1-4,189.8
156453,3-1-4,325.6
156453,4-1-3,101.1
156453,5-1-3,89
156453,6-1-3,4553
156453,1-2-5,21.8
156453,2-1-5,222.3
156453,3-1-5,305.2
156453,4-1-5,15.2
156453,5-1-4,21.8
156453,6-1-4,1767
156453,1-2-6,168
156453,2-1-6,901.5
156453,3-1-6,1297
156453,4-1-6,91.9
156453,5-1-6,66.5
156453,6-1-5,1535
156453,1-3-2,62.1
156453,2-3-1,1323
156453,3-2-1,1421
156453,4-2-1,169
156453,5-2-1,153.3
156453,6-2-1,3837
156453,1-3-4,27.5
156453,2-3-4,1460
156453,3-2-4,1468
156453,4-2-3,617.5
156453,5-2-3,457.6
156453,6-2-3,7260
156453,1-3-5,37.3
156453,2-3-5,1668
156453,3-2-5,1468
156453,4-2-5,166.6
156453,5-2-4,198.1
156453,6-2-4,5970
156453,1-3-6,197.6
156453,2-3-6,4553
156453,3-2-6,4975
156453,4-2-6,556.2
156453,5-2-6,353
156453,6-2-5,5068
156453,1-4-2,10.3
156453,2-4-1,310.2
156453,3-4-1,537.3
156453,4-3-1,339.2
156453,5-3-1,328.4
156453,6-3-1,6888
156453,1-4-3,19.2
156453,2-4-3,1183
156453,3-4-2,1535
156453,4-3-2,886.6
156453,5-3-2,734
156453,6-3-2,8141
156453,1-4-5,4.9
156453,2-4-5,494.7
156453,3-4-5,624.7
156453,4-3-5,449.2
156453,5-3-4,408.9
156453,6-3-4,7069
156453,1-4-6,47.8
156453,2-4-6,1552
156453,3-4-6,2398
156453,4-3-6,1105
156453,5-3-6,740
156453,6-3-5,6105
156453,1-5-2,17.8
156453,2-5-1,420.4
156453,3-5-1,584
156453,4-5-1,18.4
156453,5-4-1,28.2
156453,6-4-1,2257
156453,1-5-3,31.1
156453,2-5-3,1356
156453,3-5-2,1689
156453,4-5-2,68.1
156453,5-4-2,96.7
156453,6-4-2,3630
156453,1-5-4,6.9
156453,2-5-4,565.5
156453,3-5-4,722.1
156453,4-5-3,159.4
156453,5-4-3,179.7
156453,6-4-3,6552
156453,1-5-6,48.5
156453,2-5-6,1599
156453,3-5-6,2377
156453,4-5-6,61.7
156453,5-4-6,86.4
156453,6-4-5,1891
156453,1-6-2,475.4
156453,2-6-1,2888
156453,3-6-1,3837
156453,4-6-1,414.5
156453,5-6-1,199.2
156453,6-5-1,1399
156453,1-6-3,627.6
156453,2-6-3,4797
156453,3-6-2,6716
156453,4-6-2,1061
156453,5-6-2,395
156453,6-5-2,2888
156453,1-6-4,273.5
156453,2-6-4,3489
156453,3-6-4,4713
156453,4-6-3,1711
156453,5-6-3,742.1
156453,6-5-3,5267
156453,1-6-5,248.5
156453,2-6-5,3837
156453,3-6-5,5716
156453,4-6-5,298.1
156453,5-6-4,228.2
156453,6-5-4,1815
156454,1-2-3,9
156454,2-1-3,28.2
156454,3-1-2,297.4
156454,4-1-2,213.6
156454,5-1-2,24.8
156454,6-1-2,1207
156454,1-2-4,9.6
156454,2-1-4,22.6
156454,3-1-4,459.1
156454,4-1-3,740.8
156454,5-1-3,97.5
156454,6-1-3,2325
156454,1-2-5,4.3
156454,2-1-5,9.2
156454,3-1-5,292.2
156454,4-1-5,214.9
156454,5-1-4,80.9
156454,6-1-4,4053
156454,1-2-6,48.1
156454,2-1-6,87.1
156454,3-1-6,1177
156454,4-1-6,594.8
156454,5-1-6,102.2
156454,6-1-5,1207
156454,1-3-2,27.5
156454,2-3-1,151.3
156454,3-2-1,448.9
156454,4-2-1,292.8
156454,5-2-1,36.6
156454,6-2-1,1477
156454,1-3-4,80.7
156454,2-3-4,280.3
156454,3-2-4,961.8
156454,4-2-3,1091
156454,5-2-3,162.9
156454,6-2-3,5254
156454,1-3-5,36.8
156454,2-3-5,196.7
156454,3-2-5,612.8
156454,4-2-5,381.8
156454,5-2-4,134.9
156454,6-2-4,4978
156454,1-3-6,239.6
156454,2-3-6,633.3
156454,3-2-6,1984
156454,4-2-6,981.8
156454,5-2-6,168.3
156454,6-2-5,1917
156454,1-4-2,35.4
156454,2-4-1,114.8
156454,3-4-1,912.3
156454,4-3-1,1493
156454,5-3-1,396.2
156454,6-3-1,7668
156454,1-4-3,130.3
156454,2-4-3,365.1
156454,3-4-2,1351
156454,4-3-2,2117
156454,5-3-2,443.3
156454,6-3-2,9153
156454,1-4-5,51.2
156454,2-4-5,162.2
156454,3-4-5,1659
156454,4-3-5,2041
156454,5-3-4,995.6
156454,6-3-4,7467
156454,1-4-6,240.6
156454,2-4-6,580.2
156454,3-4-6,4503
156454,4-3-6,3546
156454,5-3-6,988.6
156454,6-3-5,7093
156454,1-5-2,8.1
156454,2-5-1,26.7
156454,3-5-1,470.5
156454,4-5-1,229.9
156454,5-4-1,172.2
156454,6-4-1,7275
156454,1-5-3,31.4
156454,2-5-3,103.7
156454,3-5-2,598.6
156454,4-5-2,252.2
156454,5-4-2,199.6
156454,6-4-2,6168
156454,1-5-4,36.8
156454,2-5-4,103.5
156454,3-5-4,1074
156454,4-5-3,1058
156454,5-4-3,760.7
156454,6-4-3,9458
156454,1-5-6,53.9
156454,2-5-6,198.2
156454,3-5-6,1533
156454,4-5-6,435.8
156454,5-4-6,360
156454,6-4-5,5456
156454,1-6-2,208.9
156454,2-6-1,697.1
156454,3-6-1,4729
156454,4-6-1,1020
156454,5-6-1,280.1
156454,6-5-1,1377
156454,1-6-3,581.4
156454,2-6-3,2041
156454,3-6-2,5790
156454,4-6-2,1134
156454,5-6-2,306.4
156454,6-5-2,1891
156454,1-6-4,596.1
156454,2-6-4,1594
156454,3-6-4,7467
156454,4-6-3,5456
156454,5-6-3,771
156454,6-5-3,4503
156454,1-6-5,276
156454,2-6-5,716.5
156454,3-6-5,4235
156454,4-6-5,948.9
156454,5-6-4,502.2
156454,6-5-4,4235
156455,1-2-3,39.5
156455,2-1-3,551.9
156455,3-1-2,373.8
156455,4-1-2,39.6
156455,5-1-2,1001
156455,6-1-2,353.6
156455,1-2-4,20.6
156455,2-1-4,294.5
156455,3-1-4,74
156455,4-1-3,27.2
156455,5-1-3,1423
156455,6-1-3,344.3
156455,1-2-5,183.1
156455,2-1-5,944.9
156455,3-1-5,403.1
156455,4-1-5,54.5
156455,5-1-4,608.8
156455,6-1-4,98.1
156455,1-2-6,47.4
156455,2-1-6,645.4
156455,3-1-6,183.9
156455,4-1-6,11.8
156455,5-1-6,855.9
156455,6-1-5,645.4
156455,1-3-2,32.5
156455,2-3-1,960.3
156455,3-2-1,960.3
156455,4-2-1,168.5
156455,5-2-1,1817
156455,6-2-1,922.8
156455,1-3-4,7.3
156455,2-3-4,1312
156455,3-2-4,1283
156455,4-2-3,461.4
156455,5-2-3,3192
156455,6-2-3,2036
156455,1-3-5,58.1
156455,2-3-5,2881
156455,3-2-5,2228
156455,4-2-5,570.6
156455,5-2-4,1874
156455,6-2-4,992.6
156455,1-3-6,24
156455,2-3-6,2002
156455,3-2-6,1817
156455,4-2-6,189.6
156455,5-2-6,2271
156455,6-2-5,2684
156455,1-4-2,12.2
156455,2-4-1,395
156455,3-4-1,130
156455,4-3-1,84.3
156455,5-3-1,2271
156455,6-3-1,720.2
156455,1-4-3,6.9
156455,2-4-3,1312
156455,3-4-2,631.6
156455,4-3-2,413
156455,5-3-2,2881
156455,6-3-2,2271
156455,1-4-5,27.5
156455,2-4-5,2513
156455,3-4-5,624.9
156455,4-3-5,350.5
156455,5-3-4,3281
156455,6-3-4,803.5
156455,1-4-6,5
156455,2-4-6,968.2
156455,3-4-6,243.5
156455,4-3-6,107
156455,5-3-6,3937
156455,6-3-5,2684
156455,1-5-2,326.3
156455,2-5-1,1737
156455,3-5-1,1001
156455,4-5-1,92.8
156455,5-4-1,567.8
156455,6-4-1,99.4
156455,1-5-3,166.8
156455,2-5-3,3579
156455,3-5-2,2410
156455,4-5-2,354.7
156455,5-4-2,1406
156455,6-4-2,457.8
156455,1-5-4,106.8
156455,2-5-4,3579
156455,3-5-4,1440
156455,4-5-3,362.3
156455,5-4-3,2072
156455,6-4-3,426.4
156455,1-5-6,153
156455,2-5-6,3192
156455,3-5-6,1737
156455,4-5-6,95.5
156455,5-4-6,738.2
156455,6-4-5,621.6
156455,1-6-2,89.4
156455,2-6-1,1312
156455,3-6-1,450.8
156455,4-6-1,21.4
156455,5-6-1,1270
156455,6-5-1,1027
156455,1-6-3,56.9
156455,2-6-3,2812
156455,3-6-2,1737
156455,4-6-2,84.6
156455,5-6-2,2147
156455,6-5-2,2002
156455,1-6-4,20.5
156455,2-6-4,1574
156455,3-6-4,539.3
156455,4-6-3,78.6
156455,5-6-3,2567
156455,6-5-3,2002
156455,1-6-5,171.4
156455,2-6-5,4218
156455,3-6-5,1423
156455,4-6-5,85.8
156455,5-6-4,1312
156455,6-5-4,1243
156456,1-2-3,17.4
156456,2-1-3,40.1
156456,3-1-2,264.4
156456,4-1-2,95.6
156456,5-1-2,20.7
156456,6-1-2,1372
156456,1-2-4,7.3
156456,2-1-4,24.7
156456,3-1-4,388.4
156456,4-1-3,345.5
156456,5-1-3,82.3
156456,6-1-3,2277
156456,1-2-5,6.6
156456,2-1-5,11.2
156456,3-1-5,232.5
156456,4-1-5,98.5
156456,5-1-4,55.8
156456,6-1-4,2386
156456,1-2-6,43
156456,2-1-6,125.2
156456,3-1-6,863.8
156456,4-1-6,407.3
156456,5-1-6,124.6
156456,6-1-5,1178
156456,1-3-2,39.5
156456,2-3-1,150.4
156456,3-2-1,402.4
156456,4-2-1,106.7
156456,5-2-1,28.8
156456,6-2-1,1642
156456,1-3-4,57
156456,2-3-4,198
156456,3-2-4,626.3
156456,4-2-3,451.4
156456,5-2-3,110
156456,6-2-3,5274
156456,1-3-5,35.7
156456,2-3-5,119.8
156456,3-2-5,345.5
156456,4-2-5,130.6
156456,5-2-4,77
156456,6-2-4,3579
156456,1-3-6,470.4
156456,2-3-6,736.8
156456,3-2-6,1452
156456,4-2-6,397.6
156456,5-2-6,177
156456,6-2-5,1284
156456,1-4-2,23
156456,2-4-1,83.9
156456,3-4-1,638.2
156456,4-3-1,582.6
156456,5-3-1,207.9
156456,6-3-1,3232
156456,1-4-3,88.7
156456,2-4-3,210
156456,3-4-2,856.5
156456,4-3-2,992.1
156456,5-3-2,239.1
156456,6-3-2,6263
156456,1-4-5,33.8
156456,2-4-5,80.3
156456,3-4-5,801.6
156456,4-3-5,776.8
156456,5-3-4,386.9
156456,6-3-4,4008
156456,1-4-6,204.9
156456,2-4-6,316.1
156456,3-4-6,1125
156456,4-3-6,1495
156456,5-3-6,747.8
156456,6-3-5,3579
156456,1-5-2,10.5
156456,2-5-1,22.1
156456,3-5-1,357.9
156456,4-5-1,81.4
156456,5-4-1,102.9
156456,6-4-1,2637
156456,1-5-3,32.4
156456,2-5-3,78
156456,3-5-2,361.7
156456,4-5-2,96.4
156456,5-4-2,110.9
156456,6-4-2,2708
156456,1-5-4,27.2
156456,2-5-4,59
156456,3-5-4,638.2
156456,4-5-3,303.6
156456,5-4-3,365.7
156456,6-4-3,4008
156456,1-5-6,163.4
156456,2-5-6,210.5
156456,3-5-6,856.5
156456,4-5-6,213.6
156456,5-4-6,254.9
156456,6-4-5,2226
156456,1-6-2,345.5
156456,2-6-1,747.8
156456,3-6-1,1927
156456,4-6-1,849.2
156456,5-6-1,296.4
156456,6-5-1,1022
156456,1-6-3,945.3
156456,2-6-3,1284
156456,3-6-2,4008
156456,4-6-2,894.7
156456,5-6-2,355.3
156456,6-5-2,1222
156456,1-6-4,770.8
156456,2-6-4,776.8
156456,3-6-4,2947
156456,4-6-3,2226
156456,5-6-3,668
156456,6-5-3,3455
156456,1-6-5,603.6
156456,2-6-5,493.6
156456,3-6-5,2947
156456,4-6-5,607.3
156456,5-6-4,407.3
156456,6-5-4,1698
156457,1-2-3,6
156457,2-1-3,45.4
156457,3-1-2,39.9
156457,4-1-2,97.1
156457,5-1-2,75
156457,6-1-2,1387
156457,1-2-4,11.2
156457,2-1-4,62.8
156457,3-1-4,61.3
156457,4-1-3,161.6
156457,5-1-3,78.2
156457,6-1-3,1631
156457,1-2-5,9.9
156457,2-1-5,52.3
156457,3-1-5,31.5
156457,4-1-5,90.6
156457,5-1-4,138.1
156457,6-1-4,2515
156457,1-2-6,226.9
156457,2-1-6,731.8
156457,3-1-6,409.3
156457,4-1-6,501
156457,5-1-6,332.6
156457,6-1-5,1588
156457,1-3-2,8.4
156457,2-3-1,134.3
156457,3-2-1,119.3
156457,4-2-1,188.9
156457,5-2-1,190.7
156457,6-2-1,2808
156457,1-3-4,15.2
156457,2-3-4,229.1
156457,3-2-4,199.9
156457,4-2-3,442.3
156457,5-2-3,322.8
156457,6-2-3,3177
156457,1-3-5,9.4
156457,2-3-5,201.9
156457,3-2-5,162.7
156457,4-2-5,267.1
156457,5-2-4,390.7
156457,6-2-4,1750
156457,1-3-6,181.3
156457,2-3-6,1829
156457,3-2-6,1040
156457,4-2-6,805
156457,5-2-6,1050
156457,6-2-5,4644
156457,1-4-2,19.1
156457,2-4-1,178.6
156457,3-4-1,133.4
156457,4-3-1,247.9
156457,5-3-1,160.7
156457,6-3-1,1750
156457,1-4-3,26.3
156457,2-4-3,319.4
156457,3-4-2,221.9
156457,4-3-2,422.2
156457,5-3-2,291.6
156457,6-3-2,3354
156457,1-4-5,26.5
156457,2-4-5,282.1
156457,3-4-5,171.5
156457,4-3-5,384.5
156457,5-3-4,429.7
156457,6-3-4,4312
156457,1-4-6,218.7
156457,2-4-6,1219
156457,3-4-6,779
156457,4-3-6,1107
156457,5-3-6,1078
156457,6-3-5,3177
156457,1-5-2,18.8
156457,2-5-1,182.4
156457,3-5-1,100.2
156457,4-5-1,118.9
156457,5-4-1,192.8
156457,6-4-1,3177
156457,1-5-3,20.1
156457,2-5-3,290.9
156457,3-5-2,189.8
156457,4-5-2,180.7
156457,5-4-2,289.5
156457,6-4-2,2118
156457,1-5-4,32.5
156457,2-5-4,431.2
156457,3-5-4,226.1
156457,4-5-3,305.7
156457,5-4-3,443.9
156457,6-4-3,5488
156457,1-5-6,144.9
156457,2-5-6,1700
156457,3-5-6,827
156457,4-5-6,484.9
156457,5-4-6,805
156457,6-4-5,3551
156457,1-6-2,635.5
156457,2-6-1,2683
156457,3-6-1,1232
156457,4-6-1,1284
156457,5-6-1,981.7
156457,6-5-1,2415
156457,1-6-3,548.8
156457,2-6-3,3450
156457,3-6-2,1979
156457,4-6-2,1326
156457,5-6-2,1257
156457,6-5-2,3018
156457,1-6-4,832.7
156457,2-6-4,1610
156457,3-6-4,1886
156457,4-6-3,1886
156457,5-6-3,1677
156457,6-5-3,3773
156457,1-6-5,575
156457,2-6-5,2744
156457,3-6-5,1700
156457,4-6-5,1298
156457,5-6-4,1750
156457,6-5-4,4025
156458,1-2-3,46
156458,2-1-3,353.3
156458,3-1-2,109.9
156458,4-1-2,274.2
156458,5-1-2,62.4
156458,6-1-2,2003
156458,1-2-4,99.8
156458,2-1-4,883.3
156458,3-1-4,55.6
156458,4-1-3,173.6
156458,5-1-3,17.7
156458,6-1-3,2133
156458,1-2-5,45.3
156458,2-1-5,394
156458,3-1-5,13.2
156458,4-1-5,70.4
156458,5-1-4,36.3
156458,6-1-4,2381
156458,1-2-6,339.4
156458,2-1-6,1643
156458,3-1-6,242.3
156458,4-1-6,275.2
156458,5-1-6,78.7
156458,6-1-5,1080
156458,1-3-2,26.1
156458,2-3-1,544
156458,3-2-1,350.3
156458,4-2-1,528.2
156458,5-2-1,209.5
156458,6-2-1,2832
156458,1-3-4,18.1
156458,2-3-4,1466
156458,3-2-4,888.1
156458,4-2-3,1283
156458,5-2-3,334.6
156458,6-2-3,3734
156458,1-3-5,4.2
156458,2-3-5,408.7
156458,3-2-5,259.1
156458,4-2-5,447.6
156458,5-2-4,533.4
156458,6-2-4,5300
156458,1-3-6,94.3
156458,2-3-6,3734
156458,3-2-6,1711
156458,4-2-6,1610
156458,5-2-6,593.1
156458,6-2-5,3422
156458,1-4-2,107.3
156458,2-4-1,1335
156458,3-4-1,161.5
156458,4-3-1,271.5
156458,5-3-1,33.8
156458,6-3-1,3159
156458,1-4-3,44.4
156458,2-4-3,1910
156458,3-4-2,549.5
156458,4-3-2,1283
156458,5-3-2,233.7
156458,6-3-2,4832
156458,1-4-5,28.2
156458,2-4-5,1867
156458,3-4-5,108.9
156458,4-3-5,195.8
156458,5-3-4,126.8
156458,6-3-4,5476
156458,1-4-6,260.7
156458,2-4-6,4212
156458,3-4-6,801.4
156458,4-3-6,1173
156458,5-3-6,234.3
156458,6-3-5,2489
156458,1-5-2,21.4
156458,2-5-1,627.1
156458,3-5-1,28.2
156458,4-5-1,58.8
156458,5-4-1,59.6
156458,6-4-1,2933
156458,1-5-3,4.8
156458,2-5-3,1117
156458,3-5-2,190.3
156458,4-5-2,221.4
156458,5-4-2,261.2
156458,6-4-2,4832
156458,1-5-4,14.9
156458,2-5-4,1453
156458,3-5-4,69.1
156458,4-5-3,149.6
156458,5-4-3,143.8
156458,6-4-3,4563
156458,1-5-6,48.9
156458,2-5-6,1595
156458,3-5-6,276.6
156458,4-5-6,152.4
156458,5-4-6,178
156458,6-4-5,2832
156458,1-6-2,659.8
156458,2-6-1,2784
156458,3-6-1,1404
156458,4-6-1,568.5
156458,5-6-1,231
156458,6-5-1,1208
156458,1-6-3,555
156458,2-6-3,4563
156458,3-6-2,3353
156458,4-6-2,1766
156458,5-6-2,617.6
156458,6-5-2,2987
156458,1-6-4,678.9
156458,2-6-4,5134
156458,3-6-4,2489
156458,4-6-3,1785
156458,5-6-3,409.7
156458,6-5-3,2250
156458,1-6-5,310.5
156458,2-6-5,2347
156458,3-6-5,1173
156458,4-6-5,450.1
156458,5-6-4,502.4
156458,6-5-4,2882
156459,1-2-3,41.6
156459,2-1-3,116.6
156459,3-1-2,253.3
156459,4-1-2,130
156459,5-1-2,220.8
156459,6-1-2,13.4
156459,1-2-4,34.3
156459,2-1-4,92.1
156459,3-1-4,215.7
156459,4-1-3,241.6
156459,5-1-3,391
156459,6-1-3,31.2
156459,1-2-5,80
156459,2-1-5,162.7
156459,3-1-5,470.3
156459,4-1-5,207.6
156459,5-1-4,227.1
156459,6-1-4,20.5
156459,1-2-6,16.7
156459,2-1-6,41.4
156459,3-1-6,122.5
156459,4-1-6,55
156459,5-1-6,121.8
156459,6-1-5,35.9
156459,1-3-2,61.3
156459,2-3-1,217.7
156459,3-2-1,344.2
156459,4-2-1,211
156459,5-2-1,322.9
156459,6-2-1,25.8
156459,1-3-4,62.7
156459,2-3-4,306.9
156459,3-2-4,681.5
156459,4-2-3,560.3
156459,5-2-3,902.5
156459,6-2-3,71.4
156459,1-3-5,144.5
156459,2-3-5,510.6
156459,3-2-5,847.6
156459,4-2-5,461.2
156459,5-2-4,482.5
156459,6-2-4,47.6
156459,1-3-6,35.7
156459,2-3-6,191.9
156459,3-2-6,284.4
156459,4-2-6,131
156459,5-2-6,235.8
156459,6-2-5,81
156459,1-4-2,46.3
156459,2-4-1,164.5
156459,3-4-1,399.4
156459,4-3-1,398.5
156459,5-3-1,888.1
156459,6-3-1,76.3
156459,1-4-3,76.7
156459,2-4-3,364.5
156459,3-4-2,810.5
156459,4-3-2,670.5
156459,5-3-2,1128
156459,6-3-2,98.8
156459,1-4-5,120.9
156459,2-4-5,504.4
156459,3-4-5,843.3
156459,4-3-5,860.7
156459,5-3-4,1043
156459,6-3-4,115.5
156459,1-4-6,23.4
156459,2-4-6,121
156459,3-4-6,285.4
156459,4-3-6,283.9
156459,5-3-6,684.3
156459,6-3-5,179.1
156459,1-5-2,164.6
156459,2-5-1,441.7
156459,3-5-1,1056
156459,4-5-1,212.1
156459,5-4-1,287.8
156459,6-4-1,32.2
156459,1-5-3,254.9
156459,2-5-3,802.7
156459,3-5-2,1379
156459,4-5-2,342.1
156459,5-4-2,507.5
156459,6-4-2,49.8
156459,1-5-4,200.2
156459,2-5-4,719.7
156459,3-5-4,1236
156459,4-5-3,616.1
156459,5-4-3,783.9
156459,6-4-3,105.9
156459,1-5-6,84.2
156459,2-5-6,232.8
156459,3-5-6,769.4
156459,4-5-6,98.3
156459,5-4-6,190.6
156459,6-4-5,56.2
156459,1-6-2,13
156459,2-6-1,47.1
156459,3-6-1,153.3
156459,4-6-1,42.9
156459,5-6-1,97.3
156459,6-5-1,48.1
156459,1-6-3,29.1
156459,2-6-3,113.9
156459,3-6-2,237.8
156459,4-6-2,66.7
156459,5-6-2,147.3
156459,6-5-2,80.7
156459,1-6-4,17.8
156459,2-6-4,91.4
156459,3-6-4,241.6
156459,4-6-3,145.5
156459,5-6-3,304.1
156459,6-5-3,191
156459,1-6-5,47.9
156459,2-6-5,152.2
156459,3-6-5,495.4
156459,4-6-5,83.1
156459,5-6-4,145
156459,6-5-4,95.9
156460,1-2-3,6.2
156460,2-1-3,41.6
156460,3-1-2,38.9
156460,4-1-2,150.5
156460,5-1-2,109.6
156460,6-1-2,1119
156460,1-2-4,13.4
156460,2-1-4,73.7
156460,3-1-4,53.7
156460,4-1-3,200.1
156460,5-1-3,114
156460,6-1-3,1753
156460,1-2-5,15.7
156460,2-1-5,65.1
156460,3-1-5,35.7
156460,4-1-5,146.1
156460,5-1-4,181
156460,6-1-4,2101
156460,1-2-6,60.7
156460,2-1-6,241
156460,3-1-6,166.3
156460,4-1-6,303.4
156460,5-1-6,205.8
156460,6-1-5,1251
156460,1-3-2,6
156460,2-3-1,92.4
156460,3-2-1,83.6
156460,4-2-1,263.8
156460,5-2-1,262.6
156460,6-2-1,2062
156460,1-3-4,11.9
156460,2-3-4,143.6
156460,3-2-4,178.1
156460,4-2-3,314.1
156460,5-2-3,262.3
156460,6-2-3,4454
156460,1-3-5,9.7
156460,2-3-5,115.3
156460,3-2-5,100.7
156460,4-2-5,259.8
156460,5-2-4,481
156460,6-2-4,3374
156460,1-3-6,53.8
156460,2-3-6,595.4
156460,3-2-6,508.4
156460,4-2-6,417.8
156460,5-2-6,613.5
156460,6-2-5,3050
156460,1-4-2,25.6
156460,2-4-1,256.8
156460,3-4-1,160.1
156460,4-3-1,311
156460,5-3-1,195.1
156460,6-3-1,2296
156460,1-4-3,29.2
156460,2-4-3,228.6
156460,3-4-2,205.8
156460,4-3-2,388
156460,5-3-2,254.8
156460,6-3-2,3651
156460,1-4-5,43.3
156460,2-4-5,319.5
156460,3-4-5,184.6
156460,4-3-5,406.4
156460,5-3-4,363.9
156460,6-3-4,2969
156460,1-4-6,70
156460,2-4-6,676.9
156460,3-4-6,459.2
156460,4-3-6,770.6
156460,5-3-6,670.8
156460,6-3-5,3592
156460,1-5-2,25.1
156460,2-5-1,204.6
156460,3-5-1,92.2
156460,4-5-1,175.3
156460,5-4-1,296.5
156460,6-4-1,2749
156460,1-5-3,26.7
156460,2-5-3,185.7
156460,3-5-2,114.8
156460,4-5-2,225.6
156460,5-4-2,368.1
156460,6-4-2,2969
156460,1-5-4,54.8
156460,2-5-4,406.4
156460,3-5-4,208.5
156460,4-5-3,351.2
156460,5-4-3,438.4
156460,6-4-3,4124
156460,1-5-6,85.5
156460,2-5-6,798.2
156460,3-5-6,359.2
156460,4-5-6,260.7
156460,5-4-6,406.4
156460,6-4-5,2296
156460,1-6-2,202
156460,2-6-1,1045
156460,3-6-1,846.8
156460,4-6-1,660.8
156460,5-6-1,718.4
156460,6-5-1,1535
156460,1-6-3,272.5
156460,2-6-3,1418
156460,3-6-2,1781
156460,4-6-2,716.1
156460,5-6-2,1108
156460,6-5-2,3479
156460,1-6-4,325.6
156460,2-6-4,1590
156460,3-6-4,1097
156460,4-6-3,1102
156460,5-6-3,1190
156460,6-5-3,3711
156460,1-6-5,375.5
156460,2-6-5,1525
156460,3-6-5,1294
156460,4-6-5,634.5
156460,5-6-4,1003
156460,6-5-4,2249
156461,1-2-3,6.3
156461,2-1-3,23
156461,3-1-2,61.6
156461,4-1-2,106.1
156461,5-1-2,249.7
156461,6-1-2,146.2
156461,1-2-4,8.9
156461,2-1-4,29.1
156461,3-1-4,71.9
156461,4-1-3,197.1
156461,5-1-3,381.6
156461,6-1-3,190.8
156461,1-2-5,18.8
156461,2-1-5,60.3
156461,3-1-5,143.7
156461,4-1-5,190.6
156461,5-1-4,408.5
156461,6-1-4,276.7
156461,1-2-6,17.6
156461,2-1-6,50.6
156461,3-1-6,123.8
156461,4-1-6,168.9
156461,5-1-6,374
156461,6-1-5,435.4
156461,1-3-2,10.8
156461,2-3-1,50
156461,3-2-1,84.6
156461,4-2-1,156.3
156461,5-2-1,447.5
156461,6-2-1,178.4
156461,1-3-4,16.7
156461,2-3-4,60.6
156461,3-2-4,89.5
156461,4-2-3,253.9
156461,5-2-3,556.8
156461,6-2-3,217.2
156461,1-3-5,35.6
156461,2-3-5,119.5
156461,3-2-5,177.8
156461,4-2-5,232.7
156461,5-2-4,707
156461,6-2-4,328.3
156461,1-3-6,31.1
156461,2-3-6,79.4
156461,3-2-6,122.1
156461,4-2-6,204.2
156461,5-2-6,702.6
156461,6-2-5,630
156461,1-4-2,17.4
156461,2-4-1,98.3
156461,3-4-1,228.7
156461,4-3-1,382.2
156461,5-3-1,829.1
156461,6-3-1,342.7
156461,1-4-3,31.1
156461,2-4-3,132
156461,3-4-2,172.9
156461,4-3-2,290.6
156461,5-3-2,707
156461,6-3-2,309.8
156461,1-4-5,64.9
156461,2-4-5,277.4
156461,3-4-5,327.8
156461,4-3-5,609.5
156461,5-3-4,951.6
156461,6-3-4,614.5
156461,1-4-6,41.3
156461,2-4-6,178
156461,3-4-6,278.1
156461,4-3-6,461.2
156461,5-3-6,1174
156461,6-3-5,943.6
156461,1-5-2,52.1
156461,2-5-1,206.9
156461,3-5-1,419.2
156461,4-5-1,230.8
156461,5-4-1,621.3
156461,6-4-1,633.5
156461,1-5-3,89
156461,2-5-3,321.2
156461,3-5-2,423.1
156461,4-5-2,216.2
156461,5-4-2,626.5
156461,6-4-2,511.4
156461,1-5-4,128
156461,2-5-4,438.7
156461,3-5-4,489.2
156461,4-5-3,497.8
156461,5-4-3,976.3
156461,6-4-3,829.1
156461,1-5-6,88.7
156461,2-5-6,366.1
156461,3-5-6,535.7
156461,4-5-6,202.6
156461,5-4-6,540.8
156461,6-4-5,737
156461,1-6-2,46.3
156461,2-6-1,167
156461,3-6-1,320.8
156461,4-6-1,245.4
156461,5-6-1,700.4
156461,6-5-1,799.7
156461,1-6-3,91.2
156461,2-6-3,230.8
156461,3-6-2,303.9
156461,4-6-2,217.4
156461,5-6-2,685.5
156461,6-5-2,811.3
156461,1-6-4,103.1
156461,2-6-4,309.3
156461,3-6-4,498.9
156461,4-6-3,516.1
156461,5-6-3,1409
156461,6-5-3,1267
156461,1-6-5,135.5
156461,2-6-5,438.7
156461,3-6-5,698.2
156461,4-6-5,305.6
156461,5-6-4,909.4
156461,6-5-4,959.7
156462,1-2-3,6.2
156462,2-1-3,52.1
156462,3-1-2,93.6
156462,4-1-2,108
156462,5-1-2,74.9
156462,6-1-2,966.9
156462,1-2-4,10.4
156462,2-1-4,63.5
156462,3-1-4,99.7
156462,4-1-3,146.1
156462,5-1-3,99.4
156462,6-1-3,1256
156462,1-2-5,9
156462,2-1-5,56.3
156462,3-1-5,93.3
156462,4-1-5,80
156462,5-1-4,110.6
156462,6-1-4,1595
156462,1-2-6,47.1
156462,2-1-6,206
156462,3-1-6,295.5
156462,4-1-6,184.6
156462,5-1-6,133.1
156462,6-1-5,851.5
156462,1-3-2,10
156462,2-3-1,192.9
156462,3-2-1,252.3
156462,4-2-1,215.4
156462,5-2-1,180.9
156462,6-2-1,1608
156462,1-3-4,14.4
156462,2-3-4,259.4
156462,3-2-4,429.6
156462,4-2-3,460.4
156462,5-2-3,435.5
156462,6-2-3,3468
156462,1-3-5,12.3
156462,2-3-5,310.9
156462,3-2-5,402.1
156462,4-2-5,245.4
156462,5-2-4,395
156462,6-2-4,2821
156462,1-3-6,53.9
156462,2-3-6,721.5
156462,3-2-6,1002
156462,4-2-6,427.6
156462,5-2-6,474.3
156462,6-2-5,2607
156462,1-4-2,19.3
156462,2-4-1,250.5
156462,3-4-1,348.7
156462,4-3-1,318.2
156462,5-3-1,299.8
156462,6-3-1,2643
156462,1-4-3,22.2
156462,2-4-3,317.7
156462,3-4-2,614.7
156462,4-3-2,585.2
156462,5-3-2,696.2
156462,6-3-2,3818
156462,1-4-5,24
156462,2-4-5,378
156462,3-4-5,476.7
156462,4-3-5,331.6
156462,5-3-4,821.8
156462,6-3-4,3566
156462,1-4-6,71.4
156462,2-4-6,940.4
156462,3-4-6,1056
156462,4-3-6,573.6
156462,5-3-6,1021
156462,6-3-5,3780
156462,1-5-2,15.4
156462,2-5-1,204.8
156462,3-5-1,254.2
156462,4-5-1,95.8
156462,5-4-1,149.3
156462,6-4-1,2185
156462,1-5-3,21.2
156462,2-5-3,390.5
156462,3-5-2,587.9
156462,4-5-2,148.6
156462,5-4-2,245.4
156462,6-4-2,3024
156462,1-5-4,29
156462,2-5-4,480.3
156462,3-5-4,611.7
156462,4-5-3,248.4
156462,5-4-3,498.1
156462,6-4-3,3177
156462,1-5-6,56.4
156462,2-5-6,750.1
156462,3-5-6,879.2
156462,4-5-6,161.2
156462,5-4-6,266.6
156462,6-4-5,1880
156462,1-6-2,175.5
156462,2-6-1,915.4
156462,3-6-1,1629
156462,4-6-1,467.9
156462,5-6-1,370.6
156462,6-5-1,1061
156462,1-6-3,203.9
156462,2-6-3,1742
156462,3-6-2,2148
156462,4-6-2,677.5
156462,5-6-2,679.9
156462,6-5-2,2088
156462,1-6-4,234.9
156462,2-6-4,1880
156462,3-6-4,2739
156462,4-6-3,1035
156462,5-6-3,919.8
156462,6-5-3,2537
156462,1-6-5,194.4
156462,2-6-5,1243
156462,3-6-5,2032
156462,4-6-5,440.6
156462,5-6-4,688.6
156462,6-5-4,1703
156463,1-2-3,8.2
156463,2-1-3,12.5
156463,3-1-2,53.2
156463,4-1-2,31.6
156463,5-1-2,309.3
156463,6-1-2,1094
156463,1-2-4,5.7
156463,2-1-4,7.9
156463,3-1-4,61.5
156463,4-1-3,59.6
156463,5-1-3,559.5
156463,6-1-3,1520
156463,1-2-5,39.8
156463,2-1-5,58.6
156463,3-1-5,222.8
156463,4-1-5,125.8
156463,5-1-4,427.4
156463,6-1-4,1151
156463,1-2-6,68.1
156463,2-1-6,115.6
156463,3-1-6,380.1
156463,4-1-6,204.7
156463,5-1-6,714
156463,6-1-5,1992
156463,1-3-2,14.7
156463,2-3-1,29.2
156463,3-2-1,65.1
156463,4-2-1,39.7
156463,5-2-1,410.7
156463,6-2-1,1568
156463,1-3-4,18.6
156463,2-3-4,40.3
156463,3-2-4,78.5
156463,4-2-3,76.6
156463,5-2-3,714
156463,6-2-3,2119
156463,1-3-5,93.4
156463,2-3-5,187.4
156463,3-2-5,311.2
156463,4-2-5,178
156463,5-2-4,585.9
156463,6-2-4,1934
156463,1-3-6,200.2
156463,2-3-6,373
156463,3-2-6,564.3
156463,4-2-6,254
156463,5-2-6,1373
156463,6-2-5,2929
156463,1-4-2,12.5
156463,2-4-1,23.5
156463,3-4-1,81.6
156463,4-3-1,90.3
156463,5-3-1,1016
156463,6-3-1,2316
156463,1-4-3,22.8
156463,2-4-3,42.4
156463,3-4-2,84.9
156463,4-3-2,97.3
156463,5-3-2,1048
156463,6-3-2,2289
156463,1-4-5,73.1
156463,2-4-5,148.8
156463,3-4-5,280.1
156463,4-3-5,362.1
156463,5-3-4,1138
156463,6-3-4,2766
156463,1-4-6,128
156463,2-4-6,244.4
156463,3-4-6,420.2
156463,4-3-6,457.9
156463,5-3-6,2032
156463,6-3-5,3621
156463,1-5-2,130.5
156463,2-5-1,275.5
156463,3-5-1,655.2
156463,4-5-1,239.4
156463,5-4-1,675.2
156463,6-4-1,1207
156463,1-5-3,221.8
156463,2-5-3,461.1
156463,3-5-2,740.5
156463,4-5-2,311.7
156463,5-4-2,698.9
156463,6-4-2,1915
156463,1-5-4,203.6
156463,2-5-4,360.8
156463,3-5-4,826.5
156463,4-5-3,481.1
156463,5-4-3,1260
156463,6-4-3,2621
156463,1-5-6,392.1
156463,2-5-6,847.6
156463,3-5-6,1402
156463,4-5-6,487
156463,5-4-6,1509
156463,6-4-5,3112
156463,1-6-2,453.7
156463,2-6-1,711.4
156463,3-6-1,1112
156463,4-6-1,449.6
156463,5-6-1,1207
156463,6-5-1,2213
156463,1-6-3,666.2
156463,2-6-3,1144
156463,3-6-2,1328
156463,4-6-2,561.1
156463,5-6-2,1702
156463,6-5-2,3162
156463,1-6-4,473.1
156463,2-6-4,844
156463,3-6-4,1364
156463,4-6-3,854.9
156463,5-6-3,2096
156463,6-5-3,3018
156463,1-6-5,622.5
156463,2-6-5,991
156463,3-6-5,1810
156463,4-6-5,737.8
156463,5-6-4,1915
156463,6-5-4,3320
156464,1-2-3,8.2
156464,2-1-3,113.1
156464,3-1-2,42.9
156464,4-1-2,65.6
156464,5-1-2,829.5
156464,6-1-2,138
156464,1-2-4,19.1
156464,2-1-4,188.3
156464,3-1-4,33.3
156464,4-1-3,74
156464,5-1-3,603.3
156464,6-1-3,143.3
156464,1-2-5,53.3
156464,2-1-5,506.9
156464,3-1-5,73.1
156464,4-1-5,113.1
156464,5-1-4,675.9
156464,6-1-4,269.7
156464,1-2-6,41
156464,2-1-6,421.9
156464,3-1-6,88
156464,4-1-6,108.3
156464,5-1-6,855.5
156464,6-1-5,525.2
156464,1-3-2,5.9
156464,2-3-1,215.9
156464,3-2-1,147.4
156464,4-2-1,180.7
156464,5-2-1,1450
156464,6-2-1,358.4
156464,1-3-4,4.8
156464,2-3-4,511.7
156464,3-2-4,333.3
156464,4-2-3,486.6
156464,5-2-3,2085
156464,6-2-3,665.6
156464,1-3-5,14.1
156464,2-3-5,1140
156464,3-2-5,675.9
156464,4-2-5,737.4
156464,5-2-4,1921
156464,6-2-4,1068
156464,1-3-6,19.1
156464,2-3-6,1089
156464,3-2-6,573.3
156464,4-2-6,725.2
156464,5-2-6,2881
156464,6-2-5,1564
156464,1-4-2,21.1
156464,2-4-1,470.9
156464,3-4-1,82.4
156464,4-3-1,139
156464,5-3-1,852.1
156464,6-3-1,305.8
156464,1-4-3,10.2
156464,2-4-3,886.6
156464,3-4-2,254.9
156464,4-3-2,463
156464,5-3-2,2085
156464,6-3-2,661.6
156464,1-4-5,30.4
156464,2-4-5,1450
156464,3-4-5,253.1
156464,4-3-5,503.4
156464,5-3-4,1646
156464,6-3-4,715.7
156464,1-4-6,38.1
156464,2-4-6,1311
156464,3-4-6,256.7
156464,4-3-6,407.8
156464,5-3-6,2433
156464,6-3-5,1343
156464,1-5-2,111.5
156464,2-5-1,1403
156464,3-5-1,314.6
156464,4-5-1,237
156464,5-4-1,872.5
156464,6-4-1,362
156464,1-5-3,59.7
156464,2-5-3,1684
156464,3-5-2,969
156464,4-5-2,608.3
156464,5-4-2,1697
156464,6-4-2,905
156464,1-5-4,88.4
156464,2-5-4,2212
156464,3-5-4,525.2
156464,4-5-3,446
156464,5-4-3,1752
156464,6-4-3,912.5
156464,1-5-6,151.9
156464,2-5-6,2234
156464,3-5-6,848.8
156464,4-5-6,407.8
156464,5-4-6,1237
156464,6-4-5,1295
156464,1-6-2,52.1
156464,2-6-1,1190
156464,3-6-1,292
156464,4-6-1,186.2
156464,5-6-1,1360
156464,6-5-1,1047
156464,1-6-3,50.6
156464,2-6-3,1634
156464,3-6-2,697.4
156464,4-6-2,509.3
156464,5-6-2,2772
156464,6-5-2,2212
156464,1-6-4,77.1
156464,2-6-4,1766
156464,3-6-4,550.2
156464,4-6-3,409.3
156464,5-6-3,2576
156464,6-5-3,1938
156464,1-6-5,165
156464,2-6-5,2772
156464,3-6-5,956.3
156464,4-6-5,525.2
156464,5-6-4,2147
156464,6-5-4,1955
156465,1-2-3,8.1
156465,2-1-3,24.3
156465,3-1-2,33.1
156465,4-1-2,124.7
156465,5-1-2,169.3
156465,6-1-2,1270
156465,1-2-4,21.9
156465,2-1-4,59.4
156465,3-1-4,36.1
156465,4-1-3,93.9
156465,5-1-3,91.9
156465,6-1-3,828.7
156465,1-2-5,29.2
156465,2-1-5,95.5
156465,3-1-5,31.6
156465,4-1-5,95.1
156465,5-1-4,147.1
156465,6-1-4,1547
156465,1-2-6,56.1
156465,2-1-6,137.3
156465,3-1-6,105.4
156465,4-1-6,221.7
156465,5-1-6,226.2
156465,6-1-5,1460
156465,1-3-2,8.3
156465,2-3-1,62.5
156465,3-2-1,72.1
156465,4-2-1,223.8
156465,5-2-1,409.2
156465,6-2-1,1997
156465,1-3-4,9.6
156465,2-3-4,194.5
156465,3-2-4,152.6
156465,4-2-3,333.8
156465,5-2-3,505.8
156465,6-2-3,2655
156465,1-3-5,9
156465,2-3-5,274.9
156465,3-2-5,180.8
156465,4-2-5,397.4
156465,5-2-4,699.7
156465,6-2-4,2921
156465,1-3-6,45.6
156465,2-3-6,353
156465,3-2-6,307.5
156465,4-2-6,506.9
156465,5-2-6,859.2
156465,6-2-5,3540
156465,1-4-2,30
156465,2-4-1,188
156465,3-4-1,68.5
156465,4-3-1,143.7
156465,5-3-1,150.6
156465,6-3-1,1320
156465,1-4-3,21.5
156465,2-4-3,267.3
156465,3-4-2,162.1
156465,4-3-2,292.4
156465,5-3-2,370.3
156465,6-3-2,2782
156465,1-4-5,32.8
156465,2-4-5,465.5
156465,3-4-5,76
156465,4-3-5,168.1
156465,5-3-4,253.4
156465,6-3-4,2086
156465,1-4-6,94.8
156465,2-4-6,645.5
156465,3-4-6,210.5
156465,4-3-6,370.9
156465,5-3-6,479.8
156465,6-3-5,2105
156465,1-5-2,35.7
156465,2-5-1,306.6
156465,3-5-1,67.9
156465,4-5-1,119.2
156465,5-4-1,225.3
156465,6-4-1,2014
156465,1-5-3,20.4
156465,2-5-3,443.4
156465,3-5-2,158.4
156465,4-5-2,225.5
156465,5-4-2,479.8
156465,6-4-2,1744
156465,1-5-4,47.6
156465,2-5-4,615
156465,3-5-4,99.4
156465,4-5-3,162.1
156465,5-4-3,264.6
156465,6-4-3,2184
156465,1-5-6,82.8
156465,2-5-6,990.2
156465,3-5-6,233
156465,4-5-6,240.4
156465,5-4-6,428
156465,6-4-5,2247
156465,1-6-2,202.3
156465,2-6-1,728
156465,3-6-1,560.4
156465,4-6-1,400.8
156465,5-6-1,547.3
156465,6-5-1,1537
156465,1-6-3,212.4
156465,2-6-3,1335
156465,3-6-2,1145
156465,4-6-2,730.3
156465,5-6-2,852.9
156465,6-5-2,2885
156465,1-6-4,331.4
156465,2-6-4,1634
156465,3-6-4,697.6
156465,4-6-3,708.1
156465,5-6-3,665.8
156465,6-5-3,1757
156465,1-6-5,269.2
156465,2-6-5,1731
156465,3-6-5,635
156465,4-6-5,557.7
156465,5-6-4,771.2
156465,6-5-4,2225
156466,1-2-3,7.1
156466,2-1-3,37.3
156466,3-1-2,322.2
156466,4-1-2,47.8
156466,5-1-2,1706
156466,6-1-2,177.3
156466,1-2-4,3.6
156466,2-1-4,18.8
156466,3-1-4,344.7
156466,4-1-3,149.9
156466,5-1-3,1735
156466,6-1-3,541.7
156466,1-2-5,106
156466,2-1-5,220.3
156466,3-1-5,922.3
156466,4-1-5,388.7
156466,5-1-4,1839
156466,6-1-4,289.2
156466,1-2-6,8.9
156466,2-1-6,37.5
156466,3-1-6,614.2
156466,4-1-6,73.3
156466,5-1-6,1828
156466,6-1-5,1861
156466,1-3-2,20.2
156466,2-3-1,199.1
156466,3-2-1,500.2
156466,4-2-1,79.6
156466,5-2-1,2034
156466,6-2-1,253.2
156466,1-3-4,15.9
156466,2-3-4,309.6
156466,3-2-4,568.7
156466,4-2-3,312.7
156466,5-2-3,3267
156466,6-2-3,990.7
156466,1-3-5,260.7
156466,2-3-5,1243
156466,3-2-5,1981
156466,4-2-5,1034
156466,5-2-4,3490
156466,6-2-4,578.4
156466,1-3-6,53.7
156466,2-3-6,477.6
156466,3-2-6,1258
156466,4-2-6,164.6
156466,5-2-6,4953
156466,6-2-5,3071
156466,1-4-2,6.9
156466,2-4-1,63.1
156466,3-4-1,518.8
156466,4-3-1,485.9
156466,5-3-1,1981
156466,6-3-1,1253
156466,1-4-3,13.9
156466,2-4-3,206.8
156466,3-4-2,663.3
156466,4-3-2,552.4
156466,5-3-2,4041
156466,6-3-2,1956
156466,1-4-5,176
156466,2-4-5,843.8
156466,3-4-5,3071
156466,4-3-5,2718
156466,5-3-4,5388
156466,6-3-4,2089
156466,1-4-6,18.2
156466,2-4-6,133.3
156466,3-4-6,1371
156466,4-3-6,787.5
156466,5-3-6,5035
156466,6-3-5,3937
156466,1-5-2,388.7
156466,2-5-1,1233
156466,3-5-1,1765
156466,4-5-1,1017
156466,5-4-1,3791
156466,6-4-1,379.1
156466,1-5-3,764
156466,2-5-3,1956
156466,3-5-2,3791
156466,4-5-2,1591
156466,5-4-2,4387
156466,6-4-2,576.2
156466,1-5-4,717.6
156466,2-5-4,2476
156466,3-5-4,4207
156466,4-5-3,2118
156466,5-4-3,4799
156466,6-4-3,1318
156466,1-5-6,715.9
156466,2-5-6,2538
156466,3-5-6,4584
156466,4-5-6,1023
156466,5-4-6,3745
156466,6-4-5,2742
156466,1-6-2,29.7
156466,2-6-1,157.1
156466,3-6-1,1448
156466,4-6-1,128.4
156466,5-6-1,3613
156466,6-5-1,3302
156466,1-6-3,79.7
156466,2-6-3,498.6
156466,3-6-2,2437
156466,4-6-2,179.1
156466,5-6-2,5035
156466,6-5-2,4207
156466,1-6-4,44.1
156466,2-6-4,275.9
156466,3-6-4,2193
156466,4-6-3,501.8
156466,5-6-3,4387
156466,6-5-3,3571
156466,1-6-5,433.8
156466,2-6-5,1520
156466,3-6-5,3887
156466,4-6-5,841.4
156466,5-6-4,4799
156466,6-5-4,4387
156467,1-2-3,15.2
156467,2-1-3,134
156467,3-1-2,58.4
156467,4-1-2,34.8
156467,5-1-2,453.9
156467,6-1-2,995.5
156467,1-2-4,11.6
156467,2-1-4,88.7
156467,3-1-4,25.4
156467,4-1-3,28.6
156467,5-1-3,424
156467,6-1-3,1167
156467,1-2-5,41.4
156467,2-1-5,255.2
156467,3-1-5,68.8
156467,4-1-5,35.8
156467,5-1-4,228.3
156467,6-1-4,865.8
156467,1-2-6,266
156467,2-1-6,695
156467,3-1-6,475.3
156467,4-1-6,225.5
156467,5-1-6,1110
156467,6-1-5,1925
156467,1-3-2,11.8
156467,2-3-1,256.3
156467,3-2-1,174.8
156467,4-2-1,101.3
156467,5-2-1,928.2
156467,6-2-1,1856
156467,1-3-4,5.1
156467,2-3-4,367
156467,3-2-4,203.5
156467,4-2-3,240.1
156467,5-2-3,1174
156467,6-2-3,2264
156467,1-3-5,21.2
156467,2-3-5,711.8
156467,3-2-5,464.1
156467,4-2-5,220.7
156467,5-2-4,1116
156467,6-2-4,2559
156467,1-3-6,175.6
156467,2-3-6,1899
156467,3-2-6,1466
156467,4-2-6,949.6
156467,5-2-6,2659
156467,6-2-5,3378
156467,1-4-2,8.9
156467,2-4-1,163
156467,3-4-1,42.6
156467,4-3-1,60.9
156467,5-3-1,783.5
156467,6-3-1,1916
156467,1-4-3,6
156467,2-4-3,353.1
156467,3-4-2,123.9
156467,4-3-2,189
156467,5-3-2,1312
156467,6-3-2,2943
156467,1-4-5,14.4
156467,2-4-5,468.3
156467,3-4-5,104.1
156467,4-3-5,125
156467,5-3-4,825.9
156467,6-3-4,2302
156467,1-4-6,127
156467,2-4-6,1591
156467,3-4-6,552.4
156467,4-3-6,606.1
156467,5-3-6,2676
156467,6-3-5,3378
156467,1-5-2,78.2
156467,2-5-1,766
156467,3-5-1,219.2
156467,4-5-1,61.6
156467,5-4-1,254.5
156467,6-4-1,1260
156467,1-5-3,64.5
156467,2-5-3,997.9
156467,3-5-2,506.3
156467,4-5-2,144.8
156467,5-4-2,639.9
156467,6-4-2,1864
156467,1-5-4,54.4
156467,2-5-4,969.7
156467,3-5-4,258
156467,4-5-3,148.2
156467,5-4-3,634
156467,6-4-3,2410
156467,1-5-6,411.7
156467,2-5-6,3170
156467,3-5-6,1477
156467,4-5-6,340
156467,5-4-6,1292
156467,6-4-5,2528
156467,1-6-2,700.9
156467,2-6-1,2146
156467,3-6-1,1373
156467,4-6-1,557.7
156467,5-6-1,2693
156467,6-5-1,2943
156467,1-6-3,664.7
156467,2-6-3,2902
156467,3-6-2,2693
156467,4-6-2,1113
156467,5-6-2,4384
156467,6-5-2,3492
156467,1-6-4,541.5
156467,2-6-4,2923
156467,3-6-4,1791
156467,4-6-3,1081
156467,5-6-3,3245
156467,6-5-3,3245
156467,1-6-5,1007
156467,2-6-5,3746
156467,3-6-5,2608
156467,4-6-5,958.4
156467,5-6-4,3075
156467,6-5-4,3170
156468,1-2-3,8.4
156468,2-1-3,76.6
156468,3-1-2,144.9
156468,4-1-2,17.8
156468,5-1-2,747.7
156468,6-1-2,976.7
156468,1-2-4,4.9
156468,2-1-4,48.1
156468,3-1-4,111.3
156468,4-1-3,35.2
156468,5-1-3,1114
156468,6-1-3,1450
156468,1-2-5,39.8
156468,2-1-5,206.3
156468,3-1-5,343.4
156468,4-1-5,37.8
156468,5-1-4,531.5
156468,6-1-4,873.3
156468,1-2-6,74.3
156468,2-1-6,349
156468,3-1-6,710
156468,4-1-6,64.7
156468,5-1-6,1277
156468,6-1-5,2425
156468,1-3-2,14.7
156468,2-3-1,211.6
156468,3-2-1,301.4
156468,4-2-1,42.8
156468,5-2-1,1210
156468,6-2-1,1723
156468,1-3-4,10.7
156468,2-3-4,358.3
156468,3-2-4,507.2
156468,4-2-3,131.1
156468,5-2-3,2395
156468,6-2-3,4373
156468,1-3-5,53.9
156468,2-3-5,773.8
156468,3-2-5,1294
156468,4-2-5,145.8
156468,5-2-4,1555
156468,6-2-4,2446
156468,1-3-6,127
156468,2-3-6,1798
156468,3-2-6,2178
156468,4-2-6,228.5
156468,5-2-6,2425
156468,6-2-5,3298
156468,1-4-2,5.2
156468,2-4-1,92.5
156468,3-4-1,185.4
156468,4-3-1,107.8
156468,5-3-1,1937
156468,6-3-1,2945
156468,1-4-3,8.5
156468,2-4-3,313.2
156468,3-4-2,405.9
156468,4-3-2,231.1
156468,5-3-2,3243
156468,6-3-2,4810
156468,1-4-5,21.3
156468,2-4-5,582.5
156468,3-4-5,797.3
156468,4-3-5,385.1
156468,5-3-4,3189
156468,6-3-4,4276
156468,1-4-6,36.8
156468,2-4-6,843.9
156468,3-4-6,1342
156468,4-3-6,616.7
156468,5-3-6,4581
156468,6-3-5,3900
156468,1-5-2,118.7
156468,2-5-1,813
156468,3-5-1,1140
156468,4-5-1,76.9
156468,5-4-1,620
156468,6-4-1,1070
156468,1-5-3,165.2
156468,2-5-3,1738
156468,3-5-2,1658
156468,4-5-2,137
156468,5-4-2,1028
156468,6-4-2,2122
156468,1-5-4,112
156468,2-5-4,1397
156468,3-5-4,1826
156468,4-5-3,339.1
156468,5-4-3,1844
156468,6-4-3,3519
156468,1-5-6,366.5
156468,2-5-6,2263
156468,3-5-6,3541
156468,4-5-6,194.4
156468,5-4-6,1324
156468,6-4-5,2843
156468,1-6-2,238.2
156468,2-6-1,1480
156468,3-6-1,2415
156468,4-6-1,157.6
156468,5-6-1,2488
156468,6-5-1,3724
156468,1-6-3,403.6
156468,2-6-3,3653
156468,3-6-2,4581
156468,4-6-2,290
156468,5-6-2,2735
156468,6-5-2,3724
156468,1-6-4,205
156468,2-6-4,2466
156468,3-6-4,3375
156468,4-6-3,679.9
156468,5-6-3,3395
156468,6-5-3,5063
156468,1-6-5,547.6
156468,2-6-5,3519
156468,3-6-5,4581
156468,4-6-5,339.3
156468,5-6-4,2281
156468,6-5-4,3676
156469,1-2-3,28.3
156469,2-1-3,362.7
156469,3-1-2,152.8
156469,4-1-2,342.5
156469,5-1-2,621.7
156469,6-1-2,570.9
156469,1-2-4,49.9
156469,2-1-4,557.6
156469,3-1-4,68.1
156469,4-1-3,113.8
156469,5-1-3,112.4
156469,6-1-3,162
156469,1-2-5,56.9
156469,2-1-5,777.6
156469,3-1-5,50.6
156469,4-1-5,87.3
156469,5-1-4,206.2
156469,6-1-4,422.3
156469,1-2-6,77.5
156469,2-1-6,819
156469,3-1-6,65.5
156469,4-1-6,113.9
156469,5-1-6,125.6
156469,6-1-5,247.1
156469,1-3-2,19.1
156469,2-3-1,553.4
156469,3-2-1,437.8
156469,4-2-1,773.1
156469,5-2-1,1456
156469,6-2-1,1593
156469,1-3-4,6.4
156469,2-3-4,870.7
156469,3-2-4,780
156469,4-2-3,1307
156469,5-2-3,1920
156469,6-2-3,2647
156469,1-3-5,5.8
156469,2-3-5,1541
156469,3-2-5,1108
156469,4-2-5,1707
156469,5-2-4,2404
156469,6-2-4,3425
156469,1-3-6,9.8
156469,2-3-6,2105
156469,3-2-6,1447
156469,4-2-6,1934
156469,5-2-6,2047
156469,6-2-5,3047
156469,1-4-2,45.8
156469,2-4-1,1065
156469,3-4-1,185.1
156469,4-3-1,237.5
156469,5-3-1,293.8
156469,6-3-1,377.3
156469,1-4-3,11.3
156469,2-4-3,1340
156469,3-4-2,725.9
156469,4-3-2,1011
156469,5-3-2,1674
156469,6-3-2,2148
156469,1-4-5,14.6
156469,2-4-5,1941
156469,3-4-5,396.4
156469,4-3-5,463.8
156469,5-3-4,919.5
156469,6-3-4,1643
156469,1-4-6,23.5
156469,2-4-6,1963
156469,3-4-6,478.2
156469,4-3-6,577.2
156469,5-3-6,735.1
156469,6-3-5,1117
156469,1-5-2,56.8
156469,2-5-1,1795
156469,3-5-1,224.3
156469,4-5-1,128
156469,5-4-1,297.3
156469,6-4-1,743.4
156469,1-5-3,11.3
156469,2-5-3,1510
156469,3-5-2,960
156469,4-5-2,834.6
156469,5-4-2,1758
156469,6-4-2,2329
156469,1-5-4,21.1
156469,2-5-4,2928
156469,3-5-4,604.5
156469,4-5-3,323.1
156469,5-4-3,712.1
156469,6-4-3,1501
156469,1-5-6,20.3
156469,2-5-6,3157
156469,3-5-6,572.8
156469,4-5-6,188
156469,5-4-6,410.7
156469,6-4-5,1281
156469,1-6-2,101.9
156469,2-6-1,1685
156469,3-6-1,318.2
156469,4-6-1,214.9
156469,5-6-1,278.8
156469,6-5-1,447.2
156469,1-6-3,25.2
156469,2-6-3,2944
156469,3-6-2,1607
156469,4-6-2,1253
156469,5-6-2,2415
156469,6-5-2,3235
156469,1-6-4,54.2
156469,2-6-4,3691
156469,3-6-4,903.7
156469,4-6-3,576.6
156469,5-6-3,643.1
156469,6-5-3,953
156469,1-6-5,36.9
156469,2-6-5,3854
156469,3-6-5,743.4
156469,4-6-5,316.9
156469,5-6-4,766.3
156469,6-5-4,1501
156470,1-2-3,4.7
156470,2-1-3,8.6
156470,3-1-2,43.7
156470,4-1-2,97.6
156470,5-1-2,1446
156470,6-1-2,510.2
156470,1-2-4,5.6
156470,2-1-4,9.8
156470,3-1-4,86.7
156470,4-1-3,211.9
156470,5-1-3,1750
156470,6-1-3,957.1
156470,1-2-5,83.3
156470,2-1-5,116.5
156470,3-1-5,458.8
156470,4-1-5,545.9
156470,5-1-4,1813
156470,6-1-4,854.2
156470,1-2-6,23
156470,2-1-6,36.2
156470,3-1-6,191.8
156470,4-1-6,238.2
156470,5-1-6,1896
156470,6-1-5,2490
156470,1-3-2,10.4
156470,2-3-1,24.4
156470,3-2-1,49.4
156470,4-2-1,113.7
156470,5-2-1,2296
156470,6-2-1,642.6
156470,1-3-4,20.5
156470,2-3-4,38.9
156470,3-2-4,75.3
156470,4-2-3,198.4
156470,5-2-3,2186
156470,6-2-3,999.2
156470,1-3-5,199.6
156470,2-3-5,299.7
156470,3-2-5,513.9
156470,4-2-5,820.6
156470,5-2-4,2944
156470,6-2-4,776.1
156470,1-3-6,52.9
156470,2-3-6,101.1
156470,3-2-6,188.5
156470,4-2-6,251.5
156470,5-2-6,3090
156470,6-2-5,2877
156470,1-4-2,21.6
156470,2-4-1,41.7
156470,3-4-1,135.2
156470,4-3-1,283.9
156470,5-3-1,2844
156470,6-3-1,1609
156470,1-4-3,37.6
156470,2-4-3,67.1
156470,3-4-2,114.2
156470,4-3-2,263.4
156470,5-3-2,2567
156470,6-3-2,1197
156470,1-4-5,197.3
156470,2-4-5,318
156470,3-4-5,744.9
156470,4-3-5,1434
156470,5-3-4,4278
156470,6-3-4,1564
156470,1-4-6,71.9
156470,2-4-6,110.7
156470,3-4-6,256.4
156470,4-3-6,584.8
156470,5-3-6,4391
156470,6-3-5,3850
156470,1-5-2,327.4
156470,2-5-1,658.6
156470,3-5-1,1293
156470,4-5-1,1049
156470,5-4-1,3128
156470,6-4-1,1053
156470,1-5-3,545.9
156470,2-5-3,841.3
156470,3-5-2,1166
156470,4-5-2,1277
156470,5-4-2,3250
156470,6-4-2,939.2
156470,1-5-4,644.2
156470,2-5-4,1027
156470,3-5-4,1833
156470,4-5-3,1794
156470,5-4-3,3601
156470,6-4-3,2051
156470,1-5-6,738.3
156470,2-5-6,1135
156470,3-5-6,1827
156470,4-5-6,1260
156470,5-4-6,3708
156470,6-4-5,3033
156470,1-6-2,94.9
156470,2-6-1,179.8
156470,3-6-1,497.1
156470,4-6-1,348.6
156470,5-6-1,4722
156470,6-5-1,4278
156470,1-6-3,164.4
156470,2-6-3,286.2
156470,3-6-2,439.1
156470,4-6-2,361.4
156470,5-6-2,4171
156470,6-5-2,2877
156470,1-6-4,176.5
156470,2-6-4,251.3
156470,3-6-4,601.6
156470,4-6-3,758.4
156470,5-6-3,4353
156470,6-5-3,4278
156470,1-6-5,724.4
156470,2-6-5,975.8
156470,3-6-5,1807
156470,4-6-5,1132
156470,5-6-4,4206
156470,6-5-4,3880
156471,1-2-3,6.1
156471,2-1-3,45.8
156471,3-1-2,54.2
156471,4-1-2,58.6
156471,5-1-2,228.4
156471,6-1-2,2154
156471,1-2-4,5.8
156471,2-1-4,39.8
156471,3-1-4,50.5
156471,4-1-3,70.9
156471,5-1-3,222.5
156471,6-1-3,2037
156471,1-2-5,15.7
156471,2-1-5,109.1
156471,3-1-5,71.6
156471,4-1-5,59.2
156471,5-1-4,201.8
156471,6-1-4,4101
156471,1-2-6,279.1
156471,2-1-6,668.5
156471,3-1-6,617.5
156471,4-1-6,466
156471,5-1-6,1061
156471,6-1-5,4959
156471,1-3-2,7.6
156471,2-3-1,154.5
156471,3-2-1,138.9
156471,4-2-1,104.8
156471,5-2-1,412.2
156471,6-2-1,3298
156471,1-3-4,9.3
156471,2-3-4,254.5
156471,3-2-4,235.5
156471,4-2-3,285.5
156471,5-2-3,664.4
156471,6-2-3,6462
156471,1-3-5,15.8
156471,2-3-5,439.1
156471,3-2-5,303
156471,4-2-5,223.3
156471,5-2-4,608.7
156471,6-2-4,6528
156471,1-3-6,267
156471,2-3-6,2237
156471,3-2-6,1974
156471,4-2-6,1282
156471,5-2-6,2301
156471,6-2-5,6954
156471,1-4-2,10.1
156471,2-4-1,133.4
156471,3-4-1,103.1
156471,4-3-1,132.8
156471,5-3-1,395.4
156471,6-3-1,2611
156471,1-4-3,17
156471,2-4-3,314.7
156471,3-4-2,209.1
156471,4-3-2,272.8
156471,5-3-2,762.5
156471,6-3-2,5612
156471,1-4-5,22.6
156471,2-4-5,361.6
156471,3-4-5,201.4
156471,4-3-5,262.6
156471,5-3-4,773.6
156471,6-3-4,6462
156471,1-4-6,298.1
156471,2-4-6,2221
156471,3-4-6,1390
156471,4-3-6,1431
156471,5-3-6,3151
156471,6-3-5,7270
156471,1-5-2,38.7
156471,2-5-1,399.6
156471,3-5-1,204.5
156471,4-5-1,76.2
156471,5-4-1,215.4
156471,6-4-1,5201
156471,1-5-3,42.7
156471,2-5-3,821.3
156471,3-5-2,366
156471,4-5-2,133.5
156471,5-4-2,368.5
156471,6-4-2,7354
156471,1-5-4,50.4
156471,2-5-4,709.3
156471,3-5-4,343.4
156471,4-5-3,170.3
156471,5-4-3,490.2
156471,6-4-3,7708
156471,1-5-6,505.7
156471,2-5-6,3614
156471,3-5-6,1915
156471,4-5-6,359.2
156471,5-4-6,898.6
156471,6-4-5,6211
156471,1-6-2,807.8
156471,2-6-1,2499
156471,3-6-1,1797
156471,4-6-1,1204
156471,5-6-1,2989
156471,6-5-1,5924
156471,1-6-3,876.4
156471,2-6-3,5037
156471,3-6-2,4209
156471,4-6-2,2244
156471,5-6-2,4049
156471,6-5-2,6528
156471,1-6-4,1297
156471,2-6-4,5331
156471,3-6-4,3515
156471,4-6-3,2549
156471,5-6-3,3854
156471,6-5-3,6398
156471,1-6-5,1450
156471,2-6-5,5612
156471,3-6-5,3574
156471,4-6-5,1319
156471,5-6-4,2528
156471,6-5-4,5662
156472,1-2-3,6.3
156472,2-1-3,11.8
156472,3-1-2,41.4
156472,4-1-2,359.8
156472,5-1-2,145
156472,6-1-2,708.4
156472,1-2-4,20.3
156472,2-1-4,37.5
156472,3-1-4,84.1
156472,4-1-3,417.5
156472,5-1-3,154.5
156472,6-1-3,861.3
156472,1-2-5,12
156472,2-1-5,23.5
156472,3-1-5,48.7
156472,4-1-5,370.3
156472,5-1-4,363.3
156472,6-1-4,1901
156472,1-2-6,36.9
156472,2-1-6,49.4
156472,3-1-6,119.3
156472,4-1-6,628.6
156472,5-1-6,279.2
156472,6-1-5,1220
156472,1-3-2,10.3
156472,2-3-1,27.4
156472,3-2-1,56.7
156472,4-2-1,428.9
156472,5-2-1,213.7
156472,6-2-1,757.1
156472,1-3-4,25.3
156472,2-3-4,67.4
156472,3-2-4,119.7
156472,4-2-3,486.1
156472,5-2-3,215.1
156472,6-2-3,792.2
156472,1-3-5,14.2
156472,2-3-5,35.5
156472,3-2-5,67.5
156472,4-2-5,520.9
156472,5-2-4,545.3
156472,6-2-4,1959
156472,1-3-6,42.4
156472,2-3-6,77.6
156472,3-2-6,135.4
156472,4-2-6,791.4
156472,5-2-6,364.4
156472,6-2-5,1043
156472,1-4-2,49.2
156472,2-4-1,136
156472,3-4-1,203.5
156472,4-3-1,553.9
156472,5-3-1,238.9
156472,6-3-1,1010
156472,1-4-3,56.3
156472,2-4-3,148.1
156472,3-4-2,211.2
156472,4-3-2,670.1
156472,5-3-2,261.2
156472,6-3-2,1075
156472,1-4-5,70.2
156472,2-4-5,193.5
156472,3-4-5,226
156472,4-3-5,681.4
156472,5-3-4,680.2
156472,6-3-4,2391
156472,1-4-6,140.6
156472,2-4-6,278.6
156472,3-4-6,434.8
156472,4-3-6,968.6
156472,5-3-6,503.9
156472,6-3-5,1392
156472,1-5-2,27.5
156472,2-5-1,76.6
156472,3-5-1,102.4
156472,4-5-1,437.2
156472,5-4-1,633.2
156472,6-4-1,2150
156472,1-5-3,31
156472,2-5-3,77.7
156472,3-5-2,102.5
156472,4-5-2,528.1
156472,5-4-2,699.3
156472,6-4-2,2524
156472,1-5-4,80.7
156472,2-5-4,213.6
156472,3-5-4,245.7
156472,4-5-3,601.5
156472,5-4-3,817.4
156472,6-4-3,2683
156472,1-5-6,75.3
156472,2-5-6,154
156472,3-5-6,202
156472,4-5-6,606.3
156472,5-4-6,856.5
156472,6-4-5,2673
156472,1-6-2,143.4
156472,2-6-1,197.4
156472,3-6-1,367.3
156472,4-6-1,1309
156472,5-6-1,545.7
156472,6-5-1,1262
156472,1-6-3,162.4
156472,2-6-3,258.3
156472,3-6-2,375.2
156472,4-6-2,1447
156472,5-6-2,530.3
156472,6-5-2,1262
156472,1-6-4,304.2
156472,2-6-4,534.3
156472,3-6-4,740.4
156472,4-6-3,1794
156472,5-6-3,648.7
156472,6-5-3,1327
156472,1-6-5,199.9
156472,2-6-5,293.9
156472,3-6-5,418.7
156472,4-6-5,1201
156472,5-6-4,935.6
156472,6-5-4,2298
156473,1-2-3,5.7
156473,2-1-3,14.6
156473,3-1-2,29.1
156473,4-1-2,269.4
156473,5-1-2,341.1
156473,6-1-2,605.5
156473,1-2-4,11.4
156473,2-1-4,29
156473,3-1-4,52.5
156473,4-1-3,268.4
156473,5-1-3,345.9
156473,6-1-3,855.9
156473,1-2-5,15.6
156473,2-1-5,33.1
156473,3-1-5,58.1
156473,4-1-5,423.3
156473,5-1-4,651.3
156473,6-1-4,1555
156473,1-2-6,38.1
156473,2-1-6,77.8
156473,3-1-6,133.4
156473,4-1-6,688.2
156473,5-1-6,785.7
156473,6-1-5,1698
156473,1-3-2,7.7
156473,2-3-1,25.2
156473,3-2-1,36.5
156473,4-2-1,380.5
156473,5-2-1,472.2
156473,6-2-1,664.1
156473,1-3-4,17.2
156473,2-3-4,37.8
156473,3-2-4,52.2
156473,4-2-3,276.3
156473,5-2-3,427.9
156473,6-2-3,605.1
156473,1-3-5,19.1
156473,2-3-5,49.6
156473,3-2-5,67.9
156473,4-2-5,630.6
156473,5-2-4,968
156473,6-2-4,1228
156473,1-3-6,49.8
156473,2-3-6,92.2
156473,3-2-6,129.1
156473,4-2-6,977.7
156473,5-2-6,1291
156473,6-2-5,1427
156473,1-4-2,44.8
156473,2-4-1,105.8
156473,3-4-1,117.2
156473,4-3-1,370.2
156473,5-3-1,523.1
156473,6-3-1,1088
156473,1-4-3,54.3
156473,2-4-3,101.6
156473,3-4-2,101.6
156473,4-3-2,293
156473,5-3-2,518.2
156473,6-3-2,786.5
156473,1-4-5,73.7
156473,2-4-5,176.1
156473,3-4-5,147.2
156473,4-3-5,558.9
156473,5-3-4,954.9
156473,6-3-4,1936
156473,1-4-6,129.7
156473,2-4-6,252.5
156473,3-4-6,296.5
156473,4-3-6,1067
156473,5-3-6,1421
156473,6-3-5,2553
156473,1-5-2,42.8
156473,2-5-1,114.8
156473,3-5-1,132.1
156473,4-5-1,613.7
156473,5-4-1,1036
156473,6-4-1,2520
156473,1-5-3,55.9
156473,2-5-3,151.3
156473,3-5-2,157.7
156473,4-5-2,740.8
156473,5-4-2,1054
156473,6-4-2,2640
156473,1-5-4,109.6
156473,2-5-4,271.5
156473,3-5-4,241.7
156473,4-5-3,670.4
156473,5-4-3,985.2
156473,6-4-3,2940
156473,1-5-6,130.3
156473,2-5-6,369.6
156473,3-5-6,415.6
156473,4-5-6,898.5
156473,5-4-6,1238
156473,6-4-5,2256
156473,1-6-2,162.9
156473,2-6-1,369.8
156473,3-6-1,447.7
156473,4-6-1,1234
156473,5-6-1,1568
156473,6-5-1,2579
156473,1-6-3,209.8
156473,2-6-3,336.3
156473,3-6-2,370.2
156473,4-6-2,1475
156473,5-6-2,1780
156473,6-5-2,3194
156473,1-6-4,330
156473,2-6-4,578.9
156473,3-6-4,643.7
156473,4-6-3,1600
156473,5-6-3,2027
156473,6-5-3,3248
156473,1-6-5,287.6
156473,2-6-5,654.6
156473,3-6-5,747.2
156473,4-6-5,1331
156473,5-6-4,1776
156473,6-5-4,2138
156474,1-2-3,13.3
156474,2-1-3,59.7
156474,3-1-2,152.8
156474,4-1-2,32.1
156474,5-1-2,159.4
156474,6-1-2,843.1
156474,1-2-4,6.7
156474,2-1-4,27.6
156474,3-1-4,119.1
156474,4-1-3,86.8
156474,5-1-3,360.1
156474,6-1-3,1378
156474,1-2-5,15.4
156474,2-1-5,50.1
156474,3-1-5,187.2
156474,4-1-5,38.3
156474,5-1-4,140.5
156474,6-1-4,713.2
156474,1-2-6,35.4
156474,2-1-6,92
156474,3-1-6,267.9
156474,4-1-6,59.4
156474,5-1-6,247.6
156474,6-1-5,1375
156474,1-3-2,23.1
156474,2-3-1,225.6
156474,3-2-1,279.9
156474,4-2-1,59.9
156474,5-2-1,263.3
156474,6-2-1,1177
156474,1-3-4,19.8
156474,2-3-4,298.4
156474,3-2-4,366.2
156474,4-2-3,210.9
156474,5-2-3,858.7
156474,6-2-3,2337
156474,1-3-5,33.5
156474,2-3-5,451.4
156474,3-2-5,563
156474,4-2-5,90.8
156474,5-2-4,357.8
156474,6-2-4,1201
156474,1-3-6,57.7
156474,2-3-6,638.1
156474,3-2-6,735
156474,4-2-6,113.8
156474,5-2-6,483.4
156474,6-2-5,1925
156474,1-4-2,8.7
156474,2-4-1,68.7
156474,3-4-1,177
156474,4-3-1,208.9
156474,5-3-1,798.3
156474,6-3-1,1972
156474,1-4-3,19.8
156474,2-4-3,237.6
156474,3-4-2,286.8
156474,4-3-2,298.7
156474,5-3-2,1087
156474,6-3-2,2959
156474,1-4-5,13.6
156474,2-4-5,147.8
156474,3-4-5,260.5
156474,4-3-5,291.9
156474,5-3-4,1041
156474,6-3-4,2028
156474,1-4-6,24.3
156474,2-4-6,221.1
156474,3-4-6,309.4
156474,4-3-6,330.9
156474,5-3-6,1371
156474,6-3-5,2822
156474,1-5-2,34.4
156474,2-5-1,211.9
156474,3-5-1,427.1
156474,4-5-1,54.8
156474,5-4-1,171.9
156474,6-4-1,820.7
156474,1-5-3,54.1
156474,2-5-3,579
156474,3-5-2,653.9
156474,4-5-2,78.1
156474,5-4-2,266.7
156474,6-4-2,1120
156474,1-5-4,36.1
156474,2-5-4,310
156474,3-5-4,522.9
156474,4-5-3,222.7
156474,5-4-3,711.5
156474,6-4-3,1876
156474,1-5-6,63
156474,2-5-6,542.7
156474,3-5-6,741.4
156474,4-5-6,78.3
156474,5-4-6,268.6
156474,6-4-5,1177
156474,1-6-2,130.9
156474,2-6-1,590.8
156474,3-6-1,939.2
156474,4-6-1,148.8
156474,5-6-1,710.8
156474,6-5-1,1819
156474,1-6-3,179.2
156474,2-6-3,1298
156474,3-6-2,1338
156474,4-6-2,204.2
156474,5-6-2,900.4
156474,6-5-2,2177
156474,1-6-4,113
156474,2-6-4,701.5
156474,3-6-4,979.7
156474,4-6-3,426.9
156474,5-6-3,1438
156474,6-5-3,2947
156474,1-6-5,167.9
156474,2-6-5,1102
156474,3-6-5,1376
156474,4-6-5,185.8
156474,5-6-4,679.6
156474,6-5-4,1360
156475,1-2-3,14.9
156475,2-1-3,20.3
156475,3-1-2,32
156475,4-1-2,108.9
156475,5-1-2,278.2
156475,6-1-2,749.7
156475,1-2-4,18.1
156475,2-1-4,32.3
156475,3-1-4,27.7
156475,4-1-3,99.7
156475,5-1-3,221.6
156475,6-1-3,686.7
156475,1-2-5,60.5
156475,2-1-5,65.7
156475,3-1-5,41.9
156475,4-1-5,169.4
156475,5-1-4,388.8
156475,6-1-4,794.8
156475,1-2-6,71.6
156475,2-1-6,58.9
156475,3-1-6,58.7
156475,4-1-6,154
156475,5-1-6,350.3
156475,6-1-5,1148
156475,1-3-2,17.1
156475,2-3-1,30.4
156475,3-2-1,40.3
156475,4-2-1,138.2
156475,5-2-1,341.6
156475,6-2-1,964.5
156475,1-3-4,14.1
156475,2-3-4,33.3
156475,3-2-4,30.2
156475,4-2-3,112.8
156475,5-2-3,286.6
156475,6-2-3,815.6
156475,1-3-5,28.5
156475,2-3-5,67.4
156475,3-2-5,57.5
156475,4-2-5,252.4
156475,5-2-4,353.9
156475,6-2-4,649.1
156475,1-3-6,51.4
156475,2-3-6,62
156475,3-2-6,64
156475,4-2-6,178.7
156475,5-2-6,412.2
156475,6-2-5,1295
156475,1-4-2,35.5
156475,2-4-1,75.7
156475,3-4-1,35.5
156475,4-3-1,90.6
156475,5-3-1,237.3
156475,6-3-1,796.6
156475,1-4-3,32.1
156475,2-4-3,62
156475,3-4-2,33.2
156475,4-3-2,87.6
156475,5-3-2,285.1
156475,6-3-2,763
156475,1-4-5,84.2
156475,2-4-5,138.5
156475,3-4-5,39.2
156475,4-3-5,122.1
156475,5-3-4,297.8
156475,6-3-4,617.5
156475,1-4-6,82.7
156475,2-4-6,124
156475,3-4-6,51.3
156475,4-3-6,109.4
156475,5-3-6,375.2
156475,6-3-5,925.5
156475,1-5-2,107
156475,2-5-1,167.6
156475,3-5-1,74.7
156475,4-5-1,205.8
156475,5-4-1,521.8
156475,6-4-1,864.9
156475,1-5-3,81.6
156475,2-5-3,151.2
156475,3-5-2,90.7
156475,4-5-2,241.6
156475,5-4-2,524.2
156475,6-4-2,610.9
156475,1-5-4,152
156475,2-5-4,184.1
156475,3-5-4,70.5
156475,4-5-3,202.5
156475,5-4-3,369.2
156475,6-4-3,703.6
156475,1-5-6,198.5
156475,2-5-6,246.6
156475,3-5-6,79.4
156475,4-5-6,244.9
156475,5-4-6,476.9
156475,6-4-5,1137
156475,1-6-2,228.1
156475,2-6-1,249.9
156475,3-6-1,193.7
156475,4-6-1,271.4
156475,5-6-1,738.4
156475,6-5-1,1448
156475,1-6-3,249.1
156475,2-6-3,243.5
156475,3-6-2,211.5
156475,4-6-2,230.1
156475,5-6-2,806
156475,6-5-2,1325
156475,1-6-4,225.9
156475,2-6-4,279.3
156475,3-6-4,149.2
156475,4-6-3,248.1
156475,5-6-3,705
156475,6-5-3,1114
156475,1-6-5,440.7
156475,2-6-5,489.8
156475,3-6-5,212.8
156475,4-6-5,431.9
156475,5-6-4,800.4
156475,6-5-4,1341
156476,1-2-3,128.8
156476,2-1-3,234.6
156476,3-1-2,367.6
156476,4-1-2,80.4
156476,5-1-2,52.5
156476,6-1-2,1637
156476,1-2-4,62.7
156476,2-1-4,101.4
156476,3-1-4,186.4
156476,4-1-3,103.6
156476,5-1-3,56.1
156476,6-1-3,1572
156476,1-2-5,65.3
156476,2-1-5,136.2
156476,3-1-5,195.2
156476,4-1-5,28.6
156476,5-1-4,19.1
156476,6-1-4,1129
156476,1-2-6,270.1
156476,2-1-6,392
156476,3-1-6,429.4
156476,4-1-6,82.3
156476,5-1-6,124.8
156476,6-1-5,1084
156476,1-3-2,166.2
156476,2-3-1,279.7
156476,3-2-1,398.5
156476,4-2-1,101.3
156476,5-2-1,84.9
156476,6-2-1,2241
156476,1-3-4,103.5
156476,2-3-4,62.3
156476,3-2-4,131.6
156476,4-2-3,67.2
156476,5-2-3,59.6
156476,6-2-3,2196
156476,1-3-5,83.4
156476,2-3-5,113.6
156476,3-2-5,236.1
156476,4-2-5,43.5
156476,5-2-4,25.6
156476,6-2-4,1021
156476,1-3-6,334.7
156476,2-3-6,182
156476,3-2-6,331.4
156476,4-2-6,65.8
156476,5-2-6,98.1
156476,6-2-5,1777
156476,1-4-2,59.7
156476,2-4-1,88.3
156476,3-4-1,134.2
156476,4-3-1,111.6
156476,5-3-1,104
156476,6-3-1,1892
156476,1-4-3,81.7
156476,2-4-3,44.4
156476,3-4-2,120.3
156476,4-3-2,100.9
156476,5-3-2,94.5
156476,6-3-2,2042
156476,1-4-5,25.9
156476,2-4-5,32.3
156476,3-4-5,53.8
156476,4-3-5,48.8
156476,5-3-4,41.8
156476,6-3-4,829.5
156476,1-4-6,128.5
156476,2-4-6,59.8
156476,3-4-6,86.3
156476,4-3-6,73.4
156476,5-3-6,137.6
156476,6-3-5,1561
156476,1-5-2,41.6
156476,2-5-1,129.1
156476,3-5-1,193.6
156476,4-5-1,23.6
156476,5-4-1,23.7
156476,6-4-1,894
156476,1-5-3,48.4
156476,2-5-3,65.2
156476,3-5-2,180.2
156476,4-5-2,33.6
156476,5-4-2,28.3
156476,6-4-2,783.4
156476,1-5-4,20.2
156476,2-5-4,28.3
156476,3-5-4,67.5
156476,4-5-3,41
156476,5-4-3,32.9
156476,6-4-3,757.6
156476,1-5-6,133.3
156476,2-5-6,98.4
156476,3-5-6,174.7
156476,4-5-6,33
156476,5-4-6,43.6
156476,6-4-5,394.5
156476,1-6-2,666.4
156476,2-6-1,1058
156476,3-6-1,805.1
156476,4-6-1,114.2
156476,5-6-1,385.1
156476,6-5-1,1224
156476,1-6-3,771
156476,2-6-3,545.7
156476,3-6-2,865.7
156476,4-6-2,124.7
156476,5-6-2,373
156476,6-5-2,1447
156476,1-6-4,440.2
156476,2-6-4,246.7
156476,3-6-4,318.4
156476,4-6-3,134.5
156476,5-6-3,361
156476,6-5-3,1544
156476,1-6-5,492.8
156476,2-6-5,376.2
156476,3-6-5,503.6
156476,4-6-5,66.9
156476,5-6-4,153.8
156476,6-5-4,491.2
156477,1-2-3,12.9
156477,2-1-3,30.5
156477,3-1-2,241.1
156477,4-1-2,41.8
156477,5-1-2,1066
156477,6-1-2,138.7
156477,1-2-4,6.6
156477,2-1-4,11.7
156477,3-1-4,264.1
156477,4-1-3,119.6
156477,5-1-3,1240
156477,6-1-3,369.9
156477,1-2-5,121.4
156477,2-1-5,156.3
156477,3-1-5,729.2
156477,4-1-5,265
156477,5-1-4,1258
156477,6-1-4,199.5
156477,1-2-6,15.8
156477,2-1-6,21
156477,3-1-6,347.2
156477,4-1-6,45.8
156477,5-1-6,1271
156477,6-1-5,675.5
156477,1-3-2,32.2
156477,2-3-1,72.8
156477,3-2-1,242.2
156477,4-2-1,38.3
156477,5-2-1,1401
156477,6-2-1,141
156477,1-3-4,43.1
156477,2-3-4,46.9
156477,3-2-4,142.2
156477,4-2-3,89
156477,5-2-3,1631
156477,6-2-3,281.6
156477,1-3-5,241.7
156477,2-3-5,352.4
156477,3-2-5,681.9
156477,4-2-5,267.6
156477,5-2-4,1553
156477,6-2-4,112.1
156477,1-3-6,72.1
156477,2-3-6,60.5
156477,3-2-6,188.7
156477,4-2-6,32.6
156477,5-2-6,1211
156477,6-2-5,771.8
156477,1-4-2,11.8
156477,2-4-1,21
156477,3-4-1,323.6
156477,4-3-1,281.1
156477,5-3-1,2018
156477,6-3-1,859
156477,1-4-3,38.3
156477,2-4-3,37.1
156477,3-4-2,195.8
156477,4-3-2,194.7
156477,5-3-2,2351
156477,6-3-2,567.2
156477,1-4-5,196.3
156477,2-4-5,203.7
156477,3-4-5,1000
156477,4-3-5,998.1
156477,5-3-4,3403
156477,6-3-4,699.3
156477,1-4-6,24.4
156477,2-4-6,18.4
156477,3-4-6,284.2
156477,4-3-6,225.6
156477,5-3-6,3054
156477,6-3-5,1639
156477,1-5-2,431.5
156477,2-5-1,630.2
156477,3-5-1,1313
156477,4-5-1,490.8
156477,5-4-1,1574
156477,6-4-1,188.6
156477,1-5-3,582.9
156477,2-5-3,850.8
156477,3-5-2,1701
156477,4-5-2,479
156477,5-4-2,1777
156477,6-4-2,130.3
156477,1-5-4,560.9
156477,2-5-4,646.2
156477,3-5-4,2114
156477,4-5-3,958
156477,5-4-3,2813
156477,6-4-3,436.8
156477,1-5-6,612.9
156477,2-5-6,505.4
156477,3-5-6,2089
156477,4-5-6,361.6
156477,5-4-6,1646
156477,6-4-5,794.1
156477,1-6-2,53.6
156477,2-6-1,49.9
156477,3-6-1,624.7
156477,4-6-1,57
156477,5-6-1,2498
156477,6-5-1,1718
156477,1-6-3,156.3
156477,2-6-3,86.1
156477,3-6-2,415.5
156477,4-6-2,42.8
156477,5-6-2,2042
156477,6-5-2,1318
156477,1-6-4,64
156477,2-6-4,36.1
156477,3-6-4,490.8
156477,4-6-3,171
156477,5-6-3,3054
156477,6-5-3,2686
156477,1-6-5,528.6
156477,2-6-5,353.4
156477,3-6-5,2053
156477,4-6-5,270.7
156477,5-6-4,2233
156477,6-5-4,1470
156478,1-2-3,20.4
156478,2-1-3,24.4
156478,3-1-2,45.2
156478,4-1-2,22.9
156478,5-1-2,940.9
156478,6-1-2,1609
156478,1-2-4,16.1
156478,2-1-4,19.8
156478,3-1-4,27.8
156478,4-1-3,22.4
156478,5-1-3,997.9
156478,6-1-3,1167
156478,1-2-5,126.1
156478,2-1-5,213
156478,3-1-5,131.1
156478,4-1-5,53.7
156478,5-1-4,620.7
156478,6-1-4,1661
156478,1-2-6,369.6
156478,2-1-6,594.7
156478,3-1-6,397.8
156478,4-1-6,246.5
156478,5-1-6,2113
156478,6-1-5,2882
156478,1-3-2,21.7
156478,2-3-1,38.9
156478,3-2-1,52.7
156478,4-2-1,34
156478,5-2-1,1252
156478,6-2-1,2424
156478,1-3-4,11.9
156478,2-3-4,21.7
156478,3-2-4,25.7
156478,4-2-3,26.4
156478,5-2-3,1264
156478,6-2-3,2497
156478,1-3-5,81
156478,2-3-5,192.1
156478,3-2-5,187.9
156478,4-2-5,63.8
156478,5-2-4,834.3
156478,6-2-4,2424
156478,1-3-6,228.8
156478,2-3-6,962.9
156478,3-2-6,675.6
156478,4-2-6,322.5
156478,5-2-6,2784
156478,6-2-5,4338
156478,1-4-2,14.3
156478,2-4-1,29.8
156478,3-4-1,24.4
156478,4-3-1,29
156478,5-3-1,1268
156478,6-3-1,1710
156478,1-4-3,12.1
156478,2-4-3,25.5
156478,3-4-2,25.1
156478,4-3-2,27
156478,5-3-2,1333
156478,6-3-2,2766
156478,1-4-5,57.9
156478,2-4-5,113.5
156478,3-4-5,62
156478,4-3-5,65.2
156478,5-3-4,795.6
156478,6-3-4,1411
156478,1-4-6,211.7
156478,2-4-6,623.5
156478,3-4-6,232.9
156478,4-3-6,284.4
156478,5-3-6,3522
156478,6-3-5,3781
156478,1-5-2,288.8
156478,2-5-1,583.7
156478,3-5-1,380.2
156478,4-5-1,68
156478,5-4-1,435.2
156478,6-4-1,1753
156478,1-5-3,256.1
156478,2-5-3,593.8
156478,3-5-2,453.4
156478,4-5-2,77.2
156478,5-4-2,517.7
156478,6-4-2,2081
156478,1-5-4,208.3
156478,2-5-4,416.3
156478,3-5-4,254.5
156478,4-5-3,97.1
156478,5-4-3,566.9
156478,6-4-3,1555
156478,1-5-6,1038
156478,2-5-6,2693
156478,3-5-6,1799
156478,4-5-6,287
156478,5-4-6,1717
156478,6-4-5,3008
156478,1-6-2,972
156478,2-6-1,2169
156478,3-6-1,978.9
156478,4-6-1,530.4
156478,5-6-1,4965
156478,6-5-1,5495
156478,1-6-3,774.7
156478,2-6-3,2355
156478,3-6-2,1406
156478,4-6-2,645
156478,5-6-2,4630
156478,6-5-2,5026
156478,1-6-4,726.9
156478,2-6-4,2215
156478,3-6-4,788
156478,4-6-3,598.1
156478,5-6-3,3816
156478,6-5-3,4965
156478,1-6-5,1585
156478,2-6-5,3963
156478,3-6-5,2355
156478,4-6-5,704.5
156478,5-6-4,3963
156478,6-5-4,4384
156479,1-2-3,18.4
156479,2-1-3,45.4
156479,3-1-2,491.6
156479,4-1-2,78
156479,5-1-2,155.9
156479,6-1-2,97.1
156479,1-2-4,7.3
156479,2-1-4,13.1
156479,3-1-4,557.3
156479,4-1-3,435.2
156479,5-1-3,535
156479,6-1-3,426.6
156479,1-2-5,16.1
156479,2-1-5,29
156479,3-1-5,603.9
156479,4-1-5,160.9
156479,5-1-4,260.4
156479,6-1-4,195.6
156479,1-2-6,9.8
156479,2-1-6,16.4
156479,3-1-6,680.8
156479,4-1-6,118.8
156479,5-1-6,140.1
156479,6-1-5,238.1
156479,1-3-2,57.8
156479,2-3-1,198.3
156479,3-2-1,603.9
156479,4-2-1,87.8
156479,5-2-1,191
156479,6-2-1,115.5
156479,1-3-4,72
156479,2-3-4,181.3
156479,3-2-4,475.2
156479,4-2-3,361.5
156479,5-2-3,636
156479,6-2-3,469.8
156479,1-3-5,124.6
156479,2-3-5,277.6
156479,3-2-5,732.3
156479,4-2-5,162.2
156479,5-2-4,275.2
156479,6-2-4,148.8
156479,1-3-6,70.1
156479,2-3-6,202.2
156479,3-2-6,540.7
156479,4-2-6,86.8
156479,5-2-6,141
156479,6-2-5,187.4
156479,1-4-2,16.9
156479,2-4-1,33.3
156479,3-4-1,971.7
156479,4-3-1,937.7
156479,5-3-1,1216
156479,6-3-1,1314
156479,1-4-3,74.4
156479,2-4-3,133
156479,3-4-2,803.5
156479,4-3-2,760.5
156479,5-3-2,1136
156479,6-3-2,1235
156479,1-4-5,47.7
156479,2-4-5,72.4
156479,3-4-5,1306
156479,4-3-5,1055
156479,5-3-4,1416
156479,6-3-4,1256
156479,1-4-6,29.9
156479,2-4-6,36
156479,3-4-6,1125
156479,4-3-6,876.2
156479,5-3-6,1038
156479,6-3-5,1337
156479,1-5-2,42
156479,2-5-1,92
156479,3-5-1,1145
156479,4-5-1,216.6
156479,5-4-1,434.7
156479,6-4-1,344
156479,1-5-3,147.1
156479,2-5-3,316.4
156479,3-5-2,1077
156479,4-5-2,206.3
156479,5-4-2,399.9
156479,6-4-2,202.9
156479,1-5-4,69.1
156479,2-5-4,102.8
156479,3-5-4,1443
156479,4-5-3,759.2
156479,5-4-3,1157
156479,6-4-3,1006
156479,1-5-6,49.3
156479,2-5-6,75.5
156479,3-5-6,1101
156479,4-5-6,162.2
156479,5-4-6,272.1
156479,6-4-5,360.3
156479,1-6-2,25.4
156479,2-6-1,55.2
156479,3-6-1,1256
156479,4-6-1,186.4
156479,5-6-1,165.6
156479,6-5-1,268.3
156479,1-6-3,93.8
156479,2-6-3,232.9
156479,3-6-2,1196
156479,4-6-2,143.4
156479,5-6-2,155.2
156479,6-5-2,190.7
156479,1-6-4,43.9
156479,2-6-4,63
156479,3-6-4,1322
156479,4-6-3,646
156479,5-6-3,452.9
156479,6-5-3,592.1
156479,1-6-5,62.9
156479,2-6-5,91.2
156479,3-6-5,1288
156479,4-6-5,204
156479,5-6-4,239.7
156479,6-5-4,297.2
156480,1-2-3,8.5
156480,2-1-3,25
156480,3-1-2,21.5
156480,4-1-2,518
156480,5-1-2,71.4
156480,6-1-2,1142
156480,1-2-4,41.6
156480,2-1-4,118.1
156480,3-1-4,56.1
156480,4-1-3,481.1
156480,5-1-3,61.8
156480,6-1-3,861.7
156480,1-2-5,13.8
156480,2-1-5,29.6
156480,3-1-5,15.1
156480,4-1-5,471.3
156480,5-1-4,239.9
156480,6-1-4,2331
156480,1-2-6,88.8
156480,2-1-6,192.3
156480,3-1-6,125.2
156480,4-1-6,938
156480,5-1-6,197.9
156480,6-1-5,1806
156480,1-3-2,8.3
156480,2-3-1,38.1
156480,3-2-1,35.1
156480,4-2-1,708.5
156480,5-2-1,86
156480,6-2-1,1355
156480,1-3-4,25.3
156480,2-3-4,127.8
156480,3-2-4,108.5
156480,4-2-3,595.4
156480,5-2-3,86.7
156480,6-2-3,1332
156480,1-3-5,8.4
156480,2-3-5,34.5
156480,3-2-5,28.3
156480,4-2-5,396.7
156480,5-2-4,378.4
156480,6-2-4,2877
156480,1-3-6,85.7
156480,2-3-6,220.2
156480,3-2-6,152.3
156480,4-2-6,1220
156480,5-2-6,232
156480,6-2-5,2319
156480,1-4-2,117.3
156480,2-4-1,406.4
156480,3-4-1,168.9
156480,4-3-1,623.2
156480,5-3-1,81
156480,6-3-1,1461
156480,1-4-3,101
156480,2-4-3,372.9
156480,3-4-2,215.8
156480,4-3-2,703.1
156480,5-3-2,89
156480,6-3-2,1260
156480,1-4-5,127.5
156480,2-4-5,327.6
156480,3-4-5,99.6
156480,4-3-5,623.2
156480,5-3-4,322.6
156480,6-3-4,2506
156480,1-4-6,335.6
156480,2-4-6,1064
156480,3-4-6,441.9
156480,4-3-6,1183
156480,5-3-6,238.5
156480,6-3-5,1887
156480,1-5-2,23.8
156480,2-5-1,72
156480,3-5-1,29.7
156480,4-5-1,597.6
156480,5-4-1,458.4
156480,6-4-1,3642
156480,1-5-3,24.2
156480,2-5-3,67.1
156480,3-5-2,41.6
156480,4-5-2,492.8
156480,5-4-2,615.8
156480,6-4-2,3759
156480,1-5-4,111.7
156480,2-5-4,328
156480,3-5-4,99.1
156480,4-5-3,664.1
156480,5-4-3,567.8
156480,6-4-3,3260
156480,1-5-6,140.8
156480,2-5-6,321.2
156480,3-5-6,125.2
156480,4-5-6,871.4
156480,5-4-6,816.4
156480,6-4-5,3453
156480,1-6-2,308.7
156480,2-6-1,852.2
156480,3-6-1,494.9
156480,4-6-1,1814
156480,5-6-1,481.6
156480,6-5-1,1602
156480,1-6-3,359.4
156480,2-6-3,787.5
156480,3-6-2,525.5
156480,4-6-2,2319
156480,5-6-2,438.9
156480,6-5-2,2000
156480,1-6-4,576.9
156480,2-6-4,1772
156480,3-6-4,901.7
156480,4-6-3,2128
156480,5-6-3,500.2
156480,6-5-3,1613
156480,1-6-5,358.3
156480,2-6-5,677.6
156480,3-6-5,405
156480,4-6-5,1902
156480,5-6-4,961.2
156480,6-5-4,2590
156481,1-2-3,42.9
156481,2-1-3,284.9
156481,3-1-2,519.2
156481,4-1-2,168.9
156481,5-1-2,348.6
156481,6-1-2,15.7
156481,1-2-4,36
156481,2-1-4,243.7
156481,3-1-4,641.2
156481,4-1-3,384.4
156481,5-1-3,709.3
156481,6-1-3,69.7
156481,1-2-5,37.3
156481,2-1-5,253.4
156481,3-1-5,737.7
156481,4-1-5,199.2
156481,5-1-4,365.6
156481,6-1-4,16.8
156481,1-2-6,10.5
156481,2-1-6,89.8
156481,3-1-6,327.4
156481,4-1-6,76.1
156481,5-1-6,120.8
156481,6-1-5,22.7
156481,1-3-2,68.1
156481,2-3-1,568.2
156481,3-2-1,653.3
156481,4-2-1,304.2
156481,5-2-1,596.3
156481,6-2-1,40.8
156481,1-3-4,108.5
156481,2-3-4,977.1
156481,3-2-4,1099
156481,4-2-3,869.7
156481,5-2-3,1341
156481,6-2-3,224.7
156481,1-3-5,126.9
156481,2-3-5,1196
156481,3-2-5,1315
156481,4-2-5,636.8
156481,5-2-4,1149
156481,6-2-4,70.4
156481,1-3-6,41.9
156481,2-3-6,621.1
156481,3-2-6,735.7
156481,4-2-6,238.2
156481,5-2-6,440.4
156481,6-2-5,108.6
156481,1-4-2,55.4
156481,2-4-1,470.7
156481,3-4-1,1322
156481,4-3-1,806.4
156481,5-3-1,1505
156481,6-3-1,196.6
156481,1-4-3,140.7
156481,2-4-3,1273
156481,3-4-2,1736
156481,4-3-2,1183
156481,5-3-2,1992
156481,6-3-2,270.5
156481,1-4-5,78.4
156481,2-4-5,813.5
156481,3-4-5,1910
156481,4-3-5,1522
156481,5-3-4,2181
156481,6-3-4,188.9
156481,1-4-6,21.2
156481,2-4-6,341.7
156481,3-4-6,963.5
156481,4-3-6,680.6
156481,5-3-6,1406
156481,6-3-5,435.9
156481,1-5-2,57.4
156481,2-5-1,498.2
156481,3-5-1,1276
156481,4-5-1,371
156481,5-4-1,571.7
156481,6-4-1,31.8
156481,1-5-3,147.3
156481,2-5-3,1543
156481,3-5-2,1694
156481,4-5-2,773.7
156481,5-4-2,1214
156481,6-4-2,51.3
156481,1-5-4,84.7
156481,2-5-4,1024
156481,3-5-4,2036
156481,4-5-3,1420
156481,5-4-3,1834
156481,6-4-3,166.8
156481,1-5-6,22.7
156481,2-5-6,377.4
156481,3-5-6,1285
156481,4-5-6,280.5
156481,5-4-6,383.6
156481,6-4-5,83.3
156481,1-6-2,6.9
156481,2-6-1,104.7
156481,3-6-1,368.3
156481,4-6-1,79.6
156481,5-6-1,114.6
156481,6-5-1,54.1
156481,1-6-3,26.6
156481,2-6-3,417.8
156481,3-6-2,535.8
156481,4-6-2,144.5
156481,5-6-2,297.7
156481,6-5-2,124.3
156481,1-6-4,9.8
156481,2-6-4,222.5
156481,3-6-4,439.7
156481,4-6-3,395.7
156481,5-6-3,718.5
156481,6-5-3,389.3
156481,1-6-5,11.2
156481,2-6-5,245.4
156481,3-6-5,872.4
156481,4-6-5,172.5
156481,5-6-4,230.4
156481,6-5-4,107.8
156482,1-2-3,4.8
156482,2-1-3,7.5
156482,3-1-2,19.1
156482,4-1-2,477.4
156482,5-1-2,627.4
156482,6-1-2,2692
156482,1-2-4,19.3
156482,2-1-4,28.2
156482,3-1-4,50.5
156482,4-1-3,520.4
156482,5-1-3,775.1
156482,6-1-3,2719
156482,1-2-5,26.8
156482,2-1-5,34
156482,3-1-5,63
156482,4-1-5,911.7
156482,5-1-4,1794
156482,6-1-4,3794
156482,1-2-6,379.2
156482,2-1-6,416.9
156482,3-1-6,640.5
156482,4-1-6,2136
156482,5-1-6,3334
156482,6-1-5,4715
156482,1-3-2,7.3
156482,2-3-1,10
156482,3-2-1,18.1
156482,4-2-1,513.4
156482,5-2-1,626.4
156482,6-2-1,3655
156482,1-3-4,25.4
156482,2-3-4,17.5
156482,3-2-4,20.5
156482,4-2-3,375.1
156482,5-2-3,353.5
156482,6-2-3,3449
156482,1-3-5,33.3
156482,2-3-5,23.4
156482,3-2-5,32
156482,4-2-5,836.1
156482,5-2-4,1325
156482,6-2-4,5384
156482,1-3-6,472.9
156482,2-3-6,403.2
156482,3-2-6,496.4
156482,4-2-6,2130
156482,5-2-6,2587
156482,6-2-5,5533
156482,1-4-2,74.9
156482,2-4-1,102.5
156482,3-4-1,124.3
156482,4-3-1,653.6
156482,5-3-1,847.7
156482,6-3-1,4632
156482,1-4-3,89
156482,2-4-3,72.2
156482,3-4-2,70.6
156482,4-3-2,394
156482,5-3-2,371.3
156482,6-3-2,4800
156482,1-4-5,210.1
156482,2-4-5,191.5
156482,3-4-5,166.9
156482,4-3-5,842.3
156482,5-3-4,1184
156482,6-3-4,4980
156482,1-4-6,694.1
156482,2-4-6,931.9
156482,3-4-6,992.3
156482,4-3-6,2219
156482,5-3-6,2701
156482,6-3-5,5572
156482,1-5-2,118.7
156482,2-5-1,131.7
156482,3-5-1,181.8
156482,4-5-1,1430
156482,5-4-1,2505
156482,6-4-1,4659
156482,1-5-3,129.3
156482,2-5-3,88
156482,3-5-2,109.5
156482,4-5-2,1184
156482,5-4-2,1747
156482,6-4-2,5774
156482,1-5-4,336.3
156482,2-5-4,271.2
156482,3-5-4,282.7
156482,4-5-3,1339
156482,5-4-3,2043
156482,6-4-3,6752
156482,1-5-6,1184
156482,2-5-6,1094
156482,3-5-6,1201
156482,4-5-6,2467
156482,5-4-6,4743
156482,6-4-5,3758
156482,1-6-2,1330
156482,2-6-1,1888
156482,3-6-1,2385
156482,4-6-1,3573
156482,5-6-1,5075
156482,6-5-1,6531
156482,1-6-3,1755
156482,2-6-3,1857
156482,3-6-2,2276
156482,4-6-2,3573
156482,5-6-2,5312
156482,6-5-2,6129
156482,1-6-4,1547
156482,2-6-4,2171
156482,3-6-4,3348
156482,4-6-3,5140
156482,5-6-3,5774
156482,6-5-3,5495
156482,1-6-5,2323
156482,2-6-5,2113
156482,3-6-5,2747
156482,4-6-5,4687
156482,5-6-4,5651
156482,6-5-4,5075
156483,1-2-3,27.9
156483,2-1-3,269.8
156483,3-1-2,62
156483,4-1-2,660.8
156483,5-1-2,1114
156483,6-1-2,106.4
156483,1-2-4,82.9
156483,2-1-4,571.8
156483,3-1-4,27.1
156483,4-1-3,254.9
156483,5-1-3,503.6
156483,6-1-3,27.9
156483,1-2-5,164.2
156483,2-1-5,916.5
156483,3-1-5,51.2
156483,4-1-5,724.9
156483,5-1-4,1316
156483,6-1-4,90.3
156483,1-2-6,39.3
156483,2-1-6,345
156483,3-1-6,9.9
156483,4-1-6,224.1
156483,5-1-6,520.7
156483,6-1-5,189.2
156483,1-3-2,14.5
156483,2-3-1,417.4
156483,3-2-1,198.4
156483,4-2-1,1003
156483,5-2-1,1504
156483,6-2-1,254.1
156483,1-3-4,12.5
156483,2-3-4,984.4
156483,3-2-4,405.6
156483,4-2-3,934.4
156483,5-2-3,917.7
156483,6-2-3,257.8
156483,1-3-5,31.2
156483,2-3-5,1107
156483,3-2-5,487.5
156483,4-2-5,1467
156483,5-2-4,1657
156483,6-2-4,525.3
156483,1-3-6,4.6
156483,2-3-6,484.5
156483,3-2-6,152.5
156483,4-2-6,902.7
156483,5-2-6,1007
156483,6-2-5,823.9
156483,1-4-2,117.6
156483,2-4-1,1049
156483,3-4-1,90.6
156483,4-3-1,296.9
156483,5-3-1,637.3
156483,6-3-1,33.7
156483,1-4-3,39.7
156483,2-4-3,1297
156483,3-4-2,363.5
156483,4-3-2,844.3
156483,5-3-2,1046
156483,6-3-2,156.1
156483,1-4-5,186.3
156483,2-4-5,1550
156483,3-4-5,237
156483,4-3-5,796.5
156483,5-3-4,1259
156483,6-3-4,92.2
156483,1-4-6,37
156483,2-4-6,1072
156483,3-4-6,64.1
156483,4-3-6,210.5
156483,5-3-6,521.1
156483,6-3-5,197.8
156483,1-5-2,251.7
156483,2-5-1,1812
156483,3-5-1,183.2
156483,4-5-1,1102
156483,5-4-1,1688
156483,6-4-1,210.3
156483,1-5-3,116.4
156483,2-5-3,1577
156483,3-5-2,503.6
156483,4-5-2,1485
156483,5-4-2,2074
156483,6-4-2,533.9
156483,1-5-4,285.9
156483,2-5-4,2062
156483,3-5-4,317.2
156483,4-5-3,1097
156483,5-4-3,1476
156483,6-4-3,194.6
156483,1-5-6,127.1
156483,2-5-6,1668
156483,3-5-6,121.7
156483,4-5-6,674.4
156483,5-4-6,1019
156483,6-4-5,409.3
156483,1-6-2,37.7
156483,2-6-1,555
156483,3-6-1,18
156483,4-6-1,258.7
156483,5-6-1,666.3
156483,6-5-1,453
156483,1-6-3,8.5
156483,2-6-3,613.9
156483,3-6-2,93.2
156483,4-6-2,683.4
156483,5-6-2,1263
156483,6-5-2,962
156483,1-6-4,29.4
156483,2-6-4,1102
156483,3-6-4,43.3
156483,4-6-3,243.3
156483,5-6-3,523.4
156483,6-5-3,382.5
156483,1-6-5,73
156483,2-6-5,1415
156483,3-6-5,77.7
156483,4-6-5,533.1
156483,5-6-4,857.4
156483,6-5-4,561.9
156484,1-2-3,36.2
156484,2-1-3,339.8
156484,3-1-2,217.3
156484,4-1-2,121.2
156484,5-1-2,185.9
156484,6-1-2,364.3
156484,1-2-4,33.8
156484,2-1-4,364.3
156484,3-1-4,54.6
156484,4-1-3,58.9
156484,5-1-3,81.8
156484,6-1-3,263.9
156484,1-2-5,40.4
156484,2-1-5,386.4
156484,3-1-5,47.2
156484,4-1-5,35.2
156484,5-1-4,72.2
156484,6-1-4,257.1
156484,1-2-6,77.4
156484,2-1-6,553.2
156484,3-1-6,123.8
156484,4-1-6,85.5
156484,5-1-6,109.3
156484,6-1-5,216.6
156484,1-3-2,26.3
156484,2-3-1,658.3
156484,3-2-1,440.5
156484,4-2-1,345.2
156484,5-2-1,388.9
156484,6-2-1,731.3
156484,1-3-4,8.5
156484,2-3-4,1093
156484,3-2-4,643.8
156484,4-2-3,711
156484,5-2-3,508.4
156484,6-2-3,1138
156484,1-3-5,8.1
156484,2-3-5,886.8
156484,3-2-5,441.9
156484,4-2-5,558.5
156484,5-2-4,783.1
156484,6-2-4,1246
156484,1-3-6,27.9
156484,2-3-6,1578
156484,3-2-6,857
156484,4-2-6,715.9
156484,5-2-6,694.1
156484,6-2-5,1327
156484,1-4-2,26.6
156484,2-4-1,561.5
156484,3-4-1,97.9
156484,4-3-1,132.2
156484,5-3-1,165.8
156484,6-3-1,497.9
156484,1-4-3,12.6
156484,2-4-3,1362
156484,3-4-2,497.3
156484,4-3-2,606.5
156484,5-3-2,643.8
156484,6-3-2,1353
156484,1-4-5,9.5
156484,2-4-5,1141
156484,3-4-5,108.8
156484,4-3-5,167.4
156484,5-3-4,303
156484,6-3-4,817.6
156484,1-4-6,25.6
156484,2-4-6,1400
156484,3-4-6,223.2
156484,4-3-6,328.1
156484,5-3-6,388.2
156484,6-3-5,933.3
156484,1-5-2,37.5
156484,2-5-1,711
156484,3-5-1,110.6
156484,4-5-1,56.8
156484,5-4-1,109.4
156484,6-4-1,423.2
156484,1-5-3,15.1
156484,2-5-3,1096
156484,3-5-2,360.5
156484,4-5-2,263.2
156484,5-4-2,482.1
156484,6-4-2,1084
156484,1-5-4,16
156484,2-5-4,1349
156484,3-5-4,142.2
156484,4-5-3,142.9
156484,5-4-3,240.6
156484,6-4-3,871.6
156484,1-5-6,25.1
156484,2-5-6,1367
156484,3-5-6,248.2
156484,4-5-6,103.8
156484,5-4-6,193.6
156484,6-4-5,474.2
156484,1-6-2,123.8
156484,2-6-1,1250
156484,3-6-1,352.7
156484,4-6-1,188.7
156484,5-6-1,207.2
156484,6-5-1,318.8
156484,1-6-3,69.8
156484,2-6-3,2004
156484,3-6-2,1132
156484,4-6-2,623.2
156484,5-6-2,689.4
156484,6-5-2,1045
156484,1-6-4,62.5
156484,2-6-4,1849
156484,3-6-4,514.2
156484,4-6-3,511
156484,5-6-3,411.7
156484,6-5-3,771.3
156484,1-6-5,55.3
156484,2-6-5,1866
156484,3-6-5,548
156484,4-6-5,202.4
156484,5-6-4,307.1
156484,6-5-4,437.2
156485,1-2-3,5.6
156485,2-1-3,25.5
156485,3-1-2,35.5
156485,4-1-2,117.3
156485,5-1-2,363.8
156485,6-1-2,1560
156485,1-2-4,9.2
156485,2-1-4,34.7
156485,3-1-4,30.7
156485,4-1-3,104.6
156485,5-1-3,253.3
156485,6-1-3,1516
156485,1-2-5,27.4
156485,2-1-5,94.7
156485,3-1-5,52.1
156485,4-1-5,199.9
156485,5-1-4,419.3
156485,6-1-4,2279
156485,1-2-6,56.7
156485,2-1-6,176.6
156485,3-1-6,133.1
156485,4-1-6,348.1
156485,5-1-6,840.5
156485,6-1-5,2559
156485,1-3-2,6.5
156485,2-3-1,66.8
156485,3-2-1,86.6
156485,4-2-1,192.4
156485,5-2-1,588.8
156485,6-2-1,1937
156485,1-3-4,7.9
156485,2-3-4,100.3
156485,3-2-4,120.8
156485,4-2-3,260.2
156485,5-2-3,628.8
156485,6-2-3,2385
156485,1-3-5,17.2
156485,2-3-5,223.9
156485,3-2-5,225.5
156485,4-2-5,525.3
156485,5-2-4,1088
156485,6-2-4,3237
156485,1-3-6,46.2
156485,2-3-6,436.2
156485,3-2-6,410.6
156485,4-2-6,706.9
156485,5-2-6,1524
156485,6-2-5,3551
156485,1-4-2,17.3
156485,2-4-1,110.5
156485,3-4-1,77.4
156485,4-3-1,159.9
156485,5-3-1,460.8
156485,6-3-1,2251
156485,1-4-3,14
156485,2-4-3,156.6
156485,3-4-2,122.7
156485,4-3-2,255.4
156485,5-3-2,664.8
156485,6-3-2,3003
156485,1-4-5,45.2
156485,2-4-5,343.5
156485,3-4-5,173.2
156485,4-3-5,373.5
156485,5-3-4,616.1
156485,6-3-4,3013
156485,1-4-6,75
156485,2-4-6,502
156485,3-4-6,256.1
156485,4-3-6,479.6
156485,5-3-6,1398
156485,6-3-5,3817
156485,1-5-2,55.4
156485,2-5-1,390.7
156485,3-5-1,225.8
156485,4-5-1,383.5
156485,5-4-1,841.3
156485,6-4-1,3272
156485,1-5-3,44.6
156485,2-5-3,514.1
156485,3-5-2,364.4
156485,4-5-2,598.8
156485,5-4-2,1151
156485,6-4-2,3770
156485,1-5-4,95
156485,2-5-4,705.8
156485,3-5-4,389.5
156485,4-5-3,550.9
156485,5-4-3,764.1
156485,6-4-3,3664
156485,1-5-6,215.5
156485,2-5-6,1255
156485,3-5-6,672.6
156485,4-5-6,731.7
156485,5-4-6,1487
156485,6-4-5,3105
156485,1-6-2,337.5
156485,2-6-1,1041
156485,3-6-1,781
156485,4-6-1,1221
156485,5-6-1,1641
156485,6-5-1,3724
156485,1-6-3,237.6
156485,2-6-3,1473
156485,3-6-2,1139
156485,4-6-2,1545
156485,5-6-2,2559
156485,6-5-2,4183
156485,1-6-4,452.4
156485,2-6-4,1630
156485,3-6-4,951.4
156485,4-6-3,1558
156485,5-6-3,2218
156485,6-5-3,3983
156485,1-6-5,573.3
156485,2-6-5,1916
156485,3-6-5,1379
156485,4-6-5,1477
156485,5-6-4,2279
156485,6-5-4,3343
156486,1-2-3,14.3
156486,2-1-3,79
156486,3-1-2,122.2
156486,4-1-2,42
156486,5-1-2,206
156486,6-1-2,458.2
156486,1-2-4,10
156486,2-1-4,62.2
156486,3-1-4,76.8
156486,4-1-3,51.6
156486,5-1-3,218.5
156486,6-1-3,501.2
156486,1-2-5,24.2
156486,2-1-5,124.4
156486,3-1-5,123.6
156486,4-1-5,47.4
156486,5-1-4,170.1
156486,6-1-4,316.2
156486,1-2-6,31.4
156486,2-1-6,136.4
156486,3-1-6,163.1
156486,4-1-6,50.5
156486,5-1-6,194.7
156486,6-1-5,424
156486,1-3-2,18.9
156486,2-3-1,182.7
156486,3-2-1,204.7
156486,4-2-1,101.8
156486,5-2-1,386.1
156486,6-2-1,648.9
156486,1-3-4,11
156486,2-3-4,240.9
156486,3-2-4,238.7
156486,4-2-3,205.4
156486,5-2-3,359.4
156486,6-2-3,1056
156486,1-3-5,23.5
156486,2-3-5,296.8
156486,3-2-5,302
156486,4-2-5,218.7
156486,5-2-4,532.8
156486,6-2-4,793.4
156486,1-3-6,32.1
156486,2-3-6,499.8
156486,3-2-6,465.8
156486,4-2-6,204.9
156486,5-2-6,504
156486,6-2-5,903.9
156486,1-4-2,10.6
156486,2-4-1,112.5
156486,3-4-1,117
156486,4-3-1,111
156486,5-3-1,424
156486,6-3-1,768.2
156486,1-4-3,13
156486,2-4-3,233
156486,3-4-2,240.1
156486,4-3-2,233.9
156486,5-3-2,491
156486,6-3-2,1195
156486,1-4-5,19.9
156486,2-4-5,291.1
156486,3-4-5,266.2
156486,4-3-5,264.6
156486,5-3-4,680.5
156486,6-3-4,741.6
156486,1-4-6,18.8
156486,2-4-6,304
156486,3-4-6,233.3
156486,4-3-6,231.3
156486,5-3-6,746.1
156486,6-3-5,1084
156486,1-5-2,41.7
156486,2-5-1,290.9
156486,3-5-1,290
156486,4-5-1,81.3
156486,5-4-1,241.4
156486,6-4-1,384.9
156486,1-5-3,41.4
156486,2-5-3,415.7
156486,3-5-2,407.3
156486,4-5-2,176.3
156486,5-4-2,493
156486,6-4-2,807.5
156486,1-5-4,43.2
156486,2-5-4,451.9
156486,3-5-4,470.1
156486,4-5-3,221
156486,5-4-3,576.8
156486,6-4-3,788.2
156486,1-5-6,48.5
156486,2-5-6,472.5
156486,3-5-6,422
156486,4-5-6,100.7
156486,5-4-6,295.4
156486,6-4-5,681.7
156486,1-6-2,80.8
156486,2-6-1,402.4
156486,3-6-1,392.8
156486,4-6-1,103.2
156486,5-6-1,367
156486,6-5-1,579.5
156486,1-6-3,88.2
156486,2-6-3,958.8
156486,3-6-2,788.2
156486,4-6-2,248.3
156486,5-6-2,627.6
156486,6-5-2,1012
156486,1-6-4,61.1
156486,2-6-4,657.1
156486,3-6-4,489.7
156486,4-6-3,263.5
156486,5-6-3,664.3
156486,6-5-3,1017
156486,1-6-5,85.7
156486,2-6-5,664.3
156486,3-6-5,676.7
156486,4-6-5,161.2
156486,5-6-4,432
156486,6-5-4,693.4
156487,1-2-3,10
156487,2-1-3,106.7
156487,3-1-2,129
156487,4-1-2,67.9
156487,5-1-2,80.8
156487,6-1-2,1603
156487,1-2-4,5.1
156487,2-1-4,62.5
156487,3-1-4,82
156487,4-1-3,100.7
156487,5-1-3,99.1
156487,6-1-3,3014
156487,1-2-5,6.6
156487,2-1-5,73.9
156487,3-1-5,128.3
156487,4-1-5,80.1
156487,5-1-4,84.5
156487,6-1-4,1884
156487,1-2-6,214
156487,2-1-6,456.7
156487,3-1-6,753.6
156487,4-1-6,534.4
156487,5-1-6,554.1
156487,6-1-5,3014
156487,1-3-2,16.5
156487,2-3-1,301.4
156487,3-2-1,224.9
156487,4-2-1,120.5
156487,5-2-1,162.4
156487,6-2-1,2512
156487,1-3-4,19.2
156487,2-3-4,287.6
156487,3-2-4,311.4
156487,4-2-3,337.9
156487,5-2-3,355.4
156487,6-2-3,3966
156487,1-3-5,23.8
156487,2-3-5,468
156487,3-2-5,416.3
156487,4-2-5,302.6
156487,5-2-4,270.1
156487,6-2-4,4710
156487,1-3-6,322
156487,2-3-6,1177
156487,3-2-6,1477
156487,4-2-6,919
156487,5-2-6,1345
156487,6-2-5,3768
156487,1-4-2,10.5
156487,2-4-1,126.2
156487,3-4-1,133.8
156487,4-3-1,163.1
156487,5-3-1,268.1
156487,6-3-1,7536
156487,1-4-3,24.8
156487,2-4-3,350.5
156487,3-4-2,247.9
156487,4-3-2,352.1
156487,5-3-2,445.9
156487,6-3-2,6851
156487,1-4-5,18.3
156487,2-4-5,414
156487,3-4-5,308.8
156487,4-3-5,378.7
156487,5-3-4,425.7
156487,6-3-4,4710
156487,1-4-6,257.2
156487,2-4-6,1159
156487,3-4-6,801.7
156487,4-3-6,876.3
156487,5-3-6,1884
156487,6-3-5,8373
156487,1-5-2,9.9
156487,2-5-1,197.2
156487,3-5-1,276
156487,4-5-1,179
156487,5-4-1,189.3
156487,6-4-1,3276
156487,1-5-3,20.6
156487,2-5-3,558.2
156487,3-5-2,453.9
156487,4-5-2,348.8
156487,5-4-2,336.4
156487,6-4-2,5383
156487,1-5-4,12.7
156487,2-5-4,462.3
156487,3-5-4,396.6
156487,4-5-3,476.9
156487,5-4-3,440.7
156487,6-4-3,5797
156487,1-5-6,267.2
156487,2-5-6,2036
156487,3-5-6,3140
156487,4-5-6,1277
156487,5-4-6,1215
156487,6-4-5,6851
156487,1-6-2,907.9
156487,2-6-1,2791
156487,3-6-1,1794
156487,4-6-1,1507
156487,5-6-1,1603
156487,6-5-1,3768
156487,1-6-3,1046
156487,2-6-3,3966
156487,3-6-2,4433
156487,4-6-2,2791
156487,5-6-2,1159
156487,6-5-2,4433
156487,1-6-4,1061
156487,2-6-4,4710
156487,3-6-4,3140
156487,4-6-3,2283
156487,5-6-3,2598
156487,6-5-3,5797
156487,1-6-5,966.1
156487,2-6-5,4433
156487,3-6-5,3588
156487,4-6-5,2898
156487,5-6-4,2898
156487,6-5-4,5383
156488,1-2-3,13.3
156488,2-1-3,45.1
156488,3-1-2,28
156488,4-1-2,191.5
156488,5-1-2,176.2
156488,6-1-2,1380
156488,1-2-4,29.8
156488,2-1-4,78.8
156488,3-1-4,25.2
156488,4-1-3,144.3
156488,5-1-3,72.5
156488,6-1-3,1565
156488,1-2-5,29.2
156488,2-1-5,93.2
156488,3-1-5,11.2
156488,4-1-5,168.5
156488,5-1-4,175.8
156488,6-1-4,3540
156488,1-2-6,282.7
156488,2-1-6,848.1
156488,3-1-6,298.2
156488,4-1-6,1809
156488,5-1-6,701.9
156488,6-1-5,1893
156488,1-3-2,9.2
156488,2-3-1,75.4
156488,3-2-1,63.7
156488,4-2-1,258.4
156488,5-2-1,301.5
156488,6-2-1,2035
156488,1-3-4,11
156488,2-3-4,110.3
156488,3-2-4,59.5
156488,4-2-3,218.8
156488,5-2-3,309.6
156488,6-2-3,2035
156488,1-3-5,6.5
156488,2-3-5,92.5
156488,3-2-5,42.3
156488,4-2-5,262.6
156488,5-2-4,493.4
156488,6-2-4,1893
156488,1-3-6,215.4
156488,2-3-6,1100
156488,3-2-6,621.5
156488,4-2-6,2394
156488,5-2-6,2035
156488,6-2-5,3701
156488,1-4-2,57.1
156488,2-4-1,206.1
156488,3-4-1,52.3
156488,4-3-1,139.4
156488,5-3-1,80.9
156488,6-3-1,1696
156488,1-4-3,34.8
156488,2-4-3,192
156488,3-4-2,76.8
156488,4-3-2,144.1
156488,5-3-2,230
156488,6-3-2,2087
156488,1-4-5,53.5
156488,2-4-5,246.7
156488,3-4-5,34.1
156488,4-3-5,50.9
156488,5-3-4,137
156488,6-3-4,2394
156488,1-4-6,553.9
156488,2-4-6,1696
156488,3-4-6,421.8
156488,4-3-6,768.1
156488,5-3-6,814.2
156488,6-3-5,2142
156488,1-5-2,42.9
156488,2-5-1,224.9
156488,3-5-1,26.7
156488,4-5-1,140.6
156488,5-4-1,252.8
156488,6-4-1,4523
156488,1-5-3,19.3
156488,2-5-3,189.8
156488,3-5-2,54.6
156488,4-5-2,173.2
156488,5-4-2,426.3
156488,6-4-2,3392
156488,1-5-4,56
156488,2-5-4,350.9
156488,3-5-4,45.9
156488,4-5-3,59.8
156488,5-4-3,168.5
156488,6-4-3,3877
156488,1-5-6,328.3
156488,2-5-6,1732
156488,3-5-6,384
156488,4-5-6,508.9
156488,5-4-6,1043
156488,6-4-5,3131
156488,1-6-2,914.8
156488,2-6-1,2626
156488,3-6-1,1197
156488,4-6-1,3015
156488,5-6-1,2394
156488,6-5-1,3015
156488,1-6-3,925.2
156488,2-6-3,2200
156488,3-6-2,1696
156488,4-6-2,2035
156488,5-6-2,1100
156488,6-5-2,2326
156488,1-6-4,1809
156488,2-6-4,1893
156488,3-6-4,1770
156488,4-6-3,4071
156488,5-6-3,2035
156488,6-5-3,2908
156488,1-6-5,1403
156488,2-6-5,1732
156488,3-6-5,935.9
156488,4-6-5,1938
156488,5-6-4,2626
156488,6-5-4,3540
156489,1-2-3,7.7
156489,2-1-3,15.8
156489,3-1-2,10.3
156489,4-1-2,388.4
156489,5-1-2,681.9
156489,6-1-2,1154
156489,1-2-4,34.7
156489,2-1-4,59.3
156489,3-1-4,24.7
156489,4-1-3,367
156489,5-1-3,533.4
156489,6-1-3,975.7
156489,1-2-5,51.7
156489,2-1-5,80
156489,3-1-5,33.8
156489,4-1-5,1008
156489,5-1-4,1154
156489,6-1-4,2727
156489,1-2-6,152.3
156489,2-1-6,179.9
156489,3-1-6,82.5
156489,4-1-6,1052
156489,5-1-6,1165
156489,6-1-5,2609
156489,1-3-2,6.2
156489,2-3-1,16.8
156489,3-2-1,13.9
156489,4-2-1,401.3
156489,5-2-1,638.3
156489,6-2-1,1666
156489,1-3-4,15.4
156489,2-3-4,32.2
156489,3-2-4,21.8
156489,4-2-3,302.3
156489,5-2-3,456.3
156489,6-2-3,876
156489,1-3-5,24.8
156489,2-3-5,41.6
156489,3-2-5,29.2
156489,4-2-5,895.6
156489,5-2-4,1101
156489,6-2-4,2353
156489,1-3-6,63.3
156489,2-3-6,78.9
156489,3-2-6,66.9
156489,4-2-6,967.8
156489,5-2-6,794.8
156489,6-2-5,1905
156489,1-4-2,71.4
156489,2-4-1,132.6
156489,3-4-1,50
156489,4-3-1,298.5
156489,5-3-1,487.8
156489,6-3-1,1132
156489,1-4-3,60.1
156489,2-4-3,102.9
156489,3-4-2,41.3
156489,4-3-2,260.9
156489,5-3-2,438
156489,6-3-2,845.1
156489,1-4-5,175.9
156489,2-4-5,209.4
156489,3-4-5,67
156489,4-3-5,502.1
156489,5-3-4,800.1
156489,6-3-4,1363
156489,1-4-6,361.4
156489,2-4-6,433.2
156489,3-4-6,135.4
156489,4-3-6,512.8
156489,5-3-6,754.8
156489,6-3-5,1846
156489,1-5-2,186.3
156489,2-5-1,217
156489,3-5-1,91.7
156489,4-5-1,1052
156489,5-4-1,2222
156489,6-4-1,3333
156489,1-5-3,151.1
156489,2-5-3,146.7
156489,3-5-2,69.8
156489,4-5-2,945
156489,5-4-2,2034
156489,6-4-2,2553
156489,1-5-4,334.3
156489,2-5-4,328.8
156489,3-5-4,100.8
156489,4-5-3,805.4
156489,5-4-3,1558
156489,6-4-3,1875
156489,1-5-6,508.5
156489,2-5-6,398.7
156489,3-5-6,193.8
156489,4-5-6,1379
156489,5-4-6,2667
156489,6-4-5,3529
156489,1-6-2,582.6
156489,2-6-1,754.8
156489,3-6-1,277.8
156489,4-6-1,2553
156489,5-6-1,2105
156489,6-5-1,3636
156489,1-6-3,428.6
156489,2-6-3,362.5
156489,3-6-2,221.8
156489,4-6-2,1791
156489,5-6-2,1025
156489,6-5-2,2609
156489,1-6-4,975.7
156489,2-6-4,909.2
156489,3-6-4,271.5
156489,4-6-3,1237
156489,5-6-3,1188
156489,6-5-3,2182
156489,1-6-5,769.3
156489,2-6-5,618.6
156489,3-6-5,320
156489,4-6-5,2308
156489,5-6-4,1818
156489,6-5-4,3429
156490,1-2-3,12.1
156490,2-1-3,93.2
156490,3-1-2,11.8
156490,4-1-2,561.8
156490,5-1-2,131.5
156490,6-1-2,2288
156490,1-2-4,66
156490,2-1-4,317
156490,3-1-4,43.5
156490,4-1-3,605
156490,5-1-3,66
156490,6-1-3,762.7
156490,1-2-5,39.2
156490,2-1-5,193
156490,3-1-5,9.5
156490,4-1-5,585.3
156490,5-1-4,371.2
156490,6-1-4,3401
156490,1-2-6,189.2
156490,2-1-6,1057
156490,3-1-6,55.9
156490,4-1-6,1187
156490,5-1-6,278.4
156490,6-1-5,1655
156490,1-3-2,4
156490,2-3-1,163.6
156490,3-2-1,57.4
156490,4-2-1,610.9
156490,5-2-1,223.9
156490,6-2-1,1906
156490,1-3-4,18.4
156490,2-3-4,542.4
156490,3-2-4,270.6
156490,4-2-3,1516
156490,5-2-3,240.6
156490,6-2-3,1634
156490,1-3-5,4.2
156490,2-3-5,229.6
156490,3-2-5,89.6
156490,4-2-5,1338
156490,5-2-4,856.1
156490,6-2-4,4840
156490,1-3-6,25.1
156490,2-3-6,1075
156490,3-2-6,377.9
156490,4-2-6,3311
156490,5-2-6,1210
156490,6-2-5,4494
156490,1-4-2,100.9
156490,2-4-1,610.9
156490,3-4-1,204.9
156490,4-3-1,662.3
156490,5-3-1,72.6
156490,6-3-1,1271
156490,1-4-3,88.4
156490,2-4-3,1176
156490,3-4-2,373.4
156490,4-3-2,1414
156490,5-3-2,175.5
156490,6-3-2,3932
156490,1-4-5,117.8
156490,2-4-5,1006
156490,3-4-5,227.9
156490,4-3-5,758.1
156490,5-3-4,394.5
156490,6-3-4,4059
156490,1-4-6,487.8
156490,2-4-6,3146
156490,3-4-6,703
156490,4-3-6,1700
156490,5-3-6,348.6
156490,6-3-5,2568
156490,1-5-2,42.9
156490,2-5-1,382.5
156490,3-5-1,28
156490,4-5-1,655.4
156490,5-4-1,817.2
156490,6-4-1,5471
156490,1-5-3,17.2
156490,2-5-3,489.7
156490,3-5-2,87.2
156490,4-5-2,1133
156490,5-4-2,932.2
156490,6-4-2,5720
156490,1-5-4,90
156490,2-5-4,1113
156490,3-5-4,156.7
156490,4-5-3,839
156490,5-4-3,850.3
156490,6-4-3,6292
156490,1-5-6,118.8
156490,2-5-6,1678
156490,3-5-6,143.5
156490,4-5-6,983.2
156490,5-4-6,1084
156490,6-4-5,2926
156490,1-6-2,827.9
156490,2-6-1,3813
156490,3-6-1,352.5
156490,4-6-1,3069
156490,5-6-1,691.5
156490,6-5-1,1655
156490,1-6-3,306.2
156490,2-6-3,3311
156490,3-6-2,946.2
156490,4-6-2,3595
156490,5-6-2,1066
156490,6-5-2,2996
156490,1-6-4,1144
156490,2-6-4,4195
156490,3-6-4,1176
156490,4-6-3,4339
156490,5-6-3,703
156490,6-5-3,2735
156490,1-6-5,501.4
156490,2-6-5,1700
156490,3-6-5,497.4
156490,4-6-5,1850
156490,5-6-4,1634
156490,6-5-4,2621
156491,1-2-3,7.8
156491,2-1-3,156.5
156491,3-1-2,199.3
156491,4-1-2,117.5
156491,5-1-2,1172
156491,6-1-2,171.7
156491,1-2-4,5.4
156491,2-1-4,94.2
156491,3-1-4,148.8
156491,4-1-3,253.7
156491,5-1-3,1910
156491,6-1-3,308
156491,1-2-5,138.1
156491,2-1-5,594.5
156491,3-1-5,639.2
156491,4-1-5,717.4
156491,5-1-4,2297
156491,6-1-4,180.1
156491,1-2-6,7.5
156491,2-1-6,140.1
156491,3-1-6,198.8
156491,4-1-6,130.1
156491,5-1-6,1954
156491,6-1-5,894.9
156491,1-3-2,11.6
156491,2-3-1,426.1
156491,3-2-1,405.8
156491,4-2-1,269.4
156491,5-2-1,1634
156491,6-2-1,403.8
156491,1-3-4,10.5
156491,2-3-4,674.7
156491,3-2-4,578.3
156491,4-2-3,825.4
156491,5-2-3,2297
156491,6-2-3,1006
156491,1-3-5,167.6
156491,2-3-5,1848
156491,3-2-5,1328
156491,4-2-5,1574
156491,5-2-4,2656
156491,6-2-4,787.2
156491,1-3-6,13.7
156491,2-3-6,752.3
156491,3-2-6,646.5
156491,4-2-6,541.5
156491,5-2-6,3269
156491,6-2-5,1604
156491,1-4-2,9.5
156491,2-4-1,272
156491,3-4-1,379.5
156491,4-3-1,446.2
156491,5-3-1,2931
156491,6-3-1,646.5
156491,1-4-3,16
156491,2-4-3,821.4
156491,3-4-2,664.2
156491,4-3-2,1180
156491,5-3-2,3542
156491,6-3-2,1180
156491,1-4-5,177.8
156491,2-4-5,1700
156491,3-4-5,1808
156491,4-3-5,2237
156491,5-3-4,3864
156491,6-3-4,1133
156491,1-4-6,9.7
156491,2-4-6,468.4
156491,3-4-6,491.4
156491,4-3-6,736
156491,5-3-6,4858
156491,6-3-5,3036
156491,1-5-2,352.7
156491,2-5-1,1545
156491,3-5-1,1667
156491,4-5-1,2656
156491,5-4-1,4147
156491,6-4-1,320.2
156491,1-5-3,504.5
156491,2-5-3,3148
156491,3-5-2,1932
156491,4-5-2,3208
156491,5-4-2,4474
156491,6-4-2,620.5
156491,1-5-4,546.7
156491,2-5-4,3400
156491,3-5-4,2615
156491,4-5-3,4474
156491,5-4-3,6072
156491,6-4-3,1069
156491,1-5-6,473.6
156491,2-5-6,2742
156491,3-5-6,2833
156491,4-5-6,1650
156491,5-4-6,2742
156491,6-4-5,1241
156491,1-6-2,15.6
156491,2-6-1,429.3
156491,3-6-1,478.9
156491,4-6-1,225.8
156491,5-6-1,3334
156491,6-5-1,1954
156491,1-6-3,23.8
156491,2-6-3,1197
156491,3-6-2,863.1
156491,4-6-2,492.8
156491,5-6-2,1954
156491,6-5-2,2787
156491,1-6-4,16.3
156491,2-6-4,790.8
156491,3-6-4,699.7
156491,4-6-3,627.4
156491,5-6-3,3148
156491,6-5-3,3542
156491,1-6-5,254.5
156491,2-6-5,1789
156491,3-6-5,2152
156491,4-6-5,1043
156491,5-6-4,2787
156491,6-5-4,2297
156492,1-2-3,10.8
156492,2-1-3,23
156492,3-1-2,41.6
156492,4-1-2,33.3
156492,5-1-2,1280
156492,6-1-2,304.8
156492,1-2-4,5.8
156492,2-1-4,10
156492,3-1-4,35
156492,4-1-3,69.8
156492,5-1-3,1662
156492,6-1-3,358.6
156492,1-2-5,197.2
156492,2-1-5,206.8
156492,3-1-5,293.6
156492,4-1-5,392.7
156492,5-1-4,1730
156492,6-1-4,403.8
156492,1-2-6,35.7
156492,2-1-6,43.7
156492,3-1-6,80.7
156492,4-1-6,99.7
156492,5-1-6,2000
156492,6-1-5,1016
156492,1-3-2,17.1
156492,2-3-1,50.3
156492,3-2-1,61.7
156492,4-2-1,36.8
156492,5-2-1,1406
156492,6-2-1,396.3
156492,1-3-4,20.5
156492,2-3-4,44
156492,3-2-4,46.5
156492,4-2-3,77.6
156492,5-2-3,1132
156492,6-2-3,500
156492,1-3-5,302.6
156492,2-3-5,352.6
156492,3-2-5,384.4
156492,4-2-5,441.4
156492,5-2-4,1882
156492,6-2-4,486.7
156492,1-3-6,45.3
156492,2-3-6,99.9
156492,3-2-6,107.4
156492,4-2-6,106.6
156492,5-2-6,2207
156492,6-2-5,1306
156492,1-4-2,10.4
156492,2-4-1,19.5
156492,3-4-1,53.7
156492,4-3-1,117.9
156492,5-3-1,2000
156492,6-3-1,398.8
156492,1-4-3,27
156492,2-4-3,41.2
156492,3-4-2,50.5
156492,4-3-2,107.8
156492,5-3-2,1333
156492,6-3-2,524.6
156492,1-4-5,349.7
156492,2-4-5,321.6
156492,3-4-5,615.4
156492,4-3-5,711.2
156492,5-3-4,2560
156492,6-3-4,436.9
156492,1-4-6,52.9
156492,2-4-6,71.8
156492,3-4-6,120.6
156492,4-3-6,211.2
156492,5-3-6,2169
156492,6-3-5,1066
156492,1-5-2,842.2
156492,2-5-1,762
156492,3-5-1,1293
156492,4-5-1,977.2
156492,5-4-1,2000
156492,6-4-1,576.6
156492,1-5-3,984.7
156492,2-5-3,859.2
156492,3-5-2,805.1
156492,4-5-2,1040
156492,5-4-2,2370
156492,6-4-2,581.9
156492,1-5-4,948.3
156492,2-5-4,1163
156492,3-5-4,1422
156492,4-5-3,1319
156492,5-4-3,3048
156492,6-4-3,762
156492,1-5-6,1058
156492,2-5-6,1094
156492,3-5-6,1185
156492,4-5-6,907.9
156492,5-4-6,2723
156492,6-4-5,1454
156492,1-6-2,119.9
156492,2-6-1,159
156492,3-6-1,211.6
156492,4-6-1,170.6
156492,5-6-1,2783
156492,6-5-1,2064
156492,1-6-3,118.7
156492,2-6-3,205.8
156492,3-6-2,207.8
156492,4-6-2,164.9
156492,5-6-2,1319
156492,6-5-2,2510
156492,1-6-4,150.9
156492,2-6-4,177.8
156492,3-6-4,265.6
156492,4-6-3,294.9
156492,5-6-3,2207
156492,6-5-3,1969
156492,1-6-5,673.8
156492,2-6-5,753
156492,3-6-5,723.2
156492,4-6-5,551.8
156492,5-6-4,2415
156492,6-5-4,2327
156493,1-2-3,3.7
156493,2-1-3,12.2
156493,3-1-2,71.6
156493,4-1-2,191.7
156493,5-1-2,202.4
156493,6-1-2,610.9
156493,1-2-4,9.5
156493,2-1-4,27.6
156493,3-1-4,171.2
156493,4-1-3,446.7
156493,5-1-3,451.4
156493,6-1-3,1397
156493,1-2-5,7.7
156493,2-1-5,17.7
156493,3-1-5,136.8
156493,4-1-5,433.5
156493,5-1-4,619.6
156493,6-1-4,1728
156493,1-2-6,14.7
156493,2-1-6,48.5
156493,3-1-6,319.6
156493,4-1-6,622.5
156493,5-1-6,547.3
156493,6-1-5,1527
156493,1-3-2,10
156493,2-3-1,46.7
156493,3-2-1,94.4
156493,4-2-1,248.3
156493,5-2-1,278.8
156493,6-2-1,733.8
156493,1-3-4,34.2
156493,2-3-4,111.2
156493,3-2-4,216.4
156493,4-2-3,486.5
156493,5-2-3,488.3
156493,6-2-3,1492
156493,1-3-5,27.2
156493,2-3-5,69.7
156493,3-2-5,134.3
156493,4-2-5,440.8
156493,5-2-4,680.6
156493,6-2-4,1662
156493,1-3-6,64.8
156493,2-3-6,190
156493,3-2-6,324.3
156493,4-2-6,610.9
156493,5-2-6,831.3
156493,6-2-5,1326
156493,1-4-2,45.6
156493,2-4-1,109.4
156493,3-4-1,419.6
156493,4-3-1,670.1
156493,5-3-1,754.9
156493,6-3-1,2264
156493,1-4-3,87.9
156493,2-4-3,195.4
156493,3-4-2,381.8
156493,4-3-2,602.5
156493,5-3-2,625.5
156493,6-3-2,1662
156493,1-4-5,129.1
156493,2-4-5,197.8
156493,3-4-5,556.6
156493,4-3-5,1216
156493,5-3-4,2118
156493,6-3-4,4529
156493,1-4-6,135.7
156493,2-4-6,325.1
156493,3-4-6,810.8
156493,4-3-6,1728
156493,5-3-6,1601
156493,6-3-5,2985
156493,1-5-2,34.5
156493,2-5-1,85.6
156493,3-5-1,341.1
156493,4-5-1,610.9
156493,5-4-1,881.6
156493,6-4-1,2794
156493,1-5-3,67.7
156493,2-5-3,120.6
156493,3-5-2,263.7
156493,4-5-2,581.2
156493,5-4-2,881.6
156493,6-4-2,2264
156493,1-5-4,152.3
156493,2-5-4,233.7
156493,3-5-4,608.1
156493,4-5-3,1205
156493,5-4-3,1684
156493,6-4-3,5052
156493,1-5-6,129.9
156493,2-5-6,249.2
156493,3-5-6,547.3
156493,4-5-6,737.9
156493,5-4-6,1582
156493,6-4-5,2919
156493,1-6-2,92.6
156493,2-6-1,288
156493,3-6-1,1132
156493,4-6-1,1162
156493,5-6-1,1368
156493,6-5-1,2085
156493,1-6-3,206.2
156493,2-6-3,467.4
156493,3-6-2,1076
156493,4-6-2,912.2
156493,5-6-2,973
156493,6-5-2,1475
156493,1-6-4,304
156493,2-6-4,571.1
156493,3-6-4,1850
156493,4-6-3,2153
156493,5-6-3,1824
156493,6-5-3,3127
156493,1-6-5,273
156493,2-6-5,469.1
156493,3-6-5,1002
156493,4-6-5,1103
156493,5-6-4,2345
156493,6-5-4,3368
156494,1-2-3,25.7
156494,2-1-3,408.4
156494,3-1-2,347.3
156494,4-1-2,368.5
156494,5-1-2,1088
156494,6-1-2,65.9
156494,1-2-4,32.5
156494,2-1-4,337.2
156494,3-1-4,229.8
156494,4-1-3,315.8
156494,5-1-3,686.1
156494,6-1-3,59.4
156494,1-2-5,58
156494,2-1-5,703.5
156494,3-1-5,272
156494,4-1-5,362.7
156494,5-1-4,641.9
156494,6-1-4,54.3
156494,1-2-6,14.9
156494,2-1-6,311.6
156494,3-1-6,126.6
156494,4-1-6,121.9
156494,5-1-6,338.9
156494,6-1-5,94.2
156494,1-3-2,24
156494,2-3-1,725.4
156494,3-2-1,657
156494,4-2-1,582.8
156494,5-2-1,2176
156494,6-2-1,313
156494,1-3-4,17.8
156494,2-3-4,1421
156494,3-2-4,1190
156494,4-2-3,1407
156494,5-2-3,2731
156494,6-2-3,737
156494,1-3-5,28.8
156494,2-3-5,1809
156494,3-2-5,1254
156494,4-2-5,1392
156494,5-2-4,2443
156494,6-2-4,605.6
156494,1-3-6,7.4
156494,2-3-6,1301
156494,3-2-6,824.2
156494,4-2-6,974
156494,5-2-6,2785
156494,6-2-5,1326
156494,1-4-2,39.8
156494,2-4-1,597.8
156494,3-4-1,504.6
156494,4-3-1,600.4
156494,5-3-1,954
156494,6-3-1,214.9
156494,1-4-3,26.5
156494,2-4-3,1565
156494,3-4-2,1096
156494,4-3-2,1832
156494,5-3-2,2678
156494,6-3-2,686.1
156494,1-4-5,43.3
156494,2-4-5,2048
156494,3-4-5,1289
156494,4-3-5,1678
156494,5-3-4,2079
156494,6-3-4,383.7
156494,1-4-6,10.8
156494,2-4-6,1190
156494,3-4-6,585.2
156494,4-3-6,660.1
156494,5-3-6,1339
156494,6-3-5,703.5
156494,1-5-2,89
156494,2-5-1,1719
156494,3-5-1,644.8
156494,4-5-1,550.5
156494,5-4-1,967.3
156494,6-4-1,176
156494,1-5-3,56.6
156494,2-5-3,2079
156494,3-5-2,1301
156494,4-5-2,2048
156494,5-4-2,2678
156494,6-4-2,592.7
156494,1-5-4,60.2
156494,2-5-4,2360
156494,3-5-4,1392
156494,4-5-3,1481
156494,5-4-3,2628
156494,6-4-3,696.4
156494,1-5-6,15.9
156494,2-5-6,2283
156494,3-5-6,782.5
156494,4-5-6,666.4
156494,5-4-6,1289
156494,6-4-5,689.5
156494,1-6-2,12.2
156494,2-6-1,523.6
156494,3-6-1,216.2
156494,4-6-1,177.2
156494,5-6-1,470.5
156494,6-5-1,301.5
156494,1-6-3,8.1
156494,2-6-3,1481
156494,3-6-2,954
156494,4-6-2,934.8
156494,5-6-2,1365
156494,6-5-2,1339
156494,1-6-4,7.6
156494,2-6-4,1314
156494,3-6-4,580.3
156494,4-6-3,733.1
156494,5-6-3,1365
156494,6-5-3,980.9
156494,1-6-5,13.6
156494,2-6-5,1934
156494,3-6-5,778.1
156494,4-6-5,663.3
156494,5-6-4,1039
156494,6-5-4,733.1
156495,1-2-3,3.9
156495,2-1-3,9.1
156495,3-1-2,57.3
156495,4-1-2,192.6
156495,5-1-2,474.4
156495,6-1-2,205.8
156495,1-2-4,8.1
156495,2-1-4,21.5
156495,3-1-4,143
156495,4-1-3,460.6
156495,5-1-3,746.1
156495,6-1-3,360.4
156495,1-2-5,15
156495,2-1-5,27.9
156495,3-1-5,179.5
156495,4-1-5,394.3
156495,5-1-4,963.2
156495,6-1-4,580
156495,1-2-6,18.3
156495,2-1-6,28.6
156495,3-1-6,194.5
156495,4-1-6,511
156495,5-1-6,903
156495,6-1-5,584.3
156495,1-3-2,8.5
156495,2-3-1,37.2
156495,3-2-1,86.5
156495,4-2-1,274.5
156495,5-2-1,670.6
156495,6-2-1,258
156495,1-3-4,25.7
156495,2-3-4,106.6
156495,3-2-4,196.4
156495,4-2-3,580
156495,5-2-3,1032
156495,6-2-3,442.7
156495,1-3-5,38.3
156495,2-3-5,134.3
156495,3-2-5,235.4
156495,4-2-5,703.2
156495,5-2-4,1005
156495,6-2-4,832.1
156495,1-3-6,43.4
156495,2-3-6,125.1
156495,3-2-6,257.6
156495,4-2-6,746.1
156495,5-2-6,981.1
156495,6-2-5,654
156495,1-4-2,26.8
156495,2-4-1,90.6
156495,3-4-1,347
156495,4-3-1,1025
156495,5-3-1,918.7
156495,6-3-1,975
156495,1-4-3,56.8
156495,2-4-3,175.6
156495,3-4-2,326.3
156495,4-3-2,806.7
156495,5-3-2,1135
156495,6-3-2,908.2
156495,1-4-5,105.6
156495,2-4-5,276.8
156495,3-4-5,628.2
156495,4-3-5,1281
156495,5-3-4,2445
156495,6-3-4,1444
156495,1-4-6,92.5
156495,2-4-6,218
156495,3-4-6,602
156495,4-3-6,1261
156495,5-3-6,2064
156495,6-3-5,1986
156495,1-5-2,59.9
156495,2-5-1,167.3
156495,3-5-1,495.1
156495,4-5-1,819.2
156495,5-4-1,1382
156495,6-4-1,1638
156495,1-5-3,117
156495,2-5-3,314.1
156495,3-5-2,495.1
156495,4-5-2,987.2
156495,5-4-2,1370
156495,6-4-2,1204
156495,1-5-4,162
156495,2-5-4,441.4
156495,3-5-4,946
156495,4-5-3,1573
156495,5-4-3,2270
156495,6-4-3,1962
156495,1-5-6,168.7
156495,2-5-6,337.4
156495,3-5-6,845.4
156495,4-5-6,1096
156495,5-4-6,1986
156495,6-4-5,2147
156495,1-6-2,67.5
156495,2-6-1,147
156495,3-6-1,536.9
156495,4-6-1,1135
156495,5-6-1,1986
156495,6-5-1,1543
156495,1-6-3,151.3
156495,2-6-3,268.4
156495,3-6-2,571.7
156495,4-6-2,924
156495,5-6-2,1195
156495,6-5-2,1471
156495,1-6-4,173.3
156495,2-6-4,391.4
156495,3-6-4,975
156495,4-6-3,1727
156495,5-6-3,2147
156495,6-5-3,2207
156495,1-6-5,280.3
156495,2-6-5,486
156495,3-6-5,1081
156495,4-6-5,1281
156495,5-6-4,2238
156495,6-5-4,1938
156496,1-2-3,16.3
156496,2-1-3,23.6
156496,3-1-2,48.9
156496,4-1-2,38
156496,5-1-2,213.1
156496,6-1-2,1557
156496,1-2-4,11
156496,2-1-4,20.7
156496,3-1-4,38.2
156496,4-1-3,49.9
156496,5-1-3,284.1
156496,6-1-3,1293
156496,1-2-5,33.9
156496,2-1-5,44.6
156496,3-1-5,69.3
156496,4-1-5,52.5
156496,5-1-4,237.6
156496,6-1-4,1399
156496,1-2-6,128.4
156496,2-1-6,150.6
156496,3-1-6,275.4
156496,4-1-6,141.1
156496,5-1-6,500.2
156496,6-1-5,2007
156496,1-3-2,20.1
156496,2-3-1,57.6
156496,3-2-1,78.3
156496,4-2-1,46.5
156496,5-2-1,267.7
156496,6-2-1,1860
156496,1-3-4,13.7
156496,2-3-4,46.1
156496,3-2-4,67.3
156496,4-2-3,72
156496,5-2-3,339.8
156496,6-2-3,2090
156496,1-3-5,28.6
156496,2-3-5,79.7
156496,3-2-5,118.1
156496,4-2-5,62.3
156496,5-2-4,287.3
156496,6-2-4,1623
156496,1-3-6,125.1
156496,2-3-6,291.7
156496,3-2-6,331
156496,4-2-6,194.6
156496,5-2-6,652
156496,6-2-5,2277
156496,1-4-2,14.4
156496,2-4-1,34.9
156496,3-4-1,58.4
156496,4-3-1,72.9
156496,5-3-1,454.1
156496,6-3-1,1695
156496,1-4-3,17.4
156496,2-4-3,45.5
156496,3-4-2,71.2
156496,4-3-2,87.2
156496,5-3-2,537.2
156496,6-3-2,2879
156496,1-4-5,23.9
156496,2-4-5,56.2
156496,3-4-5,86.3
156496,4-3-5,127.9
156496,5-3-4,476.8
156496,6-3-4,2119
156496,1-4-6,91.5
156496,2-4-6,153.9
156496,3-4-6,291.2
156496,4-3-6,328.1
156496,5-3-6,1220
156496,6-3-5,3178
156496,1-5-2,66
156496,2-5-1,131
156496,3-5-1,139.9
156496,4-5-1,62.5
156496,5-4-1,231.5
156496,6-4-1,1606
156496,1-5-3,64.3
156496,2-5-3,183.8
156496,3-5-2,198.1
156496,4-5-2,66.8
156496,5-4-2,254.3
156496,6-4-2,1606
156496,1-5-4,70.7
156496,2-5-4,137.8
156496,3-5-4,195.8
156496,4-5-3,115.3
156496,5-4-3,338.3
156496,6-4-3,2630
156496,1-5-6,163.5
156496,2-5-6,354.8
156496,3-5-6,497
156496,4-5-6,113.2
156496,5-4-6,396.3
156496,6-4-5,1883
156496,1-6-2,287.3
156496,2-6-1,723.1
156496,3-6-1,747.9
156496,4-6-1,329.5
156496,5-6-1,1024
156496,6-5-1,2062
156496,1-6-3,339
156496,2-6-3,882
156496,3-6-2,1003
156496,4-6-2,359
156496,5-6-2,978.1
156496,6-5-2,3178
156496,1-6-4,312
156496,2-6-4,600.7
156496,3-6-4,815.9
156496,4-6-3,537.2
156496,5-6-3,1374
156496,6-5-3,4359
156496,1-6-5,336.1
156496,2-6-5,646.5
156496,3-6-5,876.9
156496,4-6-5,290
156496,5-6-4,1003
156496,6-5-4,2062
156497,1-2-3,9.9
156497,2-1-3,9.9
156497,3-1-2,35.8
156497,4-1-2,126.9
156497,5-1-2,586
156497,6-1-2,573.9
156497,1-2-4,18
156497,2-1-4,15
156497,3-1-4,89.5
156497,4-1-3,223.3
156497,5-1-3,666.3
156497,6-1-3,699.8
156497,1-2-5,43.1
156497,2-1-5,33.9
156497,3-1-5,128.8
156497,4-1-5,293.9
156497,5-1-4,860.9
156497,6-1-4,1018
156497,1-2-6,38.2
156497,2-1-6,21.3
156497,3-1-6,143.1
156497,4-1-6,287.8
156497,5-1-6,742.6
156497,6-1-5,1247
156497,1-3-2,16.6
156497,2-3-1,20.2
156497,3-2-1,41.6
156497,4-2-1,76.3
156497,5-2-1,452.4
156497,6-2-1,498.8
156497,1-3-4,35.8
156497,2-3-4,35.5
156497,3-2-4,106.6
156497,4-2-3,115.1
156497,5-2-3,397.8
156497,6-2-3,433.3
156497,1-3-5,67.6
156497,2-3-5,57.9
156497,3-2-5,169.3
156497,4-2-5,115.8
156497,5-2-4,395.4
156497,6-2-4,572.2
156497,1-3-6,75
156497,2-3-6,37.8
156497,3-2-6,129.5
156497,4-2-6,101
156497,5-2-6,476.8
156497,6-2-5,646.4
156497,1-4-2,53.5
156497,2-4-1,18.3
156497,3-4-1,187
156497,4-3-1,355
156497,5-3-1,712.7
156497,6-3-1,831.4
156497,1-4-3,74
156497,2-4-3,27.3
156497,3-4-2,162.8
156497,4-3-2,286.1
156497,5-3-2,661.7
156497,6-3-2,646.4
156497,1-4-5,182.1
156497,2-4-5,25.7
156497,3-4-5,439.2
156497,4-3-5,602.3
156497,5-3-4,1165
156497,6-3-4,1186
156497,1-4-6,168.3
156497,2-4-6,23.1
156497,3-4-6,389.1
156497,4-3-6,462.1
156497,5-3-6,958.4
156497,6-3-5,1379
156497,1-5-2,225.7
156497,2-5-1,71.2
156497,3-5-1,425.7
156497,4-5-1,512
156497,5-4-1,1040
156497,6-4-1,1208
156497,1-5-3,245.9
156497,2-5-3,90.4
156497,3-5-2,414.8
156497,4-5-2,290.4
156497,5-4-2,623.6
156497,6-4-2,926.5
156497,1-5-4,360.3
156497,2-5-4,54.8
156497,3-5-4,704.9
156497,4-5-3,562.3
156497,5-4-3,1223
156497,6-4-3,1452
156497,1-5-6,379.2
156497,2-5-6,60.2
156497,3-5-6,800.6
156497,4-5-6,412.2
156497,5-4-6,917.7
156497,6-4-5,1223
156497,1-6-2,183.7
156497,2-6-1,49
156497,3-6-1,440.1
156497,4-6-1,333.7
156497,5-6-1,1131
156497,6-5-1,1399
156497,1-6-3,244.4
156497,2-6-3,57.1
156497,3-6-2,399.5
156497,4-6-2,340.7
156497,5-6-2,712.7
156497,6-5-2,1099
156497,1-6-4,288.2
156497,2-6-4,56.3
156497,3-6-4,737
156497,4-6-3,395.4
156497,5-6-3,1179
156497,6-5-3,1677
156497,1-6-5,447.2
156497,2-6-5,76.7
156497,3-6-5,939.9
156497,4-6-5,562.3
156497,5-6-4,1034
156497,6-5-4,1305
156498,1-2-3,9
156498,2-1-3,93
156498,3-1-2,95.2
156498,4-1-2,60.6
156498,5-1-2,434.9
156498,6-1-2,1105
156498,1-2-4,7.7
156498,2-1-4,82.3
156498,3-1-4,65.9
156498,4-1-3,71.7
156498,5-1-3,418.6
156498,6-1-3,1291
156498,1-2-5,23.3
156498,2-1-5,210
156498,3-1-5,105.5
156498,4-1-5,70.9
156498,5-1-4,327.4
156498,6-1-4,986.4
156498,1-2-6,39.1
156498,2-1-6,264.7
156498,3-1-6,224.3
156498,4-1-6,86.8
156498,5-1-6,458.2
156498,6-1-5,1674
156498,1-3-2,11.7
156498,2-3-1,194.1
156498,3-2-1,177.7
156498,4-2-1,159.1
156498,5-2-1,785.9
156498,6-2-1,1741
156498,1-3-4,8.7
156498,2-3-4,249.5
156498,3-2-4,189.8
156498,4-2-3,279.8
156498,5-2-3,883
156498,6-2-3,2768
156498,1-3-5,19
156498,2-3-5,452.8
156498,3-2-5,272.4
156498,4-2-5,339.9
156498,5-2-4,1267
156498,6-2-4,2604
156498,1-3-6,36.7
156498,2-3-6,713.7
156498,3-2-6,486.9
156498,4-2-6,361.7
156498,5-2-6,1575
156498,6-2-5,2604
156498,1-4-2,8.6
156498,2-4-1,193
156498,3-4-1,116.3
156498,4-3-1,174.1
156498,5-3-1,703.1
156498,6-3-1,1920
156498,1-4-3,10.6
156498,2-4-3,294
156498,3-4-2,184.7
156498,4-3-2,311.1
156498,5-3-2,1024
156498,6-3-2,3251
156498,1-4-5,16.5
156498,2-4-5,479.3
156498,3-4-5,173.6
156498,4-3-5,294.9
156498,5-3-4,1172
156498,6-3-4,2400
156498,1-4-6,23.1
156498,2-4-6,556.1
156498,3-4-6,262
156498,4-3-6,366
156498,5-3-6,1674
156498,6-3-5,4209
156498,1-5-2,43.6
156498,2-5-1,640.8
156498,3-5-1,211.3
156498,4-5-1,133.5
156498,5-4-1,391.6
156498,6-4-1,1304
156498,1-5-3,39.5
156498,2-5-3,969.3
156498,3-5-2,352.7
156498,4-5-2,246.4
156498,5-4-2,846.5
156498,6-4-2,2242
156498,1-5-4,39.8
156498,2-5-4,1113
156498,3-5-4,286.9
156498,4-5-3,288.1
156498,5-4-3,913.1
156498,6-4-3,2354
156498,1-5-6,75.6
156498,2-5-6,1617
156498,3-5-6,505.4
156498,4-5-6,193.6
156498,5-4-6,628.3
156498,6-4-5,2276
156498,1-6-2,108.3
156498,2-6-1,969.3
156498,3-6-1,850
156498,4-6-1,218
156498,5-6-1,1089
156498,6-5-1,2438
156498,1-6-3,133.1
156498,2-6-3,1812
156498,3-6-2,1452
156498,4-6-2,386.2
156498,5-6-2,1995
156498,6-5-2,3817
156498,1-6-4,110.9
156498,2-6-4,1643
156498,3-6-4,1070
156498,4-6-3,518.1
156498,5-6-3,1914
156498,6-5-3,3724
156498,1-6-5,160.7
156498,2-6-5,2156
156498,3-6-5,1449
156498,4-6-5,332
156498,5-6-4,1318
156498,6-5-4,2582
156499,1-2-3,20.7
156499,2-1-3,67.7
156499,3-1-2,262.1
156499,4-1-2,54
156499,5-1-2,18.1
156499,6-1-2,761.6
156499,1-2-4,12.8
156499,2-1-4,55.6
156499,3-1-4,259.3
156499,4-1-3,125.6
156499,5-1-3,54.4
156499,6-1-3,1280
156499,1-2-5,12.2
156499,2-1-5,31.4
156499,3-1-5,250.3
156499,4-1-5,28.7
156499,5-1-4,28.7
156499,6-1-4,1186
156499,1-2-6,96.1
156499,2-1-6,275.6
156499,3-1-6,753.7
156499,4-1-6,94
156499,5-1-6,94
156499,6-1-5,991.1
156499,1-3-2,32.1
156499,2-3-1,230
156499,3-2-1,386.9
156499,4-2-1,115.3
156499,5-2-1,31.1
156499,6-2-1,1148
156499,1-3-4,34.9
156499,2-3-4,399.7
156499,3-2-4,608
156499,4-2-3,317.3
156499,5-2-3,91
156499,6-2-3,1786
156499,1-3-5,32.1
156499,2-3-5,265
156499,3-2-5,615.7
156499,4-2-5,93.7
156499,5-2-4,53
156499,6-2-4,2334
156499,1-3-6,174.1
156499,2-3-6,977.7
156499,3-2-6,1432
156499,4-2-6,332.6
156499,5-2-6,186.4
156499,6-2-5,1625
156499,1-4-2,17.8
156499,2-4-1,140.7
156499,3-4-1,476
156499,4-3-1,325.9
156499,5-3-1,194.2
156499,6-3-1,2297
156499,1-4-3,36.7
156499,2-4-3,365.4
156499,3-4-2,786.4
156499,4-3-2,541.9
156499,5-3-2,235.3
156499,6-3-2,3078
156499,1-4-5,14.6
156499,2-4-5,142.7
156499,3-4-5,556.5
156499,4-3-5,228.2
156499,5-3-4,286.5
156499,6-3-4,2894
156499,1-4-6,92.4
156499,2-4-6,588.2
156499,3-4-6,1391
156499,4-3-6,799.5
156499,5-3-6,817.5
156499,6-3-5,2679
156499,1-5-2,13
156499,2-5-1,57.9
156499,3-5-1,405.3
156499,4-5-1,26.7
156499,5-4-1,38.6
156499,6-4-1,1292
156499,1-5-3,32.9
156499,2-5-3,150.5
156499,3-5-2,716.3
156499,4-5-2,45.6
156499,5-4-2,49.7
156499,6-4-2,2128
156499,1-5-4,19.5
156499,2-5-4,97.9
156499,3-5-4,576.5
156499,4-5-3,98.5
156499,5-4-3,149.9
156499,6-4-3,2297
156499,1-5-6,76.5
156499,2-5-6,423.1
156499,3-5-6,1056
156499,4-5-6,49.3
156499,5-4-6,76.7
156499,6-4-5,904.4
156499,1-6-2,262.6
156499,2-6-1,871.7
156499,3-6-1,1743
156499,4-6-1,218.2
156499,5-6-1,287.1
156499,6-5-1,1148
156499,1-6-3,618.4
156499,2-6-3,2226
156499,3-6-2,1722
156499,4-6-2,420.6
156499,5-6-2,472.9
156499,6-5-2,1461
156499,1-6-4,338.1
156499,2-6-4,1391
156499,3-6-4,2192
156499,4-6-3,927.6
156499,5-6-3,769.7
156499,6-5-3,2584
156499,1-6-5,246.5
156499,2-6-5,1391
156499,3-6-5,1625
156499,4-6-5,182.4
156499,5-6-4,370.1
156499,6-5-4,882.3
156500,1-2-3,20.3
156500,2-1-3,26.9
156500,3-1-2,68
156500,4-1-2,302.3
156500,5-1-2,169.7
156500,6-1-2,140.5
156500,1-2-4,61
156500,2-1-4,88.6
156500,3-1-4,150.7
156500,4-1-3,583.4
156500,5-1-3,182.6
156500,6-1-3,204.4
156500,1-2-5,34.9
156500,2-1-5,41.5
156500,3-1-5,60.7
156500,4-1-5,386.8
156500,5-1-4,442.3
156500,6-1-4,384.1
156500,1-2-6,24.3
156500,2-1-6,24.4
156500,3-1-6,41.3
156500,4-1-6,303.1
156500,5-1-6,107.8
156500,6-1-5,227.7
156500,1-3-2,25.1
156500,2-3-1,40.6
156500,3-2-1,73.3
156500,4-2-1,377.3
156500,5-2-1,184.5
156500,6-2-1,149.2
156500,1-3-4,82
156500,2-3-4,73.7
156500,3-2-4,97
156500,4-2-3,459.2
156500,5-2-3,159.1
156500,6-2-3,135.5
156500,1-3-5,34.2
156500,2-3-5,23
156500,3-2-5,32.2
156500,4-2-5,553.5
156500,5-2-4,488.3
156500,6-2-4,332.1
156500,1-3-6,25.9
156500,2-3-6,18.3
156500,3-2-6,26.9
156500,4-2-6,256.9
156500,5-2-6,88.3
156500,6-2-5,141.2
156500,1-4-2,143.7
156500,2-4-1,198.4
156500,3-4-1,319.3
156500,4-3-1,729.2
156500,5-3-1,205.5
156500,6-3-1,266.5
156500,1-4-3,171.3
156500,2-4-3,162
156500,3-4-2,211.2
156500,4-3-2,539.6
156500,5-3-2,175.2
156500,6-3-2,179.5
156500,1-4-5,261.3
156500,2-4-5,209.5
156500,3-4-5,244.7
156500,4-3-5,749.5
156500,5-3-4,411.9
156500,6-3-4,438.7
156500,1-4-6,144.4
156500,2-4-6,100.1
156500,3-4-6,161
156500,4-3-6,380
156500,5-3-6,104.8
156500,6-3-5,137.4
156500,1-5-2,61.2
156500,2-5-1,89.9
156500,3-5-1,98.1
156500,4-5-1,359.7
156500,5-4-1,627.5
156500,6-4-1,499.6
156500,1-5-3,64.7
156500,2-5-3,48
156500,3-5-2,45.6
156500,4-5-2,556.3
156500,5-4-2,646.3
156500,6-4-2,399.7
156500,1-5-4,240.9
156500,2-5-4,194.1
156500,3-5-4,232.1
156500,4-5-3,739.2
156500,5-4-3,817.6
156500,6-4-3,542.3
156500,1-5-6,51.7
156500,2-5-6,38.4
156500,3-5-6,37.8
156500,4-5-6,209.5
156500,5-4-6,276.7
156500,6-4-5,475.4
156500,1-6-2,54.9
156500,2-6-1,62
156500,3-6-1,106.9
156500,4-6-1,431.7
156500,5-6-1,128
156500,6-5-1,220.7
156500,1-6-3,67.6
156500,2-6-3,36.8
156500,3-6-2,60.1
156500,4-6-2,331
156500,5-6-2,100.1
156500,6-5-2,134.5
156500,1-6-4,193
156500,2-6-4,149.9
156500,3-6-4,223.9
156500,4-6-3,453.5
156500,5-6-3,97.2
156500,6-5-3,130.3
156500,1-6-5,80.7
156500,2-6-5,43
156500,3-6-5,57.9
156500,4-6-5,252.1
156500,5-6-4,212.4
156500,6-5-4,372.1
156501,1-2-3,63.4
156501,2-1-3,243.3
156501,3-1-2,506.8
156501,4-1-2,23.2
156501,5-1-2,418.5
156501,6-1-2,529.5
156501,1-2-4,17.5
156501,2-1-4,55.6
156501,3-1-4,224.2
156501,4-1-3,46.1
156501,5-1-3,668.3
156501,6-1-3,781.8
156501,1-2-5,65.7
156501,2-1-5,182.9
156501,3-1-5,484.6
156501,4-1-5,14
156501,5-1-4,164.7
156501,6-1-4,160.1
156501,1-2-6,71.5
156501,2-1-6,170.1
156501,3-1-6,517.9
156501,4-1-6,11.1
156501,5-1-6,223.6
156501,6-1-5,684.9
156501,1-3-2,86.5
156501,2-3-1,548.8
156501,3-2-1,760.3
156501,4-2-1,53.3
156501,5-2-1,781.8
156501,6-2-1,974.9
156501,1-3-4,39.4
156501,2-3-4,278.1
156501,3-2-4,396.5
156501,4-2-3,131.9
156501,5-2-3,958
156501,6-2-3,1726
156501,1-3-5,105.9
156501,2-3-5,671
156501,3-2-5,1023
156501,4-2-5,66.1
156501,5-2-4,516.3
156501,6-2-4,529.5
156501,1-3-6,141
156501,2-3-6,690.6
156501,3-2-6,804.6
156501,4-2-6,49
156501,5-2-6,789.2
156501,6-2-5,1506
156501,1-4-2,10.5
156501,2-4-1,88.8
156501,3-4-1,281.4
156501,4-3-1,139.8
156501,5-3-1,1062
156501,6-3-1,1159
156501,1-4-3,22.1
156501,2-4-3,199.9
156501,3-4-2,496.2
156501,4-3-2,236.1
156501,5-3-2,1151
156501,6-3-2,1973
156501,1-4-5,14.3
156501,2-4-5,170.5
156501,3-4-5,406.2
156501,4-3-5,184.3
156501,5-3-4,1049
156501,6-3-4,796.8
156501,1-4-6,14.3
156501,2-4-6,109.6
156501,3-4-6,325.6
156501,4-3-6,119.5
156501,5-3-6,1520
156501,6-3-5,1744
156501,1-5-2,128.2
156501,2-5-1,579.5
156501,3-5-1,849.9
156501,4-5-1,21.4
156501,5-4-1,106.7
156501,6-4-1,138.5
156501,1-5-3,220.9
156501,2-5-3,915.7
156501,3-5-2,1520
156501,4-5-2,45.9
156501,5-4-2,285.7
156501,6-4-2,333.4
156501,1-5-4,57.5
156501,2-5-4,418.5
156501,3-5-4,876.9
156501,4-5-3,110.5
156501,5-4-3,577.5
156501,6-4-3,483.2
156501,1-5-6,118.5
156501,2-5-6,559.9
156501,3-5-6,958
156501,4-5-6,13.8
156501,5-4-6,99.7
156501,6-4-5,247.7
156501,1-6-2,156
156501,2-6-1,665.6
156501,3-6-1,1246
156501,4-6-1,17.7
156501,5-6-1,411.2
156501,6-5-1,781.8
156501,1-6-3,213.8
156501,2-6-3,1183
156501,3-6-2,1801
156501,4-6-2,38.7
156501,5-6-2,793
156501,6-5-2,1255
156501,1-6-4,54.3
156501,2-6-4,238.8
156501,3-6-4,767.3
156501,4-6-3,80.9
156501,5-6-3,1274
156501,6-5-3,1336
156501,1-6-5,140.5
156501,2-6-5,723.7
156501,3-6-5,1369
156501,4-6-5,21.1
156501,5-6-4,240.2
156501,6-5-4,357.9
156502,1-2-3,20.2
156502,2-1-3,326.2
156502,3-1-2,106.4
156502,4-1-2,198.6
156502,5-1-2,2315
156502,6-1-2,172
156502,1-2-4,29.1
156502,2-1-4,337.4
156502,3-1-4,22.7
156502,4-1-3,79.7
156502,5-1-3,2381
156502,6-1-3,69
156502,1-2-5,395.9
156502,2-1-5,1754
156502,3-1-5,325.5
156502,4-1-5,401.6
156502,5-1-4,1488
156502,6-1-4,83.6
156502,1-2-6,38.7
156502,2-1-6,514.5
156502,3-1-6,30.1
156502,4-1-6,67.3
156502,5-1-6,1701
156502,6-1-5,572.8
156502,1-3-2,15.4
156502,2-3-1,411.6
156502,3-2-1,315.7
156502,4-2-1,439.8
156502,5-2-1,3472
156502,6-2-1,551.9
156502,1-3-4,4.2
156502,2-3-4,1449
156502,3-2-4,624.3
156502,4-2-3,1134
156502,5-2-3,4630
156502,6-2-3,1253
156502,1-3-5,125.9
156502,2-3-5,2525
156502,3-2-5,2058
156502,4-2-5,2083
156502,5-2-4,2924
156502,6-2-4,1190
156502,1-3-6,5.8
156502,2-3-6,1831
156502,3-2-6,658.8
156502,4-2-6,850.5
156502,5-2-6,3205
156502,6-2-5,4167
156502,1-4-2,28.2
156502,2-4-1,410.5
156502,3-4-1,74.5
156502,4-3-1,136.4
156502,5-3-1,2222
156502,6-3-1,131.1
156502,1-4-3,9.6
156502,2-4-3,1292
156502,3-4-2,351.6
156502,4-3-2,666.8
156502,5-3-2,4167
156502,6-3-2,532.5
156502,1-4-5,175.4
156502,2-4-5,2646
156502,3-4-5,891.4
156502,4-3-5,1134
156502,5-3-4,2825
156502,6-3-4,261.2
156502,1-4-6,10.3
156502,2-4-6,1400
156502,3-4-6,103
156502,4-3-6,189.4
156502,5-3-6,2976
156502,6-3-5,1292
156502,1-5-2,727.9
156502,2-5-1,4386
156502,3-5-1,1253
156502,4-5-1,754.3
156502,5-4-1,3704
156502,6-4-1,139.8
156502,1-5-3,425.2
156502,2-5-3,5377
156502,3-5-2,2646
156502,4-5-2,1602
156502,5-4-2,4630
156502,6-4-2,451.7
156502,1-5-4,563.1
156502,2-5-4,5377
156502,3-5-4,2252
156502,4-5-3,1938
156502,5-4-3,3788
156502,6-4-3,287.4
156502,1-5-6,582.8
156502,2-5-6,4762
156502,3-5-6,2315
156502,4-5-6,825.2
156502,5-4-6,2732
156502,6-4-5,992.2
156502,1-6-2,42.6
156502,2-6-1,1035
156502,3-6-1,88.9
156502,4-6-1,85.2
156502,5-6-1,3145
156502,6-5-1,1754
156502,1-6-3,11.8
156502,2-6-3,2008
156502,3-6-2,367.1
156502,4-6-2,334
156502,5-6-2,5209
156502,6-5-2,4167
156502,1-6-4,16.8
156502,2-6-4,1984
156502,3-6-4,149.1
156502,4-6-3,180.2
156502,5-6-3,3030
156502,6-5-3,3087
156502,1-6-5,319.9
156502,2-6-5,4505
156502,3-6-5,1157
156502,4-6-5,439.8
156502,5-6-4,3030
156502,6-5-4,2032
156503,1-2-3,47.4
156503,2-1-3,52.9
156503,3-1-2,109.3
156503,4-1-2,13.5
156503,5-1-2,634.9
156503,6-1-2,894.6
156503,1-2-4,20.5
156503,2-1-4,32.6
156503,3-1-4,41.5
156503,4-1-3,22.4
156503,5-1-3,739.1
156503,6-1-3,884.2
156503,1-2-5,130.5
156503,2-1-5,254.1
156503,3-1-5,262.8
156503,4-1-5,21.5
156503,5-1-4,285.8
156503,6-1-4,394.2
156503,1-2-6,125.8
156503,2-1-6,269.1
156503,3-1-6,314.8
156503,4-1-6,18.5
156503,5-1-6,617.3
156503,6-1-5,1314
156503,1-3-2,54.3
156503,2-3-1,99
156503,3-2-1,168.2
156503,4-2-1,31.9
156503,5-2-1,990.7
156503,6-2-1,1712
156503,1-3-4,23.3
156503,2-3-4,58.8
156503,3-2-4,87.1
156503,4-2-3,43
156503,5-2-3,1406
156503,6-2-3,2023
156503,1-3-5,117.8
156503,2-3-5,458.7
156503,3-2-5,564
156503,4-2-5,68.4
156503,5-2-4,750.9
156503,6-2-4,955.6
156503,1-3-6,130
156503,2-3-6,507.9
156503,3-2-6,608.4
156503,4-2-6,60.5
156503,5-2-6,1287
156503,6-2-5,2911
156503,1-4-2,10.7
156503,2-4-1,35.6
156503,3-4-1,41.9
156503,4-3-1,35.3
156503,5-3-1,1327
156503,6-3-1,1501
156503,1-4-3,13.9
156503,2-4-3,43.4
156503,3-4-2,59.6
156503,4-3-2,47.8
156503,5-3-2,2307
156503,6-3-2,2457
156503,1-4-5,26.5
156503,2-4-5,104.2
156503,3-4-5,100.3
156503,4-3-5,61.1
156503,5-3-4,1057
156503,6-3-4,1060
156503,1-4-6,25.5
156503,2-4-6,117
156503,3-4-6,129.3
156503,4-3-6,75.4
156503,5-3-6,2350
156503,6-3-5,3472
156503,1-5-2,254.6
156503,2-5-1,588.5
156503,3-5-1,556.5
156503,4-5-1,27.6
156503,5-4-1,263.7
156503,6-4-1,373.2
156503,1-5-3,266.3
156503,2-5-3,909.7
156503,3-5-2,1036
156503,4-5-2,48.6
156503,5-4-2,509.3
156503,6-4-2,620.4
156503,1-5-4,144.6
156503,2-5-4,464.3
156503,3-5-4,446.8
156503,4-5-3,80.3
156503,5-4-3,653.6
156503,6-4-3,678.2
156503,1-5-6,292.9
156503,2-5-6,1519
156503,3-5-6,1093
156503,4-5-6,32.7
156503,5-4-6,371.7
156503,6-4-5,820.9
156503,1-6-2,355.3
156503,2-6-1,820.9
156503,3-6-1,882.1
156503,4-6-1,38
156503,5-6-1,1205
156503,6-5-1,2002
156503,1-6-3,301.5
156503,2-6-3,1253
156503,3-6-2,1300
156503,4-6-2,61.6
156503,5-6-2,1736
156503,6-5-2,2911
156503,1-6-4,129
156503,2-6-4,467.8
156503,3-6-4,527
156503,4-6-3,105.9
156503,5-6-3,2068
156503,6-5-3,3349
156503,1-6-5,445.7
156503,2-6-5,1776
156503,3-6-5,1472
156503,4-6-5,59.8
156503,5-6-4,831.7
156503,6-5-4,1526
156504,1-2-3,9.7
156504,2-1-3,104.5
156504,3-1-2,412.5
156504,4-1-2,27.1
156504,5-1-2,589.8
156504,6-1-2,1711
156504,1-2-4,4.6
156504,2-1-4,37.8
156504,3-1-4,240.8
156504,4-1-3,55.2
156504,5-1-3,1024
156504,6-1-3,2024
156504,1-2-5,32.3
156504,2-1-5,202.2
156504,3-1-5,557.1
156504,4-1-5,33.2
156504,5-1-4,287.5
156504,6-1-4,1443
156504,1-2-6,62.6
156504,2-1-6,295.1
156504,3-1-6,1141
156504,4-1-6,70.2
156504,5-1-6,744.5
156504,6-1-5,2338
156504,1-3-2,17.8
156504,2-3-1,394.3
156504,3-2-1,620.6
156504,4-2-1,67.7
156504,5-2-1,1220
156504,6-2-1,2635
156504,1-3-4,11.6
156504,2-3-4,380.3
156504,3-2-4,596.1
156504,4-2-3,274.6
156504,5-2-3,2000
156504,6-2-3,5443
156504,1-3-5,64.4
156504,2-3-5,1804
156504,3-2-5,1886
156504,4-2-5,190.7
156504,5-2-4,1360
156504,6-2-4,3223
156504,1-3-6,147.5
156504,2-3-6,1976
156504,3-2-6,2258
156504,4-2-6,283.8
156504,5-2-6,1897
156504,6-2-5,5534
156504,1-4-2,4.5
156504,2-4-1,88.8
156504,3-4-1,360.9
156504,4-3-1,168.3
156504,5-3-1,1756
156504,6-3-1,3132
156504,1-4-3,8.2
156504,2-4-3,317.4
156504,3-4-2,726.6
156504,4-3-2,395.3
156504,5-3-2,3423
156504,6-3-2,2814
156504,1-4-5,14.3
156504,2-4-5,392
156504,3-4-5,1095
156504,4-3-5,456.7
156504,5-3-4,2371
156504,6-3-4,4369
156504,1-4-6,27.2
156504,2-4-6,486.1
156504,3-4-6,1450
156504,4-3-6,686
156504,5-3-6,3320
156504,6-3-5,5270
156504,1-5-2,80
156504,2-5-1,828
156504,3-5-1,1161
156504,4-5-1,70.2
156504,5-4-1,334.4
156504,6-4-1,1635
156504,1-5-3,132.6
156504,2-5-3,2156
156504,3-5-2,2887
156504,4-5-2,162.7
156504,5-4-2,1003
156504,6-4-2,2991
156504,1-5-4,61.6
156504,2-5-4,895
156504,3-5-4,2049
156504,4-5-3,337.1
156504,5-4-3,1482
156504,6-4-3,3906
156504,1-5-6,217.1
156504,2-5-6,2142
156504,3-5-6,3953
156504,4-5-6,155.3
156504,5-4-6,726.6
156504,6-4-5,2156
156504,1-6-2,301.3
156504,2-6-1,1431
156504,3-6-1,2912
156504,4-6-1,220.3
156504,5-6-1,1456
156504,6-5-1,2594
156504,1-6-3,510.8
156504,2-6-3,3953
156504,3-6-2,4956
156504,4-6-2,485.4
156504,5-6-2,2887
156504,6-5-2,6511
156504,1-6-4,223.1
156504,2-6-4,1530
156504,3-6-4,3320
156504,4-6-3,790.6
156504,5-6-3,2912
156504,6-5-3,6149
156504,1-6-5,460.5
156504,2-6-5,3570
156504,3-6-5,5355
156504,4-6-5,360.5
156504,5-6-4,1312
156504,6-5-4,2199
156505,1-2-3,3.7
156505,2-1-3,14.5
156505,3-1-2,180.6
156505,4-1-2,100.4
156505,5-1-2,804.5
156505,6-1-2,47.6
156505,1-2-4,5.3
156505,2-1-4,15.1
156505,3-1-4,336.4
156505,4-1-3,261.5
156505,5-1-3,1680
156505,6-1-3,100.6
156505,1-2-5,11.8
156505,2-1-5,47.7
156505,3-1-5,601.3
156505,4-1-5,200.9
156505,5-1-4,934
156505,6-1-4,119.7
156505,1-2-6,28.4
156505,2-1-6,56.8
156505,3-1-6,773.3
156505,4-1-6,371.5
156505,5-1-6,1427
156505,6-1-5,222.1
156505,1-3-2,13.6
156505,2-3-1,55.8
156505,3-2-1,220
156505,4-2-1,139.1
156505,5-2-1,958.9
156505,6-2-1,54.7
156505,1-3-4,36.3
156505,2-3-4,86.4
156505,3-2-4,333.5
156505,4-2-3,307.8
156505,5-2-3,1745
156505,6-2-3,116.7
156505,1-3-5,58.1
156505,2-3-5,188.1
156505,3-2-5,786.9
156505,4-2-5,340.5
156505,5-2-4,1902
156505,6-2-4,128.5
156505,1-3-6,124.8
156505,2-3-6,267.7
156505,3-2-6,738.4
156505,4-2-6,396
156505,5-2-6,1954
156505,6-2-5,233.5
156505,1-4-2,18.6
156505,2-4-1,57.8
156505,3-4-1,664.7
156505,4-3-1,621.1
156505,5-3-1,2413
156505,6-3-1,242.6
156505,1-4-3,49
156505,2-4-3,102.8
156505,3-4-2,553.2
156505,4-3-2,554.1
156505,5-3-2,2787
156505,6-3-2,252.3
156505,1-4-5,75.5
156505,2-4-5,187.3
156505,3-4-5,1530
156505,4-3-5,1223
156505,5-3-4,3269
156505,6-3-4,478.2
156505,1-4-6,132.5
156505,2-4-6,263.8
156505,3-4-6,1657
156505,4-3-6,1577
156505,5-3-6,3632
156505,6-3-5,707.9
156505,1-5-2,82.3
156505,2-5-1,250.7
156505,3-5-1,1027
156505,4-5-1,361
156505,5-4-1,1033
156505,6-4-1,269.1
156505,1-5-3,188
156505,2-5-3,380.9
156505,3-5-2,1450
156505,4-5-2,456.3
156505,5-4-2,1634
156505,6-4-2,288.3
156505,1-5-4,194.3
156505,2-5-4,425.5
156505,3-5-4,2381
156505,4-5-3,971.9
156505,5-4-3,3269
156505,6-4-3,548.2
156505,1-5-6,438
156505,2-5-6,766.7
156505,3-5-6,3596
156505,4-5-6,792.1
156505,5-4-6,2078
156505,6-4-5,664.7
156505,1-6-2,72.3
156505,2-6-1,127.2
156505,3-6-1,982.5
156505,4-6-1,554.9
156505,5-6-1,2335
156505,6-5-1,630.9
156505,1-6-3,174.4
156505,2-6-3,264.2
156505,3-6-2,931.6
156505,4-6-2,528
156505,5-6-2,2876
156505,6-5-2,703.7
156505,1-6-4,187.2
156505,2-6-4,282.9
156505,3-6-4,1780
156505,4-6-3,1223
156505,5-6-3,4230
156505,6-5-3,1021
156505,1-6-5,375.3
156505,2-6-5,539.1
156505,3-6-5,2683
156505,4-6-5,903.5
156505,5-6-4,2900
156505,6-5-4,919.7
156506,1-2-3,5.1
156506,2-1-3,20.3
156506,3-1-2,12.3
156506,4-1-2,133.7
156506,5-1-2,527.4
156506,6-1-2,1349
156506,1-2-4,10.7
156506,2-1-4,36.3
156506,3-1-4,17
156506,4-1-3,142.4
156506,5-1-3,402.2
156506,6-1-3,1905
156506,1-2-5,49.5
156506,2-1-5,142.3
156506,3-1-5,52.6
156506,4-1-5,314
156506,5-1-4,649.6
156506,6-1-4,3620
156506,1-2-6,186.7
156506,2-1-6,513.2
156506,3-1-6,293.9
156506,4-1-6,1094
156506,5-1-6,1064
156506,6-1-5,2672
156506,1-3-2,5
156506,2-3-1,35.6
156506,3-2-1,26.5
156506,4-2-1,167.2
156506,5-2-1,755.6
156506,6-2-1,2107
156506,1-3-4,9.5
156506,2-3-4,58
156506,3-2-4,34.5
156506,4-2-3,193.6
156506,5-2-3,709.8
156506,6-2-3,2994
156506,1-3-5,32.8
156506,2-3-5,151.7
156506,3-2-5,97
156506,4-2-5,636.1
156506,5-2-4,1240
156506,6-2-4,3463
156506,1-3-6,175.1
156506,2-3-6,628.1
156506,3-2-6,491.6
156506,4-2-6,1612
156506,5-2-6,1754
156506,6-2-5,3524
156506,1-4-2,26.3
156506,2-4-1,96.6
156506,3-4-1,42.4
156506,4-3-1,165.3
156506,5-3-1,442.9
156506,6-3-1,2746
156506,1-4-3,25.8
156506,2-4-3,109.5
156506,3-4-2,48.9
156506,4-3-2,182.9
156506,5-3-2,667
156506,6-3-2,2328
156506,1-4-5,120.6
156506,2-4-5,365.6
156506,3-4-5,110.7
156506,4-3-5,434.7
156506,5-3-4,892.9
156506,6-3-4,3493
156506,1-4-6,332.4
156506,2-4-6,1037
156506,3-4-6,444.4
156506,4-3-6,1217
156506,5-3-6,1240
156506,6-3-5,2994
156506,1-5-2,164.7
156506,2-5-1,473.5
156506,3-5-1,130.9
156506,4-5-1,552.3
156506,5-4-1,852.7
156506,6-4-1,3653
156506,1-5-3,136.7
156506,2-5-3,495.9
156506,3-5-2,174.5
156506,4-5-2,770.3
156506,5-4-2,1240
156506,6-4-2,3721
156506,1-5-4,283.4
156506,2-5-4,871.4
156506,3-5-4,214.5
156506,4-5-3,708.6
156506,5-4-3,995.6
156506,6-4-3,3291
156506,1-5-6,507.9
156506,2-5-6,1605
156506,3-5-6,477.5
156506,4-5-6,1417
156506,5-4-6,2275
156506,6-4-5,3620
156506,1-6-2,702.3
156506,2-6-1,1746
156506,3-6-1,966.6
156506,4-6-1,2413
156506,5-6-1,1694
156506,6-5-1,2784
156506,1-6-3,831.4
156506,2-6-3,2356
156506,3-6-2,1206
156506,4-6-2,2844
156506,5-6-2,2021
156506,6-5-2,3403
156506,1-6-4,1236
156506,2-6-4,2602
156506,3-6-4,1363
156506,4-6-3,3111
156506,5-6-3,1264
156506,6-5-3,2458
156506,1-6-5,765.8
156506,2-6-5,2096
156506,3-6-5,883
156506,4-6-5,2224
156506,5-6-4,2328
156506,6-5-4,3555
156507,1-2-3,13.1
156507,2-1-3,180.1
156507,3-1-2,148.5
156507,4-1-2,44.4
156507,5-1-2,323.1
156507,6-1-2,1282
156507,1-2-4,7
156507,2-1-4,100.3
156507,3-1-4,82.8
156507,4-1-3,65.5
156507,5-1-3,316.8
156507,6-1-3,1227
156507,1-2-5,23.6
156507,2-1-5,238.2
156507,3-1-5,182.1
156507,4-1-5,34.7
156507,5-1-4,166.8
156507,6-1-4,731.1
156507,1-2-6,38.4
156507,2-1-6,296.7
156507,3-1-6,198.6
156507,4-1-6,44
156507,5-1-6,252.8
156507,6-1-5,1243
156507,1-3-2,15.7
156507,2-3-1,543.5
156507,3-2-1,537.2
156507,4-2-1,129.2
156507,5-2-1,814.6
156507,6-2-1,2556
156507,1-3-4,9.8
156507,2-3-4,639.1
156507,3-2-4,581
156507,4-2-3,410.4
156507,5-2-3,1708
156507,6-2-3,4310
156507,1-3-5,23.8
156507,2-3-5,1891
156507,3-2-5,1632
156507,4-2-5,281.2
156507,5-2-4,1199
156507,6-2-4,3195
156507,1-3-6,28.9
156507,2-3-6,2391
156507,3-2-6,1853
156507,4-2-6,304
156507,5-2-6,1314
156507,6-2-5,4118
156507,1-4-2,7.4
156507,2-4-1,226.1
156507,3-4-1,189.6
156507,4-3-1,158.2
156507,5-3-1,782
156507,6-3-1,2316
156507,1-4-3,10.6
156507,2-4-3,604.6
156507,3-4-2,568.5
156507,4-3-2,516.2
156507,5-3-2,2521
156507,6-3-2,2787
156507,1-4-5,12.5
156507,2-4-5,775.4
156507,3-4-5,577.3
156507,4-3-5,436
156507,5-3-4,1425
156507,6-3-4,3114
156507,1-4-6,16.8
156507,2-4-6,672.7
156507,3-4-6,481.4
156507,4-3-6,336.6
156507,5-3-6,1853
156507,6-3-5,3861
156507,1-5-2,47.6
156507,2-5-1,924.3
156507,3-5-1,690.2
156507,4-5-1,59.2
156507,5-4-1,209.8
156507,6-4-1,878.3
156507,1-5-3,45.9
156507,2-5-3,2274
156507,3-5-2,1971
156507,4-5-2,174.3
156507,5-4-2,583.7
156507,6-4-2,2592
156507,1-5-4,32.7
156507,2-5-4,1790
156507,3-5-4,1180
156507,4-5-3,310.4
156507,5-4-3,792
156507,6-4-3,2829
156507,1-5-6,64.6
156507,2-5-6,2346
156507,3-5-6,1677
156507,4-5-6,92.3
156507,5-4-6,325.4
156507,6-4-5,1677
156507,1-6-2,117.7
156507,2-6-1,1404
156507,3-6-1,1113
156507,4-6-1,124.3
156507,5-6-1,627.2
156507,6-5-1,1577
156507,1-6-3,137.6
156507,2-6-3,3400
156507,3-6-2,2766
156507,4-6-2,334.2
156507,5-6-2,1442
156507,6-5-2,3464
156507,1-6-4,77.3
156507,2-6-4,2014
156507,3-6-4,1525
156507,4-6-3,492.9
156507,5-6-3,1590
156507,6-5-3,3339
156507,1-6-5,131.8
156507,2-6-5,2705
156507,3-6-5,2556
156507,4-6-5,172.4
156507,5-6-4,792
156507,6-5-4,1740
156508,1-2-3,47.8
156508,2-1-3,465.7
156508,3-1-2,597
156508,4-1-2,94.6
156508,5-1-2,288.7
156508,6-1-2,159.4
156508,1-2-4,16.5
156508,2-1-4,303.1
156508,3-1-4,283.8
156508,4-1-3,140.4
156508,5-1-3,393.2
156508,6-1-3,258.3
156508,1-2-5,31.1
156508,2-1-5,548.7
156508,3-1-5,465.3
156508,4-1-5,30.8
156508,5-1-4,100.4
156508,6-1-4,73.5
156508,1-2-6,29.6
156508,2-1-6,410.1
156508,3-1-6,420.2
156508,4-1-6,30.1
156508,5-1-6,101.2
156508,6-1-5,105.4
156508,1-3-2,60.1
156508,2-3-1,1289
156508,3-2-1,1302
156508,4-2-1,322.6
156508,5-2-1,768.7
156508,6-2-1,424.1
156508,1-3-4,25.2
156508,2-3-4,1764
156508,3-2-4,1490
156508,4-2-3,1192
156508,5-2-3,1932
156508,6-2-3,1333
156508,1-3-5,41.5
156508,2-3-5,2746
156508,3-2-5,2702
156508,4-2-5,552.3
156508,5-2-4,1067
156508,6-2-4,687.5
156508,1-3-6,37.8
156508,2-3-6,2761
156508,3-2-6,2566
156508,4-2-6,435.4
156508,5-2-6,955.1
156508,6-2-5,1039
156508,1-4-2,15.7
156508,2-4-1,589.4
156508,3-4-1,507.6
156508,4-3-1,459.4
156508,5-3-1,1316
156508,6-3-1,757.2
156508,1-4-3,26
156508,2-4-3,2117
156508,3-4-2,1671
156508,4-3-2,1568
156508,5-3-2,2937
156508,6-3-2,1431
156508,1-4-5,8.5
156508,2-4-5,1573
156508,3-4-5,1026
156508,4-3-5,917.1
156508,5-3-4,1549
156508,6-3-4,1032
156508,1-4-6,8
156508,2-4-6,1095
156508,3-4-6,835.7
156508,4-3-6,709.6
156508,5-3-6,1917
156508,6-3-5,1472
156508,1-5-2,44.5
156508,2-5-1,1178
156508,3-5-1,1157
156508,4-5-1,44.8
156508,5-4-1,113.4
156508,6-4-1,120.8
156508,1-5-3,59.9
156508,2-5-3,3024
156508,3-5-2,2761
156508,4-5-2,215.5
156508,5-4-2,479.8
156508,6-4-2,439.5
156508,1-5-4,17.1
156508,2-5-4,2082
156508,3-5-4,1946
156508,4-5-3,355.3
156508,5-4-3,747.2
156508,6-4-3,631.2
156508,1-5-6,16.7
156508,2-5-6,1688
156508,3-5-6,1954
156508,4-5-6,44.9
156508,5-4-6,114.9
156508,6-4-5,169.6
156508,1-6-2,33.7
156508,2-6-1,923.8
156508,3-6-1,1141
156508,4-6-1,48.9
156508,5-6-1,181
156508,6-5-1,221.7
156508,1-6-3,43.7
156508,2-6-3,2954
156508,3-6-2,2822
156508,4-6-2,225.1
156508,5-6-2,695.1
156508,6-5-2,889.8
156508,1-6-4,11.3
156508,2-6-4,1373
156508,3-6-4,1868
156508,4-6-3,339.2
156508,5-6-3,873
156508,6-5-3,1173
156508,1-6-5,14.9
156508,2-6-5,1895
156508,3-6-5,1977
156508,4-6-5,61.1
156508,5-6-4,184.8
156508,6-5-4,225.4
156509,1-2-3,5.7
156509,2-1-3,31.4
156509,3-1-2,22.2
156509,4-1-2,189.9
156509,5-1-2,353.3
156509,6-1-2,965.4
156509,1-2-4,14.6
156509,2-1-4,95.6
156509,3-1-4,32.6
156509,4-1-3,191.6
156509,5-1-3,309.8
156509,6-1-3,729.8
156509,1-2-5,17.6
156509,2-1-5,101.1
156509,3-1-5,31.9
156509,4-1-5,158.1
156509,5-1-4,442.1
156509,6-1-4,1955
156509,1-2-6,35.7
156509,2-1-6,146.2
156509,3-1-6,49.4
156509,4-1-6,224.4
156509,5-1-6,457.6
156509,6-1-5,1617
156509,1-3-2,5.8
156509,2-3-1,81.5
156509,3-2-1,61.6
156509,4-2-1,385.8
156509,5-2-1,626.8
156509,6-2-1,1930
156509,1-3-4,8.7
156509,2-3-4,275.5
156509,3-2-4,169.6
156509,4-2-3,747.7
156509,5-2-3,1007
156509,6-2-3,2322
156509,1-3-5,11.4
156509,2-3-5,232.6
156509,3-2-5,167.8
156509,4-2-5,555.3
156509,5-2-4,1766
156509,6-2-4,2990
156509,1-3-6,19.2
156509,2-3-6,292.7
156509,3-2-6,197.4
156509,4-2-6,646.3
156509,5-2-6,1338
156509,6-2-5,4442
156509,1-4-2,32.3
156509,2-4-1,407.4
156509,3-4-1,104.9
156509,4-3-1,282.4
156509,5-3-1,539.6
156509,6-3-1,1141
156509,1-4-3,28.7
156509,2-4-3,654.6
156509,3-4-2,214.6
156509,4-3-2,647.2
156509,5-3-2,1028
156509,6-3-2,1930
156509,1-4-5,51.6
156509,2-4-5,961.3
156509,3-4-5,238.2
156509,4-3-5,509.5
156509,5-3-4,1253
156509,6-3-4,3134
156509,1-4-6,77.7
156509,2-4-6,1086
156509,3-4-6,282.1
156509,4-3-6,631.2
156509,5-3-6,1194
156509,6-3-5,2933
156509,1-5-2,48.4
156509,2-5-1,439.5
156509,3-5-1,163.2
156509,4-5-1,217.6
156509,5-4-1,598.1
156509,6-4-1,2676
156509,1-5-3,44.8
156509,2-5-3,696.5
156509,3-5-2,343.5
156509,4-5-2,391.4
156509,5-4-2,955.3
156509,6-4-2,3520
156509,1-5-4,83.5
156509,2-5-4,1374
156509,3-5-4,380.3
156509,4-5-3,544.7
156509,5-4-3,1161
156509,6-4-3,2933
156509,1-5-6,101.7
156509,2-5-6,1230
156509,3-5-6,349.3
156509,4-5-6,274
156509,5-4-6,662.2
156509,6-4-5,2860
156509,1-6-2,152.7
156509,2-6-1,876.6
156509,3-6-1,250.7
156509,4-6-1,422.1
156509,5-6-1,1079
156509,6-5-1,2334
156509,1-6-3,112.2
156509,2-6-3,1315
156509,3-6-2,554
156509,4-6-2,700.7
156509,5-6-2,1998
156509,6-5-2,3878
156509,1-6-4,228.3
156509,2-6-4,1883
156509,3-6-4,659.3
156509,4-6-3,1033
156509,5-6-3,1773
156509,6-5-3,3010
156509,1-6-5,232.6
156509,2-6-5,1652
156509,3-6-5,527.8
156509,4-6-5,517.6
156509,5-6-4,1457
156509,6-5-4,3156
156510,1-2-3,5.6
156510,2-1-3,65.1
156510,3-1-2,45.9
156510,4-1-2,425
156510,5-1-2,114
156510,6-1-2,861.6
156510,1-2-4,16.9
156510,2-1-4,127.3
156510,3-1-4,56
156510,4-1-3,416.5
156510,5-1-3,104.9
156510,6-1-3,810.4
156510,1-2-5,10.9
156510,2-1-5,87
156510,3-1-5,33.8
156510,4-1-5,456.7
156510,5-1-4,280.2
156510,6-1-4,1804
156510,1-2-6,40.8
156510,2-1-6,220.3
156510,3-1-6,84.7
156510,4-1-6,733
156510,5-1-6,207.5
156510,6-1-5,1068
156510,1-3-2,6.4
156510,2-3-1,162
156510,3-2-1,143.7
156510,4-2-1,832.6
156510,5-2-1,262
156510,6-2-1,1470
156510,1-3-4,11.9
156510,2-3-4,468.2
156510,3-2-4,354.2
156510,4-2-3,1330
156510,5-2-3,421
156510,6-2-3,2196
156510,1-3-5,7
156510,2-3-5,293
156510,3-2-5,244.6
156510,4-2-5,1411
156510,5-2-4,839.9
156510,6-2-4,3077
156510,1-3-6,25.7
156510,2-3-6,632.3
156510,3-2-6,484.6
156510,4-2-6,1829
156510,5-2-6,616
156510,6-2-5,2061
156510,1-4-2,34.3
156510,2-4-1,486.3
156510,3-4-1,230.6
156510,4-3-1,628.2
156510,5-3-1,219.6
156510,6-3-1,1225
156510,1-4-3,35
156510,2-4-3,771.1
156510,3-4-2,467.6
156510,4-3-2,1420
156510,5-3-2,439.9
156510,6-3-2,1886
156510,1-4-5,48.6
156510,2-4-5,858.3
156510,3-4-5,305.2
156510,4-3-5,1084
156510,5-3-4,750.3
156510,6-3-4,2782
156510,1-4-6,83.9
156510,2-4-6,1311
156510,3-4-6,509.7
156510,4-3-6,1477
156510,5-3-6,580.1
156510,6-3-5,2154
156510,1-5-2,17.7
156510,2-5-1,292.3
156510,3-5-1,116.9
156510,4-5-1,799.7
156510,5-4-1,786.5
156510,6-4-1,2928
156510,1-5-3,16.3
156510,2-5-3,474.9
156510,3-5-2,260.5
156510,4-5-2,1220
156510,5-4-2,1365
156510,6-4-2,3372
156510,1-5-4,46.2
156510,2-5-4,930
156510,3-5-4,312.7
156510,4-5-3,1294
156510,5-4-3,1284
156510,6-4-3,3442
156510,1-5-6,49.9
156510,2-5-6,871.7
156510,3-5-6,312.7
156510,4-5-6,1128
156510,5-4-6,1271
156510,6-4-5,3210
156510,1-6-2,143.2
156510,2-6-1,1147
156510,3-6-1,470.5
156510,4-6-1,1644
156510,5-6-1,573.6
156510,6-5-1,1354
156510,1-6-3,123.1
156510,2-6-3,1601
156510,3-6-2,886.8
156510,4-6-2,2271
156510,5-6-2,868.3
156510,6-5-2,1999
156510,1-6-4,235.3
156510,2-6-4,2393
156510,3-6-4,1010
156510,4-6-3,2568
156510,5-6-3,884.4
156510,6-5-3,1964
156510,1-6-5,158.2
156510,2-6-5,1640
156510,3-6-5,652.1
156510,4-6-5,2042
156510,5-6-4,1269
156510,6-5-4,2866
